AH5WAw,,Q2hhbXBpb24gSHVudCBRdWVzdA==,,,,,TWlzc8O1ZXMgRXNwZWNpYWlz,,TWlzaW9uZXMgRXNwZWNpYWxlcw==
AX5WAw,,W0NoYW1waW9uIE1vbnN0ZXIgSHVudCBNaXNzaW9uIEJvYXJkXQpDYW5ub3QgY29udGludWU6IEludmVudG9yeSBpcyBmdWxsLiBQbGVhc2UgY2hlY2sgdGhlIGJvYXJkIGFnYWluIGFmdGVyIHJlb3JnYW5pemluZyB5b3VyIGludmVudG9yeS4=,,,,,W01pc3PDtWVzIEVzcGVjaWFpc10KVm9jw6ogdGVtIGl0ZW5zIGRlbWFpcyBlIG7Do28gcG9kZSBwcm9zc2VndWlyLg==,,W01pc2lvbmVzIEVzcGVjaWFsZXNdClRpZW5lIGRlbWFzaWFkb3Mgb2JqZXRvcyB5IG5vIHB1ZWRlIGNvbnRpbnVhci4=
An5WAw,,W0NoYW1waW9uIE1vbnN0ZXIgSHVudCBNaXNzaW9uIEJvYXJkXQpUaGlzIGlzIGEgYm9hcmQgeW91IGNhbiB1c2UgYWZ0ZXIgam9pbmluZyBFZGVuIEdyb3VwLgpUbyByZWdpc3RlciwgZ28gZmluZCBMaW1lIEV2ZW5vciBhdCB0aGUgZGVzay4=,,,,,W01pc3PDtWVzIEVzcGVjaWFpc10KVm9jw6ogcHJlY2lzYSB0ZXIgbyBFbWJsZW1hIGRvIMOJZGVuCnBhcmEgdXNhciBlc3NlIFF1YWRybyBkZSBTb2xpY2l0YcOnw7Vlcy4=,,W01pc2lvbmVzIEVzcGVjaWFsZXNdCk5lY2VzaXRhcyB0ZW5lciBlbCBFbWJsZW1hIGRlbCBFZMOpbgpwYXJhIHV0aWxpemFyIGVzdGUgdGFibGVybyBkZSBzb2xpY2l0dWRlcy4=
A35WAw,,W0NoYW1waW9uIE1vbnN0ZXIgSHVudCBNaXNzaW9uIEJvYXJkXQpUaGlzIGlzIHRoZSBFZGVuIEdyb3VwIENoYW1waW9uIE1vbnN0ZXIgSHVudCBNaXNzaW9uIEJvYXJkLgpJZiB5b3Ugd2FudCB0byBjbGFpbSBeNEQ0REZGY29tcGxldGVkIENoYW1waW9uIE1vbnN0ZXIgSHVudCBSZXdhcmRzXjAwMDAwMCBeNEQ0REZGYXQgb25jZV4wMDAwMDAsIHBsZWFzZSBhc2sgXjRENERGRkVhcm5lc3QgU29naWxeMDAwMDAwLg==,,,,,W01pc3PDtWVzIEVzcGVjaWFpc10KUXVhZHJvIGNvbSBwZWRpZG9zIGRlIGNhw6dhIGFvcyBNb25zdHJvcyBDYW1wZcO1ZXMuCl40RDRERkZQYXJhIHJlY2ViZXIgYXMgcmVjb21wZW5zYXNeMDAwMDAwLCBeNEQ0REZGZmFsZV4wMDAwMDAgY29tIG8gXjRENERGRk1vbnN0csOzbG9nb14wMDAwMDAu,,W01pc2lvbmVzIEVzcGVjaWFsZXNdClRhYmxlcm8gY29uIHNvbGljaXR1ZGVzIHBhcmEgY2F6YXIgTW9uc3RydW9zIENhbXBlb25lcy4KXjRENERGRlBhcmEgcmVjaWJpciBsYXMgcmVjb21wZW5zYXNeMDAwMDAwLCBeNEQ0REZGaGFibGFeMDAwMDAwIGNvbiBlbCBeNEQ0REZGTW9uc3RydcOzbG9nb14wMDAwMDAu
BH5WAw,,RWFzdGVybiBSdW5lIE1pZGdhcmQ=,,,,,TGVzdGUgZG8gUmVpbm8=,,RXN0ZSBkZWwgUmVpbm8=
BX5WAw,,Q2VudHJhbCBSdW5lIE1pZGdhcmQ=,,,,,Q2VudHJvLU9lc3RlIGRvIFJlaW5v,,Q2VudHJvIGRlbCBSZWlubw==
Bn5WAw,,V2VzdGVybiBSdW5lIE1pZGdhcmQ=,,,,,T2VzdGUgZG8gUmVpbm8=,,T2VzdGUgZGVsIFJlaW5v
B35WAw,,U2Nod2FydHp3YWxkIEZpZWxk,,,,,Q2FtcG9zIGRhIFJlcMO6YmxpY2E=,,Q2FtcG9zIGRlIGxhIFJlcMO6YmxpY2E=
CH5WAw,,U2Nod2FydHp3YWxkIER1bmdlb24=,,,,,Q2F2ZXJuYXMgZGEgUmVww7pibGljYQ==,,Q3VldmFzIGRlIGxhIFJlcMO6YmxpY2E=
CX5WAw,,QXJ1bmFmZWx0eg==,,,,,UmVnacOjbyBkZSBBcnVuYWZlbHR6,,UmVnacOzbiBkZSBBcnVuYWZlbHR6
Cn5WAw,,TG9jYWwtTmV3IFdvcmxk,,,,,T3V0cmFzIFJlZ2nDtWVz,,T3RyYXMgUmVnaW9uZXM=
C35WAw,,U3RvcCByZWFkaW5n,,,,,UGFyYXIgZGUgbGVy,,RGVqYSBkZSBsZWVy
DH5WAw,,W0NoYW1waW9uIE1vbnN0ZXIgSHVudCBNaXNzaW9uIEJvYXJkXQpeNEQ0REZGQ2VudHJhbCBSdW5lIE1pZGdhcmReMDAwMDAwIC0gVGhpcyBpcyB0aGUgQ2hhbXBpb24gTW9uc3RlciBIdW50IE1pc3Npb24gQm9hcmQgZm9yIFByb250ZXJhIGFuZCB0aGUgUGF5b24gcmVnaW9uLg==,,,,,W01pc3PDtWVzIEVzcGVjaWFpc10KXjRENERGRsOBcmVhIExlc3RlIGRlIFJ1bmUtTWlkZ2FyZF4wMDAwMDAgLSBTb2xpY2l0YcOnw7VlcyBkZSBjYcOnYSBuYXMgcHJveGltaWRhZGVzIGRlIFByb250ZXJhLCBQYXlvbiBlIEFsYmVydGEu,,W01pc2lvbmVzIGVzcGVjaWFsZXNdCl40RDRERkZFc3RlIGRlbCBSZWlub14wMDAwMDAgLSBTb2xpY2l0dWRlcyBkZSBjYXphIGNlcmNhIGRlIFByb250ZXJhLCBQYXlvbiB5IEFsYmVydGEu
DX5WAw,,RWx1c2l2ZSBIb3JuZXQ=,,,,,WmFuZ8OjbyBGdWdheg==,,QXZpc3DDs24gZWx1c2l2bw==
Dn5WAw,,XjhDOEM4Q1t7MH1dIHsxfV4wMDAwMDA=,,,,,XjhDOEM4Q1t7MH1dIHsxfV4wMDAwMDA=,,XjhDOEM4Q1t7MH1dIHsxfV4wMDAwMDA=
D35WAw,,XjhDOEM4Q3swfSAtIEluIHByb2dyZXNzXjAwMDAwMA==,,,,,XjhDOEM4QyhFbSBDdXJzbykgezB9XjAwMDAwMA==,,XjhDOEM4QyhFbiBjdXJzbykgezB9XjAwMDAwMA==
EH5WAw,,ezB9IC0gVHVybmluZyBpbg==,,,,,KEZlaXRvKSB7MH0=,,KEhlY2hvKSB7MH0=
EX5WAw,,XjhDOEM4Q3swfSAtIFdhaXRpbmcgdG8gcmVmcmVzaF4wMDAwMDA=,,,,,XjhDOEM4QyhFbSBFc3BlcmEpIHswfV4wMDAwMDA=,,XjhDOEM4QyhFbiBlc3BlcmEpIHswfV4wMDAwMDA=
En5WAw,,W3swfV0gezF9,,,,,W3swfV0gezF9,,W3swfV0gezF9
E35WAw,,RWx1c2l2ZSBSb2NrZXI=,,,,,Um9ja2VyIEZ1Z2F6,,Um9ja2VybyBlbHVzaXZv
FH5WAw,,XjhDOEM4Q1t7MH1dIHsxfV4wMDAwMDA=,,,,,XjhDOEM4Q1t7MH1dIHsxfV4wMDAwMDA=,,XjhDOEM4Q1t7MH1dIHsxfV4wMDAwMDA=
FX5WAw,,XjhDOEM4Q3swfSAtIEluIHByb2dyZXNzXjAwMDAwMA==,,,,,XjhDOEM4QyhFbSBDdXJzbykgezB9XjAwMDAwMA==,,XjhDOEM4QyhFbiBjdXJzbykgezB9XjAwMDAwMA==
Fn5WAw,,ezB9IC0gVHVybmluZyBpbg==,,,,,KEZlaXRvKSB7MH0=,,KEhlY2hvKSB7MH0=
F35WAw,,XjhDOEM4Q3swfSAtIFdhaXRpbmcgdG8gcmVmcmVzaF4wMDAwMDA=,,,,,XjhDOEM4QyhFbSBFc3BlcmEpIHswfV4wMDAwMDA=,,XjhDOEM4QyhFbiBlc3BlcmEpIHswfV4wMDAwMDA=
GH5WAw,,W3swfV0gezF9,,,,,W3swfV0gezF9,,W3swfV0gezF9
GX5WAw,,RWx1c2l2ZSBBbWJlcm5pdGU=,,,,,QW1iZXJuaXRlIEZ1Z2F6,,QW1iYXJuaXRvIGVsdXNpdm8=
Gn5WAw,,XjhDOEM4Q1t7MH1dIHsxfV4wMDAwMDA=,,,,,XjhDOEM4Q1t7MH1dIHsxfV4wMDAwMDA=,,XjhDOEM4Q1t7MH1dIHsxfV4wMDAwMDA=
G35WAw,,XjhDOEM4Q3swfSAtIEluIHByb2dyZXNzXjAwMDAwMA==,,,,,XjhDOEM4QyhFbSBDdXJzbykgezB9XjAwMDAwMA==,,XjhDOEM4QyhFbiBjdXJzbykgezB9XjAwMDAwMA==
HH5WAw,,ezB9IC0gVHVybmluZyBpbg==,,,,,KEZlaXRvKSB7MH0=,,KEhlY2hvKSB7MH0=
HX5WAw,,XjhDOEM4Q3swfSAtIFdhaXRpbmcgdG8gcmVmcmVzaF4wMDAwMDA=,,,,,XjhDOEM4QyhFbSBFc3BlcmEpIHswfV4wMDAwMDA=,,XjhDOEM4QyhFbiBlc3BlcmEpIHswfV4wMDAwMDA=
Hn5WAw,,W3swfV0gezF9,,,,,W3swfV0gezF9,,W3swfV0gezF9
H35WAw,,Q2hpZWYgTXVrYQ==,,,,,TXVrYSBBbGZh,,Q2FiZWNpbGxhIE11a2E=
IH5WAw,,XjhDOEM4Q1t7MH1dIHsxfV4wMDAwMDA=,,,,,XjhDOEM4Q1t7MH1dIHsxfV4wMDAwMDA=,,XjhDOEM4Q1t7MH1dIHsxfV4wMDAwMDA=
IX5WAw,,XjhDOEM4Q3swfSAtIEluIHByb2dyZXNzXjAwMDAwMA==,,,,,XjhDOEM4QyhFbSBDdXJzbykgezB9XjAwMDAwMA==,,XjhDOEM4QyhFbiBjdXJzbykgezB9XjAwMDAwMA==
In5WAw,,ezB9IC0gVHVybmluZyBpbg==,,,,,KEZlaXRvKSB7MH0=,,KEhlY2hvKSB7MH0=
I35WAw,,XjhDOEM4Q3swfSAtIFdhaXRpbmcgdG8gcmVmcmVzaF4wMDAwMDA=,,,,,XjhDOEM4QyhFbSBFc3BlcmEpIHswfV4wMDAwMDA=,,XjhDOEM4QyhFbiBlc3BlcmEpIHswfV4wMDAwMDA=
JH5WAw,,W3swfV0gezF9,,,,,W3swfV0gezF9,,W3swfV0gezF9
JX5WAw,,Q2hpZWYgQmlnZm9vdA==,,,,,UMOpLUdyYW5kZSBBbGZh,,Q2FiZWNpbGxhIFBpZSBHcmFuZGU=
Jn5WAw,,XjhDOEM4Q1t7MH1dIHsxfV4wMDAwMDA=,,,,,XjhDOEM4Q1t7MH1dIHsxfV4wMDAwMDA=,,XjhDOEM4Q1t7MH1dIHsxfV4wMDAwMDA=
J35WAw,,XjhDOEM4Q3swfSAtIEluIHByb2dyZXNzXjAwMDAwMA==,,,,,XjhDOEM4QyhFbSBDdXJzbykgezB9XjAwMDAwMA==,,XjhDOEM4QyhFbiBjdXJzbykgezB9XjAwMDAwMA==
KH5WAw,,ezB9IC0gVHVybmluZyBpbg==,,,,,KEZlaXRvKSB7MH0=,,KEhlY2hvKSB7MH0=
KX5WAw,,XjhDOEM4Q3swfSAtIFdhaXRpbmcgdG8gcmVmcmVzaF4wMDAwMDA=,,,,,XjhDOEM4QyhFbSBFc3BlcmEpIHswfV4wMDAwMDA=,,XjhDOEM4QyhFbiBlc3BlcmEpIHswfV4wMDAwMDA=
Kn5WAw,,W3swfV0gezF9,,,,,W3swfV0gezF9,,W3swfV0gezF9
K35WAw,,U29saWQgSG9ybg==,,,,,QmVzb3Vyby1DaGlmcmUgQnJ1dGFs,,THVjw6FuaWRvIHPDs2xpZG8gY3Vlcm5v
LH5WAw,,XjhDOEM4Q1t7MH1dIHsxfV4wMDAwMDA=,,,,,XjhDOEM4Q1t7MH1dIHsxfV4wMDAwMDA=,,XjhDOEM4Q1t7MH1dIHsxfV4wMDAwMDA=
LX5WAw,,XjhDOEM4Q3swfSAtIEluIHByb2dyZXNzXjAwMDAwMA==,,,,,XjhDOEM4QyhFbSBDdXJzbykgezB9XjAwMDAwMA==,,XjhDOEM4QyhFbiBjdXJzbykgezB9XjAwMDAwMA==
Ln5WAw,,ezB9IC0gVHVybmluZyBpbg==,,,,,KEZlaXRvKSB7MH0=,,KEhlY2hvKSB7MH0=
L35WAw,,XjhDOEM4Q3swfSAtIFdhaXRpbmcgdG8gcmVmcmVzaF4wMDAwMDA=,,,,,XjhDOEM4QyhFbSBFc3BlcmEpIHswfV4wMDAwMDA=,,XjhDOEM4QyhFbiBlc3BlcmEpIHswfV4wMDAwMDA=
MH5WAw,,W3swfV0gezF9,,,,,W3swfV0gezF9,,W3swfV0gezF9
MX5WAw,,U3dpZnQgRWxkZXIgV2lsbG93,,,,,U2FsZ3VlaXJvIEFuY2nDo28gw4FnaWw=,,U2F1Y2UgYW5jaWFubyB2ZWxveg==
Mn5WAw,,XjhDOEM4Q1t7MH1dIHsxfV4wMDAwMDA=,,,,,XjhDOEM4Q1t7MH1dIHsxfV4wMDAwMDA=,,XjhDOEM4Q1t7MH1dIHsxfV4wMDAwMDA=
M35WAw,,XjhDOEM4Q3swfSAtIEluIHByb2dyZXNzXjAwMDAwMA==,,,,,XjhDOEM4QyhFbSBDdXJzbykgezB9XjAwMDAwMA==,,XjhDOEM4QyhFbiBjdXJzbykgezB9XjAwMDAwMA==
NH5WAw,,ezB9IC0gVHVybmluZyBpbg==,,,,,KEZlaXRvKSB7MH0=,,KEhlY2hvKSB7MH0=
NX5WAw,,XjhDOEM4Q3swfSAtIFdhaXRpbmcgdG8gcmVmcmVzaF4wMDAwMDA=,,,,,XjhDOEM4QyhFbSBFc3BlcmEpIHswfV4wMDAwMDA=,,XjhDOEM4QyhFbiBlc3BlcmEpIHswfV4wMDAwMDA=
Nn5WAw,,W3swfV0gezF9,,,,,W3swfV0gezF9,,W3swfV0gezF9
N35WAw,,U29saWQgQ29jbw==,,,,,S29rbyBCcnV0YWw=,,Q29jbyBzw7NsaWRv
OH5WAw,,XjhDOEM4Q1t7MH1dIHsxfV4wMDAwMDA=,,,,,XjhDOEM4Q1t7MH1dIHsxfV4wMDAwMDA=,,XjhDOEM4Q1t7MH1dIHsxfV4wMDAwMDA=
OX5WAw,,XjhDOEM4Q3swfSAtIEluIHByb2dyZXNzXjAwMDAwMA==,,,,,XjhDOEM4QyhFbSBDdXJzbykgezB9XjAwMDAwMA==,,XjhDOEM4QyhFbiBjdXJzbykgezB9XjAwMDAwMA==
On5WAw,,ezB9IC0gVHVybmluZyBpbg==,,,,,KEZlaXRvKSB7MH0=,,KEhlY2hvKSB7MH0=
O35WAw,,XjhDOEM4Q3swfSAtIFdhaXRpbmcgdG8gcmVmcmVzaF4wMDAwMDA=,,,,,XjhDOEM4QyhFbSBFc3BlcmEpIHswfV4wMDAwMDA=,,XjhDOEM4QyhFbiBlc3BlcmEpIHswfV4wMDAwMDA=
PH5WAw,,W3swfV0gezF9,,,,,W3swfV0gezF9,,W3swfV0gezF9
PX5WAw,,U3dpZnQgWW95bw==,,,,,WW95byDDgWdpbA==,,WW95byB2ZWxveg==
Pn5WAw,,XjhDOEM4Q1t7MH1dIHsxfV4wMDAwMDA=,,,,,XjhDOEM4Q1t7MH1dIHsxfV4wMDAwMDA=,,XjhDOEM4Q1t7MH1dIHsxfV4wMDAwMDA=
P35WAw,,XjhDOEM4Q3swfSAtIEluIHByb2dyZXNzXjAwMDAwMA==,,,,,XjhDOEM4QyhFbSBDdXJzbykgezB9XjAwMDAwMA==,,XjhDOEM4QyhFbiBjdXJzbykgezB9XjAwMDAwMA==
QH5WAw,,ezB9IC0gVHVybmluZyBpbg==,,,,,KEZlaXRvKSB7MH0=,,KEhlY2hvKSB7MH0=
QX5WAw,,XjhDOEM4Q3swfSAtIFdhaXRpbmcgdG8gcmVmcmVzaF4wMDAwMDA=,,,,,XjhDOEM4QyhFbSBFc3BlcmEpIHswfV4wMDAwMDA=,,XjhDOEM4QyhFbiBlc3BlcmEpIHswfV4wMDAwMDA=
Qn5WAw,,W3swfV0gezF9,,,,,W3swfV0gezF9,,W3swfV0gezF9
Q35WAw,,RWx1c2l2ZSBNYWdub2xpYQ==,,,,,TWFnbsOzbGlhIEZ1Z2F6,,TWFnbm9saWEgZWx1c2l2YQ==
RH5WAw,,XjhDOEM4Q1t7MH1dIHsxfV4wMDAwMDA=,,,,,XjhDOEM4Q1t7MH1dIHsxfV4wMDAwMDA=,,XjhDOEM4Q1t7MH1dIHsxfV4wMDAwMDA=
RX5WAw,,XjhDOEM4Q3swfSAtIEluIHByb2dyZXNzXjAwMDAwMA==,,,,,XjhDOEM4QyhFbSBDdXJzbykgezB9XjAwMDAwMA==,,XjhDOEM4QyhFbiBjdXJzbykgezB9XjAwMDAwMA==
Rn5WAw,,ezB9IC0gVHVybmluZyBpbg==,,,,,KEZlaXRvKSB7MH0=,,KEhlY2hvKSB7MH0=
R35WAw,,XjhDOEM4Q3swfSAtIFdhaXRpbmcgdG8gcmVmcmVzaF4wMDAwMDA=,,,,,XjhDOEM4QyhFbSBFc3BlcmEpIHswfV4wMDAwMDA=,,XjhDOEM4QyhFbiBlc3BlcmEpIHswfV4wMDAwMDA=
SH5WAw,,W3swfV0gezF9,,,,,W3swfV0gezF9,,W3swfV0gezF9
SX5WAw,,W0NoYW1waW9uIE1vbnN0ZXIgSHVudCBNaXNzaW9uIEJvYXJkXQpTdG9wIHJlYWRpbmcgdGhlIGJvYXJkLg==,,,,,W01pc3PDtWVzIEVzcGVjaWFpc10KVm9jw6ogcGFyb3UgZGUgbGVyIG8gcXVhZHJvLg==,,W01pc2lvbmVzIEVzcGVjaWFsZXNdCkRlamFzdGUgZGUgbGVlciBlbCB0YWJsZXJvLg==
Sn5WAw,,W0NoYW1waW9uIE1vbnN0ZXIgSHVudCBNaXNzaW9uIEJvYXJkXQpZb3VyIGxldmVsIGlzIHRvbyBsb3cgZm9yIHRoaXMgcXVlc3Qu,,,,,W01pc3PDtWVzIEVzcGVjaWFpc10KVm9jw6ogbsOjbyB0ZW0gbsOtdmVsIHN1ZmljaWVudGUgcGFyYSBlc3NhIG1pc3PDo28u,,W01pc2lvbmVzIEVzcGVjaWFsZXNdCk5vIHRpZW5lcyBlbCBuaXZlbCBzdWZpY2llbnRlIHBhcmEgZXN0YSBtaXNpw7NuLicn
S35WAw,,LSBUaGlzIGlzIGEgcXVlc3QgZm9yIExldmVsIHswfSBvciBoaWdoZXIgLQ==,,,,,LSBTZXUgbsOtdmVsIHByZWNpc2Egc2VyIHswfSBvdSBtYWlvci4=,,LSBUdSBuaXZlbCBkZWJlIHNlciB7MH0gbyBzdXBlcmlvci4=
TH5WAw,,W0NoYW1waW9uIE1vbnN0ZXIgSHVudCBNaXNzaW9uIEJvYXJkXQpSZWNlaXZlIHF1ZXN0IGZvciBodW50aW5nIENoYW1waW9uIG1vbnN0ZXIgXjRENERGRnswfV4wMDAwMDA/,,,,,W01pc3PDtWVzIEVzcGVjaWFpc10KRGVzZWphIGNhw6dhciBeNEQ0REZGezB9XjAwMDAwMD8=,,W01pc2lvbmVzIEVzcGVjaWFsZXNdCsK/UXVpZXJlcyBjYXphciBeNEQ0REZGezB9XjAwMDAwMD8=
TX5WAw,,VGFyZ2V0OiAxIHswfQpSZXdhcmQ6IEVYUCB7MX0sIEpFWFAgezJ9,,,,,QWx2bzogMSB7MH0KUmVjb21wZW5zYTogezF9IGRlIEVYUCBiYXNlLCB7Mn0gZGUgRVhQIGNsYXNzZQ==,,T2JqZXRpdm86IDEgezB9ClJlY29tcGVuc2E6IHsxfSBFWFAgYmFzZSwgezJ9IEVYUCBkZSBjbGFzc2U=
Tn5WAw,,MSBGcmVlIFRpY2tldCBmb3IgS2FmcmEgVHJhbnNwb3J0YXRpb24=,,,,,MSBWYWxlLVRlbGV0cmFuc3BvcnRl,,MSBWYWxlIGRlIFRlbGV0cmFuc3BvcnRhY2nDs24=
T35WAw,,UmVjZWl2ZSBxdWVzdC4=,,,,,QWNlaXRhciBtaXNzw6NvLg==,,QWNlcHRhciBtaXNpw7NuLg==
UH5WAw,,Tm8gdGhhbmtzLg==,,,,,UmVjdXNhci4=,,UmVjaGF6YXIu
UX5WAw,,W0NoYW1waW9uIE1vbnN0ZXIgSHVudCBNaXNzaW9uIEJvYXJkXQpRdWVzdCByZWNlaXZlZDogSHVudCB7MH0u,,,,,W01pc3PDtWVzIEVzcGVjaWFpc10KVm9jw6ogYWNlaXRvdSBhIG1pc3PDo28gZGUgY2HDp2FyIDEgezB9Lg==,,W01pc2lvbmVzIEVzcGVjaWFsZXNdCkhhcyBhY2VwdGFkbyBsYSBtaXNpw7NuIHBhcmEgY2F6YXIgMSB7MH0u
Un5WAw,,W0NoYW1waW9uIE1vbnN0ZXIgSHVudCBNaXNzaW9uIEJvYXJkXQpRdWVzdCBkZWNsaW5lZDogSHVudCB7MH0u,,,,,W01pc3PDtWVzIEVzcGVjaWFpc10KVm9jw6ogcmVjdXNvdSBhIG1pc3PDo28gZGUgY2HDp2FyIDEgezB9Lg==,,W01pc2lvbmVzIEVzcGVjaWFsZXNdClJlY2hhemFzdGUgbGEgbWlzacOzbiBkZSBjYXphciAxIHswfS4=
U35WAw,,W0NoYW1waW9uIE1vbnN0ZXIgSHVudCBNaXNzaW9uIEJvYXJkXQpZb3UgaGF2ZSBhbHJlYWR5IGNvbXBsZXRlZCB0aGlzIHF1ZXN0IHRvZGF5LgpQbGVhc2UgY29tZSBiYWNrIHRvbW9ycm93Lg==,,,,,W01pc3PDtWVzIEVzcGVjaWFpc10KRXNzYSBzb2xpY2l0YcOnw6NvIGrDoSBmb2kgY29tcGxldGFkYSBob2plLgpQb3IgZmF2b3IsIHZvbHRlIGFtYW5ow6Mu,,W01pc2lvbmVzIEVzcGVjaWFsZXNdCkVzdGEgc29saWNpdHVkIHlhIHNlIGhhIGNvbXBsZXRhZG8gaG95LgpQb3IgZmF2b3IsIHZ1ZWx2ZSBtYcOxYW5hLg==
VH5WAw,,W0NoYW1waW9uIE1vbnN0ZXIgSHVudCBNaXNzaW9uIEJvYXJkXQpBbiBlcnJvciBoYXMgb2NjdXJyZWQuCklmIHRoZSBzYW1lIHByb2JsZW0gb2NjdXJzIGFnYWluLCBwbGVhc2UgdGFrZSBhIHNjcmVlbnNob3QgYW5kIHNlbmQgaXQgdG8gdGhlIHN1cHBvcnQgdGVhbS4=,,,,,W01pc3PDtWVzIEVzcGVjaWFpc10KRVJSTy4KU2UgcGVyc2lzdGlyLCBlbnZpZSB1bSB0aWNrZXQgcGFyYSBhIENlbnRyYWwgZGUgU3Vwb3J0ZS4=,,W01pc2lvbmVzIEVzcGVjaWFsZXNdCkVSUk9SLgpTaSBwZXJzaXN0ZSwgZW52w61lIHVuIHRpY2tldCBhbCBDZW50cm8gZGUgU29wb3J0ZS4=
VX5WAw,,W0NoYW1waW9uIE1vbnN0ZXIgSHVudCBNaXNzaW9uIEJvYXJkXQpQbGVhc2UgZGVmZWF0IDEgezB9LgpPciwgZG8geW91IHdpc2ggdG8gYWJhbmRvbiB0aGlzIHF1ZXN0Pw==,,,,,W01pc3PDtWVzIEVzcGVjaWFpc10KU2Ugdm9jw6ogbsOjbyBxdWVyIG1haXMgY2HDp2FyIDEgezB9ICwgdm9jw6ogcG9kZSBkZXNpc3RpciBkYSBtaXNzw6NvLgpEZXNlamEgZGVzaXN0aXIgZGEgbWlzc8Ojbz8=,,W01pc2lvbmVzIEVzcGVjaWFsZXNdClNpIHlhIG5vIGRlc2VhcyBjYXphciAxIHswfSwgcHVlZGVzIGFiYW5kb25hciBsYSBtaXNpw7NuLgrCv0Rlc2VhcyBhYmFuZG9uYXIgbGEgbWlzacOzbj8=
Vn5WAw,,UHJvY2VlZCB0aGUgcXVlc3Qu,,,,,Q29udGludWFyLg==,,Q29udGludWFyLg==
V35WAw,,Q2FuY2VsLg==,,,,,RGVzaXN0aXIu,,UmVudW5jaWFyLg==
WH5WAw,,W0NoYW1waW9uIE1vbnN0ZXIgSHVudCBNaXNzaW9uIEJvYXJkXQpQcm9jZWVkaW5nIHRvIGh1bnQgezB9Lg==,,,,,W01pc3PDtWVzIEVzcGVjaWFpc10KUG9yIGZhdm9yLCBlbGltaW5lIDEgezB9Lg==,,W01pc2lvbmVzIEVzcGVjaWFsZXNdClBvciBmYXZvciwgZWxpbWluZSAxIHswfS4=
WX5WAw,,W0NoYW1waW9uIE1vbnN0ZXIgSHVudCBNaXNzaW9uIEJvYXJkXQpZb3UgaGF2ZSBodW50ZWQgZG93biB7MH0uCllvdXIgcmV3YXJkIGlzIHdhaXRpbmcgZm9yIHlvdS4=,,,,,W01pc3PDtWVzIEVzcGVjaWFpc10KVm9jw6ogZWxpbWlub3UgMSB7MH0uClZvY8OqIHJlY2ViZXLDoSBzdWEgcmVjb21wZW5zYSBjb20gbyBNb25zdHLDs2xvZ28u,,W01pc2lvbmVzIEVzcGVjaWFsZXNdCkhhcyBlbGltaW5hZG8gMSB7MH0uClJlY2liaXLDoXMgdHUgcmVjb21wZW5zYSBkZWwgTW9uc3RydcOzbG9nby4=
Wn5WAw,,UmV3YXJkOiBFWFAgezB9LCBKRVhQIHsxfQ==,,,,,UmVjb21wZW5zYTogezB9IGRlIEVYUCBiYXNlLCB7MX0gZGUgRVhQIGNsYXNzZQ==,,UmVjb21wZW5zYTogezB9IEVYUCBiYXNlLCB7MX0gRVhQIGRlIGNsYXNlLg==
W35WAw,,W0NoYW1waW9uIE1vbnN0ZXIgSHVudCBNaXNzaW9uIEJvYXJkXQpeNEQ0REZGQ2VudHJhbCBSdW5lIE1pZGdhcmReMDAwMDAwIC0gVGhpcyBpcyB0aGUgQ2hhbXBpb24gTW9uc3RlciBIdW50IE1pc3Npb24gQm9hcmQgZm9yIEdlZmZlbiBhbmQgdGhlIE9yYyBWaWxsYWdlIHJlZ2lvbi4=,,,,,W01pc3PDtWVzIEVzcGVjaWFpc10KXjRENERGRkNlbnRyby1PZXN0ZSBkZSBSdW5lLU1pZGdhcmReMDAwMDAwIC0gU29saWNpdGHDp8O1ZXMgZGUgY2HDp2EgbmFzIHByb3hpbWlkYWRlcyBkZSBHZWZmZW4sIFZpbGEgZG9zIE9yY3MgZSBHbGFzdGhlaW0u,,W01pc2lvbmVzIEVzcGVjaWFsZXNdCl40RDRERkZDZW50cm8gZGVsIFJlaW5vXjAwMDAwMCAtIFNvbGljaXR1ZGVzIGRlIGNhemEgY2VyY2EgZGUgR2VmZmVuLCBsYSBBbGRlYSBkZSBsb3MgT3JjcyB5IEdsYXN0aGVpbS4=
XH5WAw,,RnVyaW91cyBPcmMgV2Fycmlvcg==,,,,,R3VlcnJlaXJvIE9yYyBGZXJveg==,,R3VlcnJlcm8gb3JjbyBmdXJpb3Nv
XX5WAw,,XjhDOEM4Q1t7MH1dIHsxfV4wMDAwMDA=,,,,,XjhDOEM4Q1t7MH1dIHsxfV4wMDAwMDA=,,XjhDOEM4Q1t7MH1dIHsxfV4wMDAwMDA=
Xn5WAw,,XjhDOEM4Q3swfSAtIEluIHByb2dyZXNzXjAwMDAwMA==,,,,,XjhDOEM4QyhFbSBDdXJzbykgezB9XjAwMDAwMA==,,XjhDOEM4QyhFbiBjdXJzbykgezB9XjAwMDAwMA==
X35WAw,,ezB9IC0gVHVybmluZyBpbg==,,,,,KEZlaXRvKSB7MH0=,,KEhlY2hvKSB7MH0=
YH5WAw,,XjhDOEM4Q3swfSAtIFdhaXRpbmcgdG8gcmVmcmVzaF4wMDAwMDA=,,,,,XjhDOEM4QyhFbSBFc3BlcmEpIHswfV4wMDAwMDA=,,XjhDOEM4QyhFbiBlc3BlcmEpIHswfV4wMDAwMDA=
YX5WAw,,W3swfV0gezF9,,,,,W3swfV0gezF9,,W3swfV0gezF9
Yn5WAw,,U3dpZnQgR29ibGlu,,,,,R29ibGluIMOBZ2ls,,RHVlbmRlIHZlbG96
Y35WAw,,XjhDOEM4Q1t7MH1dIHsxfV4wMDAwMDA=,,,,,XjhDOEM4Q1t7MH1dIHsxfV4wMDAwMDA=,,XjhDOEM4Q1t7MH1dIHsxfV4wMDAwMDA=
ZH5WAw,,XjhDOEM4Q3swfSAtIEluIHByb2dyZXNzXjAwMDAwMA==,,,,,XjhDOEM4QyhFbSBDdXJzbykgezB9XjAwMDAwMA==,,XjhDOEM4QyhFbiBjdXJzbykgezB9XjAwMDAwMA==
ZX5WAw,,ezB9IC0gVHVybmluZyBpbg==,,,,,KEZlaXRvKSB7MH0=,,KEhlY2hvKSB7MH0=
Zn5WAw,,XjhDOEM4Q3swfSAtIFdhaXRpbmcgdG8gcmVmcmVzaF4wMDAwMDA=,,,,,XjhDOEM4QyhFbSBFc3BlcmEpIHswfV4wMDAwMDA=,,XjhDOEM4QyhFbiBlc3BlcmEpIHswfV4wMDAwMDA=
Z35WAw,,W3swfV0gezF9,,,,,W3swfV0gezF9,,W3swfV0gezF9
aH5WAw,,RWx1c2l2ZSBHb2JsaW4=,,,,,R29ibGluIEZ1Z2F6,,RHVlbmRlIGVsdXNpdm8=
aX5WAw,,XjhDOEM4Q1t7MH1dIHsxfV4wMDAwMDA=,,,,,XjhDOEM4Q1t7MH1dIHsxfV4wMDAwMDA=,,XjhDOEM4Q1t7MH1dIHsxfV4wMDAwMDA=
an5WAw,,XjhDOEM4Q3swfSAtIEluIHByb2dyZXNzXjAwMDAwMA==,,,,,XjhDOEM4QyhFbSBDdXJzbykgezB9XjAwMDAwMA==,,XjhDOEM4QyhFbiBjdXJzbykgezB9XjAwMDAwMA==
a35WAw,,ezB9IC0gVHVybmluZyBpbg==,,,,,KEZlaXRvKSB7MH0=,,KEhlY2hvKSB7MH0=
bH5WAw,,XjhDOEM4Q3swfSAtIFdhaXRpbmcgdG8gcmVmcmVzaF4wMDAwMDA=,,,,,XjhDOEM4QyhFbSBFc3BlcmEpIHswfV4wMDAwMDA=,,XjhDOEM4QyhFbiBlc3BlcmEpIHswfV4wMDAwMDA=
bX5WAw,,W3swfV0gezF9,,,,,W3swfV0gezF9,,W3swfV0gezF9
bn5WAw,,U3dpZnQgUGV0aXRl,,,,,UGV0aXRlIMOBZ2ls,,UGV0aXQgdmVsb3o=
b35WAw,,XjhDOEM4Q1t7MH1dIHsxfV4wMDAwMDA=,,,,,XjhDOEM4Q1t7MH1dIHsxfV4wMDAwMDA=,,XjhDOEM4Q1t7MH1dIHsxfV4wMDAwMDA=
cH5WAw,,XjhDOEM4Q3swfSAtIEluIHByb2dyZXNzXjAwMDAwMA==,,,,,XjhDOEM4QyhFbSBDdXJzbykgezB9XjAwMDAwMA==,,XjhDOEM4QyhFbiBjdXJzbykgezB9XjAwMDAwMA==
cX5WAw,,ezB9IC0gVHVybmluZyBpbg==,,,,,KEZlaXRvKSB7MH0=,,KEhlY2hvKSB7MH0=
cn5WAw,,XjhDOEM4Q3swfSAtIFdhaXRpbmcgdG8gcmVmcmVzaF4wMDAwMDA=,,,,,XjhDOEM4QyhFbSBFc3BlcmEpIHswfV4wMDAwMDA=,,XjhDOEM4QyhFbiBlc3BlcmEpIHswfV4wMDAwMDA=
c35WAw,,W3swfV0gezF9,,,,,W3swfV0gezF9,,W3swfV0gezF9
dH5WAw,,U29saWQgUGV0aXRl,,,,,UGV0aXRlIEJydXRhbA==,,UGV0aXQgc8OzbGlkbw==
dX5WAw,,XjhDOEM4Q1t7MH1dIHsxfV4wMDAwMDA=,,,,,XjhDOEM4Q1t7MH1dIHsxfV4wMDAwMDA=,,XjhDOEM4Q1t7MH1dIHsxfV4wMDAwMDA=
dn5WAw,,XjhDOEM4Q3swfSAtIEluIHByb2dyZXNzXjAwMDAwMA==,,,,,XjhDOEM4QyhFbSBDdXJzbykgezB9XjAwMDAwMA==,,XjhDOEM4QyhFbiBjdXJzbykgezB9XjAwMDAwMA==
d35WAw,,ezB9IC0gVHVybmluZyBpbg==,,,,,KEZlaXRvKSB7MH0=,,KEhlY2hvKSB7MH0=
eH5WAw,,XjhDOEM4Q3swfSAtIFdhaXRpbmcgdG8gcmVmcmVzaF4wMDAwMDA=,,,,,XjhDOEM4QyhFbSBFc3BlcmEpIHswfV4wMDAwMDA=,,XjhDOEM4QyhFbiBlc3BlcmEpIHswfV4wMDAwMDA=
eX5WAw,,W3swfV0gezF9,,,,,W3swfV0gezF9,,W3swfV0gezF9
en5WAw,,RWx1c2l2ZSBDYXJhdA==,,,,,Q2FyYXQgRnVnYXo=,,Q2FyYXQgZWx1c2l2bw==
e35WAw,,XjhDOEM4Q1t7MH1dIHsxfV4wMDAwMDA=,,,,,XjhDOEM4Q1t7MH1dIHsxfV4wMDAwMDA=,,XjhDOEM4Q1t7MH1dIHsxfV4wMDAwMDA=
fH5WAw,,XjhDOEM4Q3swfSAtIEluIHByb2dyZXNzXjAwMDAwMA==,,,,,XjhDOEM4QyhFbSBDdXJzbykgezB9XjAwMDAwMA==,,XjhDOEM4QyhFbiBjdXJzbykgezB9XjAwMDAwMA==
fX5WAw,,ezB9IC0gVHVybmluZyBpbg==,,,,,KEZlaXRvKSB7MH0=,,KEhlY2hvKSB7MH0=
fn5WAw,,XjhDOEM4Q3swfSAtIFdhaXRpbmcgdG8gcmVmcmVzaF4wMDAwMDA=,,,,,XjhDOEM4QyhFbSBFc3BlcmEpIHswfV4wMDAwMDA=,,XjhDOEM4QyhFbiBlc3BlcmEpIHswfV4wMDAwMDA=
f35WAw,,W3swfV0gezF9,,,,,W3swfV0gezF9,,W3swfV0gezF9
gH5WAw,,RnVyaW91cyBNYWpvcnVyb3M=,,,,,TWFqb3J1cm9zIEZlcm96,,TWF5b3Jvc28gZnVyaW9zbw==
gX5WAw,,XjhDOEM4Q1t7MH1dIHsxfV4wMDAwMDA=,,,,,XjhDOEM4Q1t7MH1dIHsxfV4wMDAwMDA=,,XjhDOEM4Q1t7MH1dIHsxfV4wMDAwMDA=
gn5WAw,,XjhDOEM4Q3swfSAtIEluIHByb2dyZXNzXjAwMDAwMA==,,,,,XjhDOEM4QyhFbSBDdXJzbykgezB9XjAwMDAwMA==,,XjhDOEM4QyhFbiBjdXJzbykgezB9XjAwMDAwMA==
g35WAw,,ezB9IC0gVHVybmluZyBpbg==,,,,,KEZlaXRvKSB7MH0=,,KEhlY2hvKSB7MH0=
hH5WAw,,XjhDOEM4Q3swfSAtIFdhaXRpbmcgdG8gcmVmcmVzaF4wMDAwMDA=,,,,,XjhDOEM4QyhFbSBFc3BlcmEpIHswfV4wMDAwMDA=,,XjhDOEM4QyhFbiBlc3BlcmEpIHswfV4wMDAwMDA=
hX5WAw,,W3swfV0gezF9,,,,,W3swfV0gezF9,,W3swfV0gezF9
hn5WAw,,U29saWQgUmF5ZHJpYw==,,,,,UmF5ZHJpYyBCcnV0YWw=,,UmF5ZHJpYyBzw7NsaWRv
h35WAw,,XjhDOEM4Q1t7MH1dIHsxfV4wMDAwMDA=,,,,,XjhDOEM4Q1t7MH1dIHsxfV4wMDAwMDA=,,XjhDOEM4Q1t7MH1dIHsxfV4wMDAwMDA=
iH5WAw,,XjhDOEM4Q3swfSAtIEluIHByb2dyZXNzXjAwMDAwMA==,,,,,XjhDOEM4QyhFbSBDdXJzbykgezB9XjAwMDAwMA==,,XjhDOEM4QyhFbiBjdXJzbykgezB9XjAwMDAwMA==
iX5WAw,,ezB9IC0gVHVybmluZyBpbg==,,,,,KEZlaXRvKSB7MH0=,,KEhlY2hvKSB7MH0=
in5WAw,,XjhDOEM4Q3swfSAtIFdhaXRpbmcgdG8gcmVmcmVzaF4wMDAwMDA=,,,,,XjhDOEM4QyhFbSBFc3BlcmEpIHswfV4wMDAwMDA=,,XjhDOEM4QyhFbiBlc3BlcmEpIHswfV4wMDAwMDA=
i35WAw,,W3swfV0gezF9,,,,,W3swfV0gezF9,,W3swfV0gezF9
jH5WAw,,U3dpZnQgUmF5ZHJpYw==,,,,,UmF5ZHJpYyDDgWdpbA==,,UmF5ZHJpYyB2ZWxveg==
jX5WAw,,XjhDOEM4Q1t7MH1dIHsxfV4wMDAwMDA=,,,,,XjhDOEM4Q1t7MH1dIHsxfV4wMDAwMDA=,,XjhDOEM4Q1t7MH1dIHsxfV4wMDAwMDA=
jn5WAw,,XjhDOEM4Q3swfSAtIEluIHByb2dyZXNzXjAwMDAwMA==,,,,,XjhDOEM4QyhFbSBDdXJzbykgezB9XjAwMDAwMA==,,XjhDOEM4QyhFbiBjdXJzbykgezB9XjAwMDAwMA==
j35WAw,,ezB9IC0gVHVybmluZyBpbg==,,,,,KEZlaXRvKSB7MH0=,,KEhlY2hvKSB7MH0=
kH5WAw,,XjhDOEM4Q3swfSAtIFdhaXRpbmcgdG8gcmVmcmVzaF4wMDAwMDA=,,,,,XjhDOEM4QyhFbSBFc3BlcmEpIHswfV4wMDAwMDA=,,XjhDOEM4QyhFbiBlc3BlcmEpIHswfV4wMDAwMDA=
kX5WAw,,W3swfV0gezF9,,,,,W3swfV0gezF9,,W3swfV0gezF9
kn5WAw,,RnVyaW91cyBXYW5kZXJlcg==,,,,,QW5kYXJpbGhvIEZlcm96,,VmFnYWJ1bmRvIGZ1cmlvc28=
k35WAw,,XjhDOEM4Q1t7MH1dIHsxfV4wMDAwMDA=,,,,,XjhDOEM4Q1t7MH1dIHsxfV4wMDAwMDA=,,XjhDOEM4Q1t7MH1dIHsxfV4wMDAwMDA=
lH5WAw,,XjhDOEM4Q3swfSAtIEluIHByb2dyZXNzXjAwMDAwMA==,,,,,XjhDOEM4QyhFbSBDdXJzbykgezB9XjAwMDAwMA==,,XjhDOEM4QyhFbiBjdXJzbykgezB9XjAwMDAwMA==
lX5WAw,,ezB9IC0gVHVybmluZyBpbg==,,,,,KEZlaXRvKSB7MH0=,,KEhlY2hvKSB7MH0=
ln5WAw,,XjhDOEM4Q3swfSAtIFdhaXRpbmcgdG8gcmVmcmVzaF4wMDAwMDA=,,,,,XjhDOEM4QyhFbSBFc3BlcmEpIHswfV4wMDAwMDA=,,XjhDOEM4QyhFbiBlc3BlcmEpIHswfV4wMDAwMDA=
l35WAw,,W3swfV0gezF9,,,,,W3swfV0gezF9,,W3swfV0gezF9
mH5WAw,,W0NoYW1waW9uIE1vbnN0ZXIgSHVudCBNaXNzaW9uIEJvYXJkXQpeNEQ0REZGV2VzdGVybiBSdW5lIE1pZGdhcmReMDAwMDAwIC0gVGhpcyBpcyB0aGUgQ2hhbXBpb24gTW9uc3RlciBIdW50IE1pc3Npb24gQm9hcmQgZm9yIHRoZSBDb21vZG8gcmVnaW9uLg==,,,,,W01pc3PDtWVzIEVzcGVjaWFpc10KXjRENERGRsOBcmVhIE9lc3RlIGRlIFJ1bmUtTWlkZ2FyZF4wMDAwMDAgLSBTb2xpY2l0YcOnw7VlcyBkZSBjYcOnYSBuYXMgcHJveGltaWRhZGVzIGRlIENvbW9kbyBlIElsaGEgRXNxdWVjaWRhLg==,,W01pc2lvbmVzIEVzcGVjaWFsZXNdCl40RDRERkZPZXN0ZSBkZWwgUmVpbm9eMDAwMDAwIC0gU29saWNpdHVkZXMgZGUgY2F6YSBlbiBsYXMgY2VyY2Fuw61hcyBkZSBDb21vZG8geSBsYSBJc2xhIFNpbiBOb21icmU=
mX5WAw,,RnVyaW91cyBTYW5kbWFu,,,,,QXJlbm9zbyBGZXJveg==,,SG9tYnJlIGRlIGFyZW5hIGZ1cmlvc28=
mn5WAw,,XjhDOEM4Q1t7MH1dIHsxfV4wMDAwMDA=,,,,,XjhDOEM4Q1t7MH1dIHsxfV4wMDAwMDA=,,XjhDOEM4Q1t7MH1dIHsxfV4wMDAwMDA=
m35WAw,,XjhDOEM4Q3swfSAtIEluIHByb2dyZXNzXjAwMDAwMA==,,,,,XjhDOEM4QyhFbSBDdXJzbykgezB9XjAwMDAwMA==,,XjhDOEM4QyhFbiBjdXJzbykgezB9XjAwMDAwMA==
nH5WAw,,ezB9IC0gVHVybmluZyBpbg==,,,,,KEZlaXRvKSB7MH0=,,KEhlY2hvKSB7MH0=
nX5WAw,,XjhDOEM4Q3swfSAtIFdhaXRpbmcgdG8gcmVmcmVzaF4wMDAwMDA=,,,,,XjhDOEM4QyhFbSBFc3BlcmEpIHswfV4wMDAwMDA=,,XjhDOEM4QyhFbiBlc3BlcmEpIHswfV4wMDAwMDA=
nn5WAw,,W3swfV0gezF9,,,,,W3swfV0gezF9,,W3swfV0gezF9
n35WAw,,U3dpZnQgRnVyIFNlYWw=,,,,,Rm9jYSDDgWdpbA==,,RW5mb3F1ZSDDoWdpbA==
oH5WAw,,XjhDOEM4Q1t7MH1dIHsxfV4wMDAwMDA=,,,,,XjhDOEM4Q1t7MH1dIHsxfV4wMDAwMDA=,,XjhDOEM4Q1t7MH1dIHsxfV4wMDAwMDA=
oX5WAw,,XjhDOEM4Q3swfSAtIEluIHByb2dyZXNzXjAwMDAwMA==,,,,,XjhDOEM4QyhFbSBDdXJzbykgezB9XjAwMDAwMA==,,XjhDOEM4QyhFbiBjdXJzbykgezB9XjAwMDAwMA==
on5WAw,,ezB9IC0gVHVybmluZyBpbg==,,,,,KEZlaXRvKSB7MH0=,,KEhlY2hvKSB7MH0=
o35WAw,,XjhDOEM4Q3swfSAtIFdhaXRpbmcgdG8gcmVmcmVzaF4wMDAwMDA=,,,,,XjhDOEM4QyhFbSBFc3BlcmEpIHswfV4wMDAwMDA=,,XjhDOEM4QyhFbiBlc3BlcmEpIHswfV4wMDAwMDA=
pH5WAw,,W3swfV0gezF9,,,,,W3swfV0gezF9,,W3swfV0gezF9
pX5WAw,,RWx1c2l2ZSBHcmVlbiBJZ3VhbmE=,,,,,R3JvdmUgRnVnYXo=,,QXJib2xlZGEgZWx1c2l2YQ==
pn5WAw,,XjhDOEM4Q1t7MH1dIHsxfV4wMDAwMDA=,,,,,XjhDOEM4Q1t7MH1dIHsxfV4wMDAwMDA=,,XjhDOEM4Q1t7MH1dIHsxfV4wMDAwMDA=
p35WAw,,XjhDOEM4Q3swfSAtIEluIHByb2dyZXNzXjAwMDAwMA==,,,,,XjhDOEM4QyhFbSBDdXJzbykgezB9XjAwMDAwMA==,,XjhDOEM4QyhFbiBjdXJzbykgezB9XjAwMDAwMA==
qH5WAw,,ezB9IC0gVHVybmluZyBpbg==,,,,,KEZlaXRvKSB7MH0=,,KEhlY2hvKSB7MH0=
qX5WAw,,XjhDOEM4Q3swfSAtIFdhaXRpbmcgdG8gcmVmcmVzaF4wMDAwMDA=,,,,,XjhDOEM4QyhFbSBFc3BlcmEpIHswfV4wMDAwMDA=,,XjhDOEM4QyhFbiBlc3BlcmEpIHswfV4wMDAwMDA=
qn5WAw,,W3swfV0gezF9,,,,,W3swfV0gezF9,,W3swfV0gezF9
q35WAw,,U29saWQgQWxsaWdhdG9y,,,,,Q3JvY29kaWxvIEJydXRhbA==,,Q29jb2RyaWxvIHPDs2xpZG8=
rH5WAw,,XjhDOEM4Q1t7MH1dIHsxfV4wMDAwMDA=,,,,,XjhDOEM4Q1t7MH1dIHsxfV4wMDAwMDA=,,XjhDOEM4Q1t7MH1dIHsxfV4wMDAwMDA=
rX5WAw,,XjhDOEM4Q3swfSAtIEluIHByb2dyZXNzXjAwMDAwMA==,,,,,XjhDOEM4QyhFbSBDdXJzbykgezB9XjAwMDAwMA==,,XjhDOEM4QyhFbiBjdXJzbykgezB9XjAwMDAwMA==
rn5WAw,,ezB9IC0gVHVybmluZyBpbg==,,,,,KEZlaXRvKSB7MH0=,,KEhlY2hvKSB7MH0=
r35WAw,,XjhDOEM4Q3swfSAtIFdhaXRpbmcgdG8gcmVmcmVzaF4wMDAwMDA=,,,,,XjhDOEM4QyhFbSBFc3BlcmEpIHswfV4wMDAwMDA=,,XjhDOEM4QyhFbiBlc3BlcmEpIHswfV4wMDAwMDA=
sH5WAw,,W3swfV0gezF9,,,,,W3swfV0gezF9,,W3swfV0gezF9
sX5WAw,,RnVyaW91cyBXb290YW4gRmlnaHRlcg==,,,,,R3VlcnJlaXJvIFdvb3RhbiBGZXJveg==,,THVjaGFkb3IgV29vdGFuIGZ1cmlvc28=
sn5WAw,,XjhDOEM4Q1t7MH1dIHsxfV4wMDAwMDA=,,,,,XjhDOEM4Q1t7MH1dIHsxfV4wMDAwMDA=,,XjhDOEM4Q1t7MH1dIHsxfV4wMDAwMDA=
s35WAw,,XjhDOEM4Q3swfSAtIEluIHByb2dyZXNzXjAwMDAwMA==,,,,,XjhDOEM4QyhFbSBDdXJzbykgezB9XjAwMDAwMA==,,XjhDOEM4QyhFbiBjdXJzbykgezB9XjAwMDAwMA==
tH5WAw,,ezB9IC0gVHVybmluZyBpbg==,,,,,KEZlaXRvKSB7MH0=,,KEhlY2hvKSB7MH0=
tX5WAw,,XjhDOEM4Q3swfSAtIFdhaXRpbmcgdG8gcmVmcmVzaF4wMDAwMDA=,,,,,XjhDOEM4QyhFbSBFc3BlcmEpIHswfV4wMDAwMDA=,,XjhDOEM4QyhFbiBlc3BlcmEpIHswfV4wMDAwMDA=
tn5WAw,,W3swfV0gezF9,,,,,W3swfV0gezF9,,W3swfV0gezF9
t35WAw,,U3dpZnQgRHJ5YWQ=,,,,,RHLDrWFkZSDDgWdpbA==,,RHLDrWFkYSB2ZWxveg==
uH5WAw,,XjhDOEM4Q1t7MH1dIHsxfV4wMDAwMDA=,,,,,XjhDOEM4Q1t7MH1dIHsxfV4wMDAwMDA=,,XjhDOEM4Q1t7MH1dIHsxfV4wMDAwMDA=
uX5WAw,,XjhDOEM4Q3swfSAtIEluIHByb2dyZXNzXjAwMDAwMA==,,,,,XjhDOEM4QyhFbSBDdXJzbykgezB9XjAwMDAwMA==,,XjhDOEM4QyhFbiBjdXJzbykgezB9XjAwMDAwMA==
un5WAw,,ezB9IC0gVHVybmluZyBpbg==,,,,,KEZlaXRvKSB7MH0=,,KEhlY2hvKSB7MH0=
u35WAw,,XjhDOEM4Q3swfSAtIFdhaXRpbmcgdG8gcmVmcmVzaF4wMDAwMDA=,,,,,XjhDOEM4QyhFbSBFc3BlcmEpIHswfV4wMDAwMDA=,,XjhDOEM4QyhFbiBlc3BlcmEpIHswfV4wMDAwMDA=
vH5WAw,,W3swfV0gezF9,,,,,W3swfV0gezF9,,W3swfV0gezF9
vX5WAw,,U3dpZnQgWm9tYmllIFNsYXVnaHRlcg==,,,,,TWFzc2FjcmUgw4FnaWw=,,TWF0YW56YSBkZSB6b21iaXMgdmVsb3o=
vn5WAw,,XjhDOEM4Q1t7MH1dIHsxfV4wMDAwMDA=,,,,,XjhDOEM4Q1t7MH1dIHsxfV4wMDAwMDA=,,XjhDOEM4Q1t7MH1dIHsxfV4wMDAwMDA=
v35WAw,,XjhDOEM4Q3swfSAtIEluIHByb2dyZXNzXjAwMDAwMA==,,,,,XjhDOEM4QyhFbSBDdXJzbykgezB9XjAwMDAwMA==,,XjhDOEM4QyhFbiBjdXJzbykgezB9XjAwMDAwMA==
wH5WAw,,ezB9IC0gVHVybmluZyBpbg==,,,,,KEZlaXRvKSB7MH0=,,KEhlY2hvKSB7MH0=
wX5WAw,,XjhDOEM4Q3swfSAtIFdhaXRpbmcgdG8gcmVmcmVzaF4wMDAwMDA=,,,,,XjhDOEM4QyhFbSBFc3BlcmEpIHswfV4wMDAwMDA=,,XjhDOEM4QyhFbiBlc3BlcmEpIHswfV4wMDAwMDA=
wn5WAw,,W3swfV0gezF9,,,,,W3swfV0gezF9,,W3swfV0gezF9
w35WAw,,U3dpZnQgQmFuc2hlZQ==,,,,,TmVjcm9tYW50ZSBBbGZh,,Q2FiZWNpbGxhIE5pZ3JvbWFudGU=
xH5WAw,,XjhDOEM4Q1t7MH1dIHsxfV4wMDAwMDA=,,,,,XjhDOEM4Q1t7MH1dIHsxfV4wMDAwMDA=,,XjhDOEM4Q1t7MH1dIHsxfV4wMDAwMDA=
xX5WAw,,XjhDOEM4Q3swfSAtIEluIHByb2dyZXNzXjAwMDAwMA==,,,,,XjhDOEM4QyhFbSBDdXJzbykgezB9XjAwMDAwMA==,,XjhDOEM4QyhFbiBjdXJzbykgezB9XjAwMDAwMA==
xn5WAw,,ezB9IC0gVHVybmluZyBpbg==,,,,,KEZlaXRvKSB7MH0=,,KEhlY2hvKSB7MH0=
x35WAw,,XjhDOEM4Q3swfSAtIFdhaXRpbmcgdG8gcmVmcmVzaF4wMDAwMDA=,,,,,XjhDOEM4QyhFbSBFc3BlcmEpIHswfV4wMDAwMDA=,,XjhDOEM4QyhFbiBlc3BlcmEpIHswfV4wMDAwMDA=
yH5WAw,,W3swfV0gezF9,,,,,W3swfV0gezF9,,W3swfV0gezF9
yX5WAw,,Q2hpZWYgTmVjcm9tYW5jZXI=,,,,,TmVjcm9tYW50ZSBBbGZh,,Q2FiZWNpbGxhIE5pZ3JvbWFudGU=
yn5WAw,,XjhDOEM4Q1t7MH1dIHsxfV4wMDAwMDA=,,,,,XjhDOEM4Q1t7MH1dIHsxfV4wMDAwMDA=,,XjhDOEM4Q1t7MH1dIHsxfV4wMDAwMDA=
y35WAw,,XjhDOEM4Q3swfSAtIEluIHByb2dyZXNzXjAwMDAwMA==,,,,,XjhDOEM4QyhFbSBDdXJzbykgezB9XjAwMDAwMA==,,XjhDOEM4QyhFbiBjdXJzbykgezB9XjAwMDAwMA==
zH5WAw,,ezB9IC0gVHVybmluZyBpbg==,,,,,KEZlaXRvKSB7MH0=,,KEhlY2hvKSB7MH0=
zX5WAw,,XjhDOEM4Q3swfSAtIFdhaXRpbmcgdG8gcmVmcmVzaF4wMDAwMDA=,,,,,XjhDOEM4QyhFbSBFc3BlcmEpIHswfV4wMDAwMDA=,,XjhDOEM4QyhFbiBlc3BlcmEpIHswfV4wMDAwMDA=
zn5WAw,,W3swfV0gezF9,,,,,W3swfV0gezF9,,W3swfV0gezF9
z35WAw,,W0NoYW1waW9uIE1vbnN0ZXIgSHVudCBNaXNzaW9uIEJvYXJkXQpUaGlzIGlzIHRoZSBDaGFtcGlvbiBNb25zdGVyIEh1bnQgTWlzc2lvbiBCb2FyZCBmb3IgdGhlIF40RDRERkZTY2h3YXJ0endhbGQgRmllbGReMDAwMDAwIHJlZ2lvbi4=,,,,,W01pc3PDtWVzIEVzcGVjaWFpc10KXjRENERGRkNhbXBvcyBkYSBSZXDDumJsaWNhIGRlIFNjaHdhcnR6d2FsZF4wMDAwMDAgLSBTb2xpY2l0YcOnw7VlcyBkZSBjYcOnYS4=,,W01pc2lvbmVzIEVzcGVjaWFsZXNdCl40RDRERkZDYW1wb3MgZGUgbGEgUmVww7pibGljYV4wMDAwMDAgLSBTb2xpY2l0dWRlcyBkZSBjYXphLg==
0H5WAw,,U3dpZnQgU2hlbGxmaXNo,,,,,TW9sdXNjbyDDgWdpbA==,,TWFyaXNjbyB2ZWxveg==
0X5WAw,,XjhDOEM4Q1t7MH1dIHsxfV4wMDAwMDA=,,,,,XjhDOEM4Q1t7MH1dIHsxfV4wMDAwMDA=,,XjhDOEM4Q1t7MH1dIHsxfV4wMDAwMDA=
0n5WAw,,XjhDOEM4Q3swfSAtIEluIHByb2dyZXNzXjAwMDAwMA==,,,,,XjhDOEM4QyhFbSBDdXJzbykgezB9XjAwMDAwMA==,,XjhDOEM4QyhFbiBjdXJzbykgezB9XjAwMDAwMA==
035WAw,,ezB9IC0gVHVybmluZyBpbg==,,,,,KEZlaXRvKSB7MH0=,,KEhlY2hvKSB7MH0=
1H5WAw,,XjhDOEM4Q3swfSAtIFdhaXRpbmcgdG8gcmVmcmVzaF4wMDAwMDA=,,,,,XjhDOEM4QyhFbSBFc3BlcmEpIHswfV4wMDAwMDA=,,XjhDOEM4QyhFbiBlc3BlcmEpIHswfV4wMDAwMDA=
1X5WAw,,W3swfV0gezF9,,,,,W3swfV0gezF9,,W3swfV0gezF9
1n5WAw,,U29saWQgR2VvZ3JhcGhlcg==,,,,,UGxhbnRhIENhcm7DrXZvcmEgQnJ1dGFs,,R2XDs2dyYWZvIHPDs2xpZG8=
135WAw,,XjhDOEM4Q1t7MH1dIHsxfV4wMDAwMDA=,,,,,XjhDOEM4Q1t7MH1dIHsxfV4wMDAwMDA=,,XjhDOEM4Q1t7MH1dIHsxfV4wMDAwMDA=
2H5WAw,,XjhDOEM4Q3swfSAtIEluIHByb2dyZXNzXjAwMDAwMA==,,,,,XjhDOEM4QyhFbSBDdXJzbykgezB9XjAwMDAwMA==,,XjhDOEM4QyhFbiBjdXJzbykgezB9XjAwMDAwMA==
2X5WAw,,ezB9IC0gVHVybmluZyBpbg==,,,,,KEZlaXRvKSB7MH0=,,KEhlY2hvKSB7MH0=
2n5WAw,,XjhDOEM4Q3swfSAtIFdhaXRpbmcgdG8gcmVmcmVzaF4wMDAwMDA=,,,,,XjhDOEM4QyhFbSBFc3BlcmEpIHswfV4wMDAwMDA=,,XjhDOEM4QyhFbiBlc3BlcmEpIHswfV4wMDAwMDA=
235WAw,,W3swfV0gezF9,,,,,W3swfV0gezF9,,W3swfV0gezF9
3H5WAw,,Q2hpZWYgR3JhbmQgUGVjbw==,,,,,R3JhbmQgUGVjbyBBbGZh,,Q2FiZWNpbGxhIEdyYW4gUGVjbw==
3X5WAw,,XjhDOEM4Q1t7MH1dIHsxfV4wMDAwMDA=,,,,,XjhDOEM4Q1t7MH1dIHsxfV4wMDAwMDA=,,XjhDOEM4Q1t7MH1dIHsxfV4wMDAwMDA=
3n5WAw,,XjhDOEM4Q3swfSAtIEluIHByb2dyZXNzXjAwMDAwMA==,,,,,XjhDOEM4QyhFbSBDdXJzbykgezB9XjAwMDAwMA==,,XjhDOEM4QyhFbiBjdXJzbykgezB9XjAwMDAwMA==
335WAw,,ezB9IC0gVHVybmluZyBpbg==,,,,,KEZlaXRvKSB7MH0=,,KEhlY2hvKSB7MH0=
4H5WAw,,XjhDOEM4Q3swfSAtIFdhaXRpbmcgdG8gcmVmcmVzaF4wMDAwMDA=,,,,,XjhDOEM4QyhFbSBFc3BlcmEpIHswfV4wMDAwMDA=,,XjhDOEM4QyhFbiBlc3BlcmEpIHswfV4wMDAwMDA=
4X5WAw,,W3swfV0gezF9,,,,,W3swfV0gezF9,,W3swfV0gezF9
4n5WAw,,Q2hpZWYgR29hdA==,,,,,Qm9kZSBBbGZh,,Q2FiZWNpbGxhIENhYnJh
435WAw,,XjhDOEM4Q1t7MH1dIHsxfV4wMDAwMDA=,,,,,XjhDOEM4Q1t7MH1dIHsxfV4wMDAwMDA=,,XjhDOEM4Q1t7MH1dIHsxfV4wMDAwMDA=
5H5WAw,,XjhDOEM4Q3swfSAtIEluIHByb2dyZXNzXjAwMDAwMA==,,,,,XjhDOEM4QyhFbSBDdXJzbykgezB9XjAwMDAwMA==,,XjhDOEM4QyhFbiBjdXJzbykgezB9XjAwMDAwMA==
5X5WAw,,ezB9IC0gVHVybmluZyBpbg==,,,,,KEZlaXRvKSB7MH0=,,KEhlY2hvKSB7MH0=
5n5WAw,,XjhDOEM4Q3swfSAtIFdhaXRpbmcgdG8gcmVmcmVzaF4wMDAwMDA=,,,,,XjhDOEM4QyhFbSBFc3BlcmEpIHswfV4wMDAwMDA=,,XjhDOEM4QyhFbiBlc3BlcmEpIHswfV4wMDAwMDA=
535WAw,,W3swfV0gezF9,,,,,W3swfV0gezF9,,W3swfV0gezF9
6H5WAw,,U3dpZnQgU2xlZXBlcg==,,,,,Um9jaG9zbyDDgWdpbA==,,RHVybWllbnRlIHZlbG96
6X5WAw,,XjhDOEM4Q1t7MH1dIHsxfV4wMDAwMDA=,,,,,XjhDOEM4Q1t7MH1dIHsxfV4wMDAwMDA=,,XjhDOEM4Q1t7MH1dIHsxfV4wMDAwMDA=
6n5WAw,,XjhDOEM4Q3swfSAtIEluIHByb2dyZXNzXjAwMDAwMA==,,,,,XjhDOEM4QyhFbSBDdXJzbykgezB9XjAwMDAwMA==,,XjhDOEM4QyhFbiBjdXJzbykgezB9XjAwMDAwMA==
635WAw,,ezB9IC0gVHVybmluZyBpbg==,,,,,KEZlaXRvKSB7MH0=,,KEhlY2hvKSB7MH0=
7H5WAw,,XjhDOEM4Q3swfSAtIFdhaXRpbmcgdG8gcmVmcmVzaF4wMDAwMDA=,,,,,XjhDOEM4QyhFbSBFc3BlcmEpIHswfV4wMDAwMDA=,,XjhDOEM4QyhFbiBlc3BlcmEpIHswfV4wMDAwMDA=
7X5WAw,,W3swfV0gezF9,,,,,W3swfV0gezF9,,W3swfV0gezF9
7n5WAw,,U3dpZnQgU3RlbSBXb3Jt,,,,,VGFsbyBkZSBWZXJtZSDDgWdpbA==,,R3VzYW5vIMOhZ2ls
735WAw,,XjhDOEM4Q1t7MH1dIHsxfV4wMDAwMDA=,,,,,XjhDOEM4Q1t7MH1dIHsxfV4wMDAwMDA=,,XjhDOEM4Q1t7MH1dIHsxfV4wMDAwMDA=
8H5WAw,,XjhDOEM4Q3swfSAtIEluIHByb2dyZXNzXjAwMDAwMA==,,,,,XjhDOEM4QyhFbSBDdXJzbykgezB9XjAwMDAwMA==,,XjhDOEM4QyhFbiBjdXJzbykgezB9XjAwMDAwMA==
8X5WAw,,ezB9IC0gVHVybmluZyBpbg==,,,,,KEZlaXRvKSB7MH0=,,KEhlY2hvKSB7MH0=
8n5WAw,,XjhDOEM4Q3swfSAtIFdhaXRpbmcgdG8gcmVmcmVzaF4wMDAwMDA=,,,,,XjhDOEM4QyhFbSBFc3BlcmEpIHswfV4wMDAwMDA=,,XjhDOEM4QyhFbiBlc3BlcmEpIHswfV4wMDAwMDA=
835WAw,,W3swfV0gezF9,,,,,W3swfV0gezF9,,W3swfV0gezF9
9H5WAw,,U29saWQgSG9sZGVu,,,,,SG9sZGVuIEJydXRhbA==,,SG9sZGVuIHPDs2xpZG8=
9X5WAw,,XjhDOEM4Q1t7MH1dIHsxfV4wMDAwMDA=,,,,,XjhDOEM4Q1t7MH1dIHsxfV4wMDAwMDA=,,XjhDOEM4Q1t7MH1dIHsxfV4wMDAwMDA=
9n5WAw,,XjhDOEM4Q3swfSAtIEluIHByb2dyZXNzXjAwMDAwMA==,,,,,XjhDOEM4QyhFbSBDdXJzbykgezB9XjAwMDAwMA==,,XjhDOEM4QyhFbiBjdXJzbykgezB9XjAwMDAwMA==
935WAw,,ezB9IC0gVHVybmluZyBpbg==,,,,,KEZlaXRvKSB7MH0=,,KEhlY2hvKSB7MH0=
+H5WAw,,XjhDOEM4Q3swfSAtIFdhaXRpbmcgdG8gcmVmcmVzaF4wMDAwMDA=,,,,,XjhDOEM4QyhFbSBFc3BlcmEpIHswfV4wMDAwMDA=,,XjhDOEM4QyhFbiBlc3BlcmEpIHswfV4wMDAwMDA=
+X5WAw,,W3swfV0gezF9,,,,,W3swfV0gezF9,,W3swfV0gezF9
+n5WAw,,U3dpZnQgUmFmZmxlc2lh,,,,,UmFmZmxlc2lhIMOBZ2ls,,UmFmZmxlc2lhIHZlbG96
+35WAw,,XjhDOEM4Q1t7MH1dIHsxfV4wMDAwMDA=,,,,,XjhDOEM4Q1t7MH1dIHsxfV4wMDAwMDA=,,XjhDOEM4Q1t7MH1dIHsxfV4wMDAwMDA=
/H5WAw,,XjhDOEM4Q3swfSAtIEluIHByb2dyZXNzXjAwMDAwMA==,,,,,XjhDOEM4QyhFbSBDdXJzbykgezB9XjAwMDAwMA==,,XjhDOEM4QyhFbiBjdXJzbykgezB9XjAwMDAwMA==
/X5WAw,,ezB9IC0gVHVybmluZyBpbg==,,,,,KEZlaXRvKSB7MH0=,,KEhlY2hvKSB7MH0=
/n5WAw,,XjhDOEM4Q3swfSAtIFdhaXRpbmcgdG8gcmVmcmVzaF4wMDAwMDA=,,,,,XjhDOEM4QyhFbSBFc3BlcmEpIHswfV4wMDAwMDA=,,XjhDOEM4QyhFbiBlc3BlcmEpIHswfV4wMDAwMDA=
/35WAw,,W3swfV0gezF9,,,,,W3swfV0gezF9,,W3swfV0gezF9
AH9WAw,,Q2hpZWYgVmVub21vdXM=,,,,,TnV2ZW0gVmVuZW5vc2EgQWxmYQ==,,Q2FiZWNpbGxhIFZlbmVub3Nv
AX9WAw,,XjhDOEM4Q1t7MH1dIHsxfV4wMDAwMDA=,,,,,XjhDOEM4Q1t7MH1dIHsxfV4wMDAwMDA=,,XjhDOEM4Q1t7MH1dIHsxfV4wMDAwMDA=
An9WAw,,XjhDOEM4Q3swfSAtIEluIHByb2dyZXNzXjAwMDAwMA==,,,,,XjhDOEM4QyhFbSBDdXJzbykgezB9XjAwMDAwMA==,,XjhDOEM4QyhFbiBjdXJzbykgezB9XjAwMDAwMA==
A39WAw,,ezB9IC0gVHVybmluZyBpbg==,,,,,KEZlaXRvKSB7MH0=,,KEhlY2hvKSB7MH0=
BH9WAw,,XjhDOEM4Q3swfSAtIFdhaXRpbmcgdG8gcmVmcmVzaF4wMDAwMDA=,,,,,XjhDOEM4QyhFbSBFc3BlcmEpIHswfV4wMDAwMDA=,,XjhDOEM4QyhFbiBlc3BlcmEpIHswfV4wMDAwMDA=
BX9WAw,,W3swfV0gezF9,,,,,W3swfV0gezF9,,W3swfV0gezF9
Bn9WAw,,RnVyaW91cyBOb3hpb3Vz,,,,,TnV2ZW0gVMOzeGljYSBGZXJveg==,,Tm9jaXZvIGZ1cmlvc28=
B39WAw,,XjhDOEM4Q1t7MH1dIHsxfV4wMDAwMDA=,,,,,XjhDOEM4Q1t7MH1dIHsxfV4wMDAwMDA=,,XjhDOEM4Q1t7MH1dIHsxfV4wMDAwMDA=
CH9WAw,,XjhDOEM4Q3swfSAtIEluIHByb2dyZXNzXjAwMDAwMA==,,,,,XjhDOEM4QyhFbSBDdXJzbykgezB9XjAwMDAwMA==,,XjhDOEM4QyhFbiBjdXJzbykgezB9XjAwMDAwMA==
CX9WAw,,ezB9IC0gVHVybmluZyBpbg==,,,,,KEZlaXRvKSB7MH0=,,KEhlY2hvKSB7MH0=
Cn9WAw,,XjhDOEM4Q3swfSAtIFdhaXRpbmcgdG8gcmVmcmVzaF4wMDAwMDA=,,,,,XjhDOEM4QyhFbSBFc3BlcmEpIHswfV4wMDAwMDA=,,XjhDOEM4QyhFbiBlc3BlcmEpIHswfV4wMDAwMDA=
C39WAw,,W3swfV0gezF9,,,,,W3swfV0gezF9,,W3swfV0gezF9
DH9WAw,,RWx1c2l2ZSBOb3Z1cw==,,,,,Tm92dXMgRnVnYXo=,,Tm92dXMgZWx1c2l2bw==
DX9WAw,,XjhDOEM4Q1t7MH1dIHsxfV4wMDAwMDA=,,,,,XjhDOEM4Q1t7MH1dIHsxfV4wMDAwMDA=,,XjhDOEM4Q1t7MH1dIHsxfV4wMDAwMDA=
Dn9WAw,,XjhDOEM4Q3swfSAtIEluIHByb2dyZXNzXjAwMDAwMA==,,,,,XjhDOEM4QyhFbSBDdXJzbykgezB9XjAwMDAwMA==,,XjhDOEM4QyhFbiBjdXJzbykgezB9XjAwMDAwMA==
D39WAw,,ezB9IC0gVHVybmluZyBpbg==,,,,,KEZlaXRvKSB7MH0=,,KEhlY2hvKSB7MH0=
EH9WAw,,XjhDOEM4Q3swfSAtIFdhaXRpbmcgdG8gcmVmcmVzaF4wMDAwMDA=,,,,,XjhDOEM4QyhFbSBFc3BlcmEpIHswfV4wMDAwMDA=,,XjhDOEM4QyhFbiBlc3BlcmEpIHswfV4wMDAwMDA=
EX9WAw,,W3swfV0gezF9,,,,,W3swfV0gezF9,,W3swfV0gezF9
En9WAw,,W0NoYW1waW9uIE1vbnN0ZXIgSHVudCBNaXNzaW9uIEJvYXJkXQpUaGlzIGlzIHRoZSBDaGFtcGlvbiBNb25zdGVyIEh1bnQgTWlzc2lvbiBCb2FyZCBmb3IgdGhlIF40RDRERkZTY2h3YXJ0endhbGQgRHVuZ2Vvbl4wMDAwMDAgcmVnaW9uLg==,,,,,W01pc3PDtWVzIEVzcGVjaWFpc10KXjRENERGRkNhdmVybmFzIGRhIFJlcMO6YmxpY2EgZGUgU2Nod2FydHp3YWxkXjAwMDAwMCAtIFNvbGljaXRhw6fDtWVzIGRlIGNhw6dhLg==,,W01pc2lvbmVzIEVzcGVjaWFsZXNdCl40RDRERkZDdWV2YXMgZGUgbGEgUmVww7pibGljYV4wMDAwMDAgLSBTb2xpY2l0dWRlcyBkZSBjYXphLg==
E39WAw,,RnVyaW91cyBOaWdodG1hcmUgVGVycm9y,,,,,UGVzYWRlbG8gU29tYnJpbyBGZXJveg==,,VGVycm9yIG5vY3R1cm5vIGZ1cmlvc28=
FH9WAw,,XjhDOEM4Q1t7MH1dIHsxfV4wMDAwMDA=,,,,,XjhDOEM4Q1t7MH1dIHsxfV4wMDAwMDA=,,XjhDOEM4Q1t7MH1dIHsxfV4wMDAwMDA=
FX9WAw,,XjhDOEM4Q3swfSAtIEluIHByb2dyZXNzXjAwMDAwMA==,,,,,XjhDOEM4QyhFbSBDdXJzbykgezB9XjAwMDAwMA==,,XjhDOEM4QyhFbiBjdXJzbykgezB9XjAwMDAwMA==
Fn9WAw,,ezB9IC0gVHVybmluZyBpbg==,,,,,KEZlaXRvKSB7MH0=,,KEhlY2hvKSB7MH0=
F39WAw,,XjhDOEM4Q3swfSAtIFdhaXRpbmcgdG8gcmVmcmVzaF4wMDAwMDA=,,,,,XjhDOEM4QyhFbSBFc3BlcmEpIHswfV4wMDAwMDA=,,XjhDOEM4QyhFbiBlc3BlcmEpIHswfV4wMDAwMDA=
GH9WAw,,W3swfV0gezF9,,,,,W3swfV0gezF9,,W3swfV0gezF9
GX9WAw,,Q2hpZWYgQW5jaWVudCBNaW1pYw==,,,,,TcOtbWljbyBBbnRpZ28gQWxmYQ==,,Q2FiZWNpbGxhIE3DrW1pY28gYW50aWd1bw==
Gn9WAw,,XjhDOEM4Q1t7MH1dIHsxfV4wMDAwMDA=,,,,,XjhDOEM4Q1t7MH1dIHsxfV4wMDAwMDA=,,XjhDOEM4Q1t7MH1dIHsxfV4wMDAwMDA=
G39WAw,,XjhDOEM4Q3swfSAtIEluIHByb2dyZXNzXjAwMDAwMA==,,,,,XjhDOEM4QyhFbSBDdXJzbykgezB9XjAwMDAwMA==,,XjhDOEM4QyhFbiBjdXJzbykgezB9XjAwMDAwMA==
HH9WAw,,ezB9IC0gVHVybmluZyBpbg==,,,,,KEZlaXRvKSB7MH0=,,KEhlY2hvKSB7MH0=
HX9WAw,,XjhDOEM4Q3swfSAtIFdhaXRpbmcgdG8gcmVmcmVzaF4wMDAwMDA=,,,,,XjhDOEM4QyhFbSBFc3BlcmEpIHswfV4wMDAwMDA=,,XjhDOEM4QyhFbiBlc3BlcmEpIHswfV4wMDAwMDA=
Hn9WAw,,W3swfV0gezF9,,,,,W3swfV0gezF9,,W3swfV0gezF9
H39WAw,,U29saWQgRGVhdGggV29yZA==,,,,,UGFsYXZyYSBNb3J0YSBCcnV0YWw=,,UGFsYWJyYSBsZXRhbCBzw7NsaWRh
IH9WAw,,XjhDOEM4Q1t7MH1dIHsxfV4wMDAwMDA=,,,,,XjhDOEM4Q1t7MH1dIHsxfV4wMDAwMDA=,,XjhDOEM4Q1t7MH1dIHsxfV4wMDAwMDA=
IX9WAw,,XjhDOEM4Q3swfSAtIEluIHByb2dyZXNzXjAwMDAwMA==,,,,,XjhDOEM4QyhFbSBDdXJzbykgezB9XjAwMDAwMA==,,XjhDOEM4QyhFbiBjdXJzbykgezB9XjAwMDAwMA==
In9WAw,,ezB9IC0gVHVybmluZyBpbg==,,,,,KEZlaXRvKSB7MH0=,,KEhlY2hvKSB7MH0=
I39WAw,,XjhDOEM4Q3swfSAtIFdhaXRpbmcgdG8gcmVmcmVzaF4wMDAwMDA=,,,,,XjhDOEM4QyhFbSBFc3BlcmEpIHswfV4wMDAwMDA=,,XjhDOEM4QyhFbiBlc3BlcmEpIHswfV4wMDAwMDA=
JH9WAw,,W3swfV0gezF9,,,,,W3swfV0gezF9,,W3swfV0gezF9
JX9WAw,,RnVyaW91cyBWZW5hdHU=,,,,,VmVuYXR1IEZlcm96,,VmVuYXR1IGZ1cmlvc28=
Jn9WAw,,XjhDOEM4Q1t7MH1dIHsxfV4wMDAwMDA=,,,,,XjhDOEM4Q1t7MH1dIHsxfV4wMDAwMDA=,,XjhDOEM4Q1t7MH1dIHsxfV4wMDAwMDA=
J39WAw,,XjhDOEM4Q3swfSAtIEluIHByb2dyZXNzXjAwMDAwMA==,,,,,XjhDOEM4QyhFbSBDdXJzbykgezB9XjAwMDAwMA==,,XjhDOEM4QyhFbiBjdXJzbykgezB9XjAwMDAwMA==
KH9WAw,,ezB9IC0gVHVybmluZyBpbg==,,,,,KEZlaXRvKSB7MH0=,,KEhlY2hvKSB7MH0=
KX9WAw,,XjhDOEM4Q3swfSAtIFdhaXRpbmcgdG8gcmVmcmVzaF4wMDAwMDA=,,,,,XjhDOEM4QyhFbSBFc3BlcmEpIHswfV4wMDAwMDA=,,XjhDOEM4QyhFbiBlc3BlcmEpIHswfV4wMDAwMDA=
Kn9WAw,,W3swfV0gezF9,,,,,W3swfV0gezF9,,W3swfV0gezF9
K39WAw,,U3dpZnQgRGltaWs=,,,,,RGltaWsgw4FnaWw=,,RGltaWsgdmVsb3o=
LH9WAw,,XjhDOEM4Q1t7MH1dIHsxfV4wMDAwMDA=,,,,,XjhDOEM4Q1t7MH1dIHsxfV4wMDAwMDA=,,XjhDOEM4Q1t7MH1dIHsxfV4wMDAwMDA=
LX9WAw,,XjhDOEM4Q3swfSAtIEluIHByb2dyZXNzXjAwMDAwMA==,,,,,XjhDOEM4QyhFbSBDdXJzbykgezB9XjAwMDAwMA==,,XjhDOEM4QyhFbiBjdXJzbykgezB9XjAwMDAwMA==
Ln9WAw,,ezB9IC0gVHVybmluZyBpbg==,,,,,KEZlaXRvKSB7MH0=,,KEhlY2hvKSB7MH0=
L39WAw,,XjhDOEM4Q3swfSAtIFdhaXRpbmcgdG8gcmVmcmVzaF4wMDAwMDA=,,,,,XjhDOEM4QyhFbSBFc3BlcmEpIHswfV4wMDAwMDA=,,XjhDOEM4QyhFbiBlc3BlcmEpIHswfV4wMDAwMDA=
MH9WAw,,W3swfV0gezF9,,,,,W3swfV0gezF9,,W3swfV0gezF9
MX9WAw,,RnVyaW91cyBGZXJ1cw==,,,,,RmVydXMgRmVyb3o=,,QmV3bGVyIGZ1cmlvc28=
Mn9WAw,,XjhDOEM4Q1t7MH1dIHsxfV4wMDAwMDA=,,,,,XjhDOEM4Q1t7MH1dIHsxfV4wMDAwMDA=,,XjhDOEM4Q1t7MH1dIHsxfV4wMDAwMDA=
M39WAw,,XjhDOEM4Q3swfSAtIEluIHByb2dyZXNzXjAwMDAwMA==,,,,,XjhDOEM4QyhFbSBDdXJzbykgezB9XjAwMDAwMA==,,XjhDOEM4QyhFbiBjdXJzbykgezB9XjAwMDAwMA==
NH9WAw,,ezB9IC0gVHVybmluZyBpbg==,,,,,KEZlaXRvKSB7MH0=,,KEhlY2hvKSB7MH0=
NX9WAw,,XjhDOEM4Q3swfSAtIFdhaXRpbmcgdG8gcmVmcmVzaF4wMDAwMDA=,,,,,XjhDOEM4QyhFbSBFc3BlcmEpIHswfV4wMDAwMDA=,,XjhDOEM4QyhFbiBlc3BlcmEpIHswfV4wMDAwMDA=
Nn9WAw,,W3swfV0gezF9,,,,,W3swfV0gezF9,,W3swfV0gezF9
N39WAw,,U29saWQgQWNpZHVz,,,,,QWNpZHVzIEJydXRhbA==,,w4FjaWRvIGF6dWwgc8OzbGlkbw==
OH9WAw,,XjhDOEM4Q1t7MH1dIHsxfV4wMDAwMDA=,,,,,XjhDOEM4Q1t7MH1dIHsxfV4wMDAwMDA=,,XjhDOEM4Q1t7MH1dIHsxfV4wMDAwMDA=
OX9WAw,,XjhDOEM4Q3swfSAtIEluIHByb2dyZXNzXjAwMDAwMA==,,,,,XjhDOEM4QyhFbSBDdXJzbykgezB9XjAwMDAwMA==,,XjhDOEM4QyhFbiBjdXJzbykgezB9XjAwMDAwMA==
On9WAw,,ezB9IC0gVHVybmluZyBpbg==,,,,,KEZlaXRvKSB7MH0=,,KEhlY2hvKSB7MH0=
O39WAw,,XjhDOEM4Q3swfSAtIFdhaXRpbmcgdG8gcmVmcmVzaF4wMDAwMDA=,,,,,XjhDOEM4QyhFbSBFc3BlcmEpIHswfV4wMDAwMDA=,,XjhDOEM4QyhFbiBlc3BlcmEpIHswfV4wMDAwMDA=
PH9WAw,,W3swfV0gezF9,,,,,W3swfV0gezF9,,W3swfV0gezF9
PX9WAw,,RWx1c2l2ZSBMYWR5IFNvbGFjZQ==,,,,,U2VuaG9yYSBGdWdheg==,,RGFtYSBlbHVzaXZh
Pn9WAw,,XjhDOEM4Q1t7MH1dIHsxfV4wMDAwMDA=,,,,,XjhDOEM4Q1t7MH1dIHsxfV4wMDAwMDA=,,XjhDOEM4Q1t7MH1dIHsxfV4wMDAwMDA=
P39WAw,,XjhDOEM4Q3swfSAtIEluIHByb2dyZXNzXjAwMDAwMA==,,,,,XjhDOEM4QyhFbSBDdXJzbykgezB9XjAwMDAwMA==,,XjhDOEM4QyhFbiBjdXJzbykgezB9XjAwMDAwMA==
QH9WAw,,ezB9IC0gVHVybmluZyBpbg==,,,,,KEZlaXRvKSB7MH0=,,KEhlY2hvKSB7MH0=
QX9WAw,,XjhDOEM4Q3swfSAtIFdhaXRpbmcgdG8gcmVmcmVzaF4wMDAwMDA=,,,,,XjhDOEM4QyhFbSBFc3BlcmEpIHswfV4wMDAwMDA=,,XjhDOEM4QyhFbiBlc3BlcmEpIHswfV4wMDAwMDA=
Qn9WAw,,W3swfV0gezF9,,,,,W3swfV0gezF9,,W3swfV0gezF9
Q39WAw,,Q2hpZWYgRGFtZSBvZiBTZW50aW5lbA==,,,,,RGFtYSBkYSBHdWFyZGEgQWxmYQ==,,Q2FiZWNpbGxhIERhbWEgZGUgY2VudGluZWxhcw==
RH9WAw,,XjhDOEM4Q1t7MH1dIHsxfV4wMDAwMDA=,,,,,XjhDOEM4Q1t7MH1dIHsxfV4wMDAwMDA=,,XjhDOEM4Q1t7MH1dIHsxfV4wMDAwMDA=
RX9WAw,,XjhDOEM4Q3swfSAtIEluIHByb2dyZXNzXjAwMDAwMA==,,,,,XjhDOEM4QyhFbSBDdXJzbykgezB9XjAwMDAwMA==,,XjhDOEM4QyhFbiBjdXJzbykgezB9XjAwMDAwMA==
Rn9WAw,,ezB9IC0gVHVybmluZyBpbg==,,,,,KEZlaXRvKSB7MH0=,,KEhlY2hvKSB7MH0=
R39WAw,,XjhDOEM4Q3swfSAtIFdhaXRpbmcgdG8gcmVmcmVzaF4wMDAwMDA=,,,,,XjhDOEM4QyhFbSBFc3BlcmEpIHswfV4wMDAwMDA=,,XjhDOEM4QyhFbiBlc3BlcmEpIHswfV4wMDAwMDA=
SH9WAw,,W3swfV0gezF9,,,,,W3swfV0gezF9,,W3swfV0gezF9
SX9WAw,,Q2hpZWYgTGF1cmVsbCBXZWluZGVy,,,,,TGF1cmVsbCBXZWluZGVyIEFsZmE=,,Q2FiZWNpbGxhIExhdXJlbCBXZWluZGVy
Sn9WAw,,XjhDOEM4Q1t7MH1dIHsxfV4wMDAwMDA=,,,,,XjhDOEM4Q1t7MH1dIHsxfV4wMDAwMDA=,,XjhDOEM4Q1t7MH1dIHsxfV4wMDAwMDA=
S39WAw,,XjhDOEM4Q3swfSAtIEluIHByb2dyZXNzXjAwMDAwMA==,,,,,XjhDOEM4QyhFbSBDdXJzbykgezB9XjAwMDAwMA==,,XjhDOEM4QyhFbiBjdXJzbykgezB9XjAwMDAwMA==
TH9WAw,,ezB9IC0gVHVybmluZyBpbg==,,,,,KEZlaXRvKSB7MH0=,,KEhlY2hvKSB7MH0=
TX9WAw,,XjhDOEM4Q3swfSAtIFdhaXRpbmcgdG8gcmVmcmVzaF4wMDAwMDA=,,,,,XjhDOEM4QyhFbSBFc3BlcmEpIHswfV4wMDAwMDA=,,XjhDOEM4QyhFbiBlc3BlcmEpIHswfV4wMDAwMDA=
Tn9WAw,,W3swfV0gezF9,,,,,W3swfV0gezF9,,W3swfV0gezF9
T39WAw,,U29saWQgQ2VjaWwgRGFtb24=,,,,,Q2VjaWwgRGFtb24gQnJ1dGFs,,Q2VjaWwgRGFtb24gc8OzbGlkYQ==
UH9WAw,,XjhDOEM4Q1t7MH1dIHsxfV4wMDAwMDA=,,,,,XjhDOEM4Q1t7MH1dIHsxfV4wMDAwMDA=,,XjhDOEM4Q1t7MH1dIHsxfV4wMDAwMDA=
UX9WAw,,XjhDOEM4Q3swfSAtIEluIHByb2dyZXNzXjAwMDAwMA==,,,,,XjhDOEM4QyhFbSBDdXJzbykgezB9XjAwMDAwMA==,,XjhDOEM4QyhFbiBjdXJzbykgezB9XjAwMDAwMA==
Un9WAw,,ezB9IC0gVHVybmluZyBpbg==,,,,,KEZlaXRvKSB7MH0=,,KEhlY2hvKSB7MH0=
U39WAw,,XjhDOEM4Q3swfSAtIFdhaXRpbmcgdG8gcmVmcmVzaF4wMDAwMDA=,,,,,XjhDOEM4QyhFbSBFc3BlcmEpIHswfV4wMDAwMDA=,,XjhDOEM4QyhFbiBlc3BlcmEpIHswfV4wMDAwMDA=
VH9WAw,,W3swfV0gezF9,,,,,W3swfV0gezF9,,W3swfV0gezF9
VX9WAw,,W0NoYW1waW9uIE1vbnN0ZXIgSHVudCBNaXNzaW9uIEJvYXJkXQpUaGlzIGlzIHRoZSBDaGFtcGlvbiBNb25zdGVyIEh1bnQgTWlzc2lvbiBCb2FyZCBmb3IgdGhlIF40RDRERkZBcnVuYWZlbHR6XjAwMDAwMCByZWdpb24u,,,,,W01pc3PDtWVzIEVzcGVjaWFpc10KXjRENERGRlJlZ2nDo28gZGUgQXJ1bmFmZWx0el4wMDAwMDAgLSBTb2xpY2l0YcOnw7VlcyBkZSBjYcOnYS4=,,W01pc2lvbmVzIEVzcGVjaWFsZXNdCl40RDRERkZSZWdpw7NuIGRlIEFydW5hZmVsdHpeMDAwMDAwIC0gU29saWNpdHVkZXMgZGUgY2F6YS4=
Vn9WAw,,U29saWQgUm93ZWVu,,,,,Um93ZWVuIEJydXRhbA==,,Um93ZWVuIEJydXRhbA==
V39WAw,,XjhDOEM4Q1t7MH1dIHsxfV4wMDAwMDA=,,,,,XjhDOEM4Q1t7MH1dIHsxfV4wMDAwMDA=,,XjhDOEM4Q1t7MH1dIHsxfV4wMDAwMDA=
WH9WAw,,XjhDOEM4Q3swfSAtIEluIHByb2dyZXNzXjAwMDAwMA==,,,,,XjhDOEM4QyhFbSBDdXJzbykgezB9XjAwMDAwMA==,,XjhDOEM4QyhFbiBjdXJzbykgezB9XjAwMDAwMA==
WX9WAw,,ezB9IC0gVHVybmluZyBpbg==,,,,,KEZlaXRvKSB7MH0=,,KEhlY2hvKSB7MH0=
Wn9WAw,,XjhDOEM4Q3swfSAtIFdhaXRpbmcgdG8gcmVmcmVzaF4wMDAwMDA=,,,,,XjhDOEM4QyhFbSBFc3BlcmEpIHswfV4wMDAwMDA=,,XjhDOEM4QyhFbiBlc3BlcmEpIHswfV4wMDAwMDA=
W39WAw,,W3swfV0gezF9,,,,,W3swfV0gezF9,,W3swfV0gezF9
XH9WAw,,Q2hpZWYgU3RhcG8=,,,,,U3RhcG8gQWxmYQ==,,Q2FiZWNpbGxhIFN0YXBv
XX9WAw,,XjhDOEM4Q1t7MH1dIHsxfV4wMDAwMDA=,,,,,XjhDOEM4Q1t7MH1dIHsxfV4wMDAwMDA=,,XjhDOEM4Q1t7MH1dIHsxfV4wMDAwMDA=
Xn9WAw,,XjhDOEM4Q3swfSAtIEluIHByb2dyZXNzXjAwMDAwMA==,,,,,XjhDOEM4QyhFbSBDdXJzbykgezB9XjAwMDAwMA==,,XjhDOEM4QyhFbiBjdXJzbykgezB9XjAwMDAwMA==
X39WAw,,ezB9IC0gVHVybmluZyBpbg==,,,,,KEZlaXRvKSB7MH0=,,KEhlY2hvKSB7MH0=
YH9WAw,,XjhDOEM4Q3swfSAtIFdhaXRpbmcgdG8gcmVmcmVzaF4wMDAwMDA=,,,,,XjhDOEM4QyhFbSBFc3BlcmEpIHswfV4wMDAwMDA=,,XjhDOEM4QyhFbiBlc3BlcmEpIHswfV4wMDAwMDA=
YX9WAw,,W3swfV0gezF9,,,,,W3swfV0gezF9,,W3swfV0gezF9
Yn9WAw,,U3dpZnQgSGlsbCBXaW5k,,,,,VmVudG8gZGEgQ29saW5hIMOBZ2ls,,VmllbnRvIGRlIGxhIGNvbGluYSB2ZWxveg==
Y39WAw,,XjhDOEM4Q1t7MH1dIHsxfV4wMDAwMDA=,,,,,XjhDOEM4Q1t7MH1dIHsxfV4wMDAwMDA=,,XjhDOEM4Q1t7MH1dIHsxfV4wMDAwMDA=
ZH9WAw,,XjhDOEM4Q3swfSAtIEluIHByb2dyZXNzXjAwMDAwMA==,,,,,XjhDOEM4QyhFbSBDdXJzbykgezB9XjAwMDAwMA==,,XjhDOEM4QyhFbiBjdXJzbykgezB9XjAwMDAwMA==
ZX9WAw,,ezB9IC0gVHVybmluZyBpbg==,,,,,KEZlaXRvKSB7MH0=,,KEhlY2hvKSB7MH0=
Zn9WAw,,XjhDOEM4Q3swfSAtIFdhaXRpbmcgdG8gcmVmcmVzaF4wMDAwMDA=,,,,,XjhDOEM4QyhFbSBFc3BlcmEpIHswfV4wMDAwMDA=,,XjhDOEM4QyhFbiBlc3BlcmEpIHswfV4wMDAwMDA=
Z39WAw,,W3swfV0gezF9,,,,,W3swfV0gezF9,,W3swfV0gezF9
aH9WAw,,U29saWQgS29ib2xk,,,,,S29ib2xkIEJydXRhbA==,,S29ib2xkIChoYWNoYSkgc8OzbGlkbw==
aX9WAw,,XjhDOEM4Q1t7MH1dIHsxfV4wMDAwMDA=,,,,,XjhDOEM4Q1t7MH1dIHsxfV4wMDAwMDA=,,XjhDOEM4Q1t7MH1dIHsxfV4wMDAwMDA=
an9WAw,,XjhDOEM4Q3swfSAtIEluIHByb2dyZXNzXjAwMDAwMA==,,,,,XjhDOEM4QyhFbSBDdXJzbykgezB9XjAwMDAwMA==,,XjhDOEM4QyhFbiBjdXJzbykgezB9XjAwMDAwMA==
a39WAw,,ezB9IC0gVHVybmluZyBpbg==,,,,,KEZlaXRvKSB7MH0=,,KEhlY2hvKSB7MH0=
bH9WAw,,XjhDOEM4Q3swfSAtIFdhaXRpbmcgdG8gcmVmcmVzaF4wMDAwMDA=,,,,,XjhDOEM4QyhFbSBFc3BlcmEpIHswfV4wMDAwMDA=,,XjhDOEM4QyhFbiBlc3BlcmEpIHswfV4wMDAwMDA=
bX9WAw,,W3swfV0gezF9,,,,,W3swfV0gezF9,,W3swfV0gezF9
bn9WAw,,U3dpZnQgS29ib2xkIEFyY2hlcg==,,,,,S29ib2xkIEFycXVlaXJvIMOBZ2ls,,S29ib2xkIChhcnF1ZXJvKSB2ZWxveg==
b39WAw,,XjhDOEM4Q1t7MH1dIHsxfV4wMDAwMDA=,,,,,XjhDOEM4Q1t7MH1dIHsxfV4wMDAwMDA=,,XjhDOEM4Q1t7MH1dIHsxfV4wMDAwMDA=
cH9WAw,,XjhDOEM4Q3swfSAtIEluIHByb2dyZXNzXjAwMDAwMA==,,,,,XjhDOEM4QyhFbSBDdXJzbykgezB9XjAwMDAwMA==,,XjhDOEM4QyhFbiBjdXJzbykgezB9XjAwMDAwMA==
cX9WAw,,ezB9IC0gVHVybmluZyBpbg==,,,,,KEZlaXRvKSB7MH0=,,KEhlY2hvKSB7MH0=
cn9WAw,,XjhDOEM4Q3swfSAtIFdhaXRpbmcgdG8gcmVmcmVzaF4wMDAwMDA=,,,,,XjhDOEM4QyhFbSBFc3BlcmEpIHswfV4wMDAwMDA=,,XjhDOEM4QyhFbiBlc3BlcmEpIHswfV4wMDAwMDA=
c39WAw,,W3swfV0gezF9,,,,,W3swfV0gezF9,,W3swfV0gezF9
dH9WAw,,U29saWQgU25vd2llcg==,,,,,WWV0aSBCcnV0YWw=,,TmV2YWTDrXNpbW8gc8OzbGlkbw==
dX9WAw,,XjhDOEM4Q1t7MH1dIHsxfV4wMDAwMDA=,,,,,XjhDOEM4Q1t7MH1dIHsxfV4wMDAwMDA=,,XjhDOEM4Q1t7MH1dIHsxfV4wMDAwMDA=
dn9WAw,,XjhDOEM4Q3swfSAtIEluIHByb2dyZXNzXjAwMDAwMA==,,,,,XjhDOEM4QyhFbSBDdXJzbykgezB9XjAwMDAwMA==,,XjhDOEM4QyhFbiBjdXJzbykgezB9XjAwMDAwMA==
d39WAw,,ezB9IC0gVHVybmluZyBpbg==,,,,,KEZlaXRvKSB7MH0=,,KEhlY2hvKSB7MH0=
eH9WAw,,XjhDOEM4Q3swfSAtIFdhaXRpbmcgdG8gcmVmcmVzaF4wMDAwMDA=,,,,,XjhDOEM4QyhFbSBFc3BlcmEpIHswfV4wMDAwMDA=,,XjhDOEM4QyhFbiBlc3BlcmEpIHswfV4wMDAwMDA=
eX9WAw,,W3swfV0gezF9,,,,,W3swfV0gezF9,,W3swfV0gezF9
en9WAw,,U3dpZnQgSWNlIFRpdGFu,,,,,VGl0w6MgZGUgR2VsbyDDgWdpbA==,,VGl0w6FuIGRlIGhpZWxvIHZlbG96
e39WAw,,XjhDOEM4Q1t7MH1dIHsxfV4wMDAwMDA=,,,,,XjhDOEM4Q1t7MH1dIHsxfV4wMDAwMDA=,,XjhDOEM4Q1t7MH1dIHsxfV4wMDAwMDA=
fH9WAw,,XjhDOEM4Q3swfSAtIEluIHByb2dyZXNzXjAwMDAwMA==,,,,,XjhDOEM4QyhFbSBDdXJzbykgezB9XjAwMDAwMA==,,XjhDOEM4QyhFbiBjdXJzbykgezB9XjAwMDAwMA==
fX9WAw,,ezB9IC0gVHVybmluZyBpbg==,,,,,KEZlaXRvKSB7MH0=,,KEhlY2hvKSB7MH0=
fn9WAw,,XjhDOEM4Q3swfSAtIFdhaXRpbmcgdG8gcmVmcmVzaF4wMDAwMDA=,,,,,XjhDOEM4QyhFbSBFc3BlcmEpIHswfV4wMDAwMDA=,,XjhDOEM4QyhFbiBlc3BlcmEpIHswfV4wMDAwMDA=
f39WAw,,W3swfV0gezF9,,,,,W3swfV0gezF9,,W3swfV0gezF9
gH9WAw,,Q2hpZWYgSXNpbGxh,,,,,SXNpbGxhIEFsZmE=,,Q2FiZWNpbGxhIElzaWxsYQ==
gX9WAw,,XjhDOEM4Q1t7MH1dIHsxfV4wMDAwMDA=,,,,,XjhDOEM4Q1t7MH1dIHsxfV4wMDAwMDA=,,XjhDOEM4Q1t7MH1dIHsxfV4wMDAwMDA=
gn9WAw,,XjhDOEM4Q3swfSAtIEluIHByb2dyZXNzXjAwMDAwMA==,,,,,XjhDOEM4QyhFbSBDdXJzbykgezB9XjAwMDAwMA==,,XjhDOEM4QyhFbiBjdXJzbykgezB9XjAwMDAwMA==
g39WAw,,ezB9IC0gVHVybmluZyBpbg==,,,,,KEZlaXRvKSB7MH0=,,KEhlY2hvKSB7MH0=
hH9WAw,,XjhDOEM4Q3swfSAtIFdhaXRpbmcgdG8gcmVmcmVzaF4wMDAwMDA=,,,,,XjhDOEM4QyhFbSBFc3BlcmEpIHswfV4wMDAwMDA=,,XjhDOEM4QyhFbiBlc3BlcmEpIHswfV4wMDAwMDA=
hX9WAw,,W3swfV0gezF9,,,,,W3swfV0gezF9,,W3swfV0gezF9
hn9WAw,,Q2hpZWYgRWNoaW8=,,,,,RWNoaW8gQWxmYQ==,,Q2FiZWNpbGxhIEVjaGlv
h39WAw,,XjhDOEM4Q1t7MH1dIHsxfV4wMDAwMDA=,,,,,XjhDOEM4Q1t7MH1dIHsxfV4wMDAwMDA=,,XjhDOEM4Q1t7MH1dIHsxfV4wMDAwMDA=
iH9WAw,,XjhDOEM4Q3swfSAtIEluIHByb2dyZXNzXjAwMDAwMA==,,,,,XjhDOEM4QyhFbSBDdXJzbykgezB9XjAwMDAwMA==,,XjhDOEM4QyhFbiBjdXJzbykgezB9XjAwMDAwMA==
iX9WAw,,ezB9IC0gVHVybmluZyBpbg==,,,,,KEZlaXRvKSB7MH0=,,KEhlY2hvKSB7MH0=
in9WAw,,XjhDOEM4Q3swfSAtIFdhaXRpbmcgdG8gcmVmcmVzaF4wMDAwMDA=,,,,,XjhDOEM4QyhFbSBFc3BlcmEpIHswfV4wMDAwMDA=,,XjhDOEM4QyhFbiBlc3BlcmEpIHswfV4wMDAwMDA=
i39WAw,,W3swfV0gezF9,,,,,W3swfV0gezF9,,W3swfV0gezF9
jH9WAw,,U3dpZnQgQWdhdg==,,,,,QWdhdiDDgWdpbA==,,QWdhdiB2ZWxveg==
jX9WAw,,XjhDOEM4Q1t7MH1dIHsxfV4wMDAwMDA=,,,,,XjhDOEM4Q1t7MH1dIHsxfV4wMDAwMDA=,,XjhDOEM4Q1t7MH1dIHsxfV4wMDAwMDA=
jn9WAw,,XjhDOEM4Q3swfSAtIEluIHByb2dyZXNzXjAwMDAwMA==,,,,,XjhDOEM4QyhFbSBDdXJzbykgezB9XjAwMDAwMA==,,XjhDOEM4QyhFbiBjdXJzbykgezB9XjAwMDAwMA==
j39WAw,,ezB9IC0gVHVybmluZyBpbg==,,,,,KEZlaXRvKSB7MH0=,,KEhlY2hvKSB7MH0=
kH9WAw,,XjhDOEM4Q3swfSAtIFdhaXRpbmcgdG8gcmVmcmVzaF4wMDAwMDA=,,,,,XjhDOEM4QyhFbSBFc3BlcmEpIHswfV4wMDAwMDA=,,XjhDOEM4QyhFbiBlc3BlcmEpIHswfV4wMDAwMDA=
kX9WAw,,W3swfV0gezF9,,,,,W3swfV0gezF9,,W3swfV0gezF9
kn9WAw,,W0NoYW1waW9uIE1vbnN0ZXIgSHVudCBNaXNzaW9uIEJvYXJkXQpUaGlzIGlzIHRoZSBDaGFtcGlvbiBNb25zdGVyIEh1bnQgTWlzc2lvbiBCb2FyZCBmb3IgdGhlIF40RDRERkZMb2NhbCBhcmVhIGFuZCBGb3JlaWduIFdvcmxkXjAwMDAwMCByZWdpb24u,,,,,W01pc3PDtWVzIEVzcGVjaWFpc10KXjRENERGRk91dHJhcyBSZWdpw7Vlc14wMDAwMDAgLSBTb2xpY2l0YcOnw7VlcyBkZSBjYcOnYS4=,,W01pc2lvbmVzIEVzcGVjaWFsZXNdCl40RDRERkZPdHJhcyBSZWdpb25lc14wMDAwMDAgLSBTb2xpY2l0dWRlcyBkZSBjYXphLg==
k39WAw,,RnVyaW91cyBTbW9raWU=,,,,,RnVtYWNlbnRvIEZlcm96,,SHVtbyBmZXJveg==
lH9WAw,,XjhDOEM4Q1t7MH1dIHsxfV4wMDAwMDA=,,,,,XjhDOEM4Q1t7MH1dIHsxfV4wMDAwMDA=,,XjhDOEM4Q1t7MH1dIHsxfV4wMDAwMDA=
lX9WAw,,XjhDOEM4Q3swfSAtIEluIHByb2dyZXNzXjAwMDAwMA==,,,,,XjhDOEM4QyhFbSBDdXJzbykgezB9XjAwMDAwMA==,,XjhDOEM4QyhFbiBjdXJzbykgezB9XjAwMDAwMA==
ln9WAw,,ezB9IC0gVHVybmluZyBpbg==,,,,,KEZlaXRvKSB7MH0=,,KEhlY2hvKSB7MH0=
l39WAw,,XjhDOEM4Q3swfSAtIFdhaXRpbmcgdG8gcmVmcmVzaF4wMDAwMDA=,,,,,XjhDOEM4QyhFbSBFc3BlcmEpIHswfV4wMDAwMDA=,,XjhDOEM4QyhFbiBlc3BlcmEpIHswfV4wMDAwMDA=
mH9WAw,,W3swfV0gezF9,,,,,W3swfV0gezF9,,W3swfV0gezF9
mX9WAw,,Q2hpZWYgRHVtcGxpbmcgQ2hpbGQ=,,,,,UGlycmFsaG8gQWxmYQ==,,Q2FiZWNpbGxhIGNoaWNvIGR1bXBsaW5n
mn9WAw,,XjhDOEM4Q1t7MH1dIHsxfV4wMDAwMDA=,,,,,XjhDOEM4Q1t7MH1dIHsxfV4wMDAwMDA=,,XjhDOEM4Q1t7MH1dIHsxfV4wMDAwMDA=
m39WAw,,XjhDOEM4Q3swfSAtIEluIHByb2dyZXNzXjAwMDAwMA==,,,,,XjhDOEM4QyhFbSBDdXJzbykgezB9XjAwMDAwMA==,,XjhDOEM4QyhFbiBjdXJzbykgezB9XjAwMDAwMA==
nH9WAw,,ezB9IC0gVHVybmluZyBpbg==,,,,,KEZlaXRvKSB7MH0=,,KEhlY2hvKSB7MH0=
nX9WAw,,XjhDOEM4Q3swfSAtIFdhaXRpbmcgdG8gcmVmcmVzaF4wMDAwMDA=,,,,,XjhDOEM4QyhFbSBFc3BlcmEpIHswfV4wMDAwMDA=,,XjhDOEM4QyhFbiBlc3BlcmEpIHswfV4wMDAwMDA=
nn9WAw,,W3swfV0gezF9,,,,,W3swfV0gezF9,,W3swfV0gezF9
n39WAw,,RnVyaW91cyBUb3VjYW4=,,,,,RXNww61yaXRvIGRvIFZlbnRvIEZlcm96,,VHVjw6FuIGZ1cmlvc28=
oH9WAw,,XjhDOEM4Q1t7MH1dIHsxfV4wMDAwMDA=,,,,,XjhDOEM4Q1t7MH1dIHsxfV4wMDAwMDA=,,XjhDOEM4Q1t7MH1dIHsxfV4wMDAwMDA=
oX9WAw,,XjhDOEM4Q3swfSAtIEluIHByb2dyZXNzXjAwMDAwMA==,,,,,XjhDOEM4QyhFbSBDdXJzbykgezB9XjAwMDAwMA==,,XjhDOEM4QyhFbiBjdXJzbykgezB9XjAwMDAwMA==
on9WAw,,ezB9IC0gVHVybmluZyBpbg==,,,,,KEZlaXRvKSB7MH0=,,KEhlY2hvKSB7MH0=
o39WAw,,XjhDOEM4Q3swfSAtIFdhaXRpbmcgdG8gcmVmcmVzaF4wMDAwMDA=,,,,,XjhDOEM4QyhFbSBFc3BlcmEpIHswfV4wMDAwMDA=,,XjhDOEM4QyhFbiBlc3BlcmEpIHswfV4wMDAwMDA=
pH9WAw,,W3swfV0gezF9,,,,,W3swfV0gezF9,,W3swfV0gezF9
pX9WAw,,U29saWQgU2lkZSBXaW5kZXI=,,,,,U29ycmF0ZWlybyBCcnV0YWw=,,Q3LDs3RhbG8gc8OzbGlkbw==
pn9WAw,,XjhDOEM4Q1t7MH1dIHsxfV4wMDAwMDA=,,,,,XjhDOEM4Q1t7MH1dIHsxfV4wMDAwMDA=,,XjhDOEM4Q1t7MH1dIHsxfV4wMDAwMDA=
p39WAw,,XjhDOEM4Q3swfSAtIEluIHByb2dyZXNzXjAwMDAwMA==,,,,,XjhDOEM4QyhFbSBDdXJzbykgezB9XjAwMDAwMA==,,XjhDOEM4QyhFbiBjdXJzbykgezB9XjAwMDAwMA==
qH9WAw,,ezB9IC0gVHVybmluZyBpbg==,,,,,KEZlaXRvKSB7MH0=,,KEhlY2hvKSB7MH0=
qX9WAw,,XjhDOEM4Q3swfSAtIFdhaXRpbmcgdG8gcmVmcmVzaF4wMDAwMDA=,,,,,XjhDOEM4QyhFbSBFc3BlcmEpIHswfV4wMDAwMDA=,,XjhDOEM4QyhFbiBlc3BlcmEpIHswfV4wMDAwMDA=
qn9WAw,,W3swfV0gezF9,,,,,W3swfV0gezF9,,W3swfV0gezF9
q39WAw,,U3dpZnQgS2FyYWthc2E=,,,,,S2FyYWthc2Egw4FnaWw=,,S2FyYWthc2EgdmVsb3o=
rH9WAw,,XjhDOEM4Q1t7MH1dIHsxfV4wMDAwMDA=,,,,,XjhDOEM4Q1t7MH1dIHsxfV4wMDAwMDA=,,XjhDOEM4Q1t7MH1dIHsxfV4wMDAwMDA=
rX9WAw,,XjhDOEM4Q3swfSAtIEluIHByb2dyZXNzXjAwMDAwMA==,,,,,XjhDOEM4QyhFbSBDdXJzbykgezB9XjAwMDAwMA==,,XjhDOEM4QyhFbiBjdXJzbykgezB9XjAwMDAwMA==
rn9WAw,,ezB9IC0gVHVybmluZyBpbg==,,,,,KEZlaXRvKSB7MH0=,,KEhlY2hvKSB7MH0=
r39WAw,,XjhDOEM4Q3swfSAtIFdhaXRpbmcgdG8gcmVmcmVzaF4wMDAwMDA=,,,,,XjhDOEM4QyhFbSBFc3BlcmEpIHswfV4wMDAwMDA=,,XjhDOEM4QyhFbiBlc3BlcmEpIHswfV4wMDAwMDA=
sH9WAw,,W3swfV0gezF9,,,,,W3swfV0gezF9,,W3swfV0gezF9
sX9WAw,,RWx1c2l2ZSBNaSBHYW8=,,,,,TWkgR2FvIEZ1Z2F6,,TWkgR2FvIGVsdXNpdm8=
sn9WAw,,XjhDOEM4Q1t7MH1dIHsxfV4wMDAwMDA=,,,,,XjhDOEM4Q1t7MH1dIHsxfV4wMDAwMDA=,,XjhDOEM4Q1t7MH1dIHsxfV4wMDAwMDA=
s39WAw,,XjhDOEM4Q3swfSAtIEluIHByb2dyZXNzXjAwMDAwMA==,,,,,XjhDOEM4QyhFbSBDdXJzbykgezB9XjAwMDAwMA==,,XjhDOEM4QyhFbiBjdXJzbykgezB9XjAwMDAwMA==
tH9WAw,,ezB9IC0gVHVybmluZyBpbg==,,,,,KEZlaXRvKSB7MH0=,,KEhlY2hvKSB7MH0=
tX9WAw,,XjhDOEM4Q3swfSAtIFdhaXRpbmcgdG8gcmVmcmVzaF4wMDAwMDA=,,,,,XjhDOEM4QyhFbSBFc3BlcmEpIHswfV4wMDAwMDA=,,XjhDOEM4QyhFbiBlc3BlcmEpIHswfV4wMDAwMDA=
tn9WAw,,W3swfV0gezF9,,,,,W3swfV0gezF9,,W3swfV0gezF9
t39WAw,,RWx1c2l2ZSBMdWNpb2xhIFZlc3Bh,,,,,VmVzcGEgVmFnYWx1bWUgRnVnYXo=,,THVjaW9sYSBWZXNwYSBlbHVzaXZh
uH9WAw,,XjhDOEM4Q1t7MH1dIHsxfV4wMDAwMDA=,,,,,XjhDOEM4Q1t7MH1dIHsxfV4wMDAwMDA=,,XjhDOEM4Q1t7MH1dIHsxfV4wMDAwMDA=
uX9WAw,,XjhDOEM4Q3swfSAtIEluIHByb2dyZXNzXjAwMDAwMA==,,,,,XjhDOEM4QyhFbSBDdXJzbykgezB9XjAwMDAwMA==,,XjhDOEM4QyhFbiBjdXJzbykgezB9XjAwMDAwMA==
un9WAw,,ezB9IC0gVHVybmluZyBpbg==,,,,,KEZlaXRvKSB7MH0=,,KEhlY2hvKSB7MH0=
u39WAw,,XjhDOEM4Q3swfSAtIFdhaXRpbmcgdG8gcmVmcmVzaF4wMDAwMDA=,,,,,XjhDOEM4QyhFbSBFc3BlcmEpIHswfV4wMDAwMDA=,,XjhDOEM4QyhFbiBlc3BlcmEpIHswfV4wMDAwMDA=
vH9WAw,,W3swfV0gezF9,,,,,W3swfV0gezF9,,W3swfV0gezF9
vX9WAw,,U29saWQgRGFyayBQaW5ndWljdWxh,,,,,UGluZ3VpY3VsYSBCcnV0YWw=,,UGluZ3VpY3VsYSBvc2N1cmEgc8OzbGlkYQ==
vn9WAw,,XjhDOEM4Q1t7MH1dIHsxfV4wMDAwMDA=,,,,,XjhDOEM4Q1t7MH1dIHsxfV4wMDAwMDA=,,XjhDOEM4Q1t7MH1dIHsxfV4wMDAwMDA=
v39WAw,,XjhDOEM4Q3swfSAtIEluIHByb2dyZXNzXjAwMDAwMA==,,,,,XjhDOEM4QyhFbSBDdXJzbykgezB9XjAwMDAwMA==,,XjhDOEM4QyhFbiBjdXJzbykgezB9XjAwMDAwMA==
wH9WAw,,ezB9IC0gVHVybmluZyBpbg==,,,,,KEZlaXRvKSB7MH0=,,KEhlY2hvKSB7MH0=
wX9WAw,,XjhDOEM4Q3swfSAtIFdhaXRpbmcgdG8gcmVmcmVzaF4wMDAwMDA=,,,,,XjhDOEM4QyhFbSBFc3BlcmEpIHswfV4wMDAwMDA=,,XjhDOEM4QyhFbiBlc3BlcmEpIHswfV4wMDAwMDA=
wn9WAw,,W3swfV0gezF9,,,,,W3swfV0gezF9,,W3swfV0gezF9
w39WAw,,U3dpZnQgQ2VudGlwZWRl,,,,,Q2VudG9wZWlhIMOBZ2ls,,RXNjb2xvcGVuZHJhIHZlbG96
xH9WAw,,XjhDOEM4Q1t7MH1dIHsxfV4wMDAwMDA=,,,,,XjhDOEM4Q1t7MH1dIHsxfV4wMDAwMDA=,,XjhDOEM4Q1t7MH1dIHsxfV4wMDAwMDA=
xX9WAw,,XjhDOEM4Q3swfSAtIEluIHByb2dyZXNzXjAwMDAwMA==,,,,,XjhDOEM4QyhFbSBDdXJzbykgezB9XjAwMDAwMA==,,XjhDOEM4QyhFbiBjdXJzbykgezB9XjAwMDAwMA==
xn9WAw,,ezB9IC0gVHVybmluZyBpbg==,,,,,KEZlaXRvKSB7MH0=,,KEhlY2hvKSB7MH0=
x39WAw,,XjhDOEM4Q3swfSAtIFdhaXRpbmcgdG8gcmVmcmVzaF4wMDAwMDA=,,,,,XjhDOEM4QyhFbSBFc3BlcmEpIHswfV4wMDAwMDA=,,XjhDOEM4QyhFbiBlc3BlcmEpIHswfV4wMDAwMDA=
yH9WAw,,W3swfV0gezF9,,,,,W3swfV0gezF9,,W3swfV0gezF9
yX9WAw,,Q2hpZWYgRG9sb21lZGVz,,,,,RG9sb21lZGVzIEFsZmE=,,Q2FiZWNpbGxhIERvbG9tZWRlcw==
yn9WAw,,XjhDOEM4Q1t7MH1dIHsxfV4wMDAwMDA=,,,,,XjhDOEM4Q1t7MH1dIHsxfV4wMDAwMDA=,,XjhDOEM4Q1t7MH1dIHsxfV4wMDAwMDA=
y39WAw,,XjhDOEM4Q3swfSAtIEluIHByb2dyZXNzXjAwMDAwMA==,,,,,XjhDOEM4QyhFbSBDdXJzbykgezB9XjAwMDAwMA==,,XjhDOEM4QyhFbiBjdXJzbykgezB9XjAwMDAwMA==
zH9WAw,,ezB9IC0gVHVybmluZyBpbg==,,,,,KEZlaXRvKSB7MH0=,,KEhlY2hvKSB7MH0=
zX9WAw,,XjhDOEM4Q3swfSAtIFdhaXRpbmcgdG8gcmVmcmVzaF4wMDAwMDA=,,,,,XjhDOEM4QyhFbSBFc3BlcmEpIHswfV4wMDAwMDA=,,XjhDOEM4QyhFbiBlc3BlcmEpIHswfV4wMDAwMDA=
zn9WAw,,W3swfV0gezF9,,,,,W3swfV0gezF9,,W3swfV0gezF9
z39WAw,,RWx1c2l2ZSBBbnRsZXIgU2NhcmFiYQ==,,,,,U2NhcmFiYSBHYWxoYWRvIEZ1Z2F6,,RXNjYXJhYmFqbyBwZWx1ZG8=
0H9WAw,,XjhDOEM4Q1t7MH1dIHsxfV4wMDAwMDA=,,,,,XjhDOEM4Q1t7MH1dIHsxfV4wMDAwMDA=,,XjhDOEM4Q1t7MH1dIHsxfV4wMDAwMDA=
0X9WAw,,XjhDOEM4Q3swfSAtIEluIHByb2dyZXNzXjAwMDAwMA==,,,,,XjhDOEM4QyhFbSBDdXJzbykgezB9XjAwMDAwMA==,,XjhDOEM4QyhFbiBjdXJzbykgezB9XjAwMDAwMA==
0n9WAw,,ezB9IC0gVHVybmluZyBpbg==,,,,,KEZlaXRvKSB7MH0=,,KEhlY2hvKSB7MH0=
039WAw,,XjhDOEM4Q3swfSAtIFdhaXRpbmcgdG8gcmVmcmVzaF4wMDAwMDA=,,,,,XjhDOEM4QyhFbSBFc3BlcmEpIHswfV4wMDAwMDA=,,XjhDOEM4QyhFbiBlc3BlcmEpIHswfV4wMDAwMDA=
1H9WAw,,W3swfV0gezF9,,,,,W3swfV0gezF9,,W3swfV0gezF9
1X9WAw,,Q2hpZWYgTWltaW5n,,,,,UGxhZ2lhZG9yIEFsZmE=,,Q2FiZWNpbGxhIE3DrW1pY28=
1n9WAw,,XjhDOEM4Q1t7MH1dIHsxfV4wMDAwMDA=,,,,,XjhDOEM4Q1t7MH1dIHsxfV4wMDAwMDA=,,XjhDOEM4Q1t7MH1dIHsxfV4wMDAwMDA=
139WAw,,XjhDOEM4Q3swfSAtIEluIHByb2dyZXNzXjAwMDAwMA==,,,,,XjhDOEM4QyhFbSBDdXJzbykgezB9XjAwMDAwMA==,,XjhDOEM4QyhFbiBjdXJzbykgezB9XjAwMDAwMA==
2H9WAw,,ezB9IC0gVHVybmluZyBpbg==,,,,,KEZlaXRvKSB7MH0=,,KEhlY2hvKSB7MH0=
2X9WAw,,XjhDOEM4Q3swfSAtIFdhaXRpbmcgdG8gcmVmcmVzaF4wMDAwMDA=,,,,,XjhDOEM4QyhFbSBFc3BlcmEpIHswfV4wMDAwMDA=,,XjhDOEM4QyhFbiBlc3BlcmEpIHswfV4wMDAwMDA=
2n9WAw,,W3swfV0gezF9,,,,,W3swfV0gezF9,,W3swfV0gezF9
239WAw,,RnVyaW91cyBMaXR0bGUgRmF0dW0=,,,,,UGVxdWVubyBGYXR1bSBGZXJveg==,,RmF0dW0gcGVxdWXDsW8gZnVyaW9zbw==
3H9WAw,,XjhDOEM4Q1t7MH1dIHsxfV4wMDAwMDA=,,,,,XjhDOEM4Q1t7MH1dIHsxfV4wMDAwMDA=,,XjhDOEM4Q1t7MH1dIHsxfV4wMDAwMDA=
3X9WAw,,XjhDOEM4Q3swfSAtIEluIHByb2dyZXNzXjAwMDAwMA==,,,,,XjhDOEM4QyhFbSBDdXJzbykgezB9XjAwMDAwMA==,,XjhDOEM4QyhFbiBjdXJzbykgezB9XjAwMDAwMA==
3n9WAw,,ezB9IC0gVHVybmluZyBpbg==,,,,,KEZlaXRvKSB7MH0=,,KEhlY2hvKSB7MH0=
339WAw,,XjhDOEM4Q3swfSAtIFdhaXRpbmcgdG8gcmVmcmVzaF4wMDAwMDA=,,,,,XjhDOEM4QyhFbSBFc3BlcmEpIHswfV4wMDAwMDA=,,XjhDOEM4QyhFbiBlc3BlcmEpIHswfV4wMDAwMDA=
4H9WAw,,W3swfV0gezF9,,,,,W3swfV0gezF9,,W3swfV0gezF9
4X9WAw,,RWFybmVzdCBTb2dpbA==,,,,,TW9uc3Ryw7Nsb2dv,,TW9uc3RydcOzbG9nbw==
4n9WAw,,W0Vhcm5lc3QgU29naWxdCkNhbm5vdCBjb250aW51ZTogSW52ZW50b3J5IGlzIGZ1bGwuIFBsZWFzZSBjb21lIHRhbGsgdG8gbWUgYWdhaW4gYWZ0ZXIgcmVvcmdhbml6aW5nIHlvdXIgaW52ZW50b3J5Lg==,,,,,W01vbnN0csOzbG9nb10KVm9jw6ogdGVtIGl0ZW5zIGRlbWFpcyBlIG7Do28gcG9kZSBwcm9zc2VndWlyLg==,,W01vbnN0cnXDs2xvZ29dClRpZW5lIGRlbWFzaWFkb3MgZWxlbWVudG9zIHkgbm8gcHVlZGUgY29udGludWFyLg==
439WAw,,W0Vhcm5lc3QgU29naWxdCkhlbGxvLiBJIGFtIF4wMDAwQ0RTb2dpbF4wMDAwMDAsIGFuZCBJIG1hbmFnZSB0aGUgQ2hhbXBpb24gSHVudCBNaXNzaW9uIEJvYXJkLg==,,,,,W01vbnN0csOzbG9nb10KT2zDoSwgZXUgc291IF4wMDAwQ0RTb2dpbF4wMDAwMDAsIHNvbGljaXRhZG9yIGRvIHF1YWRybyBkZSBNaXNzw7VlcyBFc3BlY2lhaXMu,,W01vbnN0cnXDs2xvZ29dCkhvbGEsIHNveSBeMDAwMENEU29naWxeMDAwMDAwLCBhYm9nYWRvIGRlbCBlcXVpcG8gZGUgTWlzaW9uZXMgRXNwZWNpYWxlcy4=
5H9WAw,,W0Vhcm5lc3QgU29naWxdClJlYWQgdGhlIGJvYXJkIGluIGZyb250IG9mIG1lIHRvIHJlY2VpdmUgcXVlc3RzIGZvciBodW50aW5nIENoYW1waW9uIG1vbnN0ZXJzLg==,,,,,W01vbnN0csOzbG9nb10KQmFzdGEgYXRlbmRlciBvcyBwZWRpZG9zIGRhcXVlbGUgcXVhZHJvIHBhcmEgY29tZcOnYXIgYSBjYcOnYXIu,,W01vbnN0cnXDs2xvZ29dClNpbXBsZW1lbnRlIGN1bXBsZSBjb24gbGFzIHNvbGljaXR1ZGVzIGVuIGVzZSB0YWJsZXJvIHBhcmEgY29tZW56YXIgYSBjYXphci4=
5X9WAw,,W0Vhcm5lc3QgU29naWxdCklmIHlvdSBoYXZlIGFueSBxdWVzdGlvbnMsIG9yIGlmIHlvdSB3b3VsZCBsaWtlIHRvIGNsYWltIHlvdXIgcmV3YXJkcyBmcm9tIGNvbXBsZXRlZCBxdWVzdHMgYWxsIGF0IG9uY2UsIHBsZWFzZSB0YWxrIHRvIG1lLg==,,,,,W01vbnN0csOzbG9nb10KTWUgYXZpc2Ugc2Ugdm9jw6ogZGVzZWphIHBlZ2FyIHRvZGFzIGFzIHJlY29tcGVuc2FzIGRlIHVtYSB2ZXogc8OzLg==,,W01vbnN0cnXDs2xvZ29dCkF2w61zYW1lIHNpIHF1aWVyZXMgcmVjbGFtYXIgdG9kYXMgbGFzIHJlY29tcGVuc2FzIGEgbGEgdmV6Lg==
5n9WAw,,V2hhdCBpcyBhIENoYW1waW9uIE1vbnN0ZXIgSHVudD8=,,,,,TyBxdWUgc8OjbyBNb25zdHJvcyBDYW1wZcO1ZXM/,,wr9RdcOpIHNvbiBsb3MgTW9uc3RydW9zIENhbXBlb25lcz8=
539WAw,,Q2xhaW0gYWxsIHJld2FyZHMu,,,,,UGVnYXIgdG9kYXMgYXMgcmVjb21wZW5zYXM=,,T2J0ZW5nYSB0b2RhcyBsYXMgcmVjb21wZW5zYXM=
6H9WAw,,RW5kIGNvbnZlcnNhdGlvbi4=,,,,,RW5jZXJyYXIgY29udmVyc2E=,,RmluYWxpemFyIGxhIGNvbnZlcnNhY2nDs24=
6X9WAw,,W0Vhcm5lc3QgU29naWxdCkEgY2hhbXBpb24gbW9uc3RlciBzdGFuZHMgb3V0IGZvciBiZWluZyBzdHJvbmdlciB0aGFuIGl0cyBjb21tb24gdmVyc2lvbi4=,,,,,W01vbnN0csOzbG9nb10KVW0gbW9uc3RybyBjYW1wZcOjbyBkZXN0YWNhLXNlIHBvciBzZXIgbWFpcyBmb3J0ZSBxdWUgc3VhIHZlcnPDo28gY29tdW0u,,W01vbnN0cnXDs2xvZ29dClVuIG1vbnN0cnVvIGNhbXBlw7NuIHNlIGRlc3RhY2EgcG9yIHNlciBtw6FzIGZ1ZXJ0ZSBxdWUgc3UgdmVyc2nDs24gY29tw7puLg==
6n9WAw,,W0Vhcm5lc3QgU29naWxdClRoZWlyIG5hbWVzIHdpbGwgaGF2ZSBwcmVmaXhlcywgc3VjaCBhcyBeMDAwMENERW5yYWdlZF4wMDAwMDAgb3IgXjAwMDBDRFN0cm9uZ14wMDAwMDAsIF4wMDAwQ0R0aGV5IHdpbGwgYWxzbyBiZSBjb2xvcmVkIGRpZmZlcmVudGx5IGFuZCBzb21ldGltZXMgZW1pdCBhbiBhdXJhXjAwMDAwMC4=,,,,,W01vbnN0csOzbG9nb10KU2UgdW0gbW9uc3RybyBmb3IgXjAwMDBDRMOBZ2lsXjAwMDAwMCwgc2lnbmlmaWNhIHF1ZSBlbGUgYW5kYSBtdWl0byBtYWlzIHLDoXBpZG8u,,W01vbnN0cnXDs2xvZ29dClNpIHVuIG1vbnN0cnVvIGVzIF4wMDAwQ0TDgWdpbF4wMDAwMDAsIHNpZ25pZmljYSBxdWUgc2UgbXVldmUgbXVjaG8gbcOhcyByw6FwaWRvLg==
639WAw,,W0Vhcm5lc3QgU29naWxdCkEgXjAwMDBDRFNvbGlkXjAwMDAwMCBtb25zdGVyIGlzIGRpZmZlcmVudCBmcm9tIHRoZSB3aWZ0IG9uZSBiZWNhdXNlIGl0IGlzIHNsb3dlciwgYnV0IGl0IGlzIG11Y2ggbW9yZSByZXNpc3RhbnQu,,,,,W01vbnN0csOzbG9nb10KVW0gbW9uc3RybyBeMDAwMENEQnJ1dGFsXjAwMDAwMCDDqSBkaWZlcmVudGUgZG8gw6FnaWwgcG9yIHNlciBtYWlzIGxlbnRvLCBwb3LDqW0sIGVsZSDDqSBtdWl0byBtYWlzIHJlc2lzdGVudGUu,,W01vbnN0cnXDs2xvZ29dClVuIG1vbnN0cnVvIF4wMDAwQ0RCcnV0YWxeMDAwMDAwIHNlIGRpZmVyZW5jaWEgZGUgdW5vIMOhZ2lsIHBvcnF1ZSBlcyBtw6FzIGxlbnRvLCBwZXJvIGVzIG11Y2hvIG3DoXMgcmVzaXN0ZW50ZS4=
7H9WAw,,W0Vhcm5lc3QgU29naWxdClRoZXJlIGFyZSBeMDAwMENEQ2hpZWZeMDAwMDAwIHRoYXQgYXJlIGFsd2F5cyBmb2xsb3dlZCBieSBvdGhlciBtb25zdGVycy4=,,,,,W01vbnN0csOzbG9nb10KRXhpc3RlbSBvcyBeMDAwMENEQWxmYXNeMDAwMDAwIHF1ZSBzZW1wcmUgc8OjbyBzZWd1aWRvcyBwb3Igb3V0cm9zIG1vbnN0cm9zLg==,,W01vbnN0cnXDs2xvZ29dCkhheSBeMDAwMENEQWxmYXNeMDAwMDAwIHF1ZSBzaWVtcHJlIHNvbiBzZWd1aWRvcyBwb3Igb3Ryb3MgbW9uc3RydW9zLg==
7X9WAw,,W0Vhcm5lc3QgU29naWxdCkEgXjAwMDBDREVsdXNpdmVeMDAwMDAwIG1vbnN0ZXIgaXMgaGFyZGVyIHRvIGZpbmQsIHRoZXkgcnVuIGF3YXkgdmVyeSBvZnRlbi4=,,,,,W01vbnN0csOzbG9nb10KSsOhIHVtIG1vbnN0cm8gXjAwMDBDREZ1Z2F6XjAwMDAwMCDDqSBtYWlzIGRpZsOtY2lsIGRlIGVuY29udHJhciwgZWxlcyBmb2dlbSBjb20gbXVpdGEgZnJlcXXDqm5jaWEu,,W01vbnN0cnXDs2xvZ29dClVuIG1vbnN0cnVvIF4wMDAwQ0RGdWdhel4wMDAwMDAgZXMgbcOhcyBkaWbDrWNpbCBkZSBlbmNvbnRyYXIsIGh1eWVuIG11eSBhIG1lbnVkby4=
7n9WAw,,W0Vhcm5lc3QgU29naWxdCkFoISBCZSBjYXJlZnVsIHdpdGggdGhlIF4wMDAwQ0RGdXJpb3VzXjAwMDAwMCwgdGhleSBhdHRhY2sgbXVjaCBmYXN0ZXIu,,,,,W01vbnN0csOzbG9nb10KQWghIEN1aWRhZG8gY29tIG9zIF4wMDAwQ0RGZXJvemVzXjAwMDAwMCwgZWxlcyBhdGFjYW0gbXVpdG8gbWFpcyByw6FwaWRvLg==,,W01vbnN0cnXDs2xvZ29dCsKhQWghIEN1aWRhZG8gY29uIGxvcyBeMDAwMENERmVyb2Nlc14wMDAwMDAsIGF0YWNhbiBtdWNobyBtw6FzIHLDoXBpZG8u
739WAw,,W0Vhcm5lc3QgU29naWxdCkFsbCBtaXNzaW9ucyBhcmUgZGFpbHkgYW5kIGNoYXJhY3RlcnMgXjAwMDBDRHVwIHRvIGxldmVsIDMwXjAwMDAwMCB3aWxsIHJlY2VpdmUgVGVsZXBvcnQgVGlja2V0cyBhbG9uZyB3aXRoIHRoZSBFWFAu,,,,,W01vbnN0csOzbG9nb10KVG9kYXMgYXMgbWlzc8O1ZXMgc8OjbyBkacOhcmlhcyBlIHBlcnNvbmFnZW5zIF4wMDAwQ0RhdMOpIG8gbsOtdmVsIDMwXjAwMDAwMCByZWNlYmVyw6NvIFZhbGVzLVRlbGV0cmFuc3BvcnRlIGp1bnRvIGNvbSBhIEVYUC4=,,W01vbnN0cnXDs2xvZ29dClRvZGFzIGxhcyBtaXNpb25lcyBzb24gZGlhcmlhcyB5IGxvcyBwZXJzb25hamVzIGRlbCBeMDAwMENEYWwgbml2ZWwgMzBeMDAwMDAwIHJlY2liaXLDoW4gQm9sZXRvcyBkZSBUZWxldHJhbnNwb3J0ZSBqdW50byBjb24gbGEgRVhQLg==
8H9WAw,,W0Vhcm5lc3QgU29naWxdClN1cmUsIGxldCBtZSBjaGVjayB0aGF0IGZvciB5b3Uu,,,,,W01vbnN0csOzbG9nb10KQ2VydG8sIGRlaXhlLW1lIGNvbmZlcmlyIHN1YSBsaXN0YSBkZSBjYcOnYWRhLg==,,W01vbnN0cnXDs2xvZ29dCkVzdMOhIGJpZW4sIGTDqWphbWUgcmV2aXNhciB0dSBsaXN0YSBkZSBjYXphLg==
8X9WAw,,W0Vhcm5lc3QgU29naWxdCllvdSBoYXZlIGh1bnRlZCBkb3duIEVsdXNpdmUgSG9ybmV0LiBIZXJlIGlzIHlvdXIgcmV3YXJkLCBhcyBwcm9taXNlZC4=,,,,,W01vbnN0csOzbG9nb10KWmFuZ8OjbyBGdWdheiB0ZW0gdW0gcmVnaXN0cm8gZGUgY2HDp2EuIEJvbSB0cmFiYWxoby4=,,W01vbnN0cnXDs2xvZ29dCkhhcyBjYXphZG8gYSBFbHVzaXZlIEhvcm5ldC4gQXF1w60gZXN0w6EgdHUgcmVjb21wZW5zYSwgY29tbyBwcm9tZXRpc3RlLg==
8n9WAw,,WW91ciByZXdhcmQgaXMgRVhQIDYwMCwgSkVYUCAxLDM1MCwgYW5kIGEgRnJlZSBUaWNrZXQgZm9yIEthZnJhIFRyYW5zcG9ydGF0aW9uLg==,,,,,RVhQIGJhc2UgNjAwLCBFWFAgY2xhc3NlIDEzNTAsIDEgVmFsZS1UZWxldHJhbnNwb3J0ZS4=,,VHUgcmVjb21wZW5zYSBlcyBFWFAgNjAwLCBFWFAgZGUgY2xhc2UgMS4zNTAgeSB1biBiaWxsZXRlIGdyYXR1aXRvIHBhcmEgZWwgdHJhbnNwb3J0ZSBkZSBLYWZyYS4=
839WAw,,WW91ciByZXdhcmQgaXMgNjAwIEVYUCBhbmQgMSwzNTAgSkVYUC4=,,,,,RVhQIGJhc2UgNjAwLCBFWFAgY2xhc3NlIDEzNTAgcmVjZWJpZG8u,,VHUgcmVjb21wZW5zYSBlcyA2MDAgRVhQIHkgMS4zNTAgRVhQIGRlIGNsYXNlLg==
9H9WAw,,W0Vhcm5lc3QgU29naWxdCllvdSBoYXZlIGh1bnRlZCBkb3duIEVsdXNpdmUgUm9ja2VyLiBIZXJlIGlzIHlvdXIgcmV3YXJkLCBhcyBwcm9taXNlZC4=,,,,,W01vbnN0csOzbG9nb10KUm9ja2VyIEZ1Z2F6IHRlbSB1bSByZWdpc3RybyBkZSBjYcOnYS4gQm9tIHRyYWJhbGhvLg==,,W01vbnN0cnXDs2xvZ29dCkhhcyBjYXphZG8gYSBFbHVzaXZlIFJvY2tlci4gQXF1w60gdGllbmVzIFR1IHJlY29tcGVuc2EsIGNvbW8gcHJvbWV0aXN0ZS4=
9X9WAw,,WW91ciByZXdhcmQgaXMgRVhQIDc0MCwgSkVYUCAxLDY3MCwgYW5kIGEgRnJlZSBUaWNrZXQgZm9yIEthZnJhIFRyYW5zcG9ydGF0aW9uLg==,,,,,RVhQIGJhc2UgNzQwLCBFWFAgY2xhc3NlIDE2NzAsIDEgVmFsZS1UZWxldHJhbnNwb3J0ZS4=,,VHUgcmVjb21wZW5zYSBlcyBFWFAgNzQwLCBFWFAgZGUgY2xhc2UgMS42NzAgeSB1biBiaWxsZXRlIGdyYXRpcyBwYXJhIGVsIHRyYW5zcG9ydGUgZGUgS2FmcmEu
9n9WAw,,WW91ciByZXdhcmQgaXMgNzQwIEVYUCBhbmQgMSw2NzAgSkVYUC4=,,,,,RVhQIGJhc2UgNzQwLCBFWFAgY2xhc3NlIDE2NzAgcmVjZWJpZG8u,,VHUgcmVjb21wZW5zYSBlcyA3NDAgRVhQIHkgMS42NzAgRVhQIGRlIGNsYXNlLg==
939WAw,,W0Vhcm5lc3QgU29naWxdCllvdSBoYXZlIGh1bnRlZCBkb3duIEVsdXNpdmUgQW1iZXJuaXRlLiBIZXJlIGlzIHlvdXIgcmV3YXJkLCBhcyBwcm9taXNlZC4=,,,,,W01vbnN0csOzbG9nb10KQW1iZXJuaXRlIEZ1Z2F6IHRlbSB1bSByZWdpc3RybyBkZSBjYcOnYS4gQm9tIHRyYWJhbGhvLg==,,W01vbnN0cnXDs2xvZ29dCkhhcyBjYXphZG8gYSBBbWJlcm5pdGUgZWx1c2l2by4gQXF1w60gdGllbmVzIFR1IHJlY29tcGVuc2EsIGNvbW8gcHJvbWV0aXN0ZS4=
+H9WAw,,WW91ciByZXdhcmQgaXMgRVhQIDg3MCwgSkVYUCAxLDk0MCwgYW5kIGEgRnJlZSBUaWNrZXQgZm9yIEthZnJhIFRyYW5zcG9ydGF0aW9uLg==,,,,,RVhQIGJhc2UgODcwLCBFWFAgY2xhc3NlIDE5NDAsIDEgVmFsZS1UZWxldHJhbnNwb3J0ZS4=,,VHUgcmVjb21wZW5zYSBlcyBFWFAgODcwLCBFWFAgZGUgY2xhc2UgMS45NDAgeSB1biBiaWxsZXRlIGdyYXRpcyBwYXJhIGVsIHRyYW5zcG9ydGUgZGUgS2FmcmEu
+X9WAw,,WW91ciByZXdhcmQgaXMgODcwIEVYUCBhbmQgMSw5NDAgSkVYUC4=,,,,,RVhQIGJhc2UgODcwLCBFWFAgY2xhc3NlIDE5NDAgcmVjZWJpZG8u,,VHUgcmVjb21wZW5zYSBlcyA4NzAgRVhQIHkgMS45NDAgRVhQIGRlIGNsYXNlLg==
+n9WAw,,W0Vhcm5lc3QgU29naWxdCllvdSBoYXZlIGh1bnRlZCBkb3duIENoaWVmIE11a2EuIEhlcmUgaXMgeW91ciByZXdhcmQsIGFzIHByb21pc2VkLg==,,,,,W01vbnN0csOzbG9nb10KTXVrYSBBbGZhIHRlbSB1bSByZWdpc3RybyBkZSBjYcOnYS4gQm9tIHRyYWJhbGhvLg==,,W01vbnN0cnXDs2xvZ29dCkhhcyBjYXphZG8gYWwgSmVmZSBNdWthLiBBcXXDrSBlc3TDoSB0dSByZWNvbXBlbnNhLCBjb21vIHByb21ldGlzdGUu
+39WAw,,WW91ciByZXdhcmQgaXMgRVhQIDEwODAsIEpFWFAgMyw2NTAsIGFuZCBhIEZyZWUgVGlja2V0IGZvciBLYWZyYSBUcmFuc3BvcnRhdGlvbi4=,,,,,RVhQIGJhc2UgMTA4MCwgRVhQIGNsYXNzZSAzNjUwLCAxIFZhbGUtVGVsZXRyYW5zcG9ydGUu,,VHUgcmVjb21wZW5zYSBlcyBFWFAgMTA4MCwgRVhQIGRlIGNsYXNlIDMuNjUwIHkgdW4gYmlsbGV0ZSBncmF0aXMgcGFyYSBlbCB0cmFuc3BvcnRlIGRlIEthZnJhLg==
/H9WAw,,WW91ciByZXdhcmQgaXMgMSwwODAgRVhQIGFuZCAzLDY1MCBKRVhQLg==,,,,,RVhQIGJhc2UgMTA4MCwgRVhQIGNsYXNzZSAzNjUwIHJlY2ViaWRvLg==,,VHUgcmVjb21wZW5zYSBlcyAxLjA4MCBFWFAgeSAzLjY1MCBFWFAgZGUgY2xhc2Uu
/X9WAw,,W0Vhcm5lc3QgU29naWxdCllvdSBoYXZlIGh1bnRlZCBkb3duIENoaWVmIEJpZ2Zvb3QuIEhlcmUgaXMgeW91ciByZXdhcmQsIGFzIHByb21pc2VkLg==,,,,,W01vbnN0csOzbG9nb10KUMOpLUdyYW5kZSBBbGZhIHRlbSB1bSByZWdpc3RybyBkZSBjYcOnYS4gQm9tIHRyYWJhbGhvLg==,,W01vbnN0cnXDs2xvZ29dCkhhcyBjYXphZG8gYWwgSmVmZSBCaWdmb290LiBBcXXDrSBlc3TDoSB0dSByZWNvbXBlbnNhLCBjb21vIHByb21ldGlzdGUu
/n9WAw,,WW91ciByZXdhcmQgaXMgRVhQIDEsMzUwLCBKRVhQIDQsNTUwLCBhbmQgYSBGcmVlIFRpY2tldCBmb3IgS2FmcmEgVHJhbnNwb3J0YXRpb24u,,,,,RVhQIGJhc2UgMTM1MCwgRVhQIGNsYXNzZSA0NTUwLCAxIFZhbGUtVGVsZXRyYW5zcG9ydGUu,,VHUgcmVjb21wZW5zYSBlcyBFWFAgMS4zNTAsIEVYUCBkZSBjbGFzZSA0LjU1MCB5IHVuIGJpbGxldGUgZ3JhdHVpdG8gcGFyYSBlbCB0cmFuc3BvcnRlIGRlIEthZnJhLg==
/39WAw,,WW91ciByZXdhcmQgaXMgMSwzNTAgRVhQIGFuZCA0LDU1MCBKRVhQLg==,,,,,RVhQIGJhc2UgMTM1MCwgRVhQIGNsYXNzZSA0NTUwIHJlY2ViaWRvLg==,,VHUgcmVjb21wZW5zYSBlcyAxLjM1MCBFWFAgeSA0LjU1MCBFWFAgZGUgY2xhc2Uu
AIBWAw,,W0Vhcm5lc3QgU29naWxdCllvdSBoYXZlIGh1bnRlZCBkb3duIFNvbGlkIEhvcm4uIEhlcmUgaXMgeW91ciByZXdhcmQsIGFzIHByb21pc2VkLg==,,,,,W01vbnN0csOzbG9nb10KQmVzb3Vyby1DaGlmcmUgQnJ1dGFsIHRlbSB1bSByZWdpc3RybyBkZSBjYcOnYS4gQm9tIHRyYWJhbGhvLg==,,W01vbnN0cnXDs2xvZ29dCkhhcyBjYXphZG8gYSBDdWVybm8gU8OzbGlkby4gQXF1w60gdGllbmVzIFR1IHJlY29tcGVuc2EsIGNvbW8gcHJvbWV0aXN0ZS4=
AYBWAw,,WW91ciByZXdhcmQgaXMgRVhQIDE2MjAsIEpFWFAgNSw0NTAsIGFuZCBhIEZyZWUgVGlja2V0IGZvciBLYWZyYSBUcmFuc3BvcnRhdGlvbi4=,,,,,RVhQIGJhc2UgMTYyMCwgRVhQIGNsYXNzZSA1NDUwLCAxIFZhbGUtVGVsZXRyYW5zcG9ydGUu,,VHUgcmVjb21wZW5zYSBlcyBFWFAgMTYyMCwgRVhQIGRlIGNsYXNlIDUuNDUwIHkgdW4gYmlsbGV0ZSBncmF0dWl0byBwYXJhIGVsIHRyYW5zcG9ydGUgZGUgS2FmcmEu
AoBWAw,,WW91ciByZXdhcmQgaXMgMSw2MjAgRVhQIGFuZCA1LDQ1MCBKRVhQLg==,,,,,RVhQIGJhc2UgMTYyMCwgRVhQIGNsYXNzZSA1NDUwIHJlY2ViaWRvLg==,,VHUgcmVjb21wZW5zYSBzb24gMS42MjAgRVhQIHkgNS40NTAgRVhQIGRlIGNsYXNlLg==
A4BWAw,,W0Vhcm5lc3QgU29naWxdCllvdSBoYXZlIGh1bnRlZCBkb3duIFN3aWZ0IEVsZGVyIFdpbGxvdy4gSGVyZSBpcyB5b3VyIHJld2FyZCwgYXMgcHJvbWlzZWQu,,,,,W01vbnN0csOzbG9nb10KU2FsZ3VlaXJvIEFuY2nDo28gw4FnaWwgdGVtIHVtIHJlZ2lzdHJvIGRlIGNhw6dhLiBCb20gdHJhYmFsaG8u,,W01vbnN0cnXDs2xvZ29dCkhhcyBjYXphZG8gYSBTd2lmdCBFbGRlciBXaWxsb3cuIEFxdcOtIGVzdMOhIHR1IHJlY29tcGVuc2EsIGNvbW8gcHJvbWV0aXN0ZS4=
BIBWAw,,WW91ciByZXdhcmQgaXMgRVhQIDE3NDAsIEpFWFAgNSw5MDAsIGFuZCBhIEZyZWUgVGlja2V0IGZvciBLYWZyYSBUcmFuc3BvcnRhdGlvbi4=,,,,,RVhQIGJhc2UgMTc0MCwgRVhQIGNsYXNzZSA1OTAwLCAxIFZhbGUtVGVsZXRyYW5zcG9ydGUu,,VHUgcmVjb21wZW5zYSBlcyBFWFAgMTc0MCwgRVhQIGRlIGNsYXNlIDUuOTAwIHkgdW4gYmlsbGV0ZSBncmF0dWl0byBwYXJhIGVsIHRyYW5zcG9ydGUgZGUgS2FmcmEu
BYBWAw,,WW91ciByZXdhcmQgaXMgMSw3NDAgRVhQIGFuZCA1LDkwMCBKRVhQLg==,,,,,RVhQIGJhc2UgMTc0MCwgRVhQIGNsYXNzZSA1OTAwIHJlY2ViaWRvLg==,,VHUgcmVjb21wZW5zYSBlcyAxLjc0MCBFWFAgeSA1LjkwMCBFWFAgZGUgY2xhc2Uu
BoBWAw,,W0Vhcm5lc3QgU29naWxdCllvdSBoYXZlIGh1bnRlZCBkb3duIFNvbGlkIENvY28uIEhlcmUgaXMgeW91ciByZXdhcmQsIGFzIHByb21pc2VkLg==,,,,,W01vbnN0csOzbG9nb10KS29rbyBCcnV0YWwgdGVtIHVtIHJlZ2lzdHJvIGRlIGNhw6dhLiBCb20gdHJhYmFsaG8u,,W01vbnN0cnXDs2xvZ29dCkhhcyBjYXphZG8gYSBTb2xpZCBDb2NvLiBBcXXDrSB0aWVuZXMgVHUgcmVjb21wZW5zYSwgY29tbyBwcm9tZXRpc3RlLg==
B4BWAw,,WW91ciByZXdhcmQgaXMgRVhQIDIsMDMwLCBKRVhQIDYsODQwLCBhbmQgYSBGcmVlIFRpY2tldCBmb3IgS2FmcmEgVHJhbnNwb3J0YXRpb24u,,,,,RVhQIGJhc2UgMjAzMCwgRVhQIGNsYXNzZSA2ODQwLCAxIFZhbGUtVGVsZXRyYW5zcG9ydGUu,,VHUgcmVjb21wZW5zYSBlcyBFWFAgMi4wMzAsIEVYUCBkZSBjbGFzZSA2Ljg0MCB5IHVuIGJpbGxldGUgZ3JhdHVpdG8gcGFyYSBlbCB0cmFuc3BvcnRlIGRlIEthZnJhLg==
CIBWAw,,WW91ciByZXdhcmQgaXMgMiwwMzAgRVhQIGFuZCA2LDg0MCBKRVhQLg==,,,,,RVhQIGJhc2UgMjAzMCwgRVhQIGNsYXNzZSA2ODQwIHJlY2ViaWRvLg==,,VHUgcmVjb21wZW5zYSBlcyAyLjAzMCBFWFAgeSA2Ljg0MCBFWFAgZGUgY2xhc2Uu
CYBWAw,,W0Vhcm5lc3QgU29naWxdCllvdSBoYXZlIGh1bnRlZCBkb3duIFN3aWZ0IFlveW8uIEhlcmUgaXMgeW91ciByZXdhcmQsIGFzIHByb21pc2VkLg==,,,,,W01vbnN0csOzbG9nb10KWW95byDDgWdpbCB0ZW0gdW0gcmVnaXN0cm8gZGUgY2HDp2EuIEJvbSB0cmFiYWxoby4=,,W01vbnN0cnXDs2xvZ29dCkhhcyBjYXphZG8gYSBTd2lmdCBZb3lvLiBBcXXDrSBlc3TDoSB0dSByZWNvbXBlbnNhLCBjb21vIHByb21ldGlzdGUu
CoBWAw,,W0Vhcm5lc3QgU29naWxdCllvdSBoYXZlIGh1bnRlZCBkb3duIEVsdXNpdmUgTWFnbm9saWEuIEhlcmUgaXMgeW91ciByZXdhcmQsIGFzIHByb21pc2VkLg==,,,,,W01vbnN0csOzbG9nb10KTWFnbsOzbGlhIEZ1Z2F6IHRlbSB1bSByZWdpc3RybyBkZSBjYcOnYS4gQm9tIHRyYWJhbGhvLg==,,W01vbnN0cnXDs2xvZ29dCkhhcyBjYXphZG8gYSBNYWdub2xpYSBFbHVzaXZhLiBBcXXDrSB0aWVuZXMgVHUgcmVjb21wZW5zYSwgY29tbyBwcm9tZXRpc3RlLg==
C4BWAw,,WW91ciByZXdhcmQgaXMgRVhQIDMsNDcwLCBKRVhQIDExLDEyMCwgYW5kIGEgRnJlZSBUaWNrZXQgZm9yIEthZnJhIFRyYW5zcG9ydGF0aW9uLg==,,,,,RVhQIGJhc2UgMzQ3MCwgRVhQIGNsYXNzZSAxMTEyMCwgMSBWYWxlLVRlbGV0cmFuc3BvcnRlLg==,,VHUgcmVjb21wZW5zYSBlcyBFWFAgMy40NzAsIEVYUCBkZSBjbGFzZSAxMS4xMjAgeSB1biBiaWxsZXRlIGdyYXR1aXRvIHBhcmEgZWwgdHJhbnNwb3J0ZSBkZSBLYWZyYS4=
DIBWAw,,WW91ciByZXdhcmQgaXMgMyw0NzAgRVhQIGFuZCAxMSwxMjAgSkVYUC4=,,,,,RVhQIGJhc2UgMzQ3MCwgRVhQIGNsYXNzZSAxMTEyMCByZWNlYmlkby4=,,VHUgcmVjb21wZW5zYSBlcyAzLjQ3MCBFWFAgeSAxMS4xMjAgRVhQIGRlIGNsYXNlLg==
DYBWAw,,W0Vhcm5lc3QgU29naWxdCllvdSBoYXZlIGh1bnRlZCBkb3duIEZ1cmlvdXMgT3JjIFdhcnJpb3IuIEhlcmUgaXMgeW91ciByZXdhcmQsIGFzIHByb21pc2VkLg==,,,,,W01vbnN0csOzbG9nb10KR3VlcnJlaXJvIE9yYyBGZXJveiB0ZW0gdW0gcmVnaXN0cm8gZGUgY2HDp2EuIEJvbSB0cmFiYWxoby4=,,W01vbnN0cnXDs2xvZ29dCkhhcyBjYXphZG8gYWwgR3VlcnJlcm8gT3JjbyBGdXJpb3NvLiBBcXXDrSBlc3TDoSB0dSByZWNvbXBlbnNhLCBjb21vIHByb21ldGlzdGUu
DoBWAw,,WW91ciByZXdhcmQgaXMgRVhQIDIsNjMwLCBKRVhQIDEyLDE1MCwgYW5kIGEgRnJlZSBUaWNrZXQgZm9yIEthZnJhIFRyYW5zcG9ydGF0aW9uLg==,,,,,RVhQIGJhc2UgMjYzMCwgRVhQIGNsYXNzZSAxMjE1MCwgMSBWYWxlLVRlbGV0cmFuc3BvcnRlLg==,,VHUgcmVjb21wZW5zYSBlcyBFWFAgMi42MzAsIEVYUCBkZSBjbGFzZSAxMi4xNTAgeSB1biBiaWxsZXRlIGdyYXR1aXRvIHBhcmEgZWwgdHJhbnNwb3J0ZSBkZSBLYWZyYS4=
D4BWAw,,WW91ciByZXdhcmQgaXMgMiw2MzAgRVhQIGFuZCAxMiwxNTAgSkVYUC4=,,,,,RVhQIGJhc2UgMjYzMCwgRVhQIGNsYXNzZSAxMjE1MCByZWNlYmlkby4=,,VHUgcmVjb21wZW5zYSBzb24gMi42MzAgRVhQIHkgMTIuMTUwIEVYUCBkZSBjbGFzZS4=
EIBWAw,,W0Vhcm5lc3QgU29naWxdCllvdSBoYXZlIGh1bnRlZCBkb3duIFN3aWZ0IEdvYmxpbi4gSGVyZSBpcyB5b3VyIHJld2FyZCwgYXMgcHJvbWlzZWQu,,,,,W01vbnN0csOzbG9nb10KR29ibGluIMOBZ2lsIHRlbSB1bSByZWdpc3RybyBkZSBjYcOnYS4gQm9tIHRyYWJhbGhvLg==,,W01vbnN0cnXDs2xvZ29dCkhhcyBjYXphZG8gYSBTd2lmdCBHb2JsaW4uIEFxdcOtIGVzdMOhIHR1IHJlY29tcGVuc2EsIGNvbW8gcHJvbWV0aXN0ZS4=
EYBWAw,,WW91ciByZXdhcmQgaXMgRVhQIDIsNzYwLCBKRVhQIDksMzIwLCBhbmQgYSBGcmVlIFRpY2tldCBmb3IgS2FmcmEgVHJhbnNwb3J0YXRpb24u,,,,,RVhQIGJhc2UgMjc2MCwgRVhQIGNsYXNzZSA5MzIwLCAxIFZhbGUtVGVsZXRyYW5zcG9ydGUu,,VHUgcmVjb21wZW5zYSBlcyBFWFAgMi43NjAsIEVYUCBkZSBjbGFzZSA5LjMyMCB5IHVuIGJpbGxldGUgZ3JhdHVpdG8gcGFyYSBlbCB0cmFuc3BvcnRlIGRlIEthZnJhLg==
EoBWAw,,WW91ciByZXdhcmQgaXMgMiw3NjAgRVhQIGFuZCA5LDMyMCBKRVhQLg==,,,,,RVhQIGJhc2UgMjc2MCwgRVhQIGNsYXNzZSA5MzIwIHJlY2ViaWRvLg==,,VHUgcmVjb21wZW5zYSBzb24gMi43NjAgRVhQIHkgOS4zMjAgRVhQIGRlIGNsYXNlLg==
E4BWAw,,W0Vhcm5lc3QgU29naWxdCllvdSBoYXZlIGh1bnRlZCBkb3duIEVsdXNpdmUgR29ibGluLiBIZXJlIGlzIHlvdXIgcmV3YXJkLCBhcyBwcm9taXNlZC4=,,,,,W01vbnN0csOzbG9nb10KR29ibGluIEZ1Z2F6IHRlbSB1bSByZWdpc3RybyBkZSBjYcOnYS4gQm9tIHRyYWJhbGhvLg==,,W01vbnN0cnXDs2xvZ29dCkhhcyBjYXphZG8gYSBFbHVzaXZlIEdvYmxpbi4gQXF1w60gZXN0w6EgdHUgcmVjb21wZW5zYSwgY29tbyBwcm9tZXRpc3RlLg==
FIBWAw,,W0Vhcm5lc3QgU29naWxdCllvdSBoYXZlIGh1bnRlZCBkb3duIFN3aWZ0IFBldGl0ZS4gSGVyZSBpcyB5b3VyIHJld2FyZCwgYXMgcHJvbWlzZWQu,,,,,W01vbnN0csOzbG9nb10KUGV0aXRlIMOBZ2lsIHRlbSB1bSByZWdpc3RybyBkZSBjYcOnYS4gQm9tIHRyYWJhbGhvLg==,,W01vbnN0cnXDs2xvZ29dCkhhcyBjYXphZG8gYSBTd2lmdCBQZXRpdGUuIEFxdcOtIHRpZW5lcyBUdSByZWNvbXBlbnNhLCBjb21vIHByb21ldGlzdGUu
FYBWAw,,WW91ciByZXdhcmQgaXMgRVhQIDksNjUwLCBKRVhQIDI5LDYxMCwgYW5kIGEgRnJlZSBUaWNrZXQgZm9yIEthZnJhIFRyYW5zcG9ydGF0aW9uLg==,,,,,RVhQIGJhc2UgOTY1MCwgRVhQIGNsYXNzZSAyOTYxMCwgMSBWYWxlLVRlbGV0cmFuc3BvcnRlLg==,,VHUgcmVjb21wZW5zYSBlcyBFWFAgOS42NTAsIEVYUCBkZSBjbGFzZSAyOS42MTAgeSB1biBiaWxsZXRlIGdyYXR1aXRvIHBhcmEgZWwgdHJhbnNwb3J0ZSBkZSBLYWZyYS4=
FoBWAw,,WW91ciByZXdhcmQgaXMgOSw2NTAgRVhQIGFuZCAyOSw2MTAgSkVYUC4=,,,,,RVhQIGJhc2UgOTY1MCwgRVhQIGNsYXNzZSAyOTYxMCByZWNlYmlkby4=,,VHUgcmVjb21wZW5zYSBzb24gOS42NTAgRVhQIHkgMjkuNjEwIEVYUCBkZSBjbGFzZS4=
F4BWAw,,W0Vhcm5lc3QgU29naWxdCllvdSBoYXZlIGh1bnRlZCBkb3duIFNvbGlkIFBldGl0ZS4gSGVyZSBpcyB5b3VyIHJld2FyZCwgYXMgcHJvbWlzZWQu,,,,,W01vbnN0csOzbG9nb10KUGV0aXRlIEJydXRhbCB0ZW0gdW0gcmVnaXN0cm8gZGUgY2HDp2EuIEJvbSB0cmFiYWxoby4=,,W01vbnN0cnXDs2xvZ29dCkhhcyBjYXphZG8gYSBTb2xpZCBQZXRpdGUuIEFxdcOtIHRpZW5lcyBUdSByZWNvbXBlbnNhLCBjb21vIHByb21ldGlzdGUu
GIBWAw,,W0Vhcm5lc3QgU29naWxdCllvdSBoYXZlIGh1bnRlZCBkb3duIEVsdXNpdmUgQ2FyYXQuIEhlcmUgaXMgeW91ciByZXdhcmQsIGFzIHByb21pc2VkLg==,,,,,W01vbnN0csOzbG9nb10KQ2FyYXQgRnVnYXogdGVtIHVtIHJlZ2lzdHJvIGRlIGNhw6dhLiBCb20gdHJhYmFsaG8u,,W01vbnN0cnXDs2xvZ29dCkhhcyBjYXphZG8gYSBFbHVzaXZlIENhcmF0LiBBcXXDrSBlc3TDoSB0dSByZWNvbXBlbnNhLCBjb21vIHByb21ldGlzdGUu
GYBWAw,,WW91ciByZXdhcmQgaXMgRVhQIDE3LDQ5MCwgSkVYUCA0MywyNjMsIGFuZCBhIEZyZWUgVGlja2V0IGZvciBLYWZyYSBUcmFuc3BvcnRhdGlvbi4=,,,,,RVhQIGJhc2UgMTc0OTAsIEVYUCBjbGFzc2UgNDMyNjMsIDEgVmFsZS1UZWxldHJhbnNwb3J0ZS4=,,VHUgcmVjb21wZW5zYSBlcyBFWFAgMTcuNDkwLCBFWFAgZGUgY2xhc2UgNDMuMjYzIHkgdW4gYmlsbGV0ZSBncmF0dWl0byBwYXJhIGVsIHRyYW5zcG9ydGUgZGUgS2FmcmEu
GoBWAw,,WW91ciByZXdhcmQgaXMgMTcsNDkwIEVYUCBhbmQgNDMsMjYzIEpFWFAu,,,,,RVhQIGJhc2UgMTc0OTAsIEVYUCBjbGFzc2UgNDMyNjMgcmVjZWJpZG8u,,VHUgcmVjb21wZW5zYSBlcyAxNy40OTAgRVhQIHkgNDMuMjYzIEVYUCBkZSBjbGFzZS4=
G4BWAw,,W0Vhcm5lc3QgU29naWxdCllvdSBoYXZlIGh1bnRlZCBkb3duIEZ1cmlvdXMgTWFqb3J1cm9zLiBIZXJlIGlzIHlvdXIgcmV3YXJkLCBhcyBwcm9taXNlZC4=,,,,,W01vbnN0csOzbG9nb10KTWFqb3J1cm9zIEZlcm96IHRlbSB1bSByZWdpc3RybyBkZSBjYcOnYS4gQm9tIHRyYWJhbGhvLg==,,W01vbnN0cnXDs2xvZ29dCkhhcyBjYXphZG8gYSBGdXJpb3NvIE1ham9ydXJvcy4gQXF1w60gZXN0w6EgdHUgcmVjb21wZW5zYSwgY29tbyBwcm9tZXRpc3RlLg==
HIBWAw,,WW91ciByZXdhcmQgaXMgRVhQIDI3LDgxMCwgSkVYUCA2NSwzNDAsIGFuZCBhIEZyZWUgVGlja2V0IGZvciBLYWZyYSBUcmFuc3BvcnRhdGlvbi4=,,,,,RVhQIGJhc2UgMjc4MTAsIEVYUCBjbGFzc2UgNjUzNDAsIDEgVmFsZS1UZWxldHJhbnNwb3J0ZS4=,,VHUgcmVjb21wZW5zYSBlcyBFWFAgMjcuODEwLCBFWFAgZGUgY2xhc2UgNjUuMzQwIHkgdW4gYmlsbGV0ZSBncmF0dWl0byBwYXJhIGVsIHRyYW5zcG9ydGUgZGUgS2FmcmEu
HYBWAw,,WW91ciByZXdhcmQgaXMgMjcsODEwIEVYUCBhbmQgNjUsMzQwIEpFWFAu,,,,,RVhQIGJhc2UgMjc4MTAsIEVYUCBjbGFzc2UgNjUzNDAgcmVjZWJpZG8u,,VHUgcmVjb21wZW5zYSBlcyAyNy44MTAgRVhQIHkgNjUuMzQwIEVYUCBkZSBjbGFzZS4=
HoBWAw,,W0Vhcm5lc3QgU29naWxdCllvdSBoYXZlIGh1bnRlZCBkb3duIFNvbGlkIFJheWRyaWMuIEhlcmUgaXMgeW91ciByZXdhcmQsIGFzIHByb21pc2VkLg==,,,,,W01vbnN0csOzbG9nb10KUmF5ZHJpYyBCcnV0YWwgdGVtIHVtIHJlZ2lzdHJvIGRlIGNhw6dhLiBCb20gdHJhYmFsaG8u,,W01vbnN0cnXDs2xvZ29dCkhhcyBjYXphZG8gYSBTb2xpZCBSYXlkcmljLiBBcXXDrSBlc3TDoSB0dSByZWNvbXBlbnNhLCBjb21vIHByb21ldGlzdGUu
H4BWAw,,WW91ciByZXdhcmQgaXMgRVhQIDI3LDAwMCwgSkVYUCA2MSw2MjYsIGFuZCBhIEZyZWUgVGlja2V0IGZvciBLYWZyYSBUcmFuc3BvcnRhdGlvbi4=,,,,,RVhQIGJhc2UgMjcwMDAsIEVYUCBjbGFzc2UgNjE2MjYsIDEgVmFsZS1UZWxldHJhbnNwb3J0ZS4=,,VHUgcmVjb21wZW5zYSBlcyBFWFAgMjcuMDAwLCBFWFAgZGUgY2xhc2UgNjEuNjI2IHkgdW4gYmlsbGV0ZSBncmF0dWl0byBwYXJhIGVsIHRyYW5zcG9ydGUgZGUgS2FmcmEu
IIBWAw,,WW91ciByZXdhcmQgaXMgMjcsMDAwIEVYUCBhbmQgNjEsNjI2IEpFWFAu,,,,,RVhQIGJhc2UgMjcwMDAsIEVYUCBjbGFzc2UgNjE2MjYgcmVjZWJpZG8u,,VHUgcmVjb21wZW5zYSBzb24gMjcuMDAwIEVYUCB5IDYxLjYyNiBFWFAgZGUgY2xhc2Uu
IYBWAw,,W0Vhcm5lc3QgU29naWxdCllvdSBoYXZlIGh1bnRlZCBkb3duIFN3aWZ0IFJheWRyaWMuIEhlcmUgaXMgeW91ciByZXdhcmQsIGFzIHByb21pc2VkLg==,,,,,W01vbnN0csOzbG9nb10KUmF5ZHJpYyDDgWdpbCB0ZW0gdW0gcmVnaXN0cm8gZGUgY2HDp2EuIEJvbSB0cmFiYWxoby4=,,W01vbnN0cnXDs2xvZ29dCkhhcyBjYXphZG8gYWwgVmVsb3ogUmF5ZHJpYy4gQXF1w60gZXN0w6EgdHUgcmVjb21wZW5zYSwgY29tbyBwcm9tZXRpc3RlLg==
IoBWAw,,WW91ciByZXdhcmQgaXMgRVhQIDI3LDAwMCwgSkVYUCA2NCw2MjYsIGFuZCBhIEZyZWUgVGlja2V0IGZvciBLYWZyYSBUcmFuc3BvcnRhdGlvbi4=,,,,,RVhQIGJhc2UgMjcwMDAsIEVYUCBjbGFzc2UgNjQ2MjYsIDEgVmFsZS1UZWxldHJhbnNwb3J0ZS4=,,VHUgcmVjb21wZW5zYSBlcyBFWFAgMjcuMDAwLCBFWFAgZGUgY2xhc2UgNjQuNjI2IHkgdW4gYmlsbGV0ZSBncmF0dWl0byBwYXJhIGVsIHRyYW5zcG9ydGUgZGUgS2FmcmEu
I4BWAw,,WW91ciByZXdhcmQgaXMgMjcsMDAwIEVYUCBhbmQgNjQsNjI2IEpFWFAu,,,,,RVhQIGJhc2UgMjcwMDAsIEVYUCBjbGFzc2UgNjQ2MjYgcmVjZWJpZG8u,,VHUgcmVjb21wZW5zYSBzb24gMjcuMDAwIEVYUCB5IDY0LjYyNiBFWFAgZGUgY2xhc2Uu
JIBWAw,,W0Vhcm5lc3QgU29naWxdCllvdSBoYXZlIGh1bnRlZCBkb3duIEZ1cmlvdXMgV2FuZGVyZXIuIEhlcmUgaXMgeW91ciByZXdhcmQsIGFzIHByb21pc2VkLg==,,,,,W01vbnN0csOzbG9nb10KQW5kYXJpbGhvIEZlcm96IHRlbSB1bSByZWdpc3RybyBkZSBjYcOnYS4gQm9tIHRyYWJhbGhvLg==,,W01vbnN0cnXDs2xvZ29dCkhhcyBjYXphZG8gYSBGdXJpb3VzIFdhbmRlcmVyLiBBcXXDrSBlc3TDoSB0dSByZWNvbXBlbnNhLCBjb21vIHByb21ldGlzdGUu
JYBWAw,,WW91ciByZXdhcmQgaXMgRVhQIDMzLDA0NSwgSkVYUCAxMTAsNjMxLCBhbmQgYSBGcmVlIFRpY2tldCBmb3IgS2FmcmEgVHJhbnNwb3J0YXRpb24u,,,,,RVhQIGJhc2UgMzMwNDUsIEVYUCBjbGFzc2UgMTEwNjMxLCAxIFZhbGUtVGVsZXRyYW5zcG9ydGUu,,VHUgcmVjb21wZW5zYSBlcyBFWFAgMzMuMDQ1LCBFWFAgZGUgY2xhc2UgMTEwLjYzMSB5IHVuIGJpbGxldGUgZ3JhdHVpdG8gcGFyYSBlbCB0cmFuc3BvcnRlIGRlIEthZnJhLg==
JoBWAw,,WW91ciByZXdhcmQgaXMgMzMsMDQ1IEVYUCBhbmQgMTEwLDYzMSBKRVhQLg==,,,,,RVhQIGJhc2UgMzMwNDUsIEVYUCBjbGFzc2UgMTEwNjMxIHJlY2ViaWRvLg==,,VHUgcmVjb21wZW5zYSBlcyAzMy4wNDUgRVhQIHkgMTEwLjYzMSBFWFAgZGUgY2xhc2Uu
J4BWAw,,W0Vhcm5lc3QgU29naWxdCllvdSBoYXZlIGh1bnRlZCBkb3duIEZ1cmlvdXMgU2FuZG1hbi4gSGVyZSBpcyB5b3VyIHJld2FyZCwgYXMgcHJvbWlzZWQu,,,,,W01vbnN0csOzbG9nb10KQXJlbm9zbyBGZXJveiB0ZW0gdW0gcmVnaXN0cm8gZGUgY2HDp2EuIEJvbSB0cmFiYWxoby4=,,W01vbnN0cnXDs2xvZ29dCkhhcyBjYXphZG8gYSBGdXJpb3VzIFNhbmRtYW4uIEFxdcOtIGVzdMOhIHR1IHJlY29tcGVuc2EsIGNvbW8gcHJvbWV0aXN0ZS4=
KIBWAw,,WW91ciByZXdhcmQgaXMgRVhQIDQsOTIwLCBKRVhQIDE1LDg0MCwgYW5kIGEgRnJlZSBUaWNrZXQgZm9yIEthZnJhIFRyYW5zcG9ydGF0aW9uLg==,,,,,RVhQIGJhc2UgNDkyMCwgRVhQIGNsYXNzZSAxNTg0MCwgMSBWYWxlLVRlbGV0cmFuc3BvcnRlLg==,,VHUgcmVjb21wZW5zYSBlcyBFWFAgNC45MjAsIEVYUCBkZSBjbGFzZSAxNS44NDAgeSB1biBiaWxsZXRlIGdyYXR1aXRvIHBhcmEgZWwgdHJhbnNwb3J0ZSBkZSBLYWZyYS4=
KYBWAw,,WW91ciByZXdhcmQgaXMgNCw5MjAgRVhQIGFuZCAxNSw4NDAgSkVYUC4=,,,,,RVhQIGJhc2UgNDkyMCwgRVhQIGNsYXNzZSAxNTg0MCByZWNlYmlkby4=,,VHUgcmVjb21wZW5zYSBzb24gNC45MjAgRVhQIHkgMTUuODQwIEVYUCBkZSBjbGFzZS4=
KoBWAw,,W0Vhcm5lc3QgU29naWxdCllvdSBoYXZlIGh1bnRlZCBkb3duIFN3aWZ0IEZ1ciBTZWFsLiBIZXJlIGlzIHlvdXIgcmV3YXJkLCBhcyBwcm9taXNlZC4=,,,,,W01vbnN0csOzbG9nb10KRm9jYSDDgWdpbCB0ZW0gdW0gcmVnaXN0cm8gZGUgY2HDp2EuIEJvbSB0cmFiYWxoby4=,,W01vbnN0cnXDs2xvZ29dCkhhcyBjYXphZG8gYWwgbG9ibyBtYXJpbm8uIEFxdcOtIGVzdMOhIHR1IHJlY29tcGVuc2EsIGNvbW8gcHJvbWV0aXN0ZS4=
K4BWAw,,WW91ciByZXdhcmQgaXMgRVhQIDIsNzAwLCBKRVhQIDksMDkwLCBhbmQgYSBGcmVlIFRpY2tldCBmb3IgS2FmcmEgVHJhbnNwb3J0YXRpb24u,,,,,RVhQIGJhc2UgMjcwMCwgRVhQIGNsYXNzZSA5MDkwLCAxIFZhbGUtVGVsZXRyYW5zcG9ydGUu,,VHUgcmVjb21wZW5zYSBlcyBFWFAgMi43MDAsIEVYUCBkZSBjbGFzZSA5LjA5MCB5IHVuIGJpbGxldGUgZ3JhdHVpdG8gcGFyYSBlbCB0cmFuc3BvcnRlIGRlIEthZnJhLg==
LIBWAw,,WW91ciByZXdhcmQgaXMgMiw3MDAgRVhQIGFuZCA5LDA5MCBKRVhQLg==,,,,,RVhQIGJhc2UgMjcwMCwgRVhQIGNsYXNzZSA5MDkwIHJlY2ViaWRvLg==,,VHUgcmVjb21wZW5zYSBzb24gMi43MDAgRVhQIHkgOS4wOTAgRVhQIGRlIGNsYXNlLg==
LYBWAw,,W0Vhcm5lc3QgU29naWxdCllvdSBoYXZlIGh1bnRlZCBkb3duIEVsdXNpdmUgR3JlZW4gSWd1YW5hLiBIZXJlIGlzIHlvdXIgcmV3YXJkLCBhcyBwcm9taXNlZC4=,,,,,W01vbnN0csOzbG9nb10KR3JvdmUgRnVnYXogdGVtIHVtIHJlZ2lzdHJvIGRlIGNhw6dhLiBCb20gdHJhYmFsaG8u,,W01vbnN0cnXDs2xvZ29dCkhhcyBjYXphZG8gYSBsYSBJZ3VhbmEgVmVyZGUgRXNjdXJyaWRpemEuIEFxdcOtIHRpZW5lcyBUdSByZWNvbXBlbnNhLCBjb21vIHByb21ldGlzdGUu
LoBWAw,,WW91ciByZXdhcmQgaXMgRVhQIDMsODMwLCBKRVhQIDEyLDMzMCwgYW5kIGEgRnJlZSBUaWNrZXQgZm9yIEthZnJhIFRyYW5zcG9ydGF0aW9uLg==,,,,,RVhQIGJhc2UgMzgzMCwgRVhQIGNsYXNzZSAxMjMzMCwgMSBWYWxlLVRlbGV0cmFuc3BvcnRlLg==,,VHUgcmVjb21wZW5zYSBlcyBFWFAgMy44MzAsIEVYUCBkZSBjbGFzZSAxMi4zMzAgeSB1biBiaWxsZXRlIGdyYXR1aXRvIHBhcmEgZWwgdHJhbnNwb3J0ZSBkZSBLYWZyYS4=
L4BWAw,,WW91ciByZXdhcmQgaXMgMyw4MzAgRVhQIGFuZCAxMiwzMzAgSkVYUC4=,,,,,RVhQIGJhc2UgMzgzMCwgRVhQIGNsYXNzZSAxMjMzMCByZWNlYmlkby4=,,VHUgcmVjb21wZW5zYSBzb24gMy44MzAgRVhQIHkgMTIuMzMwIEVYUCBkZSBjbGFzZS4=
MIBWAw,,W0Vhcm5lc3QgU29naWxdCllvdSBoYXZlIGh1bnRlZCBkb3duIFNvbGlkIEFsbGlnYXRvci4gSGVyZSBpcyB5b3VyIHJld2FyZCwgYXMgcHJvbWlzZWQu,,,,,W01vbnN0csOzbG9nb10KQ3JvY29kaWxvIEJydXRhbCB0ZW0gdW0gcmVnaXN0cm8gZGUgY2HDp2EuIEJvbSB0cmFiYWxoby4=,,W01vbnN0cnXDs2xvZ29dCkhhcyBjYXphZG8gYSBTb2xpZCBBbGxpZ2F0b3IuIEFxdcOtIGVzdMOhIHR1IHJlY29tcGVuc2EsIGNvbW8gcHJvbWV0aXN0ZS4=
MYBWAw,,W0Vhcm5lc3QgU29naWxdCllvdSBoYXZlIGh1bnRlZCBkb3duIEZ1cmlvdXMgV29vdGFuIEZpZ2h0ZXIuIEhlcmUgaXMgeW91ciByZXdhcmQsIGFzIHByb21pc2VkLg==,,,,,W01vbnN0csOzbG9nb10KR3VlcnJlaXJvIFdvb3RhbiBGZXJveiB0ZW0gdW0gcmVnaXN0cm8gZGUgY2HDp2EuIEJvbSB0cmFiYWxoby4=,,W01vbnN0cnXDs2xvZ29dCkhhcyBjYXphZG8gYSBGdXJpb3VzIFdvb3RhbiBGaWdodGVyLiBBcXXDrSBlc3TDoSB0dSByZWNvbXBlbnNhLCBjb21vIHByb21ldGlzdGUu
MoBWAw,,WW91ciByZXdhcmQgaXMgRVhQIDUsNTgwLCBKRVhQIDE3LDk2MCwgYW5kIGEgRnJlZSBUaWNrZXQgZm9yIEthZnJhIFRyYW5zcG9ydGF0aW9uLg==,,,,,RVhQIGJhc2UgNTU4MCwgRVhQIGNsYXNzZSAxNzk2MCwgMSBWYWxlLVRlbGV0cmFuc3BvcnRlLg==,,VHUgcmVjb21wZW5zYSBlcyBFWFAgNS41ODAsIEVYUCBkZSBjbGFzZSAxNy45NjAgeSB1biBiaWxsZXRlIGdyYXR1aXRvIHBhcmEgZWwgdHJhbnNwb3J0ZSBkZSBLYWZyYS4=
M4BWAw,,WW91ciByZXdhcmQgaXMgNSw1ODAgRVhQIGFuZCAxNyw5NjAgSkVYUC4=,,,,,RVhQIGJhc2UgNTU4MCwgRVhQIGNsYXNzZSAxNzk2MCByZWNlYmlkby4=,,VHUgcmVjb21wZW5zYSBlcyA1LjU4MCBFWFAgeSAxNy45NjAgRVhQIGRlIGNsYXNlLg==
NIBWAw,,W0Vhcm5lc3QgU29naWxdCllvdSBoYXZlIGh1bnRlZCBkb3duIFN3aWZ0IERyeWFkLiBIZXJlIGlzIHlvdXIgcmV3YXJkLCBhcyBwcm9taXNlZC4=,,,,,W01vbnN0csOzbG9nb10KRHLDrWFkZSDDgWdpbCB0ZW0gdW0gcmVnaXN0cm8gZGUgY2HDp2EuIEJvbSB0cmFiYWxoby4=,,W01vbnN0cnXDs2xvZ29dCkhhcyBjYXphZG8gYSBsYSBkcsOtYWRlIHZlbmNlam8uIEFxdcOtIGVzdMOhIHR1IHJlY29tcGVuc2EsIGNvbW8gcHJvbWV0aXN0ZS4=
NYBWAw,,WW91ciByZXdhcmQgaXMgRVhQIDYsNTkwLCBKRVhQIDIxLDExMCwgYW5kIGEgRnJlZSBUaWNrZXQgZm9yIEthZnJhIFRyYW5zcG9ydGF0aW9uLg==,,,,,RVhQIGJhc2UgNjU5MCwgRVhQIGNsYXNzZSAyMTExMCwgMSBWYWxlLVRlbGV0cmFuc3BvcnRlLg==,,VHUgcmVjb21wZW5zYSBlcyBFWFAgNi41OTAsIEVYUCBkZSBjbGFzZSAyMS4xMTAgeSB1biBiaWxsZXRlIGdyYXR1aXRvIHBhcmEgZWwgdHJhbnNwb3J0ZSBkZSBLYWZyYS4=
NoBWAw,,WW91ciByZXdhcmQgaXMgNiw1OTAgRVhQIGFuZCAyMSwxMTAgSkVYUC4=,,,,,RVhQIGJhc2UgNjU5MCwgRVhQIGNsYXNzZSAyMTExMCByZWNlYmlkby4=,,VHUgcmVjb21wZW5zYSBlcyA2LjU5MCBFWFAgeSAyMS4xMTAgRVhQIGRlIGNsYXNlLg==
N4BWAw,,W0Vhcm5lc3QgU29naWxdCllvdSBoYXZlIGh1bnRlZCBkb3duIFN3aWZ0IFpvbWJpZSBTbGF1Z2h0ZXIuIEhlcmUgaXMgeW91ciByZXdhcmQsIGFzIHByb21pc2VkLg==,,,,,W01vbnN0csOzbG9nb10KTWFzc2FjcmUgw4FnaWwgdGVtIHVtIHJlZ2lzdHJvIGRlIGNhw6dhLiBCb20gdHJhYmFsaG8uLg==,,W01vbnN0cnXDs2xvZ29dCkhhcyBjYXphZG8gYSBNYXRhbnphIGRlIFpvbWJpcyBWZWxvei4gQXF1w60gZXN0w6EgdHUgcmVjb21wZW5zYSwgY29tbyBwcm9tZXRpc3RlLg==
OIBWAw,,WW91ciByZXdhcmQgaXMgRVhQIDMxLDAzNSwgSkVYUCA4MCwyMzgsIGFuZCBhIEZyZWUgVGlja2V0IGZvciBLYWZyYSBUcmFuc3BvcnRhdGlvbi4=,,,,,RVhQIGJhc2UgMzEwMzUsIEVYUCBjbGFzc2UgODAyMzgsIDEgVmFsZS1UZWxldHJhbnNwb3J0ZS4=,,VHUgcmVjb21wZW5zYSBlcyBFWFAgMzEuMDM1LCBFWFAgZGUgY2xhc2UgODAuMjM4IHkgdW4gYmlsbGV0ZSBncmF0dWl0byBwYXJhIGVsIHRyYW5zcG9ydGUgZGUgS2FmcmEu
OYBWAw,,WW91ciByZXdhcmQgaXMgMzEsMDM1IEVYUCBhbmQgODAsMjM4IEpFWFAu,,,,,RVhQIGJhc2UgMzEwMzUsIEVYUCBjbGFzc2UgODAyMzggcmVjZWJpZG8u,,VHUgcmVjb21wZW5zYSBlcyAzMS4wMzUgRVhQIHkgODAuMjM4IEVYUCBkZSBjbGFzZS4=
OoBWAw,,W0Vhcm5lc3QgU29naWxdCllvdSBoYXZlIGh1bnRlZCBkb3duIFN3aWZ0IEJhbnNoZWUuIEhlcmUgaXMgeW91ciByZXdhcmQsIGFzIHByb21pc2VkLg==,,,,,W01vbnN0csOzbG9nb10KQmFuc2hlZSDDgWdpbCB0ZW0gdW0gcmVnaXN0cm8gZGUgY2HDp2EuIEJvbSB0cmFiYWxoby4=,,W01vbnN0cnXDs2xvZ29dCkhhcyBjYXphZG8gYSBTd2lmdCBCYW5zaGVlLiBBcXXDrSBlc3TDoSB0dSByZWNvbXBlbnNhLCBjb21vIHByb21ldGlzdGUu
O4BWAw,,WW91ciByZXdhcmQgaXMgRVhQIDQ0LDA3MCwgSkVYUCAxMDMsOTUwLCBhbmQgYSBGcmVlIFRpY2tldCBmb3IgS2FmcmEgVHJhbnNwb3J0YXRpb24u,,,,,RVhQIGJhc2UgNDQwNzAsIEVYUCBjbGFzc2UgMTAzOTUwLCAxIFZhbGUtVGVsZXRyYW5zcG9ydGUu,,VHUgcmVjb21wZW5zYSBlcyBFWFAgNDQuMDcwLCBFWFAgZGUgY2xhc2UgMTAzLjk1MCB5IHVuIGJpbGxldGUgZ3JhdHVpdG8gcGFyYSBlbCB0cmFuc3BvcnRlIGRlIEthZnJhLg==
PIBWAw,,WW91ciByZXdhcmQgaXMgNDQsMDcwIEVYUCBhbmQgMTAzLDk1MCBKRVhQLg==,,,,,RVhQIGJhc2UgNDQwNzAsIEVYUCBjbGFzc2UgMTAzOTUwIHJlY2ViaWRvLg==,,VHUgcmVjb21wZW5zYSBlcyA0NC4wNzAgRVhQIHkgMTAzLjk1MCBFWFAgZGUgY2xhc2Uu
PYBWAw,,W0Vhcm5lc3QgU29naWxdCllvdSBoYXZlIGh1bnRlZCBkb3duIENoaWVmIE5lY3JvbWFuY2VyLiBIZXJlIGlzIHlvdXIgcmV3YXJkLCBhcyBwcm9taXNlZC4=,,,,,W01vbnN0csOzbG9nb10KTmVjcm9tYW50ZSBBbGZhIHRlbSB1bSByZWdpc3RybyBkZSBjYcOnYS4gQm9tIHRyYWJhbGhvLg==,,W01vbnN0cnXDs2xvZ29dCkhhcyBjYXphZG8gYWwgSmVmZSBOaWdyb21hbnRlLiBBcXXDrSBlc3TDoSB0dSByZWNvbXBlbnNhLCBjb21vIHByb21ldGlzdGUu
PoBWAw,,WW91ciByZXdhcmQgaXMgRVhQIDQ0LDg1MCwgSkVYUCAxNDgsMDA1LCBhbmQgYSBGcmVlIFRpY2tldCBmb3IgS2FmcmEgVHJhbnNwb3J0YXRpb24u,,,,,RVhQIGJhc2UgNDQ4NTAsIEVYUCBjbGFzc2UgMTQ4MDA1LCAxIFZhbGUtVGVsZXRyYW5zcG9ydGUu,,VHUgcmVjb21wZW5zYSBlcyBFWFAgNDQuODUwLCBFWFAgZGUgY2xhc2UgMTQ4LjAwNSB5IHVuIGJpbGxldGUgZ3JhdHVpdG8gcGFyYSBlbCB0cmFuc3BvcnRlIGRlIEthZnJhLg==
P4BWAw,,WW91ciByZXdhcmQgaXMgNDQsODUwIEVYUCBhbmQgMTQ4LDAwNSBKRVhQLg==,,,,,RVhQIGJhc2UgNDQ4NTAsIEVYUCBjbGFzc2UgMTQ4MDA1IHJlY2ViaWRvLg==,,VHUgcmVjb21wZW5zYSBlcyA0NC44NTAgRVhQIHkgMTQ4LjAwNSBFWFAgZGUgY2xhc2Uu
QIBWAw,,W0Vhcm5lc3QgU29naWxdCllvdSBoYXZlIGh1bnRlZCBkb3duIFN3aWZ0IFNoZWxsZmlzaC4gSGVyZSBpcyB5b3VyIHJld2FyZCwgYXMgcHJvbWlzZWQu,,,,,W01vbnN0csOzbG9nb10KTW9sdXNjbyDDgWdpbCB0ZW0gdW0gcmVnaXN0cm8gZGUgY2HDp2EuIEJvbSB0cmFiYWxoby4=,,W01vbnN0cnXDs2xvZ29dCkhhcyBjYXphZG8gYSBTd2lmdCBTaGVsbGZpc2guIEFxdcOtIGVzdMOhIHR1IHJlY29tcGVuc2EsIGNvbW8gcHJvbWV0aXN0ZS4=
QYBWAw,,WW91ciByZXdhcmQgaXMgRVhQIDMsMTgwLCBKRVhQIDEwLDIyMCwgYW5kIGEgRnJlZSBUaWNrZXQgZm9yIEthZnJhIFRyYW5zcG9ydGF0aW9uLg==,,,,,RVhQIGJhc2UgMzE4MCwgRVhQIGNsYXNzZSAxMDIyMCwgMSBWYWxlLVRlbGV0cmFuc3BvcnRlLg==,,VHUgcmVjb21wZW5zYSBlcyBFWFAgMy4xODAsIEVYUCBkZSBjbGFzZSAxMC4yMjAgeSB1biBiaWxsZXRlIGdyYXR1aXRvIHBhcmEgZWwgdHJhbnNwb3J0ZSBkZSBLYWZyYS4=
QoBWAw,,WW91ciByZXdhcmQgaXMgMywxODAgRVhQIGFuZCAxMCwyMjAgSkVYUC4=,,,,,RVhQIGJhc2UgMzE4MCwgRVhQIGNsYXNzZSAxMDIyMCByZWNlYmlkby4=,,VHUgcmVjb21wZW5zYSBlcyAzLjE4MCBFWFAgeSAxMC4yMjAgRVhQIGRlIGNsYXNlLg==
Q4BWAw,,W0Vhcm5lc3QgU29naWxdCllvdSBoYXZlIGh1bnRlZCBkb3duIFNvbGlkIEdlb2dyYXBoZXIuIEhlcmUgaXMgeW91ciByZXdhcmQsIGFzIHByb21pc2VkLg==,,,,,W01vbnN0csOzbG9nb10KUGxhbnRhIENhcm7DrXZvcmEgQnJ1dGFsIHRlbSB1bSByZWdpc3RybyBkZSBjYcOnYS4gQm9tIHRyYWJhbGhvLg==,,W01vbnN0cnXDs2xvZ29dCkhhcyBjYXphZG8gYWwgR2XDs2dyYWZvIFPDs2xpZG8uIEFxdcOtIGVzdMOhIHR1IHJlY29tcGVuc2EsIGNvbW8gcHJvbWV0aXN0ZS4=
RIBWAw,,WW91ciByZXdhcmQgaXMgRVhQIDcsNDEwLCBKRVhQIDIyLDczMCwgYW5kIGEgRnJlZSBUaWNrZXQgZm9yIEthZnJhIFRyYW5zcG9ydGF0aW9uLg==,,,,,RVhQIGJhc2UgNzQxMCwgRVhQIGNsYXNzZSAyMjczMCwgMSBWYWxlLVRlbGV0cmFuc3BvcnRlLg==,,VHUgcmVjb21wZW5zYSBlcyBFWFAgNy40MTAsIEVYUCBkZSBjbGFzZSAyMi43MzAgeSB1biBiaWxsZXRlIGdyYXR1aXRvIHBhcmEgZWwgdHJhbnNwb3J0ZSBkZSBLYWZyYS4=
RYBWAw,,WW91ciByZXdhcmQgaXMgNyw0MTAgRVhQIGFuZCAyMiw3MzAgSkVYUC4=,,,,,RVhQIGJhc2UgNzQxMCwgRVhQIGNsYXNzZSAyMjczMCByZWNlYmlkby4=,,VHUgcmVjb21wZW5zYSBlcyA3LjQxMCBFWFAgeSAyMi43MzAgRVhQIGRlIGNsYXNlLg==
RoBWAw,,W0Vhcm5lc3QgU29naWxdCllvdSBoYXZlIGh1bnRlZCBkb3duIENoaWVmIEdyYW5kIFBlY28uIEhlcmUgaXMgeW91ciByZXdhcmQsIGFzIHByb21pc2VkLg==,,,,,W01vbnN0csOzbG9nb10KR3JhbmQgUGVjbyBBbGZhIHRlbSB1bSByZWdpc3RybyBkZSBjYcOnYS4gQm9tIHRyYWJhbGhvLg==,,W01vbnN0cnXDs2xvZ29dCkhhcyBjYXphZG8gYWwgSmVmZSBHcmFuZCBQZWNvLiBBcXXDrSBlc3TDoSB0dSByZWNvbXBlbnNhLCBjb21vIHByb21ldGlzdGUu
R4BWAw,,WW91ciByZXdhcmQgaXMgRVhQIDcsMzIwLCBKRVhQIDIyLDQ2MCwgYW5kIGEgRnJlZSBUaWNrZXQgZm9yIEthZnJhIFRyYW5zcG9ydGF0aW9uLg==,,,,,RVhQIGJhc2UgNzMyMCwgRVhQIGNsYXNzZSAyMjQ2MCwgMSBWYWxlLVRlbGV0cmFuc3BvcnRlLg==,,VHUgcmVjb21wZW5zYSBlcyBFWFAgNy4zMjAsIEVYUCBkZSBjbGFzZSAyMi40NjAgeSB1biBiaWxsZXRlIGdyYXR1aXRvIHBhcmEgZWwgdHJhbnNwb3J0ZSBkZSBLYWZyYS4=
SIBWAw,,WW91ciByZXdhcmQgaXMgNywzMjAgRVhQIGFuZCAyMiw0NjAgSkVYUC4=,,,,,RVhQIGJhc2UgNzMyMCwgRVhQIGNsYXNzZSAyMjQ2MCByZWNlYmlkby4=,,VHUgcmVjb21wZW5zYSBlcyA3LjMyMCBFWFAgeSAyMi40NjAgRVhQIGRlIGNsYXNlLg==
SYBWAw,,W0Vhcm5lc3QgU29naWxdCllvdSBoYXZlIGh1bnRlZCBkb3duIENoaWVmIEdvYXQuIEhlcmUgaXMgeW91ciByZXdhcmQsIGFzIHByb21pc2VkLg==,,,,,W01vbnN0csOzbG9nb10KQm9kZSBBbGZhIHRlbSB1bSByZWdpc3RybyBkZSBjYcOnYS4gQm9tIHRyYWJhbGhvLg==,,W01vbnN0cnXDs2xvZ29dCkhhcyBjYXphZG8gYWwgSmVmZSBDYWJyYS4gQXF1w60gZXN0w6EgdHUgcmVjb21wZW5zYSwgY29tbyBwcm9tZXRpc3RlLg==
SoBWAw,,WW91ciByZXdhcmQgaXMgRVhQIDgsNzkwLCBKRVhQIDI2LDkxMCwgYW5kIGEgRnJlZSBUaWNrZXQgZm9yIEthZnJhIFRyYW5zcG9ydGF0aW9uLg==,,,,,RVhQIGJhc2UgODc5MCwgRVhQIGNsYXNzZSAyNjkxMCwgMSBWYWxlLVRlbGV0cmFuc3BvcnRlLg==,,VHUgcmVjb21wZW5zYSBlcyBFWFAgOC43OTAsIEVYUCBkZSBjbGFzZSAyNi45MTAgeSB1biBiaWxsZXRlIGdyYXR1aXRvIHBhcmEgZWwgdHJhbnNwb3J0ZSBkZSBLYWZyYS4=
S4BWAw,,WW91ciByZXdhcmQgaXMgOCw3OTAgRVhQIGFuZCAyNiw5MTAgSkVYUC4=,,,,,RVhQIGJhc2UgODc5MCwgRVhQIGNsYXNzZSAyNjkxMCByZWNlYmlkby4=,,VHUgcmVjb21wZW5zYSBlcyA4Ljc5MCBFWFAgeSAyNi45MTAgRVhQIGRlIGNsYXNlLg==
TIBWAw,,W0Vhcm5lc3QgU29naWxdCllvdSBoYXZlIGh1bnRlZCBkb3duIFN3aWZ0IFNsZWVwZXIuIEhlcmUgaXMgeW91ciByZXdhcmQsIGFzIHByb21pc2VkLg==,,,,,W01vbnN0csOzbG9nb10KUm9jaG9zbyDDgWdpbCB0ZW0gdW0gcmVnaXN0cm8gZGUgY2HDp2EuIEJvbSB0cmFiYWxoby4=,,W01vbnN0cnXDs2xvZ29dCkhhcyBjYXphZG8gYSBTd2lmdCBTbGVlcGVyLiBBcXXDrSBlc3TDoSB0dSByZWNvbXBlbnNhLCBjb21vIHByb21ldGlzdGUu
TYBWAw,,WW91ciByZXdhcmQgaXMgRVhQIDgsNTIwLCBKRVhQIDI2LDEwMCwgYW5kIGEgRnJlZSBUaWNrZXQgZm9yIEthZnJhIFRyYW5zcG9ydGF0aW9uLg==,,,,,RVhQIGJhc2UgODUyMCwgRVhQIGNsYXNzZSAyNjEwMCwgMSBWYWxlLVRlbGV0cmFuc3BvcnRlLg==,,VHUgcmVjb21wZW5zYSBlcyBFWFAgOC41MjAsIEVYUCBkZSBjbGFzZSAyNi4xMDAgeSB1biBiaWxsZXRlIGdyYXR1aXRvIHBhcmEgZWwgdHJhbnNwb3J0ZSBkZSBLYWZyYS4=
ToBWAw,,WW91ciByZXdhcmQgaXMgOCw1MjAgRVhQIGFuZCAyNiwxMDAgSkVYUC4=,,,,,RVhQIGJhc2UgODUyMCwgRVhQIGNsYXNzZSAyNjEwMCByZWNlYmlkby4=,,VHUgcmVjb21wZW5zYSBzb24gOC41MjAgRVhQIHkgMjYuMTAwIEVYUCBkZSBjbGFzZS4=
T4BWAw,,W0Vhcm5lc3QgU29naWxdCllvdSBoYXZlIGh1bnRlZCBkb3duIFN3aWZ0IFN0ZW0gV29ybS4gSGVyZSBpcyB5b3VyIHJld2FyZCwgYXMgcHJvbWlzZWQu,,,,,W01vbnN0csOzbG9nb10KVGFsbyBkZSBWZXJtZSDDgWdpbCB0ZW0gdW0gcmVnaXN0cm8gZGUgY2HDp2EuIEJvbSB0cmFiYWxoby4=,,W01vbnN0cnXDs2xvZ29dCkhhcyBjYXphZG8gYWwgR3VzYW5vIGRlIFRhbGxvIFZlbG96LiBBcXXDrSBlc3TDoSB0dSByZWNvbXBlbnNhLCBjb21vIHByb21ldGlzdGUu
UIBWAw,,WW91ciByZXdhcmQgaXMgRVhQIDgsOTEwLCBKRVhQIDI3LDMyMCwgYW5kIGEgRnJlZSBUaWNrZXQgZm9yIEthZnJhIFRyYW5zcG9ydGF0aW9uLg==,,,,,RVhQIGJhc2UgODkxMCwgRVhQIGNsYXNzZSAyNzMyMCwgMSBWYWxlLVRlbGV0cmFuc3BvcnRlLg==,,VHUgcmVjb21wZW5zYSBlcyBFWFAgOC45MTAsIEVYUCBkZSBjbGFzZSAyNy4zMjAgeSB1biBiaWxsZXRlIGdyYXR1aXRvIHBhcmEgZWwgdHJhbnNwb3J0ZSBkZSBLYWZyYS4=
UYBWAw,,WW91ciByZXdhcmQgaXMgOCw5MTAgRVhQIGFuZCAyNywzMjAgSkVYUC4=,,,,,RVhQIGJhc2UgODkxMCwgRVhQIGNsYXNzZSAyNzMyMCByZWNlYmlkby4=,,VHUgcmVjb21wZW5zYSBzb24gOC45MTAgRVhQIHkgMjcuMzIwIEVYUCBkZSBjbGFzZS4=
UoBWAw,,W0Vhcm5lc3QgU29naWxdCllvdSBoYXZlIGh1bnRlZCBkb3duIFNvbGlkIEhvbGRlbi4gSGVyZSBpcyB5b3VyIHJld2FyZCwgYXMgcHJvbWlzZWQu,,,,,W01vbnN0csOzbG9nb10KSG9sZGVuIEJydXRhbCB0ZW0gdW0gcmVnaXN0cm8gZGUgY2HDp2EuIEJvbSB0cmFiYWxoby4=,,W01vbnN0cnXDs2xvZ29dCkhhcyBjYXphZG8gYSBTb2xpZCBIb2xkZW4uIEFxdcOtIGVzdMOhIHR1IHJlY29tcGVuc2EsIGNvbW8gcHJvbWV0aXN0ZS4=
U4BWAw,,WW91ciByZXdhcmQgaXMgRVhQIDksOTUwLCBKRVhQIDMwLDU2MCwgYW5kIGEgRnJlZSBUaWNrZXQgZm9yIEthZnJhIFRyYW5zcG9ydGF0aW9uLg==,,,,,RVhQIGJhc2UgOTk1MCwgRVhQIGNsYXNzZSAzMDU2MCwgMSBWYWxlLVRlbGV0cmFuc3BvcnRlLg==,,VHUgcmVjb21wZW5zYSBlcyBFWFAgOS45NTAsIEVYUCBkZSBjbGFzZSAzMC41NjAgeSB1biBiaWxsZXRlIGdyYXR1aXRvIHBhcmEgZWwgdHJhbnNwb3J0ZSBkZSBLYWZyYS4=
VIBWAw,,WW91ciByZXdhcmQgaXMgOSw5NTAgRVhQIGFuZCAzMCw1NjAgSkVYUC4=,,,,,RVhQIGJhc2UgOTk1MCwgRVhQIGNsYXNzZSAzMDU2MCByZWNlYmlkby4=,,VHUgcmVjb21wZW5zYSBzb24gOS45NTAgRVhQIHkgMzAuNTYwIEVYUCBkZSBjbGFzZS4=
VYBWAw,,W0Vhcm5lc3QgU29naWxdCllvdSBoYXZlIGh1bnRlZCBkb3duIFN3aWZ0IFJhZmZsZXNpYS4gSGVyZSBpcyB5b3VyIHJld2FyZCwgYXMgcHJvbWlzZWQu,,,,,W01vbnN0csOzbG9nb10KUmFmZmxlc2lhIMOBZ2lsIHRlbSB1bSByZWdpc3RybyBkZSBjYcOnYS4gQm9tIHRyYWJhbGhvLg==,,W01vbnN0cnXDs2xvZ29dCkhhcyBjYXphZG8gYSBTd2lmdCBSYWZmbGVzaWEuIEFxdcOtIHRpZW5lcyBUdSByZWNvbXBlbnNhLCBjb21vIHByb21ldGlzdGUu
VoBWAw,,W0Vhcm5lc3QgU29naWxdCllvdSBoYXZlIGh1bnRlZCBkb3duIENoaWVmIFZlbm9tb3VzLiBIZXJlIGlzIHlvdXIgcmV3YXJkLCBhcyBwcm9taXNlZC4=,,,,,W01vbnN0csOzbG9nb10KTnV2ZW0gVmVuZW5vc2EgQWxmYSB0ZW0gdW0gcmVnaXN0cm8gZGUgY2HDp2EuIEJvbSB0cmFiYWxoby4=,,W01vbnN0cnXDs2xvZ29dCkhhcyBjYXphZG8gYWwgSmVmZSBWZW5lbm9zby4gQXF1w60gZXN0w6EgdHUgcmVjb21wZW5zYSwgY29tbyBwcm9tZXRpc3RlLg==
V4BWAw,,WW91ciByZXdhcmQgaXMgRVhQIDksODAwLCBKRVhQIDMwLDA2MCwgYW5kIGEgRnJlZSBUaWNrZXQgZm9yIEthZnJhIFRyYW5zcG9ydGF0aW9uLg==,,,,,RVhQIGJhc2UgOTgwMCwgRVhQIGNsYXNzZSAzMDA2MCwgMSBWYWxlLVRlbGV0cmFuc3BvcnRlLg==,,VHUgcmVjb21wZW5zYSBlcyBFWFAgOS44MDAsIEVYUCBkZSBjbGFzZSAzMC4wNjAgeSB1biBiaWxsZXRlIGdyYXR1aXRvIHBhcmEgZWwgdHJhbnNwb3J0ZSBkZSBLYWZyYS4=
WIBWAw,,WW91ciByZXdhcmQgaXMgOSw4MDAgRVhQIGFuZCAzMCwwNjAgSkVYUC4=,,,,,RVhQIGJhc2UgOTgwMCwgRVhQIGNsYXNzZSAzMDA2MCByZWNlYmlkby4=,,VHUgcmVjb21wZW5zYSBzb24gOS44MDAgRVhQIHkgMzAuMDYwIEVYUCBkZSBjbGFzZS4=
WYBWAw,,W0Vhcm5lc3QgU29naWxdCllvdSBoYXZlIGh1bnRlZCBkb3duIEZ1cmlvdXMgTm94aW91cy4gSGVyZSBpcyB5b3VyIHJld2FyZCwgYXMgcHJvbWlzZWQu,,,,,W01vbnN0csOzbG9nb10KTnV2ZW0gVMOzeGljYSBGZXJveiB0ZW0gdW0gcmVnaXN0cm8gZGUgY2HDp2EuIEJvbSB0cmFiYWxoby4=,,W01vbnN0cnXDs2xvZ29dCkhhcyBjYXphZG8gYSBGdXJpb3VzIE5veGlvdXMuIEFxdcOtIGVzdMOhIHR1IHJlY29tcGVuc2EsIGNvbW8gcHJvbWV0aXN0ZS4=
WoBWAw,,WW91ciByZXdhcmQgaXMgRVhQIDcsMzIwLCBKRVhQIDQwLDE0MCwgYW5kIGEgRnJlZSBUaWNrZXQgZm9yIEthZnJhIFRyYW5zcG9ydGF0aW9uLg==,,,,,RVhQIGJhc2UgNzMyMCwgRVhQIGNsYXNzZSA0MDE0MCwgMSBWYWxlLVRlbGV0cmFuc3BvcnRlLg==,,VHUgcmVjb21wZW5zYSBlcyBFWFAgNy4zMjAsIEVYUCBkZSBjbGFzZSA0MC4xNDAgeSB1biBiaWxsZXRlIGdyYXR1aXRvIHBhcmEgZWwgdHJhbnNwb3J0ZSBkZSBLYWZyYS4=
W4BWAw,,WW91ciByZXdhcmQgaXMgNywzMjAgRVhQIGFuZCA0MCwxNDAgSkVYUC4=,,,,,RVhQIGJhc2UgNzMyMCwgRVhQIGNsYXNzZSA0MDE0MCByZWNlYmlkby4=,,VHUgcmVjb21wZW5zYSBlcyA3LjMyMCBFWFAgeSA0MC4xNDAgRVhQIGRlIGNsYXNlLg==
XIBWAw,,W0Vhcm5lc3QgU29naWxdCllvdSBoYXZlIGh1bnRlZCBkb3duIEVsdXNpdmUgTm92dXMuIEhlcmUgaXMgeW91ciByZXdhcmQsIGFzIHByb21pc2VkLg==,,,,,W01vbnN0csOzbG9nb10KTm92dXMgRnVnYXogdGVtIHVtIHJlZ2lzdHJvIGRlIGNhw6dhLiBCb20gdHJhYmFsaG8u,,W01vbnN0cnXDs2xvZ29dCkhhcyBjYXphZG8gYSBFbHVzaXZlIE5vdnVzLiBBcXXDrSBlc3TDoSB0dSByZWNvbXBlbnNhLCBjb21vIHByb21ldGlzdGUu
XYBWAw,,WW91ciByZXdhcmQgaXMgRVhQIDEwLDc3MCwgSkVYUCAzMyw4NDAsIGFuZCBhIEZyZWUgVGlja2V0IGZvciBLYWZyYSBUcmFuc3BvcnRhdGlvbi4=,,,,,RVhQIGJhc2UgMTA3NzAsIEVYUCBjbGFzc2UgMzM4NDAsIDEgVmFsZS1UZWxldHJhbnNwb3J0ZS4=,,VHUgcmVjb21wZW5zYSBlcyBFWFAgMTAuNzcwLCBFWFAgZGUgY2xhc2UgMzMuODQwIHkgdW4gYmlsbGV0ZSBncmF0dWl0byBwYXJhIGVsIHRyYW5zcG9ydGUgZGUgS2FmcmEu
XoBWAw,,WW91ciByZXdhcmQgaXMgMTAsNzcwIEVYUCBhbmQgMzMsODQwIEpFWFAu,,,,,RVhQIGJhc2UgMTA3NzAsIEVYUCBjbGFzc2UgMzM4NDAgcmVjZWJpZG8u,,VHUgcmVjb21wZW5zYSBlcyAxMC43NzAgRVhQIHkgMzMuODQwIEVYUCBkZSBjbGFzZS4=
X4BWAw,,W0Vhcm5lc3QgU29naWxdCllvdSBoYXZlIGh1bnRlZCBkb3duIEZ1cmlvdXMgTmlnaHRtYXJlIFRlcnJvci4gSGVyZSBpcyB5b3VyIHJld2FyZCwgYXMgcHJvbWlzZWQu,,,,,W01vbnN0csOzbG9nb10KUGVzYWRlbG8gU29tYnJpbyBGZXJveiB0ZW0gdW0gcmVnaXN0cm8gZGUgY2HDp2EuIEJvbSB0cmFiYWxoby4=,,W01vbnN0cnXDs2xvZ29dCkhhcyBjYXphZG8gYSBUZXJyb3IgRnVyaW9zbyBkZSBQZXNhZGlsbGEuIEFxdcOtIHRpZW5lcyBUdSByZWNvbXBlbnNhLCBjb21vIHByb21ldGlzdGUu
YIBWAw,,WW91ciByZXdhcmQgaXMgRVhQIDE4LDMxNSwgSkVYUCA1NCwzOTksIGFuZCBhIEZyZWUgVGlja2V0IGZvciBLYWZyYSBUcmFuc3BvcnRhdGlvbi4=,,,,,RVhQIGJhc2UgMTgzMTUsIEpleHAgNTQzOTksIDEgVmFsZS1UZWxldHJhbnNwb3J0ZS4=,,VHUgcmVjb21wZW5zYSBlcyBFWFAgMTguMzE1LCBFWFAgZGUgY2xhc2UgNTQuMzk5IHkgdW4gYmlsbGV0ZSBncmF0dWl0byBwYXJhIGVsIHRyYW5zcG9ydGUgZGUgS2FmcmEu
YYBWAw,,WW91ciByZXdhcmQgaXMgMTgsMzE1IEVYUCBhbmQgNTQsMzk5IEpFWFAu,,,,,RVhQIGJhc2UgMTgzMTUsIEpleHAgNTQzOTkgcmVjZWJpZG8u,,VHUgcmVjb21wZW5zYSBzb24gMTguMzE1IEVYUCB5IDU0LjM5OSBFWFAgZGUgY2xhc2Uu
YoBWAw,,W0Vhcm5lc3QgU29naWxdCllvdSBoYXZlIGh1bnRlZCBkb3duIENoaWVmIEFuY2llbnQgTWltaWMuIEhlcmUgaXMgeW91ciByZXdhcmQsIGFzIHByb21pc2VkLg==,,,,,W01vbnN0csOzbG9nb10KTcOtbWljbyBBbnRpZ28gQWxmYSB0ZW0gdW0gcmVnaXN0cm8gZGUgY2HDp2EuIEJvbSB0cmFiYWxoby4=,,W01vbnN0cnXDs2xvZ29dCkhhcyBjYXphZG8gYWwgSmVmZSBBbnRpZ3VvIE3DrW1pY28uIEFxdcOtIGVzdMOhIHR1IHJlY29tcGVuc2EsIGNvbW8gcHJvbWV0aXN0ZS4=
Y4BWAw,,WW91ciByZXdhcmQgaXMgRVhQIDIzLDg2NSwgSkVYUCA2MSwzODAsIGFuZCBhIEZyZWUgVGlja2V0IGZvciBLYWZyYSBUcmFuc3BvcnRhdGlvbi4=,,,,,RVhQIGJhc2UgMjM4NjUsIEpleHAgNjEzODAsIDEgVmFsZS1UZWxldHJhbnNwb3J0ZS4=,,VHUgcmVjb21wZW5zYSBlcyBFWFAgMjMuODY1LCBFWFAgZGUgY2xhc2UgNjEuMzgwIHkgdW4gYmlsbGV0ZSBncmF0dWl0byBwYXJhIGVsIHRyYW5zcG9ydGUgZGUgS2FmcmEu
ZIBWAw,,WW91ciByZXdhcmQgaXMgMjMsODY1IEVYUCBhbmQgNjEsMzgwIEpFWFAu,,,,,RVhQIGJhc2UgMjM4NjUsIEpleHAgNjEzODAgcmVjZWJpZG8u,,VHUgcmVjb21wZW5zYSBlcyAyMy44NjUgRVhQIHkgNjEuMzgwIEVYUCBkZSBjbGFzZS4=
ZYBWAw,,W0Vhcm5lc3QgU29naWxdCllvdSBoYXZlIGh1bnRlZCBkb3duIFNvbGlkIERlYXRoIFdvcmQuIEhlcmUgaXMgeW91ciByZXdhcmQsIGFzIHByb21pc2VkLg==,,,,,W01vbnN0csOzbG9nb10KUGFsYXZyYSBNb3J0YSBCcnV0YWwgdGVtIHVtIHJlZ2lzdHJvIGRlIGNhw6dhLiBCb20gdHJhYmFsaG8u,,W01vbnN0cnXDs2xvZ29dCkhhcyBjYXphZG8gbGEgUGFsYWJyYSBkZSBsYSBNdWVydGUgU8OzbGlkYS4gQXF1w60gZXN0w6EgdHUgcmVjb21wZW5zYSwgY29tbyBwcm9tZXRpc3RlLg==
ZoBWAw,,WW91ciByZXdhcmQgaXMgRVhQIDI1LDAwNSwgSkVYUCA1NywwNzIsIGFuZCBhIEZyZWUgVGlja2V0IGZvciBLYWZyYSBUcmFuc3BvcnRhdGlvbi4=,,,,,RVhQIGJhc2UgMjUwMDUsIEpleHAgNTcwNzIsIDEgVmFsZS1UZWxldHJhbnNwb3J0ZS4=,,VHUgcmVjb21wZW5zYSBlcyBFWFAgMjUuMDA1LCBFWFAgZGUgY2xhc2UgNTcuMDcyIHkgdW4gYmlsbGV0ZSBncmF0dWl0byBwYXJhIGVsIHRyYW5zcG9ydGUgZGUgS2FmcmEu
Z4BWAw,,WW91ciByZXdhcmQgaXMgMjUsMDA1IEVYUCBhbmQgNTcsMDcyIEpFWFAu,,,,,RVhQIGJhc2UgMjUwMDUsIEpleHAgNTcwNzIgcmVjZWJpZG8u,,VHUgcmVjb21wZW5zYSBlcyAyNS4wMDUgRVhQIHkgNTcuMDcyIEVYUCBkZSBjbGFzZS4=
aIBWAw,,W0Vhcm5lc3QgU29naWxdCllvdSBoYXZlIGh1bnRlZCBkb3duIEZ1cmlvdXMgVmVuYXR1LiBIZXJlIGlzIHlvdXIgcmV3YXJkLCBhcyBwcm9taXNlZC4=,,,,,W01vbnN0csOzbG9nb10KVmVuYXR1IEZlcm96IHRlbSB1bSByZWdpc3RybyBkZSBjYcOnYS4gQm9tIHRyYWJhbGhvLg==,,W01vbnN0cnXDs2xvZ29dCkhhcyBjYXphZG8gYSBWZW5hdHUgZWwgRnVyaW9zby4gQXF1w60gZXN0w6EgdHUgcmVjb21wZW5zYSwgY29tbyBwcm9tZXRpc3RlLg==
aYBWAw,,WW91ciByZXdhcmQgaXMgRVhQIDIzLDg2NSwgSkVYUCA2MCw0MzgsIGFuZCBhIEZyZWUgVGlja2V0IGZvciBLYWZyYSBUcmFuc3BvcnRhdGlvbi4=,,,,,RVhQIGJhc2UgMjM4NjUsIEpleHAgNjA0MzgsIDEgVmFsZS1UZWxldHJhbnNwb3J0ZS4=,,VHUgcmVjb21wZW5zYSBlcyBFWFAgMjMuODY1LCBFWFAgZGUgY2xhc2UgNjAuNDM4IHkgdW4gYmlsbGV0ZSBncmF0dWl0byBwYXJhIGVsIHRyYW5zcG9ydGUgZGUgS2FmcmEu
aoBWAw,,WW91ciByZXdhcmQgaXMgMjMsODY1IEVYUCBhbmQgNjAsNDM4IEpFWFAu,,,,,RVhQIGJhc2UgMjM4NjUsIEpleHAgNjA0MzggcmVjZWJpZG8u,,VHUgcmVjb21wZW5zYSBlcyAyMy44NjUgRVhQIHkgNjAuNDM4IEVYUCBkZSBjbGFzZS4=
a4BWAw,,W0Vhcm5lc3QgU29naWxdCllvdSBoYXZlIGh1bnRlZCBkb3duIFN3aWZ0IERpbWlrLiBIZXJlIGlzIHlvdXIgcmV3YXJkLCBhcyBwcm9taXNlZC4=,,,,,W01vbnN0csOzbG9nb10KRGltaWsgw4FnaWwgdGVtIHVtIHJlZ2lzdHJvIGRlIGNhw6dhLiBCb20gdHJhYmFsaG8u,,W01vbnN0cnXDs2xvZ29dCkhhcyBjYXphZG8gYSBEaW1payBlbCBWZWxvei4gQXF1w60gZXN0w6EgdHUgcmVjb21wZW5zYSwgY29tbyBwcm9tZXRpc3RlLg==
bIBWAw,,WW91ciByZXdhcmQgaXMgRVhQIDI4LDQyNSwgSkVYUCA3Niw3NzMsIGFuZCBhIEZyZWUgVGlja2V0IGZvciBLYWZyYSBUcmFuc3BvcnRhdGlvbi4=,,,,,RVhQIGJhc2UgMjg0MjUsIEpleHAgNzY3NzMsIDEgVmFsZS1UZWxldHJhbnNwb3J0ZS4=,,VHUgcmVjb21wZW5zYSBlcyBFWFAgMjguNDI1LCBFWFAgZGUgY2xhc2UgNzYuNzczIHkgdW4gYmlsbGV0ZSBncmF0dWl0byBwYXJhIGVsIHRyYW5zcG9ydGUgZGUgS2FmcmEu
bYBWAw,,WW91ciByZXdhcmQgaXMgMjgsNDI1IEVYUCBhbmQgNzYsNzczIEpFWFAu,,,,,RVhQIGJhc2UgMjg0MjUsIEpleHAgNzY3NzMgcmVjZWJpZG8u,,VHUgcmVjb21wZW5zYSBlcyAyOC40MjUgRVhQIHkgNzYuNzczIEVYUCBkZSBjbGFzZS4=
boBWAw,,W0Vhcm5lc3QgU29naWxdCllvdSBoYXZlIGh1bnRlZCBkb3duIEZ1cmlvdXMgRmVydXMuIEhlcmUgaXMgeW91ciByZXdhcmQsIGFzIHByb21pc2VkLg==,,,,,W01vbnN0csOzbG9nb10KRmVydXMgRmVyb3ogdGVtIHVtIHJlZ2lzdHJvIGRlIGNhw6dhLiBCb20gdHJhYmFsaG8u,,W01vbnN0cnXDs2xvZ29dCkhhcyBjYXphZG8gYSBGZXJ1cyBlbCBGdXJpb3NvLiBBcXXDrSBlc3TDoSB0dSByZWNvbXBlbnNhLCBjb21vIHByb21ldGlzdGUu
b4BWAw,,WW91ciByZXdhcmQgaXMgRVhQIDQwLDgwMCwgSkVYUCA4OCw3MDQsIGFuZCBhIEZyZWUgVGlja2V0IGZvciBLYWZyYSBUcmFuc3BvcnRhdGlvbi4=,,,,,RVhQIGJhc2UgNDA4MDAsIEVYUCBjbGFzc2UgODg3MDQsIDEgVmFsZS1UZWxldHJhbnNwb3J0ZS4=,,VHUgcmVjb21wZW5zYSBlcyBFWFAgNDAuODAwLCBFWFAgZGUgY2xhc2UgODguNzA0IHkgdW4gYmlsbGV0ZSBncmF0dWl0byBwYXJhIGVsIHRyYW5zcG9ydGUgZGUgS2FmcmEu
cIBWAw,,WW91ciByZXdhcmQgaXMgNDAsODAwIEVYUCBhbmQgODgsNzA0IEpFWFAu,,,,,RVhQIGJhc2UgNDA4MDAsIEVYUCBjbGFzc2UgODg3MDQgcmVjZWJpZG8u,,VHUgcmVjb21wZW5zYSBlcyA0MC44MDAgRVhQIHkgODguNzA0IEVYUCBkZSBjbGFzZS4=
cYBWAw,,W0Vhcm5lc3QgU29naWxdCllvdSBoYXZlIGh1bnRlZCBkb3duIFNvbGlkIEFjaWR1cy4gSGVyZSBpcyB5b3VyIHJld2FyZCwgYXMgcHJvbWlzZWQu,,,,,W01vbnN0csOzbG9nb10KQWNpZHVzIEJydXRhbCB0ZW0gdW0gcmVnaXN0cm8gZGUgY2HDp2EuIEJvbSB0cmFiYWxoby4=,,W01vbnN0cnXDs2xvZ29dCkhhcyBjYXphZG8gYSDDgWNpZG8gU8OzbGlkby4gQXF1w60gZXN0w6EgdHUgcmVjb21wZW5zYSwgY29tbyBwcm9tZXRpc3RlLg==
coBWAw,,WW91ciByZXdhcmQgaXMgRVhQIDQ0LDA3MCwgSkVYUCAxMDAsNTg0LCBhbmQgYSBGcmVlIFRpY2tldCBmb3IgS2FmcmEgVHJhbnNwb3J0YXRpb24u,,,,,RVhQIGJhc2UgNDQwNzAsIEVYUCBjbGFzc2UgMTAwNTg0LCAxIFZhbGUtVGVsZXRyYW5zcG9ydGUu,,VHUgcmVjb21wZW5zYSBlcyBFWFAgNDQuMDcwLCBFWFAgZGUgY2xhc2UgMTAwLjU4NCB5IHVuIGJpbGxldGUgZ3JhdHVpdG8gcGFyYSBlbCB0cmFuc3BvcnRlIGRlIEthZnJhLg==
c4BWAw,,WW91ciByZXdhcmQgaXMgNDQsMDcwIEVYUCBhbmQgMTAwLDU4NCBKRVhQLg==,,,,,RVhQIGJhc2UgNDQwNzAsIEVYUCBjbGFzc2UgMTAwNTg0IHJlY2ViaWRvLg==,,VHUgcmVjb21wZW5zYSBlcyA0NC4wNzAgRVhQIHkgMTAwLjU4NCBFWFAgZGUgY2xhc2Uu
dIBWAw,,W0Vhcm5lc3QgU29naWxdCllvdSBoYXZlIGh1bnRlZCBkb3duIEVsdXNpdmUgTGFkeSBTb2xhY2UuIEhlcmUgaXMgeW91ciByZXdhcmQsIGFzIHByb21pc2VkLg==,,,,,W01vbnN0csOzbG9nb10KU2VuaG9yYSBGdWdheiB0ZW0gdW0gcmVnaXN0cm8gZGUgY2HDp2EuIEJvbSB0cmFiYWxoby4=,,W01vbnN0cnXDs2xvZ29dCkhhcyBjYXphZG8gYSBsYSBlc2N1cnJpZGl6YSBMYWR5IFNvbGFjZS4gQXF1w60gZXN0w6EgdHUgcmVjb21wZW5zYSwgY29tbyBwcm9tZXRpc3RlLg==
dYBWAw,,WW91ciByZXdhcmQgaXMgRVhQIDM2LDYzMCwgSkVYUCAxMTksMjQ0LCBhbmQgYSBGcmVlIFRpY2tldCBmb3IgS2FmcmEgVHJhbnNwb3J0YXRpb24u,,,,,RVhQIGJhc2UgMzY2MzAsIEVYUCBjbGFzc2UgMTE5MjQ0LCAxIFZhbGUtVGVsZXRyYW5zcG9ydGUu,,VHUgcmVjb21wZW5zYSBlcyBFWFAgMzYuNjMwLCBFWFAgZGUgY2xhc2UgMTE5LjI0NCB5IHVuIGJpbGxldGUgZ3JhdHVpdG8gcGFyYSBlbCB0cmFuc3BvcnRlIGRlIEthZnJhLg==
doBWAw,,WW91ciByZXdhcmQgaXMgMzYsNjMwIEVYUCBhbmQgMTE5LDI0NCBKRVhQLg==,,,,,RVhQIGJhc2UgMzY2MzAsIEVYUCBjbGFzc2UgMTE5MjQ0IHJlY2ViaWRvLg==,,VHUgcmVjb21wZW5zYSBlcyAzNi42MzAgRVhQIHkgMTE5LjI0NCBFWFAgZGUgY2xhc2Uu
d4BWAw,,W0Vhcm5lc3QgU29naWxdCllvdSBoYXZlIGh1bnRlZCBkb3duIENoaWVmIERhbWUgb2YgU2VudGluZWwuIEhlcmUgaXMgeW91ciByZXdhcmQsIGFzIHByb21pc2VkLg==,,,,,W01vbnN0csOzbG9nb10KRGFtYSBkYSBHdWFyZGEgQWxmYSB0ZW0gdW0gcmVnaXN0cm8gZGUgY2HDp2EuIEJvbSB0cmFiYWxoby4=,,W01vbnN0cnXDs2xvZ29dCkhhcyBjYXphZG8gYSBsYSBEYW1hIEplZmEgZGUgU2VudGluZWwuIEFxdcOtIGVzdMOhIHR1IHJlY29tcGVuc2EsIGNvbW8gcHJvbWV0aXN0ZS4=
eIBWAw,,WW91ciByZXdhcmQgaXMgRVhQIDQxLDY3MCwgSkVYUCAxMjYsMjI1LCBhbmQgYSBGcmVlIFRpY2tldCBmb3IgS2FmcmEgVHJhbnNwb3J0YXRpb24u,,,,,RVhQIGJhc2UgNDE2NzAsIEVYUCBjbGFzc2UgMTI2MjI1LCAxIFZhbGUtVGVsZXRyYW5zcG9ydGUu,,VHUgcmVjb21wZW5zYSBlcyBFWFAgNDEuNjcwLCBFWFAgZGUgY2xhc2UgMTI2LjIyNSB5IHVuIGJpbGxldGUgZ3JhdHVpdG8gcGFyYSBlbCB0cmFuc3BvcnRlIGRlIEthZnJhLg==
eYBWAw,,WW91ciByZXdhcmQgaXMgNDEsNjcwIEVYUCBhbmQgMTI2LDIyNSBKRVhQLg==,,,,,RVhQIGJhc2UgNDE2NzAsIEVYUCBjbGFzc2UgMTI2MjI1IHJlY2ViaWRvLg==,,VHUgcmVjb21wZW5zYSBlcyA0MS42NzAgRVhQIHkgMTI2LjIyNSBFWFAgZGUgY2xhc2Uu
eoBWAw,,W0Vhcm5lc3QgU29naWxdCllvdSBoYXZlIGh1bnRlZCBkb3duIENoaWVmIExhdXJlbGwgV2VpbmRlci4gSGVyZSBpcyB5b3VyIHJld2FyZCwgYXMgcHJvbWlzZWQu,,,,,W01vbnN0csOzbG9nb10KTGF1cmVsbCBXZWluZGVyIEFsZmEgdGVtIHVtIHJlZ2lzdHJvIGRlIGNhw6dhLiBCb20gdHJhYmFsaG8u,,W01vbnN0cnXDs2xvZ29dCkhhcyBjYXphZG8gYSBsYSBKZWZhIExhdXJlbGwgV2VpbmRlci4gQXF1w60gZXN0w6EgdHUgcmVjb21wZW5zYSwgY29tbyBwcm9tZXRpc3RlLg==
e4BWAw,,WW91ciByZXdhcmQgaXMgRVhQIDQzLDg3NSwgSkVYUCAxNjIsNjA2LCBhbmQgYSBGcmVlIFRpY2tldCBmb3IgS2FmcmEgVHJhbnNwb3J0YXRpb24u,,,,,RVhQIGJhc2UgNDM4NzUsIEpleHAgMTYyNjA2LCAxIFZhbGUtVGVsZXRyYW5zcG9ydGUu,,VHUgcmVjb21wZW5zYSBlcyBFWFAgNDMuODc1LCBFWFAgZGUgY2xhc2UgMTYyLjYwNiB5IHVuIGJpbGxldGUgZ3JhdHVpdG8gcGFyYSBlbCB0cmFuc3BvcnRlIGRlIEthZnJhLg==
fIBWAw,,WW91ciByZXdhcmQgaXMgNDMsODc1IEVYUCBhbmQgMTYyLDYwNiBKRVhQLg==,,,,,RVhQIGJhc2UgNDM4NzUsIEpleHAgMTYyNjA2IHJlY2ViaWRvLg==,,VHUgcmVjb21wZW5zYSBlcyA0My44NzUgRVhQIHkgMTYyLjYwNiBFWFAgZGUgY2xhc2Uu
fYBWAw,,W0Vhcm5lc3QgU29naWxdCllvdSBoYXZlIGh1bnRlZCBkb3duIFNvbGlkIENlY2lsIERhbW9uLiBIZXJlIGlzIHlvdXIgcmV3YXJkLCBhcyBwcm9taXNlZC4=,,,,,W01vbnN0csOzbG9nb10KQ2VjaWwgRGFtb24gQnJ1dGFsIHRlbSB1bSByZWdpc3RybyBkZSBjYcOnYS4gQm9tIHRyYWJhbGhvLg==,,W01vbnN0cnXDs2xvZ29dCkhhcyBjYXphZG8gYSBTb2xpZCBDZWNpbCBEYW1vbi4gQXF1w60gZXN0w6EgdHUgcmVjb21wZW5zYSwgY29tbyBwcm9tZXRpc3RlLg==
foBWAw,,WW91ciByZXdhcmQgaXMgRVhQIDI0OCw1MDUsIEpFWFAgODE4LDk3NiwgYW5kIGEgRnJlZSBUaWNrZXQgZm9yIEthZnJhIFRyYW5zcG9ydGF0aW9uLg==,,,,,RVhQIGJhc2UgMjQ4NTA1LCBKZXhwIDgxODk3NiwgMSBWYWxlLVRlbGV0cmFuc3BvcnRlLg==,,VHUgcmVjb21wZW5zYSBlcyBFWFAgMjQ4LjUwNSwgRVhQIGRlIGNsYXNlIDgxOC45NzYgeSB1biBiaWxsZXRlIGdyYXRpcyBwYXJhIGVsIHRyYW5zcG9ydGUgZGUgS2FmcmEu
f4BWAw,,WW91ciByZXdhcmQgaXMgMjQ4LDUwNSBFWFAgYW5kIDgxOCw5NzYgSkVYUC4=,,,,,RVhQIGJhc2UgMjQ4NTA1LCBKZXhwIDgxODk3NiByZWNlYmlkby4=,,VHUgcmVjb21wZW5zYSBlcyAyNDguNTA1IEVYUCB5IDgxOC45NzYgRVhQIGRlIGNsYXNlLg==
gIBWAw,,W0Vhcm5lc3QgU29naWxdCllvdSBoYXZlIGh1bnRlZCBkb3duIFNvbGlkIFJvd2Vlbi4gSGVyZSBpcyB5b3VyIHJld2FyZCwgYXMgcHJvbWlzZWQu,,,,,W01vbnN0csOzbG9nb10KUm93ZWVuIEJydXRhbCB0ZW0gdW0gcmVnaXN0cm8gZGUgY2HDp2EuIEJvbSB0cmFiYWxoby4=,,W01vbnN0cnXDs2xvZ29dCkhhcyBjYXphZG8gYSBTb2xpZCBSb3dlZW4uIEFxdcOtIGVzdMOhIHR1IHJlY29tcGVuc2EsIGNvbW8gcHJvbWV0aXN0ZS4=
gYBWAw,,WW91ciByZXdhcmQgaXMgRVhQIDE1LDIxMCwgSkVYUCA0Miw4MDAsIGFuZCBhIEZyZWUgVGlja2V0IGZvciBLYWZyYSBUcmFuc3BvcnRhdGlvbi4=,,,,,RVhQIGJhc2UgMTUyMTAsIEVYUCBjbGFzc2UgNDI4MDAsIDEgVmFsZS1UZWxldHJhbnNwb3J0ZS4=,,VHUgcmVjb21wZW5zYSBlcyBFWFAgMTUuMjEwLCBFWFAgZGUgY2xhc2UgNDIuODAwIHkgdW4gYmlsbGV0ZSBncmF0dWl0byBwYXJhIGVsIHRyYW5zcG9ydGUgZGUgS2FmcmEu
goBWAw,,WW91ciByZXdhcmQgaXMgMTUsMjEwIEVYUCBhbmQgNDIsODAwIEpFWFAu,,,,,RVhQIGJhc2UgMTUyMTAsIEVYUCBjbGFzc2UgNDI4MDAgcmVjZWJpZG8u,,VHUgcmVjb21wZW5zYSBzb24gMTUuMjEwIEVYUCB5IDQyLjgwMCBFWFAgZGUgY2xhc2Uu
g4BWAw,,W0Vhcm5lc3QgU29naWxdCllvdSBoYXZlIGh1bnRlZCBkb3duIENoaWVmIFN0YXBvLiBIZXJlIGlzIHlvdXIgcmV3YXJkLCBhcyBwcm9taXNlZC4=,,,,,W01vbnN0csOzbG9nb10KU3RhcG8gQWxmYSB0ZW0gdW0gcmVnaXN0cm8gZGUgY2HDp2EuIEJvbSB0cmFiYWxoby4=,,W01vbnN0cnXDs2xvZ29dCkhhcyBjYXphZG8gYWwgSmVmZSBTdGFwby4gQXF1w60gZXN0w6EgdHUgcmVjb21wZW5zYSwgY29tbyBwcm9tZXRpc3RlLg==
hIBWAw,,WW91ciByZXdhcmQgaXMgRVhQIDE0LDE2MCwgSkVYUCAzOSw4NzAsIGFuZCBhIEZyZWUgVGlja2V0IGZvciBLYWZyYSBUcmFuc3BvcnRhdGlvbi4=,,,,,RVhQIGJhc2UgMTQxNjAsIEVYUCBjbGFzc2UgMzk4NzAsIDEgVmFsZS1UZWxldHJhbnNwb3J0ZS4=,,VHUgcmVjb21wZW5zYSBlcyBFWFAgMTQuMTYwLCBFWFAgZGUgY2xhc2UgMzkuODcwIHkgdW4gYmlsbGV0ZSBncmF0dWl0byBwYXJhIGVsIHRyYW5zcG9ydGUgZGUgS2FmcmEu
hYBWAw,,WW91ciByZXdhcmQgaXMgMTQsMTYwIEVYUCBhbmQgMzksODcwIEpFWFAu,,,,,RVhQIGJhc2UgMTQxNjAsIEVYUCBjbGFzc2UgMzk4NzAgcmVjZWJpZG8u,,VHUgcmVjb21wZW5zYSBlcyAxNC4xNjAgRVhQIHkgMzkuODcwIEVYUCBkZSBjbGFzZS4=
hoBWAw,,W0Vhcm5lc3QgU29naWxdCllvdSBoYXZlIGh1bnRlZCBkb3duIFN3aWZ0IEhpbGwgV2luZC4gSGVyZSBpcyB5b3VyIHJld2FyZCwgYXMgcHJvbWlzZWQu,,,,,W01vbnN0csOzbG9nb10KVmVudG8gZGEgQ29saW5hIMOBZ2lsIHRlbSB1bSByZWdpc3RybyBkZSBjYcOnYS4gQm9tIHRyYWJhbGhvLg==,,W01vbnN0cnXDs2xvZ29dCkhhcyBjYXphZG8gYSBWaWVudG8gVmVsb3ogZGUgbGEgQ29saW5hLiBBcXXDrSBlc3TDoSB0dSByZWNvbXBlbnNhLCBjb21vIHByb21ldGlzdGUu
h4BWAw,,WW91ciByZXdhcmQgaXMgRVhQIDE3LDEwMCwgSkVYUCA0MiwyNzMsIGFuZCBhIEZyZWUgVGlja2V0IGZvciBLYWZyYSBUcmFuc3BvcnRhdGlvbi4=,,,,,RVhQIGJhc2UgMTcxMDAsIEVYUCBjbGFzc2UgNDIyNzMsIDEgVmFsZS1UZWxldHJhbnNwb3J0ZS4=,,VHUgcmVjb21wZW5zYSBlcyBFWFAgMTcuMTAwLCBFWFAgZGUgY2xhc2UgNDIuMjczIHkgdW4gYmlsbGV0ZSBncmF0dWl0byBwYXJhIGVsIHRyYW5zcG9ydGUgZGUgS2FmcmEu
iIBWAw,,WW91ciByZXdhcmQgaXMgMTcsMTAwIEVYUCBhbmQgNDIsMjczIEpFWFAu,,,,,RVhQIGJhc2UgMTcxMDAsIEVYUCBjbGFzc2UgNDIyNzMgcmVjZWJpZG8u,,VHUgcmVjb21wZW5zYSBlcyAxNy4xMDAgRVhQIHkgNDIuMjczIEVYUCBkZSBjbGFzZS4=
iYBWAw,,W0Vhcm5lc3QgU29naWxdCllvdSBoYXZlIGh1bnRlZCBkb3duIFNvbGlkIEtvYm9sZC4gSGVyZSBpcyB5b3VyIHJld2FyZCwgYXMgcHJvbWlzZWQu,,,,,W01vbnN0csOzbG9nb10KS29ib2xkIEJydXRhbCB0ZW0gdW0gcmVnaXN0cm8gZGUgY2HDp2EuIEJvbSB0cmFiYWxoby4=,,W01vbnN0cnXDs2xvZ29dCkhhcyBjYXphZG8gYSBLb2JvbGQgU8OzbGlkby4gQXF1w60gZXN0w6EgdHUgcmVjb21wZW5zYSwgY29tbyBwcm9tZXRpc3RlLg==
ioBWAw,,WW91ciByZXdhcmQgaXMgRVhQIDIwLDQ2MCwgSkVYUCA1MCw2MzcsIGFuZCBhIEZyZWUgVGlja2V0IGZvciBLYWZyYSBUcmFuc3BvcnRhdGlvbi4=,,,,,RVhQIGJhc2UgMjA0NjAsIEVYUCBjbGFzc2UgNTA2MzcsIDEgVmFsZS1UZWxldHJhbnNwb3J0ZS4=,,VHUgcmVjb21wZW5zYSBlcyBFWFAgMjAuNDYwLCBFWFAgZGUgY2xhc2UgNTAuNjM3IHkgdW4gYmlsbGV0ZSBncmF0dWl0byBwYXJhIGVsIHRyYW5zcG9ydGUgZGUgS2FmcmEu
i4BWAw,,WW91ciByZXdhcmQgaXMgMjAsNDYwIEVYUCBhbmQgNTAsNjM3IEpFWFAu,,,,,RVhQIGJhc2UgMjA0NjAsIEVYUCBjbGFzc2UgNTA2MzcgcmVjZWJpZG8u,,VHUgcmVjb21wZW5zYSBzb24gMjAuNDYwIEVYUCB5IDUwLjYzNyBFWFAgZGUgY2xhc2Uu
jIBWAw,,W0Vhcm5lc3QgU29naWxdCllvdSBoYXZlIGh1bnRlZCBkb3duIFN3aWZ0IEtvYm9sZCBBcmNoZXIuIEhlcmUgaXMgeW91ciByZXdhcmQsIGFzIHByb21pc2VkLg==,,,,,W01vbnN0csOzbG9nb10KS29ib2xkIEFycXVlaXJvIMOBZ2lsIHRlbSB1bSByZWdpc3RybyBkZSBjYcOnYS4gQm9tIHRyYWJhbGhvLg==,,W01vbnN0cnXDs2xvZ29dCkhhcyBjYXphZG8gYSBTd2lmdCBLb2JvbGQgQXJjaGVyLiBBcXXDrSBlc3TDoSB0dSByZWNvbXBlbnNhLCBjb21vIHByb21ldGlzdGUu
jYBWAw,,WW91ciByZXdhcmQgaXMgRVhQIDE5LDQ0MCwgSkVYUCA3Nyw4MTQsIGFuZCBhIEZyZWUgVGlja2V0IGZvciBLYWZyYSBUcmFuc3BvcnRhdGlvbi4=,,,,,RVhQIGJhc2UgMTk0NDAsIEVYUCBjbGFzc2UgNzc4MTQsIDEgVmFsZS1UZWxldHJhbnNwb3J0ZS4=,,VHUgcmVjb21wZW5zYSBlcyBFWFAgMTkuNDQwLCBFWFAgZGUgY2xhc2UgNzcuODE0IHkgdW4gYmlsbGV0ZSBncmF0dWl0byBwYXJhIGVsIHRyYW5zcG9ydGUgZGUgS2FmcmEu
joBWAw,,WW91ciByZXdhcmQgaXMgMTksNDQwIEVYUCBhbmQgNzcsODE0IEpFWFAu,,,,,RVhQIGJhc2UgMTk0NDAsIEVYUCBjbGFzc2UgNzc4MTQgcmVjZWJpZG8u,,VHUgcmVjb21wZW5zYSBlcyAxOS40NDAgRVhQIHkgNzcuODE0IEVYUCBkZSBjbGFzZS4=
j4BWAw,,W0Vhcm5lc3QgU29naWxdCllvdSBoYXZlIGh1bnRlZCBkb3duIFNvbGlkIFNub3dpZXIuIEhlcmUgaXMgeW91ciByZXdhcmQsIGFzIHByb21pc2VkLg==,,,,,W01vbnN0csOzbG9nb10KWWV0aSBCcnV0YWwgdGVtIHVtIHJlZ2lzdHJvIGRlIGNhw6dhLiBCb20gdHJhYmFsaG8u,,W01vbnN0cnXDs2xvZ29dCkhhcyBjYXphZG8gYSBTb2xpZCBTbm93aWVyLiBBcXXDrSBlc3TDoSB0dSByZWNvbXBlbnNhLCBjb21vIHByb21ldGlzdGUu
kIBWAw,,W0Vhcm5lc3QgU29naWxdCllvdSBoYXZlIGh1bnRlZCBkb3duIFN3aWZ0IEljZSBUaXRhbi4gSGVyZSBpcyB5b3VyIHJld2FyZCwgYXMgcHJvbWlzZWQu,,,,,W01vbnN0csOzbG9nb10KVGl0w6MgZGUgR2VsbyDDgWdpbCB0ZW0gdW0gcmVnaXN0cm8gZGUgY2HDp2EuIEJvbSB0cmFiYWxoby4=,,W01vbnN0cnXDs2xvZ29dCkhhcyBjYXphZG8gYWwgVGl0w6FuIGRlIEhpZWxvIFZlbG96LiBBcXXDrSBlc3TDoSB0dSByZWNvbXBlbnNhLCBjb21vIHByb21ldGlzdGUu
kYBWAw,,WW91ciByZXdhcmQgaXMgRVhQIDI0LDUxMCwgSkVYUCA3OCw1MDcsIGFuZCBhIEZyZWUgVGlja2V0IGZvciBLYWZyYSBUcmFuc3BvcnRhdGlvbi4=,,,,,RVhQIGJhc2UgMjQ1MTAsIEVYUCBjbGFzc2UgNzg1MDcsIDEgVmFsZS1UZWxldHJhbnNwb3J0ZS4=,,VHUgcmVjb21wZW5zYSBlcyBFWFAgMjQuNTEwLCBFWFAgZGUgY2xhc2UgNzguNTA3IHkgdW4gYmlsbGV0ZSBncmF0dWl0byBwYXJhIGVsIHRyYW5zcG9ydGUgZGUgS2FmcmEu
koBWAw,,WW91ciByZXdhcmQgaXMgMjQsNTEwIEVYUCBhbmQgNzgsNTA3IEpFWFAu,,,,,RVhQIGJhc2UgMjQ1MTAsIEVYUCBjbGFzc2UgNzg1MDcgcmVjZWJpZG8u,,VHUgcmVjb21wZW5zYSBlcyAyNC41MTAgRVhQIHkgNzguNTA3IEVYUCBkZSBjbGFzZS4=
k4BWAw,,W0Vhcm5lc3QgU29naWxdCllvdSBoYXZlIGh1bnRlZCBkb3duIENoaWVmIElzaWxsYS4gSGVyZSBpcyB5b3VyIHJld2FyZCwgYXMgcHJvbWlzZWQu,,,,,W01vbnN0csOzbG9nb10KSXNpbGxhIEFsZmEgdGVtIHVtIHJlZ2lzdHJvIGRlIGNhw6dhLiBCb20gdHJhYmFsaG8u,,W01vbnN0cnXDs2xvZ29dCkhhcyBjYXphZG8gYWwgSmVmZSBJc2lsbGEuIEFxdcOtIGVzdMOhIHR1IHJlY29tcGVuc2EsIGNvbW8gcHJvbWV0aXN0ZS4=
lIBWAw,,WW91ciByZXdhcmQgaXMgRVhQIDMzLDY5MCwgSkVYUCA3Niw5NzEsIGFuZCBhIEZyZWUgVGlja2V0IGZvciBLYWZyYSBUcmFuc3BvcnRhdGlvbi4=,,,,,RVhQIGJhc2UgMzM2OTAsIEVYUCBjbGFzc2UgNzY5NzEsIDEgVmFsZS1UZWxldHJhbnNwb3J0ZS4=,,VHUgcmVjb21wZW5zYSBlcyBFWFAgMzMuNjkwLCBFWFAgZGUgY2xhc2UgNzYuOTcxIHkgdW4gYmlsbGV0ZSBncmF0dWl0byBwYXJhIGVsIHRyYW5zcG9ydGUgZGUgS2FmcmEu
lYBWAw,,WW91ciByZXdhcmQgaXMgMzMsNjkwIEVYUCBhbmQgNzYsOTcxIEpFWFAu,,,,,RVhQIGJhc2UgMzM2OTAsIEVYUCBjbGFzc2UgNzY5NzEgcmVjZWJpZG8u,,VHUgcmVjb21wZW5zYSBlcyAzMy42OTAgRVhQIHkgNzYuOTcxIEVYUCBkZSBjbGFzZS4=
loBWAw,,W0Vhcm5lc3QgU29naWxdCllvdSBoYXZlIGh1bnRlZCBkb3duIENoaWVmIEVjaGlvLiBIZXJlIGlzIHlvdXIgcmV3YXJkLCBhcyBwcm9taXNlZC4=,,,,,W01vbnN0csOzbG9nb10KRWNoaW8gQWxmYSB0ZW0gdW0gcmVnaXN0cm8gZGUgY2HDp2EuIEJvbSB0cmFiYWxoby4=,,W01vbnN0cnXDs2xvZ29dCkhhcyBjYXphZG8gYWwgSmVmZSBFY2hpby4gQXF1w60gZXN0w6EgdHUgcmVjb21wZW5zYSwgY29tbyBwcm9tZXRpc3RlLg==
l4BWAw,,WW91ciByZXdhcmQgaXMgRVhQIDM1LDk3MCwgSkVYUCA4MiwxNzAsIGFuZCBhIEZyZWUgVGlja2V0IGZvciBLYWZyYSBUcmFuc3BvcnRhdGlvbi4=,,,,,RVhQIGJhc2UgMzU5NzAsIEVYUCBjbGFzc2UgODIxNzAsIDEgVmFsZS1UZWxldHJhbnNwb3J0ZS4=,,VHUgcmVjb21wZW5zYSBlcyBFWFAgMzUuOTcwLCBFWFAgZGUgY2xhc2UgODIuMTcwIHkgdW4gYmlsbGV0ZSBncmF0dWl0byBwYXJhIGVsIHRyYW5zcG9ydGUgZGUgS2FmcmEu
mIBWAw,,WW91ciByZXdhcmQgaXMgMzUsOTcwIEVYUCBhbmQgODIsMTcwIEpFWFAu,,,,,RVhQIGJhc2UgMzU5NzAsIEVYUCBjbGFzc2UgODIxNzAgcmVjZWJpZG8u,,VHUgcmVjb21wZW5zYSBlcyAzNS45NzAgRVhQIHkgODIuMTcwIEVYUCBkZSBjbGFzZS4=
mYBWAw,,W0Vhcm5lc3QgU29naWxdCllvdSBoYXZlIGh1bnRlZCBkb3duIFN3aWZ0IEFnYXYuIEhlcmUgaXMgeW91ciByZXdhcmQsIGFzIHByb21pc2VkLg==,,,,,QWdhdiDDgWdpbCB0ZW0gdW0gcmVnaXN0cm8gZGUgY2HDp2EuIEJvbSB0cmFiYWxoby4=,,W01vbnN0cnXDs2xvZ29dCkhhcyBjYXphZG8gYWwgVmVuY2VqbyBBZ2F2LiBBcXXDrSBlc3TDoSB0dSByZWNvbXBlbnNhLCBjb21vIHByb21ldGlzdGUu
moBWAw,,WW91ciByZXdhcmQgaXMgRVhQIDM4LDM0MCwgSkVYUCA4Nyw1MTYsIGFuZCBhIEZyZWUgVGlja2V0IGZvciBLYWZyYSBUcmFuc3BvcnRhdGlvbi4=,,,,,RVhQIGJhc2UgMzgzNDAsIEVYUCBjbGFzc2UgODc1MTYsIDEgVmFsZS1UZWxldHJhbnNwb3J0ZS4=,,VHUgcmVjb21wZW5zYSBlcyBFWFAgMzguMzQwLCBFWFAgZGUgY2xhc2UgODcuNTE2IHkgdW4gYmlsbGV0ZSBncmF0dWl0byBwYXJhIGVsIHRyYW5zcG9ydGUgZGUgS2FmcmEu
m4BWAw,,WW91ciByZXdhcmQgaXMgMzgsMzQwIEVYUCBhbmQgODcsNTE2IEpFWFAu,,,,,RVhQIGJhc2UgMzgzNDAsIEVYUCBjbGFzc2UgODc1MTYgcmVjZWJpZG8u,,VHUgcmVjb21wZW5zYSBlcyAzOC4zNDAgRVhQIHkgODcuNTE2IEVYUCBkZSBjbGFzZS4=
nIBWAw,,W0Vhcm5lc3QgU29naWxdCllvdSBoYXZlIGh1bnRlZCBkb3duIEZ1cmlvdXMgU21va2llLiBIZXJlIGlzIHlvdXIgcmV3YXJkLCBhcyBwcm9taXNlZC4=,,,,,W01vbnN0csOzbG9nb10KRnVtYWNlbnRvIEZlcm96IHRlbSB1bSByZWdpc3RybyBkZSBjYcOnYS4gQm9tIHRyYWJhbGhvLg==,,W01vbnN0cnXDs2xvZ29dCkhhcyBjYXphZG8gYSBGdXJpb3VzIFNtb2tpZS4gQXF1w60gZXN0w6EgdHUgcmVjb21wZW5zYSwgY29tbyBwcm9tZXRpc3RlLg==
nYBWAw,,W0Vhcm5lc3QgU29naWxdCllvdSBoYXZlIGh1bnRlZCBkb3duIENoaWVmIER1bXBsaW5nIENoaWxkLiBIZXJlIGlzIHlvdXIgcmV3YXJkLCBhcyBwcm9taXNlZC4=,,,,,W01vbnN0csOzbG9nb10KUGlycmFsaG8gQWxmYSB0ZW0gdW0gcmVnaXN0cm8gZGUgY2HDp2EuIEJvbSB0cmFiYWxoby4=,,W01vbnN0cnXDs2xvZ29dCkhhcyBjYXphZG8gYWwgSmVmZSBOacOxbyBCb2xsby4gQXF1w60gZXN0w6EgdHUgcmVjb21wZW5zYSwgY29tbyBwcm9tZXRpc3RlLg==
noBWAw,,WW91ciByZXdhcmQgaXMgRVhQIDQsMTkwLCBKRVhQIDEzLDQxMCwgYW5kIGEgRnJlZSBUaWNrZXQgZm9yIEthZnJhIFRyYW5zcG9ydGF0aW9uLg==,,,,,RVhQIGJhc2UgNDE5MCwgRVhQIGNsYXNzZSAxMzQxMCwgMSBWYWxlLVRlbGV0cmFuc3BvcnRlLg==,,VHUgcmVjb21wZW5zYSBlcyBFWFAgNC4xOTAsIEVYUCBkZSBjbGFzZSAxMy40MTAgeSB1biBiaWxsZXRlIGdyYXR1aXRvIHBhcmEgZWwgdHJhbnNwb3J0ZSBkZSBLYWZyYS4=
n4BWAw,,WW91ciByZXdhcmQgaXMgNCwxOTAgRVhQIGFuZCAxMyw0MTAgSkVYUC4=,,,,,RVhQIGJhc2UgNDE5MCwgRVhQIGNsYXNzZSAxMzQxMCByZWNlYmlkby4=,,VHUgcmVjb21wZW5zYSBzb24gNC4xOTAgRVhQIHkgMTMuNDEwIEVYUCBkZSBjbGFzZS4=
oIBWAw,,W0Vhcm5lc3QgU29naWxdCllvdSBoYXZlIGh1bnRlZCBkb3duIEZ1cmlvdXMgVG91Y2FuLiBIZXJlIGlzIHlvdXIgcmV3YXJkLCBhcyBwcm9taXNlZC4=,,,,,W01vbnN0csOzbG9nb10KRXNww61yaXRvIGRvIFZlbnRvIEZlcm96IHRlbSB1bSByZWdpc3RybyBkZSBjYcOnYS4gQm9tIHRyYWJhbGhvLg==,,W01vbnN0cnXDs2xvZ29dCkhhcyBjYXphZG8gYSBUdWPDoW4gRnVyaW9zby4gQXF1w60gZXN0w6EgdHUgcmVjb21wZW5zYSwgY29tbyBwcm9tZXRpc3RlLg==
oYBWAw,,WW91ciByZXdhcmQgaXMgRVhQIDUsMTkwLCBKRVhQIDEyLDI0MCwgYW5kIGEgRnJlZSBUaWNrZXQgZm9yIEthZnJhIFRyYW5zcG9ydGF0aW9uLg==,,,,,RVhQIGJhc2UgNTE5MCwgRVhQIGNsYXNzZSAxMjI0MCwgMSBWYWxlLVRlbGV0cmFuc3BvcnRlLg==,,VHUgcmVjb21wZW5zYSBlcyBFWFAgNS4xOTAsIEVYUCBkZSBjbGFzZSAxMi4yNDAgeSB1biBiaWxsZXRlIGdyYXR1aXRvIHBhcmEgZWwgdHJhbnNwb3J0ZSBkZSBLYWZyYS4=
ooBWAw,,WW91ciByZXdhcmQgaXMgNSwxOTAgRVhQIGFuZCAxMiwyNDAgSkVYUC4=,,,,,RVhQIGJhc2UgNTE5MCwgRVhQIGNsYXNzZSAxMjI0MCByZWNlYmlkby4=,,VHUgcmVjb21wZW5zYSBlcyA1LjE5MCBFWFAgeSAxMi4yNDAgRVhQIGRlIGNsYXNlLg==
o4BWAw,,W0Vhcm5lc3QgU29naWxdCllvdSBoYXZlIGh1bnRlZCBkb3duIFNvbGlkIFNpZGUgV2luZGVyLiBIZXJlIGlzIHlvdXIgcmV3YXJkLCBhcyBwcm9taXNlZC4=,,,,,W01vbnN0csOzbG9nb10KU29ycmF0ZWlybyBCcnV0YWwgdGVtIHVtIHJlZ2lzdHJvIGRlIGNhw6dhLiBCb20gdHJhYmFsaG8u,,W01vbnN0cnXDs2xvZ29dCkhhcyBjYXphZG8gYSBTb2xpZCBTaWRlIFdpbmRlci4gQXF1w60gZXN0w6EgdHUgcmVjb21wZW5zYSwgY29tbyBwcm9tZXRpc3RlLg==
pIBWAw,,WW91ciByZXdhcmQgaXMgRVhQIDUsNjcwLCBKRVhQIDE4LDIzMCwgYW5kIGEgRnJlZSBUaWNrZXQgZm9yIEthZnJhIFRyYW5zcG9ydGF0aW9uLg==,,,,,RVhQIGJhc2UgNTY3MCwgRVhQIGNsYXNzZSAxODIzMCwgMSBWYWxlLVRlbGV0cmFuc3BvcnRlLg==,,VHUgcmVjb21wZW5zYSBlcyBFWFAgNS42NzAsIEVYUCBkZSBjbGFzZSAxOC4yMzAgeSB1biBiaWxsZXRlIGdyYXR1aXRvIHBhcmEgZWwgdHJhbnNwb3J0ZSBkZSBLYWZyYS4=
pYBWAw,,WW91ciByZXdhcmQgaXMgNSw2NzAgRVhQIGFuZCAxOCwyMzAgSkVYUC4=,,,,,RVhQIGJhc2UgNTY3MCwgRVhQIGNsYXNzZSAxODIzMCByZWNlYmlkby4=,,VHUgcmVjb21wZW5zYSBlcyA1LjY3MCBFWFAgeSAxOC4yMzAgRVhQIGRlIGNsYXNlLg==
poBWAw,,W0Vhcm5lc3QgU29naWxdCllvdSBoYXZlIGh1bnRlZCBkb3duIFN3aWZ0IEthcmFrYXNhLiBIZXJlIGlzIHlvdXIgcmV3YXJkLCBhcyBwcm9taXNlZC4=,,,,,W01vbnN0csOzbG9nb10KS2FyYWthc2Egw4FnaWwgdGVtIHVtIHJlZ2lzdHJvIGRlIGNhw6dhLiBCb20gdHJhYmFsaG8u,,W01vbnN0cnXDs2xvZ29dCkhhcyBjYXphZG8gYWwgVmVsb3ogS2FyYWthc2EuIEFxdcOtIGVzdMOhIHR1IHJlY29tcGVuc2EsIGNvbW8gcHJvbWV0aXN0ZS4=
p4BWAw,,WW91ciByZXdhcmQgaXMgRVhQIDYsMzIwLCBKRVhQIDE5LDM1MCwgYW5kIGEgRnJlZSBUaWNrZXQgZm9yIEthZnJhIFRyYW5zcG9ydGF0aW9uLg==,,,,,RVhQIGJhc2UgNjMyMCwgRVhQIGNsYXNzZSAxOTM1MCwgMSBWYWxlLVRlbGV0cmFuc3BvcnRlLg==,,VHUgcmVjb21wZW5zYSBlcyBFWFAgNi4zMjAsIEVYUCBkZSBjbGFzZSAxOS4zNTAgeSB1biBiaWxsZXRlIGdyYXR1aXRvIHBhcmEgZWwgdHJhbnNwb3J0ZSBkZSBLYWZyYS4=
qIBWAw,,WW91ciByZXdhcmQgaXMgNiwzMjAgRVhQIGFuZCAxOSwzNTAgSkVYUC4=,,,,,RVhQIGJhc2UgNjMyMCwgRVhQIGNsYXNzZSAxOTM1MCByZWNlYmlkby4=,,VHUgcmVjb21wZW5zYSBlcyA2LjMyMCBFWFAgeSAxOS4zNTAgRVhQIGRlIGNsYXNlLg==
qYBWAw,,W0Vhcm5lc3QgU29naWxdCllvdSBoYXZlIGh1bnRlZCBkb3duIEVsdXNpdmUgTWkgR2FvLiBIZXJlIGlzIHlvdXIgcmV3YXJkLCBhcyBwcm9taXNlZC4=,,,,,W01vbnN0csOzbG9nb10KTWkgR2FvIEZ1Z2F6IHRlbSB1bSByZWdpc3RybyBkZSBjYcOnYS4gQm9tIHRyYWJhbGhvLg==,,W01vbnN0cnXDs2xvZ29dCkhhcyBjYXphZG8gYSBFbHVzaXZlIE1pIEdhby4gQXF1w60gZXN0w6EgdHUgcmVjb21wZW5zYSwgY29tbyBwcm9tZXRpc3RlLg==
qoBWAw,,WW91ciByZXdhcmQgaXMgRVhQIDksOTAwLCBKRVhQIDM0LDM4MCwgYW5kIGEgRnJlZSBUaWNrZXQgZm9yIEthZnJhIFRyYW5zcG9ydGF0aW9uLg==,,,,,RVhQIGJhc2UgOTkwMCwgRVhQIGNsYXNzZSAzNDM4MCwgMSBWYWxlLVRlbGV0cmFuc3BvcnRlLg==,,VHUgcmVjb21wZW5zYSBlcyBFWFAgOS45MDAsIEVYUCBkZSBjbGFzZSAzNC4zODAgeSB1biBiaWxsZXRlIGdyYXR1aXRvIHBhcmEgZWwgdHJhbnNwb3J0ZSBkZSBLYWZyYS4=
q4BWAw,,WW91ciByZXdhcmQgaXMgOSw5MDAgRVhQIGFuZCAzNCwzODAgSkVYUC4=,,,,,RVhQIGJhc2UgOTkwMCwgRVhQIGNsYXNzZSAzNDM4MCByZWNlYmlkby4=,,VHUgcmVjb21wZW5zYSBzb24gOS45MDAgRVhQIHkgMzQuMzgwIEVYUCBkZSBjbGFzZS4=
rIBWAw,,W0Vhcm5lc3QgU29naWxdCllvdSBoYXZlIGh1bnRlZCBkb3duIEVsdXNpdmUgTHVjaW9sYSBWZXNwYS4gSGVyZSBpcyB5b3VyIHJld2FyZCwgYXMgcHJvbWlzZWQu,,,,,W01vbnN0csOzbG9nb10KVmVzcGEgVmFnYWx1bWUgRnVnYXogdGVtIHVtIHJlZ2lzdHJvIGRlIGNhw6dhLiBCb20gdHJhYmFsaG8u,,W01vbnN0cnXDs2xvZ29dCkhhcyBjYXphZG8gYSBsYSBlc2N1cnJpZGl6YSBMdWNpb2xhIFZlc3BhLiBBcXXDrSB0aWVuZXMgVHUgcmVjb21wZW5zYSwgY29tbyBwcm9tZXRpc3RlLg==
rYBWAw,,WW91ciByZXdhcmQgaXMgRVhQIDIyLDA5NSwgSkVYUCA1Myw2MDcsIGFuZCBhIEZyZWUgVGlja2V0IGZvciBLYWZyYSBUcmFuc3BvcnRhdGlvbi4=,,,,,RVhQIGJhc2UgMjIwOTUsIEpleHAgNTM2MDcsIDEgVmFsZS1UZWxldHJhbnNwb3J0ZS4=,,VHUgcmVjb21wZW5zYSBlcyBFWFAgMjIuMDk1LCBFWFAgZGUgY2xhc2UgNTMuNjA3IHkgdW4gYmlsbGV0ZSBncmF0dWl0byBwYXJhIGVsIHRyYW5zcG9ydGUgZGUgS2FmcmEu
roBWAw,,WW91ciByZXdhcmQgaXMgMjIsMDk1IEVYUCBhbmQgNTMsNjA3IEpFWFAu,,,,,RVhQIGJhc2UgMjIwOTUsIEpleHAgNTM2MDcgcmVjZWJpZG8u,,VHUgcmVjb21wZW5zYSBlcyAyMi4wOTUgRVhQIHkgNTMuNjA3IEVYUCBkZSBjbGFzZS4=
r4BWAw,,W0Vhcm5lc3QgU29naWxdCllvdSBoYXZlIGh1bnRlZCBkb3duIFNvbGlkIERhcmsgUGluZ3VpY3VsYS4gSGVyZSBpcyB5b3VyIHJld2FyZCwgYXMgcHJvbWlzZWQu,,,,,W01vbnN0csOzbG9nb10KUGluZ3VpY3VsYSBCcnV0YWwgdGVtIHVtIHJlZ2lzdHJvIGRlIGNhw6dhLiBCb20gdHJhYmFsaG8u,,W01vbnN0cnXDs2xvZ29dCkhhcyBjYXphZG8gYSBQaW5ndWljdWxhIFPDs2xpZGEgT3NjdXJhLiBBcXXDrSB0aWVuZXMgVHUgcmVjb21wZW5zYSwgY29tbyBwcm9tZXRpc3RlLg==
sIBWAw,,WW91ciByZXdhcmQgaXMgRVhQIDIwLDQ3NSwgSkVYUCA3MSw3NzUsIGFuZCBhIEZyZWUgVGlja2V0IGZvciBLYWZyYSBUcmFuc3BvcnRhdGlvbi4=,,,,,RVhQIGJhc2UgMjA0NzUsIEpleHAgNzE3NzUsIDEgVmFsZS1UZWxldHJhbnNwb3J0ZS4=,,VHUgcmVjb21wZW5zYSBlcyBFWFAgMjAuNDc1LCBFWFAgZGUgY2xhc2UgNzEuNzc1IHkgdW4gYmlsbGV0ZSBncmF0dWl0byBwYXJhIGVsIHRyYW5zcG9ydGUgZGUgS2FmcmEu
sYBWAw,,WW91ciByZXdhcmQgaXMgMjAsNDc1IEVYUCBhbmQgNzEsNzc1IEpFWFAu,,,,,RVhQIGJhc2UgMjA0NzUsIEpleHAgNzE3NzUgcmVjZWJpZG8u,,VHUgcmVjb21wZW5zYSBzb24gMjAuNDc1IEVYUCB5IDcxLjc3NSBFWFAgZGUgY2xhc2Uu
soBWAw,,W0Vhcm5lc3QgU29naWxdCllvdSBoYXZlIGh1bnRlZCBkb3duIFN3aWZ0IENlbnRpcGVkZS4gSGVyZSBpcyB5b3VyIHJld2FyZCwgYXMgcHJvbWlzZWQu,,,,,W01vbnN0csOzbG9nb10KQ2VudG9wZWlhIMOBZ2lsIHRlbSB1bSByZWdpc3RybyBkZSBjYcOnYS4gQm9tIHRyYWJhbGhvLg==,,W01vbnN0cnXDs2xvZ29dCkhhcyBjYXphZG8gYWwgQ2llbXBpw6lzIFZlbG96LiBBcXXDrSBlc3TDoSB0dSByZWNvbXBlbnNhLCBjb21vIHByb21ldGlzdGUu
s4BWAw,,WW91ciByZXdhcmQgaXMgRVhQIDMxLDIwMCwgSkVYUCA4MCw0ODcsIGFuZCBhIEZyZWUgVGlja2V0IGZvciBLYWZyYSBUcmFuc3BvcnRhdGlvbi4=,,,,,RVhQIGJhc2UgMzEyMDAsIEVYUCBjbGFzc2UgODA0ODcsIDEgVmFsZS1UZWxldHJhbnNwb3J0ZS4=,,VHUgcmVjb21wZW5zYSBlcyBFWFAgMzEuMjAwLCBFWFAgZGUgY2xhc2UgODAuNDg3IHkgdW4gYmlsbGV0ZSBncmF0dWl0byBwYXJhIGVsIHRyYW5zcG9ydGUgZGUgS2FmcmEu
tIBWAw,,WW91ciByZXdhcmQgaXMgMzEsMjAwIEVYUCBhbmQgODAsNDg3IEpFWFAu,,,,,RVhQIGJhc2UgMzEyMDAsIEVYUCBjbGFzc2UgODA0ODcgcmVjZWJpZG8u,,VHUgcmVjb21wZW5zYSBlcyAzMS4yMDAgRVhQIHkgODAuNDg3IEVYUCBkZSBjbGFzZS4=
tYBWAw,,W0Vhcm5lc3QgU29naWxdCllvdSBoYXZlIGh1bnRlZCBkb3duIENoaWVmIERvbG9tZWRlcy4gSGVyZSBpcyB5b3VyIHJld2FyZCwgYXMgcHJvbWlzZWQu,,,,,W01vbnN0csOzbG9nb10KRG9sb21lZGVzIEFsZmEgdGVtIHVtIHJlZ2lzdHJvIGRlIGNhw6dhLiBCb20gdHJhYmFsaG8u,,W01vbnN0cnXDs2xvZ29dCkhhcyBjYXphZG8gYWwgamVmZSBEb2xvbWVkZXMuIEFxdcOtIGVzdMOhIHR1IHJlY29tcGVuc2EsIGNvbW8gcHJvbWV0aXN0ZS4=
toBWAw,,WW91ciByZXdhcmQgaXMgRVhQIDUwLDI2NSwgSkVYUCAxNTMsMDU0LCBhbmQgYSBGcmVlIFRpY2tldCBmb3IgS2FmcmEgVHJhbnNwb3J0YXRpb24u,,,,,RVhQIGJhc2UgNTAyNjUsIEVYUCBjbGFzc2UgMTUzMDU0LCAxIFZhbGUtVGVsZXRyYW5zcG9ydGUu,,VHUgcmVjb21wZW5zYSBlcyBFWFAgNTAuMjY1LCBFWFAgZGUgY2xhc2UgMTUzLjA1NCB5IHVuIGJpbGxldGUgZ3JhdHVpdG8gcGFyYSBlbCB0cmFuc3BvcnRlIGRlIEthZnJhLg==
t4BWAw,,WW91ciByZXdhcmQgaXMgNTAsMjY1IEVYUCBhbmQgMTUzLDA1NCBKRVhQLg==,,,,,RVhQIGJhc2UgNTAyNjUsIEVYUCBjbGFzc2UgMTUzMDU0IHJlY2ViaWRvLg==,,VHUgcmVjb21wZW5zYSBlcyA1MC4yNjUgRVhQIHkgMTUzLjA1NCBFWFAgZGUgY2xhc2Uu
uIBWAw,,W0Vhcm5lc3QgU29naWxdCllvdSBoYXZlIGh1bnRlZCBkb3duIEVsdXNpdmUgQW50bGVyIFNjYXJhYmEuIEhlcmUgaXMgeW91ciByZXdhcmQsIGFzIHByb21pc2VkLg==,,,,,W01vbnN0csOzbG9nb10KU2NhcmFiYSBHYWxoYWRvIEZ1Z2F6IHRlbSB1bSByZWdpc3RybyBkZSBjYcOnYS4gQm9tIHRyYWJhbGhvLg==,,W01vbnN0cnXDs2xvZ29dCkhhcyBjYXphZG8gYSBFc2NhcmFiYWpvIGRlIGNvcm5hbWVudGEgZXNjdXJyaWRpem8uIEFxdcOtIHRpZW5lcyBUdSByZWNvbXBlbnNhLCBjb21vIHByb21ldGlzdGUu
uYBWAw,,WW91ciByZXdhcmQgaXMgRVhQIDQ3LDQ3NSwgSkVYUCAxNTYsMDI0LCBhbmQgYSBGcmVlIFRpY2tldCBmb3IgS2FmcmEgVHJhbnNwb3J0YXRpb24u,,,,,RVhQIGJhc2UgNDc0NzUsIEVYUCBjbGFzc2UgMTU2MDI0LCAxIFZhbGUtVGVsZXRyYW5zcG9ydGUu,,VHUgcmVjb21wZW5zYSBlcyBFWFAgNDcuNDc1LCBFWFAgZGUgY2xhc2UgMTU2LjAyNCB5IHVuIGJpbGxldGUgZ3JhdHVpdG8gcGFyYSBlbCB0cmFuc3BvcnRlIGRlIEthZnJhLg==
uoBWAw,,WW91ciByZXdhcmQgaXMgNDcsNDc1IEVYUCBhbmQgMTU2LDAyNCBKRVhQLg==,,,,,RVhQIGJhc2UgNDc0NzUsIEVYUCBjbGFzc2UgMTU2MDI0IHJlY2ViaWRvLg==,,VHUgcmVjb21wZW5zYSBlcyA0Ny40NzUgRVhQIHkgMTU2LjAyNCBFWFAgZGUgY2xhc2Uu
u4BWAw,,W0Vhcm5lc3QgU29naWxdCllvdSBoYXZlIGh1bnRlZCBkb3duIENoaWVmIE1pbWluZy4gSGVyZSBpcyB5b3VyIHJld2FyZCwgYXMgcHJvbWlzZWQu,,,,,W01vbnN0csOzbG9nb10KUGxhZ2lhZG9yIEFsZmEgdGVtIHVtIHJlZ2lzdHJvIGRlIGNhw6dhLiBCb20gdHJhYmFsaG8u,,W01vbnN0cnXDs2xvZ29dCkhhcyBjYXphZG8gYWwgSmVmZSBNaW1pbmcuIEFxdcOtIGVzdMOhIHR1IHJlY29tcGVuc2EsIGNvbW8gcHJvbWV0aXN0ZS4=
vIBWAw,,WW91ciByZXdhcmQgaXMgRVhQIDY5LDIyNSwgSkVYUCAxODcsMTEwLCBhbmQgYSBGcmVlIFRpY2tldCBmb3IgS2FmcmEgVHJhbnNwb3J0YXRpb24u,,,,,RVhQIGJhc2UgNjkyMjUsIEVYUCBjbGFzc2UgMTg3MTEwLCAxIFZhbGUtVGVsZXRyYW5zcG9ydGUu,,VHUgcmVjb21wZW5zYSBlcyBFWFAgNjkuMjI1LCBFWFAgZGUgY2xhc2UgMTg3LjExMCB5IHVuIGJpbGxldGUgZ3JhdHVpdG8gcGFyYSBlbCB0cmFuc3BvcnRlIGRlIEthZnJhLg==
vYBWAw,,WW91ciByZXdhcmQgaXMgNjksMjI1IEVYUCBhbmQgMTg3LDExMCBKRVhQLg==,,,,,RVhQIGJhc2UgNjkyMjUsIEVYUCBjbGFzc2UgMTg3MTEwIHJlY2ViaWRvLg==,,VHUgcmVjb21wZW5zYSBlcyA2OS4yMjUgRVhQIHkgMTg3LjExMCBFWFAgZGUgY2xhc2Uu
voBWAw,,W0Vhcm5lc3QgU29naWxdCllvdSBoYXZlIGh1bnRlZCBkb3duIEZ1cmlvdXMgTGl0dGxlIEZhdHVtLiBIZXJlIGlzIHlvdXIgcmV3YXJkLCBhcyBwcm9taXNlZC4=,,,,,W01vbnN0csOzbG9nb10KUGVxdWVubyBGYXR1bSBGZXJveiB0ZW0gdW0gcmVnaXN0cm8gZGUgY2HDp2EuIEJvbSB0cmFiYWxoby4=,,W01vbnN0cnXDs2xvZ29dCkhhcyBjYXphZG8gYSBGdXJpb3VzIExpdHRsZSBGYXR1bS4gQXF1w60gZXN0w6EgdHUgcmVjb21wZW5zYSwgY29tbyBwcm9tZXRpc3RlLg==
v4BWAw,,WW91ciByZXdhcmQgaXMgRVhQIDczLDEyNSwgSkVYUCAxOTMsMDUwLCBhbmQgYSBGcmVlIFRpY2tldCBmb3IgS2FmcmEgVHJhbnNwb3J0YXRpb24u,,,,,RVhQIGJhc2UgNzMxMjUsIEVYUCBjbGFzc2UgMTkzMDUwLCAxIFZhbGUtVGVsZXRyYW5zcG9ydGUu,,VHUgcmVjb21wZW5zYSBlcyBFWFAgNzMuMTI1LCBFWFAgZGUgY2xhc2UgMTkzLjA1MCB5IHVuIGJpbGxldGUgZ3JhdHVpdG8gcGFyYSBlbCB0cmFuc3BvcnRlIGRlIEthZnJhLg==
wIBWAw,,WW91ciByZXdhcmQgaXMgNzMsMTI1IEVYUCBhbmQgMTkzLDA1MCBKRVhQLg==,,,,,RVhQIGJhc2UgNzMxMjUsIEVYUCBjbGFzc2UgMTkzMDUwIHJlY2ViaWRvLg==,,VHUgcmVjb21wZW5zYSBlcyA3My4xMjUgRVhQIHkgMTkzLjA1MCBFWFAgZGUgY2xhc2Uu
wYBWAw,,W0Vhcm5lc3QgU29naWxdCkkgaGF2ZSBpc3N1ZWQgYWxsIGF2YWlsYWJsZSByZXdhcmRzLgpQbGVhc2UgY29tZSBiYWNrIGFnYWluIHRvbW9ycm93LCBvciB0YWtlIHVwIHNvbWUgb3RoZXIgcXVlc3RzLg==,,,,,W01vbnN0csOzbG9nb10KRW50cmVndWVpIHRvZGFzIGFzIHJlY29tcGVuc2FzLgpWb2x0ZSBhbWFuaMOjIGNhc28gcXVlaXJhIHJlcGV0aXIgYXMgbWlzc8O1ZXMu,,W01vbnN0cnXDs2xvZ29dCkhlIGVudHJlZ2FkbyB0b2RhcyBsYXMgcmVjb21wZW5zYXMuClZ1ZWx2ZSBtYcOxYW5hIHNpIHF1aWVyZXMgcmVwZXRpciBsYXMgbWlzaW9uZXMu
woBWAw,,W0Vhcm5lc3QgU29naWxdCllvdSBjYW4gY2xhaW0geW91ciByZXdhcmQgZnJvbSBtZSwgb3IgYnkgc2VsZWN0aW5nIHRoZSBjb21wbGV0ZWQgcXVlc3Qgb24gdGhlIGJvYXJkLg==,,,,,W01vbnN0csOzbG9nb10KVm9jw6ogcG9kZSBlc2NvbGhlciB1bWEgc29saWNpdGHDp8OjbyBubyBRdWFkcm8gZGUgTWlzc8O1ZXMgRXNwZWNpYWlzIGUgcmVjZWJlciBhIHJlY29tcGVuc2EgY29taWdvLg==,,W01vbnN0cnXDs2xvZ29dClB1ZWRlcyBlbGVnaXIgdW5hIHNvbGljaXR1ZCBkZWwgVGFibGVybyBkZSBNaXNpb25lcyBFc3BlY2lhbGVzIHkgcmVjaWJpciBsYSByZWNvbXBlbnNhIGRlIG1pIHBhcnRlLg==
w4BWAw,,W0Vhcm5lc3QgU29naWxdCklmIHlvdSByZWNlaXZlIHF1ZXN0cyBkdXJpbmcgeW91ciBhZHZlbnR1cmVzLCBtZW1iZXJzIG9mIEVkZW4gR3JvdXAgYW5kIHRoZSB0b3duc3Blb3BsZSB3aWxsIGJlIHRoYW5rZnVsLg==,,,,,W01vbnN0csOzbG9nb10KU2VtcHJlIHF1ZSB2b2PDqiBjb21wbGV0YSB1bWEgc29saWNpdGHDp8OjbywgbyBHcnVwbyBkbyDDiWRlbiBmaWNhIG11aXRvIGFncmFkZWNpZG8u,,W01vbnN0cnXDs2xvZ29dCkNhZGEgdmV6IHF1ZSBjb21wbGV0YXMgdW5hIHNvbGljaXR1ZCwgZWwgR3J1cG8gZGVsIEVkw6luIGVzdMOhIG11eSBhZ3JhZGVjaWRvLg==
