gEdsDQ,,VmVudWUgR3VpZGU=,,,,,R3VpYSBkbyBMb2NhbA==,,R3XDrWEgZGVsIEx1Z2Fy
gUdsDQ,,PE5vb2RsZSBGZXN0aXZhbD4=,,,,,PEZlc3RpdmFsIGRvIE1hY2FycsOjbz4=,,PEZlc3RpdmFsIGRlIEZpZGVvcz4=
gkdsDQ,,VGhpcyBob3Qgc3VtbWVyIHdlYXJzIGRvd24gYm90aCBib2R5IGFuZCBtaW5kLCByaWdodD8gSG93IGFib3V0IGEgZGVsaWNpb3VzIGJvd2wgb2Ygbm9vZGxlcz8=,,,,,RXNzZSB2ZXLDo28gZXNjYWxkYW50ZSDDqSBkZSBtYXRhciwgbsOjbyDDqT8gUXVlIHRhbCB1bWEgZGVsaWNpb3NhIHRpZ2VsYSBkZSBtYWNhcnLDo28gcHJhIHNlIGFuaW1hcj8=,,RXMgdW4gdmVyYW5vIGNhbHVyb3NvIHF1ZSBhZ290YSBlbCBjdWVycG8geSBsYSBtZW50ZSwgwr92ZXJkYWQ/IMK/UXXDqSB0YWwgdW4gdGF6w7NuIGRlIGRlbGljaW9zb3MgZmlkZW9zPw==
g0dsDQ,,W1ZlbnVlIEd1aWRlXQpXZWxjb21lIHRvIExhc2FnbmEh,,,,,W0d1aWEgZG8gTG9jYWxdCkJlbS12aW5kbyBhIExhc2FnbmEh,,W0d1w61hIGRlbCBMdWdhcl0KwqFCaWVudmVuaWRvIGEgTGFzYWduYSE=
hEdsDQ,,W1ZlbnVlIEd1aWRlXQpBcmUgeW91IGxvb2tpbmcgZm9yIHRoZSBOb29kbGUgRmVzdGl2YWwgZ3JvdW5kcz8gU2hhbGwgSSBndWlkZSB5b3UgdGhlcmU/,,,,,W0d1aWEgZG8gTG9jYWxdClZvY8OqIGVzdMOhIHF1ZXJlbmRvIGlyIGFvIEZlc3RpdmFsIGRvIE1hY2FycsOjbz8gR29zdGFyaWEgZGUgb3JpZW50YcOnw7Vlcz8=,,W0d1w61hIGRlbCBMdWdhcl0Kwr9Fc3TDoXMgYnVzY2FuZG8gZWwgbHVnYXIgZGVsIEZlc3RpdmFsIGRlIEZpZGVvcz8gCsK/UXVpZXJlcyBxdWUgdGUgZ3XDrWUgaGFzdGEgYWxsw6E/
hUdsDQ,,WWVzLCBwbGVhc2UgZ3VpZGUgbWUu,,,,,U2ltLCBtb3N0cmUtbWUgbyBjYW1pbmhvLCBwb3IgZmF2b3Iu,,U8OtLCBwb3IgZmF2b3IsIGd1w61hbWUu
hkdsDQ,,SSdtIGp1c3QgbG9va2luZyBhcm91bmQu,,,,,U8OzIGVzdG91IGRhbmRvIHVtYSBvbGhhZGEu,,U29sbyBlc3RveSBtaXJhbmRvLg==
h0dsDQ,,W1ZlbnVlIEd1aWRlXQpJJ2xsIG1hcmsgdGhlIHZlbnVlIG9uIHlvdXIgbWluaS1tYXAu,,,,,W0d1aWEgZG8gTG9jYWxdClZvdSBtYXJjYXIgbyBsb2NhbCBubyBzZXUgbWluaS1tYXBhLg==,,W0d1w61hIGRlbCBMdWdhcl0KTWFyY2Fyw6kgZWwgbHVnYXIgZGVsIGV2ZW50byBlbiB0dSBtYXBhLg==
iEdsDQ,,W1ZlbnVlIEd1aWRlXQpPbmNlIHlvdSBhcnJpdmUgYXQgdGhlIHZlbnVlLCBmaW5kIHRoZSBGZXN0aXZhbCBSZWNlcHRpb25pc3QgdG8gcmVnaXN0ZXIgeW91ciBwYXJ0aWNpcGF0aW9uLgpFbmpveSB5b3VyIG5vb2RsZXMgdG9kYXkhISBOb29kbGVzIGFyZSB0aGUgYmVzdCEgTm9vZGxlcyBhcmUgdGhlIGJlc3QhIQ==,,,,,W0d1aWEgZG8gTG9jYWxdCkFvIGNoZWdhciBubyBsb2NhbCwgcHJvY3VyZSBwZWxvIFJlY2VwY2lvbmlzdGEgZG8gRmVzdGl2YWwgcGFyYSByZWdpc3RyYXIgc3VhIHBhcnRpY2lwYcOnw6NvLgpOw6NvIGRlaXhlIGRlIGN1cnRpciB1bSBtYWNhcnLDo28gaG9qZSEhIE1hY2FycsOjbyDDqSBtdWl0byBib20hIE1hY2FycsOjbyDDqSBkZW1haXMhIQ==,,W0d1w61hIGRlbCBMdWdhcl0KQ3VhbmRvIGxsZWd1ZXMgYSBsYSB6b25hIGRlbCBldmVudG8sIGJ1c2NhIGFsIHBlcnNvbmFsIGRlbCBmZXN0aXZhbCBwYXJhIHJlZ2lzdHJhciB0dSBwYXJ0aWNpcGFjacOzbi4KwqFEaXNmcnV0YSB0dXMgZmlkZW9zIGhveSEhIArCoUxvcyBmaWRlb3Mgc29uIGxvIG3DoXhpbW8hIArCoUxvcyBmaWRlb3Mgc29uIGxvIG3DoXhpbW8hIQ==
iUdsDQ,,W1ZlbnVlIEd1aWRlXQpJIHNlZSEgV2VsbCwgZW5qb3kgeW91ciB0aW1lLCBhbmQgaWYgeW91IGhhdmUgYSBtb21lbnQsIHBsZWFzZSB2aXNpdCB0aGUgTm9vZGxlIEZlc3RpdmFsIGdyb3VuZHMhCk5vb2RsZXMgYXJlIHRoZSBiZXN0ISBOb29kbGVzIGFyZSB0aGUgYmVzdCEh,,,,,W0d1aWEgZG8gTG9jYWxdCkVudGVuZGkhIEJlbSwgYXByb3ZlaXRlIHN1YSBlc3RhZGlhIGUsIHNlIHRpdmVyIHVtIHRlbXBpbmhvLCBkw6ogdW1hIHBhc3NhZGEgbm8gRmVzdGl2YWwgZG8gTWFjYXJyw6NvIQpNYWNhcnLDo28gw6kgbXVpdG8gYm9tISBNYWNhcnLDo28gw6kgZGVtYWlzISE=,,W0d1w61hIGRlbCBMdWdhcl0KwqFZYSB2ZW8hIApCdWVubywgZGlzZnJ1dGEgdHUgdGllbXBvIHksIHNpIHRpZW5lcyB1biBtb21lbnRvLCDCoXZpc2l0YSBsYSB6b25hIGRlbCBGZXN0aXZhbCBkZSBGaWRlb3MhCsKhTG9zIGZpZGVvcyBzb24gbG8gbcOheGltbyEgCsKhTG9zIGZpZGVvcyBzb24gbG8gbcOheGltbyEh
ikdsDQ,,RmVzdGl2YWwgUmVjZXB0aW9uaXN0,,,,,UmVjZXBjaW9uaXN0YSBkbyBGZXN0aXZhbA==,,UmVjZXBjaW9uaXN0YSBkZWwgRXZlbnRv
i0dsDQ,,UmlnaHQgbm93LCByaWdodCBoZXJlLCB5b3UhIEVuam95IHRoZSBob3Qgc3VtbWVyIHdpdGggZGVsaWNpb3VzIG5vb2RsZXMhIFNpZ24gdXAgZm9yIHRoZSBmZXN0aXZhbCE=,,,,,QXF1aSEgQXF1aSEgw4kgaXNzbyBtZXNtbyEgQXByb3ZlaXRlIG8gY2Fsb3IgZG8gdmVyw6NvIGNvbSB1bSBkZWxpY2lvc28gbWFjYXJyw6NvISBJbnNjcmV2YS1zZSBubyBmZXN0aXZhbCE=,,wqFBaG9yYSBtaXNtbywgYXF1w60geSBhaG9yYSwgdMO6ISDCoURpc2ZydXRhIGRlbCB2ZXJhbm8gY2FsaWVudGUgY29uIHVub3MgZGVsaWNpb3NvcyBmaWRlb3MhIMKhSW5zY3LDrWJldGUgZW4gZWwgZmVzdGl2YWwh
jEdsDQ,,SG90IHN1bW1lciEgUmlzZSB1cCB3aXRoIGRlbGljaW91cyBub29kbGVzIQ==,,,,,Tm8gY2Fsb3IgZGVzc2UgdmVyw6NvLCBhbmltZS1zZSBjb20gdW0gZGVsaWNpb3NvIG1hY2FycsOjbyE=,,wqFWZXJhbm8gY2FsaWVudGUhIMKhQW7DrW1hdGUgY29uIHVub3MgZGVsaWNpb3NvcyBmaWRlb3Mh
jUdsDQ,,WW91IGhhdmUgdG9vIG1hbnkgaXRlbXMgaW4geW91ciBpbnZlbnRvcnkgdG8gcHJvY2VlZCB3aXRoIHRoZSBjb252ZXJzYXRpb24uClBsZWFzZSBvcmdhbml6ZSB5b3VyIGl0ZW1zIGFuZCB0cnkgYWdhaW4u,,,,,Vm9jw6ogdGVtIGl0ZW5zIGRlbWFpcyBubyBzZXUgaW52ZW50w6FyaW8gcGFyYSBjb250aW51YXIgY29tIGEgY29udmVyc2EuClBvciBmYXZvciwgb3JnYW5pemUgc2V1cyBpdGVucyBlIHRlbnRlIG5vdmFtZW50ZS4=,,VGllbmVzIGRlbWFzaWFkb3Mgb2JqZXRvcyBlbiB0dSBpbnZlbnRhcmlvIHBhcmEgY29udGludWFyIGxhIGNvbnZlcnNhY2nDs24uClBvciBmYXZvciwgb3JnYW5pemEgdHVzIG9iamV0b3MgZSBpbnRlbnRhIGRlIG51ZXZvLg==
jkdsDQ,,W0V2ZW50IFJlZ2lzdHJhdGlvbl0KVG8gcGFydGljaXBhdGUgaW4gdGhlIE5vb2RsZSBGZXN0aXZhbCwgeW91J2xsIG5lZWQgdG8gcmFpc2UgeW91ciBsZXZlbCBhIGJpdCBtb3JlLg==,,,,,W1JlY2VwY2lvbmlzdGEgZG8gRmVzdGl2YWxdClBhcmEgcGFydGljaXBhciBkbyBGZXN0aXZhbCBkbyBNYWNhcnLDo28sIHZvY8OqIHByZWNpc2Fyw6Egc3ViaXIgdW0gcG91Y28gbWFpcyBkZSBuw612ZWwu,,W1JlY2VwY2lvbmlzdGEgZGVsIEV2ZW50b10KUGFyYSBwYXJ0aWNpcGFyIGVuIGVsIEZlc3RpdmFsIGRlIEZpZGVvcywgbmVjZXNpdGFyw6FzIHN1YmlyIHVuIHBvY28gbcOhcyBkZSBuaXZlbC4=
j0dsDQ,,XjAwMDBDRFlvdSBtdXN0IGJlIGF0IGxlYXN0IEJhc2UgTGV2ZWwgNTAgdG8gam9pbiB0aGUgTm9vZGxlIEZlc3RpdmFsLl4wMDAwMDA=,,,,,XjAwMDBDRFZvY8OqIGRldmUgdGVyIHBlbG8gbWVub3MgTsOtdmVsIEJhc2UgNTAgcGFyYSBwYXJ0aWNpcGFyIGRvIEZlc3RpdmFsIGRvIE1hY2FycsOjby5eMDAwMDAw,,XjAwMDBDRERlYmVzIHRlbmVyIGFsIG1lbm9zIE5pdmVsIEJhc2UgZGUgNTAgcGFyYSB1bmlydGUgYWwgRmVzdGl2YWwgZGUgRmlkZW9zLl4wMDAwMDA=
kEdsDQ,,W0Zlc3RpdmFsIFJlY2VwdGlvbmlzdF0KSGVsbG8hIEl0J3MgYSByZWFsbHkgaG90IGRheSwgaXNuJ3QgaXQ/IFdlbGNvbWUgdG8gdGhlIE5vb2RsZSBGZXN0aXZhbCBpbiBMYXNhZ25hIQpGcm9tIHZhcmlvdXMgZXZlbnRzIHRvIHByaXplIHJhZmZsZXMhIERvbid0IGp1c3QgcGFzcyBieSwgY29tZSBqb2luIGluIQ==,,,,,W1JlY2VwY2lvbmlzdGEgZG8gRmVzdGl2YWxdCk9sw6EhIEhvamUgZXN0w6EgcXVlbnRlLCBuw6NvIMOpPyBCZW0tdmluZG8gYW8gRmVzdGl2YWwgZG8gTWFjYXJyw6NvIGVtIExhc2FnbmEhCkjDoSB2w6FyaW9zIGV2ZW50b3MgZSBzb3J0ZWlvcyBkZSBwcsOqbWlvcyEgTsOjbyBwZXJjYSBlc3NhIGNoYW5jZSEgVmVuaGEgcGFydGljaXBhciBjb25vc2NvIQ==,,W1JlY2VwY2lvbmlzdGEgZGVsIEV2ZW50b10KwqFIb2xhISAKSGFjZSBtdWNobyBjYWxvciBob3ksIMK/dmVyZGFkPyAKwqFCaWVudmVuaWRvIGFsIEZlc3RpdmFsIGRlIEZpZGVvcyBlbiBMYXNhZ25hIQrCoVRlbmVtb3MgdmFyaW9zIGV2ZW50b3MgeSBoYXN0YSBzb3J0ZW9zIGRlIHByZW1pb3MhIArCoU5vIHBhc2VzIGRlIGxhcmdvISDCoVZlbiB5IHBhcnRpY2lwYSE=
kUdsDQ,,SSB3YW50IHRvIHJlZ2lzdGVyLg==,,,,,UXVlcm8gbWUgaW5zY3JldmVyLg==,,UXVpZXJvIHJlZ2lzdHJhcm1lLg==
kkdsDQ,,VGhlIE5vb2RsZSBGZXN0aXZhbD8=,,,,,RmVzdGl2YWwgZG8gTWFjYXJyw6NvPw==,,wr9FbCBGZXN0aXZhbCBkZSBGaWRlb3M/
k0dsDQ,,VmVudWUgR3VpZGU=,,,,,R3VpYSBkbyBMb2NhbA==,,R3XDrWEgZGVsIEx1Z2Fy
lEdsDQ,,Q291cG9uICYgUHJpemUgRXhjaGFuZ2UgR3VpZGU=,,,,,R3VpYSBkZSBUcm9jYSBkZSBDdXBvbnMgZSBQcsOqbWlvcw==,,R3XDrWEgZGUgQ2FuamUgZGUgQ3Vwb25lcyB5IFByZW1pb3M=
lUdsDQ,,W0Zlc3RpdmFsIFJlY2VwdGlvbmlzdF0KV291bGQgeW91IGxpa2UgdG8gcGFydGljaXBhdGUgaW4gdGhlIGZlc3RpdmFsPwpDb3VsZCB5b3Ugd3JpdGUgeW91ciBuYW1lIGhlcmU/IFdlIG5lZWQgaXQgZm9yIHRoZSBwcml6ZSBldmVudC4=,,,,,W1JlY2VwY2lvbmlzdGEgZG8gRmVzdGl2YWxdCkdvc3RhcmlhIGRlIHBhcnRpY2lwYXIgZG8gZmVzdGl2YWw/ClZvY8OqIHBvZGVyaWEgZXNjcmV2ZXIgc2V1IG5vbWUgYXF1aT8gUHJlY2lzYW1vcyBkaXNzbyBwYXJhIG8gc29ydGVpbyBkZSBwcsOqbWlvcy4=,,W1JlY2VwY2lvbmlzdGEgZGVsIEV2ZW50b10Kwr9UZSBndXN0YXLDrWEgcGFydGljaXBhciBlbiBlbCBmZXN0aXZhbD8Kwr9Qb2Ryw61hcyBlc2NyaWJpciB0dSBub21icmUgYXF1w60/IApMbyBuZWNlc2l0YW1vcyBwYXJhIGVsIHNvcnRlbyBkZSBwcmVtaW9zLg==
lkdsDQ,,W0Zlc3RpdmFsIFJlY2VwdGlvbmlzdF0KWWVzLCB7MH0uIFlvdSdyZSBhbGwgcmVnaXN0ZXJlZC4KQXMgYSByZWdpc3RyYXRpb24gZ2lmdCwgaGVyZSdzIGEgXjAwMDBDREZlc3RpdmFsIEZhbl4wMDAwMDAuIElmIHlvdSBoYW5kIHRoaXMgZmFuIHRvIG91ciBwcm9tb3RlcnMgaW4gdGhlIG1ham9yIGNpdGllcywgeW91IGNhbiBjb21lIHRvIHRoZSBmZXN0aXZhbCBncm91bmRzIGFueXRpbWUu,,,,,W1JlY2VwY2lvbmlzdGEgZG8gRmVzdGl2YWxdCkNlcnRvLCB7MH0uIFZvY8OqIGVzdMOhIGluc2NyaXRvLgpDb21vIGJyaW5kZSBwZWxhIHN1YSBpbnNjcmnDp8OjbywgYXF1aSBlc3TDoSB1bSBeMDAwMENETGVxdWUgZG8gRmVzdGl2YWxeMDAwMDAwLiBTZSB2b2PDqiBlbnRyZWdhciBlc3RlIGxlcXVlIGFvcyBub3Nzb3MgcHJvbW90b3JlcyBuYXMgY2lkYWRlcyBwcmluY2lwYWlzLCBwb2RlcsOhIHZpciBhbyBsb2NhbCBkbyBmZXN0aXZhbCBxdWFuZG8gcXVpc2VyLg==,,W1JlY2VwY2lvbmlzdGEgZGVsIEV2ZW50b10KU8OtLCB7MH0uIApZYSBlc3TDoXMgcmVnaXN0cmFkby4KQ29tbyByZWdhbG8gZGUgcmVnaXN0cm8sIGFxdcOtIHRpZW5lcyB1biBeMDAwMENEQWJhbmljbyBkZWwgRmVzdGl2YWxeMDAwMDAwLiAKU2kgZW50cmVnYXMgZXN0ZSBhYmFuaWNvIGEgbnVlc3Ryb3MgcHJvbW90b3JlcyBlbiBsYXMgY2l1ZGFkZXMgcHJpbmNpcGFsZXMsIHBvZHLDoXMgdmVuaXIgYWwgbHVnYXIgZGVsIGZlc3RpdmFsIGVuIGN1YWxxdWllciBtb21lbnRvLg==
l0dsDQ,,W0Zlc3RpdmFsIFJlY2VwdGlvbmlzdF0KVGhlIE5vb2RsZSBGZXN0aXZhbCBraWNrcyBvZmYgd2l0aCBeMDAwMENETWVhdGJhbGwgSGFydmVzdGluZ14wMDAwMDAu,,,,,W1JlY2VwY2lvbmlzdGEgZG8gRmVzdGl2YWxdCk8gRmVzdGl2YWwgZG8gTWFjYXJyw6NvIGNvbWXDp2EgY29tIGEgXjAwMDBDRENvbGhlaXRhIGRlIEFsbcO0bmRlZ2FzXjAwMDAwMC4=,,W1JlY2VwY2lvbmlzdGEgZGVsIEV2ZW50b10KRWwgRmVzdGl2YWwgZGUgRmlkZW9zIGNvbWllbnphIGNvbiBsYSBeMDAwMENEQ29zZWNoYSBkZSBBbGLDs25kaWdhc14wMDAwMDAu
mEdsDQ,,W0Zlc3RpdmFsIFJlY2VwdGlvbmlzdF0KWW91IGNhbiBvYnRhaW4gTWVhdGJhbGwgZnJvbSBeMDAwMENETnlhaWxvXjAwMDAwMCwgd2hpY2ggaW5oYWJpdCBeMDAwMENETnlhaWwgQ2F2ZV4wMDAwMDAu,,,,,W1JlY2VwY2lvbmlzdGEgZG8gRmVzdGl2YWxdClZvY8OqIHBvZGUgb2J0ZXIgQWxtw7RuZGVnYXMgZGUgXjAwMDBDRE1hY2Fycm9uZXRhc14wMDAwMDAsIHF1ZSBoYWJpdGFtIGEgXjAwMDBDRENhdmVybmEgTnlhaWwgZG8gTWFyIGRlIExhc2FnbmFeMDAwMDAwLg==,,W1JlY2VwY2lvbmlzdGEgZGVsIEV2ZW50b10KUHVlZGVzIG9idGVuZXIgbGFzIGFsYsOzbmRpZ2FzIGRlIGxvcyBeMDAwMENETnlhaWxvc14wMDAwMDAsIHF1ZSBoYWJpdGFuIGVuIGxhIF4wMDAwQ0RDdWV2YSBkZSBOeWFpbF4wMDAwMDAu
mUdsDQ,,W0Zlc3RpdmFsIFJlY2VwdGlvbmlzdF0KVG8gZ28gdG8gTnlhaWwgQ2F2ZSwgZmluZCB0aGUgPE5BVkk+W0Zlc3RpdmFsIE1hbmFnZXJdPElORk8+bGFzYWduYSw4MSwyMDEsMCwxMDEsMCw8L0lORk8+PC9OQVZJPiwgdGhlIGdhdGVrZWVwZXIgb2YgXjAwMDBDRE55YWlsIENhdmVeMDAwMDAwIQ==,,,,,W1JlY2VwY2lvbmlzdGEgZG8gRmVzdGl2YWxdClBhcmEgaXIgw6AgQ2F2ZXJuYSBOeWFpbCwgZW5jb250cmUgbyA8TkFWST5bR2VyZW50ZSBkbyBGZXN0aXZhbF08SU5GTz5sYXNhZ25hLDgxLDIwMSwwLDEwMSwwLDwvSU5GTz48L05BVkk+LCBvIGd1YXJkacOjbyBkYSBeMDAwMENEQ2F2ZXJuYSBOeWFpbCBkbyBNYXIgZGUgTGFzYWduYV4wMDAwMDAh,,W1JlY2VwY2lvbmlzdGEgZGVsIEV2ZW50b10KUGFyYSBpciBhIGxhIEN1ZXZhIGRlIE55YWlsLCBidXNjYSBhbCA8TkFWST5bRGlyZWN0b3IgZGVsIEZlc3RpdmFsXTxJTkZPPmxhc2FnbmEsODEsMjAxLDAsMTAxLDAsPC9JTkZPPjwvTkFWST4sIGVsIHBvcnRlcm8gZGUgbGEgQ3VldmEgZGUgTnlhaWwsIMKheSBkaXLDrWdldGUgYSBsYSBeMDAwMENEQ3VldmEgZGUgTnlhaWxeMDAwMDAwIGRlIGlubWVkaWF0byE=
mkdsDQ,,W0Zlc3RpdmFsIFJlY2VwdGlvbmlzdF0KVWguLi4geW91J3ZlIGFscmVhZHkgcmVnaXN0ZXJlZCBmb3IgdGhlIE5vb2RsZSBGZXN0aXZhbCEKR28gb24gYW5kIGVuam95IHRoaXMgaG90IHN1bW1lciB3aXRoIHNvbWUgbm9vZGxlcyE=,,,,,W1JlY2VwY2lvbmlzdGEgZG8gRmVzdGl2YWxdCkhtbS4uLiB2b2PDqiBqw6Egc2UgaW5zY3JldmV1IG5vIEZlc3RpdmFsIGRvIE1hY2FycsOjbyEKVsOhIGVtIGZyZW50ZSBlIGFwcm92ZWl0ZSBlc3RlIHZlcsOjbyBxdWVudGUgY29tIHVtIHBvdWNvIGRlIG1hY2FycsOjbyE=,,W1JlY2VwY2lvbmlzdGEgZGVsIEV2ZW50b10KVWguLi4gwqF5YSB0ZSByZWdpc3RyYXN0ZSBwYXJhIGVsIEZlc3RpdmFsIGRlIEZpZGVvcyEKwqFBZGVsYW50ZSwgZGlzZnJ1dGEgZGUgZXN0ZSB2ZXJhbm8gY2FsaWVudGUgY29uIHVub3MgZmlkZW9zIQ==
m0dsDQ,,W0Zlc3RpdmFsIFJlY2VwdGlvbmlzdF0KSXMgdGhpcyB5b3VyIGZpcnN0IHRpbWUgYXQgdGhlIE5vb2RsZSBGZXN0aXZhbD8gSW4gTGFzYWduYSwgdGhlIE5vb2RsZSBGZXN0aXZhbCBpcyBhbHNvIGNhbGxlZCB0aGUgXjAwMDBDREdyZWF0IE1vb24gRmVzdGl2YWxeMDAwMDAwLiBPbmNlIGEgeWVhciwgd2hlbiBhbiB1bnVzdWFsbHkgbGFyZ2UgYW5kIGJlYXV0aWZ1bCBtb29uIHJpc2VzLCB0aGUgd2F0ZXIgZmxvb2RzIHNvIGhpZ2ggdGhhdCB0aGUgZG9ja3MgYXJlIGNvbXBsZXRlbHkgc3VibWVyZ2VkLg==,,,,,W1JlY2VwY2lvbmlzdGEgZG8gRmVzdGl2YWxdCsOJIHN1YSBwcmltZWlyYSB2ZXogbm8gRmVzdGl2YWwgZG8gTWFjYXJyw6NvPyBFbSBMYXNhZ25hLCBvIEZlc3RpdmFsIGRvIE1hY2FycsOjbyB0YW1iw6ltIMOpIGNoYW1hZG8gZGUgXjAwMDBDREdyYW5kZSBGZXN0aXZhbCBMdW5hcl4wMDAwMDAuIFVtYSB2ZXogcG9yIGFubywgcXVhbmRvIHVtYSBiZWxhIGUgZ2lnYW50ZXN0Y2EgbHVhIG5hc2NlLCBhIMOhZ3VhIGRvcyBvY2Vhbm9zIHNvYmUgdGFudG8gcXVlIG9zIGNhaXMgZmljYW0gY29tcGxldGFtZW50ZSBzdWJtZXJzb3Mu,,W1JlY2VwY2lvbmlzdGEgZGVsIEV2ZW50b10Kwr9FcyB0dSBwcmltZXJhIHZleiBlbiBlbCBGZXN0aXZhbCBkZSBGaWRlb3M/IApFbiBMYXNhZ25hLCBlbCBGZXN0aXZhbCBkZSBGaWRlb3MgdGFtYmnDqW4gc2UgbGxhbWEgZWwgXjAwMDBDREdyYW4gRmVzdGl2YWwgZGUgbGEgTHVuYV4wMDAwMDAuIApVbmEgdmV6IGFsIGHDsW8sIGN1YW5kbyBzYWxlIHVuYSBsdW5hIGludXN1YWxtZW50ZSBncmFuZGUgeSBoZXJtb3NhLCBlbCBhZ3VhIHN1YmUgdGFudG8gcXVlIGxvcyBtdWVsbGVzIHF1ZWRhbiBjb21wbGV0YW1lbnRlIHN1bWVyZ2lkb3Mu
nEdsDQ,,W0Zlc3RpdmFsIFJlY2VwdGlvbmlzdF0KQXJvdW5kIHRoaXMgdGltZSwgc2hlbGxmaXNoIHRoYXQgbG9vayBhbmQgc21lbGwgc2xpZ2h0bHkgZGlmZmVyZW50IGZyb20gb3RoZXIgc2VhIGNyZWF0dXJlcyB3YXNoIGFzaG9yZSBmcm9tIHNvbWV3aGVyZS4gSW4gdGhlIHBhc3QsIG5vIG9uZSBrbmV3IHdoYXQgdGhleSB3ZXJlIG9yIHdoZXJlIHRoZXkgY2FtZSBmcm9tLg==,,,,,W1JlY2VwY2lvbmlzdGEgZG8gRmVzdGl2YWxdCk5lc3NlIHBlcsOtb2RvLCBtYXJpc2NvcyBjb20gdW1hIGFwYXLDqm5jaWEgZSB1bSBjaGVpcm8gdW0gcG91Y28gZGlmZXJlbnRlcyBkZSBvdXRyYXMgY3JpYXR1cmFzIG1hcmluaGFzIGNoZWdhbSDDoCBub3NzYSBjb3N0YS4gQW50aWdhbWVudGUsIG5pbmd1w6ltIHNhYmlhIG8gcXVlIGVyYW0gb3UgZGUgb25kZSB2aW5oYW0u,,W1JlY2VwY2lvbmlzdGEgZGVsIEV2ZW50b10KUG9yIGVzdGEgw6lwb2NhLCBtYXJpc2NvcyBxdWUgc2UgdmVuIHkgaHVlbGVuIGxpZ2VyYW1lbnRlIGRpZmVyZW50ZXMgYSBvdHJhcyBjcmlhdHVyYXMgbWFyaW5hcyBsbGVnYW4gYSBsYSBjb3N0YSBkZXNkZSBhbGfDum4gbHVnYXIuCkFudGlndWFtZW50ZSwgbmFkaWUgc2Fiw61hIHF1w6kgZXJhbiBuaSBkZSBkw7NuZGUgdmVuw61hbi4=
nUdsDQ,,W0Zlc3RpdmFsIFJlY2VwdGlvbmlzdF0KSXQgd2FzIGJlbGlldmVkIHRoYXQgdGhleSBjYW1lIGZyb20gYSBteXN0ZXJpb3VzIGNhdmUgY2FsbGVkIF4wMDAwQ0ROeWFpbCBDYXZlXjAwMDAwMCwgc3Bva2VuIG9mIGluIGxlZ2VuZHMsIGJ1dCBubyBvbmUgaGFkIGV2ZXIgc2VlbiBpdC4=,,,,,W1JlY2VwY2lvbmlzdGEgZG8gRmVzdGl2YWxdCkFjcmVkaXRhLXNlIHF1ZSBlbGVzIHRlbmhhbSB2aW5kbyBkZSB1bWEgY2F2ZXJuYSBtaXN0ZXJpb3NhIGNoYW1hZGEgXjAwMDBDRENhdmVybmEgTnlhaWxeMDAwMDAwLCBtZW5jaW9uYWRhIGVtIGxlbmRhcywgbWFzIHF1ZSBuaW5ndcOpbSBqYW1haXMgdml1Lg==,,W1JlY2VwY2lvbmlzdGEgZGVsIEV2ZW50b10KU2Ugc3Vwb27DrWEgcXVlIHZlbsOtYW4gZGUgdW5hIGN1ZXZhIG1pc3Rlcmlvc2EgbGxhbWFkYSBeMDAwMENEQ3VldmEgZGUgTWlhdWxeMDAwMDAwLCBkZSBsYSBxdWUgaGFibGFiYW4gbGFzIGxleWVuZGFzLCBwZXJvIG5hZGllIGxhIGhhYsOtYSB2aXN0byBudW5jYS4=
nkdsDQ,,W0Zlc3RpdmFsIFJlY2VwdGlvbmlzdF0KQ3VyaW91cyBEb3JhbXMgdGFzdGVkIHRoZW0gYW5kIGNvdWxkbid0IGZvcmdldCB0aGUgYW1hemluZyBmbGF2b3IuIEJ1dCB0aGV5IHdlcmUgdmVyeSBzY2FyY2UsIGFuZCBhZnRlciB0aGlzIHNlYXNvbiBwYXNzZWQsIHRoZSBzZWEgY3JlYXR1cmVzIHZhbmlzaGVkLCBzbyBmZXcgY291bGQgZW5qb3kgdGhlbS4=,,,,,W1JlY2VwY2lvbmlzdGEgZG8gRmVzdGl2YWxdCkRvcmFtcyBjdXJpb3NvcyBwcm92YXJhbSBkZXNzZXMgbWFyaXNjb3MgZSBuw6NvIGNvbnNlZ3VpcmFtIGVzcXVlY2VyIG8gaW5jcsOtdmVsIHNhYm9yLiBNYXMsIGNvbW8gZXJhbSBtdWl0byBlc2Nhc3NvcywgcGFzc2FkYSBhIGVzdGHDp8OjbyBhcyBjcmlhdHVyYXMgbWFyaW5oYXMgZGVzYXBhcmVjaWFtIGUgcG91Y29zIHBvZGlhbSBhcHJlY2nDoS1sb3Mu,,W1JlY2VwY2lvbmlzdGEgZGVsIEV2ZW50b10KVW5vcyBEb3JhbXMgY3VyaW9zb3MgbG9zIHByb2Jhcm9uIHkgbm8gcHVkaWVyb24gb2x2aWRhciBzdSBpbmNyZcOtYmxlIHNhYm9yLiAKUGVybyBlcmFuIG11eSBlc2Nhc29zLCB5IGRlc3B1w6lzIGRlIHF1ZSBwYXNhYmEgZXN0YSB0ZW1wb3JhZGEsIGxhcyBjcmlhdHVyYXMgbWFyaW5hcyBkZXNhcGFyZWPDrWFuLCBhc8OtIHF1ZSBwb2NvcyBwb2TDrWFuIGRpc2ZydXRhcmxvcy4=
n0dsDQ,,W0Zlc3RpdmFsIFJlY2VwdGlvbmlzdF0KVGhlbiBvbmUgZGF5LCBhIERvcmFtIG5hbWVkIE5vb2RsZSB3ZW50IGludG8gdGhlIHNlYSB0byBoYXJ2ZXN0IEthaGx1bmFjIGFuZCBnb3QgY2F1Z2h0IGluIGEgc21hbGwgd2hpcmxwb29sLiBCYXJlbHkgZXNjYXBpbmcgdGhlIHdoaXJscG9vbCwgTm9vZGxlIGRpc2NvdmVyZWQgYSBjYXZlIGxpdHRlcmVkIHdpdGggdGhvc2Ugc2VhIGNyZWF0dXJlcy4=,,,,,W1JlY2VwY2lvbmlzdGEgZG8gRmVzdGl2YWxdCkVudMOjbywgdW0gZGlhLCB1bSBEb3JhbSBjaGFtYWRvIE1hY2FycsOjbyBmb2kgYW8gbWFyIHBhcmEgY29saGVyIEthbHVuYSBlIGZvaSBwZWdvIHBvciB1bSBwZXF1ZW5vIHJlZGVtb2luaG8uIEVzY2FwYW5kbyBwb3IgcG91Y28gZG8gcmVkZW1vaW5obywgTWFjYXJyw6NvIGRlc2NvYnJpdSB1bWEgY2F2ZXJuYSBjaGVpYSBkYXF1ZWxhcyBjcmlhdHVyYXMgbWFyaW5oYXMu,,W1JlY2VwY2lvbmlzdGEgZGVsIEV2ZW50b10KVW4gZMOtYSwgdW4gRG9yYW0gbGxhbWFkbyBGaWRlbyBzZSBhZGVudHLDsyBlbiBlbCBtYXIgcGFyYSByZWNvbGVjdGFyIEthaGx1bmEgeSBxdWVkw7MgYXRyYXBhZG8gZW4gdW4gcGVxdWXDsW8gcmVtb2xpbm8uIApFc2NhcGFuZG8gYXBlbmFzIGRlbCByZW1vbGlubywgRmlkZW8gZGVzY3VicmnDsyB1bmEgY3VldmEgbGxlbmEgZGUgZXNhcyBjcmlhdHVyYXMgbWFyaW5hcy4=
oEdsDQ,,W0Zlc3RpdmFsIFJlY2VwdGlvbmlzdF0KVGhhdCB3YXMgdGhlIGxlZ2VuZGFyeSBOeWFpbCBDYXZlLiBOb29kbGUgcmV0dXJuZWQgd2l0aCBhIGZ1bGwgbG9hZCBvZiB0aG9zZSBkZWxpY2lvdXMgY3JlYXR1cmVzIGFuZCBzcHJlYWQgdGhlIHdvcmQgb2YgdGhlIGNhdmUncyBleGlzdGVuY2UgdG8gb3RoZXIgRG9yYW1zLg==,,,,,W1JlY2VwY2lvbmlzdGEgZG8gRmVzdGl2YWxdCkVzc2EgZXJhIGEgbGVuZMOhcmlhIENhdmVybmEgTnlhaWwuIE1hY2FycsOjbyB2b2x0b3UgY29tIHVtYSBjYXJnYSBjaGVpYSBkYXF1ZWxhcyBjcmlhdHVyYXMgZGVsaWNpb3NhcyBlIGZhbG91IHNvYnJlIGEgY2F2ZXJuYSBwYXJhIHRvZG9zIG9zIG91dHJvcyBEb3JhbXMu,,W1JlY2VwY2lvbmlzdGEgZGVsIEV2ZW50b10KRXNhIGVyYSBsYSBsZWdlbmRhcmlhIEN1ZXZhIGRlIE1pYXVsLiAKRmlkZW8gcmVncmVzw7MgY29uIHVuYSBjYXJnYSBjb21wbGV0YSBkZSBlc2FzIGRlbGljaW9zYXMgY3JpYXR1cmFzIHkgZGlmdW5kacOzIGxhIG5vdGljaWEgZGUgbGEgZXhpc3RlbmNpYSBkZSBsYSBjdWV2YSBhIG90cm9zIERvcmFtcy4=
oUdsDQ,,W0Zlc3RpdmFsIFJlY2VwdGlvbmlzdF0KUGVvcGxlIG5hbWVkIHRoZSBjcmVhdHVyZXMgXjAwMDBDRE5vb2RsZXNeMDAwMDAwIGFmdGVyIE5vb2RsZSwgd2hvIGRpc2NvdmVyZWQgdGhlIGNhdmUuIEV2ZXJ5IHllYXIgd2hlbiB0aGUgZ3JlYXQgbW9vbiByaXNlcywgdGhleSBob2xkIHRoZSBkZWxpY2lvdXMgXjAwMDBDRE5vb2RsZSBGZXN0aXZhbF4wMDAwMDAsIGludml0aW5nIHBlb3BsZSBmcm9tIGFsbCBvdmVyIHRoZSB3b3JsZCB0byBlbmpveSB0aGlzIHJpY2ggY3VsaW5hcnkgZXhwZXJpZW5jZSB0b2dldGhlci4=,,,,,W1JlY2VwY2lvbmlzdGEgZG8gRmVzdGl2YWxdCkFzIHBlc3NvYXMgbm9tZWFyYW0gYXMgY3JpYXR1cmFzIGRlIF4wMDAwQ0RNYWNhcnLDtWVzXjAwMDAwMCBlbSBob21lbmFnZW0gYSBNYWNhcnLDo28sIHF1ZSBkZXNjb2JyaXUgYSBjYXZlcm5hLiBUb2RvIGFubywgcXVhbmRvIGEgZ3JhbmRlIGx1YSBuYXNjZSwgZWxlcyByZWFsaXphbSBvIGRlbGljaW9zbyBeMDAwMENERmVzdGl2YWwgZG8gTWFjYXJyw6NvXjAwMDAwMCwgY29udmlkYW5kbyBwZXNzb2FzIGRlIHRvZG8gbyBtdW5kbyBwYXJhIGRlc2ZydXRhciBqdW50b3MgZGVzc2EgcmljYSBleHBlcmnDqm5jaWEgY3VsaW7DoXJpYS4=,,W1JlY2VwY2lvbmlzdGEgZGVsIEV2ZW50b10KTGEgZ2VudGUgbm9tYnLDsyBhIGxhcyBjcmlhdHVyYXMgXjAwMDBDREZpZGVvc14wMDAwMDAgZW4gaG9ub3IgYSBGaWRlbywgcXVpZW4gZGVzY3VicmnDsyBsYSBjdWV2YS4gCkNhZGEgYcOxbywgY3VhbmRvIGxhIGdyYW4gbHVuYSBzZSBlbGV2YSwgY2VsZWJyYW4gZWwgZGVsaWNpb3NvIF4wMDAwQ0RGZXN0aXZhbCBkZSBGaWRlb3NeMDAwMDAwLCBpbnZpdGFuZG8gYSBwZXJzb25hcyBkZSB0b2RvIGVsIG11bmRvIGEgZGlzZnJ1dGFyIGp1bnRvcyBkZSBlc3RhIHJpY2EgZXhwZXJpZW5jaWEgY3VsaW5hcmlhLg==
okdsDQ,,W0Zlc3RpdmFsIFJlY2VwdGlvbmlzdF0KRW5qb3kgc29tZSBkZWxpY2lvdXMgbm9vZGxlcyBhbmQgdGFrZSBwYXJ0IGluIHZhcmlvdXMgZXZlbnRzIHRvIGJlYXQgdGhlIHN1bW1lciBoZWF0IQ==,,,,,W1JlY2VwY2lvbmlzdGEgZG8gRmVzdGl2YWxdClZlbmhhIGN1cnRpciB1bSBtYWNhcnLDo28gZGVsaWNpb3NvIGUgcGFydGljaXBlIGRvcyB2w6FyaW9zIGV2ZW50b3MgcGFyYSBhZ3VlbnRhciBvIGNhbG9yIGRvIHZlcsOjbyE=,,W1JlY2VwY2lvbmlzdGEgZGVsIEV2ZW50b10KwqFEaXNmcnV0YSBkZSB1bm9zIGRlbGljaW9zb3MgZmlkZW9zIHkgcGFydGljaXBhIGVuIHZhcmlvcyBldmVudG9zIHBhcmEgY29tYmF0aXIgZWwgY2Fsb3IgZGVsIHZlcmFubyE=
o0dsDQ,,W0Zlc3RpdmFsIFJlY2VwdGlvbmlzdF0KV2hlcmUgd291bGQgeW91IGxpa2UgbWUgdG8gZ3VpZGUgeW91Pw==,,,,,W1JlY2VwY2lvbmlzdGEgZG8gRmVzdGl2YWxdClBhcmEgb25kZSB2b2PDqiBnb3N0YXJpYSBxdWUgZXUgdGUgZ3VpYXNzZT8=,,W1JlY2VwY2lvbmlzdGEgZGVsIEV2ZW50b10Kwr9IYWNpYSBkw7NuZGUgdGUgZ3VzdGFyw61hIHF1ZSB0ZSBndcOtZT8=
pEdsDQ,,TnlhaWwgQ2F2ZSBBY2Nlc3M=,,,,,QWNlc3NvIMOgIENhdmVybmEgTnlhaWw=,,QWNjZXNvIGEgbGEgQ3VldmEgZGUgTWlhdWw=
pUdsDQ,,Tm9vZGxlIEFydGlzYW4=,,,,,TWVzdHJlIE1hY2FycsOjbw==,,TWFlc3RybyBkZSBGaWRlb3M=
pkdsDQ,,V2F0ZXJtZWxvbiBEZXNzZXJ0,,,,,U29icmVtZXNhIGRlIE1lbGFuY2lh,,UG9zdHJlIGRlIFNhbmTDrWE=
p0dsDQ,,QmFkIE5vb2RsZSBIdW50,,,,,Q2HDp2EgYW8gTWFjYXJyw6NvIEVzdHJhZ2Fkbw==,,Q2F6YSBkZSBGaWRlb3MgTWFsb2dyYWRvcw==
qEdsDQ,,TG9zdCAmIEZvdW5k,,,,,QWNoYWRvcyBlIFBlcmRpZG9z,,T2JqZXRvcyBQZXJkaWRvcw==
qUdsDQ,,Q2FuY2Vs,,,,,Q2FuY2VsYXI=,,Q2FuY2VsYXI=
qkdsDQ,,W0Zlc3RpdmFsIFJlY2VwdGlvbmlzdF0KVGhlIGZlc3RpdmFsIGJlZ2lucyB3aXRoIF4wMDAwQ0RNZWF0YmFsbCBIYXJ2ZXN0aW5nXjAwMDAwMC4gTWVhdGJhbGwgY2FuIGJlIG9idGFpbmVkIGZyb20gXjAwMDBDRE55YWlsb14wMDAwMDAsIHdoaWNoIG9ubHkgbGl2ZSBpbiBeMDAwMENETnlhaWwgQ2F2ZV4wMDAwMDAh,,,,,W1JlY2VwY2lvbmlzdGEgZG8gRmVzdGl2YWxdCk8gZmVzdGl2YWwgY29tZcOnYSBjb20gYSBeMDAwMENEQ29saGVpdGEgZGUgQWxtw7RuZGVnYV4wMDAwMDAuIEFsbcO0bmRlZ2FzIHBvZGVtIHNlciBvYnRpZGFzIGRlIF4wMDAwQ0RNYWNhcnJvbmV0YXNeMDAwMDAwLCBxdWUgc8OzIHZpdmVtIG5hIF4wMDAwQ0RDYXZlcm5hIE55YWlsIGRvIE1hciBkZSBMYXNhZ25hXjAwMDAwMCE=,,W1JlY2VwY2lvbmlzdGEgZGVsIEV2ZW50b10KwqFFbCBmZXN0aXZhbCBjb21pZW56YSBjb24gbGEgXjAwMDBDRENvc2VjaGEgZGUgQWxiw7NuZGlnYV4wMDAwMDAuIApMYXMgQWxiw7NuZGlnYXMgc2UgcHVlZGVuIG9idGVuZXIgZGUgbG9zIF4wMDAwQ0ROeWFpbG9zXjAwMDAwMCwgcXVlIHNvbG8gdml2ZW4gZW4gbGEgXjAwMDBDREN1ZXZhIGRlIE1pYXVsXjAwMDAwMCE=
q0dsDQ,,W0Zlc3RpdmFsIFJlY2VwdGlvbmlzdF0KWW91IGNhbiBvbmx5IGVudGVyIE55YWlsIENhdmUgdGhyb3VnaCB0aGUgPE5BVkk+W0Zlc3RpdmFsIE1hbmFnZXJdPElORk8+bGFzYWduYSw4MSwyMDEsMCwxMDEsMCw8L0lORk8+PC9OQVZJPiwgdGhlIGdhdGVrZWVwZXIgb2YgTnlhaWwgQ2F2ZS4=,,,,,W1JlY2VwY2lvbmlzdGEgZG8gRmVzdGl2YWxdClZvY8OqIHPDsyBwb2RlIGVudHJhciBuYSBDYXZlcm5hIE55YWlsIGF0cmF2w6lzIGRvIDxOQVZJPltHZXJlbnRlIGRvIEZlc3RpdmFsXTxJTkZPPmxhc2FnbmEsODEsMjAxLDAsMTAxLDAsPC9JTkZPPjwvTkFWST4sIG8gZ3VhcmRpw6NvIGRhIGVudHJhZGEgZGEgQ2F2ZXJuYSBOeWFpbC4=,,W1JlY2VwY2lvbmlzdGEgZGVsIEV2ZW50b10KU29sbyBwdWVkZXMgZW50cmFyIGEgbGEgQ3VldmEgZGUgTWlhdWwgYSB0cmF2w6lzIGRlbCA8TkFWST5bRGlyZWN0b3IgZGVsIEZlc3RpdmFsXTxJTkZPPmxhc2FnbmEsODEsMjAxLDAsMTAxLDAsPC9JTkZPPjwvTkFWST4sIGVsIHBvcnRlcm8gZGUgbGEgQ3VldmEgZGUgTWlhdWwu
rEdsDQ,,W0Zlc3RpdmFsIFJlY2VwdGlvbmlzdF0KRG9uJ3QgYmUgZGlzYXBwb2ludGVkIGlmIHlvdSBkb24ndCBzZWUgYW55IE55YWlsbyB3aGVuIHlvdSBnZXQgdG8gTnlhaWwgQ2F2ZS4gVGhleSByZXNwYXduIHF1aWNrbHkuIE5vdywgSSdsbCBndWlkZSB5b3UgdG8gdGhlIEZlc3RpdmFsIE1hbmFnZXIu,,,,,W1JlY2VwY2lvbmlzdGEgZG8gRmVzdGl2YWxdCk7Do28gZmlxdWUgZGVzYXBvbnRhZG8gc2UgbsOjbyB2aXIgbmVuaHVtYSBNYWNhcnJvbmV0YSBsb2dvIHF1ZSBjaGVnYXIgbmEgQ2F2ZXJuYSBOeWFpbC4gRWxhcyByZW5hc2NlbSByYXBpZGFtZW50ZS4gQWdvcmEsIHZvdSB0ZSBndWlhciBhdMOpIG8gR2VyZW50ZSBkbyBGZXN0aXZhbC4=,,W1JlY2VwY2lvbmlzdGEgZGVsIEV2ZW50b10KTm8gdGUgZGVjZXBjaW9uZXMgc2kgbm8gdmVzIG5pbmfDum4gTnlhaWxvIGFsIGxsZWdhciBhIGxhIEN1ZXZhIGRlIE1pYXVsLiBBcGFyZWNlbiByw6FwaWRhbWVudGUuIApBaG9yYSwgdGUgZ3VpYXLDqSBoYXN0YSBlbCBEaXJlY3RvciBkZWwgRmVzdGl2YWwu
rUdsDQ,,W0Zlc3RpdmFsIFJlY2VwdGlvbmlzdF0KT25jZSB5b3UndmUgaGFydmVzdGVkIHRoZSBub29kbGVzLCB0YWtlIHRoZW0gdG8gT3J6by4gSGUnbGwgYm9pbCB0aGVtIHJpZ2h0IGluIHNlYXdhdGVyIGFuZCBzZXJ2ZSB0aGVtIHdpdGggYSBkZWxpY2lvdXMgc2F1Y2Uu,,,,,W1JlY2VwY2lvbmlzdGEgZG8gRmVzdGl2YWxdCkRlcG9pcyBkZSBjb2xoZXIgb3MgbWFjYXJyw7VlcywgbGV2ZS1vcyBhbyBPcnpvLiBFbGUgY296aW5oYXLDoSBjb20gw6FndWEgZG8gbWFyIGUgb3Mgc2Vydmlyw6EgY29tIHVtIG1vbGhvIGRlbGljaW9zby4=,,W1JlY2VwY2lvbmlzdGEgZGVsIEV2ZW50b10KVW5hIHZleiBxdWUgaGF5YXMgY29zZWNoYWRvIGxvcyBmaWRlb3MsIGxsw6l2YXNlbG9zIGEgT3J6by4gCkxvcyBoZXJ2aXLDoSBlbiBhZ3VhIGRlIG1hciB5IGxvcyBzZXJ2aXLDoSBjb24gdW5hIGRlbGljaW9zYSBzYWxzYS4=
rkdsDQ,,W0Zlc3RpdmFsIFJlY2VwdGlvbmlzdF0KSSdsbCBndWlkZSB5b3UgdG8gdGhlIDxOQVZJPltOb29kbGUgQXJ0aXNhbiBPcnpvXTxJTkZPPmxhc2FnbmEsMjg5LDI4NSwwLDEwMSwwLDwvSU5GTz48L05BVkk+LCB3aG8gbWFrZXMgZGVsaWNpb3VzIG5vb2RsZXMu,,,,,W1JlY2VwY2lvbmlzdGEgZG8gRmVzdGl2YWxdClZvdSB0ZSBndWlhciBhdMOpIG8gPE5BVkk+W01lc3RyZSBNYWNhcnLDo28gT3J6b108SU5GTz5sYXNhZ25hLDI4OSwyODUsMCwxMDEsMCw8L0lORk8+PC9OQVZJPiwgcXVlIGZheiB1bSBtYWNhcnLDo28gZGVsaWNpb3NvLg==,,W1JlY2VwY2lvbmlzdGEgZGVsIEV2ZW50b10KVGUgZ3VpYXLDqSBoYXN0YSBlbCA8TkFWST5bTWFlc3RybyBGaWRlbyBPcnpvXTxJTkZPPmxhc2FnbmEsMjg5LDI4NSwwLDEwMSwwLDwvSU5GTz48L05BVkk+LCBxdWllbiBwcmVwYXJhIGRlbGljaW9zb3MgZmlkZW9zLg==
r0dsDQ,,W0Zlc3RpdmFsIFJlY2VwdGlvbmlzdF0KQWZ0ZXIgYSBob3QgYm93bCBvZiBub29kbGVzLCB5b3UgbXVzdCB0cnkgYSBjb2xkLCBzd2VldCBkZXNzZXJ0ISE=,,,,,W1JlY2VwY2lvbmlzdGEgZG8gRmVzdGl2YWxdCkRlcG9pcyBkZSB1bWEgdGlnZWxhIGRlIG1hY2FycsOjbyBxdWVudGUsIHZvY8OqIHByZWNpc2EgZXhwZXJpbWVudGFyIHVtYSBzb2JyZW1lc2EgZG9jZSBlIGdlbGFkaW5oYSEh,,W1JlY2VwY2lvbmlzdGEgZGVsIEV2ZW50b10KwqFEZXNwdcOpcyBkZSB1biBwbGF0byBjYWxpZW50ZSBkZSBmaWRlb3MsIGRlYmVzIHByb2JhciB1biBwb3N0cmUgZnLDrW8geSBkdWxjZSEh
sEdsDQ,,W0Zlc3RpdmFsIFJlY2VwdGlvbmlzdF0KVGhlIHBlcmZlY3QgYmFsYW5jZSBvZiBzd2VldCBhbmQgc2F2b3J5ISBUaGlzIHllYXIsIHdlJ3ZlIHByZXBhcmVkIGEgc3BlY2lhbCBXYXRlcm1lbG9uIFB1ZGRpbmcsIGFuZCB3ZSdyZSBhbHNvIHJ1bm5pbmcgYSBmdW4gXjAwMDBDRFdhdGVybWVsb24gU21hc2hpbmcgRXZlbnReMDAwMDAwLCBzbyBkb24ndCBmb3JnZXQgdG8gc3RvcCBieSE=,,,,,W1JlY2VwY2lvbmlzdGEgZG8gRmVzdGl2YWxdCk8gZXF1aWzDrWJyaW8gcGVyZmVpdG8gZW50cmUgZG9jZSBlIHNhbGdhZG8hIEVzdGUgYW5vLCBwcmVwYXJhbW9zIHVtIFB1ZGltIGRlIE1lbGFuY2lhIGVzcGVjaWFsIGUgdGFtYsOpbSBlc3RhbW9zIHJlYWxpemFuZG8gdW0gZGl2ZXJ0aWRvIF4wMDAwQ0RFdmVudG8gZGUgUXVlYnJhciBNZWxhbmNpYXNeMDAwMDAwLCBlbnTDo28gbsOjbyBzZSBlc3F1ZcOnYSBkZSBkYXIgdW1hIHBhc3NhZGluaGEh,,W1JlY2VwY2lvbmlzdGEgZGVsIEV2ZW50b10KwqFFbCBlcXVpbGlicmlvIHBlcmZlY3RvIGVudHJlIGR1bGNlIHkgc2FsYWRvISAKRXN0ZSBhw7FvLCBoZW1vcyBwcmVwYXJhZG8gdW4gUHVkw61uIGRlIFNhbmTDrWEgZXNwZWNpYWwsIHkgdGFtYmnDqW4gdGVuZW1vcyB1biBkaXZlcnRpZG8gXjAwMDBDREV2ZW50byBkZSBSb21wZXIgU2FuZMOtYXNeMDAwMDAwLCDCoWFzw60gcXVlIG5vIG9sdmlkZXMgcGFzYXIh
sUdsDQ,,W0Zlc3RpdmFsIFJlY2VwdGlvbmlzdF0KSSdsbCBndWlkZSB5b3UgdG8gPE5BVkk+W0hlbHBlciBSYW1pXTxJTkZPPmxhc2FnbmEsMTAxLDEyMCwwLDEwMSwwLDwvSU5GTz48L05BVkk+Lg==,,,,,W1JlY2VwY2lvbmlzdGEgZG8gRmVzdGl2YWxdClZvdSB0ZSBndWlhciBhdMOpIG8gPE5BVkk+W0FqdWRhbnRlIFJhbWldPElORk8+bGFzYWduYSwxMDEsMTIwLDAsMTAxLDAsPC9JTkZPPjwvTkFWST4u,,W1JlY2VwY2lvbmlzdGEgZGVsIEV2ZW50b10KVGUgZ3VpYXLDqSBoYXN0YSBsYSA8TkFWST5bQXl1ZGFudGUgUmFtaV08SU5GTz5sYXNhZ25hLDEwMSwxMjAsMCwxMDEsMCw8L0lORk8+PC9OQVZJPi4=
skdsDQ,,W0Zlc3RpdmFsIFJlY2VwdGlvbmlzdF0KUmVjZW50bHksIHdlIGNhdWdodCBhIGdyb3VwIHRyeWluZyB0byBmYXJtIGxhcmdlIGJ1dCB0YXN0ZWxlc3MgZm9yZWlnbiBub29kbGVzIHVzaW5nIHRoZSByaWNoIHJlc291cmNlcyBvZiBOeWFpbCBDYXZlLiBUaG9zZSBCYWQgTm9vZGxlcyBoYXZlIGJlZW4gY2F1c2luZyB0cm91YmxlLg==,,,,,W1JlY2VwY2lvbmlzdGEgZG8gRmVzdGl2YWxdClJlY2VudGVtZW50ZSwgcGVnYW1vcyB1bSBncnVwbyB0ZW50YW5kbyBjdWx0aXZhciBtYWNhcnLDtWVzIGRlIG91dHJhcyByZWdpw7VlcyB1c2FuZG8gb3Mgcmljb3MgcmVjdXJzb3MgZGEgQ2F2ZXJuYSBOeWFpbC4gU8OjbyBncmFuZGVzIG1hcyBzZW0gc2Fib3IuIEVzc2VzIE1hY2FycsO1ZXMgRXN0cmFnYWRvcyB0w6ptIGNhdXNhZG8gcHJvYmxlbWFzLg==,,W1JlY2VwY2lvbmlzdGEgZGVsIEV2ZW50b10KUmVjaWVudGVtZW50ZSwgYXRyYXBhbW9zIGEgdW4gZ3J1cG8gcXVlIGludGVudGFiYSBjdWx0aXZhciBmaWRlb3MgZXh0cmFuamVyb3MgZ3JhbmRlcyBwZXJvIGluc8OtcGlkb3MgdXNhbmRvIGxvcyByaWNvcyByZWN1cnNvcyBkZSBsYSBDdWV2YSBkZSBNaWF1bC4gCkVzb3MgRmlkZW9zIE1hbG9zIGhhbiBlc3RhZG8gY2F1c2FuZG8gcHJvYmxlbWFzLg==
s0dsDQ,,W0Zlc3RpdmFsIFJlY2VwdGlvbmlzdF0KSSdsbCBndWlkZSB5b3UgdG8gPE5BVkk+W0hlbHBlciBEb21pXTxJTkZPPmxhc2FnbmEsOTAsMjAyLDAsMTAxLDAsPC9JTkZPPjwvTkFWST4sIHdobydzIGluIGNoYXJnZSBvZiB0aGUgQmFkIE5vb2RsZSBIdW50Lg==,,,,,W1JlY2VwY2lvbmlzdGEgZG8gRmVzdGl2YWxdClZvdSB0ZSBndWlhciBhdMOpIG8gPE5BVkk+W0FqdWRhbnRlIERvbWldPElORk8+bGFzYWduYSw5MCwyMDIsMCwxMDEsMCw8L0lORk8+PC9OQVZJPiwgcXVlIGVzdMOhIGVuY2FycmVnYWRvIGRhIENhw6dhIGFvIE1hY2FycsOjbyBFc3RyYWdhZG8u,,W1JlY2VwY2lvbmlzdGEgZGVsIEV2ZW50b10KVGUgZ3VpYXLDqSBoYXN0YSBlbCA8TkFWST5bQXl1ZGFudGUgRG9taV08SU5GTz5sYXNhZ25hLDkwLDIwMiwwLDEwMSwwLDwvSU5GTz48L05BVkk+LCBxdWUgZXN0w6EgYSBjYXJnbyBkZSBsYSBDYXphIGRlIEZpZGVvcyBQb2RyaWRvcy4=
tEdsDQ,,W0Zlc3RpdmFsIFJlY2VwdGlvbmlzdF0KQWgsIGRpZCB5b3UgbG9zZSBzb21ldGhpbmc/IE9yIGFyZSB5b3UgbG9va2luZyBmb3IgdGhlIG93bmVyIG9mIGEgbG9zdCBpdGVtLi4uPyBDb21lIHRvIHRoaW5rIG9mIGl0LCB0aGVyZSdzIGEgXjAwMDBDRER1Y2tsaW5nXjAwMDAwMCB3YW5kZXJpbmcgYXJvdW5kLg==,,,,,W1JlY2VwY2lvbmlzdGEgZG8gRmVzdGl2YWxdCkFoLCB2b2PDqiBwZXJkZXUgYWxnbz8gT3UgZXN0w6EgcHJvY3VyYW5kbyBvIGRvbm8gZGUgdW0gaXRlbSBwZXJkaWRvLi4uPyBQZW5zYW5kbyBiZW0sIGjDoSB1bSBeMDAwMENEUGF0b2xpbmRvXjAwMDAwMCBhbmRhbmRvIHBvciBhw60u,,W1JlY2VwY2lvbmlzdGEgZGVsIEV2ZW50b10KQWgsIMK/cGVyZGlzdGUgYWxnbz8gCsK/TyBlc3TDoXMgYnVzY2FuZG8gYWwgZHVlw7FvIGRlIHVuIG9iamV0byBwZXJkaWRvLi4uPyAKQWhvcmEgcXVlIGxvIHBpZW5zbywgaGF5IHVuIF4wMDAwQ0RQYXRvbGlub14wMDAwMDAgcm9uZGFuZG8gcG9yIGFow60u
tUdsDQ,,W0NvdXBvbiBSZWNlcHRpb25dClRoZXJlJ3MgYSA8TkFWST5bRHVja2xpbmddPElORk8+bGFzYWduYSwyMjQsMTExLDAsMTAxLDAsPC9JTkZPPjwvTkFWST4gbmVhciB0aGUgc291dGhlcm4gZmlzaGluZyBzcG90LiBJZiB0aGUgb3duZXIgZG9lc24ndCBjb21lIGZvciBpdCwgcGxlYXNlIGJyaW5nIGl0IHRvIHRoZSBMb3N0ICYgRm91bmQuIFRoYW5rIHlvdS4=,,,,,W1JlY2Vww6fDo28gZGUgQ3Vwb25zXQpIw6EgdW0gPE5BVkk+W1BhdG9saW5kb108SU5GTz5sYXNhZ25hLDIyNCwxMTEsMCwxMDEsMCw8L0lORk8+PC9OQVZJPiBwZXJ0byBkbyBwb250byBkZSBwZXNjYSBhbyBzdWwuIFNlIG8gZG9ubyBuw6NvIHZpZXIgYnVzY8OhLWxvLCBwb3IgZmF2b3IsIGxldmUtbyBhdMOpIG8gQWNoYWRvcyBlIFBlcmRpZG9zLiBPYnJpZ2Fkby4=,,W1JlY2VwY2nDs24gZGUgQ3Vwb25lc10KSGF5IHVuIDxOQVZJPltQYXRvbGlub108SU5GTz5sYXNhZ25hLDIyNCwxMTEsMCwxMDEsMCw8L0lORk8+PC9OQVZJPiBjZXJjYSBkZWwgcHVudG8gZGUgcGVzY2EgYWwgc3VyLiAKU2kgZWwgZHVlw7FvIG5vIHZpZW5lIHBvciDDqWwsIHBvciBmYXZvciB0csOhZWxvIGEgT2JqZXRvcyBQZXJkaWRvcy4gCkdyYWNpYXMu
tkdsDQ,,W0Zlc3RpdmFsIFJlY2VwdGlvbmlzdF0KVW5kZXJzdG9vZC4gTGV0IG1lIGtub3cgYW55dGltZSB5b3UgbmVlZCBndWlkYW5jZSE=,,,,,W1JlY2VwY2lvbmlzdGEgZG8gRmVzdGl2YWxdCkVudGVuZGlkby4gQXZpc2UtbWUgc2VtcHJlIHF1ZSBwcmVjaXNhciBkZSBvcmllbnRhw6fDtWVzIQ==,,W1JlY2VwY2lvbmlzdGEgZGVsIEV2ZW50b10KRW50ZW5kaWRvLiAKwqFBdsOtc2FtZSBjdWFuZG8gbmVjZXNpdGVzIG9yaWVudGFjacOzbiE=
t0dsDQ,,W0Zlc3RpdmFsIFJlY2VwdGlvbmlzdF0KQXMgeW91IGVuam95IHRoZSBOb29kbGUgRmVzdGl2YWwgYW5kIHBhcnRpY2lwYXRlIGluIHZhcmlvdXMgZXZlbnRzLCB5b3UnbGwgcmVjZWl2ZSBeMDAwMENEUmF2aW9saSBDb2luc14wMDAwMDAgdGhhdCBjYW4gYmUgZXhjaGFuZ2VkIGZvciBeMDAwMENEcHJpemVzXjAwMDAwMC4=,,,,,W1JlY2VwY2lvbmlzdGEgZG8gRmVzdGl2YWxdCkFvIHBhcnRpY2lwYXIgZG8gRmVzdGl2YWwgZG8gTWFjYXJyw6NvIGUgY29tcGxldGFyIHbDoXJpb3MgZXZlbnRvcywgdm9jw6ogcmVjZWJlcsOhIF4wMDAwQ0RNb2VkYXMgUmF2aW9saV4wMDAwMDAsIHF1ZSBwb2RlbSBzZXIgdHJvY2FkYXMgcG9yIF4wMDAwQ0RwcsOqbWlvc14wMDAwMDAu,,W1JlY2VwY2lvbmlzdGEgZGVsIEV2ZW50b10KTWllbnRyYXMgZGlzZnJ1dGFzIGRlbCBGZXN0aXZhbCBkZSBGaWRlb3MgeSBwYXJ0aWNpcGFzIGVuIHZhcmlvcyBldmVudG9zLCByZWNpYmlyw6FzIF4wMDAwQ0RNb25lZGFzIFJhdmlvbGleMDAwMDAwIHF1ZSBzZSBwdWVkZW4gY2FtYmlhciBwb3IgXjAwMDBDRHByZW1pb3NeMDAwMDAwLg==
uEdsDQ,,W0Zlc3RpdmFsIFJlY2VwdGlvbmlzdF0KT2ghIEFsc28sIGV2ZXJ5IHRpbWUgeW91IGNvbXBsZXRlIGEgZGVzaWduYXRlZCBxdWVzdCwgd2UnbGwgZ2l2ZSB5b3UgYSBeMDAwMENEc3RhbXAgb24geW91ciBjb3Vwb25eMDAwMDAwLg==,,,,,W1JlY2VwY2lvbmlzdGEgZG8gRmVzdGl2YWxdCkFoISBBbMOpbSBkaXNzbywgYW8gY29tcGxldGFyIGFzIG1pc3PDtWVzIHF1ZSBwcmVwYXJhbW9zIHByYSB2b2PDqiwgXjAwMDBDRGNhcmltYmFyZW1vcyBvIHNldSBjdXBvbV4wMDAwMDAu,,W1JlY2VwY2lvbmlzdGEgZGVsIEV2ZW50b10KwqFBaCEgVGFtYmnDqW4sIGNhZGEgdmV6IHF1ZSBjb21wbGV0ZXMgdW4gZXZlbnRvIHByZXBhcmFkbywgdGUgZGFyZW1vcyB1biBeMDAwMENEc2VsbG8gZW4gdHUgY3Vww7NuXjAwMDAwMC4=
uUdsDQ,,W0Zlc3RpdmFsIFJlY2VwdGlvbmlzdF0KSWYgeW91IGdldCB5b3VyIF4wMDAwQ0RzdGFtcCBjb3Vwb25eMDAwMDAwIGFuZCBicmluZyBpdCB0byB0aGUgc3RhZmYsIHlvdSdsbCByZWNlaXZlIHRoZSBOb29kbGUgRmVzdGl2YWwgc291dmVuaXIgPElURU0+W1dhdnkgTm9vZGxlc108SU5GTz40MDAxNjA8L0lORk8+PC9JVEVNPiBvbmNlLCBzbyBkb24ndCBmb3JnZXQgdG8gY2xhaW0gaXQh,,,,,W1JlY2VwY2lvbmlzdGEgZG8gRmVzdGl2YWxdClNlIHZvY8OqIHRyb3V4ZXIgc2V1IF4wMDAwQ0RjdXBvbSBjYXJpbWJhZG9eMDAwMDAwIHBhcmEgb3MgZW5jYXJyZWdhZG9zIGRvIGV2ZW50bywgdm9jw6ogaXLDoSBnYW5oYXIgYSBsZW1icmFuw6dhIGRvIEZlc3RpdmFsIGRvIE1hY2FycsOjbyA8SVRFTT5bRmVzdGEgTWFjYXJyw7RuaWNhXTxJTkZPPjQwMDE2MDwvSU5GTz48L0lURU0+LiBNYXMgw6kgc8OzIHVtYSB2ZXosIGVudMOjbyBuw6NvIHNlIGVzcXVlw6dhIGRlIGdhcmFudGlyIG8gc2V1IQ==,,W1JlY2VwY2lvbmlzdGEgZGVsIEV2ZW50b10KU2kgb2J0aWVuZXMgdHUgXjAwMDBDRGN1cMOzbiBzZWxsYWRvXjAwMDAwMCB5IGxvIHRyYWVzIGFsIHBlcnNvbmFsLCByZWNpYmlyw6FzIGVsIHJlY3VlcmRvIGRlbCBGZXN0aXZhbCBkZSBGaWRlb3MgPElURU0+W1RhesOzbiBkZSBGaWRlb3NdPElORk8+NDAwMTYwPC9JTkZPPjwvSVRFTT4gdW5hIHZleiwgwqFhc8OtIHF1ZSBubyBvbHZpZGVzIHJlY2xhbWFybG8h
ukdsDQ,,RmVzdGl2YWwgTWFuYWdlcg==,,,,,R2VyZW50ZSBkbyBGZXN0aXZhbA==,,RGlyZWN0b3IgZGVsIEZlc3RpdmFs
u0dsDQ,,W0Zlc3RpdmFsIE1hbmFnZXJdCldlbGNvbWUhIFdlbGNvbWUgdG8gdGhlIE5vb2RsZSBGZXN0aXZhbC4gRm9yIGdlbmVyYXRpb25zLCB0aGUgTm9vZGxlIEZlc3RpdmFsIGhhcyBzdGFydGVkIHdpdGggdGhlIF4wMDAwQ0RoYXJ2ZXN0IG9mIE1lYXRiYWxsc14wMDAwMDAh,,,,,W0dlcmVudGUgZG8gRmVzdGl2YWxdCkJlbS12aW5kbyEgU2VqYSBiZW0tdmluZG8gYW8gRmVzdGl2YWwgZG8gTWFjYXJyw6NvLiBQb3IgZ2VyYcOnw7VlcywgbyBGZXN0aXZhbCBkbyBNYWNhcnLDo28gc2UgaW5pY2lhIGNvbSBhIF4wMDAwQ0Rjb2xoZWl0YSBkZSBBbG3DtG5kZWdhc14wMDAwMDAh,,W0RpcmVjdG9yIGRlbCBGZXN0aXZhbF0KwqFCaWVudmVuaWRvISAKQmllbnZlbmlkbyBhbCBGZXN0aXZhbCBkZSBGaWRlb3MuIApQb3IgZ2VuZXJhY2lvbmVzLCBlbCBGZXN0aXZhbCBkZSBGaWRlb3MgaGEgY29tZW56YWRvIGNvbiBsYSBeMDAwMENEQ29zZWNoYSBkZSBBbGLDs25kaWdhc14wMDAwMDAh
vEdsDQ,,W0Zlc3RpdmFsIE1hbmFnZXJdCl4wMDAwQ0RNZWF0YmFsbHNeMDAwMDAwLCBvYnRhaW5lZCBmcm9tIF4wMDAwQ0ROeWFpbG9eMDAwMDAwIHRoYXQgbGl2ZSBpbiBeMDAwMENETnlhaWwgQ2F2ZV4wMDAwMDAsIGFyZSBpbmNyZWRpYmx5IHRhc3R5IGFuZCBjb25zaWRlcmVkIGEgcHJlbWl1bSBpbmdyZWRpZW50Lg==,,,,,W0dlcmVudGUgZG8gRmVzdGl2YWxdCkFzIF4wMDAwQ0RBbG3DtG5kZWdhc14wMDAwMDAsIG9idGlkYXMgZGUgXjAwMDBDRE1hY2Fycm9uZXRhc14wMDAwMDAgcXVlIHZpdmVtIG5hIF4wMDAwQ0RDYXZlcm5hIE55YWlsXjAwMDAwMCwgc8OjbyBpbmNyaXZlbG1lbnRlIHNhYm9yb3NhcyBlIGNvbnNpZGVyYWRhcyB1bSBpbmdyZWRpZW50ZSBkZSBwcmltZWlyYSBxdWFsaWRhZGUu,,W0RpcmVjdG9yIGRlbCBGZXN0aXZhbF0KTGFzIF4wMDAwQ0RBbGLDs25kaWdhc14wMDAwMDAsIG9idGVuaWRhcyBkZSBsb3MgXjAwMDBDRE55YWlsb3NeMDAwMDAwIHF1ZSB2aXZlbiBlbiBsYSBeMDAwMENEQ3VldmEgZGUgTWlhdWxeMDAwMDAwLCBzb24gaW5jcmXDrWJsZW1lbnRlIHNhYnJvc2FzIHkgc2UgY29uc2lkZXJhbiB1biBpbmdyZWRpZW50ZSBwcmVtaXVtLg==
vUdsDQ,,W0Zlc3RpdmFsIE1hbmFnZXJdClRoZXNlIG1lYXRiYWxscyBhcmUgZGVsaWNpb3VzIG9uIHRoZWlyIG93biwgYW5kIHdoZW4gcGFpcmVkIHdpdGggdmFyaW91cyBub29kbGUgZGlzaGVzLCB0aGV5IG9mZmVyIGEgdGFzdGUgb2YgaGVhdmVuLg==,,,,,W0dlcmVudGUgZG8gRmVzdGl2YWxdCkVzc2FzIGFsbcO0bmRlZ2FzIHPDo28gZGVsaWNpb3NhcyBwb3Igc2kgc8OzISBNYXMsIHF1YW5kbyBjb21iaW5hZGFzIGNvbSBvcyBkaXZlcnNvcyB0aXBvcyBkZSBtYWNhcnLDo28sIGVsYXMgZGVzcGVydGFtIHVtIHNhYm9yIGRpdmluby4=,,W0RpcmVjdG9yIGRlbCBGZXN0aXZhbF0KRXN0YXMgQWxiw7NuZGlnYXMgc29uIGRlbGljaW9zYXMgcG9yIHPDrSBzb2xhcywgeSBjdWFuZG8gc2UgY29tYmluYW4gY29uIHZhcmlvcyBwbGF0b3MgZGUgZmlkZW9zLCBvZnJlY2VuIHVuIHNhYm9yIGNlbGVzdGlhbC4=
vkdsDQ,,W0Zlc3RpdmFsIE1hbmFnZXJdCklmIHlvdSB3YW50IHRvIGxlYXJuIG1vcmUgYWJvdXQgTWVhdGJhbGxzLCBsaXN0ZW4gdG8gdGhlIHN0b3J5IGZyb20gdGhlIEZlc3RpdmFsIFJlY2VwdGlvbmlzdC4=,,,,,W0dlcmVudGUgZG8gRmVzdGl2YWxdClNlIHF1aXNlciBzYWJlciBtYWlzIHNvYnJlIGFzIEFsbcO0bmRlZ2FzLCBmYWxlIGNvbSBvIFJlY2VwY2lvbmlzdGEgZG8gRmVzdGl2YWwgZSBvdcOnYSBhIHN1YSBoaXN0w7NyaWEu,,W0RpcmVjdG9yIGRlbCBGZXN0aXZhbF0KU2kgcXVpZXJlcyBzYWJlciBtw6FzIHNvYnJlIGxhcyBBbGLDs25kaWdhcywgZXNjdWNoYSBsYSBoaXN0b3JpYSBkZWwgUmVjZXBjaW9uaXN0YSBkZWwgRXZlbnRvLg==
v0dsDQ,,W0Zlc3RpdmFsIE1hbmFnZXJdCkJyaW5nIG1lIF4wMDAwQ0RvbmUgZWFjaCBvZiBTcGFnaGV0dGkgUGFzdGEsIEJvdy10aWUgUGFzdGEsIFNtb290aCBOb29kbGUsIGFuZCBNZWF0YmFsbF4wMDAwMDDigJR0aGUgaW5ncmVkaWVudHMgZm9yIG1ha2luZyBkZWxpY2lvdXMgbm9vZGxlcy4=,,,,,W0dlcmVudGUgZG8gRmVzdGl2YWxdClRyYWdhLW1lIF4wMDAwQ0R1bSBkZSBjYWRhOiBNYWNhcnLDo28gRXNwYWd1ZXRlLCBNYWNhcnLDo28gR3JhdmF0aW5oYSwgTWFjYXJyw6NvIFBhcmFmdXNvIGUgQWxtw7RuZGVnYV4wMDAwMDAuIEVzdGVzIHPDo28gb3MgaW5ncmVkaWVudGVzIG5lY2Vzc8OhcmlvcyBwYXJhIHNlIGZhemVyIHVtIGRlbGljaW9zbyBtYWNhcnLDo28u,,W0RpcmVjdG9yIGRlbCBGZXN0aXZhbF0KVHLDoWVtZSBeMDAwMENEdW5vIGRlIGNhZGEgdW5vOiBGaWRlb3MgRXNwYWd1ZXRpLCBGaWRlbyBDb3JiYXRhLCBGaWRlbyBUaXJhYnV6w7NuIHkgQWxiw7NuZGlnYV4wMDAwMDAgbG9zIGluZ3JlZGllbnRlcyBwYXJhIGhhY2VyIGRlbGljaW9zb3MgZmlkZW9zLg==
wEdsDQ,,W0Zlc3RpdmFsIE1hbmFnZXJdCllvdSBjYW4gb2J0YWluIGVhY2ggZnJvbSBeMDAwMENEU21hbGwgV2hpcmxwb29sLCBEYW5keSBTdGFyLCBXaWdnbHkgVGFpbCwgYW5kIE55YWlsb14wMDAwMDAsIHJlc3BlY3RpdmVseS4=,,,,,W0dlcmVudGUgZG8gRmVzdGl2YWxdClZvY8OqIHBvZGUgb2J0w6otbG9zIGRvcyBeMDAwMENEVG9ydmVsaW5ob3MsIEVzdHJlbGl0YXMsIEFsZ2EtQ2hpY290ZXMgZSBNYWNhcnJvbmV0YXNeMDAwMDAwIHJlc3BlY3RpdmFtZW50ZS4=,,W0RpcmVjdG9yIGRlbCBGZXN0aXZhbF0KUHVlZGVzIG9idGVuZXIgY2FkYSB1bm8gZGUgbG9zIF4wMDAwQ0RUb3JiZWxsaW5vIFBlcXVlw7FvLCBFc3RyZWxsYSBEYW5keSwgQWxnYSBPbmR1bGFudGUgeSBOeWFpbG9eMDAwMDAwLCByZXNwZWN0aXZhbWVudGUu
wUdsDQ,,W0Zlc3RpdmFsIE1hbmFnZXJdCk55YWlsbyBhcHBlYXIgYWxsIG92ZXIgTnlhaWwgQ2F2ZS4gSWYgeW91IGRvbid0IHNlZSBvbmUgd2hlbiB5b3UgZW50ZXIsIGp1c3Qgd2FpdCBhIG1vbWVudOKAlHRoZXkgcmVzcGF3biBxdWlja2x5Lg==,,,,,W0dlcmVudGUgZG8gRmVzdGl2YWxdCk1hY2Fycm9uZXRhcyBhcGFyZWNlbSBwb3IgdG9kYSBhIENhdmVybmEgTnlhaWwuIFNlIHZvY8OqIG7Do28gZW5jb250cmFyIHVtYSBhc3NpbSBxdWUgZW50cmFyLCBhcGVuYXMgZXNwZXJlIHVtIHBvdWNvLiBFbGFzIHJlbmFzY2VtIHJhcGlkYW1lbnRlLg==,,W0RpcmVjdG9yIGRlbCBGZXN0aXZhbF0KTG9zIE55YWlsb3MgYXBhcmVjZW4gcG9yIHRvZGEgbGEgQ3VldmEgZGUgTWlhdWwuIApTaSBubyB2ZXMgdW5vIGFsIGVudHJhciwgc29sbyBlc3BlcmEgdW4gbW9tZW50byBlbGxvcyBhcGFyZWNlbiByw6FwaWRhbWVudGUu
wkdsDQ,,W0Zlc3RpdmFsIE1hbmFnZXJdClNvLCB3b3VsZCB5b3UgbGlrZSB0byBoZWFkIHRvIF4wMDAwQ0ROeWFpbCBDYXZlXjAwMDAwMCByaWdodCBub3c/,,,,,W0dlcmVudGUgZG8gRmVzdGl2YWxdCkVudMOjbywgdm9jw6ogZ29zdGFyaWEgZGUgaXIgcGFyYSBhIF4wMDAwQ0RDYXZlcm5hIE55YWlsXjAwMDAwMCBhZ29yYT8=,,W0RpcmVjdG9yIGRlbCBGZXN0aXZhbF0KQWhvcmEsIMK/dGUgZ3VzdGFyw61hIGlyIGEgbGEgXjAwMDBDREN1ZXZhIGRlIE1pYXVsXjAwMDAwMCBhaG9yYSBtaXNtbz8=
w0dsDQ,,WWVzISBTZW5kIG1lIHRoZXJlIQ==,,,,,U2ltISBNZSBsZXZlIGF0w6kgbMOhIQ==,,wqFTw60hIMKhRW52w61hbWUgYWxsw6Eh
xEdsDQ,,SG9sZCBvbiwgbGV0IG1lIHByZXBhcmUgZmlyc3Qu,,,,,RXNwZXJlLCBwcmVjaXNvIG1lIHByZXBhcmFyIHByaW1laXJvLg==,,RXNwZXJhLCBkw6lqYW1lIHByZXBhcmFybWUgcHJpbWVyby4=
xUdsDQ,,W0Zlc3RpdmFsIE1hbmFnZXJdClRoZW4sIG9mZiB0byBOeWFpbCBDYXZlIQ==,,,,,W0dlcmVudGUgZG8gRmVzdGl2YWxdCkVudMOjbywgdmFtb3MgcGFyYSBhIENhdmVybmEgTnlhaWwh,,W0RpcmVjdG9yIGRlbCBGZXN0aXZhbF0KwqFFbnRvbmNlcywgYSBsYSBDdWV2YSBkZSBNaWF1bCE=
xkdsDQ,,W0Zlc3RpdmFsIE1hbmFnZXJdCkxldCBtZSBrbm93IHdoZW5ldmVyIHlvdSdyZSByZWFkeS4=,,,,,W0dlcmVudGUgZG8gRmVzdGl2YWxdCkF2aXNlLW1lIHF1YW5kbyBlc3RpdmVyIHByb250by4=,,W0RpcmVjdG9yIGRlbCBGZXN0aXZhbF0KQXbDrXNhbWUgY3VhbmRvIGVzdMOpcyBsaXN0by4=
x0dsDQ,,W0Zlc3RpdmFsIE1hbmFnZXJdCkhvdyB3YXMgdGhlIE1lYXRiYWxsIGhhcnZlc3Q/IFRyeSBlYXRpbmcgb25lIG9mIHRoZSBoYXJ2ZXN0ZWQgTWVhdGJhbGxzLiBZb3UnbGwgZmVlbCByZWZyZXNoZWQgaW4gYm9keSBhbmQgbWluZC4=,,,,,W0dlcmVudGUgZG8gRmVzdGl2YWxdCkNvbW8gZm9pIGEgY29saGVpdGEgZGUgQWxtw7RuZGVnYXM/IFRlbnRlIGNvbWVyIHVtYSBkYXMgQWxtw7RuZGVnYXMgcXVlIHZvY8OqIGNvbGhldS4gVm9jw6ogc2Ugc2VudGlyw6EgcmV2aWdvcmFkbyBkZSBjb3JwbyBlIGFsbWEu,,W0RpcmVjdG9yIGRlbCBGZXN0aXZhbF0Kwr9Dw7NtbyBmdWUgbGEgY29zZWNoYSBkZSBsYXMgQWxiw7NuZGlnYXM/IApJbnRlbnRhIGRlIGNvbWVyIHVuYSBkZSBsYXMgYWxiw7NuZGlnYXMgY29zZWNoYWRhcy4gClRlIHNlbnRpcsOhcyByZW5vdmFkbyBlbiBjdWVycG8geSBtZW50ZS4=
yEdsDQ,,W0Zlc3RpdmFsIE1hbmFnZXJdCk5vdywgZW5qb3kgdGhlIE5vb2RsZSBGZXN0aXZhbCBpbiBMYXNhZ25hIHRvIHRoZSBmdWxsZXN0IQ==,,,,,W0dlcmVudGUgZG8gRmVzdGl2YWxdCkFnb3JhLCB2w6EgY3VydGlyIG8gRmVzdGl2YWwgZG8gTWFjYXJyw6NvIGVtIExhc2FnbmEgYXTDqSBuw6NvIHBvZGVyIG1haXMh,,W0RpcmVjdG9yIGRlbCBGZXN0aXZhbF0KwqFBaG9yYSwgZGlzZnJ1dGEgYWwgbcOheGltbyBkZWwgRmVzdGl2YWwgZGUgRmlkZW9zIGVuIExhc2FnbmEh
yUdsDQ,,W0Zlc3RpdmFsIE1hbmFnZXJdCkZvciB0aGUgbG9jYXRpb25zIG9mIGVhY2ggZXZlbnQgYXJlYSwgYXNrIHRoZSBGZXN0aXZhbCBSZWNlcHRpb25pc3Qgc3RhbmRpbmcgYWNyb3NzIGZyb20gbWXigJRoZSdsbCBraW5kbHkgZ3VpZGUgeW91Lg==,,,,,W0dlcmVudGUgZG8gRmVzdGl2YWxdClBhcmEgc2FiZXIgb25kZSBmaWNhIGNhZGEgw6FyZWEgZGUgZXZlbnRvLCBwZXJndW50ZSBhbyBSZWNlcGNpb25pc3RhIGRvIEZlc3RpdmFsIHF1ZSBlc3TDoSBsb2dvIMOgIG1pbmhhIGZyZW50ZS4gRWxlIHRlIGd1aWFyw6EgcHJvbnRhbWVudGUu,,W0RpcmVjdG9yIGRlbCBGZXN0aXZhbF0KUGFyYSBsYXMgdWJpY2FjaW9uZXMgZGUgY2FkYSDDoXJlYSBkZSBldmVudG8sIHByZWfDum50YWxlIGFsIFJlY2VwY2lvbmlzdGEgZGVsIEV2ZW50byBxdWUgZXN0w6EgYWwgb3RybyBsYWRvIHRlIGd1aWFyw6EgYW1hYmxlbWVudGUu
ykdsDQ,,W0Zlc3RpdmFsIE1hbmFnZXJdCldhaXQsIGxldCBtZSBjaGVjayB5b3VyIGludmVudG9yeSBmb3IgYSBtb21lbnQuIEkgd2FzIGdvaW5nIHRvIGdpdmUgeW91IGEgc291dmVuaXIsIGJ1dCBpdCBsb29rcyBsaWtlIHlvdSBkb24ndCBoYXZlIHJvb20u,,,,,W0dlcmVudGUgZG8gRmVzdGl2YWxdCkVzcGVyZSwgZGVpeGUtbWUgdmVyaWZpY2FyIHNldSBpbnZlbnTDoXJpby4gRXUgaWEgdGUgZGFyIHVtYSBsZW1icmFuY2luaGEsIG1hcyBwYXJlY2UgcXVlIHZvY8OqIG7Do28gdGVtIGVzcGHDp28u,,W0RpcmVjdG9yIGRlbCBGZXN0aXZhbF0KRXNwZXJhLCBkw6lqYW1lIHJldmlzYXIgdHUgaW52ZW50YXJpbyB1biBtb21lbnRvLiAKSWJhIGEgZGFydGUgdW4gcmVjdWVyZG8sIHBlcm8gcGFyZWNlIHF1ZSBubyB0aWVuZXMgZXNwYWNpby4=
y0dsDQ,,W0Zlc3RpdmFsIE1hbmFnZXJdCk9oIGRlYXIsIHlvdSBjYW1lIGVtcHR5LWhhbmRlZC4gV2FzIHRoZSBNZWF0YmFsbCBoYXJ2ZXN0IGRpZmZpY3VsdD8gV291bGQgeW91IGxpa2UgdG8gZ28gYmFjayB0byBOeWFpbCBDYXZlPw==,,,,,W0dlcmVudGUgZG8gRmVzdGl2YWxdClB1eGEgdmlkYSwgdm9jw6ogdm9sdG91IGRlIG3Do29zIHZhemlhcyEgQSBjb2xoZWl0YSBkZSBBbG3DtG5kZWdhcyBmb2kgdMOjbyBkaWbDrWNpbCBhc3NpbT8gVm9jw6ogcXVlciB2b2x0YXIgw6AgQ2F2ZXJuYSBOeWFpbD8=,,W0RpcmVjdG9yIGRlbCBGZXN0aXZhbF0KT2gsIHZheWEsIHZpbmlzdGUgY29uIGxhcyBtYW5vcyB2YWPDrWFzLiAKwr9GdWUgZGlmw61jaWwgbGEgY29zZWNoYSBkZSBhbGLDs25kaWdhcz8gCsK/VGUgZ3VzdGFyw61hIHZvbHZlciBhIGxhIEN1ZXZhIE1pYXVsPw==
zEdsDQ,,W0Zlc3RpdmFsIE1hbmFnZXJdCldvdWxkIHlvdSBsaWtlIHRvIGdvIHRvIE55YWlsIENhdmUgYWdhaW4/,,,,,W0dlcmVudGUgZG8gRmVzdGl2YWxdCkdvc3RhcmlhIGRlIGlyIHBhcmEgYSBDYXZlcm5hIE55YWlsIG5vdmFtZW50ZT8=,,W0RpcmVjdG9yIGRlbCBGZXN0aXZhbF0Kwr9UZSBndXN0YXLDrWEgaXIgYSBsYSBDdWV2YSBkZSBNaWF1bCBkZSBudWV2bz8=
zUdsDQ,,W0Zlc3RpdmFsIE1hbmFnZXJdCldlbGNvbWUhIFdlbGNvbWUgdG8gdGhlIE5vb2RsZSBGZXN0aXZhbC4gSG93IGFyZSB5b3UgZW5qb3lpbmcgdGhpcyBkZWxpY2lvdXMgc3VtbWVyIGZpbGxlZCB3aXRoIHZhcmlvdXMgZXZlbnRzPw==,,,,,W0dlcmVudGUgZG8gRmVzdGl2YWxdCkJlbS12aW5kbyEgU2VqYSBiZW0tdmluZG8gYW8gRmVzdGl2YWwgZG8gTWFjYXJyw6NvLiBWb2PDqiBlc3TDoSBhcHJvdmVpdGFuZG8gb3MgdsOhcmlvcyBldmVudG9zIGRvIEZlc3RpdmFsPw==,,W0RpcmVjdG9yIGRlbCBGZXN0aXZhbF0KwqFCaWVudmVuaWRvISAKQmllbnZlbmlkbyBhbCBGZXN0aXZhbCBkZSBGaWRlb3MuIArCv0PDs21vIGVzdMOhcyBkaXNmcnV0YW5kbyBkZSBlc3RlIGRlbGljaW9zbyB2ZXJhbm8gbGxlbm8gZGUgdmFyaW9zIGV2ZW50b3M/
zkdsDQ,,W0Zlc3RpdmFsIE1hbmFnZXJdClBsZWFzZSwgZmlyc3QgcmVnaXN0ZXIgZm9yIHRoZSBmZXN0aXZhbCB3aXRoIHRoZSA8TkFWST5bRmVzdGl2YWwgUmVjZXB0aW9uaXN0XTxJTkZPPmxhc2FnbmEsODMsMTk3LDAsMTAxLDAsPC9JTkZPPjwvTkFWST4sIHRoZW4gY29tZSBiYWNrIHRvIG1lLg==,,,,,W0dlcmVudGUgZG8gRmVzdGl2YWxdClBvciBmYXZvciwgcHJpbWVpcm8gZmHDp2Egc3VhIGluc2NyacOnw6NvIHBhcmEgbyBmZXN0aXZhbCBjb20gbyA8TkFWST5bUmVjZXBjaW9uaXN0YSBkbyBGZXN0aXZhbF08SU5GTz5sYXNhZ25hLDgzLDE5NywwLDEwMSwwLDwvSU5GTz48L05BVkk+IGUgZGVwb2lzIHZlbmhhIGZhbGFyIGNvbWlnby4=,,W0RpcmVjdG9yIGRlbCBGZXN0aXZhbF0KUG9yIGZhdm9yLCByZWfDrXN0cmF0ZSBlbiBlbCBmZXN0aXZhbCBjb24gZWwgTlBDIDxOQVZJPltSZWNlcGNpb25pc3RhIGRlbCBFdmVudG9dPElORk8+bGFzYWduYSw4MywxOTcsMCwxMDEsMCw8L0lORk8+PC9OQVZJPiBwcmltZXJvLCB5IGx1ZWdvIHZ1ZWx2ZSBhIHZlcm1lLg==
z0dsDQ,,QnViYmxpbmcgUG90,,,,,UGFuZWxhIEJvcmJ1bGhhbnRl,,T2xsYSBIaXJ2aWVuZG8=
0EdsDQ,,Tm9vZGxlIEFydGlzYW4gT3J6bw==,,,,,TWVzdHJlIE1hY2FycsOjbyBPcnpv,,TWFlc3RybyBGaWRlbyBPcnpv
0UdsDQ,,W05vb2RsZSBBcnRpc2FuIE9yem9dCkhlbGxvISBJdCdzIGEgZ3JlYXQgZGF5IGZvciBub29kbGVzLCBpc24ndCBpdD8gSG93IGFib3V0IHNvbWUgZGVsaWNpb3VzIG5vb2RsZXM/,,,,,W01lc3RyZSBNYWNhcnLDo28gT3J6b10KT2zDoSEgw4kgdW0gw7N0aW1vIGRpYSBwYXJhIG1hY2FycsOjbywgbsOjbyDDqSBtZXNtbz8gVmFpIHVtIG1hY2FycsOjbyBxdWVudGluaG8gYcOtPw==,,W01hZXN0cm8gRmlkZW8gT3J6b10KwqFIb2xhISAKRXMgdW4gZ3JhbiBkw61hIHBhcmEgbG9zIGZpZGVvcywgwr92ZXJkYWQ/IArCv1F1w6kgdGFsIHVub3MgZGVsaWNpb3NvcyBmaWRlb3M/
0kdsDQ,,W05vb2RsZSBBcnRpc2FuIE9yem9dCkJyaW5nIG1lIF4wMDAwQ0Q1IFNwYWdoZXR0aSBQYXN0YSwgNSBCb3ctdGllIFBhc3RhLCA1IFRoaW4gTm9vZGxlcywgYW5kIDEgTWVhdGJhbGxeMDAwMDAwLCBhbmQgSSdsbCBib2lsIHRoZW0gcmlnaHQgaW4gc2Vhd2F0ZXIgdG8gbWFrZSB5b3Ugc29tZSB0YXN0eSBeMDAwMENETm9vZGxlc14wMDAwMDAu,,,,,W01lc3RyZSBNYWNhcnLDo28gT3J6b10KVHJhZ2EtbWUgXjAwMDBDRDUgTWFjYXJyw6NvIEVzcGFndWV0ZSwgNSBNYWNhcnLDo28gR3JhdmF0aW5oYSwgNSBNYWNhcnLDo28gUGFyYWZ1c28gZSAxIEFsbcO0bmRlZ2FeMDAwMDAwLiBDb3ppbmhhcmVpIHR1ZG8gZW0gw6FndWEgZG8gbWFyIHBhcmEgZmF6ZXIgdW0gZGVsaWNpb3NvIF4wMDAwQ0RNYWNhcnLDo29eMDAwMDAwLg==,,W01hZXN0cm8gRmlkZW8gT3J6b10KVHLDoWVtZSBeMDAwMENENSBGaWRlb3MgRXNwYWd1ZXRpLCA1IEZpZGVvIENvcmJhdGEsIDUgRmlkZW8gVGlyYWJ1esOzbiB5IEFsYsOzbmRpZ2FeMDAwMDAwLCB5IGxvcyBoZXJ2aXLDqSBlbiBhZ3VhIGRlIG1hciBwYXJhIGhhY2VydGUgdW5vcyBzYWJyb3NvcyBeMDAwMENERmlkZW9zXjAwMDAwMC4=
00dsDQ,,U3VyZSE=,,,,,Q2xhcm8h,,wqFDbGFybyE=
1EdsDQ,,TWF5YmUgbGF0ZXIu,,,,,VGFsdmV6IG1haXMgdGFyZGUu,,UXVpesOhcyBtw6FzIHRhcmRlLg==
1UdsDQ,,W05vb2RsZSBBcnRpc2FuIE9yem9dCllvdSBjYW4gZ2V0IFNwYWdoZXR0aSBQYXN0YSBieSBjYXRjaGluZyBeMDAwMENEU21hbGwgV2hpcmxwb29sc14wMDAwMDAsIHdoaWNoIGFwcGVhciBhcm91bmQgdGhpcyB0aW1lLg==,,,,,W01lc3RyZSBNYWNhcnLDo28gT3J6b10KVm9jw6ogcG9kZSBvYnRlciBNYWNhcnLDo28gRXNwYWd1ZXRlIGNhw6dhbmRvIF4wMDAwQ0RUb3J2ZWxpbmhvXjAwMDAwMCwgcXVlIGFwYXJlY2VtIHBvciB2b2x0YSBkZXN0YSDDqXBvY2Eu,,W01hZXN0cm8gRmlkZW8gT3J6b10KUHVlZGVzIG9idGVuZXIgRmlkZW8gVGlyYWJ1esOzbiBhdHJhcGFuZG8gXjAwMDBDRFRvcmJlbGxpbm8gUGVxdWXDsW9eMDAwMDAwLCBxdWUgYXBhcmVjZW4gcG9yIGVzdGEgw6lwb2NhLg==
1kdsDQ,,W05vb2RsZSBBcnRpc2FuIE9yem9dCkJvdy10aWUgUGFzdGEgZ3JvdyBhdHRhY2hlZCB0byBeMDAwMENERGFuZHkgU3RhcnNeMDAwMDAwLCBzbyBnbyBoYXJ2ZXN0IHRoZW0u,,,,,W01lc3RyZSBNYWNhcnLDo28gT3J6b10KTWFjYXJyw6NvIEdyYXZhdGluaGEgcG9kZSBzZXIgY29saGlkbyBkZSBeMDAwMENERXN0cmVsaXRhXjAwMDAwMC4=,,W01hZXN0cm8gRmlkZW8gT3J6b10KTG9zIEZpZGVvIENvcmJhdGEgY3JlY2VuIHBlZ2Fkb3MgYSBsYXMgXjAwMDBDREVzdHJlbGxhcyBEYW5keV4wMDAwMDAsIGFzw60gcXVlIHZlIGEgY29zZWNoYXJsb3Mu
10dsDQ,,W05vb2RsZSBBcnRpc2FuIE9yem9dClRoaW4gTm9vZGxlcyBjYW4gYmUgcHVsbGVkIGZyb20gXjAwMDBDRFN3aW5nIFRhaWxeMDAwMDAwLCBzbyBicmluZyB0aG9zZS4=,,,,,W01lc3RyZSBNYWNhcnLDo28gT3J6b10KTWFjYXJyw6NvIFBhcmFmdXNvIHBvZGUgc2VyIGFycmFuY2FkbyBkZSBeMDAwMENEQWxnYS1DaGljb3RlXjAwMDAwMC4=,,W01hZXN0cm8gRmlkZW8gT3J6b10KTG9zIEZpZGVvcyBFc3BhZ3VldGkgc2UgcHVlZGVuIHNhY2FyIGRlIGxhcyBeMDAwMENEQWxnYSBPbmR1bGFudGVeMDAwMDAwLCBhc8OtIHF1ZSB0csOhZWxvcy4=
2EdsDQ,,W05vb2RsZSBBcnRpc2FuIE9yem9dCk1lYXRiYWxscyBhcmUgb2J0YWluZWQgZnJvbSBeMDAwMENETnlhaWxvXjAwMDAwMCB0aGF0IGxpdmUgaW4gTnlhaWwgQ2F2ZS4gU2VlIHRoZSBGZXN0aXZhbCBNYW5hZ2VyIHRvIGdvIHRvIE55YWlsIENhdmUu,,,,,W01lc3RyZSBNYWNhcnLDo28gT3J6b10KQWxtw7RuZGVnYXMgc8OjbyBvYnRpZGFzIGRlIF4wMDAwQ0RNYWNhcnJvbmV0YV4wMDAwMDAgcXVlIHZpdmVtIG5hIENhdmVybmEgTnlhaWwgZG8gTWFyIGRlIExhc2FnbmEuIFByb2N1cmUgbyBHZXJlbnRlIGRvIEZlc3RpdmFsIHBhcmEgaXIgcGFyYSBhIENhdmVybmEgTnlhaWwu,,W01hZXN0cm8gRmlkZW8gT3J6b10KTGFzIGFsYsOzbmRpZ2FzIHNlIG9idGllbmVuIGRlIGxvcyBeMDAwMENETnlhaWxvc14wMDAwMDAgcXVlIHZpdmVuIGVuIGxhIEN1ZXZhIGRlIE1pYXVsLiAKVmUgYWwgRGlyZWN0b3IgZGVsIEZlc3RpdmFsIHBhcmEgaXIgYSBsYSBDdWV2YSBkZSBNaWF1bC4=
2UdsDQ,,W05vb2RsZSBBcnRpc2FuIE9yem9dClRoZSB3YXRlcidzIGJvaWxpbmcsIHNvIGh1cnJ5IGJhY2sh,,,,,W01lc3RyZSBNYWNhcnLDo28gT3J6b10KQSDDoWd1YSBlc3TDoSBmZXJ2ZW5kbywgZW50w6NvIHZvbHRlIHLDoXBpZG8h,,W01hZXN0cm8gRmlkZW8gT3J6b10KwqFFbCBhZ3VhIGVzdMOhIGhpcnZpZW5kbywgYXPDrSBxdWUgZGF0ZSBwcmlzYSB5IHZ1ZWx2ZSE=
2kdsDQ,,W05vb2RsZSBBcnRpc2FuIE9yem9dCllvdSBsb29rIGJ1c3ksIGh1aD8gT2theSwgY29tZSBiYWNrIHdoZW4geW91J3JlIGZyZWUuIFRoZSBub29kbGVzIHdpbGwgYmUgd2FpdGluZyBmb3IgZXZlcnlvbmUh,,,,,W01lc3RyZSBNYWNhcnLDo28gT3J6b10KVm9jw6ogcGFyZWNlIG9jdXBhZG8sIGhlaW4/IE9rLCB2b2x0ZSBxdWFuZG8gZXN0aXZlciBsaXZyZS4gTyBtYWNhcnLDo28gZXN0YXLDoSBlc3BlcmFuZG8gcG9yIHRvZG9zIQ==,,W01hZXN0cm8gRmlkZW8gT3J6b10KUGFyZWNlcyBvY3VwYWRvLCDCv2VoPyAKQmllbiwgdnVlbHZlIGN1YW5kbyBlc3TDqXMgbGlicmUuIArCoUxvcyBmaWRlb3MgZXN0YXLDoW4gZXNwZXJhbmRvIGEgdG9kb3Mh
20dsDQ,,W05vb2RsZSBBcnRpc2FuIE9yem9dCllvdSBicm91Z2h0IHRoZSBub29kbGVzIGFuZCBNZWF0YmFsbHM/IFdoYXQgYSBmcmFncmFudCBhcm9tYSEgTm93IGl0J3MgdGltZSB0byBib2lsIHRoZSBub29kbGVzLiBCb2lsaW5nIHRoZW0gaW4gY2xlYW4gc2Vhd2F0ZXIgbWVhbnMgbm8gZXh0cmEgc2Vhc29uaW5nIGlzIG5lZWRlZH4=,,,,,W01lc3RyZSBNYWNhcnLDo28gT3J6b10KVm9jw6ogdHJvdXhlIG8gbWFjYXJyw6NvIGUgYSBBbG3DtG5kZWdhPyBRdWUgYXJvbWEgZnJhZ3JhbnRlISBBZ29yYSDDqSBob3JhIGRlIGZlcnZlciBvIG1hY2FycsOjby4gRmVydsOqLWxvcyBlbSDDoWd1YSBkbyBtYXIgbGltcGEgc2lnbmlmaWNhIHF1ZSBuZW5odW0gdGVtcGVybyBleHRyYSDDqSBuZWNlc3PDoXJpb34=,,W01hZXN0cm8gRmlkZW8gT3J6b10Kwr9UcmFqaXN0ZSBsb3MgZmlkZW9zIHkgbGFzIGFsYsOzbmRpZ2FzPyAKwqFRdcOpIGFyb21hIHRhbiBmcmFnYW50ZSEgCkFob3JhIGVzIGhvcmEgZGUgaGVydmlyIGxvcyBmaWRlb3MuIApIZXJ2aXJsb3MgZW4gYWd1YSBkZSBtYXIgbGltcGlhIHNpZ25pZmljYSBxdWUgbm8gc2UgbmVjZXNpdGEgY29uZGltZW50byBhZGljaW9uYWx+
3EdsDQ,,W05vb2RsZSBBcnRpc2FuIE9yem9dClRvZGF5J3Mgbm9vZGxlcyBmZWVsIGxpa2UgdGhleSdyZSBib2lsaW5nIHVwIHNvZnQgYW5kIHN0cm9uZ34=,,,,,W01lc3RyZSBNYWNhcnLDo28gT3J6b10KTyBtYWNhcnLDo28gZGUgaG9qZSBwYXJlY2UgcXVlIGVzdMOhIGZlcnZlbmRvIG1hY2lvIGUgZm9ydGV+,,W01hZXN0cm8gRmlkZW8gT3J6b10KTG9zIGZpZGVvcyBkZSBob3kgcGFyZWNlbiBlc3RhciBoaXJ2aWVuZG8gc3VhdmVzIHkgZmlybWVzfg==
3UdsDQ,,W05vb2RsZSBBcnRpc2FuIE9yem9dClBsb3AgcGxvcC4uLiBUaGV5J3JlIGRvbmUhIEFueSBsb25nZXIgYW5kIHRoZXknbGwgZ2V0IG11c2h5IQ==,,,,,W01lc3RyZSBNYWNhcnLDo28gT3J6b10KUGxvcCBwbG9wLi4uIEVzdMOjbyBwcm9udG9zISBTZSBmaWNhcmVtIG1haXMgdGVtcG8sIGZpY2Fyw6NvIGVtcGFwYWRvcyE=,,W01hZXN0cm8gRmlkZW8gT3J6b10KwqFQbG9wIHBsb3AgCllhIGVzdMOhbiBsaXN0b3MhIArCoVNpIGVzcGVyYW4gbcOhcywgc2UgcG9uZHLDoW4gYmxhbmRvcyE=
3kdsDQ,,W05vb2RsZSBBcnRpc2FuIE9yem9dCk5vdywgbWl4IHRoZW0gd2l0aCBhIGRlbGljaW91cyBzYXVjZX4=,,,,,W01lc3RyZSBNYWNhcnLDo28gT3J6b10KQWdvcmEsIG1pc3R1cmUtb3MgY29tIHVtIG1vbGhvIGRlbGljaW9zb34=,,W01hZXN0cm8gRmlkZW8gT3J6b10KQWhvcmEsIG3DqXpjbGFsb3MgY29uIHVuYSBkZWxpY2lvc2Egc2Fsc2F+
30dsDQ,,W05vb2RsZSBBcnRpc2FuIE9yem9dClRhLWRhISBBbGwgZG9uZSEh,,,,,W01lc3RyZSBNYWNhcnLDo28gT3J6b10KVGEtZMOhISBQcm9udGluaG8hIQ==,,W01hZXN0cm8gRmlkZW8gT3J6b10KwqFUYS1kw6EhIArCoUxpc3RvIQ==
4EdsDQ,,W05vb2RsZSBBcnRpc2FuIE9yem9dCkVuam95IHlvdXIgbWVhbCE=,,,,,W01lc3RyZSBNYWNhcnLDo28gT3J6b10KQm9tIGFwZXRpdGUh,,W01hZXN0cm8gRmlkZW8gT3J6b10KwqFCdWVuIHByb3ZlY2hvIQ==
4UdsDQ,,W05vb2RsZSBBcnRpc2FuIE9yem9dClRoaXMgeWVhciwgSSB0cmllZCBtYWtpbmcgYSBzcGVjaWFsIHNveSBzYXVjZSBtaXhlZCBub29kbGUgZGlzaOKAlEkgd29uZGVyIGhvdyBpdCdsbCB0dXJuIG91dC4gT2YgY291cnNlLCBpdCdsbCBiZSBkZWxpY2lvdXMuIEVuam95IQ==,,,,,W01lc3RyZSBNYWNhcnLDo28gT3J6b10KRXN0ZSBhbm8sIHRlbnRlaSBmYXplciB1bSBwcmF0byBlc3BlY2lhbCBkZSBtYWNhcnLDo28gbWlzdHVyYWRvIGNvbSBtb2xobyBkZSBzb2ph4oCUcXVlcm8gdmVyIGNvbW8gdmFpIGZpY2FyLiBDbGFybywgdmFpIGVzdGFyIGRlbGljaW9zby4gQXByb3ZlaXRlIQ==,,W01hZXN0cm8gRmlkZW8gT3J6b10KRXN0ZSBhw7FvLCBpbnRlbnTDqSBoYWNlciB1biBwbGF0byBlc3BlY2lhbCBkZSBmaWRlb3MgbWV6Y2xhZG9zIGNvbiBzYWxzYSBkZSBzb2phLCBtZSBwcmVndW50byBjw7NtbyBxdWVkYXLDoS4gClBvciBzdXB1ZXN0bywgZXN0YXLDoSBkZWxpY2lvc28uIMKhRGlzZnJ1dGEh
4kdsDQ,,SSd2ZSBzdGFtcGVkIHlvdXIgZXZlbnQgcGFydGljaXBhdGlvbiE=,,,,,Q2FyaW1iZWkgc3VhIHBhcnRpY2lwYcOnw6NvIG5vIGV2ZW50byE=,,wqFIZSBzZWxsYWRvIHR1IHBhcnRpY2lwYWNpw7NuIGVuIGVsIGV2ZW50byE=
40dsDQ,,VWguLi4geW91J3ZlIGNvbXBsZXRlZCBhbGwgb2YgdG9kYXkncyBldmVudHM/ClRoZW4geW91IHNob3VsZCBnbyB0byA8TkFWST5bQ291cG9uIFJlY2VwdGlvbl08SU5GTz5sYXNhZ25hLDgzLDIwNiwwLDEwMSwwLDwvSU5GTz48L05BVkk+IQ==,,,,,VWguLi4gdm9jw6ogY29tcGxldG91IHRvZG9zIG9zIGV2ZW50b3MgZGUgaG9qZT8KRW50w6NvIHZvY8OqIGRldmUgaXIgYW8gPE5BVkk+W1JlY2Vww6fDo28gZGUgQ3Vwb25zXTxJTkZPPmxhc2FnbmEsODMsMjA2LDAsMTAxLDAsPC9JTkZPPjwvTkFWST4h,,VWguLi4gwr9jb21wbGV0YXN0ZSB0b2RvcyBsb3MgZXZlbnRvcyBkZSBob3k/CsKhRW50b25jZXMgZGViZXLDrWFzIGlyIGFsIDxOQVZJPltSZWNlcGNpb25pc3RhIGRlIEN1cG9uZXNdPElORk8+bGFzYWduYSw4MywyMDYsMCwxMDEsMCw8L0lORk8+PC9OQVZJPiE=
5EdsDQ,,W05vb2RsZSBBcnRpc2FuIE9yem9dClVoLi4uIGJ1dCB0aGUgY29pbnMgd29uJ3QgZml0IGluIHlvdXIgaW52ZW50b3J5Li4uIFlvdSd2ZSBnb3QgdG9vIG11Y2ggc3R1ZmY/IEVtcHR5IGl0IG91dCBhbmQgY29tZSBiYWNrLg==,,,,,W01lc3RyZSBNYWNhcnLDo28gT3J6b10KVWguLi4gbWFzIGFzIG1vZWRhcyBuw6NvIGNhYmVtIG5vIHNldSBpbnZlbnTDoXJpby4uLiBWb2PDqiBlc3TDoSBjb20gbXVpdGFzIGNvaXNhcz8gRXN2YXppZSBlIHZvbHRlLg==,,W01hZXN0cm8gRmlkZW8gT3J6b10KVWguLi4gcGVybyBsYXMgbW9uZWRhcyBubyBjYWJlbiBlbiB0dSBpbnZlbnRhcmlvLi4uIArCv1RpZW5lcyBkZW1hc2lhZGFzIGNvc2FzPyAKVmFjw61hbG8geSB2dWVsdmUu
5UdsDQ,,W05vb2RsZSBBcnRpc2FuIE9yem9dCllvdSdyZSBiYWNrPyBCdXQgSSBkb24ndCBzbWVsbCBhbnl0aGluZy4gQnJpbmcgbWUgXjAwMDBDRDUgU3BhZ2hldHRpIFBhc3RhXjAwMDAwMCBmcm9tIF4wMDAwQ0RTbWFsbCBXaGlybHBvb2xzXjAwMDAwMCwgXjAwMDBDRDUgQm93LXRpZSBQYXN0YV4wMDAwMDAgZnJvbSBeMDAwMENERGFuZHkgU3RhcnNeMDAwMDAwLCBeMDAwMENENSBUaGluIE5vb2RsZXNeMDAwMDAwIGZyb20gXjAwMDBDRFN3aW5nIFRhaWxzXjAwMDAwMCwgYW5kIF4wMDAwQ0QxIE1lYXRiYWxsXjAwMDAwMCwgYW5kIEknbGwgbWFrZSB5b3UgZGVsaWNpb3VzIG5vb2RsZXMuIEdvIG9uIQ==,,,,,W01lc3RyZSBNYWNhcnLDo28gT3J6b10KVm9jw6ogdm9sdG91PyBNYXMgbsOjbyBzaW50byBjaGVpcm8gZGUgbmFkYS4gVHJhZ2EtbWUgXjAwMDBDRDUgTWFjYXJyw6NvIEVzcGFndWV0ZV4wMDAwMDAgZGUgXjAwMDBDRFRvcnZlbGluaG9eMDAwMDAwLCBeMDAwMENENSBNYWNhcnLDo28gR3JhdmF0aW5oYV4wMDAwMDAgZGUgXjAwMDBDREVzdHJlbGl0YXNeMDAwMDAwLCBeMDAwMENENSBNYWNhcnLDo28gUGFyYWZ1c29eMDAwMDAwIGRlIF4wMDAwQ0RBbGdhLUNoaWNvdGVeMDAwMDAwIGUgXjAwMDBDRDEgQWxtw7RuZGVnYV4wMDAwMDAsIGUgZXUgZmFyZWkgdW0gbWFjYXJyw6NvIGRlbGljaW9zby4gVsOhIGxvZ28h,,W01hZXN0cm8gRmlkZW8gT3J6b10Kwr9Wb2x2aXN0ZT8gClBlcm8gbm8gaHVlbG8gbmFkYS4gClRyw6FlbWUgXjAwMDBDRDUgRmlkZW8gVGlyYWJ1esOzbl4wMDAwMDAgZGUgbG9zIF4wMDAwQ0RUb3JiZWxsaW5vIFBlcXVlw7FvXjAwMDAwMCwgXjAwMDBDRDUgRmlkZW8gQ29yYmF0YV4wMDAwMDAgZGUgbGFzIF4wMDAwQ0RFc3RyZWxsYXMgRGFuZHleMDAwMDAwLCBeMDAwMENENSBGaWRlb3MgRXNwYWd1ZXRpXjAwMDAwMCBkZSBsYXMgXjAwMDBDREFsZ2EgT25kdWxhbnRlXjAwMDAwMCB5IF4wMDAwQ0QxIEFsYsOzbmRpZ2FeMDAwMDAwLCB5IHRlIGhhcsOpIHVub3MgZGVsaWNpb3NvcyBmaWRlb3MuIArCoVZhbW9zIQ==
5kdsDQ,,W05vb2RsZSBBcnRpc2FuIE9yem9dCllvdSBjYW1lIGJhY2sgZm9yIG1vcmUgbm9vZGxlcz8gVGhleSdyZSByZWFsbHkgZ29vZCwgYXJlbid0IHRoZXk/IEEgdGFzdGUgeW91IGNhbid0IGZvcmdldCBvbmNlIHlvdSd2ZSBoYWQgaXR+IFNvLCB3b3VsZCB5b3UgbGlrZSBtZSB0byBtYWtlIHNvbWUgYWdhaW4gdG9kYXk/,,,,,W01lc3RyZSBNYWNhcnLDo28gT3J6b10KVm9jw6ogdm9sdG91IHBhcmEgbWFpcyBtYWNhcnLDo28/IEVsZXMgc8OjbyByZWFsbWVudGUgYm9ucywgbsOjbyBzw6NvPyBVbSBzYWJvciBxdWUgdm9jw6ogbsOjbyBlc3F1ZWNlIGRlcG9pcyBxdWUgcHJvdmF+IEVudMOjbywgZ29zdGFyaWEgcXVlIGV1IGZpemVzc2UgbWFpcyBob2plPw==,,W01hZXN0cm8gRmlkZW8gT3J6b10Kwr9Wb2x2aXN0ZSBwb3IgbcOhcyBmaWRlb3M/IApTb24gcmVhbG1lbnRlIGJ1ZW5vcywgwr92ZXJkYWQ/IApVbiBzYWJvciBxdWUgbm8gc2Ugb2x2aWRhIHVuYSB2ZXogcXVlIGxvIHBydWViYXN+IApFbnRvbmNlcywgwr90ZSBndXN0YXLDrWEgcXVlIGhpY2llcmEgbcOhcyBob3k/
50dsDQ,,UGFydGljaXBhdGUgaW4gTm9vZGxlIEV2ZW50Lg==,,,,,UGFydGljaXBhciBkbyBFdmVudG8gZG8gTWFjYXJyw6NvLg==,,UGFydGljaXBhciBlbiBlbCBFdmVudG8gZGUgRmlkZW9zLg==
6EdsDQ,,SSB3b24ndCBwYXJ0aWNpcGF0ZS4=,,,,,TsOjbyB2b3UgcGFydGljaXBhci4=,,Tm8gcGFydGljaXBhcsOpLg==
6UdsDQ,,W05vb2RsZSBBcnRpc2FuIE9yem9dCkJyaW5nIG1lIF4wMDAwQ0Q1IFNwYWdoZXR0aSBQYXN0YSwgNSBCb3ctdGllIFBhc3RhLCA1IFRoaW4gTm9vZGxlcywgYW5kIDEgTWVhdGJhbGxeMDAwMDAwIHRvZGF5LCBhbmQgSSdsbCBtYWtlIHlvdSBub29kbGVzIG9uIHRoZSBzcG90IQ==,,,,,W01lc3RyZSBNYWNhcnLDo28gT3J6b10KVHJhZ2EtbWUgXjAwMDBDRDUgTWFjYXJyw6NvIEVzcGFndWV0ZSwgNSBNYWNhcnLDo28gR3JhdmF0aW5oYSwgNSBNYWNhcnLDo28gUGFyYWZ1c28gZSAxIEFsbcO0bmRlZ2FeMDAwMDAwIGhvamUsIGUgZmFyZWkgbWFjYXJyw6NvIG5hIGhvcmEh,,W01hZXN0cm8gRmlkZW8gT3J6b10KVHLDoWVtZSBeMDAwMENENSBGaWRlbyBUaXJhYnV6w7NuLCA1IEZpZGVvIENvcmJhdGEsIDUgIEZpZGVvcyBFc3BhZ3VldGkgeSAxIEFsYsOzbmRpZ2FeMDAwMDAwIGhveSwgeSB0ZSBoYXLDqSBmaWRlb3MgYWwgaW5zdGFudGUh
6kdsDQ,,W05vb2RsZSBBcnRpc2FuIE9yem9dCkdvdCBpdC4gVGhlcmUgYXJlIHBsZW50eSBvZiBvdGhlciB0aGluZ3MgdG8gc2VlIGFuZCBlYXQsIHNvIGxvb2sgYXJvdW5kIQ==,,,,,W01lc3RyZSBNYWNhcnLDo28gT3J6b10KRW50ZW5kaWRvLiBIw6EgbXVpdGFzIG91dHJhcyBjb2lzYXMgcGFyYSB2ZXIgZSBjb21lciwgZW50w6NvIGTDqiB1bWEgb2xoYWRhIQ==,,W01hZXN0cm8gRmlkZW8gT3J6b10KRW50ZW5kaWRvLiAKSGF5IG11Y2hhcyBvdHJhcyBjb3NhcyBwYXJhIHZlciB5IGNvbWVyLCDCoWFzw60gcXVlIGVjaGEgdW4gdmlzdGF6byE=
60dsDQ,,W05vb2RsZSBBcnRpc2FuIE9yem9dCkh1aD8gWW91IGNhbWUgYmFjayBmb3IgbW9yZSBub29kbGVzPyBCdXQgSSdtIGluIHRoZSBtaWRkbGUgb2YgY2xlYW5pbmcgdXAgcmlnaHQgbm93Li4u,,,,,W01lc3RyZSBNYWNhcnLDo28gT3J6b10KSMOjPyBWb2PDqiB2b2x0b3UgcGFyYSBtYWlzIG1hY2FycsOjbz8gTWFzIGVzdG91IG5vIG1laW8gZGEgbGltcGV6YSBhZ29yYS4uLg==,,W01hZXN0cm8gRmlkZW8gT3J6b10Kwr9FaD8gCsK/Vm9sdmlzdGUgcG9yIG3DoXMgZmlkZW9zPyAKUGVybyBlc3RveSBlbiBtZWRpbyBkZSBsYSBsaW1waWV6YSBhaG9yYSBtaXNtby4uLg==
7EdsDQ,,W05vb2RsZSBBcnRpc2FuIE9yem9dCkhvd2V2ZXIsIGlmIHlvdSBoYXZlIDxJVEVNPltOeWFuZ3ZpbmVdPElORk8+NjkwOTwvSU5GTz48L0lURU0+LCBJIGNvdWxkIGdldCBteSBoZWxwZXJzIHRvIGZpbmlzaCBjbGVhbmluZyBmYXN0ZXIuIFdvdWxkIHlvdSBiZSB3aWxsaW5nIHRvIGdpdmUgbWUgc29tZSBOeWFuZ3ZpbmU/,,,,,W01lc3RyZSBNYWNhcnLDo28gT3J6b10KTm8gZW50YW50bywgc2Ugdm9jw6ogdGl2ZXIgPElURU0+W0ZydXRhIE1pYXVNaWF1XTxJTkZPPjY5MDk8L0lORk8+PC9JVEVNPiwgcG9zc28gZmF6ZXIgbWV1cyBhanVkYW50ZXMgdGVybWluYXJlbSBhIGxpbXBlemEgbWFpcyByw6FwaWRvLiBWb2PDqiBnb3N0YXJpYSBkZSBtZSBkYXIgYWxndW1hcyBGcnV0YXMgTWlhdU1pYXU/,,W01hZXN0cm8gRmlkZW8gT3J6b10KU2luIGVtYmFyZ28sIHNpIHRpZW5lcyA8SVRFTT5bTWlhdWZydXRvXTxJTkZPPjY5MDk8L0lORk8+PC9JVEVNPiwgcG9kcsOtYSBoYWNlciBxdWUgbWlzIGF5dWRhbnRlcyB0ZXJtaW5lbiBkZSBsaW1waWFyIG3DoXMgcsOhcGlkbwrCv0VzdGFyw61hcyBkaXNwdWVzdG8gYSBkYXJtZSBhbGd1bmFzIE1pYXVmcnV0bz8=
7UdsDQ,,XkVFMDAwMFVzaW5nIDEgTnlhbmd2aW5lIHdpbGwgcmVzZXQgdGhlIGRhaWx5IHF1ZXN0IGNvb2xkb3duLl4wMDAwMDAKXkVFMDAwMFRoZSBleGNoYW5nZWQgaXRlbXMgYXJlIG5vdCBzdWJqZWN0IHRvIHdpdGhkcmF3YWwsIGFuZCB0aGV5IGNhbm5vdCBiZSByZS1leGNoYW5nZWQgZm9yIE55YW5ndmluZS4gRG8geW91IHdpc2ggdG8gY29udGludWU/XjAwMDAwMA==,,,,,XkVFMDAwMFVzYXIgMSBGcnV0YSBNaWF1TWlhdSBpcsOhIHJlZGVmaW5pciBvIHRlbXBvIGRlIHJlY2FyZ2EgZGEgbWlzc8OjbyBkacOhcmlhLl4wMDAwMDAKXkVFMDAwME9zIGl0ZW5zIHRyb2NhZG9zIG7Do28gZXN0w6NvIHN1amVpdG9zIGEgZGV2b2x1w6fDo28gZSBuw6NvIHBvZGVtIHNlciB0cm9jYWRvcyBub3ZhbWVudGUgcG9yIEZydXRhcyBNaWF1TWlhdS4gRGVzZWphIGNvbnRpbnVhcj9eMDAwMDAw,,XkVFMDAwMFVzYXIgMSBNaWF1ZnJ1dG8gcmVpbmljaWFyw6EgZWwgdGllbXBvIGRlIHJldXRpbGl6YWNpw7NuIGRlIGxhIG1pc2nDs24gZGlhcmlhLl4wMDAwMDAKXkVFMDAwMExvcyBvYmpldG9zIGludGVyY2FtYmlhZG9zIG5vIGVzdMOhbiBzdWpldG9zIGEgZGV2b2x1Y2nDs24geSBubyBzZSBwdWVkZW4gdm9sdmVyIGEgaW50ZXJjYW1iaWFyIHBvciBNaWF1ZnJ1dG8uIArCv0Rlc2VhcyBjb250aW51YXI/XjAwMDAwMA==
7kdsDQ,,SSdsbCBnaXZlIHlvdSBOeWFuZ3ZpbmUu,,,,,Vm91IHRlIGRhciBGcnV0YXMgTWlhdU1pYXUu,,VGUgZGFyw6kgTWlhdWZydXRvLg==
70dsDQ,,XkFBQUFBQUknbGwgZ2l2ZSB5b3UgTnlhbmd2aW5lLiAtIEluc3VmZmljaWVudCBxdWFudGl0eV4wMDAwMDA=,,,,,XkFBQUFBQVZvdSB0ZSBkYXIgRnJ1dGFzIE1pYXVNaWF1LiAtIFF1YW50aWRhZGUgaW5zdWZpY2llbnRlXjAwMDAwMA==,,XkFBQUFBQVRlIGRhcsOpIE1pYXVmcnV0by4gLSBDYW50aWRhZCBpbnN1ZmljaWVudGVeMDAwMDAw
8EdsDQ,,SSdsbCBjb21lIGJhY2sgYWZ0ZXIgbWlkbmlnaHQu,,,,,Vm9sdGFyZWkgZGVwb2lzIGRhIG1laWEtbm9pdGUu,,Vm9sdmVyw6kgZGVzcHXDqXMgZGUgbGEgbWVkaWFub2NoZS4=
8UdsDQ,,W05vb2RsZSBBcnRpc2FuIE9yem9dCkFscmlnaHQgdGhlbi4gSSdsbCBoYXZlIHRoaW5ncyByZWFkeSwgc28gY29tZSBiYWNrIGFmdGVyIG1pZG5pZ2h0Lg==,,,,,W01lc3RyZSBNYWNhcnLDo28gT3J6b10KVHVkbyBiZW0gZW50w6NvLiBEZWl4YXJlaSBhcyBjb2lzYXMgcHJvbnRhcywgZW50w6NvIHZvbHRlIGRlcG9pcyBkYSBtZWlhLW5vaXRlLg==,,W01hZXN0cm8gRmlkZW8gT3J6b10KRGUgYWN1ZXJkby4gClRlbmRyw6kgbGFzIGNvc2FzIGxpc3RhcywgYXPDrSBxdWUgdnVlbHZlIGRlc3B1w6lzIGRlIGxhIG1lZGlhbm9jaGUu
8kdsDQ,,W05vb2RsZSBBcnRpc2FuIE9yem9dClRhLWRhISBBbGwgY2xlYW5lZCB1cCE=,,,,,W01lc3RyZSBNYWNhcnLDo28gT3J6b10KVGEtZMOhISBUdWRvIGxpbXBvIQ==,,W01hZXN0cm8gRmlkZW8gT3J6b10KwqFUYS1kw6EhIArCoVRvZG8gbGltcGlvIQ==
80dsDQ,,W05vb2RsZSBBcnRpc2FuIE9yem9dClNvLCBicmluZyBtZSBeMDAwMENENSBTcGFnaGV0dGkgUGFzdGEsIDUgQm93LXRpZSBQYXN0YSwgNSBUaGluIE5vb2RsZXMsIGFuZCAxIE1lYXRiYWxsXjAwMDAwMCB0b2RheSwgYW5kIEknbGwgbWFrZSB5b3Ugbm9vZGxlcyBvbiB0aGUgc3BvdCE=,,,,,W01lc3RyZSBNYWNhcnLDo28gT3J6b10KRW50w6NvLCB0cmFnYS1tZSBeMDAwMENENSBNYWNhcnLDo28gRXNwYWd1ZXRlLCA1IE1hY2FycsOjbyBHcmF2YXRpbmhhLCA1IE1hY2FycsOjbyBQYXJhZnVzbyBlIDEgQWxtw7RuZGVnYV4wMDAwMDAgaG9qZSwgZSBmYXJlaSBtYWNhcnLDo28gbmEgaG9yYSE=,,W01hZXN0cm8gRmlkZW8gT3J6b10KRW50b25jZXMsIHRyw6FlbWUgXjAwMDBDRDUgRmlkZW8gVGlyYWJ1esOzbiwgNSBGaWRlb3MgRXNwYWd1ZXRpLCA1IEZpZGVvIENvcmJhdGEgeSAxIEFsYsOzbmRpZ2FeMDAwMDAwIGhveSwgeSB0ZSBoYXLDqSBmaWRlb3MgYWwgaW5zdGFudGUh
9EdsDQ,,W05vb2RsZSBBcnRpc2FuIE9yem9dCkJ1dCBJIGRvbid0IHNlZSBhbnkgTnlhbmd2aW5lLiBDaGVjayBhbmQgY29tZSBiYWNrLg==,,,,,W01lc3RyZSBNYWNhcnLDo28gT3J6b10KTWFzIG7Do28gdmVqbyBuZW5odW1hIEZydXRhIE1pYXVNaWF1LiBWZXJpZmlxdWUgZSB2b2x0ZS4=,,W01hZXN0cm8gRmlkZW8gT3J6b10KUGVybyBubyB2ZW8gbmluZ3VuYSBNaWF1ZnJ1dG8uIApSZXZpc2EgeSB2dWVsdmUu
9UdsDQ,,W05vb2RsZSBBcnRpc2FuIE9yem9dCkhvdyBhYm91dCBzb21lIGRlbGljaW91cyBub29kbGVzPyBCb2lsZWQgcmlnaHQgaW4gY2xlYW4gc2Vhd2F0ZXIgYW5kIHRvc3NlZCBpbiBhIGZyZXNoIHNhdWNl4oCUdGhhdCB0YXN0ZSEgVGFrZSBhIGJvd2wgd2l0aCB5b3Uh,,,,,W01lc3RyZSBNYWNhcnLDo28gT3J6b10KUXVlIHRhbCB1bSBkZWxpY2lvc28gbWFjYXJyw6NvPyBGZXJ2aWRvIG5hIMOhZ3VhIGRvIG1hciBsaW1wYSBlIG1pc3R1cmFkbyBjb20gdW0gbW9saG8gZnJlc2Nv4oCUZXNzZSBzYWJvciEgTGV2ZSB1bWEgdGlnZWxhIGNvbSB2b2PDqiE=,,W01hZXN0cm8gRmlkZW8gT3J6b10Kwr9RdcOpIHRhbCB1bm9zIGRlbGljaW9zb3MgZmlkZW9zPyAKSGVydmlkb3MgZW4gYWd1YSBkZSBtYXIgbGltcGlhIHkgbWV6Y2xhZG9zIGNvbiB1bmEgc2Fsc2EgZnJlc2NhIMKhZXNlIHNhYm9yISAKwqFMbGV2YSB1biBwbGF0byBjb250aWdvIQ==
9kdsDQ,,SGVscGVyIFJhbWk=,,,,,QWp1ZGFudGUgUmFtaQ==,,QXl1ZGFudGUgUmFtaQ==
90dsDQ,,SG93IGFib3V0IHNvbWUgcmVmcmVzaGluZyBXYXRlcm1lbG9uIFB1ZGRpbmc/,,,,,UXVlIHRhbCB1bSByZWZyZXNjYW50ZSBQdWRpbSBkZSBNZWxhbmNpYT8=,,wr9RdcOpIHRhbCB1biByZWZyZXNjYW50ZSBQdWTDrW4gZGUgU2FuZMOtYT8=
+EdsDQ,,W0hlbHBlciBSYW1pXQpIZWxsbz8gSXQncyByZWFsbHkgaG90LCBpc24ndCBpdD8gT24gZGF5cyBsaWtlIHRoaXMsIEkgd2lzaCB0aGUgc2VhIGJyZWV6ZSB3b3VsZCBibG93LiBJbiB0aGlzIGhlYXQsIHlvdSBtdXN0IGJlIGxvbmdpbmcgZm9yIGEgY29vbCBicmVlemUgdG8gYmVhdCB0aGUgc3dlYXQsIHJpZ2h0Pw==,,,,,W0FqdWRhbnRlIFJhbWldCk9sw6E/IEVzdMOhIHJlYWxtZW50ZSBxdWVudGUsIG7Do28gZXN0w6E/IEVtIGRpYXMgYXNzaW0sIGRlc2VqbyBxdWUgYSBicmlzYSBkbyBtYXIgc29wcmUuIENvbSBlc3RlIGNhbG9yLCB2b2PDqiBkZXZlIGVzdGFyIGFuc2lhbmRvIHBvciB1bWEgYnJpc2EgZnJlc2NhIHBhcmEgY29tYmF0ZXIgbyBzdW9yLCBjZXJ0bz8=,,W0F5dWRhbnRlIFJhbWldCsK/SG9sYT8gCkhhY2UgbXVjaG8gY2Fsb3IsIMK/dmVyZGFkPyAKRW4gZMOtYXMgY29tbyBlc3RlLCBkZXNlYXLDrWEgcXVlIHNvcGxhcmEgbGEgYnJpc2EgZGVsIG1hci4gCkNvbiBlc3RlIGNhbG9yLCBkZWJlcyBlc3RhciBhbmhlbGFuZG8gdW5hIGJyaXNhIGZyZXNjYSBwYXJhIHF1aXRhcnRlIGVsIHN1ZG9yLCDCv25vPw==
+UdsDQ,,W0hlbHBlciBSYW1pXQpBZnRlciBhIGJvd2wgb2Ygbm9vZGxlcywgaG93IGFib3V0IHNvbWUgc3dlZXQgYW5kIHJlZnJlc2hpbmcgXjAwMDBDRFdhdGVybWVsb24gUHVkZGluZ14wMDAwMDA/,,,,,W0FqdWRhbnRlIFJhbWldCkRlcG9pcyBkZSB1bWEgdGlnZWxhIGRlIG1hY2FycsOjbywgcXVlIHRhbCB1bSBkb2NlIGUgcmVmcmVzY2FudGUgXjAwMDBDRFB1ZGltIGRlIE1lbGFuY2lhXjAwMDAwMD8=,,W0F5dWRhbnRlIFJhbWldCkRlc3B1w6lzIGRlIHVuIHBsYXRvIGRlIGZpZGVvcywgwr9xdcOpIHRhbCB1biBkdWxjZSB5IHJlZnJlc2NhbnRlIF4wMDAwQ0RQdWTDrW4gZGUgU2FuZMOtYV4wMDAwMDA/
+kdsDQ,,W0hlbHBlciBSYW1pXQpIYXZlIHlvdSByZWNlaXZlZCBhIF4wMDAwQ0RGZXN0aXZhbCBGYW5eMDAwMDAwIGZyb20gb3VyIHByb21vdGVycyBpbiB0aGUgbWFqb3IgY2l0aWVzPyBJdCBoYXMgYSBmYWludCB3YXRlcm1lbG9uIHNjZW50LCBkb2Vzbid0IGl0PyBUaGUgc2VjcmV0IGlzIHRoYXQgd2UgYnVyeSB0aGUgZmFucyBiZXR3ZWVuIHRoZSB3YXRlcm1lbG9ucy4=,,,,,W0FqdWRhbnRlIFJhbWldClZvY8OqIHJlY2ViZXUgdW0gXjAwMDBDRExlcXVlIGRvIEZlc3RpdmFsXjAwMDAwMCBkb3Mgbm9zc29zIHByb21vdG9yZXMgbmFzIHByaW5jaXBhaXMgY2lkYWRlcz8gVGVtIHVtIGxldmUgY2hlaXJvIGRlIG1lbGFuY2lhLCBuw6NvIHRlbT8gTyBzZWdyZWRvIMOpIHF1ZSBlbnRlcnJhbW9zIG9zIGxlcXVlcyBlbnRyZSBhcyBtZWxhbmNpYXMu,,W0F5dWRhbnRlIFJhbWldCsK/SGFzIHJlY2liaWRvIHVuIF4wMDAwQ0RBYmFuaWNvIFByb21vY2lvbmFsXjAwMDAwMCBkZSBudWVzdHJvcyBwcm9tb3RvcmVzIGVuIGxhcyBjaXVkYWRlcyBwcmluY2lwYWxlcz8gClRpZW5lIHVuIGxpZ2VybyBhcm9tYSBhIHNhbmTDrWEsIMK/dmVyZGFkPyAKRWwgc2VjcmV0byBlcyBxdWUgZW50ZXJyYW1vcyBsb3MgYWJhbmljb3MgZW50cmUgbGFzIHNhbmTDrWFzLg==
+0dsDQ,,W0hlbHBlciBSYW1pXQpHbyBmaW5kIHRoZSBeMDAwMENERmVzdGl2YWwgRmFuXjAwMDAwMCBidXJpZWQgaW4gdGhlIHdhdGVybWVsb24gcGF0Y2ghIEJyaW5nIF4wMDAwQ0QxMF4wMDAwMDAgb2YgdGhlbSwgYW5kIEknbGwgZ2l2ZSB5b3UgZGVsaWNpb3VzIF4wMDAwQ0RXYXRlcm1lbG9uIFB1ZGRpbmcgYW5kIEZlc3RpdmFsIENvaW5zXjAwMDAwMCE=,,,,,W0FqdWRhbnRlIFJhbWldClbDoSBlbmNvbnRyYXIgb3MgXjAwMDBDRExlcXVlIGRvIEZlc3RpdmFsXjAwMDAwMCBlbnRlcnJhZG9zIG5vIGNhbXBvIGRlIG1lbGFuY2lhcyEgVHJhZ2EgXjAwMDBDRDEwXjAwMDAwMCBkZWxlcyBlIHRlIGRhcmVpIHVtIGRlbGljaW9zbyBeMDAwMENEUHVkaW0gZGUgTWVsYW5jaWEgZSBNb2VkYSBSYXZpb2xpXjAwMDAwMCE=,,W0F5dWRhbnRlIFJhbWldCsKhVmUgYSBidXNjYXIgbG9zIF4wMDAwQ0RBYmFuaWNvIGRlbCBGZXN0aXZhbF4wMDAwMDAgZW50ZXJyYWRvcyBlbiBlbCBjYW1wbyBkZSBzYW5kw61hcyEgClRyYWUgXjAwMDBDRDEwXjAwMDAwMCBkZSBlbGxvcywgeSB0ZSBkYXLDqSB1biBkZWxpY2lvc28gXjAwMDBDREZsYW4gZGUgU2FuZMOtYSB5IE1vbmVkYXMgZGVsIEZlc3RpdmFsXjAwMDAwMCE=
/EdsDQ,,SSBsb3ZlIHdhdGVybWVsb24h,,,,,QWRvcm8gbWVsYW5jaWEh,,wqFNZSBlbmNhbnRhIGxhIHNhbmTDrWEh
/UdsDQ,,SSdsbCBsb29rIGFyb3VuZCBmaXJzdC4=,,,,,Vm91IGRhciB1bWEgb2xoYWRhIHByaW1laXJvLg==,,UHJpbWVybyB2b3kgYSBtaXJhci4=
/kdsDQ,,W0hlbHBlciBSYW1pXQpeMDAwMENEUmlwZSBXYXRlcm1lbG9uc14wMDAwMDAgY2FuIGJlIGZvdW5kIGluIF4wMDAwQ0ROeWFpbCBDYXZlXjAwMDAwMCBhbmQgYWxsIG92ZXIgXjAwMDBDRExhc2FnbmFeMDAwMDAwLiBXaGVuIHlvdSBmaW5kIG9uZSwgc21hc2ggaXQgb3BlbuKAlHBvcCwgdGh3YWNrLCBjcmFjayEgSXQncyBncmVhdCBmb3IgcmVsaWV2aW5nIHN0cmVzcyBhbmQgZmluZGluZyBmYW5zIQ==,,,,,W0FqdWRhbnRlIFJhbWldCl4wMDAwQ0RNZWxhbmNpYXNeMDAwMDAwIHBvZGVtIHNlciBlbmNvbnRyYWRhcyBuYSBeMDAwMENEQ2F2ZXJuYSBOeWFpbF4wMDAwMDAgZSBwb3IgdG9kYSBeMDAwMENETGFzYWduYV4wMDAwMDAuIFF1YW5kbyBlbmNvbnRyYXIgdW1hLCBxdWVicmUtYeKAlHBvcCwgdGh3YWNrLCBjcmFjayEgw4kgw7N0aW1vIHBhcmEgYWxpdmlhciBvIGVzdHJlc3NlIGUgZW5jb250cmFyIGxlcXVlcyE=,,W0F5dWRhbnRlIFJhbWldCkxhcyBeMDAwMENEU2FuZMOtYXMgTWFkdXJhc14wMDAwMDAgc2UgcHVlZGVuIGVuY29udHJhciBlbiBsYSBeMDAwMENEQ3VldmEgZGUgTWlhdWxeMDAwMDAwIHkgcG9yIHRvZGEgXjAwMDBDRExhc2FnbmFeMDAwMDAwLiAKQ3VhbmRvIGVuY3VlbnRyZXMgdW5hLCByw7NtcGVsYSDCoXBvcCwgemFzLCBjcmFjayEgCsKhRXMgZ2VuaWFsIHBhcmEgYWxpdmlhciBlbCBlc3Ryw6lzIHkgZW5jb250cmFyIGFiYW5pY29zIQ==
/0dsDQ,,W0hlbHBlciBSYW1pXQpPa2F5LCB0YWtlIGEgbG9vayBhcm91bmQuIEJ1dCBJIGhhdmUgYSBmZWVsaW5nIHdlJ2xsIG1lZXQgYWdhaW4gc29vbiE=,,,,,W0FqdWRhbnRlIFJhbWldCk9rLCBkw6ogdW1hIG9saGFkYS4gTWFzIHRlbmhvIGEgc2Vuc2HDp8OjbyBkZSBxdWUgbm9zIGVuY29udHJhcmVtb3MgZW0gYnJldmUh,,W0F5dWRhbnRlIFJhbWldCkJpZW4sIGVjaGEgdW4gdmlzdGF6by4gCsKhUGVybyB0ZW5nbyBsYSBzZW5zYWNpw7NuIGRlIHF1ZSBub3MgdmVyZW1vcyBwcm9udG8h
AEhsDQ,,W0hlbHBlciBSYW1pXQpZb3UgYnJvdWdodCB0aGUgZmFucyEgSGVyZSwgdHJ5IHNvbWUgY29vbCBXYXRlcm1lbG9uIFB1ZGRpbmchIElmIHlvdSBwYXJ0aWNpcGF0ZSBldmVyeSBkYXksIHlvdSdsbCBnZXQgZ3JlYXQgc291dmVuaXJzIHRvbywgc28gbWFrZSBzdXJlIHRvIGpvaW4gaW4gZXZlcnkgc2luZ2xlIGRheSEgUHJvbWlzZSE=,,,,,W0FqdWRhbnRlIFJhbWldClZvY8OqIHRyb3V4ZSBvcyBsZXF1ZXMhIEFxdWksIGV4cGVyaW1lbnRlIHVtIFB1ZGltIGRlIE1lbGFuY2lhIGdlbGFkbyEgU2Ugdm9jw6ogcGFydGljaXBhciB0b2RvcyBvcyBkaWFzLCB0YW1iw6ltIGdhbmhhcsOhIMOzdGltYXMgbGVtYnJhbsOnYXMsIGVudMOjbyBjZXJ0aWZpcXVlLXNlIGRlIHBhcnRpY2lwYXIgdG9kb3Mgb3MgZGlhcyEgUHJvbWV0ZSE=,,W0F5dWRhbnRlIFJhbWldCsKhVHJhamlzdGUgbG9zIGFiYW5pY29zISAKwqFUb21hLCBwcnVlYmEgdW4gcG9jbyBkZSBGbGFuIGRlIFNhbmTDrWEgZnLDrW8hIApTaSBwYXJ0aWNpcGFzIHRvZG9zIGxvcyBkw61hcywgdGFtYmnDqW4gb2J0ZW5kcsOhcyBncmFuZGVzIHJlY3VlcmRvcywgwqFhc8OtIHF1ZSBhc2Vnw7pyYXRlIGRlIHVuaXJ0ZSBjYWRhIGTDrWEhIArCoVByb21ldGlkbyE=
AUhsDQ,,W0hlbHBlciBSYW1pXQpIZXJlLCBhcyBwcm9taXNlZCwgaGVyZSBhcmUgeW91ciBjb2lucy4uLiBBbmQgeW91IGtub3cgeW91IGNhbiBnaXZlIHRoZSBGZXN0aXZhbCBGYW5zIHRvIHByb21vdGVycyBpbiBlYWNoIGNpdHkgdG8gY29tZSBzdHJhaWdodCB0byB0aGUgdmVudWUsIHJpZ2h0Pw==,,,,,W0FqdWRhbnRlIFJhbWldCkFxdWksIGNvbW8gcHJvbWV0aWRvLCBhcXVpIGVzdMOjbyBzdWFzIG1vZWRhcy4uLiBFIHZvY8OqIHNhYmUgcXVlIHBvZGUgZGFyIG9zIExlcXVlIGRvIEZlc3RpdmFsIHBhcmEgb3MgcHJvbW90b3JlcyBlbSBjYWRhIGNpZGFkZSBwYXJhIHZpciBkaXJldG8gYW8gbG9jYWwsIGNlcnRvPw==,,W0F5dWRhbnRlIFJhbWldCkFxdcOtLCBjb21vIHByb21ldMOtLCBlc3TDoW4gdHVzIG1vbmVkYXMuLi4gClkgc2FiZXMgcXVlIHB1ZWRlcyBkYXIgbG9zIEFiYW5pY28gZGVsIEZlc3RpdmFsIGEgbG9zIHByb21vdG9yZXMgZGUgY2FkYSBjaXVkYWQgcGFyYSB2ZW5pciBkaXJlY3RhbWVudGUgYWwgbHVnYXIsIMK/dmVyZGFkPw==
AkhsDQ,,SSdsbCBzdGFtcCB5b3VyIGV2ZW50IHBhcnRpY2lwYXRpb24gdG9vLg==,,,,,Vm91IGNhcmltYmFyIHN1YSBwYXJ0aWNpcGHDp8OjbyBubyBldmVudG8gdGFtYsOpbS4=,,VGFtYmnDqW4gc2VsbGFyw6kgdHUgcGFydGljaXBhY2nDs24gZW4gZWwgZXZlbnRvLg==
A0hsDQ,,WW91J3ZlIGNvbXBsZXRlZCBhbGwgb2YgdG9kYXkncyBldmVudHMhCkFsbCB0aGF0J3MgbGVmdCBpcyB0byBnbyB0byA8TkFWST5bQ291cG9uIFJlY2VwdGlvbl08SU5GTz5sYXNhZ25hLDgzLDIwNiwwLDEwMSwwLDwvSU5GTz48L05BVkk+IQ==,,,,,Vm9jw6ogY29tcGxldG91IHRvZG9zIG9zIGV2ZW50b3MgZGUgaG9qZSEKU8OzIGZhbHRhIGlyIGFvIDxOQVZJPltSZWNlcMOnw6NvIGRlIEN1cG9uc108SU5GTz5sYXNhZ25hLDgzLDIwNiwwLDEwMSwwLDwvSU5GTz48L05BVkk+IQ==,,wqFDb21wbGV0YXN0ZSB0b2RvcyBsb3MgZXZlbnRvcyBkZSBob3khCsKhU29sbyBxdWVkYSBpciBhbCA8TkFWST5bUmVjZXBjacOzbiBkZSBDdXBvbmVzXTxJTkZPPmxhc2FnbmEsODMsMjA2LDAsMTAxLDAsPC9JTkZPPjwvTkFWST4h
BEhsDQ,,W0hlbHBlciBSYW1pXQpPaCBkZWFyLi4uIHdoeSBpcyB5b3VyIGJhZyBzbyBmdWxsPyBDbGVhciBzb21lIHNwYWNlIGFuZCBjb21lIGJhY2su,,,,,W0FqdWRhbnRlIFJhbWldCk9oLCBxdWVyaWRvLi4uIHBvciBxdWUgc3VhIGJvbHNhIGVzdMOhIHTDo28gY2hlaWE/IExpbXBlIHVtIGVzcGHDp28gZSB2b2x0ZS4=,,W0F5dWRhbnRlIFJhbWldCk9oLCB2YXlhLi4uIMK/cG9yIHF1w6kgdHUgYm9sc2EgZXN0w6EgdGFuIGxsZW5hPyAKTGliZXJhIGFsZ28gZGUgZXNwYWNpbyB5IHZ1ZWx2ZS4=
BUhsDQ,,W0hlbHBlciBSYW1pXQpBcmUgYWxsIHRoZSBmYW5zIGdvbmU/IE9yIGFyZSB0aGUgd2F0ZXJtZWxvbnMgZ29uZT8gXjAwMDBDRFJpcGUgV2F0ZXJtZWxvbnNeMDAwMDAwIGNhbiBiZSBmb3VuZCBpbiBeMDAwMENETnlhaWwgQ2F2ZV4wMDAwMDAgYW5kIGFsbCBvdmVyIF4wMDAwQ0RMYXNhZ25hXjAwMDAwMCwgc28gbG9vayBjYXJlZnVsbHku,,,,,W0FqdWRhbnRlIFJhbWldCk9zIGxlcXVlcyBhY2FiYXJhbT8gT3UgYXMgbWVsYW5jaWFzIGFjYWJhcmFtPyBeMDAwMENETWVsYW5jaWFzXjAwMDAwMCBwb2RlbSBzZXIgZW5jb250cmFkYXMgbmEgXjAwMDBDRENhdmVybmEgTnlhaWxeMDAwMDAwIGUgcG9yIHRvZGEgXjAwMDBDRExhc2FnbmFeMDAwMDAwLCBlbnTDo28gcHJvY3VyZSBjb20gYXRlbsOnw6NvLg==,,W0F5dWRhbnRlIFJhbWldCsK/U2UgYWNhYmFyb24gbG9zIGFiYW5pY29zPwrCv08gc2UgYWNhYmFyb24gbGFzIHNhbmTDrWFzPyAKTGFzIF4wMDAwQ0RTYW5kw61hcyBNYWR1cmFzXjAwMDAwMCBzZSBwdWVkZW4gZW5jb250cmFyIGVuIGxhIF4wMDAwQ0RDdWV2YSBkZSBNaWF1bF4wMDAwMDAgeSBwb3IgdG9kYSBeMDAwMENETGFzYWduYV4wMDAwMDAsIGFzw60gcXVlIGJ1c2NhIGNvbiBhdGVuY2nDs24u
BkhsDQ,,W0hlbHBlciBSYW1pXQpKdXN0IGNvbGxlY3QgXjAwMDBDRDEwIEZlc3RpdmFsIEZhbl4wMDAwMDAgdGhhdCBjb21lIGZyb20gc21hc2hpbmcgd2F0ZXJtZWxvbnMh,,,,,W0FqdWRhbnRlIFJhbWldCkJhc3RhIGNvbGV0YXIgXjAwMDBDRDEwIExlcXVlIGRvIEZlc3RpdmFsXjAwMDAwMCBxdWUgdsOqbSBkZSBxdWVicmFyIG1lbGFuY2lhcyE=,,W0F5dWRhbnRlIFJhbWldCsKhU29sbyByZWNvbGVjdGEgXjAwMDBDRDEwIEFiYW5pY28gZGVsIEZlc3RpdmFsXjAwMDAwMCBxdWUgc2FsZW4gYWwgcm9tcGVyIHNhbmTDrWFzIQ==
B0hsDQ,,W0hlbHBlciBSYW1pXQpTbywgaG93IGFib3V0IGl0PyBGZWVsIGxpa2Ugc21hc2hpbmcgc29tZSB3YXRlcm1lbG9ucyB0byBjb29sIG9mZiB0b2RheT8=,,,,,W0FqdWRhbnRlIFJhbWldCkVudMOjbywgcXVlIHRhbD8gQ29tIHZvbnRhZGUgZGUgcXVlYnJhciBhbGd1bWFzIG1lbGFuY2lhcyBwYXJhIHNlIHJlZnJlc2NhciBob2plPw==,,W0F5dWRhbnRlIFJhbWldCkVudG9uY2VzLCDCv3F1w6kgdGUgcGFyZWNlPyAKwr9Db24gZ2FuYXMgZGUgcm9tcGVyIGFsZ3VuYXMgc2FuZMOtYXMgcGFyYSByZWZyZXNjYXJ0ZSBob3k/
CEhsDQ,,TGV0J3Mgc21hc2gh,,,,,VmFtb3MgcXVlYnJhciE=,,wqFWYW1vcyBhIHJvbXBlciE=
CUhsDQ,,Tm90IHJpZ2h0IG5vdy4uLg==,,,,,QWdvcmEgbsOjby4uLg==,,QWhvcmEgbm8uLi4=
CkhsDQ,,W0hlbHBlciBSYW1pXQpSaXBlIFdhdGVybWVsb25zIGNhbiBiZSBmb3VuZCBpbiBOeWFpbCBDYXZlLCBoZXJlIGluIExhc2FnbmEsIG9yIG91dCBpbiB0aGUgZmllbGRzLCBzbyBsb29rIGNhcmVmdWxseS4=,,,,,W0FqdWRhbnRlIFJhbWldCk1lbGFuY2lhcyBNYWR1cmFzIHBvZGVtIHNlciBlbmNvbnRyYWRhcyBuYSBDYXZlcm5hIE55YWlsLCBhcXVpIGVtIExhc2FnbmEsIG91IG5vcyBjYW1wb3MsIGVudMOjbyBwcm9jdXJlIGNvbSBhdGVuw6fDo28u,,W0F5dWRhbnRlIFJhbWldCkxhcyBTYW5kw61hcyBNYWR1cmFzIHNlIHB1ZWRlbiBlbmNvbnRyYXIgZW4gbGEgQ3VldmEgZGUgTWlhdWwsIGFxdcOtIGVuIExhc2FnbmEgbyBlbiBsb3MgY2FtcG9zLCBhc8OtIHF1ZSBidXNjYSBjb24gYXRlbmNpw7NuLg==
C0hsDQ,,W0hlbHBlciBSYW1pXQpKdXN0IGNvbGxlY3QgXjAwMDBDRDEwIEZlc3RpdmFsIEZhbnNeMDAwMDAwIGZyb20gc21hc2hpbmcgUmlwZSBXYXRlcm1lbG9ucyE=,,,,,W0FqdWRhbnRlIFJhbWldCkJhc3RhIGNvbGV0YXIgXjAwMDBDRDEwIExlcXVlIGRvIEZlc3RpdmFsXjAwMDAwMCBhbyBxdWVicmFyIE1lbGFuY2lhcyBNYWR1cmFzIQ==,,W0F5dWRhbnRlIFJhbWldCsKhU29sbyByZWNvbGVjdGEgXjAwMDBDRDEwIEFiYW5pY29zIGRlbCBGZXN0aXZhbF4wMDAwMDAgYWwgcm9tcGVyIFNhbmTDrWFzIE1hZHVyYXMh
DEhsDQ,,W0hlbHBlciBSYW1pXQpDb21lIGJhY2sgYW55dGltZSB5b3Ugd2FudCBXYXRlcm1lbG9uIFB1ZGRpbmch,,,,,W0FqdWRhbnRlIFJhbWldClZvbHRlIHNlbXByZSBxdWUgcXVpc2VyIFB1ZGltIGRlIE1lbGFuY2lhIQ==,,W0F5dWRhbnRlIFJhbWldCsKhVnVlbHZlIGN1YW5kbyBxdWllcmFzIFB1ZMOtbiBkZSBTYW5kw61hIQ==
DUhsDQ,,W0hlbHBlciBSYW1pXQpBcmUgeW91IHN0YXlpbmcgY29vbCB3aXRoIFdhdGVybWVsb24gUHVkZGluZyBpbiB0aGlzIGhvdCBzdW1tZXI/IFRvZGF5J3MgZXZlbnQgaXMgY2xvc2VkLiBXZSd2ZSBydW4gb3V0IG9mIHByZXBhcmVkIFdhdGVybWVsb24gUHVkZGluZy4=,,,,,W0FqdWRhbnRlIFJhbWldClZvY8OqIGVzdMOhIHNlIHJlZnJlc2NhbmRvIGNvbSBQdWRpbSBkZSBNZWxhbmNpYSBuZXN0ZSB2ZXLDo28gcXVlbnRlPyBPIGV2ZW50byBkZSBob2plIGVzdMOhIGVuY2VycmFkby4gQWNhYmFtb3MgbyBQdWRpbSBkZSBNZWxhbmNpYSBwcmVwYXJhZG8u,,W0F5dWRhbnRlIFJhbWldCsK/VGUgZXN0w6FzIHJlZnJlc2NhbmRvIGNvbiBQdWTDrW4gZGUgU2FuZMOtYSBlbiBlc3RlIHZlcmFubyBjYWxpZW50ZT8gCkVsIGV2ZW50byBkZSBob3kgZXN0w6EgY2VycmFkby4KTm9zIHF1ZWRhbW9zIHNpbiBQdWTDrW4gZGUgU2FuZMOtYSBwcmVwYXJhZG8u
DkhsDQ,,W0hlbHBlciBSYW1pXQpCdXQgSSBjYW4gaGF2ZSBXYXRlcm1lbG9uIFB1ZGRpbmcgZGVsaXZlcmVkIHF1aWNrbHkgdXNpbmcgPElURU0+W055YW5ndmluZV08SU5GTz42OTA5PC9JTkZPPjwvSVRFTT4h,,,,,W0FqdWRhbnRlIFJhbWldCk1hcyBwb3NzbyBtYW5kYXIgZW50cmVnYXIgUHVkaW0gZGUgTWVsYW5jaWEgcmFwaWRhbWVudGUgdXNhbmRvIDxJVEVNPltGcnV0YSBNaWF1TWlhdV08SU5GTz42OTA5PC9JTkZPPjwvSVRFTT4h,,W0F5dWRhbnRlIFJhbWldCsKhUGVybyBwdWVkbyBoYWNlciBxdWUgdHJhaWdhbiBQdWTDrW4gZGUgU2FuZMOtYSByw6FwaWRhbWVudGUgdXNhbmRvIDxJVEVNPltNaWF1ZnJ1dG9dPElORk8+NjkwOTwvSU5GTz48L0lURU0+IQ==
D0hsDQ,,SSdsbCBjb21lIGJhY2sgbGF0ZXIu,,,,,Vm9sdGFyZWkgbWFpcyB0YXJkZS4=,,Vm9sdmVyw6kgbcOhcyB0YXJkZS4=
EEhsDQ,,W0hlbHBlciBSYW1pXQpBbHJpZ2h0IHRoZW4uIEknbGwgd2FpdCB3aGlsZSBlbmpveWluZyB0aGUgc2VhIGJyZWV6ZS4=,,,,,W0FqdWRhbnRlIFJhbWldClR1ZG8gYmVtIGVudMOjby4gRXNwZXJhcmVpIGVucXVhbnRvIGFwcmVjaW8gYSBicmlzYSBkbyBtYXIu,,W0F5dWRhbnRlIFJhbWldCkRlIGFjdWVyZG8uIApFc3BlcmFyw6kgbWllbnRyYXMgZGlzZnJ1dG8gZGUgbGEgYnJpc2EgZGVsIG1hci4=
EUhsDQ,,W0hlbHBlciBSYW1pXQpUaGVuIGdvIHNtYXNoIHNvbWUgUmlwZSBXYXRlcm1lbG9ucyBxdWlja2x5LiBJJ2xsIGhhdmUgdGhlIHB1ZGRpbmcgZGVsaXZlcmVkIGluIHRoZSBtZWFudGltZS4gUmlwZSBXYXRlcm1lbG9ucyBjYW4gYmUgZm91bmQgaW4gTnlhaWwgQ2F2ZSBhbmQgb24gdGhpcyBpc2xhbmQsIHNvIGxvb2sgY2FyZWZ1bGx5Lg==,,,,,W0FqdWRhbnRlIFJhbWldCkVudMOjbyB2w6EgcXVlYnJhciBNZWxhbmNpYXMgTWFkdXJhcyByYXBpZGFtZW50ZS4gRW5xdWFudG8gaXNzbywgbWFuZGFyZWkgZW50cmVnYXIgbyBwdWRpbS4gTWVsYW5jaWFzIE1hZHVyYXMgcG9kZW0gc2VyIGVuY29udHJhZGFzIG5hIENhdmVybmEgTnlhaWwgZSBuZXN0YSBpbGhhLCBlbnTDo28gcHJvY3VyZSBjb20gYXRlbsOnw6NvLg==,,W0F5dWRhbnRlIFJhbWldCkVudG9uY2VzIHZlIGEgcm9tcGVyIGFsZ3VuYXMgU2FuZMOtYXMgTWFkdXJhcyByw6FwaWRvLiAKTWllbnRyYXMgdGFudG8sIGhhcsOpIHF1ZSB0cmFpZ2FuIGVsIHB1ZMOtbi4gCkxhcyBTYW5kw61hcyBNYWR1cmFzIHNlIHB1ZWRlbiBlbmNvbnRyYXIgZW4gbGEgQ3VldmEgZGUgTWlhdWwgeSBlbiBlc3RhIGlzbGEsIGFzw60gcXVlIGJ1c2NhIGNvbiBhdGVuY2nDs24u
EkhsDQ,,W0hlbHBlciBSYW1pXQpCdXQgSSBkb24ndCBzZWUgYW55IE55YW5ndmluZS4gQ2hlY2sgYW5kIGNvbWUgYmFjay4=,,,,,W0FqdWRhbnRlIFJhbWldCk1hcyBuw6NvIHZlam8gbmVuaHVtYSBGcnV0YSBNaWF1TWlhdS4gVmVyaWZpcXVlIGUgdm9sdGUu,,W0F5dWRhbnRlIFJhbWldClBlcm8gbm8gdmVvIG5pbmd1bmEgTWlhdWZydXRvLiAKUmV2aXNhIHkgdnVlbHZlLg==
E0hsDQ,,W0hlbHBlciBSYW1pXQpJbiB0aGlzIGhvdCBzdW1tZXIsIHlvdSBtdXN0IGJlIGxvbmdpbmcgZm9yIGEgY29vbCBicmVlemUsIHJpZ2h0PyBIb3cgYWJvdXQgc29tZSBzd2VldCBhbmQgcmVmcmVzaGluZyBXYXRlcm1lbG9uIFB1ZGRpbmcgYWZ0ZXIgYSBib3dsIG9mIG5vb2RsZXM/,,,,,W0FqdWRhbnRlIFJhbWldCk5lc3RlIHZlcsOjbyBxdWVudGUsIHZvY8OqIGRldmUgZXN0YXIgYW5zaWFuZG8gcG9yIHVtYSBicmlzYSBmcmVzY2EsIGNlcnRvPyBRdWUgdGFsIHVtIGRvY2UgZSByZWZyZXNjYW50ZSBQdWRpbSBkZSBNZWxhbmNpYSBkZXBvaXMgZGUgdW1hIHRpZ2VsYSBkZSBtYWNhcnLDo28/,,W0F5dWRhbnRlIFJhbWldCkVuIGVzdGUgdmVyYW5vIGNhbGllbnRlLCBkZWJlcyBlc3RhciBhbmhlbGFuZG8gdW5hIGJyaXNhIGZyZXNjYSwgwr92ZXJkYWQ/IArCv1F1w6kgdGFsIHVuIGR1bGNlIHkgcmVmcmVzY2FudGUgUHVkw61uIGRlIFNhbmTDrWEgZGVzcHXDqXMgZGUgdW4gcGxhdG8gZGUgZmlkZW9zPw==
FEhsDQ,,VGh1bXAgdGh1bXAgdGh1bXA=,,,,,VHVtIHR1bSB0dW0=,,VHVtIHR1bSB0dW0=
FUhsDQ,,VGh1bXAgdGh1bXAgdGh1bXA=,,,,,VHVtIHR1bSB0dW0=,,VHVtIHR1bSB0dW0=
FkhsDQ,,QSBiaWcgd2F0ZXJtZWxvbiwgcmlwZeKAlHRodW1wIHRodW1wIHRodW1wIQ==,,,,,VW1hIG1lbGFuY2lhIGdyYW5kZSwgbWFkdXJh4oCUdHVtIHR1bSB0dW0h,,VW5hIHNhbmTDrWEgZ3JhbmRlLCBtYWR1cmHigJTCoXR1bSB0dW0gdHVtIQ==
F0hsDQ,,RXZlcnlvbmUgZ3JhYiBvbmUsIHdlIGFsbCBwbGF5IHRoZSBoYXJtb25pY2F+,,,,,VG9kb3MgcGVnYW0gdW1hLCB0b2RvcyB0b2NhbSBnYWl0YX4=,,VG9kb3MgYWdhcnJhbiB1bmEsIHRvZG9zIHRvY2Ftb3MgbGEgYXJtw7NuaWNhfg==
GEhsDQ,,TGV0J3MgcGxheSBoYXBwaWx5IQ==,,,,,VmFtb3MgYnJpbmNhciBmZWxpemVzIQ==,,wqFKdWd1ZW1vcyBmZWxpY2VzIQ==
GUhsDQ,,U2x1cnAgc2x1cnAgc2x1cnAgc2x1cnB+,,,,,U2x1cnAgc2x1cnAgc2x1cnAgc2x1cnB+,,U2x1cnAgc2x1cnAgc2x1cnAgc2x1cnB+
GkhsDQ,,U2x1cnAgc2x1cnAgc2x1cnAgc2x1cnB+,,,,,U2x1cnAgc2x1cnAgc2x1cnAgc2x1cnB+,,U2x1cnAgc2x1cnAgc2x1cnAgc2x1cnB+
G0hsDQ,,U2x1cnAgc2x1cnAgc2x1cnB+,,,,,U2x1cnAgc2x1cnAgc2x1cnB+,,U2x1cnAgc2x1cnAgc2x1cnB+
HEhsDQ,,U2x1cnAgc2x1cnAgc2x1cnB+,,,,,U2x1cnAgc2x1cnAgc2x1cnB+,,U2x1cnAgc2x1cnAgc2x1cnB+
HUhsDQ,,RGluZyBkaW5nIGRpbmch,,,,,RGluZyBkaW5nIGRpbmch,,wqFEaW5nIGRpbmcgZGluZyE=
HkhsDQ,,SGVscGVyIERvbWk=,,,,,QWp1ZGFudGUgRG9taQ==,,QXl1ZGFudGUgRG9taQ==
H0hsDQ,,SG93IGFib3V0IGh1bnRpbmcgc29tZSBCYWQgTm9vZGxlcz8gUmVsaWV2ZSBzdHJlc3MgYW5kIHByb3RlY3QgdGhlIGVjb3N5c3RlbSBvZiBOeWFpbCBDYXZlIQ==,,,,,UXVlIHRhbCBjYcOnYXIgYWxndW5zIE1hY2FycsO1ZXMgRXN0cmFnYWRvcz8gQWxpdmllIG8gZXN0cmVzc2UgZSBwcm90ZWphIG8gZWNvc3Npc3RlbWEgZGEgQ2F2ZXJuYSBOeWFpbCE=,,wr9RdcOpIHRhbCBjYXphciBhbGd1bm9zIEZpZGVvcyBNYWxvZ3JhZG9zPyDCoUFsaXZpYSBlbCBlc3Ryw6lzIHkgcHJvdGVnZSBlbCBlY29zaXN0ZW1hIGRlIGxhIEN1ZXZhIGRlIE1pYXVsIQ==
IEhsDQ,,W0hlbHBlciBEb21pXQpXZWxjb21lfiBGZXN0aXZhbCBwYXJ0aWNpcGFudH4gSG93IGFib3V0IGh1bnRpbmcgc29tZSBCYWQgTm9vZGxlcz8=,,,,,W0FqdWRhbnRlIERvbWldCkJlbS12aW5kb34gUGFydGljaXBhbnRlIGRvIGZlc3RpdmFsfiBRdWUgdGFsIGNhw6dhciBhbGd1bnMgTWFjYXJyw7VlcyBFc3RyYWdhZG9zPw==,,W0F5dWRhbnRlIERvbWldCkJpZW52ZW5pZG9+IApQYXJ0aWNpcGFudGUgZGVsIGZlc3RpdmFsfiAKwr9RdcOpIHRhbCBjYXphciBhbGd1bm9zIEZpZGVvcyBNYWxvZ3JhZG9zPw==
IUhsDQ,,QmFkIE5vb2RsZXM/,,,,,TWFjYXJyw7VlcyBFc3RyYWdhZG9zPw==,,wr9GaWRlb3MgTWFsb2dyYWRvcz8=
IkhsDQ,,W0hlbHBlciBEb21pXQpZZXMhIEJhZCBOb29kbGVzISBZb3UndmUgYmVlbiB0byBOeWFpbCBDYXZlLCByaWdodD8gQXMgeW91J3ZlIHNlZW4sIE55YWlsIENhdmUgaGFzIGFidW5kYW50IGZvb2QgdGhhbmtzIHRvIHRoZSBNZWF0YmFsbHMsIG1ha2luZyBpdCBhIGdyZWF0IGVudmlyb25tZW50IGZvciB2YXJpb3VzIGZpc2ggYW5kIG5vb2RsZXMgdG8gbGl2ZS4=,,,,,W0FqdWRhbnRlIERvbWldClNpbSEgTWFjYXJyw7VlcyBFc3RyYWdhZG9zISBWb2PDqiBqw6EgZm9pIMOgIENhdmVybmEgTnlhaWwsIGNlcnRvPyBDb21vIHZvY8OqIHZpdSwgYSBDYXZlcm5hIE55YWlsIHRlbSBjb21pZGEgYWJ1bmRhbnRlIGdyYcOnYXMgw6BzIEFsbcO0bmRlZ2FzLCB0b3JuYW5kby1hIHVtIMOzdGltbyBhbWJpZW50ZSBwYXJhIHbDoXJpb3MgcGVpeGVzIGUgbWFjYXJyw7VlcyB2aXZlcmVtLg==,,W0F5dWRhbnRlIERvbWldCsKhU8OtISAKwqFGaWRlb3MgTWFsb2dyYWRvcyEgCkhhcyBlc3RhZG8gZW4gbGEgQ3VldmEgZGUgTWlhdWwsIMK/dmVyZGFkPyAKQ29tbyBoYXMgdmlzdG8sIGxhIEN1ZXZhIGRlIE1pYXVsIHRpZW5lIGNvbWlkYSBhYnVuZGFudGUgZ3JhY2lhcyBhIGxhcyBhbGLDs25kaWdhcywgbG8gcXVlIGxhIGNvbnZpZXJ0ZSBlbiB1biBncmFuIGVudG9ybm8gcGFyYSBxdWUgdml2YW4gdmFyaW9zIHBlY2VzIHkgZmlkZW9zLg==
I0hsDQ,,W0hlbHBlciBEb21pXQpQZXJoYXBzIHRoYXQncyB3aHk/IFJlY2VudGx5LCBzb21lIGZhcm1lcnMgdHJ5aW5nIHRvIG1ha2UgYmlnIG1vbmV5IGR1cmluZyB0aGUgTm9vZGxlIEZlc3RpdmFsIHNlY3JldGx5IGJyb3VnaHQgaW4gZm9yZWlnbiBub29kbGVzIGFuZCBhdHRlbXB0ZWQgdG8gZmFybSB0aGVtIGlsbGVnYWxseSBpbiBOeWFpbCBDYXZlLg==,,,,,W0FqdWRhbnRlIERvbWldClRhbHZleiBzZWphIHBvciBpc3NvPyBSZWNlbnRlbWVudGUsIGFsZ3VucyBmYXplbmRlaXJvcyB0ZW50YW5kbyBnYW5oYXIgbXVpdG8gZGluaGVpcm8gZHVyYW50ZSBvIEZlc3RpdmFsIGRvIE1hY2FycsOjbyB0cm91eGVyYW0gc2VjcmV0YW1lbnRlIG1hY2FycsO1ZXMgZGUgb3V0cm9zIGx1Z2FyZXMgZSB0ZW50YXJhbSBjdWx0aXbDoS1sb3MgaWxlZ2FsbWVudGUgbmEgQ2F2ZXJuYSBOeWFpbC4=,,W0F5dWRhbnRlIERvbWldCsK/UXVpesOhcyBwb3IgZXNvPyAKUmVjaWVudGVtZW50ZSwgYWxndW5vcyBhZ3JpY3VsdG9yZXMgcXVlIGludGVudGFiYW4gZ2FuYXIgbXVjaG8gZGluZXJvIGR1cmFudGUgZWwgRmVzdGl2YWwgZGUgRmlkZW9zIHRyYWplcm9uIGVuIHNlY3JldG8gZmlkZW9zIGV4dHJhbmplcm9zIGUgaW50ZW50YXJvbiBjdWx0aXZhcmxvcyBpbGVnYWxtZW50ZSBlbiBsYSBDdWV2YSBkZSBNaWF1bC4=
JEhsDQ,,T2ggbm8hIFdoYXQgaGFwcGVuZWQ/,,,,,QWgsIG7Do28hIE8gcXVlIGFjb250ZWNldT8=,,wqFPaCBubyEgwr9RdcOpIHBhc8OzPw==
JUhsDQ,,W0hlbHBlciBEb21pXQpPZiBjb3Vyc2UhIFdlIGNhdWdodCB0aGVtISBCdXQgaW4gdGhlIHByb2Nlc3MsIGEgZmV3IGZvcmVpZ24gbm9vZGxlcyBnb3QgbG9vc2UuIEF0IGZpcnN0LCB0aGVpciBudW1iZXJzIHdlcmUgdmVyeSBzbWFsbCwgYnV0IHdpdGggYWJ1bmRhbnQgZm9vZCwgdGhleSd2ZSBiZWVuIG11bHRpcGx5aW5nLg==,,,,,W0FqdWRhbnRlIERvbWldCkNsYXJvISBOw7NzIG9zIHBlZ2Ftb3MhIE1hcyBubyBwcm9jZXNzbywgYWxndW5zIG1hY2FycsO1ZXMgZXN0cmFuZ2Vpcm9zIGVzY2FwYXJhbS4gTm8gaW7DrWNpbywgc2V1cyBuw7ptZXJvcyBlcmFtIG11aXRvIHBlcXVlbm9zLCBtYXMgY29tIGNvbWlkYSBhYnVuZGFudGUsIGVsZXMgdsOqbSBzZSBtdWx0aXBsaWNhbmRvLg==,,W0F5dWRhbnRlIERvbWldCsKhUG9yIHN1cHVlc3RvISAKwqFMb3MgYXRyYXBhbW9zISAKUGVybyBlbiBlbCBwcm9jZXNvLCBhbGd1bm9zIGZpZGVvcyBleHRyYW5qZXJvcyBzZSBzb2x0YXJvbi4gCkFsIHByaW5jaXBpbywgc3UgbsO6bWVybyBlcmEgbXV5IHBlcXVlw7FvLCBwZXJvIGNvbiBsYSBhYnVuZGFudGUgY29taWRhLCBzZSBoYW4gZXN0YWRvIG11bHRpcGxpY2FuZG8u
JkhsDQ,,W0hlbHBlciBEb21pXQpCYWQgTm9vZGxlcyBhcmUgdmVyeSBsYXJnZSBidXQgdGFzdGVsZXNzLCBzbyB0aGV5IGhhdmUgbG93IGNvbW1lcmNpYWwgdmFsdWUuIFBsdXMsIHRoZXkgZWF0IHVwIGFsbCB0aGUgZm9vZCB0aGF0IG90aGVyIG5vb2RsZXMgcmVseSBvbiwgY2F1c2luZyB0aGUgbmF0aXZlIG5vb2RsZSBwb3B1bGF0aW9uIHRvIGRlY2xpbmUu,,,,,W0FqdWRhbnRlIERvbWldCkVzc2VzIE1hY2FycsO1ZXMgRXN0cmFnYWRvcyBzw6NvIG11aXRvIGdyYW5kZXMsIG1hcyBzZW0gc2Fib3IsIGVudMOjbyB0w6ptIGJhaXhvIHZhbG9yIGNvbWVyY2lhbC4gQWzDqW0gZGlzc28sIGVsZXMgY29tZW0gdG9kYSBhIGNvbWlkYSBkZSBxdWUgb3V0cm9zIG1hY2FycsO1ZXMgZGVwZW5kZW0sIGZhemVuZG8gY29tIHF1ZSBhIHBvcHVsYcOnw6NvIG5hdGl2YSBkZSBtYWNhcnLDtWVzIGRpbWludWEu,,W0F5dWRhbnRlIERvbWldCkxvcyBGaWRlb3MgTWFsb2dyYWRvcyBzb24gbXV5IGdyYW5kZXMgcGVybyBpbnPDrXBpZG9zLCBwb3IgbG8gcXVlIHRpZW5lbiBwb2NvIHZhbG9yIGNvbWVyY2lhbC4gCkFkZW3DoXMsIHNlIGNvbWVuIHRvZGEgbGEgY29taWRhIGRlIGxhIHF1ZSBkZXBlbmRlbiBvdHJvcyBmaWRlb3MsIGxvIHF1ZSBoYWNlIHF1ZSBsYSBwb2JsYWNpw7NuIGRlIGZpZGVvcyBuYXRpdm9zIGRpc21pbnV5YS4=
J0hsDQ,,W0hlbHBlciBEb21pXQpTbyBvdXIgd29ycmllcyBoYXZlIGJlZW4gZ3Jvd2luZyBkYXkgYnkgZGF5LiBBdCB0aGlzIHJhdGUsIGl0J3Mgb25seSBhIG1hdHRlciBvZiB0aW1lIGJlZm9yZSB0aGUgZWNvc3lzdGVtIGlzIGRlc3Ryb3llZCwgcmlnaHQ/IFdlJ3JlIGNhdGNoaW5nIHRoZW0gYXMgd2Ugc2VlIHRoZW0sIGJ1dCB0aGVyZSBhcmUganVzdCB0b28gbWFueS4=,,,,,W0FqdWRhbnRlIERvbWldCkVudMOjbyBub3NzYXMgcHJlb2N1cGHDp8O1ZXMgdsOqbSBjcmVzY2VuZG8gZGlhIGFww7NzIGRpYS4gTmVzc2Ugcml0bW8sIMOpIGFwZW5hcyB1bWEgcXVlc3TDo28gZGUgdGVtcG8gYXTDqSBxdWUgbyBlY29zc2lzdGVtYSBzZWphIGRlc3RydcOtZG8sIGNlcnRvPyBFc3RhbW9zIHBlZ2FuZG8tb3Mgc2VtcHJlIHF1ZSBvcyB2ZW1vcywgbWFzIGjDoSBtdWl0b3Mu,,W0F5dWRhbnRlIERvbWldCkFzw60gcXVlIG51ZXN0cmFzIHByZW9jdXBhY2lvbmVzIGhhbiBpZG8gY3JlY2llbmRvIGTDrWEgYSBkw61hLiAKQSBlc3RlIHJpdG1vLCBlcyBzb2xvIGN1ZXN0acOzbiBkZSB0aWVtcG8gYW50ZXMgZGUgcXVlIGVsIGVjb3Npc3RlbWEgc2UgZGVzdHJ1eWEsIMK/dmVyZGFkPyAKTG9zIGVzdGFtb3MgYXRyYXBhbmRvIGEgbWVkaWRhIHF1ZSBsb3MgdmVtb3MsIHBlcm8gc29uIGRlbWFzaWFkb3Mu
KEhsDQ,,W0hlbHBlciBEb21pXQpTbyEgV2UgZGVjaWRlZCB0byBob2xkIGEgQmFkIE5vb2RsZSBIdW50IGFzIHBhcnQgb2YgdGhpcyBmZXN0aXZhbCBldmVudC4gV2hhdCBkbyB5b3UgdGhpbms/IFdvdWxkIHlvdSBsaWtlIHRvIHBhcnRpY2lwYXRlPw==,,,,,W0FqdWRhbnRlIERvbWldCkVudMOjbyEgRGVjaWRpbW9zIHJlYWxpemFyIHVtYSBDYcOnYSBhbyBNYWNhcnLDo28gRXN0cmFnYWRvIGNvbW8gcGFydGUgZGVzdGUgZXZlbnRvIGRvIGZlc3RpdmFsLiBPIHF1ZSB2b2PDqiBhY2hhPyBHb3N0YXJpYSBkZSBwYXJ0aWNpcGFyPw==,,W0F5dWRhbnRlIERvbWldCsKhQXPDrSBxdWUhIApEZWNpZGltb3MgcmVhbGl6YXIgdW5hIENhemEgZGUgRmlkZW9zIE1hbG9ncmFkb3MgY29tbyBwYXJ0ZSBkZSBlc3RlIGV2ZW50byBkZWwgZmVzdGl2YWwuIArCv1F1w6kgdGUgcGFyZWNlPyAKwr9UZSBndXN0YXLDrWEgcGFydGljaXBhcj8=
KUhsDQ,,U3VyZSE=,,,,,Q2xhcm8h,,wqFDbGFybyE=
KkhsDQ,,U291bmRzIHNjYXJ5Li4u,,,,,UGFyZWNlIGFzc3VzdGFkb3IuLi4=,,U3VlbmEgYXRlcnJhZG9yLi4u
K0hsDQ,,W0hlbHBlciBEb21pXQpHb29kIGNob2ljZSEgVGhlc2UgQmFkIE5vb2RsZXMgYXJlIGNvbnN0YW50bHkgbW92aW5nIGJldHdlZW4gTnlhaWwgQ2F2ZSBhbmQgdGhlIG91dHNpZGUsIHJpZGluZyB0aGUgY3VycmVudHMgdGhpcyB0aW1lIG9mIHllYXIuIENhdGNoIGV2ZXJ5IHNpbmdsZSBvbmUgeW91IHNlZSE=,,,,,W0FqdWRhbnRlIERvbWldCkJvYSBlc2NvbGhhISBFc3NlcyBNYWNhcnLDtWVzIEVzdHJhZ2Fkb3MgZXN0w6NvIGNvbnN0YW50ZW1lbnRlIHNlIG1vdmVuZG8gZW50cmUgYSBDYXZlcm5hIE55YWlsIGUgbyBleHRlcmlvciwgYXByb3ZlaXRhbmRvIGFzIGNvcnJlbnRlcyBuZXN0YSDDqXBvY2EgZG8gYW5vLiBQZWd1ZSBjYWRhIHVtIHF1ZSB2b2PDqiB2aXIh,,W0F5dWRhbnRlIERvbWldCsKhQnVlbmEgZWxlY2Npw7NuISAKRXN0b3MgRmlkZW9zIE1hbG9ncmFkb3Mgc2UgbXVldmVuIGNvbnN0YW50ZW1lbnRlIGVudHJlIGxhIEN1ZXZhIGRlIE1pYXVsIHkgZWwgZXh0ZXJpb3IsIGFwcm92ZWNoYW5kbyBsYXMgY29ycmllbnRlcyBlbiBlc3RhIMOpcG9jYSBkZWwgYcOxby4gCsKhQXRyYXBhIGEgY2FkYSB1bm8gcXVlIHZlYXMh
LEhsDQ,,W0hlbHBlciBEb21pXQpIdW50IF4wMDAwQ0QxMCBCYWQgTm9vZGxlc14wMDAwMDAgYW5kIGJyaW5nIG1lIF4wMDAwQ0QxMCBUb3VnaCBOb29kbGUgU2tpbnNeMDAwMDAwLiBJJ2xsIGdpdmUgeW91IGEgZmVzdGl2YWwgc291dmVuaXIhISE=,,,,,W0FqdWRhbnRlIERvbWldCkNhY2UgXjAwMDBDRDEwIE1hY2FycsO1ZXMgRXN0cmFnYWRvc14wMDAwMDAgZSB0cmFnYS1tZSBeMDAwMENEMTAgUGVsZXMgZGUgTWFjYXJyw6NvIER1cmFzXjAwMDAwMC4gVGUgZGFyZWkgdW1hIGxlbWJyYW7Dp2EgZG8gZmVzdGl2YWwhISE=,,W0F5dWRhbnRlIERvbWldCkNhemEgXjAwMDBDRDEwIEZpZGVvcyBNYWxvZ3JhZG9zXjAwMDAwMCB5IHRyw6FlbWUgXjAwMDBDRDEwIEZpZGVvcyBQb2RyaWRvc14wMDAwMDAuIArCoVRlIGRhcsOpIHVuIHJlY3VlcmRvIGRlbCBmZXN0aXZhbCEhIQ==
LUhsDQ,,W0hlbHBlciBEb21pXQpDb21lIG9ufiBJdCdzIGEgZmVzdGl2YWzigJR3b3VsZCB3ZSBwcmVwYXJlIHNvbWV0aGluZyBkYW5nZXJvdXM/IFdlIGhhdmUgc2FmZXR5IG9mZmljZXJzIHBvc3RlZCBldmVyeXdoZXJlLCBhbmQgQmFkIE5vb2RsZXMgYXJlbid0IHRoYXQgZGFuZ2Vyb3VzLCBzbyByZXN0IGFzc3VyZWQu,,,,,W0FqdWRhbnRlIERvbWldClF1YWwgw6l+IMOJIHVtIGZlc3RpdmFs4oCUbsOzcyBwcmVwYXJhcsOtYW1vcyBhbGdvIHBlcmlnb3NvPyBUZW1vcyBvZmljaWFpcyBkZSBzZWd1cmFuw6dhIGVtIHRvZG9zIG9zIGx1Z2FyZXMsIGUgb3MgTWFjYXJyw7VlcyBFc3RyYWdhZG9zIG7Do28gc8OjbyB0w6NvIHBlcmlnb3NvcywgZW50w6NvIGZpcXVlIHRyYW5xdWlsby4=,,W0F5dWRhbnRlIERvbWldCsKhVmFtb3N+IApFcyB1biBmZXN0aXZhbCBwcmVwYXJhcsOtYW1vcyBhbGdvIHBlbGlncm9zbz8gClRlbmVtb3Mgb2ZpY2lhbGVzIGRlIHNlZ3VyaWRhZCBlbiB0b2RhcyBwYXJ0ZXMsIHkgbG9zIEZpZGVvcyBNYWxvZ3JhZG9zIG5vIHNvbiB0YW4gcGVsaWdyb3NvcywgYXPDrSBxdWUgdHJhbnF1aWxvLg==
LkhsDQ,,W0hlbHBlciBEb21pXQpZb3UndmUgY2F1Z2h0IGFsbCB0aGUgQmFkIE5vb2RsZXMhIEp1c3QgaGFuZCB0aG9zZSBUb3VnaCBOb29kbGUgU2tpbnMgb3ZlciB0byBtZS4=,,,,,W0FqdWRhbnRlIERvbWldClZvY8OqIHBlZ291IHRvZG9zIG9zIE1hY2FycsO1ZXMgRXN0cmFnYWRvcyEgQXBlbmFzIGVudHJlZ3VlIGVzc2FzIFBlbGVzIGRlIE1hY2FycsOjbyBEdXJhcyBwYXJhIG1pbS4=,,W0F5dWRhbnRlIERvbWldCsKhQXRyYXBhc3RlIHRvZG9zIGxvcyBGaWRlb3MgTWFsb2dyYWRvcyEgClNvbG8gZW50csOpZ2FtZSBlc2FzIFBpZWxlcyBkZSBGaWRlbyBQb2RyaWRvLg==
L0hsDQ,,W0hlbHBlciBEb21pXQpUaGFuayB5b3UhIEFkdmVudHVyZXIsIHlvdSd2ZSBtYWRlIGEgZ3JlYXQgY29udHJpYnV0aW9uIHRvIHByb3RlY3RpbmcgdGhlIGJlYXV0aWZ1bCBlY29zeXN0ZW0gb2YgTGFzYWduYSEgSGVyZSBhcmUgeW91ciBjb2lucy4=,,,,,W0FqdWRhbnRlIERvbWldCk9icmlnYWRvISBBdmVudHVyZWlybywgdm9jw6ogZmV6IHVtYSBncmFuZGUgY29udHJpYnVpw6fDo28gcGFyYSBwcm90ZWdlciBvIGJlbG8gZWNvc3Npc3RlbWEgZGUgTGFzYWduYSEgQXF1aSBlc3TDo28gc3VhcyBtb2VkYXMu,,W0F5dWRhbnRlIERvbWldCsKhR3JhY2lhcyEgClRyb3RhbXVuZG9zLCBoYXMgaGVjaG8gdW5hIGdyYW4gY29udHJpYnVjacOzbiBwYXJhIHByb3RlZ2VyIGVsIGhlcm1vc28gZWNvc2lzdGVtYSBkZSBMYXNhZ25hLiAKwqFBcXXDrSB0aWVuZXMgdHVzIG1vbmVkYXMh
MEhsDQ,,V293ISBZb3UndmUgY29tcGxldGVkIGFsbCBvZiB0b2RheSdzIGV2ZW50cyEKR28gdG8gPE5BVkk+W0NvdXBvbiBSZWNlcHRpb25dPElORk8+bGFzYWduYSw4MywyMDYsMCwxMDEsMCw8L0lORk8+PC9OQVZJPiE=,,,,,VWF1ISBWb2PDqiBjb21wbGV0b3UgdG9kb3Mgb3MgZXZlbnRvcyBkZSBob2plIQpWw6EgYW8gPE5BVkk+W1JlY2Vww6fDo28gZGUgQ3Vwb25zXTxJTkZPPmxhc2FnbmEsODMsMjA2LDAsMTAxLDAsPC9JTkZPPjwvTkFWST4h,,wqFHdWF1ISDCoUNvbXBsZXRhc3RlIHRvZG9zIGxvcyBldmVudG9zIGRlIGhveSEKwqFWZSBhbCA8TkFWST5bUmVjZXBjacOzbiBkZSBDdXBvbmVzXTxJTkZPPmxhc2FnbmEsODMsMjA2LDAsMTAxLDAsPC9JTkZPPjwvTkFWST4h
MUhsDQ,,W0hlbHBlciBEb21pXQpCdXQgaG93IGNhbiB5b3Ugbm90IGhhdmUgcm9vbSBmb3IgZXZlbiBvbmUgY29pbiBpbiB5b3VyIGludmVudG9yeT8gV291bGQgeW91IGxpa2UgdG8gb3JnYW5pemUgeW91ciBiYWcgYW5kIGNvbWUgYmFjaz8=,,,,,W0FqdWRhbnRlIERvbWldCk1hcyBjb21vIHZvY8OqIG7Do28gdGVtIGVzcGHDp28gcGFyYSB1bWEgw7puaWNhIG1vZWRhIG5vIHNldSBpbnZlbnTDoXJpbz8gR29zdGFyaWEgZGUgb3JnYW5pemFyIHN1YSBib2xzYSBlIHZvbHRhcj8=,,W0F5dWRhbnRlIERvbWldCsK/UGVybyBjw7NtbyBlcyBxdWUgbm8gdGllbmVzIGVzcGFjaW8gbmkgcGFyYSB1bmEgbW9uZWRhIGVuIHR1IGludmVudGFyaW8/IArCv1RlIGd1c3RhcsOtYSBvcmdhbml6YXIgdHUgYm9sc2EgeSB2b2x2ZXI/
MkhsDQ,,W0hlbHBlciBEb21pXQpIYXZlbid0IHlvdSBjb2xsZWN0ZWQgYWxsIHRoZSBUb3VnaCBOb29kbGUgU2tpbnMgeWV0Pw==,,,,,W0FqdWRhbnRlIERvbWldClZvY8OqIGFpbmRhIG7Do28gY29sZXRvdSB0b2RhcyBhcyBQZWxlcyBkZSBNYWNhcnLDo28gRHVyYXM/,,W0F5dWRhbnRlIERvbWldCsK/QcO6biBubyBoYXMgcmVjb2xlY3RhZG8gdG9kYXMgbG9zIEZpZGVvcyBQb2RyaWRvcz8=
M0hsDQ,,W0hlbHBlciBEb21pXQpIYXZlbid0IHlvdSBjYXVnaHQgYWxsIHRoZSBCYWQgTm9vZGxlcyB5ZXQ/,,,,,W0FqdWRhbnRlIERvbWldClZvY8OqIGFpbmRhIG7Do28gcGVnb3UgdG9kb3Mgb3MgTWFjYXJyw7VlcyBFc3RyYWdhZG9zPw==,,W0F5dWRhbnRlIERvbWldCsK/QcO6biBubyBoYXMgYXRyYXBhZG8gdG9kb3MgbG9zIEZpZGVvcyBNYWxvZ3JhZG9zPw==
NEhsDQ,,W0hlbHBlciBEb21pXQpIdW50IF4wMDAwQ0QxMCBSb3R0ZW4gTm9vZGxlc14wMDAwMDAgYW5kIGJyaW5nIG1lIF4wMDAwQ0QxMCBUb3VnaCBOb29kbGUgU2tpbnNeMDAwMDAwLiBHZXQgeW91ciBmZXN0aXZhbCBzb3V2ZW5pciBhbmQgaGVscCBwcm90ZWN0IHRoZSBlY29zeXN0ZW0gb2YgTnlhaWwgQ2F2ZSE=,,,,,W0FqdWRhbnRlIERvbWldCkNhY2UgXjAwMDBDRDEwIE1hY2FycsO1ZXMgUG9kcmVzXjAwMDAwMCBlIHRyYWdhLW1lIF4wMDAwQ0QxMCBQZWxlcyBkZSBNYWNhcnLDo28gRHVyYXNeMDAwMDAwLiBHYW5oZSBzdWEgbGVtYnJhbsOnYSBkbyBmZXN0aXZhbCBlIGFqdWRlIGEgcHJvdGVnZXIgbyBlY29zc2lzdGVtYSBkYSBDYXZlcm5hIE55YWlsIQ==,,W0F5dWRhbnRlIERvbWldCkNhemEgXjAwMDBDRDEwIEZpZGVvcyBNYWxvZ3JhZG9zXjAwMDAwMCB5IHRyw6FlbWUgXjAwMDBDRDEwIEZpZGVvcyBQb2RyaWRvc14wMDAwMDAuIArCoU9idMOpbiB0dSByZWN1ZXJkbyBkZWwgZmVzdGl2YWwgeSBheXVkYSBhIHByb3RlZ2VyIGVsIGVjb3Npc3RlbWEgZGUgbGEgQ3VldmEgZGUgTWlhdWwh
NUhsDQ,,W0hlbHBlciBEb21pXQpXb3VsZCB5b3UgbGlrZSB0byBodW50IHNvbWUgXjAwMDBDRFJvdHRlbiBOb29kbGVzXjAwMDAwMCB0b2RheT8=,,,,,W0FqdWRhbnRlIERvbWldCkdvc3RhcmlhIGRlIGNhw6dhciBhbGd1bnMgXjAwMDBDRE1hY2FycsO1ZXMgUG9kcmVzXjAwMDAwMCBob2plPw==,,W0F5dWRhbnRlIERvbWldCsK/VGUgZ3VzdGFyw61hIGNhemFyIGFsZ3Vub3MgXjAwMDBDREZpZGVvcyBNYWxvZ3JhZG9zXjAwMDAwMCBob3k/
NkhsDQ,,WWVzISE=,,,,,U2ltISE=,,wqHCoVPDrSEh
N0hsDQ,,Tm8u,,,,,TsOjby4=,,Tm8u
OEhsDQ,,W0hlbHBlciBEb21pXQpOb3QgZmVlbGluZyB1cCB0byBpdCB0b2RheT8gVGhhdCdzIGZpbmUuIFRoZSBmZXN0aXZhbCBpcyBtZWFudCB0byBiZSBlbmpveWVkISBDb21lIGJhY2sgYW55dGltZSB5b3UgZmVlbCBsaWtlIGl0IQ==,,,,,W0FqdWRhbnRlIERvbWldCk7Do28gZXN0w6EgY29tIGRpc3Bvc2nDp8OjbyBob2plPyBUdWRvIGJlbS4gTyBmZXN0aXZhbCBmb2kgZmVpdG8gcGFyYSBzZXIgYXByb3ZlaXRhZG8hIFZvbHRlIHF1YW5kbyBxdWlzZXIh,,W0F5dWRhbnRlIERvbWldCsK/Tm8gdGUgc2llbnRlcyBjb24gw6FuaW1vIGhveT8gCkVzdMOhIGJpZW4uIArCoUVsIGZlc3RpdmFsIGVzdMOhIGhlY2hvIHBhcmEgZGlzZnJ1dGFybG8hIArCoVZ1ZWx2ZSBjdWFuZG8gcXVpZXJhcyE=
OUhsDQ,,W0hlbHBlciBEb21pXQpBZHZlbnR1cmVyLCB5b3UndmUgYWxyZWFkeSBjYXVnaHQgeW91ciBxdW90YSBvZiBCYWQgTm9vZGxlcyBmb3IgdG9kYXku,,,,,W0FqdWRhbnRlIERvbWldCkF2ZW50dXJlaXJvLCB2b2PDqiBqw6EgYXRpbmdpdSBzdWEgY290YSBkZSBNYWNhcnLDtWVzIEVzdHJhZ2Fkb3MgcGFyYSBob2plLg==,,W0F5dWRhbnRlIERvbWldClRyb3RhbXVuZG9zLCB5YSBhdHJhcGFzdGUgdHUgY3VvdGEgZGUgRmlkZW9zIE1hbG9ncmFkb3MgcG9yIGhveS4=
OkhsDQ,,W0hlbHBlciBEb21pXQpCdXQgaWYgeW91IGhhdmUgPElURU0+W055YW5ndmluZV08SU5GTz42OTA5PC9JTkZPPjwvSVRFTT4sIHlvdSBjYW4gcGFydGljaXBhdGUgaW4gdGhlIGV2ZW50IG9uZSBtb3JlIHRpbWUuIEhvdyBhYm91dCBpdD8=,,,,,W0FqdWRhbnRlIERvbWldCk1hcyBzZSB2b2PDqiB0aXZlciA8SVRFTT5bRnJ1dGEgTWlhdU1pYXVdPElORk8+NjkwOTwvSU5GTz48L0lURU0+LCBwb2RlIHBhcnRpY2lwYXIgZG8gZXZlbnRvIG1haXMgdW1hIHZlei4gUXVlIHRhbD8=,,W0F5dWRhbnRlIERvbWldClBlcm8gc2kgdGllbmVzIDxJVEVNPltNaWF1ZnJ1dG9zXTxJTkZPPjY5MDk8L0lORk8+PC9JVEVNPiwgcHVlZGVzIHBhcnRpY2lwYXIgZW4gZWwgZXZlbnRvIHVuYSB2ZXogbcOhcy4gCsK/UXXDqSB0ZSBwYXJlY2U/
O0hsDQ,,W0hlbHBlciBEb21pXQpCdXQgaXQgbG9va3MgbGlrZSB5b3UgZG9uJ3QgaGF2ZSBhbnkgTnlhbmd2aW5lLiBDaGVjayBhbmQgY29tZSBiYWNrLg==,,,,,W0FqdWRhbnRlIERvbWldCk1hcyBwYXJlY2UgcXVlIHZvY8OqIG7Do28gdGVtIG5lbmh1bWEgRnJ1dGEgTWlhdU1pYXUuIFZlcmlmaXF1ZSBlIHZvbHRlLg==,,W0F5dWRhbnRlIERvbWldClBlcm8gcGFyZWNlIHF1ZSBubyB0aWVuZXMgbmluZ3VuYSBNaWF1ZnJ1dG9zLiAKUmV2aXNhIHkgdnVlbHZlLg==
PEhsDQ,,W0hlbHBlciBEb21pXQpXZSBtdXN0IGNhdGNoIGV2ZXJ5IHNpbmdsZSBCYWQgTm9vZGxlIHRoYXQgdGhyZWF0ZW5zIHRoZSBiZWF1dGlmdWwgZWNvc3lzdGVtIG9mIE55YWlsIENhdmUh,,,,,W0FqdWRhbnRlIERvbWldCkRldmVtb3MgcGVnYXIgY2FkYSBNYWNhcnLDo28gUnVpbSBxdWUgYW1lYcOnYSBvIGJlbG8gZWNvc3Npc3RlbWEgZGEgQ2F2ZXJuYSBOeWFpbCE=,,W0F5dWRhbnRlIERvbWldCsKhRGViZW1vcyBhdHJhcGFyIGEgY2FkYSBGaWRlbyBNYWxvZ3JhZG8gcXVlIGFtZW5hemEgZWwgaGVybW9zbyBlY29zaXN0ZW1hIGRlIGxhIEN1ZXZhIGRlIE1pYXVsIQ==
PUhsDQ,,Q291cG9uIFJlY2VwdGlvbg==,,,,,UmVjZXDDp8OjbyBkZSBDdXBvbnM=,,UmVjZXBjaW9uaXN0YSBkZSBDdXBvbmVz
PkhsDQ,,SWYgeW91J3ZlIGNvbXBsZXRlZCBhbGwgZXZlbnRzLCBjb21lIGdldCB5b3VyIGZlc3RpdmFsIHNvdXZlbmlyIGhhdCEh,,,,,U2Ugdm9jw6ogY29tcGxldG91IHRvZG9zIG9zIGV2ZW50b3MsIHZlbmhhIGdhbmhhciBzZXUgY2hhcMOpdSBkZSBsZW1icmFuw6dhIGRvIGZlc3RpdmFsISE=,,wqFTaSBjb21wbGV0YXN0ZSB0b2RvcyBsb3MgZXZlbnRvcywgdmVuIGEgYnVzY2FyIHR1IHNvbWJyZXJvIGRlIHJlY3VlcmRvIGRlbCBmZXN0aXZhbCE=
P0hsDQ,,W0NvdXBvbiBSZWNlcHRpb25dCkFyZSB5b3UgaGVyZSB0byBleGNoYW5nZSBmb3IgdGhlIGhhdD8gTGV0IG1lIGNoZWNrIGZvciBhIG1vbWVudC4gTGV0J3Mgc2Vlfg==,,,,,W1JlY2Vww6fDo28gZGUgQ3Vwb25zXQpWb2PDqiBlc3TDoSBhcXVpIHBhcmEgdHJvY2FyIHBlbG8gY2hhcMOpdT8gRGVpeGUtbWUgdmVyaWZpY2FyIHBvciB1bSBtb21lbnRvLiBWYW1vcyB2ZXJ+,,W1JlY2VwY2lvbmlzdGEgZGUgQ3Vwb25lc10Kwr9WaW5pc3RlIGEgY2FtYmlhciBwb3IgZWwgc29tYnJlcm8/IApEw6lqYW1lIHJldmlzYXIgdW4gbW9tZW50by4gClZlYW1vc34=
QEhsDQ,,W0NvdXBvbiBSZWNlcHRpb25dCllvdSd2ZSBwYXJ0aWNpcGF0ZWQgaW4gYWxsIHRoZSBldmVudHMhIFRoZW4gSSdsbCBnaXZlIHlvdSBhIGZlc3RpdmFsIHBhcnRpY2lwYXRpb24gc291dmVuaXIhIE5vdywgd2hlcmUgZGlkIEkgcHV0IGl0Li4uCkhlcmUgaXQgaXMhIEl0IGxvb2tzIGxpa2UgaXQncyBhYm91dCB0byBzcGlsbCwgYnV0IGl0IHdvbid0fg==,,,,,W1JlY2Vww6fDo28gZGUgQ3Vwb25zXQpWb2PDqiBwYXJ0aWNpcG91IGRlIHRvZG9zIG9zIGV2ZW50b3MhIEVudMOjbyB0ZSBkYXJlaSB1bWEgbGVtYnJhbsOnYSBkZSBwYXJ0aWNpcGHDp8OjbyBkbyBmZXN0aXZhbCEgQWdvcmEsIG9uZGUgZXUgY29sb3F1ZWkuLi4KQXF1aSBlc3TDoSEgUGFyZWNlIHF1ZSBlc3TDoSBwcmVzdGVzIGEgdHJhbnNib3JkYXIsIG1hcyBuw6NvIHZhaX4=,,W1JlY2VwY2lvbmlzdGEgZGUgQ3Vwb25lc10KwqFQYXJ0aWNpcGFzdGUgZW4gdG9kb3MgbG9zIGV2ZW50b3MhIApFbnRvbmNlcyB0ZSBkYXLDqSB1biByZWN1ZXJkbyBkZSBwYXJ0aWNpcGFjacOzbiBlbiBlbCBmZXN0aXZhbC4gCkFob3JhLCDCv2TDs25kZSBsbyBwdXNlLi4uCkFxdcOtIGVzdMOhISBQYXJlY2UgcXVlIGVzdMOhIGEgcHVudG8gZGUgZGVycmFtYXJzZSwgcGVybyBubyBsbyBoYXLDoX4=
QUhsDQ,,W0NvdXBvbiBSZWNlcHRpb25dCkVuam95IHRoZSByZXN0IG9mIHRoZSBmZXN0aXZhbCwgYW5kIGNvbWUgYmFjayBhZ2FpbiBuZXh0IHllYXIh,,,,,W1JlY2Vww6fDo28gZGUgQ3Vwb25zXQpBcHJvdmVpdGUgbyByZXN0byBkbyBmZXN0aXZhbCBlIHZvbHRlIG5vIHByw7N4aW1vIGFubyE=,,W1JlY2VwY2lvbmlzdGEgZGUgQ3Vwb25lc10KwqFEaXNmcnV0YSBlbCByZXN0byBkZWwgZmVzdGl2YWwgeSB2dWVsdmUgZWwgYcOxbyBxdWUgdmllbmUh
QkhsDQ,,W0NvdXBvbiBSZWNlcHRpb25dCllvdSBzdGlsbCBoYXZlIHNvbWUgZXZlbnRzIHlvdSBoYXZlbid0IGNvbXBsZXRlZC4=,,,,,W1JlY2Vww6fDo28gZGUgQ3Vwb25zXQpWb2PDqiBhaW5kYSB0ZW0gYWxndW5zIGV2ZW50b3MgcXVlIG7Do28gY29tcGxldG91Lg==,,W1JlY2VwY2lvbmlzdGEgZGUgQ3Vwb25lc10KVG9kYXbDrWEgdGllbmVzIGFsZ3Vub3MgZXZlbnRvcyBxdWUgbm8gaGFzIGNvbXBsZXRhZG8u
Q0hsDQ,,W0NvdXBvbiBSZWNlcHRpb25dClRoYXQgd291bGQgYmUuLi4gXjAwMDBDRE5vb2RsZSBBcnRpc2FuXjAwMDAwMC4KR28gZmluZCA8TkFWST5bTm9vZGxlIEFydGlzYW4gT3J6b108SU5GTz5sYXNhZ25hLDI4OSwyODUsMCwxMDEsMCw8L0lORk8+PC9OQVZJPiwgY29tcGxldGUgdGhlIGV2ZW50LCBhbmQgY29tZSBiYWNrLg==,,,,,W1JlY2Vww6fDo28gZGUgQ3Vwb25zXQpJc3NvIHNlcmlhLi4uIF4wMDAwQ0RNZXN0cmUgTWFjYXJyw6NvXjAwMDAwMC4KVsOhIGVuY29udHJhciBvIDxOQVZJPltNZXN0cmUgTWFjYXJyw6NvIE9yem9dPElORk8+bGFzYWduYSwyODksMjg1LDAsMTAxLDAsPC9JTkZPPjwvTkFWST4sIGNvbXBsZXRlIG8gZXZlbnRvIGUgdm9sdGUu,,W1JlY2VwY2lvbmlzdGEgZGUgQ3Vwb25lc10KRXNvIHNlcsOtYS4uLiBeMDAwMENETWFlc3RybyBGaWRlb14wMDAwMDAuClZlIGEgPE5BVkk+W01hZXN0cm8gRmlkZW8gT3J6b108SU5GTz5sYXNhZ25hLDI4OSwyODUsMCwxMDEsMCw8L0lORk8+PC9OQVZJPiwgY29tcGxldGEgZWwgZXZlbnRvIHkgdnVlbHZlLg==
REhsDQ,,W0NvdXBvbiBSZWNlcHRpb25dClRoYXQgd291bGQgYmUuLi4gXjAwMDBDRFdhdGVybWVsb24gSGFydmVzdF4wMDAwMDAuCkdvIGZpbmQgPE5BVkk+W0hlbHBlciBSYW1pXTxJTkZPPmxhc2FnbmEsMTAxLDEyMCwwLDEwMSwwLDwvSU5GTz48L05BVkk+LCBjb21wbGV0ZSB0aGUgZXZlbnQsIGFuZCBjb21lIGJhY2su,,,,,W1JlY2Vww6fDo28gZGUgQ3Vwb25zXQpJc3NvIHNlcmlhLi4uIF4wMDAwQ0RDb2xoZWl0YSBkZSBNZWxhbmNpYV4wMDAwMDAuClbDoSBlbmNvbnRyYXIgYSA8TkFWST5bQWp1ZGFudGUgUmFtaV08SU5GTz5sYXNhZ25hLDEwMSwxMjAsMCwxMDEsMCw8L0lORk8+PC9OQVZJPiwgY29tcGxldGUgbyBldmVudG8gZSB2b2x0ZS4=,,W1JlY2VwY2lvbmlzdGEgZGUgQ3Vwb25lc10KRXNvIHNlcsOtYS4uLiBeMDAwMENEQ29zZWNoYSBkZSBTYW5kw61hXjAwMDAwMC4KVmUgYSA8TkFWST5bQXl1ZGFudGUgUmFtaV08SU5GTz5sYXNhZ25hLDEwMSwxMjAsMCwxMDEsMCw8L0lORk8+PC9OQVZJPiwgY29tcGxldGEgZWwgZXZlbnRvIHkgdnVlbHZlLg==
RUhsDQ,,W0NvdXBvbiBSZWNlcHRpb25dClRoYXQgd291bGQgYmUuLi4gXjAwMDBDREJhZCBOb29kbGUgSHVudF4wMDAwMDAuCkdvIGZpbmQgPE5BVkk+W0hlbHBlciBEb21pXTxJTkZPPmxhc2FnbmEsOTAsMjAyLDAsMTAxLDAsPC9JTkZPPjwvTkFWST4sIGNvbXBsZXRlIHRoZSBldmVudCwgYW5kIGNvbWUgYmFjay4=,,,,,W1JlY2Vww6fDo28gZGUgQ3Vwb25zXQpJc3NvIHNlcmlhLi4uIF4wMDAwQ0RDYcOnYSBkZSBNYWNhcnLDtWVzIEVzdHJhZ2Fkb3NeMDAwMDAwLgpWw6EgZW5jb250cmFyIG8gPE5BVkk+W0FqdWRhbnRlIERvbWldPElORk8+bGFzYWduYSw5MCwyMDIsMCwxMDEsMCw8L0lORk8+PC9OQVZJPiwgY29tcGxldGUgbyBldmVudG8gZSB2b2x0ZS4=,,W1JlY2VwY2lvbmlzdGEgZGUgQ3Vwb25lc10KRXNvIHNlcsOtYS4uLiBeMDAwMENERXh0ZXJtaW5pbyBkZSBGaWRlb3MgTWFsb2dyYWRvc14wMDAwMDAuClZlIGEgPE5BVkk+W0F5dWRhbnRlIERvbWldPElORk8+bGFzYWduYSw5MCwyMDIsMCwxMDEsMCw8L0lORk8+PC9OQVZJPiwgY29tcGxldGEgZWwgZXZlbnRvIHkgdnVlbHZlLg==
RkhsDQ,,W0NvdXBvbiBSZWNlcHRpb25dCkNvbWUgdG8gdGhpbmsgb2YgaXQsIHRoZXJlJ3MgYSBeMDAwMENERHVja2xpbmdeMDAwMDAwIHdhbmRlcmluZyBhcm91bmQuIExvb2tzIGxpa2Ugc29tZW9uZSBkcm9wcGVkIGl0Lg==,,,,,W1JlY2Vww6fDo28gZGUgQ3Vwb25zXQpBZ29yYSBxdWUgbWUgbGVtYnJvLCBow6EgdW0gXjAwMDBDRFBhdG9saW5kb14wMDAwMDAgYW5kYW5kbyBwb3IgYcOtLiBQYXJlY2UgcXVlIGFsZ3XDqW0gbyBkZWl4b3UgY2Fpci4=,,W1JlY2VwY2lvbmlzdGEgZGUgQ3Vwb25lc10KQWhvcmEgcXVlIGxvIHBpZW5zbywgaGF5IHVuIF4wMDAwQ0RQYXRvbGlub14wMDAwMDAgcm9uZGFuZG8gcG9yIGFow60uIApQYXJlY2UgcXVlIGFsZ3VpZW4gbG8gZGVqw7MgY2Flci4=
R0hsDQ,,W0NvdXBvbiBSZWNlcHRpb25dCk5vb2RsZXMgYXJlIHRoZSBiZXN0ISBOb29kbGVzIGFyZSB0aGUgYmVzdCEgTm8sIEkgbWVhbiwgSSByZWFsbHkgZG9uJ3QgbmVlZCBhbnl0aGluZyBlbHNlIGlmIEkgaGF2ZSBub29kbGVzISBIYXZlIHlvdSB0cmllZCB0aGVtPyBOb3QgeWV0Pw==,,,,,W1JlY2Vww6fDo28gZGUgQ3Vwb25zXQpNYWNhcnLDo28gw6kgbyBtw6F4aW1vISBNYWNhcnLDo28gw6kgbyBtw6F4aW1vISBRdWVyIGRpemVyLCBldSByZWFsbWVudGUgbsOjbyBwcmVjaXNvIGRlIG1haXMgbmFkYSBzZSB0aXZlciBtYWNhcnLDo28hIFZvY8OqIGrDoSBleHBlcmltZW50b3U/IEFpbmRhIG7Do28/,,W1JlY2VwY2lvbmlzdGEgZGUgQ3Vwb25lc10KwqFMb3MgZmlkZW9zIHNvbiBsbyBtw6F4aW1vISAKwqFMb3MgZmlkZW9zIHNvbiBsbyBtw6F4aW1vISAKTm8sIHF1aWVybyBkZWNpciwgcmVhbG1lbnRlIG5vIG5lY2VzaXRvIG5hZGEgbcOhcyBzaSB0ZW5nbyBmaWRlb3MuIArCv0xvcyBoYXMgcHJvYmFkbz8gCsK/VG9kYXbDrWEgbm8/
SEhsDQ,,W0NvdXBvbiBSZWNlcHRpb25dCkdvIHRvIHRoZSA8TkFWST5bRmVzdGl2YWwgTWFuYWdlcl08SU5GTz5sYXNhZ25hLDgxLDIwMSwwLDEwMSwwLDwvSU5GTz48L05BVkk+IGZpcnN0LCBjb21wbGV0ZSB0aGUgbWFpbiBldmVudCwgYW5kIHRoZW4gZ28gZW5qb3kgc29tZSBub29kbGVzIQ==,,,,,W1JlY2Vww6fDo28gZGUgQ3Vwb25zXQpWw6EgYW8gPE5BVkk+W0dlcmVudGUgZG8gRmVzdGl2YWxdPElORk8+bGFzYWduYSw4MSwyMDEsMCwxMDEsMCw8L0lORk8+PC9OQVZJPiBwcmltZWlybywgY29tcGxldGUgbyBldmVudG8gcHJpbmNpcGFsIGUgZGVwb2lzIHbDoSBjb21lciB1bSBwb3VjbyBkZSBtYWNhcnLDo28h,,W1JlY2VwY2lvbmlzdGEgZGUgQ3Vwb25lc10KVmUgYWwgPE5BVkk+W0RpcmVjdG9yIGRlbCBFdmVudG9dPElORk8+bGFzYWduYSw4MSwyMDEsMCwxMDEsMCw8L0lORk8+PC9OQVZJPiBwcmltZXJvLCBjb21wbGV0YSBlbCBldmVudG8gcHJpbmNpcGFsIHkgbHVlZ28gdmUgYSBkaXNmcnV0YXIgZGUgdW5vcyBmaWRlb3Mu
SUhsDQ,,W0NvdXBvbiBSZWNlcHRpb25dCk9oLCBhcmUgeW91IGhlcmUgZm9yIHRoZSBoYXQ/IEJ1dCB5b3UgYWxyZWFkeSByZWNlaXZlZCB5b3VyIHNvdXZlbmlyIGJlZm9yZS4gVW5mb3J0dW5hdGVseSwgdGhlIF4wMDAwQ0Rzb3V2ZW5pciBjYW4gb25seSBiZSBnaXZlbiBvbmNlXjAwMDAwMC4=,,,,,W1JlY2Vww6fDo28gZGUgQ3Vwb25zXQpPaCwgdm9jw6ogdmVpbyBwZWxvIGNoYXDDqXU/IE1hcyB2b2PDqiBqw6EgcmVjZWJldSBzdWEgbGVtYnJhbsOnYSBhbnRlcy4gSW5mZWxpem1lbnRlLCBhIF4wMDAwQ0RsZW1icmFuw6dhIHPDsyBwb2RlIHNlciBkYWRhIHVtYSB2ZXpeMDAwMDAwLg==,,W1JlY2VwY2lvbmlzdGEgZGUgQ3Vwb25lc10KQWgsIMK/dmluaXN0ZSBwb3IgZWwgc29tYnJlcm8/IApQZXJvIHlhIHJlY2liaXN0ZSB0dSByZWN1ZXJkbyBhbnRlcy4gCkRlc2Fmb3J0dW5hZGFtZW50ZSwgZWwgXjAwMDBDRHJlY3VlcmRvIHNvbG8gc2UgcHVlZGUgZGFyIHVuYSB2ZXpeMDAwMDAwLg==
SkhsDQ,,W0NvdXBvbiBSZWNlcHRpb25dCkJ1dCB0aGUgZmVzdGl2YWwgaXMgc3RpbGwgZ29pbmcgb24sIHNvIGdvIGVuam95IHRoaXMgaG90IHN1bW1lciB3aXRoIHRoZSBmZXN0aXZhbCE=,,,,,W1JlY2Vww6fDo28gZGUgQ3Vwb25zXQpNYXMgbyBmZXN0aXZhbCBhaW5kYSBlc3TDoSBhY29udGVjZW5kbywgZW50w6NvIHbDoSBhcHJvdmVpdGFyIGVzdGUgdmVyw6NvIHF1ZW50ZSBjb20gbyBmZXN0aXZhbCE=,,W1JlY2VwY2lvbmlzdGEgZGUgQ3Vwb25lc10KUGVybyBlbCBmZXN0aXZhbCBhw7puIGNvbnRpbsO6YSwgwqFhc8OtIHF1ZSB2ZSBhIGRpc2ZydXRhciBkZSBlc3RlIHZlcmFubyBjYWxpZW50ZSBjb24gZWwgZmVzdGl2YWwh
S0hsDQ,,UHJpemUgRXhjaGFuZ2U=,,,,,VHJvY2EgZGUgUHLDqm1pb3M=,,Q2FuamUgZGUgUHJlbWlvcw==
TEhsDQ,,RXhjaGFuZ2UgeW91ciBSYXZpb2xpIENvaW5zIGZvciBwcml6ZXMh,,,,,VHJvcXVlIHN1YXMgTW9lZGFzIFJhdmlvbGkgcG9yIHByw6ptaW9zIQ==,,wqFDYW1iaWEgdHVzIE1vbmVkYXMgUmF2aW9saSBwb3IgcHJlbWlvcyE=
TUhsDQ,,W1ByaXplIEV4Y2hhbmdlXQpZb3UndmUgcGFydGljaXBhdGVkIGluIHRoZSBmZXN0aXZhbCBldmVudHMgYW5kIHJlY2VpdmVkIDxJVEVNPltSYXZpb2xpIENvaW5dPElORk8+MjUzNjY8L0lORk8+PC9JVEVNPiwgcmlnaHQ/CldpdGggeW91ciBGZXN0aXZhbCBDb2lucywgeW91IGNhbiBwdXJjaGFzZSA8SVRFTT5bRmFyZmFsbGUgQ291cG9uXTxJTkZPPjEwMDA1NzA8L0lORk8+PC9JVEVNPiwgd2hpY2ggd2UncmUgc2VsbGluZyB0byByYWlzZSBmdW5kcyBmb3IgdGhlIE5vb2RsZSBGZXN0aXZhbC4=,,,,,W1Ryb2NhIGRlIFByw6ptaW9zXQpWb2PDqiBwYXJ0aWNpcG91IGRvcyBldmVudG9zIGRvIGZlc3RpdmFsIGUgcmVjZWJldSA8SVRFTT5bTW9lZGEgUmF2aW9saV08SU5GTz4yNTM2NjwvSU5GTz48L0lURU0+LCBjZXJ0bz8KQ29tIHN1YXMgTW9lZGEgUmF2aW9saSwgdm9jw6ogcG9kZSBjb21wcmFyIDxJVEVNPltDdXBvbSBGYXJmYWxsZcKtXTxJTkZPPjEwMDA1NzA8L0lORk8+PC9JVEVNPiwgcXVlIGVzdGFtb3MgdmVuZGVuZG8gcGFyYSBhcnJlY2FkYXIgZnVuZG9zIHBhcmEgbyBGZXN0aXZhbCBkbyBNYWNhcnLDo28u,,W0NhbmplIGRlIFByZW1pb3NdClBhcnRpY2lwYXN0ZSBlbiBsb3MgZXZlbnRvcyBkZWwgZmVzdGl2YWwgeSByZWNpYmlzdGUgPElURU0+W01vbmVkYXMgUmF2aW9saV08SU5GTz4yNTM2NjwvSU5GTz48L0lURU0+LCDCv3ZlcmRhZD8KQ29uIHR1cyBNb25lZGFzIGRlbCBGZXN0aXZhbCwgcHVlZGVzIGNvbXByYXIgPElURU0+W0N1cMOzbiBGYXJmYWxsZV08SU5GTz4xMDAwNTcwPC9JTkZPPjwvSVRFTT4sIHF1ZSBlc3RhbW9zIHZlbmRpZW5kbyBwYXJhIHJlY2F1ZGFyIGZvbmRvcyBwYXJhIGVsIEZlc3RpdmFsIGRlIEZpZGVvcy4=
TkhsDQ,,W1ByaXplIEV4Y2hhbmdlXQpZb3UgY2FuIGV4Y2hhbmdlIHRoZSBGYXJmYWxsZSBDb3Vwb25zIGZvciB2YXJpb3VzIGVxdWlwbWVudCBvciB1c2VmdWwgY29uc3VtYWJsZSBpdGVtcyEgV2hhdCBkbyB5b3UgdGhpbms/IFRoZXNlIGFyZSBvbmx5IGF2YWlsYWJsZSBkdXJpbmcgdGhpcyBzZWFzb24h,,,,,W1Ryb2NhIGRlIFByw6ptaW9zXQpWb2PDqiBwb2RlIHRyb2NhciBvcyBDdXBvbnMgRmFyZmFsbGXCrSBwb3IgdsOhcmlvcyBlcXVpcGFtZW50b3Mgb3UgaXRlbnMgY29uc3Vtw612ZWlzIMO6dGVpcyEgTyBxdWUgYWNoYT8gRXN0ZXMgc8OzIGVzdMOjbyBkaXNwb27DrXZlaXMgZHVyYW50ZSBlc3RhIHRlbXBvcmFkYSE=,,W0NhbmplIGRlIFByZW1pb3NdCsKhUHVlZGVzIGNhbWJpYXIgbG9zIEN1cMOzbnMgRmFyZmFsbGUgcG9yIHZhcmlvcyBlcXVpcG9zIHUgb2JqZXRvcyBjb25zdW1pYmxlcyDDunRpbGVzISAKwr9RdcOpIHRlIHBhcmVjZT8gCsKhU29sbyBlc3TDoW4gZGlzcG9uaWJsZXMgZHVyYW50ZSBlc3RhIHRlbXBvcmFkYSE=
T0hsDQ,,UHVyY2hhc2UgRmFyZmFsbGUgQ291cG9u,,,,,Q29tcHJhciBDdXBvbSBGYXJmYWxsZcKt,,Q29tcHJhciBDdXDDs24gRmFyZmFsbGU=
UEhsDQ,,RXhjaGFuZ2UgZm9yIEVxdWlwbWVudA==,,,,,VHJvY2FyIHBvciBFcXVpcGFtZW50b3M=,,Q2FtYmlhciBwb3IgRXF1aXBv
UUhsDQ,,RXhjaGFuZ2UgZm9yIENvbnN1bWFibGVz,,,,,VHJvY2FyIHBvciBDb25zdW3DrXZlaXM=,,Q2FtYmlhciBwb3IgQ29uc3VtaWJsZXM=
UkhsDQ,,Tm90IGludGVyZXN0ZWQu,,,,,TsOjbyBlc3RvdSBpbnRlcmVzc2Fkby4=,,Tm8gbWUgaW50ZXJlc2Eu
U0hsDQ,,W1ByaXplIEV4Y2hhbmdlXQpZb3UgY2FuIHB1cmNoYXNlIF4wMDAwQ0QxIEZhcmZhbGxlIENvdXBvbl4wMDAwMDAgZm9yIF4wMDAwQ0Q1IFJhdmlvbGkgQ29pbnNeMDAwMDAwLgpJZiB5b3UncmUgc2hvcnQgb24gRmVzdGl2YWwgQ29pbnMsIHlvdSBjYW4gYnV5IF4wMDAwQ0QxIGNlcnRpZmljYXRlIGZvciAxMDAsMDAwIFplbnleMDAwMDAwLiBXaGljaCBjdXJyZW5jeSB3b3VsZCB5b3UgbGlrZSB0byB1c2U/,,,,,W1Ryb2NhIGRlIFByw6ptaW9zXQpWb2PDqiBwb2RlIGNvbXByYXIgXjAwMDBDRDEgQ3Vwb20gRmFyZmFsbGXCrV4wMDAwMDAgcG9yIF4wMDAwQ0Q1IE1vZWRhcyBSYXZpb2xpXjAwMDAwMC4KU2Ugdm9jw6ogZXN0aXZlciBjb20gcG91Y2FzIE1vZWRhIFJhdmlvbGksIHBvZGUgY29tcHJhciBeMDAwMENEMSBjZXJ0aWZpY2FkbyBwb3IgMTAwLjAwMCBaZW55XjAwMDAwMC4gUXVhbCBtb2VkYSB2b2PDqiBnb3N0YXJpYSBkZSB1c2FyPw==,,W0NhbmplIGRlIFByZW1pb3NdClB1ZWRlcyBjb21wcmFyIF4wMDAwQ0QxIEN1cMOzbiBGYXJmYWxsZV4wMDAwMDAgcG9yIF4wMDAwQ0Q1IE1vbmVkYXMgUmF2aW9saV4wMDAwMDAuClNpIHRlIGZhbHRhbiBNb25lZGFzIGRlbCBGZXN0aXZhbCwgcHVlZGVzIGNvbXByYXIgXjAwMDBDRDEgY2VydGlmaWNhZG8gcG9yIDEwMCwwMDAgWmVueV4wMDAwMDAuIArCv1F1w6kgbW9uZWRhIHRlIGd1c3RhcsOtYSB1c2FyPw==
VEhsDQ,,UHVyY2hhc2Ugd2l0aCBSYXZpb2xpIENvaW5z,,,,,Q29tcHJhciBjb20gTW9lZGFzIFJhdmlvbGk=,,Q29tcHJhciBjb24gTW9uZWRhcyBSYXZpb2xp
VUhsDQ,,UHVyY2hhc2Ugd2l0aCBaZW55,,,,,Q29tcHJhciBjb20gWmVueQ==,,Q29tcHJhciBjb24gWmVueQ==
VkhsDQ,,W1ByaXplIEV4Y2hhbmdlXQpHb3QgaXR+ClRoYW5rIHlvdSBzbyBtdWNoIGZvciBjb250cmlidXRpbmcgdG8gdGhlIGRldmVsb3BtZW50IG9mIHRoZSBOb29kbGUgRmVzdGl2YWwhISE=,,,,,W1Ryb2NhIGRlIFByw6ptaW9zXQpFbnRlbmRpZG9+Ck11aXRvIG9icmlnYWRvIHBvciBjb250cmlidWlyIHBhcmEgbyBkZXNlbnZvbHZpbWVudG8gZG8gRmVzdGl2YWwgZG8gTWFjYXJyw6NvISEh,,W0NhbmplIGRlIFByZW1pb3NdCkVudGVuZGlkb34KwqFNdWNoYXMgZ3JhY2lhcyBwb3IgY29udHJpYnVpciBhbCBkZXNhcnJvbGxvIGRlbCBGZXN0aXZhbCBkZSBGaWRlb3MhISE=
V0hsDQ,,W1ByaXplIEV4Y2hhbmdlXQpJcyB0aGF0IHNvPyBCdXQgcmVtZW1iZXIsIHN1bW1lciBpcyBzaG9ydGVyIHRoYW4geW91IHRoaW5rLg==,,,,,W1Ryb2NhIGRlIFByw6ptaW9zXQrDiSBhc3NpbT8gTWFzIGxlbWJyZS1zZSwgbyB2ZXLDo28gw6kgbWFpcyBjdXJ0byBkbyBxdWUgdm9jw6ogaW1hZ2luYS4=,,W0NhbmplIGRlIFByZW1pb3NdCsK/QWgsIHPDrT8gClBlcm8gcmVjdWVyZGEsIGVsIHZlcmFubyBlcyBtw6FzIGNvcnRvIGRlIGxvIHF1ZSBwaWVuc2FzLg==
WEhsDQ,,W1ByaXplIEV4Y2hhbmdlXQpHb3QgaXR+CkV4Y2hhbmdlIGZvciB0aGUgZXF1aXBtZW50IHlvdSB3YW50IGFuZCBzdGF5IGhlYWx0aHkgd2l0aCBub29kbGVzIHRoaXMgaG90IHN1bW1lciE=,,,,,W1Ryb2NhIGRlIFByw6ptaW9zXQpFbnRlbmRpZG9+ClRyb3F1ZSBwZWxvIGVxdWlwYW1lbnRvIHF1ZSB2b2PDqiBkZXNlamEgZSBtYW50ZW5oYS1zZSBzYXVkw6F2ZWwgY29tIG1hY2FycsOjbyBuZXN0ZSB2ZXLDo28gcXVlbnRlIQ==,,W0NhbmplIGRlIFByZW1pb3NdCkVudGVuZGlkb34KwqFDYW1iaWEgcG9yIGVsIGVxdWlwbyBxdWUgcXVpZXJhcyB5IG1hbnRlbnRlIHNhbHVkYWJsZSBjb24gZmlkZW9zIGVuIGVzdGUgdmVyYW5vIGNhbGllbnRlIQ==
WUhsDQ,,W1ByaXplIEV4Y2hhbmdlXQpHb3QgaXR+CkV4Y2hhbmdlIGZvciB0aGUgY29uc3VtYWJsZXMgeW91IHdhbnQgYW5kIHN0YXkgaGVhbHRoeSB3aXRoIG5vb2RsZXMgdGhpcyBob3Qgc3VtbWVyIQ==,,,,,W1Ryb2NhIGRlIFByw6ptaW9zXQpFbnRlbmRpZG9+ClRyb3F1ZSBwZWxvcyBjb25zdW3DrXZlaXMgcXVlIHZvY8OqIGRlc2VqYSBlIG1hbnRlbmhhLXNlIHNhdWTDoXZlbCBjb20gbWFjYXJyw6NvIG5lc3RlIHZlcsOjbyBxdWVudGUh,,W0NhbmplIGRlIFByZW1pb3NdCkVudGVuZGlkb34KwqFDYW1iaWEgcG9yIGxvcyBjb25zdW1pYmxlcyBxdWUgcXVpZXJhcyB5IG1hbnRlbnRlIHNhbHVkYWJsZSBjb24gZmlkZW9zIGVuIGVzdGUgdmVyYW5vIGNhbGllbnRlIQ==
WkhsDQ,,W1ByaXplIEV4Y2hhbmdlXQpJcyB0aGF0IHNvPyBCdXQgcmVtZW1iZXIsIHN1bW1lciBpcyBzaG9ydGVyIHRoYW4geW91IHRoaW5rLiBJZiB5b3UgZmluZCBzb21ldGhpbmcgeW91IHdhbnQgdG8gZXhjaGFuZ2UsIHlvdSBtdXN0IGNvbWUgZHVyaW5nIHRoZSBmZXN0aXZhbCBwZXJpb2Qu,,,,,W1Ryb2NhIGRlIFByw6ptaW9zXQrDiSBhc3NpbT8gTWFzIGxlbWJyZS1zZSwgbyB2ZXLDo28gw6kgbWFpcyBjdXJ0byBkbyBxdWUgdm9jw6ogaW1hZ2luYS4gU2Ugdm9jw6ogZW5jb250cmFyIGFsZ28gcXVlIHF1ZWlyYSB0cm9jYXIsIGRldmUgdmlyIGR1cmFudGUgbyBwZXLDrW9kbyBkbyBmZXN0aXZhbC4=,,W0NhbmplIGRlIFByZW1pb3NdCsK/QWgsIHPDrT8gClBlcm8gcmVjdWVyZGEsIGVsIHZlcmFubyBlcyBtw6FzIGNvcnRvIGRlIGxvIHF1ZSBwaWVuc2FzLiAKU2kgZW5jdWVudHJhcyBhbGdvIHF1ZSBxdWllcmFzIGNhbWJpYXIsIGRlYmVzIHZlbmlyIGR1cmFudGUgZWwgcGVyw61vZG8gZGVsIGZlc3RpdmFsLg==
W0hsDQ,,W1ByaXplIEV4Y2hhbmdlXQpJZiB5b3UndmUgZWFybmVkIGNvaW5zIGZyb20gcGFydGljaXBhdGluZyBpbiB0aGUgTm9vZGxlIEZlc3RpdmFsIGV2ZW50cywgYnJpbmcgdGhlbSB0byBtZSE=,,,,,W1Ryb2NhIGRlIFByw6ptaW9zXQpTZSB2b2PDqiBnYW5ob3UgbW9lZGFzIHBhcnRpY2lwYW5kbyBkb3MgZXZlbnRvcyBkbyBGZXN0aXZhbCBkbyBNYWNhcnLDo28sIHRyYWdhLWFzIHBhcmEgbWltIQ==,,W0NhbmplIGRlIFByZW1pb3NdCsKhU2kgaGFzIGdhbmFkbyBtb25lZGFzIHBhcnRpY2lwYW5kbyBlbiBsb3MgZXZlbnRvcyBkZWwgRmVzdGl2YWwgZGUgRmlkZW9zLCB0csOhZW1lbGFzIQ==
XEhsDQ,,UHJpemUgUmFmZmxl,,,,,U29ydGVpbyBkZSBQcsOqbWlvcw==,,U29ydGVvIGRlIFByZW1pb3M=
XUhsDQ,,UmFmZmxlIHlvdXIgRmFyZmFsbGUgQ291cG9ucyBmb3IgcHJpemVzISBZb3UgY291bGQgYmUgdGhlIGx1Y2t5IHdpbm5lciEhIQ==,,,,,UGFydGljaXBlIGRvIHNvcnRlaW8gY29tIHNldXMgQ3Vwb25zIEZhcmZhbGxlwq0hIFZvY8OqIHBvZGUgc2VyIG8gc29ydHVkbyB2ZW5jZWRvciEhIQ==,,wqFQYXJ0aWNpcGEgZW4gZWwgc29ydGVvIGNvbiB0dXMgQ3Vww7NucyBGYXJmYWxsZSEgIMKhUG9kcsOtYXMgc2VyIGVsIGFmb3J0dW5hZG8gZ2FuYWRvciEhIQ==
XkhsDQ,,W1ByaXplIFJhZmZsZV0KSWYgeW91IGhhdmUgRmFyZmFsbGUgQ291cG9ucywgdHJ5IHlvdXIgbHVjayBhdCB0aGUgcmFmZmxlIHdpdGggdmFyaW91cyBwcml6ZXMh,,,,,W1NvcnRlaW8gZGUgUHLDqm1pb3NdClNlIHZvY8OqIHRlbSBDdXBvbnMgRmFyZmFsbGXCrSwgdGVudGUgc3VhIHNvcnRlIG5vIHNvcnRlaW8gY29tIHbDoXJpb3MgcHLDqm1pb3Mh,,W1NvcnRlbyBkZSBQcmVtaW9zXQpTaSB0aWVuZXMgQ3Vww7NucyBGYXJmYWxsZSwgwqFwcnVlYmEgc3VlcnRlIGVuIGVsIHNvcnRlbyBjb24gdmFyaW9zIHByZW1pb3Mh
X0hsDQ,,SSB3YW50IHRvIGpvaW4gdGhlIHJhZmZsZSE=,,,,,UXVlcm8gcGFydGljaXBhciBkbyBzb3J0ZWlvIQ==,,wqFRdWllcm8gdW5pcm1lIGFsIHNvcnRlbyE=
YEhsDQ,,TWF5YmUgbmV4dCB0aW1lLg==,,,,,VGFsdmV6IG5hIHByw7N4aW1hLg==,,UXVpesOhcyBsYSBwcsOzeGltYSB2ZXou
YUhsDQ,,W1ByaXplIFJhZmZsZV0KTGV0J3Mgc2VlLCBsZXQncyBzZWUuLi4gV2hhdCB3aWxsIGl0IGJlLi4uLi4=,,,,,W1NvcnRlaW8gZGUgUHLDqm1pb3NdClZhbW9zIHZlciwgdmFtb3MgdmVyLi4uIE8gcXVlIHNlcsOhIHF1ZSB2YWkgc2Fpci4uLi4u,,W1NvcnRlbyBkZSBQcmVtaW9zXQpWZWFtb3MsIHZlYW1vcy4uIMK/UXXDqSBzZXLDoS4uLi4=
YkhsDQ,,VGEtZGEhISEgV2VyZSB5b3UgbHVja3k/IFBsZWFzZSB1c2UgdXMgYWdhaW4gbmV4dCB0aW1lIQ==,,,,,VGEtZMOhISEhIFZvY8OqIHRldmUgc29ydGU/IFBvciBmYXZvciwgdXNlLW5vcyBub3ZhbWVudGUgbmEgcHLDs3hpbWEgdmV6IQ==,,wqFUYS1kw6EhIMK/VHV2aXN0ZSBzdWVydGU/IMKhUG9yIGZhdm9yLCDDunNhbm9zIGRlIG51ZXZvIGxhIHByw7N4aW1hIHZleiE=
Y0hsDQ,,W1ByaXplIFJhZmZsZV0KT2ghIEJ1dCB5b3VyIGludmVudG9yeSBsb29rcyB0b28gaGVhdnkhIFlvdSBuZWVkIHRvIGxlYXZlIHJvb20gdG8gY2FycnkgeW91ciBwcml6ZXMh,,,,,W1NvcnRlaW8gZGUgUHLDqm1pb3NdCkFoISBNYXMgc2V1IGludmVudMOhcmlvIHBhcmVjZSBtdWl0byBwZXNhZG8hIFZvY8OqIHByZWNpc2EgZGVpeGFyIGVzcGHDp28gcGFyYSBjYXJyZWdhciBzZXVzIHByw6ptaW9zIQ==,,W1NvcnRlbyBkZSBQcmVtaW9zXQrCoUFoISAKwqFQZXJvIHR1IGludmVudGFyaW8gc2UgdmUgZGVtYXNpYWRvIHBlc2FkbyEgCsKhTmVjZXNpdGFzIGRlamFyIGVzcGFjaW8gcGFyYSBsbGV2YXIgdHVzIHByZW1pb3Mh
ZEhsDQ,,W1ByaXplIFJhZmZsZV0KQnV0IHlvdSBkb24ndCBoYXZlIGFueSBGYXJmYWxsZSBDb3Vwb25zLiBQbGVhc2UgY2hlY2sgYWdhaW4u,,,,,W1NvcnRlaW8gZGUgUHLDqm1pb3NdCk1hcyB2b2PDqiBuw6NvIHRlbSBDdXBvbnMgRmFyZmFsbGXCrS4gUG9yIGZhdm9yLCB2ZXJpZmlxdWUgbm92YW1lbnRlLg==,,W1NvcnRlbyBkZSBQcmVtaW9zXQpQZXJvIG5vIHRpZW5lcyBuaW5nw7puIEN1cMOzbiBGYXJmYWxsZS4gClBvciBmYXZvciwgdmVyaWZpY2EgZGUgbnVldm8u
ZUhsDQ,,W1ByaXplIFJhZmZsZV0KWW91IGNhbiBwdXJjaGFzZSBGYXJmYWxsZSBDb3Vwb25zIGZyb20gdGhlIDxOQVZJPltQcml6ZSBFeGNoYW5nZV08SU5GTz5sYXNhZ25hLDg2LDIwNywwLDEwMSwwLDwvSU5GTz48L05BVkk+IE5QQyBuZXh0IHRvIG1lLg==,,,,,W1NvcnRlaW8gZGUgUHLDqm1pb3NdClZvY8OqIHBvZGUgY29tcHJhciBDdXBvbnMgRmFyZmFsbGXCrSBjb20gbyBOUEMgPE5BVkk+W1Ryb2NhIGRlIFByw6ptaW9zXTxJTkZPPmxhc2FnbmEsODYsMjA3LDAsMTAxLDAsPC9JTkZPPjwvTkFWST4gYW8gbWV1IGxhZG8u,,W1NvcnRlbyBkZSBQcmVtaW9zXQpQdWVkZXMgY29tcHJhciBDdXDDs25zIEZhcmZhbGxlIGVuIGVsIE5QQyA8TkFWST5bQ2FuamUgZGUgUHJlbWlvc108SU5GTz5sYXNhZ25hLDg2LDIwNywwLDEwMSwwLDwvSU5GTz48L05BVkk+IHF1ZSBlc3TDoSBhIG1pIGxhZG8u
ZkhsDQ,,W1ByaXplIFJhZmZsZV0KR290IGl0ISBUaGUgbmV4dCBsdWNreSB3aW5uZXIgY291bGQgYmUgeW91IQ==,,,,,W1NvcnRlaW8gZGUgUHLDqm1pb3NdCkVudGVuZGlkbyEgTyBwcsOzeGltbyBzb3J0dWRvIHZlbmNlZG9yIHBvZGUgc2VyIHZvY8OqIQ==,,W1NvcnRlbyBkZSBQcmVtaW9zXQrCoUVudGVuZGlkbyEgCsKhRWwgcHLDs3hpbW8gYWZvcnR1bmFkbyBnYW5hZG9yIHBvZHLDrWFzIHNlciB0w7oh
Z0hsDQ,,W1ByaXplIFJhZmZsZV0KSWYgeW91IGhhdmUgRmFyZmFsbGUgQ291cG9ucywgdHJ5IHRoZSByYWZmbGUgYmVmb3JlIHlvdSBnbyEgWW91IGNvdWxkIGJlIHRoZSBsdWNreSB3aW5uZXIhISE=,,,,,W1NvcnRlaW8gZGUgUHLDqm1pb3NdClNlIHZvY8OqIHRlbSBDdXBvbnMgRmFyZmFsbGXCrSwgdGVudGUgbyBzb3J0ZWlvIGFudGVzIGRlIGlyISBWb2PDqiBwb2RlIHNlciBvIHNvcnR1ZG8gdmVuY2Vkb3IhISE=,,W1NvcnRlbyBkZSBQcmVtaW9zXQpTaSB0aWVuZXMgQ3Vww7NucyBGYXJmYWxsZSwgwqFwcnVlYmEgZWwgc29ydGVvIGFudGVzIGRlIGlydGUhIArCoVBvZHLDrWFzIHNlciBlbCBhZm9ydHVuYWRvIGdhbmFkb3IhISE=
aEhsDQ,,Tm9vZGxlIEZlc3RhIFByb21vdGlvbiBOUEM=,,,,,UHJvbW90b3IgZG8gRmVzdGl2YWwgZG8gTWFjYXJyw6Nv,,UHJvbW90b3IgZGVsIEZlc3RpdmFsIGRlIEZpZGVvcw==
aUhsDQ,,W05vb2RsZSBGZXN0YSBQcm9tb3Rpb24gTlBDXQpXYW50IHRvIGpvaW4gdGhlIE5vb2RsZSBGZXN0aXZhbD8gVW5mb3J0dW5hdGVseSwgaXQgbG9va3MgbGlrZSB5b3UgbmVlZCB0byBncm93IGEgYml0IG1vcmUgZmlyc3Qu,,,,,W1Byb21vdG9yIGRvIEZlc3RpdmFsIGRvIE1hY2FycsOjb10KUXVlciBwYXJ0aWNpcGFyIGRvIEZlc3RpdmFsIGRvIE1hY2FycsOjbz8gSW5mZWxpem1lbnRlLCBwYXJlY2UgcXVlIHZvY8OqIHByZWNpc2EgY3Jlc2NlciB1bSBwb3VjbyBtYWlzIHByaW1laXJvLg==,,W1Byb21vdG9yIGRlbCBGZXN0aXZhbCBkZSBGaWRlb3NdCsK/UXVpZXJlcyB1bmlydGUgYWwgRmVzdGl2YWwgZGUgRmlkZW9zPyAKRGVzYWZvcnR1bmFkYW1lbnRlLCBwYXJlY2UgcXVlIG5lY2VzaXRhcyBjcmVjZXIgdW4gcG9jbyBtw6FzIHByaW1lcm8u
akhsDQ,,W05vb2RsZSBGZXN0YSBQcm9tb3Rpb24gTlBDXQpIZWxsbyEKSXQncyBhIGhvdCBzdW1tZXIgdGhhdCB3ZWFycyBkb3duIGJvdGggYm9keSBhbmQgbWluZCwgaXNuJ3QgaXQ/IEhvdyBhYm91dCBhIGRlbGljaW91cyBib3dsIG9mIG5vb2RsZXM/,,,,,W1Byb21vdG9yIGRvIEZlc3RpdmFsIGRvIE1hY2FycsOjb10KT2zDoSEKw4kgdW0gdmVyw6NvIHF1ZW50ZSBxdWUgZGVzZ2FzdGEgdGFudG8gbyBjb3JwbyBxdWFudG8gYSBtZW50ZSwgbsOjbyDDqT8gUXVlIHRhbCB1bWEgZGVsaWNpb3NhIHRpZ2VsYSBkZSBtYWNhcnLDo28/,,W1Byb21vdG9yIGRlbCBGZXN0aXZhbCBkZSBGaWRlb3NdCsKhSG9sYSEKSGFjZSB1biB2ZXJhbm8gY2FsaWVudGUgcXVlIGFnb3RhIGN1ZXJwbyB5IG1lbnRlLCDCv3ZlcmRhZD8gCsK/UXXDqSB0YWwgdW4gZGVsaWNpb3NvIHBsYXRvIGRlIGZpZGVvcz8=
a0hsDQ,,W05vb2RsZSBGZXN0YSBQcm9tb3Rpb24gTlBDXQpSaWdodCBub3csIHRoZSBeMDAwMENER3JlYXQgTm9vZGxlIEZlc3RpdmFsXjAwMDAwMCBpcyBpbiBmdWxsIHN3aW5nIGluIF4wMDAwQ0RMYXNhZ25hXjAwMDAwMCEgT25lIGJvd2wgb2YgY2hld3ksIGRlbGljaW91cyBub29kbGVzIHdpbGwgcmVzdG9yZSB5b3VyIGVuZXJneSE=,,,,,W1Byb21vdG9yIGRvIEZlc3RpdmFsIGRvIE1hY2FycsOjb10KTmVzdGUgZXhhdG8gbW9tZW50bywgbyBeMDAwMENER3JhbmRlIEZlc3RpdmFsIGRvIE1hY2FycsOjb14wMDAwMDAgZXN0w6EgYSB0b2RvIHZhcG9yIGVtIF4wMDAwQ0RMYXNhZ25hXjAwMDAwMCEgVW1hIHRpZ2VsYSBkZSBtYWNhcnLDo28gbWFjaW8gZSBkZWxpY2lvc28gcmVzdGF1cmFyw6Egc3VhIGVuZXJnaWEh,,W1Byb21vdG9yIGRlbCBGZXN0aXZhbCBkZSBGaWRlb3NdCsKhQWhvcmEgbWlzbW8sIGVsIF4wMDAwQ0RHcmFuIEZlc3RpdmFsIGRlIEZpZGVvc14wMDAwMDAgZXN0w6EgZW4gcGxlbm8gYXBvZ2VvIGVuIF4wMDAwQ0RMYXNhZ25hXjAwMDAwMCEgCsKhVW4gcGxhdG8gZGUgZmlkZW9zIG1hc3RpY2FibGVzIHkgZGVsaWNpb3NvcyByZXN0YXVyYXLDoSB0dSBlbmVyZ8OtYSE=
bEhsDQ,,W05vb2RsZSBGZXN0YSBQcm9tb3Rpb24gTlBDXQpXb3VsZCB5b3UgbGlrZSB0byBoZWFkIHRvIExhc2FnbmEgdG8gc29vdGhlIHlvdXIgdGlyZWQgYm9keSB3aXRoIG5vb2RsZXM/IEkgY2FuIHNlbmQgeW91IHRoZXJlIHJpZ2h0IG5vdyE=,,,,,W1Byb21vdG9yIGRvIEZlc3RpdmFsIGRvIE1hY2FycsOjb10KR29zdGFyaWEgZGUgaXIgcGFyYSBMYXNhZ25hIHBhcmEgYWNhbG1hciBzZXUgY29ycG8gY2Fuc2FkbyBjb20gbWFjYXJyw6NvPyBQb3NzbyB0ZSBlbnZpYXIgYWdvcmEgbWVzbW8h,,W1Byb21vdG9yIGRlbCBGZXN0aXZhbCBkZSBGaWRlb3NdCsK/VGUgZ3VzdGFyw61hIGlyIGEgTGFzYWduYSBwYXJhIGNhbG1hciB0dSBjdWVycG8gY2Fuc2FkbyBjb24gZmlkZW9zPyAKwqFQdWVkbyBlbnZpYXJ0ZSBhaG9yYSBtaXNtbyE=
bUhsDQ,,SSB3YW50IHRvIGdvIG5vdyE=,,,,,UXVlcm8gaXIgYWdvcmEh,,wqFRdWllcm8gaXIgYWhvcmEh
bkhsDQ,,SSdsbCBnbyBsYXRlci4=,,,,,SXJlaSBtYWlzIHRhcmRlLg==,,SXLDqSBkZXNwdcOpcy4=
b0hsDQ,,W05vb2RsZSBGZXN0YSBQcm9tb3Rpb24gTlBDXQpHcmVhdCEgSWYgeW91IGhhcHBlbiB0byBnZXQgYSBsb3Qgb2YgPElURU0+W0Zlc3RpdmFsIEZhbl08SU5GTz4yNTM2NzwvSU5GTz48L0lURU0+IGR1cmluZyB0aGUgZXZlbnQsIGJyaW5nIHRoZW0gdG8gdXMuIFdlJ2xsIHNlbmQgeW91IHN0cmFpZ2h0IHRvIHRoZSB2ZW51ZS4gT2YgY291cnNlLCB0aGUgZmlyc3QgdHJpcCBpcyBmcmVlIQ==,,,,,W1Byb21vdG9yIGRvIEZlc3RpdmFsIGRvIE1hY2FycsOjb10Kw5N0aW1vISBTZSB2b2PDqiBjb25zZWd1aXIgbXVpdG9zIDxJVEVNPltMZXF1ZXMgZG8gRmVzdGl2YWxdPElORk8+MjUzNjc8L0lORk8+PC9JVEVNPiBkdXJhbnRlIG8gZXZlbnRvLCB0cmFnYS1vcyBwYXJhIG7Ds3MuIE7Ds3MgdGUgZW52aWFyZW1vcyBkaXJldG8gcGFyYSBvIGxvY2FsLiBDbGFybywgYSBwcmltZWlyYSB2aWFnZW0gw6kgZ3LDoXRpcyE=,,W1Byb21vdG9yIGRlbCBGZXN0aXZhbCBkZSBGaWRlb3NdCsKhR2VuaWFsISBTaSBsbGVnYXMgYSB0ZW5lciBtdWNob3MgPElURU0+W0FiYW5pY29zIGRlbCBGZXN0aXZhbF08SU5GTz4yNTM2NzwvSU5GTz48L0lURU0+IGR1cmFudGUgZWwgZXZlbnRvLCB0csOhZW5vc2xvcy4gVGUgZW52aWFyZW1vcyBkaXJlY3RhbWVudGUgYWwgbHVnYXIuIArCoVBvciBzdXB1ZXN0bywgZWwgcHJpbWVyIHZpYWplIGVzIGdyYXRpcyE=
cEhsDQ,,W05vb2RsZSBGZXN0YSBQcm9tb3Rpb24gTlBDXQpUaGVuIEknbGwgZ3VpZGUgeW91IHRvIHRoZSB2ZW51ZSByaWdodCBub3chIE5vb2RsZXMgYXJlIHRoZSBiZXN0ISBOb29kbGVzIGFyZSB0aGUgYmVzdCEh,,,,,W1Byb21vdG9yIGRvIEZlc3RpdmFsIGRvIE1hY2FycsOjb10KRW50w6NvLCB2b3UgdGUgZ3VpYXIgcGFyYSBvIGxvY2FsIGFnb3JhIG1lc21vISBNYWNhcnLDo28gw6kgZGVtYWlzISBNYWNhcnLDo28gw6kgZGVtYWlzISE=,,W1Byb21vdG9yIGRlbCBGZXN0aXZhbCBkZSBGaWRlb3NdCkVudG9uY2VzLCDCoXRlIGd1aWFyw6kgYWwgbHVnYXIgYWhvcmEgbWlzbW8hIArCoUxvcyBmaWRlb3Mgc29uIGxvIG3DoXhpbW8hIArCoUxvcyBmaWRlb3Mgc29uIGxvIG3DoXhpbW8h
cUhsDQ,,W05vb2RsZSBGZXN0YSBQcm9tb3Rpb24gTlBDXQpUaGUgZXZlbnQgcnVucyBmb3Igb25lIG1vbnRoIHdoaWxlIHRoZSBncmVhdCBtb29uIGlzIHVwLCBzbyBiZSBzdXJlIHRvIGNvbWUgYnkgZXZlbiBpZiBpdCdzIGxhdGVyIQpCdXQgdGhlIG1vb24gd2FuZXMgYWZ0ZXIgaXQncyBmdWxsLCBzbyBkb24ndCBjb21lIHRvbyBsYXRlISBOb29kbGVzIGFyZSB0aGUgYmVzdCEgTm9vZGxlcyBhcmUgdGhlIGJlc3QhIQ==,,,,,W1Byb21vdG9yIGRvIEZlc3RpdmFsIGRvIE1hY2FycsOjb10KTyBldmVudG8gZHVyYSB1bSBtw6pzIGVucXVhbnRvIGEgZ3JhbmRlIGx1YSBlc3TDoSBhbHRhLCBlbnTDo28gbsOjbyBkZWl4ZSBkZSB2aXIsIG1lc21vIHF1ZSBzZWphIG1haXMgdGFyZGUhCk1hcyBhIGx1YSBtaW5ndWFudGUgZGVwb2lzIGRhIGx1YSBjaGVpYSwgZW50w6NvIG7Do28gdmVuaGEgbXVpdG8gdGFyZGUhIE1hY2FycsOjbyDDqSBvIG3DoXhpbW8hIE1hY2FycsOjbyDDqSBvIG3DoXhpbW8hIQ==,,W1Byb21vdG9yIGRlbCBGZXN0aXZhbCBkZSBGaWRlb3NdCkVsIGV2ZW50byBkdXJhIHVuIG1lcyBtaWVudHJhcyBsYSBncmFuIGx1bmEgZXN0w6EgYWx0YSwgwqFhc8OtIHF1ZSBhc2Vnw7pyYXRlIGRlIHZlbmlyIGF1bnF1ZSBzZWEgbcOhcyB0YXJkZSEKUGVybyBsYSBsdW5hIG1lbmd1YSBkZXNwdcOpcyBkZSBsYSBsdW5hIGxsZW5hLCDCoWFzw60gcXVlIG5vIGxsZWd1ZXMgZGVtYXNpYWRvIHRhcmRlISAKwqFMb3MgZmlkZW9zIHNvbiBsbyBtw6F4aW1vISAKwqFMb3MgZmlkZW9zIHNvbiBsbyBtw6F4aW1vIQ==
ckhsDQ,,W05vb2RsZSBGZXN0YSBQcm9tb3Rpb24gTlBDXQpBcmUgeW91IGVuam95aW5nIHRoZSBOb29kbGUgRmVzdGl2YWw/IEFoLCBJIHdhbnQgdG8gZWF0IG5vb2RsZXMgdG9vIQpJZiB5b3UgZ2l2ZSBtZSBeMDAwMENERmVzdGl2YWwgRmFuLCBJJ2xsIGd1aWRlIHlvdSBzdHJhaWdodCB0byB0aGUgdmVudWVeMDAwMDAwLg==,,,,,W1Byb21vdG9yIGRvIEZlc3RpdmFsIGRvIE1hY2FycsOjb10KVm9jw6ogZXN0w6EgZ29zdGFuZG8gZG8gRmVzdGl2YWwgZG8gTWFjYXJyw6NvPyBBaCwgZXUgdGFtYsOpbSBxdWVybyBjb21lciBtYWNhcnLDo28hClNlIHZvY8OqIG1lIGRlciBeMDAwMENETGVxdWUgZG8gRmVzdGl2YWwsIHZvdSB0ZSBndWlhciBkaXJldG8gcGFyYSBvIGxvY2FsXjAwMDAwMC4=,,W1Byb21vdG9yIGRlbCBGZXN0aXZhbCBkZSBGaWRlb3NdCsK/RXN0w6FzIGRpc2ZydXRhbmRvIGRlbCBGZXN0aXZhbCBkZSBWZXJhbm8gZGUgRmlkZW9zPyAKwqFBaCwgeW8gdGFtYmnDqW4gcXVpZXJvIGNvbWVyIGZpZGVvcyEKU2kgbWUgZGFzIF4wMDAwQ0RBYmFuaWNvcyBkZWwgRmVzdGl2YWwsIHRlIGd1aWFyw6kgZGlyZWN0YW1lbnRlIGFsIGx1Z2FyXjAwMDAwMC4=
c0hsDQ,,U2VuZCBtZSByaWdodCBhd2F5IQ==,,,,,TWUgbWFuZGUgYWdvcmEgbWVzbW8h,,wqFFbnbDrWFtZSBkZSBpbm1lZGlhdG8h
dEhsDQ,,SSdsbCBnbyBsYXRlci4=,,,,,SXJlaSBtYWlzIHRhcmRlLg==,,SXLDqSBkZXNwdcOpcy4=
dUhsDQ,,W05vb2RsZSBGZXN0YSBQcm9tb3Rpb24gTlBDXQpHcmVhdCEgSSdsbCBndWlkZSB5b3UgdG8gdGhlIHZlbnVlIHJpZ2h0IG5vdyEgTm9vZGxlcyBhcmUgdGhlIGJlc3QhIE5vb2RsZXMgYXJlIHRoZSBiZXN0ISE=,,,,,W1Byb21vdG9yIGRvIEZlc3RpdmFsIGRvIE1hY2FycsOjb10Kw5N0aW1vISBWb3UgdGUgZ3VpYXIgcGFyYSBvIGxvY2FsIGFnb3JhIG1lc21vISBNYWNhcnLDo28gw6kgbyBtw6F4aW1vISBNYWNhcnLDo28gw6kgbyBtw6F4aW1vISE=,,W1Byb21vdG9yIGRlbCBGZXN0aXZhbCBkZSBGaWRlb3NdCsKhR2VuaWFsISDCoVRlIGd1aWFyw6kgYWwgbHVnYXIgYWhvcmEgbWlzbW8hIArCoUxvcyBmaWRlb3Mgc29uIGxvIG3DoXhpbW8hIArCoUxvcyBmaWRlb3Mgc29uIGxvIG3DoXhpbW8h
dkhsDQ,,W05vb2RsZSBGZXN0YSBQcm9tb3Rpb24gTlBDXQpVaC4uLiBJIGRvbid0IHNlZSBhbnkgRmVzdGl2YWwgRmFucy4gRGlkIHlvdSBsZWF2ZSB0aGVtIHNvbWV3aGVyZSBlbHNlPyBQbGVhc2UgY2hlY2sgYW5kIGNvbWUgYmFjayEgSSBjYW4gc2VuZCB5b3UgYW55dGltZSBkdXJpbmcgdGhlIGV2ZW50Lg==,,,,,W1Byb21vdG9yIGRvIEZlc3RpdmFsIGRvIE1hY2FycsOjb10KVWguLi4gbsOjbyB2ZWpvIG5lbmh1bSBMZXF1ZSBkbyBGZXN0aXZhbC4gVm9jw6ogb3MgZGVpeG91IGVtIG91dHJvIGx1Z2FyPyBQb3IgZmF2b3IsIHZlcmlmaXF1ZSBlIHZvbHRlISBQb3NzbyB0ZSBlbnZpYXIgYSBxdWFscXVlciBtb21lbnRvIGR1cmFudGUgbyBldmVudG8u,,W1Byb21vdG9yIGRlbCBGZXN0aXZhbCBkZSBGaWRlb3NdClVoLi4uIG5vIHZlbyBuaW5nw7puIEFiYW5pY28gUHJvbW9jaW9uYWwuIArCv0xvcyBkZWphc3RlIGVuIG90cm8gbHVnYXI/IArCoVBvciBmYXZvciwgcmV2aXNhIHkgdnVlbHZlISAKUHVlZG8gZW52aWFydGUgZW4gY3VhbHF1aWVyIG1vbWVudG8gZHVyYW50ZSBlbCBldmVudG8u
d0hsDQ,,Q29uZmlybQ==,,,,,Q29uZmlybWFy,,Q29uZmlybWFy
eEhsDQ,,U3RpbGwgYWxpdmU=,,,,,QWluZGEgZXN0b3Ugdml2bw==,,U2lnbyB2aXZv
eUhsDQ,,WyNzd2l0MDFdClByZXNzIGlmIE55YWlsbyBoYXMgZGlzYXBwZWFyZWQgZHVlIHRvIGFuIHVuZXhwZWN0ZWQgYWNjaWRlbnQu,,,,,WyNzd2l0MDFdClByZXNzaW9uZSBzZSBNYWNhcnJvbmV0YSBkZXNhcGFyZWNldSBkZXZpZG8gYSB1bSBhY2lkZW50ZSBpbmVzcGVyYWRvLg==,,WyNzd2l0MDFdClByZXNpb25hIHNpIE55YWlsbyBoYSBkZXNhcGFyZWNpZG8gZGViaWRvIGEgdW4gYWNjaWRlbnRlIGluZXNwZXJhZG8u
ekhsDQ,,U3VtbW9u,,,,,Q29udm9jYXI=,,Q29udm9jYXI=
e0hsDQ,,TnlhaWxv,,,,,TWFjYXJyb25ldGE=,,TnlhaWxv
fEhsDQ,,TnlhISBOeWEgbnlhISEgTnlhfiBOeWEgbnlhIG55YX4gTnlhPyBOeWEgbnlhISEh,,,,,TnlhISBOeWEgbnlhISEgTnlhfiBOeWEgbnlhIG55YX4gTnlhPyBOeWEgbnlhISEh,,TnlhISBOeWEgbnlhISEgTnlhfiBOeWEgbnlhIG55YX4gTnlhPyBOeWEgbnlhISEh
fUhsDQ,,TWVhdGJhbGxzIHBvdXIgb3V0ISBFbmpveSB0aGUgam95IG9mIGhhcnZlc3Qh,,,,,QWxtw7RuZGVnYXMgY2FlbSEgQXByb3ZlaXRlIGEgYWxlZ3JpYSBkYSBjb2xoZWl0YSE=,,wqFMYXMgQWxiw7NuZGlnYXMgc2UgZGVycmFtYW4hIMKhRGlzZnJ1dGEgZGUgbGEgYWxlZ3LDrWEgZGUgbGEgY29zZWNoYSE=
fkhsDQ,,WyNzd2l0MDJdClByZXNzIGlmIE55YWlsbyBoYXMgZGlzYXBwZWFyZWQgZHVlIHRvIGFuIHVuZXhwZWN0ZWQgYWNjaWRlbnQu,,,,,WyNzd2l0MDJdClByZXNzaW9uZSBzZSBNYWNhcnJvbmV0YSBkZXNhcGFyZWNldSBkZXZpZG8gYSB1bSBhY2lkZW50ZSBpbmVzcGVyYWRvLg==,,WyNzd2l0MDJdClByZXNpb25hIHNpIE55YWlsbyBoYSBkZXNhcGFyZWNpZG8gZGViaWRvIGEgdW4gYWNjaWRlbnRlIGluZXNwZXJhZG8u
f0hsDQ,,TnlhYT8/IE55YWFhYWFhYWFhPz8/,,,,,TnlhYT8/IE55YWFhYWFhYWFhPz8/,,TnlhYT8/IE55YWFhYWFhYWFhPz8/
gEhsDQ,,WyNzd2l0MDNdClByZXNzIGlmIE55YWlsbyBoYXMgZGlzYXBwZWFyZWQgZHVlIHRvIGFuIHVuZXhwZWN0ZWQgYWNjaWRlbnQu,,,,,WyNzd2l0MDNdClByZXNzaW9uZSBzZSBNYWNhcnJvbmV0YSBkZXNhcGFyZWNldSBkZXZpZG8gYSB1bSBhY2lkZW50ZSBpbmVzcGVyYWRvLg==,,WyNzd2l0MDNdClByZXNpb25hIHNpIE55YWlsbyBoYSBkZXNhcGFyZWNpZG8gZGViaWRvIGEgdW4gYWNjaWRlbnRlIGluZXNwZXJhZG8u
gUhsDQ,,Tnlhfn5+IE55YWFhYWF+fg==,,,,,Tnlhfn5+IE55YWFhYWF+fg==,,Tnlhfn5+IE55YWFhYWF+fg==
gkhsDQ,,WyNzd2l0MDRdClByZXNzIGlmIE55YWlsbyBoYXMgZGlzYXBwZWFyZWQgZHVlIHRvIGFuIHVuZXhwZWN0ZWQgYWNjaWRlbnQu,,,,,WyNzd2l0MDRdClByZXNzaW9uZSBzZSBNYWNhcnJvbmV0YSBkZXNhcGFyZWNldSBkZXZpZG8gYSB1bSBhY2lkZW50ZSBpbmVzcGVyYWRvLg==,,WyNzd2l0MDRdClByZXNpb25hIHNpIE55YWlsbyBoYSBkZXNhcGFyZWNpZG8gZGViaWRvIGEgdW4gYWNjaWRlbnRlIGluZXNwZXJhZG8u
g0hsDQ,,TnlhISBOeWEhIE55YSEgTnlhISBOeWEh,,,,,TnlhISBOeWEhIE55YSEgTnlhISBOeWEh,,TnlhISBOeWEhIE55YSEgTnlhISBOeWEh
hEhsDQ,,WyNzd2l0MDVdClByZXNzIGlmIE55YWlsbyBoYXMgZGlzYXBwZWFyZWQgZHVlIHRvIGFuIHVuZXhwZWN0ZWQgYWNjaWRlbnQu,,,,,WyNzd2l0MDVdClByZXNzaW9uZSBzZSBNYWNhcnJvbmV0YSBkZXNhcGFyZWNldSBkZXZpZG8gYSB1bSBhY2lkZW50ZSBpbmVzcGVyYWRvLg==,,WyNzd2l0MDVdClByZXNpb25hIHNpIE55YWlsbyBoYSBkZXNhcGFyZWNpZG8gZGViaWRvIGEgdW4gYWNjaWRlbnRlIGluZXNwZXJhZG8u
hUhsDQ,,TnlhIG55YSBueWF+IE55YSEgTnlhIG55YSBueWF+IE55YSE=,,,,,TnlhIG55YSBueWF+IE55YSEgTnlhIG55YSBueWF+IE55YSE=,,TnlhIG55YSBueWF+IE55YSEgTnlhIG55YSBueWF+IE55YSE=
hkhsDQ,,TWVyY2hhbnQ=,,,,,Q29tZXJjaWFudGU=,,Q29tZXJjaWFudGU=
h0hsDQ,,UGVvcGxlIHdobyBnbyB0byBOeWFpbCBDYXZlIHdpbGwgY29tZSBiYWNrIHdpdGggbG9hZHMgb2YgZmlzaC4gSSdkIGJldHRlciBlbXB0eSBteSBib2F0Lg==,,,,,QXMgcGVzc29hcyBxdWUgdsOjbyDDoCBDYXZlcm5hIE55YWlsIHZvbHRhbSBjb20gdG9uZWxhZGFzIGRlIHBlaXhlLiDDiSBtZWxob3IgZXUgZXN2YXppYXIgbWV1IGJhcmNvLg==,,TGEgZ2VudGUgcXVlIHZhIGEgbGEgQ3VldmEgZGUgTWlhdWwgdnVlbHZlIGNvbiB1biBtb250w7NuIGRlIHBlc2NhZG8uIFNlcsOhIG1lam9yIHF1ZSB2YWPDrWUgbWkgYm90ZS4=
iEhsDQ,,RmVzdGl2YWwgU3BlY3RhdG9y,,,,,RXNwZWN0YWRvciBkbyBGZXN0aXZhbA==,,RXNwZWN0YWRvciBkZWwgRmVzdGl2YWw=
iUhsDQ,,SGV5Lg==,,,,,RWku,,T3llLg==
ikhsDQ,,V2hhdD8=,,,,,TyBxdcOqPw==,,wr9RdcOpPw==
i0hsDQ,,Q2FuIEkgYm9ycm93IHNvbWUgUmF2aW9saSBDb2lucz8=,,,,,UG9zc28gcGVnYXIgYWxndW1hcyBNb2VkYXMgUmF2aW9saSBlbXByZXN0YWRhcz8=,,wr9NZSBwcmVzdGFzIGFsZ3VuYXMgTW9uZWRhcyBkZWwgRmVzdGl2YWwgZGUgRmlkZW9zPw==
jEhsDQ,,V2hhdCBmb3I/,,,,,UGFyYSBxdcOqPw==,,wr9QYXJhIHF1w6k/
jUhsDQ,,VG8gYnV5IHNvbWUgRmFyZmFsbGUgQ291cG9ucy4=,,,,,UGFyYSBjb21wcmFyIGFsZ3VucyBDdXBvbnMgRmFyZmFsbGXCrS4=,,UGFyYSBjb21wcmFyIEN1cMOzbnMgRmFyZmFsbGUu
jkhsDQ,,SSBkb24ndCBoYXZlIGFueSBlaXRoZXIu,,,,,RXUgdGFtYsOpbSBuw6NvIHRlbmhvIG5lbmh1bWEu,,WW8gdGFtcG9jbyB0ZW5nby4=
j0hsDQ,,SWYgeW91J3JlIHNob3J0IG9uIFJhdmlvbGkgQ29pbnMsIHRyeSBwYXJ0aWNpcGF0aW5nIGluIHRoZSBmZXN0aXZhbCBldmVudHMu,,,,,U2Ugdm9jw6ogZXN0w6EgY29tIHBvdWNhcyBNb2VkYXMgUmF2aW9saSwgdGVudGUgcGFydGljaXBhciBkb3MgZXZlbnRvcyBkbyBmZXN0aXZhbC4=,,U2kgdGUgZmFsdGFuIE1vbmVkYSBSYXZpb2xpLCBwcnVlYmEgYSBwYXJ0aWNpcGFyIGVuIGxvcyBldmVudG9zIGRlbCBmZXN0aXZhbC4=
kEhsDQ,,QWgsIHNob3VsZCBJPw==,,,,,QWgsIGRldm8/,,QWgsIMK/ZGViZXLDrWE/
kUhsDQ,,SSBsaWtlIFdhdGVybWVsb24gU21hc2hpbmcu,,,,,RXUgZ29zdG8gZGUgUXVlYnJhciBNZWxhbmNpYXMu,,TWUgZ3VzdGEgUm9tcGVyIFNhbmTDrWFzLg==
kkhsDQ,,QWR2ZW50dXJlcg==,,,,,QXZlbnR1cmVpcm8=,,VHJvdGFtdW5kb3M=
k0hsDQ,,RGlkIHlvdSBnZXQgYW55dGhpbmcgZ29vZCBhcyBhIHNvdXZlbmlyPw==,,,,,Vm9jw6ogY29uc2VndWl1IGFsZ28gYm9tIGNvbW8gbGVtYnJhbsOnYT8=,,wr9Db25zZWd1aXN0ZSBhbGdvIGJ1ZW5vIGNvbW8gcmVjdWVyZG8/
lEhsDQ,,SnVzdCBzb21lIHN0dWZmLi4u,,,,,QXBlbmFzIGFsZ3VtYXMgY29pc2FzLi4u,,U29sbyBhbGd1bmFzIGNvc2FzLi4u
lUhsDQ,,WW91IGdvdCBzb21ldGhpbmcgZ29vZCEhISE=,,,,,Vm9jw6ogY29uc2VndWl1IGFsZ28gYm9tISEhIQ==,,wqHCocKhQ29uc2VndWlzdGUgYWxnbyBidWVubyEhISE=
lkhsDQ,,SXMgdGhlcmUgYW55IHNvdXZlbmlyIHlvdSB3YW50Pw==,,,,,SMOhIGFsZ3VtYSBsZW1icmFuw6dhIHF1ZSB2b2PDqiBxdWVpcmE/,,wr9IYXkgYWxnw7puIHJlY3VlcmRvIHF1ZSBxdWllcmFzPw==
l0hsDQ,,SG1tLi4uIEknbSBleWVpbmcgdGhlIFBpbndoZWVsIEhhdC4=,,,,,SG1tLi4uIEVzdG91IGRlIG9saG8gbm8gQ2hhcMOpdSBDYXRhLVZlbnRvIEZlc3Rpdm8u,,SG1tLi4uIGVzdG95IG1pcmFuZG8gZWwgU29tYnJlcm8gZGUgTW9saW5ldGUu
mEhsDQ,,SXQgd29uJ3QgYmUgZWFzeS4=,,,,,TsOjbyB2YWkgc2VyIGbDoWNpbC4=,,Tm8gdmEgYSBzZXIgZsOhY2lsLg==
mUhsDQ,,SSdtIHRoaW5raW5nIG9mIGdvaW5nIGJhY2sgdG8gTnlhaWwgQ2F2ZS4gSG93IGFib3V0IHlvdT8=,,,,,RXN0b3UgcGVuc2FuZG8gZW0gdm9sdGFyIHBhcmEgYSBDYXZlcm5hIE55YWlsLiBFIHZvY8OqPw==,,RXN0b3kgcGVuc2FuZG8gZW4gdm9sdmVyIGEgbGEgQ3VldmEgZGUgTWlhdWwuIMK/WSB0w7o/
mkhsDQ,,SSdsbCByZXN0IGEgYml0IGZpcnN0Lg==,,,,,Vm91IGRlc2NhbnNhciB1bSBwb3VjbyBwcmltZWlyby4=,,Vm95IGEgZGVzY2Fuc2FyIHVuIHBvY28gcHJpbWVyby4=
m0hsDQ,,Q29tZSB3aXRoIG1lLg==,,,,,VmVuaGEgY29taWdvLg==,,VmVuIGNvbm1pZ28u
nEhsDQ,,SGF2ZSB5b3Ugc2VlbiB0aGUgZ3JlYXQgbW9vbiB0aGF0IHJpc2VzIHRoaXMgdGltZSBvZiB5ZWFyPyBUaGUgYmVhdXRpZnVsIGxpZ2h0IG9mIHRoZSBibHVlIG1vb24gaGFsZi1zdWJtZXJnZWQgaW4gdGhlIHNlYS4uLiE=,,,,,Vm9jw6ogasOhIHZpdSBhIGdyYW5kZSBsdWEgcXVlIG5hc2NlIG5lc3RhIMOpcG9jYSBkbyBhbm8/IEEgYmVsYSBsdXogZGEgbHVhIGF6dWwgc2VtaS1zdWJtZXJzYSBubyBtYXIuLi4h,,wr9IYXMgdmlzdG8gbGEgZ3JhbiBsdW5hIHF1ZSBzYWxlIGVuIGVzdGEgw6lwb2NhIGRlbCBhw7FvPyBMYSBoZXJtb3NhIGx1eiBkZSBsYSBsdW5hIGF6dWwgbWVkaW8gc3VtZXJnaWRhIGVuIGVsIG1hci4uLiE=
nUhsDQ,,VG9tYXRvIE5vb2RsZXMgb3IgQ3JlYW0gU2hyaW1wIFBhc3RhLi4uIEkgY2FuJ3QgZGVjaWRlLiBJJ2xsIGp1c3QgaGF2ZSBib3RoLg==,,,,,TWFjYXJyw6NvIGNvbSBUb21hdGUgb3UgTWFjYXJyw6NvIENhbWFyb25lc2NvLi4uIE7Do28gY29uc2lnbyBkZWNpZGlyLiBWb3UgcGVkaXIgb3MgZG9pcy4=,,RmlkZW9zIGNvbiBUb21hdGUgbyBQYXN0YSBjb24gQ2FtYXJvbmVzIGEgbGEgQ3JlbWEuLi4gbm8gcHVlZG8gZGVjaWRpcm1lLiBNZWpvciBwaWRvIGxvcyBkb3Mu
nkhsDQ,,VG8gZ28gdG8gTnlhaWwgQ2F2ZS4uLiBjYW4ndCBJIHRha2UgYSBib2F0IGZyb20gaGVyZT8=,,,,,UGFyYSBpciDDoCBDYXZlcm5hIE55YWlsLi4uIG7Do28gcG9zc28gcGVnYXIgdW0gYmFyY28gZGFxdWk/,,UGFyYSBpciBhIGxhIEN1ZXZhIGRlIE1pYXVsLi4uIMK/bm8gcHVlZG8gdG9tYXIgdW4gYm90ZSBkZXNkZSBhcXXDrT8=
n0hsDQ,,VG8gZ28gdG8gTnlhaWwgQ2F2ZSwgeW91IGhhdmUgdG8gZ28gdG8gdGhlIEZlc3RpdmFsIE1hbmFnZXIh,,,,,UGFyYSBpciDDoCBDYXZlcm5hIE55YWlsLCB2b2PDqiB0ZW0gcXVlIGlyIGFvIEdlcmVudGUgZG8gRmVzdGl2YWwh,,wqFQYXJhIGlyIGEgbGEgQ3VldmEgZGUgTWlhdWwsIHRpZW5lcyBxdWUgaXIgYWwgRmVzdGEgTWFuYWdlciE=
oEhsDQ,,Rm9vZGll,,,,,R291cm1ldA==,,R291cm1ldA==
oUhsDQ,,T25lIFRvbWF0byBOb29kbGVzIQ==,,,,,VW0gTWFjYXJyw6NvIGNvbSBUb21hdGUh,,wqFVbm9zIEZpZGVvcyBjb24gVG9tYXRlIQ==
okhsDQ,,V2h5IGFyZSB5b3UgbG9va2luZyBmb3IgVG9tYXRvIE5vb2RsZXMgaGVyZSEhISBHbyB0byB0aGUgbm9vZGxlIG1hc3RlciBpbiB0aGUgbm9ydGhlYXN0IQ==,,,,,UG9yIHF1ZSB2b2PDqiBlc3TDoSBwcm9jdXJhbmRvIE1hY2FycsOjbyBjb20gVG9tYXRlIGFxdWkhISEgVsOhIGFvIG1lc3RyZSBkbyBtYWNhcnLDo28gbm8gbm9yZGVzdGUh,,wqHCv1BvciBxdcOpIGJ1c2NhcyBGaWRlb3MgY29uIFRvbWF0ZSBhcXXDrT8hIMKhVmUgY29uIGVsIE1hZXN0cm8gZGUgRmlkZW9zIGRlbCBub3Jlc3RlIQ==
o0hsDQ,,U2luY2UgSSdtIGhlcmUsIEknbGwgaGF2ZSBhIEthbHVuYSBNaWxrLiBCbGVuZCBpdCB3aXRoIE1lYXRiYWxsIHRvbyE=,,,,,SsOhIHF1ZSBlc3RvdSBhcXVpLCB2b3UgdG9tYXIgdW0gTGVpdGUgZGUgS2FsdW5hLiBNaXN0dXJlIGNvbSBBbG3DtG5kZWdhIHRhbWLDqW0h,,WWEgcXVlIGVzdG95IGFxdcOtLCB0b21hcsOpIHVuYSBMZWNoZSBkZSBLYWx1bmEuIMKhTcOpemNsYWxhIGNvbiBhbGLDs25kaWdhcyB0YW1iacOpbiE=
pEhsDQ,,RHVja2xpbmc=,,,,,UGF0b2xpbmRv,,UGF0b2xpbm8=
pUhsDQ,,UXVhY2suLi4hIEhleSwgeW91IHRoZXJlIQ==,,,,,UXVhY2suLi4hIEVpLCB2b2PDqiBhw60h,,wqFDdWFjLi4uISDCoU95ZSwgdMO6IQ==
pkhsDQ,,W0R1Y2tsaW5nXQpRdWFjay4uLiEgSGV5LCB5b3UgdGhlcmUhIEkgd2lzaCB5b3UnZCBub3RpY2UgbWUu,,,,,W1BhdG9saW5kb10KUXVhY2suLi4hIEVpLCB2b2PDqiBhw60hIEV1IHF1ZXJpYSBxdWUgdm9jw6ogbWUgbm90YXNzZS4=,,W1BhdG9saW5vXQrCoUN1YWMuLi4hIArCoU95ZSwgdMO6ISAKT2phbMOhIG1lIG5vdGFyYXMu
p0hsDQ,,QSBEdWNrbGluZz8gSXMgdGhhdCB0aGUgbG9zdCBpdGVtPw==,,,,,VW0gUGF0b2xpbmRvPyDDiSBvIGl0ZW0gcGVyZGlkbz8=,,wr9VbiBtdcOxZWNvIGRlIHVuIHBhdGl0bz8gwr9TZXLDoSBlbCBvYmpldG8gcGVyZGlkbz8=
qEhsDQ,,W0R1Y2tsaW5nXQpMb3N0IGl0ZW0/ISBJJ20gaGVyZSBiZWNhdXNlIEkgd2FudCB0byBiZSBoZXJlIQ==,,,,,W1BhdG9saW5kb10KSXRlbSBwZXJkaWRvPyEgRXN0b3UgYXF1aSBwb3JxdWUgcXVlcm8gZXN0YXIgYXF1aSE=,,W1BhdG9saW5vXQrCv8KhT2JqZXRvIHBlcmRpZG8hPyAKwqFFc3RveSBhcXXDrSBwb3JxdWUgcXVpZXJvIGVzdGFyIGFxdcOtIQ==
qUhsDQ,,QWgsIHNvcnJ5LCBzb3JyeS4=,,,,,QWgsIGRlc2N1bHBlLCBkZXNjdWxwZS4=,,QWgsIHBlcmTDs24sIHBlcmTDs24u
qkhsDQ,,W0R1Y2tsaW5nXQpJJ3ZlIGJlZW4gd2F0Y2hpbmcgeW91IGNsb3NlbHkuIFlvdSdyZSBkaWxpZ2VudCBhdCB0aGUgZmVzdGl2YWwgYW5kIGhlbHBpbmcgb3RoZXJzLiBJIHNhdyB0aGF0LiBWZXJ5IGltcHJlc3NpdmUu,,,,,W1BhdG9saW5kb10KRXUgdGVuaG8gdGUgb2JzZXJ2YWRvIGRlIHBlcnRvLiBWb2PDqiDDqSBkaWxpZ2VudGUgbm8gZmVzdGl2YWwgZSBlc3TDoSBhanVkYW5kbyBvcyBvdXRyb3MuIEV1IHZpIGlzc28uIE11aXRvIGltcHJlc3Npb25hbnRlLg==,,W1BhdG9saW5vXQpUZSBoZSBlc3RhZG8gb2JzZXJ2YW5kbyBkZSBjZXJjYS4gClRlIGVzZnVlcnphcyBtdWNobyBlbiBlbCBmZXN0aXZhbCB5IHRhbWJpw6luIHRlIGVzbWVyYXMgZW4gYXl1ZGFyIGEgbG9zIGRlbcOhcy4gCkhlIHZpc3RvIHRvZG8gZXNvIHkgbWUgaGEgcGFyZWNpZG8gbXV5IGltcHJlc2lvbmFudGUu
q0hsDQ,,W0R1Y2tsaW5nXQpTbywgSSB3YXMgdGhpbmtpbmcuLi4gbWF5YmUgeW91IGNvdWxkIGhlbHAgbWUgdG9vLg==,,,,,W1BhdG9saW5kb10KRW50w6NvLCBldSBlc3RhdmEgcGVuc2FuZG8uLi4gdGFsdmV6IHZvY8OqIHB1ZGVzc2UgbWUgYWp1ZGFyIHRhbWLDqW0u,,W1BhdG9saW5vXQpFbnRvbmNlcywgZXN0YWJhIHBlbnNhbmRvLi4uIHRhbCB2ZXogdGFtYmnDqW4gcG9kcsOtYXMgYXl1ZGFybWUgYSBtw60u
rEhsDQ,,SSdsbCBoZWxwLiBXaGF0J3MgdGhlIG1hdHRlcj8=,,,,,Vm91IGFqdWRhci4gUXVhbCDDqSBvIHByb2JsZW1hPw==,,QXl1ZGFyw6kuIMK/UXXDqSBzdWNlZGU/
rUhsDQ,,V2hhdCBhIGJpemFycmUgc2l0dWF0aW9uLg==,,,,,UXVlIHNpdHVhw6fDo28gYml6YXJyYS4=,,UXXDqSBzaXR1YWNpw7NuIHRhbiBleHRyYcOxYS4=
rkhsDQ,,W0R1Y2tsaW5nXQpIb3cga2luZCBvZiB5b3UuIEkganVkZ2VkIHlvdSB3ZWxsLiBJIGhhdmVuJ3Qgc2VlbiBtYW55IHBlb3BsZSwgc28gSSBjYW4ndCBiZSBzdXJlLCBidXQgSSdtIHJpZ2h0LiBEb24ndCB5b3UgdGhpbmsgSSdtIGdvb2QgYXQganVkZ2luZyBwZW9wbGU/IEEgZ2VuaXVzLCBwZXJoYXBzPw==,,,,,W1BhdG9saW5kb10KUXVlIGdlbnRpbCBkYSBzdWEgcGFydGUuIEV1IHRlIGp1bGd1ZWkgYmVtLiBOw6NvIHZpIG11aXRhcyBwZXNzb2FzLCBlbnTDo28gbsOjbyBwb3NzbyB0ZXIgY2VydGV6YSwgbWFzIGVzdG91IGNlcnRvLiBWb2PDqiBuw6NvIGFjaGEgcXVlIHNvdSBib20gZW0ganVsZ2FyIGFzIHBlc3NvYXM/IFVtIGfDqm5pbywgdGFsdmV6Pw==,,W1BhdG9saW5vXQpRdcOpIGFtYWJsZSBkZSB0dSBwYXJ0ZS4gClRlIGp1emd1w6kgYmllbi4gCk5vIGhlIHZpc3RvIG11Y2hhIGdlbnRlLCBhc8OtIHF1ZSBubyBwdWVkbyBlc3RhciBzZWd1cm8sIHBlcm8gZXN0b3kgZW4gbG8gY2llcnRvLiAKwr9ObyBjcmVlcyBxdWUgc295IGJ1ZW5vIHBhcmEganV6Z2FyIGEgbGFzIHBlcnNvbmFzPyAKwr9VbiBnZW5pbywgcXVpesOhcz8=
r0hsDQ,,W0R1Y2tsaW5nXQpNeSBuYW1lIGlzIF4wMDAwQ0RLaW5nZHVreV4wMDAwMDAuIERpZCB5b3Uga25vdz8gSW4gYSBjYXZlIHNvbWV3aGVyZSBvdXQgaW4gdGhlIG9jZWFuIHdoZXJlIHRob3NlIE55YS1ueWEtbnlhbmcgY3JlYXR1cmVzIGxpdmUsIHRoZXJlIGFyZSBtYW55IG9mIHVzIER1Y2tsaW5ncy4gQSB3aG9sZSBsb3Qu,,,,,W1BhdG9saW5kb10KTWV1IG5vbWUgw6kgXjAwMDBDRENhcGl0w6NvIFF1YWNeMDAwMDAwLiBTYWJpYT8gRW0gdW1hIGNhdmVybmEgZW0gYWxndW0gbHVnYXIgbm8gb2NlYW5vIG9uZGUgYXF1ZWxhcyBjcmlhdHVyYXMgTnlhLW55YS1ueWFuZyB2aXZlbSwgaMOhIG11aXRvcyBkZSBuw7NzLCBQYXRvbGluZG9zLiBNdWl0b3MgbWVzbW8u,,W1BhdG9saW5vXQpNaSBub21icmUgZXMgXjAwMDBDRENhcGl0w6FuIEN1YWNeMDAwMDAwLgrCv1NhYsOtYXM/IApFbiB1bmEgY3VldmEgZW4gYWxnw7puIGx1Z2FyIGRlbCBvY8OpYW5vIGRvbmRlIHZpdmVuIGVzYXMgY3JpYXR1cmFzIMORYS3DsWEtw7FhbmcsIGhheSBtdWNob3MgZGUgbm9zb3Ryb3MsIGxvcyBQYXRvbGlub3MuIApVbiBtb250w7NuLg==
sEhsDQ,,WW91IG1lYW4gTnlhaWwgQ2F2ZT8=,,,,,Vm9jw6ogcXVlciBkaXplciBhIENhdmVybmEgTnlhaWw/,,wr9UZSByZWZpZXJlcyBhIGxhIEN1ZXZhIGRlIE1pYXVsPw==
sUhsDQ,,W0tpbmdkdWt5XQpZZXMhIE55YS1ueWEtbnlhbmcgQ2F2ZSEgSXMgaXQgY2FsbGVkIHRoYXQgYmVjYXVzZSB0aG9zZSBOeWEtbnlhLW55YW5nIGNyZWF0dXJlcyBsaXZlIHRoZXJlPw==,,,,,W0NhcGl0w6NvIFF1YWNdClNpbSEgQ2F2ZXJuYSBOeWEtbnlhLW55YW5nISDDiSBjaGFtYWRvIGFzc2ltIHBvcnF1ZSBhcXVlbGFzIGNyaWF0dXJhcyBOeWEtbnlhLW55YW5nIHZpdmVtIGzDoT8=,,W0NhcGl0w6FuIEN1YWNdCsKhU8OtISDCoUN1ZXZhIMORYS3DsWEtw7FhbmchIArCv1NlIGxsYW1hIGFzw60gcG9ycXVlIGVzYXMgY3JpYXR1cmFzIMORYS3DsWEtw7Fhbmcgdml2ZW4gYWxsw60/
skhsDQ,,TnlhLW55YS1ueWFuZy4uLiBTdXJlLCBjYWxsIGl0IHdoYXRldmVyIHlvdSBsaWtlLg==,,,,,TnlhLW55YS1ueWFuZy4uLiBDbGFybywgY2hhbWUgZG8gcXVlIHF1aXNlci4=,,w5FhLcOxYS3DsWFuZy4uLiBDbGFybywgbGzDoW1hbG8gY29tbyBxdWllcmFzLg==
s0hsDQ,,W0tpbmdkdWt5XQpPbmUgZGF5LCBJIG9wZW5lZCBteSBleWVzIHRoZXJlLiBJIGhpdGNoZWQgYSByaWRlIG9uIHNvbWUgbmFzdHkgcGVyc29uJ3MgYmFjayBhbmQgY2FtZSBhbGwgdGhlIHdheSBoZXJlLg==,,,,,W0NhcGl0w6NvIFF1YWNdClVtIGRpYSwgYWJyaSBtZXVzIG9saG9zIGzDoS4gUGVndWVpIGNhcm9uYSBuYXMgY29zdGFzIGRlIHVtYSBwZXNzb2EgZGVzYWdyYWTDoXZlbCBlIHZpbSBwYXJhciBhcXVpLg==,,W0NhcGl0w6FuIEN1YWNdClVuIGTDrWEsIGFicsOtIGxvcyBvam9zIGFsbMOtLiAKTWUgc3Viw60gYSBsYSBlc3BhbGRhIGRlIHVuYSBwZXJzb25hIGRlc2FncmFkYWJsZSB5IGxsZWd1w6kgaGFzdGEgYXF1w60u
tEhsDQ,,QSBuYXN0eSBwZXJzb24/,,,,,VW1hIHBlc3NvYSBkZXNhZ3JhZMOhdmVsPw==,,wr9VbmEgcGVyc29uYSBkZXNhZ3JhZGFibGU/
tUhsDQ,,W0tpbmdkdWt5XQpBIHZpbGxhaW4gd2hvIGRhbmdsZWQgYSBzaGlueSBidXR0b24gaW4gZnJvbnQgb2YgbXkgZXllcyEgSSBhbG1vc3QgbG9zdCBteSBtaW5kIGFuZCBsdW5nZWQgZm9yIGl0ISBCdXQgdGhpcyBLaW5nZHVreSBpcyBub3Qgc3VjaCBhIHB1c2hvdmVyIER1Y2tsaW5nLg==,,,,,W0NhcGl0w6NvIFF1YWNdClVtIHZpbMOjbyBxdWUgYmFsYW7Dp291IHVtIGJvdMOjbyBicmlsaGFudGUgbmEgZnJlbnRlIGRvcyBtZXVzIG9saG9zISBFdSBxdWFzZSBwZXJkaSBhIGNhYmXDp2EgZSBpbnZlc3RpIGNvbnRyYSBlbGUhIE1hcyBlc3RlIENhcGl0w6NvIFF1YWMgbsOjbyDDqSB1bSBQYXRvbGluZG8gdMOjbyBmw6FjaWwgYXNzaW0u,,W0NhcGl0w6FuIEN1YWNdCsKhVW4gdmlsbGFubyBxdWUgY29sZ8OzIHVuIGJvdMOzbiBicmlsbGFudGUgZnJlbnRlIGEgbWlzIG9qb3MhIArCoUNhc2kgcGllcmRvIGxhIGNhYmV6YSB5IG1lIGxhbmPDqSBhIHBvciDDqWwhIApQZXJvIGVzdGUgcGF0b2xpbm8gbm8gZXMgdW4gcGF0b2xpbm8gdGFuIGbDoWNpbCBkZSBlbmdhw7Fhci4=
tkhsDQ,,W0tpbmdkdWt5XQpJIGJhcmVseSBjYW1lIHRvIG15IHNlbnNlcyBhbmQgZXNjYXBlZCB0aGF0IHRyYXAuIExhdGVyLCBJIHNlY3JldGx5IGNsdW5nIHRvIHRoYXQgcGVyc29uJ3MgYmFjayBhbmQgbWFkZSBpdCBhbGwgdGhlIHdheSBoZXJlLiBRdWFjayBxdWFjay4gVGhhdCBwZXJzb24gd2lsbCBuZXZlciBrbm93IGFib3V0IG15IGN1bm5pbmcu,,,,,W0NhcGl0w6NvIFF1YWNdCk1hbCByZWN1cGVyZWkgbyBqdcOtem8gZSBjb25zZWd1aSBlc2NhcGFyIGRlc3NhIGFybWFkaWxoYS4gTWFpcyB0YXJkZSwgbWUgYWdhcnJlaSBzZWNyZXRhbWVudGUgw6BzIGNvc3RhcyBkYXF1ZWxhIHBlc3NvYSBlIGNoZWd1ZWkgYXTDqSBhcXVpLiBRdWFjayBxdWFjay4gQXF1ZWxhIHBlc3NvYSBudW5jYSBzYWJlcsOhIHNvYnJlIG1pbmhhIGFzdMO6Y2lhLg==,,W0NhcGl0w6FuIEN1YWNdCkFwZW5hcyByZWN1cGVyw6kgZWwgc2VudGlkbyB5IGVzY2Fww6kgZGUgZXNhIHRyYW1wYS4gCk3DoXMgdGFyZGUsIG1lIGFnYXJyw6kgZW4gc2VjcmV0byBhIGxhIGVzcGFsZGEgZGUgZXNhIHBlcnNvbmEgeSBsbGVndcOpIGhhc3RhIGFxdcOtLgpDdWFjIGN1YWMuIApFc2EgcGVyc29uYSBudW5jYSBzYWJyw6EgZGUgbWkgYXN0dWNpYS4=
t0hsDQ,,W0tpbmdkdWt5XQpBbnlvbmUgd2hvIG1lc3NlcyB3aXRoIHRoaXMgS2luZ2R1a3kgd2lsbCBiZSBpbiBmb3IgYSB0ZXJyaWJsZSBzdXJwcmlzZS4uLg==,,,,,W0NhcGl0w6NvIFF1YWNdClF1YWxxdWVyIHVtIHF1ZSBtZXhlciBjb20gQ2FwaXTDo28gUXVhYyB0ZXLDoSB1bWEgc3VycHJlc2EgdGVycsOtdmVsLi4u,,W0NhcGl0w6FuIEN1YWNdCkN1YWxxdWllcmEgcXVlIHNlIG1ldGEgY29uIGVzdGUgQ2FwaXTDoW4gQ3VhYyB0ZW5kcsOhIHVuYSBkZXNhZ3JhZGFibGUgc29ycHJlc2EuLi4=
uEhsDQ,,U28gd2hhdCBkbyB5b3UgbmVlZCBoZWxwIHdpdGg/,,,,,RW50w6NvLCBkbyBxdWUgdm9jw6ogcHJlY2lzYSBkZSBhanVkYT8=,,RW50b25jZXMsIMK/ZW4gcXXDqSBuZWNlc2l0YXMgYXl1ZGE/
uUhsDQ,,W0tpbmdkdWt5XQpBaCwgcmlnaHQhIFJlc2N1ZSBteSBmZWxsb3cgRHVja2xpbmdzLiBVbmZvcnR1bmF0ZWx5LCBJJ20ganVzdCBhIER1Y2tsaW5nLCBzbyBJIGNhbid0IGdvIHRvIHRoYXQgY2F2ZSBteXNlbGYuLi4gTm8gb25lIHdpbGwgc2VuZCBtZSB0aGVyZS4gSSBkb24ndCBldmVuIGtub3cgd2hlcmUgaXQgaXMu,,,,,W0NhcGl0w6NvIFF1YWNdCkFoLCBjZXJ0byEgUmVzZ2F0ZSBtZXVzIGNvbXBhbmhlaXJvcyBQYXRvbGluZG9zLiBJbmZlbGl6bWVudGUsIHNvdSBhcGVuYXMgdW0gUGF0b2xpbmRvLCBlbnTDo28gbsOjbyBwb3NzbyBpciDDoHF1ZWxhIGNhdmVybmEgc296aW5oby4uLiBOaW5ndcOpbSB2YWkgbWUgbWFuZGFyIHBhcmEgbMOhLiBFdSBuZW0gc2VpIG9uZGUgZmljYS4=,,W0NhcGl0w6FuIEN1YWNdCsKhQWgsIGNpZXJ0byEgClJlc2NhdGEgYSBtaXMgY29tcGHDsWVyb3MgQ2FwaXTDoW4gQ3VhY3MuIApEZXNhZm9ydHVuYWRhbWVudGUsIHNvbG8gc295IHVuIENhcGl0w6FuIEN1YWMsIGFzw60gcXVlIG5vIHB1ZWRvIGlyIGEgZXNhIGN1ZXZhIHBvciBtaSBjdWVudGEuLi4gCk5hZGllIG1lIGVudmlhcsOhIGFsbMOtLiAKTmkgc2lxdWllcmEgc8OpIGTDs25kZSBlc3TDoS4=
ukhsDQ,,W0tpbmdkdWt5XQpUaGVyZSB3ZXJlIHNvIG1hbnkgb2YgbXkgZmVsbG93IER1Y2tsaW5ncyBpbiA8TkFWST5bdGhhdCBwbGFjZV08SU5GTz5sYXNhZ25hLDgxLDIwMSwwLDEwMSwwLDwvSU5GTz48L05BVkk+ISBBbW9uZyB0aGVtLCB0aGVyZSBtdXN0IGJlIHNvbWUgd2hvIGhhdmUgb3BlbmVkIHRoZWlyIGV5ZXMgbGlrZSBtZS4gUmlnaHQ/IFBsZWFzZSBicmluZyB0aG9zZSBmZWxsb3cgRHVja2xpbmdzIGhlcmUu,,,,,W0NhcGl0w6NvIFF1YWNdCkhhdmlhIHRhbnRvcyBkb3MgbWV1cyBjb21wYW5oZWlyb3MgUGF0b2xpbmRvcyBuYXF1ZWxlIDxOQVZJPltsdWdhcl08SU5GTz5sYXNhZ25hLDgxLDIwMSwwLDEwMSwwLDwvSU5GTz48L05BVkk+ISBFbnRyZSBlbGVzLCBkZXZlIGhhdmVyIGFsZ3VucyBxdWUgYWJyaXJhbSBvcyBvbGhvcyBjb21vIGV1LiBDZXJ0bz8gUG9yIGZhdm9yLCB0cmFnYSBlc3NlcyBjb21wYW5oZWlyb3MgUGF0b2xpbmRvcyBwYXJhIGPDoS4=,,W0NhcGl0w6FuIEN1YWNdCsKhSGFiw61hIHRhbnRvcyBkZSBtaXMgY29tcGHDsWVyb3MgQ2FwaXTDoW4gQ3VhY3MgZW4gPE5BVkk+W2VzZSBsdWdhcl08SU5GTz5sYXNhZ25hLDgxLDIwMSwwLDEwMSwwLDwvSU5GTz48L05BVkk+ISAKRW50cmUgZWxsb3MsIGRlYmUgaGFiZXIgYWxndW5vcyBxdWUgaGF5YW4gYWJpZXJ0byBsb3Mgb2pvcyBjb21vIHlvLiAKwr9WZXJkYWQ/IApQb3IgZmF2b3IsIHRyYWUgYSBlc29zIGNvbXBhw7Flcm9zIENhcGl0w6FuIEN1YWNzIGFxdcOtLg==
u0hsDQ,,W0tpbmdkdWt5XQpXZSBEdWNrbGluZ3MgY2FuJ3QgZXNjYXBlIHRoYXQgcGxhY2Ugb24gb3VyIG93biwgc28gc29tZW9uZSBoYXMgdG8gaGVscCB1cy4gQW5kIGl0IHNlZW1zIGxpa2UgdGhhdCBzb21lb25lIGlzIHlvdS4=,,,,,W0NhcGl0w6NvIFF1YWNdCk7Ds3MsIFBhdG9saW5kb3MsIG7Do28gcG9kZW1vcyBlc2NhcGFyIGRhcXVlbGUgbHVnYXIgc296aW5ob3MsIGVudMOjbyBhbGd1w6ltIHRlbSBxdWUgbm9zIGFqdWRhci4gRSBwYXJlY2UgcXVlIGVzc2UgYWxndcOpbSDDqSB2b2PDqi4=,,W0NhcGl0w6FuIEN1YWNdCk5vc290cm9zLCBsb3MgQ2FwaXTDoW4gQ3VhY3MsIG5vIHBvZGVtb3MgZXNjYXBhciBkZSBlc2UgbHVnYXIgcG9yIG51ZXN0cmEgY3VlbnRhLCBhc8OtIHF1ZSBhbGd1aWVuIHRpZW5lIHF1ZSBheXVkYXJub3MuIApZIHBhcmVjZSBxdWUgZXNlIGFsZ3VpZW4gZXJlcyB0w7ou
vEhsDQ,,QWxyaWdodC4gSSdsbCBnby4=,,,,,VHVkbyBiZW0uIEV1IHZvdS4=,,RXN0w6EgYmllbi4gSXLDqS4=
vUhsDQ,,W0tpbmdkdWt5XQpZb3UnbGwgcHJvYmFibHkgZ2V0IGNvbmZ1c2VkIGJldHdlZW4gdGFsa2luZyBEdWNrbGluZ3MgYW5kIG5vbi10YWxraW5nIG9uZXMuIEJ1dCB5b3UgbG9vayBzbWFydC4gTGV0J3MgZG8gdGhpcyE=,,,,,W0NhcGl0w6NvIFF1YWNdClZvY8OqIHByb3ZhdmVsbWVudGUgdmFpIHNlIGNvbmZ1bmRpciBlbnRyZSBQYXRvbGluZG9zIGZhbGFudGVzIGUgb3MgcXVlIG7Do28gZmFsYW0uIE1hcyB2b2PDqiBwYXJlY2UgaW50ZWxpZ2VudGUuIFZhbW9zIHRlbnRhciE=,,W0NhcGl0w6FuIEN1YWNdClByb2JhYmxlbWVudGUgdGUgY29uZnVuZGlyw6FzIGVudHJlIGxvcyBDYXBpdMOhbiBDdWFjcyBxdWUgaGFibGFuIHkgbG9zIHF1ZSBuby4gClBlcm8gcGFyZWNlcyBpbnRlbGlnZW50ZS4gCkhhZ2Ftb3MgZXN0by4=
vkhsDQ,,W0R1Y2tsaW5nXQpXaGF0ISBJcyB0aGlzIHlvdXIgZmlyc3QgdGltZSBzZWVpbmcgYSBEdWNrbGluZyBhc2tpbmcgZm9yIGhlbHAhISEhIERvbid0IGdpdmUgbWUgdGhhdCBsb29rIGxpa2UgeW91J3ZlIHNlZW4gaXQgYWxsISBJdCB3b24ndCB0dXJuIHlvdXIgZXllcyBpbnRvIHN0YXJzIQ==,,,,,W1BhdG9saW5kb10KTyBxdcOqISDDiSBhIHN1YSBwcmltZWlyYSB2ZXogdmVuZG8gdW0gUGF0b2xpbmRvIHBlZGluZG8gYWp1ZGEhISEhIE7Do28gbWUgb2xoZSBjb20gZXNzYSBjYXJhIGRlIHF1ZW0gasOhIHZpdSBkZSB0dWRvISBOw6NvIHZhaSBmYXplciBzZXVzIG9saG9zIHZpcmFyZW0gZXN0cmVsYXMh,,W1BhdG9saW5vXQrCocK/UXXDqT8hIArCocK/RXMgdHUgcHJpbWVyYSB2ZXogdmllbmRvIGEgdW4gQ2FwaXTDoW4gQ3VhYyBwaWRpZW5kbyBheXVkYT8hIArCoU5vIG1lIG1pcmVzIGNvbiBlc2EgY2FyYSBkZSBoYWJlcmxvIHZpc3RvIHRvZG8hIArCoU5vIHRlIHZhIGEgY29udmVydGlyIGxvcyBvam9zIGVuIGVzdHJlbGxhcyE=
v0hsDQ,,W0tpbmdkdWt5XQpSZXNjdWUgbXkgZmVsbG93IER1Y2tsaW5ncyBmcm9tIDxOQVZJPltOeWFpbCBDYXZlXTxJTkZPPmxhc2FnbmEsODEsMjAxLDAsMTAxLDAsPC9JTkZPPjwvTkFWST4u,,,,,W0NhcGl0w6NvIFF1YWNdClJlc2dhdGUgbWV1cyBjb21wYW5oZWlyb3MgUGF0b2xpbmRvcyBkYSA8TkFWST5bQ2F2ZXJuYSBOeWFpbCBkbyBNYXIgZGUgTGFzYWduYV08SU5GTz5sYXNhZ25hLDgxLDIwMSwwLDEwMSwwLDwvSU5GTz48L05BVkk+Lg==,,W0NhcGl0w6FuIEN1YWNdClJlc2NhdGEgYSBtaXMgY29tcGHDsWVyb3MgQ2FwaXTDoW4gQ3VhY3MgZGUgbGEgPE5BVkk+W0N1ZXZhIGRlIE1pYXVsXTxJTkZPPmxhc2FnbmEsODEsMjAxLDAsMTAxLDAsPC9JTkZPPjwvTkFWST4u
wEhsDQ,,W0tpbmdkdWt5XQpXZWxjb21lIGJhY2suIEhhdmUgeW91IHJlc2N1ZWQgbWFueSBvZiBteSBmZWxsb3cgRHVja2xpbmdzPyBJJ20gc3VyZSB5b3UgaGF2ZS4gSXQgc2VlbXMgdGhhdCB3YXku,,,,,W0NhcGl0w6NvIFF1YWNdCkJlbS12aW5kbyBkZSB2b2x0YS4gVm9jw6ogcmVzZ2F0b3UgbXVpdG9zIGRvcyBtZXVzIGNvbXBhbmhlaXJvcyBQYXRvbGluZG9zPyBBcG9zdG8gcXVlIHNpbS4gUGFyZWNlIHF1ZSBzaW0u,,W0NhcGl0w6FuIEN1YWNdCkJpZW52ZW5pZG8gZGUgdnVlbHRhLgrCv0hhcyByZXNjYXRhZG8gYSBtdWNob3MgZGUgbWlzIGNvbXBhw7Flcm9zIENhcGl0w6FuIEN1YWNzPyAKRXN0b3kgc2VndXJvIGRlIHF1ZSBzw60uClBhcmVjZSBxdWUgc8OtLg==
wUhsDQ,,W0R1Y2tsaW5nXQpXaGVyZSBpcyB0aGlzIHBsYWNlPw==,,,,,W1BhdG9saW5kb10KT25kZSDDqSBlc3RlIGx1Z2FyPw==,,W1BhdG9saW5vXQrCv0TDs25kZSBlcyBlc3RlIGx1Z2FyPw==
wkhsDQ,,V2hlcmUgaXMgdGhpcyBwbGFjZT8=,,,,,T25kZSDDqSBlc3RlIGx1Z2FyPw==,,wr9Ew7NuZGUgZXMgZXN0ZSBsdWdhcj8=
w0hsDQ,,W0R1Y2tsaW5nXQpUaC4uLiB0aGVzZSB3aXRoZXJlZCB0aGluZ3PigJR3aGF0IGFyZSB0aGV5PyBXaHkgaXMgdGhlcmUgbm8gd2F0ZXIgaGVyZT8gVGhpcyBpcyB3ZWlyZD8=,,,,,W1BhdG9saW5kb10KRXMuLi4gZXNzYXMgY29pc2FzIG11cmNoYXPigJRvIHF1ZSBzw6NvPyBQb3IgcXVlIG7Do28gaMOhIMOhZ3VhIGFxdWk/IElzc28gw6kgZXN0cmFuaG8/,,W1BhdG9saW5vXQpFcy4uLiBlc3RhcyBjb3NhcyBtYXJjaGl0YXMgwr9xdcOpIHNvbj8gCsK/UG9yIHF1w6kgbm8gaGF5IGFndWEgYXF1w60/IApFc3RvIGVzIGV4dHJhw7FvLg==
xEhsDQ,,V2h5IGlzIHRoZXJlIG5vIHdhdGVyPyBUaGlzIGlzIHdlaXJkPw==,,,,,UG9yIHF1ZSBuw6NvIGjDoSDDoWd1YT8gSXNzbyDDqSBlc3RyYW5obz8=,,wr9Qb3IgcXXDqSBubyBoYXkgYWd1YT8gwr9Fc3RvIGVzIGV4dHJhw7FvPw==
xUhsDQ,,W0R1Y2tsaW5nXQpJcyB0aGlzIHRoZSBwbGFjZT8gVGhlIHBsYWNlIHdoZXJlIHRoZXJlIGFyZSBmZWxsb3cgRHVja2xpbmdzIG9uIG15IGxldmVsLiBUaGVyZSBzZWVtIHRvIGJlIG1hbnkgc3Ryb25nLWxvb2tpbmcgb25lcyBoZXJlLg==,,,,,W1BhdG9saW5kb10Kw4kgZXN0ZSBvIGx1Z2FyPyBPIGx1Z2FyIG9uZGUgaMOhIGNvbXBhbmhlaXJvcyBQYXRvbGluZG9zIGRvIG1ldSBuw612ZWw/IFBhcmVjZSBoYXZlciBtdWl0b3MgZGUgYXBhcsOqbmNpYSBmb3J0ZSBhcXVpLg==,,W1BhdG9saW5vXQrCv0VzIGVzdGUgZWwgbHVnYXI/IApFbCBsdWdhciBkb25kZSBoYXkgY29tcGHDsWVyb3MgQ2FwaXTDoW4gQ3VhY3MgZGUgbWkgbml2ZWwuIApQYXJlY2UgcXVlIGhheSBtdWNob3MgZGUgYXBhcmllbmNpYSBmdWVydGUgYXF1w60u
xkhsDQ,,SXMgdGhpcyB0aGUgcGxhY2Uu,,,,,w4kgZXN0ZSBvIGx1Z2FyLg==,,RXMgZXN0ZSBlbCBsdWdhci4=
x0hsDQ,,W0R1Y2tsaW5nXQpXaGVyZSBoYXZlIHlvdSBicm91Z2h0IG1lISEgTGV0IGdvIG9mIG1lISEhIFdoYXQ/IFdoeSBhcmUgdGhlcmUgc28gbWFueSB0aGF0IGxvb2sganVzdCBsaWtlIG1lPw==,,,,,W1BhdG9saW5kb10KUGFyYSBvbmRlIHZvY8OqIG1lIHRyb3V4ZSEhIFNvbHRlLW1lISEhIE8gcXXDqj8gUG9yIHF1ZSBow6EgdGFudG9zIHF1ZSBzZSBwYXJlY2VtIGNvbWlnbz8=,,W1BhdG9saW5vXQrCocK/RMOzbmRlIG1lIGhhcyB0cmHDrWRvPyEgCsKhwqFTdcOpbHRhbWUhISAKwqHCv1F1w6k/IArCocK/UG9yIHF1w6kgaGF5IHRhbnRvcyBxdWUgc2UgcGFyZWNlbiBhIG3DrT8h
yEhsDQ,,V2h5IGFyZSB0aGV5IGFsbCB0aGUgc2FtZSBhcyBtZT8=,,,,,UG9yIHF1ZSB0b2RvcyBzw6NvIGlndWFpcyBhIG1pbT8=,,wr9Qb3IgcXXDqSBzb24gdG9kb3MgaWd1YWxlcyBxdWUgeW8/
yUhsDQ,,W0tpbmdkdWt5XQpXZWxjb21lLCBteSBmZWxsb3cgRHVja2xpbmdzLiBUaGlzIEtpbmdkdWt5IHdlbGNvbWVzIHlvdS4=,,,,,W0NhcGl0w6NvIFF1YWNdCkJlbS12aW5kb3MsIG1ldXMgY29tcGFuaGVpcm9zIFBhdG9saW5kb3MuIEVzdGUgQ2FwaXTDo28gUXVhYyBvcyBzYcO6ZGEu,,W0NhcGl0w6FuIEN1YWNdCkJpZW52ZW5pZG9zLCBtaXMgY29tcGHDsWVyb3MgQ2FwaXTDoW4gQ3VhY3MuIApFc3RlIENhcGl0w6FuIEN1YWMgbGVzIGRhIGxhIGJpZW52ZW5pZGEu
ykhsDQ,,W0R1Y2tsaW5nXQpJIHRob3VnaHQgSSB3YXMgdGhlIG9ubHkgb25lIGluIHRoZSB3b3JsZCwgYnV0IHlvdSB3ZXJlIGFsbCBoZXJlIQ==,,,,,W1BhdG9saW5kb10KRXUgcGVuc2VpIHF1ZSBlcmEgbyDDum5pY28gbm8gbXVuZG8sIG1hcyB2b2PDqnMgZXN0YXZhbSB0b2RvcyBhcXVpIQ==,,W1BhdG9saW5vXQrCoVBlbnPDqSBxdWUgZXJhIGVsIMO6bmljbyBlbiBlbCBtdW5kbywgcGVybyB1c3RlZGVzIGVzdGFiYW4gdG9kb3MgYXF1w60h
y0hsDQ,,W0R1Y2tsaW5nXQpXaHkgZGlkbid0IEkga25vdyBhYm91dCB0aGVtIGluIHRoYXQgY2F2ZT8gV2FzIEkgdGhlIG9ubHkgb25lIHdobyBkaWRuJ3Qga25vdz8=,,,,,W1BhdG9saW5kb10KUG9yIHF1ZSBldSBuw6NvIHNhYmlhIHNvYnJlIGVsZXMgbmFxdWVsYSBjYXZlcm5hPyBFdSBmdWkgbyDDum5pY28gcXVlIG7Do28gc2FiaWE/,,W1BhdG9saW5vXQrCv1BvciBxdcOpIG5vIHNhYsOtYSBkZSBlbGxvcyBlbiBlc2EgY3VldmE/IArCv0Z1aSBlbCDDum5pY28gcXVlIG5vIGxvIHNhYsOtYT8=
zEhsDQ,,W0R1Y2tsaW5nXQpUaGVyZSB3ZXJlIG1hbnkgRHVja2xpbmdzIHRoZXJlIHRoYXQgY291bGRuJ3QgdGFsayBhbmQganVzdCBmbG9hdGVkIGFyb3VuZC4=,,,,,W1BhdG9saW5kb10KSGF2aWEgbXVpdG9zIFBhdG9saW5kb3MgbMOhIHF1ZSBuw6NvIHBvZGlhbSBmYWxhciBlIGFwZW5hcyBmbHV0dWF2YW0u,,W1BhdG9saW5vXQpIYWLDrWEgbXVjaG9zIENhcGl0w6FuIEN1YWNzIGFsbMOtIHF1ZSBubyBwb2TDrWFuIGhhYmxhciB5IHNvbG8gZmxvdGFiYW4u
zUhsDQ,,W0tpbmdkdWt5XQpSaWdodC4gVGhlcmUgd2VyZSBhbG1vc3Qgbm9uZSBvZiB1cyB3aG8gY291bGQgdGFsay4=,,,,,W0NhcGl0w6NvIFF1YWNdCkNlcnRvLiBRdWFzZSBuw6NvIGhhdmlhIG5lbmh1bSBkZSBuw7NzIHF1ZSBwdWRlc3NlIGZhbGFyLg==,,W0NhcGl0w6FuIEN1YWNdCkNpZXJ0by4gCkNhc2kgbm8gaGFiw61hIG5pbmd1bm8gZGUgbm9zb3Ryb3MgcXVlIHB1ZGllcmEgaGFibGFyLg==
zkhsDQ,,W0R1Y2tsaW5nXQpCdXQgd2UgY2FuIHRhbGsuIFRoZSBvdGhlcnMgY2FuJ3Qu,,,,,W1BhdG9saW5kb10KTWFzIG7Ds3MgcG9kZW1vcyBmYWxhci4gT3Mgb3V0cm9zIG7Do28gcG9kZW0u,,W1BhdG9saW5vXQpQZXJvIG5vc290cm9zIHBvZGVtb3MgaGFibGFyLiAKTG9zIG90cm9zIG5vIHB1ZWRlbi4=
z0hsDQ,,W0R1Y2tsaW5nXQpXaGF0J3MgdGhlIGRpZmZlcmVuY2U/IFdlcmUgd2UgbmF0dXJhbGx5IGJvcm4gdGhlcmU/,,,,,W1BhdG9saW5kb10KUXVhbCDDqSBhIGRpZmVyZW7Dp2E/IE7Ds3MgbmFzY2Vtb3MgbmF0dXJhbG1lbnRlIGzDoT8=,,W1BhdG9saW5vXQrCv0N1w6FsIGVzIGxhIGRpZmVyZW5jaWE/IArCv05hY2ltb3MgbmF0dXJhbG1lbnRlIGFsbMOtPw==
0EhsDQ,,WW91IHdlcmUgYWxsIHNwaWxsZWQgZnJvbSBhIHNoaXB3cmVjayBzb21lIHRpbWUgYWdvLg==,,,,,Vm9jw6pzIHRvZG9zIGZvcmFtIGRlcnJhbWFkb3MgZGUgdW0gbmF1ZnLDoWdpbyBow6EgYWxndW0gdGVtcG8u,,VG9kb3MgdXN0ZWRlcyBmdWVyb24gZGVycmFtYWRvcyBkZSB1biBuYXVmcmFnaW8gaGFjZSBhbGfDum4gdGllbXBvLg==
0UhsDQ,,W0R1Y2tsaW5nXQpBIHNoaXB3cmVjaz8gSSBkb24ndCByZW1lbWJlciB0aGF0Lg==,,,,,W1BhdG9saW5kb10KVW0gbmF1ZnLDoWdpbz8gTsOjbyBtZSBsZW1icm8gZGlzc28u,,W1BhdG9saW5vXQrCv1VuIG5hdWZyYWdpbz8gCk5vIHJlY3VlcmRvIGVzby4=
0khsDQ,,W0tpbmdkdWt5XQpJIGRvIHJlbWVtYmVyIHNvbWV0aGluZyEgVGhlIGZlZWxpbmcgb2Ygc29tZXRoaW5nIHRvdWNoaW5nIG15IGJlYWshIQ==,,,,,W0NhcGl0w6NvIFF1YWNdCkV1IG1lIGxlbWJybyBkZSBhbGdvISBBIHNlbnNhw6fDo28gZGUgYWxnbyB0b2NhbmRvIG1ldSBiaWNvISE=,,W0NhcGl0w6FuIEN1YWNdCsKhWW8gc8OtIHJlY3VlcmRvIGFsZ28hIArCoUxhIHNlbnNhY2nDs24gZGUgYWxnbyB0b2NhbmRvIG1pIHBpY28hIQ==
00hsDQ,,W0R1Y2tsaW5nXQpJIGtub3cgdGhhdCB0b28hIFNvbWV0aGluZyBmcmFncmFudCBhbmQgZmFudGFzdGljYWxseSBkZWxpY2lvdXMuLi4gY3J1bWJzPz8=,,,,,W1BhdG9saW5kb10KRXUgdGFtYsOpbSBzZWkgZGlzc28hIEFsZ28gcGVyZnVtYWRvIGUgZmFudGFzdGljYW1lbnRlIGRlbGljaW9zby4uLiBtaWdhbGhhcz8/,,W1BhdG9saW5vXQrCoVlvIHRhbWJpw6luIHPDqSBlc28hIApBbGdvIGZyYWdhbnRlIHkgZmFudMOhc3RpY2FtZW50ZSBkZWxpY2lvc28uLi4gwr9taWdhcz8=
1EhsDQ,,W0R1Y2tsaW5nXQpIZXksIHlvdSB0b28/IE1lIHRvbyEhIEZyb20gdGhlIG1vbWVudCB0aGF0IGVudGVyZWQgbXkgbW91dGgsIEkgd2FzIHRydWx5IGFsaXZlLg==,,,,,W1BhdG9saW5kb10KRWksIHZvY8OqIHRhbWLDqW0/IEV1IHRhbWLDqW0hISBFdSBlc3RhdmEgdml2byBkZXNkZSBvIG1vbWVudG8gZW0gcXVlIGFxdWlsbyBlbnRyb3UgbmEgbWluaGEgYm9jYS4=,,W1BhdG9saW5vXQpPeWUsIMK/dMO6IHRhbWJpw6luPyAKwqFZbyB0YW1iacOpbiEhIApFc3R1dmUgdml2byBkZXNkZSBlbCBtb21lbnRvIGVuIHF1ZSBlc28gZW50csOzIGVuIG1pIGJvY2Eu
1UhsDQ,,WW91IG11c3QgaGF2ZSBlYXRlbiBNZWF0YmFsbC4=,,,,,Vm9jw6ogZGV2ZSB0ZXIgY29taWRvIEFsbcO0bmRlZ2Eu,,RGViZXMgaGFiZXIgY29taWRvIEFsYsOzbmRpZ2Eu
1khsDQ,,W0tpbmdkdWt5XQpNZWF0YmFsbD8gSXMgdGhhdCBtYWdpYyBwb3Rpb24gTWVhdGJhbGw/,,,,,W0NhcGl0w6NvIFF1YWNdCkFsbcO0bmRlZ2E/IEVzc2EgcG/Dp8OjbyBtw6FnaWNhIMOpIEFsbcO0bmRlZ2E/,,W0NhcGl0w6FuIEN1YWNdCsK/QWxiw7NuZGlnYT8gCsK/RXNhIHBvY2nDs24gbcOhZ2ljYSBlcyBsYSBBbGLDs25kaWdhPw==
10hsDQ,,W0R1Y2tsaW5nXQpTbyB0aGF0J3MgaG93IHdlIGNhbWUgdG8gYmUhIQ==,,,,,W1BhdG9saW5kb10KRW50w6NvIGZvaSBhc3NpbSBxdWUgc3VyZ2ltb3MhIQ==,,W1BhdG9saW5vXQrCocKhRW50b25jZXMgYXPDrSBlcyBjb21vIGxsZWdhbW9zIGEgc2VyISE=
2EhsDQ,,W0R1Y2tsaW5nXQpCdXQgaG93IGRpZCB5b3Uga25vdyB0byBicmluZyB1cyBoZXJlPw==,,,,,W1BhdG9saW5kb10KTWFzIGNvbW8gdm9jw6ogc2FiaWEgcXVlIGRldmVyaWEgbm9zIHRyYXplciBhcXVpPw==,,W1BhdG9saW5vXQpQZXJvLCDCv2PDs21vIHN1cGlzdGUgcXVlIGRlYsOtYXMgdHJhZXJub3MgYXF1w60/
2UhsDQ,,W0tpbmdkdWt5XQpJIGFza2VkIHRoaXMgb25lIHRvIGdhdGhlciB5b3UgYWxsIQ==,,,,,W0NhcGl0w6NvIFF1YWNdCkV1IHBlZGkgYSBlc3RlIGFxdWkgcGFyYSByZXVuaXIgdG9kb3Mgdm9jw6pzIQ==,,W0NhcGl0w6FuIEN1YWNdCsKhTGUgcGVkw60gYSBlc3RlIHF1ZSBsb3MgcmV1bmllcmEgYSB0b2RvcyE=
2khsDQ,,W0R1Y2tsaW5nXQpXaG8gYXJlIHlvdT8=,,,,,W1BhdG9saW5kb10KUXVlbSDDqSB2b2PDqj8=,,W1BhdG9saW5vXQrCv1F1acOpbiBlcmVzPw==
20hsDQ,,W0tpbmdkdWt5XQpNZT8gSSdtIEtpbmdkdWt5Lg==,,,,,W0NhcGl0w6NvIFF1YWNdCkV1PyBFdSBzb3UgQ2FwaXTDo28gUXVhYy4=,,W0NhcGl0w6FuIEN1YWNdCsK/WW8/IApTb3kgQ2FwaXTDoW4gQ3VhYy4=
3EhsDQ,,QXMgeW91IGNhbiBzZWUsIGEgRHVja2xpbmcu,,,,,Q29tbyBwb2RlIHZlciwgdW0gUGF0b2xpbmRvLg==,,Q29tbyBwdWVkZXMgdmVyLCB1biBDYXBpdMOhbiBDdWFjLg==
3UhsDQ,,W0R1Y2tsaW5nXQpXaGF0J3MgS2luZ2R1a3k/,,,,,W1BhdG9saW5kb10KTyBxdWUgw6kgQ2FwaXTDo28gUXVhYz8=,,W1BhdG9saW5vXQrCv1F1w6kgZXMgQ2FwaXTDoW4gQ3VhYz8=
3khsDQ,,W0tpbmdkdWt5XQpUaGF0J3MgbXkgbmFtZS4gSXQncyB3aGF0IHlvdSBjYWxsIG1lLg==,,,,,W0NhcGl0w6NvIFF1YWNdCkVzc2Ugw6kgbWV1IG5vbWUuIMOJIGNvbW8gdm9jw6ogbWUgY2hhbWEu,,W0NhcGl0w6FuIEN1YWNdCkVzZSBlcyBtaSBub21icmUuIApBc8OtIG1lIGxsYW1hcy4=
30hsDQ,,Q29vbCwgaXNuJ3QgaXQu,,,,,TGVnYWwsIG7Do28gw6k/,,R2VuaWFsLCDCv3ZlcmRhZD8=
4EhsDQ,,W0R1Y2tsaW5nXQpXaHkgZG8geW91IGhhdmUgYSBuYW1lPw==,,,,,W1BhdG9saW5kb10KUG9yIHF1ZSB2b2PDqiB0ZW0gdW0gbm9tZT8=,,W1BhdG9saW5vXQrCv1BvciBxdcOpIHRpZW5lcyB1biBub21icmU/
4UhsDQ,,W0tpbmdkdWt5XQpXaGVuIEkgY2FtZSBoZXJlLCBldmVyeW9uZSBoYWQgYSB3YXkgdG8gY2FsbCBlYWNoIG90aGVyLiBUaGV5IHNhaWQgaXQgd2FzIGEgbmFtZS4gSSB3YXMgc28gZW52aW91cy4uLiBzbyBJIG1hZGUgb25lLg==,,,,,W0NhcGl0w6NvIFF1YWNdClF1YW5kbyBjaGVndWVpIGFxdWksIHRvZG9zIHRpbmhhbSB1bWEgbWFuZWlyYSBkZSBzZSBjaGFtYXIuIERpc3NlcmFtIHF1ZSBlcmEgdW0gbm9tZS4gRXUgZmlxdWVpIGNvbSB0YW50YSBpbnZlamEuLi4gZW50w6NvIGNyaWVpIHVtLg==,,W0NhcGl0w6FuIEN1YWNdCkN1YW5kbyBsbGVndcOpIGFxdcOtLCB0b2RvcyB0ZW7DrWFuIHVuYSBmb3JtYSBkZSBsbGFtYXJzZS4gCkRpamVyb24gcXVlIGVyYSB1biBub21icmUuClNlbnTDrSB0YW50YSBlbnZpZGlhLi4uIGFzw60gcXVlIG1lIGhpY2UgdW5vLg==
4khsDQ,,W0tpbmdkdWt5XQpJIGhlYXJkIHBlb3BsZSBjYWxsIHVzICJkdWNrIi4gQnV0IEkgd2FudGVkIHRvIGJlIHNwZWNpYWwuIFNvIEkgYWRkZWQgdG8gdGhlIG5hbWUgdGhleSBjYWxsIHVzLiBJIGF0dGFjaGVkIGEgc3Ryb25nLXNvdW5kaW5nIHNvdW5kIEkgaGFkIGhlYXJkLg==,,,,,W0NhcGl0w6NvIFF1YWNdCk91dmkgYXMgcGVzc29hcyBub3MgY2hhbWFyZW0gZGUgInBhdG8iLiBNYXMgZXUgcXVlcmlhIHNlciBlc3BlY2lhbC4gRW50w6NvIGV1IGFkaWNpb25laSBhbyBub21lIHF1ZSBlbGVzIG5vcyBjaGFtYW0uIEFuZXhlaSB1bSBzb20gZm9ydGUgcXVlIHRpbmhhIG91dmlkby4=,,W0NhcGl0w6FuIEN1YWNdCk/DrSBxdWUgbGEgZ2VudGUgbm9zIGxsYW1hICJwYXRvIi4gClBlcm8geW8gcXVlcsOtYSBzZXIgZXNwZWNpYWwuIApBc8OtIHF1ZSBsZSBhw7FhZMOtIGFsZ28gYWwgbm9tYnJlIHF1ZSBub3MgZGFuLiAKTGUgcHVzZSB1biBzb25pZG8gZnVlcnRlIHF1ZSBoYWLDrWEgZXNjdWNoYWRvLg==
40hsDQ,,W0R1Y2tsaW5nXQpUaGVuIEknbGwgbWFrZSBvbmUgdG9vISBJIHdhbnQgdG8gYmUgS2luZ2R1a3kgdG9vLg==,,,,,W1BhdG9saW5kb10KRW50w6NvIHZvdSBjcmlhciB1bSB0YW1iw6ltISBRdWVybyBzZXIgQ2FwaXTDo28gUXVhYyB0YW1iw6ltLg==,,W1BhdG9saW5vXQrCoUVudG9uY2VzIHlvIHRhbWJpw6luIG1lIGhhcsOpIHVubyEgClRhbWJpw6luIHF1aWVybyBzZXIgQ2FwaXTDoW4gQ3VhYy4=
5EhsDQ,,S2luZyEgRHVreSEh,,,,,Q2FwaXTDo28hIFF1YWMhIQ==,,wqFDYXBpdMOhbiAhIMKhQ3VhYyEh
5UhsDQ,,W0tpbmdkdWt5XQpLaW5nZHVreSBpcyBteSBuYW1lISBJZiB5b3Ugc3RlYWwgaXQsIHlvdSdyZSBhIHRoaWVmISEhIFlvdSBoYXZlIHRvIG1ha2UgeW91ciBvd24gbmFtZSEgVGhhdCdzIGhvdyBpdCBzaG91bGQgYmUh,,,,,W0NhcGl0w6NvIFF1YWNdCkNhcGl0w6NvIFF1YWMgw6kgbWV1IG5vbWUhIFNlIHZvY8OqIHJvdWLDoS1sbywgw6kgdW0gbGFkcsOjbyEhISBWb2PDqiB0ZW0gcXVlIGZhemVyIHNldSBwcsOzcHJpbyBub21lISDDiSBhc3NpbSBxdWUgZGV2ZSBzZXIh,,W0NhcGl0w6FuIEN1YWNdCsKhQ2FwaXTDoW4gQ3VhY2VzIG1pIG5vbWJyZSEgCsKhU2kgbG8gcm9iYXMsIGVyZXMgdW4gdmlsbGFubyEgCsKhVGllbmVzIHF1ZSBoYWNlciB0dSBwcm9waW8gbm9tYnJlISAKwqFBc8OtIGRlYmUgc2VyIQ==
5khsDQ,,W0R1Y2tsaW5nXQpSZWFsbHk/IFRoZW4uLi4gSSdsbCBiZSBHYW5kdWt5IQ==,,,,,W1BhdG9saW5kb10KU8OpcmlvPyBFbnTDo28uLi4gdm91IHNlciBGaWRlcXVhYyE=,,W1BhdG9saW5vXQrCv0VuIHNlcmlvPyAKRW50b25jZXMuLi4gwqFzZXLDqSBGaWRlb2N1YWMh
50hsDQ,,R2FuISBEdWt5IQ==,,,,,RmkhIERlISBRdWFjIQ==,,wqFGaWRlb2N1YWMh
6EhsDQ,,W0R1Y2tsaW5nXQpJJ2xsIGJlIFBvZWR1a3kh,,,,,W1BhdG9saW5kb10KRXUgc2VyZWkgQ2FkaW5jdWFjIQ==,,W1BhdG9saW5vXQrCoVNlcsOpIENhbGRpY3VhYyE=
6UhsDQ,,UG9lISBEdWt5IQ==,,,,,Q2FkaW4hIEN1YWMh,,wqFDYWxkaWN1YWMh
6khsDQ,,W0R1Y2tsaW5nXQpXaGljaCBpcyBiZXR0ZXIsIEx1ZHVreSBvciBGb25kdWt5Pw==,,,,,W1BhdG9saW5kb10KUXVhbCDDqSBtZWxob3IsIEN1YXF1aW5obyBvdSBDdWFjYW1vbGU/,,W1BhdG9saW5vXQrCv0N1w6FsIGVzIG1lam9yLCBDdWFxdcOtbm8gbyBDdWFjYW1vbGU/
60hsDQ,,THVkdWt5PyBGb25kdWt5Pw==,,,,,Q3VhcXVpbmhvPyBDdWFjYW1vbGU/,,wr9DdWFxdcOtbj8gwr9DdWFjYW1vbGU/
7EhsDQ,,W0R1Y2tsaW5nXQpObywgSSB0aGluayBEdWNram9uZXMgYW5kIER1Y2t0YWxlcyBhcmUgYmV0dGVyLg==,,,,,W1BhdG9saW5kb10KTsOjbywgYWNobyBxdWUgSm9uaXBhdG8gZSBQYXRvdGVsZXMgc8OjbyBtZWxob3Jlcy4=,,W1BhdG9saW5vXQpObywgY3JlbyBxdWUgU2lkZW9rIHkgUGF0b3RlbGVzIHNvbiBtZWpvcmVzLg==
7UhsDQ,,RHVja2pvbmVzPyBEdWNrdGFsZXM/IFdoaWNoIGlzIGJldHRlcj8=,,,,,Sm9uaXBhdG8/IFBhdG90ZWxlcz8gUXVhbCDDqSBtZWxob3I/,,wr9TaWRlb2s/IMK/UGF0b3RlbGVzPyDCv0N1w6FsIGVzIG1lam9yPw==
7khsDQ,,W0R1Y2tsaW5nXQpEdWNrdGFsZXM/IFRoZW4gd2hhdCBhYm91dCBNaWR1ZHVreT8gVGhlcmUncyBhbHNvIE1pZHVreSwgSHVkdWt5LCBEdWNrbm9ycmlzLi4uPw==,,,,,W1BhdG9saW5kb10KUGF0b3RlbGVzPyBFbnTDo28gZSBQYXRvbmFyZG8/IFRhbWLDqW0gdGVtIFF1YWNuw61maWNvLCBQYXRhZ29uLCBDdWFjbm9ycmlzLi4uPw==,,W1BhdG9saW5vXQrCv0Rlb2Rlb2s/IArCv0VudG9uY2VzIHF1w6kgdGFsIFBhdG9uYXJkbz8gClRhbWJpw6luIGVzdMOhbiBDdWFjbsOtZmljbywgUGF0YWfDs24sIEN1YWNOb3JyaXMuLi4/
70hsDQ,,TWlkdWR1a3kuLi4gTWlkdWt5LCBIdWR1a3ksIER1Y2tub3JyaXMuIFRoZXJlIGFyZSBhIGxvdCBvZiBnb29kIG9uZXMu,,,,,UGF0b25hcmRvLi4uIFF1YWNuw61maWNvLCBQYXRhZ29uLCBDdWFjbm9ycmlzLiBIw6EgbXVpdG9zIG5vbWVzIGJvbnMu,,UGF0b25hcmRvLi4uIEN1YWNuw61maWNvLCBQYXRhZ8OzbiwgQ3VhY05vcnJpcy4gSGF5IG11Y2hvcyBidWVub3Mu
8EhsDQ,,Tm8sIG5vdCAiZHVjayIgbGlrZSB0aGF0LCBpdCdzLi4u,,,,,TsOjbywgbsOjbyDDqSAiY3VhYyIgYXNzaW0sIMOpLi4u,,Tm8sICJkZW9rIiBubyBlcyBhc8OtLCBlcy4uLg==
8UhsDQ,,W0R1Y2tsaW5nXQpIb3cgYWJvdXQgdGhpcz8gSSdtIE9uZWR1Y2ssIHlvdSdyZSBUd29kdWNrLCBhbmQgdGhhdCBvbmUgaXMgVGhyZWVkdWNrIQ==,,,,,W1BhdG9saW5kb10KUXVlIHRhbCBpc3NvPyBFdSBzb3UgVW1wYXRvLCB2b2PDqiDDqSBEb2lzcGF0byBlIGFxdWVsZSDDqSBUcmVzcGF0byE=,,W1BhdG9saW5vXQrCv1F1w6kgdGFsIGVzdG8/IArCoVlvIHNveSBQYXRvLVVubywgdMO6IGVyZXMgUGF0by1Eb3MgeSBlc2UgZXMgUGF0by1UcmVzISA=
8khsDQ,,T25lZHVjaywgVHdvZHVjaywgVGhyZWVkdWNr,,,,,VW1wYXRvLCBEb2lzcGF0bywgVHJlc3BhdG8u,,wqFQYXRvLVVubywgUGF0by1Eb3MsIFBhdG8tVHJlcyE=
80hsDQ,,SHVycnkgdXAgYW5kIHNheSBpdC4gTHVkdWt5PyBGb25kdWt5Pw==,,,,,UGVuc2UgcsOhcGlkby4gQ3VhcXVpbmhvPyBDdWFjYW1vbGU/,,RGF0ZSBwcmlzYSB5IGRpbG8uIMK/Q3VhcXXDrW4/IMK/UGF0b25hcmRvPw==
9EhsDQ,,V2hhdCBhcmUgeW91ciBuYW1lcyBhZ2Fpbi4uLg==,,,,,UXVhaXMgc8OjbyBzZXVzIG5vbWVzIG1lc21vLi4u,,wr9Dw7NtbyBlcmFuIHN1cyBub21icmVzIG90cmEgdmV6Pw==
9UhsDQ,,W0R1Y2tsaW5nXQpUaGVuIEknbGwgYmUgTWlkdWt5Lg==,,,,,W1BhdG9saW5kb10KRW50w6NvIHZvdSBlc2NvbGhlciBRdWFjbsOtZmljby4=,,W1BhdG9saW5vXQpFbnRvbmNlcyBtZSBxdWVkbyBjb24gQ3VhY27DrWZpY28u
9khsDQ,,RnJvbSBub3cgb24sIEknbSBNaWR1a3ku,,,,,RGUgYWdvcmEgZW0gZGlhbnRlLCBzb3UgUXVhY27DrWZpY28u,,RGUgYWhvcmEgZW4gYWRlbGFudGUsIHNveSBDdWFjbsOtZmljby4=
90hsDQ,,W0tpbmdkdWt5XQpObywgdWguLi4geWVhaCwgYXMgbG9uZyBhcyB5b3UncmUgaGFwcHku,,,,,W0NhcGl0w6NvIFF1YWNdCk7Do28sIHVoLi4uIHNpbSwgY29udGFudG8gcXVlIHZvY8OqIGVzdGVqYSBmZWxpei4=,,W0NhcGl0w6FuIEN1YWNdCk5vLCB1aC4uLiBzw60sIG1pZW50cmFzIHNlYXMgZmVsaXou
+EhsDQ,,WWVhaCwgd2VsbC4uLiB3aGF0J3MgaW4gYSBuYW1lIGFueXdheS4=,,,,,U2ltLCBiZW0uLi4gbyBxdWUgaMOhIGVtIHVtIG5vbWUgYWZpbmFsLg==,,U8OtLCBidWVuby4uLiBxdcOpIGltcG9ydGEgdW4gbm9tYnJlLg==
+UhsDQ,,W0R1Y2tsaW5nXQpJdCBzb3VuZHMgbGlrZSB5b3UncmUgd2lzaGluZyB1cyBoYXBwaW5lc3MsIGJ1dCBzb21laG93IEkgZmVlbCBvZmZlbmRlZC4=,,,,,W1BhdG9saW5kb10KUGFyZWNlIHF1ZSB2b2PDqiBlc3TDoSBub3MgZGVzZWphbmRvIGZlbGljaWRhZGUsIG1hcyBkZSBhbGd1bWEgZm9ybWEgbWUgc2ludG8gb2ZlbmRpZG8u,,W1BhdG9saW5vXQpQYXJlY2UgcXVlIG5vcyBkZXNlYXMgZmVsaWNpZGFkLCBwZXJvIGRlIGFsZ3VuYSBtYW5lcmEgbWUgc2llbnRvIG9mZW5kaWRvLg==
+khsDQ,,W0R1Y2tsaW5nXQpSaWdodC4gWW91IHN0YXkgb3V0IG9mIHRoaXMu,,,,,W1BhdG9saW5kb10KQ2VydG8uIFZvY8OqIG7Do28gc2UgbWV0YSBuaXNzby4=,,W1BhdG9saW5vXQpDaWVydG8uIApUw7ogbm8gdGUgbWV0YXMgZW4gZXN0by4=
+0hsDQ,,W0R1Y2tsaW5nXQpXaGlsZSB3ZSdyZSBuYW1pbmcgb3Vyc2VsdmVzLCB5b3Ugc3RheSBvdXQgb2YgaXQu,,,,,W1BhdG9saW5kb10KRW5xdWFudG8gZXN0YW1vcyBub3Mgbm9tZWFuZG8sIGZpcXVlIGRlIGZvcmEgZGlzc28u,,W1BhdG9saW5vXQpNaWVudHJhcyBub3MgcG9uZW1vcyBub21icmVzLCB0w7ogbm8gdGUgbWV0YXMu
/EhsDQ,,QWgsIG9rYXku,,,,,QWgsIG9rLg==,,QWgsIGVzdMOhIGJpZW4u
/UhsDQ,,W0tpbmdkdWt5XQpTb3JyeSBhYm91dCB0aGlzLiBXYWl0IGEgbW9tZW50LiBFdmVyeW9uZSdzIGNsdW1zeSBhdCBuYW1pbmcsIHNvIEkgbmVlZCB0byBzdXBlcnZpc2Uu,,,,,W0NhcGl0w6NvIFF1YWNdCkRlc2N1bHBlIHBvciBpc3NvLiBFc3BlcmUgdW0gbW9tZW50by4gVG9kbyBtdW5kbyDDqSBkZXNhamVpdGFkbyBwYXJhIG5vbWVhciwgZW50w6NvIHByZWNpc28gc3VwZXJ2aXNpb25hci4=,,W0NhcGl0w6FuIEN1YWNdClBlcmTDs24gcG9yIGVzdG8uIEVzcGVyYSB1biBtb21lbnRvLiBUb2RvcyBzb24gdG9ycGVzIHBhcmEgcG9uZXIgbm9tYnJlcywgYXPDrSBxdWUgbmVjZXNpdG8gc3VwZXJ2aXNhci4=
/khsDQ,,W0tpbmdkdWt5XQpXaGF0Pw==,,,,,W0NhcGl0w6NvIFF1YWNdCk8gcXXDqj8=,,W0NhcGl0w6FuIEN1YWNdCsK/UXXDqT8=
/0hsDQ,,W01pZHVkdWt5XQpTaW5jZSB3ZSd2ZSBjb21lIHRoaXMgZmFyLCBsZXQncyBjcmVhdGUgYSB3b3JsZCBvZiBEdWNrbGluZ3Mu,,,,,W1BhdG9uYXJkb10KSsOhIHF1ZSBjaGVnYW1vcyBhdMOpIGFxdWksIHZhbW9zIGNyaWFyIHVtIG11bmRvIGRlIFBhdG9saW5kb3Mu,,W1BhdG9uYXJkb10KWWEgcXVlIGhlbW9zIGxsZWdhZG8gaGFzdGEgYXF1w60sIGNyZWVtb3MgdW4gbXVuZG8gZGUgQ2FwaXTDoW4gQ3VhY3Mu
AElsDQ,,W0h1ZHVreV0KTGV0J3MgY29ucXVlciB0aGUgd29ybGQh,,,,,W1BhdGFnb25dClZhbW9zIGNvbnF1aXN0YXIgbyBtdW5kbyE=,,W1BhdGFnw7NuXQrCoUNvbnF1aXN0ZW1vcyBlbCBtdW5kbyE=
AUlsDQ,,W01pZHVreV0KSSdtIGdvaW5nIHRvIGJlIHRoZSBiZXN0LiBJJ2xsIGJlY29tZSB0aGUgYmVzdCBhbmQgY29ucXVlciBldmVyeXRoaW5nLg==,,,,,W1F1YWNuw61maWNvXQpWb3Ugc2VyIG8gbWVsaG9yLiBWb3UgbWUgdG9ybmFyIG8gbWVsaG9yIGUgY29ucXVpc3RhciB0dWRvLg==,,W0N1YWNuw61maWNvXQpWb3kgYSBzZXIgZWwgbWVqb3IuIApNZSBjb252ZXJ0aXLDqSBlbiBlbCBtZWpvciB5IGxvIGNvbnF1aXN0YXLDqSB0b2RvLg==
AklsDQ,,W0x1ZHVreV0KSSBhZ3JlZSEh,,,,,W0N1YXF1aW5ob10KRXUgY29uY29yZG8hIQ==,,W0N1YXF1w61uXQrCocKhRXN0b3kgZGUgYWN1ZXJkbyEh
A0lsDQ,,V2hhdCBhcmUgeW91IHRhbGtpbmcgYWJvdXQgYWxsIG9mIGEgc3VkZGVuIHdoaWxlIG5hbWluZyB5b3Vyc2VsdmVzPw==,,,,,TyBxdWUgdm9jw6pzIGVzdMOjbyBmYWxhbmRvIGRlIHJlcGVudGUgZW5xdWFudG8gc2Ugbm9tZWlhbT8=,,wr9EZSBxdcOpIGVzdMOhbiBoYWJsYW5kbyBkZSByZXBlbnRlIG1pZW50cmFzIHNlIHBvbmVuIG5vbWJyZXM/
BElsDQ,,W01pZHVkdWt5XQpZb3UncmUgYXNraW5nIHdoYXQgYWxsIHRoaXMgaXMgYWJvdXQ/,,,,,W1BhdG9uYXJkb10KVm9jw6ogZXN0w6EgcGVyZ3VudGFuZG8gbyBxdWUgw6kgdHVkbyBpc3NvPw==,,W1BhdG9uYXJkb10Kwr9QcmVndW50YXMgcXXDqSBlcyB0b2RvIGVzdG8/
BUlsDQ,,W0h1ZHVreV0KV2hpbGUgd2Ugd2VyZSBuYW1pbmcgb3Vyc2VsdmVzLCB3ZSBzYXcgcGVvcGxlIGNhcnJ5aW5nIGFyb3VuZCBvdXIgRHVja2xpbmdzIHdobyBjYW4ndCBzcGVhayBsaWtlIHVzLg==,,,,,W1BhdGFnb25dCkVucXVhbnRvIG5vcyBub21lw6F2YW1vcywgdmltb3MgcGVzc29hcyBjYXJyZWdhbmRvIG5vc3NvcyBQYXRvbGluZG9zIHF1ZSBuw6NvIHBvZGVtIGZhbGFyIGNvbW8gbsOzcy4=,,W0h1ZGVva10KTWllbnRyYXMgbm9zIHBvbsOtYW1vcyBub21icmVzLCB2aW1vcyBhIHBlcnNvbmFzIGNhcmdhbmRvIGEgbnVlc3Ryb3MgQ2FwaXTDoW4gQ3VhY3MgcXVlIG5vIHB1ZWRlbiBoYWJsYXIgY29tbyBub3NvdHJvcy4=
BklsDQ,,W0x1ZHVreV0KVGhleSBsdXJlIGlubm9jZW50IER1Y2tsaW5ncyB3aXRoIHNoaW55IGJ1dHRvbnMgYW5kIGNhcnJ5IHRoZW0gYXJvdW5kLg==,,,,,W0N1YXF1aW5ob10KRWxlcyBhdHJhZW0gUGF0b2xpbmRvcyBpbm9jZW50ZXMgY29tIGJvdMO1ZXMgYnJpbGhhbnRlcyBlIG9zIGNhcnJlZ2FtIHBvciBhw60u,,W0N1YXF1w61uXQpBdHJhZW4gYSBDYXBpdMOhbiBDdWFjcyBpbm9jZW50ZXMgY29uIGJvdG9uZXMgYnJpbGxhbnRlcyB5IGxvcyBjYXJnYW4u
B0lsDQ,,W0tpbmdkdWt5XQpUaGF0IGhhcHBlbmVkIHRvIG1lIHRvbyEgQnV0IEkgaWdub3JlZCB0aGVtISBFdmVyeW9uZSBqdXN0IG5lZWRzIHRvIGJlIHBhdGllbnQu,,,,,W0NhcGl0w6NvIFF1YWNdCklzc28gYWNvbnRlY2V1IGNvbWlnbyB0YW1iw6ltISBNYXMgb3MgaWdub3JlaSEgVG9kb3Mgc8OzIHByZWNpc2FtIHRlciBwYWNpw6puY2lhLg==,,W0NhcGl0w6FuIEN1YWNdCsKhRXNvIHRhbWJpw6luIG1lIHBhc8OzIGEgbcOtISAKwqFQZXJvIGxvcyBpZ25vcsOpISAKVG9kb3Mgc29sbyBuZWNlc2l0YW4gdGVuZXIgcGFjaWVuY2lhLg==
CElsDQ,,W01pZHVreV0KQnV0IHdoeSBjYW4ndCB0aGV5IHVuZGVyc3RhbmQ/IFRoYXQncyBhbiBpbnN1bHQh,,,,,W1F1YWNuw61maWNvXQpNYXMgcG9yIHF1ZSBlbGVzIG7Do28gZW50ZW5kZW0/IElzc28gw6kgdW0gaW5zdWx0byE=,,W0N1YWNuw61maWNvXQrCv1Blcm8gcG9yIHF1w6kgbm8gcHVlZGVuIGVudGVuZGVyPyAKwqFFc28gZXMgdW4gaW5zdWx0byE=
CUlsDQ,,W01pZHVkdWt5XQpEb2xscyBvdGhlciB0aGFuIHVzIER1Y2tsaW5ncyBkb24ndCBzcGVhayBsaWtlIHVzIGV2ZW4gaWYgdGhleSBlYXQgTWVhdGJhbGwuIFRoZXJlIG11c3QgYmUgYSByZWFzb24gd2h5IHdlIGNhbiBzcGVhayBhbmQgbW92ZSBsaWtlIHRoaXMuIFdoYXQgZG8geW91IHRoaW5rIGl0IGlzPw==,,,,,W1BhdG9uYXJkb10KQm9uZWNvcyBxdWUgbsOjbyBzZWphbSBub3Nzb3MgUGF0b2xpbmRvcyBuw6NvIGZhbGFtIGNvbW8gbsOzcywgbWVzbW8gcXVlIGNvbWFtIEFsbcO0bmRlZ2EuIERldmUgaGF2ZXIgdW1hIHJhesOjbyBwZWxhIHF1YWwgcG9kZW1vcyBmYWxhciBlIG5vcyBtb3ZlciBhc3NpbS4gTyBxdWUgdm9jw6ogYWNoYSBxdWUgw6k/,,W1BhdG9uYXJkb10KTG9zIG11w7FlY29zIHF1ZSBubyBzb24gQ2FwaXTDoW4gQ3VhY3Mgbm8gaGFibGFuIGNvbW8gbm9zb3Ryb3MgYXVucXVlIGNvbWFuIGFsYsOzbmRpZ2FzLiAKRGViZSBoYWJlciB1bmEgcmF6w7NuIHBvciBsYSBxdWUgcG9kZW1vcyBoYWJsYXIgeSBtb3Zlcm5vcyBhc8OtLiAKwr9DdcOhbCBjcmVlcyBxdWUgZXM/
CklsDQ,,W0x1ZHVreV0KSXQncyBhIG1pcmFjbGUhIFRoZSB3aG9sZSB3b3JsZCBtdXN0IGtub3cgYWJvdXQgdGhhdCBtaXJhY2xlLg==,,,,,W0N1YXF1aW5ob10Kw4kgdW0gbWlsYWdyZSEgTyBtdW5kbyBpbnRlaXJvIGRldmUgc2FiZXIgc29icmUgZXNzZSBtaWxhZ3JlLg==,,W0N1YXF1w61uXQrCoUVzIHVuIG1pbGFncm8hIApFbCBtdW5kbyBlbnRlcm8gZGViZSBzYWJlciBzb2JyZSBlc2UgbWlsYWdyby4=
C0lsDQ,,W0h1ZHVreV0KVGhpcyBpcyBhIG1pc3Npb24uIFdlIG11c3QgYXdha2VuIGFsbCBvdXIga2luLg==,,,,,W1BhdGFnb25dCkVzdGEgw6kgbm9zc2EgbWlzc8Ojby4gRGV2ZW1vcyBkZXNwZXJ0YXIgdG9kb3Mgb3Mgbm9zc29zIGNvbXBhbmhlaXJvcy4=,,W1BhdGFnw7NuXQpFc3RhIGVzIHVuYSBtaXNpw7NuLiAKRGViZW1vcyBkZXNwZXJ0YXIgYSB0b2RvcyBudWVzdHJvcyBjb21wYcOxZXJvcyBDYXBpdMOhbiBDdWFjcy4=
DElsDQ,,W01pZHVkdWt5XQpXZSdyZSBnb2luZyBiYWNrIHRvIHRoYXQgY2F2ZSB0byBkaWcgdXAgTWVhdGJhbGxzIGFnYWluLg==,,,,,W1BhdG9uYXJkb10KVmFtb3Mgdm9sdGFyIMOgcXVlbGEgY2F2ZXJuYSBwYXJhIGRlc2VudGVycmFyIEFsbcO0bmRlZ2FzIG5vdmFtZW50ZS4=,,W1BhdG9uYXJkb10KVm9sdmVyZW1vcyBhIGVzYSBjdWV2YSBwYXJhIGRlc2VudGVycmFyIGFsYsOzbmRpZ2FzIGRlIG51ZXZvLg==
DUlsDQ,,W0x1ZHVreV0KV2UnbGwgZGlnIHVwIE1lYXRiYWxscyBhbmQgZmVlZCB0aGVtIHRvIGFsbCBvdXIgZmVsbG93IER1Y2tsaW5ncy4=,,,,,W0N1YXF1aW5ob10KVmFtb3MgZGVzZW50ZXJyYXIgQWxtw7RuZGVnYXMgZSBhbGltZW50YXIgdG9kb3Mgb3Mgbm9zc29zIGNvbXBhbmhlaXJvcyBQYXRvbGluZG9zLg==,,W0N1YXF1w61uXQpEZXNlbnRlcnJhcmVtb3MgYWxiw7NuZGlnYXMgeSBsYXMgZGFyZW1vcyBkZSBjb21lciBhIHRvZG9zIG51ZXN0cm9zIGNvbXBhw7Flcm9zIENhcGl0w6FuIEN1YWNzLg==
DklsDQ,,W01pZHVkdWt5XQpBbmQgd2UnbGwgdGVsbCBvdXIgYXdha2VuZWQgZmVsbG93IER1Y2tsaW5ncyB0byBkaWcgdXAgYWxsIHRoZSBNZWF0YmFsbHMuIEFuZCBvdXIgZmVsbG93IER1Y2tsaW5ncyB3aG8gZWF0IHRob3NlIE1lYXRiYWxscyB3aWxsIHNwcmVhZCBmYXIgYW5kIHdpZGUgYWNyb3NzIHRoaXMgd29ybGQu,,,,,W1BhdG9uYXJkb10KRSB2YW1vcyBkaXplciBhb3Mgbm9zc29zIGNvbXBhbmhlaXJvcyBQYXRvbGluZG9zIGRlc3BlcnRhZG9zIHBhcmEgZGVzZW50ZXJyYXIgdG9kYXMgYXMgQWxtw7RuZGVnYXMuIEUgbm9zc29zIGNvbXBhbmhlaXJvcyBQYXRvbGluZG9zIHF1ZSBjb21lcmVtIGVzc2FzIEFsbcO0bmRlZ2FzIHNlIGVzcGFsaGFyw6NvIHBvciB0b2RvIGVzdGUgbXVuZG8u,,W1BhdG9uYXJkb10KWSBkaXJlbW9zIGEgbnVlc3Ryb3MgY29tcGHDsWVyb3MgQ2FwaXTDoW4gQ3VhY3MgZGVzcGVydGFkb3MgcXVlIGRlc2VudGllcnJlbiB0b2RhcyBsYXMgYWxiw7NuZGlnYXMuIApZIG51ZXN0cm9zIGNvbXBhw7Flcm9zIENhcGl0w6FuIEN1YWNzIHF1ZSBjb21hbiBlc2FzIEFsYsOzbmRpZ2FzIHNlIGV4dGVuZGVyw6FuIHBvciB0b2RvIGVzdGUgbXVuZG8u
D0lsDQ,,W01pZHVreV0KVGhpcyB3b3JsZCBhbmQgTWVhdGJhbGxzIHdpbGwgYmUgb3Vycy4=,,,,,W1F1YWNuw61maWNvXQpFc3RlIG11bmRvIGUgYXMgQWxtw7RuZGVnYXMgc2Vyw6NvIG5vc3Nvcy4=,,W0N1YWNuw61maWNvXQpFc3RlIG11bmRvIHkgbGFzIGFsYsOzbmRpZ2FzIHNlcsOhbiBudWVzdHJvcy4=
EElsDQ,,W01pZHVkdWt5XQpZb3UgZ3V5cyBoYXZlIGJlZW4gZWF0aW5nIGFsbCB0aGF0IGdvb2Qgc3R1ZmYgYnkgeW91cnNlbHZlcy4gVW5mb3JnaXZhYmxlLg==,,,,,W1BhdG9uYXJkb10KVm9jw6pzIGVzdGF2YW0gY29tZW5kbyB0b2RhcyBlc3NhcyBjb2lzYXMgYm9hcyBzb3ppbmhvcy4gSW1wZXJkb8OhdmVsLg==,,W1BhdG9uYXJkb10KVXN0ZWRlcyBoYW4gZXN0YWRvIGNvbWllbmRvIHRvZGFzIGVzYXMgY29zYXMgYnVlbmFzIHNvbG9zLiBJbXBlcmRvbmFibGUu
EUlsDQ,,W0x1ZHVreV0KSXQgbXVzdCBiZSBzaGFyZWQgd2l0aCBldmVyeW9uZS4=,,,,,W0N1YXF1aW5ob10KRGV2ZSBzZXIgY29tcGFydGlsaGFkbyBjb20gdG9kb3Mu,,W0N1YXF1w61uXQpEZWJlIGNvbXBhcnRpcnNlIGNvbiB0b2Rvcy4=
EklsDQ,,W01pZHVkdWt5XQpZb3Ugd2VyZSB1c2luZyBhIG1hZ2ljIHBvdGlvbiBhcyBtZXJlIGZvb2QgaW5ncmVkaWVudHMh,,,,,W1BhdG9uYXJkb10KVm9jw6pzIGVzdGF2YW0gdXNhbmRvIHVtYSBwb8Onw6NvIG3DoWdpY2EgY29tbyBtZXJvcyBpbmdyZWRpZW50ZXMgYWxpbWVudGFyZXMh,,W1BhdG9uYXJkb10KwqFFc3RhYmFuIHVzYW5kbyB1bmEgcG9jacOzbiBtw6FnaWNhIGNvbW8gbWVyb3MgaW5ncmVkaWVudGVzIGFsaW1lbnRpY2lvcyE=
E0lsDQ,,W01pZHVreV0KV2UnbGwgc2hvdyB0aG9zZSB3aG8gdHJ5IHRvIHN1Ymp1Z2F0ZSB1cyB3aXRoIHNoaW55IGJ1dHRvbnMgdGhlIGJpdHRlciB0YXN0ZSBvZiBvdXIgb3JnYW5pemF0aW9uIQ==,,,,,W1F1YWNuw61maWNvXQpWYW1vcyBtb3N0cmFyIMOgcXVlbGVzIHF1ZSB0ZW50YW0gbm9zIHN1Ymp1Z2FyIGNvbSBib3TDtWVzIGJyaWxoYW50ZXMgbyBnb3N0byBhbWFyZ28gZGEgbm9zc2Egb3JnYW5pemHDp8OjbyE=,,W0N1YWNuw61maWNvXQrCoU1vc3RyYXJlbW9zIGEgbG9zIHF1ZSBpbnRlbnRhbiBzb21ldGVybm9zIGNvbiBib3RvbmVzIGJyaWxsYW50ZXMgZWwgYW1hcmdvIHNhYm9yIGRlIG51ZXN0cmEgb3JnYW5pemFjacOzbiE=
FElsDQ,,Tm8sIHRoYXQgZG9lc24ndCBzZWVtIHJpZ2h0Li4u,,,,,TsOjbywgaXNzbyBuw6NvIHBhcmVjZSBjZXJ0by4uLg==,,Tm8sIGVzbyBubyBwYXJlY2UgY29ycmVjdG8uLi4=
FUlsDQ,,W0tpbmdkdWt5XQpUaGluayBhZ2Fpbi4gSSBnYXRoZXJlZCB5b3UgYmVjYXVzZSBJIHdhcyBsb25lbHksIG5vdCB0byBjb25xdWVyIHRoZSB3b3JsZC4gQ29ucXVlcmluZyB0aGUgd29ybGQgd291bGQgaHVydCBldmVyeW9uZSE=,,,,,W0NhcGl0w6NvIFF1YWNdClBlbnNlbSBiZW0uIEV1IG9zIHJldW5pIHBvcnF1ZSBlc3RhdmEgc296aW5obywgbsOjbyBwYXJhIGNvbnF1aXN0YXIgbyBtdW5kby4gQ29ucXVpc3RhciBvIG11bmRvIG1hY2h1Y2FyaWEgYSB0b2RvcyE=,,W0NhcGl0w6FuIEN1YWNdClBpw6luc2FsbyBkZSBudWV2by4gTG9zIHJldW7DrSBwb3JxdWUgZXN0YWJhIHNvbG8sIG5vIHBhcmEgY29ucXVpc3RhciBlbCBtdW5kby4gCsKhQ29ucXVpc3RhciBlbCBtdW5kbyBsYXN0aW1hcsOtYSBhIHRvZG9zIQ==
FklsDQ,,W0x1ZHVreV0KWW91IGdhdGhlcmVkIHVzIGFzIHlvdSBwbGVhc2VkLCBidXQgeW91IGRvbid0IGdldCB0byBkZWNpZGUgb3VyIHB1cnBvc2UuIElmIHlvdSBkb24ndCBsaWtlIG91ciBwbGFuLCB5b3UgY2FuIGxlYXZlLg==,,,,,W0N1YXF1aW5ob10KVm9jw6ogbm9zIHJldW5pdSBwb3JxdWUgcXVpcywgbWFzIHZvY8OqIG7Do28gZGVjaWRlIG8gcXVlIHZhbW9zIGZhemVyLiBTZSB2b2PDqiBuw6NvIGdvc3RhIGRvIG5vc3NvIHBsYW5vLCBwb2RlIGlyIGVtYm9yYS4=,,W0N1YXF1w61uXQpOb3MgcmV1bmlzdGUgY29tbyBxdWlzaXN0ZSwgcGVybyBubyBwdWVkZXMgZGVjaWRpciBudWVzdHJvIHByb3DDs3NpdG8uIApTaSBubyB0ZSBndXN0YSBudWVzdHJvIHBsYW4sIHB1ZWRlcyBpcnRlLg==
F0lsDQ,,W01pZHVkdWt5XQpIZXkgeW91LCB5b3UgYnJvdWdodCB1cyBvdXQgb2YgdGhhdCBwbGFjZSwgc28gd2UnbGwgc3BlY2lhbGx5IHNldCB5b3UgZnJlZS4=,,,,,W1BhdG9uYXJkb10KRWksIHZvY8OqLCB2b2PDqiBub3MgdGlyb3UgZGFxdWVsZSBsdWdhciwgZW50w6NvIHZhbW9zIHRlIGxpYmVydGFyIGVzcGVjaWFsbWVudGUu,,W1BhdG9uYXJkb10KT3llIHTDuiwgbm9zIHNhY2FzdGUgZGUgZXNlIGx1Z2FyLCBhc8OtIHF1ZSB0ZSBkZWphcmVtb3MgbGlicmUgZXNwZWNpYWxtZW50ZS4=
GElsDQ,,W0h1ZHVreV0KV2UnbGwgZXZlbiBnaXZlIHlvdSBhIG5ldyBuYW1lLg==,,,,,W1BhdGFnb25dClZhbW9zIGF0w6kgdGUgZGFyIHVtIG5vdm8gbm9tZS4=,,W1BhdGFnw7NuXQpJbmNsdXNvIHRlIGRhcmVtb3MgdW4gbnVldm8gbm9tYnJlLg==
GUlsDQ,,W01pZHVkdWt5XQpTaW5jZSB3ZSBEdWNrbGluZ3MgYXJlIG5hbWluZyB5b3UsIGhvdyBhYm91dCA8Rk9OVCBDT0xPUiA9IEZGMDBDQywgU0laRSA9IDE3PjxCPk9vZHVreTwvQj48L0ZPTlQ+Pw==,,,,,W1BhdG9uYXJkb10KSsOhIHF1ZSBuw7NzLCBQYXRvbGluZG9zLCBlc3RhbW9zIHRlIG5vbWVhbmRvLCBxdWUgdGFsIDxGT05UIENPTE9SID0gRkYwMENDLCBTSVpFID0gMTc+PEI+Sm9zaXBhdG88L0I+PC9GT05UPj8=,,W1BhdG9uYXJkb10KWWEgcXVlIG5vc290cm9zLCBsb3MgQ2FwaXTDoW4gQ3VhY3MsIHRlIGVzdGFtb3Mgbm9tYnJhbmRvLCDCv3F1w6kgdGFsIDxGT05UIENPTE9SID0gRkYwMENDLCBTSVpFID0gMTc+PEI+Ty1kZW9rPC9CPjwvRk9OVD4/
GklsDQ,,W0h1ZHVreV0KT29kdWt5IGlzIGdvb2QhIDxGT05UIENPTE9SID0gRkYwMENDLCBTSVpFID0gMTc+PEI+T29kdWt5PC9CPjwvRk9OVD4hISBJIHdhbnQgaXQgZm9yIG15c2VsZiEh,,,,,W1BhdGFnb25dCkpvc2lwYXRvIMOpIGJvbSEgPEZPTlQgQ09MT1IgPSBGRjAwQ0MsIFNJWkUgPSAxNz48Qj5Kb3NpcGF0bzwvQj48L0ZPTlQ+ISEgRXUgcXVlcm8gZWxlIHBhcmEgbWltISE=,,W1BhdGFnw7NuXQrCoU8tZGVvayBlcyBidWVubyEgPEZPTlQgQ09MT1IgPSBGRjAwQ0MsIFNJWkUgPSAxNz48Qj5PLWRlb2s8L0I+PC9GT05UPiEhIMKhTG8gcXVpZXJvIHBhcmEgbcOtIQ==
G0lsDQ,,V2hhdD8/Pw==,,,,,TyBxdcOqPz8/,,wr/Cv8K/UXXDqT8/Pw==
HElsDQ,,W0x1ZHVreV0KRG9uJ3QgbGlrZSBpdD8gVGhlbiBob3cgYWJvdXQgPEZPTlQgQ09MT1IgPSBGRjAwMDAsIFNJWkUgPSAxNz48Qj41LWR1a3k8L0I+PC9GT05UPiwgc2luY2UgZml2ZSBEdWNrbGluZ3MgYXJlIG5hbWluZyB5b3U/,,,,,W0N1YXF1aW5ob10KTsOjbyBnb3N0b3U/IEVudMOjbyBxdWUgdGFsIDxGT05UIENPTE9SID0gRkYwMDAwLCBTSVpFID0gMTc+PEI+Q2luY29wYXRvPC9CPjwvRk9OVD4sIGrDoSBxdWUgY2luY28gUGF0b2xpbmRvcyBlc3TDo28gdGUgbm9tZWFuZG8/,,W0N1YXF1w61uXQrCv05vIHRlIGd1c3RhPyBFbnRvbmNlcywgwr9xdcOpIHRhbCA8Rk9OVCBDT0xPUiA9IEZGMDAwMCwgU0laRSA9IDE3PjxCPjUtZGVvazwvQj48L0ZPTlQ+LCB5YSBxdWUgY2luY28gQ2FwaXTDoW4gQ3VhY3MgdGUgZXN0w6FuIG5vbWJyYW5kbz8=
HUlsDQ,,W0h1ZHVreV0KNS1kdWt5IGlzIG5pY2UhIDxGT05UIENPTE9SID0gRkYwMDAwLCBTSVpFID0gMTc+PEI+NS1kdWt5PC9CPjwvRk9OVD4hISEgSSB3YW50IHRoaXMgb25lIQ==,,,,,W1BhdGFnb25dCkNpbmNvcGF0byDDqSBib20hIDxGT05UIENPTE9SID0gRkYwMDAwLCBTSVpFID0gMTc+PEI+Q2luY29wYXRvPC9CPjwvRk9OVD4hISEgRXUgcXVlcm8gZWxlIHBhcmEgbWltIQ==,,W1BhdGFnw7NuXQrCoTUtcGF0b3MgZXMgYnVlbm8hIDxGT05UIENPTE9SID0gRkYwMDAwLCBTSVpFID0gMTc+PEI+NS1kZW9rPC9CPjwvRk9OVD4hISEgwqFMbyBxdWllcm8gcGFyYSBtw60h
HklsDQ,,Tm8sIEkgYWxyZWFkeSBoYXZlIGEgbmFtZS4uLg==,,,,,TsOjbywgZXUgasOhIHRlbmhvIHVtIG5vbWUuLi4=,,Tm8sIHlvIHlhIHRlbmdvIG5vbWJyZS4uLg==
H0lsDQ,,W01pZHVreV0KQnV0IGJlZm9yZSB3ZSBjb25xdWVyIHRoZSB3b3JsZCwgd2UgY2FuJ3QgaGF2ZSB5b3Ugc3BpbGxpbmcgb3VyIHBsYW5zIHRvIHlvdXIga2luZCwgc28gd2UnZCBiZXR0ZXIga2VlcCB5b3UgZGV0YWluZWQu,,,,,W1F1YWNuw61maWNvXQpNYXMgYW50ZXMgZGUgY29ucXVpc3Rhcm1vcyBvIG11bmRvLCBuw6NvIHBvZGVtb3MgZGVpeGFyIHZvY8OqIGNvbnRhciBub3Nzb3MgcGxhbm9zIHBhcmEgc2V1cyBjb21wYW5oZWlyb3MsIGVudMOjbyDDqSBtZWxob3IgbWFudMOqLWxvIGRldGlkby4=,,W0N1YWNuw61maWNvXQpQZXJvIGFudGVzIGRlIGNvbnF1aXN0YXIgZWwgbXVuZG8sIG5vIHBvZGVtb3MgZGVqYXIgcXVlIHJldmVsZXMgbnVlc3Ryb3MgcGxhbmVzIGEgbG9zIHR1eW9zLCBhc8OtIHF1ZSBzZXLDoSBtZWpvciBxdWUgdGUgbWFudGVuZ2Ftb3MgZGV0ZW5pZG8u
IElsDQ,,QWgsIHdoYXQgbm93PyBXaGF0IG5vdz8=,,,,,QWgsIGUgYWdvcmE/IEUgYWdvcmE/,,QWgsIMK/eSBhaG9yYSBxdcOpPyDCv1kgYWhvcmEgcXXDqT8=
IUlsDQ,,W0tpbmdkdWt5XQpIZXksIDxGT05UIENPTE9SID0gRkYwMENDLCBTSVpFID0gMTU+PEI+T29kdWt5PC9CPjwvRk9OVD4uIENhbiBJIHRhbGsgdG8geW91IGZvciBhIG1vbWVudD8=,,,,,W0NhcGl0w6NvIFF1YWNdCkVpLCA8Rk9OVCBDT0xPUiA9IEZGMDBDQywgU0laRSA9IDE1PjxCPlBhdG9uaWxkbzwvQj48L0ZPTlQ+LiBQb3NzbyBmYWxhciBjb20gdm9jw6ogdW0gcG91Y28/,,W0NhcGl0w6FuIEN1YWNdCk95ZSwgPEZPTlQgQ09MT1IgPSBGRjAwQ0MsIFNJWkUgPSAxNT48Qj5PLWRlb2s8L0I+PC9GT05UPi4gwr9QdWVkbyBoYWJsYXIgY29udGlnbyB1biBtb21lbnRvPw==
IklsDQ,,W0tpbmdkdWt5XQpJJ20gcmVhbGx5IHNvcnJ5IHRvIHlvdS4gSSBkaWRuJ3Qga25vdyBpdCB3b3VsZCB0dXJuIG91dCBsaWtlIHRoaXMgd2hlbiBJIGFza2VkIHlvdSB0byBicmluZyBteSBmZWxsb3cgRHVja2xpbmdzLiBJIGRpZG4ndCBleHBlY3QgdGhpcy4gSXQgc2VlbXMgdGhleSBhbGwgYXRlIHRoZSB3cm9uZyBNZWF0YmFsbC4uLg==,,,,,W0NhcGl0w6NvIFF1YWNdClNpbnRvIG11aXRvIHBvciB2b2PDqi4gRXUgbsOjbyBzYWJpYSBxdWUgaXNzbyBpYSBhY29udGVjZXIgcXVhbmRvIHBlZGkgcXVlIHZvY8OqIHRyb3V4ZXNzZSBtZXVzIGNvbXBhbmhlaXJvcyBQYXRvbGluZG9zLiBFdSBuw6NvIGVzcGVyYXZhIHBvciBpc3NvLiBQYXJlY2UgcXVlIHRvZG9zIGNvbWVyYW0gYSBBbG3DtG5kZWdhIGVycmFkYS4uLg==,,W0NhcGl0w6FuIEN1YWNdCkxvIHNpZW50byBtdWNoby4gCk5vIHNhYsOtYSBxdWUgZXN0byBpYmEgYSBwYXNhciBjdWFuZG8gdGUgcGVkw60gcXVlIHRyYWplcmFzIGEgbWlzIGNvbXBhw7Flcm9zIENhcGl0w6FuIEN1YWNzLiAKTm8gZXNwZXJhYmEgZXN0by4gClBhcmVjZSBxdWUgdG9kb3MgY29taWVyb24gbGEgYWxiw7NuZGlnYXMgZXF1aXZvY2FkYS4uLg==
I0lsDQ,,W0tpbmdkdWt5XQpJcyB0aGlzIGFsbCBteSBmYXVsdCBmb3IgdGhpbmtpbmcgd3Jvbmc/IE9yIGlzIGl0IGJlY2F1c2UgSSdtIHNvIGN1dGU/IEkgbmV2ZXIga25ldyBteSBmZWxsb3cgRHVja2xpbmdzIGNvdWxkIGJlIHRoaXMgZm9vbGlzaC4=,,,,,W0NhcGl0w6NvIFF1YWNdCklzc28gw6kgdHVkbyBjdWxwYSBtaW5oYSBwb3IgcGVuc2FyIGVycmFkbz8gT3Ugw6kgcG9ycXVlIHNvdSB0w6NvIGZvZm8/IEV1IG51bmNhIHNvdWJlIHF1ZSBtZXVzIGNvbXBhbmhlaXJvcyBQYXRvbGluZG9zIHBvZGVyaWFtIHNlciB0w6NvIHRvbG9zLg==,,W0NhcGl0w6FuIEN1YWNdCsK/RXMgdG9kbyBtaSBjdWxwYSBwb3IgcGVuc2FyIG1hbD8gCsK/TyBlcyBwb3JxdWUgc295IHRhbiBsaW5kbz8gTnVuY2Egc3VwZSBxdWUgbWlzIGNvbXBhw7Flcm9zIENhcGl0w6FuIEN1YWNzIHBvZHLDrWFuIHNlciB0YW4gdG9udG9zLg==
JElsDQ,,SXQncyBub3QgeW91ciBmYXVsdC4=,,,,,TsOjbyDDqSBzdWEgY3VscGEu,,Tm8gZXMgdHUgY3VscGEu
JUlsDQ,,W0tpbmdkdWt5XQpUaGFuayB5b3UuIEkgcmVhbGx5IGFwcHJlY2lhdGUgeW91IHNheWluZyB0aGF0LiBQaGV34oCUSSBndWVzcyBJIGhhdmUgdG8gdGFrZSByZXNwb25zaWJpbGl0eSBmb3IgdGhvc2UgZm9vbGlzaCBEdWNrbGluZ3MuIEFuZCA8Rk9OVCBDT0xPUiA9IEZGMDBDQywgU0laRSA9IDE1PjxCPk9vZHVreTwvQj48L0ZPTlQ+LCBJJ2xsIG5lZWQgeW91ciBoZWxwIGFnYWluLg==,,,,,W0NhcGl0w6NvIFF1YWNdCk9icmlnYWRvLiBBZ3JhZGXDp28gbXVpdG8gcG9yIGRpemVyIGlzc28uIFVmYeKAlGFjaG8gcXVlIHRlbmhvIHF1ZSBhc3N1bWlyIGEgcmVzcG9uc2FiaWxpZGFkZSBwb3IgYXF1ZWxlcyBQYXRvbGluZG9zIHRvbG9zLiBFIDxGT05UIENPTE9SID0gRkYwMENDLCBTSVpFID0gMTU+PEI+UGF0b25pbGRvPC9CPjwvRk9OVD4sIHZvdSBwcmVjaXNhciBkYSBzdWEgYWp1ZGEgbm92YW1lbnRlLg==,,W0NhcGl0w6FuIEN1YWNdCkdyYWNpYXMuIEFwcmVjaW8gbXVjaG8gcXVlIGRpZ2FzIGVzby4gVWbigJRjcmVvIHF1ZSB0ZW5nbyBxdWUgYXN1bWlyIGxhIHJlc3BvbnNhYmlsaWRhZCBwb3IgZXNvcyBDYXBpdMOhbiBDdWFjcyB0b250b3MuIApZIDxGT05UIENPTE9SID0gRkYwMENDLCBTSVpFID0gMTU+PEI+Ty1kZW9rPC9CPjwvRk9OVD4sIG5lY2VzaXRhcsOpIHR1IGF5dWRhIGRlIG51ZXZvLg==
JklsDQ,,V2hhdCBhcmUgeW91IHBsYW5uaW5nIHRvIGRvPw==,,,,,TyBxdWUgdm9jw6ogcGxhbmVqYSBmYXplcj8=,,wr9RdcOpIHBsYW5lYXMgaGFjZXI/
J0lsDQ,,W0tpbmdkdWt5XQpXZSBEdWNrbGluZ3MgaGF2ZSBhIGJpZyB3aXNoOiB0byB3ZWFyIGEgc3Rhci1zaGFwZWQgYnV0dG9uIHRvIHNob3cgb2ZmISBCdXQgeW91IGNhbid0IHRlbGwgYW55b25lIGFib3V0IHRoaXMuIEl0J3Mgb3VyIHNlY3JldCE=,,,,,W0NhcGl0w6NvIFF1YWNdCk7Ds3MsIFBhdG9saW5kb3MsIHRlbW9zIHVtIGdyYW5kZSBkZXNlam86IHVzYXIgdW0gYm90w6NvIGVtIGZvcm1hIGRlIGVzdHJlbGEgcGFyYSBtb3N0cmFyISBNYXMgdm9jw6ogbsOjbyBwb2RlIGNvbnRhciBhIG5pbmd1w6ltIHNvYnJlIGlzc28uIMOJIG5vc3NvIHNlZ3JlZG8h,,W0NhcGl0w6FuIEN1YWNdCk5vc290cm9zLCBsb3MgUGF0b2xpbm9zLCB0ZW5lbW9zIHVuIGdyYW4gZGVzZW86IMKhdXNhciB1biBib3TDs24gY29uIGZvcm1hIGRlIGVzdHJlbGxhIHBhcmEgbHVjaXJsbyEgClBlcm8gbm8gcHVlZGVzIGNvbnTDoXJzZWxvIGEgbmFkaWUuIArCoUVzIG51ZXN0cm8gc2VjcmV0byE=
KElsDQ,,W0tpbmdkdWt5XQpJIHNhdyBpbiBOeWFpbCBDYXZlIHRoYXQgdGhlcmUgYXJlIHN0YXItc2hhcGVkIGZyYWdtZW50cyBzY2F0dGVyZWQgYXJvdW5kLiBJIHRob3VnaHQgdGhleSB3ZXJlIHN0YXIgYnV0dG9ucyBhbmQgYml0IGRvd24gb24gdGhlbSwgYnV0IHRoZXkgd2VyZW4ndC4gQnV0IHRoZXkgc2hvdWxkIGJlIGdvb2QgZW5vdWdoIHRvIGZvb2wgdGhvc2UgZm9vbGlzaCBEdWNrbGluZ3Mu,,,,,W0NhcGl0w6NvIFF1YWNdCkV1IHZpIG5hIENhdmVybmEgTnlhaWwgcXVlIGjDoSBmcmFnbWVudG9zIGVtIGZvcm1hIGRlIGVzdHJlbGEgZXNwYWxoYWRvcyBwb3IgbMOhLiBQZW5zZWkgcXVlIGZvc3NlbSBib3TDtWVzIGRlIGVzdHJlbGEgZSBtb3JkaSwgbWFzIG7Do28gZXJhbS4gTWFzIGRldmVtIHNlciBib25zIG8gc3VmaWNpZW50ZSBwYXJhIGVuZ2FuYXIgYXF1ZWxlcyBQYXRvbGluZG9zIHRvbG9zLg==,,W0NhcGl0w6FuIEN1YWNdClZpIGVuIGxhIEN1ZXZhIGRlIE1pYXVsIHF1ZSBoYXkgZnJhZ21lbnRvcyBjb24gZm9ybWEgZGUgZXN0cmVsbGEgZXNwYXJjaWRvcyBwb3IgYWjDrS4gClBlbnPDqSBxdWUgZXJhbiBib3RvbmVzIGRlIGVzdHJlbGxhIHkgbG9zIG1vcmTDrSwgcGVybyBubyBsbyBlcmFuLiAKUGVybyBkZWJlcsOtYW4gc2VyIHN1ZmljaWVudGVzIHBhcmEgZW5nYcOxYXIgYSBlc29zIENhcGl0w6FuIEN1YWNzIHRvbnRvcy4=
KUlsDQ,,U28geW91J3JlIGdvaW5nIHRvIGRpc3RyYWN0IHRoZW0gd2l0aCB0aGF0Pw==,,,,,RW50w6NvIHZvY8OqIHZhaSBkaXN0cmHDrS1sb3MgY29tIGlzc28/,,wr9Bc8OtIHF1ZSBsb3MgdmFzIGEgZGlzdHJhZXIgY29uIGVzbz8=
KklsDQ,,W0tpbmdkdWt5XQpTbWFydC4gRXhhY3RseS4gSWYgSSBicmluZyB0aGVtIGNvdW50bGVzcyBmcmFnbWVudHMgYW5kIHNheSB0aGVyZSBhcmUgc3RhciBidXR0b25zIG1peGVkIGluLCB0aGV5J2xsIHByb2JhYmx5IGdvIGNyYXp5IGxvb2tpbmcgZm9yIHRoZW0uIFRoZXknbGwgcHJvYmFibHkgZm9yZ2V0IGFsbCBhYm91dCB3b3JsZCBjb25xdWVzdC4=,,,,,W0NhcGl0w6NvIFF1YWNdCkludGVsaWdlbnRlLiBFeGF0YW1lbnRlLiBTZSBldSB0cm91eGVyIGEgZWxlcyBpbsO6bWVyb3MgZnJhZ21lbnRvcyBlIGRpc3NlciBxdWUgaMOhIGJvdMO1ZXMgZGUgZXN0cmVsYSBtaXN0dXJhZG9zLCBlbGVzIHByb3ZhdmVsbWVudGUgZW5sb3VxdWVjZXLDo28gcHJvY3VyYW5kbyBwb3IgZWxlcy4gRWxlcyBwcm92YXZlbG1lbnRlIGVzcXVlY2Vyw6NvIHRvZGEgYSBjb25xdWlzdGEgZG8gbXVuZG8u,,W0NhcGl0w6FuIEN1YWNdCkludGVsaWdlbnRlLiAKRXhhY3RvLiAKU2kgbGVzIHRyYWlnbyBpbm51bWVyYWJsZXMgZnJhZ21lbnRvcyB5IGRpZ28gcXVlIGhheSBib3RvbmVzIGRlIGVzdHJlbGxhIG1lemNsYWRvcywgcHJvYmFibGVtZW50ZSBzZSB2b2x2ZXLDoW4gbG9jb3MgYnVzY8OhbmRvbG9zLiAKUHJvYmFibGVtZW50ZSBvbHZpZGVuIHRvZG8gbG8gZGUgY29ucXVpc3RhciBlbCBtdW5kby4=
K0lsDQ,,W0tpbmdkdWt5XQpUaG9zZSBmcmFnbWVudHMgZHJvcCB3aGVuIHlvdSBoaXQgc29tZXRoaW5nIHN0YXItc2hhcGVkLiBJIHNhdyBpdC4gVGhleSBmZWxsIGNsYXR0ZXJpbmcuIEkgYWxzbyBzYXcgYSBEdWNrbGluZyBsaWtlIG1lIHBpY2sgdGhlbSB1cC4=,,,,,W0NhcGl0w6NvIFF1YWNdCkVzc2VzIGZyYWdtZW50b3MgY2FlbSBxdWFuZG8gdm9jw6ogYmF0ZSBlbSBhbGdvIGVtIGZvcm1hIGRlIGVzdHJlbGEuIEV1IHZpLiBFbGVzIGNhw61yYW0gZmF6ZW5kbyBiYXJ1bGhvLiBUYW1iw6ltIHZpIHVtIFBhdG9saW5kbyBjb21vIGV1IHBlZ8OhLWxvcy4=,,W0NhcGl0w6FuIEN1YWNdCkVzb3MgZnJhZ21lbnRvcyBjYWVuIGN1YW5kbyBnb2xwZWFzIGFsZ28gY29uIGZvcm1hIGRlIGVzdHJlbGxhLiAKTG8gdmkuIApDYXllcm9uIGhhY2llbmRvIHJ1aWRvLiAKVGFtYmnDqW4gdmkgYSB1biBDYXBpdMOhbiBDdWFjIGNvbW8geW8gcmVjb2dlcmxvcy4=
LElsDQ,,W0tpbmdkdWt5XQpTbyBpZiB5b3Ugc2hha2UgXjAwMDBDRERhbmR5IFN0YXJzIG9yIER1Y2tsaW5ncyBsaWtlIG1lXjAwMDAwMCwgdGhleSdsbCBkcm9wLiBJZiB5b3UgYnJpbmcgdGhvc2UuLi4gdGhleSdsbCBhbGwgYmUgZm9vbGVkISBZb3UnbGwgbmVlZCB0byBicmluZyBhIGxvdC4gQSB3aG9sZSBsb3Qu,,,,,W0NhcGl0w6NvIFF1YWNdCkVudMOjbywgc2Ugdm9jw6ogc2FjdWRpciBeMDAwMENERXN0cmVsaXRhcyBvdSBQYXRvbGluZG9zIGNvbW8gZXVeMDAwMDAwLCBlbGVzIHbDo28gY2Fpci4gU2Ugdm9jw6ogdHJvdXhlciBlc3Nlcy4uLiB0b2RvcyBzZXLDo28gZW5nYW5hZG9zISBWb2PDqiBwcmVjaXNhcsOhIHRyYXplciBtdWl0b3MuIE11aXRvcyBtZXNtby4=,,W0NhcGl0w6FuIEN1YWNdCkFzw60gcXVlIHNpIHNhY3VkZXMgXjAwMDBDREVzdHJlbGxhcyBEYW5keSBvIENhcGl0w6FuIEN1YWNzIGNvbW8geW9eMDAwMDAwLCBjYWVyw6FuLiAKU2kgdHJhZXMgZXNvcy4uLiDCoXRvZG9zIHNlcsOhbiBlbmdhw7FhZG9zISAKTmVjZXNpdGFyw6FzIHRyYWVyIG11Y2hvcy4gCk11Y2jDrXNpbW9zLg==
LUlsDQ,,W0tpbmdkdWt5XQpXaGVuIHRoZXkgc2VlIHRoYXQsIHRob3NlIGZvb2xpc2ggRHVja2xpbmdzIHdpbGwgc2hvdXQgIklzIHRoYXQgYSBzdGFyIGJ1dHRvbj8hIiBhbmQgcnVzaCBhdCBpdC4gWWVzISEgRnJvbSBub3cgb24sIGxldCdzIGdpdmUgdGhvc2UgZnJhZ21lbnRzIGEgY29kZW5hbWU6IF4wMDAwQ0RJc1RoYXRBU3RhckJ1dHRvbj8hXjAwMDAwMC4gUXVhY2shIQ==,,,,,W0NhcGl0w6NvIFF1YWNdClF1YW5kbyBlbGVzIHZpcmVtIGlzc28sIGFxdWVsZXMgUGF0b2xpbmRvcyB0b2xvcyB2w6NvIGdyaXRhciAiSXNzbyDDqSB1bSBib3TDo28gZGUgZXN0cmVsYT8hIiBlIGNvcnJlciBwYXJhIGVsZS4gU2ltISEgQSBwYXJ0aXIgZGUgYWdvcmEsIHZhbW9zIGRhciB1bSBjb2Rpbm9tZSBwYXJhIGVzc2VzIGZyYWdtZW50b3MsIHNlcsOhIF4wMDAwQ0TDiVVtQm90w6NvRGVFc3RyZWxhPyFeMDAwMDAwLiBRdWFjayEh,,W0NhcGl0w6FuIEN1YWNdCkN1YW5kbyB2ZWFuIGVzbywgZXNvcyBDYXBpdMOhbiBDdWFjcyB0b250b3MgZ3JpdGFyw6FuIMK/wqFFcyB1biBib3TDs24gZGUgZXN0cmVsbGEhPyIgeSBjb3JyZXLDoW4gaGFjaWEgw6lsLiAKwqHCoVPDrSEhIApBIHBhcnRpciBkZSBhaG9yYSwgbGxhbWVtb3MgYSBlc29zIGZyYWdtZW50b3MgXjAwMDBDREJvdMOzbiBkZSBFc3RyZWxsYV4wMDAwMDAuIArCocKhQ3VhYyEhIg==
LklsDQ,,W0tpbmdkdWt5XQpXb3VsZCBeMDAwMENEMjBeMDAwMDAwIGJlIGVub3VnaD8gSXQgc2hvdWxkIGJlLiBSaWdodCBub3csIHRob3NlIGZvb2xpc2ggRHVja2xpbmdzIGFyZSBkaXN0cmFjdGVkIGJ5IHRoZWlyIGRpc2N1c3Npb24uIFNvIHNuZWFrIG9mZiBub3cu,,,,,W0NhcGl0w6NvIFF1YWNdCl4wMDAwQ0QyMF4wMDAwMDAgc2VyaWFtIHN1ZmljaWVudGVzPyBEZXZlcmlhbSBzZXIuIEFnb3JhIG1lc21vLCBhcXVlbGVzIFBhdG9saW5kb3MgdG9sb3MgZXN0w6NvIGRpc3RyYcOtZG9zIGNvbSBzdWEgZGlzY3Vzc8Ojby4gRW50w6NvIHbDoSBlc2d1ZWlyYXItc2UgYWdvcmEu,,W0NhcGl0w6FuIEN1YWNdCsK/U2Vyw6FuIHN1ZmljaWVudGVzIF4wMDAwQ0QyMF4wMDAwMDA/IApEZWJlcsOtYW4uIEEKaG9yYSBtaXNtbywgZXNvcyBDYXBpdMOhbiBDdWFjcyB0b250b3MgZXN0w6FuIGRpc3RyYcOtZG9zIGNvbiBzdSBkaXNjdXNpw7NuLiAKQXPDrSBxdWUgZXNjYXBhIGFob3JhLg==
L0lsDQ,,W0tpbmdkdWt5XQpXZSBhZ3JlZWQgdGhhdCB5b3UnZCBeMDAwMENEc2hha2UgRGFuZHkgU3RhcnMgYW5kIGJyaW5nIDIwIElzVGhhdEFTdGFyQnV0dG9uPyEgZnJhZ21lbnRzXjAwMDAwMC4gSHVycnkgYmFjay4=,,,,,W0NhcGl0w6NvIFF1YWNdCkNvbWJpbmFtb3MgcXVlIHZvY8OqIF4wMDAwQ0RzYWN1ZGlyaWEgRXN0cmVsaXRhcyBlIHRyYXJpYSAyMCBmcmFnbWVudG9zIGRlIMOJVW1Cb3TDo29EZUVzdHJlbGE/IV4wMDAwMDAuIFZvbHRlIHLDoXBpZG8u,,W0NhcGl0w6FuIEN1YWNdCkRlY2lkaW1vcyBxdWUgXjAwMDBDRHNhY3VkaXLDrWFzIEVzdHJlbGxhcyBEYW5keSB5IHRyYWVyw61hcyAyMCBmcmFnbWVudG9zIGRlIEJvdMOzbmVzIGRlIEVzdHJlbGxhXjAwMDAwMC4gClZ1ZWx2ZSByw6FwaWRvLg==
MElsDQ,,W0tpbmdkdWt5XQpXaHkgYXJlIHlvdXIgaGFuZHMgZW1wdHk/IFdlIGFncmVlZCB0aGF0IHlvdSdkIF4wMDAwQ0RzaGFrZSBEYW5keSBTdGFycyBhbmQgYnJpbmcgMjAgSXNUaGF0QVN0YXJCdXR0b24/ISBmcmFnbWVudHNeMDAwMDAwLiBIdXJyeSBiYWNrLg==,,,,,W0NhcGl0w6NvIFF1YWNdClBvciBxdWUgc3VhcyBtw6NvcyBlc3TDo28gdmF6aWFzPyBDb21iaW5hbW9zIHF1ZSB2b2PDqiBeMDAwMENEc2FjdWRpcmlhIEVzdHJlbGl0YXMgZSB0cmFyaWEgMjAgZnJhZ21lbnRvcyBkZSDDiVVtQm90w6NvRGVFc3RyZWxhPyFeMDAwMDAwLiBWb2x0ZSByw6FwaWRvLg==,,W0NhcGl0w6FuIEN1YWNdCsK/UG9yIHF1w6kgdGllbmVzIGxhcyBtYW5vcyB2YWPDrWFzPyAKRGVjaWRpbW9zIHF1ZSBeMDAwMENEc2FjdWRpcsOtYXMgRXN0cmVsbGFzIERhbmR5IHkgdHJhZXLDrWFzIDIwIGZyYWdtZW50b3MgZGUgQm90w7NuZXMgZGUgRXN0cmVsbGFeMDAwMDAwLiAKVnVlbHZlIHLDoXBpZG8u
MUlsDQ,,W0tpbmdkdWt5XQpJdCdzIHRydWUhIEkgZGlkbid0IHNuZWFrIGFueXRoaW5nIGF3YXkhIEkgc2FpZCBJIHdhcyBnb2luZyB0byBnZXQgYSBnaWZ0IHRvIG9mZmVyIHRvIHVzISBXaHkgZG9uJ3QgeW91IGJlbGlldmUgbWU/IEl0J3MgdHJ1ZSE=,,,,,W0NhcGl0w6NvIFF1YWNdCsOJIHZlcmRhZGUhIEV1IG7Do28gZXNjb25kaSBuYWRhISBFdSBkaXNzZSBxdWUgaWEgYnVzY2FyIHVtIHByZXNlbnRlIHBhcmEgb2ZlcmVjZXIgYSBuw7NzISBQb3IgcXVlIHZvY8OqIG7Do28gYWNyZWRpdGEgZW0gbWltPyDDiSB2ZXJkYWRlIQ==,,W0NhcGl0w6FuIEN1YWNdCsKhRXMgdmVyZGFkISAKwqFObyBlc2NvbmTDrSBuYWRhISAKwqFEaWplIHF1ZSBpYmEgYSBidXNjYXIgdW4gcmVnYWxvIHBhcmEgb2ZyZWNlcm5vcyEgCsK/UG9yIHF1w6kgbm8gbWUgY3JlZXM/IArCoUVzIHZlcmRhZCE=
MklsDQ,,W01pZHVkdWt5XQpEb24ndCBsaWUhIElmIDxGT05UIENPTE9SID0gRkYwMENDLCBTSVpFID0gMTU+PEI+T29kZW9rPC9CPjwvRk9OVD4gdGVsbHMgb3VyIHBsYW4gdG8gb3RoZXIgY29tcmFkZXMsIHdlJ2xsIGdldCBjYXVnaHQgYmVmb3JlIHdlIGNhbiBldmVuIGNvbnF1ZXIgdGhlIHdvcmxkIQ==,,,,,W1BhdG9uYXJkb10KTsOjbyBtaW50YSEgU2UgPEZPTlQgQ09MT1IgPSBGRjAwQ0MsIFNJWkUgPSAxNT48Qj5QYXRvbmlsZG88L0I+PC9GT05UPiBjb250YXIgbm9zc28gcGxhbm8gcGFyYSBvdXRyb3MgY2FtYXJhZGFzLCBzZXJlbW9zIHBlZ29zIGFudGVzIG1lc21vIGRlIHBvZGVybW9zIGNvbnF1aXN0YXIgbyBtdW5kbyE=,,W1BhdG9uYXJkb10KwqFObyBtaWVudGFzISBTaSA8Rk9OVCBDT0xPUiA9IEZGMDBDQywgU0laRSA9IDE1PjxCPk8tZGVvazwvQj48L0ZPTlQ+IGN1ZW50YSBudWVzdHJvIHBsYW4gYSBvdHJvcyBjYW1hcmFkYXMsIMKhbm9zIGF0cmFwYXLDoW4gYW50ZXMgZGUgcXVlIHBvZGFtb3MgY29ucXVpc3RhciBlbCBtdW5kbyE=
M0lsDQ,,W0x1ZHVreV0KVGhleSdsbCBsb2NrIHVzIHVwIQ==,,,,,W0N1YXF1aW5ob10KRWxlcyB2w6NvIG5vcyBwcmVuZGVyIQ==,,W0N1YXF1w61uXQrCoU5vcyBlbmNlcnJhcsOhbiE=
NElsDQ,,W0h1ZHVreV0KV2UgbWlnaHQgYmVjb21lIHVuYWJsZSB0byB0aGluayBvciBzcGVhayBsaWtlIGJlZm9yZSE=,,,,,W1BhdGFnb25dClBvZGVtb3Mgbm9zIHRvcm5hciBpbmNhcGF6ZXMgZGUgcGVuc2FyIG91IGZhbGFyIGNvbW8gYW50ZXMh,,W1BhdGFnw7NuXQrCoVBvZHLDrWFtb3Mgdm9sdmVybm9zIGluY2FwYWNlcyBkZSBwZW5zYXIgbyBoYWJsYXIgY29tbyBhbnRlcyE=
NUlsDQ,,W01pZHVreV0KQ2FwdHVyZSBLaW5nZHVreS4gV2UgbXVzdCBtYWtlIGhpbSB0ZWxsIHRoZSB0cnV0aCE=,,,,,W1F1YWNuw61maWNvXQpDYXB0dXJlbSBDYXBpdMOjbyBRdWFjLiBEZXZlbW9zIGZhesOqLWxvIGRpemVyIGEgdmVyZGFkZSE=,,W0N1YWNuw61maWNvXQpDYXB0dXJlbiBhIENhcGl0w6FuIEN1YWMuCsKhRGViZW1vcyBoYWNlciBxdWUgZGlnYSBsYSB2ZXJkYWQh
NklsDQ,,W0tpbmdkdWt5XQpJJ2xsIGJlIHJpZ2h0IGJhY2shISEgRG9uJ3QgeW91IGJlbGlldmUgbWU/IFlvdSBoYXZlIHRvIGJlbGlldmUgbWUhIEEgdmlydHVvdXMgRHVja2xpbmcgd2l0aCBpbnRlZ3JpdHkga25vd3MgaG93IHRvIHRydXN0IGFuZCB3YWl0IQ==,,,,,W0NhcGl0w6NvIFF1YWNdCkrDoSB2b2x0byEhISBWb2PDqiBuw6NvIGFjcmVkaXRhIGVtIG1pbT8gVm9jw6ogdGVtIHF1ZSBhY3JlZGl0YXIgZW0gbWltISBVbSBQYXRvbGluZG8gdmlydHVvc28gY29tIGludGVncmlkYWRlIHNhYmUgY29tbyBjb25maWFyIGUgZXNwZXJhciE=,,W0NhcGl0w6FuIEN1YWNdCsKhWWEgdnVlbHZvISAKwr9ObyBtZSBjcmVlcz8gCsKhVGllbmVzIHF1ZSBjcmVlcm1lISAKwqFVbiBDYXBpdMOhbiBDdWFjIHZpcnR1b3NvIGNvbiBpbnRlZ3JpZGFkIHNhYmUgY29uZmlhciB5IGVzcGVyYXIh
N0lsDQ,,W0h1ZHVreV0KT2gsIGludGVncml0eT8gVGhhdCdzIG5vdCBiYWQuIFNob3VsZCBJIGNoYW5nZSBteSBuYW1lIHRvIEludGVkdWt5Pw==,,,,,W1BhdGFnb25dCk9oLCBpbnRlZ3JpZGFkZT8gSXNzbyBuw6NvIMOpIHJ1aW0uIERldm8gbXVkYXIgbWV1IG5vbWUgcGFyYSBQYXRhZ3JpZGFkZT8=,,W1BhdGFnw7NuXQpPaCwgwr9pbnRlZ3JpZGFkPyAKRXNvIG5vIGVzdMOhIG1hbC4gCsK/RGViZXLDrWEgY2FtYmlhciBtaSBub21icmUgYSBJbmRlb2s/
OElsDQ,,SSdtIGJhY2su,,,,,RXN0b3UgZGUgdm9sdGEu,,WWEgdm9sdsOtLg==
OUlsDQ,,W0tpbmdkdWt5XQpTZWUhISBIZSdzIGJhY2shISBJIG5ldmVyIHNheSBhbnl0aGluZyB3cm9uZyEgSSdtIGFsd2F5cyByaWdodCE=,,,,,W0NhcGl0w6NvIFF1YWNdClZpdSEhIEVsZSB2b2x0b3UhISBFdSBudW5jYSBkaWdvIG5hZGEgZXJyYWRvISBFc3RvdSBzZW1wcmUgY2VydG8h,,W0NhcGl0w6FuIEN1YWNdCsKhwqFWZXMhISAKwqFWb2x2acOzISAKwqFOdW5jYSBkaWdvIG5hZGEgbWFsbyEgCsKhU2llbXByZSB0ZW5nbyByYXrDs24h
OklsDQ,,W01pZHVkdWt5XQo8Rk9OVCBDT0xPUiA9IEZGMDBDQywgU0laRSA9IDE1PjxCPk9vZHVreTwvQj48L0ZPTlQ+ISBXaGVyZSBoYXZlIHlvdSBiZWVuPw==,,,,,W1BhdG9uYXJkb10KPEZPTlQgQ09MT1IgPSBGRjAwQ0MsIFNJWkUgPSAxNT48Qj5QYXRvbmlsZG88L0I+PC9GT05UPiEgT25kZSB2b2PDqiBlc3RldmU/,,W1BhdG9uYXJkb10KPEZPTlQgQ09MT1IgPSBGRjAwQ0MsIFNJWkUgPSAxNT48Qj5PLWRlb2s8L0I+PC9GT05UPiEgCsK/RMOzbmRlIGhhcyBlc3RhZG8/
O0lsDQ,,WzxGT05UIENPTE9SID0gRkYwMENDPjxCPk9vZHVreTwvQj48L0ZPTlQ+XQpBaCwgc2luY2UgeW91IGdhdmUgbWUgc3BlY2lhbCB0cmVhdG1lbnQsIEkgd2VudCB0byBnZXQgc29tZSB0cmlidXRlIHRvIG9mZmVyIHRvIHRoZSBEdWNrbGluZ3Mu,,,,,WzxGT05UIENPTE9SID0gRkYwMENDPjxCPlBhdG9uaWxkbzwvQj48L0ZPTlQ+XQpBaCwgasOhIHF1ZSB2b2PDqnMgbWUgZGVyYW0gdHJhdGFtZW50byBlc3BlY2lhbCwgZnVpIGJ1c2NhciB1bSB0cmlidXRvIHBhcmEgb2ZlcmVjZXIgYW9zIFBhdG9saW5kb3Mu,,WzxGT05UIENPTE9SID0gRkYwMENDPjxCPk8tZGVvazwvQj48L0ZPTlQ+XQpBaCwgeWEgcXVlIG1lIGRpZXJvbiB1biB0cmF0byBlc3BlY2lhbCwgZnVpIGEgYnVzY2FyIHVuIHRyaWJ1dG8gcGFyYSBvZnJlY2VyIGEgbG9zIENhcGl0w6FuIEN1YWNzLg==
PElsDQ,,W0x1ZHVreV0KVHJpYnV0ZT8gV2hhdCdzIHRyaWJ1dGU/,,,,,W0N1YXF1aW5ob10KVHJpYnV0bz8gTyBxdWUgw6kgdHJpYnV0bz8=,,W0N1YXF1w61uXQrCv1RyaWJ1dG8/IArCv1F1w6kgZXMgdHJpYnV0bz8=
PUlsDQ,,W0tpbmdkdWt5XQpJdCBtZWFucyBnaWZ0LCBnaWZ0LiBJIHRvbGQgeW91IGhlIHdlbnQgdG8gZ2V0IGEgZ2lmdCE=,,,,,W0NhcGl0w6NvIFF1YWNdClNpZ25pZmljYSBwcmVzZW50ZSwgcHJlc2VudGUuIEV1IGRpc3NlIHF1ZSBlbGUgZm9pIGJ1c2NhciB1bSBwcmVzZW50ZSE=,,W0NhcGl0w6FuIEN1YWNdClNpZ25pZmljYSByZWdhbG8sIHJlZ2Fsby4gwqFUZSBkaWplIHF1ZSBmdWUgYSBidXNjYXIgdW4gcmVnYWxvIQ==
PklsDQ,,W0h1ZHVreV0KTGV0J3Mgc2VlIGl0Lg==,,,,,W1BhdGFnb25dClZhbW9zIHZlci4=,,W1BhdGFnw7NuXQpWZcOhbW9zbG8u
P0lsDQ,,W0h1ZHVreV0KVWg/IFdoLXdoYXQgaXMgdGhhdD8/Pw==,,,,,W1BhdGFnb25dClVoPyBPLXF1ZSDDqSBpc3NvPz8/,,W1BhdGFnw7NuXQrCv1VoPyAKwr9RLXF1w6kgZXMgZXNvPz8/
QElsDQ,,SXNUaGF0QVN0YXJCdXR0b24/IQ==,,,,,w4lVbUJvdMOjb0RlRXN0cmVsYT8h,,wr/CoUJvdMOzbiBkZSBFc3RyZWxsYSE/
QUlsDQ,,WzxGT05UIENPTE9SID0gRkYwMENDPjxCPk9vZHVreTwvQj48L0ZPTlQ+XQpJIGhlYXJkIHlvdSBsaWtlIHN0YXIgYnV0dG9ucywgc28gSSB3ZW50IHRvIE55YWlsIENhdmUgYW5kIGdhdGhlcmVkIGV2ZXJ5dGhpbmcgdGhhdCBsb29rZWQgc2ltaWxhci4gVGhlcmUgbWlnaHQgYmUgYSBzdGFyIGJ1dHRvbiBhbW9uZyB0aGVzZS4=,,,,,WzxGT05UIENPTE9SID0gRkYwMENDPjxCPlBhdG9uaWxkbzwvQj48L0ZPTlQ+XQpPdXZpIGRpemVyIHF1ZSB2b2PDqnMgZ29zdGFtIGRlIGJvdMO1ZXMgZGUgZXN0cmVsYSwgZW50w6NvIGZ1aSDDoCBDYXZlcm5hIE55YWlsIGUganVudGVpIHR1ZG8gbyBxdWUgcGFyZWNpYSBzZW1lbGhhbnRlLiBQb2RlIGhhdmVyIHVtIGJvdMOjbyBkZSBlc3RyZWxhIGVudHJlIGVsZXMu,,WzxGT05UIENPTE9SID0gRkYwMENDPjxCPk8tZGVvazwvQj48L0ZPTlQ+XQpFc2N1Y2jDqSBxdWUgbGVzIGd1c3RhbiBsb3MgYm90b25lcyBkZSBlc3RyZWxsYSwgYXPDrSBxdWUgZnVpIGEgbGEgQ3VldmEgZGUgTWlhdWwgeSByZWNvZ8OtIHRvZG8gbG8gcXVlIHBhcmVjw61hIHNpbWlsYXIuIApQdWVkZSBxdWUgaGF5YSB1biBib3TDs24gZGUgZXN0cmVsbGEgZW50cmUgZXN0b3Mu
QklsDQ,,W0h1ZHVreV0KV2hvb29hISEhIFN0YXIgYnV0dG9uISEhIEknbGwsIEknbGwgdGFrZSBpdCEhIQ==,,,,,W1BhdGFnb25dClVodXV1bCEhISBCb3TDo28gZGUgZXN0cmVsYSEhISBFdSwgZXUgdm91IHBlZ2FyISEh,,W1BhdGFnw7NuXQrCocKhwqFVaHV1dXUhISEgCsKhwqHCoUJvdMOzbiBkZSBlc3RyZWxsYSEhISAKwqFMbywgbG8gdG9tYXLDqSE=
Q0lsDQ,,W01pZHVkdWt5XQpXaGVyZSwgd2hlcmUgaXMgaXQ/IFRoZSBzdGFyIGJ1dHRvbj8=,,,,,W1BhdG9uYXJkb10KT25kZSwgb25kZSBlc3TDoT8gTyBib3TDo28gZGUgZXN0cmVsYT8=,,W1BhdG9uYXJkb10Kwr9Ew7NuZGUsIGTDs25kZSBlc3TDoT8gCsK/RWwgYm90w7NuIGRlIGVzdHJlbGxhPw==
RElsDQ,,W0x1ZHVreV0KU3RhciBidXR0b24hISEgU3BhcmtsZSBzcGFya2xlISEhIQ==,,,,,W0N1YXF1aW5ob10KQm90w6NvIGRlIGVzdHJlbGEhISEgQnJpbGhhIGJyaWxoYSEhISE=,,W0N1YXF1w61uXQrCocKhwqFCb3TDs24gZGUgZXN0cmVsbGEhISEgCsKhQnJpbGxhIGJyaWxsYSEhISE=
RUlsDQ,,W01pZHVreV0KRXZlcnlvbmUgc3RvcCEhIEknbGwgZmluZCB0aGUgc3RhciBidXR0b24gZmlyc3Qh,,,,,W1F1YWNuw61maWNvXQpUb2RvcyBwYXJlbSEhIFZvdSBlbmNvbnRyYXIgbyBib3TDo28gZGUgZXN0cmVsYSBwcmltZWlybyE=,,W0N1YWNuw61maWNvXQrCocKhVG9kb3MgcGFyZW4hISAKwqFFbmNvbnRyYXLDqSBlbCBib3TDs24gZGUgZXN0cmVsbGEgcHJpbWVybyE=
RklsDQ,,W0tpbmdkdWt5XQpQaGV34oCUZXZlcnl0aGluZyB3ZW50IGFzIEkgcHJlZGljdGVkLiBXaGF0IGEgcmVsaWVmLiBHb29kIHdvcmsuIFdpdGggdGhpcywgdGhleSB3b24ndCB0YWxrIGFib3V0IHdvcmxkIGNvbnF1ZXN0IGZvciBhIHdoaWxlLiBRdWFjayBxdWFjay4gVGhvc2UgZm9vbGlzaCBEdWNrbGluZ3Mgd2lsbCBuZXZlciBrbm93IGFib3V0IG15IGN1bm5pbmcu,,,,,W0NhcGl0w6NvIFF1YWNdClVmYeKAlHR1ZG8gY29ycmV1IGNvbW8gZXUgcHJldmkuIFF1ZSBhbMOtdmlvLiBCb20gdHJhYmFsaG8uIENvbSBpc3NvLCBlbGVzIG7Do28gdsOjbyBmYWxhciBzb2JyZSBjb25xdWlzdGFyIG8gbXVuZG8gcG9yIHVtIHRlbXBvLiBRdWFjayBxdWFjay4gQXF1ZWxlcyBQYXRvbGluZG9zIHRvbG9zIG51bmNhIHNhYmVyw6NvIHNvYnJlIG1pbmhhIGFzdMO6Y2lhLg==,,W0NhcGl0w6FuIEN1YWNdClVmZiB0b2RvIHNhbGnDsyBjb21vIHByZWRpamUuIApRdcOpIGFsaXZpby4gCkJ1ZW4gdHJhYmFqby4gCkNvbiBlc3RvLCBubyBoYWJsYXLDoW4gZGUgY29ucXVpc3RhciBlbCBtdW5kbyBwb3IgdW4gdGllbXBvLiAKQ3VhYyBjdWFjLgpFc29zIENhcGl0w6FuIEN1YWNzIHRvbnRvcyBudW5jYSBzYWJyw6FuIGRlIG1pIGFzdHVjaWEu
R0lsDQ,,W0tpbmdkdWt5XQpBbnlvbmUgd2hvIG1lc3NlcyB3aXRoIHRoaXMgS2luZ2R1a3kgd2lsbCBiZSBpbiBmb3IgYSB0ZXJyaWJsZSBzdXJwcmlzZS4=,,,,,W0NhcGl0w6NvIFF1YWNdClF1YWxxdWVyIHVtIHF1ZSBtZXhlciBjb20gQ2FwaXTDo28gUXVhYyB0ZXLDoSB1bWEgc3VycHJlc2EgdGVycsOtdmVsLg==,,W0NhcGl0w6FuIEN1YWNdCkN1YWxxdWllcmEgcXVlIHNlIG1ldGEgY29uIGVzdGUgQ2FwaXTDoW4gQ3VhYyB0ZW5kcsOhIHVuYSBkZXNhZ3JhZGFibGUgc29ycHJlc2Eu
SElsDQ,,W0tpbmdkdWt5XQpUbyBrZWVwIHRob3NlIER1Y2tsaW5ncyBmcm9tIGdldHRpbmcgYW55IG1vcmUgaWRlYXMsIEknbGwgbmVlZCB5b3UgdG8gYnJpbmcgSXNUaGF0QVN0YXJCdXR0b24/ISBmcmFnbWVudHMgZXZlcnkgZGF5Lg==,,,,,W0NhcGl0w6NvIFF1YWNdClBhcmEgaW1wZWRpciBxdWUgZXNzZXMgUGF0b2xpbmRvcyB0ZW5oYW0gbWFpcyBpZGVpYXMsIHZvdSBwcmVjaXNhciBxdWUgdm9jw6ogdHJhZ2EgZnJhZ21lbnRvcyBkZSDDiVVtQm90w6NvRGVFc3RyZWxhPyEgdG9kb3Mgb3MgZGlhcy4=,,W0NhcGl0w6FuIEN1YWNdClBhcmEgZXZpdGFyIHF1ZSBlc29zIENhcGl0w6FuIEN1YWNzIHRlbmdhbiBtw6FzIGlkZWFzLCBuZWNlc2l0YXLDqSBxdWUgdHJhaWdhcyBmcmFnbWVudG9zIGRlIEJvdMOzbiBEZSBFc3RyZWxsYSB0b2RvcyBsb3MgZMOtYXMu
SUlsDQ,,VGhhdCdzIG5vIHByb2JsZW0u,,,,,TsOjbyBow6EgcHJvYmxlbWEu,,Tm8gaGF5IHByb2JsZW1hLg==
SklsDQ,,W0tpbmdkdWt5XQpUaGlzIEtpbmdkdWt5IGp1ZGdlZCB5b3Ugd2VsbC4gU28gSSdsbCBiZSBjb3VudGluZyBvbiB5b3UgZnJvbSBub3cgb24h,,,,,W0NhcGl0w6NvIFF1YWNdCkVzdGUgQ2FwaXTDo28gUXVhYyB0ZSBqdWxnb3UgYmVtLiBFbnTDo28sIGNvbnRhcmVpIGNvbSB2b2PDqiBkZSBhZ29yYSBlbSBkaWFudGUh,,W0NhcGl0w6FuIEN1YWNdCkVzdGUgQ2FwaXTDoW4gQ3VhYyB0ZSBqdXpnw7MgYmllbi4gCkFzw60gcXVlIMKhY29udGFyw6kgY29udGlnbyBkZSBhaG9yYSBlbiBhZGVsYW50ZSE=
S0lsDQ,,Rm9yIHdoYXQ/,,,,,UGFyYSBxdcOqPw==,,wr9QYXJhIHF1w6k/
TElsDQ,,W0tpbmdkdWt5XQpUbyB0cmF2ZWwgdG9nZXRoZXIsIG9mIGNvdXJzZS4gSSB3YW50IHRvIHNlZSBhIHdpZGVyIHdvcmxkLCBhbmQgaXQgc2VlbXMgbGlrZSB0cmF2ZWxpbmcgd2l0aCB5b3Ugd291bGQgd29yayBvdXQuIEFuZCBJJ2xsIGZpbmQgbXkgc3RhciBidXR0b24gdG9vLg==,,,,,W0NhcGl0w6NvIFF1YWNdClBhcmEgdmlhamFybW9zIGp1bnRvcywgw6kgY2xhcm8uIFF1ZXJvIHZlciB1bSBtdW5kbyBtYWlzIGFtcGxvLCBlIHBhcmVjZSBxdWUgdmlhamFyIGNvbSB2b2PDqiBkYXJpYSBjZXJ0by4gRSB0YW1iw6ltIGVuY29udHJhcmVpIG1ldSBib3TDo28gZGUgZXN0cmVsYS4=,,W0NhcGl0w6FuIEN1YWNdClBhcmEgdmlhamFyIGp1bnRvcywgcG9yIHN1cHVlc3RvLiAKUXVpZXJvIHZlciB1biBtdW5kbyBtw6FzIGFtcGxpbywgeSBwYXJlY2UgcXVlIHZpYWphciBjb250aWdvIGZ1bmNpb25hcsOtYS4gClkgdGFtYmnDqW4gZW5jb250cmFyw6kgbWkgYm90w7NuIGRlIGVzdHJlbGxhLg==
TUlsDQ,,V2hhdCBhYm91dCBteSBvcGluaW9uPw==,,,,,RSBhIG1pbmhhIG9waW5pw6NvPw==,,wr9ZIG1pIG9waW5pw7NuPw==
TklsDQ,,W0tpbmdkdWt5XQpJJ3ZlIGFscmVhZHkgZGVjaWRlZC4gQXJlIHlvdSBnb2luZyB0byByZWZ1c2U/IEJ1dCBpZiB5b3UgbWVzcyB3aXRoIHRoaXMgS2luZ2R1a3kuLi4=,,,,,W0NhcGl0w6NvIFF1YWNdCkrDoSBkZWNpZGkuIFZvY8OqIHZhaSByZWN1c2FyPyBNYXMgc2Ugdm9jw6ogbWV4ZXIgY29tIENhcGl0w6NvIFF1YWMuLi4=,,W0NhcGl0w6FuIEN1YWNdCllhIGxvIGRlY2lkw60uIArCv1ZhcyBhIG5lZ2FydGU/IApQZXJvIHNpIHRlIG1ldGVzIGNvbiBlc3RlIENhcGl0w6FuIEN1YWMuLi4=
T0lsDQ,,QWgsIGZpbmUhIEknbGwgZ28gd2l0aCB5b3Uu,,,,,QWgsIHR1ZG8gYmVtISBWb3UgY29tIHZvY8OqLg==,,QWgsIMKhZXN0w6EgYmllbiEgSXLDqSBjb250aWdvLg==
UElsDQ,,W0tpbmdkdWt5XQpHb29kIGNob2ljZS4gRnJvbSBub3cgb24sIHlvdSdsbCBmZWVkIG1lLCBjbG90aGUgbWUsIGJhdGhlIG1lLCBhbmQgcHV0IG1lIHRvIHNsZWVwLiBBaCwgcmlnaHQhIEV2ZXJ5b25lIGNhcnJpZXMgYXJvdW5kIGEgc3RhbXAgcGFwZXIuIEdpdmUgaXQgdG8gbWUu,,,,,W0NhcGl0w6NvIFF1YWNdCkJvYSBlc2NvbGhhLiBEZSBhZ29yYSBlbSBkaWFudGUsIHZvY8OqIHZhaSBtZSBhbGltZW50YXIsIG1lIHZlc3RpciwgbWUgZGFyIGJhbmhvIGUgbWUgY29sb2NhciBwYXJhIGRvcm1pci4gQWgsIGNlcnRvISBUb2RvIG11bmRvIGNhcnJlZ2EgdW0gcGFwZWwgZGUgY2FyaW1iby4gTWUgZMOqLg==,,W0NhcGl0w6FuIEN1YWNdCkJ1ZW5hIGVsZWNjacOzbi4gCkRlIGFob3JhIGVuIGFkZWxhbnRlLCBtZSBhbGltZW50YXLDoXMsIG1lIHZlc3RpcsOhcywgbWUgYmHDsWFyw6FzIHkgbWUgYWNvc3RhcsOhcy4gCsKhQWgsIGNpZXJ0byEgClRvZG9zIGxsZXZhbiB1biBwYXBlbCBkZSBzZWxsb3MuIApEw6FtZWxvLg==
UUlsDQ,,W0tpbmdkdWt5XQpUaGVyZSwgSSd2ZSBzdGFtcGVkIGl0IHdpdGggYSB0aHVkISBOb3cgd2UncmUgdG9nZXRoZXIu,,,,,W0NhcGl0w6NvIFF1YWNdCkHDrSwgY2FyaW1iZWkgY29tIHVtICJ0dW0iISBBZ29yYSBlc3RhbW9zIGp1bnRvcy4=,,W0NhcGl0w6FuIEN1YWNdCkFow60sIGxvIHNlbGzDqSBjb24gdW4gZ29scGUuIArCoUFob3JhIGVzdGFtb3MganVudG9zLg==
UklsDQ,,W0tpbmdkdWt5XQpUaGVyZSwgSSd2ZSBzdGFtcGVkIGl0IHdpdGggYSB0aHVkISBOb3cgd2UncmUgdG9nZXRoZXIuCk9oLCB3YWl0ISBUaGV5IHNheSB0aGF0IGFueW9uZSB3aG8ncyBjb21wbGV0ZWQgYWxsIHRoZSBmZXN0aXZhbCBldmVudHMgc2hvdWxkIGdvIHRvIDxOQVZJPltDb3Vwb24gUmVjZXB0aW9uXTxJTkZPPmxhc2FnbmEsODMsMjA2LDAsMTAxLDAsPC9JTkZPPjwvTkFWST4hIExldCdzIGdvIHRoZXJlIGZpcnN0IQ==,,,,,W0NhcGl0w6NvIFF1YWNdCkHDrSwgY2FyaW1iZWkgY29tIHVtICJ0dW0iISBBZ29yYSBlc3RhbW9zIGp1bnRvcy4KQWgsIGVzcGVyZSEgRGl6ZW0gcXVlIHF1YWxxdWVyIHVtIHF1ZSBjb21wbGV0b3UgdG9kb3Mgb3MgZXZlbnRvcyBkbyBmZXN0aXZhbCBkZXZlIGlyIGFvIDxOQVZJPltSZWNlcMOnw6NvIGRlIEN1cG9uc108SU5GTz5sYXNhZ25hLDgzLDIwNiwwLDEwMSwwLDwvSU5GTz48L05BVkk+ISBWYW1vcyBsw6EgcHJpbWVpcm8h,,W0NhcGl0w6FuIEN1YWNdCkFow60sIGxvIHNlbGzDqSBjb24gdW4gZ29scGUuIArCoUFob3JhIGVzdGFtb3MganVudG9zIQrCoU9oLCBlc3BlcmEhIApEaWNlbiBxdWUgY3VhbHF1aWVyYSBxdWUgaGF5YSBjb21wbGV0YWRvIHRvZG9zIGxvcyBldmVudG9zIGRlbCBmZXN0aXZhbCBkZWJlIGlyIGFsIDxOQVZJPltSZWNlcGNpw7NuIGRlIEN1cG9uZXNdPElORk8+TGFzYWduYSw4MywyMDYsMCwxMDEsMCw8L0lORk8+PC9OQVZJPi4gCsKhVmFtb3MgYWxsw60gcHJpbWVybyE=
U0lsDQ,,W0tpbmdkdWt5XQpUaGlzIEtpbmdkdWt5IHdvbid0IGZvcmdldCB5b3VyIGtpbmRuZXNzLiBJJ2xsIGNoZWVyIHlvdSBvbiBmcm9tIHRoZSBzaWRlLiBJdCdsbCBnaXZlIHlvdSBzdHJlbmd0aC4gV2VsbCB0aGVuLCBJJ20gY291bnRpbmcgb24geW91ISE=,,,,,W0NhcGl0w6NvIFF1YWNdCkNhcGl0w6NvIFF1YWMgbsOjbyBlc3F1ZWNlcsOhIHN1YSBib25kYWRlLiBWb3UgdG9yY2VyIHBvciB2b2PDqiBkYXF1aSBkZSBsYWRvLiBJc3NvIHRlIGRhcsOhIGZvcsOnYXMuIEJlbSwgZW50w6NvLCBjb250byBjb20gdm9jw6ohIQ==,,W0NhcGl0w6FuIEN1YWNdCkVzdGUgQ2FwaXTDoW4gQ3VhYyBubyBvbHZpZGFyw6EgdHUgYm9uZGFkLiAKVGUgYW5pbWFyw6kgZGVzZGUgdW4gbGFkby4gClRlIGRhcsOhIGZ1ZXJ6YXMuIApCdWVubywgwqFjb250aWdvIGN1ZW50byE=
VElsDQ,,W0tpbmdkdWt5XQpCdXQgd2h5IGlzIHlvdXIgYmFnIGluIHN1Y2ggYSBtZXNzPyBUcnkgb3JnYW5pemluZyBpdC4=,,,,,W0NhcGl0w6NvIFF1YWNdCk1hcyBwb3IgcXVlIHN1YSBib2xzYSBlc3TDoSB0w6NvIGJhZ3Vuw6dhZGE/IFRlbnRlIG9yZ2FuaXrDoS1sYS4=,,W0NhcGl0w6FuIEN1YWNdCsK/UGVybyBwb3IgcXXDqSB0dSBib2xzYSBlc3TDoSB0YW4gZGVzb3JkZW5hZGE/IApJbnRlbnRhIG9yZ2FuaXphcmxhLg==
VUlsDQ,,W0tpbmdkdWt5XQpXaHkgYXJlIHdlIGhlcmU/IFRoZXkgc3RpbGwgc2VlbSBkaXN0cmFjdGVkIGxvb2tpbmcgZm9yIHN0YXIgYnV0dG9ucy4gSXQgc2VlbXMgbGlrZSB3ZSBoYXZlIGVub3VnaC4gQnV0IG1vcmUgaXMgYWx3YXlzIGJldHRlci4=,,,,,W0NhcGl0w6NvIFF1YWNdClBvciBxdWUgZXN0YW1vcyBhcXVpPyBFbGVzIGFpbmRhIHBhcmVjZW0gZGlzdHJhw61kb3MgcHJvY3VyYW5kbyBib3TDtWVzIGRlIGVzdHJlbGEuIFBhcmVjZSBxdWUgdGVtb3MgbyBzdWZpY2llbnRlLiBNYXMgbWFpcyDDqSBzZW1wcmUgbWVsaG9yLg==,,W0NhcGl0w6FuIEN1YWNdCsK/UG9yIHF1w6kgZXN0YW1vcyBhcXXDrT8gClRvZGF2w61hIHBhcmVjZW4gZGlzdHJhw61kb3MgYnVzY2FuZG8gYm90b25lcyBkZSBlc3RyZWxsYS4gClBhcmVjZSBxdWUgdGVuZW1vcyBzdWZpY2llbnRlLiAKUGVybyBtw6FzIHNpZW1wcmUgZXMgbWVqb3Iu
VklsDQ,,W0tpbmdkdWt5XQpJdCBzZWVtcyBsaWtlIHVzaW5nIDxJVEVNPltOeWFuZ3ZpbmVdPElORk8+NjkwOTwvSU5GTz48L0lURU0+IHdvdWxkIGxldCB5b3UgYnJpbmcgYmFjayBldmVuIG1vcmUgSXNUaGF0QVN0YXJCdXR0b24/ISBmcmFnbWVudHMu,,,,,W0NhcGl0w6NvIFF1YWNdClBhcmVjZSBxdWUgdXNhciA8SVRFTT5bRnJ1dGEgTWlhdU1pYXVdPElORk8+NjkwOTwvSU5GTz48L0lURU0+IHBlcm1pdGlyaWEgcXVlIHZvY8OqIHRyb3V4ZXNzZSBhaW5kYSBtYWlzIGZyYWdtZW50b3MgZGUgw4lVbUJvdMOjb0RlRXN0cmVsYT8hLg==,,W0NhcGl0w6FuIEN1YWNdClBhcmVjZSBxdWUgdXNhciA8SVRFTT5bTWlhdWZydXRvXTxJTkZPPjY5MDk8L0lORk8+PC9JVEVNPiB0ZSBwZXJtaXRpcsOtYSB0cmFlciBhw7puIG3DoXMgZnJhZ21lbnRvcyBkZSBib3TDs24gZGUgZXN0cmVsbGEu
V0lsDQ,,TGV0J3MgdXNlIE55YW5ndmluZS4=,,,,,VmFtb3MgdXNhciBGcnV0YSBNaWF1TWlhdS4=,,VXNlbW9zIE1pYXVmcnV0by4=
WElsDQ,,XkFBQUFBQUxldCdzIHVzZSBOeWFuZ3ZpbmUuIC0gSW5zdWZmaWNpZW50IHF1YW50aXR5XjAwMDAwMA==,,,,,XkFBQUFBQVZhbW9zIHVzYXIgRnJ1dGEgTWlhdU1pYXUuIC0gUXVhbnRpZGFkZSBpbnN1ZmljaWVudGVeMDAwMDAw,,XkFBQUFBQVVzZW1vcyBNaWF1ZnJ1dG8uIC0gQ2FudGlkYWQgaW5zdWZpY2llbnRlXjAwMDAwMA==
WUlsDQ,,VGhlbiBzaG91bGQgSSBjb21lIGJhY2sgYW5vdGhlciB0aW1lPw==,,,,,RW50w6NvIGRldm8gdm9sdGFyIG91dHJhIGhvcmE/,,RW50b25jZXMsIMK/ZGViZXLDrWEgdm9sdmVyIGVuIG90cm8gbW9tZW50bz8=
WklsDQ,,W0tpbmdkdWt5XQpZZWFoLCBsZXQncyBkbyB0aGF0LiBUaGV5J3JlIHN0aWxsIGRpc3RyYWN0ZWQsIHNvIGl0IHNob3VsZCBiZSBmaW5lLg==,,,,,W0NhcGl0w6NvIFF1YWNdClNpbSwgdmFtb3MgZmF6ZXIgaXNzby4gRWxlcyBhaW5kYSBlc3TDo28gZGlzdHJhw61kb3MsIGVudMOjbyBkZXZlIGZpY2FyIGJlbS4=,,W0NhcGl0w6FuIEN1YWNdClPDrSwgaGFnYW1vcyBlc28uIApUb2RhdsOtYSBlc3TDoW4gZGlzdHJhw61kb3MsIGFzw60gcXVlIGRlYmVyw61hIGVzdGFyIGJpZW4u
W0lsDQ,,W0tpbmdkdWt5XQpOb3cgbGV0J3MgZ28gYmFjayB0byBOeWFpbCBDYXZlLCBeMDAwMENEc2hha2UgRGFuZHkgU3RhcnMsIGFuZCBjb2xsZWN0IElzVGhhdEFTdGFyQnV0dG9uPyEgZnJhZ21lbnRzISAyMF4wMDAwMDAgc2hvdWxkIGJlIGVub3VnaCE=,,,,,W0NhcGl0w6NvIFF1YWNdCkFnb3JhIHZhbW9zIHZvbHRhciBwYXJhIGEgQ2F2ZXJuYSBOeWFpbCwgXjAwMDBDRHNhY3VkaXIgRXN0cmVsaXRhcyBlIGNvbGV0YXIgZnJhZ21lbnRvcyBkZSDDiVVtQm90w6NvRGVFc3RyZWxhPyEgMjBeMDAwMDAwIGRldmVtIHNlciBzdWZpY2llbnRlcyE=,,W0NhcGl0w6FuIEN1YWNdCkFob3JhIHZvbHZhbW9zIGEgbGEgQ3VldmEgZGUgTWlhdWwsIF4wMDAwQ0R5IGEgc2FjdWRpciBFc3RyZWxsYXMgRGFuZHkgeSByZWNvbGVjdGEgZnJhZ21lbnRvcyBkZSBib3TDs25lcyBkZSBlc3RyZWxsYXMsIDIwXjAwMDAwMCBkZWJlcsOtYW4gc2VyIHN1ZmljaWVudGVzLg==
XElsDQ,,W0tpbmdkdWt5XQpCdXQgd2hlcmUncyB0aGUgTnlhbmd2aW5lPyBEaWQgeW91IGRlY2VpdmUgbWU/,,,,,W0NhcGl0w6NvIFF1YWNdCk1hcyBvbmRlIGVzdMOhIGEgRnJ1dGEgTWlhdU1pYXU/IFZvY8OqIG1lIGVuZ2Fub3U/,,W0NhcGl0w6FuIEN1YWNdCsK/UGVybyBkw7NuZGUgZXN0w6EgbGEgTWlhdWZydXRvPyAKwr9NZSBlbmdhw7Fhc3RlPw==
XUlsDQ,,W01pZHVkdWt5XQpXaHkgYXJlbid0IHRoZXJlIGFueSBzdGFyLXNoYXBlZCBidXR0b25zPyBJJ3ZlIGxvb2tlZCB0aHJvdWdoIHNvIG1hbnkhIEhvdyBjYW4gdGhlcmUgbm90IGJlIGEgc2luZ2xlIG9uZSE=,,,,,W1BhdG9uYXJkb10KUG9yIHF1ZSBuw6NvIGjDoSBuZW5odW0gYm90w6NvIGVtIGZvcm1hIGRlIGVzdHJlbGE/IErDoSBwcm9jdXJlaSB0YW50b3MhIENvbW8gcG9kZSBuw6NvIHRlciB1bSBzZXF1ZXIh,,W1BhdG9uYXJkb10Kwr9Qb3IgcXXDqSBubyBoYXkgYm90b25lcyBjb24gZm9ybWEgZGUgZXN0cmVsbGE/IArCoUhlIGJ1c2NhZG8gZW4gdGFudG9zISAKwr9Dw7NtbyBwdWVkZSBzZXIgcXVlIG5vIGhheWEgbmkgdW5vIHNvbG8h
XklsDQ,,W01pZHVreV0KSWYgd2UgY29ucXVlciB0aGUgd29ybGQsIHdlIGNhbiBnZXQgYXMgbWFueSBzdGFyLXNoYXBlZCBidXR0b25zIGFzIHdlIHdhbnQuIExldCdzIGNvbnF1ZXIgdGhlIHdvcmxkIQ==,,,,,W1F1YWNuw61maWNvXQpTZSBjb25xdWlzdGFybW9zIG8gbXVuZG8sIHBvZGVtb3MgdGVyIHF1YW50b3MgYm90w7VlcyBlbSBmb3JtYSBkZSBlc3RyZWxhIHF1aXNlcm1vcy4gVmFtb3MgY29ucXVpc3RhciBvIG11bmRvIQ==,,W0N1YWNuw61maWNvXQpTaSBjb25xdWlzdGFtb3MgZWwgbXVuZG8sIHBvZGVtb3MgdGVuZXIgdG9kb3MgbG9zIGJvdG9uZXMgY29uIGZvcm1hIGRlIGVzdHJlbGxhIHF1ZSBxdWVyZW1vcy4gCsKhQ29ucXVpc3RlbW9zIGVsIG11bmRvIQ==
X0lsDQ,,W0tpbmdkdWt5XQpObywgdGhlc2UgZm9vbGlzaCBEdWNrbGluZ3MgYXJlIGRyZWFtaW5nIG9mIHdvcmxkIGNvbnF1ZXN0IGFnYWluLiA8Rk9OVCBDT0xPUiA9IEZGMDBDQywgU0laRSA9IDE1PjxCPk9vZHVreTwvQj48L0ZPTlQ+LCBpdCBsb29rcyBsaWtlIGl0J3MgdGltZSBmb3IgeW91IHRvIHN0ZXAgaW4uIEFyZSB5b3UgdXAgZm9yIGl0Pw==,,,,,W0NhcGl0w6NvIFF1YWNdCk7Do28sIGVzc2VzIFBhdG9saW5kb3MgdG9sb3MgZXN0w6NvIHNvbmhhbmRvIGNvbSBjb25xdWlzdGFyIG8gbXVuZG8gbm92YW1lbnRlLiA8Rk9OVCBDT0xPUiA9IEZGMDBDQywgU0laRSA9IDE1PjxCPlBhdG9uaWxkbzwvQj48L0ZPTlQ+LCBwYXJlY2UgcXVlIMOpIGhvcmEgZGUgdm9jw6ogaW50ZXJ2aXIuIFZvY8OqIGVzdMOhIHByb250bz8=,,W0NhcGl0w6FuIEN1YWNdCk5vLCBlc3RvcyBDYXBpdMOhbiBDdWFjcyB0b250b3MgZXN0w6FuIHNvw7FhbmRvIGNvbiBjb25xdWlzdGFyIGVsIG11bmRvIG90cmEgdmV6LiAKPEZPTlQgQ09MT1IgPSBGRjAwQ0MsIFNJWkUgPSAxNT48Qj5PLWRlb2s8L0I+PC9GT05UPiwgcGFyZWNlIHF1ZSBlcyBob3JhIGRlIHF1ZSBpbnRlcnZlbmdhcy4gCsK/RXN0w6FzIGxpc3RvPw==
YElsDQ,,SSdsbCBnbyBnZXQgdGhlbS4=,,,,,Vm91IGJ1c2PDoS1sb3Mu,,SXLDqSBhIGJ1c2Nhcmxvcy4=
YUlsDQ,,Tm90IHRvZGF5Li4u,,,,,SG9qZSBuw6NvLi4u,,SG95IG5vLi4u
YklsDQ,,W0tpbmdkdWt5XQpUaGVuIF4wMDAwQ0RzaGFrZSBEYW5keSBTdGFycyBhbmQgYnJpbmcgSXNUaGF0QVN0YXJCdXR0b24/ISBmcmFnbWVudHMuIDIwXjAwMDAwMCEh,,,,,W0NhcGl0w6NvIFF1YWNdCkVudMOjbyBeMDAwMENEc2FjdWRhIEVzdHJlbGl0YXMgZSB0cmFnYSBmcmFnbWVudG9zIGRlIMOJVW1Cb3TDo29EZUVzdHJlbGE/ISAyMF4wMDAwMDAhIQ==,,W0NhcGl0w6FuIEN1YWNdCkVudG9uY2VzLCBeMDAwMENEc2FjdWRlIEVzdHJlbGxhcyBEYW5keSB5IHRyYWUgZnJhZ21lbnRvcyBkZSBib3TDs25lcyBkZSBlc3RyZWxsYXMgMjBeMDAwMDAwIQ==
Y0lsDQ,,WzxGT05UIENPTE9SID0gRkYwMENDPjxCPk9vZHVreTwvQj48L0ZPTlQ+XQpDYW4ndCB3ZSBqdXN0IGxlYXZlIHRoZW0gYmUgZm9yIHRvZGF5PyBUaGV5IGRvbid0IHNlZW0gdG8gaGF2ZSBhIGNvbmNyZXRlIHBsYW4geWV0Lg==,,,,,WzxGT05UIENPTE9SID0gRkYwMENDPjxCPlBhdG9uaWxkbzwvQj48L0ZPTlQ+XQpOw6NvIHBvZGVtb3Mgc2ltcGxlc21lbnRlIGRlaXjDoS1sb3MgZW0gcGF6IGhvamU/IEVsZXMgbsOjbyBwYXJlY2VtIHRlciB1bSBwbGFubyBjb25jcmV0byBhaW5kYS4=,,WzxGT05UIENPTE9SID0gRkYwMENDPjxCPk8tZGVvazwvQj48L0ZPTlQ+XQrCv05vIHBvZGVtb3MgZGVqYXJsb3MgZW4gcGF6IHBvciBob3k/IApUb2RhdsOtYSBubyBwYXJlY2VuIHRlbmVyIHVuIHBsYW4gY29uY3JldG8u
ZElsDQ,,W0tpbmdkdWt5XQpJcyB0aGF0IHNvPyBJIGd1ZXNzIHNvLiBUaGVuIGxldCdzIHJlc3QgZm9yIHRvZGF5Lg==,,,,,W0NhcGl0w6NvIFF1YWNdCsOJIG1lc21vPyBBY2hvIHF1ZSB0ZW0gcmF6w6NvLiBFbnTDo28gdmFtb3MgZGVzY2Fuc2FyIGhvamUu,,W0NhcGl0w6FuIEN1YWNdCsK/QWgsIHPDrT8gClN1cG9uZ28gcXVlIHPDrS4gCkVudG9uY2VzIGRlc2NhbnNlbW9zIGhveS4=
ZUlsDQ,,W0tpbmdkdWt5XQpOb3QgeWV0PyBBcmUgeW91IGRvbmUgeWV0PyBXZSBhZ3JlZWQgdGhhdCB5b3UnZCBeMDAwMENEc2hha2UgRGFuZHkgU3RhcnMgYW5kIGJyaW5nIDIwIElzVGhhdEFTdGFyQnV0dG9uPyEgZnJhZ21lbnRzXjAwMDAwMC4gSHVycnkgYmFjay4=,,,,,W0NhcGl0w6NvIFF1YWNdCkFpbmRhIG7Do28/IErDoSB0ZXJtaW5vdT8gQ29tYmluYW1vcyBxdWUgdm9jw6ogXjAwMDBDRHNhY3VkaXJpYSBFc3RyZWxpdGFzIGUgdHJhcmlhIDIwIGZyYWdtZW50b3MgZGUgw4lVbUJvdMOjb0RlRXN0cmVsYT8hXjAwMDAwMC4gVm9sdGUgcsOhcGlkby4=,,W0NhcGl0w6FuIEN1YWNdCsK/VG9kYXbDrWEgbm8/IArCv1lhIHRlcm1pbmFzdGU/IApEZWNpZGltb3MgcXVlIF4wMDAwQ0RzYWN1ZGlyw61hcyBFc3RyZWxsYXMgRGFuZHkgeSB0cmFlcsOtYXMgMjAgZnJhZ21lbnRvcyBkZSBib3TDs25lcyBkZSBlc3RyZWxsYXNeMDAwMDAwLiAKVnVlbHZlIHLDoXBpZG8u
ZklsDQ,,W0tpbmdkdWt5XQpXZWxsIGRvbmUuIFdpdGggdGhpcywgd2UgY2FuIGRpdmVydCB0aG9zZSBmb29saXNoIER1Y2tsaW5ncycgYXR0ZW50aW9uLiBOb3csIGxvb2sgYXQgdGhpcywgZXZlcnlvbmUh,,,,,W0NhcGl0w6NvIFF1YWNdCkJvbSB0cmFiYWxoby4gQ29tIGlzc28sIHBvZGVtb3MgZGVzdmlhciBhIGF0ZW7Dp8OjbyBkYXF1ZWxlcyBQYXRvbGluZG9zIHRvbG9zLiBBZ29yYSwgb2xoZW0gaXNzbywgdG9kb3Mh,,W0NhcGl0w6FuIEN1YWNdCkJpZW4gaGVjaG8uIApDb24gZXN0bywgcG9kZW1vcyBkZXN2aWFyIGxhIGF0ZW5jacOzbiBkZSBlc29zIENhcGl0w6FuIEN1YWNzIHRvbnRvcy4gCsKhQWhvcmEsIG1pcmVuIGVzdG8sIHRvZG9zIQ==
Z0lsDQ,,W0tpbmdkdWt5XQpXZSBhY2NvbXBsaXNoZWQgYSBncmVhdCB0YXNrIGFnYWluIHRvZGF5LiBOb3cgd2Ugc2hvdWxkIHJlc3QuIEl0J3MgYmVzdCB0byBjb21lIGJhY2sgYWZ0ZXIgbWlkbmlnaHQuIFJpZ2h0Pw==,,,,,W0NhcGl0w6NvIFF1YWNdClJlYWxpemFtb3MgdW1hIGdyYW5kZSB0YXJlZmEgbm92YW1lbnRlIGhvamUuIEFnb3JhIGRldmVtb3MgZGVzY2Fuc2FyLiDDiSBtZWxob3Igdm9sdGFyIGRlcG9pcyBkYSBtZWlhLW5vaXRlLiBDZXJ0bz8=,,W0NhcGl0w6FuIEN1YWNdCkhveSBsb2dyYW1vcyB1bmEgZ3JhbiB0YXJlYSBvdHJhIHZlei4gCkFob3JhIGRlYmVyw61hbW9zIGRlc2NhbnNhci4gCkVzIG1lam9yIHZvbHZlciBkZXNwdcOpcyBkZSBsYSBtZWRpYW5vY2hlLgrCv1ZhbGU/
aElsDQ,,W1NpZGVva10KV2h5IGlzbid0IG15IHN0YXIgYnV0dG9uIGhlcmU/IEkgY2FtZSBiZWNhdXNlIHlvdSBzYWlkIHRoZXJlIHdlcmUgc3RhciBidXR0b25zIQ==,,,,,W1NpZGVva10KUG9yIHF1ZSBtZXUgYm90w6NvIGRlIGVzdHJlbGEgbsOjbyBlc3TDoSBhcXVpPyBFdSB2aW0gcG9ycXVlIHZvY8OqIGRpc3NlIHF1ZSBoYXZpYSBib3TDtWVzIGRlIGVzdHJlbGEh,,W1NpZGVva10Kwr9Qb3IgcXXDqSBubyBlc3TDoSBtaSBib3TDs24gZGUgZXN0cmVsbGEgYXF1w60/IArCoVZpbmUgcG9ycXVlIGRpamlzdGUgcXVlIGhhYsOtYSBib3RvbmVzIGRlIGVzdHJlbGxhIQ==
aUlsDQ,,W0R1Y2tsaW5nXQpRdWFjayEh,,,,,W1BhdG9saW5kb10KUXVhY2shIQ==,,W1BhdG9saW5vXQrCocKhQ3VhYyEh
aklsDQ,,UXVhY2shISEKUXVhYWFhY2shClF1YWNrIHF1YWNrIHF1YWNrISEKUXVhY2sh,,,,,UXVhY2shISEKUXVhYWFhY2shClF1YWNrIHF1YWNrIHF1YWNrISEKUXVhY2sh,,wqHCoUN1YWMhISEKwqFDdXVhYWFhYyEKwqFDdWFjIGN1YWMgY3VhYyEhCsKhQ3VhYyE=
a0lsDQ,,W3swfV0KSSBoZWFyIER1Y2tsaW5nIHNvdW5kcyBmcm9tIGFsbCBvdmVyLgpMZXQncyBmb2xsb3cgdGhlIHNvdW5kLg==,,,,,W3swfV0KT3XDp28gc29ucyBkZSBQYXRvbGluZG8gcG9yIHRvZGEgcGFydGUuClZhbW9zIHNlZ3VpciBvIHNvbS4=,,W3swfV0KT2lnbyBzb25pZG9zIGRlIENhcGl0w6FuIEN1YWMgcG9yIHRvZGFzIHBhcnRlcy4KU2lnYW1vcyBlbCBzb25pZG8u
bElsDQ,,UXVhYWFhY2sh,,,,,UXVhYWFhY2sh,,wqFDdXVhYWFhYyE=
bUlsDQ,,W0R1Y2tsaW5nXQpRdWFjayEhIQ==,,,,,W1BhdG9saW5kb10KUXVhY2shISE=,,W1BhdG9saW5vXQrCocKhQ3VhYyEhIQ==
bklsDQ,,SXMgdGhhdCB0aGUgRHVja2xpbmc/IExldCdzIGdvIHRvZ2V0aGVyLg==,,,,,w4kgYXF1ZWxlIFBhdG9saW5kbz8gVmFtb3MganVudG9zLg==,,wr9FcyBlc2UgZWwgQ2FwaXTDoW4gQ3VhYz8gVmFtb3MganVudG9zLg==
b0lsDQ,,W0R1Y2tsaW5nXQpMZXQgZ28hIExldCBnbyBvZiBtZSEhISBXaG8gYXJlIHlvdSB0byB0ZWxsIG1lIHRvIGNvbWUgd2l0aCB5b3UhIFdoYXQgYXJlIHlvdSBnb2luZyB0byBkbyB3aXRoIG1lIQ==,,,,,W1BhdG9saW5kb10KU29sdGUhIFNvbHRlLW1lISEhIFF1ZW0gw6kgdm9jw6ogcGFyYSBtZSBkaXplciBwYXJhIGlyIGNvbSB2b2PDqiEgTyBxdWUgdm9jw6ogdmFpIGZhemVyIGNvbWlnbyE=,,W1BhdG9saW5vXQrCoVN1w6lsdGFtZSEgCsKhU3XDqWx0YW1lISAKwr9RdWnDqW4gZXJlcyB0w7ogcGFyYSBkZWNpcm1lIHF1ZSB2YXlhIGNvbnRpZ28/IArCv1F1w6kgdmFzIGEgaGFjZXIgY29ubWlnbz8=
cElsDQ,,QSBmcmllbmQgaXMgd2FpdGluZyBmb3IgeW91IG91dHNpZGUu,,,,,VW0gYW1pZ28gZXN0w6EgZXNwZXJhbmRvIHBvciB2b2PDqiBsw6EgZm9yYS4=,,VW4gYW1pZ28gdGUgZXNwZXJhIGFmdWVyYS4=
cUlsDQ,,W0R1Y2tsaW5nXQpBIGZyaWVuZD8gRG8gSSBoYXZlIGEgZnJpZW5kLi4uPw==,,,,,W1BhdG9saW5kb10KVW0gYW1pZ28/IEV1IHRlbmhvIHVtIGFtaWdvLi4uPw==,,W1BhdG9saW5vXQrCv1VuIGFtaWdvPyAKwr9UZW5nbyB1biBhbWlnby4uLj8=
cklsDQ,,W0R1Y2tsaW5nXQpXaG9vb2EhISEgR3JlYXQhISBUaGF0IGZyaWVuZCBjYW4gdGFsayBsaWtlIG1lLCByaWdodD8gVGhlIG9uZXMgd2FuZGVyaW5nIGFyb3VuZCBoZXJlIGNhbid0IHRhbGsgeWV04oCUYXJlIHRoZXkgeW91bmcgRHVja2xpbmdzPwpJJ2xsIGdvIHNpbmNlIHRoZXJlJ3MgYSBmZWxsb3cgRHVja2xpbmcgb24gbXkgbGV2ZWwuIEkgd2FudGVkIHRvIGxlYXZlIGFueXdheS4=,,,,,W1BhdG9saW5kb10KVWh1dXVsISEhIMOTdGltbyEhIEVzc2UgYW1pZ28gcG9kZSBmYWxhciBjb21vIGV1LCBjZXJ0bz8gT3MgcXVlIHZhZ3VlaWFtIHBvciBhcXVpIGFpbmRhIG7Do28gcG9kZW0gZmFsYXLigJRzw6NvIFBhdG9saW5kb3Mgam92ZW5zPwpWb3UsIGrDoSBxdWUgaMOhIHVtIGNvbXBhbmhlaXJvIFBhdG9saW5kbyBkbyBtZXUgbsOtdmVsLiBFdSBxdWVyaWEgbWVzbW8gc2FpciBkYXF1aS4=,,W1BhdG9saW5vXQrCoVVodXV1dSEhISAKwqFHZW5pYWwhIApFc2UgYW1pZ28gcHVlZGUgaGFibGFyIGNvbW8geW8sIMK/dmVyZGFkPwpMb3MgcXVlIGFuZGFuIHBvciBhcXXDrSB0b2RhdsOtYSBubyBwdWVkZW4gaGFibGFyIMK/c29uIENhcGl0w6FuIEN1YWNzIGrDs3ZlbmVzPwpJcsOpLCB5YSBxdWUgaGF5IHVuIGNvbXBhw7Flcm8gQ2FwaXTDoW4gQ3VhYyBkZSBtaSBuaXZlbC4gClF1ZXLDrWEgaXJtZSBkZSB0b2RvcyBtb2Rvcy4=
c0lsDQ,,W0R1Y2tsaW5nXQpOb3csIHRha2UgbWUgd2l0aCB5b3Uu,,,,,W1BhdG9saW5kb10KQWdvcmEsIG1lIGxldmUgY29tIHZvY8OqLg==,,W1BhdG9saW5vXQpBaG9yYSwgbGzDqXZhbWUgY29udGlnby4=
dElsDQ,,W3swfV0KSSd2ZSByZXNjdWVkIHRoZSBEdWNrbGluZywgc28gbGV0J3MgZ28gYmFjayB0byBLaW5nZHVreS4=,,,,,W3swfV0KUmVzZ2F0ZWkgbyBQYXRvbGluZG8sIGVudMOjbyB2YW1vcyB2b2x0YXIgcGFyYSBvIENhcGl0w6NvIFF1YWMu,,W3swfV0KUmVzY2F0w6kgYWwgQ2FwaXTDoW4gQ3VhYywgYXPDrSBxdWUgdm9sdmFtb3MgY29uIENhcGl0w6FuIEN1YWMu
dUlsDQ,,W3swfV0KTGV0J3MgZ28gZmluZCBhbm90aGVyIER1Y2tsaW5nLg==,,,,,W3swfV0KVmFtb3MgZW5jb250cmFyIG91dHJvIFBhdG9saW5kby4=,,W3swfV0KVmFtb3MgYSBidXNjYXIgb3RybyBDYXBpdMOhbiBDdWFjLg==
dklsDQ,,W0R1Y2tsaW5nXQpJJ20gZ29pbmcgdG8gYmUgdGhlIGJlc3QuIEknbGwgYmVjb21lIHRoZSBiZXN0IGFuZCBjb25xdWVyIGV2ZXJ5dGhpbmcu,,,,,W1BhdG9saW5kb10KVm91IHNlciBvIG1lbGhvci4gVm91IG1lIHRvcm5hciBvIG1lbGhvciBlIGNvbnF1aXN0YXIgdHVkby4=,,W1BhdG9saW5vXQpWb3kgYSBzZXIgZWwgbWVqb3IuIApNZSBjb252ZXJ0aXLDqSBlbiBlbCBtZWpvciB5IGxvIGNvbnF1aXN0YXLDqSB0b2RvLg==
d0lsDQ,,SXMgdGhhdCB0aGUgRHVja2xpbmc/,,,,,w4kgYXF1ZWxlIFBhdG9saW5kbz8=,,wr9FcyBlc2UgZWwgQ2FwaXTDoW4gQ3VhYz8=
eElsDQ,,W0R1Y2tsaW5nXQpXaGF0IGRvIHlvdSB3YW50PyBBcmUgeW91IHRyeWluZyB0byBodXJ0IG1lIHRvbz8gQnJpbmcgaXQgb24hIEJ1dCBkb24ndCBicmluZyBpdCBvbiByaWdodCBub3cu,,,,,W1BhdG9saW5kb10KTyBxdWUgdm9jw6ogcXVlcj8gVm9jw6ogZXN0w6EgdGVudGFuZG8gbWUgbWFjaHVjYXIgdGFtYsOpbT8gVmVuaGEhIE1hcyBuw6NvIHZlbmhhIGFnb3JhLg==,,W1BhdG9saW5vXQrCv1F1w6kgcXVpZXJlcz8Kwr9UYW1iacOpbiBlc3TDoXMgdHJhdGFuZG8gZGUgbGFzdGltYXJtZT8KwqFWYW1vcyEgClBlcm8gbm8gYWhvcmEgbWlzbW8u
eUlsDQ,,WW91ciBjb21yYWRlcyBhcmUgd2FpdGluZy4=,,,,,U2V1cyBjYW1hcmFkYXMgZXN0w6NvIGVzcGVyYW5kby4=,,VHVzIGNhbWFyYWRhcyB0ZSBlc3BlcmFuLg==
eklsDQ,,W0R1Y2tsaW5nXQpDb21yYWRlcz8gSXMgdGhhdCBjb21yYWRlIGFzIHN0cm9uZyBhcyBtZT8gSWYgc28sIEknbGwgZ28uIFRoaXMgcGxhY2UgaXMgdG9vIHdlYWsgZm9yIG1lLg==,,,,,W1BhdG9saW5kb10KQ2FtYXJhZGFzPyBFc3NlIGNhbWFyYWRhIMOpIHTDo28gZm9ydGUgcXVhbnRvIGV1PyBTZSBmb3IsIGV1IHZvdS4gRXN0ZSBsdWdhciDDqSBmcmFjbyBkZW1haXMgcGFyYSBtaW0u,,W1BhdG9saW5vXQrCv0NhbWFyYWRhcz8gCsK/RXNlIGNhbWFyYWRhIGVzIHRhbiBmdWVydGUgY29tbyB5bz8gClNpIGVzIGFzw60sIGlyw6kuIApFc3RlIGx1Z2FyIGVzIGRlbWFzaWFkbyBkw6liaWwgcGFyYSBtw60u
e0lsDQ,,W0R1Y2tsaW5nXQpXaGF0IGFtIEkuLi4gV2hlcmUgaXMgdGhpcyBwbGFjZS4uLg==,,,,,W1BhdG9saW5kb10KTyBxdWUgZXUgc291Li4uIE9uZGUgw6kgZXN0ZSBsdWdhci4uLg==,,W1BhdG9saW5vXQrCv1F1w6kgc295Li4uPyAKwr9Ew7NuZGUgZXN0w6EgZXN0ZSBsdWdhci4uLj8=
fElsDQ,,WW91J2xsIGZpbmQgb3V0IGlmIHlvdSBjb21lIHdpdGggbWUu,,,,,Vm9jw6ogdmFpIGRlc2NvYnJpciBzZSB2aWVyIGNvbWlnby4=,,TG8gZGVzY3Vicmlyw6FzIHNpIHZpZW5lcyBjb25taWdvLg==
fUlsDQ,,W0R1Y2tsaW5nXQpZb3Ugc3RhcnRsZWQgbWUuIFdoZXJlIGFyZSB5b3UgZ29pbmc/,,,,,W1BhdG9saW5kb10KVm9jw6ogbWUgYXNzdXN0b3UuIFBhcmEgb25kZSB2b2PDqiBlc3TDoSBpbmRvPw==,,W1BhdG9saW5vXQpNZSBhc3VzdGFzdGUuIArCv0EgZMOzbmRlIHZhcz8=
fklsDQ,,VG8gd2hlcmUgeW91ciBjb21yYWRlcyBhcmUu,,,,,UGFyYSBvbmRlIHNldXMgY2FtYXJhZGFzIGVzdMOjby4=,,RG9uZGUgZXN0w6FuIHR1cyBjYW1hcmFkYXMu
f0lsDQ,,W0R1Y2tsaW5nXQpXaG9vb2EhISEgQ29tcmFkZXMhIEkga25ldyBJIHdhcyBhIGNob3NlbiBEdWNrbGluZyEgSSBrbmV3IEkgd2FzIHNwZWNpYWwh,,,,,W1BhdG9saW5kb10KVWh1dXVsISEhIENhbWFyYWRhcyEgRXUgc2FiaWEgcXVlIGVyYSB1bSBQYXRvbGluZG8gZXNjb2xoaWRvISBFdSBzYWJpYSBxdWUgZXJhIGVzcGVjaWFsIQ==,,W1BhdG9saW5vXQrCoVVodXV1dSEhISAKwqFDYW1hcmFkYXMhIArCoVNhYsOtYSBxdWUgZXJhIHVuIENhcGl0w6FuIEN1YWMgZWxlZ2lkbyEgCsKhU2Fiw61hIHF1ZSBlcmEgZXNwZWNpYWwh
gElsDQ,,W0R1Y2tsaW5nXQpJJ2xsIGdvISBJJ2xsIGRlZmluaXRlbHkgZ28h,,,,,W1BhdG9saW5kb10KRXUgdm91ISBDb20gY2VydGV6YSB2b3Uh,,W1BhdG9saW5vXQrCoUlyw6khCsKhRGVmaW5pdGl2YW1lbnRlIGlyw6kh
gUlsDQ,,W0R1Y2tsaW5nXQpTb2IuLi4gVGhpcyBwbGFjZSBpcyBzY2FyeS4gSXMgdGhpcyB3aGF0IHRoZSB3b3JsZCBpcyBhbHdheXMgbGlrZT8=,,,,,W1BhdG9saW5kb10KU25pZi4uLiBFc3RlIGx1Z2FyIMOpIGFzc3VzdGFkb3IuIE8gbXVuZG8gw6kgZGVzc2UgamVpdG8gc2VtcHJlPw==,,W1BhdG9saW5vXQpTb2IuLi4gRXN0ZSBsdWdhciBkYSBtaWVkby4gCsK/QXPDrSBlcyBzaWVtcHJlIGVsIG11bmRvPw==
gklsDQ,,W0R1Y2tsaW5nXQpFeGN1c2UgbWUhIENhbiB5b3UgaGVhciBtZT8gV2hlcmUgaXMgZXZlcnlvbmUgZ29pbmc/,,,,,W1BhdG9saW5kb10KQ29tIGxpY2Vuw6dhISBWb2PDqiBwb2RlIG1lIG91dmlyPyBQYXJhIG9uZGUgdG9kbyBtdW5kbyBlc3TDoSBpbmRvPw==,,W1BhdG9saW5vXQrCoURpc2N1bHBlISAKwr9QdWVkZSBvw61ybWU/IArCv0EgZMOzbmRlIHZhIHRvZG8gZWwgbXVuZG8/
g0lsDQ,,W0R1Y2tsaW5nXQpJJ20gc2NhcmVkLiBIb2xkIG1lLg==,,,,,W1BhdG9saW5kb10KRXN0b3UgY29tIG1lZG8uIE1lIGFicmFjZS4=,,W1BhdG9saW5vXQpUZW5nbyBtaWVkby4gCkFicsOhemFtZS4=
hElsDQ,,RHVja2xpbmchIEkgd2FzIGxvb2tpbmcgZm9yIHlvdSE=,,,,,UGF0b2xpbmRvISBFdSBlc3RhdmEgcHJvY3VyYW5kbyBwb3Igdm9jw6oh,,wqFbUGF0b2xpbm9dISDCoVRlIGVzdGFiYSBidXNjYW5kbyE=
hUlsDQ,,W0R1Y2tsaW5nXQpXaHkgbWU/,,,,,W1BhdG9saW5kb10KUG9yIHF1ZSBldT8=,,W1BhdG9saW5vXQrCv1BvciBxdcOpIHlvPw==
hklsDQ,,VG8gdGFrZSB5b3UgdG8gd2hlcmUgeW91ciBjb21yYWRlcyBhcmUu,,,,,UGFyYSB0ZSBsZXZhciBwYXJhIG9uZGUgc2V1cyBjYW1hcmFkYXMgZXN0w6NvLg==,,UGFyYSBsbGV2YXJ0ZSBkb25kZSBlc3TDoW4gdHVzIGNhbWFyYWRhcy4=
h0lsDQ,,W0R1Y2tsaW5nXQpNeSBjb21yYWRlcz8gSXQncyBub3Qgc2NhcnkgdGhlcmUsIHJpZ2h0PyBUaGVuIEknbGwgZ28u,,,,,W1BhdG9saW5kb10KTWV1cyBjYW1hcmFkYXM/IE7Do28gw6kgYXNzdXN0YWRvciBsw6EsIGNlcnRvPyBFbnTDo28gZXUgdm91Lg==,,W1BhdG9saW5vXQrCv01pcyBjYW1hcmFkYXM/IApBbGzDrSBubyBkYSBtaWVkbywgwr92ZXJkYWQ/IApFbnRvbmNlcyBpcsOpLg==
