ICvBBw,,QWR2YW5jZSBQYXJ0eQ==,,,,,UmViZWxkZQ==,,UmViZWxkZQ==
ISvBBw,,W0FkdmFuY2UgUGFydHldCkl0J3MgZGFuZ2Vyb3VzIGZvciB5b3UgdG8gYmUgaGVyZS4gRXZlbiB0aG9zZSB3aXRoIHBsZW50eSBvZiBleHBlcmllbmNlIGZpbmQgdGhpcyBwbGFjZSByaXNreS4gUGxlYXNlIGNvbWUgYmFjayBhbm90aGVyIHRpbWUu,,,,,W01lbWJybyBkYSBSZWJlbGnDo29dCsOJIHBlcmlnb3NvIGVzdGFyIGVtIHVtIGx1Z2FyIGNvbW8gZXN0ZSwgbWVzbW8gcGFyYSBwZXNzb2FzIGV4cGVyaWVudGVzLiBQb3IgZmF2b3IsIHNhaWEu,,W01pZW1icm8gZGUgbGEgUmViZWxpw7NuXQpFcyBwZWxpZ3Jvc28gZXN0YXIgZW4gdW4gbHVnYXIgY29tbyBlc3RlLCBpbmNsdXNvIHBhcmEgcGVyc29uYXMgZXhwZXJpbWVudGFkYXMuIFBvciBmYXZvciwgcmV0w61yZW5zZS4=
IivBBw,,W1dvcmtlcl0KU28gZ2V0IG91dCBvZiBoZXJlIG5vdyE=,,,,,W1RyYWJhbGhhZG9yXQpTYWlhbSBkYXF1aSBhZ29yYSE=,,W1RyYWJhamFkb3JdCsKhU2FsZ2FuIGRlIGFxdcOtIGFob3JhIQ==
IyvBBw,,SGV5LCBPbmUhIFRoaW5ncyBoYXZlIGJlZW4gdW5sdWNreSBzaW5jZSBNb3JuaW5nIQ==,,,,,QWNvcmRlaSBjb20gbyBww6kgZXNxdWVyZG8h,,wqFNZSBsZXZhbnTDqSBjb24gZWwgcGllIGl6cXVpZXJkbyE=
JCvBBw,,V2h5IGlzIGl0IHNvIG5vaXN5Pw==,,,,,UXVlIGdyaXRhcmlhIMOpIGVzc2E/,,wr9RdcOpIGVzIHRvZG8gZXN0ZSBhbGJvcm90bz8=
JSvBBw,,TG9va3MgbGlrZSB0aGVzZSBndXlzIGFyZSB0aGUgb25lcyB3ZSB3ZXJlIHRhbGtpbmcgYWJvdXQu,,,,,RGV2ZW0gc2VyIGFxdWVsZXMgY2FyYXMu,,RGViZW4gZGUgc2VyIGVzb3MgdGlwb3Mu
JivBBw,,W1dvcmtlcl0KV2hhdCBhcmUgdGhvc2UgR3Vuc2xpbmdlcnMgZG9pbmcgaGVyZSwgY2F1c2luZyBzdWNoIGNoYW9zIQ==,,,,,W1RyYWJhbGhhZG9yXQpPcyBpbnN1cmdlbnRlcyBkYSBSZWJlbGnDo28gdmllcmFtIGZhemVyIGFsZ2F6YXJyYS4=,,W1RyYWJhamFkb3JdCkxvcyBpbnN1cmdlbnRlcyBkZSBsYSBSZWJlbGnDs24gdmluaWVyb24gYSBhcm1hciBlc2PDoW5kYWxvLg==
JyvBBw,,SXQncyBhIGNvbXBsZXRlIG1lc3Mh,,,,,UXVlIGJhZ3Vuw6dhIQ==,,wqFRdcOpIGRlc29yZGVuIQ==
KCvBBw,,W0FkdmFuY2UgUGFydHldCkV2ZXJ5b25lLCBwbGVhc2UgZG9u4oCZdCBkbyB0aGlzLiBXZeKAmXJlIG5vdCBoZXJlIHRvIGhhcm0geW91Lg==,,,,,W01lbWJybyBkYSBSZWJlbGnDo29dClBlc3NvYWwsIGFjYWxtZW0tc2UuIE7Ds3MgbsOjbyB2aWVtb3MgcGFyYSBwcmVqdWRpY8OhLWxvcy4=,,W01pZW1icm8gZGUgbGEgUmViZWxpw7NuXQpUcmFucXVpbG9zLCB0b2Rvcy4gTm8gaGVtb3MgdmVuaWRvIGEgcGVyanVkaWNhcmxvcy4=
KSvBBw,,VGhvc2UgZ3V5cz8gR2V0IG91dCBvZiBoZXJlLCBub3ch,,,,,U8OjbyBlbGVzPyBTYWlhbSBkYXF1aSE=,,wr9Tb24gZWxsb3M/IMKhRnVlcmEgZGUgYXF1w60h
KivBBw,,V2h5IGFyZSB5b3UgbWFraW5nIGEgbWVzcyBpbiBzb21lb25lIGVsc2UncyBob3VzZT8=,,,,,Vm9jw6pzIGVzdMOjbyBpbnZhZGluZG8h,,wqFFc3TDoW4gaW52YWRpZW5kbyE=
KyvBBw,,U2hvdWxkIEkgbG9hZCBtb3JlPw==,,,,,RGV2ZXLDrWFtb3MgY2hhbWFyIG9zIG91dHJvcz8=,,wr9EZWJlcsOtYW1vcyBsbGFtYXIgYSBsb3MgZGVtw6FzPw==
LCvBBw,,WW91IGNhbid0IGdvIGFueSBmdXJ0aGVyIGZyb20gaGVyZSE=,,,,,Vm9jw6pzIG7Do28gdsOjbyBhdmFuw6dhciBtYWlzIQ==,,wqFObyB2YW4gYSBhdmFuemFyIG3DoXMh
LSvBBw,,W1dvcmtlcl0KT2YgY291cnNlIG5vdC4gV2XigJlyZSBub3QganVzdCBnb2luZyB0byBzaXQgYmFjayBhbmQgbGV0IGl0IGhhcHBlbi4=,,,,,W1RyYWJhbGhhZG9yXQpDbGFybyBxdWUgbsOjbyB2w6NvLiBOw7NzIG7Do28gdmFtb3MgZGVpeGFyIQ==,,W1RyYWJhamFkb3JdCsKhQ2xhcm8gcXVlIG5vISDCoU5vIGxvIHBlcm1pdGlyZW1vcyE=
LivBBw,,SSdtIHN0YW5kaW5nIGhlcmUgd2lkZSBhd2FrZSB3aXRoIG15IGV5ZXMgd2lkZSBvcGVuIQ==,,,,,U8OzIHNvYnJlIG8gbm9zc28gY2Fkw6F2ZXIh,,wqFTb2JyZSBudWVzdHJvIGNhZMOhdmVyIQ==
LyvBBw,,W0FkdmFuY2UgUGFydHldCkFuIGVtb3Rpb25hbCBhdHRpdHVkZSB3b24ndCBiZSBoZWxwZnVsIGluIGFueSB3YXku,,,,,W01lbWJybyBkYSBSZWJlbGnDo29dClBvciBmYXZvciwgdm9jw6pzIG7Do28gZXN0w6NvIHJhY2lvY2luYW5kbyBkaXJlaXRvLCBpc3NvIG7Do28gdmFpIGFqdWRhciB2b2PDqnMu,,W01pZW1icm8gZGUgbGEgUmViZWxpw7NuXQpQb3IgZmF2b3IsIG5vIGVzdMOhbiBwZW5zYW5kbyBjb24gY2xhcmlkYWQuIEVzdG8gbm8gbG9zIGF5dWRhcsOhLg==
MCvBBw,,W1dvcmtlcl0KQXJlIHlvdSB0aHJlYXRlbmluZyBtZSByaWdodCBub3c/,,,,,W1RyYWJhbGhhZG9yXQpWb2PDqiBlc3TDoSBub3Mgb2ZlbmRlbmRvIGFnb3JhPw==,,W1RyYWJhamFkb3JdCsK/QWhvcmEgbm9zIGVzdMOhcyBpbnN1bHRhbmRvPw==
MSvBBw,,VGhpcyB3b24ndCBkby4gSXQganVzdCB3b24ndCB3b3JrLg==,,,,,UHJlY2lzYW1vcyBmYXplciBhbGdvIQ==,,wqFUZW5lbW9zIHF1ZSBoYWNlciBhbGdvIQ==
MivBBw,,V2hhdCdzIGdvaW5nIG9uPw==,,,,,TyBxdWUgdMOhIGFjb250ZWNlbmRvPw==,,wr9RdcOpIGVzdMOhIHBhc2FuZG8/
MyvBBw,,W0FkdmFuY2UgUGFydHldCkFoISBJ4oCZbSBzYXZlZCEgQWR2ZW50dXJlciEgSGF2ZSB0aGUgb3RoZXJzIG5vdCBhcnJpdmVkIHlldD8=,,,,,W01lbWJybyBkYSBSZWJlbGnDo29dCkFpbmRhIGJlbSBxdWUgdm9jw6ogYXBhcmVjZXUsIHZpYWphbnRlISBDYWTDqiBvcyBvdXRyb3M/,,W01pZW1icm8gZGUgbGEgUmViZWxpw7NuXQrCoU1lbm9zIG1hbCBxdWUgYXBhcmVjaXN0ZSwgdHJvdGFtdW5kb3MhIMK/RMOzbmRlIGVzdMOhbiBsb3Mgb3Ryb3M/
NCvBBw,,V2hhdCwgZGlkIHdlIGtpbGwgc29tZW9uZSBvciBzb21ldGhpbmc/,,,,,T3V0cm9zPz8/,,wr9PdHJvcz8=
NSvBBw,,SSBhcnJpdmVkIGZpcnN0Li4u,,,,,Q2hlZ3VlaSBwcmltZWlyby4uLg==,,TGxlZ3XDqSBwcmltZXJvLi4u
NivBBw,,W0FkdmFuY2UgUGFydHldCkkgc2VudCBzb21lb25lIHRvIGJyaW5nIHRoZSBwZXJzb24gaW4gY2hhcmdlLCBidXQgaXQgc2VlbXMgdGhleSBnb3QgbG9zdCBhbG9uZyB0aGUgd2F5LiBXZSBhcmUgdGhlIEFkdmFuY2UgUGFydHksIGhlcmUgdG8gZXhwbG9yZSBhbmQgc2VjdXJlIHRoaXMgYXJlYeKAlGFzIHlvdSBjYW4gc2VlLCB0aGVzZSBwZW9wbGUgYXJlIHdpdGggbWUu,,,,,W01lbWJybyBkYSBSZWJlbGnDo29dClNvdSBwYXJ0ZSBkbyBncnVwbyBkZSBhdmFuw6dvIGVudmlhZG8gcGFyYSBjb25mZXJpciBlc3NlIGx1Z2FyLCBtYXMgY29tbyB2b2PDqiBwb2RlIHZlciwgdGVtIGVzc2FzIHBlc3NvYXMgYcOtLg==,,W01pZW1icm8gZGUgbGEgUmViZWxpw7NuXQpGb3JtbyBwYXJ0ZSBkZWwgZ3J1cG8gZGUgYXZhbmNlIGVudmlhZG8gYSByZXZpc2FyIGVzdGUgbHVnYXIsIHBlcm8gY29tbyBwdWVkZXMgdmVyLCBlc3TDoW4gZXN0YXMgcGVyc29uYXMu
NyvBBw,,V2hvIGFyZSB0aGVzZSBwZW9wbGU/,,,,,UXVlbSBzw6NvIGVzc2FzIHBlc3NvYXM/,,wr9RdWnDqW5lcyBzb24gZXN0YXMgcGVyc29uYXM/
OCvBBw,,WW91IHJlYWxseSBkb24ndCBrbm93IHdobyB3ZSBhcmUsIGRvIHlvdT8=,,,,,RWxlcyBuw6NvIHNhYmVtIHF1ZW0gc29tb3Mu,,Tm8gc2FiZW4gcXVpw6luZXMgc29tb3Mu
OSvBBw,,QWgsIGhvbGQgb24gYSBzZWNvbmQuIExldCdzIHNlZSB3aGF0IHRoZXkncmUgc2F5aW5nLg==,,,,,U2hoLiBWYW1vcyBzw7Mgb3V2aXIu,,U2hoLiBFc2N1Y2hlbW9zLg==
OivBBw,,W1dvcmtlcl0KSXMgdGhpcyBwZXJzb24gdGhlIHN1cGVydmlzb3I/,,,,,W1RyYWJhbGhhZG9yXQpWb2PDqiBlc3TDoSBubyBjb21hbmRvPw==,,W1RyYWJhamFkb3JdCsK/VMO6IGVzdMOhcyBhbCBtYW5kbz8=
OyvBBw,,SXQgZG9lc24ndCBsb29rIHRoYXQgd2F5IHRvIG1lLg==,,,,,RXUgZHV2aWRvLg==,,TG8gZHVkby4=
PCvBBw,,W1dvcmtlcl0KSSBkb24ndCB0aGluayBzby4gWW91IGxvb2sgYSBiaXQgbmFpdmUu,,,,,W1RyYWJhbGhhZG9yXQpUYW1iw6ltIGR1dmlkby4gTsOjbyBwYXJlY2UgY2FwYXogbmVtIGRlIHBlZ2FyIHVtYSBlbnhhZGEu,,W1RyYWJhamFkb3JdCllvIHRhbWJpw6luIGxvIGR1ZG8uIE5vIHBhcmVjZXMgY2FwYXogbmkgZGUgYWdhcnJhciB1bmEgYXphZGEu
PSvBBw,,WWVhaCwgdGhhdCdzIHJpZ2h0LiBMb29rcyBsaWtlIEkgd29uJ3QgZXZlbiBiZSBhYmxlIHRvIGdldCBhIG1lYWwgYW55d2hlcmUu,,,,,TmVtIGNhcGF6IGRlIHRyYWJhbGhhciBhcXVpLg==,,TmkgZGUgdHJhYmFqYXIgYXF1w60u
PivBBw,,W0FkdmFuY2UgUGFydHldClRoZXNlIGFyZSB0aGUgXjAwMDBDRHBlb3BsZSB3aG8gdXNlZCB0byB3b3JrIGhlcmVeMDAwMDAwLiBCdXQgYXMgeW91IGNhbiBzZWUsIHRoZXkncmUgbm90IGV2ZW4gYXJtZWQuLi4=,,,,,W01lbWJybyBkYSBSZWJlbGnDo29dCkVzc2FzIHBlc3NvYXMgXjAwMDBDRGNvc3R1bWFtIHRyYWJhbGhhciBhcXVpXjAwMDAwMC4gQ29tbyB2b2PDqiBwb2RlIHZlciwgZWxlcyBlc3TDo28gZGVzYXJtYWRvcy4uLg==,,W01pZW1icm8gZGUgbGEgUmViZWxpw7NuXQpFc3RhcyBwZXJzb25hcyBeMDAwMENEc3VlbGVuIHRyYWJhamFyIGFxdcOtXjAwMDAwMC4gQ29tbyBwdWVkZXMgdmVyLCBlc3TDoW4gZGVzYXJtYWRhcy4uLg==
PyvBBw,,W0FkdmFuY2UgUGFydHldClRoZXkgcmVhbGx5IGRvbuKAmXQga25vdyBhbnl0aGluZy4gVGhleSB3ZXJlIGp1c3Qgb2RkLWpvYiB3b3JrZXJzIGRvaW5nIG1lbmlhbCB0YXNrcyBhdCB0aGUgXjAwMDBDRGxhYm9yYXRvcnleMDAwMDAwLCBidXQgd2hlbiB3ZSB0cmllZCB0byBlbnRlciwgdGhleSBibG9ja2VkIG91ciB3YXku,,,,,W01lbWJybyBkYSBSZWJlbGnDo29dClPDo28gcGVzc29hcyBxdWUgcmVhbG1lbnRlIG7Do28gc2FiZW0gZGUgbmFkYS4gU8OjbyB0cmFiYWxoYWRvcmVzIGNvbXVucyBmYXplbmRvIHRhcmVmYXMgXjAwMDBDRHBlbG8gbGFib3JhdMOzcmlvXjAwMDAwMCBxdWUgbsOjbyBkZWl4YW0gYSBnZW50ZSBlbnRyYXIu,,W01pZW1icm8gZGUgbGEgUmViZWxpw7NuXQpTb24gcGVyc29uYXMgcXVlIHJlYWxtZW50ZSBubyBzYWJlbiBuYWRhLiBTb24gdHJhYmFqYWRvcmVzIGNvbXVuZXMgcmVhbGl6YW5kbyB0YXJlYXMgXjAwMDBDRHBhcmEgZWwgbGFib3JhdG9yaW9eMDAwMDAwIHF1ZSBubyBub3MgZGVqYSBlbnRyYXIu
QCvBBw,,W1dvcmtlcl0KV2hvIGFyZSB5b3UgY2FsbGluZyBhIG1lbmlhbCB3b3JrZXIgZG9pbmcgb2RkIGpvYnM/,,,,,W1RyYWJhbGhhZG9yXQpBIGdlbnRlICduw6NvIHNhYmUgZGUgbmFkYScgc29icmUgcXXDqj8=,,W1RyYWJhamFkb3JdCsK/UXVlICcnbm8gc2FiZW1vcyBuYWRhJycgZGUgcXXDqT8=
QSvBBw,,Tm8gd2F5LCBpdOKAmXMgbm90IGxpa2Ugd2UgZG9u4oCZdCBrbm93IHdoYXTigJlzIGdvaW5nIG9uIQ==,,,,,VHJhYmFsaGFkb3IgY29tdW0/IQ==,,wr9UcmFiYWphZG9yZXMgY29tdW5lcz8=
QivBBw,,RGlkIHlvdSBqdXN0IHRlbGwgdXMgdG8gZG8gdGhlIGdydW50IHdvcms/,,,,,RWxlIG5vcyBjaGFtb3UgZGUgaWdub3JhbnRlPw==,,wr9Ob3MgbGxhbcOzIGlnbm9yYW50ZXM/
QyvBBw,,W1dvcmtlcl0KV2h5IGFyZSB5b3UganVkZ2luZyBzb21lb25lIGVsc2UncyB3b3JrPyBEb24ndCB5b3Uga25vdyB0aGF0IG5vIGpvYiBpcyBiZW5lYXRoIGFub3RoZXI/,,,,,W1RyYWJhbGhhZG9yXQpRdWVtIMOpIHZvY8OqIHBhcmEgZGVzZGVuaGFyIGRvIG5vc3NvIHRyYWJhbGhvPyBUb2RvIHRyYWJhbGhhZG9yIHRlbSBzZXUgdmFsb3Iu,,W1RyYWJhamFkb3JdCsK/UXVpw6luIGVyZXMgdMO6IHBhcmEgbWVub3NwcmVjaWFyIG51ZXN0cm8gdHJhYmFqbz8gVG9kbyB0cmFiYWphZG9yIHRpZW5lIHN1IHZhbG9yLg==
RCvBBw,,VGhleSdyZSBqdXN0IGEgYnVuY2ggb2Ygc2NvdW5kcmVscyE=,,,,,QmFiYWNhcyE=,,wqFJZGlvdGFzIQ==
RSvBBw,,V2hvIHRhdWdodCB5b3UgdGhhdD8=,,,,,SW5zZW5zw612ZWlzIQ==,,wqFJbnNlbnNpYmxlcyE=
RivBBw,,W1dvcmtlcl0KVGhleSBtdXN0IGJlIGlnbm9yYW50IGZvb2xzIHdpdGggbm8gbWFubmVycy4=,,,,,W1RyYWJhbGhhZG9yXQpWb2PDqnMgw6kgcXVlbSBzw6NvIGlnbm9yYW50ZXMu,,W1RyYWJhamFkb3JdCsKhTG9zIGlnbm9yYW50ZXMgc29uIHVzdGVkZXMh
RyvBBw,,WWVhaCwgaXQncyBvYnZpb3VzIGp1c3QgYnkgbG9va2luZyBhdCBtZS4=,,,,,VG90YWxtZW50ZS4=,,VG90YWxtZW50ZS4=
SCvBBw,,W1dvcmtlcl0KV2VsbCwgdGhhdCdzIGp1c3QgaG93IEd1bnNsaW5nZXJzIGFyZSE=,,,,,W1RyYWJhbGhhZG9yXQpPIHF1ZSBlc3BlcmFyIGRvcyByZWJlbGRlcyBkYSBSZWJlbGnDo28sIG7DqT8h,,W1RyYWJhamFkb3JdCsK/UXXDqSBzZSBwdWVkZSBlc3BlcmFyIGRlIGxvcyByZWJlbGRlcyBkZSBsYSBSZWJlbGnDs24sIGVoPw==
SSvBBw,,RXZlbiB0aGUga2lkIG5leHQgZG9vciB3YXMgYWx3YXlzIHBsYXlpbmcgYXJvdW5kIHdpdGggYSB0b3kgZ3VuLCBtYWtpbmcgbG91ZCBub2lzZXMsIGFuZCBjYXVzaW5nIGFsbCBzb3J0cyBvZiB0cm91YmxlIQ==,,,,,U8OjbyBtZWxpYW50ZXMh,,wqFTb24gdW5vcyBkZWxpbmN1ZW50ZXMh
SivBBw,,W0FkdmFuY2UgUGFydHldCk5vLCBzZXJpb3VzbHksIGVub3VnaCBpcyBlbm91Z2ghIEkgd2FzIHRyeWluZyB0byBnbyBlYXN5IG9uIHlvdSBiZWNhdXNlIHlvdSBsb29rZWQgbGlrZSBhIGNpdmlsaWFuIQ==,,,,,W01lbWJybyBkYSBSZWJlbGnDo29dCkFnb3JhIGNoZWdhISBFdSBlc3RhdmEgdGVudGFuZG8gc2VyIGVkdWNhZG8gY29tIHZvY8OqcyBwb3Igc2VyZW0gY2l2aXMu,,W01pZW1icm8gZGUgbGEgUmViZWxpw7NuXQrCoVlhIGJhc3RhISBFc3RhYmEgaW50ZW50YW5kbyBzZXIgZWR1Y2FkbyBjb24gdXN0ZWRlcyBwb3Igc2VyIGNpdmlsZXMu
SyvBBw,,W1dvcmtlcl0KT3Igd2hhdD8gV2hhdCBhcmUgeW91IGdvaW5nIHRvIGRvIGFib3V0IGl0PyBBcmUgeW91IGdvaW5nIHRvIHNob290PyBHbyBhaGVhZCwgc2hvb3Qh,,,,,W1RyYWJhbGhhZG9yXQpFIG8gcXVlIHZvY8OqIHZhaSBmYXplcj8gVm9jw6ogdmFpIGF0aXJhcj8gQXRpcmUh,,W1RyYWJhamFkb3JdCsK/WSBxdcOpIHZhcyBhIGhhY2VyPyDCv0Rpc3BhcmFyPyDCoURpc3BhcmEh
TCvBBw,,SWYgeW91IGtlZXAgaXQgdXAsIEkgbWlnaHQganVzdCBoaXQgeW91LiBIdWg/,,,,,U2ltLCBhdGlyZSBlbSBuw7NzIQ==,,wqFTw60sIGRpc3DDoXJhbm9zIQ==
TSvBBw,,RG8gd2UgcmVhbGx5IGhhdmUgdG8gcHV0IHVwIHdpdGggdGhhdCBhZnRlciBzZWVpbmcgaXQ/,,,,,VmFpIHRlciBiYWxhIHBhcmEgdG9kbyBtdW5kbz8=,,wr9IYWJyw6EgYmFsYXMgcGFyYSB0b2Rvcz8=
TivBBw,,V2h5IGFyZSB5b3UgYmxvY2tpbmcgdGhlIHdheT8=,,,,,UG9yIHF1ZSBlc3TDo28gYmxvcXVlYW5kbyBhIGVudHJhZGE/,,wr9Qb3IgcXXDqSBlc3TDoW4gYmxvcXVlYW5kbyBsYSBlbnRyYWRhPw==
TyvBBw,,W1dvcmtlcl0KV2h5IGRvIHlvdSBhc2s/IElmIGl0IHdlcmUgeW91LCB3b3VsZCB5b3UganVzdCBzdGFuZCBieSBhbmQgd2F0Y2ggYSBidXJnbGFyIGJyZWFrIGludG8geW91ciBob3VzZSBhbmQgdHJhc2ggdGhlIHBsYWNlPyBUaGVzZSBwZW9wbGUgYmFyZ2VkIGluIG91dCBvZiBub3doZXJlIGFuZCB0dXJuZWQgZXZlcnl0aGluZyB1cHNpZGUgZG93biE=,,,,,W1RyYWJhbGhhZG9yXQpBaW5kYSBwZXJndW50YT8gVm9jw6ogZGVpeGFyaWEgYmFuZGlkb3MgZW50cmFyZW0gbmEgc3VhIGNhc2E/IEVzc2VzIGNhcmFzIHZpZXJhbSBwYXJhIHR1bXVsdHVhciBlc3NlIGx1Z2FyIQ==,,W1RyYWJhamFkb3JdCsK/VG9kYXbDrWEgcHJlZ3VudGFzPyDCv0RlamFyw61hcyBxdWUgYmFuZGlkb3MgZW50cmVuIGEgdHUgY2FzYT8gwqFFc3RvcyB0aXBvcyB2aW5pZXJvbiBhIGNhdXNhciBwcm9ibGVtYXMh
UCvBBw,,VGhhdCdzIHJpZ2h0LiBUaGlzIGlzIGFic29sdXRlIGNoYW9zIQ==,,,,,RXhhdG8h,,wqFFeGFjdG8h
USvBBw,,W1dvcmtlcl0KVGhhdCdzIHJpZ2h0ISBEbyB5b3UgdGhpbmsgeW91IGNhbiBqdXN0IGJhcmdlIGludG8gc29tZW9uZSBlbHNlJ3Mgd29ya3BsYWNlPyBObyB3YXkhIEdldCBvdXQhIEdldCBvdXQgcmlnaHQgbm93ISBEbyB5b3UgZXZlbiBrbm93IHdoZXJlIHlvdSBhcmU/,,,,,W1RyYWJhbGhhZG9yXQpWb2PDqiBuw6NvIHBvZGUgc2ltcGxlc21lbnRlIGVudHJhciBubyBsb2NhbCBkZSB0cmFiYWxobyBkZSB1bWEgcGVzc29hISBTYWlhbSEgU2FpYW0gYWdvcmEh,,W1RyYWJhamFkb3JdCsKhTm8gcHVlZGVuIHNpbXBsZW1lbnRlIGVudHJhciBhbCBsdWdhciBkZSB0cmFiYWpvIGRlIGFsZ3VpZW4hIMKhRnVlcmEhIMKhRnVlcmEgYWhvcmEh
UivBBw,,SSBqdXN0IHJhbiBvdXQgb2Ygd29yayEgV2hhdCBhcmUgeW91IGdvaW5nIHRvIGRvIGFib3V0IGl0Pw==,,,,,RXN0YW1vcyBwZXJkZW5kbyB0ZW1wbyE=,,wqFFc3RhbW9zIHBlcmRpZW5kbyB0aWVtcG8h
UyvBBw,,W0FkdmFuY2UgUGFydHldCkl0IHNlZW1zIHlvdeKAmXJlIG5vdCBhd2FyZSwgYnV0IHRoaXMgcGxhY2UgaXMgYSBeMDAwMENEbGFib3JhdG9yeSB3aGVyZSBpbGxlZ2FsIGV4cGVyaW1lbnRzXjAwMDAwMCB3ZXJlIGNvbmR1Y3RlZC4gV2XigJlyZSBoZXJlIHVuZGVyIHRoZSBjb29wZXJhdGlvbiBvZiB0aGUgZ292ZXJubWVudCBhbmQgUmVrZW5iZXIgdG8gYXJyZXN0IHRob3NlIGludm9sdmVkIGluIHRoZXNlIGlsbGVnYWwgZXhwZXJpbWVudHMh,,,,,W01lbWJybyBkYSBSZWJlbGnDo29dCkNhc28gbsOjbyBzYWliYW0sIF4wMDAwQ0Rpc3NvIMOpIHVtIGxhYm9yYXTDs3JpbyBjbGFuZGVzdGlub14wMDAwMDAuIFZpZW1vcyBwcmVuZGVyIGNyaW1pbm9zb3MgcXVlIGZhemVtIGV4cGVyaW1lbnRvcyBpbGVnYWlzLiBFbSBub21lIGRhIFByZXNpZMOqbmNpYSBkYSBSZXDDumJsaWNhIGUgZGEgQ29ycG9yYcOnw6NvIFJla2VuYmVyIQ==,,W01pZW1icm8gZGUgbGEgUmViZWxpw7NuXQpQb3Igc2kgbm8gbG8gc2FiZW4sIF4wMDAwQ0Rlc3RvIGVzIHVuIGxhYm9yYXRvcmlvIGNsYW5kZXN0aW5vXjAwMDAwMC4gVmluaW1vcyBhIGFycmVzdGFyIGNyaW1pbmFsZXMgcXVlIHJlYWxpemFuIGV4cGVyaW1lbnRvcyBpbGVnYWxlcy4gwqFFbiBub21icmUgZGUgbGEgUHJlc2lkZW5jaWEgZGUgbGEgUmVww7pibGljYSB5IGRlIGxhIENvcnBvcmFjacOzbiBSZWtlbmJlciE=
VCvBBw,,W1dvcmtlcl0KV2hhdD8gV2h5IGRvIHlvdSBrZWVwIGNhbGxpbmcgaXQgYW4gaWxsZWdhbCBleHBlcmltZW50PyBEb2VzIHRoaXMgcGxhY2UgbG9vayBsaWtlIHNvbWV3aGVyZSBpbGxlZ2FsIGV4cGVyaW1lbnRzIHdlcmUgY29uZHVjdGVkPw==,,,,,W1RyYWJhbGhhZG9yXQpIw6M/IFZvY8OqIGFjaGEgcXVlIGVzdGFtb3MgZmF6ZW5kbyBleHBlcmltZW50b3MgaWxlZ2Fpcz8gTyBxdWUgdGUgZmF6IGFjaGFyIHF1ZSBpc3NvIGFxdWkgw6kgY2xhbmRlc3Rpbm8/,,W1RyYWJhamFkb3JdCsK/RWg/IMK/Q3JlZXMgcXVlIGFxdcOtIGhhY2Vtb3MgZXhwZXJpbWVudG9zIGlsZWdhbGVzPyDCv1F1w6kgdGUgaGFjZSBwZW5zYXIgcXVlIGVzdG8gZXMgY2xhbmRlc3Rpbm8/
VSvBBw,,V2hhdCBkbyB5b3UgbWVhbiB3ZSBkb24ndCBrbm93Pw==,,,,,U8OjbyB2b2PDqnMgcXVlIG7Do28gc2FiZW0gZGFzIGNvaXNhcyE=,,wqFVc3RlZGVzIG5vIHNhYmVuIG5hZGEh
VivBBw,,WWVhaCwgcmlnaHQuIFdobydzIHRoZSBvbmUgd2hvIGFjdHVhbGx5IGRvZXNuJ3Qga25vdyBhbnl0aGluZz8=,,,,,TsOjbyBzYWJlbSBuYWRhIQ==,,wqFObyBzYWJlbiBuYWRhIQ==
VyvBBw,,W0FkdmFuY2UgUGFydHldCldoYXQgdGhleeKAmXJlIHNheWluZyBkb2VzIG1ha2Ugc2Vuc2XigJRsb29raW5nIGFyb3VuZCBoZXJlLCBpdOKAmXMgaGFyZCB0byBiZWxpZXZlIHRoYXQgc29tZXRoaW5nIGFzIGhvcnJpYmxlIGFzIGlsbGVnYWwgZXhwZXJpbWVudHMgZXZlciB0b29rIHBsYWNlLg==,,,,,W01lbWJybyBkYSBSZWJlbGnDo29dCkV1IG7Do28gcG9zc28gYWNyZWRpdGFyIG5vIHF1ZSBlc3NhcyBwZXNzb2FzIGVzdMOjbyBkaXplbmRvLiBPbGhlIHBhcmEgZXN0ZSBsdWdhciEgQ29pc2FzIHRlcnLDrXZlaXMsIGNvbW8gZXhwZXJpbWVudG9zIGlsZWdhaXMsIGFjb250ZWNlcmFtLg==,,W01pZW1icm8gZGUgbGEgUmViZWxpw7NuXQpObyBwdWVkbyBjcmVlciBsbyBxdWUgZGljZW4gZXN0YXMgcGVyc29uYXMuIMKhTWlyZW4gZXN0ZSBsdWdhciEgQXF1w60gb2N1cnJpZXJvbiBjb3NhcyB0ZXJyaWJsZXMsIGNvbW8gZXhwZXJpbWVudG9zIGlsZWdhbGVzLg==
WCvBBw,,Q29tZSB0byB0aGluayBvZiBpdCwgd2hhdCBhYm91dCB0aGF0IG1hbnNpb24/,,,,,QWxpw6FzLCBlIGFxdWVsYSBtYW5zw6NvIGFsaT8=,,UG9yIGNpZXJ0bywgwr95IGVzYSBtYW5zacOzbiBkZSBhbGzDrT8=
WSvBBw,,W0FkdmFuY2UgUGFydHldCknigJltIG5vdCBzdXJlIHdoYXQgdGhhdCBtYW5zaW9uIGlzLCBidXQgaXTigJlzIGNsZWFyIHRoZXkgd2VyZSBwbGFubmluZyB0byB1c2UgaXQuIFRoZXkgaGFkIHNldCB1cCBjYW1wIHJpZ2h0IGluIGZyb250IG9mIHRoZSBtYW5zaW9uLg==,,,,,W01lbWJybyBkYSBSZWJlbGnDo29dCk7Do28gc2FiZW1vcyBeMDAwMENEcXVlIE1hbnPDo28gw6kgYXF1ZWxhXjAwMDAwMCwgbWFzIGRldmUgdGVyIHVtIHByb3DDs3NpdG8uIEVzc2FzIHBlc3NvYXMgZXN0w6NvIGFjYW1wYWRhcyBuYSBmcmVudGUgZGEgbWFuc8Ojby4=,,W01pZW1icm8gZGUgbGEgUmViZWxpw7NuXQpObyBzYWJlbW9zIF4wMDAwQ0RxdcOpIG1hbnNpw7NuIGVzIGVzYV4wMDAwMDAsIHBlcm8gZGViZSB0ZW5lciB1biBwcm9ww7NzaXRvLiBFc3RhcyBwZXJzb25hcyBlc3TDoW4gYWNhbXBhbmRvIGZyZW50ZSBhIGxhIG1hbnNpw7NuLg==
WivBBw,,Tm93IHRoZXkncmUgZXZlbiBzZXR0aW5nIHRoZWlyIHNpZ2h0cyBvbiB0aGUgbWFuc2lvbi4=,,,,,Vm9jw6pzIG5lbSBzYWJlbSBkZSBxdWVtIMOpIGEgbWFuc8OjbyE=,,wqFOaSBzaXF1aWVyYSBzYWJlbiBkZSBxdWnDqW4gZXMgbGEgbWFuc2nDs24h
WyvBBw,,SSBkb24ndCBzZWUgYW55IFJlc2VhcmNoZXJzIGFyb3VuZC4=,,,,,TsOjbyB2ZWpvIGNpZW50aXN0YXMgY29tIGVsZXMu,,Tm8gdmVvIGNpZW50w61maWNvcyBjb24gZWxsb3Mu
XCvBBw,,W0FkdmFuY2UgUGFydHldClRoZXkgcHJvYmFibHkgbm90aWNlZCBeMDAwMENEIGFuZCBlc2NhcGVkIGludG8gdGhhdCBtYW5zaW9uXjAwMDAwMC4=,,,,,W01lbWJybyBkYSBSZWJlbGnDo29dClRhbHZleiBlbGVzIHRlbmhhbSBub3MgdmlzdG8gXjAwMDBDRGUgZnVnaXJhbSBwYXJhIGEgbWFuc8Ojb14wMDAwMDAu,,W01pZW1icm8gZGUgbGEgUmViZWxpw7NuXQpUYWwgdmV6IG5vcyB2aWVyb24gXjAwMDBDRHkgaHV5ZXJvbiBoYWNpYSBsYSBtYW5zacOzbl4wMDAwMDAu
XSvBBw,,SG93IGRpZCB5b3UgZXZlbiBrbm93IHRoYXQgUmVzZWFyY2hlciB3YXMgdGhlcmU/,,,,,Q29tbyBzYWJpYW0gcXVlIGFxdWkgdGluaGEgY2llbnRpc3Rhcz8=,,wr9Dw7NtbyBzYWLDrWFuIHF1ZSBhcXXDrSBoYWLDrWEgY2llbnTDrWZpY29zPw==
XivBBw,,V2FpdCwgbm93IHRoYXQgSSB0aGluayBhYm91dCBpdCwgd2hlcmUgZGlkIGV2ZXJ5b25lIGdvPw==,,,,,w4kgbWVzbW8uLi4gZSBjYWTDqiBlbGVzPw==,,RXMgdmVyZGFkLi4uIMK/eSBkw7NuZGUgZXN0w6FuPw==
XyvBBw,,VGhleSdsbCBwcm9iYWJseSBzaG93IHVwIHdoZW4gaXQncyB0aW1lIHRvIGVhdC4=,,,,,RWxlcyBzw7MgYXBhcmVjZW0gcGFyYSBjb21lci4=,,U29sbyBhcGFyZWNlbiBwYXJhIGNvbWVyLg==
YCvBBw,,W0FkdmFuY2UgUGFydHldCkp1ZGdpbmcgYnkgdGhlaXIgYXBwZWFyYW5jZSwgdGhlc2UgcGVvcGxlIHdlcmUgaW4gY2hhcmdlIG9mIHRyYW5zcG9ydGluZyBtYXRlcmlhbHMsIHdvcmtpbmcgb24gZmFybSBjaG9yZXMsIGNsZWFuaW5nLCBkb2luZyBsYXVuZHJ5LCBhbmQgdGhlcmUgYXJlIGFsc28gc29tZSBsb3ctbGV2ZWwgUmVzZWFyY2hlcnMgd2hvIGRvbuKAmXQgc2VlbSB0byBrbm93IGFueXRoaW5nLg==,,,,,W01lbWJybyBkYSBSZWJlbGnDo29dCkp1bGdhbmRvIHBlbGEgYXBhcsOqbmNpYSwgZXNzYXMgcGVzc29hcyB0cmFiYWxoYW0gZW0gcGxhbnRhw6fDo28sIGxpbXBlemEsIGxhdmFnZW0gZGUgcm91cGEsIG1hbnV0ZW7Dp8Ojby4uLiBzw6NvIGRlIGJhaXhhIGluc3RydcOnw6NvLg==,,W01pZW1icm8gZGUgbGEgUmViZWxpw7NuXQpQb3Igc3UgYXBhcmllbmNpYSwgZXN0YXMgcGVyc29uYXMgdHJhYmFqYW4gZW4gcGxhbnRhY2lvbmVzLCBsaW1waWV6YSwgbGF2YWRvIGRlIHJvcGEsIG1hbnRlbmltaWVudG8uLi4gdGllbmVuIHBvY2EgZWR1Y2FjacOzbi4=
YSvBBw,,W0FkdmFuY2UgUGFydHldCkp1ZGdpbmcgYnkgdGhlIHNpZ25zIG9mIGhhc3RpbHkgcGFja2VkIGJlbG9uZ2luZ3MsIGl0IHNlZW1zIHRoYXQgdGhlIHBlb3BsZSBhbmQgc3VwcGxpZXMgbGVmdCBiZWhpbmQgaGVyZSBhcmUgcHJvYmFibHkgdGhvc2UgY29uc2lkZXJlZCBleHBlbmRhYmxlLg==,,,,,W01lbWJybyBkYSBSZWJlbGnDo29dCk91dHJvcyBub3MgdmlyYW0gZSBmdWdpcmFtLCBkZWl4YW5kbyBwcmEgdHLDoXMgdG9kb3MgZXNzZXMgbWF0ZXJpYWlzIGRlIGxhYm9yYXTDs3Jpby4gTG9nbywgaXNzbyBuw6NvIGVyYSBpbXBvcnRhbnRlIHBhcmEgZWxlcyBsZXZhcmVtIGp1bnRvLg==,,W01pZW1icm8gZGUgbGEgUmViZWxpw7NuXQpPdHJvcyBub3Mgdmllcm9uIHkgaHV5ZXJvbiwgZGVqYW5kbyBhdHLDoXMgdG9kbyBlc3RlIG1hdGVyaWFsIGRlIGxhYm9yYXRvcmlvLiBQb3IgbG8gdGFudG8sIG5vIGVyYSBpbXBvcnRhbnRlIHBhcmEgZWxsb3MgbGxldsOhcnNlbG8u
YivBBw,,W1dvcmtlcl0KSGV5LCB3aGF0IGhhdmUgeW91IGJlZW4gc2F5aW5nIGFib3V0IHVzIHRoaXMgd2hvbGUgdGltZT8=,,,,,W1RyYWJhbGhhZG9yXQpQb3IgcXVlIGVsZSBmaWNhIGZhbGFuZG8gZGUgbsOzcyBkZXNzZSBqZWl0bz8=,,W1RyYWJhamFkb3JdCsK/UG9yIHF1w6kgaGFibGEgZGUgbm9zb3Ryb3MgYXPDrT8=
YyvBBw,,U29tZW9uZSB5b3UgY2FuIGp1c3QgbGVhdmUgYmVoaW5kPyBJIGhlYXJkIHRoYXQgbG91ZCBhbmQgY2xlYXIh,,,,,QmFpeGEgaW5zdHJ1w6fDo28/IQ==,,wr9CYWphIGVkdWNhY2nDs24/
ZCvBBw,,W1dvcmtlcl0KV2hhdD8gQXJlIHdlIGp1c3QgdHJhc2ggdG8gYmUgdGhyb3duIGF3YXk/,,,,,W1RyYWJhbGhhZG9yXQpWb2PDqiBhY2hhIHF1ZSBuw6NvIHNvbW9zIGNhcGF6ZXMgcG9yIG7Do28gdGVybW9zIGVzdHVkb3M/,,W1RyYWJhamFkb3JdCsK/Q3JlZXMgcXVlIG5vIHNvbW9zIGNhcGFjZXMgcG9yIG5vIHRlbmVyIGVzdHVkaW9zPw==
ZSvBBw,,V2hhdCwgYXJlIHdlIHRyYXNoIG9yIHNvbWV0aGluZz8=,,,,,TsOzcyBzb21vcyBpbXBvcnRhbnRlcyE=,,wqFTb21vcyBpbXBvcnRhbnRlcyE=
ZivBBw,,W1dvcmtlcl0KVGhlIFJlc2VhcmNoZXJzIGxpa2UgdXMgc28gbXVjaCEgVGhleSBjYW4ndCBkbyB3aXRob3V0IHVzIQ==,,,,,W1RyYWJhbGhhZG9yXQpPcyBjaWVudGlzdGFzIGFtYW0gYSBnZW50ZSEgRWxlcyBuw6NvIGZhcmlhbSBuYWRhIHNlbSBuw7NzIQ==,,W1RyYWJhamFkb3JdCsKhTG9zIGNpZW50w61maWNvcyBub3MgYXByZWNpYW4hIMKhTm8gaGFyw61hbiBuYWRhIHNpbiBub3NvdHJvcyE=
ZyvBBw,,VGhhdCdzIHJpZ2h0ISBXaXRob3V0IHVzLCB0aGUgbGFib3JhdG9yeSB3b3VsZG4ndCBmdW5jdGlvbiE=,,,,,TyBsYWJvcmF0w7NyaW8gbsOjbyBmdW5jaW9uYXJpYSBzZW0gbsOzcyE=,,wqFFbCBsYWJvcmF0b3JpbyBubyBmdW5jaW9uYXLDrWEgc2luIG5vc290cm9zIQ==
aCvBBw,,W1dvcmtlcl0KR2V0IG91dCByaWdodCBub3chIFRoaXMgaXMgdGhlIFJla2VuYmVyIExhYm9yYXRvcnkhIFlvdSdyZSB0cmVzcGFzc2luZyBvbiBwcml2YXRlIHByb3BlcnR5IQ==,,,,,W1RyYWJhbGhhZG9yXQpTYWlhbSBhZ29yYSEgRXN0ZSBsYWJvcmF0w7NyaW8gw6kgZGEgUmVrZW5iZXIhIFZvY8OqcyBlc3TDo28gaW52YWRpbmRvIHVtYSBwcm9wcmllZGFkZSBwcml2YWRhIQ==,,W1RyYWJhamFkb3JdCsKhU2FsZ2FuIGFob3JhISDCoUVzdGUgbGFib3JhdG9yaW8gZXMgZGUgUmVrZW5iZXIhIMKhRXN0w6FuIGludmFkaWVuZG8gcHJvcGllZGFkIHByaXZhZGEh
aSvBBw,,SSd2ZSBoYWQgZW5vdWdoIG9mIGxpc3RlbmluZyB0byB0aGlz4oCUSSBjYW4ndCB0YWtlIGl0IGFueW1vcmUh,,,,,SW52YXNvcmVzIQ==,,wqFJbnZhc29yZXMh
aivBBw,,W0FkdmFuY2UgUGFydHldCldoYXQgc2hvdWxkIHdlIGRvPyBJIG1lYW4sIHdlIGNvdWxkIHN1cHByZXNzIHRoZW0gaWYgd2UgaGFkIHRvLCBidXQgd2UgY2Fu4oCZdCB1c2UgZm9yY2UgYWdhaW5zdCB1bmFybWVkIGNpdmlsaWFucyB3aG8gZG9u4oCZdCBrbm93IGFueXRoaW5nLCBhbmQgd2UgZG9u4oCZdCBldmVuIGhhdmUgd2VhcG9ucy4=,,,,,W01lbWJybyBkYSBSZWJlbGnDo29dCkUgYWdvcmE/IEV1IG7Do28gcXVlcm8gdXNhciBhIGZvcsOnYSBjb250cmEgY2l2aXMgZGVzYXJtYWRvcyBxdWUgbsOjbyBzYWJlbSBkZSBuYWRhLg==,,W01pZW1icm8gZGUgbGEgUmViZWxpw7NuXQrCv1kgYWhvcmEgcXXDqT8gTm8gcXVpZXJvIHVzYXIgbGEgZnVlcnphIGNvbnRyYSBjaXZpbGVzIGRlc2FybWFkb3MgcXVlIG5vIHNhYmVuIG5hZGEu
ayvBBw,,V2hhdCBkbyB5b3UgbWVhbiwgd2hhdCBzaG91bGQgeW91IGRvPyBHZXQgb3V0IHJpZ2h0IG5vdyE=,,,,,U2FpYW0gYWdvcmEh,,wqFGdWVyYSBhaG9yYSE=
bCvBBw,,SSB3aWxsIG5ldmVyIGhhcm0geW91Lg==,,,,,UGVzc29hbCwgbsOzcyB2aWVtb3MgZW0gcGF6,,R2VudGUsIHZlbmltb3MgZW4gcGF6Lg==
bSvBBw,,W1dvcmtlcl0KV2h5IHNob3VsZCB3ZSBiYWNrIGRvd24/IFlvdeKAmXJlIHRoZSBpbnRydWRlcnMgaGVyZSE=,,,,,W1RyYWJhbGhhZG9yXQpFbSBwYXogdW1hIG92YSEgVm9jw6pzIHPDo28gaW52YXNvcmVzIQ==,,W1RyYWJhamFkb3JdCsKhwr9FbiBwYXo/ISDCoU5vIG1lIGhhZ2FuIHJlw61yISDCoVVzdGVkZXMgc29uIGludmFzb3JlcyE=
bivBBw,,WW91ciB2ZXJ5IGV4aXN0ZW5jZSBpcyBhIHRocmVhdCE=,,,,,TsOjbyBkZXZlcmlhbSBlc3RhciBhcXVpIQ==,,wqFObyBkZWJlcsOtYW4gZXN0YXIgYXF1w60h
byvBBw,,QWxyaWdodCwgYnJpbmcgaXQgb24uIEnigJltIGdvaW5nIHRvIHNldHRsZSB0aGlzIG9uY2UgYW5kIGZvciBhbGwgdG9kYXkh,,,,,RXN0w6NvIGFtZWHDp2FuZG8gYSBnZW50ZSE=,,wqFOb3MgZXN0w6FuIGFtZW5hemFuZG8h
cCvBBw,,W1dvcmtlcl0KU2F5aW5nIHRoYXQgbm8gb25lIHdpbGwgZ2V0IGh1cnQganVzdCBtZWFucyB5b3UnbGwgc2hvb3QgaWYgdGhpbmdzIGdvIHdyb25nIQ==,,,,,W1RyYWJhbGhhZG9yXQpRdWFuZG8gdm9jw6ogZGl6IHF1ZSB2ZWlvIGVtIHBheiwgc2lnbmlmaWNhIHF1ZSBlc3TDoSB0ZW5kbyB1bWEgZ3VlcnJhIQ==,,W1RyYWJhamFkb3JdCsKhQ3VhbmRvIGRpY2VzIHF1ZSB2aWVuZXMgZW4gcGF6LCBzaWduaWZpY2EgcXVlIGhheSB1bmEgZ3VlcnJhIQ==
cSvBBw,,RGlkIHlvdSB0aGluayB3ZeKAmWQganVzdCBzaXQgYmFjayBhbmQgZG8gbm90aGluZz8=,,,,,VW1hIGd1ZXJyYSBjb250cmEgbsOzcyE=,,wqFVbmEgZ3VlcnJhIGNvbnRyYSBub3NvdHJvcyE=
civBBw,,W0FkdmFuY2UgUGFydHldClNoYWxsIHdlIGp1c3QgcHVzaCBmb3J3YXJkPw==,,,,,W01lbWJybyBkYSBSZWJlbGnDo29dClBlcmRpIGEgcGFjacOqbmNpYS4uLiBldSB2b3UgcGFzc2FyIHBvciBjaW1hLg==,,W01pZW1icm8gZGUgbGEgUmViZWxpw7NuXQpQZXJkw60gbGEgcGFjaWVuY2lhLi4uIHZveSBhIHBhc2FyIHBvciBlbmNpbWEu
cyvBBw,,SnVzdCBjb21lIGhlcmUhIEnigJlsbCBzaG93IHlvdSEhIFNlcmlvdXNseSEh,,,,,VmVtIG5vIHNvY28sIG1hbm8hIQ==,,wqFFbmZyw6ludGVubWUgc2kgc2UgYXRyZXZlbiE=
dCvBBw,,W1Rlc3NdCldoYXQgZG8geW91IG1lYW4gYnkgcHVzaGluZyBpbj8=,,,,,W1Rlc3NdClBhc3NhciBwb3IgY2ltYSBkZSBxdWVtPw==,,W1Rlc3NdCsK/UGFzYXIgcG9yIGVuY2ltYSBkZSBxdWnDqW4/
dSvBBw,,V2hhdD8gWW91IGNhbWUgYmFjayBmb3IgbW9yZT8=,,,,,TyBxdcOqPyBUZW0gbWFpcz8=,,wr9RdcOpPyDCv0hheSBtw6FzPw==
divBBw,,SXMgdGhpcyB0aGUgTWVldGluZyBTcXVhcmUgb3Igd2hhdD8=,,,,,Vmlyb3UgdW1hIHJldW5pw6NvLCBmb2k/,,wr9Fc3RvIHNlIHZvbHZpw7MgdW5hIHJldW5pw7NuPw==
dyvBBw,,VmljZSBQcmVzaWRlbnQhIFRlc3Mh,,,,,VmljZS1wcmVzaWRlbnRlISBUZXNzIQ==,,wqFWaWNlcHJlc2lkZW50ZSEgwqFUZXNzIQ==
eCvBBw,,W1dvcmtlcl0KV2h5IGRvIHBlb3BsZSBrZWVwIGNvbWluZyBpbiBub25zdG9wPyBHZXQgb3V0ISBJIHNhaWQsIGdldCBvdXQh,,,,,W1RyYWJhbGhhZG9yXQpQYXJlY2VtIGJhcmF0YXMhIEVzdMOjbyBhcGFyZWNlbmRvIHbDoXJpYXMgU2FpYW0hIFNhaWFtIQ==,,W1RyYWJhamFkb3JdCsKhUGFyZWNlbiBjdWNhcmFjaGFzISDCoVNpZ3VlbiBhcGFyZWNpZW5kbyEgwqFGdWVyYSEgwqFGdWVyYSE=
eSvBBw,,V2FpdCwgZGlkIEkganVzdCBoZWFyIHNvbWV0aGluZz8gQnUsIGJ1Li4uIHdoYXQgd2FzIHRoYXQ/,,,,,RXNwZXJlISBGYWxhcmFtLi4uVmljZT8=,,wqFFc3BlcmEhIMK/RGlqZXJvbi4uLiB2aWNlPw==
eivBBw,,W0FkdmFuY2UgUGFydHldClRoZXnigJlyZSBqdXN0IEVtcGxveWVlcyB3aG8gaGVscCBvdXQgYXQgdGhlIGxhYiBidXQgZG9u4oCZdCBrbm93IGFueXRoaW5nLiAKVGhleSB3b27igJl0IGJlbGlldmUgdXMgd2hlbiB3ZSB0ZWxsIHRoZW0gdGhpcyBwbGFjZSB3YXMgYW4gaWxsZWdhbCByZXNlYXJjaCBmYWNpbGl0eSwgYW5kIG5vdyB0aGV54oCZcmUgYmxvY2tpbmcgb3VyIHdheS4=,,,,,W01lbWJybyBkYSBSZWJlbGnDo29dCkVzc2VzIHPDo28gYXBlbmFzIG3Do28tZGUtb2JyYSBxdWUgbsOjbyB0w6ptIHJlbGHDp8OjbyBuZW5odW1hIGNvbSBvcyBleHBlcmltZW50b3MgaWxlZ2FpcyBkZXNzZSBsYWJvcmF0w7NyaW8u,,W01pZW1icm8gZGUgbGEgUmViZWxpw7NuXQpFc3RvcyBzb24gc29sbyBtYW5vIGRlIG9icmEgcXVlIG5vIHRpZW5lIG5pbmd1bmEgcmVsYWNpw7NuIGNvbiBsb3MgZXhwZXJpbWVudG9zIGlsZWdhbGVzIGRlIGVzdGUgbGFib3JhdG9yaW8u
eyvBBw,,W0theWFdCkkgc2VlLiBJJ2xsIHRyeSB0YWxraW5nIHRvIHRoZW0gbXlzZWxmLg==,,,,,W0theWFdCk9rLiBFdSB2b3UgZmFsYXIgY29tIGVsZXMu,,W0theWFdCkVzdMOhIGJpZW4uIFlvIGhhYmxhcsOpIGNvbiBlbGxvcy4=
fCvBBw,,W1dvcmtlcl0KV2hhdCBhcmUgeW91IHRhbGtpbmcgYWJvdXQsIHJlYWxseSEhIQ==,,,,,W1RyYWJhbGhhZG9yXQpGYWxhciBzb2JyZSBvIHF1w6o/ISEh,,W1RyYWJhamFkb3JdCsK/wqFIYWJsYXIgZGUgcXXDqSE/
fSvBBw,,V2UgaGF2ZSBub3RoaW5nIHRvIHRhbGsgYWJvdXQh,,,,,TsOjbyB0ZW1vcyBuYWRhIHBhcmEgY29udmVyc2FyIQ==,,wqFObyB0ZW5lbW9zIG5hZGEgcXVlIGhhYmxhciE=
fivBBw,,W0FkdmFuY2UgUGFydHldClNpbmNlIFZpY2UgUHJlc2lkZW50IHNhaWQgdGhleSB3b3VsZCB0YWxrLCBsZXQncyBoZWFyIHRoZW0gb3V0Lg==,,,,,W01lbWJybyBkYSBSZWJlbGnDo29dCk8gdmljZS1wcmVzaWRlbnRlIGRpc3NlIHF1ZSB2YWkgY29udmVyc2FyLCBlbnTDo28gdmFtb3Mgb3V2aXIu,,W01pZW1icm8gZGUgbGEgUmViZWxpw7NuXQpFbCB2aWNlcHJlc2lkZW50ZSBkaWpvIHF1ZSBoYWJsYXLDrWEsIGFzw60gcXVlIGVzY3VjaGVtb3Mu
fyvBBw,,W0FkdmFuY2UgUGFydHldCkRpZG4ndCBUZXNzIHN1Z2dlc3QgdGhhdCB3ZSBkaXNjdXNzIGEgY291bnRlcm1lYXN1cmU/,,,,,W01lbWJybyBkYSBSZWJlbGnDo29dClRlc3MgbsOjbyBub3MgZGlzc2UgcGFyYSBkaXNjdXRpciBtZWRpZGFzPw==,,W01pZW1icm8gZGUgbGEgUmViZWxpw7NuXQrCv05vIHN1Z2lyacOzIFRlc3MgcXVlIGRpc2N1dGFtb3MgdW5hIGNvbnRyYW1lZGlkYT8=
gCvBBw,,W0FkdmFuY2UgUGFydHldCkh1cnJ5IGFuZCBtb3ZlIHRvIHRoZSB0ZW1wb3JhcnkgYmFzZSE=,,,,,W01lbWJybyBkYSBSZWJlbGnDo29dClZhbW9zLCB2w6EgcGFyYSBhIGJhc2UgdGVtcG9yw6FyaWEh,,W01pZW1icm8gZGUgbGEgUmViZWxpw7NuXQrCoVZhbW9zLCB2YXlhbiBhIGxhIGJhc2UgdGVtcG9yYWwh
gSvBBw,,W0FkdmFuY2UgUGFydHldCkRvZXNuJ3QgaXQgbG9vayByZWFsbHkgcGVhY2VmdWwgaGVyZT8gCkkgY2FuIGhhcmRseSBiZWxpZXZlIHRoZSByZXBvcnRzLg==,,,,,W01lbWJybyBkYSBSZWJlbGnDo29dCk7Do28gcGFyZWNlIHTDo28gcGFjw61maWNvIGFxdWk/IE7Do28gcG9zc28gYWNyZWRpdGFyIG5vIHJlbGF0w7NyaW8u,,W01pZW1icm8gZGUgbGEgUmViZWxpw7NuXQrCv05vIHBhcmVjZSB0YW4gcGFjw61maWNvIGFxdcOtPyBObyBwdWVkbyBjcmVlciBlbCBpbmZvcm1lLg==
givBBw,,W0FkdmFuY2UgUGFydHldCkF0IHRoaXMgcmF0ZSwgd2Ugd29u4oCZdCBiZSBhYmxlIHRvIGdldCB0aHJvdWdoLiAKV2UgY2Fu4oCZdCBmb3JjZSBvdXIgd2F5IGluLCBlaXRoZXIuIApXaGF0IHNob3VsZCB3ZSBkbz8=,,,,,W01lbWJybyBkYSBSZWJlbGnDo29dCk7Do28gcG9kZW1vcyBlbnRyYXIgbmVzdGUgbW9tZW50by4gTyBxdWUgZGV2ZW1vcyBmYXplcj8=,,W01pZW1icm8gZGUgbGEgUmViZWxpw7NuXQpObyBwb2RlbW9zIGVudHJhciBlbiBlc3RlIG1vbWVudG8uIMK/UXXDqSBkZWJlbW9zIGhhY2VyPw==
gyvBBw,,W0FkdmFuY2UgUGFydHldCkRpZG7igJl0IHRoZSBWaWNlIFByZXNpZGVudCBmcm9tIFJla2VuYmVyIHNheSB0aGV5IHdvdWxkIHRyeSB0byBwZXJzdWFkZSB0aGVtPyAKV2hhdCBkbyB5b3UgdGhpbmsgdGhleeKAmWxsIHRhbGsgYWJvdXQ/IApXaWxsIHRoZXkgZXZlbiBiZSBhYmxlIHRvIGNvbW11bmljYXRlPw==,,,,,W01lbWJybyBkYSBSZWJlbGnDo29dCk8gdmljZS1wcmVzaWRlbnRlIGRlIFJla2VuYmVyIG7Do28gZGlzc2UgcXVlIHRlbnRhcmlhIGNvbnZlbmPDqi1sb3M/,,W01pZW1icm8gZGUgbGEgUmViZWxpw7NuXQrCv0VsIHZpY2VwcmVzaWRlbnRlIGRlIFJla2VuYmVyIG5vIGRpam8gcXVlIGludGVudGFyw61hIGNvbnZlbmNlcmxvcz8=
hCvBBw,,W0FkdmFuY2UgUGFydHldCkkga25ldyB3ZSB3b3VsZG4ndCBiZSBhYmxlIHRvIGNvbW11bmljYXRlLiAKSSB3b25kZXIgd2hhdCBjbGV2ZXIgcGxhbiBUZXNzIHdpbGwgY29tZSB1cCB3aXRoPyAKRm9yIHNvbWUgcmVhc29uLCBJIGZlZWwgbGlrZSB3ZSBjYW4gdHJ1c3QgdGhlbS4=,,,,,W01lbWJybyBkYSBSZWJlbGnDo29dCkNvbW8gZXNwZXJhZG8sIGV1IHBlbnNlaSBxdWUgc2VyaWEgZGlmw61jaWwgZmFsYXIuIFF1ZSB0aXBvIGRlIHRydXF1ZSBUZXNzIHZhaSBpbnZlbnRhcj8gRWxlIHBhcmVjZSBzZXIgdW1hIHBlc3NvYSBjb25macOhdmVsLg==,,W01pZW1icm8gZGUgbGEgUmViZWxpw7NuXQpDb21vIGVzcGVyYWJhLCBzYWLDrWEgcXVlIHNlcsOtYSBkaWbDrWNpbCBoYWJsYXIuIMK/UXXDqSB0cnVjbyBzZSBsZSBvY3Vycmlyw6EgYSBUZXNzPyDDiWwgcGFyZWNlIHVuYSBwZXJzb25hIGNvbmZpYWJsZS4=
hSvBBw,,W0FkdmFuY2UgUGFydHldClRoaXMgcGxhY2UgaXMgZGFuZ2Vyb3VzLiAKUGxlYXNlIG1vdmUgcXVpY2tseSE=,,,,,W01lbWJybyBkYSBSZWJlbGnDo29dCsOJIHBlcmlnb3NvIGFxdWkh,,W01pZW1icm8gZGUgbGEgUmViZWxpw7NuXQrCoUVzIHBlbGlncm9zbyBhcXXDrSE=
hivBBw,,W0FkdmFuY2UgUGFydHldCkl0IGxvb2tzIHNvIG5pY2UgaGVyZSwgaXQncyBoYXJkIHRvIGJlbGlldmUgdGhleSBjb25kdWN0ZWQgZXhwZXJpbWVudHMgaW4gdGhpcyBwbGFjZS4gCkkgYWxtb3N0IHdhbnQgdG8gbGl2ZSBoZXJlLg==,,,,,W01lbWJybyBkYSBSZWJlbGnDo29dCkVzc2UgbHVnYXIgw6kgYm9uaXRvLiBFdSB2aXZlcmlhIGFxdWku,,W01pZW1icm8gZGUgbGEgUmViZWxpw7NuXQpFc3RlIGx1Z2FyIGVzIGJvbml0by4gWW8gdml2aXLDrWEgYXF1w60u
hyvBBw,,V29ya2Vy,,,,,VHJhYmFsaGFkb3I=,,VHJhYmFqYWRvcg==
iCvBBw,,W1dvcmtlcl0KV2hvIHNhaWQgeW91IGNvdWxkIHNldCBmb290IGluIGhlcmU/,,,,,W1RyYWJhbGhhZG9yXQpDb21vIG91c2EgY29sb2NhciBvcyBww6lzIGFxdWk/,,W1RyYWJhamFkb3JdCsK/Q8OzbW8gdGUgYXRyZXZlcyBhIHBvbmVyIHVuIHBpZSBhcXXDrT8=
iSvBBw,,W1dvcmtlcl0KSXQgd2FzIHNvIG5vaXN5IHRoYXQgSSBjYW1lIG91dHNpZGXigJR3aGF0IG9uIGVhcnRoIGlzIGFsbCB0aGlzIGNvbW1vdGlvbj8=,,,,,W1RyYWJhbGhhZG9yXQpTYcOtIHBhcmEgdmVyIG8gdHVtdWx0by4gTyBxdWUgZXN0w6EgYWNvbnRlY2VuZG8/,,W1RyYWJhamFkb3JdClNhbMOtIGEgdmVyIGVsIGFsYm9yb3RvLiDCv1F1w6kgZXN0w6EgcGFzYW5kbz8=
iivBBw,,W1dvcmtlcl0KSGV5LCB3aGF0IGRvIHlvdSB0aGluayB5b3XigJlyZSBkb2luZz8gCldobyBzYWlkIHlvdSBjb3VsZCBqdXN0IGJhcmdlIGluIGhlcmU/IApOb3QgbGVhdmluZz8gCkdldCBvdXQsIG5vdyE=,,,,,W1RyYWJhbGhhZG9yXQpNYXMgbyBxdWUuLi4/IFZvY8OqIG7Do28gZGV2ZXJpYSBlc3RhciBhcXVpISBDYWkgZm9yYSEh,,W1RyYWJhamFkb3JdCsK/UGVybyBxdcOpLi4uPyDCoU5vIGRlYmVyw61hcyBlc3RhciBhcXXDrSEgwqFMw6FyZ2F0ZSE=
iyvBBw,,W1dvcmtlcl0KSSB3b25kZXIgaWYgdGhleSBkb27igJl0IGdldCB0aXJlZCBqdXN0IHN0YW5kaW5nIHRoZXJlIGFsbCB0aGUgdGltZS4gCkV2ZW4gd2hlbiBJIGFzayBpZiB0aGV5IG5lZWQgYW55dGhpbmcsIHRoZXkganVzdCBzYXkgbm8uIApUaGV54oCZdmUgZ290IG1vbnN0ZXIgc3RhbWluYS4=,,,,,W1RyYWJhbGhhZG9yXQpDb21vIGVsZXMgY29uc2VndWVtIGZpY2FyIGVtIHDDqSBvIGRpYSB0b2RvPyBEZXZlbSBzZXIgaW5jYW5zw6F2ZWlzLg==,,W1RyYWJhamFkb3JdCsK/Q8OzbW8gbG9ncmFuIG1hbnRlbmVyc2UgZGUgcGllIHRvZG8gZWwgZMOtYT8gRGViZW4gc2VyIGluY2Fuc2FibGVzLg==
jCvBBw,,W1dvcmtlcl0KSXQncyBteSBkYXkgb2ZmIHRvZGF54oCUd2hhdCdzIHdpdGggYWxsIHRoaXMgY29tbW90aW9uPyAKQXJlIHlvdSBnb2luZyB0byB0YWtlIHJlc3BvbnNpYmlsaXR5IGZvciB0aGlzPw==,,,,,W1RyYWJhbGhhZG9yXQpFc3NhIGJhZGVybmEgdG9kYSB0aW5oYSBxdWUgYWNvbnRlY2VyIGxvZ28gbm8gbWV1IGRpYSBkZSBmb2xnYT8=,,W1RyYWJhamFkb3JdCsK/VGVuw61hIHF1ZSBwYXNhciB0b2RvIGVzdGUgY2FvcyBqdXN0byBlbiBtaSBkw61hIGxpYnJlPw==
jSvBBw,,W1dvcmtlcl0KSWYgeW91IHNvIG11Y2ggYXMgc2V0IG9uZSBmb290IGluIGhlcmUsIHlvdSdsbCBnZXQgYSB0YXN0ZSBvZiBzb21ldGhpbmcgaG90ISE=,,,,,W1RyYWJhbGhhZG9yXQpOw6NvIHNlIGFwcm94aW1lIG91IGV1IGpvZ2FyZWkgYmFuaGEgcXVlbnRlIGVtIHZvY8OqISE=,,W1RyYWJhamFkb3JdCsKhTm8gdGUgYWNlcnF1ZXMgbyB0ZSBhcnJvamFyw6kgZ3Jhc2EgaGlydmllbmRvIQ==
jivBBw,,S2F5YSBUb3M=,,,,,S2F5YSBUb3Nz,,S2F5YSBUb3Nz
jyvBBw,,W0theWFdCldoYXQgaXMgdGhpcyBzdGFuZG9mZiBhYm91dD8gCldlIHNob3VsZCBoZWFyIGZyb20gQWR2YW5jZSBQYXJ0eS4=,,,,,W0theWFdCk8gcXVlIMOpIGVzc2UgY29uZnJvbnRvIGFnb3JhPyBWYW1vcyBvdXZpciBvIG1lbWJybyBkbyBncnVwbyBhdmFuw6dhZG8gZGEgUmViZWxpw6NvLg==,,W0theWFdCsK/UXXDqSBlcyBlc3RlIGVuZnJlbnRhbWllbnRvIGFob3JhPyBFc2N1Y2hlbW9zIGFsIG1pZW1icm8gZGVsIGdydXBvIGRlIGF2YW5jZSBkZSBsYSBSZWJlbGnDs24u
kCvBBw,,W0theWFdCkhlbGxvIGV2ZXJ5b25lLCBJIGFtIEtheWEgVG9zLCB0aGUgVmljZSBQcmVzaWRlbnQgb2YgUmVrZW5iZXIu,,,,,W0theWFdCk9sw6EgYSB0b2Rvcywgc291IEtheWEgVG9zcywgdmljZS1wcmVzaWRlbnRlIGRhIFJla2VuYmVyLg==,,W0theWFdCkhvbGEgYSB0b2Rvcy4gU295IEtheWEgVG9zcywgdmljZXByZXNpZGVudGUgZGUgUmVrZW5iZXIu
kSvBBw,,W1dvcmtlcl0KVmljZSBQcmVzaWRlbnQ/IApXaGF0IGRvIHlvdSBtZWFuLCBWaWNlIFByZXNpZGVudD8gCkFyZSB5b3UgbHlpbmcgYWdhaW4/,,,,,W1RyYWJhbGhhZG9yXQpWaWNlLXByZXNpZGVudGU/IFF1ZSB2aWNlLXByZXNpZGVudGU/IFZvY8OqIGVzdMOhIG1lbnRpbmRvIGRlIG5vdm8/,,W1RyYWJhamFkb3JdCsK/VmljZXByZXNpZGVudGU/IMK/UXXDqSB2aWNlcHJlc2lkZW50ZT8gwr9PdHJhIG1lbnRpcmE/
kivBBw,,SWYgdGhhdCdzIHRoZSBWaWNlIFByZXNpZGVudCwgdGhlbiBJJ20gdGhlIFByZXNpZGVudCE=,,,,,U2UgZXNzZSDDqSBvIHZpY2UtcHJlc2lkZW50ZSwgZXUgc291IG8gQmFmb23DqSE=,,wqFTaSBlc2UgZXMgZWwgdmljZXByZXNpZGVudGUsIHlvIHNveSBCYWZvbcOpIQ==
kyvBBw,,W1dvcmtlcl0KSHVoPyAKSSBrbm93IHRoYXQgcGVyc29uISAKS2F5YSBUb3MgVmljZSBQcmVzaWRlbnQuIApUaGF0J3Mgb3VyIGNvbXBhbnkncyBWaWNlIFByZXNpZGVudC4gCkkgc2F3IHRoZW0gYSBmZXcgdGltZXMgaW4gcGFzc2luZyB3aGVuIEkgd2FzIGF0IGhlYWRxdWFydGVycy4=,,,,,W1RyYWJhbGhhZG9yXQpIw6M/IEV1IGNvbmhlw6dvIGVzc2EgcGVzc29hISBLYXlhIFRvc3MuIMOJIG8gdmljZS1wcmVzaWRlbnRlIGRhIFJla2VuYmVyLiBFdSBvIHZpIGFsZ3VtYXMgdmV6ZXMgZW5xdWFudG8gZXN0YXZhIG5hIHNlZGUu,,W1RyYWJhamFkb3JdCsK/RWg/IMKhWW8gY29ub3pjbyBhIGVzYSBwZXJzb25hISBLYXlhIFRvc3MuIEVzIGVsIHZpY2VwcmVzaWRlbnRlIGRlIFJla2VuYmVyLiBMbyB2aSBhbGd1bmFzIHZlY2VzIGVuIGxhIHNlZGUu
lCvBBw,,V2hhdCwgcmVhbGx5PyBBcmUgeW91IHNlcmlvdXM/,,,,,TyBxdcOqPyBTw6lyaW8/,,wr9RdcOpPyDCv0VuIHNlcmlvPw==
lSvBBw,,W1dvcmtlcl0KQWgsIHJlYWxseT8gCkkgZGlkbid0IGtub3cgYmVjYXVzZSBJJ3ZlIG5ldmVyIHNlZW4gdGhlaXIgZmFjZS4=,,,,,W1RyYWJhbGhhZG9yXQpBaCDDqT8gRXUgbsOjbyBzYWJpYSBwb3JxdWUgbnVuY2EgdGluaGEgdmlzdG8gbyByb3N0byBkZWxlLg==,,W1RyYWJhamFkb3JdCsK/QWggc8OtPyBObyBsbyBzYWLDrWEgcG9ycXVlIG51bmNhIGhhYsOtYSB2aXN0byBzdSByb3N0cm8u
livBBw,,T2gsIG1lIHRvby4=,,,,,T2ggZXUgdGFtYsOpbS4=,,T2gsIHlvIHRhbXBvY28u
lyvBBw,,SXQncyBub3QgbGlrZSB3ZSBoYXZlIGFueSBidXNpbmVzcyBoZXJlLg==,,,,,TmVtIGV1Lg==,,WW8gdGFtcG9jby4=
mCvBBw,,W1dvcmtlcl0KV2h5IGRpZCBWaWNlIFByZXNpZGVudCBjb21lIGhlcmU/,,,,,W1RyYWJhbGhhZG9yXQpQb3IgcXVlIG8gdmljZS1wcmVzaWRlbnRlIHZlaW8gYXF1aT8=,,W1RyYWJhamFkb3JdCsK/UG9yIHF1w6kgZWwgdmljZXByZXNpZGVudGUgdmlubyBhcXXDrT8=
mSvBBw,,WWVhaCwgcmVhbGx5LiBXaHkgZGlkIHlvdSBjb21lIGhlcmU/,,,,,U2ltLiBQb3IgcXVlIHZvY8OqIHZlaW8/,,U8OtLCDCv3BvciBxdcOpIHZpbm8/
mivBBw,,W0theWFdCkFyZSB5b3UgYWxsIHRoZSBvbmVzIHdobyB3ZXJlIGhpcmVkIGJ5IFJla2VuYmVyIGFuZCB0aGVuIHRyYW5zZmVycmVkIGhlcmUgZHVlIHRvIHN0YWZmaW5nIGlzc3VlcyBhdCB0aGUgbmV3bHkgZXN0YWJsaXNoZWQgcmVzZWFyY2ggbGFiPw==,,,,,W0theWFdClRvZG9zIHZvY8OqcyBmb3JhbSBjb250cmF0YWRvcyBwZWxhIFJla2VuYmVyLCBtYXMgZm9yYW0gdHJhbnNmZXJpZG9zIHBhcmEgY8OhLCBjZXJ0bz8=,,W0theWFdClRvZG9zIHVzdGVkZXMgZnVlcm9uIGNvbnRyYXRhZG9zIHBvciBSZWtlbmJlciwgcGVybyBmdWVyb24gdHJhbnNmZXJpZG9zIGFxdcOtLCDCv2NvcnJlY3RvPw==
myvBBw,,W1dvcmtlcl0KVGhhdCdzIGNvcnJlY3Qu,,,,,W1RyYWJhbGhhZG9yXQpDb3JyZXRvLg==,,W1RyYWJhamFkb3JdCkNvcnJlY3RvLg==
nCvBBw,,V2hhdCBhcmUgeW91IHRyeWluZyB0byBzYXk/,,,,,SXNzbyBtZXNtby4=,,QXPDrSBlcy4=
nSvBBw,,W1dvcmtlcl0KVGhhdCdzIHJpZ2h0Lg==,,,,,W1RyYWJhbGhhZG9yXQpDZXJ0by4=,,W1RyYWJhamFkb3JdCkNvcnJlY3RvLg==
nivBBw,,VGhhdCdzIHJpZ2h0LCBidXQgd2h5Pw==,,,,,U2ltLCBwb3IgcXXDqj8=,,U8OtLCDCv3BvciBxdcOpPw==
nyvBBw,,W0theWFdCldoYXQgd2FzIHRoZSBwZXJzb24gaW4gYmx1ZSBkb2luZyBoZXJlPw==,,,,,W0theWFdClF1YWwgw6kgYSBmdW7Dp8OjbyBkZXNzZSB0cmFiYWxoYWRvciBjb20gY3VyYXRpdm9zIG5hcyBtw6Nvcz8=,,W0theWFdCsK/Q3XDoWwgZXMgbGEgZnVuY2nDs24gZGUgZXN0ZSB0cmFiYWphZG9yIGNvbiB2ZW5kYWplcyBlbiBsYXMgbWFub3M/
oCvBBw,,W1dvcmtlcl0KTWU/IEkuLi4gd2FzIGluIGNoYXJnZSBvZiBwcmVwYXJpbmcgbWVhbHMgZm9yIHRoZSB3b3JrZXJzIGhlcmUu,,,,,W1RyYWJhbGhhZG9yXQpFdT8gRXUgc291IHJlc3BvbnPDoXZlbCBwZWxhcyByZWZlacOnw7VlcyBkYXMgcGVzc29hcyBxdWUgdHJhYmFsaGFtIGFxdWku,,W1RyYWJhamFkb3JdCsK/WW8/IFNveSByZXNwb25zYWJsZSBkZSBsYXMgY29taWRhcyBkZSBsYXMgcGVyc29uYXMgcXVlIHRyYWJhamFuIGFxdcOtLg==
oSvBBw,,Q2FuJ3QgeW91IHRlbGwganVzdCBieSBsb29raW5nLi4uPw==,,,,,TWUgY29ydGVpIGRlc2Nhc2NhbmRvIGZydXRhLi4u,,TWUgY29ydMOpIHBlbGFuZG8gZnJ1dGEuLi4=
oivBBw,,W0theWFdCldobyBpcyB0aGUgcGVyc29uIG5leHQgdG8geW91Pw==,,,,,W0theWFdCkUgZXNzZSBxdWUgZXN0w6EgYW8gc2V1IGxhZG8/IFF1YWwgYSBmdW7Dp8Ojbz8=,,W0theWFdCsK/WSBlbCBxdWUgZXN0w6EgYSB0dSBsYWRvPyDCv0N1w6FsIGVzIHN1IGZ1bmNpw7NuPw==
oyvBBw,,W1dvcmtlcl0KSSB0cmFuc3BvcnRlZCBzY3JhcCBtYXRlcmlhbHMgYW5kIGV4cGVyaW1lbnRhbCBlcXVpcG1lbnQu,,,,,W1RyYWJhbGhhZG9yXQpFdSBjYXJyZWdhdmEgbWF0ZXJpYWlzIGRlIHN1Y2F0YSBlIGVxdWlwYW1lbnRvcyBkZSBsYWJvcmF0w7NyaW8u,,W1RyYWJhamFkb3JdCllvIGNhcmdhYmEgbWF0ZXJpYWxlcyBkZSBjaGF0YXJyYSB5IGVxdWlwb3MgZGUgbGFib3JhdG9yaW8u
pCvBBw,,QXJlIHlvdSBzdWRkZW5seSBpbnRyb2R1Y2luZyB5b3Vyc2VsZj8=,,,,,RWxlIHF1ZXIgY29uaGVjZXIgYSBnZW50ZS4=,,UXVpZXJlIGNvbm9jZXJub3Mu
pSvBBw,,W0theWFdCklmIGFueW9uZSBrbm93cyB3aGF0IGtpbmQgb2YgcmVzZWFyY2ggaXMgY29uZHVjdGVkIGhlcmUsIHBsZWFzZSByYWlzZSB5b3VyIGhhbmQu,,,,,W0theWFdCkxldmFudGUgYSBtw6NvIHF1ZW0gc2FiZSBxdWUgdGlwbyBkZSBwZXNxdWlzYXMgc8OjbyBmZWl0YXMgbmVzc2UgbHVnYXIu,,W0theWFdCkxldmFudGVuIGxhIG1hbm8gcXVpZW5lcyBzZXBhbiBxdcOpIHRpcG8gZGUgaW52ZXN0aWdhY2lvbmVzIHNlIHJlYWxpemFuIGFxdcOtLg==
pivBBw,,W1dvcmtlcl0KSG1tLi4uIFJlbmV3YWJsZSBlbmVyZ3ksIHlvdSBzYXk/,,,,,W1RyYWJhbGhhZG9yXQpFci4uLiBlbmVyZ2lhIHJlbm92w6F2ZWw/,,W1RyYWJhamFkb3JdCkVoLi4uIMK/ZW5lcmfDrWEgcmVub3ZhYmxlPw==
pyvBBw,,SGV5LCB0aGF0J3Mgbm90IHJpZ2h0Lg==,,,,,QWgsIG7Do28gw6kuLi4=,,QWgsIG5vIGVzLi4u
qCvBBw,,W1dvcmtlcl0KSSBrbm93ISBJc27igJl0IGl0IGFncmljdWx0dXJhbCByZXNlYXJjaD8=,,,,,W1RyYWJhbGhhZG9yXQpFdSBzZWkhIEFncmljdWx0dXJhISE=,,W1RyYWJhamFkb3JdCsKhWW8gc8OpISDCoUFncmljdWx0dXJhIQ==
qSvBBw,,SSBzYXcgeW91IGRvaW5nIGFsbCBzb3J0cyBvZiB0aGluZ3Mgd2l0aCBzdW5saWdodCwgZGlkbid0IEk/,,,,,VmkgZWxlcyB0cmFiYWxoYW5kbyBjb20gYSBsdXogZG8gc29sIQ==,,wqFMb3MgdmkgdHJhYmFqYW5kbyBjb24gbGEgbHV6IGRlbCBzb2wh
qivBBw,,W1dvcmtlcl0KSXQgc2VlbWVkIGxpa2UgbGl2ZXN0b2NrIHJlc2VhcmNoLiBTb21ldGltZXMgeW914oCZZCBzZWUgc3RyYW5nZSBiZWFzdHMgd2FuZGVyaW5nIGFyb3VuZC4=,,,,,W1RyYWJhbGhhZG9yXQpQYXJlY2UgcGVzcXVpc2EgdmV0ZXJpbsOhcmlhLiDDgHMgdmV6ZXMsIGEgZ2VudGUgdsOqIGFuaW1haXMgZXN0cmFuaG9zIHZhZ2FuZG8gcG9yIGHDrS4=,,W1RyYWJhamFkb3JdClBhcmVjZSBpbnZlc3RpZ2FjacOzbiB2ZXRlcmluYXJpYS4gQSB2ZWNlcyB2ZW1vcyBhbmltYWxlcyBleHRyYcOxb3Mgcm9uZGFuZG8u
qyvBBw,,VGhhdCdzIHJpZ2h0LiBJIHNhdyBpdCB0b28u,,,,,SXNzbyBtZXNtby4gRXUgdGFtYsOpbSB2aS4=,,RXNvIG1pc21vLiBZbyB0YW1iacOpbiB2aS4=
rCvBBw,,W0theWFdCkFsbCBvZiB5b3UgYXJlIGNhcnJ5aW5nIG91dCB5b3VyIGFzc2lnbmVkIHRhc2tzIGhlcmUsIHlldCB5b3UgaGF2ZSBubyBpZGVhIHdoYXQgdGhpcyBwbGFjZSBpcyByZWFsbHkgZm9yLiAKUGVyaGFwcywgaW4gYSB3YXksIHRoYXQncyBhY3R1YWxseSBhIGJsZXNzaW5nIGZvciB5b3Uu,,,,,W0theWFdClZvY8OqcyB0cmFiYWxoYW0gYXF1aSBlIG7Do28gc2FiZW0gbyBxdWUgZXNzZSBsdWdhciBmYXouIFRhbHZleiBzZWphIG1lbGhvciBxdWUgdm9jw6pzIG7Do28gc2FpYmFtLg==,,W0theWFdClRyYWJhamFuIGFxdcOtIHkgbm8gc2FiZW4gcXXDqSBoYWNlIGVzdGUgbHVnYXIuIFRhbCB2ZXogc2VhIG1lam9yIHF1ZSBubyBsbyBzZXBhbi4=
rSvBBw,,W0theWFdClRoaXMgaXMgYSBsYWJvcmF0b3J5IHdoZXJlIGlsbGVnYWwgZXhwZXJpbWVudHMsIHN0cmljdGx5IHByb2hpYml0ZWQgYnkgdGhlIGdvdmVybm1lbnQgYW5kIGNvcnBvcmF0aW9ucywgd2VyZSBjb25kdWN0ZWQu,,,,,W0theWFdCkVzdGUgw6kgdW0gbGFib3JhdMOzcmlvIGNsYW5kZXN0aW5vIHF1ZSByZWFsaXphIGV4cGVyaW1lbnRvcyBpbGVnYWlzIGUgYW50acOpdGljb3MsIHF1ZSBzw6NvIGVzdHJpdGFtZW50ZSBwcm9pYmlkb3MgcGVsbyBnb3Zlcm5vcyBlIHBlbGEgY29ycG9yYcOnw6NvLg==,,W0theWFdCkVzdGUgZXMgdW4gbGFib3JhdG9yaW8gY2xhbmRlc3Rpbm8gcXVlIHJlYWxpemEgZXhwZXJpbWVudG9zIGlsZWdhbGVzIHkgcG9jbyDDqXRpY29zLCBlc3RyaWN0YW1lbnRlIHByb2hpYmlkb3MgcG9yIGVsIGdvYmllcm5vIHkgcG9yIGxhIGNvcnBvcmFjacOzbi4=
rivBBw,,W1dvcmtlcl0KT3VyIFJlc2VhcmNoZXJzPyBObyB3YXku,,,,,W1RyYWJhbGhhZG9yXQpWb2PDqiBhY2hhIHF1ZSBvcyBjaWVudGlzdGFzIGRhcXVpIGZhemVtIGlzc28/IEV1IGR1dmlkbyE=,,W1RyYWJhamFkb3JdCsK/Q3JlZXMgcXVlIGxvcyBjaWVudMOtZmljb3MgZGUgYXF1w60gaGFjZW4gZXNvPyDCoUxvIGR1ZG8h
ryvBBw,,V2h5IGRvIHlvdSBrZWVwIHNheWluZyBJIGNvbmR1Y3RlZCBpbGxlZ2FsIGV4cGVyaW1lbnRzPw==,,,,,UG9yIHF1ZSB2b2PDqnMgY29udGludWFtIGRpemVuZG8gcXVlIGFxdWkgw6kgY2xhbmRlc3Rpbm8/,,wr9Qb3IgcXXDqSBzaWd1ZW4gZGljaWVuZG8gcXVlIGVzdG8gZXMgY2xhbmRlc3Rpbm8/
sCvBBw,,W1dvcmtlcl0KWW914oCZcmUgYWxsIGhvbmVzdCBmb2xrc+KAlHdoeSB3b3VsZCB5b3UgYmUgaW52b2x2ZWQgaW4gYW55IGlsbGVnYWwgZXhwZXJpbWVudHM/,,,,,W1RyYWJhbGhhZG9yXQpFeHBlcmltZW50b3MgaWxlZ2Fpcz8gT3MgY2llbnRpc3RhcyBkYXF1aSBzw6NvIGNpZGFkw6NvcyBob25lc3Rvcy4=,,W1RyYWJhamFkb3JdCsK/RXhwZXJpbWVudG9zIGlsZWdhbGVzPyBMb3MgY2llbnTDrWZpY29zIGRlIGFxdcOtIHNvbiBjaXVkYWRhbm9zIGhvbmVzdG9zLg==
sSvBBw,,U28gYXJlIHlvdSBzYXlpbmcgd2UgY29uZHVjdGVkIGlsbGVnYWwgZXhwZXJpbWVudHMgb3Igc29tZXRoaW5nPw==,,,,,VMOhIGRpemVuZG8gcXVlIHNvbW9zIGFudGnDqXRpY29zPw==,,wr9Ob3MgZXN0w6FzIGRpY2llbmRvIGFudGnDqXRpY29zPw==
sivBBw,,W1dvcmtlcl0KV2hhdCBraW5kIG9mIGV4cGVyaW1lbnQgaXMgaXQgdGhhdCBtYWtlcyBpdCBpbGxlZ2FsPw==,,,,,W1RyYWJhbGhhZG9yXQpNZSBkaWdhIHVtIGV4cGVyaW1lbnRvIGlsZWdhbCBxdWUgZm9pIGZlaXRvIGFxdWku,,W1RyYWJhamFkb3JdCkRpbWUgdW4gZXhwZXJpbWVudG8gaWxlZ2FsIHF1ZSBzZSBoYXlhIGhlY2hvIGFxdcOtLg==
syvBBw,,WW914oCZcmUgY29tbWl0dGluZyBpbGxlZ2FsIGFjdHMgcmlnaHQgbm93IQ==,,,,,TWVudGlyIMOpIGlsZWdhbCE=,,wqFNZW50aXIgZXMgaWxlZ2FsIQ==
tCvBBw,,W0theWFdCkknbSBzb3JyeSwgYnV0IEkgY2FuJ3Qgc2hhcmUgdGhlIGRldGFpbHMgYWJvdXQgdGhhdC4=,,,,,W0theWFdCkV1IG7Do28gcG9zc28gZW50cmFyIGVtIGRldGFsaGVzLg==,,W0theWFdCk5vIHB1ZWRvIGVudHJhciBlbiBkZXRhbGxlcy4=
tSvBBw,,W1dvcmtlcl0KWW91IHdhbnQgdXMgdG8gdHJ1c3QgeW91IHdoZW4geW91IGNhbid0IGV2ZW4gdGVsbCB1cyB0aGUgZGV0YWlscz8=,,,,,W1RyYWJhbGhhZG9yXQpTZSB2b2PDqiBuw6NvIGNvbnRhIG9zIGRldGFsaGVzLCBjb21vIGVzcGVyYSBxdWUgbsOzcyBhY3JlZGl0ZW1vcyBlbSB2b2PDqj8=,,W1RyYWJhamFkb3JdClNpIG5vIGRhcyBkZXRhbGxlcywgwr9jw7NtbyBlc3BlcmFzIHF1ZSB0ZSBjcmVhbW9zPw==
tivBBw,,SSBrbmV3IHRoaXMgd291bGQgaGFwcGVuLg==,,,,,RXUgc2FiaWEgcXVlIGlzc28gaWEgYWNvbnRlY2VyLg==,,U2Fiw61hIHF1ZSBlc3RvIHBhc2Fyw61hLg==
tyvBBw,,QXJlIHlvdSBhIHNjYW1tZXI/,,,,,RWxlIMOpIHVtIGZhcnNhbnRlIQ==,,wqFFcyB1biBmYXJzYW50ZSE=
uCvBBw,,W1dvcmtlcl0KVGhleSB3ZXJlIGdvb2QgcGVvcGxlLCBzbyB3aHkgZG8geW91IGNhbGwgdGhlbSBiYWQ/,,,,,W1RyYWJhbGhhZG9yXQpFbGVzIHPDo28gcGVzc29hcyBib2FzLCBuw6NvIGNyaW1pbm9zYXMu,,W1RyYWJhamFkb3JdClNvbiBidWVuYXMgcGVyc29uYXMsIG5vIGNyaW1pbmFsZXMu
uSvBBw,,VGhleSdyZSBwZW9wbGUgd2hvIGNvdWxkbid0IGV2ZW4gaGFybSBhIHNpbmdsZSBidWcu,,,,,RWxlcyBuw6NvIG1hdGFyaWFtIG5lbSB1bSBjYXJhcGFuw6Mu,,Tm8gbWF0YXLDrWFuIG5pIGEgdW4gbW9zcXVpdG8u
uivBBw,,W1dvcmtlcl0KVGhhdCdzIHJpZ2h0ISAKVGhlcmUncyBubyB3YXkgdGhvc2UgZ29vZCBwZW9wbGUgd291bGQgaGF2ZSBjb21taXR0ZWQgYSBjcmltZSEgCklzbid0IGl0IG1vcmUgbGlrZWx5IHRoYXQgdGhlIGhpZ2hlci11cHMgY2FtZSB0byBzdGVhbCB0aGUgUmVzZWFyY2hlcnMnIGFjaGlldmVtZW50cz8=,,,,,W1RyYWJhbGhhZG9yXQpJc3NvIG1lc21vISBFc3NhcyBwZXNzb2FzIHPDo28gaG9uZXN0YXMhIFZvY8OqcyBlc3TDo28gYXF1aSBwYXJhIGxldmFyIG9zIGNyw6lkaXRvcyBkbyB0cmFiYWxobyBkZWxlcyE=,,W1RyYWJhamFkb3JdCsKhRXNvIG1pc21vISDCoVNvbiBwZXJzb25hcyBob25lc3RhcyEgwqFVc3RlZGVzIHZpbmllcm9uIGEgcm9iYXIgZWwgY3LDqWRpdG8gZGUgc3UgdHJhYmFqbyE=
uyvBBw,,SSB0b2xkIHlvdSwgZGlkbuKAmXQgST8gVGhleSBzZWVtIGxpa2UgYSBzY2FtbWVyLg==,,,,,RXUgdGUgZGlzc2UuIFPDo28gZmFyc2FudGVzLg==,,VGUgbG8gZGlqZS4gU29uIGZhcnNhbnRlcy4=
vCvBBw,,W1dvcmtlcl0KUmlnaHQ/IApPdGhlcndpc2UsIHRoZXJlJ3Mgbm8gd2F5IHRoZSBWaWNlIFByZXNpZGVudCBvZiBSZWtlbmJlciB3b3VsZCBoYXZlIGJyb3VnaHQgUmViZWxsaW9uIG1lbWJlcnMgaW5zdGVhZCBvZiBSZWtlbmJlcidzIG93biBndWFyZHMu,,,,,W1RyYWJhbGhhZG9yXQpDb25jb3JkbyEgU2UgZm9zc2UgbWVzbW8gbyB2aWNlLXByZXNpZGVudGUsIGVsZSBlc3RhcmlhIGFjb21wYW5oYWRvIGRvcyBzZXVzIGd1YXJkYS1jb3N0YXMsIG7Do28gZG9zIHJlYmVsZGVzIGRhIFJlYmVsacOjby4=,,W1RyYWJhamFkb3JdCsKhRXN0b3kgZGUgYWN1ZXJkbyEgU2kgZnVlcmEgcmVhbG1lbnRlIGVsIHZpY2VwcmVzaWRlbnRlLCBlc3RhcsOtYSBhY29tcGHDsWFkbyBkZSBndWFyZGFlc3BhbGRhcywgbm8gZGUgcmViZWxkZXMgZGUgbGEgUmViZWxpw7NuLg==
vSvBBw,,Tm93IHRoYXQgeW91IG1lbnRpb24gaXQsIHRoYXQgZG9lcyBzb3VuZCBzdHJhbmdlLiBXaHkgZGlkIHRoZXkgZG8gdGhhdD8=,,,,,w4khIENhZMOqIG9zIHNlZ3VyYW7Dp2FzPw==,,wqFFc28hIMK/RMOzbmRlIGVzdMOhbiBsb3MgZ3VhcmRpYXM/
vivBBw,,W1dvcmtlcl0KQXJlIHlvdSByZWFsbHkgZnJvbSB0aGUgY29tcGFueT8gCldoeSBpcyB0aGUgVmljZSBQcmVzaWRlbnQgd2Fsa2luZyBhcm91bmQgYWxvbmUgd2l0aG91dCBhbnkgYXR0ZW5kYW50cz8=,,,,,W1RyYWJhbGhhZG9yXQpTZXLDoSBtZXNtbyBxdWUgZWxlIMOpIGRhIGVtcHJlc2E/IFBvciBxdWUgbyB2aWNlLXByZXNpZGVudGUgdMOhIGFxdWkgc296aW5obyBzZW0gbmVuaHVtIHNlcnZpw6dhbD8=,,W1RyYWJhamFkb3JdCsK/U2Vyw6EgcXVlIHJlYWxtZW50ZSBlcyBkZSBsYSBlbXByZXNhPyDCv1BvciBxdcOpIGVsIHZpY2VwcmVzaWRlbnRlIGVzdMOhIGFxdcOtIHNvbG8sIHNpbiBuaW5nw7puIHN1Ym9yZGluYWRvPw==
vyvBBw,,VGhhdCdzIHJpZ2h0ISBOb3JtYWxseSwgZG9uJ3QgeW91IGJyaW5nIGFib3V0IGEgZG96ZW4gYXQgYSB0aW1lPw==,,,,,SXNzbyBtZXNtbyEgQ2Fkw6ogc2V1cyBzdWJhbHRlcm5vcz8=,,wqFFc28gbWlzbW8hIMK/RMOzbmRlIGVzdMOhbiBzdXMgc3Vib3JkaW5hZG9zPw==
wCvBBw,,W1dvcmtlcl0KQXJlbid0IHlvdSBhY3Rpbmcgb24geW91ciBvd24/,,,,,W1RyYWJhbGhhZG9yXQpQb2RlIHNlciBxdWUgZWxlIGVzdGVqYSB0cmFiYWxoYW5kbyBzb3ppbmhvIQ==,,W1RyYWJhamFkb3JdCsKhVGFsIHZleiBlc3TDqSB0cmFiYWphbmRvIHNvbG8h
wSvBBw,,Tm8gd2F5LiBGb3IgdGhlbSwgcmVwdXRhdGlvbiBpcyBldmVyeXRoaW5nLg==,,,,,RHV2aWRvLCBlc3NlIHBvdm8gcHJlZmVyZSBmaWNhciBubyBhciBjb25kaWNpb25hZG8u,,TG8gZHVkbywgZXNhIGdlbnRlIHByZWZpZXJlIGVsIGFpcmUgYWNvbmRpY2lvbmFkby4=
wivBBw,,W1dvcmtlcl0KSXQgY291bGQganVzdCBiZSBzb21lb25lIHdobyBsb29rcyBsaWtlIFZpY2UgUHJlc2lkZW50Lg==,,,,,W1RyYWJhbGhhZG9yXQpUYWx2ZXogZWxlIHNlamEgdW0gc8Ozc2lhIQ==,,W1RyYWJhamFkb3JdCsKhVGFsIHZleiBzZWEgdW4gZG9ibGUh
wyvBBw,,VGhhdCBtYWtlcyBzZW5zZS4=,,,,,SXNzbyBmYXogc2VudGlkby4=,,RXNvIHRpZW5lIHNlbnRpZG8u
xCvBBw,,TG9va2luZyBjbG9zZWx5LCBpdCBkb2VzIHNlZW0gYSBiaXQgZGlmZmVyZW50Pw==,,,,,T2xoYW5kbyBkZSBwZXJ0bywgcGFyZWNlIG1lc21vIG91dHJhIHBlc3NvYS4=,,VmlzdG8gZGUgY2VyY2EsIHPDrSBwYXJlY2Ugb3RyYSBwZXJzb25hLg==
xSvBBw,,W0FjZV0KVGhpcyBpcyB0ZXJyaWJsZS4gClRoZXkgZG9uJ3QgYmVsaWV2ZSBpdCBhdCBhbGwu,,,,,W0FjZV0KTm9zc2EuLi4gZWxlcyBuw6NvIGVzdMOjbyBhY3JlZGl0YW5kbyBubyB2aWNlLXByZXNpZGVudGUu,,W0FjZV0KVmF5YS4uLiBubyBsZSBlc3TDoW4gY3JleWVuZG8gYWwgdmljZXByZXNpZGVudGUu
xivBBw,,W0FkdmFuY2UgUGFydHldCk5vLCBqdXN0IGhvdyBkaWQgdGhlIFJlc2VhcmNoZXIgbWFuYWdlIHRvIHdpbiBwZW9wbGUgb3ZlciBzbyBjb21wbGV0ZWx5IGluIGp1c3QgYSBmZXcgeWVhcnM/,,,,,W01lbWJybyBkYSBSZWJlbGnDo29dCkNvbSBvIHF1w6ogb3MgY2llbnRpc3RhcyBjb21wcmFyYW0gYSBsZWFsZGFkZSBkZSB2b2PDqnM/,,W01pZW1icm8gZGUgbGEgUmViZWxpw7NuXQrCv0NvbiBxdcOpIGxlcyBjb21wcmFyb24gbGEgbGVhbHRhZCBsb3MgY2llbnTDrWZpY29zPw==
xyvBBw,,QXJlIHdlIGVnZ3Mgb3Igc29tZXRoaW5nPyBBcmUgd2Ugc3VwcG9zZWQgdG8gZ2V0IGJvaWxlZCBhbmQgcm9hc3RlZD8=,,,,,TsOjbyBzb21vcyBjb21wcmFkb3Mh,,wqFObyBlc3RhbW9zIGNvbXByYWRvcyE=
yCvBBw,,W1Rlc3NdClRoZXkncmUgbm90IGxpc3RlbmluZyBhdCBhbGwuIApMZXQgbWUgdHJ5IHRhbGtpbmcgdG8gdGhlbS4=,,,,,W1Rlc3NdClZvY8OqcyBlc3TDo28gcGlvcmFuZG8gdHVkby4gRXUgdm91IGZhbGFyIGNvbSBlbGVzLg==,,W1Rlc3NdCkVzdMOhbiBlbXBlb3JhbmRvIHRvZG8uIFlvIGhhYmxhcsOpIGNvbiBlbGxvcy4=
ySvBBw,,VHJ5IHNheWluZyBpdCBhIGZldyB0aW1lcy4=,,,,,UG9kZW0gZmFsYXIgbyBxdWFudG8gcXVpc2VyLCBuw6NvIHZhbW9zIG91dmlyLg==,,SGFibGVuIGxvIHF1ZSBxdWllcmFuLCBubyB2YW1vcyBhIGVzY3VjaGFyLg==
yivBBw,,W1Rlc3NdCkhlbGxvLiAKSSBhbSBUZXNzLCBmcm9tIGEgZGlyZWN0IGFnZW5jeSB1bmRlciB0aGUgUHJlc2lkZW50IG9mIFNjaHdhcnp3YWxkLg==,,,,,W1Rlc3NdCk9sw6EuIE1ldSBub21lIMOpIFRlc3MgZG8gVmVudG8gU2VjcmV0bywgdmltIGVtIG5vbWUgZG8gUHJlc2lkZW50ZSBkYSBSZXDDumJsaWNhIGRlIFNjaHdhcnR6d2FsZC4=,,W1Rlc3NdCkhvbGEuIE1pIG5vbWJyZSBlcyBUZXNzIGRlbCBWaWVudG8gU2VjcmV0by4gVmVuZ28gZW4gbm9tYnJlIGRlbCBQcmVzaWRlbnRlIGRlIGxhIFJlcMO6YmxpY2EgZGUgU2Nod2FydHp3YWxkLg==
yyvBBw,,T2ggd293ISBOb3cgZXZlbiB0aGUgcHJlc2lkZW50IGhhcyBzaG93biB1cH4=,,,,,TWFsdWNvLCBhZ29yYSB0ZW0gYXTDqSBwcmVzaWRlbnRlIGRhIHJlcMO6YmxpY2F+,,VmF5YSwgYWhvcmEgaGFzdGEgcHJlc2lkZW50ZSBkZSBsYSByZXDDumJsaWNhfg==
zCvBBw,,SXQncyBub3QgdGhlIHByZXNpZGVudCwgYnV0IHNvbWV0aGluZyBmcm9tIGFuIGFnZW5jeSBkaXJlY3RseSB1bmRlciB0aGUgcHJlc2lkZW50Lg==,,,,,w4kgdW0gZW52aWFkbyBkZWxlLg==,,Tm8gZXMgZWwgcHJlc2lkZW50ZSwgc2lubyBhbGdvIGRlIHVuYSBhZ2VuY2lhIGRpcmVjdGFtZW50ZSBiYWpvIGVsIHByZXNpZGVudGUu
zSvBBw,,W1Rlc3NdClJlY2VudGx5LCB3ZSBkaXNjb3ZlcmVkIGV2aWRlbmNlIG9mIGlsbGVnYWwgZXhwZXJpbWVudHMgYmVpbmcgY29uZHVjdGVkIGF0IHNldmVyYWwgUmVrZW5iZXIgbGFib3JhdG9yaWVzLiAKV2l0aCB0aGUgY29vcGVyYXRpb24gb2YgVmljZSBQcmVzaWRlbnQgaGVyZSwgd2UgYXJlIGN1cnJlbnRseSBpbnZlc3RpZ2F0aW5nIHRoZSBtYXR0ZXIu,,,,,W1Rlc3NdClJlY2VudGVtZW50ZSwgZGV0ZWN0YW1vcyBleHBlcmltZW50b3MgaWxlZ2FpcyBlbSBhbGd1bnMgbGFib3JhdMOzcmlvcyBkYSBSZWtlbmJlciBlIGVzdGFtb3MgaW52ZXN0aWdhbmRvIGNvbSBhIGNvb3BlcmHDp8OjbyBkbyB2aWNlLXByZXNpZGVudGUgYXF1aS4=,,W1Rlc3NdClJlY2llbnRlbWVudGUgZGV0ZWN0YW1vcyBleHBlcmltZW50b3MgaWxlZ2FsZXMgZW4gYWxndW5vcyBsYWJvcmF0b3Jpb3MgZGUgUmVrZW5iZXIgeSBlc3RhbW9zIGludmVzdGlnYW5kbyBjb24gbGEgY29vcGVyYWNpw7NuIGRlbCB2aWNlcHJlc2lkZW50ZS4=
zivBBw,,SSB0b2xkIHlvdSwgdGhpcyBpc24ndCB0aGUgcGxhY2UsIHNvIGdvIGJhY2sh,,,,,VmllcmFtIGFvIGx1Z2FyIGVycmFkbyE=,,wqFWaW5pZXJvbiBhbCBsdWdhciBlcXVpdm9jYWRvIQ==
zyvBBw,,W1Rlc3NdCkN1cnJlbnRseSwgUmVnZW5jaGlybSBhdCB0aGUgaGVhZHF1YXJ0ZXJzIG9mIFJla2VuYmVyIGhhcyBhbHNvIGJlZW4gaW52b2x2ZWQgaW4gaWxsZWdhbCBleHBlcmltZW50cyBhbmQgaGFzIGNhdXNlZCBkaXN0dXJiYW5jZXMuIApJZiB5b3UgZG8gbm90IGNvb3BlcmF0ZSwgd2Ugd2lsbCBoYXZlIG5vIGNob2ljZSBidXQgdG8gY2hhcmdlIHlvdSB3aXRoIGFpZGluZyBhbmQgYWJldHRpbmcgaWxsZWdhbCBhY3Rpdml0aWVzLg==,,,,,W1Rlc3NdCkF0w6kgYSBwcsOzcHJpYSBhZmlsaWFkYSBkYSBSZWtlbmJlciwgYSBSZWdlbnNjaGlybSwgY29uZHV6aXUgZXhwZXJpbWVudG9zIGlsZWdhaXMuClBvcnRhbnRvLCBzZSB2b2PDqnMgbsOjbyBjb29wZXJhcmVtLCBzZXLDo28gcHVuaWRvcyBwb3IgcGFydGljaXBhw6fDo28gZW0gYXRpdmlkYWRlcyBpbGVnYWlzLg==,,W1Rlc3NdCkluY2x1c28gbGEgcHJvcGlhIGFmaWxpYWRhIGRlIFJla2VuYmVyLCBSZWdlbnNjaGlybSwgcmVhbGl6w7MgZXhwZXJpbWVudG9zIGlsZWdhbGVzLgpQb3IgbG8gdGFudG8sIHNpIG5vIGNvb3BlcmFuLCBzZXLDoW4gY2FzdGlnYWRvcyBwb3IgcGFydGljaXBhY2nDs24gZW4gYWN0aXZpZGFkZXMgaWxlZ2FsZXMu
0CvBBw,,V2hhdD8gRGlkIEkgaGVhciB0aGF0IHJpZ2h0Pw==,,,,,TyBxdcOqPyBFdSBvdXZpIHB1bmnDp8Ojbz8=,,wr9RdcOpPyDCv0VzY3VjaMOpIGNhc3RpZ28/
0SvBBw,,W1dvcmtlcl0KQXJlIHlvdSB0aHJlYXRlbmluZyB1cyByaWdodCBub3c/,,,,,W1RyYWJhbGhhZG9yXQpWb2PDqiBlc3TDoSBub3MgYW1lYcOnYW5kbz8=,,W1RyYWJhamFkb3JdCsK/Tm9zIGVzdMOhcyBhbWVuYXphbmRvPw==
0ivBBw,,SSdtIHByZXR0eSBzdXJlIHlvdSBoZWFyZCBpdCByaWdodC4gSSBoZWFyZCB0aGUgc2FtZSB0aGluZy4=,,,,,VGFtYsOpbSBvdXZpLg==,,WW8gdGFtYmnDqW4gbG8gZXNjdWNow6ku
0yvBBw,,W1dvcmtlcl0KTm8hIFdoYXQgZGlkIHdlIGRvIHRvIGRlc2VydmUgdGhpcz8=,,,,,W1RyYWJhbGhhZG9yXQpRdWUgY3JpbWUgbsOzcyBjb21ldGVtb3M/,,W1RyYWJhamFkb3JdCsK/UXXDqSBjcmltZW4gY29tZXRpbW9zPw==
1CvBBw,,QWxsIHdlIGRpZCB3YXMgd29yayBoYXJkISBUaGF04oCZcyBvdXIgb25seSBjcmltZSE=,,,,,U8OzIHNlIG8gbm9zc28gY3JpbWUgZm9yIHRyYWJhbGhhciBkZW1haXMh,,wqFTaSBudWVzdHJvIGNyaW1lbiBlcyB0cmFiYWphciBkZW1hc2lhZG8h
1SvBBw,,W1dvcmtlcl0KV2Ugd2VyZSBvbmx5IGRvaW5nIG91ciBqb2Ih,,,,,W1RyYWJhbGhhZG9yXQpTw7MgZml6ZW1vcyBub3NzbyB0cmFiYWxobyE=,,W1RyYWJhamFkb3JdCsKhU29sbyBoaWNpbW9zIG51ZXN0cm8gdHJhYmFqbyE=
1ivBBw,,WWVhaCEgQ2FuJ3QgeW91IHNlZSBteSBoYW5kPw==,,,,,VmVqYSBvcyBjYWxvcyBkYSBtaW5oYSBtw6NvIQ==,,wqFNaXJhIGxvcyBjYWxsb3MgZGUgbWlzIG1hbm9zIQ==
1yvBBw,,W1dvcmtlcl0KV2hhdCBpbGxlZ2FsIGFjdGl2aXR5PyBXZeKAmXZlIGxpdmVkIGhlcmUgcXVpZXRseSBmb3IgeWVhcnMgd2l0aG91dCB0YWtpbmcgYSBzaW5nbGUgc3RlcCBvdXRzaWRlLiBBcmUgeW91IHNheWluZyB3ZeKAmXZlIGNvbW1pdHRlZCBhIGNyaW1lPyBIdWg/,,,,,W1RyYWJhbGhhZG9yXQpQb3IgYW5vcyB2aXZlbW9zIGFxdWkgdHJhYmFsaGFuZG8gZW0gcGF6LiBRdWUgdGlwbyBkZSBwYXJ0aWNpcGHDp8OjbyBpbGVnYWwgZml6ZW1vcz8gUmVzcG9uZGEh,,W1RyYWJhamFkb3JdClBvciBhw7FvcyB2aXZpbW9zIGFxdcOtIHRyYWJhamFuZG8gZW4gcGF6LiDCv1F1w6kgdGlwbyBkZSBwYXJ0aWNpcGFjacOzbiBpbGVnYWwgdHV2aW1vcz8gwqFSZXNwb25kZSE=
2CvBBw,,WW91IHNob3VsZG4ndCBnbyBzbyBmYXIgYXMgdG8gdHJlYXQgbWUgbGlrZSBhIGNyaW1pbmFsIQ==,,,,,Q2Fuc2VpIGRlIHNlciBjaGFtYWRvIGRlIGNyaW1pbm9zbyE=,,wqFFc3RveSBjYW5zYWRvIGRlIHF1ZSBtZSBsbGFtZW4gY3JpbWluYWwh
2SvBBw,,W1Rlc3NdCkxvb2sgYXJvdW5kIHlvdS4gCkV2ZW4gdGhvdWdoIHlvdeKAmXJlIGluIGEgZGlmZmljdWx0IHNpdHVhdGlvbiwgbm90IGEgc2luZ2xlIFJlc2VhcmNoZXIgaGFzIGNvbWUgZm9yd2FyZCB0byBleHBsYWluIGFueXRoaW5nLCBoYXZlIHRoZXk/,,,,,W1RyYWJhbGhhZG9yXQpPbGhlbSBhbyBub3NzbyByZWRvciwgcGVzc29hbC4gTsOzcyBlc3TDo28gZW0gYXB1cm9zIGUgbmVuaHVtIGNpZW50aXN0YSBhcGFyZWNlIGFxdWkgZSBleHBsaWNhLCBuw6k/,,W1RyYWJhamFkb3JdCk1pcmVuIGEgbnVlc3RybyBhbHJlZGVkb3IuIEVzdGFtb3MgZW4gcHJvYmxlbWFzIHkgbmluZ8O6biBjaWVudMOtZmljbyBhcGFyZWNlIHBhcmEgZXhwbGljYXIgbmFkYSwgwr9ubz8=
2ivBBw,,W1dvcmtlcl0KQWgsIHRoYXQgY2FuIGhhcHBlbiBpZiB5b3UncmUgYnVzeSE=,,,,,W1RyYWJhbGhhZG9yXQpQcm92YXZlbG1lbnRlLCBlbGVzIGVzdMOjbyBvY3VwYWRvcyE=,,W1RyYWJhamFkb3JdCsKhUHJvYmFibGVtZW50ZSBlc3TDqW4gb2N1cGFkb3Mh
2yvBBw,,TG9va3MgbGlrZSB5b3UgdGhpbmsgdGhpbmdzIGFyZSBxdWlldCBhcm91bmQgaGVyZS4=,,,,,RWxlcyB0w6ptIG1haXMgbyBxdWUgZmF6ZXIu,,VGllbmVuIGNvc2FzIG3DoXMgaW1wb3J0YW50ZXMgcXVlIGhhY2VyLg==
3CvBBw,,W1dvcmtlcl0KVGhleeKAmXJlIG5vdCBhcyBmcmVlIGFzIHlvdSBhcmUsIHlvdSBrbm93IQ==,,,,,W1RyYWJhbGhhZG9yXQpFbGVzIG7Do28gc8OjbyB2YWdhYnVuZG9zIGNvbW8gdm9jw6pzIQ==,,W1RyYWJhamFkb3JdCsKhTm8gc29uIHZhZ29zIGNvbW8gdXN0ZWRlcyE=
3SvBBw,,VGhleSdyZSB3b3JraW5nIHNvIGhhcmQsIGV2ZW4gc2FjcmlmaWNpbmcgdGhlaXIgc2xlZXAh,,,,,RWxlcyB0cmFiYWxoYW0gZW5xdWFudG8gdG9kb3MgZG9ybWVtIQ==,,wqFUcmFiYWphbiBtaWVudHJhcyB0b2RvcyBkdWVybWVuIQ==
3ivBBw,,W0theWFdCkkgY2FuJ3QgY29tbXVuaWNhdGUgd2l0aCB0aGVtIGF0IGFsbC4=,,,,,W0theWFdCkVsZXMgZXN0w6NvIGlycmVkdXTDrXZlaXMu,,W0theWFdClNvbiBpbmZsZXhpYmxlcy4=
3yvBBw,,WW914oCZdmUgYmVlbiBidXN0bGluZyBhcm91bmQgc2luY2UgTW9ybmluZyB0b2RheSwgdG9vLg==,,,,,QXTDqSBob2plIGRlIG1hbmjDoywgZWxlcyB0aW5oYW0gdHJhYmFsaG8gcGFyYSBmYXplci4=,,SGFzdGEgZXN0YSBtYcOxYW5hIHRlbsOtYW4gdHJhYmFqbyBxdWUgaGFjZXIu
4CvBBw,,W1Rlc3NdCkhtbS4uLiBXZSB3b24ndCByZWFjaCBhIGNvbmNsdXNpb24gbGlrZSB0aGlzLiAKTGV0J3MgdGFrZSBhIG1vbWVudCB0byBjb21lIHVwIHdpdGggYSBwbGFuLg==,,,,,W1Rlc3NdCkhtbS4uLiBuw6NvIHZvdSBjaGVnYXIgYSB1bWEgY29uY2x1c8OjbyBhc3NpbS4gVmFtb3MgcGVuc2FyIGVtIG91dHJhcyBtYW5laXJhcy4=,,W1Rlc3NdCkhtbS4uLiBubyB2b3kgYSBzYWNhciB1bmEgY29uY2x1c2nDs24gYXPDrS4gUGVuc2Vtb3MgZW4gb3RyYXMgZm9ybWFzLg==
4SvBBw,,QnV0IGRvZXNuJ3QgaXQgc2VlbSBhIGJpdCBxdWlldD8=,,,,,TWFzIHZvY8OqcyBuw6NvIGFjaGFtIHF1ZSBvcyBjaWVudGlzdGFzIGVzdMOjbyBxdWlldG9zIGRlbWFpcz8=,,UGVybyDCv25vIGNyZWVuIHF1ZSBsb3MgY2llbnTDrWZpY29zIGVzdMOhbiBkZW1hc2lhZG8gY2FsbGFkb3M/
4ivBBw,,W0theWFdClRoZXkgd29uJ3QgbGlzdGVuLCBubyBtYXR0ZXIgaG93IG11Y2ggSSB0cnkgdG8gcGVyc3VhZGUgdGhlbS4gCkl0IHdvbid0IGJlIGVhc3kgdG8gY2hhbmdlIHRoZWlyIG1pbmRzLiAKV2Ugc2hvdWxkIGNvbWUgdXAgd2l0aCBhIHBsYW4gdG9nZXRoZXIgd2l0aCBUZXNzLg==,,,,,W0theWFdCk1lc21vIHNlIHZvY8OqIHRlbnRhciBjb252ZW5jw6otbG9zLCBlbGVzIG7Do28gdsOjbyBvdXZpci4gTsOjbyBzZXLDoSBmw6FjaWwgcGFyYSBlbGVzIG11ZGFyZW0gZGUgaWRlaWEuIEV1IHZvdSB0ZXIgcXVlIGJvbGFyIHVtIHBsYW5vIGNvbSBvIFNyLiBUZXNzLg==,,W0theWFdCkF1bnF1ZSBpbnRlbnRlcyBjb252ZW5jZXJsb3MsIG5vIGVzY3VjaGFyw6FuLiBObyBzZXLDoSBmw6FjaWwgcXVlIGNhbWJpZW4gZGUgb3BpbmnDs24uIFRlbmRyw6kgcXVlIHBsYW5lYXIgYWxnbyBjb24gZWwgU3IuIFRlc3Mu
4yvBBw,,W0theWFdCkJlZm9yZSB3ZSBnZXQgYXR0YWNrZWQgYWdhaW4sIHdlIHNob3VsZCBtb3ZlIHRvIDxOQVZJPltzb21ld2hlcmUgZWxzZV08SU5GTz5zcF9jb3IsMTIyLDE0MSwwLDEwMSwwPC9JTkZPPjwvTkFWST4u,,,,,W0theWFdCk1lbGhvciBpcm1vcyBwYXJhIDxOQVZJPltvdXRybyBsdWdhcl08SU5GTz5zcF9jb3IsMTIyLDE0MSwwLDEwMSwwPC9JTkZPPjwvTkFWST4u,,W0theWFdCk1lam9yIHZheWFtb3MgYSA8TkFWST5bb3RybyBsdWdhcl08SU5GTz5zcF9jb3IsMTIyLDE0MSwwLDEwMSwwPC9JTkZPPjwvTkFWST4u
5CvBBw,,W0theWFdCkkgYmVsaWV2ZSB0aGlzIGlzIG9uZSBvZiB0aGUgc2VjcmV0IGxhYm9yYXRvcmllcyBhcyB3ZWxsLiAKV2UgbmVlZCB0byBjb25kdWN0IGEgdGhvcm91Z2ggaW52ZXN0aWdhdGlvbi4=,,,,,W0theWFdCkFjaG8gcXVlIGVzdGUgbHVnYXIgdGFtYsOpbSDDqSB1bSBkb3MgbGFib3JhdMOzcmlvcyBzZWNyZXRvcy4gRGV2ZW1vcyBpbnZlc3RpZ2FyIG1pbnVjaW9zYW1lbnRlLg==,,W0theWFdCkNyZW8gcXVlIGVzdGUgbHVnYXIgdGFtYmnDqW4gZXMgdW5vIGRlIGxvcyBsYWJvcmF0b3Jpb3Mgc2VjcmV0b3MuIERlYmVtb3MgaW52ZXN0aWdhcmxvIGEgZm9uZG8u
5SvBBw,,VGVzcw==,,,,,VGVzcw==,,VGVzcw==
5ivBBw,,W1Rlc3NdCkhvdyBsb25nIGhhcyBpdCBiZWVuIHNpbmNlIEkgc2VudCB0aGUgQWR2YW5jZSBQYXJ0eSwgYW5kIHlldCB5b3UncmUgc3RpbGwgc3RheWluZyBoZXJlPw==,,,,,W1Rlc3NdClZvY8OqIGFpbmRhIGVzdMOhIGFxdWk/,,W1Rlc3NdCsK/U2lndWVzIGFxdcOtPw==
5yvBBw,,W1Rlc3NdClNpbmNlIFZpY2UgUHJlc2lkZW50IEt5YSBUb3MgYXJlIGdvaW5nIHRvIHBlcnN1YWRlIHRoZW0sIGxldCdzIGxpc3RlbiB0byB3aGF0IHRoZXkgaGF2ZSB0byBzYXku,,,,,W1Rlc3NdClZhbW9zIG91dmlyIG8gdmljZS1wcmVzaWRlbnRlIEtheWEgVG9zcy4=,,W1Rlc3NdCkVzY3VjaGVtb3MgYWwgdmljZXByZXNpZGVudGUgS2F5YSBUb3NzLg==
6CvBBw,,W1Rlc3NdCkkgY2FuJ3QgY29tbXVuaWNhdGUgd2l0aCB0aG9zZSBwZW9wbGUu,,,,,W1Rlc3NdCk7Do28gY29uc2lnbyBjb252ZW5jw6otbG9zLg==,,W1Rlc3NdCk5vIGxvZ3JvIGNvbnZlbmNlcmxvcy4=
6SvBBw,,U28gSSdtIHRlbGxpbmcgeW91IHRvIGdvIGJhY2su,,,,,RW50w6NvLCB2w6EgZW1ib3JhLg==,,RW50b25jZXMgdsOheWFuc2Uu
6ivBBw,,W0theWFdCkV2ZW4gc28sIHdlIGNhbid0IHVzZSBmb3JjZSBhZ2FpbnN0IHBlb3BsZSB3aG8gYXJlbid0IGFybWVkLg==,,,,,W0theWFdCk1hcyBuw6NvIHBvZGVtb3MgY29udGFyIGNvbSBvIHVzbyBkYSBmb3LDp2EgY29udHJhIHBlc3NvYXMgZGVzYXJtYWRhcy4=,,W0theWFdClBlcm8gbm8gcG9kZW1vcyByZWN1cnJpciBhIGxhIGZ1ZXJ6YSBjb250cmEgcGVyc29uYXMgZGVzYXJtYWRhcy4=
6yvBBw,,VXNlIG9mIGZvcmNlPyA=,,,,,VXNvIGRhIGZvcsOnYT8=,,wr9Vc28gZGUgbGEgZnVlcnphPw==
7CvBBw,,W1Rlc3NdCklmIHRoYXQncyB0aGUgY2FzZSwgd2UgaGF2ZSBubyBvdGhlciBjaG9pY2UuIApXZSdsbCBoYXZlIHRvIHNwbGl0IGludG8gdHdvIHRlYW1z4oCUb25lIHRlYW0gd2lsbCBzdGF5IGhlcmUgdG8ga2VlcCB0aGUgY2l2aWxpYW5zIGZyb20gbW92aW5nLCBhbmQgdGhlIHJlc3Qgd2lsbCBnbyBpbiB0byBpbnZlc3RpZ2F0ZS4=,,,,,W1Rlc3NdCk7Do28gdGVtb3MgZXNjb2xoYSwgZW50w6NvLiBWYW1vcyBub3MgZGl2aWRpciBlbSBkdWFzIGVxdWlwZXMsIHVtYSBlbnRyYSBlIGludmVzdGlnYSBvIGxvY2FsLCBlbnF1YW50byBhIG91dHJhIG1hbnTDqW0gb3MgdHJhYmFsaGFkb3JlcyBwcmVzb3MgYXF1aS4=,,W1Rlc3NdCk5vIHRlbmVtb3Mgb3RyYSBvcGNpw7NuLiBOb3MgZGl2aWRpcmVtb3MgZW4gZG9zIGVxdWlwb3M6IHVubyBlbnRyYSBlIGludmVzdGlnYSBlbCBsdWdhciwgbWllbnRyYXMgZWwgb3RybyBtYW50aWVuZSBhIGxvcyB0cmFiYWphZG9yZXMgcmV0ZW5pZG9zIGFxdcOtLg==
7SvBBw,,WW91J3ZlIGJlZW4gdHJlYXRpbmcgdXMgbGlrZSBiYWdnYWdlIHRoaXMgd2hvbGUgdGltZSE=,,,,,Q29tbyDDqT8h,,wr9RdcOpPw==
7ivBBw,,QXJlIHlvdSBnb2luZyB0byBhcnJlc3QgbWU/,,,,,Vm9jw6ogdmFpIG1lIHByZW5kZXI/,,wr9NZSB2YW4gYSBkZXRlbmVyPw==
7yvBBw,,W0theWFdClRoYXQgc291bmRzIGxpa2UgYSBnb29kIGlkZWEu,,,,,W0theWFdCkNvbmNvcmRvLg==,,W0theWFdCkRlIGFjdWVyZG8u
8CvBBw,,VWgsIGRvbuKAmXQgbW92ZSE=,,,,,RWksIGVpLCBlaSEgTsOjbyBzZSBhdHJldmFt,,wqFFaCwgZWgsIGVoISDCoU5vIHNlIGF0cmV2YW4h
8SvBBw,,Wz8/Pz9dCkV2ZXJ5b25lLCBmcmVlemUh,,,,,Wz8/Pz9dClRvZG8gbXVuZG8gcGFyYWRvIQ==,,Wz8/Pz9dCsKhVG9kb3MgcXVpZXRvcyE=
8ivBBw,,Wz8/Pz9dCkV2ZXJ5dGhpbmcgaGVyZSBpcyBtaW5lISAKQW55b25lIHdobyB0cmllcyB0byB0b3VjaCBpdCB3aWxsIGJlIHNvcnJ5ISAKWW91IGNhbid0IGV2ZW4gdGFrZSBhIHNpbmdsZSBzY3JldyE=,,,,,Wz8/Pz9dCk7Do28gdG9xdWVtIGVtIG5hZGEhIFR1ZG8gaXNzbyBhcXVpIHBlcnRlbmNlIMOgIG7Ds3MhIENhZGEgcGFyYWZ1c28h,,Wz8/Pz9dCsKhTm8gdG9xdWVuIG5hZGEhIMKhVG9kbyBlc3RvIG5vcyBwZXJ0ZW5lY2UhIMKhQ2FkYSB0b3JuaWxsbyE=
8yvBBw,,W1dvcmtlcl0KT2gsIENoaWVmIFJlc2VhcmNoZXI/,,,,,W1RyYWJhbGhhZG9yXQpJaCwgw6kgYSBwZXNxdWlzYWRvcmEtY2hlZmU/,,W1RyYWJhamFkb3JdCsK/RWg/IMK/RXMgbGEgaW52ZXN0aWdhZG9yYSBqZWZlPw==
9CvBBw,,SSBrbmV3IGl0LiBZb3UgZ3V5cyBhcmUgaW4gYmlnIHRyb3VibGUgbm93Lg==,,,,,RWxhIG1lc21hIQ==,,wqFFbGxhIG1pc21hIQ==
9SvBBw,,W1dvcmtlcl0KQXJlIHlvdSBFbGl1bWluYT8=,,,,,W1RyYWJhbGhhZG9yXQpFbHl1bWluYSE=,,W1RyYWJhamFkb3JdCsKhRWx5dW1pbmEh
9ivBBw,,Q2hpZWYgUmVzZWFyY2hlciBoYXMgYXJyaXZlZC4=,,,,,QSBwZXNxdWlzYWRvcmEtY2hlZmUgZXN0w6EgYXF1aS4=,,TGEgaW52ZXN0aWdhZG9yYSBqZWZlIGVzdMOhIGFxdcOtLg==
9yvBBw,,W0VsaXVtaW5hXQpIZXksIHdoYXQgYXJlIHlvdSBza2VsZXRvbnMgZG9pbmcgdHJ5aW5nIHRvIHRvdWNoIG15IHN0dWZmPyAKRG8geW91IGV2ZW4ga25vdyB3aGF0IHlvdSdyZSBtZXNzaW5nIHdpdGg/IApKdXN0IHRyeSBsYXlpbmcgYSBmaW5nZXIgb24gaXQhIApJJ2xsIGNob3AgeW91ciBoYW5kcyByaWdodCBvZmYh,,,,,W0VseXVtaW5hXQpPbmRlIGVzdMOjbyBvcyBiYW5kaWRvcyB0ZW50YW5kbyBtZXhlciBuYXMgbWluaGFzIGNvaXNhcz8gU2UgZW5jb3N0YXJlbSB1bSBkZWRvIHNlcXVlciBldSBjb3J0YXJlaSBhIG3Do28gZm9yYSE=,,W0VseXVtaW5hXQrCv0TDs25kZSBlc3TDoW4gbG9zIGJhc3RhcmRvcyBxdWUgaW50ZW50YW4gdG9jYXIgbWlzIGNvc2FzPyDCoVNpIHBvbmVuIHVuIGRlZG8gZW5jaW1hLCBsZXMgY29ydG8gbGEgbWFubyE=
+CvBBw,,QnV0IHdhcyBSZXNlYXJjaGVyIGFsd2F5cyBsaWtlIHRoYXQ/,,,,,RXUgbnVuY2EgdmkgZWxhIGZhbGFyIGRlc3NlIGplaXRvLg==,,TnVuY2EgbGEgdmkgaGFibGFyIGFzw60u
+SvBBw,,W0VsaXVtaW5hXQpFdmVuIGlkaW90cyBsaWtlIHlvdSBtdXN0IHJlYWxpemUgaXQncyBiZXR0ZXIgdG8ga2VlcCB5b3VyIGhhbmRzIGF0dGFjaGVkIHRvIHlvdXIgd3Jpc3RzLCByaWdodD8=,,,,,W0VseXVtaW5hXQpFbnTDo28gdm9jw6pzIGrDoSBzYWJlbSBvIHF1ZSB2YWkgYWNvbnRlY2VyIGNvbSB2b2PDqnMsIG7DqT8=,,W0VseXVtaW5hXQpFbnRvbmNlcyB5YSBzYWJlbiBsbyBxdWUgbGVzIHZhIGEgcGFzYXIsIMK/bm8/
+ivBBw,,WWVhaCwgSSBkb27igJl0IHRoaW5rIHRoZXkgc2FpZCBhIHNpbmdsZSB3b3JkLCBkaWQgdGhleT8=,,,,,RXUgYWNobyDDqSBib20h,,wqFNZSBwYXJlY2UgYmllbiE=
+yvBBw,,W0FjZV0KU3RlcCBiYWNrISBJdCdzIGRhbmdlcm91cyE=,,,,,W0FjZV0KQWZhc3RlbS1zZSEgT3MgdHJhYmFsaGFkb3JlcyBlc3TDo28gZW0gcGVyaWdvIQ==,,W0FjZV0KwqFBbMOpamVuc2UhIMKhTG9zIHRyYWJhamFkb3JlcyBlc3TDoW4gZW4gcGVsaWdybyE=
/CvBBw,,V2hhdD8gV2hhdCdzIHdyb25nPw==,,,,,TyBxdcOqPyBOw7NzPw==,,wr9RdcOpPyDCv05vc290cm9zPw==
/SvBBw,,W0VsaXVtaW5hXQpUaGV5IGxvb2sgcHJldHR5IHdlYWvigJR3aHkgYXJlIHlvdSBhbGwgaGlkaW5nIGFuZCBsZXR0aW5nIHRoZW0gc3RlYWwgZnJvbSB5b3UgaW4gYnJvYWQgZGF5bGlnaHQ/IApKdXN0IHdpcGUgdGhlbSBhbGwgb3V0ISBCZWdvbmUh,,,,,W0VseXVtaW5hXQpFIHZvY8OqcyBzw6NvIHVtIGJhbmRvIGRlIHRyYWJhbGhhZG9yZXMgZnJhY290ZXMgcXVlIGRlaXhhcmFtIGVsZXMgdml2b3MhIFByZXBhcmVtLXNlIQ==,,W0VseXVtaW5hXQrCoVkgdXN0ZWRlcyBzb24gdW4gbW9udMOzbiBkZSB0cmFiYWphZG9yZXMgZMOpYmlsZXMgcXVlIGxvcyBkZWphcm9uIHZpdm9zISDCoVByZXDDoXJlbnNlIQ==
/ivBBw,,W1dvcmtlcl0KQWFhYWghISAKUmVzZWFyY2hlciEgCldlJ3JlIGhlcmUgdG9vISAKRG9uJ3QgZm9yZ2V0IGFib3V0IHVzIQ==,,,,,W1RyYWJhbGhhZG9yXQpBaGhoaGhoISEgUGVzcXVpc2Fkb3JhISBTb21vcyBuw7NzISBFc3RhbW9zIG5hIHN1YSBtaXJhIHRhbWLDqW0h,,W1RyYWJhamFkb3JdCsKhwqFBaGhoISEgwqFJbnZlc3RpZ2Fkb3JhISDCoVNvbW9zIG5vc290cm9zISDCoVRhbWJpw6luIG5vcyBlc3TDoXMgYXB1bnRhbmRvIQ==
/yvBBw,,QWFhYWghISEgV2hhdCBpcyBhbGwgdGhpcyEh,,,,,QWhoaCEhISBQb3IgcXVlPyE=,,wqHCoUFoaGghISDCv8KhUG9yIHF1w6khPw==
ACzBBw,,V2UncmUgbm90IHBhcnQgb2YgdGhlIHNhbWUgcGFydHkh,,,,,TsOzcyBuw6NvIHRlbW9zIG5hZGEgYSB2ZXIgY29tIGVsZXMh,,wqFObyB0ZW5lbW9zIG5hZGEgcXVlIHZlciBjb24gZWxsb3Mh
ASzBBw,,QWFhYWghISBSZXNlYXJjaGVyISBXZSdyZSBoZXJlIHRvbyEgRG9uJ3QgZm9yZ2V0IGFib3V0IHVzIQ==,,,,,QWhoaGhoaCEhIFBlc3F1aXNhZG9yYSEgU29tb3MgbsOzcyEgTsOjbyBhdGlyZSE=,,wqHCoUFoaGghISDCoUludmVzdGlnYWRvcmEhIMKhU29tb3Mgbm9zb3Ryb3MhIMKhTm8gZGlzcGFyZSE=
AizBBw,,RWwsIEVsaXVtaW5hISBXYWl0IGEgbW9tZW50IQ==,,,,,RWx5dW1pbmEhIEVzcGVyYSE=,,wqFFbHl1bWluYSEgwqFFc3BlcmEh
AyzBBw,,UmVzZWFyY2hlciBtdXN0IGhhdmUgZ29uZSBjcmF6eSE=,,,,,QSBjaWVudGlzdGEgZW5kb2lkb3Uh,,wqFMYSBjaWVudMOtZmljYSBlbmxvcXVlY2nDsyE=
BCzBBw,,QWNrISEh,,,,,QXJnaCEhIQ==,,wqFBcmdoIQ==
BSzBBw,,SGV5ISEhIEFyZSB5b3Ugb2theT8/Pw==,,,,,Vm9jw6pzIGVzdMOjbyBiZW0/Pz8=,,wr/CoUVzdMOhbiBiaWVuIT8=
BizBBw,,W0VsaXVtaW5hXQpXaG8gY2FyZXMhCklmIGJlYW5zIGFuZCByaWNlIGFyZSBtaXhlZCB0b2dldGhlciwgZG8geW91IHBpY2sgdGhlbSBhbGwgb3V0PwpJZiB5b3UncmUgaW4gYSBodXJyeSwgeW91IGNhbiBqdXN0IGNvb2sgdGhlbSBhcyB0aGV5IGFyZSE=,,,,,W0VseXVtaW5hXQpFdSBuw6NvIHRlbmhvIHRlbXBvIHBhcmEgc2VwYXJhciBvIGpvaW8gZG8gdHJpZ28hIFZhaSB0b2RvIG11bmRvIG1vcnJlciEh,,W0VseXVtaW5hXQrCoU5vIHRlbmdvIHRpZW1wbyBwYXJhIHNlcGFyYXIgZWwgZ3Jhbm8gZGUgbGEgcGFqYSEgwqFUb2RvcyB2YW4gYSBtb3JpciE=
ByzBBw,,W1dvcmtlcl0KV2hhdCBhcmUgeW91IHRhbGtpbmcgYWJvdXQ/ISEh,,,,,W1RyYWJhbGhhZG9yXQpPIHF1ZSB2b2PDqiBxdWVyIGRpemVyIGNvbSBpc3NvPyE=,,W1RyYWJhamFkb3JdCsK/UXXDqSBxdWllcmVzIGRlY2lyIGNvbiBlc28/
CCzBBw,,V2hhdCBhcmUgeW91IHRhbGtpbmcgYWJvdXQhIQ==,,,,,TyBxdcOqPyE=,,wr9RdcOpPw==
CSzBBw,,QWFhYWghISE=,,,,,QWFhYWghISE=,,wqHCoUFhYWghIQ==
CizBBw,,Tm8hIEFzaGludGEhIQ==,,,,,TsOjbyEgSXNzbyDDqSB1bSBlcnJvISE=,,wqFObyEgwqFFc3RvIGVzIHVuIGVycm9yIQ==
CyzBBw,,W0FjZV0KVWdoISBRdWlja2x5LCBtb3ZlIHRvIHRoZSByZWFyIQ==,,,,,W0FjZV0KVWghIEZpcXVlbSBhdHLDoXMgZGUgbWltIQ==,,W0FjZV0KwqFVZ2ghIMKhRGV0csOhcyBkZSBtw60h
DCzBBw,,UmVzZWFyY2hlciBtdXN0IGhhdmUgZ29uZSBjcmF6eSEhISE=,,,,,RWx5dW1pbmEgZW5sb3VxdWVjZXUhISEh,,wqHCoUVseXVtaW5hIHNlIHZvbHZpw7MgbG9jYSEh
DSzBBw,,VS1VcyB0b28h,,,,,QWp1ZGEgYSBnZW50ZSE=,,wqFBecO6ZGVubm9zIQ==
DizBBw,,SC1odXJyeSEh,,,,,U29jb3JybyEh,,wqHCoVNvY29ycm8hIQ==
DyzBBw,,SGVscCBtZSEhIQ==,,,,,TWUgc2FsdmEhISE=,,wqHCoVPDoWx2YW1lISE=
ECzBBw,,W0FkdmFuY2UgUGFydHldCkV2ZXJ5b25lLCBmb3JtIHVwIQ==,,,,,W01lbWJybyBkYSBSZWJlbGnDo29dCkF0ZW7Dp8Ojbywgc29sZGFkb3MhIEVtIGZvcm1hw6fDo28h,,W01pZW1icm8gZGUgbGEgUmViZWxpw7NuXQrCoUF0ZW5jacOzbiwgc29sZGFkb3MhIMKhRW4gZm9ybWFjacOzbiE=
ESzBBw,,W0VsaXVtaW5hXQpHcnJyLi4u,,,,,W0VseXVtaW5hXQpHcnJyLi4u,,W0VseXVtaW5hXQpHcnJyLi4u
EizBBw,,V2VsbCBkb25lIQ==,,,,,QmVtIGZlaXRvIQ==,,wqFCaWVuIGhlY2hvIQ==
EyzBBw,,R3JlYXQgam9iLCBHdW5zbGluZ2VycyE=,,,,,Qm9tIHRyYWJhbGhvLCBSZWJlbGnDo28h,,wqFCdWVuIHRyYWJham8sIFJlYmVsacOzbiE=
FCzBBw,,W0VsaXVtaW5hXQpXLXdoYXQ/IApXaGF0J3MgZ29pbmcgb24/IApXaHkgYXJlbid0IG15IGF0dGFja3MuLi4gd29ya2luZy4uLj8=,,,,,W0VseXVtaW5hXQpNYXMgbyBxdcOqLi4uPyBQb3IgcXVlIG1ldSBhdGFxdWUuLi4gbsOjbyBmdW5jaW9uYS4uLj8=,,W0VseXVtaW5hXQrCv1Blcm8gcXXDqS4uLj8gwr9Qb3IgcXXDqSBtaSBhdGFxdWUuLi4gbm8gZnVuY2lvbmEuLi4/
FSzBBw,,Tm93IQ==,,,,,w4kgYWdvcmEh,,wqFBaG9yYSE=
FizBBw,,QWgsIGNhbid0IHlvdSBhbGwgYmUgcXVpZXQ/IFdoYXQgaWYgSSBlbmQgdXAgc2hvb3RpbmcgYmVjYXVzZSBvZiB5b3Uh,,,,,U2lsw6puY2lvIQ==,,wqFTaWxlbmNpbyE=
FyzBBw,,W01vcm9uIE5vLiAxXQpMZXQncyBnZXQgb3V0IG9mIGhlcmUgZm9yIG5vdyE=,,,,,W0NhcGFuZ2EgMV0KVmFtb3MgZW1ib3JhIQ==,,W1NlY3VheiAxXQrCoVbDoW1vbm9zIQ==
GCzBBw,,W0VsaXVtaW5hXQpXaHk/IApXaHkgYW0gSSB0aGUgb25lIGF0IGZhdWx0PyAKV2hhdCBhYm91dCBteSBiZWxvbmdpbmdzPw==,,,,,W0VseXVtaW5hXQpQb3IgcXXDqj8gRW1ib3JhPyBFIGFzIG1pbmhhcyBjb2lzYXM/,,W0VseXVtaW5hXQrCv1BvciBxdcOpPyDCv0lybm9zPyDCv1kgbWlzIGNvc2FzPw==
GSzBBw,,W01vcm9uIE5vLiAyXQpBaCwgZmlyc3Qgd2UgbmVlZCB0byBzdGF5IGFsaXZlIGlmIHdlIHdhbnQgdG8gZ2V0IGFueXRoaW5nIGJhY2shIEh1cnJ5IQ==,,,,,W0NhcGFuZ2EgMl0KU3VhcyBjb2lzYXMgbsOjbyB2w6NvIHBybyBjw6l1IGp1bnRvIGNvbSB2b2PDqiEgVmFtb3MgZW1ib3JhIQ==,,W1NlY3VheiAyXQrCoVR1cyBjb3NhcyBubyBpcsOhbiBhbCBjaWVsbyBjb250aWdvISDCoVbDoW1vbm9zIQ==
GizBBw,,W0VsaXVtaW5hXQpXaHkgYXJlIHRoZXkgc28gZ29vZD8KRGlkIHdlIHBpY2sgdGhlIHdyb25nIHRlc3Qgc3ViamVjdHM/,,,,,W0VseXVtaW5hXQpDb21vIGVsZXMgc8OjbyB0w6NvIGJvbnM/IEVzY29saGVtb3MgYXMgYXJtYXMgZXJyYWRhcz8=,,W0VseXVtaW5hXQrCv0PDs21vIHNvbiB0YW4gYnVlbm9zPyDCv0VsZWdpbW9zIGxhcyBhcm1hcyBlcXVpdm9jYWRhcz8=
GyzBBw,,W01vcm9uIE5vLiAxXQpUaG9zZSBwZW9wbGUgYXJlIHByb2Zlc3Npb25hbHMh,,,,,W0NhcGFuZ2EgMV0KRXNzYXMgcGVzc29hcyBzw6NvIHByb2Zpc3Npb25haXMh,,W1NlY3VheiAxXQrCoUVzdGFzIHBlcnNvbmFzIHNvbiBwcm9mZXNpb25hbGVzIQ==
HCzBBw,,W0VsaXVtaW5hXQpZb3XigJlyZSBwcm9mZXNzaW9uYWxzIHRvbyE=,,,,,W0VseXVtaW5hXQpWb2PDqiDDqSB1bSBwcm9maXNzaW9uYWwgdGFtYsOpbSE=,,W0VseXVtaW5hXQrCoVTDuiB0YW1iacOpbiBlcmVzIHVuIHByb2Zlc2lvbmFsIQ==
HSzBBw,,W01vcm9uIE5vLiAyXQpBaCwgc28geW91IG11c3QgYmUgYSBoaWdoLWNsYXNzIHBybyB3aG8gZ2V0cyBwYWlkIG1vcmUhISEgClRoZXJlJ3Mgbm8gdGltZSB0byBhcmd1ZSBhYm91dCB3aG8ncyBiZXR0ZXIhIEh1cnJ5IHVwIQ==,,,,,W0NhcGFuZ2EgMl0KQWgsIG1hcyBlbGVzIGdhbmhhbSBtYWlzISEhIE7Do28gZMOhIHBhcmEgY29tcGFyYXIhIFZhbW9zIGVtYm9yYSE=,,W1NlY3VheiAyXQrCoVPDrSwgcGVybyBlbGxvcyBnYW5hbiBtw6FzISDCoU5vIGhheSBjb21wYXJhY2nDs24hIMKhVsOhbW9ub3Mh
HizBBw,,W0VsaXVtaW5hXQpObyEgCkxldCBnbyBvZiBtZSEgCkh1cnJ5ISEhIApJIGNhbid0IGJlbGlldmUgSSBoYXZlIHRvIGRvZGdlIHN1Y2ggYSBwZWEgc2hvb3RlciEgCkxldCBnbyEKSSBzYWlkLCBsZXQgbWUgZ28hIQ==,,,,,W0VseXVtaW5hXQpOw6NvISBNZSBsYXJndWVtISBFdSBuw6NvIHRlbmhvIG1lZG8gZGVzc2FzIGFybWFzIGRlIGJyaW5xdWVkbyEh,,W0VseXVtaW5hXQrCoU5vISDCoVN1w6lsdGVubWUhIMKhTm8gdGVuZ28gbWllZG8gZGUgZXNhcyBhcm1hcyBkZSBqdWd1ZXRlIQ==
HyzBBw,,W0FjZV0KQXJlIHlvdSBhbHJpZ2h0Pw==,,,,,W0FjZV0KVm9jw6pzIGVzdMOjbyBiZW0/,,W0FjZV0Kwr9Fc3TDoW4gYmllbj8=
ICzBBw,,W0theWFdCkknbSBmaW5lLCBidXQgdGhlIG90aGVycy4uLg==,,,,,W0theWFdCkV1IGVzdG91IGJlbSwgbWFzIG91dHJhcyBwZXNzb2FzLi4u,,W0theWFdCllvIGVzdG95IGJpZW4sIHBlcm8gb3RyYXMgcGVyc29uYXMuLi4=
ISzBBw,,RGlkIHlvdSBnbz8gQXJlIHlvdSBnb25lPw==,,,,,Vm9jw6ogdml1PyBWb2PDqiB2aXU/,,wr9WaXN0ZSBlc28/IMK/VmlzdGU/
IizBBw,,W1dvcmtlcl0KVWdoLi4uIFVnaC4uLg==,,,,,W1RyYWJhbGhhZG9yXQpBaWkuLi4gYWFhYWFoLi4u,,W1RyYWJhamFkb3JdCkF5eS4uLiBhYWFhYWguLi4=
IyzBBw,,VWdoLi4uIFVnaC4uLg==,,,,,QWlpLi4uIGFhYWFhaC4uLg==,,QXl5Li4uIGFhYWFhaC4uLg==
JCzBBw,,QXNoaW50YSwgYXJlIHlvdSBva2F5Pw==,,,,,Vm9jw6ogZXN0w6EgYmVtPw==,,wr9Fc3TDoXMgYmllbj8=
JSzBBw,,W1dvcmtlcl0KQWguLi4gQWFhaCEhIEknbSBkeWluZy4uLiBBYWFhYXJnaCEhIQ==,,,,,W1RyYWJhbGhhZG9yXQpBaC4uISBFc3RvdSBtb3JyZW5kby4gYWghISE=,,W1RyYWJhamFkb3JdCkFoLi4uIMKhbWUgZXN0b3kgbXVyaWVuZG8hIMKhQWgh
JizBBw,,QWguLi4gQWFhaCEhIEknbSBkeWluZy4uLiBBYWFhYXJnaCEhIQ==,,,,,QWguLiEgRXN0b3UgbW9ycmVuZG8uIGFoISEh,,QWguLi4gwqFtZSBlc3RveSBtdXJpZW5kbyEgwqFBaCE=
JyzBBw,,T2ggZGVhciwgd2hhdCBzaG91bGQgSSBkby4uLg==,,,,,T2ggbsOjby4uLg==,,T2ggbm8uLi4=
KCzBBw,,W0theWFdCkZpcnN0LCB3ZSBuZWVkIHRvIG1vdmUgcGVvcGxlIHRvIGEgc2FmZSBwbGFjZS4=,,,,,W0theWFdClByaW1laXJvLCBkZXZlbW9zIGxldmFyIGVzc2FzIHBlc3NvYXMgcGFyYSB1bSBsdWdhciBzZWd1cm8u,,W0theWFdClByaW1lcm8gZGViZW1vcyBsbGV2YXIgYSBlc3RhcyBwZXJzb25hcyBhIHVuIGx1Z2FyIHNlZ3Vyby4=
KSzBBw,,W1Rlc3NdCkZpcnN0LCBldmVyeW9uZSBoZXJlLCBwbGVhc2UgdHJhY2sgZG93biB0aGF0IHBlcnNvbiBjYWxsZWQgUmVzZWFyY2hlci4=,,,,,W1Rlc3NdCkVucXVhbnRvIGlzc28sIG9zIG91dHJvcyBwb2RlbSBwcm9jdXJhciBhcXVlbGEgcGVzcXVpc2Fkb3JhLg==,,W1Rlc3NdCk1pZW50cmFzIHRhbnRvLCBsb3MgZGVtw6FzIHB1ZWRlbiBidXNjYXIgYSBlc2EgaW52ZXN0aWdhZG9yYS4=
KizBBw,,VGFrZSB1cyB3aXRoIHlvdSwgdG9vIQ==,,,,,UG9yIGZhdm9yLCBsZXZhIGEgZ2VudGUgdGFtYsOpbSE=,,wqFQb3IgZmF2b3IsIGxsw6l2ZW5ub3MgdGFtYmnDqW4h
KyzBBw,,W1Rlc3NdClNvbWUgb2YgeW91IHN0YXkgaGVyZSBhbmQga2VlcCB3YXRjaCwgd2hpbGUgdGhlIHJlc3QgZXNjb3J0IHRoZSBJbmp1cmVkIFNvbGRpZXIgdG8gdGhlIDxOQVZJPltTYWZlIExvY2F0aW9uXTxJTkZPPnNwX2NvciwxMjIsMTQxLDAsMTAxLDA8L0lORk8+PC9OQVZJPiE=,,,,,W1Rlc3NdCkFsZ3VucyBkZSBuw7NzIGRldmVtb3MgZmljYXIgYXF1aSBkZSBvbGhvLiBPcyBvdXRyb3MgbGV2YW0gb3MgZmVyaWRvcyBwYXJhIDxOQVZJPlt1bSBsdWdhciBzZWd1cm9dPElORk8+c3BfY29yLDEyMiwxNDEsMCwxMDEsMDwvSU5GTz48L05BVkk+IQ==,,W1Rlc3NdCkFsZ3Vub3Mgc2UgcXVlZGFyw6FuIGFxdcOtIHZpZ2lsYW5kby4gTG9zIGRlbcOhcyBsbGV2ZW4gYSBsb3MgaGVyaWRvcyBhIDxOQVZJPlt1biBsdWdhciBzZWd1cm9dPElORk8+c3BfY29yLDEyMiwxNDEsMCwxMDEsMDwvSU5GTz48L05BVkk+IQ==
LCzBBw,,W1Rlc3NdCkl0J3MgZGFuZ2Vyb3VzIGhlcmUuIApMZXQncyBodXJyeSBhbmQgbW92ZSB0byB0aGUgPE5BVkk+W1NhZmUgQXJlYV08SU5GTz5zcF9jb3IsMTIyLDE0MSwwLDEwMSwwPC9JTkZPPjwvTkFWST4h,,,,,W1Rlc3NdCsOJIHBlcmlnb3NvIGFxdWkuIFZhbW9zIHBhcmEgPE5BVkk+W3VtIGx1Z2FyIHNlZ3Vyb108SU5GTz5zcF9jb3IsMTIyLDE0MSwwLDEwMSwwPC9JTkZPPjwvTkFWST4h,,W1Rlc3NdCsKhRXMgcGVsaWdyb3NvIGFxdcOtISDCoVZhbW9zIGEgPE5BVkk+W3VuIGx1Z2FyIHNlZ3Vyb108SU5GTz5zcF9jb3IsMTIyLDE0MSwwLDEwMSwwPC9JTkZPPjwvTkFWST4h
LSzBBw,,W1Rlc3NdCkkgaGF2ZSBhIGdlbmVyYWwgaWRlYSBvZiB3aGF0IHRoaXMgcGxhY2Ugd2FzIHVzZWQgZm9yLCBidXQgSeKAmWxsIG5lZWQgdG8gaW52ZXN0aWdhdGUgZnVydGhlciB0byBrbm93IGV4YWN0bHkgd2hhdCBpdCBpcy4=,,,,,W1Rlc3NdCkV1IGRvIHF1ZSBlc3NlIGx1Z2FyIGZheiwgbWFzIHZvdSB0ZXIgcXVlIGRhciB1bWEgb2xoYWRhIHBhcmEgc2FiZXIu,,W1Rlc3NdCk5vIHPDqSBleGFjdGFtZW50ZSBxdcOpIGhhY2UgZXN0ZSBsdWdhciwgcGVybyB0ZW5kcsOpIHF1ZSBlY2hhciB1biB2aXN0YXpvLg==
LizBBw,,QWNl,,,,,QWNl,,QWNl
LyzBBw,,W0FjZV0KV2h5IGNhbuKAmXQgd2UgZ28gYW55IGZ1cnRoZXI/IERvIHlvdSBoYXZlIGFueSBpZGVhIHdobyB0aGUgcGVvcGxlIGJsb2NraW5nIG91ciB3YXkgYXJlPw==,,,,,W0FjZV0KUG9yIHF1ZSBuw6NvIHBvZGVtb3MgaXIgbWFpcyBsb25nZT8gVm9jw6ogY29uc2VndWUgc2FiZXIgcXVlbSBlc3TDoSBibG9xdWVhbmRvIGEgcGFzc2FnZW0/,,W0FjZV0Kwr9Qb3IgcXXDqSBubyBwb2RlbW9zIGF2YW56YXIgbcOhcz8gwr9QdWVkZXMgc2FiZXIgcXVpw6luIGVzdMOhIGJsb3F1ZWFuZG8gZWwgcGFzbz8=
MCzBBw,,W0FjZV0KSSdtIHN1cmUgVmljZSBQcmVzaWRlbnQgd2lsbCBkZWZpbml0ZWx5IHBlcnN1YWRlIHRoZW0u,,,,,W0FjZV0KTyB2aWNlLXByZXNpZGVudGUgY2VydGFtZW50ZSBvcyBjb252ZW5jZXLDoS4=,,W0FjZV0KRWwgdmljZXByZXNpZGVudGUgc2VndXJhbWVudGUgbG9zIGNvbnZlbmNlcsOhLg==
MSzBBw,,W0FjZV0KRGlkbuKAmXQgVGVzcyBzdWdnZXN0IHRoYXQgd2UgY29tZSB1cCB3aXRoIGEgcGxhbj8gCklmIHdlIGNhbuKAmXQgZmluZCBhIGdvb2Qgc29sdXRpb24sIGl0IHdvdWxkIGJlIGJlc3QgdG8gc3RhcnQgcHJlcGFyaW5nLg==,,,,,W0FjZV0KVGVzcyBuw6NvIGxoZSBkaXNzZSBwYXJhIGVuY29udHJhcm1vcyB1bSBvdXRybyBjYW1pbmhvPw==,,W0FjZV0Kwr9UZXNzIG5vIHRlIGRpam8gcXVlIGJ1c2PDoXJhbW9zIG90cm8gY2FtaW5vPw==
MizBBw,,W0FjZV0KVGhlcmXigJlzIG5vIHRpbWUgdG8gd2FzdGUgaGVyZS4gCkh1cnJ5IGFuZCBtb3ZlIHRvIHRoZSA8TkFWST5bU2FmZSBMb2NhdGlvbl08SU5GTz5zcF9jb3IsMTIyLDE0MSwwLDEwMSwwPC9JTkZPPjwvTkFWST4h,,,,,W0FjZV0KTsOjbyBow6EgdGVtcG8gYXF1aS4gVmFtb3MgcGFyYSA8TkFWST5bdW0gbHVnYXIgc2VndXJvXTxJTkZPPnNwX2NvciwxMjIsMTQxLDAsMTAxLDA8L0lORk8+PC9OQVZJPiE=,,W0FjZV0KTm8gaGF5IHRpZW1wby4gwqFWYW1vcyBhIDxOQVZJPlt1biBsdWdhciBzZWd1cm9dPElORk8+c3BfY29yLDEyMiwxNDEsMCwxMDEsMDwvSU5GTz48L05BVkk+IQ==
MyzBBw,,RWxpdW1pbmE=,,,,,RWx5dW1pbmE=,,RWx5dW1pbmE=
NCzBBw,,W0VsaXVtaW5hXQpIZXksIHdoYXQgYXJlIHlvdSBza2VsZXRvbnMgZG9pbmcgdHJ5aW5nIHRvIHRvdWNoIG15IHN0dWZmPyAKRG8geW91IGV2ZW4ga25vdyB3aGF0IHlvdeKAmXJlIGxvb2tpbmcgYXQ/IApKdXN0IHRyeSBsYXlpbmcgYSBmaW5nZXIgb24gaXQhIApJ4oCZbGwgY2hvcCB5b3VyIGhhbmRzIHJpZ2h0IG9mZiE=,,,,,W0VseXVtaW5hXQpPbmRlIGVzdMOjbyBvcyBiYW5kaWRvcyBtZXhlbmRvIG5hcyBtaW5oYXMgY29pc2FzPyBTZSBlbmNvc3RhcmVtIHVtIGRlZG8gZXUgdm91IGNvcnRhciBhIG3Do28gZm9yYSE=,,W0VseXVtaW5hXQrCv0TDs25kZSBlc3TDoW4gbG9zIGJhc3RhcmRvcyBxdWUgdG9jYW4gbWlzIGNvc2FzPyDCoVNpIHBvbmVuIHVuIGRlZG8sIGxlcyBjb3J0byBsYSBtYW5vIQ==
NSzBBw,,TW9yb24gTm8uIDE=,,,,,Q2FwYW5nYSAx,,U2VjdWF6IDE=
NizBBw,,W01vcm9uIE5vLiAxXQpXaHkgY2FuJ3QgdGhleSBqdXN0IHN0YXkgcHV0IGluc3RlYWQgb2YgZ29pbmcgb3V0IG9mIHRoZWlyIHdheSB0byBjYXVzZSB0cm91YmxlIGxpa2UgdGhhdCE=,,,,,W0NhcGFuZ2EgMV0KRGV2ZXLDrWFtb3MgdGVyIGZpY2FkbyBsb25nZSBkZXNzYSBjb25mdXPDo28h,,W1NlY3VheiAxXQrCoURlYmVyw61hbW9zIGhhYmVybm9zIG1hbnRlbmlkbyBhbCBtYXJnZW4gZGUgZXN0ZSBsw61vIQ==
NyzBBw,,TW9yb24gTm8uIDI=,,,,,Q2FwYW5nYSAy,,U2VjdWF6IDI=
OCzBBw,,W01vcm9uIE5vLiAyXQpUaGVyZSBhcmUgc28gbWFueSBvZiB0aGVtLi4uIApXaWxsIHdlIGJlIG9rYXk/,,,,,W0NhcGFuZ2EgMl0KRWxlcyBlc3TDo28gZW0gbWFpb3IgbsO6bWVybyE=,,W1NlY3VheiAyXQrCoU5vcyBzdXBlcmFuIGVuIG7Dum1lcm8h
OSzBBw,,RGVubnk=,,,,,RGVubnk=,,RGVubnk=
OizBBw,,W0Rlbm55XQpJJ20gc28gY3VyaW91cyBhYm91dCB3aGF0IGl0IGxvb2tzIGxpa2UgaW5zaWRlISAKQ29tZSBvbiwgbGV0J3MgZ28gaW4gYWxyZWFkeX4=,,,,,W0Rlbm55XQpNYWwgcG9zc28gZXNwZXJhciBwYXJhIHZlciBjb21vIMOpIG8gaW50ZXJpb3IgZGVzc2UgbHVnYXJ+,,W0Rlbm55XQpObyBwdWVkbyBlc3BlcmFyIGEgdmVyIGPDs21vIGVzIGVsIGludGVyaW9yIGRlIGVzdGUgbHVnYXJ+
OyzBBw,,W0Rlbm55XQpXYWl0IGEgbWludXRlLCBzb21ldGhpbmcgZmVlbHMgb2ZmLg==,,,,,W0Rlbm55XQpFc3BlcmUsIGjDoSBhbGdvIGVzdHJhbmhvLg==,,W0Rlbm55XQpFc3BlcmEsIGhheSBhbGdvIGV4dHJhw7FvLg==
PCzBBw,,TWFnZW50YQ==,,,,,TWFnZW50YQ==,,TWFnZW50YQ==
PSzBBw,,W01hZ2VudGFdClRoZXkncmUgbm90IGV2ZW4gYXJtZWQuIApXaGF0IGFyZSB0aGV5IHRyeWluZyB0byBkbz8=,,,,,W01hZ2VudGFdCkVsZXMgbmVtIGVzdMOjbyBhcm1hZG9zLiBPIHF1ZSBlc3TDo28gZmF6ZW5kbz8=,,W01hZ2VudGFdCk5pIHNpcXVpZXJhIGVzdMOhbiBhcm1hZG9zLiDCv1F1w6kgZXN0w6FuIGhhY2llbmRvPw==
PizBBw,,W01hZ2VudGFdCkkgaGF2ZSBhIGJhZCBmZWVsaW5nIGFib3V0IHRoaXMuIApJ4oCZZCBiZXR0ZXIgZ2V0IHJlYWR5Lg==,,,,,W01hZ2VudGFdCkV1IG7Do28gdGVuaG8gdW0gYm9tIHByZXNzZW50aW1lbnRvLiBFdSBwcmVjaXNvIG1lIHByZXBhcmFyLg==,,W01hZ2VudGFdClRlbmdvIHVuIG1hbCBwcmVzZW50aW1pZW50by4gRGVibyBwcmVwYXJhcm1lLg==
PyzBBw,,R29ueQ==,,,,,R29uaWU=,,R29uaWU=
QCzBBw,,W0dvbnldCi4uLi4uLg==,,,,,W0dvbmllXQouLi4uLi4uLi4=,,W0dvbmllXQouLi4uLi4uLi4=
QSzBBw,,VG9tbXk=,,,,,VG9tbXk=,,VG9tbXk=
QizBBw,,W1RvbW15XQpUaGlzIHBsYWNlIGlzIHJlYWxseSBuaWNlLiBJdCdzIHF1aWV0LCBhbmQgdGhlIGFpciBpcyBmcmVzaC4gCkkgY2FuJ3Qgd2FpdCB0byBmaW5pc2ggd29yayBhbmQgcmVsYXguLi4=,,,,,W1RvbW15XQrDiSB1bSBsdWdhciB0w6NvIGFncmFkw6F2ZWwgYXF1aS4gw4kgY2FsbW8gZSBvIGFyIMOpIGZyZXNjby4gRXNwZXJvIHF1ZSBlbGVzIHF1ZWlyYW0gZGVzY2Fuc2FyIGFxdWkgZGVwb2lzIGRvIHRyYWJhbGhvLi4u,,W1RvbW15XQpFcyB1biBsdWdhciBtdXkgYWdyYWRhYmxlLiBFcyB0cmFucXVpbG8geSBlbCBhaXJlIGVzIGZyZXNjby4gT2phbMOhIHF1aWVyYW4gZGVzY2Fuc2FyIGFxdcOtIGRlc3B1w6lzIGRlbCB0cmFiYWpvLi4u
QyzBBw,,W1RvbW15XQpXaGF0IGlzIHRoYXQgaHVnZSBidWlsZGluZyB1cCBhaGVhZD8gCkkndmUgbmV2ZXIgc2VlbiBhbnl0aGluZyBsaWtlIGl0IGJlZm9yZS4=,,,,,W1RvbW15XQpRdWUgZGlhYm9zIMOpIGFxdWVsYSBtYW5zw6NvIG5hIGZyZW50ZT8gw4kgYSBwcmltZWlyYSB2ZXogcXVlIHZlam8gYWxnbyBhc3NpbS4=,,W1RvbW15XQrCv1F1w6kgZGlhYmxvcyBlcyBlc2EgbWFuc2nDs24gZGUgZW5mcmVudGU/IEVzIGxhIHByaW1lcmEgdmV6IHF1ZSB2ZW8gYWxnbyBhc8OtLg==
RCzBBw,,SW5qdXJlZCBTb2xkaWVy,,,,,VHJhYmFsaGFkb3IgRmVyaWRv,,VHJhYmFqYWRvciBIZXJpZG8=
RSzBBw,,T2ggbm8uLi4gSSdtIGR5aW5nLiBPaCBkZWFyLi4u,,,,,T2guLi4gZXUgdm91IG1vcnJlci4gQWdoLi4u,,T2guLi4gdm95IGEgbW9yaXIuIEFnaC4uLg==
RizBBw,,VWdoLi4uIE5naC4uLg==,,,,,VXJnLi4uIEFoLi4u,,VXJnLi4uIEFoLi4u
RyzBBw,,W0theWFdCkkgbmV2ZXIgZXhwZWN0ZWQgdGhlbSB0byBwb3NzZXNzIHN1Y2ggc3RyZW5ndGguIApKdXN0IHdoYXQga2luZCBvZiByZXNlYXJjaCB3ZXJlIHRoZXkgY29uZHVjdGluZz8=,,,,,W0theWFdCkV1IG7Do28gc2FiaWEgcXVlIHVtYSBwZXNxdWlzYWRvcmEgdGluaGEgZXNzZSBuw612ZWwgZGUgcG9kZXIuIE8gcXVlIGRpYWJvcyBlbGEgZXN0YXZhIHBlc3F1aXNhbmRvIT8=,,W0theWFdCk5vIHNhYsOtYSBxdWUgdW5hIGludmVzdGlnYWRvcmEgdHV2aWVyYSBlc2Ugbml2ZWwgZGUgcG9kZXIuIMK/UXXDqSBkZW1vbmlvcyBlc3RhYmEgaW52ZXN0aWdhbmRvPw==
SCzBBw,,W0theWFdCiBMZXQncyBtb3ZlIHRvIDxOQVZJPlthbm90aGVyIHBsYWNlXTxJTkZPPnNwX2NvciwxMjIsMTQxLDAsMTAxLDA8L0lORk8+PC9OQVZJPi4gVGhleSBtaWdodCBhdHRhY2sgdXMgYWdhaW4u,,,,,W0theWFdCkFudGVzIGRlIHNlcm1vcyBhdGFjYWRvcyBub3ZhbWVudGUsIGRldmVtb3MgaXIgcGFyYSA8TkFWST5bdW0gb3V0cm8gbHVnYXJdPElORk8+c3BfY29yLDEyMiwxNDEsMCwxMDEsMDwvSU5GTz48L05BVkk+Lg==,,W0theWFdCkFudGVzIGRlIHF1ZSBub3MgYXRhcXVlbiBkZSBudWV2bywgZGViZW1vcyBpciBhIDxOQVZJPltvdHJvIGx1Z2FyXTxJTkZPPnNwX2NvciwxMjIsMTQxLDAsMTAxLDA8L0lORk8+PC9OQVZJPi4=
SSzBBw,,W1Rlc3NdCkkgaG9wZSBub3RoaW5nIGhhcHBlbnMgdW50aWwgdGhlIHJlaW5mb3JjZW1lbnRzIGFycml2ZS4=,,,,,W1Rlc3NdCkF0w6kgcXVlIG8gc2VndW5kbyBncnVwbyBkZSBhdmFuw6dvIGNoZWd1ZSwgZXNwZXJvIHF1ZSBuYWRhIGFjb250ZcOnYS4=,,W1Rlc3NdCkhhc3RhIHF1ZSBsbGVndWUgZWwgc2VndW5kbyBncnVwbyBkZSBhdmFuY2UsIGVzcGVybyBxdWUgbm8gb2N1cnJhIG5hZGEu
SizBBw,,Tm8sIG5vLCB3aGF0IG9uIGVhcnRoIGlzIGhhcHBlbmluZyBoZXJlPyBPaCBkZWFyLi4u,,,,,TsOjbywgbsOjby4uLiBPIHF1ZSBlc3TDoSBhY29udGVjZW5kbyBhcXVpPyBQZWxvcyBkZXVzZXMuLi4=,,Tm8sIG5vLCDCv3F1w6kgZGVtb25pb3MgZXN0w6EgcGFzYW5kbyBhcXXDrT8gQXksIERpb3MgbcOtby4uLg==
SyzBBw,,QWgsIEkgdGhpbmsgSSBodXJ0IG15c2VsZi4gT3VjaCwgb3VjaC4gT2gsIG15IGJhY2shIEkgdGhpbmsgSSBwdWxsZWQgYSBtdXNjbGUh,,,,,QUgsIGV1IGFjaG8gcXVlIG1lIG1hY2h1cXVlaS4gQWksIGFpLiBBSSwgTUlOSEFTIENPU1RBUyEgQWxnbyBzYWl1IGRvIGx1Z2FyIQ==,,QWgsIGNyZW8gcXVlIG1lIGhlIGxhc3RpbWFkby4gQXksIGF5LiDCoUF5LCBtaSBlc3BhbGRhISDCoUNyZW8gcXVlIG1lIGhlIGhlY2hvIHVuIGVzZ3VpbmNlIQ==
TCzBBw,,T2ggbXksIHRoaXMgaXMgc28gZnJpZ2h0ZW5pbmcuIFBsZWFzZSwgc2F2ZSBtZS4gUGxlYXNlLCBJIGJlZyB5b3UsIHNwYXJlIG15IGxpZmUu,,,,,TyBxdWUgdMOhIGFjb250ZW5kbywgbWV1IERldXMuLi4/,,wr9RdcOpIGVzdMOhIHBhc2FuZG8sIERpb3MgbcOtby4uLj8=
TSzBBw,,W0Rlbm55XQpBdHRhY2tpbmcgbWUgYnkgc3VycHJpc2U/IEhvdyBjb3dhcmRseS4gSSB3b24ndCBsZXQgeW91IGdldCBhd2F5IHdpdGggdGhpcyE=,,,,,W0Rlbm55XQrDiSB1bWEgZW1ib3NjYWRhLiBFdSBuw6NvIHZvdSBkZWl4YXIgcGFzc2FyIQ==,,W0Rlbm55XQrCoUVzIHVuYSBlbWJvc2NhZGEhIMKhTm8gbG9zIGRlamFyw6kgcGFzYXIh
TizBBw,,W0Rlbm55XQpHbyB0byA8TkFWST5bdGhhdCBwbGFjZV08SU5GTz5zcF9jb3IsMTIyLDE0MSwwLDEwMSwwPC9JTkZPPjwvTkFWST4gd2l0aCB0aGUgb3RoZXJzLiBJ4oCZbGwgY2F0Y2ggdXAgd2l0aCB0aGVtIHJpZ2h0IGF3YXksIHNvIHBsZWFzZSB0cnVzdCBtZSwgQWR2ZW50dXJlci4=,,,,,W0Rlbm55XQpWw6EgcGFyYSA8TkFWST5bZXNzZSBsdWdhcl08SU5GTz5zcF9jb3IsMTIyLDE0MSwwLDEwMSwwPC9JTkZPPjwvTkFWST4gY29tIG9zIG91dHJvcy4gVm91IGF0csOhcyBkZWxhIGltZWRpYXRhbWVudGUuIENvbmZpbyBlbSB2b2PDqi4=,,W0Rlbm55XQpWZSBhIDxOQVZJPltlc3RlIGx1Z2FyXTxJTkZPPnNwX2NvciwxMjIsMTQxLDAsMTAxLDA8L0lORk8+PC9OQVZJPiBjb24gbG9zIGRlbcOhcy4gSXLDqSB0cmFzIGVsbGEgZGUgaW5tZWRpYXRvLiBDb25mw61vIGVuIHRpLg==
TyzBBw,,W01hZ2VudGFdCkl0IGxvb2tzIGxpa2UgdGhleSBvbmx5IGhhdmUgY2xvc2UtcmFuZ2Ugd2VhcG9ucy4gTW92ZSBvdXQgb2YgdGhlaXIgYXR0YWNrIHJhbmdlLg==,,,,,W01hZ2VudGFdCkFwYXJlbnRlbWVudGUsIGV4aXN0ZW0gYXBlbmFzIGFybWFzIGNvcnBvIGEgY29ycG8uIFNhaWEgZG8gYWxjYW5jZS4=,,W01hZ2VudGFdCkFsIHBhcmVjZXIsIHNvbG8gaGF5IGFybWFzIGN1ZXJwbyBhIGN1ZXJwby4gU2FsZ2FuIGRlIHN1IGFsY2FuY2Uu
UCzBBw,,W01hZ2VudGFdCkxldCdzIGhlYWQgdG8gdGhlIDxOQVZJPltTYWZlIExvY2F0aW9uXTxJTkZPPnNwX2NvciwxMjIsMTQxLDAsMTAxLDA8L0lORk8+PC9OQVZJPiByaWdodCBhd2F5Lg==,,,,,W01hZ2VudGFdClZhbW9zIHBhcmEgdW0gPE5BVkk+W2x1Z2FyIHNlZ3Vyb108SU5GTz5zcF9jb3IsMTIyLDE0MSwwLDEwMSwwPC9JTkZPPjwvTkFWST4u,,W01hZ2VudGFdClZhbW9zIGEgdW4gPE5BVkk+W2x1Z2FyIHNlZ3Vyb108SU5GTz5zcF9jb3IsMTIyLDE0MSwwLDEwMSwwPC9JTkZPPjwvTkFWST4u
USzBBw,,W0dvbnldCi4uLi4uLi4=,,,,,W0dvbmllXQouLi4=,,W0dvbmllXQouLi4=
UizBBw,,W1RvbW15XQpUaGF0IHdhcyBhIGNsb3NlIGNhbGwhIFdoZXcsIGFuIGFtYnVzaCBsaWtlIHRoYXQuLi4=,,,,,W1RvbW15XQpOw6NvIGFjcmVkaXRvIHF1ZSBub3MgZW1ib3NjYXJhbS4=,,W1RvbW15XQpObyBwdWVkbyBjcmVlciBxdWUgbm9zIGhheWFuIGVtYm9zY2Fkby4=
UyzBBw,,W1RvbW15XQpMb29rIGF0IHRoYXQgb25lIHJ1bm5pbmcgYXdheSEgUGxlYXNlIGhlYWQgdG8gPE5BVkk+W1RlbXBvcmFyeSBIZWFkcXVhcnRlcnNdPElORk8+c3BfY29yLDEyMiwxNDEsMCwxMDEsMDwvSU5GTz48L05BVkk+IHdpdGggdGhlIG90aGVycy4=,,,,,W1RvbW15XQpWw6EgcGFyYSA8TkFWST5bdW0gbHVnYXIgc2VndXJvXTxJTkZPPnNwX2NvciwxMjIsMTQxLDAsMTAxLDA8L0lORk8+PC9OQVZJPiBjb20gb3Mgb3V0cm9zLg==,,W1RvbW15XQpWZSBhIDxOQVZJPlt1biBsdWdhciBzZWd1cm9dPElORk8+c3BfY29yLDEyMiwxNDEsMCwxMDEsMDwvSU5GTz48L05BVkk+IGNvbiBsb3MgZGVtw6FzLg==
VCzBBw,,W1Rlc3NdClNvcnJ5IHRvIHRyb3VibGUgeW91LCBidXQgcGxlYXNlIHN0YXJ0IHlvdXIgaW52ZXN0aWdhdGlvbiBmcm9tIHRoZSBlbnRyYW5jZS4=,,,,,W1Rlc3NdClNhYmVtb3MgcXVlIG7Do28gw6kgZsOhY2lsLCBtYXMgcG9yIGZhdm9yIGludmVzdGlndWUgYSBlbnRyYWRhIHByaW1laXJvLg==,,W1Rlc3NdClNhYmVtb3MgcXVlIG5vIGVzIGbDoWNpbCwgcGVybyBwb3IgZmF2b3IgaW52ZXN0aWdhIGxhIGVudHJhZGEgcHJpbWVyby4=
VSzBBw,,W1Rlc3NdCklzIGV2ZXJ5b25lIHNhZmU/,,,,,W1Rlc3NdCkVzdMOjbyB0b2RvcyBiZW0/,,W1Rlc3NdCsK/RXN0w6FuIHRvZG9zIGJpZW4/
VizBBw,,W0xlaXppXQpObywgc2VyaW91c2x5LCBJIHdhcyBqdXN0IGEgbGl0dGxlLCBqdXN0IGEgdGlueSBiaXQgbGF0ZSwgb2theT8gClNvIHdoYXTigJlzIHdpdGggYWxsIHRoaXMgY29tbW90aW9uLCBqdW5raWU/,,,,,W05hbGFuZHJvXQpFdSBlc3RvdSBtdWl0byBvdSBwb3VjbyBhdHJhc2Fkbz8gTyBxdWUgZm9pIHF1ZSBhY29udGVjZXUgYXF1aSwgRmlsw7M/,,W0xhenldCsK/TGxlZ3XDqSBtdXkgdGFyZGUgbyBtdXkgdGVtcHJhbm8/IMK/UXXDqSBwYXPDsyBhcXXDrSwgY3VhdHJvIG9qb3M/
VyzBBw,,V2hhdCBhIG1lc3MsIGl0J3MgdG90YWwgY2hhb3MuIEhvbmVzdGx5LCB0aGV5IGp1c3QgY2FuJ3QgZG8gYW55dGhpbmcgd2l0aG91dCBtZS4=,,,,,VWF1LCBxdWUgYmFndW7Dp2EhIMOJIHBvciBpc3NvIHF1ZSBuw6NvIHF1ZXJvIHZvY8OqIHNhaW5kbyBwb3IgYcOtIHNlbSBtaW0u,,VmF5YSwgcXXDqSBkZXNhc3RyZS4gUG9yIGVzbyBubyBxdWllcm8gcXVlIHNhbGdhcyBzaW4gbcOtLg==
WCzBBw,,W1Rlc3NdCllvdSBjYW4gc2VlIGZvciB5b3Vyc2VsZiwgY2FuJ3QgeW91PwpUaGVyZSdzIG5vIHRpbWUgdG8gZXhwbGFpbiwgc28gaWYgeW91J3JlIG5vdCBidXN5LCBsZW5kIGEgaGFuZC4=,,,,,W1Rlc3NdCk7Do28gdGVtb3MgdGVtcG8gcGFyYSBleHBsaWNhw6fDtWVzLiBTZSBlc3TDoSBjb20gdGVtcG8gcGFyYSBncmFjaW5oYSwgdXNlLW8gcGFyYSBub3MgYWp1ZGFyLg==,,W1Rlc3NdCk5vIGhheSB0aWVtcG8gcGFyYSBleHBsaWNhY2lvbmVzLiBTaSB0aWVuZXMgdGllbXBvIHBhcmEgYnJvbWFzLCDDunNhbG8gcGFyYSBheXVkYXJub3Mu
WSzBBw,,SWYgeW91IGhhZCBhcnJpdmVkIGp1c3QgYSBsaXR0bGUgc29vbmVyLCB0aGVyZSB3b3VsZCBoYXZlIGJlZW4gYSBob2xlIGluIHRoYXQgdG9uZ3VlIG9mIHlvdXJzLiBDb25zaWRlciB5b3Vyc2VsZiBsdWNreS4=,,,,,Vm9jw6ogdGV2ZSBzb3J0ZSBkZSBjaGVnYXIgYXRyYXNhZG8u,,VHV2aXN0ZSBzdWVydGUgZGUgbGxlZ2FyIHRhcmRlLg==
WizBBw,,W0xlaXppXQpVZ2gsIGFuZCBoZXJlIEkgd2FzIHdvcnJpZWQgYWJvdXQgeW91IQ==,,,,,W05hbGFuZHJvXQpQb3hhLCBUZXNzLCBldSBzw7MgdGF2YSBwcmVvY3VwYWRvIGNvbnRpZ28h,,W0xhenldClZhbW9zLCBUZXNzLCDCoXNvbG8gZXN0YWJhIHByZW9jdXBhZG8gcG9yIHRpIQ==
WyzBBw,,W1dvcmtlcl0KSSBjYW4ndCBiZWxpZXZlIGl0Li4uIENoaWVmIFJlc2VhcmNoZXIgYXR0YWNrZWQgdXMu,,,,,W1RyYWJhbGhhZG9yXQpFdSBuw6NvIGFjcmVkaXRvLi4uIEEgcGVzcXVpc2Fkb3JhLWNoZWZlIG5vcyBhdGFjb3Uu,,W1RyYWJhamFkb3JdCk5vIGxvIHB1ZWRvIGNyZWVyLi4uIGxhIGludmVzdGlnYWRvcmEgamVmZSBub3MgYXRhY8OzLg==
XCzBBw,,SSBuZXZlciBleHBlY3RlZCB0aGlzLi4u,,,,,SW5hY3JlZGl0w6F2ZWwuLi4=,,SW5jcmXDrWJsZS4uLg==
XSzBBw,,W1dvcmtlcl0KSGUgd2FzIHNvbWVvbmUgd2hvIG5ldmVyIGNvbXBsYWluZWQgYW5kIGp1c3QgcXVpZXRseSBtYWRlIHRoaW5ncy4uLg==,,,,,W1RyYWJhbGhhZG9yXQpFbGEgc2VxdWVyIGdyaXRhdmEgY29tIGFzIHBlc3NvYXMuLi4gZmljYXZhIG9jdXBhZGEgY3JpYW5kbyBjb2lzYXMu,,W1RyYWJhamFkb3JdCk5pIHNpcXVpZXJhIGxlIGdyaXRhYmEgYSBsYSBnZW50ZS4uLiBlc3RhYmEgb2N1cGFkYSBjcmVhbmRvIGNvc2FzLg==
XizBBw,,WW91IGNhbid0IGp1ZGdlIGEgcGVyc29uIGp1c3QgYnkgdGhlaXIgYXBwZWFyYW5jZS4=,,,,,RGV2ZSB0ZXIgcGVyZGlkbyBhIGNhYmXDp2Eu,,RGViZSBoYWJlciBwZXJkaWRvIGxhIGNhYmV6YS4=
XyzBBw,,W1dvcmtlcl0KQXJlIHlvdSByZWFsbHkgZ29pbmcgdG8uLi4gdXM/,,,,,W1RyYWJhbGhhZG9yXQpSZWFsbWVudGUgbsOzcy4uLiBmb21vcyBhdGFjYWRvcyBwb3IgZWxhLi4u,,W1RyYWJhamFkb3JdCkRlIHZlcmRhZC4uLiBlbGxhIG5vcyBhdGFjw7MuLi4=
YCzBBw,,VG8gdGhpbmsgSeKAmXZlIGJlZW4gd2l0aCBzb21lb25lIGxpa2UgdGhhdCBhbGwgdGhpcyB0aW1lLi4uIEl04oCZcyBzbyBzY2FyeSwgSSBqdXN0IGNhbuKAmXQu,,,,,TsOzcyB0cmFiYWxoYW1vcyBwYXJhIHVtIG1vbnN0cm8uLi4gZXN0b3UgY29tIG1lZG8uLi4=,,VHJhYmFqYW1vcyBwYXJhIHVuIG1vbnN0cnVvLi4uIHRlbmdvIG1pZWRvLi4u
YSzBBw,,W1dvcmtlcl0KQWgsIGRvbuKAmXQgc2F5IHRoaW5ncyBsaWtlIHRoYXQu,,,,,W1RyYWJhbGhhZG9yXQpBaCwgcGFyZW0gZGUgZmFsYXIgaXNzby4=,,W1RyYWJhamFkb3JdCkFoLCBkZWplbiBkZSBkZWNpciBlc28u
YizBBw,,V2hhdCBhcmUgeW91IHRhbGtpbmcgYWJvdXQ/,,,,,T2k/Pw==,,wr9FaD8=
YyzBBw,,W1dvcmtlcl0KRG8geW91IHN0aWxsIHRydXN0IHRoZSBSZXNlYXJjaGVycz8gSXMgdGhhdCB3aHkgeW91J3JlIHNheWluZyB0aGlzPw==,,,,,W1RyYWJhbGhhZG9yXQpWb2PDqiBhaW5kYSBjb25maWEgbm9zIGNpZW50aXN0YXMgZGFxdWk/IFZhaSBwYXNzYXIgcGFubyBwcmEgZWxhPw==,,W1RyYWJhamFkb3JdCsK/VG9kYXbDrWEgY29uZsOtYXMgZW4gbG9zIGNpZW50w61maWNvcyBkZSBhcXXDrT8gwr9WYXMgYSBlbmN1YnJpcmxhPw==
ZCzBBw,,UmVhbGx5Pw==,,,,,VMOhIGZhbGFuZG8gc8OpcmlvPz8=,,wr9IYWJsYXMgZW4gc2VyaW8/
ZSzBBw,,W1dvcmtlcl0KTm8sIHRoYXQncyBub3QgaXQuIEkganVzdCBtZWFudCB5b3Ugc2hvdWxkbid0IHNheSB0aGluZ3MgbGlrZSB0aGF0IGJlY2F1c2UgaXQgbWFrZXMgbWUgc2FkLiBBaCwgdWdoLCBteSB3aG9sZSBib2R5IGFjaGVzLi4u,,,,,W1RyYWJhbGhhZG9yXQpOw6NvLCBuw6NvIMOpIGlzc28sIMOpIHF1ZSBxdWFudG8gbWFpcyBldSBvdcOnbyB2b2PDqnMgZmFsYW5kby4uLiBtYWlzIHRyaXN0ZSBldSBmaWNvIHBlbnNhbmRvIG5hIHNpdHVhw6fDo28uLi4=,,W1RyYWJhamFkb3JdCk5vLCBubyBlcyBlc28uLi4gZXMgcXVlIGN1YW50byBtw6FzIGxvcyBlc2N1Y2hvIGhhYmxhci4uLiBtw6FzIHRyaXN0ZSBtZSBwb25nbyBhbCBwZW5zYXIgZW4gbGEgc2l0dWFjacOzbi4uLg==
ZizBBw,,RG8geW91IHRoaW5rIEknbSBhbnl0aGluZyBzcGVjaWFsPw==,,,,,RXUgdGFtYsOpbSBmaWNvLi4u,,WW8gdGFtYmnDqW4uLi4=
ZyzBBw,,W0FjZV0KSeKAmWxsIGNoZWNrIHRoZSBzdXJyb3VuZGluZ3MsIHNvIHBsZWFzZSBzdGF5IGhlcmUu,,,,,W0FjZV0KVm91IHZlcmlmaWNhciBvcyBhcnJlZG9yZXMsIGVudMOjbywgcG9yIGZhdm9yLCBmaXF1ZW0gYXF1aS4=,,W0FjZV0KUmV2aXNhcsOpIGxvcyBhbHJlZGVkb3Jlcy4gUG9yIGZhdm9yLCBxdcOpZGVuc2UgYXF1w60u
aCzBBw,,SSdsbCBjaGVjayB0aGUgc3Vycm91bmRpbmdzLCBzbyBwbGVhc2Ugc3RheSBoZXJlLg==,,,,,Vm91IHZlcmlmaWNhciBvcyBhcnJlZG9yZXMsIGVudMOjbywgcG9yIGZhdm9yLCBmaXF1ZW0gYXF1aS4=,,UmV2aXNhcsOpIGxvcyBhbHJlZGVkb3Jlcy4gUG9yIGZhdm9yLCBxdcOpZGVuc2UgYXF1w60u
aSzBBw,,W0theWFdCkNoZWNrIG9uIHRoZSBjb25kaXRpb24gb2YgdGhlIEluanVyZWQgU29sZGllcnMu,,,,,W0theWFdClZvY8OqIGRldmUgdmVyaWZpY2FyIGEgY29uZGnDp8OjbyBkb3MgZmVyaWRvcy4=,,W0theWFdCkRlYmVzIHJldmlzYXIgZWwgZXN0YWRvIGRlIGxvcyBoZXJpZG9zLg==
aizBBw,,Q2hlY2sgb24gdGhlIGNvbmRpdGlvbiBvZiB0aGUgSW5qdXJlZCBTb2xkaWVycy4=,,,,,Vm9jw6ogZGV2ZSB2ZXJpZmljYXIgYSBjb25kacOnw6NvIGRvcyBmZXJpZG9zLg==,,RGViZXMgcmV2aXNhciBlbCBlc3RhZG8gZGUgbG9zIGhlcmlkb3Mu
ayzBBw,,W0FjZV0KWWVzLCBzbyBwbGVhc2Ugc3RheSBoZXJlLg==,,,,,W0FjZV0KU2ltLCBlbnTDo28sIHBvciBmYXZvciwgZmlxdWUgYXF1aS4=,,W0FjZV0KU8OtLCBlbnRvbmNlcywgcG9yIGZhdm9yLCBxdcOpZGVuc2UgYXF1w60u
bCzBBw,,WWVzLCBzbyBwbGVhc2Ugc3RheSBoZXJlLg==,,,,,U2ltLCBlbnTDo28sIHBvciBmYXZvciwgZmlxdWUgYXF1aS4=,,U8OtLCBlbnRvbmNlcywgcG9yIGZhdm9yLCBxdcOpZGVuc2UgYXF1w60u
bSzBBw,,W0theWFdCkRvIHlvdSBrbm93IHdobyB0aGF0IHBlcnNvbiB3YXMgZWFybGllcj8=,,,,,W0theWFdClZvY8OqcyBzYWJlbSBxdWVtIGVyYSBhcXVlbGEgcGVzc29hPw==,,W0theWFdCsK/U2FiZW4gcXVpw6luIGVyYSBlc2EgcGVyc29uYT8=
bizBBw,,W1dvcmtlcl0KVGhhdCBpcyBNaXNzIEVsaXVtaW5hLCBvbmUgb2YgdGhlIGNoaWVmIFJlc2VhcmNoZXJzLg==,,,,,W1RyYWJhbGhhZG9yXQpTZW5ob3JpdGEgRWx5dW1pbmEsIHVtYSBkYXMgcHJpbmNpcGFpcyBwZXNxdWlzYWRvcmFzLg==,,W1RyYWJhamFkb3JdCkxhIHNlw7Fvcml0YSBFbHl1bWluYSwgdW5hIGRlIGxhcyBwcmluY2lwYWxlcyBpbnZlc3RpZ2Fkb3Jhcw==
byzBBw,,RG8geW91IHN0aWxsIGNhbGwgaGVyIE1pc3M/,,,,,QWluZGEgdmFpIGNoYW1hciBlbGEgZGUgc2VuaG9yaXRhID8=,,wr9Ub2RhdsOtYSBsYSBsbGFtYXMgc2XDsW9yaXRhPw==
cCzBBw,,W1Rlc3NdCkZvciBzb21lb25lIHdobyBjYW1lIG91dCB0byBmaWdodCBpbiBwZXJzb24sIHlvdSBzZWVtZWQgcmF0aGVyIHVuc2tpbGxlZC4gCldoYXQga2luZCBvZiByZXNlYXJjaCB3ZXJlIHlvdSBpbnZvbHZlZCBpbj8=,,,,,W1Rlc3NdCkVsYSBuw6NvIMOpIHVtYSBsdXRhZG9yYSBwcm9maXNzaW9uYWwuIFF1ZSB0aXBvIGRlIHBlc3F1aXNhIGVsYSBmYXppYT8=,,W1Rlc3NdCk5vIGVzIHVuYSBjb21iYXRpZW50ZSBwcm9mZXNpb25hbC4gwr9RdcOpIHRpcG8gZGUgaW52ZXN0aWdhY2nDs24gaGFjw61hPw==
cSzBBw,,QWN0dWFsbHksIHRoZSBmaWdodGVycyBvbiBib3RoIHNpZGVzIHNlZW1lZCBzdHJvbmdlci4=,,,,,T3MgY2FwYW5nYXMgZGVsYSBlcmFtIG1haXMgZm9ydGVzLg==,,U3VzIHNlY3VhY2VzIGVyYW4gbcOhcyBmdWVydGVzLg==
cizBBw,,W1dvcmtlcl0KVGhhdCdzIGJlY2F1c2UgaGUncyBqdXN0IGEgd2Vha2xpbmcgd2hvIG9ubHkgZXZlciBkaWQgbWFjaGluZSByZXNlYXJjaCBpbiB0aGUgbGFiLiAKSGUgaGFzIG5vIGludGVyZXN0IGluIGFueXRoaW5nIGV4Y2VwdCB0aGUgbWFjaGluZXMgaGUgYnVpbGRzLg==,,,,,W1RyYWJhbGhhZG9yXQpJc3NvIHBvcnF1ZSBlbGEgw6kgdW0gcmF0byBkZSBsYWJvcmF0w7NyaW8gcXVlIHPDsyB0ZW0gaW50ZXJlc3NlIG5hcyBtw6FxdWluYXMgcXVlIGZhei4=,,W1RyYWJhamFkb3JdClBvcnF1ZSBlcyB1bmEgcmF0YSBkZSBsYWJvcmF0b3JpbyBpbnRlcmVzYWRhIHNvbG8gZW4gbGFzIG3DoXF1aW5hcyBxdWUgY3JlYS4=
cyzBBw,,SSBmaWd1cmVkIGl0IG91dCBhIGxvbmcgdGltZSBhZ28u,,,,,RXUgasOhIGRldmVyaWEgdGVyIGltYWdpbmFkby4=,,RGViw60gaGFiZXJsbyBpbWFnaW5hZG8u
dCzBBw,,W1dvcmtlcl0KTm93IHRoYXQgSSB0aGluayBhYm91dCBpdCwgdGhlcmUgd2FzIHNvbWV0aGluZyBvZmYgYWJvdXQgdGhhdCBwZXJzb24ncyBleWVzLiAKVGhleSBsb29rZWQgY29tcGxldGVseSBvdXQgb2YgdGhlaXIgbWluZC4=,,,,,W1RyYWJhbGhhZG9yXQpBZ29yYSBxdWUgcGFybyBwYXJhIHBlbnNhciwgZWxhIHRpbmhhIHVtICdxdcOqJyBkZSBsb3VjdXJhIG5vIG9saGFyLg==,,W1RyYWJhamFkb3JdCkFob3JhIHF1ZSBsbyBwaWVuc28sIHRlbsOtYSB1bmEgbWlyYWRhIHVuIHBvY28gbG9jYS4=
dSzBBw,,VGhhdCdzIHJpZ2h0LiBTaGUgdXNlZCB0byBsYXVnaCBzdHJhbmdlbHkgYmVmb3JlLg==,,,,,RSBlbGEgZ2FyZ2FsaGF2YSBtZWlvIGVzdHJhbmhvLg==,,WSBzZSByZcOtYSBkZSBmb3JtYSBleHRyYcOxYS4=
dizBBw,,W1dvcmtlcl0KRGlkIHlvdSBzZWUgdGhhdCByb29tPyAKRXZlbiBqdXN0IGNhdGNoaW5nIGEgZ2xpbXBzZSBvZiBpdCBhcyBJIHBhc3NlZCBieSBnYXZlIG1lIHRoZSBjaGlsbHMuIApUaGF0IHBlcnNvbiBnbGFyZWQgYXQgbWUgYW5kIHNsYW1tZWQgdGhlIGRvb3Igc2h1dCwgYnV0IEkgc2F3IGl0Lg==,,,,,W1RyYWJhbGhhZG9yXQpFIG8gZG9ybWl0w7NyaW8gZGVsYT8gRm9pIGFzc3VzdGFkb3IgcXVhbmRvIHBhc3NhbW9zIGUgdmltb3MuIEVsYSB2aXZlIGNvbSBhIHBvcnRhIHRyYW5jYWRhLg==,,W1RyYWJhamFkb3JdCsK/WSBzdSBkb3JtaXRvcmlvPyBGdWUgYXRlcnJhZG9yIGN1YW5kbyBwYXNhbW9zIHkgbG8gdmltb3MuIFZpdmUgY29uIGxhIHB1ZXJ0YSBjZXJyYWRhLg==
dyzBBw,,VGhlIHNpZ25zIHdlcmUgdGhlcmUgZnJvbSBiYWNrIHRoZW4u,,,,,TsOjbyB2aW1vcyBvcyBzaW5haXMu,,Tm8gdmltb3MgbGFzIHNlw7FhbGVzLg==
eCzBBw,,W0theWFdCkFyZSB5b3Ugc2F5aW5nIHlvdSB3aXRuZXNzZWQgYW4gaWxsZWdhbCBleHBlcmltZW50Pw==,,,,,W0theWFdClZvY8OqcyB0ZXN0ZW11bmhhcmFtIG9zIGV4cGVyaW1lbnRvcyBpbGVnYWlzIGRlbGE/,,W0theWFdCsK/RnVlcm9uIHRlc3RpZ29zIGRlIHN1cyBleHBlcmltZW50b3MgaWxlZ2FsZXM/
eSzBBw,,W1dvcmtlcl0KWWVzLCBJIHN1cHBvc2UgdGhhdCdzIHBvc3NpYmxlLiAKQWxsIHRoZXNlIGRpZmZlcmVudCBtYWNoaW5lcyBhcmUgdGFuZ2xlZCB0b2dldGhlciBhbmQgbW92aW5nIGluIHN1Y2ggc3RyYW5nZSB3YXlzLiAKV2hldy4uLg==,,,,,W1RyYWJhbGhhZG9yXQpTaW0sIHRhbHZleiBzZWphbSBpbGVnYWlzLiBFdSB2aSB1bWFzIG3DoXF1aW5hcyBxdWUgc2UgbW92ZW0gZGUgdW0gamVpdG8gYml6YXJyby4uLg==,,W1RyYWJhamFkb3JdClPDrSwgdGFsIHZleiBlcmFuIGlsZWdhbGVzLiBWaSB1bmFzIG3DoXF1aW5hcyBxdWUgc2UgbW92w61hbiBkZSBmb3JtYSBleHRyYcOxYS4uLg==
eizBBw,,V2h5IGFyZSB5b3Ugb25seSB0ZWxsaW5nIG1lIHRoYXQgbm93Pw==,,,,,UG9yIHF1ZSBuw6NvIGZhbG91IGlzc28gYW50ZXM/,,wr9Qb3IgcXXDqSBubyBkaWppc3RlIGVzbyBhbnRlcz8=
eyzBBw,,W1Rlc3NdCkRvIHlvdSBiZWxpZXZlIHdoYXQgd2UndmUgdG9sZCB5b3Ugbm93Pw==,,,,,W1Rlc3NdClZvY8OqcyB2w6NvIGFjcmVkaXRhciBlbSBuw7NzIGFnb3JhPw==,,W1Rlc3NdCsK/QWhvcmEgc8OtIHZhbiBhIGNyZWVybm9zPw==
fCzBBw,,W1dvcmtlcl0KT2gsIEkgYmVsaWV2ZSB5b3UhIEkgdHJ1c3QgeW91IGNvbXBsZXRlbHkh,,,,,W1RyYWJhbGhhZG9yXQpPaCwgZXUgYWNyZWRpdG8hIEV1IGFjcmVkaXRvIGluY29uZGljaW9uYWxtZW50ZSE=,,W1RyYWJhamFkb3JdCsKhT2gsIHPDrSBjcmVvISDCoUNyZW8gaW5jb25kaWNpb25hbG1lbnRlIQ==
fSzBBw,,Tm8gd2F5ISEh,,,,,RXUgdGFtYsOpbSEhIQ==,,wqFZbyB0YW1iacOpbiE=
fizBBw,,W1dvcmtlcl0KSWYgSSBjYW4ndCB0cnVzdCB3aGF0IFZpY2UgUHJlc2lkZW50IHNheXMsIHRoZW4gd2hvc2Ugd29yZCBpbiB0aGUgY29tcGFueSBjYW4gSSBiZWxpZXZlIQ==,,,,,W1RyYWJhbGhhZG9yXQpOw6NvIGjDoSBwZXNzb2EgbWFpcyBjb25macOhdmVsIHF1ZSBvIHZpY2UtcHJlc2lkZW50ZSBkYSBSZWtlbmJlciE=,,W1RyYWJhamFkb3JdCsKhTm8gaGF5IG5hZGllIG3DoXMgY29uZmlhYmxlIHF1ZSBlbCB2aWNlcHJlc2lkZW50ZSBkZSBSZWtlbmJlciE=
fyzBBw,,Tm93IEkgY2FuJ3QgdHJ1c3QgYW55b25lIGFueW1vcmUu,,,,,QWNyZWRpdGFtb3Mh,,wqFDcmVlbW9zIQ==
gCzBBw,,T2YgY291cnNlIQ==,,,,,VG90YWwh,,wqFUb3RhbG1lbnRlIQ==
gSzBBw,,W0xlaXppXQpHcmVhdC4gWW91IGNhbiB0YWtlIHRoaXMgb3Bwb3J0dW5pdHkgdG8gaW52ZXN0aWdhdGUgdGhhdC4gClZpY2UgUHJlc2lkZW50LCBwbGVhc2UgaGFuZCBvdmVyIHRoYXQgZG9jdW1lbnQu,,,,,W05hbGFuZHJvXQrDk3RpbW8uIEVudMOjbywgdmFtb3MgZGVzY29icmlyIG8gcG9ycXXDqiBkZSB2b2PDqnMgZXN0YXJlbSBhcXVpLiBWaWNlLXByZXNpZGVudGUsIHBvciBmYXZvciwgbyBkb2N1bWVudG8u,,W0xhenldCkV4Y2VsZW50ZS4gRW50b25jZXMsIGF2ZXJpZ8O8ZW1vcyBwb3IgcXXDqSBlc3TDoW4gYXF1w60uIFZpY2VwcmVzaWRlbnRlLCBwb3IgZmF2b3IsIGVsIGRvY3VtZW50by4=
gizBBw,,V2hhdCBraW5kIG9mIGludmVzdGlnYXRpb24/,,,,,UXVlIGludmVzdGlnYcOnw6NvPw==,,wr9RdcOpIGludmVzdGlnYWNpw7NuPw==
gyzBBw,,W0theWFdCldoYXQgZG9jdW1lbnQgYXJlIHlvdSB0YWxraW5nIGFib3V0Pw==,,,,,W0theWFdCkRlIHF1ZSBkb2N1bWVudG8gdm9jw6ogZXN0w6EgZmFsYW5kbz8=,,W0theWFdCsK/RGUgcXXDqSBkb2N1bWVudG8gZXN0w6FzIGhhYmxhbmRvPw==
hCzBBw,,W0xlaXppXQpNaXNzaW5nIHBlcnNvbnMgbGlzdC4gCkkgbmVlZCB0byBjb21wYXJlIGl0IHdpdGggdGhlIHBlb3BsZSBoZXJlLg==,,,,,W05hbGFuZHJvXQpBIGxpc3RhIGRvcyBmdW5jaW9uw6FyaW9zIGRlc2FwYXJlY2lkb3MuIFZvdSBjb21wYXJhciBjb20gb3MgdHJhYmFsaGFkb3JlcyBkYXF1aS4=,,W0xhenldCkxhIGxpc3RhIGRlIGVtcGxlYWRvcyBkZXNhcGFyZWNpZG9zLiBMYSBjb21wYXJhcsOpIGNvbiBsb3MgdHJhYmFqYWRvcmVzIGRlIGFxdcOtLg==
hSzBBw,,SXQgd291bGQgYmUgbmljZSBpZiB0aGV5IGNhbWUgb3V0IG9uZSBhZnRlciBhbm90aGVyLg==,,,,,QXBvc3RvIHF1ZSB2YWkgYmF0ZXIgdG9kb3Mgb3Mgbm9tZXMu,,QXB1ZXN0byBhIHF1ZSBjb2luY2lkaXLDoW4gdG9kb3MgbG9zIG5vbWJyZXMu
hizBBw,,W0xlaXppXQpBbHJpZ2h0LCBwbGVhc2UgbGluZSB1cCBoZXJlLiAKRm9ybSB0aHJlZSBsaW5lcy4gCldoZW4gaXQncyB5b3VyIHR1cm4sIHN0YXRlIHlvdXIgYWZmaWxpYXRpb24gYW5kIG5hbWUu,,,,,W05hbGFuZHJvXQpUb2RvIG11bmRvLCBhbGluaGVtLXNlIGVtIHRyw6pzIGZpbGFzLiBRdWFuZG8gZm9yIHN1YSB2ZXosIHBvciBmYXZvciwgbWUgZGlnYSBzZXUgbm9tZSBlIHNldG9yIGRlIHRyYWJhbGhvLg==,,W0xhenldClRvZG9zLCBmb3JtZW4gdHJlcyBmaWxhcy4gQ3VhbmRvIHNlYSBzdSB0dXJubywgcG9yIGZhdm9yIGTDrWdhbm1lIHN1IG5vbWJyZSB5IGVsIHNlY3RvciBlbiBlbCBxdWUgdHJhYmFqYW4u
hyzBBw,,TGV0IG1lIGdvIGZpcnN0LiBJIGZlZWwgbGlrZSBJJ20gYWJvdXQgdG8gZGllLg==,,,,,RGVpeGEgZXUgc2VyIG8gcHJpbWVpcm8uIFNpbnRvIHF1ZSBldSB2b3UgbW9ycmVyLg==,,RMOpamVubWUgc2VyIGVsIHByaW1lcm8uIFNpZW50byBxdWUgdm95IGEgbW9yaXIu
iCzBBw,,V2hhdCBhcmUgeW91IHRhbGtpbmcgYWJvdXQ/IEkgd2FzIGhlcmUgZmlyc3Qu,,,,,TmVtIHBlbnNhci4gRXUgc291IG8gcHJpbWVpcm8u,,TmkgcGVuc2FybG8uIFlvIHZveSBwcmltZXJvLg==
iSzBBw,,W0FjZV0KVmljZSBQcmVzaWRlbnQsIGV4Y3VzZSBtZS4uLiBJIGhhdmUgc29tZXRoaW5nIHRvIHJlcG9ydC4=,,,,,W0FjZV0KVmljZS1wcmVzaWRlbnRlLCBlc3BlcmUuLi4gZXUgdGVuaG8gYWxnbyBwYXJhIHJlbGF0YXIgYSB2b2PDqi4=,,W0FjZV0KVmljZXByZXNpZGVudGUsIGVzcGVyZS4uLiB0ZW5nbyBhbGdvIHF1ZSBpbmZvcm1hcmxlLg==
iizBBw,,W0theWFdCldoYXQgaXMgaXQ/,,,,,W0theWFdCk8gcXVlIGVzdMOhIGFjb250ZWNlbmRvPw==,,W0theWFdCsK/UXXDqSBzdWNlZGU/
iyzBBw,,W0FjZV0KVGhpcyBpc27igJl0IHRoZSByaWdodCBwbGFjZSB0byB0YWxrLiBQbGVhc2UgY29tZSBvdmVyIDxOQVZJPltoZXJlXTxJTkZPPnNwX2NvciwxMzUsMTQ3LDAsMTAxLDA8L0lORk8+PC9OQVZJPi4=,,,,,W0FjZV0KRW0gcGFydGljdWxhci4gVmVuaGEgY29taWdvIHBhcmEgPE5BVkk+W2Vzc2UgbHVnYXJdPElORk8+c3BfY29yLDEzNSwxNDcsMCwxMDEsMDwvSU5GTz48L05BVkk+Lg==,,W0FjZV0KRW4gcHJpdmFkby4gVmVuZ2EgY29ubWlnbyBhIDxOQVZJPltlc3RlIGx1Z2FyXTxJTkZPPnNwX2NvciwxMzUsMTQ3LDAsMTAxLDA8L0lORk8+PC9OQVZJPi4=
jCzBBw,,W1Rlc3NdCkRpZG4ndCA8TkFWST5bQWNlXTxJTkZPPnNwX2NvciwxMzUsMTQ3LDAsMTAxLDA8L0lORk8+PC9OQVZJPiBqdXN0IGVzY29ydCBWaWNlIFByZXNpZGVudD8gSSBob3BlIG5vbmUgb2YgdGhlIEluanVyZWQgU29sZGllciBhcmUgc2VyaW91c2x5IGh1cnQuIEknbSB3b3JyaWVkLg==,,,,,W1Rlc3NdClBhcmVjZSBxdWUgPE5BVkk+W0FjZV08SU5GTz5zcF9jb3IsMTM1LDE0NywwLDEwMSwwPC9JTkZPPjwvTkFWST4gdGVtIGFsZ28gYSBmYWxhciBjb20gbyB2aWNlLXByZXNpZGVudGUu,,W1Rlc3NdClBhcmVjZSBxdWUgPE5BVkk+W0FjZV08SU5GTz5zcF9jb3IsMTM1LDE0NywwLDEwMSwwPC9JTkZPPjwvTkFWST4gdGllbmUgYWxnbyBxdWUgZGVjaXJsZSBhbCB2aWNlcHJlc2lkZW50ZS4=
jSzBBw,,W1Rlc3NdCkl0IGxvb2tzIGxpa2UgaXQgd2lsbCB0YWtlIHF1aXRlIHNvbWUgdGltZSB0byBpbnZlc3RpZ2F0ZSBhbGwgdGhlIHNjYXR0ZXJlZCBkYXRhIGFuZCBoaWRkZW4gbG9jYXRpb25zLg==,,,,,W1Rlc3NdCkxldmFyw6EgdW0gdGVtcG8gY29uc2lkZXLDoXZlbCBwYXJhIGludmVzdGlnYXIgdG9kb3Mgb3MgbWF0ZXJpYWlzIGUgbGFib3JhdMOzcmlvcyBlc2NvbmRpZG9zIHBvciBhw60u,,W1Rlc3NdCkxsZXZhcsOhIGJhc3RhbnRlIHRpZW1wbyBpbnZlc3RpZ2FyIHRvZG9zIGxvcyBtYXRlcmlhbGVzIHkgbGFib3JhdG9yaW9zIG9jdWx0b3MgZGUgcG9yIGFxdcOtLg==
jizBBw,,W0theWFdCkFyZSB5b3UgYWxyaWdodCwgYWR2ZW50dXJlcj8gVGhlcmUgYXJlIG1hbnkgSW5qdXJlZCBTb2xkaWVycywgc28gSeKAmW0gd29ycmllZC4gV2Ugc2hvdWxkIGhlYXIgd2hhdCBraW5kIG9mIHBsYW4gVGVzcyBjb21lcyB1cCB3aXRoLg==,,,,,W0theWFdClZvY8OqIGVzdMOhIGJlbSwgdmlhamFudGU/IEVzdG91IHByZW9jdXBhZG8gY29tIG9zIGZlcmlkb3MuIFZhbW9zIG91dmlyIG8gcXVlIG8gU3IuIFRlc3MgdmFpIGZhbGFyLg==,,W0theWFdCsK/RXN0w6FzIGJpZW4sIHRyb3RhbXVuZG9zPyBNZSBwcmVvY3VwYW4gbG9zIGhlcmlkb3MuIEVzY3VjaGVtb3MgbG8gcXVlIGVsIFNyLiBUZXNzIHRpZW5lIHF1ZSBkZWNpci4=
jyzBBw,,W0theWFdCjxOQVZJPltBY2VdPElORk8+c3BfY29yLDEzNSwxNDcsMCwxMDEsMDwvSU5GTz48L05BVkk+c2VlbXMgdG8gYmUgbG9va2luZyBmb3IgeW91IGFib3V0IHRoZSBJbmp1cmVkIFNvbGRpZXIuIFlvdSBzaG91bGQgZ28gc2VlIHRoZW0u,,,,,W0theWFdCjxOQVZJPltBY2VdPElORk8+c3BfY29yLDEzNSwxNDcsMCwxMDEsMDwvSU5GTz48L05BVkk+IHF1ZXIgZmFsYXIgY29taWdvLiBWb3UgdGVyIHF1ZSBpci4=,,W0theWFdCjxOQVZJPltBY2VdPElORk8+c3BfY29yLDEzNSwxNDcsMCwxMDEsMDwvSU5GTz48L05BVkk+IHF1aWVyZSBoYWJsYXIgY29ubWlnby4gVGVuZHLDqSBxdWUgaXIu
kCzBBw,,W0theWFdCkkgaG9wZSB3ZSBjYW4gZmluZCBhbGwgdGhlIG1pc3NpbmcgcGVvcGxlIGhlcmUu,,,,,W0theWFdClRlbmhvIGVzcGVyYW7Dp2FzIGRlIGVuY29udHJhciB0b2RvcyBvcyBkZXNhcGFyZWNpZG9zIGFxdWku,,W0theWFdClRlbmdvIGxhIGVzcGVyYW56YSBkZSBlbmNvbnRyYXIgYXF1w60gYSB0b2RvcyBsb3MgZGVzYXBhcmVjaWRvcy4=
kSzBBw,,TGVpemk=,,,,,TmFsYW5kcm8=,,TGF6eQ==
kizBBw,,W0xlaXppXQpJIHdhcyBhIGJpdCBsYXRlIGJlY2F1c2UgSSB3YXMgb3JnYW5pemluZyB0aGUgcmVwb3J0cywgYW5kIGluIHRoZSBtZWFudGltZSwgZXZlcnl0aGluZyB0dXJuZWQgaW50byBjaGFvcy4gCkhvbmVzdGx5LCB0aGluZ3MganVzdCBmYWxsIGFwYXJ0IHdpdGhvdXQgbWUgYXJvdW5kLg==,,,,,W05hbGFuZHJvXQpDaGVndWVpIHRhcmRlIHBhcmEgb3JnYW5pemFyIG8gcmVsYXTDs3JpbyBlIHF1YW5kbyB2ZW5obyBwYXJhIGPDoSwgZXN0w6EgdHVkbyB1bWEgYmFndW7Dp2Eu,,W0xhenldCkxsZWd1w6kgdGFyZGUgcGFyYSBvcmdhbml6YXIgZWwgaW5mb3JtZSB5IGN1YW5kbyB2ZW5nbyBhcXXDrSwgdG9kbyBlc3TDoSBoZWNobyB1biBkZXNhc3RyZS4=
kyzBBw,,W0xlaXppXQo8TkFWST5bQWNlXTxJTkZPPnNwX2NvciwxMzUsMTQ3LDAsMTAxLDA8L0lORk8+PC9OQVZJPiBzZWVtcyB0byBoYXZlIHNvbWV0aGluZyB1cmdlbnQgdG8gZGlzY3VzcyB3aXRoIHRoZSBWSVAuIApJcyBpdCBhYm91dCB0aGUgd2hlcmVhYm91dHMgb2YgdGhlIEluanVyZWQgU29sZGllcnM/,,,,,W05hbGFuZHJvXQpBIHNlbmhvcml0YSA8TkFWST5bQWNlXTxJTkZPPnNwX2NvciwxMzUsMTQ3LDAsMTAxLDA8L0lORk8+PC9OQVZJPiBwYXJlY2UgdGVyIGFsZ28gYSBkaXplciBhbyBWSVAuIFNlcsOhIHF1ZSDDqSBzb2JyZSBvcyBmZXJpZG9zPw==,,W0xhenldCkxhIHNlw7Fvcml0YSA8TkFWST5bQWNlXTxJTkZPPnNwX2NvciwxMzUsMTQ3LDAsMTAxLDA8L0lORk8+PC9OQVZJPiBwYXJlY2UgdGVuZXIgYWxnbyBxdWUgZGVjaXJsZSBhbCBWSVAuIMK/U2Vyw6Egc29icmUgbG9zIGhlcmlkb3M/
lCzBBw,,W0xlaXppXQpUaGlzIG11c3QgYmUgdGhlIHBsYWNlLCByaWdodD8gCkkgc2hvdWxkIGZpbmlzaCBpbnZlc3RpZ2F0aW5nIHRoZSBtaXNzaW5nIHBlb3BsZS4=,,,,,W05hbGFuZHJvXQpFc3NlIMOpIG8gbHVnYXIsIG7Do28gw6k/IE1lbGhvciBldSBwcm9jdXJhciBwZWxvcyBkZXNhcGFyZWNpZG9zIGFxdWku,,W0xhenldCkVzdGUgZXMgZWwgbHVnYXIsIMK/dmVyZGFkPyBTZXLDoSBtZWpvciBxdWUgYnVzcXVlIGFxdcOtIGEgbG9zIGRlc2FwYXJlY2lkb3Mu
lSzBBw,,Um9va2ll,,,,,THVraWU=,,THVraWU=
lizBBw,,W1Jvb2tpZV0KRmlyc3QsIHBsZWFzZSBqb2luIHRoZSA8TkFWST5bU2VhcmNoIFBhcnR5XTxJTkZPPnNwX2NvciwxMDgsMTMwLDAsMTAxLDA8L0lORk8+PC9OQVZJPi4gV2XigJlsbCBmb2xsb3cgeW91IHNob3J0bHku,,,,,W0x1a2llXQpQcmltZWlybywganVudGUtc2UgYW8gPE5BVkk+W0dydXBvIGRlIEF2YW7Dp29dPElORk8+c3BfY29yLDEwOCwxMzAsMCwxMDEsMDwvSU5GTz48L05BVkk+LiBTZWd1aXJlbW9zIGVtIGJyZXZlLg==,,W0x1a2llXQpQcmltZXJvLCDDum5ldGUgYWwgPE5BVkk+W0dydXBvIGRlIEF2YW5jZV08SU5GTz5zcF9jb3IsMTA4LDEzMCwwLDEwMSwwPC9JTkZPPjwvTkFWST4uIFBhcnRpcmVtb3MgZW4gYnJldmUu
lyzBBw,,W1Jvb2tpZV0KSXQncyBoYXJkIHRvIGJlbGlldmUgdGhpcyBwbGFjZSB3YXMgdXNlZCBmb3IgaWxsZWdhbCBleHBlcmltZW50cy4gSG93IGNhbiBpdCBsb29rIHNvIG5pY2U/,,,,,W0x1a2llXQpFdSByZWFsbWVudGUgbsOjbyBwb3NzbyBhY3JlZGl0YXIgcXVlIGVzdGUgw6kgdW0gbHVnYXIgcGFyYSBleHBlcmltZW50b3MgaWxlZ2Fpcy4=,,W0x1a2llXQpEZSB2ZXJkYWQgbm8gcHVlZG8gY3JlZXIgcXVlIGVzdGUgc2VhIHVuIGx1Z2FyIHBhcmEgZXhwZXJpbWVudG9zIGlsZWdhbGVzLg==
mCzBBw,,W0FjZV0KSXQncyB0cm91YmxpbmcgYmVjYXVzZSBWaWNlIFByZXNpZGVudCBpbnNpc3RlZCBvbiBpbnNwZWN0aW5nIHRoaXMgcGxhY2UgcGVyc29uYWxseS4gVGhlcmUgd2FzIGV2ZW4gYW4gYXR0YWNrIGp1c3QgYSBtb21lbnQgYWdv4oCUSSB3aXNoIHRoZXkgd291bGQgc3RheSBzb21ld2hlcmUgc2FmZS4uLg==,,,,,W0FjZV0KTsOzcyBmb21vcyBhdGFjYWRvcyBhIHBvdWNvIHRlbXBvLCDDqSBkaWbDrWNpbCBhY3JlZGl0YXIgcXVlIG8gdmljZS1wcmVzaWRlbnRlIHByZWZlcmUgZmljYXIgYXF1aSB2aXN0b3JpYW5kbyBhbyBpbnbDqXMgZGUgZmljYXIgZW0gdW0gbHVnYXIgc2VndXJvLi4u,,W0FjZV0KRnVpbW9zIGF0YWNhZG9zIGhhY2UgcG9jby4gRXMgZGlmw61jaWwgY3JlZXIgcXVlIGVsIHZpY2VwcmVzaWRlbnRlIHByZWZpZXJhIHF1ZWRhcnNlIGFxdcOtIGluc3BlY2Npb25hbmRvIGVuIGx1Z2FyIGRlIGVzdGFyIGVuIHVuIHNpdGlvIHNlZ3Vyby4uLg==
mSzBBw,,W0FjZV0KSSBoYXZlIHNvbWV0aGluZyBpbXBvcnRhbnQgdG8gZGlzY3VzcyB3aXRoIFZpY2UgUHJlc2lkZW50LiAKQWR2ZW50dXJlciwgcGxlYXNlIGNvbWUgdG8gPE5BVkk+W3RoaXMgbG9jYXRpb25dPElORk8+c3BfY29yLDEzNSwxNDcsMCwxMDEsMDwvSU5GTz48L05BVkk+IGFuZCBsaXN0ZW4gdG9nZXRoZXIu,,,,,W0FjZV0KVGVuaG8gYWxnbyBhIGRpemVyIGFvIHZpY2UtcHJlc2lkZW50ZS4gVm9jw6ogcG9kZSB2aXIgPE5BVkk+W3BvciBlc3NlIGNhbWluaG9dPElORk8+c3BfY29yLDEzNSwxNDcsMCwxMDEsMDwvSU5GTz48L05BVkk+Lg==,,W0FjZV0KVGVuZ28gYWxnbyBxdWUgZGVjaXJsZSBhbCB2aWNlcHJlc2lkZW50ZS4gUHVlZGVzIHZlbmlyIDxOQVZJPltwb3IgZXN0ZSBjYW1pbm9dPElORk8+c3BfY29yLDEzNSwxNDcsMCwxMDEsMDwvSU5GTz48L05BVkk+IHkgZXNjdWNoYXIgdGFtYmnDqW4u
mizBBw,,W0FjZV0KSG9uZXN0bHksIEkgaGFkIG5vIGlkZWEgYSBwbGFjZSBsaWtlIHRoaXMgd2FzIGhpZGRlbiBoZXJlLiAKSnVzdCB3aGF0IGtpbmQgb2YgdGVycmlibGUgdGhpbmdzIGhhdmUgdGhleSBiZWVuIHVwIHRvLCBhd2F5IGZyb20gZXZlcnlvbmXigJlzIGV5ZXM/,,,,,W0FjZV0KSG9uZXN0YW1lbnRlLCBldSBuw6NvIHRpbmhhIGlkZWlhIGRlIHF1ZSBlc3NlIGx1Z2FyIGVzdGF2YSBlc2NvbmRpZG8uIENvbW8gZml6ZXJhbSBwYXJhIG7Do28gZGVzY29icmlyZW0gcG9yIHRhbnRvIHRlbXBvPw==,,W0FjZV0KSG9uZXN0YW1lbnRlLCBubyB0ZW7DrWEgaWRlYSBkZSBxdWUgZXN0ZSBsdWdhciBlc3R1dmllcmEgb2N1bHRvLiDCv0PDs21vIGxvZ3Jhcm9uIHF1ZSBubyBsbyBkZXNjdWJyaWVyYW4gZHVyYW50ZSB0YW50byB0aWVtcG8/
myzBBw,,W0FjZV0KWW91IG5ldmVyIGtub3cgd2hlbiBhbiBlbmVteSBtaWdodCBhdHRhY2suIApQbGVhc2UgY29tZSBiYWNrIHdoZW4geW91IGFyZSBhYmxlIHRvIHByb3RlY3QgeW91cnNlbGYu,,,,,W0FjZV0KVm9jw6ogbnVuY2Egc2FiZSBxdWFuZG8gaGF2ZXLDoSB1bSBhdGFxdWUgaW5pbWlnby4gVm9sdGUgcXVhbmRvIHB1ZGVyIHNlIGRlZmVuZGVyLg==,,W0FjZV0KTnVuY2Egc2FiZXMgY3XDoW5kbyBoYWJyw6EgdW4gYXRhcXVlIGVuZW1pZ28uIFZ1ZWx2ZSBjdWFuZG8gcHVlZGFzIGRlZmVuZGVydGUu
nCzBBw,,W0FjZV0KSXQgbG9va3MgbGlrZSB5b3UncmUgY2FycnlpbmcgdG9vIG11Y2guIApIb3cgYWJvdXQgbGVhdmluZyBzb21lIGl0ZW1zIGJlaGluZCBhbmQgY29taW5nIGJhY2s/,,,,,W0FjZV0KVm9jw6ogcGFyZWNlIHRlciBtdWl0b3MgaXRlbnMuIFBvciBxdWUgdm9jw6ogbsOjbyB2ZW0gY29tIHVtIHBvdWNvIG1lbm9zIGRlIHBlc28/,,W0FjZV0KUGFyZWNlIHF1ZSBsbGV2YXMgZGVtYXNpYWRvcyBvYmpldG9zLiDCv1BvciBxdcOpIG5vIHZpZW5lcyBjb24gdW4gcG9jbyBtZW5vcyBkZSBwZXNvPw==
nSzBBw,,W0FjZV0KVGhpcyB3YXku,,,,,W0FjZV0KUG9yIGFxdWku,,W0FjZV0KUG9yIGFxdcOtLg==
nizBBw,,W0theWFdCkhvdyBhcmUgdGhlIGluanVyZWQgcGVvcGxlIGRvaW5nPw==,,,,,W0theWFdCkNvbW8gZXN0w6NvIG9zIGZlcmlkb3M/,,W0theWFdCsK/Q8OzbW8gZXN0w6FuIGxvcyBoZXJpZG9zPw==
nyzBBw,,W0FjZV0KV2UncmUgbW9uaXRvcmluZyB0aGUgbW9yZSBzZXJpb3VzIGNhc2VzIHNlcGFyYXRlbHksIGFuZCBhZnRlciB0cmVhdGluZyB0aGUgbGlnaHRseSBpbmp1cmVkLCB3ZSdyZSBjb25kdWN0aW5nIG1lZGljYWwgY2hlY2t1cHMu,,,,,W0FjZV0KRmVyaWRvcyBncmF2ZW1lbnRlIGVzdMOjbyBzZW5kbyBleGFtaW5hZG9zIHNlcGFyYWRhbWVudGUgZSBwZXNzb2FzIGxldmVtZW50ZSBmZXJpZGFzIGVzdMOjbyBzZW5kbyBlbnRyZXZpc3RhZGFzIGFww7NzIG8gdHJhdGFtZW50by4=,,W0FjZV0KTG9zIGhlcmlkb3MgZ3JhdmVzIGVzdMOhbiBzaWVuZG8gZXhhbWluYWRvcyBwb3Igc2VwYXJhZG8geSBsb3MgbGV2ZW1lbnRlIGhlcmlkb3MgZXN0w6FuIHNpZW5kbyBlbnRyZXZpc3RhZG9zIHRyYXMgZWwgdHJhdGFtaWVudG8u
oCzBBw,,TWVkaWNhbCBjaGVja3Vwcz8=,,,,,VHJhdGFtZW50bz8=,,wr9UcmF0YW1pZW50bz8=
oSzBBw,,W0FjZV0KV2hpbGUgdHJlYXRpbmcgdGhlaXIgd291bmRzLCBJIGRpc2NvdmVyZWQgdGhhdCBzb21lIG9mIHRoZW0gaGF2ZSBeMDAwMENEc2VyaW91cyBoZWFsdGggaXNzdWVzXjAwMDAwMCBpbiBhZGRpdGlvbiB0byB0aGVpciBpbmp1cmllcy4=,,,,,W0FjZV0KRGVzY29icmltb3MgcXVlIGFsZ3VtYXMgcGVzc29hcyB0aW5oYW0gXjAwMDBDRGdyYXZlcyBwcm9ibGVtYXMgZGUgc2HDumRlXjAwMDAwMCwgYW50ZXMgZG9zIGZlcmltZW50b3Mu,,W0FjZV0KRGVzY3Vicmltb3MgcXVlIGFsZ3VuYXMgcGVyc29uYXMgdGVuw61hbiBeMDAwMENEZ3JhdmVzIHByb2JsZW1hcyBkZSBzYWx1ZF4wMDAwMDAgaW5jbHVzbyBhbnRlcyBkZSBsYXMgaGVyaWRhcy4=
oizBBw,,W0theWFdClRlbGwgbWUgbW9yZSBpbiBkZXRhaWwu,,,,,W0theWFdCk1lIGRpZ2EgbWFpcy4=,,W0theWFdCkN1w6ludGFtZSBtw6FzLg==
oyzBBw,,W0FjZV0KSXQgc2VlbXMgSeKAmXZlIGJlZW4gXjAwMDBDRHBvaXNvbmVkXjAwMDAwMCBmcm9tIG1vdmluZyBjb250YW1pbmF0ZWQgd2FzdGUgbWF0ZXJpYWxzIGFuZCBsYXVuZHJ54oCUZXhwb3NlZCB0byB2YXJpb3VzIGhhemFyZG91cyBzdWJzdGFuY2VzIHVzZWQgaW4gdGhlIGxhYm9yYXRvcnnigJR3aXRob3V0IGFueSBzYWZldHkgcHJlY2F1dGlvbnMu,,,,,W0FjZV0KUGFyZWNlbSBeMDAwMENEY29udGFtaW5hZG9zXjAwMDAwMCBwb3IgZXN0YXJlbSBleHBvc3RvcyBhb3MgcHJvZHV0b3MgcXXDrW1pY29zIGRvIGxhYm9yYXTDs3JpbyBxdWFuZG8gbGF2YW0gYXMgcm91cGFzIG91IGxpbXBhbSBvcyBkZWpldG9zLg==,,W0FjZV0KUGFyZWNlbiBlc3RhciBeMDAwMENEY29udGFtaW5hZG9zXjAwMDAwMCBwb3IgbGEgZXhwb3NpY2nDs24gYSBsb3MgcHJvZHVjdG9zIHF1w61taWNvcyBkZWwgbGFib3JhdG9yaW8gYWwgbGF2YXIgbGEgcm9wYSBvIGxpbXBpYXIgbG9zIGRlc2VjaG9zLg==
pCzBBw,,W0theWFdClRoZXkgZGlkbid0IGV2ZW4gZm9sbG93IGJhc2ljIHNhZmV0eSBydWxlcy4gQXJlIHlvdSBzYXlpbmcgdGhlcmUgYXJlIG11bHRpcGxlIHBlb3BsZSB3aG8gaGF2ZSBiZWVuIHBvaXNvbmVkPw==,,,,,W0theWFdCkVudMOjbyBlc3NlIGxhYm9yYXTDs3JpbyBuw6NvIHNlZ3VlIGFzIHJlZ3JhcyBiw6FzaWNhcyBkZSBzZWd1cmFuw6dhLiBIw6EgbXVpdGFzIHBlc3NvYXMgY29udGFtaW5hZGFzPw==,,W0theWFdCkVudG9uY2VzIGVzdGUgbGFib3JhdG9yaW8gbm8gY3VtcGxlIG5pIHNpcXVpZXJhIGxhcyBub3JtYXMgYsOhc2ljYXMgZGUgc2VndXJpZGFkLiDCv0hheSBtdWNoYXMgcGVyc29uYXMgY29udGFtaW5hZGFzPw==
pSzBBw,,W0FjZV0KWWVzLCBmaXJzdCBvZiBhbGwsIHRoZSBwZW9wbGUgc2l0dGluZyBoZXJlIGFzIHdlbGwuLi4=,,,,,W0FjZV0KU2ltLCBhc3NpbSBjb21vIGFzIHBlc3NvYXMgc2VudGFkYXMgYXF1aS4uLg==,,W0FjZV0KU8OtLCBhbCBpZ3VhbCBxdWUgbGFzIHBlcnNvbmFzIHNlbnRhZGFzIGFxdcOtLi4u
pizBBw,,W1dvcmtlcl0KQW0gSS4uLiBnb2luZyB0byBkaWU/,,,,,W1RyYWJhbGhhZG9yXQpFdS4uLiB2b3UgbW9ycmVyPw==,,W1RyYWJhamFkb3JdCsK/WW8uLi4gdm95IGEgbW9yaXI/
pyzBBw,,VGhlcmUgYXJlIHN0aWxsIHNvIG1hbnkgdGhpbmdzIEkgaGF2ZW4ndCB0YXN0ZWQgeWV0IQ==,,,,,VGVtIG11aXRhIGNvaXNhIHF1ZSBldSBxdWVyaWEgZmF6ZXIgYW50ZXMgZGUgbW9ycmVyIQ==,,wqFIYXkgdGFudGFzIGNvc2FzIHF1ZSBxdWVyw61hIGhhY2VyIGFudGVzIGRlIG1vcmlyIQ==
qCzBBw,,W0FjZV0KQWghIEkgY2hvc2UgYSBiYWQgc3BvdCB0byB3YXRjaCBmcm9tIQ==,,,,,W0FjZV0KQWghIE7Do28gZXNjb2xoaSBvIG1lbGhvciBsdWdhciBwYXJhIGNvbnZlcnNhci4uLg==,,W0FjZV0KwqFBaCEgTm8gZWxlZ8OtIGVsIG1lam9yIGx1Z2FyIHBhcmEgaGFibGFyLi4u
qSzBBw,,W1dvcmtlcl0KSWYgSS4uLiBpZiBJIGRpZSwgd2hhdCB3aWxsIGhhcHBlbiB0byBteSBmYW1pbHkuLi4gbXkgZmFtaWx5Li4u,,,,,W1RyYWJhbGhhZG9yXQpTZSBldSBtb3JyZXIsIG1pbmhhIGZhbcOtbGlhLi4uIG1ldXMgYW1pZ29zLi4u,,W1RyYWJhamFkb3JdClNpIG11ZXJvLCBtaSBmYW1pbGlhLi4uIG1pcyBhbWlnb3MuLi4=
qizBBw,,VGhhdCBjYW4ndCBiZS4gSGF2ZSBob3BlLg==,,,,,VGVuaGEgZXNwZXJhbsOnYS4=,,VGVuIGVzcGVyYW56YS4=
qyzBBw,,W0FjZV0KRG9uJ3Qgd29ycnksIHlvdSB3b24ndCBkaWUu,,,,,W0FjZV0KVm9jw6ogbsOjbyB2YWkgbW9ycmVyLCBuw6NvIHNlIHByZW9jdXBlLg==,,W0FjZV0KTm8gdmFzIGEgbW9yaXIsIG5vIHRlIHByZW9jdXBlcy4=
rCzBBw,,Q2FuIEkgdHJ1c3Qgd2hhdCB5b3Ugc2FpZD8=,,,,,VGVtIGNlcnRlemE/,,wr9TZWd1cm8/
rSzBBw,,W1dvcmtlcl0KWW91IGp1c3Qgc2FpZCB5b3Ugd2VyZSBnb2luZyB0byBkaWUsIGRpZG4ndCB5b3U/,,,,,W1RyYWJhbGhhZG9yXQpWb2PDqiBhY2Fib3UgZGUgZGl6ZXIgcXVlIMOtYW1vcyBtb3JyZXIh,,W1RyYWJhamFkb3JdCsKhQWNhYmFzIGRlIGRlY2lyIHF1ZSDDrWJhbW9zIGEgbW9yaXIh
rizBBw,,SSBoZWFyZCB0aGF0IHRvby4=,,,,,RXUgdGFtYsOpbSBvdXZpLg==,,WW8gdGFtYmnDqW4gbG8gb8OtLg==
ryzBBw,,W0FjZV0KWW91IHNhaWQgeW91IHdlcmVuJ3QgZmVlbGluZyB3ZWxsLCBidXQgd2hvIHNhaWQgYW55dGhpbmcgYWJvdXQgZHlpbmc/IERvbid0IHdvcnJ5LiAKSnVzdCBnZXQgc29tZSByZXN0LCBhIGdvb2QgbG9uZyByZXN0Lg==,,,,,W0FjZV0KRXUgc8OzIGRpc3NlIHF1ZSB2b2PDqnMgcG9zc3VlbSBwcm9ibGVtYXMgZGUgc2HDumRlLiBOw6NvIHNlIHByZW9jdXBlbS4gVm9jw6pzIHPDsyBwcmVjaXNhbSBkZXNjYW5zYXIu,,W0FjZV0KU29sbyBkaWplIHF1ZSB0aWVuZW4gcHJvYmxlbWFzIGRlIHNhbHVkLiBObyBzZSBwcmVvY3VwZW4uIFNvbG8gbmVjZXNpdGFuIGRlc2NhbnNhci4=
sCzBBw,,W1dvcmtlcl0KUmVzdD8gCkJ1dCBJIGhhdmUgdG8gd29yayEgCklmIEkgZG9uJ3Qgd29yaywgbXkgd2hvbGUgZmFtaWx5IHdpbGwgc3RhcnZlIHRvIGRlYXRoLg==,,,,,W1RyYWJhbGhhZG9yXQpEZXNjYW5zYXI/IEV1IHRlbmhvIHF1ZSB0cmFiYWxoYXIhIFNlIG7Do28sIG1pbmhhIGZhbcOtbGlhIGludGVpcmEgdmFpIG1vcnJlciBkZSBmb21lLg==,,W1RyYWJhamFkb3JdCsK/RGVzY2Fuc2FyPyDCoVRlbmdvIHF1ZSB0cmFiYWphciEgU2kgbm8sIHRvZGEgbWkgZmFtaWxpYSBtb3JpcsOhIGRlIGhhbWJyZS4=
sSzBBw,,V2UgY2FuJ3QgbWFrZSBhIGxpdmluZyBieSBqdXN0IGRpZ2dpbmcgaW4gdGhlIGRpcnQsIGNhbiB3ZT8=,,,,,UHJlY2lzbyBkZXNzZSBzYWzDoXJpby4=,,TmVjZXNpdG8gZXNlIHNhbGFyaW8u
sizBBw,,W1dvcmtlcl0KTWUgdG9vIQ==,,,,,W1RyYWJhbGhhZG9yXQpFLWV1IHRhbWLDqW0h,,W1RyYWJhamFkb3JdCsKhWS15byB0YW1iacOpbiE=
syzBBw,,TWUgdG9vIQ==,,,,,RXUgdGFtYsOpbSE=,,wqFZbyB0YW1iacOpbiE=
tCzBBw,,W1dvcmtlcl0KSSdtIHBlcmZlY3RseSBmaW5lISBBIGxpdHRsZSB3b3VuZCBsaWtlIHRoaXMgd2lsbCBoZWFsIGFmdGVyIGEgZGF5J3MgcmVzdOKAlGNvdWdoLCBjb3VnaCE=,,,,,W1RyYWJhbGhhZG9yXQpFc3RvdSBiZW0hIEVzc2EgZmVyaWRhIHZhaSBtZWxob3JhciBkZXBvaXMgZGUgdW0gb3UgZG9pcyBkaWFzISAqdG9zc2UqICp0b3NzZSo=,,W1RyYWJhamFkb3JdCsKhRXN0b3kgYmllbiEgwqFFc3RhIGhlcmlkYSBzYW5hcsOhIGVuIHVubyBvIGRvcyBkw61hcyEgKnRvcyogKnRvcyo=
tSzBBw,,T2gsIGNvbWUgb24hIFN0b3AgdGFsa2luZyBhbHJlYWR5IQ==,,,,,TsOjbyBmYWxlIG11aXRvIQ==,,wqFObyBoYWJsZXMgdGFudG8h
tizBBw,,W0FjZV0KT2ggZGVhci4gSSB0b2xkIHlvdSB0byBzdGF5IGx5aW5nIGRvd24uIApZb3UgbmVlZCBwcm9mZXNzaW9uYWwgdHJlYXRtZW50IGFuZCBjYXJlLg==,,,,,W0FjZV0KRGVzY2Fuc2UuIFZvY8OqIHByZWNpc2EgZGUgdHJhdGFtZW50byBwcm9maXNzaW9uYWwgZSByZWN1cGVyYcOnw6NvLg==,,W0FjZV0KRGVzY2Fuc2EuIE5lY2VzaXRhcyB0cmF0YW1pZW50byBwcm9mZXNpb25hbCB5IHJlY3VwZXJhY2nDs24u
tyzBBw,,W1dvcmtlcl0KKkNvdWdoIGNvdWdoISogCk5vLCBubywgSSBjYW7igJl0IGRvIHRoYXQuIApQbGVhc2UsIGxldCBtZSB3b3JrLg==,,,,,W1RyYWJhbGhhZG9yXQogKnRvc3NlKiBOw6NvLCBuw6NvLiAqdG9zc2UqIE7Do28gcG9zc28uIE7Do28gdGVuaG8gY29tbyBwYWdhciB0cmF0YW1lbnRvIGRlIHNhw7pkZS4=,,W1RyYWJhamFkb3JdCiAqdG9zKiBObywgbm8uICp0b3MqIE5vIHB1ZWRvLiBObyB0ZW5nbyBjw7NtbyBwYWdhciBhdGVuY2nDs24gbcOpZGljYS4=
uCzBBw,,QSBzY3JhdGNoIGxpa2UgdGhpcyBpcyBub3RoaW5nIQ==,,,,,w4kgc8OzIHVtIGFycmFuaMOjbyE=,,wqFFcyBzb2xvIHVuIHJhc2d1w7FvIQ==
uSzBBw,,W0FjZV0KSWYgeW91IGtlZXAgZ29pbmcgbGlrZSB0aGlzLCB5b3UgcmVhbGx5IHdpbGwgZGllLiAKSXQgbWlnaHQgbm90IGZlZWwgdGhhdCB3YXkgbm93LCBidXQgaWYgeW91IGtlZXAgd29ya2luZywgeW91J2xsIGRpZS4gCllvdSBhYnNvbHV0ZWx5IG11c3QgcmVzdCBhbmQgdGFrZSBjYXJlIG9mIHlvdXJzZWxmLg==,,,,,W0FjZV0KU2Ugdm9jw6ogY29udGludWFyIHRyYWJhbGhhbmRvLCB2YWkgcGlvcmFyIHN1YSBzaXR1YcOnw6NvIGUgYXTDqSBtb3JyZXIu,,W0FjZV0KU2kgc2lndWVzIHRyYWJhamFuZG8sIGVtcGVvcmFyw6FzIHR1IGVzdGFkbyBlIGluY2x1c28gcG9kcsOtYXMgbW9yaXIu
uizBBw,,W0theWFdCkluIHlvdXIgY3VycmVudCBjb25kaXRpb24sIHRoZSBjb21wYW55IGNhbiBubyBsb25nZXIgY29udGludWUgeW91ciBlbXBsb3ltZW50Lg==,,,,,W0theWFdClZvY8OqIG7Do28gZXN0w6EgZW0gY29uZGnDp8O1ZXMgZGUgdHJhYmFsaGFyIHBhcmEgYSBjb3Jwb3Jhw6fDo28gbmVzc2UgZXN0YWRvLg==,,W0theWFdCk5vIGVzdMOhcyBlbiBjb25kaWNpb25lcyBkZSB0cmFiYWphciBwYXJhIGxhIGNvcnBvcmFjacOzbiBlbiBlc3RlIGVzdGFkby4=
uyzBBw,,W1dvcmtlcl0KKkNvdWdoLCBjb3VnaCEqIApTZXJpb3VzbHk/IApBZnRlciBhbGwgdGhhdCB3b3JrLCBub3cgdGhleSB3YW50IHRvIHRocm93IG1lIGF3YXk/IApXaGV0aGVyIGl04oCZcyB0aGlzIGd1eSBvciB0aGF0IGd1eSwgdGhleeKAmXJlIGFsbCBleHBlcnRzIGF0IHVzaW5nIHBlb3BsZSBhbmQgdG9zc2luZyB0aGVtIGFzaWRlIQ==,,,,,W1RyYWJhbGhhZG9yXQpRVcOKPyEgKnRvc3NlKiBBZ29yYSBxdWUgbsOjbyBzaXJ2byBtYWlzLCB2b3Ugc2VyIGRlbWl0aWRvPz8hISDDiSBhc3NpbSBxdWUgYSBlbXByZXNhIHJldHJpYnVpIG9zIGZ1bmNpb27DoXJpb3M/,,W1RyYWJhamFkb3JdCsKhwr9RVcOJPyEgKnRvcyogwr9BaG9yYSBxdWUgeWEgbm8gc2lydm8gbWUgdmFuIGEgZGVzcGVkaXI/IMKhwr9Bc8OtIGVzIGNvbW8gbGEgZW1wcmVzYSByZWNvbXBlbnNhIGEgc3VzIGVtcGxlYWRvcz8h
vCzBBw,,T2ggZGVhciwgSSB0b2xkIHlvdSBub3QgdG8gZ2V0IHVwc2V0IQ==,,,,,U2lsw6puY2lvISBQcmVjaXNvIGRlc2NhbnNhciE=,,wqFTaWxlbmNpbyEgwqFOZWNlc2l0YXMgZGVzY2Fuc2FyIQ==
vSzBBw,,W0theWFdCkkgd2lsbCBoYW5kbGUgdGhlIGRpc2FzdGVyIHJlc3BvbnNlIGZvciB5b3UuIApZb3Ugd2lsbCBiZSBnaXZlbiBhbXBsZSBjb21wZW5zYXRpb24gc28geW91IGNhbiBmb2N1cyBvbiB5b3VyIHJlY292ZXJ5Lg==,,,,,W0theWFdCk7Do28uIE7Ds3MgdmFtb3MgbGhlIHBhZ2FyIHVtIHNlZ3Vyby1hY2lkZW50ZS4gVW0gYmVuZWbDrWNpbyBpbmRlbml6YXTDs3JpbyBwYXJhIHRyYWJhbGhhZG9yZXMu,,W0theWFdCk5vLiBUZSBwYWdhcmVtb3MgdW4gc2VndXJvIHBvciBhY2NpZGVudGUgbGFib3JhbC4gVW5hIGNvbXBlbnNhY2nDs24gcGFyYSBsb3MgdHJhYmFqYWRvcmVzLg==
vizBBw,,Q29tcGVuc2F0aW9uPyBEaWQgeW91IHNheSBjb21wZW5zYXRpb24/,,,,,RWxlIGRpc3NlIHNlZ3Vyby1hY2lkZW50ZT8=,,wr9EaWpvIHNlZ3VybyBjb250cmEgYWNjaWRlbnRlcz8=
vyzBBw,,WW91IGRlZmluaXRlbHkgc2FpZCB0aGVyZSB3aWxsIGJlIGEgY29tcGVuc2F0aW9uLg==,,,,,RWxlIHZhaSBub3MgaW5kZW5pemFyIQ==,,wqFOb3MgdmFuIGEgaW5kZW1uaXphciE=
wCzBBw,,W1dvcmtlcl0KSeKAmWQgbGlrZSB0byBhZGQgdGhhdCBub3QgYWxsIG9mIHRoZW0gYXJlIGJhZCBwZW9wbGUu,,,,,W1RyYWJhbGhhZG9yXQpHb3N0YXJpYSBkZSBkaXplciBxdWUgZXUgbnVuY2EgZmFsZWkgcXVlIHRvZG8gcGF0csOjbyDDqSBiYW5kaWRvLg==,,W1RyYWJhamFkb3JdClF1aXNpZXJhIGRlY2lyIHF1ZSBudW5jYSBkaWplIHF1ZSB0b2RvIHBhdHLDs24gZXMgdW4gYmFuZGlkby4=
wSzBBw,,QnkgdGhlIHdheSwgd2hhdCBpcyAiZGlzYXN0ZXIgcmVzcG9uc2UiPw==,,,,,UXVhbnRvIGEgZ2VudGUgdmFpIGdhbmhhcj8=,,wr9DdcOhbnRvIHZhbW9zIGEgcmVjaWJpcj8=
wizBBw,,W0theWFdClRob3NlIHdobyBoYXZlIGZhbGxlbiBpbGwgaGVyZSwgcGxlYXNlIGZvY3VzIG9uIHlvdXIgcmVjb3Zlcnku,,,,,W0theWFdClBlw6dvIHF1ZSB0b2RvcyBxdWUgZXN0w6NvIGNvbSBhIHNhw7pkZSBwcmVqdWRpY2FkYSBzZSBjb25jZW50cmVtIGVtIHN1YSByZWN1cGVyYcOnw6NvIGUgZmHDp2FtIG8gdHJhdGFtZW50byBhZGVxdWFkby4=,,W0theWFdCkxlcyBwaWRvIGEgdG9kb3MgbG9zIHF1ZSB0ZW5nYW4gbGEgc2FsdWQgYWZlY3RhZGEgcXVlIHNlIGNvbmNlbnRyZW4gZW4gc3UgcmVjdXBlcmFjacOzbiB5IHNpZ2FuIGVsIHRyYXRhbWllbnRvIGFkZWN1YWRvLg==
wyzBBw,,W1dvcmtlcl0KT3VyIEFuZ2VsYS4uLiBJ4oCZbGwgZmluYWxseSBiZSBhYmxlIHRvIHNlZSBBbmdlbGEuLi4=,,,,,W1RyYWJhbGhhZG9yXQpNaW5oYSBmaWxoYS4uLiBmaW5hbG1lbnRlIHZvdSBwb2RlciB2ZXIgbWluaGEgZmlsaGEuLi4=,,W1RyYWJhamFkb3JdCk1pIGhpamEuLi4gcG9yIGZpbiBwb2Ryw6kgdmVyIGEgbWkgaGlqYS4uLg==
xCzBBw,,W1dvcmtlcl0KVy13aGF0IGFib3V0IHVzLi4uPyAKV2UncmUgc3RpbGwgaW4gZ29vZCBoZWFsdGguLi4gCldoYXQgd2lsbCBoYXBwZW4gdG8gdXM/,,,,,W1RyYWJhbGhhZG9yXQpFaSwgZS4uLiBlIG7Ds3M/IE5vc3NhIHNhw7pkZSDDqSBib2EuLi4=,,W1RyYWJhamFkb3JdCk95ZSwgwr95IG5vc290cm9zPyBOdWVzdHJhIHNhbHVkIGVzdMOhIGJpZW4uLi4=
xSzBBw,,TWUgdG9vLCBJJ20gcGVyZmVjdGx5IGZpbmUu,,,,,RXUgdGFtYsOpbSBuw6NvIG1lIGZlcmku,,WW8gdGFtcG9jbyBlc3RveSBoZXJpZG8u
xizBBw,,W1dvcmtlcl0KSSB3YW50IHRvIGtlZXAgd29ya2luZywganVzdCB3b3JraW5nLiAKQ291bGRu4oCZdCB5b3UgcGxhY2UgbWUgYW55d2hlcmU/IApFdmVuIGEgc2luZ2xlIHBvc2l0aW9uIGF0IHRoZSBtYWluIG9mZmljZS4uLg==,,,,,W1RyYWJhbGhhZG9yXQpFdSBxdWVybyBjb250aW51YXIgdHJhYmFsaGFuZG8uIFBvZGUgbWUgdHJhbnNmZXJpciBkZSBzZXRvci4uLiBxdWVyaWEgZmljYXIgbmEgc2VkZSBkYSBSZWtlbmJlci4=,,W1RyYWJhamFkb3JdClF1aWVybyBzZWd1aXIgdHJhYmFqYW5kby4gUHVlZGVuIHRyYW5zZmVyaXJtZSBkZSBzZWN0b3IuLi4gbWUgZ3VzdGFyw61hIHF1ZWRhcm1lIGVuIGxhIHNlZGUgZGUgUmVrZW5iZXIu
xyzBBw,,SSBnZXQgcmVzdGxlc3MgaWYgSeKAmW0gbm90IHdvcmtpbmcuLi4=,,,,,RXUgbsOjbyBjb25zaWdvIGZpY2FyIHNlbSB0cmFiYWxoYXIuLi4=,,Tm8gcHVlZG8gZXN0YXIgc2luIHRyYWJhamFyLi4u
yCzBBw,,W0theWFdCkknbSBub3Qgc3VyZSBpZiB0aGVyZSBhcmUgYW55IGpvYiBvcGVuaW5ncyBhdCBoZWFkcXVhcnRlcnMuIApJJ2xsIGxvb2sgaW50byBpdCBmb3IgeW91Lg==,,,,,W0theWFdCk7Do28gdGVuaG8gY2VydGV6YSBzZSBoYXZlcsOhIHZhZ2FzIG5hIHNlZGUuIFBvc3NvIHZlcmlmaWNhci4=,,W0theWFdCk5vIGVzdG95IHNlZ3VybyBkZSBxdWUgaGF5YSB2YWNhbnRlcyBlbiBsYSBzZWRlLiBQdWVkbyB2ZXJpZmljYXJsby4=
ySzBBw,,W1dvcmtlcl0KSGVyZSwgXjAwMDBDRGlzbid0IHRoZXJlIHBsZW50eSBvZiB3b3JrXjAwMDAwMCB0byBkbyBhcm91bmQgaGVyZSBhcyB3ZWxsPyAKQ29sbGVjdGluZyBzY3JhcCBtYXRlcmlhbHMuLi4gClllYWgsIHRoYXQncyByaWdodC4gCkFuZCB0aG9zZSBHdW5zbGluZ2VycyBvdmVyIHRoZXJlIGRvbid0IGxvb2sgbGlrZSB0aGV5J3JlIGp1c3Qgc3RheWluZyBoZXJlIGZvciBhIGRheSBvciB0d28sIGVpdGhlci4=,,,,,W1RyYWJhbGhhZG9yXQpUZW0gXjAwMDBDRG11aXRvIHRyYWJhbGhvIGFxdWleMDAwMDAwLiBBbGd1w6ltIHByZWNpc2EgY29sZXRhciBhIHN1Y2F0YS4uLiBlIHRhbC4=,,W1RyYWJhamFkb3JdCkhheSBeMDAwMENEbXVjaG8gdHJhYmFqbyBhcXXDrV4wMDAwMDAuIEFsZ3VpZW4gdGllbmUgcXVlIHJlY29nZXIgbGEgY2hhdGFycmEuLi4geSBlc2FzIGNvc2FzLg==
yizBBw,,VGhlcmXigJlzIHBsZW50eSBvZiB3b3JrIGlmIHlvdSBsb29rIGZvciBpdC4gSXTigJlzIG5vdCBsaWtlIHdlIHdlcmUgYnVzeSBmb3Igbm8gcmVhc29uLg==,,,,,TsOzcyBzb21vcyBtdWl0byBvY3VwYWRvcyBhcXVpLg==,,RXN0YW1vcyBtdXkgb2N1cGFkb3MgYXF1w60u
yyzBBw,,W1dvcmtlcl0KVGhvc2UgY2x1ZWxlc3MgcGVvcGxlIGhhbmRsZSBhbGwgdGhlIGNvb2tpbmcsIGNsZWFuaW5nLCBhbmQgbGF1bmRyeT8gClRoZXkgcmVhbGx5IGRvbuKAmXQgbG9vayBsaWtlIHRoZSB0eXBlLg==,,,,,W1RyYWJhbGhhZG9yXQpTZSBlc3NlcyBtZW1icm9zIGRhIFJlYmVsacOjbyB2w6NvIGZpY2FyIGFxdWksIGFsZ3XDqW0gcHJlY2lzYSBmYXplciBhIGNvbWlkYSBlIGxhdmFyIGFzIHJvdXBhcyBkZWxlcy4=,,W1RyYWJhamFkb3JdClNpIGVzb3MgbWllbWJyb3MgZGUgbGEgUmViZWxpw7NuIHNlIHZhbiBhIHF1ZWRhciBhcXXDrSwgYWxndWllbiB0ZW5kcsOhIHF1ZSBjb2NpbmFyIHkgbGF2YXIgc3Ugcm9wYS4=
zCzBBw,,VGhlIGZvb2QgaGVyZSBpcyBkZWxpY2lvdXMu,,,,,TyBhcnJveiBhcXVpIMOpIGRlbGljaW9zby4=,,RWwgYXJyb3ogZGUgYXF1w60gZXMgZGVsaWNpb3NvLg==
zSzBBw,,W1JlYmVsbGlvbl0KV2hhdD8gCkhleSwgd2Uga25vdyBob3cgdG8gdGFrZSBjYXJlIG9mIG91cnNlbHZlcywgeW91IGtub3ch,,,,,W1JlYmVsZGVdCk5hZGEgYSB2ZXIhIFNvbW9zIHByb2Zpc3Npb25haXMgZW0gc29icmV2aXbDqm5jaWEu,,W1JlYmVsZGVdCsKhTmFkYSBxdWUgdmVyISBTb21vcyBwcm9mZXNpb25hbGVzIGRlIGxhIHN1cGVydml2ZW5jaWEu
zizBBw,,W1dvcmtlcl0KTm8sIHRoYXQncyBub3QgaXQuLi4gCldlIGtub3cgdGhlIGJlc3Qgc3BvdHMgdG8gY2F0Y2ggZmlzaCBhcm91bmQgaGVyZSwgYW5kIHdoZXJlIHRvIGZpbmQgZGVsaWNpb3VzIG11c2hyb29tcy4uLiAKQnV0IHlvdSBkb24ndCBldmVuIGtub3cgd2hlcmUgdGhlIGJhdGhyb29tIGlzLCBvciBhbnl0aGluZyBsaWtlIHRoYXQuLi4=,,,,,W1RyYWJhbGhhZG9yXQpOw6NvIG5lc3NlIGx1Z2FyLi4uIE7Ds3Mgc2FiZW1vcyBvbmRlIHBlc2NhciBlIG8gcXVlIHBsYW50YXIgYXF1aS4uLiBWb2PDqnMgbmVtIHNhYmUgb25kZSBmaWNhIG8gYmFuaGVpcm8gZGFxdWkuLi4=,,W1RyYWJhamFkb3JdCk5vIGVuIGVzdGUgbHVnYXIuLi4gTm9zb3Ryb3Mgc2FiZW1vcyBkw7NuZGUgcGVzY2FyIHkgcXXDqSBwbGFudGFyIGFxdcOtLi4uIFVzdGVkZXMgbmkgc2FiZW4gZMOzbmRlIHF1ZWRhIGVsIGJhw7FvLi4u
zyzBBw,,V2Uga25vdyB0aGlzIGFyZWEgaW5zaWRlIG91dC4=,,,,,Q29uaGVjZW1vcyBlc3NlIGx1Z2FyIGNvbW8gYSBwYWxtYSBkYSBtw6NvLg==,,Q29ub2NlbW9zIGVzdGUgbHVnYXIgY29tbyBsYSBwYWxtYSBkZSBsYSBtYW5vLg==
0CzBBw,,W1dvcmtlcl0KVGhhdCdzIHJpZ2h0ISAKTm8gb25lIGtub3dzIGFzIG11Y2ggYXMgd2UgZG8gYWJvdXQgd2hhdCdzIGJlaW5nIHJhaXNlZCBoZXJlIG9yIHdoZXJlIGV2ZXJ5dGhpbmcgaXMgbG9jYXRlZC4=,,,,,W1RyYWJhbGhhZG9yXQpJc3NvIG1lc21vISBOaW5ndcOpbSBjb25oZWNlIGVzc2UgbHVnYXIgY29tbyBuw7NzLg==,,W1RyYWJhamFkb3JdCsKhRXNvIG1pc21vISBOYWRpZSBjb25vY2UgZXN0ZSBsdWdhciBjb21vIG5vc290cm9zLg==
0SzBBw,,SSBrbm93IHdoZXJlIG15IGRlbGljaW91cyB3aWxkIHN0cmF3YmVycmllcyBncm93Lg==,,,,,RXUgdGFtYsOpbSBzZWkgb25kZSBjcmVzY2VtIGFzIGZyYW1ib2VzYXMgZGFxdWku,,WW8gdGFtYmnDqW4gc8OpIGTDs25kZSBjcmVjZW4gbGFzIGZyYW1idWVzYXMgZGUgYXF1w60u
0izBBw,,W0FjZV0KTm93IHRoYXQgeW91IG1lbnRpb24gaXQsIHRoYXQgbWFrZXMgc2Vuc2Uu,,,,,W0FjZV0KTyBxdWUgZXN0w6NvIGZhbGFuZG8gZmF6IHNlbnRpZG8u,,W0FjZV0KTG8gcXVlIGRpY2VuIHRpZW5lIHNlbnRpZG8u
0yzBBw,,W0theWFdCkhtbS4uLiBXZWxsLCBpdCdzIHRydWUgdGhhdCB3ZSBuZWVkIHBlb3BsZSB0byBsb29rIGFmdGVyIHRoZSBuZWVkcyBvZiB0aG9zZSBzdGF5aW5nIGhlcmUuIFZlcnkgd2VsbC4gQW55b25lIHdobyBpcyBpbiBnb29kIGhlYWx0aCBhbmQgd2lzaGVzIHRvIHJlbWFpbiBoZXJlIHdpbGwgYmUgcmV0YWluZWQgaW4gdGhlaXIgcG9zaXRpb25zLg==,,,,,W0theWFdCkJlbS4uLiBFdSB0ZW5obyBjZXJ0ZXphIGRlIHF1ZSB2w6NvIHByZWNpc2FyIGRlbGVzIHBhcmEgY3VpZGFyIGRvcyBzb2xkYWRvcyBxdWUgZmljYXLDo28gYXF1aS4gSXNzbyDDqSBib20uIFNlIGVzdGl2ZXJlbSBlbSBib2Egc2HDumRlIGUgcXVlaXJhbSBmaWNhciBhcXVpLCBldSBtYW50ZXJlaSBzZXVzIGVtcHJlZ29zLg==,,W0theWFdCkJpZW4uLi4gRXN0b3kgc2VndXJvIGRlIHF1ZSBsb3MgbmVjZXNpdGFyw6FuIHBhcmEgY3VpZGFyIGEgbG9zIHNvbGRhZG9zIHF1ZSBzZSBxdWVkYXLDoW4gYXF1w60uIEVzbyBlcyBidWVuby4gU2kgZXN0w6FuIHNhbm9zIHkgcXVpZXJlbiBxdWVkYXJzZSwgbWFudGVuZHLDqSBzdXMgZW1wbGVvcy4=
1CzBBw,,W1dvcmtlcl0KV2hhdCBhIHJlbGllZi4uLiBXaGV3Lg==,,,,,W1RyYWJhbGhhZG9yXQpVZmEuLi4hIElzc28gw6kgYm9tLiBVYXUhISE=,,W1RyYWJhamFkb3JdCsKhVWYuLi4hIEVzbyBlcyBidWVuby4gwqHCocKhR3VhdSEhIQ==
1SzBBw,,VGhhdCdzIGEgcmVsaWVmLCByZWFsbHku,,,,,UXVlIGFsZWdyaWEhISE=,,wqHCocKhUXXDqSBhbGVncsOtYSEhIQ==
1izBBw,,W1dvcmtlcl0KVGhhbmsgeW91ISBUaGFuayB5b3Uh,,,,,W1RyYWJhbGhhZG9yXQpPYnJpZ2Fkbywgb2JyaWdhZG8h,,W1RyYWJhamFkb3JdCsKhR3JhY2lhcywgZ3JhY2lhcyE=
1yzBBw,,QXMgZXhwZWN0ZWQgb2YgVmljZSBQcmVzaWRlbnQuIFlvdSByZWFsbHkgaGF2ZSBhIHJlbWFya2FibGUgcHJlc2VuY2Uu,,,,,TyB2aWNlLXByZXNpZGVudGUgw6kgdMOjbyBnZW5lcm9zby4=,,RWwgdmljZXByZXNpZGVudGUgZXMgbXV5IGdlbmVyb3NvLg==
2CzBBw,,SGF2aW5nIGEgZ29vZCBpbXByZXNzaW9uLCBpdCBzZWVtcyB0aGF0IGJlaW5nIFZpY2UgUHJlc2lkZW50IGlzbid0IHNvbWV0aGluZyBqdXN0IGFueW9uZSBjYW4gZG8u,,,,,TnVuY2EgYWNoZWkgcXVlIHZvY8OqIGZvc3NlIHVtIGZhcnNhbnRlLg==,,TnVuY2EgcGVuc8OpIHF1ZSBmdWVyYXMgdW4gZmFyc2FudGUu
2SzBBw,,VGhhbmsgeW91Lg==,,,,,TXVpdG8sIG11aXRvIG9icmlnYWRhLg==,,TXVjaMOtc2ltYXMgZ3JhY2lhcy4=
2izBBw,,SSBjYW4ndCB0aGFuayB5b3UgZW5vdWdoIQ==,,,,,RXUgbsOjbyB0ZW5obyBjb21vIHRlIGFncmFkZWNlciBtYWlzIQ==,,wqFObyB0ZW5nbyBjw7NtbyBhZ3JhZGVjZXJ0ZSE=
2yzBBw,,VGhhbmsgeW91LCB0aGFuayB5b3Ugc28gbXVjaCE=,,,,,T29vb2ghIE9icmlnYWRvLCBvYnJpZ2FkbyE=,,wqFPb29vaCEgwqFHcmFjaWFzLCBncmFjaWFzIQ==
3CzBBw,,VGhleSdyZSB2aWN0aW1zIHRvby4uLg==,,,,,RWxlcyB0YW1iw6ltIHPDo28gdsOtdGltYXMuLi4=,,RWxsb3MgdGFtYmnDqW4gc29uIHbDrWN0aW1hcy4uLg==
3SzBBw,,W0theWFdCkl0IHNlZW1zLCBqdXN0IGFzIExlaXppIHNhaWQsIHRoYXQgUmVrZW5iZXIgZGVsaWJlcmF0ZWx5IGNob3NlIHRvIGhpcmUgcGVvcGxlIGxpa2UgdGhhdC4gClRoZXkgd2FudGVkIHRvIHRha2UgYWR2YW50YWdlIG9mIHRoZWlyIGRlc3BlcmF0aW9uLg==,,,,,W0theWFdCk5hbGFuZHJvIGVzdGF2YSBjZXJ0by4gQSBSZWtlbmJlciBlc2NvbGhldSBlIGNvbnRyYXRvdSBwZXNzb2FzIGFzc2ltIHBhcmEgdGlyYXIgdmFudGFnZW0gZG8gZGVzZXNwZXJvIGRlbGFzLg==,,W0theWFdCkxhenkgdGVuw61hIHJhesOzbi4gUmVrZW5iZXIgZWxpZ2nDsyB5IGNvbnRyYXTDsyBhIHBlcnNvbmFzIGFzw60gcGFyYSBhcHJvdmVjaGFyc2UgZGUgc3UgZGVzZXNwZXJhY2nDs24u
3izBBw,,W1NlYXJjaCBQYXJ0eSBNZW1iZXJdClJlcXVlc3RpbmcgYXNzaXN0YW5jZSBmcm9tIHlvdSwgQWR2ZW50dXJlciE=,,,,,W1NvbGRhZG8gZG8gR3J1cG8gZGUgQXZhbsOnb10KVmlhamFudGUsIHByZWNpc2Ftb3MgZGEgc3VhIGFqdWRhIQ==,,W1NvbGRhZG8gZGVsIEdydXBvIGRlIEF2YW5jZV0KwqFWaWFqZXJvLCBuZWNlc2l0YW1vcyB0dSBheXVkYSE=
3yzBBw,,W0theWFdCldoYXQgaXMgaXQ/CkhhcyBzb21ldGhpbmcgaGFwcGVuZWQgdG8gdGhlIGluanVyaWVkPw==,,,,,W0theWFdCk8gcXVlIGFjb250ZWNldT8gSMOhIG1haXMgZmVyaWRvcz8=,,W0theWFdCsK/UXXDqSBwYXPDsz8gwr9IYXkgbcOhcyBoZXJpZG9zPw==
4CzBBw,,W1NlYXJjaCBQYXJ0eSBNZW1iZXJdCldoaWxlIHRyYWNraW5nIHRoZSBhc3NhaWxhbnQgd2hvIGF0dGFja2VkIHVzLCBzb21lIG9mIG91ciBtZW1iZXJzIHdlcmUgaW5qdXJlZCBhbmQgXjAwMDBDRHJlcXVpcmUgc3VwcG9ydF4wMDAwMDAu,,,,,W1NvbGRhZG8gZG8gR3J1cG8gZGUgQXZhbsOnb10KTm9zc29zIHNvbGRhZG9zIF4wMDAwQ0Rmb3JhbSBmZXJpZG9zXjAwMDAwMCBlbnF1YW50byBwZXJzZWd1aWFtIGEgZm9yYWdpZGEu,,W1NvbGRhZG8gZGVsIEdydXBvIGRlIEF2YW5jZV0KTnVlc3Ryb3Mgc29sZGFkb3MgXjAwMDBDRHJlc3VsdGFyb24gaGVyaWRvc14wMDAwMDAgbWllbnRyYXMgcGVyc2VndcOtYW4gYSBsYSBmdWdpdGl2YS4=
4SzBBw,,W0theWFdCkF0dGFjaz8=,,,,,W0theWFdClZvY8OqcyBmb3JhbSBhdGFjYWRvcz8=,,W0theWFdCsK/RnVlcm9uIGF0YWNhZG9zPw==
4izBBw,,W1NlYXJjaCBQYXJ0eSBNZW1iZXJdClNvbWUgbWVtYmVycyBoYXZlIGJlZW4gaW5qdXJlZCBiZWNhdXNlIHRoZXkgZmFpbGVkIHRvIG5vdGljZSB0aGUgdHJhcHMgc2V0IHVwIGluIHZhcmlvdXMgcGxhY2VzLg==,,,,,W1NvbGRhZG8gZG8gR3J1cG8gZGUgQXZhbsOnb10KUG9yIGFybWFkaWxoYXMuIEVsYSBjb2xvY291IHbDoXJpYXMgYXJtYWRpbGhhcyBxdWUgZXN0w6NvIHJlZHV6aW5kbyBub3NzbyBtb3JhbC4=,,W1NvbGRhZG8gZGVsIEdydXBvIGRlIEF2YW5jZV0KUG9yIHRyYW1wYXMuIENvbG9jw7MgdmFyaWFzIHRyYW1wYXMgcXVlIGVzdMOhbiByZWR1Y2llbmRvIG51ZXN0cmEgbW9yYWwu
4yzBBw,,W1NlYXJjaCBQYXJ0eSBNZW1iZXJdCldl4oCZcmUgaGF2aW5nIHRyb3VibGUgd2l0aCB0aGUgc2VhcmNoIHVzaW5nIG9ubHkgb3VyIFBhcnR5LCBzbyBJ4oCZdmUgY29tZSB0byBhc2sgZm9yIHlvdXIgaGVscCBhcyB3ZWxsLCBhZHZlbnR1cmVyISAKUGxlYXNlIGpvaW4gdGhlIG90aGVyIFNlYXJjaCBQYXJ0eSBtZW1iZXJzIGF0IDxOQVZJPlt0aGlzIHBsYWNlXTxJTkZPPnNwX2NvciwxMDgsMTMwLDAsMTAxLDA8L0lORk8+PC9OQVZJPiE=,,,,,W1NvbGRhZG8gZG8gR3J1cG8gZGUgQXZhbsOnb10KTm9zc2EgdHJvcGEgZXN0w6EgY29tIGRpZmljdWxkYWRlcyBlIHBvciBpc3NvLCBxdWVyZW1vcyBxdWUgdm9jw6ogdsOhIDxOQVZJPltwYXJhIGVzc2UgbG9jYWxdPElORk8+c3BfY29yLDEwOCwxMzAsMCwxMDEsMDwvSU5GTz48L05BVkk+IQ==,,W1NvbGRhZG8gZGVsIEdydXBvIGRlIEF2YW5jZV0KTnVlc3RyYSB0cm9wYSBlc3TDoSB0ZW5pZW5kbyBkaWZpY3VsdGFkZXMsIHBvciBlc28gcXVlcmVtb3MgcXVlIHZheWFzIDxOQVZJPlthIGVzdGUgbHVnYXJdPElORk8+c3BfY29yLDEwOCwxMzAsMCwxMDEsMDwvSU5GTz48L05BVkk+Lg==
5CzBBw,,W0FjZV0KUGxlYXNlIGh1cnJ5IGFuZCBqb2luIDxOQVZJPltTZWFyY2ggUGFydHldPElORk8+c3BfY29yLDEwOCwxMzAsMCwxMDEsMDwvSU5GTz48L05BVkk+LiAKV2XigJlsbCBiZSBwcmVwYXJpbmcgZm9yIGFueSBlbWVyZ2VuY2llcyBvbiBvdXIgZW5kIGFzIHdlbGwu,,,,,W0FjZV0KUG9yIGZhdm9yLCA8TkFWST5bdsOhIHBhcmEgZXNzZSBsdWdhcl08SU5GTz5zcF9jb3IsMTA4LDEzMCwwLDEwMSwwPC9JTkZPPjwvTkFWST4uIFZhbW9zIG5vcyBwcmVwYXJhciBwYXJhIHF1YWxxdWVyIHNpdHVhw6fDo28u,,W0FjZV0KUG9yIGZhdm9yLCA8TkFWST5bdmUgYSBlc3RlIGx1Z2FyXTxJTkZPPnNwX2NvciwxMDgsMTMwLDAsMTAxLDA8L0lORk8+PC9OQVZJPi4gUHJlcGFyw6ltb25vcyBwYXJhIGN1YWxxdWllciBzaXR1YWNpw7NuLg==
5SzBBw,,W0FjZV0KSXQgc2VlbXMgdGhhdCBWaWNlIFByZXNpZGVudCBoYXMgc29tZXRoaW5nIHRvIHNheSB0byB5b3Uu,,,,,W0FjZV0KQWNobyBxdWUgbyB2aWNlLXByZXNpZGVudGUgdGVtIGFsZ28gYSBkaXplci4=,,W0FjZV0KQ3JlbyBxdWUgZWwgdmljZXByZXNpZGVudGUgdGllbmUgYWxnbyBxdWUgZGVjaXIu
5izBBw,,W0FjZV0KSGVsbG8uIApBcmUgeW91IGhlcmUgYmVjYXVzZSB5b3UgbmVlZCBhc3Npc3RhbmNlPw==,,,,,W0FjZV0KT2zDoS4gRW0gcXVlIHBvc3NvIGFqdWRhcj8=,,W0FjZV0KSG9sYS4gwr9FbiBxdcOpIHB1ZWRvIGF5dWRhcj8=
5yzBBw,,SSdtIHBsYW5uaW5nIHRvIGdvIHRvIFJ1ZHVzLg==,,,,,RXUgdm91IHBhcmEgUnVkdXMu,,Vm95IGEgUnVkdXMu
6CzBBw,,SXMgdGhlcmUgYW55dGhpbmcgSSBjYW4gZG8/,,,,,VGVtIGFsZ28gcXVlIGV1IHBvc3NhIGZhemVyPw==,,wr9IYXkgYWxnbyBxdWUgcHVlZGEgaGFjZXI/
6SzBBw,,W0FjZV0KQWguLi4gClNvIHlvdSdyZSBnb2luZyB0aGVyZS4gSW4gdGhhdCBjYXNlLi4uIApQbGVhc2UgdGFrZSBjYXJlIG9mIHRoZWlyIGJyYWNlbGV0cyBmb3IgbWUu,,,,,W0FjZV0KQWguLi4gdm9jw6ogdmFpIGzDoS4gRW50w6NvLi4uIHBlZ3VlIG9zIEJyYWNlbGV0ZXMgZGUgSWRlbnRpZmljYcOnw6NvIGRlbGVzLg==,,W0FjZV0KQWguLi4gdmFzIGEgaXIgYWxsw60uIEVudG9uY2VzLi4uIHJlY29nZSBzdXMgQnJhemFsZXRlcyBkZSBJZGVudGlmaWNhY2nDs24u
6izBBw,,W0FjZV0KQnkgdGhlIHdheS4uLiBhcmUgeW91IGFsbCByaWdodCwgQWR2ZW50dXJlcj8=,,,,,W0FjZV0KQSBwcm9ww7NzaXRvLi4uIGNvbW8gZXN0w6EgbyBzZXUgcHNpY29sw7NnaWNvLCB2aWFqYW50ZT8=,,W0FjZV0KUG9yIGNpZXJ0by4uLiDCv2PDs21vIGVzdMOhIHR1IGVzdGFkbyBtZW50YWwsIHRyb3RhbXVuZG9zPw==
6yzBBw,,W0FjZV0KSXQgd2FzIHRoZXJlLi4uIHRoYXQgSSBsZWFybmVkIGp1c3QgaG93IGNydWVsIHBlb3BsZSBjYW4gYmVjb21lLiBJdCB3YXMgYSBwbGFjZSB3aGVyZSBtb3JhbGl0eSwgY29uc2NpZW5jZSwgYW5kIG9yZGVyIGhhZCBhbGwgYmVlbiBhYmFuZG9uZWQu,,,,,W0FjZV0KRm9pIHBvciBjYXVzYSBkZSBSdWR1cyBxdWUgdmkgY29tbyBxdWUgYXMgcGVzc29hcyBwb2RlbSBzZXIgY3J1w6lpcy4gVW0gbHVnYXIgb25kZSBhIG1vcmFsLCBhIGNvbnNjacOqbmNpYSBlIGEgw6l0aWNhIHPDo28gYWJhbmRvbmFkYXMu,,W0FjZV0KRnVlIHBvciBSdWR1cyBxdWUgdmkgY8OzbW8gcHVlZGVuIHNlciBjcnVlbGVzIGxhcyBwZXJzb25hcy4gVW4gbHVnYXIgZG9uZGUgbGEgbW9yYWwsIGxhIGNvbmNpZW5jaWEgeSBsYSDDqXRpY2Egc29uIGFiYW5kb25hZGFzLg==
7CzBBw,,W0FjZV0KSnVzdCBpbWFnaW5pbmcgdGhlIHBhaW4gdGhleSBtdXN0IGhhdmUgZW5kdXJlZCBpcyB1bmJlYXJhYmxlLg==,,,,,W0FjZV0KTWUgYXBlcnRhIG8gY29yYcOnw6NvIHPDsyBkZSBpbWFnaW5hciBjb21vIGRldmUgdGVyIHNpZG8gYSBkb3IgZGVzc2FzIHbDrXRpbWFzLg==,,W0FjZV0KTWUgYXByaWV0YSBlbCBjb3JhesOzbiBzb2xvIGRlIGltYWdpbmFyIGPDs21vIGRlYmnDsyBzZXIgZWwgZG9sb3IgZGUgZXNhcyB2w61jdGltYXMu
7SzBBw,,W0FjZV0KSSBtYXkgbm90IGhhdmUgYmVlbiB0aGUgb25lIHdobyBkaWQgaXQsIGJ1dCBJIHN0aWxsIGZlZWwgZ3VpbHR5IGZvciBub3Qga25vd2luZyB3aGF0IHdhcyBoYXBwZW5pbmcgaW4gdGhlIHBsYWNlIEkndmUgYmVlbiBhIHBhcnQgb2YgYWxsIHRoaXMgdGltZS4=,,,,,W0FjZV0KRXUgbWUgc2ludG8gY3VscGFkYSBwb3IgbsOjbyBjb25oZWNlciBtYWlzIHNvYnJlIG8gbHVnYXIgb25kZSB0cmFiYWxoby4=,,W0FjZV0KTWUgc2llbnRvIGN1bHBhYmxlIHBvciBubyBjb25vY2VyIG1lam9yIGVsIGx1Z2FyIGRvbmRlIHRyYWJham8u
7izBBw,,W0FjZV0KSXQncyBzb21ldGhpbmcgdGhhdCBjYW4ndCBiZSB1bmRvbmUgbm93Li4uIApCdXQgaW4gYW55IGNhc2UsIEknbGwgZG8gbXkgYmVzdCB3aXRoIHdoYXQgSSBjYW4u,,,,,W0FjZV0KTyBxdWUgcGFzc291LCBwYXNzb3UuLi4gQWdvcmEsIGVzdG91IHRlbnRhbmRvIGZhemVyIG8gbWVsaG9yIHF1ZSBwb3NzbyBwYXJhIHF1ZSBpc3NvIG7Do28gc2UgcmVwaXRhLg==,,W0FjZV0KTG8gcXVlIHBhc8OzLCBwYXPDsy4uLiBBaG9yYSBlc3RveSB0cmF0YW5kbyBkZSBoYWNlciBsbyBtZWpvciBxdWUgcHVlZG8gcGFyYSBxdWUgbm8gdnVlbHZhIGEgc3VjZWRlci4=
7yzBBw,,W0FjZV0KSXQgd29u4oCZdCBiZSBlYXN5LCBidXQgcGxlYXNlIHB1dCBeMDAwMENEIDIwIG9mIHRoZSB0ZXN0IHN1YmplY3RzIGtub3duIGFzIERvbG9yIF4wMDAwMDAgdG8gcmVzdCBhbmQgYnJpbmcgbWUgXjAwMDBDRCAxMCBJZGVudGlmaWNhdGlvbiBCcmFjZWxldHMgXjAwMDAwMCBmb3IgVGVzdCBTdWJqZWN0cy4gClBsZWFzZSBiZSBjYXJlZnVsIG91dCB0aGVyZSE=,,,,,W0FjZV0KTsOjbyBzZXLDoSBmw6FjaWwsIG1hcyBkw6ogbyBkZXNjYW5zbyBldGVybm8gcGFyYSBeMDAwMENEMjAgY29iYWlhcyBjaGFtYWRhcyBEb2xvcl4wMDAwMDAgZSBtZSB0cmFnYSBeMDAwMENEMTAgQnJhY2VsZXRlcyBkZSBJZGVudGlmaWNhw6fDo29eMDAwMDAwLiBQb3IgZmF2b3Ih,,W0FjZV0KTm8gc2Vyw6EgZsOhY2lsLCBwZXJvIGRhIGVsIGRlc2NhbnNvIGV0ZXJubyBhIF4wMDAwQ0QyMCBjb2JheWFzIGxsYW1hZG9zIERvbG9yXjAwMDAwMCB5IHRyw6FlbWUgXjAwMDBDRDEwIGJyYXphbGV0ZXMgZGUgaWRlbnRpZmljYWNpw7NuXjAwMDAwMC4gwqFQb3IgZmF2b3Ih
8CzBBw,,W0FjZV0KSSBkb24ndCBoYXZlIGFueSByZXF1ZXN0cyBmb3IgeW91IGF0IHRoZSBtb21lbnQsIEFkdmVudHVyZXIu,,,,,W0FjZV0KTsOjbyB0ZW1vcyBuYWRhIG11aXRvIHPDqXJpbyBwYXJhIHJlcXVpc2l0YXIgc3VhIGVzcGVjaWFsaWRhZGUsIHZpYWphbnRlLg==,,W0FjZV0KTm8gdGVuZW1vcyBuYWRhIG11eSBzZXJpbyBxdWUgcmVxdWllcmEgdHUgZXNwZWNpYWxpZGFkLCB0cm90YW11bmRvcy4=
8SzBBw,,W0FjZV0KSWYgeW91IGhhdmUgdGhlIHRpbWUgYW5kIGZlZWwgcmVhZHksIGhvdyBhYm91dCB0cnlpbmcgb3V0IHNvbWUgd29yayBmb3IgUnVkdXM/,,,,,W0FjZV0KUG9yw6ltLCBzZSB2b2PDqiB0aXZlciB0ZW1wbywgc2UgZXN0aXZlciBtZW50YWxtZW50ZSBzYXVkw6F2ZWwsIHBvc3NvIHRlIGRhciB1bWEgbWlzc8OjbyBwYXJhIHNlIGF2ZW50dXJhciBlbSBSdWR1cy4=,,W0FjZV0KU2luIGVtYmFyZ28sIHNpIHRpZW5lcyB0aWVtcG8geSBlc3TDoXMgbWVudGFsbWVudGUgZW4gY29uZGljaW9uZXMsIHB1ZWRvIGRhcnRlIHVuYSBtaXNpw7NuIHBhcmEgYXZlbnR1cmFydGUgZW4gUnVkdXMu
8izBBw,,W0FjZV0KSGF2ZSB5b3UgZmluaXNoZWQgUnVkdXMnIHRhc2s/,,,,,W0FjZV0KVm9jw6ogdGVybWlub3UgYSBtaXNzw6NvIGVtIFJ1ZHVzPw==,,W0FjZV0Kwr9UZXJtaW5hc3RlIGxhIG1pc2nDs24gZW4gUnVkdXM/
8yzBBw,,W0FjZV0KXjAwMDBDRDEwIElkZW50aWZpY2F0aW9uIEJyYWNlbGV0cyBmb3IgdGVzdCBzdWJqZWN0cy4uLiAKR290IGl0LiAKVGhhbmsgeW91LCBJJ3ZlIHJlY2VpdmVkIHRoZW0uXjAwMDAwMA==,,,,,W0FjZV0KRXUgcmVjZWJpIG9zIF4wMDAwQ0QxMCBCcmFjZWxldGVzIGRlIElkZW50aWZpY2HDp8Ojb14wMDAwMDAuIE9icmlnYWRhLg==,,W0FjZV0KUmVjaWLDrSBsb3MgXjAwMDBDRDEwIEJyYXphbGV0ZXMgZGUgSWRlbnRpZmljYWNpw7NuXjAwMDAwMC4gR3JhY2lhcy4=
9CzBBw,,W0FjZV0KSeKAmWxsIHNlZSB5b3UgYWdhaW4gYWZ0ZXIgZGF3bi4gWW914oCZdmUgcmVhbGx5IHdvcmtlZCBoYXJkLg==,,,,,W0FjZV0KQWdvcmEgZGVzY2Fuc2Ugc3VhIG1lbnRlLiBFc3NlIHRyYWJhbGhvIMOpIHBzaWNvbG9naWNhbWVudGUgaG9ycsOtdmVsIGRlIHNlIGxpZGFyLg==,,W0FjZV0KQWhvcmEgZGVzY2Fuc2EgdHUgbWVudGUuIEVzdGUgdHJhYmFqbyBlcyBwc2ljb2zDs2dpY2FtZW50ZSBob3JyaWJsZSBkZSBhZnJvbnRhci4=
9SzBBw,,W0FjZV0KVW0uLi4gRGlkbid0IEkgdGVsbCB5b3UgdGhhdCBWaWNlIFByZXNpZGVudCB3YW50ZWQgeW91IHRvIGdyYW50IHRoZW0gcGVhY2U/,,,,,W0FjZV0KUGVyZMOjby4uLiBhY2hlaSBxdWUgbyB2aWNlLXByZXNpZGVudGUgaGF2aWEgbGhlIHBlZGlkbyBwYXJhIHZvY8OqIGRhciBvIG1lcmVjaWRvIGRlc2NhbnNvIMOgcyBjb2JhaWFzIHZpdmFzIGUgZGVmb3JtYWRhcy4=,,W0FjZV0KUGVyZMOzbi4uLiBwZW5zw6kgcXVlIGVsIHZpY2VwcmVzaWRlbnRlIHRlIGhhYsOtYSBwZWRpZG8gcXVlIGRpZXJhcyBlbCBkZXNjYW5zbyBtZXJlY2lkbyBhIGxhcyBjb2JheWFzIHZpdmFzIHkgZGVmb3JtYWRhcy4=
9izBBw,,W0FjZV0KSXQgd29u4oCZdCBiZSBlYXN5LCBidXQgcGxlYXNlIHB1dCBeMDAwMENEIDIwIG9mIHRoZSB0ZXN0IHN1YmplY3RzIGtub3duIGFzIERvbG9yIF4wMDAwMDAgdG8gcmVzdCBhbmQgYnJpbmcgbWUgXjAwMDBDRCAxMCBJZGVudGlmaWNhdGlvbiBCcmFjZWxldHMgXjAwMDAwMCBmb3IgVGVzdCBTdWJqZWN0cy4gCkknbSBjb3VudGluZyBvbiB5b3Uu,,,,,W0FjZV0KU2VpIHF1ZSBuw6NvIHZhaSBzZXIgZsOhY2lsLCBtYXMgZMOqIG8gZGVzY2Fuc28gZXRlcm5vIHBhcmEgXjAwMDBDRDIwIGNvYmFpYXMgY2hhbWFkYXMgRG9sb3JeMDAwMDAwIGUgbWUgdHJhZ2EgXjAwMDBDRDEwIEJyYWNlbGV0ZXMgZGUgSWRlbnRpZmljYcOnw6NvXjAwMDAwMC4=,,W0FjZV0KU8OpIHF1ZSBubyBzZXLDoSBmw6FjaWwsIHBlcm8gZGEgZGVzY2Fuc28gZXRlcm5vIGEgXjAwMDBDRDIwIGNvYmF5YXMgbGxhbWFkYXMgRG9sb3JeMDAwMDAwIHkgdHLDoWVtZSBeMDAwMENEMTAgQnJhemFsZXRlcyBkZSBJZGVudGlmaWNhY2nDs25eMDAwMDAwLg==
9yzBBw,,W0FjZV0KSSdtIHRydWx5IHNvcnJ5IHRvIGhhdmUgdG8gYXNrIHlvdSBmb3Igc3VjaCBhIGZhdm9yLg==,,,,,W0FjZV0KRXUgcmVhbG1lbnRlIHNpbnRvIG11aXRvIHBvciBsaGUgcGVkaXIgaXNzby4=,,W0FjZV0KRGUgdmVyZGFkIHNpZW50byBwZWRpcnRlIGFsZ28gYXPDrS4=
+CzBBw,,W0FjZV0KSGVsbG8uIEFyZSB5b3UgaGVhZGluZyB0byBSdWR1cz8=,,,,,W0FjZV0KT2zDoS4gVm9jw6ogdmFpIHBhcmEgUnVkdXM/,,W0FjZV0KSG9sYS4gwr9WYXMgYSBSdWR1cz8=
+SzBBw,,WWVzLCBJJ20gZ29pbmcu,,,,,U2ltLCBldSBlc3RvdSBpbmRvLg==,,U8OtLCB2b3ku
+izBBw,,SeKAmW0gbm90IHBsYW5uaW5nIHRvIGdvIHRvZGF5Lg==,,,,,RXUgbsOjbyB2b3UgaG9qZS4=,,Tm8gaXLDqSBob3ku
+yzBBw,,W0FjZV0KVGhlbiBwbGVhc2UgcHV0IF4wMDAwQ0QgMjAgb2YgdGhlIHRlc3Qgc3ViamVjdHMga25vd24gYXMgRG9sb3IgXjAwMDAwMCB0byByZXN0IGFuZCBicmluZyBtZSBeMDAwMENEIDEwIElkZW50aWZpY2F0aW9uIEJyYWNlbGV0cyBeMDAwMDAwIGZvciBUZXN0IFN1YmplY3RzLi4uIApJ4oCZbSBjb3VudGluZyBvbiB5b3Uu,,,,,W0FjZV0KRW50w6NvLCBkw6ogbyBkZXNjYW5zbyBldGVybm8gcGFyYSBeMDAwMENEMjAgY29iYWlhcyBjaGFtYWRhcyBEb2xvcl4wMDAwMDAgZSBtZSB0cmFnYSBeMDAwMENEMTAgQnJhY2VsZXRlcyBkZSBJZGVudGlmaWNhw6fDo29eMDAwMDAwLg==,,W0FjZV0KRW50b25jZXMsIGRhIGRlc2NhbnNvIGV0ZXJubyBhIF4wMDAwQ0QyMCBjb2JheWFzIGxsYW1hZGFzIERvbG9yXjAwMDAwMCB5IHRyw6FlbWUgXjAwMDBDRDEwIEJyYXphbGV0ZXMgZGUgSWRlbnRpZmljYWNpw7NuXjAwMDAwMC4=
/CzBBw,,W0FjZV0KUGxlYXNlIGJlIGNhcmVmdWwuIApJIGtub3cgeW91J2xsIGRvIHdlbGwsIHRob3VnaC4=,,,,,W0FjZV0KUG9yIGZhdm9yLCB0ZW5oYSBjdWlkYWRvLiBFdSBzZWkgcXVlIHZvY8OqIHZhaSBmaWNhciBiZW0u,,W0FjZV0KUG9yIGZhdm9yLCB0ZW4gY3VpZGFkby4gU8OpIHF1ZSBlc3RhcsOhcyBiaWVuLg==
/SzBBw,,W0FjZV0KQWR2ZW50dXJlciwgeW91IG5lZWQgc29tZSByZXN0IHRvby4gClVuZGVyc3Rvb2Qu,,,,,W0FjZV0KVmlhamFudGVzIHRhbWLDqW0gZGV2ZW0gZmF6ZXIgdW1hIHBhdXNhLiBFbnRlbmRvLg==,,W0FjZV0KTG9zIHRyb3RhbXVuZG9zIHRhbWJpw6luIGRlYmVuIHRvbWFyc2UgdW4gZGVzY2Fuc28uIExvIGVudGllbmRvLg==
/izBBw,,W0FjZV0KSGVsbG8sIEFkdmVudHVyZXIuIApIb3cgY2FuIEkgaGVscCB5b3U/IApEbyB5b3UgbmVlZCBhbnkgYXNzaXN0YW5jZT8=,,,,,W0FjZV0KT2zDoSwgdmlhamFudGUuIE8gcXVlIGVzdMOhIGFjb250ZWNlbmRvPyBQcmVjaXNhIGRlIGFqdWRhPw==,,W0FjZV0KSG9sYSwgdHJvdGFtdW5kb3MgLiDCv1F1w6kgb2N1cnJlPyDCv05lY2VzaXRhcyBheXVkYT8=
/yzBBw,,SSdtIHBsYW5uaW5nIHRvIGdvIHRvIEx1dGllLg==,,,,,RXUgZXN0b3UgaW5kbyBwYXJhIFJ1ZHVzLg==,,Vm95IGEgUnVkdXMu
AC3BBw,,W0FjZV0KQWxyZWFkeT8gCllvdSBqdXN0IGdvdCBiYWNrIG5vdCB0b28gbG9uZyBhZ28sIGRpZG7igJl0IHlvdT8gClBsZWFzZSB0YWtlIGEgYnJlYWsuIApJdOKAmXMgbm90IGFuIGVhc3kgam9iLCBhZnRlciBhbGwu,,,,,W0FjZV0KSsOhPyBWb2PDqiBuw6NvIGFjYWJvdSBkZSB2aXIgZGUgbMOhPyBGYcOnYSB1bWEgcGF1c2EuIERlc2NhbnNlLg==,,W0FjZV0Kwr9ZYT8gwr9ObyBhY2FiYXMgZGUgdm9sdmVyIGRlIGFsbMOtPyBUw7NtYXRlIHVuIGRlc2NhbnNvLg==
AS3BBw,,W0FjZV0KSSBhbHNvIG5lZWQgc29tZSB0aW1lIHRvIG9yZ2FuaXplIHRoZSBicmFjZWxldCB5b3UgYnJvdWdodCBieSBjb21wYXJpbmcgaXQgd2l0aCB0aGUgZG9jdW1lbnRzLg==,,,,,W0FjZV0KRXUgcHJlY2lzbyBkZSB0ZW1wbyBwYXJhIGNvbXBhcmFyIG9zIG5vbWVzIGRvcyBicmFjZWxldGVzIGNvbSBvcyByZWdpc3Ryb3Mu,,W0FjZV0KTmVjZXNpdG8gdGllbXBvIHBhcmEgY29tcGFyYXIgbG9zIG5vbWJyZXMgZGUgbG9zIGJyYXphbGV0ZXMgY29uIGxvcyByZWdpc3Ryb3Mu
Ai3BBw,,W0FjZV0KSSB3aWxsIHNlZSB5b3UgYWdhaW4gYWZ0ZXIgZGF3bi4=,,,,,W0FjZV0KVmVqbyB2b2PDqiBkZXBvaXMgZG8gYW1hbmhlY2VyLg==,,W0FjZV0KVGUgdmVyw6kgZGVzcHXDqXMgZGVsIGFtYW5lY2VyLg==
Ay3BBw,,W0FjZV0KSGVsbG8sIEFkdmVudHVyZXIuIApBcmUgeW91IGhlYWRpbmcgdG8gUnVkdXM/,,,,,W0FjZV0KT2zDoSwgdmlhamFudGUuIFZvY8OqIHZhaSBwYXJhIFJ1ZHVzPw==,,W0FjZV0KSG9sYSwgdHJvdGFtdW5kb3MuIMK/VmFzIGEgUnVkdXM/
BC3BBw,,U2VhcmNoIFBhcnR5,,,,,R3J1cG8gZGUgQXZhbsOnbw==,,R3J1cG8gZGUgQXZhbmNl
BS3BBw,,W1NlYXJjaCBQYXJ0eSBNZW1iZXJdCldl4oCZcmUgaGF2aW5nIHRyb3VibGUgd2l0aCB0aGUgc2VhcmNoIHVzaW5nIG9ubHkgb3VyIFBhcnR5LCBzbyBJ4oCZdmUgY29tZSB0byBhc2sgZm9yIHlvdXIgaGVscCBhcyB3ZWxsLCBhZHZlbnR1cmVyIQpKb2luIHRoZSBvdGhlciBTZWFyY2ggUGFydHkgbWVtYmVycyBhdCA8TkFWST5bdGhpcyBwbGFjZV08SU5GTz5zcF9jb3IsMTA4LDEzMCwwLDEwMSwwPC9JTkZPPjwvTkFWST4h,,,,,W1NvbGRhZG8gZG8gR3J1cG8gZGUgQXZhbsOnb10KUHJlY2lzYW1vcyBkYSBzdWEgYWp1ZGEgcGFyYSBkYXIgbyBhcG9pbyBuZWNlc3PDoXJpbyBwYXJhIG8gbm9zc28gcGVsb3TDo28hCjxOQVZJPltKdW50ZS1zZSBhIG7Ds3NdPElORk8+c3BfY29yLDEwOCwxMzAsMCwxMDEsMDwvSU5GTz48L05BVkk+IQ==,,W1NvbGRhZG8gZGVsIEdydXBvIGRlIEF2YW5jZV0KwqFOZWNlc2l0YW1vcyB0dSBheXVkYSBwYXJhIGJyaW5kYXIgZWwgYXBveW8gbmVjZXNhcmlvIGEgbnVlc3RybyBwZWxvdMOzbiEKPE5BVkk+W8OabmV0ZSBhIG5vc290cm9zXTxJTkZPPnNwX2NvciwxMDgsMTMwLDAsMTAxLDA8L0lORk8+PC9OQVZJPiE=
Bi3BBw,,U2VudHJ5,,,,,UmViZWxkZQ==,,UmViZWxkZQ==
By3BBw,,W1NlbnRyeV0KVGhlcmXigJlzIG5vdGhpbmcgcGFydGljdWxhcmx5IG5vdGljZWFibGUgaW4gdGhpcyBkaXJlY3Rpb24h,,,,,W1JlYmVsZGVdCkVzdG91IGZhemVuZG8gdmlnw61saWEgbm8gbWV1IHR1cm5vIQ==,,W1JlYmVsZGVdCsKhRXN0b3kgZGUgZ3VhcmRpYSBlbiBtaSB0dXJubyE=
CC3BBw,,W1NlbnRyeV0KV2UgbXVzdCBzdGF5IHZpZ2lsYW50IGF0IGFsbCB0aW1lcywgYXMgd2UgbmV2ZXIga25vdyB3aGVuIG9yIHdoZXJlIGFub3RoZXIgYW1idXNoIG1pZ2h0IG9jY3VyIQ==,,,,,W1JlYmVsZGVdClZvY8OqIG51bmNhIHNhYmUgcXVhbmRvIG91IG9uZGUgZWxlcyB2w6NvIGF0YWNhciBub3ZhbWVudGUsIGVudMOjbyB2b2PDqiB0ZW0gcXVlIGVzdGFyIHZpZ2lsYW50ZSE=,,W1JlYmVsZGVdCk51bmNhIHNhYmVzIGN1w6FuZG8gbyBkw7NuZGUgdm9sdmVyw6FuIGEgYXRhY2FyLCDCoWFzw60gcXVlIGRlYmVzIG1hbnRlbmVydGUgYWxlcnRhIQ==
CS3BBw,,W1NlbnRyeV0KVGhlcmUgYXJlIHNuaXBlcnMgaGlkZGVuIGFsbCBhcm91bmQsIHNvIHlvdSBjYW4gcmVzdCBhc3N1cmVkLiAKT2YgY291cnNlLCBJJ20gaGVyZSB0b28h,,,,,W1JlYmVsZGVdClZvY8OqIHBvZGUgdGVyIGNlcnRlemEgZGUgcXVlIGVzdMOhIGVtIHNlZ3VyYW7Dp2EuIEjDoSBpbnN1cmdlbnRlcyBkYSBSZWJlbGnDo28gcG9yIHRvZG8gbyBsdWdhci4gQ29tbyBldSE=,,W1JlYmVsZGVdClB1ZWRlcyBlc3RhciBzZWd1cm8gZGUgcXVlIGVzdMOhcyBhIHNhbHZvLiBIYXkgaW5zdXJnZW50ZXMgZGUgbGEgUmViZWxpw7NuIHBvciB0b2RhcyBwYXJ0ZXMuIMKhQ29tbyB5byE=
Ci3BBw,,W1NlbnRyeV0KVGhpcyBwbGFjZSBpcyBzYWZlLiAKTm8gbWF0dGVyIGhvdyBib2xkIHRoZXkgYXJlLCB0aGV5IHdvbid0IGRhcmUgdG8gYXR0YWNrIHJlY2tsZXNzbHku,,,,,W1JlYmVsZGVdCsOJIHNlZ3VybyBhcXVpLiBOw6NvIGltcG9ydGEgcXXDo28gY3J1ZWwgw6kgbyBpbmltaWdvLCBlbGUgbsOjbyBub3MgYXRhY2Fyw6Eu,,W1JlYmVsZGVdCkFxdcOtIGVzIHNlZ3Vyby4gTm8gaW1wb3J0YSBjdcOhbiBjcnVlbCBzZWEgZWwgZW5lbWlnbywgbm8gbm9zIGF0YWNhcsOhLg==
Cy3BBw,,W0theWFdClRoaXMgcGxhY2UgaXMgZXh0cmVtZWx5IGRhbmdlcm91cy4gCkNvbWUgYmFjayBvbmx5IHdoZW4geW914oCZcmUgc3Ryb25nIGVub3VnaCB0byBwcm90ZWN0IHlvdXJzZWxmLg==,,,,,W0theWFdCkVzdGUgw6kgdW0gbHVnYXIgbXVpdG8gcGVyaWdvc28uIFZvbHRlIHF1YW5kbyBwZWxvIG1lbm9zIHB1ZGVyIHNlIHByb3RlZ2VyLg==,,W0theWFdCkVzdGUgZXMgdW4gbHVnYXIgbXV5IHBlbGlncm9zby4gVnVlbHZlIGN1YW5kbyBhbCBtZW5vcyBwdWVkYXMgcHJvdGVnZXJ0ZS4=
DC3BBw,,W0theWFdClRoZSBsb2FkIHlvdSdyZSBjYXJyeWluZyBsb29rcyBleHRyZW1lbHkgaGVhdnkuIApZb3Ugc2hvdWxkIGxpZ2h0ZW4gaXQgYSBiaXQgYmVmb3JlIGNvbWluZyBiYWNrLg==,,,,,W0theWFdClN1YSBib2xzYSBwYXJlY2UgbXVpdG8gcGVzYWRhLiDDiSBtZWxob3Igdm9jw6ogdmlyIGNvbSB1bSBwb3VjbyBtZW5vcyBpdGVucy4=,,W0theWFdClR1IGJvbHNhIHBhcmVjZSBtdXkgcGVzYWRhLiBTZXLDoSBtZWpvciBxdWUgdmVuZ2FzIGNvbiBtZW5vcyBvYmpldG9zLg==
DS3BBw,,W0theWFdCkl0IHNlZW1zIHRoYXQgPE5BVkk+W0FjZV08SU5GTz5zcF9jb3IsMTM1LDE0NywwLDEwMSwwPC9JTkZPPjwvTkFWST4gaGFzIHNvbWV0aGluZyB1cmdlbnQgdG8gdGVsbCB5b3UgcmVnYXJkaW5nIHRoZSBpc3N1ZSB3aXRoIHRoZSBJbmp1cmVkIHBlb3BsZS4=,,,,,W0theWFdClBhcmVjZSBxdWUgPE5BVkk+W0FjZV08SU5GTz5zcF9jb3IsMTM1LDE0NywwLDEwMSwwPC9JTkZPPjwvTkFWST4gdGVtIGFsZ28gYSBkaXplciBzb2JyZSBvcyBmZXJpZG9zLg==,,W0theWFdClBhcmVjZSBxdWUgPE5BVkk+W0FjZV08SU5GTz5zcF9jb3IsMTM1LDE0NywwLDEwMSwwPC9JTkZPPjwvTkFWST4gdGllbmUgYWxnbyBxdWUgZGVjaXIgc29icmUgbG9zIGhlcmlkb3Mu
Di3BBw,,W0theWFdCkFkdmVudHVyZXIuIApDb3VsZCB5b3Ugc3BhcmUgYSBtb21lbnQgb2YgeW91ciB0aW1lPw==,,,,,W0theWFdClZpYWphbnRlLCB2b2PDqiBwb2RlcmlhIG1lIG91dmlyPw==,,W0theWFdClRyb3RhbXVuZG9zLCDCv3BvZHLDrWFzIGVzY3VjaGFybWU/
Dy3BBw,,V2hhdOKAmXMgZ29pbmcgb24/,,,,,TyBxdWUgaG91dmU/,,wr9RdcOpIG9jdXJyZT8=
EC3BBw,,W0theWFdCllvdSBtZW50aW9uZWQgdGhhdCB5b3UndmUgcmFpZGVkIGEgbGFib3JhdG9yeSBjb25kdWN0aW5nIGlsbGVnYWwgZXhwZXJpbWVudHMgYmVmb3JlLiBXaGF0IGRvIHlvdSB0aGluayBvZiB0aGlzIHBsYWNlPw==,,,,,W0theWFdClZvY8OqIGrDoSB0aW5oYSBtZSBkaXRvIHF1ZSBzZSBhdmVudHVyb3UgcG9yIG91dHJvcyBsYWJvcmF0w7NyaW9zLiBPIHF1ZSB2b2PDqiBwZW5zYSBzb2JyZSBlc3NlIGFxdWk/,,W0theWFdCllhIG1lIGhhYsOtYXMgZGljaG8gcXVlIHRlIGF2ZW50dXJhc3RlIHBvciBvdHJvcyBsYWJvcmF0b3Jpb3MuIMK/UXXDqSBvcGluYXMgZGUgZXN0ZT8=
ES3BBw,,SXQgbG9va3MgbGlrZSB0aGlzIHBsYWNlIGlzIGFsc28gYSBsYWJvcmF0b3J5Lg==,,,,,QWNobyBxdWUgYXF1aSB0YW1iw6ltIMOpIHVt,,Q3JlbyBxdWUgYXF1w60gdGFtYmnDqW4gZXMgdW5v
Ei3BBw,,SSdtIG5vdCBzdXJlLg==,,,,,TsOjbyB0ZW5obyBvcGluacOjbw==,,Tm8gdGVuZ28gb3BpbmnDs24=
Ey3BBw,,W0theWFdCkkgZmVlbCB0aGUgc2FtZSB3YXkuIC4uLgpTbywgbWF5IEkgYXNrIHlvdSBmb3IgYSBmYXZvciwgYWR2ZW50dXJlcj8=,,,,,W0theWFdCkV1IHBlbnNvIG8gbWVzbW8uLi4gRW50w6NvLCBwb3NzbyB0ZSBwZWRpciB1bSBmYXZvcj8=,,W0theWFdClBpZW5zbyBsbyBtaXNtby4uLiBFbnRvbmNlcywgwr9wdWVkbyBwZWRpcnRlIHVuIGZhdm9yPw==
FC3BBw,,W0theWFdCkl0IHNlZW1zIHRoaXMgcGxhY2Ugd2FzIGFsc28gYSBsYWJvcmF0b3J5IGNvbmR1Y3RpbmcgaWxsZWdhbCBleHBlcmltZW50cy4uLi4KU28sIG1heSBJIGFzayB5b3UgZm9yIGEgZmF2b3IsIEFkdmVudHVyZXI/,,,,,W0theWFdCkFjcmVkaXRvIHF1ZSBlc3RlIGx1Z2FyIHRhbWLDqW0gc2VqYSB1bSBsYWJvcmF0w7NyaW8gcXVlIHJlYWxpem91IGV4cGVyaW1lbnRvcyBpbGVnYWlzLi4uIEVudMOjbywgcG9zc28gdGUgcGVkaXIgdW0gZmF2b3I/,,W0theWFdCkNyZW8gcXVlIGVzdGUgbHVnYXIgdGFtYmnDqW4gZXMgdW4gbGFib3JhdG9yaW8gcXVlIHJlYWxpesOzIGV4cGVyaW1lbnRvcyBpbGVnYWxlcy4uLiBFbnRvbmNlcywgwr9wdWVkbyBwZWRpcnRlIHVuIGZhdm9yPw==
FS3BBw,,W0theWFdCkkgdGhpbmsgdGhpcyBpcyB0aGUgcmVzZWFyY2ggbGFiIHdoZXJlIHRoZSBeMDAwMENEbWlzc2luZyBwZXJzb25zXjAwMDAwMCBmcm9tIHRoZSBkb2N1bWVudHMgd2VyZSB0cmFuc2ZlcnJlZC4gCkJlc2lkZXMgdGhlIHBlb3BsZSBjdXJyZW50bHkgd29ya2luZyBoZXJlLCB0aGVyZSBtdXN0IGhhdmUgYmVlbiBvdGhlcnMgd2hvIGFyZSBubyBsb25nZXIgYXJvdW5kLg==,,,,,W0theWFdCkFjaG8gcXVlIGFxdWkgw6kgbyBsb2NhbCBvbmRlIF4wMDAwQ0RvcyB0cmFiYWxoYWRvcmVzIHRyYW5zZmVyaWRvcyBkZXNhcGFyZWNlbV4wMDAwMDAuIERldmUgaGF2ZXIgb3V0cmFzIHBlc3NvYXMgYWzDqW0gZGFzIHF1ZSB2aW1vcy4=,,W0theWFdCkNyZW8gcXVlIGFxdcOtIGVzIGRvbmRlIF4wMDAwQ0RkZXNhcGFyZWNlbiBsb3MgdHJhYmFqYWRvcmVzIHRyYW5zZmVyaWRvc14wMDAwMDAuIERlYmUgaGFiZXIgbcOhcyBwZXJzb25hcyBhZGVtw6FzIGRlIGxhcyBxdWUgdmltb3Mu
Fi3BBw,,Li4uLi4u,,,,,Li4u,,Li4u
Fy3BBw,,W0theWFdCkkgd291bGQgbGlrZSB0byBhc2sgeW91IHRvIGNvbnRpbnVlIHRoZSBpbnZlc3RpZ2F0aW9uIGludG8gXjAwMDBDRE1yLiBQYXRyaWNrIEthdWZtYW5eMDAwMDAwLiAKUGVyaGFwcyB0aGUgcGVvcGxlIHdobyB3b3JrIGhlcmUga25vdyBzb21ldGhpbmcu,,,,,W0theWFdCkdvc3RhcmlhIGRlIGxoZSBwZWRpciBwYXJhIGNvbnRpbnVhciBhIGludmVzdGlnYcOnw6NvIHNvYnJlIG8gXjAwMDBDRHNyLiBQYXRyaWNrIEthdWZtYW5eMDAwMDAwLiBUYWx2ZXogYXMgcGVzc29hcyBxdWUgdHJhYmFsaGFtIGFxdWkgc2FpYmFtIGFsZ3VtYSBjb2lzYS4=,,W0theWFdCk1lIGd1c3RhcsOtYSBwZWRpcnRlIHF1ZSBjb250aW7DumVzIGxhIGludmVzdGlnYWNpw7NuIHNvYnJlIGVsIF4wMDAwQ0RTci4gUGF0cmljayBLYXVmbWFuXjAwMDAwMC4gVGFsIHZleiBsYXMgcGVyc29uYXMgcXVlIHRyYWJhamFuIGFxdcOtIHNlcGFuIGFsZ28u
GC3BBw,,W0theWFdClBlcmhhcHMuLi4gdGhpcyBwbGFjZSBtaWdodCBiZSB0aGUgZmluYWwgZGVzdGluYXRpb24gaW4gb3VyIHNlYXJjaCBmb3IgUGF0cmljay4=,,,,,W0theWFdClRhbHZlei4uLiBlc3NlIHBvZGUgc2VyIG8gZmltIGRlIG5vc3NhcyBidXNjYXMgcGFyYSBlbmNvbnRyYXIgbyBTci4gUGF0cmljay4=,,W0theWFdClRhbCB2ZXouLi4gZXN0ZSBzZWEgZWwgZmluYWwgZGUgbnVlc3RyYSBiw7pzcXVlZGEgcGFyYSBlbmNvbnRyYXIgYWwgU3IuIFBhdHJpY2su
GS3BBw,,SeKAmWxsIGxvb2sgaW50byBpdC4=,,,,,RXUgdm91IHByb2N1cmFy,,Vm95IGEgYnVzY2FybG8u
Gi3BBw,,SSB3aWxsIHRha2UgY2FyZSBvZiBzb21ldGhpbmcgZWxzZSBmaXJzdC4=,,,,,UHJlY2lzbyBmYXplciBvdXRyYXMgY29pc2Fz,,TmVjZXNpdG8gaGFjZXIgb3RyYXMgY29zYXMu
Gy3BBw,,W0theWFdClRoYW5rIHlvdS4gCkknbSBzb3JyeSB0byBhc2sgeW91IGZvciB0aGlzIGZhdm9yIGluIHRoZSBtaWRzdCBvZiBhbGwgdGhpcyBjaGFvcy4=,,,,,W0theWFdCk9icmlnYWRvLiBNZSBkZXNjdWxwZSBwb3IgdGVyIHF1ZSB0ZSBwZWRpciBpc3NvIG5vIG1laW8gZGEgY29ycmVyaWEu,,W0theWFdCkdyYWNpYXMuIFBlcmTDs24gcG9yIHBlZGlydGUgZXN0byBlbiBtZWRpbyBkZSB0YW50byBhamV0cmVvLg==
HC3BBw,,W0theWFdCkl0J3MgYWxyaWdodCBpZiB5b3UgZG9uJ3QgbG9vayBmb3IgaXQgcmlnaHQgYXdheS4gClRoZXJlIGFyZSBwbGVudHkgb2Ygb3RoZXIgdXJnZW50IG1hdHRlcnMsIGFmdGVyIGFsbC4=,,,,,W0theWFdClR1ZG8gYmVtIHNlIHZvY8OqIG7Do28gaW52ZXN0aWdhciBhZ29yYS4gSMOhIG11aXRvcyBvdXRyb3MgYXNzdW50b3MgdXJnZW50ZXMu,,W0theWFdCk5vIHBhc2EgbmFkYSBzaSBubyBpbnZlc3RpZ2FzIGFob3JhLiBIYXkgbXVjaG9zIG90cm9zIGFzdW50b3MgdXJnZW50ZXMu
HS3BBw,,W0theWFdCkhvd2V2ZXIsIHdoZW4geW91IGhhdmUgYSBtb21lbnQgdG8gY2F0Y2ggeW91ciBicmVhdGggbGF0ZXIsIHBsZWFzZSBzcGFyZSBhIHRob3VnaHQgZm9yIE1yLiBLYXVmbWFuLg==,,,,,W0theWFdCk1hcywgYWluZGEgbWFpcyB0YXJkZSwgcXVhbmRvIHZvY8OqIHBhcmFyIHBhcmEgcmVzcGlyYXIsIHBlbnNlIG5vIFNyLiBLYXVmbWFuLg==,,W0theWFdClBlcm8gbcOhcyBhZGVsYW50ZSwgY3VhbmRvIHJlc3BpcmVzIGNvbiBjYWxtYSwgcGllbnNhIGVuIGVsIFNyLiBLYXVmbWFuLg==
Hi3BBw,,W0theWFdClBsZWFzZSBjb250aW51ZSBpbnZlc3RpZ2F0aW5nIFBhdHJpY2sgS2F1Zm1hbi4gClBlcmhhcHMgdGhlIHBlb3BsZSB3aG8gdXNlZCB0byB3b3JrIGhlcmUgbWlnaHQga25vdyBzb21ldGhpbmcu,,,,,W0theWFdClZvdSBwZWRpciBxdWUgY29udGludWUgc3VhIGludmVzdGlnYcOnw6NvIHNvYnJlIG8gU3IuIFBhdHJpY2sgS2F1Zm1hbi4gVGFsdmV6IGFzIHBlc3NvYXMgcXVlIHRyYWJhbGhhcmFtIGFxdWkgc2FpYmFtIGFsZ3VtYSBjb2lzYS4=,,W0theWFdClRlIHBlZGlyw6kgcXVlIGNvbnRpbsO6ZXMgdHUgaW52ZXN0aWdhY2nDs24gc29icmUgZWwgU3IuIFBhdHJpY2sgS2F1Zm1hbi4gVGFsIHZleiBsYXMgcGVyc29uYXMgcXVlIHRyYWJhamFyb24gYXF1w60gc2VwYW4gYWxnby4=
Hy3BBw,,W0theWFdClBsZWFzZSBiZSBjYXJlZnVsLiAKSeKAmXZlIGhlYXJkIHRoYXQgcGxhY2UgaXMgZXh0cmVtZWx5IGRhbmdlcm91cy4=,,,,,W0theWFdClBvciBmYXZvciwgdGVuaGEgY3VpZGFkby4gT3V2aSBkaXplciBxdWUgw6kgdW0gbHVnYXIgbXVpdG8gcGVyaWdvc28u,,W0theWFdClBvciBmYXZvciwgdGVuIGN1aWRhZG8uIEhlIG/DrWRvIHF1ZSBlcyB1biBsdWdhciBtdXkgcGVsaWdyb3NvLg==
IC3BBw,,W0theWFdCkFoLCBhZHZlbnR1cmVyLiAKV2VsY29tZS4gCkRpZCB5b3UuLi4gZmluZCBNci4gS2F1Zm1hbj8=,,,,,W0theWFdClZvY8OqIGVuY29udHJvdSBvIHNyLiBLYXVmbWFuLi4uPw==,,W0theWFdCsK/RW5jb250cmFzdGUgYWwgU3IuIEthdWZtYW4uLi4/
IS3BBw,,SGVyZS4uLiBwbGVhc2UgdGFrZSB0aGlzLg==,,,,,RMOqIHVtYSBvbGhhZGEgbmlzc28uLi4=,,w4ljaGFsZSB1biB2aXN0YXpvIGEgZXN0by4uLg==
Ii3BBw,,W0theWFdClRoaXMuLi4/IApXaGF0IGlzIHRoaXM/,,,,,W0theWFdCk8gcXVlIMOpLi4uIGlzc28uLi4/,,W0theWFdCsK/UXXDqSBlcy4uLiBlc28uLi4/
Iy3BBw,,VGhleSBzYXkgaXQncyBhbiBpZGVudGlmaWNhdGlvbiBicmFjZWxldCBmb3IgdGVzdCBzdWJqZWN0cy4=,,,,,QnJhY2VsZXRlIHVzYWRvIHBvciBDb2JhaWFzLg==,,QnJhemFsZXRlIHVzYWRvIHBvciBDb2JheWFzLg==
JC3BBw,,W0theWFdCklzIHRoaXMgTXIuIEthdWZtYW4ncy4uLj8gV2FzIHRoZXJlIG5vIG9uZSBlbHNlIHRoZXJlPw==,,,,,W0theWFdCkVzdGUgw6kgbyBicmFjZWxldGUgZG8gU3IuIEthdWZtYW4uLi4/IE7Do28gZW5jb250cm91IGRlIG91dHJvcyBwb3IgbMOhPw==,,W0theWFdCsK/RXN0ZSBlcyBlbCBicmF6YWxldGUgZGVsIFNyLiBLYXVmbWFuLi4uPyDCv05vIGVuY29udHJhc3RlIG90cm9zIHBvciBhbGzDrT8=
JS3BBw,,LSBZb3UgdG9sZCBLYXlhIFRvcyBhYm91dCB0aGUgUmVzZWFyY2hlciB5b3UgbWV0IGluIFJ1ZHVzIGFuZCB0aGUgc3Rvcnkgb2YgdGhlIHRlc3Qgc3ViamVjdC4gLQ==,,,,,LSBFdSBjb250ZWkgYSBoaXN0w7NyaWEgZG8gY2llbnRpc3RhIGRlZm9ybWFkbyBlIGRhcyBvdXRyYXMgY29iYWlhcyBxdWUgZW5jb250cmVpIGVtIFJ1ZHVzIC0=,,LSBDb250w6kgbGEgaGlzdG9yaWEgZGVsIGNpZW50w61maWNvIGRlZm9ybWFkbyB5IGRlIGxhcyBvdHJhcyBjb2JheWFzIHF1ZSBlbmNvbnRyw6kgZW4gUnVkdXMgLQ==
Ji3BBw,,W0theWFdCldoeSBkaWRu4oCZdCB5b3UgY29tZSB0b2dldGhlcj8=,,,,,W0theWFdClBvciBxdWUgdm9jw6ogbsOjbyB0cm91eGUgZWxlIHBhcmEgY8OhPw==,,W0theWFdCsK/UG9yIHF1w6kgbm8gbG8gdHJhamlzdGUgYXF1w60/
Jy3BBw,,SSB0b2xkIHlvdSBuZXZlciB0byB0YWtlIHBlb3BsZSBvdXRzaWRlLi4u,,,,,RWxlIG7Do28gcXVpcyB2aXIuLi4=,,Tm8gcXVpc28gdmVuaXIuLi4=
KC3BBw,,W0theWFdCkkgc2VlLi4u,,,,,W0theWFdCi4uLiBFbnRlbmRvLg==,,W0theWFdCi4uLkVudGllbmRvLg==
KS3BBw,,W0theWFdCkxhdGVyLCBJ4oCZbGwgc2VuZCBzcGVjaWFsaXN0cyB0byBzZWFyY2ggZm9yIGFueSByZW1haW5zIG9yIHBlcnNvbmFsIGJlbG9uZ2luZ3MuIApBbmQgYWxzbywgSSBoYXZlIG9uZSBtb3JlIGRpZmZpY3VsdCByZXF1ZXN0IHRvIGFzayBvZiB5b3Uu,,,,,W0theWFdClZvdSBlbnZpYXIgcHJvZmlzc2lvbmFpcyBwYXJhIGVuY29udHJhciBvcyByZXN0b3MgbW9ydGFpcyBtYWlzIHRhcmRlLiBFdSB0ZW5obyBxdWUgbGhlIGZhemVyIG1haXMgdW0gcGVkaWRvIGRpZsOtY2lsLg==,,W0theWFdCkVudmlhcsOpIHByb2Zlc2lvbmFsZXMgcGFyYSByZWN1cGVyYXIgbG9zIHJlc3RvcyBtw6FzIHRhcmRlLiBUZW5nbyBxdWUgaGFjZXJ0ZSBvdHJhIHBldGljacOzbiBkaWbDrWNpbC4=
Ki3BBw,,W0theWFdCklmIHRpbWUgcGVybWl0cywgSSBob3BlIHlvdSBjYW4gcGVyc29uYWxseSBncmFudCB0aGVtIHBlYWNlLCBBZHZlbnR1cmVyLiAKTm8gb25lIGlzIG1vcmUgc3VpdGVkIGZvciB0aGlzIHRhc2sgdGhhbiB5b3UsIHdobyBzdGFydGVkIGl0IGFsbC4=,,,,,W0theWFdClZvY8OqIGVzdMOhIG5vcyBhanVkYW5kbyBtdWl0byBuZXNzYXMgaW52ZXN0aWdhw6fDtWVzIGUuLi4gZ29zdGFyaWEgcXVlIHZvY8OqIGFqdWRhc3NlIGVzc2FzIGNvYmFpYXMgYSBkZXNjYW5zYXJlbSBlbSBwYXou,,W0theWFdCk5vcyBlc3TDoXMgYXl1ZGFuZG8gbXVjaG8gZW4gZXN0YXMgaW52ZXN0aWdhY2lvbmVzIHkuLi4gbWUgZ3VzdGFyw61hIHF1ZSBheXVkYXJhcyBhIGVzdGFzIGNvYmF5YXMgYSBkZXNjYW5zYXIgZW4gcGF6Lg==
Ky3BBw,,W0theWFdCkknbSBzb3JyeSB0byBrZWVwIGFza2luZyB5b3UgZm9yIHN1Y2ggZGlmZmljdWx0IHRhc2tzLiAKSWYgeW91IGJyaW5nIG1lIHRoZWlyIGJyYWNlbGV0cywgSSB3aWxsIG1ha2Ugc3VyZSB0aGVpciBmYW1pbGllcyBhcmUgcmV3YXJkZWQu,,,,,W0theWFdClNpbnRvIG11aXRvIHBvciBwZWRpciBxdWUgdm9jw6ogZmHDp2EgYWxnbyB0w6NvIGRpZsOtY2lsLi4uIFNlIHZvY8OqIHRyb3V4ZXIgb3MgQnJhY2VsZXRlcyBkZSBJZGVudGlmaWNhw6fDo28gZGVsZXMsIGV1IGluZGVuaXphcmVpIGFzIGZhbcOtbGlhcy4=,,W0theWFdClNpZW50byBwZWRpcnRlIGFsZ28gdGFuIGRpZsOtY2lsLi4uIFNpIHRyYWVzIHN1cyBCcmF6YWxldGVzIGRlIElkZW50aWZpY2FjacOzbiwgaW5kZW1uaXphcsOpIGEgbGFzIGZhbWlsaWFzLg==
LC3BBw,,W0theWFdCkZvciBub3csIEknbGwgdGFrZSB0aGlzIG1pc3NpbmcgcGVyc29uIHJlcG9ydCBhbmQgdGhlIGJyYWNlbGV0IGJhY2sgdG8gaGVhZHF1YXJ0ZXJzIHRvIHByZXBhcmUgY291bnRlcm1lYXN1cmVzIGFuZCBzZWN1cmUgdGhlIG5lY2Vzc2FyeSBidWRnZXQgZm9yIGNvbXBlbnNhdGlvbi4gCkl0IHNlZW1zIHRoZXJlIGlzLi4uIHF1aXRlIGEgbG90IHRvIGJlIGRvbmUu,,,,,W0theWFdCkV1IGRldm8gdm9sdGFyIMOgIHNlZGUgcGFyYSBwcmVwYXJhciBvcyByZWxhdMOzcmlvcyBjb20gb3MgYnJhY2VsZXRlcyBkb3MgZGVzYXBhcmVjaWRvcyBlIGZhemVyIHVtIG9yw6dhbWVudG8gZGUgaW5kZW5pemHDp8Ojby4gSMOhIG11aXRvIHRyYWJhbGhvIGEgZmF6ZXIu,,W0theWFdCkRlYm8gdm9sdmVyIGEgbGEgc2VkZSBwYXJhIHByZXBhcmFyIGxvcyBpbmZvcm1lcyBjb24gbG9zIGJyYXphbGV0ZXMgZGUgbG9zIGRlc2FwYXJlY2lkb3MgeSBjYWxjdWxhciBsYSBjb21wZW5zYWNpw7NuLiBIYXkgbXVjaG8gdHJhYmFqbyBwb3IgaGFjZXIu
LS3BBw,,W0theWFdCkkgd2lsbCBsZWF2ZSBNaXNzIF4wMDAwQ0RBY2VeMDAwMDAwIGluIGNoYXJnZSBvZiByZXF1ZXN0aW5nIHRoZSBJZGVudGlmaWNhdGlvbiBCcmFjZWxldHMgZnJvbSB5b3UuIApXaGVuIGEgbmV3IGRheSBkYXducywgc2hlIHdpbGwgZ2l2ZSB5b3UgdGhlIG1pc3Npb24u,,,,,W0theWFdClZvdSBkZWl4YXIgYSBzZW5ob3JpdGEgXjAwMDBDREFjZV4wMDAwMDAgZW5jYXJyZWdhZGEgZGUgdGUgcGVkaXIgb3MgQnJhY2VsZXRlcyBkZSBJZGVudGlmaWNhw6fDo28uIFF1YW5kbyB1bSBub3ZvIGRpYSByYWlhciwgZWxhIHF1ZW0gZGFyw6EgYSBtaXNzw6NvLg==,,W0theWFdCkRlamFyw6kgYSBsYSBzZcOxb3JpdGEgXjAwMDBDREFjZV4wMDAwMDAgYSBjYXJnbyBkZSBwZWRpcnRlIGxvcyBCcmF6YWxldGVzIGRlIElkZW50aWZpY2FjacOzbi4gQ3VhbmRvIGFtYW5lemNhIHVuIG51ZXZvIGTDrWEsIGVsbGEgdGUgZGFyw6EgbGEgbWlzacOzbi4=
Li3BBw,,W0theWFdClRoYW5rIHlvdSBzbyBtdWNoIGZvciBldmVyeXRoaW5nIHVwIHVudGlsIG5vdy4=,,,,,W0theWFdClBvciB0dWRvIHF1ZSB2b2PDqiBqw6EgZmV6LiBNZXVzIG1haXMgc2luY2Vyb3MgYWdyYWRlY2ltZW50b3Mu,,W0theWFdClBvciB0b2RvIGxvIHF1ZSB5YSBoYXMgaGVjaG8sIG1pIG3DoXMgc2luY2VybyBhZ3JhZGVjaW1pZW50by4=
Ly3BBw,,W0theWFdCkkgaG9wZSB5b3UgY2FuIGZpbmQgYWxsIHRoZSBtaXNzaW5nIHBlb3BsZSBoZXJlLiAKUGxlYXNlLCBJJ20gY291bnRpbmcgb24geW91Lg==,,,,,W0theWFdCkVzcGVybyBxdWUgcG9zc2Ftb3MgZW5jb250cmFyIHRvZG9zIG9zIGRlc2FwYXJlY2lkb3Mu,,W0theWFdCkVzcGVybyBxdWUgcG9kYW1vcyBlbmNvbnRyYXIgYSB0b2RvcyBsb3MgZGVzYXBhcmVjaWRvcy4=
MC3BBw,,W1dvcmtlcl0KU2luY2UgdGhlcmUgYXJlIGZld2VyIHBlb3BsZSBub3csIHdlJ2xsIGhhdmUgdG8gcmVkaXN0cmlidXRlIHRoZSB3b3JrLg==,,,,,W1RyYWJhbGhhZG9yXQpBZ29yYSBxdWUgdGVtIG1lbm9zIHRyYWJhbGhhZG9yZXMsIHByZWNpc2Ftb3MgcmVkaXN0cmlidWlyIG9zIHRyYWJhbGhvcy4=,,W1RyYWJhamFkb3JdCkFob3JhIHF1ZSBoYXkgbWVub3MgdHJhYmFqYWRvcmVzLCBkZWJlbW9zIHJlZGlzdHJpYnVpciBsYXMgdGFyZWFzLg==
MS3BBw,,TGV0J3Mgc3BsaXQgaXQgdXAgYWdhaW4u,,,,,Q29uY29yZG8u,,RGUgYWN1ZXJkby4=
Mi3BBw,,W1dvcmtlcl0KVGhlcmXigJlzIGFsc28gYSB3YXkgdG8gdGFrZSB0dXJucy4=,,,,,W1RyYWJhbGhhZG9yYV0KUG9kZW1vcyBub3MgZGl2aWRpciBlbSB0dXJub3Mu,,W1RyYWJhamFkb3JhXQpQb2RlbW9zIGRpdmlkaXJub3MgZW4gdHVybm9zLg==
My3BBw,,VGhhdCdzIG5vdCBiYWQu,,,,,SXNzbyDDqSBib20u,,RXNvIGVzdMOhIGJpZW4u
NC3BBw,,QnV0IHRoZW4gbXkgcHJvZmljaWVuY3kgd2lsbCBkcm9wLg==,,,,,RXUgZGlzY29yZG8u,,Tm8gZXN0b3kgZGUgYWN1ZXJkby4=
NS3BBw,,SXMgTXIuIFBhdHJpY2sgS2F1Zm1hbiBoZXJlPw==,,,,,UGF0cmljayBLYXVmbWFuIGVzdMOhIGFxdWk/,,wr9QYXRyaWNrIEthdWZtYW4gZXN0w6EgYXF1w60/
Ni3BBw,,W1dvcmtlcl0KV2hvPw==,,,,,W1RyYWJhbGhhZG9yXQpRdWVtPw==,,W1RyYWJhamFkb3JdCsK/UXVpw6luPw==
Ny3BBw,,UGFydHksIHdobz8=,,,,,UGFjYSBxdWVtPw==,,wr9QYWNhIHF1acOpbj8=
OC3BBw,,TXIuIFBhdHJpY2sgS2F1Zm1hbi4gSGUncyB3aXRoIHRoZSBGYWNpbGl0eSBNYWludGVuYW5jZSBEZXBhcnRtZW50LCBFbXBsb3llZS4=,,,,,UGF0cmljayBLYXVmbWFuLCBkYSBtYW51dGVuw6fDo28u,,UGF0cmljayBLYXVmbWFuLCBkZWwgbWFudGVuaW1pZW50by4=
OS3BBw,,W1dvcmtlcl0KUGF0cmljayBLYXVmbWFuPyBOb3QgUGF0cmljayBZb3VuZz8=,,,,,W1RyYWJhbGhhZG9yYV0KUGF0cmljayBLYXVmbWFuPyBOw6NvIHNlcmlhIFBhdHJpY2sgWW91bmc/,,W1RyYWJhamFkb3JhXQrCv1BhdHJpY2sgS2F1Zm1hbj8gwr9ObyBzZXLDoSBQYXRyaWNrIFlvdW5nPw==
Oi3BBw,,SSBrbm93IGEgbG90IGFib3V0IHNwaXJpdHMu,,,,,TyBZb3VuZyBldSBzZWkgcXVlbSDDqS4=,,QSBZb3VuZyBzw60gbG8gY29ub3pjby4=
Oy3BBw,,W1dvcmtlcl0KSGXigJlzIHRoZSBvbmUgd2hvIHVzZWQgdG8gaGFuZGxlIGxvZ2lzdGljcy4=,,,,,W1RyYWJhbGhhZG9yYV0KTyBZb3VuZyDDqSB1bSBjYXJhIGRlIGxvZ8Otc3RpY2Eu,,W1RyYWJhamFkb3JhXQpZb3VuZyBlcyBkZSBsb2fDrXN0aWNhLg==
PC3BBw,,WW91IG1lYW4gdGhlIEZhY2lsaXR5IE1haW50ZW5hbmNlIERlcGFydG1lbnQu,,,,,TWFzIG8gS2F1Zm1hbiDDqSBkYSBtYW51dGVuw6fDo28u,,UGVybyBLYXVmbWFuIGVzIGRlbCBtYW50ZW5pbWllbnRvLg==
PS3BBw,,W1dvcmtlcl0KV2hlcmUgaXMgdGhlIE1haW50ZW5hbmNlIERlcGFydG1lbnQgYXJvdW5kIGhlcmU/,,,,,W1RyYWJhbGhhZG9yXQpPeGUhIEUgYSBnZW50ZSB0ZW0gZXF1aXBlIGRlIG1hbnV0ZW7Dp8OjbyBhcXVpPw==,,W1RyYWJhamFkb3JdCsKhT3llISDCv1kgdGVuZW1vcyBlcXVpcG8gZGUgbWFudGVuaW1pZW50byBhcXXDrT8=
Pi3BBw,,SXMgaXQgc29tZXRoaW5nIEkgZG9uJ3Qga25vdz8=,,,,,TsOjbyBmYcOnbyBpZGVpYQ==,,Tm8gdGVuZ28gaWRlYS4=
Py3BBw,,W1dvcmtlcl0KVGhhdCBtdXN0IGJlIGEgc3RvcnkgZnJvbSBiZWZvcmUgeW91IGNhbWUgaGVyZSE=,,,,,W1RyYWJhbGhhZG9yXQpUYWx2ZXogZWxlIHRlbmhhIHRyYWJhbGhhZG8gYXF1aSBhbnRlcyBkYSBnZW50ZSBjaGVnYXIh,,W1RyYWJhamFkb3JdCsKhVGFsIHZleiB0cmFiYWrDsyBhcXXDrSBhbnRlcyBkZSBxdWUgbGxlZ8OhcmFtb3Mh
QC3BBw,,WW91IHJlYWxseSBkb24ndCB1bmRlcnN0YW5kIHdoYXQgSSdtIHNheWluZywgZG8geW91Pw==,,,,,UG9kZSBzZXIu,,UHVlZGUgc2VyLg==
QS3BBw,,W1dvcmtlcl0KUGF0cmljayBmcm9tIHRoZSBNYWludGVuYW5jZSBEZXBhcnRtZW50PyAKTmV2ZXIgaGVhcmQgb2YgaGltLiAKQnV0IGhvbmVzdGx5LCBubyBvbmUgaGVyZSB3b3JrcyBpbiB0aGVpciBvcmlnaW5hbCBwb3NpdGlvbi4gCk9uY2UgeW91IGNvbWUgaW4gaGVyZSwgdGhleSBhc3NpZ24geW91IGEgbmV3IGpvYi4=,,,,,W1RyYWJhbGhhZG9yYV0KTsOjbyBjb25oZWNlbW9zIG5lbmh1bSBQYXRyaWNrIEthdWZtYW4sIGRhIG1hbnV0ZW7Dp8Ojby4gRSBuaW5ndcOpbSBhcXVpIHBlcm1hbmVjZSBzw7MgbnVtIHNldG9yLiBFc3RhbW9zIHNlbXByZSByb3RhY2lvbmFuZG8gdHJhYmFsaG8u,,W1RyYWJhamFkb3JhXQpObyBjb25vY2Vtb3MgYSBuaW5nw7puIFBhdHJpY2sgS2F1Zm1hbiBkZWwgbWFudGVuaW1pZW50by4gWSBuYWRpZSBzZSBxdWVkYSBlbiB1biBzb2xvIHNlY3Rvci4gU2llbXByZSByb3RhbW9zIHRhcmVhcy4=
Qi3BBw,,VGhhdCdzIHJpZ2h0Lg==,,,,,Q2VydG8u,,RW50aWVuZG8u
Qy3BBw,,V2hvIGFzc2lnbnMgdGhlIHRhc2tzPw==,,,,,UXVlbSBkZWNpZGUgYXMgcm90YcOnw7Vlcz8=,,wr9RdWnDqW4gZGVjaWRlIGxhcyByb3RhY2lvbmVzPw==
RC3BBw,,W1dvcmtlcl0KV2hvIGRlY2lkZXMgdGhhdD8gCldobyBlbHNlIGJ1dCB0aGUgUmVzZWFyY2hlcnMuIApXaGVuIHdlIGFycml2ZWQgaGVyZSwgdGhleSBsaW5lZCB1cyB1cCwgY2FsbGVkIHVzIGluIG9uZSBieSBvbmUgZm9yIGFuIGludGVydmlldywgYW5kIHRoZW4gYXNzaWduZWQgdXMgb3VyIGpvYnMu,,,,,W1RyYWJhbGhhZG9yXQpRdWVtIGRlY2lkZT8gT3MgY2llbnRpc3RhcyBwZXNxdWlzYWRvcmVzLiBRdWFuZG8gY2hlZ2Ftb3MgYXF1aSwgZWxlcyBwZWRpcmFtIHBhcmEgZmF6ZXIgdW1hIGZpbGEgZSBmb21vcyBlbnRyZXZpc3RhZG9zLiBEZXBvaXMsIG5vcyBkZXJhbSB1bSB0cmFiYWxobyBwYXJhIGZhemVyLg==,,W1RyYWJhamFkb3JdCsK/UXVpw6luIGRlY2lkZT8gTG9zIGNpZW50w61maWNvcyBpbnZlc3RpZ2Fkb3Jlcy4gQ3VhbmRvIGxsZWdhbW9zIGFxdcOtLCBub3MgcGlkaWVyb24gaGFjZXIgdW5hIGZpbGEgeSBub3MgZW50cmV2aXN0YXJvbi4gTHVlZ28gbm9zIGFzaWduYXJvbiB1biB0cmFiYWpvLg==
RS3BBw,,VGhleSBtYWRlIG1lIHRha2UgY2FyZSBvZiBsaXZlc3RvY2ssIHNvbWV0aGluZyBJ4oCZdmUgbmV2ZXIgZG9uZSBiZWZvcmUh,,,,,TWUgY29sb2NhcmFtIHBhcmEgY296aW5oYXIgZSBldSBuw6NvIHNlaSBuZW0gZnJpdGFyIG92byE=,,wqFNZSBwdXNpZXJvbiBhIGNvY2luYXIgeSBuaSBzaXF1aWVyYSBzw6kgZnJlw61yIHVuIGh1ZXZvIQ==
Ri3BBw,,W1dvcmtlcl0KTm93IHRoYXQgSSB0aGluayBhYm91dCBpdCwgdGhhdCBsb29rIGluIHRoZWlyIGV5ZXMgd2FzIHRydWx5IGNoaWxsaW5nLg==,,,,,W1RyYWJhbGhhZG9yYV0KUGVuc2FuZG8gbmlzc28sIGVzc2VzIGNpZW50aXN0YXMgdGluaGFtIGplaXRvIGRlIHBzaWNvcGF0YS4=,,W1RyYWJhamFkb3JhXQpQZW5zw6FuZG9sbyBiaWVuLCBlc29zIGNpZW50w61maWNvcyB0ZW7DrWFuIHBpbnRhIGRlIHBzaWPDs3BhdGFzLg==
Ry3BBw,,WWVhaCwgdGhhdCdzIHJpZ2h0Lg==,,,,,VGluaGFtIG1lc21vLg==,,TGEgdmVyZGFkLCBzw60u
SC3BBw,,W1dvcmtlcl0KQW55d2F5LCBpZiB5b3UncmUgbG9va2luZyBmb3Igc29tZW9uZSwgeW91IHNob3VsZCBhc2sgdGhlIF4wMDAwQ0RSZXNlYXJjaGVyc14wMDAwMDAuIApNb3N0IG9mIHRoZW0gaGF2ZSBydW4gb2ZmLCBzbyB0aGVyZSBhcmVuJ3QgbWFueSBsZWZ0LCBidXQgdGhlcmUgc2hvdWxkIHN0aWxsIGJlIGEgZmV3IGFzc2lzdGFudHMgYXJvdW5kLgpPaCwgbG9vaywgdGhlcmUncyBvbmUgb3ZlciB0aGVyZSB0b28uIDxOQVZJPltOZXh0IHRvIHRoZSBmaWVsZF08SU5GTz5zcF9jb3IsMjI0LDc3LDAsMTAxLDA8L0lORk8+PC9OQVZJPi4gU2VlIGl0Pw==,,,,,W1RyYWJhbGhhZG9yYV0KRW5maW0sIHNlIHZvY8OqIGVzdGl2ZXIgcHJvY3VyYW5kbyBwb3IgYWxndcOpbSwgZmFsZSBjb20gb3MgXjAwMDBDRGFzc2lzdGVudGVzIGRvcyBjaWVudGlzdGFzXjAwMDAwMCwgasOhIHF1ZSBvcyBwZXNxdWlzYWRvcmVzIGZ1Z2lyYW0sIG1lbm9zIG9zIHNldXMgc3Vib3JkaW5hZG9zLgpVbSBkZWxlcyBkZXZlIGVzdGFyIDxOQVZJPltub3MgdHJpbGhvc108SU5GTz5zcF9jb3IsMjI0LDc3LDAsMTAxLDA8L0lORk8+PC9OQVZJPiwgdml1Pw==,,W1RyYWJhamFkb3JhXQpFbiBmaW4sIHNpIGVzdMOhcyBidXNjYW5kbyBhIGFsZ3VpZW4sIGhhYmxhIGNvbiBsb3MgXjAwMDBDRGFzaXN0ZW50ZXMgZGUgbG9zIGNpZW50w61maWNvc14wMDAwMDAsIHlhIHF1ZSBsb3MgaW52ZXN0aWdhZG9yZXMgaHV5ZXJvbiwgZXhjZXB0byBzdXMgc3Vib3JkaW5hZG9zLgpVbm8gZGUgZWxsb3MgZGViZXLDrWEgZXN0YXIgPE5BVkk+W2VuIGxhcyB2w61hc108SU5GTz5zcF9jb3IsMjI0LDc3LDAsMTAxLDA8L0lORk8+PC9OQVZJPiwgwr92YWxlPw==
SS3BBw,,W1dvcmtlcl0KTW9zdCBvZiB0aGUgUmVzZWFyY2hlcnMgaGF2ZSBhbHJlYWR5IGZsZWQsIGJ1dCB0aGVyZSdzIHN0aWxsIG9uZSBsZWZ0IG92ZXIgdGhlcmUgYnkgdGhlIDxOQVZJPltGaWVsZCBTaWRlXTxJTkZPPnNwX2NvciwyMjQsNzcsMCwxMDEsMDwvSU5GTz48L05BVkk+LiBHbyBhc2sgdGhlbS4=,,,,,W1RyYWJhbGhhZG9yYV0KVW0gZG9zIGFzc2lzdGVudGVzIGRvcyBwZXNxdWlzYWRvcmVzIGRldmUgZXN0YXIgPE5BVkk+W25vcyB0cmlsaG9zXTxJTkZPPnNwX2NvciwyMjQsNzcsMCwxMDEsMDwvSU5GTz48L05BVkk+LCB2b2PDqiB2aXU/,,W1RyYWJhamFkb3JhXQpVbm8gZGUgbG9zIGFzaXN0ZW50ZXMgZGUgbG9zIGludmVzdGlnYWRvcmVzIGRlYmUgZXN0YXIgPE5BVkk+W2VuIGxhcyB2w61hc108SU5GTz5zcF9jb3IsMjI0LDc3LDAsMTAxLDA8L0lORk8+PC9OQVZJPi4gwr9MbyB2aXN0ZT8=
Si3BBw,,W1dvcmtlcl0KSSBjYW4ndCBhZmZvcmQgdG8gdGhpbmsgYWJvdXQgYW55dGhpbmcgZWxzZSByaWdodCBub3csIG5vdCBpbiB0aGlzIGNvbmRpdGlvbi4gSSBuZWVkIHRvIHJlY292ZXIgcXVpY2tseSBzbyBJIGNhbiBnZXQgYmFjayB0byB3b3JrLi4u,,,,,W1RyYWJhbGhhZG9yXQpOw6NvIGVzdG91IGVtIGNvbmRpw6fDtWVzIGRlIHBlbnNhciBlbSBtYWlzIG5hZGEgYWdvcmEsIG1ldSBjb3JwbyBlc3TDoSBjYW5zYWRvLiBEZXZvIG1lbGhvcmFyIGxvZ28gcGFyYSBwb2RlciBjb250aW51YXIgbWV1IHRyYWJhbGhvLi4u,,W1RyYWJhamFkb3JdCk5vIGVzdG95IGVuIGNvbmRpY2lvbmVzIGRlIHBlbnNhciBlbiBuYWRhIG3DoXMgYWhvcmEuIE1pIGN1ZXJwbyBlc3TDoSBjYW5zYWRvLiBEZWJvIG1lam9yYXIgcHJvbnRvIHBhcmEgcG9kZXIgc2VndWlyIHRyYWJhamFuZG8uLi4=
Sy3BBw,,W1dvcmtlcl0KSSBjYW4ndCBtb3ZlIHJpZ2h0IG5vdywgYnV0IG9uY2UgSSdtIGFibGUgdG8sIEknbGwgZ2V0IGJhY2sgdG8gd29yay4gCk5vIHBvaW50IGluIGp1c3Qgc2l0dGluZyBhcm91bmQgZG9pbmcgbm90aGluZy4=,,,,,W1RyYWJhbGhhZG9yXQpOw6NvIHNvdSBkZSBmaWNhciBwYXJhZG8gbm8gY2FudG8sIGV1IGN1cnRvIHRyYWJhbGhhci4gTWFsIHBvc3NvIGVzcGVyYXIgcGFyYSBib3RhciBhIG3Do28gbmEgbWFzc2Eh,,W1RyYWJhamFkb3JdCk5vIHNveSBkZSBxdWVkYXJtZSBxdWlldG8uIE1lIGd1c3RhIHRyYWJhamFyLiDCoU5vIHZlbyBsYSBob3JhIGRlIHBvbmVyIG1hbm9zIGEgbGEgb2JyYSE=
TC3BBw,,W1dvcmtlcl0KT2ggZGVhciwgd2hhdCBhIG1lc3MgdGhpcyBpcy4gClVnaCwgbXkgd2hvbGUgYm9keSBhY2hlcy4=,,,,,W1RyYWJhbGhhZG9yXQpQZWxvcyBjw6l1cy4uLiBldSBuw6NvIGNvbnNpZ28gYWNyZWRpdGFyIGVtIHR1ZG8gbyBxdWUgYWNvbnRlY2V1Li4u,,W1RyYWJhamFkb3JdClBvciBsb3MgY2llbG9zLi4uIG5vIHB1ZWRvIGNyZWVyIHRvZG8gbG8gcXVlIHBhc8OzLi4u
TS3BBw,,W1dvcmtlcl0KSSBjYW4ndCBzdGFuZCB1cCByaWdodCBub3cuIApJZiBvbmx5IG15IGJvZHkgd2VyZSBpbiBnb29kIHNoYXBlISAKSSB3b3VsZCd2ZSBjaGFzZWQgYWZ0ZXIgdGhvc2UgZ3V5cyBhbmQgdGFrZW4gY2FyZSBvZiB0aGVtIGFsbCEgCkJ1dCBzaW5jZSBJIGNhbid0IHN0YW5kLCB0aGVyZSdzIG5vdGhpbmcgSSBjYW4gZG8u,,,,,W1RyYWJhbGhhZG9yXQpRdWFuZG8gZXUgdm9sdGFyIGEgZmljYXIgZGUgcMOpLCB2b3UgZGFyIHVtYSBiaWZhIG5hcXVlbGVzIGJhbmRpZG9zIHF1ZSBub3MgZW5nYW5hcmFtIGEgdmlkYSB0b2RhLi4u,,W1RyYWJhamFkb3JdCkN1YW5kbyB2dWVsdmEgYSBwb25lcm1lIGRlIHBpZSwgbGUgZGFyw6kgdW5hIGJvZmV0YWRhIGEgZXNvcyBiYW5kaWRvcyBxdWUgbm9zIGVuZ2HDsWFyb24gdG9kYSBsYSB2aWRhLi4u
Ti3BBw,,W1dvcmtlcl0KV2hvIGhhdmUgSSBiZWVuIHdvcmtpbmcgZm9yIGFsbCB0aGlzIHRpbWUsIGFuZCB3aGF0IGZvci4uLj8gCk1vbmV5IGlzIHRoZSByZWFsIGVuZW15Li4uIApJIGhhdmUgdG8gYmVjb21lIHJpY2gsIG5vIG1hdHRlciB3aGF0Li4u,,,,,W1RyYWJhbGhhZG9yXQpEaW5oZWlybyDDqSBhIG1vZWRhIGRlIHRyb2NhIHBhcmEgYSBub3NzYSBzb2JyZXZpdsOqbmNpYS4gw4kgcG9yIGlzc28gcXVlIGV1IHNvYnJldml2byBwYXJhIGdhbmhhciBkaW5oZWlyby4=,,W1RyYWJhamFkb3JdCkVsIGRpbmVybyBlcyBsYSBtb25lZGEgZGUgY2FtYmlvIGRlIG51ZXN0cmEgc3VwZXJ2aXZlbmNpYS4gUG9yIGVzbyB2aXZvIHBhcmEgZ2FuYXIgZGluZXJvLg==
Ty3BBw,,UmVzZWFyY2hlcg==,,,,,UGVzcXVpc2Fkb3Jh,,SW52ZXN0aWdhZG9yYQ==
UC3BBw,,W0p1bmlvciBSZXNlYXJjaGVyXQpCeSB0aGUgd2F5LCB3aGF0IHNob3VsZCBJIGRvIHdpdGggYWxsIG9mIHRoZXNlLi4uPyAKSXQgZmVlbHMgd2FzdGVmdWwgdG8gdGhyb3cgdGhlbSBhd2F5LCBidXQgbGVhdmluZyB0aGVtIGhlcmUgbWFrZXMgbWUgdW5lYXN5Lg==,,,,,W1Blc3F1aXNhZG9yYSBBc3Npc3RlbnRlXQpPIHF1ZSBldSBkZXZlcmlhIGZhemVyIGNvbSBpc3NvLi4uPyDDiSB1bSBkZXNwZXJkw61jaW8gam9nw6EtbGFzIGZvcmEgZSDDqSB1bWEgcGVuYSBsYXJnYXIgZWxhcy4=,,W0ludmVzdGlnYWRvcmEgQXNpc3RlbnRlXQrCv1F1w6kgZGViZXLDrWEgaGFjZXIgY29uIGVzdG8uLi4/IEVzIHVuIGRlc3BlcmRpY2lvIHRpcmFybGFzIHkgdW5hIHBlbmEgZGVqYXJsYXMu
US3BBw,,W0p1bmlvciBSZXNlYXJjaGVyXQpZb3UuLi4geW91J3JlIHRoZSBhZHZlbnR1cmVyIHdobyBjYW1lIHdpdGggdGhvc2UgcGVvcGxlLCByaWdodD8gCkJ1dCB0aGVyZSdzIG5vIHBvaW50IGluIGFza2luZyBtZSBhbnl0aGluZy4gCkkgZG9uJ3Qga25vdyBhbnl0aGluZyBhYm91dCB0aGlzIGluY2lkZW50IG9yIHRoZSBsYWJvcmF0b3J5Lg==,,,,,W1Blc3F1aXNhZG9yYSBBc3Npc3RlbnRlXQpWb2PDqi4uLiB2b2PDqiB2ZWlvIGNvbSBvcyByZWJlbGRlcywgbsOjbyDDqT8gTsOjbyBhZGlhbnRhIG1lIHBlcmd1bnRhciBuYWRhLCBldSBuw6NvIHNlaSBuYWRhIHNvYnJlIGVzc2UgY2FzbyBvdSBzb2JyZSBvIGxhYm9yYXTDs3Jpby4=,,W0ludmVzdGlnYWRvcmEgQXNpc3RlbnRlXQpUw7ouLi4gdMO6IHZpbmlzdGUgY29uIGxvcyByZWJlbGRlcywgwr92ZXJkYWQ/IE5vIHRpZW5lIHNlbnRpZG8gcHJlZ3VudGFybWUgbmFkYSwgbm8gc8OpIG5hZGEgc29icmUgZXN0ZSBjYXNvIG5pIHNvYnJlIGVsIGxhYm9yYXRvcmlvLg==
Ui3BBw,,Tm8sIHRoYXQncyBub3QgaXQuIEknbSBsb29raW5nIGZvciBzb21lb25lLg==,,,,,Q29uaGVjZSBQYXRyaWNrIEthdWZtYW4/,,wr9Db25vY2VzIGEgUGF0cmljayBLYXVmbWFuPw==
Uy3BBw,,W0p1bmlvciBSZXNlYXJjaGVyXQpXaG8/IApQYXRyaWNrPyAKSeKAmW0gbm90IHJlYWxseSBzdXJlLiAKSSBtb3N0bHkgd29yayBpbiB0aGUgZmllbGRzIGhlcmUsIHNvIEkgZG9u4oCZdCBrbm93IG11Y2ggYWJvdXQgb3RoZXIgcGVvcGxlLg==,,,,,W1Blc3F1aXNhZG9yYSBBc3Npc3RlbnRlXQpQYXRyaWNrPyBFdSBuw6NvIGNvbmhlw6dvLCBldSBtYWwgc2VpIG8gbm9tZSBkYXMgcGVzc29hcy4gRXUgZmHDp28gdHJhYmFsaG8gZGUgY2FtcG8u,,W0ludmVzdGlnYWRvcmEgQXNpc3RlbnRlXQrCv1BhdHJpY2s/IE5vIGxvIGNvbm96Y28uIEFwZW5hcyBzw6kgbG9zIG5vbWJyZXMgZGUgbGFzIHBlcnNvbmFzLiBIYWdvIHRyYWJham8gZGUgY2FtcG8u
VC3BBw,,SSBjYW4gdGVsbCB5b3UgdGhlIG5hbWVzIG9mIHZlZ2V0YWJsZXMsIHRob3VnaC4=,,,,,U2VpIG5vbWVzIGNpZW50w61maWNvcyBkZSB2ZXJkdXJhcyBlIGxlZ3VtZXMu,,U8OpIG5vbWJyZXMgY2llbnTDrWZpY29zIGRlIHZlcmR1cmFzIHkgaG9ydGFsaXphcy4=
VS3BBw,,RmFybWluZz8gRG8gUmVzZWFyY2hlcnMgZG8gZmFybSB3b3JrPw==,,,,,VHJhYmFsaG8gZGUgY2FtcG8/,,wr9UcmFiYWpvIGRlIGNhbXBvPw==
Vi3BBw,,W0p1bmlvciBSZXNlYXJjaGVyXQpIbW0uLi4gClRvIHB1dCBpdCBzaW1wbHksIEkgd2FzIHJlc2VhcmNoaW5nIGFuaW1hbCBmZWVkLiAKSSB3YXMgY3VsdGl2YXRpbmcgc3VwZXIgdmVnZXRhYmxlcyB0aGF0IGNvdWxkIHN1c3RhaW4gbGlmZSBldmVuIGluIHNtYWxsIGFtb3VudHMu,,,,,W1Blc3F1aXNhZG9yYSBBc3Npc3RlbnRlXQpBaGFtLi4uIFNpbXBsaWZpY2FuZG8gYSBoaXN0w7NyaWEsIGVyYSB1bSBlc3R1ZG8gZGUgcmHDp8OjbyBwYXJhIGFuaW1haXMgZSBlc3TDoXZhbW9zIGN1bHRpdmFuZG8gc3VwZXJ2ZWdldGFpcyBxdWUgcG9kZXJpYW0gYWxpbWVudGFyIG11aXRvcyBhbmltYWlzIGVtIHBlcXVlbmFzIHF1YW50aWRhZGVzLg==,,W0ludmVzdGlnYWRvcmEgQXNpc3RlbnRlXQpBasOhLi4uIFNpbXBsaWZpY2FuZG8sIGVyYSB1biBlc3R1ZGlvIGRlIGFsaW1lbnRvIHBhcmEgYW5pbWFsZXMgeSBjdWx0aXbDoWJhbW9zIHN1cGVydmVnZXRhbGVzIHF1ZSBwb2TDrWFuIGFsaW1lbnRhciBhIG11Y2hvcyBhbmltYWxlcyBlbiBwZXF1ZcOxYXMgY2FudGlkYWRlcy4=
Vy3BBw,,W0p1bmlvciBSZXNlYXJjaGVyXQpQcm9jZXNzaW5nIGFuZCByZWZpbmluZyB2ZWdldGFibGVzLi4uIApXaGF0IHdlcmUgdGhleSB0cnlpbmcgdG8gZG8gd2l0aCB0aGF0PyAKTWF5YmUgdGhleSB3ZXJlIHRyeWluZyB0byBzb2x2ZSBhIGh1bmdlciBwcm9ibGVtIG9yIHNvbWV0aGluZz8gCkhvbmVzdGx5LCBJ4oCZbSBub3QgcmVhbGx5IHN1cmUuIApJIGp1c3QgZGlkIHdoYXQgSSB3YXMgdG9sZC4=,,,,,W1Blc3F1aXNhZG9yYSBBc3Npc3RlbnRlXQpEZXBvaXMgZGUgcHJvY2Vzc2FyIGUgcmVmaW5hciBvcyB2ZWdldGFpcy4uLiBiZW0uLi4gbyBxdWUgw61hbW9zIGZhemVyIGNvbSBvIHJlc3VsdGFkbyBkYSBwZXNxdWlzYT8gTmEgdmVyZGFkZSwgZXUgbsOjbyBzZWkuIEV1IHPDsyBmaXogbyBxdWUgbWUgbWFuZGFyYW0u,,W0ludmVzdGlnYWRvcmEgQXNpc3RlbnRlXQpEZXNwdcOpcyBkZSBwcm9jZXNhciB5IHJlZmluYXIgbG9zIHZlZ2V0YWxlcy4uLiBidWVuby4uLiDCv3F1w6kgw61iYW1vcyBhIGhhY2VyIGNvbiBlbCByZXN1bHRhZG8gZGUgbGEgaW52ZXN0aWdhY2nDs24/IEVuIHJlYWxpZGFkLCBubyBsbyBzw6kuIFNvbG8gaGFjw61hIGxvIHF1ZSBtZSBvcmRlbmFiYW4u
WC3BBw,,W0p1bmlvciBSZXNlYXJjaGVyXQpUaGUgc2VuaW9yIFJlc2VhcmNoZXJzIGluc2lkZSB3aWxsIGtub3cgbW9yZSBkZXRhaWxzLgpIb25lc3RseSwgSSBuZXZlciB0aG91Z2h0IHRoZXnigJlkIGp1c3QgbGVhdmUgbWUgYmVoaW5kLiAKSSByZWFsbHkgYmVsaWV2ZWQgd2Ugd2VyZSBsaWtlIGZhbWlseS4uLg==,,,,,W1Blc3F1aXNhZG9yYSBBc3Npc3RlbnRlXQpTw7MgcXVlbSBzYWJlcmlhIHJlc3BvbmRlciBpc3NvIHPDo28gb3MgUGVzcXVpc2Fkb3Jlcy1jaGVmZXMuIEUgZWxlcyBtZSBhYmFuZG9uYXJhbS4uLiBhY2hlaSBxdWUgw6lyYW1vcyB1bWEgZmFtw61saWEuLi4=,,W0ludmVzdGlnYWRvcmEgQXNpc3RlbnRlXQpTb2xvIGxvcyBpbnZlc3RpZ2Fkb3JlcyBwcmluY2lwYWxlcyBzYWJyw61hbiByZXNwb25kZXIgZXNvLiBZIG1lIGFiYW5kb25hcm9uLi4uIHBlbnPDqSBxdWUgw6lyYW1vcyB1bmEgZmFtaWxpYS4uLg==
WS3BBw,,W0p1bmlvciBSZXNlYXJjaGVyXQpXaGVuIHRoZSBjb21tb3Rpb24gc3RhcnRlZCBvdXRzaWRlLCB0aGUgY2hpZWYgUmVzZWFyY2hlciB0b2xkIHVzIHRvIHBhY2sgdXAgb3VyIHRoaW5ncy4KSSBoYW5kZWQgb3ZlciB0aGUgaW1wb3J0YW50IGl0ZW1zIGFuZCB3YXMgZ2F0aGVyaW5nIG15IG93biBiZWxvbmdpbmdzLCBidXQgd2hlbiBJIGZpbmFsbHkgY2FtZSB0byBteSBzZW5zZXMsIHRoZXJlIHdhcyBubyBvbmUgZWxzZSBhcm91bmQu,,,,,W1Blc3F1aXNhZG9yYSBBc3Npc3RlbnRlXQpRdWFuZG8gb3V2aW1vcyBvIHR1bXVsdG8gZGUgdm9jw6pzLCBvIHBlc3F1aXNhZG9yLWNoZWZlIG1lIGRpc3NlIHBhcmEgYXJydW1hciBtaW5oYXMgbWFsYXMuClF1YW5kbyBmZWNoZWkgYSBiYWdhZ2VtLCBldSBqw6EgZXN0YXZhIHNvemluaGEu,,W0ludmVzdGlnYWRvcmEgQXNpc3RlbnRlXQpDdWFuZG8gb8OtIGVsIGFsYm9yb3RvIGRlIHVzdGVkZXMsIGVsIGludmVzdGlnYWRvciBwcmluY2lwYWwgbWUgZGlqbyBxdWUgcHJlcGFyYXJhIG1pcyBtYWxldGFzLgpDdWFuZG8gdGVybWluw6kgZGUgZW1wYWNhciwgeWEgZXN0YWJhIHNvbGEu
Wi3BBw,,QW5kIHNvLCBJIHdhcyBhYmFuZG9uZWQu,,,,,RXUgZnVpIGFiYW5kb25hZGEu,,RnVpIGFiYW5kb25hZGEu
Wy3BBw,,W0p1bmlvciBSZXNlYXJjaGVyXQpUaGUgbW9tZW50IEkgaGVhcmQgd2hhdCBWaWNlIFByZXNpZGVudCBzYWlkLCBJIHJlYWxpemVkIGl0LiAKSSBoYWQgYmVlbiB3b3JraW5nIHByb3VkbHksIHRoaW5raW5nIEkgd2FzIGNvbnRyaWJ1dGluZyB0byBzY2llbmNlLCBidXQgdG8gdGhlIHNlbmlvciBSZXNlYXJjaGVycywgSSB3YXMgcHJvYmFibHkgbm90aGluZyBtb3JlIHRoYW4gYSBkaXNwb3NhYmxlIHRvb2wu,,,,,W1Blc3F1aXNhZG9yYSBBc3Npc3RlbnRlXQpBc3NpbSBxdWUgb3V2aSBhcyBwYWxhdnJhcyBkbyB2aWNlLXByZXNpZGVudGUsIGV1IHNhcXVlaSBuYSBob3JhLiBFdSB0aW5oYSBvcmd1bGhvIGRlIGVzdGFyIGNvbnRyaWJ1aW5kbyBwYXJhIGEgY2nDqm5jaWEsIG1hcyBzw7MgZXN0YXZhIHNlbmRvIHVzYWRhLg==,,W0ludmVzdGlnYWRvcmEgQXNpc3RlbnRlXQpFbiBjdWFudG8gZXNjdWNow6kgbGFzIHBhbGFicmFzIGRlbCB2aWNlcHJlc2lkZW50ZSwgbG8gZW50ZW5kw60gdG9kby4gTWUgc2VudMOtYSBvcmd1bGxvc2EgZGUgY29udHJpYnVpciBhIGxhIGNpZW5jaWEsIHBlcm8gc29sbyBtZSBlc3RhYmFuIHV0aWxpemFuZG8u
XC3BBw,,W0p1bmlvciBSZXNlYXJjaGVyXQpJbiB0aGUgZW5kLCBpdCB3YXMgbm90aGluZyBtb3JlIHRoYW4gdGltZSBzcGVudCBpbmR1bGdpbmcgaW4gYSByb29raWXigJlzIHNlbGYtYWJzb3JwdGlvbi4=,,,,,W1Blc3F1aXNhZG9yYSBBc3Npc3RlbnRlXQpFbSBvdXRyYXMgcGFsYXZyYXMsIGV1IHPDsyBlcmEgdW1hIHBlw6dhIGRlIHhhZHJlei4gVW0gcGXDo28u,,W0ludmVzdGlnYWRvcmEgQXNpc3RlbnRlXQpFbiBvdHJhcyBwYWxhYnJhcywgeW8gc29sbyBlcmEgdW5hIHBpZXphIGRlIGFqZWRyZXouIFVuIHBlw7NuLg==
XS3BBw,,VGhhbmtzIHRvIHlvdSwgSeKAmXZlIHJlYWxpemVkIG15IHBsYWNlLi4uIHJlYWxseS4uLg==,,,,,RnVpIGlsdWRpZGEuLi4=,,RnVpIGVuZ2HDsWFkYS4uLg==
Xi3BBw,,W0p1bmlvciBSZXNlYXJjaGVyXQpBbnl3YXksIGlmIHlvdSdyZSBsb29raW5nIGZvciBzb21lb25lLCB0cnkgdGFsa2luZyB0byB0aGUgPE5BVkk+W3BlcnNvbl08SU5GTz5zcF9jb3IsMTUxLDE4MCwwLDEwMSwwPC9JTkZPPjwvTkFWST4gd2hvIG1hbmFnZWQgdGhlIGxhdW5kcnkuIApUaGV5J3ZlIGJlZW4gYXJvdW5kIGZvciBhIGxvbmcgdGltZSBhbmQga25vdyBhIGxvdCBvZiBwZW9wbGUu,,,,,W1Blc3F1aXNhZG9yYSBBc3Npc3RlbnRlXQpTZSB2b2PDqiBlc3RpdmVyIHByb2N1cmFuZG8gcG9yIGFsZ3XDqW0sIGZhbGUgY29tIG8gPE5BVkk+W3Blc3NvYWwgZGEgbGF2YW5kZXJpYV08SU5GTz5zcF9jb3IsMTUxLDE4MCwwLDEwMSwwPC9JTkZPPjwvTkFWST4uIEVsZXMgZXN0w6NvIGEgbWFpcyB0ZW1wbyBxdWUgZXUgYXF1aS4=,,W0ludmVzdGlnYWRvcmEgQXNpc3RlbnRlXQpTaSBidXNjYXMgYSBhbGd1aWVuLCBoYWJsYSBjb24gZWwgPE5BVkk+W3BlcnNvbmFsIGRlIGxhdmFuZGVyw61hXTxJTkZPPnNwX2NvciwxNTEsMTgwLDAsMTAxLDA8L0lORk8+PC9OQVZJPi4gTGxldmFuIG3DoXMgdGllbXBvIGFxdcOtIHF1ZSB5by4=
Xy3BBw,,W1dvcmtlcl0KT2ggZGVhci4uLiAKQnVybmluZyBhbGwgb2YgdGhpcyB3aXRob3V0IGV2ZW4gd2FzaGluZyBpdCBmaXJzdCwgb2guLi4gSXQgZmVlbHMgbGlrZSBteSBpbnNpZGVzIGFyZSBidXJuaW5nIHVwLCB0b28u,,,,,W1RyYWJhbGhhZG9yXQpOw6NvIGFjcmVkaXRvIHF1ZSBldSB2b3UgdGVyIHF1ZSBxdWVpbWFyIGVzc2FzIHJvdXBhcyBhbyBpbnbDqXMgZGUgbGF2YXIgZWxhcy4=,,W1RyYWJhamFkb3JdCk5vIHB1ZWRvIGNyZWVyIHF1ZSB0ZW5nYSBxdWUgcXVlbWFyIGVzdGEgcm9wYSBlbiB2ZXogZGUgbGF2YXJsYS4=
YC3BBw,,W1dvcmtlcl0KUGxlYXNlIGRvbid0IGNvbWUgYW55IGNsb3Nlci4gClRoZXJlIGFyZSBjb250YW1pbmF0ZWQgaXRlbXMgaGVyZS4gQmUgY2FyZWZ1bC4=,,,,,W1RyYWJhbGhhZG9yXQpFaSEgTsOjbyBzZSBhcHJveGltZS4gSMOhIGl0ZW5zIGNvbnRhbWluYWRvcy4gVGVuaGEgY3VpZGFkby4=,,W1RyYWJhamFkb3JdCsKhRWghIE5vIHRlIGFjZXJxdWVzLiBIYXkgb2JqZXRvcyBjb250YW1pbmFkb3MuIFRlbiBjdWlkYWRvLg==
YS3BBw,,SSBoYXZlIHNvbWV0aGluZyBJJ2QgbGlrZSB0byBhc2sgeW91Lg==,,,,,RXUgdGVuaG8gdW1hIHBlcmd1bnRhLg==,,VGVuZ28gdW5hIHByZWd1bnRhLg==
Yi3BBw,,W1dvcmtlcl0KQWgsIHRoZSBvbmUgd2hvIHNhdmVkIHVzIQpJdCdzIGdvb2QgdG8gc2VlIHlvdS4gCk15IG5hbWUgaXMgTWFyY3VzLiAKV2hhdCBicmluZ3MgeW91IGFsbCB0aGUgd2F5IGhlcmU/,,,,,W1RyYWJhbGhhZG9yXQpBaCwgdm9jw6ogcXVlIG5vcyBzYWx2b3UhIFByYXplciBlbSB0ZSBjb25oZWNlci4gRXUgc291IE1hcmN1cy4gUG9yIHF1ZSB2b2PDqiBlc3TDoSBhcXVpPw==,,W1RyYWJhamFkb3JdCkFoLCDCoXTDuiBlcmVzIHF1aWVuIG5vcyBzYWx2w7MhIEVuY2FudGFkbyBkZSBjb25vY2VydGUuIFNveSBNYXJjdXMuIMK/UG9yIHF1w6kgZXN0w6FzIGFxdcOtPw==
Yy3BBw,,TmljZSB0byBtZWV0IHlvdS4gSSBhbSBNYXJjdXMu,,,,,UHJhemVyIGVtIGNvbmhlY8OqLWxvLiBFdSBzb3UgTWFyY3VzLg==,,RW5jYW50YWRvIGRlIGNvbm9jZXJ0ZS4gU295IE1hcmN1cy4=
ZC3BBw,,TXIuIE1hcmN1cyBIb2x0em1hbm4gZnJvbSBMaWdodGhhbHplbj8=,,,,,TWFyY3VzLi4uIEhvbHR6bWFuPz8=,,wr9NYXJjdXMuLi4gSG9sdHptYW4/
ZS3BBw,,W01hcmN1c10KRG8geW91IGtub3cgbWU/IApJ4oCZbSBub3Qgc3VyZSBJIGtub3cgeW91Li4u,,,,,W01hcmN1c10KVm9jw6ogbWUgY29uaGVjZT8gRXUgbsOjby4uLg==,,W01hcmN1c10Kwr9NZSBjb25vY2VzPyBZbyBuby4uLg==
Zi3BBw,,QXJlbid0IHlvdSBhY3F1YWludGVkIHdpdGggRXZhPw==,,,,,Vm9jw6ogY29uaGVjZSBFdmE/,,wr9Db25vY2VzIGEgRXZhPw==
Zy3BBw,,W01hcmN1c10KV2FpdCwgd2hvIGFyZSB5b3UsIHJlYWxseT8gCkRvIHlvdSBrbm93IEV2YSBNdWVsbGVyPyAKRGlkIEV2YSBzZW5kIHlvdT8gCkhvdyBpcyBFdmEgZG9pbmc/Ck9oIG15ISBFdmEhIApJcyBFdmEgZG9pbmcgd2VsbD8=,,,,,W01hcmN1c10KUXVlbSDDqSB2b2PDqj8gQ29tbyBjb25oZWNlIEV2YSBNdWxsZXI/IEV2YSBtYW5kb3Ugdm9jw6o/IENvbW8gZXN0w6EgRXZhPyBPaCBtZXUgRGV1cyEgRXZhISBDb21vIGVzdMOhIEV2YT8=,,W01hcmN1c10Kwr9RdWnDqW4gZXJlcz8gwr9Dw7NtbyBjb25vY2VzIGEgRXZhIE11bGxlcj8gwr9FdmEgdGUgZW52acOzPyDCv0PDs21vIGVzdMOhIEV2YT8gwqFEaW9zIG3DrW8hIMKhRXZhISDCv0PDs21vIGVzdMOhIEV2YT8=
aC3BBw,,QWgsIGFoLi4uIE9oIG15LCBFdmEuIE15IEV2YS4uLg==,,,,,QWgsIGFoaC4uLiBBaSBtZXUgRGV1cywgRXZhLiBNaW5oYSBFdmEuLi4=,,QWgsIGFoaC4uLiBEaW9zIG3DrW8sIEV2YS4gTWkgRXZhLi4u
aS3BBw,,W01hcmN1c10KRXZhLCBJIG1pc3MgRXZhIHNvIG11Y2guIApIYXMgRXZhIGZvcmdvdHRlbiBhYm91dCBtZT8gCldlIGhhdmVuJ3QgYmVlbiBpbiB0b3VjaCBmb3IgeWVhcnMu,,,,,W01hcmN1c10KRXZhLCBldSBzaW50byB0YW50byBhIGZhbHRhIGRlIEV2YS4gRXZhIG1lIGVzcXVlY2V1PyBOw7NzIG7Do28gZW50cmFtb3MgZW0gY29udGF0byBow6EgYW5vcy4=,,W01hcmN1c10KRXZhLCBjdcOhbnRvIGV4dHJhw7FvIGEgRXZhLiDCv0V2YSBtZSBvbHZpZMOzPyBIYWNlIGHDsW9zIHF1ZSBubyBub3MgY29tdW5pY2Ftb3Mu
ai3BBw,,QWgsIGFoLi4uIEknbSByZWFsbHkgYSBiYWQgZ3V5Lg==,,,,,QWguLi4gZXUgc291IHVtIG90w6FyaW8h,,QWguLi4gwqFzb3kgdW4gaWRpb3RhIQ==
ay3BBw,,U2hlIGlzIHdvcnJpZWQgYmVjYXVzZSBzaGUgaGF2ZW4ndCBoZWFyZCBmcm9tIHlvdS4=,,,,,RWxhIGVzdMOhIHByZW9jdXBhZGEu,,RWxsYSBlc3TDoSBwcmVvY3VwYWRhLg==
bC3BBw,,W01hcmN1c10KSSBjb3VsZG4ndCBzZW5kIGFueSBsZXR0ZXJzLgpJIHdhc24ndCBhYmxlIHRvIGNvbnRhY3QgdGhlIG91dHNpZGUgd29ybGQsIGFuZCB0aGVyZSB3YXMgYWJzb2x1dGVseSBubyB3YXkgdG8gbGVhdmUgdGhpcyBwbGFjZS4gClRoYXQgd2FzIHRoZSBydWxlIGhlcmUu,,,,,W01hcmN1c10KTsOjbyBwb2RpYSBtZSBjb211bmljYXIgY29tIG8gbXVuZG8gZXh0ZXJpb3IsIG5lbSBzYWlyIGRhcXVpLiBFc3NhIGVyYSBhIHJlZ3JhIGRhcXVpLg==,,W01hcmN1c10KTm8gcG9kw61hIGNvbXVuaWNhcm1lIGNvbiBlbCBleHRlcmlvciBuaSBzYWxpciBkZSBhcXXDrS4gRXNhIGVyYSBsYSByZWdsYS4=
bS3BBw,,U28sIHRoYXQgbWVhbnMgeW91IHVzZWQgdXAgYWxsIHlvdXIgdmFjYXRpb24uLi4=,,,,,RSBjb21vIHVzb3Ugc3VhcyBmw6lyaWFzLi4uPw==,,wr9ZIGPDs21vIHVzYXN0ZSB0dXMgdmFjYWNpb25lcy4uLj8=
bi3BBw,,W01hcmN1c10KQSB2YWNhdGlvbj8gCldlbGwsIEnigJl2ZSBqdXN0IGJlZW4gcmVzdGluZyBoZXJlIGZvciBhIGZldyBkYXlzLiAKQnV0IHdhaXQsIGhvdyBkbyB5b3UgZXZlbiBrbm93IGFib3V0IHRoYXQ/,,,,,W01hcmN1c10KUXVlIGbDqXJpYXM/IEV1IG7Do28gc2HDrSBkYXF1aSEgQ29tbyB2b2PDqiBzYWJlIGRpc3NvIHR1ZG8/,,W01hcmN1c10Kwr9RdcOpIHZhY2FjaW9uZXM/IMKhTm8gc2Fsw60gZGUgYXF1w60hIMK/Q8OzbW8gc2FiZXMgdG9kbyBlc28/
by3BBw,,SXNuJ3QgdGhpcyB5b3VyIGZpcnN0IHRpbWUgaGVyZT8=,,,,,TsOjbyDDqSBzdWEgcHJpbWVpcmEgdmV6IGFxdWk/,,wr9ObyBlcyB0dSBwcmltZXJhIHZleiBhcXXDrT8=
cC3BBw,,SSB3YXMgaW52ZXN0aWdhdGluZyBhIG1pc3NpbmcgcGVyc29uLg==,,,,,SW52ZXN0aWdvIGRlc2FwYXJlY2lkb3Mu,,SW52ZXN0aWdvIGRlc2FwYXJpY2lvbmVzLg==
cS3BBw,,W01hcmN1c10KSSBzZWUhIApJIGNhbid0IHRoYW5rIHlvdSBlbm91Z2gh,,,,,W01hcmN1c10KRW50ZW5kbyEgQWluZGEgYmVtIHF1ZSBub3MgZW5jb250cmFtb3Mh,,W01hcmN1c10KwqFFbnRpZW5kbyEgwqFRdcOpIGJ1ZW5vIHF1ZSBub3MgZW5jb250cmFtb3Mh
ci3BBw,,SWYgeW91IHdyaXRlIGEgbGV0dGVyLCBJ4oCZbGwgZGVsaXZlciBpdCBmb3IgeW91Lg==,,,,,RXNjcmV2YSB1bWEgY2FydGEgZSBldSBlbnRyZWdhcmVpLg==,,RXNjcmliZSB1bmEgY2FydGEgeSB5byBsYSBlbnRyZWdhcsOpLg==
cy3BBw,,W01hcmN1c10KTXkgZ29vZG5lc3MuLi4gCllvdSB3ZW50IHRvIHN1Y2ggbGVuZ3RocyBmb3Igc29tZW9uZSB5b3UganVzdCBtZXQuLi4gCkFsdGhvdWdoIHRvZGF5IGlzIHRoZSBmaXJzdCB0aW1lIEkndmUgc2VlbiB5b3UsIEkgd2lsbCBjb25zaWRlciB5b3UgYSBsaWZlbG9uZyBiZW5lZmFjdG9yIGFuZCBmcmllbmQuIApJZiB5b3UgZXZlciBuZWVkIGhlbHAsIHBsZWFzZSBjb21lIGZpbmQgbWUgYW55dGltZS4=,,,,,W01hcmN1c10KT2ggbWV1IERldXMuIEV1IHPDsyB0ZSB2aSB1bWEgdmV6IGhvamUsIG1hcyBlIGrDoSBzZWkgcXVlIHZhaSBzZXIgdW1hIGFtaXphZGUgcGFyYSBhIHZpZGEgdG9kYS4KU2UgcXVpc2VyIG1lIHBlZGlyIGFsZ28sIGV1IHZlam8gc2UgY29uc2lnbyBmYXplci4=,,W01hcmN1c10KT2gsIERpb3MgbcOtby4gU29sbyB0ZSB2aSB1bmEgdmV6IGhveSwgcGVybyB5YSBzw6kgcXVlIHNlcsOhIHVuYSBhbWlzdGFkIHBhcmEgdG9kYSBsYSB2aWRhLgpTaSBxdWllcmVzIHBlZGlybWUgYWxnbywgdmVyw6kgc2kgcHVlZG8gaGFjZXJsby4=
dC3BBw,,RG8geW91IGhhcHBlbiB0byBrbm93IFBhdHJpY2sgS2F1Zm1hbj8=,,,,,Vm9jw6ogY29uaGVjZSBQYXRyaWNrIEthdWZtYW4/,,wr9Db25vY2VzIGEgUGF0cmljayBLYXVmbWFuPw==
dS3BBw,,W01hcmN1c10KV2FpdCwgdGhhdCBuYW1lIHNvdW5kcyByZWFsbHkgZmFtaWxpYXIuLi4gClBhdHJpY2suLi4gClBhdHJpY2suLi4gCkFyZSB5b3UgdGFsa2luZyBhYm91dCBQYXRzeSwgdGhlIG9uZSB3aG8gdXNlZCB0byBjbGVhbiB0aGUgbGFib3JhdG9yeT8gCldhc24ndCB0aGUgcGVyc29uIGxvb2tpbmcgZm9yIGhpbSBmcm9tIExpZ2h0aGFsemVuPw==,,,,,W01hcmN1c10KRXNwZXJlLCBlc3NlIG5vbWUgc29hIG11aXRvIGZhbWlsaWFyLi4uIFBhdHJpY2suLi4gUGF0cmljay4uLiBWb2PDqiBlc3TDoSBmYWxhbmRvIGRvIFBhY2EsIHF1ZSBsaW1wYXZhIG8gbGFib3JhdMOzcmlvPyBFbGUgw6kgZGEgZmF2ZWxhPw==,,W01hcmN1c10KRXNwZXJhLCBlc2Ugbm9tYnJlIG1lIHN1ZW5hIG11Y2hvLi4uIFBhdHJpY2suLi4gUGF0cmljay4uLiDCv1RlIHJlZmllcmVzIGEgUGFjYSwgZWwgcXVlIGxpbXBpYWJhIGVsIGxhYm9yYXRvcmlvPyDCv0VsIGRlIGxvcyBiYXJyaW9zIGJham9zPw==
di3BBw,,WWVzLCB0aGF0J3MgcmlnaHQu,,,,,RXNzZSBtZXNtby4=,,RXNlIG1pc21vLg==
dy3BBw,,W01hcmN1c10KVGhhdCdzIHJpZ2h0LCB0aGF0J3MgaGltISAKVGhlIHRhbGwgZ3V5IHdobyBsb29rZWQgcHJldHR5IHN0dXJkeSEKSSB3YW50ZWQgdG8gZ2V0IGNsb3NlciBzaW5jZSB3ZSdyZSBmcm9tIHRoZSBzYW1lIGhvbWV0b3duLCBidXQgaGUgc3VkZGVubHkgc3RvcHBlZCBzaG93aW5nIHVwIG9uZSBkYXkuIApTbyBJIHRob3VnaHQgbWF5YmUgaGUgZ290IGZpcmVkLg==,,,,,W01hcmN1c10KRWxlIGVyYSBhbHRvIGUgbWFncm8hIEVsZSBlcmEgZG8gbWVzbW8gYmFpcnJvIHF1ZSBldSwgZW50w6NvIGV1IHF1ZXJpYSBzZXIgYW1pZ28gZGVsZS4gRXUgbsOjbyBvIHZlam8gZmF6IHRlbXBvLiBQZW5zZWkgcXVlIGVsZSB0aW5oYSBzaWRvIGRlbWl0aWRvLg==,,W01hcmN1c10KwqFFcmEgYWx0byB5IGRlbGdhZG8hIEVyYSBkZWwgbWlzbW8gYmFycmlvIHF1ZSB5bywgYXPDrSBxdWUgcXVlcsOtYSBzZXIgc3UgYW1pZ28uIEhhY2UgdGllbXBvIHF1ZSBubyBsbyB2ZW8uIFBlbnPDqSBxdWUgbG8gaGFiw61hbiBkZXNwZWRpZG8u
eC3BBw,,W01hcmN1c10KSGUgd2FzIGdydW1ibGluZyBhYm91dCBiZWluZyBtYWRlIHRvIGNsZWFuIGV2ZW4gdGhvdWdoIGhlIHdhcyBpbiB0aGUgbWFpbnRlbmFuY2UgZGVwYXJ0bWVudCwgc28gSSBoYWQgdG8gZXhwbGFpbiB0byBoaW0gdGhhdCB0aGluZ3MgZG9u4oCZdCB3b3JrIHRoYXQgd2F5IGFyb3VuZCBoZXJlLg==,,,,,W01hcmN1c10KTyBQYWNhIG7Do28gZ29zdG91IGRlIHNlciBkYSBsaW1wZXphLCBlbGUgbmFzY2V1IHBhcmEgc2VyIG1lY8OibmljbywgbWFzIGFzIGNvaXNhcyBuw6NvIGZ1bmNpb25hbSBhc3NpbSBuZXNzZSBsdWdhci4=,,W01hcmN1c10KQSBQYWNhIG5vIGxlIGd1c3RhYmEgbGEgbGltcGllemEuIE5hY2nDsyBwYXJhIHNlciBtZWPDoW5pY28sIHBlcm8gbGFzIGNvc2FzIG5vIGZ1bmNpb25hbiBhc8OtIGVuIGVzdGUgbHVnYXIu
eS3BBw,,W01hcmN1c10KSSB0aG91Z2h0IGhlIGhhZCBjaGFuZ2VkIGhpcyBtaW5kIGFib3V0IGhpcyBuZXcgam9iLCBzaW5jZSBJIHNhdyBoaW0gZ2V0dGluZyBhbG9uZyB3ZWxsIHdpdGggdGhlIF4wMDAwQ0RzY2llbnRpc3RzXjAwMDAwMCBpbiB0aGUgbGFib3JhdG9yeS4=,,,,,W01hcmN1c10KRXUgcGVuc2VpIHF1ZSBlbGUgbXVkb3UgZGUgaWRlaWEgc29icmUgbyBub3ZvIHRyYWJhbGhvIGRlbGUsIGrDoSBxdWUgZXUgbyB2aSBzZW5kbyBhbWlnw6F2ZWwgY29tIG9zIF4wMDAwQ0RjaWVudGlzdGFzXjAwMDAwMCBkbyBsYWJvcmF0w7NyaW8u,,W01hcmN1c10KUGVuc8OpIHF1ZSBoYWLDrWEgY2FtYmlhZG8gZGUgb3BpbmnDs24gc29icmUgc3UgbnVldm8gdHJhYmFqbywgeWEgcXVlIGxvIHZpIGxsZXbDoW5kb3NlIGJpZW4gY29uIGxvcyBeMDAwMENEY2llbnTDrWZpY29zXjAwMDAwMCBkZWwgbGFib3JhdG9yaW8u
ei3BBw,,W01hcmN1c10KQW55d2F5LCBpZiB5b3Ugd2FudCB0byBmaW5kIHNvbWV0aGluZyB1c2VmdWwsIHRyeSBnb2luZyB0byA8TkFWST5bSW5jaW5lcmF0aW9uIFBsYW50XTxJTkZPPnNwX2Nvciw3MCwyNjMsMCwxMDEsMDwvSU5GTz48L05BVkk+LgpUaGV5IGNvbGxlY3QgYW5kIHNvcnQgc2NhdHRlcmVkIG1hdGVyaWFscyB0aGVyZSwgc28geW91IG1pZ2h0IGJlIGFibGUgdG8gZmluZCBzb21ldGhpbmcgcmVsYXRlZCB0byBQYXRzeS4=,,,,,W01hcmN1c10KU2Ugdm9jw6ogcXVpc2VyIG9idGVyIGFsZ3VtYSBpbmZvcm1hw6fDo28gc29icmUgbyBQYWNhLCByZWNvbWVuZG8gaXIgYXTDqSBvIDxOQVZJPltzZXRvciBkZSBpbmNpbmVyYcOnw6NvXTxJTkZPPnNwX2Nvciw3MCwyNjMsMCwxMDEsMDwvSU5GTz48L05BVkk+LgpFc3TDo28gY29sZXRhbmRvIGUgY2xhc3NpZmljYW5kbyBvcyBtYXRlcmlhaXMgZXNwYWxoYWRvcyBwb3IgbMOhLg==,,W01hcmN1c10KU2kgcXVpZXJlcyBvYnRlbmVyIGluZm9ybWFjacOzbiBzb2JyZSBQYWNhLCB0ZSByZWNvbWllbmRvIGlyIGFsIDxOQVZJPltzZWN0b3IgZGUgaW5jaW5lcmFjacOzbl08SU5GTz5zcF9jb3IsNzAsMjYzLDAsMTAxLDA8L0lORk8+PC9OQVZJPi4KQWxsw60gZXN0w6FuIHJlY29sZWN0YW5kbyB5IGNsYXNpZmljYW5kbyBsb3MgbWF0ZXJpYWxlcyBlc3BhcmNpZG9zLg==
ey3BBw,,W01hcmN1c10KVGhlc2UgbGF1bmRyeSBpdGVtcyB3aWxsIHNvb24gYmUgbW92ZWQgdG8gdGhlIGluY2luZXJhdG9yLiAKT2ggZGVhci4uLiAKV2hhdCBhIHdhc3RlLiAKSWYgSSBjb3VsZCBqdXN0IHJ1biB0aGVtIHRocm91Z2ggdGhlIHdhc2hpbmcgbWFjaGluZSBvbmNlLCB0aGV5J2QgYmUgcGVyZmVjdGx5IGNsZWFuLi4u,,,,,W01hcmN1c10KRXNzYXMgcm91cGFzIHRhbWLDqW0gdsOjbyBzZXIgbGV2YWRhcyBwYXJhIG8gaW5jaW5lcmFkb3IgZW0gYnJldmUuIMOJIHVtIGRlc3BlcmTDrWNpby4uLg==,,W01hcmN1c10KRXN0YSByb3BhIHRhbWJpw6luIHNlcsOhIGxsZXZhZGEgcHJvbnRvIGFsIGluY2luZXJhZG9yLiBFcyB1biBkZXNwZXJkaWNpby4uLg==
fC3BBw,,SXQncyBhIG5ldyBvbmUgdGhhdCBqdXN0IGdvdCBhIHBlcmZvcm1hbmNlIHVwZ3JhZGUgbm90IHRvbyBsb25nIGFnby4=,,,,,w4kgc8OzIGxhdmFyLi4u,,Q29uIHNvbG8gbGF2YXJsYS4uLg==
fS3BBw,,W01hcmN1c10KQW55d2F5LCB0aGFuayB5b3UuIApJJ3ZlIHdyaXR0ZW4gYSB0b24gb2YgbGV0dGVycyBkdXJpbmcgdGhpcyB0aW1lLCBzbyBJJ2xsIG9yZ2FuaXplIHRoZW0gYW5kIGdpdmUgdGhlbSB0byB5b3UuIApUaGFuayB5b3Ugc28gbXVjaCE=,,,,,W01hcmN1c10KRGUgcXVhbHF1ZXIgZm9ybWEsIG9icmlnYWRvLiBFdSBlc2NyZXZpIG11aXRhcyBjYXJ0YXMgYXTDqSBhZ29yYSwgZW50w6NvIHZvdSBqdW50YXIgdG9kYXMgZSBlbnZpYXIuIE11aXRvIG9icmlnYWRvIQ==,,W01hcmN1c10KRGUgdG9kb3MgbW9kb3MsIGdyYWNpYXMuIEhlIGVzY3JpdG8gbXVjaGFzIGNhcnRhcyBoYXN0YSBhaG9yYSwgYXPDrSBxdWUgbGFzIHJldW5pcsOpIHRvZGFzIHkgbGFzIGVudmlhcsOpLiDCoU11Y2hhcyBncmFjaWFzIQ==
fi3BBw,,W01hcmN1c10KSWYgeW91IGdvIHRvIHRoZSA8TkFWST5bSW5jaW5lcmF0b3JdPElORk8+c3BfY29yLDcwLDI2MywwLDEwMSwwPC9JTkZPPjwvTkFWST4sIHlvdSBtaWdodCBiZSBhYmxlIHRvIGZpbmQgc29tZXRoaW5nIHVzZWZ1bC4=,,,,,W01hcmN1c10KU2Ugdm9jw6ogZm9yIHBhcmEgbyA8TkFWST5bc2V0b3IgZGUgaW5jaW5lcmHDp8Ojb108SU5GTz5zcF9jb3IsNzAsMjYzLDAsMTAxLDA8L0lORk8+PC9OQVZJPiwgcG9kZXLDoSBvYnRlciBhbGd1bWEgY29pc2Eu,,W01hcmN1c10KU2kgdmFzIGFsIDxOQVZJPltzZWN0b3IgZGUgaW5jaW5lcmFjacOzbl08SU5GTz5zcF9jb3IsNzAsMjYzLDAsMTAxLDA8L0lORk8+PC9OQVZJPiwgcG9kcsOhcyBlbmNvbnRyYXIgYWxnby4=
fy3BBw,,W01hcmN1c10KU2lnaC4uLiAKQnVybmluZyBhbGwgb2YgdGhpcyB3aXRob3V0IGV2ZW4gd2FzaGluZyBpdCBmaXJzdCwgc2lnaC4uLiAKSXQgZmVlbHMgbGlrZSBteSBpbnNpZGVzIGFyZSBidXJuaW5nIHVwLCB0b28u,,,,,W01hcmN1c10KTsOjbyBhY3JlZGl0byBxdWUgZXUgdm91IHRlciBxdWUgcXVlaW1hciBlc3NhcyByb3VwYXMgYW8gaW52w6lzIGRlIGxhdmFyIGVsYXMu,,W01hcmN1c10KTm8gcHVlZG8gY3JlZXIgcXVlIHRlbmdhIHF1ZSBxdWVtYXIgZXN0YSByb3BhIGVuIHZleiBkZSBsYXZhcmxhLg==
gC3BBw,,W1dvcmtlcl0KSSB0b2xkIHlvdSBub3QgdG8gbGVhdmUgZm9vZCB3YXN0ZSBoZXJlLiAKSXQgc21lbGxzLg==,,,,,W1RyYWJhbGhhZG9yXQpQb3IgcXVlIGVzc2UgcG92byBmaWNhIGpvZ2FuZG8gcmVzdG8gZGUgY29taWRhIGFxdWk/IElzc28gZGVpeGEgbyBjaGVpcm8gbXVpdG8gcGlvci4=,,W1RyYWJhamFkb3JdCsK/UG9yIHF1w6kgZXN0YSBnZW50ZSB0aXJhIHJlc3RvcyBkZSBjb21pZGEgYXF1w60/IEVzbyBlbXBlb3JhIG11Y2hvIGVsIG9sb3Iu
gS3BBw,,W1dvcmtlcl0KVWguLi4gCkRpZCB5b3UgY29tZSB0byBwaWNrIHVwIHRoZSBkb2N1bWVudHM/CkkgdHJpZWQgdG8gb3JnYW5pemUgdGhlbSBhIGJpdCwgYnV0IGhvbmVzdGx5LCBJIGhhdmUgbm8gaWRlYSB3aGF0IGFueSBvZiBpdCBtZWFucywgc28gSSBjb3VsZG4ndCBldmVuIHNvcnQgdGhlbSBwcm9wZXJseS4=,,,,,W1RyYWJhbGhhZG9yXQpBbi4uLiBWb2PDqiB2ZWlvIGJ1c2NhciBvcyBtYXRlcmlhaXM/IEV1IG9zIGp1bnRlaSwgbWFzIG7Do28gcG9zc28gbmVtIGNsYXNzaWZpY8OhLWxvcyBwb3JxdWUgbsOjbyBzZWkgbyBxdWUgc8Ojby4=,,W1RyYWJhamFkb3JdCkVoLi4uIMK/dmluaXN0ZSBhIGJ1c2NhciBsb3MgbWF0ZXJpYWxlcz8gTG9zIHJldW7DrSwgcGVybyBuaSBzaXF1aWVyYSBwdWVkbyBjbGFzaWZpY2FybG9zIHBvcnF1ZSBubyBzw6kgcXXDqSBzb24u
gi3BBw,,V2F0Y2ggeW91ciBzdGVwIG92ZXIgdGhlcmUu,,,,,Q3VpZGFkbyBjb20gbyBjYWxvciBkYSBtw6FxdWluYS4=,,Q3VpZGFkbyBjb24gZWwgY2Fsb3IgZGUgbGEgbcOhcXVpbmEu
gy3BBw,,TWF5IEkgdGFrZSBhIGxvb2s/,,,,,UG9zc28gZGFyIHVtYSBvbGhhZGE/,,wr9QdWVkbyBlY2hhciB1biB2aXN0YXpvPw==
hC3BBw,,W1dvcmtlcl0KR28gYWhlYWQuIApCdXQgZG8geW91IHJlYWxseSB0aGluayBhbnl0aGluZyBpbXBvcnRhbnQgaXMgbGVmdD8gCklmIHRob3NlIHBlb3BsZSBkaWRu4oCZdCB0YWtlIGl0LCBpdCBwcm9iYWJseSB3YXNu4oCZdCBhbnl0aGluZyB2YWx1YWJsZS4=,,,,,W1RyYWJhbGhhZG9yXQpTaW0uIE1hcyBhaW5kYSBow6EgY29pc2FzIGltcG9ydGFudGVzPyBTZSBuZW0gb3MgcGVzcXVpc2Fkb3JlcyBxdWlzZXJhbS4uLg==,,W1RyYWJhamFkb3JdClPDrS4gUGVybyDCv2HDum4gaGF5IGNvc2FzIGltcG9ydGFudGVzPyBTaSBuaSBsb3MgaW52ZXN0aWdhZG9yZXMgcXVpc2llcm9uLi4u
hS3BBw,,RG8geW91IGluY2luZXJhdGUgYWxsIHRoZSB0cmFzaCBoZXJlPw==,,,,,Vm9jw6ogaW5jaW5lcmEgdG9kbyBvIGxpeG8gYXF1aT8=,,wr9JbmNpbmVyYSB0b2RhIGxhIGJhc3VyYSBhcXXDrT8=
hi3BBw,,W1dvcmtlcl0KVG8gYmUgcHJlY2lzZSwgdGhpcyBpc24ndCB0aGUgaW5jaW5lcmF0b3IgaXRzZWxm4oCUaXQncyBhIHRlbXBvcmFyeSBzdG9yYWdlIGFyZWEgd2hlcmUgaXRlbXMgdG8gYmUgaW5jaW5lcmF0ZWQgYXJlIGNvbGxlY3RlZC4gClRoZSBhY3R1YWwgaW5jaW5lcmF0b3IgaXMgYSBiaXQgZmFydGhlciBhd2F5Lg==,,,,,W1RyYWJhbGhhZG9yXQpQYXJhIHNlciBwcmVjaXNvLCBpc3NvIG7Do28gw6kgdW0gaW5jaW5lcmFkb3IsIMOpIHVtYSBkb2NhIGRlIGNhcmdhIHRlbXBvcsOhcmlhIG9uZGUgY29sZXRhbW9zIGNvaXNhcyBwYXJhIHNlcmVtIGluY2luZXJhZGFzLiBPIGluY2luZXJhZG9yIGZpY2EgdW0gcG91Y28gbWFpcyBsb25nZS4=,,W1RyYWJhamFkb3JdClBhcmEgc2VyIHByZWNpc29zLCBlc3RvIG5vIGVzIHVuIGluY2luZXJhZG9yLCBlcyB1biBtdWVsbGUgZGUgY2FyZ2EgdGVtcG9yYWwgZG9uZGUgcmVjb2xlY3RhbW9zIGNvc2FzIHBhcmEgc2VyIGluY2luZXJhZGFzLiBFbCBpbmNpbmVyYWRvciBlc3TDoSB1biBwb2NvIG3DoXMgbGVqb3Mu
hy3BBw,,SG93IGRvIHRoZSBSZXNlYXJjaGVycyBkaXNwb3NlIG9mIHRyYXNoPw==,,,,,Q29tbyBzZSBkZXNjYXJ0YXZhbSBvcyByZXPDrWR1b3M/,,wr9Dw7NtbyBzZSBkZXNlY2hhYmFuIGxvcyByZXNpZHVvcz8=
iC3BBw,,W1dvcmtlcl0KV2UgZ2F0aGVyIGFsbCB0aGUgdHJhc2ggZnJvbSBlYWNoIHJvb20gYW5kIHRha2UgY2FyZSBvZiBpdCBoZXJlLiAKV2VsbCwgdGhhdCdzIHdoYXQgdGlkeSBwZW9wbGUgZG8sIGJ1dCB1c3VhbGx5Li4uIHVnaC4gRG9uJ3QgZXZlbiBnZXQgbWUgc3RhcnRlZC4=,,,,,W1RyYWJhbGhhZG9yXQpOw7NzIGNvbGV0YW1vcyBvIGxpeG8gZSBvIGRlc2NhcnRhbW9zIGFxdWkuIEUuLi4gbm9zc2EuLi4gY2llbnRpc3RhcyBwZXNxdWlzYWRvcmVzIG7Do28gc8OjbyBuYWRhIGxpbXBvcy4=,,W1RyYWJhamFkb3JdClJlY29sZWN0YW1vcyBsYSBiYXN1cmEgeSBsYSBkZWphbW9zIGFxdcOtLiBZLi4uIHZheWEuLi4gbG9zIGNpZW50w61maWNvcyBpbnZlc3RpZ2Fkb3JlcyBubyBzb24gbmFkYSBvcmRlbmFkb3Mu
iS3BBw,,UGVvcGxlIHdobyBhcmUgc3VwcG9zZWQgdG8gYmUgd2VsbC1lZHVjYXRlZCBjYW4gYmUgdW5iZWxpZXZhYmx5IG1lc3N5Lg==,,,,,RWxlcyBwcmVjaXNhbSBzZSBvcmdhbml6YXIgbWVsaG9yLg==,,TmVjZXNpdGFuIG9yZ2FuaXphcnNlIG1lam9yLg==
ii3BBw,,W1dvcmtlcl0KSWYgcGVvcGxlIGFjdHVhbGx5IHRocmV3IHRoZWlyIHRyYXNoIHByb3Blcmx5IGludG8gdGhlIGJpbnMsIHRoZXkgd291bGRu4oCZdCBiZSBwZW9wbGUsIHdvdWxkIHRoZXk/IApJIGJldCB0aGVyZeKAmXMgYSBsb3QgZHVtcGVkIG91dCBvbiB0aGUgaGlsbCBiZWhpbmQgdXMgb3IgaW4gdGhlIHN0cmVhbSB1cCBhaGVhZCwgdG9vLg==,,,,,W1RyYWJhbGhhZG9yXQpEdXZpZG8gcXVlIGVsZXMgam9nYXJpYW0gbGl4byBudW1hIGxhdGEgZGUgbGl4byBjb211bS4gTWFpcyBmw6FjaWwgam9nYXJlbSBubyByaWFjaG8gYWxpLg==,,W1RyYWJhamFkb3JdCkR1ZG8gcXVlIHRpcmFyYW4gYmFzdXJhIGVuIHVuYSBwYXBlbGVyYSBjb23Dum4uIE3DoXMgZsOhY2lsIGVzIHF1ZSBsYSBhcnJvamFyYW4gYWwgYXJyb3lvIGRlIGFsbMOtLg==
iy3BBw,,RGlkIHlvdSBhbHNvIGJ1cm4gdGhlIGNvbnRhbWluYXRlZCBvbmVzIGhlcmU/,,,,,SsOhIHF1ZWltb3UgY29pc2FzIGNvbnRhbWluYWRhcz8=,,wr9ZYSBxdWVtYXJvbiBjb3NhcyBjb250YW1pbmFkYXM/
jC3BBw,,W1dvcmtlcl0KVGhhdCdzIG5vdCBpdC4gCldlIHNvcnRlZCB0aGUgbGFyZ2UgbWF0ZXJpYWxzIGFuZCBlcXVpcG1lbnQgaW50byB3aGF0IGNvdWxkIGJlIHJlY3ljbGVkIGFuZCB3aGF0IGNvdWxkbid0LCBhbmQgb25seSBicm91Z2h0IHRoZSB1bnVzYWJsZSBvbmVzIGhlcmUgdG8gYnVybi4=,,,,,W1RyYWJhbGhhZG9yXQpOw6NvIMOpIGJlbSBhc3NpbS4gR3JhbmRlcyBtYXRlcmlhaXMgZSBmZXJyYW1lbnRhcyBlcmFtIHNlcGFyYWRvcyBwb3IgcmVjaWNsw6F2ZWlzIGUgbsOjbyByZWNpY2zDoXZlaXMsIGUgYXBlbmFzIG8gcXVlIG7Do28gcG9kaWEgc2VyIHJldXNhZG8gZXJhIHF1ZWltYWRvLg==,,W1RyYWJhamFkb3JdCk5vIGV4YWN0YW1lbnRlLiBMb3MgbWF0ZXJpYWxlcyBncmFuZGVzIHkgbGFzIGhlcnJhbWllbnRhcyBzZSBzZXBhcmFiYW4gZW4gcmVjaWNsYWJsZXMgeSBubyByZWNpY2xhYmxlcywgeSBzb2xvIGxvIHF1ZSBubyBwb2TDrWEgcmV1dGlsaXphcnNlIHNlIHF1ZW1hYmEu
jS3BBw,,W1dvcmtlcl0KVGhleSBzYWlkIHRoZXJl4oCZcyBhIHNlcGFyYXRlIF4wMDAwQ0RkaXNwb3NhbCBzaXRlXjAwMDAwMCBqdXN0IGZvciB0aGluZ3MgdGhhdCBhcmUgaGVhdmlseSBjb250YW1pbmF0ZWQgb3IgY2Fu4oCZdCBiZSBpbmNpbmVyYXRlZC4gClRoZXkgZXZlbiBoYXZlIHRoZWlyIG93biBuYW1lIGZvciBpdC4uLg==,,,,,W1RyYWJhbGhhZG9yXQpPdXZpIGRpemVyIHF1ZSBleGlzdGUgdW0gXjAwMDBDRGRlcMOzc2l0byBzZXBhcmFkb14wMDAwMDAuIE9uZGUgY29pc2FzIHF1ZSBuw6NvIHBvZGVtIHNlciBqb2dhZGFzIG91IHNlcGFyYWRhcywgc8OjbyBkZXBvc2l0YWRhcyBsw6EuLi4=,,W1RyYWJhamFkb3JdCkVzY3VjaMOpIHF1ZSBleGlzdGUgdW4gXjAwMDBDRGRlcMOzc2l0byBzZXBhcmFkb14wMDAwMDAsIGRvbmRlIHNlIGd1YXJkYW4gbGFzIGNvc2FzIHF1ZSBubyBwdWVkZW4gdGlyYXJzZSBuaSBzZXBhcmFyc2UuLi4=
ji3BBw,,RGlkIHlvdSBnbyB0aGVyZSB5b3Vyc2VsZiBhbmQgdGhyb3cgaXQgYXdheT8=,,,,,Vm9jw6ogasOhIHZpdT8=,,wr9MbyBoYXMgdmlzdG8/
jy3BBw,,W1dvcmtlcl0KTm8sIGl0IHdhcyBvdGhlciBwZW9wbGUgd2hvIHdlbnQgdGhhdCB3YXkuIApNb3N0IG9mIHRoZSBpdGVtcyB3ZXJlIGVpdGhlciBsYXJnZSBvciBjb250YWluZWQgdG94aWMgc3Vic3RhbmNlcywgc28gdGhlcmUgd2FzIGEgc2VwYXJhdGUgXjAwMDBDRHNwZWNpYWxpemVkIGRlcGFydG1lbnReMDAwMDAwIHRoYXQgd291bGQgXjAwMDBDRHRpZ2h0bHkgc2VhbCB0aGVtIGluIGJpZyBjYXJ0c14wMDAwMDAgYW5kIGRpc3Bvc2Ugb2YgdGhlbS4uLg==,,,,,W1RyYWJhbGhhZG9yXQpOw6NvLCBtYXMgYWxndW5zIHRyYWJhbGhhZG9yZXMgasOhLiBFeGlzdGlhIHVtIF4wMDAwQ0RzZXRvciBlc3BlY2lhbGl6YWRvXjAwMDAwMCBzw7MgcGFyYSBzZXBhcmFyIG9zIGxpeG9zIGdyYW5kZXMgb3UgYWx0YW1lbnRlIHJhZGlvYXRpdm9zLgpFc3NlIGxpeG8gZXJhIF4wMDAwQ0RoZXJtZXRpY2FtZW50ZSBmZWNoYWRvXjAwMDAwMCBlIGxldmFkbyBlbSB1bSB2YWfDo28gZGUgdHJlbS4uLg==,,W1RyYWJhamFkb3JdCk5vLCBwZXJvIGFsZ3Vub3MgdHJhYmFqYWRvcmVzIHPDrS4gSGFiw61hIHVuIF4wMDAwQ0RzZWN0b3IgZXNwZWNpYWxpemFkb14wMDAwMDAgc29sbyBwYXJhIHNlcGFyYXIgbG9zIHJlc2lkdW9zIGdyYW5kZXMgbyBhbHRhbWVudGUgcmFkaWFjdGl2b3MuCkVzYSBiYXN1cmEgc2UgXjAwMDBDRHNlbGxhYmEgaGVybcOpdGljYW1lbnRlXjAwMDAwMCB5IHNlIHRyYW5zcG9ydGFiYSBlbiB1biB2YWfDs24gZGUgdHJlbi4uLg==
kC3BBw,,W1dvcmtlcl0KQWguLi4gdW0sIHRoYXQncyBub3QuLi4gYWN0dWFsbHkgdHJhc2guLi4gY291bGQgaXQgYmUuLi4=,,,,,W1RyYWJhbGhhZG9yXQpBaC4uLiBzZXLDoSBxdWUgbyBxdWUgZWxlcyBqb2dhdmFtIG7Do28gZXJhLi4uIHPDsyBsaXhvPw==,,W1RyYWJhamFkb3JdCkFoLi4uIMK/c2Vyw6EgcXVlIGxvIHF1ZSB0aXJhYmFuIG5vIGVyYS4uLiBzb2xvIGJhc3VyYT8=
kS3BBw,,Tm8sIG5vLiBXZSBzaG91bGQgYWx3YXlzIHRyeSB0byB0aGluayBwb3NpdGl2ZWx5Lg==,,,,,TsOjbywgdmFtb3MgcGVuc2FyIHBvc2l0aXZvLg==,,Tm8sIHBlbnNlbW9zIGVuIHBvc2l0aXZvLg==
ki3BBw,,RG8geW91IGtub3cgUGF0cmljayBLYXVmbWFuPw==,,,,,Q29uaGVjZSBvIFBhdHJpY2sgS2F1Zm1hbj8=,,wr9Db25vY2VzIGEgUGF0cmljayBLYXVmbWFuPw==
ky3BBw,,W1dvcmtlcl0KUGF0cmljayBLYXVmbWFuLi4uPyAKTm8sIGJ1dCBJIGRvIGtub3cgYSBQYXRyaWNrIFlvdW5nLiAKSXMgdGhhdCB3aG8geW91IG1lYW4/,,,,,W1RyYWJhbGhhZG9yXQpQYXRyaWNrIEthdWZtYW4uLi4/IE7Do28sIG1hcyBldSBzZWkgcXVlbSDDqSBQYXRyaWNrIFlvdW5nLCBzZXJ2ZT8=,,W1RyYWJhamFkb3JdCsK/UGF0cmljayBLYXVmbWFuLi4uPyBObywgcGVybyBzw6kgcXVpw6luIGVzIFBhdHJpY2sgWW91bmcuIMK/U2lydmU/
lC3BBw,,Tm8uIEkgc2hvdWxkIGdvIHRvIHRoZSBEaXNwb3NhbCBTaXRlLg==,,,,,TsOjby4gVm91IHRlciBxdWUgaXIgcGFyYSBvIGRlcMOzc2l0by4=,,Tm8uIFRlbmRyw6kgcXVlIGlyIGFsIGRlcMOzc2l0by4=
lS3BBw,,W1dvcmtlcl0KV2hhdCwgeW91J3JlIGdvaW5nIHRvIHRoZSA8TkFWST5bRGlzcG9zYWwgU0l0ZV08SU5GTz5zcF9ydWR1cywyMjcsMzUxLDAsMTAxLDA8L0lORk8+PC9OQVZJPj8KT2ggZGVhci4uLiBHb29kIGx1Y2suIApJIHRoaW5rIHlvdSdsbCBuZWVkIGEgd2hvbGUgbG90IG9mIGl0Lg==,,,,,W1RyYWJhbGhhZG9yXQpTw6lyaW8/IFRlbmhhIGN1aWRhZG8gY29tIG8gPE5BVkk+W2RlcMOzc2l0byBkZSByZWplaXRvc108SU5GTz5zcF9ydWR1cywyMjcsMzUxLDAsMTAxLDA8L0lORk8+PC9OQVZJPiwgdml1PyBBY2hvIHF1ZSBkZXZvIGRlc2VqYXItbGhlIG11aXRhIHNvcnRlIC4=,,W1RyYWJhamFkb3JdCsK/RW4gc2VyaW8/IFRlbiBjdWlkYWRvIGNvbiBlbCA8TkFWST5bZGVww7NzaXRvIGRlIHJlc2lkdW9zXTxJTkZPPnNwX3J1ZHVzLDIyNywzNTEsMCwxMDEsMDwvSU5GTz48L05BVkk+LCDCv3PDrT8gQ3JlbyBxdWUgZGVibyBkZXNlYXJ0ZSBtdWNoYSBzdWVydGUu
li3BBw,,W1dvcmtlcl0KSSBkb24ndCB0aGluayBpdCdzIGEgZ29vZCBpZGVhIHRvIGdvIHRvIHRoZSA8TkFWST5bRGlzcG9zYWwgU2l0ZV08SU5GTz5zcF9ydWR1cywyMjcsMzUxLDAsMTAxLDA8L0lORk8+PC9OQVZJPiB1bmxlc3MgeW91IHJlYWxseSBoYXZlIHRvLi4u,,,,,W1RyYWJhbGhhZG9yXQpFdSBhY2hvIG1lbGhvciBuw6NvIGlyIHBhcmEgbyA8TkFWST5bZGVww7NzaXRvIGRlIHJlamVpdG9zXTxJTkZPPnNwX3J1ZHVzLDIyNywzNTEsMCwxMDEsMDwvSU5GTz48L05BVkk+Li4u,,W1RyYWJhamFkb3JdCkNyZW8gcXVlIGVzIG1lam9yIG5vIGlyIGFsIDxOQVZJPltkZXDDs3NpdG8gZGUgcmVzaWR1b3NdPElORk8+c3BfcnVkdXMsMjI3LDM1MSwwLDEwMSwwPC9JTkZPPjwvTkFWST4uLi4=
ly3BBw,,W1dvcmtlcl0KV2hhdCBzaG91bGQgSSBkbyBub3c/IEkgZG9uJ3QgdGhpbmsgSSBjYW4ga2VlcCB3b3JraW5nIGhlcmUgZm9yZXZlci4=,,,,,W1RyYWJhbGhhZG9yXQpPIHF1ZSBkZXZvIGZhemVyPyBBY2hvIHF1ZSBuw6NvIHBvc3NvIGNvbnRpbnVhciB0cmFiYWxoYW5kbyBhcXVpLg==,,W1RyYWJhamFkb3JdCsK/UXXDqSBkZWJvIGhhY2VyPyBDcmVvIHF1ZSBubyBwdWVkbyBzZWd1aXIgdHJhYmFqYW5kbyBhcXXDrS4=
mC3BBw,,RXZpZGVuY2U=,,,,,UHJvdmFz,,UHJ1ZWJhcw==
mS3BBw,,U3VzcGljaW91cyBUcmFjZQ==,,,,,VmVzdMOtZ2lvIHN1c3BlaXRv,,VmVzdGlnaW8gc29zcGVjaG9zbw==
mi3BBw,,W3swfV0KSG93IGFtIEkgc3VwcG9zZWQgdG8gZmluZCBhbnl0aGluZyBpbiB0aGlzIGh1Z2UgcGxhY2UuLi4/IFRoZXJlJ3Mgbm8gb25lIGFyb3VuZCB0byBhc2suIE1heWJlIEkgc2hvdWxkIGxvb2sgZm9yIHNvbWUgYWJhbmRvbmVkIHRyYWNlcyBvciBjbHVlcy4uLj8=,,,,,W3swfV0KRXNzZSBsdWdhciDDqSBlbm9ybWUuIE7Do28gc2VpIG5lbSBwb3Igb25kZSBjb21lw6dhci4gU2Vyw6EgcXVlIGRldm8gdmVyIGVzc2VzIHZlc3TDrWdpb3M/,,W3swfV0KRXN0ZSBsdWdhciBlcyBlbm9ybWUuIE5vIHPDqSBuaSBwb3IgZMOzbmRlIGVtcGV6YXIuIMK/RGViZXLDrWEgcmV2aXNhciBlc29zIHZlc3RpZ2lvcz8=
my3BBw,,Li4uLi4u,,,,,Li4u,,Li4u
nC3BBw,,Li4uLi4uCi4uLi4uLi4u,,,,,Li4uLi4KLi4uLi4uLi4=,,Li4uLi4KLi4uLi4uLi4=
nS3BBw,,Li4uLi4uCi4uLi4uLi4uCi4uLi4uLi4uLi4=,,,,,Li4uLi4uLi4uLi4uCi4uLi4uLi4uLi4uLi4uLi4KLi4uLi4uLi4uLi4uLi4uLi4uLi4uLg==,,Li4uLi4uLi4uLi4uCi4uLi4uLi4uLi4uLi4uLi4KLi4uLi4uLi4uLi4uLi4uLi4uLi4uLg==
ni3BBw,,W3swfV0KVGhlcmUncyBub3RoaW5nIGhlcmUuIEkgZG9uJ3QgZXZlbiBrbm93IHdoYXQgSSdtIHN1cHBvc2VkIHRvIGJlIGxvb2tpbmcgZm9yLiBXaGF0IHNob3VsZCBJIGRvLi4u,,,,,W3swfV0KTsOjbyBow6EgbmFkYS4gTsOjbyBzZWkgbyBxdWUgcHJvY3VyYXIuIE8gcXVlIGRldm8gZmF6ZXIuLi4/,,W3swfV0KTm8gaGF5IG5hZGEuIE5vIHPDqSBxdcOpIGJ1c2Nhci4gwr9RdcOpIGRlYm8gaGFjZXIuLi4/
ny3BBw,,W1N0cmFuZ2UgU291bmRzXQpUaGUgbWl4dHVyZSByYXRpbyBpcyAxOjMuLi4gV2hhdCBhcmUgeW91IHRhbGtpbmcgYWJvdXQ/IEl0IHNob3VsZCBiZSAxOjQuIE5vLCB3aGF0IGFyZSB5b3UgdGFsa2luZyBhYm91dD8gVGhhdOKAmXMgd2h5IHRoZSBsYWIgZXhwbG9kZWQuIFllYWgsIHRoYXQgaGFwcGVuZWQu,,,,,W0JhcnVsaG8gc3VzcGVpdG9dCkEgcHJvcG9yw6fDo28gw6kgZGUgMTozLi4uIE8gcXVlIHZvY8OqIHF1ZXIgZGl6ZXIgY29tIDE6ND8gw4kgcG9yIGlzc28gcXVlIG8gbGFib3JhdMOzcmlvIGV4cGxvZGl1Lg==,,W1J1aWRvIHNvc3BlY2hvc29dCkxhIHByb3BvcmNpw7NuIGVzIDE6My4uLiDCv1F1w6kgcXVpZXJlcyBkZWNpciBjb24gMTo0PyBQb3IgZXNvIGV4cGxvdMOzIGVsIGxhYm9yYXRvcmlvLg==
oC3BBw,,W3swfV0KSHVoLi4uIEkgaGVhciBhIF4wMDAwQ0R2b2ljZV4wMDAwMDAuIFdoZXJlIGlzIGl0IGNvbWluZyBmcm9tPw==,,,,,W3swfV0KTyBxdcOqPy4uLiBFc2N1dGVpIF4wMDAwQ0RhbGd1w6ltIGNvbnZlcnNhbmRvXjAwMDAwMCwgbWFzIG9uZGUgZXN0w6NvPw==,,W3swfV0Kwr9FaC4uLj8gRXNjdWNow6kgXjAwMDBDRGEgYWxndWllbiBoYWJsYW5kb14wMDAwMDAsIMK/cGVybyBkw7NuZGUgZXN0w6FuPw==
oS3BBw,,W3swfV0KV2hhdC4uLiBJIGhlYXIgYSB2b2ljZS4gV2hlcmUgaXMgaXQgY29taW5nIGZyb20/,,,,,W3swfV0KTyBxdcOqPy4uLiBFc2N1dGVpIGFsZ3XDqW0gY29udmVyc2FuZG8sIG1hcyBvbmRlIGVzdMOjbz8=,,W3swfV0Kwr9FaC4uLj8gRXNjdWNow6kgYSBhbGd1aWVuIGhhYmxhbmRvLCDCv3Blcm8gZMOzbmRlIGVzdMOhbj8=
oi3BBw,,W3swfV0KVGhlcmUgaXMgbm90aGluZyBoZXJlLg==,,,,,W3swfV0KTsOjbyBow6EgbmFkYSBhcXVpLg==,,W3swfV0KTm8gaGF5IG5hZGEgYXF1w60u
oy3BBw,,QWJhbmRvbmVkIFBlcnNvbg==,,,,,UGVzc29hIEFiYW5kb25hZGE=,,UGVyc29uYSBBYmFuZG9uYWRh
pC3BBw,,W0FiYW5kb25lZCBQZXJzb25dCjE6MiB3b3VsZCBiZSBiZXR0ZXIuLi4gCk5vLCBpdCdzIHByb2JhYmx5IGJlc3Qgbm90IHRvIGV4cGVyaW1lbnQgd2l0aCB0aGluZ3MgbGlrZSB0aGF0LgpJIHRoaW5rIHlvdSdyZSByaWdodC4=,,,,,W1Blc3NvYSBBYmFuZG9uYWRhXQpBY2hvIHF1ZSAxOjIgc2VyaWEgbWVsaG9yLi4uIE7Do28sIHByZWZpcm8gbsOjbyBmYXplciBlc3NlIGV4cGVyaW1lbnRvLiBBY2hvIHF1ZSB2b2PDqiBlc3TDoSBjZXJ0by4=,,W1BlcnNvbmEgQWJhbmRvbmFkYV0KQ3JlbyBxdWUgMToyIHNlcsOtYSBtZWpvci4uLiBObywgcHJlZmllcm8gbm8gaGFjZXIgZXNlIGV4cGVyaW1lbnRvLiBDcmVvIHF1ZSB0aWVuZXMgcmF6w7NuLg==
pS3BBw,,V2FpdCwgYSBwZXJzb24/IEFyZSB5b3Ugb2theeKAlGh1ZmYhIQ==,,,,,QWgsIHRlbSBhbGd1w6ltIGFxdS1FSVRBISE=,,QWgsIGhheSBhbGd1aWVuIGFxdeKAlMKhwqFFSCEh
pi3BBw,,W0FiYW5kb25lZCBQZXJzb25dCldoeSBhcmUgeW91IHNvIHN0YXJ0bGVkPyBJJ20gbm90IGRlYWQgeWV0LCB5b3Uga25vdy4=,,,,,W1Blc3NvYSBBYmFuZG9uYWRhXQpQb3IgcXVlIGVzc2EgY2FyYSBkZSBlc3BhbnRvPyBFdSBuw6NvIGVzdG91IG1vcnRvIGFpbmRhLg==,,W1BlcnNvbmEgQWJhbmRvbmFkYV0Kwr9Qb3IgcXXDqSBlc2EgY2FyYSBkZSBzb3JwcmVzYT8gQcO6biBubyBlc3RveSBtdWVydG8u
py3BBw,,SSdtIHNvcnJ5Lg==,,,,,TWUgZGVzY3VscGUu,,TG8gc2llbnRvLg==
qC3BBw,,W0FiYW5kb25lZCBQZXJzb25dCkl0J3Mgb2theS4gCkkgc29tZXRpbWVzIGdldCBzdGFydGxlZCB3aGVuIEkgc2VlIG15c2VsZiwgdG9vLiAKVGhhdCdzIHdoeSBJIGF2b2lkIGxvb2tpbmcgaW4gdGhlIG1pcnJvci4=,,,,,W1Blc3NvYSBBYmFuZG9uYWRhXQpFc3TDoSB0dWRvIGJlbS4gRXUgdGFtYsOpbSBtZSBhc3N1c3RvIMOgcyB2ZXplcy4gw4kgcG9yIGlzc28gcXVlIG7Do28gbWUgb2xobyBtYWlzIG5vIGVzcGVsaG8u,,W1BlcnNvbmEgQWJhbmRvbmFkYV0KRXN0w6EgYmllbi4gWW8gdGFtYmnDqW4gbWUgYXN1c3RvIGEgdmVjZXMuIFBvciBlc28geWEgbm8gbWUgbWlybyBlbiBlbCBlc3Blam8u
qS3BBw,,VGhlcmUgYXJlbid0IGV2ZW4gYW55IG1pcnJvcnMgaGVyZS4=,,,,,TsOjbyBow6EgZXNwZWxob3MgYXF1aS4=,,QXF1w60gbm8gaGF5IGVzcGVqb3Mu
qi3BBw,,WW91IGxvb2sgbGlrZSBSZXNlYXJjaGVyLCBidXQgd2hhdCBhcmUgeW91IGRvaW5nIGhlcmUuLj8=,,,,,Vm9jw6ogw6kgcGVzcXVpc2Fkb3I/IFBvciBxdWUgZXN0w6EgYXF1aT8=,,wr9FcmVzIGludmVzdGlnYWRvcj8gwr9Qb3IgcXXDqSBlc3TDoXMgYXF1w60/
qy3BBw,,W0FiYW5kb25lZCBQZXJzb25dClNob3VsZG4ndCBSZXNlYXJjaGVyIGJlIGhlcmU/IApBaCwgeW914oCUeW91J3JlIHNvbWVvbmUgd2hvIGtub3dzIHdoZXJlIHRoaXMgcGxhY2UgaXMsIGFyZW4ndCB5b3U/ClNvLCB5b3UncmUgYXNraW5nIHdoeSBzb21lb25lIHdobyB3YXMgbGVhZGluZyB0aGUgZXhwZXJpbWVudCBlbmRlZCB1cCBhYmFuZG9uZWQgaW4gYSBwbGFjZSBsaWtlIHRoaXMgc2NyYXB5YXJkPw==,,,,,W1Blc3NvYSBBYmFuZG9uYWRhXQpWb2PDqiBlc3TDoSBzZSBwZXJndW50YW5kbyBvIHBvcnF1w6ogZGEgcGVzc29hIHJlc3BvbnPDoXZlbCBwb3IgYWxndW5zIGV4cGVyaW1lbnRvcyBmb2kgYWJhbmRvbmFkYSBjb21vIHVtIGxpeG8/,,W1BlcnNvbmEgQWJhbmRvbmFkYV0Kwr9UZSBwcmVndW50YXMgcG9yIHF1w6kgbGEgcGVyc29uYSByZXNwb25zYWJsZSBkZSBhbGd1bm9zIGV4cGVyaW1lbnRvcyBmdWUgYWJhbmRvbmFkYSBjb21vIGJhc3VyYT8=
rC3BBw,,W0FiYW5kb25lZCBQZXJzb25dCklzbid0IGl0IG9idmlvdXMgdGhhdCBzb21lb25lIGxpa2UgbWUsIHdobyBkaWQgYW55dGhpbmcgYW5kIGV2ZXJ5dGhpbmcgZm9yIHRoZSBzYWtlIG9mIHN1Y2Nlc3MsIHdvdWxkIGVuZCB1cCBsaWtlIHRoaXM/,,,,,W1Blc3NvYSBBYmFuZG9uYWRhXQpJc3NvIMOpIG8gcXVlIGFjb250ZWNlIHF1YW5kbyBhIGdhbsOibmNpYSBlIGEgYW1iacOnw6NvIHPDo28gY29sb2NhZGFzIGVtIHByaW1laXJvIGx1Z2FyLg==,,W1BlcnNvbmEgQWJhbmRvbmFkYV0KRXNvIGVzIGxvIHF1ZSBwYXNhIGN1YW5kbyBsYSBjb2RpY2lhIHkgbGEgYW1iaWNpw7NuIHNlIHBvbmVuIGVuIHByaW1lciBsdWdhci4=
rS3BBw,,W0FiYW5kb25lZCBQZXJzb25dClJlc2VhcmNoIGFuZCBleHBlcmltZW50cyBhcmVu4oCZdCBhbHdheXMgc2FmZS4gCkkgdGhvdWdodCBJ4oCZZCBiZSB0aGUgZXhjZXB0aW9uLCB0aGF0IEkgY291bGQgYXZvaWQgYW55IGRhbmdlcuKAlGJ1dCBmYXRlIGlzIGZhaXIgdG8gZXZlcnlvbmUsIGl0IHNlZW1zLg==,,,,,W1Blc3NvYSBBYmFuZG9uYWRhXQpQZXNxdWlzYSBlIGV4cGVyaW1lbnRhw6fDo28gbmVtIHNlbXByZSBzw6NvIHNlZ3VyYXMsIG1hcyBhY2hlaSBxdWUgZXUgZXJhIGludmVuY8OtdmVsLiBPcyBEZXVzZXMgbWUgZGlzc2VyYW0gbyBjb250csOhcmlvLg==,,W1BlcnNvbmEgQWJhbmRvbmFkYV0KTGEgaW52ZXN0aWdhY2nDs24geSBsYSBleHBlcmltZW50YWNpw7NuIG5vIHNpZW1wcmUgc29uIHNlZ3VyYXMsIHBlcm8gY3Jlw60gcXVlIGVyYSBpbnZlbmNpYmxlLiBMb3MgZGlvc2VzIG1lIGRlbW9zdHJhcm9uIGxvIGNvbnRyYXJpby4=
ri3BBw,,SSB0aG91Z2h0IEkgd291bGQgYmUgb2theS4=,,,,,QWNoZWkgcXVlIG5hZGEgZGUgZXJyYWRvIGFjb250ZWNlcmlhLg==,,Q3Jlw60gcXVlIG5vIHBhc2Fyw61hIG5hZGEgbWFsby4=
ry3BBw,,W0FiYW5kb25lZCBQZXJzb25dClRoZSBwZXJzb24gd2hvIGFiYW5kb25lZCBtZSBoZXJlIHByb2JhYmx5IG5ldmVyIGltYWdpbmVkIEnigJlkIHN0aWxsIGJlIGFsaXZlLiAKV2hlbiB0aGUgbGFib3JhdG9yeSB3YXMgaGFsZi1kZXN0cm95ZWQsIHRveGljIHN1YnN0YW5jZXMgc3BsYXR0ZXJlZCBldmVyeXdoZXJlLg==,,,,,W1Blc3NvYSBBYmFuZG9uYWRhXQpBIHBlc3NvYSBxdWUgbWUgbGFyZ291IGFxdWkgYWNoYXZhIHF1ZSBldSB0aW5oYSBtb3JyaWRvLiBUaW5oYW0gc3Vic3TDom5jaWFzIHTDs3hpY2FzIHBlbG8gbWV1IGNvcnBvIHF1YW5kbyBvIGxhYm9yYXTDs3JpbyBleHBsb2RpdS4=,,W1BlcnNvbmEgQWJhbmRvbmFkYV0KTGEgcGVyc29uYSBxdWUgbWUgZGVqw7MgYXF1w60gcGVuc8OzIHF1ZSBoYWLDrWEgbXVlcnRvLiBUZW7DrWEgc3VzdGFuY2lhcyB0w7N4aWNhcyBwb3IgdG9kbyBlbCBjdWVycG8gY3VhbmRvIGVsIGxhYm9yYXRvcmlvIGV4cGxvdMOzLg==
sC3BBw,,W0FiYW5kb25lZCBQZXJzb25dCkhlaGUuIApTbyBub3cgSSdtIGp1c3Qgd2FpdGluZyBmb3IgdGhlIGRheSBJIGRpZS4gCkkgd2FudGVkIHRvIHN1cnByaXNlIHRoZSB3b3JsZCB3aXRoIG15IHJlc2VhcmNoIHJlc3VsdHMsIGJ1dCBpbnN0ZWFkLCBJJ20gZW5kaW5nIG15IGxpZmUgaGVyZSwgc3VycHJpc2luZyBzdHJhbmdlcnMu,,,,,W1Blc3NvYSBBYmFuZG9uYWRhXQpQb3IgaXNzbyBlc3RvdSBhcXVpLCBlc3BlcmFuZG8gcGVsYSBtaW5oYSBtb3J0ZS4gRXUgcXVlcmlhIHN1cnByZWVuZGVyIG8gbXVuZG8gY29tIG9zIHJlc3VsdGFkb3MgZGEgbWluaGEgcGVzcXVpc2EsIG1hcyBzdXJwcmVlbmRvIGFzIHBlc3NvYXMgY29tIGEgbWluaGEgYXBhcsOqbmNpYSBncm90ZXNjYS4=,,W1BlcnNvbmEgQWJhbmRvbmFkYV0KUG9yIGVzbyBlc3RveSBhcXXDrSwgZXNwZXJhbmRvIG1pIG11ZXJ0ZS4gUXVlcsOtYSBzb3JwcmVuZGVyIGFsIG11bmRvIGNvbiBsb3MgcmVzdWx0YWRvcyBkZSBtaSBpbnZlc3RpZ2FjacOzbiwgcGVybyBhaG9yYSBzb3JwcmVuZG8gYSBsYSBnZW50ZSBjb24gbWkgYXBhcmllbmNpYSBncm90ZXNjYS4=
sS3BBw,,SXNuJ3QgdGhlcmUgYW55b25lIGVsc2UgaGVyZT8=,,,,,RXhpc3RlbSBvdXRyb3MgYXF1aT8=,,wr9IYXkgb3Ryb3MgYXF1w60/
si3BBw,,W0FiYW5kb25lZCBQZXJzb25dCldobyBhcmUgeW91IGxvb2tpbmcgZm9yPyAKU29tZW9uZSBkZWFkPyAKU29tZW9uZSBhbGl2ZT8gCk9yIG1heWJlIHNvbWVvbmUgaGFsZi1kZWFkPw==,,,,,W1Blc3NvYSBBYmFuZG9uYWRhXQpRdWVtIHZvY8OqIGVzdMOhIHByb2N1cmFuZG8/IE1vcnRvPyBWaXZvPyBPdSBtZWlvIG1vcnRvPw==,,W1BlcnNvbmEgQWJhbmRvbmFkYV0Kwr9BIHF1acOpbiBlc3TDoXMgYnVzY2FuZG8/IMK/TXVlcnRvPyDCv1Zpdm8/IMK/TyBtZWRpbyBtdWVydG8/
sy3BBw,,W0FiYW5kb25lZCBQZXJzb25dCkFyZSB5b3UgYXNraW5nIGhvdyBtYW55IEFiYW5kb25lZCBQZXJzb24geW91IHRoaW5rIHRoZXJlIG1pZ2h0IGJlIGhlcmU/,,,,,W1Blc3NvYSBBYmFuZG9uYWRhXQpWb2PDqiBhbyBtZW5vcyBzYWJlIHF1YW50YXMgcGVzc29hcyBmb3JhbSBkZXBvc2l0YWRhcyBhcXVpPw==,,W1BlcnNvbmEgQWJhbmRvbmFkYV0Kwr9TYWJlcyBzaXF1aWVyYSBjdcOhbnRhcyBwZXJzb25hcyBmdWVyb24gYXJyb2phZGFzIGFxdcOtPw==
tC3BBw,,V2hlbiBkbyB5b3UgdGhpbmsgdGhpcyBwbGFjZSBzdGFydGVkIGJlaW5nIHVzZWQgYXMgYSBqdW5reWFyZD8=,,,,,UG9yIHF1YW50byB0ZW1wbyB2b2PDqiBhY2hhIHF1ZSBlc3NlIGx1Z2FyIMOpIHVzYWRvIGNvbW8gZGVww7NzaXRvPw==,,wr9DdcOhbnRvIHRpZW1wbyBjcmVlcyBxdWUgZXN0ZSBsdWdhciBzZSB1c2EgY29tbyBkZXDDs3NpdG8/
tS3BBw,,W0FiYW5kb25lZCBQZXJzb25dCklmIHRoZXkgaGFkIF4wMDAwQ0RjZXJ0YWluIHBoeXNpY2FsIGNvbmRpdGlvbnMgYW5kIGJhY2tncm91bmRzXjAwMDAwMCwgd2UgZGlkbuKAmXQganVzdCB1c2UgRW1wbG95ZWXigJR3ZSBpbmRpc2NyaW1pbmF0ZWx5IGJyb3VnaHQgaW4gaG9tZWxlc3MgcGVvcGxlLCBwcmlzb25lcnMsIGFuZCBvdGhlcnMgZm9yIG91ciBleHBlcmltZW50cy4=,,,,,W1Blc3NvYSBBYmFuZG9uYWRhXQpVc8OhdmFtb3MgcXVhbHF1ZXIgcGVzc29hIGNvbW8gY29iYWlhOiBtZW5kaWdvcywgc2VtLXRldG8sIHByaXNpb25laXJvcywgZmF2ZWxhZG9zLiBDb250YW50byBxdWUgdGl2ZXNzZW0gXjAwMDBDRGNvbmRpY2lvbmFtZW50byBmw61zaWNvIGJvbV4wMDAwMDAu,,W1BlcnNvbmEgQWJhbmRvbmFkYV0KVXPDoWJhbW9zIGEgY3VhbHF1aWVyIHBlcnNvbmEgY29tbyBjb2JheWE6IG1lbmRpZ29zLCBzaW4gdGVjaG8sIHByaXNpb25lcm9zLCBoYWJpdGFudGVzIGRlIGJhcnJpb3MgbWFyZ2luYWxlcy4gU2llbXByZSBxdWUgdHV2aWVyYW4gXjAwMDBDRGJ1ZW5hIGNvbmRpY2nDs24gZsOtc2ljYV4wMDAwMDAu
ti3BBw,,W0FiYW5kb25lZCBQZXJzb25dCkRvbuKAmXQgbG9vayBhdCBtZSBsaWtlIHRoYXQuIApUaGUgcG9vcmVyIHlvdSBhcmUsIHRoZSBiZXR0ZXI7IHRoZSBmZXdlciBmYW1pbHkgdGllcywgdGhlIG1vcmUgdXNlZnVsLiAKSXQgd291bGQgYmUgZm9vbGlzaCBub3QgdG8gdGFrZSBhZHZhbnRhZ2Ugb2YgcGVvcGxlIHdpdGggc3VjaCBxdWFsaXRpZXMuIAouLi5BdCBsZWFzdCwgdGhhdOKAmXMgd2hhdCBJIHVzZWQgdG8gdGhpbmsu,,,,,W1Blc3NvYSBBYmFuZG9uYWRhXQpOw6NvIG9saGUgYXNzaW0uIFVtYSBwZXNzb2EgcG9icmUgZSBzZW0gZmFtw61saWEgw6kgcGVyZmVpdGEgcGFyYSBzZXIgY29iYWlhLgpTZXLDrWFtb3MgdG9sb3MgZGUgbsOjbyB1c2FyIG8gZGVzZXNwZXJvIGRlbGVzIGFvIG5vc3NvIGZhdm9yLg==,,W1BlcnNvbmEgQWJhbmRvbmFkYV0KTm8gbWUgbWlyZXMgYXPDrS4gVW5hIHBlcnNvbmEgcG9icmUgeSBzaW4gZmFtaWxpYSBlcyBwZXJmZWN0YSBwYXJhIHNlciBjb2JheWEuClNlcsOtYW1vcyB0b250b3Mgc2kgbm8gdXPDoXJhbW9zIHN1IGRlc2VzcGVyYWNpw7NuIGEgbnVlc3RybyBmYXZvci4=
ty3BBw,,W0FiYW5kb25lZCBQZXJzb25dCldoZXJlIGRvIHlvdSB0aGluayBhbGwgdGhvc2UgY291bnRsZXNzIHBlb3BsZSwgZ2F0aGVyZWQgb3ZlciBzdWNoIGEgbG9uZyB0aW1lLCBoYXZlIGdvbmU/,,,,,W1Blc3NvYSBBYmFuZG9uYWRhXQpQYXJhIG9uZGUgdm9jw6ogYWNoYSBxdWUgZm9yYW0gdG9kYXMgYXF1ZWxhcyBwZXNzb2FzIHF1ZSByZXVuaW1vcyBwb3IgdGFudG8gdGVtcG8/,,W1BlcnNvbmEgQWJhbmRvbmFkYV0Kwr9BIGTDs25kZSBjcmVlcyBxdWUgZnVlcm9uIHRvZGFzIGVzYXMgcGVyc29uYXMgcXVlIHJldW5pbW9zIGR1cmFudGUgdGFudG8gdGllbXBvPw==
uC3BBw,,W0FiYW5kb25lZCBQZXJzb25dCk1hbnkgb2YgdGhlIG1pc3NpbmcgcGVvcGxlIGZyb20gU2Nod2FyendhbGQgYXJlIHByb2JhYmx5IGhlcmUuIApBcmUgeW91IHBsYW5uaW5nIHRvIGludmVzdGlnYXRlIGFsbCBvZiB0aGVtPwpJZiB5b3UgaGF2ZSBwbGVudHkgb2YgdGltZSwgSSBzdXBwb3NlIHRoYXQncyBub3QgYSBiYWQgaWRlYS4=,,,,,W1Blc3NvYSBBYmFuZG9uYWRhXQpBIG1haW9yaWEgZG9zIGRlc2FwYXJlY2lkb3MgZGEgUmVww7pibGljYSBkZSBTY2h3YXJ0endhbGQgaW50ZWlyYSBkZXZlIGVzdGFyIGFxdWku,,W1BlcnNvbmEgQWJhbmRvbmFkYV0KTGEgbWF5b3LDrWEgZGUgbG9zIGRlc2FwYXJlY2lkb3MgZGUgdG9kYSBsYSBSZXDDumJsaWNhIGRlIFNjaHdhcnR6d2FsZCBkZWJlIGVzdGFyIGFxdcOtLg==
uS3BBw,,W0FiYW5kb25lZCBQZXJzb25dCk9yIGFyZSB5b3UgbG9va2luZyBmb3Igc29tZW9uZSBpbiBwYXJ0aWN1bGFyPw==,,,,,W1Blc3NvYSBBYmFuZG9uYWRhXQpWb2PDqiB2YWkgaW52ZXN0aWdhciB0b2RhcyBlbGFzPyBPdSB2b2PDqiBlc3TDoSBwcm9jdXJhbmRvIHBvciBhbGd1w6ltIGVzcGVjw61maWNvPw==,,W1BlcnNvbmEgQWJhbmRvbmFkYV0Kwr9WYXMgYSBpbnZlc3RpZ2FybG9zIGEgdG9kb3MgbyBidXNjYXMgYSBhbGd1aWVuIGVuIGVzcGVjw61maWNvPw==
ui3BBw,,TXIuIFBhdHJpY2sgS2F1Zm1hbi4=,,,,,UGF0cmljayBLYXVmbWFuLg==,,UGF0cmljayBLYXVmbWFuLg==
uy3BBw,,W0FiYW5kb25lZCBQZXJzb25dCldoZW4gZGlkIHlvdSBjb21lIGluPw==,,,,,W1Blc3NvYSBBYmFuZG9uYWRhXQpRdWFuZG8gZWxlIGVudHJvdT8=,,W1BlcnNvbmEgQWJhbmRvbmFkYV0Kwr9DdcOhbmRvIGZ1ZSBxdWUgZW50csOzPw==
vC3BBw,,SSBkb24ndCBrbm93Lg==,,,,,TsOjbyBzZWku,,Tm8gbG8gc8OpLg==
vS3BBw,,W0FiYW5kb25lZCBQZXJzb25dCkhtbS4uLiBTbywgXjAwMDBDRGhlJ3MgYWxyZWFkeSBnb25lXjAwMDAwMC4gSSdtIG9uZSBvZiB0aGUgbGFzdCB0byBiZSB0aHJvd24gaW4gaGVyZSwgYW5kIGhlIHdhc24ndCBhbW9uZyB1cy4=,,,,,W1Blc3NvYSBBYmFuZG9uYWRhXQpIbW0uLi4gRW50w6NvLCBeMDAwMENEZWxlIHNlIGZvaV4wMDAwMDAuIEV1IHNvdSB1bWEgZGFzIMO6bHRpbWFzIHBlc3NvYXMgYSBzZXJlbSBqb2dhZGFzIGFxdWkgZSBlbGUgbsOjbyBlc3RhdmEgZW50cmUgbsOzcy4=,,W1BlcnNvbmEgQWJhbmRvbmFkYV0KSG1tLi4uIEVudG9uY2VzLCBeMDAwMENEw6lsIHlhIHNlIGZ1ZV4wMDAwMDAuIFlvIHNveSBkZSBsb3Mgw7psdGltb3MgZW4gc2VyIGFycm9qYWRvcyBhcXXDrSB5IMOpbCBubyBlc3RhYmEgZW50cmUgbm9zb3Ryb3Mu
vi3BBw,,W0FiYW5kb25lZCBQZXJzb25dCldoZW4gSSBoYWQgbm90aGluZyB0byBkbyBhbmQgc2VhcmNoZWQgdGhpcyBwbGFjZSwgdGhlcmUgd2FzIG5vIG9uZSB3aXRoIHRoYXQgbmFtZSBhbW9uZyB0aGUgZmV3IHdobyB3ZXJlIHN0aWxsIGFsaXZlLi4uIApZb3UgdW5kZXJzdGFuZCB3aGF0IEkgbWVhbiwgcmlnaHQ/,,,,,W1Blc3NvYSBBYmFuZG9uYWRhXQpVbWEgdmV6LCBldSBmdWkgcHJvY3VyYXIgcG9yIG91dHJhcyBjb2JhaWFzIHNvYnJldml2ZW50ZXMgZSBuZW5odW1hIGRlbGFzIHRpbmhhIGVzc2Ugbm9tZS4uLiBFbnRlbmRlPw==,,W1BlcnNvbmEgQWJhbmRvbmFkYV0KVW5hIHZleiBidXNxdcOpIGEgb3RyYXMgY29iYXlhcyBzb2JyZXZpdmllbnRlcyB5IG5pbmd1bmEgdGVuw61hIGVzZSBub21icmUuLi4gwr9lbnRpZW5kZXM/
vy3BBw,,W0FiYW5kb25lZCBQZXJzb25dCldoeSBkb24ndCB5b3UgdHJ5IGxvb2tpbmcgZm9yIF4wMDAwQ0RJZGVudGlmaWNhdGlvbiBCcmFjZWxldHNeMDAwMDAwIGluIHRoZSB0cmFzaCBoZWFwIGluc3RlYWQ/IApZb3Uga25vdyB3aGF0IEkgbWVhbiwgcmlnaHQ/IApUaGUgYnJhY2VsZXRzIHdvcm4gb24gdGhlIHdyaXN0LCB3aXRoIHRoZSB0ZXN0IHN1YmplY3RzJyBuYW1lcyB3cml0dGVuIG9uIHRoZW0u,,,,,W1Blc3NvYSBBYmFuZG9uYWRhXQpUZW50ZSB2YXNjdWxoYXIgcG9yIGHDrSBhdHLDoXMgZGUgdW0gXjAwMDBDREJyYWNlbGV0ZSBkZSBJZGVudGlmaWNhw6fDo29eMDAwMDAwLiBPIG5vbWUgb3JpZ2luYWwgZGEgY29iYWlhIGZpY2EgZXNjcml0byBuZWxhLg==,,W1BlcnNvbmEgQWJhbmRvbmFkYV0KSW50ZW50YSBidXNjYXIgcG9yIGFow60gdW4gXjAwMDBDREJyYXphbGV0ZSBkZSBJZGVudGlmaWNhY2nDs25eMDAwMDAwLiBFbCBub21icmUgb3JpZ2luYWwgZGUgbGEgY29iYXlhIGVzdMOhIGVzY3JpdG8gZW4gw6lsLg==
wC3BBw,,W0FiYW5kb25lZCBQZXJzb25dCklmIHRoYXQgcGVyc29uIGhhcyBkaWVkLCB0aGVyZSBzaG91bGQgYmUgYSBicmFjZWxldCBseWluZyBzb21ld2hlcmUgb24gdGhlIGdyb3VuZC4gClRob3VnaCwgaXTigJlzIHBvc3NpYmxlIGV2ZW4gdGhhdCBtaWdodCBiZSBnb25lLi4u,,,,,W1Blc3NvYSBBYmFuZG9uYWRhXQpTZSBlc3NhIHBlc3NvYSBlc3TDoSBtb3J0YSwgZGV2ZSBoYXZlciB1bSBicmFjZWxldGUgZW0gYWxndW0gbHVnYXIgbm8gY2jDo28uIFBvZGUgbsOjbyBlc3RhciBtYWlzIGzDoSwgbWFzLi4u,,W1BlcnNvbmEgQWJhbmRvbmFkYV0KU2kgZXNhIHBlcnNvbmEgZXN0w6EgbXVlcnRhLCBkZWJlIGhhYmVyIHVuIGJyYXphbGV0ZSBlbiBhbGfDum4gbHVnYXIgZGVsIHN1ZWxvLiBQdWVkZSBxdWUgeWEgbm8gZXN0w6ksIHBlcm8uLi4=
wS3BBw,,W0FiYW5kb25lZCBQZXJzb25dClN0aWxsLCBpZiB5b3UgY2FuIGF0IGxlYXN0IHJlY292ZXIgdGhhdCwgZXZlbiB0aG91Z2ggdGhlIGJvZHkgaGFzIGRlY2F5ZWQgYW5kIGRpc2FwcGVhcmVkLCB3ZSBjYW4gcGxhY2UgdGhlIGJyYWNlbGV0IGluIHRoZSBjb2ZmaW4gaW5zdGVhZCBhbmQgaG9sZCBhIHByb3BlciBmdW5lcmFsLg==,,,,,W1Blc3NvYSBBYmFuZG9uYWRhXQpNZXNtbyBxdWUgdm9jw6ogc8OzIGVuY29udHJlIG8gYnJhY2VsZXRlLCBhaW5kYSBkw6EgcGFyYSBjb2xvY2FyIG5vIGNhaXjDo28sIG1lc21vIHNlbSBvIGNvcnBvLCBlIGEgZmFtw61saWEgcG9kZXLDoSBmYXplciB1bSBmdW5lcmFsIGRpZ25vLg==,,W1BlcnNvbmEgQWJhbmRvbmFkYV0KSW5jbHVzbyBzaSBzb2xvIGVuY3VlbnRyYXMgZWwgYnJhemFsZXRlLCBhw7puIHNlIHB1ZWRlIGNvbG9jYXIgZW4gZWwgYXRhw7pkLCBpbmNsdXNvIHNpbiBlbCBjdWVycG8sIHkgbGEgZmFtaWxpYSBwb2Ryw6EgaGFjZXIgdW4gZnVuZXJhbCBkaWduby4=
wi3BBw,,W0FiYW5kb25lZCBQZXJzb25dCi4uLiBBcmVuJ3QgeW91IGxlYXZpbmc/CkkndmUgc2FpZCBldmVyeXRoaW5nIEkgbmVlZGVkIHRvIHNheS4=,,,,,W1Blc3NvYSBBYmFuZG9uYWRhXQouLi5Wb2PDqiBkZXZlcmlhIGlyIGVtYm9yYS4gRXUgasOhIGRpc3NlIHR1ZG8gbyBxdWUgdGluaGEgYSBkaXplci4=,,W1BlcnNvbmEgQWJhbmRvbmFkYV0KLi4uRGViZXLDrWFzIGlydGUuIFlhIGRpamUgdG9kbyBsbyBxdWUgdGVuw61hIHF1ZSBkZWNpci4=
wy3BBw,,TGV0J3MgZ28gdG9nZXRoZXIu,,,,,VmFtb3Mgc2FpciBkYXF1aS4=,,VsOhbW9ub3MgZGUgYXF1w60u
xC3BBw,,W0FiYW5kb25lZCBQZXJzb25dCllvdSB3YW50IG1lIHRvIGdvIHdpdGggeW91PwpJJ20gZHlpbmcgaGVyZS4gCkFuZCBpbiBzdWNoIGEgbWlzZXJhYmxlIHN0YXRlLCB0b28uCkkga25vdyBteSBvd24gYm9keSB3ZWxs4oCUYWZ0ZXIgYWxsLCBpdCdzIHdoYXQgSSd2ZSBiZWVuIHN0dWR5aW5nLg==,,,,,W1Blc3NvYSBBYmFuZG9uYWRhXQpTYWlyPyBFdSBlc3RvdSBtb3JyZW5kby4gRSBhZ29yYSBldSBzb3UgdW0gZGVmb3JtYWRvLiBTZWkgbyBxdWUgZXN0w6EgYWNvbnRlY2VuZG8gY29tIG1ldSBjb3Jwby4gw4kgbyBtYXRlcmlhbCBxdWUgdGVuaG8gZXN0dWRhZG8u,,W1BlcnNvbmEgQWJhbmRvbmFkYV0Kwr9Jcm1lPyBNZSBlc3RveSBtdXJpZW5kby4gWSBhaG9yYSBzb3kgdW4gZGVmb3JtYWRvLiBTw6kgbG8gcXVlIGxlIGVzdMOhIHBhc2FuZG8gYSBtaSBjdWVycG8uIEVzIGVsIG1hdGVyaWFsIHF1ZSBoZSBlc3RhZG8gZXN0dWRpYW5kby4=
xS3BBw,,W0FiYW5kb25lZCBQZXJzb25dClJpZ2h0IG5vdywgb25lIG9mIG15IGxlZ3MgaGFzIGVuZGVkIHVwIGxpa2UgdGhpcywgYnV0IHNvb24gdGhlIG90aGVyIGxlZyB3aWxsIGNoYW5nZSB0b28uCkFmdGVyIHRoYXQsIGJvdGggb2YgbXkgYXJtcy4uLiAKYW5kIGluIHRoZSBlbmQuLi4gCldoZW4gSeKAmXZlIGNoYW5nZWQgdGhhdCBtdWNoLCBjYW4gSSBzdGlsbCBiZSBjYWxsZWQgYSBwZXJzb24/,,,,,W1Blc3NvYSBBYmFuZG9uYWRhXQpBZ29yYSBldSB0ZW5obyB1bSBww6ksIG1hcyBsb2dvIGRlZm9ybWEuIERlcG9pcywgb3MgZG9pcyBicmHDp29zLi4uIFZvY8OqIGFjaGEgcXVlIHZvdSBwYXJlY2VyIHVtIGh1bWFubyBubyBmaW5hbCBkYSBtaW5oYSB2aWRhPw==,,W1BlcnNvbmEgQWJhbmRvbmFkYV0KQWhvcmEgdGVuZ28gdW4gcGllLCBwZXJvIHByb250byBzZSBkZWZvcm1hcsOhLiBMdWVnbywgYW1ib3MgYnJhem9zLi4uIMK/Q3JlZXMgcXVlIHBhcmVjZXLDqSBodW1hbm8gYWwgZmluYWwgZGUgbWkgdmlkYT8=
xi3BBw,,W0FiYW5kb25lZCBQZXJzb25dCkV2ZW4gd2l0aCB0cmVhdG1lbnQsIHRoZXJl4oCZcyBubyBjaGFuY2Ugb2Ygc3Vydml2YWwuCkkga25vdyB0aGF0IGJldHRlciB0aGFuIGFueW9uZS4gCkluIHRoYXQgY2FzZSwgd291bGRu4oCZdCBpdCBiZSBiZXR0ZXIgdG8gcXVpZXRseSBzcGVuZCBteSBmaW5hbCBkYXlzIGhlcmUsIHdoZXJlIG5vIG9uZSBlbHNlIGlzIGFyb3VuZD8=,,,,,W1Blc3NvYSBBYmFuZG9uYWRhXQpNZXNtbyBjb20gdHJhdGFtZW50bywgbsOjbyBow6EgY2hhbmNlcyBkZSBzb2JyZXZpdmVyLiBQcmVmaXJvIHRlcm1pbmFyIG1pbmhhIHZpZGEgdHJhbnF1aWxhbWVudGUgZW0gdW0gbHVnYXIgb25kZSBuw6NvIGjDoSBtYWlzIG5pbmd1w6ltLg==,,W1BlcnNvbmEgQWJhbmRvbmFkYV0KSW5jbHVzbyBjb24gdHJhdGFtaWVudG8sIG5vIGhheSBwb3NpYmlsaWRhZCBkZSBzb2JyZXZpdmlyLiBQcmVmaWVybyB0ZXJtaW5hciBtaSB2aWRhIHRyYW5xdWlsYW1lbnRlIGVuIHVuIGx1Z2FyIGRvbmRlIG5vIGhheWEgbmFkaWUgbcOhcy4=
xy3BBw,,W0FiYW5kb25lZCBQZXJzb25dCllvdSB3YW50IG15IGZhbWlseSB0byBzZWUgbWUgbGlrZSB0aGlzPyAKV2h5IGJ1cmRlbiB0aGVtIHdpdGggdGhhdD8KSXNu4oCZdCBpdCBhIGh1bmRyZWQgdGltZXMgYmV0dGVyIHRvIGxldCB0aGVtIGhhdmUgaG9wZSB0aGF0IEnigJltIHN0aWxsIGFsaXZlIHNvbWV3aGVyZT8gCkRvbuKAmXQgeW91IHRoaW5rIHNvPw==,,,,,W1Blc3NvYSBBYmFuZG9uYWRhXQpOw6NvIHBvc3NvIGFwYXJlY2VyIHBhcmEgbWluaGEgZmFtw61saWEgYXNzaW0uIMOJIG1pbCB2ZXplcyBtZWxob3IgZGFyIGEgZWxlcyBhIGVzcGVyYW7Dp2EgZGUgcXVlIGV1IGVzdG91IHZpdm8gZSBmZWxpeiwgbsOjbyDDqT8=,,W1BlcnNvbmEgQWJhbmRvbmFkYV0KTm8gcHVlZG8gYXBhcmVjZXIgYW50ZSBtaSBmYW1pbGlhIGRlIGVzdGEgbWFuZXJhLiBFcyBtaWwgdmVjZXMgbWVqb3IgZGFybGVzIGxhIGVzcGVyYW56YSBkZSBxdWUgZXN0b3kgdml2byB5IGZlbGl6LCDCv25vPw==
yC3BBw,,W0FiYW5kb25lZCBQZXJzb25dCkRvIEkgc2VlbSBzdHJhbmdlIHRvIHlvdSwgc2F5aW5nIHRoaW5ncyBsaWtlIHRoaXMgYWZ0ZXIgcnVpbmluZyBzb21lb25lIGVsc2UncyBsaWZlPyAKTWF5YmUgdGhpcyBpcyBteSBwdW5pc2htZW50Lg==,,,,,W1Blc3NvYSBBYmFuZG9uYWRhXQpQYXJhIG1pbSwgaXNzbyDDqSB1bSBjYXN0aWdvIHBvciB0ZXIgYXJydWluYWRvIGEgdmlkYSBkZSB0YW50YXMgcGVzc29hcyBlbSBleHBlcmltZW50b3Mu,,W1BlcnNvbmEgQWJhbmRvbmFkYV0KUGFyYSBtw60sIGVzdG8gZXMgdW4gY2FzdGlnbyBwb3IgaGFiZXIgYXJydWluYWRvIGxhIHZpZGEgZGUgdGFudGFzIHBlcnNvbmFzIGVuIGV4cGVyaW1lbnRvcy4=
yS3BBw,,W0FiYW5kb25lZCBQZXJzb25dCkJ5IHRoZSB3YXksIGp1c3QgaW4gY2FzZSwgZG9u4oCZdCBldmVuIHRoaW5rIGFib3V0IHRyeWluZyB0byB0YWtlIHRob3NlIHBlb3BsZSB3aXRoIHlvdS4=,,,,,W1Blc3NvYSBBYmFuZG9uYWRhXQpOZW0gYWRpYW50YSB0ZW50YXIgdHJhemVyIG9zIG91dHJvcyByZWplaXRhZG9zIGNvbSB2b2PDqi4=,,W1BlcnNvbmEgQWJhbmRvbmFkYV0KUG9yIGNpZXJ0bywgcG9yIHNpIGFjYXNvLCBuaSBzZSB0ZSBvY3VycmEgaW50ZW50YXIgbGxldmFydGUgYSBlc2FzIHBlcnNvbmFzIGNvbnRpZ28u
yi3BBw,,W0FiYW5kb25lZCBQZXJzb25dClRoYXTigJlzIG5vdCB3aGF0IHRob3NlIHBlb3BsZSBvciB0aGVpciBmYW1pbGllcyB3YW50LCBhbmQgYmVzaWRlcywgcGVvcGxlIHdobyBoYXZlIGFscmVhZHkgYmVlbiBhbHRlcmVkIGJ5IHRob3NlIGRydWdzIGFyZSBkYW5nZXJvdXMgZXZlbiBvdXRzaWRlLiAKWW91IHVuZGVyc3RhbmQgd2hhdCBJIG1lYW4sIHJpZ2h0Pw==,,,,,W1Blc3NvYSBBYmFuZG9uYWRhXQpFbGVzIG7Do28gdsOjbyBxdWVyZXIuIE5lbSBhcyBmYW3DrWxpYXMgZGVsZXMuIEZvbW9zIGV4cG9zdG9zIMOgIHJhZGlhw6fDo28gcG9yIG11aXRvIHRlbXBvLCBzb21vcyBpbnN0w6F2ZWlzLg==,,W1BlcnNvbmEgQWJhbmRvbmFkYV0KTm8gcXVlcnLDoW4uIE5pIGVsbG9zIG5pIHN1cyBmYW1pbGlhcy4gRXN0dXZpbW9zIGV4cHVlc3RvcyBhIGxhIHJhZGlhY2nDs24gZHVyYW50ZSBtdWNobyB0aWVtcG8sIHNvbW9zIGluZXN0YWJsZXMu
yy3BBw,,W0FiYW5kb25lZCBQZXJzb25dCkFuZC4uLgpJIGRvbid0IHRoaW5rIGl0J3MganVzdCBhIGNvaW5jaWRlbmNlIHRoYXQgd2UgbWV0IGxpa2UgdGhpcy4gCkkgaGF2ZSBhIGZhdm9yIHRvIGFzay4=,,,,,W1Blc3NvYSBBYmFuZG9uYWRhXQouLi4gQWNobyBxdWUgbm9zc28gZW5jb250cm8gw6kgdW1hIGNvbmNpZMOqbmNpYSBkaXZpbmEuIEVudMOjbywgcXVlcm8gdGUgcGVkaXIgdW0gZmF2b3Iu,,W1BlcnNvbmEgQWJhbmRvbmFkYV0KLi4uQ3JlbyBxdWUgbnVlc3RybyBlbmN1ZW50cm8gZXMgdW5hIGNvaW5jaWRlbmNpYSBkaXZpbmEuIEFzw60gcXVlIHF1aWVybyBwZWRpcnRlIHVuIGZhdm9yLg==
zC3BBw,,SSBuZXZlciBiZWxpZXZlZCBpbiB0aGUgZXhpc3RlbmNlIG9mIGdvZHMsIGJ1dCBub3cuLi4gSSB0aGluayBJIHdhbnQgdG8gYmVsaWV2ZSwgYXQgbGVhc3QgYSBsaXR0bGUu,,,,,RXUgbsOjbyBhY3JlZGl0YXZhIGVtIERldXNlcywgbWFzIGFnb3JhIGFjcmVkaXRvLg==,,Tm8gY3Jlw61hIGVuIGxvcyBkaW9zZXMsIHBlcm8gYWhvcmEgY3Jlby4=
zS3BBw,,W0FiYW5kb25lZCBQZXJzb25dCklmIEkgZXZlciByZXR1cm4gdG8gdGhpcyBwbGFjZSBhbmQgZW5kIHVwIGxpa2UgdGhhdC4uLiBwbGVhc2UgcHV0IGFuIGVuZCB0byBtZSB5b3Vyc2VsZi4KSSdtIGJlZ2dpbmcgeW91Lg==,,,,,W1Blc3NvYSBBYmFuZG9uYWRhXQpTZSB2b2PDqiB2b2x0YXIgYXF1aSBlIG1lIHZlciBkZWZvcm1hZG8gaWd1YWwgw6AgZXNzYXMgb3V0cmFzIGNvYmFpYXMsIHBvciBmYXZvciwgbWUgbWF0ZS4=,,W1BlcnNvbmEgQWJhbmRvbmFkYV0KU2kgdnVlbHZlcyBhcXXDrSB5IG1lIHZlcyBkZWZvcm1hZG8gY29tbyBlc2FzIG90cmFzIGNvYmF5YXMsIHBvciBmYXZvciwgbcOhdGFtZS4=
zi3BBw,,W0FiYW5kb25lZCBQZXJzb25dCk15IGxpZmUgbWF5IGVuZCBzb29uLCBidXQgSSBkb24ndCB3YW50IHRvIGxpdmUgZXZlbiBvbmUgbW9yZSBzZWNvbmQgYXMgc29tZXRoaW5nIHRoYXQncyBub3QgdHJ1bHkgYWxpdmUuIApEbyB5b3UgdW5kZXJzdGFuZD8KUHJvbWlzZSBtZS4gCllvdSBtdXN0IQ==,,,,,W1Blc3NvYSBBYmFuZG9uYWRhXQpFdSBwcmVmaXJvIG1vcnJlciBkbyBxdWUgdml2ZXIgbmVzc2EgdmlkYSBtaXNlcsOhdmVsIGUgZG9sb3Jvc2EgZGUgbXV0YW50ZSBob3JyZW5kby4=,,W1BlcnNvbmEgQWJhbmRvbmFkYV0KUHJlZmllcm8gbW9yaXIgYW50ZXMgcXVlIHZpdmlyIGVzdGEgdmlkYSBtaXNlcmFibGUgeSBkb2xvcm9zYSBjb21vIHVuIG11dGFudGUgaG9ycmVuZG8u
zy3BBw,,W0FiYW5kb25lZCBQZXJzb25dClBoZXfigJRJJ3ZlIHRhbGtlZCBhIGxvdCB0b2RheS4gCkkgbmVlZCB0byB0YWtlIGEgYnJlYWsu,,,,,W1Blc3NvYSBBYmFuZG9uYWRhXQpKw6EgZmFsZWkgZGVtYWlzIHBvciBob2plLiBQcmVjaXNvIGRlc2NhbnNhci4=,,W1BlcnNvbmEgQWJhbmRvbmFkYV0KWWEgaGFibMOpIGRlbWFzaWFkbyBwb3IgaG95LiBOZWNlc2l0byBkZXNjYW5zYXIu
0C3BBw,,W0FiYW5kb25lZCBQZXJzb25dCkxvb2sgZm9yIGFuIGlkZW50aWZpY2F0aW9uIGJyYWNlbGV0IGluIHRoZSBwaWxlIG9mIHRyYXNoLiAKWW91IGtub3cgd2hhdCBJIG1lYW4sIHJpZ2h0PyAKVGhlIGJyYWNlbGV0IHlvdSB3ZWFyIG9uIHlvdXIgd3Jpc3QuIApUaGUgb25lIHdpdGggdGhlIHRlc3Qgc3ViamVjdHMnIG5hbWVzIHdyaXR0ZW4gb24gaXQu,,,,,W1Blc3NvYSBBYmFuZG9uYWRhXQpQcm9jdXJlIG8gYnJhY2VsZXRlIGRlIGlkZW50aWZpY2HDp8OjbyBkZWxlIG5hcyBwaWxoYXMgZGUgbGl4by4gU2FiZT8gU8OjbyBhcyBwdWxzZWlyYXMgY29tIG9zIG5vbWVzIGRhIGNvYmFpYS4=,,W1BlcnNvbmEgQWJhbmRvbmFkYV0KQnVzY2Egc3UgYnJhemFsZXRlIGRlIGlkZW50aWZpY2FjacOzbiBlbiBsb3MgbW9udG9uZXMgZGUgYmFzdXJhLiDCv1NhYmVzPyBFc2FzIHB1bHNlcmFzIGNvbiBsb3Mgbm9tYnJlcyBkZSBsYXMgY29iYXlhcy4=
0S3BBw,,W0FiYW5kb25lZCBQZXJzb25dCk5vLCBpdCdzIGJldHRlciBub3QgdG8gY29uZHVjdCBleHBlcmltZW50cyBsaWtlIHRoYXQuIApJZiBJIGhhZCwgSSBwcm9iYWJseSB3b3VsZG4ndCBldmVuIGJlIGhlcmUgcmlnaHQgbm93Lg==,,,,,W1Blc3NvYSBBYmFuZG9uYWRhXQpOw6NvLCBldSBwcmVmaXJvIG7Do28gZmF6ZXIgZXhwZXJpbWVudG9zIGNvbW8gZXNzZS4gU2UgZXUgZml6ZXNzZSwgZXUgbsOjbyBlc3RhcmlhIGFxdWkgYWdvcmEu,,W1BlcnNvbmEgQWJhbmRvbmFkYV0KTm8sIHByZWZpZXJvIG5vIGhhY2VyIGV4cGVyaW1lbnRvcyBhc8OtLiBTaSBsb3MgaHViaWVyYSBoZWNobywgbm8gZXN0YXLDrWEgYXF1w60gYWhvcmEu
0i3BBw,,WW91IGFyZSBjYXJyeWluZyB0b28gbWFueSBpdGVtcyB0byBwcm9jZWVkIHdpdGggdGhlIHF1ZXN0LiAKUGxlYXNlIGxpZ2h0ZW4geW91ciBsb2FkIGFuZCB0cnkgYWdhaW4u,,,,,Vm9jw6ogbsOjbyBwb2RlIHByb3NzZWd1aXIgY29tIGEgbWlzc8OjbyBwb3JxdWUgasOhIHRlbSBtdWl0b3MgaXRlbnMuIFBvciBmYXZvciwgYWxpdmllIHNldSBwZXNvIGUgdGVudGUgbm92YW1lbnRlLg==,,Tm8gcHVlZGVzIGNvbnRpbnVhciBsYSBtaXNpw7NuIHBvcnF1ZSBsbGV2YXMgZGVtYXNpYWRvcyBvYmpldG9zLiBQb3IgZmF2b3IsIGFsaWdlcmEgdHUgY2FyZ2EgZSBpbnTDqW50YWxvIGRlIG51ZXZvLg==
0y3BBw,,W3swfV0KSSBmb3VuZCBLYXVmbWFuJ3MgYnJhY2VsZXQuIApMZXQncyByZXR1cm4gdG8gS2F5YS4=,,,,,W3swfV0KRW5jb250cmVpIGEgcHVsc2VpcmEgZG8gU3IuIEthdWZtYW4uIFZhbW9zIHZvbHRhciBwYXJhIG8gU3IuIEtheWEu,,W3swfV0KRW5jb250csOpIGVsIGJyYXphbGV0ZSBkZWwgU3IuIEthdWZtYW4uIFZvbHZhbW9zIGNvbiBlbCBTci4gS2F5YS4=
1C3BBw,,W3swfV0KWW91IHNlZSBhIHBpbGUgb2YgZGlzY2FyZGVkIHRyYXNoIGhlcmUgYW5kIHRoZXJlLiAKV2VyZW4ndCB5b3UgdG9sZCB0byBsb29rIGZvciB0aGUgaWRlbnRpZmljYXRpb24gYnJhY2VsZXQgdGhhdCB3YXMgb25jZSB3b3JuIGJ5IHRoZSB0ZXN0IHN1YmplY3QuLi4/,,,,,W3swfV0KSXNzbyDDqSB1bWEgcGlsaGEgZGUgbGl4by4gU2Vyw6EgcXVlIGNvbnNpZ28gdW0gQnJhY2VsZXRlIGRlIElkZW50aWZpY2HDp8OjbyBhcXVpLi4uPw==,,W3swfV0KRXN0byBlcyB1biBtb250w7NuIGRlIGJhc3VyYS4gwr9Qb2Ryw6kgZW5jb250cmFyIGFxdcOtIHVuIEJyYXphbGV0ZSBkZSBJZGVudGlmaWNhY2nDs24uLi4/
1S3BBw,,WW91IHNlYXJjaCB0aG9yb3VnaGx5IGZyb20gdGhlIGJvdHRvbSB1cC4=,,,,,VmVyaWZpY2FyIGVtIGJhaXhvLg==,,UmV2aXNhciBhYmFqby4=
1i3BBw,,U3RhcnQgYnkgY2hlY2tpbmcgZnJvbSB0aGUgdG9wLg==,,,,,VmVyaWZpY2FyIGVtIGNpbWEu,,UmV2aXNhciBhcnJpYmEu
1y3BBw,,W3swfV0KWW91IGNhcmVmdWxseSBydW1tYWdlZCB0aHJvdWdoIHRoZSBwaWxlIG9mIHRyYXNoIGFuZCBmb3VuZCBhIGZldyBJZGVudGlmaWNhdGlvbiBCcmFjZWxldHMsIGJ1dCBub25lIG9mIHRoZW0gYmVsb25nZWQgdG8gTXIuIEthdWZtYW4uIApMZXQncyBzZWFyY2ggc29tZXdoZXJlIGVsc2Uu,,,,,W3swfV0KVmFzY3VsaGVpIGN1aWRhZG9zYW1lbnRlIGUgYWNoZWkgYWxndW5zIGJyYWNlbGV0ZXMsIG1hcyBuZW5odW1hIGRvIHNyLiBLYXVmbWFuLiBWYW1vcyBwcm9jdXJhciBlbSBvdXRybyBsdWdhci4=,,W3swfV0KQnVzcXXDqSBjb24gY3VpZGFkbyB5IGVuY29udHLDqSBhbGd1bm9zIGJyYXphbGV0ZXMsIHBlcm8gbmluZ3VubyBkZWwgU3IuIEthdWZtYW4uIEJ1c3F1ZW1vcyBlbiBvdHJvIGx1Z2FyLg==
2C3BBw,,W3swfV0KSXQgbG9va3MgbGlrZSBJIHNob3VsZCB0cnkgc2VhcmNoaW5nIHNvbWV3aGVyZSBlbHNlLg==,,,,,W3swfV0KQWNobyBxdWUgdm91IHRlciBxdWUgcHJvY3VyYXIgZW0gb3V0cm8gbHVnYXIu,,W3swfV0KQ3JlbyBxdWUgdGVuZHLDqSBxdWUgYnVzY2FyIGVuIG90cm8gbHVnYXIu
2S3BBw,,W3swfV0KQSBzbWFsbCBwaWxlIG9mIHRyYXNoIHRoYXQgZG9lc24ndCBzZWVtIHRvIGhhdmUgYW55dGhpbmcgd29ydGggc2FsdmFnaW5nLg==,,,,,W3swfV0Kw4kgdW1hIHBlcXVlbmEgcGlsaGEgZGUgbGl4byBxdWUgcGFyZWNlIG7Do28gdGVyIG5hZGEgaW50ZXJlc3NhbnRlLg==,,W3swfV0KRXMgdW4gcGVxdWXDsW8gbW9udMOzbiBkZSBiYXN1cmEgcXVlIG5vIHBhcmVjZSB0ZW5lciBuYWRhIGludGVyZXNhbnRlLg==
2i3BBw,,SSdsbCBzdGFydCBkaWdnaW5nIGZyb20gdGhlIGNlbnRlci4=,,,,,VmVyaWZpY2FyIG5vIG1laW8u,,UmV2aXNhciBlbiBtZWRpby4=
2y3BBw,,WW91IHRob3JvdWdobHkgc2VhcmNoIGZyb20gdG9wIHRvIGJvdHRvbS4=,,,,,VmVyaWZpY2FyIG5vcyBjYW50b3Mu,,UmV2aXNhciBlbiBsb3MgYm9yZGVzLg==
3C3BBw,,W3swfV0KSSBydW1tYWdlZCB0aHJvdWdoIHRoZSBwaWxlIG9mIHRyYXNoIGFuZCBmb3VuZCBzZXZlcmFsIGlkZW50aWZpY2F0aW9uIGJyYWNlbGV0cyBiZWxvbmdpbmcgdG8gb3RoZXIgcGVvcGxlLiAKTGV0J3MgY2hlY2sgc29tZXdoZXJlIGVsc2Uu,,,,,W3swfV0KRXUgdmFzY3VsaGVpIG8gbGl4byBlIGVuY29udHJlaSBicmFjZWxldGVzIGRlIG91dHJhcyBwZXNzb2FzLiBWYW1vcyBwcm9jdXJhciBlbSBvdXRybyBsdWdhci4=,,W3swfV0KUmV2aXPDqSBsYSBiYXN1cmEgeSBlbmNvbnRyw6kgYnJhemFsZXRlcyBkZSBvdHJhcyBwZXJzb25hcy4gQnVzcXVlbW9zIGVuIG90cm8gbHVnYXIu
3S3BBw,,W3swfV0KSXQgbG9va3MgbGlrZSB0aGVyZSdzIG5vdGhpbmcgaGVyZS4=,,,,,W3swfV0KUGFyZWNlIHF1ZSBuw6NvIGjDoSBuYWRhIGFxdWku,,W3swfV0KUGFyZWNlIHF1ZSBubyBoYXkgbmFkYSBhcXXDrS4=
3i3BBw,,W3swfV0KQSBwaWxlIG9mIHdhc3RlIGluIHBvb3IgY29uZGl0aW9uLgpJdCBsb29rcyBkYW5nZXJvdXMsIHNvIEkgc2hvdWxkIGV4YW1pbmUgaXQgY2FyZWZ1bGx5Lg==,,,,,W3swfV0Kw4kgdW0gbW9udGUgZGUgbGl4byBlbSBww6lzc2ltYXMgY29uZGnDp8O1ZXMuIMOJIHBlcmlnb3NvLCBlbnTDo28gdm91IHRlciBxdWUgb2xoYXIgY29tIGN1aWRhZG8u,,W3swfV0KRXMgdW4gbW9udMOzbiBkZSBiYXN1cmEgZW4gbXV5IG1hbCBlc3RhZG8uIEVzIHBlbGlncm9zbywgYXPDrSBxdWUgdGVuZHLDqSBxdWUgbWlyYXIgY29uIGN1aWRhZG8u
3y3BBw,,WW91IHRha2UgYSBjbG9zZXIgbG9vay4=,,,,,T2xoYXIgZGV2YWdhci4=,,TWlyYXIgZGVzcGFjaW8u
4C3BBw,,WW91IHF1aWNrbHkgc2NhbiB0aHJvdWdoIGl0Lg==,,,,,T2xoYXIgcsOhcGlkby4=,,TWlyYXIgcsOhcGlkby4=
4S3BBw,,W3swfV0KSSBkdWcgdXAgYSBicmFjZWxldCBidXJpZWQgaW4gYSBwaWxlIG9mIHRyYXNoLiAKSXQgbG9va3MgbGlrZSBhbiBpZGVudGlmaWNhdGlvbiBicmFjZWxldCBmb3IgdGVzdCBzdWJqZWN0cy4gClRoZSBuYW1lIGlzLi4uIFBhLi4uIFBhdHJpY2suLi4gS2F1Zi4uLiBtYW4uLi4=,,,,,W3swfV0KQWNoZWkgdW0gYnJhY2VsZXRlLi4uIE8gbm9tZSBlc2NyaXRvIMOpLi4uIFAuLi4gUGF0Li4uIHJpY2suLi4gS2F1Zi4uLiBNYW4uLi4=,,W3swfV0KRW5jb250csOpIHVuIGJyYXphbGV0ZS4uLiBFbCBub21icmUgZXNjcml0byBlcy4uLiBQLi4uIFBhdC4uLiByaWNrLi4uIEthdWYuLi4gTWFuLi4u
4i3BBw,,W3swfV0KU28sIFBhdHJpY2sgS2F1Zm1hbi4uLiAKSW4gYW55IGNhc2UsIGxldCdzIHRha2UgdGhpcyBhbmQgZ28gdG8gPE5BVkk+W0theWFdPElORk8+c3BfY29yLDEzNiwxNDYsMCwxMDEsMDwvSU5GTz48L05BVkk+Lg==,,,,,W3swfV0KUGF0cmljayBLYXVmbWFuISEhISBWYW1vcyBsZXZhciBpc3NvIHBhcmEgPE5BVkk+W0theWFdPElORk8+c3BfY29yLDEzNiwxNDYsMCwxMDEsMDwvSU5GTz48L05BVkk+ISE=,,W3swfV0KwqHCocKhUGF0cmljayBLYXVmbWFuISEhISDCocKhTGxldmVtb3MgZXN0byBhIDxOQVZJPltLYXlhXTxJTkZPPnNwX2NvciwxMzYsMTQ2LDAsMTAxLDA8L0lORk8+PC9OQVZJPiEh
4y3BBw,,W3swfV0KWW91IHNlYXJjaGVkIHRob3JvdWdobHksIGJ1dCBpdCB3YXMgYWxsIGp1c3QgdHJhc2guIApMZXQncyBjaGVjayBzb21ld2hlcmUgZWxzZS4=,,,,,W3swfV0KUHJvY3VyZWkgbXVpdG8sIG1hcyBlcmEgdHVkbyBsaXhvLiBWYW1vcyBwcm9jdXJhciBlbSBvdXRybyBsdWdhci4=,,W3swfV0KQnVzcXXDqSBtdWNobywgcGVybyB0b2RvIGVyYSBiYXN1cmEuIEJ1c3F1ZW1vcyBlbiBvdHJvIGx1Z2FyLg==
5C3BBw,,W3swfV0KSeKAmXZlIGxvc3QgY291bnQgb2YgaG93IG1hbnkgcGlsZXMgb2YganVuayBJ4oCZdmUgc2VhcmNoZWQgdGhyb3VnaC4KSSBqdXN0IGhvcGUgdGhlcmXigJlzIGF0IGxlYXN0IGEgc21hbGwgY2x1ZSBoZXJlLi4u,,,,,W3swfV0KRXUgbsOjbyBzZWkgcXVhbnRhcyB2ZXplcyBqw6EgcmV2aXJlaSBlc3NlIGxpeG8uIFBvciBmYXZvciwgZXNwZXJvIGVuY29udHJhciBhbGdvLi4u,,W3swfV0KTm8gc8OpIGN1w6FudGFzIHZlY2VzIHlhIHJldm9sdsOtIGVzdGEgYmFzdXJhLiBQb3IgZmF2b3IsIGVzcGVybyBlbmNvbnRyYXIgYWxnby4uLg==
5S3BBw,,SSdsbCBzdGFydCBzZWFyY2hpbmcgZnJvbSB0aGUgYm90dG9tLg==,,,,,T2xoYXIgZW0gYmFpeG8u,,TWlyYXIgYWJham8u
5i3BBw,,W3swfV0KSSBkdWcgdXAgYSBicmFjZWxldCB0aGF0IHdhcyBidXJpZWQgaW4gYSBwaWxlIG9mIHRyYXNoLiAKSXQgbG9va3MgbGlrZSBhbiBpZGVudGlmaWNhdGlvbiBicmFjZWxldCBmb3IgdGVzdCBzdWJqZWN0cy4gClRoZSBuYW1lIGlzLi4uIFBhLi4uIFBhdHJpY2suLi4gS2F1Zi4uLiBtYW4uLi4KU28sIFBhdHJpY2sgS2F1Zm1hbi4uLiBJbiB0aGUgZW5kLi4uCkZvciBub3csIGxldCdzIHRha2UgdGhpcyBhbmQgZ28gc2VlIDxOQVZJPltLYXlhXTxJTkZPPnNwX2NvciwxMzYsMTQ2LDAsMTAxLDA8L0lORk8+PC9OQVZJPi4=,,,,,W3swfV0KQWNoZWkgdW0gYnJhY2VsZXRlLi4uIE8gbm9tZSBlc2NyaXRvIMOpLi4uIFAuLi4gUGF0Li4uIHJpY2suLi4gS2F1Zi4uLiBNYW4uLi4KUGF0cmljayBLYXVmbWFuISEhISBWYW1vcyBsZXZhciBpc3NvIHBhcmEgPE5BVkk+W0theWFdPElORk8+c3BfY29yLDEzNiwxNDYsMCwxMDEsMDwvSU5GTz48L05BVkk+ISE=,,W3swfV0KRW5jb250csOpIHVuIGJyYXphbGV0ZS4uLiBFbCBub21icmUgZXNjcml0byBlcy4uLiBQLi4uIFBhdC4uLiByaWNrLi4uIEthdWYuLi4gTWFuLi4uCsKhwqHCoVBhdHJpY2sgS2F1Zm1hbiEhISEgwqHCoUxsZXZlbW9zIGVzdG8gYSA8TkFWST5bS2F5YV08SU5GTz5zcF9jb3IsMTM2LDE0NiwwLDEwMSwwPC9JTkZPPjwvTkFWST4hIQ==
5y3BBw,,W3swfV0KQXMgZXhwZWN0ZWQsIHRoZXJlIHdhcyBub3RoaW5nIGhlcmUgZWl0aGVyLiAKV2lsbCBJIGV2ZXIgYmUgYWJsZSB0byBmaW5kIGFueSBjbHVlcyBhYm91dCBNci4gS2F1Zm1hbi4uLj8gCk1heWJlIGl0J3MgYWN0dWFsbHkgc29tZXdoZXJlIGVsc2UsIG5vdCBoZXJlLgpMZXQncyBjaGVjayBvbmUgbGFzdCBwbGFjZS4=,,,,,W3swfV0KTsOjbyBoYXZpYSBuYWRhIGFxdWkgdGFtYsOpbS4gUG9kZW1vcyBlbmNvbnRyYXIgYWxndW1hIHBpc3RhIHNvYnJlIG8gc3IuIEthdWZtYW4uLi4gVGFsdmV6IHNlamEgZW0gb3V0cm8gbHVnYXI/ClZhbW9zIGRhciB1bWEgb2xoYWRhIGVtIG91dHJvIGx1Z2FyLg==,,W3swfV0KQXF1w60gdGFtcG9jbyBoYWLDrWEgbmFkYS4gwr9Qb2RyZW1vcyBlbmNvbnRyYXIgYWxndW5hIHBpc3RhIHNvYnJlIGVsIFNyLiBLYXVmbWFuLi4uPwpCdXNxdWVtb3MgZW4gb3RybyBsdWdhci4=
6C3BBw,,W3swfV0KSXQncyBhIHBpbGUgb2Ygd2FzdGUgZW1pdHRpbmcgYSBmb3VsIHN0ZW5jaC4gCkkgc2hvdWxkIHRha2UgYSBjbG9zZXIgbG9vay4=,,,,,W3swfV0Kw4kgdW0gbGl4byBmZWRvcmVudG8uIFZvdSB0ZXIgcXVlIGNoZWdhciBiZW0gcGVydG8gZSBkYXIgdW1hIG9saGFkYS4=,,W3swfV0KRXMgYmFzdXJhIGFwZXN0b3NhLiBUZW5kcsOpIHF1ZSBhY2VyY2FybWUgYmFzdGFudGUgcGFyYSBtaXJhci4=
6S3BBw,,TGV0J3MgdGFrZSBhIGxvb2sgYXQgdGhlbSBvbmUgYnkgb25lLg==,,,,,T2xoYXIgZGUgcGVydG8u,,TWlyYXIgZGUgY2VyY2Eu
6i3BBw,,VGFrZSBhIHF1aWNrIGxvb2su,,,,,T2xoYXIgZGUgbG9uZ2Uu,,TWlyYXIgZGUgbGVqb3Mu
6y3BBw,,W3swfV0KVGhlcmUgaXMgbm90aGluZyBsZWZ0IGhlcmUgbm93Lg==,,,,,W3swfV0KTsOjbyBow6EgbWFpcyBuYWRhIGFnb3JhLg==,,W3swfV0KWWEgbm8gaGF5IG5hZGEgYXF1w60u
7C3BBw,,W3swfV0KSSd2ZSBhbHJlYWR5IGNoZWNrZWQgaGVyZS4gTGV0J3MgbG9vayBzb21ld2hlcmUgZWxzZS4=,,,,,W3swfV0KSsOhIHByb2N1cmFtb3MgYXF1aS4gVmFtb3MgZW5jb250cmFyIG91dHJvIGx1Z2FyLg==,,W3swfV0KWWEgYnVzY2Ftb3MgYXF1w60uIEJ1c3F1ZW1vcyBvdHJvIGx1Z2FyLg==
7S3BBw,,W3swfV0KVGhlcmUgYXJlIHRyYWNlcyBvZiBzb21ldGhpbmcgdGhhdCB3YXMgZGlzY2FyZGVkLg==,,,,,W3swfV0KQWxndW1hcyBjb2lzYXMgZm9yYW0gam9nYWRhcyBhcXVpLg==,,W3swfV0KQWxndW5hcyBjb3NhcyBmdWVyb24gYXJyb2phZGFzIGFxdcOtLg==
7i3BBw,,W3swfV0KVGhlcmUgZG9lc24ndCBzZWVtIHRvIGJlIGFueXRoaW5nIGhlcmUuIEkgc2hvdWxkIGxvb2sgc29tZXdoZXJlIGVsc2Uu,,,,,W3swfV0KUGFyZWNlIHF1ZSBuw6NvIGjDoSBuYWRhIGFxdWkuIFZvdSB0ZXIgcXVlIHByb2N1cmFyIGVtIG91dHJvIGx1Z2FyLg==,,W3swfV0KUGFyZWNlIHF1ZSBubyBoYXkgbmFkYSBhcXXDrS4gVGVuZHLDqSBxdWUgYnVzY2FyIGVuIG90cm8gbHVnYXIu
7y3BBw,,Q29jbw==,,,,,TGl0bw==,,TGl0bw==
8C3BBw,,V29vZiEh,,,,,QXUgYXUhIQ==,,wqFHdWF1LCBndWF1IQ==
8S3BBw,,T2ggbm9+IFdoZXJlIGRpZCBvdXIgQ29jbyBnb34gT2ggbm9vb34=,,,,,QWhoaH4gVC1UfiBPbmRlIGVzdMOhIHZvY8OqLCBMaXRvfiBNdWgtaHVofg==,,QWhoaH4gVC1UfiDCv0TDs25kZSBlc3TDoXMsIExpdG9+Pw==
8i3BBw,,RG9uJ3QgY3J5LiBUaGV5J2xsIGJlIGJhY2sgc29vbi4gVGhleSdyZSBzbWFydCwgYWZ0ZXIgYWxsLg==,,,,,TsOjbyBjaG9yZSwgTGl0byB2b2x0YXLDoSBsb2dvLiBFbGUgw6kgdW0gY2FjaG9ycm8gZXNwZXJ0by4=,,Tm8gbGxvcmVzLCBMaXRvIHZvbHZlcsOhIHByb250by4gRXMgdW4gcGVycm8gbGlzdG8u
8y3BBw,,TXkgZG9nIHJhbiBhd2F5IGR1cmluZyB0aGUgY2hhb3MgYW5kIHN0aWxsIGhhc24ndCBjb21lIGJhY2suIEkgbmVlZCB0byBnbyBsb29rIGZvciBoaW0u,,,,,Tm9zc28gY2FjaG9ycmluaG8gZnVnaXUgZHVyYW50ZSBvIHR1bXVsdG8uIEVzdGFtb3MgcHJvY3VyYW5kbyBwb3IgZWxlLg==,,TnVlc3RybyBwZXJyaXRvIGh1ecOzIGR1cmFudGUgZWwgYWxib3JvdG8uIEVzdGFtb3MgYnVzY8OhbmRvbG8u
9C3BBw,,V2FpdCwgaG93IG1hbnkgbW9yZSBzZXJ2aW5ncyBkbyBJIG5lZWQgdG8gcHJlcGFyZT8gWW9vIGhhc24ndCBjb21lIGJhY2sgYWZ0ZXIgZ29pbmcgb3V0Lg==,,,,,SMOjPyBRdWFudGFzIHBlc3NvYXMgYSBtYWlzIHZvdSB0ZXIgcXVlIGFsaW1lbnRhcj8gQ2Fkw6ogbyBzci4gWXU/,,wr9FaD8gwr9BIGN1w6FudGFzIHBlcnNvbmFzIG3DoXMgdGVuZHLDqSBxdWUgYWxpbWVudGFyPyDCv0TDs25kZSBlc3TDoSBlbCBTci4gWXU/
9S3BBw,,SSd2ZSBiZWVuIHdvcmtpbmcgd2l0aCB3b29kIGZvciBhIHdoaWxlIG5vdy4uLiBidXQgd2hhdCBhbSBJIHN1cHBvc2VkIHRvIGRvIHdpdGggaXQgbmV4dD8=,,,,,QWluZGEgZXN0b3UgY29ydGFuZG8gw6Fydm9yZXMgY29tbyBwZWRpcmFtLi4uIE1hcyBwcmEgcXXDqiBjb3J0YXIgdGFudGFzPw==,,VG9kYXbDrWEgc2lnbyBjb3J0YW5kbyDDoXJib2xlcyBjb21vIHBpZGllcm9uLi4uIMK/cGVybyBwYXJhIHF1w6kgY29ydGFyIHRhbnRvcz8=
9i3BBw,,SSd2ZSB3b3JrZWQgaGVyZSBmb3IgYSB5ZWFyLCBidXQgSSBzdGlsbCBkb24ndCBrbm93IGV4YWN0bHkgd2hhdCBJIHdhcyBkb2luZy4=,,,,,VHJhYmFsaGVpIGFxdWkgcG9yIHVtIGFubywgbWFzIG7Do28gc2VpIGV4YXRhbWVudGUgbyBxdWUgZml6Lg==,,VHJhYmFqw6kgYXF1w60gZHVyYW50ZSB1biBhw7FvLCBwZXJvIG5vIHPDqSBleGFjdGFtZW50ZSBxdcOpIGhhY8OtYS4=
9y3BBw,,RG8gd2UgcmVhbGx5IGhhdmUgdG8gc3BsaXQgdGhlIHdvb2QgaW50byBsb25nIHBpZWNlcz8gQ2Fu4oCZdCB3ZSBqdXN0IGJyZWFrIGl0IGludG8gc21hbGxlciBiaXRzPw==,,,,,TsOjbyDDqSBtZWxob3IgY29ydGFyIGVzc2EgbWFkZWlyYSBjb20gdW0gbWFjaGFkbyBhbyBpbnbDqXMgZGUgdW1hIGVzcGFkYT8=,,wr9ObyBzZXLDrWEgbWVqb3IgY29ydGFyIGVzdGEgbWFkZXJhIGNvbiB1biBoYWNoYSBlbiB2ZXogZGUgdW5hIGVzcGFkYT8=
+C3BBw,,WW91J3JlIGFza2luZyBhYm91dCB0aGF0IG1hbnNpb24/IFdlbGwsIEkgZG9uJ3Qga25vdyBlaXRoZXIuIEl0J3MgYmVlbiB0aGVyZSBzaW5jZSB3ZSBhcnJpdmVkLg==,,,,,TyBxdWUgw6kgZXNzYSBtYW5zw6NvPyBFdSBuw6NvIHNlaS4gRXN0w6EgbMOhIGRlc2RlIHF1ZSBjaGVnYW1vcy4=,,wr9RdcOpIGVzIGVzYSBtYW5zacOzbj8gTm8gbG8gc8OpLiBFc3TDoSBhaMOtIGRlc2RlIHF1ZSBsbGVnYW1vcy4=
+S3BBw,,RnJlaWdodCB0cnVja3MgdXNlZCB0byB0cmF2ZWwgdGhpcyByb2FkLCBhbmQgSSB3YXMgdGhlIG9uZSBpbiBjaGFyZ2Ugb2YgY29udHJvbGxpbmcgdGhlbS4gVGhlIEd1bnNsaW5nZXJzIHdvdWxkIGNvbWUgYnkgYW5kIGJlZyBtZSBzbyBwZXJzaXN0ZW50bHkgdG8gbGV0IHRoZW0gcmlkZSwganVzdCBvbmNlLg==,,,,,RXUgY29udHJvbG8gbyB0cmVtIGRlc3NhIGZlcnJvdmlhLCBvcyBpbnN1cmdlbnRlcyBjb3N0dW1hbSBwZWdhciB1bWEgY2Fyb25hLg==,,WW8gY29udHJvbG8gZWwgdHJlbiBkZSBlc3RhIHbDrWEgZsOpcnJlYS4gTG9zIGluc3VyZ2VudGVzIHN1ZWxlbiB2aWFqYXIgZGUgcG9saXrDs24u
+i3BBw,,UmVjb24gU3F1YWQ=,,,,,SW5zdXJnZW50ZQ==,,UmViZWxkZQ==
+y3BBw,,VGhleSBldmVuIGxhaWQgZG93biB0cmFja3MgdG8gdHJhbnNwb3J0IGNhcmdvIG1vcmUgZWFzaWx5LiBUaGF0J3Mgc29tZSBpbXByZXNzaXZlIGVmZm9ydC4gQnV0IHdoZXJlJ3MgdGhlIGZyZWlnaHQgY2FyPw==,,,,,w4kgbmVzc2UgdHJpbGhvIHF1ZSBwYXNzYSBhIENhcnJldGEgQnVyYWPDo28/,,SW5jbHVzbyBwdXNpZXJvbiB2w61hcyBwYXJhIG1vdmVyIGNhcmdhcyBtw6FzIGbDoWNpbG1lbnRlLiBUb2RvIHVuIGVzZnVlcnpvLiBQZXJvIMK/aGFzIHZpc3RvIGFsZ8O6biB2YWfDs24gZGUgY2FyZ2E/
/C3BBw,,UGhld+KAlG5vdyBJIGNhbiBmaW5hbGx5IGNhdGNoIG15IGJyZWF0aC4gSG93IG9sZCBkbyB5b3UgdGhpbmsgSSBsb29rPyBIb3dldmVyIG9sZCB5b3UgaW1hZ2luZSwgSeKAmW0gYWN0dWFsbHkgeW91bmdlciB0aGFuIHRoYXQsIHNvIGRvbuKAmXQgY2FsbCBtZSBncmFuZHBhLg==,,,,,RmluYWxtZW50ZSwgcG9zc28gZGVzY2Fuc2FyLiBUcmFiYWxoYXIgbm8gc29sIGVudmVsaGVjZSBkZW1haXMgYSBub3NzYSBwZWxlLiBFdSBzw7MgdGVuaG8gMzAgYW5vcy4=,,UG9yIGZpbiBwdWVkbyBkZXNjYW5zYXIuIFRyYWJhamFyIGJham8gZWwgc29sIGVudmVqZWNlIG11Y2hvIGxhIHBpZWwuIFNvbG8gdGVuZ28gMzAgYcOxb3Mu
/S3BBw,,QnV0IHdoYXQgd2FzIHRoaXMgYnVpbGRpbmcgYWN0dWFsbHkgdXNlZCBmb3I/,,,,,QWZpbmFsLCBwYXJhIHF1w6ogc2VydmUgZXNzYSBtYW5zw6NvPw==,,QWwgZmluYWwsIMK/cGFyYSBxdcOpIHNpcnZlIGVzYSBtYW5zacOzbj8=
/i3BBw,,V2VsbCwgSSBkb24ndCBrbm93IGVpdGhlci4=,,,,,RXUgdGFtYsOpbSBuw6NvIHNlaS4=,,WW8gdGFtcG9jbyBsbyBzw6ku
/y3BBw,,V2UnbGwuLi4gYmUgb2theSwgcmlnaHQuLi4/,,,,,UGVsbyBtZW5vcyBlc3RhbW9zIGJlbS4uLiBuw6kuLi4/,,QWwgbWVub3MgZXN0YW1vcyBiaWVuLi4uIMK/bm8/
AC7BBw,,VWdoLCBqdXN0IGxvb2tpbmcgYXQgaXQgZ2l2ZXMgbWUgdGhlIGNoaWxscy4gSWYgaXQgd2VyZW7igJl0IGZvciB0aGUgbW9uZXksIEkgd291bGTigJl2ZSBsZWZ0IGEgbG9uZyB0aW1lIGFnby4=,,,,,QWZmLi4uIHNlIG7Do28gZm9zc2UgcGVsbyBkaW5oZWlybywgZXUgasOhIHRlcmlhIGlkbyBlbWJvcmEu,,QWZmLi4uIHNpIG5vIGZ1ZXJhIHBvciBlbCBkaW5lcm8sIHlhIG1lIGhhYnLDrWEgaWRvLg==
AS7BBw,,SXQgbG9va3MgbGlrZSB0aGlzIGJ1aWxkaW5nIHdhcyB3aGVyZSB0aGUgcGVvcGxlIHdvcmtpbmcgaGVyZSBhbmQgdGhlIFJlc2VhcmNoZXJzIHVzZWQgdG8gbGl2ZS4gSXQgc2VlbXMgdG8gYmUgcmVsYXRpdmVseSBpbnRhY3Qu,,,,,RXN0ZSBwYXJlY2Ugc2VyIG8gZG9ybWl0w7NyaW8gZG9zIHRyYWJhbGhhZG9yZXMgZSBjaWVudGlzdGFzLg==,,RXN0ZSBwYXJlY2Ugc2VyIGVsIGRvcm1pdG9yaW8gZGUgbG9zIHRyYWJhamFkb3JlcyB5IGNpZW50w61maWNvcy4=
Ai7BBw,,V2hhdCBkbyB5b3UgdGhpbmsgaGFwcGVuZWQgaGVyZT8=,,,,,TyBxdWUgc8OjbyBlc3NhcyBjb25zdHJ1w6fDtWVzPw==,,wr9RdcOpIHNvbiBlc2FzIGNvbnN0cnVjY2lvbmVzPw==
Ay7BBw,,RG9uJ3QgZ2V0IHRvbyBjbG9zZS4=,,,,,TsOjbyBjaGVndWUgbXVpdG8gcGVydG8u,,Tm8gdGUgYWNlcnF1ZXMgZGVtYXNpYWRvLg==
BC7BBw,,VGhlcmUgYXJlbuKAmXQgYW55IGRhbmdlcm91cyBpbmRpdmlkdWFscyBoZXJlLCBidXQgaXTigJlzIGJlc3Qgbm90IHRvIGdldCB0b28gY2xvc2UuIFNlZSB0aGF0IHdhcm5pbmcgc2lnbiBvdmVyIHRoZXJlPw==,,,,,Vm9jw6ogdsOqIG8gc2luYWwgZGUgJ1BlcmlnbycgYWxpPw==,,wr9WZXMgbGEgc2XDsWFsIGRlIOKAnFBlbGlncm/igJ0gYWxsw60/
BS7BBw,,VGhhdCdzIGEgUG9kIEJlYW4sIHJpZ2h0PyBJIHJlYWxseX4gbGlrZSBQb2QgQmVhbiEgQnV0Li4uIGlzIGl0IG9rYXkgdG8gZWF0IHRoYXQ/IEkgaG9wZSBzby4uLg==,,,,,SXNzbyBtZSBsZW1icm91IGRhIMOpcG9jYSBkYSBlc2NvbGEgcXVlIGV1IHBsYW50ZWkgdW0gZmVpasOjbyBubyBhbGdvZMOjby4uLiBoYWhhaC4uLg==,,RXN0byBtZSByZWNvcmTDsyBhIGN1YW5kbyBlbiBsYSBlc2N1ZWxhIHBsYW50w6kgdW4gZnJpam9sIGVuIGFsZ29kw7NuLi4uIGphamFqYS4uLg==
Bi7BBw,,UmVhbGx5PyBUaGVuIHlvdSBtdXN0IGhhdmUgdHJ1bHkga25vd24gbm90aGluZyBhYm91dCBpdC4=,,,,,U8OpcmlvPyBFbnTDo28gdm9jw6pzIHJlYWxtZW50ZSBuw6NvIHNhYmlhbSBkZSBuYWRhPw==,,wr9FbiBzZXJpbz8gwr9FbnRvbmNlcyBkZSB2ZXJkYWQgbm8gc2Fiw61hbiBuYWRhPw==
By7BBw,,VGhhdCdzIHdoYXQgSeKAmW0gc2F5aW5nLiBUaG9zZSBwZW9wbGUgcmVhbGx5IGp1c3QgaG9sZWQgdGhlbXNlbHZlcyB1cCBpbiB0aGVpciBsYWJzLCBxdWlldGx5IGVhdGluZyB0aGUgbWVhbHMgdGhleSB3ZXJlIGdpdmVuIGFuZCBiYXJlbHkgc2F5aW5nIGEgd29yZC4=,,,,,TmFkYS4gT3MgY2llbnRpc3RhcyBzZSB0cmFuY2F2YW0gbm8gbGFib3JhdMOzcmlvIGUgc8OzIHNhw61hbSBwYXJhIGNvbWVyLg==,,TmFkYS4gTG9zIGNpZW50w61maWNvcyBzZSBlbmNlcnJhYmFuIGVuIGVsIGxhYm9yYXRvcmlvIHkgc29sbyBzYWzDrWFuIHBhcmEgY29tZXIu
CC7BBw,,VGhhdCBtdXN0IGhhdmUgYmVlbiByZWFsbHkgc2NhcnkgZm9yIHlvdS4gUGVvcGxlIGxpa2UgdGhhdCBhcmUgZXZlbiBtb3JlIGZyaWdodGVuaW5nIHdoZW4gdGhleSBmaW5hbGx5IGV4cGxvZGUu,,,,,UXVlIGxvdWN1cmEuIEFwb3N0byBxdWUgdm9jw6pzIGZpY2F2YW0gY29tIG1lZG8gZGVzc2VzIGNhcmFzLg==,,UXXDqSBsb2N1cmEuIEFwdWVzdG8gYSBxdWUgbGVzIGRhYmFuIG1pZWRvIGVzb3MgdGlwb3Mu
CS7BBw,,SSByZWFsbHkgZGlkbid0IHNlZSB0aGF0IGNvbWluZyEgT2gsIGRlYXIuLi4=,,,,,TmVtIG1lIGZhbGUhIEFyZ2guLi4=,,wqFOaSBtZSBsbyByZWN1ZXJkZXMhIEFyZ2guLi4=
Ci7BBw,,RG9u4oCZdCBldmVuIGdldCBtZSBzdGFydGVkLiBJdOKAmXMgYSBtaXJhY2xlIG5vdGhpbmcgaGFwcGVuZWQgdG8gbWUgYWxsIHRoaXMgdGltZS4=,,,,,RXN0b3UgdMOjbyBmZWxpeiBwb3IgdGVyIHNvYnJldml2aWRvIGEgdHVkbyBpc3NvLg==,,RXN0b3kgdGFuIGZlbGl6IGRlIGhhYmVyIHNvYnJldml2aWRvIGEgdG9kbyBlc3RvLg==
Cy7BBw,,TG9va2luZyBmb3IgYSBiYXRocm9vbT8gV2UncmUgZXZlbiB0dXJuaW5nIHRoZSBiYXRocm9vbXMgdXBzaWRlIGRvd24gcmlnaHQgbm93LCBzbyBqdXN0IGdvIGFueXdoZXJlIGJlaGluZCB0aGF0IHRyZWUgb3ZlciB0aGVyZS4=,,,,,UHJvY3VyYW5kbyBwZWxvIGJhbmhlaXJvPyBVc2UgYXF1ZWxhIMOhcnZvcmUu,,wr9CdXNjYXMgZWwgYmHDsW8/IFVzYSBlc2Ugw6FyYm9sLg==
DC7BBw,,Qmx1cnJlZCBQZXJzb24=,,,,,UGVzc29hIE1pc3Rlcmlvc2E=,,UGVyc29uYSBNaXN0ZXJpb3Nh
DS7BBw,,Li4uLi4u,,,,,Li4u,,Li4u
