AIUEDQ,,LSBBIGdyZWVkeS1sb29raW5nIG1hbgotIGlzIGh1cmxpbmcgYWJ1c2UgYXQgYSBjaGlsZC4=,,,,,LSBVbSBob21lbSBkZSBhcGFyw6puY2lhIGdhbmFuY2lvc2EKLSBlc3TDoSBkZXNwZWphbmRvIGluc3VsdG9zIHNvYnJlIHVtYSBjcmlhbsOnYS4=,,LSBVbiBob21icmUgZGUgYXNwZWN0byBjb2RpY2lvc28nCi0gZXN0w6EgcHJvZmlyaWVuZG8gaW5zdWx0b3MgdmVyYmFsZXMgYSB1biBuacOxby4=
AYUEDQ,,TGlzdGVuIHRvIHdoYXQgaGFwcGVuZWQu,,,,,T3XDp2EgbyBxdWUgYWNvbnRlY2V1Lg==,,RXNjdWNoYSBxdcOpIGhhIHBhc2Fkby4=
AoUEDQ,,SWdub3JlIGl0Lg==,,,,,SWdub3JlLg==,,SWdub3JhcmxvLg==
A4UEDQ,,TWFuOiBJIGZlZCBhbmQgaG91c2VkIGEgbmF0aXZlIEtpZCB3aXRoIG5vd2hlcmUgdG8gZ28sIGFuZCB0aGlzIGlzIGFsbCBJIGdldCBpbiByZXR1cm4/,,,,,SG9tZW06IEV1IGRlaSBjb21pZGEgZSBhYnJpZ28gYSB1bSBHYXJvdGluaG8gbmF0aXZvIHNlbSB0ZXIgcGFyYSBvbmRlIGlyLCBlIGVzc2Egw6kgYSByZXRyaWJ1acOnw6NvPw==,,SG9tYnJlOiDCv1RlIGRveSBkZSBjb21lciB5IHRlY2hvIHNpZW5kbyB1biBQZXF1ZcOxw61uIG5hdGl2byBzaW4gYWTDs25kZSBpciwgeSBlc3RhIGVzIHRvZGEgdHUgZm9ybWEgZGUgYWdyYWRlY2VybG8/
BIUEDQ,,Pz8=,,,,,Pz8=,,wr/Cvz8=
BYUEDQ,,TWFuOiBIYT8hIERvbuKAmXQgbWFrZSBtZSBsYXVnaC4gSG93IGRhcmUgeW91IHB1dCB5b3VyIGhhbmRzIG9uIGEgY3VzdG9tZXLigJlzIHdhbGxldD8=,,,,,SG9tZW06IEjDoz8hIFPDsyBwb2RlIHNlciBwaWFkYS4gQ29tbyBvdXNhIHDDtHIgYSBtw6NvIG5hIGNhcnRlaXJhIGRlIHVtIGNsaWVudGU/,,SG9tYnJlOiDCocK/RWg/ISBObyB0aWVuZSBuaW5ndW5hIGdyYWNpYS4gwr9Dw7NtbyB0ZSBhdHJldmVzIGEgbWV0ZXIgbWFubyBhIGxhIGNhcnRlcmEgZGUgdW4gY2xpZW50ZT8=
BoUEDQ,,TWFuOiBUY2gtIEkgc2hvdWxkIGhhdmUgbGlzdGVuZWQgd2hlbiBwZW9wbGUgdG9sZCBtZSBub3QgdG8gYXNzb2NpYXRlIHdpdGggbmF0aXZlcy4=,,,,,SG9tZW06IEFmZi0gRGV2aWFtIG1lc21vIHRlciBtZSBvdXZpZG8gcXVhbmRvIGRpc3NlcmFtIHBhcmEgZXUgbmVtIG1lIG1pc3R1cmFyIGNvbSBuYXRpdm9zLg==,,SG9tYnJlOiBCYWgtIERlYmVyw61hIGhhYmVyIGVzY3VjaGFkbyBhIHF1aWVuZXMgbWUgZGVjw61hbiBxdWUgbm8gbWUgcmVsYWNpb25hcmEgY29uIG5hdGl2b3Mu
B4UEDQ,,TWFuOiBJIG11c3QgaGF2ZSBsb3N0IG15IG1pbmQgZm9yIGEgd2hpbGUuIEnigJlsbCBsZXQgaXQgc2xpZGUgdGhpcyB0aW1lLCBzbyBnZXQgb3V0IG9mIG15IHNpZ2h0IHJpZ2h0IG5vdy4=,,,,,SG9tZW06IEV1IGRldmlhIGVzdGFyIGZvcmEgZGUgbWltLiBWb3UgZGVpeGFyIHBhc3NhciBkZXN0YSB2ZXosIGVudMOjbyBzdW1hIGrDoSBkYSBtaW5oYSBmcmVudGUu,,SG9tYnJlOiBGdWkgeW8gcXVpZW4gcGVyZGnDsyBsYSBjYWJlemEgdW4gbW9tZW50by4gRXN0YSB2ZXogdGUgZGVqYXLDqSBwYXNhciwgYXPDrSBxdWUgZGVzYXBhcmVjZSBhaG9yYSBtaXNtbyBkZSBtaSB2aXN0YS4=
CIUEDQ,,Q2hpbGQ6IEFhaCE=,,,,,Q3JpYW7Dp2E6IEFhYWgh,,TmnDsW86IMKhQWFhaCE=
CYUEDQ,,TWFuOiBDYW7igJl0IHlvdSBrZWVwIHF1aWV0PyBXaHkgYXJlIHlvdSBzY3JlYW1pbmcgYW5kIG1ha2luZyBzdWNoIGEgc2NlbmUgaW4gdGhlIG5laWdoYm9yaG9vZD8h,,,,,SG9tZW06IE7Do28gcG9kZSBmaWNhciBxdWlldG8/IFZhaSBmaWNhciBiZXJyYW5kbyBlIGZhemVuZG8gZXNjw6JuZGFsbyBubyBiYWlycm8/IQ==,,SG9tYnJlOiDCv05vIHB1ZWRlcyBjYWxsYXJ0ZT8gwr9Qb3IgcXXDqSBtb250YXMgZXN0ZSBlc2PDoW5kYWxvIGdyaXRhbmRvIHkgYXJtYW5kbyBqYWxlbyBlbiBlbCBiYXJyaW8/
CoUEDQ,,Q2hpbGQ6IEkgZGlkbuKAmXQgZG8gaXQuIEnigJl2ZSBuZXZlciBldmVuIHNlZW4gdGhlIGN1c3RvbWVy4oCZcyB3YWxsZXQu,,,,,Q3JpYW7Dp2E6IEV1IG7Do28gZml6IGlzc28uIE51bmNhIG5lbSB2aSBhIGNhcnRlaXJhIGRvIGNsaWVudGUu,,TmnDsW86IFlvIG5vIGxvIGhpY2UuIE51bmNhIGhlIHZpc3RvIGxhIGNhcnRlcmEgZGVsIGNsaWVudGUu
C4UEDQ,,TWFuOiBZLSBZb3UuLg==,,,,,SG9tZW06IFNldS4uIA==,,SG9tYnJlOiBFcy4uLiBlcy4uLg==
DIUEDQ,,TWFuOiBJbnN0ZWFkIG9mIGJlZ2dpbmcgcHJvcGVybHksIHdoZXJlIGRvZXMgdGhpcyBicmF0IGdldCBvZmYgdGFsa2luZyBiYWNrIGxpa2UgdGhhdD8=,,,,,SG9tZW06IFNldSBwaXJyYWxobywgZW0gdmV6IGRlIGltcGxvcmFyIGRlIGpvZWxob3MsIGNvbW8gb3VzYSBmaWNhciBtZSByZXNwb25kZW5kbz8=,,SG9tYnJlOiDCv0VzdGUgbW9jb3NvIG5vIHNhYmUgbmkgc3VwbGljYXIgY29tbyBlcyBkZWJpZG8geSBlbmNpbWEgbWUgY29udGVzdGE/
DYUEDQ,,TWFuOiBJIHdhcyBzaG93aW5nIHlvdSBvbmUgbGFzdCBiaXQgb2Yga2luZG5lc3MgYW5kIHRyeWluZyB0byBsZXQgaXQgZ28sIGFuZCBub3cgeW914oCZcmUgZXZlbiBseWluZz8=,,,,,SG9tZW06IEV1IGVzdGF2YSB0ZW50YW5kbyBzZXIgZ2VuZXJvc28gZSBkZWl4YXIgaXNzbyBwYXNzYXIgbnVtYSBib2EsIGUgYWdvcmEgdm9jw6ogYWluZGEgbWVudGU/,,SG9tYnJlOiDCoUVzdGFiYSBkaXNwdWVzdG8gYSBzZXIgbWFnbsOhbmltbyB5IGRlamFybG8gcGFzYXIsIHkgYWhvcmEgaGFzdGEgbWUgbWllbnRlcz8=
DoUEDQ,,TWFuOiBJIGRvbuKAmXQgbmVlZCBhIGNoZWVreSBicmF0IGxpa2UgeW91ISBZb3XigJlyZSBmaXJlZCBvbiB0aGUgc3BvdCE=,,,,,SG9tZW06IE7Do28gcHJlY2lzbyBkZSB1bSBwaXJyYWxobyBpbnNvbGVudGUgY29tbyB2b2PDqiEgRXN0w6EgZGVtaXRpZG8h,,SG9tYnJlOiDCoU5vIG5lY2VzaXRvIGEgdW4gbW9jb3NvIGluc29sZW50ZSBjb21vIHTDuiEgwqFFc3TDoXMgZGVzcGVkaWRvLCBhaG9yYSBtaXNtbyE=
D4UEDQ,,Q2hpbGQ6IEJvc3MsIEnigJltIHNvcnJ5Lg==,,,,,Q3JpYW7Dp2E6IFNlbmhvciwgZXUgZXJyZWku,,TmnDsW86IEplZmUsIGxvIHNpZW50by4=
EIUEDQ,,Q2hpbGQ6IFBsZWFzZSwganVzdCBkb27igJl0IGZpcmUgbWUuLiBJIG5lZWQgdG8gZWFybiBtb25leSBmb3IgbXkgZmF0aGVy4oCZcyBtZWRpY2luZS4=,,,,,Q3JpYW7Dp2E6IFBvciBmYXZvciwgbsOjbyBtZSBkZW1pdGEuLi4gcHJlY2lzbyBnYW5oYXIgbyBkaW5oZWlybyBkbyByZW3DqWRpbyBkbyBtZXUgcGFpLg==,,TmnDsW86IFBvciBmYXZvciwgbm8gbWUgZGVzcGlkYS4uLiB0ZW5nbyBxdWUgZ2FuYXIgZGluZXJvIHBhcmEgbGFzIG1lZGljaW5hcyBkZSBtaSBwYWRyZS4=
EYUEDQ,,TWFuOiBUY2ghIFdoYXQ/IE1lZGljaW5lIG1vbmV5Pw==,,,,,SG9tZW06IFRzYyEgTyBxdcOqPyBSZW3DqWRpbz8=,,SG9tYnJlOiDCoVBhaCEgwr9RdcOpPyDCv01lZGljaW5hcz8=
EoUEDQ,,TWFuOiBUaGF04oCZcyB5b3VyIHByb2JsZW0uIFdoeSBzaG91bGQgSSB0YWtlIHlvdXIgY2lyY3Vtc3RhbmNlcyBpbnRvIGFjY291bnQ/,,,,,SG9tZW06IElzc28gw6kgcHJvYmxlbWEgc2V1LiBQb3IgcXVlIGV1IHRlcmlhIHF1ZSBtZSBpbXBvcnRhciBjb20gZXNzZSB0aXBvIGRlIGNvaXNhPw==,,SG9tYnJlOiBFc2UgZXMgdHUgcHJvYmxlbWEuIMK/WSB5byB0ZW5nbyBxdWUgcHJlb2N1cGFybWUgdGFtYmnDqW4gcG9yIGVzbz8=
E4UEDQ,,Q2hpbGQ6IFRoZW4gYXQgbGVhc3QgdGhlIHdhZ2VzIEkgZWFybmVkIHNvIGZhci4u,,,,,Q3JpYW7Dp2E6IFNlbmhvciwgZW50w6NvIHBlbG8gbWVub3MgbWUgcGFndWUgcGVsbyB0cmFiYWxobyBkZSBhdMOpIGFnb3JhLi4u,,TmnDsW86IEplZmUsIGVudG9uY2VzIGFsIG1lbm9zIGRlbWUgZWwgZGluZXJvIHF1ZSBoZSBnYW5hZG8gaGFzdGEgYWhvcmEuLi4=
FIUEDQ,,TWFuOiBXaGF0PyBXYWdlcz8=,,,,,SG9tZW06IE8gcXXDqj8gRGluaGVpcm8gcGVsbyB0cmFiYWxobz8=,,SG9tYnJlOiDCv1F1w6k/IMK/RWwgZGluZXJvIHF1ZSBoYXMgZ2FuYWRvPw==
FYUEDQ,,TWFuOiBIYWgsIGhhdmUgSSBsaXZlZCB0b28gbG9uZz8gSeKAmW0gaGVhcmluZyBhbGwga2luZHMgb2Ygbm9uc2Vuc2UuIFlvdSBnb3QgY2F1Z2h0IHN0ZWFsaW5nLCBhbmQgbm93IHlvdSBzaGFtZWxlc3NseSB3YW50IG1vbmV5Pw==,,,,,SG9tZW06IEhlaW4sIHNlcsOhIHF1ZSBqw6Egdml2aSBkZW1haXM/IE91w6dvIGNhZGEgYWJzdXJkby4uLiB2b2PDqiBmb2kgcGVnbyByb3ViYW5kbyBlIGFpbmRhIHF1ZXIgbWUgcGVkaXIgZGluaGVpcm8gbmEgbWFpb3IgY2FyYSBkZSBwYXU/,,SG9tYnJlOiBKYSwgZGVibyBkZSBoYWJlciB2aXZpZG8gZGVtYXNpYWRvIHBhcmEgb8OtciBzZW1lamFudGVzIHRvbnRlcsOtYXMuIMK/VGUgcGlsbGFuIHJvYmFuZG8geSBlbmNpbWEgdGllbmVzIGxhIGNhcmEgZGUgcGVkaXJtZSBkaW5lcm8/
FoUEDQ,,TWFuOiBJIHNob3VsZCBiZSBkZW1hbmRpbmcgY29tcGVuc2F0aW9uIGZvciB0aGUgc3RvbGVuIHdhbGxldCwgYW5kIHlvdeKAmXJlIGFza2luZyBmb3IgbW9uZXk/IFdoYXQgYSBqb2tlLg==,,,,,SG9tZW06IEV1IMOpIHF1ZSBkZXZpYSBleGlnaXIgY29tcGVuc2HDp8OjbyBwZWxhIGNhcnRlaXJhIHJvdWJhZGEsIGUgdm9jw6ogdmVtIGZhbGFyIGVtIGRpbmhlaXJvPyBTw7MgcG9kZSBlc3RhciBicmluY2FuZG8u,,SG9tYnJlOiBQb2NvIG1lIGZhbHRhcsOtYSBwYXJhIHJlY2xhbWFydGUgdW5hIGluZGVtbml6YWNpw7NuIHBvciBsYSBjYXJ0ZXJhIHJvYmFkYSB5IHTDuiwgwr9xdcOpPyDCv0RpbmVybz8gUXXDqSByaWRpY3VsZXou
F4UEDQ,,TWFuOiBEYW1uIGl0ISBJIHNhaWQgeW914oCZcmUgbm9pc3kh,,,,,SG9tZW06IERyb2dhISBKw6EgZmFsZWkgcGFyYSBwYXJhciBjb20gZXNzZSBiYXJ1bGhvIQ==,,SG9tYnJlOiDCoUpvZGVyISDCoVF1w6kgZXNjw6FuZGFsbyE=
GIUEDQ,,TWFuOiBCcmF0LCBpZiBJIGNhdGNoIHlvdSBoYW5naW5nIGFyb3VuZCBoZXJlIGFnYWluLCB5b3XigJlkIGJldHRlciBiZSByZWFkeS4=,,,,,SG9tZW06IFBpcnJhbGhvLCBzZSBldSB0ZSB2aXIgcm9uZGFuZG8gcG9yIGFxdWkgZGUgbm92bywgw6kgbWVsaG9yIHNlIHByZXBhcmFyLg==,,SG9tYnJlOiBNb2Nvc28sIGNvbW8gdnVlbHZhIGEgdmVydGUgbWVyb2RlYW5kbyBwb3IgYXF1w60sIG3DoXMgdGUgdmFsZSBwcmVwYXJhcnRlLg==
GYUEDQ,,TWFuOiBUY2gsIHdoYXQgcm90dGVuIGx1Y2su,,,,,SG9tZW06IEFmZiwgcXVlIGF6YXIgZG9zIGluZmVybm9zLg==,,SG9tYnJlOiBCYWgsIHF1w6kgbWFsYSBzdWVydGUgdGVuZ28u
GoUEDQ,,R3JlZWR5IE1hbg==,,,,,SG9tZW0gZ2FuYW5jaW9zbw==,,SG9tYnJlIGNvZGljaW9zbw==
G4UEDQ,,Q293ZWQgQ2hpbGQ=,,,,,Q3JpYW7Dp2EgbWFsdHJhdGFkYQ==,,TmnDsW8gbWFsdHJhdGFkbw==
HIUEDQ,,XjRENERGRiEtV2FybmluZy0hXjAwMDAwMApeNEQ0REZGWW91IGRvIG5vdCBoYXZlIGVub3VnaCBpbnZlbnRvcnkgc3BhY2UsIG9yIHlvdSBhcmUgY2FycnlpbmcgYSBzdGFjayBvZiB0aGUgc2FtZSBpdGVtIGNsb3NlIHRvIGl0cyBsaW1pdC5eMDAwMDAwCl40RDRERkZQbGVhc2Ugb3JnYW5pemUgeW91ciBpdGVtcyB1c2luZyBLYWZyYSBvciBab25kYSdzIHN0b3JhZ2Ugc2VydmljZS5eMDAwMDAw,,,,,XjRENERGRiEtQXRlbsOnw6NvLSFeMDAwMDAwCl40RDRERkZOw6NvIGjDoSBlc3Bhw6dvIHN1ZmljaWVudGUgbm8gaW52ZW50w6FyaW8gb3Ugdm9jw6ogZXN0w6EgY2FycmVnYW5kbyB1bSBpdGVtIHByw7N4aW1vIGRhIHF1YW50aWRhZGUgbcOheGltYSBwYXJhIGVzdGUgaXRlbS5eMDAwMDAwCl40RDRERkZQb3IgZmF2b3IsIG9yZ2FuaXplIHR1ZG8gdXNhbmRvIG8gc2VydmnDp28gZGUgYXJtYXrDqW0gZGEgS2FmcmEgb3UgZGEgWm9uZGEuXjAwMDAwMA==,,XjRENERGRsKhLUF0ZW5jacOzbi0hXjAwMDAwMApeNEQ0REZGTm8gdGllbmUgZXNwYWNpbyBsaWJyZSBlbiBlbCBpbnZlbnRhcmlvIG8gbGxldmEgdW5hIGNhbnRpZGFkIGRlIG9iamV0b3MgaWTDqW50aWNvcyBjZXJjYW5hIGFsIGzDrW1pdGUuXjAwMDAwMApeNEQ0REZGT3Jkw6luZWxvIHV0aWxpemFuZG8gZWwgc2VydmljaW8gZGUgYWxtYWPDqW4gZGUgS2FmcmEgbyBab25kYS5eMDAwMDAw
HYUEDQ,,TWHigJlhbQ==,,,,,U2VuaG9yYQ==,,U2XDsW9yYQ==
HoUEDQ,,TWHigJlhbQ==,,,,,U2VuaG9yaXRh,,U2XDsW9yYQ==
H4UEDQ,,U2ly,,,,,U2VuaG9y,,U2XDsW9y
IIUEDQ,,U2ly,,,,,U2VuaG9y,,U2XDsW9y
IYUEDQ,,W0NoaWxkXQpUY2guLiBqdXN0IG15IGx1Y2suIE5hdGl2ZXMgcmVhbGx5IGFyZSB0aGUgZWFzaWVzdCB0YXJnZXRzLg==,,,,,W0NyaWFuw6dhXQpBZmYuLi4gcXVlIGF6YXIsIG1lc21vLiBObyBmaW0sIG5hdGl2byDDqSBzZW1wcmUgbyBhbHZvIGbDoWNpbC4=,,W05pw7FvXQpCYWguLi4gcXXDqSBtYWxhIHN1ZXJ0ZSwgdG90YWwsIHVuIG5hdGl2byBzaWVtcHJlIGVzIGxhIHByZXNhIGbDoWNpbC4=
IoUEDQ,,W0NoaWxkXQpBaC4uIGhlIHBhaWQgcHJldHR5IGZyZWVseSwgYnV0IHNpbmNlIGhlIGRpZG7igJl0IGZpcmUgcGVvcGxlIGZyZWVseSwgSSBhY3R1YWxseSBsaWtlZCB0aGF0IHBhcnQuIFRob3VnaHQgaXQgd291bGQgbGFzdCBsb25nZXIu,,,,,W0NyaWFuw6dhXQpBaC4uLiBlbGUgYXTDqSBwYWdhdmEgY29tIGNlcnRhIGxpYmVyZGFkZSwgbWFzIGNvbW8gdGFtYsOpbSBkZW1pdGlhIGNvbSBhIG1lc21hIGxpYmVyZGFkZSwgYWNoZWkgcXVlIGF0w6kgZHVyb3UgYmFzdGFudGUu,,W05pw7FvXQpBaC4uLiBidWVubywgc29sdGFiYSBlbCBkaW5lcm8gY29uIGJhc3RhbnRlIGxpYmVyYWxpZGFkLCBwZXJvIGNvbW8gbm8gZGVzcGVkw61hIGNvbiBsYSBtaXNtYSBsaWJlcmFsaWRhZCwgbGEgdmVyZGFkIGVzIHF1ZSBtZSBndXN0YWJhIGJhc3RhbnRlLiBQZW5zw6kgcXVlIGR1cmFyw61hLg==
I4UEDQ,,QXJlIHlvdSBva2F5Pw==,,,,,Vm9jw6ogZXN0w6EgYmVtPw==,,wr9Fc3TDoXMgYmllbj8=
JIUEDQ,,W0NoaWxkXQp7MH0gV2hhdD8=,,,,,W0NyaWFuw6dhXQp7MH0gTyBxdcOqPw==,,W05pw7FvXQp7MH0gwr9RdcOpIHBhc2E/
JYUEDQ,,W0NoaWxkXQp7MH0gWW91IGxvb2sgbGlrZSBhbiBvdXRzaWRlciwgc28gaWYgdGhpcyBpcyBzb21lIGNsdW1zeSBwaXR5LCBmb3JnZXQgaXQuIFRoaXMga2luZCBvZiB0cmVhdG1lbnQgaXMgY29tbW9uIGZvciBuYXRpdmVzLg==,,,,,W0NyaWFuw6dhXQp7MH0gUGFyZWNlIHNlciBmb3Jhc3RlaXJvLCBtYXMgc2UgZm9yIHPDsyBwZW5hIG1hbCBlbnNhaWFkYSwgcG9kZSBwYXJhci4gRXNzZSB0aXBvIGRlIHRyYXRhbWVudG8gw6kgY29tdW0gcGFyYSBvcyBuYXRpdm9zLg==,,W05pw7FvXQp7MH0gUGFyZWNlcyBmb3Jhc3Rlcm8sIGFzw60gcXVlIHNpIHZpZW5lcyBjb24gY29tcGFzacOzbiBiYXJhdGEsIG1lam9yIGTDqWphbG8uIFBhcmEgbG9zIG5hdGl2b3MsIGVzdGUgdGlwbyBkZSB0cmF0byBlcyBkZSBsbyBtw6FzIG5vcm1hbC4=
JoUEDQ,,W0NoaWxkXQpUaGVuIHswfSwganVzdCBrZWVwIGdvaW5nIG9uIHlvdXIgd2F5LiBJdCB3YXNu4oCZdCBuaWNlIG1lZXRpbmcgeW91LCBhbmQgbGV04oCZcyBub3QgbWVldCBhZ2FpbiBlaXRoZXJ+,,,,,W0NyaWFuw6dhXQpFbnTDo28gezB9LCBzaWdhIHNldSBjYW1pbmhvLiBOw6NvIGZvaSBwcmF6ZXIgdGUgY29uaGVjZXIsIGUgZXNwZXJvIHRhbWLDqW0gbsOjbyB0ZSB2ZXIgZGUgbm92b34=,,W05pw7FvXQpBc8OtIHF1ZSB7MH0sIHNpZ3VlIHR1IGNhbWluby4gTm8gZXMgcXVlIG1lIGFsZWdyZSBkZSBoYWJlcnRlIGNvbm9jaWRvLCBhc8OtIHF1ZSBtZWpvciBxdWUgbm8gdm9sdmFtb3MgYSB2ZXJub3N+
J4UEDQ,,W0NoaWxkXQpIYS4uIHRob3VnaHQgSSBnb3QgY2F1Z2h0Lg==,,,,,W0NyaWFuw6dhXQpIYS4uLiBhY2hlaSBxdWUgdGluaGFtIG1lIHBlZ28u,,W05pw7FvXQpVZi4uLiBjcmXDrSBxdWUgbWUgaGFiw61hbiBwaWxsYWRvLg==
KIUEDQ,,W0NoaWxkXQpUaGUgYm9zcyBpcyBkdW1iIHRvby4gV2hhdCBJIHN0b2xlIHdhc27igJl0IHRoZSBjdXN0b21lcuKAmXMgd2FsbGV0Lg==,,,,,W0NyaWFuw6dhXQpPIHBhdHLDo28gdGFtYsOpbSDDqSBidXJybywgcG9ycXVlIG8gcXVlIGV1IHJvdWJlaSBuw6NvIGZvaSBhIGNhcnRlaXJhIGRvIGNsaWVudGUu,,W05pw7FvXQpZIGVsIGplZmUgdGFtYmnDqW4gZXMgdG9udG87IGxvIHF1ZSByb2LDqSBubyBmdWUgbGEgY2FydGVyYSBkZWwgY2xpZW50ZS4=
KYUEDQ,,W0NoaWxkXQpBaCEgQnV0IHRoZW4gd2hvIHN0b2xlIHRoZSBjdXN0b21lcuKAmXMgd2FsbGV0PyBJZiBJ4oCZZCBzdG9sZW4gdGhhdCB0b28sIEnigJlkIGZlZWwgbGVzcyB3cm9uZ2VkLg==,,,,,W0NyaWFuw6dhXQpBaCEgTWFzIGVudMOjbyBxdWVtIGZvaSBxdWUgcm91Ym91IGEgY2FydGVpcmEgZG8gY2xpZW50ZT8gU2UgcGVsbyBtZW5vcyB0aXZlc3NlIHNpZG8gZXUsIHNlcmlhIG1lbm9zIGluanVzdG8u,,W05pw7FvXQrCoUFoISBQZXJvIGVudG9uY2VzLCDCv3F1acOpbiByb2LDsyBsYSBjYXJ0ZXJhIGRlbCBjbGllbnRlPyBDYXNpIG1lIGZhc3RpZGlhIG3DoXMgbm8gaGFiZXJsYSByb2JhZG8geW8u
KoUEDQ,,W0NoaWxkXQpMZXTigJlzIHNlZX4gaG93IG11Y2ggaXMgaW4gaGVyZS4=,,,,,W0NyaWFuw6dhXQpWYW1vcyB2ZXJ+IHF1YW50byB0ZW0gYXF1aS4=,,W05pw7FvXQpBIHZlcn4gY3XDoW50byBoYWJyw6EgZGVudHJvLg==
K4UEDQ,,W0NoaWxkXQpPbmUuIFR3by4uIHRocmVlLCByYWNjb29uLCBzcXVpZCwgc3F1aWQgYW5kIGZyb2cgc291cCwgc25ha2UsIGNyb3NzIHNjcmV3ZHJpdmVy,,,,,W0NyaWFuw6dhXQpVbS4gRG9pcy4uIHRyw6pzLCBndWF4aW5pbSwgbHVsYSwgc29wYSBkZSBsdWxhIGUgc2FwbywgY29icmEsIGNoYXZlIGRlIGZlbmRhLi4u,,W05pw7FvXQpVbm8uIERvcy4uLiB0cmVzIGFsIGN1YXJ0bywgbWFwYWNoZSwgY2FsYW1hciwgc29wYSBkZSB0aW50YSBkZSBjYWxhbWFyIGNvbiBodWV2b3MgZGUgcmFuYSwgc2VycGllbnRlIGRlbCBudWV2ZSwgZGVzdG9ybmlsbGFkb3IuLi4=
LIUEDQ,,W0NoaWxkXQpPaCB3b3csIG5vdCBiYWQuIE5vdCBiYWQgYXQgYWxsLg==,,,,,W0NyaWFuw6dhXQpPbGhhIHPDsywgbmFkYSBtYWwuIE5hZGEgbWFsIG1lc21vLg==,,W05pw7FvXQpWYXlhLCBlc3RvIHPDrSBxdWUgZXN0w6EganVnb3NvLiBCaWVuIGp1Z29zby4=
LYUEDQ,,W0NoaWxkXQpIYWhhPyB7MH0uLiB5b3XigJlyZSBzdGlsbCBoZXJlPyBZb3Ugc2F3IG1lIGNvdW50aW5nIHRoZSBtb25leSwgZGlkbuKAmXQgeW91PyBHb2luZyB0byByYXQgbWUgb3V0IHRvIHRoZSBib3NzPw==,,,,,W0NyaWFuw6dhXQpIYT8gezB9Li4gYWluZGEgbsOjbyBmb2kgZW1ib3JhPyBWaXUgZXUgY29udGFuZG8gbyBkaW5oZWlybywgbsOjbyB2aXU/IFZhaSBjb250YXIgcGFyYSBvIHBhdHLDo28/,,W05pw7FvXQrCv0phLCBqYT8gezB9Li4uIMK/YcO6biBubyB0ZSBoYXMgaWRvPyBMbyBoYXMgdmlzdG8gdG9kbyBtaWVudHJhcyBjb250YWJhIGVsIGRpbmVybywgwr92ZXJkYWQ/IMK/VmFzIGEgaXIgYSBjaGl2YXJ0ZSBhbCBqZWZlPw==
LoUEDQ,,SG93IGFib3V0IHJldHVybmluZyBpdD8gSSB3b27igJl0IHRlbGwu,,,,,TsOjbyB2b3UgY29udGFyLCBlbnTDo28gcXVlIHRhbCBkZXZvbHZlcj8=,,Tm8gc2UgbG8gZGlyw6ksIMK/cG9yIHF1w6kgbm8gbG8gZGV2dWVsdmVzPw==
L4UEDQ,,W0NoaWxkXQpIYS4uIHswfSEgVGhlcmUgeW91IGdvIGFnYWluLCB0YWxraW5nIGxpa2Ugc3VjaCBhIG5pY2UgcGVyc29uLiBEaWRu4oCZdCB5b3Ugc2VlIHdoYXQgaGFwcGVuZWQgZWFybGllcj8=,,,,,W0NyaWFuw6dhXQpIYS4uIHZvY8OqIGRlIG5vdm8sIHswfSEgQWluZGEgZmFsYW5kbyBjb21vIHNlIG8gbXVuZG8gZm9zc2UgYm9tLCBuw6k/IE7Do28gdml1IG8gcXVlIGFjb250ZWNldSBhbnRlcz8=,,W05pw7FvXQpKYS4uLiDCoXswfSEgT3RyYSB2ZXogaGFibGFuZG8gY29tbyBzaSBmdWVyYXMgdGFuIGJ1ZW5hIHBlcnNvbmEsIMK/bm8gaGFzIHZpc3RvIGxvIHF1ZSBoYSBwYXNhZG8gYW50ZXM/
MIUEDQ,,W0NoaWxkXQpJ4oCZbSB0ZWxsaW5nIHlvdSwgSSBkaWRu4oCZdCBldmVuIGdldCBwcm9wZXJseSBwYWlkIGZvciBtb250aHMgb2YgYmFja2JyZWFraW5nIHdvcms/,,,,,W0NyaWFuw6dhXQpGaXF1ZWkgbWVzZXMgcXVlYnJhbmRvIGFzIGNvc3RhcyBkZSB0YW50byB0cmFiYWxoYXIgZSBuZW0gcmVjZWJpIGRpcmVpdG8gbWV1IHNhbMOhcmlvLg==,,W05pw7FvXQrCoU5pIHNpcXVpZXJhIG1lIHBhZ2Fyb24gYmllbiBlbCBzdWVsZG8gcG9yIG1lc2VzIGRlIHRyYWJham8gZGVqw6FuZG9tZSBsYSB2aWRhIQ==
MYUEDQ,,W0NoaWxkXQpBdCB0aGUgdmVyeSBsZWFzdCwgdGFraW5nIHRoZSBib3Nz4oCZcyB3YWxsZXQgc2hvdWxkIGNvdmVyIG15IHVucGFpZCB3YWdlcyBhbmQgYSBsaXR0bGUgY29uc29sYXRpb24gZmVlLg==,,,,,W0NyaWFuw6dhXQpObyBtw61uaW1vLCBldSB0aW5oYSBxdWUgcGVnYXIgYW8gbWVub3MgYSBjYXJ0ZWlyYSBkbyBwYXRyw6NvIHBhcmEgY29icmlyIG8gc2Fsw6FyaW8gYXRyYXNhZG8gZSBjb21wZW5zYXIgbyBwcmVqdcOtem8u,,W05pw7FvXQpDb21vIG3DrW5pbW8gdGVuZHLDrWEgcXVlIHF1ZWRhcm1lIGNvbiBsYSBjYXJ0ZXJhIGRlbCBqZWZlIHBhcmEgY29tcGVuc2FyIGVsIHN1ZWxkbyBhdHJhc2FkbyB5IHVuYSBwZXF1ZcOxYSBpbmRlbW5pemFjacOzbiBwb3IgY29uc3VlbG8u
MoUEDQ,,W0NoaWxkXQpBaCwgd2hhdGV2ZXIhIEdvIGFoZWFkIGFuZCByYXQgbWUgb3V0IGlmIHlvdSB3YW50LiBGYXRoZXLigJlzIGdvdHRlbiB3ZWxsIGVub3VnaCB0byBtb3ZlIGFyb3VuZCBvbiBoaXMgb3duIG5vdyBhbnl3YXku,,,,,W0NyaWFuw6dhXQpBaCwgdGFudG8gZmF6ISBTZSBxdWlzZXIgY29udGFyLCBlbnTDo28gY29udGUuIE1ldSBwYWkgasOhIG1lbGhvcm91IGJhc3RhbnRlIGUgY29uc2VndWUgc2UgdmlyYXIgc296aW5oby4=,,W05pw7FvXQpBaCwgwqFxdcOpIG3DoXMgZGEhIFNpIHF1aWVyZXMgY2hpdmFydGUsIGNow612YXRlLiBNaSBwYWRyZSB5YSBlc3TDoSBiYXN0YW50ZSBtZWpvciB5IGFsIG1lbm9zIHB1ZWRlIG1vdmVyc2Ugc29sby4=
M4UEDQ,,W0NoaWxkXQpBbmQgSeKAmXZlIHByZXR0eSBtdWNoIHNhdmVkIHVwIGVub3VnaCBzdGFydHVwIG1vbmV5LCBzbyBJIHdhcyB0aGlua2luZyBvZiBsZWF2aW5nIHNvb24u,,,,,W0NyaWFuw6dhXQpFIGV1IGrDoSBqdW50ZWkgbWFpcyBvdSBtZW5vcyB0b2RvIG8gY2FwaXRhbCBwYXJhIGNvbWXDp2FyIG1ldSBuZWfDs2NpbywgZW50w6NvIGrDoSBlc3RhdmEgcGVuc2FuZG8gZW0gY2FpciBmb3JhLg==,,W05pw7FvXQpBZGVtw6FzLCB5YSBoZSByZXVuaWRvIG3DoXMgbyBtZW5vcyB0b2RvIGVsIGNhcGl0YWwgcGFyYSBlbCBuZWdvY2lvLCBhc8OtIHF1ZSBqdXN0byBlc3RhYmEgcGVuc2FuZG8gZW4gbGFyZ2FybWUgcHJvbnRvLg==
NIUEDQ,,V2hhdCBraW5kIG9mIGJ1c2luZXNzPyBJdOKAmXMgbm90IGlsbGVnYWwsIGlzIGl0Pw==,,,,,UXVlIHRpcG8gZGUgbmVnw7NjaW8/IE7Do28gw6kgbmFkYSBpbGVnYWwsIG7DqT8=,,wr9RdcOpIG5lZ29jaW8/IE5vIHNlcsOhIGFsZ28gaWxlZ2FsLCDCv25vPw==
NYUEDQ,,W0NoaWxkXQpIZWguLiB7MH0hIFlvdeKAmXJlIHF1aXRlIHNvbWV0aGluZywgezB9Lg==,,,,,W0NyaWFuw6dhXQpIZWhlLi4gdm9jw6osIHswfSEgVmFpIGFjYWJhciBjYXVzYW5kbyBwcm9ibGVtYS4=,,W05pw7FvXQpKZSwgamUuLi4gwqF7MH0hIFZheWEgZWxlbWVudG8gcGVsaWdyb3NvIGVzdMOhcyBoZWNoby4=
NoUEDQ,,W0NoaWxkXQpXaGF0LCB0cnlpbmcgdG8gc25hdGNoIHNvbWVvbmUgZWxzZeKAmXMgYnVzaW5lc3MgaWRlYSBmb3IgZnJlZT8=,,,,,W0NyaWFuw6dhXQpUZW50YW5kbyByb3ViYXIgYSBpZGVpYSBkb3Mgb3V0cm9zIGNvbW8gc2UgbsOjbyBmb3NzZSBuYWRhPw==,,W05pw7FvXQrCv0PDs21vIHF1ZSBwcmV0ZW5kZXMgdHJhZ2FydGUgYXPDrSwgcG9yIGxhIGNhcmEsIGxhIGlkZWEgZGUgbmVnb2NpbyBhamVuYT8=
N4UEDQ,,W0NoaWxkXQpXZWxsLCBpdOKAmXMgbW9yZSB0aGFuIEkgY2FuIGhhbmRsZSBhbG9uZSwgYW5kIHlvdSBkb27igJl0IHNlZW0gbGlrZSBhIGJhZCBhZHVsdCwgc28gSeKAmWxsIG1ha2UgYSBzcGVjaWFsIGV4Y2VwdGlvbiBhbmQgbGV0IHlvdSBpbi4=,,,,,W0NyaWFuw6dhXQpCb20sIHBhcmEgZXUgdG9jYXIgaXNzbyBzb3ppbmhvIHRhbWLDqW0gdmFpIHNlciBkaWbDrWNpbCwgZSB2b2PDqiBuw6NvIHBhcmVjZSBzZXIgdW0gYWR1bHRvIGRlIG1hdSBjYXLDoXRlciwgZW50w6NvIHZvdSBkZWl4YXIgcGFydGljaXBhciBjb21vIGV4Y2XDp8Ojby4=,,W05pw7FvXQpCdWVubywgZGUgdG9kb3MgbW9kb3MgYSBtw60gc29sbyBzZSBtZSBoYXLDrWEgY3Vlc3RhIGFycmliYSBoYWNlcmxvLCB5IG5vIHBhcmVjZXMgdW4gYWR1bHRvIGRlIG1hbGEgY2FsYcOxYSwgYXPDrSBxdWUgdGUgZGVqYXLDqSBlbnRyYXIgZXNwZWNpYWxtZW50ZS4=
OIUEDQ,,W0NoaWxkXQpJ4oCZbGwgZ2l2ZSB5b3UgYSBtYXAgdG8gdGhlIHBsYWNlIEkgcGlja2VkIG91dCBmb3IgbXkgYnVzaW5lc3MuIElmIHlvdeKAmXJlIHJlYWxseSBpbnRlcmVzdGVkLCBjb21lIGZpbmQgbWUu,,,,,W0NyaWFuw6dhXQpWb3UgdGUgZGFyIHVtIG1hcGEgZG8gbHVnYXIgcXVlIGVzY29saGkgcGFyYSBhYnJpciBtZXUgbmVnw7NjaW8uIFNlIHJlYWxtZW50ZSB0aXZlciBpbnRlcmVzc2UsIHZlbmhhIG1lIHByb2N1cmFyLg==,,W05pw7FvXQpUZSBkYXLDqSB1biBtYXBhIGRlbCBsdWdhciBxdWUgdGVuZ28gcGVuc2FkbyBwYXJhIG1pIG5lZ29jaW8uIFNpIGRlIHZlcmRhZCB0ZSBpbnRlcmVzYSBtaSBuZWdvY2lvLCB2ZW4gYSBidXNjYXJtZS4=
OYUEDQ,,W0NoaWxkXQpBaCEgQW5kIG15IG5hbWUgaXMgTWVqYWkuIFNlZSB5b3UgYWdhaW4u,,,,,W0NyaWFuw6dhXQpBaCEgRSBtZXUgbm9tZSDDqSBNZWphaS4gQXTDqSBhIHByw7N4aW1hLg==,,W05pw7FvXQrCoUFoISBZIG1pIG5vbWJyZSBlcyBNZWphaS4gWWEgbm9zIHZlcmVtb3Mu
OoUEDQ,,W0NoaWxkXQpNeSBuYW1lIGlzIE1lamFpLiBTZWUgeW91IGFnYWluLg==,,,,,W0NyaWFuw6dhXQpNZXUgbm9tZSDDqSBNZWphaS4gQXTDqSBhIHByw7N4aW1hLg==,,W05pw7FvXQpNaSBub21icmUgZXMgTWVqYWkuIFlhIG5vcyB2ZXJlbW9zLg==
O4UEDQ,,TWVqYWk=,,,,,TWVqYWk=,,TWVqYWk=
PIUEDQ,,W01lamFpXQpXZWxsLCB3ZWxsLCB0aGlzIHswfSBhY3R1YWxseSBjYW1lLiBJZiB5b3UgY2FtZSwgdGhhdCBtZWFucyB5b3XigJlyZSBpbnRlcmVzdGVkIGluIG15IGJ1c2luZXNzLCByaWdodD8=,,,,,W01lamFpXQpPcmEsIG9yYSwgdm9jw6ogcmVhbG1lbnRlIHZlaW8sIHswfS4gU2UgdmVpbywgZW50w6NvIHF1ZXIgZGl6ZXIgcXVlIHRlbSBpbnRlcmVzc2Ugbm8gbWV1IG5lZ8OzY2lvLCBjZXJ0bz8=,,W01lamFpXQpNYWRyZSBtw61hLCBkZSB2ZXJkYWQgaGFzIHZlbmlkbywgezB9LiBTaSBoYXMgdmVuaWRvLCBlc28gc2lnbmlmaWNhIHF1ZSB0ZSBpbnRlcmVzYSBtaSBuZWdvY2lvLCDCv25vPw==
PYUEDQ,,W01lamFpXQpIbW0uLiB3aGF0IHNob3VsZCBJIGRvLi4=,,,,,W01lamFpXQpIbW0uLiBvIHF1ZSBldSBmYcOnby4u,,W01lamFpXQpIbW0uLi4gcXXDqSBoYWdvLi4u
PoUEDQ,,W01lamFpXQpFaCwgaGlkaW5nIHRoaW5ncyBkb2VzbuKAmXQgc3VpdCBtZSBhbnl3YXksIHNvIEnigJlsbCBqdXN0IGJlIGhvbmVzdC4=,,,,,W01lamFpXQpBaCwgZXNjb25kZXIgaXNzbyB0YW1iw6ltIG7Do28gY29tYmluYSBjb21pZ28sIGVudMOjbyB2b3UgZmFsYXIgbG9nbyBhIHZlcmRhZGUu,,W01lamFpXQpCYWgsIG9jdWx0YXJsbyBubyB2YSBjb25taWdvLCBhc8OtIHF1ZSB0ZSBsbyBkaXLDqSBjb24gc2luY2VyaWRhZC4=
P4UEDQ,,W01lamFpXQpBIGZldyBwZW9wbGUgY2FtZSBzYXlpbmcgdGhleSB3YW50ZWQgdG8gaGVhciBteSBidXNpbmVzcyBwbGFuLCBidXQgZXZlcnkgc2luZ2xlIG9uZSBsZWZ0IGFzIHNvb24gYXMgdGhleSBoZWFyZCBpdC4=,,,,,W01lamFpXQpBbGd1bWFzIHBlc3NvYXMgdmllcmFtIG91dmlyIG1ldSBwbGFubyBkZSBuZWfDs2Npb3MsIG1hcyBhc3NpbSBxdWUgb3V2aWFtLCBpYW0gZW1ib3JhIG5hIGhvcmEu,,W01lamFpXQpIYW4gdmVuaWRvIHZhcmlhcyBwZXJzb25hcyBkaWNpZW5kbyBxdWUgcXVlcsOtYW4gZXNjdWNoYXIgbWkgcGxhbiBkZSBuZWdvY2lvLCBwZXJvIGVuIGN1YW50byBsbyBvw61hbiwgdG9kb3Mgc2UgbWFyY2hhYmFuLg==
QIUEDQ,,V2hhdCBvbiBlYXJ0aCBpcyBpdD8=,,,,,TyBxdWUgw6kgYWZpbmFsPw==,,wr9QZXJvIHF1w6kgZXM/
QYUEDQ,,SeKAmW0gbm90IGludGVyZXN0ZWQu,,,,,TsOjbyB0ZW5obyBpbnRlcmVzc2Uu,,Tm8gbWUgaW50ZXJlc2Eu
QoUEDQ,,W01lamFpXQpIbXBoIQp7MH0gVGhlbiB3aHkgY29tZSBhbGwgdGhpcyB3YXkgYW5kIHdhc3RlIHRpbWUgaWYgeW914oCZcmUgbm90IGludGVyZXN0ZWQ/,,,,,W01lamFpXQpBZmYhCnswfSBTZSBuw6NvIHRpbmhhIGludGVyZXNzZSwgcG9yIHF1ZSB2ZWlvIGFxdWkgcGVyZGVyIHRlbXBvPw==,,W01lamFpXQrCoUhtcGYhCnswfSDCv1kgcG9yIHF1w6kgaGFzIHZlbmlkbyBhIHBlcmRlciBlbCB0aWVtcG8gc2kgbmkgc2lxdWllcmEgdGUgaW50ZXJlc2E/
Q4UEDQ,,W01lamFpXQpIZWghIERvbuKAmXQgYmUgdG9vIHNob2NrZWQgd2hlbiB5b3UgaGVhciB0aGlzLiBJ4oCZbSBnb2luZyB0byBzZWxsIGZsb3dlcnMgaW4gdGhpcyBkZXNlcnQu,,,,,W01lamFpXQpIYWghIE7Do28gc2UgYXNzdXN0ZSBxdWFuZG8gb3V2aXI6IGV1IHZvdSB2ZW5kZXIgZmxvcmVzIG5lc3RlIGRlc2VydG8u,,W01lamFpXQrCoUphISBObyB0ZSBzb3JwcmVuZGFzIGFsIG/DrXJsbzogdm95IGEgdmVuZGVyIGZsb3JlcyBlbiBlc3RlIGRlc2llcnRvLg==
RIUEDQ,,W01lamFpXQpXaHk/IFdoYXQ/IFNlZT8gVGhpcyBpcyBleGFjdGx5IHdoeSBvdXRzaWRlcnMgd29u4oCZdCBkby4gRG8geW91IGtub3cgaG93IHJhcmUgZmxvd2VycyBhcmUgaW4gdGhlIGRlc2VydD8=,,,,,W01lamFpXQpQb3IgcXXDqj8gTyBxdcOqPyBFc3TDoSB2ZW5kbyBzw7MuIEZvcmFzdGVpcm9zIHPDo28gYXNzaW0gbWVzbW8uIFZvY8OqIHNhYmUgbyBxdcOjbyByYXJhcyBzw6NvIGZsb3JlcyBubyBkZXNlcnRvPw==,,W01lamFpXQrCv1BvciBxdcOpPyDCv1F1w6k/IE1pcmEgZXNvLiBQb3IgZXNvIGxvcyBmb3Jhc3Rlcm9zIG5vIHNpcnZlbi4gwr9TYWJlcyBsbyB2YWxpb3NhcyBxdWUgc29uIGxhcyBmbG9yZXMgZW4gZWwgZGVzaWVydG8/
RYUEDQ,,W01lamFpXQp7MH0gSGF2ZSB5b3Ugc2VlbiBhIGZsb3dlciBzaG9wIGluIFJhY2hlbD8=,,,,,W01lamFpXQp7MH0sIHZpdSBhbGd1bWEgZmxvcmljdWx0dXJhIGVtIFJhY2hlbD8=,,W01lamFpXQp7MH0sIMK/aGFzIHZpc3RvIHVuYSBmbG9yaXN0ZXLDrWEgZW4gUmFjaGVsPw==
RoUEDQ,,W01lamFpXQpXZWxsLCBzdXJlLCB5b3XigJl2ZSBwcm9iYWJseSBzZWVuIG9uZS4gSXTigJlzIG5vdCBsaWtlIHRoZXJlIGFyZSBubyBmbG93ZXIgc2hvcHMgaW4gUmFjaGVsLCByaWdodD8=,,,,,W01lamFpXQpCb20sIGNsYXJvIHF1ZSBkZXZlIHRlciB2aXN0by4gTsOjbyDDqSBjb21vIHNlIFJhY2hlbCBuw6NvIHRpdmVzc2UgZmxvcmljdWx0dXJhcywgbsOpPw==,,W01lamFpXQpCdWVubywgY2xhcm8sIHZlciBzw60gcXVlIGhhYnLDoXMgdmlzdG8gdW5hLCBwb3JxdWUgbm8gZXMgcXVlIGVuIFJhY2hlbCBubyBoYXlhIGZsb3Jpc3RlcsOtYXMu
R4UEDQ,,W01lamFpXQpUaGF0IGlzLCBpZiB5b3UgY2FuIGNhbGwgYSBzaG9wIHRoYXQgc2VsbHMgbm90aGluZyBidXQgYXJ0aWZpY2lhbCBmbG93ZXJzIGluc3RlYWQgb2YgbGl2aW5nIG9uZXMgYSBmbG93ZXIgc2hvcC4=,,,,,W01lamFpXQpRdWVyIGRpemVyLCBzZSB2b2PDqiBwdWRlciBjaGFtYXIgZGUgZmxvcmljdWx0dXJhIHVtIGx1Z2FyIHF1ZSBzw7MgdmVuZGUgZmxvcmVzIGFydGlmaWNpYWlzIGVtIHZleiBkZSBmbG9yZXMgdml2YXMu,,W01lamFpXQpBdW5xdWUgY2xhcm8sIGVzbyBzaSBzZSBwdWVkZSBsbGFtYXIgZmxvcmlzdGVyw61hIGEgdW5hIHRpZW5kYSBxdWUgc29sbyB2ZW5kZSBmbG9yZXMgYXJ0aWZpY2lhbGVzIHkgbmkgdW5hIHNvbGEgdml2YS4=
SIUEDQ,,W3swfV0KVGhlbiB3aGVyZSB3b3VsZCB5b3UgZ2V0IGZsb3dlcnM/,,,,,W3swfV0KTWFzIGVudMOjbywgb25kZSB2YWkgY29uc2VndWlyIGZsb3Jlcz8=,,W3swfV0KRW50b25jZXMsIMK/ZGUgZMOzbmRlIHBpZW5zYXMgc2FjYXIgbGFzIGZsb3Jlcz8=
SYUEDQ,,W01lamFpXQpFeGFjdGx5LCB0aGF04oCZcyB0aGUgcHJvYmxlbS4gezB9LCB5b3XigJlyZSBwcmV0dHkgc2hhcnAsIGh1aD8gSSBsaWtlIHRoYXQu,,,,,W01lamFpXQpJc3NvLCBlc3NlIMOpIGV4YXRhbWVudGUgbyBwcm9ibGVtYS4gezB9LCB2b2PDqiDDqSBiZW0gcGVyc3BpY2F6LCBoZWluPyBHb3N0ZWku,,W01lamFpXQpTw60sIGp1c3RvIGVzZSBlcyBlbCBwcm9ibGVtYS4gezB9LCBlcmVzIGJhc3RhbnRlIGFndWRvLCDCv2VoPyBNZSBndXN0YXMu
SoUEDQ,,W01lamFpXQpJdOKAmXMgbm90IGltcG9zc2libGUgdG8gZ2V0IGZyZXNoIGZsb3dlcnMgYXJvdW5kIGhlcmUuIEl04oCZcyByYXJlLCBidXQgdGhlcmUgaXMgYSB3YXku,,,,,W01lamFpXQpOw6NvIMOpIGltcG9zc8OtdmVsIGNvbnNlZ3VpciBmbG9yZXMgZnJlc2NhcyBwb3IgYXF1aS4gw4kgcmFybywgbWFzIGV4aXN0ZSB1bSBqZWl0by4=,,W01lamFpXQpObyBlcyBxdWUgc2VhIGltcG9zaWJsZSBjb25zZWd1aXIgZmxvcmVzIGZyZXNjYXMgcG9yIGFxdcOtLiBFcyByYXJvLCBwZXJvIGhheSB1bmEgbWFuZXJhLg==
S4UEDQ,,W01lamFpXQpEbyB5b3Uga25vdyBhYm91dCBIYWxmIEZsb3dlcj8gQW4gb3V0c2lkZXIgcHJvYmFibHkgd291bGRu4oCZdC4gTWF5YmUgb25seSB0aGUgbmF0aXZlcyBhcm91bmQgaGVyZSB3b3VsZC4=,,,,,W01lamFpXQpWb2PDqiBjb25oZWNlIGEgRmxvciBCaWNvbG9yPyBQcm92YXZlbG1lbnRlIHVtIGZvcmFzdGVpcm8gbsOjbyBjb25oZWNlLiBUYWx2ZXogc8OzIG9zIG5hdGl2b3Mgc2FpYmFtLg==,,W01lamFpXQrCv0Nvbm9jZXMgbGEgTWVkaWEgRmxvcj8gU2VndXJhbWVudGUgc2llbmRvIGZvcmFzdGVybyBubyBsYSBjb25vY2Vyw6FzLiBRdWl6w6Egc29sbyBsb3MgbmF0aXZvcyBkZSBhcXXDrSBsYSBzZXBhbi4=
TIUEDQ,,W01lamFpXQpJdOKAmXMgYSBiZWF1dGlmdWwsIG15c3RlcmlvdXMgZmxvd2VyIHRoYXQgYmxvb21zIG9ubHkgaW4gdGhlIEdyYXkgV29sZiBGb3Jlc3QsIGFuZCBJIGhlYXJkIG15IGZhdGhlciBwaWNrZWQgb25lIHRvIHByb3Bvc2UgdG8gbXkgbW90aGVyLg==,,,,,W01lamFpXQrDiSB1bWEgZmxvciBsaW5kYSBlIG1pc3Rlcmlvc2EgcXVlIHPDsyBmbG9yZXNjZSBuYSBGbG9yZXN0YSBkbyBMb2JvIENpbnplbnRvLiBEaXplbSBxdWUgbWV1IHBhaSBhIGNvbGhldSBwYXJhIHBlZGlyIG1pbmhhIG3Do2UgZW0gY2FzYW1lbnRvLg==,,W01lamFpXQpFcyB1bmEgZmxvciBoZXJtb3NhIHkgbWlzdGVyaW9zYSBxdWUgc29sbyBmbG9yZWNlIGVuIGVsIEJvc3F1ZSBkZWwgTG9ibyBHcmlzLCB5IGRpY2VuIHF1ZSBtaSBwYWRyZSBzZSBsYSBhcnJhbmPDsyBwYXJhIHBlZGlybGUgbWF0cmltb25pbyBhIG1pIG1hZHJlLg==
TYUEDQ,,W01lamFpXQpBbmQgYWZ0ZXIgbXkgbW90aGVyIHBhc3NlZCBhd2F5LCB3aGVuZXZlciBteSBmYXRoZXIgZ290IGRydW5rLCBoZSB3b3VsZCBleHBsYWluIHRvIG1lIGhvdyB0byBnYXRoZXIgSGFsZiBGbG93ZXIu,,,,,W01lamFpXQpFIGRlcG9pcyBxdWUgbWluaGEgbcOjZSBtb3JyZXUsIHNlbXByZSBxdWUgYmViaWEsIG1ldSBwYWkgbWUgZXhwbGljYXZhIGNvbW8gY29saGVyIGEgRmxvciBCaWNvbG9yLg==,,W01lamFpXQpZIGRlc2RlIHF1ZSBtaSBtYWRyZSBtdXJpw7MsIGNhZGEgdmV6IHF1ZSBtaSBwYWRyZSBiZWLDrWEgbWUgZXhwbGljYWJhIGPDs21vIHJlY29sZWN0YXIgbGEgTWVkaWEgRmxvci4=
ToUEDQ,,W01lamFpXQpJZiBIYWxmIEZsb3dlciBpcyBibG9vbWluZyB1bmRlciBhIHRyZWUsIHRoZW4gdGhpcy4uLiBpZiBpdOKAmXMgdW5kZXIgYSByb2NrLCB0aGVuIHRoYXQuLi4gaWYgaXTigJlzIGJlc2lkZSBncmFzcywgdGhlbiB0aGlzLi4u,,,,,W01lamFpXQpTZSBhIEZsb3IgQmljb2xvciBlc3RpdmVyIGRlYmFpeG8gZGUgdW1hIMOhcnZvcmUsIGlzc28uLi4gc2UgZXN0aXZlciBzb2IgdW1hIHBlZHJhLCBhcXVpbG8uLi4gc2UgZXN0aXZlciBhbyBsYWRvIGRhIGdyYW1hLCBhcXVpbG8gb3V0cm8uLi4=,,W01lamFpXQpRdWUgc2kgZWwgbHVnYXIgZG9uZGUgZmxvcmVjZSBsYSBNZWRpYSBGbG9yIGVzdMOhIGJham8gdW4gw6FyYm9sLCBlbnRvbmNlcyBlc3RvLi4uIHF1ZSBzaSBlc3TDoSBiYWpvIHVuYSBwaWVkcmEsIGVudG9uY2VzIGFxdWVsbG8uLi4gcXVlIHNpIGVzdMOhIGp1bnRvIGEgbGEgaGllcmJhLCBlbnRvbmNlcyBsbyBvdHJvLi4u
T4UEDQ,,W01lamFpXQpDb25zaWRlcmluZyB0aGUgaHVtaWRpdHkgYXJvdW5kIHRoZSBmbG93ZXIsIHlvdSBoYXZlIHRvIGN1dCBhdCBhbmdsZXMgb2YgMTAsIDIwLCBvciAzMCBkZWdyZWVzLi4=,,,,,W01lamFpXQpUZW0gcXVlIGNvbnNpZGVyYXIgYSB1bWlkYWRlIGFvIHJlZG9yIGRhIGZsb3IgZSBjb3J0YXIgZW0gMTAsIDIwIG91IDMwIGdyYXVzLi4u,,W01lamFpXQpRdWUgc2kgaGF5IHF1ZSB0ZW5lciBlbiBjdWVudGEgbGEgaHVtZWRhZCBhbHJlZGVkb3IgZGUgbGEgZmxvciBwYXJhIGNvcnRhciBhIDEwLCAyMCBvIDMwIGdyYWRvcy4uLg==
UIUEDQ,,W01lamFpXQpBaC4uIHdhaXQsIEkgZ290IGNhcnJpZWQgYXdheS4gSXQgd2FzIGFsd2F5cyBzdHJlc3NmdWwgd2hlbmV2ZXIgRmF0aGVyIHRvbGQgbWUgdGhlc2Ugc3Rvcmllcy4u,,,,,W01lamFpXQpBaC4uIGVzcGVyYSwgbWUgZW1wb2xndWVpLiBTZW1wcmUgZm9pIGVzdHJlc3NhbnRlIHF1YW5kbyBtZXUgcGFpIG1lIGNvbnRhdmEgaXNzby4uLg==,,W01lamFpXQpBaC4uLiBlc3BlcmEsIG1lIGVtb2Npb27DqSB1biBwb2NvLiBDYWRhIHZleiBxdWUgbWkgcGFkcmUgbWUgY29udGFiYSBlc3RvLCBlcmEgdW4gZXN0csOpcy4uLg==
UYUEDQ,,W01lamFpXQpXZWxsLCBpbiB0aGUgZW5kLCBpdCBiZWNhbWUgbXkgYnVzaW5lc3MsIHNvIEkgZ3Vlc3MgYWxsIHRoYXQgbmFnZ2luZyByZWFsbHkgZGlkIGJlY29tZSBmbGVzaCBhbmQgYmxvb2QuLg==,,,,,W01lamFpXQpNYXMgbm8gZmltIGFjYWJlaSB0cmFuc2Zvcm1hbmRvIGlzc28gZW0gbmVnw7NjaW8sIGVudMOjbyB0b2RhIGFxdWVsYSBmYWxhw6fDo28gdmlyb3UgYWxnbyDDunRpbC4uLg==,,W01lamFpXQpQZXJvIGJ1ZW5vLCBhbCBmaW5hbCBoZSB0ZXJtaW5hZG8gbW9udGFuZG8gdW4gbmVnb2NpbyBjb24gZXNvLCBhc8OtIHF1ZSB0b2RvcyBhcXVlbGxvcyBzZXJtb25lcyBhY2FiYXJvbiBzaXJ2aWVuZG8gZGUgYWxnby4uLg==
UoUEDQ,,W3swfV0KU28gd2hhdCBleGFjdGx5IGRvIHlvdSB3YW50IG1lIHRvIGhlbHAgd2l0aD8=,,,,,W3swfV0KRW50w6NvIGVtIHF1ZSBldSB2b3UgYWp1ZGFyPw==,,W3swfV0KRW50b25jZXMsIMK/cXXDqSBlcyBleGFjdGFtZW50ZSBsbyBxdWUgcXVpZXJlcyBxdWUgaGFnYT8=
U4UEDQ,,W01lamFpXQpGb3IgdGhlIGJ1c2luZXNzIEnigJltIHBsYW5uaW5nIHRvIHJ1biBzdGFibHksIEkgdGhpbmsgaXTigJlzIGltcG9ydGFudCB0byBtYWludGFpbiBhIHN1ZmZpY2llbnQgc3VwcGx5IG9mIEhhbGYgRmxvd2VyLg==,,,,,W01lamFpXQpQYXJhIG8gbmVnw7NjaW8gcXVlIGVzdG91IHBsYW5lamFuZG8gZnVuY2lvbmFyIGRlIGZvcm1hIGVzdMOhdmVsLCBhY2hvIGltcG9ydGFudGUgbWFudGVyIHVtIGJvbSB2b2x1bWUgZGUgRmxvciBCaWNvbG9yLg==,,W01lamFpXQpDcmVvIHF1ZSwgcGFyYSBxdWUgZWwgbmVnb2NpbyBxdWUgZXN0b3kgcGxhbmVhbmRvIGZ1bmNpb25lIGRlIGZvcm1hIGVzdGFibGUsIGVzIGltcG9ydGFudGUgbWFudGVuZXIgdW4gc3VtaW5pc3RybyBzdWZpY2llbnRlIGRlIE1lZGlhIEZsb3Iu
VIUEDQ,,W01lamFpXQpTbyBJIHBsYW4gdG8gbWFrZSBjb250cmFjdHMgd2l0aCBtdWx0aXBsZSBhZHZlbnR1cmVycy4gT2YgY291cnNlLCB7MH0sIHlvdSB3b3VsZCBiZSBvbmUgb2YgdGhvc2UgbXVsdGlwbGUgYWR2ZW50dXJlcnMsIHJpZ2h0Pw==,,,,,W01lamFpXQpQb3IgaXNzbyBlc3RvdSBwZW5zYW5kbyBlbSBmYXplciBjb250cmF0b3MgY29tIHbDoXJpb3MgYXZlbnR1cmVpcm9zLiBDbGFybywgezB9IHRhbWLDqW0gdmFpIHNlciB1bSBkZWxlcywgY2VydG8/,,W01lamFpXQpQb3IgZXNvIHBpZW5zbyBmaXJtYXIgY29udHJhdG9zIGNvbiB2YXJpb3MgYXZlbnR1cmVyb3MuIFksIHBvciBzdXB1ZXN0bywgezB9LCB0w7ogdGFtYmnDqW4gc2Vyw6FzIHVubyBkZSBlc29zIHZhcmlvcyBhdmVudHVyZXJvcywgwr9ubz8=
VYUEDQ,,W01lamFpXQp7MH0gWW914oCZbGwgYmUgZ29pbmcgdG8gR3JheSBXb2xmIEZvcmVzdCB0byBnYXRoZXIgSGFsZiBGbG93ZXIu,,,,,W01lamFpXQp7MH0sIHZvY8OqIHZhaSBhdMOpIGEgRmxvcmVzdGEgZG8gTG9ibyBDaW56ZW50byBwYXJhIGNvbGhlciBGbG9yIEJpY29sb3Iu,,W01lamFpXQp7MH0gVGUgZW5jYXJnYXLDoXMgZGUgaXIgYWwgQm9zcXVlIGRlbCBMb2JvIEdyaXMgeSByZWNvbGVjdGFyIE1lZGlhIEZsb3Iu
VoUEDQ,,W01lamFpXQpPZiBjb3Vyc2UsIHRoZXJlIGlzIGFub3RoZXIgYnVzaW5lc3MgSSB3YW50IHRvIHN0YXJ0IG9uY2UgdGhpcyBvbmUgYmVjb21lcyBzdGFibGUsIGJ1dCBsZXTigJlzIHRhbGsgYWJvdXQgdGhhdCBhZnRlciB0aGluZ3MgYXJlIHRydWx5IHN0YWJsZS4=,,,,,W01lamFpXQpDbGFybyBxdWUgdGVuaG8gb3V0cm8gbmVnw7NjaW8gZW0gbWVudGUgcGFyYSBxdWFuZG8gaXNzbyB0dWRvIGVzdGl2ZXIgZXN0w6F2ZWwsIG1hcyBkZWl4ZW1vcyBlc3NhIGNvbnZlcnNhIHBhcmEgcXVhbmRvIHJlYWxtZW50ZSBlc3RpdmVyIHR1ZG8gZmlybWUu,,W01lamFpXQpDbGFybyBxdWUgdGVuZ28gcGVuc2FkbyB1biBuZWdvY2lvIG3DoXMgcXVlIGHDsWFkaXIgY3VhbmRvIGVzdG8gc2UgZXN0YWJpbGljZSwgcGVybyBkZSBlc28geWEgaGFibGFyZW1vcyBjdWFuZG8gbGEgY29zYSBlc3TDqSByZWFsbWVudGUgYXNlbnRhZGEu
V4UEDQ,,W01lamFpXQpTbywgd2hhdCBkbyB5b3UgdGhpbmssIHswfT8gV2FudCB0byB3b3JrIHdpdGggbWU/,,,,,W01lamFpXQpFbnTDo28sIHswfSwgcXVlciB0cmFiYWxoYXIgY29taWdvPw==,,W01lamFpXQrCv1F1w6kgZGljZXMsIHswfT8gwr9RdWllcmVzIHRyYWJhamFyIGNvbm1pZ28/
WIUEDQ,,TGV04oCZcyBkbyBpdC4=,,,,,VmFtb3Mu,,SGFnw6Ftb3Nsby4=
WYUEDQ,,SXTigJlzIGEgYml0IGRpZmZpY3VsdCByaWdodCBub3cu,,,,,QWdvcmEgw6kgbWVpbyBjb21wbGljYWRvLg==,,QWhvcmEgbWlzbW8gbWUgdmllbmUgbWFsLg==
WoUEDQ,,W01lamFpXQpXZWxsLCBpZiBpdOKAmXMgZGlmZmljdWx0LCB0aGVyZeKAmXMgbm90aGluZyB0byBiZSBkb25lLg==,,,,,W01lamFpXQpCb20sIHNlIMOpIGNvbXBsaWNhZG8sIGVudMOjbyBuw6NvIHRlbSBqZWl0by4=,,W01lamFpXQpCdWVubywgc2kgdGUgdmllbmUgbWFsLCBubyBzZSBwdWVkZSBldml0YXIu
W4UEDQ,,W01lamFpXQpJbiBsaWZlLCBtYXliZSB0aGVyZeKAmWxsIGNvbWUgYW5vdGhlciBkYXkgd2hlbiB3ZSBjYW4gd29yayB0b2dldGhlci4gSWYgeW91IGNoYW5nZSB5b3VyIG1pbmQgbGF0ZXIsIGxldOKAmXMgd29yayB0b2dldGhlciB0aGVuLg==,,,,,W01lamFpXQpOYSB2aWRhLCB0YWx2ZXogYWluZGEgY2hlZ3VlIG8gZGlhIGRlIHRyYWJhbGhhcm1vcyBqdW50b3MuIFNlIG11ZGFyIGRlIGlkZWlhIGRlcG9pcywgdmFtb3MgdHJhYmFsaGFyIGp1bnRvcy4=,,W01lamFpXQpFbiBsYSB2aWRhIGRhIG11Y2hhcyB2dWVsdGFzOyBxdWl6w6Egb3RybyBkw61hIHBvZGFtb3MgdHJhYmFqYXIganVudG9zLiBTaSBtw6FzIGFkZWxhbnRlIGNhbWJpYXMgZGUgaWRlYSwgdHJhYmFqZW1vcyBqdW50b3Mu
XIUEDQ,,W01lamFpXQpFeGNlbGxlbnQuIEkgYmVsaWV2ZSBtdXR1YWwgcmVzcGVjdCBiZXR3ZWVuIGVtcGxveWVyIGFuZCBlbXBsb3llZSBpcyBpbXBvcnRhbnQuIEkgYXNzdW1lIHlvdSBjYW4gZ3Vlc3Mgd2h5IEkgc2F5IHRoaXMu,,,,,W01lamFpXQpNdWl0byBiZW0uIEV1IGFjaG8gcXVlIHJlc3BlaXRvIG3DunR1byBlbnRyZSBwYXRyw6NvIGUgZnVuY2lvbsOhcmlvIMOpIGltcG9ydGFudGUuIEFjaG8gcXVlIHZvY8OqIGNvbnNlZ3VlIGltYWdpbmFyIHBvciBxdWUgZXN0b3UgZGl6ZW5kbyBpc3NvLg==,,W01lamFpXQpNdXkgYmllbi4gWW8gY3JlbyBxdWUgZWwgcmVzcGV0byBtdXR1byBlbnRyZSBqZWZlIHkgZW1wbGVhZG8gZXMgaW1wb3J0YW50ZS4gU3Vwb25nbyBxdWUgeWEgdGUgaW1hZ2luYXLDoXMgcG9yIHF1w6kgZGlnbyBlc3RvLg==
XYUEDQ,,W01lamFpXQpOb3cgdGhhdCB3ZeKAmWxsIGJlIHdvcmtpbmcgdG9nZXRoZXIsIGZyb20gbm93IG9uIHBsZWFzZSBjYWxsIG1lIEJvc3MgTWVqYWkuIEkgd2lsbCBhbHNvIHJlc3BlY3QgezB94oCUbm8sIG15IGVtcGxveWVlLg==,,,,,W01lamFpXQpBZ29yYSBxdWUgdmFtb3MgdHJhYmFsaGFyIGp1bnRvcywgZGUgYWdvcmEgZW0gZGlhbnRlLCBwb3IgZmF2b3IsIG1lIGNoYW1lIGRlIENoZWZlIE1lamFpLiBFdSB0YW1iw6ltIHZvdSByZXNwZWl0YXIgezB9Li4uIHF1ZXIgZGl6ZXIsIG1ldSBmdW5jaW9uw6FyaW8u,,W01lamFpXQpZYSBxdWUgdmFtb3MgYSB0cmFiYWphciBqdW50b3MsIGEgcGFydGlyIGRlIGFob3JhIGxsw6FtYW1lIEplZmUgTWVqYWkuIFkgeW8gdGFtYmnDqW4gcmVzcGV0YXLDqSBhIHswfSwgbm8sIHF1aWVybyBkZWNpciwgYWwgZW1wbGVhZG8u
XoUEDQ,,W01lamFpXQpJIHdvbuKAmXQgdHJlYXQgeW91IGNhcmVsZXNzbHkuIEnigJltIHNpY2sgYW5kIHRpcmVkIG9mIHRoYXQgc29ydCBvZiB0aGluZyBub3cuLg==,,,,,W01lamFpXQpOw6NvIHZvdSB0cmF0w6EtbG8gY29tIGRlc3ByZXpvLiBKw6EgZXN0b3UgZmFydG8gZGVzc2UgdGlwbyBkZSBjb2lzYS4uLg==,,W01lamFpXQpObyB2b3kgYSB0cmF0YXJ0ZSBhIGxhIGxpZ2VyYS4gWWEgZXN0b3kgaGFydG8gZGUgY29zYXMgYXPDrS4uLg==
X4UEDQ,,W01lamFpXQpGaXJzdCwgSSB0aGluayBpdCB3b3VsZCBiZSBiZXN0IHRvIHRyYWluIHlvdSBpbiB0aGUgbW9zdCBpbXBvcnRhbnQgdGFzazogaG93IHRvIGdhdGhlciBIYWxmIEZsb3dlci4=,,,,,W01lamFpXQpQcmltZWlybywgYWNobyBtZWxob3IgZW5zaW5hciBvIHByb2NlZGltZW50byBkZSBjb2xoZWl0YSBkYSBGbG9yIEJpY29sb3IsIHF1ZSDDqSBhIHBhcnRlIG1haXMgaW1wb3J0YW50ZSBkbyB0cmFiYWxoby4=,,W01lamFpXQpQYXJhIGVtcGV6YXIsIGxvIG1lam9yIHNlcsOhIGVuc2XDsWFydGUgY8OzbW8gcmVjb2xlY3RhciBNZWRpYSBGbG9yLCBxdWUgZXMgbGEgdGFyZWEgbcOhcyBpbXBvcnRhbnRlLg==
YIUEDQ,,W01lamFpXQpUYWxrIHRvIG1lIHdoZW4geW914oCZcmUgcmVhZHku,,,,,W01lamFpXQpRdWFuZG8gZXN0aXZlciBwcm9udG8sIGZhbGUgY29taWdvLg==,,W01lamFpXQpIw6FibGFtZSBjdWFuZG8gZXN0w6lzIGxpc3RvLg==
YYUEDQ,,W01lamFpXQpZb3UgY2FtZSBhZ2Fpbj8gSeKAmW0gYnVzeSBwcmVwYXJpbmcgZm9yIHRoZSBidXNpbmVzcyByaWdodCBub3csIHNvIHdvdWxkIHlvdSBub3QgdGFsayB0byBtZSB1bmxlc3MgeW91IGhhdmUgYnVzaW5lc3M/,,,,,W01lamFpXQpWZWlvIGRlIG5vdm8/IEVzdG91IG9jdXBhZG8gcHJlcGFyYW5kbyBvIG5lZ8OzY2lvLCBlbnTDo28gcG9kZSBuw6NvIGZhbGFyIGNvbWlnbyBzZW0gbW90aXZvPw==,,W01lamFpXQrCv090cmEgdmV6IGFxdcOtPyBFc3RveSBvY3VwYWRvIHByZXBhcmFuZG8gZWwgbmVnb2NpbywgYXPDrSBxdWUgwr9wb2Ryw61hcyBubyBoYWJsYXJtZSBzaSBubyB0aWVuZXMgbmFkYSBpbXBvcnRhbnRlPw==
YoUEDQ,,U29ycnksIG1heWJlIG5leHQgdGltZS4=,,,,,RGVzY3VscGUsIHZlam8gdm9jw6ogb3V0cmEgaG9yYS4=,,TG8gc2llbnRvLCBub3MgdmVtb3MgbGEgcHLDs3hpbWEgdmV6Lg==
Y4UEDQ,,Q291bGQgSSBqb2luIHRoZSBidXNpbmVzcz8=,,,,,U2Vyw6EgcXVlIGV1IHBvZGVyaWEgcGFydGljaXBhciBkbyBuZWfDs2Npbz8=,,wr9Qb2Ryw61hIHBhcnRpY2lwYXIgZW4gZWwgbmVnb2Npbz8=
ZIUEDQ,,W01lamFpXQpCZSBjYXJlZnVsLiBJ4oCZdmUgZ290IGEgbG90IG9uIG15IG1pbmQsIHNvIEnigJltIGEgYml0IHNoYXJwLg==,,,,,W01lamFpXQpUZW5oYSBjdWlkYWRvLiBUZW5obyBtdWl0YSBjb2lzYSBjb20gcXVlIG1lIHByZW9jdXBhciwgZW50w6NvIGVzdG91IG1laW8gc2Vuc8OtdmVsLg==,,W01lamFpXQpUZW4gY3VpZGFkby4gQ29uIHRhbnRhcyBjb3NhcyBxdWUgYXRlbmRlciwgYW5kbyBpcnJpdGFibGUu
ZYUEDQ,,W01lamFpXQpSZWFsbHk/IEFoZW0hCkV4Y2VsbGVudC4gSSBiZWxpZXZlIG11dHVhbCByZXNwZWN0IGJldHdlZW4gZW1wbG95ZXIgYW5kIGVtcGxveWVlIGlzIGltcG9ydGFudC4gSSBhc3N1bWUgeW91IGNhbiBndWVzcyB3aHkgSSBzYXkgdGhpcy4=,,,,,W01lamFpXQpTw6lyaW8/IEFoYW0hCk11aXRvIGJlbS4gRXUgYWNobyBxdWUgcmVzcGVpdG8gbcO6dHVvIGVudHJlIHBhdHLDo28gZSBmdW5jaW9uw6FyaW8gw6kgaW1wb3J0YW50ZS4gQWNobyBxdWUgdm9jw6ogY29uc2VndWUgaW1hZ2luYXIgcG9yIHF1ZSBlc3RvdSBkaXplbmRvIGlzc28u,,W01lamFpXQrCv0RlIHZlcmRhZD8gwqFFamVtIQpNdXkgYmllbi4gWW8gY3JlbyBxdWUgZWwgcmVzcGV0byBtdXR1byBlbnRyZSBqZWZlIHkgZW1wbGVhZG8gZXMgaW1wb3J0YW50ZS4gU3Vwb25nbyBxdWUgeWEgdGUgaW1hZ2luYXLDoXMgcG9yIHF1w6kgZGlnbyBlc3RvLg==
ZoUEDQ,,W01lamFpXQpJIHdvbuKAmXQgdHJlYXQgeW91IGNhcmVsZXNzbHkuIEnigJltIHNpY2sgYW5kIHRpcmVkIG9mIHRoYXQgc29ydCBvZiB0aGluZyBub3cuLi4u,,,,,W01lamFpXQpOw6NvIHZvdSB0cmF0w6EtbG8gY29tIGRlc3ByZXpvLiBKw6EgZXN0b3UgZmFydG8gZGVzc2UgdGlwbyBkZSBjb2lzYS4uLi4=,,W01lamFpXQpObyB2b3kgYSB0cmF0YXJ0ZSBhIGxhIGxpZ2VyYS4gWWEgZXN0b3kgaGFydG8gZGUgY29zYXMgYXPDrS4uLi4=
Z4UEDQ,,W01lamFpXQpJIHdhcyBhYm91dCB0byBiZWdpbiB0cmFpbmluZyBvbiBnYXRoZXJpbmcgSGFsZiBGbG93ZXIuIEFyZSB5b3UgcmVhZHk/,,,,,W01lamFpXQpFc3RhdmEgcGVuc2FuZG8gZW0gY29tZcOnYXIgbyB0cmVpbmFtZW50byBkZSBjb2xoZWl0YSBkYSBGbG9yIEJpY29sb3IuIEVzdMOhIHByb250bz8=,,W01lamFpXQpFc3RhYmEgcGVuc2FuZG8gZW4gZW1wZXphciBsYSBmb3JtYWNpw7NuIHBhcmEgbGEgcmVjb2xlY2Npw7NuIGRlIE1lZGlhIEZsb3IsIMK/ZXN0w6FzIHByZXBhcmFkbz8=
aIUEDQ,,Qm9zcywgbGV04oCZcyBiZWdpbi4=,,,,,Q2hlZmUsIHBvZGUgY29tZcOnYXIu,,SmVmZSwgZW1wZWNlbW9zLg==
aYUEDQ,,SnVzdCBhIG1vbWVudC4=,,,,,U8OzIHVtIG1vbWVudG8u,,VW4gbW9tZW50bywgcG9yIGZhdm9yLg==
aoUEDQ,,W01lamFpXQpUYWtlIHlvdXIgdGltZS4=,,,,,W01lamFpXQpWw6EgY29tIGNhbG1hLg==,,W01lamFpXQpUw7NtYXRlIHR1IHRpZW1wby4=
a4UEDQ,,W01lamFpXQpBaGVtLCB3ZWxjb21lIHRvIHRoZSBIYWxmIEZsb3dlciBnYXRoZXJpbmcgdHJhaW5pbmcu,,,,,W01lamFpXQpBaGFtLCBhaGFtLiBTZWphIGJlbS12aW5kbyBhbyB0cmVpbmFtZW50byBkZSBjb2xoZWl0YSBkZSBGbG9yIEJpY29sb3Iu,,W01lamFpXQpFamVtLCBiaWVudmVuaWRvIGEgbGEgZm9ybWFjacOzbiBkZSByZWNvbGVjY2nDs24gZGUgTWVkaWEgRmxvci4=
bIUEDQ,,W01lamFpXQpIYWxmIEZsb3dlciBnYXRoZXJpbmcgaXMgYnJvYWRseSBkaXZpZGVkIGludG8gZm91ciBzdGVwcy4gRmlyc3QsIHlvdSBjdXQgdGhlIHN0ZW0u,,,,,W01lamFpXQpBIGNvbGhlaXRhIGRlIEZsb3IgQmljb2xvciDDqSBkaXZpZGlkYSBlbSBxdWF0cm8gZXRhcGFzIHByaW5jaXBhaXMuIFByaW1laXJvLCBjb3J0YW1vcyBvIGNhdWxlLg==,,W01lamFpXQpMYSByZWNvbGVjY2nDs24gZGUgTWVkaWEgRmxvciBzZSBkaXZpZGUgZW4gY3VhdHJvIHBhc29zIHByaW5jaXBhbGVzLiBQcmltZXJvLCBzZSBjb3J0YSBlbCB0YWxsby4=
bYUEDQ,,W01lamFpXQpUaGVuIHNlY29uZCwgcmVtb3ZlIHRoZSBsZWF2ZXMgZnJvbSB0aGUgY3V0IHN0ZW0uLg==,,,,,W01lamFpXQpEZXBvaXMsIG5hIHNlZ3VuZGEgZXRhcGEsIHJlbW92ZW1vcyBhcyBmb2xoYXMgZG8gY2F1bGUgY29ydGFkby4uLg==,,W01lamFpXQpEZXNwdcOpcywgZW4gc2VndW5kbyBsdWdhciwgc2UgcmV0aXJhbiBsYXMgaG9qYXMgZGVsIHRhbGxvIGNvcnRhZG8uLi4=
boUEDQ,,W01lamFpXQpUaGlyZCwgcHV0IHdhdGVyIGFuZCBhIHNlY3JldCBwb3dkZXIgaW50byBhIHNtYWxsIGNvbnRhaW5lciB0byBzb2FrIHRoZSBlbmQgb2YgdGhlIHN0ZW0sIGFuZCBtaXggdGhlbSB3ZWxsLg==,,,,,W01lamFpXQpOYSB0ZXJjZWlyYSBldGFwYSwgY29sb2NhbW9zIMOhZ3VhIGUgdW0gcMOzIHNlY3JldG8gZW0gdW0gcGVxdWVubyByZWNpcGllbnRlIHBhcmEgbWVyZ3VsaGFyIGEgcG9udGEgZG8gY2F1bGUgZSBtaXN0dXJhbW9zIGJlbS4=,,W01lamFpXQpFbiB0ZXJjZXIgbHVnYXIsIHNlIGVjaGFuIGFndWEgeSB1biBwb2x2byBzZWNyZXRvIGVuIHVuIHBlcXVlw7FvIHJlY2lwaWVudGUgZG9uZGUgc2Ugc3VtZXJnaXLDoSBlbCBleHRyZW1vIGRlbCB0YWxsbywgeSBzZSBtZXpjbGEgYmllbi4=
b4UEDQ,,W01lamFpXQpGaW5hbGx5LCBpbiB0aGUgZm91cnRoIHN0ZXAsIHBsYWNlIHRoZSBlbmQgb2YgdGhlIHN0ZW0gaW50byB0aGUgc21hbGwgY29udGFpbmVyIGFuZCBwYWNrYWdlIGl0IGNhcmVmdWxseSBzbyB0aGUgZmxvd2VyIHdvbuKAmXQgYmUgZGFtYWdlZC4=,,,,,W01lamFpXQpFLCBwb3IgZmltLCBuYSBxdWFydGEgZXRhcGEsIGNvbG9jYW1vcyBhIHBvbnRhIGRvIGNhdWxlIG5vIHBlcXVlbm8gcmVjaXBpZW50ZSBlIGVtYmFsYW1vcyB0dWRvIGNvbSBjdWlkYWRvIHBhcmEgYSBmbG9yIG7Do28gZXN0cmFnYXIu,,W01lamFpXQpZLCBwb3Igw7psdGltbywgZW4gZWwgY3VhcnRvIHBhc28sIHNlIGludHJvZHVjZSBlbCBleHRyZW1vIGRlbCB0YWxsbyBlbiBlbCBwZXF1ZcOxbyByZWNpcGllbnRlIHkgc2UgZW1wYXF1ZXRhIGJpZW4gcGFyYSBxdWUgbGEgZmxvciBubyBzZSBlc3Ryb3BlZS4gWSBlc28gZXMgdG9kby4=
cIUEDQ,,W01lamFpXQpXZWxsLCBpZiB5b3Ugb25seSBsb29rIGF0IHRoZSBtZXRob2QgaXRzZWxmLCBpdCBkb2VzbuKAmXQgc291bmQgZGlmZmljdWx0LCByaWdodD8=,,,,,W01lamFpXQpCZW0sIG9saGFuZG8gc8OzIHBhcmEgbyBtw6l0b2RvIGVtIHNpLCBuw6NvIHBhcmVjZSBkaWbDrWNpbCwgY2VydG8/,,W01lamFpXQpCdWVubywgc2kgc29sbyBoYWJsYW1vcyBkZWwgcHJvY2VkaW1pZW50bywgbm8gcGFyZWNlIGRpZsOtY2lsLCDCv3ZlcmRhZD8=
cYUEDQ,,W01lamFpXQpJbiB0aGUgYWR2YW5jZWQgY291cnNlLCB0aGUgY3V0dGluZyBhbmdsZSBvZiB0aGUgc3RlbSwgdGhlIG51bWJlciBvZiBsZWF2ZXMgdG8gcmVtb3ZlLCBhbmQgdGhlIGFtb3VudCBvZiB3YXRlciBhbmQgc2VjcmV0IHBvd2RlciBpbiB0aGUgY29udGFpbmVyIHZhcnkgZGVwZW5kaW5nIG9uIHdoZXJlIEhhbGYgRmxvd2VyIGlzIGJsb29taW5nLCBidXQuLg==,,,,,W01lamFpXQpOdW0gbsOtdmVsIG1haXMgYXZhbsOnYWRvLCBvIMOibmd1bG8gZG8gY29ydGUsIGEgcXVhbnRpZGFkZSBkZSBmb2xoYXMgcmVtb3ZpZGFzIGUgYSBwcm9wb3LDp8OjbyBkZSDDoWd1YSBlIHDDsyBzZWNyZXRvIG5vIHJlY2lwaWVudGUgbXVkYW0gZGVwZW5kZW5kbyBkbyBsdWdhciBvbmRlIGEgRmxvciBCaWNvbG9yIGVzdMOhIGZsb3Jlc2NlbmRvLCBtYXMuLi4=,,W01lamFpXQpFbiBlbCBuaXZlbCBhdmFuemFkbywgc2Vnw7puIGVsIGx1Z2FyIGRvbmRlIGZsb3JlemNhIGxhIE1lZGlhIEZsb3IsIGNhbWJpYW4gZWwgw6FuZ3VsbyBkZSBjb3J0ZSBkZWwgdGFsbG8sIGxhIGNhbnRpZGFkIGRlIGhvamFzIHF1ZSBoYXkgcXVlIHJldGlyYXIgeSBsYSBjYW50aWRhZCBkZSBhZ3VhIHkgcG9sdm8gc2VjcmV0byBxdWUgaGF5IHF1ZSBwb25lciBlbiBlbCByZWNpcGllbnRlLCBwZXJvLi4u
coUEDQ,,W01lamFpXQpEb27igJl0IHdvcnJ5LiBJ4oCZbGwgd3JpdGUgaXQgYWxsIGRvd24gaW4gZGV0YWlsIHdoZW4gSSBhc3NpZ24gdGhlIGpvYiBzbyB0aGF0IHlvdSBhYnNvbHV0ZWx5IHdvbuKAmXQgZm9yZ2V0Lg==,,,,,W01lamFpXQpOw6NvIHNlIHByZW9jdXBlLiBRdWFuZG8gZXUgbGhlIHBhc3NhciB1bSB0cmFiYWxobywgdm91IGVzY3JldmVyIHR1ZG8gZW0gZGV0YWxoZXMgcGFyYSBxdWUgdm9jw6ogbsOjbyBlc3F1ZcOnYS4=,,W01lamFpXQpObyB0ZSBwcmVvY3VwZXMuIFBhcmEgcXVlIG5vIGxvIG9sdmlkZXMgamFtw6FzLCB0ZSBsbyBlc2NyaWJpcsOpIHRvZG8gY29uIGRldGFsbGUgY2FkYSB2ZXogcXVlIGFjZXB0ZXMgdW4gdHJhYmFqby4=
c4UEDQ,,W01lamFpXQpZb3Ugc2VlIHRoZSBwcmFjdGljZSBIYWxmIEZsb3dlciBiZXNpZGUgbWUsIHJpZ2h0Pw==,,,,,W01lamFpXQpFc3TDoSB2ZW5kbyBhIEZsb3IgQmljb2xvciBkZSB0cmVpbm8gYW8gbGFkbz8=,,W01lamFpXQrCv1ZlcyBsYSBNZWRpYSBGbG9yIGRlIHByw6FjdGljYSBxdWUgaGF5IGFsIGxhZG8/
dIUEDQ,,W01lamFpXQpJIHRoaW5rIEkgaW52ZXN0ZWQgaGFsZiBvZiBhbGwgdGhlIG1vbmV5IEkgaGFkIHdoZW4gc3RhcnRpbmcgdGhlIGJ1c2luZXNzIGludG8gbWFraW5nIHRoaXMgcHJhY3RpY2UgSGFsZiBGbG93ZXIu,,,,,W01lamFpXQpBY2hvIHF1ZSBpbnZlc3RpIG1ldGFkZSBkbyBkaW5oZWlybyBxdWUgZXUgdGluaGEgc8OzIHBhcmEgZmF6ZXIgZXNzYSBGbG9yIEJpY29sb3IgZGUgdHJlaW5vIHF1YW5kbyBhYnJpIG8gbmVnw7NjaW8u,,W01lamFpXQpDcmVvIHF1ZSBhbCBtb250YXIgZWwgbmVnb2NpbyBpbnZlcnTDrSBsYSBtaXRhZCBkZWwgZGluZXJvIHF1ZSB0ZW7DrWEgc29sbyBlbiBoYWNlciBlc3RhIE1lZGlhIEZsb3IgZGUgcHLDoWN0aWNhLg==
dYUEDQ,,W01lamFpXQpXZWxsLCBJIGRvbuKAmXQgcmVncmV0IGl0IHNpbmNlIGl0IG1ha2VzIHRyYWluaW5nIGVtcGxveWVlcyBtdWNoIGVhc2llci4gVGhlbiBzaGFsbCB3ZSBwcmFjdGljZSBhcyBpZiBpdCB3ZXJlIHRoZSByZWFsIHRoaW5nPw==,,,,,W01lamFpXQpCb20sIGlzc28gdG9ybm91IG11aXRvIG1haXMgZsOhY2lsIHRyZWluYXIgb3MgZnVuY2lvbsOhcmlvcywgZW50w6NvIG7Do28gbWUgYXJyZXBlbmRvLiBFbnTDo28sIHZhbW9zIHByYXRpY2FyIGNvbW8gc2UgZm9zc2UgdW1hIHNpdHVhw6fDo28gcmVhbD8=,,W01lamFpXQpQZXJvIGJ1ZW5vLCBjb21vIGhhY2UgbXVjaG8gbcOhcyBmw6FjaWwgZm9ybWFyIGEgbG9zIGVtcGxlYWRvcywgbm8gbWUgYXJyZXBpZW50by4gRW50b25jZXMsIMK/cHJhY3RpY2Ftb3MgY29tbyBzaSBmdWVyYSB1bmEgc2l0dWFjacOzbiByZWFsPw==
doUEDQ,,W01lamFpXQpXaGF0IHNob3VsZCB3ZSB1c2U/IExldOKAmXMgYXNzdW1lIGEgSGFsZiBGbG93ZXIgYmxvb21lZCB1bmRlciBhIHRyZWUgYW5kIHByYWN0aWNlIHdpdGggdGhlIHRyYWluaW5nIG9uZS4=,,,,,W01lamFpXQpPIHF1ZSBzZXJpYSBib20/IFZhbW9zIHN1cG9yIHF1ZSB1bWEgRmxvciBCaWNvbG9yIHRlbmhhIGZsb3Jlc2NpZG8gZGViYWl4byBkZSB1bWEgw6Fydm9yZSwgZSBwcmF0aWNhciBjb20gZXNzZSBtb2RlbG8u,,W01lamFpXQpBIHZlciwgwr9xdcOpIHBvZHLDrWEgc2VyPyBWYW1vcyBhIHN1cG9uZXIgcXVlIGhhIGZsb3JlY2lkbyB1bmEgTWVkaWEgRmxvciBiYWpvIHVuIMOhcmJvbCB5IHByYWN0aWNhcmVtb3MgY29uIGxhIGRlIGVudHJlbmFtaWVudG8u
d4UEDQ,,W01lamFpXQpQbGVhc2UgZm9jdXMgbm90IG9uIG1lLCBidXQgb24gdGhlIHByYWN0aWNlIEhhbGYgRmxvd2VyIGJlc2lkZSBtZS4=,,,,,W01lamFpXQpFbSB2ZXogZGUgb2xoYXIgcGFyYSBtaW0sIGZvcXVlIG5hIEZsb3IgQmljb2xvciBkZSB0cmVpbm8gYW8gbWV1IGxhZG8u,,W01lamFpXQpObyBtZSBtaXJlIGEgbcOtOyBwcmVzdGUgYXRlbmNpw7NuIGEgbGEgTWVkaWEgRmxvciBkZSBwcsOhY3RpY2EgcXVlIGVzdMOhIGEgbWkgbGFkby4=
eIUEDQ,,W01lamFpXQpHb29kIHdvcmsuIFRoZSBIYWxmIEZsb3dlciBnYXRoZXJpbmcgeW91IHdpbGwgZG8gZnJvbSBub3cgb24gd2lsbCBwcm9jZWVkIGluIHRoZSBzYW1lIHdheSBhcyBqdXN0IG5vdy4=,,,,,W01lamFpXQpCb20gdHJhYmFsaG8uIEEgY29saGVpdGEgZGUgRmxvciBCaWNvbG9yIHF1ZSB2b2PDqiBmYXLDoSBkYXF1aSBwYXJhIGZyZW50ZSBzZXLDoSBmZWl0YSBleGF0YW1lbnRlIGRlc3NlIGplaXRvLg==,,W01lamFpXQpCdWVuIHRyYWJham8uIEEgcGFydGlyIGRlIGFob3JhLCBsYSByZWNvbGVjY2nDs24gZGUgTWVkaWEgRmxvciBxdWUgcmVhbGljZXMgc2VndWlyw6EgZWwgbWlzbW8gcHJvY2VkaW1pZW50byBxdWUgYWNhYmFtb3MgZGUgaGFjZXIu
eYUEDQ,,W01lamFpXQpUaGUgam9iIGlzIHNpbXBseSB0byBkZWxpdmVyIHRoZSBnYXRoZXJlZCBmbG93ZXJzIHRvIG1lLg==,,,,,W01lamFpXQpPIHRyYWJhbGhvIGVtIHNpIMOpIHPDsyBtZSBlbnRyZWdhciBhIGZsb3IgY29saGlkYS4=,,W01lamFpXQpUdSB0cmFiYWpvIGNvbnNpc3RpcsOhIGVuIHRyYWVybWUgbGFzIGZsb3JlcyByZWNvbGVjdGFkYXMu
eoUEDQ,,W01lamFpXQpCdXQgdW5saWtlIG1lLCB5b3UgYXJlIHNvbWVvbmUgd2hvIGhhbmRsZXMgbWFueSBvdGhlciB0YXNrcyBhdCB0aGUgc2FtZSB0aW1lLi4=,,,,,W01lamFpXQpNYXMgdm9jw6osIG1ldSBmdW5jaW9uw6FyaW8sIGRpZmVyZW50ZSBkZSBtaW0sIMOpIHVtYSBwZXNzb2EgcXVlIHJlYWxpemEgdsOhcmlhcyBvdXRyYXMgdGFyZWZhcyBhbyBtZXNtbyB0ZW1wbywgZW50w6NvLi4u,,W01lamFpXQpQZXJvIGNvbW8gdMO6LCBhIGRpZmVyZW5jaWEgZGUgbcOtLCBlcmVzIGFsZ3VpZW4gcXVlIGxsZXZhIHZhcmlhcyB0YXJlYXMgYSBsYSB2ZXouLi4=
e4UEDQ,,W01lamFpXQpTbyBJIHdvdWxkIGFwcHJlY2lhdGUgaXQgaWYgeW91IGNvdWxkIGJyaW5nIHRoZW0gdG8gbWUgYmVmb3JlIHRoZSBIYWxmIEZsb3dlciB3aWx0cyB3aGlsZSB5b3UgYXJlIGRvaW5nIHlvdXIgb3RoZXIgd29yay4=,,,,,W01lamFpXQpTZSBwdWRlciBtZSB0cmF6ZXIgYSBGbG9yIEJpY29sb3IgYW50ZXMgcXVlIGVsYSBtdXJjaGUsIGV1IGFncmFkZcOnby4=,,W01lamFpXQpUZSBhZ3JhZGVjZXLDrWEgcXVlIG1lIGxhcyB0cmFqZXJhcyBtaWVudHJhcyBoYWNlcyB0dXMgb3RyYXMgdGFyZWFzLCBhbnRlcyBkZSBxdWUgbGEgTWVkaWEgRmxvciBzZSBtYXJjaGl0ZS4=
fIUEDQ,,W01lamFpXQpBaCEgT25lIHRpcDogdGhlIG1vcmUgZXhhY3RseSB5b3UgZ2F0aGVyIHRoZW0gdXNpbmcgdGhlIG1ldGhvZCBJIHRhdWdodCB5b3UsIHRoZSBsb25nZXIgdGhlIGZsb3dlcnMgd2lsbCBsYXN0Lg==,,,,,W01lamFpXQpBaCEgVW1hIGRpY2E6IHF1YW50byBtYWlzIGEgY29saGVpdGEgZm9yIGZlaXRhIGV4YXRhbWVudGUgZG8gamVpdG8gcXVlIGVuc2luZWksIG1haXMgdGVtcG8gYSBmbG9yIHZhaSBkdXJhci4=,,W01lamFpXQrCoUFoISBVbiBjb25zZWpvOiBjdWFudG8gbcOhcyBmaWVsbWVudGUgc2lnYXMgZWwgbcOpdG9kbyBxdWUgdGUgaGUgZW5zZcOxYWRvLCBtw6FzIHRpZW1wbyBzZSBjb25zZXJ2YXLDoSBsYSBmbG9yLg==
fYUEDQ,,V2hlbiBkbyB3ZSBzdGFydCB3b3JrPw==,,,,,UXVhbmRvIGNvbWXDp2Ftb3MgbyB0cmFiYWxobz8=,,wr9DdcOhbmRvIGVtcGV6YW1vcyBhIHRyYWJhamFyPw==
foUEDQ,,W01lamFpXQpJ4oCZbSBidXN5IHRvZGF5IHRvbyB3aXRoIHByZXBhcmluZyB0byBvcGVuIHRoZSBzaG9wIGFuZCBhbGwgdGhhdCwgc28gaG93IGFib3V0IHN0YXJ0aW5nIHRvbW9ycm93Pw==,,,,,W01lamFpXQpIb2plIGV1IHRhbWLDqW0gZXN0b3Ugb2N1cGFkbyBwcmVwYXJhbmRvIGEgYWJlcnR1cmEgZGEgbG9qYSBlIG91dHJhcyBjb2lzYXMsIGVudMOjbyBxdWUgdGFsIGNvbWXDp2FyIGFtYW5ow6M/,,W01lamFpXQpIb3kgeW8gdGFtYmnDqW4gYW5kbyBvY3VwYWRvIHByZXBhcmFuZG8gbGEgYXBlcnR1cmEgZGUgbGEgdGllbmRhIHkgZGVtw6FzLCBhc8OtIHF1ZSDCv3F1w6kgdGUgcGFyZWNlIHNpIGVtcGllemFzIG1hw7FhbmE/
f4UEDQ,,QWxsIHJpZ2h0LiBTZWUgeW91IHRvbW9ycm93Lg==,,,,,VHVkbyBiZW0uIEF0w6kgYW1hbmjDoy4=,,RGUgYWN1ZXJkby4gTm9zIHZlbW9zIG1hw7FhbmEu
gIUEDQ,,W01lamFpXQpPaCwgcmlnaHQsIEkgc2hvdWxkIGdpdmUgeW91IHRoaXMu,,,,,W01lamFpXQpBaCwgY2xhcm8sIHByZWNpc28gbGhlIGRhciBpc3RvLg==,,W01lamFpXQpBaCwgY2xhcm8sIHRlbmdvIHF1ZSBkYXJ0ZSBlc3RvLg==
gYUEDQ,,W01lamFpXQpJ4oCZdmUgZG9uZSBhbGwga2luZHMgb2Ygd29yayBteXNlbGYsIGFuZCBtYWtpbmcgcGVvcGxlIHdvcmsgd2hpbGUgZGVkdWN0aW5nIHRoaXMgYW5kIHRoYXQgdW5kZXIgdGhlIGV4Y3VzZSBvZiBhIHRyYWluaW5nIHBlcmlvZCByZWFsbHkgaXMgYW4gdWdseSB0aGluZyB0byBkby4=,,,,,W01lamFpXQpKw6EgZml6IG11aXRvIHRpcG8gZGUgdHJhYmFsaG8sIG1hcyBzZW1wcmUgYWNoZWkgcmlkw61jdWxvIHF1YW5kbyBtYW5kYXZhbSBhIGdlbnRlIHRyYWJhbGhhciBlIGRlcG9pcyBkZXNjb250YXZhbSBpc3RvIGUgYXF1aWxvIGNvbSBhIGRlc2N1bHBhIGRlIHNlciBwZXLDrW9kbyBkZSB0cmVpbmFtZW50by4=,,W01lamFpXQpIZSBoZWNobyBkZSB0b2RvIHVuIHBvY28sIHkgbm8gaGF5IG5hZGEgbcOhcyBmZW8gcXVlIHBvbmVydGUgYSB0cmFiYWphciwgcXVpdGFydGUgZXN0byB5IGFxdWVsbG8gY29uIGxhIGV4Y3VzYSBkZSBxdWUgc2lndWVzIGVuIGZvcm1hY2nDs24u
goUEDQ,,W01lamFpXQpXaGF0IEnigJltIGdpdmluZyB5b3Ugbm93IGlzIGNvbXBlbnNhdGlvbiBmb3IgdG9kYXnigJlzIHRyYWluaW5nLiBHZXQgc29tZSBnb29kIHJlc3QsIGFuZCBJ4oCZbGwgc2VlIHlvdSB0b21vcnJvdy4=,,,,,W01lamFpXQpJc3RvIHF1ZSBlc3RvdSBsaGUgZGFuZG8gYWdvcmEgw6kgYSByZWNvbXBlbnNhIHBlbG8gdHJlaW5hbWVudG8gZGUgaG9qZS4gRGVzY2Fuc2UgYmVtIGUgYXTDqSBhbWFuaMOjLg==,,W01lamFpXQpFc3RvIHF1ZSB0ZSBkb3kgYWhvcmEgZXMgbGEgY29tcGVuc2FjacOzbiBwb3IgbGEgZm9ybWFjacOzbiBkZSBob3kuIERlc2NhbnNhIGJpZW4geSBub3MgdmVtb3MgbWHDsWFuYS4=
g4UEDQ,,W01lamFpXQpJdCBzZWVtcyB5b3UgbG9zdCB0aGUgSGFsZiBGbG93ZXIgaW4gdGhlIG1lYW50aW1lLiBJ4oCZbGwgc2V0IHVwIGEgcHJhY3RpY2UgSGFsZiBGbG93ZXIgZm9yIHlvdSwgc28gd291bGQgeW91IGxpa2UgdG8gdHJ5IGFnYWluPw==,,,,,W01lamFpXQpOZXNzZSBtZWlvLXRlbXBvLCB2b2PDqiBwZXJkZXUgYSBGbG9yIEJpY29sb3IuIFZvdSBpbnN0YWxhciBvdXRyYSBGbG9yIEJpY29sb3IgZGUgdHJlaW5vLCBlbnTDo28gcXVlciB0ZW50YXIgZGUgbm92bz8=,,W01lamFpXQpBc8OtIHF1ZSBoYXMgcGVyZGlkbyBsYSBNZWRpYSBGbG9yIG1pZW50cmFzIHRhbnRvLiBUZSBwb25kcsOpIHVuYSBNZWRpYSBGbG9yIGRlIHByw6FjdGljYSwgwr9xdWllcmVzIGludGVudGFybG8gb3RyYSB2ZXo/
hIUEDQ,,W01lamFpXQpHZXQgc29tZSBnb29kIHJlc3QsIGFuZCBJ4oCZbGwgc2VlIHlvdSB0b21vcnJvdy4=,,,,,W01lamFpXQpEZXNjYW5zZSBiZW0gZSBhdMOpIGFtYW5ow6Mu,,W01lamFpXQpEZXNjYW5zYSBiaWVuIHkgbm9zIHZlbW9zIG1hw7FhbmEu
hYUEDQ,,SGFsZiBGbG93ZXI=,,,,,RmxvciBCaWNvbG9y,,TWVkaWEgRmxvcg==
hoUEDQ,,UHJhY3RpY2U=,,,,,RGUgdHJlaW5v,,RGUgcHLDoWN0aWNh
h4UEDQ,,TWVqYWk6IENvdWxkIHlvdSBicmluZyBtZSB0aGUgSGFsZiBGbG93ZXIgeW91IGp1c3QgZ2F0aGVyZWQ/,,,,,TWVqYWk6IFBvZGUgbWUgdHJhemVyIGEgRmxvciBCaWNvbG9yIHF1ZSBhY2Fib3UgZGUgY29saGVyPw==,,TWVqYWk6IMK/UG9kcsOtYXMgdHJhZXJtZSBsYSBNZWRpYSBGbG9yIHF1ZSBhY2FiYXMgZGUgcmVjb2xlY3Rhcj8=
iIUEDQ,,SXQgaXMgYSBwcmFjdGljZSBIYWxmIEZsb3dlci4=,,,,,w4kgdW1hIEZsb3IgQmljb2xvciBkZSB0cmVpbm8u,,RXMgdW5hIE1lZGlhIEZsb3IgZGUgcHLDoWN0aWNhLg==
iYUEDQ,,TWVqYWk6IE5vdyB0aGVuLCBsZXTigJlzIGFzc3VtZSBhIEhhbGYgRmxvd2VyIGJsb29tZWQgdW5kZXIgYSB0cmVlIGFuZCBiZWdpbi4=,,,,,TWVqYWk6IE11aXRvIGJlbSwgdmFtb3Mgc3Vwb3IgcXVlIGEgRmxvciBCaWNvbG9yIGZsb3Jlc2NldSBkZWJhaXhvIGRlIHVtYSDDoXJ2b3JlIGUgY29tZcOnYXIu,,TWVqYWk6IEJpZW4sIHZhbW9zIGEgZW1wZXphciBzdXBvbmllbmRvIHF1ZSBoYSBmbG9yZWNpZG8gdW5hIE1lZGlhIEZsb3IgYmFqbyB1biDDoXJib2wu
ioUEDQ,,TWVqYWk6IEZpcnN0LCBzaGFsbCB3ZSBjdXQgdGhlIHN0ZW0gb2YgdGhlIEhhbGYgRmxvd2VyPw==,,,,,TWVqYWk6IFByaW1laXJvLCB2YW1vcyBjb3J0YXIgbyBjYXVsZSBkYSBGbG9yIEJpY29sb3Iu,,TWVqYWk6IFByaW1lcm8sIMK/Y29ydGFtb3MgZWwgdGFsbG8gZGUgbGEgTWVkaWEgRmxvcj8=
i4UEDQ,,Q3V0IGl0IGF0IDEwIMKwLg==,,,,,Q29ydGFyIGEgMTAgwrAu,,Q29ydGFybG8gYSAxMCDCsC4=
jIUEDQ,,Q3V0IGl0IGF0IDIwIMKwLg==,,,,,Q29ydGFyIGEgMjAgwrAu,,Q29ydGFybG8gYSAyMCDCsC4=
jYUEDQ,,Q3V0IGl0IGF0IDMwIMKwLg==,,,,,Q29ydGFyIGEgMzAgwrAu,,Q29ydGFybG8gYSAzMCDCsC4=
joUEDQ,,Q3V0IGl0IGF0IDQwIMKwLg==,,,,,Q29ydGFyIGEgNDAgwrAu,,Q29ydGFybG8gYSA0MCDCsC4=
j4UEDQ,,TWVqYWk6IFdlbGwgZG9uZS4gRmlyc3QsIHlvdSBjdXQgdGhlIHN0ZW0u,,,,,TWVqYWk6IE11aXRvIGJlbS4gQSBwcmltZWlyYSBldGFwYSDDqSBjb3J0YXIgbyBjYXVsZS4=,,TWVqYWk6IE11eSBiaWVuLiBMbyBwcmltZXJvIGVzIGNvcnRhciBlbCB0YWxsby4=
kIUEDQ,,TWVqYWk6IE5leHQsIHdl4oCZbGwgcmVtb3ZlIHRoZSBsZWF2ZXMuIExlYXZlIG9ubHkgYXMgbWFueSBhcyBzaG91bGQgcmVtYWluIGFuZCByZW1vdmUgdGhlIHJlc3Qu,,,,,TWVqYWk6IEFnb3JhIHZhbW9zIHJlbW92ZXIgYXMgZm9saGFzLiBEZWl4ZSBzw7MgbyBuZWNlc3PDoXJpbyBlIHJldGlyZSBvIHJlc3RhbnRlLg==,,TWVqYWk6IExvIHNpZ3VpZW50ZSBzZXLDoSByZXRpcmFyIGxhcyBob2phcy4gRGVqYSBzb2xvIGxhcyBuZWNlc2FyaWFzIHkgcXVpdGEgZWwgcmVzdG8u
kYUEDQ,,TGVhdmUgMi4=,,,,,RGVpeGFyIDIgZm9saGFzLg==,,RGVqYXIgMiBob2phcy4=
koUEDQ,,TGVhdmUgNC4=,,,,,RGVpeGFyIDQgZm9saGFzLg==,,RGVqYXIgNCBob2phcy4=
k4UEDQ,,TGVhdmUgNi4=,,,,,RGVpeGFyIDYgZm9saGFzLg==,,RGVqYXIgNiBob2phcy4=
lIUEDQ,,TGVhdmUgOC4=,,,,,RGVpeGFyIDggZm9saGFzLg==,,RGVqYXIgOCBob2phcy4=
lYUEDQ,,TWVqYWk6IFdlbGwgZG9uZS4gTmV4dCwgd2XigJlsbCBwcmVwYXJlIHRoZSBib3R0bGUgdG8gc29hayB0aGUgZW5kIG9mIHRoZSBzdGVtLg==,,,,,TWVqYWk6IE11aXRvIGJlbS4gQWdvcmEgdmFtb3MgcHJlcGFyYXIgbyBmcmFzY28gb25kZSBhIHBvbnRhIGRvIGNhdWxlIHNlcsOhIG1lcmd1bGhhZGEu,,TWVqYWk6IE11eSBiaWVuLiBMbyBzaWd1aWVudGUgc2Vyw6EgcHJlcGFyYXIgZWwgZnJhc2NvIGRvbmRlIHNlIHN1bWVyZ2lyw6EgZWwgZXh0cmVtbyBkZWwgdGFsbG8u
loUEDQ,,TWVqYWk6IEZpcnN0LCBwb3VyIHdhdGVyIGludG8gdGhlIHNtYWxsIGJvdHRsZS4=,,,,,TWVqYWk6IFByaW1laXJvLCBjb2xvcXVlIMOhZ3VhIG5vIHBlcXVlbm8gZnJhc2NvLg==,,TWVqYWk6IFByaW1lcm8sIGxsZW5hIGVsIGZyYXNjbyBwZXF1ZcOxbyBjb24gYWd1YS4=
l4UEDQ,,UG91ciAyMCBtbC4=,,,,,Q29sb2NhciAyMCBtbC4=,,UG9uZXIgMjAgbWwu
mIUEDQ,,UG91ciAzMCBtbC4=,,,,,Q29sb2NhciAzMCBtbC4=,,UG9uZXIgMzAgbWwu
mYUEDQ,,UG91ciA0MCBtbC4=,,,,,Q29sb2NhciA0MCBtbC4=,,UG9uZXIgNDAgbWwu
moUEDQ,,UG91ciA1MCBtbC4=,,,,,Q29sb2NhciA1MCBtbC4=,,UG9uZXIgNTAgbWwu
m4UEDQ,,TWVqYWk6IE5vdyB3ZeKAmWxsIGFkZCBhbmQgbWl4IHRoZSBzZWNyZXQgcG93ZGVyIEkgbWFkZSBpbnRvIHRoZSB3YXRlci4=,,,,,TWVqYWk6IEFnb3JhIHZhbW9zIGFkaWNpb25hciDDoCDDoWd1YSBvIHDDsyBzZWNyZXRvIHF1ZSBldSBmaXogZSBtaXN0dXJhci4=,,TWVqYWk6IEFob3JhIHZhbW9zIGEgZWNoYXIgeSBtZXpjbGFyIGVuIGVsIGFndWEgZWwgcG9sdm8gc2VjcmV0byBxdWUgaGUgcHJlcGFyYWRvLg==
nIUEDQ,,TWVqYWk6IE1peCBpbiBhbiBhcHByb3ByaWF0ZSBhbW91bnQu,,,,,TWVqYWk6IE1pc3R1cmUgdW1hIHF1YW50aWRhZGUgYWRlcXVhZGEu,,TWVqYWk6IE1lemNsYSB1bmEgY2FudGlkYWQgYWRlY3VhZGEu
nYUEDQ,,QWRkIDIgZy4=,,,,,QWRpY2lvbmFyIDIgZy4=,,UG9uZXIgMiBnLg==
noUEDQ,,QWRkIDQgZy4=,,,,,QWRpY2lvbmFyIDQgZy4=,,UG9uZXIgNCBnLg==
n4UEDQ,,QWRkIDYgZy4=,,,,,QWRpY2lvbmFyIDYgZy4=,,UG9uZXIgNiBnLg==
oIUEDQ,,QWRkIDggZy4=,,,,,QWRpY2lvbmFyIDggZy4=,,UG9uZXIgOCBnLg==
oYUEDQ,,TWVqYWk6IEFuZCBub3csIGZpbmFsbHks,,,,,TWVqYWk6IEFnb3JhLCBwb3IgZmltLA==,,TWVqYWk6IEJpZW4sIHkgYWhvcmEsIHBvciDDumx0aW1vLA==
ooUEDQ,,TWVqYWk6IFBsYWNlIHRoZSBjdXQgZW5kIG9mIHRoZSBzdGVtIGludG8gdGhlIGNvbnRhaW5lciB3aGVyZSB5b3UganVzdCBtaXhlZCB0aGUgd2F0ZXIgYW5kIHNlY3JldCBwb3dkZXIsIGFuZCBwYWNrYWdlIGl0LCBhbmQgdGhlbiE=,,,,,TWVqYWk6IGJhc3RhIGNvbG9jYXIgYSBwb250YSBkbyBjYXVsZSBjb3J0YWRvIG5vIHJlY2lwaWVudGUgY29tIGEgw6FndWEgZSBvIHDDsyBzZWNyZXRvIGUgZW1iYWxhciE=,,TWVqYWk6IMKhbWV0ZSBlbCBleHRyZW1vIGRlbCB0YWxsbyBjb3J0YWRvIGVuIGVsIHJlY2lwaWVudGUgZG9uZGUgaGFzIG1lemNsYWRvIGVsIGFndWEgeSBlbCBwb2x2byBzZWNyZXRvLCB5IHNvbG8gcXVlZGFyw6EgZW1wYXF1ZXRhcmxvIQ==
o4UEDQ,,TWVqYWk6IENvbXBsZXRlISBOb3cgdGhlbiwgY291bGQgeW91IGJyaW5nIG1lIHRoZSBIYWxmIEZsb3dlciB5b3UganVzdCBnYXRoZXJlZD8=,,,,,TWVqYWk6IFByb250byEgRW50w6NvLCBwb2RlIG1lIHRyYXplciBhIEZsb3IgQmljb2xvciBxdWUgYWNhYm91IGRlIGNvbGhlcj8=,,TWVqYWk6IMKhTGlzdG8hIEVudG9uY2VzLCDCv3BvZHLDrWFzIHRyYWVybWUgbGEgTWVkaWEgRmxvciBxdWUgYWNhYmFzIGRlIHJlY29sZWN0YXI/
pIUEDQ,,Rmxvd2VyIFJvb20=,,,,,U2FsYSBkYXMgRmxvcmVz,,U2FsYSBkZSBGbG9yZXM=
pYUEDQ,,W01lamFpXQpZb3XigJlyZSBoZXJlPyBJ4oCZbSBzb3JyeSwgYnV0IEkgaGF2ZW7igJl0IG9wZW5lZCAiRmxvd2VyIFJvb20iIHlldC4gU2luY2UgaXTigJlzIHRoZSBmaXJzdCBkYXksIHRoZXJl4oCZcyBhIGxvdCB0byBwcmVwYXJlLg==,,,,,W01lamFpXQpDaGVnb3U/IE1lIGRlc2N1bHBlLCBtYXMgYSAiU2FsYSBkYXMgRmxvcmVzIiBhaW5kYSBuw6NvIGFicml1LiBDb21vIMOpIG8gcHJpbWVpcm8gZGlhLCBhaW5kYSB0ZW5obyBtdWl0YSBjb2lzYSBwYXJhIHByZXBhcmFyLg==,,W01lamFpXQrCv0hhIHZlbmlkbz8gTG8gc2llbnRvLCBwZXJvIHRvZGF2w61hIG5vIGhlIGFiaWVydG8gIlNhbGEgZGUgRmxvcmVzIi4gQ29tbyBlcyBlbCBwcmltZXIgZMOtYSwgdG9kYXbDrWEgdGVuZ28gcXVlIHByZXBhcmFyIG11Y2hhcyBjb3Nhcy4=
poUEDQ,,W01lamFpXQpJ4oCZbGwgbWFrZSBzdXJlIHRvIG9wZW4gYmVmb3JlIHRvbyBsb25nLCBzbyBzZWUgeW91IHRoZW4u,,,,,W01lamFpXQpWb3UgYWJyaXIgc2VtIGRlbW9yYSwgZW50w6NvIG5vcyB2ZW1vcyBkZXBvaXMu,,W01lamFpXQpBYnJpcsOpIHNpbiByZXRyYXNhcm1lIGRlbWFzaWFkbywgYXPDrSBxdWUgbm9zIHZlbW9zIGVudG9uY2VzLg==
p4UEDQ,,TWVqYWk6IEFscmlnaHQhIFRvZGF54oCZcyB3b3JrIGlzIGRvbmUu,,,,,TWVqYWk6IE11aXRvIGJlbSEgTyB0cmFiYWxobyBkZSBob2plIHRlcm1pbmEgYXF1aS4=,,TWVqYWk6IMKhTXV5IGJpZW4hIEVsIHRyYWJham8gZGUgaG95IGhhIHRlcm1pbmFkby4=
qIUEDQ,,TWVqYWk6IEdvIGhvbWUgYW5kIGRldm90ZSB5b3Vyc2VsZiB0byB5b3VyIGhvdXNlaG9sZC4gVGhpcyBpc27igJl0IHRoZSBvbmx5IHdvcmsgeW91IGRvLCBhZnRlciBhbGwu,,,,,TWVqYWk6IFbDoSBwYXJhIGNhc2EgZSBzZWphIGRlZGljYWRvIMOgIHN1YSB2aWRhLiBBZmluYWwsIGVzdGUgbsOjbyDDqSBvIHNldSDDum5pY28gdHJhYmFsaG8u,,TWVqYWk6IFZ1ZWx2YSBhIGNhc2EgeSBzZWEgcmVzcG9uc2FibGUgY29uIHN1IGZhbWlsaWEuIEVzdGUgbm8gZXMgZWwgw7puaWNvIHRyYWJham8gcXVlIGhhY2UsIMK/dmVyZGFkPw==
qYUEDQ,,TWVqYWk6IEFoLCB5b3XigJlyZSBoZXJlPyBTaGFsbCB3ZSBzdGFydCBlbmVyZ2V0aWNhbGx5IGFnYWluIHRvZGF5Pw==,,,,,TWVqYWk6IEFoLCB2b2PDqiBjaGVnb3U/IFZhbW9zIGNvbWXDp2FyIGhvamUgY29tIGVuZXJnaWEgdGFtYsOpbT8=,,TWVqYWk6IEFoLCDCv2hhIHZlbmlkbz8gwr9FbXBlemFtb3MgaG95IHRhbWJpw6luIGNvbiBlbmVyZ8OtYT8=
qoUEDQ,,W01lamFpXQpXZWxjb21lLiBJIHdhcyBqdXN0IHBsYW5uaW5nIGEgbW9kZXN0IG9wZW5pbmcgY2VyZW1vbnkgZm9yICJGbG93ZXIgUm9vbSIu,,,,,W01lamFpXQpTZWphIGJlbS12aW5kby4gRXUgZXN0YXZhIGp1c3RhbWVudGUgcGxhbmVqYW5kbyBmYXplciB1bWEgcGVxdWVuYSBjZXJpbcO0bmlhIGRlIGFiZXJ0dXJhIGRhICJTYWxhIGRhcyBGbG9yZXMiLg==,,W01lamFpXQpCaWVudmVuaWRvLiBKdXN0byBlc3RhYmEgcGVuc2FuZG8gZW4gaGFjZXIgdW5hIHBlcXVlw7FhIGluYXVndXJhY2nDs24gZGUgIlNhbGEgZGUgRmxvcmVzIi4=
q4UEDQ,,W01lamFpXQpBaGVtLi4=,,,,,W01lamFpXQpBaGFtLi4u,,W01lamFpXQpFamVtLi4u
rIUEDQ,,W01lamFpXQpOb3QgZXZlcnlvbmUgd2hvIHNob3VsZCBoYXZlIGJlZW4gaGVyZSBpcyBwcmVzZW50LCBidXQgSSBzaW5jZXJlbHkgdGhhbmsgdGhvc2Ugd2hvIGF0dGVuZGVkIGFuZCBob25vcmVkIHRoZSBvY2Nhc2lvbi4=,,,,,W01lamFpXQpOZW0gdG9kb3MgcHVkZXJhbSBjb21wYXJlY2VyLCBtYXMgc291IHJlYWxtZW50ZSBncmF0byBhIHRvZG9zIHF1ZSB2aWVyYW0gZSBwcmVzdGlnaWFyYW0gZXN0ZSBtb21lbnRvLg==,,W01lamFpXQpBdW5xdWUgbm8gdG9kb3MgaGFuIHBvZGlkbyBhc2lzdGlyIGhveSwgcXVpZXJvIGRhciBzaW5jZXJhbWVudGUgbGFzIGdyYWNpYXMgYSBxdWllbmVzIHPDrSBoYW4gdmVuaWRvIHkgaGFuIGhvbnJhZG8gZXN0ZSBsdWdhciBjb24gc3UgcHJlc2VuY2lhLg==
rYUEDQ,,W01lamFpXQpJIHJlYWxseSBoYXZlIHRvIHN1Y2NlZWQu,,,,,W01lamFpXQpFdSByZWFsbWVudGUgcHJlY2lzbyB0ZXIgc3VjZXNzby4=,,W01lamFpXQpUZW5nbyBxdWUgdHJpdW5mYXIsIGRlIHZlcmRhZC4=
roUEDQ,,W01lamFpXQpJIGtub3cgSSBzaG91bGRu4oCZdCBzYXkgdGhpcywgYnV0IEkgc3RhcnRlZCB0aGlzIGJ1c2luZXNzIGJ5IHNjcmFwaW5nIHRvZ2V0aGVyIGV2ZXJ5IGNvaW4gSSBoYWQu,,,,,W01lamFpXQpFdSBzZWkgcXVlIG7Do28gZGV2ZXJpYSBmYXplciBpc3NvLCBtYXMgcmV1bmkgdG9kbyBvIGRpbmhlaXJvIHF1ZSB0aW5oYSBlIG7Do28gdGluaGEgcGFyYSBjb21lw6dhciBlc3RlIG5lZ8OzY2lvLg==,,W01lamFpXQpTw6kgcXVlIG5vIGRlYmVyw61hIGRlY2lyIGVzdG8sIHBlcm8gaGUgcmV1bmlkbyBoYXN0YSBlbCDDumx0aW1vIGPDqW50aW1vIHF1ZSB0ZW7DrWEsIHkgdGFtYmnDqW4gZWwgcXVlIG5vIHRlbsOtYSwgcGFyYSBlbXBlemFyIGVzdGUgbmVnb2Npby4=
r4UEDQ,,W01lamFpXQpJIGhhdmUgbm8gd2F5IGJhY2suIFNvIEnigJlsbCBkbyBteSBiZXN0LCBhbmQgSSBhc2sgdGhhdCBteSBlbXBsb3llZXMgZG8gdGhlaXIgYmVzdCBhcyB3ZWxsLg==,,,,,W01lamFpXQpOw6NvIHRlbmhvIHBhcmEgb25kZSByZWN1YXIuIEVudMOjbyBldSB0YW1iw6ltIGRhcmVpIG8gbWV1IG1lbGhvciwgZSBwZcOnbyBxdWUgb3MgZnVuY2lvbsOhcmlvcyBmYcOnYW0gbyBtZXNtby4=,,W01lamFpXQpObyB0ZW5nbyBtYXJjaGEgYXRyw6FzLiBBc8OtIHF1ZSB5byB0YW1iacOpbiBkYXLDqSBsbyBtZWpvciBkZSBtw60sIHkgZXNwZXJvIHF1ZSBsb3MgZW1wbGVhZG9zIHRhbWJpw6luIGRlbiBsbyBtZWpvciBkZSBzw60u
sIUEDQ,,W01lamFpXQpJIHdpbGwgc3RyaXZlIHRvIGJlIGEgYm9zcyB3aG8gcmV3YXJkcyB0aGUgYmVzdCB5b3UgZ2l2ZS4=,,,,,W01lamFpXQpWb3UgbWUgZXNmb3LDp2FyIHBhcmEgc2VyIHVtIHBhdHLDo28gcXVlIHJldHJpYnVpIG8gbWVsaG9yIHF1ZSB2b2PDqnMgZGVyZW0u,,W01lamFpXQpNZSBlc2ZvcnphcsOpIHBvciBzZXIgdW4gamVmZSBxdWUgc2VwYSBjb3JyZXNwb25kZXIgYSB0b2RvIGVzZSBlc2Z1ZXJ6byBxdWUgcG9uZ8OhaXMu
sYUEDQ,,W01lamFpXQpPcGVuaW5nIGNlcmVtb255IG92ZXIhIE5vdyB0aGVuLCBzaGFsbCB3ZSBnZXQgdG8gd29yaz8=,,,,,W01lamFpXQpGaW0gZGEgY2VyaW3DtG5pYSBkZSBhYmVydHVyYSEgQWdvcmEsIHZhbW9zIHRyYWJhbGhhciBjb20gw6JuaW1vPw==,,W01lamFpXQrCoUZpbiBkZSBsYSBpbmF1Z3VyYWNpw7NuISBFbnRvbmNlcywgwr9ub3MgcG9uZW1vcyB5YSBhIHRyYWJhamFyIGNvbiBnYW5hcz8=
soUEDQ,,TWVqYWk6IFlvdeKAmXJlIGhlcmU/IFRvZGF5IGFzIHdlbGwuLg==,,,,,TWVqYWk6IFZvY8OqIGNoZWdvdT8gSG9qZSB0YW1iw6ltLi4=,,TWVqYWk6IMK/SGEgdmVuaWRvPyBIb3kgdGFtYmnDqW4uLi4=
s4UEDQ,,Q3VzdG9tZXI6IEFoZW0uLg==,,,,,Q2xpZW50ZTogQWhhbS4u,,Q2xpZW50ZTogRWplbS4uLg==
tIUEDQ,,TWVqYWk6IEFoISBBZHZlbnR1cmVyLCBqdXN0IGEgbW9tZW50Lg==,,,,,TWVqYWk6IEFoISBBdmVudHVyZWlybywgc8OzIHVtIG1vbWVudG8u,,TWVqYWk6IMKhQWghIEF2ZW50dXJlcm8sIHVuIG1vbWVudG8sIHBvciBmYXZvci4=
tYUEDQ,,W01lamFpXQpXZWxjb21lLiBTaGFsbCBJIHByZXBhcmUgeW91ciB1c3VhbCBvcmRlciB0b2RheSBhcyB3ZWxsLCBzaXI/,,,,,W01lamFpXQpTZWphIGJlbS12aW5kby4gQ2xpZW50ZSwgcXVlciBxdWUgZXUgcHJlcGFyZSBjb21vIGRlIGNvc3R1bWUgaG9qZSB0YW1iw6ltPw==,,W01lamFpXQpCaWVudmVuaWRvLiBDbGllbnRlLCDCv2xlIGRveSBob3kgdGFtYmnDqW4gbG8gZGUgc2llbXByZT8=
toUEDQ,,W0N1c3RvbWVyXQpBaGVtLi4gQXMgYWx3YXlzLCBJ4oCZbGwgbGVhdmUgaXQgaW4geW91ciBoYW5kcy4gSG0uLg==,,,,,W0NsaWVudGVdCkFoYW0uLiBjb21vIHNlbXByZSwgY29udG8gY29tIHZvY8OqLiBIdW0uLg==,,W0NsaWVudGVdCkVqZW0uLi4gY29tbyBzaWVtcHJlLCBjdWVudG8gY29udGlnby4gSG1tLi4u
t4UEDQ,,W01lamFpXQpJcyB0aGVyZSBhbnl0aGluZyBlbHNlIHlvdSBuZWVkLCBzaXI/,,,,,W01lamFpXQpQcmVjaXNhIGRlIG1haXMgYWxndW1hIGNvaXNhLCBjbGllbnRlPw==,,W01lamFpXQrCv05lY2VzaXRhIGFsZ28gbcOhcywgY2xpZW50ZT8=
uIUEDQ,,W0N1c3RvbWVyXQpNeSBnb29kIHNob3BrZWVwZXIgZnJpZW5kLCBJ4oCZbSB2ZXJ5IGJ1c3kgd2l0aCB3b3JrLCBzbyBpdOKAmXMgZGlmZmljdWx0IGZvciBtZSB0byBjb21lIGJ1eSBmbG93ZXJzIGV2ZXJ5IHRpbWUu,,,,,W0NsaWVudGVdClZlamEgYmVtLCBtZXUgYW1pZ28gZG9ubyBkYSBsb2phLiBDb21vIGFuZG8gbXVpdG8gb2N1cGFkbywgZmljYSBkaWbDrWNpbCB2aXIgY29tcHJhciBmbG9yZXMgdG9kYSB2ZXou,,W0NsaWVudGVdCk9pZ2EsIGFtaWdvIG3DrW8sIHNlw7FvciBkdWXDsW8uIENvbW8gYW5kbyBtdXkgYXRhcmVhZG8sIG1lIHJlc3VsdGEgZGlmw61jaWwgdmVuaXIgYSBjb21wcmFyIGZsb3JlcyBjYWRhIHZlei4=
uYUEDQ,,W0N1c3RvbWVyXQpEb2VzIEZsb3dlciBSb29tIGhhdmUgYW55IHBsYW5zIHRvIG9mZmVyIGEgZGVsaXZlcnkgc2VydmljZT8=,,,,,W0NsaWVudGVdCkEgU2FsYSBkYXMgRmxvcmVzIG7Do28gcGVuc2EgZW0gb2ZlcmVjZXIgc2VydmnDp28gZGUgZW50cmVnYT8=,,W0NsaWVudGVdCsK/Tm8gZXN0w6EgcGVuc2FuZG8gwqtTYWxhIGRlIEZsb3JlcyBlbiBvZnJlY2VyIHVuIHNlcnZpY2lvIGRlIGVudHJlZ2E/
uoUEDQ,,W01lamFpXQpVaC4u,,,,,W01lamFpXQpBaC4u,,W01lamFpXQpFaC4uLg==
u4UEDQ,,WWVzLiBUaGUgYnVzaW5lc3MgaXMgZ3JhZHVhbGx5IHN0YWJpbGl6aW5nLCBhbmQgd2Ugd2VyZSBwcmVwYXJpbmcgYSBkZWxpdmVyeSBzZXJ2aWNlIGFzIHdlbGwu,,,,,U2ltLiBPIG5lZ8OzY2lvIGrDoSBlc3TDoSBtYWlzIGVzdMOhdmVsLCBlIGV1IGrDoSBlc3RhdmEgcHJlcGFyYW5kbyBvIHNlcnZpw6dvIGRlIGVudHJlZ2Eu,,Q2xhcm8uIEVsIG5lZ29jaW8geWEgdmEgYXNlbnTDoW5kb3NlIHBvY28gYSBwb2NvIHkganVzdG8gZXN0w6FiYW1vcyBwcmVwYXJhbmRvIHRhbWJpw6luIGVsIHNlcnZpY2lvIGRlIGVudHJlZ2Eu
vIUEDQ,,W0N1c3RvbWVyXQpIZWggaGVoLi4gc3BsZW5kaWQsIHRoZW4gc3RhcnRpbmcgdG9kYXksIHBsZWFzZSBkZWxpdmVyIHRoZW0uIEnigJlsbCB0ZWxsIHlvdSB3aG8gd2lsbCBoYW5kbGUgdGhlIGRlbGl2ZXJpZXMu,,,,,W0NsaWVudGVdCkhlaGUuLiBxdWUgYm9tLCBlbnTDo28gYSBwYXJ0aXIgZGUgaG9qZSBlbnRyZWd1ZSBwYXJhIG1pbS4gVm91IGxoZSBkaXplciBhIHF1ZW0gZGV2ZSBlbnRyZWdhci4=,,W0NsaWVudGVdCkplLCBqZS4uLiBtYWduw61maWNvLiBFbnRvbmNlcywgZGVzZGUgaG95IG1pc21vLCBow6FnYW1lbG8gbGxlZ2FyLiBMZSBkaXLDqSBhIGxhIHBlcnNvbmEgZW5jYXJnYWRhIGRlIGxhIGVudHJlZ2Eu
vYUEDQ,,W0N1c3RvbWVyXQpUaGVuIEnigJlsbCBsZWF2ZSBpdCB0byB5b3Uu,,,,,W0NsaWVudGVdCkVudMOjbyBjb250byBjb20gdm9jw6ou,,W0NsaWVudGVdCkVudG9uY2VzLCBzZSBsbyBlbmNhcmdvLg==
voUEDQ,,W01lamFpXQpIYWhhaGEuLi4gV2hhdCBzaG91bGQgSSBkbz8gSSB0aGluayBJIG1lc3NlZCB1cC4gQSBkZWxpdmVyeSBzZXJ2aWNlLi4u,,,,,W01lamFpXQpIYWhhaGEuLi4gZSBhZ29yYT8gQWNobyBxdWUgbWUgbWV0aSBlbSBlbmNyZW5jYS4gU2VydmnDp28gZGUgZW50cmVnYS4uLg==,,W01lamFpXQpKYSwgamEsIGphLi4uIMK/cXXDqSBoYWNlbW9zPyBDcmVvIHF1ZSBsYSBoZSBsaWFkby4gwr9TZXJ2aWNpbyBkZSBlbnRyZWdhLi4uPw==
v4UEDQ,,W01lamFpXQpJIHRob3VnaHQgaXQgd2FzIHN0aWxsIHRvbyBlYXJseS4u,,,,,W01lamFpXQpBY2hvIHF1ZSBhaW5kYSDDqSBjZWRvIGRlbWFpcy4uLg==,,W01lamFpXQpDcmVvIHF1ZSB0b2RhdsOtYSBlcyBkZW1hc2lhZG8gcHJvbnRvLi4u
wIUEDQ,,W01lamFpXQpXZWxsLCBpdCBjYW7igJl0IGJlIGhlbHBlZC4gU2luY2UgaXTigJlzIGNvbWUgdG8gdGhpcywgd2XigJlsbCBoYXZlIHRvIHN0YXJ0IHRoZSBkZWxpdmVyeSBzZXJ2aWNlIGZyb20gdG9kYXku,,,,,W01lamFpXQpNYXMgbsOjbyBow6EgbyBxdWUgZmF6ZXIuIErDoSBxdWUgY2hlZ291IGEgZXNzZSBwb250bywgYSBwYXJ0aXIgZGUgaG9qZSB2YW1vcyB0ZXIgcXVlIGNvbWXDp2FyIHRhbWLDqW0gbyBzZXJ2acOnbyBkZSBlbnRyZWdhLg==,,W01lamFpXQpQZXJvIG5vIGhheSBtw6FzIHJlbWVkaW8uIFlhIHF1ZSBoYSBxdWVkYWRvIGFzw60sIGEgcGFydGlyIGRlIGhveSB0ZW5kcmVtb3MgcXVlIGVtcGV6YXIgdGFtYmnDqW4gY29uIGVsIHNlcnZpY2lvIGRlIGVudHJlZ2Eu
wYUEDQ,,W01lamFpXQpJZiB5b3XigJlyZSBpbnRlcmVzdGVkLCBwbGVhc2UgaGVscCBvdXQgYSBsb3Qgd2l0aCB0aGUgZGVsaXZlcnkgc2VydmljZSBhcyB3ZWxsLg==,,,,,W01lamFpXQpTZSB0aXZlciBpbnRlcmVzc2UsIHBvciBmYXZvciwgYWp1ZGUgYmFzdGFudGUgdGFtYsOpbSBjb20gbyBzZXJ2acOnbyBkZSBlbnRyZWdhLg==,,W01lamFpXQpTaSBsZSBpbnRlcmVzYSwgYXnDumRlbm9zIG11Y2hvIHRhbWJpw6luIGNvbiBlbCBzZXJ2aWNpbyBkZSBlbnRyZWdhLg==
woUEDQ,,SGVsbG8uIExldOKAmXMgZG8gb3VyIGJlc3QgYWdhaW4gdG9kYXku,,,,,T2zDoS4gVmFtb3MgZGFyIG8gbm9zc28gbWVsaG9yIGhvamUgdGFtYsOpbS4=,,SG9sYS4gRGVtb3MgbG8gbWVqb3IgZGUgbm9zb3Ryb3MgaG95IHRhbWJpw6luLg==
w4UEDQ,,SGVsbG8uIERpZCB5b3UgZ2V0IHNvbWUgcmVzdD8gVG9tb3Jyb3cgYWxyZWFkeSBzdGFydHMgYSBuZXcgd2Vlay4=,,,,,T2zDoS4gQ29uc2VndWl1IGRlc2NhbnNhciB1bSBwb3Vjbz8gQW1hbmjDoyBqw6EgY29tZcOnYSB1bWEgbm92YSBzZW1hbmEu,,SG9sYS4gwr9IYSBkZXNjYW5zYWRvIGJpZW4/IFlhIG1hw7FhbmEgZW1waWV6YSBvdHJhIHNlbWFuYS4=
xIUEDQ,,SGVsbG8uIEl04oCZcyB0aGUgZmlyc3QgZGF5IG9mIHRoZSB3ZWVrLCBzbyBsZXTigJlzIGRvIG91ciBiZXN0Lg==,,,,,T2zDoS4gw4kgbyBwcmltZWlybyBkaWEgZGEgc2VtYW5hLCBlbnTDo28gdmFtb3MgZGFyIG8gbm9zc28gbWVsaG9yLg==,,SG9sYS4gQ29tbyBob3kgZW1waWV6YSBsYSBzZW1hbmEsIHZhbW9zIGEgZGFybG8gdG9kby4=
xYUEDQ,,SGVsbG8uIExldOKAmXMgc3RhcnQgdG9kYXkgd2l0aCBicmlnaHQgc21pbGVzLg==,,,,,T2zDoS4gVmFtb3MgY29tZcOnYXIgaG9qZSBjb20gdW0gc29ycmlzbyByYWRpYW50ZS4=,,SG9sYS4gSG95IGVtcGVjZW1vcyBjb24gdW5hIHNvbnJpc2EgcmFkaWFudGUu
xoUEDQ,,SGVsbG8uIEl04oCZcyBhbHJlYWR5IHRoZSBtaWRkbGUgb2YgdGhlIHdlZWsuIExldOKAmXMgZG8gb3VyIGJlc3Qu,,,,,T2zDoS4gSsOhIGVzdGFtb3MgbmEgbWV0YWRlIGRhIHNlbWFuYS4gVmFtb3MgZGFyIG8gbm9zc28gbWVsaG9yLg==,,SG9sYS4gWWEgaGVtb3MgbGxlZ2FkbyBhIGxhIG1pdGFkIGRlIGxhIHNlbWFuYS4gVmFtb3MgYSBkYXJsbyB0b2RvLg==
x4UEDQ,,SGVsbG8uIEl04oCZcyBUaHVyc2RheS4gRmVlbHMgbGlrZSB0aGUga2luZCBvZiBkYXkgd2hlbiB3ZSBuZWVkIHRvIHBhY2Ugb3Vyc2VsdmVzIHNvIHdlIGRvbuKAmXQgYnVybiBvdXQu,,,,,T2zDoS4gSsOhIMOpIHF1aW50YS1mZWlyYS4gUGFyZWNlIHF1ZSDDqSBob3JhIGRlIGNvbnRyb2xhciBvIHJpdG1vIHBhcmEgbsOjbyBzZSBlc2dvdGFyLg==,,SG9sYS4gWWEgZXMganVldmVzLiBQYXJlY2UgdW4gbW9tZW50byBlbiBlbCBxdWUgaGFjZSBmYWx0YSByZWd1bGFyIGVsIHJpdG1vIHBhcmEgbm8gYWdvdGFyc2Uu
yIUEDQ,,SGVsbG8uIEl04oCZcyBhbHJlYWR5IHRoZSBsYXN0IGRheSBvZiB0aGlzIHdlZWsuIExldOKAmXMgZmluaXNoIGl0IHdlbGwgdG9vLg==,,,,,T2zDoS4gSsOhIMOpIG8gw7psdGltbyBkaWEgZGVzdGEgc2VtYW5hLiBWYW1vcyBlbmNlcnLDoS1sYSBiZW0gdGFtYsOpbS4=,,SG9sYS4gWWEgZXMgZWwgw7psdGltbyBkw61hIGRlIGxhIHNlbWFuYS4gVmFtb3MgYSBjZXJyYXIgYmllbiBlc3RhIHNlbWFuYSB0YW1iacOpbi4=
yYUEDQ,,SGVsbG8uIEl04oCZcyBTYXR1cmRheSB0b2RheSwgc28gaG93IGFib3V0IHdvcmtpbmcgd2l0aCBhIG1vcmUgcmVsYXhlZCBtaW5kc2V0Pw==,,,,,T2zDoS4gSG9qZSDDqSBzw6FiYWRvLCBlbnTDo28gcXVlIHRhbCB0cmFiYWxoYXIgY29tIHVtIHBvdWNvIG1haXMgZGUgdHJhbnF1aWxpZGFkZT8=,,SG9sYS4gSG95IGVzIHPDoWJhZG8sIMK/cXXDqSBsZSBwYXJlY2Ugc2kgdHJhYmFqYW1vcyBjb24gdW4gcG9jbyBtw6FzIGRlIGNhbG1hPw==
yoUEDQ,,TWVqYWk6IHswfQ==,,,,,TWVqYWk6IHswfQ==,,TWVqYWk6IHswfQ==
y4UEDQ,,SeKAmW0gYnVzeSByaWdodCBub3cuLg==,,,,,QWdvcmEgZXN0b3Ugb2N1cGFkby4u,,QWhvcmEgbWlzbW8gZXN0b3kgb2N1cGFkby4uLg==
zIUEDQ,,SGFsZiBGbG93ZXIgR2F0aGVyaW5n,,,,,RmxvciBCaWNvbG9yIENvbGV0YQ==,,TWVkaWEgRmxvciBSZWNvbGVjY2nDs24=
zYUEDQ,,SGFsZiBGbG93ZXIgRGVsaXZlcnk=,,,,,RmxvciBCaWNvbG9yIEVudHJlZ2E=,,TWVkaWEgRmxvciBFbnRyZWdh
zoUEDQ,,W01lamFpXQpBaCEgU28geW91IGNhbWUgb25seSB0byBhdHRlbmQgdGhlIG9wZW5pbmcgY2VyZW1vbnkgd2hpbGUgeW91IHdlcmUgYnVzeS4=,,,,,W01lamFpXQpBaCEgRW50w6NvIHZvY8OqIHZlaW8gc8OzIHBhcmEgcGFydGljaXBhciBkYSBjZXJpbcO0bmlhIGRlIGFiZXJ0dXJhLCBtZXNtbyBlc3RhbmRvIG9jdXBhZG8u,,W01lamFpXQrCoUFoISBWZW8gcXVlLCBhIHBlc2FyIGRlIGVzdGFyIG9jdXBhZG8sIGFsIG1lbm9zIGhhIHZlbmlkbyBhIGxhIGluYXVndXJhY2nDs24u
z4UEDQ,,W01lamFpXQpUaGFuayB5b3UgdmVyeSBtdWNoLiBJ4oCZbGwgd29yayBoYXJkLg==,,,,,W01lamFpXQpNdWl0byBvYnJpZ2Fkby4gVm91IG1lIGVzZm9yw6dhciBiYXN0YW50ZS4=,,W01lamFpXQpNdWNoYXMgZ3JhY2lhcy4gTWUgZXNmb3J6YXLDqSBhbCBtw6F4aW1vLg==
0IUEDQ,,TWVqYWk6IEl0IHNlZW1zIHlvdSBtdXN0IGJlIGJ1c3kgd2l0aCBzb21ldGhpbmcuIFBsZWFzZSBjb21lIGJ5IHdoZW5ldmVyIGl0IGlzIGNvbnZlbmllbnQgZm9yIHlvdS4=,,,,,TWVqYWk6IFBhcmVjZSBxdWUgdm9jw6ogZGV2ZSBlc3RhciBvY3VwYWRvLiBWZW5oYSBxdWFuZG8gZm9yIG1lbGhvciBwYXJhIHZvY8OqLg==,,TWVqYWk6IFBhcmVjZSBxdWUgdGllbmUgYWxnbyBxdWUgaGFjZXIuIFZlbmdhIGN1YW5kbyBsZSByZXN1bHRlIGPDs21vZG8u
0YUEDQ,,TWVqYWk6IERpZG7igJl0IHlvdSBzYXkgeW91IHdlcmUgZ29pbmcgdG8gbWFrZSBkZWxpdmVyaWVzPyBQbGVhc2UgZm9jdXMgb25seSBvbiBkZWxpdmVyaWVzIHRvZGF5Lg==,,,,,TWVqYWk6IFZvY8OqIG7Do28gZGlzc2UgcXVlIGZhcmlhIGFzIGVudHJlZ2FzPyBIb2plLCBjb25jZW50cmUtc2UgYXBlbmFzIG5hcyBlbnRyZWdhcy4=,,TWVqYWk6IMK/Tm8gZGlqbyBxdWUgaWJhIGEgc2FsaXIgYSByZXBhcnRpcj8gUG9yIGhveSwgY29uY8OpbnRyZXNlIHNvbG8gZW4gbGFzIGVudHJlZ2FzLg==
0oUEDQ,,TWVqYWk6IEFyZSB5b3UgZ29pbmcgdG8gZ2F0aGVyIEhhbGYgRmxvd2VyPw==,,,,,TWVqYWk6IFZhaSBzYWlyIHBhcmEgY29sZXRhciBGbG9yIEJpY29sb3I/,,TWVqYWk6IMK/VmEgYSBpciBhIHJlY29sZWN0YXIgTWVkaWEgRmxvcj8=
04UEDQ,,SeKAmWxsIGdvIGdhdGhlciBpdC4=,,,,,Vm91IGNvbGV0YXIu,,SXLDqSBhIHJlY29sZWN0YXJsYS4=
1IUEDQ,,SeKAmWxsIHNraXAgaXQgdG9kYXku,,,,,SG9qZSB2b3UgcHVsYXIu,,SG95IGxvIGRlamFyw6kgcGFzYXIu
1YUEDQ,,TWVqYWk6IFRvZGF5LCBwbGVhc2Uga2VlcCBhbiBleWUgb3V0IGZvciBIYWxmIEZsb3dlcnMgYmxvb21pbmcgbmVhciByb2Nrcy4=,,,,,TWVqYWk6IEhvamUsIHByZXN0ZSBhdGVuw6fDo28gZXNwZWNpYWwgw6BzIEZsb3JlcyBCaWNvbG9yZXMgcXVlIGZsb3Jlc2NlbSBwZXJ0byBkYXMgcGVkcmFzLg==,,TWVqYWk6IEhveSwgZsOtamVzZSBiaWVuIGVuIGxhcyBNZWRpYXMgRmxvcmVzIHF1ZSBmbG9yZWNlbiBjZXJjYSBkZSBsYXMgcm9jYXMu
1oUEDQ,,TWVqYWk6IFRvZGF5LCBwbGVhc2Uga2VlcCBhbiBleWUgb3V0IGZvciBIYWxmIEZsb3dlcnMgYmxvb21pbmcgb24gZmxhdCBncm91bmQu,,,,,TWVqYWk6IEhvamUsIHByZXN0ZSBhdGVuw6fDo28gZXNwZWNpYWwgw6BzIEZsb3JlcyBCaWNvbG9yZXMgcXVlIGZsb3Jlc2NlbSBuYSBwbGFuw61jaWUu,,TWVqYWk6IEhveSwgZsOtamVzZSBiaWVuIGVuIGxhcyBNZWRpYXMgRmxvcmVzIHF1ZSBmbG9yZWNlbiBlbiB0ZXJyZW5vIGxsYW5vLg==
14UEDQ,,TWVqYWk6IFRvZGF5LCBwbGVhc2Uga2VlcCBhbiBleWUgb3V0IGZvciBIYWxmIEZsb3dlcnMgYmxvb21pbmcgbmVhciB0cmVlcy4=,,,,,TWVqYWk6IEhvamUsIHByZXN0ZSBhdGVuw6fDo28gZXNwZWNpYWwgw6BzIEZsb3JlcyBCaWNvbG9yZXMgcXVlIGZsb3Jlc2NlbSBwZXJ0byBkYXMgw6Fydm9yZXMu,,TWVqYWk6IEhveSwgZsOtamVzZSBiaWVuIGVuIGxhcyBNZWRpYXMgRmxvcmVzIHF1ZSBmbG9yZWNlbiBjZXJjYSBkZSBsb3Mgw6FyYm9sZXMu
2IUEDQ,,TWVqYWk6IFRvZGF5LCBwbGVhc2Uga2VlcCBhbiBleWUgb3V0IGZvciBIYWxmIEZsb3dlcnMgYmxvb21pbmcgbmVhciB0aGUgd2F0ZXIu,,,,,TWVqYWk6IEhvamUsIHByZXN0ZSBhdGVuw6fDo28gZXNwZWNpYWwgw6BzIEZsb3JlcyBCaWNvbG9yZXMgcXVlIGZsb3Jlc2NlbSBwZXJ0byBkYSDDoWd1YS4=,,TWVqYWk6IEhveSwgZsOtamVzZSBiaWVuIGVuIGxhcyBNZWRpYXMgRmxvcmVzIHF1ZSBmbG9yZWNlbiBjZXJjYSBkZWwgYWd1YS4=
2YUEDQ,,TWVqYWk6IFRoZW4hIEZpZ2h0aW5nIGFnYWluIHRvZGF5ISBQbGVhc2UgZG8geW91ciBiZXN0IGFuZCBicmluZyBiYWNrIGZyZXNoIEhhbGYgRmxvd2VyLg==,,,,,TWVqYWk6IEVudMOjbyEgQm9hIHNvcnRlIGhvamUgdGFtYsOpbSEgVHJhZ2EgdW1hIEZsb3IgQmljb2xvciBiZW0gZnJlc2NhLg==,,TWVqYWk6IMKhRW50b25jZXMhIMKhw4FuaW1vIGhveSB0YW1iacOpbiEgRXNmdcOpcmNlc2UgeSB0csOhaWdhbWUgdW5hIE1lZGlhIEZsb3IgZnJlc2NhLg==
2oUEDQ,,TWVqYWk6IEFoISBJcyB0aGF0IHNvPw==,,,,,TWVqYWk6IEFoISBWYWkgZmF6ZXIgaXNzbyBtZXNtbz8=,,TWVqYWk6IMKhQWghIMK/RGUgdmVyZGFkPw==
24UEDQ,,TWVqYWk6IFRoZSBkYXkgaXNu4oCZdCBvdmVyIHlldCwgc28gaWYgeW91IGZpbmlzaCB5b3VyIG90aGVyIHdvcmsgZWFybHksIHBsZWFzZSBoZWxwIG91dCBhdCBGbG93ZXIgUm9vbSBhcyB3ZWxsLg==,,,,,TWVqYWk6IE8gZGlhIGFpbmRhIG7Do28gYWNhYm91LCBlbnTDo28sIHNlIHRlcm1pbmFyIGNlZG8gbyBxdWUgdGVtIHBhcmEgZmF6ZXIsIGFqdWRlIHRhbWLDqW0gbm8gdHJhYmFsaG8gZGEgU2FsYSBkYXMgRmxvcmVzLg==,,TWVqYWk6IEHDum4gbm8gaGEgdGVybWluYWRvIGVsIGTDrWEsIGFzw60gcXVlIHNpIGFjYWJhIHByb250byBjb24gbG8gcXVlIHRlbmdhIHF1ZSBoYWNlciBob3ksIGF5dWRlIHRhbWJpw6luIGNvbiBlbCB0cmFiYWpvIGRlIEZsb3dlciBSb29tLg==
3IUEDQ,,TWVqYWk6IFRoZW4gaGF2ZSBhIGdvb2QgcmVzdCB0b2RheSwgYW5kIEnigJlsbCBzZWUgeW91IHRvbW9ycm93Lg==,,,,,TWVqYWk6IEVudMOjbyBkZXNjYW5zZSBiZW0gaG9qZSBlIG5vcyB2ZW1vcyBhbWFuaMOjLg==,,TWVqYWk6IEVudG9uY2VzIGRlc2NhbnNlIGJpZW4gaG95IHkgbm9zIHZlbW9zIG1hw7FhbmEu
3YUEDQ,,TWVqYWk6IFlvdSB3b3JrZWQgaGFyZCB0b2RheSBhcyB3ZWxsLiBMZWF2ZSB0aGUgcmVzdCB0byBtZS4=,,,,,TWVqYWk6IEJvbSB0cmFiYWxobyBob2plIHRhbWLDqW0uIERlaXhlIG8gcmVzdG8gY29taWdvLg==,,TWVqYWk6IEJ1ZW4gdHJhYmFqbyBob3kgdGFtYmnDqW4uIETDqWplbWUgZWwgcmVzdG8gYSBtw60u
3oUEDQ,,TWVqYWk6IFBsZWFzZSB3b3JrIGhhcmQgYWdhaW4gdG9kYXkgZm9yIGZyZXNoIEhhbGYgRmxvd2VyLg==,,,,,TWVqYWk6IE9icmlnYWRvIHBlbG8gZXNmb3LDp28gZGUgaG9qZSB0YW1iw6ltIGVtIG5vbWUgZGUgdW1hIEZsb3IgQmljb2xvciBmcmVzY2Eu,,TWVqYWk6IEhveSB0YW1iacOpbiwgZXNmdcOpcmNlc2UgcG9yIGNvbnNlZ3VpciBNZWRpYXMgRmxvcmVzIGJpZW4gZnJlc2Nhcy4=
34UEDQ,,TWVqYWk6IEl0IHNlZW1zIHNvbWUgcHJvYmxlbSBvY2N1cnJlZCBkdXJpbmcgdGhlIEhhbGYgRmxvd2VyIGdhdGhlcmluZyBwcm9jZXNzLg==,,,,,TWVqYWk6IFBhcmVjZSBxdWUgaG91dmUgYWxndW0gcHJvYmxlbWEgbm8gcHJvY2Vzc28gZGUgY29sZXRhIGRlIEZsb3IgQmljb2xvci4=,,TWVqYWk6IFBhcmVjZSBxdWUgaGEgc3VyZ2lkbyBhbGfDum4gcHJvYmxlbWEgZHVyYW50ZSBlbCBwcm9jZXNvIGRlIHJlY29sZWNjacOzbiBkZSBNZWRpYSBGbG9yLg==
4IUEDQ,,TWVqYWk6IEkgZml4ZWQgaXQgcm91Z2hseSBmb3Igbm93LCBidXQgaWYgdGhlIHNhbWUgaXNzdWUgaGFwcGVucyBhZ2FpbiwgcGxlYXNlIHRha2UgYSBzY3JlZW5zaG90IGFuZCBjb250YWN0IHRoZSBvcGVyYXRpb25zIHRlYW0u,,,,,TWVqYWk6IEV1IHJlc29sdmkgbWFpcyBvdSBtZW5vcywgbWFzIHNlIG8gbWVzbW8gcHJvYmxlbWEgYWNvbnRlY2VyIGRlIG5vdm8sIHRpcmUgdW1hIGNhcHR1cmEgZGUgdGVsYSBlIGVudHJlIGVtIGNvbnRhdG8gY29tIGEgZXF1aXBlIGRlIHN1cG9ydGUu,,TWVqYWk6IExvIGhlIHNvbHVjaW9uYWRvIG3DoXMgbyBtZW5vcyBwb3IgbWkgY3VlbnRhLCBwZXJvIHNpIHZ1ZWx2ZSBhIHBhc2FyIGxvIG1pc21vLCBoYWdhIHVuYSBjYXB0dXJhIGRlIHBhbnRhbGxhIHkgY29udGFjdGUgY29uIGVsIGVxdWlwbyBkZSBvcGVyYWNpb25lcy4=
4YUEDQ,,TWVqYWk6IEl04oCZcyBzdGlsbCBvbmx5IGEgc2VydmljZSBJ4oCZbSBjb25zaWRlcmluZy4gTWF5YmUgSeKAmWxsIHN0YXJ0IGl0IG9uY2UgdGhlIGJ1c2luZXNzIGlzIGEgbGl0dGxlIG1vcmUgc3RhYmxlPw==,,,,,TWVqYWk6IEFpbmRhIMOpIHVtIHNlcnZpw6dvIHPDsyBlbSBmYXNlIGRlIGlkZWlhLiBUYWx2ZXogZXUgY29tZWNlIHF1YW5kbyBvIG5lZ8OzY2lvIGVzdGl2ZXIgdW0gcG91Y28gbWFpcyBlc3TDoXZlbC4=,,TWVqYWk6IEVzIHVuIHNlcnZpY2lvIGVuIGVsIHF1ZSB0b2RhdsOtYSBzb2xvIGVzdG95IHBlbnNhbmRvLiDCv05vIGRlYmVyw61hbW9zIGVtcGV6YXJsbyBjdWFuZG8gZWwgbmVnb2NpbyBlc3TDqSB1biBwb2NvIG3DoXMgZXN0YWJsZT8=
4oUEDQ,,TWVqYWk6IFdoZW4gdGhhdCB0aW1lIGNvbWVzLCBJ4oCZbGwgYmUgY291bnRpbmcgb24geW91Lg==,,,,,TWVqYWk6IFF1YW5kbyBlc3NlIG1vbWVudG8gY2hlZ2FyLCBjb250byBjb20gdm9jw6ou,,TWVqYWk6IEN1YW5kbyBsbGVndWUgZXNlIG1vbWVudG8sIGVzcGVybyBjb250YXIgY29uIHN1IGF5dWRhLg==
44UEDQ,,TWVqYWk6IERpZG7igJl0IHlvdSBzYXkgeW91IHdlcmUgZ29pbmcgdG8gZ2F0aGVyIEhhbGYgRmxvd2VyPyBQbGVhc2UgZm9jdXMgb25seSBvbiBnYXRoZXJpbmcgdG9kYXku,,,,,TWVqYWk6IFZvY8OqIG7Do28gZGlzc2UgcXVlIGZhcmlhIGEgY29sZXRhIGRlIEZsb3IgQmljb2xvcj8gSG9qZSwgY29uY2VudHJlLXNlIGFwZW5hcyBuYSBjb2xldGEu,,TWVqYWk6IMK/Tm8gZGlqbyBxdWUgaWJhIGEgcmVjb2xlY3RhciBNZWRpYSBGbG9yPyBQb3IgaG95LCBjb25jw6ludHJlc2Ugc29sbyBlbiBsYSByZWNvbGVjY2nDs24u
5IUEDQ,,TWVqYWk6IEFyZSB5b3UgaGVhZGluZyBvdXQgZm9yIGRlbGl2ZXJpZXMgdG9kYXk/,,,,,TWVqYWk6IEhvamUgdmFpIHNhaXIgcGFyYSBmYXplciBlbnRyZWdhcz8=,,TWVqYWk6IMK/SG95IHZhIGEgZW5jYXJnYXJzZSBkZSBsYXMgZW50cmVnYXM/
5YUEDQ,,V2hlcmUgc2hvdWxkIEkgZGVsaXZlciBpdD8=,,,,,UGFyYSBvbmRlIGRldm8gZW50cmVnYXI/,,wr9BZMOzbmRlIHRlbmdvIHF1ZSBlbnRyZWdhcmxhcz8=
5oUEDQ,,TWVqYWk6IEnigJlsbCBnaXZlIHlvdSBhIEhhbGYgRmxvd2VyIHdpdGggYSBuYW1lIHdyaXR0ZW4gb24gaXQu,,,,,TWVqYWk6IFZvdSBsaGUgZGFyIHVtYSBGbG9yIEJpY29sb3IgY29tIHVtIG5vbWUgZXNjcml0by4=,,TWVqYWk6IExlIGRhcsOpIHVuYSBNZWRpYSBGbG9yIGNvbiBlbCBub21icmUgZXNjcml0by4=
54UEDQ,,TWVqYWk6IEl04oCZcyBqdXN0IHBhcnQgb2YgdGhlIGRlbGl2ZXJ5IGRyaXZlciB2ZXJpZmljYXRpb24gcHJvY2Vzcywgc28gZG9u4oCZdCB3b3JyeSB0b28gbXVjaCBhYm91dCBpdC4=,,,,,TWVqYWk6IMOJIHPDsyB1bSBwcm9jZWRpbWVudG8gZGUgdmVyaWZpY2HDp8OjbyBkbyBlbnRyZWdhZG9yLCBlbnTDo28gbsOjbyBzZSBwcmVvY3VwZSBkZW1haXMgY29tIGlzc28u,,TWVqYWk6IEVzIHNvbG8gdW5hIGVzcGVjaWUgZGUgcHJvY2VkaW1pZW50byBkZSB2ZXJpZmljYWNpw7NuIHBhcmEgbG9zIHJlcGFydGlkb3JlcywgYXPDrSBxdWUgbm8gbGUgZMOpIGRlbWFzaWFkYSBpbXBvcnRhbmNpYS4=
6IUEDQ,,TWVqYWk6IFlvdSBvbmx5IG5lZWQgdG8gZGVsaXZlciBpdCB0byB0aGUgcGVyc29uIHdyaXR0ZW4gb24gdGhlIHNsaXAsIGJ1dCBwbGVhc2UgYmUgY2FyZWZ1bCBzbyB0aGVyZSBhcmUgbm8gZGVsaXZlcnkgYWNjaWRlbnRzLg==,,,,,TWVqYWk6IEJhc3RhIGVudHJlZ2FyIMOgIHBlc3NvYSBpbmRpY2FkYSBubyBwYXBlbCBxdWUgZXNjcmV2aSwgbWFzIHRlbmhhIGN1aWRhZG8gcGFyYSBxdWUgbsOjbyBhY29udGXDp2EgbmVuaHVtIGFjaWRlbnRlIG5hIGVudHJlZ2Eu,,TWVqYWk6IFNvbG8gdGllbmUgcXVlIGVudHJlZ2FybGEgYSBsYSBwZXJzb25hIHF1ZSBmaWd1cmEgZW4gbGEgbm90YSBxdWUgbGUgaGUgZXNjcml0bywgcGVybyBwcm9jdXJlIHF1ZSBubyBvY3VycmEgbmluZ8O6biBhY2NpZGVudGUgZHVyYW50ZSBsYSBlbnRyZWdhLg==
6YUEDQ,,TWVqYWk6IFRoYW5rIHlvdSBpbiBhZHZhbmNlIGFnYWluIHRvZGF5Lg==,,,,,TWVqYWk6IENvbnRvIGNvbSB2b2PDqiBob2plIHRhbWLDqW0u,,TWVqYWk6IEhveSB0YW1iacOpbiBjdWVudG8gY29uIHVzdGVkLg==
6oUEDQ,,TWVqYWk6IFBsZWFzZSBtYWtlIHN1cmUgdGhlcmUgYXJlIG5vIGRlbGl2ZXJ5IGFjY2lkZW50cyBhbmQgZGVsaXZlciBhY2N1cmF0ZWx5IGFuZCBxdWlja2x5Lg==,,,,,TWVqYWk6IFBvciBmYXZvciwgZmHDp2EgYSBlbnRyZWdhIGRlIGZvcm1hIHByZWNpc2EgZSByw6FwaWRhLCBzZW0gYWNpZGVudGVzLg==,,TWVqYWk6IFByb2N1cmUgaGFjZXIgdW5hIGVudHJlZ2EgZXhhY3RhIHkgcsOhcGlkYSBwYXJhIHF1ZSBubyBvY3VycmEgbmluZ8O6biBhY2NpZGVudGUu
64UEDQ,,TWVqYWk6IFlvdSB3b3JrZWQgaGFyZCB0b2RheSBhcyB3ZWxsLg==,,,,,TWVqYWk6IEhvamUgdGFtYsOpbSBmb2kgdW0gZGlhIGRlIG11aXRvIGVzZm9yw6dvLg==,,TWVqYWk6IEhhIHRyYWJhamFkbyBtdWNobyBob3kgdGFtYmnDqW4u
7IUEDQ,,TWVqYWk6IExvb2tpbmcgYXQgdGhlIGRlbGl2ZXJ5IHJlY2VpcHQsIGl0IHNlZW1zIHRoZXJlIHdhcyBhbiBhY2NpZGVudC4gV2VsbCwgSSBzdXBwb3NlIHRoYXQgaXMgdGhlIGtpbmQgb2YgdGhpbmcgdGhhdCBjYW4gaGFwcGVuIHdoaWxlIHdvcmtpbmcu,,,,,TWVqYWk6IFBlbG8gY29tcHJvdmFudGUgZGUgZW50cmVnYSwgcGFyZWNlIHF1ZSBob3V2ZSB1bSBpbmNpZGVudGUuIEJlbSwgYWNobyBxdWUgw6kgbyB0aXBvIGRlIGNvaXNhIHF1ZSBwb2RlIGFjb250ZWNlciBxdWFuZG8gc2UgZXN0w6EgdHJhYmFsaGFuZG8u,,TWVqYWk6IFBvciBlbCBjb21wcm9iYW50ZSBkZSBlbnRyZWdhLCBwYXJlY2UgcXVlIGh1Ym8gdW4gYWNjaWRlbnRlLiBCdWVubywgc3Vwb25nbyBxdWUgc29uIGNvc2FzIHF1ZSBwdWVkZW4gcGFzYXIgY3VhbmRvIHVubyB0cmFiYWphLg==
7YUEDQ,,TWVqYWk6IFBsZWFzZSBiZSBjYXJlZnVsIG5leHQgdGltZSwgYW5kIHlvdSB3b3JrZWQgaGFyZCB0b2RheSBhcyB3ZWxsLg==,,,,,TWVqYWk6IFRvbWUgbWFpcyBjdWlkYWRvIGRhIHByw7N4aW1hIHZleiwgZSBvYnJpZ2FkbyBwZWxvIGVzZm9yw6dvIGRlIGhvamUgdGFtYsOpbS4=,,TWVqYWk6IFRlbmdhIG3DoXMgY3VpZGFkbyBsYSBwcsOzeGltYSB2ZXosIHkgZ3JhY2lhcyBwb3Igc3UgZXNmdWVyem8gaG95IHRhbWJpw6luLg==
7oUEDQ,,TWVqYWk6IEl0IHNlZW1zIHNvbWUgcHJvYmxlbSBvY2N1cnJlZCBkdXJpbmcgdGhlIEhhbGYgRmxvd2VyIGRlbGl2ZXJ5IHByb2Nlc3Mu,,,,,TWVqYWk6IFBhcmVjZSBxdWUgaG91dmUgYWxndW0gcHJvYmxlbWEgbm8gcHJvY2Vzc28gZGUgZW50cmVnYSBkZSBGbG9yIEJpY29sb3Iu,,TWVqYWk6IFBhcmVjZSBxdWUgaGEgc3VyZ2lkbyBhbGfDum4gcHJvYmxlbWEgZHVyYW50ZSBlbCBwcm9jZXNvIGRlIGVudHJlZ2EgZGUgTWVkaWEgRmxvci4=
74UEDQ,,W0UtUi1SLU8tUl0KQW4gdW5rbm93biBlcnJvciBoYXMgYmVlbiBkZXRlY3RlZC4gSWYgdGhlIHNhbWUgaXNzdWUgb2NjdXJzIGFnYWluIGFmdGVyIHJldHJ5aW5nLCBwbGVhc2UgdGFrZSBhIHNjcmVlbnNob3QgYW5kIGNvbnRhY3QgdGhlIG9wZXJhdGlvbnMgdGVhbS4=,,,,,W0UtUi1SLU9dCkZvaSBpZGVudGlmaWNhZG8gdW0gZXJybyBkZXNjb25oZWNpZG8uIFNlIG8gbWVzbW8gcHJvYmxlbWEgb2NvcnJlciBub3ZhbWVudGUgYXDDs3MgdGVudGFyIGRlIG5vdm8sIHRpcmUgdW1hIGNhcHR1cmEgZGUgdGVsYSBlIGVudHJlIGVtIGNvbnRhdG8gY29tIGEgZXF1aXBlIGRlIHN1cG9ydGUu,,W0UtUi1SLU8tUl0KU2UgaGEgZGV0ZWN0YWRvIHVuIGVycm9yIGRlc2Nvbm9jaWRvLiBTaSBlbCBtaXNtbyBwcm9ibGVtYSBwZXJzaXN0ZSB0cmFzIHZvbHZlciBhIGludGVudGFybG8sIGhhZ2EgdW5hIGNhcHR1cmEgZGUgcGFudGFsbGEgeSBjb250YWN0ZSBjb24gZWwgZXF1aXBvIGRlIG9wZXJhY2lvbmVzLg==
8IUEDQ,,Q3VzdG9tZXI=,,,,,Q2xpZW50ZQ==,,Q2xpZW50ZQ==
8YUEDQ,,Rmxvd2VyIFNob3AgTGFkeQ==,,,,,RG9uYSBkYSBmbG9yaWN1bHR1cmE=,,U2XDsW9yYSBkZSBsYSBmbG9yaXN0ZXLDrWE=
8oUEDQ,,LSBUaGVyZSBpcyBubwotIG1vcmUgbmVlZCBmb3IgSGFsZiBGbG93ZXIuIEJlZm9yZSBpdCB3aWx0cywKLSBsZXTigJlzIGJyaW5nIGl0IHRvIE1lamFpLg==,,,,,LSBGbG9yIEJpY29sb3IgbsOjbyDDqSBtYWlzCi0gbmVjZXNzw6FyaWEuIFZhbW9zIGxldsOhLWxhIGEKLSBNZWphaSBhbnRlcyBxdWUgbXVyY2hlLg==,,LSBZYSBubyBoYWNlbiBmYWx0YSBtw6FzCi0gTWVkaWFzIEZsb3Jlcy4gQW50ZXMgZGUgcXVlIHNlIG1hcmNoaXRlbiwKLSBsbGV2w6ltb3NlbGFzIGEgTWVqYWku
84UEDQ,,LSBBIEhhbGYgRmxvd2VyIGlzIGJsb29taW5nLiBMZXTigJlzCi0gZmluZCB0aGUgbmVjZXNzYXJ5IG1hdGVyaWFscyBmcm9tIHRoZSBnYXRoZXJpbmcgdG9vbHMKLSB0aGF0IE1lamFpIGdhdmUgdXMgYW5kIGdhdGhlciBpdC4=,,,,,LSBIw6EgdW1hIEZsb3IgQmljb2xvciBmbG9yZXNjZW5kby4gVmFtb3MKLSBwcm9jdXJhciBvcyBtYXRlcmlhaXMgbmVjZXNzw6FyaW9zIG5hcwotIGZlcnJhbWVudGFzIGRlIGNvbGV0YSBxdWUgTWVqYWkgbm9zIGRldQotIGUgY29sZXTDoS1sYS4=,,LSBIYXkgdW5hIE1lZGlhIEZsb3IgZmxvcmVjaWRhLiBVc2UKLSBsb3MgbWF0ZXJpYWxlcyBuZWNlc2FyaW9zIGRlbAotIGVxdWlwbyBkZSByZWNvbGVjY2nDs24gcXVlIGxlIGRpbwotIE1lamFpIHkgcHJvY8OpZGFzZSBhIHJlY29sZWN0YXJsYS4=
9IUEDQ,,QXQgd2hhdCBhbmdsZSBzaG91bGQgSSBjdXQgdGhlIHN0ZW0/,,,,,RW0gcXVlIMOibmd1bG8gZGV2byBjb3J0YXIgbyBjYXVsZT8=,,wr9Db24gcXXDqSDDoW5ndWxvIGRlYmVyw61hIGNvcnRhciBlbCB0YWxsbz8=
9YUEDQ,,SG93IG1hbnkgbGVhdmVzIHNob3VsZCBJIGxlYXZlPw==,,,,,UXVhbnRhcyBmb2xoYXMgZGV2byBkZWl4YXI/,,wr9DdcOhbnRhcyBob2phcyBkZWJlcsOtYSBkZWphcj8=
9oUEDQ,,SG93IG1hbnkgbWwgb2Ygd2F0ZXIgc2hvdWxkIEkgcHV0IGluIHRoZSBzbWFsbCBib3R0bGU/,,,,,UXVhbnRvcyBtbCBkZSDDoWd1YSBkZXZvIGNvbG9jYXIgbm8gZnJhc2NvIHBlcXVlbm8/,,wr9DdcOhbnRvcyBtbCBkZSBhZ3VhIGRlYmVyw61hIHBvbmVyIGVuIGVsIGZyYXNjbyBwZXF1ZcOxbz8=
94UEDQ,,SG93IG1hbnkgZyBvZiBzZWNyZXQgcG93ZGVyIHNob3VsZCBJIHB1dCBpbj8=,,,,,UXVhbnRvcyBnIGRvIHDDsyBzZWNyZXRvIGRldm8gY29sb2Nhcj8=,,wr9DdcOhbnRvcyBnIGRlIHBvbHZvIHNlY3JldG8gZGViZXLDrWEgYcOxYWRpcj8=
+IUEDQ,,LSBXZSBnYXRoZXJlZCBIYWxmIEZsb3dlciwKLSBzbyBsZXTigJlzIGJyaW5nIGl0IHRvIE1lamFpCi0gYmVmb3JlIGl0IHdpbHRzLg==,,,,,LSBWb2PDqiBjb2xldG91IGEgRmxvciBCaWNvbG9yLAotIGVudMOjbyB2YW1vcyBsZXbDoS1sYSBhIE1lamFpCi0gYW50ZXMgcXVlIG11cmNoZS4=,,LSBZYSBoYSByZWNvbGVjdGFkbyB1bmEgTWVkaWEgRmxvciwKLSBhc8OtIHF1ZSBhbnRlcyBkZSBxdWUgc2UgbWFyY2hpdGUsCi0gbGzDqXZlc2VsYSBhIE1lamFpLg==
+YUEDQ,,QSBIYWxmIEZsb3dlciBpcyBibG9vbWluZy4=,,,,,SMOhIHVtYSBGbG9yIEJpY29sb3IgZmxvcmVzY2VuZG8u,,SGF5IHVuYSBNZWRpYSBGbG9yIGZsb3JlY2lkYS4=
+oUEDQ,,TXVsbGk=,,,,,TXVsbGk=,,TXVsbGk=
+4UEDQ,,TXVsbGk6IFRoZXkgc2FpZCB0aGV5IHdvdWxkIHNlbmQgZmxvd2Vycywgc28gd2hlbiB3aWxsIHRoZXkgYXJyaXZlPw==,,,,,TXVsbGk6IERpc3NlcmFtIHF1ZSBpYW0gbWUgbWFuZGFyIGZsb3JlcywgbWFzIHF1YW5kbyBzZXLDoSBxdWUgY2hlZ2FtPw==,,TXVsbGk6IERpam8gcXVlIG1lIGVudmlhcsOtYSBmbG9yZXMsIHBlcm8gwr9jdcOhbmRvIGxsZWdhcsOhbj8=
/IUEDQ,,VGhlIGZsb3dlciBkZWxpdmVyeSBpcyBoZXJlLg==,,,,,QSBlbnRyZWdhIGRlIGZsb3JlcyBjaGVnb3Uu,,SGUgdHJhw61kbyBsYSBlbnRyZWdhIGRlIGZsb3Jlcy4=
/YUEDQ,,SeKAmW0gc29ycnku,,,,,U2ludG8gbXVpdG8u,,TG8gc2llbnRvLg==
/oUEDQ,,TXVsbGk6IFRoYXQgY2FuIGhhcHBlbi4gSGF2ZSBhIGdvb2QgZGF5Lg==,,,,,TXVsbGk6IElzc28gcG9kZSBhY29udGVjZXIuIFRlbmhhIHVtIGJvbSBkaWEu,,TXVsbGk6IEVzbyBwdWVkZSBwYXNhci4gUXVlIHRlbmdhIHVuIGJ1ZW4gZMOtYS4=
/4UEDQ,,VGhlIGZsb3dlciBkZWxpdmVyeSBpcyBoZXJlLg==,,,,,QSBlbnRyZWdhIGRlIGZsb3JlcyBjaGVnb3Uu,,SGUgdHJhw61kbyBsYSBlbnRyZWdhIGRlIGZsb3Jlcy4=
AIYEDQ,,TXVsbGk6IEl0IG1heSBiZSBwcmVzdW1wdHVvdXMgb2YgbWUgdG8gc2F5LCBidXQgdGhhdCBpcyBub3QgdGhlIGZsb3dlciB0aGV5IHdlcmUgc3VwcG9zZWQgdG8gc2VuZC4=,,,,,TXVsbGk6IE7Do28gcXVlcm8gcGFyZWNlciBpbnRyb21ldGlkbywgbWFzIGFzIGZsb3JlcyBxdWUgZXNzYSBwZXNzb2EgdmFpIG1hbmRhciBuw6NvIHPDo28gZXNzYXMu,,TXVsbGk6IFPDqSBxdWUgbWUgZXN0b3kgZXhjZWRpZW5kbywgcGVybyBlc2FzIG5vIHNvbiBsYXMgZmxvcmVzIHF1ZSBlc2EgcGVyc29uYSBpYmEgYSBlbnZpYXJtZS4=
AYYEDQ,,TXVsbGk6IFlvdeKAmXZlIGZpbmFsbHkgYXJyaXZlZC4gVGhhbmsgeW91Lg==,,,,,TXVsbGk6IEZpbmFsbWVudGUgdm9jw6ogY2hlZ291LiBPYnJpZ2Fkby4=,,TXVsbGk6IFBvciBmaW4gaGEgbGxlZ2Fkby4gTXVjaGFzIGdyYWNpYXMu
AoYEDQ,,Q291bGQgeW91IHNpZ24gdGhlIGRlbGl2ZXJ5IHJlY2VpcHQ/,,,,,UG9kZSBhc3NpbmFyIG8gY29tcHJvdmFudGUgZGUgZW50cmVnYT8=,,wr9Qb2Ryw61hIGZpcm1hciBlbCBjb21wcm9iYW50ZSBkZSBlbnRyZWdhPw==
A4YEDQ,,TXVsbGk6IEhlcmUgeW91IGFyZS4gR29vZGJ5ZS4=,,,,,TXVsbGk6IEFxdWkgZXN0w6EuIFRlbmhhIHVtIGJvbSBkaWEu,,TXVsbGk6IEFxdcOtIHRpZW5lLiBRdWUgbGUgdmF5YSBiaWVuLg==
BIYEDQ,,TXVsbGk6IEhhbGYgRmxvd2VyIGlzIHRydWx5IGJlYXV0aWZ1bC4gSWYgdGhpbmdzIHdlcmUgdGhpcyBoYXJtb25pb3VzLCB0aGVyZSB3b3VsZCBiZSBubyBjb25mbGljdCBpbiB0aGlzIHdvcmxkLi4=,,,,,TXVsbGk6IEZsb3IgQmljb2xvciDDqSByZWFsbWVudGUgbGluZGEuIFNlIHR1ZG8gZm9zc2UgdMOjbyBoYXJtb25pb3NvIGFzc2ltLCB0YWx2ZXogbsOjbyBob3V2ZXNzZSBjb25mbGl0b3MgbmVzdGUgbXVuZG8uLg==,,TXVsbGk6IE1lZGlhIEZsb3IgZXMgcmVhbG1lbnRlIHByZWNpb3NhLiBTaSB0b2RvIGVuIGVzdGUgbXVuZG8gZnVlcmEgYXPDrSBkZSBhcm1vbmlvc28sIG5vIGV4aXN0aXLDrWFuIGxvcyBjb25mbGljdG9zLi4u
BYYEDQ,,TXVsbGk6IFRoZXkgc2FpZCB0aGV5IHdvdWxkIHNlbmQgZmxvd2VycywgYnV0IHRoZXkgc3RpbGwgaGF2ZW7igJl0IGNvbWUuIEl0IGZlZWxzIGxpa2UgdGhleSBzaG91bGQgaGF2ZSBhcnJpdmVkIGJ5IG5vdy4=,,,,,TXVsbGk6IERpc3NlcmFtIHF1ZSBpYW0gbWFuZGFyIGZsb3JlcywgbWFzIGVsYXMgYWluZGEgbsOjbyBjaGVnYXJhbS4gQWNobyBxdWUgasOhIGVzdMOhIG5hIGhvcmEu,,TXVsbGk6IERpam8gcXVlIG1lIG1hbmRhcsOtYSBmbG9yZXMsIHBlcm8gbm8gbGxlZ2FuLiBZYSBkZWJlcsOtYW4gaGFiZXIgbGxlZ2Fkby4=
BoYEDQ,,TXVsbGk6IE11dHRlci4uIG11dHRlci4uIG11dHRlci4u,,,,,TXVsbGk6ICptdXJtdXJhKg==,,TXVsbGk6IE11cm11bGxvLi4uIG11cm11bGxvLi4uIG11cm11bGxvLi4u
B4YEDQ,,TXVsbGk6IEnigJltIG5vdCB0cnlpbmcgdG8gYXJndWUsIGJ1dCBJIGRvbuKAmXQgdGhpbmsgdGhhdOKAmXMgdGhlIGZsb3dlciBiZWluZyBkZWxpdmVyZWQu,,,,,TXVsbGk6IE7Do28gZXN0b3UgcmVjbGFtYW5kbywgbWFzIGFjaG8gcXVlIGVzc2EgbsOjbyDDqSBhIGZsb3IgcXVlIGRldmVyaWEgc2VyIGVudHJlZ3VlLg==,,TXVsbGk6IE5vIGVzIHF1ZSBxdWllcmEgcXVlamFybWUsIHBlcm8gY3JlbyBxdWUgZXNhIG5vIGVzIGxhIGZsb3IgcXVlIHRlbsOtYW4gcXVlIGVudHJlZ2FyLg==
CIYEDQ,,TXVsbGk6IEZsb3dlcnMgZm9yIG1lPyBXaG8gY291bGQgaXQgYmU/IFRoZXJl4oCZcyBubyBvbmUgd2hvIHdvdWxkIHNlbmQgbWUgYW55Lg==,,,,,TXVsbGk6IEZsb3JlcyBwYXJhIG1pbT8gUXVlbSBzZXLDoT8gTsOjbyB0ZW5obyBuaW5ndcOpbSBxdWUgbWUgbWFuZGUgZmxvcmVzLg==,,TXVsbGk6IMK/RmxvcmVzIHBhcmEgbcOtPyDCv0RlIHF1acOpbj8gTm8gY29ub3pjbyBhIG5hZGllIHF1ZSBtZSBsYXMgZnVlcmEgYSBtYW5kYXIu
CYYEDQ,,TXVsbGk6IFRoaXMgZmVlbHMgYSBsaXR0bGUgc3RyYW5nZSwgYnV0IHNpbmNlIHlvdSBzYXkgaXQgd2FzIGRlbGl2ZXJlZCBmb3IgbWUsIEnigJlsbCBncmF0ZWZ1bGx5IGFjY2VwdCBpdC4=,,,,,TXVsbGk6IEVzdG91IG1laW8gZGVzY29uZmlhZG8sIG1hcyBjb21vIGRpc3NlIHF1ZSDDqSB1bWEgZW50cmVnYSBwYXJhIG1pbSwgdm91IGFjZWl0YXIgY29tIGdyYXRpZMOjby4=,,TXVsbGk6IE1lIHJlc3VsdGEgdW4gcG9jbyByYXJvLCBwZXJvIHNpIGRpY2UgcXVlIHNvbiBwYXJhIG3DrSwgbGFzIGFjZXB0YXLDqSBhZ3JhZGVjaWRhLg==
CoYEDQ,,TXVsbGk6IE1heSBGcmV5YeKAmXMgYmxlc3NpbmcgYmUgd2l0aCB5b3UuLg==,,,,,TXVsbGk6IFF1ZSBhIGdyYcOnYSBkZSBGcmV5YSBlc3RlamEgY29tIHZvY8OqLi4=,,TXVsbGk6IFF1ZSBsYSBncmFjaWEgZGUgRnJleWphIGVzdMOpIGNvbiB1c3RlZC4uLg==
C4YEDQ,,TXVsbGk6IFdobyBzZW50IHRoZSBmbG93ZXJzPyBXZWxsLCB0aGV54oCZcmUgcHJldHR5LCBzbyBJIGxpa2UgdGhlbS4=,,,,,TXVsbGk6IFF1ZW0gc2Vyw6EgcXVlIGVudmlvdSBhcyBmbG9yZXM/IEJlbSwgc8OjbyBib25pdGFzLCBlbnTDo28gZXN0b3UgZmVsaXou,,TXVsbGk6IMK/UXVpw6luIHNlcsOhIGxhIHBlcnNvbmEgcXVlIG1lIGhhIG1hbmRhZG8gZmxvcmVzPyBCdWVubywgc29uIGJvbml0YXMsIGFzw60gcXVlIG1lIGFsZWdyby4=
DIYEDQ,,W011bGxpXQpNYXkgRnJleWHigJlzIGJsZXNzaW5nIGJlIHdpdGggeW91Li4=,,,,,W011bGxpXQpRdWUgYSBncmHDp2EgZGUgRnJleWEgZXN0ZWphIGNvbSB2b2PDqi4u,,W011bGxpXQpRdWUgbGEgZ3JhY2lhIGRlIEZyZXlqYSBlc3TDqSBjb24gdXN0ZWQuLi4=
DYYEDQ,,TW9sbHk=,,,,,TW9sbHk=,,TW9sbHk=
DoYEDQ,,TW9sbHk6IEFoLiBCcm90aGVyLCB0aGlzIHlvdW5nIGxhZHkgaXMgd2FpdGluZyBmb3IgdGhlIGZsb3dlcnMgQnJvdGhlciBzYWlkIHlvdSB3b3VsZCBzZW5kLg==,,,,,TW9sbHk6IEFhYWguIE1ldSBxdWVyaWRvIGlybcOjbyBkaXNzZSBxdWUgbWFuZGFyaWEgZmxvcmVzIHBhcmEgZXN0YSBqb3ZlbSwgZSBlbGEgZXN0w6EgZXNwZXJhbmRvLg==,,TW9sbHk6IEFoLCBhaC4gU2XDsW9yLCBlc3RhIGpvdmVuIGVzdMOhIGVzcGVyYW5kbyBsYXMgZmxvcmVzIHF1ZSBkaWpvIHF1ZSBsZSBlbnZpYXLDrWEu
D4YEDQ,,TW9sbHk6IEFoLiBTbyB5b3Ugd2VyZSBub3QgQnJvdGhlci4=,,,,,TW9sbHk6IEFhYWguIEVudMOjbyB2b2PDqiBuw6NvIGVyYSBtZXUgcXVlcmlkbyBpcm3Do28u,,TW9sbHk6IEFoLCBhaC4gQXPDrSBxdWUgdXN0ZWQgbm8gZXJhIGVzZSBzZcOxb3Iu
EIYEDQ,,TW9sbHk6IEFoLiBUaGF0IGlzIG5vdCB0aGUgZmxvd2VyLiBUaGlzIHlvdW5nIGxhZHkga25vd3MsIGJlY2F1c2Ugc2hlIHJlY2VpdmVzIGZsb3dlcnMgb2Z0ZW4u,,,,,TW9sbHk6IEFhYWguIE7Do28gc8OjbyBlc3NhcyBmbG9yZXMuIEVzdGEgam92ZW0gasOhIHJlY2ViZXUgbXVpdGFzIGZsb3JlcywgZW50w6NvIHNhYmUgcmVjb25oZWNlci4=,,TW9sbHk6IEFoLCBhaC4gTm8sIGVzYXMgbm8gc29uIGVzYXMgZmxvcmVzLiBFc3RhIGpvdmVuIHJlY2liZSBmbG9yZXMgYSBtZW51ZG8sIGFzw60gcXVlIGxvIHNhYmUu
EYYEDQ,,TW9sbHk6IEFoLiBTbyBCcm90aGVyIHJlYWxseSBkaWQgc2VuZCBmbG93ZXJzLg==,,,,,TW9sbHk6IEFhYWguIEVudMOjbyBtZXUgcXVlcmlkbyBpcm3Do28gcmVhbG1lbnRlIGVudmlvdSBmbG9yZXMu,,TW9sbHk6IEFoLCBhaC4gQXPDrSBxdWUgZWwgc2XDsW9yIG1lIGhhIG1hbmRhZG8gZmxvcmVzLg==
EoYEDQ,,TW9sbHk6IEhlcmUgaXQgaXMuIEFoLiBJIG11c3QgbG9vayBhdCB0aGUgZmxvd2VycyBCcm90aGVyIHNlbnQsIHNvIHdvdWxkIHlvdSBsZWF2ZSBub3c/,,,,,TW9sbHk6IEFxdWkgZXN0w6EuIEFhYWguIENvbW8gcHJlY2lzbyBhZG1pcmFyIGFzIGZsb3JlcyBxdWUgbWV1IHF1ZXJpZG8gaXJtw6NvIGVudmlvdSwgcG9kZXJpYSBpciBlbWJvcmEgYWdvcmE/,,TW9sbHk6IEFxdcOtIHRpZW5lLiBBaCwgYWguIEFob3JhIHF1ZSB0ZW5nbyBxdWUgY29udGVtcGxhciBsYXMgZmxvcmVzIHF1ZSBtZSBoYSBlbnZpYWRvIGVsIHNlw7Fvciwgwr9wb2Ryw61hIHJldGlyYXJzZSB5YT8=
E4YEDQ,,TW9sbHk6IEFoLiBXYWl0aW5nIHdhcyBoYXJkLCBidXQgdGhlIGZsb3dlcnMgQnJvdGhlciBzZW50IHdlcmUgd29ydGggd2FpdGluZyBmb3Iu,,,,,TW9sbHk6IEFhYWguIEVzcGVyYXIgZm9pIGRpZsOtY2lsLCBtYXMgYXMgZmxvcmVzIGVudmlhZGFzIHBvciBtZXUgcXVlcmlkbyBpcm3Do28gdmFsZXJhbSBhIGVzcGVyYS4=,,TW9sbHk6IEFoLCBhaC4gRXNwZXJhciBoYSBzaWRvIGR1cm8sIHBlcm8gbGFzIGZsb3JlcyBxdWUgbWUgaGEgZW52aWFkbyBlbCBzZcOxb3IgaGFuIG1lcmVjaWRvIGxhIGVzcGVyYS4=
FIYEDQ,,TW9sbHk6IEFoLiBUaGlzIHlvdW5nIGxhZHkgbWF5IHdpdGhlciBhd2F5IHdhaXRpbmcgZm9yIHRoZSBmbG93ZXJzIEJyb3RoZXIgc2FpZCB5b3Ugd291bGQgc2VuZC4=,,,,,TW9sbHk6IEFhYWguIFNlIGV1IGNvbnRpbnVhciBlc3BlcmFuZG8gYXMgZmxvcmVzIHF1ZSBtZXUgcXVlcmlkbyBpcm3Do28gZGlzc2UgcXVlIG1hbmRhcmlhLCBlc3RhIGpvdmVtIHZhaSBhY2FiYXIgc2VjYSBlIG1vcnRhLg==,,TW9sbHk6IEFoLCBhaC4gU2kgc2lnbyBlc3BlcmFuZG8gbGFzIGZsb3JlcyBxdWUgZGlqbyBxdWUgbWUgZW52aWFyw61hIGVsIHNlw7FvciwgZXN0YSBqb3ZlbiB2YSBhIGFjYWJhciBtYXJjaGl0w6FuZG9zZS4=
FYYEDQ,,TW9sbHk6IFBsZWFzZSBnbyB0byB0aGUgdGVtcGxlIGFuZCByZWNlaXZlIEZyZXlh4oCZcyBncmFjZSBpbiBhYnVuZGFuY2UuLg==,,,,,TW9sbHk6IFbDoSBhbyB0ZW1wbG8gZSByZWNlYmEgYXMgYsOqbsOnw6NvcyBkZSBGcmV5YSBlbSBhYnVuZMOibmNpYS4u,,TW9sbHk6IFZheWEgYWwgdGVtcGxvIHkgcmVjaWJhIGVuIGFidW5kYW5jaWEgbGEgZ3JhY2lhIGRlIEZyZXlqYS4uLg==
FoYEDQ,,TW9sbHk6IE1heSBGcmV5YeKAmXMgYmxlc3NpbmcgYmUgd2l0aCB5b3UuLg==,,,,,TW9sbHk6IFF1ZSBhIGdyYcOnYSBkZSBGcmV5YSBlc3RlamEgY29tIHZvY8OqLi4=,,TW9sbHk6IFF1ZSBsYSBncmFjaWEgZGUgRnJleWphIGVzdMOpIGNvbiB1c3RlZC4uLg==
F4YEDQ,,TW9sbHk6IFN0cmFuZ2UuIFRoYXQgc2hvdWxkIG5vdCBiZSB0aGUgZmxvd2VyIGJlaW5nIGRlbGl2ZXJlZC4=,,,,,TW9sbHk6IFF1ZSBlc3RyYW5oby4gQSBmbG9yIGVudHJlZ3VlIG7Do28gZGV2aWEgc2VyIGVzc2Eu,,TW9sbHk6IFF1w6kgcmFyby4gTm8gY3JlbyBxdWUgZXNhIHNlYSBsYSBmbG9yIHF1ZSBpYmFuIGEgZW50cmVnYXIu
GIYEDQ,,TW9sbHk6IFN0cmFuZ2UuIFRoZXJlIGlzIG5vIG9uZSB3aG8gd291bGQgc2VuZCBtZSBmbG93ZXJzLiBTdGlsbCwgc2luY2UgeW91IGFyZSBnaXZpbmcgdGhlbSB0byBtZSwgSSB3aWxsIHRha2UgdGhlbS4=,,,,,TW9sbHk6IFF1ZSBlc3RyYW5oby4gTsOjbyB0ZW5obyBuaW5ndcOpbSBxdWUgbWUgZW52aWUgZmxvcmVzLiBNYXMgasOhIHF1ZSBlc3TDoSBtZSBkYW5kbywgdm91IGFjZWl0YXIu,,TW9sbHk6IFF1w6kgcmFyby4gTm8gdGVuZ28gYSBuYWRpZSBxdWUgbWUgdmF5YSBhIGVudmlhciBmbG9yZXMsIHBlcm8gYnVlbm8sIHlhIHF1ZSBtZSBsYSBkYSwgbGEgYWNlcHRhcsOpLg==
GYYEDQ,,TW9sbHk6IEhlcmUuIEhvdyBzdHJhbmdlPyBXaG8gY291bGQgaXQgYmU/,,,,,TW9sbHk6IEFxdWkgZXN0w6EuIFF1ZSBlc3RyYW5oby4uLiBxdWVtIHNlcsOhPw==,,TW9sbHk6IEFxdcOtIHRpZW5lLiBRdcOpIHJhcm8uLi4gwr9xdWnDqW4gaGFicsOhIHNpZG8/
GoYEDQ,,TW9sbHk6IE1heSBGcmV5YeKAmXMgYmxlc3NpbmcgYmUgd2l0aCB5b3UuLg==,,,,,TW9sbHk6IFF1ZSBhIGdyYcOnYSBkZSBGcmV5YSBlc3RlamEgY29tIHZvY8OqLi4=,,TW9sbHk6IFF1ZSBsYSBncmFjaWEgZGUgRnJleWphIGVzdMOpIGNvbiB1c3RlZC4uLg==
G4YEDQ,,TW9sbHk6IFRoaXMgZmxvd2VyIGlzIHRydWx5IGJlYXV0aWZ1bC4gV2FzIGl0IGNhbGxlZCBIYWxmIEZsb3dlcj8gQW5kIGEgZnJlc2ggZmxvd2VyIGF0IHRoYXQ/IFRoYXQgaXMgcXVpdGUgcmFyZS4=,,,,,TW9sbHk6IEVzdGEgZmxvciDDqSByZWFsbWVudGUgYm9uaXRhLiBWb2PDqiBkaXNzZSBxdWUgc2UgY2hhbWEgRmxvciBCaWNvbG9yPyBFIGFpbmRhIHBvciBjaW1hIMOpIHVtYSBmbG9yIHZpdmE/IElzc28gw6kgcmVhbG1lbnRlIHJhcm8u,,TW9sbHk6IFF1w6kgZmxvciB0YW4gYm9uaXRhLiDCv0hhIGRpY2hvIHF1ZSBlcyB1bmEgTWVkaWEgRmxvcj8gwr9ZIGFkZW3DoXMgdW5hIGZsb3IgbmF0dXJhbD8gRXMgYWxnbyByZWFsbWVudGUgcmFyby4=
HIYEDQ,,W01vbGx5XQpNYXkgRnJleWHigJlzIGJsZXNzaW5nIGJlIHdpdGggeW91Li4=,,,,,W01vbGx5XQpRdWUgYSBncmHDp2EgZGUgRnJleWEgZXN0ZWphIGNvbSB2b2PDqi4u,,W01vbGx5XQpRdWUgbGEgZ3JhY2lhIGRlIEZyZXlqYSBlc3TDqSBjb24gdXN0ZWQuLi4=
HYYEDQ,,TWFzYQ==,,,,,TWFzYQ==,,TWFzYQ==
HoYEDQ,,TWFzYTogR29vZG5lc3MsIHdoeSB3b3VsZCB0aGF0IHBlcnNvbiBzdWRkZW5seSBzYXkgdGhleeKAmXJlIHNlbmRpbmcgZmxvd2Vycz8=,,,,,TWFzYTogT3JhLCBtYXMgcG9yIHF1ZSBlc3NhIHBlc3NvYSBkZSByZXBlbnRlIGRpc3NlIHF1ZSBpYSBtZSBtYW5kYXIgZmxvcmVzPw==,,TWFzYTogVmF5YSwgdmF5YSwgwr95IHBvciBxdcOpIGRlIHJlcGVudGUgZXNhIHBlcnNvbmEgaWJhIGEgbWFuZGFybWUgZmxvcmVzPw==
H4YEDQ,,TWFzYTogWW914oCZcmUgd29ya2luZyBoYXJkLg==,,,,,TWFzYTogRGV2ZSBlc3RhciBkYW5kbyB0cmFiYWxobywgaGVpbi4=,,TWFzYTogRXN0w6EgdHJhYmFqYW5kbyBkdXJvLCDCv2VoPw==
IIYEDQ,,TWFzYTogVGhhdCB3b27igJl0IGJlIHRoZSBmbG93ZXIgYmVpbmcgZGVsaXZlcmVkLg==,,,,,TWFzYTogQWNobyBxdWUgYSBmbG9yIHF1ZSBlc3TDoSBlbnRyZWdhbmRvIG7Do28gw6kgZXNzYS4=,,TWFzYTogQ3JlbyBxdWUgZXNhIG5vIGVzIGxhIGZsb3IgcXVlIHRlbsOtYW4gcXVlIGVudHJlZ2FyLg==
IYYEDQ,,TWFzYTogT2ggbXk/ISBTbyB0aGlzIGlzIHRoZSBmbG93ZXIgdGhleSBzYWlkIHRoZXkgd291bGQgc2VuZD8=,,,,,TWFzYTogTm9zc2E/ISBFbnTDo28gYSBmbG9yIHF1ZSBkaXNzZXJhbSBxdWUgbWFuZGFyaWFtIGVyYSBlc3RhPw==,,TWFzYTogwr9FaD8gwr/CoUFzw60gcXVlIGxhIGZsb3IgcXVlIGliYW4gYSBlbnZpYXJtZSBlcmEgZXN0YSE/
IoYEDQ,,TWFzYTogSGVyZSB5b3UgYXJlLiBXYXMgaXQgY2FsbGVkIEhhbGYgRmxvd2VyPyBJdCBpcyBhIGZsb3dlciB0aGF0IG1ha2VzIHRoZSBsb25nIHRyaXAgdG8gVmVpbnMgZmVlbCB3b3J0aHdoaWxlLg==,,,,,TWFzYTogQXF1aSBlc3TDoS4gVm9jw6ogZGlzc2UgcXVlIMOpIHVtYSBGbG9yIEJpY29sb3I/IFPDsyBwb3IgdmVyIHVtYSBmbG9yIGFzc2ltLCBqw6EgdmFsZXUgYSBwZW5hIHRlciB2aW5kbyBkZSB0w6NvIGxvbmdlIGF0w6kgVmVpbnMu,,TWFzYTogQXF1w60gdGllbmUuIMK/SGEgZGljaG8gcXVlIGVzIHVuYSBNZWRpYSBGbG9yPyBFcyB1bmEgZmxvciBxdWUgaGFjZSBxdWUgaGF5YSB2YWxpZG8gbGEgcGVuYSB2ZW5pciBoYXN0YSBsYSBsZWphbmEgVmVpbnMu
I4YEDQ,,TWFzYTogSnVzdCBsZWFybmluZyBhYm91dCBIYWxmIEZsb3dlciBhbHJlYWR5IGZlZWxzIGxpa2UgcmVhc29uIGVub3VnaCB0byBoYXZlIGNvbWUgdG8gVmVpbnMu,,,,,TWFzYTogU8OzIGRlIGNvbmhlY2VyIGEgRmxvciBCaWNvbG9yLCBqw6Egc2ludG8gcXVlIHZpciBhdMOpIFZlaW5zIHZhbGV1IGEgcGVuYS4=,,TWFzYTogQ3JlbyBxdWUgc29sbyBjb24gaGFiZXIgY29ub2NpZG8gbGEgTWVkaWEgRmxvciB5YSBoYSB2YWxpZG8gbGEgcGVuYSB2ZW5pciBhIFZlaW5zLg==
JIYEDQ,,TWFzYTogVGhleSBzYWlkIHRoZXkgd291bGQgc2VuZCBmbG93ZXJzLCBidXQgdGhhdOKAmXMgc3RyYW5nZSwgdGhleSBzaG91bGQgYmUgaGVyZSBzb29uLg==,,,,,TWFzYTogRGlzc2VyYW0gcXVlIGlhbSBtZSBtYW5kYXIgZmxvcmVzLCBxdWUgZXN0cmFuaG8sIGrDoSBkZXZpYSBlc3RhciBjaGVnYW5kby4=,,TWFzYTogRGlqZXJvbiBxdWUgbWUgZW52aWFyw61hbiBmbG9yZXMsIHF1w6kgcmFybywgeWEgZGViZXLDrWEgZXN0YXIgbGxlZ2FuZG8u
JYYEDQ,,TWFzYTogVWdoLCBJIGxlZnQgYmVjYXVzZSBJIGhhdGVkIHRoZSBzYW5kc3Rvcm1zLCBidXQgdGhpcyBwbGFjZSBpcyBubyBqb2tlIGVpdGhlci4=,,,,,TWFzYTogQWZmLCBmdWkgZW1ib3JhIHBvcnF1ZSBvZGlhdmEgbyB2ZW50byBkZSBhcmVpYSwgbWFzIGFxdWkgdGFtYsOpbSBuw6NvIGVzdMOhIG5hZGEgZsOhY2lsLg==,,TWFzYTogVWYsIG1lIGZ1aSBwb3IgY3VscGEgZGVsIHZpZW50byBkZSBhcmVuYSB5LCBhdW4gYXPDrSwgZXN0ZSBzaXRpbyB0YW1wb2NvIHNlIHF1ZWRhIGNvcnRvLg==
JoYEDQ,,TWFzYTogRGlkIHNvbWUgc2FuZCBnZXQgaW4geW91ciBtb3V0aD8=,,,,,TWFzYTogU2Vyw6EgcXVlIGVudHJvdSBhcmVpYSBuYSBzdWEgYm9jYT8=,,TWFzYTogwr9TZSBsZSBoYSBtZXRpZG8gYXJlbmEgZW4gbGEgYm9jYT8=
J4YEDQ,,TWFzYTogSSBndWFyYW50ZWUgaXQuIEkgbWF5IG5vdCBsb29rIGl0LCBidXQgSeKAmXZlIHJlY2VpdmVkIGxvdHMgb2YgZmxvd2VyIGRlbGl2ZXJpZXMsIGFuZCB0aGF04oCZcyBub3QgdGhlIGZsb3dlci4=,,,,,TWFzYTogRXUgZ2FyYW50by4gTsOjbyBwYXJlY2UsIG1hcyBqw6EgcmVjZWJpIG11aXRhcyBmbG9yZXMgbmEgdmlkYSwgZSBlc3NhIG7Do28gw6kgYSBmbG9yIGNlcnRhLg==,,TWFzYTogU2UgbG8gYXNlZ3Vyby4gQXVucXVlIG5vIGxvIHBhcmV6Y2EsIGhlIHJlY2liaWRvIG11Y2hhcyBlbnRyZWdhcyBkZSBmbG9yZXMsIHkgZXNhIG5vIGVzIGxhIGZsb3Iu
KIYEDQ,,TWFzYTogV2hvbSBjb3VsZCB0aGVzZSBmbG93ZXJzIGJlIGZyb20/IFRoYW5rIHlvdSBmb3IgZGVsaXZlcmluZyB0aGVtIGFueXdheS4=,,,,,TWFzYTogRGUgcXVlbSBzZXLDoSBlc3NhIGZsb3I/IE9icmlnYWRvIG1lc21vIHBvciBlbnRyZWdhci4=,,TWFzYTogwr9RdWnDqW4gbWUgaGFicsOhIGVudmlhZG8gZXN0YXMgZmxvcmVzPyBFbiBmaW4sIGdyYWNpYXMgcG9yIHRyYWVybGFzLg==
KYYEDQ,,TWFzYTogVmVyeSB0aG9yb3VnaC4gVGhlbiBiZSBvbiB5b3VyIHdheS4=,,,,,TWFzYTogVm9jw6ogw6kgYmVtIHJpZ29yb3NvLiBFbnTDo28sIGF0w6kgbWFpcy4=,,TWFzYTogUXXDqSBmb3JtYWwuIEJ1ZW5vLCBlbnRvbmNlcyBhZGnDs3Mu
KoYEDQ,,TWFzYTogSSBsZWZ0IG15IGhvbWV0b3duIGJlY2F1c2UgSSBoYXRlZCBzYW5kLCB5ZXQgaW4gdGhlIGVuZCBJIGNhbWUgdG8gYSBwbGFjZSBmdWxsIG9mIHNhbmQgdG9vLiBNeSBsaWZlIHJlYWxseSBpcyBzb21ldGhpbmcu,,,,,TWFzYTogU2HDrSBkYSBtaW5oYSB0ZXJyYSBuYXRhbCBwb3JxdWUgb2RpYXZhIGFyZWlhLCBtYXMgYWNhYmVpIHZpbmRvIHBhcmFyIG51bSBsdWdhciBjaGVpbyBkZWxhIGRvIG1lc21vIGplaXRvLiBRdWUgdmlkYSBhIG1pbmhhLg==,,TWFzYTogRGVqw6kgbWkgdGllcnJhIG5hdGFsIHBvcnF1ZSBvZGlhYmEgbGEgYXJlbmEsIHkgYWwgZmluYWwgaGUgYWNhYmFkbyBlbiB1biBsdWdhciBsbGVubyBkZSBhcmVuYSBkZSB0b2RvcyBtb2Rvcy4gTWkgdmlkYSBzw60gcXVlIGVzIGFsZ28gc2VyaW8u
K4YEDQ,,TWFzYTogV2FzIGl0IGNhbGxlZCBIYWxmIEZsb3dlcj8gSXTigJlzIGEgcHJldHR5IGZsb3dlci4=,,,,,TWFzYTogVm9jw6ogZGlzc2UgcXVlIMOpIHVtYSBGbG9yIEJpY29sb3I/IFF1ZSBmbG9yIGJvbml0YS4=,,TWFzYTogwr9IYSBkaWNobyBxdWUgZXMgdW5hIE1lZGlhIEZsb3I/IFF1w6kgZmxvciB0YW4gYm9uaXRhLg==
LIYEDQ,,W01hc2FdCkkgbGVmdCBteSBob21ldG93biBiZWNhdXNlIEkgaGF0ZWQgc2FuZCwgeWV0IGluIHRoZSBlbmQgSSBjYW1lIHRvIGEgcGxhY2UgZnVsbCBvZiBzYW5kIHRvby4gTXkgbGlmZSByZWFsbHkgaXMgc29tZXRoaW5nLg==,,,,,W01hc2FdClNhw60gZGEgbWluaGEgdGVycmEgbmF0YWwgcG9ycXVlIG9kaWF2YSBhcmVpYSwgbWFzIGFjYWJlaSB2aW5kbyBwYXJhciBudW0gbHVnYXIgY2hlaW8gZGVsYSBkbyBtZXNtbyBqZWl0by4gUXVlIHZpZGEgYSBtaW5oYS4=,,W01hc2FdCkRlasOpIG1pIHRpZXJyYSBuYXRhbCBwb3JxdWUgb2RpYWJhIGxhIGFyZW5hLCB5IGFsIGZpbmFsIGhlIGFjYWJhZG8gZW4gdW4gbHVnYXIgbGxlbm8gZGUgYXJlbmEgZGUgdG9kb3MgbW9kb3MuIE1pIHZpZGEgc8OtIHF1ZSBlcyBhbGdvIHNlcmlvLg==
LYYEDQ,,TWFzaGE=,,,,,TWFzaGE=,,TWFzaGE=
LoYEDQ,,TWFzaGE6IFNvbWVvbmUgSSBtZXQgYnJpZWZseSBub3QgbG9uZyBhZ28gc2FpZCB0aGV5IHdvdWxkIGRlbGl2ZXIgSGFsZiBGbG93ZXIuIEkgaG9wZSB0aGV5IGNvbWUgc29vbi4=,,,,,TWFzaGE6IERpc3NlcmFtIHF1ZSBhbGd1w6ltIHF1ZSBjb25oZWNpIHJlY2VudGVtZW50ZSB2YWkgbWUgZW52aWFyIHVtYSBGbG9yIEJpY29sb3IuIEVzcGVybyBxdWUgY2hlZ3VlIGxvZ28u,,TWFzaGE6IEFsZ3VpZW4gY29uIHF1aWVuIG1lIGNydWPDqSBoYWNlIHBvY28gZGlqbyBxdWUgbWUgZW52aWFyw61hIHVuYSBNZWRpYSBGbG9yLiBPamFsw6EgbGxlZ3VlIHByb250by4=
L4YEDQ,,TWFzaGE6IEkgdGhvdWdodCB5b3Ugd2VyZSB0aGUgb25lIG1ha2luZyB0aGUgZGVsaXZlcnku,,,,,TWFzaGE6IEFjaGVpIHF1ZSB2b2PDqiBmb3NzZSBxdWVtIHZpbmhhIGZhemVyIGEgZW50cmVnYS4=,,TWFzaGE6IFBlbnPDqSBxdWUgdXN0ZWQgZXJhIHF1aWVuIHZlbsOtYSBhIGVudHJlZ2FyIGxhcyBmbG9yZXMu
MIYEDQ,,TWFzaGE6IElzIHRoYXQgcmVhbGx5IHRoZSBmbG93ZXIgeW91IGJyb3VnaHQ/IEkgZG9u4oCZdCB0aGluayBpdCBpcy4=,,,,,TWFzaGE6IFRlbSBjZXJ0ZXphIGRlIHF1ZSBhIGZsb3IgcXVlIHRyb3V4ZSDDqSBhIGNlcnRhPyBBY2hvIHF1ZSBuw6NvIMOpIGVzc2Eu,,TWFzaGE6IMK/RXN0w6Egc2VndXJhIGRlIHF1ZSBlc2EgZXMgbGEgZmxvciBxdWUgdHJhZT8gQ3JlbyBxdWUgbm8gZXJhIGVzYS4=
MYYEDQ,,TWFzaGE6IFlvdeKAmXJlIGhlcmUuIFRoZXkgcmVtZW1iZXJlZCBob3cgSSBjYXN1YWxseSBtZW50aW9uZWQgdGhhdCBJIGxpa2UgZmxvd2VycyBhbmQgc2VudCB0aGVtIHRvIG1lLg==,,,,,TWFzaGE6IFZvY8OqIGNoZWdvdS4gRXNzYSBwZXNzb2Egc2UgbGVtYnJvdSBkZSBxdWUgZXUgbWVuY2lvbmVpIGRlIHBhc3NhZ2VtIHF1ZSBnb3N0byBkZSBmbG9yZXMsIGUgbWUgZW52aW91IHVtYS4=,,TWFzaGE6IFlhIGhhIGxsZWdhZG8uIFJlY29yZMOzIHF1ZSBkZWrDqSBjYWVyIGNvbW8gcXVpZW4gbm8gcXVpZXJlIGxhIGNvc2EgcXVlIG1lIGd1c3RhbiBsYXMgZmxvcmVzLCB5IG1lIGxhcyBoYSBtYW5kYWRvLg==
MoYEDQ,,TWFzaGE6IEhlcmUuIEFsbCBmbG93ZXJzIGFyZSBsb3ZlbHksIGJ1dCBIYWxmIEZsb3dlciBmZWVscyBlc3BlY2lhbGx5IHNwZWNpYWwgYW1vbmcgdGhlbS4=,,,,,TWFzaGE6IEFxdWkgZXN0w6EuIFRvZGFzIGFzIGZsb3JlcyBzw6NvIGJvbml0YXMsIG1hcyBGbG9yIEJpY29sb3IgcGFyZWNlIHVtYSBmbG9yIGVzcGVjaWFsbWVudGUgZXNwZWNpYWwu,,TWFzaGE6IEFxdcOtIHRpZW5lLiBUb2RhcyBsYXMgZmxvcmVzIG1lIGd1c3RhbiwgcGVybyBsYSBNZWRpYSBGbG9yIG1lIHBhcmVjZSB1bmEgZmxvciBlc3BlY2lhbCBlbnRyZSB0b2RhcyBlbGxhcy4=
M4YEDQ,,TWFzaGE6IEkgc2hvdWxkIHRoaW5rIG9mIGEgZ2lmdCB0byBzZW5kIGJhY2sgdG8gdGhhdCBwZXJzb24gYXMgd2VsbC4=,,,,,TWFzaGE6IEFjaG8gcXVlIGV1IHRhbWLDqW0gZGV2ZXJpYSBwZW5zYXIgZW0gdW0gcHJlc2VudGUgcGFyYSBtYW5kYXIgcGFyYSBlc3NhIHBlc3NvYS4=,,TWFzaGE6IFlvIHRhbWJpw6luIGRlYmVyw61hIHBlbnNhciBlbiBhbGfDum4gcmVnYWxvIHBhcmEgZW52aWFybGUgYSBlc2EgcGVyc29uYS4=
NIYEDQ,,TWFzaGE6IFN0cmFuZ2UuIFRoZXkgc2FpZCB0aGV5IHdvdWxkIHNlbmQgZmxvd2Vycy4=,,,,,TWFzaGE6IFF1ZSBlc3RyYW5oby4gRGlzc2VyYW0gcXVlIGlhbSBtZSBtYW5kYXIgZmxvcmVzLg==,,TWFzaGE6IFF1w6kgcmFyby4gRGlqbyBxdWUgbWUgaWJhIGEgbWFuZGFyIGZsb3Jlcy4uLg==
NYYEDQ,,TWFzaGE6IEkgd29yZSBteSBmYXZvcml0ZSBjbG90aGVzIGZvciB0aGUgZmlyc3QgdGltZSBpbiBhIHdoaWxlLCBhbmQgdGhleSBnb3Qgc3dlcHQgdXAgaW4gdGhlIHNhbmRzdG9ybS4=,,,,,TWFzaGE6IEZheiB0ZW1wbyBxdWUgbsOjbyB1c2F2YSBtaW5oYSByb3VwYSBmYXZvcml0YSwgbWFzIGVsYSBhY2Fib3Ugc2VuZG8gdmFycmlkYSBwZWxvIHZlbnRvIGRlIGFyZWlhLg==,,TWFzaGE6IEhhY8OtYSBtdWNobyBxdWUgbm8gbWUgcG9uw61hIG1pIHJvcGEgZmF2b3JpdGEsIHkgaGEgYWNhYmFkbyBhcnJhc3RyYWRhIHBvciBlbCB2aWVudG8gZGUgYXJlbmEu
NoYEDQ,,TWFzaGE6IEnigJlsbCBsZXQgaXQgc2xpZGUgaW4gaG9ub3Igb2Ygd2VhcmluZyBteSBmYXZvcml0ZSBjbG90aGVzLg==,,,,,TWFzaGE6IErDoSBxdWUgdmVzdGkgbWluaGEgcm91cGEgZmF2b3JpdGEsIHZvdSBkZWl4YXIgcGFzc2FyLg==,,TWFzaGE6IENvbW8gaG95IG1lIGhlIHB1ZXN0byBtaSByb3BhIGZhdm9yaXRhLCBoYXLDqSBsYSB2aXN0YSBnb3JkYS4=
N4YEDQ,,TWFzaGE6IFRoYXTigJlzIG5vdCB0aGUgZmxvd2VyLCBpcyBpdD8gQ2hlY2sgYWdhaW4u,,,,,TWFzaGE6IEFjaG8gcXVlIG7Do28gw6kgZXNzYSBmbG9yLiBDb25maXJhIGRlIG5vdm8u,,TWFzaGE6IENyZW8gcXVlIGVzYSBubyBlcyBsYSBmbG9yLiBDb21wcnXDqWJlbG8u
OIYEDQ,,TWFzaGE6IEZsb3dlcnM/IEZvciBtZT8gVGhhbmsgeW91LiBJ4oCZbGwgZ3JhdGVmdWxseSBhY2NlcHQgdGhlbS4=,,,,,TWFzaGE6IEZsb3Jlcz8gUGFyYSBtaW0/IE9icmlnYWRhLiBWb3UgYWNlaXRhciBjb20gZ3JhdGlkw6NvLg==,,TWFzaGE6IMK/RmxvcmVzPyDCv1BhcmEgbcOtPyBNdWNoYXMgZ3JhY2lhcy4gTGFzIGFjZXB0YXLDqSBlbmNhbnRhZGEu
OYYEDQ,,TWFzaGE6IE9oISBTbyB5b3Ugd2VyZW7igJl0IHRoZSBvbmUgZ2l2aW5nIHRoZW0gdG8gbWU/IFRoZW4gd2hvIHNlbnQgbWUgZmxvd2Vycz8=,,,,,TWFzaGE6IEVoISBFbnTDo28gbsOjbyBmb2kgdm9jw6ogcXVlbSB0cm91eGU/IEVudMOjbyBxdWVtIG1lIGVudmlvdSBmbG9yZXM/,,TWFzaGE6IMKhRWghIMK/QXPDrSBxdWUgbm8gbWUgbGFzIHRyYWUgdXN0ZWQ/IEVudG9uY2VzLCDCv3F1acOpbiBtZSBoYWJyw6EgbWFuZGFkbyBmbG9yZXM/
OoYEDQ,,TWFzaGE6IERpZCB5b3Uga25vdz8gVGhlIG91dGZpdCBJ4oCZbSB3ZWFyaW5nIGlzIHNhaWQgdG8gYmUgYSB0cmFkaXRpb25hbCBjb3N0dW1lIGZyb20gYSBwbGFjZSBjYWxsZWQgRHJhZ29uIENhc3RsZSBzb21ld2hlcmUgb3V0IGF0IHNlYS4=,,,,,TWFzaGE6IFNhYmlhPyBEaXplbSBxdWUgYXMgcm91cGFzIHF1ZSBlc3RvdSB1c2FuZG8gc8OjbyB1bSB0cmFqZSB0cmFkaWNpb25hbCBkZSB1bSBsdWdhciBjaGFtYWRvIFlvbmdqaXNlb25nLCBxdWUgZmljYSBlbSBhbGd1bSBsdWdhciBkbyBtYXIu,,TWFzaGE6IMK/U2FiZSB1bmEgY29zYT8gTGEgcm9wYSBxdWUgbGxldm8gZGljZW4gcXVlIGVzIGVsIHRyYWplIHRyYWRpY2lvbmFsIGRlIHVuIGx1Z2FyIGxsYW1hZG8gWW9uZ2ppc2VvbmcsIGVuIGFsZ8O6biBzaXRpbyBkZWwgbWFyLg==
O4YEDQ,,TWFzaGE6IEkgZG9u4oCZdCBrbm93IHdobyBzZW50IHRoZW0sIGJ1dCByZWNlaXZpbmcgZmxvd2VycyBtYWtlcyBtZSBoYXBweS4=,,,,,TWFzaGE6IE7Do28gc2VpIHF1ZW0gZW52aW91LCBtYXMgcmVjZWJlciBmbG9yZXMgbWUgZGVpeG91IGZlbGl6Lg==,,TWFzaGE6IE5vIHPDqSBxdWnDqW4gbWUgbGFzIGhhYnLDoSBtYW5kYWRvLCBwZXJvIHJlY2liaXIgZmxvcmVzIG1lIGFsZWdyYSBlbCBkw61hLg==
PIYEDQ,,W01hc2hhXQpEaWQgeW91IGtub3c/IFRoZSBvdXRmaXQgSeKAmW0gd2VhcmluZyBpcyBzYWlkIHRvIGJlIGEgdHJhZGl0aW9uYWwgY29zdHVtZSBmcm9tIGEgcGxhY2UgY2FsbGVkIFlvbmdqaXNlb25nIHNvbWV3aGVyZSBvdXQgYXQgc2VhLg==,,,,,W01hc2hhXQpTYWJpYT8gRGl6ZW0gcXVlIGFzIHJvdXBhcyBxdWUgZXN0b3UgdXNhbmRvIHPDo28gdW0gdHJhamUgdHJhZGljaW9uYWwgZGUgdW0gbHVnYXIgY2hhbWFkbyBZb25namlzZW9uZywgcXVlIGZpY2EgZW0gYWxndW0gbHVnYXIgZG8gbWFyLg==,,W01hc2hhXQrCv1NhYmUgdW5hIGNvc2E/IExhIHJvcGEgcXVlIGxsZXZvIGRpY2VuIHF1ZSBlcyBlbCB0cmFqZSB0cmFkaWNpb25hbCBkZSB1biBsdWdhciBsbGFtYWRvIFlvbmdqaXNlb25nLCBlbiBhbGfDum4gc2l0aW8gZGVsIG1hci4=
PYYEDQ,,VGlsbGluZw==,,,,,VGlsbGluZw==,,VGlsbGluZw==
PoYEDQ,,VGlsbGluZzogQXJlIHlvdSBoZXJlIHRvIGRlbGl2ZXIgZmxvd2VycyBieSBhbnkgY2hhbmNlPyBTb21lb25lIEkga25vdyBzYWlkIHRoZXkgd2VyZSBzZW5kaW5nIGZsb3dlcnMu,,,,,VGlsbGluZzogUG9yIGFjYXNvIHZlaW8gZmF6ZXIgdW1hIGVudHJlZ2EgZGUgZmxvcmVzPyBEaXNzZXJhbSBxdWUgYWxndcOpbSBjb25oZWNpZG8gbWUgZW52aWFyaWEgZmxvcmVzLg==,,VGlsbGluZzogwr9IYSB2ZW5pZG8gYSBlbnRyZWdhciBmbG9yZXMsIHF1aXrDoT8gRXMgcXVlIGFsZ3VpZW4gcXVlIGNvbm96Y28gZGlqbyBxdWUgbWUgZW52aWFyw61hIGZsb3Jlcy4=
P4YEDQ,,VGlsbGluZzogU28geW914oCZcmUgbm90Lg==,,,,,VGlsbGluZzogRW50w6NvIG7Do28gZXJhIHZvY8OqLg==,,VGlsbGluZzogQWgsIGFzw60gcXVlIG5vLg==
QIYEDQ,,VGlsbGluZzogSXMgdGhhdCB0aGUgcmlnaHQgZmxvd2VyPyBBcyBmYXIgYXMgSSBrbm93LCBpdCBpc27igJl0Li4=,,,,,VGlsbGluZzogVGVtIGNlcnRlemEgZGUgcXVlIMOpIGVzc2EgYSBmbG9yPyBQZWxvIHF1ZSBldSBzZWksIG7Do28gw6kuLg==,,VGlsbGluZzogwr9FcyBlc2EgcmVhbG1lbnRlIGxhIGZsb3I/IFNlZ8O6biB0ZW5nbyBlbnRlbmRpZG8sIG5vIGxvIGVzLi4u
QYYEDQ,,VGlsbGluZzogU28gdGhlIGZsb3dlciBiZWluZyBkZWxpdmVyZWQgd2FzIEhhbGYgRmxvd2VyPyBUaGF0IG9sZCBtYW4gdXNlZCB0byBnaXZlIG1lIG9uZSBldmVyeSB0aW1lIEkgc2F3IGhpbSwgYW5kIG5vdyBoZeKAmXMgZXZlbiBoYXZpbmcgdGhlbSBkZWxpdmVyZWQ/,,,,,VGlsbGluZzogRW50w6NvIGEgZmxvciBxdWUgaWFtIGVudHJlZ2FyIGVyYSBGbG9yIEJpY29sb3I/IEFxdWVsZSBzZW5ob3IgbWUgZGF2YSB1bWEgc2VtcHJlIHF1ZSBub3MgZW5jb250csOhdmFtb3MsIGUgYWdvcmEgYXTDqSBtYW5kYSBlbnRyZWdhcj8=,,VGlsbGluZzogwr9Bc8OtIHF1ZSBsYSBmbG9yIHF1ZSBpYmFuIGEgZW50cmVnYXIgZXJhIHVuYSBNZWRpYSBGbG9yPyDCv0VzZSBzZcOxb3IgeWEgbWUgZGFiYSB1bmEgY2FkYSB2ZXogcXVlIG5vcyB2ZcOtYW1vcyB5IGFob3JhIGhhc3RhIG1lIGxhIGVudsOtYSBhIGRvbWljaWxpbz8=
QoYEDQ,,VGlsbGluZzogUmlnaHQsIG9mIGNvdXJzZS4gSGVyZSB5b3UgYXJlLiBZb3UgbXVzdCBiZSBidXN5PyBJIHdpc2ggeW91IGNvdWxkIGF0IGxlYXN0IGdpdmUgbWUgYSBtb21lbnQgdG8gYWRtaXJlIHRoZW0u,,,,,VGlsbGluZzogUG9pcyDDqS4gQXF1aSBlc3TDoS4gUGFyZWNlIHF1ZSBlc3TDoSBvY3VwYWRvPyBQb2RpYSBhbyBtZW5vcyBtZSBkYXIgdGVtcG8gcGFyYSBhcHJlY2nDoS1sYSBwb3IgdW0gaW5zdGFudGUu,,VGlsbGluZzogUHVlcyBzw60uIEFxdcOtIHRpZW5lLiDCv0RlYmUgZGUgZXN0YXIgb2N1cGFkbz8gUG9kcsOtYSBkZWphcm1lIGFsIG1lbm9zIHVuIG1vbWVudG8gcGFyYSBhZG1pcmFybGEu
Q4YEDQ,,VGlsbGluZzogU2hvdWxkIEkgYWNjZXB0IHRoYXQgb2xkIG1hbuKAmXMgZmVlbGluZ3M/IFRoZSBhZ2UgZ2FwIGlzIHJhdGhlciBsYXJnZSwgdGhvdWdoLCBzbyB3aGF0IHNob3VsZCBJIGRvLg==,,,,,VGlsbGluZzogU2Vyw6EgcXVlIGRldm8gYWNlaXRhciBvIHNlbnRpbWVudG8gZGVzc2Ugc2VuaG9yPyBBIGRpZmVyZW7Dp2EgZGUgaWRhZGUgw6kgYmVtIGdyYW5kZS4uLiBvIHF1ZSBldSBmYcOnbz8=,,VGlsbGluZzogwr9EZWJlcsOtYSBhY2VwdGFyIGxvcyBzZW50aW1pZW50b3MgZGUgZXNlIHNlw7Fvcj8gSGF5IGJhc3RhbnRlIGRpZmVyZW5jaWEgZGUgZWRhZCwgwr9xdcOpIGhhZ28/
RIYEDQ,,VGlsbGluZzogT2ggZGVhciwgdGhleSBzYWlkIHRoZXnigJlkIHNlbmQgZmxvd2Vycywgc28gd2h5IGFyZW7igJl0IHRoZXkgaGVyZSB5ZXQ/IEnigJlsbCBncm93IG9sZCBhbmQgZGllIHdhaXRpbmcu,,,,,VGlsbGluZzogQWksIHBveGEsIGRpc3NlIHF1ZSBpYSBtZSBtYW5kYXIgZmxvcmVzLCBlbnTDo28gcG9yIHF1ZSBhaW5kYSBuw6NvIGNoZWdvdT8gU2UgZXUgZXNwZXJhciBtYWlzLCB2b3UgZW52ZWxoZWNlciBhcXVpLg==,,VGlsbGluZzogQXksIHBvciBmYXZvciwgZGlqbyBxdWUgbWUgZW52aWFyw61hIGZsb3JlcyB5IGHDum4gbm8gbGxlZ2FuLiBDb21vIHNpZ2EgZXNwZXJhbmRvLCBtZSBoYXLDqSB2aWVqYSBhcXXDrS4=
RYYEDQ,,VGlsbGluZzogQWhoLCBJ4oCZbSBzdXBwb3NlZCB0byBsZWF2ZSB0aGUgc2hvcCBkdXJpbmcgYnJlYWsgdGltZSwgYnV0IEkgY2Fu4oCZdCBldmVuIGRvIHRoYXQuLg==,,,,,VGlsbGluZzogQWhoLCBldSBkZXZlcmlhIHNhaXIgZGEgbG9qYSBkdXJhbnRlIG8gaW50ZXJ2YWxvLCBtYXMgbmVtIGlzc28gZXN0b3UgY29uc2VndWluZG8uLi4=,,VGlsbGluZzogQXkuLi4gZHVyYW50ZSBtaSBkZXNjYW5zbyBkZWJlcsOtYSBzYWxpciBkZSBsYSB0aWVuZGEsIHBlcm8gbmkgc2lxdWllcmEgcHVlZG8gaGFjZXJsby4uLg==
RoYEDQ,,VGlsbGluZzogWW914oCZdmUgZ290IGl0IHJvdWdoIHRvby4=,,,,,VGlsbGluZzogVm9jw6ogdGFtYsOpbSB0cmFiYWxoYSBkdXJvLCBoZWluLg==,,VGlsbGluZzogVXN0ZWQgdGFtYmnDqW4gZXN0w6EgcGFzYW5kbyBwb3IgbXVjaG8sIMK/ZWg/
R4YEDQ,,VGlsbGluZzogQSBmbG93ZXIgZGVsaXZlcnk/IFdobyBjb3VsZCBpdCBiZT8gSeKAmWxsIGFjY2VwdCBpdCBmb3Igbm93LCBidXQgaWYgaXTigJlzIG5vdCBtaW5lLCB5b3UgaGF2ZSB0byBjb21lIGdldCBpdCBiYWNrIGxhdGVyLiBVbmRlcnN0b29kPw==,,,,,VGlsbGluZzogRW50cmVnYSBkZSBmbG9yZXM/IFF1ZW0gc2Vyw6E/IFZvdSBhY2VpdGFyIHBvciBlbnF1YW50bywgbWFzLCBzZSBuw6NvIGZvciBwYXJhIG1pbSwgdmFpIHRlciBxdWUgdmlyIGJ1c2NhciBkZXBvaXMuIEVudGVuZGV1Pw==,,VGlsbGluZzogwr9VbmEgZW50cmVnYSBkZSBmbG9yZXM/IMK/RGUgcXVpw6luIHNlcsOhPyBEZSBtb21lbnRvIGxhIGFjZXB0YXLDqSwgcGVybyBzaSBubyBlcyBwYXJhIG3DrSwgdGVuZHLDoSBxdWUgdmVuaXIgYSBidXNjYXJsYS4gwr9FbnRlbmRpZG8/
SIYEDQ,,VGlsbGluZzogTm8gbWF0dGVyIGhvdyBJIHRoaW5rIGFib3V0IGl0LCBpdCBkb2VzbuKAmXQgZmVlbCBsaWtlIG1pbmUsIGJ1dCB3ZWxsLCB0aGUgZmxvd2VycyBhcmUgcHJldHR5IGFueXdheS4=,,,,,VGlsbGluZzogUG9yIG1haXMgcXVlIGV1IHBlbnNlLCBhY2hvIHF1ZSBpc3NvIG7Do28gw6kgbWV1LiBNYXMsIG1lc21vIGFzc2ltLCBhIGZsb3Igw6kgYm9uaXRhLg==,,VGlsbGluZzogUG9yIG3DoXMgcXVlIGxvIHBpZW5zZSwgbm8gY3JlbyBxdWUgc2VhIHBhcmEgbcOtLCBwZXJvIGJ1ZW5vLCBsYSBmbG9yIGVzIGJvbml0YS4=
SYYEDQ,,VGlsbGluZzogSGVsbG9+IFRoaXMgaXMgUmFjaGVsIFdlYXBvbiBTaG9wLCBwcm91ZCBvZiBpdHMgbG9uZy1zdGFuZGluZyB0cmFkaXRpb24uIEFoIHJpZ2h0ISBJdCB3YXMgYnJlYWsgdGltZSBqdXN0IG5vdy4=,,,,,VGlsbGluZzogT2zDoX4gZXN0YSDDqSBhIHRyYWRpY2lvbmFsIGxvamEgZGUgYXJtYXMgZGUgUmFjaGVsLCBjb20gdW1hIGxvbmdhIGhpc3TDs3JpYS4gQWgsIMOpIHZlcmRhZGUhIEFnb3JhIMOpIG8gaG9yw6FyaW8gZGUgZGVzY2Fuc28u,,VGlsbGluZzogwqFIb2xhfiEgRXN0YSBlcyBsYSBoaXN0w7NyaWNhIHRpZW5kYSBkZSBhcm1hcyBkZSBSYWNoZWwuIEFoLCBjbGFyby4gQWhvcmEgZXN0b3kgZW4gbWkgZGVzY2Fuc28u
SoYEDQ,,VGlsbGluZzogSWYgaXQgcmVhbGx5IGlzbuKAmXQgbWluZSwgeW914oCZbGwgaGF2ZSB0byBjb21lIGJhY2sgZm9yIGl0IGxhdGVyLiBJdCB3b3VsZCBiZSBzbyBzYWQgbm90IHRvIHJlY2VpdmUgc3VjaCBwcmV0dHkgZmxvd2Vycy4=,,,,,VGlsbGluZzogU2UgcmVhbG1lbnRlIG7Do28gZm9yIHBhcmEgbWltLCBlbnTDo28gdmFpIHRlciBxdWUgdmlyIGJ1c2NhciBkZXBvaXMuIFNlcmlhIG11aXRvIHRyaXN0ZSBuw6NvIHBvZGVyIHJlY2ViZXIgdW1hIGZsb3IgdMOjbyBib25pdGEu,,VGlsbGluZzogU2kgZGUgdmVyZGFkIG5vIGVzIHBhcmEgbcOtLCB0ZW5kcsOhIHF1ZSB2ZW5pciBsdWVnbyBhIHJlY29nZXJsYS4gU2Vyw61hIG11eSB0cmlzdGUgcXVlZGFybWUgc2luIHVuYSBmbG9yIHRhbiBib25pdGEu
S4YEDQ,,W1RpbGxpbmddCkhlbGxvfiBUaGlzIGlzIFJhY2hlbCBXZWFwb24gU2hvcCwgcHJvdWQgb2YgaXRzIGxvbmctc3RhbmRpbmcgdHJhZGl0aW9uLiBBaCByaWdodCEgSXQgd2FzIGJyZWFrIHRpbWUganVzdCBub3cu,,,,,W1RpbGxpbmddCk9sw6F+IGVzdGEgw6kgYSB0cmFkaWNpb25hbCBsb2phIGRlIGFybWFzIGRlIFJhY2hlbCwgY29tIHVtYSBsb25nYSBoaXN0w7NyaWEuIEFoLCDDqSB2ZXJkYWRlISBBZ29yYSDDqSBvIGhvcsOhcmlvIGRlIGRlc2NhbnNvLg==,,W1RpbGxpbmddCsKhSG9sYX4hIEVzdGEgZXMgbGEgaGlzdMOzcmljYSB0aWVuZGEgZGUgYXJtYXMgZGUgUmFjaGVsLiBBaCwgY2xhcm8uIEFob3JhIGVzdG95IGVuIG1pIGRlc2NhbnNvLg==
TIYEDQ,,VGVsbGluZw==,,,,,VGVsbGluZw==,,VGVsbGluZw==
TYYEDQ,,VGVsbGluZzogT2ggbXkhIEkga25vdyBJ4oCZbSBiZWluZyBzaWxseSwgYnV0IGlzbuKAmXQgYSBmbG93ZXIgZ2lmdCBqdXN0IHNvIHJvbWFudGljPw==,,,,,VGVsbGluZzogQWksIG5vc3NhISBFdSBzZWkgcXVlIGVzdG91IHNlbmRvIGJvYmEsIG1hcyBwcmVzZW50ZXMgZGUgZmxvcmVzIG7Do28gc8OjbyBhbGdvIG11aXRvIHJvbcOibnRpY28/,,VGVsbGluZzogQXksIHBvciBmYXZvci4gWWEgc8OpIHF1ZSBwYXJlemNvIHJpZMOtY3VsYSwgcGVybyDCv25vIGxlIHBhcmVjZSBtdXkgcm9tw6FudGljbyBxdWUgdGUgcmVnYWxlbiBmbG9yZXM/
ToYEDQ,,VGVsbGluZzogU28gaXTigJlzIG5vdCByb21hbnRpYywgdGhlbi4gV2hhdCBhIGRyeSBwZXJzb24geW91IGFyZS4=,,,,,VGVsbGluZzogRW50w6NvIG7Do28gYWNoYSByb23Dom50aWNvLiBDb21vIHZvY8OqIMOpIHVtYSBwZXNzb2Egc2VjYS4=,,VGVsbGluZzogQXPDrSBxdWUgbm8gbGUgcGFyZWNlIHJvbcOhbnRpY28uIFF1w6kgcGVyc29uYSB0YW4gc2VjYS4=
T4YEDQ,,VGVsbGluZzogU29ycnksIGJ1dCB0aGF04oCZcyBub3QgdGhlIGZsb3dlci4gV2hvIHdvdWxkIGFjY2VwdCBhIGZsb3dlciBmcm9tIGFuIHVua25vd24gc291cmNlPw==,,,,,VGVsbGluZzogRGVzY3VscGUsIG1hcyBlc3NhIG7Do28gw6kgYSBmbG9yLiBRdWVtIGFjZWl0YXJpYSB1bWEgZmxvciBkZSBvcmlnZW0gZGVzY29uaGVjaWRhPw==,,VGVsbGluZzogTG8gc2llbnRvLCBwZXJvIGVzYSBubyBlcyBsYSBmbG9yLiDCv1F1acOpbiB2YSBhIGFjZXB0YXIgdW5hIGZsb3IgY3V5byBvcmlnZW4gZGVzY29ub2NlPw==
UIYEDQ,,VGVsbGluZzogT2ghIEhlaCEgR2FzcCEgQWguLiBob3cgZW1iYXJyYXNzaW5nLg==,,,,,VGVsbGluZzogRWghIEhtISBBaCEgQWguLiBxdWUgdmVyZ29uaGEu,,VGVsbGluZzogwqFFaCEgwqFKZSEgwqFBeSEgQWguLi4gcXXDqSB2ZXJnw7xlbnphLg==
UYYEDQ,,VGVsbGluZzogSGVyZSwganVzdCB0YWtlIGl0IGFuZCBnbyBhbHJlYWR5LiBJ4oCZbSBkeWluZyBvZiBlbWJhcnJhc3NtZW50Lg==,,,,,VGVsbGluZzogVG9tZSwgcGVndWUgbG9nbyBlIHbDoSBlbWJvcmEuIEVzdG91IG1vcnJlbmRvIGRlIHZlcmdvbmhhLg==,,VGVsbGluZzogVG9tYSwgcmVjw61iZWxhIHLDoXBpZG8geSB2w6F5YXNlIHlhLiBNZSBtdWVybyBkZSBsYSB2ZXJnw7xlbnphLg==
UoYEDQ,,VGVsbGluZzogV2h5IGFyZSB5b3Ugc3RpbGwgaGVyZT8gSSB0b2xkIHlvdSBJ4oCZbSBlbWJhcnJhc3NlZC4=,,,,,VGVsbGluZzogUG9yIHF1ZSBhaW5kYSBuw6NvIGZvaT8gRXN0b3UgZGl6ZW5kbyBxdWUgZXN0b3UgY29tIHZlcmdvbmhhLg==,,VGVsbGluZzogwr9Qb3IgcXXDqSBzaWd1ZSBhcXXDrT8gWWEgbGUgaGUgZGljaG8gcXVlIG1lIGRhIHZlcmfDvGVuemEu
U4YEDQ,,VGVsbGluZzogSW4gdGhpcyBkcnkgZGVzZXJ0IGNpdHksIGlzbuKAmXQgdGhlIGdpZnQgb2YgYSB2aXZpZCBmcmVzaCBmbG93ZXIgcm9tYW50aWM/,,,,,VGVsbGluZzogTmVzdGUgZGVzZXJ0byBzZWNvLCB1bSBwcmVzZW50ZSBkZSBmbG9yZXMgZnJlc2NhcyBlIHZpdmFzIG7Do28gw6kgYWxnbyByb23Dom50aWNvPw==,,VGVsbGluZzogwr9ObyBsZSBwYXJlY2Ugcm9tw6FudGljbyBxdWUsIGVuIHVuYSBjaXVkYWQgZGVzw6lydGljYSB0YW4gw6FyaWRhLCBhbGd1aWVuIHRlIHJlZ2FsZSB1bmEgZmxvciBuYXR1cmFsIHRhbiB2aXZhPw==
VIYEDQ,,VGVsbGluZzogTmljZSB0byBtZWV0IHlvdS4gSeKAmW0gVGVsbGluZy4gV2h5IGRpZCB5b3UgY29tZSBsb29raW5nIGZvciBtZT8=,,,,,VGVsbGluZzogUHJhemVyLiBFdSBzb3UgVGVsbGluZy4gUG9yIHF1ZSB2ZWlvIG1lIHByb2N1cmFyPw==,,VGVsbGluZzogRW5jYW50YWRhLiBNZSBsbGFtbyBUZWxsaW5nLiDCv1BvciBxdcOpIGhhIHZlbmlkbyBhIGJ1c2Nhcm1lPw==
VYYEDQ,,VGVsbGluZzogSSBzdXBwb3NlIHlvdSBnb3QgdGhlIHdyb25nIHBlcnNvbi4gSSB1bmRlcnN0YW5kLiBUaGVyZSBhcmUganVzdCB0b28gbWFueSBwZW9wbGUgaW4gdGhlIHdvcmxkIHdpdGggc2ltaWxhciBuYW1lcy4=,,,,,VGVsbGluZzogQWNobyBxdWUgY29uZnVuZGl1IGEgcGVzc29hLiBFdSBlbnRlbmRvLiBObyBtdW5kbyBleGlzdGVtIG11aXRvcyBub21lcyBwYXJlY2lkb3Mu,,VGVsbGluZzogRGViZSBkZSBoYWJlcnNlIGNvbmZ1bmRpZG8gZGUgcGVyc29uYS4gTG8gZW50aWVuZG8uIEVuIGVsIG11bmRvIGhheSBkZW1hc2lhZGEgZ2VudGUgY29uIG5vbWJyZXMgcGFyZWNpZG9zLg==
VoYEDQ,,VGVsbGluZzogQSBmbG93ZXIgZGVsaXZlcnk/IFdobyBjb3VsZCBpdCBiZT8gSXNu4oCZdCB0aGUgc2VuZGVy4oCZcyBuYW1lIHdyaXR0ZW4gdGhlcmU/,,,,,VGVsbGluZzogRW50cmVnYSBkZSBmbG9yZXM/IERlIHF1ZW0gc2Vyw6E/IE7Do28gdGVtIG8gbm9tZSBkZSBxdWVtIGVudmlvdT8=,,VGVsbGluZzogwr9VbmEgZW50cmVnYSBkZSBmbG9yZXM/IMK/UXVpw6luIHNlcsOhPyDCv05vIHBvbmUgZWwgbm9tYnJlIGRlIHF1aWVuIGxhcyBtYW5kYT8=
V4YEDQ,,VGVsbGluZzogSGVyZSBpdCBpcy4gQnkgdGhlIHdheSwgeW914oCZcmUgYSBxdWlldCBvbmUu,,,,,VGVsbGluZzogQXF1aSBlc3TDoS4gUGVsbyB2aXN0bywgdm9jw6ogw6kgdW1hIHBlc3NvYSBkZSBwb3VjYXMgcGFsYXZyYXMu,,VGVsbGluZzogQXF1w60gdGllbmUuIFBvciBjaWVydG8sIHF1w6kgY2FsbGFkbyBlcyB1c3RlZC4=
WIYEDQ,,VGVsbGluZzogVGhlcmXigJlzIGEgc2F5aW5nIGluIHRoZSBkZXNlcnQ6IGlmIGl04oCZcyBob3QsIGdvIHRvIHRoZSBzaGFkZSEgU29ycnksIGRvbuKAmXQgdGFrZSBpdCBzbyBzZXJpb3VzbHkuIEkganVzdCBtYWRlIHRoYXQgdXAu,,,,,VGVsbGluZzogRGl6ZW0gcXVlLCBzZSBlc3RpdmVyIGNhbG9yIG5vIGRlc2VydG8sIHbDoSBwYXJhIGEgc29tYnJhISBEZXNjdWxwZS4gTsOjbyBsZXZlIGlzc28gdMOjbyBhIHPDqXJpby4gQWNhYmVpIGRlIGludmVudGFyIGlzc28gYWdvcmEu,,VGVsbGluZzogSGF5IHVuIGRpY2hvIHF1ZSBkaWNlOiDigJxTaSBoYWNlIGNhbG9yIGVuIGVsIGRlc2llcnRvLCBidXNjYSBsYSBzb21icmHigJ0uIExvIHNpZW50bywgbm8gbG8gdG9tZSB0YW4gZW4gc2VyaW8uIE1lIGxvIGFjYWJvIGRlIGludmVudGFyIGFob3JhIG1pc21vLg==
WYYEDQ,,VGVsbGluZzogRmFyZXdlbGwuIEFuZCB0ZWxsIHRoZSB1bmtub3duIHNlbmRlciB0aGF0IEkgcmVjZWl2ZWQgdGhlIGZsb3dlcnMgd2VsbC4=,,,,,VGVsbGluZzogVsOhIGNvbSBjdWlkYWRvLCBlIGRpZ2Egw6AgcGVzc29hIGRlc2NvbmhlY2lkYSBxdWUgcmVjZWJpIGJlbSBhcyBmbG9yZXMu,,VGVsbGluZzogUXVlIGxlIHZheWEgYmllbi4gWSBkw61nYWxlIGEgZXNhIHBlcnNvbmEgZGVzY29ub2NpZGEgcXVlIGhlIHJlY2liaWRvIGJpZW4gbGFzIGZsb3Jlcy4=
WoYEDQ,,W1RlbGxpbmddClRoZXJl4oCZcyBhIHNheWluZyBpbiB0aGUgZGVzZXJ0OiBpZiBpdOKAmXMgaG90LCBnbyB0byB0aGUgc2hhZGUhIFNvcnJ5LCBkb27igJl0IHRha2UgaXQgc28gc2VyaW91c2x5LiBJIGp1c3QgbWFkZSB0aGF0IHVwLg==,,,,,W1RlbGxpbmddCkRpemVtIHF1ZSwgc2UgZXN0aXZlciBjYWxvciBubyBkZXNlcnRvLCB2w6EgcGFyYSBhIHNvbWJyYSEgRGVzY3VscGUuIE7Do28gbGV2ZSBpc3NvIHTDo28gYSBzw6lyaW8uIEFjYWJlaSBkZSBpbnZlbnRhciBpc3NvIGFnb3JhLg==,,W1RlbGxpbmddCkhheSB1biBkaWNobyBxdWUgZGljZTog4oCcU2kgaGFjZSBjYWxvciBlbiBlbCBkZXNpZXJ0bywgYnVzY2EgbGEgc29tYnJh4oCdLiBMbyBzaWVudG8sIG5vIGxvIHRvbWUgdGFuIGVuIHNlcmlvLiBNZSBsbyBhY2FibyBkZSBpbnZlbnRhciBhaG9yYSBtaXNtby4=
W4YEDQ,,U2hlaWw=,,,,,U2hlaWw=,,U2hlaWw=
XIYEDQ,,U2hlaWw6IFlvdSBsb29rIGxpa2UgYW4gb3V0c2lkZXIsIHNvIGFyZSB5b3UgaGVyZSB0byBkZWxpdmVyIGZsb3dlcnMgYnkgYW55IGNoYW5jZT8gU29tZW9uZSBJIGtub3cgY29udGFjdGVkIG1lIGFib3V0IGl0Lg==,,,,,U2hlaWw6IFBhcmVjZSBzZXIgZGUgZm9yYS4gUG9yIGFjYXNvIHZlaW8gZmF6ZXIgdW1hIGVudHJlZ2EgZGUgZmxvcmVzPyBSZWNlYmkgYXZpc28gZGUgYWxndcOpbSBjb25oZWNpZG8u,,U2hlaWw6IFBhcmVjZSBmb3Jhc3Rlcm8sIMK/aGEgdmVuaWRvIGEgZW50cmVnYXIgZmxvcmVzLCBxdWl6w6E/IEVzIHF1ZSB1bmEgcGVyc29uYSBjb25vY2lkYSBtZSBhdmlzw7Mu
XYYEDQ,,U2hlaWw6IFNvIHlvdeKAmXJlIG5vdC4=,,,,,U2hlaWw6IEVudMOjbyBuw6NvIGVyYSB2b2PDqi4=,,U2hlaWw6IEFoLCBhc8OtIHF1ZSBubyBlcmEgdXN0ZWQu
XoYEDQ,,U2hlaWw6IEFzIGZhciBhcyBJIGtub3csIHRoYXQgd29u4oCZdCBiZSB0aGUgZmxvd2VyLiBJIGhlYXJkIHRoZSBuYW1lIG9mIHRoZSBwZXJzb24gbWFraW5nIHRoZSBkZWxpdmVyeSB3b3VsZCBiZSB3cml0dGVuIG9uIGl0PyBJIHRoaW5rIHNvLg==,,,,,U2hlaWw6IFBlbG8gcXVlIHNlaSwgZXNzYSBuw6NvIGRldmUgc2VyIGEgZmxvciBjZXJ0YS4gRGlzc2VyYW0gcXVlIG5lbGEgZXN0YXJpYSBlc2NyaXRvIG8gbm9tZSBkYSBwZXNzb2EgcXVlIGVudHJlZ2EsIG91IGFsZ28gYXNzaW0u,,U2hlaWw6IFNlZ8O6biB0ZW5nbyBlbnRlbmRpZG8sIGVzYSBubyBlcyBsYSBmbG9yLiDCv05vIGRpam8gcXVlIHRlbmRyw61hIGVzY3JpdG8gZWwgbm9tYnJlIGRlIHF1aWVuIGxhIHJlcGFydGU/IENyZW8gcXVlIHPDrS4=
X4YEDQ,,U2hlaWw6IFllcywgeWVzISBJ4oCZbSBTaGVpbCwgdGhhdOKAmXMgcmlnaHQu,,,,,U2hlaWw6IFNpbSwgc2ltISBFdSBzb3UgU2hlaWwu,,U2hlaWw6IMKhU8OtLCBzw60hIFlvIHNveSBTaGVpbC4=
YIYEDQ,,U2hlaWw6IEJ1dCB5b3UgcmVhbGx5IGRpZCB3ZWxsIGZpbmRpbmcgeW91ciB3YXkgYWxsIHRoZSB3YXkgb3V0IHRvIHRoaXMgcmVtb3RlIHBsYWNlLg==,,,,,U2hlaWw6IE1hcyBhdMOpIHF1ZSBjb25zZWd1aXUgY2hlZ2FyIG11aXRvIGJlbSBhIHVtIGx1Z2FyIHTDo28gaXNvbGFkby4=,,U2hlaWw6IFBlcm8gdGllbmUgbcOpcml0byBoYWJlciBlbmNvbnRyYWRvIHVuIGx1Z2FyIHRhbiBhcGFydGFkbyBjb21vIGVzdGUu
YYYEDQ,,U2hlaWw6IFdvdywgZXZlbiB0aG91Z2ggdGhpcyBIYWxmIEZsb3dlciB3YXMgcGlja2VkLCBpdCBzdGlsbCBsb29rcyBzbyBmcmVzaC4gSSBoZWFyZCB0aGVyZSBhcmUgbm90IG1hbnkgd2hvIGtub3cgaG93IHRvIGhhbmRsZSBpdCwgc28gd2hvZXZlciBkaWQgdGhpcyBpcyBxdWl0ZSBza2lsbGVkLg==,,,,,U2hlaWw6IFVhdSwgdmVqYSBzw7MsIG1lc21vIGRlcG9pcyBkZSBjb3J0YWRhLCBlc3RhIEZsb3IgQmljb2xvciBjb250aW51YSB2aXZhLiBQZWxvIHF1ZSBzZWksIHBvdWNhcyBwZXNzb2FzIHNhYmVtIGxpZGFyIGNvbSBlbGEsIGVudMOjbyBxdWVtIGZleiBpc3NvIMOpIG11aXRvIGhhYmlsaWRvc28u,,U2hlaWw6IFZheWEsIG1pcmUgbG8gZnJlc2NhIHF1ZSBlc3TDoSBlc3RhIE1lZGlhIEZsb3IgaW5jbHVzbyBjb3J0YWRhLiBUZW5nbyBlbnRlbmRpZG8gcXVlIGNhc2kgbmFkaWUgc2FiZSBtYW5lamFybGEgYmllbiwgYXPDrSBxdWUgcXVpZW4gbGEgaGF5YSBwcmVwYXJhZG8gdGllbmUgbXVjaGEgaGFiaWxpZGFkLg==
YoYEDQ,,U2hlaWw6IElmIHRoZSBwZXJzb24gZGVsaXZlcmluZyBmbG93ZXJzIGxvb2tzIGZvciBTaGVpbCwgcGxlYXNlIHNlbmQgdGhlbSB0byBtZS4=,,,,,U2hlaWw6IFNlIGEgcGVzc29hIHF1ZSBlbnRyZWdhIGZsb3JlcyBlc3RpdmVyIHByb2N1cmFuZG8gcG9yIFNoZWlsLCBtYW5kZS1hIGF0w6kgbWltLg==,,U2hlaWw6IFNpIGxhIHBlcnNvbmEgcXVlIHRyYWUgbGFzIGZsb3JlcyBidXNjYSBhIFNoZWlsLCBlbnbDrWVsYSBjb25taWdvLg==
Y4YEDQ,,U2hlaWw6IEFuIG91dHNpZGVyPyBJcyB0aGF0IGl0PyBXaGF0IGJyaW5ncyB5b3UgdG8gdGhpcyByZW1vdGUgdmlsbGFnZT8=,,,,,U2hlaWw6IEVudMOjbyB2b2PDqiDDqSB1bSBmb3Jhc3RlaXJvPyBPIHF1ZSB2ZWlvIGZhemVyIGF0w6kgZXN0YSB2aWxhIGlzb2xhZGE/,,U2hlaWw6IMK/VW4gZm9yYXN0ZXJvPyDCv1ZlcmRhZD8gwr9RdcOpIGxlIHRyYWUgaGFzdGEgdW4gcHVlYmxvIHRhbiBhcGFydGFkbz8=
ZIYEDQ,,U2hlaWw6IFlvdeKAmXJlIHF1aXRlIGEgc3RyYW5nZSBwZXJzb24u,,,,,U2hlaWw6IFF1ZSBwZXNzb2EgZXN0cmFuaGEu,,U2hlaWw6IFF1w6kgcGVyc29uYSB0YW4gY3VyaW9zYS4=
ZYYEDQ,,U2hlaWw6IEZsb3dlcnM/IExvb2tpbmcgYXQgdGhlbSwgdGhleeKAmXJlIEhhbGYgRmxvd2VycywgcmlnaHQ/IEJ1dCB3aG8gd291bGQgaGF2ZSBzZW50IHRoZXNlPw==,,,,,U2hlaWw6IEZsb3Jlcz8gUG9yIGVzc2EgZmxvciwgdmVqbyBxdWUgw6kgdW1hIEZsb3IgQmljb2xvci4gTWFzIHF1ZW0gdGVyaWEgZW52aWFkbyBpc3NvPw==,,U2hlaWw6IMK/RmxvcmVzPyDCv0VudG9uY2VzIHZpZW5kbyBlc3RhIGZsb3IsIHNlcsOhIHVuYSBNZWRpYSBGbG9yPyBQZXJvIMK/cXVpw6luIGhhYnLDoSBlbnZpYWRvIGVzdG8/
ZoYEDQ,,U2hlaWw6IFdobyBjb3VsZCBpdCBiZT8gVGhlIG9uZSB3aG8gc2VudCB0aGVzZSBmbG93ZXJzPw==,,,,,U2hlaWw6IFF1ZW0gc2Vyw6E/IFF1ZW0gZW52aW91IGVzdGEgZmxvcj8=,,U2hlaWw6IMK/UXVpw6luIHNlcsOhPyDCv1F1acOpbiBoYWJyw6EgZW52aWFkbyBlc3RhIGZsb3I/
Z4YEDQ,,U2hlaWw6IEkgY2FtZSBoZXJlIGJlY2F1c2UgSSBmZWx0IHN0aWZsZWQgYW5kIHdhbnRlZCBzb21ld2hlcmUgd2l0aCBubyBvbmUgYXJvdW5kLCB5ZXQgc29tZW9uZSBpcyBoZXJlIHRvby4=,,,,,U2hlaWw6IFZpbSBhdMOpIGFxdWkgcG9ycXVlIHF1ZXJpYSBmaWNhciBlbSB1bSBsdWdhciBzZW0gbmluZ3XDqW0sIG1hcyBwYXJlY2UgcXVlIGF0w6kgYXF1aSBow6EgYWxndcOpbS4=,,U2hlaWw6IEhlIHZlbmlkbyBhIHVuIHNpdGlvIGRvbmRlIG5vIGh1YmllcmEgbmFkaWUgcG9ycXVlIG1lIHNlbnTDrWEgYWdvYmlhZGEsIHkgcmVzdWx0YSBxdWUgYXF1w60gdGFtYmnDqW4gaGF5IGFsZ3VpZW4u
aIYEDQ,,U2hlaWw6IFRoaXMgSGFsZiBGbG93ZXIgc3RpbGwgbG9va3MgZnJlc2ggZXZlbiBhZnRlciBiZWluZyBwaWNrZWQ/IFdob2V2ZXIgaGFuZGxlZCBpdCBpcyBxdWl0ZSBza2lsbGVkLg==,,,,,U2hlaWw6IE1lc21vIGNvcnRhZGEsIGVzdGEgRmxvciBCaWNvbG9yIGNvbnRpbnVhIGZyZXNjYS4gUXVlbSBxdWVyIHF1ZSB0ZW5oYSBzaWRvLCDDqSBhbGd1w6ltIG11aXRvIHRhbGVudG9zby4=,,U2hlaWw6IEVzdGEgTWVkaWEgRmxvciBzaWd1ZSBmcmVzY2EgaW5jbHVzbyBjb3J0YWRhLCDCv3ZlcmRhZD8gU2VhIHF1aWVuIHNlYSBxdWllbiBsYSBoYXlhIHByZXBhcmFkbywgdGllbmUgdGFsZW50by4=
aYYEDQ,,W1NoZWlsXQpJIGNhbWUgaGVyZSBiZWNhdXNlIEkgZmVsdCBzdGlmbGVkIGFuZCB3YW50ZWQgc29tZXdoZXJlIHdpdGggbm8gb25lIGFyb3VuZCwgeWV0IHNvbWVvbmUgaXMgaGVyZSB0b28u,,,,,W1NoZWlsXQpWaW0gYXTDqSBhcXVpIHBvcnF1ZSBxdWVyaWEgZmljYXIgZW0gdW0gbHVnYXIgc2VtIG5pbmd1w6ltLCBtYXMgcGFyZWNlIHF1ZSBhdMOpIGFxdWkgaMOhIGFsZ3XDqW0u,,W1NoZWlsXQpIZSB2ZW5pZG8gYSB1biBzaXRpbyBkb25kZSBubyBodWJpZXJhIG5hZGllIHBvcnF1ZSBtZSBzZW50w61hIGFnb2JpYWRhLCB5IHJlc3VsdGEgcXVlIGFxdcOtIHRhbWJpw6luIGhheSBhbGd1aWVuLg==
aoYEDQ,,U2VpbA==,,,,,U2VpbA==,,U2VpbA==
a4YEDQ,,U2VpbDogT29vaG9uZyEgVGhlIGVsZGVyIHNhaWQgdGhleSB3b3VsZCBzZW5kIGZsb3dlcnMsIGJ1dCBJIHdvbmRlciBpZiB0aGV54oCZbGwgcmVhbGx5IGJlIGFibGUgdG8gZmluZCB0aGVpciB3YXkgaGVyZT8=,,,,,U2VpbDogT29ob25nISBEaXNzZXJhbSBxdWUgbyBzZW5ob3IgaWEgbWFuZGFyIGZsb3JlcywgbWFzIHNlcsOhIHF1ZSB2w6NvIGNvbnNlZ3VpciBjaGVnYXIgYXTDqSBhcXVpPw==,,U2VpbDogwqFPaCwgb2gsIG9oISBEaWpvIHF1ZSBtZSBtYW5kYXLDrWEgZmxvcmVzLCBwZXJvIMK/cG9kcsOhIGxsZWdhciBoYXN0YSBhcXXDrT8=
bIYEDQ,,U2VpbDogT29vaG9uZyEgSXTigJlzIG9rYXkuIEl04oCZcyBva2F5IQ==,,,,,U2VpbDogT29ob25nISBUdWRvIGJlbS4gVHVkbyBiZW0h,,U2VpbDogwqFPaCwgb2gsIG9oISBFc3TDoSBiaWVuLiDCoUVzdMOhIGJpZW4h
bYYEDQ,,U2VpbDogVGhhdOKAmXMgbm90IHRoZSBmbG93ZXIsIG9vb2hvbmch,,,,,U2VpbDogQWNobyBxdWUgbsOjbyDDqSBlc3NhIGZsb3IsIG9vaG9uZyE=,,U2VpbDogwr9ObyBzZXLDoSBlc2EgbGEgZmxvcj8gwqFPaCwgb2gsIG9oIQ==
boYEDQ,,U2VpbDogT29vaG9uZywgbmljZS4gTmljZS4=,,,,,U2VpbDogT29ob25nLCDDs3RpbW8uIMOTdGltby4=,,U2VpbDogwqFPaCwgb2gsIG9oISBRdcOpIGJpZW4uIFF1w6kgYmllbi4=
b4YEDQ,,U2VpbDogSXQgaGFzIGFscmVhZHkgYmVlbiBxdWl0ZSBhIHdoaWxlIHNpbmNlIEkgc3RvcHBlZCB3b3JraW5nIGF0IHRoYXQgaG91c2Vob2xkLCB5ZXQgdGhleSBzdGlsbCByZW1lbWJlciBhbmQgc2VuZCBtZSBhIGdpZnQuIFRoZXkgdHJ1bHkgYXJlIGFuIGltcHJlc3NpdmUgcGVyc29uLg==,,,,,U2VpbDogSsOhIGZheiBiYXN0YW50ZSB0ZW1wbyBxdWUgZGVpeGVpIGRlIHRyYWJhbGhhciBuYXF1ZWxhIGNhc2EsIGUgYWluZGEgYXNzaW0gbsOjbyBzZSBlc3F1ZWNldSBkZSBtaW0gZSBhdMOpIGVudmlvdSB1bSBwcmVzZW50ZS4gw4kgcmVhbG1lbnRlIHVtYSBwZXNzb2EgaW1wcmVzc2lvbmFudGUu,,U2VpbDogSGFjZSB5YSBiYXN0YW50ZSBxdWUgZGVqw6kgZGUgdHJhYmFqYXIgZW4gYXF1ZWxsYSBjYXNhLCB5IGF1biBhc8OtIG5vIHNlIGhhIG9sdmlkYWRvIGRlIG3DrSB5IGhhc3RhIG1lIG1hbmRhIHVuIHJlZ2Fsby4gUXXDqSBwZXJzb25hIHRhbiBleHRyYW9yZGluYXJpYS4=
cIYEDQ,,U2VpbDogSXQgd2FzIGVhc2llciB3aGVuIEkgd2FzIGVhcm5pbmcgbW9uZXkgYXQgdGhhdCBob3VzZWhvbGQsIGJ1dCBvb29ob25nISBXaGF0IGEgc2hhbWUu,,,,,U2VpbDogTmEgw6lwb2NhIGVtIHF1ZSBldSB0cmFiYWxoYXZhIG5hcXVlbGEgY2FzYSwgZ2FuaGFyIGRpbmhlaXJvIGVyYSBtYWlzIGbDoWNpbCwgbWFzIG9vaG9uZyEgUXVlIHBlbmEu,,U2VpbDogQ3VhbmRvIGdhbmFiYSBkaW5lcm8gZW4gYXF1ZWxsYSBjYXNhIGVzdGFiYSBtw6FzIGPDs21vZGEsIHBlcm8gwqFvaCwgb2gsIG9oISwgcXXDqSBwZW5hLg==
cYYEDQ,,U2VpbDogVGhlIGZsb3dlciBkZWxpdmVyeSBkZWZpbml0ZWx5IGNhbuKAmXQgZmluZCBpdHMgd2F5IGhlcmUuIFRvIHRoaW5rIGl0IHN0aWxsIGhhc27igJl0IGNvbWUu,,,,,U2VpbDogQ29tIGNlcnRlemEgYSBlbnRyZWdhIGRlIGZsb3JlcyBuw6NvIGVzdMOhIGNvbnNlZ3VpbmRvIGVuY29udHJhciBlc3RlIGx1Z2FyLiBOw6NvIGltYWdpbmVpIHF1ZSBkZW1vcmFyaWEgdGFudG8u,,U2VpbDogRXN0w6EgY2xhcsOtc2ltbyBxdWUgbGEgZW50cmVnYSBkZSBmbG9yZXMgbm8gY29uc2lndWUgZW5jb250cmFyIGVzdGUgbHVnYXIuIE5vIGVzcGVyYWJhIHF1ZSB0YXJkYXJhIHRhbnRvLg==
coYEDQ,,U2VpbDogT29vaG9uZyEgVGhlIHdlYXRoZXIgaXMgbmljZSB0b2RheSwgcmlnaHQ/IFdlbGNvbWUgdG8gR3JheSBXb2xmIFZpbGxhZ2Uu,,,,,U2VpbDogT29ob25nISBPIHRlbXBvIGVzdMOhIGJvbSBob2plLCBuw6NvIMOpPyBCZW0tdmluZG8gYSBBbGRlaWEgZG8gTG9ibyBDaW56ZW50by4=,,U2VpbDogwqFPaCwgb2gsIG9oISBIYWNlIGJ1ZW4gdGllbXBvIGhveSwgwr92ZXJkYWQ/IEJpZW52ZW5pZG8gYSBQdWVibG8gZGVsIExvYm8gR3Jpcy4=
c4YEDQ,,U2VpbDogT2ggbXkhIE9vb2hvbmcsIHdobyBjb3VsZCBpdCBiZT8gTXkgaHVzYmFuZCB3b3VsZG7igJl0IGhhdmUgdGhhdCBraW5kIG9mIHRob3VnaHRmdWxuZXNzLg==,,,,,U2VpbDogTm9zc2EhIE9vaG9uZywgcXVlbSBzZXLDoT8gTWV1IG1hcmlkbyBuw6NvIHRlcmlhIGVzc2UgdGlwbyBkZSBkZWxpY2FkZXphLg==,,U2VpbDogwqFNYWRyZSBtw61hISDCoU9oLCBvaCwgb2ghIMK/UXVpw6luIGhhYnLDoSBzaWRvPyBNaSBtYXJpZG8gbm8gdGllbmUgZXNlIHRpcG8gZGUgZGV0YWxsZXMu
dIYEDQ,,U2VpbDogT29vaG9uZyEgVGhhbmsgeW91LiBXaGF0IGEgc3VycHJpc2UsIGV2ZW4gZmxvd2VyIGRlbGl2ZXJpZXMgY29tZSBoZXJlLg==,,,,,U2VpbDogT29ob25nISBPYnJpZ2FkYS4gUXVlIHJhcm8sIGF0w6kgZW50cmVnYSBkZSBmbG9yZXMgY2hlZ291IGFxdWku,,U2VpbDogwqFPaCwgb2gsIG9oISBNdWNoYXMgZ3JhY2lhcy4gUXXDqSByYXJvLCBoYXN0YSBtZSBsbGVnYSB1bmEgZW50cmVnYSBkZSBmbG9yZXMu
dYYEDQ,,U2VpbDogT29vaG9uZyEgV2VsY29tZSB0byBHcmF5IFdvbGYgVmlsbGFnZS4=,,,,,U2VpbDogT29ob25nISBCZW0tdmluZG8gYSBBbGRlaWEgZG8gTG9ibyBDaW56ZW50by4=,,U2VpbDogwqFPaCwgb2gsIG9oISBCaWVudmVuaWRvIGEgUHVlYmxvIGRlbCBMb2JvIEdyaXMu
doYEDQ,,U2VpbDogT29vaG9uZyEgU3VjaCBhIGZyZXNoIEhhbGYgRmxvd2VyLCBldmVuIGFmdGVyIGJlaW5nIHBpY2tlZD8gV2hvZXZlciBnYXRoZXJlZCBpdCBtdXN0IGJlIHF1aXRlIHNraWxsZnVsLg==,,,,,U2VpbDogT29ob25nISBVbWEgRmxvciBCaWNvbG9yIHTDo28gdml2YSBhc3NpbS4uLiBzZXLDoSBxdWUgZm9pIGNvbGhpZGEgcG9yIGFsZ3XDqW0gbXVpdG8gaGFiaWxpZG9zbz8=,,U2VpbDogwqFPaCwgb2gsIG9oISBVbmEgTWVkaWEgRmxvciB0YW4gZnJlc2NhIGNvbW8gZXN0YS4uLiDCv3NlcsOhIHF1ZSBsYSBoYSByZWNvbGVjdGFkbyBhbGd1aWVuIGNvbiBtdWNoYSBtYcOxYT8=
d4YEDQ,,W1NlaWxdCk9vb2hvbmchIFdlbGNvbWUgdG8gR3JheSBXb2xmIFZpbGxhZ2Uu,,,,,W1NlaWxdCk9vaG9uZyEgQmVtLXZpbmRvIGEgQWxkZWlhIGRvIExvYm8gQ2luemVudG8u,,W1NlaWxdCsKhT2gsIG9oLCBvaCEgQmllbnZlbmlkbyBhIFB1ZWJsbyBkZWwgTG9ibyBHcmlzLg==
