YFahDA,7IKs64Ol64yA7ZqMIOq4uOyeoeydtA==,Um95YWwgT2ZmaWNpYWw=,,,,,T2ZpY2lhbCBkYSBSZWFsZXph,,T2ZpY2lhbCBkZSBsYSBSZWFsZXph
YVahDA,7J286rOxIOyZleqwgOyXkOyEnCDso7zstZztlZjripQg7IKs64Ol64yA7ZqM7JeQIOywuOqwgO2VmOyLreyLnOyYpCE=,VGhlIDcgcm95YWwgZmFtaWxpZXMgaW52aXRlIGV2ZXJ5b25lIHRvIHRoZSBSb3lhbCBIdW50IQ==,,,,,QXMgNyBmYW3DrWxpYXMgcmVhaXMgY29udmlkYW0gdG9kb3MgcGFyYSBhIENhw6dhZGEgUmVhbCE=,,TGFzIDcgZmFtaWxpYXMgcmVhbGVzIGludml0YW4gYSB0b2RvcyBhIGxhIENhY2Vyw61hIFJlYWwu
YlahDA,W+yCrOuDpeuMgO2ajCDquLjsnqHsnbRdCuyZleqwgOyXkOyEnCDso7zqtIDtlZjripQg7IKs64Ol64yA7ZqM7J6F64uI64ukLiDssLjqsIDtlZjsi5zqs6DsnpAg7ZWY64qUIOucu+ydgCDqt4DtlZjqsowg7Jes6riw64KYIOyigOuNlCDsiJjroKjtlZjqs6Ag7Jik7IWU7JW86rKg7Iq164uI64ukLg==,W1JveWFsIE9mZmljaWFsXQpGb3JnaXZlIHRoZSBpbmNvbnZlbmllbmNlLCBidXQgeW91ciBsb3Jkc2hpcCBzaG91bGQgdHJhaW4gbW9yZSB0byBwYXJ0aWNpcGF0ZSBpbiB0aGUgUm95YWwgSHVudC4=,,,,,W09maWNpYWwgZGEgUmVhbGV6YV0KUGVyZG9lLW1lIGEgaW5kaXNwb3Npw6fDo28sIG1hcyB2b3NzYSBzZW5ob3JpYSBkZXZlcmlhIHRyZWluYXIgbWFpcyBwYXJhIHBhcnRpY2lwYXIgZGEgQ2HDp2FkYSBSZWFsLg==,,W09maWNpYWwgZGUgbGEgUmVhbGV6YV0KRGlzY3VscGUgbGEgbW9sZXN0aWEsIHBlcm8gc3Ugc2XDsW9yw61vIGRlYmVyw61hIGVudHJlbmFyIG3DoXMgcGFyYSBwYXJ0aWNpcGFyIGVuIGxhIENhY2Vyw61hIFJlYWwu
Y1ahDA,IC0gNTDroIjrsqgg7J207IOBIOywuOyXrO2VoCDsiJgg7J6I64qUIOydtOuypO2KuOyeheuLiOuLpC4gLQ==,LSBPbmx5IGJhc2UgbGV2ZWwgNTAgb3IgaGlnaGVyLiAt,,,,,LSBBcGVuYXMgbsOtdmVsIGJhc2UgNTAgb3UgbWFpcy4gLQ==,,LSBTb2xvIG5pdmVsIGJhc2UgNTAgbyBzdXBlcmlvci4gLQ==
ZFahDA,W+yCrOuDpeuMgO2ajCDquLjsnqHsnbRdCuydvOqzsSDsmZXqsIDsnZgg7KO86rSA7Jy866GcIOyXtOumrOuKlCDsmZXsi6Qg7IKs64Ol64yA7ZqM6rCAIOyLnOyekeuQmOyXiOyKteuLiOuLpC4g7Jis7ZW064+EIOqwle2VmOqzoCDtmITrqoXtlZwg66qo7ZeY6rCA64uY65Ok7J2YIOunjuydgCDssLjsl6zrpbwg6riw64yA7ZWp64uI64ukLg==,W1JveWFsIE9mZmljaWFsXQpUaGUgUm95YWwgSHVudCwgcHJvY2xhaW1lZCBieSB0aGUgc2V2ZW4gcm95YWwgZmFtaWxpZXMgb2YgdGhlIEtpbmdkb20gb2YgUnVuZS1NaWRnYXJkLCBoYXMgYmVndW4u,,,,,W09maWNpYWwgZGEgUmVhbGV6YV0KQSBDYcOnYWRhIFJlYWwsIHByb2NsYW1hZGEgcGVsYXMgc2V0ZSBmYW3DrWxpYXMgcmVhaXMgZG8gUmVpbm8gZGUgUnVuZS1NaWRnYXJkLCBjb21lw6dvdS4=,,W09maWNpYWwgZGUgbGEgUmVhbGV6YV0KTGEgQ2FjZXLDrWEgUmVhbCwgcHJvY2xhbWFkYSBwb3IgbGFzIHNpZXRlIGZhbWlsaWFzIHJlYWxlcyBkZWwgUmVpbm8gZGUgUnVuZS1NaWRnYXJkLCBoYSBjb21lbnphZG8u
ZVahDA,W+yCrOuDpeuMgO2ajCDquLjsnqHsnbRdCuuqqO2XmOqwgOuLmOydtOudvOuptCDrjIDtmozsl5DshJwg7Lap67aE7Z6IIO2ZnOyVve2VoCDsiJgg7J6I7J2EIOqyg+ycvOuhnCDrs7TsnbTripTrjbAg7Ja065a76rKMIOyDneqwge2VmOyLreuLiOq5jD8=,W1JveWFsIE9mZmljaWFsXQpJZiB5b3Ugd2lzaCwgSSB3aWxsIHNob3cgeW91IHRoZSB3YXkgdG8gdGhlIDxOQVZJPltDYW1wXTxJTkZPPnBydF9maWxkMDEuZ2F0LDEwMSwxNTUsMCwxMDEsMDwvSU5GTz48L05BVkk+LCBidXQgb25seSBvbmNlLg==,,,,,W09maWNpYWwgZGEgUmVhbGV6YV0KU2UgZGVzZWphcmVzLCBpbmRpY28tbGhlIG8gY2FtaW5obyBhbyA8TkFWST5bQWNhbXBhbWVudG9dPElORk8+cHJ0X2ZpbGQwMS5nYXQsMTAxLDE1NSwwLDEwMSwwPC9JTkZPPjwvTkFWST4sIG1hcyBhcGVuYXMgdW1hIHZlei4=,,W09maWNpYWwgZGUgbGEgUmVhbGV6YV0KU2kgbG8gZGVzZWFzLCB0ZSBpbmRpY2Fyw6kgZWwgY2FtaW5vIGFsIDxOQVZJPltDYW1wYW1lbnRvXTxJTkZPPnBydF9maWxkMDEuZ2F0LDEwMSwxNTUsMCwxMDEsMDwvSU5GTz48L05BVkk+LCBwZXJvIHNvbG8gdW5hIHZlei4=
ZlahDA,W+yCrOuDpeuMgO2ajCDquLjsnqHsnbRdCuyGkOyJveqyjCDsgqzrg6Ug64yA7ZqM7JeQIOuTseuhneydtCDqsIDriqXtlZjrj4TroZ0gPE5BVkk+W+yCrOuDpeuMgO2ajCDrs7jsmIFdPElORk8+cHJ0X2ZpbGQwMS5nYXQsMTAxLDE1NSwwLDEwMSwwPC9JTkZPPjwvTkFWST7snLzroZwg7J2064+ZIOyngOybkOydhCDtlbQg65Oc66Ck64+EIOuQmOqyoOyKteuLiOq5jD8=,W1JveWFsIE9mZmljaWFsXQpJbiBhIGNhdXRpb3VzIG1hbm5lciwgSSBjYW4gdGFrZSB5b3UgdG8gdGhlIENhbXAuIERvZXMgeW91ciBncmFjZSBkZXNpcmUgdGhlIHRlbGVwb3J0Pw==,,,,,W09maWNpYWwgZGEgUmVhbGV6YV0KRGUgbWFuZWlyYSBwYXJjaW1vbmlvc2EsIHBvc3NvIGxldmFyLXRlIGFvIEFjYW1wYW1lbnRvLiBWb3NzYSBtZXJjw6ogZGVzZWphcyBvIHRlbGVwb3J0ZT8=,,W09maWNpYWwgZGUgbGEgUmVhbGV6YV0KRGUgbWFuZXJhIHBhcnNpbW9uaW9zYSwgcHVlZG8gbGxldmFydGUgYWwgQ2FtcGFtZW50by4gwr9EZXNlYSBzdSBtZXJjZWRlbCB0ZWxldHJhbnNwb3J0ZT8=
Z1ahDA,7J2064+Z7ZWc64ukLg==,SSB3YW50IHRvIHRlbGVwb3J0Lg==,,,,,UXVlcm8gdGVsZXBvcnRhci4=,,UXVpZXJvIHRlbGV0cmFuc3BvcnRhcm1lLg==
aFahDA,7J2064+Z7ZWY7KeAIOyViuuKlOuLpC4=,SSdtIG5vdCBpbnRlcmVzdGVkLg==,,,,,TsOjbyB0ZW5obyBpbnRlcmVzc2Uu,,Tm8gbWUgaW50ZXJlc2Eu
aVahDA,W+yCrOuDpeuMgO2ajCDquLjsnqHsnbRdCuustOyatOydhCDruYzqsqDsirXri4jri6QuIOujrCDrr7jrk5zqsIDsuKDsnZgg7JiB6rSR7J2EIOychO2VmOyXrCE=,W1JveWFsIE9mZmljaWFsXQpBdCB0aGUgY2FtcCwgc3BlYWsgd2l0aCBDb21tYW5kZXIgTmFkZXpkYS4=,,,,,W09maWNpYWwgZGEgUmVhbGV6YV0KTm8gYWNhbXBhbWVudG8sIGZhbGUgY29tIGEgQ29tYW5kYW50ZSBOYWRlemRhLg==,,W09maWNpYWwgZGUgbGEgUmVhbGV6YV0KRW4gZWwgY2FtcGFtZW50bywgaGFibGEgY29uIGxhIENvbWFuZGFudGUgTmFkZXpkYS4=
alahDA,66OsIOuvuOuTnOqwgOy4oOydmCDsmIHqtJHsnYQg7JyE7ZWY7JesIQ==,R2xvcnkgdG8gdGhlIEtpbmdkb20gb2YgUnVuZS1NaWRnYXJkIQ==,,,,,R2zDs3JpYSBhbyBSZWlubyBkZSBSdW5lLU1pZGdhcmQh,,wqFHbG9yaWEgYWwgUmVpbm8gZGUgUnVuZS1NaWRnYXJkIQ==
a1ahDA,W+yCrOuDpeuMgO2ajCDquLjsnqHsnbRdCuykgOu5hOqwgCDrkJjrqbQg64uk7IucIOyggOyXkOqyjCDrp5DsnYQg6rG47Ja07KO87Iut7Iuc7JikLg==,W1JveWFsIE9mZmljaWFsXQpDZXJ0YWlubHkuIElmIHlvdXIgZ3JhY2UgY2hhbmdlcyB5b3VyIG1pbmQsIEkgYW0gYXQgeW91ciBkaXNwb3NhbC4=,,,,,W09maWNpYWwgZGEgUmVhbGV6YV0KRGUgY2VydG8gcXVlIHNpbS4gQ2FzbyB2b3NzYSBtZXJjw6ogbXVkYXIgZGUgaWRlaWEsIGVzdG91IMOgIGRpc3Bvc2nDp8Ojby4=,,W09maWNpYWwgZGUgbGEgUmVhbGV6YV0KUG9yIHN1cHVlc3RvLiBTaSBzdSBtZXJjZWQgY2FtYmlhIGRlIG9waW5pw7NuLCBlc3RveSBhIHN1IGRpc3Bvc2ljacOzbi4=
bFahDA,7KeA7ZyY6rSAIOuCmOuNsOymiOuLpA==,Q29tbWFuZGVyIE5hZGV6ZGE=,,,,,Q29tYW5kYW50ZSBOYWRlemRh,,Q29tYW5kYW50ZSBOYWRlemRh
bVahDA,W+yngO2cmOq0gCDrgpjrjbDspojri6RdCuyZleqwgOyXkOyEnCDso7zqtIDtlZjripQg7IKs64Ol64yA7ZqM64ukLiDsoovsnYAg7ISx6rO866W8IOqxsOuRkOqzoCDsi7bri6TrqbQg7KKA642UIOyImOugqO2VmOyXrCDsi6TroKXsnYQg64uk7KeEIOuSpCDsmKTrj4TroZ0g7ZWY6528Lg==,W0NvbW1hbmRlciBOYWRlemRhXQpUaGlzIGlzIGEgaHVudGluZyBjb21wZXRpdGlvbiBzdXBlcnZpc2VkIGJ5IHRoZSBSb3lhbCBGYW1pbGllcy4gSWYgeW91IHdpc2ggdG8gb2J0YWluIGdvb2QgcmVzdWx0cywgdHJhaW4gbW9yZSB0byBpbXByb3ZlIHlvdXIgc2tpbGxzIGJlZm9yZSBjb21pbmcu,,,,,W0NvbWFuZGFudGUgTmFkZXpkYV0KRXN0YSDDqSB1bWEgY29tcGV0acOnw6NvIGRlIGNhw6dhIHN1cGVydmlzaW9uYWRhIHBlbGFzIEZhbcOtbGlhcyBSZWFpcy4gU2UgZGVzZWphciBvYnRlciBib25zIHJlc3VsdGFkb3MsIHRyZWluZSBtYWlzIHBhcmEgYXBlcmZlacOnb2FyIHN1YXMgaGFiaWxpZGFkZXMgYW50ZXMgZGUgdmlyLg==,,W0NvbWFuZGFudGUgTmFkZXpkYV0KRXN0YSBlcyB1bmEgY29tcGV0ZW5jaWEgZGUgY2F6YSBzdXBlcnZpc2FkYSBwb3IgbGFzIEZhbWlsaWFzIFJlYWxlcy4gClNpIGRlc2VhcyBvYnRlbmVyIGJ1ZW5vcyByZXN1bHRhZG9zLCBlbnRyZW5hIG3DoXMgcGFyYSBwZXJmZWNjaW9uYXIgdHVzIGhhYmlsaWRhZGVzIGFudGVzIGRlIHZlbmlyLg==
blahDA,W+yVjOumvF0KIC0g6rCA67Cp7J20IOqwgOuTnSDssLzsirXri4jri6QuIOyGjOyngCDrrLTqsozsmYAg7IaM7KeAIOusvO2SiCDsiJjrn4kg7ZmV7J24IOuSpCDri6Tsi5wg66eQ7J2EIOqxuOyWtCDso7zshLjsmpQuIC0=,W1dhcm5pbmddCi0gRW1wdHkgeW91ciBpbnZlbnRvcnkgdG8gY29udGludWUuIC0=,,,,,W0F2aXNvXQotIEVzdmF6aWUgc2V1IGludmVudMOhcmlvIHBhcmEgY29udGludWFyLiAt,,W0F2aXNvXQotIFZhY8OtYSB0dSBpbnZlbnRhcmlvIHBhcmEgY29udGludWFyLiAt
b1ahDA,W+yngO2cmOq0gCDrgpjrjbDspojri6RdCuyZleqwgOyXkOyEnCDso7zstZztlZjsl6wg66ek64WEIOyXtOumrOuKlCDsgqzrg6XrjIDtmozqsIAg7Jis7ZW064+EIOqwnOy1nOuQmOyXiOuLpC4=,W0NvbW1hbmRlciBOYWRlemRhXQpUaGlzIHllYXIsIHRoZSBzZXZlbiByb3lhbCBmYW1pbGllcyBvZiB0aGUgS2luZ2RvbSBvZiBSdW5lLU1pZGdhcmQgYXJlIGhvbm9yaW5nIHRoZSBSb3lhbCBIdW50IGV2ZW50Lg==,,,,,W0NvbWFuZGFudGUgTmFkZXpkYV0KRXN0ZSBhbm8sIGFzIHNldGUgZmFtw61saWFzIHJlYWlzIGRvIFJlaW5vIGRlIFJ1bmUtTWlkZ2FyZCBlc3TDo28gcHJlc3RpZ2lhbmRvIG8gZXZlbnRvIGRhIENhw6dhZGEgUmVhbC4=,,W0NvbWFuZGFudGUgTmFkZXpkYV0KRXN0ZSBhw7FvLCBsYXMgc2lldGUgZmFtaWxpYXMgcmVhbGVzIGRlbCBSZWlubyBkZSBSdW5lLU1pZGdhcmQgZXN0w6FuIHByZXN0YW5kaWdpYW5kbyBlbCBldmVudG8gZGUgbGEgQ2FjZXLDrWEgUmVhbC4=
cFahDA,W+yngO2cmOq0gCDrgpjrjbDspojri6RdCuusmOultOuLkCDsgrDrp6Xsl5DshJwg6rKo7Jq4IOykgOu5hOulvCDsnITtlbQg64K066Ck7JioIOyCrOuCmOyatCDrqqzsiqTthLDrpbwg7IKs64Ol7ZWY7JesIOujrCDrr7jrk5zqsIDsuKAg6rWt66+87J2EIOyngO2CpOqzoCwg642U67aI7Ja0IOyekOyLoOydmCDrubzslrTrgpwg6riw65+J7J2EIOu9kOuCtOuKlCDqt4DspJHtlZwg6riw7ZqM64ukLg==,W0NvbW1hbmRlciBOYWRlemRhXQpUaGlzIGlzIGEgdW5pcXVlIG9wcG9ydHVuaXR5IHRvIHNob3cgb3VyIHN0cmVuZ3RoIGFnYWluc3QgZmVyb2Npb3VzIG1vbnN0ZXJzIGluIGZyb250IG9mIHRoZSByb3lhbHR5Lg==,,,,,W0NvbWFuZGFudGUgTmFkZXpkYV0KRXNzYSDDqSB1bWEgb3BvcnR1bmlkYWRlIMO6bmljYSBkZSBtb3N0cmFyIG5vc3NhIGZvcsOnYSBjb250cmEgbW9uc3Ryb3MgZmVyb3plcyBuYSBmcmVudGUgZGEgcmVhbGV6YS4=,,W0NvbWFuZGFudGUgTmFkZXpkYV0KRXN0YSBlcyB1bmEgb3BvcnR1bmlkYWQgw7puaWNhIGRlIG1vc3RyYXIgbnVlc3RyYSBmdWVyemEgY29udHJhIG1vbnN0cnVvcyBmZXJvY2VzIGZyZW50ZSBhIGxhIHJlYWxlemEu
cVahDA,W+yngO2cmOq0gCDrgpjrjbDspojri6RdCuuqqO2XmOqwgOyXrCwg7Jis7ZW0IOyCrOuDpeuMgO2ajOyXkCDssLjqsIDtlZjquLAg7JyE7ZW0IOyekOqyqeydhCDspp3rqoXtlZjripQg7Iuc7ZeY7J2EIOuwm+qyoOuKlOqwgD8=,W0NvbW1hbmRlciBOYWRlemRhXQpCZWZvcmUgcGFydGljaXBhdGluZywgd2Ugd2lsbCBkbyBhIHN0cmVuZ3RoIHRlc3QgdG8gc2VlIGlmIHlvdSBoYXZlIHRoZSBuZWNlc3NhcnkgcXVhbGl0aWVzLg==,,,,,W0NvbWFuZGFudGUgTmFkZXpkYV0KQW50ZXMgZGUgcGFydGljaXBhciwgZmFyZW1vcyB1bSB0ZXN0ZSBkZSBmb3LDp2EgcGFyYSBzYWJlciBzZSB2b2PDqiB0ZW0gYXMgcXVhbGlkYWRlcyBuZWNlc3PDoXJpYXMu,,W0NvbWFuZGFudGUgTmFkZXpkYV0KQW50ZXMgZGUgcGFydGljaXBhciwgaGFyZW1vcyB1bmEgcHJ1ZWJhIGRlIGZ1ZXJ6YSBwYXJhIHNhYmVyIHNpIHRpZW5lcyBsYXMgY3VhbGlkYWRlcyBuZWNlc2FyaWFzLg==
clahDA,W+yngO2cmOq0gCDrgpjrjbDspojri6RdCuyLnO2XmOydhCDrqqjrkZAg7Ya16rO87ZWc64uk66m0IO2drOq3gO2VnCDrqqzsiqTthLDrk6TsnbQg65Ox7J6l7ZWY64qUIF40RDRERkbsmZXsi6Qg7IKs64Ol7YSwXjAwMDAwMCDsnoXsnqXsnYQg7ZeI6rCA7ZWY6rKg64ukLg==,W0NvbW1hbmRlciBOYWRlemRhXQpJZiB5b3UgcGFzcyB0aGUgdGVzdCwgSSB3aWxsIGFjY2VwdCB5b3VyIHBhcnRpY2lwYXRpb24gaW4gdGhlIF40RDRERkZSb3lhbCBIdW50XjAwMDAwMC4=,,,,,W0NvbWFuZGFudGUgTmFkZXpkYV0KU2Ugdm9jw6ogcGFzc2FyIG5vIHRlc3RlLCBhY2VpdGFyZWkgc3VhIHBhcnRpY2lwYcOnw6NvIG5hIF40RDRERkZDYcOnYWRhIFJlYWxeMDAwMDAwLg==,,W0NvbWFuZGFudGUgTmFkZXpkYV0KU2kgcGFzYXMgbGEgcHJ1ZWJhLCBhY2VwdGFyw6kgdHUgcGFydGljaXBhY2nDs24gZW4gbGEgXjRENERGRkNhY2Vyw61hIFJlYWxeMDAwMDAwLg==
c1ahDA,7Iuc7ZeY7J2EIOuwm+uKlOuLpC4=,VGFrZSB0aGUgdGVzdC4=,,,,,RmF6ZXIgbyB0ZXN0ZS4=,,SGFjZXIgbGEgcHJ1ZWJhLg==
dFahDA,7Iuc7ZeY7J2EIOuwm+yngCDslYrripTri6Q=,RG9uJ3QgdGFrZSB0aGUgdGVzdC4=,,,,,TsOjbyBmYXplciBvIHRlc3RlLg==,,Tm8gaGFjZXIgbGEgcHJ1ZWJhLg==
dVahDA,W+yngO2cmOq0gCDrgpjrjbDspojri6RdCuyii+uLpC4g7LKrIOuyiOynuCDsi5ztl5jsnbTri6QuIOyyqyDrsojsp7gg7Iuc7ZeY7J2AIOq3uOuLpOyngCDslrTroLXsp4Ag7JWK7Jy864uIIOqwhOqysO2VmOqzoCDsi6Dsho3tlZjqsowg7IiY7ZaJ7ZWY6rOgIOyYpOuPhOuhnSDtlZjrnbwu,W0NvbW1hbmRlciBOYWRlemRhXQpBbHJpZ2h0LCB0aGUgZmlyc3QgdGVzdCBpcyBub3Qgc28gZGlmZmljdWx0IGFuZCB5b3UgY2FuIGRvIGl0IHF1aWNrbHku,,,,,W0NvbWFuZGFudGUgTmFkZXpkYV0KQ2VydG8sIG8gcHJpbWVpcm8gdGVzdGUgbsOjbyDDqSB0w6NvIGRpZsOtY2lsIGUgdm9jw6ogcG9kZSBmYXrDqi1sbyByw6FwaWRvLg==,,W0NvbWFuZGFudGUgTmFkZXpkYV0KQmllbiwgbGEgcHJpbWVyYSBwcnVlYmEgbm8gZXMgdGFuIGRpZsOtY2lsIHkgcHVlZGVzIGhhY2VybGEgcsOhcGlkby4=
dlahDA,W+yngO2cmOq0gCDrgpjrjbDspojri6RdCuyWtOuKkCDrqqzsiqTthLDrk6Ag7KKL64ukLiDro6wg66+465Oc6rCA7LigIOyZleqwgOyZgCDrsLHshLHsnZgg7JWI7JyE66W8IOychO2Yke2VmOuKlCBeNEQ0REZG64+Z66y87ZiVXjAwMDAwMCDrqqzsiqTthLDrpbwg7LSdIDMw66eI66asIOyCrOuDpe2VnCDrkqQg64+M7JWE7JmAIOuztOqzoO2VmOuPhOuhnSDtlZjrnbwu,W0NvbW1hbmRlciBOYWRlemRhXQpQbGVhc2UsIGVsaW1pbmF0ZSAzMCBtb25zdGVycyBvZiB0aGUgXjRENERGRkJydXRlIHJhY2VeMDAwMDAwLCBhbnkgbW9uc3RlciBvZiB0aGF0IHJhY2Ugd2lsbCBkby4=,,,,,W0NvbWFuZGFudGUgTmFkZXpkYV0KUG9yIGZhdm9yLCBlbGltaW5lIDMwIG1vbnN0cm9zIGRhIF40RDRERkZyYcOnYSBCcnV0b14wMDAwMDAsIHF1YWxxdWVyIG1vbnN0cm8gZGVzc2EgcmHDp2Egc2VydmUu,,W0NvbWFuZGFudGUgTmFkZXpkYV0KUG9yIGZhdm9yLCBlbGltaW5hIDMwIG1vbnN0cnVvcyBkZSBsYSBeNEQ0REZGcmF6YSBCcnV0b14wMDAwMDAsIGN1YWxxdWllciBtb25zdHJ1byBkZSBlc2EgcmF6YSBzaXJ2ZS4=
d1ahDA,W+yngO2cmOq0gCDrgpjrjbDspojri6RdCuyCrOuDpeuMgO2ajOyXkCDssLjqsIDtlZjroKQg67O47JiB7JeQIOuCtOuwqe2VnCDqsoMg7JWE64uI7JeI64KYPwrsiJnqs6DtlZwg65KkIOywuOyXrCDsl6zrtoDrpbwg64uk7IucIO2VnCDrsogg7IOd6rCB7ZW067O064+E66GdIO2VmOudvC4=,W0NvbW1hbmRlciBOYWRlemRhXQpEaWQgeW91IGNvbWUgdG8gdGhlIGNhbXAgb3V0IG9mIGN1cmlvc2l0eT8KQWZ0ZXIgY29udGVtcGxhdGluZywgeW91IGNhbiByZXR1cm4gaGVyZS4=,,,,,W0NvbWFuZGFudGUgTmFkZXpkYV0KVm9jw6ogdmVpbyBhbyBhY2FtcGFtZW50byBwb3IgY3VyaW9zaWRhZGU/CkRlcG9pcyBkZSBjb250ZW1wbGFyLCBwb2RlIHZvbHRhciBhcXVpLg==,,W0NvbWFuZGFudGUgTmFkZXpkYV0Kwr9WaW5pc3RlIGFsIGNhbXBhbWVudG8gcG9yIGN1cmlvc2lkYWQ/CkRlc3B1w6lzIGRlIGNvbnRlbXBsYXIsIHB1ZWRlcyB2b2x2ZXIgYXF1w60u
eFahDA,W+yngO2cmOq0gCDrgpjrjbDspojri6RdCuyekOuEpCDqsJnsnbQg7Jyg64ql7ZWcIOuqqO2XmOqwgOuKlCDrp47snYTsiJjroZ0g7KKL7KeALg==,W0NvbW1hbmRlciBOYWRlemRhXQpUaGUgbW9yZSBwYXJ0aWNpcGFudHMgaW4gdGhlIGh1bnQsIHRoZSBiZXR0ZXIu,,,,,W0NvbWFuZGFudGUgTmFkZXpkYV0KUXVhbnRvIG1haXMgcGFydGljaXBhbnRlcyBuYSBjYcOnYWRhLCBtZWxob3Iu,,W0NvbWFuZGFudGUgTmFkZXpkYV0KQ3VhbnRvcyBtw6FzIHBhcnRpY2lwYW50ZXMgZW4gbGEgY2FjZXLDrWEsIG1lam9yLg==
eVahDA,W+yngO2cmOq0gCDrgpjrjbDspojri6RdCuyVhOyngSDsgqzrg6Ug7KSR7J24IOuqqOyWkeydtOq1sC4K7J6E66y0IOuCtOyaqeydgCDquLDslrXtlZjqs6Ag7J6I6rKg7KeAPyBeNEQ0REZG64+Z66y87ZiVXjAwMDAwMOydtOudvOuptCDslrTrlqQg66qs7Iqk7YSw65OgIOy0nSAzMOuniOumrOulvCDsgqzrg6XtlZjqs6Ag64+M7JWE7Jik64+E66GdIO2VmOudvC4=,W0NvbW1hbmRlciBOYWRlemRhXQpTdGlsbCBodW50aW5nPwpJdCdzIDMwIG1vbnN0ZXJzIG9mIHRoZSBeNEQ0REZGQnJ1dGUgcmFjZV4wMDAwMDAsIHJlZ2FyZGxlc3Mgb2Ygc3BlY2llcy4=,,,,,W0NvbWFuZGFudGUgTmFkZXpkYV0KQWluZGEgY2HDp2FuZG8/ClPDo28gMzAgbW9uc3Ryb3MgZGEgXjRENERGRnJhw6dhIEJydXRvXjAwMDAwMCwgbsOjbyBpbXBvcnRhIGEgZXNww6ljaWUu,,W0NvbWFuZGFudGUgTmFkZXpkYV0Kwr9TaWd1ZXMgY2F6YW5kbz8KU29uIDMwIG1vbnN0cnVvcyBkZSBsYSBeNEQ0REZGcmF6YSBCcnV0b14wMDAwMDAsIG5vIGltcG9ydGEgbGEgZXNwZWNpZS4=
elahDA,W+yngO2cmOq0gCDrgpjrjbDspojri6RdCuq3uOuMgOydmCDsi6Dsho3tlZjqs6Ag7KCV7ZmV7ZWcIOyLpOugpeydgCDsnpgg67O07JWY64ukLiDqt7jrn7wg67CU66GcIOuRkCDrsojsp7gg7Iuc7ZeY7J2EIOyViOuCtO2VmOuPhOuhnSDtlZjqsqDri6Qu,W0NvbW1hbmRlciBOYWRlemRhXQpJIHF1aWNrbHkgc2F3IHRoYXQgeW91IHdvdWxkIHBhc3MgdGhlIHRlc3Qgd2l0aCBlYXNlIQ==,,,,,W0NvbWFuZGFudGUgTmFkZXpkYV0KTG9nbyB2aSBxdWUgdm9jw6ogcGFzc2FyaWEgbm8gdGVzdGUgY29tIGZhY2lsaWRhZGUh,,W0NvbWFuZGFudGUgTmFkZXpkYV0KwqFQcm9udG8gdmkgcXVlIHBhc2Fyw61hcyBsYSBwcnVlYmEgY29uIGZhY2lsaWRhZCE=
e1ahDA,W+yngO2cmOq0gCDrgpjrjbDspojri6RdCjxOQVZJPlvrtoDqtIAg66Gc7ZWA7LK0XTxJTkZPPnBydF9maWxkMDEsOTcsMTgwLDAsMTAxLDA8L0lORk8+PC9OQVZJPuyXkOqyjCDqsIDrqbQg64uk7J2MIOyLnO2XmOyXkCDrjIDtlZwg7JWI64K06rCAIOyeiOydhCDqsoPsnbTri6Qu,W0NvbW1hbmRlciBOYWRlemRhXQpGb3IgdGhlIHNlY29uZCB0ZXN0LCBsb29rIGZvciA8TkFWST5bTGlldXRlbmFudCBMb2ZpbmNoZV08SU5GTz5wcnRfZmlsZDAxLDk3LDE4MCwwLDEwMSwwPC9JTkZPPjwvTkFWST4u,,,,,W0NvbWFuZGFudGUgTmFkZXpkYV0KUGFyYSBvIHNlZ3VuZG8gdGVzdGUsIHByb2N1cmUgcGVsbyA8TkFWST5bVGVuZW50ZSBMb2ZpbmNoZV08SU5GTz5wcnRfZmlsZDAxLDk3LDE4MCwwLDEwMSwwPC9JTkZPPjwvTkFWST4u,,W0NvbWFuZGFudGUgTmFkZXpkYV0KUGFyYSBsYSBzZWd1bmRhIHBydWViYSwgYnVzY2EgYWwgPE5BVkk+W1RlbmllbnRlIExvZmluY2hlXTxJTkZPPnBydF9maWxkMDEsOTcsMTgwLDAsMTAxLDA8L0lORk8+PC9OQVZJPi4=
fFahDA,W+yngO2cmOq0gCDrgpjrjbDspojri6RdCuq3uOumrOqzoCDsnbTqsoPsnYAg64K0IOyekeydgCDshLHsnZjsnbTri4gg7J2864uoIOqwgOyngOqzoCDsnojsnLzrqbQg7LaU7ZuE7JeQIOyalOq4tO2VmOqyjCDsk7Dsnbwg6rKD7J2064ukLg==,W0NvbW1hbmRlciBOYWRlemRhXQpBbmQgYWNjZXB0IHRoaXMgZ2lmdC4gSXQgd2lsbCBiZSB1c2VmdWwgaW4gdGhlIGZ1dHVyZS4=,,,,,W0NvbWFuZGFudGUgTmFkZXpkYV0KRSBhY2VpdGUgZXNzZSBhZ3JhZG8uIFNlcsOhIMO6dGlsIG5vIGZ1dHVyby4=,,W0NvbWFuZGFudGUgTmFkZXpkYV0KWSBhY2VwdGEgZXN0ZSBvYnNlcXVpby4KVGUgc2Vyw6Egw7p0aWwgZW4gZWwgZnV0dXJvLg==
fVahDA,W+yngO2cmOq0gCDrgpjrjbDspojri6RdCjxOQVZJPlvrtoDqtIAg66Gc7ZWA7LK0XTxJTkZPPnBydF9maWxkMDEsOTcsMTgwLDAsMTAxLDA8L0lORk8+PC9OQVZJPuyXkOqyjCDqsIDrqbQg64uk7J2MIOyLnO2XmOyXkCDrjIDtlZwg7JWI64K06rCAIOyeiOydhCDqsoPsnbTri4gg67CU66GcIOqwgOuztOuPhOuhnSDtlZjrnbwu,W0NvbW1hbmRlciBOYWRlemRhXQpJZiB5b3Ugc3BlYWsgd2l0aCA8TkFWST5bTGlldXRlbmFudCBMb2ZpbmNoZV08SU5GTz5wcnRfZmlsZDAxLDk3LDE4MCwwLDEwMSwwPC9JTkZPPjwvTkFWST4sIGhlIHdpbGwgcHJvY2VlZCB3aXRoIHRoZSBuZXh0IGV4YW0u,,,,,W0NvbWFuZGFudGUgTmFkZXpkYV0KU2Ugdm9jw6ogZmFsYXIgY29tIG8gPE5BVkk+W1RlbmVudGUgTG9maW5jaGVdPElORk8+cHJ0X2ZpbGQwMSw5NywxODAsMCwxMDEsMDwvSU5GTz48L05BVkk+LCBlbGUgZGFyw6EgcHJvc3NlZ3VpbWVudG8gYW8gcHLDs3hpbW8gZXhhbWUu,,W0NvbWFuZGFudGUgTmFkZXpkYV0KU2kgaGFibGFzIGNvbiBlbCA8TkFWST5bVGVuaWVudGUgTG9maW5jaGVdPElORk8+cHJ0X2ZpbGQwMSw5NywxODAsMCwxMDEsMDwvSU5GTz48L05BVkk+LCDDqWwgZGFyw6EgY29udGludWlkYWQgYWwgcHLDs3hpbW8gZXhhbWVuLg==
flahDA,W+yngO2cmOq0gCDrgpjrjbDspojri6RdCuuqqOuToCDsi5ztl5jsnYQg66eI7LmY6rOgIOuCmOyXkOqyjCDsmKTrqbQg7JmV7IukIOyCrOuDpe2EsOyXkCDsnoXsnqXtlaAg7IiYIOyeiOuPhOuhnSDrj4TsmYDso7zqsqDri6Qu,W0NvbW1hbmRlciBOYWRlemRhXQpXaGVuIHlvdSBjb21wbGV0ZSBhbGwgeW91ciBtaXNzaW9ucywgc3BlYWsgd2l0aCBtZSB0byBlbnRlciB0aGUgcm95YWwgaHVudGluZyBmaWVsZC4=,,,,,W0NvbWFuZGFudGUgTmFkZXpkYV0KUXVhbmRvIHZvY8OqIGNvbXBsZXRhciB0b2RhcyBhcyBzdWFzIG1pc3PDtWVzLCBmYWxlIGNvbWlnbyBwYXJhIGVudHJhciBubyBjYW1wbyBkZSBjYcOnYWRhIHJlYWwu,,W0NvbWFuZGFudGUgTmFkZXpkYV0KQ3VhbmRvIGNvbXBsZXRlcyB0b2RhcyB0dXMgbWlzaW9uZXMsIGhhYmxhIGNvbm1pZ28gcGFyYSBlbnRyYXIgYWwgY2FtcG8gZGUgY2FjZXLDrWEgcmVhbC4=
f1ahDA,W+yngO2cmOq0gCDrgpjrjbDspojri6RdCuuniOyngOuniSDsi5ztl5jquYzsp4Ag66qo65GQIOuniOy5mOqzoCDsmZTqtazrgpguIOqzoOyDnSDrp47slZjri6Qu,W0NvbW1hbmRlciBOYWRlemRhXQpZb3UgaGF2ZSBmaW5hbGx5IHJldHVybmVkLg==,,,,,W0NvbWFuZGFudGUgTmFkZXpkYV0KVm9jw6ogZmluYWxtZW50ZSByZXRvcm5vdS4=,,W0NvbWFuZGFudGUgTmFkZXpkYV0KRmluYWxtZW50ZSBoYXMgcmVncmVzYWRvLg==
gFahDA,W+yngO2cmOq0gCDrgpjrjbDspojri6RdCjxOQVZJPlvthZTroIjtj6zthYzsnbTshZgg7J6l7LmYXTxJTkZPPnBydF9maWxkMDEsOTcsMTgwLDAsMTAxLDA8L0lORk8+PC9OQVZJPuulvCDsgqzsmqntlZjrqbQg7JmV7IukIOyCrOuDpe2EsOuhnCDsnbTrj5nsnbQg6rCA64ql7ZWY64ukLg==,W0NvbW1hbmRlciBOYWRlemRhXQpUbyBnbyB0byB0aGUgaHVudGluZyBmaWVsZCwgdXNlIHRoZSA8TkFWST5bVGVsZXBvcnRlcl08SU5GTz5wcnRfZmlsZDAxLDk0LDE3MSwwLDEwMSwwPC9JTkZPPjwvTkFWST4=,,,,,W0NvbWFuZGFudGUgTmFkZXpkYV0KUGFyYSBzZWd1aXIgYW8gY2FtcG8gZGEgY2HDp2FkYSwgdXNlIG8gPE5BVkk+W1RlbGVwb3J0YWRvcl08SU5GTz5wcnRfZmlsZDAxLDk0LDE3MSwwLDEwMSwwPC9JTkZPPjwvTkFWST4=,,W0NvbWFuZGFudGUgTmFkZXpkYV0KUGFyYSBpciBhbCBjYW1wbyBkZSBjYWNlcsOtYSwgdXNhIGVsIDxOQVZJPltUZWxldHJhbnNwb3J0YWRvcl08SU5GTz5wcnRfZmlsZDAxLDk0LDE3MSwwLDEwMSwwPC9JTkZPPjwvTkFWST4=
gVahDA,W+yngO2cmOq0gCDrgpjrjbDspojri6RdCuyZleyLpCDsgqzrg6XthLDsl5DripQg7Z2s6reA7ZWY6rOgIOqwleugpe2VnCDrqqzsiqTthLDqsIAg7KKF7KKFIOuTseyepe2VmOuLiCDsnoXsnqUg7KCE7JeQIOykgOu5hOulvCDstqnrtoTtnogg7ZWgIOyImCDsnojrj4TroZ0u,W0NvbW1hbmRlciBOYWRlemRhXQpUaGVyZSBhcmUgdmVyeSBzdHJvbmcgbW9uc3RlcnMgaW4gdGhlIFJveWFsIEh1bnQgZmllbGQsIGJlIHZlcnkgY2FyZWZ1bC4=,,,,,W0NvbWFuZGFudGUgTmFkZXpkYV0KRXhpc3RlbSBtb25zdHJvcyBtdWl0byBmb3J0ZXMgbm8gY2FtcG8gZGEgQ2HDp2FkYSBSZWFsLCB0b21lIGJhc3RhbnRlIGN1aWRhZG8u,,W0NvbWFuZGFudGUgTmFkZXpkYV0KRXhpc3RlbiBtb25zdHJ1b3MgbXV5IGZ1ZXJ0ZXMgZW4gZWwgY2FtcG8gZGUgbGEgQ2FjZXLDrWEgUmVhbCwgdGVuIG11Y2hvIGN1aWRhZG8u
glahDA,W+yngO2cmOq0gCDrgpjrjbDspojri6RdCuqwgOuBlOyUqSDrk7HsnqXtlZjripQgXjRENERGRuq1tuyjvOumsCDrsJTtj6zrqZTtirheMDAwMDAw64qUIO2Kue2eiCDsobDsi6ztlZjrj4TroZ0g7ZW0LiDtmLzsnpDshJwg7IKs64Ol7ZWY6riwIO2emOuTpOuLpOuptCDrj5nro4zrk6TsnYQg66qo7KeR7ZW07IScIOyCrOuDpe2VmOuKlCDqsoPrj4Qg7KKL6rKg7KeALg==,W0NvbW1hbmRlciBOYWRlemRhXQpCZSB2ZXJ5IGNhcmVmdWwgd2l0aCB0aGUgXjRENERGRlJhdmVub3VzIEJhcGhvbWV0XjAwMDAwMCwgaWYgeW91IGNhbm5vdCBraWxsIGl0LCBhc2sgb3RoZXIgcGFydGljaXBhbnRzIGZvciBoZWxwLg==,,,,,W0NvbWFuZGFudGUgTmFkZXpkYV0KVG9tZSBtdWl0byBjdWlkYWRvIGNvbSBvIF40RDRERkZCYWZvbcOpIFZvcmF6XjAwMDAwMCwgc2Ugdm9jw6ogbsOjbyBjb25zZWd1aXIgbWF0w6EtbG8sIHBlw6dhIGFqdWRhIGEgb3V0cm9zIHBhcnRpY2lwYW50ZXMu,,W0NvbWFuZGFudGUgTmFkZXpkYV0KVGVuIG11Y2hvIGN1aWRhZG8gY29uIGVsIF40RDRERkZCYXBob21ldCBJbnNhY2lhYmxlXjAwMDAwMCwgc2kgbm8gbG9ncmFzIG1hdGFybG8sIHBpZGUgYXl1ZGEgYSBvdHJvcyBwYXJ0aWNpcGFudGVzLg==
g1ahDA,7YWU66CI7Y+s7YWM7J207IWYIOyepey5mA==,VGVsZXBvcnRlcg==,,,,,VGVsZXBvcnRhZG9y,,VGVsZXRyYW5zcG9ydGFkb3I=
hFahDA,W+2FlOugiO2PrO2FjOydtOyFmCDsnqXsuZhdCjUw66CI67KoIOuvuOunjOyduCDrqqjtl5jqsIDripQg7IKs64Ol7YSw66GcIOydtOuPme2VoCDsiJgg7JeG7Iq164uI64ukLg==,W1RlbGVwb3J0ZXJdCk9ubHkgYmFzZSBsZXZlbCA1MCBvciBoaWdoZXIu,,,,,W1RlbGVwb3J0YWRvcl0KQXBlbmFzIG7DrXZlbCBiYXNlIDUwIG91IG1haXMu,,W1RlbGV0cmFuc3BvcnRhZG9yXQpTb2xvIG5pdmVsIGJhc2UgNTAgbyBzdXBlcmlvci4=
hVahDA,W+2FlOugiO2PrO2FjOydtOyFmCDsnqXsuZhdCuyCrOuDpe2EsOuhnCDsnbTrj5ntlZjsi5zqsqDsirXri4jquYw/IOyCrOuDpe2EsOyXkOyEnCDrs7jsmIHsnLzroZwg64+M7JWE7Jik7Iuc66Ck66m0IOyCrOuDpe2EsCDspJHslZnsnZgg67Kg7J207IqkIOy6oO2UhCDslYjsl5DshJwg7YWU66CI7Y+s7YWM7J207IWYIOyepey5mOulvCDsnbTsmqntlZjsi63si5zsmKQu,W1RlbGVwb3J0ZXJdCkRvIHlvdSB3aXNoIHRvIHByb2NlZWQgdG8gdGhlIHJveWFsIGh1bnRpbmcgZmllbGQ/IFVzZSB0aGUgVGVsZXBvcnRlciBmcm9tIGluc2lkZSB0aGVyZSB0byByZXR1cm4u,,,,,W1RlbGVwb3J0YWRvcl0KRGVzZWphIHNlZ3VpciBwYXJhIG8gY2FtcG8gZGEgY2HDp2FkYSByZWFsPyBVc2UgbyBUZWxlcG9ydGFkb3IgZGUgbMOhIGRlbnRybyBwYXJhIHJldG9ybmFyLg==,,W1RlbGV0cmFuc3BvcnRhZG9yXQrCv0Rlc2VhcyBpciBhbCBjYW1wbyBkZSBsYSBjYWNlcsOtYSByZWFsPyAKVXNhIGVsIFRlbGV0cmFuc3BvcnRhZG9yIGRlIGFow60gZGVudHJvIHBhcmEgcmVncmVzYXIu
hlahDA,W+2FlOugiO2PrO2FjOydtOyFmCDsnqXsuZhdCuyCrOuDpe2EsOuhnCDsnbTrj5ntlZjsi5zroKTrqbQg64uk7IucIOunkOydhCDqsbjslrQg7KO87Iuc6riwIOuwlOuejeuLiOuLpC4=,W1RlbGVwb3J0ZXJdClBsZWFzZSwgc3BlYWsgd2l0aCBtZSBhZ2FpbiBpZiB5b3Ugd2lzaCB0byBtb3ZlIHRvIHRoZSBodW50aW5nIGZpZWxkcy4=,,,,,W1RlbGVwb3J0YWRvcl0KUG9yIGZhdm9yLCBmYWxlIGNvbWlnbyBub3ZhbWVudGUgc2UgZGVzZWphciBzZSBtb3ZlciBwYXJhIG9zIGNhbXBvcyBkZSBjYcOnYS4=,,W1RlbGV0cmFuc3BvcnRhZG9yXQpQb3IgZmF2b3IsIGhhYmxhIGNvbm1pZ28gbnVldmFtZW50ZSBzaSBkZXNlYXMgbW92ZXJ0ZSBhIGxvcyBjYW1wb3MgZGUgY2F6YS4=
h1ahDA,W+2FlOugiO2PrO2FjOydtOyFmCDsnqXsuZhdCjxOQVZJPlvsp4DtnJjqtIAg64KY642w7KaI64ukXTxJTkZPPnBydF9maWxkMDEuZ2F0LDk4LDE3MSwwLDEwMSwwPC9JTkZPPjwvTkFWST7rpbwg7Ya17ZW0IOyCrOuDpeuMgO2ajCDssLjqsIAg7J6Q6rKp7J2EIOyWu+yWtOyVvCDsgqzrg6XthLDroZwg7J2064+Z7ZWgIOyImCDsnojsirXri4jri6Qu,W1RlbGVwb3J0ZXJdClRvIGJlZ2luLCBzcGVhayB3aXRoIDxOQVZJPltDb21tYW5kZXIgTmFkZXpkYV08SU5GTz5wcnRfZmlsZDAxLmdhdCw5OCwxNzEsMCwxMDEsMDwvSU5GTz48L05BVkk+,,,,,W1RlbGVwb3J0YWRvcl0KUGFyYSBjb21lw6dhciwgZmFsZSBjb20gYSA8TkFWST5bQ29tYW5kYW50ZSBOYWRlemRhXTxJTkZPPnBydF9maWxkMDEuZ2F0LDk4LDE3MSwwLDEwMSwwPC9JTkZPPjwvTkFWST4=,,W1RlbGV0cmFuc3BvcnRhZG9yXQpQYXJhIGNvbWVuemFyLCBoYWJsYSBjb24gbGEgPE5BVkk+W0NvbWFuZGFudGUgTmFkZXpkYV08SU5GTz5wcnRfZmlsZDAxLmdhdCw5OCwxNzEsMCwxMDEsMDwvSU5GTz48L05BVkk+
iFahDA,W+2FlOugiO2PrO2FjOydtOyFmCDsnqXsuZhdCuuzuOyYgeycvOuhnCDsnbTrj5ntlZjsi5zqsqDsirXri4jquYw/,W1RlbGVwb3J0ZXJdCkRvIHlvdSB3aXNoIHRvIGxlYXZlIGhlcmU/,,,,,W1RlbGVwb3J0YWRvcl0KRGVzZWphIHNhaXIgZGFxdWk/,,W1RlbGV0cmFuc3BvcnRhZG9yXQrCv0Rlc2VhcyBzYWxpciBkZSBhcXXDrT8=
iVahDA,W+2FlOugiO2PrO2FjOydtOyFmCDsnqXsuZhdCuuzuOyYgeycvOuhnCDsnbTrj5ntlZjsi5zroKTrqbQg64uk7IucIOunkOydhCDqsbjslrQg7KO87Iuc6riwIOuwlOuejeuLiOuLpC4=,W1RlbGVwb3J0ZXJdClBsZWFzZSwgc3BlYWsgd2l0aCBtZSBhZ2FpbiBpZiB5b3Ugd2lzaCB0byBtb3ZlIHRvIHRoZSBjYW1wLg==,,,,,W1RlbGVwb3J0YWRvcl0KUG9yIGZhdm9yLCBmYWxlIGNvbWlnbyBub3ZhbWVudGUgc2UgZGVzZWphciBzZSBtb3ZlciBwYXJhIG8gYWNhbXBhbWVudG8u,,W1RlbGV0cmFuc3BvcnRhZG9yXQpQb3IgZmF2b3IsIGhhYmxhIGNvbm1pZ28gbnVldmFtZW50ZSBzaSBkZXNlYXMgbW92ZXJ0ZSBhbCBjYW1wYW1lbnRvLg==
ilahDA,67aA6rSAIOuhnO2VgOyytA==,TGlldXRlbmFudCBMb2ZpbmNoZQ==,,,,,VGVuZW50ZSBMb2ZpbmNoZQ==,,VGVuaWVudGUgTG9maW5jaGU=
i1ahDA,W+u2gOq0gCDroZztlYDssrRdCuyngOq4iOydmCDsi6TroKXsnLzroZzripQg7KGw6riIIOustOumrOyduCDqsoMg6rCZ64Sk7JqULiDsobDquIgg642UIOyEseyepe2VnCDrkqTsl5Ag7Jik7Iuc6ri4IOuwlOuejeuLiOuLpC4=,W0xpZXV0ZW5hbnQgTG9maW5jaGVdCklmIHlvdSB3aXNoIHRvIHBhcnRpY2lwYXRlIGluIHRoZSBodW50LCB0cmFpbiBhIGJpdCBtb3JlLg==,,,,,W1RlbmVudGUgTG9maW5jaGVdClNlIHZvY8OqIGRlc2VqYSBwYXJ0aWNpcGFyIGRhIGNhw6dhZGEsIHRyZWluZSB1bSBwb3VjbyBtYWlzLg==,,W1RlbmllbnRlIExvZmluY2hlXQpTaSBkZXNlYXMgcGFydGljaXBhciBlbiBsYSBjYWNlcsOtYSwgZW50cmVuYSB1biBwb2NvIG3DoXMu
jFahDA,W+u2gOq0gCDroZztlYDssrRdCuyViOuFle2VmOyEuOyalCwg66qo7ZeY6rCA64uYLg==,W0xpZXV0ZW5hbnQgTG9maW5jaGVdCkhlbGxvLCB0cmF2ZWxlci4=,,,,,W1RlbmVudGUgTG9maW5jaGVdCk9sw6EsIHZpYWphbnRlLg==,,W1RlbmllbnRlIExvZmluY2hlXQpIb2xhLCB0cm90YW11bmRvcy4=
jVahDA,W+u2gOq0gCDroZztlYDssrRdCuydtOuyiCDsgqzrg6Ug64yA7ZqM7J2YIOyatOyYgeydhCDsnITtlbQg7YyM6rKsIOuCmOyYqCDroZztlYDssrTrnbzqs6Ag7ZWp64uI64ukLg==,W0xpZXV0ZW5hbnQgTG9maW5jaGVdCkkgYW0gcmVzcG9uc2libGUgZm9yIG9yZ2FuaXppbmcgdGhlIHBhcnRpY2lwYW50cyBvZiB0aGUgUm95YWwgSHVudC4=,,,,,W1RlbmVudGUgTG9maW5jaGVdClNvdSBvIHJlc3BvbnPDoXZlbCBwb3Igb3JnYW5pemFyIG9zIHBhcnRpY2lwYW50ZXMgZGEgQ2HDp2FkYSBSZWFsLg==,,W1RlbmllbnRlIExvZmluY2hlXQpTb3kgZWwgcmVzcG9uc2FibGUgZGUgb3JnYW5pemFyIGEgbG9zIHBhcnRpY2lwYW50ZXMgZGUgbGEgQ2FjZXLDrWEgUmVhbC4=
jlahDA,W+u2gOq0gCDroZztlYDssrRdCuuCmOuNsOymiOuLpOuLmOydmCDssqsg67KI7Ke4IOyLnO2XmOydhCDrrLTrgpztlZjqsowg7Ya16rO87ZWY6rOgIOyYpOyFqOq1sOyalC4g6re466CH64uk66m0IOyVveqwhCDrgpzsnbTrj4Trpbwg64aS7J24IOuRkCDrsojsp7gg7Iuc7ZeY7J2EIOuTnOumrOqyoOyKteuLiOuLpC4=,W0xpZXV0ZW5hbnQgTG9maW5jaGVdCllvdSBwYXNzZWQgQ29tbWFuZGVyIE5hZGV6ZGEncyBmaXJzdCB0ZXN0LCBzbyBJIHdpbGwgZ2l2ZSB5b3UgdGhlIHNlY29uZCB0ZXN0Lg==,,,,,W1RlbmVudGUgTG9maW5jaGVdClZvY8OqIHBhc3NvdSBkbyBwcmltZWlybyB0ZXN0ZSBkYSBDb21hbmRhbnRlIE5hZGV6ZGEsIGVudMOjbyB2b3UgZGFyIG8gc2VndW5kbyB0ZXN0ZS4=,,W1RlbmllbnRlIExvZmluY2hlXQpQYXNhc3RlIGxhIHByaW1lcmEgcHJ1ZWJhIGRlIGxhIENvbWFuZGFudGUgTmFkZXpkYSwgYXPDrSBxdWUgdGUgZGFyw6kgbGEgc2VndW5kYSBwcnVlYmEu
j1ahDA,W+u2gOq0gCDroZztlYDssrRdCjUwTHYg7J207IOB7J2YIF40RDRERkbrj5nrrLztmJVeMDAwMDAwLCBeNEQ0REZG6rOk7Lap7ZiVXjAwMDAwMCDrqqzsiqTthLDrpbwg6rCB6rCBIDMw66eI66as7JSpIOyCrOuDpe2VmOyLnOuptCDrkJjqsqDsirXri4jri6Qu,W0xpZXV0ZW5hbnQgTG9maW5jaGVdCkkgd2FudCB5b3UgdG8gZWxpbWluYXRlIDMwIG1vbnN0ZXJzIG9mIHRoZSBeNEQ0REZGQnJ1dGUgcmFjZV4wMDAwMDAgYW5kIDMwIG9mIHRoZSBeNEQ0REZGSW5zZWN0IHJhY2VeMDAwMDAwLCBCVVQgb25seSBtb25zdGVycyBhYm92ZSBsZXZlbCA1MCB3aWxsIGNvdW50Lg==,,,,,W1RlbmVudGUgTG9maW5jaGVdClF1ZXJvIHF1ZSBlbGltaW5lIDMwIG1vbnN0cm9zIGRhIF40RDRERkZyYcOnYSBCcnV0b14wMDAwMDAgZSAzMCBkYSBeNEQ0REZGcmHDp2EgSW5zZXRvXjAwMDAwMCwgUE9Sw4lNIHPDsyB2YWxlcsOjbyBvcyBtb25zdHJvcyBhY2ltYSBkbyBuw612ZWwgNTAu,,W1RlbmllbnRlIExvZmluY2hlXQpRdWllcm8gcXVlIGVsaW1pbmVzIDMwIG1vbnN0cnVvcyBkZSBsYSBeNEQ0REZGcmF6YSBCcnV0b14wMDAwMDAgeSAzMCBkZSBsYSBeNEQ0REZGcmF6YSBJbnNlY3RvXjAwMDAwMCwgUEVSTyBzb2xvIHZhbGRyw6FuIGxvcyBtb25zdHJ1b3MgZGUgbml2ZWwgc3VwZXJpb3IgYSA1MC4=
kFahDA,W+u2gOq0gCDroZztlYDssrRdCu2VmOyngOunjCDrqqjtl5jqsIDri5jsl5DqsozripQg67OE66GcIOyWtOugteyngCDslYrsnYQg6rGw6528IOyDneqwge2VtOyalC4g7IKs64Ol7J2EIOyZhOujjO2VmOqzoCDrj4zslYTsmYAg7KO87Iuc66m0IF40RDRERkbshKDtg53snZgg7J6l66+4XjAwMDAwMCDspp3soJXqs7wg7ZWo6ruYIOuLpOydjCDsi5ztl5jsl5Ag64yA7ZWcIOyViOuCtOulvCDrk5zrpqzrj4TroZ0g7ZWY6rKg7Iq164uI64ukLg==,W0xpZXV0ZW5hbnQgTG9maW5jaGVdClNpbmNlIGl0IGlzIGEgZGlmZmljdWx0IHRlc3QsIHlvdXIgZ2lmdCB3aWxsIGJlIHRoZSBeNEQ0REZGVm90ZSBSb3NlXjAwMDAwMCwgdmVyeSB1c2VmdWwgaGVyZSBhdCB0aGUgY2FtcC4=,,,,,W1RlbmVudGUgTG9maW5jaGVdClBvciBzZXIgdW0gdGVzdGUgZGlmw61jaWwsIHNldSBwcmVzZW50ZSBzZXLDoSBhIF40RDRERkZSb3NhLWRlLVZvdG9eMDAwMDAwLCBtdWl0byDDunRpbCBhcXVpIG5vIGFjYW1wYW1lbnRvLg==,,W1RlbmllbnRlIExvZmluY2hlXQpQb3Igc2VyIHVuYSBwcnVlYmEgZGlmw61jaWwsIHR1IHJlZ2FsbyBzZXLDoSBsYSBeNEQ0REZGUm9zYSBkZSBsYSBFbGVjY2nDs25eMDAwMDAwLCBtdXkgw7p0aWwgYXF1w60gZW4gZWwgY2FtcGFtZW50by4=
kVahDA,W+u2gOq0gCDroZztlYDssrRdCuq3uOufvCDrrLTsmrTsnYQg67mM6rKg7Iq164uI64ukIQ==,W0xpZXV0ZW5hbnQgTG9maW5jaGVdCkdvb2QgbHVjayE=,,,,,W1RlbmVudGUgTG9maW5jaGVdCkJvYSBzb3J0ZSE=,,W1RlbmllbnRlIExvZmluY2hlXQrCoUJ1ZW5hIHN1ZXJ0ZSE=
klahDA,W+u2gOq0gCDroZztlYDssrRdCuyVhOyngSDrqqntkZzsuZjrpbwg64us7ISx7ZWY7KeAIOuqu+2VmOyFqOq1sOyalC4g7J207JmVIOyYpOyLoCDquYDsl5Ag7J6g7IucIOyJrOyWtOqwgOuKlCDqsoPrj4Qg7KKL7KeA7JqULg==,W0xpZXV0ZW5hbnQgTG9maW5jaGVdCllvdSBoYXZlIG5vdCB5ZXQgY29tcGxldGVkIHRoZSBodW50Lg==,,,,,W1RlbmVudGUgTG9maW5jaGVdClZvY8OqIGFpbmRhIG7Do28gY29uY2x1aXUgYSBjYcOnYWRhLg==,,W1RlbmllbnRlIExvZmluY2hlXQpBw7puIG5vIGhhcyBjb25jbHVpZG8gbGEgY2FjZXLDrWEu
k1ahDA,W+u2gOq0gCDroZztlYDssrRdCjUwTHYg7J207IOB7J2YIF40RDRERkbrj5nrrLztmJVeMDAwMDAwIOuqrOyKpO2EsOyZgCBeNEQ0REZG6rOk7Lap7ZiVXjAwMDAwMCDrqqzsiqTthLDrpbwg6rCB6rCBIDMw66eI66as7JSpIOyCrOuDpe2VmOyLnOuptCDrkJjqsqDsirXri4jri6Qu,W0xpZXV0ZW5hbnQgTG9maW5jaGVdCkkgd2FudCB5b3UgdG8gZWxpbWluYXRlIDMwIG1vbnN0ZXJzIG9mIHRoZSBeNEQ0REZGQnJ1dGUgcmFjZV4wMDAwMDAgYW5kIDMwIG9mIHRoZSBeNEQ0REZGSW5zZWN0IHJhY2VeMDAwMDAwLCBCVVQgb25seSBtb25zdGVycyBhYm92ZSBsZXZlbCA1MCB3aWxsIGNvdW50Lg==,,,,,W1RlbmVudGUgTG9maW5jaGVdClF1ZXJvIHF1ZSBlbGltaW5lIDMwIG1vbnN0cm9zIGRhIF40RDRERkZyYcOnYSBCcnV0b14wMDAwMDAgZSAzMCBkYSBeNEQ0REZGcmHDp2EgSW5zZXRvXjAwMDAwMCwgUE9Sw4lNIHPDsyB2YWxlcsOjbyBvcyBtb25zdHJvcyBhY2ltYSBkbyBuw612ZWwgNTAu,,W1RlbmllbnRlIExvZmluY2hlXQpRdWllcm8gcXVlIGVsaW1pbmVzIDMwIG1vbnN0cnVvcyBkZSBsYSBeNEQ0REZGcmF6YSBCcnV0b14wMDAwMDAgeSAzMCBkZSBsYSBeNEQ0REZGcmF6YSBJbnNlY3RvXjAwMDAwMCwgUEVSTyBzb2xvIHZhbGRyw6FuIGxvcyBtb25zdHJ1b3MgZGUgbml2ZWwgc3VwZXJpb3IgYSA1MC4=
lFahDA,W+u2gOq0gCDroZztlYDssrRdCuyXreyLnCwg67mg66W06rKMIO2VtOy5mOyasOqzoCDsmKTshajqtbDsmpQuIOq3uOugh+uLpOuptCDsnbTsoJwg66eI7KeA66eJIOyLnO2XmOunjCDsuZjrpbTsi5zrqbQg67O46rKp7KCB7J24IOyCrOuDpeydhCDtlZjsi6Qg7IiYIOyeiOyKteuLiOuLpC4=,W0xpZXV0ZW5hbnQgTG9maW5jaGVdCllvdSBoYXZlIHNob3duIHlvdXIgd29ydGguIEkgYW0gdmVyeSBwcm91ZC4=,,,,,W1RlbmVudGUgTG9maW5jaGVdClZvY8OqIG1vc3Ryb3Ugc2V1IHZhbG9yLiBFc3RvdSBtdWl0byBvcmd1bGhvc28u,,W1RlbmllbnRlIExvZmluY2hlXQpIYXMgbW9zdHJhZG8gdHUgdmFsw61hLiBFc3RveSBtdXkgb3JndWxsb3NvLg==
lVahDA,W+u2gOq0gCDroZztlYDssrRdCjxOQVZJPlvrtoDqtIAg7J6l7ZWY7ISxXTxJTkZPPnBydF9maWxkMDEsMTA3LDE4MCwwLDEwMSwwPC9JTkZPPjwvTkFWST7sl5Dqsowg6rCA7Iuc66m0IOynhO2WieydhCDrj4TsmYDrk5zrprTqsoHri4jri6Qu,W0xpZXV0ZW5hbnQgTG9maW5jaGVdCkdvIHRvIDxOQVZJPltHZW5lcmFsIEphbmddPElORk8+cHJ0X2ZpbGQwMSwxMDcsMTgwLDAsMTAxLDA8L0lORk8+PC9OQVZJPi4gU2hlIHdpbGwgYXNzaXN0IHlvdSB3aXRoIHRoZSBtaXNzaW9uLg==,,,,,W1RlbmVudGUgTG9maW5jaGVdClbDoSBhdMOpIGEgPE5BVkk+W0dlbmVyYWwgSmFuZ108SU5GTz5wcnRfZmlsZDAxLDEwNywxODAsMCwxMDEsMDwvSU5GTz48L05BVkk+LiBFbGEgYXV4aWxpYXLDoSB2b2PDqiBjb20gYSBtaXNzw6NvLg==,,W1RlbmllbnRlIExvZmluY2hlXQpWZSBjb24gbGEgPE5BVkk+W0dlbmVyYWwgSmFuZ108SU5GTz5wcnRfZmlsZDAxLDEwNywxODAsMCwxMDEsMDwvSU5GTz48L05BVkk+LiBFbGxhIHRlIGF1eGlsaWFyw6EgY29uIGxhIG1pc2nDs24u
llahDA,W+u2gOq0gCDroZztlYDssrRdCuydtOqxtCDslb3sho3tlojsl4jrjZgg7J6l66+47JeQ7JqULiDsnbzri6gg67Cb7JWE7KO87IS47JqULg==,W0xpZXV0ZW5hbnQgTG9maW5jaGVdCkFuZCBhcyBwcm9taXNlZCwgdGhlIF40RDRERkZWb3RlIFJvc2VeMDAwMDAwLiBQbGVhc2UgYWNjZXB0IGl0Lg==,,,,,W1RlbmVudGUgTG9maW5jaGVdCkUgY29tbyBwcm9tZXRpZG8sIGEgXjRENERGRlJvc2EtZGUtVm90b14wMDAwMDAuIFBvciBmYXZvciwgYWNlaXRlLg==,,W1RlbmllbnRlIExvZmluY2hlXQpZIGNvbW8gcHJvbWV0w60sIGxhIF40RDRERkZSb3NhIGRlIGxhIEVsZWNjacOzbl4wMDAwMDAuIFBvciBmYXZvciwgYWPDqXB0YWxhLg==
l1ahDA,W+u2gOq0gCDroZztlYDssrRdCjxOQVZJPlvrtoDqtIAg7J6l7ZWY7ISxXTxJTkZPPnBydF9maWxkMDEsMTA3LDE4MCwwLDEwMSwwPC9JTkZPPjwvTkFWST7snbQg66eI7KeA66eJIOyLnO2XmOydmCDsp4TtlonsnYQg64+E7JmA7KSEIOqyg+yeheuLiOuLpC4=,W0xpZXV0ZW5hbnQgTG9maW5jaGVdCkdvIHRvIDxOQVZJPltHZW5lcmFsIEphbmddPElORk8+cHJ0X2ZpbGQwMSwxMDcsMTgwLDAsMTAxLDA8L0lORk8+PC9OQVZJPi4gU2hlIHdpbGwgaGVscCB5b3Ugd2l0aCB0aGUgbWlzc2lvbi4=,,,,,W1RlbmVudGUgTG9maW5jaGVdClbDoSBhdMOpIGEgPE5BVkk+W0dlbmVyYWwgSmFuZ108SU5GTz5wcnRfZmlsZDAxLDEwNywxODAsMCwxMDEsMDwvSU5GTz48L05BVkk+LiBFbGEgdmFpIHRlIGFqdWRhciBjb20gYSBtaXNzw6NvLg==,,W1RlbmllbnRlIExvZmluY2hlXQpWZSBjb24gbGEgPE5BVkk+W0dlbmVyYWwgSmFuZ108SU5GTz5wcnRfZmlsZDAxLDEwNywxODAsMCwxMDEsMDwvSU5GTz48L05BVkk+LiBFbGxhIHRlIGF5dWRhcsOhIGNvbiBsYSBtaXNpw7NuLg==
mFahDA,W+u2gOq0gCDroZztlYDssrRdCuyZleyLpCDsgqzrg6Ug64yA7ZqM7JeQIOywuOqwgO2VmOufrCDsmKTshajri6TrqbQgPE5BVkk+W+yngO2cmOq0gCDrgpjrjbDspojri6RdPElORk8+cHJ0X2ZpbGQwMSw5OCwxNzEsMCwxMDEsMDwvSU5GTz48L05BVkk+64uY7J20IOyjvOyLnOuKlCDsi5ztl5jsnYQg7Ya16rO87ZWcIOuSpOyXkCDsoIDsl5Dqsowg7Jik7Iuc66m0IOuQqeuLiOuLpC4=,W0xpZXV0ZW5hbnQgTG9maW5jaGVdCklmIHlvdSBjYW1lIHRvIHBhcnRpY2lwYXRlIGluIHRoZSBSb3lhbCBIdW50LCB0YWxrIHdpdGggbWUgYWZ0ZXIgcGFzc2luZyB0aGUgdGVzdCBmcm9tIDxOQVZJPltDb21tYW5kZXIgTmFkZXpkYV08SU5GTz5wcnRfZmlsZDAxLDk4LDE3MSwwLDEwMSwwPC9JTkZPPjwvTkFWST4u,,,,,W1RlbmVudGUgTG9maW5jaGVdClNlIHZlaW8gcGFyYSBwYXJ0aWNpcGFyIGRhIENhw6dhZGEgUmVhbCwgY29udmVyc2UgY29taWdvIGFww7NzIHBhc3NhciBubyB0ZXN0ZSBkYSA8TkFWST5bQ29tYW5kYW50ZSBOYWRlemRhXTxJTkZPPnBydF9maWxkMDEsOTgsMTcxLDAsMTAxLDA8L0lORk8+PC9OQVZJPi4=,,W1RlbmllbnRlIExvZmluY2hlXQpTaSB2aW5pc3RlIHBhcmEgcGFydGljaXBhciBlbiBsYSBDYWNlcsOtYSBSZWFsLCBjb252ZXJzYSBjb25taWdvIGRlc3B1w6lzIGRlIHBhc2FyIGxhIHBydWViYSBkZSBsYSA8TkFWST5bQ29tYW5kYW50ZSBOYWRlemRhXTxJTkZPPnBydF9maWxkMDEsOTgsMTcxLDAsMTAxLDA8L0lORk8+PC9OQVZJPi4=
mVahDA,W+u2gOq0gCDroZztlYDssrRdCuusmOultOuLkCDsgrDrp6Xsl5DshJwg7J20IOqzs+ydhCDtlqXtlZjsl6wg64K066Ck7Jik64qUIOuqrOyKpO2EsOuTpOydgCDsl6zsoITtnogg66eO7J2AIOyDge2DnOyeheuLiOuLpC4g64+E7JuA7J2YIOyGkOq4uOydtCDtlYTsmpTtlZzrjbAuLi4=,W0xpZXV0ZW5hbnQgTG9maW5jaGVdClRoZXJlIGFyZSBzdGlsbCBtYW55IG1vbnN0ZXJzIGluIHRoZSBodW50aW5nIGZpZWxkLCBJIHdpbGwgbmVlZCBoZWxwLg==,,,,,W1RlbmVudGUgTG9maW5jaGVdCkFpbmRhIGV4aXN0ZW0gbXVpdG9zIG1vbnN0cm9zIG5vIGNhbXBvIGRlIGNhw6dhZGEsIHZvdSBwcmVjaXNhciBkZSBhanVkYS4=,,W1RlbmllbnRlIExvZmluY2hlXQpBw7puIGV4aXN0ZW4gbXVjaG9zIG1vbnN0cnVvcyBlbiBlbCBjYW1wbyBkZSBjYWNlcsOtYSwgdm95IGEgbmVjZXNpdGFyIGF5dWRhLg==
mlahDA,W+u2gOq0gCDroZztlYDssrRdCuyCrOuDpeydhCDrj4TsmYDso7zsi5zqsqDslrTsmpQ/,W0xpZXV0ZW5hbnQgTG9maW5jaGVdCldoaWNoIG1vbnN0ZXJzIGRvIHlvdSB3aXNoIHRvIGh1bnQ/,,,,,W1RlbmVudGUgTG9maW5jaGVdClF1ZSBtb25zdHJvcyB2b2PDqiBkZXNlamEgY2HDp2FyPw==,,W1RlbmllbnRlIExvZmluY2hlXQrCv1F1w6kgbW9uc3RydW9zIGRlc2VhcyBjYXphcj8=
m1ahDA,64+V64qU64ukLg==,SGVscC4=,,,,,QWp1ZGFyLg==,,QXl1ZGFyLg==
nFahDA,64+V7KeAIOyViuuKlOuLpC4=,Tm90IGhlbHAu,,,,,TsOjbyBhanVkYXIu,,Tm8gYXl1ZGFyLg==
nVahDA,W+u2gOq0gCDroZztlYDssrRdCuuLpO2WieydtOuEpOyalCwg7J6YIOuQkOyWtCEg7Ja065akIOycoO2YleydmCDrqqzsiqTthLDrpbwg7IKs64Ol7ZW07KO87Iuk6rG06rCA7JqUPw==,W0xpZXV0ZW5hbnQgTG9maW5jaGVdClRoYXQgaXMgYSByZWxpZWYsIGdyZWF0ISBXaGF0IHR5cGUgb2YgbW9uc3RlciB3aWxsIHlvdSBodW50IGZvciB1cz8=,,,,,W1RlbmVudGUgTG9maW5jaGVdCklzc28gw6kgdW0gYWzDrXZpbywgw7N0aW1vISBRdWUgdGlwbyBkZSBtb25zdHJvIHZvY8OqIGNhw6dhcsOhIHBhcmEgbsOzcz8=,,W1RlbmllbnRlIExvZmluY2hlXQpFc28gZXMgdW4gYWxpdmlvLCDCoWV4Y2VsZW50ZSEgCsK/UXXDqSB0aXBvIGRlIG1vbnN0cnVvIGNhemFyw6FzIHBhcmEgbm9zb3Ryb3M/
nlahDA,Xjk5OTk5OeqzpOy2qe2YlSDrqqzsiqTthLAg7IKs64OlKDUwTHYg7J207IOBKSAtIOuMgOq4sOykkV4wMDAwMDA=,Xjk5OTk5OShQZW5kaW5nKSBIdW50IEluc2VjdHMgbHYuNTArXjAwMDAwMA==,,,,,Xjk5OTk5OShFbSBlc3BlcmEpIENhw6dhciBJbnNldG9zIGRlIG52LjUwK14wMDAwMDA=,,Xjk5OTk5OShFbiBlc3BlcmEpIENhemFyIEluc2VjdG9zIGRlIE52LjUwK14wMDAwMDA=
n1ahDA,Xjk5OTk5OeqzpOy2qe2YlSDrqqzsiqTthLAg7IKs64OlKDUwTHYg7J207IOBKSAtIOyCrOuDpeykkV4wMDAwMDA=,Xjk5OTk5OShJbiBwcm9ncmVzcykgSHVudCBJbnNlY3RzIGx2LjUwK14wMDAwMDA=,,,,,Xjk5OTk5OShFbSBjdXJzbykgQ2HDp2FyIEluc2V0b3MgZGUgbnYuNTArXjAwMDAwMA==,,Xjk5OTk5OShFbiBjdXJzbykgQ2F6YXIgSW5zZWN0b3MgZGUgTnYuNTArXjAwMDAwMA==
oFahDA,Xjk5OTk5OeqzpOy2qe2YlSDrqqzsiqTthLAg7IKs64OlKDUwTHYg7J207IOBKSAtIOyZhOujjF4wMDAwMDA=,Xjk5OTk5OShDb21wbGV0ZSkgSHVudCBJbnNlY3RzIGx2LjUwK14wMDAwMDA=,,,,,Xjk5OTk5OShDb21wbGV0bykgQ2HDp2FyIEluc2V0b3MgZGUgbnYuNTArXjAwMDAwMA==,,Xjk5OTk5OShDb21wbGV0bykgQ2F6YXIgSW5zZWN0b3MgZGUgTnYuNTArXjAwMDAwMA==
oVahDA,6rOk7Lap7ZiVIOuqrOyKpO2EsCDsgqzrg6UoNTBMdiDsnbTsg4Ep,SHVudCBJbnNlY3RzIGx2LjUwKw==,,,,,Q2HDp2FyIEluc2V0b3MgZGUgbnYuNTAr,,Q2F6YXIgSW5zZWN0b3MgZGUgTnYuNTAr
olahDA,Xjk5OTk5OeuPmeusvO2YlSDrqqzsiqTthLAg7IKs64OlKDUwTHYg7J207IOBKSAtIOuMgOq4sOykkV4wMDAwMDA=,Xjk5OTk5OShQZW5kaW5nKSBIdW50IEJydXRlcyBsdi41MCteMDAwMDAw,,,,,Xjk5OTk5OShFbSBlc3BlcmEpIENhw6dhciBCcnV0b3MgZGUgbnYuNTArXjAwMDAwMA==,,Xjk5OTk5OShFbiBlc3BlcmEpIENhemFyIEJydXRvcyBkZSBOdi41MCteMDAwMDAw
o1ahDA,Xjk5OTk5OeuPmeusvO2YlSDrqqzsiqTthLAg7IKs64OlKDUwTHYg7J207IOBKSAtIOyCrOuDpeykkV4wMDAwMDA=,Xjk5OTk5OShJbiBwcm9ncmVzcykgSHVudCBCcnV0ZXMgbHYuNTArXjAwMDAwMA==,,,,,Xjk5OTk5OShFbSBjdXJzbykgQ2HDp2FyIEJydXRvcyBkZSBudi41MCteMDAwMDAw,,Xjk5OTk5OShFbiBjdXJzbykgQ2F6YXIgQnJ1dG9zIGRlIE52LjUwK14wMDAwMDA=
pFahDA,Xjk5OTk5OeuPmeusvO2YlSDrqqzsiqTthLAg7IKs64OlKDUwTHYg7J207IOBKSAtIOyZhOujjF4wMDAwMDA=,Xjk5OTk5OShDb21wbGV0ZSkgSHVudCBCcnV0ZXMgbHYuNTArXjAwMDAwMA==,,,,,Xjk5OTk5OShDb21wbGV0bykgQ2HDp2FyIEJydXRvcyBkZSBudi41MCteMDAwMDAw,,Xjk5OTk5OShDb21wbGV0bykgQ2F6YXIgQnJ1dG9zIGRlIE52LjUwK14wMDAwMDA=
pVahDA,64+Z66y87ZiVIOuqrOyKpO2EsCDsgqzrg6UoNTBMdiDsnbTsg4Ep,SHVudCBCcnV0ZXMgbHYuNTAr,,,,,Q2HDp2FyIEJydXRvcyBkZSBudi41MCs=,,Q2F6YXIgQnJ1dG9zIGRlIE52LjUwKw==
plahDA,Xjk5OTk5OeyWtO2MqOulmCDrqqzsiqTthLAg7IKs64OlKDUwTHYg7J207IOBKSAtIOuMgOq4sOykkV4wMDAwMDA=,Xjk5OTk5OShQZW5kaW5nKSBIdW50IEZpc2ggbHYuNTArXjAwMDAwMA==,,,,,Xjk5OTk5OShFbSBlc3BlcmEpIENhw6dhciBQZWl4ZXMgZGUgbnYuNTArXjAwMDAwMA==,,Xjk5OTk5OShFbiBlc3BlcmEpIENhemFyIFBlY2VzIGRlIE52LjUwK14wMDAwMDA=
p1ahDA,Xjk5OTk5OeyWtO2MqOulmCDrqqzsiqTthLAg7IKs64OlKDUwTHYg7J207IOBKSAtIOyCrOuDpeykkV4wMDAwMDA=,Xjk5OTk5OShJbiBwcm9ncmVzcykgSHVudCBGaXNoIGx2LjUwK14wMDAwMDA=,,,,,Xjk5OTk5OShFbSBjdXJzbykgQ2HDp2FyIFBlaXhlcyBkZSBudi41MCteMDAwMDAw,,Xjk5OTk5OShFbiBjdXJzbykgQ2F6YXIgUGVjZXMgZGUgTnYuNTArXjAwMDAwMA==
qFahDA,Xjk5OTk5OeyWtO2MqOulmCDrqqzsiqTthLAg7IKs64OlKDUwTHYg7J207IOBKSAtIOyZhOujjF4wMDAwMDA=,Xjk5OTk5OShDb21wbGV0ZSkgSHVudCBGaXNoIGx2LjUwK14wMDAwMDA=,,,,,Xjk5OTk5OShDb21wbGV0bykgQ2HDp2FyIFBlaXhlcyBkZSBudi41MCteMDAwMDAw,,Xjk5OTk5OShDb21wbGV0bykgQ2F6YXIgUGVjZXMgZGUgTnYuNTArXjAwMDAwMA==
qVahDA,7Ja07Yyo66WYIOuqrOyKpO2EsCDsgqzrg6UoNTBMdiDsnbTsg4Ep,SHVudCBGaXNoIGx2LjUwKw==,,,,,Q2HDp2FyIFBlaXhlcyBkZSBudi41MCs=,,Q2F6YXIgUGVjZXMgZGUgTnYuNTAr
qlahDA,Xjk5OTk5OeyaqeyhsSDrqqzsiqTthLAg7IKs64OlKDUwTHYg7J207IOBKSAtIOuMgOq4sOykkV4wMDAwMDA=,Xjk5OTk5OShQZW5kaW5nKSBIdW50IERyYWdvbnMgbHYuNTArXjAwMDAwMA==,,,,,Xjk5OTk5OShFbSBlc3BlcmEpIENhw6dhciBEcmFnw7VlcyBkZSBudi41MCteMDAwMDAw,,Xjk5OTk5OShFbiBlc3BlcmEpIENhemFyIERyYWdvbmVzIGRlIE52LjUwK14wMDAwMDA=
q1ahDA,Xjk5OTk5OeyaqeyhsSDrqqzsiqTthLAg7IKs64OlKDUwTHYg7J207IOBKSAtIOyCrOuDpeykkV4wMDAwMDA=,Xjk5OTk5OShJbiBwcm9ncmVzcykgSHVudCBEcmFnb25zIGx2LjUwK14wMDAwMDA=,,,,,Xjk5OTk5OShFbSBjdXJzbykgQ2HDp2FyIERyYWfDtWVzIGRlIG52LjUwK14wMDAwMDA=,,Xjk5OTk5OShFbiBjdXJzbykgQ2F6YXIgRHJhZ29uZXMgZGUgTnYuNTArXjAwMDAwMA==
rFahDA,Xjk5OTk5OeyaqeyhsSDrqqzsiqTthLAg7IKs64OlKDUwTHYg7J207IOBKSAtIOyZhOujjF4wMDAwMDA=,Xjk5OTk5OShDb21wbGV0ZSkgSHVudCBEcmFnb25zIGx2LjUwK14wMDAwMDA=,,,,,Xjk5OTk5OShDb21wbGV0bykgQ2HDp2FyIERyYWfDtWVzIGRlIG52LjUwK14wMDAwMDA=,,Xjk5OTk5OShDb21wbGV0bykgQ2F6YXIgRHJhZ29uZXMgZGUgTnYuNTArXjAwMDAwMA==
rVahDA,7Jqp7KGxIOuqrOyKpO2EsCDsgqzrg6UoNTBMdiDsnbTsg4Ep,SHVudCBEcmFnb25zIGx2LjUwKw==,,,,,Q2HDp2FyIERyYWfDtWVzIGRlIG52LjUwKw==,,Q2F6YXIgRHJhZ29uZXMgZGUgTnYuNTAr
rlahDA,64uk7J2M7JeQIOyYqOuLpC4=,SSdsbCBjb21lIGJhY2sgbGF0ZXIu,,,,,Vm9sdGFyZWkgbWFpcyB0YXJkZS4=,,Vm9sdmVyw6kgbcOhcyB0YXJkZS4=
r1ahDA,6rOk7Lap7ZiVIOuqrOyKpO2EsCAzMOuniOumrCDsgqzrg6UoNTBMdiDsnbTsg4Ep,RWxpbWluYXRlIDMwIG1vbnN0ZXJzIG9mIHRoZSBJbnNlY3QgcmFjZSB0aGF0IGFyZSBsZXZlbCA1MCBvciBoaWdoZXI=,,,,,RWxpbWluZSAzMCBtb25zdHJvcyBkYSByYcOnYSBJbnNldG8gcXVlIHNlamFtIGRlIG7DrXZlbCA1MCBvdSBtYWlz,,RWxpbWluYSAzMCBtb25zdHJ1b3MgZGUgbGEgcmF6YSBJbnNlY3RvIHF1ZSBzZWFuIGRlIG5pdmVsIDUwIG8gbcOhcw==
sFahDA,64+Z66y87ZiVIOuqrOyKpO2EsCAzMOuniOumrCDsgqzrg6UoNTBMdiDsnbTsg4Ep,RWxpbWluYXRlIDMwIG1vbnN0ZXJzIG9mIHRoZSBCcnV0ZSByYWNlIHRoYXQgYXJlIGxldmVsIDUwIG9yIGhpZ2hlcg==,,,,,RWxpbWluZSAzMCBtb25zdHJvcyBkYSByYcOnYSBCcnV0byBxdWUgc2VqYW0gZGUgbsOtdmVsIDUwIG91IG1haXM=,,RWxpbWluYSAzMCBtb25zdHJ1b3MgZGUgbGEgcmF6YSBCcnV0byBxdWUgc2VhbiBkZSBuaXZlbCA1MCBvIG3DoXM=
sVahDA,7Ja07Yyo66WYIOuqrOyKpO2EsCAzMOuniOumrCDsgqzrg6UoNTBMdiDsnbTsg4Ep,RWxpbWluYXRlIDMwIG1vbnN0ZXJzIG9mIHRoZSBGaXNoIHJhY2UgdGhhdCBhcmUgbGV2ZWwgNTAgb3IgaGlnaGVy,,,,,RWxpbWluZSAzMCBtb25zdHJvcyBkYSByYcOnYSBQZWl4ZSBxdWUgc2VqYW0gZGUgbsOtdmVsIDUwIG91IG1haXM=,,RWxpbWluYSAzMCBtb25zdHJ1b3MgZGUgbGEgcmF6YSBQZXogcXVlIHNlYW4gZGUgbml2ZWwgNTAgbyBtw6Fz
slahDA,7Jqp7KGxIOuqrOyKpO2EsCAzMOuniOumrCDsgqzrg6UoNTBMdiDsnbTsg4Ep,RWxpbWluYXRlIDMwIG1vbnN0ZXJzIG9mIHRoZSBEcmFnb24gcmFjZSB0aGF0IGFyZSBsZXZlbCA1MCBvciBoaWdoZXI=,,,,,RWxpbWluZSAzMCBtb25zdHJvcyBkYSByYcOnYSBEcmFnw6NvIHF1ZSBzZWphbSBkZSBuw612ZWwgNTAgb3UgbWFpcw==,,RWxpbWluYSAzMCBtb25zdHJ1b3MgZGUgbGEgcmF6YSBEcmFnw7NuIHF1ZSBzZWFuIGRlIG5pdmVsIDUwIG8gbcOhcw==
s1ahDA,W+u2gOq0gCDroZztlYDssrRdCuyCrOuDpSDrjIDtmowg6riw6rCEIOykkeyXkOuKlCDtla3sg4Eg7Jes6riwIOyeiOycvOuLiCDslrjsoJzrk6Dsp4Ag7LC+7JWE7JmAIOyjvOyLreyLnOyYpC4=,W0xpZXV0ZW5hbnQgTG9maW5jaGVdCkkgd2lsbCBhbHdheXMgYmUgYXJvdW5kIGhlcmUsIGluIGNhc2UgeW91IHdhbnQgc29tZXRoaW5nLg==,,,,,W1RlbmVudGUgTG9maW5jaGVdCkVzdGFyZWkgc2VtcHJlIHBvciBhcXVpLCBjYXNvIHF1ZWlyYSBhbGdvLg==,,W1RlbmllbnRlIExvZmluY2hlXQpTaWVtcHJlIGVzdGFyw6kgcG9yIGFxdcOtLCBwb3Igc2kgcXVpZXJlcyBhbGdvLg==
tFahDA,W+u2gOq0gCDroZztlYDssrRdCu2VtOuLuSDsnoTrrLTripQg7ZiE7J6sIO2VtOqysOuQmOyWtCDsnojripQg7IOB7YOc7J6F64uI64ukLg==,W0xpZXV0ZW5hbnQgTG9maW5jaGVdClRoaXMgbWlzc2lvbiBoYXMgYWxyZWFkeSBiZWVuIGNvbXBsZXRlZCB0b2RheS4=,,,,,W1RlbmVudGUgTG9maW5jaGVdCkVzc2EgbWlzc8OjbyBqw6EgZm9pIGNvbmNsdcOtZGEgaG9qZS4=,,W1RlbmllbnRlIExvZmluY2hlXQpFc3RhIG1pc2nDs24geWEgZnVlIGNvbXBsZXRhZGEgaG95Lg==
tVahDA,W+u2gOq0gCDroZztlYDssrRdCu2VmOyngOunjCDrgrTsnbzsnbQg65CY66m0IOuMgOyLnCDqsJzssrTsiJjqsIAg64qY7Ja064KgIOqyg+ycvOuhnCDtjJDri6jrkJjsmKTri4gg64K07J28IOuLpOyLnCDsoIDrpbwg7LC+7JWE7JmAIOyjvOyEuOyalC4=,W0xpZXV0ZW5hbnQgTG9maW5jaGVdCldlIHJlY29tbWVuZCByZXN0LiBDb21lIGJhY2sgdG9tb3Jyb3cu,,,,,W1RlbmVudGUgTG9maW5jaGVdCk7Ds3MgcmVjb21lbmRhbW9zIG8gZGVzY2Fuc28uIFZvbHRlIGFtYW5ow6Mu,,W1RlbmllbnRlIExvZmluY2hlXQpSZWNvbWVuZGFtb3MgZWwgZGVzY2Fuc28uIApWdWVsdmUgbWHDsWFuYS4=
tlahDA,W+u2gOq0gCDroZztlYDssrRdCuyYpOuKmOuPhCDsnpgg67aA7YOB65Oc66a964uI64ukLCDrqqjtl5jqsIDri5guCnswfSDsnoTrrLTrpbwg66eh7JWE7KO87Iuc6rKg7Iq164uI6rmMPw==,W0xpZXV0ZW5hbnQgTG9maW5jaGVdCkFyZSB5b3UgbG9va2luZyBmb3IgYSBtaXNzaW9uPwp7MH0sIHBsZWFzZS4=,,,,,W1RlbmVudGUgTG9maW5jaGVdCkVzdMOhIHF1ZXJlbmRvIHVtYSBtaXNzw6NvPwp7MH0sIHBvciBmYXZvci4=,,W1RlbmllbnRlIExvZmluY2hlXQrCv0VzdMOhcyBxdWVyaWVuZG8gdW5hIG1pc2nDs24/CnswfSwgcG9yIGZhdm9yLg==
t1ahDA,66eh64qU64ukLg==,QWNjZXB0Lg==,,,,,QWNlaXRhci4=,,QWNlcHRhci4=
uFahDA,66eh7KeAIOyViuuKlOuLpC4=,UmVmdXNlLg==,,,,,UmVjdXNhci4=,,UmVjaGF6YXIu
uVahDA,W+u2gOq0gCDroZztlYDssrRdCjUw66CI67KoIOydtOyDgeydmCDrqqzsiqTthLDrpbwg7IKs64Ol7ZWY7Iuc66m0IOuQmOqyoOyKteuLiOuLpC4=,W0xpZXV0ZW5hbnQgTG9maW5jaGVdClJlbWVtYmVyIHRoYXQgb25seSBtb25zdGVycyBeNEQ0REZGbGV2ZWwgNTAgb3IgaGlnaGVyXjAwMDAwMCBhcmUgdmFsaWQu,,,,,W1RlbmVudGUgTG9maW5jaGVdCkxlbWJyZS1zZSBxdWUgc8OjbyB2w6FsaWRvcyBzb21lbnRlIG9zIG1vbnN0cm9zIF40RDRERkZkZSBuw612ZWwgNTAgb3UgbWFpb3JeMDAwMDAwLg==,,W1RlbmllbnRlIExvZmluY2hlXQpSZWN1ZXJkYSBxdWUgc29sbyBzb24gdsOhbGlkb3MgbG9zIG1vbnN0cnVvcyBeNEQ0REZGZGUgbml2ZWwgNTAgbyBtYXlvcl4wMDAwMDAu
ulahDA,W+u2gOq0gCDroZztlYDssrRdCuyCrOuDpeydhCDrp4jsuZjqs6Ag64+M7JWE7Jik7Iuc66m0IOq3uOyXkCDtlbTri7ntlZjripQg67O07IOB7J2EIOuTnOumrOqyoOyKteuLiOuLpC4g6re465+8IOuquOyhsOyLrO2eiCDri6TrhYDsmKTsi63si5zsmKQu,W0xpZXV0ZW5hbnQgTG9maW5jaGVdCldoZW4geW91IHJldHVybiwgSSB3aWxsIGdpdmUgeW91IGFuIGFwcHJvcHJpYXRlIHByaXplLg==,,,,,W1RlbmVudGUgTG9maW5jaGVdClF1YW5kbyByZXRvcm5hciwgbGhlIGRhcmVpIHVtIHByw6ptaW8gYXByb3ByaWFkby4=,,W1RlbmllbnRlIExvZmluY2hlXQpDdWFuZG8gcmVncmVzZXMsIHRlIGRhcsOpIHVuIHByZW1pbyBhcHJvcGlhZG8u
u1ahDA,W+u2gOq0gCDroZztlYDssrRdCuyggOuKlCDsgqzrg6Ug64yA7ZqMIOq4sOqwhCDrj5nslYjsl5DripQg7ZWt7IOBIOyXrOq4sOyXkCDsnojsnYQg7JiI7KCV7J2064uIIOuniOydjOydtCDsg53quLDsi5zrqbQg64uk7IucIOywvuyVhOyZgCDso7zsi63si5zsmKQu,W0xpZXV0ZW5hbnQgTG9maW5jaGVdCkkgd2lsbCBzdGF5IGFyb3VuZCBoZXJlIHRocm91Z2hvdXQgdGhlIGVudGlyZSBodW50aW5nIGV2ZW50Lg==,,,,,W1RlbmVudGUgTG9maW5jaGVdClZvdSBjb250aW51YXIgcG9yIGFxdWkgZHVyYW50ZSB0b2RvIG8gZXZlbnRvIGRhIGNhw6dhZGEu,,W1RlbmllbnRlIExvZmluY2hlXQpWb3kgYSBjb250aW51YXIgcG9yIGFxdcOtIGR1cmFudGUgdG9kbyBlbCBldmVudG8gZGUgY2FjZXLDrWEu
vFahDA,W+u2gOq0gCDroZztlYDssrRdCnswfSDsnoTrrLTrpbwg7ZiE7J6sIOynhO2Wie2VmOqzoCDqs4Tsi63ri4jri6Qu,W0xpZXV0ZW5hbnQgTG9maW5jaGVdCkRpZCB5b3UgZm9yZ2V0IHlvdXIgbWlzc2lvbj8gezB9Lg==,,,,,W1RlbmVudGUgTG9maW5jaGVdCkVzcXVlY2V1IHN1YSBtaXNzw6NvPyB7MH0u,,W1RlbmllbnRlIExvZmluY2hlXQrCv09sdmlkYXN0ZSB0dSBtaXNpw7NuPyB7MH0u
vVahDA,W+u2gOq0gCDroZztlYDssrRdCuuniOy5mOqzoCDrj4zslYTsmKTsi5zrqbQg6re47JeQIO2VtOuLue2VmOuKlCDrs7TsiJjrpbwg65Oc66as6rKg7Iq164uI64ukLCDsnpgg67aA7YOB65Oc66a964uI64ukLg==,W0xpZXV0ZW5hbnQgTG9maW5jaGVdCldoZW4geW91IGNvbXBsZXRlIGl0LCBJIHdpbGwgZ2l2ZSB5b3UgYW4gYXBwcm9wcmlhdGUgcmV3YXJkLg==,,,,,W1RlbmVudGUgTG9maW5jaGVdClF1YW5kbyBjb21wbGV0w6EtbGEsIGxoZSBkYXJlaSB1bWEgcmVjb21wZW5zYSBhcHJvcHJpYWRhLg==,,W1RlbmllbnRlIExvZmluY2hlXQpDdWFuZG8gbGEgY29tcGxldGVzLCB0ZSBkYXLDqSB1bmEgcmVjb21wZW5zYSBhcHJvcGlhZGEu
vlahDA,W+u2gOq0gCDroZztlYDssrRdCnswfSDsnoTrrLTrpbwg66eI7LmY6rOgIOuPjOyVhOyYpOyFqOq1sOyalCwg6rCQ7IKs7ZWp64uI64ukLg==,W0xpZXV0ZW5hbnQgTG9maW5jaGVdClRoZSBtaXNzaW9uIHNhaWQgW145OTk5OTl7MH1eMDAwMDAwXSBhbmQgeW91IGNvbXBsZXRlZCBpdCE=,,,,,W1RlbmVudGUgTG9maW5jaGVdCkEgbWlzc8OjbyBkaXppYSBbXjk5OTk5OXswfV4wMDAwMDBdIGUgdm9jw6ogYSBjb21wbGV0b3Uh,,W1RlbmllbnRlIExvZmluY2hlXQrCoUxhIG1pc2nDs24gZGVjw61hIFteOTk5OTk5ezB9XjAwMDAwMF0geSBsYSBjb21wbGV0YXN0ZSE=
v1ahDA,W+u2gOq0gCDroZztlYDssrRdCuuztOyImOuhnCA8SVRFTT5b7ISg7YOd7J2YIOyepeuvuF08SU5GTz4yMzUzMzwvSU5GTz48L0lURU0+IDEw6rCc66W8IOyngOq4ie2VtCDrk5zrpqzrj4TroZ0g7ZWY6rKg7Iq164uI64ukLg==,W0xpZXV0ZW5hbnQgTG9maW5jaGVdCkkgd2lsbCBwYXkgeW91IDEwIHVuaXRzIG9mIDxJVEVNPltWb3RlIFJvc2VdPElORk8+MjM1MzM8L0lORk8+PC9JVEVNPiBmb3IgeW91ciB3b3JrLg==,,,,,W1RlbmVudGUgTG9maW5jaGVdClRlIHBhZ2FyZWkgMTAgdW5pZGFkZXMgZGEgPElURU0+W1Jvc2EtZGUtVm90b108SU5GTz4yMzUzMzwvSU5GTz48L0lURU0+IHBlbG8gc2V1IHRyYWJhbGhvLg==,,W1RlbmllbnRlIExvZmluY2hlXQpUZSBwYWdhcsOpIDEwIHVuaWRhZGVzIGRlIGxhIDxJVEVNPltSb3NhIGRlIGxhIEVsZWNjacOzbl08SU5GTz4yMzUzMzwvSU5GTz48L0lURU0+IHBvciB0dSB0cmFiYWpvLg==
wFahDA,W+u2gOq0gCDroZztlYDssrRdCuyEoO2DneydmCDsnqXrr7jripQg67O47JiBIOuCtOyXkOyEnCDsnKDsmqntlZjqsowg7IKs7Jqp7ZWgIOyImCDsnojsnLzri4gg7J6YIO2ZnOyaqe2VtOyjvOyLnOq4uCDrsJTrno3ri4jri6Qu,W0xpZXV0ZW5hbnQgTG9maW5jaGVdClRoZSBWb3RlIFJvc2UgaXMgaGlnaGx5IHJlcXVlc3RlZCBoZXJlIGF0IHRoZSBDYW1wLCBtYWtlIGdvb2QgdXNlIG9mIGl0Lg==,,,,,W1RlbmVudGUgTG9maW5jaGVdCkEgUm9zYS1kZS1Wb3RvIMOpIG11aXRvIHJlcXVpc2l0YWRhIGFxdWkgbm8gQWNhbXBhbWVudG8sIGZhw6dhIGJvbSB1c28u,,W1RlbmllbnRlIExvZmluY2hlXQpMYSBSb3NhIGRlIGxhIEVsZWNjacOzbiBlcyBtdXkgc29saWNpdGFkYSBhcXXDrSBlbiBlbCBDYW1wYW1lbnRvLCBoYXogYnVlbiB1c28gZGUgZWxsYS4=
wVahDA,W+u2gOq0gCDroZztlYDssrRdCuuqheyYiOuhnOyatCDsnoTrrLTsnoXri4jri6QuIOuniOydjOydtCDrsJTrgIzsi5zrqbQg64uk7IucIOyggOyXkOqyjCDrp5DsnYQg6rG47Ja07KO87Iut7Iuc7JikLA==,W0xpZXV0ZW5hbnQgTG9maW5jaGVdCkl0IGlzIGFuIGhvbm9yYWJsZSB0YXNrLiBJZiB5b3UgY2hhbmdlIHlvdXIgbWluZCwgcGxlYXNlIHNwZWFrIHdpdGggbWUgYWdhaW4u,,,,,W1RlbmVudGUgTG9maW5jaGVdCsOJIHVtYSB0YXJlZmEgaG9ucm9zYS4gU2UgbXVkYXIgZGUgaWRlaWEsIHBvciBmYXZvciwgZmFsZSBjb21pZ28gbm92YW1lbnRlLg==,,W1RlbmllbnRlIExvZmluY2hlXQpFcyB1bmEgdGFyZWEgaG9ub3JhYmxlLiAKU2kgY2FtYmlhcyBkZSBvcGluacOzbiwgcG9yIGZhdm9yLCBoYWJsYSBjb25taWdvIG51ZXZhbWVudGUu
wlahDA,67aA6rSAIOyepe2VmOyEsQ==,R2VuZXJhbCBKYW5n,,,,,R2VuZXJhbCBKYW5n,,R2VuZXJhbCBKYW5n
w1ahDA,W+u2gOq0gCDsnqXtlZjshLFdCuyngOq4iOydmCDsi6TroKXsnLzroZzripQg7KGw6riIIOustOumrOyduCDqsoMg6rCZ64Sk7JqULiDsobDquIgg642UIOyEseyepe2VnCDrkqTsl5Ag7Jik7Iuc6ri4IOuwlOuejeuLiOuLpC4=,W0dlbmVyYWwgSmFuZ10KSWYgeW91IHdpc2ggdG8gcGFydGljaXBhdGUgaW4gdGhlIGh1bnQsIHRyYWluIGEgYml0IG1vcmUu,,,,,W0dlbmVyYWwgSmFuZ10KU2Ugdm9jw6ogZGVzZWphIHBhcnRpY2lwYXIgZGEgY2HDp2FkYSwgdHJlaW5lIHVtIHBvdWNvIG1haXMu,,W0dlbmVyYWwgSmFuZ10KU2kgZGVzZWFzIHBhcnRpY2lwYXIgZW4gbGEgY2FjZXLDrWEsIGVudHJlbmEgdW4gcG9jbyBtw6FzLg==
xFahDA,W+u2gOq0gCDsnqXtlZjshLFdCuyViOuFle2VmOyEuOyalC4g66eI7KeA66eJIOyLnO2XmOydhCDri7Tri7ntlZjqs6Ag7J6I64qUIOyepe2VmOyEseydtOudvOqzoCDtlanri4jri6Qu,W0dlbmVyYWwgSmFuZ10KSGVsbG8uIE15IG5hbWUgaXMgSmFuZyBIYS1TZW9uZyBhbmQgSSBhbSByZXNwb25zaWJsZSBmb3IgdGhlIGZpbmFsIHRlc3Qu,,,,,W0dlbmVyYWwgSmFuZ10KT2zDoS4gRXUgbWUgY2hhbW8gSmFuZyBIYS1TZW9uZyBlIHNvdSBhIHJlc3BvbnPDoXZlbCBwZWxvIHRlc3RlIGZpbmFsLg==,,W0dlbmVyYWwgSmFuZ10KSG9sYS4gCk1lIGxsYW1vIEphbmcgSGEtU2VvbmcgeSBzb3kgbGEgcmVzcG9uc2FibGUgZGUgbGEgcHJ1ZWJhIGZpbmFsLg==
xVahDA,W+u2gOq0gCDsnqXtlZjshLFdCuq3uOugh+qyjCDrp47snYAg66qs7Iqk7YSw65Ok7J2EIOyCrOuDpe2VmOyFqOuKlOuNsOuPhCDsoITtmIAg7ZS866Gc7ZWcIOq4sOyDieydtCDsl4bsnLzsi5zqtbDsmpQuIOyii+yKteuLiOuLpC4g6re465+8IOuniOyngOuniSDsi5ztl5jsnYQg65Oc66as64+E66GdIO2VmOyngOyalC4=,W0dlbmVyYWwgSmFuZ10KRXZlbiBhZnRlciBoYXZpbmcgaHVudGVkIHNvIG1hbnkgbW9uc3RlcnMsIHlvdSBkb24ndCBhcHBlYXIgdG8gc2hvdyBzaWducyBvZiBmYXRpZ3VlLg==,,,,,W0dlbmVyYWwgSmFuZ10KTWVzbW8gZGVwb2lzIGRlIHRlciBjYcOnYWRvIHRhbnRvcyBtb25zdHJvcywgdm9jw6ogbsOjbyBhcGFyZW50YSB0ZXIgc2luYWlzIGRlIGZhZGlnYS4=,,W0dlbmVyYWwgSmFuZ10KSW5jbHVzbyBkZXNwdcOpcyBkZSBoYWJlciBjYXphZG8gdGFudG9zIG1vbnN0cnVvcywgbm8gcGFyZWNlcyB0ZW5lciBzaWdub3MgZGUgZmF0aWdhLg==
xlahDA,W+u2gOq0gCDsnqXtlZjshLFdCjUwTHYg7J207IOB7J2YIF40RDRERkbslrTtjKjtmJVeMDAwMDAw7JmAIF40RDRERkbsmqnsobFeMDAwMDAwIOuqrOyKpO2EsOulvCDqsIHqsIEgMzDrp4jrpqzslKkg7IKs64Ol7ZWY6rOgIOyYpOyLnOuptCDrkKnri4jri6Qu,W0dlbmVyYWwgSmFuZ10KSSB3YW50IHlvdSB0byB0YWtlIGNhcmUgb2YgMzAgbW9uc3RlcnMgb2YgdGhlIF40RDRERkZGaXNoXjAwMDAwMCByYWNlIGFuZCAzMCBvZiB0aGUgXjRENERGRkRyYWdvbl4wMDAwMDAgcmFjZSwgYWxsIGFib3ZlIGxldmVsIDUwLg==,,,,,W0dlbmVyYWwgSmFuZ10KUXVlcm8gcXVlIGTDqiBjb250YSBkZSAzMCBtb25zdHJvcyBkYSByYcOnYSBeNEQ0REZGUGVpeGVeMDAwMDAwIGUgMzAgZGEgcmHDp2EgXjRENERGRkRyYWfDo29eMDAwMDAwLCB0b2RvcyBhY2ltYSBkbyBuw612ZWwgNTAu,,W0dlbmVyYWwgSmFuZ10KUXVpZXJvIHF1ZSB0ZSBlbmNhcmd1ZXMgZGUgMzAgbW9uc3RydW9zIGRlIGxhIHJhemEgXjRENERGRlBlel4wMDAwMDAgeSAzMCBkZSBsYSByYXphIF40RDRERkZEcmFnw7NuXjAwMDAwMCwgdG9kb3MgZGUgbml2ZWwgc3VwZXJpb3IgYSA1MC4=
x1ahDA,W+u2gOq0gCDsnqXtlZjshLFdCuuqqOuRkCDsgqzrg6XtlZjqs6Ag64+M7JWE7Jik7Iug64uk66m0IO2KueuzhO2VnCDrs7Tsg4HsnYQg65Oc66as64+E66GdIO2VmOqyoOyKteuLiOuLpC4=,W0dlbmVyYWwgSmFuZ10KSWYgeW91IHJldHVybiBhbGl2ZSwgSSB3aWxsIGdpdmUgeW91IGEgcmV3YXJkIGZvciB0aGUgd29yay4=,,,,,W0dlbmVyYWwgSmFuZ10KU2Ugdm9sdGFyIGNvbSB2aWRhLCBsaGUgZGFyZWkgdW1hIHJlY29tcGVuc2EgcGVsbyB0cmFiYWxoby4=,,W0dlbmVyYWwgSmFuZ10KU2kgcmVncmVzYXMgY29uIHZpZGEsIHRlIGRhcsOpIHVuYSByZWNvbXBlbnNhIHBvciBlbCB0cmFiYWpvLg==
yFahDA,W+u2gOq0gCDsnqXtlZjshLFdCuq3uOufvCDrqrgg7KGw7Ius7Z6IIOuLpOuFgOyYpOyEuOyalH4h,W0dlbmVyYWwgSmFuZ10KVGhlbiwgZ29vZCBsdWNrfiE=,,,,,W0dlbmVyYWwgSmFuZ10KRW50w6NvLCBib2Egc29ydGV+IQ==,,W0dlbmVyYWwgSmFuZ10KRW50b25jZXMsIMKhYnVlbmEgc3VlcnRlfiE=
yVahDA,W+u2gOq0gCDsnqXtlZjshLFdCjUwTHYg7J207IOB7J2YIF40RDRERkbslrTtjKjtmJVeMDAwMDAw6rO8IF40RDRERkbsmqnsobFeMDAwMDAwIOuqrOyKpO2EsOulvCDqsIHqsIEgMzDrp4jrpqzslKkg7IKs64Ol7ZWY6rOgIOyYpOyLnOuptCDrkKnri4jri6Qu,W0dlbmVyYWwgSmFuZ10KSSB3YW50IHlvdSB0byB0YWtlIGNhcmUgb2YgMzAgbW9uc3RlcnMgb2YgdGhlIF40RDRERkZGaXNoXjAwMDAwMCByYWNlIGFuZCAzMCBvZiB0aGUgXjRENERGRkRyYWdvbl4wMDAwMDAgcmFjZSwgYWxsIGFib3ZlIGxldmVsIDUwLg==,,,,,W0dlbmVyYWwgSmFuZ10KUXVlcm8gcXVlIGTDqiBjb250YSBkZSAzMCBtb25zdHJvcyBkYSByYcOnYSBeNEQ0REZGUGVpeGVeMDAwMDAwIGUgMzAgZGEgcmHDp2EgXjRENERGRkRyYWfDo29eMDAwMDAwLCB0b2RvcyBhY2ltYSBkbyBuw612ZWwgNTAu,,W0dlbmVyYWwgSmFuZ10KUXVpZXJvIHF1ZSB0ZSBlbmNhcmd1ZXMgZGUgMzAgbW9uc3RydW9zIGRlIGxhIHJhemEgXjRENERGRlBlel4wMDAwMDAgeSAzMCBkZSBsYSByYXphIF40RDRERkZEcmFnw7NuXjAwMDAwMCwgdG9kb3MgZGUgbml2ZWwgc3VwZXJpb3IgYSA1MC4=
ylahDA,W+u2gOq0gCDsnqXtlZjshLFdCuyhsOyLrO2eiCDri6TrhYDsmKTshLjsmpQh,W0dlbmVyYWwgSmFuZ10KVGhlbiwgZ29vZCBsdWNrfiE=,,,,,W0dlbmVyYWwgSmFuZ10KRW50w6NvLCBib2Egc29ydGV+IQ==,,W0dlbmVyYWwgSmFuZ10KRW50b25jZXMsIMKhYnVlbmEgc3VlcnRlfiE=
y1ahDA,W+u2gOq0gCDsnqXtlZjshLFdCuyCrOuDpeydhCDsnpgg66eI7LmY6rOgIOuPjOyVhOyYpOyFqOq1sOyalC4=,W0dlbmVyYWwgSmFuZ10KV2hhdCBhIG1hcnZlbG91cyBodW50IQ==,,,,,W0dlbmVyYWwgSmFuZ10KUXVlIGNhw6dhZGEgbWFyYXZpbGhvc2Eh,,W0dlbmVyYWwgSmFuZ10KwqFRdcOpIGNhY2Vyw61hIG1hcmF2aWxsb3NhIQ==
zFahDA,W+u2gOq0gCDsnqXtlZjshLFdCuuniOyngOuniSDsi5ztl5jsnYQg66eI7LmY7IWo7Jy864uIIDxOQVZJPlvsp4DtnJjqtIAg64KY642w7KaI64ukXTxJTkZPPnBydF9maWxkMDEsOTgsMTcxLDAsMTAxLDA8L0lORk8+PC9OQVZJPuuLmOyXkOqyjCDqsIDsi5zrqbQg7JmV7IukIOyCrOuDpe2EsCDsnoXsnqXsl5Ag64yA7ZWcIOyViOuCtOulvCDrsJvsnLzsi6Qg7IiYIOyeiOydhOqygeuLiOuLpC4=,W0dlbmVyYWwgSmFuZ10KU2luY2UgeW91IHBhc3NlZCBhbGwgdGhlIHRlc3RzLCByZXR1cm4gdG8gPE5BVkk+W0NvbW1hbmRlciBOYWRlemRhXTxJTkZPPnBydF9maWxkMDEsOTgsMTcxLDAsMTAxLDA8L0lORk8+PC9OQVZJPi4gU2hlIHdpbGwgZ2l2ZSB5b3UgYWNjZXNzIHRvIHRoZSBodW50aW5nIGZpZWxkLg==,,,,,W0dlbmVyYWwgSmFuZ10KQ29tbyB2b2PDqiBwYXNzb3UgZW0gdG9kb3Mgb3MgdGVzdGVzLCByZXRvcm5lIHBhcmEgYSA8TkFWST5bQ29tYW5kYW50ZSBOYWRlemRhXTxJTkZPPnBydF9maWxkMDEsOTgsMTcxLDAsMTAxLDA8L0lORk8+PC9OQVZJPi4gRWxhIHRlIGRhcsOhIGFjZXNzbyBhbyBjYW1wbyBkZSBjYcOnYWRhLg==,,W0dlbmVyYWwgSmFuZ10KQ29tbyBwYXNhc3RlIHRvZGFzIGxhcyBwcnVlYmFzLCByZWdyZXNhIGNvbiBsYSA8TkFWST5bQ29tYW5kYW50ZSBOYWRlemRhXTxJTkZPPnBydF9maWxkMDEsOTgsMTcxLDAsMTAxLDA8L0lORk8+PC9OQVZJPi4gCkVsbGEgdGUgZGFyw6EgYWNjZXNvIGFsIGNhbXBvIGRlIGNhY2Vyw61hLg==
zVahDA,W+u2gOq0gCDsnqXtlZjshLFdCuyVhCwg6re466as6rOgIOuqqO2XmOqwgOuLmOydmCDqsIDrsKkg7JWI7JeQ64qUIDxJVEVNPlvshKDtg53snZgg7J6l66+4XTxJTkZPPjIzNTMzPC9JTkZPPjwvSVRFTT7qsIAg7J6I7J2EIO2FkOuNsOyalCwg7KCA7JeQ6rKMIOqwgOyguOyZgCDso7zsi5zrqbQg7Jes65+s6rCA7KeAIOyDge2SiOycvOuhnCDqtZDtmZjtlbTrk5zrpqzqsqDsirXri4jri6Qu,W0dlbmVyYWwgSmFuZ10KQWghIElmIHlvdSBicmluZyBtZSBhIDxJVEVNPltWb3RlIFJvc2VdPElORk8+MjM1MzM8L0lORk8+PC9JVEVNPiwgSSBjYW4gZXhjaGFuZ2UgaXQgZm9yIGF3ZXNvbWUgcHJpemVzLg==,,,,,W0dlbmVyYWwgSmFuZ10KQWghIFNlIHZvY8OqIHRyb3V4ZXIgdW1hIDxJVEVNPltSb3NhLWRlLVZvdG9dPElORk8+MjM1MzM8L0lORk8+PC9JVEVNPiwgcG9zc28gdHJvY8OhLWxhIHBvciBwcsOqbWlvcyBzdXBpbXBhcy4=,,W0dlbmVyYWwgSmFuZ10KwqFBaCEgU2kgbWUgdHJhZXMgdW5hIDxJVEVNPltSb3NhLWRlbC1Wb3RvXTxJTkZPPjIzNTMzPC9JTkZPPjwvSVRFTT4sIHB1ZWRvIGNhbWJpw6FydGVsYSBwb3IgcHJlbWlvcyBnZW5pYWxlcy4=
zlahDA,W+u2gOq0gCDsnqXtlZjshLFdCuq3uOumrOqzoCDsnbTqsoPsnYAg66eI7KeA66eJIOyLnO2XmOydhCDthrXqs7ztlZwg7J6Q7JeQ6rKMIOyjvOyWtOyngOuKlCDrs7Tsg4HsnoXri4jri6QuIOqzoOyDnSDrp47snLzshajsirXri4jri6Qu,W0dlbmVyYWwgSmFuZ10KSW4gZmFjdCwgSSBhbSBnaXZpbmcgeW91IDEwIGFzIGEgcmV3YXJkLg==,,,,,W0dlbmVyYWwgSmFuZ10KSW5jbHVzaXZlLCBlc3RvdSBkZSBkYW5kbyAxMCBjb21vIHJlY29tcGVuc2Eu,,W0dlbmVyYWwgSmFuZ10KSW5jbHVzbywgdGUgZXN0b3kgZGFuZG8gMTAgY29tbyByZWNvbXBlbnNhLg==
z1ahDA,W+u2gOq0gCDsnqXtlZjshLFdCuyViOuFle2VmOyEuOyalCwg7J2067KIIOyCrOuDpeuMgO2ajOydmCDsg4Htkogg672R6riwIOynhO2WieydgCDsoJzqsIAg7ZWY6riw66GcIO2WiOyKteuLiOuLpC4g7ZuE7ZuELi4uPElURU0+W+yEoO2DneydmCDsnqXrr7hdPElORk8+MjM1MzM8L0lORk8+PC9JVEVNPuulvCDsoIDsl5Dqsowg7KO87Iuc66m0IOyXrOufrOqwgOyngCDsg4HtkojsnLzroZwg6rWQ7ZmY7ZW065Oc66as6rKg7Iq164uI64ukLg==,W0dlbmVyYWwgSmFuZ10KSGVsbG8sIEkgYW0gcmVzcG9uc2libGUgZm9yIHRoZSBwcml6ZSBkcmF3LiBIZWhlLi4uIElmIHlvdSBnaXZlIG1lIDxJVEVNPltWb3RlIFJvc2VdPElORk8+MjM1MzM8L0lORk8+PC9JVEVNPiwgSSB3aWxsIGV4Y2hhbmdlIHRoZW0gZm9yIHZhcmlvdXMgcmFuZG9tIGl0ZW1zLg==,,,,,W0dlbmVyYWwgSmFuZ10KT2zDoSwgZXUgc291IHJlc3BvbnPDoXZlbCBwZWxvIHNvcnRlaW8gZGUgcHLDqm1pb3MuIEhlaGUuLi4gU2Ugdm9jw6ogbWUgZGVyIDxJVEVNPltSb3NhLWRlLVZvdG9dPElORk8+MjM1MzM8L0lORk8+PC9JVEVNPiwgYXMgdHJvY2FyZWkgcG9yIHbDoXJpb3MgaXRlbnMgYWxlYXTDs3Jpb3Mu,,W0dlbmVyYWwgSmFuZ10KSG9sYSwgeW8gc295IHJlc3BvbnNhYmxlIGRlbCBzb3J0ZW8gZGUgcHJlbWlvcy4gCkplamUuLi4gClNpIG1lIGRhcyA8SVRFTT5bUm9zYSBkZSBsYSBFbGVjY2nDs25dPElORk8+MjM1MzM8L0lORk8+PC9JVEVNPiwgbGFzIGNhbWJpYXLDqSBwb3IgdmFyaW9zIMOtdGVtcyBhbGVhdG9yaW9zLg==
0FahDA,W+u2gOq0gCDsnqXtlZjshLFdCuuYkOuKlCDsgqzrg6XtlZjripTrjbAg64+E7JuA7J20IOuQoCDrp4ztlZwg67KE7ZSE66W8IOygnOqzte2VtOuTnOumtCDsiJjrj4Qg7J6I7Jy864uIIOunjuydgCDsnbTsmqkg67aA7YOB65Oc66a964uI64ukLg==,W0dlbmVyYWwgSmFuZ10KQWx0ZXJuYXRpdmVseSwgSSBjYW4gYWxzbyBwcm92aWRlIGJvbnVzZXMgdGhhdCBjYW4gaGVscCBpbiB0aGUgaHVudCwgc28gcGxlYXNlIG1ha2UgZ29vZCB1c2Ugb2YgbXkgc2VydmljZXMu,,,,,W0dlbmVyYWwgSmFuZ10KQWx0ZXJuYXRpdmFtZW50ZSwgdGFtYsOpbSBwb3NzbyBmb3JuZWNlciBiw7RudXMgcXVlIHBvZGVtIGFqdWRhciBuYSBjYcOnYWRhLCBlbnTDo28gcG9yIGZhdm9yLCBmYcOnYSBib20gdXNvIGRvcyBtZXVzIHNlcnZpw6dvcy4=,,W0dlbmVyYWwgSmFuZ10KQWx0ZXJuYXRpdmFtZW50ZSwgdGFtYmnDqW4gcHVlZG8gcHJvcG9yY2lvbmFyIGJvbmlmaWNhY2lvbmVzIHF1ZSBwdWVkZW4gYXl1ZGFyIGVuIGxhIGNhY2Vyw61hLCBhc8OtIHF1ZSBwb3IgZmF2b3IsIGhheiBidWVuIHVzbyBkZSBtaXMgc2VydmljaW9zLg==
0VahDA,W+u2gOq0gCDsnqXtlZjshLFdCuyVhCwg6re466as6rOgIDxJVEVNPlvrm7DslrTrgpwg7IKs64Ol6r687J2YIOymne2RnF08SU5GTz4xMDAwMjM1PC9JTkZPPjwvSVRFTT7rpbwg6rCA7KeA6rOgIOqzhOyLnOuLpOuptCDspp3tkZwgMeqwnOuLuSA8SVRFTT5b7ISg7YOd7J2YIOyepeuvuF08SU5GTz4yMzUzMzwvSU5GTz48L0lURU0+IDPqsJzroZwg6rWQ7ZmY7ZW065Oc66as6rKg7Iq164uI64ukLg==,W0dlbmVyYWwgSmFuZ10KQWghIElmIHlvdSBoYXZlIGFuIDxJVEVNPltIdW50aW5nIEluc2lnbmlhXTxJTkZPPjEwMDAyMzU8L0lORk8+PC9JVEVNPiwgSSB3aWxsIGV4Y2hhbmdlIGl0IGZvciAzIDxJVEVNPltWb3RlIFJvc2VzXTxJTkZPPjIzNTMzPC9JTkZPPjwvSVRFTT4u,,,,,W0dlbmVyYWwgSmFuZ10KQWghIFNlIHZvY8OqIHRpdmVyIHVtYSA8SVRFTT5bSW5zw61nbmlhIGRlIENhw6dhXTxJTkZPPjEwMDAyMzU8L0lORk8+PC9JVEVNPiwgZXUgdHJvY28gcG9yIDMgPElURU0+W1Jvc2FzLWRlLVZvdG9dPElORk8+MjM1MzM8L0lORk8+PC9JVEVNPi4=,,W0dlbmVyYWwgSmFuZ10KwqFBaCEgU2kgdGllbmVzIHVuYSA8SVRFTT5bSW5zaWduaWEgZGUgQ2F6YV08SU5GTz4xMDAwMjM1PC9JTkZPPjwvSVRFTT4sIHlvIGxhIGNhbWJpbyBwb3IgMyA8SVRFTT5bUm9zYSBkZSBsYSBFbGVjY2nDs25dPElORk8+MjM1MzM8L0lORk8+PC9JVEVNPi4=
0lahDA,W+u2gOq0gCDsnqXtlZjshLFdCuustOyXh+ydhCDrj4TsmYDrk5zrprTquYzsmpQ/,W0dlbmVyYWwgSmFuZ10KV2hhdCBkbyB5b3Ugd2lzaD8=,,,,,W0dlbmVyYWwgSmFuZ10KTyBxdWUgdm9jw6ogZGVzZWphPw==,,W0dlbmVyYWwgSmFuZ10Kwr9RdcOpIGRlc2Vhcz8=
01ahDA,672R6riw66W8IOynhO2Wie2VnOuLpC4=,VHJ5IHlvdXIgbHVjaw==,,,,,VGVudGFyIGEgc29ydGU=,,SW50ZW50YXIgbGEgc3VlcnRl
1FahDA,67KE7ZSE66W8IOuwm+uKlOuLpC4=,UmVjZWl2ZSBhIGJvbnVzLg==,,,,,UmVjZWJlciB1bSBiw7RudXMu,,UmVjaWJpciB1bmEgYm9uaWZpY2FjacOzbi4=
1VahDA,7Kad7ZGc66W8IOyEoO2DneydmCDsnqXrr7jroZwg6rWQ7ZmYLg==,Q29udmVydCBJbnNpZ25pYXMu,,,,,Q29udmVydGVyIEluc8OtZ25pYXMu,,Q29udmVydGlyIEluc2lnbmlhcy4=
1lahDA,W+u2gOq0gCDsnqXtlZjshLFdCl40RDRERkbshKDtg53snZgg7J6l66+4IDHqsJzroZwg672R6riwIDHtmoxeMDAwMDAw66W8IOynhO2Wie2VoCDsiJgg7J6I7Iq164uI64ukLCDrvZHquLDrpbwg7KeE7ZaJ7ZWY7Iuc6rKg7Iq164uI6rmMPw==,W0dlbmVyYWwgSmFuZ10KSSB3aWxsIGdpdmUgeW91IGEgXjRENERGRnJhbmRvbSBwcml6ZV4wMDAwMDAgYXQgdGhlIGNvc3Qgb2YgMSA8SVRFTT5bVm90ZSBSb3NlXTxJTkZPPjIzNTMzPC9JTkZPPjwvSVRFTT4sIGRvIHlvdSB3aXNoIHRvIGNvbnRpbnVlPw==,,,,,W0dlbmVyYWwgSmFuZ10KVm91IHRlIGRhciB1bSBeNEQ0REZGcHLDqm1pbyBhbGVhdMOzcmlvXjAwMDAwMCBhbyBjdXN0byBkZSAxIDxJVEVNPltSb3NhLWRlLVZvdG9dPElORk8+MjM1MzM8L0lORk8+PC9JVEVNPiwgcXVlciBjb250aW51YXI/,,W0dlbmVyYWwgSmFuZ10KVGUgZGFyw6kgdW4gXjRENERGRnByZW1pbyBhbGVhdG9yaW9eMDAwMDAwIGFsIGNvc3RvIGRlIDEgPElURU0+W1Jvc2EgZGUgbGEgRWxlY2Npw7NuXTxJTkZPPjIzNTMzPC9JTkZPPjwvSVRFTT4sIMK/cXVpZXJlcyBjb250aW51YXI/
11ahDA,W+u2gOq0gCDsnqXtlZjshLFdCuu9keq4sOulvCDtlZzrsogg642UIOynhO2Wie2VmOyLnOqyoOyKteuLiOq5jD8=,W0dlbmVyYWwgSmFuZ10KRG8geW91IHdpc2ggdG8gY29udGludWUgdHJ5aW5nIHlvdXIgbHVjaz8=,,,,,W0dlbmVyYWwgSmFuZ10KRGVzZWphIGNvbnRpbnVhciB0ZW50YW5kbyBhIHNvcnRlPw==,,W0dlbmVyYWwgSmFuZ10Kwr9EZXNlYXMgY29udGludWFyIGludGVudGFuZG8gbGEgc3VlcnRlPw==
2FahDA,7KeE7ZaJ7ZWc64ukLg==,Q29udGludWUu,,,,,Q29udGludWFyLg==,,Q29udGludWFyLg==
2VahDA,7KeE7ZaJ7ZWY7KeAIOyViuuKlOuLpC4=,U3RvcC4=,,,,,UGFyYXIu,,UGFyYXIu
2lahDA,W+u2gOq0gCDsnqXtlZjshLFdCu2WieyatOydtCDquYPrk5zshajquLDrpbwg67CU656N64uI64ukLg==,W0dlbmVyYWwgSmFuZ10KSSBob3BlIGx1Y2sgaXMgd2l0aCB5b3Uu,,,,,W0dlbmVyYWwgSmFuZ10KRXNwZXJvIHF1ZSBhIHNvcnRlIGVzdGVqYSBjb20gdm9jw6ou,,W0dlbmVyYWwgSmFuZ10KRXNwZXJvIHF1ZSBsYSBzdWVydGUgZXN0w6kgY29udGlnby4=
21ahDA,W+u2gOq0gCDsnqXtlZjshLFdCjxJVEVNPlvshKDtg53snZgg7J6l66+4XTxJTkZPPjIzNTMzPC9JTkZPPjwvSVRFTT7rpbwg6rCA7KeA6rOgIOqzhOyLnOyngCDslYrqtbDsmpQu,W0dlbmVyYWwgSmFuZ10KSXQgc2VlbXMgeW91IGRvbid0IGhhdmUgPElURU0+W1ZvdGUgUm9zZV08SU5GTz4yMzUzMzwvSU5GTz48L0lURU0+Lg==,,,,,W0dlbmVyYWwgSmFuZ10KUGFyZWNlIHF1ZSB2b2PDqiBuw6NvIHRlbSA8SVRFTT5bUm9zYS1kZS1Wb3RvXTxJTkZPPjIzNTMzPC9JTkZPPjwvSVRFTT4u,,W0dlbmVyYWwgSmFuZ10KUGFyZWNlIHF1ZSBubyB0aWVuZXMgPElURU0+W1Jvc2EgZGUgbGEgRWxlY2Npw7NuXTxJTkZPPjIzNTMzPC9JTkZPPjwvSVRFTT4u
3FahDA,W+u2gOq0gCDsnqXtlZjshLFdCuyepeuvuOulvCDslrvqsowg65CY7Iuc66m0IOyCrOuDpeuMgO2ajOqwgCDrgZ3rgpjquLAg7KCE7JeQIOyYpOyFlOyEnCDrvZHquLDrpbwg7KeE7ZaJ7ZWY7Iuc6riw66W8IOuwlOuejeuLiOuLpC4=,W0dlbmVyYWwgSmFuZ10KSSByZWNvbW1lbmQgZG9pbmcgaHVudGluZyBtaXNzaW9ucyB0byBnZXQgbW9yZS4=,,,,,W0dlbmVyYWwgSmFuZ10KUmVjb21lbmRvIGZhemVyIG1pc3PDtWVzIGRlIGNhw6dhZGEgcGFyYSBjb25zZWd1aXIgbWFpcy4=,,W0dlbmVyYWwgSmFuZ10KUmVjb21pZW5kbyBoYWNlciBtaXNpb25lcyBkZSBjYWNlcsOtYSBwYXJhIGNvbnNlZ3VpciBtw6FzLg==
3VahDA,W+u2gOq0gCDsnqXtlZjshLFdCuyepeuvuOulvCDslrvqsowg65CY7Iuc66m0IOyCrOuDpeuMgO2ajOqwgCDrgZ3rgpjquLAg7KCE7JeQIOyYpOyFlOyEnCDrvZHquLDrpbwg7KeE7ZaJ7ZWY7Iuc6ri4IOuwlOuejeuLiOuLpC4=,W0dlbmVyYWwgSmFuZ10KVHJ5IGl0IGF0IGxlYXN0IG9uY2UsIHlvdSB3b24ndCByZWdyZXQgaXQu,,,,,W0dlbmVyYWwgSmFuZ10KRXhwZXJpbWVudGUgcGVsbyBtZW5vcyB1bWEgdmV6LCB2b2PDqiBuw6NvIHZhaSBzZSBhcnJlcGVuZGVyLg==,,W0dlbmVyYWwgSmFuZ10KUHJ1w6liYWxvIGFsIG1lbm9zIHVuYSB2ZXosIG5vIHRlIGFycmVwZW50aXLDoXMu
3lahDA,W+u2gOq0gCDsnqXtlZjshLFdCjxJVEVNPlvshKDtg53snZgg7J6l66+4XTxJTkZPPjIzNTMzPC9JTkZPPjwvSVRFTT4gMeqwnOulvCDso7zsi5zrqbQg7IKs64Ol7JeQIOuPhOybgOydtCDrkJjripQg67KE7ZSE66W8IOygnOqzte2VtOuTnOumrOqyoOyKteuLiOuLpC4=,W0dlbmVyYWwgSmFuZ10KRm9yIDEgPElURU0+W1ZvdGUgUm9zZV08SU5GTz4yMzUzMzwvSU5GTz48L0lURU0+LCBJIGNhbiBndWFyYW50ZWUgYSBzcGVjaWFsIGVmZmVjdCBmb3IgeW91fiE=,,,,,W0dlbmVyYWwgSmFuZ10KUG9yIDEgPElURU0+W1Jvc2EtZGUtVm90b108SU5GTz4yMzUzMzwvSU5GTz48L0lURU0+LCBwb3NzbyBnYXJhbnRpciB1bSBlZmVpdG8gZXNwZWNpYWwgcHJhIHZvY8OqfiE=,,W0dlbmVyYWwgSmFuZ10KUG9yIDEgPElURU0+W1Jvc2EgZGUgbGEgRWxlY2Npw7NuXTxJTkZPPjIzNTMzPC9JTkZPPjwvSVRFTT4sIHB1ZWRvIGdhcmFudGl6YXJ0ZSB1biBlZmVjdG8gZXNwZWNpYWwgcGFyYSB0aX4h
31ahDA,W+u2gOq0gCDsnqXtlZjshLFdCuygnOqzte2VtCDrk5zrprQg7IiYIOyeiOuKlCDrsoTtlITripQgM+yiheulmOqwgCDsnojripTrjbAg7Ja065akIOqyg+ycvOuhnCDshKDtg53tlZjsi5zqsqDslrTsmpQ/,W0dlbmVyYWwgSmFuZ10KVGhlcmUgYXJlIHRocmVlIHR5cGVzIG9mIGJvbnVzZXMgSSBjYW4gcHJvdmlkZS4gV2hpY2ggb25lIHdvdWxkIHlvdSBsaWtlIHRvIGNob29zZT8=,,,,,W0dlbmVyYWwgSmFuZ10KSMOhIHRyw6pzIHRpcG9zIGRlIGLDtG51cyBxdWUgcG9zc28gZm9ybmVjZXIuIFF1YWwgdm9jw6ogZ29zdGFyaWEgZGUgZXNjb2xoZXI/,,W0dlbmVyYWwgSmFuZ10KSGF5IHRyZXMgdGlwb3MgZGUgYm9uaWZpY2FjaW9uZXMgcXVlIHB1ZWRvIHByb3BvcmNpb25hci4gwr9DdcOhbCB0ZSBndXN0YXLDrWEgZWxlZ2lyPw==
4FahDA,7IKs64Ol6r687J2YIO2emA==,SHVudGluZyBQb3dlcg==,,,,,UG9kZXIgZGUgQ2HDp2E=,,UG9kZXIgZGUgQ2F6YQ==
4VahDA,7IKs64Ol6r687J2YIOyngO2YnA==,SHVudGluZyBXaXNkb20=,,,,,U2FiZWRvcmlhIGRlIENhw6dh,,U2FiaWR1csOtYSBkZSBDYXph
4lahDA,7IKs64Ol6r687J2YIOuCoOugte2VqA==,SHVudGluZyBBZ2lsaXR5,,,,,UmFwaWRleiBkZSBDYcOnYQ==,,UmFwaWRleiBkZSBDYXph
41ahDA,W+u2gOq0gCDsnqXtlZjshLFdCuyii+yKteuLiOuLpC4g7J207JW87JWVISE=,W0dlbmVyYWwgSmFuZ10KR3JlYXQgY2hvaWNlISE=,,,,,W0dlbmVyYWwgSmFuZ10KQm9hIGVzY29saGEhIQ==,,W0dlbmVyYWwgSmFuZ10KwqHCoUJ1ZW5hIGVsZWNjacOzbiEh
5FahDA,W+u2gOq0gCDsnqXtlZjshLFdCuq3uOufvCDsobDsi6ztnogg64uk64WA7Jik7Iut7Iuc7JikLg==,W0dlbmVyYWwgSmFuZ10KUGxlYXNlLCB0YWtlIGNhcmUu,,,,,W0dlbmVyYWwgSmFuZ10KUG9yIGZhdm9yLCBjdWlkZS1zZS4=,,W0dlbmVyYWwgSmFuZ10KUG9yIGZhdm9yLCBjdcOtZGF0ZS4=
5VahDA,W+u2gOq0gCDsnqXtlZjshLFdCjxJVEVNPlvshKDtg53snZgg7J6l66+4XTxJTkZPPjIzNTMzPC9JTkZPPjwvSVRFTT7rpbwg6rCA7KeA6rOgIOqzhOyLnOyngCDslYrripTqtbDsmpQsIOyepeuvuOulvCDsp4DssLjtlZjsl6wg7KCA7JeQ6rKMIOyZgCDso7zsi5zquLgg67CU656N64uI64ukLg==,W0dlbmVyYWwgSmFuZ10KWW91IGRvbid0IGhhdmUgMSA8SVRFTT5bVm90ZSBSb3NlXTxJTkZPPjIzNTMzPC9JTkZPPjwvSVRFTT4u,,,,,W0dlbmVyYWwgSmFuZ10KVm9jw6ogbsOjbyB0ZW0gMSA8SVRFTT5bUm9zYS1kZS1Wb3RvXTxJTkZPPjIzNTMzPC9JTkZPPjwvSVRFTT4u,,W0dlbmVyYWwgSmFuZ10KTm8gdGllbmVzIDEgPElURU0+W1Jvc2EgZGUgbGEgRWxlY2Npw7NuXTxJTkZPPjIzNTMzPC9JTkZPPjwvSVRFTT4u
5lahDA,W+u2gOq0gCDsnqXtlZjshLFdCu2VnCDrsojsl5Ag7Kad7ZGc66W8IOy1nOuMgCAxMOqwnOq5jOyngCDqtZDtmZjtlbTrk5zrprQg7IiYIOyeiOyKteuLiOuLpC4g66qHIOqwnOulvCDqtZDtmZjtlZjsi5zqsqDsirXri4jquYw/,W0dlbmVyYWwgSmFuZ10KWW91IGNhbiBleGNoYW5nZSB1cCB0byAxMCBIdW50aW5nIEluc2lnbmlhcyBhdCBhIHRpbWUuIEhvdyBtYW55IGRvIHlvdSB3aXNoIHRvIGV4Y2hhbmdlPyBQbGVhc2UgZW50ZXIgYSBudW1iZXIgZnJvbSAxIHRvIDEwLg==,,,,,W0dlbmVyYWwgSmFuZ10KVm9jw6ogcG9kZSB0cm9jYXIgYXTDqSAxMCBJbnPDrWduaWFzIGRlIENhw6dhIHBvciB2ZXouIFBvciBxdWFudGFzIGRlc2VqYSB0cm9jYXI/IFBvciBmYXZvciBkaWdpdGUgdW0gbsO6bWVybyBkZSAxIGEgMTAu,,W0dlbmVyYWwgSmFuZ10KUHVlZGVzIGNhbWJpYXIgaGFzdGEgMTAgSW5zaWduaWFzIGRlIENhemEgYSBsYSB2ZXouIArCv1BvciBjdcOhbnRhcyBkZXNlYXMgY2FtYmlhcj8gClBvciBmYXZvciwgZGlnaXRhIHVuIG7Dum1lcm8gZGVsIDEgYWwgMTAu
51ahDA,W+u2gOq0gCDsnqXtlZjshLFdCuq1kO2ZmOydtCDtlYTsmpTtlZjrqbQg7KCA66W8IOywvuyVhOyZgCDso7zshLjsmpQu,W0dlbmVyYWwgSmFuZ10KSWYgeW91IGNoYW5nZSB5b3VyIG1pbmQsIGNvbWUgYmFjayB0byBzcGVhayB3aXRoIG1lLg==,,,,,W0dlbmVyYWwgSmFuZ10KU2UgbXVkYXIgZGUgaWRlaWEsIHZvbHRlIGEgZmFsYXIgY29taWdvLg==,,W0dlbmVyYWwgSmFuZ10KU2kgY2FtYmlhcyBkZSBvcGluacOzbiwgdnVlbHZlIGEgaGFibGFyIGNvbm1pZ28u
6FahDA,W+u2gOq0gCDsnqXtlZjshLFdCuymne2RnOqwgCDrtoDsobHtlanri4jri6QuIOqwgOuwqSDslYjsnYQg7LK07YGs7ZW067O07Iuc6rKg7Ja07JqUPw==,W0dlbmVyYWwgSmFuZ10KWW91IGRvbid0IGhhdmUgZW5vdWdoIEh1bnRpbmcgSW5zaWduaWFzIGZvciB0aGF0IGFtb3VudCBvZiBleGNoYW5nZXMu,,,,,W0dlbmVyYWwgSmFuZ10KVm9jw6ogbsOjbyB0ZW0gSW5zZ8OtbmlhcyBkZSBDYcOnYSBzdWZpY2llbnRlcyBwYXJhIGVzc2EgcXVhbnRpZGFkZSBkZSB0cm9jYXMu,,W0dlbmVyYWwgSmFuZ10KTm8gdGllbmVzIEluc2lnbmlhcyBkZSBDYXphIHN1ZmljaWVudGVzIHBhcmEgZXNhIGNhbnRpZGFkIGRlIGNhbWJpb3Mu
6VahDA,W+u2gOq0gCDsnqXtlZjshLFdCjHrtoDthLAgMTAg7IKs7J207J2YIOyIq+yekOulvCDsnoXroKXtlbTso7zshLjsmpQu,W0dlbmVyYWwgSmFuZ10KUGxlYXNlIGVudGVyIGEgbnVtYmVyIGZyb20gMSB0byAxMC4=,,,,,W0dlbmVyYWwgSmFuZ10KUG9yIGZhdm9yIGRpZ2l0ZSB1bSBuw7ptZXJvIGRlIDEgYSAxMC4=,,W0dlbmVyYWwgSmFuZ10KUG9yIGZhdm9yLCBkaWdpdGEgdW4gbsO6bWVybyBkZWwgMSBhbCAxMC4=
6lahDA,W+u2gOq0gCDsnqXtlZjshLFdCuyekCwg7Jes6riwIDxJVEVNPlvshKDtg53snZgg7J6l66+4XTxJTkZPPjIzNTMzPC9JTkZPPjwvSVRFTT7roZwg6rWQ7ZmY7ZW065Oc66C47Iq164uI64ukLg==,W0dlbmVyYWwgSmFuZ10KSSBleGNoYW5nZWQgdGhlIGluc2lnbmlhcyBmb3IgdGhlIDxJVEVNPltWb3RlIFJvc2VdPElORk8+MjM1MzM8L0lORk8+PC9JVEVNPi4=,,,,,W0dlbmVyYWwgSmFuZ10KVHJvcXVlaSBhcyBpbnPDrWduaWFzIHBlbGEgPElURU0+W1Jvc2EtZGUtVm90b108SU5GTz4yMzUzMzwvSU5GTz48L0lURU0+Lg==,,W0dlbmVyYWwgSmFuZ10KQ2FtYmnDqSBsYXMgaW5zaWduaWFzIHBvciBsYSA8SVRFTT5bUm9zYSBkZSBsYSBFbGVjY2nDs25dPElORk8+MjM1MzM8L0lORk8+PC9JVEVNPi4=
61ahDA,W+u2gOq0gCDsnqXtlZjshLFdCuyCrOuDpSDrjIDtmozsl5Ag7LC46rCA7ZWY6rOgIOyLtuycvOyLnOuLpOuptCDshKDtlokg7Iuc7ZeY65Ok7J2EIOuqqOuRkCDthrXqs7ztlZjsi6Ag65Kk7JeQIOyggOyXkOqyjCDsmKTsi5zrqbQg65Cp64uI64ukLg==,W0dlbmVyYWwgSmFuZ10KQXJlIHlvdSBpbnRlcmVzdGVkIGluIHRoZSBSb3lhbCBIdW50Pw==,,,,,W0dlbmVyYWwgSmFuZ10KVm9jw6ogc2UgaW50ZXJlc3NvdSBwZWxhIENhw6dhZGEgUmVhbD8=,,W0dlbmVyYWwgSmFuZ10Kwr9UZSBpbnRlcmVzw7MgbGEgQ2FjZXLDrWEgUmVhbD8=
7FahDA,W+u2gOq0gCDsnqXtlZjshLFdCuyVhOyngSDsi5ztl5jsnYQg67Cb7KeAIOyViuycvOyFqOuLpOuptCA8TkFWST5b7KeA7ZyY6rSAIOuCmOuNsOymiOuLpF08SU5GTz5wcnRfZmlsZDAxLDk4LDE3MSwwLDEwMSwwPC9JTkZPPjwvTkFWST7ri5jsnYQg7LC+7JWE6rCAIOuztOyEuOyalC4=,W0dlbmVyYWwgSmFuZ10KVG8gcGFydGljaXBhdGUgaW4gdGhlIGV2ZW50LCBJIHN1Z2dlc3QgeW91IHNwZWFrIHdpdGggPE5BVkk+W0NvbW1hbmRlciBOYWRlemRhXTxJTkZPPnBydF9maWxkMDEsOTgsMTcxLDAsMTAxLDA8L0lORk8+PC9OQVZJPi4=,,,,,W0dlbmVyYWwgSmFuZ10KUGFyYSBwYXJ0aWNpcGFyIGRvIGV2ZW50bywgc3VnaXJvIHF1ZSBmYWxlIGNvbSBhIDxOQVZJPltDb21hbmRhbnRlIE5hZGV6ZGFdPElORk8+cHJ0X2ZpbGQwMSw5OCwxNzEsMCwxMDEsMDwvSU5GTz48L05BVkk+Lg==,,W0dlbmVyYWwgSmFuZ10KUGFyYSBwYXJ0aWNpcGFyIGVuIGVsIGV2ZW50bywgdGUgc3VnaWVybyBxdWUgaGFibGVzIGNvbiBsYSA8TkFWST5bQ29tYW5kYW50ZSBOYWRlemRhXTxJTkZPPnBydF9maWxkMDEsOTgsMTcxLDAsMTAxLDA8L0lORk8+PC9OQVZJPi4=
7VahDA,7Iqk7ZS87Lm0IOuEpOumrOyasOyKpA==,U3BpY2EgTmVyaXVz,,,,,U3BpY2EgTmVyaXVz,,U3BpY2EgTmVyaXVz
7lahDA,W+yKpO2UvOy5tCDrhKTrpqzsmrDsiqRdCuyYpOuenOunjOydtOuEpCwgezB9LiDsl6zquLDshJwg64uk7IucIOuztOumrOudvOqzoOuKlCDsg53qsIHtlojsp4Drp4wg7J2067KI7JeQ64+EIOygleunkCDrp4zrgqAg7KSE7J207JW8Lg==,W1NwaWNhIE5lcml1c10KSXQncyBhIHBsZWFzdXJlIHRvIHNlZSB5b3UgYWdhaW4sIHswfS4=,,,,,W1NwaWNhIE5lcml1c10Kw4kgdW0gcHJhemVyIHJldmVyIHZvY8OqLCB7MH0u,,W1NwaWNhIE5lcml1c10KRXMgdW4gcGxhY2VyIHZvbHZlciBhIHZlcnRlLCB7MH0u
71ahDA,7JWI67aA66W8IOusu+uKlOuLpC4=,SG93IGFyZSB5b3U/,,,,,Q29tbyB2b2PDqiBlc3TDoT8=,,wr9Dw7NtbyBlc3TDoXM/
8FahDA,7Yq567OE7ZWcIOy5tOuTnOulvCDqtZDtmZjtlZzri6Qu,RXhjaGFuZ2UgQXV0b2dyYXBoZWQgQ2FyZC4=,,,,,VHJvY2FyIENhcnRhIEF1dMOzZ3JhZm8u,,Q2FtYmlhciBDYXJ0YSBGaXJtYWRhLg==
8VahDA,W+yKpO2UvOy5tCDrhKTrpqzsmrDsiqRdCu2WieyCrOyXkCDsg53qsIHrs7Tri6Qg7KeA7JuQ7J6Q6rCAIOyggeyWtOyEnCDrp5DsnbTsp4AuCuyZleqwgOydmCDtlonsgqzqsIAg6rWs7IOJ7J2EIOunnuy2lOyngCDrqrvtlZjripQg6rKD64+EIOybkO2VmOyngCDslYrripQg67CU7J2064uILCDsnbQg66q47J20IOuEpOumrOyasOyKpCDqsIDsnZgg64yA7ZGc66GcIOywuOyEne2VmOyYgOuEpC4=,W1NwaWNhIE5lcml1c10KSSBhbSB3ZWxsLCB0aGFuayB5b3UgZm9yIGFza2luZy4KVGhlIHJveWFsIGh1bnRzIHNlcnZlIHRvIGJyaW5nIHRoZSByb3lhbCBmYW1pbHkgY2xvc2VyIHRvIHRoZSBjb21tb24gcGVvcGxlLg==,,,,,W1NwaWNhIE5lcml1c10KRXN0b3UgYmVtLCBvYnJpZ2FkYSBwb3IgcGVyZ3VudGFyLgpBcyBjYcOnYWRhcyByZWFpcyBzZXJ2ZW0gcGFyYSBhcHJveGltYXIgYSBmYW3DrWxpYSByZWFsIGRhIHBsZWJlLg==,,W1NwaWNhIE5lcml1c10KRXN0b3kgYmllbiwgZ3JhY2lhcyBwb3IgcHJlZ3VudGFyLgpMYXMgY2FjZXLDrWFzIHJlYWxlcyBzaXJ2ZW4gcGFyYSBhY2VyY2FyIGEgbGEgZmFtaWxpYSByZWFsIGNvbiBlbCBwdWVibG8u
8lahDA,W+yKpO2UvOy5tCDrhKTrpqzsmrDsiqRdCuydtOufsCDtlonsgqzsl5Ag64KY7Jik64qUIOqyg+ydhCDrgrQg67CY7Kq97J20IOyerOuvuOyeiOyWtO2VmOq4sOuPhCDtlZjqs6Ag66eQ7J207JW8Lg==,W1NwaWNhIE5lcml1c10KSSBhbSB0aGUgcmVwcmVzZW50YXRpdmUgb2YgdGhlIE5lcml1cyBmYW1pbHksIGJ1dCBteSB0d2luIHNpc3RlciBpcyBhbHNvIGhlcmUu,,,,,W1NwaWNhIE5lcml1c10KRXUgc291IGEgcmVwcmVzZW50YW50ZSBkYSBmYW3DrWxpYSBOZXJpdXMsIG1hcyBtaW5oYSBpcm3DoyBnw6ptZWEgZXN0w6EgYXF1aSB0YW1iw6ltLg==,,W1NwaWNhIE5lcml1c10KWW8gc295IGxhIHJlcHJlc2VudGFudGUgZGUgbGEgZmFtaWxpYSBOZXJpdXMsIHBlcm8gbWkgaGVybWFuYSBnZW1lbGEgdGFtYmnDqW4gZXN0w6EgYXF1w60u
81ahDA,W+yKpO2UvOy5tCDrhKTrpqzsmrDsiqRdCuyekeuFhOunjO2BvCDsnZjsmpXsnbQg64SY7LOQIOuztOydtOyngOuKlCDslYrripTri6Trp4wuLiDtm4Ttm4Qu,W1NwaWNhIE5lcml1c10KU2hlIGRvZXNuJ3Qgc2VlbSB0byBiZSBhcyBmb2N1c2VkIG9uIHRoZSBodW50Lg==,,,,,W1NwaWNhIE5lcml1c10KRWxhIHBhcmVjZSBuw6NvIGVzdGFyIHTDo28gY29uY2VudHJhZGEgbmEgY2HDp2FkYSBhc3NpbS4=,,W1NwaWNhIE5lcml1c10KRWxsYSBwYXJlY2Ugbm8gZXN0YXIgdGFuIGNvbmNlbnRyYWRhIGVuIGxhIGNhY2Vyw61hLg==
9FahDA,7Iqk7YKk7JWEIDog64K0LCDrgrTqsIAg662QIOyWtOuWu+uLpOqzoCDqt7jrnpgh,U2tpYTogQWguLi4gTmloaWwuLi4=,,,,,U2tpYTogQWguLi4gTmloaWwuLi4=,,U2tpYTogQWguLi4gTmloaWwuLi4=
9VahDA,W+yKpO2UvOy5tCDrhKTrpqzsmrDsiqRdCuyVhOustO2KvCDsppDquLDrj4TroZ0g7ZWY7Iuc6rKMLiB7MH0g64uYLiDsnbTqsbQg64u57Iug6rO8IOqwmeydgCDsnbTrk6TsnYQg7JyE7ZW0IOykgOu5hOuQnCDtlonsgqzsnbTri4gu,W1NwaWNhIE5lcml1c10KV2VsbCwgezB9LiBIYXZlIGZ1biBpbiB0aGUgaHVudCwgd2UgcHJlcGFyZWQgdGhpcyBldmVudCBmb3IgcGVvcGxlIGxpa2UgeW91Lg==,,,,,W1NwaWNhIE5lcml1c10KQm9tLCB7MH0uIERpdmlydGEtc2UgbmEgY2HDp2FkYSwgcHJlcGFyYW1vcyBlc3NlIGV2ZW50byBwYXJhIHBlc3NvYXMgY29tbyB2b2PDqi4=,,W1NwaWNhIE5lcml1c10KQnVlbm8sIHswfS4gRGl2acOpcnRldGUgZW4gbGEgY2FjZXLDrWEsIHByZXBhcmFtb3MgZXN0ZSBldmVudG8gcGFyYSBwZXJzb25hcyBjb21vIHTDui4=
9lahDA,W+yKpO2UvOy5tCDrhKTrpqzsmrDsiqRdCuyGkOuPhCDrrLTqsoHqs6AsIOuniOydjOuPhCDrrLTqsoHqtbAuIOustOyKqCDqs6Drr7zsnbTrnbzrj4Qg7J6I64qU6rCAPw==,W1NwaWNhIE5lcml1c10KWW91ciBoYW5kIGlzIGhlYXZ5LCBhbmQgeW91ciBoZWFydCBzZWVtcyBoZWF2eSB0b28uIEFyZSB5b3Ugd29ycmllZCBhYm91dCBzb21ldGhpbmc/,,,,,W1NwaWNhIE5lcml1c10KU3VhIG3Do28gZXN0w6EgcGVzYWRhLCBlIHNldSBjb3Jhw6fDo28gcGFyZWNlIHBlc2FkbyB0YW1iw6ltLiBFc3TDoSBwcmVvY3VwYWRvIGNvbSBhbGdvPw==,,W1NwaWNhIE5lcml1c10KVHUgbWFubyBlc3TDoSBwZXNhZGEsIHkgdHUgY29yYXrDs24gcGFyZWNlIHBlc2FkbyB0YW1iacOpbi4gCsK/RXN0w6FzIHByZW9jdXBhZG8gcG9yIGFsZ28/
91ahDA,W+yKpO2UvOy5tCDrhKTrpqzsmrDsiqRdCuuniOydjOydgCDri7nsnqUg6rCA67ON6rKMIO2VoCDsiJgg7JeG6rKg7KeA66eMIOyGkOydgCDtlaAg7IiYIOyeiOqyoOyngC4g6riw67aEIOyghO2ZmCDsgrzslYQg7KKAIOygleumrO2VmOqzoCDri6Tsi5wg7Jik6rKMLg==,W1NwaWNhIE5lcml1c10KSSBmZWVsIGEgd2VpZ2h0IGNvbWluZyBmcm9tIGluc2lkZSB5b3VyIGhlYXJ0LiBJc24ndCBpdCBiZXR0ZXIgdG8gcmVsaWV2ZSB0aGF0IGVtb3Rpb25hbCBidXJkZW4/,,,,,W1NwaWNhIE5lcml1c10KRXUgc2ludG8gdW0gcGVzbyB2aW5kbyBkZSBkZW50cm8gZG8gc2V1IGNvcmHDp8Ojby4gTsOjbyDDqSBtZWxob3IgYWxpdmlhciBlc3NhIGNhcmdhIGVtb2Npb25hbD8=,,W1NwaWNhIE5lcml1c10KU2llbnRvIHVuIHBlc28gdmluaWVuZG8gZGVzZGUgZGVudHJvIGRlIHR1IGNvcmF6w7NuLiAKwr9ObyBlcyBtZWpvciBhbGl2aWFyIGVzYSBjYXJnYSBlbW9jaW9uYWw/
+FahDA,IC0g6rCA67Cp7J20IOqwgOuTnSDssLzsirXri4jri6QuIOqwgOuwqeydhCDruYTsmrDqs6Ag64uk7IucIOunkOydhCDqsbjslrQg7KO87IS47JqULiAt,LSBFbXB0eSB5b3VyIGludmVudG9yeSB0byBjb250aW51ZS4gLQ==,,,,,LSBFc3ZhemllIHNldSBpbnZlbnTDoXJpbyBwYXJhIGNvbnRpbnVhci4gLQ==,,LSBWYWPDrWEgdHUgaW52ZW50YXJpbyBwYXJhIGNvbnRpbnVhci4gLQ==
+VahDA,W+yKpO2UvOy5tCDrhKTrpqzsmrDsiqRdCuuCtCDsnbTrpoTsnYQg7IOI6ri0IOy5tOuTnOulvCAxMDDsnqUg66qo7JWEIOqwgOyguOyZlOq1sC4g7JuQ7ZWc64uk66m0IO2KueuzhO2VnCDsubTrk5wgMeyepeycvOuhnCDrsJTqv5Tso7zqsqDrhKQu,W1NwaWNhIE5lcml1c10KSWYgeW91IGJyaW5nIG1lIDEwMCBvZiBteSBhdXRvZ3JhcGhzLCBJIGNhbiBnaXZlIHlvdSAxIENhcmQgd2l0aCBteSBuYW1lLg==,,,,,W1NwaWNhIE5lcml1c10KU2Ugdm9jw6ogbWUgdHJvdXhlciAxMDAgQ2FydGEgQXV0w7NncmFmb3MgbWV1cywgcG9zc28gdGUgZGFyIDEgQ2FydGEgY29tIG8gbWV1IG5vbWUu,,W1NwaWNhIE5lcml1c10KU2kgbWUgdHJhZXMgMTAwIENhcnRhIEZpcm1hZGFzIG3DrWFzLCBwdWVkbyBkYXJ0ZSAxIENhcnRhIGNvbiBtaSBub21icmUu
+lahDA,7IKs7JaR7ZWc64ukLg==,UmVmdXNlLg==,,,,,UmVjdXNhci4=,,UmVjaGF6YXIu
+1ahDA,7JqU7LKt7ZWc64ukLg==,RXhjaGFuZ2UgMTAwIGF1dG9ncmFwaHMu,,,,,VHJvY2FyIDEwMCBhdXTDs2dyYWZvcy4=,,Q2FtYmlhciAxMDAgQ2FydGEgRmlybWFkYXMu
/FahDA,W+yKpO2UvOy5tCDrhKTrpqzsmrDsiqRdCuqwmeydgCDsubTrk5zrpbwg67Cx66qHIOyepeyUqSDqsIDsp4Dqs6Ag64uk64uQIO2VhOyalOqwgCDrrLTsl4fsnbjsp4Ag66qo66W06rKg6rWwLiDrrZAsIOyVjOyVmOuEpC4=,W1NwaWNhIE5lcml1c10KSSBkb24ndCBrbm93IHdoeSB5b3UgbmVlZCAxMDAgb2YgbXkgYXV0b2dyYXBocywgYnV0Li4uIGl0J3Mgb2theSwgcmlnaHQ/,,,,,W1NwaWNhIE5lcml1c10KTsOjbyBzZWkgcG9ycXVlIHZvY8OqIHByZWNpc2EgZGUgMTAwIGF1dMOzZ3JhZm9zIG1ldXMsIG1hcy4uLiB0dWRvIGJlbSwgbsOpPw==,,W1NwaWNhIE5lcml1c10KTm8gc8OpIHBvciBxdcOpIG5lY2VzaXRhcyAxMDAgQ2FydGEgZmlybWFkYXMgcG9yIG3DrSwgcGVyby4uLiBlc3TDoSBiaWVuLCDCv25vPw==
/VahDA,W+yKpO2UvOy5tCDrhKTrpqzsmrDsiqRdCuydtCDsubTrk5zripQgezB9IOuLmOydtCDslZ7snLzroZwg7Jes7ZaJ7ZWY64qUIOuNsCDrj4Tsm4DsnbQg65CY64+E66GdIOyhsOq4iCDshpDsnYQg7I2oIOuRkOyXiOuEpC4K662QLCDqt7jsoIAg7J2066aE66eMIOyDiOqyqOynhCDsubTrk5zroZzripQg7JWE7Im97KeAIOyViuqyoOuCmD8=,W1NwaWNhIE5lcml1c10KSSBleGNoYW5nZWQgdGhlIGF1dG9ncmFwaHMgZm9yIHlvdSwgezB9LgpJIHRoYW5rIHlvdSBmcm9tIHRoZSBib3R0b20gb2YgbXkgaGVhcnQu,,,,,W1NwaWNhIE5lcml1c10KVHJvcXVlaSBvcyBhdXTDs2dyYWZvcyBwcmEgdm9jw6osIHswfS4KQWdyYWRlw6dvIGRvIGZ1bmRvIGRvIG1ldSBjb3Jhw6fDo28u,,W1NwaWNhIE5lcml1c10KQ2FtYmnDqSBsYXMgQ2FydGFzIEZpcm1hZGFzIHBhcmEgdGksIHswfS4KVGUgYWdyYWRlemNvIGRlc2RlIGVsIGZvbmRvIGRlIG1pIGNvcmF6w7NuLg==
/lahDA,W+yKpO2UvOy5tCDrhKTrpqzsmrDsiqRdCuyeoOq5kCwg64K0IOuIiOydgCDtlLztlaAg7IiYIOyXhuyngC4g7Lm065Oc6rCAIOu2gOyhse2VmOyngCDslYrrgpguIO2VhOyalO2VnCDsiJjrn4nsnYAgMTAw7J6l7J2064SkLg==,W1NwaWNhIE5lcml1c10KWW91IGRvbid0IGhhdmUgMTAwIGF1dG9ncmFwaHMgd2l0aCBteSBuYW1lLiBCZXR0ZXIgY2hlY2sgYWdhaW4u,,,,,W1NwaWNhIE5lcml1c10KVm9jw6ogbsOjbyB0ZW0gMTAwIGF1dMOzZ3JhZm9zIGNvbSBtZXUgbm9tZS4gTWVsaG9yIHZlcmlmaWNhciBub3ZhbWVudGUu,,W1NwaWNhIE5lcml1c10KTm8gdGllbmVzIDEwMCBDYXJ0YXMgRmlybWFkYXMgY29uIG1pIG5vbWJyZS4gCk1lam9yIHZlcmlmaWNhIG51ZXZhbWVudGUu
/1ahDA,W+yKpO2UvOy5tCDrhKTrpqzsmrDsiqRdCuuCtCDsnbTrpoTsnbQg7IOI6rKo7KeEIOy5tOuTnOulvCAxMDDsnqUg6rCA7KC47Jik66m0IOyigOuNlCDtirnrs4TtlZwg7Lm065Oc66GcIOuwlOq+uOyWtCDso7zqsqDrhKQuIOyngOq4iOydgCDsiJjrn4nsnbQg66qo7J6Q65286rWwLg==,W1NwaWNhIE5lcml1c10KSWYgeW91IGJyaW5nIG1lIDEwMCBvZiBteSBhdXRvZ3JhcGhzLCBJIGNhbiBnaXZlIHlvdSAxIENhcmQgd2l0aCBteSBuYW1lLiBZb3UgZG9uJ3QgaGF2ZSBlbm91Z2ggYXQgdGhlIG1vbWVudC4=,,,,,W1NwaWNhIE5lcml1c10KU2Ugdm9jw6ogbWUgdHJvdXhlciAxMDAgQ2FydGEgQXV0w7NncmFmb3MgbWV1cywgcG9zc28gdGUgZGFyIDEgQ2FydGEgY29tIG8gbWV1IG5vbWUuIFZvY8OqIG7Do28gdGVtIG8gc3VmaWNpZW50ZSBubyBtb21lbnRvLg==,,W1NwaWNhIE5lcml1c10KU2kgbWUgdHJhZXMgMTAwIENhcnRhIEZpcm1hZGFzIG3DrWFzLCBwdWVkbyBkYXJ0ZSAxIENhcnRhIGNvbiBtaSBub21icmUuIApObyB0aWVuZXMgc3VmaWNpZW50ZSBlbiBlc3RlIG1vbWVudG8u
AFehDA,7Iqk7YKk7JWEIOuEpOumrOyasOyKpA==,U2tpYSBOZXJpdXM=,,,,,U2tpYSBOZXJpdXM=,,U2tpYSBOZXJpdXM=
AVehDA,W+yKpO2CpOyVhCDrhKTrpqzsmrDsiqRdCuuEpOumrOyasOyKpCDqsIDsnZgg7Iqk7YKk7JWE7J6F64uI64ukLg==,W1NraWEgTmVyaXVzXQpJIGFtIFNraWEgb2YgdGhlIE5lcml1cyBmYW1pbHku,,,,,W1NraWEgTmVyaXVzXQpFdSBzb3UgU2tpYSBkYSBmYW3DrWxpYSBOZXJpdXMu,,W1NraWEgTmVyaXVzXQpZbyBzb3kgU2tpYSBkZSBsYSBmYW1pbGlhIE5lcml1cy4=
AlehDA,W+yKpO2CpOyVhCDrhKTrpqzsmrDsiqRdCuyViOuFle2VmOyEuOyalCEg7Jik656c66eM7J207JeQ7JqUIOuqqO2XmOqwgOuLmC4g7IKs64Ol64yA7ZqM66W8IOymkOq4sOqzoCDqs4Tsi6DqsIDsmpQ/CuyggOuPhCDsppDqsoHri7Xri4jri6Qh,W1NraWEgTmVyaXVzXQpJIGFtIHdlbGwsIGFuZCB5b3U/CkFyZSB5b3UgaGF2aW5nIGZ1biB3aXRoIHRoZSBodW50cz8=,,,,,W1NraWEgTmVyaXVzXQpWb3UgYmVtIGUgdm9jw6o/CkVzdMOhIHNlIGRpdmVydGluZG8gY29tIGFzIGNhw6dhZGFzPw==,,W1NraWEgTmVyaXVzXQpFc3RveSBiaWVuLCDCv3kgdMO6PwrCv1RlIGVzdMOhcyBkaXZpcnRpZW5kbyBjb24gbGFzIGNhY2Vyw61hcz8=
A1ehDA,W+yKpO2CpOyVhCDrhKTrpqzsmrDsiqRdCuuztOyFqOuCmOyalD8g7J2067KI7JeQ64+EIOyggOulvCDsnITtlZwg7Lm065Oc6rCAIOunjOuTpOyWtOyhjOuLteuLiOuLpC4K7JWELCDsoIDrpbwg7JyE7ZaI64uk6riw67O064uk64qUIOuqqO2XmOqwgOuLmOydhCDsnITtlZzri6TripQg6rKMIOunnuyngOunjOyalCEg7ZWY7KeA66eMIOyggOulvCDsnITtlZwg6rKD64+EIOunnuyngOyalCE=,W1NraWEgTmVyaXVzXQpEaWQgeW91IHNlZT8KVGhleSBtYWRlIGEgY2FyZCB3aXRoIG15IHBpY3R1cmUh,,,,,W1NraWEgTmVyaXVzXQpWb2PDqiB2aXU/CkZpemVyYW0gdW1hIGNhcnRhIGNvbSBhIG1pbmhhIGZvdG8h,,W1NraWEgTmVyaXVzXQrCv1Zpc3RlPwrCoUhpY2llcm9uIHVuYSBjYXJ0YSBjb24gbWkgZm90byE=
BFehDA,W+yKpO2CpOyVhCDrhKTrpqzsmrDsiqRdCuyVhOustO2KvCDsoJwg7Lm065Oc64+EIOustOyymSDsmIjsgZjri7Xri4jri6QhCuyggOuKlCDtlZwg7J6l7JSpIOuwm+yVhCDrkZDsl4jslrTsmpQuIOyGjOyngO2SiOyXkCDrgbzsm4zshJwg6rCA7KeA6rOgIOuLpOuLkCDqsbDrno3ri4jri6Qu,W1NraWEgTmVyaXVzXQpJdCdzIG5vdCBteSBiZXN0IGFuZ2xlLCBidXQKc3RpbGwsIGl0J3MgYSBwcmV0dHkgcGljdHVyZS4=,,,,,W1NraWEgTmVyaXVzXQpOw6NvIMOpIG8gbWV1IG1lbGhvciDDom5ndWxvLCBtYXMKYWluZGEgYXNzaW0sIMOpIHVtYSBmb3RvIGJvbml0YS4=,,W1NraWEgTmVyaXVzXQpObyBlcyBtaSBtZWpvciDDoW5ndWxvLCBwZXJvCmF1biBhc8OtLCBlcyB1bmEgZm90byBib25pdGEu
BVehDA,W+yKpO2CpOyVhCDrhKTrpqzsmrDsiqRdCuq3uOumrOqzoOKApg==,W1NraWEgTmVyaXVzXQpJIGFtIHByZXR0aWVyIHRoYW4gbXkgc2lzdGVyIGFuZC4uLg==,,,,,W1NraWEgTmVyaXVzXQpFdSBzb3UgbWFpcyBib25pdGEgcXVlIGEgbWluaGEgaXJtw6MgZS4uLg==,,W1NraWEgTmVyaXVzXQpZbyBzb3kgbcOhcyBib25pdGEgcXVlIG1pIGhlcm1hbmEgeS4uLg==
BlehDA,7Iqk7ZS87Lm0IDog7Z2gLCDtnaAuIOuCtCDrsJjsqr0/,U3BpY2E6IFdlIGFyZSBpZGVudGljYWwgdHdpbnMsIFNraWEu,,,,,U3BpY2E6IE7Ds3Mgc29tb3MgZ8OqbWVhcyBpZMOqbnRpY2FzLCBTa2lhLg==,,U3BpY2E6IFNvbW9zIGdlbWVsYXMgaWTDqW50aWNhcywgU2tpYS4=
B1ehDA,W+yKpO2CpOyVhCDrhKTrpqzsmrDsiqRdCuyVhC4g7Jik656YIOu2meuTpOyWtOyEnCDso4TshqHtlanri4jri6QuCuuwlOyBmOyLnOyngOyalD8g66qo7ZeY6rCA64uY65Ok7J2AIO2VreyDgSEg7J6QLCDsnbTsoJwg7IKs64Ol7J2EIO2VmOufrCDqsIDshZTsmpQh,W1NraWEgTmVyaXVzXQpBaCwgd2VyZSB5b3UgbGlzdGVuaW5nLCBTcGljYT8KV2VsbCwgdHJhdmVsZXIsIHRoYW5rcyBmb3IgdGhlIGNvbnZlcnNhdGlvbiwgaGVoZWhlIQ==,,,,,W1NraWEgTmVyaXVzXQpBaCwgdm9jw6ogZXN0YXZhIG91dmluZG8sIFNwaWNhPwpCb20sIHZpYWphbnRlLCBvYnJpZ2FkYSBwZWxhIGNvbnZlcnNhLCBoZWhlaGUh,,W1NraWEgTmVyaXVzXQpBaCwgwr9lc3RhYmFzIGVzY3VjaGFuZG8sIFNwaWNhPwpCdWVubywgdHJvdGFtdW5kb3MsIGdyYWNpYXMgcG9yIGxhIGNvbnZlcnNhY2nDs24sIMKhamVqZWplIQ==
CFehDA,W+yKpO2CpOyVhCDrhKTrpqzsmrDsiqRdCuyVlywg66qo7ZeY6rCA64uYIOqwgOuwqeydtCDrp47snbQg66y06rGw7JuMIOuztOydtOyLreuLiOuLpC4=,W1NraWEgTmVyaXVzXQpPaCwgdHJhdmVsZXIuLi4gc28gbXVjaCBidXJkZW4gb24gdGhvc2Ugc2hvdWxkZXJzLg==,,,,,W1NraWEgTmVyaXVzXQpPaCwgdmlhamFudGUuLi4gdGFudG8gZmFyZG8gbmVzc2VzIG9tYnJvcy4=,,W1NraWEgTmVyaXVzXQpPaCwgdHJvdGFtdW5kb3MuLi4gdGFudG8gcGVzbyBlbiBlc29zIGhvbWJyb3Mu
CVehDA,W+yKpO2CpOyVhCDrhKTrpqzsmrDsiqRdCuuztOuLpCDslYjsoITtlZwg6rWQ7ZmY7J2EIOychO2VtCDqsIDrsKnsnYQg7KGw6riI66eMIOu5hOyasOqzoCDsmYAg7KO87Iuc6rKg7Ja07JqUPz8=,W1NraWEgTmVyaXVzXQpXaHkgbm90IGxpZ2h0ZW4geW91ciBsb2FkIGFuZCBjb21lIHNwZWFrIHdpdGggbWUgYWdhaW4/Pw==,,,,,W1NraWEgTmVyaXVzXQpQb3JxdWUgbsOjbyBhbGl2aWEgc3VhIGNhcmdhIGUgdm9sdGUgYSBmYWxhciBjb21pZ28/Pw==,,W1NraWEgTmVyaXVzXQrCv1BvciBxdcOpIG5vIGFsaXZpYXMgdHUgY2FyZ2EgeSB2dWVsdmVzIGEgaGFibGFyIGNvbm1pZ28/
ClehDA,W+yKpO2CpOyVhCDrhKTrpqzsmrDsiqRdCuyggOulvCDsnITtlbQg66eM65Ok7Ja07KeEIOy5tOuTnOulvCAxMDDsnqUg6rCA7KC47Jik7Iuc66m0LCDrjZTsmrEg7Jyg7Jqp7ZWY6rOgIOyVhOumhOuLpOyatCDsubTrk5wgMeyepeycvOuhnCDrsJTqvrjslrQg65Oc66a0IOyImCDsnojslrTsmpQh,W1NraWEgTmVyaXVzXQpEaWQgeW91IGNvbGxlY3QgMTAwIGF1dG9ncmFwaHMgd2l0aCBteSBuYW1lPyBJIGNhbiBleGNoYW5nZSB0aGVtIGZvciAxIFNraWEgQ2FyZC4=,,,,,W1NraWEgTmVyaXVzXQpWb2PDqiBqdW50b3UgMTAwIGF1dMOzZ3JhZm9zIGNvbSBtZXUgbm9tZT8gUG9zc28gdHJvY8OhLWxvcyBwb3IgMSBDYXJ0YSBTa2lhLg==,,W1NraWEgTmVyaXVzXQrCv0p1bnRhc3RlIDEwMCBDYXJ0YSBGaXJtYWRhcyBjb24gbWkgbm9tYnJlPyAKUHVlZG8gY2FtYmnDoXJ0ZWxvcyBwb3IgMSBDYXJ0YSBTa2lhLg==
C1ehDA,W+yKpO2CpOyVhCDrhKTrpqzsmrDsiqRdCuyWtOuouCwg66qo7ZeY6rCA64uYLiDqt7jrg6Ug7Lm065OcIDEwMOyepeuPhCDsoovsp4Drp4wsIO2KueuzhO2VnCDsubTrk5wgMeyepeydgCDrjZQg7KKL7JWE7JqUIQ==,W1NraWEgTmVyaXVzXQpEb24ndCB5b3UgdGhpbmsgaXQncyBzdHJhbmdlIHRvIGtlZXAgMTAwIGF1dG9ncmFwaHMgd2l0aCBteSBwaWN0dXJlPw==,,,,,W1NraWEgTmVyaXVzXQpOw6NvIGFjaGEgZXN0cmFuaG8gZ3VhcmRhciAxMDAgYXV0w7NncmFmb3MgY29tIGEgbWluaGEgZm90bz8=,,W1NraWEgTmVyaXVzXQrCv05vIHRlIHBhcmVjZSBleHRyYcOxbyBndWFyZGFyIDEwMCBDYXJ0YSBGaXJtYWRhcyBjb24gbWkgZm90bz8=
DFehDA,W+yKpO2CpOyVhCDrhKTrpqzsmrDsiqRdCuyWtOuouCwg66qo7ZeY6rCA64uYLiDqt7jrg6Ug7Lm065OcIDEwMOyepeuPhCDsoovsp4Drp4wsIO2KueuzhO2VnCDsubTrk5wgMeyepeydgCDrjZQg7KKL64u164uI64ukIQrsl6zquLAsIOu2hOuqhSDsoovslYTtlZjsi5zqsqDsp4DsmpQuIOyemCDsjagg7KO87IS47JqUIQ==,W1NraWEgTmVyaXVzXQpJIGV4Y2hhbmdlZCB0aGUgYXV0b2dyYXBocyEKVGhhbmsgeW91IQ==,,,,,W1NraWEgTmVyaXVzXQpUcm9xdWVpIG9zIGF1dMOzZ3JhZm9zIQpPYnJpZ2FkYSE=,,W1NraWEgTmVyaXVzXQrCoUNhbWJpw6kgbGFzIENhcnRhcyBGaXJtYWRhcyEKwqFHcmFjaWFzIQ==
DVehDA,W+yKpO2CpOyVhCDrhKTrpqzsmrDsiqRdCuyWtCwg66qo7ZeY6rCA64uYLiDsubTrk5zqsIAg67aA7KGx7ZWY66m0IOyViCDrj7zsmpQuIOuLpOyLnCDtlZwg67KIIO2ZleyduO2VtCDso7zshLjsmpQh,W1NraWEgTmVyaXVzXQpOaGF+IElmIHlvdSB3YW50IDEgb2YgbXkgQ2FyZHMsIHlvdSBuZWVkIHRvIGJyaW5nIGV4YWN0bHkgMTAwIFNraWEgYXV0b2dyYXBocyEgTXlzZWxmIQ==,,,,,W1NraWEgTmVyaXVzXQpOaGF+IFNlIHZvY8OqIHF1aXNlciAxIENhcnRhIG1pbmhhLCBwcmVjaXNhIHRyYXplciBleGF0YW1lbnRlIDEwMCBhdXTDs2dyYWZvcyBkYSBTa2lhISBFdSBtZXNtYSE=,,W1NraWEgTmVyaXVzXQrCoU5oYX4gU2kgcXVpZXJlcyAxIENhcnRhIG3DrWEsIG5lY2VzaXRhcyB0cmFlciBleGFjdGFtZW50ZSAxMDAgQ2FydGEgRmlybWFkYXMgZGUgU2tpYSEgCsKhWW8gbWlzbWEh
DlehDA,W+yKpO2CpOyVhCDrhKTrpqzsmrDsiqRdCuyWtCwg66qo7ZeY6rCA64uYLiDsubTrk5zqsIAg67aA7KGx7ZWY66m0IOuwlOq/lCDrk5zrprQg7IiYIOyXhuyWtOyalC4g64uk7IucIO2VnCDrsogg7ZmV7J247ZW0IOyjvOyLnOqyoOyWtOyalD8=,W1NraWEgTmVyaXVzXQpJZiB5b3UgYnJpbmcgbWUgMTAwIG9mIG15IGF1dG9ncmFwaHMsIEkgY2FuIGdpdmUgeW91IDEgQ2FyZCB3aXRoIG15IG5hbWUuIFlvdSBkb24ndCBoYXZlIGVub3VnaCBhdCB0aGUgbW9tZW50Lg==,,,,,W1NraWEgTmVyaXVzXQpTZSB2b2PDqiBtZSB0cm91eGVyIDEwMCBDYXJ0YSBBdXTDs2dyYWZvcyBtZXVzLCBwb3NzbyB0ZSBkYXIgMSBDYXJ0YSBjb20gbyBtZXUgbm9tZS4gVm9jw6ogbsOjbyB0ZW0gbyBzdWZpY2llbnRlIG5vIG1vbWVudG8u,,W1NraWEgTmVyaXVzXQpTaSBtZSB0cmFlcyAxMDAgQ2FydGEgRmlybWFkYXMgbcOtb3MsIHB1ZWRvIGRhcnRlIDEgQ2FydGEgY29uIG1pIG5vbWJyZS4gCk5vIHRpZW5lcyBzdWZpY2llbnRlIGVuIGVzdGUgbW9tZW50by4=
D1ehDA,7JWE6re464Sk7IqkIOuisOqykOu2gOultOq3uA==,QWduZXMgTHVnZW5idXJn,,,,,QWduZXMgTHVnZW5idXJn,,QWduZXMgTHVnZW5idXJn
EFehDA,W+yVhOq3uOuEpOyKpCDrorDqspDrtoDrpbTqt7hdCuyYpOuenOunjOydtOyXkOyalCwgezB9IOuLmCEg66qo7ZeY6rCA64uY65Ok7J2EIOuqqOyLnOuKlCDtlonsgqzrnbzqs6Ag7ZW07IScLCDrp4zrgqAg7IiYIOyeiOydhOq5jCDquLDrjIDtlojslrTsmpQu,W0FnbmVzIEx1Z2VuYnVyZ10KR3JlZXRpbmdzLCB7MH0u,,,,,W0FnbmVzIEx1Z2VuYnVyZ10KU2F1ZGHDp8O1ZXMsIHswfS4=,,W0FnbmVzIEx1Z2VuYnVyZ10KU2FsdWRvcywgezB9Lg==
EVehDA,W+yVhOq3uOuEpOyKpCDrorDqspDrtoDrpbTqt7hdCuyYpOuKmOydgCDsoJwg66eI7J2M7JeQIOyPmSDrk5zripQg65Oc66CI7Iqk66W8IOyeheyWtOyEnCDquLDrtoTsnbQg7KKL64u164uI64ukLiDshpDsiJjqsbTrj4Qg7J6U65ypIOykgOu5hO2WiOqzoOyalCE=,W0FnbmVzIEx1Z2VuYnVyZ10KVG9kYXkgdGhlIHdlYXRoZXIgaXMgcGVyZmVjdCB0byB3ZWFyIG15IGZhdm9yaXRlIGxpdHRsZSBkcmVzcyE=,,,,,W0FnbmVzIEx1Z2VuYnVyZ10KSG9qZSBvIGNsaW1hIGVzdMOhIHBlcmZlaXRvIHBhcmEgdXNhciBtZXUgdmVzdGlkaW5obyBmYXZvcml0byE=,,W0FnbmVzIEx1Z2VuYnVyZ10KwqFIb3kgZWwgY2xpbWEgZXN0w6EgcGVyZmVjdG8gcGFyYSB1c2FyIG1pIHZlc3RpZGl0byBmYXZvcml0byE=
ElehDA,W+yVhOq3uOuEpOyKpCDrorDqspDrtoDrpbTqt7hdCuyggOuKlCDsppDqsbDsm4zsmpQhIOyZleqwgOydmCDsmIHslaDrnbzrqbQg7IKs64Ol64yA7ZqM7JeQIOuCmOyZgCDrrYcg6riw7IKs64uY65Ok7J2YIOuniOydjOydhCDrsJvslYQg65Oc66Ck7JW8IO2VnOuLpOqzoCDrsLDsm6DqsbDrk6DsmpQu,W0FnbmVzIEx1Z2VuYnVyZ10KSSBhbSB2ZXJ5IGhhcHB5ISBBcyBhIG1lbWJlciBvZiB0aGUgcm95YWwgZmFtaWx5IG9mIHRoZSBob3VzZSBvZiBMdWdlbmJ1cmcsIEkgbXVzdCBvYnNlcnZlIHRoZSBwYXJ0aWNpcGFudHMgaW4gdGhlIGh1bnQu,,,,,W0FnbmVzIEx1Z2VuYnVyZ10KRXUgZXN0b3UgbXVpdG8gZmVsaXohIENvbW8gbWVtYnJvIGRhIGZhbcOtbGlhIHJlYWwgZGEgY2FzYSBkb3MgTHVnZW5idXJnLCBldSBkZXZvIG9ic2VydmFyIG9zIHBhcnRpY2lwYW50ZXMgbmEgY2HDp2FkYS4=,,W0FnbmVzIEx1Z2VuYnVyZ10KwqFFc3RveSBtdXkgZmVsaXohIApDb21vIG1pZW1icm8gZGUgbGEgZmFtaWxpYSByZWFsIGRlIGxhIGNhc2EgZGUgbG9zIEx1Z2VuYnVyZywgZGVibyBvYnNlcnZhciBhIGxvcyBwYXJ0aWNpcGFudGVzIGVuIGxhIGNhY2Vyw61hLg==
E1ehDA,W+yVhOq3uOuEpOyKpCDrorDqspDrtoDrpbTqt7hdCuq3uOuftCDquLDtmozqsIAg7IOd6rKo7IScIOustOyymSDquLDru5DsmpQh,W0FnbmVzIEx1Z2VuYnVyZ10KSSBhbSBzbyBoYXBweSB0byBnZXQgb3V0IG9mIHRoZSBwYWxhY2UgYSBsaXR0bGUh,,,,,W0FnbmVzIEx1Z2VuYnVyZ10KRmljbyBtdWl0byBmZWxpeiBwb3Igc2FpciB1bSBwb3VjbyBkbyBwYWzDoWNpbyE=,,W0FnbmVzIEx1Z2VuYnVyZ10KwqFNZSBhbGVncm8gbXVjaG8gZGUgc2FsaXIgdW4gcG9jbyBkZWwgcGFsYWNpbyE=
FFehDA,W+yVhOq3uOuEpOyKpCDrorDqspDrtoDrpbTqt7hdCuyWtOuouCEg66y07LKZIOustOqxsOybjOuztOydtOuKlCDqsIDrsKnsnYQg65Ok6rOgIOqzhOyLnOuEpOyalC4g6rSc7LCu7Jy87Iug6rCA7JqUPw==,W0FnbmVzIEx1Z2VuYnVyZ10KTG9vaywgSSBrbm93IGEgbG90IGFib3V0IGRyZXNzZXMsIGJ1dCB0aGF0IG91dGZpdCBvZiB5b3Vycy4uLiBpc24ndCBpdCB0b28gaGVhdnk/,,,,,W0FnbmVzIEx1Z2VuYnVyZ10KT2xoYSwgZXUgZW50ZW5kbyBtdWl0byBkZSB2ZXN0aWRvcywgbWFzIGVzc2Egc3VhIHJvdXBhIGHDrS4uLiBuw6NvIGVzdMOhIG11aXRvIHBlc2FkYT8=,,W0FnbmVzIEx1Z2VuYnVyZ10KTWlyYSwgeW8gZW50aWVuZG8gbXVjaG8gZGUgdmVzdGlkb3MsIHBlcm8gZXNhIHR1IHJvcGEgYWjDrS4uLiDCv25vIGVzdMOhIG11eSBwZXNhZGE/
FVehDA,W+yVhOq3uOuEpOyKpCDrorDqspDrtoDrpbTqt7hdCuuEiOustCDrrLTqsbDsmrQg6rCA67Cp7J2AIOqzp+ydgCDsnpDshLjsnZgg7KCB7J20656N64uI64ukLiDsobDquIgg7KCV66as7ZWY6rOgIOyYpOyLnOuKlCDqsowg7KKL6rKg7Ja07JqULg==,W0FnbmVzIEx1Z2VuYnVyZ10KTGV0J3MgZG8gaXQgdGhpcyB3YXksIGdvIHRvIHRoZSBLYWZyYSBhbmQgcHV0IHlvdXIgdGhpbmdzIHRoZXJlLg==,,,,,W0FnbmVzIEx1Z2VuYnVyZ10KVmFtb3MgZmF6ZXIgYXNzaW0sIHbDoSBuYSBLYWZyYSBlIGNvbG9xdWUgc3VhcyBjb2lzYXMgbMOhLg==,,W0FnbmVzIEx1Z2VuYnVyZ10KVmFtb3MgYSBoYWNlciBhc8OtLCB2ZSBhIGxhIEthZnJhIHkgZ3VhcmRhIHR1cyBjb3NhcyBhaMOtLg==
FlehDA,W+yVhOq3uOuEpOyKpCDrorDqspDrtoDrpbTqt7hdCuygnCDsnbTrpoTsnbQg7JOw7J24IOy5tOuTnOulvCAxMDDsnqUg66qo7JWEIOqwgOyngOqzoCDsmKTshajqtbDsmpQuIOybkO2VmOyLoOuLpOuptCDsooDrjZQg7Yq567OE7ZWcIOy5tOuTnCAx7J6l7Jy866GcIOuwlOq/lOuTnOumtCDsiJgg7J6I7Ja07JqULg==,W0FnbmVzIEx1Z2VuYnVyZ10KSGV5ISBEaWQgeW91IGNvbGxlY3QgMTAwIGF1dG9ncmFwaHMgd2l0aCBteSBuYW1lPyBIb3cgYWJvdXQgZXhjaGFuZ2luZyB0aGVtIGZvciAxIENhcmQgd2l0aCBteSBuYW1lPw==,,,,,W0FnbmVzIEx1Z2VuYnVyZ10KRWkhIFZvY8OqIGp1bnRvdSAxMDAgYXV0w7NncmFmb3MgY29tIG1ldSBub21lPyBRdWUgdGFsIHRyb2NhciBwb3IgMSBDYXJ0YSBjb20gbyBtZXUgbm9tZT8=,,W0FnbmVzIEx1Z2VuYnVyZ10KwqFPeWUhIArCv0p1bnRhc3RlIDEwMCBDYXJ0YSBGaXJtYWRhcyBjb24gbWkgbm9tYnJlPyAKwr9RdcOpIHRhbCBjYW1iaWFybG9zIHBvciAxIENhcnRhIGNvbiBtaSBub21icmU/
F1ehDA,W+yVhOq3uOuEpOyKpCDrorDqspDrtoDrpbTqt7hdCuycvOydjH4g64Sk7JeQLiDtlZjsp4Drp4wg6rytIOuwlOq/lOuTnOumrOqzoCDsi7bsnYDqsbjsmpQuIO2VnCDrsogg642UIOyDneqwge2VtCDso7zsi5zsp4Ag7JWK7Jy87Iuc6rKg7Ja07JqUPw==,W0FnbmVzIEx1Z2VuYnVyZ10KT2ggbXkhIEFsbCB0aG9zZSBhdXRvZ3JhcGhzLi4u,,,,,W0FnbmVzIEx1Z2VuYnVyZ10KQWkgYWkhIFRvZG9zIGVzc2VzIGF1dMOzZ3JhZm9zLi4u,,W0FnbmVzIEx1Z2VuYnVyZ10KwqFBeSBheSEgClRvZG9zIGVzb3MgYXV0w7NncmFmb3MuLi4=
GFehDA,W+yVhOq3uOuEpOyKpCDrorDqspDrtoDrpbTqt7hdCuydtCDsubTrk5zripQgezB9IOuLmOydtCDslZ7snLzroZwg642UIOupi+ynhCDrqqjtl5jsnYQg7ZWY7Iuc64qU642wIOuPhOybgOydtCDrkKAg7IiYIOyeiOuPhOuhnSDsobDquIgg7JWg66W8IOyNqCDrs7TslZjslrTsmpQuIOu2gOuUlCDrp4jsnYzsl5Ag65Oc7IWo7Jy866m0Lg==,W0FnbmVzIEx1Z2VuYnVyZ10KQWgsIHswfSwgdGhhbmsgeW91IQ==,,,,,W0FnbmVzIEx1Z2VuYnVyZ10KQWgsIHswfSwgb2JyaWdhZGluaGEh,,W0FnbmVzIEx1Z2VuYnVyZ10KQWgsIHswfSwgwqFncmFjaWFzIQ==
GVehDA,W+yVhOq3uOuEpOyKpCDrorDqspDrtoDrpbTqt7hdCuygnOqwgCDsnqDsi5wg7LCp6rCB7ZWcIOuqqOyWkeydtOyXkOyalC4g7Lm065Oc6rCAIOu2gOyhse2VmOuEpC4uLiDtlZwg67KIIOuNlCDshLgg67O86rmM7JqUPw==,W0FnbmVzIEx1Z2VuYnVyZ10KQnJpbmcgbWUgMTAwIGF1dG9ncmFwaGVkIGNhcmRzIHdpdGggbXkgbmFtZSB0byBlYXJuIGEgc3BlY2lhbCBjYXJkIG9mIG1pbmUh,,,,,W0FnbmVzIEx1Z2VuYnVyZ10KVHJhZ2EtbWUgMTAwIGNhcnRhIGF1dMOzZ3JhZm9zIGNvbSBtZXUgbm9tZSBwYXJhIGdhbmhhciB1bWEgY2FydGEgZXNwZWNpYWwgbWluaGEh,,W0FnbmVzIEx1Z2VuYnVyZ10KwqFUcsOhZW1lIDEwMCBjYXJ0YXMgZmlybWFkYXMgY29uIG1pIG5vbWJyZSBwYXJhIGdhbmFyIHVuYSBjYXJ0YSBlc3BlY2lhbCBtw61hIQ==
GlehDA,W+yVhOq3uOuEpOyKpCDrorDqspDrtoDrpbTqt7hdCuygnCDsnbTrpoTsnbQg7IOI6rKo7KeEIOy5tOuTnOulvCAxMDDsnqUg6rCA7KeA6rOgIOyYpOyLnOuptCDsooDrjZQg7Yq567OE7ZWcIOy5tOuTnOuhnCDrsJTqv5Trk5zrprQg7IiYIOyeiOyWtOyalC4g7J6K7KeAIOuniOyLnOqzoCDqvK0g67CU6r+U7IScIOqwgOyguOqwgCDso7zshLjsmpQu,W0FnbmVzIEx1Z2VuYnVyZ10KSWYgeW91IGJyaW5nIG1lIDEwMCBvZiBteSBhdXRvZ3JhcGhzLCBJIGNhbiBnaXZlIHlvdSAxIENhcmQgd2l0aCBteSBuYW1lLiBZb3UgZG9uJ3QgaGF2ZSBlbm91Z2ggYXQgdGhlIG1vbWVudC4=,,,,,W0FnbmVzIEx1Z2VuYnVyZ10KU2Ugdm9jw6ogbWUgdHJvdXhlciAxMDAgQ2FydGEgQXV0w7NncmFmb3MgbWV1cywgcG9zc28gdGUgZGFyIDEgQ2FydGEgY29tIG8gbWV1IG5vbWUuIFZvY8OqIG7Do28gdGVtIG8gc3VmaWNpZW50ZSBubyBtb21lbnRvLg==,,W0FnbmVzIEx1Z2VuYnVyZ10KU2kgbWUgdHJhZXMgMTAwIENhcnRhIEZpcm1hZGFzIG3DrW9zLCBwdWVkbyBkYXJ0ZSAxIENhcnRhIGNvbiBtaSBub21icmUuIE5vIHRpZW5lcyBzdWZpY2llbnRlIGVuIGVzdGUgbW9tZW50by4=
G1ehDA,7Jyg66W06rKQIOychOq3uOuEiA==,SnVyZ2VuIFdpZ25lcg==,,,,,SnVyZ2VuIFdpZ25lcg==,,SnVyZ2VuIFdpZ25lcg==
HFehDA,W+ycoOultOqykCDsnITqt7jrhIhdCuyYpOuenOunjOydtOyXkOyalCwgezB9IOuLmCEg7J2065+wIO2WieyCrOuKlCDrkJjrj4TroZ0g7J6Q7KCc7ZWY64qUIO2OuOydtOyngOunjCwg7Jes65+sIOu2hOydtCDqtoztlZjshZTshJwg7IKs64Ol64yA7ZqM7JeQ64qUIOywuOyEne2VmOqzoCDrp5DslZjri7Xri4jri6Qu,W0p1cmdlbiBXaWduZXJdCkdyZWV0aW5ncywgezB9LCBJIGhvcGUgeW91IGFyZSBoYXZpbmcgZnVuLg==,,,,,W0p1cmdlbiBXaWduZXJdClNhdWRhw6fDtWVzLCB7MH0sIGVzcGVybyBxdWUgdm9jw6ogZXN0ZWphIHNlIGRpdmVydGluZG8u,,W0p1cmdlbiBXaWduZXJdClNhbHVkb3MsIHswfSwgZXNwZXJvIHF1ZSB0ZSBlc3TDqXMgZGl2aXJ0aWVuZG8u
HVehDA,W+ycoOultOqykCDsnITqt7jrhIhdCuuwlOuejOydtCDqsr3svoztlZjrhKTsmpQuIOq4sOu2hOydtCDrrLTsspkg7KKL6rWw7JqULg==,W0p1cmdlbiBXaWduZXJdClRoZSBjYW1wIGlzIHF1aXRlIGxpdmVseSwgZG9uJ3QgeW91IHRoaW5rPw==,,,,,W0p1cmdlbiBXaWduZXJdCk8gYWNhbXBhbWVudG8gZXN0w6EgYmVtIG1vdmltZW50YWRvLCBuw6NvIGFjaGE/,,W0p1cmdlbiBXaWduZXJdCkVsIGNhbXBhbWVudG8gZXN0w6EgYmllbiBtb3ZpZG8sIMK/bm8gY3JlZXM/
HlehDA,W+ycoOultOqykCDsnITqt7jrhIhdCuyggOyVvCDsl6zsoITtnogg7JWE66aE64uk7JuA7Jy866GcIOyEuOqzhCDtj4ntmZTrpbwg7KeA7YKk6rOgIOyeiOyngOyalC4K7JWE66aE64uk7JuA7J20656AIOyngOqzoOu2iOuzgOydmCDqsIDsuZjri4jquYzsmpQu,W0p1cmdlbiBXaWduZXJdCkkgYW0gc3RpbGwgdXNpbmcgbXkgYmVhdXR5IHRvIGFzayBmb3IgV29ybGQgUGVhY2UuCkZvciBtZSwgYmVhdXR5IGhhcyBhIHN1cHJlbWUgdmFsdWUu,,,,,W0p1cmdlbiBXaWduZXJdCkV1IGFpbmRhIGVzdG91IHVzYW5kbyBhIG1pbmhhIGJlbGV6YSBwYXJhIHBlZGlyIGEgUGF6IE11bmRpYWwuClBhcmEgbWltLCBhIGJlbGV6YSB0ZW0gdW0gdmFsb3Igc3VwcmVtby4=,,W0p1cmdlbiBXaWduZXJdCllvIGHDum4gZXN0b3kgdXNhbmRvIG1pIGJlbGxlemEgcGFyYSBwZWRpciBsYSBQYXogTXVuZGlhbC4KUGFyYSBtw60sIGxhIGJlbGxlemEgdGllbmUgdW4gdmFsb3Igc3VwcmVtby4=
H1ehDA,W+ycoOultOqykCDsnITqt7jrhIhdCuyXrOyghO2eiCDrrLTsspkg7KCB6re57KCB7Jy866GcIOygnCDso7zrs4Dsl5Ag66i466y066W07Iuc64qUIOu2hOuTpOydtCDqs4TshZTshJwg7Zi57Iuc64KYIOyXrOq4sOq5jOyngCDrlLDrnbzsmKTsi6TquYzrtJAg7KKAIOqxseygle2WiOuLteuLiOuLpC4=,W0p1cmdlbiBXaWduZXJdCkkgc3RpbGwgaGF2ZSBzb21lIGZhbnMgZm9sbG93aW5nIG1lIGFyb3VuZCBoZXJlLCBzbyBJIGFtIGJlaW5nIGNhcmVmdWwu,,,,,W0p1cmdlbiBXaWduZXJdCkFpbmRhIHRlbmhvIGFsZ3VucyBmw6NzIG1lIHNlZ3VpbmRvIHBvciBhcXVpLCBlbnTDo28gZXN0b3UgdG9tYW5kbyBjdWlkYWRvLg==,,W0p1cmdlbiBXaWduZXJdCkHDum4gdGVuZ28gYWxndW5vcyBmYW5zIHNpZ3Vpw6luZG9tZSBwb3IgYXF1w60sIGFzw60gcXVlIGVzdG95IHRlbmllbmRvIGN1aWRhZG8u
IFehDA,W+ycoOultOqykCDsnITqt7jrhIhdCuuqhyDrtoTsnYAg67aE66qFIOuUsOudvOyYpOyLoCDrqqjslpHsnbTsp4Drp4wuLi4uLi4g7KCc6rCAIOqxseygle2VnCDrjIDroZwg66qs7Iqk7YSw7JeQ6rKMIOuLue2VmOqxsOuCmCDqsr3ruYTrs5Hrk6Tsl5Dqsowg7Zi465CcIOy3qOq4ieydhCDrsJvsnLzsi6Ag6rKDIOqwmeyngOuKlCDslYrslYTshJwg64uk7ZaJ7J207JeQ7JqULg==,W0p1cmdlbiBXaWduZXJdCkJ1dCBJIGhhdmUgZ3JlYXQgYWRtaXJhdGlvbiBmb3IgeW91LCBiYXR0bGluZyBpcyBub3QgZWFzeS4=,,,,,W0p1cmdlbiBXaWduZXJdCk1hcyBldSB0ZW5obyB1bWEgZ3JhbmRlIGFkbWlyYcOnw6NvIHBvciB2b2PDqiwgYmF0YWxoYXIgbsOjbyDDqSBhbGdvIGbDoWNpbC4=,,W0p1cmdlbiBXaWduZXJdClBlcm8gdGVuZ28gdW5hIGdyYW4gYWRtaXJhY2nDs24gcG9yIHRpLCBiYXRhbGxhciBubyBlcyBhbGdvIGbDoWNpbC4=
IVehDA,W+ycoOultOqykCDsnITqt7jrhIhdCuygleunkCwg6rCV7ZWcIOu2hOuTpOydtOyEuOyalCE=,W0p1cmdlbiBXaWduZXJdCllvdSBhcmUgdmVyeSBzdHJvbmch,,,,,W0p1cmdlbiBXaWduZXJdClZvY8OqIMOpIG11aXRvIGZvcnRlIQ==,,W0p1cmdlbiBXaWduZXJdCsKhRXJlcyBtdXkgZnVlcnRlIQ==
IlehDA,W+ycoOultOqykCDsnITqt7jrhIhdCuuEiOustCDrrLTqsbDsmrQg6rG4IOuTpOqzoCDri6Tri4jsi5zrqbQg7JWI64+87JqULiDssrTroKXqs7wg6rG06rCV7J2EIOyGjOykke2eiCDsl6zqsqjslbzsp4DsmpQu,W0p1cmdlbiBXaWduZXJdCllvdSBzaG91bGRuJ3QgYmUgc28gb3ZlcndlaWdodCBsaWtlIHRoaXMuLi4gSSB3b3JyeSBhYm91dCB5b3VyIGhlYWx0aC4=,,,,,W0p1cmdlbiBXaWduZXJdClZvY8OqIG7Do28gZGV2ZXJpYSBmaWNhciB0w6NvIGFjaW1hIGRvIHBlc28gYXNzaW0uLi4gbWUgcHJlb2N1cG8gY29tIGEgc3VhIHNhw7pkZS4=,,W0p1cmdlbiBXaWduZXJdCk5vIGRlYmVyw61hcyBlc3RhciB0YW4gY29uIHNvYnJlcGVzbyBhc8OtLi4uIG1lIHByZW9jdXBvIHBvciB0dSBzYWx1ZC4=
I1ehDA,W+ycoOultOqykCDsnITqt7jrhIhdCuqwgOuwqeydhCDsoJXrpqztlZjqs6Ag64uk7IucIOyZgCDso7zsi5zqsqDslrTsmpQ/,W0p1cmdlbiBXaWduZXJdClRyeSB0byByZWR1Y2UgeW91ciB3ZWlnaHQgYW5kIGNvbWUgYmFjayBoZXJlLg==,,,,,W0p1cmdlbiBXaWduZXJdClRlbnRlIGRpbWludWlyIHNldSBwZXNvIGUgdm9sdGUgYXF1aS4=,,W0p1cmdlbiBXaWduZXJdCkludGVudGEgZGlzbWludWlyIHR1IHBlc28geSB2dWVsdmUgYXF1w60u
JFehDA,W+ycoOultOqykCDsnITqt7jrhIhdCuygnCDsnbTrpoTsnbQg7JOw7J24IOy5tOuTnOulvCAxMDDsnqUg7J207IOBIOqwgOyngOqzoCDqs4Tsi5zqtbDsmpQuIOuwlOudvOyLoOuLpOuptCAxMDDsnqXsnYQg7Yq567OE7ZWcIOy5tOuTnCAx7J6l6rO8IOq1kO2ZmO2VtOuTnOumtCDsiJgg7J6I7Ja07JqULg==,W0p1cmdlbiBXaWduZXJdCk9vb2guLi4gaWYgeW91IHNhdmVkIDEwMCBhdXRvZ3JhcGhlZCBjYXJkcyB3aXRoIG15IHNpZ25hdHVyZSwgSSBjYW4gZ2l2ZSB5b3UgMSBDYXJkIHdpdGggbXkgbmFtZS4=,,,,,W0p1cmdlbiBXaWduZXJdCk9vb2guLi4gc2Ugdm9jw6ogZ3VhcmRvdSAxMDAgY2FydGEgYXV0w7NncmFmb3MgY29tIGEgbWluaGEgYXNzaW5hdHVyYSwgcG9zc28gdGUgZGFyIDEgQ2FydGEgY29tIG8gbWV1IG5vbWUu,,W0p1cmdlbiBXaWduZXJdCk9vb2guLi4gc2kgZ3VhcmRhc3RlIDEwMCBjYXJ0YXMgYXV0b2dyYWZpYWRhcyBjb24gbWkgZmlybWEsIHB1ZWRvIGRhcnRlIDEgQ2FydGEgY29uIG1pIG5vbWJyZS4=
JVehDA,W+ycoOultOqykCDsnITqt7jrhIhdCuusvOuhoCDsoJwg7J2066aE66eMIOyTsOyduCDsubTrk5zrj4Qg7KKL7KeA66eMLCDtirnrs4TtlZwg7Lm065Oc64qUIOuNlOyasSDrjZQg66eI7J2M7JeQIOuTnOyLpCDqsbDsmIjsmpQu,W0p1cmdlbiBXaWduZXJdCkkgdW5kZXJzdGFuZC4uLiB5b3UgbmVlZCBtYW55IHBpY3R1cmVzIG9mIG1lIHRvIGFkbWlyZS4=,,,,,W0p1cmdlbiBXaWduZXJdCkV1IGVudGVuZG8uLi4gdm9jw6ogcHJlY2lzYSBkZSBtdWl0YXMgZm90b3MgbWluaGFzIHBhcmEgYWRtaXJhci4=,,W0p1cmdlbiBXaWduZXJdCkVudGllbmRvLi4uIG5lY2VzaXRhcyBtdWNoYXMgZm90b3MgbcOtYXMgcGFyYSBhZG1pcmFyLg==
JlehDA,W+ycoOultOqykCDsnITqt7jrhIhdCuygnOqwgCDrk5zrpqzripQg7Lm065Oc6rCAIOyVnuycvOuhnCDsl6ztlontlZjsi5zripQg642wIOuPhOybgOydtCDrkKAg7IiYIOyeiOuPhOuhnSwg7Iug6rK97I2o7IScIOunjOuTpOyWtOuLrOudvOqzoCDrtoDtg4Htlojri7Xri4jri6QuIOu2hOuqhSDrp4jsnYzsl5Ag65Oc7IukIOqxsOyYiOyalC4=,W0p1cmdlbiBXaWduZXJdCkV4Y2hhbmdlIGRvbmUuIEFkbWlyZSBtZSBpbiBtb2RlcmF0aW9uLg==,,,,,W0p1cmdlbiBXaWduZXJdClRyb2NhIGZlaXRhLiBBcHJlY2llLW1lIGNvbSBtb2RlcmHDp8Ojby4=,,W0p1cmdlbiBXaWduZXJdCkNhbWJpbyBoZWNoby4gQWRtw61yYW1lIGNvbiBtb2RlcmFjacOzbi4=
J1ehDA,W+ycoOultOqykCDsnITqt7jrhIhdCuyWtCwg7Ja0PyDsmZwg7Lm065Oc6rCAIOu2gOyhse2VmOyngD8KLi4uLi4u7KCV66eQIOyZnCDrtoDsobHtlaDquYzsmpQ/IOyYgeusuOydhCDslYwg7IiYIOyXhuuEpOyalC4=,W0p1cmdlbiBXaWduZXJdCldoZXJlIGFyZSB0aGUgMTAwIGF1dG9ncmFwaHM/IAouLi4gSSB0aG91Z2h0IHlvdSBsaWtlZCBteSBiZWF1dHkuLi4=,,,,,W0p1cmdlbiBXaWduZXJdCk9uZGUgZXN0w6NvIG9zIDEwMCBhdXTDs2dyYWZvcz8KLi4uIEV1IHBlbnNlaSBxdWUgZ29zdGFzc2UgZGEgbWluaGEgYmVsZXphLi4u,,W0p1cmdlbiBXaWduZXJdCsK/RMOzbmRlIGVzdMOhbiBsb3MgMTAwIENhcnRhIEZpcm1hZGFzPwouLi4gIFBlbnPDqSBxdWUgdGUgZ3VzdGFiYSBtaSBiZWxsZXphLi4u
KFehDA,W+ycoOultOqykCDsnITqt7jrhIhdCuygnCDsnbTrpoTsnbQg7JOw7J24IOy5tOuTnOulvCAxMDDsnqUg66qo7JWEIOyYpOyLnOuptCDtirnrs4TtlZwg7Lm065Oc66GcIOuwlOq/lOuTnOumtCDsiJgg7J6I7Ja07JqULiDrp4jsnYzsl5Ag7I+ZIOuTnOyLpCDqsbDsmIjsmpQu,W0p1cmdlbiBXaWduZXJdCklmIHlvdSBicmluZyBtZSAxMDAgb2YgbXkgYXV0b2dyYXBocywgSSBjYW4gZ2l2ZSB5b3UgMSBDYXJkIHdpdGggbXkgbmFtZS4gWW91IGRvbid0IGhhdmUgZW5vdWdoIGF0IHRoZSBtb21lbnQu,,,,,W0p1cmdlbiBXaWduZXJdClNlIHZvY8OqIG1lIHRyb3V4ZXIgMTAwIENhcnRhIEF1dMOzZ3JhZm9zIG1ldXMsIHBvc3NvIHRlIGRhciAxIENhcnRhIGNvbSBvIG1ldSBub21lLiBWb2PDqiBuw6NvIHRlbSBvIHN1ZmljaWVudGUgbm8gbW9tZW50by4=,,W0p1cmdlbiBXaWduZXJdClNpIG1lIHRyYWVzIDEwMCBDYXJ0YSBGaXJtYWRhcyBtw61vcywgcHVlZG8gZGFydGUgMSBDYXJ0YSBjb24gbWkgbm9tYnJlLiBObyB0aWVuZXMgc3VmaWNpZW50ZSBlbiBlc3RlIG1vbWVudG8u
KVehDA,7YGs66Gc64Sk7LukIEcuIO2VmOydtOuEpA==,S3JvbmVja2VyIEcuIEhlaW5l,,,,,S3JvbmVja2VyIEcuIEhlaW5l,,S3JvbmVja2VyIEcuIEhlaW5l
KlehDA,W+2BrOuhnOuEpOy7pCBHLiDtlZjsnbTrhKRdCuKApuKApu2VmOydtOuEpCDqsIDsnZgg7YGs66Gc64Sk7LukIOq3uOuegOy4oCDtlZjsnbTrhKQg64yA6rO17J207JikLg==,W0tyb25lY2tlciBHLiBIZWluZV0KQXJjaGR1a2UgS3JvbmVja2VyIEdyYW50eiBIZWluZSwgcGxlYXN1cmUu,,,,,W0tyb25lY2tlciBHLiBIZWluZV0KQXJxdWlkdXF1ZSBLcm9uZWNrZXIgR3JhbnR6IEhlaW5lLCBwcmF6ZXIu,,W0tyb25lY2tlciBHLiBIZWluZV0KQXJjaGlkdXF1ZSBLcm9uZWNrZXIgR3JhbnR6IEhlaW5lLCB1biBwbGFjZXIu
K1ehDA,W+2BrOuhnOuEpOy7pCBHLiDtlZjsnbTrhKRdCu2VmOydtOuEpOuKlCDqsJXrjIDtlZwg66eI66Cl7J2YIOqwgOusuC4K7IKs64Ol64yA7ZqM7JeQIOywuOyEne2VmOyLoCDrtoTrk6Tqu5gg7LaV67O17J2EIOuCtOugpCDrk5zrpqzsp4Au,W0tyb25lY2tlciBHLiBIZWluZV0KVGhlIEhlaW5lIEZhbWlseSBpcyBtYWRlIHVwIG9mIGdyZWF0IG1hZ2VzLgpBY2NlcHQgdGhpcyBwb3dlciBhcyBhIGNvdXJ0ZXN5IGZvciBwYXJ0aWNpcGF0aW5nIGluIHRoZSBodW50cy4=,,,,,W0tyb25lY2tlciBHLiBIZWluZV0KQSBGYW3DrWxpYSBIZWluZSDDqSBmb3JtYWRhIHBvciBncmFuZGVzIG1hZ29zLgpBY2VpdGUgZXN0ZSBwb2RlciBjb21vIGNvcnRlc2lhIHBvciBwYXJ0aWNpcGFyIGRhcyBjYcOnYWRhcy4=,,W0tyb25lY2tlciBHLiBIZWluZV0KTGEgRmFtaWxpYSBIZWluZSBlc3TDoSBmb3JtYWRhIHBvciBncmFuZGVzIG1hZ29zLgpBY2VwdGEgZXN0ZSBwb2RlciBjb21vIGNvcnRlc8OtYSBwb3IgcGFydGljaXBhciBlbiBsYXMgY2FjZXLDrWFzLg==
LFehDA,W+2BrOuhnOuEpOy7pCBHLiDtlZjsnbTrhKRdCuybkO2VmOuKlCDqsoPsnbQg7J6I64uk66m0IOyGkOydgCDqsIDrs43qsowsIOuniOydjOydgCDrrLTqsoHqsowg7ZWY7Iuc7JikLg==,W0tyb25lY2tlciBHLiBIZWluZV0KSWYgeW91IHdhbnQgdG8gc3BlYWsgd2l0aCBtZSwgY2xlYW4geW91ciBoYW5kcyBhbmQgbGlnaHRlbiB5b3VyIGhlYXJ0Lg==,,,,,W0tyb25lY2tlciBHLiBIZWluZV0KU2Ugdm9jw6ogcXVpc2VyIGZhbGFyIGNvbWlnbywgbGltcGUgc3VhcyBtw6NvcyBlIGFsaXZpZSBzZXUgY29yYcOnw6NvLg==,,W0tyb25lY2tlciBHLiBIZWluZV0KU2kgcXVpZXJlcyBoYWJsYXIgY29ubWlnbywgbGltcGlhIHR1cyBtYW5vcyB5IGFsaXZpYSB0dSBjb3JhesOzbi4=
LVehDA,IC0g6rCA67Cp7J20IOqwgOuTnSDssLzsirXri4jri6QuIOyGjOyngCDrrLTqsozsmYAg7IaM7KeAIOusvO2SiCDsiJjrn4kg7ZmV7J24IOuSpCDri6Tsi5wg66eQ7J2EIOqxuOyWtCDso7zshLjsmpQuIC0=,LSBFbXB0eSB5b3VyIGludmVudG9yeSB0byBjb250aW51ZS4gLQ==,,,,,LSBFc3ZhemllIHNldSBpbnZlbnTDoXJpbyBwYXJhIGNvbnRpbnVhci4gLQ==,,LSBWYWPDrWEgdHUgaW52ZW50YXJpbyBwYXJhIGNvbnRpbnVhci4gLQ==
LlehDA,W+2BrOuhnOuEpOy7pCBHLiDtlZjsnbTrhKRdCjEwMOyepeydmCDsubTrk5zrpbwg66qo7JWEIOyYqOuLpOuptCDtirnsiJjtlZwg7Lm065OcIDHsnqXsnLzroZwg67CU6r647Ja0IOuTnOumrOyYpC4=,W0tyb25lY2tlciBHLiBIZWluZV0KWW91bmcgb25lLCB3ZSBjYW4gbWFrZSBhIHRyYWRlLiBCcmluZyBtZSAxMDAgYXV0b2dyYXBocyB3aXRoIG15IG5hbWUgYW5kIEkgd2lsbCBnaXZlIHlvdSAxIG9mIG15IENhcmRzLg==,,,,,W0tyb25lY2tlciBHLiBIZWluZV0KSm92ZW0sIHBvZGVtb3MgZmF6ZXIgdW1hIHBlcm11dGEuIFRyYWdhLW1lIDEwMCBhdXTDs2dyYWZvcyBjb20gbWV1IG5vbWUgZSBsaGUgZGFyZWkgMSBDYXJ0YSBtaW5oYS4=,,W0tyb25lY2tlciBHLiBIZWluZV0KSm92ZW4sIHBvZGVtb3MgaGFjZXIgdW4gdHJ1ZXF1ZS4gVHLDoWVtZSAxMDAgQ2FydGEgRmlybWFkYXMgY29uIG1pIG5vbWJyZSB5IHRlIGRhcsOpIDEgQ2FydGEgbcOtYS4=
L1ehDA,W+2BrOuhnOuEpOy7pCBHLiDtlZjsnbTrhKRdCuyVjOqyoOuEpC4=,W0tyb25lY2tlciBHLiBIZWluZV0KQXMgeW91IHdpc2gu,,,,,W0tyb25lY2tlciBHLiBIZWluZV0KQ29tbyBxdWlzZXIu,,W0tyb25lY2tlciBHLiBIZWluZV0KQ29tbyBxdWllcmFzLg==
MFehDA,W+2BrOuhnOuEpOy7pCBHLiDtlZjsnbTrhKRdCu2KueyImO2VnCDsubTrk5zsl5DripQg64ql66Cl7LmY6rCAIOu2meyWtCDsnojsnLzri4gg7J6YIOyTsOyLnOyYpC4=,W0tyb25lY2tlciBHLiBIZWluZV0KVHJhZGUgY29tcGxldGVkLCBoYXZlIGZ1bi4=,,,,,W0tyb25lY2tlciBHLiBIZWluZV0KVHJvY2EgcmVhbGl6YWRhLCBkaXZpcnRhLXNlLg==,,W0tyb25lY2tlciBHLiBIZWluZV0KQ2FtYmlvIHJlYWxpemFkbywgZGl2acOpcnRldGUu
MVehDA,W+2BrOuhnOuEpOy7pCBHLiDtlZjsnbTrhKRdCjEwMOyepeydtCDtlYTsmpTtlZjri6Qg7ZWY7JiA7IaMLg==,W0tyb25lY2tlciBHLiBIZWluZV0KSSBuZWVkIDEwMCBpZGVudGljYWwgYXV0b2dyYXBocyB3aXRoIG15IG5hbWUsIHlvdW5nIG9uZS4=,,,,,W0tyb25lY2tlciBHLiBIZWluZV0KRXUgcHJlY2lzbyBkZSAxMDAgYXV0w7NncmFmb3MgaWd1YWlzIGNvbSBtZXUgbm9tZSwgam92ZW0u,,W0tyb25lY2tlciBHLiBIZWluZV0KTmVjZXNpdG8gMTAwIENhcnRhIEZpcm1hZGFzIGlndWFsZXMgY29uIG1pIG5vbWJyZSwgam92ZW4u
MlehDA,W+2BrOuhnOuEpOy7pCBHLiDtlZjsnbTrhKRdCjEwMOyepeydtCDtlYTsmpTtlZjri6Qg7ZWY7JiA7IaMLiDsm5DtlZjripQg6rKD7J20IOyeiOuLpOuptCDqsr3ssq3tlZjqs6Ag7ZaJ64+Z7ZWY7Iuc7JikLg==,W0tyb25lY2tlciBHLiBIZWluZV0KSWYgeW91IGJyaW5nIG1lIDEwMCBvZiBteSBhdXRvZ3JhcGhzLCBJIGNhbiBnaXZlIHlvdSAxIENhcmQgd2l0aCBteSBuYW1lLiBZb3UgZG9uJ3QgaGF2ZSBlbm91Z2ggYXQgdGhlIG1vbWVudC4=,,,,,W0tyb25lY2tlciBHLiBIZWluZV0KU2Ugdm9jw6ogbWUgdHJvdXhlciAxMDAgQ2FydGEgQXV0w7NncmFmb3MgbWV1cywgcG9zc28gdGUgZGFyIDEgQ2FydGEgY29tIG8gbWV1IG5vbWUuIFZvY8OqIG7Do28gdGVtIG8gc3VmaWNpZW50ZSBubyBtb21lbnRvLg==,,W0tyb25lY2tlciBHLiBIZWluZV0KU2kgbWUgdHJhZXMgMTAwIENhcnRhIEZpcm1hZGFzIG3DrW9zLCBwdWVkbyBkYXJ0ZSAxIENhcnRhIGNvbiBtaSBub21icmUuIE5vIHRpZW5lcyBzdWZpY2llbnRlIGVuIGVzdGUgbW9tZW50by4=
M1ehDA,67O87ZSEIOuisOqykOu2gOultOq3uA==,V29sZiBMdWdlbmJ1cmc=,,,,,V29sZiBMdWdlbmJ1cmc=,,V29sZiBMdWdlbmJ1cmc=
NFehDA,W+uzvO2UhCDrorDqspDrtoDrpbTqt7hdCuyCrOuDpe2VmOq4sOyXkCDrlLEg7KKL7J2AIOuCoOyUqOq1sOyalC4=,W1dvbGYgTHVnZW5idXJnXQpUaGUgd2VhdGhlciBpcyBwZXJmZWN0IGZvciBodW50aW5nLg==,,,,,W1dvbGYgTHVnZW5idXJnXQpPIGNsaW1hIGVzdMOhIHBlcmZlaXRvIHBhcmEgY2HDp2Eu,,W1dvbGYgTHVnZW5idXJnXQpFbCBjbGltYSBlc3TDoSBwZXJmZWN0byBwYXJhIGxhIGNhemEu
NVehDA,7J247IKs66W8IO2VnOuLpC4=,SG93IGFyZSB5b3U/,,,,,Q29tbyB2b2PDqiBlc3TDoT8=,,wr9Dw7NtbyBlc3TDoXM/
NlehDA,W+uzvO2UhCDrorDqspDrtoDrpbTqt7hdCuyViOuFle2VmOyEuOyalCB7MH3ri5gsIOuisOqykOu2gOultOq3uCDqsIDsnZgg67O87ZSE7J6F64uI64ukLg==,W1dvbGYgTHVnZW5idXJnXQpIZWxsbyB7MH0sIEkgYW0gV29sZiwgZnJvbSB0aGUgTHVnZW5idXJnIGZhbWlseS4=,,,,,W1dvbGYgTHVnZW5idXJnXQpPbMOhIHswfSwgZXUgc291IFdvbGYsIGRhIGZhbcOtbGlhIEx1Z2VuYnVyZy4=,,W1dvbGYgTHVnZW5idXJnXQpIb2xhIHswfSwgeW8gc295IFdvbGYsIGRlIGxhIGZhbWlsaWEgTHVnZW5idXJnLg==
N1ehDA,W+uzvO2UhCDrorDqspDrtoDrpbTqt7hdCuyZleyLpCDsgqzrg6XrjIDtmozsl5DripQg7JiI7KCE67aA7YSwIOq0gOyLrOydtCDsnojsl4jsp4Drp4wg7IKs7KCV7J20IOyeiOyWtOyEnCDssLjqsIDrpbwg7ZWY7KeAIOuqu+2WiOyWtOyalC4=,W1dvbGYgTHVnZW5idXJnXQpJIGFtIGxvb2tpbmcgZm9yIHNvbWUgaG9ub3JhYmxlIGNvbXBldGl0b3IgZm9yIHRoaXMgaHVudGluZyBldmVudC4=,,,,,W1dvbGYgTHVnZW5idXJnXQpFc3RvdSDDoCBwcm9jdXJhIGRlIGFsZ3VtIGNvbXBldGlkb3IgaG9ucmFkbyBwYXJhIGVzc2UgZXZlbnRvIGRlIGNhw6dhZGEu,,W1dvbGYgTHVnZW5idXJnXQpFc3RveSBidXNjYW5kbyBhbGfDum4gY29tcGV0aWRvciBob25vcmFibGUgcGFyYSBlc3RlIGV2ZW50byBkZSBjYWNlcsOtYS4=
OFehDA,W+uzvO2UhCDrorDqspDrtoDrpbTqt7hdCuyYrCDtlbTripQg6rCQ7IKs7ZWY6rKM64+EIOq4sO2ajOqwgCDri7/slYTshJwg7KCA64+EIOq1rOqyve2VmOufrCDrgpjsmZTri7Xri4jri6QuIOyVhOustOyqvOuhnSDsnZjrr7jsnojripQg7Iuc6rCEIOuztOuCtOyLnOq4uCDrsJTrno3ri4jri6Qu,W1dvbGYgTHVnZW5idXJnXQpJIGFwcHJlY2lhdGUgdGhlIGNvbmNlcm4sIGl0J3MgYWx3YXlzIGdvb2QgdG8gc3BlbmQgdGltZSB3aXRoIHRyYXZlbGVycy4=,,,,,W1dvbGYgTHVnZW5idXJnXQpBZ3JhZGXDp28gcGVsYSBwcmVvY3VwYcOnw6NvLCDDqSBzZW1wcmUgYm9tIHBhc3NhciB1bSB0ZW1wbyBjb20gdmlhamFudGVzLg==,,W1dvbGYgTHVnZW5idXJnXQpBZ3JhZGV6Y28gbGEgcHJlb2N1cGFjacOzbiwgc2llbXByZSBlcyBidWVubyBwYXNhciB0aWVtcG8gY29uIHRyb3RhbXVuZG9zLg==
OVehDA,W+uzvO2UhCDrorDqspDrtoDrpbTqt7hdCuydjC4uIOqwgOuwqeydtCDrrLTqsbDsm4wg67O07J2064qU6rWw7JqULg==,W1dvbGYgTHVnZW5idXJnXQpBIHRydWUgd2FycmlvciB3b3VsZCBuZXZlciBsZXQgaGlzIGJhZyBiZSBoZWF2eS4=,,,,,W1dvbGYgTHVnZW5idXJnXQpVbSBndWVycmVpcm8gZGUgdmVyZGFkZSBqYW1haXMgZGVpeGFyaWEgc3VhIGJvbHNhIHBlc2FkYS4=,,W1dvbGYgTHVnZW5idXJnXQpVbiBndWVycmVybyBkZSB2ZXJkYWQgamFtw6FzIGRlamFyw61hIHN1IGJvbHNhIHBlc2FkYS4=
OlehDA,W+uzvO2UhCDrorDqspDrtoDrpbTqt7hdCuqwgOuwqeydmCDqs7XqsITsnYQg7ZmV67O07ZWY7IugIOuSpOyXkCDsoIDrpbwg64uk7IucIOywvuyVhOyjvOyEuOyalC4=,W1dvbGYgTHVnZW5idXJnXQpEbyBub3QgZGlzaG9ub3IgdGhlIGtpbmdkb20gb2YgUnVuZS1NaWRnYXJkLg==,,,,,W1dvbGYgTHVnZW5idXJnXQpOw6NvIGRlc29ucmUgbyByZWlubyBkZSBSdW5lLU1pZGdhcmQu,,W1dvbGYgTHVnZW5idXJnXQpObyBkZXNob25yZXMgYWwgcmVpbm8gZGUgUnVuZS1NaWRnYXJkLg==
O1ehDA,W+uzvO2UhCDrorDqspDrtoDrpbTqt7hdCuygnCDsnbTrpoTsnbQg7JOw7J24IOy5tOuTnOulvCAxMDDsnqUg7J207IOBIOqwgOyngOqzoCDqs4Tsi5zripTqtbDsmpQuIOybkO2VmOyLoOuLpOuptCAxMDDsnqXsnZgg7Lm065Oc66W8IO2KueuzhO2VnCDsubTrk5wgMeyepeycvOuhnCDqtZDtmZjtlbTrk5zrprQg7IiYIOyeiOyKteuLiOuLpC4=,W1dvbGYgTHVnZW5idXJnXQpEbyB5b3UgaGF2ZSAxMDAgV29sZiBBdXRvZ3JhcGggQ2FyZHM/IFdvdWxkIHlvdSBhY2NlcHQgZXhjaGFuZ2luZyB0aGVtIGZvciAxIFdvbGYgQ2FyZD8=,,,,,W1dvbGYgTHVnZW5idXJnXQpWb2PDqiB0ZW0gMTAwIENhcnRhIEF1dMOzZ3JhZm9zIGRlIFdvbGY/IEFjZWl0YXJpYSB0cm9jYXIgcG9yIDEgQ2FydGEgV29sZj8=,,W1dvbGYgTHVnZW5idXJnXQrCv1RpZW5lcyAxMDAgQ2FydGFzIEZpcm1hZGFzIHBvciBXb2xmPyDCv0FjZXB0YXLDrWFzIGNhbWJpYXJsYXMgcG9yIDEgQ2FydGEgV29sZj8=
PFehDA,W+uzvO2UhCDrorDqspDrtoDrpbTqt7hdCu2KueuzhO2VnCDsubTrk5zsl5DripQg6reA7KSR7ZWcIO2emOydtCDri7TqsqjsnojsirXri4jri6QuIOuLpOyLnCDsg53qsIHtlbTrs7Tsi5zripQg6rG0IOyWtOuWu+yKteuLiOq5jD8=,W1dvbGYgTHVnZW5idXJnXQouLi4gSSBhY2NlcHQgeW91ciByZWZ1c2FsLg==,,,,,W1dvbGYgTHVnZW5idXJnXQouLi4gQWNlaXRvIHN1YSByZWN1c2Eu,,W1dvbGYgTHVnZW5idXJnXQouLi4gQWNlcHRvIHR1IG5lZ2F0aXZhLg==
PVehDA,W+uzvO2UhCDrorDqspDrtoDrpbTqt7hdCuu2gOuUlCDsnbQg7Lm065Oc6rCAIHswfeuLmOydmCDrqqjtl5jsl5Ag64+E7JuA7J20IOuQmOyXiOycvOuptCDsoovqsqDrhKTsmpQu,W1dvbGYgTHVnZW5idXJnXQpBdXRvZ3JhcGhzIGV4Y2hhbmdlZCwgezB9Lg==,,,,,W1dvbGYgTHVnZW5idXJnXQpBdXTDs2dyYWZvcyB0cm9jYWRvcywgezB9Lg==,,W1dvbGYgTHVnZW5idXJnXQpBdXTDs2dyYWZvcyBjYW1iaWFkb3MsIHswfS4=
PlehDA,W+uzvO2UhCDrorDqspDrtoDrpbTqt7hdCuygnCDsnbTrpoTsnbQg7JOw7Jes7KeEIOy5tOuTnOydmCDshozsp4Drn4nsnbQgMTAw6rCc6rCAIOuQmOuptCDsoIDrpbwg7LC+7JWE7JmAIOyjvOyEuOyalC4g7IOI66Gc7Jq0IO2emOydtCDquYPrk6Ag7Lm065Oc66GcIOq1kO2ZmO2VtOuTnOumrOqyoOyKteuLiOuLpC4=,W1dvbGYgTHVnZW5idXJnXQpJZiB5b3UgYnJpbmcgbWUgMTAwIG9mIG15IGF1dG9ncmFwaHMsIEkgY2FuIGdpdmUgeW91IDEgQ2FyZCB3aXRoIG15IG5hbWUuIFlvdSBkb24ndCBoYXZlIGVub3VnaCBhdCB0aGUgbW9tZW50Lg==,,,,,W1dvbGYgTHVnZW5idXJnXQpTZSB2b2PDqiBtZSB0cm91eGVyIDEwMCBDYXJ0YSBBdXTDs2dyYWZvcyBtZXVzLCBwb3NzbyB0ZSBkYXIgMSBDYXJ0YSBjb20gbyBtZXUgbm9tZS4gVm9jw6ogbsOjbyB0ZW0gbyBzdWZpY2llbnRlIG5vIG1vbWVudG8u,,W1dvbGYgTHVnZW5idXJnXQpTaSBtZSB0cmFlcyAxMDAgQ2FydGEgRmlybWFkYXMgbcOtb3MsIHB1ZWRvIGRhcnRlIDEgQ2FydGEgY29uIG1pIG5vbWJyZS4gTm8gdGllbmVzIHN1ZmljaWVudGUgZW4gZXN0ZSBtb21lbnRvLg==
P1ehDA,7Y+sIOumrO2VmOultO2KuA==,UG8gUmljaGFyZA==,,,,,UG8gUmljaGFyZA==,,UG8gUmljaGFyZA==
QFehDA,W+2PrCDrpqztlZjrpbTtirhdCuqwgOusuOydhCDrjIDtkZztlZjsl6wg7J2067KIIOyCrOuDpeuMgO2ajOulvCDssLjqtIDtlZjrn6wg7JmU64uk64SkLg==,W1BvIFJpY2hhcmRdCkluIHRoZSBuYW1lIG9mIHRoZSBSaWNoYXJkIGZhbWlseSwgSSBjYW1lIHRvIGhvbm9yIHRoZSByb3lhbCBodW50cy4=,,,,,W1BvIFJpY2hhcmRdCkVtIG5vbWUgZGEgZmFtw61saWEgUmljaGFyZCwgdmltIHByZXN0aWdpYXIgYXMgY2HDp2FkYXMgcmVhaXMu,,W1BvIFJpY2hhcmRdCkVuIG5vbWJyZSBkZSBsYSBmYW1pbGlhIFJpY2hhcmQsIHZpbmUgYSBwcmVzdGlnaWFyIGxhcyBjYWNlcsOtYXMgcmVhbGVzLg==
QVehDA,W+2PrCDrpqztlZjrpbTtirhdCuuwmOqwkeuLpCB7MH0g64K0IOydtOumhOydgCDtj6wg66as7ZWY66W07Yq4Lg==,W1BvIFJpY2hhcmRdClRoYW5rIHlvdSBmb3IgdGhlIHF1ZXN0aW9uLCB7MH0uIEkgYW0gd2VsbC4=,,,,,W1BvIFJpY2hhcmRdCk9icmlnYWRvIHBlbGEgcGVyZ3VudGEsIHswfS4gRXUgZXN0b3UgYmVtLg==,,W1BvIFJpY2hhcmRdCkdyYWNpYXMgcG9yIGxhIHByZWd1bnRhLCB7MH0uIEVzdG95IGJpZW4u
QlehDA,W+2PrCDrpqztlZjrpbTtirhdCuydtOuyiCDsgqzrg6XrjIDtmozripQg7Yq57Z6IIOycoOuKpe2VmOqzoCDqsJXtlZwg66qo7ZeY6rCA65Ok7J20IOunjuydtCDssLjqsIDtlZzri6TripQg7IaM7Iud7J2EIOuTpOyXiOuLpOuEpC4=,W1BvIFJpY2hhcmRdClRoZSBSb3lhbCBIdW50IGV2ZW50IHNlcnZlcyB0byBvYnNlcnZlIHRoZSBhYmlsaXRpZXMgb2Ygb3VyIHdhcnJpb3JzLg==,,,,,W1BvIFJpY2hhcmRdCk8gZXZlbnRvIGRhIENhw6dhZGEgUmVhbCBzZXJ2ZSBwYXJhIG9ic2VydmFyIGFzIGhhYmlsaWRhZGVzIGRvcyBub3Nzb3MgZ3VlcnJlaXJvcy4=,,W1BvIFJpY2hhcmRdCkVsIGV2ZW50byBkZSBsYSBDYWNlcsOtYSBSZWFsIHNpcnZlIHBhcmEgb2JzZXJ2YXIgbGFzIGhhYmlsaWRhZGVzIGRlIG51ZXN0cm9zIGd1ZXJyZXJvcy4=
Q1ehDA,W+2PrCDrpqztlZjrpbTtirhdCu2dpeuvuOqwgCDsg53qsqjshJwg7J2066CH6rKMIOywuOq0gO2VmOufrCDsmZTsp4AsIOumrO2VmOultO2KuCDqsIDrrLjsnbQg7LC46rSA7ZWY65+sIOyYpOuKlCDqsoPsnYAg7J2067KI7J20IOyymOydjOydvOyEuC4=,W1BvIFJpY2hhcmRdCkkgaG9wZSB0byBmaW5kIHNvbWV0aGluZyBnb29kIGFtb25nIHRoZSBjb21wZXRpdG9ycy4=,,,,,W1BvIFJpY2hhcmRdCkVzcGVybyBlbmNvbnRyYXIgYWxndW1hIGNvaXNhIGJvYSBlbnRyZSBvcyBjb21wZXRpZG9yZXMu,,W1BvIFJpY2hhcmRdCkVzcGVybyBlbmNvbnRyYXIgYWxnbyBidWVubyBlbnRyZSBsb3MgY29tcGV0aWRvcmVzLg==
RFehDA,W+2PrCDrpqztlZjrpbTtirhdCuyekOuEpCwg6rCA67Cp7J20IOustOqxsOybjCDrs7TsnbTripTqtbAu,W1BvIFJpY2hhcmRdCldlaWdodC4gRWl0aGVyIGl0J3MgbGl0dGxlIHNwYWNlIGZvciBuZXcgaXRlbXMsIG9yIHlvdSBhcmUgY2Fycnlpbmcgc29tZXRoaW5nIHZlcnkgaGVhdnku,,,,,W1BvIFJpY2hhcmRdClBlc28uIE91IMOpIHBvdWNvIGVzcGHDp28gcGFyYSBub3ZvcyBpdGVucywgb3UgZXN0w6EgY2FycmVnYW5kbyBhbGdvIG11aXRvIHBlc2Fkby4=,,W1BvIFJpY2hhcmRdClBlc28uIE8gZXMgcG9jbyBlc3BhY2lvIHBhcmEgbnVldm9zIMOtdGVtcywgbyBlc3TDoXMgY2FyZ2FuZG8gYWxnbyBtdXkgcGVzYWRvLg==
RVehDA,W+2PrCDrpqztlZjrpbTtirhdCuqwgOuwqSDslYjsnYQg7KGw6riIIOu5hOybjOuGk+qzoCDrgpjrpbwg64uk7IucIOywvuyVhOyYpOqyjOuCmC4=,W1BvIFJpY2hhcmRdClBhdGhldGljLg==,,,,,W1BvIFJpY2hhcmRdClBhdMOpdGljby4=,,W1BvIFJpY2hhcmRdClBhdMOpdGljby4=
RlehDA,W+2PrCDrpqztlZjrpbTtirhdCuuCtCDsnbTrpoTsnbQg7JOw7J24IOy5tOuTnOulvCAxMDDsnqUg7J207IOBIOqwgOyngOqzoCDsnojqtazrgpguIOybkO2VnOuLpOuptCAxMDDsnqXsnZgg7Lm065Oc66W8IO2KueuzhO2VnCDsubTrk5wgMeyepeycvOuhnCDqtZDtmZjtlbTso7zqsqDrhKQu,W1BvIFJpY2hhcmRdCkRpZCB5b3UgbWFuYWdlIHRvIGNvbGxlY3QgMTAwIGF1dG9ncmFwaHMgd2l0aCBteSBuYW1lPyBEb24ndCB5b3Ugd2FudCB0byBleGNoYW5nZSB0aGVtIGZvciAxIENhcmQgd2l0aCBteSBuYW1lPw==,,,,,W1BvIFJpY2hhcmRdClZvY8OqIGNvbnNlZ3VpdSBqdW50YXIgMTAwIGF1dMOzZ3JhZm9zIGNvbSBtZXUgbm9tZT8gTsOjbyBxdWVyIHRyb2NhciBwb3IgMSBDYXJ0YSBjb20gbyBtZXUgbm9tZT8=,,W1BvIFJpY2hhcmRdCsK/TG9ncmFzdGUganVudGFyIDEwMCBDYXJ0YSBGaXJtYWRhcyBjb24gbWkgbm9tYnJlPyDCv05vIHF1aWVyZXMgY2FtYmlhcmxvcyBwb3IgMSBDYXJ0YSBjb24gbWkgbm9tYnJlPw==
R1ehDA,W+2PrCDrpqztlZjrpbTtirhdCuyekOuEpOqwgCDqsIDsp4Dqs6Ag7J6I64qUIDEwMOyepeydmCDsubTrk5zrs7Tri6Qg642UIOqwgOy5mOyeiOuKlCAx7J6l7J2YIOy5tOuTnOydvO2FkOuNsC4uLg==,W1BvIFJpY2hhcmRdCkl0IHdvdWxkIGJlIGEgY2FyZCBtb3JlIHZhbHVhYmxlIHRoYW4gdGhlIDEwMCBjYXJkcyB5b3UgaGF2ZS4uLg==,,,,,W1BvIFJpY2hhcmRdClNlcmlhIHVtYSBjYXJ0YSBtYWlzIHZhbGlvc2EgZG8gcXVlIGFzIDEwMCBjYXJ0YXMgcXVlIHZvY8OqIHRlbS4uLg==,,W1BvIFJpY2hhcmRdClNlcsOtYSB1bmEgY2FydGEgbcOhcyB2YWxpb3NhIHF1ZSBsYXMgMTAwIGNhcnRhcyBxdWUgdGllbmVzLi4u
SFehDA,W+2PrCDrpqztlZjrpbTtirhdCuyekOuEpOyXkOqyjCDqt4DspJHtlZwg7Lm065Oc6rCAIOuQoCDqsoPsnbTrhKQsIOycoOyaqe2VmOqyjCDsgqzsmqntlZjrj4TroZ0g7ZWY6528Lg==,W1BvIFJpY2hhcmRdClNlZSBpZiB5b3UgbGlrZWQgaXQu,,,,,W1BvIFJpY2hhcmRdClZlamEgc2UgZ29zdG91Lg==,,W1BvIFJpY2hhcmRdClZlIHNpIHRlIGd1c3TDsy4=
SVehDA,W+2PrCDrpqztlZjrpbTtirhdCuuCmOydmCDsnbTrpoTsnbQg7JOw7Jes7KeEIOy5tOuTnCAxMDDsnqXsnYQg6rCA7KeA6rOgIOyYpOqyjOuCmCwg66qo7ZeY7JeQIOunpOyasCDsnKDsmqntlZjqsowg7JOw7J28IOy5tOuTnOuhnCDqtZDtmZjtlbQg7KSEIO2EsOydtOuLiC4=,W1BvIFJpY2hhcmRdCklmIHlvdSBicmluZyBtZSAxMDAgb2YgbXkgYXV0b2dyYXBocywgSSBjYW4gZ2l2ZSB5b3UgMSBDYXJkIHdpdGggbXkgbmFtZS4gWW91IGRvbid0IGhhdmUgZW5vdWdoIGF0IHRoZSBtb21lbnQu,,,,,W1BvIFJpY2hhcmRdClNlIHZvY8OqIG1lIHRyb3V4ZXIgMTAwIENhcnRhIEF1dMOzZ3JhZm9zIG1ldXMsIHBvc3NvIHRlIGRhciAxIENhcnRhIGNvbSBvIG1ldSBub21lLiBWb2PDqiBuw6NvIHRlbSBvIHN1ZmljaWVudGUgbm8gbW9tZW50by4=,,W1BvIFJpY2hhcmRdClNpIG1lIHRyYWVzIDEwMCBDYXJ0YSBGaXJtYWRhcyBtw61vcywgcHVlZG8gZGFydGUgMSBDYXJ0YSBjb24gbWkgbm9tYnJlLiBObyB0aWVuZXMgc3VmaWNpZW50ZSBlbiBlc3RlIG1vbWVudG8u
SlehDA,7ZSE66as65Oc66as7Z6IIFMuIO2VmOydtOuEpA==,RnJpZWRyaWNoIFMuIEhlaW5l,,,,,RnJpZWRyaWNoIFMuIEhlaW5l,,RnJpZWRyaWNoIFMuIEhlaW5l
S1ehDA,W+2UhOumrOuTnOumrO2eiF0K7J6Q64Sk64+EIOyCrOuDpeuMgO2ajOyXkCDssLjqsIDtlZjrn6wg7JioIOuqqOyWkeydtOq1sC4=,W0ZyaWVkcmljaF0KSXQgc2VlbXMgeW91IGFsc28gY2FtZSB0byBwYXJ0aWNpcGF0ZSBpbiB0aGUgUm95YWwgSHVudC4=,,,,,W0ZyaWVkcmljaF0KUGFyZWNlIHF1ZSB2b2PDqiB0YW1iw6ltIHZlaW8gcGFydGljaXBhciBkYSBDYcOnYWRhIFJlYWwu,,W0ZyaWVkcmljaF0KUGFyZWNlIHF1ZSB0w7ogdGFtYmnDqW4gdmluaXN0ZSBhIHBhcnRpY2lwYXIgZW4gbGEgQ2FjZXLDrWEgUmVhbC4=
TFehDA,7J247IKs7ZWc64ukLg==,R3JlZXQgaGltLg==,,,,,Q3VtcHJpbWVudMOhLWxvLg==,,U2FsdWRhcmxvLg==
TVehDA,W+2UhOumrOuTnOumrO2eiF0K64KY64qUIO2VmOydtOuEpCDqsIDrrLjsnZgg7ZSE66as65SU66as7Z6IIOyKiO2GqOy4oC4=,W0ZyaWVkcmljaF0KSSBhbSBGcmllZHJpY2ggU3RvbHogb2YgdGhlIEhlaW5lIGZhbWlseS4=,,,,,W0ZyaWVkcmljaF0KRXUgc291IEZyaWVkcmljaCBTdG9seiBkYSBmYW3DrWxpYSBIZWluZS4=,,W0ZyaWVkcmljaF0KWW8gc295IEZyaWVkcmljaCBTdG9seiBkZSBsYSBmYW1pbGlhIEhlaW5lLg==
TlehDA,W+2UhOumrOuTnOumrO2eiF0K66eO7J2AIOuqqO2XmOqwgOuTpOydtCDsgqzrg6Ug64yA7ZqM7JeQIOywuOqwgO2VmOqzoCDsnojripQg7KSR7J2066Gc6rWwLCDri4jtnpDsnYAg7KSR7JqU7ZWcIO2WieyCrOulvCDsuZjrpbTqs6Ag7J6I7Ja07IScIOuMgOyLoO2VtOyEnCDrgrTqsIAg64KY7JmU64SkLg==,W0ZyaWVkcmljaF0KTWFueSBhZHZlbnR1cmVycyBhcmUgcGFydGljaXBhdGluZyBpbiB0aGUgUm95YWwgSHVudCwgSSBzZWUuIE5paGlsIGlzIGhhbmRsaW5nIGFuIGltcG9ydGFudCBldmVudCwgc28gSSBjYW1lIGluIGhpcyBwbGFjZS4=,,,,,W0ZyaWVkcmljaF0KTXVpdG9zIGF2ZW50dXJlaXJvcyBlc3TDo28gcGFydGljaXBhbmRvIGRhIENhw6dhZGEgUmVhbCwgdmVqby4gTmloaWwgZXN0w6EgbGlkYW5kbyBjb20gdW0gZXZlbnRvIGltcG9ydGFudGUsIGVudMOjbyB2aW0gZW0gc2V1IGx1Z2FyLg==,,W0ZyaWVkcmljaF0KTXVjaG9zIGF2ZW50dXJlcm9zIGVzdMOhbiBwYXJ0aWNpcGFuZG8gZW4gbGEgQ2FjZXLDrWEgUmVhbCwgdmVvLiBOaWhpbCBlc3TDoSBtYW5lamFuZG8gdW4gZXZlbnRvIGltcG9ydGFudGUsIGFzw60gcXVlIHZpbmUgZW4gc3UgbHVnYXIu
T1ehDA,W+2UhOumrOuTnOumrO2eiF0K64uI7Z6Q7J2YIOydtOumhOydtCDsoIHtnowg7Lm065Oc66W8IDEwMOyepSDqsIDsoLjsmKjri6TrqbQg64K06rCAIO2KueuzhO2VnCDsubTrk5zroZwg6rWQ7ZmY7ZW0IOyjvOqyoOuLpC4=,W0ZyaWVkcmljaF0KSSBvZmZlcmVkIHRvIGhlbHAgTmloaWwsIHNvIEkgYW0gaGFuZGxpbmcgdGhlIGV4Y2hhbmdlcy4=,,,,,W0ZyaWVkcmljaF0KRXUgbWUgb2ZlcmVjaSBwYXJhIGFqdWRhciBOaWhpbCwgZW50w6NvIGVzdG91IHJlYWxpemFuZG8gYXMgdHJvY2FzLiA=,,W0ZyaWVkcmljaF0KTWUgb2ZyZWPDrSBwYXJhIGF5dWRhciBhIE5paGlsLCBhc8OtIHF1ZSBlc3RveSByZWFsaXphbmRvIGxvcyBjYW1iaW9zLg==
UFehDA,W+2UhOumrOuTnOumrO2eiF0K67O07JWE7ZWY64uIIOyekOuEpOuKlCDsi6TroKUg7J6I64qUIOuqqO2XmOqwgCDqsJnsnYDrjbAg7KeE7KeA7ZWY6rKMIOyehO2VnOuLpOuptCAxMDDsnqUg7KCV64+E64qUIOq4iOuwqSDrqqjslYTsmKwg7IiYIOyeiOydhCDqsbjshLgu,W0ZyaWVkcmljaF0KSnVzdCBicmluZyBtZSAxMDAgQXV0b2dyYXBocyBvZiBOaWhpbCBhbmQgSSB3aWxsIGV4Y2hhbmdlIHRoZW0gZm9yIGhpcyBjYXJkLg==,,,,,W0ZyaWVkcmljaF0KQmFzdGEgbWUgdHJhemVyIDEwMCBBdXTDs2dyYWZvcyBkbyBOaWhpbCBxdWUgdHJvY2FyZWkgcGVsYSBjYXJ0YSBkZWxlLg==,,W0ZyaWVkcmljaF0KU29sbyB0csOhZW1lIDEwMCBDYXJ0YSBGaXJtYWRhcyBkZSBOaWhpbCB5IGxvcyBjYW1iaWFyw6kgcG9yIHN1IGNhcnRhLg==
UVehDA,W+2UhOumrOuTnOumrO2eiF0K7KeA6riIIOyekOuEpOuKlCDrp6TsmrAg67aI7Y647ZWcIOuqqOyWkeydtOq1sCwg6rCA67Cp7JeQIOynkOydtCDrhIjrrLQg66eO7JWEIOuztOyXrC4=,W0ZyaWVkcmljaF0KWW91ciBmYWNlIGlzIHBhbGUsIGFyZSB5b3Ugc3VyZSB5b3UgY2FuIGNhcnJ5IGFsbCB0aGF0Pw==,,,,,W0ZyaWVkcmljaF0KU2V1IHJvc3RvIGVzdMOhIHDDoWxpZG8sIHRlbSBjZXJ0ZXphIHF1ZSB2b2PDqiBjb25zZWd1ZSBjYXJyZWdhciB0dWRvIGlzc28/,,W0ZyaWVkcmljaF0KVHUgcm9zdHJvIGVzdMOhIHDDoWxpZG8sIMK/c2VndXJvIHF1ZSBwdWVkZXMgY2FyZ2FyIHRvZG8gZXNvPw==
UlehDA,W+2UhOumrOuTnOumrO2eiF0K6rCA67Cp7J2YIOynkOydhCDsobDquIgg642c7Ja064K4IO2bhOyXkCDrgpjsl5Dqsowg64uk7IucIOyYpOuPhOuhnSDtlZjqsowu,W0ZyaWVkcmljaF0KV291bGRuJ3QgeW91IHByZWZlciB0byBsaWdodGVuIHRoZSBiYWc/,,,,,W0ZyaWVkcmljaF0KTsOjbyBwcmVmZXJlIGFsaXZpYXIgYSBjYXJnYT8=,,W0ZyaWVkcmljaF0Kwr9ObyBwcmVmaWVyZXMgYWxpdmlhciBsYSBjYXJnYT8=
U1ehDA,W+2UhOumrOuTnOumrO2eiF0K64uI7Z6Q7J2YIOydtOumhOydtCDsoIHtnowg7Lm065Oc66W8IDEwMOyepSDsnbTsg4Eg6rCA7KeA6rOgIOyeiOq1rOuCmCwg6re4IDEwMOyepeydhCDtirnrs4TtlZwg7Lm065Oc66GcIOq1kO2ZmO2VmOyngCDslYrqsqDrgpg/,W0ZyaWVkcmljaF0KSWYgeW91IGJyaW5nIG1lIDEwMCBBdXRvZ3JhcGhzIG9mIE5paGlsLCBJIGNhbiBnaXZlIHlvdSAxIG9mIGhpcyBDYXJkcy4=,,,,,W0ZyaWVkcmljaF0KU2Ugdm9jw6ogbWUgdHJvdXhlciAxMDAgQXV0w7NncmFmb3MgZGUgTmloaWwsIHBvc3NvIHRlIGRhciAxIENhcnRhIGRlbGUu,,W0ZyaWVkcmljaF0KU2kgbWUgdHJhZXMgMTAwIENhcnRhIEZpcm1hZGFzIGRlIE5paGlsLCBwdWVkbyBkYXJ0ZSAxIENhcnRhIHN1eWEu
VFehDA,W+2UhOumrOuTnOumrO2eiF0K7Yq567OE7ZWcIOy5tOuTnOyXkOuKlCDqsJXtlZwg7Z6Y7J20IOq5g+uTpOyWtCDsnojrhKQsIO2VhOyalO2VmOqyjCDrkJjrqbQg64uk7IucIOywvuyVhOyZgCDso7zqsozrgpgu,W0ZyaWVkcmljaF0KQWxyaWdodCwgZmVlbCBmcmVlLg==,,,,,W0ZyaWVkcmljaF0KQ2VydG8sIGZpcXVlIMOgIHZvbnRhZGUu,,W0ZyaWVkcmljaF0KRXN0w6EgYmllbiwgc2nDqW50ZXRlIGxpYnJlLg==
VVehDA,W+2UhOumrOuTnOumrO2eiF0K7J20IOy5tOuTnOqwgCDri7nsi6DsnZgg66qo7ZeY7JeQIOuPhOybgOydtCDrkKAg6rG47IS4Lg==,W0ZyaWVkcmljaF0KRXhjaGFuZ2UgY29tcGxldGVkLCB0aGFuayB5b3Uu,,,,,W0ZyaWVkcmljaF0KVHJvY2EgcmVhbGl6YWRhLCBvYnJpZ2Fkby4=,,W0ZyaWVkcmljaF0KQ2FtYmlvIHJlYWxpemFkbywgZ3JhY2lhcy4=
VlehDA,W+2UhOumrOuTnOumrO2eiF0K64uI7Z6Q7J2YIOydtOumhOydtCDsoIHtnowg7Lm065Oc66W8IDEwMOyepSDqsIDsoLjsmKTqsozrgpgu,W0ZyaWVkcmljaF0KSWYgeW91IGJyaW5nIG1lIDEwMCBvZiBteSBhdXRvZ3JhcGhzLCBJIGNhbiBnaXZlIHlvdSAxIENhcmQgd2l0aCBteSBuYW1lLiBZb3UgZG9uJ3QgaGF2ZSBlbm91Z2ggYXQgdGhlIG1vbWVudC4=,,,,,W0ZyaWVkcmljaF0KU2Ugdm9jw6ogbWUgdHJvdXhlciAxMDAgQ2FydGEgQXV0w7NncmFmb3MgbWV1cywgcG9zc28gdGUgZGFyIDEgQ2FydGEgY29tIG8gbWV1IG5vbWUuIFZvY8OqIG7Do28gdGVtIG8gc3VmaWNpZW50ZSBubyBtb21lbnRvLg==,,W0ZyaWVkcmljaF0KU2kgbWUgdHJhZXMgMTAwIENhcnRhIEZpcm1hZGFzIG3DrW9zLCBwdWVkbyBkYXJ0ZSAxIENhcnRhIGNvbiBtaSBub21icmUuIE5vIHRpZW5lcyBzdWZpY2llbnRlIGVuIGVzdGUgbW9tZW50by4=
V1ehDA,7YGs66Op7IqkIO2MjOyduOuNuA==,Q3J1eCBGaW5kZWw=,,,,,Q3J1eCBGaW5kZWw=,,Q3J1eCBGaW5kZWw=
WFehDA,W+2BrOujqeyKpCDtjIzsnbjrjbhdCuuCoOyUqOqwgCDrrLTsspkg7KKL6rWw7JqULiDri6Trk6Qg7KaQ6rGw7JuM7ZWY7Iuc64qUIOuTr+2VmOqzoOyalC4=,W0NydXggRmluZGVsXQpUaGUgd2VhdGhlciBpcyB2ZXJ5IGdvb2QuIEV2ZXJ5b25lIHNlZW1zIHRvIGJlIGhhdmluZyBmdW4u,,,,,W0NydXggRmluZGVsXQpPIGNsaW1hIGVzdMOhIG11aXRvIGJvbS4gVG9kb3MgcGFyZWNlbSBlc3RhciBzZSBkaXZlcnRpbmRvLg==,,W0NydXggRmluZGVsXQpFbCBjbGltYSBlc3TDoSBtdXkgYnVlbm8uIFRvZG9zIHBhcmVjZW4gZXN0YXIgZGl2aXJ0acOpbmRvc2Uu
WVehDA,67O07IqkIOygnOyWtA==,Qm9zcyBDb250cm9s,,,,,Qm9zcyBDb250cm9s,,Qm9zcyBDb250cm9s
WlehDA,7IKs64Ol7YSw7JeQIOq1tuyjvOumsCDrsJTtj6zrqZTtirjqsIAg64KY7YOA64Ks7Iq164uI64ukIQ==,Q2FyZWZ1bCEgQSBSYXZlbm91cyBCYXBob21ldCBoYXMgYXBwZWFyZWQhIQ==,,,,,Q3VpZGFkbyEgVW0gQmFmb23DqSBWb3JheiBhcGFyZWNldSEh,,wqFDdWlkYWRvISDCocKhVW4gQmFwaG9tZXQgVm9yYXogYXBhcmVjacOzISE=
W1ehDA,7KSR67O07IqkIOygnOyWtA==,TWlkLUJvc3MgQ29udHJvbA==,,,,,TWlkLUJvc3MgQ29udHJvbA==,,TWlkLUJvc3MgQ29udHJvbA==
XFehDA,67CU7KO8,QmFwaEo=,,,,,QmFwaEo=,,QmFwaEo=
XVehDA,6rW27KO866awIOuwlO2PrOuplO2KuCDso7zri4jslrQ=,Q3J1ZWwgQmFwaG9tZXQgSnIu,,,,,QmFmb23DqSBKci4gQ3J1ZWw=,,QmFwaG9tZXQgSnIuIENydWVs
XlehDA,7IKs64Ol7YSw7JeQIOq1tuyjvOumsCDrsJTtj6zrqZTtirgg7KO864uI7Ja06rCAIOuCmO2DgOuCrOyKteuLiOuLpCE=,Q2FyZWZ1bCEgQSBDcnVlbCBCYXBob21ldCBKci4gaGFzIGFwcGVhcmVkISE=,,,,,Q3VpZGFkbyEgVW0gQmFmb23DqSBKci4gQ3J1ZWwgYXBhcmVjZXUhIQ==,,wqFDdWlkYWRvISDCocKhVW4gQmFwaG9tZXQgSnIuIENydWVsIGFwYXJlY2nDsyEh
X1ehDA,65ag64qR,V2lsZFc=,,,,,V2lsZFc=,,V2lsZFc=
YFehDA,7JiI66+87ZW07KeEIOuWoOuPjOydtCDripHrjIA=,V2lsZCBXb2xm,,,,,TG9ibyBTZWx2YWdlbQ==,,TG9ibyBTYWx2YWpl
YVehDA,7IKs64Ol7YSw7JeQIOyYiOuvvO2VtOynhCDrlqDrj4zsnbQg64qR64yA6rCAIOuCmO2DgOuCrOyKteuLiOuLpCE=,Q2FyZWZ1bCEgQSBXaWxkIFdvbGYgaGFzIGFwcGVhcmVkISE=,,,,,Q3VpZGFkbyEgVW0gTG9ibyBTZWx2YWdlbSBhcGFyZWNldSEh,,wqFDdWlkYWRvISDCocKhVW4gTG9ibyBTYWx2YWplIGFwYXJlY2nDsyEh
YlehDA,7J207YG0,RWNsaXA=,,,,,RWNsaXA=,,RWNsaXA=
Y1ehDA,67Cw6rOg7ZSIIOydtO2BtOumveyKpA==,QmFyYmFyaWMgRWNsaXBzZQ==,,,,,RWNsaXBzZSBCw6FyYmFybw==,,RWNsaXBzZSBCw6FyYmFybw==
ZFehDA,7IKs64Ol7YSw7JeQIOuwsOqzoO2UiCDsnbTtgbTrpr3siqTqsIAg64KY7YOA64Ks7Iq164uI64ukIQ==,Q2FyZWZ1bCEgQSBCYXJiYXJpYyBFY2xpcHNlIGhhcyBhcHBlYXJlZCEh,,,,,Q3VpZGFkbyEgVW0gRWNsaXBzZSBCw6FyYmFybyBhcGFyZWNldSEh,,wqFDdWlkYWRvISDCocKhVW4gRWNsaXBzZSBCw6FyYmFybyBhcGFyZWNpw7MhIQ==
ZVehDA,67O07Lus,Vm9jYWw=,,,,,Vm9jYWw=,,Vm9jYWw=
ZlehDA,7ZuE7ZqM7KSR7J24IOuztOy7rA==,Q3J1ZWwgVm9jYWw=,,,,,Vm9jYWwgQ3J1ZWw=,,Vm9jYWwgQ3J1ZWw=
Z1ehDA,7IKs64Ol7YSw7JeQIO2bhO2ajOykkeyduCDrs7Tsu6zsnbQg64KY7YOA64Ks7Iq164uI64ukIQ==,Q2FyZWZ1bCEgQSBDcnVlbCBWb2NhbCBoYXMgYXBwZWFyZWQh,,,,,Q3VpZGFkbyEgVW0gVm9jYWwgQ3J1ZWwgYXBhcmVjZXUh,,wqFDdWlkYWRvISDCoVVuIFZvY2FsIENydWVsIGFwYXJlY2nDsyE=
aFehDA,7Jq06rOo,VW5nb2w=,,,,,VW5nb2w=,,VW5nb2w=
aVehDA,67CU7KeA65+w7ZWcIOyatOqzqOumrOyViO2KuA==,VmlvbGVudCBVbmdvbGlhbnQ=,,,,,VW5nb2xpYW50IFZpb2xlbnRv,,VW5nb2xpYW50IFZpb2xlbnRv
alehDA,7IKs64Ol7YSw7JeQIOuwlOyngOufsO2VnCDsmrTqs6jrpqzslYjtirjqsIAg64KY7YOA64Ks7Iq164uI64ukIQ==,Q2FyZWZ1bCEgQSBWaW9sZW50IFVuZ29saWFudCBoYXMgYXBwZWFyZWQhIQ==,,,,,Q3VpZGFkbyEgVW0gVW5nb2xpYW50IFZpb2xlbnRvIGFwYXJlY2V1ISE=,,wqFDdWlkYWRvISDCocKhVW4gVW5nb2xpYW50IFZpb2xlbnRvIGFwYXJlY2nDsyEh
a1ehDA,67CU7Y+s66mU7Yq4IOyjvOuLiOyWtA==,QmFwaEo=,,,,,QmFwaEo=,,QmFwaEo=
bFehDA,65ag64+M7J20IOuKkeuMgA==,V2lsZFc=,,,,,V2lsZFc=,,V2lsZFc=
bVehDA,7J207YG066a97Iqk,RWNsaXA=,,,,,RWNsaXA=,,RWNsaXA=
blehDA,7Jq06rOo66as7JWI7Yq4,VW5nb2w=,,,,,VW5nb2w=,,VW5nb2w=
b1ehDA,7YyM7J246rKU,RmluZWdlbA==,,,,,RmluZWdlbA==,,RmluZWdlbA==
cFehDA,W+2MjOyduOqylF0K64uI7Z6QIOuLmCDsubTrk5zsmYAg7Jyg66W06rKQIOuLmCDsubTrk5wg6rWQ7ZmY7ZWY7IukIOu2hH4g7KCc6rCAIOycoOultOqykCDri5gg7Lm065OcIOuTnOumrOuKlCDsqr3snoXri4jri6Qh,W0ZpbmVnZWxdCkFueW9uZSB0aGVyZSB3aXRoIE5paGlsJ3MgYXV0b2dyYXBocz8h,,,,,W0ZpbmVnZWxdCkFsZ3XDqW0gYcOtIGNvbSBhdXTDs2dyYWZvcyBkbyBOaWhpbD8h,,W0ZpbmVnZWxdCsKhwr9BbGd1aWVuIGFow60gY29uIENhcnRhcyBGaXJtYWRhcyBwb3IgTmloaWw/IQ==
cVehDA,W+2MjOyduOqylF0K64uI7Z6QIOuLmCDsubTrk5wg64Ko7Jy87Iuc64qUIOu2hCDsoIDsmYAg6rWQ7ZmY7ZW07JqUfiEh,W0ZpbmVnZWxdCkkgYW0gZXhjaGFuZ2luZyBmb3IgU2tpYSdzIGF1dG9ncmFwaHN+ISE=,,,,,W0ZpbmVnZWxdCkVzdG91IHRyb2NhbmRvIHBvciBhdXTDs2dyYWZvcyBkYSBTa2lhfiEh,,W0ZpbmVnZWxdCsKhwqFFc3RveSBjYW1iaWFuZG8gcG9yIENhcnRhcyBGaXJtYWRhcyBwb3IgU2tpYX4hIQ==
clehDA,67CY7Y+s7J20,TG9lbA==,,,,,TG9lbA==,,TG9lbA==
c1ehDA,W+uwmO2PrOydtF0K7JWE6re464Sk7IqkIOuLmCDsubTrk5wg7ISdIOyepeunjCDso7zshLjsmpTigKYg7KCc6rCAIOuTnOumtCDsubTrk5zripQg7JeG7KeA66eM4oCmIO2bjOypjS4=,W0xvZWxdClRoZSBtb25zdGVycyBpbiB0aGUgaHVudGluZyBmaWVsZCBhcmUgd2VhayBhdCBsZWFzdC4=,,,,,W0xvZWxdCkF0w6kgcXVlIG9zIG1vbnN0cm9zIGRvIGNhbXBvIGRlIGNhw6dhZGEgc8OjbyBmcmFjb3Mu,,W0xvZWxdCkhhc3RhIHF1ZSBsb3MgbW9uc3RydW9zIGRlbCBjYW1wbyBkZSBjYWNlcsOtYSBzb24gZMOpYmlsZXMu
dFehDA,W+uwmO2PrOydtF0K7JWE6re464Sk7IqkIOuLmCDsubTrk5wg7ISdIOyepeunjCDrjZQg66qo7Jy866m0IOyVhOq3uOuEpOyKpCDri5jqu5gg7KeB7KCRIO2KueuzhO2VnCDsubTrk5zroZwg6rWQ7ZmY67Cb7J2EIOyImCDsnojripTrjbAg7J6l66+46rCAIOuLpCDrlqjslrTsoYzslrTigKYg64K07J28IOyCrOuDpSDsnoTrrLTrpbwg65iQIOuwm+ydhCDrlYzquYzsp4Ag66q77LC47JWEIQ==,W0xvZWxdCkJ1dCBteSBiaWdnZXN0IGNvbmNlcm4gaXMgdGhlIHJ1bW9ycyBvZiBhIGxhcmdlIEJhcGhvbWV0IHJvYW1pbmcgYXJvdW5kIHRoZXJlIQ==,,,,,W0xvZWxdCk1hcyBhIG1pbmhhIG1haW9yIHByZW9jdXBhw6fDo28gw6kgY29tIG9zIGJvYXRvcyBkZSB1bSBncmFuZGUgQmFmb23DqSByb25kYW5kbyBwb3IgbMOhIQ==,,W0xvZWxdCsKhUGVybyBtaSBtYXlvciBwcmVvY3VwYWNpw7NuIHNvbiBsb3MgcnVtb3JlcyBkZSB1biBncmFuIEJhcGhvbWV0IHJvbmRhbmRvIHBvciBhaMOtIQ==
dVehDA,W+uwmO2PrOydtF0K7JWEfiDslYTqt7jrhKTsiqQg64uY4oCmIOyggOydmCDqvYPshqHsnbQg6rCZ7J2AIOu2hOKApg==,W0xvZWxdCkkgaGF2ZSBuZXZlciBzZWVuIGl0LCB0aGV5IHNheSBpdCBpcyB2ZXJ5IHJhcmUgdG8gYXBwZWFyLg==,,,,,W0xvZWxdCkV1IG51bmNhIG8gdmksIGRpemVtIHF1ZSBlbGUgw6kgYmVtIHJhcm8gZGUgYXBhcmVjZXIu,,W0xvZWxdCk51bmNhIGxvIGhlIHZpc3RvLCBkaWNlbiBxdWUgZXMgYmFzdGFudGUgcmFybyBxdWUgYXBhcmV6Y2Eu
dlehDA,7KeQ6r68,UmFpbXVuZG8=,,,,,UmFpbXVuZG8=,,UmFpbXVuZG8=
d1ehDA,W+ynkOq+vF0K7KCA64qUIOyCrOuDpeuMgO2ajOydmCDrs7TquInsnYQg64u064u57ZWY6rOgIOyeiOyKteuLiOuLpC4K7KCE7Yis7J2YIOq4sOuzuOydgCDrs7TquIkg7JWE64uI6rKg7Iq164uI6rmMISDrrLzroaAg7ZSE66Gg7YWM6528IOyZleq2geydtCDsp4Dsspnsl5Ag7J6I7KeA66eM7JqU4oCm,W1JhaW11bmRvXQpJIGFtIGluIGNoYXJnZSBvZiB0aGUgUm95YWwgSHVudCBzdXBwbGllcy4KVGhpcyB3YXksIHRoZSBwYXJ0aWNpcGFudHMgd29uJ3QgZmVlbCBodW5ncnku,,,,,W1JhaW11bmRvXQpFc3RvdSBlbmNhcnJlZ2FkbyBkb3Mgc3VwcmltZW50b3MgZGEgQ2HDp2FkYSBSZWFsLgpBc3NpbSwgb3MgcGFydGljaXBhbnRlcyBuw6NvIHbDo28gc2VudGlyIGZvbWUu,,W1JhaW11bmRvXQpFc3RveSBhIGNhcmdvIGRlIGxvcyBzdW1pbmlzdHJvcyBkZSBsYSBDYWNlcsOtYSBSZWFsLgpBc8OtLCBsb3MgcGFydGljaXBhbnRlcyBubyB2YW4gYSBzZW50aXIgaGFtYnJlLg==
eFehDA,W+ynkOq+vF0K7KCc65WMIOunm+yeiOuKlCDqsITsi53snLzroZwg7IKs64Ol64yA7ZqM7JeQIOywuOqwgO2VmOyLoCDrqqjtl5jqsIDrtoTrk6TsnbQg6riw7Jq07J2EIOuCtOqyjCDtlbTrk5zrpqzripQg6rG0IOykkeyalO2VmOuLiOq5jOyalCE=,W1JhaW11bmRvXQpJdCdzIHRydWUgdGhhdCBQcm9udGVyYSBpcyBvbmUgbWFwIGF3YXksIGJ1dCBzdGlsbCwgaXQncyBnb29kIHRvIGtlZXAgdGhpcyBoZXJlIGFzIGEgc2FmZXR5IG1lYXN1cmUu,,,,,W1JhaW11bmRvXQpUdWRvIGJlbSBxdWUgUHJvbnRlcmEgZXN0w6Egw6AgdW0gbWFwYSBkZSBkaXN0w6JuY2lhLCBtYXMgYWluZGEgYXNzaW0sIMOpIGJvbSBtYW50ZXIgaXNzbyBhcXVpIHBvciB1bWEgcXVlc3TDo28gZGUgc2VndXJhbsOnYS4=,,W1JhaW11bmRvXQpFc3TDoSBiaWVuIHF1ZSBQcm9udGVyYSBlc3TDoSBhIHVuIG1hcGEgZGUgZGlzdGFuY2lhLCBwZXJvIGF1biBhc8OtLCBlcyBidWVubyBtYW50ZW5lciBlc3RvIGFxdcOtIHBvciB1bmEgY3Vlc3Rpw7NuIGRlIHNlZ3VyaWRhZC4=
eVehDA,7ISc7YGs7Yag,U3VzcGljaW91cyBQZXJzb24=,,,,,U3VzcGVpdG8=,,U29zcGVjaG9zbw==
elehDA,W+yEnO2BrO2GoF0K4oCm4oCm7Z6I7JW9PyEK662Q7JW8LCDrrZTrjbAh,W1N1c3BpY2lvdXMgUGVyc29uXQouLi5XaGF0IGlzIGl0PyEKTGVhdmUgbWUgYWxvbmUh,,,,,W1N1c3BlaXRvXQouLi5PIHF1ZSBmb2k/IQpNZSBkZWl4ZSBlbSBwYXoh,,W1Nvc3BlY2hvc29dCi4uLsKhwr9RdcOpIHBhc2E/IQrCoUTDqWphbWUgZW4gcGF6IQ==
e1ehDA,W+yEnO2BrO2GoF0K64KgIOyZnCDqt7jrn7Ag64iI7Jy866GcIOuztOuKlCDqsbDslbw/IOuCnCDsgqzrg6XrjIDtmowg7LC46rCA7J6Q65286rOgIQ==,W1N1c3BpY2lvdXMgUGVyc29uXQpXaHkgYXJlIHlvdSBsb29raW5nIGF0IG1lIGxpa2UgdGhhdD8h,,,,,W1N1c3BlaXRvXQpQb3IgcXVlIHZvY8OqIGVzdMOhIG1lIG9saGFuZG8gZGVzc2UgamVpdG8/IQ==,,W1Nvc3BlY2hvc29dCsK/UG9yIHF1w6kgbWUgZXN0w6FzIG1pcmFuZG8gZGUgZXNhIG1hbmVyYT8h
fFehDA,W+yEnO2BrO2GoF0K7Jyg66W06rKQIOuLmOydhCDsgqzrg6XtlZjripQg7ZWcIOuniOumrOydmCDqt4Dsl6zsmrQg66e57IiY4oCmIOq3uOqyjCDrsJTroZwg64KY65286rOgIQ==,W1N1c3BpY2lvdXMgUGVyc29uXQpJIGFtIHBhcnRpY2lwYXRpbmcgaW4gdGhlIHJveWFsIGh1bnRzIHRvIGNvbGxlY3QgSnVyZ2VuIFdpZ25lciBjYXJkcyE=,,,,,W1N1c3BlaXRvXQpFc3RvdSBwYXJ0aWNpcGFuZG8gZGFzIGNhw6dhZGFzIHJlYWlzIHBhcmEganVudGFyIGNhcnRhcyBkZSBKdXJnZW4gV2lnbmVyIQ==,,W1Nvc3BlY2hvc29dCsKhRXN0b3kgcGFydGljaXBhbmRvIGVuIGxhcyBjYWNlcsOtYXMgcmVhbGVzIHBhcmEganVudGFyIGNhcnRhcyBkZSBKdXJnZW4gV2lnbmVyIQ==
fVehDA,W+y5mOyViCDri7Tri7nsnpBdCuyVhCwg64SkLiDqt4Dsl6zsmrQg66e57IiYLiDsp4DquIgg7IKs64Ol64u57ZWY7IWo7Iq164uI64ukLiDri7nsi6Ag7IKs64Ol64yA7ZqM64qUIOyngOq4iCDrgZ3rgqzslrTsmpQu,W1N1c3BpY2lvdXMgUGVyc29uXQpBYWFhaCwgSnVyZ2VuISBTbyBtdWNoIGJlYXV0eS4uLg==,,,,,W1N1c3BlaXRvXQpBYWFhaCwgSnVyZ2VuISBUYW50YSBiZWxlemEuLi4=,,W1Nvc3BlY2hvc29dCsKhQWFhYWgsIEp1cmdlbiEgVGFudGEgYmVsbGV6YS4uLg==
flehDA,W+yEnO2BrO2GoF0K7JmcIOydtOuemCEg64KY7ZWc7YWMIOyZnCDqt7jrn6zripQg6rGw7JW8ISDsnbTroIfqsowg7Iic7IiY7ZWY6rOgIOq3gOyXrOyatCDrgpjtlZzthYwhIQ==,W1N1c3BpY2lvdXMgUGVyc29uXQpIZXkhIEhleSEgV2hvIGFyZSB5b3U/Pz8gQXJlIHlvdSB0aGUgcG9saWNlPz8hIQ==,,,,,W1N1c3BlaXRvXQpFaSEgRWkhIFF1ZW0gw6kgdm9jw6o/Pz8gw4kgZGEgcG9sw61jaWE/PyEh,,W1Nvc3BlY2hvc29dCsKhT3llISDCoU95ZSEgwr9RdWnDqW4gZXJlcyB0w7o/Pz8gwr9FcmVzIGRlIGxhIHBvbGljw61hPz8hIQ==
f1ehDA,W+y5mOyViCDri7Tri7nsnpBdCuKApuyVhOyngSDsgqzqs6Drpbwg7LmcIOqyjCDslYTri4jri4gg7LK07Y+s7ZWgIOyImOuKlCDsl4bsp4Drp4wsIOygnOqwgCDsl6zquLDshJwg7KeA7Lyc67O06rOgIOyeiOydhCDthYzri4gg7JWI7Ius7ZWY7IS47JqULg==,W1BvbGljZV0KWW91IGFyZSB0b28gY2xvc2UgdG8gdGhlIHByaW5jZSEgSGUgaXMgYWxyZWFkeSB2ZXJ5IGhhcmFzc2VkIQ==,,,,,W1BvbGljaWFsXQpWb2PDqiBlc3TDoSBwcsOzeGltbyBkZW1haXMgZG8gcHLDrW5jaXBlISBFbGUgasOhIMOpIG11aXRvIGFzc2VkaWFkbyE=,,W1BvbGljw61hXQrCoUVzdMOhcyBkZW1hc2lhZG8gY2VyY2EgZGVsIHByw61uY2lwZSEgwqFZYSBlcyBtdXkgYWNvc2FkbyE=
gFehDA,7LmY7JWIIOuLtOuLueyekA==,UG9saWNl,,,,,UG9saWNpYWw=,,UG9saWPDrWE=
gVehDA,W+y5mOyViCDri7Tri7nsnpBdCuyZleyLpOydmCDrhpLsnYAg67aE65Ok7J20IOqzteyLnSDssLjqsIDtlZjsi5zripQg65Oc66y4IO2WieyCrOudvCwg7LmY7JWI7JeQ64+EIOunpOyasCDtnpjsnYQg6riw7Jq47J206rOgIOyeiOyKteuLiOuLpC4=,W1BvbGljZV0KVGhpcyBpcyBvbmUgb2YgdGhlIHJhcmUgZXZlbnRzIHdoZXJlIHRoZSByb3lhbCBmYW1pbGllcyBsZWF2ZSB0aGUgUHJvbnRlcmEgUGFsYWNlLg==,,,,,W1BvbGljaWFsXQpFc3RlIMOpIHVtIGRvcyByYXJvcyBldmVudG9zIGVtIHF1ZSBhcyBmYW3DrWxpYXMgcmVhaXMgc2FlbSBkbyBQYWzDoWNpbyBkZSBQcm9udGVyYS4=,,W1BvbGljw61hXQpFc3RlIGVzIHVubyBkZSBsb3MgcmFyb3MgZXZlbnRvcyBlbiBxdWUgbGFzIGZhbWlsaWFzIHJlYWxlcyBzYWxlbiBkZWwgUGFsYWNpbyBkZSBQcm9udGVyYS4=
glehDA,W+y5mOyViCDri7Tri7nsnpBdCuyggCDrp5Dqs6Drj4Qg64uk66W4IOq4sOyCrOyZgCDrs5Hsgqzrk6TsnbQg64uo64uo7Z6IIOqwkOyLnCDspJHsnbTri4gg6rGx7KCVIOuniOyEuOyalCE=,W1BvbGljZV0KSSBhbSBwcm90ZWN0aW5nIHRoZSBub2JsZXMhIEdsb3J5IHRvIFJ1bmUtTWlkZ2FyZCE=,,,,,W1BvbGljaWFsXQpFc3RvdSBwcm90ZWdlbmRvIG9zIG5vYnJlcyEgR2zDs3JpYSBhIFJ1bmUtTWlkZ2FyZCE=,,W1BvbGljw61hXQrCoUVzdG95IHByb3RlZ2llbmRvIGEgbG9zIG5vYmxlcyEgwqFHbG9yaWEgYSBSdW5lLU1pZGdhcmQh
g1ehDA,66q97YGsIO2VoOuwsA==,R3JhbmRwYSBNb25r,,,,,Vm92w7QgTW9uZ2U=,,QWJ1ZWxvIE1vbmpl
hFehDA,66q97YGsIO2VoOuwsCA6IO2Xmywg7ZuXLCDtl5sg7YGs7ZeJISDtl4khIO2XiSEg7J20IOuCoOydhCDsnITtlbQg7J20IO2VnOuquCDri6jroKjtlbQg7JmU7IaMISDtl4khIO2dkSEg7Z2Q7ZeJIQ==,R3JhbmRwYSBNb25rOiBIdW50ISBMZXQncyBodW50ISBBcmdoISBNeSBiYWNrLi4u,,,,,Vm92w7QgTW9uZ2U6IENhw6dhciEgVmFtb3MgY2HDp2FyISBBcmdoISBNaW5oYXMgY29zdGFzLi4u,,QWJ1ZWxvIE1vbmplOiDCoUNhemFyISDCoVZhbW9zIGEgY2F6YXIhIMKhQXJnaCEgTWkgZXNwYWxkYS4uLg==
hVehDA,66Gc6re4IOyyreuFhA==,Q29tcGV0aXRvcg==,,,,,Q29tcGV0aWRvcg==,,Q29tcGV0aWRvcg==
hlehDA,66Gc6re4IOyyreuFhCA6IOyggOq4sCwg7ZWg67CwLiDqtJzssK7slYQ/IOqwkeyekOq4sCDtlL0g7JOw65+s7KeA6rOgIOq3uOufrOuKlCDqsbAg7JWE64uI7KeAPw==,Q29tcGV0aXRvcjogSGV5IGdyYW5kcGEsIGFyZSB5b3Ugb2theT8=,,,,,Q29tcGV0aWRvcjogRWkgdsO0LCB0w6EgdHVkbyBiZW0/,,Q29tcGV0aWRvcjogT3llLCBhYnVlbG8sIMK/ZXN0w6FzIGJpZW4/
h1ehDA,66a066as7IKs,TGlzYQ==,,,,,TGlzYQ==,,TGlzYQ==
iFehDA,W+umtOumrOyCrF0K7KCA7Z2s64qUIOuEpOumrOyasOyKpCDqsIAg7JiB7JWg64uY65OkIO2MrO2BtOufveydtOyXkOyalH4=,W0xpc2FdCldlIGFyZSBmcm9tIHRoZSBOZXJpdXMgRmFtaWx5IGZhbiBjbHVifg==,,,,,W0xpc2FdClNvbW9zIGRvIGbDoyBjbHViZSBkYSBGYW3DrWxpYSBOZXJpdXN+,,W0xpc2FdCsKhU29tb3MgZGVsIGZhbiBjbHViIGRlIGxhIEZhbWlsaWEgTmVyaXVzfg==
iVehDA,W+udvO2UhF0K7JWE7KeBIOyWtOugpOyEnCDsgqzrg6XrjIDtmozsl5DripQg7LC46rCAIOuqu+2VmOyngOunjCDsmIHslaDri5jrk6TsnYQg7KeB7KCRIOu1meqzoCDsi7bslrTshJwg7JmU7Ja07JqUIQ==,W1JhZmFdCkkgYW0gdG9vIHlvdW5nIHRvIHBhcnRpY2lwYXRlIGluIHRoZSBodW50LCBidXQgSSB3aWxsIHdhbnQgdG8gd2hlbiBJIGdyb3cgdXAh,,,,,W1JhZmFdClNvdSBtdWl0byBub3ZvIHByYSBwYXJ0aWNpcGFyIGRhIGNhw6dhZGEsIG1hcyB2b3UgcXVlcmVyIHF1YW5kbyBjcmVzY2VyIQ==,,W1JhZmFdCsKhU295IG11eSBqb3ZlbiBwYXJhIHBhcnRpY2lwYXIgZW4gbGEgY2FjZXLDrWEsIHBlcm8gcXVlcnLDqSBjdWFuZG8gY3JlemNhIQ==
ilehDA,W+umtOumrOyCrF0K7ZSE66Gg7YWM65287JeQ7ISc67aA7YSwIOqxuOyWtOyZlOyWtOyalH4=,W0xpc2FdCldlIGNhbWUgd2Fsa2luZyBmcm9tIFByb250ZXJhfg==,,,,,W0xpc2FdCk7Ds3MgdmllbW9zIGFuZGFuZG8gZGUgUHJvbnRlcmF+,,W0xpc2FdCsKhVmluaW1vcyBjYW1pbmFuZG8gZGVzZGUgUHJvbnRlcmF+
i1ehDA,65287ZSE,UmFmYQ==,,,,,UmFmYQ==,,UmFmYQ==
jFehDA,W+udvO2UhF0K7Jqw66as64qUIOyVhOyngSDslrTroKTshJwg7IKs64Ol64yA7ZqM7JeQ64qUIOywuOqwgCDrqrvtlZjsp4Drp4wg7JiB7JWg64uY65Ok7J2EIOyngeygkSDrtZnqs6Ag7Iu27Ja07IScIOyZlOyWtOyalCE=,W1JhZmFdCldlIGFyZSBmcm9tIHRoZSBOZXJpdXMgRmFtaWx5IGZhbiBjbHVifg==,,,,,W1JhZmFdClNvbW9zIGRvIGbDoyBjbHViZSBkYSBGYW3DrWxpYSBOZXJpdXN+,,W1JhZmFdCsKhU29tb3MgZGVsIGZhbiBjbHViIGRlIGxhIEZhbWlsaWEgTmVyaXVzfg==
jVehDA,W+umtOumrOyCrF0K7ZSE66Gg7YWM65287JeQ7ISc67aA7YSwIOqxuOyWtOyZlOyWtOyalH4g7KeR7JeQ64qUIOyWtOuWu+qyjCDqsIDslbwg7ZWgIOyngCDrqqjrpbTsp4Drp4wg7KeA6riIIOuEiOustCDsoovslYTsmpR+,W0xpc2FdCldlIGNhbWUgd2Fsa2luZyBmcm9tIFByb250ZXJhLCBidXQgSSBkb24ndCBrbm93IGlmIHdlJ2xsIG1hbmFnZSB0byBnZXQgYmFjayBob21lfg==,,,,,W0xpc2FdClZpZW1vcyBhbmRhbmRvIGRlIFByb250ZXJhLCBtYXMgbsOjbyBzZWkgc2UgdmFtb3MgY29uc2VndWlyIHZvbHRhciBwcmEgY2FzYX4=,,W0xpc2FdClZpbmltb3MgY2FtaW5hbmRvIGRlc2RlIFByb250ZXJhLCBwZXJvIG5vIHPDqSBzaSBsb2dyYXJlbW9zIHZvbHZlciBhIGNhc2F+
jlehDA,7L+g7Yag,R3V0bw==,,,,,R3V0bw==,,R3V0bw==
j1ehDA,W+y/oO2GoF0K64KcIO2MrO2BtOufvSDqsJnsnYAg6rGwIOyVhOuDkOKApiDqt7jrg6Ug7ZiV7J20IOyKpO2UvOy5tCDri5gg7Lm065OcIOq1rO2VtOyYpOuptCDtmJUg67O066y87J24IOuniOuPhCDroIjsnbTsoIAg7YyU7LCM656RIOuwlOq/lOykgOuLpOqzoCDtlbTshJwg7JmU7Ja0Lg==,W0d1dG9dCkkgYW0gbm90IGluIGFueSBmYW4gY2x1YiwgSSBhbSBvbmx5IGhlcmUgZm9yIG15IGJyb3RoZXIu,,,,,W0d1dG9dCkV1IG7Do28gZXN0b3UgZW0gbmVuaHVtIGbDoyBjbHViZSwgc8OzIGVzdG91IGFxdWkgcGVsbyBtZXUgaXJtw6NvLg==,,W0d1dG9dCllvIG5vIGVzdG95IGVuIG5pbmfDum4gZmFuIGNsdWIsIHNvbG8gZXN0b3kgYXF1w60gcG9yIG1pIGhlcm1hbm8u
kFehDA,W+udvO2UhF0K6rSc7LCu7JWELCDrhIjrj4Qg7KeB7KCRIOyLpOusvOydhCDrtZnqs6Ag64KY66m0IOuEpOumrOyasOyKpCDqsIAg7JiB7JWg64uY65Ok7J2YIOunpOugpeyXkCDruaDsp4Dqs6Ag66eQ6rG4IQ==,W1JhZmFdCkhlIGlzIGNyYXp5IGZvciB0aGUgU3BpY2EgY2FyZCwgaWYgaGUgZ2V0cyBpdCwgaGUgd2lsbCBnaXZlIG1lIGhpcyBCaW50ZW5kbyBTd2VldCE=,,,,,W1JhZmFdCkVsZSDDqSBkb2lkbyBwZWxhIGNhcnRhIFNwaWNhLCBzZSBjb25zZWd1aXIsIHZhaSBtZSBkYXIgbyBCaW50ZW5kbyBTdWl0Y2h5IGRlbGUh,,W1JhZmFdCsKhw4lsIGVzdMOhIGxvY28gcG9yIGxhIGNhcnRhIFNwaWNhLCBzaSBsYSBjb25zaWd1ZSwgbWUgZGFyw6Egc3UgQmludGVuZG8gU3VpdGUh
kVehDA,W+y/oO2GoF0K6re465+8IOuCtCDrqqvsnZgg7Lm065Oc64+EIOq1rO2VtOyVvCDtlZjsnpbslYTigKYg65CQ7Ja04oCm,W0d1dG9dCkhlIHNhaWQgaXQgd2FzIGEgcHJvbWlzZSE=,,,,,W0d1dG9dCkVsZSBkaXNzZSBxdWUgZXJhIHVtYSBwcm9tZXNzYSE=,,W0d1dG9dCsKhRGlqbyBxdWUgZXJhIHVuYSBwcm9tZXNhIQ==
klehDA,W+y5mOyViCDri7Tri7nsnpBdCuq3uOumrOqzoCDsoITigKYg7J20IOq8rOuniOuTpOydmCDsnoTsi5wg67O07Zi47J6Q7KOgLgrri7Tri7kg67Cw67aEIOuwm+ydhCDrlYzripQg7J2065+wIOydvOydhCDtlZjqsowg65CgIOykhOydgCDrqrDrnpDripTrjbAu,W1BvbGljZV0KT2ggZGVhciwgSSdkIGJldHRlciBrZWVwIGFuIGV5ZSBvbiB0aGVzZSBraWRzLgpJIGJldCB0aGV5IGRvbid0IGtub3cgaG93IHRvIGdldCBiYWNrIGhvbWUu,,,,,W1BvbGljaWFsXQpBaSBhaSwgw6kgbWVsaG9yIGV1IGZpY2FyIGRlIG9saG8gbmVzc2FzIGNyaWFuw6dhcy4KQXBvc3RvIHF1ZSBuw6NvIHNhYmVtIHZvbHRhciBwcmEgY2FzYS4=,,W1BvbGljw61hXQpBeSBheSwgbWVqb3IgbWUgcXVlZG8gdmlnaWxhbmRvIGEgZXN0b3MgbmnDsW9zLgpBcHVlc3RvIGEgcXVlIG5vIHNhYmVuIHZvbHZlciBhIGNhc2Eu
k1ehDA,W+udvO2UhF0K7Jqw66asIOq8rOuniCDslYTri4jsl5DsmpQh,W1JhZmFdCkkgZG9uJ3Qga25vdyE=,,,,,W1JhZmFdCkV1IG7Do28gc2VpIQ==,,W1JhZmFdCsKhWW8gbm8gc8OpIQ==
lFehDA,W+y/oO2GoF0K6rys66eIIOyVhOuLiOqxsOuToCE=,W0d1dG9dCk1lIG5laXRoZXIh,,,,,W0d1dG9dCkV1IHRhbWLDqW0gbsOjbyE=,,W0d1dG9dCsKhWW8gdGFtcG9jbyE=
lVehDA,W+y5mOyViCDri7Tri7nsnpBdCuq8rOuniCDslYTri4jrnbzripQg64WA7ISd65Ok7J20IOuwlOuhnCDqvKzrp4jso6AuIO2VmO2VmCE=,W1BvbGljZV0KVWdoLi4uIGp1c3QgYXMgSSBpbWFnaW5lZCE=,,,,,W1BvbGljaWFsXQpVZ2guLi4gZm9pIGNvbW8gaW1hZ2luZWkh,,W1BvbGljw61hXQpVZ2guLi4gZnVlIGNvbW8gaW1hZ2luw6ku
