gIbiAg,,QmFyZA==,,,,,QmFyZG8=,,QmFyZG8=
gYbiAg,,PT0gQmFyZHMgY2FuJ3QgYWR2YW5jZSBkaXJlY3RseSB0byB0aGlzIDNyZCBqb2IuID09Cj09IFBsZWFzZSBiZWNvbWUgYSBNaW5zdHJlbCBmaXJzdC4gPT0=,,,,,PT0gT3MgYmFyZG9zIG7Do28gcG9kZW0gYXZhbsOnYXIgZGlyZXRvIHBhcmEgZXNzYSAzwqogY2xhc3NlLiA9PQo9PSBQcmltZWlybywgdG9ybmUtc2UgdW0gTWluaXN0cmVsLiA9PQ==,,PT0gTG9zIEJhcmRvcyBubyBwdWVkZW4gYXZhbnphciBkaXJlY3RhbWVudGUgYSBlc3RlIDPCuiBDbGFzZS4gPT0KPT0gUG9yIGZhdm9yLCBjb252acOpcnRldGUgcHJpbWVybyBlbiBNaW5pc3RyaWwuID09
gobiAg,,W0JhcmRdCkxpa2UgdGhlIHNvdW5kIG9mIGEgd2FuZGVyaW5nIHdpbmQsCnRoZSBoZWF2ZW5seSB2b2ljZSBlY2hvcyBpbiBteSBlYXJzLg==,,,,,W0JhcmRvXQpBIHZveiBkb3MgY8OpdXMgZWNvYSBlbSBtZXVzIG91dmlkb3MKY29tbyB1bSB2ZW50byB2YWdhbmRvLA==,,W0JhcmRvXQpDb21vIGVsIHNvbmlkbyBkZSB1biB2aWVudG8gZXJyYW50ZSwKbGEgdm96IGNlbGVzdGlhbCByZXN1ZW5hIGVuIG1pcyBvw61kb3Mu
g4biAg,,W0JhcmRdCkV2ZW4gaWYgSSBjbG9zZSBteSBleWVzLCBibG9jayBteSBlYXJzLAp0aGUgdm9pY2UgY2FuIGJlIGhlYXJkIGZyb20gYW55d2hlcmUtLWV2ZXJ5d2hlcmUh,,,,,W0JhcmRvXQpNZXNtbyBxdWFuZG8gZXUgZmVjaG8gbWV1cyBvbGhvcyBlIGN1YnJvIG1ldXMgb3V2aWRvcywKcG9zc28gb3V2aXIgdW1hIHZveiBkZSBhbGd1bSBsdWdhciw=,,W0JhcmRvXQpBdW5xdWUgY2llcnJlIGxvcyBvam9zIHkgbWUgdGFwZSBsb3Mgb8OtZG9zLApsYSB2b3ogc2Ugb3llIGRlc2RlIGN1YWxxdWllciBzaXRpby4uLiDCoWVuIHRvZG9zIGxhZG9zIQ==
hIbiAg,,W0JhcmRdCkl0IGx1cmVzIHdlYXJ5IHNhaWxvcnMKZGVlcCBpbnRvIHRoZSBzZWEsIHB1bGxpbmcgdGhlbQppbnRvIHRoZSBhYnlzcyBvZiBib3R0b21sZXNzIGRyZWFtcy4=,,,,,W0JhcmRvXQpFbGEgdGVudGEgbWFydWpvcyBleGF1c3RvcyBhIGRvcm1pcmVtIHByb2Z1bmRhbWVudGUsCmZheiBlbGVzIHNlIHNlbnRpcmVtIGNvbW8gc2UgZXN0aXZlc3NlbSBuYSB0ZXJyYSBkb3Mgc29uaG9zLg==,,W0JhcmRvXQpBdHJhZSBhIGxvcyBtYXJpbmVyb3MgY2Fuc2Fkb3MKZW4gbG8gcHJvZnVuZG8gZGVsIG1hciwgeSBsb3MgYXJyYXN0cmEKYWwgYWJpc21vIGRlIGxvcyBzdWXDsW9zIHNpbiBmb25kby4=
hYbiAg,,W05laWdoYm9yaG9vZCBXb21hbl0KU3F1ZWUhIEhlJ3Mgc28gaGFuZHNvbWUh,,,,,W0dhcm90YV0KQWhoaCEhISBJbmNyw612ZWwhIQ==,,W011amVyIGRlbCB2ZWNpbmRhcmlvXQrCoUd1YXUhIMKhRXMgdGFuIGd1YXBvIQ==
hobiAg,,W05laWdoYm9yaG9vZCBNYW5dCkVuY29yZSEgRW5jb3JlIQ==,,,,,W0dhcm90b10KQmlzISEgQmlzISEh,,W0hvbWJyZSBkZWwgdmVjaW5kYXJpb10KwqFVbmEgbcOhcyEgwqFVbmEgbcOhcyE=
h4biAg,,W1Bhc3NpbmcgT2xkIE1hbl0KVHNrLCB0c2suIFlvdW5nc3RlcnMgbm93YWRheXMgYW5kIHRoZWlyIHRlcnJpYmxlIG11c2ljLi4u,,,,,W1Nlbmhvcl0KRWVlZWl+IGVzc2EgbsOjbyDDqSB1bWEgbcO6c2ljYSBkZSB2ZXJkYWRlLi4u,,W0FuY2lhbm8gdHJhbnNlw7pudGVdCipUc2MsIHRzYyogTG9zIGrDs3ZlbmVzIGRlIGhveSBlbiBkw61hIHkgc3UgdGVycmlibGUgbcO6c2ljYS4uLg==
iIbiAg,,W3swfV0KKkNsYXAsIENsYXAqCkkgbGlrZSB5b3VyIG11c2ljLiBFZGd5IGFuZCBwb3dlcmZ1bC4KTWF5IEkgYXNrIHlvdSBmb3Igb25lIG1vcmUgc29uZz8=,,,,,W3swfV0KQXBsYXVzby4KRXUgY29uc2lnbyBzZW50aXIgbyByaXRtby4KUG9zc28gb3V2aXIgbWFpcyB1bWEgbcO6c2ljYT8=,,W3swfV0KKkFwbGF1ZGUsIGFwbGF1ZGUqCk1lIGd1c3RhIHR1IG3DunNpY2EuIFZhbmd1YXJkaXN0YSB5IHBvZGVyb3NhLgrCv1B1ZWRvIHBlZGlydGUgdW5hIGNhbmNpw7NuIG3DoXM/
iYbiAg,,W0JhcmRdCkhtPwpKdWRnaW5nIGJ5IHRoZSB3YXkgeW91J3JlIGRyZXNzZWQsIEkgY2FuIHRlbGwgeW91J3JlIGFuIGV4cGVyaWVuY2VkIE1pbnN0cmVsIHlvdXJzZWxmLiBXaHkgZG9uJ3QgeW91IHNpbmcgZm9yIG1lIGZpcnN0Pw==,,,,,W0JhcmRvXQpIdW1tPwpDb25zaWRlcmFuZG8gc3VhIHJvdXBhLCBhY2hvIHF1ZSB2b2PDqiBjYW50YSBiZW0sIHBvciBxdWUgdm9jw6ogbsOjbyBjYW50YSB1bWEgbcO6c2ljYSBwYXJhIG7Ds3M/,,W0JhcmRvXQrCv01tPwpBIGp1emdhciBwb3IgdHUgZm9ybWEgZGUgdmVzdGlyLCBwdWVkbyBkZWNpciBxdWUgZXJlcyB1biBNaW5pc3RyaWwgZXhwZXJpbWVudGFkby4gwr9Qb3IgcXXDqSBubyBjYW50YXMgcGFyYSBtw60gcHJpbWVybz8=
iobiAg,,W3swfV0KLi4uPw==,,,,,W3swfV0KPz8hIQ==,,W3swfV0Kwr8uLi4/
i4biAg,,W0JhcmRdCkhhaCBoYWggaGFoIQpJIHdhcyBwdWxsaW5nIHlvdXIgbGVnLgpEaWQgeW91IHRoaW5rIEkgd2FzIHNlcmlvdXM/IE9oLCB5b3UncmUgZnVubnkh,,,,,W0JhcmRvXQpIYWhhaGEhClPDsyBlc3RvdSBicmluY2FuZG8uCkVzdGF2YSBmYWxhbmRvIHPDqXJpbz8gSGFoYS4=,,W0JhcmRvXQrCoUphLCBqYSwgamEhClRlIGVzdGFiYSB0b21hbmRvIGVsIHBlbG8uCsK/Q3Jlw61hcyBxdWUgaGFibGFiYSBlbiBzZXJpbz8gwqFPaCwgbWUgaGFjZXMgcmXDrXIh
jIbiAg,,W3swfV0KLi4u,,,,,W3swfV0KLi4u,,W3swfV0KLi4u
jYbiAg,,W0thcmlhbl0KVGFrZSBpdCBlYXN5LgpJJ20gc29ycnkuCk5hbWUncyBLYXJpYW4uIEknbSBqdXN0IGRyaWZ0aW5nIGZyb20gb25lIHBsYWNlIHRvIGFub3RoZXIu,,,,,W0thcmlhbl0KTGFtZW50b34KTsOjbyBmaXF1ZSBicmF2by4uLgpNZXUgbm9tZSDDqSBLYXJpYW4sIHPDsyBlc3RvdSBkYW5kbyB1bWEgcGFzc2FkYS4=,,W0thcmlhbl0KVMOzbWFsbyBjb24gY2FsbWEuCkxvIHNpZW50by4KTWUgbGxhbW8gS2FyaWFuLiBWb3kgYSBsYSBkZXJpdmEgZGUgdW4gc2l0aW8gYSBvdHJvLg==
jobiAg,,W0thcmlhbl0KRGlkIHlvdSBjb21lIGhlcmUgdG8gZ28gc29tZXBsYWNlIGVsc2U/CllvdSBrbm93LCBBbGJlcnRhIGlzIGNvbm5lY3RlZCB0byBtYW55IGRpZmZlcmVudCBwbGFjZXMu,,,,,W0thcmlhbl0KUXVlciBpciBhIGFsZ3VtIGx1Z2FyPwpBbGJlcnRhIMOpIHBlcmZlaXRhIHBhcmEgdmlhamFyLg==,,W0thcmlhbl0Kwr9WaW5pc3RlIGFxdcOtIHBhcmEgaXIgYSBvdHJvIHNpdGlvPwpBbGJlcnRhIGVzdMOhIGNvbmVjdGFkYSBjb24gbXVjaG9zIGx1Z2FyZXMgZGlmZXJlbnRlcy4=
j4biAg,,W0thcmlhbl0KQnV0IGJlIGNhcmVmdWwgaWYgeW91J3JlIHBsYW5uaW5nIHRvIHNhaWwgZmFyIG91dCB0byBzZWEuClNpcmVucyBjYW4gZ2V0IHlvdSBiZWZvcmUgeW91IGtub3cgaXQu,,,,,W0thcmlhbl0KTWFzIHF1YW5kbyB2b2PDqiB2YWkgcGFyYSBvIG1hciwgdm9jw6ogdGVtIHF1ZSB0b21hciBjdWlkYWRvLgpTZSB2b2PDqiBlbmNvbnRyYXIgdW1hIHNlcmVpYSwgw6kgc8OzIHVtYSBxdWVzdMOjbyBkZSB0ZW1wbyBhdMOpIHF1ZSBlbGEgdGUgbWF0ZS4=,,W0thcmlhbl0KUGVybyB0ZW4gY3VpZGFkbyBzaSBwaWVuc2FzIG5hdmVnYXIgbWFyIGFkZW50cm8uCkxhcyBzaXJlbmFzIHB1ZWRlbiBhdHJhcGFydGUgYW50ZXMgZGUgcXVlIHRlIGRlcyBjdWVudGEu
kIbiAg,,W0thcmlhbl0KSSBoYXZlbid0IGhlYXJkIG9mIGFueW9uZSB3aG8gaGVhcmQgYSBeRjU3RDdEU2lyZW4gc2luZ14wMDAwMDAgYW5kIGxpdmVkIHRvIHRlbGwgaXQu,,,,,W0thcmlhbl0KTmVuaHVtIGhvbWVtIGNvbnNlZ3VlIHNvYnJldml2ZXIgZGVwb2lzIGRlIG91dmlyIF5GNTdEN0Qgdm96IGRlIHVtYSBTZXJlaWFeMDAwMDAwLg==,,W0thcmlhbl0KTm8gY29ub3pjbyBhIG5hZGllIHF1ZSBoYXlhIG/DrWRvIGEgdW5hIF5GNTdEN0RzaXJlbmEgY2FudGFyXjAwMDAwMCB5IGhheWEgdml2aWRvIHBhcmEgY29udGFybG8u
kYbiAg,,W3swfV0KSSdtIHswfS4KRGlkIHlvdSBhbHNvIGNvbWUgaGVyZSB0byBnbyBzb21lcGxhY2UgZWxzZT8=,,,,,W3swfV0KRXUgc291IHswfS4KVm9jw6ogZXN0w6EgYXF1aSBlbSBBbGJlcnRhIHBhcmEgdmlhamFyPw==,,W3swfV0KU295IHswfS4Kwr9UYW1iacOpbiB2aW5pc3RlIGFxdcOtIHBhcmEgaXIgYSBvdHJvIGx1Z2FyPw==
kobiAg,,W0thcmlhbl0KTW0sIGluIG15IGNhc2UuLi4KLi4u,,,,,W0thcmlhbl0KSHVtLi4uIE7Do28gZXN0b3UgdGVudGFuZG8gcGFydGlyLi4uCi4uLg==,,W0thcmlhbl0KTW0sIGVuIG1pIGNhc28uLi4KLi4u
k4biAg,,W0thcmlhbl0KT2gsIHllcy4KSSBjYW1lIGhlcmUgbG9va2luZyBmb3IgXkY1N0Q3RE1hZXN0cm8gU29uZ14wMDAwMDAncyBzdG9yaWVzLg==,,,,,W0thcmlhbl0KU2ltIQpFc3RvdSBwcm9jdXJhbmRvIHBlbG8gJ15GNTdEN0RNZWxsbyBEaWFzXjAwMDAwMCcu,,W0thcmlhbl0KQWgsIHPDrS4KVmluZSBhcXXDrSBlbiBidXNjYSBkZSBsYXMgaGlzdG9yaWFzIGRlbCBeRjU3RDdEbWFlc3RybyBTb25nXjAwMDAwMC4=
lIbiAg,,W3swfV0KXkY1N0Q3RE1hZXN0cm8gU29uZ14wMDAwMDA/IFlvdSBtZWFuLCB0aGF0IGxlZ2VuZGFyeSB3YW5kZXJpbmcgcG9ldD8=,,,,,W3swfV0KXkY1N0Q3RCdNZWxsbyBEaWFzJ14wMDAwMDAsIHZvY8OqIGVzdMOhIGZhbGFuZG8gZG8gcG9ldGEgZGEgbGVuZGE/,,W3swfV0Kwr9eRjU3RDdETWFlc3RybyBTb25nXjAwMDAwMD8gwr9UZSByZWZpZXJlcyBhIGVzZSBsZWdlbmRhcmlvIHBvZXRhIGVycmFudGU/
lYbiAg,,W0thcmlhbl0KVGhhdCdzIHJpZ2h0LgpSdW1vciBoYXMgaXQgaGUncyBvZiBhIHJpY2ggbm9ibGUgZmFtaWx5IG9mIFByb250ZXJhLApidXQgZXZlcnl0aGluZyBlbHNlIGFib3V0IGhpbSBpcyBub3Qga25vd24u,,,,,W0thcmlhbl0KSXNzbyBtZXNtby4KRGUgYWNvcmRvIGNvbSB1bSBib2F0byBxdWUgZXUgb3V2aSwgZWxlIMOpIHVtIG5vYnJlIHJpY28uCk1hcyB0aXJhbmRvIGVzc2UgZmF0bywgbsOjbyBjb25zaWdvIG9idGVyIG1haXMgaW5mb3JtYcOnw7Vlcy4=,,W0thcmlhbl0KQXPDrSBlcy4KU2UgcnVtb3JlYSBxdWUgZXMgZGUgdW5hIGZhbWlsaWEgbm9ibGUgeSByaWNhIGRlIFByb250ZXJhLApwZXJvIHNlIGRlc2Nvbm9jZSB0b2RvIGxvIGRlbcOhcyBzb2JyZSDDqWwu
lobiAg,,W3swfV0KV2h5IHdvdWxkIGEgcmljaCBub2JsZW1hbiB3YW5kZXI/,,,,,W3swfV0KUG9yIHF1ZSB2b2PDqiBuw6NvIGNvbnNlZ3VlIG9idGVyIG1haXMgaW5mb3JtYcOnw7Vlcz8=,,W3swfV0Kwr9Qb3IgcXXDqSBkZWFtYnVsYXLDrWEgdW4gbm9ibGUgcmljbz8=
l4biAg,,W0thcmlhbl0KSSBkb24ndCBrbm93LgpJJ20gZ29pbmcgdG8gUHJvbnRlcmEgdG8gZmluZCB0aGF0IG91dC4KTW0uLi4=,,,,,W0thcmlhbl0KRSBlbnTDo28/ClBvciBpc3NvIHF1ZSBldSB0ZW50ZWkgaXIgYSBQcm9udGVyYS4uLgpIdW1tLi4u,,W0thcmlhbl0KTm8gbG8gc8OpLgpJcsOpIGEgUHJvbnRlcmEgcGFyYSBhdmVyaWd1YXJsby4KTW0uLi4=
mIbiAg,,W0thcmlhbl0KSWYgeW91J3JlIGludGVyZXN0ZWQsIGhvdydkIHlvdSBsaWtlIHRvIGpvaW4gbWUgdG8gY29sbGVjdCBeRjU3RDdETWFlc3RybyBTb25nXjAwMDAwMCdzIHN0b3JpZXM/,,,,,W0thcmlhbl0KU2Ugdm9jw6ogZXN0aXZlciBpbnRlcmVzc2FkbywgcG9yIHF1ZSB2b2PDqiBuw6NvIG1lIGFqdWRhIGEgZGVzY29icmlyIG9uZGUgbyBeRjU3RDdEJ01lbGxvIERpYXMnXjAwMDAwMCBlc3TDoT8=,,W0thcmlhbl0KU2kgdGUgaW50ZXJlc2EsIMK/dGUgZ3VzdGFyw61hIHZlbmlyIGNvbm1pZ28gYSByZWNvbGVjdGFyIGxhcyBoaXN0b3JpYXMgZGVsIF5GNTdEN0RtYWVzdHJvIFNvbmdeMDAwMDAwPw==
mYbiAg,,U3VyZS4=,,,,,T2su,,Q2xhcm8u
mobiAg,,Tm8u,,,,,TsOjby4=,,Tm8u
m4biAg,,W3swfV0KU3VyZS4=,,,,,W3swfV0KT2su,,W3swfV0KQ2xhcm8u
nIbiAg,,W3swfV0KTm90IGludGVyZXN0ZWQu,,,,,W3swfV0KTsOjbyB0ZW5obyBpbnRlcmVzc2Uu,,W3swfV0KTm8gbWUgaW50ZXJlc2Eu
nYbiAg,,W0thcmlhbl0KQXJlbid0IHlvdT8gT2theSwgdGhlbi4KSSBob3BlIEkgY2FuIHNlZSB5b3UgYWdhaW4u,,,,,W0thcmlhbl0KTWVzbW8/IE7Do28gcG9zc28gZmF6ZXIgbmFkYSBzb2JyZSBpc3NvLgpWZWpvIHZvY8OqIG1haXMgdGFyZGUu,,W0thcmlhbl0Kwr9ObyB0ZSBpbnRlcmVzYT8gRGUgYWN1ZXJkby4KRXNwZXJvIHZvbHZlciBhIHZlcnRlLg==
nobiAg,,W0thcmlhbl0KSSBsaWtlIHRyYXZlbGluZyBhbG9uZSwgYnV0IHNvbWV0aW1lcyBJJ2QgbG92ZSB0byBkbyBpdCB3aXRoIHNvbWVvbmUgZWxzZS4=,,,,,W0thcmlhbl0Kw4kgYm9tIGRhciB1bWFzIHZvbHRhcyBzb3ppbmhvLCBtYXMgw6BzIHZlemVzIHZvY8OqIHNlbnRlIHF1ZSBxdWVyIHRlciBhbWlnb3Mu,,W0thcmlhbl0KTWUgZ3VzdGEgdmlhamFyIGEgc29sYXMsIHBlcm8sIGEgdmVjZXMsIG1lIGVuY2FudGFyw61hIHF1ZSBvdHJhIHBlcnNvbmEgbWUgYWNvbXBhw7FhcmEu
n4biAg,,W0thcmlhbl0KTm93LCB7MH0uCkNvdWxkIHlvdSBnbyB0byBeRjU3RDdEUHJvbnRlcmFeMDAwMDAwIGFuZCBnYXRoZXIgXkY1N0Q3RGluZm9ybWF0aW9uIGFib3V0IE1hZXN0cm8gU29uZ14wMDAwMDA/CkknbGwgYXNrIGFyb3VuZCBoZXJlIGluIEFsYmVydGEu,,,,,W0thcmlhbl0KRW50w6NvLCB7MH0uClZvY8OqIHBvZGUgb2J0ZXIgYWxndW1hcyBeRjU3RDdEIGluZm9ybWHDp8O1ZXMgc29icmUgJ01lbGxvIERpYXMnXjAwMDAwMCBlbSBeRjU3RDdEUHJvbnRlcmFeMDAwMDAwPwpQb3JxdWUgZXUgdGVuaG8gYWxnbyBwYXJhIGludmVzdGlnYXIgZW0gQWxiZXJ0YS4=,,W0thcmlhbl0KQnVlbm8sIHswfS4Kwr9Qb2Ryw61hcyBpciBhIF5GNTdEN0RQcm9udGVyYV4wMDAwMDAgeSByZWNvcGlsYXIgXkY1N0Q3RGluZm9ybWFjacOzbiBzb2JyZSBlbCBtYWVzdHJvIFNvbmdeMDAwMDAwPwpQcmVndW50YXLDqSBhcXXDrSBlbiBBbGJlcnRhLg==
oIbiAg,,W0thcmlhbl0KVGhlbiwgSSdsbCBiZSBjb3VudGluZyBvbiB5b3UuCkNvbWUgYmFjayBoZXJlIHdoZW4geW91J3JlIGRvbmUu,,,,,W0thcmlhbl0KUG9yIGZhdm9yLCB2b2x0ZSBhcXVpIGRlcG9pcyBkZSB0ZXJtaW5hciBhIGludmVzdGlnYcOnw6NvLg==,,W0thcmlhbl0KRW50b25jZXMsIGNvbnRhcsOpIGNvbnRpZ28uClZ1ZWx2ZSBhcXXDrSBjdWFuZG8gaGF5YXMgdGVybWluYWRvLg==
oYbiAg,,W0JhcmRdCkJlIGNhcmVmdWwgaWYgeW91J3JlIHBsYW5uaW5nIHRvIHNhaWwgZmFyIG91dCB0byBzZWEuClNpcmVucyBjYW4gZ2V0IHlvdSBiZWZvcmUgeW91IGtub3cgaXQu,,,,,W0JhcmRvXQpWb2PDqiB0ZW0gcXVlIHRlciBjdWlkYWRvIHF1YW5kbyBlc3RpdmVyIGluZG8gcGFyYSBvIG1hci4KU2UgYSBTZXJlaWEgbGhlIGZhc2NpbmFyLCDDqSBzw7MgdW1hIHF1ZXN0w6NvIGRlIHRlbXBvIGF0w6kgcXVlIGVsYSBsaGUgbWF0ZS4=,,W0JhcmRvXQpUZW4gY3VpZGFkbyBzaSBwaWVuc2FzIG5hdmVnYXIgbWFyIGFkZW50cm8uCkxhcyBzaXJlbmFzIHB1ZWRlbiBhdHJhcGFydGUgYW50ZXMgZGUgcXVlIHRlIGRlcyBjdWVudGEu
oobiAg,,W0JhcmRdCkkgaGF2ZW4ndCBoZWFyZCBvZiBhbnlvbmUgd2hvIGhlYXJkIGEgXkY1N0Q3RFNpcmVuIHNpbmdeMDAwMDAwIGFuZCBsaXZlZCB0byB0ZWxsIGl0Lg==,,,,,W0JhcmRvXQpOZW5odW0gaG9tZW0gY29uc2VndWUgc29icmV2aXZlciBkZXBvaXMgZGUgb3V2aXIgXkY1N0Q3RCB2b3ogZGUgdW1hIFNlcmVpYV4wMDAwMDAu,,W0JhcmRvXQpObyBjb25vemNvIGEgbmFkaWUgcXVlIGhheWEgb8OtZG8gYSB1bmEgXkY1N0Q3RHNpcmVuYSBjYW50YXJeMDAwMDAwIHkgaGF5YSB2aXZpZG8gcGFyYSBjb250YXJsby4=
o4biAg,,W0thcmlhbl0KQ291bGQgeW91IGdvIHRvIF5GNTdEN0RQcm9udGVyYV4wMDAwMDAgYW5kIGdhdGhlciBeRjU3RDdEaW5mb3JtYXRpb24gYWJvdXQgTWFlc3RybyBTb25nXjAwMDAwMD8KSSdsbCBhc2sgYXJvdW5kIGhlcmUgaW4gQWxiZXJ0YS4=,,,,,W0thcmlhbl0KVm9jw6ogcG9kZSBvYnRlciBhbGd1bWFzIF5GNTdEN0QgaW5mb3JtYcOnw7VlcyBzb2JyZSAnTWVsbG8gRGlhcydeMDAwMDAwIGVtIF5GNTdEN0RQcm9udGVyYV4wMDAwMDA/ClBvcnF1ZSBldSB0ZW5obyBhbGdvIHBhcmEgaW52ZXN0aWdhciBlbSBBbGJlcnRhLg==,,W0thcmlhbl0Kwr9Qb2Ryw61hcyBpciBhIF5GNTdEN0RQcm9udGVyYV4wMDAwMDAgeSByZWNvcGlsYXIgXkY1N0Q3RGluZm9ybWFjacOzbiBzb2JyZSBlbCBtYWVzdHJvIFNvbmdeMDAwMDAwPwpQcmVndW50YXLDqSBhcXXDrSBlbiBBbGJlcnRhLg==
pIbiAg,,W0thcmlhbl0KezB9ISBEaWQgeW91IGFscmVhZHkgY29tZSBiYWNrIGZyb20gUHJvbnRlcmE/ClNheSwgZGlkIHlvdSBmaW5kIGFueSB1c2VmdWwgaW5mb3JtYXRpb24gdGhlcmU/,,,,,W0thcmlhbl0KezB9ISBWb2PDqiBqw6EgZm9pIHBhcmEgUHJvbnRlcmE/ClZvY8OqIGNvbnNlZ3VpdSBhbGd1bWEgaW5mb3JtYcOnw6NvIMO6dGlsPw==,,W0thcmlhbl0KwqF7MH0hIMK/WWEgdm9sdmlzdGUgZGUgUHJvbnRlcmE/CkRpbWUsIMK/ZW5jb250cmFzdGUgYWxndW5hIGluZm9ybWFjacOzbiDDunRpbCBhbGzDrT8=
pYbiAg,,W0thcmlhbl0KSG0uLi4gSSBzZWUuClNvLCB5b3UgZGlkbid0IGZpbmQgYW55IHVzZWZ1bCBpbmZvcm1hdGlvbi4=,,,,,W0thcmlhbl0KSHVtfiBjb25zZWd1aXU/CkFjaG8gcXVlIGlzc28gbsOjbyDDqSBvIHN1ZmljaWVudGUgcGFyYSBzZXIgdXNhZG8uLi4=,,W0thcmlhbl0KTW1tLi4uIFlhIHZlby4KQXPDrSBxdWUgbm8gZW5jb250cmFzdGUgbmluZ3VuYSBpbmZvcm1hY2nDs24gw7p0aWwu
pobiAg,,W0thcmlhbl0KSGVoIGhlaCEgT24gdGhlIG90aGVyIGhhbmQsIEkgZGlkLgpHdWVzcyB3aGF0IEkndmUgZm91bmQgb3V0IGJ5IHRhbGtpbmcgdG8gc2hpcCBjYXB0YWlucyBpbiBBbGJlcnRhIQ==,,,,,W0thcmlhbl0KSGloaX4gTWFzIGV1IGNvbnNlZ3VpIGFsZ3VtYXMgaW5mb3JtYcOnw7VlcyDDunRlaXMuCkVzc2Ugw6kgbyByZXN1bHRhZG8gZG9zIGNhcGl0w6NlcyBkZSBBbGJlcnRhIQ==,,W0thcmlhbl0KwqFKZSwgamUhIFBlcm8geW8gc8OtLgrCoUFkaXZpbmEgbG8gcXVlIGF2ZXJpZ8O8w6kgaGFibGFuZG8gY29uIGNhcGl0YW5lcyBkZSBiYXJjb3MgZW4gQWxiZXJ0YSE=
p4biAg,,W0thcmlhbl0KU29tZW9uZSB3aG8gbWF0Y2hlZCBeRjU3RDdETWFlc3RybyBTb25nXjAwMDAwMCdzIGRlc2NyaXB0aW9uIGJvYXJkZWQgdGhlIHNoaXAKdG8gXkY1N0Q3REh1Z2VsXjAwMDAwMCwgd2hpY2ggc3RvcHBlZCBvcGVyYXRpbmcgYSBmZXcgeWVhcnMgYWdvLg==,,,,,W0thcmlhbl0KT3V2aSBxdWUgaMOhIHVtIG5hdmlvIHF1ZSB0aW5oYSB1bSBob21lbSBxdWUgcG9kZXJpYSBzZXIgbyBeRjU3RDdETWVsbG8gRGlhc14wMDAwMDAuCkjDoSBhbGd1bnMgYW5vcywgZXJhIHVtIG5hdmlvIHF1ZSBlc3RhdmEgaW5kbyBwYXJhIF5GNTdEN0RIdWdlbF4wMDAwMDAu,,W0thcmlhbl0KQWxndWllbiBxdWUgY29pbmNpZMOtYSBjb24gZWwgcGVyZmlsIGRlbCBeRjU3RDdEbWFlc3RybyBTb25nXjAwMDAwMCBhYm9yZMOzIGVsIGJhcmNvCmEgXkY1N0Q3REh1Z2VsXjAwMDAwMCwgcXVlIGRlasOzIGRlIGZ1bmNpb25hciBoYWNlIHVub3MgYcOxb3Mu
qIbiAg,,W0thcmlhbl0KVGhhdCBtZWFucywgd2UnbGwgaGF2ZSB0byB0YWtlIHRoZSBhaXJzaGlwIHRvIGdldCB0aGVyZSwgYnV0Li4uCkFjdHVhbGx5LCBJJ3ZlIG5ldmVyIGJlZW4gb24gdGhlIGFpcnNoaXAgYmVmb3JlLg==,,,,,W0thcmlhbl0KRWxlIG7Do28gZXhpc3RlIG1haXMsIGVudMOjbyBwcmVjaXNvIHBlZ2FyIHVtIGFlcm9wbGFuby4uLgrDiSBhIHByaW1laXJhIHZleiBxdWUgYW5kbyBlbSB1bS4=,,W0thcmlhbl0KRXNvIHNpZ25pZmljYSBxdWUgdGVuZHJlbW9zIHF1ZSB0b21hciBsYSBhZXJvbmF2ZSBwYXJhIGxsZWdhciBhbGzDrSwgcGVyby4uLgpFbiByZWFsaWRhZCwgbnVuY2EgZXN0dXZlIGVuIGxhIGFlcm9uYXZlIGFudGVzLg==
qYbiAg,,W0thcmlhbl0KKkdyb2FuLi4uKgpXZWxsLCB3ZSBjYW4gYm9hcmQgdGhlIGFpcnNoaXAgaW4gSXpsdWRlLiBNZWV0IG1lIHRoZXJlIGZvciBub3cu,,,,,W0thcmlhbl0KSHVtLi4uCkRlIHF1YWxxdWVyIG1vZG8sIHZhbW9zIG5vcyBlbmNvbnRyYXIgbm8gYWVyb3BsYW5vIGVtIEl6bHVkZS4=,,W0thcmlhbl0KKlF1ZWppZG8uLi4qCkJ1ZW5vLCBwb2RlbW9zIGFib3JkYXIgbGEgYWVyb25hdmUgZW4gSXpsdWRlLiBOb3MgdmVtb3MgYWxsw60gcG9yIGFob3JhLg==
qobiAg,,W01hZXN0cm8gU29uZ10KTGlrZSB0aGUgc291bmQgb2YgYSB3YW5kZXJpbmcgd2luZCwKdGhlIGhlYXZlbmx5IHZvaWNlIGVjaG9zIGluIG15IGVhcnMu,,,,,W0thcmlhbl0KQSB2b3ogZG9zIGPDqXVzIGVjb2EgZW0gbWV1cyBvdXZpZG9zCmNvbW8gdW0gdmVudG8gdmFnYW5kbyw=,,W01hZXN0cm8gU29uZ10KQ29tbyBlbCBzb25pZG8gZGUgdW4gdmllbnRvIGVycmFudGUsCmxhIHZveiBjZWxlc3RpYWwgcmVzdWVuYSBlbiBtaXMgb8OtZG9zLg==
q4biAg,,W01hZXN0cm8gU29uZ10KRXZlbiBpZiBJIGNsb3NlIG15IGV5ZXMsIGJsb2NrIG15IGVhcnMsCnRoZSB2b2ljZSBjYW4gYmUgaGVhcmQgZnJvbSBhbnl3aGVyZS0tZXZlcnl3aGVyZSE=,,,,,W0thcmlhbl0KTWVzbW8gcXVhbmRvIGV1IGZlY2hvIG1ldXMgb2xob3MgZSBjdWJybyBtZXVzIG91dmlkb3MsCnBvc3NvIG91dmlyIHVtYSB2b3ogZGUgYWxndW0gbHVnYXIs,,W01hZXN0cm8gU29uZ10KQXVucXVlIGNpZXJyZSBsb3Mgb2pvcyB5IG1lIHRhcGUgbG9zIG/DrWRvcywKbGEgdm96IHNlIG95ZSBkZXNkZSBjdWFscXVpZXIgc2l0aW8uLi4gwqFlbiB0b2RvcyBsYWRvcyE=
rIbiAg,,W01hZXN0cm8gU29uZ10KSXQgbHVyZXMgd2Vhcnkgc2FpbG9ycwpkZWVwIGludG8gdGhlIHNlYSwgcHVsbGluZyB0aGVtCmludG8gdGhlIGFieXNzIG9mIGJvdHRvbWxlc3MgZHJlYW1zLg==,,,,,W0thcmlhbl0KRWxhIHRlbnRhIG1hcnVqb3MgZXhhdXN0b3MgYSBkb3JtaXJlbSBwcm9mdW5kYW1lbnRlLApmYXogZWxlcyBzZSBzZW50aXJlbSBjb21vIHNlIGVzdGl2ZXNzZW0gbmEgdGVycmEgZG9zIHNvbmhvcy4=,,W01hZXN0cm8gU29uZ10KQXRyYWUgYSBsb3MgbWFyaW5lcm9zIGNhbnNhZG9zCmVuIGxvIHByb2Z1bmRvIGRlbCBtYXIsIHkgbG9zIGFycmFzdHJhCmFsIGFiaXNtbyBkZSBsb3Mgc3Vlw7FvcyBzaW4gZm9uZG8u
rYbiAg,,W01hZXN0cm8gU29uZ10KQWghIHswfSEgTG9uZyB0aW1lLCBubyBzZWUhCkh1aD8gV2hhdCBhbSBJIGRvaW5nIGhlcmU/,,,,,W0thcmlhbl0KQWghISF7MH0hIFF1YW50byB0ZW1wbyEKSGVpbj8gTyBxdWUgZXUgZXN0b3UgZmF6ZW5kbyBhcXVpPw==,,W01hZXN0cm8gU29uZ10KwqFBaCEgwqEgezB9ISDCoUN1w6FudG8gdGllbXBvIHNpbiB2ZXJ0ZSEKwr9FaD8gwr9RdcOpIGhhZ28gYXF1w60/
robiAg,,W01hZXN0cm8gU29uZ10KSSBkb24ndCBrbm93LgpNYXliZSBJIHNob3VsZCB0cmF2ZWwgYWdhaW4u,,,,,W0thcmlhbl0KRSBlbnTDo28/CkRlaXhlLW1lIGlyPw==,,W01hZXN0cm8gU29uZ10KTm8gbG8gc8OpLgpRdWl6w6EgZGViZXLDrWEgdm9sdmVyIGEgdmlhamFyLg==
r4biAg,,W01hZXN0cm8gU29uZ10KT2gsIHJpZ2h0LS1JJ3ZlIGdvdCBzb21ldGhpbmcgdG8gZ2l2ZSB5b3UuIENvdWxkIHlvdSBjb21lIHRvIG15IHJvb20gZm9yIGEgc2VjPw==,,,,,W01lbGxvIERpYXNdCkVpfiBxdWFudG8gdGVtcG8hClRlbmhvIGFsZ28gcGFyYSBkYXIgYSB2b2PDqiwgdm9jw6ogcG9kZSB2aXIgYW8gbWV1IHF1YXJ0bz8=,,W01hZXN0cm8gU29uZ10KT2gsIGNpZXJ0by4uLiB0ZW5nbyBhbGdvIHBhcmEgZGFydGUuIMK/UG9kcsOtYXMgdmVuaXIgdW4gbW9tZW50byBhIG1pIGhhYml0YWNpw7NuPw==
sIbiAg,,W01hZXN0cm8gU29uZ10KT2theSwgdGhlbiBmb2xsb3cgbWUh,,,,,W01lbGxvIERpYXNdCkVudMOjbywgc2lnYS1tZX4=,,W01hZXN0cm8gU29uZ10KQmllbiwgwqFlbnRvbmNlcywgc8OtZ3VlbWUh
sYbiAg,,W01hZXN0cm8gU29uZ10KTm8gcHJvYmxlbS4gSnVzdCBjb21lIGJhY2sgbGF0ZXIsIHdpbGwgeW91Pw==,,,,,W01lbGxvIERpYXNdCkVudMOjbywgcGFzc2UgcG9yIGFxdWkgZGEgcHLDs3hpbWEgdmV6Lg==,,W01hZXN0cm8gU29uZ10KTm8gaGF5IHByb2JsZW1hLiBWdWVsdmUgbcOhcyB0YXJkZSwgwr9xdWllcmVzPw==
sobiAg,,W01hZXN0cm8gU29uZ10KQ29tZSBoZXJlIGFueXRpbWUgaWYgeW91IHdhbnQgdG8gc2VlIG1lLgpJJ2QgbG92ZSB0byB0YWxrIHRvIHlvdSBpbiBteSByb29tLCB0b28u,,,,,W01lbGxvIERpYXNdClNlbXByZSBxdWUgdm9jw6ogcXVpc2VyIG1lIHZlciwgdmVuaGEgbWUgdmlzaXRhci4KU2Ugdm9jw6ogdGl2ZXIgdGVtcG8gZGUgdmlyIGFxdWkgY29udmVyc2FyIGNvbWlnby4=,,W01hZXN0cm8gU29uZ10KVmVuIGFxdcOtIGN1YW5kbyBxdWllcmFzIHNpIGRlc2VhcyB2ZXJtZS4KQSBtw60gdGFtYmnDqW4gbWUgZW5jYW50YXLDrWEgaGFibGFyIGNvbnRpZ28gZW4gbWkgaGFiaXRhY2nDs24u
s4biAg,,W01hZXN0cm8gU29uZ10KV2hlcmUgZGlkIHlvdSBnbyB0aGlzIHRpbWU/CkkgY2FuJ3Qgd2FpdCB0byBoZWFyIHlvdXIgc3Rvcnkh,,,,,W01lbGxvIERpYXNdClZvY8OqIGZvaSBhIGFsZ3VtIGx1Z2FyIGRpdmVydGlkbz8KRXN0b3UgZW1wb2xnYWRvIQ==,,W01hZXN0cm8gU29uZ10Kwr9BIGTDs25kZSBmdWlzdGUgZXN0YSB2ZXo/CsKhWWEgcXVpZXJvIGVzY3VjaGFyIHR1IGhpc3RvcmlhIQ==
tIbiAg,,S2luZCBMYWR5,,,,,TXVsaGVyIEJvbmRvc2E=,,TmnDsWEgRGFtYQ==
tYbiAg,,W0tpbmQgTGFkeV0KTWFlc3RybyBTb25nPwpXaG8ncyB0aGF0Pw==,,,,,W011bGhlciBCb25kb3NhXQpNZWxsbyBEaWFzPwpOdW5jYSBvdXZpIGVzc2Ugbm9tZSBhbnRlcy4=,,W0RhbWEgYW1hYmxlXQrCv01hZXN0cm8gU29uZz8Kwr9RdWnDqW4gZXM/
tobiAg,,W0tpbmQgTGFkeV0KQSBsZWdlbmRhcnkgYmFyZD8KSSBkb24ndCBrbm93IHdobyBoZSBpcywgYnV0IGhlJ3Mgc28gZmFtb3VzLCBodWg/,,,,,W011bGhlciBCb25kb3NhXQpFbGUgw6kgdW0gcG9ldGEgbGVuZMOhcmlvPwpOw6NvIHNlaSBxdWVtIGVsZSDDqSwgbWFzIGFjaG8gcXVlIGRldmEgc2VyIHVtIGdyYW5kZSBob21lbT8=,,W0RhbWEgYW1hYmxlXQrCv1VuIEJhcmRvIGxlZ2VuZGFyaW8/Ck5vIHPDqSBxdWnDqW4gZXMsIHBlcm8gZXMgbXV5IGZhbW9zbywgwr9laD8=
t4biAg,,W0tpbmQgTGFkeV0KT2gsIGlmIHRoaXMgaXMgYWJvdXQgbXVzaWMsIHlvdSBzaG91bGQgdGFsayB0byB0aGF0IF5GNTdEN0RiZXNwZWN0YWNsZWQgbWFuIG5lYXIgdGhlIGNpdHkgZ2F0ZV4wMDAwMDAuCkhlIHNhaWQgaGUgd2FzIGNyZWF0aW5nIGEgYm9vayB3aXRoIDEwMCBtb3N0IHBvcHVsYXIgY3VycmVudCBzb25ncy4=,,,,,W011bGhlciBCb25kb3NhXQpBaCEgUGVyZ3VudGUgYSB1bSBeRjU3RDdEIGhvbWVtIGRlIMOzY3Vsb3Mgbm8gcG9ydMOjbyBkbyBjYXN0ZWxvXjAwMDAwMCBzb2JyZSBhIG3DunNpY2EuCkVsZXMgZmFyw6NvIHVtIGxpdnJvIGRlIDEwMCBtw7pzaWNhcyBkZSBzdWNlc3Nvfg==,,W0RhbWEgYW1hYmxlXQpPaCwgc2kgc2UgdHJhdGEgZGUgbcO6c2ljYSwgZGViZXLDrWFzIGhhYmxhciBjb24gZXNlIF5GNTdEN0Rob21icmUgY29uIGdhZmFzIHF1ZSBlc3TDoSBjZXJjYSBkZSBsYSBlbnRyYWRhIGRlIGxhIGNpdWRhZF4wMDAwMDAuCkRpam8gcXVlIGVzdGFiYSBjcmVhbmRvIHVuIGxpYnJvIGNvbiBsYXMgMTAwIGNhbmNpb25lcyBhY3R1YWxlcyBtw6FzIHBvcHVsYXJlcy4=
uIbiAg,,W0tpbmQgTGFkeV0KSGUgaGFzIHRvIGtub3cgbXVzaWMgdG8gY3JlYXRlIGEgYm9vayBsaWtlIHRoYXQsIHJpZ2h0Pw==,,,,,W011bGhlciBCb25kb3NhXQpFbGUgZGV2ZSBzYWJlciBhbGdvIHNvYnJlIGZhemVyIGFxdWVsZSBsaXZyby4=,,W0RhbWEgYW1hYmxlXQpUaWVuZSBxdWUgc2FiZXIgZGUgbcO6c2ljYSBwYXJhIGNyZWFyIHVuIGxpYnJvIGFzw60sIMK/bm8/
uYbiAg,,W0tpbmQgTGFkeV0KSWYgdGhpcyBpcyBhYm91dCBtdXNpYywgeW91IHNob3VsZCB0YWxrIHRvIHRoYXQgXkY1N0Q3RGJlc3BlY3RhY2xlZCBtYW4gbmVhciB0aGUgY2l0eSBnYXRlXjAwMDAwMC4KSGUgc2FpZCBoZSB3YXMgY3JlYXRpbmcgYSBib29rIHdpdGggMTAwIG1vc3QgcG9wdWxhciBjdXJyZW50IHNvbmdzLg==,,,,,W011bGhlciBCb25kb3NhXQpBaCEgUGVyZ3VudGUgYSB1bSBeRjU3RDdEIGhvbWVtIGRlIMOzY3Vsb3Mgbm8gcG9ydMOjbyBkbyBjYXN0ZWxvXjAwMDAwMCBzb2JyZSBhIG3DunNpY2EuCkVsZXMgZmFyw6NvIHVtIGxpdnJvIGRlIDEwMCBtw7pzaWNhcyBkZSBzdWNlc3Nvfg==,,W0RhbWEgYW1hYmxlXQpTaSBzZSB0cmF0YSBkZSBtw7pzaWNhLCBkZWJlcsOtYXMgaGFibGFyIGNvbiBlc2UgXkY1N0Q3RGhvbWJyZSBkZSBnYWZhcyBxdWUgZXN0w6EgY2VyY2EgZGUgbGEgZW50cmFkYSBkZSBsYSBjaXVkYWReMDAwMDAwLgpEaWpvIHF1ZSBlc3RhYmEgY3JlYW5kbyB1biBsaWJybyBjb24gbGFzIDEwMCBjYW5jaW9uZXMgYWN0dWFsZXMgbcOhcyBwb3B1bGFyZXMu
uobiAg,,W0tpbmQgTGFkeV0KVGhhdCBeRjU3RDdEYmVzcGVjdGFjbGVkIG1hbiBuZWFyIHRoZSBjaXR5IGdhdGVeMDAwMDAwIHNhaWQgaGUgd2FzIGNyZWF0aW5nIGEgYm9vayB3aXRoIDEwMCBtb3N0IHBvcHVsYXIgY3VycmVudCBzb25ncy4=,,,,,W011bGhlciBCb25kb3NhXQpPdXZpIGRpemVyIHF1ZSB1bSBeRjU3RDdEIGhvbWVtIGRlIMOzY3Vsb3Mgbm8gcG9ydMOjbyBkbyBjYXN0ZWxvXjAwMDAwMCBlc3TDoSBmYXplbmRvIHVtIGxpdnJvIHNvYnJlIDEwMCBtw7pzaWNhcyBkZSBzdWNlc3NvLg==,,W0RhbWEgYW1hYmxlXQpFc2UgXkY1N0Q3RGhvbWJyZSBjb24gZ2FmYXMgcXVlIGVzdMOhIGNlcmNhIGRlIGxhIGVudHJhZGEgZGUgbGEgY2l1ZGFkXjAwMDAwMCBkaWpvIHF1ZSBlc3RhYmEgY3JlYW5kbyB1biBsaWJybyBjb24gbGFzIDEwMCBjYW5jaW9uZXMgYWN0dWFsZXMgbcOhcyBwb3B1bGFyZXMu
u4biAg,,QmVzcGVjdGFjbGVkIE1hbg==,,,,,SG9tZW0gZGUgw5NjdWxvcw==,,SG9tYnJlIGNvbiBnYWZhcw==
vIbiAg,,W0Jlc3BlY3RhY2xlZCBNYW5dCk1hZXN0cm8gU29uZz8KU3VyZSwgaGUncyB3cml0dGVuIG1hbnkgZ29vZCBzb25ncy4gSSBkb24ndCBrbm93IG11Y2ggYWJvdXQgaGltIGFzIGEgcGVyc29uLA==,,,,,W0hvbWVtIGRlIMOTY3Vsb3NdClZvY8OqIGVzdMOhIGZhbGFuZG8gZGEgTWVsbG8gRGlhcz8KTsOjbyBzZWkgZG9zIGRldGFsaGVzLCBtYXMgb3V2aSBkaXplciBxdWUgZWxlIGVzY3JldmV1IG3DunNpY2FzIMOzdGltYXMu,,W0hvbWJyZSBjb24gZ2FmYXNdCsK/TWFlc3RybyBTb25nPwpDbGFybywgZXNjcmliacOzIG11Y2hhcyBjYW5jaW9uZXMgYnVlbmFzLiBObyBzw6kgbXVjaG8gZGUgw6lsIGNvbW8gcGVyc29uYS4uLg==
vYbiAg,,W0Jlc3BlY3RhY2xlZCBNYW5dCmJ1dCBmb3IgYSB5b3VuZywgc2hlbHRlcmVkIG5vYmxlbWFuLCBoZSBzdXJlIGtub3dzIGEgbG90IGFib3V0IHRoZSBoYXJkc2hpcHMgb2YgbGlmZS4=,,,,,W0hvbWVtIGRlIMOTY3Vsb3NdCk7Do28gZW50ZW5kbyBjb21vIHVtIGdhcm90byBjcmlhZG8gZW0gdW0gYW1iaWVudGUgcmljbyBwb2RlcmlhIGVzY3JldmVyIHVtYSBtw7pzaWNhIGNvbW8gZXNzYS4=,,W0hvbWJyZSBjb24gZ2FmYXNdCi4uLiBwZXJvLCBwYXJhIHNlciB1biBub2JsZSBqb3ZlbiB5IHByb3RlZ2lkbywgc2VndXJvIHF1ZSBzYWJlIG11Y2hvIGRlIGxhcyBwZW51cmlhcyBkZSBsYSB2aWRhLg==
vobiAg,,W0Jlc3BlY3RhY2xlZCBNYW5dCkkndmUgaGVhcmQgaGUncyBzdGlsbCB0cmF2ZWxpbmcgYW5kIGNyZWF0aW5nIG11c2ljLCBidXQgaGUgaGFzbid0IHJlbGVhc2VkIGFueSBuZXcgc29uZyw=,,,,,W0hvbWVtIGRlIMOTY3Vsb3NdCkVsZSBhaW5kYSBlc3TDoSB2aWFqYW5kbywgbWFzIHVsdGltYW1lbnRlIG7Do28gb3V2aW1vcyBtw7pzaWNhcyBub3Zhcy4=,,W0hvbWJyZSBjb24gZ2FmYXNdCk/DrSBxdWUgc2lndWUgdmlhamFuZG8geSBjcmVhbmRvIG3DunNpY2EsIHBlcm8gbm8gc2Fjw7MgbmluZ3VuYSBjYW5jacOzbiBudWV2YS4uLg==
v4biAg,,W0Jlc3BlY3RhY2xlZCBNYW5dCmFuZCBwZW9wbGUgaW4gdGhlIGluZHVzdHJ5LCBteXNlbGYgaW5jbHVkZWQsIGFyZSBnZXR0aW5nIGltcGF0aWVudC4=,,,,,W0hvbWVtIGRlIMOTY3Vsb3NdCkVudMOjbywgZXN0YW1vcyBwcmVvY3VwYWRvcy4=,,W0hvbWJyZSBjb24gZ2FmYXNdCi4uLiB5IGxhIGdlbnRlIGRlIGVzZSBlbnRvcm5vLCB5byBpbmNsdWlkbywgc2UgZXN0w6EgaW1wYWNpZW50YW5kby4=
wIbiAg,,W0Jlc3BlY3RhY2xlZCBNYW5dCldlbGwsIGV2ZXJ5dGhpbmcgZWxzZSBJJ3ZlIGhlYXJkIGFib3V0IGhpbSBpcyBmcm9tIHRoZSBeRjU3RDdEbGFkeSBzdGFuZGluZyBpbiBmcm9udCBvZiB0aGUgdG9vbCBzaG9wXjAwMDAwMC4gWW91IHNob3VsZCB0YWxrIHRvIGhlci4=,,,,,W0hvbWVtIGRlIMOTY3Vsb3NdClNlcmlhIG1lbGhvciBwZXJndW50YXIgcGFyYSBhIF5GNTdEN0RtdWxoZXIgZW0gZnJlbnRlIGEgTG9qYSBkZSBGZXJyYW1lbnRhc14wMDAwMDAu,,W0hvbWJyZSBjb24gZ2FmYXNdCkJ1ZW5vLCB0b2RvIGxvIGRlbcOhcyBxdWUgb8OtIGhhYmxhciBkZSDDqWwgZXMgZGUgbGEgXkY1N0Q3RGRhbWEgcXVlIGVzdMOhIHBhcmFkYSBkZWxhbnRlIGRlIGxhIHRpZW5kYSBkZSBoZXJyYW1pZW50YXNeMDAwMDAwLiBEZWJlcsOtYXMgaGFibGFyIGNvbiBlbGxhLg==
wYbiAg,,W0Jlc3BlY3RhY2xlZCBNYW5dCkEgY29tcGlsYXRpb24gb2YgMTAwIG1vc3QgcG9wdWxhciBjdXJyZW50IHNvbmdzIQpJZiB5b3UgdGhpbmsgeW91J3JlIGEgdHJlbmRzZXR0ZXIsIHRoZW4geW91IG11c3Qga25vdyBob3cgdG8gc2luZyBhIGZldyBwb3B1bGFyIHNvbmdzLCByaWdodD8=,,,,,W0hvbWVtIGRlIMOTY3Vsb3NdCjEwMCBtw7pzaWNhcyBkZSBzdWNlc3NvIQpRdWVtIHF1aXNlciBzZXIgdW0gTWVuZXN0cmVsIGRldmVyaWEgc2FiZXIgc29icmUgZXNzYSBtw7pzaWNhIQ==,,W0hvbWJyZSBjb24gZ2FmYXNdCsKhVW5hIHJlY29waWxhY2nDs24gZGUgbGFzIDEwMCBjYW5jaW9uZXMgYWN0dWFsZXMgbcOhcyBwb3B1bGFyZXMhClNpIGNyZWVzIHF1ZSBtYXJjYXMgdGVuZGVuY2lhLCBzZWd1cm8gcXVlIHNhYmVzIGNhbnRhciBhbGd1bmFzIGNhbmNpb25lcyBwb3B1bGFyZXMsIMK/dmVyZGFkPw==
wobiAg,,W0Jlc3BlY3RhY2xlZCBNYW5dCklmIEkgcHVibGlzaCB0aGlzIGJvb2ssIEknbGwgcmFrZSBpbiBtb25leSEKTXdhIGhhaCBoYWggaGFoIQ==,,,,,W0hvbWVtIGRlIMOTY3Vsb3NdClF1YW5kbyBlc3NlIGxpdnJvIGVzdGl2ZXIgdGVybWluYWRvLCBmaWNhcmVpIHJpY28hCkhhaGEhIQ==,,W0hvbWJyZSBjb24gZ2FmYXNdCsKhU2kgcHVibGljbyBlc3RlIGxpYnJvLCBnYW5hcsOpIG11Y2hvIGRpbmVybyEKwqFNdWFqYWphamFqYSE=
w4biAg,,TGFkeQ==,,,,,TXVsaGVy,,RGFtYQ==
xIbiAg,,W0xhZHldCkRvIHlvdSBrbm93IHdoZXJlIHRoaXMgTWFlc3RybyBTb25nIGlzPwpUaGUgbW9yZSBJIGhlYXIgYWJvdXQgaGltLCB0aGUgbW9yZSBJJ20gY29udmluY2VkIGhlJ3MgbXkgeW91bmcgbWFzdGVyLg==,,,,,W1dvbWFuXQpTYWJlIHF1ZW0gw6kgbyBNZWxsbyBEaWFzPwpBY2hvIHF1ZSBlbGUgZGV2ZSBzZXIgbWV1IGdhcm90aW5oby4=,,W0RhbWFdCsK/U2FiZXMgZMOzbmRlIGVzdMOhIGVzZSBtYWVzdHJvIFNvbmc/CkN1YW50byBtw6FzIG9pZ28gaGFibGFyIGRlIMOpbCwgbcOhcyBtZSBjb252ZW56byBkZSBxdWUgZXMgbWkgam92ZW4gbWFlc3Ryby4=
xYbiAg,,W0xhZHldCkEgZmV3IHllYXJzIGFnbywgaGUgd2VudCB0byBBbGJlcnRhIHRvIHNlZSB0aGUgc2VhLCBhbmQgaGUgc3RpbGwgaGFzbid0IGNvbWUgaG9tZS4=,,,,,W1dvbWFuXQpIw6EgYWxndW5zIGFub3MsIGVsZSBmb2kgcGFyYSBvIG1hciwgbWFzIG51bmNhIHZvbHRvdS4=,,W0RhbWFdCkhhY2UgdW5vcyBhw7Fvcywgc2UgZnVlIGEgQWxiZXJ0YSBhIHZlciBlbCBtYXIgeSBhw7puIG5vIHZvbHZpw7MgYSBjYXNhLg==
xobiAg,,W0xhZHldClRoZSBZb3VuZyBNYXN0ZXIgbG92ZWQgc2luZ2luZyBzaW5jZSBoZSB3YXMgeW91bmcsIGJ1dCBoaXMgZmFtaWx5IGhhdGVkIGl0Lg==,,,,,W1dvbWFuXQpFbGUgZ29zdGF2YSBtdWl0byBkZSBjYW50YXIgbWFzIG7Ds3MgbsOjbyBvIGRlaXjDoXZhbW9zIGNhbnRhci4=,,W0RhbWFdCkFsIGpvdmVuIG1hZXN0cm8gbGUgZ3VzdGFiYSBjYW50YXIgZGVzZGUgcXVlIGVyYSBqb3ZlbiwgcGVybyBzdSBmYW1pbGlhIGxvIG9kaWFiYS4=
x4biAg,,W0xhZHldCkVzcGVjaWFsbHksIGhpcyBmYXRoZXIuIEl0IHVzZWQgdG8gYW5nZXIgdGhlIE1hc3RlciB0byBubyBlbmQgdG8gc2VlIGhpcyBzb24gYmVpbmcgYWJzb3JiZWQgaW4gbXVzaWMu,,,,,W1dvbWFuXQpFc3BlY2lhbG1lbnRlIG8gcGFpIGRlbGUgbsOjbyBnb3N0YXZhIHF1ZSBlbGUgY2FudGFzc2UgbXVpdG8u,,W0RhbWFdCkVzcGVjaWFsbWVudGUsIHN1IHBhZHJlLiBBbCBtYWVzdHJvIGxlIGVuZnVyZWPDrWEgbXVjaMOtc2ltbyB2ZXIgYSBzdSBoaWpvIGFic29ydG8gZW4gbGEgbcO6c2ljYS4=
yIbiAg,,W0xhZHldCkhlIGV2ZW4gYnJva2UgYWxsIGhpcyBmYXZvcml0ZSBpbnN0cnVtZW50cy4KTXkgcG9vciB5b3VuZyBtYXN0ZXIsIHdoZXJlIGFyZSB5b3U/ICpTbmlmZmxlKg==,,,,,W1dvbWFuXQpFbnTDo28sIGVsZSBxdWVicm91IHRvZG9zIG9zIGluc3RydW1lbnRvcy4uLgpGb2kgaG9ycsOtdmVsLgpPbmRlIGVzdMOhIG1ldSBnYXJvdGluaG8uLi4gc25pZmYu,,W0RhbWFdCkluY2x1c28gcm9tcGnDsyB0b2RvcyBzdXMgaW5zdHJ1bWVudG9zIGZhdm9yaXRvcy4KTWkgcG9icmUgam92ZW4gbWFlc3Rybywgwr9kw7NuZGUgZXN0w6FzPyAqU29sbG96YSo=
yYbiAg,,LSBJIGRvbid0IHRoaW5rIEkgY2FuIGdldCBhbnkgbW9yZSB1c2VmdWwgaW5mb3JtYXRpb24gaGVyZS4gLQotIEkgc2hvdWxkIGdvIGJhY2sgdG8gQWxiZXJ0YS4gLQ==,,,,,LSBOw6NvIGNvbnNpZ28gb2J0ZXIgbWFpcyAtCi0gaW5mb3JtYcOnw7VlcyDDunRlaXMuIC0KLSBWb2x0ZSBwYXJhIEFsYmVydGEuIC0=,,KE5vIGNyZW8gcXVlIHB1ZWRhIG9idGVuZXIgbcOhcyBpbmZvcm1hY2nDs24gw7p0aWwgYXF1w60uCkRlYmVyw61hIHZvbHZlciBhIEFsYmVydGEpLg==
yobiAg,,W0xhZHldCk15IHBvb3IgeW91bmcgbWFzdGVyLCB3aGVyZSBhcmUgeW91PyAqU25pZmZsZSo=,,,,,W1dvbWFuXQpPbmRlIGVzdMOhIG1ldSBnYXJvdGluaG8uLi4gc25pZmYu,,W0RhbWFdCk1pIHBvYnJlIGpvdmVuIG1hZXN0cm8sIMK/ZMOzbmRlIGVzdMOhcz8gKlNvbGxvemEq
y4biAg,,S2FyaWFu,,,,,S2FyaWFu,,S2FyaWFu
zIbiAg,,W0thcmlhbl0KKlJldGNoISo=,,,,,W0thcmlhbl0KQXRjaC4uLg==,,W0thcmlhbl0KKsKhUHVhaiEq
zYbiAg,,W0thcmlhbl0KUC1wbGVhc2UuLi4gZG9uJ3QgdG91Y2ggbWUuLi4KTXkgc3RvbWFjaC4uLiBVZ2guLi4=,,,,,W0thcmlhbl0KUG9yIGZhdm9yLCBkZWl4ZS1tZSBlbSBwYXohCkV1IG1lIHNpbnRvIGVuam9hZG8u,,W0thcmlhbl0KUHAtcG9yIGZhdm9yLi4uIG5vIG1lIHRvcXVlcy4uLgpNaSBlc3TDs21hZ28uLi4gVWYuLi4=
zobiAg,,W0thcmlhbl0KVWdoLi4uIFRoYXQgd2FzIHRlcnJpYmxlLi4uCkkgbmV2ZXIgd2FudCB0byBiZSBvbiB0aGUgYWlyc2hpcCBhZ2Fpbi4uLg==,,,,,W0thcmlhbl0KQWFhYWksIMOpIHTDo28gZG9sb3Jvc28uCk7Do28gcXVlcm8gbWUgc2VudGlyIGFzc2ltIG51bmNhIG1haXMu,,W0thcmlhbl0KVWYuLi4gRXNvIGZ1ZSB0ZXJyaWJsZS4uLgpObyBxdWllcm8gdm9sdmVyIGEgZXN0YXIgZW4gbGEgYWVyb25hdmUuLi4=
z4biAg,,W3swfV0KSG93IGFyZSB5b3UgZmVlbGluZz8=,,,,,W3swfV0KRXN0w6EgdHVkbyBiZW0/,,W3swfV0Kwr9Dw7NtbyB0ZSBzaWVudGVzPw==
0IbiAg,,W0thcmlhbl0KLi4uCk5vdCBnb29kLg==,,,,,W0thcmlhbl0KLi4uCk7Do28uLi4=,,W0thcmlhbl0KLi4uClBhcmEgbmFkYSBiaWVuLg==
0YbiAg,,W3swfV0KSSBjYW4gdGVsbC4KWW91IGp1c3Qgc3RheSBoZXJlIGFuZCByZXN0LiBJJ2xsIGdvIGFzayBhcm91bmQgaW4gdGhlIHZpbGxhZ2Uu,,,,,W3swfV0KTsOjbyBlc3RvdSBtdWl0byBiZW0uCkVudMOjbywgZXUgdm91IGRlc2NvYnJpciBpbmZvcm1hw6fDtWVzIG5hIGNpZGFkZSwgdm9jw6ogcG9kZSBkZXNjYW5zYXIu,,W3swfV0KUHVlZG8gbm90YXJsby4KUXXDqWRhdGUgYXF1w60geSBkZXNjYW5zYS4gSXLDqSBhIHByZWd1bnRhciBwb3IgbGEgYWxkZWEu
0obiAg,,W0thcmlhbl0KVGhhbmsgeW91LS0qUmV0Y2ghKgpUaGUgXkY1N0Q3RHRhdmVybl4wMDAwMDAuLi4gSXQncyBhbHdheXMgY3Jvd2RlZC4uLiBNYXliZSB5b3UgY2FuIGZpbmQgc29tZSBnb29kIGluZm9ybWF0aW9uLS0qUmV0Y2ghKg==,,,,,W0thcmlhbl0KTGFtZW50bywgZWNhIQpWb2PDqiBwb2RlIG9idGVyIGJvYXMgaW5mb3JtYcOnw7VlcyBuYSBeRjU3RDdEVGF2ZXJuYV4wMDAwMDAuIEFpLi4u,,W0thcmlhbl0KR3JhY2lhcy4uLiAqwqFQdWFqISoKTGEgXkY1N0Q3RHRhYmVybmFeMDAwMDAwLi4uIFNpZW1wcmUgZXN0w6EgcmVwbGV0YS4uLiBUYWwgdmV6LCBwdWVkYXMgZW5jb250cmFyIGFsZ3VuYSBpbmZvcm1hY2nDs24gw7p0aWwuLi4gKsKhUHVhaiEq
04biAg,,W3swfV0KT2theSwgSSB3aWxsLiBQbGVhc2Ugc3RvcCB0YWxraW5nLg==,,,,,W3swfV0KVm9jw6ogbsOjbyB0ZW0gcXVlIGNvbnRhciB0dWRvIHBhcmEgbWltLiBQb3NzbyBjdWlkYXIgZGlzc28u,,W3swfV0KRGUgYWN1ZXJkbywgbG8gaGFyw6kuIFBvciBmYXZvciwgZGVqYSBkZSBoYWJsYXIu
1IbiAg,,W0thcmlhbl0KLi4u,,,,,W0thcmlhbl0KLi4u,,W0thcmlhbl0KLi4u
1YbiAg,,W0thcmlhbl0KKlJldGNoISoKRGlkIHlvdSBmaW5kIG91dCBhbnktLSpSZXRjaCEq,,,,,W0thcmlhbl0KRGVzY3VscGUuLi4gQWlpaSEKVm9jw6ogcG9kZSBvYnRlciBib2FzIGluZm9ybWHDp8O1ZXMgbmEgXjdEMDc4MVRhdmVybmFeMDAwMDAwLiBBaS4uLg==,,W0thcmlhbl0KKsKhUHVhaiEqCkF2ZXJpZ3Vhc3RlIGFsZ28uLi4gKsKhUHVhaiEq
1obiAg,,LSBLYXJpYW4gaXMgc3RpbGwgLQotIG5vdCBpbiBnb29kIGNvbmRpdGlvbi4gLQotIEkgc2hvdWxkIHRhbGsgdG8gdGhhdCB0YXZlcm4gcGF0cm9uIC0KLSBhZ2FpbiBmb3IgbW9yZSBpbmZvcm1hdGlvbi4gLQ==,,,,,LSBLYXJpYW4gbsOjbyBwYXJlY2UgLSAKLSBlc3RhciBwYXNzYW5kbyBiZW0gLQotIHZvY8OqIHBvZGUgb2J0ZXIgaW5mb3JtYcOnw7VlcyAtCi0gY29tIHVtIGhvbWVtIG5hIFRhdmVybmEuIC0=,,KEthcmlhbiB0b2RhdsOtYQpubyBzZSBlbmN1ZW50cmEgYmllbi4KRGViZXLDrWEgaGFibGFyIGNvbiBlbCBwYXRyw7NuIGRlIGxhIHRhYmVybmEKcGFyYSBvYnRlbmVyIG3DoXMgaW5mb3JtYWNpw7NuKS4=
14biAg,,W0thcmlhbl0KQXd3Li4u,,,,,W0thcmlhbl0KQWlpaS4uLg==,,W0thcmlhbl0KQXkuLi4=
2IbiAg,,W0thcmlhbl0KQXd3Li4uCkJldHRlciwgSSB0aGluay4=,,,,,W0thcmlhbl0KQWlpLi4uCk1lIHNpbnRvIG1lbGhvci4=,,W0thcmlhbl0KQXkuLi4KTWVqb3IsIGNyZW8u
2YbiAg,,W0thcmlhbl0KU28sIGRpZCB5b3UgZmluZCBvdXQgYW55dGhpbmc/CkknbSBzb3JyeSBJJ3ZlIGJlZW4gYSBidXJkZW4gdG8geW91IHNpbmNlIHdlIGNhbWUgdG8gSHVnZWwu,,,,,W0thcmlhbl0KQ29uc2VndWl1IGFsZ3VtYSBjb2lzYT8KRGVzY3VscGUgc2UgbsOjbyBwb3NzbyBzZXIgbWFpcyDDunRpbCBwYXJhIHZvY8OqLg==,,W0thcmlhbl0KRW50b25jZXMsIMK/YXZlcmlndWFzdGUgYWxnbz8KTG8gc2llbnRvIHBvciBoYWJlciBzaWRvIHVuYSBjYXJnYSBwYXJhIHRpIGRlc2RlIHF1ZSBsbGVnYW1vcyBhIEh1Z2VsLg==
2obiAg,,W3swfV0KTm8gd29ycmllcy4KSSBtZXQgYSBtYW4gaW4gdGhlIHRhdmVybi4gSGUgc2FpZCBoZSdkIHJlY2VpdmVkIGEgc29uZyBmcm9tIE1hZXN0cm8gU29uZyBhIGZldyB5ZWFycyBhZ28u,,,,,W3swfV0KTsOjbywgdHVkbyBiZW0uCkNvbmhlY2kgdW0gaG9tZW0gbmEgVGF2ZXJuYSwgZWxlIGRpc3NlIHF1ZSBlbGUgdGVtIHVtYSBtw7pzaWNhIGRvICdNZWxsbyBEaWFzJy4=,,W3swfV0KTm8gdGUgcHJlb2N1cGVzLgpDb25vY8OtIGEgdW4gaG9tYnJlIGVuIGxhIHRhYmVybmEuIERpam8gcXVlIGhhYsOtYSByZWNpYmlkbyB1bmEgY2FuY2nDs24gZGVsIG1hZXN0cm8gU29uZyBoYWNlIHVub3MgYcOxb3Mu
24biAg,,W0thcmlhbl0KSW4gdGhlIHRhdmVybj8KUi1yZWNlaXZlZCBhIHNvbmc/Ci4uLgpBY2suLi4=,,,,,W0thcmlhbl0KVGF2ZXJuYT8KVm9jw6ogY29uc2VndWl1IHVtYSBtw7pzaWNhPyAKLi4uLi4KUMOhbGlkby4uLg==,,W0thcmlhbl0Kwr9FbiBsYSB0YWJlcm5hPwrCv1JlLXJlY2liacOzIHVuYSBjYW5jacOzbj8KLi4uCkF5Li4u
3IbiAg,,W3swfV0KSGV5LCBhcmUgeW91IHN1cmUgeW91J3JlIG9rYXk/,,,,,W3swfV0KRWkhIFRlbSBjZXJ0ZXphIGRlIHF1ZSB2b2PDqiBlc3TDoSBiZW0/,,W3swfV0KT3llLCDCv3NlZ3VybyBxdWUgZXN0w6FzIGJpZW4/
3YbiAg,,W0thcmlhbl0KSSBnb3Qgb3ZlciBteSBtb3Rpb24gc2lja25lc3MuIERvbid0IHdvcnJ5LgpJIGp1c3QgcmVtZW1iZXJlZCBzb21ldGhpbmcgdW5wbGVhc2FudC4KU28sIHdoYXQgZWxzZT8=,,,,,W0thcmlhbl0KTsOjbyB0ZW5obyBlbmpvb3MgZHVyYW50ZSBvIHbDtG8sClPDo28gc8OzIG1lbcOzcmlhcyBydWlucy4KRW50w6NvLCB2b2PDqiBvdXZpdSBhbGd1bWEgY29pc2E/,,W0thcmlhbl0KWWEgbWUgcmVjdXBlcsOpIGRlbCBtYXJlby4gTm8gdGUgcHJlb2N1cGVzLgpBY2FibyBkZSByZWNvcmRhciBhbGdvIGRlc2FncmFkYWJsZS4KRW50b25jZXMsIMK/cXXDqSBtw6FzPw==
3obiAg,,W3swfV0KSSBoZWFyZCB0aGlzIHNvbmcgY2FsbGVkIF5GNTdEN0RNZXRhbGxpYyBTb3VuZF4wMDAwMDAu,,,,,W3swfV0KT3V2aSB1bWEgbcO6c2ljYSBjaGFtYWRhIF5GNTdEN0QnUnXDrWRvIEVzdHJpZGVudGUnXjAwMDAwMC4=,,W3swfV0KRXNjdWNow6kgZXN0YSBjYW5jacOzbiBsbGFtYWRhIF5GNTdEN0RTb25pZG8gbWV0w6FsaWNvXjAwMDAwMC4=
34biAg,,W0thcmlhbl0KU2F5IFdIQVQ/CllvdSBoZWFyZCB0aGF0IHNvbmc/,,,,,W0thcmlhbl0KQ29tbz8hPyE/IT8hISEhIQpPdXZpdSBhcXVpbG8/,,W0thcmlhbl0Kwr9QZXJvIFFVw4kgZGljZXM/CsK/T8Otc3RlIGVzYSBjYW5jacOzbj8=
4IbiAg,,W3swfV0KWWVzLiBEbyB5b3Uga25vdyB0aGF0IHNvbmc/,,,,,W3swfV0KUG9yIHF1w6o/IFZvY8OqIGNvbmhlY2UgYXF1ZWxhIG3DunNpY2E/,,W3swfV0KU8OtLiDCv0Nvbm9jZXMgZXNhIGNhbmNpw7NuPw==
4YbiAg,,W0thcmlhbl0KSHVoPwpFcnIsIGVyci4uLiBTdXJlLi4u,,,,,W0thcmlhbl0KQWhoLi4uClMsIHNpbS4uLg==,,W0thcmlhbl0Kwr9FaD8KRWhoLCBlaC4uLiBDbGFyby4uLg==
4obiAg,,W3swfV0KSG0uLi4=,,,,,W3swfV0KSHVtLi4u,,W3swfV0KTW1tLi4u
44biAg,,W0thcmlhbl0KSSBrbm93IHdob20geW91IG1ldC4KSGUncyBnb3QgYSBpbmNyZWRpYmxlIHZvaWNlLCBkb2Vzbid0IGhlPw==,,,,,W0thcmlhbl0KRXUgasOhIG8gY29uaGVjaWEuCkVsZSB0ZW0gdW1hIMOzdGltYSB2b3ouLi4=,,W0thcmlhbl0KU8OpIGEgcXVpw6luIGNvbm9jaXN0ZS4KVGllbmUgdW5hIHZveiBpbmNyZcOtYmxlLCDCv3ZlcmRhZD8=
5IbiAg,,W3swfV0KWWVzLgpJdCBjb21wbGV0ZWx5IGtub2NrZWQgbWUgb3V0Lg==,,,,,W3swfV0KU2ltLgpFdSBkZXNtYWllaSBlbnF1YW50byBvdXZpYSBhIG3DunNpY2Eu,,W3swfV0KU8OtLgpNZSBkZWrDsyBjb21wbGV0YW1lbnRlIGJvcXVpYWJpZXJ0by4=
5YbiAg,,W0thcmlhbl0KQXMgZGVzdHJ1Y3RpdmUgYXMgYmVmb3JlLApJIHNlZS4KQW55dGhpbmcgZWxzZT8=,,,,,W0thcmlhbl0KRWxlIHRlbSBvIHBvZGVyIGRlc3RydXRpdm8gZGEgdm96LgpFIGVsZS4uLgpPIHF1ZSBtYWlzPw==,,W0thcmlhbl0KVGFuIGRlc3RydWN0aXZvIGNvbW8gYW50ZXMsCnlhIHZlby4Kwr9BbGdvIG3DoXM/
5obiAg,,W3swfV0KT2gsCmhlIHNhaWQgXkY1N0Q3RE1hZXN0cm8gU29uZ14wMDAwMDAgd2VudCB0byB0aGUgXkY1N0Q3RFRoYW5hdG9zIFRvd2VyXjAwMDAwMC4KSGUgZGlkbid0IGtub3cgd2h5LCB0aG91Z2gu,,,,,W3swfV0KQWghCl5GNTdEN0QnTWVsbG8gRGlhcydeMDAwMDAwLCBmb2kgYSBeRjU3RDdEdG9ycmUgZGVUaGFuYXRvc14wMDAwMDAKRXUgbsOjbyBzZWkgcG9yIHF1ZSBlbGUgZm9pIGzDoS4=,,W3swfV0KQWgsCmRpam8gcXVlIGVsIF5GNTdEN0RtYWVzdHJvIFNvbmdeMDAwMDAwIGZ1ZSBhIGxhIF5GNTdEN0RUb3JyZSBkZSBUaGFuYXRvc14wMDAwMDAuClBlcm8gbm8gc2Fiw61hIHBvciBxdcOpLg==
54biAg,,W0thcmlhbl0KUmVhbGx5PyBUaGVuLCBzaG91bGQgd2UgZ28gdGhlcmU/,,,,,W0thcmlhbl0KRWxlIGZvaT8gVGVuaG8gcXVlIGlyIGzDoSE=,,W0thcmlhbl0Kwr9EZSB2ZXJkYWQ/IEVudG9uY2VzLCDCv2RlYmVyw61hbW9zIGlyIGFsbMOtPw==
6IbiAg,,W0thcmlhbl0KV2hhdCBhcmUgeW91IGRvaW5nPyBMZXQncyBnbyB0byB0aGUgVGhhbmF0b3MgVG93ZXIu,,,,,W0thcmlhbl0KTyBxdWUgZXN0w6EgZmF6ZW5kbz8gVmFtb3MgYXTDqSBhIFRvcnJlIGRlIFRoYW5hdG9zLg==,,W0thcmlhbl0Kwr9RdcOpIGVzdMOhcyBoYWNpZW5kbz8gVmFtb3MgYSBsYSBUb3JyZSBkZSBUaGFuYXRvcy4=
6YbiAg,,W0thcmlhbl0KV2UgY2FuIHRha2UgdGhlIGFpcnNoaXAsIGJ1dCB3ZSdyZSBpbiBubyBydXNoLiBXaHkgZG9uJ3Qgd2Ugd2FsayB0aGVyZT8=,,,,,W0thcmlhbl0Kw4kgY2xhcm8gcXVlIMOpIGbDoWNpbCBwZWdhciB1bSBhZXJvcGxhbm8sIG1hcyDDoHMgdmV6ZXMgcG9kZSBzZXIgYm9tIGFuZGFyLg==,,W0thcmlhbl0KUG9kZW1vcyB0b21hciBsYSBhZXJvbmF2ZSwgcGVybyBubyB0ZW5lbW9zIHByaXNhLiDCv1BvciBxdcOpIG5vIHZhbW9zIGNhbWluYW5kbz8=
6obiAg,,W0thcmlhbl0KQW5kIEknbSBub3Qgc2F5aW5nIHRoaXMgYmVjYXVzZSBvZiBteSBtb3Rpb24gc2lja25lc3Mu,,,,,W0thcmlhbl0KTsOjbyDDqSBzb2JyZSBhIG1pbmhhIGRvZW7Dp2Eu,,W0thcmlhbl0KWSBubyBsbyBkaWdvIHBvciBtaSBtYXJlby4=
64biAg,,VGVycmlibGUgU2luZ2Vy,,,,,VG9uZS1kZWFmIHBlcnNvbg==,,Q2FudGFudGUgdGVycmlibGU=
7IbiAg,,W1RlcnJpYmxlIFNpbmdlcl0KTGEsIGxhLiBMYSwgbGEsIGxhLgpEdW0sIGNoaXQsIGR1bSwgY2hpdCE=,,,,,W1RvbmUtZGVhZiBwZXJzb25dCkxhbGF+IGxhbGF+Ck11cm11cmFuZG9+Pw==,,W0NhbnRhbnRlIHRlcnJpYmxlXQpMYSwgbGEuIExhLCBsYSwgbGEuCsKhRHVtLCBjaGl0LCBkdW0sIGNoaXQh
7YbiAg,,W1RlcnJpYmxlIFNpbmdlcl0KRGluZywgZGluZywgZGluZy4KTHUsIGx1LCBsdS4gTGEh,,,,,W1RvbmUtZGVhZiBwZXJzb25dCmxhbGFsYX4KbHVsbHVsYX4=,,W0NhbnRhbnRlIHRlcnJpYmxlXQpEaW5nLCBkaW5nLCBkaW5nLgpMdSwgbHUsIGx1LiDCoUxhIQ==
7obiAg,,LSBIaXMgc2luZ2luZyB2b2ljZSBpcyBzbyB0ZXJyaWJsZSAtCi0gaXQncyBhbGwgYnV0IC0KLSBhIHNwZWNpYWwgdGFsZW50IGluIGl0cyBvd24gcmlnaHQuIC0=,,,,,LSDDiSBtdWl0byBkaWbDrWNpbCBvdXZpci4gLQotIFZvY8OqIGNvbWXDp2EgYSBkdXZpZGFyIC0KLSBxdWUgdGFpcyBzb25zIHBvZGVyaWFtIC0KLSBzZXIgZmVpdG9zIHBvciBodW1hbm9zLiAt,,KE5vIHRpZW5lIHZveiBwYXJhIGNhbnRhciwgCmVzIHRlcnJpYmxlLgpFcyB0b2RvIG1lbm9zIHRhbGVudG8pLg==
74biAg,,SSdkIGJldHRlciBtb3ZlIGF3YXku,,,,,Vm9jw6ogc2UgbW92ZSBhbyBvdXRybyBsYWRvLg==,,U2Vyw6EgbWVqb3IgcXVlIG1lIHZheWEu
8IbiAg,,S2VlcCBsaXN0ZW5pbmcu,,,,,Q29udGludWFyIGVzY3V0YW5kby4=,,U2VndWlyIGVzY3VjaGFuZG8u
8YbiAg,,W1RlcnJpYmxlIFNpbmdlcl0KVHUsIHJ1LCB0dSwgcnUuCkRhbiwgZGFuLCBkYW4h,,,,,W1RvbmUtZGVhZiBwZXJzb25dClR1cnV0dXJ1fgpEYWRhZGF+,,W0NhbnRhbnRlIHRlcnJpYmxlXQpUdSwgcnUsIHR1LCBydS4KwqFEYW4sIGRhbiwgZGFuIQ==
8obiAg,,W1RlcnJpYmxlIFNpbmdlcl0KU2h1YmEsIHNodWJhLiBTaGFiYXJpLWxhIQpCbGFoLCBibGFoLi4uCkxpLCBsaSwgbGkuLi4KLi4uIQ==,,,,,W1RvbmUtZGVhZiBwZXJzb25dClNodWJhc2h1YmF+IHNoYWFhfgpCbGFibGF+CkxhbGFsYS4uLgouLi4uLi4hIQ==,,W0NhbnRhbnRlIHRlcnJpYmxlXQpTaHViYSwgc2h1YmEuIMKhU2hhYmFyaS1sYSEKQmxhLCBibGEuLi4KTGksIGxpLCBsaS4uLgrCoS4uLiE=
84biAg,,W1RlcnJpYmxlIFNpbmdlcl0KQWhlbSEgWW91IG92ZXIgdGhlcmUuIEkndmUgbm90aWNlZCB5b3UndmUgYmVlbiBsaXN0ZW5pbmcgdG8gbWUgc2luZ2luZy4KWW91IGxvb2sgbGlrZSBhIE1pbnN0cmVsIHlvdXJzZWxmLiBXaHkgZG9uJ3QgeW91IHNob3cgbWUgd2hhdCB5b3UndmUgZ290Pw==,,,,,W1RvbmUtZGVhZiBwZXJzb25dCkh1bSEhIEVpIHZvY8OqLCB2b2PDqiBlc3RhdmEgb3V2aW5kbyBhIG1pbmhhIG3DunNpY2EuClZvY8OqIHBhcmVjZSBzZXIgdW0gQmFyZG8sIHF1ZSB0YWwgY2FudGFyIHBhcmEgbWltIGNvbW8gdW1hIHJlY29tcGVuc2EgcGVsYSBtaW5oYSBtw7pzaWNhPw==,,W0NhbnRhbnRlIHRlcnJpYmxlXQrCoUVqZW0hIFTDuiwgZWwgZGUgYWxsw60uIE1lIGRpIGN1ZW50YSBkZSBxdWUgbWUgZXN0dXZpc3RlIGVzY3VjaGFuZG8gY2FudGFyLgpUw7ogdGFtYmnDqW4gcGFyZWNlcyBzZXIgTWluaXN0cmlsLiDCv1BvciBxdcOpIG5vIG1lIG11ZXN0cmFzIGxvIHF1ZSBzYWJlcz8=
9IbiAg,,W3swfV0KRXhjdXNlIG1lPw==,,,,,W3swfV0KTyBxdcOqPz8=,,W3swfV0Kwr9EaXNjdWxwZT8=
9YbiAg,,W1RlcnJpYmxlIFNpbmdlcl0KQ29tZSBvbiwgc2luZyBmb3IgbWUuCkdvIG9uLg==,,,,,W1RvbmUtZGVhZiBwZXJzb25dCkNhbnRlIHBhcmEgbWltLgpWYW1vc34=,,W0NhbnRhbnRlIHRlcnJpYmxlXQpBbmRhLCBjYW50YSBwYXJhIG3DrS4KVmFtb3Mu
9obiAg,,W3swfV0KT2theSwgdGhlbi4uLgpBaGVtLCBhaGVtLiBBaCwgYWguLi4=,,,,,W3swfV0KQ2VydG8uLi4KSHVtIGh1bS4uLg==,,W3swfV0KQmllbiwgZW50b25jZXMuLi4KRWplbSwgZWplbS4gQWgsIGFoLi4u
94biAg,,W3swfV0KU3RhbmRpbmcgb24gdGhlIGdsb3dpbmcgZmllbGQgaW4gQXNnYXJkLApteSBnb2RkZXNzIG9mZmVycyBtZSBhIGhlYXZlbmx5IGZydWl0LgpZb3Ugd2lsbCBiZSBsb3ZlZCBieSBhbGwgdGhlIGdvZHMu,,,,,W3swfV0KVm9jw6ogZXN0w6Egbm8gbWVpbyBkb3MgY2FtcG9zIGRlIEFzZ2FyZApQYXNzZSBhIGZydXRhIGRvIHBhcmHDrXNvIHBhcmEgbWltfgpWb2PDqiDDqSBhbWFkbyBwb3IgdG9kb3Mgb3MgZGV1c2Vzfg==,,W3swfV0KRGUgcGllIGVuIGVsIGNhbXBvIHJlc3BsYW5kZWNpZW50ZSBlbiBBc2dhcmQsCm1pIGRpb3NhIG1lIG9mcmVjZSB1bmEgZnJ1dGEgY2VsZXN0aWFsLgpUZSBhbWFyw6FuIHRvZG9zIGxvcyBkaW9zZXMu
+IbiAg,,W1RlcnJpYmxlIFNpbmdlcl0KT29oLCB5b3UncmUgbm90IHRvbyBzaGFiYnkgeW91cnNlbGYuIF5GNTdEN0RJZHVubidzIEFwcGxlXjAwMDAwMCBhbHdheXMgc28gc291bmRzIHNvb3RoaW5nIQ==,,,,,W1RvbmUtZGVhZiBwZXJzb25dClVhYXV+IFZvY8OqIGNhbnRhIGJlbS4gUG9zc28gbWUgc2VudGlyIG1lbGhvciBxdWFuZG8gb3V2aXIgXkY1N0Q3RCdNYcOnw6NzIGRlIElkdW4nXjAwMDAwMH4=,,W0NhbnRhbnRlIHRlcnJpYmxlXQpPaGgsIHTDuiB0YW1wb2NvIGVzdMOhcyBuYWRhIG1hbC4gXkY1N0Q3RE1hbnphbmEgZGUgSWR1bm5eMDAwMDAwIMKhc2llbXByZSBzdWVuYSB0YW4gcmVsYWphbnRlIQ==
+YbiAg,,W1RlcnJpYmxlIFNpbmdlcl0KQXMgeW91IG1heSBoYXZlIG5vdGljZWQsCkknbSBhIG11c2ljaWFuIG15c2VsZi4=,,,,,W1RvbmUtZGVhZiBwZXJzb25dCkNvbW8gcG9kZSB2ZXIhClNvdSB1bSBjYXJhIHF1ZSBnb3N0YSBkZSBtdXNpY2FzIQ==,,W0NhbnRhbnRlIHRlcnJpYmxlXQpDb21vIHlhIHRlIGhhYnLDoXMgZGFkbyBjdWVudGEsCnlvIHRhbWJpw6luIHNveSBtw7pzaWNvLg==
+obiAg,,W1RlcnJpYmxlIFNpbmdlcl0KSSBkb24ndCB3YW50IHRvIGJyYWcsIGJ1dCBJJ20gbmV4dCB0byBub25lIHdoZW4gaXQgY29tZXMgdG8gc2luZ2luZy4KSSB3b3VsZCBoYXZlIGJlY29tZSBhIEJhcmQsIHRvbywgaWYgSSBkaWRuJ3QgaGF2ZSB0aGUgZmFtaWx5IGJ1c2luZXNzIHRvIGNhcnJ5IG9uLg==,,,,,W1RvbmUtZGVhZiBwZXJzb25dCkFjaG8gcXVlIG7Do28gw6kgbmFkYSBwYXJhIG1lIG9yZ3VsaGFyLiBNYXMgZXUgY2FudG8gYmVtLgpRdWFuZG8gZXUgZXJhIGpvdmVtLCBldSB0ZW50ZWkgc2VyIHVtIEJhcmRvIG1hcyBldSB0ZW5obyBxdWUgc2VyIGJlbS1zdWNlZGlkbyBub3MgbmVnw7NjaW9zIGRhIGZhbcOtbGlhLg==,,W0NhbnRhbnRlIHRlcnJpYmxlXQpObyBxdWllcm8gcHJlc3VtaXIsIHBlcm8gZW4gZWwgY2FudG8gbm8gdGVuZ28gcml2YWwuCllvIHRhbWJpw6luIG1lIGhhYnLDrWEgaGVjaG8gQmFyZG8gc2kgbm8gdHV2aWVyYSBxdWUgbGxldmFyIGFkZWxhbnRlIGVsIG5lZ29jaW8gZmFtaWxpYXIu
+4biAg,,W1RlcnJpYmxlIFNpbmdlcl0KSSB3YXMgc28gYnVzeSB3b3JraW5nIHRoYXQgSSBmb3Jnb3QgYWJvdXQgbXkgZHJlYW0gZm9yIGEgd2hpbGUuIEdlZXosIHdoZXJlIGRpZCB0aW1lIGdvPw==,,,,,W1RvbmUtZGVhZiBwZXJzb25dCkjDoSBtdWl0byB0ZW1wbyBldSBwZXJkaSBtZXUgc29uaG8sIGrDoSBlc3RvdSB2ZWxoby4=,,W0NhbnRhbnRlIHRlcnJpYmxlXQpFc3RhYmEgdGFuIG9jdXBhZG8gdHJhYmFqYW5kbyBxdWUgbWUgb2x2aWTDqSBkZSBtaSBzdWXDsW8gZHVyYW50ZSB1biB0aWVtcG8uIENpZWxvcywgwr9jw7NtbyBwYXPDsyB0YW4gcsOhcGlkbyBlbCB0aWVtcG8/
/IbiAg,,W1RlcnJpYmxlIFNpbmdlcl0KR290IGEgZmFtaWx5IHRvIGZlZWQsIHRvby4KQnV0IEknbGwgbWFrZSBteSBkcmVhbSBjb21lIHRydWUgb25lIGRheS4gTWFyayBteSB3b3JkcyE=,,,,,W1RvbmUtZGVhZiBwZXJzb25dClRlbmhvIHVtYSBmYW3DrWxpYSBxdWUgcXVlciBtaW5oYSBwcm90ZcOnw6NvLgpNYXMgYWNyZWRpdG8gcXVlIHVtIGRpYSBtZXVzIHNvbmhvcyBzZSByZWFsaXphcsOjbyE=,,W0NhbnRhbnRlIHRlcnJpYmxlXQpUYW1iacOpbiB0ZW5nbyB1bmEgZmFtaWxpYSBxdWUgYWxpbWVudGFyLgpQZXJvIGFsZ8O6biBkw61hIGhhcsOpIHJlYWxpZGFkIG1pIHN1ZcOxby4gwqFSZWN1ZXJkYSBsbyBxdWUgdGUgZGlnbyE=
/YbiAg,,W1RlcnJpYmxlIFNpbmdlcl0KV2hlbmV2ZXIgSSBoYXZlIHRpbWUsIEkgY29tZSBoZXJlIHRvIGxpc3RlbiB0byB0cmF2ZWxlcnMnIHN0b3JpZXMuCllvdSBrbm93LCB0byBwcmVwYXJlIG15c2VsZiBmb3IgbXkgb3duIGpvdXJuZXkgbGF0ZXIu,,,,,W1RvbmUtZGVhZiBwZXJzb25dCkR1cmFudGUgbWV1IHRlbXBvIGxpdnJlLCBvdXZpYSBhcyBoaXN0w7NyaWFzIGRlIHVtIHR1cmlzdGEgbmEgVGF2ZXJuYS4KUXVhbmRvIGV1IHNhw60gZGUgbMOhLCBldSBuw6NvIHF1ZXJpYSBtZSB0b3JuYXIgbW90aXZvIGRlIHBpYWRhLg==,,W0NhbnRhbnRlIHRlcnJpYmxlXQpTaWVtcHJlIHF1ZSB0ZW5nbyB0aWVtcG8sIHZlbmdvIGFxdcOtIGEgZXNjdWNoYXIgbGFzIGhpc3RvcmlhcyBkZSBsb3MgdmlhamFudGVzLgpZYSBzYWJlcywgcGFyYSBwcmVwYXJhcm1lIHBhcmEgbWkgcHJvcGlvIHZpYWplIG3DoXMgYWRlbGFudGUu
/obiAg,,W1RlcnJpYmxlIFNpbmdlcl0KQW5kIHNob3cgb2ZmIG15IHNpbmdpbmcgc2tpbGxzIHRvIHRob3NlIHdobyBsb29rIGxpa2UgdGhleSdyZSBzaW5nZXJzIHRoZW1zZWx2ZXMu,,,,,W1RvbmUtZGVhZiBwZXJzb25dCkUgZXUgcG9zc28gbW9zdHJhciBtaW5oYSBtw7pzaWNhIHBhcmEgYXF1ZWxlcyBxdWUgYSBjb25oZWNlbS4=,,W0NhbnRhbnRlIHRlcnJpYmxlXQpZIHByZXN1bWlyIG1pcyBoYWJpbGlkYWRlcyBkZSBjYW50byBhbnRlIGxvcyBxdWUgcGFyZWNlbiBjYW50YW50ZXMu
/4biAg,,W1RlcnJpYmxlIFNpbmdlcl0KRXZlcnlvbmUgd2hvIGhlYXJkIG1lIHNpbmdpbmcgd2VudCBwYWxlLCB0aGV5IGdvdCBzbyBzaG9ja2VkCmJ5IG15IHNpbmdpbmcgc2tpbGxzLgpIYWggaGFoIQ==,,,,,W1RvbmUtZGVhZiBwZXJzb25dCkVsZXMgZ2VyYWxtZW50ZSBmaWNhbSBzdXJwcmVzb3MgcXVhbmRvIG91dmVtIGEgbWluaGEgbcO6c2ljYS4KRmljYW0gc3VycHJlc29zIGNvbSBhIG1pbmhhIGhhYmlsaWRhZGUuCkh1aHU=,,W0NhbnRhbnRlIHRlcnJpYmxlXQpUb2RvcyBsb3MgcXVlIG1lIG95ZXJvbiBjYW50YXIgc2UgcHVzaWVyb24gcMOhbGlkb3M7IHNlIHF1ZWRhcm9uIG11eSBpbXBhY3RhZG9zCnBvciBtaXMgaGFiaWxpZGFkZXMgZGUgY2FudG8uCsKhSmEsIGphIQ==
AIfiAg,,W1RlcnJpYmxlIFNpbmdlcl0KRXhjZXB0IHRoYXQgZ3V5IGNhbGxlZCBeRjU3RDdETWFlc3RybyBTb25nXjAwMDAwMC4gSGUgZGlkbid0IGV2ZW4gYmF0IGFuIGV5ZS4KSGUgd2FzIGdvb2QsIHRvby4gTm90IGFzIGdvb2QgYXMgSSBhbSwgdGhvdWdoLg==,,,,,W1RvbmUtZGVhZiBwZXJzb25dCk1hcyBvIF5GNTdEN0QnTWVsbG8gRGlhcydeMDAwMDAwIG7Do28gc2UgZGVzZW5jb3Jham91IGNvbSBhIG1pbmhhIG3DunNpY2EuCsOJIGNsYXJvIHF1ZSBlbGUgbsOjbyDDqSBib20gbyBzdWZpY2llbnRlIHBhcmEgbWltLg==,,W0NhbnRhbnRlIHRlcnJpYmxlXQpFeGNlcHRvIGVzZSB0aXBvIGxsYW1hZG8gXkY1N0Q3RG1hZXN0cm8gU29uZ14wMDAwMDAuIE5pIHNpcXVpZXJhIHBlc3Rhw7Flw7MuClRhbWJpw6luIGVyYSBidWVuby4gQXVucXVlIG5vIHRhbiBidWVubyBjb21vIHlvLg==
AYfiAg,,W3swfV0KSGF2ZSB5b3UgbWV0IF5GNTdEN0RNYWVzdHJvIFNvbmdeMDAwMDAwPw==,,,,,W3swfV0KVm9jw6ogY29uaGVjZXUgbyBeRjU3RDdEJ01lbGxvIERpYXMnXjAwMDAwMD8=,,W3swfV0Kwr9Db25vY2VzIGFsIF5GNTdEN0RtYWVzdHJvIFNvbmdeMDAwMDAwPw==
AofiAg,,W1RlcnJpYmxlIFNpbmdlcl0KTW0/IERvIHlvdSBrbm93IGhpbT8KU3VyZSwgSSBtZXQgaGltCmEgZmV3IHllYXJzIGFnby4=,,,,,W1RvbmUtZGVhZiBwZXJzb25dCkh1bW0/IFZvY8OqIGNvbmhlY2UgYXF1ZWxlIGNhcmE/CkNvbmhlY2kuIEjDoSBhbGd1bnMgYW5vcy4=,,W0NhbnRhbnRlIHRlcnJpYmxlXQrCv01tPyDCv0xvIGNvbm9jZXM/CkNsYXJvLCBsbyBjb25vY8OtCmhhY2UgdW5vcyBhw7Fvcy4=
A4fiAg,,W1RlcnJpYmxlIFNpbmdlcl0KV2hlbiBoZSBoZWFyZCBtZSBzaW5naW5nLCBoZSBjb3VsZG4ndCBzdG9wIHNheWluZywgJydJJ3ZlIG5ldmVyIGhlYXJkIHN1Y2ggYSBwb3dlcmZ1bGx5IGRlc3RydWN0aXZlIHZvaWNlIScn,,,,,W1RvbmUtZGVhZiBwZXJzb25dClF1YW5kbyBlbGUgb3V2aXUgYSBtaW5oYSBtw7pzaWNhLCBlbGUgZGlzc2UgcXVlIG7Do28gw6kgcG9zc8OtdmVsIG91dmlyIG3DunNpY2FzIGNvbW8gZWxhIGVtIG5lbmh1bSBsdWdhci4=,,W0NhbnRhbnRlIHRlcnJpYmxlXQpDdWFuZG8gbWUgb3nDsyBjYW50YXIsIG5vIHBhcmFiYSBkZSBkZWNpcjogwqFOdW5jYSBoYWLDrWEgb8OtZG8gdW5hIHZveiB0YW4gcG9kZXJvc2FtZW50ZSBkZXN0cnVjdGl2YSEu
BIfiAg,,W1RlcnJpYmxlIFNpbmdlcl0KSSBjYW1lIGFjcm9zcyBoaW0gYSBmZXcgbW9yZSB0aW1lcyBiZWZvcmUgaGUgbGVmdCBIdWdlbCwgYW5kIGV2ZXJ5IHRpbWUsIEkgc2FuZyBhIHNvbmcgZm9yIGhpbS4KSXQncyBub3QgZXZlcnkgZGF5IHlvdSBjYW4gbWVldCBzdWNoIGEgd29ydGh5IGNvbXBldGl0b3Iu,,,,,W1RvbmUtZGVhZiBwZXJzb25dCkV1IHBvZGVyaWEgdGVyIGEgb3BvcnR1bmlkYWRlIGRlIGNhbnRhciBwYXJhIGVsZSBlbSBIdWdlbC4KTsOjbyBow6EgbmluZ3XDqW0gcXVlIHRlbmhhIGhhYmlsaWRhZGVzIGFzc2ltLg==,,W0NhbnRhbnRlIHRlcnJpYmxlXQpNZSBjcnVjw6kgY29uIMOpbCB1bmFzIGN1YW50YXMgdmVjZXMgbcOhcyBhbnRlcyBkZSBxdWUgZGVqYXJhIEh1Z2VsIHkgY2FkYSB2ZXogbGUgY2FudGFiYSB1bmEgY2FuY2nDs24uCk5vIHRvZG9zIGxvcyBkw61hcyBzZSBwdWVkZSBjb25vY2VyIGEgdW4gY29tcGV0aWRvciB0YW4gZGlnbm8u
BYfiAg,,W1RlcnJpYmxlIFNpbmdlcl0KV2hlbiB3ZSBsYXN0IG1ldCwgaGUgZXZlbiBnYXZlIG1lIGEgc29uZyB0aGF0IGhlJ2Qgc3BlY2lhbGx5IHdyaXR0ZW4gZm9yIG1lLg==,,,,,W1RvbmUtZGVhZiBwZXJzb25dCkFudGVzIGRlIGVsZSBzYWlyLCBnYW5oZWkgdW1hIGNhbsOnw6NvIHF1ZSBtZSBsZW1icmEgZGVsZS4=,,W0NhbnRhbnRlIHRlcnJpYmxlXQpMYSDDumx0aW1hIHZleiBxdWUgbm9zIHZpbW9zLCBpbmNsdXNvIG1lIHJlZ2Fsw7MgdW5hIGNhbmNpw7NuIHF1ZSBoYWLDrWEgZXNjcml0byBlc3BlY2lhbG1lbnRlIHBhcmEgbcOtLg==
BofiAg,,W1RlcnJpYmxlIFNpbmdlcl0KSGUgc2FpZCBoZSB3YXMgZ29pbmcgdG8gdGhlIFRoYW5hdG9zIFRvd2VyLiBJIHdvbmRlciBob3cgaGUncyBkb2luZy4=,,,,,W1RvbmUtZGVhZiBwZXJzb25dCkVsZSBkaXNzZSBxdWUgZWxlIGlyw6EgYSBUaGFuYXRvcy4=,,W0NhbnRhbnRlIHRlcnJpYmxlXQpEaWpvIHF1ZSBpYmEgYSBsYSBUb3JyZSBkZSBUaGFuYXRvcy4gTWUgcHJlZ3VudG8gY8OzbW8gZXN0YXLDoS4=
B4fiAg,,W3swfV0KSGUgZXZlbiB3cm90ZSBhIHNvbmcgZm9yIHlvdT8=,,,,,W3swfV0KVm9jw6ogZ2FuaG91IHVtYSBjYW7Dp8Ojbz8=,,W3swfV0Kwr9JbmNsdXNvIGVzY3JpYmnDsyB1bmEgY2FuY2nDs24gcGFyYSB0aT8=
CIfiAg,,W1RlcnJpYmxlIFNpbmdlcl0KT2gsIHllcy4KSGUgd2FzIHRoYXQgaW1wcmVzc2l2ZSBieSBteSBzaW5naW5nIHNraWxscyE=,,,,,W1RvbmUtZGVhZiBwZXJzb25dClNpbSEKRWxlIGFncmFkZWNldSBwZWxhIG1pbmhhIGhhYmlsaWRhZGUh,,W0NhbnRhbnRlIHRlcnJpYmxlXQpBaCwgc8OtLgrCoUFzw60gZGUgaW1wcmVzaW9uYWRvIGVzdGFiYSBwb3IgbWlzIGhhYmlsaWRhZGVzIGNvbW8gY2FudGFudGUh
CYfiAg,,W3swfV0KTWluZCBpZiBJIGFzayB5b3UgdG8gc2luZyBpdCBmb3IgbWU/,,,,,W3swfV0KUG9zc28gZXNjdXRhciBhIGNhbsOnw6NvPw==,,W3swfV0Kwr9UZSBtb2xlc3RhIHNpIHRlIHBpZG8gcXVlIG1lIGxhIGNhbnRlcz8=
CofiAg,,W1RlcnJpYmxlIFNpbmdlcl0KQWhlbS4uLgpHaXZlIG1lIGEgbW9tZW50LgpJIHB1dCB0aGUgbm90ZSBoZSBnYXZlIG1lIHNvbWV3aGVyZSBhcm91bmQgaGVyZS4KSSd2ZSBzZXduIGl0IGludG8gbXkgdmVzdCBhcyBhIGx1Y2t5IGNoYXJtLg==,,,,,W1RvbmUtZGVhZiBwZXJzb25dCkh1bW0uLi4KRXNwZXJlLgpQcmVjaXNvIGVuY29udHJhciB1bSBwZWRhw6dvIGRlIHBhcGVsLgpFdSBvIGNvbG9xdWVpIGVtIG1ldSBjb2xldGUu,,W0NhbnRhbnRlIHRlcnJpYmxlXQpFamVtLi4uCkRhbWUgdW4gbW9tZW50by4KUHVzZSBsYSBub3RhIHF1ZSBtZSBkaW8gcG9yIGFxdcOtLgpMYSBjb3PDrSBhIG1pIGNoYWxlY28gY29tbyBhbXVsZXRvIGRlIGxhIHN1ZXJ0ZS4=
C4fiAg,,W1RlcnJpYmxlIFNpbmdlcl0KKlJ1c3RsZSwgUnVzdGxlKgoqUnVtbWFnZSwgUnVtbWFnZSo=,,,,,W1RvbmUtZGVhZiBwZXJzb25dClByb2N1cmFuZG8gcHJvY3VyYW5kby4KRXhhbWluYW5kbyBleGFtaW5hbmRvLg==,,W0NhbnRhbnRlIHRlcnJpYmxlXQoqU3VzdXJyYSwgc3VzdXJyYSoKKkh1cmdhLCBodXJnYSo=
DIfiAg,,W1RlcnJpYmxlIFNpbmdlcl0KQWgsIHRoZXJlIGl0IGlzIQpBaGVtIQpJJ2xsIGhhdmUgeW91IGtub3cgSSdtIG5vdCBzaW5naW5nIGl0IGZvciBqdXN0IGFueW9uZS4KSXQncyBjYWxsZWQuLi4gXkY1N0Q3RE1ldGFsbGljIFNvdW5kIV4wMDAwMDA=,,,,,W1RvbmUtZGVhZiBwZXJzb25dClByb250by4KSHVtIQpFc2N1dGUgY29tIGF0ZW7Dp8OjbyEKXkY1N0Q3RCdSdcOtZG8gRXN0cmlkZW50ZSEhJ14wMDAwMDA=,,W0NhbnRhbnRlIHRlcnJpYmxlXQrCoUFoLCBhaMOtIGVzdMOhIQrCoUVqZW0hClF1ZSBzZXBhcyBxdWUgbm8gc2UgbGEgY2FudG8gYSBjdWFscXVpZXJhLgpTZSBsbGFtYS4uLiBeRjU3RDdEwqFTb25pZG8gbWV0w6FsaWNvIV4wMDAwMDA=
DYfiAg,,W1RlcnJpYmxlIFNpbmdlcl0KJCQkJCQkQEBAQEAhISEhCiYmJCUmQEBAJCMkfn4KJCNeIyQjIyMjJCQhISFAQCMhISEhIQ==,,,,,W1RvbmUtZGVhZiBwZXJzb25dCiQkJCQkJEBAQEBAISEhIQomJiQlJkBAQCQjJH5+CiQjXiMkIyMjIyQkISEhQEAjISEhISE=,,W0NhbnRhbnRlIHRlcnJpYmxlXQokJCQkJCRAQEBAQCEhISEKJiYkJSZAQEAkIyQKJCNeIyQjIyMjJCQhISFAQCMhISEhIQ==
DofiAg,,W1RlcnJpYmxlIFNpbmdlcl0KIUBAQCQkJV5AQCMlXiUhISEhISEKISEhISEhISMjJCReXl4jXiEhIQomJCQlQEBAJUAjIyV+fn4=,,,,,W1RvbmUtZGVhZiBwZXJzb25dCiFAQEAkJCVeQEAjJV4lISEhISEhCiEhISEhISEjIyQkXl5eI14hISEKJiQkJUBAQCVAIyMlfn5+,,W0NhbnRhbnRlIHRlcnJpYmxlXQohQEBAJCQlXkBAIyVeJSEhISEhIQohISEhISEhIyMkJF5eXiNeISEhCiYkJCVAQEAlQCMjJQ==
D4fiAg,,LSBJJ20gbG9zaW5nIG15IG1pbmQuIC0KLSBIaXMgdm9pY2UgaXMgLQotIHBvd2VyZnVsbHkgZGVzdHJ1Y3RpdmUsIC0KLSBhbGwgcmlnaHQuIC0=,,,,,LSBWb2PDqiBwZXJkZSBhIGNvbnNjacOqbmNpYS4tCi1Fc3NhIHZveiBkZXZlIHRlci0KLWdyYW5kZXMgcG9kZXJlcy0KLWRlc3RydWlkb3Jlcy4t,,KEVzdG95IHBlcmRpZW5kbyBsYSBjYWJlemEuClN1IHZveiBlcwpwb2Rlcm9zYW1lbnRlIGRlc3RydWN0aXZhLAplcyBjaWVydG8pLg==
EIfiAg,,LSBBbHNvLCBJIGNhbiBiYXJlbHkgcmVtZW1iZXIgLQotIHRoZSBsYXRlciBwYXJ0cyBvZiB0aGUgc29uZy4gLQ==,,,,,LUUgZXUgbsOjbyBjb25zaWdvIGxlbWJyYXItCi1vIGZpbmFsIGRlc3NhIGNhbsOnw6NvLi0=,,KEFkZW3DoXMsIGFwZW5hcyBwdWVkbyByZWNvcmRhcgpsYXMgw7psdGltYXMgcGFydGVzIGRlIGxhIGNhbmNpw7NuKS4=
EYfiAg,,W1RlcnJpYmxlIFNpbmdlcl0KSGV5Lg==,,,,,W1RvbmUtZGVhZiBwZXJzb25dCkVpIQ==,,W0NhbnRhbnRlIHRlcnJpYmxlXQpPeWUu
EofiAg,,W1RlcnJpYmxlIFNpbmdlcl0KV2FrZSB1cC4=,,,,,W1RvbmUtZGVhZiBwZXJzb25dCkFicmEgb3Mgb2xob3N+,,W0NhbnRhbnRlIHRlcnJpYmxlXQpEZXNwaWVydGEu
E4fiAg,,W1RlcnJpYmxlIFNpbmdlcl0KKlNsYXAsIFNsYXAqCkhleS4=,,,,,W1RvbmUtZGVhZiBwZXJzb25dCkFwbGF1c28KRWkh,,W0NhbnRhbnRlIHRlcnJpYmxlXQoqQm9mZXRhZGEsIGJvZmV0YWRhKgpPeWUu
FIfiAg,,W3swfV0KQXd3Li4u,,,,,W3swfV0KRWVlZWUuLi4=,,W3swfV0KQXkuLi4=
FYfiAg,,W1RlcnJpYmxlIFNpbmdlcl0KWW91J3JlIHdlYWtlciB0aGFuIHlvdSBsb29rLiBJIGNhbid0IGJlbGlldmUgaG93IHF1aWNrbHkgeW91IGZlbGwuIFlvdSBuZWVkIHRvIHRyYWluIGhhcmRlci4=,,,,,W1RvbmUtZGVhZiBwZXJzb25dCkFjaG8gcXVlIHZvY8OqIMOpIHF1YWxpZmljYWRvLCBtYXMgcGFyZWNlIHF1ZSB2b2PDqiBwcmVjaXNhIGRlIG1haXMgdHJlaW5hbWVudG8u,,W0NhbnRhbnRlIHRlcnJpYmxlXQpFcmVzIG3DoXMgZMOpYmlsIGRlIGxvIHF1ZSBwYXJlY2VzLiBObyBwdWVkbyBjcmVlciBsbyByw6FwaWRvIHF1ZSBjYcOtc3RlLiBUaWVuZXMgcXVlIGVudHJlbmFyIG3DoXMu
FofiAg,,LSBJIGZlZWwgZXhoYXVzdGVkLiAtCi0gTm93IHRoYXQgSSd2ZSBnb3Qgc29tZSBpbmZvcm1hdGlvbiwgLQotIEkgc2hvdWxkIGdvIGJhY2sgdG8gbXkgcm9vbSBhbmQgcmVzdC4gLQ==,,,,,LUVzdG91IHTDo28gY2Fuc2Fkby4tCi12b2PDqiBjb25zZWd1aXUgaW5mb3JtYcOnw7VlcyAtIAotZW50w6NvIHZvbHRlIGFvIGhvdGVsLi0=,,KFNpZW50byBtdWNobyBjYW5zYW5jaW8uCkFob3JhIHF1ZSB0ZW5nbyBhbGdvIGRlIGluZm9ybWFjacOzbiwKZGViZXLDrWEgdm9sdmVyIGEgbWkgaGFiaXRhY2nDs24geSBkZXNjYW5zYXIpLg==
F4fiAg,,W3swfV0KVGhhbmsgeW91IGZvciBzaW5naW5nIHRoYXQgc29uZy4KTm93LCBJJ3ZlIGdvdCB0byBnby4uLg==,,,,,W3swfV0KT2JyaWdhZG8gcGVsYSBzdWEgYXRlbsOnw6NvLgpUZW5obyBxdWUgdm9sdGFyLi4u,,W3swfV0KR3JhY2lhcyBwb3IgY2FudGFyIGVzYSBjYW5jacOzbi4KQWhvcmEgdGVuZ28gcXVlIGlybWUuLi4=
GIfiAg,,W1RlcnJpYmxlIFNpbmdlcl0KWW91J3JlIHdlbGNvbWUuCllvdSdyZSBzbyBmcmFpbC4gVGFrZSBnb29kIGNhcmUgb2YgeW91cnNlbGYuCkZlZWwgZnJlZSB0byBjb21lIGJhY2sgaWYgeW91IHdhbnQgdG8gbGlzdGVuIHRvIG15IHNpbmdpbmcgYWdhaW4uCk13YSBoYWggaGFoIQ==,,,,,W1RvbmUtZGVhZiBwZXJzb25dCkjDoz8KQ2VydG8sIHZlam8gdm9jw6ogZGVwb2lzLgpTZSB2b2PDqiBxdWlzZXIgb3V2aXIgYSBtaW5oYSBtw7pzaWNhLCB2b2PDqiBwb2RlIG1lIHZpc2l0YXIuCkhhaGFoaA==,,W0NhbnRhbnRlIHRlcnJpYmxlXQpEZSBuYWRhLgpFcmVzIG11eSBmcsOhZ2lsLiBDdcOtZGF0ZSBtdWNoby4KTm8gZHVkZXMgZW4gdm9sdmVyIHNpIHF1aWVyZXMgZXNjdWNoYXJtZSBjYW50YXIgZGUgbnVldm8uCsKhTXVhLCBqYSwgamEh
GYfiAg,,W1RlcnJpYmxlIFNpbmdlcl0KWW91J3JlIGxlYXZpbmcgSHVnZWwuCldlbGwsIGZlZWwgZnJlZSB0byBjb21lIGJhY2sgaWYgeW91IHdhbnQgdG8gbGlzdGVuIHRvIG15IHNpbmdpbmcgYWdhaW4uCk13YSBoYWggaGFoIQ==,,,,,W1RvbmUtZGVhZiBwZXJzb25dCkrDoSBlc3TDoSBkZSBzYcOtZGE/PwpTZSB2b2PDqiBxdWlzZXIgb3V2aXIgYSBtaW5oYSBtw7pzaWNhLCB2b2PDqiBwb2RlIG1lIHZpc2l0YXIuCkhhaGFoYWg=,,W0NhbnRhbnRlIHRlcnJpYmxlXQpUZSB2YXMgZGUgSHVnZWwuCkJ1ZW5vLCBubyBkdWRlcyBlbiB2b2x2ZXIgc2kgcXVpZXJlcyBlc2N1Y2hhcm1lIGNhbnRhciBkZSBudWV2by4KwqFNdWFqYWphIQ==
GofiAg,,W1RlcnJpYmxlIFNpbmdlcl0KT29vaCwKeW91J3ZlIGJlY29tZSBzdHJvbmdlciwgaGF2ZW4ndCB5b3U/CkZpbmFsbHksIHdlIGNhbiBjb21wZXRlIHdpdGggZWFjaCBvdGhlciBvbiBlcXVhbCB0ZXJtcyE=,,,,,W1RvbmUtZGVhZiBwZXJzb25dCk9oIQpWb2PDqiBwYXJlY2Ugc2VyIGZvcnRlIQpWb2PDqiBuw6NvIMOpIG1lbm9zIGNvbXBldGVudGUgcXVlIGV1Lg==,,W0NhbnRhbnRlIHRlcnJpYmxlXQpPaGhoLAp0ZSB2b2x2aXN0ZSBtw6FzIGZ1ZXJ0ZSwgwr92ZXJkYWQ/CsKhUG9yIGZpbiwgcG9kZW1vcyBjb21wZXRpciBlbnRyZSBub3NvdHJvcyBlbiBpZ3VhbGRhZCBkZSBjb25kaWNpb25lcyE=
G4fiAg,,LSBUaGVyZSdzIGEgcGllY2Ugb2YgcGFwZXIgb24gdGhlIGdyb3VuZC4gLQ==,,,,,LSBUZW0gdW0gcGVkYcOnbyBkZSBwYXBlbCBubyBjaMOjby4t,,KEhheSB1biB0cm96byBkZSBwYXBlbCBlbiBlbCBzdWVsbyku
HIfiAg,,W3swfV0KV2hhdCdzIHRoaXM/,,,,,W3swfV0KTyBxdWUgw6k/,,W3swfV0Kwr9RdcOpIGVzIGVzdG8/
HYfiAg,,W0thcmlhbl0KV2hhdCBpcyBpdD8=,,,,,W0thcmlhbl0KTyBxdWUgZGl6Pw==,,W0thcmlhbl0Kwr9RdcOpIHN1Y2VkZT8=
HofiAg,,PT09PT09PT09PT09PT09PT09Cj0gUGhvdG8gUmVjZWlwdCA9Cj09PT09PT09PT09PT09PT09PQ==,,,,,PT09PT09PT09PT09PT09PT09PQo9PXRyb2NhIGRlIGZvdG9zPT09Cj09PT09PXJlY2libz09PT09PT0KPT09PT09PT09PT09PT09PT09PQ==,,Jz09PT09PT09PT09PT09PT09PQo9IFJlY2libyBkZSBmb3RvID0KPT09PT09PT09PT09PT09PT09Jyc=
H4fiAg,,Q3VzdG9tZXIgTmFtZTogTWFlc3RybyBTb25n,,,,,Tm9tZTogTWVsbG8gRGlhcw==,,Tm9tYnJlIGRlbCBjbGllbnRlOiBNYWVzdHJvIFNvbmc=
IIfiAg,,LSBQbGVhc2UgYnJpbmcgeW91ciByZWNlaXB0IHRvIHRoaXMgc3RvcmUgdG8gcGljayB1cCB5b3VyIHBob3Rvcy4=,,,,,LSBUcmFnYSBlc3NlIHJlY2libyBlIHRyb3F1ZS1vLg==,,J1BvciBmYXZvciwgdHJhZSB0dSByZWNpYm8gYSBlc3RhIHRpZW5kYSBwYXJhIHJldGlyYXIgdHVzIGZvdG9zLg==
IYfiAg,,LSBKdW5vIFN0b3JlIE1hbmFnZXI6IENsaWNrIEtpbQ==,,,,,LSBHZXJlbnRlIGRhIGxvamEgZGUgSnVubzogU3IuIENsaWNr,,QWRtaW5pc3RyYWRvciBkZSBsYSB0aWVuZGEgZGUgSnVubzogQ2xpY2sgS2ltJycu
IofiAg,,LSBEaXJlY3Rpb25zOiBOZWFyIEp1bm8gUGxhemEgLQ==,,,,,LSBPcmllbnRhw6fDtWVzOiBQZXJ0byBkYSBwcmHDp2EgZGUgSnVuby4=,,J0PDs21vIGxsZWdhcjogQ2VyY2EgZGUgbGEgcGxhemEgZGUgSnVubycnLg==
I4fiAg,,W3swfV0KQSBwaG90byByZWNlaXB0PwpEb2VzIGhlIGV2ZW4ga25vdyBoZSBkcm9wcGVkIGl0IGhlcmU/,,,,,W3swfV0KUmVjaWJvIGRlIHRyb2NhIGRlIGZvdG9zPwpDb21vIGZvaSBxdWUgZWxlIGRlcnJ1Ym91IGlzc28uLi4/,,W3swfV0Kwr9FbCByZWNpYm8gZGUgdW5hIGZvdG8/CsK/U2FiZSBzaXF1aWVyYSBxdWUgc2UgbGUgY2F5w7MgYXF1w60/
JIfiAg,,W0thcmlhbl0KVGhlIEp1bm8gc3RvcmUsIGh1aC4KU2hhbGwgd2UgZ28gdG8gSnVubywgdGhlbj8=,,,,,W0thcmlhbl0KTG9qYSBkZSBKdW5vLi4uClZhbW9zIHBhcmEgSnVuby4uLg==,,W0thcmlhbl0KTGEgdGllbmRhIGRlIEp1bm8sIGVoLgrCv1ZhbW9zIGEgSnVubywgZW50b25jZXM/
JYfiAg,,TWFuYWdlciBDbGljayBLaW0=,,,,,U3IuIENsaWNr,,QWRtaW5pc3RyYWRvciBDbGljayBLaW0=
JofiAg,,W0NsaWNrIEtpbV0KT2gsIGhvd2R5IQpGcmVlemUgeW9yIHByZWNpb3VzIG11bWVudHMgaW4gdGltZSB3aXRoIHVzIQpXb3VsZCB5ZXIgbGlrZSB0ZXIgdGFrZSBhIHBob3RvPw==,,,,,W1NyLiBDbGlja10KT2l+IHNlamEgYmVtLXZpbmRvfgpQb3NzbyB0aXJhciB1bWEgZm90byBwYXJhIHZvY8OqLgpRdWVyIHRpcmFyIHVtYSBmb3RvPw==,,W0NsaWNrIEtpbV0KwqFIb2xhIQrCoUNvbmdlbGEgZW4gZWwgdGllbXBvIHR1cyBwcmVjaWFkb3MgbW9tZW50b3MgY29uIG5vc290cm9zIQrCv1RlIGd1c3RhcsOtYSB0b21hcnRlIHVuYSBmb3RvPw==
J4fiAg,,W3swfV0KTm8uCkRvIHlvdSByZW1lbWJlciB0aGlzIHJlY2VpcHQgYnkgY2hhbmNlPw==,,,,,W3swfV0KTsOjby4uLgpMZW1icmEtc2UgZGVzc2UgcmVjaWJvPw==,,W3swfV0KTm8uCsK/RGUgY2FzdWFsaWRhZCByZWN1ZXJkYXMgZXN0ZSByZWNpYm8/
KIfiAg,,W0NsaWNrIEtpbV0KTGV0J3Mgc2VlLi4uCk1tLi4u,,,,,W1NyLiBDbGlja10KRGVpeGUtbWUgdmVyfgpIdW1tLi4u,,W0NsaWNrIEtpbV0KVmVhbW9zLi4uCk1tLi4u
KYfiAg,,W0NsaWNrIEtpbV0KV2VsbCwgd2VsbC4KVGhpcyByZWNlaXB0IGxvb2tzIGxpa2UgaXQncyBhdCBsZWFzdCBhIGZldyB5ZWFycyBvbGQu,,,,,W1NyLiBDbGlja10KU2ltLgpFbGUgcGFyZWNlIHNlciBtdWl0byB2ZWxoby4=,,W0NsaWNrIEtpbV0KVmF5YSwgdmF5YS4KRXN0ZSByZWNpYm8gcGFyZWNlIHRlbmVyIGFsIG1lbm9zIHVub3MgYcOxb3MuIA==
KofiAg,,W0NsaWNrIEtpbV0KQnV0IHRoYXQncyBva2F5LgpXZSdyZSB1c2VkIHRlciBoYXZpbicgdHJhdmVsZXJzIGFuZCBhZHZlbnR1cmVycyBub3QgcGlja2luJyB1cCB0aGVpciBwaG90b3MgYXQgb25jZS4=,,,,,W1NyLiBDbGlja10KVHVkbyBiZW0uCk9zIHR1cmlzdGFzIGdlcmFsbWVudGUgbsOjbyByZXRpcmFtIHN1YXMgZm90b3Mu,,W0NsaWNrIEtpbV0KUGVybyBubyBwYXNhIG5hZGEuCkVzdGFtb3MgYWNvc3R1bWJyYWRvcyBhIHF1ZSBsb3MgdmlhamFudGVzIHkgbG9zIHRyb3RhbXVuZG9zIG5vIHJldGlyZW4gc3VzIGZvdG9zLg==
K4fiAg,,W0NsaWNrIEtpbV0KVGhhbmtzIHRlciBmZmVtLCBvdXIgc3RvcmUgaXMgZmlsbGVkIHdpdiBwaG90b3MgYW5kIEknbSBibG9vZHkgd2VsbCBvdXQgJ2VyZS4=,,,,,W1NyLiBDbGlja10KRW50w6NvLCBuw6NvIGjDoSBlc3Bhw6dvIHBhcmEgZ3VhcmRhciBmb3RvcywgbWFzIG7Do28gdGVtIHByb2JsZW1hLg==,,W0NsaWNrIEtpbV0KR3JhY2lhcyBhIGVsbG9zLCBudWVzdHJhIHRpZW5kYSBlc3TDoSByZXBsZXRhIGRlIGZvdG9zIHkgeW8gZXN0b3kgaGFydG8u
LIfiAg,,W0NsaWNrIEtpbV0KVGhlcmUgYXJlIG1vdW50YWlucyBvZiB1bmNsYWltZWQgcGhvdG9zLCByaWdodCwgYnV0IEkgY2FuIGZpbmQgeW9ycyBpbiB0aGVyZSBzb29uLgpJJ3ZlIGV2ZW4gaW5oZXJpdGVkIHNvbWUgb2YgdGhlbSBmcm9tIG1lIGFuY2VzdG9ycywgYXQgbGVhc3QgZml2ZSBnZW5lcmF0aW9ucyBiYWNrLgpTbywgbm90IGEgYmlnIGRlYWwu,,,,,W1NyLiBDbGlja10KUG9zc28gZW5jb250cmFyIGlzc28gbXVpdG8gZmFjaWxtZW50ZS4KRXUgZ3VhcmRvIG11aXRhcyBjb2lzYXMgYW50aWdhcy4KU2VtIHByb2JsZW1hcy4=,,W0NsaWNrIEtpbV0KSGF5IG1vbnRhw7FhcyBkZSBmb3RvcyBzaW4gcmVjbGFtYXIsIGNpZXJ0bywgcGVybyBwdWVkbyBlbmNvbnRyYXIgbGEgdHV5YSBhaMOtIGRlbnRybyBwcm9udG8uCkluY2x1c28gaGVyZWTDqSBhbGd1bmFzIGRlIG1pcyBhbnRlcGFzYWRvcywgZGUgYWwgbWVub3MgY2luY28gZ2VuZXJhY2lvbmVzIGF0csOhcy4KQXPDrSBxdWUgbm8gZXMgcGFyYSB0YW50by4=
LYfiAg,,W0NsaWNrIEtpbV0KKlJ1bW1hZ2UsIFJ1bW1hZ2Uq,,,,,W1NyLiBDbGlja10KcHJvY3VyYW5kbw==,,W0NsaWNrIEtpbV0KKkh1cmdhLCBodXJnYSo=
LofiAg,,W0NsaWNrIEtpbV0KKlBob3RvcyBzbGlkZSBkb3duIGFuZCBmYWxsKg==,,,,,W1NyLiBDbGlja10KKkFzIGZvdG9zIGRlc2xpemFtIGUgY2FlbSou,,W0NsaWNrIEtpbV0KKkxhcyBmb3RvcyBzZSBkZXNsaXphbiB5IGNhZW4q
L4fiAg,,W0NsaWNrIEtpbV0KRm91bmQgaXQhCkEgbW91bnRhaW4gb2YgcGhvdG9zIGluIHRoZSBjb3JuZXIgJ2FzIGNvbGxhcHNlZCwgYnV0IHRoYXQncyBva2F5LgpOb3QgYSBiaWcgZGVhbC4=,,,,,W1NyLiBDbGlja10KQWNobyBxdWUgZW5jb250cmVpIQpBIGZvdG8gZmljb3UgZGFuaWZpY2FkYSwgbWFzIGVzdMOhIGJlbS4KU2VtIHByb2JsZW1hcy4=,,W0NsaWNrIEtpbV0KwqFMYSBlbmNvbnRyw6khClVuYSBtb250YcOxYSBkZSBmb3RvcyBlbiBsYSBlc3F1aW5hIHNlIGRlcnJ1bWLDsywgcGVybyBubyBwYXNhIG5hZGEuCkFzw60gcXVlIG5vIGVzIHBhcmEgdGFudG8u
MIfiAg,,W0NsaWNrIEtpbV0KTm93LCByaWdodCwgcGxlYXNlIHJlbWVtYmVyIHVzIGlmIHllciB3YW50IHRlciB0YWtlIGEgcGhvdG8u,,,,,W1NyLiBDbGlja10KVm9jw6ogcG9kZSBkYXIgdW1hIG9saGFkYS4=,,W0NsaWNrIEtpbV0KUG9yIGZhdm9yLCBhY3XDqXJkYXRlIGRlIG5vc290cm9zIHNpIHF1aWVyZXMgdG9tYXJ0ZSB1bmEgZm90by4=
MYfiAg,,W3swfV0KQSBwaG90byEKV2hhdCBhIHVzZWZ1bCBwaWVjZSBvZiBpbmZvcm1hdGlvbiEKTGV0J3Mgc2VlIHdoYXQncyBpbiBpdC4=,,,,,W3swfV0KQSBmb3RvIQpEZWl4ZS1tZSB2ZXIh,,W3swfV0KwqFVbmEgZm90byEKwqFRdcOpIGluZm9ybWFjacOzbiB0YW4gw7p0aWwhClZlYW1vcyBxdcOpIGhheSBlbiBlbGxhLg==
MofiAg,,W0thcmlhbl0KQ29tZSBvbiwgdGFrZSBpdCBvdXQu,,,,,W0thcmlhbl0KUsOhcGlkby4=,,W0thcmlhbl0KVmFtb3MsIHPDoWNhbGEu
M4fiAg,,W0thcmlhbl0KT29oLCB0aGF0IGxvb2tzIHByZXR0eSBnb29kLg==,,,,,W0thcmlhbl0KT2gsfiBRdWUgZm90byBib2EsIG7Do28gw6k/,,W0thcmlhbl0KT2hoLCBlc28gc2UgdmUgbXV5IGJpZW4u
NIfiAg,,W3swfV0KSSB3YXMgZXhwZWN0aW5nIHRvIHNlZSBNYWVzdHJvIFNvbmcncyBmYWNlLgpIZSdzIHdlYXJpbmcgYSBtYXNrIQpXZSBqdXN0IHdhc3RlZCBvdXIgdGltZSBjb21pbmcgdG8gSnVuby4=,,,,,W3swfV0KRXNwZXJhdmEgdmVyIG8gcm9zdG8gZG8gJ01lbGxvIERpYXMnLCBtYXMgZWxlIGVzdMOhIHVzYW5kbyB1bWEgbcOhc2NhcmEuCkVsZSBlc3TDoSB1c2FuZG8gdW1hIG3DoXNjYXJhPyEKRWxlIHZlaW8gYXF1aSBwYXJhIGlzc28u,,W3swfV0KRXNwZXJhYmEgdmVyIGVsIHJvc3RybyBkZWwgbWFlc3RybyBTb25nLgrCoVRpZW5lIHB1ZXN0YSB1bmEgbcOhc2NhcmEhClBlcmRpbW9zIGVsIHRpZW1wbyBhbCB2ZW5pciBhIEp1bm8u
NYfiAg,,W0thcmlhbl0KQWgsIGxvb2shClNvbWV0aGluZydzIHdyaXR0ZW4gb24gdGhlIGJhY2su,,,,,W0thcmlhbl0KQWghIE9saGUgc8OzIGlzc28hClRlbSBhbGd1bWEgY29pc2Egbm8gdmVyc28gZGEgZm90bz8=,,W0thcmlhbl0KwqFBaCwgbWlyYSEKSGF5IGFsZ28gZXNjcml0byBkZXRyw6FzLg==
NofiAg,,LSBJIHdhbnQgdGVkZHkgYmVhcnMsIGF0IGxlYXN0IDMzIG9mIHRoZW0uCiAgICAgLSBJbiBmcm9udCBvZiB0aGUgVGhhbmF0b3MgVG93ZXIsCiAgICAgICAgICAgICAgIE1hZXN0cm8gU29uZw==,,,,,LSBFdSBxdWVybyB0ZXIgdW0gdXJzaW5obyBkZSBwZWzDumNpYS4gRXUgcHJlY2lzbyBkZSAzMz8KTmEgZnJlbnRlIGRhIHRvcnJlIGRlIFRoYW5hdG9zCi1NZWxsbyBEaWFz,,KFF1aWVybyBvc2l0b3MgZGUgcGVsdWNoZSwgYWwgbWVub3MgMzMuCiAgICAgRnJlbnRlIGEgbGEgVG9ycmUgZGUgVGhhbmF0b3MsCiAgICAgICAgICAgICAgIE1hZXN0cm8gU29uZyku
N4fiAg,,W3swfV0KLi4uV2hhdCdzIHRoYXQgc3VwcG9zZWQgdG8gbWVhbj8=,,,,,W3swfV0KTyBxdWUgaXNzbyBzaWduaWZpY2E/,,W3swfV0Kwr9RdcOpIHNlIHN1cG9uZSBxdWUgc2lnbmlmaWNhIGVzbz8=
OIfiAg,,W0thcmlhbl0KSSBkb24ndCBrbm93Lg==,,,,,W0thcmlhbl0KQmVtLi4u,,W0thcmlhbl0KTm8gbG8gc8OpLg==
OYfiAg,,W0thcmlhbl0KTW0uLi4gVGVkZHkgYmVhcnMuLi4KSSd2ZSBoZWFyZCB0aGV5IGxpdmUgc29tZXdoZXJlIGluIGJldHdlZW4gRWluYnJvY2ggYW5kIExpZ2h0aGFsemVuLg==,,,,,W0thcmlhbl0KSHVtLi4uIFVyc2luaG8gZGUgcGVsw7pjaWEuLi4KRW50cmUgRWluYnJvY2ggZSBMaWdodGhhbHplbiBow6EgdW1hIMOhcmVhIG9uZGUgdml2ZW0gdXJzaW5ob3MgZGUgcGVsw7pjaWEu,,W0thcmlhbl0KTW0uLi4gT3NpdG9zIGRlIHBlbHVjaGUuLi4KT8OtIHF1ZSB2aXZlbiBlbiBhbGfDum4gbHVnYXIgZW50cmUgRWluYnJvY2ggeSBMaWdodGhhbHplbi4=
OofiAg,,W0thcmlhbl0KV2h5IGRvbid0IHdlIGdvIGxvb2sgZm9yIHRoZW0/,,,,,W0thcmlhbl0KVGFsdmV6IGNvbnNlZ3VpcmVtb3MgYWxndW1hIGNvaXNhIGzDoS4=,,W0thcmlhbl0Kwr9Qb3IgcXXDqSBubyB2YW1vcyBhIGJ1c2Nhcmxvcz8=
O4fiAg,,W3swfV0KQnV0IHdoeSBkb2VzIGhlIHdhbnQgMzMgb2YgdGhlbT8=,,,,,W3swfV0KRW50w6NvLCBwb3IgcXVlIGVsZSBwcmVjaXNhcmlhIGRlIDMzPw==,,W3swfV0KUGVybywgwr9wb3IgcXXDqSBxdWllcmUgMzMgZGUgZWxsb3M/
PIfiAg,,W0thcmlhbl0KQmVhdHMgbWUuIE1heWJlIHdlJ2xsIGtub3cgaWYgd2UgaHVudCBzb21lIG9mIHRoZW0u,,,,,W0thcmlhbl0KQmVtLi4uIFZhbW9zIGF0w6kgbMOhIGUgdGFsdmV6IGNvbnNlZ3VpcmVtb3MgZGVzY29icmlyIGFsZ3VtYSBjb2lzYS4=,,W0thcmlhbl0KTm8gbG8gZW50aWVuZG8uIFF1aXrDoSBsbyBzZXBhbW9zIHNpIGJ1c2NhbW9zIGFsZ3Vub3Mu
PYfiAg,,W0thcmlhbl0KTW0uLi4gVGhlbiwgSSdsbCBkcm9wIGJ5IEVpbmJyb2NoIGFuZCBnbyB0byBMaWdodGhhbHplbi4gV2h5IGRvbid0IHlvdSBnbyB3aGVyZSB0ZWRkeSBiZWFycyBhcmU/,,,,,W0thcmlhbl0KSHVtbS4uLiBFbnTDo28sIGV1IHZvdSBwYXNzYXIgcG9yIEVpbmJyb2NoIGUgaXJlaSBwYXJhIExpZ2h0aGFsemVuLiBQb3IgcXVlIHZvY8OqIG7Do28gdmFpIHBhcmEgbyBsdWdhciBvbmRlIGVzdMOjbyBvcyB1cnNpbmhvcyBkZSBwZWzDumNpYT8=,,W0thcmlhbl0KTW0uLi4gTHVlZ28sIHBhc2Fyw6kgcG9yIEVpbmJyb2NoIGUgaXLDqSBhIExpZ2h0aGFsemVuLiDCv1BvciBxdcOpIG5vIHZhcyBkb25kZSBlc3TDoW4gbG9zIG9zaXRvcyBkZSBwZWx1Y2hlPw==
PofiAg,,W3swfV0KT2theSwgdGhlbiBJJ2xsIHNlZSB5b3UgYWdhaW4gYXQgdGhlIExpZ2h0aGFsemVuIGhvdGVsLgpJIGRvbid0IGNhcmUgaWYgaXQncyAzMyBvciAzMzMuIEknbSBnb2luZyB0byB3aXBlIHRoZW0gb3V0Lg==,,,,,W3swfV0KT2suIEVudMOjbywgdmFtb3Mgbm9zIGVuY29udHJhciBubyBob3RlbCBkZSBMaWdodGhhbHplbi4KQ29uc2VndWlyZWkgMzMu,,W3swfV0KQmllbiwgZW50b25jZXMsIHRlIHZlcsOpIGRlIG51ZXZvIGVuIGVsIGhvdGVsIExpZ2h0aGFsemVuLgpObyBtZSBpbXBvcnRhIHNpIHNvbiAzMyBvIDMzMy4gQWNhYmFyw6kgY29uIGVsbG9zLg==
P4fiAg,,W0thcmlhbl0KWW91IGNhbiB0YWtlIGEgcGhvdG8gbGF0ZXIuIENvbWUgb24sIGxldCdzIGdvIQ==,,,,,W0thcmlhbl0KVm9jw6ogcG9kZSB0aXJhciB1bWEgZm90byBkZXBvaXMuIFZhbW9zIGzDoSwgdmFtb3Mh,,W0thcmlhbl0KUHVlZGVzIHRvbWFyIHVuYSBmb3RvIG3DoXMgdGFyZGUuIMKhRGUgYWN1ZXJkbywgdmFtb3Mh
QIfiAg,,W0thcmlhbl0KSSdsbCBkcm9wIGJ5IEVpbmJyb2NoIGFuZCBnbyB0byBMaWdodGhhbHplbi4gWW91IHNob3VsZCBnbyB3aGVyZSB0ZWRkeSBiZWFycyBhcmUu,,,,,W0thcmlhbl0KVm91IHBhc3NhciBwb3IgRWluYnJvY2ggZSBpciBwYXJhIExpZ2h0aGFsemVuLiBWb2PDqiBkZXZlIGlyIGFvbmRlIGVzdMOjbyBvcyB1cnNvcyBkZSBwZWzDumNpYS4=,,W0thcmlhbl0KUGFzYXLDqSBwb3IgRWluYnJvY2ggZSBpcsOpIGEgTGlnaHRoYWx6ZW4uIERlYmVyw61hcyBpciBkb25kZSBlc3TDoW4gbG9zIG9zaXRvcyBkZSBwZWx1Y2hlLg==
QYfiAg,,R2lybA==,,,,,TGl0dGxlIGdpcmw=,,Q2hpY2E=
QofiAg,,W0dpcmxdCkFoIQpUZWRkeSBiZWFycyE=,,,,,W0xpdHRsZSBnaXJsXQpBaCEhISEKVXJzaW5obyBkZSBwZWzDumNpYSEhIQ==,,W0NoaWNhXQrCoUFoIQrCoU9zaXRvcyBkZSBwZWx1Y2hlIQ==
Q4fiAg,,W0dpcmxdCkhvdyBjb21lIHlvdSBoYXZlIHNvIG1hbnkgdGVkZHkgYmVhcnM/CldoZXJlIGRpZCB5b3UgZ2V0IHRoZW0/,,,,,W0xpdHRsZSBnaXJsXQpQb3IgcXVlIHZvY8OqIHRlbSBtdWl0b3MgdXJzaW5ob3MgZGUgcGVsw7pjaWE/IApPbmRlIHZvY8OqIG9zIGNvbnNlZ3VpdSwgc2V1IHZlbGhvPw==,,W0NoaWNhXQrCv0PDs21vIGVzIHF1ZSB0aWVuZXMgdGFudG9zIG9zaXRvcyBkZSBwZWx1Y2hlPwrCv0RlIGTDs25kZSBsb3Mgc2FjYXN0ZT8=
RIfiAg,,W3swfV0KSGV5LCBsaXR0bGUgZ2lybC4=,,,,,W3swfV0KRWksIGV1IG7Do28gc291IHVtIHZlbGhvLg==,,W3swfV0KSG9sYSwgbmnDsWl0YS4=
RYfiAg,,W0dpcmxdCk15IG5hbWUgaXMgbm90IGxpdHRsZSBnaXJsLgpJdCdzIFJoaW9uLg==,,,,,W0xpdHRsZSBnaXJsXQpFIG1ldSBub21lIG7Do28gw6kgJ0VpJyEKTWV1IG5vbWUgw6kgJ1Jpb24nIQ==,,W0NoaWNhXQpObyBtZSBsbGFtbyBuacOxaXRhLgpNZSBsbGFtbyBSaGlvbi4=
RofiAg,,W3swfV0KT29wcywgc29ycnkuCkhlcmUsIGxldCBtZSBnaXZlIHlvdSBhIHRlZGR5IGJlYXIgYXMgYSB0b2tlbiBvZiBhcG9sb2d5Lg==,,,,,W3swfV0KRGVzY3VscGV+IGRlc2N1bHBlfgpFIHNlIGV1IGRlciB1bSB1cnNpbmhvIGRlIHBlbMO6Y2lhIHBhcmEgdm9jw6o/,,W3swfV0KT2gsIGxvIHNpZW50by4KRMOpamFtZSBkYXJ0ZSB1biBvc2l0byBkZSBwZWx1Y2hlIGNvbW8gbXVlc3RyYSBkZSBkaXNjdWxwYS4=
R4fiAg,,W1JoaW9uXQpXaG9hLApmb3IgcmVhbD8KWWF5IQ==,,,,,W1Jpb25dCkFoIQpUZW0gY2VydGV6YT8KVml2YWFhISEh,,W1JoaW9uXQpHdWF1LArCv2RlIHZlcmRhZD8KwqFZdXBpIQ==
SIfiAg,,W1JoaW9uXQpUaGF0IGJhcmQgSSBtZXQgYmVmb3JlIGFsc28gaGFkIHNvIG1hbnkgdGVkZHkgYmVhcnMsIGJ1dCBoZSBkaWRuJ3QgZ2l2ZSBtZSBhbnku,,,,,W1Jpb25dCk8gaG9tZW0gcXVlIGV1IHZpIGFudGVzIG7Do28gbWUgZGV1IG5lbmh1bSB1cnNpbmhvLCBhcGVzYXIgZGUgZWxlIHRlciBtdWl0b3MgZGVsZXMh,,W1JoaW9uXQpFc2UgQmFyZG8gcXVlIGNvbm9jw60gYW50ZXMgdGFtYmnDqW4gdGVuw61hIG11Y2hvcyBvc2l0b3MgZGUgcGVsdWNoZSwgcGVybyBubyBtZSBkaW8gbmluZ3Vuby4=
SYfiAg,,W3swfV0KV2FzIGhlIHRoZSBzYW1lIG1hbiBpbiB0aGlzIHBob3RvPw==,,,,,W3swfV0KRXJhIG8gY2FyYSBkZXNzYSBmb3RvPw==,,W3swfV0Kwr9FcmEgZWwgbWlzbW8gaG9tYnJlIHF1ZSBhcGFyZWNlIGVuIGVzdGEgZm90bz8=
SofiAg,,W1JoaW9uXQpJIG9ubHkgc2F3IGhpbSB3aGVuIEkgd2FzIHRocmVlLiBJIGNhbid0IHJlbWVtYmVyIGNsZWFybHksCmJ1dCBJIHRoaW5rIHRoaXMgaXMgaGltLg==,,,,,W1Jpb25dCk7Do28gbWUgbGVtYnJvIGJlbS4KTWFzIGFjaG8gcXVlIGVyYS4=,,W1JoaW9uXQpTb2xvIGxvIHZpIGN1YW5kbyB0ZW7DrWEgdHJlcyBhw7Fvcy4gTm8gbG8gcmVjdWVyZG8gY29uIGNsYXJpZGFkLApwZXJvIGNyZW8gcXVlIGVzIMOpbC4=
S4fiAg,,W1JoaW9uXQpNb20gc2FpZCBoZSBzdHVmZmVkIGhpcyBob3RlbCByb29tIHdpdGggdGVkZHkgYmVhcnMgYW5kIHJvbGxlZCBpbiB0aGVtIGZvciBkYXlzLg==,,,,,W1Jpb25dCk1pbmhhIG3Do2UgZGlzc2UgcXVlIGVsZSBlc3RhdmEgbmFkYW5kbyBlbSB1cnNpbmhvcyBkZSBwZWzDumNpYSBlbSB1bSBxdWFydG8u,,W1JoaW9uXQpNYW3DoSBkaWpvIHF1ZSBsbGVuw7Mgc3UgaGFiaXRhY2nDs24gZGVsIGhvdGVsIGNvbiBvc2l0b3MgZGUgcGVsdWNoZSB5IHNlIHJldm9sY8OzIGVuIGVsbG9zIGR1cmFudGUgZMOtYXMu
TIfiAg,,W1JoaW9uXQpIZSBldmVuIG1hZGUgYSBmdXIgc3VpdCB3aXRoIHRoZW0gYW5kIHdlbnQgdG8gdGhlIF5GNTdEN0RJY2UgQ2F2ZV4wMDAwMDAu,,,,,W1Jpb25dCkUgZWxlIHVzYSByb3VwYXMgZGUgdXJzb3MgZGUgcGVsw7pjaWEgZSB2YWkgYSBeRjU3RDdEQ2F2ZXJuYSBkZSBHZWxvXjAwMDAwMC4=,,W1JoaW9uXQpJbmNsdXNvIHNlIGhpem8gdW4gdHJhamUgZGUgcGllbCBjb24gZWxsb3MgeSBmdWUgYSBsYSBeRjU3RDdEQ3VldmEgZGUgaGllbG9eMDAwMDAwLg==
TYfiAg,,W1JoaW9uXQpNeSBtb20gd29ya3MgaGVyZS4KU2hlIHNhaWQgaGlzIHJvb20gd2FzIGZpbGxlZCB3aXRoIGNvdHRvbiBzdHVmZmluZyB3aGVuIHNoZSB3ZW50IGluIHRoZXJlIHRvIGNsZWFuLg==,,,,,W1Jpb25dCk1pbmhhIG3Do2UgdHJhYmFsaGEgbMOhLg==,,W1JoaW9uXQpNaSBtYWRyZSB0cmFiYWphIGFxdcOtLgpEaWpvIHF1ZSBzdSBoYWJpdGFjacOzbiBlc3RhYmEgbGxlbmEgZGUgYWxnb2TDs24gY3VhbmRvIGVudHLDsyBhIGxpbXBpYXIu
TofiAg,,W3swfV0KVGhlIEljZSBDYXZlPw==,,,,,W3swfV0KQ2F2ZXJuYSBkZSBHZWxvPw==,,W3swfV0Kwr9MYSBDdWV2YSBkZSBoaWVsbz8=
T4fiAg,,W1JoaW9uXQpNb20gc2FpZAp0aGF0IHBsYWNlIHdhcyBjb2xkLgpGaWxsZWQgd2l0aCBpY2Uu,,,,,W1Jpb25dCk1pbmhhIG3Do2UgZGlzc2UgcXVlIGzDoSDDqSBnZWxhZG8u,,W1JoaW9uXQpNYW3DoSBkaWpvIHF1ZQplc2UgbHVnYXIgZXJhIGZyw61vLgpMbGVubyBkZSBoaWVsby4=
UIfiAg,,W0thcmlhbl0KSGV5LCB7MH0uCkh1ZmYsIGh1ZmYuLi4=,,,,,W0thcmlhbl0KRWkhIHswfX4=,,W0thcmlhbl0KT3llLCB7MH0uClVmZiwgdWZmLi4u
UYfiAg,,W3swfV0KSGV5LCBLYXJpYW4sIGRpZCB5b3UganVzdCBnZXQgaGVyZT8=,,,,,W3swfV0KQWgsIEthcmlhbi4gVm9jw6ogY2hlZ291IGFxdWkgaMOhIHBvdWNvIHRlbXBvPw==,,W3swfV0KT3llLCBLYXJpYW4sIMK/YWNhYmFzIGRlIGxsZWdhcj8=
UofiAg,,W0thcmlhbl0KWWVzLgpJdCB0b29rIG1lIGxvbmdlciB0aGFuIEkgdGhvdWdodC4=,,,,,W0thcmlhbl0KU2ltLgrDiSB0w6NvIGxvbmdlIHF1YW50byBldSBlc3BlcmF2YS4=,,W0thcmlhbl0KU8OtLgpUYXJkw6kgbcOhcyBkZSBsbyBxdWUgcGVuc2FiYS4=
U4fiAg,,W3swfV0KV2FpdC4uLiBEaWQgeW91IHdhbGsgaGVyZT8=,,,,,W3swfV0KVm9jw6ouLi4gYW5kb3UgYXTDqSBhcXVpPw==,,W3swfV0KRXNwZXJhLi4uIMK/VmluaXN0ZSBjYW1pbmFuZG8/
VIfiAg,,W0thcmlhbl0KLi4uCkkgZGlkbid0IHdhbnQgdG8gYmUgb24gdGhlIGFpcnNoaXAgYWdhaW4uLi4=,,,,,W0thcmlhbl0KLi4uCk7Do28gcXVlcm8gcGVnYXIgdW0gYWVyb3BsYW5vIGRlIG5vdm8uLi4=,,W0thcmlhbl0KLi4uCk5vIHF1ZXLDrWEgZXN0YXIgZGUgbnVldm8gZW4gbGEgYWVyb25hdmUuLi4=
VYfiAg,,W3swfV0KRXJtLi4uIFN1cmUuCkJ5IHRoZSB3YXksIGRpZCB5b3UgZmluZCBvdXQgYW55dGhpbmcgaW4gRWluYnJvY2g/,,,,,W3swfV0KQWguLi4gY2VydG8uCkVudMOjbywgdm9jw6ogY29uc2VndWl1IGFsZ3VtYSBjb2lzYSBlbSBFaW5icm9jaD8=,,W3swfV0KTW1tLi4uIENsYXJvLgpQb3IgY2llcnRvLCDCv2F2ZXJpZ3Vhc3RlIGFsZ28gZW4gRWluYnJvY2g/
VofiAg,,W0thcmlhbl0KTWFlc3RybyBTb25nIHdhcyBpbiBFaW5icm9jaCwgYnV0IG5vdCBmb3IgbG9uZy4gSGUgZGlkbid0IGxpa2UgdGhlIGFpciBxdWFsaXR5IHRoZXJlLgpXaGF0IGFib3V0IHlvdT8gV2hhdCBkaWQgeW91IGZpbmQgb3V0IGFib3V0IGhpbSBhbmQgdGVkZHkgYmVhcnM/,,,,,W0thcmlhbl0KQWNobyBxdWUgbyAnTWVsbG8gRGlhcycgZm9pIGEgRWluYnJvY2gsIG1hcyBlbGUgcGFydGl1IGxvZ28gcG9yIGNhdXNhIGRvIGFyLgpFIHZvY8OqPyBWb2PDqiBkZXNjb2JyaXUgYWxndW1hIGNvaXNhIHNvYnJlIG9zIHVyc2luaG9zIGRlIHBlbMO6Y2lhPw==,,W0thcmlhbl0KRWwgbWFlc3RybyBTb25nIGVzdHV2byBlbiBFaW5icm9jaCwgcGVybyBubyBkdXJhbnRlIG11Y2hvIHRpZW1wby4gTm8gbGUgZ3VzdGFiYSBsYSBjYWxpZGFkIGRlbCBhaXJlIGRlIGFsbMOtLgrCv1kgdMO6PyDCv1F1w6kgYXZlcmlndWFzdGUgc29icmUgw6lsIHkgbG9zIG9zaXRvcyBkZSBwZWx1Y2hlPw==
V4fiAg,,W3swfV0KSSB0aGluayBNYWVzdHJvIFNvbmcgd2VudCB0byB0aGUgSWNlIENhdmUu,,,,,W3swfV0KTyAnTWVsbG8gRGlhcycgcG9kZSBlc3RhciBuYSBDYXZlcm5hIGRlIEdlbG8u,,W3swfV0KQ3JlbyBxdWUgZWwgbWFlc3RybyBTb25nIGZ1ZSBhIGxhIEN1ZXZhIGRlIGhpZWxvLg==
WIfiAg,,W0thcmlhbl0KWW91IHRoaW5rPw==,,,,,W0thcmlhbl0KUG9kZSBlc3Rhcj8=,,W0thcmlhbl0Kwr9Uw7ogY3JlZXM/
WYfiAg,,W3swfV0KVGhpcyBsaXR0bGUgZ2lybC0tSSBtZWFuLCBSaGlvbiBzYXcgaGltLg==,,,,,W3swfV0KVW1hIHBlcXVlbmEuLi4gYWguLi4gUmlvbiBvIHZpdS4=,,W3swfV0KRXN0YSBuacOxaXRhLi4uIHF1aWVybyBkZWNpciwgUmhpb24gbG8gdmlvLg==
WofiAg,,W0thcmlhbl0KU28sIHdlIGhhdmUgdG8gZ28gdG8gdGhlIEljZSBDYXZlIG5vdy4KVWdoLCBteSBsZWdzIGFyZSBraWxsaW5nIG1lLgpMZXQgbWUgdGFrZSBhIHNob3J0IGJyZWFrIGJlZm9yZSB3ZSBsZWF2ZS4=,,,,,W0thcmlhbl0KRW50w6NvLCBjaGVnb3UgYSBob3JhIGRlIGlyIMOgIENhdmVybmEgZGUgR2Vsbz8KQWkuLi4gYXMgcGVybmFzIGRvZW0uCkNlcnRvLCB2YW1vcyBwYXJhIGzDoS4=,,W0thcmlhbl0KQXPDrSBxdWUgYWhvcmEgdGVuZW1vcyBxdWUgaXIgYSBsYSBDdWV2YSBkZSBoaWVsby4KVWYsIGxhcyBwaWVybmFzIG1lIGVzdMOhbiBtYXRhbmRvLgpQZXJtw610ZW1lIGRlc2NhbnNhciB1biBwb2NvIGFudGVzIGRlIGlybm9zLg==
W4fiAg,,W3swfV0KUmhpb24sIHRoYW5rIHlvdSBmb3IgdGVsbGluZyBtZSBhYm91dCB0aGF0IGJhcmQuCllvdSBjYW4gaGF2ZSBhbGwgdGhlc2UgdGVkZHkgYmVhcnMu,,,,,W3swfV0KT2JyaWdhZG8sIFJpb24uCkRhcmVpIGEgdm9jw6ogdG9kb3Mgb3MgdXJzaW5ob3MgZGUgcGVsw7pjaWEgcXVlIHRlbmhvLg==,,W3swfV0KUmhpb24sIGdyYWNpYXMgcG9yIGNvbnRhcm1lIHNvYnJlIGVzZSBCYXJkby4KUHVlZGVzIHRlbmVyIHRvZG9zIGVzdG9zIG9zaXRvcyBkZSBwZWx1Y2hlLg==
XIfiAg,,W1JoaW9uXQpSZWFsbHk/CllheSEKTm93LCBJIGNhbiBzdHVmZiBteSByb29tIHdpdGggdGVkZHkgYmVhcnMgYW5kIHJvbGwgaW4gdGhlbSwgdG9vIQp7MH0sIHRoYW5rIHlvdS4=,,,,,W1Jpb25dClZlcmRhZGU/PwpVYWFhYWF1ISEhISEhIQpFc3RvdSB0w6NvIGZlbGl6ISEhCk11aXRvIG9icmlnYWRvLCB7MH0u,,W1JoaW9uXQrCv0RlIHZlcmRhZD8KwqFZdXBpIQrCoUFob3JhIHRhbWJpw6luIHB1ZWRvIGxsZW5hciBtaSBoYWJpdGFjacOzbiBjb24gb3NpdG9zIGRlIHBlbHVjaGUgeSByZXZvbGNhcm1lIGVuIGVsbG9zIQp7MH0sIGdyYWNpYXMu
XYfiAg,,W1JoaW9uXQpUaGF0IGJhcmQgd2VudCB0byB0aGUgSWNlIENhdmUuCkFuZCB0aGFuayB5b3UgZm9yIHRoZSB0ZWRkeSBiZWFycyE=,,,,,W1Jpb25dCkVsZSBlc3RhdmEgaW5kbyBwYXJhIGEgQ2F2ZXJuYSBkZSBHZWxvLgpPYnJpZ2FkbyE=,,W1JoaW9uXQpFc2UgQmFyZG8gZnVlIGEgbGEgQ3VldmEgZGUgaGllbG8uCsKhWSBncmFjaWFzIHBvciBsb3Mgb3NpdG9zIGRlIHBlbHVjaGUh
XofiAg,,W1JoaW9uXQpJIGxvdmUgcm9sbGluZyBpbiB0ZWRkeSBiZWFycyE=,,,,,W1Jpb25dCkVzdG91IHTDo28gZmVsaXoh,,W1JoaW9uXQrCoU1lIGVuY2FudGEgcmV2b2xjYXJtZSBlbiBvc2l0b3MgZGUgcGVsdWNoZSE=
X4fiAg,,W0dpcmxdCkkgbG92ZSByb2xsaW5nIGluIHRlZGR5IGJlYXJzIQ==,,,,,W0xpdHRsZSBnaXJsXQpFc3RvdSB0w6NvIGZlbGl6ISE=,,W0NoaWNhXQrCoU1lIGVuY2FudGEgcmV2b2xjYXJtZSBlbiBvc2l0b3MgZGUgcGVsdWNoZSE=
YIfiAg,,W0dpcmxdCkRvIHlvdSBsaWtlIHRlZGR5IGJlYXJzPwpJIGRvIQ==,,,,,W0xpdHRsZSBnaXJsXQpWb2PDqiBnb3N0YSBkZSB1cnNpbmhvcyBkZSBwZWzDumNpYT8KRXUgYWRvcm8hISEhIQ==,,W0NoaWNhXQrCv1RlIGd1c3RhbiBsb3Mgb3NpdG9zIGRlIHBlbHVjaGU/CsKhQSBtw60gc8OtIQ==
YYfiAg,,LSBPbmNlIHVwb24gYSB0aW1lLCAt,,,,,LUjDoSBtdWl0byB0ZW1wby0=,,KMOJcmFzZSB1bmEgdmV6Li4uKQ==
YofiAg,,LSBhIGdpYW50IGJvcm4gb3V0IG9mIGljZSAt,,,,,LU8gZ2lnYW50ZSBuYXNjaWRvIGRvIGdlbG8t,,KC4uLiB1biBnaWdhbnRlIHF1ZSBuYWNpw7MgZGVsIGhpZWxvLi4uKQ==
Y4fiAg,,LSB3YXMga2lsbGVkLiAt,,,,,LW1vcnJldS0=,,KC4uLiB5IGZ1ZSBhc2VzaW5hZG8pLg==
ZIfiAg,,LSBIaXMgYm9keSBiZWNhbWUgdGhlIGxhbmQsIC0=,,,,,LVNldSBjb3JwbyBzZSB0b3Jub3UgYSB0ZXJyYS0=,,KFN1IGN1ZXJwbyBzZSBjb252aXJ0acOzIGVuIGxhIHRpZXJyYS4uLik=
ZYfiAg,,LSBoaXMgYm9uZXMgbW91bnRhaW5zLCAt,,,,,LVNldXMgb3Nzb3Mgc2UgdG9ybmFyYW0gbW9udGFuaGFzLQ==,,KC4uLiBzdXMgaHVlc29zLCBlbiBsYXMgbW9udGHDsWFzLi4uKQ==
ZofiAg,,LSBoaXMgZmxlc2ggdGhlIHNvaWwsIC0=,,,,,LVN1YSBwZWxlIHNlIHRvcm5vdSBvIHNvbG8t,,KC4uLiBzdSBjYXJuZSwgZW4gZWwgc3VlbG8uLi4p
Z4fiAg,,LSBoaXMgYmxvb2Qgcml2ZXJzLCAt,,,,,LVNldSBzYW5ndWUgc2UgdG9ybm91IHVtIHJpbyAt,,KC4uLiBzdSBzYW5ncmUsIGVuIGxvcyByw61vcy4uLik=
aIfiAg,,LSBoaXMgaGFpciBwbGFudHMsIC0=,,,,,LVNldSBjYWJlbG8gc2UgdG9ybm91IHVtYSBwbGFudGEt,,KC4uLiBzdSBjYWJlbGxvLCBlbiBsYXMgcGxhbnRhcy4uLik=
aYfiAg,,LSBoaXMgaGVhZCB0aGUgc2t5LCAt,,,,,LVN1YSBjYWJlw6dhIHNlIHRvcm5vdSBvIGPDqXUt,,KC4uLiBzdSBjYWJlemEsIGVuIGVsIGNpZWxvLi4uKQ==
aofiAg,,LSBoaXMgdGVhcnMgLQ==,,,,,LUFzIGzDoWdyaW1hcyBkZSBzZXVzLQ==,,KC4uLiBzdXMgbMOhZ3JpbWFzLi4uKQ==
a4fiAg,,LSBkcm9wcyBvZiBkZXcgLQ==,,,,,LW9saG9zIHNlIHRvcm5hcmFtIG8gb3J2YWxoby0=,,KC4uLiBlbiBnb3RhcyBkZSByb2PDrW8uLi4p
bIfiAg,,LSBmb3JtZWQgb24gbGFyZWQgbGVhdmVzLiAt,,,,,LW5hcyBmb2xoYXMt,,KC4uLiBxdWUgZm9ybWFyb24gaG9qYXMgYWxhcmdhZGFzKS4=
bYfiAg,,W0xhZHldCkZpbmFsbHkhCkFyZSB5b3UgYXdha2Ugbm93Pw==,,,,,W011bGhlciBWZWxoYV0KQWhoISEKQWNvcmRhIQ==,,W0RhbWFdCsKhUG9yIGZpbiEKwr9ZYSB0ZSBkZXNwZXJ0YXN0ZT8=
bofiAg,,W3swfV0KV2hlcmUgYW0gSS4uLj8=,,,,,W3swfV0KT25kZSBlc3TDoS4uLj8=,,W3swfV0Kwr9Ew7NuZGUgZXN0b3kuLi4/
b4fiAg,,W0xhZHldClJhY2hlbC4KSSBjYW4gdGVsbCB5b3UncmUgbm90IGZyb20gdGhpcyBhcmVhLCBidXQgeW91IHNob3VsZG4ndCBoYXZlIGdvbmUgaW50byB0aGF0IGNvbGQgY2F2ZSB3ZWFyaW5nIHN1Y2ggdGhpbiBjbG90aGVzLg==,,,,,W011bGhlciBWZWxoYV0Kw4kgUmFjaGVsLgpBY2hvIHF1ZSB2b2PDqiDDqSBlc3RyYW5obywgdm9jw6ogZGV2ZSB1c2FyIHJvdXBhcyBtYWlzIHF1ZW50ZXMgc2UgcXVpc2VyIGlyIMOgIENhdmVybmEgZGUgR2Vsby4=,,W0RhbWFdClJhY2hlbC4KU2Ugbm90YSBxdWUgbm8gZXJlcyBkZSBlc3RhIHpvbmEsIHBlcm8gbm8gZGViZXLDrWFzIGhhYmVydGUgbWV0aWRvIGVuIGVzYSBmcsOtYSBjdWV2YSBjb24gcm9wYSB0YW4gcG9jbyBhYnJpZ2FkYS4=
cIfiAg,,W0xhZHldCllvdSdyZSBsdWNreSBteSBodXNiYW5kIGZvdW5kIHlvdQpiZWZvcmUgeW91IGZyb3plIHRvIGRlYXRoLg==,,,,,W011bGhlciBWZWxoYV0KRXUgdGl2ZSBzb3J0ZSBkZSB0ZXIgc2lkbwplbmNvbnRyYWRhIHBlbG8gbWV1IG1hcmlkby4=,,W0RhbWFdClRpZW5lcyBzdWVydGUgZGUgcXVlIG1pIGVzcG9zbyB0ZSBlbmNvbnRyYXJhCmFudGVzIGRlIG1vcmlyIHBvciBjb25nZWxhY2nDs24u
cYfiAg,,W3swfV0KSSdtIHNvcnJ5Li4uIGFuZCB0aGFuayB5b3Uu,,,,,W3swfV0KRGVzY3VscGUu,,W3swfV0KTG8gc2llbnRvLi4uIHkgZ3JhY2lhcy4=
cofiAg,,W0xhZHldCkFueXdheSwgYmUgY2FyZWZ1bC4KWW91IG1heSBiZSB5b3VuZywgYnV0IHlvdSdyZSBub3QgaW52aW5jaWJsZS4=,,,,,W011bGhlciBWZWxoYV0KRGUgcXVhbHF1ZXIgbW9kbyEhIFRlbmhhIGN1aWRhZG8hClZvY8OqIG7Do28gYWNyZWRpdGEgcXVlIGEgc3VhIGp1dmVudHVkZSBzb3ppbmhhIHZhaSBsaGUgcHJvdGVnZXIu,,W0RhbWFdCkVuIGZpbiwgdGVuIGN1aWRhZG8uClF1aXrDoSBzZWFzIGpvdmVuLCBwZXJvIG5vIGVyZXMgaW52ZW5jaWJsZS4=
c4fiAg,,W3swfV0KSSB3aWxsIGJlIGNhcmVmdWwu,,,,,W3swfV0KRXUgdGVyZWkgY3VpZGFkby4=,,W3swfV0KVGVuZHLDqSBjdWlkYWRvLg==
dIfiAg,,W3swfV0KQnkgdGhlIHdheSwgZG8geW91IGtub3cgYWJvdXQgdGhlIHNvbmcgd3JpdHRlbiBvbiBhIHdhbGwgaW5zaWRlIHRoZSBJY2UgQ2F2ZT8=,,,,,W3swfV0KVm9jw6ogY29uaGVjZSBhcXVlbGEgbcO6c2ljYSBlc2NyaXRhIG5hIHBhcmVkZSBkYSBjYXZlcm5hIGRlIEdlbG8/,,W3swfV0KUG9yIGNpZXJ0bywgwr9zYWJlcyBhbGdvIGRlIGxhIGNhbmNpw7NuIGVzY3JpdGEgZW4gdW5hIHBhcmVkIGRlbnRybyBkZSBsYSBDdWV2YSBkZSBoaWVsbz8=
dYfiAg,,W0xhZHldCkRpZCB5b3UgZ28gaW4gdGhlcmUgZm9yIGl0PwpBIGZldyB5ZWFycyBhZ28sIGEgbWFuIHNob3dlZCB1cCB3ZWFyaW5nIGRvbGxzIGFuZCBjYXJ2ZWQgaXQgaW4gdGhlcmUgZm9yIGRheXMu,,,,,W011bGhlciBWZWxoYV0KVm9jw6ogZm9pIGF0w6kgbMOhIHBhcmEgdmVyPwpIw6EgYWxndW5zIGFub3MsIHVtIGhvbWVtIHF1ZSB1c2F2YSB1bWEgbcOhc2NhcmEgZXNjdWxwaXUgYXF1aWxvIG5hIGNhdmVybmEgZGUgR2Vsby4=,,W0RhbWFdCsK/RnVpc3RlIGFsbMOtIHBvciBlc28/CkhhY2UgdW5vcyBhw7FvcywgYXBhcmVjacOzIHVuIGhvbWJyZSBjb24gdW4gdHJhamUgZGUgb3NpdG9zIGRlIHBlbHVjaGUgeSBlc3R1dm8gdGFsbMOhbmRvbGEgZHVyYW50ZSBkw61hcyBhbGzDrSBkZW50cm8u
dofiAg,,W0xhZHldCkkgZGlkbid0IHNlZSBoaXMgZmFjZSBiZWNhdXNlIGhlIHdhcyB3ZWFyaW5nIGEgbWFzay4gRXZlcnkgZGF5IGhlIHdlbnQgaW4gYW5kIG91dCBvZiB0aGVyZQ==,,,,,W011bGhlciBWZWxoYV0KRXUgbsOjbyBwb2RpYSB2ZXIgbyByb3N0byBkZWxlIHBvciBjYXVzYSBkYSBtw6FzY2FyYSw=,,W0RhbWFdCk5vIGxlIHZpIGVsIHJvc3RybyBwb3JxdWUgbGxldmFiYSB1bmEgbcOhc2NhcmEuIFRvZG9zIGxvcyBkw61hcyBlbnRyYWJhIHkgc2Fsw61hIGRlIGFsbMOtLi4u
d4fiAg,,W0xhZHldCnVudGlsIGhlIGNhdWdodCBhIHRlcnJpYmxlIGNvbGQsIHNub3J0aW5nIGFuZCBkcmlwcGluZyBzbm90IHVuZGVyIGhpcyBtYXNrLg==,,,,,W011bGhlciBWZWxoYV0KbWFzIGVsZSBwZWdvdSB1bSByZXNmcmlhZG8gZSBzZW50aWEgbXVpdGFzIGRvcmVzLg==,,W0RhbWFdCi4uLiBoYXN0YSBxdWUgdHV2byB1biB0ZXJyaWJsZSByZXNmcmlhZG8sIHBvciBsbyBxdWUgcmVzb3BsYWJhIHkgZ290ZWFiYSBtb2NvcyBiYWpvIGxhIG3DoXNjYXJhLg==
eIfiAg,,W0xhZHldClRoYXQga2VwdCBoaW0gaW4gYmVkIGZvciBkYXlzLiBBZnRlciB0aGF0LCBoZSBnb3QgdGlyZWQgb2YgdGhlIGNvbGQgd2VhdGhlciBhbmQgbGVmdCBmb3IgQ29tb2RvIGluIHRoZSBzb3V0aC4=,,,,,W011bGhlciBWZWxoYV0KRSBlbnTDo28gZWxlIGRlY2lkaXUgaXIgw6AgQ29tb2RvLg==,,W0RhbWFdCkVzbyBsbyBtYW50dXZvIGVuIGNhbWEgZHVyYW50ZSBkw61hcy4gTHVlZ28sIHNlIGNhbnPDsyBkZWwgZnLDrW8geSBzZSBtYXJjaMOzIGEgQ29tb2RvLCBlbiBlbCBzdXIu
eYfiAg,,W3swfV0KQ29tb2RvPyBPZiB0aGUgUnVuZS1NaWRnYXJkIEtpbmdkb20/,,,,,W3swfV0KQ29tb2RvPw==,,W3swfV0Kwr9Db21vZG8/IMK/RGVsIHJlaW5vIGRlIFJ1bmUtTWlkZ2FyZD8=
eofiAg,,W0xhZHldClllcy4gV2hlcmUgZWxzZT8KSSd2ZSBoZWFyZCBpdCdzIGEgd2FybSBhbmQgZXhjaXRpbmcgcGxhY2UgdG8gYmUsIHdpdGggYmVhdXRpZnVsIGZpcmV3b3JrcyBkZWNvcmF0aW5nIHRoZSBza3kgYWxsIGRheSBsb25nLiBJJ2QgbG92ZSB0byBnbyB0aGVyZSBvbmNlIGJlZm9yZSBJIGRpZS4=,,,,,W011bGhlciBWZWxoYV0KU2ltLCBvdXZpIGRpemVyIHF1ZSBDb21vZG8gw6kgdW0gbHVnYXIgbXVpdG8gZGl2ZXJ0aWRvLCBxdWVybyBpciBwYXJhIGzDoSBhbnRlcyBkZSBtb3JyZXIu,,W0RhbWFdClPDrS4gwr9Ew7NuZGUgc2lubz8KT8OtIHF1ZSBlcyB1biBsdWdhciBjw6FsaWRvIHkgZW1vY2lvbmFudGUgY29uIGhlcm1vc29zIGZ1ZWdvcyBhcnRpZmljaWFsZXMgcXVlIGRlY29yYW4gZWwgY2llbG8gZHVyYW50ZSB0b2RvIGVsIGTDrWEuIE1lIGVuY2FudGFyw61hIGlyIGFsbMOtIHVuYSB2ZXogYW50ZXMgZGUgbW9yaXIu
e4fiAg,,W0xhZHldCkJ1dCB0byBnZXQgdGhlcmUsIHlvdSdsbCBoYXZlIHRvIGdvIHRvIFNjaHdhcnp3YWxkLCB0YWtlIHRoZSBhaXJzaGlwIHRvIFJ1bmUtTWlkZ2FyZCwgYW5kIGhlYWQgYWxsIHRoZSB3YXkgc291dGggZXZlbiBmcm9tIHRoZXJlLg==,,,,,W011bGhlciBWZWxoYV0KU2Ugdm9jw6ogcXVpc2VyIGlyIGF0w6kgbMOhLCB2b2PDqiBwcmVjaXNhcsOhIHBlZ2FyIHVtIGFlcm9wbGFubyBhdMOpIG8gUmVpbm8gZGUgUnVuZS1NaWRnYXJkLg==,,W0RhbWFdClBlcm8sIHBhcmEgbGxlZ2FyIGhhc3RhIGFsbMOtLCB0ZW5kcsOhcyBxdWUgaXIgYSBTY2h3YXJ6d2FsZCwgdG9tYXIgbGEgYWVyb25hdmUgaGFzdGEgUnVuZS1NaWRnYXJkLCB5IGRpcmlnaXJ0ZSBoYWNpYSBlbCBzdXIgaW5jbHVzbyBkZXNkZSBhbGzDrS4=
fIfiAg,,W0xhZHldClRoZXJlJ3Mgbm8gd2F5IGNvbW1vbmVycyBsaWtlIHVzIGNhbiBhZmZvcmQgc3VjaCBhIGxvbmcgdHJpcC4=,,,,,W011bGhlciBWZWxoYV0KTsOjbyDDqSBmw6FjaWwu,,W0RhbWFdCkxvcyBwbGViZXlvcyBjb21vIG5vc290cm9zIG5vIHBvZGVtb3MgcGVybWl0aXJub3MgdW4gdmlhamUgdGFuIGxhcmdvLg==
fYfiAg,,W0thcmlhbl0KU2F5IHdoYXQ/IFRoZSBhaXJzaGlwPwpXYWghIEkgbmV2ZXIgd2FudCB0byBiZSBvbiBpdCBhZ2FpbiEgRXZlciE=,,,,,W0thcmlhbl0KTyBxdcOqPz8gVW0gQWVyb3BsYW5vPwpBaSwgZXUgbsOjbyBxdWVybyBwZWdhciB1bSBhZXJvcGxhbm8gZGUgbm92byE=,,W0thcmlhbl0Kwr9Dw7NtbyBkaWNlcz8gwr9MYSBhZXJvbmF2ZT8KwqFCdWEhIMKhTnVuY2EgbcOhcyBtZSBxdWllcm8gdm9sdmVyIGEgc3ViaXIhIMKhSmFtw6FzIQ==
fofiAg,,W3swfV0KS2FyaWFuLCBjYWxtIGRvd24uCk1pc3N1cywgaXMgdGhlcmUgYW55IHdheSB0byBnZXQgdGhlcmUgd2l0aG91dCB0YWtpbmcgdGhlIGFpcnNoaXA/,,,,,W3swfV0KVsOjbyBjb20gY2FsbWEuLi4KSMOhIGFsZ3VtIG91dHJvIGplaXRvIGRlIGNoZWdhciBsw6E/,,W3swfV0KS2FyaWFuLCBjw6FsbWF0ZS4KU2XDsW9yYSwgwr9oYXkgYWxndW5hIGZvcm1hIGRlIGxsZWdhciBhbGzDrSBzaW4gdG9tYXIgbGEgYWVyb25hdmU/
f4fiAg,,W0xhZHldCldpdGhvdXQgdGFraW5nIHRoZSBhaXJzaGlwPwpTdXJlLCB5b3UgY2FuIHdhbGsuCkJ1dCB0aGF0J2xsIHRha2UgZGF5cy4uLg==,,,,,W011bGhlciBWZWxoYV0KU2VtIHVtIGFlcm9wbGFubz8KVm9jw6ogcG9kZSBpciBhIHDDqS4uLgpNYXMgYXNzaW0gZGVtb3JhIGJhc3RhbnRlLi4u,,W0RhbWFdCsK/U2luIHRvbWFyIGxhIGFlcm9uYXZlPwpDbGFybywgcHVlZGVzIGNhbWluYXIuClBlcm8gZXNvIGxsZXZhcsOhIGTDrWFzLi4u
gIfiAg,,W0xhZHldCk9oLCB3YWl0LS1ub3cgdGhhdCBJIHRoaW5rIG9mIGl0LCBDb21vZG8gaXMgcmlnaHQgYWNyb3NzIHRoZSBzZWEgb2ZmIFZlaW5zIHNvdXRoIG9mIGhlcmUu,,,,,W011bGhlciBWZWxoYV0KQWghIMOJIENvbW9kbywgYW8gc3VsIGRlIFZlaW5zLg==,,W0RhbWFdCk9oLCBlc3BlcmEuLi4gYWhvcmEgcXVlIGxvIHBpZW5zbywgQ29tb2RvIGVzdMOhIGp1c3RvIGFsIG90cm8gbGFkbyBkZWwgbWFyIGRlIFZlaW5zLCBhbCBzdXIgZGUgYXF1w60u
gYfiAg,,W0xhZHldClRoZXJlJ3Mgbm8gcmVndWxhciBsaW5lciB0aGVyZSwKYnV0IG1heWJlIHlvdSBjYW4gaGlyZSBhIHNoaXAgYXQgdGhlIGRvY2sgb24gdGhlIHNvdXRoIHNpZGUgb2YgVmVpbnMu,,,,,W011bGhlciBWZWxoYV0KTsOjbyB0ZW1vcyB1bSBiYXJjbyBhcHJvcHJpYWRvLApBbyBzdWwgZGUgVmVpbnMgaMOhIHVtIHBvcnRvLiBTZSB2b2PDqiB0aXZlciBzb3J0ZSwgdm9jw6ogcG9kZSBwZWfDoS1sby4uLg==,,W0RhbWFdCkFow60gbm8gaGF5IHRyYW5zYXRsw6FudGljbyByZWd1bGFyLApwZXJvIHF1aXrDoSBwdWVkYXMgYWxxdWlsYXIgdW4gYmFyY28gZW4gZWwgbXVlbGxlIGRlbCBsYWRvIHN1ciBkZSBWZWlucy4=
gofiAg,,W0xhZHldCkkndmUgaGVhcmQgQ29tb2RvIGlzIGEgd2FybSBhbmQgZXhjaXRpbmcgcGxhY2UgdG8gYmUsIHdpdGggYmVhdXRpZnVsIGZpcmV3b3JrcyBkZWNvcmF0aW5nIHRoZSBza3kgYWxsIGRheSBsb25nLiBJJ2QgbG92ZSB0byBnbyB0aGVyZSBvbmNlIGJlZm9yZSBJIGRpZS4=,,,,,W011bGhlciBWZWxoYV0KT3V2aSBkaXplciBxdWUgQ29tb2RvIMOpIHVtIGx1Z2FyIG11aXRvIGRpdmVydGlkbywgcXVlcm8gaXIgcGFyYSBsw6EgYW50ZXMgZGUgbW9ycmVyLg==,,W0RhbWFdCk/DrSBxdWUgQ29tb2RvIGVzIHVuIGx1Z2FyIGPDoWxpZG8geSBlbW9jaW9uYW50ZSBwYXJhIHZpc2l0YXIgY29uIGhlcm1vc29zIGZ1ZWdvcyBhcnRpZmljaWFsZXMgcXVlIGRlY29yYW4gZWwgY2llbG8gZHVyYW50ZSB0b2RvIGVsIGTDrWEuIE1lIGVuY2FudGFyw61hIGlyIGFsbMOtIHVuYSB2ZXogYW50ZXMgZGUgbW9yaXIu
g4fiAg,,PSBBdHRlbnRpb24gPQ==,,,,,QXZpc28=,,MA==
hIfiAg,,PT09IEF0dGVudGlvbiA9PT0KTWFlc3RybyBTb25nIGtheWFrZWQgYWxsIHRoZSB3YXkgdG8gQ29tb2RvIGZyb20gaGVyZSEKWW91IGNhbiBkbyB0aGlzLCB0b28sIHlvdW5nICd1biE=,,,,,PT09QXZpc289PT0KTWVsbG8gRGlhcywgdsOhIHBhcmEgQ29tb2RvIGNvbSB1bSBjYWlhcXVlIQpHYXJvdG9zLCBzZWphbSBhbWJpY2lvc29zIQ==,,QXRlbmNpw7NuCsKhRWwgTWFlc3RybyBTb25nIGZ1ZSBlbiBrYXlhayBkZXNkZSBhcXXDrSBoYXN0YSBDb21vZG8hCsKhWSB0w7ogdGFtYmnDqW4gcHVlZGVzLCBqb3ZlbiE=
hYfiAg,,W3swfV0KSSBkb24ndCBrbm93IGFib3V0IHRoaXMuLi4=,,,,,W3swfV0KU2Vyw6EgcXVlIHZhaSBmaWNhciB0dWRvIGJlbS4uLg==,,W3swfV0KTm8gc8OpIHNpIGhhY2VyIGVzdG8uLi4=
hofiAg,,W0thcmlhbl0KRG9uJ3Qgd29ycnkuIEp1c3QgdHJ1c3QgbWUh,,,,,W0thcmlhbl0KTsOjbyBzZSBwcmVvY3VwZSwgY29uZmllIGVtIG1pbSEh,,W0thcmlhbl0KTm8gdGUgcHJlb2N1cGVzLiDCoVNvbG8gY29uZsOtYSBlbiBtw60h
h4fiAg,,LSBDb25zaWRlcmluZyB3aGF0IGhlIGhhcyBwdXQgbWUgdGhyb3VnaCwgLQotIEkgZG9uJ3Qga25vdyBpZiBJIGNhbiB0cnVzdCBoaW0gdGhpcyB0aW1lLiAt,,,,,LU7Do28gw6kgZsOhY2lsIGNvbmZpYXIgbmVsYS0=,,KFRlbmllbmRvIGVuIGN1ZW50YSBsbyBxdWUgbWUgaGl6byBwYXNhciwKbm8gc8OpIHNpIHB1ZWRvIGNvbmZpYXIgZW4gw6lsIGVzdGEgdmV6KS4=
iIfiAg,,Tm8sIG5vdCB0aGlzIHRpbWUh,,,,,RXUgbsOjbyBnb3N0byBkaXNzby4=,,wqFObywgZXN0YSB2ZXogbm8h
iYfiAg,,TGV0J3Mga2F5YWsgdGhlcmUu,,,,,UGVndWUgbyBjYWlhcXVlLg==,,VmF5YW1vcyBlbiBrYXlhay4=
iofiAg,,W0thcmlhbl0KSSdtIG5ldmVyIGdvaW5nIHRvIGJlIG9uIHRoZSBhaXJzaGlwIGFnYWluLg==,,,,,W0thcmlhbl0KRXUgbnVuY2EgYW5kbyBkZSBhZXJvcGxhbm8sIGphbWFpcy4uLg==,,W0thcmlhbl0KTnVuY2Egdm9sdmVyw6kgYSBlc3RhciBlbiBsYSBhZXJvbmF2ZS4=
i4fiAg,,W0thcmlhbl0KQWxyaWdodCwgbGV0J3MgZ28h,,,,,W0thcmlhbl0KQ2VydG8sIGVudMOjbyB2YW1vcyBsw6EhISEhIQ==,,W0thcmlhbl0KwqFNdXkgYmllbiwgdmFtb3Mh
jIfiAg,,LSBXZSBnb3Qgb24gYSBzbWFsbCB3b29kZW4gYm9hdCAtCi0gYW5kIHN0YXJ0ZWQgcGFkZGxpbmcgLQotIHRvd2FyZCBDb21vZG8uIC0KLSBTb29uLCBzZXZlcmFsIG90aGVyIHNtYWxsIGJvYXRzIC0KLSBjYW1lIGludG8gc2lnaHQuIC0=,,,,,LVNlIHZvY8OqIHBlZ2FyIHVtIHBlcXVlbm8gYmFyY28sLQotZSBzZWd1aXIgZW0gZnJlbnRlLQotYXTDqSBDb21vZG8sLQotVm9jw6ogdmVyw6EtCi1vdXRyb3MgcGVxdWVub3MgYmFyY29zLi0=,,KE5vcyBzdWJpbW9zIGEgdW4gcGVxdWXDsW8gYmFyY28gZGUgbWFkZXJhCnkgY29tZW56YW1vcyBhIHJlbWFyCmhhY2lhIENvbW9kby4KUHJvbnRvLCBhcGFyZWNpZXJvbiBvdHJvcwpiYXJjb3MgcGVxdWXDsW9zKS4=
jYfiAg,,W3swfV0KSG0uLi4KSSBkaWRuJ3QgdGhpbmsgYW55b25lIGVsc2Ugd291bGQgZGFyZSB0cnkgcGFkZGxpbmcgYWNyb3NzIHRoZSBzZWEuCkkgd2FzIHdyb25nLg==,,,,,W3swfV0KSHVtLi4uCkV1IGFjaGF2YSBxdWUgbsOjbyBoYXZpYSBuaW5ndcOpbSBxdWUgYXRyYXZlc3NhcmlhIGVzc2UgbWFyIGNvbSB1bSBiYXJjby4KVm9jw6ogdGVtIGNlcnRlemEgcXVlIHZlcmVpIG91dHJvcyBiYXJjb3M/,,W3swfV0KTW1tLi4uCk5vIGNyZcOtIHF1ZSBuYWRpZSBtw6FzIHNlIGF0cmV2aWVyYSBhIGludGVudGFyIGNydXphciBlbCBtYXIgYSByZW1vLgpNZSBlcXVpdm9xdcOpLg==
jofiAg,,W0thcmlhbl0KSSBkb24ndCB0aGluayB0aGV5J3JlIGhlYWRpbmcgaW4gdGhlIHNhbWUgZGlyZWN0aW9uIGFzIHdlLg==,,,,,W0thcmlhbl0KRWxlcyBlc3RhcsOjbyBhbmRhbmRvIHBhcmEgb3V0cmEgZGlyZcOnw6NvLg==,,W0thcmlhbl0KTm8gY3JlbyBxdWUgdmF5YW4gZW4gbGEgbWlzbWEgZGlyZWNjacOzbiBxdWUgbm9zb3Ryb3Mu
j4fiAg,,W3swfV0KVGhlbiwgd2hlcmUgYXJlIHRoZXkgZ29pbmc/,,,,,W3swfV0KQW9uZGUgdm9jw6ogdmFpPw==,,W3swfV0KRW50b25jZXMsIMK/YWTDs25kZSB2YW4/
kIfiAg,,W0thcmlhbl0KSSBkb24ndCBrbm93LiBJJ3ZlIG5ldmVyIGhlYXJkIG9mIGl0cyBuYW1lLgpJIHRoaW5rIGl0J3MganVzdCBjYWxsZWQgdGhlICcnaXNsYW5kLicn,,,,,W0thcmlhbl0KRSBlbnTDo28/IE51bmNhIG91dmkgbyBub21lIGRlc3NlIGx1Z2FyIGFudGVzLgpQZWxvIHF1ZSBvdXZpLCDDqSBjaGFtYWRvIGFwZW5hcyBkZSAnaWxoYScu,,W0thcmlhbl0KTm8gbG8gc8OpLiBOdW5jYSBoYWLDrWEgb8OtZG8gc3Ugbm9tYnJlLgpDcmVvIHF1ZSBzb2xvIHNlIGxsYW1hIGxhIGlzbGEu
kYfiAg,,LSBGb3IgYSB3aGlsZSwgd2UganVzdCBwYWRkbGVkIC0KLSBpbiBzaWxlbmNlLCBhbmQgdGhlbiAtCi0gS2FyaWFuIHN0YXJ0ZWQgaHVtbWluZy4gLQ==,,,,,LVVtIGxvbmdvIHNpbMOqbmNpby0KLWNvbnRpbnVhLiBLYXJpYW4gY29tZcOnYS0KLWEgY2FudGFyb2xhciBlbnF1YW50byByZW1hLi0=,,KER1cmFudGUgdW4gdGllbXBvLCBzb2xvIHJlbWFtb3MKZW4gc2lsZW5jaW8geSBsdWVnbwpLYXJpYW4gZW1wZXrDsyBhIHRhcmFyZWFyKS4=
kofiAg,,LSBJIGp1c3QgbGlzdGVuZWQgdG8gaGltIGh1bW1pbmcgLQotIHRvIHRoZSBzb3VuZCBvZiB3YXZlcyAtCi0gYW5kIGVuam95ZWQgdGhlIGZlZWxpbmcgb2YgdGhlIHNlYSBicmVlemUgYWdhaW5zdCBteSBjaGVla3MuIC0KLSBTdWRkZW5seSBJIGZlbHQgd2V0IC0KLSBvbiBteSBidXR0b2Nrcy4gLQ==,,,,,LUVzY3V0YW5kbyBLYXJpYW4gY2FudGFyb2xhci0KLURlIHJlcGVudGUgdm9jw6ogc2VudGUgY29tbyBzZS0KLXZvY8OqIGVzdGl2ZXNzZSBzZW50YWRvIG5hIMOhZ3VhLi0=,,KE1lIGxpbWl0w6kgYSBlc2N1Y2hhcmxvIHRhcmFyZWFyCmFsIHNvbiBkZSBsYXMgb2xhcwp5IGEgZGlzZnJ1dGFyIGRlIGxhIHNlbnNhY2nDs24gZGUgbGEgYnJpc2EgbWFyaW5hIGNvbnRyYSBtaXMgbWVqaWxsYXMuCkRlIHJlcGVudGUsIHNlbnTDrSBxdWUKbWlzIG5hbGdhcyBlc3RhYmFuIG1vamFkYXMpLg==
k4fiAg,,W3swfV0KV2FoISBUaGUgYm9hdCBpcyBsZWFraW5nIQ==,,,,,W3swfV0KRWkhIEjDoSB1bSB2YXphbWVudG8gZGUgw6FndWEhIQ==,,W3swfV0KwqFCdWEhIMKhRXN0w6EgZW50cmFuZG8gYWd1YSBlbiBlbCBiYXJjbyE=
lIfiAg,,W0thcmlhbl0KV2FhYWgh,,,,,W0thcmlhbl0KQWhoaGghISEhISEhISEhISEhIQ==,,W0thcmlhbl0KwqFCdWFhYSE=
lYfiAg,,QmFpbCBvdXQgdGhlIHdhdGVyLg==,,,,,Sm9nYXIgYSDDoWd1YSBwYXJhIGZvcmEu,,U2FjYXIgZWwgYWd1YS4=
lofiAg,,UGFkZGxlLg==,,,,,UmVtYXIu,,UmVtYXIu
l4fiAg,,RGFuY2Uu,,,,,RGFuw6dhci4=,,QmFpbGFyLg==
mIfiAg,,W0thcmlhbl0KSSdsbCBwYWRkbGUuIEJhaWwgb3V0IHRoZSB3YXRlciE=,,,,,W0thcmlhbl0KRXUgdm91IHJlbWFyIGUgdm9jw6ogZmlxdWUgYXBlbmFzIGpvZ2FuZG8gYSDDoWd1YSBwYXJhIGZvcmEhIQ==,,W0thcmlhbl0KUmVtYXLDqS4gwqFTYXF1ZW1vcyBlbCBhZ3VhIQ==
mYfiAg,,W0thcmlhbl0KT3VyIGJvYXQgaXMgc2lua2luZyE=,,,,,W0thcmlhbl0KTyBiYXJjbyBlc3TDoSBhZnVuZGFuZG8hISE=,,W0thcmlhbl0KwqFTZSBlc3TDoSBodW5kaWVuZG8gZWwgYmFyY28h
mofiAg,,W0thcmlhbl0KV2hhdCBhcmUgeW91IGRvaW5nPw==,,,,,W0thcmlhbl0KUXVlIGRpYWJvcyB2b2PDqiBwZW5zYSBxdWUgZXN0w6EgZmF6ZW5kbz8=,,W0thcmlhbl0Kwr9RdcOpIGVzdMOhcyBoYWNpZW5kbz8=
m4fiAg,,U2xlZXAu,,,,,RG9ybWlyLg==,,RG9ybWlyLg==
nIfiAg,,U2luZy4=,,,,,Q2FudGFyLg==,,Q2FudGFyLg==
nYfiAg,,RHJpbmsgdGhlIHdhdGVyLg==,,,,,QmViZXIgw6FndWEu,,QmViZXIgZWwgYWd1YS4=
nofiAg,,U2hvdXQsICcnVml2YSEnJw==,,,,,R3JpdGFyICdWaXZhJy4=,,R3JpdGFyLCDCoVZpdmEhLg==
n4fiAg,,RmlzaC4=,,,,,SXIgcGVzY2FyLg==,,UGVzY2FyLg==
oIfiAg,,TGlzdGVuIHRvIG15IHNpbmdpbmch,,,,,Q2FudGFyIHVtYSBjYW7Dp8Ojby4=,,wqFFc2N1Y2hhciBjw7NtbyBjYW50byE=
oYfiAg,,UHJheS4=,,,,,UmV6YXIu,,UmV6YXIu
oofiAg,,U3RhcnQgbWVhbC4=,,,,,Q29tZXIgY29taWRhLg==,,RW1wZXphciBhIGNvbWVyLg==
o4fiAg,,R2l2ZSB1cC4=,,,,,RGVzaXN0aXIu,,UmVuZGlyc2Uu
pIfiAg,,LSBMYXRlbHksIEkndmUgaGFkIC0KLSBtb3JlIGJydXNoZXMgd2l0aCBkZWF0aCAtCi0gdGhhbiBJJ3ZlIGhhZCBpbiB5ZWFycy4gLQ==,,,,,LUV1IGVzY2FwZWkgZGFzLQotZ2FycmFzIGRhIG1vcnRlLQotaW7Dum1lcmFzIHZlemVzLi0=,,KMOabHRpbWFtZW50ZSwgdHV2ZQptw6FzIHJvY2VzIGNvbiBsYSBtdWVydGUKcXVlIG51bmNhKS4=
pYfiAg,,W3swfV0KVy13ZSd2ZSBtYWRlIGl0Li4uIQ==,,,,,W3swfV0KRXUuLi4gRXN0b3Ugdml2by4=,,W3swfV0KwqFMby1sbyBsb2dyYW1vcy4uLiE=
pofiAg,,W0thcmlhbl0KRXJyLi4uIEJ1dCBiYXJlbHku,,,,,W0thcmlhbl0KRXNzYSBmb2kgcG9yIHBvdWNvLg==,,W0thcmlhbl0KRWguLi4gUGVybyBwb3IgcG9jby4=
p4fiAg,,W3swfV0KVGhhdCdzIGJlY2F1c2UgeW91IGluc2lzdGVkIG9uIHBhZGRsaW5nIGhlcmUhCkl0IHdvdWxkbid0IGhhdmUgaGFwcGVuZWQgaWYgd2UgZmxldyBpbnN0ZWFkIQ==,,,,,W3swfV0KTsOjbyB0ZXLDrWFtb3Mgc29mcmlkbyBhc3NpbSBzZSBuw7NzIHRpdsOpc3NlbW9zIHBlZ2FkbyBvIEFlcm9wbGFuby4=,,W3swfV0KwqFFc28gZXMgcG9ycXVlIGluc2lzdGlzdGUgZW4gcmVtYXIgaGFzdGEgYXF1w60hCsKhTm8gaGFicsOtYSBvY3VycmlkbyBzaSBodWJpw6lyYW1vcyB2b2xhZG8h
qIfiAg,,W0thcmlhbl0KLi4uSSBoYXRlIGZseWluZy4uLg==,,,,,W0thcmlhbl0KRXUgZGlzc2UgYSB2b2PDqiBxdWUgbsOjbyBhbmRvIGRlIGFlcm9wbGFubyE=,,W0thcmlhbl0KLi4uIE9kaW8gdm9sYXIuLi4=
qYfiAg,,W3swfV0KWW91IGplcmsh,,,,,W3swfV0KTsOjbyBhY3JlZGl0byBuaXNzbyE=,,W3swfV0KwqFJZGlvdGEh
qofiAg,,W0thcmlhbl0KV2VsbCwgd2hhdCBoYXBwZW5lZCwgaGFwcGVuZWQuCk5vdywgd2UncmUgaW4gQ29tb2RvLiBBcmUgeW91IHJlYWR5IHRvIGhhdmUgc29tZSBmdW4/,,,,,W0thcmlhbl0KQmVtLCB2YW1vcyBlc3F1ZWNlciBvIHBhc3NhZG8hCkrDoSBxdWUgZXN0YW1vcyBlbSBDb21vZG8sIHZhbW9zIG5vcyBkaXZlcnRpciwgZXN0w6EgYmVtPw==,,W0thcmlhbl0KQnVlbm8sIGxvIHF1ZSBwYXPDsywgcGFzw7MuCkFob3JhIGVzdGFtb3MgZW4gQ29tb2RvLiDCv1RvZG8gbGlzdG8gcGFyYSBkaXZlcnRpcnRlPw==
q4fiAg,,W3swfV0KV2hhdCBhYm91dCBsb29raW5nIGZvciBNYWVzdHJvIFNvbmc/,,,,,W3swfV0KRW50w6NvLCBvIHF1ZSBkZXZlbW9zIGZhemVyIHNvYnJlIGEgYnVzY2EgcGVsbyAnTWVsbG8gRGlhcyc/,,W3swfV0Kwr9ZIHNpIGJ1c2NhbW9zIGFsIG1hZXN0cm8gU29uZz8=
rIfiAg,,W0thcmlhbl0KT2gsIHRoYXQncyByaWdodC4KU2hvdWxkIHdlIGFzayBhcm91bmQ/,,,,,W0thcmlhbl0KQWgsIMOpLi4uClBvciBxdWUgbsOjbyBwZXJndW50YW1vcyBhb3MgYWxkZcO1ZXM/,,W0thcmlhbl0KT2gsIGFzw60gZXMuCsK/RGViZXLDrWFtb3MgcHJlZ3VudGFyIHBvciBsb3MgYWxyZWRlZG9yZXM/
rYfiAg,,S2F5YWtpbmcgRXhwZXJ0,,,,,TWVzdHJlIEtheWFr,,RXhwZXJ0byBlbiBrYXlhaw==
rofiAg,,W0theWFraW5nIEV4cGVydF0KV2hvPwpNYWVzdHJvIFNvbmc/CkkgZG9uJ3QgdGhpbmsgSSd2ZSBoZWFyZCBvZiBoaW0u,,,,,W01lc3RyZSBLYXlha10KSGVpbj8KTWVsbG8gRGlhcz8KRXUgbsOjbyBjb25oZcOnb34=,,W0V4cGVydG8gZW4ga2F5YWtdCsK/UXVpw6luPwrCv01hZXN0cm8gU29uZz8KQ3JlbyBxdWUgbm8gb8OtIGhhYmxhciBkZSDDqWwu
r4fiAg,,W0theWFraW5nIEV4cGVydF0KV2h5IGRvbid0IHlvdSBnbyBjaGVjayB0aGUgcmVzdGF1cmFudCBvbiB0aGUgbm9ydGggc2lkZT8KSGUgd291bGQgaGF2ZSBiZWVuIHRoZXJlIHRvIGVhdCBpZiBoZSB3YXMgaGVyZS4=,,,,,W01lc3RyZSBLYXlha10KVsOhIGFvIHJlc3RhdXJhbnRlIGxvY2FsaXphZG8gYW8gbm9ydGUuClNlIGVsZSB2aWVyIGEgZXNzYSBjaWRhZGUsIMOpIHByb3bDoXZlbCBxdWUgZWxlIHbDoSBwcmltZWlybyBwYXJhIGzDoS4=,,W0V4cGVydG8gZW4ga2F5YWtdCsK/UG9yIHF1w6kgbm8gdmFzIGFsIHJlc3RhdXJhbnRlIGVuIGVsIGxhZG8gbm9ydGU/ClNlZ3VybyBmdWUgYSBjb21lciBhbGzDrSBzaSBlc3R1dm8gYXF1w60u
sIfiAg,,W0theWFraW5nIEV4cGVydF0KQW5kIHRoZSByZXN0YXVyYW50IG93bmVyIGxhZHkgbmV2ZXIgZm9yZ2V0cyBhIGZhY2UuClRoYXQncyBwcm9iYWJseSB3aHkgaGVyIGJ1c2luZXNzIGlzIHNvIHN1Y2Nlc3NmdWwu,,,,,W01lc3RyZSBLYXlha10KQSBhbmZpdHJpw6Mgw6kgYm9hIGVtIG1lbW9yaXphciBvIHJvc3RvIGRvcyBjbGllbnRlcy4Kw4kgYm9tIHBhcmEgb3MgbmVnw7NjaW9zLCBzYWJlPw==,,W0V4cGVydG8gZW4ga2F5YWtdClkgbGEgZHVlw7FhIGRlbCByZXN0YXVyYW50ZSBudW5jYSBvbHZpZGEgdW4gcm9zdHJvLgpQcm9iYWJsZW1lbnRlLCBwb3IgZXNvLCBzdSBuZWdvY2lvIHRpZW5lIHRhbnRvIMOpeGl0by4=
sYfiAg,,W0theWFraW5nIEV4cGVydF0KQSBtYW4ncyByb21hbmNlIGJlbG9uZ3MgdG8gdGhlIHNlYS4=,,,,,W01lc3RyZSBLYXlha10KTyBtYXIgw6kgbyBzb25obyBkbyBob21lbS4=,,W0V4cGVydG8gZW4ga2F5YWtdCkVsIHJvbWFuY2UgZGUgdW4gaG9tYnJlIHBlcnRlbmVjZSBhbCBtYXIu
sofiAg,,W0theWFraW5nIEV4cGVydF0KSSdkIGxvdmUgdG8ga2F5YWsgYWxsIHRoZSB3YXkgdG8gSHVnZWwgb25lIGRheS4=,,,,,W01lc3RyZSBLYXlha10KRXNwZXJvIHF1ZSB1bSBkaWEgZXUgcG9zc2EgYXRyYXZlc3NhciBwYXJhIEh1Z2VsIQ==,,W0V4cGVydG8gZW4ga2F5YWtdCk1lIGVuY2FudGFyw61hIGxsZWdhciBlbiBrYXlhayBoYXN0YSBIdWdlbCBhbGfDum4gZMOtYS4=
s4fiAg,,W0dyaWxsaW5nIExhZHldCldobz8gTWFlc3RybyBTb25nPwpTdXJlLCBJIHJlbWVtYmVyIGhpbS4gSGUgd2FzIGhlcmUgYSBmZXcgeWVhcnMgYWdvLg==,,,,,W0NodXJyYXNxdWVpcmFdCk1lbGxvIERpYXM/ClNpbSwgbWUgbGVtYnJvIGRlbGUgcG9ycXVlIGVsZSB2ZWlvIGFxdWkgaMOhIGFsZ3VucyBhbm9zLg==,,W0RhbWEgZGUgbGEgcGFycmlsbGFdCsK/UXVpw6luPyDCv01hZXN0cm8gU29uZz8KQ2xhcm8sIG1lIGFjdWVyZG8gZGUgw6lsLiBFc3R1dm8gYXF1w60gaGFjZSB1bm9zIHBvY29zIGHDsW9zLg==
tIfiAg,,W0dyaWxsaW5nIExhZHldCkhlIGF0ZSBhIHdob2xlLXJvYXN0ZWQgc3Vja2xpbmcgcGlnIGJ5IGhpbXNlbGYuCkhvdyBjYW4gSSBmb3JnZXQgYSBjdXN0b21lciBsaWtlIHRoYXQ/,,,,,W0NodXJyYXNxdWVpcmFdCkVsZSBjb21ldSB1bSBwcmF0byBpbnRlaXJvIGRlIGNvc3RlbGFzIGRlIHBvcmNvIHNvemluaG8uLi4KQ29tbyBldSBpYSBlc3F1ZWNlciBkZSBzZXUgcm9zdG8/,,W0RhbWEgZGUgbGEgcGFycmlsbGFdCsOJbCBzb2xvIHNlIGNvbWnDsyB1biBjZXJkbyBhc2FkbyBlbnRlcm8uCsK/Q8OzbW8gcHVlZG8gb2x2aWRhciBhIHVuIGNsaWVudGUgYXPDrT8=
tYfiAg,,W0dyaWxsaW5nIExhZHldCkFsc28sIG5vdCBhIGRheSB3ZW50IGJ5IHBlYWNlZnVsbHkKd2hpbGUgaGUgd2FzIGhlcmUs,,,,,W0NodXJyYXNxdWVpcmFdCkhvdXZlIHVtIHBlcXVlbm8gdHVtdWx0by4KRXN0YXZhIG11aXRvIGNoZWlvIHBvciBjYXVzYSBkZWxlLg==,,W0RhbWEgZGUgbGEgcGFycmlsbGFdCkFkZW3DoXMsIG5vIHBhc8OzIHVuIGTDrWEgdHJhbnF1aWxvCm1pZW50cmFzIGVzdHV2byBhcXXDrS4uLg==
tofiAg,,W0dyaWxsaW5nIExhZHldCmhlIHBhcnRpZWQgc28gaGFyZC4gQWZ0ZXIgYSB3aGlsZSwgaGUgZ290IHRpcmVkIG9mIGl0IGFuZCB3YW50ZWQgdG8gZ28gc29tZXdoZXJlIHF1aWV0ZXIu,,,,,W0NodXJyYXNxdWVpcmFdCk5vIGZpbSBkYXMgY29udGFzLCBlbGUgZmljb3UgY2Fuc2FkbyBlIHF1aXMgaXIgcGFyYSBhbGd1bSBsdWdhciB0cmFucXVpbG8u,,W0RhbWEgZGUgbGEgcGFycmlsbGFdCi4uLiBzZSBsYSBwYXNhYmEgbXVjaG8gZGUgZmllc3RhLiBEZXNwdcOpcyBkZSB1biB0aWVtcG8sIHNlIGNhbnPDsyB5IHF1aXNvIGlyIGEgdW4gc2l0aW8gbcOhcyB0cmFucXVpbG8u
t4fiAg,,W0dyaWxsaW5nIExhZHldCkkgdG9sZCBoaW0gdGhlcmUgd2FzIGEgcXVpZXQgcGxhY2UgaW4gTW9ycm9jLiBIZSBsZWZ0IHRoZSBuZXh0IGRheS4=,,,,,W0NodXJyYXNxdWVpcmFdCkV1IGRpc3NlIGEgZWxlIHF1ZSBoYXZpYSB1bSBsdWdhciB0cmFucXVpbG8gcGVydG8gZGUgTW9ycm9jLCBlbnTDo28gZWxlIGZvaSBlbWJvcmEu,,W0RhbWEgZGUgbGEgcGFycmlsbGFdCkxlIGRpamUgcXVlIGhhYsOtYSB1biBsdWdhciB0cmFucXVpbG8gZW4gTW9ycm9jLiBTZSBmdWUgYWwgZMOtYSBzaWd1aWVudGUu
uIfiAg,,W0dyaWxsaW5nIExhZHldCkkgc2hvdWxkbid0IGhhdmUgdG9sZCBoaW0u,,,,,W0NodXJyYXNxdWVpcmFdCk1lIGFycmVwZW5kbyBkaXNzby4=,,W0RhbWEgZGUgbGEgcGFycmlsbGFdCk5vIGRlYmVyw61hIGhhYsOpcnNlbG8gZGljaG8u
uYfiAg,,W0dyaWxsaW5nIExhZHldCk15IGJ1c2luZXNzIGhhc24ndCBiZWVuIHRoZSBzYW1lIHNpbmNlIGhlIGxlZnQu,,,,,W0NodXJyYXNxdWVpcmFdCkVsZSBhdW1lbnRvdSBtdWl0byBvcyBub3Nzb3MgbHVjcm9zIHF1YW5kbyBlc3RhdmEgYXF1aS4uLg==,,W0RhbWEgZGUgbGEgcGFycmlsbGFdCk1pIG5lZ29jaW8gbm8gaGEgc2lkbyBlbCBtaXNtbyBkZXNkZSBxdWUgc2UgZnVlLg==
uofiAg,,W0dyaWxsaW5nIExhZHldCldoZXJlIGlzIHRoaXMgcXVpZXQgcGxhY2U/Ck5vdCBzdXJlLiBJIGp1c3QgaGVhcmQgYWJvdXQgaXQgZnJvbSBhIGN1c3RvbWVyLiBIZSBzYWlkIHRoZXJlIHdhcyBhIHN1c3BpY2lvdXMgYnVpbGRpbmcgb24gdGhlIHNvdXRoZWFzdCBzaWRlIG9mIE1vcnJvYy4=,,,,,W0NodXJyYXNxdWVpcmFdCk9uZGUgZmljYSBvIGx1Z2FyIHRyYW5xdWlsbz8KQmVtLCBuw6NvIHRlbmhvIGNlcnRlemEsIG1hcyBow6EgdW0gcHLDqWRpbyBtaXN0ZXJpb3NvIG5vIHN1ZGVzdGUgZGUgTW9ycm9jLg==,,W0RhbWEgZGUgbGEgcGFycmlsbGFdCsK/RMOzbmRlIGVzdMOhIGVzZSBsdWdhciB0cmFucXVpbG8/Ck5vIGVzdG95IHNlZ3VyYS4gTWUgbG8gYWNhYmEgZGUgZGVjaXIgdW4gY2xpZW50ZS4gRGlqbyBxdWUgaGFiw61hIHVuIGVkaWZpY2lvIHNvc3BlY2hvc28gZW4gZWwgbGFkbyBzdXJlc3RlIGRlIE1vcnJvYy4=
u4fiAg,,W0dyaWxsaW5nIExhZHldCkFuZCB0aGF0IGV2ZXJ5b25lIHN0ZWVycyBjbGVhciBvZiB0aGF0IGFyZWEgYmVjYXVzZSBpdCBiZWxvbmdzIHRvIHNvbWUgc2VjcmV0LCBkYW5nZXJvdXMgb3JnYW5pemF0aW9uLg==,,,,,W0NodXJyYXNxdWVpcmFdCk91dmkgZGl6ZXIgcXVlIGFsZ3VtYXMgcGVzc29hcyBtaXN0ZXJpb3NhcyBzZSByZcO6bmVtIGzDoS4uLg==,,W0RhbWEgZGUgbGEgcGFycmlsbGFdClkgcXVlIHRvZG8gZWwgbXVuZG8gc2UgYWxlamEgZGUgZXNhIHpvbmEgcG9ycXVlIHBlcnRlbmVjZSBhIGFsZ3VuYSBvcmdhbml6YWNpw7NuIHNlY3JldGEgeSBwZWxpZ3Jvc2Eu
vIfiAg,,W0dyaWxsaW5nIExhZHldCkEgZmV3IHllYXJzIGFnbywgSSBoYWQgYSBjdXN0b21lciB3aG8gY291bGQgZWF0IGEgd2hvbGUtcm9hc3RlZCBzdWNrbGluZyBwaWcgYnkgaGltc2VsZi4=,,,,,W0NodXJyYXNxdWVpcmFdCkVsZSBjb21ldSB1bSBwcmF0byBpbnRlaXJvIGRlIGNvc3RlbGFzIGRlIHBvcmNvIHNvemluaG8u,,W0RhbWEgZGUgbGEgcGFycmlsbGFdCkhhY2UgdW5vcyBwb2NvcyBhw7FvcywgdHV2ZSB1biBjbGllbnRlIHF1ZSBwb2TDrWEgY29tZXJzZSDDqWwgc29sbyB1biBjZXJkbyBhc2FkbyBlbnRlcm8u
vYfiAg,,W0dyaWxsaW5nIExhZHldCkkgY2FuIG5ldmVyIGZvcmdldCBoaW0u,,,,,W0NodXJyYXNxdWVpcmFdCk51bmNhIG8gZXNxdWVjZXJlaS4=,,W0RhbWEgZGUgbGEgcGFycmlsbGFdCk51bmNhIHBvZHLDqSBvbHZpZGFybG8u
vofiAg,,W3swfV0KTW0/IFdoYXQncyB0aGF0PwpUaGVyZSdzIHNvbWV0aGluZyBidXJpZWQgaW4gdGhlIHNhbmQu,,,,,W3swfV0KSMOjPyBPIHF1ZSDDqT8KQWxnbyBjb2JlcnRvIHBvciBhcmVpYT8=,,W3swfV0Kwr9NbT8gwr9RdcOpIGVzIGVzbz8KSGF5IGFsZ28gZW50ZXJyYWRvIGVuIGxhIGFyZW5hLg==
v4fiAg,,W3swfV0KT2gsIHRoaXMuLi4KTWFlc3RybyBTb25nIG11c3QgaGF2ZSBkcm9wcGVkIGl0Lg==,,,,,W3swfV0KQWgsIMOpISEKQWNobyBxdWUgJ01lbGxvIERpYXMnIGRlaXhvdSBjYWlyLg==,,W3swfV0KT2gsIGVzdG8uLi4KU2UgbGUgZGViZSBoYWJlciBjYcOtZG8gYWwgbWFlc3RybyBTb25nLg==
wIfiAg,,W0thcmlhbl0KV2hhdD8gSG93IGRvIHlvdSBrbm93Pw==,,,,,W0thcmlhbl0KTyBxdcOqPz8gQ29tbyB2b2PDqiBzYWJlPw==,,W0thcmlhbl0Kwr9RdcOpPyDCv0PDs21vIGxvIHNhYmVzPw==
wYfiAg,,W3swfV0KVGhlIHNvbmcgaGUgd3JvdGUgZm9yIHRoYXQgSHVnZWwgbWFuLCBoaXMgcGhvdG8gcmVjZWlwdCB3ZSBmb3VuZCBhdCB0aGUgVGhhbmF0b3MgVG93ZXIs,,,,,W3swfV0KQSBsZXRyYSBxdWUgdW0gaG9tZW0gcXVlIGNvbmhlY2kgZW0gSHVnZWwgbWUgbW9zdHJvdSwgcmVjaWJvLA==,,W3swfV0KTGEgY2FuY2nDs24gcXVlIGVzY3JpYmnDsyBwYXJhIGVzZSBob21icmUgZGUgSHVnZWwsIHN1IHJlY2libyBkZSBsYSBmb3RvIHF1ZSBlbmNvbnRyYW1vcyBlbiBsYSBUb3JyZSBkZSBUaGFuYXRvcy4uLg==
wofiAg,,W3swfV0KYW5kIHRoZSBwb2VtIG9uIHRoaXMgcGllY2Ugb2YgcGFwZXIuClRoZXkgYWxsIHNob3cgdGhlIHNhbWUgcGVubWFuc2hpcC4=,,,,,W3swfV0KZSBlc3NlIHBvZW1hIGVzY3JpdG8gbmVzc2UgcGFwZWwuCk8gZXN0aWxvIGRhIGNhbGlncmFmaWEgw6kgbyBtZXNtby4=,,W3swfV0KLi4uIHkgZWwgcG9lbWEgZW4gZXN0ZSB0cm96byBkZSBwYXBlbC4KVG9kb3MgdGllbmVuIGxhIG1pc21hIGNhbGlncmFmw61hLg==
w4fiAg,,W0thcmlhbl0KSSB3YW50IHRvIHNlZSB0aGUgQ2xvY2sgVG93ZXIuLi4=,,,,,W0thcmlhbl0KRXUgcXVlcm8gdmVyIGEgdG9ycmUgZG8gcmVsw7NnaW8uLi4=,,W0thcmlhbl0KUXVpZXJvIHZlciBsYSBUb3JyZSBkZWwgcmVsb2ouLi4=
xIfiAg,,W3swfV0KQnV0IHRoaXMgcG9lbSBhbG9uZSBkb2Vzbid0IGdpdmUgdXMgYW55IGNsdWVzLi4uCi4uLgpXaG8/,,,,,W3swfV0KTWFzIGVzc2UgcG9lbWEgbsOjbyBwb2RlIHNlciB1bWEgcGlzdGEuLi4KLi4uCkhlaW4/,,W3swfV0KUGVybyBlc3RlIHBvZW1hIHBvciBzw60gc29sbyBubyBub3MgZGEgbmluZ3VuYSBwaXN0YS4uLgouLi4Kwr9RdWnDqW4/
xYfiAg,,W0thcmlhbl0KLi4uCkkgd2FudCB0byBzZWUgdGhlIENsb2NrIFRvd2VyLg==,,,,,W0thcmlhbl0KLi4uLi4uCkV1IHF1ZXJvIHZlciBhIHRvcnJlIGRvIHJlbMOzZ2lvLg==,,W0thcmlhbl0KLi4uClF1aWVybyB2ZXIgbGEgVG9ycmUgZGVsIHJlbG9qLg==
xofiAg,,W3swfV0KVGhlIENsb2NrIFRvd2VyPwpXaGF0IGFyZSB5b3UgdGFsa2luZyBhYm91dD8=,,,,,W3swfV0KVG9ycmUgZG8gcmVsw7NnaW8/Ck8gcXVlIHZvY8OqIGVzdMOhIGZhbGFuZG8gYXNzaW0gZGUgcmVwZW50ZT8=,,W3swfV0Kwr9MYSBUb3JyZSBkZWwgcmVsb2o/CsK/RGUgcXXDqSBlc3TDoXMgaGFibGFuZG8/
x4fiAg,,W0thcmlhbl0KSSdtIHRhbGtpbmcgYWJvdXQgdGhlIENsb2NrIFRvd2VyIGluIEFsIERlIEJhcmFuLg==,,,,,W0thcmlhbl0KQS4uLiBncmFuZGUgdG9ycmUgZG8gcmVsw7NnaW8gZW0gQWxkZWJhcmFuLg==,,W0thcmlhbl0KTWUgcmVmaWVybyBhIGxhIFRvcnJlIGRlbCByZWxvaiBkZSBBbGRlYmFyYW4u
yIfiAg,,W3swfV0KSSBrbm93LCBidXQgd2h5Pw==,,,,,W3swfV0KRXUgc2VpLCBtYXMuLi4=,,W3swfV0KTG8gc8OpLCBwZXJvIMK/cG9yIHF1w6k/
yYfiAg,,W0thcmlhbl0KV2FudCB0byBnbyBzZWUgaXQ/,,,,,W0thcmlhbl0KVm9jw6ogdmFpIG1lIGFjb21wYW5oYXI/,,W0thcmlhbl0Kwr9RdWllcmVzIGlyIGEgdmVybGE/
yofiAg,,T2theS4=,,,,,Q2VydG8u,,QnVlbm8u
y4fiAg,,W0thcmlhbl0KQ29tZSBvbi4gTGV0J3MgZ28sIGxldCdzIGdvIQpDb21lIG9uLiBMZXQncyBnbywgbGV0J3MgZ28hCkNvbWUgb24h,,,,,W0thcmlhbl0KVmFtb3N+VmFtb3N+ClZhbW9zflZhbW9zfgpWYW1vc35+fn5+fn5+fg==,,W0thcmlhbl0KVmFtb3MuIMKhVmFtb3MsIHZhbW9zIQpWYW1vcy4gwqFWYW1vcywgdmFtb3MhCsKhVmFtb3Mh
zIfiAg,,W0thcmlhbl0KV2UndmUgZ290IG5vIG1vcmUgY2x1ZXMgYWJvdXQgaGltLCBhbnl3YXku,,,,,W0thcmlhbl0KTsOjbyB0ZW1vcyBtYWlzIG5lbmh1bWEgcGlzdGEu,,W0thcmlhbl0KRGUgdG9kb3MgbW9kb3MsIG5vIHRlbmVtb3MgbcOhcyBwaXN0YXMgc29icmUgw6lsLg==
zYfiAg,,W0thcmlhbl0KTGV0J3MgZ28h,,,,,W0thcmlhbl0KRWkhIFZhbW9zfn4=,,W0thcmlhbl0KwqFWYW1vcyE=
zofiAg,,W3swfV0KV2UndmUgZ290IG5vIG1vcmUgY2x1ZXMgYWJvdXQgaGltLCBhbnl3YXkuIE9rYXku,,,,,W3swfV0KQ2VydG8sIGVzc2EgbsOjbyDDqSB1bWEgbcOhIGlkZWlhLi4u,,W3swfV0KRGUgdG9kb3MgbW9kb3MsIG5vIHRlbmVtb3MgbcOhcyBwaXN0YXMgc29icmUgw6lsLiBCdWVuby4=
z4fiAg,,W0thcmlhbl0KQWxsIHJpZ2h0IQpPZmYgd2UgZ28h,,,,,W0thcmlhbl0KQ2VydG8hISEKRWkhIFZhbW9zfn4=,,W0thcmlhbl0KwqFNdXkgYmllbiEKwqFWw6Ftb25vcyE=
0IfiAg,,W3swfV0KQnkgdGhlIHdheSwgd2h5IGRpZCB5b3Ugd2FudCB0byBjb21lIGhlcmUgYWxsIG9mIGEgc3VkZGVuPw==,,,,,W3swfV0KTWFzIHBvciBxdWUgdm9jw6ogcXVlciB2aXNpdGFyIGVzc2UgbHVnYXI/,,W3swfV0KUG9yIGNpZXJ0bywgwr9wb3IgcXXDqSBxdWlzaXN0ZSB2ZW5pciBhcXXDrSBkZSByZXBlbnRlPw==
0YfiAg,,W0thcmlhbl0KVGhpcyB1c2VkIHRvIGJlIG15IGJlc3QgZnJpZW5kJ3MgZmF2b3JpdGUgcGxhY2UuCldoZW5ldmVyIGhlIHdhcyB0aXJlZCwgaGUnZCByZXN0IGhlcmUsIGxvb2tpbmcgYXQgdGhhdCB0b3dlci4=,,,,,W0thcmlhbl0KRXNzZSDDqSBvIGx1Z2FyIGZhdm9yaXRvIGRvIG1ldSBhbWlnby4KUXVhbmRvIGZpY2Ftb3MgY2Fuc2Fkb3MsIG7Ds3MgdmVtb3MgYXF1ZWxhIHRvcnJlLg==,,W0thcmlhbl0KRXN0ZSBzb2zDrWEgc2VyIGVsIGx1Z2FyIGZhdm9yaXRvIGRlIG1pIG1lam9yIGFtaWdvLgpTaWVtcHJlIHF1ZSBlc3RhYmEgY2Fuc2FkbywgZGVzY2Fuc2FiYSBhcXXDrSBtaXJhbmRvIGFxdWVsbGEgdG9ycmUu
0ofiAg,,W0thcmlhbl0KJydDYXJyeSBtZSBiYWNrIGhvbWUgdG8gb2xkIFZpcmdpbm55LgonJ1RoZXJlJ3Mgd2hlcmUgdGhlIGNvdHRvbiBhbmQgdGhlIGNvcm4gYW5kIHRhdGVycyBncm93LAonJ1RoZXJlJ3Mgd2hlcmUgdGhlIGJpcmRzIHdhcmJsZSBzd2VldCBpbiB0aGUgc3ByaW5nIHRpbWUsCicnVGhlcmUncyB3aGVyZSB0aGUgZGFya2V5J3MgaGVhcnQgYW0gbG9uZ2VkIHRvIGdvLg==,,,,,W0thcmlhbl0KRGVpeGUtbWUgdm9sdGFyIHBhcmEgYSBtaW5oYSBjaWRhZGUgbmF0YWwuCkjDoSBtdWl0YXMgZmxvcmVzIGxpbmRhcwpvcyBww6Fzc2Fyb3MgY2FudGFtIHBhcmEgbWltCsOpIGVzc2EgdmVsaGEgY2lkYWRlLg==,,W0thcmlhbl0KTGzDqXZhbWUgZGUgdnVlbHRhIGEgY2FzYSwgYSBsYSB2aWVqYSBWaXJnaW5ueS4KQWxsw60gZXMgZG9uZGUgY3JlY2VuIGVsIGFsZ29kw7NuLCBlbCBtYcOteiB5IGxhcyBwYXRhdGFzLgpBbGzDrSBlcyBkb25kZSBsb3MgcMOhamFyb3MgdHJpbmFuIGR1bGNlbWVudGUgZW4gcHJpbWF2ZXJhLgpBbGzDrSBlcyBkb25kZSBlbCBjb3JhesOzbiBkZWwgbW9yZW5pdG8gYW5oZWxhYmEgaXIu
04fiAg,,W0thcmlhbl0KJydUaGVyZSdzIHdoZXJlIEkgbGFib3JlZCBzbyBoYXJkIGZvciBvbGQgbWFzc2EsCicnRGF5IGFmdGVyIGRheSBpbiB0aGUgZmllbGQgb2YgeWVsbG93IGNvcm4sCidObyBwbGFjZSBvbiBlYXJ0aCBkbyBJIGxvdmUgbW9yZSBzaW5jZXJlbHksCidUaGFuIG9sZCBWaXJnaW5ueSwgdGhlIHN0YXRlIHdoZXJlIEkgd2FzIGJvcm4u,,,,,W0thcmlhbl0KRXUgZmHDp28gYSBjb2xoZWl0YQpwYXJhIGEgbWluaGEgaWdyZWphLApOw6NvIGjDoSBsdWdhcgptYWlzIHF1ZW50ZSBkbyBxdWUgb25kZQpldSBmdWkgY3JpYWRvLg==,,W0thcmlhbl0KJydBbGzDrSBlcyBkb25kZSB0cmFiYWrDqSB0YW50byBwYXJhIGVsIHZpZWpvIGFtby4KRMOtYSB0cmFzIGTDrWEgZW4gZWwgY2FtcG8gZGUgbWHDrXogYW1hcmlsbG8uCk5vIGhheSBvdHJvIGx1Z2FyIGVuIGxhIHRpZXJyYSBxdWUgYW1lIGNvbiB0YW50YSBzaW5jZXJpZGFkLgpMYSB2aWVqYSBWaXJnaW5ueSwgZWwgZXN0YWRvIGRvbmRlIG5hY8OtLg==
1IfiAg,,W0thcmlhbl0KJydDYXJyeSBtZSBiYWNrIGhvbWUgdG8gb2xkIFZpcmdpbm55LgonJ1RoZXJlIGxldCBtZSBsaXZlICd0aWxsIEkgd2l0aGVyIGFuZCBkZWNheSwKJydMb25nIGJ5IHRoZSBvbGQgRGlzbWFsIFN3YW1wIGhhdmUgSSB3YW5kZXJlZCwKJydUaGVyZSdzIHdoZXJlIHRoaXMgb2xkIGRhcmtpZXMnIGxpZmUgYW0gcGFzc2VkIGF3YXku,,,,,W0thcmlhbl0KRGVpeGUtbWUgdm9sdGFyIHBhcmEgYSBtaW5oYSBjaWRhZGUgbmF0YWwKRGVpeGUtbWUgYnJpbmNhciBubyBsYWdvIGF0w6kgZXUgbW9ycmVyLgpFdSBkZXNjYW5zZWkKbm8gZmluYWwgZGEgbWluaGEgdmlkYS4=,,W0thcmlhbl0KTGzDqXZhbWUgZGUgdnVlbHRhIGEgY2FzYSwgYSBsYSB2aWVqYSBWaXJnaW5ueS4KQWxsw60gZMOpamFtZSB2aXZpciBoYXN0YSBxdWUgbWUgbWFyY2hpdGUgeSBtZSBwdWRyYS4KTXVjaG8gdGllbXBvIGhlIHZhZ2FkbyBwb3IgZWwgdmllam8gUGFudGFubyBsw7pndWJyZS4KQWxsw60gZXMgZG9uZGUgbGEgdmlkYSBkZSBlc3RlIHZpZWpvIG1vcmVubyBoYSBwYXNhZG8u
1YfiAg,,W0thcmlhbl0KJydNYXNzYSBhbmQgbWlzc2VzLAonJ2hhdmUgbG9uZyBnb25lIGJlZm9yZSBtZSwKJydTb29uIHdlIHdpbGwgbWVldCBvbiB0aGF0IGJyaWdodCBhbmQgZ29sZGVuIHNob3JlLgonJ1RoZXJlIHdlJ2xsLi4uJyc=,,,,,W0thcmlhbl0KT25kZSBlc3TDo28gTWlzYSBlIE1hc2EuCkVsZXMgasOhIGZvcmFtIHBhcmEgYSBtb250YW5oYSBicmlsaGFudGUgY2hlaWEgZGUgbGliZXJkYWRlIGUgcHJhemVyLgpFdSBxdWVybyBpciBwYXJhIGzDoSBlbSBicmV2ZS4=,,W0thcmlhbl0KTWlzIGFudGlndW9zIGFtb3MKc2UgZnVlcm9uIG11Y2hvIGFudGVzIHF1ZSB5by4KUHJvbnRvIG5vcyBlbmNvbnRyYXJlbW9zIGVuIGVzYSBvcmlsbGEgYnJpbGxhbnRlIHkgZG9yYWRhLgpBbGzDrSB2YW1vcy4uLi4=
1ofiAg,,W0thcmlhbl0KSGUgdXNlZCB0byBzaW5nIG1lIHRoaXMgc29uZyBhbGwgdGhlIHRpbWUuLi4KYnV0IG5vIG1vcmUu,,,,,W0thcmlhbl0Kw4kgdW1hIGNhbsOnw6NvIHF1ZSBtZXUgYW1pZ28gc2VtcHJlIGNhbnRhdmEgcGFyYSBtaW0uCkZheiBtdWl0byB0ZW1wbyBxdWUgZXUgbsOjbyBhIGNhbnRvLg==,,W0thcmlhbl0KU29sw61hIGNhbnRhcm1lIGVzdGEgY2FuY2nDs24gdG9kbyBlbCB0aWVtcG8uLi4KcGVybyB5YSBubyBtw6FzLg==
14fiAg,,W0thcmlhbl0KTm93LCBzaGFsbCB3ZSBnbyBiYWNrIHRvIFByb250ZXJhPw==,,,,,W0thcmlhbl0KUG9yIHF1ZSBuw6NvIHZvbHRhbW9zIHBhcmEgUHJvbnRlcmE/,,W0thcmlhbl0KQnVlbm8sIMK/dm9sdmVtb3MgYSBQcm9udGVyYT8=
2IfiAg,,W0thcmlhbl0KSSBzdGlsbCBjYW4ndCBmb3JnZXQgdGhlIGV4Y2l0ZW1lbnQgYW5kIHByaWRlIEkgZmVsdCB3aGVuZXZlciBteSBmcmllbmQgYW5kIEkgcmV0dXJuZWQgdG8gUHJvbnRlcmEgYWZ0ZXIgYSBsb25nIGpvdXJuZXkgdG9nZXRoZXIu,,,,,W0thcmlhbl0KTsOjbyBwb3NzbyBtZSBsaXZyYXIgZGFzIG1lbcOzcmlhcyBxdWUgbWUgaW1wcmVzc2lvbmFyYW0gcXVhbmRvIGVudHJlaSBwZWxvcyBwb3J0w7VlcyBkZSBQcm9udGVyYS4=,,W0thcmlhbl0KQcO6biBubyBwdWVkbyBvbHZpZGFyIGxhIGVtb2Npw7NuIHkgZWwgb3JndWxsbyBxdWUgc2VudMOtYSBjYWRhIHZleiBxdWUgbWkgYW1pZ28geSB5byB2b2x2w61hbW9zIGEgUHJvbnRlcmEgZGVzcHXDqXMgZGUgdW4gbGFyZ28gdmlhamUganVudG9zLg==
2YfiAg,,W0thcmlhbl0KRmluYWxseSwgSSdtIGJhY2sKdG8gUHJvbnRlcmEuLi4=,,,,,W0thcmlhbl0KVm9jw6ogdm9sdG91CnBhcmEgUHJvbnRlcmEuLi4=,,W0thcmlhbl0KUG9yIGZpbiwgcmVncmVzw6kKYSBQcm9udGVyYS4uLg==
2ofiAg,,W0thcmlhbl0KQWgsIEknbSBleGhhdXN0ZWQuCkkgY2FuJ3Qgd2FpdCB0byBnbyBiYWNrIGhvbWUgYW5kIHJlc3QuCnswfSwgY29tZSB0aGlzIHdheS4=,,,,,W0thcmlhbl0KRXN0b3UgdMOjbyBjYW5zYWRvLgpRdWVybyBkZXNjYW5zYXJ+ClZlbmhhIGFxdWksIHswfS4=,,W0thcmlhbl0KQWgsIGVzdG95IGFnb3RhZG8uCkVzdG95IGRlc2VhbmRvIHZvbHZlciBhIGNhc2EgeSBkZXNjYW5zYXIuCnswfSwgdmVuIHBvciBhcXXDrS4=
24fiAg,,JydDYXJyeSBtZSBiYWNrIGhvbWUgdG8gb2xkIFZpcmdpbm55Lg==,,,,,LURlaXhlLW1lIHZvbHRhciBwYXJhIGEgbWluaGEgY2lkYWRlIG5hdGFsLQ==,,TGzDqXZhbWUgZGUgdnVlbHRhIGEgY2FzYSwgYSBsYSB2aWVqYSBWaXJnaW5ueS4=
3IfiAg,,JydUaGVyZSdzIHdoZXJlIHRoZSBjb3R0b24gYW5kIHRoZSBjb3JuIGFuZCB0YXRlcnMgZ3JvdywnJw==,,,,,LUjDoSBtdWl0YXMgZmxvcmVzIGxpbmRhcy0=,,QWxsw60gZXMgZG9uZGUgY3JlY2VuIGVsIGFsZ29kw7NuLCBlbCBtYcOteiB5IGxhcyBwYXRhdGFzLg==
3YfiAg,,JydUaGVyZSdzIHdoZXJlIHRoZSBiaXJkcyB3YXJibGUgc3dlZXQgaW4gdGhlIHNwcmluZyB0aW1lLCcn,,,,,LU9zIHDDoXNzYXJvcyBjYW50YW0gcGFyYSBtaW0t,,QWxsw60gZXMgZG9uZGUgbG9zIHDDoWphcm9zIHRyaW5hbiBkdWxjZW1lbnRlIGVuIHByaW1hdmVyYS4=
3ofiAg,,JydUaGVyZSdzIHdoZXJlIHRoZSBkYXJrZXkncyBoZWFydCBhbSBsb25nZWQgdG8gZ28uJyc=,,,,,LcOpIGVzc2EgdmVsaGEgY2lkYWRlLi0=,,QWxsw60gZXMgZG9uZGUgZWwgY29yYXrDs24gZGVsIG1vcmVuaXRvIGFuaGVsYWJhIGlyLg==
34fiAg,,W0thcmlhbl0KSGV5LCBkbyB5b3Uga25vdyB5b3Ugc3RpbGwgaGF2ZSBzb21lIFNraWxsIFBvaW50cyBsZWZ0PwpZb3UnZCBiZXR0ZXIgc3BlbmQgdGhlbSBhbGwu,,,,,W0thcmlhbl0KQWghIFZvY8OqIHNhYmlhIHF1ZSBhaW5kYSB0ZW0gcG9udG9zIGRlIGhhYmlsaWRhZGU/CkN1aWRlIGRpc3NvIHJhcGlkYW1lbnRlLg==,,W0thcmlhbl0KT3llLCDCv3NhYmVzIHF1ZSBhw7puIHRlIHF1ZWRhbiBwdW50b3MgZGUgaGFiaWxpZGFkPwpTZXLDoSBtZWpvciBxdWUgbG9zIGdhc3RlcyB0b2Rvcy4=
4IfiAg,,V2UndmUgYWNjdW11bGF0ZWQgc28gbXVjaCBzdHVmZiB3aGlsZSB0cmF2ZWxpbmcuIExldCdzIGxpZ2h0ZW4gb3VyIGJhZ3MgYXQgdGhlIHN0b3JhZ2UgZmlyc3Qu,,,,,RW5xdWFudG8gdm9jw6ogZXN0w6EgdmlhamFuZG8sIHZvY8OqIGdhbmhhIG11aXRhcyBjb2lzYXMuIFNlIGxpdnJlIGRlbGFzIGFudGVzIGRlIGNvbnRpbnVhci4=,,QWN1bXVsYW1vcyBtdWNoYXMgY29zYXMgbWllbnRyYXMgdmlhasOhYmFtb3MuIEFsaWdlcmVtb3MgcHJpbWVybyBudWVzdHJvcyBib2xzb3MgZW4gZWwgYWxtYWPDqW4u
4YfiAg,,W0thcmlhbl0KSGV5LCB3aGF0IGhhcHBlbmVkIHRvIHlvdXIgTGV2ZWw/CkFyZSB5b3UgZGVnZW5lcmF0aW5nPw==,,,,,W0thcmlhbl0KQWghIFNldSBuw612ZWwgcGFyZWNlIG1lbm9yIGRvIHF1ZSBhbnRlcz8KQ29tbyB2b2PDqiByZWdyZWRpdT8=,,W0thcmlhbl0KT3llLCDCv3F1w6kgbGUgcGFzw7MgYSB0dSBuaXZlbD8Kwr9TZSBlc3TDoSBkZWdlbmVyYW5kbz8=
4ofiAg,,W3swfV0KLSBUaGF0J3MgdGhlIHBvZW0gd3JpdHRlbiBvbiB0aGUgcGFwZXIgSSBmb3VuZCBpbiB0aGUgZGVzZXJ0LiAt,,,,,W3swfV0KLcOJIHVtIHBvZW1hIHF1ZSB2b2PDqiBwZWdvdSBubyBkZXNlcnRvLi0=,,W3swfV0KKEVzZSBlcyBlbCBwb2VtYSBlc2NyaXRvIGVuIGVsIHBhcGVsIHF1ZSBlbmNvbnRyw6kgZW4gZWwgZGVzaWVydG8pLg==
44fiAg,,W3swfV0KLSBIb3cgZG9lcyBLYXJpYW4ga25vdyAtCi0gdGhhdCBzb25nLCB3aGljaCBJIHRob3VnaHQgd2FzIGEgcG9lbT8gLQ==,,,,,W3swfV0KLUNvbW8gS2FyaWFuIHNhYmUtCi1xdWUgZXNzYSBtw7pzaWNhIG7Do28gw6kgdW0gcG9lbWE/LQ==,,W3swfV0KKMK/Q8OzbW8gc2FiZSBLYXJpYW4KZXNhIGNhbmNpw7NuLCBxdWUgeW8gY3Jlw61hIHF1ZSBlcmEgdW4gcG9lbWE/KS4=
5IfiAg,,W0thcmlhbl0KV2h5IGFyZSB5b3Ugc3RhcmluZyBhdCBtZT8KU2F5LCBkaWQgeW91IGVuam95IG91ciBqb3VybmV5IHRvZ2V0aGVyPw==,,,,,W0thcmlhbl0KUG9yIHF1ZSBlc3TDoSBvbGhhbmRvIHBhcmEgbWltPwpDb21vIGZvaT8gU2UgZGl2ZXJ0aXU/,,W0thcmlhbl0Kwr9Qb3IgcXXDqSBtZSBlc3TDoXMgbWlyYW5kbz8KRGltZSwgwr9kaXNmcnV0YXN0ZSBkZSBudWVzdHJvIHZpYWplIGp1bnRvcz8=
5YfiAg,,W0thcmlhbl0KRXJyLCB3aGF0IGhhcHBlbmVkIHRvIHlvdXIgY2xvdGhlcz8KQXJlIHlvdSBkZWdlbmVyYXRpbmc/,,,,,W0thcmlhbl0KQWguLi4gc3VhcyByb3VwYXMuLi4KQ29tbyB2b2PDqiByZWdyZWRpdT8=,,W0thcmlhbl0KRXJyLCDCv3F1w6kgcGFzw7MgY29uIHR1IHJvcGE/CsK/U2UgZXN0w6EgZGVnZW5lcmFuZG8/
5ofiAg,,W0thcmlhbl0KV2h5IGRvbid0IHlvdSBnZXQgb2ZmIHRoYXQgc3RyYW5nZSBhbmltYWwgZmlyc3Q/,,,,,W0thcmlhbl0KUG9yIHF1ZSB2b2PDqiBuw6NvIHNhaSBkZSBjaW1hIGRlc3NlIGFuaW1hbCBlc3RyYW5obyBwcmltZWlybz8=,,W0thcmlhbl0Kwr9Qb3IgcXXDqSBubyB0ZSBiYWphcyBwcmltZXJvIGRlIGVzZSBhbmltYWwgZXh0cmHDsW8/
54fiAg,,W0thcmlhbl0KSSdtIHNvcnJ5IEkgbGllZC4KVGhhdCBwYXBlciB3aXRoIHRoaXMgc29uZydzIGx5cmljcyBvbiBpdC4=,,,,,W0thcmlhbl0KTWUgZGVzY3VscGUgcGVsYSBtZW50aXJhLgpBIG3DunNpY2EgZXNjcml0YSBuZXNzZSBwYXBlbC4uLg==,,W0thcmlhbl0KU2llbnRvIGhhYmVyIG1lbnRpZG8uCkVzZSBwYXBlbCBjb24gbGEgbGV0cmEgZGUgZXN0YSBjYW5jacOzbi4=
6IfiAg,,W0thcmlhbl0KSXQgd2FzIHRoZSBsYXN0IHRoaW5nIG15IGJlc3QgZnJpZW5kIGhhZCBsZWZ0IGJlaGluZC4gSSByZWFsbHkgd2FudGVkIHRvIGZpbmQgaXQsCmJ1dCBJIGNvdWxkbid0IGhhdmUgZG9uZSBpdCB3aXRob3V0IHlvdS4=,,,,,W0thcmlhbl0KRXUgcmVhbG1lbnRlIHF1ZXJvIGVuY29udHJhciBvIGFydGlnbyBkZSBtZXUgYW1pZ28gZGVpeGFkbyBwYXJhIHRyw6FzLgpOw6NvIGNvbnNlZ3VpIGFjaGFyIHNvemluaG8u,,W0thcmlhbl0KRnVlIGxvIMO6bHRpbW8gcXVlIGRlasOzIG1pIG1lam9yIGFtaWdvLiBUZW7DrWEgbXVjaGFzIGdhbmFzIGRlIGVuY29udHJhcmxvLApwZXJvIG5vIHBvZHLDrWEgaGFiZXJsbyBoZWNobyBzaW4gdGku
6YfiAg,,W0thcmlhbl0KRXZlbiB0aG91Z2ggSSB3cm90ZSBpdCwgaXQgd2FzIGhpcyBvbmNlIEkgZ2F2ZSBpdCB0byBoaW0u,,,,,W0thcmlhbl0KRXUgbyBkZWkgcGFyYSBvIG1ldSBhbWlnbywgbWFzIGVsZSBvIGd1YXJkb3UgYmVtLg==,,W0thcmlhbl0KQXVucXVlIGxvIGVzY3JpYsOtIHlvLCBmdWUgc3V5byBjdWFuZG8gc2UgbG8gZGku
6ofiAg,,W3swfV0KWW91IHdyb3RlIGl0PwpXYWl0LCBzbyB5b3UgbGllZCBhYm91dC4uLj8gTm8uLi4h,,,,,W3swfV0KVm9jw6ogbyBkZXUgcGFyYSBlbGU/CkVzcGVyZSB1bSBwb3VjbyEKTWFzIHF1ZW0gw6kgdm9jw6o/,,W3swfV0Kwr9MbyBlc2NyaWJpc3RlIHTDuj8KRXNwZXJhLCDCv2VudG9uY2VzIG1lbnRpc3RlIHNvYnJlLi4uPyDCoU5vLi4uIQ==
64fiAg,,W01hZXN0cm8gU29uZ10KWWVzLCB0aGF0J3MgcmlnaHQuIEknbSB0aGUgTWFlc3RybyBTb25nLgpTdXJwcmlzZSE=,,,,,W01lbGxvIERpYXNdClNpbSEgU291IG8gJ01lbGxvIERpYXMnPwpFc3TDoSBzdXJwcmVzbyE/,,W01hZXN0cm8gU29uZ10KU8OtLCBhc8OtIGVzLiBTb3kgZWwgbWFlc3RybyBTb25nLgrCoVNvcnByZXNhIQ==
7IfiAg,,W01hZXN0cm8gU29uZ10KUGxlYXNlIHRha2UgdGhpcy4gVGhhbmsgeW91IGZvciBoZWxwaW5nIG1lIGZpbmQgbXkgYmVzdCBmcmllbmQncyBsZWdhY3kgYW5kIGNyZWF0aW5nIG5ldyBnb29kIG1lbW9yaWVzIHdpdGggbWUu,,,,,W01lbGxvIERpYXNdCkVzc2Ugw6kgbyBtZXUgcHJlc2VudGUgcGFyYSB2b2PDqi4=,,W01hZXN0cm8gU29uZ10KUG9yIGZhdm9yLCB0b21hIGVzdG8uIEdyYWNpYXMgcG9yIGF5dWRhcm1lIGEgZW5jb250cmFyIGVsIGxlZ2FkbyBkZSBtaSBtZWpvciBhbWlnbyB5IHBvciBjcmVhciBudWV2b3MgYnVlbm9zIHJlY3VlcmRvcyBjb25taWdvLg==
7YfiAg,,XjAwMDBGRllvdSBoYXZlIHVudXNlZCBTa2lsbCBQb2ludHMuIFBsZWFzZSB1c2UgdGhlbSBhbGwsIGFuZCB0aGVuIHRyeSBhZ2Fpbi5eMDAwMDAw,,,,,W0thcmlhbl0KQWghIFZvY8OqIHNhYmlhIHF1ZSBhaW5kYSB0ZW0gcG9udG9zIGRlIGhhYmlsaWRhZGU/CkN1aWRlIGRpc3NvIHJhcGlkYW1lbnRlLg==,,XjAwMDBGRlRpZW5lcyBwdW50b3MgZGUgaGFiaWxpZGFkIHNpbiB1c2FyLiDDmnNhbG9zIHRvZG9zIHkgdnVlbHZlIGEgaW50ZW50YXJsby5eMDAwMDAw
7ofiAg,,W01hZXN0cm8gU29uZ10KWW91J3JlIGFsc28gbXkgZnJpZW5kIG5vdy4=,,,,,W01lbGxvIERpYXNdClZvY8OqIHRhbWLDqW0gw6kgbWV1IGFtaWdvLg==,,W01hZXN0cm8gU29uZ10KQWhvcmEgdGFtYmnDqW4gZXJlcyBtaSBhbWlnby4=
74fiAg,,W01hZXN0cm8gU29uZ10KRXJyPw==,,,,,W01lbGxvIERpYXNdCkhlaW4/,,W01hZXN0cm8gU29uZ10Kwr9FaD8=
8IfiAg,,W01hZXN0cm8gU29uZ10KQWgsIGl0J3Mgbm90aGluZy4KSSBqdXN0IHdhbnRlZCB0byBnaXZlIHlvdSB0aGlzLgpJIHdhbnRlZCB0byBnaXZlIGl0IHRvIHlvdSBhcyBzb29uIGFzIHlvdSBiZWNhbWUgYSBNYWVzdHJvLCBidXQgaXQgdG9vayBtZSBsb25nZXIgdG8gbWFrZSBpdCB0aGFuIEkgdGhvdWdodC4=,,,,,W01lbGxvIERpYXNdCk7Do28gw6kgZ3JhbmRlIGNvaXNhLgpFdSBjaGFtZWkgcGFyYSBsaGUgZGFyIGlzdG8uClF1ZXJpYSBsaGUgZGFyIGlzc28gYW50ZXMsIG1hcyBkZW1vcmEgbXVpdG8gdGVtcG8uLi4=,,W1Ryb3ZhZG9yIFNvbmddCkFoLCBubyBlcyBuYWRhLgpTb2xvIHF1ZXLDrWEgZGFydGUgZXN0by4KUXVlcsOtYSBkw6FydGVsbyBlbiBjdWFudG8gdGUgY29udmlydGllcmFzIGVuIFRyb2NhZG9yLCBwZXJvIHRhcmTDqSBlbiBoYWNlcmxvIG3DoXMgZGUgbG8gcXVlIHBlbnNhYmEu
8YfiAg,,VGFsay4=,,,,,RmFsYXI=,,SGFibGFyLg==
8ofiAg,,TGVhdmUu,,,,,SXIgRW1ib3JhLg==,,SXJ0ZS4=
84fiAg,,W01hZXN0cm8gU29uZ10KTXkgYWxpYXMsIEthcmlhbj8KTXkgZnJpZW5kIGdhdmUgaXQgdG8gbWUu,,,,,W01lbGxvIERpYXNdCk8gbm9tZSAnS2FyaWFuJz8KRWxlIGRldSBwYXJhIG1pbS4=,,W01hZXN0cm8gU29uZ10Kwr9NaSBhbGlhcywgS2FyaWFuPwpNaSBhbWlnbyBtZSBsbyBkaW8u
9IfiAg,,W01hZXN0cm8gU29uZ10KSGUgc2FpZCBteSBzaW5naW5nIHZvaWNlIG1hZGUgaGltIGZlZWwgd2FybS4KU3VwcG9zZWRseSwga2FyaWFuZ2EgbWVhbnMgd2FybSBhaXIgaW4gaGlzIGxhbmd1YWdlLg==,,,,,W01lbGxvIERpYXNdCkVsZSBkaXNzZSBxdWUgcXVhbmRvIGVsZSBvdXZlIG1pbmhhIGNhbsOnw6NvLCBlbGUgc2VudGUgdW0gY2Fsb3Igbm8gY29yYcOnw6NvLgonS2FsbGlhbmdhJyBzaWduaWZpY2EgYXIgcXVlbnRlLg==,,W01hZXN0cm8gU29uZ10KRGlqbyBxdWUgbWkgdm96IGFsIGNhbnRhciBsZSBkYWJhIGNhbGlkZXouClN1cHVlc3RhbWVudGUsIGthcmlhbmdhIHNpZ25pZmljYSDigJhhaXJlIGNhbGllbnRl4oCZIGVuIHN1IGlkaW9tYS4=
9YfiAg,,W01hZXN0cm8gU29uZ10KSGUgd2Fzbid0IGEgYmFyZCwgYnV0IGhlIGxvdmVkIHNpbmdpbmcu,,,,,W01lbGxvIERpYXNdCkVsZSBnb3N0YSBkZSBjYW50YXIu,,W01hZXN0cm8gU29uZ10Kw4lsIG5vIGVyYSBCYXJkbywgcGVybyBsZSBlbmNhbnRhYmEgY2FudGFyLg==
9ofiAg,,W01hZXN0cm8gU29uZ10KSGUgd2FzIHByZXR0eSBnb29kIGF0IGl0LCB0b28u,,,,,W01lbGxvIERpYXNdCkUgZWxlIHJlYWxtZW50ZSBjYW50YSBiZW0/,,W01hZXN0cm8gU29uZ10KWSBsbyBoYWPDrWEgbXV5IGJpZW4u
94fiAg,,W01hZXN0cm8gU29uZ10KQWgsIGlmIHlvdSBoYXZlIHRpbWUgbGF0ZXIsIHdhbnQgdG8gZ28gdGFrZSBhIHBob3RvIHdpdGggbWUgaW4gSnVubz8=,,,,,W01lbGxvIERpYXNdCkFoISBTZSB2b2PDqiBkaXNzZXIgcXVlIHNpbSwgcXVlcm8gdGlyYXIgdW1hIGZvdG8gY29tIHZvY8OqIGVtIEp1bm8u,,W01hZXN0cm8gU29uZ10KQWgsIHNpIHRpZW5lcyB0aWVtcG8gbcOhcyB0YXJkZSwgwr9xdWllcmVzIGlyIGEgdG9tYXJ0ZSB1bmEgZm90byBjb25taWdvIGEgSnVubz8=
+IfiAg,,W01hZXN0cm8gU29uZ10KSSB3YW50IHlvdXIgbGVnYWMtLUkgbWVhbiwgYSBzb3V2ZW5pci4=,,,,,W01lbGxvIERpYXNdClF1ZXJvIHRlciBhbGdvIHBhcmEgbWUgbGVtYnJhciBkZSB2b2PDqi4=,,W01hZXN0cm8gU29uZ10KUXVpZXJvIHR1IGxlZ2EuLi4gcXVpZXJvIGRlY2lyLCB1biByZWN1ZXJkby4=
+YfiAg,,W01hZXN0cm8gU29uZ10KTm93LCBzZWUgeW91IGFnYWluLgpJIGVuam95ZWQgdHJhdmVsaW5nIHdpdGggeW91Lg==,,,,,W01lbGxvIERpYXNdCkF0w6kgbWFpcy4KRm9pIG11aXRvIGRpdmVydGlkby4=,,W01hZXN0cm8gU29uZ10KSGFzdGEgbHVlZ28uCkRpc2ZydXTDqSB2aWFqYW5kbyBjb250aWdvLg==
+ofiAg,,W0thcmlhbl0KSG93IGRpZCB5b3UgZ2V0IGluIGhlcmU/,,,,,W0thcmlhbl0KQ29tbyB2b2PDqiBjaGVnb3UgYXF1aT8=,,W0thcmlhbl0Kwr9Dw7NtbyBlbnRyYXN0ZT8=
+4fiAg,,LSBZb3UgYXJlIGNhcnJ5aW5nIHRvbyBtYW55IGl0ZW1zIHRvIHByb2NlZWQgd2l0aCB0aGlzIHF1ZXN0LiAt,,,,,LSBWb2PDqiBuw6NvIHBvZGUgcHJvc3NlZ3VpciBjb20gYSBtaXNzw6NvIHBvcnF1ZSB0ZW0gbXVpdG9zIGl0ZW5zLiAt,,LSBMbGV2YXMgZGVtYXNpYWRvcyBvYmpldG9zIHBhcmEgY29udGludWFyIGNvbiBlc3RhIG1pc2nDs24uLQ==
