wKpJCg,,MTAwfjExMCBSZXF1ZXN0IEJ1bGxldGluIEJvYXJk,,,,,TWlzc8O1ZXMgMTAwIC0gMTEw,,TWlzaW9uZXMgMTAwIC0gMTEw
wapJCg,,LSBZb3UgY2Fubm90IHByb2NlZWQgd2l0aCB0aGUgcXVlc3QgYmVjYXVzZSB5b3UgaGF2ZSB0b28gbWFueSBpdGVtcy4gLQ==,,,,,LSBWb2PDqiB0ZW0gaXRlbnMgZGVtYWlzIGUgbsOjbyBwb2RlIHByb3NzZWd1aXIuIC0=,,LU5vIHB1ZWRlcyBzZWd1aXIgY29uIGxhIG1pc2nDs24gcG9ycXVlIHRpZW5lcyBtdWNob3Mgb2JqZXRvcy4t
wqpJCg,,IC0gSW4gb3JkZXIgdG8gcmVjZWl2ZSBhIHJlcXVlc3QgLQogLSBZb3UgbXVzdCBoYXZlIF40RDRERkYnRWRlbiBHcm91cCBNYXJrJ14wMDAwMDAuIC0=,,,,,LSBWb2PDqiBwcmVjaXNhIHRlciAtIAotIG8gXjRENERGRkVtYmxlbWEgZG8gw4lkZW5eMDAwMDAwLiAt,,IC1QYXJhIHJlY2liaXIgdW5hIHNvbGljaXR1ZCwgCiBkZWJlcyB0ZW5lciBsYSBeNEQ0REZGTWFyY2EgZGVsIEdydXBvIGRlbCBFZMOpbl4wMDAwMDAuLSA=
w6pJCg,,WW91IGNhbm5vdCB1c2UgdGhpcyBidWxsZXRpbiBib2FyZCBkdWUgdG8gaW5zdWZmaWNpZW50IGxldmVsLg==,,,,,Vm9jw6ogbsOjbyB0ZW0gbsOtdmVsIHN1ZmljaWVudGUgcGFyYSBlc3NlIHF1YWRybyBkZSBtaXNzw7Vlcy4=,,Tm8gcHVlZGVzIHVzYXIgZXN0ZSB0YWJsw7NuIGRlIGFudW5jaW9zIHBvcnF1ZSBubyB0aWVuZXMgZWwgbml2ZWwgc3VmaWNpZW50ZS4=
xKpJCg,,XjhDOEM4Q05pZ2h0bWFyZSBUZXJyb3IgSHVudGluZyAoSW4gUHJvZ3Jlc3MpXjAwMDAwMA==,,,,,XjhDOEM4QyhFbSBDdXJzbykgRmlsdHJvIGRvcyBTb25ob3NeMDAwMDAw,,XjhDOEM4QyhlbiBjdXJzbykgQ2FjZXLDrWEgZGUgVGVycm9yZXMgbm9jdHVybm9zIF4wMDAwMDA=
xapJCg,,XjhDOEM4Q05pZ2h0bWFyZSBUZXJyb3IgSHVudGluZyAoV2FpdGluZyleMDAwMDAw,,,,,XjhDOEM4QyhFbSBFc3BlcmEpIEZpbHRybyBkb3MgU29uaG9zXjAwMDAwMA==,,XjhDOEM4QyhlbiBlc3BlcmEpIENhY2Vyw61hIGRlIFRlcnJvcmVzIG5vY3R1cm5vcyBeMDAwMDAw
xqpJCg,,TmlnaHRtYXJlIFRlcnJvciBIdW50aW5nIFsxMDBd,,,,,WzEwMF0gRmlsdHJvIGRvcyBTb25ob3M=,,WzEwMF0gQ2FjZXLDrWEgZGUgVGVycm9yZXMgbm9jdHVybm9z
x6pJCg,,XjhDOEM4Q0RlbGV0ZXIgSHVudGluZyAoSW4gUHJvZ3Jlc3MpXjAwMDAwMA==,,,,,XjhDOEM4QyhFbSBDdXJzbykgRHJhZ8O1ZXMgZGUgRm9nb14wMDAwMDA=,,XjhDOEM4QyhlbiBjdXJzbykgQ2FjZXLDrWEgZGUgRGVsZXRlciBeMDAwMDAw
yKpJCg,,XjhDOEM4Q0RlbGV0ZXIgSHVudGluZyAoV2FpdGluZyleMDAwMDAw,,,,,XjhDOEM4QyhFbSBFc3BlcmEpIERyYWfDtWVzIGRlIEZvZ29eMDAwMDAw,,XjhDOEM4QyhlbiBlc3BlcmEpIENhY2Vyw61hIGRlIERlbGV0ZXIgXjAwMDAwMA==
yapJCg,,RGVsZXRlciBIdW50aW5nIFsxMDBd,,,,,WzEwMF0gRHJhZ8O1ZXMgZGUgRm9nbw==,,WzEwMF0gQ2FjZXLDrWEgZGUgRGVsZXRlcg==
yqpJCg,,XjhDOEM4Q0NvbGxlY3QgU29saWRpZmllZCBMYXZhIChJbiBQcm9ncmVzcyleMDAwMDAw,,,,,XjhDOEM4QyhFbSBDdXJzbykgRXN0dWRvIEdlb2zDs2dpY29eMDAwMDAw,,XjhDOEM4QyhlbiBjdXJzbykgUmVjb2xlY3RhciBMYXZhIHNvbGlkaWZpY2FkYSBeMDAwMDAw
y6pJCg,,XjhDOEM4Q0NvbGxlY3QgU29saWRpZmllZCBMYXZhIChXYWl0aW5nKV4wMDAwMDA=,,,,,XjhDOEM4QyhFbSBFc3BlcmEpIEVzdHVkbyBHZW9sw7NnaWNvXjAwMDAwMA==,,XjhDOEM4QyhlbiBlc3BlcmEpIFJlY29sZWN0YXIgTGF2YSBzb2xpZGlmaWNhZGEgXjAwMDAwMA==
zKpJCg,,Q29sbGVjdCBTb2xpZGlmaWVkIExhdmEgWzEwMF0=,,,,,WzEwMF0gRXN0dWRvIEdlb2zDs2dpY28=,,WzEwMF0gUmVjb2xlY3RhciBMYXZhIHNvbGlkaWZpY2FkYQ==
zapJCg,,XjhDOEM4Q1Bvb3IgQ2xvd24gKEluIFByb2dyZXNzKV4wMDAwMDA=,,,,,XjhDOEM4QyhFbSBDdXJzbykgUG9icmUgUGFsaGHDp29eMDAwMDAw,,XjhDOEM4QyhlbiBjdXJzbykgUG9icmUgcGF5YXNvIF4wMDAwMDA=
zqpJCg,,XjhDOEM4Q1Bvb3IgQ2xvd24gKFdhaXRpbmcpXjAwMDAwMA==,,,,,XjhDOEM4QyhFbSBFc3BlcmEpIFBvYnJlIFBhbGhhw6dvXjAwMDAwMA==,,XjhDOEM4QyhlbiBlc3BlcmEpIFBvYnJlIHBheWFzbyBeMDAwMDAw
z6pJCg,,UG9vciBDbG93biBbMTAwXQ==,,,,,WzEwMF0gUG9icmUgUGFsaGHDp28=,,WzEwMF0gUG9icmUgcGF5YXNv
0KpJCg,,XjhDOEM4Q0EgU21hbGwgQnVnIChJbiBQcm9ncmVzcyleMDAwMDAw,,,,,XjhDOEM4QyhFbSBDdXJzbykgTyBNVlAgbWFpcyBGb3J0ZV4wMDAwMDA=,,XjhDOEM4QyhlbiBjdXJzbykgUGVxdWXDsW8gaW5zZWN0byBeMDAwMDAw
0apJCg,,XjhDOEM4Q0EgU21hbGwgQnVnIChXYWl0aW5nKV4wMDAwMDA=,,,,,XjhDOEM4QyhFbSBFc3BlcmEpIE8gTVZQIG1haXMgRm9ydGVeMDAwMDAw,,XjhDOEM4QyhlbiBlc3BlcmEpIFBlcXVlw7FvIGluc2VjdG8gXjAwMDAwMA==
0qpJCg,,QSBTbWFsbCBCdWcgWzEwMF0=,,,,,WzEwMF0gTyBNVlAgbWFpcyBGb3J0ZQ==,,WzEwMF0gUGVxdWXDsW8gaW5zZWN0bw==
06pJCg,,XjhDOEM4Q0lmIHlvdSdyZSBhbGl2ZSwgZ28gdG8gaGVhdmVuIChJbiBQcm9ncmVzcyleMDAwMDAw,,,,,XjhDOEM4QyhFbSBDdXJzbykgTGltcGV6YSBkZSBFc2dvdG9eMDAwMDAw,,XjhDOEM4QyhlbiBjdXJzbykgU2kgc2lndWVzIGNvbiB2aWRhLCB2ZSBhbCBjaWVsbyBeMDAwMDAw
1KpJCg,,XjhDOEM4Q0lmIHlvdSdyZSBhbGl2ZSwgZ28gdG8gaGVhdmVuIChXYWl0aW5nKV4wMDAwMDA=,,,,,XjhDOEM4QyhFbSBFc3BlcmEpIExpbXBlemEgZGUgRXNnb3RvXjAwMDAwMA==,,XjhDOEM4QyhlbiBlc3BlcmEpIFNpIHNpZ3VlcyBjb24gdmlkYSwgdmUgYWwgY2llbG8gXjAwMDAwMA==
1apJCg,,SWYgeW91J3JlIGFsaXZlLCBnbyB0byBoZWF2ZW4gWzEwMF0=,,,,,WzEwMF0gTGltcGV6YSBkZSBFc2dvdG8=,,WzEwMF0gU2kgc2lndWVzIGNvbiB2aWRhLCB2ZSBhbCBjaWVsbw==
1qpJCg,,XjhDOEM4Q05vIERvdWJ0IChJbiBQcm9ncmVzcyleMDAwMDAw,,,,,XjhDOEM4QyhFbSBDdXJzbykgTcOjbyBJbmltaWdhXjAwMDAwMA==,,XjhDOEM4QyhlbiBjdXJzbykgU2luIGR1ZGFzIF4wMDAwMDA=
16pJCg,,XjhDOEM4Q05vIERvdWJ0IChXYWl0aW5nKV4wMDAwMDA=,,,,,XjhDOEM4QyhFbSBFc3BlcmEpIE3Do28gSW5pbWlnYV4wMDAwMDA=,,XjhDOEM4QyhlbiBlc3BlcmEpIFNpbiBkdWRhcyBeMDAwMDAw
2KpJCg,,Tm8gRG91YnQgWzEwMF0=,,,,,WzEwMF0gTcOjbyBJbmltaWdh,,WzEwMF0gU2luIGR1ZGFz
2apJCg,,XjhDOEM4Q0RlbGljaW91cyBQb29yIFNvdWwgKEluIFByb2dyZXNzKV4wMDAwMDA=,,,,,XjhDOEM4QyhFbSBDdXJzbykgVG91cm8gVmFsZW50ZV4wMDAwMDA=,,XjhDOEM4QyhlbiBjdXJzbykgUG9icmUgeSBkZWxpY2lvc2EgYWxtYSBeMDAwMDAw
2qpJCg,,XjhDOEM4Q0RlbGljaW91cyBQb29yIFNvdWwgKFdhaXRpbmcpXjAwMDAwMA==,,,,,XjhDOEM4QyhFbSBFc3BlcmEpIFRvdXJvIFZhbGVudGVeMDAwMDAw,,XjhDOEM4QyhlbiBlc3BlcmEpIFBvYnJlIHkgZGVsaWNpb3NhIGFsbWEgXjAwMDAwMA==
26pJCg,,RGVsaWNpb3VzIFBvb3IgU291bCBbMTAwXQ==,,,,,WzEwMF0gVG91cm8gVmFsZW50ZQ==,,WzEwMF0gUG9icmUgeSBkZWxpY2lvc2EgYWxtYQ==
3KpJCg,,XjhDOEM4Q0dpcmwgd2l0aCBMZWF2ZXMgKEluIFByb2dyZXNzKV4wMDAwMDA=,,,,,XjhDOEM4QyhFbSBDdXJzbykgTWVuaW5hIGRhcyBGbG9yZXNeMDAwMDAw,,XjhDOEM4QyhlbiBjdXJzbykgQ2hpY2EgY29uIGhvamFzIF4wMDAwMDA=
3apJCg,,XjhDOEM4Q0dpcmwgd2l0aCBMZWF2ZXMgKFdhaXRpbmcpXjAwMDAwMA==,,,,,XjhDOEM4QyhFbSBFc3BlcmEpIE1lbmluYSBkYXMgRmxvcmVzXjAwMDAwMA==,,XjhDOEM4QyhlbiBlc3BlcmEpIENoaWNhIGNvbiBob2phcyBeMDAwMDAw
3qpJCg,,R2lybCB3aXRoIExlYXZlcyBbMTAwXQ==,,,,,WzEwMF0gTWVuaW5hIGRhcyBGbG9yZXM=,,WzEwMF0gQ2hpY2EgY29uIGhvamFz
36pJCg,,XjhDOEM4Q0VsZWN0cmlmeWluZyBCZWF1dHkgKEluIFByb2dyZXNzKV4wMDAwMDA=,,,,,XjhDOEM4QyhFbSBDdXJzbykgQnJpbGhvIEZhdGFsXjAwMDAwMA==,,XjhDOEM4QyhlbiBjdXJzbykgQmVsbGV6YSBlbGVjdHJpemFudGUgXjAwMDAwMA==
4KpJCg,,XjhDOEM4Q0VsZWN0cmlmeWluZyBCZWF1dHkgKFdhaXRpbmcpXjAwMDAwMA==,,,,,XjhDOEM4QyhFbSBFc3BlcmEpIEJyaWxobyBGYXRhbF4wMDAwMDA=,,XjhDOEM4QyhlbiBlc3BlcmEpIEJlbGxlemEgZWxlY3RyaXphbnRlIF4wMDAwMDA=
4apJCg,,RWxlY3RyaWZ5aW5nIEJlYXV0eSBbMTAwXQ==,,,,,WzEwMF0gQnJpbGhvIEZhdGFs,,WzEwMF0gQmVsbGV6YSBlbGVjdHJpemFudGU=
4qpJCg,,XjhDOEM4Q0tpbmcgb2YgdGhlIE90aGVyd29ybGQgKEluIFByb2dyZXNzKV4wMDAwMDA=,,,,,XjhDOEM4QyhFbSBDdXJzbykgUmVpIGRvIE5vdm8gTXVuZG9eMDAwMDAw,,XjhDOEM4QyhlbiBjdXJzbykgUmV5IGRlbCBvdHJvIG11bmRvIF4wMDAwMDA=
46pJCg,,XjhDOEM4Q0tpbmcgb2YgdGhlIE90aGVyd29ybGQgKFdhaXRpbmcpXjAwMDAwMA==,,,,,XjhDOEM4QyhFbSBFc3BlcmEpIFJlaSBkbyBOb3ZvIE11bmRvXjAwMDAwMA==,,XjhDOEM4QyhlbiBlc3BlcmEpIFJleSBkZWwgb3RybyBtdW5kbyBeMDAwMDAw
5KpJCg,,S2luZyBvZiB0aGUgT3RoZXJ3b3JsZCBbMTAwXQ==,,,,,WzEwMF0gUmVpIGRvIE5vdm8gTXVuZG8=,,WzEwMF0gUmV5IGRlbCBvdHJvIG11bmRv
5apJCg,,XjhDOEM4Q0dyYXNzbGFuZCBCcmF3bCAtIEtvYm9sZCBFZGl0aW9uIChJbiBQcm9ncmVzcyleMDAwMDAw,,,,,XjhDOEM4QyhFbSBDdXJzbykgVmlsYXJlam8gZG9zIEtvYm9sZHNeMDAwMDAw,,XjhDOEM4QyhlbiBjdXJzbykgQ29udGllbmRhIGVuIGxhIHByYWRlcmE6IGVkaWNpw7NuIEtvYm9sZCBeMDAwMDAw
5qpJCg,,XjhDOEM4Q0dyYXNzbGFuZCBCcmF3bCAtIEtvYm9sZCBFZGl0aW9uIChXYWl0aW5nKV4wMDAwMDA=,,,,,XjhDOEM4QyhFbSBFc3BlcmEpIFZpbGFyZWpvIGRvcyBLb2JvbGRzXjAwMDAwMA==,,XjhDOEM4QyhlbiBlc3BlcmEpIENvbnRpZW5kYSBlbiBsYSBwcmFkZXJhOiBlZGljacOzbiBLb2JvbGQgXjAwMDAwMA==
56pJCg,,R3Jhc3NsYW5kIEJyYXdsIC0gS29ib2xkIEVkaXRpb24gWzEwMF0=,,,,,WzEwMF0gVmlsYXJlam8gZG9zIEtvYm9sZHM=,,WzEwMF0gQ29udGllbmRhIGVuIGxhIHByYWRlcmE6IGVkaWNpw7NuIEtvYm9sZA==
6KpJCg,,XjhDOEM4Q0dyYXNzbGFuZCBCcmF3bCAtIEhpbGwgV2luZCBFZGl0aW9uIChJbiBQcm9ncmVzcyleMDAwMDAw,,,,,XjhDOEM4QyhFbSBDdXJzbykgVmlsYSBkYSBDb2xpbmFeMDAwMDAw,,XjhDOEM4QyhlbiBjdXJzbykgQ29udGllbmRhIGVuIGxhIHByYWRlcmE6IGVkaWNpw7NuIFZpZW50byBkZSBsYSBjb2xpbmEgXjAwMDAwMA==
6apJCg,,XjhDOEM4Q0dyYXNzbGFuZCBCcmF3bCAtIEhpbGwgV2luZCBFZGl0aW9uIChXYWl0aW5nKV4wMDAwMDA=,,,,,XjhDOEM4QyhFbSBFc3BlcmEpIFZpbGEgZGEgQ29saW5hXjAwMDAwMA==,,XjhDOEM4QyhlbiBlc3BlcmEpIENvbnRpZW5kYSBlbiBsYSBwcmFkZXJhOiBlZGljacOzbiBWaWVudG8gZGUgbGEgY29saW5hIF4wMDAwMDA=
6qpJCg,,R3Jhc3NsYW5kIEJyYXdsIC0gSGlsbCBXaW5kIEVkaXRpb24gWzEwMF0=,,,,,WzEwMF0gVmlsYSBkYSBDb2xpbmE=,,WzEwMF0gQ29udGllbmRhIGVuIGxhIHByYWRlcmE6IGVkaWNpw7NuIFZpZW50byBkZSBsYSBjb2xpbmE=
66pJCg,,XjhDOEM4Q0NvbGxlY3QgR29vZCBGdXIgKEluIFByb2dyZXNzKV4wMDAwMDA=,,,,,XjhDOEM4QyhFbSBDdXJzbykgUGVsb3MgZGUgQ2FjaG9ycm9eMDAwMDAw,,XjhDOEM4QyhlbiBjdXJzbykgUmVjb2xlY3RhciBQaWVsZXMgZGUgY2FsaWRhZCBeMDAwMDAw
7KpJCg,,XjhDOEM4Q0NvbGxlY3QgR29vZCBGdXIgKFdhaXRpbmcpXjAwMDAwMA==,,,,,XjhDOEM4QyhFbSBFc3BlcmEpIFBlbG9zIGRlIENhY2hvcnJvXjAwMDAwMA==,,XjhDOEM4QyhlbiBlc3BlcmEpIFJlY29sZWN0YXIgUGllbGVzIGRlIGNhbGlkYWQgXjAwMDAwMA==
7apJCg,,Q29sbGVjdCBHb29kIEZ1ciBbMTAwXQ==,,,,,WzEwMF0gUGVsb3MgZGUgQ2FjaG9ycm8=,,WzEwMF0gUmVjb2xlY3RhciBQaWVsZXMgZGUgY2FsaWRhZA==
7qpJCg,,XjhDOEM4Q1dlZWQgV2FyIChJbiBQcm9ncmVzcyleMDAwMDAw,,,,,XjhDOEM4QyhFbSBDdXJzbykgR3VlcnJhIGNvbnRyYSBhcyBQbGFudGFzXjAwMDAwMA==,,XjhDOEM4QyhlbiBjdXJzbykgR3VlcnJhIGRlIG1hbGFzIGhpZXJiYXMgXjAwMDAwMA==
76pJCg,,XjhDOEM4Q1dlZWQgV2FyIChXYWl0aW5nKV4wMDAwMDA=,,,,,XjhDOEM4QyhFbSBFc3BlcmEpIEd1ZXJyYSBjb250cmEgYXMgUGxhbnRhc14wMDAwMDA=,,XjhDOEM4QyhlbiBlc3BlcmEpIEd1ZXJyYSBkZSBtYWxhcyBoaWVyYmFzIF4wMDAwMDA=
8KpJCg,,V2VlZCBXYXIgWzEwMF0=,,,,,WzEwMF0gR3VlcnJhIGNvbnRyYSBhcyBQbGFudGFz,,WzEwMF0gR3VlcnJhIGRlIG1hbGFzIGhpZXJiYXM=
8apJCg,,XjhDOEM4Q1ZvbGNhbmljIE11dGF0aW9uIChJbiBQcm9ncmVzcyleMDAwMDAw,,,,,XjhDOEM4QyhFbSBDdXJzbykgTXV0YcOnw6NvIFZ1bGPDom5pY2FeMDAwMDAw,,XjhDOEM4QyhlbiBjdXJzbykgTXV0YWNpw7NuIHZvbGPDoW5pY2EgXjAwMDAwMA==
8qpJCg,,XjhDOEM4Q1ZvbGNhbmljIE11dGF0aW9uIChXYWl0aW5nKV4wMDAwMDA=,,,,,XjhDOEM4QyhFbSBFc3BlcmEpIE11dGHDp8OjbyBWdWxjw6JuaWNhXjAwMDAwMA==,,XjhDOEM4QyhlbiBlc3BlcmEpIE11dGFjacOzbiB2b2xjw6FuaWNhIF4wMDAwMDA=
86pJCg,,Vm9sY2FuaWMgTXV0YXRpb24gWzEwMF0=,,,,,WzEwMF0gTXV0YcOnw6NvIFZ1bGPDom5pY2E=,,WzEwMF0gTXV0YWNpw7NuIHZvbGPDoW5pY2E=
9KpJCg,,XjhDOEM4Q0dyYXNzbGFuZCBCcmF3bCAtIERlc2VydCBXb2xmIEVkaXRpb24gKEluIFByb2dyZXNzKV4wMDAwMDA=,,,,,XjhDOEM4QyhFbSBDdXJzbykgQWxjYXRlaWEgbm8gRGVzZXJ0b14wMDAwMDA=,,XjhDOEM4QyhlbiBjdXJzbykgQ29udGllbmRhIGVuIGxhIHByYWRlcmE6IGVkaWNpw7NuIExvYm8gZGVsIGRlc2llcnRvIF4wMDAwMDA=
9apJCg,,XjhDOEM4Q0dyYXNzbGFuZCBCcmF3bCAtIERlc2VydCBXb2xmIEVkaXRpb24gKFdhaXRpbmcpXjAwMDAwMA==,,,,,XjhDOEM4QyhFbSBFc3BlcmEpIEFsY2F0ZWlhIG5vIERlc2VydG9eMDAwMDAw,,XjhDOEM4QyhlbiBlc3BlcmEpIENvbnRpZW5kYSBlbiBsYSBwcmFkZXJhOiBlZGljacOzbiBMb2JvIGRlbCBkZXNpZXJ0byBeMDAwMDAw
9qpJCg,,R3Jhc3NsYW5kIEJyYXdsIC0gRGVzZXJ0IFdvbGYgRWRpdGlvbiBbMTAwXQ==,,,,,WzEwMF0gQWxjYXRlaWEgbm8gRGVzZXJ0bw==,,WzEwMF0gQ29udGllbmRhIGVuIGxhIHByYWRlcmE6IGVkaWNpw7NuIExvYm8gZGVsIGRlc2llcnRv
96pJCg,,XjhDOEM4Q0NvbGQgaGVhcnQsIGNvb2wgY3Vpc2luZSAoSW4gUHJvZ3Jlc3MpXjAwMDAwMA==,,,,,XjhDOEM4QyhFbSBDdXJzbykgTWluaGFzIEJlYmlkYXMgR2VsYWRhc14wMDAwMDA=,,XjhDOEM4QyhlbiBjdXJzbykgQ29yYXpvbmVzIGZyw61vcywgY29jaW5hIGZyZXNjYSBeMDAwMDAw
+KpJCg,,XjhDOEM4Q0NvbGQgaGVhcnQsIGNvb2wgY3Vpc2luZSAoV2FpdGluZyleMDAwMDAw,,,,,XjhDOEM4QyhFbSBFc3BlcmEpIE1pbmhhcyBCZWJpZGFzIEdlbGFkYXNeMDAwMDAw,,XjhDOEM4QyhlbiBlc3BlcmEpIENvcmF6b25lcyBmcsOtb3MsIGNvY2luYSBmcmVzY2EgXjAwMDAwMA==
+apJCg,,Q29sZCBoZWFydCwgY29vbCBjdWlzaW5lIFsxMDBd,,,,,WzEwMF0gTWluaGFzIEJlYmlkYXMgR2VsYWRhcw==,,WzEwMF0gQ29yYXpvbmVzIGZyw61vcywgY29jaW5hIGZyZXNjYQ==
+qpJCg,,XjhDOEM4Q1lldGkgd2hvIGNhbid0IGNvbW11bmljYXRlIChJbiBQcm9ncmVzcyleMDAwMDAw,,,,,XjhDOEM4QyhFbSBDdXJzbykgTW9uc3RybyBkYXMgTmV2ZXNeMDAwMDAw,,XjhDOEM4QyhlbiBjdXJzbykgWWV0aSBxdWUgbm8gcHVlZGUgY29tdW5pY2Fyc2UgXjAwMDAwMA==
+6pJCg,,XjhDOEM4Q1lldGkgd2hvIGNhbid0IGNvbW11bmljYXRlIChXYWl0aW5nKV4wMDAwMDA=,,,,,XjhDOEM4QyhFbSBFc3BlcmEpIE1vbnN0cm8gZGFzIE5ldmVzXjAwMDAwMA==,,XjhDOEM4QyhlbiBlc3BlcmEpIFlldGkgcXVlIG5vIHB1ZWRlIGNvbXVuaWNhcnNlIF4wMDAwMDA=
/KpJCg,,WWV0aSB3aG8gY2FuJ3QgY29tbXVuaWNhdGUgWzEwMF0=,,,,,WzEwMF0gTW9uc3RybyBkYXMgTmV2ZXM=,,WzEwMF0gWWV0aSBxdWUgbm8gcHVlZGUgY29tdW5pY2Fyc2U=
/apJCg,,XjhDOEM4Q0hvdyBoYXJkIGFyZSBpY2UgY3J5c3RhbHM/IChJbiBQcm9ncmVzcyleMDAwMDAw,,,,,XjhDOEM4QyhFbSBDdXJzbykgQ3Jpc3RhaXMgc8OjbyBEdXJvcz9eMDAwMDAw,,XjhDOEM4QyhlbiBjdXJzbykgwr9RdcOpIGR1cmV6YSB0aWVuZW4gbG9zIGNyaXN0YWxlcyBkZSBoaWVsbz8gXjAwMDAwMA==
/qpJCg,,XjhDOEM4Q0hvdyBoYXJkIGFyZSBpY2UgY3J5c3RhbHM/IChXYWl0aW5nKV4wMDAwMDA=,,,,,XjhDOEM4QyhFbSBFc3BlcmEpIENyaXN0YWlzIHPDo28gRHVyb3M/XjAwMDAwMA==,,XjhDOEM4QyhlbiBlc3BlcmEpIMK/UXXDqSBkdXJlemEgdGllbmVuIGxvcyBjcmlzdGFsZXMgZGUgaGllbG8/IF4wMDAwMDA=
/6pJCg,,SG93IGhhcmQgYXJlIGljZSBjcnlzdGFscz8gWzEwMF0=,,,,,WzEwMF0gQ3Jpc3RhaXMgc8OjbyBEdXJvcz8=,,WzEwMF0gwr9RdcOpIGR1cmV6YSB0aWVuZW4gbG9zIGNyaXN0YWxlcyBkZSBoaWVsbz8=
AKtJCg,,XjhDOEM4Q0luc2lkZSBNaW1pYydzIEJveCAoSW4gUHJvZ3Jlc3MpXjAwMDAwMA==,,,,,XjhDOEM4QyhFbSBDdXJzbykgVW1hIENhaXhhIFZpdmFeMDAwMDAw,,XjhDOEM4QyhlbiBjdXJzbykgRGVudHJvIGRlIGxhIGNhamEgZGVsIE3DrW1pY28gXjAwMDAwMA==
AatJCg,,XjhDOEM4Q0luc2lkZSBNaW1pYydzIEJveCAoV2FpdGluZyleMDAwMDAw,,,,,XjhDOEM4QyhFbSBFc3BlcmEpIFVtYSBDYWl4YSBWaXZhXjAwMDAwMA==,,XjhDOEM4QyhlbiBlc3BlcmEpIERlbnRybyBkZSBsYSBjYWphIGRlbCBNw61taWNvIF4wMDAwMDA=
AqtJCg,,SW5zaWRlIE1pbWljJ3MgQm94IFsxMTBd,,,,,WzExMF0gVW1hIENhaXhhIFZpdmE=,,WzExMF0gRGVudHJvIGRlIGxhIGNhamEgZGVsIE3DrW1pY28=
A6tJCg,,XjhDOEM4Q0Zsb2F0aW5nIE9sZCBXaXNkb20gKEluIFByb2dyZXNzKV4wMDAwMDA=,,,,,XjhDOEM4QyhFbSBDdXJzbykgUGFsYXZyYXMgYW8gVmVudG9eMDAwMDAw,,XjhDOEM4QyhlbiBjdXJzbykgQW50aWd1YSBzYWJpZHVyw61hIGZsb3RhbnRlIF4wMDAwMDA=
BKtJCg,,XjhDOEM4Q0Zsb2F0aW5nIE9sZCBXaXNkb20gKFdhaXRpbmcpXjAwMDAwMA==,,,,,XjhDOEM4QyhFbSBFc3BlcmEpIFBhbGF2cmFzIGFvIFZlbnRvXjAwMDAwMA==,,XjhDOEM4QyhlbiBlc3BlcmEpIEFudGlndWEgc2FiaWR1csOtYSBmbG90YW50ZSBeMDAwMDAw
BatJCg,,RmxvYXRpbmcgT2xkIFdpc2RvbSBbMTEwXQ==,,,,,WzExMF0gUGFsYXZyYXMgYW8gVmVudG8=,,WzExMF0gQW50aWd1YSBzYWJpZHVyw61hIGZsb3RhbnRl
BqtJCg,,XjhDOEM4Q0Jhcm9uIG9mIE9sZCBDYXN0bGUgKEluIFByb2dyZXNzKV4wMDAwMDA=,,,,,XjhDOEM4QyhFbSBDdXJzbykgQmFyw6NvIGRvIFJlaW5vXjAwMDAwMA==,,XjhDOEM4QyhlbiBjdXJzbykgQmFyw7NuIGRlbCBjYXN0aWxsbyBhbmNlc3RyYWwgXjAwMDAwMA==
B6tJCg,,XjhDOEM4Q0Jhcm9uIG9mIE9sZCBDYXN0bGUgKFdhaXRpbmcpXjAwMDAwMA==,,,,,XjhDOEM4QyhFbSBFc3BlcmEpIEJhcsOjbyBkbyBSZWlub14wMDAwMDA=,,XjhDOEM4QyhlbiBlc3BlcmEpIEJhcsOzbiBkZWwgY2FzdGlsbG8gYW5jZXN0cmFsIF4wMDAwMDA=
CKtJCg,,QmFyb24gb2YgT2xkIENhc3RsZSBbMTEwXQ==,,,,,WzExMF0gQmFyw6NvIGRvIFJlaW5v,,WzExMF0gQmFyw7NuIGRlbCBjYXN0aWxsbyBhbmNlc3RyYWw=
CatJCg,,XjhDOEM4Q1BpZWNlcyBvZiBLbm93bGVkZ2UgKEluIFByb2dyZXNzKV4wMDAwMDA=,,,,,XjhDOEM4QyhFbSBDdXJzbykgUMOhZ2luYXMgZGUgdW0gTGl2cm9eMDAwMDAw,,XjhDOEM4QyhlbiBjdXJzbykgUGllemFzIGRlIGNvbm9jaW1pZW50byBeMDAwMDAw
CqtJCg,,XjhDOEM4Q1BpZWNlcyBvZiBLbm93bGVkZ2UgKFdhaXRpbmcpXjAwMDAwMA==,,,,,XjhDOEM4QyhFbSBFc3BlcmEpIFDDoWdpbmFzIGRlIHVtIExpdnJvXjAwMDAwMA==,,XjhDOEM4QyhlbiBlc3BlcmEpIFBpZXphcyBkZSBjb25vY2ltaWVudG8gXjAwMDAwMA==
C6tJCg,,UGllY2VzIG9mIEtub3dsZWRnZSBbMTEwXQ==,,,,,WzExMF0gUMOhZ2luYXMgZGUgdW0gTGl2cm8=,,WzExMF0gUGllemFzIGRlIGNvbm9jaW1pZW50bw==
DKtJCg,,XjhDOEM4Q09sZCBNYWdpYyBSZWNvcmRzIChJbiBQcm9ncmVzcyleMDAwMDAw,,,,,XjhDOEM4QyhFbSBDdXJzbykgTWFudXNjcml0b3MgTcOhZ2ljb3NeMDAwMDAw,,XjhDOEM4QyhlbiBjdXJzbykgVmllam9zIHJlZ2lzdHJvcyBtw6FnaWNvcyBeMDAwMDAw
DatJCg,,XjhDOEM4Q09sZCBNYWdpYyBSZWNvcmRzIChXYWl0aW5nKV4wMDAwMDA=,,,,,XjhDOEM4QyhFbSBFc3BlcmEpIE1hbnVzY3JpdG9zIE3DoWdpY29zXjAwMDAwMA==,,XjhDOEM4QyhlbiBlc3BlcmEpIFZpZWpvcyByZWdpc3Ryb3MgbcOhZ2ljb3MgXjAwMDAwMA==
DqtJCg,,T2xkIE1hZ2ljIFJlY29yZHMgWzExMF0=,,,,,WzExMF0gTWFudXNjcml0b3MgTcOhZ2ljb3M=,,WzExMF0gVmllam9zIHJlZ2lzdHJvcyBtw6FnaWNvcw==
D6tJCg,,XjhDOEM4Q1JlY3ljbGluZyBDb2xsZWN0aW9uIChJbiBQcm9ncmVzcyleMDAwMDAw,,,,,XjhDOEM4QyhFbSBDdXJzbykgQXVsYSBkZSBSZWNpY2xhZ2VtXjAwMDAwMA==,,XjhDOEM4QyhlbiBjdXJzbykgUmVjb2xlY2Npw7NuIGRlIHJlY2ljbGFqZSBeMDAwMDAw
EKtJCg,,XjhDOEM4Q1JlY3ljbGluZyBDb2xsZWN0aW9uIChXYWl0aW5nKV4wMDAwMDA=,,,,,XjhDOEM4QyhFbSBFc3BlcmEpIEF1bGEgZGUgUmVjaWNsYWdlbV4wMDAwMDA=,,XjhDOEM4QyhlbiBlc3BlcmEpIFJlY29sZWNjacOzbiBkZSByZWNpY2xhamUgXjAwMDAwMA==
EatJCg,,UmVjeWNsaW5nIENvbGxlY3Rpb24gWzExMF0=,,,,,WzExMF0gQXVsYSBkZSBSZWNpY2xhZ2Vt,,WzExMF0gUmVjb2xlY2Npw7NuIGRlIHJlY2ljbGFqZQ==
EqtJCg,,XjhDOEM4Q0p1c3QgYW4gZW1wdHkgYXJtb3IgKEluIFByb2dyZXNzKV4wMDAwMDA=,,,,,XjhDOEM4QyhFbSBDdXJzbykgQXJtYWR1cmEgVmF6aWFeMDAwMDAw,,XjhDOEM4QyhlbiBjdXJzbykgU29sbyB1bmEgYXJtYWR1cmEgdmFjw61hIF4wMDAwMDA=
E6tJCg,,XjhDOEM4Q0p1c3QgYW4gZW1wdHkgYXJtb3IgKFdhaXRpbmcpXjAwMDAwMA==,,,,,XjhDOEM4QyhFbSBFc3BlcmEpIEFybWFkdXJhIFZhemlhXjAwMDAwMA==,,XjhDOEM4QyhlbiBlc3BlcmEpIFNvbG8gdW5hIGFybWFkdXJhIHZhY8OtYSBeMDAwMDAw
FKtJCg,,SnVzdCBhbiBlbXB0eSBhcm1vciBbMTEwXQ==,,,,,WzExMF0gQXJtYWR1cmEgVmF6aWE=,,WzExMF0gU29sbyB1bmEgYXJtYWR1cmEgdmFjw61h
FatJCg,,XjhDOEM4Q0EgUmlnaHRlb3VzIFNvdWwgKEluIFByb2dyZXNzKV4wMDAwMDA=,,,,,XjhDOEM4QyhFbSBDdXJzbykgQWplaXRlIGEgUG9zdHVyYV4wMDAwMDA=,,XjhDOEM4QyhlbiBjdXJzbykgVW4gYWxtYSBqdXN0YSBeMDAwMDAw
FqtJCg,,XjhDOEM4Q0EgUmlnaHRlb3VzIFNvdWwgKFdhaXRpbmcpXjAwMDAwMA==,,,,,XjhDOEM4QyhFbSBFc3BlcmEpIEFqZWl0ZSBhIFBvc3R1cmFeMDAwMDAw,,XjhDOEM4QyhlbiBlc3BlcmEpIFVuIGFsbWEganVzdGEgXjAwMDAwMA==
F6tJCg,,QSBSaWdodGVvdXMgU291bCBbMTEwXQ==,,,,,WzExMF0gQWplaXRlIGEgUG9zdHVyYQ==,,WzExMF0gVW4gYWxtYSBqdXN0YQ==
GKtJCg,,XjhDOEM4Q0tuaWdodCdzIE5lbWVzaXMgKEluIFByb2dyZXNzKV4wMDAwMDA=,,,,,XjhDOEM4QyhFbSBDdXJzbykgVmlhamFudGUgc2VtIFJ1bW9eMDAwMDAw,,XjhDOEM4QyhlbiBjdXJzbykgTsOpbWVzaXMgZGVsIENhYmFsbGVybyBeMDAwMDAw
GatJCg,,XjhDOEM4Q0tuaWdodCdzIE5lbWVzaXMgKFdhaXRpbmcpXjAwMDAwMA==,,,,,XjhDOEM4QyhFbSBFc3BlcmEpIFZpYWphbnRlIHNlbSBSdW1vXjAwMDAwMA==,,XjhDOEM4QyhlbiBlc3BlcmEpIE7DqW1lc2lzIGRlbCBDYWJhbGxlcm8gXjAwMDAwMA==
GqtJCg,,S25pZ2h0J3MgTmVtZXNpcyBbMTEwXQ==,,,,,WzExMF0gVmlhamFudGUgc2VtIFJ1bW8=,,WzExMF0gTsOpbWVzaXMgZGVsIENhYmFsbGVybw==
G6tJCg,,XjhDOEM4Q0EgV29ydGh5IE9wcG9uZW50IChJbiBQcm9ncmVzcyleMDAwMDAw,,,,,XjhDOEM4QyhFbSBDdXJzbykgSW5pbWlnbyDDoCBBbHR1cmFeMDAwMDAw,,XjhDOEM4QyhlbiBjdXJzbykgVW4gYWR2ZXJzYXJpbyBkaWdubyBeMDAwMDAw
HKtJCg,,XjhDOEM4Q0EgV29ydGh5IE9wcG9uZW50IChXYWl0aW5nKV4wMDAwMDA=,,,,,XjhDOEM4QyhFbSBFc3BlcmEpIEluaW1pZ28gw6AgQWx0dXJhXjAwMDAwMA==,,XjhDOEM4QyhlbiBlc3BlcmEpIFVuIGFkdmVyc2FyaW8gZGlnbm8gXjAwMDAwMA==
HatJCg,,QSBXb3J0aHkgT3Bwb25lbnQgWzExMF0=,,,,,WzExMF0gSW5pbWlnbyDDoCBBbHR1cmE=,,WzExMF0gVW4gYWR2ZXJzYXJpbyBkaWdubw==
HqtJCg,,XjhDOEM4Q0xhZHkgd2l0aCBMZWF2ZXMgKEluIFByb2dyZXNzKV4wMDAwMDA=,,,,,XjhDOEM4QyhFbSBDdXJzbykgTWVuaW5hIFZlbmVub14wMDAwMDA=,,XjhDOEM4QyhlbiBjdXJzbykgRGFtYSBjb24gaG9qYXMgXjAwMDAwMA==
H6tJCg,,XjhDOEM4Q0xhZHkgd2l0aCBMZWF2ZXMgKFdhaXRpbmcpXjAwMDAwMA==,,,,,XjhDOEM4QyhFbSBFc3BlcmEpIE1lbmluYSBWZW5lbm9eMDAwMDAw,,XjhDOEM4QyhlbiBlc3BlcmEpIERhbWEgY29uIGhvamFzIF4wMDAwMDA=
IKtJCg,,TGFkeSB3aXRoIExlYXZlcyBbMTEwXQ==,,,,,WzExMF0gTWVuaW5hIFZlbmVubw==,,WzExMF0gRGFtYSBjb24gaG9qYXM=
IatJCg,,XjhDOEM4Q0RyaWVkIEZsb3dlciBCb29rbWFyayAoSW4gUHJvZ3Jlc3MpXjAwMDAwMA==,,,,,XjhDOEM4QyhFbSBDdXJzbykgTWFyY2Fkb3IgZGUgUMOhZ2luYXNeMDAwMDAw,,XjhDOEM4QyhlbiBjdXJzbykgTWFyY2Fkb3IgZGUgZmxvcmVzIHNlY2FzIF4wMDAwMDA=
IqtJCg,,XjhDOEM4Q0RyaWVkIEZsb3dlciBCb29rbWFyayAoV2FpdGluZyleMDAwMDAw,,,,,XjhDOEM4QyhFbSBFc3BlcmEpIE1hcmNhZG9yIGRlIFDDoWdpbmFzXjAwMDAwMA==,,XjhDOEM4QyhlbiBlc3BlcmEpIE1hcmNhZG9yIGRlIGZsb3JlcyBzZWNhcyBeMDAwMDAw
I6tJCg,,RHJpZWQgRmxvd2VyIEJvb2ttYXJrIFsxMTBd,,,,,WzExMF0gTWFyY2Fkb3IgZGUgUMOhZ2luYXM=,,WzExMF0gTWFyY2Fkb3IgZGUgZmxvcmVzIHNlY2Fz
JKtJCg,,XjhDOEM4Q0dvb2QuLi4gTXVzY2xlIShJbiBQcm9ncmVzcyleMDAwMDAw,,,,,XjhDOEM4QyhFbSBDdXJzbykgQmVsb3MgTcO6c2N1bG9zIV4wMDAwMDA=,,XjhDOEM4QyhlbiBjdXJzbykgwqFCdWVub3MuLi4gbcO6c2N1bG9zISBeMDAwMDAw
JatJCg,,XjhDOEM4Q0dvb2QuLi4gTXVzY2xlIShXYWl0aW5nKV4wMDAwMDA=,,,,,XjhDOEM4QyhFbSBFc3BlcmEpIEJlbG9zIE3DunNjdWxvcyFeMDAwMDAw,,XjhDOEM4QyhlbiBlc3BlcmEpIMKhQnVlbm9zLi4uIG3DunNjdWxvcyEgXjAwMDAwMA==
JqtJCg,,R29vZC4uLiBNdXNjbGUhWzExMF0=,,,,,WzExMF0gQmVsb3MgTcO6c2N1bG9zIQ==,,WzExMF0gwqFCdWVub3MuLi4gbcO6c2N1bG9zIQ==
J6tJCg,,XjhDOEM4Q0xpa2Ugc29tZXRoaW5nIG91dCBvZiBhIGZhaXJ5IHRhbGUgKEluIFByb2dyZXNzKV4wMDAwMDA=,,,,,XjhDOEM4QyhFbSBDdXJzbykgQ29udG8gZGUgRmFkYXNeMDAwMDAw,,XjhDOEM4QyhlbiBjdXJzbykgQ29tbyBzYWxpZG8gZGUgdW4gY3VlbnRvIGRlIGhhZGFzIF4wMDAwMDA=
KKtJCg,,XjhDOEM4Q0xpa2Ugc29tZXRoaW5nIG91dCBvZiBhIGZhaXJ5IHRhbGUgKFdhaXRpbmcpXjAwMDAwMA==,,,,,XjhDOEM4QyhFbSBFc3BlcmEpIENvbnRvIGRlIEZhZGFzXjAwMDAwMA==,,XjhDOEM4QyhlbiBlc3BlcmEpIENvbW8gc2FsaWRvIGRlIHVuIGN1ZW50byBkZSBoYWRhcyBeMDAwMDAw
KatJCg,,TGlrZSBzb21ldGhpbmcgb3V0IG9mIGEgZmFpcnkgdGFsZSBbMTEwXQ==,,,,,WzExMF0gQ29udG8gZGUgRmFkYXM=,,WzExMF0gQ29tbyBzYWxpZG8gZGUgdW4gY3VlbnRvIGRlIGhhZGFz
KqtJCg,,XjhDOEM4Q1N0aW11bGF0aW5nIENoYXJtIChJbiBQcm9ncmVzcyleMDAwMDAw,,,,,XjhDOEM4QyhFbSBDdXJzbykgRXNwaW5ob3MgUGVyaWdvc29zXjAwMDAwMA==,,XjhDOEM4QyhlbiBjdXJzbykgQ2FyaXNtYSBlc3RpbXVsYW50ZSBeMDAwMDAw
K6tJCg,,XjhDOEM4Q1N0aW11bGF0aW5nIENoYXJtIChXYWl0aW5nKV4wMDAwMDA=,,,,,XjhDOEM4QyhFbSBFc3BlcmEpIEVzcGluaG9zIFBlcmlnb3Nvc14wMDAwMDA=,,XjhDOEM4QyhlbiBlc3BlcmEpIENhcmlzbWEgZXN0aW11bGFudGUgXjAwMDAwMA==
LKtJCg,,U3RpbXVsYXRpbmcgQ2hhcm0gWzExMF0=,,,,,WzExMF0gRXNwaW5ob3MgUGVyaWdvc29z,,WzExMF0gQ2FyaXNtYSBlc3RpbXVsYW50ZQ==
LatJCg,,XjhDOEM4Q0EgQ2VydGFpbiBNYWdpY2FsIEhvcm4gKEluIFByb2dyZXNzKV4wMDAwMDA=,,,,,XjhDOEM4QyhFbSBDdXJzbykgUG9kZXIgZG8gQ2hpZnJlXjAwMDAwMA==,,XjhDOEM4QyhlbiBjdXJzbykgQ2llcnRvIGN1ZXJubyBtw6FnaWNvIF4wMDAwMDA=
LqtJCg,,XjhDOEM4Q0EgQ2VydGFpbiBNYWdpY2FsIEhvcm4gKFdhaXRpbmcpXjAwMDAwMA==,,,,,XjhDOEM4QyhFbSBFc3BlcmEpIFBvZGVyIGRvIENoaWZyZV4wMDAwMDA=,,XjhDOEM4QyhlbiBlc3BlcmEpIENpZXJ0byBjdWVybm8gbcOhZ2ljbyBeMDAwMDAw
L6tJCg,,QSBDZXJ0YWluIE1hZ2ljYWwgSG9ybiBbMTEwXQ==,,,,,WzExMF0gUG9kZXIgZG8gQ2hpZnJl,,WzExMF0gQ2llcnRvIGN1ZXJubyBtw6FnaWNv
MKtJCg,,XjhDOEM4Q1N3YXJtIG9mIElyb24gQW50cy0xIChJbiBQcm9ncmVzcyleMDAwMDAw,,,,,XjhDOEM4QyhFbSBDdXJzbykgRm9ybWlnYXMgZGUgQcOnb14wMDAwMDA=,,XjhDOEM4QyhlbiBjdXJzbykgRW5qYW1icmUgZGUgaG9ybWlnYXMgZGUgaGllcnJvIDEgXjAwMDAwMA==
MatJCg,,XjhDOEM4Q1N3YXJtIG9mIElyb24gQW50cy0xIChXYWl0aW5nKV4wMDAwMDA=,,,,,XjhDOEM4QyhFbSBFc3BlcmEpIEZvcm1pZ2FzIGRlIEHDp29eMDAwMDAw,,XjhDOEM4QyhlbiBlc3BlcmEpIEVuamFtYnJlIGRlIGhvcm1pZ2FzIGRlIGhpZXJybyAxIF4wMDAwMDA=
MqtJCg,,U3dhcm0gb2YgSXJvbiBBbnRzLTEgWzExMF0=,,,,,WzExMF0gRm9ybWlnYXMgZGUgQcOnbw==,,WzExMF0gRW5qYW1icmUgZGUgaG9ybWlnYXMgZGUgaGllcnJvIDE=
M6tJCg,,XjhDOEM4Q1N3YXJtIG9mIElyb24gQW50cy0yIChJbiBQcm9ncmVzcyleMDAwMDAw,,,,,XjhDOEM4QyhFbSBDdXJzbykgRm9ybWlnYXMgZGUgRmVycm9eMDAwMDAw,,XjhDOEM4QyhlbiBjdXJzbykgRW5qYW1icmUgZGUgaG9ybWlnYXMgZGUgaGllcnJvIDIgXjAwMDAwMA==
NKtJCg,,XjhDOEM4Q1N3YXJtIG9mIElyb24gQW50cy0yIChXYWl0aW5nKV4wMDAwMDA=,,,,,XjhDOEM4QyhFbSBFc3BlcmEpIEZvcm1pZ2FzIGRlIEZlcnJvXjAwMDAwMA==,,XjhDOEM4QyhlbiBlc3BlcmEpIEVuamFtYnJlIGRlIGhvcm1pZ2FzIGRlIGhpZXJybyAyIF4wMDAwMDA=
NatJCg,,U3dhcm0gb2YgSXJvbiBBbnRzLTIgWzExMF0=,,,,,WzExMF0gRm9ybWlnYXMgZGUgRmVycm8=,,WzExMF0gRW5qYW1icmUgZGUgaG9ybWlnYXMgZGUgaGllcnJvIDI=
NqtJCg,,XjhDOEM4Q0NvbG9yZnVsIERpbWlrLTEgKEluIFByb2dyZXNzKV4wMDAwMDA=,,,,,XjhDOEM4QyhFbSBDdXJzbykgUm9iw7RzIENvbG9yaWRvc14wMDAwMDA=,,XjhDOEM4QyhlbiBjdXJzbykgRGltaWsgY29sb3JpZG8gMSBeMDAwMDAw
N6tJCg,,XjhDOEM4Q0NvbG9yZnVsIERpbWlrLTEgKFdhaXRpbmcpXjAwMDAwMA==,,,,,XjhDOEM4QyhFbSBFc3BlcmEpIFJvYsO0cyBDb2xvcmlkb3NeMDAwMDAw,,XjhDOEM4QyhlbiBlc3BlcmEpIERpbWlrIGNvbG9yaWRvIDEgXjAwMDAwMA==
OKtJCg,,Q29sb3JmdWwgRGltaWstMSBbMTEwXQ==,,,,,WzExMF0gUm9iw7RzIENvbG9yaWRvcw==,,WzExMF0gRGltaWsgY29sb3JpZG8gMQ==
OatJCg,,XjhDOEM4Q0NvbG9yZnVsIERpbWlrLTIgKEluIFByb2dyZXNzKV4wMDAwMDA=,,,,,XjhDOEM4QyhFbSBDdXJzbykgUm9iw7RzIE11bHRpY29sb3JpZG9zXjAwMDAwMA==,,XjhDOEM4QyhlbiBjdXJzbykgRGltaWsgY29sb3JpZG8gMiBeMDAwMDAw
OqtJCg,,XjhDOEM4Q0NvbG9yZnVsIERpbWlrLTIgKFdhaXRpbmcpXjAwMDAwMA==,,,,,XjhDOEM4QyhFbSBFc3BlcmEpIFJvYsO0cyBNdWx0aWNvbG9yaWRvc14wMDAwMDA=,,XjhDOEM4QyhlbiBlc3BlcmEpIERpbWlrIGNvbG9yaWRvIDIgXjAwMDAwMA==
O6tJCg,,Q29sb3JmdWwgRGltaWstMiBbMTEwXQ==,,,,,WzExMF0gUm9iw7RzIE11bHRpY29sb3JpZG9z,,WzExMF0gRGltaWsgY29sb3JpZG8gMg==
PKtJCg,,Tm9nZyBSb2FkIE1hZ21hIER1bmdlb24gWzEwMF0=,,,,,WzEwMF0gQ2F2ZXJuYSBkZSBNYWdtYQ==,,WzEwMF0gTWF6bW9ycmEgTWFnbWE=
PatJCg,,R2xhc3RoZWltIFsxMDAtMTEwXQ==,,,,,WzEwMC0xMTBdIEdsYXN0aGVpbQ==,,WzEwMC0xMTBdIEdsYXN0aGVpbQ==
PqtJCg,,TWlkZ2FyZCBBbGxpZWQgRm9yY2VzIFBvc3QgQXJlYSBbMTAwLTExMF0=,,,,,WzEwMC0xMTBdIEFzaCBWYWN1dW0=,,WzEwMC0xMTBdIEFzaCBWYWN1dW0=
P6tJCg,,UmFjaGVsLCBWZWlucyBBcmVhIFsxMDBd,,,,,WzEwMF0gQXJ1bmFmZWx0eg==,,WzEwMF0gQXJ1bmFmZWx0eg==
QKtJCg,,VGhhbmF0b3MgVG93ZXIgWzExMF0=,,,,,WzExMF0gVG9ycmUgZGUgVGhhbmF0b3M=,,WzExMF0gVG9ycmUgZGUgVGhhbmF0b3M=
QatJCg,,SnVwZXJvcyBbMTEwXQ==,,,,,WzExMF0gSnVwZXJvcw==,,WzExMF0gSnVwZXJvcw==
QqtJCg,,Q2FuY2VsLg==,,,,,Q2FuY2VsYXI=,,Q2FuY2VsYXIu
Q6tJCg,,WW91IGNhbm5vdCBwcm9jZWVkIHdpdGggdGhpcyBxdWVzdCBkdWUgdG8gaW5zdWZmaWNpZW50IGxldmVsLg==,,,,,Vm9jw6ogbsOjbyB0ZW0gbsOtdmVsIHN1ZmljaWVudGUgcGFyYSBlc3NhIG1pc3PDo28u,,Tm8gcHVlZGVzIGNvbnRpbnVhciBjb24gZXN0YSBtaXNpw7NuIHBvcnF1ZSBubyB0aWVuZXMgZWwgbml2ZWwgc3VmaWNpZW50ZS4=
RKtJCg,,VGhpcyByZXF1ZXN0IGhhcyBhbHJlYWR5IGJlZW4gY29tcGxldGVkLg==,,,,,RXNzYSBtaXNzw6NvIGrDoSBmb2kgY29uY2x1w61kYS4=,,RXN0YSBzb2xpY2l0dWQgeWEgc2UgY29tcGxldMOzLg==
RatJCg,,VGhpcyBpcyBhIHJlcXVlc3QgY3VycmVudGx5IGJlaW5nIGNhcnJpZWQgb3V0Lg==,,,,,QSBtaXNzw6NvIGFpbmRhIGVzdMOhIGVtIGFuZGFtZW50by4=,,RXN0YSBzb2xpY2l0dWQgYcO6biBlc3TDoSBlbiBjdXJzby4=
RqtJCg,,VGhlIGZpcnN0IHJlcXVlc3QgcmVjZWl2ZWQgZGlyZWN0bHkgZnJvbSBhIGNsaWVudCBtdXN0IGJlIGNvbXBsZXRlZCBieSByZXR1cm5pbmcgdG8gdGhlIGNsaWVudC4=,,,,,Vm9jw6ogcmVjZWJldSBlc3NhIG1pc3PDo28gZGlyZXRhbWVudGUgZG8gQ2xpZW50ZSwgcG9ydGFudG8gdm9jw6ogZGV2ZXLDoSByZXBvcnTDoS1sYSBwYXJhIGVsZS4=,,TGEgcHJpbWVyYSBzb2xpY2l0dWQgcmVjaWJpZGEgZGlyZWN0YW1lbnRlIGRlIHVuIGNsaWVudGUgZGViZSBjb21wbGV0YXJzZSB2b2x2aWVuZG8gYWwgY2xpZW50ZS4=
R6tJCg,,W1JlcXVlc3QgQ29tcGxldGVkXQpMb2NhdGlvbjogTm9nZyBSb2FkIE1hZ21hIER1bmdlb24KVGFyZ2V0OiBEZWZlYXQgMzAgTmlnaHRtYXJlIFRlcnJvcgpSZXdhcmQ6IEV4cCAxNjAwMDAsIEpleHAgMTYwMDAwLCAxIEVkZW4gR3JvdXAgQ29pbg==,,,,,W01pc3PDo28gY29tcGxldGFdCkxvY2FsOiBDYXZlcm5hIGRlIE1hZ21hCk9iamV0aXZvOiBDYcOnYXIgMzAgUGVzYWRlbG9zIFNvbWJyaW9zClJlY29tcGVuc2E6IEVYUCBiYXNlIDE2MDAwMCwgRVhQIGNsYXNzZSAxNjAwMDAsIDEgTW9lZGEgZG8gw4lkZW4=,,W1NvbGljaXR1ZCBjb21wbGV0YWRhXQpVYmljYWNpw7NuOiBDYXJyZXRlcmEgTm9nZywgTWF6bW9ycmEgTWFnbWEKT2JqZXRpdm86IERlcnJvdGEgYSAzMCBUZXJyb3JlcyBub2N0dXJub3MKUHJlbWlvOiAxNjAwMDAgZGUgRVhQLCAxNjAwMDAgZGUgRVhQIGRlIGNsYXNlLCAxIG1vbmVkYSBkZWwgR3J1cG8gZGVsIEVkw6lu
SKtJCg,,W05pZ2h0bWFyZSBUZXJyb3IgSHVudGluZ10KUmVxdWVzdCBmcm9tIE11c2V1bSBTdGFmZiBpbiBmcm9udCBvZiB0aGUgTm9nZyBSb2FkIEVudHJhbmNlCkxvY2F0aW9uOiBOb2dnIFJvYWQgTWFnbWEgRHVuZ2VvbgpUYXJnZXQ6IERlZmVhdCAzMCBOaWdodG1hcmUgVGVycm9yClJld2FyZDogRXhwIDE2MDAwMCwgSmV4cCAxNjAwMDAsIDEgRWRlbiBHcm91cCBDb2lu,,,,,W0ZpbHRybyBkb3MgU29uaG9zXQpTb2xpY2l0YcOnw6NvIGRlIHVtIERpbGlnZW50ZSBkbyBNdXNldQpMb2NhbDogQ2F2ZXJuYSBkZSBNYWdtYQpPYmpldGl2bzogQ2HDp2FyIDMwIFBlc2FkZWxvcyBTb21icmlvcwpSZWNvbXBlbnNhOiBFWFAgYmFzZSAxNjAwMDAsIEVYUCBjbGFzc2UgMTYwMDAwLCAxIE1vZWRhIGRvIMOJZGVu,,W0NhY2Vyw61hIGRlIFRlcnJvcmVzIG5vY3R1cm5vc10KU29saWNpdHVkIGRlbCBwZXJzb25hbCBkZWwgbXVzZW8gZnJlbnRlIGEgbGEgZW50cmFkYSBkZSBsYSBjYXJyZXRlcmEgTm9nZwpVYmljYWNpw7NuOiBDYXJyZXRlcmEgTm9nZywgTWF6bW9ycmEgTWFnbWEKT2JqZXRpdm86IERlcnJvdGEgYSAzMCBUZXJyb3JlcyBub2N0dXJub3MKUHJlbWlvOiAxNjAwMDAgZGUgRVhQLCAxNjAwMDAgZGUgRVhQIGRlIGNsYXNlLCAxIG1vbmVkYSBkZWwgR3J1cG8gZGVsIEVkw6lu
SatJCg,,QWNjZXB0IFJlcXVlc3Qu,,,,,QWNlaXRhciBtaXNzw6NvLg==,,QWNlcHRhciBzb2xpY2l0dWQu
SqtJCg,,U2VlIG90aGVyIHJlcXVlc3RzLg==,,,,,VmVyIG91dHJhcyBtaXNzw7Vlcy4=,,VmVyIG90cmFzIHNvbGljaXR1ZGVzLg==
S6tJCg,,UmVxdWVzdCBmcm9tIE11c2V1bSBTdGFmZiBpbiBmcm9udCBvZiB0aGUgTm9nZyBSb2FkIEVudHJhbmNlCl40RDRERkZbTmlnaHRtYXJlIFRlcnJvciBIdW50aW5nXV4wMDAwMDAgUXVlc3QgYWNjZXB0ZWQu,,,,,QSBzb2xpY2l0YcOnw6NvIGRlIHVtIERpbGlnZW50ZSBkbyBNdXNldQpeNEQ0REZGW0ZpbHRybyBkb3MgU29uaG9zXV4wMDAwMDAgZm9pIGFjZWl0YS4=,,U29saWNpdHVkIGRlbCBwZXJzb25hbCBkZWwgbXVzZW8gZnJlbnRlIGEgbGEgZW50cmFkYSBkZSBsYSBjYXJyZXRlcmEgTm9nZwpeNEQ0REZGW0NhY2Vyw61hIGRlIFRlcnJvcmVzIG5vY3R1cm5vc11eMDAwMDAwIE1pc2nDs24gYWNlcHRhZGEu
TKtJCg,,W1JlcXVlc3QgQ29tcGxldGVkXQpMb2NhdGlvbjogTm9nZyBSb2FkIE1hZ21hIER1bmdlb24KVGFyZ2V0OiBEZWZlYXQgMzAgR3JvdW5kIERlbGV0ZXIgYW5kIDMwIEZseWluZyBEZWxldGVyClJld2FyZDogRXhwIDE2MDAwMCwgSmV4cCAxNjAwMDAsIDIgRWRlbiBHcm91cCBDb2lu,,,,,W01pc3PDo28gY29tcGxldGFdCkxvY2FsOiBDYXZlcm5hIGRlIE1hZ21hCk9iamV0aXZvOiBDYcOnYXIgMzAgRGVsZXTDqXJpb3MgZSAzMCBFeHRlcm1pbmFkb3JlcwpSZWNvbXBlbnNhOiBFWFAgYmFzZSAxNjAwMDAsIEVYUCBjbGFzc2UgMTYwMDAwLCAyIE1vZWRhcyBkbyDDiWRlbg==,,W1NvbGljaXR1ZCBjb21wbGV0YWRhXQpVYmljYWNpw7NuOiBDYXJyZXRlcmEgTm9nZywgTWF6bW9ycmEgTWFnbWEKT2JqZXRpdm86IERlcnJvdGEgYSAzMCBEZWxldGVyIHRlcnJlc3RyZXMgeSAzMCBEZWxldGVyIHZvbGFkb3JlcwpQcmVtaW86IDE2MDAwMCBkZSBFWFAsIDE2MDAwMCBkZSBFWFAgZGUgY2xhc2UsIDIgbW9uZWRhcyBkZWwgR3J1cG8gZGVsIEVkw6lu
TatJCg,,W0RlbGV0ZXIgSHVudGluZ10KUmVxdWVzdCBmcm9tIE11c2V1bSBTdGFmZiBpbiBmcm9udCBvZiB0aGUgTm9nZyBSb2FkIEVudHJhbmNlCkxvY2F0aW9uOiBOb2dnIFJvYWQgTWFnbWEgRHVuZ2VvbgpUYXJnZXQ6IERlZmVhdCAzMCBHcm91bmQgRGVsZXRlciBhbmQgMzAgRmx5aW5nIERlbGV0ZXIKUmV3YXJkOiBFeHAgMTYwMDAwLCBKZXhwIDE2MDAwMCwgMiBFZGVuIEdyb3VwIENvaW4=,,,,,W0RyYWfDtWVzIGRlIEZvZ29dClNvbGljaXRhw6fDo28gZGUgdW0gRGlsaWdlbnRlIGRvIE11c2V1CkxvY2FsOiBDYXZlcm5hIGRlIE1hZ21hCk9iamV0aXZvOiBDYcOnYXIgMzAgRGVsZXTDqXJpb3MgZSAzMCBFeHRlcm1pbmFkb3JlcwpSZWNvbXBlbnNhOiBFWFAgYmFzZSAxNjAwMDAsIEVYUCBjbGFzc2UgMTYwMDAwLCAyIE1vZWRhcyBkbyDDiWRlbg==,,W0NhY2Vyw61hIGRlIERlbGV0ZXJdClNvbGljaXR1ZCBkZWwgcGVyc29uYWwgZGVsIG11c2VvIGZyZW50ZSBhIGxhIGVudHJhZGEgZGUgbGEgY2FycmV0ZXJhIE5vZ2cKVWJpY2FjacOzbjogQ2FycmV0ZXJhIE5vZ2csIE1hem1vcnJhIE1hZ21hCk9iamV0aXZvOiBEZXJyb3RhIGEgMzAgRGVsZXRlciB0ZXJyZXN0cmVzIHkgMzAgRGVsZXRlciB2b2xhZG9yZXMKUHJlbWlvOiAxNjAwMDAgZGUgRVhQLCAxNjAwMDAgZGUgRVhQIGRlIGNsYXNlLCAyIG1vbmVkYXMgZGVsIEdydXBvIGRlbCBFZMOpbg==
TqtJCg,,UmVxdWVzdCBmcm9tIE11c2V1bSBTdGFmZiBpbiBmcm9udCBvZiB0aGUgTm9nZyBSb2FkIEVudHJhbmNlCl40RDRERkZbRGVsZXRlciBIdW50aW5nXV4wMDAwMDAgUXVlc3QgYWNjZXB0ZWQu,,,,,QSBzb2xpY2l0YcOnw6NvIGRlIHVtIERpbGlnZW50ZSBkbyBNdXNldQpeNEQ0REZGW0RyYWfDtWVzIGRlIEZvZ29dXjAwMDAwMCBmb2kgYWNlaXRhLg==,,U29saWNpdHVkIGRlbCBwZXJzb25hbCBkZWwgbXVzZW8gZnJlbnRlIGEgbGEgZW50cmFkYSBkZSBsYSBjYXJyZXRlcmEgTm9nZwpeNEQ0REZGW0NhY2Vyw61hIGRlIERlbGV0ZXJdXjAwMDAwMCBNaXNpw7NuIGFjZXB0YWRhLg==
T6tJCg,,W1JlcXVlc3QgQ29tcGxldGVkXQpMb2NhdGlvbjogTm9nZyBSb2FkIE1hZ21hIER1bmdlb24KVGFyZ2V0OiBDb2xsZWN0IDEwIExhdmEKUmV3YXJkOiBFeHAgMTYwMDAwLCBKZXhwIDE2MDAwMCwgMSBFZGVuIEdyb3VwIENvaW4=,,,,,W01pc3PDo28gY29tcGxldGFdCkxvY2FsOiBDYXZlcm5hIGRlIE1hZ21hCk9iamV0aXZvOiBDb2xldGFyIDEwIFBlZHJhcyBQb21lcwpSZWNvbXBlbnNhOiBFWFAgYmFzZSAxNjAwMDAsIEVYUCBjbGFzc2UgMTYwMDAwLCAxIE1vZWRhIGRvIMOJZGVu,,W1NvbGljaXR1ZCBjb21wbGV0YWRhXQpVYmljYWNpw7NuOiBDYXJyZXRlcmEgTm9nZywgTWF6bW9ycmEgTWFnbWEKT2JqZXRpdm86IFJlY29sZWN0YSAxMCB1bmlkYWRlcyBkZSBMYXZhClByZW1pbzogMTYwMDAwIGRlIEVYUCwgMTYwMDAwIGRlIEVYUCBkZSBjbGFzZSwgMSBtb25lZGEgZGVsIEdydXBvIGRlbCBFZMOpbg==
UKtJCg,,W0NvbGxlY3QgU29saWRpZmllZCBMYXZhXQpSZXF1ZXN0IGZyb20gTXVzZXVtIFN0YWZmIGluIGZyb250IG9mIHRoZSBOb2dnIFJvYWQgRW50cmFuY2UKTG9jYXRpb246IE5vZ2cgUm9hZCBNYWdtYSBEdW5nZW9uClRhcmdldDogQ29sbGVjdCAxMCBMYXZhClJld2FyZDogRXhwIDE2MDAwMCwgSmV4cCAxNjAwMDAsIDEgRWRlbiBHcm91cCBDb2lu,,,,,W0VzdHVkbyBHZW9sw7NnaWNvXQpTb2xpY2l0YcOnw6NvIGRlIHVtIERpbGlnZW50ZSBkbyBNdXNldQpMb2NhbDogQ2F2ZXJuYSBkZSBNYWdtYQpPYmpldGl2bzogQ29sZXRhciAxMCBQZWRyYXMgUG9tZXMKUmVjb21wZW5zYTogRVhQIGJhc2UgMTYwMDAwLCBFWFAgY2xhc3NlIDE2MDAwMCwgMSBNb2VkYSBkbyDDiWRlbg==,,W1JlY29sZWN0YXIgTGF2YSBzb2xpZGlmaWNhZGFdClNvbGljaXR1ZCBkZWwgcGVyc29uYWwgZGVsIG11c2VvIGZyZW50ZSBhIGxhIGVudHJhZGEgZGUgbGEgY2FycmV0ZXJhIE5vZ2cKVWJpY2FjacOzbjogQ2FycmV0ZXJhIE5vZ2csIE1hem1vcnJhIE1hZ21hCk9iamV0aXZvOiBSZWNvbGVjdGEgMTAgdW5pZGFkZXMgZGUgTGF2YQpQcmVtaW86IDE2MDAwMCBkZSBFWFAsIDE2MDAwMCBkZSBFWFAgZGUgY2xhc2UsIDEgbW9uZWRhIGRlbCBHcnVwbyBkZWwgRWTDqW4=
UatJCg,,UmVxdWVzdCBmcm9tIE11c2V1bSBTdGFmZiBpbiBmcm9udCBvZiB0aGUgTm9nZyBSb2FkIEVudHJhbmNlCl40RDRERkZbQ29sbGVjdCBTb2xpZGlmaWVkIExhdmFdXjAwMDAwMCBRdWVzdCBhY2NlcHRlZC4=,,,,,QSBzb2xpY2l0YcOnw6NvIGRlIHVtIERpbGlnZW50ZSBkbyBNdXNldQpeNEQ0REZGW0VzdHVkbyBHZW9sw7NnaWNvXV4wMDAwMDAgZm9pIGFjZWl0YS4=,,U29saWNpdHVkIGRlbCBwZXJzb25hbCBkZWwgbXVzZW8gZnJlbnRlIGEgbGEgZW50cmFkYSBkZSBsYSBjYXJyZXRlcmEgTm9nZwpeNEQ0REZGW1JlY29sZWN0YXIgTGF2YSBzb2xpZGlmaWNhZGFdXjAwMDAwMCBNaXNpw7NuIGFjZXB0YWRhLg==
UqtJCg,,Q2FuY2VsLA==,,,,,Q2FuY2VsYXI=,,Q2FuY2VsYXIu
U6tJCg,,W1JlcXVlc3QgQ29tcGxldGVkXQpMb2NhdGlvbjogR2xhc3RoZWltClRhcmdldDogRGVmZWF0IDMwIENhcmF0ClJld2FyZDogRXhwIDE2MDAwMCwgSmV4cCAxNjAwMDAsIDEgRWRlbiBHcm91cCBDb2lu,,,,,W01pc3PDo28gY29tcGxldGFdCkxvY2FsOiBHbGFzdGhlaW0KT2JqZXRpdm86IENhw6dhciAzMCBDYXJhdHMKUmVjb21wZW5zYTogRVhQIGJhc2UgMTYwMDAwLCBFWFAgY2xhc3NlIDE2MDAwMCwgMSBNb2VkYSBkbyDDiWRlbg==,,W1NvbGljaXR1ZCBjb21wbGV0YWRhXQpVYmljYWNpw7NuOiBHbGFzdGhlaW0KT2JqZXRpdm86IERlcnJvdGEgYSAzMCBDYXJhdApQcmVtaW86IDE2MDAwMCBkZSBFWFAsIDE2MDAwMCBkZSBFWFAgZGUgY2xhc2UsIDEgbW9uZWRhIGRlbCBHcnVwbyBkZWwgRWTDqW4=
VKtJCg,,W1Bvb3IgQ2xvd25dCkRhcnF1ZXRoJ3MgcmVxdWVzdCBpbiBmcm9udCBvZiBHbGFzdGhlaW0gbWFpbiBjYXN0bGUKTG9jYXRpb246IEdsYXN0aGVpbQpUYXJnZXQ6IERlZmVhdCAzMCBDYXJhdApSZXdhcmQ6IEV4cCAxNjAwMDAsIEpleHAgMTYwMDAwLCAxIEVkZW4gR3JvdXAgQ29pbg==,,,,,W1BvYnJlIFBhbGhhw6dvXQpTb2xpY2l0YcOnw6NvIGRvIFBhZHJlIEzDumNpZmVyCkxvY2FsOiBHbGFzdGhlaW0KT2JqZXRpdm86IENhw6dhciAzMCBDYXJhdHMKUmVjb21wZW5zYTogRVhQIGJhc2UgMTYwMDAwLCBFWFAgY2xhc3NlIDE2MDAwMCwgMSBNb2VkYSBkbyDDiWRlbg==,,W1BvYnJlIHBheWFzb10KU29saWNpdHVkIGRlIERhcnF1ZXRoIGZyZW50ZSBhbCBjYXN0aWxsbyBwcmluY2lwYWwgZGUgR2xhc3RoZWltClViaWNhY2nDs246IEdsYXN0aGVpbQpPYmpldGl2bzogRGVycm90YSBhIDMwIENhcmF0ClByZW1pbzogMTYwMDAwIGRlIEVYUCwgMTYwMDAwIGRlIEVYUCBkZSBjbGFzZSwgMSBtb25lZGEgZGVsIEdydXBvIGRlbCBFZMOpbg==
VatJCg,,RGFycXVldGgncyByZXF1ZXN0IGluIGZyb250IG9mIEdsYXN0aGVpbSBtYWluIGNhc3RsZQpeNEQ0REZGW1Bvb3IgQ2xvd25dXjAwMDAwMCBRdWVzdCBhY2NlcHRlZC4=,,,,,QSBzb2xpY2l0YcOnw6NvIGRvIFBhZHJlIEzDumNpZmVyCl40RDRERkZbUG9icmUgUGFsaGHDp29dXjAwMDAwMCBmb2kgYWNlaXRhLg==,,U29saWNpdHVkIGRlIERhcnF1ZXRoIGZyZW50ZSBhbCBjYXN0aWxsbyBwcmluY2lwYWwgZGUgR2xhc3RoZWltCl40RDRERkZbUG9icmUgcGF5YXNvXV4wMDAwMDAgTWlzacOzbiBhY2VwdGFkYS4=
VqtJCg,,W1JlcXVlc3QgQ29tcGxldGVkXQpMb2NhdGlvbjogR2xhc3RoZWltClRhcmdldDogRGVmZWF0IDMwIEFyY2xvdXplClJld2FyZDogRXhwIDE2MDAwMCwgSmV4cCAxNjAwMDAsIDEgRWRlbiBHcm91cCBDb2lu,,,,,W01pc3PDo28gY29tcGxldGFdCkxvY2FsOiBHbGFzdGhlaW0KT2JqZXRpdm86IENhw6dhciAzMCBBcmNsb3VzZXMKUmVjb21wZW5zYTogRVhQIGJhc2UgMTYwMDAwLCBFWFAgY2xhc3NlIDE2MDAwMCwgMSBNb2VkYSBkbyDDiWRlbg==,,W1NvbGljaXR1ZCBjb21wbGV0YWRhXQpVYmljYWNpw7NuOiBHbGFzdGhlaW0KT2JqZXRpdm86IERlcnJvdGEgYSAzMCBBcmNsb3V6ZQpQcmVtaW86IDE2MDAwMCBkZSBFWFAsIDE2MDAwMCBkZSBFWFAgZGUgY2xhc2UsIDEgbW9uZWRhIGRlbCBHcnVwbyBkZWwgRWTDqW4=
V6tJCg,,W0EgU21hbGwgQnVnXQpEYXJxdWV0aCdzIHJlcXVlc3QgaW4gZnJvbnQgb2YgR2xhc3RoZWltIG1haW4gY2FzdGxlCkxvY2F0aW9uOiBHbGFzdGhlaW0KVGFyZ2V0OiBEZWZlYXQgMzAgQXJjbG91emUKUmV3YXJkOiBFeHAgMTYwMDAwLCBKZXhwIDE2MDAwMCwgMSBFZGVuIEdyb3VwIENvaW4=,,,,,W08gTVZQIG1haXMgRm9ydGVdClNvbGljaXRhw6fDo28gZG8gUGFkcmUgTMO6Y2lmZXIKTG9jYWw6IEdsYXN0aGVpbQpPYmpldGl2bzogQ2HDp2FyIDMwIEFyY2xvdXNlcwpSZWNvbXBlbnNhOiBFWFAgYmFzZSAxNjAwMDAsIEVYUCBjbGFzc2UgMTYwMDAwLCAxIE1vZWRhIGRvIMOJZGVu,,W1BlcXVlw7FvIGluc2VjdG9dClNvbGljaXR1ZCBkZSBEYXJxdWV0aCBmcmVudGUgYWwgY2FzdGlsbG8gcHJpbmNpcGFsIGRlIEdsYXN0aGVpbQpVYmljYWNpw7NuOiBHbGFzdGhlaW0KT2JqZXRpdm86IERlcnJvdGEgYSAzMCBBcmNsb3V6ZQpQcmVtaW86IDE2MDAwMCBkZSBFWFAsIDE2MDAwMCBkZSBFWFAgZGUgY2xhc2UsIDEgbW9uZWRhIGRlbCBHcnVwbyBkZWwgRWTDqW4=
WKtJCg,,RGFycXVldGgncyByZXF1ZXN0IGluIGZyb250IG9mIEdsYXN0aGVpbSBtYWluIGNhc3RsZQpeNEQ0REZGW0EgU21hbGwgQnVnXV4wMDAwMDAgUXVlc3QgYWNjZXB0ZWQu,,,,,QSBzb2xpY2l0YcOnw6NvIGRvIFBhZHJlIEzDumNpZmVyCl40RDRERkZbTyBNVlAgbWFpcyBGb3J0ZV1eMDAwMDAwIGZvaSBhY2VpdGEu,,U29saWNpdHVkIGRlIERhcnF1ZXRoIGZyZW50ZSBhbCBjYXN0aWxsbyBwcmluY2lwYWwgZGUgR2xhc3RoZWltCl40RDRERkZbUGVxdWXDsW8gaW5zZWN0b11eMDAwMDAwIE1pc2nDs24gYWNlcHRhZGEu
WatJCg,,W1JlcXVlc3QgQ29tcGxldGVkXQpMb2NhdGlvbjogR2xhc3RoZWltClRhcmdldDogRGVmZWF0IDMwIEFub2xpYW4KUmV3YXJkOiBFeHAgMjAwMDAwLCBKZXhwIDIwMDAwMCwgMSBFZGVuIEdyb3VwIENvaW4=,,,,,W01pc3PDo28gY29tcGxldGFdCkxvY2FsOiBHbGFzdGhlaW0KT2JqZXRpdm86IENhw6dhciAzMCBBbm9saWFucwpSZWNvbXBlbnNhOiBFWFAgYmFzZSAyMDAwMDAsIEVYUCBjbGFzc2UgMjAwMDAwLCAxIE1vZWRhIGRvIMOJZGVu,,W1NvbGljaXR1ZCBjb21wbGV0YWRhXQpVYmljYWNpw7NuOiBHbGFzdGhlaW0KT2JqZXRpdm86IERlcnJvdGEgYSAzMCBBbm9saWFuClByZW1pbzogMjAwMDAwIGRlIEVYUCwgMjAwMDAwIGRlIEVYUCBkZSBjbGFzZSwgMSBtb25lZGEgZGVsIEdydXBvIGRlbCBFZMOpbg==
WqtJCg,,W0lmIHlvdSdyZSBhbGl2ZSwgZ28gdG8gaGVhdmVuXQpEYXJxdWV0aCdzIHJlcXVlc3QgaW4gZnJvbnQgb2YgR2xhc3RoZWltIG1haW4gY2FzdGxlCkxvY2F0aW9uOiBHbGFzdGhlaW0KVGFyZ2V0OiBEZWZlYXQgMzAgQW5vbGlhbgpSZXdhcmQ6IEV4cCAyMDAwMDAsIEpleHAgMjAwMDAwLCAxIEVkZW4gR3JvdXAgQ29pbg==,,,,,W0xpbXBlemEgZGUgRXNnb3RvXQpTb2xpY2l0YcOnw6NvIGRvIFBhZHJlIEzDumNpZmVyCkxvY2FsOiBHbGFzdGhlaW0KT2JqZXRpdm86IENhw6dhciAzMCBBbm9saWFucwpSZWNvbXBlbnNhOiBFWFAgYmFzZSAyMDAwMDAsIEVYUCBjbGFzc2UgMjAwMDAwLCAxIE1vZWRhIGRvIMOJZGVu,,W1NpIHNpZ3VlcyBjb24gdmlkYSwgdmUgYWwgY2llbG9dClNvbGljaXR1ZCBkZSBEYXJxdWV0aCBmcmVudGUgYWwgY2FzdGlsbG8gcHJpbmNpcGFsIGRlIEdsYXN0aGVpbQpVYmljYWNpw7NuOiBHbGFzdGhlaW0KT2JqZXRpdm86IERlcnJvdGEgYSAzMCBBbm9saWFuClByZW1pbzogMjAwMDAwIGRlIEVYUCwgMjAwMDAwIGRlIEVYUCBkZSBjbGFzZSwgMSBtb25lZGEgZGVsIEdydXBvIGRlbCBFZMOpbg==
W6tJCg,,RGFycXVldGgncyByZXF1ZXN0IGluIGZyb250IG9mIEdsYXN0aGVpbSBtYWluIGNhc3RsZQpeNEQ0REZGW0lmIHlvdSdyZSBhbGl2ZSwgZ28gdG8gaGVhdmVuXV4wMDAwMDAgUXVlc3QgYWNjZXB0ZWQu,,,,,QSBzb2xpY2l0YcOnw6NvIGRvIFBhZHJlIEzDumNpZmVyCl40RDRERkZbTGltcGV6YSBkZSBFc2dvdG9dXjAwMDAwMCBmb2kgYWNlaXRhLg==,,U29saWNpdHVkIGRlIERhcnF1ZXRoIGZyZW50ZSBhbCBjYXN0aWxsbyBwcmluY2lwYWwgZGUgR2xhc3RoZWltCl40RDRERkZbU2kgc2lndWVzIGNvbiB2aWRhLCB2ZSBhbCBjaWVsb11eMDAwMDAwIE1pc2nDs24gYWNlcHRhZGEu
XKtJCg,,W1JlcXVlc3QgQ29tcGxldGVkXQpMb2NhdGlvbjogR2xhc3RoZWltClRhcmdldDogRGVmZWF0IDMwIFN0aW5nClJld2FyZDogRXhwIDIwMDAwMCwgSmV4cCAyMDAwMDAsIDEgRWRlbiBHcm91cCBDb2lu,,,,,W01pc3PDo28gY29tcGxldGFdCkxvY2FsOiBHbGFzdGhlaW0KT2JqZXRpdm86IENhw6dhciAzMCBTdGluZ3MKUmVjb21wZW5zYTogRVhQIGJhc2UgMjAwMDAwLCBFWFAgY2xhc3NlIDIwMDAwMCwgMSBNb2VkYSBkbyDDiWRlbg==,,W1NvbGljaXR1ZCBjb21wbGV0YWRhXQpVYmljYWNpw7NuOiBHbGFzdGhlaW0KT2JqZXRpdm86IERlcnJvdGEgYSAzMCBTdGluZwpQcmVtaW86IDIwMDAwMCBkZSBFWFAsIDIwMDAwMCBkZSBFWFAgZGUgY2xhc2UsIDEgbW9uZWRhIGRlbCBHcnVwbyBkZWwgRWTDqW4=
XatJCg,,W05vIERvdWJ0XQpEYXJxdWV0aCdzIHJlcXVlc3QgaW4gZnJvbnQgb2YgR2xhc3RoZWltIG1haW4gY2FzdGxlCkxvY2F0aW9uOiBHbGFzdGhlaW0KVGFyZ2V0OiBEZWZlYXQgMzAgU3RpbmcKUmV3YXJkOiBFeHAgMjAwMDAwLCBKZXhwIDIwMDAwMCwgMSBFZGVuIEdyb3VwIENvaW4=,,,,,W03Do28gSW5pbWlnYV0KU29saWNpdGHDp8OjbyBkbyBQYWRyZSBMw7pjaWZlcgpMb2NhbDogR2xhc3RoZWltCk9iamV0aXZvOiBDYcOnYXIgMzAgU3RpbmdzClJlY29tcGVuc2E6IEVYUCBiYXNlIDIwMDAwMCwgRVhQIGNsYXNzZSAyMDAwMDAsIDEgTW9lZGEgZG8gw4lkZW4=,,W1NpbiBkdWRhc10KU29saWNpdHVkIGRlIERhcnF1ZXRoIGZyZW50ZSBhbCBjYXN0aWxsbyBwcmluY2lwYWwgZGUgR2xhc3RoZWltClViaWNhY2nDs246IEdsYXN0aGVpbQpPYmpldGl2bzogRGVycm90YSBhIDMwIFN0aW5nClByZW1pbzogMjAwMDAwIGRlIEVYUCwgMjAwMDAwIGRlIEVYUCBkZSBjbGFzZSwgMSBtb25lZGEgZGVsIEdydXBvIGRlbCBFZMOpbg==
XqtJCg,,RGFycXVldGgncyByZXF1ZXN0IGluIGZyb250IG9mIEdsYXN0aGVpbSBtYWluIGNhc3RsZQpeNEQ0REZGW05vIERvdWJ0XV4wMDAwMDAgUXVlc3QgYWNjZXB0ZWQu,,,,,QSBzb2xpY2l0YcOnw6NvIGRvIFBhZHJlIEzDumNpZmVyCl40RDRERkZbTcOjbyBJbmltaWdhXV4wMDAwMDAgZm9pIGFjZWl0YS4=,,U29saWNpdHVkIGRlIERhcnF1ZXRoIGZyZW50ZSBhbCBjYXN0aWxsbyBwcmluY2lwYWwgZGUgR2xhc3RoZWltCl40RDRERkZbU2luIGR1ZGFzXV4wMDAwMDAgTWlzacOzbiBhY2VwdGFkYS4=
X6tJCg,,W1JlcXVlc3QgQ29tcGxldGVkXQpMb2NhdGlvbjogR2xhc3RoZWltClRhcmdldDogRGVmZWF0IDMwIE1ham9ydXJvcwpSZXdhcmQ6IEV4cCAyNjAwMDAsIEpleHAgMjYwMDAwLCAxIEVkZW4gR3JvdXAgQ29pbg==,,,,,W01pc3PDo28gY29tcGxldGFdCkxvY2FsOiBHbGFzdGhlaW0KT2JqZXRpdm86IENhw6dhciAzMCBNYWpvcm91cwpSZWNvbXBlbnNhOiBFWFAgYmFzZSAyNjAwMDAsIEVYUCBjbGFzc2UgMjYwMDAwLCAxIE1vZWRhIGRvIMOJZGVu,,W1NvbGljaXR1ZCBjb21wbGV0YWRhXQpVYmljYWNpw7NuOiBHbGFzdGhlaW0KT2JqZXRpdm86IERlcnJvdGEgYSAzMCBNYWpvcnVyb3MKUHJlbWlvOiAyNjAwMDAgZGUgRVhQLCAyNjAwMDAgZGUgRVhQIGRlIGNsYXNlLCAxIG1vbmVkYSBkZWwgR3J1cG8gZGVsIEVkw6lu
YKtJCg,,W0RlbGljaW91cyBQb29yIFNvdWxdCkRhcnF1ZXRoJ3MgcmVxdWVzdCBpbiBmcm9udCBvZiBHbGFzdGhlaW0gbWFpbiBjYXN0bGUKTG9jYXRpb246IEdsYXN0aGVpbQpUYXJnZXQ6IERlZmVhdCAzMCBNYWpvcnVyb3MKUmV3YXJkOiBFeHAgMjYwMDAwLCBKZXhwIDI2MDAwMCwgMSBFZGVuIEdyb3VwIENvaW4=,,,,,W1RvdXJvIFZhbGVudGVdClNvbGljaXRhw6fDo28gZG8gUGFkcmUgTMO6Y2lmZXIKTG9jYWw6IEdsYXN0aGVpbQpPYmpldGl2bzogQ2HDp2FyIDMwIE1ham9yb3VzClJlY29tcGVuc2E6IEVYUCBiYXNlIDI2MDAwMCwgRVhQIGNsYXNzZSAyNjAwMDAsIDEgTW9lZGEgZG8gw4lkZW4=,,W1BvYnJlIHkgZGVsaWNpb3NhIGFsbWFdClNvbGljaXR1ZCBkZSBEYXJxdWV0aCBmcmVudGUgYWwgY2FzdGlsbG8gcHJpbmNpcGFsIGRlIEdsYXN0aGVpbQpVYmljYWNpw7NuOiBHbGFzdGhlaW0KT2JqZXRpdm86IERlcnJvdGEgYSAzMCBNYWpvcnVyb3MKUHJlbWlvOiAyNjAwMDAgZGUgRVhQLCAyNjAwMDAgZGUgRVhQIGRlIGNsYXNlLCAxIG1vbmVkYSBkZWwgR3J1cG8gZGVsIEVkw6lu
YatJCg,,RGFycXVldGgncyByZXF1ZXN0IGluIGZyb250IG9mIEdsYXN0aGVpbSBtYWluIGNhc3RsZQpeNEQ0REZGW0RlbGljaW91cyBQb29yIFNvdWxdXjAwMDAwMCBRdWVzdCBhY2NlcHRlZC4=,,,,,QSBzb2xpY2l0YcOnw6NvIGRvIFBhZHJlIEzDumNpZmVyCl40RDRERkZbVG91cm8gVmFsZW50ZV1eMDAwMDAwIGZvaSBhY2VpdGEu,,U29saWNpdHVkIGRlIERhcnF1ZXRoIGZyZW50ZSBhbCBjYXN0aWxsbyBwcmluY2lwYWwgZGUgR2xhc3RoZWltCl40RDRERkZbUG9icmUgeSBkZWxpY2lvc2EgYWxtYV1eMDAwMDAwIE1pc2nDs24gYWNlcHRhZGEu
YqtJCg,,W1JlcXVlc3QgQ29tcGxldGVkXQpMb2NhdGlvbjogR2xhc3RoZWltClRhcmdldDogRGVmZWF0IDMwIFJheWRyaWMKUmV3YXJkOiBFeHAgMzAwMDAwLCBKZXhwIDMwMDAwMCwgMSBFZGVuIEdyb3VwIENvaW4=,,,,,W01pc3PDo28gY29tcGxldGFdCkxvY2FsOiBHbGFzdGhlaW0KT2JqZXRpdm86IENhw6dhciAzMCBSYXlkcmljcwpSZWNvbXBlbnNhOiBFWFAgYmFzZSAzMDAwMDAsIEVYUCBjbGFzc2UgMzAwMDAwLCAxIE1vZWRhIGRvIMOJZGVu,,W1NvbGljaXR1ZCBjb21wbGV0YWRhXQpVYmljYWNpw7NuOiBHbGFzdGhlaW0KT2JqZXRpdm86IERlcnJvdGEgYSAzMCBSYXlkcmljClByZW1pbzogMzAwIDAwMCBkZSBFWFAsIDMwMCAwMDAgZGUgRVhQIGRlIGNsYXNlLCAxIG1vbmVkYSBkZWwgR3J1cG8gZGVsIEVkw6lu
Y6tJCg,,W0p1c3QgYW4gZW1wdHkgYXJtb3JdClJlcXVlc3QgZnJvbSBDaGlhYgpMb2NhdGlvbjogR2xhc3RoZWltClRhcmdldDogRGVmZWF0IDMwIFJheWRyaWMKUmV3YXJkOiBFeHAgMzAwMDAwLCBKZXhwIDMwMDAwMCwgMSBFZGVuIEdyb3VwIENvaW4=,,,,,W0FybWFkdXJhIFZhemlhXQpTb2xpY2l0YcOnw6NvIGRvIFRlbXBsw6FyaW8gVGhpYWdvCkxvY2FsOiBHbGFzdGhlaW0KT2JqZXRpdm86IENhw6dhciAzMCBSYXlkcmljcwpSZWNvbXBlbnNhOiBFWFAgYmFzZSAzMDAwMDAsIEVYUCBjbGFzc2UgMzAwMDAwLCAxIE1vZWRhIGRvIMOJZGVu,,W1NvbG8gdW5hIGFybWFkdXJhIHZhY8OtYV0KU29saWNpdHVkIGRlIENoaWF2ZQpVYmljYWNpw7NuOiBHbGFzdGhlaW0KT2JqZXRpdm86IERlcnJvdGEgYSAzMCBSYXlkcmljClByZW1pbzogMzAwIDAwMCBkZSBFWFAsIDMwMCAwMDAgZGUgRVhQIGRlIGNsYXNlLCAxIG1vbmVkYSBkZWwgR3J1cG8gZGVsIEVkw6lu
ZKtJCg,,UmVxdWVzdCBmcm9tIENoaWFiCl40RDRERkZbSnVzdCBhbiBlbXB0eSBhcm1vcl1eMDAwMDAwIFF1ZXN0IGFjY2VwdGVkLg==,,,,,QSBzb2xpY2l0YcOnw6NvIGRvIFRlbXBsw6FyaW8gVGhpYWdvCl40RDRERkZbQXJtYWR1cmEgVmF6aWFdXjAwMDAwMCBmb2kgYWNlaXRhLg==,,U29saWNpdHVkIGRlIENoaWF2ZQpeNEQ0REZGW1NvbG8gdW5hIGFybWFkdXJhIHZhY8OtYV1eMDAwMDAwIE1pc2nDs24gYWNlcHRhZGEu
ZatJCg,,W1JlcXVlc3QgQ29tcGxldGVkXQpMb2NhdGlvbjogR2xhc3RoZWltClRhcmdldDogRGVmZWF0IDMwIEtoYWxpdHpidXJnClJld2FyZDogRXhwIDMwMDAwMCwgSmV4cCAzMDAwMDAsIDEgRWRlbiBHcm91cCBDb2lu,,,,,W01pc3PDo28gY29tcGxldGFdCkxvY2FsOiBHbGFzdGhlaW0KT2JqZXRpdm86IENhw6dhciAzMCBLaGFsaXR6YnVyZ3MKUmVjb21wZW5zYTogRVhQIGJhc2UgMzAwMDAwLCBFWFAgY2xhc3NlIDMwMDAwMCwgMSBNb2VkYSBkbyDDiWRlbg==,,W1NvbGljaXR1ZCBjb21wbGV0YWRhXQpVYmljYWNpw7NuOiBHbGFzdGhlaW0KT2JqZXRpdm86IERlcnJvdGEgYSAzMCBLaGFsaXR6YnVyZwpQcmVtaW86IDMwMCAwMDAgZGUgRVhQLCAzMDAgMDAwIGRlIEVYUCBkZSBjbGFzZSwgMSBtb25lZGEgZGVsIEdydXBvIGRlbCBFZMOpbg==
ZqtJCg,,W0EgUmlnaHRlb3VzIFNvdWxdClJlcXVlc3QgZnJvbSBDaGlhYgpMb2NhdGlvbjogR2xhc3RoZWltClRhcmdldDogRGVmZWF0IDMwIEtoYWxpdHpidXJnClJld2FyZDogRXhwIDMwMDAwMCwgSmV4cCAzMDAwMDAsIDEgRWRlbiBHcm91cCBDb2lu,,,,,W0FqZWl0ZSBhIFBvc3R1cmFdClNvbGljaXRhw6fDo28gZG8gVGVtcGzDoXJpbyBUaGlhZ28KTG9jYWw6IEdsYXN0aGVpbQpPYmpldGl2bzogQ2HDp2FyIDMwIEtoYWxpdHpidXJncwpSZWNvbXBlbnNhOiBFWFAgYmFzZSAzMDAwMDAsIEVYUCBjbGFzc2UgMzAwMDAwLCAxIE1vZWRhIGRvIMOJZGVu,,W8K/QWxtYXMganVzdGFzP10KU29saWNpdHVkIGRlIENoaWF2ZQpVYmljYWNpw7NuOiBHbGFzdGhlaW0KT2JqZXRpdm86IERlcnJvdGEgYSAzMCBLaGFsaXR6YnVyZwpQcmVtaW86IDMwMCAwMDAgZGUgRVhQLCAzMDAgMDAwIGRlIEVYUCBkZSBjbGFzZSwgMSBtb25lZGEgZGVsIEdydXBvIGRlbCBFZMOpbg==
Z6tJCg,,UmVxdWVzdCBmcm9tIENoaWFiCl40RDRERkZbQSBSaWdodGVvdXMgU291bF1eMDAwMDAwIFF1ZXN0IGFjY2VwdGVkLg==,,,,,QSBzb2xpY2l0YcOnw6NvIGRvIFRlbXBsw6FyaW8gVGhpYWdvCl40RDRERkZbQWplaXRlIGEgUG9zdHVyYV1eMDAwMDAwIGZvaSBhY2VpdGEu,,U29saWNpdHVkIGRlIENoaWF2ZQpeNEQ0REZGW8K/QWxtYXMganVzdGFzP11eMDAwMDAwIE1pc2nDs24gYWNlcHRhZGEu
aKtJCg,,W1JlcXVlc3QgQ29tcGxldGVkXQpMb2NhdGlvbjogR2xhc3RoZWltClRhcmdldDogRGVmZWF0IDMwIFdhbmRlcmVyClJld2FyZDogRXhwIDMwMDAwMCwgSmV4cCAzMDAwMDAsIDEgRWRlbiBHcm91cCBDb2lu,,,,,W01pc3PDo28gY29tcGxldGFdCkxvY2FsOiBHbGFzdGhlaW0KT2JqZXRpdm86IENhY2UgMzAgQW5kYXJpbGhvcwpSZWNvbXBlbnNhOiBFWFAgYmFzZSAzMDAwMDAsIEVYUCBjbGFzc2UgMzAwMDAwLCAxIE1vZWRhIGRvIMOJZGVu,,W1NvbGljaXR1ZCBjb21wbGV0YWRhXQpVYmljYWNpw7NuOiBHbGFzdGhlaW0KT2JqZXRpdm86IERlcnJvdGEgYSAzMCBWYWdhYnVuZG9zClByZW1pbzogMzAwIDAwMCBkZSBFWFAsIDMwMCAwMDAgZGUgRVhQIGRlIGNsYXNlLCAxIG1vbmVkYSBkZWwgR3J1cG8gZGVsIEVkw6lu
aatJCg,,W0tuaWdodCdzIE5lbWVzaXNdClJlcXVlc3QgZnJvbSBDaGlhYgpMb2NhdGlvbjogR2xhc3RoZWltClRhcmdldDogRGVmZWF0IDMwIFdhbmRlcmVyClJld2FyZDogRXhwIDMwMDAwMCwgSmV4cCAzMDAwMDAsIDEgRWRlbiBHcm91cCBDb2lu,,,,,W1ZpYWphbnRlIHNlbSBSdW1vXQpTb2xpY2l0YcOnw6NvIGRvIFRlbXBsw6FyaW8gVGhpYWdvCkxvY2FsOiBHbGFzdGhlaW0KT2JqZXRpdm86IENhY2UgMzAgQW5kYXJpbGhvcwpSZWNvbXBlbnNhOiBFWFAgYmFzZSAzMDAwMDAsIEVYUCBjbGFzc2UgMzAwMDAwLCAxIE1vZWRhIGRvIMOJZGVu,,W0VsIGVuZW1pZ28ganVyYWRvIGRlIHVuIGNhYmFsbGVyb10KU29saWNpdHVkIGRlIENoaWF2ZQpVYmljYWNpw7NuOiBHbGFzdGhlaW0KT2JqZXRpdm86IERlcnJvdGEgYSAzMCBWYWdhYnVuZG9zClByZW1pbzogMzAwIDAwMCBkZSBFWFAsIDMwMCAwMDAgZGUgRVhQIGRlIGNsYXNlLCAxIG1vbmVkYSBkZWwgR3J1cG8gZGVsIEVkw6lu
aqtJCg,,UmVxdWVzdCBmcm9tIENoaWFiCl40RDRERkZbS25pZ2h0J3MgTmVtZXNpc11eMDAwMDAwIFF1ZXN0IGFjY2VwdGVkLg==,,,,,QSBzb2xpY2l0YcOnw6NvIGRvIFRlbXBsw6FyaW8gVGhpYWdvCl40RDRERkZbVmlhamFudGUgc2VtIFJ1bW9dXjAwMDAwMCBmb2kgYWNlaXRhLg==,,U29saWNpdHVkIGRlIENoaWF2ZQpeNEQ0REZGW0VsIGVuZW1pZ28ganVyYWRvIGRlIHVuIGNhYmFsbGVyb11eMDAwMDAwIE1pc2nDs24gYWNlcHRhZGEu
a6tJCg,,W1JlcXVlc3QgQ29tcGxldGVkXQpMb2NhdGlvbjogR2xhc3RoZWltClRhcmdldDogRGVmZWF0IDEwIEFieXNtYWwgS25pZ2h0ClJld2FyZDogRXhwIDMwMDAwMCwgSmV4cCAzMDAwMDAsIDEgRWRlbiBHcm91cCBDb2lu,,,,,W01pc3PDo28gY29tcGxldGFdCkxvY2FsOiBHbGFzdGhlaW0KT2JqZXRpdm86IENhw6dhciAxMCBDYXZhbGVpcm9zIGRvIEFiaXNtbwpSZWNvbXBlbnNhOiBFWFAgYmFzZSAzMDAwMDAsIEVYUCBjbGFzc2UgMzAwMDAwLCAxIE1vZWRhIGRvIMOJZGVu,,W1NvbGljaXR1ZCBjb21wbGV0YWRhXQpVYmljYWNpw7NuOiBHbGFzdGhlaW0KT2JqZXRpdm86IERlcnJvdGEgYSAxMCBDYWJhbGxlcm9zIGFiaXNtYWxlcwpQcmVtaW86IDMwMCAwMDAgZGUgRVhQLCAzMDAgMDAwIGRlIEVYUCBkZSBjbGFzZSwgMSBtb25lZGEgZGVsIEdydXBvIGRlbCBFZMOpbg==
bKtJCg,,W0EgV29ydGh5IE9wcG9uZW50XQpSZXF1ZXN0IGZyb20gQ2hpYWIKTG9jYXRpb246IEdsYXN0aGVpbQpUYXJnZXQ6IERlZmVhdCAxMCBBYnlzbWFsIEtuaWdodApSZXdhcmQ6IEV4cCAzMDAwMDAsIEpleHAgMzAwMDAwLCAxIEVkZW4gR3JvdXAgQ29pbg==,,,,,W0luaW1pZ28gw6AgQWx0dXJhXQpTb2xpY2l0YcOnw6NvIGRvIFRlbXBsw6FyaW8gVGhpYWdvCkxvY2FsOiBHbGFzdGhlaW0KT2JqZXRpdm86IENhw6dhciAxMCBDYXZhbGVpcm9zIGRvIEFiaXNtbwpSZWNvbXBlbnNhOiBFWFAgYmFzZSAzMDAwMDAsIEVYUCBjbGFzc2UgMzAwMDAwLCAxIE1vZWRhIGRvIMOJZGVu,,W1VuIG9wb25lbnRlIGRpZ25vXQpTb2xpY2l0dWQgZGUgQ2hpYXZlClViaWNhY2nDs246IEdsYXN0aGVpbQpPYmpldGl2bzogRGVycm90YSBhIDEwIENhYmFsbGVyb3MgYWJpc21hbGVzClByZW1pbzogMzAwIDAwMCBkZSBFWFAsIDMwMCAwMDAgZGUgRVhQIGRlIGNsYXNlLCAxIG1vbmVkYSBkZWwgR3J1cG8gZGVsIEVkw6lu
batJCg,,UmVxdWVzdCBmcm9tIENoaWFiCl40RDRERkZbQSBXb3J0aHkgT3Bwb25lbnRdXjAwMDAwMCBRdWVzdCBhY2NlcHRlZC4=,,,,,QSBzb2xpY2l0YcOnw6NvIGRvIFRlbXBsw6FyaW8gVGhpYWdvCl40RDRERkZbSW5pbWlnbyDDoCBBbHR1cmFdXjAwMDAwMCBmb2kgYWNlaXRhLg==,,U29saWNpdHVkIGRlIENoaWF2ZQpeNEQ0REZGW1VuIG9wb25lbnRlIGRpZ25vXV4wMDAwMDAgTWlzacOzbiBhY2VwdGFkYS4=
bqtJCg,,W1JlcXVlc3QgQ29tcGxldGVkXQpMb2NhdGlvbjogU3BsZW5kaWRlIEZpZWxkClRhcmdldDogRGVmZWF0IDMwIFBpbmd1aWN1bGEKUmV3YXJkOiBFeHAgMTYwMDAwLCBKZXhwIDE2MDAwMCwgMSBFZGVuIEdyb3VwIENvaW4=,,,,,W01pc3PDo28gY29tcGxldGFdCkxvY2FsOiBDYW1wbyBFc3BsZW5kb3IKT2JqZXRpdm86IENhw6dhciAzMCBQaW5ndWljdWxhcwpSZWNvbXBlbnNhOiBFWFAgYmFzZSAxNjAwMDAsIEVYUCBjbGFzc2UgMTYwMDAwLCAxIE1vZWRhIGRvIMOJZGVu,,W1NvbGljaXR1ZCBjb21wbGV0YWRhXQpVYmljYWNpw7NuOiBDYW1wbyBkZSBTcGxlbmRpZGUKT2JqZXRpdm86IERlcnJvdGEgYSAzMCBQaW5ndWljdWxhClByZW1pbzogMTYwMDAwIGRlIEVYUCwgMTYwMDAwIGRlIEVYUCBkZSBjbGFzZSwgMSBtb25lZGEgZGVsIEdydXBvIGRlbCBFZMOpbg==
b6tJCg,,W0dpcmwgd2l0aCBMZWF2ZXNdClllcm5lJ3MgUmVxdWVzdCBmcm9tIE1pZGdhcmQgQWxsaWVkIEZvcmNlcyBQb3N0IEFyZWEKTG9jYXRpb246IFNwbGVuZGlkZSBGaWVsZApUYXJnZXQ6IERlZmVhdCAzMCBQaW5ndWljdWxhClJld2FyZDogRXhwIDE2MDAwMCwgSmV4cCAxNjAwMDAsIDEgRWRlbiBHcm91cCBDb2lu,,,,,W01lbmluYSBkYXMgRmxvcmVzXQpTb2xpY2l0YcOnw6NvIGRvIGpvdmVtIFplY2EKTG9jYWw6IENhbXBvIEVzcGxlbmRvcgpPYmpldGl2bzogQ2HDp2FyIDMwIFBpbmd1aWN1bGFzClJlY29tcGVuc2E6IEVYUCBiYXNlIDE2MDAwMCwgRVhQIGNsYXNzZSAxNjAwMDAsIDEgTW9lZGEgZG8gw4lkZW4=,,W0NoaWNhIGNvbiBob2phc10KU29saWNpdHVkIGRlIFllcm5lIGVuIGxhIHpvbmEgZGVsIHB1ZXN0byBkZSBsYXMgRnVlcnphcyBBbGlhZGFzIGRlIE1pZGdhcmQKVWJpY2FjacOzbjogQ2FtcG8gZGUgU3BsZW5kaWRlCk9iamV0aXZvOiBEZXJyb3RhIGEgMzAgUGluZ3VpY3VsYQpQcmVtaW86IDE2MDAwMCBkZSBFWFAsIDE2MDAwMCBkZSBFWFAgZGUgY2xhc2UsIDEgbW9uZWRhIGRlbCBHcnVwbyBkZWwgRWTDqW4=
cKtJCg,,WWVybmUncyBSZXF1ZXN0IGZyb20gTWlkZ2FyZCBBbGxpZWQgRm9yY2VzIFBvc3QgQXJlYQpeNEQ0REZGW0dpcmwgd2l0aCBMZWF2ZXNdXjAwMDAwMCBRdWVzdCBhY2NlcHRlZC4=,,,,,QSBzb2xpY2l0YcOnw6NvIGRvIGpvdmVtIFplY2EKXjRENERGRltNZW5pbmEgZGFzIEZsb3Jlc11eMDAwMDAwIGZvaSBhY2VpdGEu,,U29saWNpdHVkIGRlIFllcm5lIGVuIGxhIHpvbmEgZGVsIHB1ZXN0byBkZSBsYXMgRnVlcnphcyBBbGlhZGFzIGRlIE1pZGdhcmQKXjRENERGRltDaGljYSBjb24gaG9qYXNdXjAwMDAwMCBNaXNpw7NuIGFjZXB0YWRhLg==
catJCg,,W1JlcXVlc3QgQ29tcGxldGVkXQpMb2NhdGlvbjogU3BsZW5kaWRlIEZpZWxkClRhcmdldDogRGVmZWF0IDMwIEx1Y2lvbGEgVmVzcGEKUmV3YXJkOiBFeHAgMjAwMDAwLCBKZXhwIDIwMDAwMCwgMSBFZGVuIEdyb3VwIENvaW4=,,,,,W01pc3PDo28gY29tcGxldGFdCkxvY2FsOiBDYW1wbyBFc3BsZW5kb3IKT2JqZXRpdm86IENhw6dhciAzMCBWZXNwYXMtVmFnYWx1bWVzClJlY29tcGVuc2E6IEVYUCBiYXNlIDIwMDAwMCwgRVhQIGNsYXNzZSAyMDAwMDAsIDEgTW9lZGEgZG8gw4lkZW4=,,W1NvbGljaXR1ZCBjb21wbGV0YWRhXQpVYmljYWNpw7NuOiBDYW1wbyBkZSBTcGxlbmRpZGUKT2JqZXRpdm86IERlcnJvdGEgYSAzMCBMdWNpb2xhIHZlc3BhClByZW1pbzogMjAwMDAwIGRlIEVYUCwgMjAwMDAwIGRlIEVYUCBkZSBjbGFzZSwgMSBtb25lZGEgZGVsIEdydXBvIGRlbCBFZMOpbg==
cqtJCg,,W0VsZWN0cmlmeWluZyBCZWF1dHldClllcm5lJ3MgUmVxdWVzdCBmcm9tIE1pZGdhcmQgQWxsaWVkIEZvcmNlcyBQb3N0IEFyZWEKTG9jYXRpb246IFNwbGVuZGlkZSBGaWVsZApUYXJnZXQ6IERlZmVhdCAzMCBMdWNpb2xhIFZlc3BhClJld2FyZDogRXhwIDIwMDAwMCwgSmV4cCAyMDAwMDAsIDEgRWRlbiBHcm91cCBDb2lu,,,,,W0JyaWxobyBGYXRhbF0KU29saWNpdGHDp8OjbyBkbyBqb3ZlbSBaZWNhCkxvY2FsOiBDYW1wbyBFc3BsZW5kb3IKT2JqZXRpdm86IENhw6dhciAzMCBWZXNwYXMtVmFnYWx1bWVzClJlY29tcGVuc2E6IEVYUCBiYXNlIDIwMDAwMCwgRVhQIGNsYXNzZSAyMDAwMDAsIDEgTW9lZGEgZG8gw4lkZW4=,,W0JlbGxlemEgZWxlY3RyaXphbnRlXQpTb2xpY2l0dWQgZGUgWWVybmUgZW4gbGEgem9uYSBkZWwgcHVlc3RvIGRlIGxhcyBGdWVyemFzIEFsaWFkYXMgZGUgTWlkZ2FyZApVYmljYWNpw7NuOiBDYW1wbyBkZSBTcGxlbmRpZGUKT2JqZXRpdm86IERlcnJvdGEgYSAzMCBMdWNpb2xhIHZlc3BhClByZW1pbzogMjAwMDAwIGRlIEVYUCwgMjAwMDAwIGRlIEVYUCBkZSBjbGFzZSwgMSBtb25lZGEgZGVsIEdydXBvIGRlbCBFZMOpbg==
c6tJCg,,WWVybmUncyBSZXF1ZXN0IGZyb20gTWlkZ2FyZCBBbGxpZWQgRm9yY2VzIFBvc3QgQXJlYQpeNEQ0REZGW0VsZWN0cmlmeWluZyBCZWF1dHldXjAwMDAwMCBRdWVzdCBhY2NlcHRlZC4=,,,,,QSBzb2xpY2l0YcOnw6NvIGRvIGpvdmVtIFplY2EKXjRENERGRltCcmlsaG8gRmF0YWxdXjAwMDAwMCBmb2kgYWNlaXRhLg==,,U29saWNpdHVkIGRlIFllcm5lIGVuIGxhIHpvbmEgZGVsIHB1ZXN0byBkZSBsYXMgRnVlcnphcyBBbGlhZGFzIGRlIE1pZGdhcmQKXjRENERGRltCZWxsZXphIGVsZWN0cml6YW50ZV1eMDAwMDAwIE1pc2nDs24gYWNlcHRhZGEu
dKtJCg,,W1JlcXVlc3QgQ29tcGxldGVkXQpMb2NhdGlvbjogU3BsZW5kaWRlIEZpZWxkClRhcmdldDogRGVmZWF0IDEgVGVuZHJpbGxpb24KUmV3YXJkOiBFeHAgMjYwMDAwLCBKZXhwIDI2MDAwMCwgMSBFZGVuIEdyb3VwIENvaW4=,,,,,W01pc3PDo28gY29tcGxldGFdCkxvY2FsOiBDYW1wbyBFc3BsZW5kb3IKT2JqZXRpdm86IENhw6dhciAxIExlw6NvIGRlIFZpbmhhcwpSZWNvbXBlbnNhOiBFWFAgYmFzZSAyNjAwMDAsIEVYUCBjbGFzc2UgMjYwMDAwLCAxIE1vZWRhIGRvIMOJZGVu,,W1NvbGljaXR1ZCBjb21wbGV0YWRhXQpVYmljYWNpw7NuOiBDYW1wbyBkZSBTcGxlbmRpZGUKT2JqZXRpdm86IERlcnJvdGEgYSAxIExlw7NuIGVucmVkYWRlcmEKUHJlbWlvOiAyNjAwMDAgZGUgRVhQLCAyNjAwMDAgZGUgRVhQIGRlIGNsYXNlLCAxIG1vbmVkYSBkZWwgR3J1cG8gZGVsIEVkw6lu
datJCg,,W0tpbmcgb2YgdGhlIE90aGVyd29ybGRdClllcm5lJ3MgUmVxdWVzdCBmcm9tIE1pZGdhcmQgQWxsaWVkIEZvcmNlcyBQb3N0IEFyZWEKTG9jYXRpb246IFNwbGVuZGlkZSBGaWVsZApUYXJnZXQ6IERlZmVhdCAxIFRlbmRyaWxsaW9uClJld2FyZDogRXhwIDI2MDAwMCwgSmV4cCAyNjAwMDAsIDEgRWRlbiBHcm91cCBDb2lu,,,,,W1JlaSBkbyBOb3ZvIE11bmRvXQpTb2xpY2l0YcOnw6NvIGRvIGpvdmVtIFplY2EKTG9jYWw6IENhbXBvIEVzcGxlbmRvcgpPYmpldGl2bzogQ2HDp2FyIDEgTGXDo28gZGUgVmluaGFzClJlY29tcGVuc2E6IEVYUCBiYXNlIDI2MDAwMCwgRVhQIGNsYXNzZSAyNjAwMDAsIDEgTW9lZGEgZG8gw4lkZW4=,,W1JleSBkZWwgb3RybyBtdW5kb10KU29saWNpdHVkIGRlIFllcm5lIGVuIGxhIHpvbmEgZGVsIHB1ZXN0byBkZSBsYXMgRnVlcnphcyBBbGlhZGFzIGRlIE1pZGdhcmQKVWJpY2FjacOzbjogQ2FtcG8gZGUgU3BsZW5kaWRlCk9iamV0aXZvOiBEZXJyb3RhIGEgMSBMZcOzbiBlbnJlZGFkZXJhClByZW1pbzogMjYwMDAwIGRlIEVYUCwgMjYwMDAwIGRlIEVYUCBkZSBjbGFzZSwgMSBtb25lZGEgZGVsIEdydXBvIGRlbCBFZMOpbg==
dqtJCg,,WWVybmUncyBSZXF1ZXN0IGZyb20gTWlkZ2FyZCBBbGxpZWQgRm9yY2VzIFBvc3QgQXJlYQpeNEQ0REZGW0tpbmcgb2YgdGhlIE90aGVyd29ybGRdXjAwMDAwMCBRdWVzdCBhY2NlcHRlZC4=,,,,,QSBzb2xpY2l0YcOnw6NvIGRvIGpvdmVtIFplY2EKXjRENERGRltSZWkgZG8gTm92byBNdW5kb11eMDAwMDAwIGZvaSBhY2VpdGEu,,U29saWNpdHVkIGRlIFllcm5lIGVuIGxhIHpvbmEgZGVsIHB1ZXN0byBkZSBsYXMgRnVlcnphcyBBbGlhZGFzIGRlIE1pZGdhcmQKXjRENERGRltSZXkgZGVsIG90cm8gbXVuZG9dXjAwMDAwMCBNaXNpw7NuIGFjZXB0YWRhLg==
d6tJCg,,W1JlcXVlc3QgQ29tcGxldGVkXQpMb2NhdGlvbjogU3BsZW5kaWRlIEZpZWxkClRhcmdldDogRGVmZWF0IDMwIERhcmsgUGluZ3VpY3VsYQpSZXdhcmQ6IEV4cCAzMDAwMDAsIEpleHAgMzAwMDAwLCAxIEVkZW4gR3JvdXAgQ29pbg==,,,,,W01pc3PDo28gY29tcGxldGFdCkxvY2FsOiBDYW1wbyBFc3BsZW5kb3IKT2JqZXRpdm86IENhw6dhciAzMCBQaW5ndWljdWxhIFNvbWJyaWEKUmVjb21wZW5zYTogRVhQIGJhc2UgMzAwMDAwLCBFWFAgY2xhc3NlIDMwMDAwMCwgMSBNb2VkYSBkbyDDiWRlbg==,,W1NvbGljaXR1ZCBjb21wbGV0YWRhXQpVYmljYWNpw7NuOiBDYW1wbyBkZSBTcGxlbmRpZGUKT2JqZXRpdm86IERlcnJvdGEgYSAzMCBQaW5ndWljdWxhIG9zY3VyYQpQcmVtaW86IDMwMDAwMCBkZSBFWFAsIDMwMDAwMCBkZSBFWFAgZGUgY2xhc2UsIDEgbW9uZWRhIGRlbCBHcnVwbyBkZWwgRWTDqW4=
eKtJCg,,W0xhZHkgd2l0aCBMZWF2ZXNdClllcm5lJ3MgUmVxdWVzdCBmcm9tIE1pZGdhcmQgQWxsaWVkIEZvcmNlcyBQb3N0IEFyZWEKTG9jYXRpb246IFNwbGVuZGlkZSBGaWVsZApUYXJnZXQ6IERlZmVhdCAzMCBEYXJrIFBpbmd1aWN1bGEKUmV3YXJkOiBFeHAgMzAwMDAwLCBKZXhwIDMwMDAwMCwgMSBFZGVuIEdyb3VwIENvaW4=,,,,,W01lbmluYSBWZW5lbm9dClNvbGljaXRhw6fDo28gZG8gam92ZW0gWmVjYQpMb2NhbDogQ2FtcG8gRXNwbGVuZG9yCk9iamV0aXZvOiBDYcOnYXIgMzAgUGluZ3VpY3VsYSBTb21icmlhClJlY29tcGVuc2E6IEVYUCBiYXNlIDMwMDAwMCwgRVhQIGNsYXNzZSAzMDAwMDAsIDEgTW9lZGEgZG8gw4lkZW4=,,W0RhbWEgY29uIGhvamFzXQpTb2xpY2l0dWQgZGUgWWVybmUgZW4gbGEgem9uYSBkZWwgcHVlc3RvIGRlIGxhcyBGdWVyemFzIEFsaWFkYXMgZGUgTWlkZ2FyZApVYmljYWNpw7NuOiBDYW1wbyBkZSBTcGxlbmRpZGUKT2JqZXRpdm86IERlcnJvdGEgYSAzMCBQaW5ndWljdWxhIG9zY3VyYQpQcmVtaW86IDMwMDAwMCBkZSBFWFAsIDMwMDAwMCBkZSBFWFAgZGUgY2xhc2UsIDEgbW9uZWRhIGRlbCBHcnVwbyBkZWwgRWTDqW4=
eatJCg,,WWVybmUncyBSZXF1ZXN0IGZyb20gTWlkZ2FyZCBBbGxpZWQgRm9yY2VzIFBvc3QgQXJlYQpeNEQ0REZGW0xhZHkgd2l0aCBMZWF2ZXNdXjAwMDAwMCBRdWVzdCBhY2NlcHRlZC4=,,,,,QSBzb2xpY2l0YcOnw6NvIGRvIGpvdmVtIFplY2EKXjRENERGRltNZW5pbmEgVmVuZW5vXV4wMDAwMDAgZm9pIGFjZWl0YS4=,,U29saWNpdHVkIGRlIFllcm5lIGVuIGxhIHpvbmEgZGVsIHB1ZXN0byBkZSBsYXMgRnVlcnphcyBBbGlhZGFzIGRlIE1pZGdhcmQKXjRENERGRltEYW1hIGNvbiBob2phc11eMDAwMDAwIE1pc2nDs24gYWNlcHRhZGEu
eqtJCg,,W1JlcXVlc3QgQ29tcGxldGVkXQpMb2NhdGlvbjogTWFudWsgRmllbGQKVGFyZ2V0OiBEZWZlYXQgMzAgTmVwaGVudGVzClJld2FyZDogRXhwIDMwMDAwMCwgSmV4cCAzMDAwMDAsIDEgRWRlbiBHcm91cCBDb2lu,,,,,W01pc3PDo28gY29tcGxldGFdCkxvY2FsOiBDYW1wbyBNYW51a2EKT2JqZXRpdm86IENhw6dhciAzMCBOZXBoZW50ZXMKUmVjb21wZW5zYTogRVhQIGJhc2UgMzAwMDAwLCBFWFAgY2xhc3NlIDMwMDAwMCwgMSBNb2VkYSBkbyDDiWRlbg==,,W1NvbGljaXR1ZCBjb21wbGV0YWRhXQpVYmljYWNpw7NuOiBDYW1wbyBkZSBNYW51awpPYmpldGl2bzogRGVycm90YSBhIDMwIE5lcGVudGhlcwpQcmVtaW86IDMwMDAwMCBkZSBFWFAsIDMwMDAwMCBkZSBFWFAgZGUgY2xhc2UsIDEgbW9uZWRhIGRlbCBHcnVwbyBkZWwgRWTDqW4=
e6tJCg,,W0RyaWVkIEZsb3dlciBCb29rbWFya10KWWVybmUncyBSZXF1ZXN0IGZyb20gTWlkZ2FyZCBBbGxpZWQgRm9yY2VzIFBvc3QgQXJlYQpMb2NhdGlvbjogTWFudWsgRmllbGQKVGFyZ2V0OiBEZWZlYXQgMzAgTmVwaGVudGVzClJld2FyZDogRXhwIDMwMDAwMCwgSmV4cCAzMDAwMDAsIDEgRWRlbiBHcm91cCBDb2lu,,,,,W01hcmNhZG9yIGRlIFDDoWdpbmFzXQpTb2xpY2l0YcOnw6NvIGRvIGpvdmVtIFplY2EKTG9jYWw6IENhbXBvIE1hbnVrYQpPYmpldGl2bzogQ2HDp2FyIDMwIE5lcGhlbnRlcwpSZWNvbXBlbnNhOiBFWFAgYmFzZSAzMDAwMDAsIEVYUCBjbGFzc2UgMzAwMDAwLCAxIE1vZWRhIGRvIMOJZGVu,,W01hcmNhZG9yIGRlIGZsb3JlcyBzZWNhc10KU29saWNpdHVkIGRlIFllcm5lIGVuIGxhIHpvbmEgZGVsIHB1ZXN0byBkZSBsYXMgRnVlcnphcyBBbGlhZGFzIGRlIE1pZGdhcmQKVWJpY2FjacOzbjogQ2FtcG8gZGUgTWFudWsKT2JqZXRpdm86IERlcnJvdGEgYSAzMCBOZXBlbnRoZXMKUHJlbWlvOiAzMDAwMDAgZGUgRVhQLCAzMDAwMDAgZGUgRVhQIGRlIGNsYXNlLCAxIG1vbmVkYSBkZWwgR3J1cG8gZGVsIEVkw6lu
fKtJCg,,WWVybmUncyBSZXF1ZXN0IGZyb20gTWlkZ2FyZCBBbGxpZWQgRm9yY2VzIFBvc3QgQXJlYQpeNEQ0REZGW0RyaWVkIEZsb3dlciBCb29rbWFya11eMDAwMDAwIFF1ZXN0IGFjY2VwdGVkLg==,,,,,QSBzb2xpY2l0YcOnw6NvIGRvIGpvdmVtIFplY2EKXjRENERGRltNYXJjYWRvciBkZSBQw6FnaW5hc11eMDAwMDAwIGZvaSBhY2VpdGEu,,U29saWNpdHVkIGRlIFllcm5lIGVuIGxhIHpvbmEgZGVsIHB1ZXN0byBkZSBsYXMgRnVlcnphcyBBbGlhZGFzIGRlIE1pZGdhcmQKXjRENERGRltNYXJjYWRvciBkZSBmbG9yZXMgc2VjYXNdXjAwMDAwMCBNaXNpw7NuIGFjZXB0YWRhLg==
fatJCg,,W1JlcXVlc3QgQ29tcGxldGVkXQpMb2NhdGlvbjogU3BsZW5kaWRlIEZpZWxkClRhcmdldDogRGVmZWF0IDMwIE5hZ2EKUmV3YXJkOiBFeHAgMzAwMDAwLCBKZXhwIDMwMDAwMCwgMSBFZGVuIEdyb3VwIENvaW4=,,,,,W01pc3PDo28gY29tcGxldGFdCkxvY2FsOiBDYW1wbyBFc3BsZW5kb3IKT2JqZXRpdm86IENhw6dhciAzMCBOYWdhcwpSZWNvbXBlbnNhOiBFWFAgYmFzZSAzMDAwMDAsIEVYUCBjbGFzc2UgMzAwMDAwLCAxIE1vZWRhIGRvIMOJZGVu,,W1NvbGljaXR1ZCBjb21wbGV0YWRhXQpVYmljYWNpw7NuOiBDYW1wbyBkZSBTcGxlbmRpZGUKT2JqZXRpdm86IERlcnJvdGEgYSAzMCBOYWdhClByZW1pbzogMzAwMDAwIGRlIEVYUCwgMzAwMDAwIGRlIEVYUCBkZSBjbGFzZSwgMSBtb25lZGEgZGVsIEdydXBvIGRlbCBFZMOpbg==
fqtJCg,,W0dvb2QuLi4gTXVzY2xlIV0KWWVybmUncyBSZXF1ZXN0IGZyb20gTWlkZ2FyZCBBbGxpZWQgRm9yY2VzIFBvc3QgQXJlYQpMb2NhdGlvbjogU3BsZW5kaWRlIEZpZWxkClRhcmdldDogRGVmZWF0IDMwIE5hZ2EKUmV3YXJkOiBFeHAgMzAwMDAwLCBKZXhwIDMwMDAwMCwgMSBFZGVuIEdyb3VwIENvaW4=,,,,,W0JlbG9zIE3DunNjdWxvcyFdClNvbGljaXRhw6fDo28gZG8gam92ZW0gWmVjYQpMb2NhbDogQ2FtcG8gRXNwbGVuZG9yCk9iamV0aXZvOiBDYcOnYXIgMzAgTmFnYXMKUmVjb21wZW5zYTogRVhQIGJhc2UgMzAwMDAwLCBFWFAgY2xhc3NlIDMwMDAwMCwgMSBNb2VkYSBkbyDDiWRlbg==,,W8KhQnVlbm9zLi4uIG3DunNjdWxvcyFdClNvbGljaXR1ZCBkZSBZZXJuZSBlbiBsYSB6b25hIGRlbCBwdWVzdG8gZGUgbGFzIEZ1ZXJ6YXMgQWxpYWRhcyBkZSBNaWRnYXJkClViaWNhY2nDs246IENhbXBvIGRlIFNwbGVuZGlkZQpPYmpldGl2bzogRGVycm90YSBhIDMwIE5hZ2EKUHJlbWlvOiAzMDAwMDAgZGUgRVhQLCAzMDAwMDAgZGUgRVhQIGRlIGNsYXNlLCAxIG1vbmVkYSBkZWwgR3J1cG8gZGVsIEVkw6lu
f6tJCg,,WWVybmUncyBSZXF1ZXN0IGZyb20gTWlkZ2FyZCBBbGxpZWQgRm9yY2VzIFBvc3QgQXJlYQpeNEQ0REZGW0dvb2QuLi4gTXVzY2xlIV1eMDAwMDAwIFF1ZXN0IGFjY2VwdGVkLg==,,,,,QSBzb2xpY2l0YcOnw6NvIGRvIGpvdmVtIFplY2EKXjRENERGRltCZWxvcyBNw7pzY3Vsb3MhXV4wMDAwMDAgZm9pIGFjZWl0YS4=,,U29saWNpdHVkIGRlIFllcm5lIGVuIGxhIHpvbmEgZGVsIHB1ZXN0byBkZSBsYXMgRnVlcnphcyBBbGlhZGFzIGRlIE1pZGdhcmQKXjRENERGRlvCoUJ1ZW5vcy4uLiBtw7pzY3Vsb3MhXV4wMDAwMDAgTWlzacOzbiBhY2VwdGFkYS4=
gKtJCg,,W1JlcXVlc3QgQ29tcGxldGVkXQpMb2NhdGlvbjogU3BsZW5kaWRlIEZpZWxkClRhcmdldDogRGVmZWF0IDMwIENvcm51cwpSZXdhcmQ6IEV4cCAzMDAwMDAsIEpleHAgMzAwMDAwLCAxIEVkZW4gR3JvdXAgQ29pbg==,,,,,W01pc3PDo28gY29tcGxldGFdCkxvY2FsOiBDYW1wbyBFc3BsZW5kb3IKT2JqZXRpdm86IENhw6dhciAzMCBDb3JudXMKUmVjb21wZW5zYTogRVhQIGJhc2UgMzAwMDAwLCBFWFAgY2xhc3NlIDMwMDAwMCwgMSBNb2VkYSBkbyDDiWRlbg==,,W1NvbGljaXR1ZCBjb21wbGV0YWRhXQpVYmljYWNpw7NuOiBDYW1wbyBkZSBTcGxlbmRpZGUKT2JqZXRpdm86IERlcnJvdGEgYSAzMCBDb3JudXMKUHJlbWlvOiAzMDAwMDAgZGUgRVhQLCAzMDAwMDAgZGUgRVhQIGRlIGNsYXNlLCAxIG1vbmVkYSBkZWwgR3J1cG8gZGVsIEVkw6lu
gatJCg,,W0xpa2Ugc29tZXRoaW5nIG91dCBvZiBhIGZhaXJ5IHRhbGVdClllcm5lJ3MgUmVxdWVzdCBmcm9tIE1pZGdhcmQgQWxsaWVkIEZvcmNlcyBQb3N0IEFyZWEKTG9jYXRpb246IFNwbGVuZGlkZSBGaWVsZApUYXJnZXQ6IERlZmVhdCAzMCBDb3JudXMKUmV3YXJkOiBFeHAgMzAwMDAwLCBKZXhwIDMwMDAwMCwgMSBFZGVuIEdyb3VwIENvaW4=,,,,,W0NvbnRvIGRlIEZhZGFzXQpTb2xpY2l0YcOnw6NvIGRvIGpvdmVtIFplY2EKTG9jYWw6IENhbXBvIEVzcGxlbmRvcgpPYmpldGl2bzogQ2HDp2FyIDMwIENvcm51cwpSZWNvbXBlbnNhOiBFWFAgYmFzZSAzMDAwMDAsIEVYUCBjbGFzc2UgMzAwMDAwLCAxIE1vZWRhIGRvIMOJZGVu,,W0NvbW8gc2FsaWRvIGRlIHVuIGN1ZW50byBkZSBoYWRhc10KU29saWNpdHVkIGRlIFllcm5lIGVuIGxhIHpvbmEgZGVsIHB1ZXN0byBkZSBsYXMgRnVlcnphcyBBbGlhZGFzIGRlIE1pZGdhcmQKVWJpY2FjacOzbjogQ2FtcG8gZGUgU3BsZW5kaWRlCk9iamV0aXZvOiBEZXJyb3RhIGEgMzAgQ29ybnVzClByZW1pbzogMzAwMDAwIGRlIEVYUCwgMzAwMDAwIGRlIEVYUCBkZSBjbGFzZSwgMSBtb25lZGEgZGVsIEdydXBvIGRlbCBFZMOpbg==
gqtJCg,,WWVybmUncyBSZXF1ZXN0IGZyb20gTWlkZ2FyZCBBbGxpZWQgRm9yY2VzIFBvc3QgQXJlYQpeNEQ0REZGW0xpa2Ugc29tZXRoaW5nIG91dCBvZiBhIGZhaXJ5IHRhbGVdXjAwMDAwMCBRdWVzdCBhY2NlcHRlZC4=,,,,,QSBzb2xpY2l0YcOnw6NvIGRvIGpvdmVtIFplY2EKXjRENERGRltDb250byBkZSBGYWRhc11eMDAwMDAwIGZvaSBhY2VpdGEu,,U29saWNpdHVkIGRlIFllcm5lIGVuIGxhIHpvbmEgZGVsIHB1ZXN0byBkZSBsYXMgRnVlcnphcyBBbGlhZGFzIGRlIE1pZGdhcmQKXjRENERGRltDb21vIHNhbGlkbyBkZSB1biBjdWVudG8gZGUgaGFkYXNdXjAwMDAwMCBNaXNpw7NuIGFjZXB0YWRhLg==
g6tJCg,,W1JlcXVlc3QgQ29tcGxldGVkXQpMb2NhdGlvbjogTWFudWsgRmllbGQKVGFyZ2V0OiBEZWZlYXQgMjAgQ2VudGlwZWRlIExhcnZhClJld2FyZDogRXhwIDMwMDAwMCwgSmV4cCAzMDAwMDAsIDEgRWRlbiBHcm91cCBDb2lu,,,,,W01pc3PDo28gY29tcGxldGFdCkxvY2FsOiBDYW1wbyBNYW51a2EKT2JqZXRpdm86IENhw6dhciAyMCBMYXJ2YXMgZGUgQ2VudG9wZWlhClJlY29tcGVuc2E6IEVYUCBiYXNlIDMwMDAwMCwgRVhQIGNsYXNzZSAzMDAwMDAsIDEgTW9lZGEgZG8gw4lkZW4=,,W1NvbGljaXR1ZCBjb21wbGV0YWRhXQpVYmljYWNpw7NuOiBDYW1wbyBkZSBNYW51awpPYmpldGl2bzogRGVycm90YSBhIDIwIExhcnZhcyBkZSBFc2NvbG9wZW5kcmEKUHJlbWlvOiAzMDAwMDAgZGUgRVhQLCAzMDAwMDAgZGUgRVhQIGRlIGNsYXNlLCAxIG1vbmVkYSBkZWwgR3J1cG8gZGVsIEVkw6lu
hKtJCg,,W1N0aW11bGF0aW5nIENoYXJtXQpZZXJuZSdzIFJlcXVlc3QgZnJvbSBNaWRnYXJkIEFsbGllZCBGb3JjZXMgUG9zdCBBcmVhCkxvY2F0aW9uOiBNYW51ayBGaWVsZApUYXJnZXQ6IERlZmVhdCAyMCBDZW50aXBlZGUgTGFydmEKUmV3YXJkOiBFeHAgMzAwMDAwLCBKZXhwIDMwMDAwMCwgMSBFZGVuIEdyb3VwIENvaW4=,,,,,W0VzcGluaG9zIFBlcmlnb3Nvc10KU29saWNpdGHDp8OjbyBkbyBqb3ZlbSBaZWNhCkxvY2FsOiBDYW1wbyBNYW51a2EKT2JqZXRpdm86IENhw6dhciAyMCBMYXJ2YXMgZGUgQ2VudG9wZWlhClJlY29tcGVuc2E6IEVYUCBiYXNlIDMwMDAwMCwgRVhQIGNsYXNzZSAzMDAwMDAsIDEgTW9lZGEgZG8gw4lkZW4=,,W0NhcmlzbWEgZXN0aW11bGFudGVdClNvbGljaXR1ZCBkZSBZZXJuZSBlbiBsYSB6b25hIGRlbCBwdWVzdG8gZGUgbGFzIEZ1ZXJ6YXMgQWxpYWRhcyBkZSBNaWRnYXJkClViaWNhY2nDs246IENhbXBvIGRlIE1hbnVrCk9iamV0aXZvOiBEZXJyb3RhIGEgMjAgTGFydmFzIGRlIEVzY29sb3BlbmRyYQpQcmVtaW86IDMwMDAwMCBkZSBFWFAsIDMwMDAwMCBkZSBFWFAgZGUgY2xhc2UsIDEgbW9uZWRhIGRlbCBHcnVwbyBkZWwgRWTDqW4=
hatJCg,,WWVybmUncyBSZXF1ZXN0IGZyb20gTWlkZ2FyZCBBbGxpZWQgRm9yY2VzIFBvc3QgQXJlYQpeNEQ0REZGW1N0aW11bGF0aW5nIENoYXJtXV4wMDAwMDAgUXVlc3QgYWNjZXB0ZWQu,,,,,QSBzb2xpY2l0YcOnw6NvIGRvIGpvdmVtIFplY2EKXjRENERGRltFc3BpbmhvcyBQZXJpZ29zb3NdXjAwMDAwMCBmb2kgYWNlaXRhLg==,,U29saWNpdHVkIGRlIFllcm5lIGVuIGxhIHpvbmEgZGVsIHB1ZXN0byBkZSBsYXMgRnVlcnphcyBBbGlhZGFzIGRlIE1pZGdhcmQKXjRENERGRltDYXJpc21hIGVzdGltdWxhbnRlXV4wMDAwMDAgTWlzacOzbiBhY2VwdGFkYS4=
hqtJCg,,W1JlcXVlc3QgQ29tcGxldGVkXQpMb2NhdGlvbjogU3BsZW5kaWRlIEZpZWxkClRhcmdldDogQ29sbGVjdCAyMCBNeXN0aWMgSG9ybgpSZXdhcmQ6IEV4cCAzMDAwMDAsIEpleHAgMzAwMDAwLCAxIEVkZW4gR3JvdXAgQ29pbg==,,,,,W01pc3PDo28gY29tcGxldGFdCkxvY2FsOiBDYW1wbyBFc3BsZW5kb3IKT2JqZXRpdm86IENvbGV0YXIgMjAgQ2hpZnJlcyBNw61zdGljb3MKUmVjb21wZW5zYTogRVhQIGJhc2UgMzAwMDAwLCBFWFAgY2xhc3NlIDMwMDAwMCwgMSBNb2VkYSBkbyDDiWRlbg==,,W1NvbGljaXR1ZCBjb21wbGV0YWRhXQpVYmljYWNpw7NuOiBDYW1wbyBkZSBTcGxlbmRpZGUKT2JqZXRpdm86IFJlY29sZWN0YSAyMCBDdWVybm9zIG3DrXN0aWNvcwpQcmVtaW86IDMwMDAwMCBkZSBFWFAsIDMwMDAwMCBkZSBFWFAgZGUgY2xhc2UsIDEgbW9uZWRhIGRlbCBHcnVwbyBkZWwgRWTDqW4=
h6tJCg,,W0EgQ2VydGFpbiBNYWdpY2FsIEhvcm5dClllcm5lJ3MgUmVxdWVzdCBmcm9tIE1pZGdhcmQgQWxsaWVkIEZvcmNlcyBQb3N0IEFyZWEKTG9jYXRpb246IFNwbGVuZGlkZSBGaWVsZApUYXJnZXQ6IENvbGxlY3QgMjAgTXlzdGljIEhvcm4KUmV3YXJkOiBFeHAgMzAwMDAwLCBKZXhwIDMwMDAwMCwgMSBFZGVuIEdyb3VwIENvaW4=,,,,,W1BvZGVyIGRvIENoaWZyZV0KU29saWNpdGHDp8OjbyBkbyBqb3ZlbSBaZWNhCkxvY2FsOiBDYW1wbyBFc3BsZW5kb3IKT2JqZXRpdm86IENvbGV0YXIgMjAgQ2hpZnJlcyBNw61zdGljb3MKUmVjb21wZW5zYTogRVhQIGJhc2UgMzAwMDAwLCBFWFAgY2xhc3NlIDMwMDAwMCwgMSBNb2VkYSBkbyDDiWRlbg==,,W0NpZXJ0byBjdWVybm8gbcOhZ2ljb10KU29saWNpdHVkIGRlIFllcm5lIGVuIGxhIHpvbmEgZGVsIHB1ZXN0byBkZSBsYXMgRnVlcnphcyBBbGlhZGFzIGRlIE1pZGdhcmQKVWJpY2FjacOzbjogQ2FtcG8gZGUgU3BsZW5kaWRlCk9iamV0aXZvOiBSZWNvbGVjdGEgMjAgQ3Vlcm5vcyBtw61zdGljb3MKUHJlbWlvOiAzMDAwMDAgZGUgRVhQLCAzMDAwMDAgZGUgRVhQIGRlIGNsYXNlLCAxIG1vbmVkYSBkZWwgR3J1cG8gZGVsIEVkw6lu
iKtJCg,,WWVybmUncyBSZXF1ZXN0IGZyb20gTWlkZ2FyZCBBbGxpZWQgRm9yY2VzIFBvc3QgQXJlYQpeNEQ0REZGW0EgQ2VydGFpbiBNYWdpY2FsIEhvcm5dXjAwMDAwMCBRdWVzdCBhY2NlcHRlZC4=,,,,,QSBzb2xpY2l0YcOnw6NvIGRvIGpvdmVtIFplY2EKXjRENERGRltQb2RlciBkbyBDaGlmcmVdXjAwMDAwMCBmb2kgYWNlaXRhLg==,,U29saWNpdHVkIGRlIFllcm5lIGVuIGxhIHpvbmEgZGVsIHB1ZXN0byBkZSBsYXMgRnVlcnphcyBBbGlhZGFzIGRlIE1pZGdhcmQKXjRENERGRltDaWVydG8gY3Vlcm5vIG3DoWdpY29dXjAwMDAwMCBNaXNpw7NuIGFjZXB0YWRhLg==
iatJCg,,W1JlcXVlc3QgQ29tcGxldGVkXQpMb2NhdGlvbjogQXVkdW1ibGEgR3Jhc3NsYW5kClRhcmdldDogRGVmZWF0IDIwIEtvYm9sZCBBeGUsIDIwIEtvYm9sZCBIYW1tZXIsIGFuZCAyMCBLb2JvbGQgTWFjZQpSZXdhcmQ6IEV4cCAyNTAwMDAsIEpleHAgMjUwMDAwLCAyIEVkZW4gR3JvdXAgQ29pbg==,,,,,W01pc3PDo28gY29tcGxldGFdCkxvY2FsOiBWaWxhIGRvcyBLb2JvbGRzCk9iamV0aXZvOiBDYcOnYXIgMjAgS29ib2xkcyBkZSBNYWNoYWRvLCAyMCBLb2JvbGRzIGRlIE1hw6dhIGUgMjAgS29ib2xkcyBkZSBNYXJ0ZWxvClJlY29tcGVuc2E6IEVYUCBiYXNlIDI1MDAwMCwgRVhQIGNsYXNzZSAyNTAwMDAsIDIgTW9lZGFzIGRvIMOJZGVu,,W1NvbGljaXR1ZCBjb21wbGV0YWRhXQpVYmljYWNpw7NuOiBQcmFkZXJhIGRlIEF1ZGh1bWJsYQpPYmpldGl2bzogRGVycm90YSBhIDIwIEtvYm9sZHMgY29uIGhhY2hhLCAyMCBLb2JvbGRzIGNvbiBtYXJ0aWxsbyB5IDIwIEtvYm9sZHMgY29uIG1hemEKUHJlbWlvOiAyNTAwMDAgZGUgRVhQLCAyNTAwMDAgZGUgRVhQIGRlIGNsYXNlLCAyIG1vbmVkYXMgZGVsIEdydXBvIGRlbCBFZMOpbg==
iqtJCg,,W0dyYXNzbGFuZCBCcmF3bCAtIEtvYm9sZCBFZGl0aW9uXQpSZXF1ZXN0IGZyb20gSHVudGVyIEhhcmltIGluIElkYSBQbGFpbnMKTG9jYXRpb246IEF1ZHVtYmxhIEdyYXNzbGFuZApUYXJnZXQ6IERlZmVhdCAyMCBLb2JvbGQgQXhlLCAyMCBLb2JvbGQgSGFtbWVyLCBhbmQgMjAgS29ib2xkIE1hY2UKUmV3YXJkOiBFeHAgMjUwMDAwLCBKZXhwIDI1MDAwMCwgMiBFZGVuIEdyb3VwIENvaW4=,,,,,W1ZpbGFyZWpvIGRvcyBLb2JvbGRzXQpTb2xpY2l0YcOnw6NvIGRvIENhw6dhZG9yIEhhcmltCkxvY2FsOiBWaWxhIGRvcyBLb2JvbGRzCk9iamV0aXZvOiBDYcOnYXIgMjAgS29ib2xkcyBkZSBNYWNoYWRvLCAyMCBLb2JvbGRzIGRlIE1hw6dhIGUgMjAgS29ib2xkcyBkZSBNYXJ0ZWxvClJlY29tcGVuc2E6IEVYUCBiYXNlIDI1MDAwMCwgRVhQIGNsYXNzZSAyNTAwMDAsIDIgTW9lZGFzIGRvIMOJZGVu,,W0NvbnRpZW5kYSBlbiBsYSBwcmFkZXJhOiBlZGljacOzbiBLb2JvbGRdClNvbGljaXR1ZCBkZWwgQ2F6YWRvciBIYXJpbSBlbiBsYSBsbGFudXJhIGRlIElkYQpVYmljYWNpw7NuOiBQcmFkZXJhIGRlIEF1ZGh1bWJsYQpPYmpldGl2bzogRGVycm90YSBhIDIwIEtvYm9sZHMgY29uIGhhY2hhLCAyMCBLb2JvbGRzIGNvbiBtYXJ0aWxsbyB5IDIwIEtvYm9sZHMgY29uIG1hemEKUHJlbWlvOiAyNTAwMDAgZGUgRVhQLCAyNTAwMDAgZGUgRVhQIGRlIGNsYXNlLCAyIG1vbmVkYXMgZGVsIEdydXBvIGRlbCBFZMOpbg==
i6tJCg,,UmVxdWVzdCBmcm9tIEh1bnRlciBIYXJpbSBpbiBJZGEgUGxhaW5zCl40RDRERkZbR3Jhc3NsYW5kIEJyYXdsIC0gS29ib2xkIEVkaXRpb25dXjAwMDAwMCBRdWVzdCBhY2NlcHRlZC4=,,,,,QSBzb2xpY2l0YcOnw6NvIGRvIENhw6dhZG9yIEhhcmltCl40RDRERkZbVmlsYXJlam8gZG9zIEtvYm9sZHNdXjAwMDAwMCBmb2kgYWNlaXRhLg==,,U29saWNpdHVkIGRlbCBDYXphZG9yIEhhcmltIGVuIGxhIGxsYW51cmEgZGUgSWRhCl40RDRERkZbQ29udGllbmRhIGVuIGxhIHByYWRlcmE6IGVkaWNpw7NuIEtvYm9sZF1eMDAwMDAwIE1pc2nDs24gYWNlcHRhZGEu
jKtJCg,,W1JlcXVlc3QgQ29tcGxldGVkXQpMb2NhdGlvbjogUGxhaW4gb2YgSWRhClRhcmdldDogRGVmZWF0IDMwIEhpbGwgV2luZApSZXdhcmQ6IEV4cCAxNTAwMDAsIEpleHAgMTUwMDAwLCAxIEVkZW4gR3JvdXAgQ29pbg==,,,,,W01pc3PDo28gY29tcGxldGFdCkxvY2FsOiBQbGFuw61jaWUgZGUgSWRhCk9iamV0aXZvOiBDYcOnYXIgMzAgVmVudG9zIGRhIENvbGluYQpSZWNvbXBlbnNhOiBFWFAgYmFzZSAxNTAwMDAsIEVYUCBjbGFzc2UgMTUwMDAwLCAxIE1vZWRhIGRvIMOJZGVu,,W1NvbGljaXR1ZCBjb21wbGV0YWRhXQpVYmljYWNpw7NuOiBMbGFudXJhIGRlIElkYQpPYmpldGl2bzogRGVycm90YSBhIDMwIFZpZW50b3MgZGUgbGEgY29saW5hClByZW1pbzogMTUwMDAwIGRlIEVYUCwgMTUwMDAwIGRlIEVYUCBkZSBjbGFzZSwgMSBtb25lZGEgZGVsIEdydXBvIGRlbCBFZMOpbg==
jatJCg,,W0dyYXNzbGFuZCBCcmF3bCAtIEhpbGwgV2luZCBFZGl0aW9uXQpSZXF1ZXN0IGZyb20gSHVudGVyIEhhcmltIGluIElkYSBQbGFpbnMKTG9jYXRpb246IFBsYWluIG9mIElkYQpUYXJnZXQ6IERlZmVhdCAzMCBIaWxsIFdpbmQKUmV3YXJkOiBFeHAgMTUwMDAwLCBKZXhwIDE1MDAwMCwgMSBFZGVuIEdyb3VwIENvaW4=,,,,,W1ZpbGEgZGEgQ29saW5hXQpTb2xpY2l0YcOnw6NvIGRvIENhw6dhZG9yIEhhcmltCkxvY2FsOiBQbGFuw61jaWUgZGUgSWRhCk9iamV0aXZvOiBDYcOnYXIgMzAgVmVudG9zIGRhIENvbGluYQpSZWNvbXBlbnNhOiBFWFAgYmFzZSAxNTAwMDAsIEVYUCBjbGFzc2UgMTUwMDAwLCAxIE1vZWRhIGRvIMOJZGVu,,W0NvbnRpZW5kYSBlbiBsYSBwcmFkZXJhOiBlZGljacOzbiBWaWVudG8gZGUgbGEgY29saW5hXQpTb2xpY2l0dWQgZGVsIENhemFkb3IgSGFyaW0gZW4gbGEgbGxhbnVyYSBkZSBJZGEKVWJpY2FjacOzbjogTGxhbnVyYSBkZSBJZGEKT2JqZXRpdm86IERlcnJvdGEgYSAzMCBWaWVudG9zIGRlIGxhIGNvbGluYQpQcmVtaW86IDE1MDAwMCBkZSBFWFAsIDE1MDAwMCBkZSBFWFAgZGUgY2xhc2UsIDEgbW9uZWRhIGRlbCBHcnVwbyBkZWwgRWTDqW4=
jqtJCg,,UmVxdWVzdCBmcm9tIEh1bnRlciBIYXJpbSBpbiBJZGEgUGxhaW5zCl40RDRERkZbR3Jhc3NsYW5kIEJyYXdsIC0gSGlsbCBXaW5kIEVkaXRpb25dXjAwMDAwMCBRdWVzdCBhY2NlcHRlZC4=,,,,,QSBzb2xpY2l0YcOnw6NvIGRvIENhw6dhZG9yIEhhcmltCl40RDRERkZbVmlsYSBkYSBDb2xpbmFdXjAwMDAwMCBmb2kgYWNlaXRhLg==,,U29saWNpdHVkIGRlbCBDYXphZG9yIEhhcmltIGVuIGxhIGxsYW51cmEgZGUgSWRhCl40RDRERkZbQ29udGllbmRhIGVuIGxhIHByYWRlcmE6IGVkaWNpw7NuIFZpZW50byBkZSBsYSBjb2xpbmFdXjAwMDAwMCBNaXNpw7NuIGFjZXB0YWRhLg==
j6tJCg,,W1JlcXVlc3QgQ29tcGxldGVkXQpMb2NhdGlvbjogQXVkdW1ibGEgR3Jhc3NsYW5kClRhcmdldDogRGVmZWF0IDMwIERlc2VydCBXb2xmClJld2FyZDogRXhwIDE1MDAwMCwgSmV4cCAxNTAwMDAsIDEgRWRlbiBHcm91cCBDb2lu,,,,,W01pc3PDo28gY29tcGxldGFdCkxvY2FsOiBFbnRyYWRhIGRhIENhdmVybmEgZGUgR2VsbwpPYmpldGl2bzogQ2HDp2FyIDMwIExvYm9zIGRvIERlc2VydG8KUmVjb21wZW5zYTogRVhQIGJhc2UgMTUwMDAwLCBFWFAgY2xhc3NlIDE1MDAwMCwgMSBNb2VkYSBkbyDDiWRlbg==,,W1NvbGljaXR1ZCBjb21wbGV0YWRhXQpVYmljYWNpw7NuOiBQcmFkZXJhIGRlIEF1ZGh1bWJsYQpPYmpldGl2bzogRGVycm90YSBhIDMwIExvYm9zIGRlbCBkZXNpZXJ0bwpQcmVtaW86IDE1MDAwMCBkZSBFWFAsIDE1MDAwMCBkZSBFWFAgZGUgY2xhc2UsIDEgbW9uZWRhIGRlbCBHcnVwbyBkZWwgRWTDqW4=
kKtJCg,,W0dyYXNzbGFuZCBCcmF3bCAtIERlc2VydCBXb2xmIEVkaXRpb25dClJlcXVlc3QgZnJvbSBIdW50ZXIgU2FyaW0gaW4gZnJvbnQgb2YgSWNlIENhdmUKTG9jYXRpb246IEF1ZHVtYmxhIEdyYXNzbGFuZApUYXJnZXQ6IERlZmVhdCAzMCBEZXNlcnQgV29sZgpSZXdhcmQ6IEV4cCAxNTAwMDAsIEpleHAgMTUwMDAwLCAxIEVkZW4gR3JvdXAgQ29pbg==,,,,,W0FsY2F0ZWlhIG5vIERlc2VydG9dClNvbGljaXRhw6fDo28gZG8gQ2HDp2Fkb3IgU2FyaW0KTG9jYWw6IEVudHJhZGEgZGEgQ2F2ZXJuYSBkZSBHZWxvCk9iamV0aXZvOiBDYcOnYXIgMzAgTG9ib3MgZG8gRGVzZXJ0bwpSZWNvbXBlbnNhOiBFWFAgYmFzZSAxNTAwMDAsIEVYUCBjbGFzc2UgMTUwMDAwLCAxIE1vZWRhIGRvIMOJZGVu,,W0NvbnRpZW5kYSBlbiBsYSBwcmFkZXJhOiBlZGljacOzbiBMb2JvIGRlbCBkZXNpZXJ0b10KU29saWNpdHVkIGRlbCBjYXphZG9yIFNhcmltIGZyZW50ZSBhIGxhIEN1ZXZhIGRlIGhpZWxvClViaWNhY2nDs246IFByYWRlcmEgZGUgQXVkaHVtYmxhCk9iamV0aXZvOiBEZXJyb3RhIGEgMzAgTG9ib3MgZGVsIGRlc2llcnRvClByZW1pbzogMTUwMDAwIGRlIEVYUCwgMTUwMDAwIGRlIEVYUCBkZSBjbGFzZSwgMSBtb25lZGEgZGVsIEdydXBvIGRlbCBFZMOpbg==
katJCg,,UmVxdWVzdCBmcm9tIEh1bnRlciBTYXJpbSBpbiBmcm9udCBvZiBJY2UgQ2F2ZQpeNEQ0REZGW0dyYXNzbGFuZCBCcmF3bCAtIERlc2VydCBXb2xmIEVkaXRpb25dXjAwMDAwMCBRdWVzdCBhY2NlcHRlZC4=,,,,,QSBzb2xpY2l0YcOnw6NvIGRvIENhw6dhZG9yIFNhcmltCl40RDRERkZbQWxjYXRlaWEgbm8gRGVzZXJ0b11eMDAwMDAwIGZvaSBhY2VpdGEu,,U29saWNpdHVkIGRlbCBjYXphZG9yIFNhcmltIGZyZW50ZSBhIGxhIEN1ZXZhIGRlIGhpZWxvCl40RDRERkZbQ29udGllbmRhIGVuIGxhIHByYWRlcmE6IGVkaWNpw7NuIExvYm8gZGVsIGRlc2llcnRvXV4wMDAwMDAgTWlzacOzbiBhY2VwdGFkYS4=
kqtJCg,,W1JlcXVlc3QgQ29tcGxldGVkXQpMb2NhdGlvbjogQXVkdW1ibGEgR3Jhc3NsYW5kClRhcmdldDogQ29sbGVjdCAyMCBCbHVlIEhhaXIKUmV3YXJkOiBFeHAgMTAwMDAwLCBKZXhwIDEwMDAwMCwgMSBFZGVuIEdyb3VwIENvaW4=,,,,,W01pc3PDo28gY29tcGxldGFdCkxvY2FsOiBWaWxhIGRvcyBLb2JvbGRzCk9iamV0aXZvOiBDb2xldGFyIDIwIENhYmVsb3MgQXp1aXMKUmVjb21wZW5zYTogRVhQIGJhc2UgMTAwMDAwLCBFWFAgY2xhc3NlIDEwMDAwMCwgMSBNb2VkYSBkbyDDiWRlbg==,,W1NvbGljaXR1ZCBjb21wbGV0YWRhXQpVYmljYWNpw7NuOiBQcmFkZXJhIGRlIEF1ZGh1bWJsYQpPYmpldGl2bzogUmVjb2xlY3RhIDIwIENhYmVsbG9zIGF6dWxlcwpQcmVtaW86IDEwMDAwMCBkZSBFWFAsIDEwMDAwMCBkZSBFWFAgZGUgY2xhc2UsIDEgbW9uZWRhIGRlbCBHcnVwbyBkZWwgRWTDqW4=
k6tJCg,,W0NvbGxlY3QgR29vZCBGdXIuXQpSZXF1ZXN0IGZyb20gVmVpbnMgRmFybWVyIENoZWRkYXIKTG9jYXRpb246IEF1ZHVtYmxhIEdyYXNzbGFuZApUYXJnZXQ6IENvbGxlY3QgMjAgQmx1ZSBIYWlyClJld2FyZDogRXhwIDEwMDAwMCwgSmV4cCAxMDAwMDAsIDEgRWRlbiBHcm91cCBDb2lu,,,,,W1BlbG9zIGRlIENhY2hvcnJvXQpTb2xpY2l0YcOnw6NvIGRvIEZhemVuZGVpcm8gQ2hlZGEKTG9jYWw6IFZpbGEgZG9zIEtvYm9sZHMKT2JqZXRpdm86IENvbGV0YXIgMjAgQ2FiZWxvcyBBenVpcwpSZWNvbXBlbnNhOiBFWFAgYmFzZSAxMDAwMDAsIEVYUCBjbGFzc2UgMTAwMDAwLCAxIE1vZWRhIGRvIMOJZGVu,,W1JlY29sZWN0YXIgUGllbGVzIGRlIGNhbGlkYWRdClNvbGljaXR1ZCBkZWwgZ3Jhbmplcm8gQ2hlZGRhciBkZSBWZWlucwpVYmljYWNpw7NuOiBQcmFkZXJhIGRlIEF1ZGh1bWJsYQpPYmpldGl2bzogUmVjb2xlY3RhIDIwIENhYmVsbG9zIGF6dWxlcwpQcmVtaW86IDEwMDAwMCBkZSBFWFAsIDEwMDAwMCBkZSBFWFAgZGUgY2xhc2UsIDEgbW9uZWRhIGRlbCBHcnVwbyBkZWwgRWTDqW4=
lKtJCg,,UmVxdWVzdCBmcm9tIFZlaW5zIEZhcm1lciBDaGVkZGFyCl40RDRERkZbQ29sbGVjdCBHb29kIEZ1ci5dXjAwMDAwMCBRdWVzdCBhY2NlcHRlZC4=,,,,,QSBzb2xpY2l0YcOnw6NvIGRvIEZhemVuZGVpcm8gQ2hlZGEKXjRENERGRltQZWxvcyBkZSBDYWNob3Jyb11eMDAwMDAwIGZvaSBhY2VpdGEu,,U29saWNpdHVkIGRlbCBncmFuamVybyBDaGVkZGFyIGRlIFZlaW5zCl40RDRERkZbUmVjb2xlY3RhciBQaWVsZXMgZGUgY2FsaWRhZF1eMDAwMDAwIE1pc2nDs24gYWNlcHRhZGEu
latJCg,,W1JlcXVlc3QgQ29tcGxldGVkXQpMb2NhdGlvbjogVmVpbnMgRmllbGQKVGFyZ2V0OiBEZWZlYXQgMzAgRHJvc2VyYSBhbmQgMzAgTXVzY2lwdWxhcgpSZXdhcmQ6IEV4cCAzMDAwMDAsIEpleHAgMzAwMDAwLCAyIEVkZW4gR3JvdXAgQ29pbg==,,,,,W01pc3PDo28gY29tcGxldGFdCkxvY2FsOiBBcnJlZG9yZXMgZGUgVmVpbnMKT2JqZXRpdm86IENhw6dhciAzMCBEcm9zZXJhcyBlIDMwIE11c2NpcHVsYXJlcwpSZWNvbXBlbnNhOiBFWFAgYmFzZSAzMDAwMDAsIEVYUCBjbGFzc2UgMzAwMDAwLCAyIE1vZWRhcyBkbyDDiWRlbg==,,W1NvbGljaXR1ZCBjb21wbGV0YWRhXQpVYmljYWNpw7NuOiBDYW1wbyBkZSBWZWlucwpPYmpldGl2bzogRGVycm90YSBhIDMwIERyb3NlcmEgeSAzMCBNdXNjaXB1bGFyClByZW1pbzogMzAwMDAwIGRlIEVYUCwgMzAwMDAwIGRlIEVYUCBkZSBjbGFzZSwgMiBtb25lZGFzIGRlbCBHcnVwbyBkZWwgRWTDqW4=
lqtJCg,,W1dlZWQgV2FyXQpSZXF1ZXN0IGZyb20gTWluZSwgd2hvIGRyZWFtcyBvZiBiZWNvbWluZyBhIFZlaW5zIGZhcm1lci4KTG9jYXRpb246IFZlaW5zIEZpZWxkClRhcmdldDogRGVmZWF0IDMwIERyb3NlcmEgYW5kIDMwIE11c2NpcHVsYXIKUmV3YXJkOiBFeHAgMzAwMDAwLCBKZXhwIDMwMDAwMCwgMiBFZGVuIEdyb3VwIENvaW4=,,,,,W0d1ZXJyYSBjb250cmEgYXMgUGxhbnRhc10KU29saWNpdGHDp8OjbyBkYSBKYXJkaW5laXJhIE1pbm5lCkxvY2FsOiBBcnJlZG9yZXMgZGUgVmVpbnMKT2JqZXRpdm86IENhw6dhciAzMCBEcm9zZXJhcyBlIDMwIE11c2NpcHVsYXJlcwpSZWNvbXBlbnNhOiBFWFAgYmFzZSAzMDAwMDAsIEVYUCBjbGFzc2UgMzAwMDAwLCAyIE1vZWRhcyBkbyDDiWRlbg==,,W0d1ZXJyYSBkZSBtYWxhcyBoaWVyYmFzXQpTb2xpY2l0dWQgZGUgTWluZSwgcXVpZW4gc3Vlw7FhIGNvbiBzZXIgZ3JhbmplcmEgZW4gVmVpbnMKVWJpY2FjacOzbjogQ2FtcG8gZGUgVmVpbnMKT2JqZXRpdm86IERlcnJvdGEgYSAzMCBEcm9zZXJhIHkgMzAgTXVzY2lwdWxhcgpQcmVtaW86IDMwMDAwMCBkZSBFWFAsIDMwMDAwMCBkZSBFWFAgZGUgY2xhc2UsIDIgbW9uZWRhcyBkZWwgR3J1cG8gZGVsIEVkw6lu
l6tJCg,,UmVxdWVzdCBmcm9tIE1pbmUsIHdobyBkcmVhbXMgb2YgYmVjb21pbmcgYSBWZWlucyBmYXJtZXIuCl40RDRERkZbV2VlZCBXYXJdXjAwMDAwMCBRdWVzdCBhY2NlcHRlZC4=,,,,,QSBzb2xpY2l0YcOnw6NvIGRhIEphcmRpbmVpcmEgTWlubmUKXjRENERGRltHdWVycmEgY29udHJhIGFzIFBsYW50YXNdXjAwMDAwMCBmb2kgYWNlaXRhLg==,,U29saWNpdHVkIGRlIE1pbmUsIHF1aWVuIHN1ZcOxYSBjb24gc2VyIGdyYW5qZXJhIGVuIFZlaW5zCl40RDRERkZbR3VlcnJhIGRlIG1hbGFzIGhpZXJiYXNdXjAwMDAwMCBNaXNpw7NuIGFjZXB0YWRhLg==
mKtJCg,,W1JlcXVlc3QgQ29tcGxldGVkXQpMb2NhdGlvbjogVmVpbnMgRmllbGQKVGFyZ2V0OiBEZWZlYXQgMzAgTWFnbWFyaW5nClJld2FyZDogRXhwIDE1MDAwMCwgSmV4cCAxNTAwMDAsIDEgRWRlbiBHcm91cCBDb2lu,,,,,W01pc3PDo28gY29tcGxldGFdCkxvY2FsOiBBcnJlZG9yZXMgZGUgVmVpbnMKT2JqZXRpdm86IENhw6dhciAzMCBNYWdtYXJpbmdzClJlY29tcGVuc2E6IEVYUCBiYXNlIDE1MDAwMCwgRVhQIGNsYXNzZSAxNTAwMDAsIDEgTW9lZGEgZG8gw4lkZW4=,,W1NvbGljaXR1ZCBjb21wbGV0YWRhXQpVYmljYWNpw7NuOiBDYW1wbyBkZSBWZWlucwpPYmpldGl2bzogRGVycm90YSBhIDMwIE1hZ21hcmluZwpQcmVtaW86IDE1MDAwMCBkZSBFWFAsIDE1MDAwMCBkZSBFWFAgZGUgY2xhc2UsIDEgbW9uZWRhIGRlbCBHcnVwbyBkZWwgRWTDqW4=
matJCg,,W1ZvbGNhbmljIE11dGF0aW9uXQpWZWlucyBWaWdpbGFudGUncyBSZXF1ZXN0CkxvY2F0aW9uOiBWZWlucyBGaWVsZApUYXJnZXQ6IERlZmVhdCAzMCBNYWdtYXJpbmcKUmV3YXJkOiBFeHAgMTUwMDAwLCBKZXhwIDE1MDAwMCwgMSBFZGVuIEdyb3VwIENvaW4=,,,,,W011dGHDp8OjbyBWdWxjw6JuaWNhXQpTb2xpY2l0YcOnw6NvIGRlIHVtIFZpZ2lhIGRlIFZlaW5zCkxvY2FsOiBBcnJlZG9yZXMgZGUgVmVpbnMKT2JqZXRpdm86IENhw6dhciAzMCBNYWdtYXJpbmdzClJlY29tcGVuc2E6IEVYUCBiYXNlIDE1MDAwMCwgRVhQIGNsYXNzZSAxNTAwMDAsIDEgTW9lZGEgZG8gw4lkZW4=,,W011dGFjacOzbiB2b2xjw6FuaWNhXQpTb2xpY2l0dWQgZGVsIGp1c3RpY2llcm8gZGUgVmVpbnMKVWJpY2FjacOzbjogQ2FtcG8gZGUgVmVpbnMKT2JqZXRpdm86IERlcnJvdGEgYSAzMCBNYWdtYXJpbmcKUHJlbWlvOiAxNTAwMDAgZGUgRVhQLCAxNTAwMDAgZGUgRVhQIGRlIGNsYXNlLCAxIG1vbmVkYSBkZWwgR3J1cG8gZGVsIEVkw6lu
mqtJCg,,VmVpbnMgVmlnaWxhbnRlJ3MgUmVxdWVzdApeNEQ0REZGW1ZvbGNhbmljIE11dGF0aW9uXV4wMDAwMDAgUXVlc3QgYWNjZXB0ZWQu,,,,,QSBzb2xpY2l0YcOnw6NvIGRlIHVtIFZpZ2lhIGRlIFZlaW5zCl40RDRERkZbTXV0YcOnw6NvIFZ1bGPDom5pY2FdXjAwMDAwMCBmb2kgYWNlaXRhLg==,,U29saWNpdHVkIGRlbCBqdXN0aWNpZXJvIGRlIFZlaW5zCl40RDRERkZbTXV0YWNpw7NuIHZvbGPDoW5pY2FdXjAwMDAwMCBNaXNpw7NuIGFjZXB0YWRhLg==
m6tJCg,,W1JlcXVlc3QgQ29tcGxldGVkXQpMb2NhdGlvbjogSWNlIENhdmUKVGFyZ2V0OiBEZWZlYXQgMjAgR2xhY2lhbCBIZWFydApSZXdhcmQ6IEV4cCAxMDAwMDAsIEpleHAgMTAwMDAwLCAxIEVkZW4gR3JvdXAgQ29pbg==,,,,,W01pc3PDo28gY29tcGxldGFdCkxvY2FsOiBDYXZlcm5hIGRlIEdlbG8KT2JqZXRpdm86IENvbGV0YXIgMjAgQ29yYcOnw7VlcyBHbGFjaWFpcwpSZWNvbXBlbnNhOiBFWFAgYmFzZSAxMDAwMDAsIEVYUCBjbGFzc2UgMTAwMDAwLCAxIE1vZWRhIGRvIMOJZGVu,,W1NvbGljaXR1ZCBjb21wbGV0YWRhXQpVYmljYWNpw7NuOiBDdWV2YSBkZSBoaWVsbwpPYmpldGl2bzogUmVjb2xlY3RhIDIwIENvcmF6b25lcyBnbGFjaWFsZXMKUHJlbWlvOiAxMDAwMDAgZGUgRVhQLCAxMDAwMDAgZGUgRVhQIGRlIGNsYXNlLCAxIG1vbmVkYSBkZWwgR3J1cG8gZGVsIEVkw6lu
nKtJCg,,W0NvbGQgaGVhcnQsIGNvb2wgY3Vpc2luZV0KUmVxdWVzdCBmcm9tIFRhcmltLCBiYXIgY2xlcmsgYXQgUmFjaGVsIEhvdGVsCkxvY2F0aW9uOiBJY2UgQ2F2ZQpUYXJnZXQ6IERlZmVhdCAyMCBHbGFjaWFsIEhlYXJ0ClJld2FyZDogRXhwIDEwMDAwMCwgSmV4cCAxMDAwMDAsIDEgRWRlbiBHcm91cCBDb2lu,,,,,W01pbmhhcyBCZWJpZGFzIEdlbGFkYXNdClNvbGljaXRhw6fDo28gZGEgQmFyaXN0YSBkZSBSYWNoZWwKTG9jYWw6IENhdmVybmEgZGUgR2VsbwpPYmpldGl2bzogQ29sZXRhciAyMCBDb3Jhw6fDtWVzIEdsYWNpYWlzClJlY29tcGVuc2E6IEVYUCBiYXNlIDEwMDAwMCwgRVhQIGNsYXNzZSAxMDAwMDAsIDEgTW9lZGEgZG8gw4lkZW4=,,W0NvcmF6b25lcyBmcsOtb3MsIGNvY2luYSBmcmVzY2FdClNvbGljaXR1ZCBkZSBUYXJpbSwgZGVwZW5kaWVudGUgZGUgbGEgY2FudGluYSBkZWwgSG90ZWwgUmFjaGVsClViaWNhY2nDs246IEN1ZXZhIGRlIGhpZWxvCk9iamV0aXZvOiBSZWNvbGVjdGEgMjAgQ29yYXpvbmVzIGdsYWNpYWxlcwpQcmVtaW86IDEwMDAwMCBkZSBFWFAsIDEwMDAwMCBkZSBFWFAgZGUgY2xhc2UsIDEgbW9uZWRhIGRlbCBHcnVwbyBkZWwgRWTDqW4=
natJCg,,UmVxdWVzdCBmcm9tIFRhcmltLCBiYXIgY2xlcmsgYXQgUmFjaGVsIEhvdGVsCl40RDRERkZbQ29sZCBoZWFydCwgY29vbCBjdWlzaW5lXV4wMDAwMDAgUXVlc3QgYWNjZXB0ZWQu,,,,,QSBzb2xpY2l0YcOnw6NvIGRhIEJhcmlzdGEgZGUgUmFjaGVsCl40RDRERkZbTWluaGFzIEJlYmlkYXMgR2VsYWRhc11eMDAwMDAwIGZvaSBhY2VpdGEu,,U29saWNpdHVkIGRlIFRhcmltLCBkZXBlbmRpZW50ZSBkZSBsYSBjYW50aW5hIGRlbCBIb3RlbCBSYWNoZWwKXjRENERGRltDb3Jhem9uZXMgZnLDrW9zLCBjb2NpbmEgZnJlc2NhXV4wMDAwMDAgTWlzacOzbiBhY2VwdGFkYS4=
nqtJCg,,W1JlcXVlc3QgQ29tcGxldGVkXQpMb2NhdGlvbjogSWNlIENhdmUKVGFyZ2V0OiBEZWZlYXQgMzAgU25vd2llcgpSZXdhcmQ6IEV4cCAxNTAwMDAsIEpleHAgMTUwMDAwLCAxIEVkZW4gR3JvdXAgQ29pbg==,,,,,W01pc3PDo28gY29tcGxldGFdCkxvY2FsOiBDYXZlcm5hIGRlIEdlbG8KT2JqZXRpdm86IENhw6dhciAzMCBZZXRpcwpSZWNvbXBlbnNhOiBFWFAgYmFzZSAxNTAwMDAsIEVYUCBjbGFzc2UgMTUwMDAwLCAxIE1vZWRhIGRvIMOJZGVu,,W1NvbGljaXR1ZCBjb21wbGV0YWRhXQpVYmljYWNpw7NuOiBDdWV2YSBkZSBoaWVsbwpPYmpldGl2bzogRGVycm90YSBhIDMwIE5ldmFkw61zaW1vcwpQcmVtaW86IDE1MDAwMCBkZSBFWFAsIDE1MDAwMCBkZSBFWFAgZGUgY2xhc2UsIDEgbW9uZWRhIGRlbCBHcnVwbyBkZWwgRWTDqW4=
n6tJCg,,W1lldGkgd2hvIGNhbid0IGNvbW11bmljYXRlXQpJY2UgQ2F2ZSAxc3QgZmxvb3IgUmVxdWVzdCBmcm9tIHRoZSB3aXphcmQncyBmcmllbmQKTG9jYXRpb246IEljZSBDYXZlClRhcmdldDogRGVmZWF0IDMwIFNub3dpZXIKUmV3YXJkOiBFeHAgMTUwMDAwLCBKZXhwIDE1MDAwMCwgMSBFZGVuIEdyb3VwIENvaW4=,,,,,W01vbnN0cm8gZGFzIE5ldmVzXQpTb2xpY2l0YcOnw6NvIGRvIEFtaWdvIGRlIHVtIE1hZ28KTG9jYWw6IENhdmVybmEgZGUgR2VsbwpPYmpldGl2bzogQ2HDp2FyIDMwIFlldGlzClJlY29tcGVuc2E6IEVYUCBiYXNlIDE1MDAwMCwgRVhQIGNsYXNzZSAxNTAwMDAsIDEgTW9lZGEgZG8gw4lkZW4=,,W0Fib21pbmFibGVzIGhvbWJyZXMgZGUgbGFzIG5pZXZlc10KQ3VldmEgZGUgaGllbG8sIHBpc28gMSwgc29saWNpdHVkIGRlbCBhbWlnbyBkZWwgbWFnbwpVYmljYWNpw7NuOiBDdWV2YSBkZSBoaWVsbwpPYmpldGl2bzogRGVycm90YSBhIDMwIE5ldmFkw61zaW1vcwpQcmVtaW86IDE1MDAwMCBkZSBFWFAsIDE1MDAwMCBkZSBFWFAgZGUgY2xhc2UsIDEgbW9uZWRhIGRlbCBHcnVwbyBkZWwgRWTDqW4=
oKtJCg,,SWNlIENhdmUgMXN0IGZsb29yIFJlcXVlc3QgZnJvbSB0aGUgd2l6YXJkJ3MgZnJpZW5kCl40RDRERkZbWWV0aSB3aG8gY2FuJ3QgY29tbXVuaWNhdGVdXjAwMDAwMCBRdWVzdCBhY2NlcHRlZC4=,,,,,QSBzb2xpY2l0YcOnw6NvIGRvIEFtaWdvIGRlIHVtIE1hZ28KXjRENERGRltNb25zdHJvIGRhcyBOZXZlc11eMDAwMDAwIGZvaSBhY2VpdGEu,,Q3VldmEgZGUgaGllbG8gcGlzbyAxLCBzb2xpY2l0dWQgZGVsIGFtaWdvIGRlbCBIZWNoaWNlcm8KXjRENERGRltZZXRpIHF1ZSBubyBwdWVkZSBjb211bmljYXJzZV1eMDAwMDAwIE1pc2nDs24gYWNlcHRhZGEu
oatJCg,,W1JlcXVlc3QgQ29tcGxldGVkXQpMb2NhdGlvbjogSWNlIENhdmUKVGFyZ2V0OiBEZWZlYXQgMzAgSWNlIFRpdGFuIGFuZCAxMCBHYXpldGkKUmV3YXJkOiBFeHAgMzAwMDAwLCBKZXhwIDMwMDAwMCwgMSBFZGVuIEdyb3VwIENvaW4=,,,,,W01pc3PDo28gY29tcGxldGFdCkxvY2FsOiBDYXZlcm5hIGRlIEdlbG8KT2JqZXRpdm86IENhw6dhciAzMCBUaXTDo3MgZGUgR2VsbyBlIDEwIEdhemV0aXMKUmVjb21wZW5zYTogRVhQIGJhc2UgMzAwMDAwLCBFWFAgY2xhc3NlIDMwMDAwMCwgMSBNb2VkYSBkbyDDiWRlbg==,,W1NvbGljaXR1ZCBjb21wbGV0YWRhXQpVYmljYWNpw7NuOiBDdWV2YSBkZSBoaWVsbwpPYmpldGl2bzogRGVycm90YSBhIDMwIFRpdGFuZXMgZGUgaGllbG8geSAxMCBHYXpldGkKUHJlbWlvOiAzMDAwMDAgZGUgRVhQLCAzMDAwMDAgZGUgRVhQIGRlIGNsYXNlLCAxIG1vbmVkYSBkZWwgR3J1cG8gZGVsIEVkw6lu
oqtJCg,,W0hvdyBoYXJkIGFyZSBpY2UgY3J5c3RhbHM/XQpJY2UgQ2F2ZSAxc3QgZmxvb3IgUmVxdWVzdCBmcm9tIHRoZSB3aXphcmQncyBmcmllbmQKTG9jYXRpb246IEljZSBDYXZlClRhcmdldDogRGVmZWF0IDMwIEljZSBUaXRhbiBhbmQgMTAgR2F6ZXRpClJld2FyZDogRXhwIDMwMDAwMCwgSmV4cCAzMDAwMDAsIDEgRWRlbiBHcm91cCBDb2lu,,,,,W0NyaXN0YWlzIHPDo28gRHVyb3M/XQpTb2xpY2l0YcOnw6NvIGRvIEFtaWdvIGRlIHVtIE1hZ28KTG9jYWw6IENhdmVybmEgZGUgR2VsbwpPYmpldGl2bzogQ2HDp2FyIDMwIFRpdMOjcyBkZSBHZWxvIGUgMTAgR2F6ZXRpcwpSZWNvbXBlbnNhOiBFWFAgYmFzZSAzMDAwMDAsIEVYUCBjbGFzc2UgMzAwMDAwLCAxIE1vZWRhIGRvIMOJZGVu,,W8K/UXXDqSBkdXJlemEgdGllbmVuIGxvcyBjcmlzdGFsZXMgZGUgaGllbG8/XQpDdWV2YSBkZSBoaWVsbyBwaXNvIDEsIHNvbGljaXR1ZCBkZWwgYW1pZ28gZGVsIEhlY2hpY2VybwpVYmljYWNpw7NuOiBDdWV2YSBkZSBoaWVsbwpPYmpldGl2bzogRGVycm90YSBhIDMwIFRpdGFuZXMgZGUgaGllbG8geSAxMCBHYXpldGkKUHJlbWlvOiAzMDAwMDAgZGUgRVhQLCAzMDAwMDAgZGUgRVhQIGRlIGNsYXNlLCAxIG1vbmVkYSBkZWwgR3J1cG8gZGVsIEVkw6lu
o6tJCg,,SWNlIENhdmUgMXN0IGZsb29yIFJlcXVlc3QgZnJvbSB0aGUgd2l6YXJkJ3MgZnJpZW5kCl40RDRERkZbSG93IGhhcmQgYXJlIGljZSBjcnlzdGFscz9dXjAwMDAwMCBRdWVzdCBhY2NlcHRlZC4=,,,,,QSBzb2xpY2l0YcOnw6NvIGRvIEFtaWdvIGRlIHVtIE1hZ28KXjRENERGRltDcmlzdGFpcyBzw6NvIER1cm9zP11eMDAwMDAwIGZvaSBhY2VpdGEu,,Q3VldmEgZGUgaGllbG8gcGlzbyAxLCBzb2xpY2l0dWQgZGVsIGFtaWdvIGRlbCBIZWNoaWNlcm8KXjRENERGRlvCv1F1w6kgZHVyZXphIHRpZW5lbiBsb3MgY3Jpc3RhbGVzIGRlIGhpZWxvP11eMDAwMDAwIE1pc2nDs24gYWNlcHRhZGEu
pKtJCg,,W1JlcXVlc3QgQ29tcGxldGVkXQpMb2NhdGlvbjogVGhhbmF0b3MgVG93ZXIKVGFyZ2V0OiBEZWZlYXQgMzAgQW5jaWVudCBNaW1pYwpSZXdhcmQ6IEV4cCA0MDAwMDAsIEpleHAgNDAwMDAwLCAxIEVkZW4gR3JvdXAgQ29pbg==,,,,,W01pc3PDo28gY29tcGxldGFdCkxvY2FsOiBUb3JyZSBkZSBUaGFuYXRvcwpPYmpldGl2bzogQ2HDp2FyIDMwIE3DrW1pY29zIEFuY2nDtWVzClJlY29tcGVuc2E6IEVYUCBiYXNlIDQwMDAwMCwgRVhQIGNsYXNzZSA0MDAwMDAsIDEgTW9lZGEgZG8gw4lkZW4=,,W1NvbGljaXR1ZCBjb21wbGV0YWRhXQpVYmljYWNpw7NuOiBUb3JyZSBkZSBUaGFuYXRvcwpPYmpldGl2bzogRGVycm90YSBhIDMwIE3DrW1pY29zIGFudGlndW9zClByZW1pbzogNDAwMDAwIGRlIEVYUCwgNDAwMDAwIGRlIEVYUCBkZSBjbGFzZSwgMSBtb25lZGEgZGVsIEdydXBvIGRlbCBFZMOpbg==
patJCg,,W0luc2lkZSBNaW1pYydzIEJveF0KQWJyaWwncyByZXF1ZXN0IGluc2lkZSB0aGUgMXN0IGZsb29yIG9mIFRoYW5hdG9zIFRvd2VyCkxvY2F0aW9uOiBUaGFuYXRvcyBUb3dlcgpUYXJnZXQ6IERlZmVhdCAzMCBBbmNpZW50IE1pbWljClJld2FyZDogRXhwIDQwMDAwMCwgSmV4cCA0MDAwMDAsIDEgRWRlbiBHcm91cCBDb2lu,,,,,W1VtYSBDYWl4YSBWaXZhXQpTb2xpY2l0YcOnw6NvIGRlIHVtYSBFeHBsb3JhZG9yYQpMb2NhbDogVG9ycmUgZGUgVGhhbmF0b3MKT2JqZXRpdm86IENhw6dhciAzMCBNw61taWNvcyBBbmNpw7VlcwpSZWNvbXBlbnNhOiBFWFAgYmFzZSA0MDAwMDAsIEVYUCBjbGFzc2UgNDAwMDAwLCAxIE1vZWRhIGRvIMOJZGVu,,W0RlbnRybyBkZSBsYSBjYWphIGRlbCBNw61taWNvXQpTb2xpY2l0dWQgZGUgQWJyaWwgZW4gZWwgcGlzbyAxIGRlIGxhIHRvcnJlIGRlIFRoYW5hdG9zClViaWNhY2nDs246IFRvcnJlIGRlIFRoYW5hdG9zCk9iamV0aXZvOiBEZXJyb3RhIGEgMzAgTcOtbWljb3MgYW50aWd1b3MKUHJlbWlvOiA0MDAwMDAgZGUgRVhQLCA0MDAwMDAgZGUgRVhQIGRlIGNsYXNlLCAxIG1vbmVkYSBkZWwgR3J1cG8gZGVsIEVkw6lu
pqtJCg,,QWJyaWwncyByZXF1ZXN0IGluc2lkZSB0aGUgMXN0IGZsb29yIG9mIFRoYW5hdG9zIFRvd2VyCl40RDRERkZbSW5zaWRlIE1pbWljJ3MgQm94XV4wMDAwMDAgUXVlc3QgYWNjZXB0ZWQu,,,,,QSBzb2xpY2l0YcOnw6NvIGRlIHVtYSBFeHBsb3JhZG9yYQpeNEQ0REZGW1VtYSBDYWl4YSBWaXZhXV4wMDAwMDAgZm9pIGFjZWl0YS4=,,U29saWNpdHVkIGRlIEFicmlsIGVuIGVsIHBpc28gMSBkZSBsYSB0b3JyZSBkZSBUaGFuYXRvcwpeNEQ0REZGW0RlbnRybyBkZSBsYSBjYWphIGRlbCBNw61taWNvXV4wMDAwMDAgTWlzacOzbiBhY2VwdGFkYS4=
p6tJCg,,W1JlcXVlc3QgQ29tcGxldGVkXQpMb2NhdGlvbjogVGhhbmF0b3MgVG93ZXIKVGFyZ2V0OiBEZWZlYXQgMzAgRGVhdGggV29yZApSZXdhcmQ6IEV4cCA0MDAwMDAsIEpleHAgNDAwMDAwLCAxIEVkZW4gR3JvdXAgQ29pbg==,,,,,W01pc3PDo28gY29tcGxldGFdCkxvY2FsOiBUb3JyZSBkZSBUaGFuYXRvcwpPYmpldGl2bzogQ2HDp2FyIDMwIFBhbGF2cmFzIE1vcnRhcwpSZWNvbXBlbnNhOiBFWFAgYmFzZSA0MDAwMDAsIEVYUCBjbGFzc2UgNDAwMDAwLCAxIE1vZWRhIGRvIMOJZGVu,,W1NvbGljaXR1ZCBjb21wbGV0YWRhXQpVYmljYWNpw7NuOiBUb3JyZSBkZSBUaGFuYXRvcwpPYmpldGl2bzogRGVycm90YSBhIDMwIFBhbGFicmFzIGRlIG11ZXJ0ZQpQcmVtaW86IDQwMDAwMCBkZSBFWFAsIDQwMDAwMCBkZSBFWFAgZGUgY2xhc2UsIDEgbW9uZWRhIGRlbCBHcnVwbyBkZWwgRWTDqW4=
qKtJCg,,W0Zsb2F0aW5nIE9sZCBXaXNkb21dCkFicmlsJ3MgcmVxdWVzdCBpbnNpZGUgdGhlIDFzdCBmbG9vciBvZiBUaGFuYXRvcyBUb3dlcgpMb2NhdGlvbjogVGhhbmF0b3MgVG93ZXIKVGFyZ2V0OiBEZWZlYXQgMzAgRGVhdGggV29yZApSZXdhcmQ6IEV4cCA0MDAwMDAsIEpleHAgNDAwMDAwLCAxIEVkZW4gR3JvdXAgQ29pbg==,,,,,W1BhbGF2cmFzIGFvIFZlbnRvXQpTb2xpY2l0YcOnw6NvIGRlIHVtYSBFeHBsb3JhZG9yYQpMb2NhbDogVG9ycmUgZGUgVGhhbmF0b3MKT2JqZXRpdm86IENhw6dhciAzMCBQYWxhdnJhcyBNb3J0YXMKUmVjb21wZW5zYTogRVhQIGJhc2UgNDAwMDAwLCBFWFAgY2xhc3NlIDQwMDAwMCwgMSBNb2VkYSBkbyDDiWRlbg==,,W0FudGlndWEgc2FiaWR1csOtYSBmbG90YW50ZV0KU29saWNpdHVkIGRlIEFicmlsIGVuIGVsIHBpc28gMSBkZSBsYSB0b3JyZSBkZSBUaGFuYXRvcwpVYmljYWNpw7NuOiBUb3JyZSBkZSBUaGFuYXRvcwpPYmpldGl2bzogRGVycm90YSBhIDMwIFBhbGFicmFzIGRlIG11ZXJ0ZQpQcmVtaW86IDQwMDAwMCBkZSBFWFAsIDQwMDAwMCBkZSBFWFAgZGUgY2xhc2UsIDEgbW9uZWRhIGRlbCBHcnVwbyBkZWwgRWTDqW4=
qatJCg,,QWJyaWwncyByZXF1ZXN0IGluc2lkZSB0aGUgMXN0IGZsb29yIG9mIFRoYW5hdG9zIFRvd2VyCl40RDRERkZbRmxvYXRpbmcgT2xkIFdpc2RvbV1eMDAwMDAwIFF1ZXN0IGFjY2VwdGVkLg==,,,,,QSBzb2xpY2l0YcOnw6NvIGRlIHVtYSBFeHBsb3JhZG9yYQpeNEQ0REZGW1BhbGF2cmFzIGFvIFZlbnRvXV4wMDAwMDAgZm9pIGFjZWl0YS4=,,U29saWNpdHVkIGRlIEFicmlsIGVuIGVsIHBpc28gMSBkZSBsYSB0b3JyZSBkZSBUaGFuYXRvcwpeNEQ0REZGW0FudGlndWEgc2FiaWR1csOtYSBmbG90YW50ZV1eMDAwMDAwIE1pc2nDs24gYWNlcHRhZGEu
qqtJCg,,W1JlcXVlc3QgQ29tcGxldGVkXQpMb2NhdGlvbjogVGhhbmF0b3MgVG93ZXIKVGFyZ2V0OiBEZWZlYXQgMjAgT3dsIEJhcm9uClJld2FyZDogRXhwIDUwMDAwMCwgSmV4cCA1MDAwMDAsIDEgRWRlbiBHcm91cCBDb2lu,,,,,W01pc3PDo28gY29tcGxldGFdCkxvY2FsOiBUb3JyZSBkZSBUaGFuYXRvcwpPYmpldGl2bzogQ2HDp2FyIDIwIEJhcsO1ZXMgQ29ydWphcwpSZWNvbXBlbnNhOiBFWFAgYmFzZSA1MDAwMDAsIEVYUCBjbGFzc2UgNTAwMDAwLCAxIE1vZWRhIGRvIMOJZGVu,,W1NvbGljaXR1ZCBjb21wbGV0YWRhXQpVYmljYWNpw7NuOiBUb3JyZSBkZSBUaGFuYXRvcwpPYmpldGl2bzogRGVycm90YSBhIDIwIEJhcm9uZXMgYsO6aG8KUHJlbWlvOiA1MDAwMDAgZGUgRVhQLCA1MDAwMDAgZGUgRVhQIGRlIGNsYXNlLCAxIG1vbmVkYSBkZWwgR3J1cG8gZGVsIEVkw6lu
q6tJCg,,W0Jhcm9uIG9mIE9sZCBDYXN0bGVdCkFicmlsJ3MgcmVxdWVzdCBpbnNpZGUgdGhlIDFzdCBmbG9vciBvZiBUaGFuYXRvcyBUb3dlcgpMb2NhdGlvbjogVGhhbmF0b3MgVG93ZXIKVGFyZ2V0OiBEZWZlYXQgMjAgT3dsIEJhcm9uClJld2FyZDogRXhwIDUwMDAwMCwgSmV4cCA1MDAwMDAsIDEgRWRlbiBHcm91cCBDb2lu,,,,,W0JhcsOjbyBkbyBSZWlub10KU29saWNpdGHDp8OjbyBkZSB1bWEgRXhwbG9yYWRvcmEKTG9jYWw6IFRvcnJlIGRlIFRoYW5hdG9zCk9iamV0aXZvOiBDYcOnYXIgMjAgQmFyw7VlcyBDb3J1amFzClJlY29tcGVuc2E6IEVYUCBiYXNlIDUwMDAwMCwgRVhQIGNsYXNzZSA1MDAwMDAsIDEgTW9lZGEgZG8gw4lkZW4=,,W0JhcsOzbiBkZWwgY2FzdGlsbG8gYW5jZXN0cmFsXQpTb2xpY2l0dWQgZGUgQWJyaWwgZW4gZWwgcGlzbyAxIGRlIGxhIHRvcnJlIGRlIFRoYW5hdG9zClViaWNhY2nDs246IFRvcnJlIGRlIFRoYW5hdG9zCk9iamV0aXZvOiBEZXJyb3RhIGEgMjAgQmFyb25lcyBiw7pobwpQcmVtaW86IDUwMDAwMCBkZSBFWFAsIDUwMDAwMCBkZSBFWFAgZGUgY2xhc2UsIDEgbW9uZWRhIGRlbCBHcnVwbyBkZWwgRWTDqW4=
rKtJCg,,QWJyaWwncyByZXF1ZXN0IGluc2lkZSB0aGUgMXN0IGZsb29yIG9mIFRoYW5hdG9zIFRvd2VyCl40RDRERkZbQmFyb24gb2YgT2xkIENhc3RsZV1eMDAwMDAwIFF1ZXN0IGFjY2VwdGVkLg==,,,,,QSBzb2xpY2l0YcOnw6NvIGRlIHVtYSBFeHBsb3JhZG9yYQpeNEQ0REZGW0JhcsOjbyBkbyBSZWlub11eMDAwMDAwIGZvaSBhY2VpdGEu,,U29saWNpdHVkIGRlIEFicmlsIGVuIGVsIHBpc28gMSBkZSBsYSB0b3JyZSBkZSBUaGFuYXRvcwpeNEQ0REZGW0JhcsOzbiBkZWwgY2FzdGlsbG8gYW5jZXN0cmFsXV4wMDAwMDAgTWlzacOzbiBhY2VwdGFkYS4=
ratJCg,,W1JlcXVlc3QgQ29tcGxldGVkXQpMb2NhdGlvbjogVGhhbmF0b3MgVG93ZXIKVGFyZ2V0OiBDb2xsZWN0IDEwIEJsb29keSBQYWdlClJld2FyZDogRXhwIDQwMDAwMCwgSmV4cCA0MDAwMDAsIDEgRWRlbiBHcm91cCBDb2lu,,,,,W01pc3PDo28gY29tcGxldGFdCkxvY2FsOiBUb3JyZSBkZSBUaGFuYXRvcwpPYmpldGl2bzogQ29sZXRhciAxMCBQw6FnaW5hcyBTYW5ncmVudGFzClJlY29tcGVuc2E6IEVYUCBiYXNlIDQwMDAwMCwgRVhQIGNsYXNzZSA0MDAwMDAsIDEgTW9lZGEgZG8gw4lkZW4=,,W1NvbGljaXR1ZCBjb21wbGV0YWRhXQpVYmljYWNpw7NuOiBUb3JyZSBkZSBUaGFuYXRvcwpPYmpldGl2bzogUmVjb2xlY3RhIDEwIFDDoWdpbmFzIGVuc2FuZ3JlbnRhZGFzClByZW1pbzogNDAwMDAwIGRlIEVYUCwgNDAwMDAwIGRlIEVYUCBkZSBjbGFzZSwgMSBtb25lZGEgZGVsIEdydXBvIGRlbCBFZMOpbg==
rqtJCg,,W1BpZWNlcyBvZiBLbm93bGVkZ2VdCkFicmlsJ3MgcmVxdWVzdCBpbnNpZGUgdGhlIDFzdCBmbG9vciBvZiBUaGFuYXRvcyBUb3dlcgpMb2NhdGlvbjogVGhhbmF0b3MgVG93ZXIKVGFyZ2V0OiBDb2xsZWN0IDEwIEJsb29keSBQYWdlClJld2FyZDogRXhwIDQwMDAwMCwgSmV4cCA0MDAwMDAsIDEgRWRlbiBHcm91cCBDb2lu,,,,,W1DDoWdpbmFzIGRlIHVtIExpdnJvXQpTb2xpY2l0YcOnw6NvIGRlIHVtYSBFeHBsb3JhZG9yYQpMb2NhbDogVG9ycmUgZGUgVGhhbmF0b3MKT2JqZXRpdm86IENvbGV0YXIgMTAgUMOhZ2luYXMgU2FuZ3JlbnRhcwpSZWNvbXBlbnNhOiBFWFAgYmFzZSA0MDAwMDAsIEVYUCBjbGFzc2UgNDAwMDAwLCAxIE1vZWRhIGRvIMOJZGVu,,W1BpZXphcyBkZSBjb25vY2ltaWVudG9dClNvbGljaXR1ZCBkZSBBYnJpbCBlbiBlbCBwaXNvIDEgZGUgbGEgdG9ycmUgZGUgVGhhbmF0b3MKVWJpY2FjacOzbjogVG9ycmUgZGUgVGhhbmF0b3MKT2JqZXRpdm86IFJlY29sZWN0YSAxMCBQw6FnaW5hcyBlbnNhbmdyZW50YWRhcwpQcmVtaW86IDQwMDAwMCBkZSBFWFAsIDQwMDAwMCBkZSBFWFAgZGUgY2xhc2UsIDEgbW9uZWRhIGRlbCBHcnVwbyBkZWwgRWTDqW4=
r6tJCg,,QWJyaWwncyByZXF1ZXN0IGluc2lkZSB0aGUgMXN0IGZsb29yIG9mIFRoYW5hdG9zIFRvd2VyCl40RDRERkZbUGllY2VzIG9mIEtub3dsZWRnZV1eMDAwMDAwIFF1ZXN0IGFjY2VwdGVkLg==,,,,,QSBzb2xpY2l0YcOnw6NvIGRlIHVtYSBFeHBsb3JhZG9yYQpeNEQ0REZGW1DDoWdpbmFzIGRlIHVtIExpdnJvXV4wMDAwMDAgZm9pIGFjZWl0YS4=,,U29saWNpdHVkIGRlIEFicmlsIGVuIGVsIHBpc28gMSBkZSBsYSB0b3JyZSBkZSBUaGFuYXRvcwpeNEQ0REZGW1BpZXphcyBkZSBjb25vY2ltaWVudG9dXjAwMDAwMCBNaXNpw7NuIGFjZXB0YWRhLg==
sKtJCg,,W1JlcXVlc3QgQ29tcGxldGVkXQpMb2NhdGlvbjogVGhhbmF0b3MgVG93ZXIKVGFyZ2V0OiBDb2xsZWN0IDEwIFdvcm4tb3V0IE1hZ2ljIFNjcm9sbApSZXdhcmQ6IEV4cCA0MDAwMDAsIEpleHAgNDAwMDAwLCAxIEVkZW4gR3JvdXAgQ29pbg==,,,,,W01pc3PDo28gY29tcGxldGFdCkxvY2FsOiBUb3JyZSBkZSBUaGFuYXRvcwpPYmpldGl2bzogQ29sZXRhciAxMCBQZXJnYW1pbmhvIEFudGlnbwpSZWNvbXBlbnNhOiBFWFAgYmFzZSA0MDAwMDAsIEVYUCBjbGFzc2UgNDAwMDAwLCAxIE1vZWRhIGRvIMOJZGVu,,W1NvbGljaXR1ZCBjb21wbGV0YWRhXQpVYmljYWNpw7NuOiBUb3JyZSBkZSBUaGFuYXRvcwpPYmpldGl2bzogUmVjb2xlY3RhIDEwIFBlcmdhbWlub3MgbcOhZ2ljb3MgZGVzZ2FzdGFkb3MKUHJlbWlvOiA0MDAwMDAgZGUgRVhQLCA0MDAwMDAgZGUgRVhQIGRlIGNsYXNlLCAxIG1vbmVkYSBkZWwgR3J1cG8gZGVsIEVkw6lu
satJCg,,W09sZCBNYWdpYyBSZWNvcmRzXQpBYnJpbCdzIHJlcXVlc3QgaW5zaWRlIHRoZSAxc3QgZmxvb3Igb2YgVGhhbmF0b3MgVG93ZXIKTG9jYXRpb246IFRoYW5hdG9zIFRvd2VyClRhcmdldDogQ29sbGVjdCAxMCBXb3JuLW91dCBNYWdpYyBTY3JvbGwKUmV3YXJkOiBFeHAgNDAwMDAwLCBKZXhwIDQwMDAwMCwgMSBFZGVuIEdyb3VwIENvaW4=,,,,,W01hbnVzY3JpdG9zIE3DoWdpY29zXQpTb2xpY2l0YcOnw6NvIGRlIHVtYSBFeHBsb3JhZG9yYQpMb2NhbDogVG9ycmUgZGUgVGhhbmF0b3MKT2JqZXRpdm86IENvbGV0YXIgMTAgUGVyZ2FtaW5obyBBbnRpZ28KUmVjb21wZW5zYTogRVhQIGJhc2UgNDAwMDAwLCBFWFAgY2xhc3NlIDQwMDAwMCwgMSBNb2VkYSBkbyDDiWRlbg==,,W1ZpZWpvcyByZWdpc3Ryb3MgbcOhZ2ljb3NdClNvbGljaXR1ZCBkZSBBYnJpbCBlbiBlbCBwaXNvIDEgZGUgbGEgdG9ycmUgZGUgVGhhbmF0b3MKVWJpY2FjacOzbjogVG9ycmUgZGUgVGhhbmF0b3MKT2JqZXRpdm86IFJlY29sZWN0YSAxMCBQZXJnYW1pbm9zIG3DoWdpY29zIGRlc2dhc3RhZG9zClByZW1pbzogNDAwMDAwIGRlIEVYUCwgNDAwMDAwIGRlIEVYUCBkZSBjbGFzZSwgMSBtb25lZGEgZGVsIEdydXBvIGRlbCBFZMOpbg==
sqtJCg,,QWJyaWwncyByZXF1ZXN0IGluc2lkZSB0aGUgMXN0IGZsb29yIG9mIFRoYW5hdG9zIFRvd2VyCl40RDRERkZbT2xkIE1hZ2ljIFJlY29yZHNdXjAwMDAwMCBRdWVzdCBhY2NlcHRlZC4=,,,,,QSBzb2xpY2l0YcOnw6NvIGRlIHVtYSBFeHBsb3JhZG9yYQpeNEQ0REZGW01hbnVzY3JpdG9zIE3DoWdpY29zXV4wMDAwMDAgZm9pIGFjZWl0YS4=,,U29saWNpdHVkIGRlIEFicmlsIGVuIGVsIHBpc28gMSBkZSBsYSB0b3JyZSBkZSBUaGFuYXRvcwpeNEQ0REZGW1ZpZWpvcyByZWdpc3Ryb3MgbcOhZ2ljb3NdXjAwMDAwMCBNaXNpw7NuIGFjZXB0YWRhLg==
s6tJCg,,W1JlcXVlc3QgQ29tcGxldGVkXQpMb2NhdGlvbjogVGhhbmF0b3MgVG93ZXIKVGFyZ2V0OiBDb2xsZWN0IDMwIFRhdHRlcmVkIENsb3RoZXMKUmV3YXJkOiBFeHAgNDAwMDAwLCBKZXhwIDQwMDAwMCwgMSBFZGVuIEdyb3VwIENvaW4=,,,,,W01pc3PDo28gY29tcGxldGFdCkxvY2FsOiBUb3JyZSBkZSBUaGFuYXRvcwpPYmpldGl2bzogQ29sZXRhciAzMCBGYXJyYXBvcwpSZWNvbXBlbnNhOiBFWFAgYmFzZSA0MDAwMDAsIEVYUCBjbGFzc2UgNDAwMDAwLCAxIE1vZWRhIGRvIMOJZGVu,,W1NvbGljaXR1ZCBjb21wbGV0YWRhXQpVYmljYWNpw7NuOiBUb3JyZSBkZSBUaGFuYXRvcwpPYmpldGl2bzogUmVjb2xlY3RhIDMwIHVuaWRhZGVzIGRlIFJvcGEgYW5kcmFqb3NhClByZW1pbzogNDAwMDAwIGRlIEVYUCwgNDAwMDAwIGRlIEVYUCBkZSBjbGFzZSwgMSBtb25lZGEgZGVsIEdydXBvIGRlbCBFZMOpbg==
tKtJCg,,W1JlY3ljbGluZyBDb2xsZWN0aW9uXQpBYnJpbCdzIHJlcXVlc3QgaW5zaWRlIHRoZSAxc3QgZmxvb3Igb2YgVGhhbmF0b3MgVG93ZXIKTG9jYXRpb246IFRoYW5hdG9zIFRvd2VyClRhcmdldDogQ29sbGVjdCAzMCBUYXR0ZXJlZCBDbG90aGVzClJld2FyZDogRXhwIDQwMDAwMCwgSmV4cCA0MDAwMDAsIDEgRWRlbiBHcm91cCBDb2lu,,,,,W0F1bGEgZGUgUmVjaWNsYWdlbV0KU29saWNpdGHDp8OjbyBkZSB1bWEgRXhwbG9yYWRvcmEKTG9jYWw6IFRvcnJlIGRlIFRoYW5hdG9zCk9iamV0aXZvOiBDb2xldGFyIDMwIEZhcnJhcG9zClJlY29tcGVuc2E6IEVYUCBiYXNlIDQwMDAwMCwgRVhQIGNsYXNzZSA0MDAwMDAsIDEgTW9lZGEgZG8gw4lkZW4=,,W1JlY29sZWNjacOzbiBkZSByZWNpY2xhamVdClNvbGljaXR1ZCBkZSBBYnJpbCBlbiBlbCBwaXNvIDEgZGUgbGEgdG9ycmUgZGUgVGhhbmF0b3MKVWJpY2FjacOzbjogVG9ycmUgZGUgVGhhbmF0b3MKT2JqZXRpdm86IFJlY29sZWN0YSAzMCB1bmlkYWRlcyBkZSBSb3BhIGFuZHJham9zYQpQcmVtaW86IDQwMDAwMCBkZSBFWFAsIDQwMDAwMCBkZSBFWFAgZGUgY2xhc2UsIDEgbW9uZWRhIGRlbCBHcnVwbyBkZWwgRWTDqW4=
tatJCg,,QWJyaWwncyByZXF1ZXN0IGluc2lkZSB0aGUgMXN0IGZsb29yIG9mIFRoYW5hdG9zIFRvd2VyCl40RDRERkZbUmVjeWNsaW5nIENvbGxlY3Rpb25dXjAwMDAwMCBRdWVzdCBhY2NlcHRlZC4=,,,,,QSBzb2xpY2l0YcOnw6NvIGRlIHVtYSBFeHBsb3JhZG9yYQpeNEQ0REZGW0F1bGEgZGUgUmVjaWNsYWdlbV1eMDAwMDAwIGZvaSBhY2VpdGEu,,U29saWNpdHVkIGRlIEFicmlsIGVuIGVsIHBpc28gMSBkZSBsYSB0b3JyZSBkZSBUaGFuYXRvcwpeNEQ0REZGW1JlY29sZWNjacOzbiBkZSByZWNpY2xhamVdXjAwMDAwMCBNaXNpw7NuIGFjZXB0YWRhLg==
tqtJCg,,W1JlcXVlc3QgQ29tcGxldGVkXQpMb2NhdGlvbjogSnVwZXJvcyBEdW5nZW9uClRhcmdldDogRGVmZWF0IDIwIFZlbmF0dSAoUHVycGxlKSBhbmQgMjAgVmVuYXR1IChHcmVlbikKUmV3YXJkOiBFeHAgMzAwMDAwLCBKZXhwIDI1MDAwMCwgMSBFZGVuIEdyb3VwIENvaW4=,,,,,W01pc3PDo28gY29tcGxldGFdCkxvY2FsOiBKdXBlcm9zCk9iamV0aXZvOiBDYcOnYXIgMjAgVmVuYXR1cyBWZXJkZXMgZSAyMCBWZW5hdHVzIExhcmFuamFzClJlY29tcGVuc2E6IEVYUCBiYXNlIDMwMDAwMCwgRVhQIGNsYXNzZSAyNTAwMDAsIDEgTW9lZGEgZG8gw4lkZW4=,,W1NvbGljaXR1ZCBjb21wbGV0YWRhXQpVYmljYWNpw7NuOiBNYXptb3JyYSBkZSBKdXBlcm9zCk9iamV0aXZvOiBEZXJyb3RhIGEgMjAgVmVuYXR1IChtb3JhZG8pIHkgMjAgVmVuYXR1ICh2ZXJkZSkKUHJlbWlvOiAzMDAwMDAgZGUgRVhQLCAyNTAwMDAgZGUgRVhQIGRlIGNsYXNlLCAxIG1vbmVkYSBkZWwgR3J1cG8gZGVsIEVkw6lu
t6tJCg,,W1N3YXJtIG9mIElyb24gQW50cy0xXQpSZXF1ZXN0IGZyb20gSm93b24gRXJuZXN0IGluIGZyb250IG9mIEp1cGVyb3MgRHVuZ2VvbgpMb2NhdGlvbjogSnVwZXJvcyBEdW5nZW9uClRhcmdldDogRGVmZWF0IDIwIFZlbmF0dSAoUHVycGxlKSBhbmQgMjAgVmVuYXR1IChHcmVlbikKUmV3YXJkOiBFeHAgMzAwMDAwLCBKZXhwIDI1MDAwMCwgMSBFZGVuIEdyb3VwIENvaW4=,,,,,W0Zvcm1pZ2FzIGRlIEHDp29dClNvbGljaXRhw6fDo28gZGUgdW0gZXN0dWRhbnRlIG5vIERlc2ZpbGFkZWlybyBFbG1lcwpMb2NhbDogSnVwZXJvcwpPYmpldGl2bzogQ2HDp2FyIDIwIFZlbmF0dXMgVmVyZGVzIGUgMjAgVmVuYXR1cyBMYXJhbmphcwpSZWNvbXBlbnNhOiBFWFAgYmFzZSAzMDAwMDAsIEVYUCBjbGFzc2UgMjUwMDAwLCAxIE1vZWRhIGRvIMOJZGVu,,W0VuamFtYnJlIGRlIGhvcm1pZ2FzIGRlIGhpZXJybyAxXQpTb2xpY2l0dWQgZGUgSm93b24gRXJuZXN0IGZyZW50ZSBhIGxhIG1hem1vcnJhIGRlIEp1cGVyb3MKVWJpY2FjacOzbjogTWF6bW9ycmEgZGUgSnVwZXJvcwpPYmpldGl2bzogRGVycm90YSBhIDIwIFZlbmF0dSAobW9yYWRvKSB5IDIwIFZlbmF0dSAodmVyZGUpClByZW1pbzogMzAwMDAwIGRlIEVYUCwgMjUwMDAwIGRlIEVYUCBkZSBjbGFzZSwgMSBtb25lZGEgZGVsIEdydXBvIGRlbCBFZMOpbg==
uKtJCg,,UmVxdWVzdCBmcm9tIEpvd29uIEVybmVzdCBpbiBmcm9udCBvZiBKdXBlcm9zIER1bmdlb24KXjRENERGRltTd2FybSBvZiBJcm9uIEFudHMtMV1eMDAwMDAwIFF1ZXN0IGFjY2VwdGVkLg==,,,,,QSBzb2xpY2l0YcOnw6NvIGRlIHVtIGVzdHVkYW50ZSBubyBEZXNmaWxhZGVpcm8gRWxtZXMKXjRENERGRltGb3JtaWdhcyBkZSBBw6dvXV4wMDAwMDAgZm9pIGFjZWl0YS4=,,U29saWNpdHVkIGRlIEpvd29uIEVybmVzdCBmcmVudGUgYSBsYSBtYXptb3JyYSBkZSBKdXBlcm9zCl40RDRERkZbRW5qYW1icmUgZGUgaG9ybWlnYXMgZGUgaGllcnJvIDFdXjAwMDAwMCBNaXNpw7NuIGFjZXB0YWRhLg==
uatJCg,,W1JlcXVlc3QgQ29tcGxldGVkXQpMb2NhdGlvbjogSnVwZXJvcyBEdW5nZW9uClRhcmdldDogRGVmZWF0IDIwIFZlbmF0dSAoUmVkKSBhbmQgMjAgVmVuYXR1IChCbHVlKQpSZXdhcmQ6IEV4cCAzMDAwMDAsIEpleHAgMjUwMDAwLCAxIEVkZW4gR3JvdXAgQ29pbg==,,,,,W01pc3PDo28gY29tcGxldGFdCkxvY2FsOiBKdXBlcm9zCk9iamV0aXZvOiBDYcOnYXIgMjAgVmVuYXR1cyBBenVpcyBlIDIwIFZlbmF0dXMgVmVybWVsaG9zClJlY29tcGVuc2E6IEVYUCBiYXNlIDMwMDAwMCwgRVhQIGNsYXNzZSAyNTAwMDAsIDEgTW9lZGEgZG8gw4lkZW4=,,W1NvbGljaXR1ZCBjb21wbGV0YWRhXQpVYmljYWNpw7NuOiBNYXptb3JyYSBkZSBKdXBlcm9zCk9iamV0aXZvOiBEZXJyb3RhIGEgMjAgVmVuYXR1IChyb2pvKSB5IDIwIFZlbmF0dSAoYXp1bCkKUHJlbWlvOiAzMDAwMDAgZGUgRVhQLCAyNTAwMDAgZGUgRVhQIGRlIGNsYXNlLCAxIG1vbmVkYSBkZWwgR3J1cG8gZGVsIEVkw6lu
uqtJCg,,W1N3YXJtIG9mIElyb24gQW50cy0yXQpSZXF1ZXN0IGZyb20gSm93b24gRXJuZXN0IGluIGZyb250IG9mIEp1cGVyb3MgRHVuZ2VvbgpMb2NhdGlvbjogSnVwZXJvcyBEdW5nZW9uClRhcmdldDogRGVmZWF0IDIwIFZlbmF0dSAoUmVkKSBhbmQgMjAgVmVuYXR1IChCbHVlKQpSZXdhcmQ6IEV4cCAzMDAwMDAsIEpleHAgMjUwMDAwLCAxIEVkZW4gR3JvdXAgQ29pbg==,,,,,W0Zvcm1pZ2FzIGRlIEZlcnJvXQpTb2xpY2l0YcOnw6NvIGRlIHVtIGVzdHVkYW50ZSBubyBEZXNmaWxhZGVpcm8gRWxtZXMKTG9jYWw6IEp1cGVyb3MKT2JqZXRpdm86IENhw6dhciAyMCBWZW5hdHVzIEF6dWlzIGUgMjAgVmVuYXR1cyBWZXJtZWxob3MKUmVjb21wZW5zYTogRVhQIGJhc2UgMzAwMDAwLCBFWFAgY2xhc3NlIDI1MDAwMCwgMSBNb2VkYSBkbyDDiWRlbg==,,W0VuamFtYnJlIGRlIGhvcm1pZ2FzIGRlIGhpZXJybyAyXQpTb2xpY2l0dWQgZGUgSm93b24gRXJuZXN0IGZyZW50ZSBhIGxhIG1hem1vcnJhIGRlIEp1cGVyb3MKVWJpY2FjacOzbjogTWF6bW9ycmEgZGUgSnVwZXJvcwpPYmpldGl2bzogRGVycm90YSBhIDIwIFZlbmF0dSAocm9qbykgeSAyMCBWZW5hdHUgKGF6dWwpClByZW1pbzogMzAwMDAwIGRlIEVYUCwgMjUwMDAwIGRlIEVYUCBkZSBjbGFzZSwgMSBtb25lZGEgZGVsIEdydXBvIGRlbCBFZMOpbg==
u6tJCg,,UmVxdWVzdCBmcm9tIEpvd29uIEVybmVzdCBpbiBmcm9udCBvZiBKdXBlcm9zIER1bmdlb24KXjRENERGRltTd2FybSBvZiBJcm9uIEFudHMtMl1eMDAwMDAwIFF1ZXN0IGFjY2VwdGVkLg==,,,,,QSBzb2xpY2l0YcOnw6NvIGRlIHVtIGVzdHVkYW50ZSBubyBEZXNmaWxhZGVpcm8gRWxtZXMKXjRENERGRltGb3JtaWdhcyBkZSBGZXJyb11eMDAwMDAwIGZvaSBhY2VpdGEu,,U29saWNpdHVkIGRlIEpvd29uIEVybmVzdCBmcmVudGUgYSBsYSBtYXptb3JyYSBkZSBKdXBlcm9zCl40RDRERkZbRW5qYW1icmUgZGUgaG9ybWlnYXMgZGUgaGllcnJvIDJdXjAwMDAwMCBNaXNpw7NuIGFjZXB0YWRhLg==
vKtJCg,,W1JlcXVlc3QgQ29tcGxldGVkXQpMb2NhdGlvbjogSnVwZXJvcyBEdW5nZW9uClRhcmdldDogRGVmZWF0IDEwIERpbWlrIChHcmVlbikgYW5kIDEwIERpbWlrIChCbHVlKQpSZXdhcmQ6IEV4cCAzMDAwMDAsIEpleHAgMjUwMDAwLCAxIEVkZW4gR3JvdXAgQ29pbg==,,,,,W01pc3PDo28gY29tcGxldGFdCkxvY2FsOiBKdXBlcm9zCk9iamV0aXZvOiBDYcOnYXIgMTAgRGltaWtzIEF6dWlzIGUgMTAgRGltaWtzIExhcmFuamFzClJlY29tcGVuc2E6IEVYUCBiYXNlIDMwMDAwMCwgRVhQIGNsYXNzZSAyNTAwMDAsIDEgTW9lZGEgZG8gw4lkZW4=,,W1NvbGljaXR1ZCBjb21wbGV0YWRhXQpVYmljYWNpw7NuOiBNYXptb3JyYSBkZSBKdXBlcm9zCk9iamV0aXZvOiBEZXJyb3RhIGEgMTAgRGltaWsgKHZlcmRlKSB5IDEwIERpbWlrIChhenVsKQpQcmVtaW86IDMwMDAwMCBkZSBFWFAsIDI1MDAwMCBkZSBFWFAgZGUgY2xhc2UsIDEgbW9uZWRhIGRlbCBHcnVwbyBkZWwgRWTDqW4=
vatJCg,,W0NvbG9yZnVsIERpbWlrLTFdClJlcXVlc3QgZnJvbSBDYXB0YWluIE1heGltIGluIGZyb250IG9mIEp1cGVyb3MgRHVuZ2VvbgpMb2NhdGlvbjogSnVwZXJvcyBEdW5nZW9uClRhcmdldDogRGVmZWF0IDEwIERpbWlrIChHcmVlbikgYW5kIDEwIERpbWlrIChCbHVlKQpSZXdhcmQ6IEV4cCAzMDAwMDAsIEpleHAgMjUwMDAwLCAxIEVkZW4gR3JvdXAgQ29pbg==,,,,,W1JvYsO0cyBDb2xvcmlkb3NdClNvbGljaXRhw6fDo28gZGUgdW0gZXN0dWRhbnRlIG5vIERlc2ZpbGFkZWlybyBFbG1lcwpMb2NhbDogSnVwZXJvcwpPYmpldGl2bzogQ2HDp2FyIDEwIERpbWlrcyBBenVpcyBlIDEwIERpbWlrcyBMYXJhbmphcwpSZWNvbXBlbnNhOiBFWFAgYmFzZSAzMDAwMDAsIEVYUCBjbGFzc2UgMjUwMDAwLCAxIE1vZWRhIGRvIMOJZGVu,,W0RpbWlrIGNvbG9yaWRvIDFdClNvbGljaXR1ZCBkZWwgY2FwaXTDoW4gTWF4aW0gZnJlbnRlIGEgbGEgbWF6bW9ycmEgZGUgSnVwZXJvcwpVYmljYWNpw7NuOiBNYXptb3JyYSBkZSBKdXBlcm9zCk9iamV0aXZvOiBEZXJyb3RhIGEgMTAgRGltaWsgKHZlcmRlKSB5IDEwIERpbWlrIChhenVsKQpQcmVtaW86IDMwMDAwMCBkZSBFWFAsIDI1MDAwMCBkZSBFWFAgZGUgY2xhc2UsIDEgbW9uZWRhIGRlbCBHcnVwbyBkZWwgRWTDqW4=
vqtJCg,,UmVxdWVzdCBmcm9tIENhcHRhaW4gTWF4aW0gaW4gZnJvbnQgb2YgSnVwZXJvcyBEdW5nZW9uCl40RDRERkZbQ29sb3JmdWwgRGltaWstMV1eMDAwMDAwIFF1ZXN0IGFjY2VwdGVkLg==,,,,,QSBzb2xpY2l0YcOnw6NvIGRlIHVtIGVzdHVkYW50ZSBubyBEZXNmaWxhZGVpcm8gRWxtZXMKXjRENERGRltSb2LDtHMgQ29sb3JpZG9zXV4wMDAwMDAgZm9pIGFjZWl0YS4=,,U29saWNpdHVkIGRlbCBjYXBpdMOhbiBNYXhpbSBmcmVudGUgYSBsYSBtYXptb3JyYSBkZSBKdXBlcm9zCl40RDRERkZbRGltaWsgY29sb3JpZG8gMV1eMDAwMDAwIE1pc2nDs24gYWNlcHRhZGEu
v6tJCg,,W1JlcXVlc3QgQ29tcGxldGVkXQpMb2NhdGlvbjogSnVwZXJvcyBEdW5nZW9uClRhcmdldDogRGVmZWF0IDEwIERpbWlrIChTY2FybGV0KSBhbmQgMTAgRGltaWsgKFJlZCkKUmV3YXJkOiBFeHAgMzAwMDAwLCBKZXhwIDI1MDAwMCwgMSBFZGVuIEdyb3VwIENvaW4=,,,,,W01pc3PDo28gY29tcGxldGFdCkxvY2FsOiBKdXBlcm9zCk9iamV0aXZvOiBDYcOnYXIgMTAgRGltaWtzIFZlcmRlcyBlIDEwIERpbWlrcyBWZXJtZWxob3MKUmVjb21wZW5zYTogRVhQIGJhc2UgMzAwMDAwLCBFWFAgY2xhc3NlIDI1MDAwMCwgMSBNb2VkYSBkbyDDiWRlbg==,,W1NvbGljaXR1ZCBjb21wbGV0YWRhXQpVYmljYWNpw7NuOiBNYXptb3JyYSBkZSBKdXBlcm9zCk9iamV0aXZvOiBEZXJyb3RhIGEgMTAgRGltaWsgKGVzY2FybGF0YSkgeSAxMCBEaW1payAocm9qbykKUHJlbWlvOiAzMDAwMDAgZGUgRVhQLCAyNTAwMDAgZGUgRVhQIGRlIGNsYXNlLCAxIG1vbmVkYSBkZWwgR3J1cG8gZGVsIEVkw6lu
wKtJCg,,W0NvbG9yZnVsIERpbWlrLTJdClJlcXVlc3QgZnJvbSBDYXB0YWluIE1heGltIGluIGZyb250IG9mIEp1cGVyb3MgRHVuZ2VvbgpMb2NhdGlvbjogSnVwZXJvcyBEdW5nZW9uClRhcmdldDogRGVmZWF0IDEwIERpbWlrIChTY2FybGV0KSBhbmQgMTAgRGltaWsgKFJlZCkKUmV3YXJkOiBFeHAgMzAwMDAwLCBKZXhwIDI1MDAwMCwgMSBFZGVuIEdyb3VwIENvaW4=,,,,,W1JvYsO0cyBNdWx0aWNvbG9yaWRvc10KU29saWNpdGHDp8OjbyBkZSB1bSBlc3R1ZGFudGUgbm8gRGVzZmlsYWRlaXJvIEVsbWVzCkxvY2FsOiBKdXBlcm9zCk9iamV0aXZvOiBDYcOnYXIgMTAgRGltaWtzIFZlcmRlcyBlIDEwIERpbWlrcyBWZXJtZWxob3MKUmVjb21wZW5zYTogRVhQIGJhc2UgMzAwMDAwLCBFWFAgY2xhc3NlIDI1MDAwMCwgMSBNb2VkYSBkbyDDiWRlbg==,,W0RpbWlrIGNvbG9yaWRvIDJdClNvbGljaXR1ZCBkZWwgY2FwaXTDoW4gTWF4aW0gZnJlbnRlIGEgbGEgbWF6bW9ycmEgZGUgSnVwZXJvcwpVYmljYWNpw7NuOiBNYXptb3JyYSBkZSBKdXBlcm9zCk9iamV0aXZvOiBEZXJyb3RhIGEgMTAgRGltaWsgKGVzY2FybGF0YSkgeSAxMCBEaW1payAocm9qbykKUHJlbWlvOiAzMDAwMDAgZGUgRVhQLCAyNTAwMDAgZGUgRVhQIGRlIGNsYXNlLCAxIG1vbmVkYSBkZWwgR3J1cG8gZGVsIEVkw6lu
watJCg,,UmVxdWVzdCBmcm9tIENhcHRhaW4gTWF4aW0gaW4gZnJvbnQgb2YgSnVwZXJvcyBEdW5nZW9uCl40RDRERkZbQ29sb3JmdWwgRGltaWstMl1eMDAwMDAwIFF1ZXN0IGFjY2VwdGVkLg==,,,,,QSBzb2xpY2l0YcOnw6NvIGRlIHVtIGVzdHVkYW50ZSBubyBEZXNmaWxhZGVpcm8gRWxtZXMKXjRENERGRltSb2LDtHMgTXVsdGljb2xvcmlkb3NdXjAwMDAwMCBmb2kgYWNlaXRhLg==,,U29saWNpdHVkIGRlbCBjYXBpdMOhbiBNYXhpbSBmcmVudGUgYSBsYSBtYXptb3JyYSBkZSBKdXBlcm9zCl40RDRERkZbRGltaWsgY29sb3JpZG8gMl1eMDAwMDAwIE1pc2nDs24gYWNlcHRhZGEu
wqtJCg,,MTIwfjE0MCBSZXF1ZXN0IEJ1bGxldGluIEJvYXJk,,,,,TWlzc8O1ZXMgMTIwIC0gMTQw,,TWlzaW9uZXMgMTIwIC0gMTQw
w6tJCg,,XjhDOEM4Q0Zyb20gdGhlIFJhZGlvIE9wZXJhdG9yIChJbiBQcm9ncmVzcyleMDAwMDAw,,,,,XjhDOEM4QyhFbSBDdXJzbykgTWVuaW5hIEfDs3RpY2FeMDAwMDAw,,XjhDOEM4QyhlbiBjdXJzbykgRGVsIG9wZXJhZG9yIGRlIHJhZGlvIF4wMDAwMDA=
xKtJCg,,XjhDOEM4Q0Zyb20gdGhlIFJhZGlvIE9wZXJhdG9yIChXYWl0aW5nKV4wMDAwMDA=,,,,,XjhDOEM4QyhFbSBFc3BlcmEpIE1lbmluYSBHw7N0aWNhXjAwMDAwMA==,,XjhDOEM4QyhlbiBlc3BlcmEpIERlbCBvcGVyYWRvciBkZSByYWRpbyBeMDAwMDAw
xatJCg,,RnJvbSB0aGUgUmFkaW8gT3BlcmF0b3IgWzEyMF0=,,,,,WzEyMF0gTWVuaW5hIEfDs3RpY2E=,,WzEyMF0gRGVsIG9wZXJhZG9yIGRlIHJhZGlv
xqtJCg,,XjhDOEM4Q0RlbW9uIFB1cmlmaWNhdGlvbiAoSW4gUHJvZ3Jlc3MpXjAwMDAwMA==,,,,,XjhDOEM4QyhFbSBDdXJzbykgUHVyaWZpY2FyIG8gTWFsXjAwMDAwMA==,,XjhDOEM4QyhlbiBjdXJzbykgUHVyaWZpY2FjacOzbiBkZSBkZW1vbmlvcyBeMDAwMDAw
x6tJCg,,XjhDOEM4Q0RlbW9uIFB1cmlmaWNhdGlvbiAoV2FpdGluZyleMDAwMDAw,,,,,XjhDOEM4QyhFbSBFc3BlcmEpIFB1cmlmaWNhciBvIE1hbF4wMDAwMDA=,,XjhDOEM4QyhlbiBlc3BlcmEpIFB1cmlmaWNhY2nDs24gZGUgZGVtb25pb3MgXjAwMDAwMA==
yKtJCg,,RGVtb24gUHVyaWZpY2F0aW9uIFsxMjBd,,,,,WzEyMF0gUHVyaWZpY2FyIG8gTWFs,,WzEyMF0gUHVyaWZpY2FjacOzbiBkZSBkZW1vbmlvcw==
yatJCg,,XjhDOEM4Q0JlZm9yZSBiZWluZyBkZWNlaXZlZCAoSW4gUHJvZ3Jlc3MpXjAwMDAwMA==,,,,,XjhDOEM4QyhFbSBDdXJzbykgU2VyZXMgR2VsYXRpbm9zb3NeMDAwMDAw,,XjhDOEM4QyhlbiBjdXJzbykgQW50ZXMgZGUgc2VyIGVuZ2HDsWFkbyBeMDAwMDAw
yqtJCg,,XjhDOEM4Q0JlZm9yZSBiZWluZyBkZWNlaXZlZCAoV2FpdGluZyleMDAwMDAw,,,,,XjhDOEM4QyhFbSBFc3BlcmEpIFNlcmVzIEdlbGF0aW5vc29zXjAwMDAwMA==,,XjhDOEM4QyhlbiBlc3BlcmEpIEFudGVzIGRlIHNlciBlbmdhw7FhZG8gXjAwMDAwMA==
y6tJCg,,QmVmb3JlIGJlaW5nIGRlY2VpdmVkIFsxMjBd,,,,,WzEyMF0gU2VyZXMgR2VsYXRpbm9zb3M=,,WzEyMF0gQW50ZXMgZGUgc2VyIGVuZ2HDsWFkbw==
zKtJCg,,XjhDOEM4Q0RyYWdvbiBpbiB0aGUgTGFrZSAoSW4gUHJvZ3Jlc3MpXjAwMDAwMA==,,,,,XjhDOEM4QyhFbSBDdXJzbykgRHJhZ8O1ZXMgZG8gTGFnb14wMDAwMDA=,,XjhDOEM4QyhlbiBjdXJzbykgRHJhZ8OzbiBlbiBlbCBsYWdvIF4wMDAwMDA=
zatJCg,,XjhDOEM4Q0RyYWdvbiBpbiB0aGUgTGFrZSAoV2FpdGluZyleMDAwMDAw,,,,,XjhDOEM4QyhFbSBFc3BlcmEpIERyYWfDtWVzIGRvIExhZ29eMDAwMDAw,,XjhDOEM4QyhlbiBlc3BlcmEpIERyYWfDs24gZW4gZWwgbGFnbyBeMDAwMDAw
zqtJCg,,RHJhZ29uIGluIHRoZSBMYWtlIFsxMjBd,,,,,WzEyMF0gRHJhZ8O1ZXMgZG8gTGFnbw==,,WzEyMF0gRHJhZ8OzbiBlbiBlbCBsYWdv
z6tJCg,,XjhDOEM4Q0RyYWtlIG9mIHRoZSBMYWtlIChJbiBQcm9ncmVzcyleMDAwMDAw,,,,,XjhDOEM4QyhFbSBDdXJzbykgRHJhZ8O1ZXMgZG8gU3Vic29sb14wMDAwMDA=,,XjhDOEM4QyhlbiBjdXJzbykgRHJha2UgZGVsIGxhZ28gXjAwMDAwMA==
0KtJCg,,XjhDOEM4Q0RyYWtlIG9mIHRoZSBMYWtlIChXYWl0aW5nKV4wMDAwMDA=,,,,,XjhDOEM4QyhFbSBFc3BlcmEpIERyYWfDtWVzIGRvIFN1YnNvbG9eMDAwMDAw,,XjhDOEM4QyhlbiBlc3BlcmEpIERyYWtlIGRlbCBsYWdvIF4wMDAwMDA=
0atJCg,,RHJha2Ugb2YgdGhlIExha2UgWzEyMF0=,,,,,WzEyMF0gRHJhZ8O1ZXMgZG8gU3Vic29sbw==,,WzEyMF0gRHJha2UgZGVsIGxhZ28=
0qtJCg,,XjhDOEM4Q1RocmVlLUhlYWRlZCBEcmFnb24gb2YgdGhlIExha2UgKEluIFByb2dyZXNzKV4wMDAwMDA=,,,,,XjhDOEM4QyhFbSBDdXJzbykgRHJhZ8OjbyBkbyBUZXNvdXJvXjAwMDAwMA==,,XjhDOEM4QyhlbiBjdXJzbykgRHJhZ8OzbiBkZSB0cmVzIGNhYmV6YXMgZGVsIGxhZ28gXjAwMDAwMA==
06tJCg,,XjhDOEM4Q1RocmVlLUhlYWRlZCBEcmFnb24gb2YgdGhlIExha2UgKFdhaXRpbmcpXjAwMDAwMA==,,,,,XjhDOEM4QyhFbSBFc3BlcmEpIERyYWfDo28gZG8gVGVzb3Vyb14wMDAwMDA=,,XjhDOEM4QyhlbiBlc3BlcmEpIERyYWfDs24gZGUgdHJlcyBjYWJlemFzIGRlbCBsYWdvIF4wMDAwMDA=
1KtJCg,,VGhyZWUtSGVhZGVkIERyYWdvbiBvZiB0aGUgTGFrZSBbMTIwXQ==,,,,,WzEyMF0gRHJhZ8OjbyBkbyBUZXNvdXJv,,WzEyMF0gRHJhZ8OzbiBkZSB0cmVzIGNhYmV6YXMgZGVsIGxhZ28=
1atJCg,,XjhDOEM4Q1N1cnZlaWxsYW5jZSBhbmQgUHVuaXNobWVudCAoSW4gUHJvZ3Jlc3MpXjAwMDAwMA==,,,,,XjhDOEM4QyhFbSBDdXJzbykgUHVuacOnw6NvIEFuZ2VsaWNhbF4wMDAwMDA=,,XjhDOEM4QyhlbiBjdXJzbykgVmlnaWxhbmNpYSB5IGNhc3RpZ28gXjAwMDAwMA==
1qtJCg,,XjhDOEM4Q1N1cnZlaWxsYW5jZSBhbmQgUHVuaXNobWVudCAoV2FpdGluZyleMDAwMDAw,,,,,XjhDOEM4QyhFbSBFc3BlcmEpIFB1bmnDp8OjbyBBbmdlbGljYWxeMDAwMDAw,,XjhDOEM4QyhlbiBlc3BlcmEpIFZpZ2lsYW5jaWEgeSBjYXN0aWdvIF4wMDAwMDA=
16tJCg,,U3VydmVpbGxhbmNlIGFuZCBQdW5pc2htZW50IFsxMjBd,,,,,WzEyMF0gUHVuacOnw6NvIEFuZ2VsaWNhbA==,,WzEyMF0gVmlnaWxhbmNpYSB5IGNhc3RpZ28=
2KtJCg,,XjhDOEM4Q1N3ZWV0IFBvaXNvbiAoSW4gUHJvZ3Jlc3MpXjAwMDAwMA==,,,,,XjhDOEM4QyhFbSBDdXJzbykgU29tIEFuZ2VsaWNhbF4wMDAwMDA=,,XjhDOEM4QyhlbiBjdXJzbykgRHVsY2UgdmVuZW5vIF4wMDAwMDA=
2atJCg,,XjhDOEM4Q1N3ZWV0IFBvaXNvbiAoV2FpdGluZyleMDAwMDAw,,,,,XjhDOEM4QyhFbSBFc3BlcmEpIFNvbSBBbmdlbGljYWxeMDAwMDAw,,XjhDOEM4QyhlbiBlc3BlcmEpIER1bGNlIHZlbmVubyBeMDAwMDAw
2qtJCg,,U3dlZXQgUG9pc29uIFsxMjBd,,,,,WzEyMF0gU29tIEFuZ2VsaWNhbA==,,WzEyMF0gRHVsY2UgdmVuZW5v
26tJCg,,XjhDOEM4Q1Jlc3QgaW4gRGVhdGggKEluIFByb2dyZXNzKV4wMDAwMDA=,,,,,XjhDOEM4QyhFbSBDdXJzbykgRGVzY2Fuc28gQW5nZWxpY2FsXjAwMDAwMA==,,XjhDOEM4QyhlbiBjdXJzbykgRGVzY2Fuc28gZW4gbGEgbXVlcnRlIF4wMDAwMDA=
3KtJCg,,XjhDOEM4Q1Jlc3QgaW4gRGVhdGggKFdhaXRpbmcpXjAwMDAwMA==,,,,,XjhDOEM4QyhFbSBFc3BlcmEpIERlc2NhbnNvIEFuZ2VsaWNhbF4wMDAwMDA=,,XjhDOEM4QyhlbiBlc3BlcmEpIERlc2NhbnNvIGVuIGxhIG11ZXJ0ZSBeMDAwMDAw
3atJCg,,UmVzdCBpbiBEZWF0aCBbMTIwXQ==,,,,,WzEyMF0gRGVzY2Fuc28gQW5nZWxpY2Fs,,WzEyMF0gRGVzY2Fuc28gZW4gbGEgbXVlcnRl
3qtJCg,,XjhDOEM4Q1NlZWRzIG9mIENvbnRyb2wgKEluIFByb2dyZXNzKV4wMDAwMDA=,,,,,XjhDOEM4QyhFbSBDdXJzbykgVmlnaWEgQW5nZWxpY2FsXjAwMDAwMA==,,XjhDOEM4QyhlbiBjdXJzbykgU2VtaWxsYXMgZGUgY29udHJvbCBeMDAwMDAw
36tJCg,,XjhDOEM4Q1NlZWRzIG9mIENvbnRyb2wgKFdhaXRpbmcpXjAwMDAwMA==,,,,,XjhDOEM4QyhFbSBFc3BlcmEpIFZpZ2lhIEFuZ2VsaWNhbF4wMDAwMDA=,,XjhDOEM4QyhlbiBlc3BlcmEpIFNlbWlsbGFzIGRlIGNvbnRyb2wgXjAwMDAwMA==
4KtJCg,,U2VlZHMgb2YgQ29udHJvbCBbMTIwXQ==,,,,,WzEyMF0gVmlnaWEgQW5nZWxpY2Fs,,WzEyMF0gU2VtaWxsYXMgZGUgY29udHJvbA==
4atJCg,,XjhDOEM4Q1BvaXNvbm91cyBCdWcgKEluIFByb2dyZXNzKV4wMDAwMDA=,,,,,XjhDOEM4QyhFbSBDdXJzbykgQWxlcnRhIFZlbmVub3NvXjAwMDAwMA==,,XjhDOEM4QyhlbiBjdXJzbykgSW5zZWN0byB2ZW5lbm9zbyBeMDAwMDAw
4qtJCg,,XjhDOEM4Q1BvaXNvbm91cyBCdWcgKFdhaXRpbmcpXjAwMDAwMA==,,,,,XjhDOEM4QyhFbSBFc3BlcmEpIEFsZXJ0YSBWZW5lbm9zb14wMDAwMDA=,,XjhDOEM4QyhlbiBlc3BlcmEpIEluc2VjdG8gdmVuZW5vc28gXjAwMDAwMA==
46tJCg,,UG9pc29ub3VzIEJ1ZyBbMTIwXQ==,,,,,WzEyMF0gQWxlcnRhIFZlbmVub3Nv,,WzEyMF0gSW5zZWN0byB2ZW5lbm9zbw==
5KtJCg,,XjhDOEM4Q0luY29tcGV0ZW50IGxhenkgcGVyc29uIChJbiBQcm9ncmVzcyleMDAwMDAw,,,,,XjhDOEM4QyhFbSBDdXJzbykgQW5pbWFsIFBhdGV0YV4wMDAwMDA=,,XjhDOEM4QyhlbiBjdXJzbykgSW5jb21wZXRlbnRlIHkgbmVnbGlnZW50ZSBeMDAwMDAw
5atJCg,,XjhDOEM4Q0luY29tcGV0ZW50IGxhenkgcGVyc29uIChXYWl0aW5nKV4wMDAwMDA=,,,,,XjhDOEM4QyhFbSBFc3BlcmEpIEFuaW1hbCBQYXRldGFeMDAwMDAw,,XjhDOEM4QyhlbiBlc3BlcmEpIEluY29tcGV0ZW50ZSB5IG5lZ2xpZ2VudGUgXjAwMDAwMA==
5qtJCg,,SW5jb21wZXRlbnQgbGF6eSBwZXJzb24gWzEyMF0=,,,,,WzEyMF0gQW5pbWFsIFBhdGV0YQ==,,WzEyMF0gSW5jb21wZXRlbnRlIHkgbmVnbGlnZW50ZQ==
56tJCg,,XjhDOEM4Q05hbWVsZXNzIElzbGFuZCBQdXJpZmljYXRpb24gKEluIFByb2dyZXNzKV4wMDAwMDA=,,,,,XjhDOEM4QyhFbSBDdXJzbykgSXJtw6NvcyBadW1iaXNeMDAwMDAw,,XjhDOEM4QyhlbiBjdXJzbykgUHVyaWZpY2FjacOzbiBkZSBsYSBJc2xhIEFuw7NuaW1hIF4wMDAwMDA=
6KtJCg,,XjhDOEM4Q05hbWVsZXNzIElzbGFuZCBQdXJpZmljYXRpb24gKFdhaXRpbmcpXjAwMDAwMA==,,,,,XjhDOEM4QyhFbSBFc3BlcmEpIElybcOjb3MgWnVtYmlzXjAwMDAwMA==,,XjhDOEM4QyhlbiBlc3BlcmEpIFB1cmlmaWNhY2nDs24gZGUgbGEgSXNsYSBBbsOzbmltYSBeMDAwMDAw
6atJCg,,TmFtZWxlc3MgSXNsYW5kIFB1cmlmaWNhdGlvbiBbMTIwXQ==,,,,,WzEyMF0gSXJtw6NvcyBadW1iaXM=,,WzEyMF0gUHVyaWZpY2FjacOzbiBkZSBsYSBJc2xhIEFuw7NuaW1h
6qtJCg,,XjhDOEM4Q0NyeSwgY3J5LCBjcnkgYWdhaW4gKEluIFByb2dyZXNzKV4wMDAwMDA=,,,,,XjhDOEM4QyhFbSBDdXJzbykgR3JpdG9zIGUgbWFpcyBHcml0b3NeMDAwMDAw,,XjhDOEM4QyhlbiBjdXJzbykgTGxvcmFyLCBsbG9yYXIsIHZvbHZlciBhIGxsb3JhciBeMDAwMDAw
66tJCg,,XjhDOEM4Q0NyeSwgY3J5LCBjcnkgYWdhaW4gKFdhaXRpbmcpXjAwMDAwMA==,,,,,XjhDOEM4QyhFbSBFc3BlcmEpIEdyaXRvcyBlIG1haXMgR3JpdG9zXjAwMDAwMA==,,XjhDOEM4QyhlbiBlc3BlcmEpIExsb3JhciwgbGxvcmFyLCB2b2x2ZXIgYSBsbG9yYXIgXjAwMDAwMA==
7KtJCg,,Q3J5LCBjcnksIGNyeSBhZ2FpbiBbMTIwXQ==,,,,,WzEyMF0gR3JpdG9zIGUgbWFpcyBHcml0b3M=,,WzEyMF0gTGxvcmFyLCBsbG9yYXIsIHZvbHZlciBhIGxsb3Jhcg==
7atJCg,,XjhDOEM4Q1RoZSBtYXN0ZXIgb2YgdGhlIGRlYWQgbWFyaW9uZXR0ZSAoSW4gUHJvZ3Jlc3MpXjAwMDAwMA==,,,,,XjhDOEM4QyhFbSBDdXJzbykgQ29udHJvbGUgZG9zIE1vcnRvc14wMDAwMDA=,,XjhDOEM4QyhlbiBjdXJzbykgRWwgbWFlc3RybyBkZSBsYSBtYXJpb25ldGEgbXVlcnRhIF4wMDAwMDA=
7qtJCg,,XjhDOEM4Q1RoZSBtYXN0ZXIgb2YgdGhlIGRlYWQgbWFyaW9uZXR0ZSAoV2FpdGluZyleMDAwMDAw,,,,,XjhDOEM4QyhFbSBFc3BlcmEpIENvbnRyb2xlIGRvcyBNb3J0b3NeMDAwMDAw,,XjhDOEM4QyhlbiBlc3BlcmEpIEVsIG1hZXN0cm8gZGUgbGEgbWFyaW9uZXRhIG11ZXJ0YSBeMDAwMDAw
76tJCg,,VGhlIG1hc3RlciBvZiB0aGUgZGVhZCBtYXJpb25ldHRlIFsxMjBd,,,,,WzEyMF0gQ29udHJvbGUgZG9zIE1vcnRvcw==,,WzEyMF0gRWwgbWFlc3RybyBkZSBsYSBtYXJpb25ldGEgbXVlcnRh
8KtJCg,,XjhDOEM4Q1NhbmN0dWFyeSBDbGVhbnNpbmcgLSBXZXN0IChJbiBQcm9ncmVzcyleMDAwMDAw,,,,,XjhDOEM4QyhFbSBDdXJzbykgTGltcGUgYSBBbGEgT2VzdGVeMDAwMDAw,,XjhDOEM4QyhlbiBjdXJzbykgTGltcGllemEgZGVsIHNhbnR1YXJpbzogb2VzdGUgXjAwMDAwMA==
8atJCg,,XjhDOEM4Q1NhbmN0dWFyeSBDbGVhbnNpbmcgLSBXZXN0IChXYWl0aW5nKV4wMDAwMDA=,,,,,XjhDOEM4QyhFbSBFc3BlcmEpIExpbXBlIGEgQWxhIE9lc3RlXjAwMDAwMA==,,XjhDOEM4QyhlbiBlc3BlcmEpIExpbXBpZXphIGRlbCBzYW50dWFyaW86IG9lc3RlIF4wMDAwMDA=
8qtJCg,,U2FuY3R1YXJ5IENsZWFuc2luZyAtIFdlc3QgWzEyMF0=,,,,,WzEyMF0gTGltcGUgYSBBbGEgT2VzdGU=,,WzEyMF0gTGltcGllemEgZGVsIHNhbnR1YXJpbzogb2VzdGU=
86tJCg,,XjhDOEM4Q1NhbmN0dWFyeSBDbGVhbnNpbmcgLSBFYXN0IChJbiBQcm9ncmVzcyleMDAwMDAw,,,,,XjhDOEM4QyhFbSBDdXJzbykgTGltcGUgYSBBbGEgTGVzdGVeMDAwMDAw,,XjhDOEM4QyhlbiBjdXJzbykgTGltcGllemEgZGVsIHNhbnR1YXJpbzogZXN0ZSBeMDAwMDAw
9KtJCg,,XjhDOEM4Q1NhbmN0dWFyeSBDbGVhbnNpbmcgLSBFYXN0IChXYWl0aW5nKV4wMDAwMDA=,,,,,XjhDOEM4QyhFbSBFc3BlcmEpIExpbXBlIGEgQWxhIExlc3RlXjAwMDAwMA==,,XjhDOEM4QyhlbiBlc3BlcmEpIExpbXBpZXphIGRlbCBzYW50dWFyaW86IGVzdGUgXjAwMDAwMA==
9atJCg,,U2FuY3R1YXJ5IENsZWFuc2luZyAtIEVhc3QgWzEyMF0=,,,,,WzEyMF0gTGltcGUgYSBBbGEgTGVzdGU=,,WzEyMF0gTGltcGllemEgZGVsIHNhbnR1YXJpbzogZXN0ZQ==
9qtJCg,,XjhDOEM4Q1NhbmN0dWFyeSBDbGVhbnNpbmcgLSBTb3V0aCAoSW4gUHJvZ3Jlc3MpXjAwMDAwMA==,,,,,XjhDOEM4QyhFbSBDdXJzbykgTGltcGUgYSBBbGEgU3VsXjAwMDAwMA==,,XjhDOEM4QyhlbiBjdXJzbykgTGltcGllemEgZGVsIHNhbnR1YXJpbzogc3VyIF4wMDAwMDA=
96tJCg,,XjhDOEM4Q1NhbmN0dWFyeSBDbGVhbnNpbmcgLSBTb3V0aCAoV2FpdGluZyleMDAwMDAw,,,,,XjhDOEM4QyhFbSBFc3BlcmEpIExpbXBlIGEgQWxhIFN1bF4wMDAwMDA=,,XjhDOEM4QyhlbiBlc3BlcmEpIExpbXBpZXphIGRlbCBzYW50dWFyaW86IHN1ciBeMDAwMDAw
+KtJCg,,U2FuY3R1YXJ5IENsZWFuc2luZyAtIFNvdXRoIFsxMjBd,,,,,WzEyMF0gTGltcGUgYSBBbGEgU3Vs,,WzEyMF0gTGltcGllemEgZGVsIHNhbnR1YXJpbzogc3Vy
+atJCg,,XjhDOEM4Q0RyZWFtIERlbW9uIFJlc2VhcmNoIChJbiBQcm9ncmVzcyleMDAwMDAw,,,,,XjhDOEM4QyhFbSBDdXJzbykgRGVtw7RuaW9zIGRvcyBTb25ob3NeMDAwMDAw,,XjhDOEM4QyhlbiBjdXJzbykgSW52ZXN0aWdhY2nDs24gc29icmUgZWwgZGVtb25pbyBkZWwgc3Vlw7FvIF4wMDAwMDA=
+qtJCg,,XjhDOEM4Q0RyZWFtIERlbW9uIFJlc2VhcmNoIChXYWl0aW5nKV4wMDAwMDA=,,,,,XjhDOEM4QyhFbSBFc3BlcmEpIERlbcO0bmlvcyBkb3MgU29uaG9zXjAwMDAwMA==,,XjhDOEM4QyhlbiBlc3BlcmEpIEludmVzdGlnYWNpw7NuIHNvYnJlIGVsIGRlbW9uaW8gZGVsIHN1ZcOxbyBeMDAwMDAw
+6tJCg,,RHJlYW0gRGVtb24gUmVzZWFyY2ggWzEyMF0=,,,,,WzEyMF0gRGVtw7RuaW9zIGRvcyBTb25ob3M=,,WzEyMF0gSW52ZXN0aWdhY2nDs24gc29icmUgZWwgZGVtb25pbyBkZWwgc3Vlw7Fv
/KtJCg,,XjhDOEM4Q0VnbmlnZW0gQ2VuaWEgKEluIFByb2dyZXNzKV4wMDAwMDA=,,,,,XjhDOEM4QyhFbSBDdXJzbykgQ29iYWlhIEVzcGFkYWNoaW1eMDAwMDAw,,XjhDOEM4QyhlbiBjdXJzbykgRWduaWdlbSBDZW5pYSBeMDAwMDAw
/atJCg,,XjhDOEM4Q0VnbmlnZW0gQ2VuaWEgKFdhaXRpbmcpXjAwMDAwMA==,,,,,XjhDOEM4QyhFbSBFc3BlcmEpIENvYmFpYSBFc3BhZGFjaGltXjAwMDAwMA==,,XjhDOEM4QyhlbiBlc3BlcmEpIEVnbmlnZW0gQ2VuaWEgXjAwMDAwMA==
/qtJCg,,RWduaWdlbSBDZW5pYSBbMTMwXQ==,,,,,WzEzMF0gQ29iYWlhIEVzcGFkYWNoaW0=,,WzEzMF0gRWduaWdlbSBDZW5pYQ==
/6tJCg,,XjhDOEM4Q0FybWV5ZXIgRGluemUgKEluIFByb2dyZXNzKV4wMDAwMDA=,,,,,XjhDOEM4QyhFbSBDdXJzbykgQ29iYWlhIE1lcmNhZG9yYV4wMDAwMDA=,,XjhDOEM4QyhlbiBjdXJzbykgQXJtZXllciBEaW56ZSBeMDAwMDAw
AKxJCg,,XjhDOEM4Q0FybWV5ZXIgRGluemUgKFdhaXRpbmcpXjAwMDAwMA==,,,,,XjhDOEM4QyhFbSBFc3BlcmEpIENvYmFpYSBNZXJjYWRvcmFeMDAwMDAw,,XjhDOEM4QyhlbiBlc3BlcmEpIEFybWV5ZXIgRGluemUgXjAwMDAwMA==
AaxJCg,,QXJtZXllciBEaW56ZSBbMTMwXQ==,,,,,WzEzMF0gQ29iYWlhIE1lcmNhZG9yYQ==,,WzEzMF0gQXJtZXllciBEaW56ZQ==
AqxJCg,,XjhDOEM4Q1dpY2tlYmluZSBUcmVzIChJbiBQcm9ncmVzcyleMDAwMDAw,,,,,XjhDOEM4QyhFbSBDdXJzbykgQ29iYWlhIEdhdHVuYV4wMDAwMDA=,,XjhDOEM4QyhlbiBjdXJzbykgV2lja2ViaW5lIFRyZXMgXjAwMDAwMA==
A6xJCg,,XjhDOEM4Q1dpY2tlYmluZSBUcmVzIChXYWl0aW5nKV4wMDAwMDA=,,,,,XjhDOEM4QyhFbSBFc3BlcmEpIENvYmFpYSBHYXR1bmFeMDAwMDAw,,XjhDOEM4QyhlbiBlc3BlcmEpIFdpY2tlYmluZSBUcmVzIF4wMDAwMDA=
BKxJCg,,V2lja2ViaW5lIFRyZXMgWzEzMF0=,,,,,WzEzMF0gQ29iYWlhIEdhdHVuYQ==,,WzEzMF0gV2lja2ViaW5lIFRyZXM=
BaxJCg,,XjhDOEM4Q0thdmFjaCBJY2FydXMgKEluIFByb2dyZXNzKV4wMDAwMDA=,,,,,XjhDOEM4QyhFbSBDdXJzbykgQ29iYWlhIEFycXVlaXJvXjAwMDAwMA==,,XjhDOEM4QyhlbiBjdXJzbykgS2F2YWNoIEljYXJ1cyBeMDAwMDAw
BqxJCg,,XjhDOEM4Q0thdmFjaCBJY2FydXMgKFdhaXRpbmcpXjAwMDAwMA==,,,,,XjhDOEM4QyhFbSBFc3BlcmEpIENvYmFpYSBBcnF1ZWlyb14wMDAwMDA=,,XjhDOEM4QyhlbiBlc3BlcmEpIEthdmFjaCBJY2FydXMgXjAwMDAwMA==
B6xJCg,,S2F2YWNoIEljYXJ1cyBbMTMwXQ==,,,,,WzEzMF0gQ29iYWlhIEFycXVlaXJv,,WzEzMF0gS2F2YWNoIEljYXJ1cw==
CKxJCg,,XjhDOEM4Q0VycmVuZGUgRWJlY2VlIChJbiBQcm9ncmVzcyleMDAwMDAw,,,,,XjhDOEM4QyhFbSBDdXJzbykgQ29iYWlhIE5vdmnDp29eMDAwMDAw,,XjhDOEM4QyhlbiBjdXJzbykgRXJyZW5kZSBFYmVjZWUgXjAwMDAwMA==
CaxJCg,,XjhDOEM4Q0VycmVuZGUgRWJlY2VlIChXYWl0aW5nKV4wMDAwMDA=,,,,,XjhDOEM4QyhFbSBFc3BlcmEpIENvYmFpYSBOb3Zpw6dvXjAwMDAwMA==,,XjhDOEM4QyhlbiBlc3BlcmEpIEVycmVuZGUgRWJlY2VlIF4wMDAwMDA=
CqxJCg,,RXJyZW5kZSBFYmVjZWUgWzEzMF0=,,,,,WzEzMF0gQ29iYWlhIE5vdmnDp28=,,WzEzMF0gRXJyZW5kZSBFYmVjZWU=
C6xJCg,,XjhDOEM4Q0xhdXJlbGwgV2VpbmRlciAoSW4gUHJvZ3Jlc3MpXjAwMDAwMA==,,,,,XjhDOEM4QyhFbSBDdXJzbykgQ29iYWlhIE1hZ29eMDAwMDAw,,XjhDOEM4QyhlbiBjdXJzbykgTGF1cmVsbCBXZWluZGVyIF4wMDAwMDA=
DKxJCg,,XjhDOEM4Q0xhdXJlbGwgV2VpbmRlciAoV2FpdGluZyleMDAwMDAw,,,,,XjhDOEM4QyhFbSBFc3BlcmEpIENvYmFpYSBNYWdvXjAwMDAwMA==,,XjhDOEM4QyhlbiBlc3BlcmEpIExhdXJlbGwgV2VpbmRlciBeMDAwMDAw
DaxJCg,,TGF1cmVsbCBXZWluZGVyIFsxMzBd,,,,,WzEzMF0gQ29iYWlhIE1hZ28=,,WzEzMF0gTGF1cmVsbCBXZWluZGVy
DqxJCg,,XjhDOEM4Q0FwcGVhcmFuY2UgY2FuIGJlIGRlY2VpdmluZyAoSW4gUHJvZ3Jlc3MpXjAwMDAwMA==,,,,,XjhDOEM4QyhFbSBDdXJzbykgUGFyZWNlIHVtYSBKb2lhXjAwMDAwMA==,,XjhDOEM4QyhlbiBjdXJzbykgTGFzIGFwYXJpZW5jaWFzIGVuZ2HDsWFuIF4wMDAwMDA=
D6xJCg,,XjhDOEM4Q0FwcGVhcmFuY2UgY2FuIGJlIGRlY2VpdmluZyAoV2FpdGluZyleMDAwMDAw,,,,,XjhDOEM4QyhFbSBFc3BlcmEpIFBhcmVjZSB1bWEgSm9pYV4wMDAwMDA=,,XjhDOEM4QyhlbiBlc3BlcmEpIExhcyBhcGFyaWVuY2lhcyBlbmdhw7FhbiBeMDAwMDAw
EKxJCg,,QXBwZWFyYW5jZSBjYW4gYmUgZGVjZWl2aW5nIFsxMzBd,,,,,WzEzMF0gUGFyZWNlIHVtYSBKb2lh,,WzEzMF0gTGFzIGFwYXJpZW5jaWFzIGVuZ2HDsWFu
EaxJCg,,XjhDOEM4Q1NuYXAgb25lJ3MgaG9ybiAoSW4gUHJvZ3Jlc3MpXjAwMDAwMA==,,,,,XjhDOEM4QyhFbSBDdXJzbykgVW0gw5puaWNvIENoaWZyZV4wMDAwMDA=,,XjhDOEM4QyhlbiBjdXJzbykgUm9tcGVyIHR1IHByb3BpbyBjdWVybm8gXjAwMDAwMA==
EqxJCg,,XjhDOEM4Q1NuYXAgb25lJ3MgaG9ybiAoV2FpdGluZyleMDAwMDAw,,,,,XjhDOEM4QyhFbSBFc3BlcmEpIFVtIMOabmljbyBDaGlmcmVeMDAwMDAw,,XjhDOEM4QyhlbiBlc3BlcmEpIFJvbXBlciB0dSBwcm9waW8gY3Vlcm5vIF4wMDAwMDA=
E6xJCg,,U25hcCBvbmUncyBob3JuIFsxMzBd,,,,,WzEzMF0gVW0gw5puaWNvIENoaWZyZQ==,,WzEzMF0gUm9tcGVyIHR1IHByb3BpbyBjdWVybm8=
FKxJCg,,XjhDOEM4Q1R3aW4gSG9ybnMgKEluIFByb2dyZXNzKV4wMDAwMDA=,,,,,XjhDOEM4QyhFbSBDdXJzbykgU8OjbyBEb2lzIENoaWZyZXNeMDAwMDAw,,XjhDOEM4QyhlbiBjdXJzbykgQ3Vlcm5vcyBnZW1lbG9zIF4wMDAwMDA=
FaxJCg,,XjhDOEM4Q1R3aW4gSG9ybnMgKFdhaXRpbmcpXjAwMDAwMA==,,,,,XjhDOEM4QyhFbSBFc3BlcmEpIFPDo28gRG9pcyBDaGlmcmVzXjAwMDAwMA==,,XjhDOEM4QyhlbiBlc3BlcmEpIEN1ZXJub3MgZ2VtZWxvcyBeMDAwMDAw
FqxJCg,,VHdpbiBIb3JucyBbMTMwXQ==,,,,,WzEzMF0gU8OjbyBEb2lzIENoaWZyZXM=,,WzEzMF0gQ3Vlcm5vcyBnZW1lbG9z
F6xJCg,,XjhDOEM4Q1N0ZWVyIHRoZSBkZWVyJ3MgYW50bGVycyAoSW4gUHJvZ3Jlc3MpXjAwMDAwMA==,,,,,XjhDOEM4QyhFbSBDdXJzbykgQ2hpZnJlcyBkZSBHYWxob14wMDAwMDA=,,XjhDOEM4QyhlbiBjdXJzbykgR3VpYXIgbGFzIGFzdGFzIGRlbCBjaWVydm8gXjAwMDAwMA==
GKxJCg,,XjhDOEM4Q1N0ZWVyIHRoZSBkZWVyJ3MgYW50bGVycyAoV2FpdGluZyleMDAwMDAw,,,,,XjhDOEM4QyhFbSBFc3BlcmEpIENoaWZyZXMgZGUgR2FsaG9eMDAwMDAw,,XjhDOEM4QyhlbiBlc3BlcmEpIEd1aWFyIGxhcyBhc3RhcyBkZWwgY2llcnZvIF4wMDAwMDA=
GaxJCg,,U3RlZXIgdGhlIGRlZXIncyBhbnRsZXJzIFsxMzBd,,,,,WzEzMF0gQ2hpZnJlcyBkZSBHYWxobw==,,WzEzMF0gR3VpYXIgbGFzIGFzdGFzIGRlbCBjaWVydm8=
GqxJCg,,XjhDOEM4Q0NydW5jaGluZyB0aGUgY2xhd3MgKEluIFByb2dyZXNzKV4wMDAwMDA=,,,,,XjhDOEM4QyhFbSBDdXJzbykgQ2hpZnJlcyBkZSBQaW7Dp2FeMDAwMDAw,,XjhDOEM4QyhlbiBjdXJzbykgQ3J1amlyIGRlIGdhcnJhcyBeMDAwMDAw
G6xJCg,,XjhDOEM4Q0NydW5jaGluZyB0aGUgY2xhd3MgKFdhaXRpbmcpXjAwMDAwMA==,,,,,XjhDOEM4QyhFbSBFc3BlcmEpIENoaWZyZXMgZGUgUGluw6dhXjAwMDAwMA==,,XjhDOEM4QyhlbiBlc3BlcmEpIENydWppciBkZSBnYXJyYXMgXjAwMDAwMA==
HKxJCg,,Q3J1bmNoaW5nIHRoZSBjbGF3cyBbMTMwXQ==,,,,,WzEzMF0gQ2hpZnJlcyBkZSBQaW7Dp2E=,,WzEzMF0gQ3J1amlyIGRlIGdhcnJhcw==
HaxJCg,,XjhDOEM4Q0ZsdWZmeSBLaWQgKEluIFByb2dyZXNzKV4wMDAwMDA=,,,,,XjhDOEM4QyhFbSBDdXJzbykgQ2FyaW5oYSBGZWxwdWRvXjAwMDAwMA==,,XjhDOEM4QyhlbiBjdXJzbykgUGVxdWXDscOtbiBtdWxsaWRvIF4wMDAwMDA=
HqxJCg,,XjhDOEM4Q0ZsdWZmeSBLaWQgKFdhaXRpbmcpXjAwMDAwMA==,,,,,XjhDOEM4QyhFbSBFc3BlcmEpIENhcmluaGEgRmVscHVkb14wMDAwMDA=,,XjhDOEM4QyhlbiBlc3BlcmEpIFBlcXVlw7HDrW4gbXVsbGlkbyBeMDAwMDAw
H6xJCg,,Rmx1ZmZ5IEtpZCBbMTMwXQ==,,,,,WzEzMF0gQ2FyaW5oYSBGZWxwdWRv,,WzEzMF0gUGVxdWXDscOtbiBtdWxsaWRv
IKxJCg,,XjhDOEM4Q0xpdHRsZSBQcmFua3N0ZXIgKEluIFByb2dyZXNzKV4wMDAwMDA=,,,,,XjhDOEM4QyhFbSBDdXJzbykgRmFkYSBUcmF2ZXNzYV4wMDAwMDA=,,XjhDOEM4QyhlbiBjdXJzbykgUGVxdWXDsW8gYnJvbWlzdGEgXjAwMDAwMA==
IaxJCg,,XjhDOEM4Q0xpdHRsZSBQcmFua3N0ZXIgKFdhaXRpbmcpXjAwMDAwMA==,,,,,XjhDOEM4QyhFbSBFc3BlcmEpIEZhZGEgVHJhdmVzc2FeMDAwMDAw,,XjhDOEM4QyhlbiBlc3BlcmEpIFBlcXVlw7FvIGJyb21pc3RhIF4wMDAwMDA=
IqxJCg,,TGl0dGxlIFByYW5rc3RlciBbMTMwXQ==,,,,,WzEzMF0gRmFkYSBUcmF2ZXNzYQ==,,WzEzMF0gUGVxdWXDsW8gYnJvbWlzdGE=
I6xJCg,,XjhDOEM4Q0FuZ2VsIFNoYXBlIChJbiBQcm9ncmVzcyleMDAwMDAw,,,,,XjhDOEM4QyhFbSBDdXJzbykgRm9ybWEgZGUgQW5qb14wMDAwMDA=,,XjhDOEM4QyhlbiBjdXJzbykgRm9ybWEgZGUgw6FuZ2VsIF4wMDAwMDA=
JKxJCg,,XjhDOEM4Q0FuZ2VsIFNoYXBlIChXYWl0aW5nKV4wMDAwMDA=,,,,,XjhDOEM4QyhFbSBFc3BlcmEpIEZvcm1hIGRlIEFuam9eMDAwMDAw,,XjhDOEM4QyhlbiBlc3BlcmEpIEZvcm1hIGRlIMOhbmdlbCBeMDAwMDAw
JaxJCg,,QW5nZWwgU2hhcGUgWzEzMF0=,,,,,WzEzMF0gRm9ybWEgZGUgQW5qbw==,,WzEzMF0gRm9ybWEgZGUgw6FuZ2Vs
JqxJCg,,XjhDOEM4Q0JsZXNzaW5nIG9mIFJlc3QgKEluIFByb2dyZXNzKV4wMDAwMDA=,,,,,XjhDOEM4QyhFbSBDdXJzbykgRm9ybWEgZGUgTGFtYV4wMDAwMDA=,,XjhDOEM4QyhlbiBjdXJzbykgQmVuZGljacOzbiBkZWwgZGVzY2Fuc28gXjAwMDAwMA==
J6xJCg,,XjhDOEM4Q0JsZXNzaW5nIG9mIFJlc3QgKFdhaXRpbmcpXjAwMDAwMA==,,,,,XjhDOEM4QyhFbSBFc3BlcmEpIEZvcm1hIGRlIExhbWFeMDAwMDAw,,XjhDOEM4QyhlbiBlc3BlcmEpIEJlbmRpY2nDs24gZGVsIGRlc2NhbnNvIF4wMDAwMDA=
KKxJCg,,Qmxlc3Npbmcgb2YgUmVzdCBbMTMwXQ==,,,,,WzEzMF0gRm9ybWEgZGUgTGFtYQ==,,WzEzMF0gQmVuZGljacOzbiBkZWwgZGVzY2Fuc28=
KaxJCg,,XjhDOEM4Q1RoZSBKb3kgb2YgU2Vydml0dWRlIChJbiBQcm9ncmVzcyleMDAwMDAw,,,,,XjhDOEM4QyhFbSBDdXJzbykgRm9ybWEgSHVtYW5hXjAwMDAwMA==,,XjhDOEM4QyhlbiBjdXJzbykgTGEgYWxlZ3LDrWEgZGUgbGEgc2VydmlkdW1icmUgXjAwMDAwMA==
KqxJCg,,XjhDOEM4Q1RoZSBKb3kgb2YgU2Vydml0dWRlIChXYWl0aW5nKV4wMDAwMDA=,,,,,XjhDOEM4QyhFbSBFc3BlcmEpIEZvcm1hIEh1bWFuYV4wMDAwMDA=,,XjhDOEM4QyhlbiBlc3BlcmEpIExhIGFsZWdyw61hIGRlIGxhIHNlcnZpZHVtYnJlIF4wMDAwMDA=
K6xJCg,,VGhlIEpveSBvZiBTZXJ2aXR1ZGUgWzEzMF0=,,,,,WzEzMF0gRm9ybWEgSHVtYW5h,,WzEzMF0gTGEgYWxlZ3LDrWEgZGUgbGEgc2VydmlkdW1icmU=
LKxJCg,,XjhDOEM4Q0VtYm9kaW1lbnQgb2YgUHVyaXR5IChJbiBQcm9ncmVzcyleMDAwMDAw,,,,,XjhDOEM4QyhFbSBDdXJzbykgRm9ybWEgRmFudGFzbWFeMDAwMDAw,,XjhDOEM4QyhlbiBjdXJzbykgRW5jYXJuYWNpw7NuIGRlIGxhIHB1cmV6YSBeMDAwMDAw
LaxJCg,,XjhDOEM4Q0VtYm9kaW1lbnQgb2YgUHVyaXR5IChXYWl0aW5nKV4wMDAwMDA=,,,,,XjhDOEM4QyhFbSBFc3BlcmEpIEZvcm1hIEZhbnRhc21hXjAwMDAwMA==,,XjhDOEM4QyhlbiBlc3BlcmEpIEVuY2FybmFjacOzbiBkZSBsYSBwdXJlemEgXjAwMDAwMA==
LqxJCg,,RW1ib2RpbWVudCBvZiBQdXJpdHkgWzEzMF0=,,,,,WzEzMF0gRm9ybWEgRmFudGFzbWE=,,WzEzMF0gRW5jYXJuYWNpw7NuIGRlIGxhIHB1cmV6YQ==
L6xJCg,,XjhDOEM4Q0NlY2lsIERhbW9uIChJbiBQcm9ncmVzcyleMDAwMDAw,,,,,XjhDOEM4QyhFbSBDdXJzbykgQ29iYWlhIEF0aXJhZG9yYV4wMDAwMDA=,,XjhDOEM4QyhlbiBjdXJzbykgQ2VjaWwgRGFtb24gXjAwMDAwMA==
MKxJCg,,XjhDOEM4Q0NlY2lsIERhbW9uIChXYWl0aW5nKV4wMDAwMDA=,,,,,XjhDOEM4QyhFbSBFc3BlcmEpIENvYmFpYSBBdGlyYWRvcmFeMDAwMDAw,,XjhDOEM4QyhlbiBlc3BlcmEpIENlY2lsIERhbW9uIF4wMDAwMDA=
MaxJCg,,Q2VjaWwgRGFtb24gWzE0MF0=,,,,,WzE0MF0gQ29iYWlhIEF0aXJhZG9yYQ==,,WzE0MF0gQ2VjaWwgRGFtb24=
MqxJCg,,XjhDOEM4Q0thdGhyeW5lIEtleXJvbiAoSW4gUHJvZ3Jlc3MpXjAwMDAwMA==,,,,,XjhDOEM4QyhFbSBDdXJzbykgQ29iYWlhIEFycXVpbWFnYV4wMDAwMDA=,,XjhDOEM4QyhlbiBjdXJzbykgS2F0aHJ5bmUgS2V5cm9uIF4wMDAwMDA=
M6xJCg,,XjhDOEM4Q0thdGhyeW5lIEtleXJvbiAoV2FpdGluZyleMDAwMDAw,,,,,XjhDOEM4QyhFbSBFc3BlcmEpIENvYmFpYSBBcnF1aW1hZ2FeMDAwMDAw,,XjhDOEM4QyhlbiBlc3BlcmEpIEthdGhyeW5lIEtleXJvbiBeMDAwMDAw
NKxJCg,,S2F0aHJ5bmUgS2V5cm9uIFsxNDBd,,,,,WzE0MF0gQ29iYWlhIEFycXVpbWFnYQ==,,WzE0MF0gS2F0aHJ5bmUgS2V5cm9u
NaxJCg,,XjhDOEM4Q01hcmdhcmV0aGEgU29yaW4gKEluIFByb2dyZXNzKV4wMDAwMDA=,,,,,XjhDOEM4QyhFbSBDdXJzbykgQ29iYWlhIFNhY2VyZG90aXNhXjAwMDAwMA==,,XjhDOEM4QyhlbiBjdXJzbykgTWFyZ2FyaXRhIFNvcmluIF4wMDAwMDA=
NqxJCg,,XjhDOEM4Q01hcmdhcmV0aGEgU29yaW4gKFdhaXRpbmcpXjAwMDAwMA==,,,,,XjhDOEM4QyhFbSBFc3BlcmEpIENvYmFpYSBTYWNlcmRvdGlzYV4wMDAwMDA=,,XjhDOEM4QyhlbiBlc3BlcmEpIE1hcmdhcml0YSBTb3JpbiBeMDAwMDAw
N6xJCg,,TWFyZ2FyZXRoYSBTb3JpbiBbMTQwXQ==,,,,,WzE0MF0gQ29iYWlhIFNhY2VyZG90aXNh,,WzE0MF0gTWFyZ2FyaXRhIFNvcmlu
OKxJCg,,XjhDOEM4Q1NleXJlbiBXaW5kc29yIChJbiBQcm9ncmVzcyleMDAwMDAw,,,,,XjhDOEM4QyhFbSBDdXJzbykgQ29iYWlhIExvcmRlXjAwMDAwMA==,,XjhDOEM4QyhlbiBjdXJzbykgU2V5cmVuIFdpbmRzb3IgXjAwMDAwMA==
OaxJCg,,XjhDOEM4Q1NleXJlbiBXaW5kc29yIChXYWl0aW5nKV4wMDAwMDA=,,,,,XjhDOEM4QyhFbSBFc3BlcmEpIENvYmFpYSBMb3JkZV4wMDAwMDA=,,XjhDOEM4QyhlbiBlc3BlcmEpIFNleXJlbiBXaW5kc29yIF4wMDAwMDA=
OqxJCg,,U2V5cmVuIFdpbmRzb3IgWzE0MF0=,,,,,WzE0MF0gQ29iYWlhIExvcmRl,,WzE0MF0gU2V5cmVuIFdpbmRzb3I=
O6xJCg,,XjhDOEM4Q0VyZW1lcyBHdWlsZSAoSW4gUHJvZ3Jlc3MpXjAwMDAwMA==,,,,,XjhDOEM4QyhFbSBDdXJzbykgQ29iYWlhIEFsZ296XjAwMDAwMA==,,XjhDOEM4QyhlbiBjdXJzbykgRXJlbWVzIEd1aWxlIF4wMDAwMDA=
PKxJCg,,XjhDOEM4Q0VyZW1lcyBHdWlsZSAoV2FpdGluZyleMDAwMDAw,,,,,XjhDOEM4QyhFbSBFc3BlcmEpIENvYmFpYSBBbGdvel4wMDAwMDA=,,XjhDOEM4QyhlbiBlc3BlcmEpIEVyZW1lcyBHdWlsZSBeMDAwMDAw
PaxJCg,,RXJlbWVzIEd1aWxlIFsxNDBd,,,,,WzE0MF0gQ29iYWlhIEFsZ296,,WzE0MF0gRXJlbWVzIEd1aWxl
PqxJCg,,XjhDOEM4Q0hvd2FyZCBBbHRlaXNlbiAoSW4gUHJvZ3Jlc3MpXjAwMDAwMA==,,,,,XjhDOEM4QyhFbSBDdXJzbykgQ29iYWlhIEZlcnJlaXJvXjAwMDAwMA==,,XjhDOEM4QyhlbiBjdXJzbykgSG93YXJkIEFsdGVpc2VuIF4wMDAwMDA=
P6xJCg,,XjhDOEM4Q0hvd2FyZCBBbHRlaXNlbiAoV2FpdGluZyleMDAwMDAw,,,,,XjhDOEM4QyhFbSBFc3BlcmEpIENvYmFpYSBGZXJyZWlyb14wMDAwMDA=,,XjhDOEM4QyhlbiBlc3BlcmEpIEhvd2FyZCBBbHRlaXNlbiBeMDAwMDAw
QKxJCg,,SG93YXJkIEFsdGVpc2VuIFsxNDBd,,,,,WzE0MF0gQ29iYWlhIEZlcnJlaXJv,,WzE0MF0gSG93YXJkIEFsdGVpc2Vu
QaxJCg,,XjhDOEM4Q01vcnJvYydzIEhhcmFzc21lbnQgKEluIFByb2dyZXNzKV4wMDAwMDA=,,,,,XjhDOEM4QyhFbSBDdXJzbykgQW5pbWFpcyBkZSBGb2dvXjAwMDAwMA==,,XjhDOEM4QyhlbiBjdXJzbykgRWwgYWNvc28gZGUgTW9ycm9jIF4wMDAwMDA=
QqxJCg,,XjhDOEM4Q01vcnJvYydzIEhhcmFzc21lbnQgKFdhaXRpbmcpXjAwMDAwMA==,,,,,XjhDOEM4QyhFbSBFc3BlcmEpIEFuaW1haXMgZGUgRm9nb14wMDAwMDA=,,XjhDOEM4QyhlbiBlc3BlcmEpIEVsIGFjb3NvIGRlIE1vcnJvYyBeMDAwMDAw
Q6xJCg,,TW9ycm9jJ3MgSGFyYXNzbWVudCBbMTQwXQ==,,,,,WzE0MF0gQW5pbWFpcyBkZSBGb2dv,,WzE0MF0gRWwgYWNvc28gZGUgTW9ycm9j
RKxJCg,,XjhDOEM4Q01vcnJvYydzIFRyaWNrIChJbiBQcm9ncmVzcyleMDAwMDAw,,,,,XjhDOEM4QyhFbSBDdXJzbykgQ3JpYXR1cmFzIGRlIEZvZ29eMDAwMDAw,,XjhDOEM4QyhlbiBjdXJzbykgRWwgdHJ1Y28gZGUgTW9ycm9jIF4wMDAwMDA=
RaxJCg,,XjhDOEM4Q01vcnJvYydzIFRyaWNrIChXYWl0aW5nKV4wMDAwMDA=,,,,,XjhDOEM4QyhFbSBFc3BlcmEpIENyaWF0dXJhcyBkZSBGb2dvXjAwMDAwMA==,,XjhDOEM4QyhlbiBlc3BlcmEpIEVsIHRydWNvIGRlIE1vcnJvYyBeMDAwMDAw
RqxJCg,,TW9ycm9jJ3MgVHJpY2sgWzE0MF0=,,,,,WzE0MF0gQ3JpYXR1cmFzIGRlIEZvZ28=,,WzE0MF0gRWwgdHJ1Y28gZGUgTW9ycm9j
R6xJCg,,T2RpbidzIFRlbXBsZSBbMTIwXQ==,,,,,WzEyMF0gVGVtcGxvIGRlIE9kaW4=,,WzEyMF0gVGVtcGxvIGRlIE9kw61u
SKxJCg,,QWJ5c3MgTGFrZSBbMTIwXQ==,,,,,WzEyMF0gTGFnbyBkbyBBYmlzbW8=,,WzEyMF0gTGFnbyBkZWwgYWJpc21v
SaxJCg,,VGhhbmF0b3MgVG93ZXIgWzEyMF0=,,,,,WzEyMF0gVG9ycmUgZGUgVGhhbmF0b3M=,,WzEyMF0gVG9ycmUgZGUgVGhhbmF0b3M=
SqxJCg,,TWlkZ2FyZCBBbGxpZWQgRm9yY2VzIFBvc3QgQXJlYSBbMTIwLTE0MF0=,,,,,WzEyMC0xNDBdIEFzaCBWYWN1dW0=,,WzEyMC0xNDBdIEFzaCBWYWN1dW0=
S6xJCg,,TmFtZWxlc3MgSXNsYW5kIFsxMjBd,,,,,WzEyMF0gSWxoYSBFc3F1ZWNpZGE=,,WzEyMF0gSXNsYSBBbsOzbmltYQ==
TKxJCg,,UmFjaGVsIFRlbXBsZSBbMTIwXQ==,,,,,WzEyMF0gU2FudHXDoXJpbyBkZSBSYWNoZWw=,,WzEyMF0gU2FudHVhcmlvIGRlIFJhY2hlbA==
TaxJCg,,QmlvbGFiIFsxMzAtMTQwXQ==,,,,,WzEzMC0xNDBdIEJpb2xhYm9yYXTDs3Jpbw==,,WzEzMC0xNDBdIEJpb2xhYm9yYXRvcmlv
TqxJCg,,RGltZW5zaW9uYWwgUmlmdCBbMTMwXQ==,,,,,WzEzMF0gRmVuZGEgRGltZW5zaW9uYWw=,,WzEzMF0gR3JpZXRhIGRpbWVuc2lvbmFs
T6xJCg,,T3RoZXIgWzEyMC0xMzBd,,,,,WzEyMC0xMzBdIE91dHJvcw==,,WzEyMC0xMzBdIE90cm9z
UKxJCg,,W1JlcXVlc3QgQ29tcGxldGVkXQpMb2NhdGlvbjogSHVnZWwgVGVtcGxlIG9mIE9kaW4KVGFyZ2V0OiBEZWZlYXQgMjAgU2tvZ3VsClJld2FyZDogRXhwIDYwMDAwMCwgSmV4cCA2MDAwMDAsIDEgRWRlbiBHcm91cCBDb2lu,,,,,W01pc3PDo28gY29tcGxldGFdCkxvY2FsOiBUZW1wbG8gZGUgT2RpbgpPYmpldGl2bzogQ2HDp2FyIDIwIFNrb2d1bApSZWNvbXBlbnNhOiBFWFAgYmFzZSA2MDAwMDAsIEVYUCBjbGFzc2UgNjAwMDAwLCAxIE1vZWRhIGRvIMOJZGVu,,W1NvbGljaXR1ZCBjb21wbGV0YWRhXQpVYmljYWNpw7NuOiBUZW1wbG8gZGUgT2TDrW4gZW4gSHVnZWwKT2JqZXRpdm86IERlcnJvdGEgYSAyMCBTa29ndWwKUHJlbWlvOiA2MDAwMDAgZGUgRVhQLCA2MDAwMDAgZGUgRVhQIGRlIGNsYXNlLCAxIG1vbmVkYSBkZWwgR3J1cG8gZGVsIEVkw6lu
UaxJCg,,W0Zyb20gdGhlIFJhZGlvIE9wZXJhdG9yXQpNb3J2YW5kJ3MgcmVxdWVzdCBpbiBmcm9udCBvZiBIdWdlbCBQaWVyCkxvY2F0aW9uOiBIdWdlbCBUZW1wbGUgb2YgT2RpbgpUYXJnZXQ6IERlZmVhdCAyMCBTa29ndWwKUmV3YXJkOiBFeHAgNjAwMDAwLCBKZXhwIDYwMDAwMCwgMSBFZGVuIEdyb3VwIENvaW4=,,,,,W01lbmluYSBHw7N0aWNhXQpTb2xpY2l0YcOnw6NvIGRlIE1vcmJhbmQKTG9jYWw6IFRlbXBsbyBkZSBPZGluCk9iamV0aXZvOiBDYcOnYXIgMjAgU2tvZ3VsClJlY29tcGVuc2E6IEVYUCBiYXNlIDYwMDAwMCwgRVhQIGNsYXNzZSA2MDAwMDAsIDEgTW9lZGEgZG8gw4lkZW4=,,W0RlbCBvcGVyYWRvciBkZSByYWRpb10KU29saWNpdHVkIGRlIE1vcnZhbmQgZnJlbnRlIGFsIG11ZWxsZSBkZSBIdWdlbApVYmljYWNpw7NuOiBUZW1wbG8gZGUgT2TDrW4gZW4gSHVnZWwKT2JqZXRpdm86IERlcnJvdGEgYSAyMCBTa29ndWwKUHJlbWlvOiA2MDAwMDAgZGUgRVhQLCA2MDAwMDAgZGUgRVhQIGRlIGNsYXNlLCAxIG1vbmVkYSBkZWwgR3J1cG8gZGVsIEVkw6lu
UqxJCg,,TW9ydmFuZCdzIHJlcXVlc3QgaW4gZnJvbnQgb2YgSHVnZWwgUGllcgpeNEQ0REZGW0Zyb20gdGhlIFJhZGlvIE9wZXJhdG9yXV4wMDAwMDAgUXVlc3QgYWNjZXB0ZWQu,,,,,QSBzb2xpY2l0YcOnw6NvIGRlIE1vcmJhbmQKXjRENERGRltNZW5pbmEgR8OzdGljYV1eMDAwMDAwIGZvaSBhY2VpdGEu,,U29saWNpdHVkIGRlIE1vcnZhbmQgZnJlbnRlIGFsIG11ZWxsZSBkZSBIdWdlbApeNEQ0REZGW0RlbCBvcGVyYWRvciBkZSByYWRpb11eMDAwMDAwIE1pc2nDs24gYWNlcHRhZGEu
U6xJCg,,W1JlcXVlc3QgQ29tcGxldGVkXQpMb2NhdGlvbjogSHVnZWwgVGVtcGxlIG9mIE9kaW4KVGFyZ2V0OiBEZWZlYXQgMjAgRnJ1cwpSZXdhcmQ6IEV4cCA2MDAwMDAsIEpleHAgNjAwMDAwLCAxIEVkZW4gR3JvdXAgQ29pbg==,,,,,W01pc3PDo28gY29tcGxldGFdCkxvY2FsOiBUZW1wbG8gZGUgT2RpbgpPYmpldGl2bzogQ2HDp2FyIDIwIEZydXMKUmVjb21wZW5zYTogRVhQIGJhc2UgNjAwMDAwLCBFWFAgY2xhc3NlIDYwMDAwMCwgMSBNb2VkYSBkbyDDiWRlbg==,,W1NvbGljaXR1ZCBjb21wbGV0YWRhXQpVYmljYWNpw7NuOiBUZW1wbG8gZGUgT2TDrW4gZW4gSHVnZWwKT2JqZXRpdm86IERlcnJvdGEgYSAyMCBGcnVzClByZW1pbzogNjAwMDAwIGRlIEVYUCwgNjAwMDAwIGRlIEVYUCBkZSBjbGFzZSwgMSBtb25lZGEgZGVsIEdydXBvIGRlbCBFZMOpbg==
VKxJCg,,W0RlbW9uIFB1cmlmaWNhdGlvbl0KTW9ydmFuZCdzIHJlcXVlc3QgaW4gZnJvbnQgb2YgSHVnZWwgUGllcgpMb2NhdGlvbjogSHVnZWwgVGVtcGxlIG9mIE9kaW4KVGFyZ2V0OiBEZWZlYXQgMjAgRnJ1cwpSZXdhcmQ6IEV4cCA2MDAwMDAsIEpleHAgNjAwMDAwLCAxIEVkZW4gR3JvdXAgQ29pbg==,,,,,W1B1cmlmaWNhciBvIE1hbF0KU29saWNpdGHDp8OjbyBkZSBNb3JiYW5kCkxvY2FsOiBUZW1wbG8gZGUgT2RpbgpPYmpldGl2bzogQ2HDp2FyIDIwIEZydXMKUmVjb21wZW5zYTogRVhQIGJhc2UgNjAwMDAwLCBFWFAgY2xhc3NlIDYwMDAwMCwgMSBNb2VkYSBkbyDDiWRlbg==,,W1B1cmlmaWNhY2nDs24gZGUgZGVtb25pb3NdClNvbGljaXR1ZCBkZSBNb3J2YW5kIGZyZW50ZSBhbCBtdWVsbGUgZGUgSHVnZWwKVWJpY2FjacOzbjogVGVtcGxvIGRlIE9kw61uIGVuIEh1Z2VsCk9iamV0aXZvOiBEZXJyb3RhIGEgMjAgRnJ1cwpQcmVtaW86IDYwMDAwMCBkZSBFWFAsIDYwMDAwMCBkZSBFWFAgZGUgY2xhc2UsIDEgbW9uZWRhIGRlbCBHcnVwbyBkZWwgRWTDqW4=
VaxJCg,,TW9ydmFuZCdzIHJlcXVlc3QgaW4gZnJvbnQgb2YgSHVnZWwgUGllcgpeNEQ0REZGW0RlbW9uIFB1cmlmaWNhdGlvbl1eMDAwMDAwIFF1ZXN0IGFjY2VwdGVkLg==,,,,,QSBzb2xpY2l0YcOnw6NvIGRlIE1vcmJhbmQKXjRENERGRltQdXJpZmljYXIgbyBNYWxdXjAwMDAwMCBmb2kgYWNlaXRhLg==,,U29saWNpdHVkIGRlIE1vcnZhbmQgZnJlbnRlIGFsIG11ZWxsZSBkZSBIdWdlbApeNEQ0REZGW1B1cmlmaWNhY2nDs24gZGUgZGVtb25pb3NdXjAwMDAwMCBNaXNpw7NuIGFjZXB0YWRhLg==
VqxJCg,,W1JlcXVlc3QgQ29tcGxldGVkXQpMb2NhdGlvbjogSHVnZWwgVGVtcGxlIG9mIE9kaW4KVGFyZ2V0OiBEZWZlYXQgNSBCbHVlIFNrZWdnaW9sZCBhbmQgNSBCcm93biBTa2VnZ2lvbGQKUmV3YXJkOiBFeHAgNjAwMDAwLCBKZXhwIDYwMDAwMCwgMiBFZGVuIEdyb3VwIENvaW4=,,,,,W01pc3PDo28gY29tcGxldGFdCkxvY2FsOiBUZW1wbG8gZGUgT2RpbgpPYmpldGl2bzogQ2HDp2FyIDUgU2tlZ2dpb2xkIEF6dWlzIGUgNSBTa2VnZ2lvbGQgTWFycm9ucwpSZWNvbXBlbnNhOiBFWFAgYmFzZSA2MDAwMDAsIEVYUCBjbGFzc2UgNjAwMDAwLCAyIE1vZWRhcyBkbyDDiWRlbg==,,W1NvbGljaXR1ZCBjb21wbGV0YWRhXQpVYmljYWNpw7NuOiBUZW1wbG8gZGUgT2TDrW4gZW4gSHVnZWwKT2JqZXRpdm86IERlcnJvdGEgYSA1IFNrZWdnaW9sZCBhenVsZXMgeSBhIDUgU2tlZ2dpb2xkIG1hcnJvbmVzClByZW1pbzogNjAwMDAwIGRlIEVYUCwgNjAwMDAwIGRlIEVYUCBkZSBjbGFzZSwgMiBtb25lZGFzIGRlbCBHcnVwbyBkZWwgRWTDqW4=
V6xJCg,,W0JlZm9yZSBiZWluZyBkZWNlaXZlZF0KTW9ydmFuZCdzIHJlcXVlc3QgaW4gZnJvbnQgb2YgSHVnZWwgUGllcgpMb2NhdGlvbjogSHVnZWwgVGVtcGxlIG9mIE9kaW4KVGFyZ2V0OiBEZWZlYXQgNSBCbHVlIFNrZWdnaW9sZCBhbmQgNSBCcm93biBTa2VnZ2lvbGQKUmV3YXJkOiBFeHAgNjAwMDAwLCBKZXhwIDYwMDAwMCwgMiBFZGVuIEdyb3VwIENvaW4=,,,,,W1NlcmVzIEdlbGF0aW5vc29zXQpTb2xpY2l0YcOnw6NvIGRlIE1vcmJhbmQKTG9jYWw6IFRlbXBsbyBkZSBPZGluCk9iamV0aXZvOiBDYcOnYXIgNSBTa2VnZ2lvbGQgQXp1aXMgZSA1IFNrZWdnaW9sZCBNYXJyb25zClJlY29tcGVuc2E6IEVYUCBiYXNlIDYwMDAwMCwgRVhQIGNsYXNzZSA2MDAwMDAsIDIgTW9lZGFzIGRvIMOJZGVu,,W0FudGVzIGRlIHNlciBlbmdhw7FhZG9dClNvbGljaXR1ZCBkZSBNb3J2YW5kIGZyZW50ZSBhbCBtdWVsbGUgZGUgSHVnZWwKVWJpY2FjacOzbjogVGVtcGxvIGRlIE9kw61uIGVuIEh1Z2VsCk9iamV0aXZvOiBEZXJyb3RhIGEgNSBTa2VnZ2lvbGQgYXp1bGVzIHkgYSA1IFNrZWdnaW9sZCBtYXJyb25lcwpQcmVtaW86IDYwMDAwMCBkZSBFWFAsIDYwMDAwMCBkZSBFWFAgZGUgY2xhc2UsIDIgbW9uZWRhcyBkZWwgR3J1cG8gZGVsIEVkw6lu
WKxJCg,,TW9ydmFuZCdzIHJlcXVlc3QgaW4gZnJvbnQgb2YgSHVnZWwgUGllcgpeNEQ0REZGW0JlZm9yZSBiZWluZyBkZWNlaXZlZF1eMDAwMDAwIFF1ZXN0IGFjY2VwdGVkLg==,,,,,QSBzb2xpY2l0YcOnw6NvIGRlIE1vcmJhbmQKXjRENERGRltTZXJlcyBHZWxhdGlub3Nvc11eMDAwMDAwIGZvaSBhY2VpdGEu,,U29saWNpdHVkIGRlIE1vcnZhbmQgZnJlbnRlIGFsIG11ZWxsZSBkZSBIdWdlbApeNEQ0REZGW0FudGVzIGRlIHNlciBlbmdhw7FhZG9dXjAwMDAwMCBNaXNpw7NuIGFjZXB0YWRhLg==
WaxJCg,,W1JlcXVlc3QgQ29tcGxldGVkXQpMb2NhdGlvbjogQWJ5c3MgTGFrZQpUYXJnZXQ6IERlZmVhdCAzMCBSZWQgRmVydXMgYW5kIDMwIEdyZWVuIEZlcnVzClJld2FyZDogRXhwIDUwMDAwMCwgSmV4cCA1MDAwMDAsIDIgRWRlbiBHcm91cCBDb2lu,,,,,W01pc3PDo28gY29tcGxldGFdCkxvY2FsOiBMYWdvIGRvIEFiaXNtbwpPYmpldGl2bzogQ2HDp2FyIDMwIEZlcnVzIFZlcmRlcyBlIDMwIEZlcnVzIEVzY2FybGF0ZXMKUmVjb21wZW5zYTogRVhQIGJhc2UgNTAwMDAwLCBFWFAgY2xhc3NlIDUwMDAwMCwgMiBNb2VkYXMgZG8gw4lkZW4=,,W1NvbGljaXR1ZCBjb21wbGV0YWRhXQpVYmljYWNpw7NuOiBMYWdvIGRlbCBhYmlzbW8KT2JqZXRpdm86IERlcnJvdGEgYSAzMCBGZXJ1cyByb2pvcyB5IDMwIEZlcnVzIHZlcmRlcwpQcmVtaW86IDUwMDAwMCBkZSBFWFAsIDUwMDAwMCBkZSBFWFAgZGUgY2xhc2UsIDIgbW9uZWRhcyBkZWwgR3J1cG8gZGVsIEVkw6lu
WqxJCg,,W0RyYWdvbiBpbiB0aGUgTGFrZV0KUmVxdWVzdCBmcm9tIE5haGFkYW4gaW4gZnJvbnQgb2YgSHVnZWwgU3RhbGwKTG9jYXRpb246IEFieXNzIExha2UKVGFyZ2V0OiBEZWZlYXQgMzAgUmVkIEZlcnVzIGFuZCAzMCBHcmVlbiBGZXJ1cwpSZXdhcmQ6IEV4cCA1MDAwMDAsIEpleHAgNTAwMDAwLCAyIEVkZW4gR3JvdXAgQ29pbg==,,,,,W0RyYWfDtWVzIGRvIExhZ29dClNvbGljaXRhw6fDo28gZGUgTmFoYWRhbiwgZW0gSHVnZWwKTG9jYWw6IExhZ28gZG8gQWJpc21vCk9iamV0aXZvOiBDYcOnYXIgMzAgRmVydXMgVmVyZGVzIGUgMzAgRmVydXMgRXNjYXJsYXRlcwpSZWNvbXBlbnNhOiBFWFAgYmFzZSA1MDAwMDAsIEVYUCBjbGFzc2UgNTAwMDAwLCAyIE1vZWRhcyBkbyDDiWRlbg==,,W0RyYWfDs24gZW4gZWwgbGFnb10KU29saWNpdHVkIGRlIE5haGFkYW4gZnJlbnRlIGFsIHB1ZXN0byBkZSBIdWdlbApVYmljYWNpw7NuOiBMYWdvIGRlbCBhYmlzbW8KT2JqZXRpdm86IERlcnJvdGEgYSAzMCBGZXJ1cyByb2pvcyB5IDMwIEZlcnVzIHZlcmRlcwpQcmVtaW86IDUwMDAwMCBkZSBFWFAsIDUwMDAwMCBkZSBFWFAgZGUgY2xhc2UsIDIgbW9uZWRhcyBkZWwgR3J1cG8gZGVsIEVkw6lu
W6xJCg,,UmVxdWVzdCBmcm9tIE5haGFkYW4gaW4gZnJvbnQgb2YgSHVnZWwgU3RhbGwKXjRENERGRltEcmFnb24gaW4gdGhlIExha2VdXjAwMDAwMCBRdWVzdCBhY2NlcHRlZC4=,,,,,QSBzb2xpY2l0YcOnw6NvIGRlIE5haGFkYW4sIGVtIEh1Z2VsCl40RDRERkZbRHJhZ8O1ZXMgZG8gTGFnb11eMDAwMDAwIGZvaSBhY2VpdGEu,,U29saWNpdHVkIGRlIE5haGFkYW4gZnJlbnRlIGFsIHB1ZXN0byBkZSBIdWdlbApeNEQ0REZGW0RyYWfDs24gZW4gZWwgbGFnb11eMDAwMDAwIE1pc2nDs24gYWNlcHRhZGEu
XKxJCg,,W1JlcXVlc3QgQ29tcGxldGVkXQpMb2NhdGlvbjogQWJ5c3MgTGFrZQpUYXJnZXQ6IERlZmVhdCAzMCBCbHVlIEFjaWR1cyBhbmQgMzAgWWVsbG93IEFjaWR1cwpSZXdhcmQ6IEV4cCA1MDAwMDAsIEpleHAgNTAwMDAwLCAyIEVkZW4gR3JvdXAgQ29pbg==,,,,,W01pc3PDo28gY29tcGxldGFdCkxvY2FsOiBMYWdvIGRvIEFiaXNtbwpPYmpldGl2bzogQ2HDp2FyIDMwIEFjaWR1cyBBenVpcyBlIDMwIEFjaWR1cyBEb3VyYWRvcwpSZWNvbXBlbnNhOiBFWFAgYmFzZSA1MDAwMDAsIEVYUCBjbGFzc2UgNTAwMDAwLCAyIE1vZWRhcyBkbyDDiWRlbg==,,W1NvbGljaXR1ZCBjb21wbGV0YWRhXQpVYmljYWNpw7NuOiBMYWdvIGRlbCBhYmlzbW8KT2JqZXRpdm86IERlcnJvdGEgYSAzMCDDgWNpZHVzIGF6dWxlcyB5IDMwIMOBY2lkdXMgYW1hcmlsbG9zClByZW1pbzogNTAwMDAwIGRlIEVYUCwgNTAwMDAwIGRlIEVYUCBkZSBjbGFzZSwgMiBtb25lZGFzIGRlbCBHcnVwbyBkZWwgRWTDqW4=
XaxJCg,,W0RyYWtlIG9mIHRoZSBMYWtlXQpSZXF1ZXN0IGZyb20gTmFoYWRhbiBpbiBmcm9udCBvZiBIdWdlbCBTdGFsbApMb2NhdGlvbjogQWJ5c3MgTGFrZQpUYXJnZXQ6IERlZmVhdCAzMCBCbHVlIEFjaWR1cyBhbmQgMzAgWWVsbG93IEFjaWR1cwpSZXdhcmQ6IEV4cCA1MDAwMDAsIEpleHAgNTAwMDAwLCAyIEVkZW4gR3JvdXAgQ29pbg==,,,,,W0RyYWfDtWVzIGRvIFN1YnNvbG9dClNvbGljaXRhw6fDo28gZGUgTmFoYWRhbiwgZW0gSHVnZWwKTG9jYWw6IExhZ28gZG8gQWJpc21vCk9iamV0aXZvOiBDYcOnYXIgMzAgQWNpZHVzIEF6dWlzIGUgMzAgQWNpZHVzIERvdXJhZG9zClJlY29tcGVuc2E6IEVYUCBiYXNlIDUwMDAwMCwgRVhQIGNsYXNzZSA1MDAwMDAsIDIgTW9lZGFzIGRvIMOJZGVu,,W0RyYWtlIGRlbCBsYWdvXQpTb2xpY2l0dWQgZGUgTmFoYWRhbiBmcmVudGUgYWwgcHVlc3RvIGRlIEh1Z2VsClViaWNhY2nDs246IExhZ28gZGVsIGFiaXNtbwpPYmpldGl2bzogRGVycm90YSBhIDMwIMOBY2lkdXMgYXp1bGVzIHkgMzAgw4FjaWR1cyBhbWFyaWxsb3MKUHJlbWlvOiA1MDAwMDAgZGUgRVhQLCA1MDAwMDAgZGUgRVhQIGRlIGNsYXNlLCAyIG1vbmVkYXMgZGVsIEdydXBvIGRlbCBFZMOpbg==
XqxJCg,,UmVxdWVzdCBmcm9tIE5haGFkYW4gaW4gZnJvbnQgb2YgSHVnZWwgU3RhbGwKXjRENERGRltEcmFrZSBvZiB0aGUgTGFrZV1eMDAwMDAwIFF1ZXN0IGFjY2VwdGVkLg==,,,,,QSBzb2xpY2l0YcOnw6NvIGRlIE5haGFkYW4sIGVtIEh1Z2VsCl40RDRERkZbRHJhZ8O1ZXMgZG8gU3Vic29sb11eMDAwMDAwIGZvaSBhY2VpdGEu,,U29saWNpdHVkIGRlIE5haGFkYW4gZnJlbnRlIGFsIHB1ZXN0byBkZSBIdWdlbApeNEQ0REZGW0RyYWtlIGRlbCBsYWdvXV4wMDAwMDAgTWlzacOzbiBhY2VwdGFkYS4=
X6xJCg,,W1JlcXVlc3QgQ29tcGxldGVkXQpMb2NhdGlvbjogQWJ5c3MgTGFrZQpUYXJnZXQ6IERlZmVhdCAxIEh5ZHJvbGFuY2VyClJld2FyZDogRXhwIDUwMDAwMCwgSmV4cCA1MDAwMDAsIDEgRWRlbiBHcm91cCBDb2lu,,,,,W01pc3PDo28gY29tcGxldGFdCkxvY2FsOiBMYWdvIGRvIEFiaXNtbwpPYmpldGl2bzogQ2HDp2FyIDEgSHlkcm9sYW5jZXIKUmVjb21wZW5zYTogRVhQIGJhc2UgNTAwMDAwLCBFWFAgY2xhc3NlIDUwMDAwMCwgMSBNb2VkYSBkbyDDiWRlbg==,,W1NvbGljaXR1ZCBjb21wbGV0YWRhXQpVYmljYWNpw7NuOiBMYWdvIGRlbCBhYmlzbW8KT2JqZXRpdm86IERlcnJvdGEgYSAxIEh5ZHJvbGFuY2VyClByZW1pbzogNTAwMDAwIGRlIEVYUCwgNTAwMDAwIGRlIEVYUCBkZSBjbGFzZSwgMSBtb25lZGEgZGVsIEdydXBvIGRlbCBFZMOpbg==
YKxJCg,,W1RocmVlLUhlYWRlZCBEcmFnb24gb2YgdGhlIExha2VdClJlcXVlc3QgZnJvbSBOYWhhZGFuIGluIGZyb250IG9mIEh1Z2VsIFN0YWxsCkxvY2F0aW9uOiBBYnlzcyBMYWtlClRhcmdldDogRGVmZWF0IDEgSHlkcm9sYW5jZXIKUmV3YXJkOiBFeHAgNTAwMDAwLCBKZXhwIDUwMDAwMCwgMSBFZGVuIEdyb3VwIENvaW4=,,,,,W0RyYWfDo28gZG8gVGVzb3Vyb10KU29saWNpdGHDp8OjbyBkZSBOYWhhZGFuLCBlbSBIdWdlbApMb2NhbDogTGFnbyBkbyBBYmlzbW8KT2JqZXRpdm86IENhw6dhciAxIEh5ZHJvbGFuY2VyClJlY29tcGVuc2E6IEVYUCBiYXNlIDUwMDAwMCwgRVhQIGNsYXNzZSA1MDAwMDAsIDEgTW9lZGEgZG8gw4lkZW4=,,W0RyYWfDs24gZGUgdHJlcyBjYWJlemFzIGRlbCBsYWdvXQpTb2xpY2l0dWQgZGUgTmFoYWRhbiBmcmVudGUgYWwgcHVlc3RvIGRlIEh1Z2VsClViaWNhY2nDs246IExhZ28gZGVsIGFiaXNtbwpPYmpldGl2bzogRGVycm90YSBhIDEgSHlkcm9sYW5jZXIKUHJlbWlvOiA1MDAwMDAgZGUgRVhQLCA1MDAwMDAgZGUgRVhQIGRlIGNsYXNlLCAxIG1vbmVkYSBkZWwgR3J1cG8gZGVsIEVkw6lu
YaxJCg,,UmVxdWVzdCBmcm9tIE5haGFkYW4gaW4gZnJvbnQgb2YgSHVnZWwgU3RhbGwKXjRENERGRltUaHJlZS1IZWFkZWQgRHJhZ29uIG9mIHRoZSBMYWtlXV4wMDAwMDAgUXVlc3QgYWNjZXB0ZWQu,,,,,QSBzb2xpY2l0YcOnw6NvIGRlIE5haGFkYW4sIGVtIEh1Z2VsCl40RDRERkZbRHJhZ8OjbyBkbyBUZXNvdXJvXV4wMDAwMDAgZm9pIGFjZWl0YS4=,,U29saWNpdHVkIGRlIE5haGFkYW4gZnJlbnRlIGFsIHB1ZXN0byBkZSBIdWdlbApeNEQ0REZGW0RyYWfDs24gZGUgdHJlcyBjYWJlemFzIGRlbCBsYWdvXV4wMDAwMDAgTWlzacOzbiBhY2VwdGFkYS4=
YqxJCg,,W1JlcXVlc3QgQ29tcGxldGVkXQpMb2NhdGlvbjogVGhhbmF0b3MgVG93ZXIKVGFyZ2V0OiBEZWZlYXQgMzAgQmFyb25lc3Mgb2YgUmV0cmlidXRpb24KUmV3YXJkOiBFeHAgNjAwMDAwLCBKZXhwIDYwMDAwMCwgMSBFZGVuIEdyb3VwIENvaW4=,,,,,W01pc3PDo28gY29tcGxldGFdCkxvY2FsOiBUb3JyZSBkZSBUaGFuYXRvcwpPYmpldGl2bzogQ2HDp2FyIDMwIFJldHJpYnVpw6fDo28KUmVjb21wZW5zYTogRVhQIGJhc2UgNjAwMDAwLCBFWFAgY2xhc3NlIDYwMDAwMCwgMSBNb2VkYSBkbyDDiWRlbg==,,W1NvbGljaXR1ZCBjb21wbGV0YWRhXQpVYmljYWNpw7NuOiBUb3JyZSBkZSBUaGFuYXRvcwpPYmpldGl2bzogRGVycm90YSBhIDMwIEJhcm9uZXNhcyBkZSBsYSByZXRyaWJ1Y2nDs24KUHJlbWlvOiA2MDAwMDAgZGUgRVhQLCA2MDAwMDAgZGUgRVhQIGRlIGNsYXNlLCAxIG1vbmVkYSBkZWwgR3J1cG8gZGVsIEVkw6lu
Y6xJCg,,W1N1cnZlaWxsYW5jZSBhbmQgUHVuaXNobWVudF0KVGhhbmF0b3MgVG93ZXIgMXN0IGZsb29yIGludGVyaW9yIFRhcnQncyByZXF1ZXN0CkxvY2F0aW9uOiBUaGFuYXRvcyBUb3dlcgpUYXJnZXQ6IERlZmVhdCAzMCBCYXJvbmVzcyBvZiBSZXRyaWJ1dGlvbgpSZXdhcmQ6IEV4cCA2MDAwMDAsIEpleHAgNjAwMDAwLCAxIEVkZW4gR3JvdXAgQ29pbg==,,,,,W1B1bmnDp8OjbyBBbmdlbGljYWxdClNvbGljaXRhw6fDo28gZGUgdW1hIEF2ZW50dXJlaXJhCkxvY2FsOiBUb3JyZSBkZSBUaGFuYXRvcwpPYmpldGl2bzogQ2HDp2FyIDMwIFJldHJpYnVpw6fDo28KUmVjb21wZW5zYTogRVhQIGJhc2UgNjAwMDAwLCBFWFAgY2xhc3NlIDYwMDAwMCwgMSBNb2VkYSBkbyDDiWRlbg==,,W1ZpZ2lsYW5jaWEgeSBjYXN0aWdvXQpJbnRlcmlvciBkZWwgcGlzbyAxIGRlIGxhIHRvcnJlIGRlIFRoYW5hdG9zLCBzb2xpY2l0dWQgZGUgVGFydApVYmljYWNpw7NuOiBUb3JyZSBkZSBUaGFuYXRvcwpPYmpldGl2bzogRGVycm90YSBhIDMwIEJhcm9uZXNhcyBkZSBsYSByZXRyaWJ1Y2nDs24KUHJlbWlvOiA2MDAwMDAgZGUgRVhQLCA2MDAwMDAgZGUgRVhQIGRlIGNsYXNlLCAxIG1vbmVkYSBkZWwgR3J1cG8gZGVsIEVkw6lu
ZKxJCg,,VGhhbmF0b3MgVG93ZXIgMXN0IGZsb29yIGludGVyaW9yIFRhcnQncyByZXF1ZXN0Cl40RDRERkZbU3VydmVpbGxhbmNlIGFuZCBQdW5pc2htZW50XV4wMDAwMDAgUXVlc3QgYWNjZXB0ZWQu,,,,,QSBzb2xpY2l0YcOnw6NvIGRlIHVtYSBBdmVudHVyZWlyYQpeNEQ0REZGW1B1bmnDp8OjbyBBbmdlbGljYWxdXjAwMDAwMCBmb2kgYWNlaXRhLg==,,SW50ZXJpb3IgZGVsIHBpc28gMSBkZSBsYSB0b3JyZSBkZSBUaGFuYXRvcywgc29saWNpdHVkIGRlIFRhcnQKXjRENERGRltWaWdpbGFuY2lhIHkgY2FzdGlnb11eMDAwMDAwIE1pc2nDs24gYWNlcHRhZGEu
ZaxJCg,,W1JlcXVlc3QgQ29tcGxldGVkXQpMb2NhdGlvbjogVGhhbmF0b3MgVG93ZXIKVGFyZ2V0OiBEZWZlYXQgMzAgTGFkeSBTb2xhY2UKUmV3YXJkOiBFeHAgNjAwMDAwLCBKZXhwIDYwMDAwMCwgMSBFZGVuIEdyb3VwIENvaW4=,,,,,W01pc3PDo28gY29tcGxldGFdCkxvY2FsOiBUb3JyZSBkZSBUaGFuYXRvcwpPYmpldGl2bzogQ2HDp2FyIDMwIENvbmZvcnRvClJlY29tcGVuc2E6IEVYUCBiYXNlIDYwMDAwMCwgRVhQIGNsYXNzZSA2MDAwMDAsIDEgTW9lZGEgZG8gw4lkZW4=,,W1NvbGljaXR1ZCBjb21wbGV0YWRhXQpVYmljYWNpw7NuOiBUb3JyZSBkZSBUaGFuYXRvcwpPYmpldGl2bzogRGVycm90YSBhIDMwIERhbWFzIGRlbCBjb25zdWVsbwpQcmVtaW86IDYwMDAwMCBkZSBFWFAsIDYwMDAwMCBkZSBFWFAgZGUgY2xhc2UsIDEgbW9uZWRhIGRlbCBHcnVwbyBkZWwgRWTDqW4=
ZqxJCg,,W1N3ZWV0IFBvaXNvbl0KVGhhbmF0b3MgVG93ZXIgMXN0IGZsb29yIGludGVyaW9yIFRhcnQncyByZXF1ZXN0CkxvY2F0aW9uOiBUaGFuYXRvcyBUb3dlcgpUYXJnZXQ6IERlZmVhdCAzMCBMYWR5IFNvbGFjZQpSZXdhcmQ6IEV4cCA2MDAwMDAsIEpleHAgNjAwMDAwLCAxIEVkZW4gR3JvdXAgQ29pbg==,,,,,W1NvbSBBbmdlbGljYWxdClNvbGljaXRhw6fDo28gZGUgdW1hIEF2ZW50dXJlaXJhCkxvY2FsOiBUb3JyZSBkZSBUaGFuYXRvcwpPYmpldGl2bzogQ2HDp2FyIDMwIENvbmZvcnRvClJlY29tcGVuc2E6IEVYUCBiYXNlIDYwMDAwMCwgRVhQIGNsYXNzZSA2MDAwMDAsIDEgTW9lZGEgZG8gw4lkZW4=,,W0R1bGNlIHZlbmVub10KSW50ZXJpb3IgZGVsIHBpc28gMSBkZSBsYSB0b3JyZSBkZSBUaGFuYXRvcywgc29saWNpdHVkIGRlIFRhcnQKVWJpY2FjacOzbjogVG9ycmUgZGUgVGhhbmF0b3MKT2JqZXRpdm86IERlcnJvdGEgYSAzMCBEYW1hcyBkZWwgY29uc3VlbG8KUHJlbWlvOiA2MDAwMDAgZGUgRVhQLCA2MDAwMDAgZGUgRVhQIGRlIGNsYXNlLCAxIG1vbmVkYSBkZWwgR3J1cG8gZGVsIEVkw6lu
Z6xJCg,,VGhhbmF0b3MgVG93ZXIgMXN0IGZsb29yIGludGVyaW9yIFRhcnQncyByZXF1ZXN0Cl40RDRERkZbU3dlZXQgUG9pc29uXV4wMDAwMDAgUXVlc3QgYWNjZXB0ZWQu,,,,,QSBzb2xpY2l0YcOnw6NvIGRlIHVtYSBBdmVudHVyZWlyYQpeNEQ0REZGW1NvbSBBbmdlbGljYWxdXjAwMDAwMCBmb2kgYWNlaXRhLg==,,SW50ZXJpb3IgZGVsIHBpc28gMSBkZSBsYSB0b3JyZSBkZSBUaGFuYXRvcywgc29saWNpdHVkIGRlIFRhcnQKXjRENERGRltEdWxjZSB2ZW5lbm9dXjAwMDAwMCBNaXNpw7NuIGFjZXB0YWRhLg==
aKxJCg,,W1JlcXVlc3QgQ29tcGxldGVkXQpMb2NhdGlvbjogVGhhbmF0b3MgVG93ZXIKVGFyZ2V0OiBEZWZlYXQgMzAgTWlzdHJlc3Mgb2YgU2hlbHRlcgpSZXdhcmQ6IEV4cCA2MDAwMDAsIEpleHAgNjAwMDAwLCAxIEVkZW4gR3JvdXAgQ29pbg==,,,,,W01pc3PDo28gY29tcGxldGFdCkxvY2FsOiBUb3JyZSBkZSBUaGFuYXRvcwpPYmpldGl2bzogQ2HDp2FyIDMwIEFicmlnbwpSZWNvbXBlbnNhOiBFWFAgYmFzZSA2MDAwMDAsIEVYUCBjbGFzc2UgNjAwMDAwLCAxIE1vZWRhIGRvIMOJZGVu,,W1NvbGljaXR1ZCBjb21wbGV0YWRhXQpVYmljYWNpw7NuOiBUb3JyZSBkZSBUaGFuYXRvcwpPYmpldGl2bzogRGVycm90YSBhIDMwIFNlw7FvcmFzIGRlIGxhIHByb3RlY2Npw7NuClByZW1pbzogNjAwMDAwIGRlIEVYUCwgNjAwMDAwIGRlIEVYUCBkZSBjbGFzZSwgMSBtb25lZGEgZGVsIEdydXBvIGRlbCBFZMOpbg==
aaxJCg,,W1Jlc3QgaW4gRGVhdGhdClRoYW5hdG9zIFRvd2VyIDFzdCBmbG9vciBpbnRlcmlvciBUYXJ0J3MgcmVxdWVzdApMb2NhdGlvbjogVGhhbmF0b3MgVG93ZXIKVGFyZ2V0OiBEZWZlYXQgMzAgTWlzdHJlc3Mgb2YgU2hlbHRlcgpSZXdhcmQ6IEV4cCA2MDAwMDAsIEpleHAgNjAwMDAwLCAxIEVkZW4gR3JvdXAgQ29pbg==,,,,,W0Rlc2NhbnNvIEFuZ2VsaWNhbF0KU29saWNpdGHDp8OjbyBkZSB1bWEgQXZlbnR1cmVpcmEKTG9jYWw6IFRvcnJlIGRlIFRoYW5hdG9zCk9iamV0aXZvOiBDYcOnYXIgMzAgQWJyaWdvClJlY29tcGVuc2E6IEVYUCBiYXNlIDYwMDAwMCwgRVhQIGNsYXNzZSA2MDAwMDAsIDEgTW9lZGEgZG8gw4lkZW4=,,W0Rlc2NhbnNvIGVuIGxhIG11ZXJ0ZV0KSW50ZXJpb3IgZGVsIHBpc28gMSBkZSBsYSB0b3JyZSBkZSBUaGFuYXRvcywgc29saWNpdHVkIGRlIFRhcnQKVWJpY2FjacOzbjogVG9ycmUgZGUgVGhhbmF0b3MKT2JqZXRpdm86IERlcnJvdGEgYSAzMCBTZcOxb3JhcyBkZSBsYSBwcm90ZWNjacOzbgpQcmVtaW86IDYwMDAwMCBkZSBFWFAsIDYwMDAwMCBkZSBFWFAgZGUgY2xhc2UsIDEgbW9uZWRhIGRlbCBHcnVwbyBkZWwgRWTDqW4=
aqxJCg,,VGhhbmF0b3MgVG93ZXIgMXN0IGZsb29yIGludGVyaW9yIFRhcnQncyByZXF1ZXN0Cl40RDRERkZbUmVzdCBpbiBEZWF0aF1eMDAwMDAwIFF1ZXN0IGFjY2VwdGVkLg==,,,,,QSBzb2xpY2l0YcOnw6NvIGRlIHVtYSBBdmVudHVyZWlyYQpeNEQ0REZGW0Rlc2NhbnNvIEFuZ2VsaWNhbF1eMDAwMDAwIGZvaSBhY2VpdGEu,,SW50ZXJpb3IgZGVsIHBpc28gMSBkZSBsYSB0b3JyZSBkZSBUaGFuYXRvcywgc29saWNpdHVkIGRlIFRhcnQKXjRENERGRltEZXNjYW5zbyBlbiBsYSBtdWVydGVdXjAwMDAwMCBNaXNpw7NuIGFjZXB0YWRhLg==
a6xJCg,,W1JlcXVlc3QgQ29tcGxldGVkXQpMb2NhdGlvbjogVGhhbmF0b3MgVG93ZXIKVGFyZ2V0OiBEZWZlYXQgMzAgRGFtZSBvZiBTZW50aW5lbApSZXdhcmQ6IEV4cCA2MDAwMDAsIEpleHAgNjAwMDAwLCAxIEVkZW4gR3JvdXAgQ29pbg==,,,,,W01pc3PDo28gY29tcGxldGFdCkxvY2FsOiBUb3JyZSBkZSBUaGFuYXRvcwpPYmpldGl2bzogQ2HDp2FyIDMwIE9ic2VydmHDp8OjbwpSZWNvbXBlbnNhOiBFWFAgYmFzZSA2MDAwMDAsIEVYUCBjbGFzc2UgNjAwMDAwLCAxIE1vZWRhIGRvIMOJZGVu,,W1NvbGljaXR1ZCBjb21wbGV0YWRhXQpVYmljYWNpw7NuOiBUb3JyZSBkZSBUaGFuYXRvcwpPYmpldGl2bzogRGVycm90YSBhIDMwIERhbWFzIGNlbnRpbmVsYXMKUHJlbWlvOiA2MDAwMDAgZGUgRVhQLCA2MDAwMDAgZGUgRVhQIGRlIGNsYXNlLCAxIG1vbmVkYSBkZWwgR3J1cG8gZGVsIEVkw6lu
bKxJCg,,W1NlZWRzIG9mIENvbnRyb2xdClRoYW5hdG9zIFRvd2VyIDFzdCBmbG9vciBpbnRlcmlvciBUYXJ0J3MgcmVxdWVzdApMb2NhdGlvbjogVGhhbmF0b3MgVG93ZXIKVGFyZ2V0OiBEZWZlYXQgMzAgRGFtZSBvZiBTZW50aW5lbApSZXdhcmQ6IEV4cCA2MDAwMDAsIEpleHAgNjAwMDAwLCAxIEVkZW4gR3JvdXAgQ29pbg==,,,,,W1ZpZ2lhIEFuZ2VsaWNhbF0KU29saWNpdGHDp8OjbyBkZSB1bWEgQXZlbnR1cmVpcmEKTG9jYWw6IFRvcnJlIGRlIFRoYW5hdG9zCk9iamV0aXZvOiBDYcOnYXIgMzAgT2JzZXJ2YcOnw6NvClJlY29tcGVuc2E6IEVYUCBiYXNlIDYwMDAwMCwgRVhQIGNsYXNzZSA2MDAwMDAsIDEgTW9lZGEgZG8gw4lkZW4=,,W1NlbWlsbGFzIGRlIGNvbnRyb2xdCkludGVyaW9yIGRlbCBwaXNvIDEgZGUgbGEgdG9ycmUgZGUgVGhhbmF0b3MsIHNvbGljaXR1ZCBkZSBUYXJ0ClViaWNhY2nDs246IFRvcnJlIGRlIFRoYW5hdG9zCk9iamV0aXZvOiBEZXJyb3RhIGEgMzAgRGFtYXMgY2VudGluZWxhcwpQcmVtaW86IDYwMDAwMCBkZSBFWFAsIDYwMDAwMCBkZSBFWFAgZGUgY2xhc2UsIDEgbW9uZWRhIGRlbCBHcnVwbyBkZWwgRWTDqW4=
baxJCg,,VGhhbmF0b3MgVG93ZXIgMXN0IGZsb29yIGludGVyaW9yIFRhcnQncyByZXF1ZXN0Cl40RDRERkZbU2VlZHMgb2YgQ29udHJvbF1eMDAwMDAwIFF1ZXN0IGFjY2VwdGVkLg==,,,,,QSBzb2xpY2l0YcOnw6NvIGRlIHVtYSBBdmVudHVyZWlyYQpeNEQ0REZGW1ZpZ2lhIEFuZ2VsaWNhbF1eMDAwMDAwIGZvaSBhY2VpdGEu,,SW50ZXJpb3IgZGVsIHBpc28gMSBkZSBsYSB0b3JyZSBkZSBUaGFuYXRvcywgc29saWNpdHVkIGRlIFRhcnQKXjRENERGRltTZW1pbGxhcyBkZSBDb250cm9sXV4wMDAwMDAgTWlzacOzbiBhY2VwdGFkYS4=
bqxJCg,,W1JlcXVlc3QgQ29tcGxldGVkXQpMb2NhdGlvbjogT3V0c2tpcnRzIG9mIEthbWlkYWwgTW91bnRhaW4KVGFyZ2V0OiBEZWZlYXQgMjAgQ2VudGlwZWRlClJld2FyZDogRXhwIDYwMDAwMCwgSmV4cCA2MDAwMDAsIDEgRWRlbiBHcm91cCBDb2lu,,,,,W01pc3PDo28gY29tcGxldGFdCkxvY2FsOiBBcnJlZG9yZXMgZGUgTWFudWthCk9iamV0aXZvOiBDYcOnYXIgMjAgQ2VudG9wZWlhcwpSZWNvbXBlbnNhOiBFWFAgYmFzZSA2MDAwMDAsIEVYUCBjbGFzc2UgNjAwMDAwLCAxIE1vZWRhIGRvIMOJZGVu,,W1NvbGljaXR1ZCBjb21wbGV0YWRhXQpVYmljYWNpw7NuOiBBbHJlZGVkb3JlcyBkZSBsYSBtb250YcOxYSBLYW1pZGFsCk9iamV0aXZvOiBEZXJyb3RhIGEgMjAgRXNjb2xvcGVuZHJhcwpQcmVtaW86IDYwMDAwMCBkZSBFWFAsIDYwMDAwMCBkZSBFWFAgZGUgY2xhc2UsIDEgbW9uZWRhIGRlbCBHcnVwbyBkZWwgRWTDqW4=
b6xJCg,,W1BvaXNvbm91cyBCdWddCk1pZGdhcmQgQWxsaWVkIEZvcmNlcyBQb3N0IEFyZWEgVGhlb2RvcmUncyBSZXF1ZXN0CkxvY2F0aW9uOiBPdXRza2lydHMgb2YgS2FtaWRhbCBNb3VudGFpbgpUYXJnZXQ6IERlZmVhdCAyMCBDZW50aXBlZGUKUmV3YXJkOiBFeHAgNjAwMDAwLCBKZXhwIDYwMDAwMCwgMSBFZGVuIEdyb3VwIENvaW4=,,,,,W0FsZXJ0YSBWZW5lbm9zb10KU29saWNpdGHDp8OjbyBkbyBqb3ZlbSBUw6lvCkxvY2FsOiBBcnJlZG9yZXMgZGUgTWFudWthCk9iamV0aXZvOiBDYcOnYXIgMjAgQ2VudG9wZWlhcwpSZWNvbXBlbnNhOiBFWFAgYmFzZSA2MDAwMDAsIEVYUCBjbGFzc2UgNjAwMDAwLCAxIE1vZWRhIGRvIMOJZGVu,,W0luc2VjdG8gdmVuZW5vc29dClpvbmEgZGVsIHB1ZXN0byBkZSBsYXMgRnVlcnphcyBBbGlhZGFzIGRlIE1pZGdhcmQsIHNvbGljaXR1ZCBkZSBUaGVvZG9yZQpVYmljYWNpw7NuOiBBbHJlZGVkb3JlcyBkZSBsYSBtb250YcOxYSBLYW1pZGFsCk9iamV0aXZvOiBEZXJyb3RhIGEgMjAgRXNjb2xvcGVuZHJhcwpQcmVtaW86IDYwMDAwMCBkZSBFWFAsIDYwMDAwMCBkZSBFWFAgZGUgY2xhc2UsIDEgbW9uZWRhIGRlbCBHcnVwbyBkZWwgRWTDqW4=
cKxJCg,,TWlkZ2FyZCBBbGxpZWQgRm9yY2VzIFBvc3QgQXJlYSBUaGVvZG9yZSdzIFJlcXVlc3QKXjRENERGRltQb2lzb25vdXMgQnVnXV4wMDAwMDAgUXVlc3QgYWNjZXB0ZWQu,,,,,QSBzb2xpY2l0YcOnw6NvIGRvIGpvdmVtIFTDqW8KXjRENERGRltBbGVydGEgVmVuZW5vc29dXjAwMDAwMCBmb2kgYWNlaXRhLg==,,Wm9uYSBkZWwgcHVlc3RvIGRlIGxhcyBGdWVyemFzIEFsaWFkYXMgZGUgTWlkZ2FyZCwgc29saWNpdHVkIGRlIFRoZW9kb3JlCl40RDRERkZbSW5zZWN0byB2ZW5lbm9zb11eMDAwMDAwIE1pc2nDs24gYWNlcHRhZGEu
caxJCg,,W1JlcXVlc3QgQ29tcGxldGVkXQpMb2NhdGlvbjogT3V0c2tpcnRzIG9mIEthbWlkYWwgTW91bnRhaW4KVGFyZ2V0OiBEZWZlYXQgMjAgVGF0YWNobwpSZXdhcmQ6IEV4cCA2MDAwMDAsIEpleHAgNjAwMDAwLCAxIEVkZW4gR3JvdXAgQ29pbg==,,,,,W01pc3PDo28gY29tcGxldGFdCkxvY2FsOiBBcnJlZG9yZXMgZGUgTWFudWthCk9iamV0aXZvOiBDYcOnYXIgMjAgVGF0YWNob3MKUmVjb21wZW5zYTogRVhQIGJhc2UgNjAwMDAwLCBFWFAgY2xhc3NlIDYwMDAwMCwgMSBNb2VkYSBkbyDDiWRlbg==,,W1NvbGljaXR1ZCBjb21wbGV0YWRhXQpVYmljYWNpw7NuOiBBbHJlZGVkb3JlcyBkZSBsYSBtb250YcOxYSBLYW1pZGFsCk9iamV0aXZvOiBEZXJyb3RhIGEgMjAgVGF0YWNobwpQcmVtaW86IDYwMDAwMCBkZSBFWFAsIDYwMDAwMCBkZSBFWFAgZGUgY2xhc2UsIDEgbW9uZWRhIGRlbCBHcnVwbyBkZWwgRWTDqW4=
cqxJCg,,W0luY29tcGV0ZW50IGxhenkgcGVyc29uXQpNaWRnYXJkIEFsbGllZCBGb3JjZXMgUG9zdCBBcmVhIFRoZW9kb3JlJ3MgUmVxdWVzdApMb2NhdGlvbjogT3V0c2tpcnRzIG9mIEthbWlkYWwgTW91bnRhaW4KVGFyZ2V0OiBEZWZlYXQgMjAgVGF0YWNobwpSZXdhcmQ6IEV4cCA2MDAwMDAsIEpleHAgNjAwMDAwLCAxIEVkZW4gR3JvdXAgQ29pbg==,,,,,W0FuaW1hbCBQYXRldGFdClNvbGljaXRhw6fDo28gZG8gam92ZW0gVMOpbwpMb2NhbDogQXJyZWRvcmVzIGRlIE1hbnVrYQpPYmpldGl2bzogQ2HDp2FyIDIwIFRhdGFjaG9zClJlY29tcGVuc2E6IEVYUCBiYXNlIDYwMDAwMCwgRVhQIGNsYXNzZSA2MDAwMDAsIDEgTW9lZGEgZG8gw4lkZW4=,,W0luY29tcGV0ZW50ZSB5IG5lZ2xpZ2VudGVdClpvbmEgZGVsIHB1ZXN0byBkZSBsYXMgRnVlcnphcyBBbGlhZGFzIGRlIE1pZGdhcmQsIHNvbGljaXR1ZCBkZSBUaGVvZG9yZQpVYmljYWNpw7NuOiBBbHJlZGVkb3JlcyBkZSBsYSBtb250YcOxYSBLYW1pZGFsCk9iamV0aXZvOiBEZXJyb3RhIGEgMjAgVGF0YWNobwpQcmVtaW86IDYwMDAwMCBkZSBFWFAsIDYwMDAwMCBkZSBFWFAgZGUgY2xhc2UsIDEgbW9uZWRhIGRlbCBHcnVwbyBkZWwgRWTDqW4=
c6xJCg,,TWlkZ2FyZCBBbGxpZWQgRm9yY2VzIFBvc3QgQXJlYSBUaGVvZG9yZSdzIFJlcXVlc3QKXjRENERGRltJbmNvbXBldGVudCBsYXp5IHBlcnNvbl1eMDAwMDAwIFF1ZXN0IGFjY2VwdGVkLg==,,,,,QSBzb2xpY2l0YcOnw6NvIGRvIGpvdmVtIFTDqW8KXjRENERGRltBbmltYWwgUGF0ZXRhXV4wMDAwMDAgZm9pIGFjZWl0YS4=,,Wm9uYSBkZWwgcHVlc3RvIGRlIGxhcyBGdWVyemFzIEFsaWFkYXMgZGUgTWlkZ2FyZCwgc29saWNpdHVkIGRlIFRoZW9kb3JlCl40RDRERkZbSW5jb21wZXRlbnRlIHkgbmVnbGlnZW50ZV1eMDAwMDAwIE1pc2nDs24gYWNlcHRhZGEu
dKxJCg,,W1JlcXVlc3QgQ29tcGxldGVkXQpMb2NhdGlvbjogT3V0c2tpcnRzIG9mIEthbWlkYWwgTW91bnRhaW4KVGFyZ2V0OiBEZWZlYXQgMzAgRG9sb21lZGVzClJld2FyZDogRXhwIDgwMDAwMCwgSmV4cCA4MDAwMDAsIDEgRWRlbiBHcm91cCBDb2lu,,,,,W01pc3PDo28gY29tcGxldGFdCkxvY2FsOiBBcnJlZG9yZXMgZGUgTWFudWthCk9iamV0aXZvOiBDYcOnYXIgMzAgRG9sb21lZGVzClJlY29tcGVuc2E6IEVYUCBiYXNlIDgwMDAwMCwgRVhQIGNsYXNzZSA4MDAwMDAsIDEgTW9lZGEgZG8gw4lkZW4=,,W1NvbGljaXR1ZCBjb21wbGV0YWRhXQpVYmljYWNpw7NuOiBBbHJlZGVkb3JlcyBkZSBsYSBtb250YcOxYSBLYW1pZGFsCk9iamV0aXZvOiBEZXJyb3RhIGEgMzAgRG9sb21lZGVzClByZW1pbzogODAwMDAwIGRlIEVYUCwgODAwMDAwIGRlIEVYUCBkZSBjbGFzZSwgMSBtb25lZGEgZGVsIEdydXBvIGRlbCBFZMOpbg==
daxJCg,,W0FwcGVhcmFuY2UgY2FuIGJlIGRlY2VpdmluZ10KTWlkZ2FyZCBBbGxpZWQgRm9yY2VzIFBvc3QgQXJlYSBUaGVvZG9yZSdzIFJlcXVlc3QKTG9jYXRpb246IE91dHNraXJ0cyBvZiBLYW1pZGFsIE1vdW50YWluClRhcmdldDogRGVmZWF0IDMwIERvbG9tZWRlcwpSZXdhcmQ6IEV4cCA4MDAwMDAsIEpleHAgODAwMDAwLCAxIEVkZW4gR3JvdXAgQ29pbg==,,,,,W1BhcmVjZSB1bWEgSm9pYV0KU29saWNpdGHDp8OjbyBkbyBqb3ZlbSBUw6lvCkxvY2FsOiBBcnJlZG9yZXMgZGUgTWFudWthCk9iamV0aXZvOiBDYcOnYXIgMzAgRG9sb21lZGVzClJlY29tcGVuc2E6IEVYUCBiYXNlIDgwMDAwMCwgRVhQIGNsYXNzZSA4MDAwMDAsIDEgTW9lZGEgZG8gw4lkZW4=,,W0xhcyBhcGFyaWVuY2lhcyBlbmdhw7Fhbl0KWm9uYSBkZWwgcHVlc3RvIGRlIGxhcyBGdWVyemFzIEFsaWFkYXMgZGUgTWlkZ2FyZCwgc29saWNpdHVkIGRlIFRoZW9kb3JlClViaWNhY2nDs246IEFscmVkZWRvcmVzIGRlIGxhIG1vbnRhw7FhIEthbWlkYWwKT2JqZXRpdm86IERlcnJvdGEgYSAzMCBEb2xvbWVkZXMKUHJlbWlvOiA4MDAwMDAgZGUgRVhQLCA4MDAwMDAgZGUgRVhQIGRlIGNsYXNlLCAxIG1vbmVkYSBkZWwgR3J1cG8gZGVsIEVkw6lu
dqxJCg,,TWlkZ2FyZCBBbGxpZWQgRm9yY2VzIFBvc3QgQXJlYSBUaGVvZG9yZSdzIFJlcXVlc3QKXjRENERGRltBcHBlYXJhbmNlIGNhbiBiZSBkZWNlaXZpbmddXjAwMDAwMCBRdWVzdCBhY2NlcHRlZC4=,,,,,QSBzb2xpY2l0YcOnw6NvIGRvIGpvdmVtIFTDqW8KXjRENERGRltQYXJlY2UgdW1hIEpvaWFdXjAwMDAwMCBmb2kgYWNlaXRhLg==,,Wm9uYSBkZWwgcHVlc3RvIGRlIGxhcyBGdWVyemFzIEFsaWFkYXMgZGUgTWlkZ2FyZCwgc29saWNpdHVkIGRlIFRoZW9kb3JlCl40RDRERkZbTGFzIGFwYXJpZW5jaWFzIGVuZ2HDsWFuXV4wMDAwMDAgTWlzacOzbiBhY2VwdGFkYS4=
d6xJCg,,W1JlcXVlc3QgQ29tcGxldGVkXQpMb2NhdGlvbjogU2NhcmFiYSBIb2xlClRhcmdldDogRGVmZWF0IDMwIFVuaS1ob3JuIFNjYXJhYmEKUmV3YXJkOiBFeHAgODAwMDAwLCBKZXhwIDgwMDAwMCwgMSBFZGVuIEdyb3VwIENvaW4=,,,,,W01pc3PDo28gY29tcGxldGFdCkxvY2FsOiBUw7puZWwgS2FtaWRhbApPYmpldGl2bzogQ2HDp2FyIDMwIFNjYXJhYmFzIENoaWZyZQpSZWNvbXBlbnNhOiBFWFAgYmFzZSA4MDAwMDAsIEVYUCBjbGFzc2UgODAwMDAwLCAxIE1vZWRhIGRvIMOJZGVu,,W1NvbGljaXR1ZCBjb21wbGV0YWRhXQpVYmljYWNpw7NuOiBBZ3VqZXJvIGRlIFNjYXJhYmEKT2JqZXRpdm86IERlcnJvdGEgYSAzMCBTY2FyYWJhIGRlIHVuIGN1ZXJubwpQcmVtaW86IDgwMDAwMCBkZSBFWFAsIDgwMDAwMCBkZSBFWFAgZGUgY2xhc2UsIDEgbW9uZWRhIGRlbCBHcnVwbyBkZWwgRWTDqW4=
eKxJCg,,W1NuYXAgb25lJ3MgaG9ybl0KTWlkZ2FyZCBBbGxpZWQgRm9yY2VzIFBvc3QgQXJlYSBUaGVvZG9yZSdzIFJlcXVlc3QKTG9jYXRpb246IFNjYXJhYmEgSG9sZQpUYXJnZXQ6IERlZmVhdCAzMCBVbmktaG9ybiBTY2FyYWJhClJld2FyZDogRXhwIDgwMDAwMCwgSmV4cCA4MDAwMDAsIDEgRWRlbiBHcm91cCBDb2lu,,,,,W1VtIMOabmljbyBDaGlmcmVdClNvbGljaXRhw6fDo28gZG8gam92ZW0gVMOpbwpMb2NhbDogVMO6bmVsIEthbWlkYWwKT2JqZXRpdm86IENhw6dhciAzMCBTY2FyYWJhcyBDaGlmcmUKUmVjb21wZW5zYTogRVhQIGJhc2UgODAwMDAwLCBFWFAgY2xhc3NlIDgwMDAwMCwgMSBNb2VkYSBkbyDDiWRlbg==,,W1JvbXBlciB0dSBwcm9waW8gY3Vlcm5vXQpab25hIGRlbCBwdWVzdG8gZGUgbGFzIEZ1ZXJ6YXMgQWxpYWRhcyBkZSBNaWRnYXJkLCBzb2xpY2l0dWQgZGUgVGhlb2RvcmUKVWJpY2FjacOzbjogQWd1amVybyBkZSBTY2FyYWJhCk9iamV0aXZvOiBEZXJyb3RhIGEgMzAgU2NhcmFiYSBkZSB1biBjdWVybm8KUHJlbWlvOiA4MDAwMDAgZGUgRVhQLCA4MDAwMDAgZGUgRVhQIGRlIGNsYXNlLCAxIG1vbmVkYSBkZWwgR3J1cG8gZGVsIEVkw6lu
eaxJCg,,TWlkZ2FyZCBBbGxpZWQgRm9yY2VzIFBvc3QgQXJlYSBUaGVvZG9yZSdzIFJlcXVlc3QKXjRENERGRltTbmFwIG9uZSdzIGhvcm5dXjAwMDAwMCBRdWVzdCBhY2NlcHRlZC4=,,,,,QSBzb2xpY2l0YcOnw6NvIGRvIGpvdmVtIFTDqW8KXjRENERGRltVbSDDmm5pY28gQ2hpZnJlXV4wMDAwMDAgZm9pIGFjZWl0YS4=,,Wm9uYSBkZWwgcHVlc3RvIGRlIGxhcyBGdWVyemFzIEFsaWFkYXMgZGUgTWlkZ2FyZCwgc29saWNpdHVkIGRlIFRoZW9kb3JlCl40RDRERkZbUm9tcGVyIHR1IHByb3BpbyBjdWVybm9dXjAwMDAwMCBNaXNpw7NuIGFjZXB0YWRhLg==
eqxJCg,,W1JlcXVlc3QgQ29tcGxldGVkXQpMb2NhdGlvbjogU2NhcmFiYSBIb2xlClRhcmdldDogRGVmZWF0IDMwIEhvcm4gU2NhcmFiYQpSZXdhcmQ6IEV4cCA4MDAwMDAsIEpleHAgODAwMDAwLCAxIEVkZW4gR3JvdXAgQ29pbg==,,,,,W01pc3PDo28gY29tcGxldGFdCkxvY2FsOiBUw7puZWwgS2FtaWRhbApPYmpldGl2bzogQ2HDp2FyIDMwIENoaWZyZXMgRHVwbG9zClJlY29tcGVuc2E6IEVYUCBiYXNlIDgwMDAwMCwgRVhQIGNsYXNzZSA4MDAwMDAsIDEgTW9lZGEgZG8gw4lkZW4=,,W1NvbGljaXR1ZCBjb21wbGV0YWRhXQpVYmljYWNpw7NuOiBBZ3VqZXJvIGRlIFNjYXJhYmEKT2JqZXRpdm86IERlcnJvdGEgYSAzMCBTY2FyYWJhIGRlIDEgbyAyIGN1ZXJub3MKUHJlbWlvOiA4MDAwMDAgZGUgRVhQLCA4MDAwMDAgZGUgRVhQIGRlIGNsYXNlLCAxIG1vbmVkYSBkZWwgR3J1cG8gZGVsIEVkw6lu
e6xJCg,,W1R3aW4gSG9ybnNdCk1pZGdhcmQgQWxsaWVkIEZvcmNlcyBQb3N0IEFyZWEgVGhlb2RvcmUncyBSZXF1ZXN0CkxvY2F0aW9uOiBTY2FyYWJhIEhvbGUKVGFyZ2V0OiBEZWZlYXQgMzAgSG9ybiBTY2FyYWJhClJld2FyZDogRXhwIDgwMDAwMCwgSmV4cCA4MDAwMDAsIDEgRWRlbiBHcm91cCBDb2lu,,,,,W1PDo28gRG9pcyBDaGlmcmVzXQpTb2xpY2l0YcOnw6NvIGRvIGpvdmVtIFTDqW8KTG9jYWw6IFTDum5lbCBLYW1pZGFsCk9iamV0aXZvOiBDYcOnYXIgMzAgQ2hpZnJlcyBEdXBsb3MKUmVjb21wZW5zYTogRVhQIGJhc2UgODAwMDAwLCBFWFAgY2xhc3NlIDgwMDAwMCwgMSBNb2VkYSBkbyDDiWRlbg==,,W0N1ZXJub3MgZ2VtZWxvc10KWm9uYSBkZWwgcHVlc3RvIGRlIGxhcyBGdWVyemFzIEFsaWFkYXMgZGUgTWlkZ2FyZCwgc29saWNpdHVkIGRlIFRoZW9kb3JlClViaWNhY2nDs246IEFndWplcm8gZGUgU2NhcmFiYQpPYmpldGl2bzogRGVycm90YSBhIDMwIFNjYXJhYmEgZGUgMSBvIDIgY3Vlcm5vcwpQcmVtaW86IDgwMDAwMCBkZSBFWFAsIDgwMDAwMCBkZSBFWFAgZGUgY2xhc2UsIDEgbW9uZWRhIGRlbCBHcnVwbyBkZWwgRWTDqW4=
fKxJCg,,TWlkZ2FyZCBBbGxpZWQgRm9yY2VzIFBvc3QgQXJlYSBUaGVvZG9yZSdzIFJlcXVlc3QKXjRENERGRltUd2luIEhvcm5zXV4wMDAwMDAgUXVlc3QgYWNjZXB0ZWQu,,,,,QSBzb2xpY2l0YcOnw6NvIGRvIGpvdmVtIFTDqW8KXjRENERGRltTw6NvIERvaXMgQ2hpZnJlc11eMDAwMDAwIGZvaSBhY2VpdGEu,,Wm9uYSBkZWwgcHVlc3RvIGRlIGxhcyBGdWVyemFzIEFsaWFkYXMgZGUgTWlkZ2FyZCwgc29saWNpdHVkIGRlIFRoZW9kb3JlCl40RDRERkZbQ3Vlcm5vcyBnZW1lbG9zXV4wMDAwMDAgTWlzacOzbiBhY2VwdGFkYS4=
faxJCg,,W1JlcXVlc3QgQ29tcGxldGVkXQpMb2NhdGlvbjogU2NhcmFiYSBIb2xlClRhcmdldDogRGVmZWF0IDMwIEFudGxlciBTY2FyYWJhClJld2FyZDogRXhwIDgwMDAwMCwgSmV4cCA4MDAwMDAsIDEgRWRlbiBHcm91cCBDb2lu,,,,,W01pc3PDo28gY29tcGxldGFdCkxvY2FsOiBUw7puZWwgS2FtaWRhbApPYmpldGl2bzogQ2HDp2FyIDMwIFNjYXJhYmFzIEdhbGhhZG9zClJlY29tcGVuc2E6IEVYUCBiYXNlIDgwMDAwMCwgRVhQIGNsYXNzZSA4MDAwMDAsIDEgTW9lZGEgZG8gw4lkZW4=,,W1NvbGljaXR1ZCBjb21wbGV0YWRhXQpVYmljYWNpw7NuOiBBZ3VqZXJvIGRlIFNjYXJhYmEKT2JqZXRpdm86IERlcnJvdGEgYSAzMCBTY2FyYWJhIGRlIGFzdGFzClByZW1pbzogODAwMDAwIGRlIEVYUCwgODAwMDAwIGRlIEVYUCBkZSBjbGFzZSwgMSBtb25lZGEgZGVsIEdydXBvIGRlbCBFZMOpbg==
fqxJCg,,W1N0ZWVyIHRoZSBkZWVyJ3MgYW50bGVyc10KTWlkZ2FyZCBBbGxpZWQgRm9yY2VzIFBvc3QgQXJlYSBUaGVvZG9yZSdzIFJlcXVlc3QKTG9jYXRpb246IFNjYXJhYmEgSG9sZQpUYXJnZXQ6IERlZmVhdCAzMCBBbnRsZXIgU2NhcmFiYQpSZXdhcmQ6IEV4cCA4MDAwMDAsIEpleHAgODAwMDAwLCAxIEVkZW4gR3JvdXAgQ29pbg==,,,,,W0NoaWZyZXMgZGUgR2FsaG9dClNvbGljaXRhw6fDo28gZG8gam92ZW0gVMOpbwpMb2NhbDogVMO6bmVsIEthbWlkYWwKT2JqZXRpdm86IENhw6dhciAzMCBTY2FyYWJhcyBHYWxoYWRvcwpSZWNvbXBlbnNhOiBFWFAgYmFzZSA4MDAwMDAsIEVYUCBjbGFzc2UgODAwMDAwLCAxIE1vZWRhIGRvIMOJZGVu,,W0d1aWFyIGxhcyBhc3RhcyBkZWwgY2llcnZvXQpab25hIGRlbCBwdWVzdG8gZGUgbGFzIEZ1ZXJ6YXMgQWxpYWRhcyBkZSBNaWRnYXJkLCBzb2xpY2l0dWQgZGUgVGhlb2RvcmUKVWJpY2FjacOzbjogQWd1amVybyBkZSBTY2FyYWJhCk9iamV0aXZvOiBEZXJyb3RhIGEgMzAgU2NhcmFiYSBkZSBhc3RhcwpQcmVtaW86IDgwMDAwMCBkZSBFWFAsIDgwMDAwMCBkZSBFWFAgZGUgY2xhc2UsIDEgbW9uZWRhIGRlbCBHcnVwbyBkZWwgRWTDqW4=
f6xJCg,,TWlkZ2FyZCBBbGxpZWQgRm9yY2VzIFBvc3QgQXJlYSBUaGVvZG9yZSdzIFJlcXVlc3QKXjRENERGRltTdGVlciB0aGUgZGVlcidzIGFudGxlcnNdXjAwMDAwMCBRdWVzdCBhY2NlcHRlZC4=,,,,,QSBzb2xpY2l0YcOnw6NvIGRvIGpvdmVtIFTDqW8KXjRENERGRltDaGlmcmVzIGRlIEdhbGhvXV4wMDAwMDAgZm9pIGFjZWl0YS4=,,Wm9uYSBkZWwgcHVlc3RvIGRlIGxhcyBGdWVyemFzIEFsaWFkYXMgZGUgTWlkZ2FyZCwgc29saWNpdHVkIGRlIFRoZW9kb3JlCl40RDRERkZbR3VpYXIgbGFzIGFzdGFzIGRlbCBjaWVydm9dXjAwMDAwMCBNaXNpw7NuIGFjZXB0YWRhLg==
gKxJCg,,W1JlcXVlc3QgQ29tcGxldGVkXQpMb2NhdGlvbjogU2NhcmFiYSBIb2xlClRhcmdldDogRGVmZWF0IDMwIFJha2UgU2NhcmFiYQpSZXdhcmQ6IEV4cCA4MDAwMDAsIEpleHAgODAwMDAwLCAxIEVkZW4gR3JvdXAgQ29pbg==,,,,,W01pc3PDo28gY29tcGxldGFdCkxvY2FsOiBUw7puZWwgS2FtaWRhbApPYmpldGl2bzogQ2HDp2FyIDMwIFNjYXJhYmFzIEFuY2luaG9zClJlY29tcGVuc2E6IEVYUCBiYXNlIDgwMDAwMCwgRVhQIGNsYXNzZSA4MDAwMDAsIDEgTW9lZGEgZG8gw4lkZW4=,,W1NvbGljaXR1ZCBjb21wbGV0YWRhXQpVYmljYWNpw7NuOiBBZ3VqZXJvIGRlIFNjYXJhYmEKT2JqZXRpdm86IERlcnJvdGEgYSAzMCBTY2FyYWJhIGRlIHJhc3RyaWxsbwpQcmVtaW86IDgwMDAwMCBkZSBFWFAsIDgwMDAwMCBkZSBFWFAgZGUgY2xhc2UsIDEgbW9uZWRhIGRlbCBHcnVwbyBkZWwgRWTDqW4=
gaxJCg,,W0NydW5jaGluZyB0aGUgY2xhd3NdCk1pZGdhcmQgQWxsaWVkIEZvcmNlcyBQb3N0IEFyZWEgVGhlb2RvcmUncyBSZXF1ZXN0CkxvY2F0aW9uOiBTY2FyYWJhIEhvbGUKVGFyZ2V0OiBEZWZlYXQgMzAgUmFrZSBTY2FyYWJhClJld2FyZDogRXhwIDgwMDAwMCwgSmV4cCA4MDAwMDAsIDEgRWRlbiBHcm91cCBDb2lu,,,,,W0NoaWZyZXMgZGUgUGluw6dhXQpTb2xpY2l0YcOnw6NvIGRvIGpvdmVtIFTDqW8KTG9jYWw6IFTDum5lbCBLYW1pZGFsCk9iamV0aXZvOiBDYcOnYXIgMzAgU2NhcmFiYXMgQW5jaW5ob3MKUmVjb21wZW5zYTogRVhQIGJhc2UgODAwMDAwLCBFWFAgY2xhc3NlIDgwMDAwMCwgMSBNb2VkYSBkbyDDiWRlbg==,,W0NydWppciBkZSBnYXJyYXNdClpvbmEgZGVsIHB1ZXN0byBkZSBsYXMgRnVlcnphcyBBbGlhZGFzIGRlIE1pZGdhcmQsIHNvbGljaXR1ZCBkZSBUaGVvZG9yZQpVYmljYWNpw7NuOiBBZ3VqZXJvIGRlIFNjYXJhYmEKT2JqZXRpdm86IERlcnJvdGEgYSAzMCBTY2FyYWJhIGRlIHJhc3RyaWxsbwpQcmVtaW86IDgwMDAwMCBkZSBFWFAsIDgwMDAwMCBkZSBFWFAgZGUgY2xhc2UsIDEgbW9uZWRhIGRlbCBHcnVwbyBkZWwgRWTDqW4=
gqxJCg,,TWlkZ2FyZCBBbGxpZWQgRm9yY2VzIFBvc3QgQXJlYSBUaGVvZG9yZSdzIFJlcXVlc3QKXjRENERGRltDcnVuY2hpbmcgdGhlIGNsYXdzXV4wMDAwMDAgUXVlc3QgYWNjZXB0ZWQu,,,,,QSBzb2xpY2l0YcOnw6NvIGRvIGpvdmVtIFTDqW8KXjRENERGRltDaGlmcmVzIGRlIFBpbsOnYV1eMDAwMDAwIGZvaSBhY2VpdGEu,,Wm9uYSBkZWwgcHVlc3RvIGRlIGxhcyBGdWVyemFzIEFsaWFkYXMgZGUgTWlkZ2FyZCwgc29saWNpdHVkIGRlIFRoZW9kb3JlCl40RDRERkZbQ3J1amlyIGRlIGdhcnJhc11eMDAwMDAwIE1pc2nDs24gYWNlcHRhZGEu
g6xJCg,,W1JlcXVlc3QgQ29tcGxldGVkXQpMb2NhdGlvbjogRmxhbWUgQmFzaW4KVGFyZ2V0OiBEZWZlYXQgMTUgRmlyZSBDb25kb3IgYW5kIDE1IEZpcmUgRnJpbGxkb3JhClJld2FyZDogRXhwIDEwMDAwMDAsIEpleHAgMTAwMDAwMCwgMSBFZGVuIEdyb3VwIENvaW4=,,,,,W01pc3PDo28gY29tcGxldGFdCkxvY2FsOiBDw61yY3VsbyBkZSBGb2dvCk9iamV0aXZvOiBDYcOnYXIgMTUgQ29uZG9yZXMgZGUgRm9nbyBlIDE1IEZyaWxsZG9yYXMgZGUgRm9nbwpSZWNvbXBlbnNhOiBFWFAgYmFzZSAxMDAwMDAwLCBFWFAgY2xhc3NlIDEwMDAwMDAsIDEgTW9lZGEgZG8gw4lkZW4=,,W1NvbGljaXR1ZCBjb21wbGV0YWRhXQpVYmljYWNpw7NuOiBDdWVuY2EgZGUgbGFzIGxsYW1hcwpPYmpldGl2bzogRGVycm90YSBhIDE1IEPDs25kb3JlcyBkZSBmdWVnbyB5IDE1IEZyaWxsZG9yYSBkZSBmdWVnbwpQcmVtaW86IDEwMDAwMDAgZGUgRVhQLCAxMDAwMDAwIGRlIEVYUCBkZSBjbGFzZSwgMSBtb25lZGEgZGVsIEdydXBvIGRlbCBFZMOpbg==
hKxJCg,,W01vcnJvYydzIEhhcmFzc21lbnRdCk1pZGdhcmQgQWxsaWVkIEZvcmNlcyBQb3N0IEFyZWEgVGhlb2RvcmUncyBSZXF1ZXN0CkxvY2F0aW9uOiBGbGFtZSBCYXNpbgpUYXJnZXQ6IERlZmVhdCAxNSBGaXJlIENvbmRvciBhbmQgMTUgRmlyZSBGcmlsbGRvcmEKUmV3YXJkOiBFeHAgMTAwMDAwMCwgSmV4cCAxMDAwMDAwLCAxIEVkZW4gR3JvdXAgQ29pbg==,,,,,W0FuaW1haXMgZGUgRm9nb10KU29saWNpdGHDp8OjbyBkbyBqb3ZlbSBUw6lvCkxvY2FsOiBDw61yY3VsbyBkZSBGb2dvCk9iamV0aXZvOiBDYcOnYXIgMTUgQ29uZG9yZXMgZGUgRm9nbyBlIDE1IEZyaWxsZG9yYXMgZGUgRm9nbwpSZWNvbXBlbnNhOiBFWFAgYmFzZSAxMDAwMDAwLCBFWFAgY2xhc3NlIDEwMDAwMDAsIDEgTW9lZGEgZG8gw4lkZW4=,,W0VsIGFjb3NvIGRlIE1vcnJvY10KWm9uYSBkZWwgcHVlc3RvIGRlIGxhcyBGdWVyemFzIEFsaWFkYXMgZGUgTWlkZ2FyZCwgc29saWNpdHVkIGRlIFRoZW9kb3JlClViaWNhY2nDs246IEN1ZW5jYSBkZSBsYXMgbGxhbWFzCk9iamV0aXZvOiBEZXJyb3RhIGEgMTUgQ8OzbmRvcmVzIGRlIGZ1ZWdvIHkgMTUgRnJpbGxkb3JhIGRlIGZ1ZWdvClByZW1pbzogMTAwMDAwMCBkZSBFWFAsIDEwMDAwMDAgZGUgRVhQIGRlIGNsYXNlLCAxIG1vbmVkYSBkZWwgR3J1cG8gZGVsIEVkw6lu
haxJCg,,TWlkZ2FyZCBBbGxpZWQgRm9yY2VzIFBvc3QgQXJlYSBUaGVvZG9yZSdzIFJlcXVlc3QKXjRENERGRltNb3Jyb2MncyBIYXJhc3NtZW50XV4wMDAwMDAgUXVlc3QgYWNjZXB0ZWQu,,,,,QSBzb2xpY2l0YcOnw6NvIGRvIGpvdmVtIFTDqW8KXjRENERGRltBbmltYWlzIGRlIEZvZ29dXjAwMDAwMCBmb2kgYWNlaXRhLg==,,Wm9uYSBkZWwgcHVlc3RvIGRlIGxhcyBGdWVyemFzIEFsaWFkYXMgZGUgTWlkZ2FyZCwgc29saWNpdHVkIGRlIFRoZW9kb3JlCl40RDRERkZbRWwgYWNvc28gZGUgTW9ycm9jXV4wMDAwMDAgTWlzacOzbiBhY2VwdGFkYS4=
hqxJCg,,W1JlcXVlc3QgQ29tcGxldGVkXQpMb2NhdGlvbjogRmxhbWUgQmFzaW4KVGFyZ2V0OiBEZWZlYXQgMTUgRmlyZSBHb2xlbSBhbmQgMTUgRmlyZSBTYW5kbWFuClJld2FyZDogRXhwIDEwMDAwMDAsIEpleHAgMTAwMDAwMCwgMSBFZGVuIEdyb3VwIENvaW4=,,,,,W01pc3PDo28gY29tcGxldGFdCkxvY2FsOiBDw61yY3VsbyBkZSBGb2dvCk9iamV0aXZvOiBDYcOnYXIgMTUgQXJlbm9zb3MgZGUgRm9nbyBlIDE1IEdvbGVucyBkZSBGb2dvClJlY29tcGVuc2E6IEVYUCBiYXNlIDEwMDAwMDAsIEVYUCBjbGFzc2UgMTAwMDAwMCwgMSBNb2VkYSBkbyDDiWRlbg==,,W1NvbGljaXR1ZCBjb21wbGV0YWRhXQpVYmljYWNpw7NuOiBDdWVuY2EgZGUgbGFzIGxsYW1hcwpPYmpldGl2bzogRGVycm90YSBhIDE1IEfDs2xlbSBkZSBsbGFtYSB5IDE1IEhvbWJyZXMgZGUgYXJlbmEgcXVlbWFkYQpQcmVtaW86IDEwMDAwMDAgZGUgRVhQLCAxMDAwMDAwIGRlIEVYUCBkZSBjbGFzZSwgMSBtb25lZGEgZGVsIEdydXBvIGRlbCBFZMOpbg==
h6xJCg,,W01vcnJvYydzIFRyaWNrXQpNaWRnYXJkIEFsbGllZCBGb3JjZXMgUG9zdCBBcmVhIFRoZW9kb3JlJ3MgUmVxdWVzdApMb2NhdGlvbjogRmxhbWUgQmFzaW4KVGFyZ2V0OiBEZWZlYXQgMTUgRmlyZSBHb2xlbSBhbmQgMTUgRmlyZSBTYW5kbWFuClJld2FyZDogRXhwIDEwMDAwMDAsIEpleHAgMTAwMDAwMCwgMSBFZGVuIEdyb3VwIENvaW4=,,,,,W0NyaWF0dXJhcyBkZSBGb2dvXQpTb2xpY2l0YcOnw6NvIGRvIGpvdmVtIFTDqW8KTG9jYWw6IEPDrXJjdWxvIGRlIEZvZ28KT2JqZXRpdm86IENhw6dhciAxNSBBcmVub3NvcyBkZSBGb2dvIGUgMTUgR29sZW5zIGRlIEZvZ28KUmVjb21wZW5zYTogRVhQIGJhc2UgMTAwMDAwMCwgRVhQIGNsYXNzZSAxMDAwMDAwLCAxIE1vZWRhIGRvIMOJZGVu,,W0VsIHRydWNvIGRlIE1vcnJvY10KWm9uYSBkZWwgcHVlc3RvIGRlIGxhcyBGdWVyemFzIEFsaWFkYXMgZGUgTWlkZ2FyZCwgc29saWNpdHVkIGRlIFRoZW9kb3JlClViaWNhY2nDs246IEN1ZW5jYSBkZSBsYXMgbGxhbWFzCk9iamV0aXZvOiBEZXJyb3RhIGEgMTUgR8OzbGVtIGRlIGxsYW1hIHkgMTUgSG9tYnJlcyBkZSBhcmVuYSBxdWVtYWRhClByZW1pbzogMTAwMDAwMCBkZSBFWFAsIDEwMDAwMDAgZGUgRVhQIGRlIGNsYXNlLCAxIG1vbmVkYSBkZWwgR3J1cG8gZGVsIEVkw6lu
iKxJCg,,TWlkZ2FyZCBBbGxpZWQgRm9yY2VzIFBvc3QgQXJlYSBUaGVvZG9yZSdzIFJlcXVlc3QKXjRENERGRltNb3Jyb2MncyBUcmlja11eMDAwMDAwIFF1ZXN0IGFjY2VwdGVkLg==,,,,,QSBzb2xpY2l0YcOnw6NvIGRvIGpvdmVtIFTDqW8KXjRENERGRltDcmlhdHVyYXMgZGUgRm9nb11eMDAwMDAwIGZvaSBhY2VpdGEu,,Wm9uYSBkZWwgcHVlc3RvIGRlIGxhcyBGdWVyemFzIEFsaWFkYXMgZGUgTWlkZ2FyZCwgc29saWNpdHVkIGRlIFRoZW9kb3JlCl40RDRERkZbRWwgdHJ1Y28gZGUgTW9ycm9jXV4wMDAwMDAgTWlzacOzbiBhY2VwdGFkYS4=
iaxJCg,,W1JlcXVlc3QgQ29tcGxldGVkXQpMb2NhdGlvbjogTmFtZWxlc3MgSXNsYW5kIE1vbmFzdGVyeQpUYXJnZXQ6IERlZmVhdCAzMCBSYWdnZWQgWm9tYmllIGFuZCAzMCBab21iaWUgU2xhdWdodGVyClJld2FyZDogRXhwIDEwMDAwMDAsIEpleHAgNjAwMDAwLCAyIEVkZW4gR3JvdXAgQ29pbg==,,,,,W01pc3PDo28gY29tcGxldGFdCkxvY2FsOiBNb25hc3TDqXJpbyBkYSBJbGhhIEVzcXVlY2lkYQpPYmpldGl2bzogQ2HDp2FyIDMwIE1hc3NhY3JlcyBlIDMwIFp1bWJpcyBEaWxhY2VyYWRvcwpSZWNvbXBlbnNhOiBFWFAgYmFzZSAxMDAwMDAwLCBFWFAgY2xhc3NlIDYwMDAwMCwgMiBNb2VkYXMgZG8gw4lkZW4=,,W1NvbGljaXR1ZCBjb21wbGV0YWRhXQpVYmljYWNpw7NuOiBNb25hc3RlcmlvIGRlIGxhIElzbGEgQW7Ds25pbWEKT2JqZXRpdm86IERlcnJvdGEgYSAzMCBab21iaXMgaGFyYXBpZW50b3MgeSAzMCBab21iaXMgYXNlc2lub3MKUHJlbWlvOiAxMDAwMDAwIGRlIEVYUCwgNjAwMDAwIGRlIEVYUCBkZSBjbGFzZSwgMiBtb25lZGFzIGRlbCBHcnVwbyBkZWwgRWTDqW4=
iqxJCg,,W05hbWVsZXNzIElzbGFuZCBQdXJpZmljYXRpb25dClJlcXVlc3QgZnJvbSBOYW1lbGVzcyBJc2xhbmQgZmVycnkgUm90dGVydApMb2NhdGlvbjogTmFtZWxlc3MgSXNsYW5kIE1vbmFzdGVyeQpUYXJnZXQ6IERlZmVhdCAzMCBSYWdnZWQgWm9tYmllIGFuZCAzMCBab21iaWUgU2xhdWdodGVyClJld2FyZDogRXhwIDEwMDAwMDAsIEpleHAgNjAwMDAwLCAyIEVkZW4gR3JvdXAgQ29pbg==,,,,,W0lybcOjb3MgWnVtYmlzXQpTb2xpY2l0YcOnw6NvIGRlIFJvdGVydApMb2NhbDogTW9uYXN0w6lyaW8gZGEgSWxoYSBFc3F1ZWNpZGEKT2JqZXRpdm86IENhw6dhciAzMCBNYXNzYWNyZXMgZSAzMCBadW1iaXMgRGlsYWNlcmFkb3MKUmVjb21wZW5zYTogRVhQIGJhc2UgMTAwMDAwMCwgRVhQIGNsYXNzZSA2MDAwMDAsIDIgTW9lZGFzIGRvIMOJZGVu,,W1B1cmlmaWNhY2nDs24gZGUgbGEgSXNsYSBBbsOzbmltYV0KU29saWNpdHVkIGRlIFJvdHRlcnQsIGRlbCBmZXJyaSBkZSBJc2xhIEFuw7NuaW1hClViaWNhY2nDs246IE1vbmFzdGVyaW8gZGUgbGEgSXNsYSBBbsOzbmltYQpPYmpldGl2bzogRGVycm90YSBhIDMwIFpvbWJpcyBoYXJhcGllbnRvcyB5IDMwIFpvbWJpcyBhc2VzaW5vcwpQcmVtaW86IDEwMDAwMDAgZGUgRVhQLCA2MDAwMDAgZGUgRVhQIGRlIGNsYXNlLCAyIG1vbmVkYXMgZGVsIEdydXBvIGRlbCBFZMOpbg==
i6xJCg,,UmVxdWVzdCBmcm9tIE5hbWVsZXNzIElzbGFuZCBmZXJyeSBSb3R0ZXJ0Cl40RDRERkZbTmFtZWxlc3MgSXNsYW5kIFB1cmlmaWNhdGlvbl1eMDAwMDAwIFF1ZXN0IGFjY2VwdGVkLg==,,,,,QSBzb2xpY2l0YcOnw6NvIGRlIFJvdGVydApeNEQ0REZGW0lybcOjb3MgWnVtYmlzXV4wMDAwMDAgZm9pIGFjZWl0YS4=,,U29saWNpdHVkIGRlIFJvdHRlcnQsIGRlbCBmZXJyaSBkZSBJc2xhIEFuw7NuaW1hCl40RDRERkZbUHVyaWZpY2FjacOzbiBkZSBsYSBJc2xhIEFuw7NuaW1hXV4wMDAwMDAgTWlzacOzbiBhY2VwdGFkYS4=
jKxJCg,,W1JlcXVlc3QgQ29tcGxldGVkXQpMb2NhdGlvbjogTmFtZWxlc3MgSXNsYW5kIE1vbmFzdGVyeQpUYXJnZXQ6IERlZmVhdCAzMCBCYW5zaGVlClJld2FyZDogRXhwIDUwMDAwMCwgSmV4cCAzMDAwMDAsIDEgRWRlbiBHcm91cCBDb2lu,,,,,W01pc3PDo28gY29tcGxldGFdCkxvY2FsOiBNb25hc3TDqXJpbyBkYSBJbGhhIEVzcXVlY2lkYQpPYmpldGl2bzogQ2HDp2FyIDMwIEJhbnNoZWVzClJlY29tcGVuc2E6IEVYUCBiYXNlIDUwMDAwMCwgRVhQIGNsYXNzZSAzMDAwMDAsIDEgTW9lZGEgZG8gw4lkZW4=,,W1NvbGljaXR1ZCBjb21wbGV0YWRhXQpVYmljYWNpw7NuOiBNb25hc3RlcmlvIGRlIGxhIElzbGEgQW7Ds25pbWEKT2JqZXRpdm86IERlcnJvdGEgYSAzMCBCYW5zaGVlClByZW1pbzogNTAwMDAwIGRlIEVYUCwgMzAwMDAwIGRlIEVYUCBkZSBjbGFzZSwgMSBtb25lZGEgZGVsIEdydXBvIGRlbCBFZMOpbg==
jaxJCg,,W0NyeSwgY3J5LCBjcnkgYWdhaW5dClJlcXVlc3QgZnJvbSBOYW1lbGVzcyBJc2xhbmQgZmVycnkgUm90dGVydApMb2NhdGlvbjogTmFtZWxlc3MgSXNsYW5kIE1vbmFzdGVyeQpUYXJnZXQ6IERlZmVhdCAzMCBCYW5zaGVlClJld2FyZDogRXhwIDUwMDAwMCwgSmV4cCAzMDAwMDAsIDEgRWRlbiBHcm91cCBDb2lu,,,,,W0dyaXRvcyBlIG1haXMgR3JpdG9zXQpTb2xpY2l0YcOnw6NvIGRlIFJvdGVydApMb2NhbDogTW9uYXN0w6lyaW8gZGEgSWxoYSBFc3F1ZWNpZGEKT2JqZXRpdm86IENhw6dhciAzMCBCYW5zaGVlcwpSZWNvbXBlbnNhOiBFWFAgYmFzZSA1MDAwMDAsIEVYUCBjbGFzc2UgMzAwMDAwLCAxIE1vZWRhIGRvIMOJZGVu,,W0xsb3JhciwgbGxvcmFyLCB2b2x2ZXIgYSBsbG9yYXJdClNvbGljaXR1ZCBkZSBSb3R0ZXJ0LCBkZWwgZmVycmkgZGUgSXNsYSBBbsOzbmltYQpVYmljYWNpw7NuOiBNb25hc3RlcmlvIGRlIGxhIElzbGEgQW7Ds25pbWEKT2JqZXRpdm86IERlcnJvdGEgYSAzMCBCYW5zaGVlClByZW1pbzogNTAwMDAwIGRlIEVYUCwgMzAwMDAwIGRlIEVYUCBkZSBjbGFzZSwgMSBtb25lZGEgZGVsIEdydXBvIGRlbCBFZMOpbg==
jqxJCg,,UmVxdWVzdCBmcm9tIE5hbWVsZXNzIElzbGFuZCBmZXJyeSBSb3R0ZXJ0Cl40RDRERkZbQ3J5LCBjcnksIGNyeSBhZ2Fpbl1eMDAwMDAwIFF1ZXN0IGFjY2VwdGVkLg==,,,,,QSBzb2xpY2l0YcOnw6NvIGRlIFJvdGVydApeNEQ0REZGW0dyaXRvcyBlIG1haXMgR3JpdG9zXV4wMDAwMDAgZm9pIGFjZWl0YS4=,,U29saWNpdHVkIGRlIFJvdHRlcnQsIGRlbCBmZXJyaSBkZSBJc2xhIEFuw7NuaW1hCl40RDRERkZbTGxvcmFyLCBsbG9yYXIsIHZvbHZlciBhIGxsb3Jhcl1eMDAwMDAwIE1pc2nDs24gYWNlcHRhZGEu
j6xJCg,,W1JlcXVlc3QgQ29tcGxldGVkXQpMb2NhdGlvbjogTmFtZWxlc3MgSXNsYW5kIE1vbmFzdGVyeQpUYXJnZXQ6IERlZmVhdCAyMCBOZWNyb21hbmNlcgpSZXdhcmQ6IEV4cCA2MDAwMDAsIEpleHAgNTAwMDAwLCAxIEVkZW4gR3JvdXAgQ29pbg==,,,,,W01pc3PDo28gY29tcGxldGFdCkxvY2FsOiBNb25hc3TDqXJpbyBkYSBJbGhhIEVzcXVlY2lkYQpPYmpldGl2bzogQ2HDp2FyIDIwIE5lY3JvbWFudGVzClJlY29tcGVuc2E6IEVYUCBiYXNlIDYwMDAwMCwgRVhQIGNsYXNzZSA1MDAwMDAsIDEgTW9lZGEgZG8gw4lkZW4=,,W1NvbGljaXR1ZCBjb21wbGV0YWRhXQpVYmljYWNpw7NuOiBNb25hc3RlcmlvIGRlIGxhIElzbGEgQW7Ds25pbWEKT2JqZXRpdm86IERlcnJvdGEgYSAyMCBOaWdyb21hbnRlcwpQcmVtaW86IDYwMDAwMCBkZSBFWFAsIDUwMDAwMCBkZSBFWFAgZGUgY2xhc2UsIDEgbW9uZWRhIGRlbCBHcnVwbyBkZWwgRWTDqW4=
kKxJCg,,W1RoZSBtYXN0ZXIgb2YgdGhlIGRlYWQgbWFyaW9uZXR0ZV0KUmVxdWVzdCBmcm9tIE5hbWVsZXNzIElzbGFuZCBmZXJyeSBSb3R0ZXJ0CkxvY2F0aW9uOiBOYW1lbGVzcyBJc2xhbmQgTW9uYXN0ZXJ5ClRhcmdldDogRGVmZWF0IDIwIE5lY3JvbWFuY2VyClJld2FyZDogRXhwIDYwMDAwMCwgSmV4cCA1MDAwMDAsIDEgRWRlbiBHcm91cCBDb2lu,,,,,W0NvbnRyb2xlIGRvcyBNb3J0b3NdClNvbGljaXRhw6fDo28gZGUgUm90ZXJ0CkxvY2FsOiBNb25hc3TDqXJpbyBkYSBJbGhhIEVzcXVlY2lkYQpPYmpldGl2bzogQ2HDp2FyIDIwIE5lY3JvbWFudGVzClJlY29tcGVuc2E6IEVYUCBiYXNlIDYwMDAwMCwgRVhQIGNsYXNzZSA1MDAwMDAsIDEgTW9lZGEgZG8gw4lkZW4=,,W0VsIG1hZXN0cm8gZGUgbGEgbWFyaW9uZXRhIG11ZXJ0YV0KU29saWNpdHVkIGRlIFJvdHRlcnQsIGRlbCBmZXJyaSBkZSBJc2xhIEFuw7NuaW1hClViaWNhY2nDs246IE1vbmFzdGVyaW8gZGUgbGEgSXNsYSBBbsOzbmltYQpPYmpldGl2bzogRGVycm90YSBhIDIwIE5pZ3JvbWFudGVzClByZW1pbzogNjAwMDAwIGRlIEVYUCwgNTAwMDAwIGRlIEVYUCBkZSBjbGFzZSwgMSBtb25lZGEgZGVsIEdydXBvIGRlbCBFZMOpbg==
kaxJCg,,UmVxdWVzdCBmcm9tIE5hbWVsZXNzIElzbGFuZCBmZXJyeSBSb3R0ZXJ0Cl40RDRERkZbVGhlIG1hc3RlciBvZiB0aGUgZGVhZCBtYXJpb25ldHRlXV4wMDAwMDAgUXVlc3QgYWNjZXB0ZWQu,,,,,QSBzb2xpY2l0YcOnw6NvIGRlIFJvdGVydApeNEQ0REZGW0NvbnRyb2xlIGRvcyBNb3J0b3NdXjAwMDAwMCBmb2kgYWNlaXRhLg==,,U29saWNpdHVkIGRlIFJvdHRlcnQsIGRlbCBmZXJyaSBkZSBJc2xhIEFuw7NuaW1hCl40RDRERkZbRWwgbWFlc3RybyBkZSBsYSBtYXJpb25ldGEgbXVlcnRhXV4wMDAwMDAgTWlzacOzbiBhY2VwdGFkYS4=
kqxJCg,,W1JlcXVlc3QgQ29tcGxldGVkXQpMb2NhdGlvbjogV2VzdGVybiBhcmVhIG9mID8/dGhlIHRlbXBsZSBzYW5jdHVhcnkKVGFyZ2V0OiBEZWZlYXQgMjAgVmFuYmVyayBhbmQgMjAgSXNpbGxhClJld2FyZDogRXhwIDUwMDAwMCwgSmV4cCA1MDAwMDAsIDEgRWRlbiBHcm91cCBDb2lu,,,,,W01pc3PDo28gY29tcGxldGFdCkxvY2FsOiBTYW50dcOhcmlvIGRlIFJhY2hlbApPYmpldGl2bzogQ2HDp2FyIDIwIElzaWxsYXMgZSAyMCBWYW5iZXJrcwpSZWNvbXBlbnNhOiBFWFAgYmFzZSA1MDAwMDAsIEVYUCBjbGFzc2UgNTAwMDAwLCAxIE1vZWRhIGRvIMOJZGVu,,W1NvbGljaXR1ZCBjb21wbGV0YWRhXQpVYmljYWNpw7NuOiBab25hIG9lc3RlIGRlbCBzYW50dWFyaW8gZGVsIHRlbXBsbwpPYmpldGl2bzogRGVycm90YSBhIDIwIFZhbmJlcmsgeSAyMCBJc2lsbGEKUHJlbWlvOiA1MDAwMDAgZGUgRVhQLCA1MDAwMDAgZGUgRVhQIGRlIGNsYXNlLCAxIG1vbmVkYSBkZWwgR3J1cG8gZGVsIEVkw6lu
k6xJCg,,W1NhbmN0dWFyeSBDbGVhbnNpbmcgLSBXZXN0XQpSZXF1ZXN0IGZyb20gUmFjaGVsIFByaWVzdCBUaGViZW5pbwpMb2NhdGlvbjogV2VzdGVybiBhcmVhIG9mID8/dGhlIHRlbXBsZSBzYW5jdHVhcnkKVGFyZ2V0OiBEZWZlYXQgMjAgVmFuYmVyayBhbmQgMjAgSXNpbGxhClJld2FyZDogRXhwIDUwMDAwMCwgSmV4cCA1MDAwMDAsIDEgRWRlbiBHcm91cCBDb2lu,,,,,W0xpbXBlIGEgQWxhIE9lc3RlXQpTb2xpY2l0YcOnw6NvIGRhIE5vdmnDp2EgVGhlbG1hCkxvY2FsOiBTYW50dcOhcmlvIGRlIFJhY2hlbApPYmpldGl2bzogQ2HDp2FyIDIwIElzaWxsYXMgZSAyMCBWYW5iZXJrcwpSZWNvbXBlbnNhOiBFWFAgYmFzZSA1MDAwMDAsIEVYUCBjbGFzc2UgNTAwMDAwLCAxIE1vZWRhIGRvIMOJZGVu,,W0xpbXBpZXphIGRlbCBzYW50dWFyaW86IG9lc3RlXQpTb2xpY2l0dWQgZGUgVGhlYmVuaW8sIFNhY2VyZG90ZSBkZSBSYWNoZWwKVWJpY2FjacOzbjogWm9uYSBvZXN0ZSBkZWwgc2FudHVhcmlvIGRlbCB0ZW1wbG8KT2JqZXRpdm86IERlcnJvdGEgYSAyMCBWYW5iZXJrIHkgMjAgSXNpbGxhClByZW1pbzogNTAwMDAwIGRlIEVYUCwgNTAwMDAwIGRlIEVYUCBkZSBjbGFzZSwgMSBtb25lZGEgZGVsIEdydXBvIGRlbCBFZMOpbg==
lKxJCg,,UmVxdWVzdCBmcm9tIFJhY2hlbCBQcmllc3QgVGhlYmVuaW8KXjRENERGRltTYW5jdHVhcnkgQ2xlYW5zaW5nIC0gV2VzdF1eMDAwMDAwIFF1ZXN0IGFjY2VwdGVkLg==,,,,,QSBzb2xpY2l0YcOnw6NvIGRhIE5vdmnDp2EgVGhlbG1hCl40RDRERkZbTGltcGUgYSBBbGEgT2VzdGVdXjAwMDAwMCBmb2kgYWNlaXRhLg==,,U29saWNpdHVkIGRlIFRoZWJlbmlvLCBTYWNlcmRvdGUgZGUgUmFjaGVsCl40RDRERkZbTGltcGllemEgZGVsIHNhbnR1YXJpbzogb2VzdGVdXjAwMDAwMCBNaXNpw7NuIGFjZXB0YWRhLg==
laxJCg,,W1JlcXVlc3QgQ29tcGxldGVkXQpMb2NhdGlvbjogRWFzdGVybiBzZWN0aW9uIG9mIHRoZSB0ZW1wbGUgc2FuY3R1YXJ5ClRhcmdldDogRGVmZWF0IDMwIEhvZHJlbWxpbgpSZXdhcmQ6IEV4cCA1MDAwMDAsIEpleHAgNTAwMDAwLCAxIEVkZW4gR3JvdXAgQ29pbg==,,,,,W01pc3PDo28gY29tcGxldGFdCkxvY2FsOiBTYW50dcOhcmlvIGRlIFJhY2hlbApPYmpldGl2bzogQ2HDp2FyIDMwIEhvZHJlbWxpbgpSZWNvbXBlbnNhOiBFWFAgYmFzZSA1MDAwMDAsIEVYUCBjbGFzc2UgNTAwMDAwLCAxIE1vZWRhIGRvIMOJZGVu,,W1NvbGljaXR1ZCBjb21wbGV0YWRhXQpVYmljYWNpw7NuOiBTZWNjacOzbiBlc3RlIGRlbCBzYW50dWFyaW8gZGVsIHRlbXBsbwpPYmpldGl2bzogRGVycm90YSBhIDMwIEhvZHJlbWxpbgpQcmVtaW86IDUwMDAwMCBkZSBFWFAsIDUwMDAwMCBkZSBFWFAgZGUgY2xhc2UsIDEgbW9uZWRhIGRlbCBHcnVwbyBkZWwgRWTDqW4=
lqxJCg,,W1NhbmN0dWFyeSBDbGVhbnNpbmcgLSBFYXN0XQpSZXF1ZXN0IGZyb20gUmFjaGVsIFByaWVzdCBUaGViZW5pbwpMb2NhdGlvbjogRWFzdGVybiBzZWN0aW9uIG9mIHRoZSB0ZW1wbGUgc2FuY3R1YXJ5ClRhcmdldDogRGVmZWF0IDMwIEhvZHJlbWxpbgpSZXdhcmQ6IEV4cCA1MDAwMDAsIEpleHAgNTAwMDAwLCAxIEVkZW4gR3JvdXAgQ29pbg==,,,,,W0xpbXBlIGEgQWxhIExlc3RlXQpTb2xpY2l0YcOnw6NvIGRhIE5vdmnDp2EgVGhlbG1hCkxvY2FsOiBTYW50dcOhcmlvIGRlIFJhY2hlbApPYmpldGl2bzogQ2HDp2FyIDMwIEhvZHJlbWxpbgpSZWNvbXBlbnNhOiBFWFAgYmFzZSA1MDAwMDAsIEVYUCBjbGFzc2UgNTAwMDAwLCAxIE1vZWRhIGRvIMOJZGVu,,W0xpbXBpZXphIGRlbCBzYW50dWFyaW86IGVzdGVdClNvbGljaXR1ZCBkZSBUaGViZW5pbywgU2FjZXJkb3RlIGRlIFJhY2hlbApVYmljYWNpw7NuOiBTZWNjacOzbiBlc3RlIGRlbCBzYW50dWFyaW8gZGVsIHRlbXBsbwpPYmpldGl2bzogRGVycm90YSBhIDMwIEhvZHJlbWxpbgpQcmVtaW86IDUwMDAwMCBkZSBFWFAsIDUwMDAwMCBkZSBFWFAgZGUgY2xhc2UsIDEgbW9uZWRhIGRlbCBHcnVwbyBkZWwgRWTDqW4=
l6xJCg,,UmVxdWVzdCBmcm9tIFJhY2hlbCBQcmllc3QgVGhlYmVuaW8KXjRENERGRltTYW5jdHVhcnkgQ2xlYW5zaW5nIC0gRWFzdF1eMDAwMDAwIFF1ZXN0IGFjY2VwdGVkLg==,,,,,QSBzb2xpY2l0YcOnw6NvIGRhIE5vdmnDp2EgVGhlbG1hCl40RDRERkZbTGltcGUgYSBBbGEgTGVzdGVdXjAwMDAwMCBmb2kgYWNlaXRhLg==,,U29saWNpdHVkIGRlIFRoZWJlbmlvLCBTYWNlcmRvdGUgZGUgUmFjaGVsCl40RDRERkZbTGltcGllemEgZGVsIHNhbnR1YXJpbzogZXN0ZV1eMDAwMDAwIE1pc2nDs24gYWNlcHRhZGEu
mKxJCg,,W1JlcXVlc3QgQ29tcGxldGVkXQpMb2NhdGlvbjogU291dGhlcm4gc2VjdGlvbiBvZiB0aGUgdGVtcGxlIHNhbmN0dWFyeQpUYXJnZXQ6IERlZmVhdCAyMCBFY2hpbyBhbmQgMjAgQWdhdgpSZXdhcmQ6IEV4cCA1MDAwMDAsIEpleHAgNTAwMDAwLCAxIEVkZW4gR3JvdXAgQ29pbg==,,,,,W01pc3PDo28gY29tcGxldGFdCkxvY2FsOiBTYW50dcOhcmlvIGRlIFJhY2hlbApPYmpldGl2bzogQ2HDp2FyIDIwIEFnYXYgZSAyMCBFY2hpb3MKUmVjb21wZW5zYTogRVhQIGJhc2UgNTAwMDAwLCBFWFAgY2xhc3NlIDUwMDAwMCwgMSBNb2VkYSBkbyDDiWRlbg==,,W1NvbGljaXR1ZCBjb21wbGV0YWRhXQpVYmljYWNpw7NuOiBTZWNjacOzbiBzdXIgZGVsIHNhbnR1YXJpbyBkZWwgdGVtcGxvCk9iamV0aXZvOiBEZXJyb3RhIGEgMjAgRWNoaW8geSAyMCBBZ2F2ClByZW1pbzogNTAwMDAwIGRlIEVYUCwgNTAwMDAwIGRlIEVYUCBkZSBjbGFzZSwgMSBtb25lZGEgZGVsIEdydXBvIGRlbCBFZMOpbg==
maxJCg,,W1NhbmN0dWFyeSBDbGVhbnNpbmcgLSBTb3V0aF0KUmVxdWVzdCBmcm9tIFJhY2hlbCBQcmllc3QgVGhlYmVuaW8KTG9jYXRpb246IFNvdXRoZXJuIHNlY3Rpb24gb2YgdGhlIHRlbXBsZSBzYW5jdHVhcnkKVGFyZ2V0OiBEZWZlYXQgMjAgRWNoaW8gYW5kIDIwIEFnYXYKUmV3YXJkOiBFeHAgNTAwMDAwLCBKZXhwIDUwMDAwMCwgMSBFZGVuIEdyb3VwIENvaW4=,,,,,W0xpbXBlIGEgQWxhIFN1bF0KU29saWNpdGHDp8OjbyBkYSBOb3Zpw6dhIFRoZWxtYQpMb2NhbDogU2FudHXDoXJpbyBkZSBSYWNoZWwKT2JqZXRpdm86IENhw6dhciAyMCBBZ2F2IGUgMjAgRWNoaW9zClJlY29tcGVuc2E6IEVYUCBiYXNlIDUwMDAwMCwgRVhQIGNsYXNzZSA1MDAwMDAsIDEgTW9lZGEgZG8gw4lkZW4=,,W0xpbXBpZXphIGRlbCBzYW50dWFyaW86IHN1cl0KU29saWNpdHVkIGRlIFRoZWJlbmlvLCBTYWNlcmRvdGUgZGUgUmFjaGVsClViaWNhY2nDs246IFNlY2Npw7NuIHN1ciBkZWwgc2FudHVhcmlvIGRlbCB0ZW1wbG8KT2JqZXRpdm86IERlcnJvdGEgYSAyMCBFY2hpbyB5IDIwIEFnYXYKUHJlbWlvOiA1MDAwMDAgZGUgRVhQLCA1MDAwMDAgZGUgRVhQIGRlIGNsYXNlLCAxIG1vbmVkYSBkZWwgR3J1cG8gZGVsIEVkw6lu
mqxJCg,,UmVxdWVzdCBmcm9tIFJhY2hlbCBQcmllc3QgVGhlYmVuaW8KXjRENERGRltTYW5jdHVhcnkgQ2xlYW5zaW5nIC0gU291dGhdXjAwMDAwMCBRdWVzdCBhY2NlcHRlZC4=,,,,,QSBzb2xpY2l0YcOnw6NvIGRhIE5vdmnDp2EgVGhlbG1hCl40RDRERkZbTGltcGUgYSBBbGEgU3VsXV4wMDAwMDAgZm9pIGFjZWl0YS4=,,U29saWNpdHVkIGRlIFRoZWJlbmlvLCBTYWNlcmRvdGUgZGUgUmFjaGVsCl40RDRERkZbTGltcGllemEgZGVsIHNhbnR1YXJpbzogc3VyXV4wMDAwMDAgTWlzacOzbiBhY2VwdGFkYS4=
m6xJCg,,W1JlcXVlc3QgQ29tcGxldGVkXQpMb2NhdGlvbjogQmlvbGFiClRhcmdldDogRGVmZWF0IDMwIEVnbmlnZW0gQ2VuaWEKUmV3YXJkOiBFeHAgODUwMDAwLCBKZXhwIDg1MDAwMCwgMSBFZGVuIEdyb3VwIENvaW4=,,,,,W01pc3PDo28gY29tcGxldGFdCkxvY2FsOiBCaW9sYWJvcmF0w7NyaW8KT2JqZXRpdm86IENhw6dhciAzMCBFZ25pZ2VtIENlbmlhClJlY29tcGVuc2E6IEVYUCBiYXNlIDg1MDAwMCwgRVhQIGNsYXNzZSA4NTAwMDAsIDEgTW9lZGEgZG8gw4lkZW4=,,W1NvbGljaXR1ZCBjb21wbGV0YWRhXQpVYmljYWNpw7NuOiBCaW9sYWJvcmF0b3JpbwpPYmpldGl2bzogRGVycm90YSBhIDMwIEVnbmlnZW0gQ2VuaWEKUHJlbWlvOiA4NTAwMDAgZGUgRVhQLCA4NTAwMDAgZGUgRVhQIGRlIGNsYXNlLCAxIG1vbmVkYSBkZWwgR3J1cG8gZGVsIEVkw6lu
nKxJCg,,W0VnbmlnZW0gQ2VuaWFdCkxpZ2h0aGFsemVuIFNsdW0gQW5vbnltb3VzIEFkdmVudHVyZXIncyBSZXF1ZXN0CkxvY2F0aW9uOiBCaW9sYWIKVGFyZ2V0OiBEZWZlYXQgMzAgRWduaWdlbSBDZW5pYQpSZXdhcmQ6IEV4cCA4NTAwMDAsIEpleHAgODUwMDAwLCAxIEVkZW4gR3JvdXAgQ29pbg==,,,,,W0NvYmFpYSBFc3BhZGFjaGltXQpTb2xpY2l0YcOnw6NvIGRlIHVtIEFuw7RuaW1vCkxvY2FsOiBCaW9sYWJvcmF0w7NyaW8KT2JqZXRpdm86IENhw6dhciAzMCBFZ25pZ2VtIENlbmlhClJlY29tcGVuc2E6IEVYUCBiYXNlIDg1MDAwMCwgRVhQIGNsYXNzZSA4NTAwMDAsIDEgTW9lZGEgZG8gw4lkZW4=,,W0VnbmlnZW0gQ2VuaWFdClNvbGljaXR1ZCBkZSB0cm90YW11bmRvcyBzaW4gbm9tYnJlIGRlIGxvcyBiYXJyaW9zIGJham9zIGRlIExpZ2h0aGFsemVuClViaWNhY2nDs246IEJpb2xhYm9yYXRvcmlvCk9iamV0aXZvOiBEZXJyb3RhIGEgMzAgRWduaWdlbSBDZW5pYQpQcmVtaW86IDg1MDAwMCBkZSBFWFAsIDg1MDAwMCBkZSBFWFAgZGUgY2xhc2UsIDEgbW9uZWRhIGRlbCBHcnVwbyBkZWwgRWTDqW4=
naxJCg,,TGlnaHRoYWx6ZW4gU2x1bSBBbm9ueW1vdXMgQWR2ZW50dXJlcidzIFJlcXVlc3QKXjRENERGRltFZ25pZ2VtIENlbmlhXV4wMDAwMDAgUXVlc3QgYWNjZXB0ZWQu,,,,,QSBzb2xpY2l0YcOnw6NvIGRlIHVtIEFuw7RuaW1vCl40RDRERkZbQ29iYWlhIEVzcGFkYWNoaW1dXjAwMDAwMCBmb2kgYWNlaXRhLg==,,U29saWNpdHVkIGRlIHRyb3RhbXVuZG9zIHNpbiBub21icmUgZGUgbG9zIGJhcnJpb3MgYmFqb3MgZGUgTGlnaHRoYWx6ZW4KXjRENERGRltFZ25pZ2VtIENlbmlhXV4wMDAwMDAgTWlzacOzbiBhY2VwdGFkYS4=
nqxJCg,,W1JlcXVlc3QgQ29tcGxldGVkXQpMb2NhdGlvbjogQmlvbGFiClRhcmdldDogRGVmZWF0IDMwIEFybWV5ZXIgRGluemUKUmV3YXJkOiBFeHAgODUwMDAwLCBKZXhwIDg1MDAwMCwgMSBFZGVuIEdyb3VwIENvaW4=,,,,,W01pc3PDo28gY29tcGxldGFdCkxvY2FsOiBCaW9sYWJvcmF0w7NyaW8KT2JqZXRpdm86IENhw6dhciAzMCBBcm1leWVyIERpbnplClJlY29tcGVuc2E6IEVYUCBiYXNlIDg1MDAwMCwgRVhQIGNsYXNzZSA4NTAwMDAsIDEgTW9lZGEgZG8gw4lkZW4=,,W1NvbGljaXR1ZCBjb21wbGV0YWRhXQpVYmljYWNpw7NuOiBCaW9sYWJvcmF0b3JpbwpPYmpldGl2bzogRGVycm90YSBhIDMwIEFybWV5ZXIgRGluemUKUHJlbWlvOiA4NTAwMDAgZGUgRVhQLCA4NTAwMDAgZGUgRVhQIGRlIGNsYXNlLCAxIG1vbmVkYSBkZWwgR3J1cG8gZGVsIEVkw6lu
n6xJCg,,W0FybWV5ZXIgRGluemVdCkxpZ2h0aGFsemVuIFNsdW0gQW5vbnltb3VzIEFkdmVudHVyZXIncyBSZXF1ZXN0CkxvY2F0aW9uOiBCaW9sYWIKVGFyZ2V0OiBEZWZlYXQgMzAgQXJtZXllciBEaW56ZQpSZXdhcmQ6IEV4cCA4NTAwMDAsIEpleHAgODUwMDAwLCAxIEVkZW4gR3JvdXAgQ29pbg==,,,,,W0NvYmFpYSBNZXJjYWRvcmFdClNvbGljaXRhw6fDo28gZGUgdW0gQW7DtG5pbW8KTG9jYWw6IEJpb2xhYm9yYXTDs3JpbwpPYmpldGl2bzogQ2HDp2FyIDMwIEFybWV5ZXIgRGluemUKUmVjb21wZW5zYTogRVhQIGJhc2UgODUwMDAwLCBFWFAgY2xhc3NlIDg1MDAwMCwgMSBNb2VkYSBkbyDDiWRlbg==,,W0FybWV5ZXIgRGluemVdClNvbGljaXR1ZCBkZSB0cm90YW11bmRvcyBzaW4gbm9tYnJlIGRlIGxvcyBiYXJyaW9zIGJham9zIGRlIExpZ2h0aGFsemVuClViaWNhY2nDs246IEJpb2xhYm9yYXRvcmlvCk9iamV0aXZvOiBEZXJyb3RhIGEgMzAgQXJtZXllciBEaW56ZQpQcmVtaW86IDg1MDAwMCBkZSBFWFAsIDg1MDAwMCBkZSBFWFAgZGUgY2xhc2UsIDEgbW9uZWRhIGRlbCBHcnVwbyBkZWwgRWTDqW4=
oKxJCg,,TGlnaHRoYWx6ZW4gU2x1bSBBbm9ueW1vdXMgQWR2ZW50dXJlcidzIFJlcXVlc3QKXjRENERGRltBcm1leWVyIERpbnplXV4wMDAwMDAgUXVlc3QgYWNjZXB0ZWQu,,,,,QSBzb2xpY2l0YcOnw6NvIGRlIHVtIEFuw7RuaW1vCl40RDRERkZbQ29iYWlhIE1lcmNhZG9yYV1eMDAwMDAwIGZvaSBhY2VpdGEu,,U29saWNpdHVkIGRlIHRyb3RhbXVuZG9zIHNpbiBub21icmUgZGUgbG9zIGJhcnJpb3MgYmFqb3MgZGUgTGlnaHRoYWx6ZW4KXjRENERGRltBcm1leWVyIERpbnplXV4wMDAwMDAgTWlzacOzbiBhY2VwdGFkYS4=
oaxJCg,,W1JlcXVlc3QgQ29tcGxldGVkXQpMb2NhdGlvbjogQmlvbGFiClRhcmdldDogRGVmZWF0IDMwIFdpY2tlYmluZSBUcmVzClJld2FyZDogRXhwIDg1MDAwMCwgSmV4cCA4NTAwMDAsIDEgRWRlbiBHcm91cCBDb2lu,,,,,W01pc3PDo28gY29tcGxldGFdCkxvY2FsOiBCaW9sYWJvcmF0w7NyaW8KT2JqZXRpdm86IENhw6dhciAzMCBXaWNrZWJpbmUgVHJlcwpSZWNvbXBlbnNhOiBFWFAgYmFzZSA4NTAwMDAsIEVYUCBjbGFzc2UgODUwMDAwLCAxIE1vZWRhIGRvIMOJZGVu,,W1NvbGljaXR1ZCBjb21wbGV0YWRhXQpVYmljYWNpw7NuOiBCaW9sYWJvcmF0b3JpbwpPYmpldGl2bzogRGVycm90YSBhIDMwIFdpY2tlYmluZSBUcmVzClByZW1pbzogODUwMDAwIGRlIEVYUCwgODUwMDAwIGRlIEVYUCBkZSBjbGFzZSwgMSBtb25lZGEgZGVsIEdydXBvIGRlbCBFZMOpbg==
oqxJCg,,W1dpY2tlYmluZSBUcmVzXQpMaWdodGhhbHplbiBTbHVtIEFub255bW91cyBBZHZlbnR1cmVyJ3MgUmVxdWVzdApMb2NhdGlvbjogQmlvbGFiClRhcmdldDogRGVmZWF0IDMwIFdpY2tlYmluZSBUcmVzClJld2FyZDogRXhwIDg1MDAwMCwgSmV4cCA4NTAwMDAsIDEgRWRlbiBHcm91cCBDb2lu,,,,,W0NvYmFpYSBHYXR1bmFdClNvbGljaXRhw6fDo28gZGUgdW0gQW7DtG5pbW8KTG9jYWw6IEJpb2xhYm9yYXTDs3JpbwpPYmpldGl2bzogQ2HDp2FyIDMwIFdpY2tlYmluZSBUcmVzClJlY29tcGVuc2E6IEVYUCBiYXNlIDg1MDAwMCwgRVhQIGNsYXNzZSA4NTAwMDAsIDEgTW9lZGEgZG8gw4lkZW4=,,W1dpY2tlYmluZSBUcmVzXQpTb2xpY2l0dWQgZGUgdHJvdGFtdW5kb3Mgc2luIG5vbWJyZSBkZSBsb3MgYmFycmlvcyBiYWpvcyBkZSBMaWdodGhhbHplbgpVYmljYWNpw7NuOiBCaW9sYWJvcmF0b3JpbwpPYmpldGl2bzogRGVycm90YSBhIDMwIFdpY2tlYmluZSBUcmVzClByZW1pbzogODUwMDAwIGRlIEVYUCwgODUwMDAwIGRlIEVYUCBkZSBjbGFzZSwgMSBtb25lZGEgZGVsIEdydXBvIGRlbCBFZMOpbg==
o6xJCg,,TGlnaHRoYWx6ZW4gU2x1bSBBbm9ueW1vdXMgQWR2ZW50dXJlcidzIFJlcXVlc3QKXjRENERGRltXaWNrZWJpbmUgVHJlc11eMDAwMDAwIFF1ZXN0IGFjY2VwdGVkLg==,,,,,QSBzb2xpY2l0YcOnw6NvIGRlIHVtIEFuw7RuaW1vCl40RDRERkZbQ29iYWlhIEdhdHVuYV1eMDAwMDAwIGZvaSBhY2VpdGEu,,U29saWNpdHVkIGRlIHRyb3RhbXVuZG9zIHNpbiBub21icmUgZGUgbG9zIGJhcnJpb3MgYmFqb3MgZGUgTGlnaHRoYWx6ZW4KXjRENERGRltXaWNrZWJpbmUgVHJlc11eMDAwMDAwIE1pc2nDs24gYWNlcHRhZGEu
pKxJCg,,W1JlcXVlc3QgQ29tcGxldGVkXQpMb2NhdGlvbjogQmlvbGFiClRhcmdldDogRGVmZWF0IDMwIEthdmFjaCBJY2FydXMKUmV3YXJkOiBFeHAgODUwMDAwLCBKZXhwIDg1MDAwMCwgMSBFZGVuIEdyb3VwIENvaW4=,,,,,W01pc3PDo28gY29tcGxldGFdCkxvY2FsOiBCaW9sYWJvcmF0w7NyaW8KT2JqZXRpdm86IENhw6dhciAzMCBLYXZhY2ggw41jYXJvClJlY29tcGVuc2E6IEVYUCBiYXNlIDg1MDAwMCwgRVhQIGNsYXNzZSA4NTAwMDAsIDEgTW9lZGEgZG8gw4lkZW4=,,W1NvbGljaXR1ZCBjb21wbGV0YWRhXQpVYmljYWNpw7NuOiBCaW9sYWJvcmF0b3JpbwpPYmpldGl2bzogRGVycm90YSBhIDMwIEthdmFjaCBJY2FydXMKUHJlbWlvOiA4NTAwMDAgZGUgRVhQLCA4NTAwMDAgZGUgRVhQIGRlIGNsYXNlLCAxIG1vbmVkYSBkZWwgR3J1cG8gZGVsIEVkw6lu
paxJCg,,W0thdmFjaCBJY2FydXNdCkxpZ2h0aGFsemVuIFNsdW0gQW5vbnltb3VzIEFkdmVudHVyZXIncyBSZXF1ZXN0CkxvY2F0aW9uOiBCaW9sYWIKVGFyZ2V0OiBEZWZlYXQgMzAgS2F2YWNoIEljYXJ1cwpSZXdhcmQ6IEV4cCA4NTAwMDAsIEpleHAgODUwMDAwLCAxIEVkZW4gR3JvdXAgQ29pbg==,,,,,W0NvYmFpYSBBcnF1ZWlyb10KU29saWNpdGHDp8OjbyBkZSB1bSBBbsO0bmltbwpMb2NhbDogQmlvbGFib3JhdMOzcmlvCk9iamV0aXZvOiBDYcOnYXIgMzAgS2F2YWNoIMONY2FybwpSZWNvbXBlbnNhOiBFWFAgYmFzZSA4NTAwMDAsIEVYUCBjbGFzc2UgODUwMDAwLCAxIE1vZWRhIGRvIMOJZGVu,,W0thdmFjaCBJY2FydXNdClNvbGljaXR1ZCBkZSB0cm90YW11bmRvcyBzaW4gbm9tYnJlIGRlIGxvcyBiYXJyaW9zIGJham9zIGRlIExpZ2h0aGFsemVuClViaWNhY2nDs246IEJpb2xhYm9yYXRvcmlvCk9iamV0aXZvOiBEZXJyb3RhIGEgMzAgS2F2YWNoIEljYXJ1cwpQcmVtaW86IDg1MDAwMCBkZSBFWFAsIDg1MDAwMCBkZSBFWFAgZGUgY2xhc2UsIDEgbW9uZWRhIGRlbCBHcnVwbyBkZWwgRWTDqW4=
pqxJCg,,TGlnaHRoYWx6ZW4gU2x1bSBBbm9ueW1vdXMgQWR2ZW50dXJlcidzIFJlcXVlc3QKXjRENERGRltLYXZhY2ggSWNhcnVzXV4wMDAwMDAgUXVlc3QgYWNjZXB0ZWQu,,,,,QSBzb2xpY2l0YcOnw6NvIGRlIHVtIEFuw7RuaW1vCl40RDRERkZbQ29iYWlhIEFycXVlaXJvXV4wMDAwMDAgZm9pIGFjZWl0YS4=,,U29saWNpdHVkIGRlIHRyb3RhbXVuZG9zIHNpbiBub21icmUgZGUgbG9zIGJhcnJpb3MgYmFqb3MgZGUgTGlnaHRoYWx6ZW4KXjRENERGRltLYXZhY2ggSWNhcnVzXV4wMDAwMDAgTWlzacOzbiBhY2VwdGFkYS4=
p6xJCg,,W1JlcXVlc3QgQ29tcGxldGVkXQpMb2NhdGlvbjogQmlvbGFiClRhcmdldDogRGVmZWF0IDMwIEVycmVuZGUgRWJlY2VlClJld2FyZDogRXhwIDg1MDAwMCwgSmV4cCA4NTAwMDAsIDEgRWRlbiBHcm91cCBDb2lu,,,,,W01pc3PDo28gY29tcGxldGFdCkxvY2FsOiBCaW9sYWJvcmF0w7NyaW8KT2JqZXRpdm86IENhw6dhciAzMCBFcnJlbmRlIEViZWNlZQpSZWNvbXBlbnNhOiBFWFAgYmFzZSA4NTAwMDAsIEVYUCBjbGFzc2UgODUwMDAwLCAxIE1vZWRhIGRvIMOJZGVu,,W1NvbGljaXR1ZCBjb21wbGV0YWRhXQpVYmljYWNpw7NuOiBCaW9sYWJvcmF0b3JpbwpPYmpldGl2bzogRGVycm90YSBhIDMwIEVycmVuZGUgRWJlY2VlClByZW1pbzogODUwMDAwIGRlIEVYUCwgODUwMDAwIGRlIEVYUCBkZSBjbGFzZSwgMSBtb25lZGEgZGVsIEdydXBvIGRlbCBFZMOpbg==
qKxJCg,,W0VycmVuZGUgRWJlY2VlXQpMaWdodGhhbHplbiBTbHVtIEFub255bW91cyBBZHZlbnR1cmVyJ3MgUmVxdWVzdApMb2NhdGlvbjogQmlvbGFiClRhcmdldDogRGVmZWF0IDMwIEVycmVuZGUgRWJlY2VlClJld2FyZDogRXhwIDg1MDAwMCwgSmV4cCA4NTAwMDAsIDEgRWRlbiBHcm91cCBDb2lu,,,,,W0NvYmFpYSBOb3Zpw6dvXQpTb2xpY2l0YcOnw6NvIGRlIHVtIEFuw7RuaW1vCkxvY2FsOiBCaW9sYWJvcmF0w7NyaW8KT2JqZXRpdm86IENhw6dhciAzMCBFcnJlbmRlIEViZWNlZQpSZWNvbXBlbnNhOiBFWFAgYmFzZSA4NTAwMDAsIEVYUCBjbGFzc2UgODUwMDAwLCAxIE1vZWRhIGRvIMOJZGVu,,W0VycmVuZGUgRWJlY2VlXQpTb2xpY2l0dWQgZGUgdHJvdGFtdW5kb3Mgc2luIG5vbWJyZSBkZSBsb3MgYmFycmlvcyBiYWpvcyBkZSBMaWdodGhhbHplbgpVYmljYWNpw7NuOiBCaW9sYWJvcmF0b3JpbwpPYmpldGl2bzogRGVycm90YSBhIDMwIEVycmVuZGUgRWJlY2VlClByZW1pbzogODUwMDAwIGRlIEVYUCwgODUwMDAwIGRlIEVYUCBkZSBjbGFzZSwgMSBtb25lZGEgZGVsIEdydXBvIGRlbCBFZMOpbg==
qaxJCg,,TGlnaHRoYWx6ZW4gU2x1bSBBbm9ueW1vdXMgQWR2ZW50dXJlcidzIFJlcXVlc3QKXjRENERGRltFcnJlbmRlIEViZWNlZV1eMDAwMDAwIFF1ZXN0IGFjY2VwdGVkLg==,,,,,QSBzb2xpY2l0YcOnw6NvIGRlIHVtIEFuw7RuaW1vCl40RDRERkZbQ29iYWlhIE5vdmnDp29dXjAwMDAwMCBmb2kgYWNlaXRhLg==,,U29saWNpdHVkIGRlIHRyb3RhbXVuZG9zIHNpbiBub21icmUgZGUgbG9zIGJhcnJpb3MgYmFqb3MgZGUgTGlnaHRoYWx6ZW4KXjRENERGRltFcnJlbmRlIEViZWNlZV1eMDAwMDAwIE1pc2nDs24gYWNlcHRhZGEu
qqxJCg,,W1JlcXVlc3QgQ29tcGxldGVkXQpMb2NhdGlvbjogQmlvbGFiClRhcmdldDogRGVmZWF0IDMwIExhdXJlbGwgV2VpbmRlcgpSZXdhcmQ6IEV4cCA4NTAwMDAsIEpleHAgODUwMDAwLCAxIEVkZW4gR3JvdXAgQ29pbg==,,,,,W01pc3PDo28gY29tcGxldGFdCkxvY2FsOiBCaW9sYWJvcmF0w7NyaW8KT2JqZXRpdm86IENhw6dhciAzMCBMYXVyZWxsIFdlaW5kZXIKUmVjb21wZW5zYTogRVhQIGJhc2UgODUwMDAwLCBFWFAgY2xhc3NlIDg1MDAwMCwgMSBNb2VkYSBkbyDDiWRlbg==,,W1NvbGljaXR1ZCBjb21wbGV0YWRhXQpVYmljYWNpw7NuOiBCaW9sYWJvcmF0b3JpbwpPYmpldGl2bzogRGVycm90YSBhIDMwIExhdXJlbGwgV2VpbmRlcgpQcmVtaW86IDg1MDAwMCBkZSBFWFAsIDg1MDAwMCBkZSBFWFAgZGUgY2xhc2UsIDEgbW9uZWRhIGRlbCBHcnVwbyBkZWwgRWTDqW4=
q6xJCg,,W0xhdXJlbGwgV2VpbmRlcl0KTGlnaHRoYWx6ZW4gU2x1bSBBbm9ueW1vdXMgQWR2ZW50dXJlcidzIFJlcXVlc3QKTG9jYXRpb246IEJpb2xhYgpUYXJnZXQ6IERlZmVhdCAzMCBMYXVyZWxsIFdlaW5kZXIKUmV3YXJkOiBFeHAgODUwMDAwLCBKZXhwIDg1MDAwMCwgMSBFZGVuIEdyb3VwIENvaW4=,,,,,W0NvYmFpYSBNYWdvXQpTb2xpY2l0YcOnw6NvIGRlIHVtIEFuw7RuaW1vCkxvY2FsOiBCaW9sYWJvcmF0w7NyaW8KT2JqZXRpdm86IENhw6dhciAzMCBMYXVyZWxsIFdlaW5kZXIKUmVjb21wZW5zYTogRVhQIGJhc2UgODUwMDAwLCBFWFAgY2xhc3NlIDg1MDAwMCwgMSBNb2VkYSBkbyDDiWRlbg==,,W0xhdXJlbGwgV2VpbmRlcl0KU29saWNpdHVkIGRlIHRyb3RhbXVuZG9zIHNpbiBub21icmUgZGUgbG9zIGJhcnJpb3MgYmFqb3MgZGUgTGlnaHRoYWx6ZW4KVWJpY2FjacOzbjogQmlvbGFib3JhdG9yaW8KT2JqZXRpdm86IERlcnJvdGEgYSAzMCBMYXVyZWxsIFdlaW5kZXIKUHJlbWlvOiA4NTAwMDAgZGUgRVhQLCA4NTAwMDAgZGUgRVhQIGRlIGNsYXNlLCAxIG1vbmVkYSBkZWwgR3J1cG8gZGVsIEVkw6lu
rKxJCg,,TGlnaHRoYWx6ZW4gU2x1bSBBbm9ueW1vdXMgQWR2ZW50dXJlcidzIFJlcXVlc3QKXjRENERGRltMYXVyZWxsIFdlaW5kZXJdXjAwMDAwMCBRdWVzdCBhY2NlcHRlZC4=,,,,,QSBzb2xpY2l0YcOnw6NvIGRlIHVtIEFuw7RuaW1vCl40RDRERkZbQ29iYWlhIE1hZ29dXjAwMDAwMCBmb2kgYWNlaXRhLg==,,U29saWNpdHVkIGRlIHRyb3RhbXVuZG9zIHNpbiBub21icmUgZGUgbG9zIGJhcnJpb3MgYmFqb3MgZGUgTGlnaHRoYWx6ZW4KXjRENERGRltMYXVyZWxsIFdlaW5kZXJdXjAwMDAwMCBNaXNpw7NuIGFjZXB0YWRhLg==
raxJCg,,W1JlcXVlc3QgQ29tcGxldGVkXQpMb2NhdGlvbjogQmlvbGFiClRhcmdldDogRGVmZWF0IDIgQ2VjaWwgRGFtb24KUmV3YXJkOiBFeHAgMTAwMDAwMCwgSmV4cCAxMDAwMDAwLCAxIEVkZW4gR3JvdXAgQ29pbg==,,,,,W01pc3PDo28gY29tcGxldGFdCkxvY2FsOiBCaW9sYWJvcmF0w7NyaW8KT2JqZXRpdm86IENhw6dhciAyIENlY2lsIERhbW9uClJlY29tcGVuc2E6IEVYUCBiYXNlIDEwMDAwMDAsIEVYUCBjbGFzc2UgMTAwMDAwMCwgMSBNb2VkYSBkbyDDiWRlbg==,,W1NvbGljaXR1ZCBjb21wbGV0YWRhXQpVYmljYWNpw7NuOiBCaW9sYWJvcmF0b3JpbwpPYmpldGl2bzogRGVycm90YSBhIDIgQ2VjaWwgRGFtb24KUHJlbWlvOiAxMDAwMDAwIGRlIEVYUCwgMTAwMDAwMCBkZSBFWFAgZGUgY2xhc2UsIDEgbW9uZWRhIGRlbCBHcnVwbyBkZWwgRWTDqW4=
rqxJCg,,W0NlY2lsIERhbW9uXQpMaWdodGhhbHplbiBTbHVtIEFub255bW91cyBBZHZlbnR1cmVyJ3MgUmVxdWVzdApMb2NhdGlvbjogQmlvbGFiClRhcmdldDogRGVmZWF0IDIgQ2VjaWwgRGFtb24KUmV3YXJkOiBFeHAgMTAwMDAwMCwgSmV4cCAxMDAwMDAwLCAxIEVkZW4gR3JvdXAgQ29pbg==,,,,,W0NvYmFpYSBBdGlyYWRvcmFdClNvbGljaXRhw6fDo28gZGUgdW0gQW7DtG5pbW8KTG9jYWw6IEJpb2xhYm9yYXTDs3JpbwpPYmpldGl2bzogQ2HDp2FyIDIgQ2VjaWwgRGFtb24KUmVjb21wZW5zYTogRVhQIGJhc2UgMTAwMDAwMCwgRVhQIGNsYXNzZSAxMDAwMDAwLCAxIE1vZWRhIGRvIMOJZGVu,,W0NlY2lsIERhbW9uXQpTb2xpY2l0dWQgZGUgdHJvdGFtdW5kb3Mgc2luIG5vbWJyZSBkZSBsb3MgYmFycmlvcyBiYWpvcyBkZSBMaWdodGhhbHplbgpVYmljYWNpw7NuOiBCaW9sYWJvcmF0b3JpbwpPYmpldGl2bzogRGVycm90YSBhIDIgQ2VjaWwgRGFtb24KUHJlbWlvOiAxMDAwMDAwIGRlIEVYUCwgMTAwMDAwMCBkZSBFWFAgZGUgY2xhc2UsIDEgbW9uZWRhIGRlbCBHcnVwbyBkZWwgRWTDqW4=
r6xJCg,,TGlnaHRoYWx6ZW4gU2x1bSBBbm9ueW1vdXMgQWR2ZW50dXJlcidzIFJlcXVlc3QKXjRENERGRltDZWNpbCBEYW1vbl1eMDAwMDAwIFF1ZXN0IGFjY2VwdGVkLg==,,,,,QSBzb2xpY2l0YcOnw6NvIGRlIHVtIEFuw7RuaW1vCl40RDRERkZbQ29iYWlhIEF0aXJhZG9yYV1eMDAwMDAwIGZvaSBhY2VpdGEu,,U29saWNpdHVkIGRlIHRyb3RhbXVuZG9zIHNpbiBub21icmUgZGUgbG9zIGJhcnJpb3MgYmFqb3MgZGUgTGlnaHRoYWx6ZW4KXjRENERGRltDZWNpbCBEYW1vbl1eMDAwMDAwIE1pc2nDs24gYWNlcHRhZGEu
sKxJCg,,W1JlcXVlc3QgQ29tcGxldGVkXQpMb2NhdGlvbjogQmlvbGFiClRhcmdldDogRGVmZWF0IDIgS2F0aHJ5bmUgS2V5cm9uClJld2FyZDogRXhwIDEwMDAwMDAsIEpleHAgMTAwMDAwMCwgMSBFZGVuIEdyb3VwIENvaW4=,,,,,W01pc3PDo28gY29tcGxldGFdCkxvY2FsOiBCaW9sYWJvcmF0w7NyaW8KT2JqZXRpdm86IENhw6dhciAyIEthdGhyeW5lIEtleXJvbgpSZWNvbXBlbnNhOiBFWFAgYmFzZSAxMDAwMDAwLCBFWFAgY2xhc3NlIDEwMDAwMDAsIDEgTW9lZGEgZG8gw4lkZW4=,,W1NvbGljaXR1ZCBjb21wbGV0YWRhXQpVYmljYWNpw7NuOiBCaW9sYWJvcmF0b3JpbwpPYmpldGl2bzogRGVycm90YSBhIDIgS2F0aHJ5bmUgS2V5cm9uClByZW1pbzogMTAwMDAwMCBkZSBFWFAsIDEwMDAwMDAgZGUgRVhQIGRlIGNsYXNlLCAxIG1vbmVkYSBkZWwgR3J1cG8gZGVsIEVkw6lu
saxJCg,,W0thdGhyeW5lIEtleXJvbl0KTGlnaHRoYWx6ZW4gU2x1bSBBbm9ueW1vdXMgQWR2ZW50dXJlcidzIFJlcXVlc3QKTG9jYXRpb246IEJpb2xhYgpUYXJnZXQ6IERlZmVhdCAyIEthdGhyeW5lIEtleXJvbgpSZXdhcmQ6IEV4cCAxMDAwMDAwLCBKZXhwIDEwMDAwMDAsIDEgRWRlbiBHcm91cCBDb2lu,,,,,W0NvYmFpYSBBcnF1aW1hZ2FdClNvbGljaXRhw6fDo28gZGUgdW0gQW7DtG5pbW8KTG9jYWw6IEJpb2xhYm9yYXTDs3JpbwpPYmpldGl2bzogQ2HDp2FyIDIgS2F0aHJ5bmUgS2V5cm9uClJlY29tcGVuc2E6IEVYUCBiYXNlIDEwMDAwMDAsIEVYUCBjbGFzc2UgMTAwMDAwMCwgMSBNb2VkYSBkbyDDiWRlbg==,,W0thdGhyeW5lIEtleXJvbl0KU29saWNpdHVkIGRlIHRyb3RhbXVuZG9zIHNpbiBub21icmUgZGUgbG9zIGJhcnJpb3MgYmFqb3MgZGUgTGlnaHRoYWx6ZW4KVWJpY2FjacOzbjogQmlvbGFib3JhdG9yaW8KT2JqZXRpdm86IERlcnJvdGEgYSAyIEthdGhyeW5lIEtleXJvbgpQcmVtaW86IDEwMDAwMDAgZGUgRVhQLCAxMDAwMDAwIGRlIEVYUCBkZSBjbGFzZSwgMSBtb25lZGEgZGVsIEdydXBvIGRlbCBFZMOpbg==
sqxJCg,,TGlnaHRoYWx6ZW4gU2x1bSBBbm9ueW1vdXMgQWR2ZW50dXJlcidzIFJlcXVlc3QKXjRENERGRltLYXRocnluZSBLZXlyb25dXjAwMDAwMCBRdWVzdCBhY2NlcHRlZC4=,,,,,QSBzb2xpY2l0YcOnw6NvIGRlIHVtIEFuw7RuaW1vCl40RDRERkZbQ29iYWlhIEFycXVpbWFnYV1eMDAwMDAwIGZvaSBhY2VpdGEu,,U29saWNpdHVkIGRlIHRyb3RhbXVuZG9zIHNpbiBub21icmUgZGUgbG9zIGJhcnJpb3MgYmFqb3MgZGUgTGlnaHRoYWx6ZW4KXjRENERGRltLYXRocnluZSBLZXlyb25dXjAwMDAwMCBNaXNpw7NuIGFjZXB0YWRhLg==
s6xJCg,,W1JlcXVlc3QgQ29tcGxldGVkXQpMb2NhdGlvbjogQmlvbGFiClRhcmdldDogRGVmZWF0IDIgTWFyZ2FyZXRoYSBTb3JpbgpSZXdhcmQ6IEV4cCAxMDAwMDAwLCBKZXhwIDEwMDAwMDAsIDEgRWRlbiBHcm91cCBDb2lu,,,,,W01pc3PDo28gY29tcGxldGFdCkxvY2FsOiBCaW9sYWJvcmF0w7NyaW8KT2JqZXRpdm86IENhw6dhciAyIE1hcmdhcmV0aGEgU29yaW4KUmVjb21wZW5zYTogRVhQIGJhc2UgMTAwMDAwMCwgRVhQIGNsYXNzZSAxMDAwMDAwLCAxIE1vZWRhIGRvIMOJZGVu,,W1NvbGljaXR1ZCBjb21wbGV0YWRhXQpVYmljYWNpw7NuOiBCaW9sYWJvcmF0b3JpbwpPYmpldGl2bzogRGVycm90YSBhIDIgTWFyZ2FyaXRhIFNvcmluClByZW1pbzogMTAwMDAwMCBkZSBFWFAsIDEwMDAwMDAgZGUgRVhQIGRlIGNsYXNlLCAxIG1vbmVkYSBkZWwgR3J1cG8gZGVsIEVkw6lu
tKxJCg,,W01hcmdhcmV0aGEgU29yaW5dCkxpZ2h0aGFsemVuIFNsdW0gQW5vbnltb3VzIEFkdmVudHVyZXIncyBSZXF1ZXN0CkxvY2F0aW9uOiBCaW9sYWIKVGFyZ2V0OiBEZWZlYXQgMiBNYXJnYXJldGhhIFNvcmluClJld2FyZDogRXhwIDEwMDAwMDAsIEpleHAgMTAwMDAwMCwgMSBFZGVuIEdyb3VwIENvaW4=,,,,,W0NvYmFpYSBTYWNlcmRvdGlzYV0KU29saWNpdGHDp8OjbyBkZSB1bSBBbsO0bmltbwpMb2NhbDogQmlvbGFib3JhdMOzcmlvCk9iamV0aXZvOiBDYcOnYXIgMiBNYXJnYXJldGhhIFNvcmluClJlY29tcGVuc2E6IEVYUCBiYXNlIDEwMDAwMDAsIEVYUCBjbGFzc2UgMTAwMDAwMCwgMSBNb2VkYSBkbyDDiWRlbg==,,W01hcmdhcml0YSBTb3Jpbl0KU29saWNpdHVkIGRlIHRyb3RhbXVuZG9zIHNpbiBub21icmUgZGUgbG9zIGJhcnJpb3MgYmFqb3MgZGUgTGlnaHRoYWx6ZW4KVWJpY2FjacOzbjogQmlvbGFib3JhdG9yaW8KT2JqZXRpdm86IERlcnJvdGEgYSAyIE1hcmdhcml0YSBTb3JpbgpQcmVtaW86IDEwMDAwMDAgZGUgRVhQLCAxMDAwMDAwIGRlIEVYUCBkZSBjbGFzZSwgMSBtb25lZGEgZGVsIEdydXBvIGRlbCBFZMOpbg==
taxJCg,,TGlnaHRoYWx6ZW4gU2x1bSBBbm9ueW1vdXMgQWR2ZW50dXJlcidzIFJlcXVlc3QKXjRENERGRltNYXJnYXJldGhhIFNvcmluXV4wMDAwMDAgUXVlc3QgYWNjZXB0ZWQu,,,,,QSBzb2xpY2l0YcOnw6NvIGRlIHVtIEFuw7RuaW1vCl40RDRERkZbQ29iYWlhIFNhY2VyZG90aXNhXV4wMDAwMDAgZm9pIGFjZWl0YS4=,,U29saWNpdHVkIGRlIHRyb3RhbXVuZG9zIHNpbiBub21icmUgZGUgbG9zIGJhcnJpb3MgYmFqb3MgZGUgTGlnaHRoYWx6ZW4KXjRENERGRltNYXJnYXJpdGEgU29yaW5dXjAwMDAwMCBNaXNpw7NuIGFjZXB0YWRhLg==
tqxJCg,,W1JlcXVlc3QgQ29tcGxldGVkXQpMb2NhdGlvbjogQmlvbGFiClRhcmdldDogRGVmZWF0IDIgU2V5cmVuIFdpbmRzb3IKUmV3YXJkOiBFeHAgMTAwMDAwMCwgSmV4cCAxMDAwMDAwLCAxIEVkZW4gR3JvdXAgQ29pbg==,,,,,W01pc3PDo28gY29tcGxldGFdCkxvY2FsOiBCaW9sYWJvcmF0w7NyaW8KT2JqZXRpdm86IENhw6dhciAyIFNleXJlbiBXaW5kc29yClJlY29tcGVuc2E6IEVYUCBiYXNlIDEwMDAwMDAsIEVYUCBjbGFzc2UgMTAwMDAwMCwgMSBNb2VkYSBkbyDDiWRlbg==,,W1NvbGljaXR1ZCBjb21wbGV0YWRhXQpVYmljYWNpw7NuOiBCaW9sYWJvcmF0b3JpbwpPYmpldGl2bzogRGVycm90YSBhIDIgU2V5cmVuIFdpbmRzb3IKUHJlbWlvOiAxMDAwMDAwIGRlIEVYUCwgMTAwMDAwMCBkZSBFWFAgZGUgY2xhc2UsIDEgbW9uZWRhIGRlbCBHcnVwbyBkZWwgRWTDqW4=
t6xJCg,,W1NleXJlbiBXaW5kc29yXQpMaWdodGhhbHplbiBTbHVtIEFub255bW91cyBBZHZlbnR1cmVyJ3MgUmVxdWVzdApMb2NhdGlvbjogQmlvbGFiClRhcmdldDogRGVmZWF0IDIgU2V5cmVuIFdpbmRzb3IKUmV3YXJkOiBFeHAgMTAwMDAwMCwgSmV4cCAxMDAwMDAwLCAxIEVkZW4gR3JvdXAgQ29pbg==,,,,,W0NvYmFpYSBMb3JkZV0KU29saWNpdGHDp8OjbyBkZSB1bSBBbsO0bmltbwpMb2NhbDogQmlvbGFib3JhdMOzcmlvCk9iamV0aXZvOiBDYcOnYXIgMiBTZXlyZW4gV2luZHNvcgpSZWNvbXBlbnNhOiBFWFAgYmFzZSAxMDAwMDAwLCBFWFAgY2xhc3NlIDEwMDAwMDAsIDEgTW9lZGEgZG8gw4lkZW4=,,W1NleXJlbiBXaW5kc29yXQpTb2xpY2l0dWQgZGUgdHJvdGFtdW5kb3Mgc2luIG5vbWJyZSBkZSBsb3MgYmFycmlvcyBiYWpvcyBkZSBMaWdodGhhbHplbgpVYmljYWNpw7NuOiBCaW9sYWJvcmF0b3JpbwpPYmpldGl2bzogRGVycm90YSBhIDIgU2V5cmVuIFdpbmRzb3IKUHJlbWlvOiAxMDAwMDAwIGRlIEVYUCwgMTAwMDAwMCBkZSBFWFAgZGUgY2xhc2UsIDEgbW9uZWRhIGRlbCBHcnVwbyBkZWwgRWTDqW4=
uKxJCg,,TGlnaHRoYWx6ZW4gU2x1bSBBbm9ueW1vdXMgQWR2ZW50dXJlcidzIFJlcXVlc3QKXjRENERGRltTZXlyZW4gV2luZHNvcl1eMDAwMDAwIFF1ZXN0IGFjY2VwdGVkLg==,,,,,QSBzb2xpY2l0YcOnw6NvIGRlIHVtIEFuw7RuaW1vCl40RDRERkZbQ29iYWlhIExvcmRlXV4wMDAwMDAgZm9pIGFjZWl0YS4=,,U29saWNpdHVkIGRlIHRyb3RhbXVuZG9zIHNpbiBub21icmUgZGUgbG9zIGJhcnJpb3MgYmFqb3MgZGUgTGlnaHRoYWx6ZW4KXjRENERGRltTZXlyZW4gV2luZHNvcl1eMDAwMDAwIE1pc2nDs24gYWNlcHRhZGEu
uaxJCg,,W1JlcXVlc3QgQ29tcGxldGVkXQpMb2NhdGlvbjogQmlvbGFiClRhcmdldDogRGVmZWF0IDIgRXJlbWVzIEd1aWxlClJld2FyZDogRXhwIDEwMDAwMDAsIEpleHAgMTAwMDAwMCwgMSBFZGVuIEdyb3VwIENvaW4=,,,,,W01pc3PDo28gY29tcGxldGFdCkxvY2FsOiBCaW9sYWJvcmF0w7NyaW8KT2JqZXRpdm86IENhw6dhciAyIEVyZW1lcyBHdWlsZQpSZWNvbXBlbnNhOiBFWFAgYmFzZSAxMDAwMDAwLCBFWFAgY2xhc3NlIDEwMDAwMDAsIDEgTW9lZGEgZG8gw4lkZW4=,,W1NvbGljaXR1ZCBjb21wbGV0YWRhXQpVYmljYWNpw7NuOiBCaW9sYWJvcmF0b3JpbwpPYmpldGl2bzogRGVycm90YSBhIDIgRXJlbWVzIEd1aWxlClByZW1pbzogMTAwMDAwMCBkZSBFWFAsIDEwMDAwMDAgZGUgRVhQIGRlIGNsYXNlLCAxIG1vbmVkYSBkZWwgR3J1cG8gZGVsIEVkw6lu
uqxJCg,,W0VyZW1lcyBHdWlsZV0KTGlnaHRoYWx6ZW4gU2x1bSBBbm9ueW1vdXMgQWR2ZW50dXJlcidzIFJlcXVlc3QKTG9jYXRpb246IEJpb2xhYgpUYXJnZXQ6IERlZmVhdCAyIEVyZW1lcyBHdWlsZQpSZXdhcmQ6IEV4cCAxMDAwMDAwLCBKZXhwIDEwMDAwMDAsIDEgRWRlbiBHcm91cCBDb2lu,,,,,W0NvYmFpYSBBbGdvel0KU29saWNpdGHDp8OjbyBkZSB1bSBBbsO0bmltbwpMb2NhbDogQmlvbGFib3JhdMOzcmlvCk9iamV0aXZvOiBDYcOnYXIgMiBFcmVtZXMgR3VpbGUKUmVjb21wZW5zYTogRVhQIGJhc2UgMTAwMDAwMCwgRVhQIGNsYXNzZSAxMDAwMDAwLCAxIE1vZWRhIGRvIMOJZGVu,,W0VyZW1lcyBHdWlsZV0KU29saWNpdHVkIGRlIHRyb3RhbXVuZG9zIHNpbiBub21icmUgZGUgbG9zIGJhcnJpb3MgYmFqb3MgZGUgTGlnaHRoYWx6ZW4KVWJpY2FjacOzbjogQmlvbGFib3JhdG9yaW8KT2JqZXRpdm86IERlcnJvdGEgYSAyIEVyZW1lcyBHdWlsZQpQcmVtaW86IDEwMDAwMDAgZGUgRVhQLCAxMDAwMDAwIGRlIEVYUCBkZSBjbGFzZSwgMSBtb25lZGEgZGVsIEdydXBvIGRlbCBFZMOpbg==
u6xJCg,,TGlnaHRoYWx6ZW4gU2x1bSBBbm9ueW1vdXMgQWR2ZW50dXJlcidzIFJlcXVlc3QKXjRENERGRltFcmVtZXMgR3VpbGVdXjAwMDAwMCBRdWVzdCBhY2NlcHRlZC4=,,,,,QSBzb2xpY2l0YcOnw6NvIGRlIHVtIEFuw7RuaW1vCl40RDRERkZbQ29iYWlhIEFsZ296XV4wMDAwMDAgZm9pIGFjZWl0YS4=,,U29saWNpdHVkIGRlIHRyb3RhbXVuZG9zIHNpbiBub21icmUgZGUgbG9zIGJhcnJpb3MgYmFqb3MgZGUgTGlnaHRoYWx6ZW4KXjRENERGRltFcmVtZXMgR3VpbGVdXjAwMDAwMCBNaXNpw7NuIGFjZXB0YWRhLg==
vKxJCg,,W1JlcXVlc3QgQ29tcGxldGVkXQpMb2NhdGlvbjogQmlvbGFiClRhcmdldDogRGVmZWF0IDIgSG93YXJkIEFsdGVpc2VuClJld2FyZDogRXhwIDEwMDAwMDAsIEpleHAgMTAwMDAwMCwgMSBFZGVuIEdyb3VwIENvaW4=,,,,,W01pc3PDo28gY29tcGxldGFdCkxvY2FsOiBCaW9sYWJvcmF0w7NyaW8KT2JqZXRpdm86IENhw6dhciAyIEhvd2FyZCBBbHQtRWlzZW4KUmVjb21wZW5zYTogRVhQIGJhc2UgMTAwMDAwMCwgRVhQIGNsYXNzZSAxMDAwMDAwLCAxIE1vZWRhIGRvIMOJZGVu,,W1NvbGljaXR1ZCBjb21wbGV0YWRhXQpVYmljYWNpw7NuOiBCaW9sYWJvcmF0b3JpbwpPYmpldGl2bzogRGVycm90YSBhIDIgSG93YXJkIEFsdGVpc2VuClByZW1pbzogMTAwMDAwMCBkZSBFWFAsIDEwMDAwMDAgZGUgRVhQIGRlIGNsYXNlLCAxIG1vbmVkYSBkZWwgR3J1cG8gZGVsIEVkw6lu
vaxJCg,,W0hvd2FyZCBBbHRlaXNlbl0KTGlnaHRoYWx6ZW4gU2x1bSBBbm9ueW1vdXMgQWR2ZW50dXJlcidzIFJlcXVlc3QKTG9jYXRpb246IEJpb2xhYgpUYXJnZXQ6IERlZmVhdCAyIEhvd2FyZCBBbHRlaXNlbgpSZXdhcmQ6IEV4cCAxMDAwMDAwLCBKZXhwIDEwMDAwMDAsIDEgRWRlbiBHcm91cCBDb2lu,,,,,W0NvYmFpYSBGZXJyZWlyb10KU29saWNpdGHDp8OjbyBkZSB1bSBBbsO0bmltbwpMb2NhbDogQmlvbGFib3JhdMOzcmlvCk9iamV0aXZvOiBDYcOnYXIgMiBIb3dhcmQgQWx0LUVpc2VuClJlY29tcGVuc2E6IEVYUCBiYXNlIDEwMDAwMDAsIEVYUCBjbGFzc2UgMTAwMDAwMCwgMSBNb2VkYSBkbyDDiWRlbg==,,W0hvd2FyZCBBbHRlaXNlbl0KU29saWNpdHVkIGRlIHRyb3RhbXVuZG9zIHNpbiBub21icmUgZGUgbG9zIGJhcnJpb3MgYmFqb3MgZGUgTGlnaHRoYWx6ZW4KVWJpY2FjacOzbjogQmlvbGFib3JhdG9yaW8KT2JqZXRpdm86IERlcnJvdGEgYSAyIEhvd2FyZCBBbHRlaXNlbgpQcmVtaW86IDEwMDAwMDAgZGUgRVhQLCAxMDAwMDAwIGRlIEVYUCBkZSBjbGFzZSwgMSBtb25lZGEgZGVsIEdydXBvIGRlbCBFZMOpbg==
vqxJCg,,TGlnaHRoYWx6ZW4gU2x1bSBBbm9ueW1vdXMgQWR2ZW50dXJlcidzIFJlcXVlc3QKXjRENERGRltIb3dhcmQgQWx0ZWlzZW5dXjAwMDAwMCBRdWVzdCBhY2NlcHRlZC4=,,,,,QSBzb2xpY2l0YcOnw6NvIGRlIHVtIEFuw7RuaW1vCl40RDRERkZbQ29iYWlhIEZlcnJlaXJvXV4wMDAwMDAgZm9pIGFjZWl0YS4=,,U29saWNpdHVkIGRlIHRyb3RhbXVuZG9zIHNpbiBub21icmUgZGUgbG9zIGJhcnJpb3MgYmFqb3MgZGUgTGlnaHRoYWx6ZW4KXjRENERGRltIb3dhcmQgQWx0ZWlzZW5dXjAwMDAwMCBNaXNpw7NuIGFjZXB0YWRhLg==
v6xJCg,,W1JlcXVlc3QgQ29tcGxldGVkXQpMb2NhdGlvbjogRGltZW5zaW9uYWwgUmlmdApUYXJnZXQ6IERlZmVhdCAzMCBJbmNhcm5hdGlvbiBvZiBNb3Jyb2MgKFZhbGt5cmllKQpSZXdhcmQ6IEV4cCA4MDAwMDAsIEpleHAgODAwMDAwLCAxIEVkZW4gR3JvdXAgQ29pbg==,,,,,W01pc3PDo28gY29tcGxldGFdCkxvY2FsOiBGZW5kYSBEaW1lbnNpb25hbApPYmpldGl2bzogQ2HDp2FyIDMwIFNvbWJyYXMgZGEgSW52ZWphClJlY29tcGVuc2E6IEVYUCBiYXNlIDgwMDAwMCwgRVhQIGNsYXNzZSA4MDAwMDAsIDEgTW9lZGEgZG8gw4lkZW4=,,W1NvbGljaXR1ZCBjb21wbGV0YWRhXQpVYmljYWNpw7NuOiBHcmlldGEgZGltZW5zaW9uYWwKT2JqZXRpdm86IERlcnJvdGEgYSAzMCBFbmNhcm5hY2lvbmVzIGRlIE1vcnJvYyAodmFsa2lyaWEpClByZW1pbzogODAwMDAwIGRlIEVYUCwgODAwMDAwIGRlIEVYUCBkZSBjbGFzZSwgMSBtb25lZGEgZGVsIEdydXBvIGRlbCBFZMOpbg==
wKxJCg,,W0FuZ2VsIFNoYXBlXQpSZXF1ZXN0IGZyb20gTW9yb2sgTGFydGFsCkxvY2F0aW9uOiBEaW1lbnNpb25hbCBSaWZ0ClRhcmdldDogRGVmZWF0IDMwIEluY2FybmF0aW9uIG9mIE1vcnJvYyAoVmFsa3lyaWUpClJld2FyZDogRXhwIDgwMDAwMCwgSmV4cCA4MDAwMDAsIDEgRWRlbiBHcm91cCBDb2lu,,,,,W0Zvcm1hIGRlIEFuam9dClNvbGljaXRhw6fDo28gZGUgdW1hIENyaWFuw6dhIGVtIE1vcnJvYwpMb2NhbDogRmVuZGEgRGltZW5zaW9uYWwKT2JqZXRpdm86IENhw6dhciAzMCBTb21icmFzIGRhIEludmVqYQpSZWNvbXBlbnNhOiBFWFAgYmFzZSA4MDAwMDAsIEVYUCBjbGFzc2UgODAwMDAwLCAxIE1vZWRhIGRvIMOJZGVu,,W0Zvcm1hIGRlIMOhbmdlbF0KU29saWNpdHVkIGRlIE1vcm9rIExhcnRhbApVYmljYWNpw7NuOiBHcmlldGEgZGltZW5zaW9uYWwKT2JqZXRpdm86IERlcnJvdGEgYSAzMCBFbmNhcm5hY2lvbmVzIGRlIE1vcnJvYyAodmFsa2lyaWEpClByZW1pbzogODAwMDAwIGRlIEVYUCwgODAwMDAwIGRlIEVYUCBkZSBjbGFzZSwgMSBtb25lZGEgZGVsIEdydXBvIGRlbCBFZMOpbg==
waxJCg,,UmVxdWVzdCBmcm9tIE1vcm9rIExhcnRhbApeNEQ0REZGW0FuZ2VsIFNoYXBlXV4wMDAwMDAgUXVlc3QgYWNjZXB0ZWQu,,,,,QSBzb2xpY2l0YcOnw6NvIGRlIHVtYSBDcmlhbsOnYSBlbSBNb3Jyb2MKXjRENERGRltGb3JtYSBkZSBBbmpvXV4wMDAwMDAgZm9pIGFjZWl0YS4=,,U29saWNpdHVkIGRlIE1vcm9rIExhcnRhbApeNEQ0REZGW0Zvcm1hIGRlIMOhbmdlbF1eMDAwMDAwIE1pc2nDs24gYWNlcHRhZGEu
wqxJCg,,W1JlcXVlc3QgQ29tcGxldGVkXQpMb2NhdGlvbjogRGltZW5zaW9uYWwgUmlmdApUYXJnZXQ6IERlZmVhdCAzMCBJbmNhcm5hdGlvbiBvZiBNb3Jyb2MgKE11ZCkKUmV3YXJkOiBFeHAgODAwMDAwLCBKZXhwIDgwMDAwMCwgMSBFZGVuIEdyb3VwIENvaW4=,,,,,W01pc3PDo28gY29tcGxldGFdCkxvY2FsOiBGZW5kYSBEaW1lbnNpb25hbApPYmpldGl2bzogQ2HDp2FyIDMwIFNvbWJyYXMgZGEgR3VsYQpSZWNvbXBlbnNhOiBFWFAgYmFzZSA4MDAwMDAsIEVYUCBjbGFzc2UgODAwMDAwLCAxIE1vZWRhIGRvIMOJZGVu,,W1NvbGljaXR1ZCBjb21wbGV0YWRhXQpVYmljYWNpw7NuOiBHcmlldGEgZGltZW5zaW9uYWwKT2JqZXRpdm86IERlcnJvdGEgYSAzMCBFbmNhcm5hY2lvbmVzIGRlIE1vcnJvYyAoYmFycm8pClByZW1pbzogODAwMDAwIGRlIEVYUCwgODAwMDAwIGRlIEVYUCBkZSBjbGFzZSwgMSBtb25lZGEgZGVsIEdydXBvIGRlbCBFZMOpbg==
w6xJCg,,W0JsZXNzaW5nIG9mIFJlc3RdClJlcXVlc3QgZnJvbSBNb3JvayBMYXJ0YWwKTG9jYXRpb246IERpbWVuc2lvbmFsIFJpZnQKVGFyZ2V0OiBEZWZlYXQgMzAgSW5jYXJuYXRpb24gb2YgTW9ycm9jIChNdWQpClJld2FyZDogRXhwIDgwMDAwMCwgSmV4cCA4MDAwMDAsIDEgRWRlbiBHcm91cCBDb2lu,,,,,W0Zvcm1hIGRlIExhbWFdClNvbGljaXRhw6fDo28gZGUgdW1hIENyaWFuw6dhIGVtIE1vcnJvYwpMb2NhbDogRmVuZGEgRGltZW5zaW9uYWwKT2JqZXRpdm86IENhw6dhciAzMCBTb21icmFzIGRhIEd1bGEKUmVjb21wZW5zYTogRVhQIGJhc2UgODAwMDAwLCBFWFAgY2xhc3NlIDgwMDAwMCwgMSBNb2VkYSBkbyDDiWRlbg==,,W0JlbmRpY2nDs24gZGVsIGRlc2NhbnNvXQpTb2xpY2l0dWQgZGUgTW9yb2sgTGFydGFsClViaWNhY2nDs246IEdyaWV0YSBkaW1lbnNpb25hbApPYmpldGl2bzogRGVycm90YSBhIDMwIEVuY2FybmFjaW9uZXMgZGUgTW9ycm9jIChiYXJybykKUHJlbWlvOiA4MDAwMDAgZGUgRVhQLCA4MDAwMDAgZGUgRVhQIGRlIGNsYXNlLCAxIG1vbmVkYSBkZWwgR3J1cG8gZGVsIEVkw6lu
xKxJCg,,UmVxdWVzdCBmcm9tIE1vcm9rIExhcnRhbApeNEQ0REZGW0JsZXNzaW5nIG9mIFJlc3RdXjAwMDAwMCBRdWVzdCBhY2NlcHRlZC4=,,,,,QSBzb2xpY2l0YcOnw6NvIGRlIHVtYSBDcmlhbsOnYSBlbSBNb3Jyb2MKXjRENERGRltGb3JtYSBkZSBMYW1hXV4wMDAwMDAgZm9pIGFjZWl0YS4=,,U29saWNpdHVkIGRlIE1vcm9rIExhcnRhbApeNEQ0REZGW0JlbmRpY2nDs24gZGVsIGRlc2NhbnNvXV4wMDAwMDAgTWlzacOzbiBhY2VwdGFkYS4=
xaxJCg,,W1JlcXVlc3QgQ29tcGxldGVkXQpMb2NhdGlvbjogRGltZW5zaW9uYWwgUmlmdApUYXJnZXQ6IERlZmVhdCAzMCBJbmNhcm5hdGlvbiBvZiBNb3Jyb2MgKEV4b3JjaXNlZCBMYWR5KQpSZXdhcmQ6IEV4cCA4MDAwMDAsIEpleHAgODAwMDAwLCAxIEVkZW4gR3JvdXAgQ29pbg==,,,,,W01pc3PDo28gY29tcGxldGFdCkxvY2FsOiBGZW5kYSBEaW1lbnNpb25hbApPYmpldGl2bzogQ2HDp2FyIDMwIFNvbWJyYXMgZGEgVmFpZGFkZQpSZWNvbXBlbnNhOiBFWFAgYmFzZSA4MDAwMDAsIEVYUCBjbGFzc2UgODAwMDAwLCAxIE1vZWRhIGRvIMOJZGVu,,W1NvbGljaXR1ZCBjb21wbGV0YWRhXQpVYmljYWNpw7NuOiBHcmlldGEgZGltZW5zaW9uYWwKT2JqZXRpdm86IERlcnJvdGEgYSAzMCBFbmNhcm5hY2lvbmVzIGRlIE1vcnJvYyAoZGFtYSBleG9yY2l6YWRhKQpQcmVtaW86IDgwMDAwMCBkZSBFWFAsIDgwMDAwMCBkZSBFWFAgZGUgY2xhc2UsIDEgbW9uZWRhIGRlbCBHcnVwbyBkZWwgRWTDqW4=
xqxJCg,,W1RoZSBKb3kgb2YgU2Vydml0dWRlXQpSZXF1ZXN0IGZyb20gTW9yb2sgTGFydGFsCkxvY2F0aW9uOiBEaW1lbnNpb25hbCBSaWZ0ClRhcmdldDogRGVmZWF0IDMwIEluY2FybmF0aW9uIG9mIE1vcnJvYyAoRXhvcmNpc2VkIExhZHkpClJld2FyZDogRXhwIDgwMDAwMCwgSmV4cCA4MDAwMDAsIDEgRWRlbiBHcm91cCBDb2lu,,,,,W0Zvcm1hIEh1bWFuYV0KU29saWNpdGHDp8OjbyBkZSB1bWEgQ3JpYW7Dp2EgZW0gTW9ycm9jCkxvY2FsOiBGZW5kYSBEaW1lbnNpb25hbApPYmpldGl2bzogQ2HDp2FyIDMwIFNvbWJyYXMgZGEgVmFpZGFkZQpSZWNvbXBlbnNhOiBFWFAgYmFzZSA4MDAwMDAsIEVYUCBjbGFzc2UgODAwMDAwLCAxIE1vZWRhIGRvIMOJZGVu,,W0xhIGFsZWdyw61hIGRlIGxhIHNlcnZpZHVtYnJlXQpTb2xpY2l0dWQgZGUgTW9yb2sgTGFydGFsClViaWNhY2nDs246IEdyaWV0YSBkaW1lbnNpb25hbApPYmpldGl2bzogRGVycm90YSBhIDMwIEVuY2FybmFjaW9uZXMgZGUgTW9ycm9jIChkYW1hIGV4b3JjaXphZGEpClByZW1pbzogODAwMDAwIGRlIEVYUCwgODAwMDAwIGRlIEVYUCBkZSBjbGFzZSwgMSBtb25lZGEgZGVsIEdydXBvIGRlbCBFZMOpbg==
x6xJCg,,UmVxdWVzdCBmcm9tIE1vcm9rIExhcnRhbApeNEQ0REZGW1RoZSBKb3kgb2YgU2Vydml0dWRlXV4wMDAwMDAgUXVlc3QgYWNjZXB0ZWQu,,,,,QSBzb2xpY2l0YcOnw6NvIGRlIHVtYSBDcmlhbsOnYSBlbSBNb3Jyb2MKXjRENERGRltGb3JtYSBIdW1hbmFdXjAwMDAwMCBmb2kgYWNlaXRhLg==,,U29saWNpdHVkIGRlIE1vcm9rIExhcnRhbApeNEQ0REZGW0xhIGFsZWdyw61hIGRlIGxhIHNlcnZpZHVtYnJlXV4wMDAwMDAgTWlzacOzbiBhY2VwdGFkYS4=
yKxJCg,,W1JlcXVlc3QgQ29tcGxldGVkXQpMb2NhdGlvbjogRGltZW5zaW9uYWwgUmlmdApUYXJnZXQ6IERlZmVhdCAzMCBJbmNhcm5hdGlvbiBvZiBNb3Jyb2MgKEdob3N0KQpSZXdhcmQ6IEV4cCA4MDAwMDAsIEpleHAgODAwMDAwLCAxIEVkZW4gR3JvdXAgQ29pbg==,,,,,W01pc3PDo28gY29tcGxldGFdCkxvY2FsOiBGZW5kYSBEaW1lbnNpb25hbApPYmpldGl2bzogQ2HDp2FyIDMwIFNvbWJyYXMgZGEgSXJhClJlY29tcGVuc2E6IEVYUCBiYXNlIDgwMDAwMCwgRVhQIGNsYXNzZSA4MDAwMDAsIDEgTW9lZGEgZG8gw4lkZW4=,,W1NvbGljaXR1ZCBjb21wbGV0YWRhXQpVYmljYWNpw7NuOiBHcmlldGEgZGltZW5zaW9uYWwKT2JqZXRpdm86IERlcnJvdGEgYSAzMCBFbmNhcm5hY2lvbmVzIGRlIE1vcnJvYyAoZmFudGFzbWEpClByZW1pbzogODAwMDAwIGRlIEVYUCwgODAwMDAwIGRlIEVYUCBkZSBjbGFzZSwgMSBtb25lZGEgZGVsIEdydXBvIGRlbCBFZMOpbg==
yaxJCg,,W0VtYm9kaW1lbnQgb2YgUHVyaXR5XQpSZXF1ZXN0IGZyb20gTW9yb2sgTGFydGFsCkxvY2F0aW9uOiBEaW1lbnNpb25hbCBSaWZ0ClRhcmdldDogRGVmZWF0IDMwIEluY2FybmF0aW9uIG9mIE1vcnJvYyAoR2hvc3QpClJld2FyZDogRXhwIDgwMDAwMCwgSmV4cCA4MDAwMDAsIDEgRWRlbiBHcm91cCBDb2lu,,,,,W0Zvcm1hIEZhbnRhc21hXQpTb2xpY2l0YcOnw6NvIGRlIHVtYSBDcmlhbsOnYSBlbSBNb3Jyb2MKTG9jYWw6IEZlbmRhIERpbWVuc2lvbmFsCk9iamV0aXZvOiBDYcOnYXIgMzAgU29tYnJhcyBkYSBJcmEKUmVjb21wZW5zYTogRVhQIGJhc2UgODAwMDAwLCBFWFAgY2xhc3NlIDgwMDAwMCwgMSBNb2VkYSBkbyDDiWRlbg==,,W0VuY2FybmFjacOzbiBkZSBsYSBwdXJlemFdClNvbGljaXR1ZCBkZSBNb3JvayBMYXJ0YWwKVWJpY2FjacOzbjogR3JpZXRhIGRpbWVuc2lvbmFsCk9iamV0aXZvOiBEZXJyb3RhIGEgMzAgRW5jYXJuYWNpb25lcyBkZSBNb3Jyb2MgKGZhbnRhc21hKQpQcmVtaW86IDgwMDAwMCBkZSBFWFAsIDgwMDAwMCBkZSBFWFAgZGUgY2xhc2UsIDEgbW9uZWRhIGRlbCBHcnVwbyBkZWwgRWTDqW4=
yqxJCg,,UmVxdWVzdCBmcm9tIE1vcm9rIExhcnRhbApeNEQ0REZGW0VtYm9kaW1lbnQgb2YgUHVyaXR5XV4wMDAwMDAgUXVlc3QgYWNjZXB0ZWQu,,,,,QSBzb2xpY2l0YcOnw6NvIGRlIHVtYSBDcmlhbsOnYSBlbSBNb3Jyb2MKXjRENERGRltGb3JtYSBGYW50YXNtYV1eMDAwMDAwIGZvaSBhY2VpdGEu,,U29saWNpdHVkIGRlIE1vcm9rIExhcnRhbApeNEQ0REZGW0VuY2FybmFjacOzbiBkZSBsYSBwdXJlemFdXjAwMDAwMCBNaXNpw7NuIGFjZXB0YWRhLg==
y6xJCg,,W1JlcXVlc3QgQ29tcGxldGVkXQpMb2NhdGlvbjogR2VmZmVuaWEKVGFyZ2V0OiBEZWZlYXQgNSBJbmN1YnVzIGFuZCA1IFN1Y2N1YnVzClJld2FyZDogRXhwIDQwMDAwMCwgSmV4cCA0MDAwMDAsIDEgRWRlbiBHcm91cCBDb2lu,,,,,W01pc3PDo28gY29tcGxldGFdCkxvY2FsOiBHZWZmZW5pYQpPYmpldGl2bzogQ2HDp2FyIDUgSW5jdWJ1cyBlIDUgU3VjY3VidXMKUmVjb21wZW5zYTogRVhQIGJhc2UgNDAwMDAwLCBFWFAgY2xhc3NlIDQwMDAwMCwgMSBNb2VkYSBkbyDDiWRlbg==,,W1NvbGljaXR1ZCBjb21wbGV0YWRhXQpVYmljYWNpw7NuOiBHZWZmZW5pYQpPYmpldGl2bzogRGVycm90YSBhIDUgw41uY3Vib3MgeSA1IFPDumN1Ym9zClByZW1pbzogNDAwMDAwIGRlIEVYUCwgNDAwMDAwIGRlIEVYUCBkZSBjbGFzZSwgMSBtb25lZGEgZGVsIEdydXBvIGRlbCBFZMOpbg==
zKxJCg,,W0RyZWFtIERlbW9uIFJlc2VhcmNoXQpSZXF1ZXN0IGZyb20gR2VmZmVuIEFsY2hlbWlzdCBNaW5nbWluCkxvY2F0aW9uOiBHZWZmZW5pYQpUYXJnZXQ6IERlZmVhdCA1IEluY3VidXMgYW5kIDUgU3VjY3VidXMKUmV3YXJkOiBFeHAgNDAwMDAwLCBKZXhwIDQwMDAwMCwgMSBFZGVuIEdyb3VwIENvaW4=,,,,,W0RlbcO0bmlvcyBkb3MgU29uaG9zXQpTb2xpY2l0YcOnw6NvIGRlIE1pbmdtaW4sIGVtIEdlZmZlbgpMb2NhbDogR2VmZmVuaWEKT2JqZXRpdm86IENhw6dhciA1IEluY3VidXMgZSA1IFN1Y2N1YnVzClJlY29tcGVuc2E6IEVYUCBiYXNlIDQwMDAwMCwgRVhQIGNsYXNzZSA0MDAwMDAsIDEgTW9lZGEgZG8gw4lkZW4=,,W0ludmVzdGlnYWNpw7NuIHNvYnJlIGVsIGRlbW9uaW8gZGVsIHN1ZcOxb10KU29saWNpdHVkIGRlIE1pbmdtaW4sIEFscXVpbWlzdGEgZGUgR2VmZmVuClViaWNhY2nDs246IEdlZmZlbmlhCk9iamV0aXZvOiBEZXJyb3RhIGEgNSDDjW5jdWJvcyB5IDUgU8O6Y3Vib3MKUHJlbWlvOiA0MDAwMDAgZGUgRVhQLCA0MDAwMDAgZGUgRVhQIGRlIGNsYXNlLCAxIG1vbmVkYSBkZWwgR3J1cG8gZGVsIEVkw6lu
zaxJCg,,UmVxdWVzdCBmcm9tIEdlZmZlbiBBbGNoZW1pc3QgTWluZ21pbgpeNEQ0REZGW0RyZWFtIERlbW9uIFJlc2VhcmNoXV4wMDAwMDAgUXVlc3QgYWNjZXB0ZWQu,,,,,QSBzb2xpY2l0YcOnw6NvIGRlIE1pbmdtaW4KXjRENERGRltEZW3DtG5pbyBkb3MgU29uaG9zXV4wMDAwMDAgZm9pIGFjZWl0YS4=,,U29saWNpdHVkIGRlIE1pbmdtaW4sIEFscXVpbWlzdGEgZGUgR2VmZmVuCl40RDRERkZbSW52ZXN0aWdhY2nDs24gc29icmUgZWwgZGVtb25pbyBkZWwgc3Vlw7FvXV4wMDAwMDAgTWlzacOzbiBhY2VwdGFkYS4=
zqxJCg,,W1JlcXVlc3QgQ29tcGxldGVkXQpMb2NhdGlvbjogQXJvdW5kIEJpZnJvc3QKVGFyZ2V0OiBEZWZlYXQgMjAgTWltaW5nClJld2FyZDogRXhwIDg1MDAwMCwgSmV4cCA4NTAwMDAsIDEgRWRlbiBHcm91cCBDb2lu,,,,,W01pc3PDo28gY29tcGxldGFdCkxvY2FsOiBCaWZyw7ZzdApPYmpldGl2bzogQ2HDp2FyIDIwIFBsYWdpYWRvcmVzClJlY29tcGVuc2E6IEVYUCBiYXNlIDg1MDAwMCwgRVhQIGNsYXNzZSA4NTAwMDAsIDEgTW9lZGEgZG8gw4lkZW4=,,W1NvbGljaXR1ZCBjb21wbGV0YWRhXQpVYmljYWNpw7NuOiBBbHJlZGVkb3JlcyBkZSBCaWZyb3N0Ck9iamV0aXZvOiBEZXJyb3RhIGEgMjAgTWltb3MKUHJlbWlvOiA4NTAwMDAgZGUgRVhQLCA4NTAwMDAgZGUgRVhQIGRlIGNsYXNlLCAxIG1vbmVkYSBkZWwgR3J1cG8gZGVsIEVkw6lu
z6xJCg,,W0ZsdWZmeSBLaWRdClJlcXVlc3QgZnJvbSBOeXVudWkgb2YgTW9yYSBWaWxsYWdlCkxvY2F0aW9uOiBBcm91bmQgQmlmcm9zdApUYXJnZXQ6IERlZmVhdCAyMCBNaW1pbmcKUmV3YXJkOiBFeHAgODUwMDAwLCBKZXhwIDg1MDAwMCwgMSBFZGVuIEdyb3VwIENvaW4=,,,,,W0NhcmluaGEgRmVscHVkb10KU29saWNpdGHDp8OjbyBkYSByYWZmbGVuIEx1bHUKTG9jYWw6IEJpZnLDtnN0Ck9iamV0aXZvOiBDYcOnYXIgMjAgUGxhZ2lhZG9yZXMKUmVjb21wZW5zYTogRVhQIGJhc2UgODUwMDAwLCBFWFAgY2xhc3NlIDg1MDAwMCwgMSBNb2VkYSBkbyDDiWRlbg==,,W1BlcXVlw7HDrW4gbXVsbGlkb10KU29saWNpdHVkIGRlIE55dW51aSwgZGVsIHB1ZWJsbyBkZSBNb3JhClViaWNhY2nDs246IEFscmVkZWRvcmVzIGRlIEJpZnJvc3QKT2JqZXRpdm86IERlcnJvdGEgYSAyMCBNaW1vcwpQcmVtaW86IDg1MDAwMCBkZSBFWFAsIDg1MDAwMCBkZSBFWFAgZGUgY2xhc2UsIDEgbW9uZWRhIGRlbCBHcnVwbyBkZWwgRWTDqW4=
0KxJCg,,UmVxdWVzdCBmcm9tIE55dW51aSBvZiBNb3JhIFZpbGxhZ2UKXjRENERGRltGbHVmZnkgS2lkXV4wMDAwMDAgUXVlc3QgYWNjZXB0ZWQu,,,,,QSBzb2xpY2l0YcOnw6NvIGRhIHJhZmZsZW4gTHVsdQpeNEQ0REZGW0NhcmluaGEgRmVscHVkb11eMDAwMDAwIGZvaSBhY2VpdGEu,,U29saWNpdHVkIGRlIE55dW51aSwgZGVsIHB1ZWJsbyBkZSBNb3JhCl40RDRERkZbUGVxdWXDscOtbiBtdWxsaWRvXV4wMDAwMDAgTWlzacOzbiBhY2VwdGFkYS4=
0axJCg,,W1JlcXVlc3QgQ29tcGxldGVkXQpMb2NhdGlvbjogQXJvdW5kIEJpZnJvc3QKVGFyZ2V0OiBEZWZlYXQgMjAgTGl0dGxlIEZhdHVtClJld2FyZDogRXhwIDg1MDAwMCwgSmV4cCA4NTAwMDAsIDEgRWRlbiBHcm91cCBDb2lu,,,,,W01pc3PDo28gY29tcGxldGFdCkxvY2FsOiBCaWZyw7ZzdApPYmpldGl2bzogQ2HDp2FyIDIwIFBlcXVlbm9zIEZhdHVtClJlY29tcGVuc2E6IEVYUCBiYXNlIDg1MDAwMCwgRVhQIGNsYXNzZSA4NTAwMDAsIDEgTW9lZGEgZG8gw4lkZW4=,,W1NvbGljaXR1ZCBjb21wbGV0YWRhXQpVYmljYWNpw7NuOiBBbHJlZGVkb3JlcyBkZSBCaWZyb3N0Ck9iamV0aXZvOiBEZXJyb3RhIGEgMjAgRmF0dW0gcGVxdWXDsW8KUHJlbWlvOiA4NTAwMDAgZGUgRVhQLCA4NTAwMDAgZGUgRVhQIGRlIGNsYXNlLCAxIG1vbmVkYSBkZWwgR3J1cG8gZGVsIEVkw6lu
0qxJCg,,W0xpdHRsZSBQcmFua3N0ZXJdClJlcXVlc3QgZnJvbSBOeXVudWkgb2YgTW9yYSBWaWxsYWdlCkxvY2F0aW9uOiBBcm91bmQgQmlmcm9zdApUYXJnZXQ6IERlZmVhdCAyMCBMaXR0bGUgRmF0dW0KUmV3YXJkOiBFeHAgODUwMDAwLCBKZXhwIDg1MDAwMCwgMSBFZGVuIEdyb3VwIENvaW4=,,,,,W0ZhZGEgVHJhdmVzc2FdClNvbGljaXRhw6fDo28gZGEgcmFmZmxlbiBMdWx1CkxvY2FsOiBCaWZyw7ZzdApPYmpldGl2bzogQ2HDp2FyIDIwIFBlcXVlbm9zIEZhdHVtClJlY29tcGVuc2E6IEVYUCBiYXNlIDg1MDAwMCwgRVhQIGNsYXNzZSA4NTAwMDAsIDEgTW9lZGEgZG8gw4lkZW4=,,W1BlcXVlw7FvIGJyb21pc3RhXQpTb2xpY2l0dWQgZGUgTnl1bnVpLCBkZWwgcHVlYmxvIGRlIE1vcmEKVWJpY2FjacOzbjogQWxyZWRlZG9yZXMgZGUgQmlmcm9zdApPYmpldGl2bzogRGVycm90YSBhIDIwIEZhdHVtIHBlcXVlw7FvClByZW1pbzogODUwMDAwIGRlIEVYUCwgODUwMDAwIGRlIEVYUCBkZSBjbGFzZSwgMSBtb25lZGEgZGVsIEdydXBvIGRlbCBFZMOpbg==
06xJCg,,UmVxdWVzdCBmcm9tIE55dW51aSBvZiBNb3JhIFZpbGxhZ2UKXjRENERGRltMaXR0bGUgUHJhbmtzdGVyXV4wMDAwMDAgUXVlc3QgYWNjZXB0ZWQu,,,,,QSBzb2xpY2l0YcOnw6NvIGRhIHJhZmZsZW4gTHVsdQpeNEQ0REZGW0ZhZGEgVHJhdmVzc2FdXjAwMDAwMCBmb2kgYWNlaXRhLg==,,U29saWNpdHVkIGRlIE55dW51aSwgZGVsIHB1ZWJsbyBkZSBNb3JhCl40RDRERkZbUGVxdWXDsW8gQnJvbWlzdGFdXjAwMDAwMCBNaXNpw7NuIGFjZXB0YWRhLg==
