wHguAg,,Tm95ZWU=,,,,,Tm95ZWU=,,Tm95ZWU=
wXguAg,,W05veWVlXQpEaWQgeW91IGtub3cgdGhhdCB0aGVyZSdzIGEgZGlmZmVyZW5jZSBiZXR3ZWVuIHRoZSBhcm1vciB5b3UgY2FuIGJ1eSBmcm9tIE5QQyBzaG9wcyBhbmQgdGhlIGtpbmRzIHlvdSBvYnRhaW4gZnJvbSBodW50aW5nIG1vbnN0ZXJzPw==,,,,,W05veWVlXQpWb2PDqiBzYWJlIHF1ZSBleGlzdGVtIGRvaXMgdGlwb3MgZGUgYXJtYWR1cmE/CkV4aXN0ZW0gYXMgYXJtYWR1cmFzIGNvbXVucywgcXVlIHZvY8OqIGNvbXByYSBkYXMgbG9qYXMgTlBDcyw=,,W05veWVlXQrCv1NhYsOtYXMgcXVlIGhheSB1bmEgZGlmZXJlbmNpYSBlbnRyZSBsYXMgYXJtYWR1cmFzIHF1ZSBwdWVkZXMgY29tcHJhciBlbiBsYXMgdGllbmRhcyBkZSBsb3MgTlBDIHkgbGFzIHF1ZSBvYnRpZW5lcyBhbCBjYXphciBtb25zdHJ1b3M/
wnguAg,,W05veWVlXQpUaGUgZGlmZmVyZW5jZSwgbXkgZnJpZW5kLCBpcyBpbiB0aGUgbnVtYmVyIG9mIF4zMzU1RkZzbG90c14wMDAwMDAgaW4geW91ciBhcm1vci4=,,,,,W05veWVlXQplIGFzIHF1ZSB2b2PDqiBjb25zZWd1ZSBhdHJhdsOpcyBkb3MgbW9uc3Ryb3MgZGVycm90YWRvcy4KQSBkaWZlcmVuw6dhIGVudHJlIGFzIGR1YXMgw6kgYSBleGlzdMOqbmNpYSBkZSBzbG90cyBvdSBuw6NvLg==,,W05veWVlXQpMYSBkaWZlcmVuY2lhLCBjb2xlZ2EsIGVzdMOhIGVuIGxhIGNhbnRpZGFkIGRlIF4zMzU1RkZyYW51cmFzXjAwMDAwMCBxdWUgdGllbmUgdHUgYXJtYWR1cmEu
w3guAg,,W05veWVlXQpUaGUgc2FtZSBraW5kIG9mIEFybW9yIHdpbGwgaGF2ZSB0aGUgc2FtZSBEZWZlbnNlLiBIb3dldmVyLCBpZiBhbiBBcm1vciBoYXMgYSBzbG90LCB5b3UgY2FuIGluc2VydCBhIE1vbnN0ZXIgQ2FyZCB3aGljaCB3aWxsIGFkZCBhbiBlbmhhbmNlbWVudCB0byB0aGF0IGFybW9yLg==,,,,,W05veWVlXQpBbWJhcyBwb3NzdWVtIGEgbWVzbWEgdGF4YSBkZSBkZWZlc2EuClBvcsOpbSwgasOhIHF1ZSB1bWEgYXJtYWR1cmEgY29tIHNsb3QgbGhlIHBlcm1pdGUgY29sb2NhciB1bWEgJ2NhcnRhIGRlIG1vbnN0cm8nIG5vIHNsb3QsCmVzc2EgY2FydGEgdmFpIGFwcmltb3JhciBhIGFybWFkdXJhIGNvbSB1bWEgaGFiaWxpZGFkZSBkaWZlcmVudGUu,,W05veWVlXQpFbCBtaXNtbyB0aXBvIGRlIGFybWFkdXJhIHRlbmRyw6EgbGEgbWlzbWEgRGVmZW5zYS4gU2luIGVtYmFyZ28sIHNpIHVuYSBhcm1hZHVyYSB0aWVuZSB1bmEgcmFudXJhLCBwdWVkZXMgaW5zZXJ0YXIgdW5hIGNhcnRhIGRlIG1vbnN0cnVvIHBhcmEgbWVqb3JhcmxhLg==
xHguAg,,W05veWVlXQpCb3RoIE1vbnN0ZXIgQ2FyZHMgYW5kIFNsb3R0ZWQgQXJtb3JzIGFyZSByYXJlbHkgZHJvcHBlZCBieSBtb25zdGVycywgYW5kIGFyZSB0aHVzIHZhbHVhYmxlIGNvbW1vZGllcy4=,,,,,W05veWVlXQpQb3LDqW0sIHRhbnRvIGFzIGFybWFkdXJhcyBjb20gc2xvdCBxdWFudG8gYXMgY2FydGFzIGRlIG1vbnN0cm8Kc8OjbyBtdWl0byBkaWbDrWNlaXMgZGUgb2J0ZXIuIEVudMOjbywgdm9jw6ogcmFyYW1lbnRlIHZlcsOhIAplc3NlcyB0aXBvcyBubyBtZXJjYWRvLg==,,W05veWVlXQpMYXMgY2FydGFzIGRlIG1vbnN0cnVvIG8gYXJtYWR1cmFzIHJhbnVyYWRhcyBzb24gbWVyY2FuY8OtYXMgdmFsaW9zYXMgcG9ycXVlIGxvcyBtb25zdHJ1b3MgcmFyYSB2ZXogbGFzIHN1ZWx0YW4u
xXguAg,,W05veWVlXQpZb3Uga25vdywgdGhlcmUncyBhIHZlcnkgaW50ZXJlc3RpbmcgcGxhY2UgdGhhdCBsb29rcwpzb3J0IG9mIGxpa2UgYSBsYWJvcmF0b3J5IGluIEp1bm8u,,,,,W05veWVlXQpBaCwgbGVtYnJlaS1tZSBkZSB1bWEgY29pc2EuCkjDoSB1bSBsdWdhciBtdWl0byBpbnRlcmVzc2FudGUgZW0gLi4uClBhcmVjZSBjb20gdW0gbGFib3JhdMOzcmlvLCBtYXMgbmluZ3XDqW0gc2FiZQpvIHF1ZSDDqS4uLi4=,,W05veWVlXQrCv1NhYmVzPywgaGF5IHVuIGx1Z2FyIG11eSBpbnRlcmVzYW50ZSBxdWUgcGFyZWNlCmFsZ28gYXPDrSBjb21vIHVuIGxhYm9yYXRvcmlvIGVuIEp1bm8u
xnguAg,,W05veWVlXQpBbnl3YXksIG5vIG9uZSBpcyByZWFsbHkgc3VyZSBpZiBpdCBpcyBvciBub3QuIFJlY2VudGx5LCBpdCdzIGJlZW4gdGhlIGZvY3VzIG9mIG1hbnkgcnVtb3JzLiBJIGhhdmUgbm8gaWRlYSBpZiBhbnkgb2YgdGhlbSBhcmUgdHJ1ZSB0aG91Z2gu,,,,,W05veWVlXQpSZWNlbnRlbWVudGUsIHTDqm0gY29ycmlkbyBwb3IgYcOtIG11aXRvcyBib2F0b3MKc29icmUgbyBsdWdhci4gRXUgbsOjbyBmYcOnbyBhIG1lbm9yIGlkw6lpYSBkbyBxdWUgYXMgcGVzc29hcyBlc3TDo28gZmFsYW5kby4KRW5maW0sIGFxdWVsZSBsdWdhciBwYXJlY2UgYmVtIGludGVyZXNzYW50ZS4=,,W05veWVlXQpEZSB0b2RvcyBtb2RvcywgbmFkaWUgc2FiZSByZWFsbWVudGUgc2kgbG8gZXMgbyBuby4gUmVjaWVudGVtZW50ZSwgc2UgY29udmlydGnDsyBlbiBlbCBjZW50cm8gZGUgbXVjaG9zIHJ1bW9yZXMuIEF1bnF1ZSBubyB0ZW5nbyBuaSBpZGVhIGRlIHNpIGFsZ3VubyBlcyBjaWVydG8gbyBuby4=
x3guAg,,TWFuYWdlcg==,,,,,R2VyZW50ZQ==,,RGlyZWN0b3I=
yHguAg,,XjMzNTVGRldhaXQgYSBzZWNvbmQhIFJpZ2h0IG5vdywgeW91J3JlIGNhcnJ5aW5nIHRvbyBtYW55IGl0ZW1zIHdpdGggeW91LiBQbGVhc2UgY29tZSBiYWNrIGFmdGVyIHB1dHRpbmcgc29tZSBvZiB5b3VyIHRoaW5ncyBpbnRvIEthZnJhIFN0b3JhZ2UuXjAwMDAwMA==,,,,,LSBFc3BlcmUgdW0gbW9tZW50byEgLQotIFZvY8OqIGVzdMOhIGNhcnJlZ2FuZG8gbXVpdG9zIGl0ZW5zIGNvbSB2b2PDqiAtCi0gbm8gbW9tZW50by4gLQotIFBvciBmYXZvciwgYWxpdmllIGEgc3VhIGNhcmdhIC0KLSBlIHRlbnRlIG91dHJhIHZlei4gLQ==,,XjMzNTVGRsKhVW4gbW9tZW50byEgRW4gZXN0ZSBtb21lbnRvLCBsbGV2YXMgZGVtYXNpYWRvcyBvYmpldG9zLiBWdWVsdmUgbHVlZ28gZGUgZ3VhcmRhciBhbGd1bmFzIGRlIHR1cyBjb3NhcyBlbiBlbCBBbG1hY8OpbiBkZSBLYWZyYS5eMDAwMDAw
yXguAg,,W0N1a3VyZV0KSSBjYW4ndCBiZWxpZXZlIGhvdyBidXN5IEkgYW0gYXQgd29yayBub3dhZGF5cy4gSSBkb24ndCBldmVuIGhhdmUgdGltZSB0byBzZWUgYW55IG9mIG15IGZyaWVuZHMgb3IgZ28gc2hvcHBpbmcu,,,,,LSBFc3BlcmUgdW0gbW9tZW50byEgLQotIE5vIG1vbWVudG8sIHZvY8OqIGVzdMOhIGNvbSBzb2JyZXBlc28gLQotIFBvciBmYXZvciwgYWxpdmllIGEgc3VhIGNhcmdhIGUgdGVudGUgb3V0cmEgdmV6LiAt,,W0N1a3VyZV0KTm8gcHVlZG8gY3JlZXIgbG8gb2N1cGFkYSBxdWUgbWUgdGllbmUgbWkgdHJhYmFqbyBob3kgZW4gZMOtYS4gTmkgc2lxdWllcmEgdGVuZ28gdGllbXBvIHBhcmEgdmVyIGEgbWlzIGFtaWdvcyBvIGlyIGRlIGNvbXByYXMu
ynguAg,,W0N1a3VyZV0KV2FpdC4uLiEKSSBjYW4ndCBldmVuIHJlbWVtYmVyIHRoZSBsYXN0CnRpbWUgSSB3ZW50IG91dCB3aXRoIGEgZ3V5ISBBdCB0aGlzIHJhdGUsIEkgbWlnaHQgcmV0aXJlIGJlZm9yZSBJIGNhbiBmaW5kIGEgYm95ZnJpZW5kLiBOb29vbywgSSdtIHN0aWxsIGluIG15IHByaW1lfiE=,,,,,W0N1a3VyZV0KQWhoaC4uLgpFdSB0w7Qgc2VtcHJlIHTDo28gb2N1cGFkYSwgaG9qZSBlbSBkaWEuCkV1IG7Do28gdGVuaG8gdGVtcG8gbmVtIHByYSBuYW1vcmFyLgpEcm9nYS4uLi4=,,W0N1a3VyZV0KwqFFc3BlcmEuLi4hCsKhTmkgc2lxdWllcmEgcHVlZG8gcmVjb3JkYXIgbGEgw7psdGltYQp2ZXogcXVlIHNhbMOtIGNvbiB1biBjaGljbyEgQSBlc3RlIHBhc28sIHB1ZWRlIHF1ZSBtZSBqdWJpbGUgYW50ZXMgZGUgZW5jb250cmFyIG5vdmlvLiBOb29vbywgwqF0b2RhdsOtYSBlc3RveSBlbiBsYSBmbG9yIGRlIGxhIHZpZGEh
y3guAg,,W0N1a3VyZV0KV2UgY29uZHVjdCByZXNlYXJjaCBvbiBnb2RseSBhcnRpZmFjdHMgdGhhdCB3ZXJlIGxlZnQgYmVoaW5kIGJ5IHRoZSBnb2RzIGxvbmcgYWdvLiBNb3JlIHNwZWNpZmljYWxseSwgd2UncmUgaW50ZXJlc3RlZCBpbiB0aGUgdG9vbHMgdGhlIGdvZHMgdXNlZC4=,,,,,W0N1a3VyZV0KRXNwZXJlLCBxdWFuZG8gZm9pIGEgw7psdGltYSB2ZXogcXVlIGNoYW1laSBhbGd1w6ltIHByYSBzYWlyLi4uPwpIbW0uLi4uCkFoaGguLi4uRXUgc291IHTDo28gb2N1cGFkYSE=,,W0N1a3VyZV0KSW52ZXN0aWdhbW9zIGFydGVmYWN0b3MgZGl2aW5vcyBxdWUgbG9zIGRpb3NlcyBkZWphcm9uIGF0csOhcyBoYWNlIG11Y2hvIHRpZW1wby4gTcOhcyBjb25jcmV0YW1lbnRlLCBub3MgaW50ZXJlc2FuIGxhcyBoZXJyYW1pZW50YXMgcXVlIHV0aWxpemFiYW4gbG9zIGRpb3Nlcy4=
zHguAg,,W0N1a3VyZV0KUmVjZW50bHksIG1hbnkgb2YgdGhlIG1lbWJlcnMgb2Ygb3VyIHJlc2VhcmNoIGdyb3VwLCBhc2lkZSBmcm9tIHRoZSBsZWFkZXJzLCBoYXZlIGxlZnQgc28gbm93IHdlJ3JlIHNob3J0IG9uIG1hbnBvd2VyLg==,,,,,W0N1a3VyZV0KTsOzcyBwZXNxdWlzYW1vcyBzaW5haXMgZGUgRGV1c2VzIHF1ZSBmb3JhbSBkZWl4YWRvcyBuZXNzZSBtdW5kbyBtdWl0byB0ZW1wbyBhdHLDoXMuCkVzcGVjaWZpY2FtZW50ZSwgZXN0YW1vcyBlc3R1ZGFuZG8gdMOpY25pY2FzIHBhcmEgcmVwcmVzZW50YXIgbyBwb2RlciBkZSBEZXVzLg==,,W0N1a3VyZV0KUmVjaWVudGVtZW50ZSwgbXVjaG9zIGRlIGxvcyBtaWVtYnJvcyBkZSBudWVzdHJvIGdydXBvIGRlIGludmVzdGlnYWNpw7NuLCBhcGFydGUgZGUgbG9zIGzDrWRlcmVzLCBzZSBtYXJjaGFyb24sIGFzw60gcXVlIGFob3JhIG5vcyBmYWx0YSBwZXJzb25hbC4=
zXguAg,,W0N1a3VyZV0KU2luY2Ugd2UncmUgdW5kZXJzdGFmZmVkLCB3ZSBjYW4ndCBjb250aW51ZSBtb3N0IG9mIG91ciByZXNlYXJjaCBwcm9qZWN0cyB0aGF0IGFyZSBjdXJyZW50bHkgaW4gcHJvZ3Jlc3MuIFNwZWFraW5nIG9mIHdoaWNoLi4u,,,,,W0N1a3VyZV0KLi4uClJlY2VudGVtZW50ZSwgbXVpdG9zIGRvcyBtZW1icm9zLCDDoCBleGNlw6fDo28gZG9zIGzDrWRlcmVzLApzZSBkZW1pdGlyYW0gZGV2aWRvIGEgcHJvYmxlbWFzIHBlc3NvYWlzIGUgY29pc2FzIGRvIHRpcG8uCkVudMOjbywgZXN0YW1vcyBmaWNhbmRvIHNlbSBmb3LDp2EgZGUgdHJhYmFsaG8u,,W0N1a3VyZV0KUG9yIGVsbG8sIG5vIHBvZGVtb3MgY29udGludWFyIGNvbiBsYSBtYXlvcsOtYSBkZSBsb3MgcHJveWVjdG9zIGRlIGludmVzdGlnYWNpw7NuIHF1ZSBlc3TDoW4gZW4gY3Vyc28uIEhhYmxhbmRvIGRlIGVzby4uLg==
znguAg,,W0N1a3VyZV0KRG8geW91IG1pbmQgaWYgSSBhc2sKYW4gYWR2ZW50dXJlciBsaWtlIHlvdXJzZWxmCnRvIGhlbHAgdXMgaW4gb3VyIHJlc2VhcmNoPw==,,,,,W0N1a3VyZV0KUG9yIGNhdXNhIGRvIHByb2JsZW1hLCBuw7NzIHBhcmFtb3MKYSBtYWlvcmlhIGRhcyBwZXNxdWlzYXMgZW0gcHJvZ3Jlc3NvLgpGYWxhbmRvIG5pc3NvLi4u,,W0N1a3VyZV0Kwr9ObyB0ZSBtb2xlc3RhIHNpIGxlIHByZWd1bnRvCmEgdW4gdHJvdGFtdW5kb3MgY29tbyB0w7oKcXVlIG5vcyBheXVkZXMgY29uIG51ZXN0cmEgaW52ZXN0aWdhY2nDs24/
z3guAg,,W0N1a3VyZV0KV2Ugd29uJ3QgZXhwZXJpbWVudCBvbiB5b3Ugb3IgYW55dGhpbmcsIHdlIGp1c3QgbmVlZCB5b3UgdG8gcnVuIHNvbWUgc2ltcGxlIGVycmFuZHMuIEFuZCBvZiBjb3Vyc2UsIHlvdSB3aWxsIGJlIHJld2FyZGVkLg==,,,,,W0N1a3VyZV0KVm9jw6ogc2UgaW1wb3J0YSBzZSBldSBsaGUgcGVkaXIgcHJhIGFqdWRhciBlbSBub3NzYSBwZXNxdWlzYT8KRXUgdGUgcmVjb21wZW5zYXJlaSBkZXBvaXMu,,W0N1a3VyZV0KTm8gZXhwZXJpbWVudGFyZW1vcyBjb250aWdvIG5pIG5hZGEsIHNvbG8gbmVjZXNpdGFtb3MgcXVlIGhhZ2FzIHVub3Mgc2ltcGxlcyByZWNhZG9zLiBZLCBwb3Igc3VwdWVzdG8sIHRlbmRyw6FzIHR1IHJlY29tcGVuc2Eu
0HguAg,,SSdtIGtpbmQgb2YgYnVzeS4uLg==,,,,,U291IHVtYSBwZXNzb2Egb2N1cGFkYS4uLg==,,Tm8gdGVuZ28gdGllbXBvIGFob3JhLi4u
0XguAg,,U3VyZSwgd2h5IG5vdD8=,,,,,Q2xhcm8sIHBvciBxdWUgbsOjbz8=,,Q2xhcm8sIMK/cG9yIHF1w6kgbm8/
0nguAg,,W0N1a3VyZV0KT2gsIEkgc2VlLgpXZWxsLCBpZiB5b3UgaGFwcGVuIHRvIGZpbmQgYW55b25lIHRoYXQgbWlnaHQgd29yayB3ZWxsIGFzIGEgdGVtcG9yYXJ5IHJlc2VhcmNoIGFzc2lzdGFudCwgd291bGQgeW91IHJlY29tbWVuZCB0aGVtIHRvIHVzPw==,,,,,W0N1a3VyZV0KT2guLi7DqSBtZXNtbz8KRW50ZW5kby4KRW50w6NvLCB2b2PDqiBnb3N0YXJpYSBkZSBpbmRpY2FyIGFsZ3XDqW0KcXVlIHBvc3NhIG5vcyBhanVkYXIgYSBjb250aW51YXIgYXMgcGVzcXVpc2FzPw==,,W0N1a3VyZV0KQWgsIHlhIHZlby4KQnVlbm8sIHNpIHBvciBjYXN1YWxpZGFkIGVuY3VlbnRyYXMgYSBhbGd1aWVuIHF1ZSBwdWVkYSBzZXJ2aXIgY29tbyBheXVkYW50ZSB0ZW1wb3JhbCBkZSBpbnZlc3RpZ2FjacOzbiwgwr9ub3MgbG8gcmVjb21lbmRhcsOtYXM/
03guAg,,W0N1a3VyZV0KSSdtIHNvIHNvcnJ5IHRvIGFzayB0aGlzIG9mIHlvdSwgYnV0IEkgaG9wZSB5b3UgdW5kZXJzdGFuZCB0aGF0IHdlJ3JlIHNlcmlvdXNseSBsYWNraW5nIGluIHRlcm1zCm9mIGh1bWFuIHJlc291cmNlcy4=,,,,,W0N1a3VyZV0KRGVzY3VscGUgcG9yIHBlZGlyIGlzc28sIG1hcy4uLi4KbsOzcyBlc3RhbW9zIHJlYWxtZW50ZSBzZW0gZnVuY2lvbsOhcmlvcy4uLiBlc3Blcm8gcXVlIHZvY8OqIGVudGVuZGEuCi4uLi4uLi4=,,W0N1a3VyZV0KU2llbnRvIG11Y2hvIHBlZGlydGUgZXN0bywgcGVybyBlc3Blcm8gcXVlIGVudGllbmRhcyBxdWUgZXN0YW1vcyBiYXN0YW50ZSBuZWNlc2l0YWRvcyBlbiB0w6lybWlub3MKZGUgcmVjdXJzb3MgaHVtYW5vcy4=
1HguAg,,W0N1a3VyZV0KUmVhbGx5fj8hClRoYXQncyBncmVhdCEKSGFoYWhhaGFoYSEgSSdtIHNvCmdsYWQgdG8gaGVhciB0aGF0IQ==,,,,,W0N1a3VyZV0KVGVtIGNlcnRlemE/CkhhaGFoYWhhaGEKRmljbyBmZWxpeiBlbSBvdXZpciBpc3NvLg==,,W0N1a3VyZV0KwqHCv0VuIHNlcmlvPyEKwqFFeGNlbGVudGUhCsKhSmEsIGphLCBqYSwgamEsIGphISBFc3RveSB0YW4KY29udGVudGEgb8OtciBlc28h
1XguAg,,W0N1a3VyZV0KR28gaW5zaWRlIGFuZCBzcGVhayB0byB0aGUgaW52ZXN0aWdhdG9ycyB0aGVyZS4gVGhleSdyZSBhbGwga2luZCBvZiBzd2FtcGVkLCBzbyBJJ20gc3VyZSB0aGV5J2xsIG5lZWQgeW91ciBhc3Npc3RhbmNlLg==,,,,,W0N1a3VyZV0KVGVtIHBlc3F1aXNhZG9yZXMgbMOhIGRlbnRyby4KRWxlcyBwcmVjaXNhcsOjbyBkYSBzdWEgYWp1ZGEsIHBvciBmYXZvciwgdsOhIGZhbGFyIGNvbSBlbGVzLg==,,W0N1a3VyZV0KRW50cmEgeSBoYWJsYSBjb24gbG9zIGludmVzdGlnYWRvcmVzLiBFc3TDoW4gdW4gcG9jbyBkZXNib3JkYWRvcywgYXPDrSBxdWUgc2VndXJvIG5lY2VzaXRhcsOhbiBkZSB0dSBheXVkYS4=
1nguAg,,W0N1a3VyZV0KT2gsIHdhaXQuLi4KTGV0IG1lIGdpdmUgeW91IGEgdGVtcG9yYXJ5IGFkbWlzc2lvbiBwYXNzLiBUaGFuayB5b3UKc28gbXVjaCBmb3IgeW91ciBoZWxwfg==,,,,,W0N1a3VyZV0KT2gsIGVzcGVyZS4uLgpEZWl4ZS1tZSBsaGUgZGFyIHVtIGNhcnTDo28gZGUgZW50cmFkYSB0ZW1wb3LDoXJpby4KTXVpdG8gb2JyaWdhZGEgcG9yIHN1YSBhanVkYS4=,,W0N1a3VyZV0KT2gsIGVzcGVyYS4uLgpEw6lqYW1lIGRhcnRlIHVuIFBhc2UgZGUgYWRtaXNpw7NuIHRlbXBvcmFsLiBNdWNoYXMgZ3JhY2lhcwpwb3IgdHUgYXl1ZGEu
13guAg,,XjMzNTVGRllvdSd2ZSByZWNlaXZlZAphIHRlbXBvcmFyeQphZG1pc3Npb24gcGFzcy5eMDAwMDAw,,,,,XjMzNTVGRlZvY8OqIHJlY2ViZXUgdW0gY2FydMOjbyBkZSBlbnRyYWRhIHRlbXBvcsOhcmlvLl4wMDAwMDA=,,XjMzNTVGRlJlY2liaXN0ZQp1biBQYXNlIGRlIGFkbWlzacOzbgp0ZW1wb3JhbC5eMDAwMDAw
2HguAg,,W0N1a3VyZV0KSXQncyByZWFsbHkgZGlmZmljdWx0IHRvIG1hbmFnaW5nIGEgbGFib3JhdG9yeS4gUml2YWwgbGFicyBhbHdheXMgdHJ5IHRvIGVudGljZSBvdXIgc3RhZmYgYXdheSBvciBpbnRlcnJ1cHQgb3VyIHByb2dyZXNzLg==,,,,,W0N1a3VyZV0KUGFyZWNlIG11aXRvIGRpZsOtY2lsIGN1aWRhciBkZSB1bSBsYWJvcmF0w7NyaW8uCk91dHJvcyBsYWJvcmF0w7NyaW9zIHNlbXByZSB0ZW50YW0gcGVnYXIgb3Mgbm9zc29zIG1lbWJyb3Mgb3UgaW50ZXJyb21wZXIgbyBub3NzbyB0cmFiYWxoby4uLg==,,W0N1a3VyZV0KRXMgbXV5IGRpZsOtY2lsIGdlc3Rpb25hciB1biBsYWJvcmF0b3Jpby4gTG9zIGxhYm9yYXRvcmlvcyByaXZhbGVzIHNpZW1wcmUgaW50ZW50YW4gcXVpdGFybm9zIHBlcnNvbmFsIG8gaW50ZXJydW1waXIgbnVlc3RybyBwcm9ncmVzby4=
2XguAg,,W0N1a3VyZV0KQW5kIGJlY2F1c2Ugb2YgdGhpcyBqb2IsIGl0J3MgcmVhbGx5IGhhcmQgZm9yIG1lIHRvIGVuam95CmhhdmluZyBhIHBlcnNvbmFsIGxpZmUuLi4=,,,,,W0N1a3VyZV0KRW50w6NvLCBldSBuw6NvIHRlbmhvIHVtYSB2aWRhIHNvY2lhbCBwb3IgY2F1c2EgZG8gbWV1IHRyYWJhbGhvLi4uCi4uLi4uLi4=,,W0N1a3VyZV0KWSBhIGNhdXNhIGRlIGVzdGUgdHJhYmFqbywgc2UgbWUgaGFjZSBtdXkgZGlmw61jaWwgZGlzZnJ1dGFyCmRlIHRlbmVyIHVuYSB2aWRhIHBlcnNvbmFsLi4u
2nguAg,,W0N1a3VyZV0KSGFoYWhhaGEuLi4KV2hhdCBhbSBJIGRvaW5nPwpQbGVhc2UganVzdCBpZ25vcmUgd2hhdCBJIGp1c3Qgc2FpZC4gSXQncyByZWFsbHkgbm90IHRoYXQgYmlnIG9mIGEgZGVhbC4gXjMzMzMzMypTaWdoLi4uKl4wMDAwMDA=,,,,,W0N1a3VyZV0KQWguLi5iZW0uLi4uCkhhaGFoYWhhLi4uCk8gcXVlIGV1IHTDtCBmYXplbmRvIGNvbSB1bSB2aXNpdGFudGUuLi4KSGVoLCBwb3IgZmF2b3IgZXNxdWXDp2EgbyBxdWUgZXUgZGlzc2UuCkhhaGFoYWhhaGEuLi4=,,W0N1a3VyZV0KSmFqYWphamEuLi4Kwr9RdcOpIGVzdG95IGhhY2llbmRvPwpQb3IgZmF2b3IsIGlnbm9yYSBsbyBxdWUgYWNhYm8gZGUgZGVjaXIuIFJlYWxtZW50ZSBubyBlcyBwYXJhIHRhbnRvLiBeMzMzMzMzKlNpZ2guLi4qXjAwMDAwMA==
23guAg,,W0N1a3VyZV0KQWgsIHRoYW5rIHlvdQpmb3IgaGVscGluZyB1cyBvdXQuCkkgaG9wZSB5b3UnbGwgY29udGludWUKdG8gbGVuZCB1cyB5b3VyIGFzc2lzdGFuY2Uu,,,,,W0N1a3VyZV0KQWgsIG9icmlnYWRvIHBvciBzdWEgYWp1ZGEgYXTDqSBhZ29yYS4KRXNwZXJvIHF1ZSB2b2PDqiBjb250aW51ZSBhIG5vcyBhanVkYXIu,,W0N1a3VyZV0KQWgsIGdyYWNpYXMKcG9yIGF5dWRhcm5vcy4KRXNwZXJvIHF1ZSBjb250aW7DumVzCmF5dWTDoW5kb25vcy4=
3HguAg,,W0N1a3VyZV0KQWx0aG91Z2ggb3VyIHJlc2VhcmNoZXJzIGFyZSBraW5kIG9mIHN0cmFuZ2UsIHRoZXkncmUgYWxsIHByZXR0eSBuaWNlIGFuZCB0aGV5IG1lYW4gd2VsbC4=,,,,,W0N1a3VyZV0KRW1ib3JhIG9zIG5vc3NvcyBwZXNxdWlzYWRvcmVzIHNlamFtIG1laW8gZXN0cmFuaG9zLAplbGVzIHPDo28gdG9kb3MgbGVnYWlzLg==,,W0N1a3VyZV0KQXVucXVlIG51ZXN0cm9zIGludmVzdGlnYWRvcmVzIHNvbiB1biB0YW50byBleHRyYcOxb3MsIHRvZG9zIHNvbiBiYXN0YW50ZSBzaW1ww6F0aWNvcyB5IHRpZW5lbiBidWVuYXMgaW50ZW5jaW9uZXMu
3XguAg,,W0N1a3VyZV0KU28gSSBob3BlIHlvdSB1bmRlcnN0YW5kIGlmIGEgZmV3IG9mIHRoZW0gdHJlYXQgeW91IGluIGEgd2F5IHRoYXQgc2VlbXMga2luZCBvZiBydWRlLg==,,,,,W0N1a3VyZV0KRXNwZXJvIHF1ZSB2b2PDqiBlbnRlbmRhLCBtZXNtbyBzZSBlbGVzIHRlIHRyYXRhcmVtIGRlIGZvcm1hIHJ1ZGUu,,W0N1a3VyZV0KQXPDrSBxdWUgZXNwZXJvIHF1ZSBzZXBhcyBlbnRlbmRlciBzaSBhbGd1bm9zIGRlIGVsbG9zIHRlIHRyYXRhbiBkZSB1bmEgbWFuZXJhIHVuIHRhbnRvIGdyb3NlcmEu
3nguAg,,W0N1a3VyZV0KQWguLi4KWW91IHJlYWxseSBoZWxwZWQgdXMgb3V0IGEgbG90LiBUaGFuayB5b3UgZm9yIGFsbCB5b3UgaGF2ZSBkb25lLg==,,,,,W0N1a3VyZV0KQWguLi4KVm9jw6ogbm9zIGFqdWRvdSBiYXN0YW50ZS4KSGFoYWhhaGEuLi4KU2VyaWEgbXVpdG8gbWFpcyBkaWbDrWNpbCBzZSB2b2PDqiBuw6NvIHRpdmVzc2UgYWp1ZGFkby4=,,W0N1a3VyZV0KQWguLi4KTm9zIGhhcyBheXVkYWRvIG11Y2hvLiBHcmFjaWFzIHBvciB0b2RvIGxvIHF1ZSBoaWNpc3RlLg==
33guAg,,W0N1a3VyZV0KQXMgeW91IGFscmVhZHkga25vdywgd2UncmUgdHJ5aW5nIHRvIGZpbmQgb3V0IHdoZXRoZXIgb3Igbm90IHdlIGNhbiByZXByb2R1Y2UgJ1NsZWlwbmlyLCcgb25lIG9mIHRoZSB0b29scyB1c2VkIGJ5IHRoZSBnb2RzLg==,,,,,W0N1a3VyZV0KQ29tbyB2b2PDqiBqw6EgZGV2ZSB0ZXIgcGVyY2ViaWRvLApuw7NzIGVzdGFtb3MgcGVzcXVpc2FuZG8gJ1NsZWlwbmlyJywKc2UgcG9kZW1vcyByZXByb2R1emlyIGVzc2UgJ2l0ZW0gZGl2aW5vJyBvdSBuw6NvLg==,,W0N1a3VyZV0KQ29tbyB5YSBzYWJlcywgaW50ZW50YW1vcyBhdmVyaWd1YXIgc2kgcG9kZW1vcyByZWNyZWFyIGVsIFNsZWlwbmlyIG8gbm8sIHVuYSBkZSBsYXMgaGVycmFtaWVudGFzIHV0aWxpemFkYXMgcG9yIGxvcyBkaW9zZXMu
4HguAg,,W0N1a3VyZV0KSG93ZXZlci4uLi4KU28gZmFyIGl0IHNlZW1zIGltcG9zc2libGUsIGF0IGxlYXN0IHdpdGggdGhlIHRlY2hub2xvZ3kgdGhhdCB3ZSBjdXJyZW50bHkgaGF2ZS4gSG1tLi4u,,,,,W0N1a3VyZV0KRW50cmV0YW50by4uLgphdMOpIGFnb3JhLCBvcyByZXN1bHRhZG9zIG1vc3RyYW0gcXVlIGlzc28gw6kgcXVhc2UgaW1wb3Nzw612ZWwKY29tIGEgdGVjbm9sb2dpYSBxdWUgdGVtb3MuCkhtbW0uLi4=,,W0N1a3VyZV0KU2luIGVtYmFyZ28uLi4KSGFzdGEgYWhvcmEgcGFyZWNlIGltcG9zaWJsZSwgYWwgbWVub3MgY29uIGxhIHRlY25vbG9nw61hIHF1ZSB0ZW5lbW9zIGFjdHVhbG1lbnRlLiBNbW0uLi4=
4XguAg,,W0N1a3VyZV0KQW55d2F5cywgd2Ugd2lsbCBjb250aW51ZSB0byByZXNlYXJjaCBhbmQgaG9wZSB0aGF0IHdlJ2xsIGJlIGFibGUgdG8gYWNjb21wbGlzaCBvdXIgZ29hbCBvZiByZWNyZWF0aW5nIFNsZWlwbmlyIHNvbWVkYXku,,,,,W0N1a3VyZV0KRW5maW0sIHZhbW9zIGNvbnRpbnVhciBhIHBlc3F1aXNhcgpjb20gZXNwZXJhbsOnYS4=,,W0N1a3VyZV0KRGUgdG9kb3MgbW9kb3MsIHNlZ3VpcmVtb3MgaW52ZXN0aWdhbmRvIHkgZXNwZXJhbW9zIHBvZGVyIGN1bXBsaXIgbnVlc3RybyBvYmpldGl2byBkZSByZWNyZWFyIGEgU2xlaXBuaXIgYWxnw7puIGTDrWEu
4nguAg,,W0N1a3VyZV0KVGhhbmtzIHRvIHlvdSwgd2Ugd2VyZSBhYmxlIHRvIGNvbXBsZXRlIGEgcnVkaW1lbnRhcnkgc3R1ZHkgb2YgU2xlaXBuaXIuIE5vdyB3ZSBjYW4gcGxhbiBvdXQgYSBtb3JlIGFkdmFuY2VkIHN0dWR5IG9mIFNsZWlwbmlyLg==,,,,,W0N1a3VyZV0KQ29tIGEgc3VhIGFqdWRhLCBjb25zZWd1aW1vcyBjb21wbGV0YXIgYSBwZXNxdWlzYSBiw6FzaWNhLgpEZSBhZ29yYSBlbSBkaWFudGUsIHZhbW9zIHBsYW5lamFyIGEgbm9zc2EgZnV0dXJhIHBlc3F1aXNhCmJhc2VhZG9zIG5vcyByZXN1bHRhZG9zIHF1ZSBvYnRpdmVtb3MgZGVzc2EgdmV6Lg==,,W0N1a3VyZV0KR3JhY2lhcyBhIHRpLCBwdWRpbW9zIGNvbXBsZXRhciB1biBlc3R1ZGlvIHJ1ZGltZW50YXJpbyBzb2JyZSBTbGVpcG5pci4gQWhvcmEgcG9kZW1vcyBwbGFuZWFyIHVuIGVzdHVkaW8gbcOhcyBhdmFuemFkbyBzb2JyZSBTbGVpcG5pci4=
43guAg,,W0N1a3VyZV0KQmVmb3JlIEkgZm9yZ2V0LCBsZXQgbWUgZ2l2ZSB5b3UgeW91ciByZXdhcmQgZm9yIGFzc2lzdGluZyBpbiBvdXIgcmVzZWFyY2ggcHJvamVjdHMuIFBsZWFzZSBnaXZlCm1lIGEgbWludXRlLi4u,,,,,W0N1a3VyZV0KQWgsIGrDoSBxdWUgdm9jw6ogbm9zIGFqdWRvdSwgdm91IHJlY29tcGVuc8OhLWxvLgpQb3IgZmF2b3IsIG1lIGTDqiB1bSBtaW51dG8uLi4=,,W0N1a3VyZV0KQW50ZXMgZGUgcXVlIHNlIG1lIG9sdmlkZSwgcGVybcOtdGVtZSBkYXJ0ZSB0dSByZWNvbXBlbnNhIHBvciBjb2xhYm9yYXIgZW4gbnVlc3Ryb3MgcHJveWVjdG9zIGRlIGludmVzdGlnYWNpw7NuLiBQb3IgZmF2b3IsIGRhbWUKdW4gbWludXRvLi4u
5HguAg,,W0N1a3VyZV0KQWgsIHRoZXJlIGl0IGlzLgpJdCBtaWdodCBub3QgYmUgbXVjaCwgYnV0IEkgaG9wZSB5b3UgYWNjZXB0IGl0IGFzIGEgdG9rZW4gb2YgbXkgZ3JhdGl0dWRlLiBHb29kIGx1Y2sgb24geW91ciB0cmF2ZWxzIQ==,,,,,W0N1a3VyZV0KQXF1aSBlc3TDoS4KUG9kZSBuw6NvIHNlciB1bWEgZ3JhbmRlIHJlY29tcGVuc2EsIG1hcwplc3Blcm8gcXVlIHZvY8OqIGZpcXVlIGNvbSBlbGEsIGNvbW8gc2luYWwgZGUgbWluaGEgZ3JhdGlkw6NvLgpGYcOnYSB1bWEgYm9hIHZpYWdlbSE=,,W0N1a3VyZV0KQWgsIGFow60gZXN0w6EuClB1ZWRlIHF1ZSBubyBzZWEgbXVjaG8sIHBlcm8gZXNwZXJvIHF1ZSBsbyBhY2VwdGVzIGNvbW8gbXVlc3RyYSBkZSBtaSBncmF0aXR1ZC4gwqFNdWNoYSBzdWVydGUgZW4gdHVzIHZpYWplcyE=
5XguAg,,VGhlIDFzdCBzZWFsIG9mIFtTbGVpcG5pcl0gaGFzIGFwcGVhcmVkLg==,,,,,TyBwcmltZWlybyBzZWxvIGRlIFtTbGVpcG5pcl0gYXBhcmVjZXUu,,QXBhcmVjacOzIGVsIHByaW1lciBzZWxsbyBkZSBbU2xlaXBuaXJd
5nguAg,,VGhlIEZvdXIgc2VhbHMgaGF2ZSBiZWVuIHJlbGVhc2VkLCB3aXRoIHRoZSByZWxlYXNlIG9mIHRoZSBzZWFsIG9mIFtTbGVpcG5pcl0=,,,,,UXVhdHJvIHNlbG9zIGZvcmFtIGxpYmVyYWRvcyBhbyBtZXNtbyB0ZW1wbyBjb20gbyBzZWxvIGRlIFtTbGVpcG5pcl0u,,Q29uIGxhIGFwZXJ0dXJhIGRlbCBzZWxsbyBkZSBbU2xlaXBuaXJdLCBzZSBhYnJpZXJvbiBsb3MgQ3VhdHJvIHNlbGxvcy4=
53guAg,,VGhlIDFzdCBzZWFsIG9mIFtTbGVpcG5pcl0gaGFzIGJlZW4gcmVsZWFzZWQu,,,,,TyBzZWxvIGRlIFtTbGVpcG5pcl0gZm9pIGxpYmVyYWRvLg==,,U2UgYWJyacOzIGVsIHByaW1lciBzZWxsbyBkZSBbU2xlaXBuaXJd
6HguAg,,W0N1a3VyZV0KQWgsIEknbGwgYWxzbyBuZWVkIHRvIHRha2UgYmFjayB0aGF0IHRlbXBvcmFyeSBwYXNzIEkgZ2F2ZSB0byB5b3UuIEknbSBzb3JyeSwgYnV0IGl0J3MgcHJvdG9jb2wgd2UgaGF2ZSB0byBmb2xsb3cuLi4=,,,,,W0N1a3VyZV0KQWguLi4uIGFsw6ltIGRpc3NvLApwb3IgZmF2b3IsIGRldm9sdmEtbWUgbyBjYXJ0w6NvIGRlIGVudHJhZGEgdGVtcG9yw6FyaW8gcXVlIGxoZSBkZWkuCkJlbS4uLg==,,W0N1a3VyZV0KQWgsIHRhbWJpw6luIHRlbmRyw6FzIHF1ZSBkZXZvbHZlcm1lIGVzZSBQYXNlIHRlbXBvcmFsIHF1ZSB0ZSBkaS4gTG8gc2llbnRvLCBwZXJvIGVzIGVsIHByb3RvY29sbyBxdWUgZGViZW1vcyBzZWd1aXIuLi4=
6XguAg,,W0N1a3VyZV0KT25jZSBhZ2FpbiwKdGhhbmsgeW91IGZvcgphbGwgeW91ciBoZWxwfg==,,,,,W0N1a3VyZV0KTWFpcyB1bWEgdmV6LApvYnJpZ2FkbyBwb3IKdG9kYSBzdWEgYWp1ZGF+,,W0N1a3VyZV0KVW5hIHZleiBtw6FzLApncmFjaWFzIHBvcgp0b2RhIHR1IGF5dWRhLg==
6nguAg,,W0N1a3VyZV0KV2l0aCB5b3VyIGFzc2lzdGFuY2UsIHdlIHN1Y2Nlc3NmdWxseSBjb21wbGV0ZWQgb3VyIHJ1ZGltZW50YXJ5IHN0dWR5Lg==,,,,,W0N1a3VyZV0KQ29tIGEgc3VhIGFqdWRhLCBjb25zZWd1aW1vcyBjb21wbGV0YXIgYSBwZXNxdWlzYSBiw6FzaWNhLg==,,W0N1a3VyZV0KQ29uIHR1IGF5dWRhLCBoZW1vcyBjb21wbGV0YWRvIGNvbiDDqXhpdG8gbnVlc3RybyBlc3R1ZGlvIHJ1ZGltZW50YXJpby4=
63guAg,,W0N1a3VyZV0KRnJvbSBub3cgb24sIHdlJ2xsIHBsYW4gb3V0IG91ciBtb3JlIGFkdmFuY2VkIHN0dWRpZXMgYmFzZWQgb24gdGhlIGluZm9ybWF0aW9uIHdlIG5vdyBoYXZlIG9uIHRoZSBnb2RseSBhcnRpZmFjdHMu,,,,,W0N1a3VyZV0KRGUgYWdvcmEgZW0gZGlhbnRlLCB2YW1vcyBwbGFuZWphciBhIG5vc3NhIGZ1dHVyYSBwZXNxdWlzYSBiYXNlYWRvcyBub3MgcmVzdWx0YWRvcyBxdWUgb2J0aXZlbW9zIGRlc3NhIHZlei4KSXNzbyBzaWduaWZpY2EgcXVlIHBvc3NvIHNhaXIgcHJhIG5hbW9yYXIgdW0gcG91Y28uLi4gaGFoYWhhLi4u,,W0N1a3VyZV0KQSBwYXJ0aXIgZGUgYWhvcmEsIHBsYW5pZmljYXJlbW9zIG51ZXN0cm9zIGVzdHVkaW9zIG3DoXMgYXZhbnphZG9zIGVuIGZ1bmNpw7NuIGRlIGxhIGluZm9ybWFjacOzbiBxdWUgdGVuZW1vcyBhY3R1YWxtZW50ZSBzb2JyZSBsb3MgYXJ0ZWZhY3RvcyBkaXZpbm9zLg==
7HguAg,,W0N1a3VyZV0KTm93IHRoYXQgdGhpbmdzCmhhdmUgc2xvd2VkIGRvd24KYSBsaXR0bGUuLi4=,,,,,W0N1a3VyZV0KQWhoaC4uLgpFdSB0w7Qgc2VtcHJlIHTDo28gb2N1cGFkYSBob2plIGVtIGRpYS4KRXUgbsOjbyB0ZW5obyB0ZW1wbyBuZW0gcHJhIG5hbW9yYXIuCkRyb2dhLi4uLg==,,W0N1a3VyZV0KQWhvcmEgcXVlIGxhcyBjb3NhcwpzZSB0cmFucXVpbGl6YXJvbgp1biBwb2NvLi4u
7XguAg,,W0N1a3VyZV0KSSBjYW4gZmluYWxseQpnbyBvbiBhIGRhdGUhCkhhaGFoYWhhaGFoYX4h,,,,,W0N1a3VyZV0KRXNwZXJlLCBxdWFuZG8gZm9pIGEgw7psdGltYSB2ZXogcXVlIGNoYW1laSBhbGd1w6ltIHByYSBzYWlyLi4uPwpIbW0uLi4uCkFoaGguLi4uIEV1IHNvdSB0w6NvIG9jdXBhZGEh,,W0N1a3VyZV0KwqFQb3IgZmluIHB1ZWRvCnRlbmVyIHVuYSBjaXRhIQrCoUphLCBqYSwgamEsIGphLCBqYSwgamEsIGphLCBqYSE=
7nguAg,,W0N1a3VyZV0KQWgsIHlvdSd2ZSBjb21lIGJhY2suCkkga25vdyB5b3Ugd2VyZSBnb2luZyB0byBoZWxwIHVzLCBidXQgc29tZW9uZSBhbHJlYWR5IGFwcGxpZWQgZm9yIHRoZSBhc3Npc3RhbnQgcG9zaXRpb24u,,,,,W0N1a3VyZV0KQWgsIHZvY8OqIHZvbHRvdSEKRXUgc2FiaWEgcXVlIHZvY8OqIGlhIG5vcyBhanVkYXIuLi4KbWFzIGFsZ3XDqW0gasOhIGZleiBvIHNlcnZpw6dvIGUKbsOzcyB0ZXJtaW5hbW9zIGEgcGVzcXVpc2EgY29tIHN1Y2Vzc28u,,W0N1a3VyZV0KQWgsIHZvbHZpc3RlLgpTw6kgcXVlIGliYXMgYSBheXVkYXJub3MsIHBlcm8gYWxndWllbiB5YSBzb2xpY2l0w7MgZWwgcHVlc3RvIGRlIGFzaXN0ZW50ZS4=
73guAg,,W0N1a3VyZV0KQW55d2F5LCB3ZSd2ZSBhbHJlYWR5IGZpbmlzaGVkIG91ciBjdXJyZW50IHJlc2VhcmNoIHByb2plY3RzLiBOb3csIHdlJ3JlIGluIHRoZSBwbGFubmluZyBzdGFnZXMgZm9yIHRoZSBuZXh0IHByb2plY3RzIHdlJ2xsIGJlIGNvbmR1Y3RpbmcuLi4=,,,,,W0N1a3VyZV0KTsOzcyBjb25zZWd1aW1vcyBjb21wbGV0YXIgYSBwZXNxdWlzYSBiw6FzaWNhLgpPIHF1ZSBzaWduaWZpY2EgcXVlIHZhbW9zIHBsYW5lamFyIGEgbm9zc2EgZnV0dXJhIHBlc3F1aXNhIGJhc2VhZG9zIG5vcyByZXN1bHRhZG9zIHF1ZSBvYnRpdmVtb3MgZGVzc2EgdmV6Lg==,,W0N1a3VyZV0KRGUgdG9kb3MgbW9kb3MsIHlhIHRlcm1pbmFtb3MgbnVlc3Ryb3MgcHJveWVjdG9zIGRlIGludmVzdGlnYWNpw7NuIGFjdHVhbGVzLiBBaG9yYSBlc3RhbW9zIHBsYW5pZmljYW5kbyBsb3MgcHLDs3hpbW9zIHByb3llY3RvcyBxdWUgbGxldmFyZW1vcyBhIGNhYm8uLi4=
8HguAg,,W0N1a3VyZV0KVGhhbmsgeW91IGFueXdheSwgdGhvdWdoLiBJIGhvcGUgeW91IHdpbGwgY29tZSBhbmQgaGVscCB1cyB0aGUgbmV4dCB0aW1lIHdlIG5lZWQgYXNzaXN0YW5jZSBvbiBvdXIgcHJvamVjdHMu,,,,,W0N1a3VyZV0KT2JyaWdhZGEsIG1lc21vIGFzc2ltLgpFc3Blcm8gcXVlIHZvY8OqIHZlbmhhIG5vcyBhanVkYXIgbmEgcHLDs3hpbWEgcGVzcXVpc2Eu,,W0N1a3VyZV0KR3JhY2lhcyBkZSB0b2RvcyBtb2Rvcy4gRXNwZXJvIHF1ZSBwdWVkYXMgYXl1ZGFybm9zIGNvbiBudWVzdHJvcyBwcm95ZWN0b3MgbGEgcHLDs3hpbWEgdmV6IHF1ZSBsbyBuZWNlc2l0ZW1vcy4=
8XguAg,,W0N1a3VyZV0KTm93IHRoYXQgd2UndmUgY29tcGxldGVkIG91ciBydWRpbWVudGFyeSBzdHVkaWVzLCB3ZSdsbCBzaW1wbHkgcGxhbiBvdXQgb3VyIGZ1dHVyZSByZXNlYXJjaCBwcm9qZWN0cy4=,,,,,W0N1a3VyZV0KVmFtb3MgcGxhbmVqYXIgYSBub3NzYSBmdXR1cmEgcGVzcXVpc2EgYmFzZWFkb3Mgbm9zIHJlc3VsdGFkb3MgcXVlIG9idGl2ZW1vcyBkZXNzYSB2ZXou,,W0N1a3VyZV0KQWhvcmEgcXVlIGNvbXBsZXRhbW9zIG51ZXN0cm9zIGVzdHVkaW9zIHJ1ZGltZW50YXJpb3MsIG5vcyBsaW1pdGFyZW1vcyBhIHBsYW5pZmljYXIgbnVlc3Ryb3MgcHJveWVjdG9zIGRlIGludmVzdGlnYWNpw7NuIGEgZnV0dXJvLg==
8nguAg,,UmVzZWFyY2hlcg==,,,,,UGVzcXVpc2Fkb3I=,,SW52ZXN0aWdhZG9y
83guAg,,W0hhbGxhbmRhdXRlXQpBaCwgYXJlIHlvdSB0aGUgb25lIHdob20gTXMuIEtpcmluIHJlZmVycmVkPyBZZXMsIHNoZSBzYWlkIHlvdSB3ZXJlIGdvaW5nIHRvIGhlbHAgbWUgaW4gbXkgcmVzZWFyY2gu,,,,,W0hhbGxhbmRhdXRlXQpBaC4uLiB2b2PDqiDDqSBhIHBlc3NvYSBhIHF1ZW0gYSBTZW5ob3JpdGEgS2lyaW4gc2UgcmVmZXJpYT8KU2ltLCBlbGEgZGlzc2UgcXVlIHZvY8OqIG5vcyBhanVkYXJpYSBuYSBwZXNxdWlzYS4KSG1tbS4uLg==,,W0hhbGxhbmRhdXRlXQpBaCwgwr90w7ogZXJlcyBkZSBxdWllbiBoYWJsYWJhIGxhIFNyYS4gS2lyaW4/IFPDrSwgbWUgZGlqbyBxdWUgbWUgYXl1ZGFyw61hcyBlbiBtaSBpbnZlc3RpZ2FjacOzbi4=
9HguAg,,W0hhbGxhbmRhdXRlXQpGcmFua2x5LCB3ZSBkb24ndCByZWFsbHkgbmVlZCBhbnlvbmUgd2hvIGRvZXNuJ3Qgc3BlY2lhbGl6ZQppbiBvdXIgZmllbGQgb2Ygc3R1ZHku,,,,,W0hhbGxhbmRhdXRlXQpGcmFuY2FtZW50ZSwgbsOjbyBwcmVjaXNhbW9zIGRlIHBlc3NvYXMgcXVlIG7Do28gc8OjbyBlc3BlY2lhbGl6YWRhcyBuaXNzbywKbWVzbW8gcXVlIGVzdGVqYW1vcyBzZW0gZm9yw6dhIGRlIHRyYWJhbGhvLg==,,W0hhbGxhbmRhdXRlXQpGcmFuY2FtZW50ZSwgbm8gbmVjZXNpdGFtb3MgYSBuYWRpZSBxdWUgbm8gc2UgZXNwZWNpYWxpY2UKZW4gbnVlc3RybyBjYW1wbyBkZSBlc3R1ZGlvLg==
9XguAg,,W0hhbGxhbmRhdXRlXQpCdXQgaWYgeW91IGRvbid0IG1pbmQgaGVscGluZyB1cyBvdXQgYnkgZG9pbmcgbGl0dGxlLCBtZW5pYWwgdGFza3MsIHRoZW4gaXQnZCBwcm9iYWJseSBicmluZyBzb21lIHJlbGllZiB0byBvdXIgd29ya2xvYWQu,,,,,W0hhbGxhbmRhdXRlXQpNYXMgdm9jw6ogcG9kZSBhanVkYXIgZmF6ZW5kbyBjb2lzYXMgcXVlIHRlbW9zIHByZWd1acOnYSBkZSBmYXplciwKLi4uLnNlIG7Do28gc2UgaW1wb3J0YXIu,,W0hhbGxhbmRhdXRlXQpQZXJvIHNpIG5vIHRlIG1vbGVzdGEgYXl1ZGFybm9zIGNvbiB0YXJlYXMgcGVxdWXDsWFzIHkgc2VydmlsZXMsIHByb2JhYmxlbWVudGUgbm9zIGFsaXZpYXLDrWFzIHVuIHBvY28gbGEgY2FyZ2EgZGUgdHJhYmFqby4=
9nguAg,,W0hhbGxhbmRhdXRlXQpOb3cuLi4KV2hhdCB3b3VsZCBiZQphIGdvb2Qgam9iIGZvciB5b3U/CkxldCBtZSB0aGluay4uLg==,,,,,W0hhbGxhbmRhdXRlXQpBaCwgYmVtLi4uCk8gcXVlIHNlcmlhIHVtIGJvbSB0cmFiYWxobyBwcmEgdm9jw6ouLi4uCkRlaXhlLW1lIHBlbnNhci4uLgpBaC4uLg==,,W0hhbGxhbmRhdXRlXQpFbnRvbmNlcy4uLgrCv0N1w6FsIHNlcsOtYQp1biBidWVuIHRyYWJham8gcGFyYSB0aT8KRMOpamFtZSBwZW5zYXIuLi4=
93guAg,,W0hhbGxhbmRhdXRlXQpJIGdvdCBpdCEKV2h5IGRvbid0IHlvdSBnbyBhbmQgdmlzaXQgXkZGMDAwME1ldHRvXjAwMDAwMCBmb3IgbWU/IFBsZWFzZSBicmluZyBtZSBhbnkgbmV3cyB0aGF0IGhlJ2QgbGlrZSB0byByZXBvcnQu,,,,,W0hhbGxhbmRhdXRlXQpKw6Egc2VpLgpWb2PDqiBwb2RlIHZpc2l0YXIgXkZGMDAwME1ldG9eMDAwMDAwIHF1ZSBlc3TDoSBlbSB1bWEgZGFzIGNvbnN0cnXDp8O1ZXMgZGUgSnVubyBwYXJhIG1pbT8KUG9yIGZhdm9yLCB0cmFnYS1tZSBub3TDrWNpYXMgZGVsZS4=,,W0hhbGxhbmRhdXRlXQrCoVlhIGxvIHRlbmdvIQrCv1BvciBxdcOpIG5vIHZpc2l0YXMgYSBeRkYwMDAwTWV0dG9eMDAwMDAwIHBvciBtw60/IEluZsOzcm1hbWUgZGUgY3VhbHF1aWVyIG5vdGljaWEgcXVlIHF1aWVyYSBjb211bmljYXJtZS4=
+HguAg,,W0hhbGxhbmRhdXRlXQpTaW5jZSBoZSdzIHdvcmtpbmcgb24gYSBwcm9qZWN0IHNpbWlsYXIgdG8gbWluZSwgaGUgbWlnaHQgYmUgaW4gYSBwb3NpdGlvbiB0byBoZWxwIG1lLiBNZXR0byBsaXZlcyBpbiBKdW5vLCBzbyB5b3UgY2FuIGVhc2lseSBmaW5kIGhpbS4=,,,,,W0hhbGxhbmRhdXRlXQpKw6EgcXVlIGVsZSBlc3TDoSB0cmFiYWxoYW5kbyBudW0gYXNzdW50byBwYXJlY2lkbyBjb20gbyBtZXUsCmFjaG8gcXVlIGVsZSB2YWkgcG9kZXIgbWUgYWp1ZGFyLgpFbGUgdMOhIGVtIEp1bm8sIHZvY8OqIHBvZGUgYWNow6EtbG8gZmFjaWxtZW50ZS4=,,W0hhbGxhbmRhdXRlXQpDb21vIGVzdMOhIHRyYWJhamFuZG8gZW4gdW4gcHJveWVjdG8gc2ltaWxhciBhbCBtw61vLCBxdWl6w6EgcHVlZGEgYXl1ZGFybWUuIE1ldHRvIHZpdmUgZW4gSnVubywgYXPDrSBxdWUgcHVlZGVzIGVuY29udHJhcmxvIGbDoWNpbG1lbnRlLg==
+XguAg,,W0hhbGxhbmRhdXRlXQpJIGd1ZXNzIHlvdSBoYXZlbid0IGZvdW5kIE1ldHRvIHlldC4gQWx0aG91Z2ggaGUgbWlnaHQgYmUgYSBsaXR0bGUgb3ZlciBlbnRodXNpYXN0aWMgYXQgdGltZXMsIGhlJ3Mgbm90IGEgYmFkIGd1eSBhdCBhbGwu,,,,,W0hhbGxhbmRhdXRlXQpFdSBhY2hvIHF1ZSB2b2PDqiBudW5jYSBvIHZpdSBhbnRlcy4KRW1ib3JhIHNlamEgdW0gcG91Y28gZXhpZ2VudGUsIGVsZSBuw6NvIMOpIG3DoSBwZXNzb2Eu,,W0hhbGxhbmRhdXRlXQpTdXBvbmdvIHF1ZSBhw7puIG5vIGhhcyBlbmNvbnRyYWRvIGEgTWV0dG8uIEF1bnF1ZSBhIHZlY2VzIHNlIGVudHVzaWFzbWUgdW4gcG9jbyBkZSBtw6FzLCBubyBlcyB1biBtYWwgdGlwbyBlbiBhYnNvbHV0by4=
+nguAg,,W0hhbGxhbmRhdXRlXQpXZSd2ZSBiZWVuIGZyaWVuZHMgZm9yIGEgbG9uZyB0aW1lIGFmdGVyIHdvcmtpbmcgaW4gdGhlIHNhbWUgZmllbGQgZm9yIHNvIGxvbmcuIEkgd29uZGVyIGhvdyBoZSdzIGRvaW5nPw==,,,,,W0hhbGxhbmRhdXRlXQpOw7NzIHNvbW9zIGFtaWdvcyBow6EgdW0gYm9tIHRlbXBvLApqw6EgcXVlIHRyYWJhbGhhbW9zIGVtIGNhbXBvcyBkZSBwZXNxdWlzYSBwYXJlY2lkb3Mu,,W0hhbGxhbmRhdXRlXQpGdWltb3MgYW1pZ29zIGR1cmFudGUgbXVjaG8gdGllbXBvIGRlc3B1w6lzIHRyYWJhamFyIGVuIGVsIG1pc21vIGNhbXBvIHRhbnRvcyBhw7Fvcy4gTWUgcHJlZ3VudG8gY8OzbW8gZXN0YXLDoS4=
+3guAg,,W0hhbGxhbmRhdXRlXQpBbnl3YXksIGp1c3QgYXNrIGhpbSBhYm91dCBhbnkgcHJvZ3Jlc3Mgb24gaGlzIHJlc2VhcmNoLiBBbmQgaWYgaGUgaGFwcGVucyB0byBhc2sgeW91IGZvciBoZWxwLCBwbGVhc2UgbGVuZCBoaW0geW91ciBhc3Npc3RhbmNlLg==,,,,,W0hhbGxhbmRhdXRlXQpFdSBtZSBwZXJndW50byBzZSBlbGUgZXN0w6EgYmVtLgpWb2PDqiBwb2RlIGFwZW5hcyBwZXJndW50YXIgY29tbyBhbmRhIGEgc3VhIHBlc3F1aXNhLgpPYnJpZ2FkbyBwb3Igc3VhIHByZW9jdXBhw6fDo28u,,W0hhbGxhbmRhdXRlXQpEZSB0b2RvcyBtb2RvcywgcHJlZ8O6bnRhbGUgc29icmUgY3VhbHF1aWVyIHByb2dyZXNvIGVuIHN1IGludmVzdGlnYWNpw7NuLiBZIHNpIHRlIHBpZGUgYXl1ZGEsIHBvciBmYXZvciwgaGF6bG8u
/HguAg,,W0hhbGxhbmRhdXRlXQpIbW1tLi4uClNvIGhvdydzIE1ldHRvPwpIbW0/IEl0IHNlZW1zIGxpa2UKaGUgaGFzIGNoYW5nZWQuLi4=,,,,,W0hhbGxhbmRhdXRlXQpIbW1tLi4uLgpFbnRlbmRvLi4uLgpPYnJpZ2FkbyBwb3Igc3VhIHByZW9jdXBhw6fDo28uLi4=,,W0hhbGxhbmRhdXRlXQpNbW1tLi4uCsK/Q8OzbW8gZXN0w6EgTWV0dG8/CsK/TW1tPyBQYXJlY2UgcXVlCmhhIGNhbWJpYWRvLi4u
/XguAg,,W0hhbGxhbmRhdXRlXQpIbW1tLi4uClNvIGhvdydzIE1ldHRvPw==,,,,,W0hhbGxhbmRhdXRlXQpIbW1tLi4uIHBhcmVjZSBxdWUgZWxlIG11ZG91Li4uCmhtbW0uLg==,,W0hhbGxhbmRhdXRlXQpNbW1tLi4uCsK/Q8OzbW8gZXN0w6EgTWV0dG8/
/nguAg,,W0hhbGxhbmRhdXRlXQpBIG1hZCBzY2llbnRpc3Q/ClRoYXQgZG9lc24ndCBzb3VuZCByaWdodC4gSW4gbXkgd2lsZGVzdCBkcmVhbXMsIEkgbmV2ZXIgd291bGQgaGF2ZSBzdXNwZWN0ZWQgTWV0dG8gb2YgdHVybmluZyBvdXQgdGhhdCB3YXkuLi4=,,,,,W0hhbGxhbmRhdXRlXQo/IQouLi4uLi4uLi4uLgpBaCwgYmVtLi4uLi4KRXUgbnVuY2EgZXNwZXJhdmEgcXVlIGEgc2l0dWHDp8OjbyBjaGVnYXJpYSBhIGVzc2UgcG9udG8uClVtbW0uLi4u,,W0hhbGxhbmRhdXRlXQrCv1VuIGNpZW50w61maWNvIGxvY28/CkVzbyBubyBzdWVuYSBiaWVuLiBOaSBlbiB1biBtaWxsw7NuIGRlIGHDsW9zIG1lIGh1YmllcmEgaW1hZ2luYWRvIHF1ZSBNZXR0byBhY2FiYXLDrWEgYXPDrS4uLg==
/3guAg,,W0hhbGxhbmRhdXRlXQpIdWguIFRoYXQncy4uLgpUaGF0J3MgdG9vIGJhZC4gSSBkb24ndCBrbm93IHdoYXQgdG8gc2F5LiBXZSB1c2VkIHRvIGdvIHdhdGNoIG1vdmllcyBhbmQgY2VsZWJyYXRlIG91ciBiaXJ0aGRheXMgdG9nZXRoZXIuIFAtcGxlYXNlIGdpdmUgbWUgYSBtb21lbnQuLi4=,,,,,W0hhbGxhbmRhdXRlXQpPaCwgYmVtLCBqw6EgYWNvbnRlY2V1LiBPaywgb2JyaWdhZG8gcGVsYSBhanVkYS4KUG9yIGZhdm9yLCBlc3BlcmUgdW0gbW9tZW50by4KRXUgdGVuaG8gZGUgcGVuc2FyIG51bWEgY29pc2EuClVtbW1tbS4uLi4=,,W0hhbGxhbmRhdXRlXQpNbS4gRXNvIGVzLi4uCkVzIHVuYSBwZW5hLiBObyBzw6kgcXXDqSBkZWNpci4gU29sw61hbW9zIGlyIGEgdmVyIHBlbMOtY3VsYXMgeSBjZWxlYnJhciBudWVzdHJvcyBjdW1wbGVhw7FvcyBqdW50b3MuIFBvciBmYXZvciwgZGFtZSB1biBtb21lbnRvLi4u
AHkuAg,,W0hhbGxhbmRhdXRlXQpBaC4uLgpZb3UgY2FtZSBiYWNrLgpBbHJpZ2h0LCBsZXQgbWUgZ2l2ZSB5b3UgdGhlIGdpc3Qgb2Ygd2hhdCBJJ20gcmVzZWFyY2hpbmcu,,,,,W0hhbGxhbmRhdXRlXQpBaC4uLgpWb2PDqiB2b2x0b3UuCi4uLkRlaXhlLW1lIGxoZSBmYWxhciB1bSBwb3VjbyBkbyBxdWUgZXUgdMO0IHBlc3F1aXNhbmRvIGFnb3JhLg==,,W0hhbGxhbmRhdXRlXQpBaC4uLgpSZWdyZXNhc3RlLgpNdXkgYmllbiwgZMOpamFtZSBkYXJ0ZSBlbCByZXN1bWVuIGRlIGxvIHF1ZSBlc3RveSBpbnZlc3RpZ2FuZG8u
AXkuAg,,W0hhbGxhbmRhdXRlXQpJJ20gdHJ5aW5nIHRvIGxlYXJuIG1vcmUgYWJvdXQgdGhlICdeRkYwMDAwV2hlZWwgb2YgdGhlIFVua25vd25eMDAwMDAwLCcgd2hpY2ggd2FzIGRpc2NvdmVyZWQgdG8gYmUgYSBwaWVjZSBvZiB0aGUgYXJ0aWZhY3Qga25vd24gYXMgXkZGMDAwMFNsZWlwbmlyXjAwMDAwMC4=,,,,,W0hhbGxhbmRhdXRlXQpFdSB0w7QgcGVzcXVpc2FuZG8gYSAnXkZGMDAwMFJvZGEgRGVzY29uaGVjaWRhXjAwMDAwMCcsIHF1ZSBmb2kgZGVzY29iZXJ0YSBjb21vIHVtYSBwZcOnYSBkZSAnXkZGMDAwMFNsZWlwbmlyXjAwMDAwMCcu,,W0hhbGxhbmRhdXRlXQpFc3RveSBpbnRlbnRhbmRvIGF2ZXJpZ3VhciBtw6FzIHNvYnJlIGxhIF5GRjAwMDBSdWVkYSBkZSBsbyBkZXNjb25vY2lkb14wMDAwMDAsIHF1ZSBzZSBkZXNjdWJyacOzIHF1ZSBlcmEgdW5hIHBpZXphIGRlbCBhcnRlZmFjdG8gY29ub2NpZG8gY29tbyBeRkYwMDAwU2xlaXBuaXJeMDAwMDAwLg==
AnkuAg,,W0hhbGxhbmRhdXRlXQpJdCBsb29rcyBsaWtlCmEgbm9ybWFsIGNvZ3doZWVsLi4uCkJ1dCBJIGNhbid0IGZpZ3VyZSBvdXQgaG93IGl0J3Mgc3VwcG9zZWQgdG8gd29yay4=,,,,,W0hhbGxhbmRhdXRlXQpQYXJlY2UgYXBlbmFzIHVtYSByb2RhIGRlbnRhZGEgY29tdW0sIG1hcyBldSBuw6NvIGNvbnNpZ28gZW50ZW5kZXIgY29tbyBlbGEgZnVuY2lvbmEu,,W0hhbGxhbmRhdXRlXQpTZSB2ZSBjb21vCnVuYSBydWVkYSBkZW50YWRhIGNvbcO6biB5IGNvcnJpZW50ZS4uLgpQZXJvIG5vIGxvZ3JvIGVudGVuZGVyIGPDs21vIHNlIHN1cG9uZSBxdWUgZnVuY2lvbmEu
A3kuAg,,W0hhbGxhbmRhdXRlXQpUaGUgbW9zdCBwZWN1bGlhciB0aGluZyBvZiBhbGwgYWJvdXQgdGhpcyBjb2d3aGVlbCBpcyB0aGUgbWV0YWwKb2Ygd2hpY2ggaXQgaXMgY29tcG9zZWQu,,,,,W0hhbGxhbmRhdXRlXQpBIGNvaXNhIG1haXMgZXN0cmFuaGEgc29icmUgZXNzYSByb2RhIGRlbnRhZGEgw6kgbyBzZXUgbWF0ZXJpYWwu,,W0hhbGxhbmRhdXRlXQpMbyBtw6FzIHBlY3VsaWFyIGRlIGVzdGEgcnVlZGEgZGVudGFkYSBlcyBlbCBtZXRhbApkZWwgcXVlIGVzdMOhIGNvbXB1ZXN0YS4=
BHkuAg,,W0hhbGxhbmRhdXRlXQpJdCBsb29rcyBhbmQgZmVlbHMgbGlrZSBzdGVlbCxidXQgZXh0cmVtZSBoZWF0IGFuZCBjb2xkIGRvbid0IGFmZmVjdCBpdC4gSXQgYWxzbyBjYW5ub3QgYmUgZGVudGVkIGJ5IGFueSBraW5kIG9mIGltcGFjdCBvciBmb3JjZSBJIGNhbiBhcHBseSB0byBpdC4=,,,,,W0hhbGxhbmRhdXRlXQpQYXJlY2UgZmVpdGEgZGUgYcOnbywgbWFzIG7Do28gaW1wb3J0YXZhIG8gcXVhbnRvIGV1IGEgYXF1ZWNpYSwgZWxhIG7Do28gYXByZXNlbnRvdSByZXNwb3N0YSBhbyBjYWxvci4KQSBtZXNtYSBjb2lzYSBhY29udGVjZXUgcXVhbmRvIHRlbnRlaSByZXNmcmnDoS1sYS4=,,W0hhbGxhbmRhdXRlXQpTZSB2ZSB5IHNlIHNpZW50ZSBjb21vIGFjZXJvLCBwZXJvIG5vIGxvIGFmZWN0YW4gbmkgZWwgY2Fsb3IgbmkgZWwgZnLDrW8gZXh0cmVtb3MuIFRhbXBvY28gc2UgYWJvbGxhIGFudGUgbmluZ8O6biB0aXBvIGRlIGltcGFjdG8gbyBmdWVyemEgcXVlIGxlIGFwbGlxdWVuLg==
BXkuAg,,W0hhbGxhbmRhdXRlXQpTb21ldGltZXMsIEkgZmluZCB0aGF0IHRoZSBXaGVlbCBvZiB0aGUgVW5rbm93biByZXNvbmF0ZXMgd2l0aCBjZXJ0YWluIG9iamVjdHMsIGJ1dCBJIGhhdmVuJ3QgZ290IGl0IHRvIG9jY3VyIGFsbCBvZiB0aGUgdGltZS4=,,,,,W0hhbGxhbmRhdXRlXQpBbMOpbSBkaXNzbywgZWxhIG7Do28gcmVzcG9uZGUgYSBuZW5odW0gdGlwbyBkZSBpbXBhY3RvLgpOw6NvIGltcG9ydGEgbyBxdWFudG8gZXUgYmF0aWEgbmVsYSBvdSBhIGRlaXhhdmEgY2FpciwKZWxhIHNlIG1hbnRpbmhhIGludGFjdGEu,,W0hhbGxhbmRhdXRlXQpBIHZlY2VzLCBsYSBSdWVkYSBkZSBsbyBkZXNjb25vY2lkbyByZXN1ZW5hIGNvbiBjaWVydG9zIG9iamV0b3MsIHBlcm8gbm8gaGUgY29uc2VndWlkbyBxdWUgb2N1cnJhIHNpZW1wcmUu
BnkuAg,,W0hhbGxhbmRhdXRlXQpJJ20gZ3Vlc3NpbmcgdGhhdCBJJ20gbWlzc2luZyBzb21lIHNvcnQgb2Ygc3BlY2lhbCBjb25kaXRpb24gdGhhdCB3aWxsIG1ha2UgdGhlIFdoZWVsIG9mIHRoZSBVbmtub3duIHJlc29uYXRlIHdpdGggc3BlY2lmaWMgbWF0ZXJpYWxzLg==,,,,,W0hhbGxhbmRhdXRlXQpNYXMgZGVzY29icmkgcXVlIGVzc2EgY29pc2EgcGFyZWNlIHJlc3NvYXIgY29tCmNlcnRvcyBvYmpldG9zLgpQb3LDqW0sIHBhcmVjZSBxdWUgaXNzbyBuw6NvIGZ1bmNpb25hIHNlbXByZSBkbyBtZXNtbyBqZWl0by4=,,W0hhbGxhbmRhdXRlXQpTdXBvbmdvIHF1ZSBtZSBmYWx0YSBhbGfDum4gdGlwbyBkZSBjb25kaWNpw7NuIGVzcGVjaWFsIHF1ZSBoYWdhIHF1ZSBsYSBSdWVkYSBkZSBsbyBkZXNjb25vY2lkbyByZXN1ZW5lIGNvbiBtYXRlcmlhbGVzIGVzcGVjw61maWNvcy4=
B3kuAg,,W0hhbGxhbmRhdXRlXQpBbnl3YXksIEkgdGhhbmsgeW91IGZvciBoZWxwaW5nIG1lIG91dCBlYXJsaWVyLiBUaGF0J3MgYmFzaWNhbGx5IGFsbCBJIG5lZWRlZCwgc28gcGxlYXNlIHRhbGsgdG8gdGhlIG90aGVyIHJlc2VhcmNoZXJzIGFuZCBzZWUgaWYgdGhleSBuZWVkIGFueSBhc3Npc3RhbmNlLg==,,,,,W0hhbGxhbmRhdXRlXQpWYW1vcyBkaXplciwgcXVlIGVsYSBlcmEgcmVzc29uYW50ZSBjb20gbyBvYmpldG8gJ0EnLCBtYXMsIHF1YW5kbyBldSB0ZW50YXZhIGRlIG5vdm8sIHBhcmVjaWEgbsOjbyBmdW5jaW9uYXIgY29tICdBJy4KU2VndXJhbWVudGUsIHRlbSBkZSBoYXZlciBhbGd1bSB0aXBvIGRlIGNvbmRpw6fDo28gYSBzZXIgcmVzcGVpdGFkYSBwYXJhIHF1ZSBlbGEgc2VqYSByZXNzb25hbnRlLi4uCkhtbSBobW1tLi4u,,W0hhbGxhbmRhdXRlXQpEZSB0b2RvcyBtb2RvcywgdGUgYWdyYWRlemNvIHBvciBheXVkYXJtZSBhbnRlcy4gRXNvIGVzIGLDoXNpY2FtZW50ZSB0b2RvIGxvIHF1ZSBuZWNlc2l0YWJhLCBhc8OtIHF1ZSBoYWJsYSBjb24gbG9zIG90cm9zIGludmVzdGlnYWRvcmVzIHBhcmEgdmVyIHNpIG5lY2VzaXRhbiBheXVkYS4=
CHkuAg,,W0hhbGxhbmRhdXRlXQpPaCwgc29ycnkuCkknbSBxdWl0ZSBidXN5IGNvbXBpbGluZyBhbGwgb2YgdGhpcyBpbmZvcm1hdGlvbiBhdCB0aGUgbW9tZW50Lg==,,,,,W0hhbGxhbmRhdXRlXQpBaC4uLi4KUGXDp28gZGVzY3VscGFzIHBvciBmYWxhciBjb2lzYXMgcXVlIG7Do28gc8OjbyBpbXBvcnRhbnRlcy4KUG9yIGZhdm9yLCBlc3F1ZcOnYSBvIHF1ZSBldSBkaXNzZS4KT2JyaWdhZGEgcG9yIHN1YSBhanVkYSwgZGUgcXVhbHF1ZXIgamVpdG8uCk91dHJvcyBwZXNxdWlzYWRvcmVzIHBvZGVtIHByZWNpc2FyIGRhIHN1YSBhanVkYSB0YW1iw6ltLgpIbW1tLi4u,,W0hhbGxhbmRhdXRlXQpBaCwgbG8gc2llbnRvLgpFbiBlc3RvcyBtb21lbnRvcyBlc3RveSBiYXN0YW50ZSBvY3VwYWRvIHJlY29waWxhbmRvIHRvZGEgZXN0YSBpbmZvcm1hY2nDs24u
CXkuAg,,W0hhbGxhbmRhdXRlXQpMZXQncyBzZWUuLi4KTm93IGhvdyB3b3VsZCBJLi4uCl4zMzMzMzMqTXVtYmxlIG11bWJsZSpeMDAwMDAw,,,,,W0hhbGxhbmRhdXRlXQpQb3IgZmF2b3IsIG1lIGTDqiB1bSBtaW51dG8uClRlbmhvIGRlIG9yZ2FuaXphciB1bWFzIGNvaXNhcwpVbW1tLi4uLgpQb3IgaXNzby4uLgotIGUgbXVybXVyYSBhbGd1bWEgY29pc2Eu,,W0hhbGxhbmRhdXRlXQpWZWFtb3MuLi4KRW50b25jZXMsIMK/Y8OzbW8gcG9kcsOtYS4uLj8KXjMzMzMzMypNdW1ibGUgbXVtYmxlKl4wMDAwMDA=
CnkuAg,,W0hhbGxhbmRhdXRlXQpIbW1tLi4uCkhvdyBkb2VzIHRoaXMgd29yaz8KVGhlcmUncyBzdGlsbCB0b28gbXVjaCB3ZSBkb24ndCBrbm93IGFib3V0IHRoZSBnb2RseSBhcnRpZmFjdHMuIF4zMzMzMzMqU2lnaCpeMDAwMDAw,,,,,W0hhbGxhbmRhdXRlXQpIbW1tLi4uClBvciBpc3NvLi4uCmZ1bmNpb25hIGRlc3NlIGplaXRvLi4uClVtbS4uLi4gaXNzbyDDqS4uLgpBaCBiZW0sIHNlcmlhIG1lbGhvciBzZSBlc3RpdmVzc2UgZW0gYm9hIGZvcm1hLi4uCmFmZi4uLg==,,W0hhbGxhbmRhdXRlXQpNbW1tLi4uCsK/Q8OzbW8gZnVuY2lvbmE/CkhheSBtdWNobyBxdWUgdG9kYXbDrWEgbm8gc2FiZW1vcyBzb2JyZSBsb3MgYXJ0ZWZhY3RvcyBkaXZpbm9zLiBeMzMzMzMzKlN1c3BpcmEqXjAwMDAwMA==
C3kuAg,,W0hhbGxhbmRhdXRlXQpJdCdzIG5vdCBlYXN5LCB3b3JraW5nIG9uIHRoaXMgYWxvbmUuIEhhdmluZyBhbiBleHRyYSBwYWlyIG9mIGhhbmRzIGlzIGFsd2F5cyBnb29kLg==,,,,,W0hhbGxhbmRhdXRlXQpVbW1tLi4uLgpFbnTDo28gc2Vyw6EuLi4uLi4KQmFoISBOw6NvIMOpIGbDoWNpbCB0cmFiYWxoYXIgbmlzc28gc296aW5obyEKw4kgc2VtcHJlIGJvbSB0ZXIgdW0gYXNzaXN0ZW50ZS4=,,W0hhbGxhbmRhdXRlXQpObyBlcyBmw6FjaWwgdHJhYmFqYXIgZW4gZXN0byBzb2xvLiBVbiBwYXIgZGUgbWFub3MgZXh0cmEgc2llbXByZSBlcyBkZSBheXVkYS4=
DHkuAg,,W0hhbGxhbmRhdXRlXQpSaWdodCBub3csIEkganVzdCBuZWVkIHNvbWVvbmUgd2l0aCB3aG9tIEkgY2FuIHNoYXJlIHRoZSB3b3JrbG9hZC4gU3RpbGwsIGRpZmZlcmVudCBhc3Npc3RhbnRzIG1pZ2h0IGJlIGJldHRlciBkZXBlbmRpbmcgb24gdGhlIHByb2plY3Qu,,,,,W0hhbGxhbmRhdXRlXQpFdSBwb3NzbyBkaXZpZGlyIGEgY2FyZ2EgZGUgdHJhYmFsaG8gY29tIGVsZS4KRW50cmV0YW50bywgdGlwb3MgZGUgdHJhYmFsaG8gYWZldGFtIG8gdGlwbyBkZSBhc3Npc3RlbnRlIHF1ZSBldSBwcmVjaXNvLg==,,W0hhbGxhbmRhdXRlXQpFbiBlc3RlIG1vbWVudG8sIHNvbG8gbmVjZXNpdG8gYSBhbGd1aWVuIGNvbiBxdWllbiBjb21wYXJ0aXIgbGEgY2FyZ2EgZGUgdHJhYmFqby4gQXVuIGFzw60sIHNlZ8O6biBlbCBwcm95ZWN0bywgcHVlZGUgc2VyIG1lam9yIGNvbnRhciBjb24gZGlzdGludG9zIGFzaXN0ZW50ZXMu
DXkuAg,,W0hhbGxhbmRhdXRlXQpCYXNpY2FsbHksIGlmIGFuIGFzc2lzdGFudCBpcyBlc3BlY2lhbGx5IHRyYWluZWQgaW4gdGhlIGZpZWxkIHJlbGF0ZWQgdG8gbXkgY3VycmVudCByZXNlYXJjaCBwcm9qZWN0LCBoZSdsbCBwcm9iYWJseSBiZSBtb3JlIHVzZWZ1bCB0aGFuIHNvbWVvbmUgd2hvJ3Mgbm90Lg==,,,,,W0hhbGxhbmRhdXRlXQpQb3IgZXhlbXBsbywgc2UgZXN0aXZlciB0cmFiYWxoYW5kbyBudW0gcHJvamV0byBjaGFtYWRvICdBJywKZXUgdm91IHByZWNpc2FyIGRlIHVtIGFzc2lzdGVudGUgY2hhbWFkbyAnRycsIHF1ZSDDqSBlc3BlY2lhbGl6YWRvIG5lc3NlIHByb2pldG8uCk1hcywgc2UgZXN0aXZlciB0cmFiYWxoYW5kbyBudW0gcHJvamV0byBjaGFtYWRvICdCJywKZXUgdm91IHByZWNpc2FyIGRlIHVtIGFzc2lzdGVudGUgY2hhbWFkbyAnSCcsIHF1ZSDDqSBlc3BlY2lhbGl6YWRvIG5lc3NlIHByb2pldG8u,,W0hhbGxhbmRhdXRlXQpCw6FzaWNhbWVudGUsIHNpIHVuIGFzaXN0ZW50ZSBlc3TDoSBlc3BlY2lhbG1lbnRlIGZvcm1hZG8gZW4gZWwgY2FtcG8gZGUgaW52ZXN0aWdhY2nDs24gcmVsYWNpb25hZG8gY29uIG1pIHByb3llY3RvIGFjdHVhbCwgcHJvYmFibGVtZW50ZSBzZXLDoSBtw6FzIMO6dGlsIHF1ZSBhbGd1aWVuIHF1ZSBubyBsbyBlc3TDqS4=
DnkuAg,,W0hhbGxhbmRhdXRlXQpPZiBjb3Vyc2UsIHRoZXJlIGFyZSBwZW9wbGUgd2hvIGFyZSBnb29kIGF0IGV2ZXJ5dGhpbmcuIEJ1dCBzaW5jZSB0aG9zZSBhcmUgcmFyZSwgSSB0cnkgdG8gY2hvb3NlIGp1c3QgdGhlIHJpZ2h0IGFzc2lzdGFudCBmb3IgZWFjaCBvZiBteSBwcm9qZWN0cy4=,,,,,W0hhbGxhbmRhdXRlXQpDbGFybywgcG9kZW0gZXhpc3RpciBwZXNzb2FzIHF1ZSBzw6NvIGJvYXMgZW0gcXVhbHF1ZXIgY29pc2EuCk1hcywgY29tbyBlbGFzIHPDo28gZGlmw61jZWlzIGRlIGFjaGFyLCBkZXZlbW9zIGVzY29saGVyIGEgcGVzc29hIGNlcnRhIHBhcmEgY2FkYSBwcm9qZXRvLg==,,W0hhbGxhbmRhdXRlXQpQb3Igc3VwdWVzdG8sIGhheSBnZW50ZSBxdWUgZXMgYnVlbmEgZW4gdG9kby4gUGVybyBjb21vIGVzbyBubyBlcyBtdXkgY29tw7puLCBpbnRlbnRvIGVsZWdpciBhbCBheXVkYW50ZSBhZGVjdWFkbyBwYXJhIGNhZGEgdW5vIGRlIG1pcyBwcm95ZWN0b3Mu
D3kuAg,,W0FhZGluXQpeMzMzMzMzKllhd25+Kl4wMDAwMDAKSG1tbW1tPwpBaC4uLg==,,,,,W0FhZGluXQoqYm9jZWpvKgpIw6M/CkhtbW0uLi4u,,W0FhZGluXQpeMzMzMzMzKkJvc3Rlem8qXjAwMDAwMArCv01tbW1tbT8KQWguLi4=
EHkuAg,,W0FhZGluXQpOaWNlIHRvIG1lZXQgeW91LgpZb3UncmUgdGhlIHRlbXBvcmFyeSBhc3Npc3RhbnQsIHJpZ2h0PyBUaGF0J3MgZ3JlYXQsIGFsbCBvZiB1cyBhcmUgaGF2aW5nIGEgaGFyZCB0aW1lIHdvcmtpbmcKd2l0aG91dCBtdWNoIGhlbHAu,,,,,W0FhZGluXQpQcmF6ZXIgZW0gY29uaGVjw6otbG8u,,W0FhZGluXQpRdcOpIGJ1ZW5vIGNvbm9jZXJ0ZS4KVmllbmVzIGNvbW8gYXNpc3RlbnRlIHRlbXBvcmFsLCDCv3ZlcmRhZD8gRXNvIGVzIGdlbmlhbC4gU2Ugbm9zIGVzdMOhIGRpZmljdWx0YW5kbyBhIHRvZG9zIHRyYWJhamFyCmNvbiB0YW4gcG9jYSBheXVkYS4=
EXkuAg,,W0FhZGluXQpPa2F5Li4uCkxldCBtZSBleHBsYWluCnRvIHlvdSB0aGUgcHJvamVjdAp0aGF0IEknbSB3b3JraW5nIG9uLg==,,,,,W0FhZGluXQpUw6EgYm9tLi4uCkRlaXhhIGV1IGxoZSBleHBsaWNhciBvIHF1ZSB0w7QgZmF6ZW5kbyBubyBtb21lbnRvLg==,,W0FhZGluXQpEZSBhY3VlcmRvLi4uClRlIGV4cGxpY2Fyw6kKZWwgcHJveWVjdG8KZW4gZWwgcXVlIGVzdG95IHRyYWJhamFuZG8u
EnkuAg,,W0FhZGluXQpJJ20gdHJ5aW5nIHRvIGZpbmQgb3V0IGV2ZXJ5dGhpbmcgSSBjYW4gYWJvdXQgdGhlICdeRkYwMDAwRmVhdGhlciBvZiBBbmdlbCBXaW5nXjAwMDAwMC4nIFN1cHBvc2VkbHksIGl0J3Mgb25lIG9mCnRoZSBwYXJ0cyBvZiAnU2xlaXBuaXIuJw==,,,,,W0FhZGluXQpFdSB0w7QgZXN0dWRhbmRvICdQZW5hIGRlIEFzYSBBbmdlbGljYWwnLCBxdWUgw6kgCnVtIGRvcyBtYXRlcmlhaXMgZGUgJ1NsZWlwbmlyJy4=,,W0FhZGluXQpJbnRlbnRvIGF2ZXJpZ3VhciB0b2RvIGxvIHF1ZSBwdWVkYSBzb2JyZSBsYSBeRkYwMDAwUGx1bWEgZGUgw6FuZ2VsIGFsYWRvXjAwMDAwMC4gU3VwdWVzdGFtZW50ZSwgZXMgdW5hIGRlCmxhcyBwaWV6YXMgZGUgU2xlaXBuaXIu
E3kuAg,,W0FhZGluXQpSaWdodCBub3csIEknbQpmb2N1c2luZyBvbiBzdHVkeWluZwp0aGUgYmFja2dyb3VuZCBzdG9yeSBvZiB0aGlzIGZlYXRoZXIsIGFzIHdlbGwgYXMgaG93IGl0IGNhbWUKdG8gYmUgYSBtYXRlcmlhbCBmb3IgYSBnb2RseSBhcnRpZmFjdC4=,,,,,W0FhZGluXQpTb2JyZXR1ZG8sIGV1IHTDtCBmb2NhZG8gbmEgaGlzdMOzcmlhIHBvciB0csOhcwpkZXNzYSBwZW5hLCBwb3IgZXhlbXBsbywgY29tbyBlbGEgc2UgdG9ybm91IG1hdGVyaWFsIGRlICdTbGVpcG5pcicu,,W0FhZGluXQpFbiBlc3RlIG1vbWVudG8sIG1lCmVzdG95IGNlbnRyYW5kbyBlbiBlc3R1ZGlhcgpsYSBoaXN0b3JpYSBkZSBmb25kbyBkZSBlc3RhIHBsdW1hLCBhc8OtIGNvbW8gdGFtYmnDqW4KY8OzbW8gcGFzw7MgYSBzZXIgdW4gbWF0ZXJpYWwgcGFyYSBlc3RlIGFydGVmYWN0byBkaXZpbm8u
FHkuAg,,W0FhZGluXQpJIHdhcyByZWNlbnRseSB0b2xkIHRoYXQgdGhlcmUgaXMgYSBwZXJzb24gaW4gUGF5b24gd2hvIGFjdHVhbGx5IGtub3dzIHRoaXMgc3RvcnkuIFZlcnkgZmV3IHBlb3BsZSBpbiB0aGUgd29ybGQgYXJlIHByaXZ5IHRvIGhhdmluZyBzdWNoIGtub3dsZWRnZS4=,,,,,W0FhZGluXQpPdXZpIGRpemVyIHF1ZSB0ZW0gdW1hIHBlc3NvYSBlbSAnUGF5b24nCnF1ZSBzYWJlIHNvYnJlIGVzc2EgaGlzdMOzcmlhLgpFbnTDo28sIGV1IHRlbnRlaSBlbnZpYXIgYWxndcOpbSBhdMOpIGEgdmlsYSBwYXJhCnJlY29saGVyIGluZm9ybWHDp8O1ZXMgc29icmUgZXNzYSBwZXNzb2EuLi4u,,W0FhZGluXQpIYWNlIHBvY28gbWUgZGlqZXJvbiBxdWUgaGF5IHVuYSBwZXJzb25hIGVuIFBheW9uIHF1ZSBjb25vY2UgZXNhIGhpc3RvcmlhLiBNdXkgcG9jYXMgcGVyc29uYXMgZW4gZWwgbXVuZG8gdGllbmVuIHRhbGVzIGNvbm9jaW1pZW50b3Mu
FXkuAg,,W0FhZGluXQpOb3csIHdlIGRvbid0IGhhdmUgZW5vdWdoCnN0YWZmIGZvciBtZSB0byBzZW5kIHNvbWVvbmUgdG8gUGF5b24uIEFsc28sIEkgZG9uJ3QgZmVlbCBzYWZlIHRha2luZyB0aGlzIGZlYXRoZXIgYXJvdW5kIHdpdGggbWUu,,,,,W0FhZGluXQpNYXMgYSBzaXR1YcOnw6NvIG1lIGltcGVkZSBkZSB1c2FyIHF1YWxxdWVyIGZvcsOnYSBkZSB0cmFiYWxobyBubyBsYWJvcmF0w7NyaW8uLi4KZW50w6NvLCBldSB0ZW5obyBwb25kZXJhZG8gc29icmUgaXIgbMOhIGV1IG1lc21vIG91IG7Do28uClBvcnF1ZSBldSBuw6NvIG1lIHNpbnRvIHNlZ3VybyBkZSBkZWl4YXIgZXNzYSBzYWxhIGRlIGVzdHVkb3MgY29tIGVzc2EgcGVuYSBkZXNwcm90ZWdpZGE=,,W0FhZGluXQpObyB0ZW5lbW9zIHN1ZmljaWVudGUKcGVyc29uYWwgcGFyYSBlbnZpYXIgYSBhbGd1aWVuIGEgUGF5b24uIEFkZW3DoXMsIG5vIG1lIGRhIHNlZ3VyaWRhZCBsbGV2YXIgZXN0YSBwbHVtYSBjb25taWdvLg==
FnkuAg,,W0FhZGluXQpJdCBzaG91bGRuJ3QgYmUgdGhhdCBkaWZmaWN1bHQgdG8gZmluZCB0aGUgcGVyc29uIHdobyBrbm93cyBhYm91dCBTbGVpcG5pcidzIG9yaWdpbi4gSG93ZXZlciwgeW91IG11c3QgbWVtb3JpemUgZXZlcnkgc2luZ2xlCndvcmQgb2YgdGhlIHN0b3J5Lg==,,,,,W0FhZGluXQpOw6NvIGRldmVyaWEgc2VyIHTDo28gZGlmw61jaWwgZW5jb250cmFyIHVtYSBwZXNzb2EgcXVlIHNhYmUgc29icmUgYSBvcmlnZW0gU2xlaXBuaXIuIEVudHJldGFudG8sIHZvY8OqIGRldmVyw6EgbWVtb3JpemFyIHR1ZG8KVG9kYXMgYXMgcGFsYXZyYXMgZGVzc2EgbWFnbsOtZmljYSBoaXN0w7NyaWEu,,W0FhZGluXQpObyBkZWJlcsOtYSBzZXIgbXV5IGRpZsOtY2lsIGVuY29udHJhciBhIGxhIHBlcnNvbmEgcXVlIGNvbm9jZSBlbCBvcmlnZW4gZGUgU2xlaXBuaXIuIFNpbiBlbWJhcmdvLCBkZWJlcyBtZW1vcml6YXIgY2FkYQpwYWxhYnJhIGRlIGxhIGhpc3RvcmlhLg==
F3kuAg,,W0FhZGluXQpUaGUgcmVzdWx0cyBvZiB0aGlzIHJlc2VhcmNoIGNvdWxkIGJlIGFmZmVjdGVkIGJ5IHRoZSB3b3JkcyB5b3UgZGVsaXZlciB0byBtZS4=,,,,,W0FhZGluXQpPcyByZXN1bHRhZG9zIGRlc3NhIHBlc3F1aXNhIHBvZGVtIGFsdGVyYXIgbyBjdXJzbyBkZSBub3NzYSBoaXN0w7NyaWEu,,W0FhZGluXQpMb3MgcmVzdWx0YWRvcyBkZSBlc3RhIGludmVzdGlnYWNpw7NuIHBvZHLDrWFuIHZlcnNlIGFmZWN0YWRvcyBwb3IgbGFzIHBhbGFicmFzIHF1ZSBtZSBkaWdhcy4=
GHkuAg,,W0FhZGluXQpUaGFuayB5b3UgZm9yIHRoZSB0cm91YmxlLgpUaGVyZSdzIG5vIHJlYWwgdGltZSBsaW1pdCBmb3IgdGhpcyB0YXNrLCBidXQgdGhlIHNvb25lciB5b3UgY29tcGxldGUgaXQsIHRoZSBiZXR0ZXIu,,,,,W0FhZGluXQpBbnRlcyBkZSB0dWRvLCBtdWl0byBvYnJpZ2Fkby4KTsOjbyBow6EgbGltaXRlIGRlIHRlbXBvIHBhcmEgaXNzbywgbWFzIHF1YW50byBtYWlzIHLDoXBpZG8gbWVsaG9yLi4u,,W0FhZGluXQpHcmFjaWFzIHBvciBsYXMgbW9sZXN0aWFzLgpObyBoYXkgdW4gbMOtbWl0ZSBkZSB0aWVtcG8gcmVhbCBwYXJhIGVzdGEgdGFyZWEsIHBlcm8gY3VhbnRvIGFudGVzIGxhIGNvbXBsZXRlcywgbWVqb3Iu
GXkuAg,,W0FhZGluXQpIYXZlIGEgc2FmZSB0cmlwfg==,,,,,W0FhZGluXQpGYcOnYSB1bWEgYm9hIHZpYWdlbX4=,,W0FhZGluXQpCdWVuIHZpYWplLg==
GnkuAg,,W0FhZGluXQpNbW0uLi4/CllvdSBoYXZlbid0IGxlZnQgZm9yIFBheW9uIHlldCB0byBmaW5kIHRoZSBtYW4gd2hvIGtub3dzIG9mIFNsZWlwbmlyJ3Mgb3JpZ2luPw==,,,,,W0FhZGluXQpNbW0uLi4/ClZvY8OqIGFpbmRhIG7Do28gZm9pIGEgUGF5b24gZW5jb250cmFyIGEgcGVzc29hIHF1ZSBjb25oZWNlIHRvZGEgYSBoaXN0w7NyaWE/,,W0FhZGluXQrCv01tbS4uLj8Kwr9Ub2RhdsOtYSBubyB0ZSBmdWlzdGUgYSBQYXlvbiBwYXJhIGVuY29udHJhciBhbCBob21icmUgcXVlIGNvbm9jZSBlbCBvcmlnZW4gZGUgU2xlaXBuaXI/
G3kuAg,,W0FhZGluXQpQbGVhc2UgbGVhdmUgZm9yClBheW9uIGFzIHNvb24gYXMKcG9zc2libGUgc28gdGhhdCBJIGNhbiBnZXQgdGhlIGluZm9ybWF0aW9uIHRoYXQgSSBuZWVkIGZvciBteSByZXNlYXJjaC4gVGhhbmsgeW91LCBhbmQgaGF2ZQphIHNhZmUgdHJpcC4=,,,,,W0FhZGluXQpQZWxvIHF1ZSBwYXJlY2UsIApWb2PDqiBhaW5kYSBuw6NvIGZvaSBhIFBheW9uLgpQb3IgZmF2b3IsIHBhcnRhIHBhcmEgUGF5b24gbyBtYWlzIHLDoXBpZG8gcG9zc8OtdmVsLgpGYcOnYSB1bWEgYm9hIHZpYWdlbSE=,,W0FhZGluXQpQb3IgZmF2b3IsIHZlciBhClBheW9uIHRhbiBwcm9udG8gY29tbwpwdWVkYXMgcGFyYSBjb25zZWd1aXIgbGEgaW5mb3JtYWNpw7NuIHF1ZSBuZWNlc2l0byBwYXJhIG1pIGludmVzdGlnYWNpw7NuLiBHcmFjaWFzLCB5IHF1ZSB0ZW5nYXMKdW4gYnVlbiB2aWFqZS4=
HHkuAg,,W0FhZGluXQpBaCwgeW91J3JlIGJhY2suIFNvIGhhdmUgeW91IG1lbW9yaXplZCB0aGUgc3Rvcnk/,,,,,W0FhZGluXQpBaCwgdm9jw6ogdm9sdG91IQpFbnTDo28sIHZvY8OqIG1lbW9yaXpvdSBhIGhpc3TDs3JpYT8=,,W0FhZGluXQpBaCwgdm9sdmlzdGUuIMK/TWVtb3JpemFzdGUgbGEgaGlzdG9yaWE/
HXkuAg,,W0FhZGluXQpJIGtub3cgaXQnZCBiZSBtdWNoIGVhc2llciBpZiB0aGlzIHRhbGUgd2FzIGFscmVhZHkgd3JpdHRlbiwgYnV0IHlvdSBtdXN0IHVuZGVyc3RhbmQgdGhhdCBtYW55IHN0b3JpZXMgcmVnYXJkaW5nIHRoZSBnb2RzIGFyZSBvbmx5IG9yYWxseSB0cmFuc21pdHRlZC4=,,,,,W0FhZGluXQpTaW0sIGV1IHNlaSBxdWUgc2VyaWEgY29udmVuaWVudGUKc2UgZXNzYSBoaXN0w7NyaWEgZm9zc2UgbWFudGlkYSBudW0gbGl2cm8uCk1hcyBwYXJlY2UgcXVlIGVsZXMgdMOqbSBhbGd1bSB0aXBvIGRlIHJlZ3JhIHF1ZSBvcyBpbXBlZGUgZGUgZXNjcmV2ZXIgYSBoaXN0w7NyaWEsIG1hcyBzb21lbnRlIGNvbnRhciDDoHMgcGVzc29hcyB2ZXJiYWxtZW50ZS4=,,W0FhZGluXQpTw6kgcXVlIHNlcsOtYSBtdWNobyBtw6FzIGbDoWNpbCBzaSBlc3RhIGhpc3RvcmlhIHlhIGVzdHV2aWVyYSBlc2NyaXRhLCBwZXJvIGRlYmVzIGNvbXByZW5kZXIgcXVlIG11Y2hhcyBoaXN0b3JpYXMgc29icmUgbG9zIGRpb3NlcyBzb2xvIHNlIHRyYW5zbWl0ZW4gZGUgZm9ybWEgb3JhbC4=
HnkuAg,,W0FhZGluXQpBbHJpZ2h0LApJJ20gbGlzdGVuaW5nLgpQbGVhc2UgbGV0IG1lCmtub3cgd2hhdCB5b3UndmUgbGVhcm5lZC4=,,,,,W0FhZGluXQpPaywgdMO0IHByb250byBwcmEgb3V2aXIuClbDoSBlbSBmcmVudGUuCi4uLi4uLi4=,,W0FhZGluXQpNdXkgYmllbiwKVGUgZXNjdWNoby4KRGltZQpsbyBxdWUgaGFzIGFwcmVuZGlkby4=
H3kuAg,,W0FhZGluXQouLi4KLi4uLi4u,,,,,W0FhZGluXQouLi4KLi4uLi4u,,W0FhZGluXQouLi4KLi4uLi4u
IHkuAg,,W0FhZGluXQouLi4KLi4uLi4uCi4uLi4uLi4uLg==,,,,,W0FhZGluXQouLi4KLi4uLi4uCi4uLi4uLi4uLg==,,W0FhZGluXQouLi4KLi4uLi4uCi4uLi4uLi4uLg==
IXkuAg,,W0FhZGluXQouLi4KLi4uLi4uCi4uLi4uLi4uLgouLi4uLi4uLi4uLi4=,,,,,W0FhZGluXQouLi4KLi4uLi4uCi4uLi4uLi4uLgouLi4uLi4uLi4uLi4=,,W0FhZGluXQouLi4KLi4uLi4uCi4uLi4uLi4uLgouLi4uLi4uLi4uLi4=
InkuAg,,W0FhZGluXQpIbW0sIEkgc2VlLgpGYXNjaW5hdGluZy4KSG93ZXZlciwgSSdtIHN1cmUKeW91J3ZlIG1pc3NlZCBzb21lCmltcG9ydGFudCBkZXRhaWwu,,,,,W0FhZGluXQpIbW0uLi4KRW50ZW5kby4KQWdvcmEgZXUgZW50ZW5kbyBtYWlzIHNvYnJlIGEgcGVuYS4KT2gsIGVzcGVyZS4uLg==,,W0FhZGluXQpNbW0sIGVudGllbmRvLgpGYXNjaW5hbnRlLgpTaW4gZW1iYXJnbywgZXN0b3kgc2VndXJvCmRlIHF1ZSB0ZSBmYWx0YW4gYWxndW5vcwpkZXRhbGxlcyBpbXBvcnRhbnRlcy4=
I3kuAg,,W0FhZGluXQpBcmUgeW91IHN1cmUgeW91J3ZlIGxpc3RlbmVkIHRvIHRoZSB0YWxlIGluIGl0cyBlbnRpcmV0eT8gSSdtIHNvcnJ5IHRvIGFzayB0aGlzIG9mIHlvdSwgYnV0IHdvdWxkIHlvdSBnbyB0byBQYXlvbiBhbmQgbGlzdGVuIHRvIHRoaXMgc3Rvcnkgb25jZSBtb3JlPw==,,,,,W0FhZGluXQpQYXJlY2UgcXVlIHZvY8OqIHBlcmRldSBwYXJ0ZXMgaW1wb3J0YW50ZXMgZGEgaGlzdMOzcmlhIQpFdSBzaW50byBtdWl0byBlbSBsaGUgZGl6ZXIgaXNzbywgbWFzIHZvY8OqIHNlIGltcG9ydGFyaWEgZW0gdm9sdGFyIGF0w6kgUGF5b24KZSBvdXZpciBhIGhpc3TDs3JpYSBkZSBub3ZvPyBFdSBnb3N0YXJpYSBkZSBvdXZpLWxhIG5vdmFtZW50ZS4=,,W0FhZGluXQrCv0RlIHZlcmRhZCBlc2N1Y2hhc3RlIGxhIGhpc3RvcmlhIGVudGVyYT8gU2llbnRvIHBlZMOtcnRlbG8sIHBlcm8gwr9wb2Ryw61hcyBpciBhIFBheW9uIHkgZXNjdWNoYXIgbGEgaGlzdG9yaWEgdW5hIHZleiBtw6FzPw==
JHkuAg,,W0FhZGluXQpNbS4uLj8KWW91IGhhdmVuJ3QgbGVmdApmb3IgUGF5b24geWV0Li4uPwpJIGhvcGUgeW91IGNhbgp0ZWxsIG1lIHRoZSByZXN0Cm9mIHRoZSBzdG9yeSBzb29uLg==,,,,,W0FhZGluXQpWb2PDqiBhaW5kYSBuw6NvIHBhcnRpdSBwYXJhIFBheW9uLgpFc3Blcm8gcXVlIHbDoSBvIG1haXMgcsOhcGlkbyBwb3Nzw612ZWwu,,W0FhZGluXQrCv01tLi4uPwrCv0HDum4gbm8gdGUgZnVpc3RlCmEgUGF5b24uLi4/CkVzcGVybyBxdWUgcHVlZGFzCmNvbnRhcm1lIGVsIHJlc3RvCmRlIGxhIGhpc3RvcmlhIHByb250by4=
JXkuAg,,W0FhZGluXQpJbiB0aGUgbWVhbnRpbWUsIEkgd2lsbCB0cnkgdG8gY29tcGxldGUgYXMgbXVjaCBvZiBteSByZXNlYXJjaAphcyBJIGNhbiB3aXRoIHRoZSBzdG9yeSBkZXRhaWxzIHRoYXQgeW91J3ZlIGFscmVhZHkgYnJvdWdodC4=,,,,,W0FhZGluXQpNZXNtbyBjb20gYSBoaXN0w7NyaWEgcXVlIHZvY8OqIHRyb3V4ZSwgYWNobyBxdWUgcG9zc28KY29tcGxldGFyIGEgbWFpb3IgcGFydGUgZGEgcGVzcXVpc2Eu,,W0FhZGluXQpNaWVudHJhcyB0YW50bywgaW50ZW50YXLDqSBjb21wbGV0YXIgbGEgbWF5b3IgcGFydGUgZGUgbWkgaW52ZXN0aWdhY2nDs24KY29tbyBwdWVkYSBjb24gbG9zIGRldGFsbGVzIGRlIGxhIGhpc3RvcmlhIHF1ZSB5YSBhcG9ydGFzdGUu
JnkuAg,,W0FhZGluXQpBaCwgeW91J3JlIGJhY2suClNvIGhhdmUgeW91Cm1lbW9yaXplZCB0aGUgc3Rvcnk/,,,,,W0FhZGluXQpPaCwgdm9jw6ogdm9sdG91IQpPaywgdMO0IHByb250byBwcmEgb3V2aXIuClbDoSBlbSBmcmVudGUuCi4uLi4uLi4=,,W0FhZGluXQpBaCwgdm9sdmlzdGUuCsK/WSB0w7o/Cm1lbW9yaXphc3RlIGxhIGhpc3RvcmlhPw==
J3kuAg,,W0FhZGluXQpIbW0sIEkgc2VlLgpGYXNjaW5hdGluZy4KeW91J3ZlIG1pc3NlZCBzb21lCmltcG9ydGFudCBkZXRhaWwu,,,,,W0FhZGluXQpIbW0sIFNlaS4uLgpGYXNjaW5hbnRlLgpNYXMgdm9jw6ogZXNxdWVjZXUgYWxndW1hcyBwYXJ0ZXMKaWltcG9ydGFudGVzIGRhIGhpc3TDs3JpYS4=,,W0FhZGluXQpNbW0sIGVudGllbmRvLgpGYXNjaW5hbnRlLgpkZSBxdWUgdGUgZmFsdGFuIGFsZ3Vub3MKZGV0YWxsZXMgaW1wb3J0YW50ZXMu
KHkuAg,,V2VsbCwgdW0uLi4=,,,,,Qm9tLCBlcnIuLi4=,,QnVlbm8sIGVtLi4u
KXkuAg,,SW1wb3NzaWJsZSE=,,,,,SW1wb3Nzw612ZWwh,,wqFFcyBpbXBvc2libGUh
KnkuAg,,W0FhZGluXQpIbW0uCk5vLCB3YWl0Li4uClRoYXQgd2FzIHRoZQpjb21wbGV0ZSBzdG9yeS4KTXkgYXBvbG9naWVzfg==,,,,,W0FhZGluXQpIbW0uCk7Do28sIHVtIG1vbWVudG8uLi4KRXN0YSByZWFsbWVudGUgZm9pCmEgaGlzdMOzcmlhIGNvbXBsZXRhLgpNZSBkZXNjdWxwZX4=,,W0FhZGluXQpNbW0uCk5vLCBlc3BlcmEuLi4KRXNhIGZ1ZSBsYQpoaXN0b3JpYSBjb21wbGV0YS4KUGVyZMOzbi4=
K3kuAg,,W0FhZGluXQpBaH4KSSBzdGFuZCBjb3JyZWN0ZWQuClRoYW5rIHlvdSBmb3IgcG9pbnRpbmcKb3V0IG15IGVycm9yIGluIGp1ZGdtZW50Lg==,,,,,W0FhZGluXQpBaH4KUXVlciBkaXplci4uLi4KTWUgZGVzY3VscGUuIFJlYWxtZW50ZQplc3TDoSB0dWRvIGNlcnRvLg==,,W0FhZGluXQpBaC4KTWUgZXF1aXZvcXXDqS4KR3JhY2lhcyBwb3Igc2XDsWFsYXIKbWkgZXJyb3IgZGUganVpY2lvLg==
LHkuAg,,W0FhZGluXQpZZXMsIGl0IHNlZW1zIHRoYXQgdGhlIHN0b3J5IHlvdSd2ZSBqdXN0IHRvbGQgbWUgc2hvdWxkIGJlIGF1dGhlbnRpYy4gT2YgY291cnNlLCBpdCdzIHVuZGVyc3RhbmRhYmxlIGlmIGxpdHRsZSBjaGFuZ2VzIGFyZSBtYWRlLCBkZXBlbmRpbmcgb24gdGhlIHN0b3J5dGVsbGVyLg==,,,,,W0FhZGluXQpIbW0uLi4gZW50ZW5kby4KUGFyZWNlIHF1ZSBhIHN1YSBoaXN0w7NyaWEgw6kgdMOjbyBleGF0YSBxdWFudG8gYSBvcmlnaW5hbC4Kw4kgY29tcHJlZW5zw612ZWwgcXVlIGEgaGlzdMOzcmlhIHNlamEgbXVkYWRhIHBlbGEgcGVzc29hIHF1ZSBhIGVzdMOhIGNvbnRhbmRvLCBqw6EgcXVlIGVsYSBlc3TDoSBzZW5kbyBtYW50aWRhIG5vIGJvY2EgYSBib2NhLg==,,W0FhZGluXQpTw60sIHBhcmVjZSBxdWUgbGEgaGlzdG9yaWEgcXVlIG1lIGFjYWJhcyBkZSBjb250YXIgZGViZSBzZXIgYXV0w6ludGljYS4gUG9yIHN1cHVlc3RvLCBlcyBjb21wcmVuc2libGUgcXVlIHNlIGhhZ2FuIHBlcXVlw7FvcyBjYW1iaW9zLCBzZWfDum4gZGVsIG5hcnJhZG9yLg==
LXkuAg,,W0FhZGluXQpTdXJlbHksIEknbGwgYmUgYWJsZSB0byBhbnN3ZXIgc29tZSBvZiBteSBtb3N0IGltcG9ydGFudCBxdWVzdGlvbnMgd2l0aCB0aGUgaW5mb3JtYXRpb24geW91J3ZlIGJyb3VnaHQgdG8gbWUsIHRob3VnaCBpdCBzdGlsbCB3b24ndCBiZSBlYXN5Lg==,,,,,W0FhZGluXQpTaW0sIGEgbWFpb3JpYSBkYXMgbWluaGFzIHF1ZXN0w7VlcyBmaW5hbG1lbnRlIGVuY29udHJvdSByZXNwb3N0YXMu,,W0FhZGluXQpTZWd1cmFtZW50ZSBwb2Ryw6kgcmVzcG9uZGVyIGFsZ3VuYXMgZGUgbGFzIHByZWd1bnRhcyBtw6FzIGltcG9ydGFudGVzIGNvbiBsYSBpbmZvcm1hY2nDs24gcXVlIG1lIGhhcyB0cmHDrWRvLCBhdW5xdWUgc2VndWlyw6Egc2llbmRvIGRpZsOtY2lsLg==
LnkuAg,,W0FhZGluXQpBZnRlciBhbGwsIGZpbmRpbmcgYW5zd2VycyB0ZW5kcyB0byBjYXVzZSBuZXcgcXVlc3Rpb25zIHRvIGFyaXNlLiBOb25ldGhlbGVzcywgSSB0aGFuayB5b3UgZm9yIHlvdXIgaGVscC4=,,,,,W0FhZGluXQpBbyBtZXNtbyB0ZW1wbywgYSBoaXN0w7NyaWEgbWUgZGV1IG5vdmFzIHBlcmd1bnRhcy4KSG1tbS4uLiBpc3NvIG7Do28gw6kgbmFkYSBmw6FjaWwuCk1lc21vIGFzc2ltLCBvYnJpZ2FkbyBwZWxhIGFqdWRhLg==,,W0FhZGluXQpBbCBmaW4geSBhbCBjYWJvLCBjdWFuZG8gZW5jdWVudHJhcyByZXNwdWVzdGFzLCBzdWVsZW4gc3VyZ2lyIG51ZXZhcyBwcmVndW50YXMuIE5vIG9ic3RhbnRlLCB0ZSBhZ3JhZGV6Y28gbGEgYXl1ZGEu
L3kuAg,,W0FhZGluXQpTb21ldGltZXMsIGRpZmZlcmVudCB2ZXJzaW9ucyBvZiB0aGUgc2FtZSBteXRoIG9yIGxlZ2VuZCBhcmlzZS4=,,,,,W0FhZGluXQpIbW1tLi4uLgrDgHMgdmV6ZXMsIHVtYSBsZW5kYSBvdSB1bSBtaXRvCmNvbnTDqW0gZHVhcyBoaXN0w7NyaWFzIGRpZmVyZW50ZXMgcXVlIHPDo28gdG90YWxtZW50ZSBjb25mbGl0YW50ZXMu,,W0FhZGluXQpBIHZlY2VzLCBzdXJnZW4gZGlmZXJlbnRlcyB2ZXJzaW9uZXMgZGUgdW4gbWlzbW8gbWl0byBvIGxleWVuZGEu
MHkuAg,,W0FhZGluXQpBbHRob3VnaCBteXRocywgYXMgdGhleSBjaGFuZ2Ugd2l0aCB0aW1lLCBtYXkgY29uZmxpY3Qgd2l0aCBlYWNoIG90aGVyLCB0aGUgZnVuZGFtZW50YWwgYmFzaXMgb2YgdGhlc2Ugc3RvcmllcyBpcyB3aGF0IG1ha2VzIHRoZW0gdGltZWxlc3Mu,,,,,W0FhZGluXQpWb2PDqiBwb2RlIGFjaGFyIG8gbW90aXZvIGFvIGVuY29udHJhciBhIG9yaWdlbSBkYXMgaGlzdMOzcmlhcy4=,,W0FhZGluXQpBdW5xdWUgbG9zIG1pdG9zLCBhbCBjYW1iaWFyIGNvbiBlbCB0aWVtcG8sIHB1ZWRlbiBlbnRyYXIgZW4gY29uZmxpY3RvIGVudHJlIHPDrSwgbGEgYmFzZSBmdW5kYW1lbnRhbCBkZSBlc3RhcyBoaXN0b3JpYXMgZXMgbG8gcXVlIGxhcyBoYWNlIGF0ZW1wb3JhbGVzLg==
MXkuAg,,W0t1cmR0XQpBaCwgeW91IG11c3QgYmUKdGhlIG5ldyBhc3Npc3RhbnQuClBsZWFzZWQgdG8gbWVldCB5b3Uu,,,,,W0t1cmR0XQpBaCwgdm9jw6ogZGV2ZSBzZXIgbyBub3ZvIGFzc2lzdGVudGUuCsOJIHVtIHByYXplciBjb25oZWPDqi1sby4=,,W0t1cmR0XQpBaCwgdMO6IGRlYmVzIHNlcgplbCBudWV2byBhc2lzdGVudGUuCkVuY2FudGFkbyBkZSBjb25vY2VydGUu
MnkuAg,,W0t1cmR0XQpJbiBhbGwgaG9uZXN0eSwgSSB3YXMgZXhwZWN0aW5nIHNvbWVvbmUgd2l0aCBhIGJpdCBtb3JlIGV4cGVyaWVuY2UgaW4gdGhlIGZpZWxkIG9mIHJlc2VhcmNoLCBidXQgaXQncyB1bmRlcnN0YW5kYWJsZS4=,,,,,W0t1cmR0XQpFdSBlc3RhdmEgZXNwZXJhbmRvIHVtIGFzc2lzdGVudGUgcHJvZmlzc2lvbmFsCm1hcyDDqSBjb21wcmVlbnPDrXZlbCwgasOhIHF1ZSBhIHNpdHVhw6fDo28gbsOjbyBub3MgcGVybWl0ZS4=,,W0t1cmR0XQpTaW5jZXJhbWVudGUsIGVzcGVyYWJhIGEgYWxndWllbiBjb24gdW4gcG9jbyBtw6FzIGRlIGV4cGVyaWVuY2lhIGVuIGVsIGNhbXBvIGRlIGxhIGludmVzdGlnYWNpw7NuLCBwZXJvIGVzIGNvbXByZW5zaWJsZS4=
M3kuAg,,W0t1cmR0XQpBZnRlciBhbGwsIHdlJ3JlIG5vdCBpbiB0aGUgcG9zaXRpb24gdG8gZXhwZWN0IHByb2Zlc3Npb25hbCBhc3Npc3RhbmNlLiBJbiBhbnkgY2FzZSwgSSBiZWxpZXZlIHlvdSdsbCBicmluZyBhIG5ldyBwZXJzcGVjdGl2ZSB0byBvdXIgd29yay4=,,,,,W0t1cmR0XQpBbMOpbSBkaXNzbywgw6BzIHZlemVzLCBwZXNzb2FzIGNvbXVucwp0cmF6ZW0gbWVsaG9yZXMgcmVzdWx0YWRvcyBkbyBxdWUgYXNzaXN0ZW50ZXMgcHJvZmlzc2lvbmFpcy4KRW50w6NvLCBlc3Blcm8gcXVlIGZvcm1lbW9zIHVtYSBib2EgZXF1aXBlIGp1bnRvcy4=,,W0t1cmR0XQpEZXNwdcOpcyBkZSB0b2RvLCBubyBlc3RhbW9zIGVuIHBvc2ljacOzbiBkZSBlc3BlcmFyIGFzaXN0ZW5jaWEgcHJvZmVzaW9uYWwuIEVuIGN1YWxxdWllciBjYXNvLCBjcmVvIHF1ZSBsZSBhcG9ydGFyw6FzIHVuYSBudWV2YSBwZXJzcGVjdGl2YSBhIG51ZXN0cm8gdHJhYmFqby4=
NHkuAg,,W0t1cmR0XQpJJ3ZlIGFsbW9zdCBjb21wbGV0ZWQgbXkgcHJvamVjdCBhbmQgZG9uJ3QgbmVlZCB0b28gbXVjaCBpbiB0aGUgd2F5IG9mIG1hbnBvd2VyLiBIb3dldmVyLCB0aGUgbGFzdCB0YXNrIEkgbmVlZCBmaW5pc2hlZCBpcyBkaWZmaWN1bHQu,,,,,W0t1cmR0XQpEZSBmYXRvLCB0w7QgcXVhc2Ugbm8gZmltIGRhIHBlc3F1aXNhLApwb3IgaXNzbyBuw6NvIHByZWNpc28gZGUgbXVpdGEgYWp1ZGEuLi4=,,W0t1cmR0XQpZYSBjYXNpIHRlcm1pbm8gY29uIG1pIHByb3llY3RvLCBhc8OtIHF1ZSBubyBuZWNlc2l0byBkZW1hc2lhZGEgYXl1ZGEuIFNpbiBlbWJhcmdvLCBsYSDDumx0aW1hIHRhcmVhIHF1ZSBuZWNlc2l0byB0ZXJtaW5hciBlcyBkaWbDrWNpbC4=
NXkuAg,,W0t1cmR0XQpJIHdhcyB0aGlua2luZyBvZiB1c2luZyBteSBvd24gZnVuZHMgdG8gaGlyZSBhbiBvdXRzaWRlIGFnZW5jeSwgYnV0IHRoZXJlJ3Mgbm8gbmVlZCB0byBkbyB0aGF0IG5vdyB0aGF0IHlvdSdyZSBoZXJlfg==,,,,,W0t1cmR0XQpFbnRyZXRhbnRvLCBhIMO6bHRpbWEgY29pc2EgcXVlIHRlbmhvIGRlIGZhemVyIMOpIGJlbSBkaWbDrWNpbCBkZSBzZXIgZmVpdGEgc296aW5oYS4uLiBldSB0YXZhIHBlbnNhbmRvIGVtIGNvbnRyYXRhciB1bWEgYWfDqm5jaWEgZGUgZm9yYS4=,,W0t1cmR0XQpFc3RhYmEgcGVuc2FuZG8gZW4gdXNhciBtaXMgcHJvcGlvcyBmb25kb3MgcGFyYSBjb250cmF0YXIgdW5hIGFnZW5jaWEgZXh0ZXJuYSwgcGVybyBubyBoYXkgbmVjZXNpZGFkIGRlIGhhY2VybG8gYWhvcmEgcXVlIGVzdMOhcyBhcXXDrS4=
NnkuAg,,W0t1cmR0XQpXaGF0IEknZCBsaWtlIHRvIGFzayB5b3UgdG8gZG8gaXMgdG8gZ2F0aGVyIG1hdGVyaWFscyBzbyB0aGF0IEkgY2FuIGNyZWF0ZSB0aGUgJ1NwaXJpdCBvZiBGaXNoLic=,,,,,W0t1cmR0XQpNYXMsIGV1IG7Do28gcHJlY2lzbyBmYXplciBpc3NvIGFnb3JhLCBqw6EgcXVlIHZvY8OqIGVzdMOhIGFxdWkuCk8gcXVlIGV1IHByZWNpc28gYWdvcmEgc8OjbyBtYXRlcmlhaXMgcGFyYSByZXByb2R1emlyCkjDoWxpdG8gZGUgUGVpeGUnLg==,,W0t1cmR0XQpMbyBxdWUgcXVpZXJvIHBlZGlydGUgZXMgcXVlIHJlw7puYXMgbG9zIG1hdGVyaWFsZXMgcXVlIG1lIHBlcm1pdGFuIGNyZWFyIGVsIEVzcMOtcml0dSBkZWwgcGV6Lg==
N3kuAg,,W0t1cmR0XQpJJ20gbm90IHN1cmUgaWYgSSBjYW4gYWN0dWFsbHkgcHJvZHVjZSBpdCBvciBub3QsIGJ1dCB3ZSBjYW4gYXQgbGVhc3QgZ2l2ZSB0aGlzIGV4cGVyaW1lbnQgYSB0cnku,,,,,W0t1cmR0XQpFdSBuw6NvIHRlbmhvIGNlcnRlemEgc2UgcmVhbG1lbnRlIHBvc3NvIGZhemVyIGlzc28uCk1hcyBuw7NzIHBvZGVtb3MgcGVsbyBtZW5vcyB0ZW50YXIu,,W0t1cmR0XQpObyBzw6kgY29uIHByZWNpc2nDs24gc2kgcG9kcsOpIGNyZWFybG8gbyBubywgcGVybyBhbCBtZW5vcyBwb2RlbW9zIGludGVudGFybG8u
OHkuAg,,W0t1cmR0XQpCYXNpY2FsbHksIHlvdSBhbmQgY29sbGVjdCB0aGluZ3MgbGlrZSAnRmlzaCBTY2FsZXMnIG9yIEZpc2ggVGFpbHMsJyBiYXNpY2FsbHkgYW55dGhpbmcgeW91IGNhbiBvYnRhaW4gZnJvbSBtYXJpbmUgbGlmZS4=,,,,,W0t1cmR0XQpCYXNpY2FtZW50ZSwgdm9jw6ogcG9kZSBpciBlIHJldW5pciBjb2lzYXMgY29tbwonRXNjYW1hcyBkZSBQZWl4ZScgb3UgJ0NhdWRhcyBkZSBQZWl4ZScKb3UgcXVhbHF1ZXIgY29pc2EgcXVlIHZvY8OqIHBvc3NhIG9idGVyIGRlIHVtYSB2aWRhIG1hcmluaGEu,,W0t1cmR0XQpCw6FzaWNhbWVudGUsIGRlYmVzIHJlY29sZWN0YXIgY29zYXMgY29tbyBFc2NhbWFzIGRlIHBleiBvIENvbGFzIGRlIHBlc2NhZG8uIEVzIGRlY2lyLCBjdWFscXVpZXIgY29zYSBxdWUgcHVlZGFzIG9idGVuZXIgZGUgbGEgdmlkYSBtYXJpbmEu
OXkuAg,,W0t1cmR0XQpJIGRvbid0IG5lZWQgYQpyaWRpY3Vsb3VzIGFtb3VudCBvZiBvbmUKa2luZCBvZiBtYXRlcmlhbCwgSSdkIHNheSBhYm91dCAxMCBvZiBvbmUga2luZCBvZiBlYWNoIGl0ZW0gc2hvdWxkIHdvcmsuIEdpdmUgb3IgdGFrZSA1Li4u,,,,,W0t1cmR0XQpFdSBuw6NvIHByZWNpc28gZGUgbXVpdG8sIHPDsyB1bnMgZGV6IGRlIGNhZGEu,,W0t1cmR0XQpObyBuZWNlc2l0byB1bmEKY2FudGlkYWQgcmlkw61jdWxhIGRlIGNhZGEKdGlwbyBkZSBtYXRlcmlhbCwgcGVybyBkaXLDrWEgcXVlIHVuYXMgMTAgdW5pZGFkZXMgZGUgY2FkYSB0aXBvIGRlIG9iamV0byBkZWJlcsOtYW4gYmFzdGFyLiBNw6FzIG8gbWVub3MgNS4uLg==
OnkuAg,,W0t1cmR0XQpJIHNob3VsZCBtZW50aW9uIHRoYXQgSSBhbHNvIHJlcXVpcmUgYSBnb29kIHZhcmlldHkgb2YgbWFyaW5lIHJlbGF0ZWQgbWF0ZXJpYWxzLiBZb3UgY2FuJ3QgY29uZHVjdCBhbiBleHBlcmltZW50IHdpdGhvdXQgZGlmZmVyZW50IG9iamVjdHMgdG8gdGVzdCwgcmlnaHQ/,,,,,W0t1cmR0XQpEZXZvIG1lbmNpb25hciBxdWUgdGFtYsOpbSBwcmVjaXNvIGRlIHVtYSBib2EgdmFyaWVkYWRlIGRlIG1hdGVyaWFpcyByZWxhY2lvbmFkb3Mgw6AgbWFyaW5oYS4gTsOjbyDDqSBwb3Nzw612ZWwgcmVhbGl6YXIgdW0gZXhwZXJpbWVudG8gc2VtIG9iamV0b3MgZGlmZXJlbnRlcyBwYXJhIHRlc3RhciwgY2VydG8/,,W0t1cmR0XQpEZWJvIG1lbmNpb25hciBxdWUgdGFtYmnDqW4gbmVjZXNpdG8gdW5hIGJ1ZW5hIHZhcmllZGFkIGRlIG1hdGVyaWFsZXMgbWFyaW5vcy4gTm8gc2UgcHVlZGUgaGFjZXIgdW4gZXhwZXJpbWVudG8gc2luIGRpZmVyZW50ZXMgb2JqZXRvcyBwYXJhIHByb2Jhciwgwr9ubz8=
O3kuAg,,W0t1cmR0XQpBbnl3YXksIEkgaG9wZSB5b3UgZG9uJ3QgcnVuIGludG8gdG9vIG11Y2ggdHJvdWJsZSBmaW5kaW5nIHdoYXQgSSBuZWVkIGZvciB0aGlzIGV4cGVyaW1lbnQuIEdvb2QgbHVja34=,,,,,W0t1cmR0XQpFc3Blcm8gcXVlIG7Do28gc2VqYSBtdWl0byBkaWbDrWNpbCBhY2jDoS1sb3MuCk9icmlnYWRhIHBvciBzZSBwcmVvY3VwYXIgZSBmYcOnYSB1bWEgYm9hIHZpYWdlbSE=,,W0t1cmR0XQpFbiBmaW4sIGVzcGVybyBxdWUgbm8gdGVuZ2FzIG11Y2hvcyBwcm9ibGVtYXMgcGFyYSBlbmNvbnRyYXIgbG8gcXVlIG5lY2VzaXRvIHBhcmEgZXN0ZSBleHBlcmltZW50by4gQnVlbmEgc3VlcnRlLg==
PHkuAg,,W0t1cmR0XQpBaCwgeW91J3ZlIHJldHVybmVkLgpPa2F5LCBsZXQgbWUgY2hlY2sKd2hhdCB5b3UgYnJvdWdodCB0byBtZS4gSG1tLi4u,,,,,W0t1cmR0XQpBaCwgdm9jw6ogdm9sdG91IQpEZWl4ZS1tZSB2ZXIgbyBxdWUgdm9jw6ogdHJvdXhlLgpIbW1tLi4uLgouLi4uLi4uLi4=,,W0t1cmR0XQpBaCwgaGFzIHZ1ZWx0by4KVmFsZSwgZMOpamFtZSBjb21wcm9iYXIKbG8gcXVlIG1lIHRyYWppc3RlLiBNbW0uLi4=
PXkuAg,,W0t1cmR0XQpPb2guLi4KSSBjb3VsZCB1c2UgdGhlc2UuCkFuZCB0aGVzZSB0b28uIE9oIQpZb3UgYWR2ZW50dXJlcnMgY2FycnkKYSBsb3Qgb2YgdGhpbmdzLCBkb24ndCB5b3U/,,,,,W0t1cmR0XQpIbW1tLi4uLgpFdSBwb3NzbyB1c2FyIGVzc2VzLi4uCmUgZXNzZXMgdGFtYsOpbS4uLi4uCmVlZSBlc3NlcyB0YW1iw6ltLi4uLi4uCkhtbS4uLi4u,,W0t1cmR0XQpPaC4uLgpFc3RvIG1lIHNpcnZlLgpZIGVzdG8gdGFtYmnDqW4uIMKhQWghClVzdGVkZXMgbG9zIHRyb3RhbXVuZG9zIGxsZXZhbgptdWNoYXMgY29zYXMsIMK/dmVyZGFkPw==
PnkuAg,,W0t1cmR0XQpBaC4uLi4hClRoZSBtYXRlcmlhbHMgeW91IGhhdmUgc2hvdWxkIGJlIGVub3VnaCBmb3IgbWUgdG8gY29uZHVjdCBteSBleHBlcmltZW50LiBUaGFuayB5b3Ugc28gbXVjaC4=,,,,,W0t1cmR0XQpBaC4uLi4hClZvY8OqIHRyb3V4ZSB0dWRvIHF1ZSBwcmVjaXNvLgpNdWl0byBvYnJpZ2FkYS4=,,W0t1cmR0XQrCoUFoLi4uIQpMb3MgbWF0ZXJpYWxlcyBxdWUgdGllbmVzIGRlYmVyw61hbiBiYXN0YXJtZSBwYXJhIGxsZXZhciBhIGNhYm8gbWkgZXhwZXJpbWVudG8uIE11Y2hhcyBncmFjaWFzLg==
P3kuAg,,W0t1cmR0XQpXaXRoIHRoZXNlLCBJIGNhbiBjb250aW51ZSBteSByZXNlYXJjaCB3aXRob3V0IGFueSBwcm9ibGVtLiBJJ20gcGxlYXNhbnRseSBzdXJwcmlzZWQgd2l0aCB0aGUgam9iIHlvdSd2ZSBkb25lLg==,,,,,W0t1cmR0XQpDb20gZXNzZXMsIHBvc3NvIGNvbnRpbnVhciBhIG1pbmhhIHBlc3F1aXNhIHNlbSBwcm9ibGVtYXMu,,W0t1cmR0XQpDb24gZXN0bywgcHVlZG8gc2VndWlyIGludmVzdGlnYW5kbyBzaW4gcHJvYmxlbWFzLiBNZSBoYXMgZGFkbyB1bmEgZ3JhdGEgc29ycHJlc2EgY29uIGVsIHRyYWJham8gcXVlIGhpY2lzdGUu
QHkuAg,,W0t1cmR0XQpZb3UgcmVhbGx5IHdlcmUKc3VjaCBhIGdyZWF0IGhlbHAuClRoYW5rIHlvdSBzbyBtdWNoIQpIYWhhaGEuLi4uIQ==,,,,,W0t1cmR0XQpFdSBuw6NvIGVzcGVyYXZhIHF1ZSB2b2PDqiBmaXplc3NlIHVtIHRyYWJhbGhvIHTDo28gYm9tLi4uCnZvY8OqIMOpIMOzdGltbyEKTXVpdG8gb2JyaWdhZGEhCkhhaGFoYS4uLi4=,,W0t1cmR0XQpUdSBheXVkYSBlbiB2ZXJkYWQKZnVlIGV4Y2VsZW50ZS4KwqFNdWNow61zaW1hcyBncmFjaWFzIQrCoUphLCBqYSwgamEuLi4h
QXkuAg,,W0t1cmR0XQpOb3csIHRoZXJlIG1heSBiZQpvdGhlciByZXNlYXJjaGVycwp3aG8gbWlnaHQgbmVlZCB5b3VyIGhlbHAgaW4gY29tcGxldGluZyB0aGVpciBwcm9qZWN0cy4gV2h5IGRvbid0IHlvdSBhc2sgYXJvdW5kIHRvIHNlZSBpZgp0aGV5IG5lZWQgYW55dGhpbmc/,,,,,W0t1cmR0XQpBc3NpbSBjb21vIGV1LCBvdXRyb3MgcGVzcXVpc2Fkb3JlcyBwb2RlbSBwcmVjaXNhciBkYSBzdWEgYWp1ZGEgdGFtYsOpbS4=,,W0t1cmR0XQpCdWVubywgdGFsIHZleiBoYXlhCm90cm9zIGludmVzdGlnYWRvcmVzCnF1ZSBwdWVkYW4gbmVjZXNpdGFyIHR1IGF5dWRhIHBhcmEgY29tcGxldGFyIHN1cyBwcm95ZWN0b3MuIMK/UG9yIHF1w6kgbm8gcHJlZ3VudGFzIHBvciBhaMOtIGEgdmVyIHNpCm5lY2VzaXRhbiBhbGdvPw==
QnkuAg,,W0t1cmR0XQpTdGlsbCwgeW91IGRvbid0IHNlZW0gdG8gaGF2ZSBlbm91Z2ggbWF0ZXJpYWxzIGZvciBtZSB0bwpjb21wbGV0ZSBteSByZXNlYXJjaApSZW1lbWJlciwgSSBuZWVkCmEgaHVnZSB2YXJpZXR5Lg==,,,,,W0t1cmR0XQpCZW0uLi4uLi4uLi4KSXNzbyBuw6NvIHBhcmVjZSBzdWZpY2llbnRlIHBhcmEgY29udGludWFyIGEgcGVzcXVpc2EuCkRlc2N1bHBlIHBvciBjYXVzYXItbGhlIHByb2JsZW1hcywgbWFzLCBwb3IgZmF2b3IsIHbDoSBwZWdhciB1bSBwb3VjbyBtYWlzLg==,,W0t1cmR0XQpBdW4gYXPDrSwgbm8gcGFyZWNlIHF1ZSB0ZW5nYXMgc3VmaWNpZW50ZXMgbWF0ZXJpYWxlcyBwYXJhIHF1ZQpwdWVkYSBjb21wbGV0YXIgbWkgaW52ZXN0aWdhY2nDs24uClJlY3VlcmRhLCBuZWNlc2l0bwp1bmEgZ3JhbiB2YXJpZWRhZC4=
Q3kuAg,,W0t1cmR0XQpJJ20gc29ycnkgZm9yIHRoZSBoYXNzbGUsIGJ1dCBkbyB5b3UgdGhpbmsgeW91IGNvdWxkIGdvIG91dCBhbmQgY29sbGVjdCB0aGluZ3Mgc28gdGhhdCBJIGNhbiBhdHRlbXB0IHRvIHJlY3JlYXRlIHRoZQonU3Bpcml0IG9mIEZpc2g/Jw==,,,,,W0t1cmR0XQpNYXMsIGV1IG7Do28gcHJlY2lzbyBmYXplciBpc3NvIGFnb3JhLCBqw6EgcXVlIHZvY8OqIGVzdMOhIGFxdWkuCk8gcXVlIGV1IHByZWNpc28gYWdvcmEgc8OjbyBtYXRlcmlhaXMgcGFyYSByZXByb2R1emlyCkjDoWxpdG8gZGUgUGVpeGUnLg==,,W0t1cmR0XQpMYW1lbnRvIGxhIG1vbGVzdGlhLCBwZXJvIMK/Y3JlZXMgcXVlIHBvZHLDrWFzIHJlY29sZWN0YXIgbG8gcXVlIG5lY2VzaXRvIHBhcmEgaW50ZW50YXIgcmVjcmVhciBlbApFc3DDrXJpdHUgZGVsIHBlej8=
RHkuAg,,W0t1cmR0XQpIbW1tLi4uLgpGdW5kcyBhbmQKbWFucG93ZXIgYXJlCmltcG9ydGFudCBmb3IKcmVzZWFyY2ggdG8gcHJvZ3Jlc3Mu,,,,,W0t1cmR0XQpIbW1tLi4uLgpFc3R1ZGFyIGFsZ3VtYSBjb2lzYSBuw6NvIHJlcXVlciBhcGVuYXMKZnVuZG9zIGUgZm9yw6dhIGRlIHRyYWJhbGhvLCBtYXMgdGFtYsOpbSBwYWl4w6NvIGUgZW50dXNpYXNtby4=,,W0t1cmR0XQpNbW0uLi4KTG9zIGZvbmRvcyB5CmxhIG1hbm8gZGUgb2JyYSBzb24KaW1wb3J0YW50ZXMgcGFyYQplbCBwcm9ncmVzbyBkZSBsYSBpbnZlc3RpZ2FjacOzbi4=
RXkuAg,,W0t1cmR0XQpCdXQgbm8gYW1vdW50IG9mIGZpbmFuY2luZyBvciBzdGFmZmluZyBjYW4gcmVwbGFjZSB0aGUgdmFsdWUgb2YgZW50aHVzaWFzbSBhbmQgcGFzc2lvbiBpbiBjb25kdWN0aW5nIHJlc2VhcmNoLg==,,,,,W0t1cmR0XQpNYXMgbmVuaHVtYSBxdWFudGlkYWRlIGRlIGZpbmFuY2lhbWVudG8gb3UgZGUgcGVzc29hbCBwb2RlIHN1YnN0aXR1aXIgbyB2YWxvciBkbyBlbnR1c2lhc21vIGUgZGEgcGFpeMOjbyBuYSByZWFsaXphw6fDo28gZGUgcGVzcXVpc2FzLg==,,W0t1cmR0XQpQZXJvIG5pbmfDum4gZmluYW5jaWFtaWVudG8gbyBkb3RhY2nDs24gZGUgcGVyc29uYWwgcHVlZGUgc3VzdGl0dWlyIGVsIHZhbG9yIGRlbCBlbnR1c2lhc21vIHkgbGEgcGFzacOzbiBhIGxhIGhvcmEgZGUgaW52ZXN0aWdhci4=
RnkuAg,,W0t1cmR0XQpTb21lIGZpbmFuY2llcnMgYXJlIHNvIGlnbm9yYW50IHRoYXQgdGhleSB0aGluayB0aGF0IGlmIHRoZXkgdGhyb3cgbW9yZSBtb25leSBhbmQgcGVvcGxlIGludG8gYSBwcm9qZWN0LCB0aGUgc2VjcmV0cyBvZiBzY2llbmNlIHdpbGwgYmUgdW5sb2NrZWQgdGhhdCBtdWNoIGZhc3Rlci4=,,,,,W0t1cmR0XQpBbGd1bnMgZmluYW5jaWFkb3JlcyBzw6NvIHTDo28gaWdub3JhbnRlcyBxdWUgcGVuc2FtCnF1ZSBvcyBlc3R1ZG9zIGN1c3RhbSBhcGVuYXMgZGluaGVpcm8gZSBmb3LDp2EgZGUgdHJhYmFsaG8u,,W0t1cmR0XQpBbGd1bm9zIGZpbmFuY2llcm9zIHNvbiB0YW4gaWdub3JhbnRlcyBxdWUgY3JlZW4gcXVlIHNpIGludmllcnRlbiBtw6FzIGRpbmVybyB5IHBlcnNvbmFzIGVuIHVuIHByb3llY3RvLCBsb3Mgc2VjcmV0b3MgZGUgbGEgY2llbmNpYSBzZSBkZXN2ZWxhcsOhbiBtdWNobyBtw6FzIHLDoXBpZG8u
R3kuAg,,W0t1cmR0XQpCdXQgaWYgdGhlIHBlb3BsZSBkb2luZyB5b3VyIHJlc2VhcmNoIGFyZSB1bm1vdGl2YXRlZCBhbmQgdW5pbnNwaXJlZCwgeW91J2xsIG5ldmVyIGdldCBhbnl3aGVyZS4=,,,,,W0t1cmR0XQpFbnRyZXRhbnRvLCBtZXNtbyBxdWUgZWxlcyB0ZW5oYW0gZnVuZG9zIHBhcmEgaXNzbyBlIG11aXRhIG3Do28tZGUtb2JyYSwKbWFzIG7Do28gZMOjbyBtb3RpdmHDp8OjbyBhb3MgcGVzcXVpc2Fkb3JlcywKZW50w6NvIG9zIGVzdHVkb3MgbsOjbyBwb2RlcsOjbyBzZXIgYmVtLXN1Y2VkaWRvcy4=,,W0t1cmR0XQpQZXJvIHNpIHF1aWVuZXMgbGxldmFuIGFkZWxhbnRlIGxhIGludmVzdGlnYWNpw7NuIG5vIHRpZW5lbiBsYSBtb3RpdmFjacOzbiBuaSBsYSBpbnNwaXJhY2nDs24gbmVjZXNhcmlhcywgbnVuY2Egc2UgbGxlZ2Fyw6EgYSBuaW5ndW5hIHBhcnRlLg==
SHkuAg,,W1BhdmVsXQpeMzMzMzMzKlNuaWZmIHNuaWZmKi4uLgoqQWNob28hKl4wMDAwMDAgSHVoPwpXaG8gYXJlIHlvdT8=,,,,,W1BhdmVsXQoqc25pZmYgc25pZmYqLi4uCkF0Y2hpbSEKSMOjPwpRdWVtIMOpIHZvY8OqPwouLi4u,,W1BhdmVsXQpeMzMzMzMzKkluaGFsYSwgaW5oYWxhLi4uKgoqwqFBY2jDuiEqXjAwMDAwMCDCv0VoPwrCv1F1acOpbiBlcmVzPw==
SXkuAg,,W1BhdmVsXQpPaCwgc29ycnkuCllvdSBtdXN0IGJlIHRoZSBuZXcgYXNzaXN0YW4tLV4zMzMzMzMqQWFhY2hvbyFeMDAwMDAwIEVoaG0sIF4zMzMzMzMqU25pZmYgc25pZmYqXjAwMDAwMCBJJ20gc29ycnkuIEFzIHlvdSBjYW4gc2VlLCBJJ20gZmVlbGluZyBhIGxpdHRsZSBiaXQgdW5kZXIgdGhlIHdlYXRoZXIu,,,,,W1BhdmVsXQpBaCwgbWluaGFzIGRlc2N1bHBhcy4KVm9jw6ogZGV2ZSBzZXIgbyBub3ZvIGFzc2lzdGVudGUuLi4gQWFhdGNoaW0hCkhtbSBobW1tICpzbmlmZiBzbmlmZiouLi4gRGVzY3VscGUsIGV1IGVzdG91IGdyaXBhZG8uLi4KKnNuaWZmIHNuaWZmKi4uLgoqc25pZmYqLi4uaG1tbS4uLg==,,W1BhdmVsXQpBaCwgbG8gc2llbnRvLgpUw7ogZGViZXMgc2VyIGVsIG51ZXZvIGF5dWRhbnRlLi4uXjMzMzMzMyrCoUFhYWNow7ohXjAwMDAwMCBFbW0sIF4zMzMzMzMqSW5oYWxhLCBpbmhhbGEqXjAwMDAwMCBMbyBzaWVudG8uIENvbW8gcHVlZGVzIHZlciwgZXN0b3kgdW4gcG9jbyBlbmZlcm1vLg==
SnkuAg,,W1BhdmVsXQpJdCdzIGdvb2QgdG8ga25vdyB0aGF0IHlvdSdyZSBoZWxwIHRvIGhlbHAgbWUuIEJ1dCBeMzMzMzMzKkFjaG9vb28hIFNuaWZmIFNuaWZmKl4wMDAwMDA=,,,,,W1BhdmVsXQpIbW0uLi4uCsOJIGJvbSBzYWJlciBxdWUgdm9jw6ogZXN0w6EgYXF1aSBwcmEgbWUgYWp1ZGFyLi4uLgpFbnRyZXRhbnRvLi4uIEFhYWF0Y2hpbSEKKnNuaWZmIHNuaWZmKi4uLg==,,W1BhdmVsXQpFcyBidWVubyBzYWJlciBxdWUgZXN0w6FzIGFxdcOtIHBhcmEgYXl1ZGFybWUuIFBlcm8gXjMzMzMzMyrCoUFhYWFjaMO6ISBJbmhhbGEsIGluaGFsYSpeMDAwMDAw
S3kuAg,,W1BhdmVsXQpBbnl3YXksIGdvIGxvb2sgYXQgLS1eMzMzMzMzKkFhYWNob29vISpeMDAwMDAwIHRoYXQgXjMzMzMzMypBY2hvb29vISpeMDAwMDAwIHRoaW5nLi4uIF4zMzMzMzMqU25pZmYgc25pZmYqXjAwMDAwMA==,,,,,W1BhdmVsXQpIbW0uLi4gQWFhdGNoaW0hCkVuZmltLCB2w6Egb2xoYXIuLi5BYWFhdGNoaW0hIGFxdWVsYS4uLmFhYXRjaGltIQpjb2lzYS4uLipzbmlmZiBzbmlmZio=,,W1BhdmVsXQpEZSB0b2RhcyBmb3JtYXMsIHZlIGEgbWlyYXIuLi4gXjMzMzMzMyrCoUFhYWNow7ohKl4wMDAwMDAgZXNhIF4zMzMzMzMqwqFBYWFjaMO6ISpeMDAwMDAwIGNvc2EuLi4gXjMzMzMzMypJbmhhbGEsIGluaGFsYSpeMDAwMDAw
THkuAg,,W1BhdmVsXQpJIHRvbGQgeW91IHRvIGdvIGxvb2sgYXQtLSBeMzMzMzMzKkFhYWNoaG9vb28hKl4wMDAwMDAgdGhhdCBeMzMzMzMzKkFhYWNob29vbyEgQWNob28hIGdsaGsgZ2xoaypeMDAwMDAw,,,,,W1BhdmVsXQpFdSBsaGUgZGlzc2UgcGFyYSBpciBvbGhhciBBYWFhYXRjaGltISBBcXVpbG8uLi4uIGFhYXRjaGltISBBdGNoaW0hCipnbGhrIGdsaGsqLi4uCkhtbSBobW0uLg==,,W1BhdmVsXQpUZSBkaWplIHF1ZSBmdWVyYXMgYSBtaXJhci4uLiBeMzMzMzMzKsKhQWFhY2jDuiEqXjAwMDAwMCBlc2EgXjMzMzMzMyrCoUFhYWNow7ohKiDCoUFjaMO6ISBHbHVwLCBnbHVwKl4wMDAwMDA=
TXkuAg,,W1BhdmVsXQpeMzMzMzMzKkNvdWdoIGNvdWdoKgoqU25pZmYgc25pZmYuLi4qXjAwMDAwMApTbyBkaWQgeW91IHRha2UgYSBsb29rIGF0IGl0PyBZZWFoLCBJIGRvbid0IHRoaW5rIHlvdSdkIHVuZGVyc3RhbmQsIGV2ZW4gaWYgeW91IHNhdyBpdC4gXjMzMzMzMypnbGhrIGdsaGsqXjAwMDAwMA==,,,,,W1BhdmVsXQoqY29mIGNvZioKKnNuaWZmIHNuaWZmKi4uLgpFbnTDo28sIHZvY8OqIG9saG91IG8gcXVlIGxoZSBwZWRpPwrDiSwgZXUgbsOjbyBlc3BlcmF2YSBxdWUgZW50ZW5kZXJpYSwgbWVzbW8gc2Ugdm9jw6ogdGl2ZXNzZSB2aXN0by4KKmdsaGsgZ2xoayouLi4=,,W1BhdmVsXQpeMzMzMzMzKkNvZiwgY29mKgoqSW5oYWxhLCBpbmhhbGEuLi4qXjAwMDAwMArCv1lhIGxlIGVjaGFzdGUgdW4gdmlzdGF6bz8gU8OtLCBjcmVvIHF1ZSBubyBsbyBlbnRlbmRlcsOtYXMgYXVucXVlIGxvIHZpZXJhcy4gXjMzMzMzMypHbHVwLCBnbHVwKl4wMDAwMDA=
TnkuAg,,W1BhdmVsXQpeMzMzMzMzKkFBQUFBQ0hISE9PTyEqXjAwMDAwMApUaGF0IHNsYWIgb2Ygc3RvbmUsIG5vIHdhaXQsIF4zMzMzMzMqQWNob28hKl4wMDAwMDAgdGhlIGxldHRlcnMgZW5ncmF2ZWQgb24gdGhhdCB0aGluZyBhcmUgYW5jaWVuLS1eMzMzMzMzKkFjaG9vISpeMDAwMDAwIGxhbmd1YWdlIGlzIG5vIGxvbmdlciB1c2VkIG5vd2FkYXlzLg==,,,,,W1BhdmVsXQpBQUFBQUFBVENISU0hCkFxdWVsZSBwZWRhw6dvIGRlIHBlZHJhLi4uIG7Do28sIGVzcGVyZS4uLi4gYWFhdGNoaW0hCkFzIGxldHJhcyBlbnRhbGhhZGFzIG5hcXVlbGEgY29pc2EgaW5kZXNjcml0w612ZWwKc8OjbyBtdWl0byBhbnRpZ2FzLi4uLiBhYWF0Y2hpbSEgLi4udW1hIGxpbmd1YWdlbSBxdWUgbsOjbyDDqS4uLi4gYWFhdGNoaW0hCm1haXMgdXNhZGEgaG9qZSBlbSBkaWEu,,W1BhdmVsXQpeMzMzMzMzKsKhQUFBQUFDSMOaISpeMDAwMDAwCkVzYSBsYWphIGRlIHBpZWRyYSwgbm8gZXNwZXJhLCBeMzMzMzMzKsKhQWNow7ohKl4wMDAwMDAgbGFzIGxldHJhcyBxdWUgdGllbmUgZ3JhYmFkYXMgc29uIHVuIGFudGlnLi4uXjMzMzMzMyrCoUFjaMO6ISpeMDAwMDAwIGxlbmd1YWplIHF1ZSB5YSBubyBzZSB1dGlsaXphIGhveSBlbiBkw61hLg==
T3kuAg,,W1BhdmVsXQpJIGNhbid0IF4zMzMzMzMqZ2xoayBnbGhrKl4wMDAwMDAgdGVsbCB3aGF0IGFuY2llbnQgbGFuZ3VhZy0tIF4zMzMzMzMqQWNob28hKl4wMDAwMDAgaXQgaXMsIHNvLi4uIEhtbS4uLg==,,,,,W1BhdmVsXQpFdSBuw6NvIHBvc3NvIC4uLipnbGhrIGdsaGsqIGRpemVyIHF1ZSBsw61uZ3VhCmFudGlnYS4uLiBhYWF0Y2hpbSEgw6kgYXF1ZWxhLi4uIGFhYXRjaGltIQpFbnTDo28uLi4gYmVtLi4uaG1tIGhtbSAqc25pZmYgc25pZmYq,,W1BhdmVsXQpObyBwdWVkbyBeMzMzMzMzKkdsdXAsIGdsdXAqXjAwMDAwMCBzYWJlciBxdcOpIGxlbmd1YWplIGFudGlndW8uLi4gXjMzMzMzMyrCoUFjaMO6ISpeMDAwMDAwIGVzLCBhc8OtIHF1ZS4uLiBNbW0uLi4=
UHkuAg,,W1BhdmVsXQpDb25zaWRlcmluZyBeMzMzMzMzKkFjaG9vISBTbmlmZiBzbmlmZipeMDAwMDAwIHRoZSBtYXRlcmlhbCB1c2VkIGZvciB0aGUgc2xhYiBpc24ndCBeMzMzMzMzKlNuaWZmKl4wMDAwMDAgb3JkaW5hcnkgc3RvbmUsIHRoZXJlIG11c3QgYmUgc29tZSBraW5kIG9mIGRldmljZSBpbnN0YWxsZWQgaW4gaXQ/IF4zMzMzMzMqQ291Z2gqXjAwMDAwMA==,,,,,W1BhdmVsXQpDb25zaWRlcmFuZG8uLi4gYWFhdGNoaW0hICpzbmlmZiBzbmlmZiogbyBtYXRlcmlhbApBdGNoaW0hIEF0Y2hpbSEgVXNhZG8gbmEgcGVkcmEuLi4gKnNuaWZmIHNuaWZmKiwKaXNzbyBuw6NvIMOpIHVtIGF0Y2hpbSEgQXRjaGltISAqc25pZmYgc25pZmYqIHBlZGHDp28gZGUgcGVkcmEgcXVhbHF1ZXIuLi4KRXUgYWNoby4uLiBhYWFhdGNoaW0hISEhIERldmUgdGVyIGFsZ3VtIHRpcG8gZGUKbWVjYW5pc21vIGluc3RhbGFkbyBuZWxhICpzbmlmZiBzbmlmZiouLi4=,,W1BhdmVsXQpDb25zaWRlcmFuZG8gXjMzMzMzMyrCoUFjaMO6ISBJbmhhbGEsIGluaGFsYSpeMDAwMDAwIGVsIG1hdGVyaWFsIHV0aWxpemFkbyBwYXJhIGxhIGxhamEsIG5vIGVzIF4zMzMzMzMqSW5oYWxhKl4wMDAwMDAgdW5hIHBpZWRyYSBvcmRpbmFyaWEgeSBkZWJlIGhhYmVyIGFsZ8O6biB0aXBvIGRlIGRpc3Bvc2l0aXZvIGluc3RhbGFkbyBlbiBlbGxhLCDCv25vPyBeMzMzMzMzKkNvZipeMDAwMDAw
UXkuAg,,W1BhdmVsXQpOb3Qgb25seSB0aGF0IF4zMzMzMzMqU25pZmYgc25pZmYqIGxldHRlcnMgYXJlIG5vdCBqdXN0IGVuZ3JhdmVkLiBeMzMzMzMzKkFBQUFDSE9PISpeMDAwMDAwIFNvbWV0aGluZyBjb3ZlcnMgdGhlIF4zMzMzMzMqQ291Z2gqXjAwMDAwMCBzdXJmYWNlLg==,,,,,W1BhdmVsXQpBYWFhdGNoaW0hISAqc25pZmYgc25pZmYqIE7Do28gw6kgc8OzIGlzc28uLi4qc25pZmYgc25pZmYqCmFzIGxldHJhcyBuw6NvIGVzdMOjbyBhcGVuYXMgZW50YWxoYWRhcy4uLipzbmlmZiBzbmlmZiogQWF0Y2hpbSEhCm1hcyBhbGd1bWEgY29pc2EgQXRjaGltISEgY29icmUuLi5BdGNoaW0hCkFBQUFBVENISUlNISEgYSBzdXBlcmbDrWNpZS4uLiAqc25pZmYgc25pZmYq,,W1BhdmVsXQpObyBzb2xvIGVzby4gXjMzMzMzMypJbmhhbGEsIGluaGFsYSogTGFzIGxldHJhcyBubyBzb2xvIGVzdMOhbiBncmFiYWRhcy4gXjMzMzMzMyrCoUFBQUFDSMOaISpeMDAwMDAwIEFsZ28gY3VicmUgbGEgXjMzMzMzMypDb2YqXjAwMDAwMCBzdXBlcmZpY2llLg==
UnkuAg,,W1BhdmVsXQpJIG11c3QgXjMzMzMzMypDb3VnaCBjb3VnaCpeMDAwMDAwIHJlbW92ZSB0aGUgZGV2aWNlIGZvciBzbyB0aGF0IEkgY2FuIF4zMzMzMzMqQ291Z2ggY291Z2gqXjAwMDAwMCBpbnZlc3RpZ2F0ZSB0aGlzIGZ1cnRoZXIgXjMzMzMzMypTbmlmZipeMDAwMDAwIEJ1dGp1c3QgbG9vayBhdCBtZS4gSSdtIGEgd3JlY2suIEkgY2FuJ3QgZXZlbiBeMzMzMzMzKkFBQUFDSE9PISpeMDAwMDAwIC4uLnRhbGsu,,,,,W1BhdmVsXQpFdSBwcmVjaXNvICpjb2YgY29mKiByZXRpcmFyIGVzc2UgbWVjYW5pc21vIHBhcmEuLi4qY29mIGNvZioKcGVzcXVpc2FyIG1haXMgYSBmdW5kby4uLipjb2YgY29mKi4uLiBtYXMgb2xoZSBwYXJhIG1pbS4KRXUgbsOjbyBwb3NzbyBuZW0gZmFsYXIuLi4qZ2xoayBnbGhrKiBjbGFyYW1lbnRlLi4u,,W1BhdmVsXQpEZWJvIF4zMzMzMzMqQ29mKl4wMDAwMDAgcXVpdGFyIGVsIGRpc3Bvc2l0aXZvIHBhcmEgcG9kZXIgXjMzMzMzMypDb2YqXjAwMDAwMCBpbnZlc3RpZ2FyIG3DoXMgYSBmb25kby4gXjMzMzMzMypJbmhhbGEqXjAwMDAwMCBQZXJvIG3DrXJhbWUuIFNveSB1biBkZXNhc3RyZS4gTmkgc2lxdWllcmEgcHVlZG8uLi4gXjMzMzMzMyrCoUFBQUFDSMOaISpeMDAwMDAwIGhhYmxhci4=
U3kuAg,,W1BhdmVsXQpeMzMzMzMzKlNuaWZmIHNuaWZmKl4wMDAwMDAKU28gSSBob3BlIHlvdSBkb24ndCBtaW5kIF4zMzMzMzMqQWNob28hKl4wMDAwMDAgaGVscGluZyBtZSByZW1vdmUgXjMzMzMzMypDb3VnaCpeMDAwMDAwIHRoZSBkZXZpY2UuIFRoYW5rIHlvdSBzbyBtdWNoLiBeMzMzMzMzKlNuaWZmKl4wMDAwMDA=,,,,,W1BhdmVsXQpIbW0gKnNuaWZmIHNuaWZmKi4uLiBlbnTDo28gZXNwZXJvIHF1ZSB2b2PDqiBuw6NvCnNlIGltcG9ydGUgZGUgQWF0Y2hpbSEuLi4gbWUgYWp1ZGFyIGEgcmVtb3ZlciBBdGNoaW0hIS4uLiBvIGRpc3Bvc2l0aXZvLi4uCkF0Y2hpbSEgT2JyaWdhZG8uCkFBQUFBVENISUlJTSE=,,W1BhdmVsXQpeMzMzMzMzKkluaGFsYSwgaW5oYWxhKl4wMDAwMDAKQXPDrSBxdWUgZXNwZXJvIHF1ZSBubyB0ZSBpbXBvcnRlIF4zMzMzMzMqwqFBY2jDuiEqXjAwMDAwMCBheXVkYXJtZSBhIHF1aXRhciBeMzMzMzMzKkNvZipeMDAwMDAwIGVsIGRpc3Bvc2l0aXZvLiBNdWNoYXMgZ3JhY2lhcy4gXjMzMzMzMypJbmhhbGEqXjAwMDAwMA==
VHkuAg,,W1BhdmVsXQpeMzMzMzMzQWFhYWFjY2NjY2hoaGhvb29vLi4uISpeMDAwMDAwClVtLCB3aGF0IEkgbWVhbnQgdG8gc2F5IHctLV4zMzMzMzNBQUFBQ0hPT08hKl4wMDAwMDAKXjMzMzMzMypTbmlmZiBzbmlmZi4uLipeMDAwMDAw,,,,,W1BhdmVsXQpBYWFhLi4uLmFhYS4uLi4udGNoaWlpaW0hISEKKnNuaWZmIHNuaWZmKi4uLgpCZW0uLi4gbyBxdWUgZXUgcXVpcyBkaXplciBmb2kuLi4uIEFBQUFBVENISU0hLi4uCipzbmlmZiBzbmlmZiouLi4=,,W1BhdmVsXQpeMzMzMzMzwqFBYWFjaMO6Li4uISpeMDAwMDAwCkVtLCBsbyBxdWUgcXVpc2UgZGVjaXIgZnVlLi4uXjMzMzMzM8KhQUFBQUNIw5ohKl4wMDAwMDAKXjMzMzMzMypJbmhhbGEsIGluaGFsYS4uLipeMDAwMDAw
VXkuAg,,W1BhdmVsXQpeMzMzMzMzKkNvdWdoKl4wMDAwMDAKT2guLi4gXjMzMzMzMypTbmlmZipeMDAwMDAwCk5vdyBJIHNlZS4uLgpeMzMzMzMzKmdsaGsgZ2xoaypeMDAwMDAw,,,,,W1BhdmVsXQoqY29mKi4uLgouLi4uLi4hIQpPaC4uLkF0Y2hpbSEKQWdvcmEgZXUgZW50ZW5kbyEKKnNuaWZmIHNuaWZmKi4uLg==,,W1BhdmVsXQpeMzMzMzMzKkNvZipeMDAwMDAwCk9oLi4uIF4zMzMzMzMqSW5oYWxhKl4wMDAwMDAKWWEgdmVvLi4uCl4zMzMzMzMqR2x1cCwgZ2x1cCpeMDAwMDAw
VnkuAg,,W1BhdmVsXQpJIHdhc34gXjMzMzMzMypBY2hvbyEqXjAwMDAwMCByaWdodCwgXjMzMzMzMypBY2hvbyEqXjAwMDAwMCBTb21ldGhpbmcgd2FzIGluc3RhbGxlZCBpbiB0aGUgc2wtXjMzMzMzMypDb3VnaCpeMDAwMDAwIHNsYWIuIEkgY291bGRuJ3QgbG9vayBhdCBpdCBteXNlbGYgYmVjYXVzZSBvZiB0aGlzIGRhbW4gXjMzMzMzMypDb29vb291Z2ggYy1jLWNvdWdoKl4wMDAwMDAgZmx1Lg==,,,,,W1BhdmVsXQpFdSBlc3RhdmEgQXRjaGltISBDZXJ0bywgYXRjaGltIQpleGlzdGUgdW0gbWVjYW5pc21vIGluc3RhbGFkby4uLiBhYWF0Y2hpbSEgbmEgcGVkcmEuCkV1IG7Do28uLi4qY291Z2ggY291Z2gqIGNvbnNlZ3VpYS4uLipzbmlmZiBzbmlmZioKaW52ZXN0aWdhci4uLiBBdGNoaW0hIGEgcGVkcmEgYSBmdW5kby4uLiBhYWF0Y2hpbSEKcG9ycXVlIGVzc2EgcG9yY2FyaWEgZGUgZ3JpcGUgZmljYSBtZSBmYXplbmRvIGVzcGlycmFyLg==,,W1BhdmVsXQpFc3RhYmEgXjMzMzMzMyrCoUFjaMO6ISpeMDAwMDAwIGVuIGxvIGNpZXJ0by4gXjMzMzMzMyrCoUFjaMO6ISpeMDAwMDAwIEhhYsOtYSBhbGdvIGluc3RhbGFkbyBlbiBsYSBsYWouLi5eMzMzMzMzKkNvZipeMDAwMDAwLiBObyBwdWRlIHZlcmxvIHBvciBtw60gbWlzbW8gYSBjYXVzYSBkZSBlc3RhIG1hbGRpdGEgXjMzMzMzMypDb2YsIGNvZipeMDAwMDAwIGdyaXBlLg==
V3kuAg,,W1BhdmVsXQpHcmVhdCBqb2J+CllvdSBkaWQgc29tZSBeMzMzMzMzKlNuaWZmKl4wMDAwMDAgZ29vZCB3b3JrLiBUaGFuayB5b3Ugc28gbXVjaCBmb3IgaGVscGluZyBtZS4gXjMzMzMzMypBY2hvbyEgQWNob28hKl4wMDAwMDA=,,,,,W1BhdmVsXQpBdGNoaW0hIEF0Y2hpbSEgT2JyaWdhZG8gcG9yIHN1YSBhanVkYS4uLi4qc25pZmYgc25pZmYqCkhhaGFoLi4uLipnaGxrIGdobGsqLi4uIHZvY8OqIGZleiB1bSBib20gdHJhYmFsaG8uCipjb2YgY29mKg==,,W1BhdmVsXQpHcmFuIHRyYWJham8uCkhhcyBoZWNobyB1biBeMzMzMzMzKkluaGFsYSpeMDAwMDAwIGJ1ZW4gdHJhYmFqby4gTXVjaGFzIGdyYWNpYXMgcG9yIGF5dWRhcm1lLiBeMzMzMzMzKsKhQWNow7ohIMKhQWNow7ohKl4wMDAwMDA=
WHkuAg,,W1BhdmVsXQpXaGV0aGVyIG9yIG5vdCB3ZSBjYW4gYWN0dWFsbHkgZGV0ZWN0IG9yIHNlbnNlIHNwaXJpdHMgaXNuJ3QgYXMgaW1wb3J0YW50IGFzIGZpcnN0IHByb3ZpbmcgdGhlaXIgZXhpc3RlbmNlLg==,,,,,W1BhdmVsXQpIbW0uLi4uCk7Do28gw6kgaW1wb3J0YW50ZSBzYWJlciBzZSDDqSBwb3Nzw612ZWwKaW5jb3Jwb3JhciB1bSBlc3DDrXJpdG8gZW0gdW1hIGZvcm1hIG91IG7Do28uCsOJIG1haXMgaW1wb3J0YW50ZSBzYWJlciBzZQpwb2RlbW9zIHByb3ZhciBhIGV4aXN0w6puY2lhIGRlIGVzcMOtcml0b3Mgb3UgbsOjby4=,,W1BhdmVsXQpRdWUgcG9kYW1vcyBvIG5vIGRldGVjdGFyIG8gc2VudGlyIGEgbG9zIGVzcMOtcml0dXMgbm8gZXMgdGFuIGltcG9ydGFudGUgY29tbyBkZW1vc3RyYXIgcHJpbWVybyBzdSBleGlzdGVuY2lhLg==
WXkuAg,,U2xhYg==,,,,,TGFqZQ==,,TG9zYQ==
WnkuAg,,Li4uLndoZ2tzIF5GRjAwRkZkaXJkbmxeMDAwMDAwc2pzIHdrcmRqc3doZ2tzIHdoZHRuZmIKLi4uLi4uLi4uLi4uZGpzd2hna3Mgd2tkdXNkbmxybmxmbgouLi4uLi4ud2hzanMgcmhmIHRrIGRtcXNqcyByaiBlaGRkamZuCndrZHVzZ2tzIF5GRjAwRkZ0a2FyeWZeMDAwMDAwZG5sIGR1cmpmZmxyaHNqcyB3a3JkanN3aGdrcyAuLi4uLi4Kd2tyZGpzd2hna3Mgc2hmaCB3a3JkanN3aGdrcyB3a2R1cyB3a3IuLi4KXkZGMDBGRmdoc3drYV4wMDAwMDBna3MgLi4uLi4uLi5mdXNqcyB0bWxkLi4uLi4uLi4u,,,,,Li4uLndoZ2tzIF5GRjAwRkZkaXJkbmxeMDAwMDAwc2pzIHdrcmRqc3doZ2tzIHdoZHRuZmIKLi4uLi4uLi4uLi4uZGpzd2hna3Mgd2tkdXNkbmxybmxmbgouLi4uLi4ud2hzanMgcmhmIHRrIGRtcXNqcyByaiBlaGRkamZuCndrZHVzZ2tzIF5GRjAwRkZ0a2FyeWZeMDAwMDAwZG5sIGR1cmpmZmxyaHNqcyB3a3JkanN3aGdrcyAuLi4uLi4Kd2tyZGpzd2hna3Mgc2hmaCB3a3JkanN3aGdrcyB3a2R1cyB3a3IuLi4KXkZGMDBGRmdoc3drYV4wMDAwMDBna3MgLi4uLi4uLi5mdXNqcyB0bWxkLi4uLi4uLi4u,,Li4ud2hna3MgXkZGMDBGRmRpcmRubF4wMDAwMDBzanMgd2tyZGpzd2hna3Mgd2hkdG5mYgouLi4uLi4uLi4uLi5kanN3aGdrcyB3a2R1c2RubHJubGZuCi4uLi4uLi53aHNqcyByaGYgdGsgZG1xc2pzIHJqIGVoZGRqZm4Kd2tkdXNna3MgXkZGMDBGRnRrYXJ5Zl4wMDAwMDBkbmwgZHVyamZmbHJoc2pzIHdrcmRqc3doZ2tzIC4uLi4uLgp3a3JkanN3aGdrcyBzaGZoIHdrcmRqc3doZ2tzIHdrZHVzIHdrci4uLgpeRkYwMEZGZ2hzd2thXjAwMDAwMGdrcyAuLi4uLi4uLmZ1c2pzIHRtbGQuLi4uLi4uLi4=
W3kuAg,,XjMzNTVGRlRoZXJlIGlzIHNvbWUgd3JpdGluZyBlbmdyYXZlZCBvbiB0aGlzIHNsYWIgb2Ygc3RvbmUuIFNpbmNlIHlvdSBjYW4ndCByZWFkIGl0IGFuZCB0aGUgc3RvbmUgbG9va3Mgd2VhdGhlcmVkIHdpdGggdGltZSwgaXQgc2VlbXMgdG8gYmUgd3JpdHRlbiBpbiBhbiBhbmNpZW50IGxhbmd1YWdlLl4wMDAwMDA=,,,,,UGFsYXZyYXMgZGVzY29uaGVjaWRhcyBlc3TDo28gZW5jcmF2YWRhcyBubyBwZWRhw6dvIGRlIHBlZHJhLgpQYXJlY2UgdW1hIGxpbmd1YWdlbSBhbnRpZ2EuCk8gcGVkYcOnbyBkZSBwZWRyYSBmb2kgc2V2ZXJhbWVudGUgZGFuaWZpY2FkbwpwYXJhIGNhZGEgbGV0cmEgc2VyIHJlY29uaGVjw612ZWwu,,XjMzNTVGRkhheSBhbGdvIGdyYWJhZG8gZW4gZXN0YSBsYWphIGRlIHBpZWRyYS4gTm8gcHVlZGVzIGxlZXJsbyB5IGxhIHBpZWRyYSBlc3TDoSBlcm9zaW9uYWRhIHBvciBlbCB0aWVtcG8sIHBlcm8gcGFyZWNlIGVzdGFyIGVzY3JpdG8gZW4gdW4gbGVuZ3VhamUgYW50aWd1by5eMDAwMDAw
XHkuAg,,XjMzNTVGRlVwb24gdG91Y2hpbmcgdGhlIHNsYWIncyBzdXJmYWNlLCB5b3UgZmVlbCB0aGF0IGl0IGlzIHN1cnByaXNpbmdseSB3YXJtLiBQZXJoYXBzIHRoZXJlIGlzIG1vcmUgdG8gdGhpcyBzbGFiIHRoYW4gbWVldHMgdGhlIGV5ZS5eMDAwMDAw,,,,,QW8gdG9jYXIgc3VhIHN1cGVyZsOtY2llLCBlbGEgZXN0YXZhIHF1ZW50ZS4KQ29tIGNlcnRlemEsIG8gcGVkYcOnbyBuw6NvIHBhcmVjaWEgdGVyIHNpZG8gcmV0aXJhZG8gZGUgdW1hIHBlZHJhIHF1YWxxdWVyLg==,,XjMzNTVGRkFsIHRvY2FyIGxhIHN1cGVyZmljaWUgZGUgbGEgbGFqYSwgdGUgc29ycHJlbmRlIGxvIGNhbGllbnRlIHF1ZSBlc3TDoS4gUXVpesOhIGVzdGEgbGFqYSBlc2NvbmRhIG3DoXMgc2VjcmV0b3MgZGUgbG8gcXVlIHBhcmVjZS5eMDAwMDAw
XXkuAg,,Li4uLndoZ2tzIF5GRjAwRkZkaXJkbmxeMDAwMDAwc2pzIHdrcmRqc3doZ2tzIHdoZHRuZm4KLi4uLi4uLi4uLi4uZGpzd2hna3Mgd2tkdXNkbmxybmxmbgouLi4uLi4ud2hzanMgcmhmIHRrIGRtcXNqcyByaiBlaGRkamZuCndrZHVzZ2tzIF5GRjAwRkZ0a2FyeWZeMDAwMDAwZG5sIGR1cmpmZmxyaHNqcyB3a3JkanN3aGdrcyAuLi4uLi4Kd2tyZGpzd2hna3Mgc2hmaCB3a3JkanN3aGdrcyB3a2R1cyB3a3IuLi4KXkZGMDBGRmdoc3drYV4wMDAwMDBna3MuLi4uLi4uLi5mdXNqcyB0bWxkLi4uLi4uLi4u,,,,,Li4uLndoZ2tzIF5GRjAwRkZkaXJkbmxeMDAwMDAwc2pzIHdrcmRqc3doZ2tzIHdoZHRuZmIKLi4uLi4uLi4uLi4uZGpzd2hna3Mgd2tkdXNkbmxybmxmbgouLi4uLi4ud2hzanMgcmhmIHRrIGRtcXNqcyByaiBlaGRkamZuCndrZHVzZ2tzIF5GRjAwRkZ0a2FyeWZeMDAwMDAwZG5sIGR1cmpmZmxyaHNqcyB3a3JkanN3aGdrcyAuLi4uLi4Kd2tyZGpzd2hna3Mgc2hmaCB3a3JkanN3aGdrcyB3a2R1cyB3a3IuLi4KXkZGMDBGRmdoc3drYV4wMDAwMDBna3MuLi4uLi4uLi5mdXNqcyB0bWxkLi4uLi4uLi4u,,Li4uLndoZ2tzIF5GRjAwRkZkaXJkbmxeMDAwMDAwc2pzIHdrcmRqc3doZ2tzIHdoZHRuZm4KLi4uLi4uLi4uLi4uZGpzd2hna3Mgd2tkdXNkbmxybmxmbgouLi4uLi4ud2hzanMgcmhmIHRrIGRtcXNqcyByaiBlaGRkamZuCndrZHVzZ2tzIF5GRjAwRkZ0a2FyeWZeMDAwMDAwZG5sIGR1cmpmZmxyaHNqcyB3a3JkanN3aGdrcyAuLi4uLi4Kd2tyZGpzd2hna3Mgc2hmaCB3a3JkanN3aGdrcyB3a2R1cyB3a3IuLi4KXkZGMDBGRmdoc3drYV4wMDAwMDBna3MuLi4uLi4uLi5mdXNqcyB0bWxkLi4uLi4uLi4u
XnkuAg,,XjMzNTVGRlVwb24gdGFraW5nIGEgY2xvc2VyIGxvb2sgYXQgdGhlIHN0b25lIHNsYWIsIHlvdSBzZWUgdGhhdCB0aGVyZSBhcmUgc21hbGwgZGV2aWNlcyBpbiB0aGUgY3JldmljZXMgb2YgZWFjaCBlbmdyYXZlZCBsZXR0ZXIgaW4gb25lIG9mIHRoZSB3b3Jkcy4=,,,,,QW8gb2xoYXIgbWFpcyBkZSBwZXJ0bywgdm9jw6ogZW5jb250cm91IHRyYcOnb3MgZXN0cmFuaG9zIGVtIGNhZGEgbGV0cmEuClBhcmVjaWEgcXVlIGhhdmlhIHVtIHRpcG8gZGUgZGlzcG9zaXRpdm8gaW5zdGFsYWRvIG5hcyBsZXRyYXMu,,XjMzNTVGRkFsIG1pcmFyIG3DoXMgZGUgY2VyY2EgbGEgbGFqYSBkZSBwaWVkcmEsIHZlcyBxdWUgaGF5IHBlcXVlw7FvcyBkaXNwb3NpdGl2b3MgZW4gbGFzIGhlbmRpZHVyYXMgZGUgY2FkYSBsZXRyYSBncmFiYWRhIGVuIHVuYSBkZSBsYXMgcGFsYWJyYXMu
X3kuAg,,ZGlyZG5s,,,,,ZGlyZG5s,,ZGlyZG5s
YHkuAg,,WmFwfgpeMzM1NUZGQXMgeW91IHByZXNzIHRoZSB3b3JkICdeRkYwMDAwZGlyZG5sXjMzNTVGRiwnIHRoZSBzbGFiIGVtaXR0ZWQgYSBzdHJhbmdlIGJlZXBpbmcgbm9pc2UgYnV0IG5vdGhpbmcgZWxzZSBoYXBwZW5lZC4gUGVyaGFwcyB5b3UgbXVzdCBwcmVzcyBzb21lIG9mIHRoZSBvdGhlciB3b3Jkcy5eMDAwMDAw,,,,,WmFwIQpBbyBwcmVzc2lvbmFyIGEgcGFsYXZyYSAnXkZGMDAwMGRpcmRubF4wMDAwMDAnLAphIHBlZHJhIGZleiB1bSBiYXJ1bGhvIGVzdHJhbmhvLgpFbnRyZXRhbnRvLCBuw6NvIG9jb3JyZXJhbSBvdXRyYXMgbXVkYW7Dp2FzIGFsw6ltIGRvIGJhcnVsaG8uClZvY8OqIGRlY2lkaXUgdG9jYXIgb3V0cmFzIHBhbGF2cmFzLg==,,WmFwLgpeMzM1NUZGQWwgcHVsc2FyIGxhIHBhbGFicmEgXkZGMDAwMGRpcmRubF4zMzU1RkYsIGxhIGxhamEgZW1pdGnDsyB1biBleHRyYcOxbyBwaXRpZG8sIHBlcm8gbm8gb2N1cnJpw7MgbmFkYSBtw6FzLiBUYWwgdmV6IGRlYmEgcHVsc2FyIGFsZ3VuYSBkZSBsYXMgZGVtw6FzIHBhbGFicmFzLl4wMDAwMDA=
YXkuAg,,XjMzNTVGRk5vdGhpbmcgaGFwcGVuZWQuClBlcmhhcHMgdGhhdCB3b3JkCmlzIG5vdCBvbiB0aGUgc2xhYi5eMDAwMDAw,,,,,XjMzNTVGRlZvY8OqIHRvY291IHVtYSBwYWxhdnJhLCBuYWRhIGFjb250ZWNldS4KVm9jw6ogZGVjaWRpdSBwZW5zYXIgZW0gYWxndW1hIGNvaXNhIGRpZmVyZW50ZS5eMDAwMDAw,,XjMzNTVGRk5vIHBhc8OzIG5hZGEuClRhbCB2ZXogZXNhIHBhbGFicmEKbm8gZXN0w6EgZW4gbGEgbGFqYS5eMDAwMDAw
YnkuAg,,dGthcnlm,,,,,dGthcnlm,,dGthcnlm
Y3kuAg,,XjMzNTVGRllvdSBwcmVzcyB0aGUgd29yZCAnXkZGMDAwMHRrYXJ5Zl4zMzU1RkYsJyBhbmQgYW5vdGhlciBiZWVwIHdhcyBlbWl0dGVkIGZyb20KdGhlIHNsYWIuXjAwMDAwMA==,,,,,WmFwIQpBbyBwcmVzc2lvbmFyIGEgcGFsYXZyYSAnXkZGMDAwMHRrYXJ5Zl4wMDAwMDAnLAphIHBlZHJhIGZleiB1bSBiYXJ1bGhvIGVzdHJhbmhvLgpFbnRyZXRhbnRvLCBuw6NvIG9jb3JyZXJhbSBvdXRyYXMgbXVkYW7Dp2FzIGFsw6ltIGRvIGJhcnVsaG8uClZvY8OqIGRlY2lkaXUgdG9jYXIgb3V0cmFzIHBhbGF2cmFzLg==,,XjMzNTVGRlB1bHNhcyBsYSBwYWxhYnJhIF5GRjAwMDB0a2FyeWZeMzM1NUZGIHkgc3VlbmEgb3RybyBwaXRpZG8gZGUKbGEgbGFqYS5eMDAwMDAw
ZHkuAg,,Z2hzd2th,,,,,Z2hzd2th,,Z2hzd2th
ZXkuAg,,XjMzNTVGRllvdSBwcmVzcyBvbiB0aGUgd29yZCAnXkZGMDAwMGdoc3drYV4zMzU1RkYsJyByZXN1bHRpbmcgaW4gYW4gYWZmaXJtYXRpdmUgYmVlcC4gTm90aGluZyBoYXMgc3RpbGwgaGFwcGVuZWQsIHNvIHBlcmhhcHMgeW91IG11c3QgcHJlc3MgYW5vdGhlciB3b3JkLl4wMDAwMDA=,,,,,WmFwIQpBbyB2b2PDqiBwcmVzc2lvbmFyIGEgcGFsYXZyYSAnXkZGMDAwMGdoc3drYV4wMDAwMDAnLAphIHBlZHJhIGZleiB1bSBiYXJ1bGhvIGVzdHJhbmhvLgpFbnRyZXRhbnRvLCBuw6NvIG9jb3JyZXJhbSBvdXRyYXMgbXVkYW7Dp2FzIGFsw6ltIGRvIGJhcnVsaG8uClZvY8OqIGRlY2lkaXUgdG9jYXIgb3V0cmFzIHBhbGF2cmFzLg==,,XjMzNTVGRlB1bHNhcyBsYSBwYWxhYnJhIF5GRjAwMDBnaHN3a2FeMzM1NUZGIHkgc3VlbmEgdW4gcGl0aWRvIGRlIGNvbmZpcm1hY2nDs24uIFRvZGF2w61hIG5vIGhhIHBhc2FkbyBuYWRhLCBhc8OtIHF1ZSB0YWwgdmV6IGRlYmFzIHB1bHNhciBvdHJhIHBhbGFicmEuXjAwMDAwMA==
ZnkuAg,,WW91IHRvdWNoZWQgYSB3b3JkIF5GRjAwMDB7MH1eMDAwMDAwLCBub3RoaW5nIGhhcHBlbmVkLgpZb3UgZGVjaWRlZCB0byB0aGluayB1cCBzb21ldGhpbmcgZGlmZmVyZW50Lg==,,,,,Vm9jw6ogdG9jb3UgdW1hIHBhbGF2cmEgXkZGMDAwMHswfV4wMDAwMDAsIG5hZGEgYWNvbnRlY2V1LgpWb2PDqiBkZWNpZGl1IHBlbnNhciBlbSBhbGd1bWEgY29pc2EgZGlmZXJlbnRlLg==,,VG9jYXN0ZSB1bmEgcGFsYWJyYSBeRkYwMDAwezB9XjAwMDAwMCwgcGVybyBubyBwYXPDsyBuYWRhLgpEZWNpZGlzdGUgcGVuc2FyIGVuIGFsZ28gZGlmZXJlbnRlLg==
Z3kuAg,,XjY2NjY2NipFZWVlZWVlZWVlfipeMDAwMDAw,,,,,RWVlZWVlZWVlZQ==,,XjY2NjY2NipJaWlpaWlpaWlpaSpeMDAwMDAw
aHkuAg,,XjMzNTVGRlRoZSBzbGFiIGJlZ2FuCnRvIHZpYnJhdGUgYW5kIHRoZQplbmdyYXZlZCBsZXR0ZXJzIHNsb3dseQpkaXNhcHBlYXJlZCwgcmV2ZWFsaW5nCmEgbmV3IHNldCBvZiB3b3JkcyB1bmRlcm5lYXRoLl4wMDAwMDA=,,,,,QW8gcHJlc3Npb25hciBhcyB0csOqcyBwYWxhdnJhcyBlbSBvcmRlbSwKYSBwZWRyYSBjb21lw6dvdSBhIHZpYnJhciwgZmF6ZW5kbyB1bSBiYXJ1bGhvIGVzdHJhbmhvLgpBbyBtZXNtbyB0ZW1wbywgb3MgdHJhw6dvcyBlc3RyYW5ob3MgbmFzIGxldHJhcyBhb3MgcG91Y29zIGRlc2FwYXJlY2VyYW0KZSBkaWZlcmVudGVzIGxldHJhcyBhcGFyZWNlcmFtIHBvciBkZWJhaXhvIGRlbGVzLg==,,XjMzNTVGRkxhIGxhamEgY29tZW56w7MKYSB2aWJyYXIgeSBsYXMKbGV0cmFzIGdyYWJhZGFzIGRlc2FwYXJlY2llcm9uCmxlbnRhbWVudGUsIHBhcmEgcmV2ZWxhcgp1biBudWV2byBjb25qdW50byBkZSBwYWxhYnJhcyBkZWJham8uXjAwMDAwMA==
aXkuAg,,d2tyZGpzd2hna3MgZGlyZG5sc2pzIHdrcmRqc3doZ2tzIHdoZHRuZmgKd2tyZGpzd2hna3MgZGxkZ25zZGpzIHdrcmRqc3doZ2tzIHdrZHVzZG5scm5sZm4KdGhmZGggZHVUc2pzd2hzanMgcmhmIHRrIGRtcXNqcyByaiBlaGRkamZuCndrZHVzZ2tzIHRrYXJ5ZmRubCBkdXJqZmZscmhzanMgd2tyZGpzd2hna3MgdGthdG5mdQp3a3JkanN3aGdrcyBzaGZoIHdrcmRqc3doZ2tzIHdrZHVzIHdrcmRqc3doZ2tzIGRsZGducwpnaHN3a2Fna3MgdGthdG5mdXNqcyB0bWxkYWxkZ2tzIGFrcm5s,,,,,d2tyZGpzd2hna3MgZGlyZG5sc2pzIHdrcmRqc3doZ2tzIHdoZHRuZmgKd2tyZGpzd2hna3MgZGxkZ25zZGpzIHdrcmRqc3doZ2tzIHdrZHVzZG5scm5sZm4KdGhmZGggZHVUc2pzd2hzanMgcmhmIHRrIGRtcXNqcyByaiBlaGRkamZuCndrZHVzZ2tzIHRrYXJ5ZmRubCBkdXJqZmZscmhzanMgd2tyZGpzd2hna3MgdGthdG5mdQp3a3JkanN3aGdrcyBzaGZoIHdrcmRqc3doZ2tzIHdrZHVzIHdrcmRqc3doZ2tzIGRsZGducwpnaHN3a2Fna3MgdGthdG5mdXNqcyB0bWxkYWxkZ2tzIGFrcm5s,,d2tyZGpzd2hna3MgZGlyZG5sc2pzIHdrcmRqc3doZ2tzIHdoZHRuZmgKd2tyZGpzd2hna3MgZGxkZ25zZGpzIHdrcmRqc3doZ2tzIHdrZHVzZG5scm5sZm4KdGhmZGggZHVUc2pzd2hzanMgcmhmIHRrIGRtcXNqcyByaiBlaGRkamZuCndrZHVzZ2tzIHRrYXJ5ZmRubCBkdXJqZmZscmhzanMgd2tyZGpzd2hna3MgdGthdG5mdQp3a3JkanN3aGdrcyBzaGZoIHdrcmRqc3doZ2tzIHdrZHVzIHdrcmRqc3doZ2tzIGRsZGducwpnaHN3a2Fna3MgdGthdG5mdXNqcyB0bWxkYWxkZ2tzIGFrcm5s
ankuAg,,XjMzNTVGRllvdSBzdGlsbCBkb24ndAp1bmRlcnN0YW5kIHdoYXQgaXMKd3JpdHRlbiBvbiB0aGUgc2xhYi5eMDAwMDAw,,,,,Li4uLi4uLi4uLgpWb2PDqiBhaW5kYSBuw6NvIGNvbnNlZ3VpYSBlbnRlbmRlciBvIHF1ZSBhcXVlbGFzIGxldHJhcyBkaXppYW0uCi4uLi4uLi4uLg==,,XjMzNTVGRlRvZGF2w61hIG5vCmVudGllbmRlcyBxdcOpIGVzCmxvIHF1ZSBlc3TDoSBlc2NyaXRvIGVuIGxhIGxhamEuXjAwMDAwMA==
a3kuAg,,QWZ0ZXIgYSB3aGlsZSwgdGhlIG9yaWdpbmFsIGVuZ3JhdmluZyBvbiB0aGUgc2xhYiByZS1hcHBlYXJlZCwgb25jZSBhZ2FpbiBjb25jZWFsaW5nIHRoZSB3cml0aW5nIHVuZGVybmVhdGguIEl0IHNlZW1zIHlvdSBjYW4gb25seSByZXZlYWwgdGhlIGhpZGRlbiBsZXR0ZXJzIHRlbXBvcmFyaWx5Lg==,,,,,RGVwb2lzIGRlIHVtIHRlbXBvLCBhcXVlbGFzIG5vdmFzIGxldHJhcyBkZXNhcGFyZWNlcmFtLgpQYXJlY2lhIHF1ZSB2b2PDqiBzw7MgcG9kZXJpYSBjYW5jZWxhcgpvIGRpc3Bvc2l0aXZvIGRhcyBsZXRyYXMgcG9yIHVtYSBkdXJhw6fDo28gZGUgdGVtcG8u,,QWwgY2FibyBkZSB1biByYXRvLCBlbCBncmFiYWRvIG9yaWdpbmFsIGRlIGxhIGxhamEgdm9sdmnDsyBhIGFwYXJlY2VyLCBvY3VsdGFuZG8gZGUgbnVldm8gbGEgZXNjcml0dXJhIHF1ZSBoYWLDrWEgZGViYWpvLiBQYXJlY2UgcXVlIHNvbG8gcHVlZGVzIHJldmVsYXIgbGFzIGxldHJhcyBvY3VsdGFzIGRlIGZvcm1hIHRlbXBvcmFsLg==
bHkuAg,,Li4uLndoZ2tzIGRpcmRubHNqcyB3a3JkanN3aGdrcyB3aGR0bmZuCi4uLi4uLi4uLi4uLmRqc3doZ2tzIHdrZHVzZG5scm5sZm4KLi4uLi4uLndoc2pzIHJoZiB0ayBkbXFzanMgcmogZWhkZGpmbgp3a2R1c2drcyB0a2FyeWZkbmwgZHVyamZmbHJoc2pzIHdrcmRqc3doZ2tzIC4uLi4uLgp3a3JkanN3aGdrcyBzaGZoIHdrcmRqc3doZ2tzIHdrZHVzIHdrci4uLgpnaHN3a2Fna3MgLi4uLi4uLi4uZnVzanMgdG1sZC4uLi4uLi4uLg==,,,,,Li4uLndoZ2tzIGRpcmRubHNqcyB3a3JkanN3aGdrcyB3aGR0bmZuCi4uLi4uLi4uLi4uLmRqc3doZ2tzIHdrZHVzZG5scm5sZm4KLi4uLi4uLndoc2pzIHJoZiB0ayBkbXFzanMgcmogZWhkZGpmbgp3a2R1c2drcyB0a2FyeWZkbmwgZHVyamZmbHJoc2pzIHdrcmRqc3doZ2tzIC4uLi4uLgp3a3JkanN3aGdrcyBzaGZoIHdrcmRqc3doZ2tzIHdrZHVzIHdrci4uLgpnaHN3a2Fna3MgLi4uLi4uLi4uZnVzanMgdG1sZC4uLi4uLi4uLg==,,Li4uLndoZ2tzIGRpcmRubHNqcyB3a3JkanN3aGdrcyB3aGR0bmZuCi4uLi4uLi4uLi4uLmRqc3doZ2tzIHdrZHVzZG5scm5sZm4KLi4uLi4uLndoc2pzIHJoZiB0ayBkbXFzanMgcmogZWhkZGpmbgp3a2R1c2drcyB0a2FyeWZkbmwgZHVyamZmbHJoc2pzIHdrcmRqc3doZ2tzLi4uLi4uCndrcmRqc3doZ2tzIHNoZmggd2tyZGpzd2hna3Mgd2tkdXMgd2tyLi4uCmdoc3drYWdrcyAuLi4uLi4uLi5mdXNqcyB0bWxkLi4uLi4uLi4u
bXkuAg,,XjMzNTVGRlRoaXMgc2xhYiBvZiBzdG9uZSBoYXMgYmVlbiB3ZWF0aGVyZWQgd2l0aCB0aW1lLCBhbmQgaXRzIHN1cmZhY2UgaXMgZW5ncmF2ZWQgd2l0aCB3cml0aW5nIGZyb20gYSBzdHJhbmdlIGxhbmd1YWdlLl4wMDAwMDA=,,,,,TyBwZWRhw6dvIGRlIHBlZHJhIGZvaSBzZXZlcmFtZW50ZSBkYW5pZmljYWRvCnBhcmEgY2FkYSBsZXRyYSBmaWNhciByZWNvbmhlY8OtdmVsLgpBbyB0b2NhciBzdWEgc3VwZXJmw61jaWUsIGVsYSBlc3RhdmEgcXVlbnRlLgpDb20gY2VydGV6YSwgbyBwZWRhw6dvIG7Do28gcGFyZWNpYSB0ZXIgc2lkbyByZXRpcmFkbyBkZSB1bWEgcGVkcmEgcXVhbHF1ZXIu,,XjMzNTVGRkVzdGEgbGFqYSBkZSBwaWVkcmEgc2UgZnVlIGVyb3Npb25hbmRvIGNvbiBlbCB0aWVtcG8geSBlbiBzdSBzdXBlcmZpY2llIGVzdMOhIGdyYWJhZGEgdW5hIGVzY3JpdHVyYSBlbiB1biBsZW5ndWFqZSBleHRyYcOxby5eMDAwMDAw
bnkuAg,,XjMzNTVGRlN0cmFuZ2VseSBlbm91Z2gsIHRoZSBzdXJmYWNlIG9mIHRoZSBzdG9uZSBpcyBlbWl0dGluZyBoZWF0Ll4wMDAwMDA=,,,,,Vm9jw6ogZW5jb250cm91IHVtIHBlZGHDp28gZGUgcGVkcmEgY29tIGxldHJhcyBlc3RyYW5oYXMgZXNjdWxwaWRhcyBuYSBzdXBlcmbDrWNpZS4KVm9jw6ogbsOjbyBjb25zZWd1aXUgaWRlbnRpZmljYXIgcXVlIGzDrW5ndWEgZXJhIGFxdWVsYS4=,,XjMzNTVGRkV4dHJhw7FhbWVudGUsIGxhIHN1cGVyZmljaWUgZGUgbGEgcGllZHJhIGVtaXRlIGNhbG9yLl4wMDAwMDA=
b3kuAg,,RnJpYXI=,,,,,RnJpYXI=,,RnJheQ==
cHkuAg,,W0xhbmlhXQpObyBtYXR0ZXIgaG93IG9sZCB0aGUgc3RvcmllcyBhcmUsIHlvdSBjYW4gYWx3YXlzIGZpbmQgZ29vZCBhZHZpY2UgaW4gZm9sayB0YWxlcyBhbmQgbGVnZW5kcy4=,,,,,W0xhbmlhXQpWb2PDqiBwb2RlIGNvbnNlZ3VpciBib25zIGNvbnNlbGhvcyBhdHJhdsOpcyBkZSBmb2xjbG9yZXMgZSBsZW5kYXMu,,W0xhbmlhXQpObyBpbXBvcnRhIGxvIGFudGlndWFzIHF1ZSBzZWFuIGxhcyBoaXN0b3JpYXMsIHNpZW1wcmUgc2UgcHVlZGVuIGVuY29udHJhciBidWVub3MgY29uc2Vqb3MgZW4gbG9zIGN1ZW50b3MgeSBsZXllbmRhcyBwb3B1bGFyZXMu
cXkuAg,,W0xhbmlhXQpEZXNwaXRlIHRoZSBwYXNzaW5nIG9mIHRpbWUgYW5kIG1hbmtpbmQncyBwcm9ncmVzc2lvbiwgY2VydGFpbiBmdW5kYW1lbnRhbHMgb2YgbGlmZSBhcmUgdGltZWxlc3MgYW5kIHdpbGwgbmV2ZXIgY2hhbmdlLg==,,,,,W0xhbmlhXQpOw6NvIGltcG9ydGEgcXVhbnRvcyBhbm9zIHBhc3NlbSBlIG8gcXVhbnRvIGEgdmlkYSBkYXMgcGVzc29hcyBtZWxob3JlLApvIGLDoXNpY28gZGEgdmlkYSBudW5jYSB2YWkgbXVkYXIu,,W0xhbmlhXQpBIHBlc2FyIGRlbCBwYXNvIGRlbCB0aWVtcG8geSBlbCBwcm9ncmVzbyBkZSBsYSBodW1hbmlkYWQsIGNpZXJ0b3MgZnVuZGFtZW50b3MgZGUgbGEgdmlkYSBzb24gYXRlbXBvcmFsZXMgeSBudW5jYSBjYW1iaWFyw6FuLg==
cnkuAg,,VW1tLi4u,,,,,SG1tLi4uLi4=,,TW1tLi4u
c3kuAg,,SSBzZWUu,,,,,RW50ZW5kby4=,,WWEgdmVvLg==
dHkuAg,,W0xhbmlhXQpIbW0uLi4/CkRvIHlvdSBuZWVkCmFueXRoaW5nIGZyb20gbWU/Ckkgd2lsbCB0cnkgdG8gaGVscAp5b3UgYXMgbXVjaCBhcyBJIGNhbi4=,,,,,W0xhbmlhXQpCZW0uLi4KVm9jw6ogcGFyZWNlIHRlciBhbGd1bSBhc3N1bnRvIGNvbWlnbywgbyBxdWUgc2VyaWE/ClZvdSBhanVkw6EtbG8gbm8gcXVlIHB1ZGVyLg==,,W0xhbmlhXQrCv01tbS4uLj8Kwr9OZWNlc2l0YQphbGdvIGRlIG3DrT8KVHJhdGFyw6kgZGUgYXl1ZGFydGUKdGFudG8gY29tbyBwdWVkYS4=
dXkuAg,,W0xhbmlhXQpJIGJlbGlldmUgdGhhdCBpdCdzIG5vIHVzZSBoYXZpbmcgYWJpbGl0eSBvciBwb3dlciB1bmxlc3MgeW91IHVzZSB0aGF0IHBvd2VyIGZvciB0aGUgcmlnaHQgcHVycG9zZXMu,,,,,W0xhbmlhXQpOw6NvIGZheiBzZW50aWRvIHRlciB1bSBwb2RlciBwYXJhIGFqdWRhciBvcyBvdXRyb3MKYSBuw6NvIHNlciBxdWUgdm9jw6ogdXNlIGVzc2UgcG9kZXIgcGFyYSBib25zIGZpbnMu,,W0xhbmlhXQpDcmVvIHF1ZSBkZSBuYWRhIHNpcnZlIHRlbmVyIGhhYmlsaWRhZCBvIHBvZGVyIHNpIG5vIHNlIGxvIHV0aWxpemEgcGFyYSBsb3MgZmluZXMgYWRlY3VhZG9zLg==
dnkuAg,,T2ggbm8sIHRoYXQncyBva2F5Lg==,,,,,TmFkYS4gU3VhcyBwYWxhdnJhcyBqw6EgbWUgYWp1ZGFyYW0u,,T2gsIG5vLCBlc3TDoSBiaWVuLg==
d3kuAg,,U2xlaXBuaXIncyBzdG9yeS4=,,,,,w4kgc29icmUgU2xlaXBuaXIu,,TGEgaGlzdG9yaWEgZGUgU2xlaXBuaXIu
eHkuAg,,W0xhbmlhXQpJIG11c3QgaGF2ZQptaXN1bmRlcnN0b29kIG1lLgpIb3dldmVyLCBmZWVsIGZyZWUKdG8gYXNrIG1lIGZvciBoZWxwCmlmIHlvdSBldmVyIG5lZWQgaXQu,,,,,W0xhbmlhXQpFdSBkZXZvIHRlciBlbnRlbmRpZG8gbWFsLgpFbnRyZXRhbnRvLCBzaW50YS1zZSBsaXZyZSBwcmEgbWUgcGVkaXIgYWp1ZGEgc2VtcHJlIHF1ZSBwcmVjaXNhci4=,,W0xhbmlhXQpFbnRvbmNlcywgZGVibyBoYWJlcmxvCm1hbGludGVycHJldGFkby4KTm8gb2JzdGFudGUsIG5vIGR1ZGVzIGVuCnBlZGlybWUgYXl1ZGEKc2kgYWxndW5hIHZleiBsbyBuZWNlc2l0YXMu
eXkuAg,,W0xhbmlhXQpJIGNvbnNpZGVyIGhlbHBpbmcgb3RoZXJzIGFzIHNwZWNpYWwgdHJhaW5pbmcgZm9yIG15IHNwaXJpdHVhbCBpbXByb3ZlbWVudC4gSSBob3BlIHRoYXQgeW91IHdpbGwgYWN0IHdpdGgga2luZG5lc3MgYW5kIGdlbmVyb3NpdHkgdG93YXJkcyBvdGhlcnMgYXMgd2VsbC4=,,,,,W0xhbmlhXQpUYW1iw6ltIMOpIHVtIHRyZWlubyBwYXJhIGV1IGFqdWRhciBvcyBvdXRyb3MuCkVzcGVybyBxdWUgdm9jw6ogc2VqYSB1bWEgcGVzc29hIGdlbmVyb3NhIGNvbSBvcyBvdXRyb3MgdGFtYsOpbS4uLg==,,W0xhbmlhXQpDb25zaWRlcm8gcXVlIGF5dWRhciBhIGxvcyBkZW3DoXMgZXMgdW4gZW50cmVuYW1pZW50byBlc3BlY2lhbCBwYXJhIG1pIG1lam9yYSBlc3Bpcml0dWFsLiBFc3Blcm8gcXVlIHTDuiB0YW1iacOpbiBhY3TDumVzIGNvbiBhbWFiaWxpZGFkIHkgZ2VuZXJvc2lkYWQgaGFjaWEgbG9zIGRlbcOhcy4=
enkuAg,,W0xhbmlhXQpBaCwgSSBzZWUuCkkgY2FuIHRlbGwgeW91IHdoYXQgSSBrbm93IGFib3V0IFNsZWlwbmlyLiBMZXQncyBzZWUgbm93IGlmIEkgY2FuIHJlbWVtYmVyIGV2ZXJ5dGhpbmcgYWJvdXQgaXQu,,,,,W0xhbmlhXQpIbW0uLi4uLi4uLi4KRW50ZW5kby4=,,W0xhbmlhXQpBaCwgZW50aWVuZG8uClB1ZWRvIGRlY2lydGUgbG8gcXVlIHPDqSBzb2JyZSBTbGVpcG5pci4gQSB2ZXIgc2kgYWhvcmEgbG8gcmVjdWVyZG8gdG9kby4=
e3kuAg,,W0xhbmlhXQpBaCB5ZXMuCkkgcmVtZW1iZXIgaXQgbm93LgpZZXMsIFNsZWlwbmlyIHdhcyB0aGUKbmFtZSBvZiBPZGluJ3Mgc3RhbGxpb24u,,,,,W0xhbmlhXQpBaC4uLi4uLi4uLgphZ29yYSBsZW1icmVpLi4uClNpbSwgU2xlaXBuaXIgZXJhIG8gbm9tZSBkbyBnYXJhbmjDo28gZGUgT2Rpbi4=,,W0xhbmlhXQpBaCwgc8OtLgpBaG9yYSBsbyByZWN1ZXJkby4KU8OtLCBTbGVpcG5pciBmdWUgZWwKbm9tYnJlIGRlbCBzZW1lbnRhbCBkZSBPZMOtbi4=
fHkuAg,,W0xhbmlhXQpJbiB0aGUgd29ybGQgb2YKZ29kcywgdGhlcmUgd2VyZQp0aHJlZSBsZWdlbmRhcnkgc3RhbGxpb25zOiBTbGVpcG5pciwgU3ZhZGlsZmFyaSBhbmQgR3VsbGZheGku,,,,,W0xhbmlhXQpObyBtdW5kbyBkb3MgZGV1c2VzLCBleGlzdGlhbSAzIG1vbnRhcmlhcyBsZW5kw6FyaWFzLgpFbGFzIGVyYW0gXkZGMDAwMCdTbGVpcG5pciAoVW1hIGNvaXNhIHF1ZSB0cm90YSBjb21vIHNlIGRlc2xpemFzc2UpJwonU3ZhZGlsZmFyaSAoVW0gdmlhamFudGUgc2VtIHNvcnRlKScKJ0d1bGxmYXhpIChDcmluYSBEb3VyYWRhKSdeMDAwMDAwLg==,,W0xhbmlhXQpFbiBlbCBtdW5kbyBkZQpsb3MgZGlvc2VzLCBoYWLDrWEKdHJlcyBzZW1lbnRhbGVzIGxlZ2VuZGFyaW9zOiBTbGVpcG5pciwgU3ZhZGlsZmFyaSB5IEd1bGxmYXhpLg==
fXkuAg,,W0xhbmlhXQpHdWxsZmF4aSB3YXMgb3duZWQgYnkgSHJ1bmduaXIsIHRoZSBraW5nIG9mIHRoZSBnaWFudHMuIFN2YWRpbGZhcmksIHRoZSBzdGFsbGlvbiB0aGF0IHNpcmVkIFNsZWlwbmlyLCB3YXMgYWxzbyBvd25lZCBieSBhIGdpYW50Lg==,,,,,W0xhbmlhXQpHdWxsZmF4aSBlcmEgYSBtb250YXJpYSBkZSBIcnVuZ25pciwgbyByZWkgZ2lnYW50ZSBlClN2YWRpbGZhcmkgZXJhIHBvc3N1w61kbyBwb3IgSHJpbXRodXJzLgpBbMOpbSBkaXNzbywgJ1N2YWRpbGZhcmknIGVyYSBvIHBhaSBkZSAnU2xlaXBuaXInLg==,,W0xhbmlhXQpHdWxsZmF4aSBsZSBwZXJ0ZW5lY8OtYSBhIEhydW5nbmlyLCBlbCByZXkgZGUgbG9zIGdpZ2FudGVzLiBTdmFkaWxmYXJpLCBlbCBzZW1lbnRhbCBxdWUgZW5nZW5kcsOzIGEgU2xlaXBuaXIsIHRhbWJpw6luIGxlIHBlcnRlbmVjw61hIGEgdW4gZ2lnYW50ZS4=
fnkuAg,,W0xhbmlhXQpPa2F5LCBub3cgbGV0J3MgdGFsayBhYm91dCBob3cgJ1NsZWlwbmlyJyB3YXMgYm9ybi4gVGhpcyBzdG9yeSBnaXZlcyB1cyBhIGdsaW1wc2Ugb2YgdGhlIGZhbGxpYmlsaXR5IG9mIGdvZHMgYW5kIGdpYW50cy4=,,,,,W0xhbmlhXQpPaywgdmFtb3MgZmFsYXIgZGUgY29tbyAnU2xlaXBuaXInIG5hc2NldS4KQmVtLi4uIG7Ds3MgcG9kZW1vcyB2ZXIgcXVlIGF0w6kgb3MgZGV1c2VzIGVycmFtCm5lc3NhIGhpc3TDs3JpYS4=,,W0xhbmlhXQpCaWVuLCBhaG9yYSBoYWJsZW1vcyBkZSBjw7NtbyBuYWNpw7MgU2xlaXBuaXIuIEVzdGEgaGlzdG9yaWEgbm9zIGRlamEgdmVyIGxhIGZhbGliaWxpZGFkIGRlIGxvcyBkaW9zZXMgeSBsb3MgZ2lnYW50ZXMu
f3kuAg,,W0xhbmlhXQpJbiBBc2dhcmQsIHRoZSByZWFsbSBvZiB0aGUgZ29kcywgdGhlcmUgd2FzIGEgaHVnZSBwcm90ZWN0aXZlIHJhbXBhcnQgdGhhdCB3YXMgYWxtb3N0IGNvbXBsZXRlbHkgZGVzdHJveWVkIGluIGEgcmVjZW50IHdhci4=,,,,,W0xhbmlhXQpFbSBBc2dhcmQsIG8gbXVuZG8gZG9zIGRldXNlcywKaGF2aWEgZXNzYSBnaWdhbnRlIG11cmFsaGEuCkFsZ28gYWNvbnRlY2V1IGUgYSBtdXJhbGhhIGZvaSBkZXN0cnXDrWRhLg==,,W0xhbmlhXQpFbiBBc2dhcmQsIGVsIHJlaW5vIGRlIGxvcyBkaW9zZXMsIGhhYsOtYSB1bmEgZW5vcm1lIG11cmFsbGEgcHJvdGVjdG9yYSBxdWUgZnVlIGRlc3RydWlkYSBjYXNpIHBvciBjb21wbGV0byBlbiB1bmEgZ3VlcnJhIHJlY2llbnRlLg==
gHkuAg,,W0xhbmlhXQpIb3dldmVyLi4uCkdvZHMgYmVpbmcgZ29kcywKdGhleSB3ZXJlIG5vdCBlYWdlcgp0byByZWJ1aWxkIHRoZSB3YWxscwp0aGVtc2VsdmVzLg==,,,,,W0xhbmlhXQpKw6EgcXVlIGVzc2EgbXVyYWxoYSBkbyBjYXN0ZWxvIGVyYSBtdWl0byBncmFuZGUsIG9zIGRldXNlcyBuw6NvIHBvZGlhbSBzZSBhdHJldmVyIGEgY29tZcOnYXIgYSBjb25zZXJ0w6EtbGEu,,W0xhbmlhXQpTaW4gZW1iYXJnby4uLgpMb3MgZGlvc2VzLCBjb21vIHRhbGVzLApubyBlc3RhYmFuIGFuc2lvc29zCnBvciByZWNvbnN0cnVpciBsYXMgbXVyYWxsYXMKZWxsb3MgbWlzbW9zLg==
gXkuAg,,W0xhbmlhXQpPbmUgZGF5LCBhIHZlcnkKc2tpbm55IG1hbiByb2RlIG9uCmEgZGFyayBob3JzZSBhbmQgb2ZmZXJlZCB0byByZWJ1aWxkLCBhbmQgZXZlbiBpbXByb3ZlLCB0aGUgcmFtcGFydCBwcm90ZWN0aW5nIEFzZ2FyZC4=,,,,,W0xhbmlhXQpVbSBkaWEsIHVtIGhvbWVtIG11aXRvIG1hZ3JvIG1vbnRhZG8gbnVtIGNhdmFsbyBuZWdybyBjaGVnb3UgZW0gQXNnYXJkLgpPIGhvbWVtIGRpc3NlIGEgSGVpbWRhbGwsIHF1ZSBmYXppYSBhIHBhdHJ1bGhhIGRhIG11cmFsaGEsCnF1ZSBlbGUgdGluaGEgdW1hIGNvaXNhIG11aXRvIGltcG9ydGFudGUgcGFyYSBkaXplciBhIE9kaW4gc29icmUgYSBtdXJhbGhhLg==,,W0xhbmlhXQpVbiBkw61hLCB1biBob21icmUgbXV5CmRlbGdhZG8gcXVlIG1vbnRhYmEKdW4gY2FiYWxsbyBuZWdybyBzZSBvZnJlY2nDsyBhIHJlY29uc3RydWlyIGxhIG11cmFsbGEgcXVlIHByb3RlZ2UgQXNnYXJkIGUgaW5jbHVzbyBtZWpvcmFybGEu
gnkuAg,,W0xhbmlhXQpIaXMgb2ZmZXIgd2FzIHRlbXB0aW5nIHRvIHRoZSBnb2RzLCB3aG8gbmVlZGVkIGV2ZXJ5IHByb3RlY3Rpb24gZnJvbSB0aGVpciBlbmVtaWVzLg==,,,,,W0xhbmlhXQpKw6EgcXVlIGVsZSBlc3RhdmEgbXVpdG8gcHJlb2N1cGFkbyBhIHJlc3BlaXRvIGRhIG11cmFsaGEsCkhlaW1kYWxsIG7Do28gaGVzaXRvdSBlbSBhdmlzYXIgT2Rpbi4KTmEgaG9yYSwgT2RpbiBlc3RhdmEgY29tIG9zIG91dHJvcyBkZXVzZXMgbm8gVmFsaGFsYS4=,,W0xhbmlhXQpTdSBvZmVydGEgbGVzIHJlc3VsdMOzIHRlbnRhZG9yYSBhIGxvcyBkaW9zZXMsIHF1ZSBuZWNlc2l0YWJhbiBwcm90ZWdlcnNlIGNvbnRyYSBzdXMgZW5lbWlnb3Mu
g3kuAg,,W0xhbmlhXQpUaGlzIG1hbiBwcm9taXNlZCB0byByZWJ1aWxkCnRoZSBBc2dhcmRpYW4gcmFtcGFydCBpbiBvbmx5IDE4IG1vbnRocywgYnV0IGluIHJldHVybiBoZSB3YW50ZWQgdGhlIGdvZGRlc3MgRnJleWEgYXMgaGlzIHdpZmUsIGFzIHdlbGwgYXMgb3duZXJzaGlwIG9mIHRoZSBzdW4gYW5kIHRoZSBtb29uLg==,,,,,W0xhbmlhXQpPIGhvbWVtIHByb21ldGV1IGEgT2RpbiBxdWUgZWxlIHBvZGlhCmNvbnNlcnRhciBhIHByb3Rlw6fDo28gY29tbyBzZSB0aXZlc3NlIGZlaXRvIHVtYSBub3ZhCmVtIDE4IG1lc2VzLg==,,W0xhbmlhXQpFc3RlIGhvbWJyZSBwcm9tZXRpw7MgcmVjb25zdHJ1aXIKbGEgbXVyYWxsYSBkZSBBc2dhcmQgZW4gc29sbyAxOCBtZXNlcywgcGVybyBhIGNhbWJpbyBxdWVyw61hIGEgbGEgZGlvc2EgRnJleWEgY29tbyBlc3Bvc2EsIGFzw60gY29tbyBzZXIgZHVlw7FvIGRlbCBzb2wgeSBsYSBsdW5hLg==
hHkuAg,,W0xhbmlhXQpOb3csIHRoaXMgcHJpY2Ugd2FzIHVucmVhc29uYWJsZSBmb3IgdGhlIGdvZHMgdG8gcGF5LiBUaGUgQXNnYXJkaWFucyB3ZXJlIGFsbCBpbnN1bHRlZCBhbmQgYW5nZXJlZCBieSB0aGUgc3RyYW5nZXIncyBkZW1hbmRzLiBTdGlsbCwgdGhleSBkaWQgd2FudCB0aGVpciByYW1wYXJ0IHRvIGJlIHJlYnVpbHQu,,,,,W0xhbmlhXQpFbWJvcmEgT2RpbiBkZXNjb25maWFzc2UgZG8gaG9tZW0sCm9zIGRldXNlcyBwcmVjaXNhdmFtIHJlcGFyYXIgYSBtdXJhbGhhIG8gbWFpcyByw6FwaWRvIHBvc3PDrXZlbC4KRW50w6NvLCBPZGluIHBlcmd1bnRvdSBvIHF1ZSBlbGUgZ29zdGFyaWEgZW0gdHJvY2EuCk8gaG9tZW0gcGVkaXUgZGUgcHJlc2VudGUgYSBkZXVzYSAnRnJleWEnIGUKJ28gU29sIGUgYSBMdWEnIGNvbW8gcGFnYW1lbnRvLg==,,W0xhbmlhXQpBaG9yYSBiaWVuLCBlc3RlIHByZWNpbyBsZXMgcGFyZWNpw7MgaXJyYXpvbmFibGUgYSBsb3MgZGlvc2VzLiBUb2RvcyBsb3MgaGFiaXRhbnRlcyBkZSBBc2dhcmQgc2Ugc2ludGllcm9uIGluc3VsdGFkb3MgeSBmdXJpb3NvcyBwb3IgbGFzIGV4aWdlbmNpYXMgZGVsIGV4dHJhw7FvLiBBdW4gYXPDrSwgcXVlcsOtYW4gcmVjb25zdHJ1aXIgbGEgbXVyYWxsYS4=
hXkuAg,,W0xhbmlhXQouLi4uLgpBcmUgeW91IGJvcmVkPwpJZiB5b3UgYXJlLCB3ZSBjYW4KZmluaXNoIHRoaXMKc3RvcnkgbGF0ZXIu,,,,,W0xhbmlhXQouLi4uLgpWb2PDqiBuw6NvIGVzdMOhIGVudGVkaWFkbz8KU2UgZXN0aXZlciwgZmFsYW1vcyBkaXNzbyBkZXBvaXMu,,W0xhbmlhXQouLi4uLi4Kwr9UZSBhYnVycmVzPwpTaSBlcyBhc8OtLCBwb2RlbW9zCnRlcm1pbmFyIGVzdGEKaGlzdG9yaWEgbcOhcyB0YXJkZS4=
hnkuAg,,WWVhaCwgbGV0J3MgZmluaXNoIHRoaXMgbGF0ZXIu,,,,,VmVqbyB2b2PDqiBkZXBvaXMu,,U8OtLCB0ZXJtaW7DqW1vc2xhIG3DoXMgdGFyZGUu
h3kuAg,,Tm8sIHBsZWFzZSBnbyBhaGVhZC4=,,,,,TsOjbywgcG9yIGZhdm9yLCB2w6EgZW0gZnJlbnRlLg==,,Tm8sIHBvciBmYXZvciwgY29udGluw7phLg==
iHkuAg,,W0xhbmlhXQpJIHVuZGVyc3RhbmQgdGhhdCBteSBzdG9yeSB3YXMgbm90IHRoYXQgaW50ZXJlc3RpbmcuIEJ1dCBJIHdpbGwgdHJ5IG15IGJlc3QgdG8gZW50ZXJ0YWluIHlvdSBuZXh0IHRpbWUuIFBsZWFzZSB0cmF2ZWwgaW4gc2FmZXR5Lg==,,,,,W0xhbmlhXQpFdSBlbnRlbmRvIHF1ZSBtaW5oYSBoaXN0w7NyaWEgbsOjbyBlcmEgdMOjbyBpbnRlcmVzc2FudGUuClRlbnRhcmVpIG8gcG9zc8OtdmVsIHByYSBzYXRpc2ZhesOqLWxvIGRhIHByw7N4aW1hIHZlei4KRmHDp2EgdW1hIGJvYSB2aWFnZW0u,,W0xhbmlhXQpFbnRpZW5kbyBxdWUgbWkgaGlzdG9yaWEgbm8gZXJhIHRhbiBpbnRlcmVzYW50ZS4gUGVybyBoYXLDqSB0b2RvIGxvIHBvc2libGUgcGFyYSBlbnRyZXRlbmVydGUgbGEgcHLDs3hpbWEgdmV6LiBWaWFqYSBjb24gY3VpZGFkby4=
iXkuAg,,W0xhbmlhXQpPaCBhbHJpZ2h0LgpUaGVuIGxldCBtZSBjb250aW51ZS4=,,,,,W0xhbmlhXQpPaCBvay4KRGVpeGUtbWUgY29udGludWFyLCBlbnTDo28u,,W0xhbmlhXQpEZSBhY3VlcmRvLgpFbnRvbmNlcywgcGVybcOtdGVtZSBjb250aW51YXIu
inkuAg,,W0xhbmlhXQpUaGUgZ29kcyB3ZXJlIGZ1cmlvdXMgd2l0aCB0aGUgc3RyYW5nZXIncyByaWRpY3Vsb3VzIGRlbWFuZHMuIEhvd2V2ZXIsIExva2kgcHJvcG9zZWQgdG8gT2Rpbgp0aGF0IHRoZXkgc2hvdWxkIGxldCB0aGUgc3RyYW5nZXIgcmVidWlsZCB0aGVpciBkZWZlbnNpdmUgd2FsbHMu,,,,,W0xhbmlhXQpPcyBkZXVzZXMgZmljYXJhbSBzdXJwcmVzb3MgZSBuZXJ2b3NvcwpkaWFudGUgZG8gcGVkaWRvIGRvIGhvbWVtLgpFbGUgZXN0YXZhIHBlZGluZG8gdHVkbyBxdWUgb3MgZGV1c2VzIHRpbmhhbS4=,,W0xhbmlhXQpMb3MgZGlvc2VzIHNlIGVuZnVyZWNpZXJvbiBjb24gbGFzIGV4aWdlbmNpYXMgcmlkw61jdWxhcyBkZWwgZm9yYXN0ZXJvLiBTaW4gZW1iYXJnbywgTG9raSBsZSBwcm9wdXNvIGEgT2TDrW4KcXVlIGRlamFyYW4gYWwgZXh0cmFuamVybyByZWNvbnN0cnVpciBzdXMgbXVyYWxsYXMgZGVmZW5zaXZhcy4=
i3kuAg,,W0xhbmlhXQpMb2tpIHN1Z2dlc3RlZCB0aGF0IGlmIHRoZSBzdHJhbmdlciBjb3VsZCBjb21wbGV0ZSBtb3N0IG9mIHRoZSByYW1wYXJ0IHJlbm92YXRpb24sIGJ1dCBsYXRlciB0aGFuIGFzIGFncmVlZCwgdGhlIGdvZHMgd291bGQgbm90IGJlIG9ibGlnYXRlZCB0byBwYXkgdGhlIHN0cmFuZ2VyIGFueSBwcmljZS4=,,,,,W0xhbmlhXQpOZXNzZSBtb21lbnRvLCB1bSBkZXVzIGNoZWdvdSBwYXJhIE9kaW4uCkVyYSBvIGluZmFtZSBMb2tpLgpMb2tpIGRpc3NlIGEgT2RpbiBxdWUKZWxlcyBwb2RlcmlhbSBwbGFuZWphciBwYXJhIHF1ZSBvIGhvbWVtIHJlcGFyYXNzZQpvIG11cm8sIG1hcyBkZXBvaXMgbsOjbyByZWNlYmVzc2UgbyBzZXUgcGFnYW1lbnRvLg==,,W0xhbmlhXQpMb2tpIHN1Z2lyacOzIHF1ZSBzaSBlbCBleHRyYcOxbyBwb2TDrWEgY29tcGxldGFyIGxhIG1heW9yIHBhcnRlIGRlIGxhIHJlbm92YWNpw7NuIGRlIGxhIG11cmFsbGEsIHBlcm8gbcOhcyB0YXJkZSBkZSBsbyBhY29yZGFkbywgbG9zIGRpb3NlcyBubyBlc3RhcsOtYW4gb2JsaWdhZG9zIGEgcGFnYXJsZSBuYWRhLg==
jHkuAg,,W0xhbmlhXQpPZGluIGRlY2lkZWQgdG8gZm9sbG93IExva2kncyBhZHZpY2UsIGFuZCB0b2xkIHRoZSBzdHJhbmdlciB0aGF0IHRoZSB3YWxsIG11c3QgYmUgcmVwYWlyZWQgaW4gNiBtb250aHMsIGluc3RlYWQgb2YgMTggbW9udGhzIGFzIHRoZSBzdHJhbmdlciBoYWQgcHJvcG9zZWQuIEhlIGNvdWxkIHJlY2VpdmUgaGVscCBmcm9tIG5vIG1hbi4=,,,,,W0xhbmlhXQpPZGluIGRlY2lkaXUgc2VndWlyIGEgc3VnZXN0w6NvIGRlIExva2kuCkVudMOjbyBPZGluIGRpc3NlIGFvIGhvbWVtIHF1ZSBlbGUgZGV2ZXJpYQpjb21wbGV0YXIgbyBjb25zZXJ0byBlbSBzZWlzIG1lc2VzCmUgbsOjbyAxOCBwYXJhIHBvc3N1aXIgJ0ZyZXlhJyBlICdvIFNvbCBlIGEgTHVhJy4=,,W0xhbmlhXQpPZMOtbiBkZWNpZGnDsyBzZWd1aXIgZWwgY29uc2VqbyBkZSBMb2tpIHkgbGUgZGlqbyBhbCBleHRyYcOxbyBxdWUgZGViw61hIHJlcGFyYXIgZWwgbXVybyBlbiA2IG1lc2VzLCBlbiBsdWdhciBkZSAxOCwgY29tbyBlbCBleHRyYcOxbyBoYWLDrWEgcHJvcHVlc3RvLiBObyB0ZW7DrWEgcGVybWl0aWRvIHJlY2liaXIgYXl1ZGEgZGUgbmFkaWUu
jXkuAg,,W0xhbmlhXQpJbiByZXR1cm4sIHRoZSBzdHJhbmdlciB3b3VsZCBiZSBwYWlkIGFzIGhlIGhhZCBhc2tlZCBpZiBoZSBjb3VsZCBmdWxmaWxsIHRob3NlIGNvbmRpdGlvbnMuIFNpbmNlIGhlIHdhcyBqdXN0IGEgbWFuLCBpdCBzZWVtZWQgaW1wb3NzaWJsZS4=,,,,,W0xhbmlhXQpFbSB0cm9jYSwgbyBlc3RyYW5obyBzZXJpYSBwYWdvIGNvbW8gZWxlIGhhdmlhIHBlZGlkbyBzZSBwdWRlc3NlIGN1bXByaXIgZXNzYXMgY29uZGnDp8O1ZXMuIENvbW8gZWxlIGVyYSBhcGVuYXMgdW0gaG9tZW0sIGlzc28gcGFyZWNpYSBpbXBvc3PDrXZlbC4=,,W0xhbmlhXQpBIGNhbWJpbywgZWwgZm9yYXN0ZXJvIGNvYnJhcsOtYSBsbyBxdWUgaGFiw61hIHBlZGlkbyBzaSBwb2TDrWEgY3VtcGxpciBlc2FzIGNvbmRpY2lvbmVzLiBDb21vIHNvbG8gZXJhIHVuIGhvbWJyZSwgcGFyZWPDrWEgaW1wb3NpYmxlLg==
jnkuAg,,W0xhbmlhXQpIbW1tLi4uCkkga25vdyB0aGlzIHN0b3J5IGlzIHF1aXRlIGxvbmcuIERpZCB5b3Ugd2FudCB0byBsaXN0ZW4gc29tZSBtb3JlLCBvciBkaWQgeW91IG5lZWQgYSBicmVhaz8=,,,,,W0xhbmlhXQpIbW1tLi4uClNlaSBxdWUgZXNzYSBoaXN0w7NyaWEgw6kgYmFzdGFudGUgbG9uZ2EuIFZvY8OqIHF1ZXIgb3V2aXIgbWFpcyBvdSBwcmVjaXNhIGRlIHVtYSBwYXVzYT8=,,W0xhbmlhXQpNbW1tLi4uClPDqSBxdWUgZXN0YSBoaXN0b3JpYSBlcyBiYXN0YW50ZSBsYXJnYS4gwr9RdWllcmVzIHNlZ3VpciBlc2N1Y2hhbmRvIG8gbmVjZXNpdGFzIHVuIGRlc2NhbnNvPw==
j3kuAg,,TGV0IG1lIHRha2UgZG93biBzb21lIG5vdGVzIGZpcnN0Lg==,,,,,RGVpeGUtbWUgb3JnYW5pemFyIGEgaGlzdMOzcmlhIHByaW1laXJvLg==,,RMOpamFtZSB0b21hciBhbGd1bmFzIG5vdGFzIHByaW1lcm8u
kHkuAg,,SSBuZWVkIGEgYnJlYWsh,,,,,UHJlY2lzbyBkZSB1bSBkZXNjYW5zbyE=,,wqFOZWNlc2l0byB1biBkZXNjYW5zbyE=
kXkuAg,,W0xhbmlhXQpBaC4uLi4KSSB1bmRlcnN0YW5kIHRoaXMgc3RvcnkgaXMgcXVpdGUgbG9uZy4gTXkgYXBvbG9naWVzLiBBbHJpZ2h0LCBJJ2xsIHdhaXQgZm9yIHlvdSB0byBmaW5pc2ggd3JpdGluZyB5b3VyIG5vdGVzLg==,,,,,W0xhbmlhXQpBaC4uLi4KQSBoaXN0w7NyaWEgZGV2ZSBzZXIgbXVpdG8gY29tcHJpZGEuCk1pbmhhcyBkZXNjdWxwYXMuLi4KT2ssIGVzcGVyYXJlaSB2b2PDqiB0ZXJtaW5hciBkZSBvcmdhbml6YXIgYSBoaXN0w7NyaWEuLi4=,,W0xhbmlhXQpBaC4uLgpFbnRpZW5kbyBxdWUgZXN0YSBoaXN0b3JpYSBlcyBiYXN0YW50ZSBsYXJnYS4gTWlzIGRpc2N1bHBhcy4gTXV5IGJpZW4sIGVzcGVyYXLDqSBhIHF1ZSB0ZXJtaW5lcyBjb24gdHVzIG5vdGFzLg==
knkuAg,,Li4uCi4uLi4uLgouLi4uLi4uLi4=,,,,,Li4uLi4uLi4uLi4uLi4uLi4uLi4uLgouLi4uLi4uLi4uLi4uLi4uLi4KLi4uLi4uLi4uLi4uLi4uCi4uLi4uLi4uLi4uLgouLi4uLi4uLi4KLi4uLi4u,,Li4uCi4uLi4uLgouLi4uLi4uLi4=
k3kuAg,,Li4uCi4uLi4uLgouLi4uLi4uLi4KLi4uLi4uLi4uLi4u,,,,,Li4uLi4uLi4uLi4uLi4uLi4uCi4uLi4uLi4uLi4uLi4uLgouLi4uLi4uLi4uLi4KLi4uLi4uLi4uCi4uLi4uLg==,,Li4uCi4uLi4uLgouLi4uLi4uLi4KLi4uLi4uLi4uLi4u
lHkuAg,,Li4uCi4uLi4uLgouLi4uLi4uLi4KLi4uLi4uLi4uLi4uCi4uLi4uLi4uLi4uLi4uLg==,,,,,Li4uLi4uLi4uLi4uLi4uCi4uLi4uLi4uLi4uLgouLi4uLi4uLi4KLi4uLi4u,,Li4uCi4uLi4uLgouLi4uLi4uLi4KLi4uLi4uLi4uLi4uCi4uLi4uLi4uLi4uLi4uLg==
lXkuAg,,Li4uCi4uLi4uLgouLi4uLi4uLi4KLi4uLi4uLi4uLi4uCi4uLi4uLi4uLi4uLi4uLgouLi4uLi4uLi4uLi4uLi4uLi4=,,,,,Li4uLi4uLi4uLi4uCi4uLi4uLi4uLgouLi4uLi4=,,Li4uCi4uLi4uLgouLi4uLi4uLi4KLi4uLi4uLi4uLi4uCi4uLi4uLi4uLi4uLi4uLgouLi4uLi4uLi4uLi4uLi4uLi4=
lnkuAg,,W0xhbmlhXQpNYXkgSSBjb250aW51ZSB0aGUgc3Rvcnkgbm93Pw==,,,,,W0xhbmlhXQpQb3NzbyBjb250aW51YXIgYSBoaXN0w7NyaWEgYWdvcmE/,,W0xhbmlhXQrCv1lhIHB1ZWRvIGNvbnRpbnVhciBjb24gbWkgaGlzdG9yaWE/
l3kuAg,,WWVzLCBwbGVhc2Uu,,,,,U2ltLCBwb3IgZmF2b3Iu,,U8OtLCBwb3IgZmF2b3Iu
mHkuAg,,W0xhbmlhXQpPa2F5LCBub3cKd2hlcmUgd2FzIEk/,,,,,W0xhbmlhXQpPaywgYcOtIHZhaS4=,,W0xhbmlhXQpCaWVuLCBlbnRvbmNlcywKwr9kw7NuZGUgZXN0YWJhPw==
mXkuAg,,W0xhbmlhXQpJIHVuZGVyc3RhbmQgdGhhdCB0aGUgdGFsZSBvZiBTbGVpcG5pciBpcyBwcmV0dHkgbG9uZy4gQnV0IGlmIHlvdSBoYXZlIHRoZSBwYXRpZW5jZSwgSSB3aWxsIHRyeSB0byByZWxhdGUgdGhpcyBzdG9yeSB0byB5b3UgYW5vdGhlciB0aW1lLiBGYXJld2VsbH4=,,,,,W0xhbmlhXQpFdSBlbnRlbmRvIHF1ZSBhIG1pbmhhIGhpc3TDs3JpYSBuw6NvIGVyYSB0w6NvIGludGVyZXNzYW50ZS4KVGVudGFyZWkgbyBwb3Nzw612ZWwgcHJhIHNhdGlzZmF6w6otbG8gZGEgcHLDs3hpbWEgdmV6LgpGYcOnYSB1bWEgYm9hIHZpYWdlbS4=,,W0xhbmlhXQpFbnRpZW5kbyBxdWUgbGEgaGlzdG9yaWEgZGUgU2xlaXBuaXIgZXMgYmFzdGFudGUgbGFyZ2EuIFBlcm8gc2kgdGllbmVzIHBhY2llbmNpYSwgaW50ZW50YXLDqSBjb250YXJ0ZSBlc3RhIGhpc3RvcmlhIGVuIG90cmEgb2Nhc2nDs24uIEFkacOzcy4=
mnkuAg,,W0xhbmlhXQpPaCBnb29kLgpUaGVuIHBsZWFzZSBsZXQgbWUgY29udGludWUu,,,,,W0xhbmlhXQpPaCwgb2suCkRlaXhlLW1lIGNvbnRpbnVhciwgZW50w6NvLg==,,W0xhbmlhXQpBaCwgYmllbi4KRW50b25jZXMsIHBlcm3DrXRlbWUgY29udGludWFyLg==
m3kuAg,,W0xhbmlhXQpOb3csIHRoZSBzdHJhbmdlciBpbnNpc3RlZCB0aGF0IGhlIGJlIGFibGUgdG8gdXNlIGhpcyBob3JzZSB0byBoZWxwIGhpbSBkbyB0aGlzIHJlY29uc3RydWN0aW9uIHdvcmsuIFNpbmNlIHRoZSBob3JzZSB3YXMgcmF0aGVyIHBsYWluIGFuZCBzaW1wbGUgbG9va2luZywgT2RpbiBhZ3JlZWQu,,,,,W0xhbmlhXQpFbnTDo28gbyBob21lbSBwZWRpdSBhIE9kaW4gcXVlIG8gZGVpeGFzc2UKdXNhciBvIHNldSBjYXZhbG8gbm8gdHJhYmFsaG8uCkNvbW8gbyBjYXZhbG8gcGFyZWNpYSBtdWl0byBpbmZlcmlvciBlIGRlc3ByZXrDrXZlbCw=,,W0xhbmlhXQpBaG9yYSBiaWVuLCBlbCBmb3Jhc3Rlcm8gaW5zaXN0acOzIGVuIHBvZGVyIHV0aWxpemFyIHN1IGNhYmFsbG8gY29tbyBheXVkYSBlbiBlc3RhIGxhYm9yIGRlIHJlY29uc3RydWNjacOzbi4gQ29tbyBlbCBjYWJhbGxvIHRlbsOtYSB1biBhc3BlY3RvIG3DoXMgYmllbiBzZW5jaWxsbyB5IHNpbXBsZSwgT2TDrW4gYWNjZWRpw7Mu
nHkuAg,,W0xhbmlhXQpPZGluIGRpZG4ndCB0aGluawp0d2ljZSBhYm91dCBoaXMKcmVxdWVzdCwgYW5kIHJlZ3JldHRlZCB0aGlzIGRlY2lzaW9uIHVwb24gb2JzZXJ2aW5nIHRoZSBzdHJhbmdlcidzIGZpcnN0IGRheSBvZiByZWJ1aWxkaW5nIHRoZSByYW1wYXJ0Lg==,,,,,W0xhbmlhXQpPZGluIG7Do28gcGVuc291IGR1YXMgdmV6ZXMgc29icmUgbyBwZWRpZG8gZSBhY2VpdG91IG5hIGhvcmEu,,W0xhbmlhXQpPZMOtbiBubyBjb25zaWRlcsOzCmxvIHN1ZmljaWVudGUKc3UgcGV0aWNpw7NuIHkgdGVybWluw7MgbGFtZW50w6FuZG9zZSBkZSBzdSBkZWNpc2nDs24gdHJhcyBvYnNlcnZhciBlbCBwcmltZXIgZMOtYSBkZSB0cmFiYWpvIGRlbCBmb3Jhc3Rlcm8gZW4gbGEgcmVjb25zdHJ1Y2Npw7NuIGRlIGxhIG11cmFsbGEu
nXkuAg,,W0xhbmlhXQpTdHJhbmdlbHkgZW5vdWdoLCB0aGUgc3RyYW5nZXIsIHVzaW5nIGhpcyBob3JzZSB0byBjYXJyeSB0aGUgbWF0ZXJpYWxzLCByZWJ1aWx0IHRoZSByYW1wYXJ0IGF0IGEgc3BlZWQgdGhhdCB3YXMgaW5odW1hbi4=,,,,,W0xhbmlhXQpQb3LDqW0sIG8gaG9tZW0gZSBvIGNhdmFsbyBjb21lw6dhcmFtIGEgY29uc2VydGFyCmEgbXVyYWxoYSBudW1hIHZlbG9jaWRhZGUgaW1wcmVzc2lvbmFudGUu,,W0xhbmlhXQpQb3IgZXh0cmHDsW8gcXVlIHBhcmV6Y2EsIGVsIGZvcmFzdGVybyB1dGlsaXrDsyBzdSBjYWJhbGxvIHBhcmEgdHJhbnNwb3J0YXIgbG9zIG1hdGVyaWFsZXMgeSByZWNvbnN0cnV5w7MgbGEgbXVyYWxsYSBhIHVuYSB2ZWxvY2lkYWQgaW5odW1hbmEu
nnkuAg,,W0xhbmlhXQpUaGlzIHVwc2V0IHRoZSBnb2RzLCBzaW5jZSB0aGUgc3RyYW5nZXIgd2FzIGFjdHVhbGx5IGEgbWlnaHR5IGdpYW50IGluIGRpc2d1aXNlLiBIb3dldmVyLCB0aGlzIGRpZCBub3QgdmlvbGF0ZSB0aGVpciBhZ3JlZW1lbnQsCnNvIHRoZSBnb2RzIGNvdWxkIGRvIG5vdGhpbmcu,,,,,W0xhbmlhXQpJc3NvIGluY29tb2RvdSBvcyBkZXVzZXMsIHBvaXMgbyBlc3RyYW5obyBlcmEsIG5hIHZlcmRhZGUsIHVtIHBvZGVyb3NvIGdpZ2FudGUgZGlzZmFyw6dhZG8uIE5vIGVudGFudG8sIGlzc28gbsOjbyB2aW9sb3UgbyBhY29yZG8gZGVsZXMsCnBvcnRhbnRvLCBvcyBkZXVzZXMgbsOjbyBwb2RpYW0gZmF6ZXIgbmFkYS4=,,W0xhbmlhXQpFc3RvIG1vbGVzdMOzIGEgbG9zIGRpb3NlcywgeWEgcXVlIGVsIGV4dHJhw7FvIGVyYSBlbiByZWFsaWRhZCB1biBwb2Rlcm9zbyBnaWdhbnRlIGRpc2ZyYXphZG8uIFNpbiBlbWJhcmdvLCBlc3RvIG5vIGludmFsaWRhYmEgc3UgYWN1ZXJkbywKYXPDrSBxdWUgbG9zIGRpb3NlcyBubyBwb2TDrWFuIGhhY2VyIG5hZGEu
n3kuAg,,W0xhbmlhXQpBbHRob3VnaCB0aGUgc3RyYW5nZXIncyBza2lsbHMgd2VyZSBncmVhdCwgaGlzIGhvcnNlIGdyZWF0bHkgc3BlZCB1cCB0aGUgcmFtcGFydCByZWNvbnN0cnVjdGlvbi4gVGhpcyB3YXMgdGhlIGxlZ2VuZGFyeSBtYWdpY2FsIGhvcnNlLCBTdmFkaWxmYXJpLg==,,,,,W0xhbmlhXQpTdWEgdMOpY25pY2EgZXJhIMOzdGltYSwgbWFzIGEgdMOpY25pY2EgZG8gY2F2YWxvIGVyYSBtYWlvciBxdWUgYSBkbyBzZXUgZG9ubwpwYXJhIGNvbnNlcnRhciBvIG11cm8uCkVyYSBvIGNhdmFsbyBsZW5kw6FyaW8sIFN2YWRpbGZhcmku,,W0xhbmlhXQpBdW5xdWUgZWwgZm9yYXN0ZXJvIHRlbsOtYSBncmFuZGVzIGhhYmlsaWRhZGVzLCBzdSBjYWJhbGxvIGFjZWxlcsOzIGVub3JtZW1lbnRlIGxhIHJlY29uc3RydWNjacOzbiBkZSBsYSBtdXJhbGxhLiBFc3RlIGVyYSBlbCBsZWdlbmRhcmlvIGNhYmFsbG8gbcOhZ2ljbywgU3ZhZGlsZmFyaS4=
oHkuAg,,W0xhbmlhXQpUaGUgZ29kcyBncmV3IG1vcmUgYW54aW91cyBhcyB0aGUgd2FsbCB3b3VsZCBzb29uIGJlIGNvbXBsZXRlZCBiZWZvcmUgdGhlIGFsbG90ZWQgc2l4IG1vbnRocyB3ZXJlIHVwLiBUaGUgQXNnYXJkaWFucyBzb29uIGdyZXcgdmVyeSBhbmdyeSB3aXRoIExva2ku,,,,,W0xhbmlhXQpDb25mb3JtZSBvIHRlbXBvIHBhc3NhdmEsIG9zIGRldXNlcyBmaWNhdmFtIG1haXMgYXByZWVuc2l2b3MuCkFmaW5hbCwgYW1ib3Mgb3MgcmVzcG9uc8OhdmVpcyBwZWxhIHJlZm9ybWEgZG8gbXVybwpwYXJlY2lhbSBxdWUgcG9kZXJpYW0gdGVybWluYXIgbyB0cmFiYWxobwphbnRlcyBtZXNtbyBkZSBzZWlzIG1lc2VzLgpFbnTDo28sIG9zIGRldXNlcyBkZXNjYXJyZWdhcmFtIHN1YSBpcmEgZSBhbmfDunN0aWEgZW0gTG9raSwgcG9yIHN1YSB0b2xhIHN1Z2VzdMOjby4=,,W0xhbmlhXQpMb3MgZGlvc2VzIGVzdGFiYW4gY2FkYSB2ZXogbcOhcyBwcmVvY3VwYWRvcywgeWEgcXVlIGxhIG11cmFsbGEgcHJvbnRvIGVzdGFyw61hIHRlcm1pbmFkYSBhbnRlcyBkZSBxdWUgdHJhbnNjdXJyaWVyYW4gbG9zIHNlaXMgbWVzZXMgcHJldmlzdG9zLiBMb3MgaGFiaXRhbnRlcyBkZSBBc2dhcmQgcHJvbnRvIHRlcm1pbmFyb24gZW5mYWTDoW5kb3NlIG11Y2hvIGNvbiBMb2tpLg==
oXkuAg,,W0xhbmlhXQpEZXNwaXRlIHRoaXMsIExva2kgcmVtYWluZWQgY2FsbSBhbmQgYXNzdXJlZCB0aGUgZ29kcyB0aGF0IGhlIGhhZCBhIHBsYW4uIFRoZSBnb2RzIGRpc3RydXN0ZWQgaGlzIGNyYWZ0aW5lc3MsIGFuZCBncmV3IGRlc3BlcmF0ZSBhcyB0aGUgc3RyYW5nZXIncyB3b3JrIHNwZWVkaWx5IHByb2dyZXNzZWQu,,,,,W0xhbmlhXQpFbnRyZXRhbnRvLCBMb2tpIHBhcmVjaWEgY29uZmlhbnRlLgpFbGUgYXNzZWd1cm91IGFvcyBkZXVzZXMgcXVlIGRlaXhhc3NlbSBwb3Igc3VhIGNvbnRhLgpFbWJvcmEgb3MgZGV1c2VzIG7Do28gY29uZmlhc3NlbSBlbSBMb2tpIHBvciBzdWEgYXN0w7pjaWEgZSBwZXJ2ZXJzaWRhZGUsIGVsZXMgZGVjaWRpcmFtIGRhci1saGUgdW1hIGNoYW5jZSwgasOhIHF1ZSBhIHNpdHVhw6fDo28gZXJhIGRlc2VzcGVyYWRvcmEu,,W0xhbmlhXQpBIHBlc2FyIGRlIGVsbG8sIExva2kgbWFudHV2byBsYSBjYWxtYSB5IGxlcyBhc2VndXLDsyBhIGxvcyBkaW9zZXMgcXVlIHRlbsOtYSB1biBwbGFuLiBMb3MgZGlvc2VzIGRlc2NvbmZpYXJvbiBkZSBzdSBhc3R1Y2lhIHkgc2UgZGVzZXNwZXJhYmFuIGEgbWVkaWRhIHF1ZSBlbCB0cmFiYWpvIGRlbCBmb3Jhc3Rlcm8gYXZhbnphYmEgY29uIHJhcGlkZXou
onkuAg,,W0xhbmlhXQpUaGVuLCB0aGUgcmVjb25zdHJ1Y3Rpb24gb2YgdGhlIHJhbXBhcnQgc3VkZGVubHkgaGFsdGVkLiBCb3RoIHRoZSBnb2RzIGFuZCB0aGUgc3RyYW5nZXIgd2VyZSBlcXVhbGx5IHN1cnByaXNlZCwgYXMgdGhlIGhvcnNlIFN2YWRpbGZhcmkgd2FzIG5vdyBtaXNzaW5nLg==,,,,,W0xhbmlhXQpFIHVtYSBjb2lzYSBlc3RyYW5oYSBhY29udGVjZXUuIERlc2RlIHF1ZSBMb2tpCmdhcmFudGl1IGFvcyBkZXVzZXMgcXVlIHR1ZG8gZGFyaWEgY2VydG8sIG8gcHJvZ3Jlc3NvIGRhIHJlZm9ybWEgcGFyb3UuIE51bSBwYXNzZSBkZSBtw6FnaWNhLg==,,W0xhbmlhXQpFbnRvbmNlcywgbGEgcmVjb25zdHJ1Y2Npw7NuIGRlIGxhIG11cmFsbGEgc2UgZGV0dXZvIGFicnVwdGFtZW50ZS4gVGFudG8gbG9zIGRpb3NlcyBjb21vIGVsIGZvcmFzdGVybyBzZSBzb3JwcmVuZGllcm9uIHBvciBpZ3VhbCwgeWEgcXVlIGFob3JhIGZhbHRhYmEgZWwgY2FiYWxsbyBTdmFkaWxmYXJpLg==
o3kuAg,,W0xhbmlhXQpUaGUgc3RyYW5nZXIgd291bGQKbm93IG5lZWQgdG8gY29udGludWUKaGlzIHdvcmsgYnkgaGltc2VsZi4=,,,,,W0xhbmlhXQpPIGVzdHJhbmhvIHByZWNpc2FyaWEKYWdvcmEgcHJlY2lzYXJpYSBjb250aW51YXIKc2V1IHRyYWJhbGhvIHNvemluaG8u,,W0xhbmlhXQpFbCBmb3Jhc3Rlcm8KYWhvcmEgZGViw61hIGNvbnRpbnVhcgplbCB0cmFiYWpvIHBvciBzdSBjdWVudGEu
pHkuAg,,W0xhbmlhXQpIbW1tLi4uCkFyZSB5b3Ugc3RpbGwgbGlzdGVuaW5nPyBJZiB5b3UncmUgdGlyZWQsIEkgdW5kZXJzdGFuZCBhbmQgd2UgY2FuCnN0b3AgZm9yIG5vdy4=,,,,,W0xhbmlhXQpIbW1tLi4uCkFpbmRhIGVzdMOhIG91dmluZG8/IFNlIGVzdGl2ZXIgY2Fuc2FkbywgZXUgZW50ZW5kbyBlIHBvZGVtb3MgcGFyYXIgcG9yIGVucXVhbnRvLg==,,W0xhbmlhXQpNbW1tLi4uCsK/U2lndWVzIGVzY3VjaGFuZG8/IFNpIHRlIGNhbnNhc3RlLCBsbyBlbnRpZW5kbyB5IHBvZGVtb3MKcGFyYXIgcG9yIGFob3JhLg==
pXkuAg,,SSdtIHNvIGV4aGF1c3RlZCE=,,,,,RXN0b3UgbXVpdG8gZXhhdXN0byE=,,wqFObyBkb3kgbcOhcyE=
pnkuAg,,W0xhbmlhXQpJIGtub3cgdGhhdCB0aGlzIHN0b3J5IG1pZ2h0IHNlZW0gdG9vIGxvbmcuIEJ1dCBpZiB5b3UgZXZlciB3YW50IHRvIHNpdCBkb3duIGFuZCBoZWFyIGl0IGFnYWluLCBJJ2xsIGJlIGdsYWQgdG8gZ28gb3ZlciBpdCBhZ2Fpbi4gVGhhbmsgeW91IGZvciBsaXN0ZW5pbmcsIGFkdmVudHVyZXIu,,,,,W0xhbmlhXQpFdSBlbnRlbmRvIHF1ZSBhIG1pbmhhIGhpc3TDs3JpYSBuw6NvIGVyYSB0w6NvIGludGVyZXNzYW50ZS4KVGVudGFyZWkgbyBwb3Nzw612ZWwgcHJhIHNhdGlzZmF6w6otbG8gZGEgcHLDs3hpbWEgdmV6LgpGYcOnYSB1bWEgYm9hIHZpYWdlbS4=,,W0xhbmlhXQpTw6kgcXVlIGVzdGEgaGlzdG9yaWEgcHVlZGUgcGFyZWNlciBkZW1hc2lhZG8gbGFyZ2EuIFBlcm8gc2kgYWxndW5hIHZleiBxdWllcmVzIHNlbnRhcnRlIHkgdm9sdmVyIGEgb8OtcmxhLCBlc3RhcsOpIGVuY2FudGFkbyBkZSBoYWNlcmxvLiBHcmFjaWFzIHBvciBlc2N1Y2hhciwgdHJvdGFtdW5kb3Mu
p3kuAg,,W0xhbmlhXQpPaCBhbHJpZ2h0LApJJ2xsIGdvIG9uIHRoZW4u,,,,,W0xhbmlhXQpBaCwgdHVkbyBiZW0sClZvdSBjb250aW51YXIgZW50w6NvLg==,,W0xhbmlhXQpEZSBhY3VlcmRvLApzZWd1aXLDqSwgZW50b25jZXMu
qHkuAg,,W0xhbmlhXQpJbiB0aGVpciBjdXJpb3NpdHksIHRoZSBnb2RzIGRlY2lkZWQgdG8gaW52ZXN0aWdhdGUgU2F2ZGlsZmFyaSdzIGRpc2FwcGVhcmFuY2UuIA==,,,,,W0xhbmlhXQpPcyBkZXVzZXMgZmljYXJhbSBjdXJpb3NvcyBlIGVudMOjbyBkZWNpZGlyYW0gaW52ZXN0aWdhciBvIG1vdGl2by4=,,W0xhbmlhXQpEYWRhIHN1IGN1cmlvc2lkYWQsIGxvcyBkaW9zZXMgZGVjaWRpZXJvbiBpbnZlc3RpZ2FyIGxhIGRlc2FwYXJpY2nDs24gZGUgU3ZhZGlsZmFyaS4g
qXkuAg,,W0xhbmlhXQpTdXJwcmlzaW5nbHksCnRoZXkgZm91bmQgdGhhdApTdmFkaWxmYXJpIGZlbGwgaW4gbG92ZSB3aXRoIGEgYmVhdXRpZnVsIG1hcmUsIHdoaWNoIHdhcyB3aHkKaXQgZGlkIG5vdCB3b3JrIG9uIHRoZSByYW1wYXJ0Lg==,,,,,W0xhbmlhXQpFbGVzIGRlc2NvYnJpcmFtIHF1ZSBTdmFkaWxmYXJpIHNlIGFwYWl4b25vdSBwb3IgdW1hIGxpbmRhIMOpZ3VhIGUgcGFyb3UgZGUgdHJhYmFsaGFyIG5hIHJlZm9ybWEgZGEgbXVyYWxoYS4=,,W0xhbmlhXQpTb3JwcmVuZGVudGVtZW50ZSwKZGVzY3Vicmllcm9uIHF1ZQpTdmFkaWxmYXJpIHNlIGhhYsOtYSBlbmFtb3JhZG8gZGUgdW5hIGhlcm1vc2EgeWVndWEsIHBvciBsbyBxdWUKZGVqw7MgZGUgdHJhYmFqYXIgZW4gbGEgbXVyYWxsYS4=
qnkuAg,,W0xhbmlhXQpTbyB3aGVuIHRoZSA2IG1vbnRocyBwYXNzZWQsIHRoZSBzdHJhbmdlciBhbG1vc3QgZmluaXNoZWQgcmVidWlsZGluZyB0aGUgQXNnYXJkaWFuIHdhbGxzLiBPbmx5IHRoZSBjYXN0bGUgZ2F0ZSB3YXMgbGVmdCB1bnRvdWNoZWQu,,,,,W0xhbmlhXQpFbnTDo28sIHF1YW5kbyBvcyBzZWlzIG1lc2VzIHNlIHBhc3NhcmFtLCBvIGhvbWVtCnRlcm1pbm91IGRlIGNvbnNlcnRhciB0dWRvIG1lbm9zIG8gcG9ydMOjbyBkbyBjYXN0ZWxvLg==,,W0xhbmlhXQpBc8OtIHF1ZSBwYXNhZG9zIGxvcyA2IG1lc2VzLCBlbCBmb3Jhc3Rlcm8gY2FzaSBoYWLDrWEgdGVybWluYWRvIGRlIHJlY29uc3RydWlyIGxhcyBtdXJhbGxhcyBkZSBBc2dhcmQuIFNvbG8gcXVlZMOzIHNpbiB0cmFiYWphciBsYSBwdWVydGEgZGVsIGNhc3RpbGxvLg==
q3kuAg,,W0xhbmlhXQpUaGUgZ29kcyB3ZXJlIGhhcHB5IHRvIHRlbGwgdGhlIHN0cmFuZ2VyIHRoYXQgdGhleSBjb3VsZCBub3QgcGF5IGhpbSB3aGF0IGhlIHJlcXVlc3RlZCwgc2luY2UgaGUgZGlkIG5vdCBjb21wbGV0ZSB0aGUgcmFtcGFydCBhcyBvcmlnaW5hbGx5IGFncmVlZC4=,,,,,W0xhbmlhXQpPcyBkZXVzZXMgZmljYXJhbSBtdWl0byBmZWxpemVzIGVtIGRpemVyIGFvIGhvbWVtCnF1ZSBlbGVzIG7Do28gcG9kZXJpYW0gYWNlaXRhciBvIHNldSBwZWRpZG8gZGUgcGFnYW1lbnRvLCBqw6EgcXVlIGVsZSBuw6NvIGN1bXByaXUgbyBzZXUgY29udHJhdG8u,,W0xhbmlhXQpMb3MgZGlvc2VzIHNlIGFsZWdyYXJvbiBkZSBkZWNpcmxlIGFsIGZvcmFzdGVybyBxdWUgbm8gcG9kw61hbiBwYWdhcmxlIGxvIHF1ZSBwZWTDrWEsIHlhIHF1ZSBubyBoYWLDrWEgY29tcGxldGFkbyBsYSBtdXJhbGxhIGNvbW8gc2UgaGFiw61hIGFjb3JkYWRvIGVuIHVuIHByaW5jaXBpby4=
rHkuAg,,W0xhbmlhXQpJbiBoaXMgcmFnZSwgdGhlIHN0cmFuZ2VyIGFjY3VzZWQgdGhlIGdvZHMgb2YgdHJpY2tpbmcgaGltIHNvIHRoYXQgdGhleSB3b3VsZCBub3QgaGF2ZSB0byBwYXkgaGltIHdpdGggdGhlIHN1biwgdGhlIG1vb24gYW5kIHRoZSBiZWF1dGlmdWwgZ29kZGVzcyBGcmV5YS4gVGhlbiwgaGUgcmV2ZWFsZWQgaGlzIHRydWUgaWRlbnRpdHku,,,,,W0xhbmlhXQpPIGhvbWVtIHNlIGVuZnVyZWNldSBlIHJlY2xhbW91IHF1ZSBvcyBkZXVzZXMgbyBlbmdhbmFyYW0gcGFyYSBldml0YXIgcXVlIGVsZSByZWNlYmVzc2UKJ0ZyZXlhJyBlICdvIFNvbCBlIGEgTHVhJy4=,,W0xhbmlhXQpGdXJpb3NvLCBlbCBmb3Jhc3Rlcm8gYWN1c8OzIGEgbG9zIGRpb3NlcyBkZSBlbmdhw7FhcmxvIHBhcmEgbm8gdGVuZXIgcXVlIHBhZ2FybGUgY29uIGVsIHNvbCwgbGEgbHVuYSB5IGxhIGJlbGxhIGRpb3NhIEZyZXlhLiBFbnRvbmNlcywgcmV2ZWzDsyBzdSB2ZXJkYWRlcmEgaWRlbnRpZGFkLg==
rXkuAg,,W0xhbmlhXQpIZSB3YXMgYQp0ZXJyaWJsZSBmcm9zdCBnaWFudCwKb3IgSHJpbXRodXJzIGFzIHRoZXkgc2F5Lg==,,,,,W0xhbmlhXQpFIGVsZSByZXZlbG91IGEgc3VhIHZlcmRhZGVpcmEgaWRlbnRpZGFkZS4KRWxlIGVyYSB1bSBnaWdhbnRlIGRlIEpvdHVubmhlaW0uCkVsZSBlc3RhdmEgdMOjbyBuZXJ2b3NvIHF1ZSBjb21lw6dvdSBhIGFybWFyIHVtIGVzY8OibmRhbG8u,,W0xhbmlhXQpFcmEgdW4KdGVycmlibGUgZ2lnYW50ZSBkZSBlc2NhcmNoYQpvIEhyaW10aHVycywgY29tbyBzdWVsZW4gbGxhbWFybG8u
rnkuAg,,W0xhbmlhXQouLi4uLgpBcmUgeW91IGJvcmVkPwpJZiB5b3UgYXJlLCB3ZSBjYW4KdGFsayBhYm91dCB0aGlzCmxhdGVyIHlvdSBrbm93Lg==,,,,,W0xhbmlhXQouLi4uLgpWb2PDqiBlc3TDoSBlbnRlZGlhZG8/ClNlIGVzdGl2ZXIsIHBvZGVtb3MKZmFsYXIgc29icmUgaXNzbwptYWlzIHRhcmRlLCB2b2PDqiBzYWJlLg==,,W0xhbmlhXQouLi4uLi4Kwr9UZSBhYnVycmVzPwpTaSBlcyBhc8OtLCBwb2RlbW9zCmhhYmxhciBkZSBlc3RvCmRlc3B1w6lzLCDCv3NhYmVzPw==
r3kuAg,,SSdtIHNvIGJvcmVkfg==,,,,,RXN0b3UgdMOjbyBlbnRlZGlhZG9+,,wqFRdcOpIGFidXJyaW1pZW50byE=
sHkuAg,,W0xhbmlhXQpJIHNlZS4gV2VsbCwgc3RvcmllcyBhcmUgbWVhbnQgdG8gYmUgZW5qb3llZCBhbmQgSSBzdXBwb3NlIHlvdSdyZSBub3QgaW4gdGhlIG1vb2QgdG8gc2l0IGFuZCBsaXN0ZW4u,,,,,W0xhbmlhXQpFbnRlbmRvLiBCZW0sIGhpc3TDs3JpYXMgc8OjbyBmZWl0YXMgcGFyYSBzZXJlbSBhcHJlY2lhZGFzIGUgc3Vwb25obyBxdWUgdm9jw6ogbsOjbyBlc3RlamEgY29tIHZvbnRhZGUgZGUgc2VudGFyIGUgb3V2aXIu,,W0xhbmlhXQpZYSB2ZW8uIEJ1ZW5vLCBsYXMgaGlzdG9yaWFzIHNvbiBwYXJhIGRpc2ZydXRhcmxhcyB5IHN1cG9uZ28gcXVlIHTDuiBubyBlc3TDoXMgZGUgaHVtb3IgcGFyYSBzZW50YXJ0ZSBhIGVzY3VjaGFybGFzLg==
sXkuAg,,W0xhbmlhXQpCdXQgaWYgeW91IGV2ZXIgZG8gd2FudCB0byBoZWFyIGFib3V0IFNsZWlwbmlyLCBmZWVsIGZyZWUgdG8gdmlzaXQgbWUgb25jZSBhZ2Fpbi4gSGF2ZSBhIGdvb2QgZGF5fg==,,,,,W0xhbmlhXQpNYXMgc2Ugdm9jw6ogcXVpc2VyIHNhYmVyIG1haXMgc29icmUgbyBTbGVpcG5pciwgZmlxdWUgw6Agdm9udGFkZSBwYXJhIG1lIHZpc2l0YXIgbm92YW1lbnRlLiBUZW5oYSB1bSBib20gZGlhfg==,,W0xhbmlhXQpQZXJvIHNpIGFsZ3VuYSB2ZXogcXVpZXJlcyBzYWJlciBkZSBTbGVpcG5pciwgbm8gZHVkZXMgZW4gdmlzaXRhcm1lIGRlIG51ZXZvLiBRdWUgdGVuZ2FzIHVuIGJ1ZW4gZMOtYS4=
snkuAg,,W0xhbmlhXQpPaCwgSSdtIGdsYWR+ClNvbWUgcGVvcGxlIHdvdWxkCmFjdHVhbGx5IGJlIHNsZWVwaW5nCmFmdGVyIGxpc3RlbmluZyBzbyBsb25nfg==,,,,,W0xhbmlhXQpPaCwgZmljbyBmZWxpen4KQWxndW1hcyBwZXNzb2FzCnJlYWxtZW50ZSBlc3RhcmlhbSBkb3JtaW5kbwpkZXBvaXMgZGUgb3V2aXIgcG9yIHRhbnRvIHRlbXBvfg==,,W0xhbmlhXQpPaCwgbWUgYWxlZ3JvLgpBbGd1bmFzIHBlcnNvbmFzCnNlIGh1YmllcmFuIHF1ZWRhZG8gZG9ybWlkYXMKZGVzcHXDqXMgZGUgZXNjdWNoYXIgdW5hIGhpc3RvcmlhIHRhbiBsYXJnYS4=
s3kuAg,,W0xhbmlhXQpBbnl3YXkuLi4KVGhlIHN0cmFuZ2VyIHR1cm5lZCBvdXQKdG8gYmUgYSBnaWFudCB0cmFpbmluZyBpbgpzdG9uZSBtYXNvbnJ5LiBBbHRob3VnaCBoZSB3YXMgaW52YWRpbmcgQXNnYXJkLCB0aGUgZ29kcyBkaWRuJ3Qgd29ycnku,,,,,W0xhbmlhXQpEZXBvaXMsIGRlc2NvYnJpdS1zZSBxdWUgZXNzZSBnaWdhbnRlIGVyYSBIcmltdGh1cnMuCkVudHJldGFudG8sIG1lc21vIGNvbSBIcmltdGh1cnMgY2F1c2FuZG8gdW0gZXNjw6JuZGFsbwpvcyBkZXVzZXMgbsOjbyBzZSBwcmVvY3VwYXJhbSBjb20gZWxlLgpQb3JxdWUgZWxlcyB0aW5oYW0gVGhvciwgbyBjYcOnYWRvciBkZSBnaWdhbnRlcy4=,,W0xhbmlhXQpFbiBmaW4uLi4KRWwgZm9yYXN0ZXJvIHJlc3VsdMOzCnNlciB1biBnaWdhbnRlIGVudHJlbmFkbyBlbgpjYW50ZXLDrWEuIEF1bnF1ZSBlc3RhYmEgaW52YWRpZW5kbyBBc2dhcmQsIGxvcyBkaW9zZXMgbm8gc2UgcHJlb2N1cGFyb24u
tHkuAg,,W0xhbmlhXQpUaG9yIHF1aWNrbHkga2lsbGVkIHRoZSBnaWFudCB3aXRoIGhpcyBtaWdodHkgaGFtbWVyLCBNam9sbmlyLCBieSBodXJsaW5nIGl0IGF0IHRoZSBnaWFudCdzIGhlYWQsIHdoaWNoIGV4cGxvZGVkIGludG8gYSB0aG91c2FuZCBwaWVjZXMu,,,,,W0xhbmlhXQpRdWFuZG8gVGhvciBhcnJlbWVzc291IHNldSBsZW5kw6FyaW8gbWFydGVsbyAnTWpvbG5pcicgZW0gSHJpbXRodXJzLCBhIGNhYmXDp2EgZG8gZ2lnYW50ZSBleHBsb2RpdSBlbSBwZWRhw6dvcyBlIGVsZSBjYWl1IG5vIGluZmVybm8u,,W0xhbmlhXQpUaG9yIG1hdMOzIHLDoXBpZGFtZW50ZSBhbCBnaWdhbnRlIGNvbiBzdSBwb2Rlcm9zbyBtYXJ0aWxsbywgTWpvbG5pciwgYWwgbGFuemFybG8gY29udHJhIHN1IGNhYmV6YSBxdWUgZXN0YWxsw7MgZW4gbWlsIHBlZGF6b3Mu
tXkuAg,,W0xhbmlhXQpBcyBmb3IgdGhlIGhvcnNlLCBTdmFkaWxmYXJpLCBpdCB3YXMgbm93aGVyZSB0byBiZSBmb3VuZCBmb3IKYSBsb25nLCBsb25nIHRpbWUu,,,,,W0xhbmlhXQpRdWFudG8gYW8gY2F2YWxvLCBTdmFkaWxmYXJpLCBlbGUgbsOjbyBmb2kgZW5jb250cmFkbyBlbSBsdWdhciBuZW5odW0gcG9yCnVtIGxvbmdvLCBsb25nbyB0ZW1wby4=,,W0xhbmlhXQpFbiBjdWFudG8gYWwgY2FiYWxsbywgU3ZhZGlsZmFyaSwgbm8gcHVkaWVyb24gZW5jb250cmFybG8gZHVyYW50ZQptdWNobywgbXVjaG8gdGllbXBvLg==
tnkuAg,,W0xhbmlhXQouLi4uLgpBcmUgeW91IGJvcmVkPwpJZiB5b3UgYXJlLCBsZXQncyB0YWxrCmFib3V0IHRoaXMgbGF0ZXIu,,,,,W0xhbmlhXQouLi4uLgpWb2PDqiBlc3TDoSBlbnRlZGlhZG8/ClNlIGVzdGl2ZXIsIHZhbW9zIGNvbnZlcnNhcgpzb2JyZSBpc3NvIG1haXMgdGFyZGUu,,W0xhbmlhXQouLi4uLi4Kwr9UZSBhYnVycmVzPwpTaSBlcyBhc8OtLCBoYWJsZW1vcwpzb2JyZSBlc3RvIG3DoXMgdGFyZGUu
t3kuAg,,TGV0IG1lIHRha2UgZG93biBzb21lIG5vdGVzLg==,,,,,Vm91IGZhemVyIGFsZ3VtYXMgYW5vdGHDp8O1ZXMu,,RMOpamFtZSB0b21hciBhbGd1bmFzIG5vdGFzLg==
uHkuAg,,U2VlIHlvdSBsYXRlci4=,,,,,VmVqbyB2b2PDqiBtYWlzIHRhcmRlLg==,,SGFzdGEgbHVlZ28u
uXkuAg,,W0xhbmlhXQpBaC4uLi4KSSBzZWUgdGhhdCB5b3UgcmVhbGx5IHdhbnQgdG8ga2VlcCB0cmFjayBvZiBldmVyeSBpbXBvcnRhbnQgZGV0YWlsIQ==,,,,,W0xhbmlhXQpBaC4uLi4KQSBoaXN0w7NyaWEgZGV2ZSBzZXIgbXVpdG8gY29tcGxpY2FkYSBwYXJhIHZvY8OqIGVudGVuZGVyLg==,,W0xhbmlhXQpBaC4uLgrCoVZlbyBxdWUgcmVhbG1lbnRlIHF1aWVyZXMgc2FiZXIgdG9kb3MgbG9zIGRldGFsbGVzIHF1ZSBpbXBvcnRhbiE=
unkuAg,,W0xhbmlhXQpNeSBhcG9sb2dpZXMsIEknbGwgd2FpdCBmb3IgeW91IHRvIGNvbXBsZXRlIHlvdXIgbm90ZXMgdGhlbi4=,,,,,W0xhbmlhXQpNaW5oYXMgZGVzY3VscGFzLi4uCk9rLCBlc3BlcmFyZWkgdm9jw6ogdGVybWluYXIgZGUgb3JnYW5pemFyIGEgaGlzdMOzcmlhLi4u,,W0xhbmlhXQpUZSBwaWRvIGRpc2N1bHBhcywgZXNwZXJhcsOpIGEgcXVlIHRlcm1pbmVzIGNvbiB0dXMgbm90YXMu
u3kuAg,,W0xhbmlhXQpPa2F5LiBIbW0uLi4KTm93IHdoZXJlIHdhcyBJPw==,,,,,W0xhbmlhXQpPay4gSG1tLi4uCk9uZGUgZXUgZXN0YXZhIGFnb3JhPw==,,W0xhbmlhXQpCdWVuby4gTW1tLi4uCsK/RMOzbmRlIGVzdGFiYT8=
vHkuAg,,W0xhbmlhXQpPaCwgSSBndWVzcyBteSBzdG9yeSB3YXNuJ3QgcmVhbGx5IHRoYXQgaW50ZXJlc3RpbmcuIEJ1dCBpZiB5b3Ugd2FudCB0byBsaXN0ZW4gdG8gdGhpcyBzdG9yeSBhZ2FpbiwgcGxlYXNlIGNvbWUgdmlzaXQgbWUgYWdhaW4u,,,,,W0xhbmlhXQpBaCwgYWNobyBxdWUgbWluaGEgaGlzdMOzcmlhIG7Do28gZm9pIG11aXRvIGludGVyZXNzYW50ZS4gTWFzIHNlIHZvY8OqIHF1aXNlciBvdXZpciBlc3NhIGhpc3TDs3JpYSBub3ZhbWVudGUsIHBvciBmYXZvciwgdmVuaGEgbWUgdmlzaXRhciBkZSBub3ZvLg==,,W0xhbmlhXQpPaCwgc3Vwb25nbyBxdWUgbWkgaGlzdG9yaWEgbm8gZXJhIHRhbiBpbnRlcmVzYW50ZS4gUGVybyBzaSBxdWllcmVzIHZvbHZlciBhIGVzY3VjaGFybGEsIHZlbiBhIHZpc2l0YXJtZSBkZSBudWV2by4=
vXkuAg,,W0xhbmlhXQpPa2F5IHRoZW4sCnRyYXZlbCBzYWZlbHl+,,,,,W0xhbmlhXQpNdWl0byBiZW0sIGVudMOjbywKVmlhamUgY29tIHNlZ3VyYW7Dp2F+,,W0xhbmlhXQpEZSBhY3VlcmRvLAp2aWFqYSBzZWd1cm8=
vnkuAg,,W0xhbmlhXQpBZnRlciBhIHdoaWxlLCBMb2tpLCB3aG8gbG9va2VkIHRhdHRlcmVkIGFuZCB3b3JuIG91dCwgYnJvdWdodCBhIHN0cmFuZ2UgbG9va2luZyBwb255IHdpdGggZWlnaHQgbGVncyB0byBBc2dhcmQu,,,,,W0xhbmlhXQpEZXBvaXMgZGUgdW0gdGVtcG8sIExva2ksIHF1ZSBwYXJlY2lhIGFjYWJhZG8gZSBlc2ZhcnJhcGFkbywgdHJvdXhlIHVtIHDDtG5laSBlc3F1aXNpdG8gY29tIG9pdG8gcGF0YXMgcGFyYSBBc2dhcmQu,,W0xhbmlhXQpBbCBjYWJvIGRlIHVuIHRpZW1wbywgTG9raSwgcXVlIGx1Y8OtYSBhbmRyYWpvc28geSBhZ290YWRvLCB0cmFqbyBhIEFzZ2FyZCB1biBwb25pIGRlIGFzcGVjdG8gZXh0cmHDsW8gY29uIG9jaG8gcGF0YXMu
v3kuAg,,W0xhbmlhXQpMb2tpIGludHJvZHVjZWQgdGhlIHBvbnkgYXMgJ1NsZWlwbmlyJyBhbmQgcHJlc2VudGVkIGl0IHRvCk9kaW4gYXMgYSBwcmVzZW50Lg==,,,,,W0xhbmlhXQpFIExva2kgaW50cm9kdXppdSBvIHDDtG5laSBjb21vIHNlbmRvICdTbGVpcG5pcicgZQpkZXUtbyBkZSBwcmVzZW50ZSBhIE9kaW4uCk9kaW4sIG11aXRvIGdyYXRvLCBhY2VpdG91IG8gcHJlc2VudGUgZGUgTG9raS4=,,W0xhbmlhXQpMb2tpIHByZXNlbnTDsyBhbCBwb25pIGNvbW8gU2xlaXBuaXIgeSBzZSBsbyBlbnRyZWfDsyBhCk9kw61uIGNvbW8gcmVnYWxvLg==
wHkuAg,,W0xhbmlhXQpJbiBhY3R1YWxpdHksIExva2kgdHJhbnNmb3JtZWQgaW50byB0aGUgbWFyZSB0aGF0IHNlZHVjZWQgU3ZhZGlsZmFyaSBzbyB0aGF0IGl0IHdvdWxkIG5vIGxvbmdlciB3b3JrIG9uIHRoZSByYW1wYXJ0Lg==,,,,,W0xhbmlhXQpPIGZhdG8gw6kgcXVlIExva2kgc2UgdHJhbnNmb3Jtb3UgbmEgw6lndWEgcXVlCmF0cmFpdSBTdmFkaWxmYXJpIGUsIGV2ZW50dWFsbWVudGUsIGVsZSBmaWNvdSBncsOhdmlkbwpkbyBww7RuZWku,,W0xhbmlhXQpFbiByZWFsaWRhZCwgTG9raSBzZSB0cmFuc2Zvcm3DsyBlbiBsYSB5ZWd1YSBxdWUgc2VkdWpvIGEgU3ZhZGlsZmFyaSBwYXJhIHF1ZSBkZWphcmEgZGUgdHJhYmFqYXIgZW4gbGEgbXVyYWxsYS4=
wXkuAg,,W0xhbmlhXQpTbyAnU2xlaXBuaXInIHdhcyBib3JuIGZyb20gdGhlIGxlZ2VuZGFyeSBtYXJlIFN2YWRpbGZhcmksIGFuZCB0aGUgZ29kIExva2kgd2hvIHRyYW5zZm9ybWVkIGhpbXNlbGYgaW50byBhIGhvcnNlLg==,,,,,W0xhbmlhXQpFc3NhIMOpIGEgaGlzdMOzcmlhIGRlCmNvbW8gJ1NsZWlwbmlyJyBuYXNjZXUu,,W0xhbmlhXQpBc8OtLCBTbGVpcG5pciBuYWNpw7MgZGUgbGEgbGVnZW5kYXJpYSB5ZWd1YSBTdmFkaWxmYXJpIHkgZGVsIGRpb3MgTG9raSwgcXVlIHNlIHRyYW5zZm9ybcOzIGVuIGNhYmFsbG8u
wnkuAg,,W0xhbmlhXQpOb3csIHN0b3JpZXMgdGhhdCBhcmUgc3ByZWFkIHRocm91Z2ggd29yZCBvZiBtb3V0aCBtaWdodCBoYXZlIGRpZmZlcmVuY2VzIGluIHRoZSBzbWFsbCBkZXRhaWxzLCBkZXBlbmRpbmcgb24gd2hvJ3MgdGVsbGluZyB0aGUgc3Rvcnku,,,,,W0xhbmlhXQpOw7NzLCBlcmVtaXRhcywgc8OzIHBhc3NhbW9zIGVzc2EgaGlzdMOzcmlhIG9yYWxtZW50ZS4KUG9yIGlzc28sIHBlcXVlbm9zIGRldGFsaGVzIHBvZGVtIHNlciBkaWZlcmVudGVzIGRlIHVtYSBoaXN0w7NyaWEgcGFyYSBvdXRyYS4=,,W0xhbmlhXQpBaG9yYSBiaWVuLCBsYXMgaGlzdG9yaWFzIHF1ZSBzZSBkaWZ1bmRlbiBkZSBib2NhIGVuIGJvY2EgcHVlZGVuIGRpZmVyaXIgZW4gcGVxdWXDsW9zIGRldGFsbGVzLCBzZWfDum4gcXVpw6luIGxhcyBjdWVudGUu
w3kuAg,,W0xhbmlhXQpTdGlsbCwgdGhlIGZ1bmRhbWVudGFsIHN0b3J5IGxpbmUgc2hvdWxkIG5vdCBiZSBkaWZmZXJlbnQu,,,,,W0xhbmlhXQpFbnRyZXRhbnRvLCBhIHRyYW1hIGZ1bmRhbWVudGFsIG7Do28gZGV2ZSBzZXIgZGlmZXJlbnRlLg==,,W0xhbmlhXQpBdW4gYXPDrSwgbGEgYmFzZSBhcmd1bWVudGFsIG5vIGRlYmVyw61hIGNhbWJpYXIu
xHkuAg,,W0xhbmlhXQpJIGRvbid0IHVzdWFsbHkgZ2V0IHRvIHByYWN0aWNlIHN0b3J5dGVsbGluZywgYW5kIEknbSBub3QgdG9vIGNvbmZpZGVudCBvZiB0aGUgYXV0aGVudGljaXR5IG9mIG15IHZlcnNpb24gb2YgU2xlaXBuaXIncyB0YWxlLg==,,,,,W0xhbmlhXQpFdSBuw6NvIHB1ZGUgcHJhdGljYXIgaXNzbyBtdWl0byBiZW0sCmV1IG7Do28gdGVuaG8gY2VydGV6YSBkZSBxdWUgbGhlIGNvbnRlaSBhIGhpc3TDs3JpYSBtYWlzIHByw7N4aW1hIGRvIG9yaWdpbmFsIGNvbW8gcG9kZXJpYS4=,,W0xhbmlhXQpObyBzdWVsbyBuYXJyYXIgY3VlbnRvcyB5IG5vIGVzdG95IG11eSBzZWd1cm8gZGUgbGEgYXV0ZW50aWNpZGFkIGRlIG1pIHZlcnNpw7NuIHNvYnJlIGxhIGhpc3RvcmlhIGRlIFNsZWlwbmlyLg==
xXkuAg,,W0xhbmlhXQpCdXQgSSBob3BlIHlvdSB3aWxsIHVuZGVyc3RhbmQgdGhhdCBJIGRpZCBteSBiZXN0LiBJdCB3YXMgdGhlIG1vc3QgdGhhdCBJIGNvdWxkIGRvIHRvIGhlbHAgeW91Lg==,,,,,W0xhbmlhXQpNYXMgZXNwZXJvIHF1ZSBlbnRlbmRhIHF1ZSBmaXogbyBtZXUgbWVsaG9yLgpJc3NvIMOpIHR1ZG8gcXVlIHBvc3NvIGZhemVyIHByYSBsaGUgYWp1ZGFyLg==,,W0xhbmlhXQpQZXJvIGVzcGVybyBxdWUgZW50aWVuZGFzIHF1ZSBsbyBoaWNlIGxvIG1lam9yIHF1ZSBwdWRlLiBFcmEgbG8gbWVqb3IgcXVlIHBvZMOtYSBoYWNlciBwYXJhIGF5dWRhcnRlLg==
xnkuAg,,W0xhbmlhXQpJZiB5b3Ugd2lzaCB0byBsaXN0ZW4gdG8gdGhpcyBzdG9yeSBhZ2FpbiwgeW91J3JlIGFsd2F5cyB3ZWxjb21lLgpCZSBzYWZlIG9uIHlvdXIgYWR2ZW50dXJlc34=,,,,,W0xhbmlhXQpTZSBxdWlzZXIgb3V2aXIgYSBoaXN0w7NyaWEgZGUgbm92bywKdm9jw6ogw6kgc2VtcHJlIGJlbS12aW5kby4KRmHDp2EgdW1hIGJvYSB2aWFnZW0h,,W0xhbmlhXQpTaSBxdWllcmVzIHZvbHZlciBhIGVzY3VjaGFyIGVzdGEgaGlzdG9yaWEsIHNpZW1wcmUgdGUgZGFyw6kgbGEgYmllbnZlbmlkYS4KQ3XDrWRhdGUgZW4gdHVzIGF2ZW50dXJhcy4=
x3kuAg,,W0xhbmlhXQpJbiB0aW1lcyBvZiBhZ29ueSwgcGxlYXNlIHJlZmxlY3Qgb24geW91ciBwYXN0IHRvIGhlbHAgeW91IGZpbmQgYSBzb2x1dGlvbi4=,,,,,W0xhbmlhXQpRdWFuZG8gZXN0aXZlciBlbSBtb21lbnRvcyBkaWbDrWNlaXMsCnJldmVqYSBvIHNldSBwYXNzYWRvLg==,,W0xhbmlhXQpFbiBtb21lbnRvcyBkZSBhZ29uw61hLCByZWZsZXhpb25hIHNvYnJlIHR1IHBhc2FkbyBwYXJhIHF1ZSB0ZSBheXVkZSBhIGVuY29udHJhciB1bmEgc29sdWNpw7NuLg==
yHkuAg,,W0xhbmlhXQpMaWtlIHRoZSBvbGQgbXl0aHMgYW5kIGxlZ2VuZHMsIHlvdXIgZXhwZXJpZW5jZXMgYXJlIHN0b3JpZXMgZnJvbSB3aGljaCB5b3UgY2FuIGxlYXJuIHZhbHVhYmxlIGxlc3NvbnMu,,,,,W0xhbmlhXQpBc3NpbSBjb21vIGFzIGxlbmRhcyBvdSBvcyBtaXRvcywKYSBzdWEgdGFtYsOpbSDDqSB1bWEgaGlzdMOzcmlhIGRvIHBhc3NhZG8uClZvY8OqIGVuY29udHJhcsOhIGEgc29sdcOnw6NvIGNlcnRhIG5vIHNldSBwYXNzYWRvLg==,,W0xhbmlhXQpDb21vIGxvcyB2aWVqb3MgbWl0b3MgeSBsZXllbmRhcywgdHVzIGV4cGVyaWVuY2lhcyBzb24gaGlzdG9yaWFzIGRlIGxhcyBxdWUgcHVlZGVzIGFwcmVuZGVyIHZhbGlvc2FzIGxlY2Npb25lcy4=
yXkuAg,,W0xhbmlhXQpJIHRvbGQgeW91IGV2ZXJ5dGhpbmcgSSBrbm93LiBIb3BlZnVsbHksIEkgd2FzIG9mIHNvbWUgaGVscCB0byB5b3UuIFBsZWFzZSB0cmVhdCBvdGhlcnMgd2l0aCB0aGUgc2FtZSBnZW5lcm9zaXR5IGFuZCBraW5kbmVzcy4=,,,,,W0xhbmlhXQpFdSBsaGUgZGlzc2UgdHVkbyBvIHF1ZSBzYWJpYS4KRXNwZXJvIHF1ZSBpc3NvIG8gYWp1ZGUuClBvciBmYXZvciwgc2VqYSBwcmVzdGF0aXZvIGNvbSBvcyBvdXRyb3MuLi4=,,W0xhbmlhXQpUZSBkaWplIHRvZG8gbG8gcXVlIHPDqS4gRXNwZXJvIGhhYmVydGUgYXl1ZGFkby4gUG9yIGZhdm9yLCB0cmF0YSBhIGxvcyBkZW3DoXMgY29uIGxhIG1pc21hIGdlbmVyb3NpZGFkIHkgYW1hYmlsaWRhZC4=
ynkuAg,,W0xhbmlhXQpUcmFpbmluZyBpc24ndCBsaW1pdGVkIHRvIGp1c3QgcGh5c2ljYWwgYW5kIG1lbnRhbCBjb25kaXRpb25pbmcu,,,,,W0xhbmlhXQouLi4uLi4uLi4uLi4KVHJlaW5hciBuw6NvIMOpIHPDsyBwcsOhdGljYSBmw61zaWNhIG91IG1lbnRhbC4K,,W0xhbmlhXQpFbCBlbnRyZW5hbWllbnRvIG5vIHNlIGxpbWl0YSBhbCBhY29uZGljaW9uYW1pZW50byBmw61zaWNvIHkgbWVudGFsLg==
y3kuAg,,W0xhbmlhXQpUaGUgd2F5IHlvdSBsZWFkIHlvdXIgbGlmZSBhbmQgaW50ZXJhY3Qgd2l0aCBvdGhlciBwZW9wbGUgY2FuIGFsc28gYmUgY29uc2lkZXJlZCBwYXJ0IG9mIHlvdXIgdHJhaW5pbmcu,,,,,W0xhbmlhXQpMZXZhciB1bWEgdmlkYSBlIGNvbmhlY2VyIHBlc3NvYXMgdGFtYsOpbSDDqSBjb25zaWRlcmFkbyBwYXJ0ZSBkZSB1bSB0cmVpbmFtZW50by4=,,W0xhbmlhXQpMYSBmb3JtYSBlbiBxdWUgbGxldmFzIHR1IHZpZGEgZSBpbnRlcmFjdMO6YXMgY29uIGxvcyBkZW3DoXMgdGFtYmnDqW4gcHVlZGUgY29uc2lkZXJhcnNlIGNvbW8gcGFydGUgZGUgdHUgZW50cmVuYW1pZW50by4=
zHkuAg,,W0xhbmlhXQpFdmVyeW9uZSB3aWxsIGxlYXJuIGFuZCBiZW5lZml0IGRpZmZlcmVudGx5LCBkZXBlbmRpbmcgb24gaG93IHRoZXkgbGl2ZSB0aGVpciBkYXkgdG8gZGF5IGxpdmVzLg==,,,,,W0xhbmlhXQpDbGFybywgY2FkYSB1bSB0ZXLDoSB1bSByZXN1bHRhZG8gZGlmZXJlbnRlLg==,,W0xhbmlhXQpDYWRhIHBlcnNvbmEgYXByZW5kZXLDoSB5IHNlIGJlbmVmaWNpYXLDoSBkZSBmb3JtYSBkaWZlcmVudGUsIGVuIGZ1bmNpw7NuIGRlIGPDs21vIHZpdmEgZWwgZMOtYSBhIGTDrWEu
zXkuAg,,U3dpdGNo,,,,,U3dpdGNo,,SW50ZXJydXB0b3I=
znkuAg,,XjMzNTVGRlRoZSBkb29yIGlzIGxvY2tlZC4gWW91IHNsaWRlIHlvdXIgdGVtcG9yYXJ5IHBhc3Mgb24gdGhlIHNlY3VyaXR5IGRldmljZSBvbiB0aGUgcmlnaHQgc2lkZSBvZiB0aGUgZG9vciwgYW5kIHRoZSBkb29yIHVubG9ja3MuXjAwMDAwMA==,,,,,QSBwb3J0YSBlc3RhdmEgdHJhbmNhZGEuClZvY8OqIG9saG91IGVtIHZvbHRhIGUgYWNob3UgdW0gZGV0ZWN0b3IKbm8gbGFkbyBkaXJlaXRvIGRhIHBvcnRhLgpBbyBwYXNzYXIgbyBzZXUgY2FydMOjbyB0ZW1wb3LDoXJpbyBubyBkZXRlY3RvciwKYSBwb3J0YSBzZSBhYnJpdS4=,,XjMzNTVGRkxhIHB1ZXJ0YSBlc3TDoSBjZXJyYWRhLiBEZXNsaXphcyB0dSBQYXNlIHRlbXBvcmFsIGVuIGVsIGRpc3Bvc2l0aXZvIGRlIHNlZ3VyaWRhZCBzaXR1YWRvIGEgbGEgZGVyZWNoYSBkZSBsYSBwdWVydGEgeSBlc3RhIHNlIGRlc2Jsb3F1ZWEuXjAwMDAwMA==
z3kuAg,,XjMzNTVGRlRoZSBkb29yIGlzIGxvY2tlZC4KVGhlcmUgaXMgc29tZQpzb3J0IG9mIHNlY3VyaXR5IGRldmljZSBvbiB0aGUgcmlnaHQgc2lkZS4gSXQgc2VlbXMgdGhlIGRldmljZSBuZWVkcyB0byBkZXRlY3Qgc29tZSBraW5kIG9mCnBhc3MgYmVmb3JlIHlvdSBjYW4gZW50ZXIuXjAwMDAwMA==,,,,,QSBwb3J0YSBlc3RhdmEgdHJhbmNhZGEuClZvY8OqIG9saG91IGVtIHZvbHRhIGUgYWNob3UgdW0gZGV0ZWN0b3IKbm8gbGFkbyBkaXJlaXRvIGRhIHBvcnRhLgpQYXJlY2UgcXVlIHZvY8OqIHByZWNpc2EgY29sb2NhciBhbGd1bWEgY29pc2EKbm8gZGV0ZWN0b3IgcGFyYSBhYnJpciBhIHBvcnRhLg==,,XjMzNTVGRkxhIHB1ZXJ0YSBlc3TDoSBjZXJyYWRhLgpUaWVuZSB1bmEKZXNwZWNpZSBkZSBkaXNwb3NpdGl2byBkZSBzZWd1cmlkYWQgZW4gZWwgbGFkbyBkZXJlY2hvLiBQYXJlY2UgcXVlIGVsIGRpc3Bvc2l0aXZvIG5lY2VzaXRhIGRldGVjdGFyIGFsZ8O6biB0aXBvIGRlClBhc2UgYW50ZXMgZGUgcXVlIHB1ZWRhcyBlbnRyYXIuXjAwMDAwMA==
0HkuAg,,XjMzNTVGRlRoZSBkb29yIGlzIGxvY2tlZC4gVGhlcmUgaXMgc29tZSBzb3J0IG9mIHNlY3VyaXR5IGRldmljZSBvbiB0aGUgcmlnaHQgc2lkZS4gSXQgc2VlbXMgdGhlIGRldmljZSBuZWVkcyB0byBkZXRlY3Qgc29tZSBraW5kIG9mIHBhc3MgYmVmb3JlIHlvdSBjYW4gZW50ZXIuXjAwMDAwMA==,,,,,QSBwb3J0YSBlc3RhdmEgdHJhbmNhZGEuClZvY8OqIG9saG91IGVtIHZvbHRhIGUgYWNob3UgdW0gZGV0ZWN0b3IKbm8gbGFkbyBkaXJlaXRvIGRhIHBvcnRhLgpQYXJlY2UgcXVlIHZvY8OqIHByZWNpc2EgY29sb2NhciBhbGd1bWEgY29pc2EKbm8gZGV0ZWN0b3IgcGFyYSBhYnJpciBhIHBvcnRhLg==,,XjMzNTVGRkxhIHB1ZXJ0YSBlc3TDoSBjZXJyYWRhLiBUaWVuZSBhbGfDum4gdGlwbyBkZSBkaXNwb3NpdGl2byBkZSBzZWd1cmlkYWQgZW4gZWwgbGFkbyBkZXJlY2hvLiBQYXJlY2UgcXVlIGVsIGRpc3Bvc2l0aXZvIG5lY2VzaXRhIGRldGVjdGFyIGFsZ8O6biB0aXBvIGRlIFBhc2UgYW50ZXMgZGUgcXVlIHB1ZWRhcyBlbnRyYXIuXjAwMDAwMA==
