4KPvCQ,,UmVkLUhhaXJlZCBTd29yZHNtYW4=,,,,,RXNwYWRhY2hpbSBSdWl2bw==,,RXNwYWRhY2jDrW4gcGVsaXJyb2pv
4aPvCQ,,W0xlbm9dCk9oPyBXZSBtZWV0IGFnYWluIQpJIHdhcyB0b2xkIHRvIG1lZXQgc29tZW9uZSB0byBkbyB0aGUgcXVlc3QgZm9yIFByb250ZXJhIENodXJjaCB3aXRoIG1lLCBhbmQgbG9vayB3aG8ncyBoZXJlIQpJdCBtdXN0IGJlIG91ciBkZXN0aW55IQ==,,,,,W0xlbm9dCk9oPyBub3MgZW5jb250cmFtb3Mgbm92YW1lbnRlIQpEaXNzZXJhbS1tZSBwYXJhIGVuY29udHJhciBhbGd1w6ltIHBhcmEgZmF6ZXIgYSBtaXNzw6NvIGRhIENhdGVkcmFsIGRlIFByb250ZXJhIGNvbWlnbywgZSB2ZWphIHF1ZW0gZXN0w6EgYXF1aSEKRGV2ZSBzZXIgbyBub3NzbyBkZXN0aW5vIQ==,,W0xlbm9dCsK/T2g/IMKhTm9zIGVuY29udHJhbW9zIGRlIG51ZXZvIQpNZSBkaWplcm9uIHF1ZSBtZSByZXVuaWVyYSBjb24gYWxndWllbiBwYXJhIGhhY2VyIGxhIGLDunNxdWVkYSBkZSBsYSBJZ2xlc2lhIFByb250ZXJhIGNvbm1pZ28sIMKheSBtaXJhIHF1acOpbiBlc3TDoSBhcXXDrSEKwqFEZWJlIHNlciBudWVzdHJvIGRlc3Rpbm8h
4qPvCQ,,TGV0J3MgZ28gdG8gUHJvbnRlcmEu,,,,,VmFtb3MgcGFyYSBQcm9udGVyYS4=,,VmFtb3MgYSBQcm9udGVyYS4=
46PvCQ,,W0xlbm9dCk9mIGNvdXJzZS4gVGhlcmUncyBzb21lb25lIEknbSB3YWl0aW5nIGZvciB0aG91Z2guCkFoLCBoZXJlIGhlIGlzLg==,,,,,W0xlbm9dCkNsYXJvIHF1ZSBzaW0uIE1hcyBow6EgYWxndcOpbSBxdWUgZXN0b3UgZXNwZXJhbmRvLgpBaCwgYXF1aSBlc3TDoSBlbGUu,,W0xlbm9dClBvciBzdXB1ZXN0by4gQXVucXVlIGhheSBhbGd1aWVuIGEgcXVpZW4gZXN0b3kgZXNwZXJhbmRvLgpBaCwgYXF1w60gZXN0w6Eu
5KPvCQ,,W0JyZW5vXQpPaCwgQWR2ZW50dXJlcnMuIEkgaG9wZSBJIGRpZCBub3Qga2VlcCB5b3UgbG9uZy4KVGhlcmUncyBzb21lb25lIEkgaGF2ZW4ndCBzZWVuIGJlZm9yZSEKVGhlIG1vcmUgdGhlIGJldHRlciB0byBoZWxwIG1lLg==,,,,,W0JyZW5vXQpPaCwgYXZlbnR1cmVpcm9zLiBFc3Blcm8gbsOjbyB0w6otbG9zIGRlbW9yYWRvIG11aXRvLgpUZW0gYWxndcOpbSBxdWUgZXUgbnVuY2EgdmkgYW50ZXMhClF1YW50byBtYWlzLCBtZWxob3IgcGFyYSBtZSBhanVkYXIu,,W0JyZW5vXQpPaCwgQXZlbnR1cmVyb3MuIEVzcGVybyBubyBoYWJlcm9zIGVudHJldGVuaWRvIG11Y2hvLgrCoUhheSBhbGd1aWVuIGEgcXVpZW4gbm8gaGUgdmlzdG8gYW50ZXMhCkN1YW50b3MgbcOhcyBtZWpvciBwYXJhIGF5dWRhcm1lLg==
5aPvCQ,,W0xlbm9dClllYWguIFRoZSB2ZXJ5IGZpcnN0IHN0ZXAgaW4gYmVpbmcgYW4gYWR2ZW50dXJlciBpcyBieSBoZWxwaW5nIG90aGVycyBpbiBuZWVkLgpGb3IgYSBtZW1iZXIgb2YgRWRlbiBHcm91cCwgaXQncyBqdXN0IGxpa2UgY29tcGxldGluZyBhIHF1ZXN0Lg==,,,,,W0xlbm9dClNpbS4gTyBwcmltZWlybyBwYXNzbyBwYXJhIHNlciB1bSBhdmVudHVyZWlybyDDqSBhanVkYXIgb3MgbmVjZXNzaXRhZG9zLgpQYXJhIHVtIG1lbWJybyBkbyBHcnVwbyBkbyDDiWRlbiwgw6kgY29tbyBjb21wbGV0YXIgdW1hIG1pc3PDo28u,,W0xlbm9dClPDrS4gRWwgcHJpbWVyIHBhc28gcGFyYSBzZXIgdW4gYXZlbnR1cmVybyBlcyBheXVkYXIgYSBsb3MgbmVjZXNpdGFkb3MuClBhcmEgdW4gbWllbWJybyBkZWwgR3J1cG8gZGVsIEVkw6luLCBlcyBjb21vIGNvbXBsZXRhciB1bmEgbWlzacOzbi4=
5qPvCQ,,W0xlbm9dCkFsc28sIGl0J3Mgb24gb3VyIHdheSB0aGVyZSBhbnl3YXkuCkxldCdzIGRvIGl0IHRvZ2V0aGVyLg==,,,,,W0xlbm9dCkFsw6ltIGRpc3NvLCDDqSBubyBub3NzbyBjYW1pbmhvIHBhcmEgbMOhIGRlIHF1YWxxdWVyIG1hbmVpcmEuClZhbW9zIGZhemVyIGlzc28ganVudG9zLg==,,W0xlbm9dCkFkZW3DoXMsIGVzdMOhIGVuIG51ZXN0cm8gY2FtaW5vIGRlIHRvZG9zIG1vZG9zLgpIYWfDoW1vc2xvIGp1bnRvcy4=
56PvCQ,,U28gd2hhdCdzIGdvaW5nIG9uLCBleGFjdGx5Pw==,,,,,RW50w6NvLCBvIHF1ZSBlc3TDoSBhY29udGVjZW5kbyBleGF0YW1lbnRlPw==,,wr9RdcOpIGVzdMOhIHBhc2FuZG8gZXhhY3RhbWVudGU/
6KPvCQ,,W0JyZW5vXQpBaCwgSSBhbSBwcmVwYXJpbmcgZm9yIGEgc21hbGwgZXZlbnQuClNvIEkgd2FudCB0byBwdXQgcG9zdGVycyBhbGwgYXJvdW5kIFByb250ZXJhLg==,,,,,W0JyZW5vXQpBaCwgZXN0b3UgbWUgcHJlcGFyYW5kbyBwYXJhIHVtIHBlcXVlbm8gZXZlbnRvLgpFbnTDo28sIHF1ZXJvIGNvbG9jYXIgcMO0c3RlcmVzIGVtIHRvZGEgUHJvbnRlcmEu,,W0JyZW5vXQpBaCwgZXN0b3kgcHJlcGFyYW5kbyB1biBwZXF1ZcOxbyBldmVudG8uCkFzw60gcXVlIHF1aWVybyBwb25lciBjYXJ0ZWxlcyBwb3IgdG9kYSBQcm9udGVyYS4=
6aPvCQ,,W0JyZW5vXQpTaW1wbGUsIHJpZ2h0PwpSZW5vIGNhbiBwdXQgcG9zdGVycyBpbiBXZXN0IFByb250ZXJhLgpJJ2xsIHRha2UgdGhlIGVhc3Qgc2lkZS4=,,,,,W0JyZW5vXQpTaW1wbGVzLCBuw6NvIMOpPwpMZW5vIHBvZGUgY29sb2NhciBww7RzdGVyZXMgZW0gUHJvbnRlcmEgT2NpZGVudGFsLgpFdSBmaWNvIGNvbSBvIGxhZG8gbGVzdGUu,,W0JyZW5vXQpTaW1wbGUsIMK/dmVyZGFkPwpSZW5vIHB1ZWRlIHBvbmVyIGNhcnRlbGVzIGVuIFByb250ZXJhIE9lc3RlLgpZbyB0b21hcsOpIGVsIGxhZG8gZXN0ZS4=
6qPvCQ,,V2hhdCBhYm91dCBtZT8=,,,,,RSBxdWFudG8gYSBtaW0/,,wr9ZIHlvIHF1w6k/
66PvCQ,,W0JyZW5vXQpZb3UgY2FuIHB1dCBwb3N0ZXJzIG9uIHRoZSBtYXJrZWQgc3BvdHMgYWxvbmcgdGhlIF40RDRERkZOb3J0aCBQcm9udGVyYSBJbm5lciBXYWxsXjAwMDAwMC4=,,,,,W0JyZW5vXQpWb2PDqiBwb2RlIGNvbG9jYXIgcMO0c3RlcmVzIG5vcyBsb2NhaXMgbWFyY2Fkb3MgYW8gbG9uZ28gZGEgXjRENERGRk11cmFsaGEgSW50ZXJuYSBkZSBQcm9udGVyYSBOb3J0ZV4wMDAwMDAu,,W0JyZW5vXQpQdWVkZXMgY29sb2NhciBjYXJ0ZWxlcyBlbiBsb3MgbHVnYXJlcyBtYXJjYWRvcyBhIGxvIGxhcmdvIGRlIGxhIF40RDRERkZNdXJhbGxhIEludGVyaW9yIGRlIFByb250ZXJhIE5vcnRlXjAwMDAwMC4=
7KPvCQ,,W0xlbm9dCk9uY2Ugd2UncmUgZG9uZSwgbGV0J3MgbWVldCBeNEQ0REZGaW4gZnJvbnQgb2YgUHJvbnRlcmEgQ2h1cmNoXjAwMDAwMC4KT3VyIHJlYWwgcXVlc3QgYmVnaW5zIHRoZXJlLi4u,,,,,W0xlbm9dClF1YW5kbyB0ZXJtaW5hcm1vcywgdmFtb3Mgbm9zIGVuY29udHJhciBeNEQ0REZGZW0gZnJlbnRlIMOgIENhdGVkcmFsIGRlIFByb250ZXJhXjAwMDAwMC4KTm9zc2EgdmVyZGFkZWlyYSBtaXNzw6NvIGNvbWXDp2EgbMOhLi4u,,W0xlbm9dClVuYSB2ZXogcXVlIHRlcm1pbmVtb3MsIHJldW7DoW1vbm9zIF40RDRERkZmcmVudGUgYSBsYSBJZ2xlc2lhIFByb250ZXJhXjAwMDAwMC4KTnVlc3RyYSB2ZXJkYWRlcmEgYsO6c3F1ZWRhIGNvbWllbnphIGFsbMOtLi4u
7aPvCQ,,W0JyZW5vXQpUaGFua3MgYWdhaW4gZm9yIHlvdXIgaGVscC4KSSdsbCBub3cgZ28gdG8gYmVnaW4gbXkgd29yay4KTGV0J3MgbWVldCBpbiBmcm9udCBvZiB0aGUgY2h1cmNoIG9uY2Ugd2UncmUgZG9uZS4=,,,,,W0JyZW5vXQpPYnJpZ2FkbyBub3ZhbWVudGUgcG9yIHN1YSBhanVkYS4KQWdvcmEgdm91IGNvbWXDp2FyIG1ldSB0cmFiYWxoby4KVmFtb3Mgbm9zIGVuY29udHJhciBlbSBmcmVudGUgw6AgaWdyZWphIHF1YW5kbyB0ZXJtaW5hcm1vcy4=,,W0JyZW5vXQpHcmFjaWFzIGRlIG51ZXZvIHBvciB0dSBheXVkYS4KQWhvcmEgaXLDqSBhIGNvbWVuemFyIG1pIHRyYWJham8uCkVuY29udHLDqW1vbm9zIGZyZW50ZSBhIGxhIGlnbGVzaWEgdW5hIHZleiBxdWUgaGF5YW1vcyB0ZXJtaW5hZG8u
7qPvCQ,,TGV0J3MgZ28sIG15IGZyaWVuZCE=,,,,,VmFtb3MgbMOhLCBtZXUgYW1pZ28h,,wqFWYW1vcywgYW1pZ28gbcOtbyE=
76PvCQ,,W0xlbm9dCkknbGwgdGFrZSB0aGUgd2VzdCBzaWRlLCBhbmQgeW91IHdvcmsgb24gdGhlIGNlbnRyYWwgaW5uZXIgY2FzdGxlJ3Mgbm9ydGhlcm4gd2FsbC4KSnVzdCBjb21lIHRvIHRoZSBmcm9udCBvZiBQcm9udGVyYSBDaHVyY2ggd2hlbiB5b3UncmUgZG9uZSE=,,,,,W0xlbm9dCkV1IGZpY28gY29tIG8gbGFkbyBvZXN0ZSwgZSB2b2PDqiB0cmFiYWxoYSBuYSBwYXJlZGUgbm9ydGUgZG8gY2FzdGVsbyBjZW50cmFsIGludGVybm8uClF1YW5kbyB0ZXJtaW5hcmVtLCB2ZW5oYW0gYXTDqSBhIGZyZW50ZSBkYSBDYXRlZHJhbCBkZSBQcm9udGVyYSE=,,W0xlbm9dCllvIHRvbWFyw6kgZWwgbGFkbyBvZXN0ZSwgeSB0w7ogdHJhYmFqYSBlbiBlbCBtdXJvIG5vcnRlIGRlbCBjYXN0aWxsbyBpbnRlcmlvciBjZW50cmFsLgpBY8OpcmNhdGUgYSBsYSBpZ2xlc2lhIGRlIFByb250ZXJhIGN1YW5kbyB0ZXJtaW5lcy4=
8KPvCQ,,SXMgZHlpbmcgaGFpciByZWQgYSB0aGluZyB0aGVzZSBkYXlzPyBJIGZlZWwgbGlrZSBJIGtlZXAgc2VlaW5nIGl0IGV2ZXJ5d2hlcmUuLi4=,,,,,RXN0w6EgbmEgbW9kYSB0aW5naXIgbyBjYWJlbG8gZGUgdmVybWVsaG8gYXR1YWxtZW50ZT8gU2ludG8gcXVlIGVzdG91IHNlbXByZSB2ZW5kbyBpc3NvIGVtIHRvZG9zIG9zIGx1Z2FyZXMuLi4=,,wr9UZcOxaXJzZSBlbCBwZWxvIGRlIHJvam8gZXN0w6EgZGUgbW9kYSBob3kgZW4gZMOtYT8gQ3JlbyBxdWUgbG8gdmVvIHBvciB0b2RhcyBwYXJ0ZXMuLi4=
8aPvCQ,,QnJlbm8=,,,,,QnJlbm8=,,QnJlbm8=
8qPvCQ,,V2FsbA==,,,,,UGFyZWRl,,UGFyZWQ=
86PvCQ,,VGhlcmUgaXMgYSBzdHJhbmdlIG1hcmsgb24gdGhlIHdhbGwuCkl0IHNlZW1zIHRvIGJlIHNvbWUga2luZCBvZiByZWxpZ2lvdXMgc3ltYm9sLg==,,,,,SMOhIHVtYSBtYXJjYSBlc3RyYW5oYSBuYSBwYXJlZGUuClBhcmVjZSBzZXIgYWxndW0gdGlwbyBkZSBzw61tYm9sbyByZWxpZ2lvc28u,,SGF5IHVuYSBleHRyYcOxYSBtYXJjYSBlbiBsYSBwYXJlZC4KUGFyZWNlIHNlciBhbGfDum4gdGlwbyBkZSBzw61tYm9sbyByZWxpZ2lvc28u
9KPvCQ,,UHV0IHVwIGEgcG9zdGVyLg==,,,,,Q29sb3F1ZSB1bSBww7RzdGVyLg==,,UG9uIHVuIGNhcnRlbC4=
9aPvCQ,,SWdub3JlLg==,,,,,SWdub3Jhci4=,,SWduw7NyYWxvLg==
9qPvCQ,,WW91J3ZlIHB1dCBhIHBvc3RlciB1cC4=,,,,,Vm9jw6ogY29sb2NvdSB1bSBww7RzdGVyLg==,,SGFzIHB1ZXN0byB1biBjYXJ0ZWwu
96PvCQ,,W1J1bWluXQpIb2xkaW5nIHRoZSBmYWxsZW4gaW4gaGVyIGJvc29tLApzdGFuZGluZyBhZ2FpbnN0IHRoZSBjbG91ZHMgb2YgY29uY2VpdCwKb3VyIG1vdGhlciwgd2hvIHRvb2sgdXAgYXJtcyBmb3IgbWFuLi4u,,,,,W1J1bWluXQpTZWd1cmFuZG8gb3MgY2HDrWRvcyBlbSBzZXUgcGVpdG8sCmVuZnJlbnRhbmRvIGFzIG51dmVucyBkYSBwcmVzdW7Dp8OjbywKbm9zc2EgbcOjZSwgcXVlIHBlZ291IGVtIGFybWFzIHBlbG8gaG9tZW0uLi4=,,W1J1bWluXQpTb3N0ZW5pZW5kbyBhIGxvcyBjYcOtZG9zIGVuIHN1IHNlbm8KY29udHJhIGxhcyBudWJlcyBkZSBsYSB2YW5pZGFkLApudWVzdHJhIG1hZHJlLCBxdWUgdG9tw7MgbGFzIGFybWFzIHBvciBlbCBob21icmUuLi4=
+KPvCQ,,UnVtaW4gc3RhbmRzIG5leHQgdG8geW91IGFuZCBzdGFydHMgcmVhZGluZyB0aGUgcG9zdGVyLg==,,,,,UnVtaW4gZmljYSBhbyBzZXUgbGFkbyBlIGNvbWXDp2EgYSBsZXIgbyBww7RzdGVyLg==,,UnVtaW4gc2UgcG9uZSBhIHR1IGxhZG8geSBlbXBpZXphIGEgbGVlciBlbCBjYXJ0ZWwu
+aPvCQ,,W1J1bWluXQpEbyB5b3UgZW5kb3JzZSB0aGlzPwpUaGUgY29udGVudHMgb2YgdGhlIHBvc3RlcnMsIHRoYXQgaXMuCllvdSBqdXN0IHB1dCB0aGVtIHVwIHdpdGhvdXQgcmVhZGluZyB0aGVtLCBkaWRuJ3QgeW91Pw==,,,,,W1J1bWluXQpWb2PDqiBjb25jb3JkYSBjb20gaXNzbz8KTyBjb250ZcO6ZG8gZG9zIHDDtHN0ZXJlcywgcXVlcm8gZGl6ZXIuClZvY8OqIHNpbXBsZXNtZW50ZSBvcyBjb2xvY291IHNlbSBsw6otbG9zLCBuw6NvIGZvaT8=,,W1J1bWluXQrCv0Fwb3lhcyBlc3RvPwpFcyBkZWNpciwgZWwgY29udGVuaWRvIGRlIGxvcyBjYXJ0ZWxlcy4KTG9zIGhhcyBwdWVzdG8gc2luIGxlZXJsb3MsIMK/bm8/
+qPvCQ,,SXMgdGhlcmUgYSBwcm9ibGVtPw==,,,,,SMOhIGFsZ3VtIHByb2JsZW1hPw==,,wr9IYXkgYWxnw7puIHByb2JsZW1hPw==
+6PvCQ,,W1J1bWluXQpJcyB0aGVyZSBhIHByb2JsZW0/IEFyZSB5b3UgYXNraW5nIG1lIGZvciBteSBvcGluaW9uPwpJbiB0aGF0IHNlbnNlLCB0aGVyZSBpcyBubyBwcm9ibGVtIGhlcmUuCkl0J3MgeW91ciBidXNpbmVzcywgbm90IG1pbmUu,,,,,W1J1bWluXQpIw6EgYWxndW0gcHJvYmxlbWE/IEVzdMOhIHBlZGluZG8gbWluaGEgb3BpbmnDo28/Ck5lc3NlIHNlbnRpZG8sIG7Do28gaMOhIHByb2JsZW1hIGFsZ3VtIGFxdWkuCk8gYXNzdW50byDDqSBzZXUsIG7Do28gbWV1Lg==,,W1J1bWluXQrCv0hheSBhbGfDum4gcHJvYmxlbWE/IMK/TWUgZXN0w6FzIHBpZGllbmRvIG1pIG9waW5pw7NuPwpFbiBlc2Ugc2VudGlkbywgbm8gaGF5IG5pbmfDum4gcHJvYmxlbWEuCkVzIGFzdW50byB0dXlvLCBubyBtw61vLg==
/KPvCQ,,W1J1bWluXQpIb3dldmVyLCB0aGlzIGlzIG5vdCBeNEQ0REZGQXJ1bmFmZWx0el4wMDAwMDAsIGl0J3MgXjRENERGRlJ1bmUgTWlkZ2FyZF4wMDAwMDAsIHNvIHRob3NlIHdpdGggcG93ZXIgbWF5IG5vdCBsaWtlIHRoaXMuCkFsbCB0aGluZ3MgY29uc2lkZXJlZCwgSSBzaG91bGQgcHV0IGFuIGVuZCB0byB0aGlzLi4u,,,,,W1J1bWluXQpObyBlbnRhbnRvLCBlc3RlIG7Do28gw6kgbyBeNEQ0REZGQXJ1bmFmZWx0el4wMDAwMDAsIMOpIG8gXjRENERGRlJ1bmUtTWlkZ2FyZF4wMDAwMDAsIHBvcnRhbnRvLCBhcXVlbGVzIGNvbSBwb2RlciBwb2RlbSBuw6NvIGdvc3RhciBkaXNzby4KQ29uc2lkZXJhbmRvIHRvZGFzIGFzIGNvaXNhcywgZXUgZGV2ZXJpYSBhY2FiYXIgY29tIGlzc28uLi4=,,W1J1bWluXQpTaW4gZW1iYXJnbywgZXN0byBubyBlcyBeNEQ0REZGQXJ1bmFmZWx0el4wMDAwMDAsIGVzIF40RDRERkZSdW5lIE1pZGdhcmReMDAwMDAwLCBhc8OtIHF1ZSBhIGFxdWVsbG9zIGNvbiBwb2RlciBwdWVkZSBxdWUgZXN0byBubyBsZXMgZ3VzdGUuCkNvbnNpZGVyYW5kbyB0b2RvLCBkZWJlcsOtYSBwb25lciBmaW4gYSBlc3RvLi4u
/aPvCQ,,W1J1bWluXQpCdXQsIHdlbGwsIHRpbWVzIGhhdmUgY2hhbmdlZC4KVGhlIGltcG9ydGFudCB0aGluZyBpcyBJIGhpZ2hseSByZXNwZWN0IHlvdXIgZGVjaXNpb24uCkNvbnRpbnVlIGlmIHlvdSB3aXNoIHRvIGRvIHNvLg==,,,,,W1J1bWluXQpNYXMsIGJlbSwgb3MgdGVtcG9zIG11ZGFyYW0uCk8gaW1wb3J0YW50ZSDDqSBxdWUgZXUgcmVzcGVpdG8gbXVpdG8gc3VhIGRlY2lzw6NvLgpDb250aW51ZSBzZSB2b2PDqiBxdWlzZXIu,,W1J1bWluXQpQZXJvLCBidWVubywgbG9zIHRpZW1wb3MgaGFuIGNhbWJpYWRvLgpMbyBpbXBvcnRhbnRlIGVzIHF1ZSByZXNwZXRvIG11Y2hvIHR1IGRlY2lzacOzbi4KQ29udGluw7phIHNpIGFzw60gbG8gZGVzZWFzLg==
/qPvCQ,,W1J1bWluXQpJZiBzb21ldGhpbmcgaGFwcGVucyBhcyBhIHJlc3VsdCBvZiBhbGwgdGhpcywKeW91J2xsIHJlbWVtYmVyIG1lIGZvciBzdXJlLgpIb3cgZm9ydHVuYXRlLg==,,,,,W1J1bWluXQpTZSBhbGdvIGFjb250ZWNlciBjb21vIHJlc3VsdGFkbyBkZSB0dWRvIGlzc28sCnZvY8OqIHNlIGxlbWJyYXLDoSBkZSBtaW0sIGNvbSBjZXJ0ZXphLgpRdWUgc29ydGUu,,W1J1bWluXQpTaSBhbGdvIHN1Y2VkZSBjb21vIHJlc3VsdGFkbyBkZSB0b2RvIGVzdG8sCnNlZ3VybyBxdWUgdGUgYWNvcmRhcsOhcyBkZSBtw60uClF1w6kgc3VlcnRlLg==
/6PvCQ,,W1J1bWluXQpHb29kIGx1Y2sgd2l0aCB5b3VyIHdvcmsu,,,,,W1J1bWluXQpCb2Egc29ydGUgY29tIHNldSB0cmFiYWxoby4=,,W1J1bWluXQpCdWVuYSBzdWVydGUgY29uIHN1IHRyYWJham8u
AKTvCQ,,WW91IGRlY2lkZSB0byB0YWtlIGEgbG9vayBhcm91bmQu,,,,,Vm9jw6ogZGVjaWRlIGRhciB1bWEgb2xoYWRhIGFvIHJlZG9yLg==,,RGVjaWRlcyBlY2hhciB1biB2aXN0YXpvLg==
AaTvCQ,,W1Byb250ZXJhIFNvbGRpZXJdCkhleSEgWW91IHRoZXJlISEKSSBrbmV3IHRoZSBjdWxwcml0IHdvdWxkIHZpc2l0IHRoZSBjcmltZSBzY2VuZSBhZ2FpbiEKWW91IGNhbid0IHJ1biBhd2F5IHRoaXMgdGltZSE=,,,,,W1NvbGRhZG8gZGUgUHJvbnRlcmFdCkVpISBWb2PDqiBhw60hISEKRXUgc2FiaWEgcXVlIG8gY3VscGFkbyBpcmlhIHZpc2l0YXIgYSBjZW5hIGRvIGNyaW1lIG5vdmFtZW50ZSEKVm9jw6ogbsOjbyBwb2RlIGZ1Z2lyIGRlc3RhIHZleiE=,,W1NvbGRhZG8gUHJvbnRlcmFdCsKhSGV5ISDCocKhRXN0YXMgYWjDrSEhCsKhU2Fiw61hIHF1ZSBlbCBjdWxwYWJsZSB2aXNpdGFyw61hIGxhIGVzY2VuYSBkZWwgY3JpbWVuIG90cmEgdmV6IQrCoUVzdGEgdmV6IG5vIHB1ZWRlcyBodWlyIQ==
AqTvCQ,,WW91IGhhdmUgYWxyZWFkeSBwdXQgdXAgbWFueSBwb3N0ZXJzIGhlcmUKYWJvdXQgaG93IHdlIHNob3VsZCBwcmFpc2UgdGhlIEdvZGRlc3MgRnJleWEu,,,,,Vm9jw6ogasOhIGNvbG9jb3UgbXVpdG9zIHDDtHN0ZXJlcyBhcXVpCnNvYnJlIGNvbW8gZGV2ZW1vcyBsb3V2YXIgYSBEZXVzYSBGcmV5YS4=,,WWEgaGFzIHB1ZXN0byBtdWNob3MgY2FydGVsZXMgYXF1w60Kc29icmUgY8OzbW8gZGViZW1vcyBhbGFiYXIgYSBsYSBEaW9zYSBGcmV5YS4=
A6TvCQ,,UnVtaW4=,,,,,UnVtaW4=,,UnVtaW4=
BKTvCQ,,WW91J3ZlIHB1dCBhIHBvc3RlciB1cC4KVGhlcmUgaXMgc3RpbGwgMSBwb3N0ZXIgbGVmdC4=,,,,,Vm9jw6ogY29sb2NvdSB1bSBww7RzdGVyLgpBaW5kYSByZXN0YSAxIHDDtHN0ZXIu,,SGFzIGNvbGdhZG8gdW4gY2FydGVsLgpUb2RhdsOtYSBxdWVkYSAxIGNhcnRlbC4=
BaTvCQ,,W1Byb250ZXJhIFNvbGRpZXJdCkhleSEgSXQgd2FzIHlvdSEKUHV0dGluZyB1cCBwb3N0ZXJzIGxpa2UgdGhlc2UgYXJvdW5kLgpZb3UnZCBiZXR0ZXIgY29tZSB3aXRoIHVzLg==,,,,,W1NvbGRhZG8gZGUgUHJvbnRlcmFdCkVpISBGb2kgdm9jw6ohCkNvbG9jYW5kbyBww7RzdGVyZXMgY29tbyBlc3NlcyBwb3IgYcOtLgrDiSBtZWxob3Igdm9jw6ogdmlyIGNvbm9zY28u,,W1NvbGRhZG8gUHJvbnRlcmFdCsKhSGV5ISDCoUZ1aXN0ZSB0w7ohClBvbmllbmRvIGNhcnRlbGVzIGNvbW8gZXN0b3MgcG9yIGFow60uClNlcsOhIG1lam9yIHF1ZSB2ZW5nYXMgY29uIG5vc290cm9zLg==
BqTvCQ,,VGhlcmUgbXVzdCBiZSBzb21lIGtpbmQgb2YgbWlzdW5kZXJzdGFuZGluZy4uLg==,,,,,RGV2ZSBoYXZlciBhbGd1bSB0aXBvIGRlIG1hbC1lbnRlbmRpZG8uLi4=,,RGViZSBoYWJlciBhbGfDum4gdGlwbyBkZSBtYWxlbnRlbmRpZG8uLi4=
B6TvCQ,,W1Byb250ZXJhIFNvbGRpZXJdCk1pc3VuZGVyc3RhbmRpbmc/IENvbWUsIGRpc2N1c3MgaXQgd2l0aCB1cy4KV2UgYXJlIHZlcnkgY3VyaW91cyBhcyB0byB3aHkgc3VjaCBwb3N0ZXJzIGFyZSBzdWRkZW5seSBhcHBlYXJpbmch,,,,,W1NvbGRhZG8gZGUgUHJvbnRlcmFdCk1hbC1lbnRlbmRpZG8/IFZlbmhhLCBkaXNjdXRhIGlzc28gY29ub3Njby4KRXN0YW1vcyBtdWl0byBjdXJpb3NvcyBwYXJhIHNhYmVyIHBvciBxdWUgZXNzZXMgcMO0c3RlcmVzIGVzdMOjbyBhcGFyZWNlbmRvIGRlIHJlcGVudGUh,,W1NvbGRhZG8gUHJvbnRlcmFdCsK/TWFsZW50ZW5kaWRvPyBWZW4sIGRpc2PDunRlbG8gY29uIG5vc290cm9zLgpUZW5lbW9zIG11Y2hhIGN1cmlvc2lkYWQgcG9yIHNhYmVyIHBvciBxdcOpIGFwYXJlY2VuIGRlIHJlcGVudGUgZXN0b3MgY2FydGVsZXMu
CKTvCQ,,TGVubw==,,,,,TGVubw==,,TGVubw==
CaTvCQ,,W0xlbm9dCllvdSBnb3QgY2F1Z2h0LCB0b28hCldoYXQgZGlkIHdlIGRvIHdyb25nIGluIHRoZSBmaXJzdCBwbGFjZT8KSSBkb24ndCB1bmRlcnN0YW5kIQ==,,,,,W0xlbm9dClZvY8OqcyB0YW1iw6ltIGZvcmFtIHBlZ29zIQpPIHF1ZSBmaXplbW9zIGRlIGVycmFkbyBlbSBwcmltZWlybyBsdWdhcj8KTsOjbyBlc3RvdSBlbnRlbmRlbmRvIQ==,,W0xlbm9dCsKhQSB0aSB0YW1iacOpbiB0ZSBwaWxsYXJvbiEKwr9RdcOpIGhpY2ltb3MgbWFsIGVuIHByaW1lciBsdWdhcj8KwqFObyBsbyBlbnRpZW5kbyE=
CqTvCQ,,QWguLi4gSnVzdCBsaWtlIHdoYXQgUnVtaW4gc2FpZC4=,,,,,QWguLi4gRXhhdGFtZW50ZSBjb21vIFJ1bWluIGRpc3NlLg==,,QWguLi4gSnVzdG8gbG8gcXVlIGRpam8gUnVtaW4u
C6TvCQ,,SSBoYXZlIGEgaHVuY2gu,,,,,VGVuaG8gdW0gcGFscGl0ZS4=,,VGVuZ28gdW5hIGNvcmF6b25hZGEu
DKTvCQ,,W0xlbm9dCldoYXQ/IFlvdSBrbm93IHNvbWV0aGluZywgZG9uJ3QgeW91PwpXaGF0IGV4YWN0bHkgZGlkIHdlIGRvIHdyb25nPw==,,,,,W0xlbm9dCk8gcXXDqj8gVm9jw6ogc2FiZSBkZSBhbGd1bWEgY29pc2EsIG7Do28gc2FiZT8KTyBxdWUgZXhhdGFtZW50ZSBmaXplbW9zIGRlIGVycmFkbz8=,,W0xlbm9dCsK/UXXDqT8gU2FiZXMgYWxnbywgwr92ZXJkYWQ/CsK/UXXDqSBoaWNpbW9zIG1hbCBleGFjdGFtZW50ZT8=
DaTvCQ,,W0xpbWUgRXZlbm9yXQpZb3UgaGF2ZSBkb25lIHdyb25nLg==,,,,,W0xlbm9yZV0KVm9jw6ogZmV6IGFsZ28gZXJyYWRvLg==,,W0xpbWUgRXZlbm9yXQpIYXMgaGVjaG8gbWFsLg==
DqTvCQ,,QXJlIHRoZXkgb25lIG9mIHlvdXJzPw==,,,,,RWxlIMOpIHVtIGRvcyBzZXVzPw==,,wr9Tb24gZGUgbG9zIHR1eW9zPw==
D6TvCQ,,WWVzLCB0aGF0J3MgY29ycmVjdC4gVGhleSBhcmUgbWVtYmVycyBvZiBFZGVuIEdyb3VwLg==,,,,,U2ltLCDDqSBpc3NvIG1lc21vLiBFbGVzIHPDo28gbWVtYnJvcyBkbyBHcnVwbyBkbyDDiWRlbi4=,,U8OtLCBlcyBjaWVydG8uIFNvbiBtaWVtYnJvcyBkZWwgR3J1cG8gZGVsIEVkw6luLg==
EKTvCQ,,UGxlYXNlIGV4cGxhaW4gdG8gdXMhIFdoeSBhcmUgd2UgaGVyZT8=,,,,,UG9yIGZhdm9yLCBleHBsaXF1ZS1ub3MhIFBvciBxdWUgZXN0YW1vcyBhcXVpPw==,,UG9yIGZhdm9yLCDCoWV4cGzDrXF1ZW5vc2xvISDCv1BvciBxdcOpIGVzdGFtb3MgYXF1w60/
EaTvCQ,,WW91IHNob3VsZCBoYXZlIGdvbmUgdG8gdGhlIGNodXJjaCByaWdodCBhd2F5LCB3aHkgZGlkIHlvdSBoYXZlIHRvIGdldCB3cmFwcGVkIHVwIGluIGFsbCB0aGlzLi4u,,,,,Vm9jw6ogZGV2ZXJpYSB0ZXIgaWRvIMOgIGlncmVqYSBpbWVkaWF0YW1lbnRlLCBwb3IgcXVlIHRldmUgcXVlIHNlIGVudm9sdmVyIGVtIHR1ZG8gaXNzby4uLg==,,RGViZXLDrWFzIGhhYmVyIGlkbyBhIGxhIGlnbGVzaWEgZGUgaW5tZWRpYXRvLCDCv3BvciBxdcOpIHR1dmlzdGUgcXVlIGVudm9sdmVydGUgZW4gdG9kbyBlc3RvLi4u
EqTvCQ,,QWxsIHRoaXM/,,,,,VHVkbyBpc3NvPw==,,wr9Ub2RvIGVzdG8/
E6TvCQ,,WW91IG1lYW4gdGhlIHBvc3RlcnM/,,,,,RXN0w6Egc2UgcmVmZXJpbmRvIGFvcyBww7RzdGVyZXM/,,wr9UZSByZWZpZXJlcyBhIGxvcyBjYXJ0ZWxlcz8=
FKTvCQ,,W01lcmljXQpZZXMuClRoZSBwb3N0ZXJzIHlvdSB0d28gd2VyZSBwdXR0aW5nIHVwIGFyb3VuZCBQcm9udGVyYSwKd2VyZSBzb21ldGhpbmcgdGhlIEdvZGRlc3MgRm9sbG93ZXIgRmFuYXRpY3MgZnJvbSBBcnVuYWZlbHR6IHVzZWQgdG8gaGFuZCBvdXQgbG9uZyBhZ28u,,,,,W01lcmljXQpTaW0uCk9zIGNhcnRhemVzIHF1ZSB2b2PDqnMgZG9pcyBlc3RhdmFtIGNvbG9jYW5kbyBlbSBQcm9udGVyYSwKZXJhbSBhbGdvIHF1ZSBvcyBmYW7DoXRpY29zIHNlZ3VpZG9yZXMgZGEgRGV1c2EgZGUgQXJ1bmFmZWx0eiBjb3N0dW1hdmFtIGRpc3RyaWJ1aXIgaMOhIG11aXRvIHRlbXBvLg==,,W01lcmljXQpTw60uCkxvcyBjYXJ0ZWxlcyBxdWUgdXN0ZWRlcyBkb3MgZXN0YWJhbiBwb25pZW5kbyBhbHJlZGVkb3IgZGUgUHJvbnRlcmEsCmVyYW4gYWxnbyBxdWUgbG9zIGZhbsOhdGljb3Mgc2VndWlkb3JlcyBkZSBsYSBEaW9zYSBkZSBBcnVuYWZlbHR6IHNvbMOtYW4gcmVwYXJ0aXIgaGFjZSBtdWNobyB0aWVtcG8u
FaTvCQ,,W01lcmljXQpPdXIgS2luZ2RvbSBiZWxpZXZlcyBpbiBPZGluLCBhbmQgQXJ1bmFmZWx0eiBiZWxpZXZlcyBpbiB0aGUgR29kZGVzcyBGcmV5YS4KV2UgYXJlIGhvc3RpbGUgdG8gZWFjaCBvdGhlciwgYW5kIHRoaXMgaXMgYW4gZXh0cmVtZWx5IHNlbnNpdGl2ZSBtYXR0ZXIu,,,,,W01lcmljXQpOb3NzbyByZWlubyBhY3JlZGl0YSBlbSBPZGluLCBlIEFydW5hZmVsdHogYWNyZWRpdGEgbmEgRGV1c2EgRnJleWEuClNvbW9zIGhvc3RpcyB1bnMgYW9zIG91dHJvcywgZSBlc3NlIMOpIHVtIGFzc3VudG8gZXh0cmVtYW1lbnRlIGRlbGljYWRvLg==,,W01lcmljXQpOdWVzdHJvIFJlaW5vIGNyZWUgZW4gT2TDrW4sIHkgQXJ1bmFmZWx0eiBjcmVlIGVuIGxhIERpb3NhIEZyZXlhLgpTb21vcyBob3N0aWxlcyBlbnRyZSBub3NvdHJvcywgeSBlc3RlIGVzIHVuIGFzdW50byBleHRyZW1hZGFtZW50ZSBkZWxpY2Fkby4=
FqTvCQ,,W01lcmljXQpUaGUgR29kZGVzcyBGb2xsb3dlciBGYW5hdGljcyB1c2VkIHRvIGVudGVyIG91ciBraW5nZG9tIGEgbG9uZyB0aW1lIGFnbyB0byBicmluZyBjaGFvcywKYW5kIHRoZSBjbGFpbXMgdGhleSB1c2VkIHRvIHByZWFjaCBhYm91dCBGcmV5YSwgd2VyZS4uLg==,,,,,W01lcmljXQpPcyBmYW7DoXRpY29zIHNlZ3VpZG9yZXMgZGEgRGV1c2EgY29zdHVtYXZhbSBlbnRyYXIgZW0gbm9zc28gcmVpbm8gaMOhIG11aXRvIHRlbXBvIHBhcmEgdHJhemVyIG8gY2FvcywKZSBhcyBhbGVnYcOnw7VlcyBxdWUgZWxlcyBjb3N0dW1hdmFtIHByZWdhciBzb2JyZSBGcmV5YSBlcmFtLi4u,,W01lcmljXQpMb3MgRmFuw6F0aWNvcyBTZWd1aWRvcmVzIGRlIGxhIERpb3NhIHNvbMOtYW4gZW50cmFyIGVuIG51ZXN0cm8gcmVpbm8gaGFjZSBtdWNobyB0aWVtcG8gcGFyYSB0cmFlciBlbCBjYW9zLAp5IGxhcyBhZmlybWFjaW9uZXMgcXVlIHNvbMOtYW4gcHJlZGljYXIgc29icmUgRnJleWEsIGVyYW4uLi4=
F6TvCQ,,W0xlbm9dClRoYXQgd2FzIG9uIHRoZSBwb3N0ZXJzIHdlIHB1dCB1cD8KVGhlbiB0aGF0IEdvZGRlc3MgRm9sbG93ZXIgdHJpY2tlZCB1cyE=,,,,,W0xlbm9dCklzc28gZXN0YXZhIG5vcyBww7RzdGVyZXMgcXVlIGNvbG9jYW1vcz8KRW50w6NvIGFxdWVsYSBzZWd1aWRvcmEgZGEgRGV1c2Egbm9zIGVuZ2Fub3Uh,,W0xlbm9dCsK/RXNvIGVzdGFiYSBlbiBsb3MgY2FydGVsZXMgcXVlIHB1c2ltb3M/CsKhRW50b25jZXMgZXNlIFNlZ3VpZG9yIGRlIGxhIERpb3NhIG5vcyBlbmdhw7HDsyE=
GKTvCQ,,W0xpbWUgRXZlbm9yXQpZZXMuIEknbGwgbmVlZCB0byBwdWxsIHNvbWUgc3RyaW5ncyB0byBwcm92ZSB5b3VyIGlubm9jZW5jZS4KV2h5IGRpZCB5b3UgdGFrZSB1cCBhbnl0aGluZyBvdGhlciB0aGFuIEVkZW4gR3JvdXAtY2VydGlmaWVkIHF1ZXN0cz8=,,,,,W1NpbS5dClNpbS4gUHJlY2lzYXJlaSBtZXhlciBhbGd1bnMgcGF1emluaG9zIHBhcmEgcHJvdmFyIHN1YSBpbm9jw6puY2lhLgpQb3IgcXVlIHZvY8OqIHNlIGRlZGljb3UgYSBvdXRyYXMgbWlzc8O1ZXMgcXVlIG7Do28gYXMgY2VydGlmaWNhZGFzIHBlbG8gR3J1cG8gZG8gw4lkZW4/,,W0xpbWUgRXZlbm9yXQpTw60uIE5lY2VzaXRhcsOpIG1vdmVyIGFsZ3Vub3MgaGlsb3MgcGFyYSBwcm9iYXIgdHUgaW5vY2VuY2lhLgrCv1BvciBxdcOpIGFjZXB0YXN0ZSBvdHJhIGNvc2EgcXVlIG5vIGZ1ZXJhbiBtaXNpb25lcyBjZXJ0aWZpY2FkYXMgcG9yIGVsIEdydXBvIGRlbCBFZMOpbj8=
GaTvCQ,,W0xlbm9dClRoZSBBZHZlbnR1cmVycycgR3VpbGQgaXMgd2hlcmUgeW91J3JlIHN1cHBvc2VkIHRvIHRha2UgcXVlc3RzIGZyb20gdGhvc2UgaW4gbmVlZC4KV2UganVzdCBkaWQgd2hhdCB3ZSB3ZXJlIHRhdWdodC4=,,,,,W0xlbm9dCkEgQWNhZGVtaWEgQ3JpYXR1cmEgw6kgb25kZSB2b2PDqiBkZXZlIGFjZWl0YXIgbWlzc8O1ZXMgZGUgcXVlbSBwcmVjaXNhLgpOw7NzIGFwZW5hcyBmaXplbW9zIG8gcXVlIG5vcyBmb2kgZW5zaW5hZG8u,,W0xlbm9dCkVsIEdyZW1pbyBkZSBBdmVudHVyZXJvcyBlcyBkb25kZSBzZSBzdXBvbmUgcXVlIGFjZXB0YXMgbWlzaW9uZXMgZGUgbG9zIG5lY2VzaXRhZG9zLgpTw7NsbyBoaWNpbW9zIGxvIHF1ZSBub3MgZW5zZcOxYXJvbi4=
GqTvCQ,,W01lcmljXQpIYWhhLi4uIFdlbGwsIGluIGFueSBjYXNlLCBJJ20gY2VydGFpbiB0aGF0IHlvdSB0d28gd2VyZSBtZXJlbHkgdHJpY2tlZCBieSBzb21lIHN0cmFuZ2UgbWFuLgpSZXN0IGFzc3VyZWQgdGhhdCB0aGUgRWRlbiBHcm91cCB3aWxsIGRvIHdoYXQgaXQgY2FuIHRvIGNsZWFyIHlvdXIgZ29vZCBuYW1lcy4=,,,,,W01lcmljXQpIYWhhLi4uIEJlbSwgZW0gdG9kbyBjYXNvLCB0ZW5obyBjZXJ0ZXphIGRlIHF1ZSB2b2PDqnMgZG9pcyBmb3JhbSBhcGVuYXMgZW5nYW5hZG9zIHBvciB1bSBob21lbSBlc3RyYW5oby4KVGVuaGFtIGNlcnRlemEgZGUgcXVlIG8gR3J1cG8gZG8gw4lkZW4gZmFyw6EgbyBwb3Nzw612ZWwgcGFyYSBsaW1wYXIgc2V1cyBib25zIG5vbWVzLg==,,W01lcmljXQpKYWphLi4uIEJ1ZW5vLCBlbiBjdWFscXVpZXIgY2FzbywgZXN0b3kgc2VndXJvIGRlIHF1ZSB2b3NvdHJvcyBkb3Mgc2ltcGxlbWVudGUgZnVpc3RlaXMgZW5nYcOxYWRvcyBwb3IgdW4gaG9tYnJlIGV4dHJhw7FvLgpUZW5lZCBwb3Igc2VndXJvIHF1ZSBlbCBHcnVwbyBkZWwgRWTDqW4gaGFyw6EgbG8gcXVlIHB1ZWRhIHBhcmEgbGltcGlhciB2dWVzdHJvcyBidWVub3Mgbm9tYnJlcy4=
G6TvCQ,,W01lcmljXQpOb3csIHRoZSBxdWVzdGlvbiBpcyB3aHkgYSBHb2RkZXNzIEZvbGxvd2VyIHdvdWxkIGFwcGVhciBub3cgb2YgYWxsIHRpbWVzLi4uCldlIGdvdCByaWQgb2YgbW9zdCBvZiB0aGVtIHRoYXQgaW5maWx0cmF0ZWQgb3VyIGtpbmdkb20uLi4=,,,,,W01lcmljXQpBZ29yYSwgYSBxdWVzdMOjbyDDqSBwb3IgcXVlIHVtIFNlZ3VpZG9yIGRhIERldXNhIGFwYXJlY2VyaWEgYWdvcmEsIGRlIHRvZGFzIGFzIHZlemVzLi4uCk7Ds3Mgbm9zIGxpdnJhbW9zIGRhIG1haW9yaWEgZGVsZXMgcXVlIHNlIGluZmlsdHJvdSBlbSBub3NzbyByZWluby4uLg==,,W01lcmljXQpBaG9yYSwgbGEgcHJlZ3VudGEgZXMgcG9yIHF1w6kgdW4gU2VndWlkb3IgZGUgbGEgRGlvc2EgYXBhcmVjZXLDrWEgcHJlY2lzYW1lbnRlIGFob3JhLi4uCk5vcyBkZXNoaWNpbW9zIGRlIGxhIG1heW9yw61hIGRlIGxvcyBxdWUgc2UgaW5maWx0cmFyb24gZW4gbnVlc3RybyByZWluby4uLg==
HKTvCQ,,W01lcmljXQpZb3UgYXJlIG5vdyBmcmVlIHRvIGdvLg==,,,,,W01lcmljXQpBZ29yYSB2b2PDqiBlc3TDoSBsaXZyZSBwYXJhIGlyLg==,,W01lcmljXQpBaG9yYSBlcmVzIGxpYnJlIGRlIGlydGUu
HaTvCQ,,W0xpbWUgRXZlbm9yXQpQbGVhc2UgZ28gc3RyYWlnaHQgdG8gXjRENERGRlByb250ZXJhIENodXJjaF4wMDAwMDAsIG5vdCBhbnl3aGVyZSBlbHNlLgpeNEQ0REZGQWNvbHl0ZSBSb2FtXjAwMDAwMCB3aWxsIGJlIHdhaXRpbmcgZm9yIHlvdSB0aGVyZS4=,,,,,W0xlbm9yZV0KUG9yIGZhdm9yLCB2w6EgZGlyZXRvIHBhcmEgXjRENERGRkNhdGVkcmFsIGRlIFByb250ZXJhXjAwMDAwMCwgbsOjbyBwYXJhIHF1YWxxdWVyIG91dHJvIGx1Z2FyLgpBIF40RDRERkZOb3Zpw6dhIFJvYW1eMDAwMDAwIGVzdGFyw6EgZXNwZXJhbmRvIHBvciB2b2PDqiBsw6Eu,,W0xpbWUgRXZlbm9yXQpQb3IgZmF2b3IsIHZlIGRpcmVjdGFtZW50ZSBhIF40RDRERkZJZ2xlc2lhIFByb250ZXJhXjAwMDAwMCwgbm8gYSBuaW5nw7puIG90cm8gc2l0aW8uCl40RDRERkZMYSBBY8OzbGl0YSBSb2FtXjAwMDAwMCB0ZSBlc3RhcsOhIGVzcGVyYW5kbyBhbGzDrS4=
HqTvCQ,,W01lcmljXQpBaCEgWW91IG11c3QgYmUgTGVubywgcmlnaHQ/ClBsZWFzZSBzdGF5IGJlaGluZCwgTGVubywgd2UgaGF2ZSBzb21lIHRoaW5ncyB3ZSBuZWVkIHRvIGFzayB5b3Uu,,,,,W01lcmljXQpBaCEgVm9jw6ogZGV2ZSBzZXIgbyBMZW5vLCBjZXJ0bz8KUG9yIGZhdm9yLCBmaXF1ZSBwYXJhIHRyw6FzLCBMZW5vLCB0ZW1vcyBhbGd1bWFzIGNvaXNhcyBxdWUgcHJlY2lzYW1vcyBsaGUgcGVyZ3VudGFyLg==,,W01lcmljXQrCoUFoISBUw7ogZGViZXMgc2VyIExlbm8sIMK/dmVyZGFkPwpQb3IgZmF2b3IsIHF1w6lkYXRlIGF0csOhcywgTGVubywgdGVuZW1vcyBhbGd1bmFzIGNvc2FzIHF1ZSBwcmVndW50YXJ0ZS4=
H6TvCQ,,W0xlbm9dCldoYXQsIHdoeT8KWW91IHNhaWQgd2Ugd2VyZSBmcmVlIHRvIGdvIQ==,,,,,W0xlbm9dCk8gcXXDqiwgcG9yIHF1w6o/ClZvY8OqIGRpc3NlIHF1ZSBlc3TDoXZhbW9zIGxpdnJlcyBwYXJhIGlyIQ==,,W0xlbm9dCsK/UXXDqSwgcG9yIHF1w6k/CsKhRGlqaXN0ZSBxdWUgw6lyYW1vcyBsaWJyZXMgZGUgaXJub3Mh
IKTvCQ,,W01lcmljXQpZb3Ugd2VyZSB0aGUgb25lIHdobyBnb3QgdGhlIGpvYiBmcm9tIHRoZSBeNEQ0REZGR29kZGVzcyBGb2xsb3dlcl4wMDAwMDAuClNvIHdlJ3JlIGFza2luZyBmb3IgeW91ciBjb29wZXJhdGlvbiB3aXRoIGZ1cnRoZXIgaW52ZXN0aWdhdGlvbnMu,,,,,W01lcmljXQpGb2kgdm9jw6ogcXVlbSByZWNlYmV1IG8gdHJhYmFsaG8gZG8gXjRENERGRlNlZ3VpZG9yIGRhIERldXNhXjAwMDAwMC4KUG9yIGlzc28sIHBlZGltb3Mgc3VhIGNvb3BlcmHDp8OjbyBlbSBvdXRyYXMgaW52ZXN0aWdhw6fDtWVzLg==,,W01lcmljXQpGdWlzdGUgdMO6IHF1aWVuIGNvbnNpZ3Vpw7MgZWwgdHJhYmFqbyBkZWwgXjRENERGRlNlZ3VpZG9yIGRlIGxhIERpb3NhXjAwMDAwMC4KQXPDrSBxdWUgdGUgcGVkaW1vcyB0dSBjb29wZXJhY2nDs24gcGFyYSBmdXR1cmFzIGludmVzdGlnYWNpb25lcy4=
IaTvCQ,,W0xpbWUgRXZlbm9yXQpSaWdodC4gTGV0IHswfSB0YWtlIGNhcmUgb2YgdGhlIHF1ZXN0IGZyb20gUHJvbnRlcmEgQ2h1cmNoLgpMZW5vLCBwbGVhc2Ugc3RheSBoZXJlIGFuZCBjb29wZXJhdGUgd2l0aCB0aGUgaW52ZXN0aWdhdGlvbi4=,,,,,W0xlbm9yZV0KQ2VydG8uIERlaXhlIHswfSBjdWlkYXIgZGEgbWlzc8OjbyBkYSBDYXRlZHJhbCBkZSBQcm9udGVyYS4KTGVubywgcG9yIGZhdm9yLCBmaXF1ZSBhcXVpIGUgY29sYWJvcmUgY29tIGEgaW52ZXN0aWdhw6fDo28u,,W0xpbWUgRXZlbm9yXQpCaWVuLiBEZWphIHF1ZSB7MH0gc2UgZW5jYXJndWUgZGUgbGEgYsO6c3F1ZWRhIGRlIGxhIElnbGVzaWEgUHJvbnRlcmEuCkxlbm8sIHBvciBmYXZvciBxdcOpZGF0ZSBhcXXDrSB5IGNvb3BlcmEgY29uIGxhIGludmVzdGlnYWNpw7NuLg==
IqTvCQ,,QWguLi4gQWxyaWdodC4gSSdsbCBoZWxwLg==,,,,,QWguLi4gVHVkbyBiZW0uIEV1IGFqdWRhcmVpLg==,,QWguLi4gRGUgYWN1ZXJkby4gVGUgYXl1ZGFyw6ku
I6TvCQ,,W01lcmljXQpUaGVuIHswfSwgcGxlYXNlIGNvbWUgb3V0IHRoaXMgd2F5LgpUaGFuayB5b3UgZm9yIHlvdXIgY29vcGVyYXRpb24u,,,,,W01lcmljXQpFbnTDo28gezB9LCBwb3IgZmF2b3IsIHNhaWEgcG9yIGFxdWkuCk9icmlnYWRvIHBvciBzdWEgY29vcGVyYcOnw6NvLg==,,W01lcmljXQpFbnRvbmNlcyB7MH0sIHBvciBmYXZvciBzYWxnYSBwb3IgYXF1w60uCkdyYWNpYXMgcG9yIHN1IGNvb3BlcmFjacOzbi4=
JKTvCQ,,W01lcmljXQpZb3UgYXJlIG5vdyBmcmVlIHRvIGdvLgpJIG1pZ2h0IGhhdmUgdG8gYXNrIGZvciB5b3VyIGFzc2lzdGFuY2UgYWdhaW4gZGVwZW5kaW5nIG9uIGhvdyB0aGUgaW52ZXN0aWdhdGlvbiB1bmZvbGRzLg==,,,,,W01lcmljXQpBZ29yYSB2b2PDqiBlc3TDoSBsaXZyZSBwYXJhIGlyLgpUYWx2ZXogZXUgdGVuaGEgcXVlIHBlZGlyIHN1YSBhanVkYSBub3ZhbWVudGUsIGRlcGVuZGVuZG8gZGUgY29tbyBhIGludmVzdGlnYcOnw6NvIHNlIGRlc2Vucm9sYXIu,,W01lcmljXQpZYSBwdWVkZXMgaXJ0ZS4KUHVlZGUgcXVlIHRlbmdhIHF1ZSBwZWRpcnRlIGF5dWRhIGRlIG51ZXZvIGRlcGVuZGllbmRvIGRlIGPDs21vIHNlIGRlc2Fycm9sbGUgbGEgaW52ZXN0aWdhY2nDs24u
JaTvCQ,,W01lcmljXQpUaGUgd2F5IG91dD8KVGhhdCdzIHJpZ2h0LiBZb3UgbXVzdCBub3QgYmUgZmFtaWxpYXIgd2l0aCB0aGUgaW5uZXIgY2FzdGxlIHlldC4=,,,,,W01lcmljXQpBIHNhw61kYT8Kw4kgaXNzbyBtZXNtby4gVm9jw6ogYWluZGEgbsOjbyBkZXZlIGVzdGFyIGZhbWlsaWFyaXphZG8gY29tIG8gaW50ZXJpb3IgZG8gY2FzdGVsby4=,,W01lcmljXQrCv0xhIHNhbGlkYT8KQXPDrSBlcy4gTm8gZGViZXMgZXN0YXIgZmFtaWxpYXJpemFkbyBjb24gZWwgY2FzdGlsbG8gaW50ZXJpb3IgdG9kYXbDrWEu
JqTvCQ,,W01lcmljXQpJJ2xsIHRha2UgeW91IG91dHNpZGUgb2YgUHJvbnRlcmEgUGFsYWNlLgpTaGFsbCB3ZSBnbywgdGhlbj8=,,,,,W01lcmljXQpFdSBvIGxldmFyZWkgcGFyYSBmb3JhIGRvIFBhbMOhY2lvIGRlIFByb250ZXJhLgpWYW1vcyBsw6EsIGVudMOjbz8=,,W01lcmljXQpUZSBsbGV2YXLDqSBmdWVyYSBkZWwgUGFsYWNpbyBQcm9udGVyYS4Kwr9WYW1vcywgZW50b25jZXM/
J6TvCQ,,WWVzIHBsZWFzZS4=,,,,,U2ltLCBwb3IgZmF2b3Iu,,U8OtLCBwb3IgZmF2b3Iu
KKTvCQ,,SSB3aWxsIGdvIGJ5IG15c2VsZi4=,,,,,SXJlaSBzb3ppbmhvLg==,,SXLDqSBzb2xvLg==
KaTvCQ,,W01lcmljXQpUaGVuLCB0aGlzIHdheSBwbGVhc2Uu,,,,,W01lcmljXQpFbnTDo28sIHBvciBhcXVpLCBwb3IgZmF2b3Iu,,W01lcmljXQpFbnRvbmNlcywgcG9yIGFxdcOtIHBvciBmYXZvci4=
KqTvCQ,,W01lcmljXQpCZSBjYXJlZnVsIG5vdCB0byBnZXQgbG9zdC4=,,,,,W01lcmljXQpDdWlkYWRvIHBhcmEgbsOjbyBzZSBwZXJkZXIu,,W01lcmljXQpUZW4gY3VpZGFkbyBkZSBubyBwZXJkZXJ0ZS4=
K6TvCQ,,W0xlbm9dCkknbSBzb3JyeSB0aGluZ3MgdHVybmVkIG91dCBsaWtlIHRoaXMuCkkgdGhvdWdodCB0aGlzIHdvdWxkIGJlIGdvb2QgZm9yIHRoZSBib3RoIG9mIHVzLi4uClNpZ2guLg==,,,,,W0xlbm9dClNpbnRvIG11aXRvIHF1ZSBhcyBjb2lzYXMgdGVuaGFtIGFjYWJhZG8gYXNzaW0uCkFjaGVpIHF1ZSBpc3NvIHNlcmlhIGJvbSBwYXJhIG7Ds3MgZG9pcy4uLgpTdXNwaXJvLi4u,,W0xlbm9dClNpZW50byBxdWUgbGFzIGNvc2FzIGhheWFuIGFjYWJhZG8gYXPDrS4KUGVuc8OpIHF1ZSBlc3RvIHNlcsOtYSBidWVubyBwYXJhIGxvcyBkb3MuLi4KU2lnaC4u
LKTvCQ,,S25pZ2h0IE1lcmlj,,,,,Q2F2YWxlaXJhIE1lcmlj,,Q2FiYWxsZXJhIE1lcmlj
LaTvCQ,,TGltZSBFdmVub3I=,,,,,TGVub3Jl,,Q2FsIEV2ZW5vcg==
LqTvCQ,,W0xpbWUgRXZlbm9yXQouLi5OZXh0IHRpbWUsIEkgcHJheSB0aGF0IEkgd2lsbCBub3QgaGF2ZSB0byBsZWF2ZSBteSBzdGF0aW9uIGZvciBtYXR0ZXJzIHN1Y2ggYXMgdGhpcy4KSSdtIGEgdmVyeSBidXN5IG1hbi4=,,,,,W0xlbm9yZV0KLi4uRGEgcHLDs3hpbWEgdmV6LCByZXpvIHBhcmEgcXVlIGV1IG7Do28gdGVuaGEgcXVlIGRlaXhhciBtaW5oYSBlc3Rhw6fDo28gcGFyYSBhc3N1bnRvcyBjb21vIGVzc2UuClNvdSBhIHBlc3NvYSBtdWl0byBvY3VwYWRhLg==,,W0xpbWUgRXZlbm9yXQouLi5MYSBwcsOzeGltYSB2ZXosIHJ1ZWdvIG5vIHRlbmVyIHF1ZSBhYmFuZG9uYXIgbWkgcHVlc3RvIHBvciBhc3VudG9zIGNvbW8gw6lzdGUuClNveSB1biBob21icmUgbXV5IG9jdXBhZG8u
L6TvCQ,,QWNvbHl0ZSBSb2Ft,,,,,Tm92acOnYSBSb2Ft,,QWPDs2xpdGEgUm9hbQ==
MKTvCQ,,W1JvYW1dCkFyZSB5b3UgZnJvbSB0aGUgRWRlbiBHcm91cD8KSSBoZWFyZCB0aGF0IHNvbWV0aGluZyB1bmV4cGVjdGVkIG9jY3VycmVkIG9uIHlvdXIgd2F5IGhlcmUuLi4KRG8geW91IHRoaW5rIHlvdSB3aWxsIGJlIGFibGUgdG8gdGFrZSB0aGlzIGpvYiBpbW1lZGlhdGVseT8=,,,,,W1JvYW1dClZvY8OqIMOpIGRvIEdydXBvIGRvIMOJZGVuPwpPdXZpIGRpemVyIHF1ZSBhbGdvIGluZXNwZXJhZG8gYWNvbnRlY2V1IGVtIHNldSBjYW1pbmhvIHBhcmEgY8OhLi4uClZvY8OqIGFjaGEgcXVlIHBvZGVyw6EgYWNlaXRhciBlc3NlIHRyYWJhbGhvIGltZWRpYXRhbWVudGU/,,W1JvYW1dCsK/RXJlcyBkZWwgR3J1cG8gZGVsIEVkw6luPwpIZSBvw61kbyBxdWUgaGEgb2N1cnJpZG8gYWxnbyBpbmVzcGVyYWRvIGVuIHR1IGNhbWlubyBoYWNpYSBhcXXDrS4uLgrCv0NyZWVzIHF1ZSBzZXLDoXMgY2FwYXogZGUgdG9tYXIgZXN0ZSB0cmFiYWpvIGlubWVkaWF0YW1lbnRlPw==
MaTvCQ,,T2theSwgbGV0J3MgYmVnaW4u,,,,,TXVpdG8gYmVtLCB2YW1vcyBjb21lw6dhci4=,,QmllbiwgZW1wZWNlbW9zLg==
MqTvCQ,,W1JvYW1dClRoaXMgd2lsbCBiZSBhIHBpZWNlIG9mIGNha2UgZm9yIHlvdSwgQWR2ZW50dXJlci4KSXQncyBhYm91dCBjbGVhcmluZyBvdXQgdGhlIGZpZWxkIG91dHNpZGUgb2YgdGhlIGVhc3QgZ2F0ZSBvZiBQcm9udGVyYSBoZXJlLg==,,,,,W1JvYW1dCklzc28gc2Vyw6EgbXVpdG8gZsOhY2lsIHBhcmEgdm9jw6osIEF2ZW50dXJlaXJvLgpUcmF0YS1zZSBkZSBsaW1wYXIgbyBjYW1wbyBmb3JhIGRvIHBvcnTDo28gbGVzdGUgZGUgUHJvbnRlcmEgYXF1aS4=,,W1JvYW1dCkVzdG8gc2Vyw6EgcGFuIGNvbWlkbyBwYXJhIHRpLCBBdmVudHVyZXJvLgpTZSB0cmF0YSBkZSBsaW1waWFyIGVsIGNhbXBvIGZ1ZXJhIGRlIGxhIHB1ZXJ0YSBlc3RlIGRlIFByb250ZXJhIGFxdcOtLg==
M6TvCQ,,W1JvYW1dClRoZSBlYXN0IGdhdGUgaXMgbm90IGZhciBmcm9tIGhlcmUsIHNvIHNvbWV0aW1lcyBjaGlsZHJlbiBhcmUgaW52b2x2ZWQgaW4gYWNjaWRlbnRzIHdoZW4gdGhleSBnbyBvdXQgdG8gcGxheS4=,,,,,W1JvYW1dCk8gcG9ydMOjbyBsZXN0ZSBuw6NvIGZpY2EgbG9uZ2UgZGFxdWksIGVudMOjbyDDoHMgdmV6ZXMgYXMgY3JpYW7Dp2FzIHNlIGVudm9sdmVtIGVtIGFjaWRlbnRlcyBxdWFuZG8gc2FlbSBwYXJhIGJyaW5jYXIu,,W1JvYW1dCkxhIHB1ZXJ0YSBlc3RlIG5vIGVzdMOhIGxlam9zIGRlIGFxdcOtLCBwb3IgbG8gcXVlIGEgdmVjZXMgbG9zIG5pw7FvcyBzdWZyZW4gYWNjaWRlbnRlcyBjdWFuZG8gc2FsZW4gYSBqdWdhci4=
NKTvCQ,,W1JvYW1dCkZvciBub3csIEkgd2FudCB5b3UgdG8gY2xlYXIgb3V0IHRoZSBtb25zdGVycyBpbiB0aGUgXjRENERGRmZpZWxkIG91dHNpZGUgb2YgdGhlIGVhc3QgZ2F0ZV4wMDAwMDAu,,,,,W1JvYW1dClBvciBlbnF1YW50bywgcXVlcm8gcXVlIHZvY8OqIGVsaW1pbmUgb3MgbW9uc3Ryb3Mgbm8gY2FtcG8gXjRENERGRiBmb3JhIGRvIHBvcnTDo28gbGVzdGVeMDAwMDAwLg==,,W1JvYW1dClBvciBhaG9yYSwgcXVpZXJvIHF1ZSBlbGltaW5lcyBhIGxvcyBtb25zdHJ1b3MgZW4gZWwgY2FtcG8gXjRENERGRiBmdWVyYSBkZSBsYSBwdWVydGEgZXN0ZV4wMDAwMDAu
NaTvCQ,,W1JvYW1dClRoZXJlIGFyZSBeNEQ0REZGIEx1bmF0aWNzXjAwMDAwMCBhbmQgXjRENERGRkZhYnJlc14wMDAwMDAuCkZhYnJlIG9mdGVuIG11dGF0ZXMgaW50byBDcmVhbXksIHNvIHRoZSBraWRzIHdobyBkb24ndCBrbm93IGFueSBiZXR0ZXIgb2Z0ZW4gcnVuIHVwIHRvIHBsYXkgd2l0aCB0aGVtLCBhbmQsIHdlbGwuLi4=,,,,,W1JvYW1dCkjDoSBeNEQ0REZGIEx1bsOhdGljb3NeMDAwMDAwIGUgXjRENERGRkZhYnJlc14wMDAwMDAuCk9zIEZhYnJlcyBmcmVxdWVudGVtZW50ZSBzZSB0cmFuc2Zvcm1hbSBlbSBDcmVtb3NvcywgZW50w6NvIGFzIGNyaWFuw6dhcyBxdWUgbsOjbyBzYWJlbSBvIHF1ZSBmYXplciBjb3JyZW0gcGFyYSBicmluY2FyIGNvbSBlbGVzIGUsIGJlbS4uLg==,,W1JvYW1dCkhheSBeNEQ0REZGIEx1bsOhdGljb3NeMDAwMDAwIHkgXjRENERGRkZhYnJlc14wMDAwMDAuCkZhYnJlIGEgbWVudWRvIG11dGEgZW4gQ3JlbW9zbywgcG9yIGxvIHF1ZSBsb3MgbmnDsW9zIHF1ZSBubyBzYWJlbiBuYWRhIG1lam9yIGEgbWVudWRvIGNvcnJlbiBhIGp1Z2FyIGNvbiBlbGxvcywgeSwgYnVlbm8uLi4=
NqTvCQ,,W1JvYW1dClRoYW5rIHlvdSBmb3IgeW91ciBhc3Npc3RhbmNlLg==,,,,,W1JvYW1dCk9icmlnYWRvIHBvciBzdWEgYWp1ZGEu,,W1JvYW1dCkdyYWNpYXMgcG9yIHN1IGF5dWRhLg==
N6TvCQ,,W1JvYW1dCkFoLCBBZHZlbnR1cmVyLCB5b3UncmUgYmFjayEKSSdtIHNvcnJ5IGZvciBzdWNoIHNob3J0IG5vdGljZSwgYnV0IGNhbiB5b3UgaGVscCB1cyBmaW5kIHRoZSBraWRzIGZyb20gdGhlIGNodXJjaD8=,,,,,W1JvYW1dCkFoLCBBdmVudHVyZWlybywgdm9jw6ogZXN0w6EgZGUgdm9sdGEhCkRlc2N1bHBlLW1lIHBvciB0w6NvIHBvdWNvIHRlbXBvLCBtYXMgdm9jw6ogcG9kZSBub3MgYWp1ZGFyIGEgZW5jb250cmFyIGFzIGNyaWFuw6dhcyBkYSBpZ3JlamE/,,W1JvYW1dCsKhQWgsIEF2ZW50dXJlcm8sIGhhcyB2dWVsdG8hClNpZW50byBhdmlzYXJ0ZSBjb24gdGFuIHBvY2EgYW50ZWxhY2nDs24sIHBlcm8gwr9wdWVkZXMgYXl1ZGFybm9zIGEgZW5jb250cmFyIGEgbG9zIG5pw7FvcyBkZSBsYSBpZ2xlc2lhPw==
OKTvCQ,,W1JvYW1dClRoZXkgaGF2ZSBub3QgY29tZSBiYWNrIGZvciBzdXBwZXIgeWV0LgpIYXZlbid0IHlvdSBzZWVuIHRoZW0gaW4gdGhlIGZpZWxkPw==,,,,,W1JvYW1dCkVsZXMgYWluZGEgbsOjbyB2b2x0YXJhbSBwYXJhIG8gamFudGFyLgpWb2PDqiBuw6NvIG9zIHZpdSBubyBjYW1wbz8=,,W1JvYW1dCkHDum4gbm8gaGFuIHZ1ZWx0byBwYXJhIGNlbmFyLgrCv05vIGxvcyBoYXMgdmlzdG8gZW4gZWwgY2FtcG8/
OaTvCQ,,W1JvYW1dCkFoLi4uIFJpZ2h0LiBJIGFza2VkIHRoZSBzb2xkaWVycyBub3QgdG8gbGV0IGFueW9uZSBsZWF2ZSBiZWZvcmUgdGhlIG1vbnN0ZXJzIGFyZSB0YWtlbiBjYXJlIG9mLgpTbyB0aGV5IG11c3Qgc3RpbGwgYmUgaW5zaWRlLg==,,,,,W1JvYW1dCkFoLi4uIENlcnRvLiBQZWRpIGFvcyBzb2xkYWRvcyBxdWUgbsOjbyBkZWl4YXNzZW0gbmluZ3XDqW0gc2FpciBhbnRlcyBxdWUgb3MgbW9uc3Ryb3MgZm9zc2VtIGVsaW1pbmFkb3MuClBvcnRhbnRvLCBlbGVzIGFpbmRhIGRldmVtIGVzdGFyIGzDoSBkZW50cm8u,,W1JvYW1dCkFoLi4uIENpZXJ0by4gTGVzIHBlZMOtIGEgbG9zIHNvbGRhZG9zIHF1ZSBubyBkZWphcmFuIHNhbGlyIGEgbmFkaWUgYW50ZXMgZGUgcXVlIHNlIGVuY2FyZ2FyYW4gZGUgbG9zIG1vbnN0cnVvcy4KQXPDrSBxdWUgdG9kYXbDrWEgZGViZW4gZXN0YXIgZGVudHJvLg==
OqTvCQ,,W1JvYW1dClRoZXkgbXVzdCBiZSBzb21ld2hlcmUgaW5zaWRlIFByb250ZXJhIENhc3RsZS4KUGxlYXNlIGZpbmQgdGhlbSBmb3IgbWUu,,,,,W1JvYW1dCkVsZXMgZGV2ZW0gZXN0YXIgZW0gYWxndW0gbHVnYXIgZGVudHJvIGRvIFBhbMOhY2lvIGRlIFByb250ZXJhLgpQb3IgZmF2b3IsIGVuY29udHJlLW9zIHBhcmEgbWltLg==,,W1JvYW1dCkRlYmVuIGVzdGFyIGVuIGFsZ8O6biBsdWdhciBkZW50cm8gZGVsIENhc3RpbGxvIFByb250ZXJhLgpQb3IgZmF2b3IsIGVuY3XDqW50cmFsb3MgcG9yIG3DrS4=
O6TvCQ,,W1JvYW1dClRoZXJlIGFyZSAzIG9mIHRoZW0uIFRoZWlyIG5hbWVzIGFyZSBeNEQ0REZGUmFzcGJlcnJ5LCBCbHVlYmVycnkgYW5kIENyYW5iZXJyeV4wMDAwMDAuClRoZXkgYXJlIHF1aXRlIG1pc2NoaWV2b3VzLCB0aG9zZSBraWRzLi4u,,,,,W1JvYW1dCkjDoSB0csOqcyBkZWxlcy4gU2V1cyBub21lcyBzw6NvIF40RDRERkZGcmFtYm9lc2EsIE1pcnRpbG8gZSBBaXJlbGFeMDAwMDAwLgpFc3NhcyBjcmlhbsOnYXMgc8OjbyBtdWl0byB0cmF2ZXNzYXMuLi4=,,W1JvYW1dCkhheSAzIGRlIGVsbG9zLiBTdXMgbm9tYnJlcyBzb24gXjRENERGRkZyYW1idWVzYSwgQXLDoW5kYW5vIEF6dWwgeSBBcsOhbmRhbm8gUm9qb14wMDAwMDAuClNvbiBiYXN0YW50ZSB0cmF2aWVzb3MsIGVzb3MgbmnDsW9zLi4u
PKTvCQ,,W1JvYW1dCkJ1dCBJIGRvbid0IHRoaW5rIHRoZXkndmUgbWFkZSBpdCB0b28gZmFyLCBzbyBwbGVhc2UgZmluZCB0aGVtIGZvciBtZS4=,,,,,W1JvYW1dCk1hcyBuw6NvIGFjaG8gcXVlIGVsZXMgdGVuaGFtIGlkbyBtdWl0byBsb25nZSwgZW50w6NvLCBwb3IgZmF2b3IsIGVuY29udHJlLW9zIHBhcmEgbWltLg==,,W1JvYW1dClBlcm8gbm8gY3JlbyBxdWUgaGF5YW4gbGxlZ2FkbyBtdXkgbGVqb3MsIGFzw60gcXVlIHBvciBmYXZvciBlbmN1w6ludHJhbG9zIHBvciBtw60u
PaTvCQ,,W1JvYW1dCk9oLCBBZHZlbnR1cmVyISBBbGwgdGhyZWUgb2YgdGhlbSBtYWRlIGl0IGJhY2sgc2FmZWx5LgpUaGFuayB5b3Ugc28gbXVjaC4=,,,,,W1JvYW1dCk9oLCBBdmVudHVyZWlybyEgVG9kb3Mgb3MgdHLDqnMgY29uc2VndWlyYW0gdm9sdGFyIGVtIHNlZ3VyYW7Dp2EuCk11aXRvIG9icmlnYWRvLg==,,W1JvYW1dCsKhQXZlbnR1cmVybyEgTG9zIHRyZXMgcmVncmVzYXJvbiBzYW5vcyB5IHNhbHZvcy4KTXVjaGFzIGdyYWNpYXMu
PqTvCQ,,W1JvYW1dClRoZXJlIGlzIHNvbWVvbmUgd2hvIGhhcyBiZWVuIHdhaXRpbmcgZm9yIHlvdSwgQWR2ZW50dXJlci4=,,,,,W1JvYW1dCkjDoSBhbGd1w6ltIHF1ZSBlc3TDoSBlc3BlcmFuZG8gcG9yIHZvY8OqLCBBdmVudHVyZWlyby4=,,W1JvYW1dCkhheSBhbGd1aWVuIHF1ZSB0ZSBoYSBlc3RhZG8gZXNwZXJhbmRvLCBBdmVudHVyZXJvLg==
P6TvCQ,,R29vZCB0byBzZWUgYWdhaW4uIEkgaGF2ZSBzb21ldGhpbmcgdG8gdGVsbCB5b3UgYWJvdXQgdGhlIGluY2lkZW50IGZyb20gYmVmb3JlLg==,,,,,w4kgYm9tIHbDqi1sbyBub3ZhbWVudGUuIFRlbmhvIGFsZ28gYSBsaGUgZGl6ZXIgc29icmUgbyBpbmNpZGVudGUgZGUgYW50ZXMu,,TWUgYWxlZ3JvIGRlIHZlcnRlIGRlIG51ZXZvLiBUZW5nbyBhbGdvIHF1ZSBkZWNpcnRlIHNvYnJlIGVsIGluY2lkZW50ZSBkZSBhbnRlcy4=
QKTvCQ,,W1JvYW1dCkknbGwgbGVhdmUgeW91IHR3byBhbG9uZSwgdGhlbi4=,,,,,W1JvYW1dClZvdSBkZWl4YXIgdm9jw6pzIGRvaXMgc296aW5ob3MsIGVudMOjby4=,,W1JvYW1dCkxvcyBkZWphcsOpIHNvbG9zLCBlbnRvbmNlcy4=
QaTvCQ,,W1JvYW1dClRoZSBjaGlsZHJlbiBoYXZlIHlldCB0byByZXR1cm4uCldoZXJlIGNvdWxkIHRoZXkgYmU/,,,,,W1JvYW1dCkFzIGNyaWFuw6dhcyBhaW5kYSBuw6NvIHZvbHRhcmFtLgpPbmRlIGVsYXMgcG9kZXJpYW0gZXN0YXI/,,W1JvYW1dCkxvcyBuacOxb3MgYcO6biBubyBoYW4gcmVncmVzYWRvLgrCv0TDs25kZSBwb2Ryw61hbiBlc3Rhcj8=
QqTvCQ,,W1JvYW1dCkluIGZhY3QsIEkgaGVhcmQgZnJvbSBNaXNzIE1lcmljCnRoYXQgeW91J3ZlIGdvdHRlbiB5b3Vyc2VsZiBpbnRvIHNvbWUgdHJvdWJsZSBiZWNhdXNlIG9mIGEgR29kZGVzcyBGb2xsb3dlciwgaGF2ZW4ndCB5b3U/,,,,,W1JvYW1dCk5hIHZlcmRhZGUsIG91dmkgZGUgU3JhLiBNZXJpYwpxdWUgdm9jw6ogc2UgbWV0ZXUgZW0gYWxndW5zIHByb2JsZW1hcyBwb3IgY2F1c2EgZGUgdW1hIHNlZ3VpZG9yYSBkYSBEZXVzYSwgbsOjbyBmb2k/,,W1JvYW1dCkRlIGhlY2hvLCBlc2N1Y2jDqSBkZSBTcmEuIE1lcmljCnF1ZSB0ZSBoYXMgbWV0aWRvIGVuIHByb2JsZW1hcyBwb3IgY3VscGEgZGUgdW5hIFNlZ3VpZG9yYSBkZSBsYSBEaW9zYSwgwr92ZXJkYWQ/
Q6TvCQ,,W1JvYW1dClRoZXJlJ3Mgc29tZXRoaW5nIE1pc3MgTWVyaWMgYXNrZWQgbWUgdG8gZG8uCkRvIHlvdSBoYXBwZW4gdG8gaGF2ZSBhIF40RDRERkZGbG93ZXIgUmluZyBvZiBCbGlzc14wMDAwMDAgdG8gYmUgYmxlc3NlZD8=,,,,,W1JvYW1dCkjDoSBhbGdvIHF1ZSBTcmEuIE1lcmljIG1lIHBlZGl1IHBhcmEgZmF6ZXIuClBvciBhY2FzbyB2b2PDqiB0ZW0gdW0gXjRENERGRkFuZWwgZGUgRmxvciBBYmVuw6dvYWRhXjAwMDAwMCBwYXJhIHNlciBhYmVuw6dvYWRvPw==,,W1JvYW1dCkhheSBhbGdvIHF1ZSBTcmEuIE1lcmljIG1lIHBpZGnDsyBxdWUgaGljaWVyYS4Kwr9Qb3IgY2FzdWFsaWRhZCB0aWVuZXMgdW4gXjRENERGRkFuaWxsbyBkZSBGbG9yIGRlIGxhIERpY2hhXjAwMDAwMCBwYXJhIGJlbmRlY2lyPw==
RKTvCQ,,QXNrIGZvciBibGVzc2luZy4=,,,,,UGXDp2EgYsOqbsOnw6Nvcy4=,,UGlkZSBsYSBiZW5kaWNpw7NuLg==
RaTvCQ,,SSdsbCBnbyBnZXQgb25lLg==,,,,,Vm91IGJ1c2NhciB1bS4=,,SXLDqSBhIGJ1c2NhciB1bm8u
RqTvCQ,,W1JvYW1dCkFoYSwgdGhpcyBpcyBpdC4KWW91J3ZlIGJyb3VnaHQgdGhlIHJpZ2h0IG9uZS4=,,,,,W1JvYW1dCkFoYSwgw6kgaXNzbyBtZXNtby4KVm9jw6ogdHJvdXhlIG8gY2VydG8u,,W1JvYW1dCkFoYSwgYXF1w60gZXMuCkhhcyB0cmHDrWRvIGVsIGNvcnJlY3RvLg==
R6TvCQ,,W1JvYW1dCllvdSBkb24ndCBoYXZlIHRoZSBeNEQ0REZGRmxvd2VyIFJpbmcgb2YgQmxpc3NeMDAwMDAwIG9uIHlvdS4KUGxlYXNlIGdldCBhIEZsb3dlciBSaW5nIG9mIEJsaXNzIGFuZCByZXR1cm4gdG8gbWUu,,,,,W1JvYW1dClZvY8OqIG7Do28gdGVtIG8gXjRENERGRkFuZWwgZGUgRmxvciBBYmVuw6dvYWRhXjAwMDAwMCBjb20gdm9jw6ouClBvciBmYXZvciwgcGVndWUgdW0gQW5lbCBkZSBGbG9yIEFiZW7Dp29hZGEgZSB2b2x0ZSBwYXJhIG1pbS4=,,W1JvYW1dCk5vIGxsZXZhcyBjb250aWdvIGVsIF40RDRERkZBbmlsbG8gZGUgbGEgRmxvciBkZSBsYSBGZWxpY2lkYWReMDAwMDAwLgpQb3IgZmF2b3IsIGNvbnNpZ3VlIHVuIEFuaWxsbyBkZSBsYSBGbG9yIGRlIGxhIEZlbGljaWRhZCB5IHZ1ZWx2ZSBjb25taWdvLg==
SKTvCQ,,SSB0aGluayBJIGxvc3QgaXQu,,,,,QWNobyBxdWUgbyBwZXJkaS4=,,Q3JlbyBxdWUgbG8gcGVyZMOtLg==
SaTvCQ,,SSdsbCBnbyBmaW5kIG9uZS4=,,,,,Vm91IHByb2N1cmFyIHVtLg==,,SXLDqSBhIGJ1c2NhciB1bm8u
SqTvCQ,,W1JvYW1dClRoYXQncyB0b28gYmFkLgpJJ2xsIGdpdmUgeW91IHRoZSByaW5nIHRoYXQgSSd2ZSBiZWVuIGtlZXBpbmcuCkhhaGEsIEknbGwganVzdCBhc2sgTWlzcyBNZXJpYyB0byBjb21wZW5zYXRlIG1lLg==,,,,,W1JvYW1dCklzc28gw6kgbXVpdG8gcnVpbS4KRXUgbGhlIGRhcmVpIG8gYW5lbCBxdWUgZXN0b3UgZ3VhcmRhbmRvLgpIYWhhLCB2b3UgcGVkaXIgYW8gU3JhLiBNZXJpYyBwYXJhIG1lIGNvbXBlbnNhci4=,,W1JvYW1dClF1w6kgcGVuYS4KVGUgZGFyw6kgZWwgYW5pbGxvIHF1ZSBoZSBlc3RhZG8gZ3VhcmRhbmRvLgpKYWphLCBsZSBwZWRpcsOpIGEgU3JhLiBNZXJpYyBxdWUgbWUgY29tcGVuc2Uu
S6TvCQ,,W1JvYW1dCkkgd2lsbCBiZSB3YWl0aW5nIGhlcmUu,,,,,W1JvYW1dCkVzdGFyZWkgZXNwZXJhbmRvIGFxdWku,,W1JvYW1dCkVzdGFyw6kgZXNwZXJhbmRvIGFxdcOtLg==
TKTvCQ,,W1JvYW1dCklzbid0IHRoaXMgcmluZyBtYXJ2ZWxvdXM/CkkgY2FuIGFkZCBzb21lIHNtYWxsIHN0YXQgYm9udXNlcyB0byBpdC4KV2VhcG9uIGV4cGVydHMgY2FsbCB0aGlzIGFuIF40RDRERkZFbmNoYW50XjAwMDAwMC4=,,,,,W1JvYW1dCkVzc2UgYW5lbCBuw6NvIMOpIG1hcmF2aWxob3NvPwpQb3NzbyBhZGljaW9uYXIgYWxndW5zIHBlcXVlbm9zIGLDtG51cyBkZSBhdHJpYnV0b3MgYSBlbGUuCk9zIGVzcGVjaWFsaXN0YXMgZW0gYXJtYXMgY2hhbWFtIGlzc28gZGUgXjRENERGRkVuY2FudGFtZW50b14wMDAwMDAu,,W1JvYW1dCsK/Tm8gZXMgbWFyYXZpbGxvc28gZXN0ZSBhbmlsbG8/ClB1ZWRvIGHDsWFkaXJsZSBhbGd1bmFzIHBlcXVlw7FhcyBib25pZmljYWNpb25lcy4KTG9zIGV4cGVydG9zIGVuIGFybWFzIGxvIGxsYW1hbiB1biBeNEQ0REZGRW5jYW50YW1pZW50b14wMDAwMDAu
TaTvCQ,,W1JvYW1dCkknbSBvbmx5IGNhcGFibGUgb2YgYWRkaW5nIGp1c3QgYSBmZXcgZXh0cmEgc3RhdHMgb2YgeW91ciBwcmVmZXJlbmNlLg==,,,,,W1JvYW1dClNvdSBjYXBheiBkZSBhZGljaW9uYXIgYXBlbmFzIGFsZ3VtcyBhdHJpYnV0b3MgZXh0cmFzIGRlIHN1YSBwcmVmZXLDqm5jaWEu,,W1JvYW1dClPDs2xvIHNveSBjYXBheiBkZSBhw7FhZGlyIGFsZ3Vub3MgZXN0YWRvcyBhZGljaW9uYWxlcyBkZSBzdSBwcmVmZXJlbmNpYS4=
TqTvCQ,,W1JvYW1dCldoaWNoIHN0YXRzIGRvIHlvdSB3YW50IG1lIHRvIGJsZXNzIGl0IHdpdGg/,,,,,W1JvYW1dCkNvbSBxdWFpcyBhdHJpYnV0b3Mgdm9jw6ogcXVlciBxdWUgZXUgbyBhYmVuw6dvZT8=,,W1JvYW1dCsK/Q29uIHF1w6kgZXN0YWTDrXN0aWNhcyBxdWllcmVzIHF1ZSBsbyBiZW5kaWdhPw==
T6TvCQ,,SSB3YW50IFNUUi4=,,,,,RXUgcXVlcm8gRk9SLg==,,UXVpZXJvIEZVRS4=
UKTvCQ,,SSB3YW50IEFHSS4=,,,,,RXUgcXVlcm8gQUdJLg==,,UXVpZXJvIEFHSS4=
UaTvCQ,,SSB3YW50IFZJVC4=,,,,,RXUgcXVlcm8gVklULg==,,UXVpZXJvIFZJVC4=
UqTvCQ,,SSB3YW50IElOVC4=,,,,,RXUgcXVlcm8gSU5ULg==,,UXVpZXJvIElOVC4=
U6TvCQ,,SSB3YW50IERFWC4=,,,,,RXUgcXVlcm8gREVTLg==,,UXVpZXJvIERFUy4=
VKTvCQ,,SSB3YW50IExVSy4=,,,,,RXUgcXVlcm8gU09SLg==,,UXVpZXJvIFNVRS4=
VaTvCQ,,W1JvYW1dCk1heSBPZGluIHdhdGNoIG92ZXIgdXMgYWx3YXlzLAphbmQgYnkgaGlzIGdyYWNlLCBsZXQgdXMgcmVqb2luIGhpbSBpbiB0aGUgZXRlcm5hbCBkcmVhbS4=,,,,,W1JvYW1dClF1ZSBPZGluIG5vcyBwcm90ZWphIHNlbXByZSwKZSwgcG9yIHN1YSBncmHDp2EsIHF1ZSBub3MganVudGVtb3MgYSBlbGUgbm8gc29uaG8gZXRlcm5vLg==,,W1JvYW1dClF1ZSBPZMOtbiB2ZWxlIHNpZW1wcmUgcG9yIG5vc290cm9zLAp5IHBvciBzdSBncmFjaWEsIG5vcyByZXVuYW1vcyBjb24gw6lsIGVuIGVsIHN1ZcOxbyBldGVybm8u
VqTvCQ,,W1JvYW1dCkRpZCB0aGUgc3RhdHMgeW91IHdhbnRlZCBzaG93IHVwIG9uIHRoZSByaW5nPw==,,,,,W1JvYW1dCk9zIGF0cmlidXRvcyBxdWUgdm9jw6ogcXVlcmlhIGFwYXJlY2VyYW0gbm8gYW5lbD8=,,W1JvYW1dCsK/SGFuIGFwYXJlY2lkbyBlbiBlbCBhbmlsbG8gbGFzIGVzdGFkw61zdGljYXMgcXVlIHF1ZXLDrWFzPw==
V6TvCQ,,W1JvYW1dCkknbSBzbyBoYXBweSB0byBoZWFyIG15IGxpbWl0ZWQgdGFsZW50cyBjYW4gYmUgb2YgdXNlIHRvIHlvdSwgQWR2ZW50dXJlci4KSSdsbCB3YWl0IGhlcmUgdW50aWwgeW91IGJyaW5nIHRoZSBeNEQ0REZGRmxvd2VyIFJpbmcgb2YgQmxpc3NeMDAwMDAwLg==,,,,,W1JvYW1dCkZpY28gbXVpdG8gZmVsaXogZW0gc2FiZXIgcXVlIG1ldXMgdGFsZW50b3MgbGltaXRhZG9zIHBvZGVtIHNlciDDunRlaXMgcGFyYSB2b2PDqiwgQXZlbnR1cmVpcm8uClZvdSBlc3BlcmFyIGFxdWkgYXTDqSBxdWUgdm9jw6ogdHJhZ2EgbyBeNEQ0REZGQW5lbCBkZSBGbG9yIEFiZW7Dp29hZGFeMDAwMDAwLg==,,W1JvYW1dCk1lIGFsZWdyYSBvw61yIHF1ZSBtaXMgbGltaXRhZG9zIHRhbGVudG9zIHB1ZWRlbiBzZXJ0ZSDDunRpbGVzLCBBdmVudHVyZXJvLgpFc3BlcmFyw6kgYXF1w60gaGFzdGEgcXVlIHRyYWlnYXMgZWwgXjRENERGRkFuaWxsbyBkZSBsYSBGbG9yIGRlIGxhIERpY2hhXjAwMDAwMC4=
WKTvCQ,,W1JvYW1dClBsZWFzZSBrZWVwIHlvdXIgdm9pY2UgZG93biBpbnNpZGUgdGhlIGNodXJjaC4=,,,,,W1JvYW1dClBvciBmYXZvciwgbWFudGVuaGEgc3VhIHZveiBiYWl4YSBkZW50cm8gZGEgaWdyZWphLg==,,W1JvYW1dClBvciBmYXZvciwgYmFqYSBsYSB2b3ogZGVudHJvIGRlIGxhIGlnbGVzaWEu
WaTvCQ,,W01lcmljXQpNeSBzdXBlcmlvcnMgaGF2ZSBtYWRlIHRoZSBkZWNpc2lvbgp0byBmaW5kIHRoZSBHb2RkZXNzIEZvbGxvd2VycyBhbmQgcHJvcGVybHkgaW52ZXN0aWdhdGUgdGhlbS4=,,,,,W01lcmljXQpNZXVzIHN1cGVyaW9yZXMgdG9tYXJhbSBhIGRlY2lzw6NvCmRlIGVuY29udHJhciBvcyBTZWd1aWRvcmVzIGRhIERldXNhIGUgaW52ZXN0aWfDoS1sb3MgYWRlcXVhZGFtZW50ZS4=,,W01lcmljXQpNaXMgc3VwZXJpb3JlcyBoYW4gdG9tYWRvIGxhIGRlY2lzacOzbgpkZSBlbmNvbnRyYXIgYSBsb3MgU2VndWlkb3JlcyBkZSBsYSBEaW9zYSBlIGludmVzdGlnYXJsb3MgYWRlY3VhZGFtZW50ZS4=
WqTvCQ,,QW5kIHRoZW4/,,,,,RSBkZXBvaXM/,,wr9ZIGRlc3B1w6lzPw==
W6TvCQ,,V2hhdCBhYm91dCBMZW5vPw==,,,,,RSBxdWFudG8gYSBMZW5vPw==,,wr9ZIExlbm8/
XKTvCQ,,W01lcmljXQpXaXRoIGhlbHAgZnJvbSBMZW5vLCB3ZSBnb3QgYSBkZXNjcmlwdGlvbiBvZiBhIGd1eSBuYW1lZCBeNEQ0REZGQnJlbm9eMDAwMDAwLCBhbmQgYXNrZWQgb3VyIHNvbGRpZXJzIHRvIGZpbmQgaGltLi4u,,,,,W01lcmljXQpDb20gYSBhanVkYSBkZSBMZW5vLCBvYnRpdmVtb3MgYSBkZXNjcmnDp8OjbyBkZSB1bSBjYXJhIGNoYW1hZG8gXjRENERGRkJyZW5vXjAwMDAwMCBlIHBlZGltb3MgYSBub3Nzb3Mgc29sZGFkb3MgcXVlIG8gZW5jb250cmFzc2VtLi4u,,W01lcmljXQpDb24gYXl1ZGEgZGUgTGVubywgY29uc2VndWltb3MgdW5hIGRlc2NyaXBjacOzbiBkZSB1biB0aXBvIGxsYW1hZG8gXjRENERGRkJyZW5vXjAwMDAwMCwgeSBwZWRpbW9zIGEgbnVlc3Ryb3Mgc29sZGFkb3MgcXVlIGxvIGVuY29udHJhcmFuLi4u
XaTvCQ,,W01lcmljXQpJdCBzZWVtcyBsaWtlIEJyZW5vIG5vdGljZWQgb3VyIHNvbGRpZXJzIG1vdmluZyBhcm91bmQsIGFuZCByYW4gYXdheSBiZWZvcmUgdGhleSBjb3VsZCBmaW5kIGhpbS4KU28gd2UgaGF2ZSBjaGFuZ2VkIG91ciBzdHJhdGVneSB0byBmaW5kIGhpbSBtb3JlIGNvdmVydGx5Lg==,,,,,W01lcmljXQpQYXJlY2UgcXVlIG8gQnJlbm8gcGVyY2ViZXUgYSBtb3ZpbWVudGHDp8OjbyBkZSBub3Nzb3Mgc29sZGFkb3MgZSBmdWdpdSBhbnRlcyBxdWUgcHVkZXNzZW0gZW5jb250csOhLWxvLgpQb3IgaXNzbywgbXVkYW1vcyBub3NzYSBlc3RyYXTDqWdpYSBwYXJhIGVuY29udHLDoS1sbyBkZSBmb3JtYSBtYWlzIGRpc2NyZXRhLg==,,W01lcmljXQpQYXJlY2UgcXVlIEJyZW5vIHNlIGRpbyBjdWVudGEgZGUgcXVlIG51ZXN0cm9zIHNvbGRhZG9zIHNlIG1vdsOtYW4geSBodXnDsyBhbnRlcyBkZSBxdWUgcHVkaWVyYW4gZW5jb250cmFybGUuCkFzw60gcXVlIGhlbW9zIGNhbWJpYWRvIG51ZXN0cmEgZXN0cmF0ZWdpYSBwYXJhIGVuY29udHJhcmxvIGRlIGZvcm1hIG3DoXMgZW5jdWJpZXJ0YS4=
XqTvCQ,,W01lcmljXQpMZW5vIGFsc28gd2FudGVkIHRvIGpvaW4gdGhlIHNlYXJjaCwgc2F5aW5nIHRoYXQgaGUgZmVlbHMgcmVzcG9uc2libGUgZm9yIGl0LgpJIHdhbnQgeW91LCB7MH0sIHRvIGpvaW4gdGhlIHNlYXJjaCwgdG9vLg==,,,,,W01lcmljXQpMZW5vIHRhbWLDqW0gcXVpcyBwYXJ0aWNpcGFyIGRhIGJ1c2NhLCBkaXplbmRvIHF1ZSBzZSBzZW50ZSByZXNwb25zw6F2ZWwgcG9yIGVsYS4KUXVlcm8gcXVlIHZvY8OqLCB7MH0sIHRhbWLDqW0gcGFydGljaXBlIGRhIGJ1c2NhLg==,,W01lcmljXQpMZW5vIHRhbWJpw6luIHF1aXNvIHVuaXJzZSBhIGxhIGLDunNxdWVkYSwgZGljaWVuZG8gcXVlIHNlIHNpZW50ZSByZXNwb25zYWJsZSBkZSBlbGxhLgpRdWllcm8gcXVlIHTDuiwgezB9LCB0YW1iacOpbiB0ZSB1bmFzIGEgbGEgYsO6c3F1ZWRhLg==
X6TvCQ,,V2h5IGRvIHlvdSB3YW50IG1lLi4/,,,,,UG9yIHF1ZSB2b2PDqiBxdWVyIHF1ZSBldS4uLj8=,,wr9Qb3IgcXXDqSBtZSBxdWllcmVzLi4uPw==
YKTvCQ,,W01lcmljXQpXZWxsLCB5b3UgdHdvIGhhdmUgYWN0dWFsbHkgbWV0IEJyZW5vIGluIHBlcnNvbi4KXjRENERGRkxlbm9eMDAwMDAwIHNhaWQgaGUgc2F3IEJyZW5vIGNvbWluZyBmcm9tIHRoZSB3ZXN0LCBzbyBoZSBtdXN0IGhhdmUgZ29uZSB0byB0aGUgXjRENERGRlByb250ZXJhIFdlc3QgRmllbGReMDAwMDAwLg==,,,,,W01lcmljXQpCZW0sIHZvY8OqcyBkb2lzIHJlYWxtZW50ZSBjb25oZWNlcmFtIEJyZW5vIHBlc3NvYWxtZW50ZS4KXjRENERGRkxlbm9eMDAwMDAwIGRpc3NlIHF1ZSB2aXUgQnJlbm8gdmluZG8gZG8gb2VzdGUsIGVudMOjbyBlbGUgZGV2ZSB0ZXIgaWRvIHBhcmEgbyBeNEQ0REZGQ2FtcG8gT2VzdGUgZGUgUHJvbnRlcmFeMDAwMDAwLg==,,W01lcmljXQpQdWVzIHPDrSBxdWUgaGFiw6lpcyBjb25vY2lkbyBhIEJyZW5vIGVuIHBlcnNvbmEuCl40RDRERkZMZW5vXjAwMDAwMCBkaWpvIHF1ZSB2aW8gYSBCcmVubyB2ZW5pciBkZXNkZSBlbCBvZXN0ZSwgYXPDrSBxdWUgZGViZSBkZSBoYWJlciBpZG8gYWwgXjRENERGRkNhbXBvIE9lc3RlIGRlIFByb250ZXJhXjAwMDAwMC4=
YaTvCQ,,W01lcmljXQpQbGVhc2Ugam9pbiBMZW5vIGFuZCBmaW5kIEJyZW5vLgpXZSdsbCBrZWVwIHNlYXJjaGluZyBpbnNpZGUgdGhlIGNpdHku,,,,,W01lcmljXQpQb3IgZmF2b3IsIGp1bnRlLXNlIGEgTGVubyBlIGVuY29udHJlIEJyZW5vLgpDb250aW51YXJlbW9zIHByb2N1cmFuZG8gZGVudHJvIGRhIGNpZGFkZS4=,,W01lcmljXQpQb3IgZmF2b3IsIMO6bmV0ZSBhIExlbm8geSBlbmN1ZW50cmEgYSBCcmVuby4KU2VndWlyZW1vcyBidXNjYW5kbyBkZW50cm8gZGUgbGEgY2l1ZGFkLg==
YqTvCQ,,W01lcmljXQpQbGVhc2Ugam9pbiBeNEQ0REZGTGVub14wMDAwMDAgYXQgXjRENERGRlByb250ZXJhIFdlc3QgRmllbGReMDAwMDAwIHRvIGZpbmQgQnJlbm8u,,,,,W01lcmljXQpQb3IgZmF2b3IsIGp1bnRlLXNlIGEgXjRENERGRkxlbm9eMDAwMDAwIGVtIF40RDRERkZDYW1wbyBPZXN0ZSBkZSBQcm9udGVyYV4wMDAwMDAgcGFyYSBlbmNvbnRyYXIgQnJlbm8u,,W01lcmljXQpQb3IgZmF2b3IsIMO6bmV0ZSBhIF40RDRERkZMZW5vXjAwMDAwMCBlbiBeNEQ0REZGUHJvbnRlcmEgV2VzdCBGaWVsZF4wMDAwMDAgcGFyYSBlbmNvbnRyYXIgYSBCcmVuby4=
Y6TvCQ,,S2lk,,,,,Q3JpYW7Dp2E=,,Sm92ZW4=
ZKTvCQ,,W1Jhc3BiZXJyeV0KQWR2ZW50dXJlciwgQWR2ZW50dXJlciEKSGF2ZSB5b3UgYmVlbiBpbiBoZXJlPwpUaGUgYmxhY2tzbWl0aCBIb2xsZ3JlaGVubiBpcyBpbiB0aGVyZS4=,,,,,W0ZyYW1ib2VzYV0KQXZlbnR1cmVpcm8sIGF2ZW50dXJlaXJvIQpWb2PDqiBlc3RldmUgYXF1aT8KTyBmZXJyZWlybyBIb2xsZ3JlaGVubiBlc3TDoSBsw6EgZGVudHJvLg==,,W0ZyYW1idWVzYV0KwqFBdmVudHVyZXJvLCBBdmVudHVyZXJvIQrCv0hhcyBlc3RhZG8gYXF1w60/CkVsIGhlcnJlcm8gSG9sbGdyZWhlbm4gZXN0w6EgYWjDrSBkZW50cm8u
ZaTvCQ,,W1Jhc3BiZXJyeV0KSGUgYWx3YXlzIHVzZWQgdG8gZ28gJ0FyZ2dnZ2hoaGghJyB3aGVuZXZlciBzb21ldGhpbmcgZmVsbCBhbmQgYnJva2Ugb24gdGhlIGdyb3VuZCwKQnV0IG5vd2FkYXlzIEkgZG9uJ3QgaGVhciBoaW0gbXVjaCBhbnltb3JlLg==,,,,,W0ZyYW1ib2VzYV0KRWxlIHNlbXByZSBkaXppYSAnJ0FyZ2dnZ2dnaGhoaCEnJyBxdWFuZG8gYWxnbyBjYcOtYSBlIHNlIHF1ZWJyYXZhIG5vIGNow6NvLApNYXMgaG9qZSBlbSBkaWEgZXUgbsOjbyBvIG91w6dvIG1haXMu,,W0ZyYW1idWVzYV0KU2llbXByZSBzb2zDrWEgZGVjaXIgJyfCoUFyZ2dnZ2hoaGghJycgY3VhbmRvIGFsZ28gc2UgY2HDrWEgeSBzZSByb21ww61hIGVuIGVsIHN1ZWxvLApQZXJvIGhveSBlbiBkw61hIHlhIG5vIGxlIG9pZ28gbXVjaG8u
ZqTvCQ,,V2hhdCBpcyB0aGlzIHBsYWNlPw==,,,,,UXVlIGx1Z2FyIMOpIGVzc2U/,,wr9RdcOpIGVzIGVzdGUgbHVnYXI/
Z6TvCQ,,QXZvbHl0ZSBSb2FtIGlzIHdhaXRpbmcgZm9yIHlvdS4=,,,,,QSBOb3Zpw6dhIFJvYW0gZXN0w6EgZXNwZXJhbmRvIHBvciB2b2PDqi4=,,QWPDs2xpdGEgUm9hbSB0ZSBlc3TDoSBlc3BlcmFuZG8u
aKTvCQ,,W1Jhc3BiZXJyeV0KRXJtbS4uLiBBY29seXRlIFJvYW0gc2FpZCB0aGlzIGlzIGEgXjRENERGRnJlZmluZXJ5XjAwMDAwMC4KWW91IGNhbiBeNEQ0REZGZW5jaGFudCB3ZWFwb25zXjAwMDAwMC4uLgphbmQgbWFrZSBeNEQ0REZGZm9ydGlmaWVkIGFybW9yXjAwMDAwMCBoZXJlLg==,,,,,W0ZyYW1ib2VzYV0KRXJtbS4uLiBBIE5vdmnDp2EgUm9hbSBkaXNzZSBxdWUgZXN0YSDDqSB1bWEgXjRENERGRnJlZmluYXJpYV4wMDAwMDAuClZvY8OqIHBvZGUgXjRENERGRmVuY2FudGFyIGFybWFzXjAwMDAwMC4uLgplIGZhemVyIF40RDRERkZhcm1hZHVyYXMgZm9ydGlmaWNhZGFzXjAwMDAwMCBhcXVpLg==,,W0ZyYW1idWVzYV0KRXJtbS4uLiBMYSBBY8OzbGl0YSBSb2FtIGRpam8gcXVlIGVzdG8gZXMgdW5hIF40RDRERkZyZWZpbmVyw61hXjAwMDAwMC4KUHVlZGVzIGVuY2FudGFyIGFybWFzLi4uCnkgaGFjZXIgYXJtYWR1cmFzIGZvcnRpZmljYWRhcyBhcXXDrS4=
aaTvCQ,,W1Jhc3BiZXJyeV0KU28gSSBqdXN0IHdhbnRlZCB0byBrbm93IHdoYXQgXjRENERGRnJlZmluaW5nXjAwMDAwMCB3YXMgYWxsIGFib3V0LgpJJ2xsIGdvIGJhY2sgdG8gdGhlIGNodXJjaCBzb29uLg==,,,,,W0ZyYW1ib2VzYV0KRW50w6NvLCBldSBzw7MgcXVlcmlhIHNhYmVyIGRvIHF1ZSBzZSB0cmF0YXZhIG8gXjRENERGRnJlZmluYW1lbnRvXjAwMDAwMC4KVm9sdGFyZWkgw6AgaWdyZWphIGVtIGJyZXZlLg==,,W0ZyYW1idWVzYV0KU8OzbG8gcXVlcsOtYSBzYWJlciBkZSBxdcOpIHNlIHRyYXRhYmEgXjRENERGRnJlZmluYXJeMDAwMDAwLgpWb2x2ZXLDqSBhIGxhIGlnbGVzaWEgcHJvbnRvLg==
aqTvCQ,,W1Jhc3BiZXJyeV0KSSB0aGluayB0aGF0IGRyb3BwaW5nIHNvdW5kIGFuZCBoaW0gZ29pbmcgJ0FycnJyZ2dnaCEnIG11c3QgYmUuLi4KdGhlIHNvdW5kIG9mIGhpbSBeNEQ0REZGZmFpbGluZyB0byByZWZpbmVeMDAwMDAwLg==,,,,,W0ZyYW1ib2VzYV0KQWNobyBxdWUgYXF1ZWxlIHNvbSBkZSBxdWVkYSBlIGVsZSBkaXplbmRvICcnQXJycnJnZ2doIScnIGRldmUgc2VyLi4uCm8gc29tIGRlbGUgXjRENERGRm7Do28gY29uc2VndWluZG8gcmVmaW5hcl4wMDAwMDAu,,W0ZyYW1idWVzYV0KQ3JlbyBxdWUgZXNlIHNvbmlkbyBkZSBjYcOtZGEgeSDDqWwgaGFjaWVuZG8gJ8KhQXJycmdnZ2ghJyBkZWJlIHNlci4uLgplbCBzb25pZG8gZGUgw6lsIF40RDRERkZmYWxsYW5kbyBhbCByZWZpbmFyXjAwMDAwMC4=
a6TvCQ,,W1Jhc3BiZXJyeV0KWW91IGhhdmUgYSBnb29kIHdlYXBvbiwgQWR2ZW50dXJlci4KV2h5IGRvbid0IHlvdSB0cnkgcmVmaW5pbmcgaXQgd2hlbiB5b3Ugd2FudCB0byBnZXQgc3Ryb25nZXI/,,,,,W0ZyYW1ib2VzYV0KVm9jw6ogdGVtIHVtYSBib2EgYXJtYSwgQXZlbnR1cmVpcm8uClBvciBxdWUgbsOjbyB0ZW50YSByZWZpbsOhLWxhIHF1YW5kbyBxdWlzZXIgZmljYXIgbWFpcyBmb3J0ZT8=,,W0ZyYW1idWVzYV0KVGllbmVzIHVuYSBidWVuYSBhcm1hLCBBdmVudHVyZXJvLgrCv1BvciBxdcOpIG5vIGludGVudGFzIHJlZmluYXJsYSBjdWFuZG8gcXVpZXJhcyBoYWNlcnRlIG3DoXMgZnVlcnRlPw==
bKTvCQ,,W1Jhc3BiZXJyeV0KSSdsbCBzdGF5IGhlcmUgZm9yIGp1c3QgYSBsaXR0bGUgbG9uZ2VyIGFuZCBnbyBiYWNrIHNvb24uCkkgd2FudCB0byBoZWFyIE1yLiBIb2xsZ3JlaGVubiBnbyAnQXJycnJycmdoISc=,,,,,W0ZyYW1ib2VzYV0KVm91IGZpY2FyIGFxdWkgc8OzIG1haXMgdW0gcG91Y28gZSB2b2x0YXJlaSBsb2dvLgpRdWVybyBvdXZpciBvIFNyLiBIb2xsZ3JlaGVubiBkaXplciBBcnJycnJyZ2gh,,W0ZyYW1idWVzYV0KTWUgcXVlZGFyw6kgYXF1w60gdW4gcG9jbyBtw6FzIHkgdm9sdmVyw6kgcHJvbnRvLgpRdWllcm8gb8OtciBhbCBTci4gSG9sbGdyZWhlbm4gZGVjaXIgJ8KhQXJycnJyZ2ghJy4=
baTvCQ,,WW91IGZvdW5kIGFsbCB0aHJlZSBjaGlsZHJlbi4KTGV0J3MgcmVwb3J0IHRvIF40RDRERkZBdm9seXRlIFJvYW0gYXQgUHJvbnRlcmEgQ2h1cmNoXjAwMDAwMC4=,,,,,Vm9jw6ogZW5jb250cm91IGFzIHRyw6pzIGNyaWFuw6dhcy4KVmFtb3Mgbm9zIGFwcmVzZW50YXIgYW8gXjRENERGRk5vdmnDp2EgUm9hbSBuYSBDYXRlZHJhbCBkZSBQcm9udGVyYV4wMDAwMDAu,,SGFzIGVuY29udHJhZG8gYSBsb3MgdHJlcyBuacOxb3MuClZhbW9zIGEgaW5mb3JtYXIgYSBeNEQ0REZGQWPDs2xpdGEgUm9hbSBlbiBsYSBJZ2xlc2lhIGRlIFByb250ZXJhXjAwMDAwMC4=
bqTvCQ,,W1Jhc3BiZXJyeV0KSG1tLCBCbHVlYmVycnkgYW5kIENyYW5iZXJyeT8KQmx1ZWJlcnJ5IG11c3QgYmUgaW4gdGhlIHRvd24gb2ZmaWNlLgpDcmFuYmVycnkgc2FpZCBzaGUncyBnb2luZyB0byB0aGUgcGFsYWNlLg==,,,,,W0ZyYW1ib2VzYV0KSG1tLCBNaXJ0aWxvIGUgQWlyZWxhPwpBIE1pcnRpbG8gZGV2ZSBlc3RhciBubyBlc2NyaXTDs3JpbyBkYSBjaWRhZGUuCkEgQ3JhbmJlcnJpZSBkaXNzZSBxdWUgZXN0w6EgaW5kbyBwYXJhIG8gcGFsw6FjaW8u,,W0ZyYW1idWVzYV0KSG1tLCDCv0Fyw6FuZGFubyBBenVsIHkgQXLDoW5kYW5vIFJvam8/CkFyw6FuZGFubyBBenVsIGRlYmUgZXN0YXIgZW4gbGEgb2ZpY2luYSBkZSBsYSBjaXVkYWQuCkFyw6FuZGFubyBSb2pvIGRpam8gcXVlIGliYSBhbCBwYWxhY2lvLg==
b6TvCQ,,W0JsdWViZXJyeV0KVGhlIHdvcmxkIGlzIHNvIHVuZmFpci4KVGhpcyBpcyB0aGUgdG93biBvZmZpY2UuCkJ1dCB0aGV5IGRvbid0IGxldCBraWRzIGdvIGluIQ==,,,,,W01pcnRpbG9dCk8gbXVuZG8gw6kgdMOjbyBpbmp1c3RvLgpFc3RlIMOpIG8gZXNjcml0w7NyaW8gZGEgY2lkYWRlLgpNYXMgZWxlcyBuw6NvIGRlaXhhbSBhcyBjcmlhbsOnYXMgZW50cmFyZW0h,,W0Fyw6FuZGFubyBBenVsXQpFbCBtdW5kbyBlcyB0YW4gaW5qdXN0by4KRXN0YSBlcyBsYSBvZmljaW5hIG11bmljaXBhbC4KwqFQZXJvIG5vIGRlamFuIGVudHJhciBhIGxvcyBuacOxb3Mh
cKTvCQ,,W0JsdWViZXJyeV0KVGhlcmUgaXMgdGhlIF40RDRERkZGYW1pbHkgRGVwYXJ0bWVudF4wMDAwMDAsIGRlYWxpbmcgd2l0aCBeNEQ0REZGTWFycmlhZ2VeMDAwMDAwIGFuZCBeNEQ0REZGQWRvcHRpb25eMDAwMDAwLg==,,,,,W01pcnRpbG9dCkjDoSBvIF40RDRERkZEZXBhcnRhbWVudG8gZGUgRmFtw61saWFeMDAwMDAwLCBxdWUgbGlkYSBjb20gXjRENERGRkNhc2FtZW50b14wMDAwMDAgZSBeNEQ0REZGQWRvw6fDo29eMDAwMDAwLg==,,W0Fyw6FuZGFubyBBenVsXQpFeGlzdGUgZWwgXjRENERGRkRlcGFydGFtZW50byBkZSBGYW1pbGlhXjAwMDAwMCwgcXVlIHNlIG9jdXBhIGRlIF40RDRERkZNYXRyaW1vbmlvXjAwMDAwMCB5IF40RDRERkZBZG9wY2nDs25eMDAwMDAwLg==
caTvCQ,,W0JsdWViZXJyeV0KQnV0IHRoZXkgYWxzbyBkZWFsIHdpdGggXjRENERGRkVtcGVyaXVtXjAwMDAwMCBoZXJlLCB0aGUgZXNzZW50aWFsIGl0ZW0gZm9yIF40RDRERkZtYWtpbmdeMDAwMDAwIGEgXjRENERGRmd1aWxkXjAwMDAwMCE=,,,,,W01pcnRpbG9dCk1hcyBlbGVzIHRhbWLDqW0gbGlkYW0gY29tIG8gXjRENERGRkVtcGVyaXVtXjAwMDAwMCBhcXVpLCBvIGl0ZW0gZXNzZW5jaWFsIHBhcmEgXjRENERGRmZhemVyXjAwMDAwMCB1bSBeNEQ0REZGQ2zDo14wMDAwMDAh,,W0Fyw6FuZGFubyBBenVsXQpQZXJvIHRhbWJpw6luIHNlIG9jdXBhbiBhcXXDrSBkZSBeNEQ0REZGRW1wZXJpdW1eMDAwMDAwLCDCoWVsIGVsZW1lbnRvIGVzZW5jaWFsIHBhcmEgXjRENERGRmhhY2VyXjAwMDAwMCB1biBeNEQ0REZGZ3VpbGReMDAwMDAwIQ==
cqTvCQ,,W0JsdWViZXJyeV0KSSB3YW50IHRvIHN0YXJ0IG15IG93biBndWlsZCEKQ2FsbGVkICdTdHJhd2JlcnJ5IFdvcmxkISc=,,,,,W01pcnRpbG9dClF1ZXJvIGNvbWXDp2FyIG1pbmhhIHByw7NwcmlhIGd1aWxkYSEKQ2hhbWFkYSAnTXVuZG8gTW9yYW5nbyEn,,W0Fyw6FuZGFubyBBenVsXQrCoVF1aWVybyBmdW5kYXIgbWkgcHJvcGlvIGdyZW1pbyEKU2UgbGxhbWFyw6EgJydNdW5kbyBGcmVzYScnLg==
c6TvCQ,,W0JsdWViZXJyeV0KVGhleSBzYXkgSSBkb24ndCBoYXZlIGVub3VnaCBtb25leSwgYW5kIHRoYXQgYSBraWQgbGlrZSBtZSBjYW4ndCBtYWtlIGEgZ3VpbGQuCldoeSBpcyB0aGF0Pw==,,,,,W01pcnRpbG9dCkVsZXMgZGl6ZW0gcXVlIG7Do28gdGVuaG8gZGluaGVpcm8gc3VmaWNpZW50ZSBlIHF1ZSB1bSBnYXJvdG8gY29tbyBldSBuw6NvIHBvZGUgY3JpYXIgdW1hIGd1aWxkYS4KUG9yIHF1ZSBpc3NvIGFjb250ZWNlPw==,,W0Fyw6FuZGFubyBBenVsXQpEaWNlbiBxdWUgbm8gdGVuZ28gc3VmaWNpZW50ZSBkaW5lcm8sIHkgcXVlIHVuIGNoaWNvIGNvbW8geW8gbm8gcHVlZGUgaGFjZXIgdW4gZ3JlbWlvLgrCv1kgZXNvIHBvciBxdcOpPw==
dKTvCQ,,QmUgYW4gQWR2ZW50dXJlciBsaWtlIG1lLg==,,,,,U2VqYSB1bSBhdmVudHVyZWlybyBjb21vIGV1Lg==,,U8OpIHVuIGF2ZW50dXJlcm8gY29tbyB5by4=
daTvCQ,,QWNvbHl0ZSBSb2FtIGlzIGxvb2tpbmcgZm9yIHlvdS4=,,,,,QSBOb3Zpw6dhIFJvYW0gZXN0w6EgcHJvY3VyYW5kbyBwb3Igdm9jw6ou,,TGEgQWPDs2xpdGEgUm9hbSB0ZSBlc3TDoSBidXNjYW5kby4=
dqTvCQ,,W0JsdWViZXJyeV0KSSBzZWUuCkFjb2x5dGUgUm9hbSBhbHdheXMgc2FpZDoKJ1RvIGJlY29tZSBhbiBhZHZlbnR1cmVyIHdobyB0cmF2ZWxzIGFyb3VuZCB0aGUgd29ybGQsIHlvdSBoYXZlIHRvIGVhdCB3ZWxsLCBzbGVlcCB3ZWxsLCBhbmQgZ3JvdyBiaWcgYW5kIHRvdWdoLic=,,,,,W01pcnRpbG9dCkVzdG91IGVudGVuZGVuZG8uCkEgTm92acOnYSBSb2FtIHNlbXByZSBkaXppYToKJydQYXJhIHNlIHRvcm5hciB1bSBhdmVudHVyZWlybyBxdWUgdmlhamEgcGVsbyBtdW5kbywgdm9jw6ogcHJlY2lzYSBjb21lciBiZW0sIGRvcm1pciBiZW0gZSBmaWNhciBncmFuZGUgZSBmb3J0ZScnLg==,,W0Fyw6FuZGFubyBBenVsXQpZYSB2ZW8uCkxhIEFjw7NsaXRhIFJvYW0gc2llbXByZSBkZWPDrWE6CidQYXJhIGxsZWdhciBhIHNlciB1biBhdmVudHVyZXJvIHF1ZSB2aWFqYSBhbHJlZGVkb3IgZGVsIG11bmRvLCB0aWVuZXMgcXVlIGNvbWVyIGJpZW4sIGRvcm1pciBiaWVuLCB5IGNyZWNlciBncmFuZGUgeSBkdXJvLic=
d6TvCQ,,W0JsdWViZXJyeV0KQnV0IGZpcnN0LCBJIGdvdHRhIGdldCBvbGRlciEKT2theS4KSSdsbCBnbyBiYWNrIHRvIGNodXJjaCByaWdodCBhd2F5LCBJIGdvdHRhIGVhdCBzb21ldGhpbmch,,,,,W01pcnRpbG9dCk1hcywgcHJpbWVpcm8sIHByZWNpc28gZmljYXIgbWFpcyB2ZWxobyEKRXN0w6EgYmVtLgpWb3Ugdm9sdGFyIHBhcmEgYSBpZ3JlamEgYWdvcmEgbWVzbW8sIHByZWNpc28gY29tZXIgYWxndW1hIGNvaXNhIQ==,,W0Fyw6FuZGFubyBBenVsXQrCoVBlcm8gcHJpbWVybywgdGVuZ28gcXVlIGVudmVqZWNlciEKRGUgYWN1ZXJkby4KVm9sdmVyw6kgYSBsYSBpZ2xlc2lhIGVuc2VndWlkYSwgwqF0ZW5nbyBxdWUgY29tZXIgYWxnbyE=
eKTvCQ,,W0JsdWViZXJyeV0KSG1tLCBSYXNwYmVycnkgYW5kIENyYW5iZXJyeT8KUmFzcGJlcnJ5IHdlbnQgdG8gdGhlIHJlZmluZXJ5LCBhbmQgQ3JhbmJlcnJ5IHdlbnQgdG8gdGhlIHBhbGFjZS4=,,,,,W01pcnRpbG9dCkhtbSwgRnJhbWJvZXNhIGUgQWlyZWxhPwpGcmFtYm9lc2EgZm9pIHBhcmEgYSByZWZpbmFyaWEsIGUgQWlyZWxhIGZvaSBwYXJhIG8gcGFsw6FjaW8u,,W0Fyw6FuZGFubyBBenVsXQpIbW0sIMK/RnJhbWJ1ZXNhIHkgQXLDoW5kYW5vIFJvam8/CkZyYW1idWVzYSBmdWUgYSBsYSByZWZpbmVyw61hLCB5IEFyw6FuZGFubyBSb2pvIGZ1ZSBhbCBwYWxhY2lvLg==
eaTvCQ,,W0NyYW5iZXJyeV0KSGFoYSEgSSByZW1lbWJlcmVkIGFsbCB0aGUgZ2F0ZSBndWFyZHMhClNvbWVkYXkgSSdsbCBnZXQgdG8gdGhlIF40RDRERkZWYWxreXJpZSBSZWFsbV4wMDAwMDAgYmVoaW5kIHRoaXMgZ2F0ZSEgSnVzdCB5b3Ugd2FpdCBhbmQgc2VlIQ==,,,,,W0FpcmVsYV0KSGFoYSEgRXUgbWUgbGVtYnJlaSBkZSB0b2RvcyBvcyBndWFyZGFzIGRvIHBvcnTDo28hClVtIGRpYSBjaGVnYXJlaSBhbyBeNEQ0REZGRmV1ZG8gZGFzIFZhbHF1w61yaWFzXjAwMDAwMCBhdHLDoXMgZGVzc2UgcG9ydMOjbyEgw4kgc8OzIGVzcGVyYXIgZSB2ZXIh,,W0Fyw6FuZGFubyBSb2pvXQrCoUphamEhIMKhTWUgYWNvcmTDqSBkZSB0b2RvcyBsb3MgZ3VhcmRpYXMgZGUgbGEgcHVlcnRhIQpBbGfDum4gZMOtYSBsbGVnYXLDqSBhbCBSZWlubyBkZSBsYXMgXjRENERGRlZhbGtpcmlhc14wMDAwMDAgZGV0csOhcyBkZSBlc3RhIHB1ZXJ0YS4gwqFFc3BlcmEgeSB2ZXLDoXMh
eqTvCQ,,W0NyYW5iZXJyeV0KJ0lmIG9ubHkgd2Ugd2VyZW4ndCBzdWNoIGplcmtzIHRvIHRoYXQgYXdlc29tZSBndXkhJyBUaGF0J3Mgd2hhdCB5b3UnbGwgc291bmQgbGlrZSE=,,,,,W0FpcmVsYV0KJ1NlIGFvIG1lbm9zIG7Do28gdGl2w6lzc2Vtb3Mgc2lkbyB0w6NvIGlkaW90YXMgY29tIGFxdWVsZSBjYXJhIGluY3LDrXZlbCEnIMOJIGFzc2ltIHF1ZSB2b2PDqiB2YWkgc29hciE=,,W0Fyw6FuZGFubyBSb2pvXQonwqFTaSBubyBodWJpw6lyYW1vcyBzaWRvIHRhbiBpZGlvdGFzIGNvbiBlc2UgdGlwbyBpbmNyZcOtYmxlIScgwqFBc8OtIGVzIGNvbW8gc29uYXLDoXMh
e6TvCQ,,Q3JhbmJlcnJ5Pw==,,,,,QWlyZWxhPw==,,wr9BcsOhbmRhbm8gUm9qbz8=
fKTvCQ,,W0NyYW5iZXJyeV0KV2hvIGFyZSB5b3U/IE9oPyBBbiBhZHZlbnR1cmVyPwpZb3UsIEFkdmVudHVyZXIhIEhhdmUgeW91IGJlZW4gdG8gdGhlIF40RDRERkZIaWRlb3V0c14wMDAwMDAgYmV5b25kIHRoZSBwYWxhY2U/Ckl0J3Mgd2hlcmUgYWR2ZW50dXJlcnMgb2NjdXB5IGNhc3RsZXMgYW5kIHNpZWdlIG90aGVyIHBsYXllcnMnIGNhc3RsZXMu,,,,,W0FpcmVsYV0KUXVlbSDDqSB2b2PDqj8gT2g/IFVtIGF2ZW50dXJlaXJvPwpWb2PDqiwgYXZlbnR1cmVpcm8hIFZvY8OqIGrDoSBlc3RldmUgbm8gXjRENERGRkZldWRvXjAwMDAwMCBhbMOpbSBkbyBwYWzDoWNpbz8Kw4kgb25kZSBvcyBhdmVudHVyZWlyb3Mgb2N1cGFtIGNhc3RlbG9zIGUgY2VyY2FtIG9zIGNhc3RlbG9zIGRlIG91dHJvcyBqb2dhZG9yZXMu,,W0Fyw6FuZGFubyBSb2pvXQrCv1F1acOpbiBlcyB1c3RlZD8gwr9PaD8gwr9VbiBhdmVudHVyZXJvPwrCoVTDuiwgQXZlbnR1cmVybyEgwr9IYXMgZXN0YWRvIGVuIGxvcyBeNEQ0REZGT2N1bHRvc14wMDAwMDAgbcOhcyBhbGzDoSBkZWwgcGFsYWNpbz8KRXMgZG9uZGUgbG9zIGF2ZW50dXJlcm9zIG9jdXBhbiBjYXN0aWxsb3MgeSBhc2VkaWFuIGxvcyBkZSBvdHJvcyBqdWdhZG9yZXMu
faTvCQ,,W0NyYW5iZXJyeV0KSXQncyB0byB0aGUgbm9ydGggYWZ0ZXIgcGFzc2luZyB0aGUgcGFsYWNlLgpWYWxreXJpZSBSZWFsbSBvZiBQcm9udGVyYSwKR3JlZW53b29kIExha2Ugb2YgUGF5b24sCkJyaXRvbmlhaCBvZiBHZWZmZW4sCmFuZCBMdWluYSBvZiBBbCBEZSBCYXJhbiE=,,,,,W0FpcmVsYV0KRmljYSBhbyBub3J0ZSwgZGVwb2lzIGRlIHBhc3NhciBwZWxvIHBhbMOhY2lvLgpGZXVkbyBkYXMgVmFscXXDrXJpYXMgZGUgUHJvbnRlcmEsCkJvc3F1ZSBDZWxlc3RpYWwgZGUgUGF5b24sCkJyaXRvbmlhaCBkZSBHZWZmZW4sCmUgTHVpbmEgZGUgQWwgRGUgQmFyYW4h,,W0Fyw6FuZGFubyBSb2pvXQpFc3TDoSBhbCBub3J0ZSBkZXNwdcOpcyBkZSBwYXNhciBlbCBwYWxhY2lvLgpSZWlubyBkZSBsYXMgVmFscXVpcmlhcyBkZSBQcm9udGVyYSwKTGFnbyBHcmVlbndvb2QgZGUgUGF5b24sCkJyaXRvbmlhaGggZGUgR2VmZmVuLArCoXkgTHVpbmEgZGUgQWwgRGUgQmFyYW4h
fqTvCQ,,W0NyYW5iZXJyeV0KVGhlIFZhbGt5cmllIFJlYWxtIGNhc3RsZSBpcyBrbm93biB0byBiZSBwYXJ0aWN1bGFybHkgZGlmZmljdWx0IHRvIGNsYWltLgpTbyBJIGhlYXJkIHNpZWdlIGFyZWFzIGZvciBsZXNzIGV4cGVyaWVuY2VkIGFkdmVudHVyZXJz,,,,,W0FpcmVsYV0KTyBjYXN0ZWxvIGRvIEZldWRvIGRhcyBWYWxxdcOtcmlhcyDDqSBjb25oZWNpZG8gcG9yIHNlciBwYXJ0aWN1bGFybWVudGUgZGlmw61jaWwgZGUgcmVpdmluZGljYXIuClBvciBpc3NvLCBvdXZpIGZhbGFyIGRlIMOhcmVhcyBkZSBjZXJjbyBwYXJhIGF2ZW50dXJlaXJvcyBtZW5vcyBleHBlcmllbnRlcw==,,W0Fyw6FuZGFubyBSb2pvXQpTZSBzYWJlIHF1ZSBlbCBjYXN0aWxsbyBkZWwgUmVpbm8gZGUgbGFzIFZhbHF1aXJpYXMgZXMgZXNwZWNpYWxtZW50ZSBkaWbDrWNpbCBkZSByZWNsYW1hci4KQXPDrSBxdWUgb8OtIHpvbmFzIGRlIGd1ZXJyYSBwYXJhIGF2ZW50dXJlcm9zIG1lbm9zIGV4cGVyaW1lbnRhZG9z
f6TvCQ,,W0NyYW5iZXJyeV0KaGF2ZSBiZWVuIG5ld2x5IGJ1aWx0IGluIF40RDRERkZLYWZyYSBHYXJkZW5eMDAwMDAwIGFuZCBpbiBeNEQ0REZGR2xvcmlhXjAwMDAwMC4=,,,,,W0FpcmVsYV0KZm9yYW0gY29uc3RydcOtZG9zIHJlY2VudGVtZW50ZSBlbSBeNEQ0REZGS2FmcmFnYXJ0ZW5eMDAwMDAwIGUgZW0gXjRENERGRkdsb3JpYV4wMDAwMDAu,,W0Fyw6FuZGFubyBSb2pvXQplbiBeNEQ0REZGSmFyZMOtbiBkZSBLYWZyYV4wMDAwMDAgeSBlbiBeNEQ0REZGR2xvcmlhXjAwMDAwMC4=
gKTvCQ,,W0NyYW5iZXJyeV0KR3Jvd24gdXBzIGNhbGwgdGhlc2UgdHdvIHBsYWNlcyB0aGUgXjRENERGRlRFXjAwMDAwMC4KQnV0IGl0IGxvb2tzIGxpa2UgZXZlbiBraWRzIGxpa2UgbWUgY2FuIGRvIHRoZW0sIGRvZXNuJ3QgaXQ/,,,,,W0FpcmVsYV0KT3MgYWR1bHRvcyBjaGFtYW0gZXNzZXMgZG9pcyBsdWdhcmVzIGRlIF40RDRERkZURV4wMDAwMDAuCk1hcyBwYXJlY2UgcXVlIGF0w6kgY3JpYW7Dp2FzIGNvbW8gZXUgY29uc2VndWVtIGZhesOqLWxvcywgbsOjbyDDqSBtZXNtbz8=,,W0Fyw6FuZGFubyBSb2pvXQpMb3MgYWR1bHRvcyBsbGFtYW4gYSBlc3RvcyBkb3MgbHVnYXJlcyBlbCBeNEQ0REZGVEVeMDAwMDAwLgpQZXJvIHBhcmVjZSBxdWUgaGFzdGEgbG9zIG5pw7FvcyBjb21vIHlvIHB1ZWRlbiBoYWNlcmxvcywgwr9ubz8=
gaTvCQ,,W0NyYW5iZXJyeV0KU28gSSB0cmllZCB0byBnbyB0aGVyZSwgYnV0IHRoZSBwYWxhY2UgZ3VhcmRzIGtlZXAgc3RvcHBpbmcgbWUuCkkgaGF2ZSB0byBjcmVhdGUgYSBndWlsZCwgZmlyc3Qu,,,,,W0FpcmVsYV0KRW50w6NvLCB0ZW50ZWkgaXIgYXTDqSBsw6EsIG1hcyBvcyBndWFyZGFzIGRvIHBhbMOhY2lvIGNvbnRpbnVhbSBtZSBpbXBlZGluZG8uClByaW1laXJvLCB0ZW5obyBxdWUgY3JpYXIgdW1hIGd1aWxkYS4=,,W0Fyw6FuZGFubyBSb2pvXQpIZSBpbnRlbnRhZG8gaXIgYWxsw60sIHBlcm8gbG9zIGd1YXJkaWFzIGRlIHBhbGFjaW8gbm8gZGVqYW4gZGUgaW1wZWTDrXJtZWxvLgpQcmltZXJvIHRlbmdvIHF1ZSBjcmVhciB1biBncmVtaW8u
gqTvCQ,,W0NyYW5iZXJyeV0KVGhhdCdzIHdoeSBCbHVlIHdlbnQgdG8gdGhlIHRvd24gb2ZmaWNlIHRvIG1ha2UgYSBndWlsZCE=,,,,,W0FpcmVsYV0Kw4kgcG9yIGlzc28gcXVlIEJsdWUgZm9pIGFvIGVzY3JpdMOzcmlvIGRhIGNpZGFkZSBwYXJhIGNyaWFyIHVtYSBndWlsZGEh,,W0Fyw6FuZGFubyBSb2pvXQrCoUVzIHBvciBlc28gcXVlIEJsdWUgZnVlIGEgbGEgb2ZpY2luYSBkZSBsYSBjaXVkYWQgcGFyYSBoYWNlciB1biBncmVtaW8h
g6TvCQ,,W0NyYW5iZXJyeV0KQWguLi4uCldlbGwuLi4gSSBndWVzcyBJIGhhdmUgdG8gZ28gYmFjayBiZWZvcmUgSSBnZXQgeWVsbGVkIGF0LgpUaGFuayB5b3UgZm9yIGNvbWluZyBhbGwgdGhlIHdheSBoZXJlIGp1c3QgdG8gdGVsbCBtZS4KSSdsbCBzdGF5IGhlcmUganVzdCBhIGxpdHRsZSBsb25nZXIgYW5kIGhlYWQgb3V0Lg==,,,,,W0FpcmVsYV0KQWguLi4uCkJlbS4uLiBBY2hvIHF1ZSB0ZW5obyBxdWUgdm9sdGFyIGFudGVzIHF1ZSBncml0ZW0gY29taWdvLgpPYnJpZ2FkbyBwb3IgdGVyIHZpbmRvIGF0w6kgYXF1aSBzw7MgcGFyYSBtZSBjb250YXIuClZvdSBmaWNhciBhcXVpIHPDsyBtYWlzIHVtIHBvdWNvIGUgdm91IGVtYm9yYS4=,,W0Fyw6FuZGFubyBSb2pvXQpBaC4uLi4KQnVlbm8uLi4gU3Vwb25nbyBxdWUgdGVuZ28gcXVlIHZvbHZlciBhbnRlcyBkZSBxdWUgbWUgZ3JpdGVuLgpHcmFjaWFzIHBvciB2ZW5pciBoYXN0YSBhcXXDrSBzw7NsbyBwYXJhIGRlY8Otcm1lbG8uCk1lIHF1ZWRhcsOpIGFxdcOtIHVuIHBvY28gbcOhcyB5IG1lIGlyw6ku
hKTvCQ,,W0NyYW5iZXJyeV0KQnkgdGhlIHdheSwgSSBzYXcgXjRENERGRmNydXNhZGVyc14wMDAwMDAgZ29pbmcgaW5zaWRlIHRoZSBwYWxhY2UuClRoZWlyIG9mZmljZSBtdXN0IGJlIGluc2lkZS4KU28gbHVja3ku,,,,,W0FpcmVsYV0KQSBwcm9ww7NzaXRvLCB2aSBeNEQ0REZGVGVtcGzDoXJpb3NeMDAwMDAwIGVudHJhbmRvIG5vIHBhbMOhY2lvLgpPIGVzY3JpdMOzcmlvIGRlbGVzIGRldmUgZXN0YXIgbMOhIGRlbnRyby4KUXVlIHNvcnRlLg==,,W0Fyw6FuZGFubyBSb2pvXQpQb3IgY2llcnRvLCB2aSBhIF40RDRERkZjcnVzYWRlcnNeMDAwMDAwIGVudHJhbmRvIGVuIGVsIHBhbGFjaW8uClN1IG9maWNpbmEgZGViZSBlc3RhciBkZW50cm8uClF1w6kgc3VlcnRlLg==
haTvCQ,,W0NyYW5iZXJyeV0KUmFzIGFuZCBCbHVlPwpCbHVlIHdlbnQgdG8gdGhlIHRvd24gb2ZmaWNlLgpSYXMgd2VudCB0byB0aGUgcmVmaW5lcnkgdG8gaGVhciAnQXJycnJycmdoISc=,,,,,W0FpcmVsYV0KRnJhbSBlIE1pcj8KTWlyIGZvaSBhbyBlc2NyaXTDs3JpbyBkYSBjaWRhZGUuCkZyYW0gZm9pIGF0w6kgYSByZWZpbmFyaWEgcGFyYSBvdXZpciAnJ0FycnJycnJnaCEnJy4=,,W0Fyw6FuZGFubyBSb2pvXQrCv0ZyYW4geSBBcsOhbj8KQXLDoW4gZnVlIGEgbGEgb2ZpY2luYSBtdW5pY2lwYWwuCkZyYW4gZnVlIGEgbGEgcmVmaW5lcsOtYSBhIG/DrXIgJyfCoUFycnJycmdoIQ==
hqTvCQ,,RHVzdCBNYXJr,,,,,TWFyY2EgZGUgUG9laXJh,,TWFyY2EgZGUgcG9sdm8=
h6TvCQ,,U29tZW9uZSBtdXN0IGhhdmUgbGVmdCB0aGlzIGhlcmUgaW4gYSBmaWdodC4=,,,,,QWxndcOpbSBkZXZlIHRlciBkZWl4YWRvIGlzc28gYXF1aSBlbSB1bWEgYnJpZ2Eu,,QWxndWllbiBkZWJlIGhhYmVyIGRlamFkbyBlc3RvIGFxdcOtIGVuIHVuYSBwZWxlYS4=
iKTvCQ,,W0xlbm9dCllvdSdyZSBoZXJlIQpMb29rIGF0IHRoaXMuCkEgc29sZGllciBmcm9tIHRoZSB3ZXN0IGdhdGUgZm91Z2h0IHdpdGggYSBzdXNwaWNpb3VzIG1hbiBoZXJlLCBzbyBJIGNhbWUgdG8gdGFrZSBhIGxvb2su,,,,,W0xlbm9dClZvY8OqIGVzdMOhIGFxdWkhCkTDqiB1bWEgb2xoYWRhIG5pc3NvLgpVbSBzb2xkYWRvIGRvIHBvcnTDo28gb2VzdGUgbHV0b3UgY29tIHVtIGhvbWVtIHN1c3BlaXRvIGFxdWksIGVudMOjbyB2aW0gZGFyIHVtYSBvbGhhZGEu,,W0xlbm9dCsKhRXN0w6FzIGFxdcOtIQpNaXJhIGVzdG8uClVuIHNvbGRhZG8gZGUgbGEgcHVlcnRhIG9lc3RlIGx1Y2jDsyBjb24gdW4gaG9tYnJlIHNvc3BlY2hvc28gYXF1w60sIGFzw60gcXVlIHZpbmUgYSBlY2hhciB1biB2aXN0YXpvLg==
iaTvCQ,,W0xlbm9dClNwZWFraW5nIG9mIHRoYXQgQnJlbm8sIGl0IHN0aWxsIG1ha2VzIG1lIG1hZCwgZXZlbiBub3cuClRha2luZyBhZHZhbnRhZ2Ugb2Ygb25lJ3MgZ29vZCB3aWxsLi4u,,,,,W0xlbm9dCkZhbGFuZG8gbmVzc2UgQnJlbm8sIGVsZSBhaW5kYSBtZSBkZWl4YSBmdXJpb3NvLCBtZXNtbyBhZ29yYS4KVGlyYXIgdmFudGFnZW0gZGEgYm9hIHZvbnRhZGUgZGUgYWxndcOpbS4uLg==,,W0xlbm9dCkhhYmxhbmRvIGRlIGVzZSBCcmVubywgdG9kYXbDrWEgbWUgZW5mdXJlY2UsIGluY2x1c28gYWhvcmEuCkFwcm92ZWNoYXJzZSBkZSBsYSBidWVuYSB2b2x1bnRhZCBkZSB1bm8uLi4=
iqTvCQ,,W0xlbm9dCkl0IGlzIGxpa2Ugd2UgZW5kZWQgdXAgXjRENERGRmFkdmVydGlzaW5nIGZvciBhIGN1bHReMDAwMDAwLg==,,,,,W0xlbm9dCsOJIGNvbW8gc2UgdGl2w6lzc2Vtb3MgYWNhYmFkbyBeNEQ0REZGZmF6ZW5kbyBwcm9wYWdhbmRhIHBhcmEgdW0gY3VsdG9eMDAwMDAwLg==,,W0xlbm9dCkVzIGNvbW8gc2kgYWNhYsOhcmFtb3MgXjRENERGRmhhY2llbmRvIHB1YmxpY2lkYWQgcGFyYSB1bmEgc2VjdGFeMDAwMDAwLg==
i6TvCQ,,W0xlbm9dCkkgdG9vayBhIGxvb2sgYXJvdW5kLgpUaGVyZSB3ZXJlIHNvbWUgdHJhY2tzIG9mIHNvbWVvbmUgcnVubmluZyBhd2F5IHRoYXQgbGVkIHRvIHRoZSBvdGhlciBzaWRlIG9mIHRoZSBicmlkZ2UgdG8gdGhlIHNvdXRoLg==,,,,,W0xlbm9dCkRlaSB1bWEgb2xoYWRhIGFvIHJlZG9yLgpIYXZpYSBhbGd1bnMgcmFzdHJvcyBkZSBhbGd1w6ltIGZ1Z2luZG8gcXVlIGxldmF2YW0gYW8gb3V0cm8gbGFkbyBkYSBwb250ZSwgYW8gc3VsLg==,,W0xlbm9dCkVjaMOpIHVuIHZpc3Rhem8gYWxyZWRlZG9yLgpIYWLDrWEgdW5hcyBodWVsbGFzIGRlIGFsZ3VpZW4gaHV5ZW5kbyBxdWUgbGxldmFiYW4gYWwgb3RybyBsYWRvIGRlbCBwdWVudGUsIGhhY2lhIGVsIHN1ci4=
jKTvCQ,,W0xlbm9dCk1vbnN0ZXJzIGNhbGxlZCBeNEQ0REZGUm9ja2VyXjAwMDAwMCBhcHBlYXIgdGhlcmUsIGRvIHlvdSB0aGluayB5b3UgY2FuIGdvIHRoZXJlPw==,,,,,W0xlbm9dCk9zIG1vbnN0cm9zIGNoYW1hZG9zIF40RDRERkZSb2NrZXJeMDAwMDAwIGFwYXJlY2VtIGzDoSwgdm9jw6ogYWNoYSBxdWUgcG9kZSBpciBhdMOpIGzDoT8=,,W0xlbm9dCk1vbnN0cnVvcyBsbGFtYWRvcyBeNEQ0REZGUm9ja2Vyb14wMDAwMDAgYXBhcmVjZW4gYWxsw60sIMK/Y3JlZXMgcXVlIHB1ZWRlcyBpciBhbGzDrT8=
jaTvCQ,,Tm8gcHJvYmxlbS4=,,,,,TsOjbyBow6EgcHJvYmxlbWEu,,Tm8gaGF5IHByb2JsZW1hLg==
jqTvCQ,,RG9uJ3QgSSBuZWVkIG1vcmUgdHJhaW5pbmc/,,,,,TsOjbyBwcmVjaXNvIGRlIG1haXMgdHJlaW5hbWVudG8/,,wr9ObyBuZWNlc2l0byBtw6FzIGZvcm1hY2nDs24/
j6TvCQ,,W0xlbm9dCkhtbW1tbS4gSXQncyB0b28gaGFyZCBmb3IgeW91IG5vdyEKWW91ciBzaG91bGQgYmUgYXQgbGVhc3QgTGV2ZWwgMTEh,,,,,W0xlbm9dCkhtbW1tbS4gRXN0w6EgbXVpdG8gZGlmw61jaWwgcGFyYSB2b2PDqiBhZ29yYSEKVm9jw6ogZGV2ZXJpYSBlc3RhciBwZWxvIG1lbm9zIG5vIG7DrXZlbCAxMSE=,,W0xlbm9dCkhtbW1tbS4gwqFFcyBkZW1hc2lhZG8gZGlmw61jaWwgcGFyYSB0aSBhaG9yYSEKwqFEZWJlcsOtYXMgc2VyIGFsIG1lbm9zIGRlIG5pdmVsIDExIQ==
kKTvCQ,,W0xlbm9dCklzIHRoZXJlIGFueXRoaW5nIGdvb2QgYXJvdW5kIGhlcmU/CkFoLCB5ZXMhIEEgYm95IG5hbWVkIF40RDRERkZQYXVsXjAwMDAwMCBpcyBsb29raW5nIGZvciBzb21lb25lIHRvIHRha2UgaGlzIHF1ZXN0Lg==,,,,,W0xlbm9dCkjDoSBhbGd1bWEgY29pc2EgYm9hIHBvciBhcXVpPwpBaCwgc2ltISBVbSBnYXJvdG8gY2hhbWFkbyBeNEQ0REZGUGF1bGluaG9eMDAwMDAwIGVzdMOhIHByb2N1cmFuZG8gYWxndcOpbSBwYXJhIGZhemVyIHN1YSBidXNjYS4=,,W0xlbm9dCsK/SGF5IGFsZ28gYnVlbm8gcG9yIGFxdcOtPwrCoUFoLCBzw60hIFVuIGNoaWNvIGxsYW1hZG8gXjRENERGRlBhdWxeMDAwMDAwIGVzdMOhIGJ1c2NhbmRvIGEgYWxndWllbiBwYXJhIHN1IGLDunNxdWVkYS4=
kaTvCQ,,W0xlbm9dCkxldCdzIHNldCBvdXQgYWZ0ZXIgY29tcGxldGluZyBeNEQ0REZGUGF1bCdzIHF1ZXN0XjAwMDAwMCBpZiBwb3NzaWJsZS4KV2UgbmVlZCB0byBiZSBqdXN0IGEgbGl0dGxlIHN0cm9uZ2VyLg==,,,,,W0xlbm9dClZhbW9zIHBhcnRpciBkZXBvaXMgZGUgY29uY2x1aXIgYSBeNEQ0REZGbWlzc8OjbyBkbyBQYXVsXjAwMDAwMCwgc2UgcG9zc8OtdmVsLgpQcmVjaXNhbW9zIHNlciB1bSBwb3VjbyBtYWlzIGZvcnRlcy4=,,W0xlbm9dClBhcnRhbW9zIGRlc3B1w6lzIGRlIGNvbXBsZXRhciBsYSBiw7pzcXVlZGEgZGUgXjRENERGRlBhdWxeMDAwMDAwIHNpIGVzIHBvc2libGUuCk5lY2VzaXRhbW9zIHNlciB1biBwb2NvIG3DoXMgZnVlcnRlcy4=
kqTvCQ,,W0xlbm9dCkhtbS4uLiBJIHRoaW5rIHdlJ2xsIGJlIGZpbmUuCkknbGwgaGVscCB5b3UgaWYgdGhpbmdzIGdldCB1Z2x5IG91dCB0aGVyZS4KQW5kIHlvdSdkIGJldHRlciBkbyB0aGUgc2FtZSBmb3IgbWUh,,,,,W0xlbm9dCkhtbS4uLiBBY2hvIHF1ZSBmaWNhcmVtb3MgYmVtLgpFdSBvIGFqdWRhcmVpIHNlIGFzIGNvaXNhcyBmaWNhcmVtIGZlaWFzIGzDoSBmb3JhLgpFIMOpIG1lbGhvciB2b2PDqiBmYXplciBvIG1lc21vIHBvciBtaW0h,,W0xlbm9dCkhtbS4uLiBDcmVvIHF1ZSBlc3RhcmVtb3MgYmllbi4KVGUgYXl1ZGFyw6kgc2kgbGFzIGNvc2FzIHNlIHBvbmVuIGZlYXMgYWjDrSBmdWVyYS4KwqFZIHNlcsOhIG1lam9yIHF1ZSBoYWdhcyBsbyBtaXNtbyBwb3IgbcOtIQ==
k6TvCQ,,W0xlbm9dCldlbGwsIGlmIHlvdSBzdGlsbCB0aGluayB5b3UgbmVlZCBtb3JlIHRyYWluaW5nLi4uCkFoLCB5ZXMhIEEgYm95IG5hbWVkIF40RDRERkZQYXVsXjAwMDAwMCBpcyBsb29raW5nIGZvciBzb21lb25lIHRvIHRha2UgaGlzIHF1ZXN0Lg==,,,,,W0xlbm9dCkJlbSwgc2Ugdm9jw6ogYWluZGEgYWNoYSBxdWUgcHJlY2lzYSBkZSBtYWlzIHRyZWluYW1lbnRvLi4uCkFoLCBzaW0hIFVtIGdhcm90byBjaGFtYWRvIF40RDRERkZQYXVsaW5ob14wMDAwMDAgZXN0w6EgcHJvY3VyYW5kbyBhbGd1w6ltIHBhcmEgZmF6ZXIgc3VhIG1pc3PDo28u,,W0xlbm9dCkJ1ZW5vLCBzaSBhw7puIGNyZWVzIHF1ZSBuZWNlc2l0YXMgbcOhcyBlbnRyZW5hbWllbnRvLi4uCsKhQWgsIHPDrSEgVW4gY2hpY28gbGxhbWFkbyBeNEQ0REZGUGF1bF4wMDAwMDAgZXN0w6EgYnVzY2FuZG8gYSBhbGd1aWVuIHBhcmEgc3UgYsO6c3F1ZWRhLg==
lKTvCQ,,W0xlbm9dCldlIGhhdmUgcGxlbnR5IG9mIHRpbWUsIHNvIHdlIGNhbiBsZWF2ZSBoZXJlIGFmdGVyIGxpc3RlbmluZyB0byB3aGF0IFBhdWwncyBnb3QgdG8gc2F5Lg==,,,,,W0xlbm9dClRlbW9zIHRlbXBvIGRlIHNvYnJhLCBlbnTDo28gcG9kZW1vcyBzYWlyIGRhcXVpIGRlcG9pcyBkZSBvdXZpciBvIHF1ZSBQYXVsaW5obyB0ZW0gYSBkaXplci4=,,W0xlbm9dClRlbmVtb3MgdGllbXBvIGRlIHNvYnJhLCBhc8OtIHF1ZSBwb2RlbW9zIGlybm9zIGRlc3B1w6lzIGRlIGVzY3VjaGFyIGxvIHF1ZSBQYXVsIHRpZW5lIHF1ZSBkZWNpci4=
laTvCQ,,W0xlbm9dCldlIGFyZSBhZHZlbnR1cmVycywgYXJlbid0IHdlPwpUYWxrIHRvIG1lIGFnYWluIHdoZW4geW91J3JlIHJlYWR5IQ==,,,,,W0xlbm9dClNvbW9zIGF2ZW50dXJlaXJvcywgbsOjbyBzb21vcz8KVm9sdGUgYSBmYWxhciBjb21pZ28gcXVhbmRvIGVzdGl2ZXIgcHJvbnRvIQ==,,W0xlbm9dClNvbW9zIGF2ZW50dXJlcm9zLCDCv25vPwrCoUjDoWJsYW1lIGRlIG51ZXZvIGN1YW5kbyBlc3TDqXMgbGlzdG8h
lqTvCQ,,W0xlbm9dCkdvb2QsIGl0J3MgdG8gdGhlIHNvdXRoLCByaWdodCBhZnRlciBjcm9zc2luZyB0aGUgYnJpZGdlIGhlcmUuCkxldCdzIGdvLg==,,,,,W0xlbm9dCsOTdGltbywgZmljYSBhbyBzdWwsIGxvZ28gZGVwb2lzIGRlIGF0cmF2ZXNzYXIgYSBwb250ZSBhcXVpLgpWYW1vcyBsw6Eu,,W0xlbm9dCkJpZW4sIGVzdMOhIGFsIHN1ciwganVzdG8gZGVzcHXDqXMgZGUgY3J1emFyIGVsIHB1ZW50ZSBhcXXDrS4KVsOhbW9ub3Mu
l6TvCQ,,W0xlbm9dCllvdSdyZSBzdGlsbCBub3QgcmVhZHkhCkdvIGFuZCBnZXQgc29tZSBtb3JlIHRyYWluaW5nIQ==,,,,,W0xlbm9dClZvY8OqIGFpbmRhIG7Do28gZXN0w6EgcHJvbnRvIQpWw6EgdHJlaW5hciBtYWlzIHVtIHBvdWNvIQ==,,W0xlbm9dCsKhVG9kYXbDrWEgbm8gZXN0w6FzIGxpc3RvIQrCoVZlIGEgZW50cmVuYXIgdW4gcG9jbyBtw6FzIQ==
mKTvCQ,,U2VhcmNoZWQgQnVzaA==,,,,,QXJidXN0byBNZXhpZG8=,,QnVzY2FkbyBCdXNo
maTvCQ,,T2ghIE9oIG5vISBUaG9zZSBDcmF6eSBSb2NrZXJzIQ==,,,,,T2ghIE9oIG7Do28hIEVzc2VzIFJvY2tlcnMgbWFsdWNvcyE=,,wqFPaCEgwqFPaCBubyEgwqFFc29zIGxvY29zIHJvY2tlcm9zIQ==
mqTvCQ,,TGVubydzIGFscmVhZHkgaGVhZGVkIHRvIHRoZSBzb3V0aC4=,,,,,TGVubyBqw6EgZXN0w6EgaW5kbyBwYXJhIG8gc3VsLg==,,TGVubyB5YSBzZSBkaXJpZ2UgYWwgc3VyLg==
m6TvCQ,,W0xlbm9dCkhleSwgZ29vZCB0aW1pbmcuCkhlYXIgbWUgb3V0LgpJIGFycml2ZWQgaGVyZSBzbGlnaHRseSBlYXJsaWVyIHRoYW4geW91IGRpZC4=,,,,,W0xlbm9dCkVpLCBib2EgaG9yYS4KT3XDp2EtbWUuCkNoZWd1ZWkgYXF1aSB1bSBwb3VjbyBhbnRlcyBkZSB2b2PDqi4=,,W0xlbm9dCkhleSwgYnVlbiBtb21lbnRvLgpFc2PDumNoYW1lLgpMbGVndcOpIGFxdcOtIHVuIHBvY28gYW50ZXMgcXVlIHTDui4=
nKTvCQ,,W0xlbm9dCkkgc2F3IGEgYnVzaCB0aGF0IHdhcyBhbGwgcnVzdGxlZCwgYW5kIEkgc2F3IHNvbWUgcGFwZXIgaGVyZSBpbiB0aGlzIHRyZWUu,,,,,W0xlbm9dCkV1IHZpIHVtIGFyYnVzdG8gcXVlIGVzdGF2YSB0b2RvIGFtYXNzYWRvIGUgdmkgdW0gcGFwZWwgYXF1aSBuZXN0YSDDoXJ2b3JlLg==,,W0xlbm9dClZpIHVuIGFyYnVzdG8gcXVlIGVzdGFiYSB0b2RvIGNydWppZG8sIHkgdmkgYWxnbyBkZSBwYXBlbCBhcXXDrSBlbiBlc3RlIMOhcmJvbC4=
naTvCQ,,W0xlbm9dCkRvIHlvdSByZW1lbWJlciB0aGUgcG9zdGVycyB3ZSBwdXQgdXA/Ckl0IGxvb2tlZCBqdXN0IGxpa2UgdGhhdC4uLgpUaGVyZSB3YXMgYSBwaWN0dXJlIG9uIHRoZSBiYWNrLg==,,,,,W0xlbm9dClZvY8OqIHNlIGxlbWJyYSBkb3MgcMO0c3RlcmVzIHF1ZSBjb2xvY2Ftb3M/CkVyYSBpZ3VhbHppbmhvIGEgZXNzZS4uLgpIYXZpYSB1bWEgZm90byBubyB2ZXJzby4=,,W0xlbm9dCsK/UmVjdWVyZGFzIGxvcyBjYXJ0ZWxlcyBxdWUgcHVzaW1vcz8KRXJhbiBhc8OtLi4uCkhhYsOtYSB1bmEgZm90byBlbiBsYSBwYXJ0ZSBkZSBhdHLDoXMu
nqTvCQ,,W0xlbm9dClNvIEkgdHJpZWQgdG8gdGFrZSBhIGNsb3NlIGxvb2ssIGFuZCBhIFJvY2tlciBzdWRkZW5seSBhcHBlYXJlZCBhbmQgc25hdGNoZWQgaXQgYXdheSBmcm9tIG1lIQ==,,,,,W0xlbm9dCkVudMOjbywgdGVudGVpIGRhciB1bWEgb2xoYWRhIG1haXMgZGUgcGVydG8sIG1hcyB1bSBSb2NrZXIgYXBhcmVjZXUgZGUgcmVwZW50ZSBlIG8gYXJyYW5jb3UgZGUgbWltIQ==,,W0xlbm9dCkFzw60gcXVlIGludGVudMOpIG1pcmFybG8gZGUgY2VyY2EsIMKheSBkZSByZXBlbnRlIGFwYXJlY2nDsyB1biBSb2NrZXIgeSBtZSBsbyBhcnJlYmF0w7Mh
n6TvCQ,,W0xlbm9dCkl0IGp1c3QgcHV0IHRoZSBwYXBlciBpbiBpdHMgbW91dGggYW5kIHdhbGtlZCBhd2F5IQ==,,,,,W0xlbm9dCkVsZSBzaW1wbGVzbWVudGUgY29sb2NvdSBvIHBhcGVsIGVtIHN1YSBib2NhIGUgZm9pIGVtYm9yYSE=,,W0xlbm9dCsKhU2UgbWV0acOzIGVsIHBhcGVsIGVuIGxhIGJvY2EgeSBzZSBmdWUh
oKTvCQ,,W0xlbm9dCldoYXQganVzdCBoYXBwZW5lZD8gRG8geW91IHRoaW5rIHRoZSBSb2NrZXIgd2FzIGp1c3QgdHJ5aW5nIHRvIG1lc3Mgd2l0aCBtZT8=,,,,,W0xlbm9dCk8gcXVlIGFjYWJvdSBkZSBhY29udGVjZXI/IFZvY8OqIGFjaGEgcXVlIG8gUm9ja2VyIGVzdGF2YSBhcGVuYXMgdGVudGFuZG8gbWUgYXRyYXBhbGhhcj8=,,W0xlbm9dCsK/UXXDqSBhY2FiYSBkZSBwYXNhcj8gwr9DcmVlcyBxdWUgZWwgUm9ja2VyIHPDs2xvIGVzdGFiYSB0cmF0YW5kbyBkZSBtZXRlcnNlIGNvbm1pZ28/
oaTvCQ,,V2UndmUgZ290dGEgZmluZCBpdCE=,,,,,VGVtb3MgcXVlIGVuY29udHLDoS1sbyE=,,wqFUZW5lbW9zIHF1ZSBlbmNvbnRyYXJsbyE=
oqTvCQ,,W0xlbm9dClllYWghIEkgZG9uJ3Qga25vdyB3aGljaCBvbmUgdG9vayB0aGF0IHBhcGVyLCBidXQgbGV0J3MgaHVudCBzb21lIFJvY2tlcnMgYXJvdW5kIGhlcmUu,,,,,W0xlbm9dClNpbSEgTsOjbyBzZWkgcXVhbCBkZWxlcyBwZWdvdSBlc3NlIGpvcm5hbCwgbWFzIHZhbW9zIGNhw6dhciBhbGd1bnMgUm9ja2VycyBwb3IgYXF1aS4=,,W0xlbm9dCsKhU8OtISBObyBzw6kgcXVpw6luIGNvZ2nDsyBlc2UgcGFwZWwsIHBlcm8gdmFtb3MgYSBjYXphciBhbGd1bm9zIFJvY2tlcnMgcG9yIGFxdcOtLg==
o6TvCQ,,W0xlbm9dCldlJ2xsIGh1bnQgdGhlbSBkb3duIG9uZSBieSBvbmUsIHRoZW4gd2UnbGwgZ2V0IHRoZSBwYXBlciBldmVudHVhbGx5LCByaWdodD8KV2Ugc3RpbGwgbWlnaHQgbm90IGJlIGFibGUgZmluZCB0aGUgcGFwZXIsIHRob3VnaCwgc28gbGV0J3Mgbm90IG92ZXJkbyBpdCwgYW5kIGFncmVlIHRvIG1lZXQgYmFjayBoZXJlLg==,,,,,W0xlbm9dClZhbW9zIGNhw6fDoS1sb3MgdW0gYSB1bSBlLCBubyBmaW5hbCwgY29uc2VndWlyZW1vcyBvIGpvcm5hbCwgY2VydG8/CkFpbmRhIGFzc2ltLCB0YWx2ZXogbsOjbyBjb25zaWdhbW9zIGVuY29udHJhciBvIGpvcm5hbCwgcG9ydGFudG8sIG7Do28gdmFtb3MgZXhhZ2VyYXIgZSBjb25jb3JkYXIgZW0gbm9zIGVuY29udHJhciBhcXVpLg==,,W0xlbm9dCkxvcyBjYXphcmVtb3MgdW5vIGEgdW5vLCB5IGFsIGZpbmFsIGNvbnNlZ3VpcmVtb3MgZWwgcGVyacOzZGljbywgwr9ubz8KQXVucXVlIHB1ZWRlIHF1ZSBubyBlbmNvbnRyZW1vcyBlbCBwZXJpw7NkaWNvLCBhc8OtIHF1ZSBubyBleGFnZXJlbW9zIHkgYWNvcmRlbW9zIHJldW5pcm5vcyBhcXXDrS4=
pKTvCQ,,W0xlbm9dCkxldCdzIGh1bnQgc29tZSBSb2NrZXJzIGFyb3VuZCBoZXJlIGZpcnN0LgpXZWxsLCBpdCBjYW4ndCBiZSBoZWxwZWQgaWYgd2UgY2FuJ3QgZmluZCBpdC4=,,,,,W0xlbm9dClZhbW9zIGNhw6dhciBhbGd1bnMgUm9ja2VycyBwb3IgYXF1aSBwcmltZWlyby4KQmVtLCBuw6NvIGjDoSBjb21vIGV2aXRhciBzZSBuw6NvIGNvbnNlZ3Vpcm1vcyBlbmNvbnRyw6EtbG8u,,W0xlbm9dClZhbW9zIGEgY2F6YXIgYWxndW5vcyBSb2NrZXJzIHBvciBhcXXDrSBwcmltZXJvLgpCdWVubywgbm8gc2UgcHVlZGUgZXZpdGFyIHNpIG5vIHBvZGVtb3MgZW5jb250cmFybG8u
paTvCQ,,W0xlbm9dCkkgZ3Vlc3MgdGhleSBjaGV3ZWQgaXQgYW5kIHN3YWxsb3dlZCBpdCB1cCEKRGlkIHlvdSBmaW5kIHNvbWV0aGluZz8=,,,,,W0xlbm9dCkFjaG8gcXVlIGVsZXMgbWFzdGlnYXJhbSBlIGVuZ29saXJhbSB0dWRvIQpWb2PDqiBlbmNvbnRyb3UgYWxndW1hIGNvaXNhPw==,,W0xlbm9dCsKhU3Vwb25nbyBxdWUgbG8gbWFzdGljYXJvbiB5IHNlIGxvIHRyYWdhcm9uIQrCv0VuY29udHJhc3RlIGFsZ28/
pqTvCQ,,Tm8u,,,,,TsOjby4=,,Tm8u
p6TvCQ,,U2hvdWxkIHdlIGh1bnQgbW9yZT8=,,,,,RGV2ZW1vcyBjYcOnYXIgbWFpcz8=,,wr9EZWJlcsOtYW1vcyBjYXphciBtw6FzPw==
qKTvCQ,,W0xlbm9dCkFoLi4uIEZpbmRpbmcgYSBwaWVjZSBvZiBwYXBlciBieSBodW50aW5nIFJvY2tlcnMgc2VlbXMgYWxtb3N0IGltcG9zc2libGUu,,,,,W0xlbm9dCkFoLi4uIEVuY29udHJhciB1bSBwZWRhw6dvIGRlIHBhcGVsIGNhw6dhbmRvIFJvY2tlcnMgcGFyZWNlIHF1YXNlIGltcG9zc8OtdmVsLg==,,W0xlbm9dCkFoLi4uIEVuY29udHJhciB1biB0cm96byBkZSBwYXBlbCBjYXphbmRvIFJvY2tlcnMgcGFyZWNlIGNhc2kgaW1wb3NpYmxlLg==
qaTvCQ,,W0xlbm9dCkxldCdzIHN0b3AgaHVudGluZyB0aGVtIGZvciBub3cgYW5kLi4uIFdhaXQuLi4=,,,,,W0xlbm9dClZhbW9zIHBhcmFyIGRlIGNhw6fDoS1sb3MgcG9yIGVucXVhbnRvIGUuLi4gRXNwZXJhci4uLg==,,W0xlbm9dCkRlamVtb3MgZGUgY2F6YXJsb3MgcG9yIGFob3JhIHkuLi4gZXNwZXJlbW9zLi4u
qqTvCQ,,W0xlbm9dCldlbGwsIEkgY2FuJ3Qgc2F5IGl0J3MgbXVjaCwgYnV0Li4uCkkgZm91bmQgc29tZSB0cmFja3MgaGVhZGluZyB0byB0aGUgZWFzdC4=,,,,,W0xlbm9dCkJlbSwgbsOjbyBwb3NzbyBkaXplciBxdWUgw6kgbXVpdG8sIG1hcy4uLgpFbmNvbnRyZWkgYWxndW5zIHJhc3Ryb3MgaW5kbyBwYXJhIG8gbGVzdGUu,,W0xlbm9dCkJ1ZW5vLCBubyBwdWVkbyBkZWNpciBxdWUgc2VhIG11Y2hvLCBwZXJvLi4uCkVuY29udHLDqSBhbGd1bmFzIGh1ZWxsYXMgcXVlIHNlIGRpcmlnZW4gaGFjaWEgZWwgZXN0ZS4=
q6TvCQ,,W0xlbm9dClRoZXkgbXVzdCBoYXZlIGdvbmUgdGhhdCB3YXkuCkVhc3QgZnJvbSBoZXJlIGlzLi4uIFRoZSBvY2Vhbi4=,,,,,W0xlbm9dCkVsZXMgZGV2ZW0gdGVyIGlkbyBwb3IgYWxpLgpBIGxlc3RlIGRhcXVpIGVzdMOhLi4uIE8gb2NlYW5vLg==,,W0xlbm9dCkRlYmVuIGhhYmVyIGlkbyBwb3IgYWjDrS4KQWwgZXN0ZSBkZSBhcXXDrSBlc3TDoS4uLiBFbCBvY8OpYW5vLg==
rKTvCQ,,W0xlbm9dCkxldCdzIGdvIQpUbyB0aGVeNEQ0REZGZWFzdF4wMDAwMDAh,,,,,W0xlbm9dClZhbW9zIGzDoSEKUGFyYSBvXjRENERGRmxlc3RlXjAwMDAwMCE=,,W0xlbm9dCsKhVmFtb3MhCsKhQWxeNEQ0REZGZXN0ZV4wMDAwMDAh
raTvCQ,,U3VzcGljaW91cyBEb2N1bWVudA==,,,,,RG9jdW1lbnRvIFN1c3BlaXRv,,RG9jdW1lbnRvIHNvc3BlY2hvc28=
rqTvCQ,,VGhlIHRyYWNrcyBnbyB0aGF0IHdheSwgdG8gdGhlIGVhc3QuIExvb2tzIGxpa2UgdGhleSBnbyBwcmV0dHkgZmFyLCB0b28u,,,,,T3MgdHJpbGhvcyB2w6NvIG5hcXVlbGEgZGlyZcOnw6NvLCBwYXJhIG8gbGVzdGUuIFBhcmVjZSBxdWUgZWxlcyB2w6NvIGJlbSBsb25nZSB0YW1iw6ltLg==,,TGFzIHbDrWFzIHZhbiBlbiBlc2EgZGlyZWNjacOzbiwgaGFjaWEgZWwgZXN0ZS4gUGFyZWNlIHF1ZSB2YW4gYmFzdGFudGUgbGVqb3MsIHRhbWJpw6luLg==
r6TvCQ,,VGhlIHRyYWNrcyBnbyB0aGF0IHdheS4gTG9va3MgbGlrZSB0aGV5IGdvIHByZXR0eSBmYXIsIHRvby4=,,,,,T3MgdHJpbGhvcyB2w6NvIG5hcXVlbGEgZGlyZcOnw6NvLiBQYXJlY2UgcXVlIHbDo28gYmVtIGxvbmdlIHRhbWLDqW0u,,TGFzIHbDrWFzIHZhbiBlbiBlc2EgZGlyZWNjacOzbi4gUGFyZWNlIHF1ZSB2YW4gYmFzdGFudGUgbGVqb3MsIHRhbWJpw6luLg==
sKTvCQ,,UHJvbnRlcmEgU29sZGllcg==,,,,,U29sZGFkbyBkZSBQcm9udGVyYQ==,,UHJvbnRlcmEgU29sZGFkbw==
saTvCQ,,R29vZCB0byBzZWUgdGhlIHR3byBvZiB5b3Uu,,,,,w4kgYm9tIHZlciB2b2PDqnMgZG9pcy4=,,TWUgYWxlZ3JvIGRlIHZlcm9zLg==
sqTvCQ,,T2g/IEEgU29sZGllcj8=,,,,,T2g/IFVtIHNvbGRhZG8/,,wr9PaD8gwr9VbiBzb2xkYWRvPw==
s6TvCQ,,W1NvbGRpZXJdCkl0IHdhcyB5b3UgdHdvLCByaWdodD8KVGhlIGFkdmVudHVyZXJzIHBhcnRpY2lwYXRpbmcgaW4gdGhlIHNlYXJjaCBmb3IgdGhlIEdvZGRlc3MgRm9sbG93ZXJzLg==,,,,,W1NvbGRhZG9dCkZvcmFtIHZvY8OqcyBkb2lzLCBjZXJ0bz8KT3MgYXZlbnR1cmVpcm9zIHF1ZSBwYXJ0aWNpcGFtIGRhIGJ1c2NhIHBlbG9zIFNlZ3VpZG9yZXMgZGEgRGV1c2Eu,,W1NvbGRhZG9dCkZ1ZXJvbiB1c3RlZGVzIGRvcywgwr92ZXJkYWQ/CkxvcyBhdmVudHVyZXJvcyBxdWUgcGFydGljaXBhbiBlbiBsYSBiw7pzcXVlZGEgZGUgbG9zIFNlZ3VpZG9yZXMgZGUgbGEgRGlvc2Eu
tKTvCQ,,W1NvbGRpZXJdCldlIGRpZCBzb21lIGludmVzdGlnYXRpbmcgb2Ygb3VyIG93bjsgaXQncyBuaWNlIHRvIHJ1biBpbnRvIHlvdSB0d28gaGVyZS4KV2hhdCBhIGNvaW5jaWRlbmNlIQ==,,,,,W1NvbGRhZG9dCkZpemVtb3MgYWxndW1hcyBpbnZlc3RpZ2HDp8O1ZXMgcG9yIGNvbnRhIHByw7NwcmlhOyDDqSBib20gZW5jb250cmFyIHZvY8OqcyBkb2lzIGFxdWkuClF1ZSBjb2luY2lkw6puY2lhIQ==,,W1NvbGRhZG9dCkhlbW9zIGludmVzdGlnYWRvIHVuIHBvY28gcG9yIG51ZXN0cmEgY3VlbnRhOyBtZSBhbGVncm8gZGUgZW5jb250cmFyb3MgYXF1w60uCsKhUXXDqSBjb2luY2lkZW5jaWEh
taTvCQ,,V2hhdCdzIGdvaW5nIG9uPw==,,,,,TyBxdWUgZXN0w6EgYWNvbnRlY2VuZG8/,,wr9RdcOpIGVzIGxvIHF1ZSBwYXNhPw==
tqTvCQ,,W1NvbGRpZXJdClRoYXQgR29kZGVzcyBGb2xsb3dlciwgd2FzIGhpcyBuYW1lIEJyZW5vPwpIZSBtdXN0IGhhdmUgZmxlZCBQcm9udGVyYS4=,,,,,W1NvbGRhZG9dCkFxdWVsZSBTZWd1aWRvciBkYSBEZXVzYSwgc2V1IG5vbWUgZXJhIEJyZW5vPwpFbGUgZGV2ZSB0ZXIgZnVnaWRvIGRlIFByb250ZXJhLg==,,W1NvbGRhZG9dCkVzZSBzZWd1aWRvciBkZSBsYSBEaW9zYSwgwr9zZSBsbGFtYWJhIEJyZW5vPwpEZWJlIGhhYmVyIGh1aWRvIGRlIFByb250ZXJhLg==
t6TvCQ,,W1NvbGRpZXJdClNvbWVvbmUgc2F3IGhpbSBvbiBhIHNoaXAgYXQgdGhlIG5vcnRoZWFzdCBzaG9yZS4KV2Ugd29uJ3QgYmUgYWJsZSB0byB0cmFjayBoaW0gZG93biBpZiBoZSBoZWFkcyBvdXQgdG8gc2VhLg==,,,,,W1NvbGRhZG9dCkFsZ3XDqW0gbyB2aXUgZW0gdW0gbmF2aW8gbmEgY29zdGEgbm9yZGVzdGUuCk7Do28gY29uc2VndWlyZW1vcyBsb2NhbGl6w6EtbG8gc2UgZWxlIGZvciBwYXJhIG8gbWFyLg==,,W1NvbGRhZG9dCkFsZ3VpZW4gbG8gdmlvIGVuIHVuIGJhcmNvIGVuIGxhIGNvc3RhIG5vcmVzdGUuCk5vIHBvZHJlbW9zIHNlZ3VpcmxlIGxhIHBpc3RhIHNpIHNlIGFkZW50cmEgZW4gZWwgbWFyLg==
uKTvCQ,,W1NvbGRpZXJdCk1pc3MgTWVyaWMgYXNrZWQgbWUgdG8gbGV0IHlvdSBrbm93IHRoYXQgaGUgcmVhbGx5IGFwcHJlY2lhdGVzIHlvdXIgY29vcGVyYXRpb24uCkJ1dCB0aGUgaW52ZXN0aWdhdGlvbiBtdXN0IGVuZCBoZXJlLg==,,,,,W1NvbGRhZG9dClNyYS4gTWVyaWMgbWUgcGVkaXUgcGFyYSBpbmZvcm3DoS1sbyBkZSBxdWUgZWxlIHJlYWxtZW50ZSBhcHJlY2lhIHN1YSBjb29wZXJhw6fDo28uCk1hcyBhIGludmVzdGlnYcOnw6NvIGRldmUgdGVybWluYXIgYXF1aS4=,,W1NvbGRhZG9dClNyYS4gTWVyaWMgbWUgcGlkacOzIHF1ZSBsZSBoaWNpZXJhIHNhYmVyIHF1ZSByZWFsbWVudGUgYXByZWNpYSBzdSBjb29wZXJhY2nDs24uClBlcm8gbGEgaW52ZXN0aWdhY2nDs24gZGViZSB0ZXJtaW5hciBhcXXDrS4=
uaTvCQ,,W1NvbGRpZXJdCk9mIGNvdXJzZSwgd2UnbGwga2VlcCBvdXIgZXllcyBwZWVsZWQgZm9yIGhpbS4uLgpCdXQgeW91IHR3byBhcmUgZnJlZSB0byBkbyBhcyB5b3Ugd2lsbC4=,,,,,W1NvbGRhZG9dCsOJIGNsYXJvIHF1ZSBtYW50ZXJlbW9zIG5vc3NvcyBvbGhvcyBhdGVudG9zIGEgZWxlLi4uCk1hcyB2b2PDqnMgZG9pcyBzw6NvIGxpdnJlcyBwYXJhIGZhemVyIG8gcXVlIHF1aXNlcmVtLg==,,W1NvbGRhZG9dClBvciBzdXB1ZXN0bywgbWFudGVuZHJlbW9zIG51ZXN0cm9zIG9qb3MgYmllbiBhYmllcnRvcyBwYXJhIMOpbC4uLgpQZXJvIHVzdGVkZXMgZG9zIHNvbiBsaWJyZXMgZGUgaGFjZXIgbG8gcXVlIHF1aWVyYW4u
uqTvCQ,,W1NvbGRpZXJdClRoYW5rIHlvdSBmb3IgeW91ciBoZWxwLg==,,,,,W1NvbGRhZG9dCk9icmlnYWRvIHBvciBzdWEgYWp1ZGEu,,W1NvbGRhZG9dCkdyYWNpYXMgcG9yIHN1IGF5dWRhLg==
u6TvCQ,,V2hhdCBzaG91bGQgd2UgZG8gbm93PyBTaGFsbCB3ZSB0YWxrIGZvciBhIG1vbWVudD8=,,,,,TyBxdWUgZGV2ZW1vcyBmYXplciBhZ29yYT8gVmFtb3MgY29udmVyc2FyIHBvciB1bSBtb21lbnRvPw==,,wr9RdcOpIGhhY2Vtb3MgYWhvcmE/IMK/SGFibGFtb3MgdW4gbW9tZW50bz8=
vKTvCQ,,VGhhbmsgeW91IGZvciB5b3VyIGhlbHAu,,,,,T2JyaWdhZG8gcG9yIHN1YSBhanVkYS4=,,R3JhY2lhcyBwb3Igc3UgYXl1ZGEu
vaTvCQ,,W1NvbGRpZXJdCkRvd24gYmVsb3cgaXMgdGhlIGRlc2VydC4KWW91IGNhbiBhbHNvIGdvIHRvIFBvcmluZyBJc2xhbmQgb3IgUGF5b24gdG8gdGhlIGVhc3Qu,,,,,W1NvbGRhZG9dCkFiYWl4byBlc3TDoSBvIGRlc2VydG8uClZvY8OqIHRhbWLDqW0gcG9kZSBpciBwYXJhIENhbXBvIGRvcyBQb3JpbmdzIG91IFBheW9uIGEgbGVzdGUu,,W1NvbGRhZG9dCkFiYWpvIGVzdMOhIGVsIGRlc2llcnRvLgpUYW1iacOpbiBwdWVkZXMgaXIgYSBsYSBpc2xhIGRlIFBvcmluZyBvIGEgUGF5b24sIGFsIGVzdGUu
vqTvCQ,,W0xlbm9dClRoYXQgbXVzdCBiZSBldmVyeXRoaW5nIHdlIGNhbiBkbyBmb3Igbm93LgpJZiB3ZSB0cnkgdG8gdHJhdmVyc2UgdGhpcyBhcmVhLAppdCB3aWxsIGJlIHRvbyBkYW5nZXJvdXMgZm9yIHVzIG5vdy4=,,,,,W0xlbm9dCklzc28gZGV2ZSBzZXIgdHVkbyBvIHF1ZSBwb2RlbW9zIGZhemVyIHBvciBlbnF1YW50by4KU2UgdGVudGFybW9zIGF0cmF2ZXNzYXIgZXNzYSDDoXJlYSwKc2Vyw6EgbXVpdG8gcGVyaWdvc28gcGFyYSBuw7NzIGFnb3JhLg==,,W0xlbm9dCkVzbyBkZWJlIHNlciB0b2RvIGxvIHF1ZSBwb2RlbW9zIGhhY2VyIHBvciBhaG9yYS4KU2kgdHJhdGFtb3MgZGUgYXRyYXZlc2FyIGVzdGEgem9uYSwKc2Vyw6EgZGVtYXNpYWRvIHBlbGlncm9zbyBwYXJhIG5vc290cm9zIGFob3JhLg==
v6TvCQ,,W0xlbm9dCkxldCdzIGdvIGJhY2sgdG8gSXpsdWRlIGZvciBub3cuClRvIHRoZSBhY2FkZW15LCBJIG1lYW4gdGhlIEFkdmVudHVyZXJzJyBHdWlsZC4KTGV0J3MgZ28gYmFjayB0byBeNEQ0REZGU3ByYWtraV4wMDAwMDAgYXQgdGhlIEd1aWxkLAphbmQgcmVwb3J0IG91ciBwcm9ncmVzcyBzbyBmYXIu,,,,,W0xlbm9dClZhbW9zIHZvbHRhciBwYXJhIEl6bHVkZSBwb3IgZW5xdWFudG8uClBhcmEgYSBhY2FkZW1pYSwgcXVlcm8gZGl6ZXIsIGEgQWNhZGVtaWEgQ3JpYXR1cmEuClZhbW9zIHZvbHRhciBwYXJhIF40RDRERkZTcHJha2tpXjAwMDAwMCBuYSBHdWlsZGEsCmUgcmVsYXRhciBub3NzbyBwcm9ncmVzc28gYXTDqSBhZ29yYS4=,,W0xlbm9dClZvbHZhbW9zIGEgSXpsdWRlIHBvciBhaG9yYS4KQSBsYSBhY2FkZW1pYSwgbWUgcmVmaWVybyBhbCBHcmVtaW8gZGUgQXZlbnR1cmVyb3MuClZvbHZhbW9zIGEgXjRENERGRlNwcmFra2leMDAwMDAwIGVuIGVsIEdyZW1pbywKZSBpbmZvcm1lbW9zIGRlIG51ZXN0cm8gcHJvZ3Jlc28gaGFzdGEgYWhvcmEu
wKTvCQ,,W0xlbm9dClNwcmFra2kgYWxzbyBwYXlzIGF0dGVudGlvbiB0byBtYW55IGFkdmVudHVyZXJzIGluIHRoZSBFZGVuIEdyb3VwLApzbyBzaGUnbGwgYmUgYWJsZSB0byBnaXZlIHVzIHNvbWUgYWR2aWNlLCB0b28uCkxldCdzIGdvIHRvIEl6bHVkZSBhbmQgbWVldCB3aXRoIFNwcmFra2ku,,,,,W0xlbm9dClNwcmFra2kgdGFtYsOpbSBkw6EgYXRlbsOnw6NvIGEgbXVpdG9zIGF2ZW50dXJlaXJvcyBkbyBHcnVwbyBkbyDDiWRlbiwKcG9ydGFudG8sIGVsYSB0YW1iw6ltIHBvZGVyw6Egbm9zIGRhciBhbGd1bnMgY29uc2VsaG9zLgpWYW1vcyBwYXJhIEl6bHVkZSBlIG5vcyBlbmNvbnRyYXIgY29tIFNwcmFra2ku,,W0xlbm9dClNwcmFra2kgdGFtYmnDqW4gcHJlc3RhIGF0ZW5jacOzbiBhIG11Y2hvcyBhdmVudHVyZXJvcyBkZWwgR3J1cG8gZGVsIEVkw6luLAphc8OtIHF1ZSBlbGxhIHRhbWJpw6luIHBvZHLDoSBkYXJub3MgYWxndW5vcyBjb25zZWpvcy4KVmF5YW1vcyBhIEl6bHVkZSB5IHJldW7DoW1vbm9zIGNvbiBTcHJha2tpLg==
waTvCQ,,W0xlbm9dClNvbWV3aGVyZSBJIGNhbiBnZXQgaW52b2x2ZWQuClNvbWV3aGVyZSBJIGNhbiB0cmFpbiBtb3JlLi4uCkkgbmVlZCB0byBrbm93IHdoZXJlIEkgY2FuIGdvIQ==,,,,,W0xlbm9dCkFsZ3VtIGx1Z2FyIG9uZGUgZXUgcG9zc2EgbWUgZW52b2x2ZXIuCkFsZ3VtIGx1Z2FyIG9uZGUgZXUgcG9zc2EgdHJlaW5hciBtYWlzLi4uClByZWNpc28gc2FiZXIgcGFyYSBvbmRlIHBvc3NvIGlyIQ==,,W0xlbm9dCkFsZ8O6biBsdWdhciBkb25kZSBwdWVkYSBpbnZvbHVjcmFybWUuCkFsZ8O6biBsdWdhciBkb25kZSBwdWVkYSBlbnRyZW5hciBtw6FzLi4uCsKhTmVjZXNpdG8gc2FiZXIgZMOzbmRlIHB1ZWRvIGlyIQ==
wqTvCQ,,W0xlbm9dCkknbGwgaGVhZCB0byBJemx1ZGUgZmlyc3Qu,,,,,W0xlbm9dClZvdSBwcmltZWlybyBwYXJhIEl6bHVkZS4=,,W0xlbm9dCk1lIGRpcmlnaXLDqSBhIEl6bHVkZSBwcmltZXJvLg==
w6TvCQ,,QWgsIHNvcnJ5LiBJdCB3YXMgbm90aGluZy4gSSdsbCBnbyBub3cu,,,,,QWgsIGRlc2N1bHBlLiBOw6NvIGZvaSBuYWRhLiBFdSB2b3UgZW1ib3JhIGFnb3JhLg==,,QWgsIGxvIHNpZW50by4gTm8gZXJhIG5hZGEuIE1lIGlyw6kgYWhvcmEu
xKTvCQ,,RmlzaGVybWFuIEJlZHJvdmE=,,,,,UGVzY2Fkb3IgQmVkcm92YQ==,,UGVzY2Fkb3IgQmVkcm92YQ==
xaTvCQ,,QXJlIHlvdSB0aGUgb25lIHdobyByZXBvcnRlZCBCcmVubz8=,,,,,Rm9pIHZvY8OqIHF1ZW0gZGVudW5jaW91IEJyZW5vPw==,,wr9GdWlzdGUgdMO6IHF1aWVuIGRlbnVuY2nDsyBhIEJyZW5vPw==
xqTvCQ,,W0JlZHJvdmFdCkJyZW5vPyBBaCwgdGhlIHJlcG9ydCBhYm91dCB0aGUgc3VzcGljaW91cyBtYW4/ClllcywgaXQgd2FzIG1lLg==,,,,,W0JlZHJvdmFdCkJyZW5vPyBBaCwgbyByZWxhdMOzcmlvIHNvYnJlIG8gaG9tZW0gc3VzcGVpdG8/ClNpbSwgZXJhIGV1Lg==,,W0JlZHJvdmFdCsK/QnJlbm8/IEFoLCDCv2VsIGluZm9ybWUgc29icmUgZWwgaG9tYnJlIHNvc3BlY2hvc28/ClPDrSwgZnVpIHlvLg==
x6TvCQ,,QmxvbmQgaGFpciwgdGhpbi4uLg==,,,,,Q2FiZWxvIGxvaXJvLCBtYWdyby4uLg==,,UGVsbyBydWJpbywgZGVsZ2Fkby4uLg==
yKTvCQ,,SGUgd2FzIHRhbGwsIGJ1dCBzbGlnaHRseSBodW5jaGVkIG92ZXIuLg==,,,,,RWxlIGVyYSBhbHRvLCBtYXMgbGlnZWlyYW1lbnRlIGN1cnZhZG8u,,RXJhIGFsdG8sIHBlcm8gbGlnZXJhbWVudGUgZW5jb3J2YWRvLi4=
yaTvCQ,,W0JlZHJvdmFdCkFoaCwgdGhhdCBzb3VuZHMgZXhhY3RseSBsaWtlIHRoZSBtYW4gSSByZW50ZWQgbXkgYm9hdCB0by4KSSBkaWRuJ3Qga25vdyB3aGF0IHRvIGRvLi4uIEl0IGxvb2tlZCBsaWtlIGhlIHdhcyBuZXZlciBjb21pbmcgYmFjayB0byByZXR1cm4gbXkgYm9hdC4uLg==,,,,,W0JlZHJvdmFdCkFoaCwgaXNzbyBzZSBwYXJlY2UgZXhhdGFtZW50ZSBjb20gbyBob21lbSBwYXJhIHF1ZW0gYWx1Z3VlaSBtZXUgYmFyY28uCkV1IG7Do28gc2FiaWEgbyBxdWUgZmF6ZXIuLi4gUGFyZWNpYSBxdWUgZWxlIG51bmNhIG1haXMgdm9sdGFyaWEgcGFyYSBkZXZvbHZlciBtZXUgYmFyY28uLi4=,,W0JlZHJvdmFdCkFoaCwgZXNvIHN1ZW5hIGV4YWN0YW1lbnRlIGNvbW8gZWwgaG9tYnJlIGFsIHF1ZSBsZSBhbHF1aWzDqSBtaSBiYXJjby4KTm8gc2Fiw61hIHF1w6kgaGFjZXIuLi4gUGFyZWPDrWEgcXVlIG51bmNhIGliYSBhIHZvbHZlciBwYXJhIGRldm9sdmVybWUgbWkgYmFyY28uLi4=
yqTvCQ,,W0JlZHJvdmFdCkhlIHNvdW5kZWQgbGlrZSB0aGUgZ3V5IHRoZSBQcm9udGVyYSBDYXBpdGFsIEd1YXJkcyB3ZXJlIGxvb2tpbmcgZm9yLCBzbyBJIHJlcG9ydGVkIGhpbS4=,,,,,W0JlZHJvdmFdCkVsZSBwYXJlY2lhIHNlciBvIGNhcmEgcXVlIG9zIGd1YXJkYXMgZGEgY2FwaXRhbCBkZSBQcm9udGVyYSBlc3RhdmFtIHByb2N1cmFuZG8sIGVudMOjbyBldSBvIGRlbnVuY2llaS4=,,W0JlZHJvdmFdClBhcmVjw61hIGVsIHRpcG8gcXVlIGJ1c2NhYmFuIGxvcyBHdWFyZGlhcyBkZSBsYSBDYXBpdGFsIFByb250ZXJhLCBhc8OtIHF1ZSBsbyBkZW51bmNpw6ku
y6TvCQ,,V2hlcmUgZGlkIGhlIHRha2UgdGhlIGJvYXQ/,,,,,UGFyYSBvbmRlIGVsZSBsZXZvdSBvIGJhcmNvPw==,,wr9Ew7NuZGUgbGxldsOzIGVsIGJhcmNvPw==
zKTvCQ,,RG8geW91IGhhdmUgYW55IGlkZWEgd2hlcmUgaGUgY291bGQndmUgZ29uZT8=,,,,,Vm9jw6ogdGVtIGFsZ3VtYSBpZGVpYSBkZSBvbmRlIGVsZSBwb2RlcmlhIHRlciBpZG8/,,wr9UaWVuZXMgaWRlYSBkZSBhZMOzbmRlIHB1ZG8gaGFiZXIgaWRvPw==
zaTvCQ,,W0JlZHJvdmFdCkhtbSwgSSBvbmx5IGtub3cgVHVydGxlIElzbGFuZCwgYW5kIGEgc21hbGwgaXNsYW5kIHdpdGggYSB3cmVja2VkIHNoaXAgYXJvdW5kIGhlcmUuLi4=,,,,,W0JlZHJvdmFdCkhtbSwgZXUgc8OzIGNvbmhlw6dvIGEgSWxoYSBkYSBUYXJ0YXJ1Z2EsIGUgdW1hIHBlcXVlbmEgaWxoYSBjb20gdW0gbmF2aW8gbmF1ZnJhZ2FkbyBwb3IgYXF1aS4uLg==,,W0JlZHJvdmFdCkhtbSwgc8OzbG8gY29ub3pjbyBsYSBJc2xhIFRvcnR1Z2EsIHkgdW5hIHBlcXVlw7FhIGlzbGEgY29uIHVuIGJhcmNvIG5hdWZyYWdhZG8gcG9yIGFxdcOtLi4u
zqTvCQ,,W0xlbm9dClRoZSBzaGlwd3JlY2shIQpTaW5jZSBUdXJ0bGUgSXNsYW5kIGlzIGRhbmdlcm91cywgaGUgbXVzdCd2ZSBnb25lIHRvIHdoZXJlIHRoZSBzaGlwd3JlY2sgaXMu,,,,,W0xlbm9dCk8gbmF1ZnLDoWdpbyEhIQpDb21vIGEgSWxoYSBkYSBUYXJ0YXJ1Z2Egw6kgcGVyaWdvc2EsIGVsZSBkZXZlIHRlciBpZG8gcGFyYSBvbmRlIGVzdMOhIG8gbmF1ZnLDoWdpby4=,,W0xlbm9dCsKhwqFFbCBuYXVmcmFnaW8hIQpDb21vIGxhIElzbGEgVG9ydHVnYSBlcyBwZWxpZ3Jvc2EsIGRlYmUgaGFiZXIgaWRvIGEgZG9uZGUgZXN0w6EgZWwgbmF1ZnJhZ2lvLg==
z6TvCQ,,W0JlZHJvdmFdClRoYXQgc291bmRzIHJlYXNvbmFibGUuClRoYXQgaXMgYSBkZXNlcnRlZCBpc2xhbmQsIGJ1dCB0aGVyZSBpcyBhIGthZnJhIGFuZCBhIG1lcmNoYW50LCB3aGljaCBtYWtlcyBpdCBhIGdvb2QgaGlkZW91dC4KSXQncyBjZXJ0YWlubHkgZmVhc2libGUu,,,,,W0JlZHJvdmFdCklzc28gcGFyZWNlIHJhem/DoXZlbC4KRXNzYSDDqSB1bWEgaWxoYSBkZXNlcnRhLCBtYXMgaMOhIHVtYSBrYWZyYSBlIHVtIGNvbWVyY2lhbnRlLCBvIHF1ZSBhIHRvcm5hIHVtIGJvbSBlc2NvbmRlcmlqby4KQ2VydGFtZW50ZSDDqSB2acOhdmVsLg==,,W0JlZHJvdmFdCkVzbyBzdWVuYSByYXpvbmFibGUuCkVzIHVuYSBpc2xhIGRlc2llcnRhLCBwZXJvIGhheSB1bmEga2FmcmEgeSB1biBtZXJjYWRlciwgbG8gcXVlIGxhIGNvbnZpZXJ0ZSBlbiB1biBidWVuIGVzY29uZGl0ZS4KRXMgY2llcnRhbWVudGUgZmFjdGlibGUu
0KTvCQ,,W0xlbm9dClRoYW5rIHlvdSBmb3IgeW91ciBjb29wZXJhdGlvbiwgQmVkcm92YS4KSSBndWVzcyB3ZSBoYXZlIHRvIGhlYWQgdG8gdGhlIGlzbGFuZCB3aGVyZSB0aGUgc2hpcHdyZWNrIGlzLg==,,,,,W0xlbm9dCk9icmlnYWRvIHBvciBzdWEgY29vcGVyYcOnw6NvLCBCZWRyb3ZhLgpBY2hvIHF1ZSB0ZW1vcyBxdWUgaXIgcGFyYSBhIGlsaGEgb25kZSBlc3TDoSBvIG5hdmlvIG5hdWZyYWdhZG8u,,W0xlbm9dCkdyYWNpYXMgcG9yIHR1IGNvb3BlcmFjacOzbiwgQmVkcm92YS4KU3Vwb25nbyBxdWUgZGViZW1vcyBkaXJpZ2lybm9zIGEgbGEgaXNsYSBkb25kZSBlc3TDoSBlbCBuYXVmcmFnaW8u
0aTvCQ,,W0xlbm9dCkJlZHJvdmEsIGlmIHlvdSBtZWV0IHRoZSBDYXBpdGFsIEd1YXJkcywKcGxlYXNlIHRlbGwgdGhlbSBJLCBMZW5vLCBhbmQgezB9LCB3ZW50IHRvIHRoZSBzaGlwd3JlY2su,,,,,W0xlbm9dCkJlZHJvdmEsIHNlIHZvY8OqIGVuY29udHJhciBvcyBHdWFyZGFzIGRhIENhcGl0YWwsCnBvciBmYXZvciwgZGlnYSBhIGVsZXMgcXVlIGV1LCBMZW5vLCBlIHswfSwgZm9tb3MgYW8gbmF1ZnLDoWdpby4=,,W0xlbm9dCkJlZHJvdmEsIHNpIHRlIGVuY3VlbnRyYXMgY29uIGxvcyBHdWFyZGlhcyBkZSBsYSBDYXBpdGFsLApwb3IgZmF2b3IgZMOtZ2FsZXMgcXVlIHlvLCBMZW5vLCB5IHswfSwgZnVpbW9zIGFsIG5hdWZyYWdpby4=
0qTvCQ,,TGVhdmUgaXQgdG8gbWUuIEknbGwgZG8gdGhhdCBpbW1lZGlhdGVseS4=,,,,,RGVpeGUgaXNzbyBjb21pZ28uIEZhcmVpIGlzc28gaW1lZGlhdGFtZW50ZS4=,,RMOpamFtZWxvIGEgbcOtLiBMbyBoYXLDqSBpbm1lZGlhdGFtZW50ZS4=
06TvCQ,,W0xlbm9dCnswfSwgSSBzYXcgdGhlIHNhaWxvciBhbmQgWm9uZGEgc2VuZGluZyBwZW9wbGUgdG8gdGhlIHNoaXB3cmVjay4KTGV0J3MgdGFrZSBhIGJvYXQgdGhlcmUu,,,,,W0xlbm9dCnswfSwgZXUgdmkgbyBtYXJpbmhlaXJvIGUgWm9uZGEgZW52aWFuZG8gcGVzc29hcyBwYXJhIG8gbmF1ZnLDoWdpby4KVmFtb3MgcGVnYXIgdW0gYmFyY28gcGFyYSBsw6Eu,,W0xlbm9dCnswfSwgdmkgYWwgbWFyaW5lcm8geSBhIFpvbmRhIGVudmlhbmRvIGdlbnRlIGFsIG5hdWZyYWdpby4KTGxldmVtb3MgdW4gYm90ZSBhbGzDrS4=
1KTvCQ,,W0JlZHJvdmFdCl40RDRERkZCcmVub14wMDAwMDAsIHRoZSBndXkgeW91IGFyZSBsb29raW5nIGZvciwgbWF5IGJlIG9uIFNoaXB3cmVjayBJc2xhbmQu,,,,,W0JlZHJvdmFdCl40RDRERkZCcmVub14wMDAwMDAsIG8gY2FyYSBxdWUgdm9jw6ogZXN0w6EgcHJvY3VyYW5kbywgcG9kZSBlc3RhciBuYSBJbGhhIGRvcyBOYXVmcsOhZ2lvcy4=,,W0JlZHJvdmFdCl40RDRERkZCcmVub14wMDAwMDAsIGVsIHRpcG8gcXVlIGJ1c2NhcywgcHVlZGUgZXN0YXIgZW4gbGEgSXNsYSBOYXVmcmFnaW8u
1aTvCQ,,W0JlZHJvdmFdClBsZWFzZSBmaW5kIGhpbSBzd2lmdGx5IGFuZCBzb2x2ZSB0aGlzIGNhc2UuCkkgd2FudCB0byBnZXQgbXkgYm9hdCBiYWNrIHNvb24uLi4=,,,,,W0JlZHJvdmFdClBvciBmYXZvciwgZW5jb250cmUtbyByYXBpZGFtZW50ZSBlIHJlc29sdmEgZXN0ZSBjYXNvLgpRdWVybyB0ZXIgbWV1IGJhcmNvIGRlIHZvbHRhIGxvZ28uLi4=,,W0JlZHJvdmFdClBvciBmYXZvciwgZW5jdcOpbnRyZW5sbyByw6FwaWRhbWVudGUgeSByZXN1ZWx2YW4gZXN0ZSBjYXNvLgpRdWllcm8gcmVjdXBlcmFyIG1pIGJhcmNvIHByb250by4uLg==
1qTvCQ,,W0JlZHJvdmFdCkFzayB0aGUgc2FpbG9yIGF0IHRoZSBwb3J0IGZvciB0aGUgbG9jYXRpb24gb2YgdGhlIHNoaXB3cmVjay4KSGUnbGwgdGFrZSB5b3UgdGhlcmUgZm9yIGEgcmVhc29uYWJsZSBwcmljZS4=,,,,,W0JlZHJvdmFdClBlcmd1bnRlIGFvIG1hcmluaGVpcm8gbm8gcG9ydG8gc29icmUgYSBsb2NhbGl6YcOnw6NvIGRvIG5hdWZyw6FnaW8uCkVsZSBvIGxldmFyw6EgYXTDqSBsw6EgcG9yIHVtIHByZcOnbyByYXpvw6F2ZWwu,,W0JlZHJvdmFdClByZWd1bnRhIGFsIG1hcmluZXJvIGRlbCBwdWVydG8gcG9yIGxhIGxvY2FsaXphY2nDs24gZGVsIG5hdWZyYWdpby4Kw4lsIHRlIGxsZXZhcsOhIGFsbMOtIHBvciB1biBwcmVjaW8gcmF6b25hYmxlLg==
16TvCQ,,W0xlbm9dClNvIGl0J3MgdGhlIHNoaXB3cmVjayB3aGVyZSBoZSBtdXN0J3ZlIGhpZGRlbj8KVWdoLi4uIEEgc2hpcHdyZWNrLi4uIFRoYXQgZ2l2ZXMgbWUgc2Vhc2lja25lc3MganVzdCB0aGlua2luZyBhYm91dCBpdC4=,,,,,W0xlbm9dCkVudMOjbyDDqSBvIG5hdWZyw6FnaW8gb25kZSBlbGUgZGV2ZSB0ZXIgc2UgZXNjb25kaWRvPwpVZ2guLi4gVW0gbmF1ZnLDoWdpby4uLiBJc3NvIG1lIGTDoSBlbmpvbyBzw7MgZGUgcGVuc2FyLg==,,W0xlbm9dCsK/QXPDrSBxdWUgZXMgZWwgbmF1ZnJhZ2lvIGRvbmRlIGRlYmUgaGFiZXJzZSBlc2NvbmRpZG8/ClVnaC4uLiBVbiBuYXVmcmFnaW8uLi4gTWUgbWFyZW8gc8OzbG8gZGUgcGVuc2FybG8u
2KTvCQ,,W0xlbm9dCkkgc2F3IGEgc2FpbG9yIGFuZCBab25kYSBzZW5kaW5nIHBlb3BsZSB0byB0aGUgc2hpcHdyZWNrLgpMZXQncyB0YWtlIGEgYm9hdCB0aGVyZS4=,,,,,W0xlbm9dCkV1IHZpIHVtIG1hcmluaGVpcm8gZSBab25kYSBtYW5kYW5kbyBwZXNzb2FzIHBhcmEgbyBuYXVmcsOhZ2lvLgpWYW1vcyBwZWdhciB1bSBiYXJjbyBwYXJhIGzDoS4=,,W0xlbm9dClZpIGEgdW4gbWFyaW5lcm8geSBhIFpvbmRhIGVudmlhbmRvIGdlbnRlIGFsIG5hdWZyYWdpby4KTGxldmVtb3MgdW4gYm90ZSBhbGzDrS4=
2aTvCQ,,TXlzdGVyaW91cyBTaGlwd3JlY2s=,,,,,TmF1ZnLDoWdpbyBNaXN0ZXJpb3Nv,,TmF1ZnJhZ2lvIG1pc3Rlcmlvc28=
2qTvCQ,,V2UgbWVldCBhZ2FpbiE=,,,,,Tm9zIGVuY29udHJhbW9zIG5vdmFtZW50ZSE=,,wqFOb3Mgdm9sdmVtb3MgYSB2ZXIh
26TvCQ,,W1J1bWluXQpXaGF0IGJyb3VnaHQgeW91IGd1eXMgaGVyZT8KQXJlIHlvdSBndXlzIGhlcmUgZm9yIG1lPwpUaGF0IG1ha2VzIG1lIHJlYWxseSBoYXBweS4=,,,,,W1J1bWluXQpPIHF1ZSBvcyB0cm91eGUgYXF1aT8KVm9jw6pzIGVzdMOjbyBhcXVpIHBvciBtaW0/Cklzc28gbWUgZGVpeGEgbXVpdG8gZmVsaXou,,W1J1bWluXQrCv1F1w6kgb3MgaGEgdHJhw61kbyBhcXXDrT8Kwr9Fc3TDoWlzIGFxdcOtIHBvciBtw60/CkVzbyBtZSBoYWNlIG11eSBmZWxpei4=
3KTvCQ,,W0xlbm9dCkFyZSB5b3Ugam9raW5nPwpSdW1pbiwgeW91IHRvbGQgbWUgeW91IHdlcmUgZ29pbmcgdG8gZ2V0IHlvdXIgSm9iIENoYW5nZSwgd2hhdCBhcmUgeW91IGRvaW5nIGhlcmU/,,,,,W0xlbm9dClZvY8OqIGVzdMOhIGJyaW5jYW5kbz8KUnVtaW4sIHZvY8OqIG1lIGRpc3NlIHF1ZSBpYSBtdWRhciBkZSBjbGFzc2UsIG8gcXVlIGVzdMOhIGZhemVuZG8gYXF1aT8=,,W0xlbm9dCsK/RXN0w6FzIGRlIGJyb21hPwpSdW1pbiwgbWUgZGlqaXN0ZSBxdWUgaWJhcyBhIGNhbWJpYXIgZGUgY2xhc2UsIMK/cXXDqSBoYWNlcyBhcXXDrT8=
3aTvCQ,,W1J1bWluXQpIbW0uLi4gQSBxdWVzdC4uLj8KV2hhdCBhYm91dCB5b3UgZ3V5cz8=,,,,,W1J1bWluXQpIbW0uLi4gVW1hIG1pc3PDo28uLi4/CkUgcXVhbnRvIGEgdm9jw6pzPw==,,W1J1bWluXQpIbW0uLi4gwr9VbmEgYsO6c3F1ZWRhLi4uPwrCv1kgdm9zb3Ryb3M/
3qTvCQ,,W0xlbm9dCldlIGFyZSBoZXJlIGxvb2tpbmcgZm9yIGEgbWFuIG5hbWVkIF40RDRERkZCcmVub14wMDAwMDAuCkhlJ3MgYSBeNEQ0REZGR29kZGVzcyBGb2xsb3dlcl4wMDAwMDAgb3Igc29tZXRoaW5nIGxpa2UgdGhhdC4uLg==,,,,,W0xlbm9dCkVzdGFtb3MgYXF1aSBwcm9jdXJhbmRvIHBvciB1bSBob21lbSBjaGFtYWRvIF40RDRERkZCcmVub14wMDAwMDAuCkVsZSDDqSB1bSBeNEQ0REZGU2VndWlkb3IgZGEgRGV1c2FeMDAwMDAwIG91IGFsZ28gZG8gZ8OqbmVyby4uLg==,,W0xlbm9dCkVzdGFtb3MgYXF1w60gYnVzY2FuZG8gYSB1biBob21icmUgbGxhbWFkbyBeNEQ0REZGQnJlbm9eMDAwMDAwLgpFcyB1biBeNEQ0REZGU2VndWlkb3IgZGUgbGEgRGlvc2FeMDAwMDAwIG8gYWxnbyBhc8OtLi4u
36TvCQ,,W1J1bWluXQpZZWFoPw==,,,,,W1J1bWluXQpTaW0/,,W1J1bWluXQrCv1PDrT8=
4KTvCQ,,SSBndWVzcyB5b3UgdGhvdWdodCBvZiBtZSwgdGhlbiwgcmlnaHQ/Ckp1c3QgYXMgSSBleHBlY3RlZC4gSGFoYS4=,,,,,RW50w6NvLCBhY2hvIHF1ZSB2b2PDqiBwZW5zb3UgZW0gbWltLCBjZXJ0bz8KRXhhdGFtZW50ZSBjb21vIGV1IGVzcGVyYXZhLiBIYWhhLg==,,U3Vwb25nbyBxdWUgcGVuc2FzdGUgZW4gbcOtLCDCv25vPwpKdXN0byBjb21vIGVzcGVyYWJhLiBKYWphLg==
4aTvCQ,,RG8geW91IG5lZWQgc29tZSBoZWxwPwpPaCB3ZWxsLCBsZXQncyBnbyBhdCBpdCB0b2dldGhlci4=,,,,,Vm9jw6ogcHJlY2lzYSBkZSBhanVkYT8KQmVtLCB2YW1vcyBmYXplciBpc3NvIGp1bnRvcy4=,,wr9OZWNlc2l0YXMgYXl1ZGE/CkJ1ZW5vLCBoYWfDoW1vc2xvIGp1bnRvcy4=
4qTvCQ,,W1J1bWluXQpJdCBzZWVtcyBsaWtlIHRoaXMgXjRENERGRidCcmVubydeMDAwMDAwIGlzIHRoZSBvbmUgSSdtIGxvb2tpbmcgZm9yLg==,,,,,W1J1bWluXQpQYXJlY2UgcXVlIGVzc2UgXjRENERGRidCcmVubydeMDAwMDAwIMOpIG8gcXVlIGVzdG91IHByb2N1cmFuZG8u,,W1J1bWluXQpQYXJlY2UgcXVlIGVzdGUgXjRENERGRidCcmVubydeMDAwMDAwIGVzIGVsIHF1ZSBlc3RveSBidXNjYW5kby4=
46TvCQ,,V2h5IGFyZSB5b3UgYWZ0ZXIgQnJlbm8/,,,,,UG9yIHF1ZSB2b2PDqiBlc3TDoSBhdHLDoXMgZG8gQnJlbm8/,,wr9Qb3IgcXXDqSBwZXJzaWd1ZXMgYSBCcmVubz8=
5KTvCQ,,W1J1bWluXQpIbSwgSSBndWVzcyBoZSBvd2VzIG15IGd1aWxkIHNvbWV0aGluZy4KQ2F0Y2ggaGltIG9yIGtpbGwgaGltLCBkb2Vzbid0IHJlYWxseSBtYXR0ZXIu,,,,,W1J1bWluXQpIbSwgYWNobyBxdWUgZWxlIGRldmUgYWxnbyDDoCBtaW5oYSBndWlsZGEuClBlZ8OhLWxvIG91IG1hdMOhLWxvLCBEZWl4YSBwYXJhIGzDoS4=,,W1J1bWluXQpIbSwgc3Vwb25nbyBxdWUgbGUgZGViZSBhbGdvIGEgbWkgZ3JlbWlvLgpBdHJhcGFybG8gbyBtYXRhcmxvLCByZWFsbWVudGUgbm8gaW1wb3J0YS4=
5aTvCQ,,W1J1bWluXQpIb3dldmVyLCB7MH0sIGlmIHlvdSBuZWVkIGhpbSwgeW91IGNhbiBkbyBhcyB5b3Ugd2lzaC4KSSBqdXN0IG5lZWQgdG8gc2VlIGhvdyBoZSBlbmRzIHVwLg==,,,,,W1J1bWluXQpObyBlbnRhbnRvLCB7MH0sIHNlIHZvY8OqIHByZWNpc2FyIGRlbGUsIHBvZGUgZmF6ZXIgbyBxdWUgcXVpc2VyLgpFdSBzw7MgcHJlY2lzbyB2ZXIgY29tbyBlbGUgdmFpIHRlcm1pbmFyLg==,,W1J1bWluXQpTaW4gZW1iYXJnbywgezB9LCBzaSBsbyBuZWNlc2l0YXMsIHB1ZWRlcyBoYWNlciBsbyBxdWUgcXVpZXJhcy4KU8OzbG8gbmVjZXNpdG8gdmVyIGPDs21vIHRlcm1pbmEu
5qTvCQ,,W0xlbm9dCkxldCdzIGtlZXAgdGhpcyBzaW1wbGUuCklmIHlvdSdyZSBnb25uYSBsb29rIGZvciBCcmVubywgc3RpY2sgd2l0aCB1cy4=,,,,,W0xlbm9dClZhbW9zIG1hbnRlciBpc3NvIHNpbXBsZXMuClNlIHZvY8OqIHZhaSBwcm9jdXJhciBvIEJyZW5vLCBmaXF1ZSBjb25vc2NvLg==,,W0xlbm9dCkhhZ2Ftb3MgZXN0byBzaW1wbGUuClNpIHZhcyBhIGJ1c2NhciBhIEJyZW5vLCBxdcOpZGF0ZSBjb24gbm9zb3Ryb3Mu
56TvCQ,,XjRENERGRiEtIEFib3V0IE1lbW9yaWFsIER1bmdlb25zIC0hXjAwMDAwMApeNEQ0REZGJ015c3RlcmlvdXMgU2hpcHdyZWNrLCcgaXMgYW4gaW5kaXZpZHVhbCBpbnN0YW5jZSBrbm93biBhcyBhIE1lbW9yaWFsIER1bmdlb24sIG9yIE1ELl4wMDAwMDA=,,,,,XjRENERGRlNvYnJlIGFzIEluc3TDom5jaWFzIC0hXjAwMDAwMApeNEQ0REZGJ05hdWZyw6FnaW8gTWlzdGVyaW9zbycgw6kgdW0gbWFwYSBpbmRpdmlkdWFsIGNvbmhlY2lkbyBjb21vIEluc3TDom5jaWEuXjAwMDAwMA==,,XjRENERGRsKhU29icmUgbGFzIE1hem1vcnJhcyBDb25tZW1vcmF0aXZhcyAtIV4wMDAwMDAKXjRENERGRidOYXVmcmFnaW8gTWlzdGVyaW9zbywnIGVzIHVuYSBpbnN0YW5jaWEgaW5kaXZpZHVhbCBjb25vY2lkYSBjb21vIE1hem1vcnJhIENvbm1lbW9yYXRpdmEsIG8gTUQuXjAwMDAwMA==
6KTvCQ,,XjRENERGRiEtIEFib3V0IE1lbW9yaWFsIER1bmdlb25zIC0hXjAwMDAwMApeNEQ0REZGTWVtb3JpYWwgRHVuZ2VvbnMgY2FuIGJlIG9ubHkgZW50ZXJlZCBhcyBhIHBhcnR5LgpPbmNlIHlvdSBxdWV1ZSB1cCwgeW91J2xsIGhhdmUgdG8gd2FpdCBmb3Igc29tZSB0aW1lLl4wMDAwMDA=,,,,,XjRENERGRiEtIFNvYnJlIGFzIEluc3TDom5jaWFzIC0hXjAwMDAwMApeNEQ0REZGQXMgSW5zdMOibmNpYXMgc8OzIHBvZGVtIHNlciBhY2Vzc2FkYXMgZW0gZ3J1cG8uCkRlcG9pcyBkZSBlbnRyYXIgbmEgZmlsYSwgdm9jw6ogdGVyw6EgZGUgZXNwZXJhciBwb3IgYWxndW0gdGVtcG8uXjAwMDAwMA==,,XjRENERGRsKhU29icmUgbGFzIE1hem1vcnJhcyBDb25tZW1vcmF0aXZhcyAtIV4wMDAwMDAKXjRENERGRkEgbGFzIE1hem1vcnJhcyBDb25tZW1vcmF0aXZhcyBzw7NsbyBzZSBwdWVkZSBlbnRyYXIgZW4gZ3J1cG8uClVuYSB2ZXogcXVlIGhhZ2FzIGNvbGEsIHRlbmRyw6FzIHF1ZSBlc3BlcmFyIHVuIHRpZW1wby5eMDAwMDAw
6aTvCQ,,XjRENERGRiEtIEFib3V0IE1lbW9yaWFsIER1bmdlb25zIC0hXjAwMDAwMApeNEQ0REZGT25jZSBhbiBNRCBpcyBjcmVhdGVkLCBvbmx5IG1lbWJlcnMgb2YgdGhhdCBwYXJ0eSBtYXkgZW50ZXIuClNpbmdsZSBwbGF5ZXIgZHVuZ2VvbnMgYWxzbyBleGlzdCwgd2hlcmUgb25seSB0aGUgcGFydHkgbGVhZGVyIG1heSBlbnRlci4=,,,,,XjRENERGRiEtIFNvYnJlIGFzIEluc3TDom5jaWFzIC0hXjAwMDAwMApeNEQ0REZGUXVhbmRvIHVtYSBJbnN0w6JuY2lhIMOpIGNyaWFkYSwgc29tZW50ZSBvcyBtZW1icm9zIGRvIGdydXBvIHBvZGVtIGVudHJhci4KVGFtYsOpbSBleGlzdGVtIGluc3TDom5jaWFzIHBhcmEgdW0gw7puaWNvIGpvZ2Fkb3IsIG5hcyBxdWFpcyBzb21lbnRlIG8gbMOtZGVyIGRvIGdydXBvIHBvZGUgZW50cmFyLg==,,XjRENERGRsKhU29icmUgbGFzIE1hem1vcnJhcyBDb25tZW1vcmF0aXZhcyAtIV4wMDAwMDAKXjRENERGRlVuYSB2ZXogY3JlYWRhIHVuYSBNRCwgc8OzbG8gbG9zIG1pZW1icm9zIGRlIGVzZSBncnVwbyBwdWVkZW4gZW50cmFyLgpUYW1iacOpbiBleGlzdGVuIG1hem1vcnJhcyBwYXJhIHVuIHNvbG8ganVnYWRvciwgZW4gbGFzIHF1ZSBzw7NsbyBwdWVkZSBlbnRyYXIgZWwgbMOtZGVyIGRlbCBncnVwby4=
6qTvCQ,,XjRENERGRiEtIEFib3V0IE1lbW9yaWFsIER1bmdlb25zIC0hXjAwMDAwMApUbyBlbnRlciB0aGUgXjRENERGRk1lbW9yaWFsIER1bmdlb25eMDAwMDAwLCBjcmVhdGUgYSBeNEQ0REZGcGFydHleMDAwMDAwCmFuZCBeNEQ0REZGcXVldWUgZm9yIHRoZSBNZW1vcmlhbCBEdW5nZW9uXjAwMDAwMCBieSB0YWxraW5nIHRvIHRoZSBjb3JyZXNwb25kaW5nIE5QQywgXjRENERGRkxlbm9eMDAwMDAwLCBhcyB0aGUgXjRENERGRnBhcnR5IGxlYWRlcl4wMDAwMDAu,,,,,XjRENERGRiEtIFNvYnJlIGFzIEluc3TDom5jaWFzIC0hXjAwMDAwMApQYXJhIGVudHJhciBuYSBJbnN0w6JuY2lhXjAwMDAwMCwgY3JpZSB1bSBeNEQ0REZGZ3J1cG9eMDAwMDAwCmUgdW1hIF40RDRERkZmaWxhIHBhcmEgYSBJbnN0w6JuY2lhXjAwMDAwMCBmYWxhbmRvIGNvbSBvIE5QQyBjb3JyZXNwb25kZW50ZSwgXjRENERGRkxlbm9eMDAwMDAwLCBjb21vIGzDrWRlciBkbyBeNEQ0REZGZ3J1cG9eMDAwMDAwLg==,,XjRENERGRsKhU29icmUgbGFzIE1hem1vcnJhcyBDb25tZW1vcmF0aXZhcyAtIV4wMDAwMDAKUGFyYSBlbnRyYXIgZW4gbGEgXjRENERGRk1hem1vcnJhIENvbm1lbW9yYXRpdmFeMDAwMDAwLCBjcmVhIHVuYSBeNEQ0REZGcGFydGVeMDAwMDAwCnkgXjRENERGRmNvbGEgcGFyYSBsYSBNYXptb3JyYSBDb25tZW1vcmF0aXZhXjAwMDAwMCBoYWJsYW5kbyBjb24gZWwgTlBDIGNvcnJlc3BvbmRpZW50ZSwgXjRENERGRkxlbm9eMDAwMDAwLCBjb21vIF40RDRERkZsw61kZXIgZGUgbGEgcGFydGlkYV4wMDAwMDAu
66TvCQ,,TGV0J3MgZ2V0IGhpbSE=,,,,,VmFtb3MgcGVnw6EtbG8h,,wqFBIHBvciDDqWwh
7KTvCQ,,VG8gdGhlIE15c3RlcmlvdXMgU2hpcHdyZWNrLg==,,,,,UGFyYSBvIE5hdWZyw6FnaW8gTWlzdGVyaW9zby4=,,QWwgbWlzdGVyaW9zbyBuYXVmcmFnaW8u
7aTvCQ,,WW91IHNlZSBhIHNoaXAgaGFsZiBzdWJtZXJnZWQgaW4gd2F0ZXIu,,,,,Vm9jw6ogdsOqIHVtIG5hdmlvIG1laW8gc3VibWVyc28gbmEgw6FndWEu,,VmVzIHVuIGJhcmNvIG1lZGlvIHN1bWVyZ2lkbyBlbiBlbCBhZ3VhLg==
7qTvCQ,,U3Vua2VuIFNoaXA=,,,,,TmF2aW8gTmF1ZnJhZ2Fkbw==,,QmFyY28gSHVuZGlkbw==
76TvCQ,,W0xlbm9dCldlJ3JlIGdvaW5nIHRvIGZpbmQgdGhlIGVudHJhbmNlIHRvIE15c3RlcmlvdXMgU2hpcHdyZWNrIGFuZCBlbnRlci4KQXJlIHlvdSByZWFkeT8=,,,,,W0xlbm9dClZhbW9zIGVuY29udHJhciBhIGVudHJhZGEgZG8gTmF1ZnLDoWdpbyBNaXN0ZXJpb3NvIGUgZW50cmFyLgpWb2PDqiBlc3TDoSBwcm9udG8/,,W0xlbm9dClZhbW9zIGEgZW5jb250cmFyIGxhIGVudHJhZGEgYWwgTmF1ZnJhZ2lvIE1pc3Rlcmlvc28geSBlbnRyYXJlbW9zLgrCv0VzdMOhbiBsaXN0b3M/
8KTvCQ,,UXVldWUgZm9yICdNeXN0ZXJpb3VzIFNoaXB3cmVjay4n,,,,,RmlsYSBkZSBlc3BlcmEgcGFyYSAnTmF1ZnLDoWdpbyBNaXN0ZXJpb3NvJy4=,,Q29sYSBwYXJhICdOYXVmcmFnaW8gbWlzdGVyaW9zbycu
8aTvCQ,,RW50ZXIgJ015c3RlcmlvdXMgU2hpcHdyZWNrLic=,,,,,RW50cmUgbm8gJ05hdWZyw6FnaW8gTWlzdGVyaW9zby4n,,RW50cmEgZW4gJydOYXVmcmFnaW8gbWlzdGVyaW9zbycnLg==
8qTvCQ,,W0xlbm9dCkhtbSwgaG93IGRvIHdlIGdldCBpbj8KT2gsIHRoYXQgbG9va3MgcGVyZmVjdCwgYnV0IGl0J3MgZmlsbGVkIHdpdGggd2F0ZXIuCkxldCdzIHNlYXJjaCBhZ2Fpbi4=,,,,,W0xlbm9dCkhtbSwgY29tbyBlbnRyYW1vcz8KT2gsIGlzc28gcGFyZWNlIHBlcmZlaXRvLCBtYXMgZXN0w6EgY2hlaW8gZGUgw6FndWEuClZhbW9zIHByb2N1cmFyIG5vdmFtZW50ZS4=,,W0xlbm9dCkhtbSwgwr9jw7NtbyBlbnRyYW1vcz8KT2gsIHBhcmVjZSBwZXJmZWN0bywgcGVybyBlc3TDoSBsbGVubyBkZSBhZ3VhLgpCdXNxdWVtb3MgZGUgbnVldm8u
86TvCQ,,XjRENERGRiEtIEFib3V0IE1lbW9yaWFsIER1bmdlb25zIC0hXjAwMDAwMApeNEQ0REZGRm9yIE1lbW9yaWFsIER1bmdlb25zLCB0aGVyZSBtYXkgYmUgY2FzZXMgd2hlcmUgeW91IGFyZSB1bmFibGUgdG8gcXVldWUgZm9yIGEgZHVuZ2VvbiBkdWUgdG8gdW5mb3Jlc2VlbiBjaXJjdW1zdGFuY2VzLgpQbGVhc2UgdHJ5IHF1ZXVlaW5nIGFnYWluLl4wMDAwMDA=,,,,,XjRENERGRiEtU29icmUgYXMgSW5zdMOibmNpYXMgLSFeMDAwMDAwCl40RDRERkZQYXJhIGFzIEluc3TDom5jaWFzLCBwb2RlIGhhdmVyIGNhc29zIGVtIHF1ZSB2b2PDqiBuw6NvIGNvbnNpZ2EgZW50cmFyIG5hIGZpbGEgcGFyYSB1bWEgaW5zdMOibmNpYSBkZXZpZG8gYSBjaXJjdW5zdMOibmNpYXMgaW1wcmV2aXN0YXMuClBvciBmYXZvciwgdGVudGUgZW50cmFyIG5hIGZpbGEgbm92YW1lbnRlLl4wMDAwMDA=,,e0FjZXJjYSBkZSBsYXMgbWF6bW9ycmFzIGNvbm1lbW9yYXRpdmFzCl40RDRERkZQYXJhIGxhcyBNYXptb3JyYXMgQ29ubWVtb3JhdGl2YXMsIHB1ZWRlIGhhYmVyIGNhc29zIGVuIGxvcyBxdWUgbm8gcHVlZGFzIGhhY2VyIGNvbGEgcGFyYSB1bmEgbWF6bW9ycmEgZGViaWRvIGEgY2lyY3Vuc3RhbmNpYXMgaW1wcmV2aXN0YXMuClBvciBmYXZvciwgaW50w6ludGFsbyBkZSBudWV2by4=
9KTvCQ,,W0xlbm9dCkdvb2QhIEkgZm91bmQgYW4gZW50cmFuY2UuCkxldCdzIGVudGVyIHRoZSBNeXN0ZXJpb3VzIFNoaXB3cmVjayB3aGVuIHdlJ3JlIHJlYWR5Lg==,,,,,W0xlbm9dClF1ZSBib20hIEVuY29udHJlaSB1bWEgZW50cmFkYS4KVmFtb3MgZW50cmFyIG5vIE5hdWZyw6FnaW8gTWlzdGVyaW9zbyBxdWFuZG8gZXN0aXZlcm1vcyBwcm9udG9zLg==,,W0xlbm9dCsKhQmllbiEgSGUgZW5jb250cmFkbyB1bmEgZW50cmFkYS4KRW50cmVtb3MgZW4gZWwgTmF1ZnJhZ2lvIE1pc3Rlcmlvc28gY3VhbmRvIGVzdGVtb3MgbGlzdG9zLg==
9aTvCQ,,XjRENERGRiEtIEFib3V0IE1lbW9yaWFsIER1bmdlb25zIC0hXjAwMDAwMApeNEQ0REZGTWVtb3JpYWwgRHVuZ2VvbnMgbmVlZCBzb21lIHRpbWUgYmVmb3JlIHRoZSBpbnN0YW5jZSBpcyBjcmVhdGVkLgpXYWl0IHVudGlsIHRoZSBkdW5nZW9uIGlzIGNyZWF0ZWQsIHRoZW4geW91IG1heSBlbnRlciB3aXRoIGFpZCBmcm9tIHRoZSBOUEMuXjAwMDAwMA==,,,,,XjRENERGRiEtIFNvYnJlIGFzIEluc3TDom5jaWFzIC0hXjAwMDAwMApeNEQ0REZGQXMgSW5zdMOibmNpYXMgcHJlY2lzYW0gZGUgYWxndW0gdGVtcG8gYXTDqSBxdWUgYSBpbnN0w6JuY2lhIHNlamEgY3JpYWRhLgpBZ3VhcmRlIGF0w6kgcXVlIGEgaW5zdMOibmNpYSBzZWphIGNyaWFkYSBlLCBlbSBzZWd1aWRhLCB2b2PDqiBwb2RlcsOhIGVudHJhciBjb20gYSBhanVkYSBkbyBOUEMuXjAwMDAwMA==,,XjRENERGRsKhU29icmUgbGFzIE1hem1vcnJhcyBDb25tZW1vcmF0aXZhcyAtIV4wMDAwMDAKXjRENERGRkxhcyBNYXptb3JyYXMgQ29ubWVtb3JhdGl2YXMgbmVjZXNpdGFuIGFsZ8O6biB0aWVtcG8gYW50ZXMgZGUgcXVlIGxhIGluc3RhbmNpYSBzZWEgY3JlYWRhLgpFc3BlcmEgaGFzdGEgcXVlIGxhIG1hem1vcnJhIHNlYSBjcmVhZGEsIGVudG9uY2VzIHBvZHLDoXMgZW50cmFyIGNvbiBheXVkYSBkZWwgTlBDLl4wMDAwMDA=
9qTvCQ,,XjRENERGRlRoaXMgaXMgYSBNZW1vcmlhbCBFdmVudC4KVGhlIHF1ZXVlIGZvciBhIE1lbW9yaWFsIER1bmdlb24gbXVzdCBiZSBpbml0aWF0ZWQgYnkgYSBwYXJ0eSBsZWFkZXIuXjAwMDAwMA==,,,,,XjRENERGRkVzdGEgw6kgdW0gRXZlbnRvIE1lbW9yaWFsLgpBIGZpbGEgcGFyYSB1bWEgSW5zdMOibmNpYSBkZXZlIHNlciBpbmljaWFkYSBwb3IgdW0gbMOtZGVyIGRlIGdydXBvLl4wMDAwMDA=,,XjRENERGRkVzdGUgZXMgdW4gRXZlbnRvIENvbm1lbW9yYXRpdm8uCkxhIGNvbGEgcGFyYSB1bmEgTWF6bW9ycmEgQ29ubWVtb3JhdGl2YSBkZWJlIHNlciBpbmljaWFkYSBwb3IgdW4gbMOtZGVyIGRlIGdydXBvLl4wMDAwMDA=
96TvCQ,,W0xlbm9dCldoYXQncyB0aGlzPyBUaGUgd2F0ZXIgaXMgdG9vIGhpZ2ggaGVyZS4KTGV0J3Mgd2FpdCB1bnRpbCB0aGUgd2F0ZXIgbGV2ZWwgZ29lcyBkb3duLg==,,,,,W0xlbm9dCk8gcXVlIMOpIGlzc28/IEEgw6FndWEgZXN0w6EgbXVpdG8gYWx0YSBhcXVpLgpWYW1vcyBlc3BlcmFyIGF0w6kgcXVlIG8gbsOtdmVsIGRhIMOhZ3VhIGJhaXhlLg==,,W0xlbm9dCsK/UXXDqSBlcyBlc3RvPyBFbCBhZ3VhIGVzdMOhIGRlbWFzaWFkbyBhbHRhIGFxdcOtLgpFc3BlcmVtb3MgYSBxdWUgYmFqZSBlbCBuaXZlbCBkZWwgYWd1YS4=
+KTvCQ,,W0xlbm9dCkhtbSwgSSBoZWFyIHNvbWUgb21pbm91cyBzb3VuZHMgZnJvbSBpbnNpZGUuCkknbGwgdGFrZSBhIGxvb2sgZmlyc3Qu,,,,,W0xlbm9dCkhtbSwgZXN0b3Ugb3V2aW5kbyBhbGd1bnMgc29ucyBzaW5pc3Ryb3MgdmluZG9zIGRlIGRlbnRyby4KVm91IGRhciB1bWEgb2xoYWRhIHByaW1laXJvLg==,,W0xlbm9dCkhtbSwgb2lnbyBhbGd1bm9zIHNvbmlkb3Mgc2luaWVzdHJvcyBkZXNkZSBlbCBpbnRlcmlvci4KRWNoYXLDqSB1biB2aXN0YXpvIHByaW1lcm8u
+aTvCQ,,XjRENERGRlRoaXMgaXMgYSBNZW1vcmlhbCBFdmVudC4KUGxlYXNlIGZvcm0gYSBwYXJ0eSBhbmQgdHJ5IGFnYWluLl4wMDAwMDA=,,,,,XjRENERGRkVzdGEgw6kgdW1hIEluc3TDom5jaWEuClBvciBmYXZvciwgZm9ybWUgdW0gZ3J1cG8gZSB0ZW50ZSBub3ZhbWVudGUuXjAwMDAwMA==,,XjRENERGRkVzdGUgZXMgdW4gZXZlbnRvIGNvbm1lbW9yYXRpdm8uClBvciBmYXZvciwgZm9ybWUgdW4gZ3J1cG8gZSBpbnTDqW50ZWxvIGRlIG51ZXZvLl4wMDAwMDA=
+qTvCQ,,ezB9IGZyb20gezF9J3MgcGFydHkgbm93IGVudGVyaW5nIHsyfS4g,,,,,ezF9IERlIHswfSBlc3TDoSBlbnRyYW5kbyBubyB7Mn0gLg==,,ezB9IGRlIHsxfSBlc3TDoSBlbnRyYW5kbyBlbiB7Mn0u
+6TvCQ,,XjRENERGRlRoaXMgaXMgYSBNZW1vcmlhbCBFdmVudC4KUGxlYXNlIGZvcm0gYSBwYXJ0eSBhbmQgdHJ5IGFnYWluLl4wMDAwMDAKWW91IGNhbiBhbHNvIGZvcm0gYSBwYXJ0eSBeNEQ0REZGYnkgdXNpbmcgL2Zvcm0gcGFydHkgbmFtZV4wMDAwMDAu,,,,,XjRENERGRkVzdGEgw6kgdW1hIEluc3TDom5jaWEuCkZvcm1lIHVtIGdydXBvIGUgdGVudGUgbm92YW1lbnRlLl4wMDAwMDAKVm9jw6ogdGFtYsOpbSBwb2RlIGZvcm1hciB1bSBncnVwbyBeNEQ0REZGIHVzYW5kbyAvb3JnYW5pemUgbm9tZS1kby1ncnVwb14wMDAwMDAu,,XjRENERGRkVzdGUgZXMgdW4gZXZlbnRvIGNvbm1lbW9yYXRpdm8uClBvciBmYXZvciwgZm9ybWEgdW4gZ3J1cG8gZSBpbnTDqW50YWxvIGRlIG51ZXZvLgpUYW1iacOpbiBwdWVkZXMgZm9ybWFyIHVuIGdydXBvIF40RDRERkZ1dGlsaXphbmRvIC9mb3JtYXIgZ3J1cG9eMDAwMDAwLg==
/KTvCQ,,W1J1bWluXQpMZW5vIHNhaWQgaGUnbGwgbG9vayBmb3IgYW4gZW50cmFuY2UsCnNvIGxldCdzIHdhaXQgaGVyZS4=,,,,,W1J1bWluXQpMZW5vIGRpc3NlIHF1ZSB2YWkgcHJvY3VyYXIgdW1hIGVudHJhZGEsCmVudMOjbyB2YW1vcyBlc3BlcmFyIGFxdWku,,W1J1bWluXQpMZW5vIGRpam8gcXVlIGJ1c2NhcsOtYSB1bmEgZW50cmFkYSwKYXPDrSBxdWUgZXNwZXJlbW9zIGFxdcOtLg==
/aTvCQ,,W1J1bWluXQpMZW5vIHJlYWxseSBpcyBhIGdvb2QgZnJpZW5kLiBEb24ndCB5b3UgdGhpbmsgc28/CkhlIGxldCBtZSBzdGF5IGhlcmUgd2l0aCB5b3Uu,,,,,W1J1bWluXQpMZW5vIMOpIHJlYWxtZW50ZSB1bSBib20gYW1pZ28uIFZvY8OqIG7Do28gYWNoYT8KRWxlIG1lIGRlaXhvdSBmaWNhciBhcXVpIGNvbSB2b2PDqi4=,,W1J1bWluXQpMZW5vIGVzIHJlYWxtZW50ZSB1biBidWVuIGFtaWdvLiDCv05vIGxvIGNyZWVzPwpNZSBkZWrDsyBxdWVkYXJtZSBhcXXDrSBjb250aWdvLg==
/qTvCQ,,W1J1bWluXQpDb21lIHZpc2l0IHRoZSBUaGlldmVzJyBHdWlsZCBvZnRlbgp0byBoZWxwIG91dCBhbmQgcnVuIHNvbWUgZXJyYW5kcy4KQW5kIHlvdSdsbCBhbHNvIHNlZSBtZSE=,,,,,W1J1bWluXQpWZW5oYSB2aXNpdGFyIGEgR3VpbGRhIGRvcyBHYXR1bm9zIGNvbSBmcmVxdcOqbmNpYQpwYXJhIGFqdWRhciBlIGZhemVyIGFsZ3VtYXMgdGFyZWZhcy4KRSB2b2PDqiB0YW1iw6ltIG1lIHZlcsOhIQ==,,W1J1bWluXQpWZW4gYSB2aXNpdGFyIGVsIEdyZW1pbyBkZSBMYWRyb25lcyBhIG1lbnVkbwpwYXJhIGF5dWRhciB5IGhhY2VyIGFsZ3Vub3MgcmVjYWRvcy4KwqFZIHRhbWJpw6luIG1lIHZlcsOhcyBhIG3DrSE=
/6TvCQ,,W1J1bWluXQpJZiBvbmx5IHlvdSdkIHRha2VuIHRoZSBzYW1lIHBhdGggSSBkaWQuCkl0J3Mgbm90IHRoYXQgSSBkb24ndCBsaWtlIHdobyB5b3UgYXJlIG5vdy4KWW91IHN0aWxsIGxvb2sgZ29vZC4=,,,,,W1J1bWluXQpTZSBhbyBtZW5vcyB2b2PDqiB0aXZlc3NlIHNlZ3VpZG8gbyBtZXNtbyBjYW1pbmhvIHF1ZSBldS4KTsOjbyDDqSBxdWUgZXUgbsOjbyBnb3N0ZSBkZSBxdWVtIHZvY8OqIMOpIGFnb3JhLgpWb2PDqiBhaW5kYSBwYXJlY2UgYmVtLg==,,W1J1bWluXQpTaSBodWJpZXJhcyB0b21hZG8gZWwgbWlzbW8gY2FtaW5vIHF1ZSB5by4KTm8gZXMgcXVlIG5vIG1lIGd1c3RlIHF1aWVuIGVyZXMgYWhvcmEuClRvZGF2w61hIHRlIHZlcyBiaWVuLg==
AKXvCQ,,ezB9IGZyb20gezF9J3MgcGFydHkgbm93IGVudGVyaW5nIHsyfS4g,,,,,ezB9LCBtZW1icm8gZG8gZ3J1cG8gezF9ZW50cm91IGVtIHsyfQ==,,ezB9IGRlIHsxfSBlc3TDoSBlbnRyYW5kbyBlbiB7Mn0u
