YP8vAg,,QmFyZA==,,,,,QmFyZG8=,,QmFyZA==
Yf8vAg,,W05lbGxpb3JkZV0KT2gsIEkgZ3Vlc3MgeW91IGZvdW5kIHdoYXQgeW91IHdhbnRlZCwgaHVoPyBTbyBob3cncyBpdCBiZWVuIGdvaW5nIGxhdGVseT8=,,,,,W05lbGxpb3JkZV0KT2gsIHBhcmVjZSBxdWUgdm9jw6ogY29uc2VndWl1IG8gcXVlIHF1ZXJpYSwgaGVpbj8gRW50w6NvLCBjb21vIHbDo28gYXMgY29pc2FzPw==,,W05lbGxpb3JkZV0KT2gsIHN1cG9uZ28gcXVlIGVuY29udHJhc3RlIGxvIHF1ZSBxdWVyw61hcywgwr9laD8gwr9Dw7NtbyB0ZSBoYSBpZG8gw7psdGltYW1lbnRlPw==
Yv8vAg,,W05lbGxpb3JkZV0KSSd2ZSBiZWVuIGZlZWxpbmcgc3RyYW5nZSByZWNlbnRseSBsaWtlIHNvbWV0aGluZyBtaWdodCBoYXBwZW4gc29vbi4gQWgsIG5ldmVyIG1pbmQsIGl0J3Mgbm8gYmlnIGRlYWwuIE1heWJlIEknbSBqdXN0IGEgbGl0dGxlIGp1bXB5Lg==,,,,,W05lbGxpb3JkZV0KRXUgYW5kbyBtZSBzZW50aW5kbyBtZWlvIGVzdHJhbmhvLCBjb21vIHNlIGFsZ28gcHVkZXNzZSBhY29udGVjZXIgbG9nby4gQWFhaCwgZXNxdWVjZSwgbsOjbyDDqSBuYWRhIGRlIG1haXMuIFRhbHZleiBldSBzw7MgZXN0ZWphIHRlbnNvLg==,,W05lbGxpb3JkZV0Kw5psdGltYW1lbnRlIG1lIHNpZW50byBleHRyYcOxbywgY29tbyBzaSBhbGdvIGZ1ZXJhIGEgcGFzYXIgcHJvbnRvLiBBaCwgbm8gaW1wb3J0YSwgbm8gZXMgZ3JhbiBjb3NhLiBUYWwgdmV6IHPDs2xvIGVzdG95IHVuIHBvY28gbmVydmlvc2Eu
Y/8vAg,,W05lbGxpb3JkZV0KUmlnaHQsIHJpZ2h0LCBsZXQgbWUgcGxheSBhIHNvbmcgZm9yIHlvdS4gV291bGQgeW91IGxpa2UgdG8gbGlzdGVuIHRvIHNvbWV0aGluZz8=,,,,,W05lbGxpb3JkZV0KQ2VydG8sIGNlcnRvLCBkZWl4ZS1tZSBjYW50YXIgdW1hIGNhbsOnw6NvIHBhcmEgdm9jw6ouIEdvc3RhcmlhIGRlIG91dmlyPw==,,W05lbGxpb3JkZV0KQmllbiwgYmllbiwgZMOpamFtZSB0b2NhciB1bmEgY2FuY2nDs24gcGFyYSB0aS4gwr9UZSBndXN0YXLDrWEgZXNjdWNoYXIgYWxnbz8=
ZP8vAg,,U3VyZSwgd2h5IG5vdC4=,,,,,Q2xhcm8sIHBvciBxdWUgbsOjbz8=,,Q2xhcm8sIHBvciBxdcOpIG5vLg==
Zf8vAg,,SG93IGFib3V0IHNvbWUgbmV3cz8=,,,,,UXVlIHRhbCBhbGd1bWFzIG5vdMOtY2lhcz8=,,wr9BbGd1bmEgbm90aWNpYT8=
Zv8vAg,,Tm8gdGhhbmtzLg==,,,,,TsOjbywgb2JyaWdhZG8u,,Tm8sIGdyYWNpYXMu
Z/8vAg,,W05lbGxpb3JkZV0KU28sIHdoaWNoIHNvbmcKd291bGQgeW91IGxpa2UgdG8gaGVhcj8KR28gYWhlYWQsIHBpY2sgb25lLg==,,,,,W05lbGxpb3JkZV0KRW50w6NvLCBxdWFsIGNhbsOnw6NvCnZvY8OqIHF1ZXIgb3V2aXI/ClZhbW9zIGzDoSwgZXNjb2xoYSB1bWEuLi4=,,W05lbGxpb3JkZV0KRW50b25jZXMsIMK/cXXDqSBjYW5jacOzbgp0ZSBndXN0YXLDrWEgZXNjdWNoYXI/CkFkZWxhbnRlLCBlbGlnZSB1bmEu
aP8vAg,,QnJhZ2kncyBQb2Vt,,,,,UG9lbWEgZGUgQnJhZ2k=,,UG9lbWEgZGUgQnJhZ2k=
af8vAg,,RXRlcm5hbCBDaGFvcw==,,,,,Q2FvcyBFdGVybm8=,,Q2FvcyBldGVybm8=
av8vAg,,QXNzYXNzaW4gaW4gdGhlIFN1bnNldA==,,,,,TWVyY2Vuw6FyaW8gYW8gUMO0ci1kby1Tb2w=,,QXNlc2lubyBlbiBlbCBvY2Fzbw==
a/8vAg,,RGVyIFJpbmcgZGVzIE5pYmVsdW5nZW4=,,,,,TyBBbmVsIGRvcyBOaWJlbHVuZ29z,,RWwgYW5pbGxvIGRlbCBOaWJlbHVuZ28=
bP8vAg,,W05lbGxpb3JkZV0KQnJhZ2kncyBQb2VtIQpXaGF0IGEgZ29vZCBjaG9pY2UhCkkgbXVzdCBzYXksIHRoaXMgc29uZwpyZXByZXNlbnRzIHRoZSBoZWFydApvZiBhIHBvZXQh,,,,,W05lbGxpb3JkZV0KTyBQb2VtYSBkZSBCcmFnaSEKQmVsYSBlc2NvbGhhIQpEZXZvIGRpemVyIHF1ZSBlc3NhIGNhbsOnw6NvCnJlcHJlc2VudGEgbyBjb3Jhw6fDo28KZGUgdW0gcG9ldGEh,,W05lbGxpb3JkZV0KwqFQb2VtYSBkZSBCcmFnaSEKwqFRdcOpIGJ1ZW5hIGVsZWNjacOzbiEKRGVibyBkZWNpciBxdWUgZXN0YSBjYW5jacOzbgpyZXByZXNlbnRhIGVsIGNvcmF6w7NuCsKhZGUgdW4gcG9ldGEh
bf8vAg,,W05lbGxpb3JkZV0KRXRlcm5hbCBDaGFvcy4uLgpTb3VuZHMgdG9vIGNoYW90aWMuCkJ5IHRoZSB3YXksIEkgd29uZGVyCndoYXQgdGhlIHRpdGxlIHJlYWxseQpyZWZlcnMgdG8uIElzIGl0IHRoZSBjaGFvcwpvZiBoZWxsLCBvciBvdXIgb3duIHJlYWxpdHk/,,,,,W05lbGxpb3JkZV0KQ2FvcyBFdGVybm8uLi4KU29hIGNhw7N0aWNhLCBtZXNtby4KQSBwcm9ww7NzaXRvLCBldSBtZSBwZXJndW50bwpkbyBxdcOqIG8gdMOtdHVsbyBlc3TDoSAKZmFsYW5kby4gw4kgZG8gY2FvcyBkbwppbmZlcm5vIG91IGRhIG5vc3NhIHByw7NwcmlhIHJlYWxpZGFkZT8=,,W05lbGxpb3JkZV0KQ2FvcyBFdGVybm8uLi4KU3VlbmEgZGVtYXNpYWRvIGNhw7N0aWNvLgpQb3IgY2llcnRvLCBtZSBwcmVndW50bwphIHF1w6kgc2UgcmVmaWVyZQpzZSByZWZpZXJlLiDCv0VzIGVsIGNhb3MKZGVsIGluZmllcm5vLCBvIGEgbnVlc3RyYSBwcm9waWEgcmVhbGlkYWQ/
bv8vAg,,W05lbGxpb3JkZV0KQXNzYXNzaW4gaW4KdGhlIFN1bnNldCEKU29tZWhvdywgdGhlIGltYWdlIG9mIHRoZSBzZXR0aW5nIHN1biBmaXRzIHdlbGwgd2l0aCBhc3Nhc3NpbnMuIERvbid0IHlvdSBhZ3JlZT8=,,,,,W05lbGxpb3JkZV0KTWVyY2Vuw6FyaW8KYW8gUMO0ci1kby1Tb2whClNpbSwgbmFkYSBtYWlzIGxlZ2FsIHF1ZSB1bSBNZXJjZW7DoXJpbywgbyBtZW5zYWdlaXJvIGRhIG1vcnRlLCBkZSBww6kgc296aW5obywgYW8gcMO0ci1kby1zb2whIEhlIGhlLi4u,,W05lbGxpb3JkZV0KQXNlc2lubyBlbgrCoWVsIG9jYXNvIQpEZSBhbGfDum4gbW9kbywgbGEgaW1hZ2VuIGRlbCBzb2wgcG9uaWVudGUgZW5jYWphIGJpZW4gY29uIGxvcyBhc2VzaW5vcy4gwr9ObyB0ZSBwYXJlY2U/
b/8vAg,,W05lbGxpb3JkZV0KRGVyIFJpbmcgZGVzIE5pYmVsdW5nZW4uLi4KT2theSwgYXJlIHlvdSByZWFkeSB0byBsaXN0ZW4/Ckh1bSBodW0gaHVtLi4uLg==,,,,,W05lbGxpb3JkZV0KTyBBbmVsIGRvcyBOaWJlbHVuZ29zLi4uLi4KT0ssIGVzdMOhIHByb250byBwcmEgb3V2aXI/Ckh1bSBodW0gaHVtLi4uLg==,,W05lbGxpb3JkZV0KRGVyIFJpbmcgZGVzIE5pYmVsdW5nZW4uLi4KQmllbiwgwr9lc3TDoXMgbGlzdG8gcGFyYSBlc2N1Y2hhcj8KSHVtIGh1bSBodW0uLi4u
cP8vAg,,XjRENERGRlJoZWluZ29sZC4uLgpIaWRkZW4gaW4gdGhlIFJpdmVyIFJoZWluLgpJZiB0dXJuZWQgaW50byBhIHJpbmcsCml0IGNvdWxkIHJ1bGUgdGhlIHdvcmxkLi4uXjAwMDAwMA==,,,,,XjRENERGRk8gb3VybyBkYXMgbmluZmFzLi4uCkVzY29uZGlkbyBubyBSaW8gUmVuby4KU2UgZm9yamFkbyBudW0gYW5lbCwKUG9kZXJpYSBkb21pbmFyIG8gbXVuZG8uLi5eMDAwMDAw,,XjRENERGRlJoZWluZ29sZC4uLgpFc2NvbmRpZG8gZW4gZWwgcsOtbyBSaGVpbi4KU2kgc2UgY29udmllcnRlIGVuIHVuIGFuaWxsbywKcG9kcsOtYSBnb2Jlcm5hciBlbCBtdW5kby4uLl4wMDAwMDA=
cf8vAg,,XjRENERGRlByb3RlY3RlZCBieSBhIHNwZWxsLApjdXJzaW5nIGl0cyB0aGllZgp0byBuZXZlciBmaW5kIGxvdmUuCkFsYmVyaWNoIGtuZXcsIGFuZApuZXZlcnRoZWxlc3MsIGhlIHN0b2xlIGl0LgpMb3ZlIGZvcnNha2VuIGZvciBwb3dlci5eMDAwMDAw,,,,,XjRENERGRlByb3RlZ2lkbyBwb3IgdW0gZmVpdGnDp28KQ29uZGVuYW5kbyBvIGxhZHLDo28KQSBudW5jYSBlbmNvbnRyYXIgbyBhbW9yLgpBbGJlcmljaCBzYWJpYQpFIG1lc21vIGFzc2ltIG8gbGV2b3UuCk8gYW1vciByZWxlZ2FkbyBwZWxvIHBvZGVyLl4wMDAwMDA=,,XjRENERGRlByb3RlZ2lkbyBwb3IgdW4gaGVjaGl6bywKbWFsZGljaWVuZG8gYSBzdSBsYWRyw7NuCnBhcmEgcXVlIG51bmNhIGVuY3VlbnRyZSBlbCBhbW9yLgpBbGJlcmljaCBsbyBzYWLDrWEsIHkKc2luIGVtYmFyZ28sIGxvIHJvYsOzLgpBbW9yIGFiYW5kb25hZG8gcG9yIHBvZGVyLl4wMDAwMDA=
cv8vAg,,XjRENERGRkdpYW50cyBidWlsdCBiZWF1dGlmdWwgVmFsaGFsbGEuCk1hdHJpbW9ueSB3aXRoIEZyZXlhLApnb2RkZXNzIG9mIGJlYXV0eS4KVGhlaXIgc3VwcG9zZWQgcGF5bWVudC4KV2hlbiBub3QgcmVjZWl2ZWQsCnRoZXkgZm9yY2VmdWxseSB0b29rIGhlci5eMDAwMDAw,,,,,XjRENERGRk9zIGdpZ2FudGVzIGVyZ3VlcmFtIG8gYmVsbyBWYWxoYWxsYQpBIG3Do28gZGUgRnJleWEKRGV1c2EgZGEgYmVsZXphCk8gcGFnYW1lbnRvIHByb21ldGlkby4KUXVhbmRvIG7Do28gbyByZWNlYmVyYW0KTGV2YXJhbS1uYSDDoCBmb3LDp2EuXjAwMDAwMA==,,XjRENERGRkxvcyBnaWdhbnRlcyBjb25zdHJ1eWVyb24gZWwgaGVybW9zbyBWYWxoYWxsYS4KTWF0cmltb25pbyBjb24gRnJleWEsCmRpb3NhIGRlIGxhIGJlbGxlemEuClN1IHN1cHVlc3RvIHBhZ28uCkN1YW5kbyBubyBmdWUgcmVjaWJpZG8sCnNlIGxhIGxsZXZhcm9uIGEgbGEgZnVlcnphLl4wMDAwMDA=
c/8vAg,,XjRENERGRlRoZSBnb2RzIHdvdWxkCmdpdmUgQWxiZXJpY2gncyB0cmVhc3VyZQp0byB0aGUgR2lhbnRzIGZvciBGcmV5YSdzIHJldHVybi4KTG9raSB0cmlja2VkIEFsYmVyaWNoLApzdGVhbGluZyBoaXMgcmluZyBvZiBwb3dlci5eMDAwMDAw,,,,,XjRENERGRk9zIGRldXNlcyBkYXJpYW0KbyB0ZXNvdXJvIGRlIEFsYmVyaWNoCmFvcyBnaWdhbnRlcyBlbSB0cm9jYSBkZSBGcmV5YS4KTG9raSBlbmdhbm91IEFsYmVyaWNoLApSb3ViYW5kbyBzZXUgYW5lbCBlIHNldSBwb2Rlci5eMDAwMDAw,,XjRENERGRkxvcyBkaW9zZXMKZGFyw61hbiBlbCB0ZXNvcm8gZGUgQWxiZXJpY2gKYSBsb3MgR2lnYW50ZXMgcG9yIGVsIHJlZ3Jlc28gZGUgRnJleWEuCkxva2kgZW5nYcOxw7MgYSBBbGJlcmljaCwKcm9iYW5kbyBzdSBhbmlsbG8gZGUgcG9kZXIuXjAwMDAwMA==
dP8vAg,,XjRENERGRkJ1dCBBbGJlcmljaCBjdXJzZWQgaGlzIHJpbmcKYmVmb3JlIGl0IHdhcyByZXR1cm5lZCB0byBoaW0uCkVudnkgYW5kIGRlYXRoIHdvdWxkCmJlZmFsbCB0aG9zZSB3aG8gd29yZSBpdC5eMDAwMDAw,,,,,XjRENERGRk1hcyBBbGJlcmljaCBhbWFsZGnDp29vdSBvIGFuZWwKQXTDqSBxdWUgdm9sdGFzc2UgYSBlbGUsCkludmVqYSBlIG1vcnRlIHNlZ3VpcmlhbQpxdWVtIG8gdXNhc3NlLl4wMDAwMDA=,,XjRENERGRlBlcm8gQWxiZXJpY2ggbWFsZGlqbyBzdSBhbmlsbG8KYW50ZXMgZGUgcXVlIHNlIGxvIGRldm9sdmllcmFuLgpMYSBlbnZpZGlhIHkgbGEgbXVlcnRlCmNhZXLDrWFuIHNvYnJlIGFxdWVsbG9zIHF1ZSBsbyBsbGV2YXJhbi5eMDAwMDAw
df8vAg,,XjRENERGRlRoZSByaW5nIHdhcyBnaXZlbiB0byB0aGUgZ2lhbnRzLApGcmV5YSB3YXMgcmV0dXJuZWQgdG8gdGhlIGdvZHMuClRoZSBnaWFudHMga2lsbGVkIGVhY2ggb3RoZXIKZmlnaHRpbmcgb3ZlciB0aGUgcmhlaW5nb2xkLAp2aWN0aW1zIG9mCkFsYmVyaWNoJ3MgY3Vyc2UuXjAwMDAwMA==,,,,,XjRENERGRk8gYW5lbCBmb2kgZGFkbyBhb3MgZ2lnYW50ZXMKRnJleWEgcmV0b3Jub3UgYW9zIGRldXNlcwpPcyBnaWdhbnRlcyBzZSBtYXRhcmFtCkx1dGFuZG8gcGVsbyBvdXJvIGRvIFJlbm8sClbDrXRpbWFzIGRhCm1hbGRpw6fDo28gZGUgQWxiZXJpY2guLi5eMDAwMDAw,,XjRENERGRkVsIGFuaWxsbyBmdWUgZW50cmVnYWRvIGEgbG9zIGdpZ2FudGVzLApGcmV5YSBmdWUgZGV2dWVsdGEgYSBsb3MgZGlvc2VzLgpMb3MgZ2lnYW50ZXMgc2UgbWF0YXJvbiB1bm9zIGEgb3Ryb3MKbHVjaGFuZG8gcG9yIGVsIFJoZWluZ29sZCwKdsOtY3RpbWFzIGRlIGxhIG1hbGRpY2nDs24gZGUKTGEgbWFsZGljacOzbiBkZSBBbGJlcmljaC5eMDAwMDAw
dv8vAg,,W05lbGxpb3JkZV0KWW91IHdpc2ggdG8KaGVhciBvZiBzb21lIG5ld3M/CldoYXQga2luZCBvZiBuZXdzIGRvCnlvdSB3aXNoIHRvIGhlYXIgYWJvdXQ/,,,,,W05lbGxpb3JkZV0KUXVlciBvdXZpcgphcyBub3TDrWNpYXM/ClNvYnJlIG8gcXXDqiB2b2PDqiAKcXVlciBzYWJlcj8=,,W05lbGxpb3JkZV0Kwr9EZXNlYXMKbm90aWNpYXM/CsK/UXXDqSB0aXBvIGRlIG5vdGljaWFzCmRlc2VhIG/DrXI/
d/8vAg,,QWJvdXQgUHJvbnRlcmEu,,,,,U29icmUgUHJvbnRlcmEh,,QWNlcmNhIGRlIFByb250ZXJhLg==
eP8vAg,,QWJvdXQgc2Vhc2lkZSBhcmVhcy4=,,,,,U29icmUgYXMgw6FyZWFzIGNvc3RlaXJhcy4=,,U29icmUgbGFzIHpvbmFzIGNvc3RlcmFzLg==
ef8vAg,,SXMgdGhlIGRlc2VydCBzdGlsbCBob3Q/,,,,,TyBkZXNlcnRvIGFpbmRhIGVzdMOhIHF1ZW50ZT8=,,wr9TaWd1ZSBoYWNpZW5kbyBjYWxvciBlbiBlbCBkZXNpZXJ0bz8=
ev8vAg,,SG93IGFib3V0IHRoZSBib3JkZXJsYW5kcz8=,,,,,Q29tbyBlc3TDo28gYXMgZnJvbnRlaXJhcz8=,,wr9ZIGxhcyB6b25hcyBmcm9udGVyaXphcz8=
e/8vAg,,W05lbGxpb3JkZV0KV2hhdD8hIFByb250ZXJhPyEKQ2FuIHlvdSBub3Qgc2VlIHRoYXQgdGhlIGZyb250IGdhdGUgb2YgUHJvbnRlcmEgaXMgcmlnaHQgYmVmb3JlIHlvdT8gWW91IHNob3VsZCBhdCBsZWFzdCBrbm93IHdoZXJlIHlvdSBhcmUsIGFkdmVudHVyZXIh,,,,,W05lbGxpb3JkZV0KUXXDqj8hIFByb250ZXJhPyEKTsOjbyB2w6ogcXVlIG8gcG9ydGFsIGZyb250YWwgZGUgUHJvbnRlcmEgZXN0w6EgYmVtIGRpYW50ZSBkZSBuw7NzPyBWb2PDqiBkZXZlcmlhIHBlbG8gbWVub3Mgc2FiZXIgb25kZSBlc3TDoSwgdmlhamFudGUu,,W05lbGxpb3JkZV0KwqHCv1F1w6k/ISDCocK/UHJvbnRlcmE/IQrCv05vIHZlcyBxdWUgbGEgcHVlcnRhIHByaW5jaXBhbCBkZSBQcm9udGVyYSBlc3TDoSBqdXN0byBkZWxhbnRlIGRlIHRpPyDCoUFsIG1lbm9zIGRlYmVyw61hcyBzYWJlciBkw7NuZGUgZXN0w6FzLCBhdmVudHVyZXJvIQ==
fP8vAg,,W05lbGxpb3JkZV0KQW55d2F5cywgSSBrbm93IHNvbWUgaW50ZXJlc3RpbmcgbmV3cyBhYm91dCBQcm9udGVyYS4gQnV0LCBpdCdzIGEgc2VjcmV0LiBTc2hoISBBcmUgeW91Li4uIHNpbmdsZT8=,,,,,W05lbGxpb3JkZV0KRGUgcXVhbHF1ZXIgZm9ybWEsIHNlaSBkZSB1bWEgY29pc2EgaW50ZXJlc3NhbnRlIHNvYnJlIFByb250ZXJhLiBNYXMgw6kgc2VncmVkby4gU2hoISBWb2PDqiDDqS4uLiBTb2x0ZWlybz8=,,W05lbGxpb3JkZV0KRGUgdG9kb3MgbW9kb3MsIHPDqSBhbGd1bmFzIG5vdGljaWFzIGludGVyZXNhbnRlcyBzb2JyZSBQcm9udGVyYS4gUGVybywgZXMgdW4gc2VjcmV0by4gwqFTc2hoISDCv0VzdMOhcy4uLiBzb2x0ZXJhPw==
ff8vAg,,W05lbGxpb3JkZV0KSWYgc28sIGdvIHZpc2l0IHRoZSB0YXZlcm4uIEkgbWV0IGEgZ3V5IHRoZXJlIHdobyB0b29rIG1lIHRvIGEgbmljZSBwbGFjZS4gSGUgdG9vayBtZSB0byAndGhlIHBsYWNlJyB0aGF0J3Mgb2ZmLWxpbWl0cyB0byBzaW5nbGVzIQ==,,,,,W05lbGxpb3JkZV0KU2UgZm9yLCB2w6EgdmlzaXRhciBhIHRhdmVybmEuIEVuY29udHJlaSB1bSBjYXJhIGzDoSBxdWUgbWUgbGV2b3UgYSB1bSBsdWdhciBsZWdhbC4gQWgsIHNpbS4gTWUgbGV2b3UgcGFyYSBvIGx1Z2FyIGVtIHF1ZSBvcyBzb2x0ZWlyb3Mgc2UgZGl2ZXJ0ZW0gbWFpcy4uLg==,,W05lbGxpb3JkZV0KU2kgZXMgYXPDrSwgdmUgYSB2aXNpdGFyIGxhIHRhYmVybmEuIEFsbMOtIGNvbm9jw60gYSB1biB0aXBvIHF1ZSBtZSBsbGV2w7MgYSB1biBzaXRpbyBtdXkgYm9uaXRvLiDCoU1lIGxsZXbDsyBhICcnZWwgbHVnYXInJyBwcm9oaWJpZG8gcGFyYSBsb3Mgc29sdGVyb3Mh
fv8vAg,,W05lbGxpb3JkZV0KU2Vhc2lkZSBhcmVhcz8KVGhhdCdzIGZ1bm55LiBJIG1lYW4sIHRoZXJlJ3MgQWxiZXJ0YSBhbmQgYSBmZXcgb3RoZXIgcGxhY2VzIHdoZXJlIHlvdSBjYW4gc2VlIHRoZSBzZWEu,,,,,W05lbGxpb3JkZV0Kw4FyZWFzIGNvc3RlaXJhcz8KRW5ncmHDp2FkbyB2b2PDqiBwZXJndW50YXIuIFNhYmUsIHRlbSBBbGJlcnRhIGUgYWxndW5zIG91dHJvcyBsdWdhcmVzIGRlIG9uZGUgc2UgcG9kZSB2ZXIgbyBtYXIu,,W05lbGxpb3JkZV0Kwr9ab25hcyBjb3N0ZXJhcz8KRXMgY3VyaW9zby4gUXVpZXJvIGRlY2lyLCBoYXkgQWxiZXJ0YSB5IGFsZ3Vub3Mgb3Ryb3MgbHVnYXJlcyBkb25kZSBzZSBwdWVkZSB2ZXIgZWwgbWFyLg==
f/8vAg,,W05lbGxpb3JkZV0KVG8gdGhlIHNvdXRod2VzdCB0aGVyZSdzIEtva29tbyBCZWFjaC4gQnV0IEkgc3VwcG9zZSBpdCdzIHRvbyBkYW5nZXJvdXMgdG8gZ28gdGhlcmUganVzdCB0byB0YWtlIGEgc3Ryb2xsLg==,,,,,W05lbGxpb3JkZV0KQSBzdWRvZXN0ZSB0ZW0gYSBQcmFpYSBLb2tvbW8uIE1hcyBhY2hvIHF1ZSDDqSBwZXJpZ29zbyBkZW1haXMgaXIgbMOhIHPDsyBwcmEgcGFzc2Vhci4=,,W05lbGxpb3JkZV0KQWwgc3Vyb2VzdGUgZXN0w6EgbGEgcGxheWEgZGUgS29rb21vLiBQZXJvIHN1cG9uZ28gcXVlIGVzIGRlbWFzaWFkbyBwZWxpZ3Jvc28gaXIgYWxsw60gc8OzbG8gcGFyYSBkYXIgdW4gcGFzZW8u
gP8vAg,,W05lbGxpb3JkZV0=,,,,,W05lbGxpb3JkZV0=,,W05lbGxpb3JkZV0=
gf8vAg,,S29rb21vIEJlYWNoIGlzIGEgbGFyZ2UgZXhwYW5zZSBvZiBzYW5kLiBUaGUgd2F0ZXIgdGhlcmUgaXMgdGVlbWluZyB3aXRoIHNlYSBsaWZlLCB3aGljaCB5b3UgY2FuIGVuam95IGNhdGNoaW5nLg==,,,,,QSBQcmFpYSBLb2tvbW8gw6kgdW1hIGdyYW5kZSBleHRlbnPDo28gZGUgYXJlaWEuIEEgw6FndWEgZXN0w6EgY2hlaWEgZGUgYW5pbWFpcyBtYXJpbmhvcywgZW50w6NvIHZvY8OqIHBvZGUgc2UgZGl2ZXJ0aXIgY2F0YW5kbyBNb2x1c2Nvcy4=,,TGEgcGxheWEgZGUgS29rb21vIGVzIHVuYSBncmFuIGV4dGVuc2nDs24gZGUgYXJlbmEuIEVsIGFndWEgZXN0w6EgcmVwbGV0YSBkZSB2aWRhIG1hcmluYSwgcXVlIHBvZHLDoSBkaXNmcnV0YXIgY2FwdHVyYW5kby4=
gv8vAg,,W05lbGxpb3JkZV0KSG93ZXZlciwgdGhlcmUgYXJlIGFsd2F5cyBidWxsaWVzIGluIHRoYXQgcGxhY2UuIE9uY2UsIEkgbWV0IGEgc2NhcnktbG9va2luZyBob29kbHVtIHdpdGggc3Bpa3kgcmVkIGhhaXIu,,,,,W05lbGxpb3JkZV0KTWFzIHRlbSBzZW1wcmUgdW5zIHZhbGVudMO1ZXMgbmVzc2UgdGlwbyBkZSBsdWdhci4gVW1hIHZleiwgZW5jb250cmVpIHVtIG1hcmdpbmFsIGJlbSBkdXLDo28sIGNvbSB1bSBjYWJlbG8gcnVpdm8gZXNwZXRhZG8u,,W05lbGxpb3JkZV0KU2luIGVtYmFyZ28sIHNpZW1wcmUgaGF5IG1hdG9uZXMgZW4gZXNlIGx1Z2FyLiBVbmEgdmV6LCBjb25vY8OtIGEgdW4gbWF0w7NuIGRlIGFzcGVjdG8gYXRlcnJhZG9yIGNvbiBlbCBwZWxvIHJvam8gZGUgcHVudGEu
g/8vAg,,SGUgd2FzIGNoZXdpbmcgb24gc29tZXRoaW5nIGFuZCB0aGVuIHNwYXQgaXQgb3V0LiBUaGUgYmlnIGJ1ZmZvb24gbWFuYWdlZCB0byBpbnRpbWlkYXRlIG1lIGludG8gZ2l2aW5nIGhpbSBhbGwgb2YgbXkgWmVueSE=,,,,,RWxlIGVzdGF2YSBtYXN0aWdhbmRvIGFsZ3VtYSBjb2lzYSwgZSBjdXNwaWEgbm8gY2jDo28uIEVzc2UgcGFsaGHDp28gY29uc2VndWl1IG1lIGludGltaWRhciBlIG1lIGZhemVyIGRhciB0b2RvcyBvcyBtZXVzIFplbnlzIQ==,,RXN0YWJhIG1hc3RpY2FuZG8gYWxnbyB5IGx1ZWdvIGxvIGVzY3VwacOzLiDCoUVsIGdyYW4gYnVmw7NuIGNvbnNpZ3Vpw7MgaW50aW1pZGFybWUgcGFyYSBxdWUgbGUgZGllcmEgdG9kbyBtaSBaZW55IQ==
hP8vAg,,W05lbGxpb3JkZV0KXjMzMzMzM1NpZ2guLi5eMDAwMDAwClRoaXMgd29ybGQgaXMgdG9vCmRhbmdlcm91cyBmb3IgYSBmcmFnaWxlCnlvdW5nIGJhcmQu,,,,,W05lbGxpb3JkZV0KXjMzMzMzMypwZmZmLi4uKl4wMDAwMDAKRXN0ZSBtdW5kbyDDqSAKcGVyaWdvc28gZGVtYWlzIHBhcmEKdW0gam92ZW0gZSBmcsOhZ2lsIEJhcmRvLg==,,W05lbGxpb3JkZV0KXjMzMzMzM1N1c3Bpcm8uLi5eMDAwMDAwCkVzdGUgbXVuZG8gZXMgZGVtYXNpYWRvCnBlbGlncm9zbyBwYXJhIHVuIGZyw6FnaWwKam92ZW4gYmFyZG8u
hf8vAg,,QnkgdGhlIHdheSwgQWxiZXJ0YSBkb2Vzbid0IHNlZW0gdG8gaGF2ZSBjaGFuZ2VkLiBUaGUgc3Vua2VuIHNoaXAgbG9va3MgdGhlIHNhbWUgYXMgd2VsbCwgd2l0aCBhbGwgb2YgaXRzIHNrZWxldG9uIHBpcmF0ZXMgYW5kIHdoYXRub3QuIFlvdSBrbm93IGhvdyBpdCBpcy4=,,,,,QSBwcm9ww7NzaXRvLCBwYXJlY2UgcXVlIEFsYmVydGEgbsOjbyBtdWRvdSBuYWRhLiBPIE5hdmlvIE5hdWZyYWdhZG8gdGFtYsOpbSBjb250aW51YSBvIG1lc21vLCBjb20gdG9kb3Mgb3MgUGlyYXRhcyBFc3F1ZWxldG9zIGUgdHVkbyBvIG1haXMuIFZvY8OqIHNhYmUgY29tbyDDqS4=,,UG9yIGNpZXJ0bywgQWxiZXJ0YSBubyBwYXJlY2UgaGFiZXIgY2FtYmlhZG8uIEVsIGJhcmNvIGh1bmRpZG8gdGFtYmnDqW4gcGFyZWNlIGVsIG1pc21vLCBjb24gdG9kb3Mgc3VzIHBpcmF0YXMgZXNxdWVsw6l0aWNvcyB5IGRlbcOhcy4gWWEgc2FiZXMgY8OzbW8gZXMu
hv8vAg,,W05lbGxpb3JkZV0KVGhlIGV2ZW50IGFnZW5jeSBpbiBjaGFyZ2Ugb2YgZXhwZWRpdGlvbnMgdG8gdGhlIHN1bmtlbiBzaGlwIGlzIHN0aWxsIG1ha2luZyB0b25zIG9mIG1vbmV5LiBJZiB5b3UgaGF2ZSBub3RoaW5nIHRvIGRvLCB3aHkgZG9uJ3QgeW91IGh1bnQgc29tZSBtb25zdGVycyBkb3duIHRoZXJlPw==,,,,,W05lbGxpb3JkZV0KQSBhZ8OqbmNpYSBkZSBldmVudG9zIGVuY2FycmVnYWRhIGRhcyBleHBlZGnDp8O1ZXMgYW8gTmF2aW8gTmF1ZnJhZ2FkbyBhaW5kYSBlc3TDoSBnYW5oYW5kbyByaW9zIGRlIGRpbmhlaXJvLiBTZSB2b2PDqiBuw6NvIHRpdmVyIG5hZGEgcGFyYSBmYXplciwgcG9yIHF1ZSBuw6NvIHZhaSBsw6EgY2HDp2FyIG1vbnN0cm9zPw==,,W05lbGxpb3JkZV0KTGEgYWdlbmNpYSBkZSBldmVudG9zIGVuY2FyZ2FkYSBkZSBsYXMgZXhwZWRpY2lvbmVzIGFsIGJhcmNvIGh1bmRpZG8gc2lndWUgZ2FuYW5kbyBtdWNobyBkaW5lcm8uIFNpIG5vIHRpZW5lcyBuYWRhIHF1ZSBoYWNlciwgwr9wb3IgcXXDqSBubyBjYXphcyBhbGd1bm9zIG1vbnN0cnVvcyBhaMOtIGFiYWpvPw==
h/8vAg,,W05lbGxpb3JkZV0KT2gsIGhlbGwgeWVzIQpXaGVuIGlzIGl0IG5vdD8KVGhlIGRlc2VydCBpcyBob3QsIGhhcwpiZWVuIGhvdCBhbmQKYWx3YXlzIHdpbGwgYmUh,,,,,W05lbGxpb3JkZV0KT2gsIGNsYXJvIHF1ZSBzaW0hClBvciBxdWUgbsOjbyBlc3RhcmlhPwpPIGRlc2VydG8gw6kgcXVlbnRlLApzZW1wcmUgZm9pIHF1ZW50ZSwgZSBhY2hvCnF1ZSBzZW1wcmUgc2Vyw6EuLi4h,,W05lbGxpb3JkZV0KwqFDbGFybyBxdWUgc8OtIQrCv0N1w6FuZG8gbm8gbG8gZXM/CkVsIGRlc2llcnRvIGVzdMOhIGNhbGllbnRlLCBoYQpzaWRvIGNhbGllbnRlIHkKc2llbXByZSBsbyBlc3RhcsOhLg==
iP8vAg,,W05lbGxpb3JkZV0KR2lhbnQgd29ybXMgc3RpbGwganVtcCBvdXQgb2Ygbm93aGVyZSwgZnJlYWtpbmcgb3V0IGlubm9jZW50IHRyYXZlbGVycyBsaWtlIG15c2VsZiwgYW5kIHRoZSBzYW5kbWVuIHN0aWxsIGF0dGFjayBwZW9wbGUh,,,,,W05lbGxpb3JkZV0KVmVybWVzIGdpZ2FudGVzIGFpbmRhIHNhbHRhbSBkbyBuYWRhLCBhc3N1c3RhbmRvIHZpYWphbnRlcyBpbm9jZW50ZXMgY29tbyBldSwgZSBvcyBBcmVub3NvcyBjb250aW51YW0gZGFuZG8gdW1hIHN1cnJhIG5hIGdlbnRlIQ==,,W05lbGxpb3JkZV0KTG9zIGd1c2Fub3MgZ2lnYW50ZXMgc2lndWVuIHNhbHRhbmRvIGRlIGxhIG5hZGEsIGFzdXN0YW5kbyBhIHZpYWplcm9zIGlub2NlbnRlcyBjb21vIHlvLCDCoXkgbG9zIGhvbWJyZXMgZGUgYXJlbmEgc2lndWVuIGF0YWNhbmRvIGEgbGEgZ2VudGUh
if8vAg,,W05lbGxpb3JkZV0KRXZlbiBpZiB0aGUgZGVzZXJ0IGlzIGZpbGxlZCB3aXRoIGhpZGVvdXMgbW9uc3RlcnMsIHRoZSB2aWV3IG9mIHRoZSBvY2VhbiB0aGVyZSBpcyBzbyBtYWduaWZpY2VudC4gSGVoLCBpdCBtYWtlcyBtZSB3YW50IHRvIHBsYXkgYSBzb25nLg==,,,,,W05lbGxpb3JkZV0KTWVzbW8gcXVlIG8gZGVzZXJ0byBlc3RlamEgY2hlaW8gZGUgbW9uc3Ryb3MgaG9ycsOtdmVpcywgYSB2aXPDo28gZG8gbWFyIGFsaSDDqSBtYWduw61maWNhLiBQdXhhLCBmaWNvIGF0w6kgY29tIHZvbnRhZGUgZGUgY2FudGFyLg==,,W05lbGxpb3JkZV0KQXVucXVlIGVsIGRlc2llcnRvIGVzdMOpIGxsZW5vIGRlIG1vbnN0cnVvcyBob3JyaWJsZXMsIGxhIHZpc3RhIGRlbCBvY8OpYW5vIGFsbMOtIGVzIHRhbiBtYWduw61maWNhLiBNZSBkYW4gZ2FuYXMgZGUgdG9jYXIgdW5hIGNhbmNpw7NuLg==
iv8vAg,,W05lbGxpb3JkZV0KSSBtdXN0IHNheSwgdGhlcmUgaXMKb25lIHBsYWNlIHlvdSBtYXkgd2FudAp0byBzZWUgaW4gdGhlIGRlc2VydC4=,,,,,W05lbGxpb3JkZV0KRGV2byBkaXplciBxdWUgdGVtCnVtIGx1Z2FyIHF1ZSB2b2PDqiBwb2RlCnF1ZXJlciB2ZXIgbm8gZGVzZXJ0by4=,,W05lbGxpb3JkZV0KRGVibyBkZWNpciBxdWUgaGF5CnVuIGx1Z2FyIHF1ZSB0YWwgdmV6IHF1aWVyYXMKdmVyIGVuIGVsIGRlc2llcnRvLg==
i/8vAg,,SSdtIHRhbGtpbmcgYWJvdXQgdGhlIEFzc2Fzc2luJ3MgR3VpbGQuIFN1cHBvc2VkbHksIGl0J3MgaGlkZGVuIGJlaGluZCBhIHNhbmRzdG9ybSBpbiB0aGUgTW9ycm9jIERlc2VydCE=,,,,,RXN0b3UgZmFsYW5kbyBkYSBHdWlsZGEgZG9zIE1lcmNlbsOhcmlvcy4gRGl6ZW0gcXVlIGVzdMOhIGVzY29uZGlkYSBwb3IgdHLDoXMgZGUgdW1hIHRlbXBlc3RhZGUgZGUgYXJlaWEgbm8gRGVzZXJ0byBkZSBNb3Jyb2Mh,,RXN0b3kgaGFibGFuZG8gZGVsIEdyZW1pbyBkZSBBc2VzaW5vcy4gU3VwdWVzdGFtZW50ZSwgwqFlc3TDoSBvY3VsdG8gdHJhcyB1bmEgdG9ybWVudGEgZGUgYXJlbmEgZW4gZWwgZGVzaWVydG8gZGUgTW9ycm9jIQ==
jP8vAg,,QnV0IHlvdSBrbm93IHdoYXQgSSBhbSB0YWxraW5nIGFib3V0ISBTbyB3aGVuIGFyZSB5b3UgZ29ubmEgdGFrZSBtZSB0byB0aGUgZ3VpbGQ/,,,,,TWFzIHZvY8OqIGRldmUgc2FiZXIgYmVtIGRvIHF1ZSBlc3RvdSBmYWxhbmRvISBFbnTDo28sIHF1YW5kbyB2b2PDqiB2YWkgbWUgbGV2YXIgYXTDqSBhIGd1aWxkYSwgaGVpbj8=,,wqFQZXJvIHNhYmVzIGRlIGxvIHF1ZSBlc3RveSBoYWJsYW5kbyEgwr9DdcOhbmRvIG1lIGxsZXZhcsOhcyBhbCBncmVtaW8/
jf8vAg,,SGF2ZSB5b3UgZXZlciBiZWVuIHRoZXJlIGJlZm9yZT8=,,,,,Vm9jw6ogasOhIGVzdGV2ZSBsw6EgYW50ZXM/,,wr9IYSBlc3RhZG8gYWxndW5hIHZleiBhbGzDrT8=
jv8vAg,,W05lbGxpb3JkZV0KVG8gdGhlIG5vcnRoIGlzIHRoZSBTY2h3YXJ0endhbGQgUmVwdWJsaWMuIFRoZXJlLCB5b3UnbGwgZmluZCBKdW5vLCB0aGUgJ0NpdHkgb2YgU2FnZXMuJw==,,,,,W05lbGxpb3JkZV0KQmVtLCBhbyBOb3J0ZSBlc3TDoSBhIFJlcMO6YmxpY2EgZGUgU2NodWJhbHR6d2FsZC4gTMOhLCB2b2PDqiB2YWkgZW5jb250cmFyIEp1bm8sIGEgJ0NpZGFkZSBkb3MgU8OhYmlvcycu,,W05lbGxpb3JkZV0KQWwgbm9ydGUgZXN0w6EgbGEgUmVww7pibGljYSBkZSBTY2h3YXJ0endhbGQuIEFsbMOtIGVuY29udHJhcsOhcyBKdW5vLCBsYSAnJ0NpdWRhZCBkZSBsb3MgU2FiaW9zJycu
j/8vAg,,W05lbGxpb3JkZV0KVGhlIHBlb3BsZSB0aGVyZSBzYXkgdGhhdCB0aGVyZSBpcyBvbmUgbWFqb3IgbnVpc2FuY2UuIEEgbWFuIGtub3duIGFzIHRoZSAnTWFkIFNjaWVudGlzdC4nIEhlJ3MgYW50aXNvY2lhbCBhbmQgY3JlYXRlcyBhIGxvdCBvZiBwdWJsaWMgZGlzdHVyYmFuY2VzIHdpdGggaGlzIGV4cGVyaW1lbnRzLg==,,,,,W05lbGxpb3JkZV0KTyBwb3ZvIGRlIGzDoSBkaXogcXVlIGjDoSBzb21lbnRlIHVtIGdyYW5kZSBwcm9ibGVtYSwgdW0gaG9tZW0gY29uaGVjaWRvIGNvbW8gJ0NpZW50aXN0YSBNYWx1Y28nLiBFbGUgw6kgYW50aS1zb2NpYWwsIGUgY3JpYSBtdWl0YXMgcGVydHVyYmHDp8O1ZXMgcMO6YmxpY2FzIGNvbSBzZXVzIGV4cGVyaW1lbnRvcy4=,,W05lbGxpb3JkZV0KTGEgZ2VudGUgZGUgYWxsw60gZGljZSBxdWUgaGF5IHVuYSBncmFuIG1vbGVzdGlhLiBVbiBob21icmUgY29ub2NpZG8gY29tbyBlbCAnQ2llbnTDrWZpY28gTG9jbycuIEVzIGFudGlzb2NpYWwgeSBjcmVhIG11Y2hvcyBkaXN0dXJiaW9zIHDDumJsaWNvcyBjb24gc3VzIGV4cGVyaW1lbnRvcy4=
kP8vAg,,SXQgc2VlbXMgZXZlcnlvbmUgaW4gSnVubyBoYXRlcyBoaW0gd2l0aCBhIHBhc3Npb24uIEV2ZW4gb25lIG9mIHRoZSB0b29sIHNob3Agb3duZXJzIGJlZ2dlZCBhIHBhc3NpbmcgYWR2ZW50dXJlciB0byBzdG9wIHRoZSBNYWQgU2NpZW50aXN0J3MgcmVzZWFyY2gh,,,,,UGFyZWNlIHF1ZSB0b2RvcyBlbSBKdW5vIG8gb2RlaWFtIGRlIHZlcmRhZGUuIEF0w6kgbWVzbW8gdW0gZG9zIGRvbm9zIGRhIExvamEgZGUgVXRpbGlkYWRlcyBpbXBsb3JvdSBhIHVtIGF2ZW50dXJlaXJvIHF1ZSBwYXNzYXZhIHBhcmEgZGV0ZXIgYSBwZXNxdWlzYSBkZXNzZSBDaWVudGlzdGEh,,UGFyZWNlIHF1ZSB0b2RvIGVsIG11bmRvIGVuIEp1bm8gbGUgb2RpYSBjb24gcGFzacOzbi4gSW5jbHVzbyB1bm8gZGUgbG9zIGR1ZcOxb3MgZGUgbGEgdGllbmRhIGRlIGhlcnJhbWllbnRhcyByb2fDsyBhIHVuIGF2ZW50dXJlcm8gcXVlIHBhc2FiYSBwb3IgYWxsw60gcXVlIGRldHV2aWVyYSBsYSBpbnZlc3RpZ2FjacOzbiBkZWwgQ2llbnTDrWZpY28gTG9jby4=
kf8vAg,,W05lbGxpb3JkZV0KQnV0IEkgaGF2ZSBhIGRpZmZlcmVudCBvcGluaW9uIGFib3V0IGhpbS4gSSBiZWxpZXZlIGl0J3Mgbm90IGEgZ29vZCBpZGVhIHRvIGludGVycnVwdCB0aGUgd29yayBvZiBhIHNjaWVudGlzdC4gQWZ0ZXIgYWxsLCBoZSBtaWdodCBqdXN0IGRpc2NvdmVyIHNvbWV0aGluZyBpbXBvcnRhbnQuIEV2ZW4gaWYgaGlzIGV4cGVyaW1lbnRzIGFyZSBhIGxpdHRsZSBoYXphcmRvdXMu,,,,,W05lbGxpb3JkZV0KTWFzIGV1IHRlbmhvIG91dHJhIG9waW5pw6NvIHNvYnJlIGVsZS4gQWNobyBxdWUgbsOjbyDDqSB1bWEgYm9hIGlkw6lpYSBpbnRlcnJvbXBlciBvIHRyYWJhbGhvIGRlIGNpZW50aXN0YSBuZW5odW0uIEFmaW5hbCwgZWxlIHBvZGUgYWNhYmEgZGVzY29icmluZG8gYWxnbyBpbXBvcnRhbnRlLCBtZXNtbyBxdWUgc2V1cyBleHBlcmltZW50b3Mgc2VqYW0gdW0gcG91Y28gYXJyaXNjYWRvcy4=,,W05lbGxpb3JkZV0KUGVybyB5byB0ZW5nbyB1bmEgb3BpbmnDs24gZGlmZXJlbnRlIHNvYnJlIMOpbC4gQ3JlbyBxdWUgbm8gZXMgYnVlbmEgaWRlYSBpbnRlcnJ1bXBpciBlbCB0cmFiYWpvIGRlIHVuIGNpZW50w61maWNvLiBEZXNwdcOpcyBkZSB0b2RvLCBwb2Ryw61hIGRlc2N1YnJpciBhbGdvIGltcG9ydGFudGUuIEF1bnF1ZSBzdXMgZXhwZXJpbWVudG9zIHNlYW4gdW4gcG9jbyBwZWxpZ3Jvc29zLg==
kv8vAg,,U3BlYWtpbmcgb2YgZGlzY292ZXJpZXMsIHlvdSBrbm93IGhvdyBKdW5vIGZsb2F0cyBpbiB0aGUgYWlyLCByaWdodD8=,,,,,RmFsYW5kbyBkZSBkZXNjb2JlcnRhcywgdm9jw6ogc2FiZSBjb21vIEp1bm8gZmx1dHVhIG5vIGFyLCBuw6NvIHNhYmU/,,SGFibGFuZG8gZGUgZGVzY3VicmltaWVudG9zLCDCv3NhYmVzIGPDs21vIGZsb3RhIEp1bm8gZW4gZWwgYWlyZSwgdmVyZGFkPw==
k/8vAg,,W05lbGxpb3JkZV0KSXQncyBzYWlkIHRoYXQgYSBwaWVjZSBvZiBZbWlyJ3MgSGVhcnQgZ2VuZXJhdGVzIGVub3VnaCBwb3dlciB0byBrZWVwIHRoZSBlbnRpcmUgY2l0eSBhZmxvYXQuIElzbid0IHRoYXQgYW1hemluZz8=,,,,,W05lbGxpb3JkZV0KRGl6ZW0gcXVlIHVtIHBlZGHDp28gZG8gQ29yYcOnw6NvIGRlIFltaXIgZ2VyYSBlbmVyZ2lhIHN1ZmljaWVudGUgcGFyYSBtYW50ZXIgYSBjaWRhZGUgaW50ZWlyYSBubyBhci4gTsOjbyDDqSBpbmNyw612ZWw/,,W05lbGxpb3JkZV0KU2UgZGljZSBxdWUgdW4gdHJvem8gZGVsIENvcmF6w7NuIGRlIFltaXIgZ2VuZXJhIHN1ZmljaWVudGUgZW5lcmfDrWEgcGFyYSBtYW50ZW5lciBhIGZsb3RlIHRvZGEgbGEgY2l1ZGFkLiDCv05vIGVzIGFzb21icm9zbz8=
lP8vAg,,W05lbGxpb3JkZV0KRXZlbiBtb3JlIHJlY2VudCBpcyB0aGUgbmV3cyBhYm91dCB0aGUgZGlzY292ZXJ5IG9mIFltaXIncyBCb29rLiBZb3UgY2FuIHJlYWQgaXQgaW4gSnVubydzIFNhZ2UgQ2FzdGxlLiBJIGhlYXIgdGhhdCBpdCBjb250YWlucyB0aGUgc2VjcmV0IHRvIG1lZXRpbmcgVmFsa3lyaWUu,,,,,W05lbGxpb3JkZV0KQWluZGEgbWFpcyBpbmNyw612ZWwgw6kgYSBub3TDrWNpYSBkYSBkZXNjb2JlcnRhIGRvIExpdnJvIGRlIFltaXIuIFZvY8OqIHBvZGUgbMOqLWxvIG5vIENhc3RlbG8gZG9zIFPDoWJpb3MgZW0gSnVuby4gT3V2aSBkaXplciBxdWUgZWxlIGNvbnTDqW0gbyBzZWdyZWRvIHBhcmEgZW5jb250cmFyIHVtYSBWYWxxdcOtcmlhLi4u,,W05lbGxpb3JkZV0KQcO6biBtw6FzIHJlY2llbnRlIGVzIGxhIG5vdGljaWEgc29icmUgZWwgZGVzY3VicmltaWVudG8gZGVsIExpYnJvIGRlIFltaXIuIFB1ZWRlcyBsZWVybG8gZW4gZWwgQ2FzdGlsbG8gZGUgbG9zIFNhYmlvcyBkZSBKdW5vLiBIZSBvw61kbyBxdWUgY29udGllbmUgZWwgc2VjcmV0byBwYXJhIGNvbm9jZXIgYSBWYWxxdWlyaWEu
lf8vAg,,W05lbGxpb3JkZV0KSHVoPyBPa2F5IHRoZW4sIHRhbGsgdG8geW91IGxhdGVyLiBNYXkgQnJhZ2kgYmxlc3MgeW91IG9uIHlvdXIgdHJhdmVscy4=,,,,,W05lbGxpb3JkZV0KSMOjPyBUw6EgYmVtLCBlbnTDo28sIGZhbG8gY29tIHZvY8OqIGRlcG9pcy4gUXVlIEJyYWdpIG8gYWJlbsOnb2UgZW0gc3VhIGpvcm5hZGEu,,W05lbGxpb3JkZV0Kwr9FaD8gRGUgYWN1ZXJkbyBlbnRvbmNlcywgaGFibGFtb3MgbcOhcyB0YXJkZS4gUXVlIEJyYWdpIHRlIGJlbmRpZ2EgZW4gdHVzIHZpYWplcy4=
lv8vAg,,W05lbGxpb3JkZV0KU28sIGhhdmUgeW91IG1ldCBNci4gS2FpbGk/IFBsZWFzZSBkbyB5b3VyIGJlc3QuIEFmdGVyIGFsbCwgSSByZWNvbW1lbmRlZCB5b3Uu,,,,,W05lbGxpb3JkZV0KRW50w6NvLCB2b2PDqiBqw6EgZW5jb250cm91IG8gU3IuIEthaWxpPyBQb3IgZmF2b3IsIGZhw6dhIG8gZXNmb3LDp28uIEFmaW5hbCwgZXUgcmVjb21lbmRlaSB2b2PDqiBhIGVsZS4uLg==,,W05lbGxpb3JkZV0Kwr9IYXMgY29ub2NpZG8gYWwgU3IuIEthaWxpPyBQb3IgZmF2b3IsIGhhemxvIGxvIG1lam9yIHF1ZSBwdWVkYXMuIERlc3B1w6lzIGRlIHRvZG8sIHlvIHRlIHJlY29tZW5kw6ku
l/8vAg,,VGVsbCBtZSBhIHN0b3J5Lg==,,,,,Q29udGUgdW1hIGhpc3TDs3JpYS4=,,Q3XDqW50YW1lIHVuYSBoaXN0b3JpYS4=
mP8vAg,,U2luZyBhIHNvbmcgZm9yIG1lLg==,,,,,Q2FudGUgdW1hIGNhbsOnw6NvIHBhcmEgbWltLg==,,Q8OhbnRhbWUgdW5hIGNhbmNpw7NuLg==
mf8vAg,,W05lbGxpb3JkZV0KSG1tLi4uIFdoYXQgd291bGQgYmUgYSBnb29kIHN0b3J5IGZvciB5b3UgdGhpcyB0aW1lPyBBaCB5ZXMsIEkndmUgZ290IGl0LiBMZXQgbWUgdGVsbCB5b3UgYWJvdXQgb25lIG9mIG15IG93biBhZHZlbnR1cmVzLiBJdCB3YXMgYSBwcmV0dHkgYW1hemluZyBleHBlcmllbmNlLg==,,,,,W05lbGxpb3JkZV0KSG1tLiBRdWFsIHNlcmlhIHVtYSBib2EgaGlzdMOzcmlhIHByYSB2b2PDqiBkZXN0YSB2ZXouLi4/IEFoLCBqw6Egc2VpLiBEZWl4ZS1tZSBjb250YXIgc29icmUgdW1hIGRlIG1pbmhhcyBwcsOzcHJpYXMgYXZlbnR1cmFzLiBGb2kgdW1hIGV4cGVyacOqbmNpYSBpbmNyw612ZWwu,,W05lbGxpb3JkZV0KSG1tLi4uIMK/Q3XDoWwgc2Vyw61hIHVuYSBidWVuYSBoaXN0b3JpYSBwYXJhIHRpIGVzdGEgdmV6PyBBaCBzw60sIHlhIGxhIHRlbmdvLiBEw6lqYW1lIGNvbnRhcnRlIHVuYSBkZSBtaXMgcHJvcGlhcyBhdmVudHVyYXMuIEZ1ZSB1bmEgZXhwZXJpZW5jaWEgYmFzdGFudGUgYXNvbWJyb3NhLg==
mv8vAg,,W05lbGxpb3JkZV0KSSB3ZW50IHRvIE1vcnJvYywgdGhlIGNpdHkgaW4gdGhlIGRlc2VydC4gT24gbXkgd2F5IHRoZXJlLCBJIHN1ZmZlcmVkIGV4aGF1c3Rpb24gZnJvbSB0aGUgaGVhdC4gTHVja2lseSwgSSBmb3VuZCBhIGNhdmUgaW4gdGhlIHNhbmQgYW5kIGNsaW1iZWQgaW4gdG8gcmVzdC4=,,,,,W05lbGxpb3JkZV0KRXUgZnVpIGEgTW9ycm9jLCBhIGNpZGFkZSBkbyBkZXNlcnRvLiBObyBjYW1pbmhvIGF0w6kgbMOhLCBmaXF1ZWkgZXh0cmVtYW1lbnRlIGV4YXVzdG8gY29tIG8gY2Fsb3IuIFBvciBzb3J0ZSwgZW5jb250cmVpIHVtIGJ1cmFjbyBlbnRyZSBhcyBzb21icmFzIGUgZGVzY2kgYXTDqSBlbGUgcGFyYSBkZXNjYW5zYXIu,,W05lbGxpb3JkZV0KRnVpIGEgTW9ycm9jLCBsYSBjaXVkYWQgZGVsIGRlc2llcnRvLiBEZSBjYW1pbm8sIG1lIGFnb3TDqSBwb3IgZWwgY2Fsb3IuIFBvciBzdWVydGUsIGVuY29udHLDqSB1bmEgY3VldmEgZW4gbGEgYXJlbmEgeSBtZSBtZXTDrSBkZW50cm8gcGFyYSBkZXNjYW5zYXIu
m/8vAg,,W05lbGxpb3JkZV0KT2ggbXkgR29kIQpJZiBJIHdvdWxkIGhhdmUga25vd24KYmV0dGVyLCBJIG5ldmVyCndvdWxkIGhhdmUgZ29uZQppbnNpZGUgdGhhdCBwbGFjZSE=,,,,,W05lbGxpb3JkZV0KT2gsIG1ldSBEZXVzLi4uClNlIGV1IHNvdWJlc3NlCmFudGVzLCBudW5jYQp0ZXJpYSBpZG8gcGFyYXIKZGVudHJvIGRhcXVlbGUgbHVnYXIuLi4=,,W05lbGxpb3JkZV0KwqFEaW9zIG3DrW8hClNpIGh1YmllcmEgc2FiaWRvCm1lam9yLCBudW5jYQpoYWJyw61hIGVudHJhZG8KwqFkZW50cm8gZGUgZXNlIGx1Z2FyIQ==
nP8vAg,,W05lbGxpb3JkZV0KSSBhY2NpZGVudGFsbHkgY3Jhd2xlZCBpbnRvIHRoZSBub3RvcmlvdXMgXkZGMDAwMEFudCBIZWxsXjAwMDAwMCEgSSBkb24ndCBzb3VuZCBsaWtlIGEgY293YXJkIHRvIHlvdSwgZG8gST8=,,,,,W05lbGxpb3JkZV0KRXUgZW50cmVpLCBuYSB2ZXJkYWRlLCBubyBhYm9taW7DoXZlbCBeRkYwMDAwRm9ybWlndWVpcm8gSW5mZXJuYWxeMDAwMDAwISBOw6NvIHBhcmXDp28gdW0gY292YXJkZSBwcmEgdm9jw6osIG7Do28gw6k/,,W05lbGxpb3JkZV0KwqFBY2NpZGVudGFsbWVudGUgbWUgYXJyYXN0csOpIGhhc3RhIGVsIGZhbW9zbyBeRkYwMDAwSW5maWVybm8gQW50XjAwMDAwMCEgTm8gdGUgcGFyZXpjbyB1biBjb2JhcmRlLCDCv3ZlcmRhZD8=
nf8vAg,,W05lbGxpb3JkZV0KV2VsbCwgdGhlIGFudHMgd2VyZW4ndCB0aGUgb25seSBvbmVzIGxpdmluZyB0aGVyZS4gSSB3YXNuJ3QgYWZyYWlkIG9mIHRoZW0gYXQgYWxsLiBFeGNlcHQgd2hlbiB0aGV5IGF0dGFja2VkIGluIGdyb3Vwcy4=,,,,,W05lbGxpb3JkZV0KQmVtLCBuw6NvIHPDo28gc8OzIGFzIGZvcm1pZ2FzIHF1ZSB2aXZlbSBsw6EuIERlIGplaXRvIG5lbmh1bSBldSB0aW5oYSBtZWRvIGRlbGFzLiBFeGNldG8sIMOpIGNsYXJvLCBxdWFuZG8gYXRhY2F2YW0gZW0gZ3J1cG9zLg==,,W05lbGxpb3JkZV0KQnVlbm8sIGxhcyBob3JtaWdhcyBubyBlcmFuIGxhcyDDum5pY2FzIHF1ZSB2aXbDrWFuIGFsbMOtLiBObyBsZXMgdGVuw61hIG5pbmfDum4gbWllZG8uIEV4Y2VwdG8gY3VhbmRvIGF0YWNhYmFuIGVuIGdydXBvLg==
nv8vAg,,W05lbGxpb3JkZV0KV2hhdCBJIHdhcyByZWFsbHkgYWZyYWlkIG9mIHdhcyB0aGlzIHNvcnQgb2Ygc3RyYXdiZXJyeSBjb2xvcmVkIHRoaW5nLi4uIFBocmVlb25pIQ==,,,,,W05lbGxpb3JkZV0KTyBxdWUgcmVhbG1lbnRlIG1lIGRhdmEgbWVkbyBlcmEgYXF1ZWxlIHRpcG8gZGUuLi4gbMOtbmd1YS4uLiB2ZXJtZWxoYSBjb21vIG1vcmFuZ28uIEZyZWVvbmkh,,W05lbGxpb3JkZV0KTG8gcXVlIHJlYWxtZW50ZSB0ZW3DrWEgZXJhIGVzYSBlc3BlY2llIGRlIGNvc2EgZGUgY29sb3IgZnJlc2EuLi4gwqFQaHJlZW9uaSE=
n/8vAg,,W05lbGxpb3JkZV0KRm9ydHVuYXRlbHkgSSBzdXJ2aXZlZC4gSSBzdGlsbCBoYXZlIG5pZ2h0bWFyZXMgb2YgdGhhdCBodWdlIHRvbmd1ZS4=,,,,,W05lbGxpb3JkZV0KRmVsaXptZW50ZSwgZXUgc29icmV2aXZpIGludGVpcm8sIGVtYm9yYSBhaW5kYSB0ZW5oYSBwZXNhZGVsb3MgY29tIGFxdWVsYSBsw61uZ3VhIGVub3JtZS4=,,W05lbGxpb3JkZV0KQWZvcnR1bmFkYW1lbnRlIHNvYnJldml2w60uIFRvZGF2w61hIHRlbmdvIHBlc2FkaWxsYXMgZGUgZXNhIGVub3JtZSBsZW5ndWEu
oP8vAg,,W05lbGxpb3JkZV0KT25jZSBJIGdvdCBvdXQgb2YgdGhlcmUsIEkgY3JhdmVkIGh1bWFuIGNvbXBhbmlvbnNoaXAgYW5kIHRvIHJlc3RvcmUgbXkgc2Vuc2Ugb2Ygbm9ybWFsY3kuIFRoZSBjbG9zZXN0IHBsYWNlIHRoYXQgSSBrbmV3IHdhcyB0aGUgUGhhcm9zIExpZ2h0aG91c2Uu,,,,,W05lbGxpb3JkZV0KUXVhbmRvIGV1IHNhw60gZGUgbMOhLCBmaXF1ZWkgY29tIHZvbnRhZGUgZGUgZW50cmFyIGVtIGNvbnRhdG8gY29tIGdlbnRlIGUgcmVjdXBlcmFyIG8gbWV1IHNlbnNvIGRlIG5vcm1hbGlkYWRlLiBPIGx1Z2FyIG1haXMgcHLDs3hpbW8gcXVlIGV1IGNvbmhlY2lhIGVyYSBvIEZhcm9sIGRlIFBhcm9zLg==,,W05lbGxpb3JkZV0KVW5hIHZleiBxdWUgc2Fsw60gZGUgYWxsw60sIGFuc2lhYmEgY29tcGHDscOtYSBodW1hbmEgeSByZWN1cGVyYXIgbWkgc2VudGlkbyBkZSBsYSBub3JtYWxpZGFkLiBFbCBsdWdhciBtw6FzIGNlcmNhbm8gcXVlIGNvbm9jw61hIGVyYSBlbCBGYXJvIGRlIFBoYXJvcy4=
of8vAg,,W05lbGxpb3JkZV0KT25jZSBhZ2FpbiwgSSBkZWNpZGVkIHRvIHRyYXZlcnNlIHRoZSBkZXNlcnQsIGRlc3BpdGUgdGhlIGZhY3QgdGhhdCB0aGUgS2FmcmEgTGFkaWVzIHByb3ZpZGUgYSB2ZXJ5IGNvbnZlbmllbnQgdGVsZXBvcnQgc2VydmljZSB0aGVyZS4=,,,,,W05lbGxpb3JkZV0KTWFpcyB1bWEgdmV6LCBkZWNpZGkgYXRyYXZlc3NhciBvIGRlc2VydG8sIGFwZXNhciBkZSBhcyBNdWxoZXJlcyBkZSBLYWZyYSBvZmVyZWNlcmVtIHVtIHNlcnZpw6dvIGRlIHRlbGV0cmFuc3BvcnRlIG11aXRvIGNvbnZlbmllbnRlIGFsaS4=,,W05lbGxpb3JkZV0KVW5hIHZleiBtw6FzLCBkZWNpZMOtIGF0cmF2ZXNhciBlbCBkZXNpZXJ0bywgYSBwZXNhciBkZSBxdWUgbGFzIERhbWFzIGRlIEthZnJhIG9mcmVjZW4gYWxsw60gdW4gc2VydmljaW8gZGUgdGVsZXRyYW5zcG9ydGUgbXV5IGPDs21vZG8u
ov8vAg,,W05lbGxpb3JkZV0KQW55d2F5LCB0aGUgZm9ydHJlc3Mgb2YgU2FuZGFydW1hbiBpcyBvbiB0aGUgd2F5IHRvIFBoYXJvcyBMaWdodGhvdXNlLiBJIHJlbWVtYmVyIFNlcnV0ZXJvLCBhIGd1eSBJIG1ldCBpbiBzb3V0aCBNb3Jyb2Mgd2hvIHRvbGQgbWUgYWJvdXQgaXRzIHNjZW5pYyBiZWF1dHku,,,,,W05lbGxpb3JkZV0KRGUgcXVhbHF1ZXIgZm9ybWEsIGEgZm9ydGFsZXphIGRlIFNhbmRhcm1hbiBmaWNhIGEgY2FtaW5obyBkbyBGYXJvbCBkZSBQYXJvcy4gRXUgbWUgbGVtYnJvIGRlIFNlcnV0ZXJvLCB1bSBjYXJhIHF1ZSBlbmNvbnRyZWkgYW8gc3VsIGRlIE1vcnJvYywgbWUgY29udGFuZG8gc29icmUgYSBiZWxlemEgZGEgcGFpc2FnZW0s,,W05lbGxpb3JkZV0KRGUgdG9kYXMgZm9ybWFzLCBsYSBmb3J0YWxlemEgZGUgU2FuZGFydW1hbiBlc3TDoSBkZSBjYW1pbm8gYWwgRmFybyBkZSBQaGFyb3MuIFJlY3VlcmRvIGEgU2VydXRlcm8sIHVuIHRpcG8gcXVlIGNvbm9jw60gZW4gZWwgc3VyIGRlIE1vcnJvYyBxdWUgbWUgaGFibMOzIGRlIHN1IGJlbGxlemEgcGFpc2Fqw61zdGljYS4=
o/8vAg,,W05lbGxpb3JkZV0KSSB3YXMgc28gZXhjaXRlZCBhYm91dCBzZWVpbmcgaXQgZm9yIG15c2VsZi4gRG9lc24ndCAnU2FuZGFydW1hbicgc291bmQgbGlrZSB0aGUgbmFtZSBvZiBhIGJlYXV0aWZ1bCBwbGFjZT8=,,,,,W05lbGxpb3JkZV0KRmlxdWVpIHTDo28gZW1wb2xnYWRvIHF1ZSBxdWlzIHZlciBwb3IgbWltIG1lc21vLiBBZmluYWwsICdTYW5kYXJtYW4nIG7Do28gc29hIGNvbW8gbyBub21lIGRlIHVtIGx1Z2FyIGJvbml0bz8=,,W05lbGxpb3JkZV0KRXN0YWJhIHRhbiBlbW9jaW9uYWRhIHBvciB2ZXJsbyBwb3IgbcOtIG1pc21hLiDCv05vIHRlIHBhcmVjZSBxdWUgJydTYW5kYXJ1bWFuJycgZXMgZWwgbm9tYnJlIGRlIHVuIGx1Z2FyIHByZWNpb3NvPw==
pP8vAg,,W05lbGxpb3JkZV0KSSBkaWRuJ3QgcmVncmV0IG15IGRlY2lzaW9uIHdoZW4gSSBhcnJpdmVkLiBPZiBjb3Vyc2UsIHRoZSB2aWV3IHdhcyBicmVhdGh0YWtpbmchIFRoZSBzYW5keSBoaWxscyBuZWFyIHRoZSBvY2VhbiwgYXMgd2VsbCBhcyB0aGUgcnVpbnMu,,,,,W05lbGxpb3JkZV0KTWFzIG1lIGFycmVwZW5kaSBkZSBtaW5oYSBpZMOpaWEgYXNzaW0gcXVlIGNoZWd1ZWkuIENsYXJvLCBhIHZpc8OjbyBlcmEgZXNwZXRhY3VsYXI6IGFzIGR1bmFzIHByw7N4aW1hcyBhbyBvY2Vhbm8sIGUgdGFtYsOpbSBhcyBydcOtbmFzLg==,,W05lbGxpb3JkZV0KTm8gbWUgYXJyZXBlbnTDrSBkZSBtaSBkZWNpc2nDs24gY3VhbmRvIGxsZWd1w6kuIFBvciBzdXB1ZXN0bywgwqFsYSB2aXN0YSBlcmEgaW1wcmVzaW9uYW50ZSEgTGFzIGNvbGluYXMgZGUgYXJlbmEgY2VyY2EgZGVsIG9jw6lhbm8sIGFzw60gY29tbyBsYXMgcnVpbmFzLg==
pf8vAg,,W05lbGxpb3JkZV0KT2YgY291cnNlLCBJIGZvcmdvdCBTZXJ1dGVybydzIHdhcm5pbmcgYWJvdXQgdGhlIG1vbnN0ZXJzLiBBcmdoISBJdCB3YXMgYSBuaWdodG1hcmUhIEluc3RlYWQgb2YgZW5qb3lpbmcgdGhlIHNjZW5lcnksIEkgZW5kZWQgdXAgcnVubmluZyBmb3IgbXkgbGlmZS4=,,,,,W05lbGxpb3JkZV0Kw4kgY2xhcm8gcXVlIG1lIGVzcXVlY2kgZG8gYXZpc28gZGUgU2VydXRlcm8gc29icmUgb3MgbW9uc3Ryb3MuIEFyZ2ghIEZvaSB1bSBwZXNhZGVsbyEgRW0gdmV6IGRlIGFwcm92ZWl0YXIgYSBwYWlzYWdlbSwgYWNhYmVpIGZ1Z2luZG8gcGFyYSBuw6NvIG1vcnJlci4=,,W05lbGxpb3JkZV0KUG9yIHN1cHVlc3RvLCBvbHZpZMOpIGxhIGFkdmVydGVuY2lhIGRlIFNlcnV0ZXJvIHNvYnJlIGxvcyBtb25zdHJ1b3MuIMKhQXJnaCEgwqFGdWUgdW5hIHBlc2FkaWxsYSEgRW4gbHVnYXIgZGUgZGlzZnJ1dGFyIGRlbCBwYWlzYWplLCBhY2Fiw6kgY29ycmllbmRvIHBvciBtaSB2aWRhLg==
pv8vAg,,SSB3YXMgdHJ5aW5nIHRvIGVzY2FwZSB0aG9zZSBtb25zdGVycyB3aGVuIEkgc3R1bWJsZWQgdXBvbiBhIGRpbGFwaWRhdGVkIG9sZCBob3VzZSB0byB0aGUgd2VzdCBvZiBTYW5kYXJ1bWFuLg==,,,,,RXUgYWluZGEgdGVudGF2YSBlc2NhcGFyIGRvcyBtb25zdHJvcywgcXVhbmRvIHRvcGVpIGNvbSB1bWEgY2FzYSB2ZWxoYSBhIGxlc3RlIGRlIFNhbmRhcm1hbiwgcXVlIHBhcmVjaWEgZXN0YXIgYmVtIGFjYWJhZGEu,,SW50ZW50YWJhIGVzY2FwYXIgZGUgZXNvcyBtb25zdHJ1b3MgY3VhbmRvIG1lIHRvcMOpIGNvbiB1bmEgdmllamEgY2FzYSBlbiBydWluYXMgYWwgb2VzdGUgZGUgU2FuZGFydW1hbi4=
p/8vAg,,W05lbGxpb3JkZV0KSSByZWNhbGxlZCB0aGF0IFNlcnV0ZXJvIGhhZCBzYWlkIHRoYXQgbm8gb25lIGxpdmVkIHRoZXJlLCBzbyBJIGJlZ2FuIHRvIHdvcnJ5IGEgYml0LiBTdGlsbCwgSSB3YXMgZGVzcGVyYXRlIGFuZCBuZWVkZWQgcmVmdWdlLg==,,,,,W05lbGxpb3JkZV0KTGVtYnJhdmEgcXVlIFNlcnV0ZXJvIGRpc3NlIHF1ZSBuaW5ndcOpbSB2aXZpYSBuYXF1ZWxhIHJlZ2nDo28sIGVudMOjbyBjb21lY2VpIGEgbWUgcHJlb2N1cGFyIHVtIHBvdWNvLiBNZXNtbyBhc3NpbSwgZXN0YXZhIGRlc2VzcGVyYWRvIGUgcHJlY2lzYXZhIGRlIHJlZsO6Z2lvLg==,,W05lbGxpb3JkZV0KUmVjb3Jkw6kgcXVlIFNlcnV0ZXJvIGhhYsOtYSBkaWNobyBxdWUgYWxsw60gbm8gdml2w61hIG5hZGllLCBhc8OtIHF1ZSBlbXBlY8OpIGEgcHJlb2N1cGFybWUgdW4gcG9jby4gQXVuIGFzw60sIGVzdGFiYSBkZXNlc3BlcmFkbyB5IG5lY2VzaXRhYmEgcmVmdWdpby4=
qP8vAg,,W05lbGxpb3JkZV0KSW4gbXkgcGFuaWMsIEkga25vY2tlZCBvbiB0aGUgZG9vciBsb3VkbHkgYW5kIHNjcmVhbWVkIGZvciBzb21lb25lIHRvIGxldCBtZSBpbnNpZGUuIERvIHlvdSBrbm93IHdoYXQgSSBoZWFyZD8=,,,,,W05lbGxpb3JkZV0KRW0gcMOibmljbywgZXUgYmF0aSBjb20gdmlvbMOqbmNpYSBuYSBwb3J0YSBlIGdyaXRlaSBwYXJhIHF1ZSBhbGd1w6ltIG1lIGRlaXhhc3NlIGVudHJhci4gU2FiZSBvIHF1ZSBvdXZpLCBlbnTDo28/,,W05lbGxpb3JkZV0KUHJlc2EgZGVsIHDDoW5pY28sIGxsYW3DqSBhIGxhIHB1ZXJ0YSBjb24gZnVlcnphIHkgZ3JpdMOpIHBhcmEgcXVlIGFsZ3VpZW4gbWUgZGVqYXJhIGVudHJhci4gwr9TYWJlcyBsbyBxdWUgb8OtPw==
qf8vAg,,W05lbGxpb3JkZV0KXkZGMDAwMFdobydzIHRoZXJlPyEKV2hvIHdvdWxkIGRhcmUKdHJlc3Bhc3Mgb24gbXkgdGVycml0b3J5P14wMDAwMDAKSSBmcmVha2VkIG91dCEgV2hvZXZlciBvd25lZCB0aGF0IGhvdXNlIG11c3QgaGF2ZSBiZWVuIHNvbWUga2luZCBvZiBsdW5hdGljIQ==,,,,,W05lbGxpb3JkZV0KXkZGMDAwMFF1ZW0gZXN0w6EgYcOtPyEKUXVlbSBvdXNhCmludmFkaXIgbWV1IHRlcnJpdMOzcmlvP14wMDAwMDAKTWUgYXNzdXN0ZWkgcGFjYXMhIFF1ZW0gcXVlciBxdWUgZXN0aXZlc3NlIG5hIGNhc2EsIGRldmlhIHNlciBhbGd1bSBsdW7DoXRpY28h,,W05lbGxpb3JkZV0KwqFeRkYwMDAwwr9RdWnDqW4gZXN0w6EgYWjDrT8hCsK/UXVpw6luIHNlIGF0cmV2ZXLDrWEKYSBpbnZhZGlyIG1pIHRlcnJpdG9yaW8/CsKhTWUgYXN1c3TDqSEgwqFRdWllbnF1aWVyYSBxdWUgZnVlcmEgZWwgZHVlw7FvIGRlIGVzYSBjYXNhIGRlYsOtYSBzZXIgYWxnw7puIHRpcG8gZGUgbHVuw6F0aWNvIQ==
qv8vAg,,W05lbGxpb3JkZV0KVGhlbiwgd2l0aCBkZWF0aCBuaXBwaW5nIGF0IG15IGhlZWxzLCBoZSB0b2xkIG1lIHRvIGdldCBsb3N0ISBMdWNraWx5LCBJIHdhcyBzYXZlZCBieSBhIG15c3RlcmlvdXMsIHdhbmRlcmluZyBTdXBlck5vdmljZSwgYnV0IHRoYXQncyBhbm90aGVyIHN0b3J5Lg==,,,,,W05lbGxpb3JkZV0KRS1lbnTDo28sIGNvbSBvIGVzcGVjdHJvIGRhIG1vcnRlIHF1YXNlIG1lIHBlZ2FuZG8gcGVsb3MgY2FsY2FuaGFyZXMsIGVsZSBtZSBtYW5kb3UgZGFyIG8gZm9yYSEgUG9yIHNvcnRlLCBmdWkgc2Fsdm8gcG9yIHVtIG1pc3Rlcmlvc28gU3VwZXJhcHJlbmRpeiwgbWFzIGlzc28gw6kgb3V0cmEgaGlzdMOzcmlhLg==,,W05lbGxpb3JkZV0KRW50b25jZXMsIGNvbiBsYSBtdWVydGUgcGlzw6FuZG9tZSBsb3MgdGFsb25lcywgwqFtZSBkaWpvIHF1ZSBtZSBwZXJkaWVyYSEgUG9yIHN1ZXJ0ZSwgbWUgc2FsdsOzIHVuYSBtaXN0ZXJpb3NhIFN1cGVybm92aWNpYSBlcnJhbnRlLCBwZXJvIGVzYSBlcyBvdHJhIGhpc3RvcmlhLg==
q/8vAg,,W05lbGxpb3JkZV0KSW4gYW55IGNhc2UsIEkgZmluYWxseSBnb3QgdG8gUGhhcm9zIExpZ2h0aG91c2UuIFRoZXJlLCBJIGxlYXJuZWQgdGhhdCB0aGUgb2xkIGhvdXNlIHdhcyBhIHNlY3JldCBoaWRlb3V0IGZvciB0aGUgUm9ndWVzJyBHdWlsZCE=,,,,,W05lbGxpb3JkZV0KRGUgcXVhbHF1ZXIgZm9ybWEsIGZpbmFsbWVudGUsIGNoZWd1ZWkgYW8gRmFyb2wgZGUgUGFyb3MuIEzDoSwgZGVzY29icmkgcXVlIGEgY2FzYSB2ZWxoYSBlcmEgdW0gbG9jYWwgc2VjcmV0byBkYSBHdWlsZGEgZG9zIEFycnVhY2Vpcm9zLiA=,,W05lbGxpb3JkZV0KRW4gY3VhbHF1aWVyIGNhc28sIHBvciBmaW4gbGxlZ3XDqSBhbCBGYXJvIGRlIFBoYXJvcy4gQWxsw60gbWUgZW50ZXLDqSBkZSBxdWUgbGEgdmllamEgY2FzYSBlcmEgdW4gZXNjb25kaXRlIHNlY3JldG8gZGVsIEdyZW1pbyBkZSBQw61jYXJvcy4=
rP8vAg,,W05lbGxpb3JkZV0KSXQncyBhbWF6aW5nIGhvdyB0aGV5IGNhbiBsaXZlIGluIHN1Y2ggYSBkYW5nZXJvdXMgYXJlYS4gT25seSByb2d1ZXMgY2FuIHN1cnZpdmUgdGhlcmUsIHlvdSBrbm93Pw==,,,,,W05lbGxpb3JkZV0Kw4kgaW5jcsOtdmVsIGNvbW8gZWxlcyBjb25zZWd1ZW0gdml2ZXIgZW0gw6FyZWFzIHTDo28gcGVyaWdvc2FzLiBTb21lbnRlIEFycnVhY2Vpcm9zIGNvbnNlZ3VpcmlhbSB2aXZlciBhbGksIHNhYmU/,,W05lbGxpb3JkZV0KRXMgaW5jcmXDrWJsZSBjw7NtbyBwdWVkZW4gdml2aXIgZW4gdW5hIHpvbmEgdGFuIHBlbGlncm9zYS4gU8OzbG8gbG9zIHDDrWNhcm9zIHB1ZWRlbiBzb2JyZXZpdmlyIGFsbMOtLCDCv3NhYmVzPw==
rf8vAg,,W05lbGxpb3JkZV0KQWguLi4KSSdtIHRpcmVkIGZyb20gdGFsa2luZyBzbyBtdWNoLiBCdXQgaWYgSSBoYXBwZW4gdG8gaGF2ZSBhbm90aGVyIGFkdmVudHVyZSwgSSBzaGFsbCBzaGFyZSB0aGF0IHRhbGUgd2l0aCB5b3Uu,,,,,W05lbGxpb3JkZV0KQWguLi4KRXN0b3UgY2Fuc2FkbyBkZSBmaWNhciBmYWxhbmRvLiBNYXMsIHNlIGV1IHRpdmUgb3V0cmEgYXZlbnR1cmEgY29tbyBlc3NhLCB2b3UgbGhlIGNvbnRhciBhIGhpc3TDs3JpYS4=,,W05lbGxpb3JkZV0KQWguLi4KRXN0b3kgY2Fuc2FkYSBkZSBoYWJsYXIgdGFudG8uIFBlcm8gc2kgcG9yIGNhc3VhbGlkYWQgdGVuZ28gb3RyYSBhdmVudHVyYSwgY29tcGFydGlyw6kgZXNhIGhpc3RvcmlhIGNvbnRpZ28u
rv8vAg,,W05lbGxpb3JkZV0KQWgsIHlvdSB3aXNoCnRvIGhlYXIgYSBzb25nPwpPa2F5ISBUaGVuIEkgc2hhbGwKcGVyZm9ybSBteSBmYXZvcml0ZSBzb25nLg==,,,,,W05lbGxpb3JkZV0KQWgsIHZvY8OqIHF1ZXIKb3V2aXIgdW1hIGNhbsOnw6NvPwpPSyEgRW50w6NvIGV1IHZvdQpjYW50YXIgYSBtaW5oYSBmYXZvcml0YS4=,,W05lbGxpb3JkZV0KQWgsIMK/ZGVzZWFzCmVzY3VjaGFyIHVuYSBjYW5jacOzbj8KRGUgYWN1ZXJkby4gRW50b25jZXMKaW50ZXJwcmV0YXLDqSBtaSBjYW5jacOzbiBmYXZvcml0YS4=
r/8vAg,,W05lbGxpb3JkZV0KSSBjaGFzZWQgYWZ0ZXIgZmFtZSwKaXQgZWx1ZGVkIG1lLgpJIHJhbiBhZnRlciBoYXBwaW5lc3MsCmJ1dCBuZXZlciBjYXVnaHQgaXQu,,,,,W05lbGxpb3JkZV0KRXUgYnVzcXVlaSBhIGZhbWEuCkVsYSBtZSBlc2NhcG91LgpDb3JyaSBhdHLDoXMgZGEgZmVsaWNpZGFkZQpNYXMgbnVuY2EgYSBjb25zZWd1aS4=,,W05lbGxpb3JkZV0KUGVyc2VndcOtIGxhIGZhbWEsCm1lIGVsdWRpw7MuCkNvcnLDrSB0cmFzIGxhIGZlbGljaWRhZApwZXJvIG51bmNhIGxhIGFsY2FuY8OpLg==
sP8vAg,,W05lbGxpb3JkZV0KQnV0IHRvbW9ycm93IHdpbGwgc3RpbGwKYmUgdGhlcmUsIEknbSBzdXJlLgpMaWtlIHRoZSB3YXRlciBtaWxsCmluIEFsIERlIEJhcmFuCndoaWNoIHR1cm5zIGFzCmxpZmUgZ29lcyBvbi4=,,,,,W05lbGxpb3JkZV0KTWFzIG8gYW1hbmjDoyBhaW5kYQplc3RhcsOhIGzDoSwgZXUgc2VpLgpDb21vIG8gTW9pbmhvCmRlIEFsIERlIEJhcmFuCnF1ZSBnaXJhIGVucXVhbnRvCmEgdmlkYSBzZWd1ZS4=,,W05lbGxpb3JkZV0KUGVybyBtYcOxYW5hIHNlZ3VpcsOhCmVzdGFyw6EgYWjDrSwgZXN0b3kgc2VndXJhLgpDb21vIGVsIG1vbGlubyBkZSBhZ3VhCmVuIEFsIERlIEJhcmFuCnF1ZSBnaXJhIG1pZW50cmFzCmxhIHZpZGEu
sf8vAg,,W05lbGxpb3JkZV0KQ2hlZXIgdXAhIExpZmUgZ29lcyBvbi4KQXMgc3VyZWx5IGFzIHRoZSB3YXRlcgptaWxsIHR1cm5zLCB0b21vcnJvdwp3aWxsIGNvbWUu,,,,,W05lbGxpb3JkZV0Kw4JuaW1vISBBIHZpZGEgY29udGludWEuCkFzc2ltIGNvbW8gbyBNb2luaG8KZ2lyYSwgbyBhbWFuaMOjIAp2aXLDoS4=,,W05lbGxpb3JkZV0KwqHDgW5pbW8hIExhIHZpZGEgc2lndWUuClRhbiBjaWVydG8gY29tbyBxdWUgZWwgYWd1YQptb2xpbm8gZ2lyYSwgbWHDsWFuYQpsbGVnYXLDoS4=
sv8vAg,,W05lbGxpb3JkZV0KU2F5Li4uCkhhdmUgd2UgbWV0IGJlZm9yZT8KSG1tPyBOZXZlcj8gV2VsbC4uLgpUaGF0J3MgcmF0aGVyIG9kZC4=,,,,,W05lbGxpb3JkZV0KTWUgZGlnYS4uLgpKw6EgbsOjbyBub3Mgdmltb3MgYW50ZXM/CkhtbT8gTnVuY2E/IEJlbS4uLgpJc3NvIMOpIGVzdHJhbmhvLg==,,W05lbGxpb3JkZV0KRGltZS4uLgrCv05vcyBjb25vY2Vtb3M/CsK/SG1tPyDCv051bmNhPyBCdWVuby4uLgpFc28gZXMgYmFzdGFudGUgZXh0cmHDsW8u
s/8vAg,,W05lbGxpb3JkZV0KSSBzZWVtIHRvIHJlY2FsbCB0aGF0IHlvdSBhc2tlZCBtZSB0byBnaXZlIHlvdSBzb21lIGluZm9ybWF0aW9uIGlmIEkgZXZlciBoYWQgYW55LiBOb3cgSSBoYXZlIHNvbWUgYW5kIHNoYWxsIHNoYXJlIGl0IHdpdGggeW91Lg==,,,,,W05lbGxpb3JkZV0KRXUgbWUgbGVtYnJvIGRlIHZvY8OqIHRlciBtZSBwZWRpZG8gYWxndW1hIGluZm9ybWHDp8Ojbywgc2UgZXUgYSB0aXZlc3NlLiBCb20sIGFnb3JhIGV1IGEgdGVuaG8gZSB2b3UgY29tcGFydGlsaMOhLWxhIGNvbSB2b2PDqi4uLg==,,W05lbGxpb3JkZV0KQ3JlbyByZWNvcmRhciBxdWUgbWUgcGVkaXN0ZSBxdWUgdGUgZGllcmEgYWxndW5hIGluZm9ybWFjacOzbiBzaSBhbGd1bmEgdmV6IGxhIHRlbsOtYS4gQWhvcmEgbGEgdGVuZ28geSBsYSBjb21wYXJ0aXLDqSBjb250aWdvLg==
tP8vAg,,W05lbGxpb3JkZV0KVGhlIHVzZWZ1bG5lc3Mgb2YgdGhpcyBpbmZvcm1hdGlvbiBhbGwgZGVwZW5kcyBvbiB5b3UuIEhhdmUgeW91IGhlYXJkIG9mIHRoZSBeMzMzM0NDTW9uc3RlciBSZXNlYXJjaCBPcmdhbml6YXRpb25eMDAwMDAwPw==,,,,,W05lbGxpb3JkZV0KQSB1dGlsaWRhZGUgZGVzc2FzIGluZm9ybWHDp8O1ZXMgc8OzIGRlcGVuZGUgZGUgdm9jw6ouIEVudMOjbywgdm9jw6ogasOhIG91dml1IGZhbGFyIGRhIF4zMzMzQ0NPcmdhbml6YcOnw6NvIGRlIFBlc3F1aXNhIGRlIE1vbnN0cm9zXjAwMDAwMD8=,,W05lbGxpb3JkZV0KTGEgdXRpbGlkYWQgZGUgZXN0YSBpbmZvcm1hY2nDs24gZGVwZW5kZSBkZSB0aS4gwr9IYXMgb8OtZG8gaGFibGFyIGRlIGxhIF4zMzMzQ0NPcmdhbml6YWNpw7NuIGRlIEludmVzdGlnYWNpw7NuIGRlIE1vbnN0cnVvc14wMDAwMDA/
tf8vAg,,W05lbGxpb3JkZV0KSSBnb3QgdGhpcyBpbmZvcm1hdGlvbiBmcm9tIGl0cyBoZWFkcXVhcnRlcnMgaW4gSnVuby4gU28gaG93IGRvZXMgdGhhdCBzb3VuZD8=,,,,,W05lbGxpb3JkZV0KQ29uc2VndWkgbWluaGFzIGluZm9ybWHDp8O1ZXMgZGUgc3VhIHNlZGUgZW0gSnVuby4gRW50w6NvLCBxdWUgdGFsPw==,,W05lbGxpb3JkZV0KT2J0dXZlIGVzdGEgaW5mb3JtYWNpw7NuIGRlIHN1IGN1YXJ0ZWwgZ2VuZXJhbCBlbiBKdW5vLiDCv1F1w6kgdGUgcGFyZWNlPw==
tv8vAg,,SSB3YW50IHRvIGhlYXIh,,,,,T2JhLCBxdWVybyBvdXZpciE=,,wqFRdWllcm8gb8OtcmxvIQ==
t/8vAg,,Qm9yaW5nIQ==,,,,,UXVlIGNoYWFhYXRvLi4u,,wqFBYnVycmlkbyE=
uP8vAg,,W05lbGxpb3JkZV0KV2VsbCEKWW91IHNlZW0gdG8gYmUKdmVyeSBleGNpdGVkIGFib3V0CnRoaXMgdGlkYml0IG9mCmtub3dsZWRnZSE=,,,,,W05lbGxpb3JkZV0KQmVtLi4uIQpWb2PDqiBwYXJlY2UgZXN0YXIKYmVtIGVtcG9sZ2FkbyBjb20KZXNzYXMgbm92YXMKaW5mb3JtYcOnw7VlcyBxdWUgdGVuaG8uLi4=,,W05lbGxpb3JkZV0KwqFCdWVubyEKUGFyZWNlIHF1ZSBlc3TDoXMKbXV5IGVudHVzaWFzbWFkbyBjb24KZXN0ZSBwZWRhY2l0byBkZQrCoWNvbm9jaW1pZW50byE=
uf8vAg,,W05lbGxpb3JkZV0KQWxhcywgdGhpcyBpbmZvcm1hdGlvbiBkb2Vzbid0IHNlZW0gdG8gYmUgdmVyeSB2YWx1YWJsZSB0byBzb21lb25lIHN1Y2ggYXMgeW91cnNlbGYu,,,,,W05lbGxpb3JkZV0KUGVuYSBxdWUgZXNzYSBpbmZvcm1hw6fDo28gbsOjbyBwYXJlY2Ugc2VyIG11aXRvIHZhbGlvc2EgcGFyYSBhbGd1w6ltIGNvbW8gdm9jw6ou,,W05lbGxpb3JkZV0KUG9yIGRlc2dyYWNpYSwgZXN0YSBpbmZvcm1hY2nDs24gbm8gcGFyZWNlIHNlciBtdXkgdmFsaW9zYSBwYXJhIGFsZ3VpZW4gY29tbyB0w7ou
uv8vAg,,W05lbGxpb3JkZV0KSSdtIHNvIHZlcnkgc29ycnkgdG8gaGF2ZSBleGNpdGVkIHlvdSwgYnV0IG9ubHkgcGVvcGxlIHRoYXQgYXJlIHN0cm9uZyBlbm91Z2ggdG8gaGFuZGxlIGdydWVsaW5nIHdvcmsgY2FuIGJlbmVmaXQgZnJvbSB0aGlzLg==,,,,,W05lbGxpb3JkZV0KU2ludG8gbXVpdG8gcG9yIGxoZSBkYXIgZXhwZWN0YXRpdmFzLCBtYXMgc29tZW50ZSBwZXNzb2FzIGZvcnRlcyBvIGJhc3RhbnRlIHBhcmEgYWfDvGVudGFyIHRyYWJhbGhvIHBlc2FkbyBwb2RlbSBzZSBiZW5lZmljaWFyIGRlbGEu,,W05lbGxpb3JkZV0KU2llbnRvIG11Y2hvIGhhYmVydGUgZXhjaXRhZG8sIHBlcm8gc8OzbG8gbGFzIHBlcnNvbmFzIHF1ZSBzb24gbG8gc3VmaWNpZW50ZW1lbnRlIGZ1ZXJ0ZXMgY29tbyBwYXJhIHNvcG9ydGFyIHVuIHRyYWJham8gYWdvdGFkb3IgcHVlZGVuIGJlbmVmaWNpYXJzZSBkZSBlc3RvLg==
u/8vAg,,W05lbGxpb3JkZV0KV2h5IGRvbid0IHlvdSB0cmF2ZWwgYXJvdW5kIGFuZCBnYWluIG1vcmUgZXhwZXJpZW5jZT8gSSB3aWxsIGxldCB5b3Uga25vdyB3aGVuIHlvdSdyZSByZWFkeS4=,,,,,W05lbGxpb3JkZV0KUG9yIHF1ZSBuw6NvIHZhaSB2aWFqYXIgcG9yIGHDrSBlIGdhbmhhciBtYWlzIGV4cGVyacOqbmNpYT8gRXUgbGhlIGF2aXNvIHNvYnJlIHR1ZG8gcXVhbmRvIGVzdGl2ZXIgcHJvbnRvLCBzYWJlLi4u,,W05lbGxpb3JkZV0Kwr9Qb3IgcXXDqSBubyB2aWFqYXMgeSBhZHF1aWVyZXMgbcOhcyBleHBlcmllbmNpYT8gVGUgYXZpc2Fyw6kgY3VhbmRvIGVzdMOpcyBsaXN0YS4=
vP8vAg,,W05lbGxpb3JkZV0KT2ghCllvdSBsb29rCmxpa2UgeW91IGNhbiBoYW5kbGUKdGhpcyBraW5kIG9mIGluZm9ybWF0aW9uLgpJJ2xsIHNoYXJlIGV2ZXJ5dGhpbmcgSSBrbm93IQ==,,,,,W05lbGxpb3JkZV0KT29oLi4uCkUgcGFyZWNlIHF1ZQp2b2PDqiBwb2RlIHNlIGFwcm92ZWl0YXIKZGVzc2UgdGlwbyBkZSBpbmZvcm1hw6fDo28uClZvdSBsaGUgZGl6ZXIgdHVkbyBvIHF1ZSBzZWkh,,W05lbGxpb3JkZV0KwqFPaCEKUGFyZWNlCmNvbW8gc2kgcHVkaWVyYXMgbWFuZWphcgplc3RlIHRpcG8gZGUgaW5mb3JtYWNpw7NuLgrCoUNvbXBhcnRpcsOpIHRvZG8gbG8gcXVlIHPDqSE=
vf8vAg,,W05lbGxpb3JkZV0KT25lIGRheSwgYW4gYWR2ZW50dXJlciBkaXNjb3ZlcmVkIGEgc3RyYW5nZSwgbXlzdGVyaW91cyBvYmplY3QuIFVuYWJsZSB0byBmaWd1cmUgb3V0IHdoYXQgaXQgY291bGQgZG8sIGhlIHZpc2l0ZWQgdGhlIE1vbnN0ZXIgT3JnYW5pemF0aW9uLg==,,,,,W05lbGxpb3JkZV0KVW0gZGlhLCB1bSBhdmVudHVyZWlybyBkZXNjb2JyaXUgdW0gZXN0cmFuaG8gZSBtaXN0ZXJpb3NvIG9iamV0by4gTsOjbyBwb2RlbmRvIGRlc2NvYnJpciBvIHF1ZSBkZXZlcmlhIGZhemVyLCBlbGUgdmlzaXRvdSBhIE9yZ2FuaXphw6fDo28gZGUgUGVzcXVpc2Eu,,W05lbGxpb3JkZV0KVW4gZMOtYSwgdW4gYXZlbnR1cmVybyBkZXNjdWJyacOzIHVuIG9iamV0byBleHRyYcOxbyB5IG1pc3Rlcmlvc28uIEluY2FwYXogZGUgYXZlcmlndWFyIHF1w6kgcG9kw61hIGhhY2VyLCB2aXNpdMOzIGxhIE9yZ2FuaXphY2nDs24gZGUgTW9uc3RydW9zLg==
vv8vAg,,W05lbGxpb3JkZV0KVGhlcmUsIGl0IHdhcyBlbnRydXN0ZWQgdG8gYSBzY2hvbGFyIGJ5IHRoZSBuYW1lIG9mIE1yLiBLYWlsaS4gSGUgc3RpbGwgaGFzbid0IHVuY292ZXJlZCB0aGUgdHJ1dGggYWJvdXQgdGhlIGl0ZW0gYW5kIHdpc2hlcyBmb3IgYXNzaXN0YW5jZSBpbiBoaXMgaW52ZXN0aWdhdGlvbi4=,,,,,W05lbGxpb3JkZV0KTMOhLCBvIG9iamV0byBmb2kgY29uZmlhZG8gYSB1bSBlc3R1ZGlvc28sIG8gU3IuIEthaWxpLiBFbGUgYWluZGEgbsOjbyBkZXNjb2JyaXUgYSB2ZXJkYWRlIHNvYnJlIG8gaXRlbSwgZSBxdWVyIGFqdWRhIGVtIHN1YSBpbnZlc3RpZ2HDp8Ojby4=,,W05lbGxpb3JkZV0KQWxsw60sIGZ1ZSBjb25maWFkYSBhIHVuIGVydWRpdG8gbGxhbWFkbyBTci4gS2FpbGkuIEHDum4gbm8gaGEgZGVzY3ViaWVydG8gbGEgdmVyZGFkIHNvYnJlIGVsIG9iamV0byB5IGRlc2VhIGF5dWRhIGVuIHN1IGludmVzdGlnYWNpw7NuLg==
v/8vAg,,W05lbGxpb3JkZV0KTXIuIEthaWxpIHN1c3BlY3RzIHRoYXQgdGhlIGl0ZW0gbWlnaHQgYmUgcGFydCBvZiBhbiB1bmRpc2NvdmVyZWQgYW5jaWVudCByZWxpYy4gRm9ydHVuYXRlbHksIGhlIGlzIGFsc28gcmVzZWFyY2hpbmcgYW5jaWVudCByZWxpY3MgYXMgYSBwcm9qZWN0IGNvbW1pc3Npb25lZCBieSB0aGUgUm95YWwgQ291cnQu,,,,,W05lbGxpb3JkZV0KTyBTci4gS2FpbGkgc3VzcGVpdGEgcXVlIG8gaXRlbSBwb2RlIHNlciBwYXJ0ZSBkZSB1bWEgcmVsw61xdWlhIGFudGlnYSBlIGRlc2NvbmhlY2lkYS4gRmVsaXptZW50ZSwgZWxlIHRhbWLDqW0gZXN0w6EgcGVzcXVpc2FuZG8gcmVsw61xdWlhcyBhbnRpZ2FzLCBudW0gcHJvamV0byBlbmNvbWVuZGFkbyBwZWxhIGNvcnRlIHJlYWwu,,W05lbGxpb3JkZV0KRWwgc2XDsW9yIEthaWxpIHNvc3BlY2hhIHF1ZSBlbCBvYmpldG8gcG9kcsOtYSBmb3JtYXIgcGFydGUgZGUgdW5hIGFudGlndWEgcmVsaXF1aWEgcG9yIGRlc2N1YnJpci4gQWZvcnR1bmFkYW1lbnRlLCB0YW1iacOpbiBlc3TDoSBpbnZlc3RpZ2FuZG8gcmVsaXF1aWFzIGFudGlndWFzIGNvbW8gcHJveWVjdG8gZW5jYXJnYWRvIHBvciBsYSBDb3J0ZSBSZWFsLg==
wP8vAg,,W05lbGxpb3JkZV0KV2hhdCBkbyB5b3UgdGhpbms/IElzbid0IHRoYXQgaW50ZXJlc3Rpbmc/IFlvdSdkIGJldHRlciBzcGVhayB0byBNci4gS2FpbGkgaWYgeW91IHdpc2ggdG8gbGVhcm4gbW9yZS4gSWYgeW91IHdhbnQsIEkgY2FuIHdyaXRlIHlvdSBhIGxldHRlciBvciByZWNvbW1lbmRhdGlvbi4=,,,,,W05lbGxpb3JkZV0KRW50w6NvLCBvIHF1ZSBhY2hhPyBOw6NvIMOpIGludGVyZXNzYW50ZT8gQ2xhcm8gcXVlIMOpIG1lbGhvciB2b2PDqiBmYWxhciBjb20gbyBTci4gS2FpbGksIHNlIHF1aXNlciBzYWJlciBtYWlzLiBTZSBxdWlzZXIsIGV1IHBvc3NvIGxoZSBkYXIgdW1hIGNhcnRhIGRlIHJlY29tZW5kYcOnw6NvLg==,,W05lbGxpb3JkZV0Kwr9RdcOpIHRlIHBhcmVjZT8gwr9ObyBlcyBpbnRlcmVzYW50ZT8gU2Vyw6EgbWVqb3IgcXVlIGhhYmxlcyBjb24gZWwgc2XDsW9yIEthaWxpIHNpIHF1aWVyZXMgc2FiZXIgbcOhcy4gU2kgcXVpZXJlcywgcHVlZG8gZXNjcmliaXJ0ZSB1bmEgY2FydGEgZGUgcmVjb21lbmRhY2nDs24u
wf8vAg,,U3VyZSEgU291bmRzIGdvb2Qu,,,,,Q2xhcm8hIFBhcmVjZSBib20u,,wqFDbGFybyBxdWUgc8OtISBTdWVuYSBiaWVuLg==
wv8vAg,,U29ycnksIEkgYW0gbm90IHRoYXQgaW50ZXJlc3RlZC4=,,,,,RGVzY3VscGUsIG7Do28gZXN0b3UgbXVpdG8gaW50ZXJlc3NhZG8u,,TG8gc2llbnRvLCBubyBtZSBpbnRlcmVzYSB0YW50by4=
w/8vAg,,W05lbGxpb3JkZV0KRXhjZWxsZW50IQpTbyB5b3VyIG5hbWUgaXMuLi4KezB9Pw==,,,,,W05lbGxpb3JkZV0KRXhjZWxlbnRlLi4hCkVudMOjbywgc2V1IG5vbWUgw6kuLi4KezB9Pw==,,W05lbGxpb3JkZV0KwqFFeGNlbGVudGUhCkFzw60gcXVlIHR1IG5vbWJyZSBlcy4uLgp7MH0/
xP8vAg,,W05lbGxpb3JkZV0KQWxyaWdodCwgSSBzaGFsbCBjb250YWN0IGhpbSwgcmlnaHQgYXdheSEgWW91IGNhbiBmaW5kIHRoZSBNb25zdGVyIE9yZ2FuaXphdGlvbiB0byB0aGUgd2VzdCBvZiB0aGUgY2VudHJhbCBwbGF6YSBpbiBKdW5vLiBJdCBzaG91bGRuJ3QgYmUgaGFyZCB0byBmaW5kLiBHb29kIGx1Y2sh,,,,,W05lbGxpb3JkZV0KQ2VydG8sIHZvdSBlbnRyYXIgZW0gY29udGF0byBjb20gZWxlLCBpbWVkaWF0YW1lbnRlISBPaCwgZSB2b2PDqiBwb2RlIGVuY29udHJhciBhIE9yZ2FuaXphw6fDo28gZGUgUGVzcXVpc2EgZGUgTW9uc3Ryb3MgYSBvZXN0ZSBkYSBwcmHDp2EgY2VudHJhbCBkZSBKdW5vLiBOw6NvIGRldmUgc2VyIGRpZsOtY2lsIGRlIGFjaGFyLiBCb2Egc29ydGUh,,W05lbGxpb3JkZV0KTXV5IGJpZW4sIG1lIHBvbmRyw6kgZW4gY29udGFjdG8gY29uIMOpbCwgwqFhaG9yYSBtaXNtbyEgUHVlZGVzIGVuY29udHJhciBsYSBPcmdhbml6YWNpw7NuIGRlIE1vbnN0cnVvcyBhbCBvZXN0ZSBkZSBsYSBwbGF6YSBjZW50cmFsIGRlIEp1bm8uIE5vIGRlYmVyw61hIHNlciBkaWbDrWNpbCBkZSBlbmNvbnRyYXIuIEJ1ZW5hIHN1ZXJ0ZS4=
xf8vAg,,W05lbGxpb3JkZV0KSXQncyBkaXNhcHBvaW50aW5nIHRvIGhlYXIgdGhhdC4gSSB0aG91Z2h0IHRoYXQgeW91J2QgYmUgcGVyZmVjdCB0byBoZWxwIG91dCBNci4gS2FpbGkuIE9oIHdlbGwsIHRhbGsgdG8geW91IGxhdGVyLg==,,,,,W05lbGxpb3JkZV0KQWgsIG1lIGRlc2Fwb250YSBvdXZpciBpc3NvLiBQZW5zZWkgcXVlIHZvY8OqIHNlcmlhIGEgcGVzc29hIGNlcnRhIHBhcmEgYWp1ZGFyIG8gU3IuIEthaWxpLiBPaCwgYmVtLCBldSBmYWxvIGNvbSB2b2PDqiBkZXBvaXMuLi4=,,W05lbGxpb3JkZV0KRXMgZGVjZXBjaW9uYW50ZSBvw61yIGVzby4gUGVuc8OpIHF1ZSBzZXLDrWFzIHBlcmZlY3RhIHBhcmEgYXl1ZGFyIGFsIFNyLiBLYWlsaS4gT2ggYnVlbm8sIGhhYmxhbW9zIGx1ZWdvLg==
xv8vAg,,W05lbGxpb3JkZV0KQm9yaW5nLCB5b3Ugc2F5PwpQZXJoYXBzLCBidXQgbm90IGFzCmJvcmluZyBhcyBhbiBhZHZlbnR1cmVyCnRoYXQgcGFzc2VzIHVwIHRoZSBjaGFuY2UKb2YgYW4gYWR2ZW50dXJlLg==,,,,,W05lbGxpb3JkZV0KQ2hhdG8sIHZvY8OqIGRpej8KVGFsdmV6LCBtYXMgbsOjbyB0w6NvCmNoYXRvIHF1YW50byBhbGd1w6ltIHF1ZQpwZXJkZSBhIGNoYW5jZSBkZSB0ZXIKdW1hIGF2ZW50dXJhLCBuw6NvPw==,,W05lbGxpb3JkZV0Kwr9BYnVycmlkbywgZGljZXM/ClRhbCB2ZXosIHBlcm8gbm8gdGFuCmFidXJyaWRvIGNvbW8gdW4gYXZlbnR1cmVybwpxdWUgZGVqYSBwYXNhciBsYSBvcG9ydHVuaWRhZApkZSB1bmEgYXZlbnR1cmEu
x/8vAg,,W05lbGxpb3JkZV0KSSBhY2NpZGVudGFsbHkgY3Jhd2xlZCBpbnRvIHRoZSBub3RvcmlvdXMgXkZGMDAwMEFudCBIZWxsXjAwMDAwMCEgSSBkb24ndCBzb3VuZCBsaWtlIGEgY293YXJkIHRvIHlvdSwgZG8gST8/,,,,,W05lbGxpb3JkZV0KRmVsaXptZW50ZSwgc29icmV2aXZpIGludGVpcm8sIGVtYm9yYSBhaW5kYSB0ZW5oYSBwZXNhZGVsb3MgY29tIGFxdWVsYSBsw61uZ3VhIGVub3JtZS4=,,W05lbGxpb3JkZV0KwqFBY2NpZGVudGFsbWVudGUgbWUgYXJyYXN0csOpIGhhc3RhIGVsIG5vdG9yaW8gXkZGMDAwMEluZmllcm5vIEFudF4wMDAwMDAhIE5vIHRlIHBhcmV6Y28gdW4gY29iYXJkZSwgwr92ZXJkYWQ/
yP8vAg,,W05lbGxpb3JkZV0KSGVsbG8gdGhlcmUhCklzbid0IGl0IHN1Y2gKYSB3b25kZXJmdWwgZGF5PwpZb3Uga25vdyBtZSwKZG8geW91IG5vdD8=,,,,,W05lbGxpb3JkZV0KT2zDoSEKRXN0ZSBuw6NvIMOpIAp1bSBkaWEgYWdyYWTDoXZlbD8KVm9jw6ogbWUgY29uaGVjZSwKbsOjbz8=,,W05lbGxpb3JkZV0KwqFIb2xhIQrCv05vIGVzIHVuIGTDrWEKdW4gZMOtYSBtYXJhdmlsbG9zbz8KWWEgbWUgY29ub2NlcywKwr92ZXJkYWQ/
yf8vAg,,SGFoYWhhLCBmb3JnaXZlIG15IHJ1ZGVuZXNzLCBidXQgSSBmYWlsIHRvIHJlY2FsbCB5b3VyIG5hbWUsIHRob3VnaCB5b3VyIGZhY2UgZG9lcyBzZWVtIGZhbWlsaWFyLg==,,,,,SGFoYWhhaGEsIGRlc2N1bHBlIGEgZmFsdGEgZGUgZWR1Y2HDp8OjbywgbWFzIG7Do28gY29uc2lnbyBsZW1icmFyIG8gc2V1IG5vbWUsIGVtYm9yYSBzZXUgcm9zdG8gcGFyZcOnYSBmYW1pbGlhci4=,,SmFqYWphLCBwZXJkb25lIG1pIGRlc2NvcnRlc8OtYSwgcGVybyBubyByZWN1ZXJkbyBzdSBub21icmUsIGF1bnF1ZSBzdSBjYXJhIG1lIHJlc3VsdGEgZmFtaWxpYXIu
yv8vAg,,T2ghCkhvdyBjb3VsZCBJIGV2ZXIKZm9yZ2V0IHRoZSBkZWxpZ2h0ZnVsCnswfSE=,,,,,T2gsIGNsYXJvLCBjbGFyby4uLgpDb21vIGV1IHBvZGVyaWEKZXNxdWVjZXIgZGVzc2EgZ3JhbmRlIHBlc3NvYSwKezB9Pw==,,wqFPaCEKwr9Dw7NtbyBwb2Ryw61hIG9sdmlkYXIKb2x2aWRhciBhbCBlbmNhbnRhZG9yCsKhezB9IQ==
y/8vAg,,W05lbGxpb3JkZV0KU28sIGFyZW4ndCB5b3UgY3VyaW91cyBhYm91dCBtZT8gRmVlbCBmcmVlIHRvIGFzayBtZSB3aGF0ZXZlciB5b3UgbGlrZSEgSSdtIHRoZSB2YWdhYm9uZCB0aGF0IHdpbGwgd2FuZGVyIHRoZSBlYXJ0aCB0aWxsIHRoZSBlbmQgb2YgaGlzIGRheXMsIHlvdXIgZnJpZW5kIHdobyBsb3ZlcyB0byBzaW5nIHVuZGVyIHRoZSBtb29ubGlnaHQu,,,,,W05lbGxpb3JkZV0KRW50w6NvLCBuw6NvIHF1ZXIgc2FiZXIgc29icmUgbWltPyBGaXF1ZSDDoCB2b250YWRlIHByYSBtZSBwZXJndW50YXIgbyBxdWUgcXVpc2VyISBTb3UgbyB2YWdhYnVuZG8gcXVlIHZhaSBhbmRhciBwb3IgZXNzZSBtdW5kbyBhdMOpIG8gZmltIGRlIHNldXMgZGlhcywgc2V1IGFtaWdvIHF1ZSBhZG9yYSBjYW50YXIgc29iIGEgbHV6IGRhIGx1YS4uLg==,,W05lbGxpb3JkZV0Kwr9ObyBzaWVudGVzIGN1cmlvc2lkYWQgcG9yIG3DrT8gwqFObyBkdWRlcyBlbiBwcmVndW50YXJtZSBsbyBxdWUgcXVpZXJhcyEgU295IGVsIHZhZ2FidW5kbyBxdWUgdmFnYXLDoSBwb3IgbGEgdGllcnJhIGhhc3RhIGVsIGZpbiBkZSBzdXMgZMOtYXMsIHR1IGFtaWdvIGFsIHF1ZSBsZSBlbmNhbnRhIGNhbnRhciBiYWpvIGxhIGx1eiBkZSBsYSBsdW5hLg==
zP8vAg,,V2hvIGFyZSB5b3U/,,,,,UXVlbSDDqSB2b2PDqj8=,,wr9RdWnDqW4gZXMgdXN0ZWQ/
zf8vAg,,V2hhdCdzIG5ldz8=,,,,,UXVhaXMgc8OjbyBhcyBub3Zhcz8=,,wr9RdcOpIGhheSBkZSBudWV2bz8=
zv8vAg,,Q2FuIHlvdSBzaW5nPw==,,,,,Vm9jw6ogcG9kZSBjYW50YXI/,,wr9TYWJlcyBjYW50YXI/
z/8vAg,,W05lbGxpb3JkZV0KV2h5LCBJJ20gTmVsbGlvcmRlLCB0aGUgYmFyZC4gVHJ1dGhmdWxseSwgbXkgcmVhbCBuYW1lIGlzIEVsbGlvcmRlLg==,,,,,W05lbGxpb3JkZV0KT3JhLCBzb3UgTmVsbGlvcmRlLCBvIEJhcmRvLiBOYSB2ZXJkYWRlLCBtZXUgbm9tZSB2ZXJkYWRlaXJvIMOpIEVsbGlvcmRlLg==,,W05lbGxpb3JkZV0KVmF5YSwgc295IE5lbGxpb3JkZSwgbGEgYmFyZG8uIEEgZGVjaXIgdmVyZGFkLCBtaSB2ZXJkYWRlcm8gbm9tYnJlIGVzIEVsbGlvcmRlLg==
0P8vAg,,W05lbGxpb3JkZV0KV2hpbGUgSSB3YXMgc2luZ2luZyBpbiBhIHRhdmVybiwgYXMgdXN1YWwsIGEgbWFuIHdpdGggbG9uZyBibG9uZGUgaGFpciBhbmdyaWx5IGRlbWFuZGVkIHRoYXQgSSBjaGFuZ2UgbXkgbmFtZSE=,,,,,W05lbGxpb3JkZV0KTm8gZW50YW50bywgZW5xdWFudG8gZXUgY2FudGF2YSBudW1hIFRhdmVybmEsIGNvbW8gc2VtcHJlLCB1bSBob21lbSBkZSBsb25nb3MgY2FiZWxvcyBsb2lyb3MgZXhpZ2l1LCBjb20gZsO6cmlhLCBxdWUgZXUgbXVkYXNzZSBvIG1ldSBub21lIQ==,,W05lbGxpb3JkZV0KTWllbnRyYXMgY2FudGFiYSBlbiB1bmEgdGFiZXJuYSwgY29tbyBkZSBjb3N0dW1icmUsIHVuIGhvbWJyZSBkZSBsYXJnYSBtZWxlbmEgcnViaWEgbWUgZXhpZ2nDsyBhaXJhZGFtZW50ZSBxdWUgbWUgY2FtYmlhcmEgZWwgbm9tYnJlLg==
0f8vAg,,W05lbGxpb3JkZV0KSSBoYXZlIG5ldmVyIG1ldCBhIG1hbiBwcmlzc3kgZW5vdWdoIHRvIGFnb25pemUgb3ZlciBzb21lb25lIGNvaW5jaWRlbnRhbGx5IHNoYXJpbmcgdGhlIHNhbWUgbmFtZSE=,,,,,W05lbGxpb3JkZV0KTnVuY2EgdGluaGEgdmlzdG8gdGFudGEgY29uZnVzw6NvIGUgZXN0YXJkYWxoYcOnbyBwb3IgYWxndcOpbSB0ZXIgbyBtZXNtbyBub21lIHF1ZSBldSE=,,W05lbGxpb3JkZV0KTnVuY2EgaGUgY29ub2NpZG8gYSB1biBob21icmUgdGFuIHJlbWlsZ2FkbyBjb21vIHBhcmEgYWdvbml6YXIgcG9yIGFsZ3VpZW4gcXVlIGNhc3VhbG1lbnRlIGNvbXBhcnRlIGVsIG1pc21vIG5vbWJyZS4=
0v8vAg,,W05lbGxpb3JkZV0KU28sIHRoYXQgbGl0dGxlIGRpc3B1dGUgd2FzIHNldHRsZWQgd2l0aCBtZSBiZWluZyByZW5hbWVkIE5lbGxpb3JkZS4=,,,,,W05lbGxpb3JkZV0KRSBhc3NpbSwgYSBwZXF1ZW5hIGRpc2N1c3PDo28gZm9pIHJlc29sdmlkYSBlIG11ZGVpIG8gbWV1IG5vbWUgcGFyYSBOZWxsaW9yZGUu,,W05lbGxpb3JkZV0KQXPDrSBxdWUgZXNhIHBlcXVlw7FhIGRpc3B1dGEgc2UgcmVzb2x2acOzIHJlYmF1dGl6w6FuZG9tZSBjb21vIE5lbGxpb3JkZS4=
0/8vAg,,W05lbGxpb3JkZV0KSSBkb24ndCBzb3VuZCBsaWtlIGEgY293YXJkIHRvIHlvdSwgZG8gST8gRG8geW91IHRoaW5rIEkgc2hvdWxkIGhhdmUgZm91Z2h0IGZvciB0aGUgcmlnaHQgdG8ga2VlcCBteSBvcmlnaW5hbCBuYW1lPw==,,,,,W05lbGxpb3JkZV0KTsOjbyBwYXJlw6dvIHVtIGNvdmFyZGUgcHJhIHZvY8OqLCBuw6NvIMOpPyBBY3JlZGl0YSBxdWUgZXUgZGV2aWEgdGVyIGx1dGFkbyBwZWxvIGRpcmVpdG8gZGUgbWFudGVyIG8gbWV1IG5vbWUgb3JpZ2luYWw/,,W05lbGxpb3JkZV0KTm8gdGUgcGFyZXpjbyB1biBjb2JhcmRlLCDCv3ZlcmRhZD8gwr9DcmVlcyBxdWUgZGViZXLDrWEgaGFiZXIgbHVjaGFkbyBwb3IgZWwgZGVyZWNobyBhIGNvbnNlcnZhciBtaSBub21icmUgb3JpZ2luYWw/
1P8vAg,,W05lbGxpb3JkZV0KSWYgc28sIHlvdSdyZSB3cm9uZyEgQXMgYSByb21hbnRpYyBiYXJkIHdobyBjaGVyaXNoZXMgcGVhY2UsIEkgZG9uJ3QgYmVsaWV2ZSB0aGF0IHZpb2xlbmNlIGNhbiBzb2x2ZSBhbnl0aGluZy4=,,,,,W05lbGxpb3JkZV0KU2UgZm9yIGlzc28sIHNlIGVuZ2FuYSEgw4kgcXVlLCBzZW5kbyB1bSBCYXJkbyByb23Dom50aWNvIHF1ZSBjdWx0aXZhIGEgcGF6LCBuw6NvIGFjcmVkaXRvIHF1ZSBhIHZpb2zDqm5jaWEgcG9zc2EgcmVzb2x2ZXIgbmFkYS4uLg==,,W05lbGxpb3JkZV0KU2kgZXMgYXPDrSwgwqF0ZSBlcXVpdm9jYXMhIENvbW8gYmFyZG8gcm9tw6FudGljbyBxdWUgYXByZWNpYSBsYSBwYXosIG5vIGNyZW8gcXVlIGxhIHZpb2xlbmNpYSBwdWVkYSByZXNvbHZlciBuYWRhLg==
1f8vAg,,XjMzNTVGRlNlZWluZyBhcyBpdCdzIG5vdCB3b3J0aApsaXN0ZW5pbmcgdG8gTmVsbGlvcmRlJ3MgbGllcyB5b3UgZGVjaWRlIHRvIHNpbXBseSB0dW5lIG91dC5eMDAwMDAw,,,,,XjMzNTVGRlZlbmRvIHF1ZSBuw6NvIHZhbGUgYSBwZW5hCm91dmlyIGFzIG1lbnRpcmFzIGRlIE5lbGxpb3JkZSwgdm9jw6ogZGVjaWRlIHNpbXBsZXNtZW50ZSBpZ25vcsOhLWxvLl4wMDAwMDA=,,XjMzNTVGRlZpZW5kbyBxdWUgbm8gdmFsZSBsYSBwZW5hCmVzY3VjaGFyIGxhcyBtZW50aXJhcyBkZSBOZWxsaW9yZGUgZGVjaWRlcyBzaW1wbGVtZW50ZSBkZXNjb25lY3Rhci5eMDAwMDAw
1v8vAg,,XjMzNTVGRi4uLgouLi4uLi5eMDAwMDAw,,,,,XjMzNTVGRi4uLgouLi4uLi5eMDAwMDAw,,XjMzNTVGRi4uLgouLi4uLi5eMDAwMDAw
1/8vAg,,XjMzNTVGRi4uLgouLi4uLi4KLi4uLi4uXjAwMDAwMA==,,,,,XjMzNTVGRi4uLgouLi4uLi4KLi4uLi4uLi4uXjAwMDAwMA==,,XjMzNTVGRi4uLgouLi4uLi4KLi4uLi4uXjAwMDAwMA==
2P8vAg,,W05lbGxpb3JkZV0KQW5kIHRoYXQncyBob3cgSSBjb252aW5jZWQgdGhlIHdpc2UgYW5kIGJlbmV2b2xlbnQgS2luZyBUcmlzdHJhbSBJSUkgdG8gYnVpbGQgYSBwYXJhZGlzZSB3aGVyZSBtYXJyaWVkIGxvdmVycyBjb3VsZCBlbmpveSB0aGVtc2VsdmVzLiAtIEhleT8gQXJlIHlvdSBsaXN0ZW5pbmc/IQ==,,,,,W05lbGxpb3JkZV0KRSBmb2kgYXNzaW0gcXVlIGNvbnZlbmNpIG8gc8OhYmlvIGUgYmVuZXZvbGVudGUgUmVpIFRyaXN0w6NvIElJSSBhIGNvbnN0cnVpciB1bSBwYXJhw61zbyBubyBxdWFsIG9zIHJlY8OpbS1jYXNhZG9zIHB1ZGVzc2VtLi4uIGhlaW4/IFZvY8OqIGFpbmRhIGVzdMOhIG91dmluZG8/IQ==,,W05lbGxpb3JkZV0KWSBhc8OtIGZ1ZSBjb21vIGNvbnZlbmPDrSBhbCBzYWJpbyB5IGJlbsOpdm9sbyByZXkgVHJpc3RyYW0gSUlJIHBhcmEgcXVlIGNvbnN0cnV5ZXJhIHVuIHBhcmHDrXNvIGRvbmRlIGxvcyBhbWFudGVzIGNhc2Fkb3MgcHVkaWVyYW4gZGlzZnJ1dGFyLiAtIMKhwr9FaD8hIMKhwr9Fc3TDoXMgZXNjdWNoYW5kbz8h
2f8vAg,,W05lbGxpb3JkZV0KQW55d2F5cywgSSBoYXZlIGFuIGludGVyZXN0aW5nIGJpdCBvZiBuZXdzIGFib3V0IFByb250ZXJhLiBCdXQgaXQncyBhIHNlY3JldC4gU2hoISBBcmUgeW91Li4uIHNpbmdsZT8=,,,,,W05lbGxpb3JkZV0KU2UgZm9yLCB2w6EgdmlzaXRhciBhIHRhdmVybmEuIEVuY29udHJlaSB1bSBjYXJhIGzDoSBxdWUgbWUgbGV2b3UgcHJhIHVtIGx1Z2FyIGxlZ2FsLiBBaCwgc2ltLiBNZSBsZXZvdSBwYXJhIG8gbHVnYXIgZW0gcXVlIG9zIHNvbHRlaXJvcyBzZSBkaXZlcnRlbSBtYWlzLi4uIQ==,,W05lbGxpb3JkZV0KRGUgdG9kb3MgbW9kb3MsIHRlbmdvIHVuYSBub3RpY2lhIGludGVyZXNhbnRlIHNvYnJlIFByb250ZXJhLiBQZXJvIGVzIHVuIHNlY3JldG8uIMKhU2hoISDCv0VyZXMuLi4gc29sdGVyYT8=
2v8vAg,,W05lbGxpb3JkZV0KSWYgc28sIGdvIHZpc2l0IHRoZSB0YXZlcm4uIEkgbWV0IGEgZ3V5IHRoZXJlIHdobyB0b29rIG1lIHRvIGEgbmljZSBwbGFjZS4gSGUgdG9vayBtZSB0byAndGhlIHBsYWNlJyB0aGF0J3Mgb2ZmIGxpbWl0cyB0byBzaW5nbGVzIQ==,,,,,W05lbGxpb3JkZV0KQSBQcmFpYSBLb2tvbW8gw6kgdW1hIGdyYW5kZSBleHRlbnPDo28gZGUgYXJlaWEuIEEgw6FndWEgZXN0w6EgY2hlaWEgZGUgYW5pbWFpcyBtYXJpbmhvcywgZW50w6NvIHZvY8OqIHBvZGUgc2UgZGl2ZXJ0aXIgY2F0YW5kbyBNb2x1c2Nvcy4=,,W05lbGxpb3JkZV0KU2kgZXMgYXPDrSwgdmUgYSB2aXNpdGFyIGxhIHRhYmVybmEuIENvbm9jw60gYSB1biB0aXBvIGFsbMOtIHF1ZSBtZSBsbGV2w7MgYSB1biBsdWdhciBhZ3JhZGFibGUuIMKhTWUgbGxldsOzIGEgJydlbCBsdWdhcicnIHByb2hpYmlkbyBwYXJhIGxvcyBzb2x0ZXJvcyE=
2/8vAg,,W05lbGxpb3JkZV0KS29rb21vIEJlYWNoIGlzIGEgbGFyZ2UgZXhwYW5zZSBvZiBzYW5kLiBUaGUgd2F0ZXIgdGhlcmUgaXMgdGVlbWluZyB3aXRoIHNlYSBsaWZlLCB3aGljaCB5b3UgY2FuIGVuam95IGNhdGNoaW5nLg==,,,,,W05lbGxpb3JkZV0KRWxlIGVzdGF2YSBtYXN0aWdhbmRvIGFsZ3VtYSBjb2lzYSwgZSBjdXNwaWEgbm8gY2jDo28uIEVzc2UgcGFsaGHDp28gY29uc2VndWl1IG1lIGludGltaWRhciBlIG1lIGZhemVyIGRhciB0b2RvcyBvcyBtZXVzIFplbnlzIQ==,,W05lbGxpb3JkZV0KTGEgcGxheWEgZGUgS29rb21vIGVzIHVuYSBncmFuIGV4dGVuc2nDs24gZGUgYXJlbmEuIEVsIGFndWEgZXN0w6EgcmVwbGV0YSBkZSB2aWRhIG1hcmluYSwgcXVlIHBvZHLDoSBkaXNmcnV0YXIgY2FwdHVyYW5kby4=
3P8vAg,,W05lbGxpb3JkZV0KSGUgd2FzIGNoZXdpbmcgb24gc29tZXRoaW5nIGFuZCB0aGVuIHNwYXQgaXQgb3V0LiBUaGUgYmlnIGJ1ZmZvb24gbWFuYWdlZCB0byBpbnRpbWlkYXRlIG1lIGludG8gZ2l2aW5nIGhpbSBhbGwgb2YgbXkgWmVueSE=,,,,,W05lbGxpb3JkZV0KQSBhZ8OqbmNpYSBkZSBldmVudG9zIGVuY2FycmVnYWRhIGRhcyBleHBlZGnDp8O1ZXMgYW8gTmF2aW8gTmF1ZnJhZ2FkbyBhaW5kYSBlc3TDoSBnYW5oYW5kbyByaW9zIGRlIGRpbmhlaXJvLiBTZSB2b2PDqiBuw6NvIHRpdmVyIG5hZGEgcGFyYSBmYXplciwgcG9yIHF1ZSBuw6NvIHZhaSBsw6EgY2HDp2FyIG1vbnN0cm9zPw==,,W05lbGxpb3JkZV0KRXN0YWJhIG1hc3RpY2FuZG8gYWxnbyB5IGx1ZWdvIGxvIGVzY3VwacOzLiDCoUVsIGdyYW4gYnVmw7NuIGNvbnNpZ3Vpw7MgaW50aW1pZGFybWUgcGFyYSBxdWUgbGUgZGllcmEgdG9kbyBtaSBaZW55IQ==
3f8vAg,,W05lbGxpb3JkZV0KQnkgdGhlIHdheSwgQWxiZXJ0YSBkb2Vzbid0IHNlZW0gdG8gaGF2ZSBjaGFuZ2VkLiBUaGUgc3Vua2VuIHNoaXAgbG9va3MgdGhlIHNhbWUgYXMgd2VsbCwgd2l0aCBhbGwgb2YgaXRzIHNrZWxldG9uIHBpcmF0ZXMgYW5kIHdoYXRub3QuIFlvdSBrbm93IGhvdyBpdCBpcy4=,,,,,W05lbGxpb3JkZV0KTWVzbW8gcXVlIG8gZGVzZXJ0byBlc3RlamEgY2hlaW8gZGUgbW9uc3Ryb3MgaG9ycsOtdmVpcywgYSB2aXPDo28gZG8gbWFyLCBkYWxpLCDDqSBtYWduw61maWNhLiBQdXhhLCBmaWNvIGF0w6kgY29tIHZvbnRhZGUgZGUgY2FudGFyLg==,,W05lbGxpb3JkZV0KUG9yIGNpZXJ0bywgQWxiZXJ0YSBubyBwYXJlY2UgaGFiZXIgY2FtYmlhZG8uIEVsIGJhcmNvIGh1bmRpZG8gdGFtYmnDqW4gcGFyZWNlIGVsIG1pc21vLCBjb24gdG9kb3Mgc3VzIHBpcmF0YXMgZXNxdWVsZXRvcyB5IGRlbcOhcy4gWWEgc2FiZXMgY8OzbW8gZXMu
3v8vAg,,W05lbGxpb3JkZV0KSSdtIHRhbGtpbmcgYWJvdXQgdGhlIEFzc2Fzc2luJ3MgR3VpbGQuIFN1cHBvc2VkbHksIGl0J3MgaGlkZGVuIGJlaGluZCBhIHNhbmRzdG9ybSBpbiB0aGUgTW9ycm9jIERlc2VydCE=,,,,,W05lbGxpb3JkZV0KRXN0b3UgZmFsYW5kbyBkYSBHdWlsZGEgZG9zIE1lcmNlbsOhcmlvcy4gRGl6ZW0gcXVlIGVzdMOhIGVzY29uZGlkYSBhdHLDoXMgZGUgdW1hIHRlbXBlc3RhZGUgZGUgYXJlaWEgbm8gRGVzZXJ0byBkZSBNb3Jyb2Mh,,W05lbGxpb3JkZV0KSGFibG8gZGVsIEdyZW1pbyBkZSBBc2VzaW5vcy4gU3VwdWVzdGFtZW50ZSwgwqFlc3TDoSBvY3VsdG8gdHJhcyB1bmEgdG9ybWVudGEgZGUgYXJlbmEgZW4gZWwgZGVzaWVydG8gZGUgTW9ycm9jIQ==
3/8vAg,,W05lbGxpb3JkZV0KV2VsbCwgdG8gdGhlIG5vcnRoIGlzIHRoZSBTY2h3YXJ0endhbGQgUmVwdWJsaWMuIFRoZXJlLCB5b3UnbGwgZmluZCBKdW5vLCB0aGUgJ0NpdHkgb2YgU2FnZXMuJw==,,,,,W05lbGxpb3JkZV0KQmVtLCBhbyBOb3J0ZSBmaWNhIGEgUmVww7pibGljYSBkZQpTY2h1YmFsdHp3YWxkLiBMw6EsIHZvY8OqIHZhaSBlbmNvbnRyYXIKSnVubywgYSAnQ2lkYWRlIGRvcyBTw6FiaW9zJy4=,,W05lbGxpb3JkZV0KQWwgbm9ydGUgZXN0w6EgbGEgUmVww7pibGljYSBkZSBTY2h3YXJ0endhbGQuIEFsbMOtIGVuY29udHJhcsOhcyBKdW5vLCBsYSAnJ0NpdWRhZCBkZSBsb3MgU2FiaW9zJycu
4P8vAg,,W05lbGxpb3JkZV0KSXQgc2VlbXMgZXZlcnlvbmUgaW4gSnVubyBoYXRlcyBoaW0gd2l0aCBhIHBhc3Npb24uIEV2ZW4gb25lIG9mIHRoZSB0b29sIHNob3Agb3duZXJzIGJlZ2dlZCBhIHBhc3NpbmcgYWR2ZW50dXJlciB0byBzdG9wIHRoZSBNYWQgU2NpZW50aXN0J3MgcmVzZWFyY2gh,,,,,W05lbGxpb3JkZV0KTyBwb3ZvIGRlIGzDoSBkaXogcXVlIGjDoSBzb21lbnRlIHVtIGdyYW5kZSBwcm9ibGVtYSwgdW0gaG9tZW0gY29uaGVjaWRvIGNvbW8gJ0NpZW50aXN0YSBNYWx1Y28nLiBFbGUgw6kgYW50aS1zb2NpYWwsIGUgY3JpYSBtdWl0YXMgcGVydHVyYmHDp8O1ZXMgcMO6YmxpY2FzIGNvbSBzZXVzIGV4cGVyaW1lbnRvcy4=,,W05lbGxpb3JkZV0KUGFyZWNlIHF1ZSB0b2RvIGVsIG11bmRvIGVuIEp1bm8gbGUgb2RpYSBjb24gcGFzacOzbi4gSW5jbHVzbyB1bm8gZGUgbG9zIGR1ZcOxb3MgZGUgbGEgdGllbmRhIGRlIGhlcnJhbWllbnRhcyByb2fDsyBhIHVuIGF2ZW50dXJlcm8gcXVlIHBhc2FiYSBwb3IgYWxsw60gcXVlIGRldHV2aWVyYSBsYSBpbnZlc3RpZ2FjacOzbiBkZWwgQ2llbnTDrWZpY28gTG9jby4=
4f8vAg,,W05lbGxpb3JkZV0KU3BlYWtpbmcgb2YgZGlzY292ZXJpZXMsIHlvdSBrbm93IGhvdyBKdW5vIGZsb2F0cyBpbiB0aGUgYWlyLCByaWdodD8=,,,,,W05lbGxpb3JkZV0KRGl6ZW0gcXVlIHVtIHBlZGHDp28gZG8gQ29yYcOnw6NvIGRlIFltaXIgZ2VyYSBlbmVyZ2lhIHN1ZmljaWVudGUgcGFyYSBtYW50ZXIgYSBjaWRhZGUgaW50ZWlyYSBubyBhci4gTsOjbyDDqSBpbmNyw612ZWw/,,W05lbGxpb3JkZV0KSGFibGFuZG8gZGUgZGVzY3VicmltaWVudG9zLCDCv3NhYmVzIGPDs21vIGZsb3RhIEp1bm8gZW4gZWwgYWlyZSwgdmVyZGFkPw==
4v8vAg,,W05lbGxpb3JkZV0KQ2FuIEkgc2luZyB5b3UgYXNrPyBDZXJ0YWlubHksIGFuZCBpZiBJIG1heSBzYXkgc28sIHdpdGggcGxlYXN1cmUhIFdoaWNoIHNvbmcgd291bGQgeW91IGxpa2UgdG8gaGVhcj8=,,,,,W05lbGxpb3JkZV0KU2UgcG9zc28gY2FudGFyLCB2b2PDqiBwZXJndW50YT8gQ2xhcm8gcXVlIHNpbSwgZSBtdWl0byBiZW0sIHNlIHBvc3NvIGRpemVyLiBRdWUgY2Fuw6fDo28gdm9jw6ogZ29zdGFyaWEgZGUgb3V2aXI/,,W05lbGxpb3JkZV0Kwr9QdWVkbyBjYW50YXI/IERlc2RlIGx1ZWdvLCB5IHNpIG1lIHBlcm1pdGVzIGRlY2lybG8sIMKhY29uIG11Y2hvIGd1c3RvISDCv1F1w6kgY2FuY2nDs24gdGUgZ3VzdGFyw61hIGVzY3VjaGFyPw==
4/8vAg,,W05lbGxpb3JkZV0KQnJhZ2kncyBQb2VtIQpXaGF0IGEgZ29vZCBjaG9pY2UhCkkgbXVzdCBzYXksIHRoaXMgc29uZyByZXByZXNlbnRzIHRoZSBoZWFydCBvZiBhIHBvZXQh,,,,,W05lbGxpb3JkZV0KTyBQb2VtYSBkZSBCcmFnaSEKQmVsYSBlc2NvbGhhIQpEZXZvIGRpemVyIHF1ZSBlc3RhIGNhbsOnw6NvIHJlcHJlc2VudGEgbyBjb3Jhw6fDo28gZGUgdW0gcG9ldGEh,,W05lbGxpb3JkZV0KwqFQb2VtYSBkZSBCcmFnaSEKwqFRdcOpIGJ1ZW5hIGVsZWNjacOzbiEKwqFEZWJvIGRlY2lyIHF1ZSBlc3RhIGNhbmNpw7NuIHJlcHJlc2VudGEgZWwgY29yYXrDs24gZGUgdW4gcG9ldGEh
5P8vAg,,W05lbGxpb3JkZV0KUGxlYXNlIGZvcmdpdmUgbWUsIGJ1dCBJIGNhbm5vdCBwbGF5IGEgc29uZyBmb3IgZnJlZS4gVGhlIHdvcmxkIGlzIGhhcnNoLCBhbmQgYSBmcmFpbCBiYXJkIHN1Y2ggYXMgbXlzZWxmIG11c3QgaGF2ZSBzb21lIG1lYW5zIHRvIHN1cnZpdmUu,,,,,W05lbGxpb3JkZV0KUG9yIGZhdm9yLCBwZXJkb2UtbWUsIG1hcyBuw6NvIHBvc3NvIGNhbnRhciBkZSBncmHDp2EuIE8gbXVuZG8gw6kgY3J1ZWwgZSB1bSBmcsOhZ2lsIEJhcmRvIGNvbW8gZXUgcHJlY2lzYSBnYW5oYXIgYSB2aWRhIGRlIGFsZ3VtIGplaXRvLi4u,,W05lbGxpb3JkZV0KUG9yIGZhdm9yLCBwZXJkw7NuYW1lLCBwZXJvIG5vIHB1ZWRvIHRvY2FyIHVuYSBjYW5jacOzbiBncmF0aXMuIEVsIG11bmRvIGVzIGR1cm8sIHkgdW4gYmFyZG8gZnLDoWdpbCBjb21vIHlvIGRlYmUgdGVuZXIgYWxndW5vcyBtZWRpb3MgcGFyYSBzb2JyZXZpdmlyLg==
5f8vAg,,W05lbGxpb3JkZV0KWW91IG11c3QgbGlrZSBsaXZlbHksIHVwYmVhdCBtdXNpYyEgQXMgeW91IHdpc2gu,,,,,W05lbGxpb3JkZV0KVm9jw6ogZGV2ZSBnb3N0YXIgZGUgbcO6c2ljYSB2aWdvcm9zYSwgaGVpbj8gQ29tbyBxdWlzZXIuLi4=,,W05lbGxpb3JkZV0KwqFUZSBkZWJlIGd1c3RhciBsYSBtw7pzaWNhIGFsZWdyZSB5IGFuaW1hZGEhIENvbW8gZGVzZWVzLg==
5v8vAg,,W05lbGxpb3JkZV0KRXhjZWxsZW50IGNob2ljZSEKU29tZWhvdywgdGhlIGltYWdlIG9mIHRoZSBzZXR0aW5nIHN1biBmaXRzIHdlbGwgd2l0aCBhc3Nhc3NpbnMuIERvbid0IHlvdSBhZ3JlZT8=,,,,,W05lbGxpb3JkZV0KRXhjZWxlbnRlIGVzY29saGEhCkRlIGFsZ3VtYSBmb3JtYSwgYSBpbWFnZW0gZG8gc29sIHNlIHBvbmRvIGNhaSBiZW0gY29tIHVtIE1lcmNlbsOhcmlvLiBOw6NvIGNvbmNvcmRhPw==,,W05lbGxpb3JkZV0KwqFFeGNlbGVudGUgZWxlY2Npw7NuIQpEZSBhbGfDum4gbW9kbywgbGEgaW1hZ2VuIGRlbCBzb2wgcG9uaWVudGUgZW5jYWphIGJpZW4gY29uIGxvcyBhc2VzaW5vcy4gwr9ObyB0ZSBwYXJlY2U/
5/8vAg,,U3R1ZHlpbmcgU2Nob2xhcg==,,,,,U8OhYmlvIEVzdHVkYW5kbw==,,RXN0dWRpYXIgYmVjYXJpbw==
6P8vAg,,XjMzNTVGRldhaXQgYSBzZWNvbmQhIFJpZ2h0IG5vdyB5b3UncmUgY2FycnlpbmcgdG9vIG1hbnkgaXRlbXMgd2l0aCB5b3UuIFBsZWFzZSBjb21lIGJhY2sgYWZ0ZXIgcHV0dGluZyBzb21lIG9mIHlvdXIgdGhpbmdzIGludG8gS2FmcmEgU3RvcmFnZS5eMDAwMDAw,,,,,XjMzNTVGRkVzcGVyZSB1bSBwb3VjbyEgVm9jw6ogZXN0w6EgY2FycmVnYW5kbyBpdGVucyBkZW1haXMuIEVzdmF6aWUgc2V1IGludmVudMOhcmlvIGFudGVzLl4wMDAwMDA=,,XjMzNTVGRsKhRXNwZXJhIHVuIHNlZ3VuZG8hIEFob3JhIG1pc21vIGxsZXZhcyBkZW1hc2lhZG9zIG9iamV0b3MgY29udGlnby4gUG9yIGZhdm9yLCB2dWVsdmUgZGVzcHXDqXMgZGUgcG9uZXIgYWxndW5hcyBkZSB0dXMgY29zYXMgZW4gZWwgQWxtYWPDqW4gS2FmcmEuXjAwMDAwMA==
6f8vAg,,W1N0dWR5aW5nIFNjaG9sYXJdCkhtbW0uLi4KVGhlIGhpZ2hlc3QgcXVhbGl0eSBSZWQgUG90aW9uIGV2ZXIuLi4=,,,,,W1PDoWJpbyBFc3R1ZGFuZG9dCkhtbW0uLi4KQSBQb8Onw6NvIFZlcm1lbGhhIGRhIG1haXMgYWx0YSBxdWFsaWRhZGUuLi4=,,W0VzdHVkaWFuZG8gYSBTY2hvbGFyXQpIbW1tLi4uCkxhIFBvY2nDs24gUm9qYSBkZSBtYXlvciBjYWxpZGFkLi4u
6v8vAg,,W1N0dWR5aW5nIFNjaG9sYXJdCklmIG9ubHkgSSBjb3VsZCBmaWd1cmUgYSB3YXkgdG8gYmFsYW5jZSB0aGUgY29uc2lzdGVuY3kgb2YgdGhlIGdyb3VuZCBSZWQgSGVyYnMgbWl4ZWQgd2l0aCB0aGUgd2F0ZXIuIFRoYXQgcGFydCBpcyBtb3N0IGNydWNpYWwuLi4=,,,,,W1PDoWJpbyBFc3R1ZGFuZG9dClNlIGV1IGVuY29udHJhc3NlIHVtIGplaXRvIGRlIGVxdWlsaWJyYXIgYSBjb25zaXN0w6puY2lhIGRhcyBFcnZhcyBWZXJtZWxoYXMgbW/DrWRhcyBtaXN0dXJhZGFzIMOgIMOhZ3VhLiBFc3NhIHBhcnRlIMOpIGVzc2VuY2lhbC4uLg==,,W0VzdHVkaWFudGUgRXJ1ZGl0b10KU2kgc8OzbG8gcHVkaWVyYSBlbmNvbnRyYXIgdW5hIG1hbmVyYSBkZSBlcXVpbGlicmFyIGxhIGNvbnNpc3RlbmNpYSBkZSBsYXMgSGllcmJhcyBSb2phcyBtb2xpZGFzIG1lemNsYWRhcyBjb24gZWwgYWd1YS4gRXNhIHBhcnRlIGVzIGxhIG3DoXMgY3J1Y2lhbC4uLg==
6/8vAg,,W0VucmljbyBLYWlsaV0KQWgsIHswfSwKeW91J3ZlIHJldHVybmVkLg==,,,,,W0VucmljbyBLYWlsaV0KQWgsIHswfSwKdm9jw6ogdm9sdG91Lg==,,W0VucmljbyBLYWlsaV0KQWgsIHswfSwKaGFzIHZ1ZWx0by4=
7P8vAg,,W0VucmljbyBLYWlsaV0KTGVhcm5pbmcgYWJvdXQgQnJpc2luZ2FtZW4gd2FzIHRydWx5IGZhc2NpbmF0aW5nLiBCdXQgc2luY2Ugd2UndmUgaGl0IGEgcGxhdGVhdSBmb3Igbm93LCBJJ3ZlIHN0YXJ0ZWQgYSBuZXcgcmVzZWFyY2ggcHJvamVjdC4=,,,,,W0VucmljbyBLYWlsaV0KQXByZW5kZXIgc29icmUgbyBCcmlzaW5nYW1lbiBmb2kgcmVhbG1lbnRlIGZhc2NpbmFudGUuIE1hcyBjb21vIGVzdGFtb3MgcGFyYWRvcyBwb3IgZW5xdWFudG8sIGluaWNpZWkgdW0gbm92byBwcm9qZXRvIGRlIHBlc3F1aXNhLg==,,W0VucmljbyBLYWlsaV0KQXByZW5kZXIgc29icmUgQnJpc2luZ2FtZW4gZnVlIHJlYWxtZW50ZSBmYXNjaW5hbnRlLiBQZXJvIGNvbW8gcG9yIGFob3JhIGhlbW9zIHRvY2FkbyB0ZWNobywgaGUgZW1wZXphZG8gdW4gbnVldm8gcHJveWVjdG8gZGUgaW52ZXN0aWdhY2nDs24u
7f8vAg,,W0VucmljbyBLYWlsaV0KSGFoYWhhaGEhCkknbSBzb3JyeSwgYnV0IEkgY2Fubm90IHRlbGwgeW91IGFib3V0IGl0IGFzIGl0J3MgY29uZmlkZW50aWFsLiBCdXQgd2hlbiBJIGdldCBhIGNoYW5jZSwgSSdsbCBhc2sgeW91IGZvciBoZWxwLg==,,,,,W0VucmljbyBLYWlsaV0KSGFoYWhhaGEhCkRlc2N1bHBlLCBtYXMgbsOjbyBwb3NzbyBsaGUgY29udGFyIHNvYnJlIGlzc28gcG9yIGVucXVhbnRvLCDDqSBjb25maWRlbmNpYWwuIE1hcywgcXVhbmRvIHRpdmVyIGNoYW5jZSwgdm91IHBlZGlyIGEgc3VhIGFqdWRhLg==,,W0VucmljbyBLYWlsaV0KwqFKYWphamFqYSEKTG8gc2llbnRvLCBwZXJvIG5vIHB1ZWRvIGNvbnTDoXJ0ZWxvIHBvcnF1ZSBlcyBjb25maWRlbmNpYWwuIFBlcm8gY3VhbmRvIHRlbmdhIG9wb3J0dW5pZGFkLCB0ZSBwZWRpcsOpIGF5dWRhLg==
7v8vAg,,W0VucmljbyBLYWlsaV0KQWgsIEkgc2VlLi4uIFNvIGl0J3MgdHJ1ZSB0aGF0IEJlcmxpbmcgc2VhbGVkIGhpbXNlbGYgaW4gdGhlIHJpcHBsZSB3aGVyZSB0aGUgZ29kZGVzcycgdGVhciBmZWxsIGludG8gdGhlIHdhdGVycy4=,,,,,W0VucmljbyBLYWlsaV0KQWgsIGVudGVuZG8uIEVudMOjbyDDqSB2ZXJkYWRlIHF1ZSBCZXJsaW5nIHNlbG91LXNlIG5hIGFnaXRhw6fDo28gZGFzIG9uZGFzIG9uZGUgYXMgbMOhZ3JpbWFzIGRhIGRldXNhIGNhaXJhbSBuYXMgw6FndWFzLg==,,W0VucmljbyBLYWlsaV0KQWgsIHlhIHZlby4uLiBBc8OtIHF1ZSBlcyBjaWVydG8gcXVlIEJlcmxpbmcgc2Ugc2VsbMOzIGEgc8OtIG1pc21vIGVuIGxhIG9uZHVsYWNpw7NuIGRvbmRlIGxhIGzDoWdyaW1hIGRlIGxhIGRpb3NhIGNhecOzIGVuIGxhcyBhZ3Vhcy4=
7/8vAg,,W0VucmljbyBLYWlsaV0KSSdtIHNvIGV4Y2l0ZWQhIEkgZG9uJ3Qga25vdyB3aGF0IHRvIGRvIGZpcnN0ISBTaG91bGQgSSByZXBvcnQgdG8gSGlzIE1hamVzdHkgb3IgcHVibGlzaCBteSBmaW5kaW5ncyBvci4uLg==,,,,,W0VucmljbyBLYWlsaV0KT2ghIEVzdG91IHTDo28gZW1wb2xnYWRvISBOw6NvIHNlaSBvIHF1ZSBmYXplciBwcmltZWlybyEgRGV2byByZWxhdGFyIMOgIFN1YSBNYWplc3RhZGUgb3UgcHVibGljYXIgbWluaGFzIGRlc2NvYmVydGFzLCBvdS4uLg==,,W0VucmljbyBLYWlsaV0KwqFFc3RveSB0YW4gZW1vY2lvbmFkYSEgwqFObyBzw6kgcXXDqSBoYWNlciBwcmltZXJvISBEZWJvIGluZm9ybWFyIGEgU3UgTWFqZXN0YWQgbyBwdWJsaWNhciBtaXMgaGFsbGF6Z29zIG8uLi4=
8P8vAg,,XjMzMzMzM0FoZW0hXjAwMDAwMCBNeSByZXdhcmQh,,,,,XjMzMzMzMypBcnJhbSEqXjAwMDAwMCBNaW5oYSByZWNvbXBlbnNhIQ==,,e8KhQWhlbSEgwqFNaSByZWNvbXBlbnNhIQ==
8f8vAg,,W0VucmljbyBLYWlsaV0KT2gsIHJpZ2h0IQpUaGFuayB5b3UgZm9yIGFsbCB0aGUgdHJvdWJsZSB5b3UgaGF2ZSBlbmR1cmVkIGZvciBteSBzYWtlLiBZb3UgYXJlIHRydWx5IG9uZSBvZiB0aGUgYmVzdCByZXNlYXJjaGVycyBJJ3ZlIG1ldC4=,,,,,W0VucmljbyBLYWlsaV0KT2gsIGNlcnRvLgpPYnJpZ2FkbyBwb3IgdG9kb3Mgb3MgcHJvYmxlbWFzIHF1ZSB2b2PDqiB0ZXZlIHBhcmEgbWUgYWp1ZGFyLiBWb2PDqiDDqSByZWFsbWVudGUgdW0gZG9zIG1lbGhvcmVzIGV4cGxvcmFkb3JlcyBxdWUgasOhIGNvbmhlY2ku,,W0VucmljbyBLYWlsaV0KwqFPaCwgY2xhcm8hCkdyYWNpYXMgcG9yIHRvZGFzIGxhcyBtb2xlc3RpYXMgcXVlIGhhcyBzb3BvcnRhZG8gcG9yIG1pIGNhdXNhLiBFcmVzIHJlYWxtZW50ZSB1bm8gZGUgbG9zIG1lam9yZXMgaW52ZXN0aWdhZG9yZXMgcXVlIGhlIGNvbm9jaWRvLg==
8v8vAg,,W0VucmljbyBLYWlsaV0KU28sIGFzIHByb21pc2VkLApJJ2xsIGdpdmUgeW91IHNvbWV0aGluZyBmcm9tIG15IHByZWNpb3VzIGNvbGxlY3Rpb24hIExldCBtZSBzZWUgd2hhdCB3ZSBoYXZlIGhlcmUuLi4=,,,,,W0VucmljbyBLYWlsaV0KRW50w6NvLCBjb21vIHByb21ldGlkby4uLgpWb3UgbGhlIGRhciBhbGd1bWEgY29pc2EgZGEgbWluaGEgcHJlY2lvc2EgY29sZcOnw6NvISBCb20sIHZhbW9zIHZlciBvIHF1ZSB0ZW1vcyBhcXVpLi4u,,W0VucmljbyBLYWlsaV0KQXPDrSBxdWUsIGNvbW8gcHJvbWV0w60sCsKhdGUgZGFyw6kgYWxnbyBkZSBtaSBwcmVjaW9zYSBjb2xlY2Npw7NuISBEw6lqYW1lIHZlciBsbyBxdWUgdGVuZW1vcyBhcXXDrS4uLg==
8/8vAg,,W0VucmljbyBLYWlsaV0KUGxlYXNlCnRha2UgdGhpcw==,,,,,W0VucmljbyBLYWlsaV0KUG9yIGZhdm9yLi4uClBlZ3VlIGVzdGE=,,W0VucmljbyBLYWlsaV0KUG9yIGZhdm9yCnRvbWEgZXN0bw==
9P8vAg,,UG9yaW5nIENhcmQu,,,,,Q2FydGEgUG9yaW5nLg==,,UG9yaW5nIENhcmQu
9f8vAg,,RmFicmUgQ2FyZC4=,,,,,Q2FydGEgRmFicmUu,,VGFyamV0YSBGYWJyZS4=
9v8vAg,,UHVwYSBDYXJkLg==,,,,,Q2FydGEgUHVwYS4=,,VGFyamV0YSBQdXBhLg==
9/8vAg,,RHJvcHMgQ2FyZC4=,,,,,Q2FydGEgRHJvcHMu,,VGFyamV0YSBEcm9wcy4=
+P8vAg,,THVuYXRpYyBDYXJkLg==,,,,,Q2FydGEgTHVuw6F0aWNvLg==,,THVuYXRpYyBDYXJkLg==
+f8vAg,,UGVjb3BlY28gRWdnIENhcmQu,,,,,Q2FydGEgT3ZvIGRlIFBlY29QZWNvLg==,,VGFyamV0YSBIdWV2byBQZWNvcGVjby4=
+v8vAg,,UGlja3kgQ2FyZC4=,,,,,Q2FydGEgUGlja3ku,,VGFyamV0YSBQaWNreS4=
+/8vAg,,Q2hvbmNob24gQ2FyZC4=,,,,,Q2FydGEgQ2hvbmNob24u,,VGFyamV0YSBDaG9uY2hvbi4=
/P8vAg,,V2lsbG93IENhcmQu,,,,,Q2FydGEgU2FsZ3VlaXJvLg==,,VGFyamV0YSBXaWxsb3cu
/f8vAg,,VGhpZWZidWcgRWdnIENhcmQu,,,,,Q2FydGEgZGUgT3ZvIGRlIEJlc291cm8tTGFkcsOjby4=,,VGFyamV0YSBIdWV2byBMYWRyw7NuLg==
/v8vAg,,QW5kcmUgRWdnIENhcmQu,,,,,Q2FydGEgT3ZvIGRlIEFuZHLDqS4=,,VGFyamV0YSBBbmRyZSBFZ2cu
//8vAg,,Um9kYSBGcm9nIENhcmQu,,,,,Q2FydGEgU2FwbyBkZSBSb2RkYS4=,,VGFyamV0YSBSb2RhIEZyb2cu
AAAwAg,,Q29uZG9yIENhcmQu,,,,,Q2FydGEgQ29uZG9yLg==,,VGFyamV0YSBDw7NuZG9yLg==
AQAwAg,,VGhpZWYgQnVnIENhcmQu,,,,,Q2FydGEgZGUgQmVzb3Vyby1MYWRyw6NvLg==,,VGhpZWYgQnVnIENhcmQu
AgAwAg,,U2F2YWdlIEJlYmUgQ2FyZC4=,,,,,Q2FydGEgZGUgQmViw6ogU2VsdmFnZW0u,,VGFyamV0YSBTYXZhZ2UgQmViZS4=
AwAwAg,,SG9ybmV0IENhcmQu,,,,,Q2FydGEgWmFuZ8Ojby4=,,SG9ybmV0IENhcmQu
BAAwAg,,RmFtaWxpYXIgQ2FyZC4=,,,,,Q2FydGEgRmFtaWxpYXIu,,VGFyamV0YSBmYW1pbGlhci4=
BQAwAg,,Um9ja2VyIENhcmQu,,,,,Q2FydGEgUm9ja2VyLg==,,Um9ja2VyIENhcmQu
BgAwAg,,U3BvcmUgQ2FyZC4=,,,,,Q2FydGEgRXNwb3JvLg==,,VGFyamV0YSBTcG9yZS4=
BwAwAg,,QmFieSBEZXNlcnR3b2xmIENhcmQu,,,,,Q2FydGEgRmlsaG90ZSBkZSBMb2JvIGRvIERlc2VydG8u,,VGFyamV0YSBCYWJ5IERlc2VydHdvbGYu
CAAwAg,,UGxhbmt0b24gQ2FyZC4=,,,,,Q2FydGEgUGxhbmt0b24u,,VGFyamV0YSBQbGFuY3Rvbi4=
CQAwAg,,U2tlbGV0b24gQ2FyZC4=,,,,,Q2FydGEgRXNxdWVsZXRvLg==,,Q2FydGEgRXNxdWVsZXRvLg==
CgAwAg,,RmVtYWxlIFRoaWVmYnVnIENhcmQu,,,,,Q2FydGEgQmVzb3Vyby1MYWRyw6NvIEbDqm1lYS4=,,VGFyamV0YSBMYWRyb25hIEZlbWVuaW5hLg==
CwAwAg,,S3VrcmUgQ2FyZC4=,,,,,Q2FydGEgS3VrcmUu,,VGFyamV0YSBLdWtyZS4=
DAAwAg,,VGFyb3UgQ2FyZC4=,,,,,Q2FydGEgVGFyb3Uu,,VGFyb3UgQ2FyZC4=
DQAwAg,,V29sZiBDYXJkLg==,,,,,Q2FydGEgTG9iby4=,,VGFyamV0YSBMb2JvLg==
DgAwAg,,TWFuZHJhZ29yYSBDYXJkLg==,,,,,Q2FydGEgTWFuZHLDoWdvcmEu,,VGFyamV0YSBNYW5kcmFnb3JhLg==
DwAwAg,,UGVjb3BlY28gQ2FyZC4=,,,,,Q2FydGEgUGVjb1BlY28u,,VGFyamV0YSBQZWNvcGVjby4=
EAAwAg,,QW1iZXJuaXRlIENhcmQu,,,,,Q2FydGEgQW1iZXJuaXRlLg==,,VGFyamV0YSBBbWJlcm5pdGUu
EQAwAg,,UG9Qb3JpbmcgQ2FyZC4=,,,,,Q2FydGEgUG9wb3Jpbmcu,,VGFyamV0YSBQb1BvcmluZy4=
EgAwAg,,V29ybXRhaWwgQ2FyZC4=,,,,,Q2FydGEgUmFibyBkZSBWZXJtZS4=,,VGFyamV0YSBDb2xhZ3VzYW5vLg==
EwAwAg,,SHlkcmEgQ2FyZC4=,,,,,Q2FydGEgSGlkcmEu,,VGFyamV0YSBIeWRyYS4=
FAAwAg,,TXVrYSBDYXJkLg==,,,,,Q2FydGEgTXVrYS4=,,VGFyamV0YSBNdWthLg==
FQAwAg,,U25ha2UgQ2FyZC4=,,,,,Q2FydGEgSmliw7NpYS4=,,VGFyamV0YSBTZXJwaWVudGUu
FgAwAg,,Wm9tYmllIENhcmQu,,,,,Q2FydGEgWnVtYmku,,VGFyamV0YSBab21iaWUu
FwAwAg,,U3RhaW5lciBDYXJkLg==,,,,,Q2FydGEgUGVyY2V2ZWpvLg==,,VGFyamV0YSBTdGFpbmVyLg==
GAAwAg,,Q3JlYW15IENhcmQu,,,,,Q2FydGEgQ3JlYW15Lg==,,VGFyamV0YSBjcmVtb3NhLg==
GQAwAg,,Q29jbyBDYXJkLg==,,,,,Q2FydGEgS29rby4=,,VGFyamV0YSBDb2NvLg==
GgAwAg,,U3RlZWwgQ2hvbmNob24gQ2FyZC4=,,,,,Q2FydGEgQ2hvbkNob24gZGUgQcOnby4=,,VGFyamV0YSBDaG9uY2hvbiBkZSBhY2Vyby4=
GwAwAg,,QW5kcmUgQ2FyZC4=,,,,,Q2FydGEgQW5kcsOpLg==,,QW5kcmUgQ2FyZC4=
HAAwAg,,U21va2llIENhcmQu,,,,,Q2FydGEgRnVtYWNlbnRvLg==,,U21va2llIENhcmQu
HQAwAg,,SG9ybiBDYXJkLg==,,,,,Q2FydGEgQ2hpZnJlLg==,,SG9ybiBDYXJkLg==
HgAwAg,,TWFydGluIENhcmQu,,,,,Q2FydGEgTWFydGluLg==,,TWFydGluIENhcmQu
HwAwAg,,UG9pc29uIFNwb3JlIENhcmQu,,,,,Q2FydGEgRXNwb3JvIFZlbmVub3NvLg==,,VGFyamV0YSBFc3BvcmEgVmVuZW5vc2Eu
IAAwAg,,VmFkb24gQ2FyZC4=,,,,,Q2FydGEgVmFkb24u,,VGFyamV0YSBWYWRvbi4=
IQAwAg,,TWFsZSBUaGllZmJ1ZyBDYXJkLg==,,,,,Q2FydGEgZGUgQmVzb3Vyby1MYWRyw6NvIE1hY2hvLg==,,TWFsZSBUaGllZmJ1ZyBDYXJkLg==
IgAwAg,,WW95byBDYXJkLg==,,,,,Q2FydGEgWW95by4=,,VGFyamV0YSBZb3lvLg==
IwAwAg,,RWxkZXIgV2lsbG93IENhcmQu,,,,,Q2FydGEgU2FsZ3VlaXJvIEFuY2nDo28u,,Q2FydGEgZGVsIFNhdWNlIE1heW9yLg==
JAAwAg,,Vml0YXRhIENhcmQu,,,,,Q2FydGEgVml0YXRhLg==,,VGFyamV0YSBWaXRhdGEu
JQAwAg,,TWFyaW5hIENhcmQu,,,,,Q2FydGEgTWFyaW5hLg==,,VGFyamV0YSBNYXJpbmEu
JgAwAg,,RHVzdGluZXNzIENhcmQu,,,,,Q2FydGEgUG9laXJhLg==,,VGFyamV0YSBkZSBwb2x2by4=
JwAwAg,,TWV0YWxsZXIgQ2FyZC4=,,,,,Q2FydGEgTWV0YWxsZXIu,,VGFyamV0YSBNZXRhbGxlci4=
KAAwAg,,VGhhcmEgRnJvZyBDYXJkLg==,,,,,Q2FydGEgU2FwbyBUaGFyYS4=,,VGFyamV0YSBSYW5hIFRoYXJhLg==
KQAwAg,,R29ibGluIENhcmQu,,,,,Q2FydGEgR29ibGluLg==,,R29ibGluIENhcmQu
KgAwAg,,Q29ybnV0dXMgQ2FyZC4=,,,,,Q2FydGEgQ29ybnV0dXMu,,VGFyamV0YSBDb3JudXR1cy4=
KwAwAg,,QW5hY29uZGFxIENhcmQu,,,,,Q2FydGEgQW5hY29uZGEu,,VGFyamV0YSBBbmFjb25kYXEu
LAAwAg,,Q2FyYW1lbCBDYXJkLg==,,,,,Q2FydGEgQ2FyYW1lbG8u,,VGFyamV0YSBDYXJhbWVsby4=
LQAwAg,,WmVyb20gQ2FyZC4=,,,,,Q2FydGEgWmVyb20u,,VGFyamV0YSBaZXJvbS4=
LgAwAg,,S2FobyBDYXJkLg==,,,,,Q2FydGEgS2Foby4=,,VGFyamV0YSBLYWhvLg==
LwAwAg,,T3JjIFdhcnJpb3IgQ2FyZC4=,,,,,Q2FydGEgR3VlcnJlaXJvIE9yYy4=,,Q2FydGEgZGUgR3VlcnJlcm8gT3Jjby4=
MAAwAg,,TWVnYWxvZG9uIENhcmQu,,,,,Q2FydGEgTWVnYWxvZG9uLg==,,VGFyamV0YSBNZWdhbG9kw7NuLg==
MQAwAg,,U2NvcnBpb24gQ2FyZC4=,,,,,Q2FydGEgRXNjb3JwacOjby4=,,VGFyamV0YSBFc2NvcnBpw7NuLg==
MgAwAg,,RHJhaW5saWFyIENhcmQu,,,,,Q2FydGEgRHJhaW5saWFyLg==,,VGFyamV0YSBEcmFpbmxpYXIu
MwAwAg,,T3JjIFpvbWJpZSBDYXJkLg==,,,,,Q2FydGEgWnVtYmkgT3JjLg==,,Q2FydGEgWm9tYmkgT3Jjby4=
NAAwAg,,R29sZW0gQ2FyZC4=,,,,,Q2FydGEgR29sZW0u,,Q2FydGEgR29sZW0u
NQAwAg,,UGlyYXRlIFNrZWwgQ2FyZC4=,,,,,Q2FydGEgRXNxdWVsZXRvIFBpcmF0YS4=,,UGlyYXRlIFNrZWwgQ2FyZC4=
NgAwAg,,QmlnZm9vdCBDYXJkLg==,,,,,Q2FydGEgUMOpIEdyYW5kZS4=,,VGFyamV0YSBCaWdmb290Lg==
NwAwAg,,QXJnb3MgQ2FyZC4=,,,,,Q2FydGEgQXJnb3Mu,,VGFyamV0YSBBcmdvcy4=
OAAwAg,,TWFnbm9saWEgQ2FyZC4=,,,,,Q2FydGEgTWFnbsOzbGlhLg==,,VGFyamV0YSBNYWdub2xpYS4=
OQAwAg,,UGhlbiBDYXJkLg==,,,,,Q2FydGEgRmVuLg==,,VGFyamV0YSBQaGVuLg==
OgAwAg,,TWFudGlzIENhcmQu,,,,,Q2FydGEgTG91dmEtYS1EZXVzLg==,,VGFyamV0YSBNYW50aXMu
OwAwAg,,RmxvcmEgQ2FyZC4=,,,,,Q2FydGEgRmxvcmEu,,VGFyamV0YSBGbG9yYS4=
PAAwAg,,SG9kZSBDYXJkLg==,,,,,Q2FydGEgSG9kZS4=,,VGFyamV0YSBIb2RlLg==
PQAwAg,,RGVzZXJ0IFdvbGYgQ2FyZC4=,,,,,Q2FydGEgTG9ibyBkbyBEZXNlcnRvLg==,,VGFyamV0YSBMb2JvIGRlbCBEZXNpZXJ0by4=
PgAwAg,,UmFmZmxlc2lhIENhcmQu,,,,,Q2FydGEgUmFmZmxlc2lhLg==,,VGFyamV0YSBSYWZmbGVzaWEu
PwAwAg,,TWFyaW5lIFNwaGVyZSBDYXJkLg==,,,,,Q2FydGEgRXNmZXJhIE1hcmluaGEu,,Q2FydGEgZGUgbGEgRXNmZXJhIE1hcmluYS4=
QAAwAg,,T3JjIFNrZWxldG9uIENhcmQu,,,,,Q2FydGEgRXNxdWVsZXRvIE9yYy4=,,Q2FydGEgZGVsIEVzcXVlbGV0byBPcmNvLg==
QQAwAg,,U29sZGllciBTa2VsZXRvbiBDYXJkLg==,,,,,Q2FydGEgRXNxdWVsZXRvIFNvbGRhZG8u,,U29sZGFkbyBDYXJ0YSBFc3F1ZWxldG8u
QgAwAg,,R2llYXJ0aCBDYXJkLg==,,,,,Q2FydGEgR2llcmF0aC4=,,VGFyamV0YSBHaWVhcnRoLg==
QwAwAg,,RnJpbGxkb3JhIENhcmQu,,,,,Q2FydGEgRnJpbGxkb3JhLg==,,VGFyamV0YSBGcmlsbGRvcmEu
RAAwAg,,U3dvcmRmaXNoIENhcmQu,,,,,Q2FydGEgUGVpeGUtRXNwYWRhLg==,,VGFyamV0YSBQZXogRXNwYWRhLg==
RQAwAg,,TXVuYWsgQ2FyZC4=,,,,,Q2FydGEgTXVuYWsu,,VGFyamV0YSBNdW5hay4=
RgAwAg,,S29ib2xkIENhcmQu,,,,,Q2FydGEgS29ib2xkLg==,,Q2FydGEgS29ib2xkLg==
RwAwAg,,U2tlbCBXb3JrZXIgQ2FyZC4=,,,,,Q2FydGEgRXNxdWVsZXRvIE9wZXLDoXJpby4=,,VGFyamV0YSBTa2VsIFdvcmtlci4=
SAAwAg,,T2JlYXVuZSBDYXJkLg==,,,,,Q2FydGEgT2JlYXVuZS4=,,VGFyamV0YSBPYmVhdW5lLg==
SQAwAg,,QXJjaGVyIFNrZWxldG9uIENhcmQu,,,,,Q2FydGEgRXNxdWVsZXRvIEFycXVlaXJvLg==,,QXJxdWVybyBDYXJ0YSBFc3F1ZWxldG8u
SgAwAg,,TWFyc2UgQ2FyZC4=,,,,,Q2FydGEgTWFydGUu,,VGFyamV0YSBNYXJzZS4=
SwAwAg,,WmVub3JjIENhcmQu,,,,,Q2FydGEgWmVub3JjLg==,,VGFyamV0YSBaZW5vcmMu
TAAwAg,,TWF0eXIgQ2FyZC4=,,,,,Q2FydGEgTWF0eXIu,,VGFyamV0YSBNYXR5ci4=
TQAwAg,,RG9rZWJpIENhcmQu,,,,,Q2FydGEgRG9rZWJpLg==,,VGFyamV0YSBEb2tlYmku
TgAwAg,,UGFzYW5hIENhcmQu,,,,,Q2FydGEgUGFzYW5hLg==,,VGFyamV0YSBQYXNhbmEu
TwAwAg,,U29oZWUgQ2FyZC4=,,,,,Q2FydGEgU29oZWUu,,VGFyamV0YSBTb2hlZS4=
UAAwAg,,U2FuZG1hbiBDYXJkLg==,,,,,Q2FydGEgQXJlbm9zby4=,,U2FuZG1hbiBDYXJkLg==
UQAwAg,,V2hpc3BlciBDYXJkLg==,,,,,Q2FydGEgU3VzdXJyby4=,,VGFyamV0YSBXaGlzcGVyLg==
UgAwAg,,SG9yb25nIENhcmQu,,,,,Q2FydGEgSG9yb25nLg==,,VGFyamV0YSBIb3Jvbmcu
UwAwAg,,UmVxdWllbSBDYXJkLg==,,,,,Q2FydGEgUsOpcXVpZW0u,,VGFyamV0YSBSw6lxdWllbS4=
VAAwAg,,TWFyYyBDYXJkLg==,,,,,Q2FydGEgQmFnYcOnby4=,,VGFyamV0YSBNYXJjLg==
VQAwAg,,TXVtbXkgQ2FyZC4=,,,,,Q2FydGEgTcO6bWlhLg==,,VGFyamV0YSBNYW3DoS4=
VgAwAg,,VmVyaXQgQ2FyZC4=,,,,,Q2FydGEgVmVyaXQu,,VGFyamV0YSBWZXJpdC4=
VwAwAg,,TXlzdCBDYXJkLg==,,,,,Q2FydGEgTsOpdm9hLg==,,VGFyamV0YSBNeXN0Lg==
WAAwAg,,SmFrayBDYXJkLg==,,,,,Q2FydGEgSmFray4=,,VGFyamV0YSBKYWtrLg==
WQAwAg,,R2hvdWwgQ2FyZC4=,,,,,Q2FydGEgQ2FybmnDp2FsLg==,,VGFyamV0YSBHaG91bC4=
WgAwAg,,U3Ryb3VmIENhcmQu,,,,,Q2FydGEgU3Ryb3VmLg==,,VGFyamV0YSBTdHJvdWYu
WwAwAg,,TWFyZHVrIENhcmQu,,,,,Q2FydGEgTWFyZHVrLg==,,Q2FydGEgZGUgTWFyZHVrLg==
XAAwAg,,TWFyaW9uZXR0ZSBDYXJkLg==,,,,,Q2FydGEgTWFyaW9uZXRlLg==,,VGFyamV0YSBNYXJpb25ldGEu
XQAwAg,,QXJnaW9wZSBDYXJkLg==,,,,,Q2FydGEgQXJnaW9wZS4=,,VGFyamV0YSBBcmdpb3BlLg==
XgAwAg,,SHVudGVyIEZseSBDYXJkLg==,,,,,TW9zY2EgQ2HDp2Fkb3JhLg==,,SHVudGVyIEZseSBDYXJkLg==
XwAwAg,,SXNpcyBDYXJkLg==,,,,,Q2FydGEgw41zaXMu,,VGFyamV0YSBJc2lzLg==
YAAwAg,,U2lkZXdpbmRlciBDYXJkLg==,,,,,Q2FydGEgU29ycmF0ZWlyby4=,,VGFyamV0YSBTaWRld2luZGVyLg==
YQAwAg,,RWFydGggUGV0aXRlIENhcmQu,,,,,Q2FydGEgUGV0aXRlIGRhIFRlcnJhLg==,,VGFyamV0YSBFYXJ0aCBQZXRpdGUu
YgAwAg,,QmF0aG9yeSBDYXJkLg==,,,,,Q2FydGEgQmF0aG9yeS4=,,VGFyamV0YSBCYXRob3J5Lg==
YwAwAg,,U2t5IFBldGl0ZSBDYXJkLg==,,,,,Q2FydGEgUGV0aXRlIFZvYWRvci4=,,VGFyamV0YSBTa3kgUGV0aXRlLg==
ZAAwAg,,RGV2aXJ1Y2hpIENhcmQu,,,,,Q2FydGEgRGV2aXJ1Y2hpLg==,,VGFyamV0YSBEZXZpcnVjaGku
ZQAwAg,,TWVkdXNhIENhcmQu,,,,,Q2FydGEgTWVkdXNhLg==,,TWVkdXNhIENhcmQu
ZgAwAg,,RGV2aWFjZSBDYXJkLg==,,,,,Q2FydGEgRGV2aWFjZS4=,,VGFyamV0YSBEZXZpYWNlLg==
ZwAwAg,,TWlub3JvdXMgQ2FyZC4=,,,,,Q2FydGEgTWlub3JvdXMu,,VGFyamV0YSBNZW5vci4=
aAAwAg,,TmlnaHRtYXJlIENhcmQu,,,,,Q2FydGEgUGVzYWRlbG8u,,VGFyamV0YSBkZSBwZXNhZGlsbGEu
aQAwAg,,QmFwaG8gSnIuIENhcmQu,,,,,Q2FydGEgQmFmb23DqSBKci4=,,VGFyamV0YSBCYXBobyBKci4=
agAwAg,,UmF5ZHJpYyBDYXJkLg==,,,,,Q2FydGEgUmF5ZHJpYy4=,,UmF5ZHJpYyBDYXJkLg==
awAwAg,,S2hhbGl0emJ1cmcgQ2FyZC4=,,,,,Q2FydGEgS2hhbGl0emJ1cmcu,,VGFyamV0YSBLaGFsaXR6YnVyZy4=
bAAwAg,,Sm9rZXIgQ2FyZC4=,,,,,Q2FydGEgQ29yaW5nYS4=,,Q2FydGEgSm9rZXIu
bQAwAg,,QWJ5c21hbCBLbmlnaHQgQ2FyZC4=,,,,,Q2FydGEgQ2F2YWxlaXJvIGRvIEFiaXNtby4=,,Q2FydGEgZGVsIENhYmFsbGVybyBBYmlzbWFsLg==
bgAwAg,,RXZpbCBEcnVpZCBDYXJkLg==,,,,,Q2FydGEgRHJ1aWRhIE1hbGlnbm8u,,Q2FydGEgZGVsIERydWlkYSBNYWx2YWRvLg==
bwAwAg,,U2FudGEgUG9yaW5nIENhcmQu,,,,,Q2FydGEgUG9yaW5nIE5vZWwu,,U2FudGEgUG9yaW5nIENhcmQu
cAAwAg,,W0VucmljbyBLYWlsaV0KUGxlYXNlIGFjY2VwdCB0aGlzIGFzIG15IHdheSBvZiB0aGFua2luZyB5b3UgZm9yIGFzc2lzdGluZyBtZSBpbiBteSByZXNlYXJjaC4=,,,,,UG9yIGZhdm9yLCBhY2VpdGUgaXNzbyBlbSBhZ3JhZGVjaW1lbnRvIMOgIHN1YSBhanVkYSBlbSBtaW5oYSBwZXNxdWlzYS4=,,W0VucmljbyBLYWlsaV0KUG9yIGZhdm9yLCBhY2VwdGUgZXN0byBjb21vIG1pIGZvcm1hIGRlIGFncmFkZWNlcmxlIHN1IGF5dWRhIGVuIG1pIGludmVzdGlnYWNpw7NuLg==
cQAwAg,,W0VucmljbyBLYWlsaV0KSWYgdGhlIG9wcG9ydHVuaXR5IGFyaXNlcywgSSB3b3VsZCBsaWtlIHRvIGFzayB5b3UgZm9yIHlvdXIgaGVscCBvbmNlIGFnYWluLiBUYWtlIGNhcmUu,,,,,W0VucmljbyBLYWlsaV0KU2Ugc3VyZ2lyIGEgb3BvcnR1bmlkYWRlLCBnb3N0YXJpYSBkZSBwb2RlciBwZWRpciBhIHN1YSBhanVkYSBub3ZhbWVudGUuIFBvciBmYXZvciwgY3VpZGUtc2Uu,,W0VucmljbyBLYWlsaV0KU2kgc2UgcHJlc2VudGEgbGEgb3BvcnR1bmlkYWQsIG1lIGd1c3RhcsOtYSBwZWRpcmxlIHN1IGF5dWRhIHVuYSB2ZXogbcOhcy4gQ3XDrWRlc2Uu
cgAwAg,,VGhlIFRoaXJkIFNlYWwgb2YgW0JyaXNpbmdhbWVuXSBoYXMgYXBwZWFyZWQu,,,,,QSBxdWVzdCBkbyB0ZXJjZWlybyBzZWxvLCBbQnJpc2luZ2FtZW5dLCBmb2kgbGliZXJhZGEu,,RWwgVGVyY2VyIFNlbGxvIGRlIFtCcmlzaW5nYW1lbl0gaGEgYXBhcmVjaWRvLg==
cwAwAg,,Rm91ciBTZWFscyBoYXZlIGJlZW4gcmVsZWFzZWQgd2l0aCB0aGUgYXBwZWFyYW5jZSBvZiB0aGUgU2VhbCBvZiBbQnJpc2luZ2FtZW5d,,,,,TyBzZWxvIFtCcmlzaW5nYW1lbl0gZXN0w6EgcHJlc3RlcyBhIHNlIGFicmlyLg==,,U2UgaGFuIGxpYmVyYWRvIGN1YXRybyBTZWxsb3MgY29uIGxhIGFwYXJpY2nDs24gZGVsIFNlbGxvIGRlIFtCcmlzaW5nYW1lbl0=
dAAwAg,,VGhlIFNlYWwgb2YgW0JyaXNpbmdhbWVuXSBoYXMgYmVlbiByZWxlYXNlZC4=,,,,,TyBzZWxvIFtCcmlzaW5nYW1lbl0gZm9pIGludGVpcmFtZW50ZSBhYmVydG8u,,RWwgU2VsbG8gZGUgW0JyaXNpbmdhbWVuXSBoYSBzaWRvIGxpYmVyYWRvLg==
dQAwAg,,W0VucmljbyBLYWlsaV0KV2h5IGFyZSB5b3Ugc3RpbGwgaGVyZT8KSSBhc2tlZCB5b3UgdG8gZ28gZmluZCBoaW0uCkkgY2FuJ3Qgd2FpdCBmb3JldmVyLg==,,,,,W0VucmljbyBLYWlsaV0KUG9yIHF1ZSB2b2PDqiBhaW5kYSBlc3TDoSBhcXVpPwpFdSBwZWRpIHBhcmEgdm9jw6ogaXIgZW5jb250csOhLWxvLgpBaCwgbWFsIHBvc3NvIGVzcGVyYXIuLi4=,,W0VucmljbyBLYWlsaV0Kwr9Qb3IgcXXDqSBzaWd1ZXMgYXF1w60/ClRlIHBlZMOtIHF1ZSBmdWVyYXMgYSBidXNjYXJsby4KTm8gcHVlZG8gZXNwZXJhciBwYXJhIHNpZW1wcmUu
dgAwAg,,W0VucmljbyBLYWlsaV0KSSBndWVzcyBpdCdzIHRydWUgdGhhdCB0aGUgZm91ciBoYXZlIGJlZW4gYXdha2VuZWQuIERvZXMgdGhpcyBtZWFuIHRoYXQgQnJpc2luZ2FtZW4gY2FuIG5vdyBiZSBjcmVhdGVkPw==,,,,,W0VucmljbyBLYWlsaV0KUGFyZWNlIHF1ZSDDqSB2ZXJkYWRlIHF1ZSBvcyBxdWF0cm8gYWNvcmRhcmFtLiBJc3NvIHF1ZXIgZGl6ZXIgcXVlIGFnb3JhIG8gQnJpc2luZ2FtZW4gcG9kZSBzZXIgY3JpYWRvPw==,,W0VucmljbyBLYWlsaV0KU3Vwb25nbyBxdWUgZXMgY2llcnRvIHF1ZSBsb3MgY3VhdHJvIGhhbiBzaWRvIGRlc3BlcnRhZG9zLiDCv1NpZ25pZmljYSBlc3RvIHF1ZSBhaG9yYSBzZSBwdWVkZSBjcmVhciBCcmlzaW5nYW1lbj8=
dwAwAg,,W0VucmljbyBLYWlsaV0KSWYgc3VjaCBhIHRoaW5nIGlzIHBvc3NpYmxlLCB3aGF0IGRvIHdlIG5lZWQgaW4gb3JkZXIgdG8gY3JlYXRlIGl0PyBMZXQncyByZXZpZXcgdGhlIGluZm9ybWF0aW9uIHlvdSd2ZSBnYXRoZXJlZC4=,,,,,W0VucmljbyBLYWlsaV0KU2UgdGFsIGNvaXNhIMOpIHBvc3PDrXZlbCwgZG8gcXVlIHByZWNpc2Ftb3MgcGFyYSBjcmnDoS1sbz8gVmFtb3MgcmV2ZXIgYXMgaW5mb3JtYcOnw7VlcyBxdWUgdm9jw6ogY29uc2VndWl1Li4u,,W0VucmljbyBLYWlsaV0KU2kgdGFsIGNvc2EgZXMgcG9zaWJsZSwgwr9xdcOpIG5lY2VzaXRhbW9zIHBhcmEgY3JlYXJsYT8gUmVwYXNlbW9zIGxhIGluZm9ybWFjacOzbiBxdWUgaGFzIHJldW5pZG8u
eAAwAg,,W0VucmljbyBLYWlsaV0KVGhlcmUncyBGcmV5YSdzIFRlYXIgRHJvcCBDcnlzdGFsLCBGcmV5YSdzIEpld2VsLCB0aGUgTmV2ZXItTWVsdGluZyBTbm93IENyeXN0YWwgZm91bmQgd2hlcmUgQWxmcmlrIHVzZWQgdG8gc3RheS4=,,,,,W0VucmljbyBLYWlsaV0KVGVtb3MgbyBDcmlzdGFsIGRhIEzDoWdyaW1hIGRlIEZyZXlhLCBhIErDs2lhIGRlIEZyZXlhLCBvIENyaXN0YWwgZGUgTmV2ZSBRdWUgTsOjbyBEZXJyZXRlLCBlbmNvbnRyYWRvIG9uZGUgQWxmcmlrIGNvc3R1bWF2YSBmaWNhci4uLg==,,W0VucmljbyBLYWlsaV0KRXN0w6EgZWwgQ3Jpc3RhbCBkZSBsYSBHb3RhIGRlIEzDoWdyaW1hIGRlIEZyZXlhLCBsYSBKb3lhIGRlIEZyZXlhLCBlbCBDcmlzdGFsIGRlIE5pZXZlIHF1ZSBOdW5jYSBzZSBEZXJyaXRlIGVuY29udHJhZG8gZG9uZGUgQWxmcmlrIHNvbMOtYSBxdWVkYXJzZS4=
eQAwAg,,W0VucmljbyBLYWlsaV0KVGhlIERyaWZ0aW5nIEFpciBmcm9tIHRoZSBwYXRoIHdoZXJlIER2YWxpbiBzbGVwdC4=,,,,,W0VucmljbyBLYWlsaV0KTyBWZW50byBJbmNvbnN0YW50ZSBkbyBjYW1pbmhvIG9uZGUgRHZhbGluIGRvcm1pdS4gSG1tLg==,,W0VucmljbyBLYWlsaV0KRWwgYWlyZSBhIGxhIGRlcml2YSBkZWwgY2FtaW5vIGRvbmRlIGRvcm3DrWEgRHZhbGluLg==
egAwAg,,W0VucmljbyBLYWlsaV0KUGVyaGFwcyB3ZSBtaWdodCBmaW5kIHNvbWV0aGluZyBpbiB0aGUgcG9uZCBvZiBGcmV5YSdzIEdvbGQgVGVhcnMgd2hlcmUgQmVybGluZyBpcyBzbGVlcGluZywgYnV0IEknbSB1bnN1cmUu,,,,,W0VucmljbyBLYWlsaV0KVGFsdmV6IHBvc3NhbW9zIGVuY29udHJhciBhbGdvIGRhIExhZ29hIGRhcyBMw6FncmltYXMgRG91cmFkYXMgZGUgRnJleWphLCBvbmRlIEJlcmxpbmcgZXN0w6EgZG9ybWluZG8sIG1hcyBuw6NvIHRlbmhvIGNlcnRlemEu,,W0VucmljbyBLYWlsaV0KUXVpesOhIGVuY29udHJlbW9zIGFsZ28gZW4gZWwgZXN0YW5xdWUgZGUgbGFzIEzDoWdyaW1hcyBkZSBPcm8gZGUgRnJleWEgZG9uZGUgZHVlcm1lIEJlcmxpbmcsIHBlcm8gbm8gZXN0b3kgc2VndXJvLg==
ewAwAg,,W0VucmljbyBLYWlsaV0KSSBhc3N1bWUgdGhhdCB0aGUgc3BsZW5kaWQgU2lsdmVyIE9ybmFtZW50IGNvbnN0cnVjdGVkIGJ5IEdoZXIgaXMgYWxzbyBuZWVkZWQgdG8gY3JlYXRlIEJyaXNpbmdhbWVuLg==,,,,,W0VucmljbyBLYWlsaV0KU3Vwb25obyB0YW1iw6ltIHF1ZSBvIGVzcGzDqm5kaWRvIE9ybmFtZW50byBkZSBQcmF0YSBjb25zdHJ1w61kbyBwb3IgR2hlciB0YW1iw6ltIHNlamEgbmVjZXNzw6FyaW8gcGFyYSBjcmlhciBvIEJyaXNpbmdhbWVuLg==,,W0VucmljbyBLYWlsaV0KU3Vwb25nbyBxdWUgZWwgZXNwbMOpbmRpZG8gT3JuYW1lbnRvIGRlIFBsYXRhIGNvbnN0cnVpZG8gcG9yIEdoZXIgdGFtYmnDqW4gZXMgbmVjZXNhcmlvIHBhcmEgY3JlYXIgQnJpc2luZ2FtZW4u
fAAwAg,,W0VucmljbyBLYWlsaV0KU28sIHdoYXQKZG8geW91IHRoaW5rPw==,,,,,W0VucmljbyBLYWlsaV0KRW50w6NvLCBvIHF1ZQp2b2PDqiBhY2hhPw==,,W0VucmljbyBLYWlsaV0KRW50b25jZXMsIMK/cXXDqQpwaWVuc2FzPw==
fQAwAg,,SSdtIG5vdCBzdXJlLi4u,,,,,TsOjbyB0ZW5obyBjZXJ0ZXphLi4u,,Tm8gZXN0b3kgc2VndXJvLi4u
fgAwAg,,SSBzdXBwb3NlIHlvdSdyZSByaWdodC4=,,,,,QWNobyBxdWUgdm9jw6ogdGVtIHJhesOjby4=,,U3Vwb25nbyBxdWUgdGllbmVzIHJhesOzbi4=
fwAwAg,,W3swfV0KSS4uLgpNYXliZSBBbGZyaWsgd291bGQga25vdywgYnV0Li4u,,,,,W3swfV0KRXUuLi4KUXVlcm8gZGl6ZXIsIHRhbHZleiBBbGZyaWsgc2FpYmEsIG1hcy0t,,W3swfV0KSS4uLgpUYWwgdmV6IEFsZnJpayBsbyBzYWJyw61hLCBwZXJvLi4u
gAAwAg,,W0VucmljbyBLYWlsaV0KT2YgY291cnNlIQpUaGF0J3MgYSBncmVhdCBpZGVhISBJJ2xsIHdhaXQgaGVyZSB3aGlsZSB5b3UgZ28gYXNrIEFsZnJpay4gWW91J3JlIG15IG9ubHkgaG9wZSBvZiBjb21wbGV0aW5nIG15IHJlc2VhcmNoIQ==,,,,,W0VucmljbyBLYWlsaV0Kw4kgY2xhcm8hClF1ZSBncmFuZGUgaWTDqWlhISBWb3UgZXNwZXJhciBhcXVpIGVucXVhbnRvIHZvY8OqIHZhaSBwZXJndW50YXIgYSBBbGZyaWsuIFZvY8OqIMOpIGEgbWluaGEgw7puaWNhIGVzcGVyYW7Dp2EgcGFyYSB0ZXJtaW5hciBlc3RhIHBlc3F1aXNhIQ==,,W0VucmljbyBLYWlsaV0KwqFDbGFybyEKwqFFcyB1bmEgZ3JhbiBpZGVhISBFc3BlcmFyw6kgYXF1w60gbWllbnRyYXMgdmFzIGEgcHJlZ3VudGFybGUgYSBBbGZyaWsuIMKhRXJlcyBtaSDDum5pY2EgZXNwZXJhbnphIGRlIGNvbXBsZXRhciBtaSBpbnZlc3RpZ2FjacOzbiE=
gQAwAg,,W3swfV0KKF4zMzMzMzNJIHNob3VsZG4ndCBoYXZlIHNhaWQgYW55dGhpbmcuLi5eMDAwMDAwKQ==,,,,,W3swfV0KKF4zMzMzMzNQcmEgcXXDqiBmdWkgYWJyaXIgbWluaGEgYm9jYT8hPy4uLl4wMDAwMDAp,,W3swfV0KKF4zMzMzMzNObyBkZWJlcsOtYSBoYWJlciBkaWNobyBuYWRhLi4uXjAwMDAwMCk=
ggAwAg,,W0VucmljbyBLYWlsaV0KV2hhdCBhcmUgeW91CndhaXRpbmcgZm9yPyBQbGVhc2UKY29tZSBiYWNrIGFzIHNvb24gYXMKcG9zc2libGUu,,,,,W0VucmljbyBLYWlsaV0KQmVtLCBvIHF1ZQplc3TDoSBlc3BlcmFuZG8/IFBvciBmYXZvciwKdm9sdGUgbyBtYWlzIHLDoXBpZG8KcG9zc8OtdmVsLg==,,W0VucmljbyBLYWlsaV0Kwr9RdcOpIGVzdMOhcwplc3BlcmFuZG8/IFBvciBmYXZvcgp2dWVsdmUgbG8gYW50ZXMKcG9zaWJsZS4=
gwAwAg,,W3swfV0KSSBzdXBwb3NlCnlvdSdyZSByaWdodC4=,,,,,W3swfV0KQWNobyBxdWUKdm9jw6ogdGVtIHJhesOjby4=,,W3swfV0KU3Vwb25nbwpxdWUgdGllbmVzIHJhesOzbi4=
hAAwAg,,W3swfV0KU3RpbGwsIHdobyBrbm93cyB3aGF0IGV4YWN0bHkgaXMgaW4gdGhlIFBvbmQgb2YgRnJleWEncyBHb2xkZW4gVGVhcnM/,,,,,W3swfV0KTWVzbW8gYXNzaW0sIHF1ZW0gw6kgcXVlIHZhaSBzYWJlciBvbmRlIGVzdMOhIGEgTGFnb2EgZGFzIEzDoWdyaW1hcyBEb3VyYWRhcyBkZSBGcmV5Lg==,,W3swfV0KQcO6biBhc8OtLCDCv3F1acOpbiBzYWJlIHF1w6kgaGF5IGV4YWN0YW1lbnRlIGVuIGVsIEVzdGFucXVlIGRlIGxhcyBMw6FncmltYXMgRG9yYWRhcyBkZSBGcmV5YT8=
hQAwAg,,W0VucmljbyBLYWlsaV0KWWVzIQpBaCEgUmlnaHQuClBlcmhhcHMgaXQgd291bGQgYmUgYmVzdCB0byBhc2sgQWxmcmlrIGZpcnN0Pw==,,,,,W0VucmljbyBLYWlsaV0KU2ltLgpBaCEgQ2VydG8uCkh1bSwgc2Vyw6EgcXVlIMOpIG1lbGhvciBwZXJndW50YXIgYSBBbGZyaWsgcHJpbWVpcm8/,,W0VucmljbyBLYWlsaV0KwqFTw60hCsKhQWghIEJpZW4uCsK/UXVpesOhcyBzZXLDrWEgbWVqb3IgcHJlZ3VudGFybGUgYSBBbGZyaWsgcHJpbWVybz8=
hgAwAg,,W0VucmljbyBLYWlsaV0KSHVycnkgYW5kIGZpbmQgaGltIQpJIHRoYW5rIHlvdQppbiBhZHZhbmNlLg==,,,,,W0VucmljbyBLYWlsaV0KQ29ycmEsIHbDoSBwcm9jdXLDoS1sbyEKRXUgbGhlIGFncmFkZcOnbwpkZXNkZSBqw6Eu,,W0VucmljbyBLYWlsaV0KwqFEYXRlIHByaXNhIHkgZW5jdcOpbnRyYWxvIQpTZSBsbyBhZ3JhZGV6Y28KZGUgYW50ZW1hbm8u
hwAwAg,,W0VucmljbyBLYWlsaV0KSSBndWVzcyBoZSBmaW5hbGx5IHNhbmcgZm9yIHlvdS4gV2h5IGRpZG4ndCB5b3Ugc3BlYWsgdG8gR3JlciwgdGhlIGR3YXJmPyBSaWdodCwgdGhlIG1pbmUgaXMgc3dhcm1pbmcgd2l0aCBtb25zdGVycy4=,,,,,W0VucmljbyBLYWlsaV0KRW50w6NvIGVsZSBmaW5hbG1lbnRlIGNhbnRvdSBwYXJhIHZvY8OqPyBBIHByb3DDs3NpdG8sIHBvciBxdWUgbsOjbyBmYWxvdSBjb20gR3JlciwgbyBBbsOjbz8gQWgsIMOpIG1lc21vLCBhIG1pbmEgw6kgcG92b2FkYSBwb3IgbW9uc3Ryb3Mu,,W0VucmljbyBLYWlsaV0KU3Vwb25nbyBxdWUgYWwgZmluYWwgY2FudMOzIHBhcmEgdGkuIMK/UG9yIHF1w6kgbm8gaGFibGFzdGUgY29uIEdyZXIsIGVsIGVuYW5vPyBDaWVydG8sIGxhIG1pbmEgZXN0w6EgcGxhZ2FkYSBkZSBtb25zdHJ1b3Mu
iAAwAg,,W0VucmljbyBLYWlsaV0KSSBrbm93IGl0IHdvbid0IGJlIGVhc3ksIGJ1dCBwbGVhc2Ugc2VlayBoaW0gb3V0IGFuZCBnZXQgbW9yZSBpbmZvcm1hdGlvbi4KVGhhbmsgeW91IGluIGFkdmFuY2Uu,,,,,W0VucmljbyBLYWlsaV0KU2VpIHF1ZSBuw6NvIHNlcsOhIGbDoWNpbCwgbWFzLCBwb3IgZmF2b3IsIHByb2N1cmUtbyBlIGNvbnNpZ2EgbWFpcyBpbmZvcm1hw6fDtWVzLgpEZXNkZSBqw6EsIG11aXRvIG9icmlnYWRvLg==,,W0VucmljbyBLYWlsaV0KU8OpIHF1ZSBubyBzZXLDoSBmw6FjaWwsIHBlcm8gcG9yIGZhdm9yLCBiw7pzcXVlbmxvIHkgY29uc2lnYW4gbcOhcyBpbmZvcm1hY2nDs24uCkdyYWNpYXMgZGUgYW50ZW1hbm8u
iQAwAg,,W0VucmljbyBLYWlsaV0KSG1tLi4uCkRpZCB5b3UgZm9yZ2V0IHRoZSB3b3JkcyB0byB0aGUgc29uZz8gSSBkaWRuJ3Qgd3JpdGUgdGhlbSBkb3duLiBJIGd1ZXNzIHRoZXJlJ3Mgb25seSBvbmUgdGhpbmcgeW91IGNhbiBkby4=,,,,,W0VucmljbyBLYWlsaV0KSG0uLi4/ClZvY8OqIGVzcXVlY2V1IG9zIHZlcnNvcyBkYSBjYW7Dp8Ojbz8gQmVtLCBldSB0YW1iw6ltIG7Do28gb3MgYW5vdGVpLiBIYWhhaGFoYSEgQWNobyBxdWUgc8OzIGjDoSB1bWEgY29pc2EgcXVlIHZvY8OqIHBvZGUgZmF6ZXIuLi4=,,W0VucmljbyBLYWlsaV0KSG1tLi4uCsK/T2x2aWRhc3RlIGxhIGxldHJhIGRlIGxhIGNhbmNpw7NuPyBObyBsYSBlc2NyaWLDrS4gU3Vwb25nbyBxdWUgc8OzbG8gcHVlZGVzIGhhY2VyIHVuYSBjb3NhLg==
igAwAg,,W0VucmljbyBLYWlsaV0KWW91J3ZlIGdvdCB0byBnbyBiYWNrIHRvIEJlcmxpbmcgYW5kIGFzayBoaW0gZm9yIHRoZSBseXJpY3MgYWdhaW4uIEdvb2QgbHVjaywgYW5kIGRvbid0IGZvcmdldCB0byBtZW1vcml6ZSB0aGVtIHRoaXMgdGltZS4=,,,,,W0VucmljbyBLYWlsaV0KVm9jw6ogdGVtIGRlIHZvbHRhciBhIEJlcmxpbmcgZSBwZXJndW50YXIgcGVsb3MgdmVyc29zIG5vdmFtZW50ZS4gQm9hIHNvcnRlLCBlIG7Do28gc2UgZXNxdWXDp2EgZGUgZGVjb3LDoS1sb3MgZGVzdGEgdmV6Lg==,,W0VucmljbyBLYWlsaV0KVGllbmVzIHF1ZSB2b2x2ZXIgYSBCZXJsaW5nIHkgcGVkaXJsZSBsYSBsZXRyYSBvdHJhIHZlei4gQnVlbmEgc3VlcnRlLCB5IG5vIG9sdmlkZXMgbWVtb3JpemFybGFzIGVzdGEgdmV6Lg==
iwAwAg,,W0VucmljbyBLYWlsaV0KSXQgbG9va3MgbGlrZSB5b3Ugd2VyZSBhYmxlIHRvIGFuc3dlciB0aGF0IHJpZGRsZS4gR29vZCB3b3JrIQ==,,,,,W0VucmljbyBLYWlsaV0KUGFyZWNlIHF1ZSB2b2PDqiBjb25zZWd1aXUgcmVzcG9uZGVyIGFvIGVuaWdtYS4gQm9tIHRyYWJhbGhvIQ==,,W0VucmljbyBLYWlsaV0KUGFyZWNlIHF1ZSBoYXMgcG9kaWRvIHJlc3BvbmRlciBhbCBhY2VydGlqby4gwqFCdWVuIHRyYWJham8h
jAAwAg,,W0VucmljbyBLYWlsaV0KVGhhdCBzdHJhbmdlLCB1bmVhcnRobHkgZmVlbGluZy4gWW91J3ZlIGJyb3VnaHQgRnJleWEncyBUZWFyIERyb3BzISBUaGF0IG1lYW5zIEdyZXIgbXVzdCBoYXZlIGF3YWtlbmVkIGJ5IG5vdy4=,,,,,W0VucmljbyBLYWlsaV0KRXNzYSBlc3RyYW5oYSBlIGVzcGVjdHJhbCBzZW5zYcOnw6NvIGRlIHVtaWRhZGUuLi4gQWgsIHZvY8OqIHRyb3V4ZSBhcyBMw6FncmltYXMgZGUgRnJleWEhIElzc28gcXVlciBkaXplciBxdWUgR3JlciBkZXZlIHRlciBhY29yZGFkby4=,,W0VucmljbyBLYWlsaV0KRXNhIGV4dHJhw7FhIHNlbnNhY2nDs24gc29icmVuYXR1cmFsLiDCoUhhcyB0cmHDrWRvIGxhcyBnb3RhcyBkZSBsw6FncmltYXMgZGUgRnJleWEhIEVzbyBzaWduaWZpY2EgcXVlIEdyZXIgeWEgZGViZSBoYWJlciBkZXNwZXJ0YWRvLg==
jQAwAg,,W0VucmljbyBLYWlsaV0KSSBzdXBwb3NlIHlvdXIgbmV4dCBjb3Vyc2Ugb2YgYWN0aW9uIHdvdWxkIGJlIHRvIGVudGVyIHRoZSBtaW5lLiBJJ20gc29ycnkgZm9yIHRoZSB0cm91YmxlLiBJIGdyb3cgbW9yZSBleGNpdGVkIHdpdGggZWFjaCBuZXcgdGhpbmcgd2UgbGVhcm4u,,,,,W0VucmljbyBLYWlsaV0KU3Vwb25obyBxdWUgbyBzZXUgcHLDs3hpbW8gcGFzc28gZGV2YSBzZXIgZW50cmFyIG5hIG1pbmEuIERlc2N1bHBlIHBvciBjYXVzYXItbGhlIHByb2JsZW1hcywgbWFzIGZpY28gbWFpcyBlbXBvbGdhZG8gY29tIGNhZGEgY29pc2Egbm92YSBxdWUgZGVzY29icmltb3Mu,,W0VucmljbyBLYWlsaV0KU3Vwb25nbyBxdWUgc3UgcHLDs3hpbW8gY3Vyc28gZGUgYWNjacOzbiBzZXLDrWEgZW50cmFyIGVuIGxhIG1pbmEuIFNpZW50byBsYXMgbW9sZXN0aWFzLiBNZSBlbW9jaW9ubyBtw6FzIGNvbiBjYWRhIGNvc2EgbnVldmEgcXVlIGFwcmVuZGVtb3Mu
jgAwAg,,W0VucmljbyBLYWlsaV0KSXQncyBvbmx5IHdpdGggeW91ciBoZWxwIHRoYXQgSSd2ZSBiZWVuIGFibGUgdG8gbWFrZSBzbyBtdWNoIHByb2dyZXNzIG9uIG15IHJlc2VhcmNoLiBBbnl3YXksIEkgc2hhbGwgc2hhcmUgbXkgY29uY2x1c2lvbnMgd2l0aCB5b3UgbGF0ZXIu,,,,,W0VucmljbyBLYWlsaV0KRm9pIHNvbWVudGUgY29tIGEgc3VhIGFqdWRhIHF1ZSBjb25zZWd1aSB0ZXIgdGFudG8gYXZhbsOnbyBlbSBtaW5oYSBwZXNxdWlzYS4gRGUgcXVhbHF1ZXIgZm9ybWEsIGRldm8gbGhlIGNvbnRhciBtaW5oYXMgY29uY2x1c8O1ZXMgbWFpcyB0YXJkZS4=,,W0VucmljbyBLYWlsaV0KU8OzbG8gY29uIHR1IGF5dWRhIGhlIHBvZGlkbyBhdmFuemFyIHRhbnRvIGVuIG1pIGludmVzdGlnYWNpw7NuLiBEZSB0b2RvcyBtb2RvcywgY29tcGFydGlyw6kgbWlzIGNvbmNsdXNpb25lcyBjb250aWdvIG3DoXMgdGFyZGUu
jwAwAg,,W0VucmljbyBLYWlsaV0KU28sIGFyZSB5b3UgaGVhZGluZyBmb3IgdGhlIG1pbmUgbm93PyBCZSBjYXJlZnVsIGFyb3VuZCB0aG9zZSBtb25zdGVycy4=,,,,,W0VucmljbyBLYWlsaV0KRW50w6NvLCBlc3TDoSBpbmRvIHBhcmEgYSBtaW5hIGFnb3JhPyBDdWlkYWRvIGNvbSBvcyBtb25zdHJvcy4=,,W0VucmljbyBLYWlsaV0KRW50b25jZXMsIMK/dGUgZGlyaWdlcyBhIGxhIG1pbmEgYWhvcmE/IFRlbiBjdWlkYWRvIGNvbiBlc29zIG1vbnN0cnVvcy4=
kAAwAg,,W0VucmljbyBLYWlsaV0KT2ghIEkgaGF2ZSBub3Qgd2FpdGVkIGluIHZhaW4uCkkgZ3Vlc3MgRHZhbGluIHdhcyB0YWxraW5nIGFib3V0IHRoZSBlbmRsZXNzIHdhciBpbiB0aGUgcmlkZGxlLg==,,,,,W0VucmljbyBLYWlsaV0KT2guLi4gZXUgbsOjbyBlc3BlcmVpIGVtIHbDo28uCkFjaG8gcXVlIER2YWxpbiwgY29tIG8gZW5pZ21hLCBxdWlzIGRpemVyIGEgZ3VlcnJhIHNlbSBmaW0u,,W0VucmljbyBLYWlsaV0KTm8gaGUgZXNwZXJhZG8gZW4gdmFuby4KU3Vwb25nbyBxdWUgRHZhbGluIGhhYmxhYmEgZGUgbGEgZ3VlcnJhIGludGVybWluYWJsZSBlbiBlbCBhY2VydGlqby4=
kQAwAg,,W0VucmljbyBLYWlsaV0KVGhlcmUgd2VyZSB0d28ga2luZ3MuIEVhY2gga2luZyBoYWQgMjAga25pZ2h0cy4KVGhvc2Uga25pZ2h0cyBmb3VnaHQgdG8gdGhlIGRlYXRoLiBUaGV5IHdlcmUgcmVnZW5lcmF0ZWQgdG8gZmlnaHQgYWdhaW4uClRoZXkgcmVwZWF0ZWQgdGhpcyBvdmVyIGFuZCBvdmVyLg==,,,,,W0VucmljbyBLYWlsaV0KSGF2aWEgZG9pcyByZWlzLiBDYWRhIHJlaSB0aW5oYSAyMCBjYXZhbGVpcm9zLgpFc3NlcyBjYXZhbGVpcm9zIGx1dGFyYW0gYXTDqSBtb3JyZXIgZSByZW5hc2NlcmFtIHBhcmEgdm9sdGFyIGEgbHV0YXIuCkVsZXMgcmVwZXRpcmFtIGVzc2EgZ3VlcnJhIHNlbSBmaW0gdsOhcmlhcyB2ZXplcy4=,,W0VucmljbyBLYWlsaV0KSGFiw61hIGRvcyByZXllcy4gQ2FkYSByZXkgdGVuw61hIDIwIGNhYmFsbGVyb3MuCkVzb3MgY2FiYWxsZXJvcyBsdWNoYXJvbiBoYXN0YSBsYSBtdWVydGUuIFNlIHJlZ2VuZXJhYmFuIHBhcmEgbHVjaGFyIGRlIG51ZXZvLgpSZXBldMOtYW4gZXN0byB1bmEgeSBvdHJhIHZlei4=
kgAwAg,,W0VucmljbyBLYWlsaV0KV2hlbiB0aGV5IHJlZ3JvdXBlZCBhbmQgZm91Z2h0IGFnYWluLAp0aGUgYmF0dGxlZmllbGQgd291bGQgZW5kIHVwIGxpdHRlcmVkIHdpdGggZGVhZCBib2RpZXMuClZhbGt5cmllIHNlbGVjdGVkIHRoZSBzdHJvbmdlc3QKYW1vbmcgdGhlIHdhcnJpb3JzIGluIFZhbGhhbGEgdG8gb3JnYW5pemUgdGhlIEVpbmhlcmphci4=,,,,,W0VucmljbyBLYWlsaV0KU2UgZWxlcyBzZSByZXVuaXNzZW0gZSBob3V2ZXNzZSBtYWlzIHVtYSBndWVycmEsCmhhdmVyaWEgbXVpdG9zIG1vcnRvcyBubyBjYW1wbyBkZSBiYXRhbGhhLgpBcyBWYWxxdcOtcmlhcyBlc2NvbGhlbSBvcyBtYWlzIGZvcnRlcwplbnRyZSBvcyBndWVycmVpcm9zIGRvIFZhbGhhbGEgcGFyYSBvcmdhbml6YXIgbyBFaW5oZXJqYXIu,,W0VucmljbyBLYWlsaV0KQ3VhbmRvIHNlIHJlYWdydXBhcm9uIHkgbHVjaGFyb24gZGUgbnVldm8sCmVsIGNhbXBvIGRlIGJhdGFsbGEgdGVybWluYXLDrWEgbGxlbm8gZGUgY2Fkw6F2ZXJlcy4KVmFscXVpcmlhIHNlbGVjY2lvbsOzIGEgbG9zIG3DoXMgZnVlcnRlcwplbnRyZSBsb3MgZ3VlcnJlcm9zIGRlIFZhbGhhbGEgcGFyYSBvcmdhbml6YXIgYSBsb3MgRWluaGVyamFyLg==
kwAwAg,,W0VucmljbyBLYWlsaV0KWWVzLCB0aGF0J3MgYW4gb2xkIHN0b3J5IHRoYXQgZXZlcnlvbmUga25vd3MuCkl0IHR1cm5lZCBvdXQgdG8gYmUgdHJ1ZS4KSW50ZXJlc3RpbmcuCkFueXdheS4uLg==,,,,,W0VucmljbyBLYWlsaV0KU2ltLCBlc3NhIMOpIHVtYSB2ZWxoYSBoaXN0w7NyaWEgcXVlIHRvZG9zIGNvbmhlY2VtLgouLi4uLi5lIGFjYWJvdSBzZSB0b3JuYW5kbyB2ZXJkYWRlLgpJbnRlcmVzc2FudGUuCkRlIHF1YWxxdWVyIGZvcm1hLi4u,,W0VucmljbyBLYWlsaV0KU8OtLCBlcyB1bmEgdmllamEgaGlzdG9yaWEgcXVlIHRvZG8gZWwgbXVuZG8gY29ub2NlLgpSZXN1bHTDsyBzZXIgY2llcnRhLgpJbnRlcmVzYW50ZS4KRGUgdG9kb3MgbW9kb3MuLi4=
lAAwAg,,W0VucmljbyBLYWlsaV0KSSBndWVzcyBpdCdzIHRpbWUgdG8gaW52ZXN0aWdhdGUgdGhlIHN0b3J5IGFib3V0IEJlcmxpbmcuClRoZXJlIGlzIGEgc3RyZWFtIHRoYXQgc3Byb3V0cyB0byB0aGUgbm9ydGh3ZXN0IG9mIFByb250ZXJhCmFuZCBwYXNzZXMgYSBtaW5lIG9uIE1vdW50IE1qb2xuaXIuCkkgYXNzdW1lIEJlcmxpbmcgbWlnaHQgaGF2ZSBtZWFudCB0aGF0IHBsYWNlLgpIb3dldmVyLCBhIHN0cmVhbSBkb2Vzbid0IHN0YXkgaW4gb25lIHBsYWNlLgpIZSBtYXkgbWVhbiBhIHB1ZGRsZSBpbnN0ZWFkIG9mIGEgc3RyZWFtLi4u,,,,,W0VucmljbyBLYWlsaV0KQWNobyBxdWUgw6kgaG9yYSBkZSBpbnZlc3RpZ2FyIGEgaGlzdMOzcmlhIGRlIEJlcmxpbmcuCkjDoSB1bSByaWFjaG8gcXVlIGNvcnJlIGRlc2RlIG8gbm9yb2VzdGUgZGUgUHJvbnRlcmEKZSBwYXNzYSBwb3IgdW1hIG1pbmEgbm8gTW9udGUgTWpvbG5pci4KU3Vwb25obyBxdWUgdGFsdmV6IHNlamEgZXNzZSBvIGx1Z2FyIHF1ZSBCZXJsaW5nIHF1aXMgZGl6ZXIuCk5vIGVudGFudG8sIHVtIHJpYWNobyBudW5jYSBmaWNhIGVtIHVtIHPDsyBsdWdhci4uLgplbGUgcG9kZSB0ZXIgcXVlcmlkbyBkaXplciB1bSBww6JudGFubyBlbSB2ZXogZGUgdW0gcmlhY2hvLi4u,,W0VucmljbyBLYWlsaV0KQ3JlbyBxdWUgZXMgaG9yYSBkZSBpbnZlc3RpZ2FyIGxhIGhpc3RvcmlhIHNvYnJlIEJlcmxpbmcuCkhheSB1biBhcnJveW8gcXVlIGJyb3RhIGFsIG5vcm9lc3RlIGRlIFByb250ZXJhCnkgcGFzYSBwb3IgdW5hIG1pbmEgZW4gZWwgTW9udGUgTWpvbG5pci4KU3Vwb25nbyBxdWUgQmVybGluZyBwb2Ryw61hIGhhYmVyc2UgcmVmZXJpZG8gYSBlc2UgbHVnYXIuClNpbiBlbWJhcmdvLCB1biBhcnJveW8gbm8gcGVybWFuZWNlIGVuIHVuIHNvbG8gbHVnYXIuClB1ZWRlIHF1ZSBzZSByZWZpcmllcmEgYSB1biBjaGFyY28gZW4gdmV6IGRlIGEgdW4gYXJyb3lvLi4u
lQAwAg,,W0VucmljbyBLYWlsaV0KSSdtIHNvIGNvbmZ1c2VkLgpJIHdvbmRlciB3aGF0IHRoZSByaWRkbGUgbWVhbnMgYXMgd2VsbC4uLgpBbnl3YXlzLCBjb21lIGJhY2sgYXMgc29vbiBhcyBwb3NzaWJsZSE=,,,,,W0VucmljbyBLYWlsaV0KRXN0b3UgdMOjbyBjb25mdXNvLgpRdWVyaWEgc2FiZXIgbyBxdWUgbyBlbmlnbWEgc2lnbmlmaWNhLi4uCkRlIHF1YWxxdWVyIGZvcm1hLCB2b2x0ZSBhc3NpbSBxdWUgZm9yIHBvc3PDrXZlbCE=,,W0VucmljbyBLYWlsaV0KRXN0b3kgdGFuIGNvbmZ1bmRpZG8uCllvIHRhbWJpw6luIG1lIHByZWd1bnRvIHF1w6kgc2lnbmlmaWNhIGVsIGFjZXJ0aWpvLi4uCkRlIHRvZG9zIG1vZG9zLCDCoXZ1ZWx2ZSBsbyBhbnRlcyBwb3NpYmxlIQ==
lgAwAg,,W0VucmljbyBLYWlsaV0KQXJlIHlvdSBzdXJlPyEKV2VyZSB0aGV5IHJlYWxseSBmb3IgRnJleWEncyBOZWNrbGFjZQpCcmlzaW5nYW1lbj8=,,,,,W0VucmljbyBLYWlsaV0KVGVtIGNlcnRlemE/IQpFcmFtIG1lc21vIHBhcmEgbyBjb2xhciBkZSBGcmV5YS4uLgpCcmlzaW5nYW1lbi4uLj8h,,W0VucmljbyBLYWlsaV0KwqHCv0VzdMOhcyBzZWd1cm8/IQrCv0VyYW4gcmVhbG1lbnRlIHBhcmEgZWwgY29sbGFyIGRlIEZyZXlhCkJyaXNpbmdhbWVuPw==
lwAwAg,,W0VucmljbyBLYWlsaV0KSWYgdGhlIGZvdXIgZHdhcnZlcyB3b2tlIHVwLAp3b3VsZCBCcmlzaW5nYW1lbiBhcHBlYXIgYmVmb3JlIHBlb3BsZSdzIGV5ZXM/CllvdS4uLiBHb2QgbXVzdCBoYXZlIHNlbnQgeW91IHRvIG1lIGZvciB0aGUgcmVzZWFyY2gu,,,,,W0VucmljbyBLYWlsaV0KU2Ugb3MgcXVhdHJvIGFuw7VlcyBhY29yZGFzc2VtLi4uCm8gQnJpc2luZ2FtZW4gc3VyZ2lyaWEgYW9zIG5vc3NvcyBvbGhvcz8hCkFoLi4uIHZvY8OqLi4uIERldXMgdGV2ZSB0ZXIgdGUgbWFuZGFkbyBwcmEgbWltLCBwcmEgZXN0YSBwZXNxdWlzYS4=,,W0VucmljbyBLYWlsaV0KU2kgbG9zIGN1YXRybyBlbmFub3MgZGVzcGVydGFyYW4sCsK/YXBhcmVjZXLDrWEgQnJpc2luZ2FtZW4gYW50ZSBsb3Mgb2pvcyBkZSBsYSBnZW50ZT8KVMO6Li4uIERpb3MgZGViZSBoYWJlcnRlIGVudmlhZG8gYSBtw60gcGFyYSBsYSBpbnZlc3RpZ2FjacOzbi4=
mAAwAg,,W0VucmljbyBLYWlsaV0KSSBjYW5ub3QgYmVsaWV2ZSB0aGF0IEkgbWlnaHQgYmUgYWJsZSB0byBleHBlcmllbmNlIHRoZSBwb3dlciBvZiBhIGdvZC4uLgpBaC4uLgpBbnl3YXkuLi4gdGhlIHBsYWNlIHdoZXJlIER2YWxpbiBpcyBzbGVlcGluZy4uLg==,,,,,W0VucmljbyBLYWlsaV0KLi4uTWFsIHBvc3NvIGFjcmVkaXRhciBxdWUgcG9zc2EgYXByZWNpYXIgbyBwb2RlciBkZSBEZXVzLi4uCkFoLi4uLi4uCi4uLi4uZGUgcXVhbHF1ZXIgZm9ybWEuLi4gbyBsb2NhbCBvbmRlIER2YWxpbiBlc3TDoSBkb3JtaW5kby4uLg==,,W0VucmljbyBLYWlsaV0KTm8gcHVlZG8gY3JlZXIgcXVlIHB1ZWRhIHNlciBjYXBheiBkZSBleHBlcmltZW50YXIgZWwgcG9kZXIgZGUgdW4gZGlvcy4uLgpBaC4uLgpEZSB0b2RvcyBtb2Rvcy4uLiBlbCBsdWdhciBkb25kZSBEdmFsaW4gZXN0w6EgZHVybWllbmRvLi4u
mQAwAg,,W0VucmljbyBLYWlsaV0KSXQgc2F5cyB0aGUgcGF0Y2ggaXMgaW4gdGhlIGVhc3QgZm9yZXN0LgpNYXliZSBpdCdzIG5lYXIgdGhlIG1vbmFzdGVyeS4uLgpJdCBpcyBqdXN0IGEgaHVuY2guIFdlIHdvbid0IGtub3cgdW50aWwgd2UgZ28gZmluZCBvdXQuLi4=,,,,,W0VucmljbyBLYWlsaV0KRGl6ZW0gcXVlIG8gbHVnYXIgZmljYSBuYSBmbG9yZXN0YSBkbyBsZXN0ZS4uLgouLi4uUHJlc3VtbyBxdWUgdGFsdmV6IHNlamEgcGVydG8gZG9zIHRlbXBsb3MgZG9zIG1vbmdlcy4uLgouLi4uLi5BaCwgw6kgc8OzIGEgbWluaGEgc3Vwb3Npw6fDo28uIE7Do28gdmFtb3Mgc2FiZXIgYXTDqSBkZXNjb2JyaXIuLi4=,,W0VucmljbyBLYWlsaV0KRGljZSBxdWUgZWwgcGFyY2hlIGVzdMOhIGVuIGVsIGJvc3F1ZSBkZWwgZXN0ZS4KVGFsIHZleiBlc3TDqSBjZXJjYSBkZWwgbW9uYXN0ZXJpby4uLgpFcyBzw7NsbyB1bmEgY29yYXpvbmFkYS4gTm8gbG8gc2FicmVtb3MgaGFzdGEgcXVlIHZheWFtb3MgYSBhdmVyaWd1YXJsby4uLg==
mgAwAg,,W0VucmljbyBLYWlsaV0KSSBob3BlIHlvdSBjYW4gaGVscCBtZS4KSSdtIHN0aWxsIG5vdCBzdXJlIHdoZXJlIHRoZSByZXNlYXJjaCB3aWxsIGxlYWQgdXMsIGJ1dApJIGtub3cgeW91IHdhbnQgdG8gZmluZCBvdXQgYXMgbXVjaCBhcyBJIGRvLgpIYWhhaGFoYWhhIQ==,,,,,W0VucmljbyBLYWlsaV0KRXNwZXJvIHF1ZSB2b2PDqiBwb3NzYSBtZSBhanVkYXIgbmlzc28uCkFpbmRhIG7Do28gdGVuaG8gY2VydGV6YSBwYXJhIG9uZGUgYSBwZXNxdWlzYSB2YWkgbm9zIGxldmFyLCBtYXMuLi4Kc2VpIHF1ZSB2b2PDqiBxdWVyIGRlc2NvYnJpciB0YW50byBxdWFudG8gZXUuCkhhaGFoYWhhCWhhLi4u,,W0VucmljbyBLYWlsaV0KRXNwZXJvIHF1ZSBwdWVkYXMgYXl1ZGFybWUuCkHDum4gbm8gZXN0b3kgc2VndXJvIGRlIGFkw7NuZGUgbm9zIGxsZXZhcsOhIGxhIGludmVzdGlnYWNpw7NuLCBwZXJvCnPDqSBxdWUgcXVpZXJlcyBhdmVyaWd1YXJsbyB0YW50byBjb21vIHlvLgrCoUphamFqYWphamEh
mwAwAg,,W0VucmljbyBLYWlsaV0KUGxlYXNlIGhlYWQgdG93YXJkIHRoZSBtb25hc3RlcnkgaW4gdGhlIGVhc3QuClRoZSBnb2RseSBwb3dlci4uLiBIb3cgY291bGQgaXQgYmUgcG9zc2Vzc2VkIGJ5IGEgaHVtYW4gYmVpbmc/CldoYXQgaWYgaXQgZGVzdHJveXMgdGhlIGh1bWFuIHdvcmxkPyBIYWhhaGFoYSE=,,,,,W0VucmljbyBLYWlsaV0KUG9yIGZhdm9yLCBkZWl4ZSBwYXJhIG9zIHZvdG9zIG1vbsOhc3RpY29zIGEgbGVzdGUuCk8gcG9kZXIgZGl2aW5vLi4uIGNvbW8gw6kgcXVlIHNlcmlhLCB1bSBzZXIgaHVtYW5vIHBvc3N1w60tbG8uLi4/IQpFIHNlIGlzc28gZGVzdHJ1aXIgbyBub3NzbyBtdW5kby4uLj8hIEhhaGFoYWhhLi4u,,W0VucmljbyBLYWlsaV0KUG9yIGZhdm9yLCBkaXLDrWphbnNlIGhhY2lhIGVsIG1vbmFzdGVyaW8gZW4gZWwgZXN0ZS4KRWwgcG9kZXIgZGl2aW5vLi4uIMK/Q8OzbW8gcG9kcsOtYSBzZXIgcG9zZcOtZG8gcG9yIHVuIHNlciBodW1hbm8/CsK/WSBzaSBkZXN0cnV5ZSBlbCBtdW5kbyBodW1hbm8/IMKhSmFqYWphamEh
nAAwAg,,W0VucmljbyBLYWlsaV0KV2hhdD8gV2hhdCBkaWQgeW91IGp1c3Qgc2F5PwpZb3UgbWV0IEFsZnJpaz8KT2ggbXkgZ29kLCB5b3UncmUgdGhlIGNob3NlbiBvbmUhCkkgY2Fubm90IGJlbGlldmUgdGhhdCB0aGUgbGVnZW5kYXJ5IEFsZnJpayBpcyBzdGlsbCBhbGl2ZSE=,,,,,W0VucmljbyBLYWlsaV0KTyBxdcOqPyBPIHF1ZSB2b2PDqiBkaXNzZT8hClZvY8OqIHNlIGVuY29udHJvdSBjb20gQWxmcmlrLi4uPwpPaCwgbWV1IERldXMsIHZvY8OqIMOpIG8gZXNjb2xoaWRvIQpNYWwgcG9zc28gYWNyZWRpdGFyIHF1ZSBvIGxlbmTDoXJpbyBBbGZyaWsgYWluZGEgZXN0ZWphIHZpdm8uLi4=,,W0VucmljbyBLYWlsaV0KW0VucmljbyBLYWlsaV0gwr9RdcOpPyDCv1F1w6kgYWNhYmFzIGRlIGRlY2lyPwrCv0Nvbm9jaXN0ZSBhIEFsZnJpaz8KwqFEaW9zIG3DrW8sIGVyZXMgZWwgZWxlZ2lkbyEKwqFObyBwdWVkbyBjcmVlciBxdWUgZWwgbGVnZW5kYXJpbyBBbGZyaWsgc2lnYSB2aXZvIQ==
nQAwAg,,W0VucmljbyBLYWlsaV0KQWxmcmlrIGlzIG9uZSBvZiB0aGUgZm91ciBkd2FydmVzCndobyBtYWRlIGEgc2hpbmluZyBuZWNrbGFjZSBmb3IgdGhlIGdvZGRlc3MgRnJleWEuCkR2YWxpbiBpcyBhbHNvIG9uZSBvZiB0aGVtLCBvZiBjb3Vyc2UuCk9oIG15IEdvZCEKSSBjYW5ub3QgYmVsaWV2ZSB3ZSdyZSB0YWxraW5nIGFib3V0IEJyaXNpbmdhbWVuIQ==,,,,,W0VucmljbyBLYWlsaV0KQWxmcmlrIMOpIHVtIGRvcyBxdWF0cm8gYW7DtWVzCnF1ZSBmaXplcmFtIHVtIGNvbGFyIGJyaWxoYW50ZSBwYXJhIGEgZGV1c2EgRnJleWEuCsOJIGNsYXJvLCBEdmFsaW4gdGFtYsOpbSDDqSB1bSBkZWxlcy4KT2gsIG1ldSBEZXVzLi4uCk7Do28gYWNyZWRpdG8gcXVlIGVzdGFtb3MgZmFsYW5kbyBkbyBCcmlzaW5nYW1lbi4uLg==,,W0VucmljbyBLYWlsaV0KQWxmcmlrIGVzIHVubyBkZSBsb3MgY3VhdHJvIGVuYW5vcwpxdWUgaGljaWVyb24gdW4gY29sbGFyIGJyaWxsYW50ZSBwYXJhIGxhIGRpb3NhIEZyZXlhLgpEdmFsaW4gdGFtYmnDqW4gZXMgdW5vIGRlIGVsbG9zLCBwb3Igc3VwdWVzdG8uCsKhRGlvcyBtw61vIQrCoU5vIHB1ZWRvIGNyZWVyIHF1ZSBlc3RlbW9zIGhhYmxhbmRvIGRlIEJyaXNpbmdhbWVuIQ==
ngAwAg,,W0VucmljbyBLYWlsaV0KTm93IEkgcmVhbGl6ZSB3aGF0IHdlIGhhdmUgYmVlbiBkb2luZy4KV2UgaGF2ZSBiZWVuIHNlYXJjaGluZyBmb3IgYW4gaXRlbSB3aXRoIHRoZSBwb3dlciBvZiBHb2QhCkR2YWxpbi4uLgpJIHdvbmRlciB3aGVyZSBoZSBpcyBzbGVlcGluZy4uLg==,,,,,W0VucmljbyBLYWlsaV0KQWdvcmEgcGVyY2ViaSBvIHF1ZSBlc3RhbW9zIGZhemVuZG8hCkVzdGFtb3MgcHJvY3VyYW5kbyBwb3IgdW0gaXRlbSBjb20gbyBwb2RlciBkZSBEZXVzIQouLi5EdmFsaW4uLi4KT25kZSBzZXLDoSBxdWUgZWxlIGVzdMOhIGRvcm1pbmRvLi4uPw==,,W0VucmljbyBLYWlsaV0KQWhvcmEgbWUgZG95IGN1ZW50YSBkZSBsbyBxdWUgaGVtb3MgZXN0YWRvIGhhY2llbmRvLgrCoUhlbW9zIGVzdGFkbyBidXNjYW5kbyB1biBvYmpldG8gY29uIGVsIHBvZGVyIGRlIERpb3MhCkR2YWxpbi4uLgpNZSBwcmVndW50byBkw7NuZGUgZXN0YXLDoSBkdXJtaWVuZG8uLi4=
nwAwAg,,W0VucmljbyBLYWlsaV0KQnkgdGhlIHdheSwKd2h5IGRpZG4ndCB5b3UgYXNrIEFsZnJpawppZiBoZSBrbm93cyB3aGVyZSBEdmFsaW4gc2xlZXBzPwpFcnJyLi4u,,,,,W0VucmljbyBLYWlsaV0KLi4uLmZhbGFuZG8gbmlzc28sCnBvciBxdWUgbsOjbyBwZXJndW50b3UgYSBBbGZyaWsKc2UgZWxlIHNhYmUgb25kZSBEdmFsaW4gZXN0w6EuLi4/CkJlbS4uLg==,,W0VucmljbyBLYWlsaV0KUG9yIGNpZXJ0bywKwr9wb3IgcXXDqSBubyBsZSBwcmVndW50YXN0ZSBhIEFsZnJpawpzaSBzYWJlIGTDs25kZSBkdWVybWUgRHZhbGluPwpFcnJyLi4u
oAAwAg,,W0VucmljbyBLYWlsaV0KSSBzdWdnZXN0IHlvdSBnbyBjaGVjayBMdXRpZS4KSSdtIHByZXR0eSBzdXJlIHlvdSB3aWxsIGZpbmQgYSB0cmFjZSBvZiB0aGUgZ29kZGVzcyBzb21ld2hlcmUuCllvdSBhbHNvIGFscmVhZHkgbWV0IFZhbGt5cmllLgpJIGhhdmUgbm8gZG91YnQgeW91IHdpbGwgZmluZCBhIHRyYWNlLgpBbmQuLi4=,,,,,W0VucmljbyBLYWlsaV0KU3VnaXJvIHF1ZSB2b2PDqiB2w6EgcHJvY3VyYXIgZW0gTHV0aWUuClRlbmhvIGNlcnRlemEgcXVlIHZvY8OqIHZhaSBlbmNvbnRyYXIgdW1hIHBpc3RhIGRhIGRldXNhIGVtIGFsZ3VtIGx1Z2FyLgpBbMOpbSBkbyBtYWlzLCB2b2PDqiBqw6EgZW5jb250cm91IFZhbHF1w61yaWEuCk7Do28gdGVuaG8gZMO6dmlkYXMgZGUgcXVlIHZvY8OqIHZhaSBlbmNvbnRyYXIgYSBwaXN0YS4KRS4uLg==,,W0VucmljbyBLYWlsaV0KVGUgc3VnaWVybyBxdWUgdmF5YXMgYSB2ZXIgYSBMdXRpZS4KRXN0b3kgc2VndXJvIGRlIHF1ZSBlbmNvbnRyYXLDoXMgdW4gcmFzdHJvIGRlIGxhIGRpb3NhIGVuIGFsZ3VuYSBwYXJ0ZS4KVGFtYmnDqW4geWEgY29ub2Npc3RlIGEgVmFscXVpcmlhLgpObyB0ZW5nbyBkdWRhcyBkZSBxdWUgZW5jb250cmFyw6FzIHVuIHJhc3Ryby4KWS4uLg==
oQAwAg,,W0VucmljbyBLYWlsaV0KSSd2ZSBiZWVuIHRoaW5raW5nIGFib3V0IHRoZXNlIHdvcmRzLi4uCl40RDRERkZUaGUgYmVhdXR5IG9mIHRoZSBzdGFycwp3YW5lcyBpbiBjb21wYXJpc29uLgpXZSBsb3N0IG91ciBoZWFydHMKdG8gdGhhdCBnb2xkZW4gaGFpcgphbmQgdGhvc2UgZGF6emxpbmcgZXllcy5eMDAwMDAw,,,,,W0VucmljbyBLYWlsaV0KRXN0aXZlIHBlbnNhbmRvIG5lc3NhcyBwYWxhdnJhcy4uLgpeNEQ0REZGIG5vcyBwYXNzb3MgcXVlIGxldmFtCsOgcXVlbGVzIGJlbG9zIGNhYmVsb3MKw6BxdWVsZXMgb2xob3MgZGVzbHVtYnJhbnRlcwpjb2xvY2Ftb3MgdG9kb3Mgb3Mgbm9zc29zIGNvcmHDp8O1ZXNeMDAwMDAw,,W0VucmljbyBLYWlsaV0KSGUgZXN0YWRvIHBlbnNhbmRvIGVuIGVzdGFzIHBhbGFicmFzLi4uCl40RDRERkZMYSBiZWxsZXphIGRlIGxhcyBlc3RyZWxsYXMKc2UgZGVzdmFuZWNlIGVuIGNvbXBhcmFjacOzbi4KUGVyZGltb3MgbnVlc3Ryb3MgY29yYXpvbmVzCnBvciBlc2UgY2FiZWxsbyBkb3JhZG8KeSBlc29zIG9qb3MgZGVzbHVtYnJhbnRlcy5eMDAwMDAw
ogAwAg,,W0VucmljbyBLYWlsaV0KSSBoYXZlIG5vIGlkZWEgd2hhdCB0aGF0IG1lYW5zLi4uCkkgc2VyaW91c2x5IHN0YXJ0ZWQgcXVlc3Rpb25pbmcgaWYgd2hhdCBJIGtub3cKY291bGQgYmUgZGlmZmVyZW50IGZyb20gdGhlIHRydXRoLgpBbnl3YXksIEknbSBnb2luZyB0byBmb2N1cyBvbiBzb21ldGhpbmcgZWxzZSBmb3Igbm93Lg==,,,,,W0VucmljbyBLYWlsaV0KTsOjbyB0ZW5obyBpZMOpaWEgZG8gcXVlIHF1ZXJlbSBkaXplci4uLgpDb21lY2VpIHNlcmlhbWVudGUgYSBkdXZpZGFyIHNlIG8gcXVlIGV1IHNlaQpuw6NvIGVzdMOhIGxvbmdlIGRhIHZlcmRhZGUuCkRlIHF1YWxxdWVyIGZvcm1hLCB2b3UgZXN0dWRhciBvdXRyYXMgY29pc2FzIHBvciBlbnF1YW50by4=,,W0VucmljbyBLYWlsaV0KTm8gdGVuZ28gbmkgaWRlYSBkZSBsbyBxdWUgZXNvIHNpZ25pZmljYS4uLgpFbXBlY8OpIGEgY3Vlc3Rpb25hcm1lIHNlcmlhbWVudGUgc2kgbG8gcXVlIHPDqQpwb2Ryw61hIHNlciBkaWZlcmVudGUgZGUgbGEgdmVyZGFkLgpEZSB0b2RvcyBtb2Rvcywgdm95IGEgY2VudHJhcm1lIGVuIG90cmEgY29zYSBwb3IgYWhvcmEu
owAwAg,,W0VucmljbyBLYWlsaV0KSSBjYW4gdGVsbCB5b3UgaGF2ZSBnb25lIHRocm91Z2ggbWFueSBoYXJkc2hpcHMuClBsZWFzZSBjb21lIHRoaXMgd2F5LgpTbywgd2hhdCBkaWQgeW91IGhlYXIgZnJvbSBIZXJtaXRlPw==,,,,,W0VucmljbyBLYWlsaV0KUG9zc28gdmVyIHF1ZSB2b2PDqiBwYXNzb3UgcG9yIG11aXRhcyBkaWZpY3VsZGFkZXMuClBvciBmYXZvciwgdmVuaGEgcG9yIGFxdWkuCkVudMOjbywgbyBxdWUgdm9jw6ogb3V2aXUgZG8gRXJtaXTDo28/,,W0VucmljbyBLYWlsaV0KUHVlZG8gZGVjaXIgcXVlIGhhcyBwYXNhZG8gcG9yIG11Y2hhcyBkaWZpY3VsdGFkZXMuClBvciBmYXZvciwgdmVuIHBvciBhcXXDrS4Kwr9RdcOpIGhhcyBvw61kbyBkZSBIZXJtaXRlPw==
pAAwAg,,IC0gWW91IHRlbGwgaGltIHdoYXQgeW91IGhlYXJkIGZyb20gSGVybWl0ZSAtCiAtIGFuZCBmcm9tIFZhbGt5cmllLiAt,,,,,IC0gVm9jw6ogY29udG91LWxoZSBvIHF1ZSBvdXZpdSBkbyBFcm1pdMOjbyAtCiAtIGUgZGEgVmFscXXDrXJpYS4gLQ==,,IC0gRGlsZSBsbyBxdWUgZXNjdWNoYXN0ZSBkZSBIZXJtaXRlLi4uCiAtIHkgZGUgVmFsa2lyaWEuIC0=
pQAwAg,,W0VucmljbyBLYWlsaV0KR3JlYXQhIEkgY2FuJ3QgYmVsaWV2ZSBpdCBhY3R1YWxseSBoYXBwZW5lZCEKSG1tLi4uIFNvIEkgZ3Vlc3MKaXQncyBwb3NzaWJsZSB0byBwb3NzZXNzIGdvZGx5IHBvd2VyIQ==,,,,,W0VucmljbyBLYWlsaV0Kw5N0aW1vISBOw6NvIGFjcmVkaXRvIHF1ZSBpc3NvIGFjb250ZWNldSBtZXNtbyEKLi4uLmh1bS4uLiBjb21vIGV1IHN1cHVuaGEuLi4Kw6kgcG9zc8OtdmVsIHBvc3N1aXIgbyBwb2RlciBkaXZpbm8uLi4=,,W0VucmljbyBLYWlsaV0KwqFHZW5pYWwhIMKhTm8gcHVlZG8gY3JlZXIgcXVlIGhheWEgc3VjZWRpZG8gZGUgdmVyZGFkIQpIbW0uLi4gQXPDrSBxdWUgc3Vwb25nbwrCoXF1ZSBlcyBwb3NpYmxlIHBvc2VlciB1biBwb2RlciBkaXZpbm8h
pgAwAg,,W0VucmljbyBLYWlsaV0KSXQgcmVzb25hdGVzIHdpdGggdGhlIHRoaW5nIHNlbnQgZnJvbSB0aGUgUm95YWwgQ291cnQKZm9yIHNvbWUgcmVhc29uLiBDb21lIGNsb3NlciBhbmQgbG9vayBhdCB0aGlzLg==,,,,,W0VucmljbyBLYWlsaV0KSXNzbyByZXNzb2EgY29tIHVtIGl0ZW0gZW52aWFkbyBwZWxhIGNvcnRlIHJlYWwKcG9yIGFsZ3VtYSByYXrDo28uIEFnb3JhLCBjaGVndWUgbWFpcyBwZXJ0byBlIHZlamEgaXNzby4=,,W0VucmljbyBLYWlsaV0KUmVzdWVuYSBjb24gbGEgY29zYSBlbnZpYWRhIGRlc2RlIGxhIENvcnRlIFJlYWwKcG9yIGFsZ3VuYSByYXrDs24uIEFjw6lyY2F0ZSB5IG1pcmEgZXN0by4=
pwAwAg,,LSBFbnJpY28gb3BlbnMgYSBsb2NrZWQgY2hlc3QgYW5kIC0KLSB0YWtlcyBvdXQgYSBqZXdlbCB0aGF0IGlzIGluY3JlZGlibHkgYmVhdXRpZnVsIHRvIGJlaG9sZC4gLQotIFRoZSBqZXdlbCBnbGl0dGVycyBsaWtlIHRoZSB0ZWFyIGRyb3Agb2YgYSBnb2RkZXNzLCBhbmQgLQotIGl0IHN0YXJ0cyByZWFjdGluZyB0byB0aGUgU25vdyBDcnlzdGFsIHRoZSBjbG9zZXIgaXQgZ2V0cy4gLQ==,,,,,LSBFbnJpY28gYWJyaXUgdW0gYmHDuiB0cmFuY2FkbyAtCi0gZSB0aXJvdSBkZWxlIHVtYSBqw7NpYSBib25pdGEgZGVtYWlzIHBhcmEgc2UgYWNyZWRpdGFyIHF1ZSBlbGEgZXhpc3RlLiAtCi0gQSBqw7NpYSwgYnJpbGhhbnRlIGNvbW8gYSBsw6FncmltYSBkZSB1bWEgZGV1c2EgLQotIGNvbWXDp291IGEgcmVzcG9uZGVyIGFvIENyaXN0YWwgZGUgTmV2ZSDDoCBtZWRpZGEgcXVlIHNlIGFwcm94aW1hdmFtLiAt,,LSBFbnJpY28gYWJyZSB1biBjb2ZyZSBjZXJyYWRvIHkuLi4KLSBzYWNhIHVuYSBqb3lhIHF1ZSBlcyBpbmNyZcOtYmxlbWVudGUgaGVybW9zYSBkZSBjb250ZW1wbGFyLiAtCi0gTGEgam95YSBicmlsbGEgY29tbyBsYSBsw6FncmltYSBkZSB1bmEgZGlvc2EsIHkuLi4KLSBjb21pZW56YSBhIHJlYWNjaW9uYXIgY29uIGVsIENyaXN0YWwgZGUgTmlldmUgbWllbnRyYXMgbcOhcyBzZSBhY2VyY2EuIC0=
qAAwAg,,W0VucmljbyBLYWlsaV0KSXNuJ3QgdGhhdCBhbWF6aW5nIT8KSWYgd2hhdCBWYWxreXJpZSBzYWlkIGlzIHRydWUsCnRoaXMgamV3ZWwgbXVzdCBiZSB0aGUgY3J5c3RhbCBvZiBGcmV5YSdzIHRlYXIgZHJvcC4KSG1tLi4uClBvd2VyIG9mIHRoZSBnb2RzLi4u,,,,,W0VucmljbyBLYWlsaV0KLi4uZW50w6NvPyBOw6NvIMOpIGluY3LDrXZlbD8KU2UgbyBxdWUgYSBWYWxxdcOtcmlhIGRpc3NlIGZvciB2ZXJkYWRlLAplc3NhIGrDs2lhIGRldmUgc2VyIG8gY3Jpc3RhbCBkZSB1bWEgbMOhZ3JpbWEgZGUgRnJleWEuCkhtbW1tLi4uLi4KTyBQb2RlciBkb3MgRGV1c2VzLi4u,,W0VucmljbyBLYWlsaV0Kwr9ObyBlcyBpbmNyZcOtYmxlPwpTaSBsbyBxdWUgZGlqbyBWYWxxdWlyaWEgZXMgY2llcnRvLAplc3RhIGpveWEgZGViZSBzZXIgZWwgY3Jpc3RhbCBkZSBsYSBsw6FncmltYSBkZSBGcmV5YS4KSG1tLi4uCkVsIHBvZGVyIGRlIGxvcyBkaW9zZXMuLi4=
qQAwAg,,W0VucmljbyBLYWlsaV0KSSBkb24ndCB1bmRlcnN0YW5kIHdoeSBhbGwgdGhlc2Ugc2lnbnMKaGF2ZSBhcHBlYXJlZCBpbiB0aGVzZSB0aW1lcy4uLgpBbnl3YXksIEkgYXBwcmVjaWF0ZSB5b3VyIGhlbHAuCkknbSBnb2luZyB0byB0aGluayBhYm91dCB0aGUgcG9lbQp0aGF0IHlvdSBoZWFyZCBmcm9tIFZhbGt5cmllLg==,,,,,W0VucmljbyBLYWlsaV0KTsOjbyBlbnRlbmRvIHBvciBxdWUgdG9kb3MgZXNzZXMKc2luYWlzIGFwYXJlY2VyYW0gbmVzdGEgw6lwb2NhLi4uCi4uLi5kZSBxdWFscXVlciBmb3JtYSwgYWdyYWRlw6dvIHBvciBtZSBhanVkYXIgYXTDqSBhZ29yYS4KVm91IHBlbnNhciBzb2JyZSBvIHBvZW1hCnF1ZSB2b2PDqiBvdXZpdSBkYSBWYWxxdcOtcmlhLg==,,W0VucmljbyBLYWlsaV0KTm8gZW50aWVuZG8gcG9yIHF1w6kgdG9kYXMgZXN0YXMgc2XDsWFsZXMKaGFuIGFwYXJlY2lkbyBlbiBlc3RvcyB0aWVtcG9zLi4uCkRlIHRvZG9zIG1vZG9zLCBhZ3JhZGV6Y28gdHUgYXl1ZGEuClZveSBhIHBlbnNhciBlbiBlbCBwb2VtYQpxdWUgZXNjdWNoYXN0ZSBkZSBWYWxraXJpYS4=
qgAwAg,,W0VucmljbyBLYWlsaV0KQSBjb2xkLCBzbm93eSBwYXRoLAp0aGUgYmx1ZSByaXZlciB0aGF0IHRoZSBnb2RkZXNzIHdhbGtlZCBhY3Jvc3MsCmEgbmFycm93IHBhdGgsIGFuZCBmb3VyIGR3YXJ2ZXMu,,,,,W0VucmljbyBLYWlsaV0KRWxlIGRpei4uLiB1bSBjYW1pbmhvIGZyaW8gZSBuZXZhZG8KbyByaW8gYXp1bCBxdWUgYSBkZXVzYSBhdHJhdmVzc291CnVtIGNhbWluaG8gZXN0cmVpdG8gZSBxdWF0cm8gYW7DtWVzLg==,,W0VucmljbyBLYWlsaV0KVW4gY2FtaW5vIGZyw61vIHkgbmV2YWRvLAplbCByw61vIGF6dWwgcXVlIGxhIGRpb3NhIGF0cmF2ZXPDsywKdW4gY2FtaW5vIGVzdHJlY2hvLCB5IGN1YXRybyBlbmFub3Mu
qwAwAg,,W0VucmljbyBLYWlsaV0KVGhlIGZvdXIgZHdhcnZlcyBtdXN0IG1lYW4gdGhlIGZvdXIgZHdhcnZlcyB3aG8gd2VyZSB3ZWxsIGtub3duIGZvciB0aGVpciBza2lsbC4KSSBjYW5ub3QgcGlucG9pbnQgd2hhdCB0aGUgcml2ZXIgYW5kIHRoZSBwYXRoIG1lYW4u,,,,,W0VucmljbyBLYWlsaV0KT3MgcXVhdHJvIGFuw7VlcyBkZXZlbSBzZXIgYXF1ZWxlcyBxdWUgZXJhbSBiZW0gY29uaGVjaWRvIHBvciBzdWEgaGFiaWxpZGFkZSBkZSBhcnTDrWZpY2VzLi4uIAouLi4uTsOjbyBjb25zaWdvIGRlc2NvYnJpciBvIHF1ZSBvIHJpbyBlIG9zIGNhbWluaG9zIHNpZ25pZmljYW0u,,W0VucmljbyBLYWlsaV0KTG9zIGN1YXRybyBlbmFub3MgZGViZW4gc2lnbmlmaWNhciBsb3MgY3VhdHJvIGVuYW5vcyBxdWUgZXJhbiBjb25vY2lkb3MgcG9yIHN1IGhhYmlsaWRhZC4KTm8gcHVlZG8gcHJlY2lzYXIgcXXDqSBzaWduaWZpY2FuIGVsIHLDrW8geSBlbCBjYW1pbm8u
rAAwAg,,W0VucmljbyBLYWlsaV0KTm93LCB0aGVyZSBpcyBzb21ldGhpbmcgZWxzZSB5b3UgY2FuIGhlbHAgbWUgd2l0aCE=,,,,,W0VucmljbyBLYWlsaV0KQm9tLCB0ZW0gbWFpcyB1bWEgY29pc2EgZW0gcXVlIHZvY8OqIHBvZGUgbWUgYWp1ZGFyIQ==,,W0VucmljbyBLYWlsaV0KQWhvcmEsIMKhaGF5IGFsZ28gbcOhcyBlbiBsbyBxdWUgcHVlZGVzIGF5dWRhcm1lIQ==
rQAwAg,,R2FoISBJIHRob3VnaHQgaXQgd2FzIG92ZXIgYWxyZWFkeSE=,,,,,SGVpbj8gQWluZGEgbsOjbyBhY2Fib3U/,,wqFHYWghIMKhUGVuc2FiYSBxdWUgeWEgc2UgaGFiw61hIGFjYWJhZG8h
rgAwAg,,V2hhdCBpcyBpdCB0aGlzIHRpbWU/,,,,,TyBxdWUgw6kgZGVzdGEgdmV6Pw==,,wr9RdcOpIHBhc2EgZXN0YSB2ZXo/
rwAwAg,,W0VucmljbyBLYWlsaV0KSGVsbCBubyEKWW91J3JlIHN1cHBvc2VkIHRvIGhlbHAgbWUgd2l0aCBteSByZXNlYXJjaCwgYXJlbid0IHlvdT8KVW5mb3J0dW5hdGVseSBteSByZXNlYXJjaCB3aWxsIG5ldmVyIGJlIGZpbmlzaGVkLgpIYWhhaGFoYSE=,,,,,W0VucmljbyBLYWlsaV0KQ2xhcm8gcXVlIG7Do28hClZvY8OqIGRldmUgbWUgYWp1ZGFyIG5lc3RhIHBlc3F1aXNhLCBuw6NvIGRldmU/CkluZmVsaXptZW50ZSwgbWluaGEgcGVzcXVpc2EgYWluZGEgbsOjbyBhY2Fib3UuCmhhaGFoYWhhLg==,,W0VucmljbyBLYWlsaV0KwqFEaWFibG9zLCBubyEKU2Ugc3Vwb25lIHF1ZSBkZWJlcyBheXVkYXJtZSBjb24gbWkgaW52ZXN0aWdhY2nDs24sIMK/bm8/CkRlc2Fmb3J0dW5hZGFtZW50ZSBtaSBpbnZlc3RpZ2FjacOzbiBudW5jYSBlc3RhcsOhIHRlcm1pbmFkYS4KwqFKYWphamFqYSE=
sAAwAg,,W0VucmljbyBLYWlsaV0KTm93LCB5b3UgYXJlIGdvaW5nIHRvIGxlYXZlIGZvciBMdXRpZSEKRmluZCBzb21lIGNsdWVzIHRoZXJlLgpMaWtlIHRoZSBsZWdlbmQgc2F5cy4uLg==,,,,,W0VucmljbyBLYWlsaV0KQWdvcmEsIHZvY8OqIGRldmUgaXIgYSBMdXRpZSEKRW5jb250cmUgYWxndW1hcyBwaXN0YXMgbMOhLgpBIGxlbmRhIGRpeiw=,,W0VucmljbyBLYWlsaV0KwqFBaG9yYSwgdGUgdmFzIGEgTHV0aWUhCkVuY3VlbnRyYSBhbGd1bmFzIHBpc3RhcyBhbGzDrS4KQ29tbyBkaWNlIGxhIGxleWVuZGEuLi4=
sQAwAg,,W0VucmljbyBLYWlsaV0KVGhlIGdvZGRlc3MgaGFkIHRvIHdhbGsgdGhlIGNvbGQgc25vd3kgcGF0aCBhbG9uZSwKd2l0aG91dCBhbiBBcm1sZXQgb2YgT2JlZGllbmNlLgpTaGUgY3JpZWQgYmVjYXVzZSBvZiB0aGUgY29sZC4=,,,,,W0VucmljbyBLYWlsaV0KQSBkZXVzYSB0ZXZlIGRlIGFuZGFyIG5vIGNhbWluaG8gZnJpbyBlIG5ldmFkbwpzZW0gbyBnYXRvIGRhIG9iZWRpw6puY2lhLgpFbGEgZGVycmFtb3UgbMOhZ3JpbWFzIHBvciBjYXVzYSBkbyBmcmlvIGNvcnRhbnRlLg==,,W0VucmljbyBLYWlsaV0KTGEgZGlvc2EgdHV2byBxdWUgcmVjb3JyZXIgZWwgZnLDrW8gY2FtaW5vIG5ldmFkbyBzb2xhLApzaW4gdW4gQnJhemFsZXRlIGRlIE9iZWRpZW5jaWEuCkxsb3LDsyBkZSBmcsOtby4=
sgAwAg,,W0VucmljbyBLYWlsaV0KQXMgYSBtYXR0ZXIgb2YgZmFjdCwgRnJleWEncyBKZXdlbCB3YXMKZmlyc3QgZm91bmQgaW4gTHV0aWUuClRoYXQgcHJvdmVzIHRoZSBjb2xkIHNub3d5IHBhdGggcmVmZXJlbmNlIGluIHRoZSBsZWdlbmQgaXMgdHJ1ZS4=,,,,,W0VucmljbyBLYWlsaV0KTmEgdmVyZGFkZSwgZXNzYSBKw7NpYSBkZSBGcmV5YSBmb2kgZW5jb250cmFkYQpwcmltZWlyYW1lbnRlIGVtIEx1dGllLgpJc3NvIG1vc3RyYSBxdWUgYSBsZW5kYSBub3MgZGl6IGEgdmVyZGFkZSwgYW8gaW5kaWNhciBvIGNhbWluaG8gZnJpbyBlIG5ldmFkby4=,,W0VucmljbyBLYWlsaV0KRGUgaGVjaG8sIGxhIEpveWEgZGUgRnJleWEgZnVlCmVuY29udHJhZGEgcG9yIHByaW1lcmEgdmV6IGVuIEx1dGllLgpFc28gcHJ1ZWJhIHF1ZSBsYSByZWZlcmVuY2lhIGFsIGZyw61vIGNhbWlubyBuZXZhZG8gZGUgbGEgbGV5ZW5kYSBlcyBjaWVydGEu
swAwAg,,W0VucmljbyBLYWlsaV0KUGxlYXNlIHN0YXJ0IHlvdXIgam91cm5leSB0byBmaW5kIHRyYWNlcyBvZiB0aGUgZ29kZGVzcwppbiBMdXRpZSwgaGVlZGluZyB3aGF0IFZhbGt5cmllIHNhaWQuCkkgaG9wZSB3ZSB3aWxsIGZpbmQgb3V0IHdoYXQgdGhlIGdvZGRlc3MKbGVmdCBpbiB0aGlzIHdvcmxkLg==,,,,,W0VucmljbyBLYWlsaV0KUG9yIGZhdm9yLCBjb21lY2UgYSBzdWEgam9ybmFkYSBwYXJhIGVuY29udHJhciBhIHBpc3RhIGRhIGRldXNhCmVtIEx1dGllLCBjb21vIGEgVmFscXXDrXJpYSBkaXNzZS4KRXNwZXJvIHF1ZSBhIGdlbnRlIHRhbWLDqW0gZGVzY3VicmEgbyBxdWUgYSBkZXVzYQpkZWl4b3UgbmVzdGUgbXVuZG8u,,W0VucmljbyBLYWlsaV0KUG9yIGZhdm9yLCBpbmljaWUgc3UgdmlhamUgcGFyYSBlbmNvbnRyYXIgcmFzdHJvcyBkZSBsYSBkaW9zYQplbiBMdXRpZSwgcHJlc3RhbmRvIGF0ZW5jacOzbiBhIGxvIHF1ZSBkaWpvIFZhbHF1aXJpYS4KRXNwZXJvIHF1ZSBlbmNvbnRyZW1vcyBsbyBxdWUgbGEgZGlvc2EKZGVqw7MgZW4gZXN0ZSBtdW5kby4=
tAAwAg,,W0VucmljbyBLYWlsaV0KSGFoYWhhaGEuLi4gSSBsaWtlIHlvdXIgYXR0aXR1ZGUhClllcywgTmVsbGlvcmRlIGlzIGEgZ29vZCBqdWRnZSBvZiBjaGFyYWN0ZXIuCllvdSBkZWNpZGVkIHRvIGhlbHAgbWUgb3V0CndpdGggbXkgcmVzZWFyY2guIEkgaG9wZSB5b3UnbGwgZG8geW91ciBiZXN0CnJpZ2h0IHRocm91Z2ggdGlsbCB0aGUgZW5kLg==,,,,,W0VucmljbyBLYWlsaV0KSGFoYWhhaGEuLi4gZ29zdG8gZGEgc3VhIGF0aXR1ZGUhClNpbSwgTmVsbGlvcmRlIHRlbSB1bSBib20gb2xobyBwYXJhIGFzIHBlc3NvYXMuCkrDoSBxdWUgdm9jw6ogZGVjaWRpdSBtZSBhanVkYXIKbmVzdGEgcGVzcXVpc2EsIGVzcGVybyBxdWUgdm9jw6ogZMOqCm8gc2V1IG1lbGhvciBhdMOpIG8gZmluYWwu,,W0VucmljbyBLYWlsaV0KSmFqYWphamEuLi4gwqFNZSBndXN0YSB0dSBhY3RpdHVkIQpTw60sIE5lbGxpb3JkZSBlcyB1biBidWVuIGp1ZXogZGUgY2Fyw6FjdGVyLgpEZWNpZGlzdGUgYXl1ZGFybWUKY29uIG1pIGludmVzdGlnYWNpw7NuLiBFc3Blcm8gcXVlIGRlcyBsbyBtZWpvciBkZSB0aQpoYXN0YSBlbCBmaW5hbC4=
tQAwAg,,W0VucmljbyBLYWlsaV0KTm93LCB5b3UgYXJlIGdvaW5nIHRvIGxlYXZlIGZvciBMdXRpZSEKRmluZCBzb21lIGNsdWVzIHRoZXJlLgpUaGUgbGVnZW5kIHNheXM=,,,,,W0VucmljbyBLYWlsaV0KQWdvcmEsIHZvY8OqIGRldmUgaXIgYSBMdXRpZSEKRW5jb250cmUgYWxndW1hcyBwaXN0YXMgbMOhLgpBIGxlbmRhIGRpeg==,,W0VucmljbyBLYWlsaV0KwqFBaG9yYSwgdGUgdmFzIGEgTHV0aWUhCkVuY3VlbnRyYSBhbGd1bmFzIHBpc3RhcyBhbGzDrS4KTGEgbGV5ZW5kYSBkaWNl
tgAwAg,,W0VucmljbyBLYWlsaV0KSG1tLi4uIEkgc2VlLi4uCkkga25vdyBJJ3ZlIGJlZW4gYSBidXJkZW4gdG8geW91LgpJIHdvbid0IGZvcmdldCB3aGF0IHlvdSBoYXZlIGRvbmUgZm9yIG1lLgpJJ2xsIGdpdmUgeW91IHNvbWV0aGluZyBmcm9tIG15IHByZWNpb3VzIGNvbGxlY3Rpb24KYXMgYSB0b2tlbiBvZiBteSBncmF0aXR1ZGUu,,,,,W0VucmljbyBLYWlsaV0KSG1tLi4uIEVudGVuZG8uLi4KRXUgc2VpIHF1ZSB0ZW5obyBzaWRvIHVtIGZhcmRvIHBhcmEgdm9jw6ouCk1hcyBuw6NvIHZvdSBlc3F1ZWNlciBvIHF1ZSB2b2PDqiBmZXogcG9yIG1pbS4KRXUgbGhlIGRhcmVpIHVtIGl0ZW0gZGEgbWluaGEgcHJlY2lvc2EgY29sZcOnw6NvCmNvbW8gcHJvdmEgZGUgbWluaGEgZ3JhdGlkw6NvLg==,,W0VucmljbyBLYWlsaV0KSG1tLi4uIFlhIHZlby4uLgpTw6kgcXVlIGhlIHNpZG8gdW5hIGNhcmdhIHBhcmEgdGkuCk5vIG9sdmlkYXLDqSBsbyBxdWUgaGFzIGhlY2hvIHBvciBtw60uClRlIGRhcsOpIGFsZ28gZGUgbWkgcHJlY2lvc2EgY29sZWNjacOzbi4uLgpjb21vIG11ZXN0cmEgZGUgbWkgZ3JhdGl0dWQu
twAwAg,,W0VucmljbyBLYWlsaV0KSSB3aXNoIHlvdSBnb29kIGx1Y2suClBsZWFzZSB0YWtlIGNhcmUu,,,,,W0VucmljbyBLYWlsaV0KRXUgbGhlIGRlc2VqbyBib2Egc29ydGUuCkUsIHBvciBmYXZvciwgY3VpZGUtc2Uu,,W0VucmljbyBLYWlsaV0KTGUgZGVzZW8gYnVlbmEgc3VlcnRlLgpQb3IgZmF2b3IsIGN1w61kZW5zZS4=
uAAwAg,,W0VucmljbyBLYWlsaV0KSGF2ZSB5b3UgbWV0IEhlcm1pdGU/CldoYXQ/IERpZCBoZSByZWFsbHkgYXNrIHlvdSB0byBkbyB0aGF0PwpIbW0uLi4gSSBtdXN0IHNheSwgSSBrbm93IGl0J3Mgbm90IGFuIGVhc3kgdGhpbmcgdG8gZG8sCmJ1dCBJIGhvcGUgeW91J2xsIGRvIHdoYXQgaGUgd2FudHMuCkknbGwgd2FpdCBmb3IgbmV3cyBmcm9tIHlvdSBmb3IgdGhlIHRpbWUgYmVpbmcu,,,,,W0VucmljbyBLYWlsaV0KRW50w6NvLCB2b2PDqiBlbmNvbnRyb3UgbyBFcm1pdMOjbz8KUXXDqi4uLj8gRWxlIHBlZGl1IG1lc21vIHBhcmEgdm9jw6ogZmF6ZXIgaXNzby4uLj8KLi4uLmh1bS4uLiBkZXZvIGRpemVyLi4uIHNlaSBxdWUgbsOjbyDDqSBhbGdvIG11aXRvIGbDoWNpbCwKbWFzIGVzcGVybyBxdWUgdm9jw6ogZmHDp2EgbyBxdWUgZWxlIHF1ZXIuCkUgdm91IGVzcGVyYXIgcG9yIGJvYXMgbm90w61jaWFzIHN1YXMgZW5xdWFudG8gaXNzby4=,,W0VucmljbyBLYWlsaV0Kwr9IYXMgY29ub2NpZG8gYSBIZXJtaXRlPwrCv1F1w6k/IMK/UmVhbG1lbnRlIHRlIHBpZGnDsyBxdWUgaGljaWVyYXMgZXNvPwpIbW0uLi4gRGVibyBkZWNpciBxdWUgc8OpIHF1ZSBubyBlcyBhbGdvIGbDoWNpbCBkZSBoYWNlciwKcGVybyBlc3Blcm8gcXVlIGhhZ2FzIGxvIHF1ZSDDqWwgcXVpZXJlLgpFc3BlcmFyw6kgbm90aWNpYXMgdHV5YXMgcG9yIGVsIG1vbWVudG8u
uQAwAg,,W0VucmljbyBLYWlsaV0KSGVybWl0ZT8gRG8geW91IG5lZWQgc29tZSBpbmZvcm1hdGlvbiBhYm91dCBoaW0/CkxldCBtZSB0aGluay4uLgpIZSB3YXMgYSB5b3VuZyBtYW4gaW4gYW4gdXJiYW4gYXJlYS4uLg==,,,,,W0VucmljbyBLYWlsaV0KTyBFcm1pdMOjbz8gVm9jw6ogcHJlY2lzYSBkZSBhbGd1bWEgaW5mb3JtYcOnw6NvIHNvYnJlIGVsZT8KRGVpeGUtbWUgcGVuc2FyLiBIbW0uLi4gbmEgbWluaGEgbGVtYnJhbsOnYSwKZWxlIGVyYSB1bSBob21lbSBqb3ZlbSBudW1hIGF0bW9zZmVyYSB1cmJhbmEuLi4=,,W0VucmljbyBLYWlsaV0Kwr9IZXJtaXRlPyDCv05lY2VzaXRhIGluZm9ybWFjacOzbiBzb2JyZSDDqWw/CkTDqWphbWUgcGVuc2FyLi4uCkVyYSB1biBqb3ZlbiBlbiB1bmEgem9uYSB1cmJhbmEuLi4=
ugAwAg,,W0VucmljbyBLYWlsaV0KVGhhdCdzIHJpZ2h0ISBXaHkgZG9uJ3QgeW91IGdvIGFzawp0aGUgbGFkeSBhaGVhZD8KU2hlIG1heSBoYXZlIHNvbWUgaW5mb3JtYXRpb24u,,,,,W0VucmljbyBLYWlsaV0KT2gsIMOpIGlzc28hIFBvciBxdWUgbsOjbyBwZXJndW50YQrDoCBzZW5ob3JhIMOgIGZyZW50ZT8KRWxhIHBvZGUgdGVyIGFsZ3VtYXMgaW5mb3JtYcOnw7VlcyBlbSByZWdpc3Ryb3Mu,,W0VucmljbyBLYWlsaV0KwqFFc28gZXMhIMK/UG9yIHF1w6kgbm8gdmFzIGEgcHJlZ3VudGFyCmEgbGEgc2XDsW9yYSBkZSBkZWxhbnRlPwpFbGxhIHB1ZWRlIHRlbmVyIGFsZ3VuYSBpbmZvcm1hY2nDs24u
uwAwAg,,W0VucmljbyBLYWlsaV0KV2hhdD8gQXJlIHlvdSB3b25kZXJpbmcgd2h5IEkgZG9uJ3QgZG8gaXQgbXlzZWxmPwpCZWNhdXNlIEknbSB0b28gb2xkIHRvIGdvIG9uIGFuIGV4cGVkaXRpb24hCkkgYWxzbyBoYXZlIHNvbWUgcmVzZWFyY2ggY29tbWlzc2lvbmVkIGJ5IHRoZSBSb3lhbCBDb3VydC4KSSdtIGFsc28gbm90IHN1cHBvc2VkIHRvIGxlYXZlIHRoaXMgb3JnYW5pemF0aW9uLgpUaGF0J3Mgd2h5IEkgd2FzIHNlZWtpbmcKYSB5b3VuZyBhbmQgcmVsaWFibGUgYWR2ZW50dXJlciBsaWtlIHlvdQp3aG8gY291bGQgZG8gd2hhdCBJJ20gdW5hYmxlIHRvIGRvLg==,,,,,W0VucmljbyBLYWlsaV0KTyBxdcOqPyBFc3TDoSBwZXJndW50YW5kbyBwb3IgcXVlIGV1IG1lc21vIG7Do28gZmHDp28gaXNzbz8Kw4kgw7NidmlvISBTb3UgdmVsaG8gZGVtYWlzIHBhcmEgc2FpciBudW1hIGV4cGVkacOnw6NvLi4uCmUgdGFtYsOpbSB0ZW5obyBhbGd1bWFzIGVuY29tZW5kYXMgZGUgcGVzcXVpc2EgZGEgY29ydGUgcmVhbC4KTsOjbyBwb3NzbyBzYWlyIGRlc3RhIG9yZ2FuaXphw6fDo28uCsOJIHBvciBpc3NvIHF1ZSBwcm9jdXJlaSBwb3IKdW0gYXZlbnR1cmVpcm8gam92ZW0gZSBjb25macOhdmVsIGNvbW8gdm9jw6ogcXVlIHBvc3NhIGZhemVyIG8gcXVlIGV1IG1lc21vIG7Do28gcG9zc28u,,W0VucmljbyBLYWlsaV0Kwr9RdcOpPyDCv1RlIHByZWd1bnRhcyBwb3IgcXXDqSBubyBsbyBoYWdvIHlvIG1pc21vPwrCoVBvcnF1ZSBzb3kgZGVtYXNpYWRvIHZpZWpvIHBhcmEgaXIgZGUgZXhwZWRpY2nDs24hClRhbWJpw6luIHRlbmdvIGFsZ3VuYXMgaW52ZXN0aWdhY2lvbmVzIGVuY2FyZ2FkYXMgcG9yIGxhIENvcnRlIFJlYWwuClRhbXBvY28gZGVibyBhYmFuZG9uYXIgZXN0YSBvcmdhbml6YWNpw7NuLgpFcyBwb3IgZXNvIHF1ZSBlc3RhYmEgYnVzY2FuZG8KdW4gam92ZW4geSBjb25maWFibGUgYXZlbnR1cmVybyBjb21vIHTDugpxdWUgcHVkaWVyYSBoYWNlciBsbyBxdWUgeW8gc295IGluY2FwYXogZGUgaGFjZXIu
vAAwAg,,W0VucmljbyBLYWlsaV0KT2YgY291cnNlLCBJJ2xsIHJld2FyZCB5b3UgbGF0ZXIuCkRvIG5vdCB0aGluayBvZiBtZSBhcyBhIGNoZWFwc2thdGUKd2hvIGRvZXNuJ3QgJ2hpcmUnIHByb2Zlc3Npb25hbHMuClRoYW5rIHlvdSBpbiBhZHZhbmNlLg==,,,,,W0VucmljbyBLYWlsaV0KQWguLi4gw6kgY2xhcm8gcXVlIHZvdSB0ZSBkYXIgdW1hIHJlY29tcGVuc2EgZGVwb2lzLgpOw6NvIHBlbnNlIHF1ZSBzb3UgdW0gbcOjby1kZS12YWNhCnF1ZSBuw6NvIGdvc3RhIGRlICdjb250cmF0YXInIHByb2Zpc3Npb25haXMuCkRlIHF1YWxxdWVyIGZvcm1hLCBtdWl0byBvYnJpZ2FkbywgZGVzZGUgasOhLg==,,W0VucmljbyBLYWlsaV0KUG9yIHN1cHVlc3RvLCB0ZSByZWNvbXBlbnNhcsOpIG3DoXMgdGFyZGUuCk5vIHBpZW5zZXMgcXVlIHNveSB1biB0YWNhw7FvLi4uCnF1ZSBubyAnJ2NvbnRyYXRhJycgcHJvZmVzaW9uYWxlcy4KR3JhY2lhcyBkZSBhbnRlbWFuby4=
vQAwAg,,W0VucmljbyBLYWlsaV0KU28sIGhhdmUgeW91IGNvbnNpZGVyZWQgbXkgcHJvcG9zYWw/CklmIHRoaXMgdGhpbmcgd29ya3Mgb3V0LApJJ2xsIGNvbXBlbnNhdGUgeW91LgpXaGF0IGRvIHlvdSBzYXk/,,,,,W0VucmljbyBLYWlsaV0KRW50w6NvLCB2b2PDqiBwZW5zb3UgbmEgbWluaGEgcHJvcG9zdGE/ClNlIGlzc28gZnVuY2lvbmFyLApldSB2b3UgcmVjb21wZW5zw6EtbG8uCkVudMOjbywgbyBxdWUgbWUgZGl6Pw==,,W0VucmljbyBLYWlsaV0Kwr9IYXMgY29uc2lkZXJhZG8gbWkgcHJvcHVlc3RhPwpTaSBlc3RvIGZ1bmNpb25hLAp0ZSBjb21wZW5zYXLDqS4Kwr9RdcOpIG1lIGRpY2VzPw==
vgAwAg,,Tm8sIHRoYW5rcy4=,,,,,TsOjbywgb2JyaWdhZG8u,,Tm8sIGdyYWNpYXMu
vwAwAg,,W0VucmljbyBLYWlsaV0KV2hhdD8hIFlvdSBhcmUgdG9vIG1lYW4hCldoeSBkaWQgeW91IGV2ZW4gYm90aGVyIHNwZWFraW5nIHRvIG1lCndoZW4geW91IGRvbid0IHdhbnQgdG8gaGVscCBtZT8KSSBkb24ndCB3aXNoIHRvIHRhbGsgdG8geW91IQpMZWF2ZSE=,,,,,W0VucmljbyBLYWlsaV0KUXXDqi4uLj8hIFF1ZSBydWRlIHZvY8OqIMOpIQpQb3IgcXVlIHNlIGRldSBhbyB0cmFiYWxobyBkZSBmYWxhciBjb21pZ28sCnNlIG7Do28gcXVlciBtZSBhanVkYXI/Ck7Do28gcXVlcm8gZmFsYXIgY29tIHZvY8OqLgpQb3IgZmF2b3IsIHNhaWEu,,W0VucmljbyBLYWlsaV0KwqHCv1F1w6k/ISDCoUVyZXMgZGVtYXNpYWRvIG1hbG8hCsK/UG9yIHF1w6kgdGUgbW9sZXN0YXN0ZSBlbiBoYWJsYXJtZQpjdWFuZG8gbm8gcXVpZXJlcyBheXVkYXJtZT8KwqFObyBxdWllcm8gaGFibGFyIGNvbnRpZ28hCsKhVsOheWFzZSE=
wAAwAg,,W0VucmljbyBLYWlsaV0KQXJlIHlvdSBzdXJlIHlvdSB3YW50IHRvIGhlbHAgbWU/ClRoYXQncyBncmVhdCEKQmVmb3JlIHdlIHN0YXJ0LCB3b3VsZCBsaWtlIHRvIHNlZSB0aGlzIGZpcnN0Pw==,,,,,W0VucmljbyBLYWlsaV0KVGVtIGNlcnRlemEgZGUgcXVlIHF1ZXIgbWUgYWp1ZGFyPwpJc3NvIMOpIMOzdGltby4KQW50ZXMgZGUgY29tZcOnYXJtb3MsIHBvZGVyaWEgdmVyIGlzc28gYXF1aSBwcmltZWlybz8=,,W0VucmljbyBLYWlsaV0Kwr9Fc3TDoXMgc2VndXJvIGRlIHF1ZSBxdWllcmVzIGF5dWRhcm1lPwpFc3R1cGVuZG8uCkFudGVzIGRlIGVtcGV6YXIsIMK/dGUgZ3VzdGFyw61hIHZlciBlc3RvIHByaW1lcm8/
wQAwAg,,LSBUaGUgb2xkIHNjaG9sYXIgc2hvd3MgeW91IC0KLSBhIHNtYWxsIHdoaXRlIGNyeXN0YWwgaW5zaWRlIGEgYm94LiAtCi0gSXQgbG9va3MgdmVyeSBkZWxpY2F0ZSBhbmQgdmVyeSBjb2xkLiAt,,,,,LSBPIHZlbGhvIGVzdHVkaW9zbyBsaGUgbW9zdHJvdSAtCi0gdW0gcGVxdWVubyBjcmlzdGFsIGJyYW5jbyBkZW50cm8gZGUgdW1hIGNhaXhhLiAtCi0gUGFyZWNlIG11aXRvIGZpbm8gZSBiZW0gY29uZ2VsYWRvLiAt,,LSBFbCB2aWVqbyBlcnVkaXRvIGxlIG11ZXN0cmEgLQotIHVuIHBlcXVlw7FvIGNyaXN0YWwgYmxhbmNvIGRlbnRybyBkZSB1bmEgY2FqYS4gLQotIFBhcmVjZSBtdXkgZGVsaWNhZG8geSBtdXkgZnLDrW8uIC0=
wgAwAg,,W0VucmljbyBLYWlsaV0KVGhpcyBpcyB0aGUgU25vdyBDcnlzdGFsIQpBdCBsZWFzdCB0aGF0J3Mgd2hhdCBJIHRoaW5rIGl0IGlzLgpMb29rIGF0IGl0cyBzaGFwZSBhbmQgdGV4dHVyZS4KRG9lc24ndCBpdCBsb29rIGxpa2UgYSBzbm93Zmxha2U/ClRoZSBzdHJhbmdlIHRoaW5nIGlzLi4uIGl0IG5ldmVyIG1lbHRzLg==,,,,,W0VucmljbyBLYWlsaV0KRXN0ZSDDqSBjcmlzdGFsIGRlIG5ldmUuLi4KcGVsbyBtZW5vcywgw6kgbyBxdWUgYWNoby4KVmVqYSBlc3NhIGZvcm1hLCBlc3NhIHRleHR1cmEuCk7Do28gcGFyZWNlIHVtIGZsb2NvIGRlIG5ldmU/Ck8gZXN0cmFuaG8gw6kgcXVlLi4uIGVsZSBudW5jYSBkZXJyZXRlLg==,,W0VucmljbyBLYWlsaV0KwqFFc3RlIGVzIGVsIENyaXN0YWwgZGUgTmlldmUhCkFsIG1lbm9zIGVzbyBlcyBsbyBxdWUgY3JlbyBxdWUgZXMuCk1pcmEgc3UgZm9ybWEgeSB0ZXh0dXJhLgrCv05vIHBhcmVjZSB1biBjb3BvIGRlIG5pZXZlPwpMbyBleHRyYcOxbyBlcyBxdWUuLi4gbnVuY2Egc2UgZGVycml0ZS4=
wwAwAg,,W0VucmljbyBLYWlsaV0KQSB5b3VuZyBhZHZlbnR1cmVyIGdhdmUgbWUgdGhpcyBmZXcgeWVhcnMgYWdvLgpJIGhhdmVuJ3QgZmlndXJlZCBvdXQgd2hhdCBpdCBpcy4KSSB3YW50IHRvIGtub3cgd2hhdCBpdCBpcyBhbmQgd2hlcmUgaXQgY2FtZSBmcm9tLg==,,,,,W0VucmljbyBLYWlsaV0KSMOhIGFsZ3VucyBhbm9zLCB1bSBqb3ZlbSBhdmVudHVyZWlybyBtZSBkZXUgaXN0by4KRXUgYWluZGEgbsOjbyBkZXNjb2JyaSBvIHF1ZSBlbGUgw6kgZGUgdmVyZGFkZS4uLgpRdWVybyBzYWJlciBvIHF1ZSDDqSBpc3RvIGUgZGUgb25kZSB2ZWlvLg==,,W0VucmljbyBLYWlsaV0KVW4gam92ZW4gYXZlbnR1cmVybyBtZSBkaW8gZXN0byBoYWNlIHVub3MgYcOxb3MuCk5vIGhlIGRlc2N1YmllcnRvIHF1w6kgZXMuClF1aWVybyBzYWJlciBxdcOpIGVzIHkgZGUgZMOzbmRlIHZpZW5lLg==
xAAwAg,,W0VucmljbyBLYWlsaV0KWWVzLCBJJ20gbG9va2luZyBmb3Igc29tZW9uZS4KVGhlIHBlcnNvbiB3aG8gYnJvdWdodCBtZSB0aGlzIFNub3cgQ3J5c3RhbC4KTGV0IG1lIHNlZSBpZiBJIGNhbiByZWNhbGwgaGlzIG5hbWUuLi4KSGlzIG5hbWUgd2FzLi4uIENoYXJsZXMgSGVybWl0ZS4=,,,,,W0VucmljbyBLYWlsaV0KU2ltLCBlc3RvdSBwcm9jdXJhbmRvIHBvciB1bWEgcGVzc29hLgpBIHBlc3NvYSBxdWUgbWUgdHJvdXhlIGVzdGUgQ3Jpc3RhbCBkZSBOZXZlLgpEZWl4ZS1tZSB2ZXIgbyBzZXUgbm9tZS4uLiBzaW0sIGFxdWkgZXN0w6EuClNldSBub21lIMOpLi4uIEVybWl0w6NvIENhcmxvcy4=,,W0VucmljbyBLYWlsaV0KU8OtLCBlc3RveSBidXNjYW5kbyBhIGFsZ3VpZW4uCkxhIHBlcnNvbmEgcXVlIG1lIHRyYWpvIGVzdGUgQ3Jpc3RhbCBkZSBOaWV2ZS4KRMOpamFtZSB2ZXIgc2kgcHVlZG8gcmVjb3JkYXIgc3Ugbm9tYnJlLi4uClN1IG5vbWJyZSBlcmEuLi4gQ2hhcmxlcyBIZXJtaXRlLg==
xQAwAg,,W0VucmljbyBLYWlsaV0KV2hlbiB5b3UgZmluZCBoaW0sCnBsZWFzZSBnaXZlIGhpbSB0aGlzIGxldHRlci4=,,,,,W0VucmljbyBLYWlsaV0KUXVhbmRvIGVuY29udHLDoS1sbywKcG9yIGZhdm9yLCBkw6ogZXN0YSBjYXJ0YSBhIGVsZS4=,,W0VucmljbyBLYWlsaV0KQ3VhbmRvIGxvIGVuY3VlbnRyZXMsCnBvciBmYXZvciwgZGFsZSBlc3RhIGNhcnRhLg==
xgAwAg,,XjRENERGRiAtIEVucmljbyBnaXZlcyB5b3UgLQotIGEgbGV0dGVyIHNlYWxlZCB3aXRoIHJlZCB3YXguIC0KLSAnRGVhciBDaGFybGVzIEhlcm1pdGUnIGlzIHdyaXR0ZW4gb24gdGhlIGZyb250Li0=,,,,,XjRENERGRiAtIEVucmljbyBsaGUgZGV1IC0KLSB1bWEgY2FydGEgZmluYSwgc2VsYWRhIGNvbSBjZXJhIHZlcm1lbGhhLiAtCi0gJ0Nhcm8gRXJtaXTDo28gQ2FybG9zJyBlc3RhdmEgZXNjcml0byBuYSBmcmVudGUuLQ==,,XjRENERGRiAtIEVucmljbyB0ZSBkYSAtCi0gdW5hIGNhcnRhIHNlbGxhZGEgY29uIGNlcmEgcm9qYS4gLQotICcnUXVlcmlkbyBDaGFybGVzIEhlcm1pdGUnJyBlc3TDoSBlc2NyaXRvIGVuIGVsIGZyZW50ZS4=
xwAwAg,,W0VucmljbyBLYWlsaV0KSG93IGFyZSB5b3U/IEFoISBJdCdzIHlvdSwgezB9IQpZZXMsIEkgd2FzIHRvbGQgYnkgTmVsbGlvcmRlIHRoYXQgeW91J2QgdmlzaXQgbWUuCkhlIGFsd2F5cyB0ZWxscyBtZSB0aGF0IGhlJ2xsCmZpbmQgYSBnb29kIGFzc2lzdGFudCBmb3IgbXkgcmVzZWFyY2guClNvLCBob3cgd2FzIHlvdXIgam91cm5leT8=,,,,,W0VucmljbyBLYWlsaV0KQ29tbyB2YWkuLi4gYWghIMOJIHZvY8OqLCB7MH0hClNpbSwgTmVsbGlvcmRlIG1lIGNvbnRvdSBxdWUgdm9jw6ogdmlyaWEgbWUgdmlzaXRhci4KRWxlIHNlbXByZSBtZSBkaXogcXVlIGVuY29udHJhcmlhCnVtYSBib2EgYXNzaXN0w6puY2lhIHBhcmEgYSBtaW5oYSBwZXNxdWlzYS4KRW50w6NvLCBjb21vIGZvaSBhIHN1YSB2aWFnZW0/,,W0VucmljbyBLYWlsaV0Kwr9Dw7NtbyBlc3TDoXM/IMKhQWghIMKhRXJlcyB0w7osIHswfSEKU8OtLCBtZSBkaWpvIE5lbGxpb3JkZSBxdWUgbWUgdmlzaXRhcsOtYXMuClNpZW1wcmUgbWUgZGljZSBxdWUgZW5jb250cmFyw6EKZW5jb250cmFyw6EgdW4gYnVlbiBheXVkYW50ZSBwYXJhIG1pIGludmVzdGlnYWNpw7NuLgrCv1F1w6kgdGFsIGVsIHZpYWplPw==
yAAwAg,,W0VucmljbyBLYWlsaV0KSGFoYWhhLCBJIGd1ZXNzIHlvdSBkaWRuJ3QgaGF2ZSBhIGhhcmQgdGltZSBnZXR0aW5nCnRvIEp1bm8gYXMgdGhlcmUgYXJlIHZhcmlvdXMgY29udmVuaWVudCB0cmF2ZWwKb3B0aW9ucywgc3VjaCBhcyB0aGUgd2FycCBwb3J0YWwgYW5kIHRoZSBLYWZyYSBUZWxlcG9ydCBTZXJ2aWNlIQpTbyBob3cgd2FzIG15IGpva2U/,,,,,W0VucmljbyBLYWlsaV0KSGFoYWhhLCBhY2hvIHF1ZSB2b2PDqiBuw6NvIHRldmUgZGlmaWN1bGRhZGUgcGFyYSBjaGVnYXIKYSBKdW5vLi4uIGrDoSBxdWUgZXhpc3RlbSBtdWl0b3MgbWVpb3MgY29udmVuaWVudGVzIGRlCnZpYWphciwgY29tbyB1bSBwb3J0YWwgb3UgbyBzZXJ2acOnbyBkZSB0ZWxldHJhbnNwb3J0ZSBLYWZyYSEKRW50w6NvLCBxdWUgdGFsIGEgcGlhZGE/IEhhaGFoYWhhIQ==,,W0VucmljbyBLYWlsaV0KSmFqYWphLCBzdXBvbmdvIHF1ZSBubyB0ZSBjb3N0w7MgbXVjaG8gbGxlZ2FyCmEgSnVubywgeWEgcXVlIGhheSB2YXJpYXMgb3BjaW9uZXMKY29tbyBlbCBwb3J0YWwgd2FycCB5IGVsIHNlcnZpY2lvIGRlIHRlbGV0cmFuc3BvcnRlIGRlIEthZnJhLgrCv1F1w6kgdGFsIG1pIGJyb21hPw==
yQAwAg,,W0VucmljbyBLYWlsaV0KQXMgeW91IHdlcmUgdG9sZCBieSBOZWxsaW9yZGUsCkkgd2FudCB0byBhc2sgeW91IHRvIGhlbHAgbWUgaW4gbXkgcmVzZWFyY2guLi4KSW4gcGFydGljdWxhciwgZmluZGluZyBzb21lb25lLg==,,,,,W0VucmljbyBLYWlsaV0KQ29tbyBOZWxsaW9yZGUgbGhlIGRpc3NlLApnb3N0YXJpYSBkZSBsaGUgcGVkaXIgYWp1ZGEgZW0gbWluaGEgcGVzcXVpc2EuLi4KZXNwZWNpZmljYW1lbnRlLCBwYXJhIGVuY29udHJhciB1bWEgcGVzc29hLg==,,W0VucmljbyBLYWlsaV0KQ29tbyB0ZSBkaWpvIE5lbGxpb3JkZSwKcXVpZXJvIHBlZGlydGUgcXVlIG1lIGF5dWRlcyBlbiBtaSBpbnZlc3RpZ2FjacOzbi4uLgpFbiBwYXJ0aWN1bGFyLCBhIGVuY29udHJhciBhIGFsZ3VpZW4u
ygAwAg,,W0VucmljbyBLYWlsaV0KU2luY2UgeW91IGFyZSBhbiBhZHZlbnR1cmVyLAp5b3UgdHJhdmVsIGEgbG90LCByaWdodD8KV2h5IGRvbid0IHlvdSBmaW5kIHRoZSBwZXJzb24gSSdtIGxvb2tpbmcgZm9yCmR1cmluZyB5b3VyIHRyYXZlbHM/IEl0IHdvbid0IGJlIHRoYXQgaGFyZC4KSSB3YXMgdG9sZCBieSBOZWxsaW9yZGUgdGhhdAp5b3UgYXJlIGEgd2VsbCBleHBlcmllbmNlZCBhZHZlbnR1cmVyLg==,,,,,W0VucmljbyBLYWlsaV0KU2VuZG8gdm9jw6ogdW0gYXZlbnR1cmVpcm8sIHN1cG9uaG8KcXVlIGdvc3RlIGRlIHZpYWphciwgbsOjbyDDqT8KUG9yIHF1ZSB2b2PDqiBuw6NvIGVuY29udHJhIGEgcGVzc29hIHBlbGEgcXVhbCBwcm9jdXJvCmR1cmFudGUgYSBzdWEgdmlhZ2VtPyBOw6NvIMOpIHTDo28gZGlmw61jaWwuCkUgTmVsbGlvcmRlIG1lIGRpc3NlIHF1ZQp2b2PDqiDDqSB1bSBhdmVudHVyZWlybyBiZW0gZXhwZXJpZW50ZS4=,,W0VucmljbyBLYWlsaV0KWWEgcXVlIGVyZXMgdW4gYXZlbnR1cmVybywKdmlhamFzIG11Y2hvLCDCv3ZlcmRhZD8Kwr9Qb3IgcXXDqSBubyBlbmN1ZW50cmFzIGEgbGEgcGVyc29uYSBxdWUgZXN0b3kgYnVzY2FuZG8uLi4KZHVyYW50ZSB0dXMgdmlhamVzPyBObyBzZXLDoSB0YW4gZGlmw61jaWwuCk5lbGxpb3JkZSBtZSBkaWpvIHF1ZQplcmVzIHVuIGF2ZW50dXJlcm8gY29uIG11Y2hhIGV4cGVyaWVuY2lhLg==
ywAwAg,,SSBhbSBub3QgZ29vZCBhdCBmaW5kaW5nIHBlb3BsZS4=,,,,,TsOjbyBtZSBkb3UgYmVtIHBhcmEgZW5jb250cmFyIHBlc3NvYXMu,,Tm8gc2UgbWUgZGEgYmllbiBlbmNvbnRyYXIgZ2VudGUu
zAAwAg,,SSBjYW4gZG8gdGhhdCE=,,,,,UG9zc28gZmF6ZXIgaXNzbyE=,,wqFQdWVkbyBoYWNlcmxvIQ==
zQAwAg,,W0VucmljbyBLYWlsaV0KLi4uIEJhaCEKSSB3YXMgc28gc3VyZSB0aGF0IHlvdSB3b3VsZCBoZWxwIG1lLi4uCkJ1dCBJIHVuZGVyc3RhbmQgaWYgeW91IGRvbid0IHdhbnQgdG8uCkkgY2FuIGFsd2F5cyBmaW5kIGFub3RoZXIgYWR2ZW50dXJlci4KSWYgSSB3YXMgeW91bmdlciwKSSB3b3VsZG4ndCBoYXZlIHRvIGFzayBhbnlvbmUgZm9yIGEgZmF2b3IuLi4=,,,,,W0VucmljbyBLYWlsaV0KLi4uLi4uQmFoLi4uCkV1IGVzdGF2YSBjb252ZW5jaWRvIGRlIHF1ZSB2b2PDqiBtZSBhanVkYXJpYS4uLgouLi5tYXMgZW50ZW5kbyBzZSB2b2PDqiBuw6NvIHF1aXNlciBmYXplciBpc3NvLgpQb3NzbyBlbmNvbnRyYXIgb3V0cm8gYXZlbnR1cmVpcm8uCi4uLnBmZmYuLi4gc2UgZXUgZm9zc2UgdW0gcG91Y28gbWFpcyBqb3ZlbSwKTsOjbyB0ZXJpYSBkZSBwZWRpciBlc3NlIGZhdm9yLi4u,,W0VucmljbyBLYWlsaV0KLi4uIMKhQmFoIQpFc3RhYmEgdGFuIHNlZ3VybyBkZSBxdWUgbWUgYXl1ZGFyw61hcy4uLgpQZXJvIGVudGllbmRvIHNpIG5vIHF1aWVyZXMuClNpZW1wcmUgcHVlZG8gZW5jb250cmFyIG90cm8gYXZlbnR1cmVyby4KU2kgZnVlcmEgbcOhcyBqb3ZlbiwKbm8gdGVuZHLDrWEgcXVlIHBlZGlybGUgdW4gZmF2b3IgYSBuYWRpZS4uLg==
zgAwAg,,W0VucmljbyBLYWlsaV0KQnV0IGlmIHlvdSBjaGFuZ2UgeW91ciBtaW5kLApwbGVhc2UgY29tZSBiYWNrLgpJJ20gc28gc29ycnkgZm9yIG1ha2luZyB5b3UgdHJhdmVsIHRoaXMgZmFyLgpUYWtlIGNhcmUu,,,,,W0VucmljbyBLYWlsaV0KRW50ZW5kby4gTWFzLCBzZSB2b2PDqiBtdWRhciBkZSBpZMOpaWEgZGVwb2lzLApwb3IgZmF2b3IsIHZvbHRlLgpFIHNpbnRvIG11aXRvIHBvciBmYXplciB2b2PDqiB2aXIgZGUgdMOjbyBsb25nZS4KQ3VpZGUtc2Uu,,W0VucmljbyBLYWlsaV0KUGVybyBzaSBjYW1iaWFzIGRlIG9waW5pw7NuLApwb3IgZmF2b3IgdnVlbHZlLgpTaWVudG8gbXVjaG8gaGFiZXJ0ZSBoZWNobyB2aWFqYXIgdGFuIGxlam9zLgpDdWlkYXRlLg==
zwAwAg,,W0VucmljbyBLYWlsaV0KQXJlIHlvdSBzdXJlIHlvdSB3YW50IHRvIGhlbHAgbWU/ClRoYXQncyBncmVhdCEKQmVmb3JlIHdlIHN0YXJ0LCBJJ2QgbGlrZSB5b3UgdG8gc2VlIHRoaXMgZmlyc3QuLi4=,,,,,W0VucmljbyBLYWlsaV0KVGVtIGNlcnRlemEgZGUgcXVlIHF1ZXIgbWUgYWp1ZGFyPwpJc3NvIMOpIMOzdGltby4KQW50ZXMgZGUgY29tZcOnYXJtb3MsIHBvZGVyaWEgdmVyIGlzc28gYXF1aSBwcmltZWlybz8=,,W0VucmljbyBLYWlsaV0Kwr9Fc3TDoXMgc2VndXJvIGRlIHF1ZSBxdWllcmVzIGF5dWRhcm1lPwpFc3R1cGVuZG8uCkFudGVzIGRlIGVtcGV6YXIsIG1lIGd1c3RhcsOtYSBxdWUgdmllcmFzIGVzdG8gcHJpbWVyby4uLg==
0AAwAg,,W0VucmljbyBLYWlsaV0KVGhpcyBpcyB0aGUgU25vdyBDcnlzdGFsLgpBdCBsZWFzdCB0aGF0J3Mgd2hhdCBJIHRoaW5rIGl0IGlzLgpMb29rIGF0IGl0cyBzaGFwZSBhbmQgdGV4dHVyZS4KRG9lc24ndCBpdCBsb29rIGxpa2UgYSBzbm93Zmxha2U/ClRoZSBzdHJhbmdlIHRoaW5nIGlzLi4uIGl0IG5ldmVyIG1lbHRzLg==,,,,,W0VucmljbyBLYWlsaV0KRXN0ZSDDqSBjcmlzdGFsIGRlIG5ldmUuLi4KcGVsbyBtZW5vcywgw6kgbyBxdWUgYWNoby4KVmVqYSBlc3NhIGZvcm1hLCBlc3NhIHRleHR1cmEuCk7Do28gcGFyZWNlIHVtIGZsb2NvIGRlIG5ldmU/Ck8gZXN0cmFuaG8gw6kgcXVlLi4uIGVsZSBudW5jYSBkZXJyZXRlLg==,,W0VucmljbyBLYWlsaV0KRXN0ZSBlcyBlbCBDcmlzdGFsIGRlIE5pZXZlLgpBbCBtZW5vcyBlc28gZXMgbG8gcXVlIGNyZW8gcXVlIGVzLgpNaXJhIHN1IGZvcm1hIHkgdGV4dHVyYS4Kwr9ObyBwYXJlY2UgdW4gY29wbyBkZSBuaWV2ZT8KTG8gZXh0cmHDsW8gZXMgcXVlLi4uIG51bmNhIHNlIGRlcnJpdGUu
0QAwAg,,W0VucmljbyBLYWlsaV0KSSBkb24ndCBrbm93IHdoYXQgeW91ciBwdXJwb3NlIGhlcmUgaXMsIGJ1dCBJJ20gYnVzeSBhdCB0aGUgbW9tZW50LgpQbGVhc2UgbGVhdmUgbWUgYWxvbmUgd2l0aCBteSByZXNlYXJjaC4=,,,,,W0VucmljbyBLYWlsaV0KTsOjbyBzZWkgbyBxdWUgdm9jw6ogcXVlciBwb3IgYXF1aSwgbWFzIGVzdG91IG9jdXBhZG8gbm8gbW9tZW50by4KUG9yIGZhdm9yLCBtZSBkZWl4ZSBhcXVpIGNvbSBtaW5oYSBwZXNxdWlzYS4=,,W0VucmljbyBLYWlsaV0KTm8gc8OpIGN1w6FsIGVzIHR1IHByb3DDs3NpdG8gYXF1w60sIHBlcm8gZXN0b3kgb2N1cGFkbyBlbiBlc3RlIG1vbWVudG8uClBvciBmYXZvciwgZMOpamFtZSBzb2xvIGNvbiBtaSBpbnZlc3RpZ2FjacOzbi4=
0gAwAg,,W1N0dWR5aW5nIFNjaG9sYXJdCkRvIHlvdSBrbm93IGhvdyB0byBtYWtlIFJlZCBQb3Rpb25zPwpZb3UgZ3JpbmQgYSBsb3Qgb2YgUmVkIEhlcmJzCmFuZCB0aGVuIHNoYWtlIHRoZSBsaXF1aWQgY2FyZWZ1bGx5IHVudGlsIGl0IGJlY29tZXMgUmVkIFBvdGlvbi4KSWYgSSBjb3VsZCBvbmx5IHNoYWtlIHRoZW0gZmFzdGVyLi4uCkkgd291bGQgYmUgcmljaCBpbiBubyB0aW1lIQ==,,,,,W1PDoWJpbyBFc3R1ZGFuZG9dClZvY8OqIHNhYmUgY29tbyBmYXplciBwb8Onw7VlcyB2ZXJtZWxoYXM/ClZvY8OqIG3Ds2kgdW0gbW9udGUgZGUgZXJ2YXMgdmVybWVsaGFzCmUgbWV4ZSBvIGzDrXF1aWRvIGNvbSBjdWlkYWRvLCBhdMOpIGVsZSBzZSB0b3JuYXIgdW1hIHBvw6fDo28gdmVybWVsaGEuClNlIGV1IHB1ZGVzc2UgbWV4w6otbGEgbWFpcyByw6FwaWRvLi4uCmV1IHBvZGVyaWEgZmljYXIgcmljbyByYXBpZGluaG8uLi4=,,W0VzdHVkaWFudGUgRXJ1ZGl0b10Kwr9TYWJlcyBoYWNlciBQb2Npb25lcyBSb2phcz8KU2UgbXVlbGVuIG11Y2hhcyBIaWVyYmFzIFJvamFzCnkgbHVlZ28gYWdpdGFzIGVsIGzDrXF1aWRvIGN1aWRhZG9zYW1lbnRlIGhhc3RhIHF1ZSBzZSBjb252aWVydGUgZW4gUG9jacOzbiBSb2phLgpTaSB0YW4gc8OzbG8gcHVkaWVyYSBhZ2l0YXJsYXMgbcOhcyByw6FwaWRvLi4uCsKhU2Vyw61hIHJpY28gZW4gcG9jbyB0aWVtcG8h
0wAwAg,,UHJheWluZyBNYW4=,,,,,SG9tZW0gUmV6YW5kbw==,,SG9tYnJlIHF1ZSByZXph
1AAwAg,,W1ByYXlpbmcgTWFuXQpNYXkgZXZlcnlvbmUgbGVhZCBhIGxpZmUgb2YgaGFwcGluZXNzLiBNYXkgdGhlcmUgYmUgcGVhY2UgdGhyb3VnaG91dCB0aGUgd29ybGQu,,,,,W0hvbWVtIFJlemFuZG9dClF1ZSB0b2RvcyB2aXZhbSB1bWEgdmlkYSBkZSBmZWxpY2lkYWRlLiBRdWUgaGFqYSBwYXogbm8gbXVuZG8uLi4=,,W1ByYXlpbmcgTWFuXQpRdWUgdG9kb3MgbGxldmVuIHVuYSB2aWRhIGRlIGZlbGljaWRhZC4gUXVlIGhheWEgcGF6IGVuIHRvZG8gZWwgbXVuZG8u
1QAwAg,,W1ByYXlpbmcgTWFuXQpNYXkgSSBzdHJpa2UgaXQgcmljaCB3aXRoIHRoaXMgT2xkIEJsdWUgQm94IHRoYXQgSSBzcGVudCB0aGlzIG1vbnRoJ3MgcGF5Y2hlY2sgb24uLi4=,,,,,W0hvbWVtIFJlemFuZG9dClF1ZSBldSBmaXF1ZSByaWNvIGNvbSBlc3RhIFZlbGhhIENhaXhhIEF6dWwsIHF1ZSBtZSBjdXN0b3UgdG9kbyBvIHNhbMOhcmlvLi4u,,W1ByYXlpbmcgTWFuXQpRdWUgbWUgaGFnYSByaWNvIGNvbiBlc3RhIFZpZWphIENhamEgQXp1bCBlbiBsYSBxdWUgZ2FzdMOpIGVsIHN1ZWxkbyBkZSBlc3RlIG1lcy4uLg==
1gAwAg,,W1ByYXlpbmcgTWFuXQpOb3cgaXMgdGhlIHRpbWUgdG8gcmVmbGVjdCB1cG9uIHRoZSBwYXN0IGFuZCBwcmVwYXJlIGZvciB0aGUgZnV0dXJlLg==,,,,,W0hvbWVtIFJlemFuZG9dCkFnb3JhIMOpIG8gbW9tZW50byBkZSByZWZsZXRpciBzb2JyZSBvIHBhc3NhZG8gZSBkZSBzZSBwcmVwYXJhciBwYXJhIG8gZnV0dXJvLg==,,W0hvbWJyZSBvcmFudGVdCkFob3JhIGVzIGVsIG1vbWVudG8gZGUgcmVmbGV4aW9uYXIgc29icmUgZWwgcGFzYWRvIHkgcHJlcGFyYXJzZSBwYXJhIGVsIGZ1dHVyby4=
1wAwAg,,W1ByYXlpbmcgTWFuXQpJdCBpcyBpbiBiZWluZyBzdGlsbCB0aGF0IHdlIGZpbmQgdGhlIHdpc2RvbSB0byBrbm93IHdoaWNoIHN0ZXBzIHdlIG11c3QgdGFrZSB0byBtb3ZlIGZvcndhcmQuIExldCB1cyBwcmF5Lg==,,,,,W0hvbWVtIFJlemFuZG9dCsOJIG5hIGNvbnRlbXBsYcOnw6NvIHF1ZSBlbmNvbnRyYW1vcyBhIHNhYmVkb3JpYSBwYXJhIHNhYmVyIHF1YWlzIHBhc3NvcyBkZXZlbW9zIGRhciBwYXJhIHNlZ3VpciBlbSBmcmVudGUuIFZhbW9zIHJlemFyLg==,,W0hvbWJyZSBvcmFudGVdCkVzIGVuIGxhIHF1aWV0dWQgZG9uZGUgZW5jb250cmFtb3MgbGEgc2FiaWR1csOtYSBwYXJhIHNhYmVyIHF1w6kgcGFzb3MgZGViZW1vcyBkYXIgcGFyYSBhdmFuemFyLiBPcmVtb3Mu
2AAwAg,,XjMzNTVGRkNoYXJsZXMgSGVybWl0ZSBjb250aW51ZXMgZGlsaWdlbnRseSBwcmF5aW5nLiBIaXMgZXllcyBhcmUgY2xvc2VkIGFuZCBoaXMgaGFuZHMgYXJlIGNsYXNwZWQgdG9nZXRoZXIuIFRoZXJlIHNlZW1zIHRvIGJlIGFuIGFpciBvZiBzYWRuZXNzIGFib3V0IGhpbS5eMDAwMDAw,,,,,XjMzNTVGRkZPIEVybWl0w6NvIENhcmxvcyBjb250aW51YSBhIHJlemFyIGZlcnZvcm9zYW1lbnRlLiBTZXVzIG9saG9zIGVzdMOjbyBmZWNoYWRvcyBlIHN1YXMgbcOjb3MsIGp1bnRhcyBzb2JyZSBvIHBlaXRvLiBQYXJlY2UgaGF2ZXIgbmVsZSB1bSBhciBkZSBsZXZlIHRyaXN0ZXphLl4wMDAwMDA=,,XjMzNTVGRkNoYXJsZXMgSGVybWl0ZSBzaWd1ZSByZXphbmRvIGRpbGlnZW50ZW1lbnRlLiBUaWVuZSBsb3Mgb2pvcyBjZXJyYWRvcyB5IGxhcyBtYW5vcyBqdW50YXMuIFBhcmVjZSByZXNwaXJhciB1biBhaXJlIGRlIHRyaXN0ZXphLl4wMDAwMDA=
2QAwAg,,W0NoYXJsZXMgSGVybWl0ZV0KV2hhdCBkaWQgeW91IGp1c3Qgc2F5PyBEaWQgc2hlIHJlYWxseSBiZWNvbWUgYW4gRWluaGVyamFyPyBUaGF0J3MgdGhlIGdyZWF0ZXN0IGhvbm9yIGZvciBhbnkgd2FycmlvciE=,,,,,W0VybWl0w6NvIENhcmxvc10KTyBxdWUgdm9jw6ogZGlzc2U/ISBFbGEgc2UgdG9ybm91IG1lc21vIHVtYSBFaW5oZXJqYXI/IEVzc2Egw6kgYSBtYWlvciBob25yYSBwYXJhIHF1YWxxdWVyIGd1ZXJyZWlyby4uLg==,,W0NoYXJsZXMgSGVybWl0ZV0Kwr9RdcOpIGFjYWJhcyBkZSBkZWNpcj8gwr9SZWFsbWVudGUgc2UgY29udmlydGnDsyBlbiB1bmEgRWluaGVyamFyPyDCoUVzZSBlcyBlbCBtYXlvciBob25vciBwYXJhIGN1YWxxdWllciBndWVycmVybyE=
2gAwAg,,W0NoYXJsZXMgSGVybWl0ZV0KU2hlIG11c3QgYmUgc28gaGFwcHkuCkkgZ3Vlc3MgaW4gdGhlIGVuZCwKSSBuZXZlciByZWFsbHkgaGFkCmFueSBwbGFjZSBpbiBoZXIgaGVhcnQuCkxvd2VuLi4u,,,,,W0VybWl0w6NvIENhcmxvc10KRWxhIGRldmUgZXN0YXIgdMOjbyBmZWxpei4KQWNobyBxdWUsIG5vIGZpbSwKbnVuY2EgdGl2ZSBtZXNtbwp1bSBsdWdhciBlbSBzZXUgY29yYcOnw6NvLgpMb3dlbi4uLg==,,W0NoYXJsZXMgSGVybWl0ZV0KRGViZSBlc3RhciB0YW4gZmVsaXouClN1cG9uZ28gcXVlIGFsIGZpbmFsLApudW5jYSB0dXZlIHJlYWxtZW50ZQpuaW5nw7puIGx1Z2FyIGVuIHN1IGNvcmF6w7NuLgpMb3dlbi4uLg==
2wAwAg,,W0NoYXJsZXMgSGVybWl0ZV0KQnV0IEkga25vdyBvbmUgdGhpbmcgZm9yIHN1cmUuIFNoZSB3YW5kZXJlZCBmb3IgdHdvIHllYXJzIGJlY2F1c2UgSSBtYWRlIGhlciBydW4gYXdheS4=,,,,,W0VybWl0w6NvIENhcmxvc10KTWFzIHNlaSBkZSB1bWEgY29pc2EsIGNvbSBjZXJ0ZXphLiBFbGEgc3VtaXUgcG9yIGRvaXMgYW5vcywgcG9ycXVlIGV1IGEgZml6IGZ1Z2lyLg==,,W0NoYXJsZXMgSGVybWl0ZV0KUGVybyBzw6kgdW5hIGNvc2EgY29uIGNlcnRlemEuIFZhZ8OzIGR1cmFudGUgZG9zIGHDsW9zIHBvcnF1ZSB5byBsYSBoaWNlIGh1aXIu
3AAwAg,,W0NoYXJsZXMgSGVybWl0ZV0KU2hlIHNob3VsZCBoYXZlIGJsYW1lZCBtZSBmb3Igd2hhdCBoYXBwZW5lZC4gV2h5IGRpZCBzaGUgdGFrZSBldmVyeXRoaW5nIHVwb24gaGVyc2VsZj8gSXQgd2FzIG1lLi4u,,,,,W0VybWl0w6NvIENhcmxvc10KRWxhIGRldmlhIHRlciBjdWxwYWRvIGEgbWltIHBlbG8gcXVlIGFjb250ZWNldS4gUG9yIHF1ZSBlbGEgY3VscG91IGEgc2kgbWVzbWE/IEZ1aSBldS4uLg==,,W0NoYXJsZXMgSGVybWl0ZV0KRWxsYSBkZWJlcsOtYSBoYWJlcm1lIGN1bHBhZG8gcG9yIGxvIHF1ZSBwYXPDsy4gwr9Qb3IgcXXDqSB0b23DsyB0b2RvIHNvYnJlIHPDrSBtaXNtYT8gRnVpIHlvLi4u
3QAwAg,,W0NoYXJsZXMgSGVybWl0ZV0KSSBndWVzcyBzaGUganVzdCBzYXcgbWUgYXMgYSBsaXR0bGUgYnJvdGhlci4gU2hlIGRpZG4ndCB0YWtlIG1lIHZlcnkgc2VyaW91c2x5Lg==,,,,,W0VybWl0w6NvIENhcmxvc10KQWNobyBxdWUgZWxhIHPDsyBtZSB2aWEgY29tbyB1bSBpcm3Do296aW5oby4gRXN0w6EgY2xhcm8gcXVlIGVsYSBuw6NvIG1lIGxldm91IG11aXRvIGEgc8OpcmlvLg==,,W0NoYXJsZXMgSGVybWl0ZV0KU3Vwb25nbyBxdWUgbWUgdmXDrWEgY29tbyBhIHVuIGhlcm1hbm8gcGVxdWXDsW8uIE5vIG1lIHRvbWFiYSBtdXkgZW4gc2VyaW8u
3gAwAg,,W0NoYXJsZXMgSGVybWl0ZV0KSGFoYS4uLiBoYWhhaGEuLi4KTm93IEkgZmVlbCBiZXR0ZXIhClNvLCB3aGF0IHdlcmUgeW91IHNheWluZz8=,,,,,W0VybWl0w6NvIENhcmxvc10KSGFoYS4uLi4gaGFoYWhhLi4uCkFnb3JhIG1lIHNpbnRvIG1lbGhvciEKRW50w6NvLCBvIHF1ZSB2b2PDqiBkaXNzZT8=,,W0NoYXJsZXMgSGVybWl0ZV0KSGFoYS4uLiBoYWhhaGEuLi4KwqFBaG9yYSBtZSBzaWVudG8gbWVqb3IhCkVudG9uY2VzLCDCv3F1w6kgZXN0YWJhcyBkaWNpZW5kbz8=
3wAwAg,,W0NoYXJsZXMgSGVybWl0ZV0KWWVzLCByaWdodC4KUGxlYXNlIHRlbGwgRW5yaWNvIHRoaXM6ClRoZSBvYmplY3QgaGUncyBpbnRlcmVzdGVkIGluIHdhcyBnaXZlbiBieSBIaXMgTWFqZXN0eSB0byBhIGd1aWxkIHRoYXQgcG9zc2Vzc2VkIGEgY2FzdGxlLg==,,,,,W0VybWl0w6NvIENhcmxvc10KU2ltLCBjZXJ0by4KUG9yIGZhdm9yLCBkaWdhIGlzc28gYSBFbnJpY28uCk8gb2JqZXRvIG5vIHF1YWwgZWxlIGVzdMOhIGludGVyZXNzYWRvIGZvaSBkYWRvIHBvciBTdWEgTWFqZXN0YWRlIGEgdW1hIGd1aWxkYSBxdWUgcG9zc3XDrWEgdW0gY2FzdGVsby4=,,W0NoYXJsZXMgSGVybWl0ZV0KU8OtLCBjbGFyby4KUG9yIGZhdm9yLCBkaWxlIGVzdG8gYSBFbnJpY286CkVsIG9iamV0byBxdWUgbGUgaW50ZXJlc2EgZnVlIGRhZG8gcG9yIFN1IE1hamVzdGFkIGEgdW4gZ3JlbWlvIHF1ZSBwb3Nlw61hIHVuIGNhc3RpbGxvLg==
4AAwAg,,W0NoYXJsZXMgSGVybWl0ZV0KSXQgY291bGQgbmV2ZXIgYmUgbWFkZSB3aXRoIG1lcmUgaHVtYW4gdGVjaG5vbG9neS4gQnV0IEkgZ3Vlc3MgdGhhdCBIaXMgTWFqZXN0eSB3aWxsIGxldCBzY2hvbGFycyBzdHVkeSBpdCwgYW5kIGxldCBtZW4gcG9zc2VzcyBpdCBpZiB0aGV5IHByb3ZlIHRoZW1zZWx2ZXMgY2FwYWJsZS4=,,,,,W0VybWl0w6NvIENhcmxvc10KRWxlIG7Do28gcG9kZSBzZXIgdHJhYmFsaGFkbyBzb21lbnRlIGNvbSBhIHRlY25vbG9naWEgaHVtYW5hLiBNYXMgYWNobyBxdWUgU3VhIE1hamVzdGFkZSB2YWkgZGVpeGFyIG9zIGFjYWTDqm1pY29zIG8gZXN0dWRhcmVtLCBlIGRlaXhhciBvcyBob21lbnMgcG9zc3XDrS1sbyBzZSBmb3JlbSBjYXBhemVzLg==,,W0NoYXJsZXMgSGVybWl0ZV0KTnVuY2EgcG9kcsOtYSBoYWNlcnNlIGNvbiBsYSBtZXJhIHRlY25vbG9nw61hIGh1bWFuYS4gUGVybyBzdXBvbmdvIHF1ZSBTdSBNYWplc3RhZCBkZWphcsOhIHF1ZSBsb3MgZXJ1ZGl0b3MgbG8gZXN0dWRpZW4geSBxdWUgbG9zIGhvbWJyZXMgbG8gcG9zZWFuIHNpIGRlbXVlc3RyYW4gc2VyIGNhcGFjZXMu
4QAwAg,,W0NoYXJsZXMgSGVybWl0ZV0KSSB3YXNuJ3Qgc3Ryb25nIGVub3VnaCB0byBiZSB3b3J0aHkgb2YgaXQuIEZyYW5rbHksIEkgc3RvbGUgaXQuIEJ1dCBzb29uIEkgYmVnYW4gdG8gZmVhciBpdHMgcHJlc2VuY2UsIGFuZCBteSBoZWFydCB3b3VsZCBwb3VuZCB3aXRoIGRyZWFkIHdoZW4gSSBzYXcgaXQu,,,,,W0VybWl0w6NvIENhcmxvc10KRXUgbsOjbyBlcmEgZm9ydGUgbyBiYXN0YW50ZSBwYXJhIGdhbmjDoS1sby4gRnJhbmNhbWVudGUsIGV1IG8gcm91YmVpLiBNYXMgbG9nbyBjb21lY2VpIGEgdGVtZXIgYSBzdWEgcHJlc2Vuw6dhIGUgbWV1IGNvcmHDp8OjbyBiYXRpYSBkZSBtZWRvIHF1YW5kbyBvIHZpYS4=,,W0NoYXJsZXMgSGVybWl0ZV0KWW8gbm8gZXJhIGxvIHN1ZmljaWVudGVtZW50ZSBmdWVydGUgY29tbyBwYXJhIHNlciBkaWdubyBkZSBlbGxhLiBGcmFuY2FtZW50ZSwgbGEgcm9iw6kuIFBlcm8gcHJvbnRvIGVtcGVjw6kgYSB0ZW1lciBzdSBwcmVzZW5jaWEsIHkgbWkgY29yYXrDs24gbGF0w61hIGNvbiBwYXZvciBjdWFuZG8gbG8gdmXDrWEu
4gAwAg,,W0NoYXJsZXMgSGVybWl0ZV0KT25lIGRheSwgSSB0aGluayBpdCBwb3NzZXNzZWQgbWUgYW5kIEkgZW5kZWQgdXAgZ29pbmcgb24gYSBqb3VybmV5LiBJJ20gbm90IHJlYWxseSBzdXJlIGV4YWN0bHkgd2hlcmUgdG8gdGhvdWdoLg==,,,,,W0VybWl0w6NvIENhcmxvc10KVW0gZGlhLCBhY2hvIHF1ZSBlbGUgbWUgcG9zc3VpdSwgbmEgdmVyZGFkZSwgZSBhY2FiZWkgc2FpbmRvIG51bWEgam9ybmFkYS4gTWFzIG7Do28gc2VpIG11aXRvIGJlbSBwYXJhIG9uZGUuLi4=,,W0NoYXJsZXMgSGVybWl0ZV0KVW4gZMOtYSwgY3JlbyBxdWUgbWUgcG9zZXnDsyB5IGFjYWLDqSB5w6luZG9tZSBkZSB2aWFqZS4gQXVucXVlIG5vIHPDqSBleGFjdGFtZW50ZSBhZMOzbmRlLg==
4wAwAg,,W0NoYXJsZXMgSGVybWl0ZV0KQWxsIEkgcmVtZW1iZXIgaXMgdGhhdCBJIHdhcyBpbiBMdXRpZSwgdGhlIHRvd24gb2Ygc25vdy4gSSB3ZW50IG92ZXIgYSBicmlkZ2UgdG8gYSBoaWxsIHRvIHRoZSB3ZXN0Lg==,,,,,W0VybWl0w6NvIENhcmxvc10KVHVkbyBxdWUgbWUgbGVtYnJvIGVyYSBxdWUgZXN0YXZhIGVtIEx1dGllLCBhIGNpZGFkZSBkYSBuZXZlLiBQYXNzZWkgcG9yIHVtYSBwb250ZSBhdMOpIHVtYSBjb2xpbmEgYSBvZXN0ZS4uLg==,,W0NoYXJsZXMgSGVybWl0ZV0KVG9kbyBsbyBxdWUgcmVjdWVyZG8gZXMgcXVlIGVzdGFiYSBlbiBMdXRpZSwgbGEgY2l1ZGFkIGRlIGxhIG5pZXZlLiBGdWkgcG9yIHVuIHB1ZW50ZSBhIHVuYSBjb2xpbmEgYWwgb2VzdGUu
5AAwAg,,W0NoYXJsZXMgSGVybWl0ZV0KQnV0IHdoZW4gSSBnb3QgdGhlcmUsIEkgd2FzIGdyaXBwZWQgYnkgdGhpcyBmZWVsaW5nIG9mIHRlcnJvciBJIGNhbid0IGV4cGxhaW4u,,,,,W0VybWl0w6NvIENhcmxvc10KTWFzLCBxdWFuZG8gY2hlZ3VlaSBhbGksIGZ1aSBkb21pbmFkbyBwb3IgdW1hIHNlbnNhw6fDo28gZGUgdGVycm9yIHF1ZSBuZW0gcG9zc28gZXhwbGljYXIu,,W0NoYXJsZXMgSGVybWl0ZV0KUGVybyBjdWFuZG8gbGxlZ3XDqSBhbGzDrSwgbWUgaW52YWRpw7MgdW5hIHNlbnNhY2nDs24gZGUgdGVycm9yIHF1ZSBubyBwdWVkbyBleHBsaWNhci4=
5QAwAg,,W0NoYXJsZXMgSGVybWl0ZV0KSSBlbmRlZCB1cCBydW5uaW5nIGF3YXkuIFRoYXQncyB3aHkgSSBnYXZlIGl0IHRvIE1yLiBFbnJpY28uIFlvdSBjYW4gbGF1Z2ggYXQgbWUgZm9yIGJlaW5nIGEgY293YXJkIGlmIHlvdSB3YW50Lg==,,,,,W0VybWl0w6NvIENhcmxvc10KQWNhYmVpIGZ1Z2luZG8uIMOJIHBvciBpc3NvIHF1ZSBvIGRlaSBhbyBTci4gRW5yaWNvLiBQb2RlIHJpciBkZSBtaW0gcG9yIGV1IHNlciB1bSBjb3ZhcmRlLCBzZSBxdWlzZXIu,,W0NoYXJsZXMgSGVybWl0ZV0KVGVybWluw6kgaHV5ZW5kby4gUG9yIGVzbyBzZSBsbyBkaSBhbCBTci4gRW5yaWNvLiBQdWVkZXMgcmXDrXJ0ZSBkZSBtw60gcG9yIGNvYmFyZGUgc2kgcXVpZXJlcy4=
5gAwAg,,W0NoYXJsZXMgSGVybWl0ZV0KWW91IGtub3cgZXZlcnl0aGluZyBub3cuClBsZWFzZSBsZWF2ZSBtZSBhbG9uZS4KXjMzMzMzM1NpZ2guLi5eMDAwMDAw,,,,,W0VybWl0w6NvIENhcmxvc10KQWdvcmEgdm9jw6ogc2FiZSBkZSB0dWRvLgpQb3IgZmF2b3IsIG1lIGRlaXhlIGVtIHBhei4KXjMzMzMzMypQZmYuLi4qXjAwMDAwMA==,,W0NoYXJsZXMgSGVybWl0ZV0KQWhvcmEgbG8gc2FiZXMgdG9kby4KUG9yIGZhdm9yLCBkw6lqYW1lIGVuIHBhei4KXjMzMzMzM1N1c3BpcmEuLi5eMDAwMDAw
5wAwAg,,W0NoYXJsZXMgSGVybWl0ZV0KSSdsbCBiZSB3YWl0aW5nLgpGb3Igc29tZSByZWFzb24sIEkgYmVsaWV2ZSBvbmUgZGF5IHlvdSdsbCBiZSBhYmxlIHRvIGZpbmQgc29tZSBzb3J0IG9mIGNsdWUgYWJvdXQgd2hhdCBoYXBwZW5lZCB0aGVzZSBwYXN0IHR3byB5ZWFycy4=,,,,,W0VybWl0w6NvIENhcmxvc10KRXN0YXJlaSBlc3BlcmFuZG8uClBvciBhbGd1bWEgcmF6w6NvLCBhY3JlZGl0byBxdWUsIGFsZ3VtIGRpYSwgdm9jw6ogdmFpIGNvbnNlZ3VpciBlbmNvbnRyYXIgYWxndW0gdGlwbyBkZSBwaXN0YSBzb2JyZSBvIHF1ZSBhY29udGVjZXUgbmVzc2VzIMO6bHRpbW9zIGRvaXMgYW5vcy4=,,W0NoYXJsZXMgSGVybWl0ZV0KRXN0YXLDqSBlc3BlcmFuZG8uClBvciBhbGd1bmEgcmF6w7NuLCBjcmVvIHF1ZSBhbGfDum4gZMOtYSBwb2Ryw6FzIGVuY29udHJhciBhbGd1bmEgcGlzdGEgc29icmUgbG8gcXVlIGhhIHBhc2FkbyBlc3RvcyBkb3Mgw7psdGltb3MgYcOxb3Mu
6AAwAg,,W0NoYXJsZXMgSGVybWl0ZV0KTG9oZW4gUGhlbGljaWE/ClRoZSBwZXJzb24gSSBhc2tlZCB5b3UgdG8gZmluZCBpcyBMb3dlbiwgbm90IExvaGVuLiBMb3dlbiBFbGxlbmVuLg==,,,,,W0VybWl0w6NvIENhcmxvc10KTG9oZW4gRmVsw61jaWE/CkEgcGVzc29hIHF1ZSBwZWRpIHBhcmEgdm9jw6ogZW5jb250cmFyIMOpIExvd2VuLCBuw6NvIExvaGVuLiBMb3dlbiBFbGxlbmVuLg==,,W0NoYXJsZXMgSGVybWl0ZV0Kwr9Mb2hlbiBQaGVsaWNpYT8KTGEgcGVyc29uYSBxdWUgdGUgcGVkw60gcXVlIGVuY29udHJhcmFzIGVzIExvd2VuLCBubyBMb2hlbi4gTG93ZW4gRWxsZW5lbi4=
6QAwAg,,W0NoYXJsZXMgSGVybWl0ZV0KSSdtIHNvcnJ5IGZvciB0aGUgdHJvdWJsZSwgYnV0IEkgdGhpbmsgeW91IHNob3VsZCB0cnkgYWdhaW4u,,,,,W0VybWl0w6NvIENhcmxvc10KRGVzY3VscGUgcGVsYSBjb25mdXPDo28sIG1hcyBhY2hvIHF1ZSDDqSBtZWxob3Igdm9jw6ogdGVudGFyIGRlIG5vdm8u,,W0NoYXJsZXMgSGVybWl0ZV0KU2llbnRvIGxhcyBtb2xlc3RpYXMsIHBlcm8gY3JlbyBxdWUgZGViZXLDrWFzIGludGVudGFybG8gZGUgbnVldm8u
6gAwAg,,W0NoYXJsZXMgSGVybWl0ZV0KV2hhdD8hCkhvdyBjb3VsZCB5b3UKdGFsayB0byBoZXI/IQpTaGUncyBkZWFkIQ==,,,,,W0VybWl0w6NvIENhcmxvc10KUXXDqi4uLj8KQ29tbyBjb25zZWd1aXUKZmFsYXIgY29tIGVsYT8hCkVsYSBlc3TDoSBtb3J0YSE=,,W0NoYXJsZXMgSGVybWl0ZV0KwqHCv1F1w6k/IQrCocK/Q8OzbW8gcHVkaXN0ZQrCoWhhYmxhciBjb24gZWxsYT8hCsKhRXN0w6EgbXVlcnRhIQ==
6wAwAg,,W0NoYXJsZXMgSGVybWl0ZV0KSSd2ZSBoZWFyZCB0aGUgcnVtb3JzLCBidXQgc2hlJ3MgZGVmaW5pdGVseSBkZWFkLiBJIHdhcyBldmVuIGF0IGhlciBmdW5lcmFsLiBTaGUgY2FuJ3QgYmUgYWxpdmUhIFRoYXQncyBub3QgdHJ1ZSBhdCBhbGwh,,,,,W0VybWl0w6NvIENhcmxvc10KRXUgb3V2aSBmYWxhciBkZXNzZXMgYm9hdG9zLCBtYXMsIGRlZmluaXRpdmFtZW50ZSwgZWxhIGZhbGVjZXUuIEV1IGF0w6kgZnVpIGFvIHNldSBmdW5lcmFsLiBFbGEgbsOjbyBwb2RlIGVzdGFyIHZpdmEuIElzc28gbsOjbyBwb2RlIHNlciB2ZXJkYWRlLg==,,W0NoYXJsZXMgSGVybWl0ZV0KSGUgb8OtZG8gbG9zIHJ1bW9yZXMsIHBlcm8gZGVmaW5pdGl2YW1lbnRlIGVzdMOhIG11ZXJ0YS4gSW5jbHVzbyBlc3R1dmUgZW4gc3UgZnVuZXJhbC4gwqFObyBwdWVkZSBlc3RhciB2aXZhISDCoUVzbyBubyBlcyBjaWVydG8h
7AAwAg,,W0NoYXJsZXMgSGVybWl0ZV0KVGhlIGxhc3QgdGltZSBJIHNhdyBoZXIgYWxpdmUgd2FzIGluIEdlZmZlbi4gVHdvIHllYXJzIGFmdGVyIHRoYXQsIEkgc2F3IGhlciBidXJpZWQgaW4gaGVyIGdyYXZlLiBEaWRuJ3QgSSB0ZWxsIHlvdSB0aGlzPw==,,,,,W0VybWl0w6NvIENhcmxvc10KQSDDumx0aW1hIHZleiBxdWUgZXUgYSB2aSB2aXZhIGZvaSBlbSBHZWZmZW4uIERvaXMgYW5vcyBkZXBvaXMgZGlzc28sIGV1IGEgdmkgc2VuZG8gZW50ZXJyYWRhLiBOw6NvIHRlIGNvbnRlaSBpc3NvPw==,,W0NoYXJsZXMgSGVybWl0ZV0KTGEgw7psdGltYSB2ZXogcXVlIGxhIHZpIHZpdmEgZnVlIGVuIEdlZmZlbi4gRG9zIGHDsW9zIGRlc3B1w6lzIGRlIGVzbywgbGEgdmkgZW50ZXJyYWRhIGVuIHN1IHR1bWJhLiDCv05vIHRlIGxvIGRpamU/
7QAwAg,,W0NoYXJsZXMgSGVybWl0ZV0KSSB3YW50IHlvdSB0byBmaW5kIG91dCB3aGF0IGhhcHBlbmVkIHRob3NlIHR3byB5ZWFycyBiZWZvcmUgc2hlIGRpZWQuIEkgd2FudCB0byBrbm93IHdoYXQgbGVkIGhlciB0byBoZXIgZGVhdGgu,,,,,W0VybWl0w6NvIENhcmxvc10KUXVlcm8gcXVlIHZvY8OqIGRlc2N1YnJhIG8gcXVlIGFjb250ZWNldSBuZXNzZXMgZG9pcyBhbm9zIGFudGVzIGRlIGVsYSBtb3JyZXIuIFF1ZXJvIHNhYmVyIG8gcXVlIGNhdXNvdSBhIHN1YSBtb3J0ZS4=,,W0NoYXJsZXMgSGVybWl0ZV0KUXVpZXJvIHF1ZSBhdmVyaWfDvGVzIHF1w6kgcGFzw7MgZXNvcyBkb3MgYcOxb3MgYW50ZXMgZGUgcXVlIG11cmllcmEuIFF1aWVybyBzYWJlciBxdcOpIGxhIGxsZXbDsyBhIGxhIG11ZXJ0ZS4=
7gAwAg,,W0NoYXJsZXMgSGVybWl0ZV0KV2hhdCB0aGUgaGVsbApraWxsZWQgaGVyPyEKRG9uJ3QgeW91IHVuZGVyc3RhbmQKaG93IEkgZmVlbCE/,,,,,W0VybWl0w6NvIENhcmxvc10KTyBxdWUgZGlhYm9zCmEgbWF0b3U/IQpWb2PDqiBuw6NvIGVudGVuZGUKY29tbyBtZSBzaW50bz8=,,W0NoYXJsZXMgSGVybWl0ZV0Kwr9RdcOpIGRlbW9uaW9zCmxhIG1hdMOzPwrCv8KhTm8gZW50aWVuZGVzCsK/wqFDw7NtbyBtZSBzaWVudG8hPw==
7wAwAg,,W0NoYXJsZXMgSGVybWl0ZV0KTG93ZW4gd2FzIGEgQ3J1c2FkZXIsIGEga25pZ2h0IGluIHRoZSBzZXJ2aWNlIG9mIEdvZCBwcmVwYXJpbmcgZm9yIHRoZSBIb2x5IFdhci4=,,,,,W0VybWl0w6NvIENhcmxvc10KTG93ZW4gZXJhIHVtYSBUZW1wbMOhcmlhLCB1bWEgY2F2YWxlaXJhIGEgc2VydmnDp28gZGEgc2FudGlkYWRlLCBzZSBwcmVwYXJhbmRvIHBhcmEgYSBndWVycmEgc2FudGEu,,W0NoYXJsZXMgSGVybWl0ZV0KTG93ZW4gZXJhIHVuIGNydXphZG8sIHVuIGNhYmFsbGVybyBhbCBzZXJ2aWNpbyBkZSBEaW9zIHF1ZSBzZSBwcmVwYXJhYmEgcGFyYSBsYSBHdWVycmEgU2FudGEu
8AAwAg,,W0NoYXJsZXMgSGVybWl0ZV0KSSBleHBlY3RlZCBoZXIgdG8gYmVjb21lIGEga25pZ2h0IGluIHRoZSBQcm9udGVyYSBDaGl2YWxyeSwgYnV0IHNoZSBzdWRkZW5seSBjaGFuZ2VkIGhlciBtaW5kIGFuZCBiZWNhbWUgYSBDcnVzYWRlci4gVGhlIGxhc3QgdGltZSBJIHNhdyBoZXIgd2FzIGluIEdlZmZlbi4=,,,,,W0VybWl0w6NvIENhcmxvc10KRXUgc2VtcHJlIGVzcGVyZWkgcXVlIGVsYSBzZSB0b3JuYXNzZSB1bWEgY2F2YWxlaXJhIGEgc2VydmnDp28gZGUgUHJvbnRlcmEsIG1hcywgZGUgcmVwZW50ZSwgZWxhIG11ZG91IGRlIGlkw6lpYSBlIHNlIHRvcm5vdSB1bWEgVGVtcGzDoXJpYS4gRXUgYSB2aSBwZWxhIMO6bHRpbWEgdmV6IGVtIEdlZmZlbi4=,,W0NoYXJsZXMgSGVybWl0ZV0KRXNwZXJhYmEgcXVlIHNlIGhpY2llcmEgY2FiYWxsZXJvIGRlIGxhIENhYmFsbGVyw61hIFByb250ZXJhLCBwZXJvIGRlIHJlcGVudGUgY2FtYmnDsyBkZSBvcGluacOzbiB5IHNlIGhpem8gY3J1emFkYS4gTGEgw7psdGltYSB2ZXogcXVlIGxhIHZpIGZ1ZSBlbiBHZWZmZW4u
8QAwAg,,W0NoYXJsZXMgSGVybWl0ZV0KSSBiZWcgeW91ISBQbGVhc2UgbGVhcm4gYW55dGhpbmcgeW91IGNhbiBhYm91dCB3aGF0IGhhcHBlbmVkIHRvIGhlciE=,,,,,W0VybWl0w6NvIENhcmxvc10KRXUgbGhlIGltcGxvcm8sIHBvciBmYXZvciwgZGVzY3VicmEgbyBxdWUgcHVkZXIgc29icmUgbyBxdWUgYWNvbnRlY2V1IGNvbSBlbGEu,,W0NoYXJsZXMgSGVybWl0ZV0KwqFTZSBsbyBydWVnbyEgwqFQb3IgZmF2b3IsIGF2ZXJpZ3VhIHRvZG8gbG8gcXVlIHB1ZWRhcyBzb2JyZSBsbyBxdWUgbGUgcGFzw7Mh
8gAwAg,,W0NoYXJsZXMgSGVybWl0ZV0KWW91J3JlIHN0aWxsIGhlcmU/CkRvZXMgdGhhdCBtZWFuIHlvdQp3YW50IHRvIGhlYXIgbXkKc3RvcnkgYWZ0ZXIgYWxsPw==,,,,,W0VybWl0w6NvIENhcmxvc10KVm9jw6ogYWluZGEgZXN0w6EgYXF1aS4KUXVlciBkaXplciBxdWUgdm9jw6ogCnF1ZXIsIGZpbmFsbWVudGUsIG91dmlyCmEgbWluaGEgaGlzdMOzcmlhPw==,,W0NoYXJsZXMgSGVybWl0ZV0Kwr9Ub2RhdsOtYSBlc3TDoXMgYXF1w60/CsK/U2lnbmlmaWNhIGVzbyBxdWUKcXVpZXJlcyBlc2N1Y2hhciBtaQpoaXN0b3JpYSBkZXNwdcOpcyBkZSB0b2RvPw==
8wAwAg,,WWVzLCBJIHdvdWxkIGxpa2UgdG8u,,,,,U2ltLCBldSBxdWVyby4=,,U8OtLCBtZSBndXN0YXLDrWEu
9AAwAg,,W0NoYXJsZXMgSGVybWl0ZV0KVGhhbmsgeW91IQpQZXJoYXBzIHlvdSdyZSBkb2luZyB0aGlzIG1lcmVseSBvdXQgb2YgY29uc2lkZXJhdGlvbiwgYnV0IEkgc3RpbGwgYXBwcmVjaWF0ZSB5b3VyIGtpbmRuZXNzLiBJIHdpbGwgdGVsbCB5b3UgYSB2ZXJ5IG9sZCBzdG9yeS4=,,,,,W0VybWl0w6NvIENhcmxvc10KT2JyaWdhZG8uLi4KVGFsdmV6IHZvY8OqIHPDsyBlc3RlamEgZmF6ZW5kbyBpc3NvIHBvciBjb25zaWRlcmHDp8OjbywgbWFzIG1lc21vIGFzc2ltIGFncmFkZcOnbyBhIGdlbnRpbGV6YS4gQSBoaXN0w7NyaWEgcXVlIHZvdSBsaGUgY29udGFyIMOpIG11aXRvIGFudGlnYS4=,,W0NoYXJsZXMgSGVybWl0ZV0KwqFHcmFjaWFzIQpUYWwgdmV6IGxvIGhhZ2FzIHPDs2xvIHBvciBjb25zaWRlcmFjacOzbiwgcGVybyBhw7puIGFzw60gYXByZWNpbyB0dSBhbWFiaWxpZGFkLiBMZSBjb250YXLDqSB1bmEgaGlzdG9yaWEgbXV5IGFudGlndWEu
9QAwAg,,W0NoYXJsZXMgSGVybWl0ZV0KTG9uZyBhZ28sIHRoZXJlIHdhcyBhIGxpdHRsZSBib3kgd2hvIG5ldmVyIGtuZXcgaGlzIHBhcmVudHMuIEluIG9yZGVyIHRvIHN1cnZpdmUsIGhlIGJlY2FtZSBhIHRoaWVmIGFuZCBldmVudHVhbGx5IGpvaW5lZCB0aGUgUm9ndWVzJyBHdWlsZC4=,,,,,W0VybWl0w6NvIENhcmxvc10KSMOhIG11aXRvIHRlbXBvLCBoYXZpYSB1bSBnYXJvdGluaG8gcXVlIG7Do28gY29uaGVjZXUgc2V1cyBwYWlzLiBQYXJhIHBvZGVyIHNvYnJldml2ZXIsIGVsZSBzZSB0b3Jub3UgdW0gR2F0dW5vIGUgY2hlZ291IGEgZW50cmFyIHBhcmEgYSBHdWlsZGEgZG9zIEFycnVhY2Vpcm9zLg==,,W0NoYXJsZXMgSGVybWl0ZV0KSGFjZSBtdWNobyB0aWVtcG8sIGhhYsOtYSB1biBuacOxbyBxdWUgbnVuY2EgY29ub2Npw7MgYSBzdXMgcGFkcmVzLiBQYXJhIHNvYnJldml2aXIsIHNlIGhpem8gbGFkcsOzbiB5IGFjYWLDsyB1bmnDqW5kb3NlIGFsIEdyZW1pbyBkZSBQw61jYXJvcy4=
9gAwAg,,W0NoYXJsZXMgSGVybWl0ZV0KV2l0aG91dCBhbnkgZ29hbHMgb3IgZHJlYW1zLCBoaXMgbGlmZSB3YXMgYmFzaWNhbGx5IGFpbWxlc3MuIEhlIHByZXR0eSBtdWNoIG9ubHkgbGl2ZWQgc28gdGhhdCBoZSBjb3VsZCBzZWUgdGhlIG5leHQgZGF5Lg==,,,,,W0VybWl0w6NvIENhcmxvc10KU2VtIG5lbmh1bSBzb25obyBvdSBvYmpldGl2bywgc3VhIHZpZGEgZXJhIHNlbSBydW1vLiBFbGUgcHJhdGljYW1lbnRlIHPDsyB2aXZpYSBwYXJhIHBvZGVyIGNoZWdhciBhbyBkaWEgc2VndWludGUu,,W0NoYXJsZXMgSGVybWl0ZV0KU2luIG1ldGFzIG5pIHN1ZcOxb3MsIHN1IHZpZGEgY2FyZWPDrWEgZGUgb2JqZXRpdm9zLiBQcsOhY3RpY2FtZW50ZSBzw7NsbyB2aXbDrWEgcGFyYSBwb2RlciB2ZXIgZWwgZMOtYSBzaWd1aWVudGUu
9wAwAg,,W0NoYXJsZXMgSGVybWl0ZV0KT25lIGRheSwgdGhlIGxpdHRsZSBib3kgbWV0IHNvbWVvbmUgd2hvIHdhcyBmdWxsIG9mIGhvcGUgYW5kIGtpbmRuZXNzLiBIZSBhZG1pcmVkIGhlciBhbmQgc2hlIGJlY2FtZSBoaXMgcmVhc29uIGZvciBsaXZpbmcu,,,,,W0VybWl0w6NvIENhcmxvc10KTWFzIG8gZ2Fyb3RvIGVuY29udHJvdSBhbGd1w6ltIGNoZWlhIGRlIGVzcGVyYW7Dp2EgZSB0ZXJudXJhLiBFbGUgYSBhZG1pcmF2YSBlIGVsYSBzZSB0b3Jub3UgYSBzdWEgcmF6w6NvIGRlIHZpdmVyLg==,,W0NoYXJsZXMgSGVybWl0ZV0KVW4gZMOtYSwgZWwgbmnDsW8gY29ub2Npw7MgYSB1bmEgcGVyc29uYSBsbGVuYSBkZSBlc3BlcmFuemEgeSBib25kYWQuIExhIGFkbWlyw7MgeSBzZSBjb252aXJ0acOzIGVuIHN1IHJhesOzbiBkZSB2aXZpci4=
+AAwAg,,W0NoYXJsZXMgSGVybWl0ZV0KU2hlIG5ldmVyIGtuZXcgdGhhdCB0aGUgbGl0dGxlIGJveSBsb3ZlZCBoZXIgbW9yZSB0aGFuIGFueXRoaW5nIGVsc2UuIFVubGlrZSB0aGUgYm95LCBoZXIgZHJlYW0gd2FzIHRvIGRldm90ZSBoZXIgbGlmZSB0byBHb2Qu,,,,,W0VybWl0w6NvIENhcmxvc10KRWxhIG51bmNhIHZhaSBzYWJlciBxdWUgbyBnYXJvdG8gYSBhbWF2YSBtYWlzIGRvIHF1ZSBhIHF1YWxxdWVyIGNvaXNhLiBBbyBjb250csOhcmlvIGRvIGdhcm90bywgc2V1IHNvbmhvIGVyYSBkZXZvdGFyIHN1YSB2aWRhIGEgRGV1cy4=,,W0NoYXJsZXMgSGVybWl0ZV0KTnVuY2Egc3VwbyBxdWUgZWwgbmnDsW8gbGEgYW1hYmEgbcOhcyBxdWUgYSBuYWRhLiBBIGRpZmVyZW5jaWEgZGVsIG5pw7FvLCBzdSBzdWXDsW8gZXJhIGRlZGljYXIgc3UgdmlkYSBhIERpb3Mu
+QAwAg,,W0NoYXJsZXMgSGVybWl0ZV0KQWx0aG91Z2ggaGUgbmV2ZXIgdW5kZXJzdG9vZCBoZXIsIGhlIGtuZXcgdGhhdCBoZSB3b3VsZCBiZSBoYXBweSBqdXN0IGJlaW5nIG5lYXIgaGVyLg==,,,,,W0VybWl0w6NvIENhcmxvc10KRW1ib3JhIG51bmNhIGVudGVuZGVzc2UgaXNzbywgZWxlIHNhYmlhIHF1ZSBmaWNhcmlhIGZlbGl6IHPDsyBkZSBmaWNhciBwZXJ0byBkZWxhLCBvdSBtZXNtbyBkZSB2w6otbGEgYSBkaXN0w6JuY2lhLg==,,W0NoYXJsZXMgSGVybWl0ZV0KQXVucXVlIG51bmNhIGxhIGVudGVuZGnDsywgc2Fiw61hIHF1ZSBzZXLDrWEgZmVsaXogc8OzbG8gY29uIGVzdGFyIGNlcmNhIGRlIGVsbGEu
+gAwAg,,W0NoYXJsZXMgSGVybWl0ZV0KQnV0IG9uZSBkYXksIGJlY2F1c2Ugb2Ygb25lIGZhdGFsIG1pc3Rha2UsIGhlIGxvc3QgaGVyLCBhbmQgc2hlIG5ldmVyIGNhbWUgYmFjay4=,,,,,W0VybWl0w6NvIENhcmxvc10KTWFzLCB1bSBkaWEsIGRlcG9pcyBkZSB1bSBlcnJvIGZhdGFsLCBlbGUgYSBwZXJkZXUgZSBlbGEgbnVuY2Egdm9sdG91Lg==,,W0NoYXJsZXMgSGVybWl0ZV0KUGVybyB1biBkw61hLCBhIGNhdXNhIGRlIHVuIGVycm9yIGZhdGFsLCBsYSBwZXJkacOzIHkgbnVuY2Egdm9sdmnDsy4=
+wAwAg,,W0NoYXJsZXMgSGVybWl0ZV0KRXZlciBzaW5jZSB0aGVuLCB0aGF0IGJveSBoYXMgYmVlbiBjb21pbmcgdG8gdGhlIHNhbmN0dWFyeSBldmVyeWRheSB0byBwcmF5IGZvciBoZXIgc2FmZXR5LCBldmVuIGludG8gYWR1bHRob29kLg==,,,,,W0VybWl0w6NvIENhcmxvc10KRGVzZGUgZW50w6NvLCBvIGdhcm90byB0ZW0gdmluZG8gYW8gU2FudHXDoXJpbyB0b2RvcyBvcyBkaWFzIHBhcmEgcmV6YXIgcG9yIHN1YSBzZWd1cmFuw6dhLCBtZXNtbyBkZXBvaXMgZGUgY3Jlc2NpZG8u,,W0NoYXJsZXMgSGVybWl0ZV0KRGVzZGUgZW50b25jZXMsIGVzZSBuacOxbyBoYSB2ZW5pZG8gdG9kb3MgbG9zIGTDrWFzIGFsIHNhbnR1YXJpbyBhIHJlemFyIHBvciBzdSBzZWd1cmlkYWQsIGluY2x1c28gaGFzdGEgbGEgZWRhZCBhZHVsdGEu
/AAwAg,,W0NoYXJsZXMgSGVybWl0ZV0KLi4uLi4uCi4uLl4zMzMzMzNTb2JeMDAwMDAwClBsZWFzZSBmaW5kCmhlciBmb3IgbWUuCkZpbmQgTG93ZW4u,,,,,W0VybWl0w6NvIENhcmxvc10KLi4uCi4uLi4uLl4zMzMzMzMqc29sdcOnbypeMDAwMDAwClBvciBmYXZvciwgZW5jb250cmUKZWxhIHBhcmEgbWltLgpFbmNvbnRyZSBMb3dlbi4=,,W0NoYXJsZXMgSGVybWl0ZV0KLi4uLi4uCi4uLl4zMzMzMzNTb2JeMDAwMDAwClBvciBmYXZvciwgZW5jdWVudHJhCnBvciBtw60uCkVuY3VlbnRyYSBhIExvd2VuLg==
/QAwAg,,W0NoYXJsZXMgSGVybWl0ZV0KSSBrbm93IHRoYXQgRW5yaWNvIHNlbnQgeW91LiBJJ20gZ3Vlc3NpbmcgaGUgbmVlZHMgc29tZXRoaW5nIGZyb20gbWUuIEFtIEkgcmlnaHQ/,,,,,W0VybWl0w6NvIENhcmxvc10KRXUgc2VpIHF1ZSBFbnJpY28gbWFuZG91IHZvY8OqLiBBY2hvIHF1ZSBlbGUgcXVlciBhbGdvIGRlIG1pbS4gRXN0b3UgZXJyYWRvPw==,,W0NoYXJsZXMgSGVybWl0ZV0KU8OpIHF1ZSBFbnJpY28gdGUgZW52acOzLiBTdXBvbmdvIHF1ZSBuZWNlc2l0YSBhbGdvIGRlIG3DrS4gwr9Fc3RveSBlbiBsbyBjaWVydG8/
/gAwAg,,W0NoYXJsZXMgSGVybWl0ZV0KSSdsbCBkbyB3aGF0ZXZlciB5b3Ugd2FudCBvbmx5IGlmIHlvdSBkbyB3aGF0IEkgYXNrLiBJdCdzIHNpbXBsZTogZmluZCBvdXQgYW55dGhpbmcgeW91IGNhbiBhYm91dCBMb3dlbi4=,,,,,W0VybWl0w6NvIENhcmxvc10KRmFyZWkgbyBxdWUgdm9jw6ogcXVpc2VyLCBzZSBmaXplciBvIHF1ZSBsaGUgcGVkaXIuIMOJIHNpbXBsZXM6IGRlc2N1YnJhIG8gcXVlIHB1ZGVyIHNvYnJlIExvd2VuLg==,,W0NoYXJsZXMgSGVybWl0ZV0KSGFyw6kgbG8gcXVlIHF1aWVyYXMgc8OzbG8gc2kgaGFjZXMgbG8gcXVlIHRlIHBpZG8uIEVzIHNpbXBsZTogYXZlcmlndWEgdG9kbyBsbyBxdWUgcHVlZGFzIHNvYnJlIExvd2VuLg==
/wAwAg,,W0NoYXJsZXMgSGVybWl0ZV0KSXQgZG9lc24ndCBtYXR0ZXIgaG93IGluc2lnbmlmaWNhbnQgdGhlIHRyYWNlcyBtYXkgYmUsIGFueXRoaW5nIHdpbGwgZG8uIEkgd2FudCB0byBrbm93IGV2ZXJ5dGhpbmcgcmVsYXRlZCB0byBoZXIh,,,,,W0VybWl0w6NvIENhcmxvc10KTsOjbyBpbXBvcnRhIHF1ZSBhcyBwaXN0YXMgc2VqYW0gaW5zaWduaWZpY2FudGVzLCBxdWFscXVlciBjb2lzYSB2YWxlLiBRdWVybyBzYWJlciB0dWRvIHF1ZSB0ZW5oYSBhIHZlciBjb20gZWxhIQ==,,W0NoYXJsZXMgSGVybWl0ZV0KTm8gaW1wb3J0YSBjdcOhbiBpbnNpZ25pZmljYW50ZXMgc2VhbiBsb3MgcmFzdHJvcywgY3VhbHF1aWVyIGNvc2Egc2Vydmlyw6EuIMKhUXVpZXJvIHNhYmVyIHRvZG8gbG8gcmVsYWNpb25hZG8gY29uIGVsbGEh
AAEwAg,,VWhoaGhoLi4u,,,,,VWhoaGhoLi4u,,VWhoaGhoLi4u
AQEwAg,,U29ycnksIEkgY2FuJ3Qu,,,,,RGVzY3VscGUsIG7Do28gcG9zc28u,,TG8gc2llbnRvLCBubyBwdWVkby4=
AgEwAg,,V2hlbiB3YXMgdGhlIGxhc3QgdGltZSB5b3Ugc2F3IGhlcj8=,,,,,UXVhbmRvIGZvaSBhIMO6bHRpbWEgdmV6IHF1ZSB2b2PDqiBhIHZpdT8=,,wr9DdcOhbmRvIGZ1ZSBsYSDDumx0aW1hIHZleiBxdWUgbGEgdmlzdGU/
AwEwAg,,W0NoYXJsZXMgSGVybWl0ZV0KUGxlYXNlIGNvbnNpZGVyIG15IHByb3Bvc2FsLiBJZiB5b3UgY2FuIGZpbmQgTG93ZW4gZm9yIG1lLCBJJ2xsIGdpdmUgeW91IHdoYXQgeW91IHdhbnQu,,,,,W0VybWl0w6NvIENhcmxvc10KUG9yIGZhdm9yLCBwZW5zZSBuYSBtaW5oYSBwcm9wb3N0YS4gU2UgcHVkZXIgZW5jb250cmFyIExvd2VuIHBhcmEgbWltLCBsaGUgZGFyZWkgbyBxdWUgcXVpc2VyLg==,,W0NoYXJsZXMgSGVybWl0ZV0KUG9yIGZhdm9yLCBjb25zaWRlcmUgbWkgcHJvcHVlc3RhLiBTaSBwdWVkZXMgZW5jb250cmFyIGEgTG93ZW4gcG9yIG3DrSwgdGUgZGFyw6kgbG8gcXVlIHF1aWVyZXMu
BAEwAg,,W0NoYXJsZXMgSGVybWl0ZV0KUGxlYXNlLCBJIGJlZyB5b3UuCllvdSBhcmUgYSBzdHJvbmcgYW5kIHdlbGwtZXhwZXJpZW5jZWQgYWR2ZW50dXJlci4gSXNuJ3QgdGhpcyBhIHNpbXBsZSB0aGluZyB0byBhc2sgb2YgeW91Pw==,,,,,W0VybWl0w6NvIENhcmxvc10KUG9yIGZhdm9yLCBldSBzdXBsaWNvLgp2b2PDqiDDqSB1bSBhdmVudHVyZWlybyBmb3J0ZSBlIGV4cGVyaWVudGUuIMOJIHVtYSBjb2lzYSBzaW1wbGVzIHBhcmEgdm9jw6osIG7Do28/,,W0NoYXJsZXMgSGVybWl0ZV0KUG9yIGZhdm9yLCBzZSBsbyBydWVnby4KRXJlcyB1biBhdmVudHVyZXJvIGZ1ZXJ0ZSB5IGV4cGVyaW1lbnRhZG8uIMK/Tm8gZXMgYWxnbyBzZW5jaWxsbyBxdWUgcGVkaXJ0ZT8=
BQEwAg,,W0NoYXJsZXMgSGVybWl0ZV0KSWYgeW91J3ZlIGV2ZXIgZGVhcmx5IGxvdmVkIHNvbWVvbmUsIHRoZW4geW91J2xsIGtub3cgaG93IGRlc3BlcmF0ZSBJIGFtLiBQbGVhc2UgZmluZCBMb3dlbiBmb3IgbWUu,,,,,W0VybWl0w6NvIENhcmxvc10KU2Ugdm9jw6ogasOhIGFtb3UgbXVpdG8gYWxndcOpbSwgZW50w6NvIGRldmUgc2FiZXIgbyBxdWFudG8gZXN0b3UgZGVzZXNwZXJhZG8uIFBvciBmYXZvciwgZW5jb250cmUgTG93ZW4gcGFyYSBtaW0u,,W0NoYXJsZXMgSGVybWl0ZV0KU2kgYWxndW5hIHZleiBoYXMgcXVlcmlkbyBhIGFsZ3VpZW4sIHNhYnLDoXMgbG8gZGVzZXNwZXJhZG8gcXVlIGVzdG95LiBQb3IgZmF2b3IsIGVuY3VlbnRyYSBhIExvd2VuIHBvciBtw60u
BgEwAg,,QWxyaWdodCE=,,,,,Li4uVHVkbyBiZW0u,,wqFNdXkgYmllbiE=
BwEwAg,,SSdtIHNvcnJ5LCBJIGRvbid0IHRoaW5rIEkgY2FuIGRvIGl0Lg==,,,,,TWUgZGVzY3VscGUsIGFjaG8gcXVlIG7Do28gcG9zc28u,,TG8gc2llbnRvLCBubyBjcmVvIHF1ZSBwdWVkYSBoYWNlcmxvLg==
CAEwAg,,W3swfV0KQWxyaWdodC4KSSdsbCB0cnkgbXkgYmVzdCB0byBmaW5kIGhlci4gV291bGQgeW91IHRlbGwgbWUgbW9yZSBhYm91dCBMb3dlbj8=,,,,,W3swfV0KVHVkbyBiZW0uCkZhcmVpIG8gbWV1IG1lbGhvciBwYXJhIGVuY29udHLDoS1sYS4gUG9kZSBtZSBjb250YXIgbWFpcyBzb2JyZSBMb3dlbj8=,,W3swfV0KRGUgYWN1ZXJkby4KSGFyw6kgdG9kbyBsbyBwb3NpYmxlIHBvciBlbmNvbnRyYXJsYS4gwr9Qb2Ryw61hcyBjb250YXJtZSBtw6FzIHNvYnJlIExvd2VuPw==
CQEwAg,,W0NoYXJsZXMgSGVybWl0ZV0KU2hlIGlzIGEgQ3J1c2FkZXIuClRoZSBsYXN0IHRpbWUgSSBzYXcgaGVyIHdhcyBkZWVwIGluc2lkZSBHZWZmZW4gRHVuZ2Vvbi4=,,,,,W0VybWl0w6NvIENhcmxvc10KRWxhIMOpIHVtYSBUZW1wbMOhcmlhLgpBIMO6bHRpbWEgdmV6IHF1ZSBldSBhIHZpIGZvaSBuYXMgcHJvZnVuZGV6YXMgZG8gQ2FsYWJvdcOnbyBkZSBHZWZmZW4u,,W0NoYXJsZXMgSGVybWl0ZV0KRWxsYSBlcyB1bmEgQ3J1emFkYS4KTGEgw7psdGltYSB2ZXogcXVlIGxhIHZpIGZ1ZSBlbiBsYXMgcHJvZnVuZGlkYWRlcyBkZSBHZWZmZW4gRHVuZ2Vvbi4=
CgEwAg,,W0NoYXJsZXMgSGVybWl0ZV0KTG9uZyBhZ28sIHNvbWUgQ3J1c2FkZXJzIGVudGVyZWQgR2VmZmVuIER1bmdlb24gb24gYSBtb25zdGVyIGV4dGVybWluYXRpb24gZXhwZWRpdGlvbi4=,,,,,W0VybWl0w6NvIENhcmxvc10KSMOhIG11aXRvIHRlbXBvLCBhbGd1bnMgVGVtcGzDoXJpb3MgZW50cmFyYW0gbm8gQ2FsYWJvdcOnbyBkZSBHZWZmZW4sIG51bWEgZXhwZWRpw6fDo28gcGFyYSBzdWJqdWdhciBtb25zdHJvcy4=,,W0NoYXJsZXMgSGVybWl0ZV0KSGFjZSBtdWNobyB0aWVtcG8sIHVub3MgY3J1emFkb3MgZW50cmFyb24gZW4gbGEgTWF6bW9ycmEgR2VmZmVuIGVuIHVuYSBleHBlZGljacOzbiBkZSBleHRlcm1pbmlvIGRlIG1vbnN0cnVvcy4=
CwEwAg,,W0NoYXJsZXMgSGVybWl0ZV0KUGxlYXNlIGZpbmQgb3V0CmFueXRoaW5nIHRoYXQKeW91IGNhbi4gSSBiZWcKb2YgeW91IQ==,,,,,W0VybWl0w6NvIENhcmxvc10KUG9yIGZhdm9yLCBkZXNjdWJyYQp0dWRvIG8gcXVlCnB1ZGVyLiBFdSBzdXBsaWNvCmEgdm9jw6ouLi4=,,W0NoYXJsZXMgSGVybWl0ZV0KUG9yIGZhdm9yLCBhdmVyaWfDvGUKdG9kbyBsbyBxdWUKcHVlZGEuIFNlIGxvIHJ1ZWdvLgpzZSBsbyBydWVnby4=
DAEwAg,,W0NoYXJsZXMgSGVybWl0ZV0KXjMzMzMzM1NpZ2guLi5eMDAwMDAwCkkgdW5kZXJzdGFuZC4KQnV0IGlmIHlvdSBkb24ndCBoZWxwIG1lLCB0aGVuIEthaWxpIHdvbid0IGdldCB0aGUgaGVscCBoZSBuZWVkcy4uLg==,,,,,W0VybWl0w6NvIENhcmxvc10KXjMzMzMzMypQZmYuLi4qXjAwMDAwMApFbnRlbmRvLgpNYXMsIHNlIG7Do28gbWUgYWp1ZGFyLCBlbnTDo28gS2FpbGkgbsOjbyB2YWkgdGVyIGEgYWp1ZGEgZGUgcXVlIHByZWNpc2EuLi4=,,W0NoYXJsZXMgSGVybWl0ZV0KXjMzMzMzM1N1c3Bpcm8uLi5eMDAwMDAwCkVudGllbmRvLgpQZXJvIHNpIG5vIG1lIGF5dWRhcywgZW50b25jZXMgS2FpbGkgbm8gdGVuZHLDoSBsYSBheXVkYSBxdWUgbmVjZXNpdGEuLi4=
DQEwAg,,W0NoYXJsZXMgSGVybWl0ZV0KWW91IGRvbid0IHVuZGVyc3RhbmQhCklmIEkgd2VyZW4ndCBhIGNvd2FyZCwgSSB3b3VsZCBhbHJlYWR5IGhhdmUgZ29uZSB0byBmaW5kIG91dCB3aGF0IEkgY291bGQgZm9yIG15c2VsZi4=,,,,,W0VybWl0w6NvIENhcmxvc10KVm9jw6ogbsOjbyBlbnRlbmRlIQpTZSBldSBuw6NvIGZvc3NlIHTDo28gY292YXJkZSwgasOhIHRlcmlhIHNhw61kbyBwYXJhIGRlc2NvYnJpciBwb3IgbWltIG1lc21vLg==,,W0NoYXJsZXMgSGVybWl0ZV0KwqFObyBsbyBlbnRpZW5kZXMhClNpIG5vIGZ1ZXJhIHVuIGNvYmFyZGUsIHlhIGhhYnLDrWEgaWRvIGEgYXZlcmlndWFyIGxvIHF1ZSBwdWRpZXJhIHBvciBtw60gbWlzbW8u
DgEwAg,,W0NoYXJsZXMgSGVybWl0ZV0KSSdtIG5vdCBhZnJhaWQgb2YgbW9uc3RlcnMgb3IgZHlpbmcuIEl0J3MgdGhlIGZhY3QgdGhhdCBzaGUgbWlnaHQgaGF0ZSBtZSBub3cuIFRoYXQncyB3aGF0IEkgZmVhciBtb3N0OiBMb3dlbidzIHNjb3JuLg==,,,,,W0VybWl0w6NvIENhcmxvc10KTsOjbyB0ZW5obyBtZWRvIGRlIG1vbnN0cm9zIG5lbSBkZSBtb3JyZXIuIMOJIG8gZmF0byBkZSBlbGEgcG9kZXIgbWUgb2RpYXIgYWdvcmEuIMOJIGRpc3NvIHF1ZSB0ZW5obyBtZWRvOiBhIGNlbnN1cmEgZGUgTG93ZW4u,,W0NoYXJsZXMgSGVybWl0ZV0KTm8gdGVuZ28gbWllZG8gZGUgbG9zIG1vbnN0cnVvcyBvIGRlIG1vcmlyLiBFcyBlbCBoZWNobyBkZSBxdWUgcHVlZGEgb2RpYXJtZSBhaG9yYS4gRXNvIGVzIGxvIHF1ZSBtw6FzIHRlbW86IEVsIGRlc3ByZWNpbyBkZSBMb3dlbi4=
DwEwAg,,W0NoYXJsZXMgSGVybWl0ZV0KSSBoYXZlIG5vIGlkZWEgaG93IHNoZSBoYXMgYmVlbiBhbmQgaG93IHNoZSB3b3VsZCByZWFjdCB0byBzZWVpbmcgbWUgb25jZSBtb3JlLiBHbyBhaGVhZCBhbmQgbGF1Z2ggaWYgeW91IHdhbnQuCkhvdyBzaGUgd291bGQgcmVhY3QgdG8gbXkgYXBwZWFyYW5jZS4=,,,,,W0VybWl0w6NvIENhcmxvc10KTsOjbyBmYcOnbyBpZMOpaWEgZGUgY29tbyBlbGEgZXN0w6EgbmVtIGRlIGNvbW8gZWxhIHJlYWdpcmlhIGFvIG1lIHZlciBkZSBub3ZvLiBWw6EgZW0gZnJlbnRlLCByaWEgc2UgcXVpc2VyLgpjb21vIGVsYSByZWFnaXJpYSDDoCBtaW5oYSBhcGFyw6puY2lhLg==,,W0NoYXJsZXMgSGVybWl0ZV0KTm8gdGVuZ28gbmkgaWRlYSBkZSBjw7NtbyBoYSBlc3RhZG8geSBjw7NtbyByZWFjY2lvbmFyw61hIGFsIHZlcm1lIHVuYSB2ZXogbcOhcy4gQWRlbGFudGUsIHLDrWV0ZSBzaSBxdWllcmVzLgpDw7NtbyByZWFjY2lvbmFyw61hIGFudGUgbWkgYXBhcmljacOzbi4=
EAEwAg,,W0NoYXJsZXMgSGVybWl0ZV0KQWxsIEkgY2FuIGRvIGZvciBoZXIgaXMgcHJheS4gSSBoYWQgbm8gaWRlYSBpdCdkIGJlIHNvIGhvcnJpYmxlIG5vdCB0byBzZWUgaGVyIGFueW1vcmUuLi4=,,,,,W0VybWl0w6NvIENhcmxvc10KVHVkbyBvIHF1ZSBwb3NzbyBmYXplciBwb3IgZWxhIMOpIHJlemFyLCBkZSB0b2RvIGNvcmHDp8Ojby4gTsOjbyBmYXppYSBpZMOpaWEgcXVlIHNlcmlhIHTDo28gaG9ycsOtdmVsIG7Do28gcG9kZXIgbWFpcyB2w6otbGEuLi4=,,W0NoYXJsZXMgSGVybWl0ZV0KVG9kbyBsbyBxdWUgcHVlZG8gaGFjZXIgcG9yIGVsbGEgZXMgcmV6YXIuIE5vIHRlbsOtYSBpZGVhIGRlIHF1ZSBzZXLDrWEgdGFuIGhvcnJpYmxlIG5vIHZlcmxhIG3DoXMuLi4=
EQEwAg,,W0NoYXJsZXMgSGVybWl0ZV0KVGhlIGxhc3QgdGltZSBJIHNhdyBoZXIgd2FzIGRlZXAgaW5zaWRlIEdlZmZlbiBEdW5nZW9uLg==,,,,,W0VybWl0w6NvIENhcmxvc10KQSDDumx0aW1hIHZleiBxdWUgYSB2aSBmb2kgbmFzIHByb2Z1bmRlemFzIGRvIENhbGFib3XDp28gZGUgR2VmZmVuLg==,,W0NoYXJsZXMgSGVybWl0ZV0KTGEgw7psdGltYSB2ZXogcXVlIGxhIHZpIGZ1ZSBlbiBsYXMgcHJvZnVuZGlkYWRlcyBkZWwgR2VmZmVuIER1bmdlb24u
EgEwAg,,W0NoYXJsZXMgSGVybWl0ZV0KVGhvdWdoIGl0IHdhcyBjcmVhdGVkIGJ5IGh1bWFucywgdGhhdCBkdW5nZW9uIGlzIG5vdyBjdXJzZWQgYW5kIHN3YXJtaW5nIHdpdGggaG9ycmlibGUgbW9uc3RlcnMu,,,,,W0VybWl0w6NvIENhcmxvc10KRW1ib3JhIHRlbmhhIHNpZG8gY3JpYWRvIHBvciBodW1hbm9zLCBlc3NlIGNhbGFib3XDp28gYWdvcmEgw6kgYW1hbGRpw6dvYWRvIGUgaGFiaXRhZG8gcG9yIG1vbnN0cm9zIGhvcnLDrXZlaXMu,,W0NoYXJsZXMgSGVybWl0ZV0KQXVucXVlIGZ1ZSBjcmVhZGEgcG9yIGh1bWFub3MsIGVzYSBtYXptb3JyYSBlc3TDoSBhaG9yYSBtYWxkaXRhIHkgcGxhZ2FkYSBkZSBob3JyaWJsZXMgbW9uc3RydW9zLg==
EwEwAg,,W0NoYXJsZXMgSGVybWl0ZV0KSSdtIGd1ZXNzaW5nIHRoZSBDcnVzYWRlcnMgc2F3IHRoYXQgaXQgd2FzIG5lY2Vzc2FyeSB0byBleHRlcm1pbmF0ZSB0aGUgbW9uc3RlcnMgdGhlcmUgdG8gcHJldmVudCBpdCBnZXR0aW5nIHdvcnNlLg==,,,,,W0VybWl0w6NvIENhcmxvc10KT3MgVGVtcGzDoXJpb3MgZGV2ZW0gdGVyIGFjaGFkbyBuZWNlc3PDoXJpbyBleHRlcm1pbmFyIG9zIG1vbnN0cm9zIGRhbGkgcGFyYSBxdWUgbsOjbyBmaWNhc3NlIHBpb3Iu,,W0NoYXJsZXMgSGVybWl0ZV0KU3Vwb25nbyBxdWUgbG9zIGNydXphZG9zIHZpZXJvbiBxdWUgZXJhIG5lY2VzYXJpbyBleHRlcm1pbmFyIGEgbG9zIG1vbnN0cnVvcyBkZSBhbGzDrSBwYXJhIGV2aXRhciBxdWUgZW1wZW9yYXJhLg==
FAEwAg,,W0NoYXJsZXMgSGVybWl0ZV0KTG93ZW4gYWNjb21wYW5pZWQgYSBncm91cCBvZiBvdGhlciBDcnVzYWRlcnMgZm9yIHRoZSBnb29kIG9mIHRoZSBwZW9wbGUsIGJ1dCBJIGhhdmVuJ3QgaGVhcmQgYW55dGhpbmcgYWJvdXQgaGVyIHNpbmNlIHRoZW4u,,,,,W0VybWl0w6NvIENhcmxvc10KTG93ZW4gYWNvbXBhbmhvdSB1bSBncnVwbyBkZSBvdXRyb3MgVGVtcGzDoXJpb3MsIHBlbG8gYmVtIGRhIHBvcHVsYcOnw6NvLCBtYXMgbsOjbyB0ZW5obyBvdXZpZG8gbmFkYSBzb2JyZSBlbGEgZGVzZGUgZW50w6NvLi4u,,W0NoYXJsZXMgSGVybWl0ZV0KTG93ZW4gYWNvbXBhw7HDsyBhIHVuIGdydXBvIGRlIG90cm9zIGNydXphZG9zIHBvciBlbCBiaWVuIGRlbCBwdWVibG8sIHBlcm8gbm8gaGUgdnVlbHRvIGEgc2FiZXIgbmFkYSBkZSBlbGxhIGRlc2RlIGVudG9uY2VzLg==
FQEwAg,,W0NoYXJsZXMgSGVybWl0ZV0KVGhhdCB3YXMgdGhlIGxhc3QgSSBoZWFyZC4KUGxlYXNlIGZpbmQgb3V0IGFueXRoaW5nIHlvdSBjYW4gYWJvdXQgaGVyLgpJIGJlZyB5b3Uh,,,,,W0VybWl0w6NvIENhcmxvc10KRm9pIGEgw7psdGltYSB2ZXouLi4KUG9yIGZhdm9yLCBkZXNjdWJyYSB0dWRvIG8gcXVlIHB1ZGVyIHNvYnJlIGVsYS4uLgpFdSBsaGUgc3VwbGljby4=,,W0NoYXJsZXMgSGVybWl0ZV0KRXNvIGZ1ZSBsbyDDumx0aW1vIHF1ZSBvw60uClBvciBmYXZvciwgYXZlcmlndWEgdG9kbyBsbyBxdWUgcHVlZGFzIHNvYnJlIGVsbGEuClNlIGxvIHJ1ZWdvLg==
FgEwAg,,W0NoYXJsZXMgSGVybWl0ZV0KSSBtaXN1bmRlcnN0b29kIHlvdS4KSSBzaG91bGQgaGF2ZSByZWFsaXplZCB0aGF0IHBlb3BsZSBuZXZlciByZWFsbHkgbGlzdGVuIHVubGVzcyBpdCBiZW5lZml0cyB0aGVtLg==,,,,,W0VybWl0w6NvIENhcmxvc10KRXUgbyBqdWxndWVpIG1hbC4KRXUgZGV2aWEgdGVyIHBlcmNlYmlkbyBxdWUgbmluZ3XDqW0gZMOhIG91dmlkb3MgYSBuYWRhIHF1ZSBuw6NvIHNlamEgZW0gcHJvdmVpdG8gcHLDs3ByaW8u,,W0NoYXJsZXMgSGVybWl0ZV0KVGUgZW50ZW5kw60gbWFsLgpEZWJlcsOtYSBoYWJlcm1lIGRhZG8gY3VlbnRhIGRlIHF1ZSBsYSBnZW50ZSBudW5jYSBlc2N1Y2hhIGRlIHZlcmRhZCBhIG1lbm9zIHF1ZSBsZXMgYmVuZWZpY2llLg==
FwEwAg,,W0NoYXJsZXMgSGVybWl0ZV0KSSB3b24ndCB3YXN0ZSBhbnkgbW9yZSBvZiB5b3VyIHRpbWUuIEknbGwgYWNjZXB0IEthaWxpJ3MgbGV0dGVyIGFuZCB3YWl0IHVudGlsIEkgZmluZCBzb21lb25lIHdobydsbCBsaXN0ZW4gdG8gbXkgc3RvcnkgYW5kIGhlbHAgbWUu,,,,,W0VybWl0w6NvIENhcmxvc10KTsOjbyB2b3UgbWFpcyBkZXNwZXJkacOnYXIgbyBzZXUgdGVtcG8uIFZvdSBmaWNhciBjb20gYSBjYXJ0YSBkZSBLYWlsaSBlIGVzcGVyYXIgYXTDqSBlbmNvbnRyYXIgYWxndcOpbSBxdWUgb3XDp2EgYSBtaW5oYSBoaXN0w7NyaWEgZSBtZSBhanVkZS4=,,W0NoYXJsZXMgSGVybWl0ZV0KTm8gdGUgaGFyw6kgcGVyZGVyIG3DoXMgdGllbXBvLiBBY2VwdGFyw6kgbGEgY2FydGEgZGUgS2FpbGkgeSBlc3BlcmFyw6kgaGFzdGEgZW5jb250cmFyIGEgYWxndWllbiBxdWUgZXNjdWNoZSBtaSBoaXN0b3JpYSB5IG1lIGF5dWRlLg==
GAEwAg,,W0NoYXJsZXMgSGVybWl0ZV0KLi4uCl4zMzMzMzNTb2IuLi5eMDAwMDAwCkknbSBzb3JyeS4KSSdtIHNvIHNvcnJ5LCBMb3dlbi4KSXQgd2FzIGFsbCBteSBmYXVsdC4uLg==,,,,,W0VybWl0w6NvIENhcmxvc10KLi4uCl4zMzMzMzMqc29sdcOnbypeMDAwMDAwCkV1IHNpbnRvIG11aXRvLgpFdSBzaW50byB0YW50bywgTG93ZW4uCkZvaSB0dWRvIGN1bHBhIG1pbmhhLi4u,,W0NoYXJsZXMgSGVybWl0ZV0KLi4uCl4zMzMzMzNTb2IuLi5eMDAwMDAwCkxvIHNpZW50by4KTG8gc2llbnRvIG11Y2hvLCBMb3dlbi4KVG9kbyBmdWUgbWkgY3VscGEuLi4=
GQEwAg,,W0NoYXJsZXMgSGVybWl0ZV0KV2hhdCBkbyB5b3UKd2FudCBmcm9tIG1lPwpXZXJlIHlvdSBzZW50IGJ5CnRoZSBSb2d1ZXMnIEd1aWxkPw==,,,,,W0VybWl0w6NvIENhcmxvc10KTyBxdWUgdm9jw6ogCnF1ZXIgZGUgbWltPwpWb2PDqiB2ZW0gZGEKR3VpbGRhIGRvcyBBcnJ1YWNlaXJvcz8=,,W0NoYXJsZXMgSGVybWl0ZV0Kwr9RdcOpIGVzIGxvIHF1ZQpkZSBtw60/CsK/RnVpc3RlIGVudmlhZG8gcG9yCmVsIEdyZW1pbyBkZSBQw61jYXJvcz8=
GgEwAg,,W0NoYXJsZXMgSGVybWl0ZV0KVGVsbCB0aGVtCkkgcXVpdCBhbHJlYWR5IQpMZWF2ZSBtZSBhbG9uZSE=,,,,,W0VybWl0w6NvIENhcmxvc10KRGlnYSBhIGVsZXMKcXVlIGVzdG91IGZvcmEuCkRlaXhlLW1lIGVtIHBheiE=,,W0NoYXJsZXMgSGVybWl0ZV0KRGlsZXMKwqFSZW51bmNpbyB5YSEKwqFEw6lqZW5tZSBlbiBwYXoh
GwEwAg,,TGVhdmUgaGltIGFsb25lLg==,,,,,RGVpeGUtbyBlbSBwYXou,,RMOpamFsbyBlbiBwYXou
HAEwAg,,R2l2ZSBoaW0gS2FpbGEncyBMZXR0ZXIu,,,,,RMOqIGEgZWxlIGEgY2FydGEgZGUgS2FpbGku,,RGFsZSBsYSBjYXJ0YSBkZSBLYWlsYS4=
HQEwAg,,XjMzNTVGRllvdSdyZSBub3Qgc3VyZSB3aHkgaGUncyBzbyB1cHNldCwgYnV0IGl0IGRvZXNuJ3Qgc2VlbSB0byBiZSB0aGUgYmVzdCB0aW1lIHRvIHRyeSB0byBzcGVhayB3aXRoIGhpbS4gUGVyaGFwcyBsYXRlciB3b3VsZCBiZSBiZXR0ZXIuLi5eMDAwMDAw,,,,,XjMzNTVGRlZvY8OqIG7Do28gc2FiZSBwb3IgcXVlIGVsZSBlc3TDoSB0w6NvIG5lcnZvc28sIG1hcyBwYXJlY2UgcXVlIG7Do28gw6kgbyBtZWxob3IgbW9tZW50byBwYXJhIHRlbnRhciBmYWxhciBjb20gZWxlLiBUYWx2ZXogbWFpcyB0YXJkZSBzZWphIG1lbGhvci4uLl4wMDAwMDA=,,XjMzNTVGRk5vIHNhYmVzIHBvciBxdcOpIGVzdMOhIHRhbiBhbHRlcmFkbywgcGVybyBubyBwYXJlY2UgZWwgbWVqb3IgbW9tZW50byBwYXJhIGludGVudGFyIGhhYmxhciBjb24gw6lsLiBUYWwgdmV6IG3DoXMgdGFyZGUgc2Vyw61hIG1lam9yLi4uXjAwMDAwMA==
HgEwAg,,W0NoYXJsZXMgSGVybWl0ZV0KSHVoPwpFbnJpY28gS2FpbGkuClllYWgsIEkgcmVtZW1iZXIgaGltLgpTbyB3aGF0Pw==,,,,,W0VybWl0w6NvIENhcmxvc10KVWguLi4KRW5yaWNvIEthaWxpLgpTaW0sIGV1IG1lIGxlbWJybwpkZWxlLiBFIGRhw60uLj8=,,W0NoYXJsZXMgSGVybWl0ZV0Kwr9FaD8KRW5yaWNvIEthaWxpLgpTw60sIG1lIGFjdWVyZG8gZGUgw6lsLgrCv1kgcXXDqT8=
HwEwAg,,XjMzNTVGRkhlcm1pdGUgbm9uY2hhbGFudGx5IHRvc3NlcyB0aGUgbGV0dGVyIGJhY2sgdG8geW91Ll4wMDAwMDA=,,,,,XjMzNTVGRk8gRXJlbWl0YSwgaW5kaWZlcmVudGUsIGpvZ2EgYSBjYXJ0YSBkZSB2b2x0YSBwYXJhIHZvY8OqLl4wMDAwMDA=,,e0hlcm1pdGUgdGUgZGV2dWVsdmUgbGEgY2FydGEgY29uIGluZGlmZXJlbmNpYS4=
IAEwAg,,W0NoYXJsZXMgSGVybWl0ZV0KLi4uCl4zMzMzMzNTaWdoLi4uXjAwMDAwMA==,,,,,W0VybWl0w6NvIENhcmxvc10KLi4uCl4zMzMzMzMqUGZmLi4uKl4wMDAwMDA=,,W0NoYXJsZXMgSGVybWl0ZV0KLi4uCl4zMzMzMzNTdXNwaXJvLi4uXjAwMDAwMA==
IQEwAg,,W0NoYXJsZXMgSGVybWl0ZV0KWW91Li4uCldvdWxkIHlvdSBsaWtlIHRvCmxpc3RlbiB0byBteSBzdG9yeT8=,,,,,W0VybWl0w6NvIENhcmxvc10KVm9jw6ouLi4KR29zdGFyaWEgZGUuLi4Kb3V2aXIgYSBtaW5oYSBoaXN0w7NyaWE/,,W0NoYXJsZXMgSGVybWl0ZV0KVXN0ZWQuLi4Kwr9UZSBndXN0YXLDrWEKZXNjdWNoYXIgbWkgaGlzdG9yaWE/
IgEwAg,,U3VyZSE=,,,,,Q2xhcm8h,,wqFDbGFybyE=
IwEwAg,,SSdtIGJ1c3ksIGFjdHVhbGx5Lg==,,,,,TmEgdmVyZGFkZSwgZXN0b3Ugb2N1cGFkby4=,,RGUgaGVjaG8sIGVzdG95IG9jdXBhZG8u
JAEwAg,,W0NoYXJsZXMgSGVybWl0ZV0KVGhhbmsgeW91ISBJIGtub3cgeW91J3JlIGp1c3QgYmVpbmcgY291cnRlb3VzLgpCdXQgc3RpbGwsIEknbSBnbGFkLgpJJ20gZ29pbmcgdG8gdGVsbCB5b3UgYW4gb2xkIHN0b3J5Lg==,,,,,W0VybWl0w6NvIENhcmxvc10KT2JyaWdhZG8uLi4gc2VpIHF1ZSB2b2PDqiBzw7MgZXN0w6Egc2VuZG8gZ2VudGlsLgpNYXMgbWVzbW8gYXNzaW0gYWdyYWRlw6dvIGEgc3VhIGdlbmVyb3NpZGFkZS4KVm91IGxoZSBjb250YXIgdW1hIHZlbGhhIGhpc3TDs3JpYS4=,,W0NoYXJsZXMgSGVybWl0ZV0KwqFHcmFjaWFzISBTw6kgcXVlIHPDs2xvIGVzdMOhcyBzaWVuZG8gY29ydMOpcy4KUGVybyBhw7puIGFzw60sIG1lIGFsZWdyby4KVm95IGEgY29udGFydGUgdW5hIHZpZWphIGhpc3RvcmlhLg==
JQEwAg,,W0NoYXJsZXMgSGVybWl0ZV0KTG9uZyBhZ28sIHRoZXJlIHdhcyBhIGxpdHRsZSBib3kuCkhlIGxvc3QgaGlzIHBhcmVudHMsIHNvIGhlIGRpZG4ndApoYXZlIGEgaG9tZS4gSGUganVzdCB3YW5kZXJlZApiZXR3ZWVuIHRoZSBUaGlldmVzJyBHdWlsZCBhbmQgdGhlIFJvZ3VlcycgR3VpbGQKdG8gc3Vydml2ZS4gSGUgZGlkbid0IGhhdmUgYW55IGdvYWwKb3IgcHVycG9zZSBpbiBsaWZlIG90aGVyIHRoYW4gbWFraW5nIGl0IHRvIHRoZSBuZXh0IGRheS4=,,,,,W0VybWl0w6NvIENhcmxvc10KSMOhIG11aXRvIHRlbXBvLCBoYXZpYSB1bSBnYXJvdG8uCkVsZSBwZXJkZXUgc2V1cyBwYWlzLCBwb3J0YW50bywKbsOjbyB0aW5oYSBsYXIuIEVsZSBhcGVuYXMgYW5kYXZhIGRlCnVtYSBHdWlsZGEgZGUgR2F0dW5vcyBwYXJhIG91dHJhIGRlIEFycnVhY2Vpcm9zCi4uLmFwZW5hcyBwYXJhIHNvYnJldml2ZXIuIEVsZSBuw6NvIHRpbmhhIG5lbmh1bSBvYmpldGl2bwpuZW0gcHJvcMOzc2l0byBuYSB2aWRhLCBhbMOpbSBkZSBmaWNhciB2aXZvIGEgY2FkYSBkaWEu,,W0NoYXJsZXMgSGVybWl0ZV0KSGFjZSBtdWNobyB0aWVtcG8sIGhhYsOtYSB1biBuacOxbyBwZXF1ZcOxby4KUGVyZGnDsyBhIHN1cyBwYWRyZXMsIGFzw60gcXVlIG5vIHRlbsOtYQp1biBob2dhci4gU8OzbG8gdmFnYWJhCmVudHJlIGVsIEdyZW1pbyBkZSBMYWRyb25lcyB5IGVsIEdyZW1pbyBkZSBQw61jYXJvcwpwYXJhIHNvYnJldml2aXIuIE5vIHRlbsOtYSBuaW5nw7puIG9iamV0aXZvCm8gcHJvcMOzc2l0byBlbiBsYSB2aWRhIHF1ZSBubyBmdWVyYSBsbGVnYXIgYWwgZMOtYSBzaWd1aWVudGUu
JgEwAg,,W0NoYXJsZXMgSGVybWl0ZV0KRXZlbiBzbywgdGhlIGxpdHRsZSBib3kKaGFkIG9uZSBwZXJzb24gd2hvIGhlIGFkbWlyZWQgYW5kIHdobyBnYXZlIGhpbSBob3BlLgouLi4uIC4uLiA=,,,,,W0VybWl0w6NvIENhcmxvc10KTWVzbW8gYXNzaW0sIG8gZ2Fyb3RvCnRpbmhhIHVtYSBwZXNzb2EgYSBxdWVtIGFkbWlyYXZhIGNvbSB0b2RhIGEgZXNwZXJhbsOnYS4KLi4uLiAuLi4g,,W0NoYXJsZXMgSGVybWl0ZV0KQXVuIGFzw60sIGVsIG5pw7FvCnRlbsOtYSB1bmEgcGVyc29uYSBhIGxhIHF1ZSBhZG1pcmFiYSB5IHF1ZSBsZSBkYWJhIGVzcGVyYW56YS4KLi4uLiAuLi4g
JwEwAg,,W0NoYXJsZXMgSGVybWl0ZV0KU2hlIHdpbGwgbmV2ZXIga25vdyB0aGF0CnRoZSBsaXR0bGUgYm95IGxvdmVkIGhlciBtb3JlIHRoYW4gYW55dGhpbmcgZWxzZS4KU2hlIHdhcyB0b3RhbGx5IGRpZmZlcmVudCBmcm9tIHRoZSBib3kuClNoZSB3YW50ZWQgdG8gZGV2b3RlIGhlciBsaWZlIHRvIEdvZC4=,,,,,W0VybWl0w6NvIENhcmxvc10KRWxhIG51bmNhIHZhaSBzYWJlciBxdWUKbyBnYXJvdG8gYSBhbWF2YSBtYWlzIGRvIHF1ZSBhIHF1YWxxdWVyIGNvaXNhLgpFbGEgZXJhIHRvdGFsbWVudGUgZGlmZXJlbnRlIGRvIGdhcm90by4KRWxhIHRpbmhhIG8gb2JqZXRpdm8gZGUgZGV2b3RhciBzdWEgdmlkYSBhIERldXMu,,W0NoYXJsZXMgSGVybWl0ZV0KRWxsYSBudW5jYSBzYWJyw6EgcXVlCmVsIG5pw7FvIGxhIGFtYWJhIG3DoXMgcXVlIGEgbmFkYS4KRWxsYSBlcmEgdG90YWxtZW50ZSBkaWZlcmVudGUgYWwgbmnDsW8uCkVsbGEgcXVlcsOtYSBkZWRpY2FyIHN1IHZpZGEgYSBEaW9zLg==
KAEwAg,,W0NoYXJsZXMgSGVybWl0ZV0KSGUgd2FzIGp1c3QgaGFwcHkuCkhlIHdhcyBqdXN0IGhhcHB5IHdhdGNoaW5nIGhlciBmcm9tIGFmYXIuCk9uZSBkYXkuLi4KQmVjYXVzZSBvZiBvbmUgbWlzdGFrZSwgaGUgbG9zdCBoZXIu,,,,,W0VybWl0w6NvIENhcmxvc10KLi4uZWxlIGZpY2F2YSBmZWxpei4uLgpmaWNhdmEgZmVsaXogc8OzIGRlIHbDqi1sYSwgZGUgbG9uZ2UuClVtIGRpYS4uLgpwb3IgY2F1c2EgZGUgdW0gZXJybywgZWxlIGEgcGVyZGV1Lg==,,W0NoYXJsZXMgSGVybWl0ZV0KRXN0YWJhIGZlbGl6LgpFcmEgZmVsaXogbWlyw6FuZG9sYSBkZXNkZSBsZWpvcy4KVW4gZMOtYS4uLgpQb3IgdW4gZXJyb3IsIGxhIHBlcmRpw7Mu
KQEwAg,,W0NoYXJsZXMgSGVybWl0ZV0KU2hlIGhhcyBuZXZlciBjb21lIGJhY2suClRoZSBib3kgaGFzIGJlZW4gcHJheWluZyBmb3IgaGVyIHNhZmV0eQpldmVuIGludG8gYWR1bHRob29kLgpIZSBhbHdheXMgY29tZXMgdG8gdGhlIGNodXJjaCBhbmQgcHJheXMgZm9yIGhlci4=,,,,,W0VybWl0w6NvIENhcmxvc10KRWxhIG51bmNhIG1haXMgdm9sdG91LgpFIG8gZ2Fyb3RvIHRlbSByZXphZG8gcG9yIHN1YSBzZWd1cmFuw6dhCm1lc21vIGRlcG9pcyBkZSBjcmVzY2lkby4KRWxlIHNlbXByZSB2ZW0gw6AgaWdyZWphIHJlemFyIHBvciBlbGEu,,W0NoYXJsZXMgSGVybWl0ZV0KRWxsYSBudW5jYSBoYSByZWdyZXNhZG8uCkVsIGNoaWNvIGhhIGVzdGFkbyByZXphbmRvIHBvciBzdSBzZWd1cmlkYWQKaW5jbHVzbyBlbiBsYSBlZGFkIGFkdWx0YS4KU2llbXByZSB2aWVuZSBhIGxhIGlnbGVzaWEgeSByZXphIHBvciBlbGxhLg==
KgEwAg,,W0NoYXJsZXMgSGVybWl0ZV0KLi4uLi4uLi4uCi4uLi4uLgouLi4=,,,,,W0VybWl0w6NvIENhcmxvc10KLi4uIC4uIC4uIC4uLi4gLi4uIC4gLgouLi4uLi4uLi4uLgouLi4=,,W0NoYXJsZXMgSGVybWl0ZV0KLi4uLi4uLi4uCi4uLi4uLgouLi4=
KwEwAg,,W0NoYXJsZXMgSGVybWl0ZV0KLi4uLi4uLi4uLi4uLi4uLi4uLi4uLi4KLi4uLi4uLi4uc29iLi4uLi4uLi4uLi4KUGxlYXNlIGZpbmQgaGVyIGZvciBtZS4KRmluZCBMb3dlbiBmb3IgbWUuLi4uLi4KLi4uLi4uLi4uc29iLi4uLi4uLi4uLi4=,,,,,W0VybWl0w6NvIENhcmxvc10KLi4uLi4uLi4uLi4uLi4uLi4uLi4KLi4uLi4uLipzb2x1w6dvKi4uLi4uLi4uLgpQb3IgZmF2b3IsIGVuY29udHJlLWEgcGFyYSBtaW0uCi4uLmVuY29udHJlIExvd2VuIHBhcmEgbWltLi4uLi4uLgouLi4uLi4uLi4uLi4uLi4uLi4qc29sdcOnbyouLg==,,W0NoYXJsZXMgSGVybWl0ZV0KLi4uLi4uLi4uLi4uLi4uLi4uLi4uLi4KLi4uLi4uLi4uc29iLi4uLi4uLi4uLi4KUG9yIGZhdm9yLCBlbmN1w6ludHJlbmxhIHBvciBtw60uCkVuY3VlbnRyYSBhIExvd2VuIHBvciBtw60uLi4uLi4KLi4uLi4uLi4uc29iLi4uLi4uLi4uLi4=
LAEwAg,,W0NoYXJsZXMgSGVybWl0ZV0KWW91Li4uCi4uLi4uLgpJIGtub3cgdGhhdCBFbnJpY28gc2VudCB5b3UgdG8gbWUuCkkgZ3Vlc3MgeW91IG5lZWQgc29tZXRoaW5nIGZyb20gbWUuCi4uLi4uLgpBbSBJIHJpZ2h0Pw==,,,,,W0VybWl0w6NvIENhcmxvc10KVm9jw6ouLi4KRXUgc2VpIHF1ZSBFbnJpY28gbWFuZG91IHZvY8OqIGF0w6kgYXF1aS4KVm9jw6pzIGRldmVtIHByZWNpc2FyIGRlIGFsZ28gZGUgbWltLgouLi4uLi4KRXN0b3UgZXJyYWRvPw==,,W0NoYXJsZXMgSGVybWl0ZV0KVMO6Li4uCi4uLi4uLgpTw6kgcXVlIEVucmljbyB0ZSBlbnZpw7MgYSBtw60uClN1cG9uZ28gcXVlIG5lY2VzaXRhcyBhbGdvIGRlIG3DrS4KLi4uLi4uCsK/RXN0b3kgZW4gbG8gY2llcnRvPw==
LQEwAg,,W0NoYXJsZXMgSGVybWl0ZV0KSWYgeW91IGRvIHdoYXQgSSBzYXksIHRoZW4KSSdsbCBnaXZlIHlvdSB3aGF0IHlvdSB3YW50LgpXaGF0IEkgd2FudCBpcyBzaW1wbGUuClBsZWFzZSBmaW5kIExvd2VuIGZvciBtZS4KRmluZCBhbnl0aGluZywgYW55dGhpbmcgdGhhdCBiZWxvbmdlZCB0byBoZXIsCmEgdHJhY2UsIG9yIGZpbmQgb3V0IHdoZXJlIHNoZSB3YXMgbGl2aW5nLi4uCkkgd2FudCBhbnl0aGluZyByZWxhdGVkIHRvIGhlciE=,,,,,W0VybWl0w6NvIENhcmxvc10KLi4uLnNlIHZvY8OqIGZpemVyIG8gcXVlIGV1IHBlZGlyLApFdSBsaGUgZGFyZWkgbyBxdWUgdm9jw6ogcXVpc2VyLgpPIHF1ZSBldSBxdWVybyDDqSBzaW1wbGVzLgouLi4uLi4uUG9yIGZhdm9yLCBlbmNvbnRyZSBMb3dlbiBwYXJhIG1pbS4KRGVzY3VicmEgYWxnbywgcXVhbHF1ZXIgY29pc2EgcXVlIHRlbmhhIGEgdmVyIGNvbSBlbGEsCmFsZ3VtYSBwaXN0YSwgb3MgbG9jYWlzIG9uZGUgZWxhIGZpY2F2YS4uLgpRdWVybyB0dWRvIHF1ZSB0ZW5oYSBhIHZlciBjb20gZWxhIQ==,,W0NoYXJsZXMgSGVybWl0ZV0KU2kgaGFjZXMgbG8gcXVlIGRpZ28sIGVudG9uY2VzCnRlIGRhcsOpIGxvIHF1ZSBxdWllcmVzLgpMbyBxdWUgcXVpZXJvIGVzIHNpbXBsZS4KUG9yIGZhdm9yLCBlbmN1ZW50cmEgYSBMb3dlbiBwb3IgbcOtLgpFbmN1ZW50cmEgY3VhbHF1aWVyIGNvc2EsIGN1YWxxdWllciBjb3NhIHF1ZSBsZSBwZXJ0ZW5lY2llcmEsCnVuIHJhc3RybywgbyBhdmVyaWd1YSBkw7NuZGUgdml2w61hLi4uCsKhUXVpZXJvIGN1YWxxdWllciBjb3NhIHJlbGFjaW9uYWRhIGNvbiBlbGxhIQ==
LgEwAg,,Li4uIFVtbS4uLg==,,,,,Li4uIC4uLi51bW0uLi4=,,Li4uIFVtbS4uLg==
LwEwAg,,W0NoYXJsZXMgSGVybWl0ZV0KSGF2ZSBhIGhlYXJ0ISBJIGJlZyB5b3UhClBsZWFzZSBjb25zaWRlciBteSBwcm9wb3NhbC4KWW91IGZpbmQgTG93ZW4gZm9yIG1lLAp0aGVuIEknbGwgZ2l2ZSB5b3Ugd2hhdCB5b3Ugd2FudC4=,,,,,W0VybWl0w6NvIENhcmxvc10KLi4uLnRlbmhhIGTDsywgZXUgbGhlIGltcGxvcm8uClBvciBmYXZvciwgcGVuc2UgbmEgbWluaGEgcHJvcG9zdGEuClZvY8OqIGVuY29udHJhIExvd2VuIHBhcmEgbWltLAplIGVudMOjbyBldSBsaGUgZG91IG8gcXVlIHZvY8OqIHF1aXNlci4=,,W0NoYXJsZXMgSGVybWl0ZV0KwqFUZW4gY29yYXrDs24hIMKhU2UgbG8gcnVlZ28hClBvciBmYXZvciwgY29uc2lkZXJhIG1pIHByb3B1ZXN0YS4KRW5jdWVudHJhIGEgTG93ZW4gcG9yIG3DrSwKZW50b25jZXMgdGUgZGFyw6kgbG8gcXVlIHF1aWVyZXMu
MAEwAg,,W0NoYXJsZXMgSGVybWl0ZV0KUGxlYXNlLCBJIGJlZyB5b3UuCllvdSBhcmUgYSBzdHJvbmcgYW5kIGV4cGVyaWVuY2VkIGFkdmVudHVyZXIuCklzbid0IHRoaXMgZWFzeSBmb3IgeW91IHRvIGRvPwpJZiB5b3UndmUgZXZlciB0cnVseSBsb3ZlZCBzb21lb25lLAp5b3UnbGwga25vdyBob3cgZGVzcGVyYXRlIEkgYW0uClBsZWFzZSwgcGxlYXNlIGZpbmQgTG93ZW4gZm9yIG1lLg==,,,,,W0VybWl0w6NvIENhcmxvc10KLi4uLi4uLnBvciBmYXZvciwgZXUgc3VwbGljby4Kdm9jw6ogw6kgdW0gYXZlbnR1cmVpcm8gZm9ydGUgZSBleHBlcmllbnRlLgrDiSB1bWEgY29pc2Egc2ltcGxlcyBwYXJhIHZvY8OqLCBuw6NvPwpTZSB2b2PDqiBqw6EgdGV2ZSBhbGd1w6ltIG11aXRvIHF1ZXJpZG8sCmRldmUgZW50ZW5kZXIgbyBxdWFudG8gZXN0b3UgZGVzZXNwZXJhZG8uClBvciBmYXZvciwgcG9yIGZhdm9yLCBlbmNvbnRyZSBMb3dlbiBwYXJhIG1pbS4=,,W0NoYXJsZXMgSGVybWl0ZV0KUG9yIGZhdm9yLCBzZSBsbyBydWVnby4KRXJlcyB1biBhdmVudHVyZXJvIGZ1ZXJ0ZSB5IGV4cGVyaW1lbnRhZG8uCsK/Tm8gZXMgZsOhY2lsIHBhcmEgdGkgaGFjZXJsbz8KU2kgYWxndW5hIHZleiBoYXMgYW1hZG8gZGUgdmVyZGFkIGEgYWxndWllbiwKc2FicsOhcyBsbyBkZXNlc3BlcmFkbyBxdWUgZXN0b3kuClBvciBmYXZvciwgcG9yIGZhdm9yIGVuY3VlbnRyYSBhIExvd2VuIHBvciBtw60u
MQEwAg,,QWxyaWdodC4uLg==,,,,,Li4uLlR1ZG8gYmVtLg==,,Qmllbi4uLg==
MgEwAg,,Li4uSSBhbSBzb3JyeSwgSSBkb24ndCB0aGluayBJIGNhbiBtYWtlIGl0Lg==,,,,,Li4uRGVzY3VscGUsIGFjaG8gcXVlIG7Do28gcG9zc28gZmF6ZXIgaXNzby4=,,Li4ubG8gc2llbnRvLCBubyBjcmVvIHF1ZSBwdWVkYSBpci4=
MwEwAg,,W3swfV0KQWxyaWdodC4KSSB3aWxsIHRyeSBteSBiZXN0IHRvIGZpbmQgaGVyLgpXaWxsIHlvdSB0ZWxsIG1lIG1vcmUgYWJvdXQgaGVyLCBhYm91dCBMb3dlbj8=,,,,,W3swfV0KVHVkbyBiZW0uCkZhcmVpIG8gbWV1IG1lbGhvciBwYXJhIGVuY29udHLDoS1sYS4KUG9kZSBtZSBjb250YXIgbWFpcyBzb2JyZSBlc3NhIG11bGhlciwgTG93ZW4/,,W3swfV0KRGUgYWN1ZXJkby4KSGFyw6kgdG9kbyBsbyBwb3NpYmxlIHBhcmEgZW5jb250cmFybGEuCsK/TWUgY29udGFyw6FzIG3DoXMgc29icmUgZWxsYSwgc29icmUgTG93ZW4/
NAEwAg,,W0NoYXJsZXMgSGVybWl0ZV0KU2hlIGlzIGEgQ3J1c2FkZXIuClRoZSBsYXN0IHRpbWUgSSBzYXcgaGVyIHdhcyBkZWVwIGluc2lkZSBHZWZmZW4gRHVuZ2Vvbi4KQSBsb25nIHRpbWUgYWdvLCBzb21lIENydXNhZGVycyB3ZW50IG9uCmEgbW9uc3RlciBleHRlcm1pbmF0aW9uIG1pc3Npb24gaW4gR2VmZmVuIER1bmdlb24uClRoYXQgd2FzIHRoZSBsYXN0IHRpbWUuLi4KUGxlYXNlIGZpbmQgYW55dGhpbmcgdGhhdCB1c2VkIHRvIGJlbG9uZyB0byBoZXIuCkkgYmVnIHlvdS4=,,,,,W0VybWl0w6NvIENhcmxvc10KRWxhIMOpIHVtYSBUZW1wbMOhcmlhLgpEYSDDumx0aW1hIHZleiwgZXUgYSB2aSBuYXMgcHJvZnVuZGV6YXMgZG8gY2FsYWJvdcOnbyBkZSBHZWZmZW4uCkjDoSBtdWl0byB0ZW1wbywgb3MgVGVtcGzDoXJpb3MgcGFydGlyYW0gcGFyYSBleHRlcm1pbmFyIG1vbnN0cm9zIG5vIGNhbGFib3XDp28uCkVzc2EgZm9pIGEgw7psdGltYSB2ZXouLi4KUG9yIGZhdm9yLCBlbmNvbnRyZSBxdWFscXVlciBjb2lzYSBxdWUgdGVuaGEgc2lkbyBkZWxhLi4uCkV1IGxoZSBzdXBsaWNvLg==,,W0NoYXJsZXMgSGVybWl0ZV0KRWxsYSBlcyB1bmEgQ3J1emFkYS4KTGEgw7psdGltYSB2ZXogcXVlIGxhIHZpIGZ1ZSBlbiBsYXMgcHJvZnVuZGlkYWRlcyBkZSBsYSBNYXptb3JyYSBHZWZmZW4uCkhhY2UgbXVjaG8gdGllbXBvLCBhbGd1bm9zIGNydXphZG9zIGZ1ZXJvbiBlbgp1bmEgbWlzacOzbiBkZSBleHRlcm1pbmlvIGRlIG1vbnN0cnVvcyBlbiBlbCBjYWxhYm96byBHZWZmZW4uCkVzYSBmdWUgbGEgw7psdGltYSB2ZXouLi4KUG9yIGZhdm9yLCBlbmN1ZW50cmEgY3VhbHF1aWVyIGNvc2EgcXVlIGxlIHBlcnRlbmVjaWVyYS4KU2UgbG8gcnVlZ28u
NQEwAg,,W0NoYXJsZXMgSGVybWl0ZV0KLi4uLi4uLi4uLi4uLgouLi4uLi4uLi4uLi4uCi4uLi5zaWdoLi4uLi4KSSB1bmRlcnN0YW5kLgpJbiB0aGF0IGNhc2UsIEkgd29uJ3QgaGVscCB5b3Uu,,,,,W0VybWl0w6NvIENhcmxvc10KLi4uIC4uLiAuLgouLi4uLi4uLi4uIC4uLi4uLi4KLi4uLi4uLi4uLmFoLi4KRW50ZW5kby4KRW50w6NvLCB2b2PDqiB0YW1iw6ltIG7Do28gdGVyw6EgYWp1ZGEu,,W0NoYXJsZXMgSGVybWl0ZV0KLi4uLi4uLi4uLi4uLgouLi4uLi4uLi4uLi4uCi4uLi5zaWdoLi4uLi4KQ29tcHJlbmRvLgpFbiBlc2UgY2Fzbywgbm8gdGUgYXl1ZGFyw6ku
NgEwAg,,W0NoYXJsZXMgSGVybWl0ZV0KV2hhdCBhIHNlbGZpc2ggYW5zd2VyIQpJJ20gc28gZGVzcGVyYXRlLi4uCklmIEkgd2VyZW4ndCBzdWNoIGEgY293YXJkLApJIHdvdWxkLi4uCi4uLi4uLgpJIHdvdWxkIGJlIHRyeWluZyB0byBmaW5kIGhlci4=,,,,,W0VybWl0w6NvIENhcmxvc10KUXVlIHJlc3Bvc3RhIGVnb8Otc3RhIQpFc3RvdSB0w6NvIGRlc2VzcGVyYWRvLi4uCi4uLi5zZSBldSBuw6NvIGZvc3NlIHTDo28gY292YXJkZSwKLi4uIC4uIGV1IGlyaWEuLi4KLi4uLi4uCmV1IGrDoSB0ZXJpYSBpZG8gcHJvY3Vyw6EtbGEuLi4=,,W0NoYXJsZXMgSGVybWl0ZV0KwqFRdcOpIHJlc3B1ZXN0YSB0YW4gZWdvw61zdGEhCkVzdG95IHRhbiBkZXNlc3BlcmFkby4uLgpTaSBubyBmdWVyYSB0YW4gY29iYXJkZSwKbG8gaGFyw61hLi4uCi4uLi4uLgpFc3RhcsOtYSB0cmF0YW5kbyBkZSBlbmNvbnRyYXJsYS4=
NwEwAg,,W0NoYXJsZXMgSGVybWl0ZV0KSSdtIG5vdCBhZnJhaWQgb2YgbW9uc3RlcnMgb3IgYW55dGhpbmcuCkknbSBhZnJhaWQgdGhhdCBzaGUgbWlnaHQgaGF0ZSBtZS4KVGhhdCdzIHdoYXQgSSBmZWFyLi4uCkkgZmVhciB0aGF0IEkgaGF2ZSBubyBpZGVhIGhvdyBzaGUgaGFzIGJlZW4gYW5kCmhvdyBzaGUgd291bGQgcmVhY3QgdG8gbWUu,,,,,W0VybWl0w6NvIENhcmxvc10KTsOjbyB0ZW5obyBtZWRvIGRlIG1vbnN0cm9zIG5lbSBkZSBuYWRhLgpNYXMgdGVuaG8gbWVkbyBkZSBlbGEgbWUgb2RpYXIgYWdvcmEuLi4Kw4kgZGlzc28gcXVlIHRlbmhvIG1lZG8uLi4KVGVtbyBwb3IgbsOjbyB0ZXIgaWTDqWlhIGRlIGNvbW8gZWxhIGVzdMOhIGUKY29tbyBlbGEgcmVhZ2lyaWEgw6AgbWluaGEgYXBhcsOqbmNpYS4=,,W0NoYXJsZXMgSGVybWl0ZV0KTm8gdGVuZ28gbWllZG8gZGUgbG9zIG1vbnN0cnVvcyBuaSBkZSBuYWRhLgpUZW5nbyBtaWVkbyBkZSBxdWUgbWUgb2RpZS4KRXNvIGVzIGxvIHF1ZSB0ZW1vLi4uClRlbW8gcXVlIG5vIHRlbmdvIG5pIGlkZWEgZGUgY8OzbW8gaGEgc2lkbyB5CmPDs21vIHJlYWNjaW9uYXLDrWEgYW50ZSBtw60u
OAEwAg,,W0NoYXJsZXMgSGVybWl0ZV0KWW91IGNhbiBtb2NrIG1lIGFsbCB5b3Ugd2FudC4KWWVzLCBJIGRvbid0IGhhdmUgdGhlIGd1dHMuCkFsbCBJIGNhbiBkbyBmb3IgaGVyIGlzCnByYXkuLi4=,,,,,W0VybWl0w6NvIENhcmxvc10KUG9kZSByaXIgZGUgbWltIG8gcXVhbnRvIHF1aXNlci4KU2ltLCBldSBuw6NvIHRlbmhvIGNvcmFnZW0gcGFyYSBmYXplciBuYWRhLgouLi50dWRvIG8gcXVlIHBvc3NvIGZhemVyIHBvciBlbGEgw6kgCi4uLi5hcGVuYXMgcmV6YXIuLi4=,,W0NoYXJsZXMgSGVybWl0ZV0KUHVlZGVzIGJ1cmxhcnRlIGRlIG3DrSB0b2RvIGxvIHF1ZSBxdWllcmFzLgpTw60sIG5vIHRlbmdvIGFnYWxsYXMuClRvZG8gbG8gcXVlIHB1ZWRvIGhhY2VyIHBvciBlbGxhIGVzCnJlemFyLi4u
OQEwAg,,W0NoYXJsZXMgSGVybWl0ZV0KSSBhbSB3ZWFrLCBJIGFtIHdlYWshCi4uLi4uLi4uCkkgaGFkIG5vIGlkZWEgdGhhdCBub3Qgc2VlaW5nIGhlciBhZ2FpbiB3b3VsZCBiZSBzbyBob3JyaWJsZS4KSSB3aWxsIGtlZXAgcHJheWluZyBmb3IgaGVyLgpUaGF0IGlzIGFsbCBJIGNhbiBkbyBmb3IgaGVyIGF0IHRoaXMgbW9tZW50Lg==,,,,,W0VybWl0w6NvIENhcmxvc10KRXUgc291IHVtIGZyYWNvLCB1bSBmcmFjby4KLi4uLi4uLi4KRXUgbsOjbyB0aW5oYSBpZMOpaWEgZGUgcXVlIHNlcmlhIHTDo28gaG9ycsOtdmVsIG7Do28gdsOqLWxhIG1haXMuCi4uLi4uVm91IGNvbnRpbnVhciByZXphbmRvIHBvciBlbGEuCklzc28gw6kgdHVkbyBxdWUgcG9zc28gZmF6ZXIsIHBvciBlbnF1YW50by4=,,W0NoYXJsZXMgSGVybWl0ZV0KwqFTb3kgZMOpYmlsLCBzb3kgZMOpYmlsIQouLi4uLi4uLgpObyB0ZW7DrWEgbmkgaWRlYSBkZSBxdWUgbm8gdm9sdmVyIGEgdmVybGEgc2Vyw61hIHRhbiBob3JyaWJsZS4KU2VndWlyw6kgcmV6YW5kbyBwb3IgZWxsYS4KRXMgdG9kbyBsbyBxdWUgcHVlZG8gaGFjZXIgcG9yIGVsbGEgZW4gZXN0ZSBtb21lbnRvLg==
OgEwAg,,W0NoYXJsZXMgSGVybWl0ZV0KU2hlIGlzIGEgQ3J1c2FkZXIuClRoZSBsYXN0IHRpbWUgSSBzYXcgaGVyIHdhcyBkZWVwIGluc2lkZSBHZWZmZW4gRHVuZ2Vvbi4KQSBsb25nIHRpbWUgYWdvLCBzb21lIENydXNhZGVycyB3ZW50IG9uCmEgbW9uc3RlciBleHRlcm1pbmF0aW9uIG1pc3Npb24gaW4gR2VmZmVuIER1bmdlb24u,,,,,W0VybWl0w6NvIENhcmxvc10KRWxhIMOpIHVtYSBUZW1wbMOhcmlhLgpEYSDDumx0aW1hIHZleiwgZXUgYSB2aSBuYXMgcHJvZnVuZGV6YXMgZG8gY2FsYWJvdcOnbyBkZSBHZWZmZW4uCkjDoSBtdWl0byB0ZW1wbywgb3MgVGVtcGzDoXJpb3MgcGFydGlyYW0gcGFyYSBleHRlcm1pbmFyIG1vbnN0cm9zIG5vIGNhbGFib3XDp28u,,W0NoYXJsZXMgSGVybWl0ZV0KRWxsYSBlcyB1bmEgQ3J1emFkYS4KTGEgw7psdGltYSB2ZXogcXVlIGxhIHZpIGZ1ZSBlbiBsYXMgcHJvZnVuZGlkYWRlcyBkZSBsYSBNYXptb3JyYSBHZWZmZW4uCkhhY2UgbXVjaG8gdGllbXBvLCBhbGd1bm9zIGNydXphZG9zIGZ1ZXJvbiBlbgp1bmEgbWlzacOzbiBkZSBleHRlcm1pbmlvIGRlIG1vbnN0cnVvcyBlbiBlbCBjYWxhYm96byBHZWZmZW4u
OwEwAg,,W0NoYXJsZXMgSGVybWl0ZV0KVGhlIGR1bmdlb24gaGlkZGVuIHVuZGVyIEdlZmZlbiBUb3dlcgppcyBzbyBob3JyaWJsZS4uLgpJdCB3YXMgY3JlYXRlZCBieSBodW1hbiBiZWluZ3MuLi4KYnV0IG5vdyBpdCdzIHRlZW1pbmcgd2l0aCBoaWRlb3VzIG1vbnN0ZXJzLgpUaGF0IHBsYWNlIGlzIGN1cnNlZCEgVGhhdCdzIGFsbCBJIGNhbiBzYXku,,,,,W0VybWl0w6NvIENhcmxvc10KTyBjYWxhYm91w6dvIGVzY29uZGlkbyBkZWJhaXhvIGRhIFRvcnJlIGRlIEdlZmZlbgplcmEgdMOjbyBob3Jyw612ZWwuLi4KRGV2ZSB0ZXIgc2lkbyBjcmlhZG8gcG9yIHNlcmVzIGh1bWFub3MuLi4uCm1hcyBhZ29yYSBlc3TDoSBkb21pbmFkbyBwb3IgbW9uc3Ryb3MgaG9ycsOtdmVpcy4KQXF1ZWxlIGx1Z2FyIMOpIGFtYWxkacOnb2Fkby4uLiDDqSB0dWRvIG8gcXVlIHBvc3NvIGRpemVyLg==,,W0NoYXJsZXMgSGVybWl0ZV0KRWwgY2FsYWJvem8gZXNjb25kaWRvIGJham8gbGEgVG9ycmUgR2VmZmVuCmVzIHRhbiBob3JyaWJsZS4uLgpGdWUgY3JlYWRhIHBvciBzZXJlcyBodW1hbm9zLi4uCnBlcm8gYWhvcmEgZXN0w6EgbGxlbm8gZGUgbW9uc3RydW9zIGhvcnJpYmxlcy4KwqFFc2UgbHVnYXIgZXN0w6EgbWFsZGl0byEgRXMgdG9kbyBsbyBxdWUgcHVlZG8gZGVjaXIu
PAEwAg,,W0NoYXJsZXMgSGVybWl0ZV0KTWF5YmUgdGhhdCdzIHdoeSB0aGV5CmRlY2lkZWQgdG8gYnJpbmcgYW4gZW5kIHRvIHRoZSBkcmVhZGZ1bCBwbGFjZS4KVGhhdCdzIHdoeSB0aGUgQ3J1c2FkZXJzIHdlbnQgaW50bwp0aGUgZHVuZ2VvbiBmb3IgdGhlIHBlb3BsZS4uLg==,,,,,W0VybWl0w6NvIENhcmxvc10KVGFsdmV6IHNlamEgcG9yIGlzc28gcXVlIG9zIG91dHJvcwp0ZW5oYW0gZGVjaWRpZG8gZGFyIHVtIGZpbSBhbyBtYWxkaXRvIGx1Z2FyLgrDiSBwb3IgaXNzbyBxdWUgb3MgVGVtcGzDoXJpb3MgZW50cmFyYW0gbm8gY2FsYWJvdcOnbyBlbSBub21lIGRhcyBvdXRyYXMgcGVzc29hcy4uLg==,,W0NoYXJsZXMgSGVybWl0ZV0KVGFsIHZleiBwb3IgZXNvCmRlY2lkaWVyb24gcG9uZXIgZmluIGFsIGVzcGFudG9zbyBsdWdhci4KRXMgcG9yIGVzbyBxdWUgbG9zIGNydXphZG9zIGVudHJhcm9uIGVuCmxhIG1hem1vcnJhIHBvciBsYSBnZW50ZS4uLg==
PQEwAg,,W0NoYXJsZXMgSGVybWl0ZV0KVGhhdCB3YXMgdGhlIGxhc3QgdGltZS4uLgpQbGVhc2UgZmluZCBhbnl0aGluZyB0aGF0IG9uY2UgYmVsb25nZWQgdG8gaGVyLi4uCkkgYmVnIHlvdS4=,,,,,W0VybWl0w6NvIENhcmxvc10KRXNzYSBmb2kgYSDDumx0aW1hIHZlei4uLgpQb3IgZmF2b3IsIGVuY29udHJlIHF1YWxxdWVyIGNvaXNhIHF1ZSB0ZW5oYSBzaWRvIGRlbGEuLi4KRXUgbGhlIHN1cGxpY28u,,W0NoYXJsZXMgSGVybWl0ZV0KRXNhIGZ1ZSBsYSDDumx0aW1hIHZlei4uLgpQb3IgZmF2b3IsIGVuY3VlbnRyZSBjdWFscXVpZXIgY29zYSBxdWUgYWxndW5hIHZleiBsZSBwZXJ0ZW5lY2nDsy4uLgpTZSBsbyBydWVnby4=
PgEwAg,,W0NoYXJsZXMgSGVybWl0ZV0KSSBtaXN1bmRlcnN0b29kIHlvdS4KSSBzaG91bGQgaGF2ZSByZWFsaXplZCB0aGF0IHBlb3BsZQpuZXZlciBsaXN0ZW4gdG8gb3RoZXJzIHVubGVzcwp0aGV5IHdhbnQgc29tZXRoaW5nIGZyb20gdGhlbS4=,,,,,W0VybWl0w6NvIENhcmxvc10KLi4uLkV1IG8ganVsZ3VlaSBtYWwuCkV1IGRldmlhIHRlciBwZXJjZWJpZG8gcXVlIGFzIHBlc3NvYXMuLi4KbnVuY2Egb3V2ZW0gYXMgb3V0cmFzIGEgbWVub3MgcXVlLi4uCnRlbmhhbSBhbGdvIGVtIG1lbnRlIG91IHF1ZWlyYW0gYWxnbyBkZWxhcy4=,,W0NoYXJsZXMgSGVybWl0ZV0KVGUgZW50ZW5kw60gbWFsLgpEZWJlcsOtYSBoYWJlcm1lIGRhZG8gY3VlbnRhIGRlIHF1ZSBsYSBnZW50ZQpudW5jYSBlc2N1Y2hhIGEgbG9zIGRlbcOhcyBhIG1lbm9zCnF1ZSBxdWllcmFuIGFsZ28gZGUgZWxsb3Mu
PwEwAg,,W0NoYXJsZXMgSGVybWl0ZV0KTGV0J3Mgbm90IHdhc3RlIG91ciB0aW1lIGFueSBsb25nZXIuCkFsc28uLi4KSSdtIGdvaW5nIHRvIHRha2UgTXIuIEVucmljbydzIGxldHRlciBmb3IKd2hlbiBJIG1lZXQgc29tZW9uZSB3aG8gaXMgd2lsbGluZyB0byBoZWFyIG15IHN0b3J5CmFuZCB0byBoZWxwIG1lLiBBbnlvbmUgYnV0IHlvdS4=,,,,,W0VybWl0w6NvIENhcmxvc10KTsOjbyB2YW1vcyBtYWlzIHBlcmRlciBvIG5vc3NvIHByZWNpb3NvIHRlbXBvLgouLi4uIC4uLiBlIG1haXMuLi4uLi4KVm91IGFjZWl0YXIgYSBjYXJ0YSBkbyBTci4gRW5yaWNvCnF1YW5kbyBlbmNvbnRyYXIgdW1hIHBlc3NvYSBxdWUgcXVlaXJhIG91dmlyIGEgbWluaGEgaGlzdMOzcmlhCmUgbWUgYWp1ZGFyLi4uIGFvIGNvbnRyw6FyaW8gZGUgdm9jw6ou,,W0NoYXJsZXMgSGVybWl0ZV0KTm8gcGVyZGFtb3MgbcOhcyB0aWVtcG8uCkFkZW3DoXMuLi4KVm95IGEgdG9tYXIgbGEgY2FydGEgZGVsIFNyLiBFbnJpY28gcGFyYQpjdWFuZG8gY29ub3pjYSBhIGFsZ3VpZW4gcXVlIGVzdMOpIGRpc3B1ZXN0byBhIGVzY3VjaGFyIG1pIGhpc3RvcmlhCnkgYSBheXVkYXJtZS4gQ3VhbHF1aWVyYSBtZW5vcyB0w7ou
QAEwAg,,W1NhZC1sb29raW5nIE1hbl0KLi4uCl4zMzMzMzNTb2IuLi5eMDAwMDAwCkknbSBzbwpzb3JyeSwgTG93ZW4uCkl0J3MgYWxsIG15IGZhdWx0Li4u,,,,,W0hvbWVtIFRyaXN0ZV0KLi4uCl4zMzMzMzMqc29sdcOnbypeMDAwMDAwCkV1IHNpbnRvCnRhbnRvLCBMb3dlbi4Kw6kgdHVkbyBtaW5oYSBjdWxwYS4uLg==,,W0hvbWJyZSBkZSBhc3BlY3RvIHRyaXN0ZV0KLi4uCl4zMzMzMzNTb2IuLi5eMDAwMDAwCkxvIHNpZW50bwpsbyBzaWVudG8sIExvd2VuLgpUb2RvIGVzIG1pIGN1bHBhLi4u
QQEwAg,,W3swfV0KRXhjdXNlIG1lLgpJJ20gbG9va2luZwpmb3Igc29tZW9uZSBuYW1lZC4uLgpIZXJtaXRlPw==,,,,,W3swfV0KQ29tIGxpY2Vuw6dhLgpFc3TDo28gcHJvY3VyYW5kbwpwb3IgYWxndcOpbSBjaGFtYWRvLi4uCkVybWl0w6NvPw==,,W3swfV0KRGlzY3VscGUuCkVzdG95IGJ1c2NhbmRvCmEgYWxndWllbiBsbGFtYWRvLi4uCsK/SGVybWl0ZT8=
QgEwAg,,W0NoYXJsZXMgSGVybWl0ZV0KSG0uLi4/Ckhlcm1pdGU/IFRoYXQncyBtZS4KQnV0IGlmIHlvdSBkb24ndCBtaW5kLApJIHdhbnQgdG8gYmUgYWxvbmUuLi4=,,,,,W0VybWl0w6NvIENhcmxvc10KSG0uLi4/CkVybWl0w6NvPyBTb3UgZXUgbWVzbW8uCk1hcywgc2UgbsOjbyBzZSBpbXBvcnRhLApldSBxdWVybyBmaWNhciBzb3ppbmhvLi4u,,W0NoYXJsZXMgSGVybWl0ZV0Kwr9IbS4uLj8Kwr9IZXJtaXRlPyBFc2Ugc295IHlvLgpQZXJvIHNpIG5vIHRlIGltcG9ydGEsCnF1aWVybyBlc3RhciBzb2xvLi4u
QwEwAg,,R2l2ZSBoaW0gS2FpbGkncyBMZXR0ZXIu,,,,,RGFyIGEgZWxlIGEgY2FydGEgZGUgS2FpbGku,,RGFsZSBsYSBjYXJ0YSBkZSBLYWlsaS4=
RAEwAg,,LSBZb3UgYXJlIHVuc3VyZSB3aHkgaGUncyB1cHNldCwgLSAKLSBidXQgaXQgZG9lc24ndCBzZWVtIHRvIGJlIHRoZSByaWdodCB0aW1lIHRvIHNwZWFrIHRvIGhpbS4gLQotIFlvdSdsbCBjb21lIGJhY2sgbGF0ZXIuIC0=,,,,,LSBWb2PDqiBuw6NvIHNhYmUgcG9yIHF1ZSBlbGUgZXN0YSBjaGF0ZWFkbyAtIAotIG1hcyBwYXJlY2UgcXVlIG7Do28gw6kgbyBtZWxob3IgbW9tZW50byBwYXJhIHRlbnRhciBmYWxhciBjb20gZWxlLiAtCi0gVm9sdGUgbWFpcyB0YXJkZS4gLQ==,,LSBObyBzYWJlcyBwb3IgcXXDqSBlc3TDoSBlbmZhZGFkbywgLSAKLSBwZXJvIG5vIHBhcmVjZSBzZXIgZWwgbW9tZW50byBhZGVjdWFkbyBwYXJhIGhhYmxhciBjb24gw6lsLiAtCi0gVm9sdmVyw6FzIG3DoXMgdGFyZGUuIC0=
RQEwAg,,W0NoYXJsZXMgSGVybWl0ZV0KSHVoPyEKQWgsIEkgcmVtZW1iZXIgaGltLgpTbyB3aGF0Pw==,,,,,W0VybWl0w6NvIENhcmxvc10KLi4uLi4uLmjDoy4uLi4/IQpBaCwgZXUgbWUgbGVtYnJvIGRlbGUuCkUgZGHDrS4uPw==,,W0NoYXJsZXMgSGVybWl0ZV0Kwr9FaD8KQWgsIG1lIGFjdWVyZG8gZGUgw6lsLgrCv1kgZW50b25jZXM/
RgEwAg,,LSBIZXJtaXRlIGdhdmUgeW91IHRoZSBsZXR0ZXIgYmFjayAtIAotIGFzIHRob3VnaCBoZSBkaWRuJ3QgY2FyZSBhYm91dCBpdC4gLQ==,,,,,LSBFcm1pdMOjbyBsaGUgZGV2b2x2ZSBhIGNhcnRhIC0gCi0gY29tbyBzZSBuw6NvIHNlIGltcG9ydGFzc2UuIC0=,,LSBIZXJtaXRlIHRlIGRldm9sdmnDsyBsYSBjYXJ0YSAtIAotIGNvbW8gc2kgbm8gbGUgaW1wb3J0YXJhLiAt
RwEwAg,,W0NoYXJsZXMgSGVybWl0ZV0KIC4uLi4uLi4uLi4uLgogLi4uLi4uLi4uLi4uCiAuLi4uc2lnaC4uLi4=,,,,,W0VybWl0w6NvIENhcmxvc10KIC4uLi4gLi4uIC4uLiAKIC4uLi4uIC4uLi4uLiAuLi4uLgogLi4gLi4gLi4qc3VzcGlybyouLi4=,,W0NoYXJsZXMgSGVybWl0ZV0KIC4uLi4uLi4uLi4uLgogLi4uLi4uLi4uLi4uCiAuLi4uc2lnaC4uLi4=
SAEwAg,,W0NoYXJsZXMgSGVybWl0ZV0KIC4uLi4uLi4uLi4uLi4uLi4uCi4uLi4uLi4uLi4uLi4uLi4uLgogWW91Li4uLi4uLi4uLi4uLi4KV291bGQgeW91IGxpa2UgdG8gaGVhciBteSBzdG9yeT8=,,,,,W0VybWl0w6NvIENhcmxvc10KIC4uLi4uLi4gLi4uLi4uLi4uLgouLi4uLi4uIC4uLi4uLi4uLgogLi4uLi4uLiB2b2PDqi4uLgpHb3N0YXJpYSBkZSBvdXZpciBhIG1pbmhhIGhpc3TDs3JpYT8=,,W0NoYXJsZXMgSGVybWl0ZV0KIC4uLi4uLi4uLi4uLi4uLi4uCi4uLi4uLi4uLi4uLi4uLi4uLgogVXN0ZWQuLi4uLi4uLi4uLi4uLgrCv1F1aWVyZXMgZXNjdWNoYXIgbWkgaGlzdG9yaWE/
SQEwAg,,Tm8sIEkgYW0gYnVzeS4=,,,,,TsOjbywgZXN0b3Ugb2N1cGFkby4=,,Tm8sIGVzdG95IG9jdXBhZG8u
SgEwAg,,W0NoYXJsZXMgSGVybWl0ZV0KVGhhbmsgeW91Li4uIEkga25vdyB5b3UncmUganVzdCBiZWluZyBjb3VydGVvdXMuCkJ1dCBzdGlsbCwgSSBhcHByZWNpYXRlIHlvdXIgY29uc2lkZXJhdGlvbi4KSSdtIGdvaW5nIHRvIHRlbGwgeW91IGFuIG9sZCBzdG9yeS4=,,,,,W0VybWl0w6NvIENhcmxvc10KT2JyaWdhZG8uLi4gc2VpIHF1ZSB2b2PDqiBzw7MgZXN0w6Egc2VuZG8gZ2VudGlsLgpNYXMgYWdyYWRlw6dvIGEgc3VhIGdlbmVyb3NpZGFkZS4KVm91IGxoZSBjb250YXIgdW1hIHZlbGhhIGhpc3TDs3JpYS4=,,W0NoYXJsZXMgSGVybWl0ZV0KR3JhY2lhcy4uLiBTw6kgcXVlIHPDs2xvIGVzdMOhcyBzaWVuZG8gY29ydMOpcy4KUGVybyBhw7puIGFzw60sIGFwcmVjaW8gc3UgY29uc2lkZXJhY2nDs24uClZveSBhIGNvbnRhcnRlIHVuYSB2aWVqYSBoaXN0b3JpYS4=
SwEwAg,,W0NoYXJsZXMgSGVybWl0ZV0KLi4uLi4uLi4uLi4uLi4uLi4uLi4uLi4KLi4uLi4uLnNvYi4uLi4uLi4uLi4uClBsZWFzZSBmaW5kIGhlciBmb3IgbWUuCkZpbmQgTG93ZW4gZm9yIG1lLi4uLi4uCi4uLi4uLi5zb2IuLi4uLi4uLi4uLg==,,,,,W0VybWl0w6NvIENhcmxvc10KLi4uLi4uLi4uLi4uLi4uLi4uLi4KLi4uLi4uLipzb2x1w6dvKi4uLi4uLi4uLgpQb3IgZmF2b3IsIGVuY29udHJlLWEgcGFyYSBtaW0uCi4uLmVuY29udHJlIExvd2VuIHBhcmEgbWltLi4uLi4uLgouLi4uLi4uLi4uLi4uLi4uLi4qc29sdcOnbyouLg==,,W0NoYXJsZXMgSGVybWl0ZV0KLi4uLi4uLi4uLi4uLi4uLi4uLi4uLi4KLi4uLi4uLnNvYi4uLi4uLi4uLi4uClBvciBmYXZvciwgZW5jdcOpbnRyZW5sYSBwb3IgbcOtLgpFbmN1ZW50cmEgYSBMb3dlbiBwb3IgbcOtLi4uLi4uCi4uLi4uLi5zb2IuLi4uLi4uLi4uLg==
TAEwAg,,W1NhZC1sb29raW5nIE1hbl0KLi4uCl4zMzMzMzNTb2IuLi4KTG93ZW4uLi4KSSdtIHNvIHNvcnJ5LgpJdCdzIGFsbCBteSBmYXVsdC4KUGxlYXNlIGJlIG9rYXkuLi4=,,,,,W0hvbWVtIFRyaXN0ZV0KLi4uCl4zMzMzMzMqc29sdcOnby4uLioKTG93ZW4uLi4KTWUgZGVzY3VscGUuCsOJIHR1ZG8gbWluaGEgY3VscGEuClBvciBmYXZvciwgZmlxdWUgYmVtLi4u,,W0hvbWJyZSBkZSBhc3BlY3RvIHRyaXN0ZV0KLi4uCl4zMzMzMzNTb2IuLi4KTG93ZW4uLi4KTG8gc2llbnRvIG11Y2hvLgpUb2RvIGVzIG1pIGN1bHBhLgpQb3IgZmF2b3IsIGVzdGF0ZSBiaWVuIC4uLg==
TQEwAg,,UGVyc29ubmVsIFJlY29yZA==,,,,,UmVnaXN0cm8gZGUgUGVzc29hbA==,,UmVnaXN0cm8gZGUgcGVyc29uYWw=
TgEwAg,,W0xpYnJhcmlhbl0KV2hhdCBhcmUgeW91IGRvaW5nPwpEb24ndCB0b3VjaCBhbnl0aGluZyE=,,,,,W0JpYmxpb3RlY8OhcmlvXQpPIHF1ZSB2b2PDqiBlc3TDoSBmYXplbmRvPwpOw6NvIHRvcXVlIGVtIG5hZGEh,,W0JpYmxpb3RlY2FyaW9dCsK/UXXDqSBoYWNlcz8KwqFObyB0b3F1ZXMgbmFkYSE=
TwEwAg,,W3swfV0KSSBzaG91bGQgcmVhZCB0aGlzIGZyb20gdGhlIHBvaW50IHdoZXJlIEkgbGVmdCBvZmYuLi4=,,,,,W3swfV0KRXUgdGVuaG8gZGUgbGVyIGlzc28gZG8gcG9udG8gZGUgb25kZSBwYXJlaS4uLg==,,W3swfV0KRGViZXLDrWEgbGVlciBlc3RvIGRlc2RlIGVsIHB1bnRvIGRvbmRlIGxvIGRlasOpLi4u
UAEwAg,,W3swfV0KSHVoPwpXaGF0J3MgdGhpcyBtYXJrCmhlcmUgYXQgdGhlIGJvdHRvbT8KQSBzZWNyZXQ/,,,,,W3swfV0KSMOjLi4uej8KUXVlIG1hcmNhIMOpIGVzc2EKbmEgcGFydGUgZGUgYmFpeG8/ClVtIHNlZ3JlZG8/,,W3swfV0Kwr9FaD8Kwr9RdcOpIGVzIGVzdGEgbWFyY2EKYXF1w60gZW4gbGEgcGFydGUgaW5mZXJpb3I/CsK/VW4gc2VjcmV0bz8=
UQEwAg,,W3swfV0KTm8gd29uZGVyIHRoZSBsaWJyYXJpYW4gc2VlbWVkIHRvIGhlc2l0YXRlIGJlZm9yZSBzYXlpbmcgYW55dGhpbmcuIE5vdyBsZXQncyBzZWUuLi4=,,,,,W3swfV0KTG9nbyB2aSBxdWUgbyBiaWJsaW90ZWPDoXJpbyBlc3RhdmEgaGVzaXRhbmRvIGFudGVzIGRlIGRpemVyIGFsZ3VtYSBjb2lzYS4gQWdvcmEsIHZhbW9zIHZlci4uLg==,,W3swfV0KTm8gbWUgZXh0cmHDsWEgcXVlIGVsIGJpYmxpb3RlY2FyaW8gcGFyZWNpZXJhIGR1ZGFyIGFudGVzIGRlIGRlY2lyIG5hZGEuIFZlYW1vcy4uLg==
UgEwAg,,Li4uKG9taXR0ZWQpIExvd2VuLCBvZiB0aGUgMm5kIHNxdWFkLCByZXR1cm5lZCB0byBoZXIgZGV0YWNobWVudCAzIGRheXMgYWZ0ZXIgdGhlIGluY2lkZW50Lg==,,,,,Li4uKG9taXRpZG8pIExvd2VuLCBkYSAywqogZXNxdWFkcmEsIHJldG9ybm91IGFvIHNldSBkZXN0YWNhbWVudG8gMyBkaWFzIGRlcG9pcyBkbyBpbmNpZGVudGUu,,Li4uKG9taXRpZG8pIExvd2VuLCBkZWwgMsK6IHBlbG90w7NuLCByZWdyZXPDsyBhIHN1IGRlc3RhY2FtZW50byAzIGTDrWFzIGRlc3B1w6lzIGRlbCBpbmNpZGVudGUu
UwEwAg,,QSB0cmlhbCB3YXMgaGVsZCwgYW5kIHNoZSB3YXMganVkZ2VkIGd1aWx0eSBvZiBmbGVlaW5nIHdoZW4gb3JkZXJlZCB0byBmaWdodC4gRGVzcGl0ZSB0aGUgc2V2ZXJpdHkgb2YgdGhpcyBvZmZlbnNlLCBzaGUgd2FzIG9ubHkgZGlzY2hhcmdlZCBmcm9tIHRoZSBDcnVzYWRlcnMgYW5kIHRoZSBob2x5IHBvd2VyIGdyYW50ZWQgdG8gaGVyIHdhcyByZW1vdmVkLgpXZSBjb2xsZWN0ZWQgdGhlIGhvbHkgcG93ZXIgZ3JhbnRlZCB0byBoZXIuLi4ob21pdHRlZCk=,,,,,Rm9pIHJlYWxpemFkbyB1bSBqdWxnYW1lbnRvIGUgZWxhIGZvaSBjb25zaWRlcmFkYSBjdWxwYWRhIHBvciBmdWdpciBlc3RhbmRvIHNvYiBvcmRlbnMgZGUgY29tYmF0ZS4gQXBlc2FyIGRhIHNldmVyaWRhZGUgZG8gY3JpbWUsIGVsYSBhcGVuYXMgZm9pIGV4cHVsc2EgZG9zIFRlbXBsw6FyaW9zIGUgbyBwb2RlciBzYWdyYWRvIGNvbmNlZGlkbyBhIGVsYSBmb2kgcmVtb3ZpZG8uLi4KTsOzcyByZWNvbGhlbW9zIG8gcG9kZXIgc2FncmFkbyBkZWxhLi4uIChvbWl0aWRvKQ==,,U2UgY2VsZWJyw7MgdW4ganVpY2lvIHkgZnVlIGRlY2xhcmFkYSBjdWxwYWJsZSBkZSBodWlyIGN1YW5kbyBzZSBsZSBvcmRlbsOzIGx1Y2hhci4gQSBwZXNhciBkZSBsYSBncmF2ZWRhZCBkZSBlc3RhIG9mZW5zYSwgc8OzbG8gZnVlIGRhZGEgZGUgYmFqYSBkZSBsYXMgQ3J1emFkYXMgeSBzZSBsZSByZXRpcsOzIGVsIHBvZGVyIHNhZ3JhZG8gcXVlIHNlIGxlIGhhYsOtYSBjb25jZWRpZG8uClJlY29naW1vcyBlbCBwb2RlciBzYWdyYWRvIHF1ZSBzZSBsZSBjb25jZWRpw7MuLi4ob21pdGlkbyk=
VAEwAg,,W3swfV0KU2hlIHdhcyBmb3JjZWQgdG8gbGVhdmUgdGhlIENydXNhZGVycz8hIFRoYXQncyByaWRpY3Vsb3VzIQ==,,,,,W3swfV0KRWxhIGZvaSBmb3LDp2FkYSBhIGRlaXhhciBvcyBUZW1wbMOhcmlvcz8hIElzc28gw6kgcmlkw61jdWxvIQ==,,W3swfV0KwqHCv0Z1ZSBvYmxpZ2FkYSBhIGRlamFyIGEgbG9zIENydXphZG9zPyEgwqFFc28gZXMgcmlkw61jdWxvIQ==
VQEwAg,,W3swfV0KRGlkIHRoZXkgd2FudCB0byBzZW50ZW5jZSBoZXIgdG8gZGVhdGggb3Igd2hhdD8gVGhhdCdzIGFsbW9zdCB0b28gY3J1ZWwuIFNoZSBtdXN0IGhhdmUgYmVlbiBodW1pbGlhdGVkLg==,,,,,W3swfV0KRWxlcyBxdWVyaWFtIGNvbmRlbsOhLWxhIMOgIG1vcnRlIG91IG8gcXXDqj8gw4kgY3J1ZWwgZGVtYWlzLiBFbGEgZGV2ZSB0ZXIgc2lkbyBodW1pbGhhZGEuLi4=,,W3swfV0Kwr9RdWVyw61hbiBjb25kZW5hcmxhIGEgbXVlcnRlIG8gcXXDqT8gRXNvIGVzIGNhc2kgZGVtYXNpYWRvIGNydWVsLiBEZWJlIGhhYmVyIHNpZG8gaHVtaWxsYWRhLg==
VgEwAg,,MiB5ZWFycyBhZnRlciB0aGUgaW5jaWRlbnQsIGFuIGV4cGVkaXRpb24gdGVhbSBmb3VuZCBydXN0eSBzaGFyZHMgb2YgYXJtb3IsIGEgYnJva2VuIHN3b3JkIGFuZCBzb21lIGVmZmVjdHMgYmVsb25naW5nIHRvIExvd2VuIEVsbGVuZW4u,,,,,MiBhbm9zIGRlcG9pcyBkbyBpbmNpZGVudGUsIHVtYSBlcXVpcGUgZGUgZXhwZWRpw6fDo28gZW5jb250cm91IGZyYWdtZW50b3MgZGUgYXJtYWR1cmEgZW5mZXJydWphZGEsIHVtYSBlc3BhZGEgcXVlYnJhZGEgZSBhbGd1bnMgcGVydGVuY2VzIGRlIExvd2VuIEVsbGVuZW4u,,MiBhw7FvcyBkZXNwdcOpcyBkZWwgaW5jaWRlbnRlLCB1biBlcXVpcG8gZGUgZXhwZWRpY2nDs24gZW5jb250csOzIGZyYWdtZW50b3Mgb3hpZGFkb3MgZGUgYXJtYWR1cmEsIHVuYSBlc3BhZGEgcm90YSB5IGFsZ3Vub3MgZWZlY3RvcyBwZXJ0ZW5lY2llbnRlcyBhIExvd2VuIEVsbGVuZW4u
VwEwAg,,W3swfV0KVGhpcyBpbmZvcm1hdGlvbiBpcyBjbGFzc2lmaWVkLiBPZmZpY2lhbGx5LCBMb3dlbiBFbGxlbmVuIGRpZWQgZHVyaW5nIHRoZSBtaXNzaW9uLg==,,,,,W3swfV0KTm8gZW50YW50bywgZXNzYSBpbmZvcm1hw6fDo28gw6kgY29uZmlkZW5jaWFsLiBPZmljaWFsbWVudGUsIExvd2VuIEVsbGVuZW4gbW9ycmV1IGR1cmFudGUgYSBtaXNzw6NvLg==,,W3swfV0KRXN0YSBpbmZvcm1hY2nDs24gZXMgY2xhc2lmaWNhZGEuIE9maWNpYWxtZW50ZSwgTG93ZW4gRWxsZW5lbiBtdXJpw7MgZHVyYW50ZSBsYSBtaXNpw7NuLg==
WAEwAg,,W3swfV0KVGhleSB0aG91Z2h0IHNoZSBicm91Z2h0IGRpc2dyYWNlIHRvIHRoZSBDcnVzYWRlcnM/IFRoaXMgc291bmRzIG1lc3N5LiBTaG91bGQgSSB0cnkgdG8gbWVldCBoZXIgYWdhaW4/,,,,,W3swfV0KRWxlcyBhY2hhcmFtIHF1ZSBlbGEgY2F1c291IGRlc2dyYcOnYSBhb3MgVGVtcGzDoXJpb3M/IElzc28gbsOjbyBjaGVpcmEgYmVtLiBTZXLDoSBxdWUgZGV2byB0ZW50YXIgZW5jb250csOhLWxhIGRlIG5vdm8/,,W3swfV0Kwr9QZW5zYXJvbiBxdWUgaGFiw61hIHRyYcOtZG8gZGVzZ3JhY2lhIGEgbG9zIENydXphZG9zPyBFc3RvIHN1ZW5hIGNvbXBsaWNhZG8uIMK/RGViZXLDrWEgaW50ZW50YXIgcmV1bmlybWUgY29uIGVsbGEgZGUgbnVldm8/
WQEwAg,,W0xpYnJhcmlhbl0KXjY2NjY2Nllhd24uLi5eMDAwMDAwCldoYXQgdGhlIT8KV2hvIGFyZSB5b3UhPwpHZXQgdGhlIGhlbGwKb3V0IG9mIGhlcmUh,,,,,W0JpYmxpb3RlY8OhcmlvXQpeNjY2NjY2VWFhaGguLi4qXjAwMDAwMApNYXMgbyBxdcOqLi4uPwpRdWVtIMOpIHZvY8OqPyEKRMOqIG8gZm9yYQpkYXF1aSBhZ29yYSE=,,W0JpYmxpb3RlY2FyaW9dCl42NjY2NjZZYXduLi4uXjAwMDAwMArCv8KhUXXDqSE/CsK/wqFRdWnDqW4gZXJlcyE/CsKhTGFyZ28gZGUgYXF1w60hCsKhRnVlcmEgZGUgYXF1w60h
WgEwAg,,XjMzNTVGRllvdSB0YWtlIHRoZSBib29rIGZyb20gdGhlIHNoZWxmIHdoaWxlIHRoZSBsaWJyYXJpYW4gd2FzIGRvemluZyBvZmYuIEFjY29yZGluZyB0byB0aGUgQ3J1c2FkZXIgUGVyc29ubmVsIFJlY29yZHMsIHRoZXJlJ3Mgb25seSBvbmUgcmVjcnVpdCB0aGF0IHdhcyBuYW1lZCBMb3dlbiBFbGxlbmVuLg==,,,,,XjMzNTVGRlZvY8OqIHRpcmEgbyBsaXZybyBkYSBlc3RhbnRlIGVucXVhbnRvIG8gYmlibGlvdGVjw6FyaW8gZXN0w6EgY29jaGlsYW5kby4gRGUgYWNvcmRvIGNvbSBvIFJlZ2lzdHJvIGRlIFBlc3NvYWwgZG9zIFRlbXBsw6FyaW9zLCBzw7MgaG91dmUgdW1hIHJlY3J1dGEgY2hhbWFkYSBMb3dlbiBFbGxlbmVuLg==,,XjMzNTVGRkNvZ2VzIGVsIGxpYnJvIGRlIGxhIGVzdGFudGVyw61hIG1pZW50cmFzIGVsIGJpYmxpb3RlY2FyaW8gZG9ybWl0YWJhLiBTZWfDum4gbG9zIFJlZ2lzdHJvcyBkZSBQZXJzb25hbCBkZSBsb3MgQ3J1emFkb3MsIHPDs2xvIGhheSB1biByZWNsdXRhIHF1ZSBzZSBsbGFtYWJhIExvd2VuIEVsbGVuZW4u
WwEwAg,,W3swfV0KTG93ZW4gRWxsZW5lbiwKTWVtYmVyIG9mIHRoZQoybmQgc3F1YWQuCkFnZSAyMi4KRmVtYWxlLg==,,,,,W3swfV0KTG93ZW4gRWxsZW5lbi4uLgpNZW1icm8gZGEKMsKqIGVzcXVhZHJhLi4uCjIyIGFub3MuLi4KTXVsaGVyLi4u,,W3swfV0KTG93ZW4gRWxsZW5lbiwKTWllbWJybyBkZWwKMsK6IGVzY3VhZHLDs24uCkVkYWQgMjIgYcOxb3MuCk11amVyLg==
XAEwAg,,W3swfV0KQmVjYW1lIGEgZnVnaXRpdmU/ClByb25vdW5jZWQgZGVhZD8KVGhpcyBpcyB0aGUgc2FtZSB2ZXJzaW9uIHRoZSBzb2xkaWVyIHRvbGQgbWUu,,,,,W3swfV0KVG9ybm91LXNlIGZ1Z2l0aXZhPwpEYWRhIGNvbW8gbW9ydGE/CkVzc2Egw6kgYSBtZXNtYSBpbmZvcm1hw6fDo28gcXVlIG8gc29sZGFkbyBtZSBkZXUu,,W3swfV0Kwr9TZSBjb252aXJ0acOzIGVuIGZ1Z2l0aXZvPwrCv1Byb251bmNpYWRvIG11ZXJ0bz8KRXN0YSBlcyBsYSBtaXNtYSB2ZXJzacOzbiBxdWUgZWwgc29sZGFkbyBtZSBkaWpvLg==
XQEwAg,,W3swfV0KSG1tLCBsZXQncyByZWFkIGFnYWluIGZyb20gdGhlIHBhZ2UgdGhhdCBJIHJlYWQgbGFzdCB0aW1lLgpIdWg/IFdoYXQgaXMgdGhpcyBtYXJrIG9uIHRoZSBib3R0b20/CkEgc2VjcmV0PyBOb3cgSSBzZWUgd2h5IHRoZSBsaWJyYXJpYW4gd2FzIGhlc2l0YW50IHRvIHNheSBzb21ldGhpbmcuCkxldCdzIHNlZS4uLg==,,,,,W3swfV0KLi4uaHVtLi4uIHZhbW9zIGxlciBkZSBub3ZvLCBkYSBww6FnaW5hIGVtIHF1ZSBwYXJlaSBkYSBvdXRyYSB2ZXouCkjDoz8gUXVlIG1hcmNhIMOpIGVzc2Egbm8gcm9kYXDDqT8KVW0gc2VncmVkbz8gQWguLi4gYWdvcmEgZW50ZW5kbyBwb3IgcXVlIG8gYmlibGlvdGVjw6FyaW8gZXN0YXZhIGhlc2l0YW5kbyBlbSBkaXplciBhbGd1bWEgY29pc2EuClZhbW9zIHZlci4uLg==,,W3swfV0KSG1tLCBsZWFtb3MgZGUgbnVldm8gZGVzZGUgbGEgcMOhZ2luYSBxdWUgbGXDrSBsYSDDumx0aW1hIHZlei4Kwr9FaD8gwr9RdcOpIGVzIGVzdGEgbWFyY2EgZW4gbGEgcGFydGUgaW5mZXJpb3I/CsK/VW4gc2VjcmV0bz8gQWhvcmEgZW50aWVuZG8gcG9yIHF1w6kgZWwgYmlibGlvdGVjYXJpbyBkdWRhYmEgZW4gZGVjaXIgYWxnby4KVmVhbW9zLi4u
XgEwAg,,KG9taXR0ZWQpIExvd2VuIGluIHRoZSBzZWNvbmQgc3F1YWQKd2FzIHNlbnQgYmFjayB0byBoZXIgZGV0YWNobWVudCAzIGRheXMgYWZ0ZXIgdGhlIGFjY2lkZW50LgpJbiBvcmRlciB0byBpbnRlcnJvZ2F0ZSBoZXIgb24gaGVyIGFic2VuY2UKZHVyaW5nIHRoZSBtaXNzaW9uLCBhIHRyaWFsIHdhcyBoZWxkLgpTaGUgd2FzIHN1cHBvc2VkIHRvIGJlIHNldmVyZWx5IHB1bmlzaGVkLgpIb3dldmVyLCB0aGUgY29tbWFuZGFudCBwdWxsZWQgc29tZSBzdHJpbmdzIGFuZApzaGUgd2FzIGRpc2NoYXJnZWQgZnJvbSBzZXJ2aWNlLgpXZSBjb2xsZWN0ZWQgdGhlIGhvbHkgcG93ZXIgZ3JhbnRlZCB0byBoZXIuLi4ob21pdHRlZCk=,,,,,Li4uKG9taXRpZG8pIExvd2VuLCBkYSBzZWd1bmRhIGVzcXVhZHJhCmZvaSBtYW5kYWRhIGRlIHZvbHRhIGFvIHNldSBkZXN0YWNhbWVudG8gMyBkaWFzIGRlcG9pcyBkbyBpbmNpZGVudGUuClBhcmEgcXVlIHNlIGludGVycm9nYXNzZSBhIHJlc3BvbnNhYmlsaWRhZGUgcGVsYSBzdWEgYXVzw6puY2lhCmR1cmFudGUgYSBtaXNzw6NvLCBmb2kgcmVhbGl6YWRvIHVtIGp1bGdhbWVudG8uCkVsYSBkZXZpYSB0ZXIgc2lkbyBzZXZlcmFtZW50ZSBwdW5pZGEKbWFzLCBwb3IgaW5mbHXDqm5jaWEgZG8gY29tYW5kYW50ZSwKZWxhIGZvaSBjb25kZW5hZGEgw6AgZXhwdWxzw6NvIGRvIHNlcnZpw6dvLgpOw7NzIHJlY29saGVtb3MgbyBwb2RlciBzYWdyYWRvIGRlbGEuLi4gKG9taXRpZG8p,,KG9taXRpZG8pIExvd2VuIGVuIGVsIHNlZ3VuZG8gZXNjdWFkcsOzbgpmdWUgZW52aWFkYSBkZSB2dWVsdGEgYSBzdSBkZXN0YWNhbWVudG8gMyBkw61hcyBkZXNwdcOpcyBkZWwgYWNjaWRlbnRlLgpQYXJhIGludGVycm9nYXJsYSBzb2JyZSBzdSBhdXNlbmNpYQpkdXJhbnRlIGxhIG1pc2nDs24sIHNlIGNlbGVicsOzIHVuIGp1aWNpby4KU2Ugc3Vwb27DrWEgcXVlIGliYSBhIHNlciBjYXN0aWdhZGEgc2V2ZXJhbWVudGUuClNpbiBlbWJhcmdvLCBlbCBjb21hbmRhbnRlIG1vdmnDsyBhbGd1bm9zIGhpbG9zIHkKZnVlIGRhZGEgZGUgYmFqYSBkZWwgc2VydmljaW8uClJlY29naW1vcyBlbCBwb2RlciBzYWdyYWRvIHF1ZSBzZSBsZSBoYWLDrWEgY29uY2VkaWRvLi4uKG9taXRpZG8p
XwEwAg,,W3swfV0KV2hhdD8hIEhlciBhYmlsaXR5IHdhcyB0YWtlbiBmcm9tIGhlciBhbmQgc2hlIHdhcyBmb3JjZWZ1bGx5IGRpc2NoYXJnZWQ/ClRoYXQncyByaWRpY3Vsb3VzIQpXYXMgc2hlIHNlbnRlbmNlZCB0byBkZWF0aCBhdCB0aGUgdHJpYWwgb3Igd2hhdD8KSmVzdXMgQ2hyaXN0LCB0aGF0IHdhcyBzbyBtZWFuLi4uClNoZSBtdXN0IGhhdmUgZmVsdCBodW1pbGlhdGVkIHdoZW4gaXQgaGFwcGVuZWQuLi4=,,,,,W3swfV0KLi4uUXXDqj8hIEVsYSB0ZXZlIHN1YXMgaGFiaWxpZGFkZXMgcmV0aXJhZGFzIGUgZm9pIGV4cHVsc2E/CkZvaSByaWTDrWN1bG8uCkVsYSBmb2kgY29uZGVuYWRhIMOgIG1vcnRlIG5vIGp1bGdhbWVudG8sIG91IGFsZ28gYXNzaW0/CkRldXMgZG8gQ8OpdSwgaXNzbyDDqSBjcnVlbCBkZW1haXMuCi4uLmVsYSBkZXZlIHRlciBzZSBzZW50aWRvIGh1bWlsaGFkYSBxdWFuZG8gYWNvbnRlY2V1Li4u,,W3swfV0KwqHCv1F1w6k/ISDCv0xlIHF1aXRhcm9uIHN1IGhhYmlsaWRhZCB5IGxhIGRpZXJvbiBkZSBiYWphIGEgbGEgZnVlcnphPwrCoUVzbyBlcyByaWTDrWN1bG8hCsK/RnVlIHNlbnRlbmNpYWRhIGEgbXVlcnRlIGVuIGVsIGp1aWNpbyBvIHF1w6k/Ckplc3VjcmlzdG8sIGVzbyBmdWUgdGFuIG1lenF1aW5vLi4uCkRlYmnDsyBzZW50aXJzZSBodW1pbGxhZGEgY3VhbmRvIHN1Y2VkacOzLi4u
YAEwAg,,MiB5ZWFycyBsYXRlciBhZnRlciB0aGUgYWNjaWRlbnQsCmFuIGV4cGVkaXRpb24gdGVhbSBmb3VuZCBzb21lIHJ1c3RlZCBhcm1vciwgYSBicm9rZW4gc3dvcmQgYW5kIHNvbWUgYmVsb25naW5ncwp3aGljaCB3ZXJlIGJlbGlldmVkIHRvIGJlbG9uZyB0byBMb3dlbiBFbGxlbmVuLgpIb3dldmVyLCB0aGlzIGluZm9ybWF0aW9uIHdhcyBvbmx5IHJlbGVhc2VkIHRvIHRoZSBtZW1iZXJzIGluIGNoYXJnZS4KT2ZmaWNpYWxseSwgc2hlIGRpZWQgZHVyaW5nIHRoZSBtaXNzaW9uLg==,,,,,Li4uMiBhbm9zIGRlcG9pcyBkbyBpbmNpZGVudGUsCnVtYSBlcXVpcGUgZGUgZXhwZWRpw6fDo28gZW5jb250cm91IHVtYSBhcm1hZHVyYSBlbmZlcnJ1amFkYSwgdW1hIGVzcGFkYSBxdWVicmFkYSBlIGFsZ3VucyBvYmpldG9zCnF1ZSBzdXBvc3RhbWVudGUgc2VyaWFtIGRlIExvd2VuIEVsbGVuZW4uCk5vIGVudGFudG8sIGVzc2EgaW5mb3JtYcOnw6NvIHPDsyBmb2kgbGliZXJhZGEgcGFyYSBvIGNvbWFuZG8uCk9maWNpYWxtZW50ZSwgZWxhIG1vcnJldSBkdXJhbnRlIGEgbWlzc8Ojby4=,,MiBhw7FvcyBkZXNwdcOpcyBkZWwgYWNjaWRlbnRlLAp1biBlcXVpcG8gZGUgZXhwZWRpY2nDs24gZW5jb250csOzIHVuYSBhcm1hZHVyYSBveGlkYWRhLCB1bmEgZXNwYWRhIHJvdGEgeSBhbGd1bmFzIHBlcnRlbmVuY2lhcwpxdWUgc2UgY3Jlw61hIHF1ZSBwZXJ0ZW5lY8OtYW4gYSBMb3dlbiBFbGxlbmVuLgpTaW4gZW1iYXJnbywgZXN0YSBpbmZvcm1hY2nDs24gc8OzbG8gc2UgZGlvIGEgY29ub2NlciBhIGxvcyBtaWVtYnJvcyBlbmNhcmdhZG9zLgpPZmljaWFsbWVudGUsIG11cmnDsyBkdXJhbnRlIGxhIG1pc2nDs24u
YQEwAg,,W3swfV0KRGlkIHRoZXkgdGhpbmsgc2hlIGRpc2dyYWNlZCB0aGUgQ3J1c2FkZXJzPwpTb3VuZHMgY29uZnVzaW5nIGFuZCBtZXNzeS4uLgpXaGF0IHNob3VsZCBJIGRvIG5vdy4uLgpTaG91bGQgSSBnbyBhaGVhZCBhbmQgbWVldCBoZXIgYWdhaW4/,,,,,W3swfV0KLi4uLi4uLi4gLi4uLiBlbGVzIGFjaGFyYW0gcXVlIGVsYSBkZXNvbnJvdSBvcyBUZW1wbMOhcmlvcz8KLi4uLm7Do28gbWUgY2hlaXJhIG5hZGEgYmVtLi4uCkFnb3JhLi4uIG8gcXVlIGRldm8gZmF6ZXIuLi4KU2Vyw6EgcXVlIGRldm8gdGVudGFyIGVuY29udHLDoS1sYSBkZSBub3ZvPw==,,W3swfV0Kwr9DcmXDrWFuIHF1ZSBoYWLDrWEgZGVzaG9ucmFkbyBhIGxvcyBDcnV6YWRvcz8KU3VlbmEgY29uZnVzbyB5IGRlc29yZGVuYWRvLi4uClF1w6kgZGVibyBoYWNlciBhaG9yYS4uLgrCv0RlYm8gc2VndWlyIGFkZWxhbnRlIHkgcmV1bmlybWUgY29uIGVsbGEgZGUgbnVldm8/
YgEwAg,,W0xpYnJhcmlhbl0KeWF3bn4KV2hhdCB0aGUgaGVsbD8hIFdobyBhcmUgeW91PyEKR2V0IHRoZSBoZWxsIG91dCBvZiBoZXJlIQ==,,,,,W0JpYmxpb3RlY8OhcmlvXQoqdWFhaGgqLi4uPyEKTWFzIHF1ZS4uLiBxdWVtIMOpIHZvY8OqPyEKQ2FpYSBmb3JhIGRhcXVpIQ==,,W0JpYmxpb3RlY2FyaW9dCmJvc3Rlem9+CsKhwr9RdcOpIGRlbW9uaW9zPyEgwqHCv1F1acOpbiBlcmVzPyEKwqFMw6FyZ2F0ZSBkZSBhcXXDrSE=
YwEwAg,,W0xpYnJhcmlhbl0KV2hhdCBhcmUgeW91IGRvaW5nIGhlcmU/CkRvbid0IHRvdWNoIGFueXRoaW5nIQ==,,,,,W0JpYmxpb3RlY8OhcmlvXQpPIHF1ZSB2b2PDqiBlc3TDoSBmYXplbmRvIGFxdWk/Ck7Do28gdG9xdWUgZW0gbmFkYSE=,,W0JpYmxpb3RlY2FyaW9dCsK/UXXDqSBoYWNlcyBhcXXDrT8KwqFObyB0b3F1ZXMgbmFkYSE=
ZAEwAg,,TGlicmFyaWFu,,,,,QmlibGlvdGVjw6FyaW8=,,QmlibGlvdGVjYXJpbw==
ZQEwAg,,W0xpYnJhcmlhbl0KLi4uLi4uLi4uLi4uLgouLi4uWnp6enouLi4uClp6enouLi4uLlp6eno=,,,,,W0JpYmxpb3RlY8OhcmlvXQouLi4uIC4gLi4uLi4gLi4uLgouLi4uLi4uLi4uLlp6enp6Li4KWnp6ei4uLi5aenp6ei4uLg==,,W0JpYmxpb3RlY2FyaW9dCi4uLi4uLi4uLi4uLi4KLi4uLlp6enp6Li4uLgpaenp6Li4uLi5aenp6
ZgEwAg,,XjMzNTVGRlRoZSBsaWJyYXJpYW4gc2VlbXMgdG8gYmUgZmFzdCBhc2xlZXAuIEl0J2QgYmUgd2lzZSBub3QgdG8gd2FrZSBoaW0gaWYgeW91IHdhbnQgdG8gY2hlY2sgdGhlIENydXNhZGVyIFBlcnNvbm5lbCBSZWNvcmRzLl4wMDAwMDA=,,,,,XjMzNTVGRkVzc2UgYmlibGlvdGVjw6FyaW8gcGFyZWNlIGVzdGFyIGRvcm1pbmRvIHByb2Z1bmRhbWVudGUuIFNlcmlhIG1lbGhvciBuw6NvIGFjb3Jkw6EtbG8sIHNlIHF1aXNlciB2ZXIgbyBSZWdpc3RybyBkZSBQZXNzb2FsIGRvcyBUZW1wbMOhcmlvcy5eMDAwMDAw,,XjMzNTVGRkVsIGJpYmxpb3RlY2FyaW8gcGFyZWNlIGVzdGFyIHByb2Z1bmRhbWVudGUgZG9ybWlkby4gU2Vyw61hIHBydWRlbnRlIG5vIGRlc3BlcnRhcmxlIHNpIHF1aWVyZXMgY29tcHJvYmFyIGxvcyByZWdpc3Ryb3MgZGUgcGVyc29uYWwgZGUgbG9zIGNydXphZG9zLl4wMDAwMDA=
ZwEwAg,,W0xpYnJhcmlhbl0KQWxsIGNvbmZpZGVudGlhbCBwZXJzb25uZWwgcmVjb3JkcyBhcmUga2VwdCBoZXJlIGluIHRoZSBSb3lhbCBMaWJyYXJ5LiBZb3Ugd2lsbCBuZWVkIGF1dGhvcml6YXRpb24gZm9yIGZ1bGwgYWNjZXNzLg==,,,,,W0JpYmxpb3RlY8OhcmlvXQpUb2RvcyBvcyByZWdpc3Ryb3MgY29uZmlkZW5jaWFpcyBkZSBwZXNzb2FsIHPDo28gbWFudGlkb3MgYXF1aSwgbmEgYmlibGlvdGVjYSByZWFsLiBObyBlbnRhbnRvLCB2b2PDqiBwcmVjaXNhIGRlIGF1dG9yaXphw6fDo28gcGFyYSB0ZXIgYWNlc3NvIGNvbXBsZXRvLg==,,W0JpYmxpb3RlY2FyaW9dClRvZG9zIGxvcyBleHBlZGllbnRlcyBwZXJzb25hbGVzIGNvbmZpZGVuY2lhbGVzIHNlIGd1YXJkYW4gYXF1w60sIGVuIGxhIEJpYmxpb3RlY2EgUmVhbC4gTmVjZXNpdGFyw6EgYXV0b3JpemFjacOzbiBwYXJhIHRlbmVyIGFjY2VzbyBjb21wbGV0by4=
aAEwAg,,W0xpYnJhcmlhbl0KRGlkIHlvdSBzYXkgdGhhdCB5b3UgbmVlZCB0byBmaW5kIHNvbWVvbmU/IFBsZWFzZSBnaXZlIG1lIHRoZSBwZXJzb24ncyBuYW1lLCBhcyB3ZWxsIGFzIHlvdXIgcmVsYXRpb25zaGlwIHRvIHRoZW0u,,,,,W0JpYmxpb3RlY8OhcmlvXQpWb2PDqiBkaXNzZSBxdWUgcHJlY2lzYSBlbmNvbnRyYXIgdW1hIHBlc3NvYT8gUG9yIGZhdm9yLCBtZSBkaWdhIG8gbm9tZSBkZXNzYSBwZXNzb2EsIGUgdGFtYsOpbSBvIHNldSByZWxhY2lvbmFtZW50byBjb20gZWxhLg==,,W0JpYmxpb3RlY2FyaW9dCsK/SGEgZGljaG8gcXVlIG5lY2VzaXRhIGVuY29udHJhciBhIGFsZ3VpZW4/IFBvciBmYXZvciwgZGFtZSBlbCBub21icmUgZGUgbGEgcGVyc29uYSwgYXPDrSBjb21vIHR1IHJlbGFjacOzbiBjb24gZWxsYS4=
aQEwAg,,TG93ZW4sIFNpYmxpbmc=,,,,,TG93ZW4sIG1pbmhhIGlybcOj,,TG93ZW4sIGhlcm1hbm8=
agEwAg,,TG93ZW4sIFNwb3VzZQ==,,,,,TG93ZW4sIG1pbmhhIGVzcG9zYQ==,,TG93ZW4sIEVzcG9zYQ==
awEwAg,,TG93ZW4sIEVuZW15,,,,,TG93ZW4sIG1pbmhhIGluaW1pZ2E=,,TG93ZW4sIEVuZW1pZ28=
bAEwAg,,TG93ZW4sIGEgRnJpZW5k,,,,,TG93ZW4sIG1pbmhhIGFtaWdh,,TG93ZW4sIHVuIGFtaWdv
bQEwAg,,W0xpYnJhcmlhbl0KSG93IGRhcmUgeW91IGxpZSB0byB0aGUgcm95YWwgbGlicmFyaWFuIQ==,,,,,W0JpYmxpb3RlY8OhcmlvXQpDb21vIG91c2EgbWVudGlyIHBhcmEgbyBiaWJsaW90ZWPDoXJpbyByZWFsPw==,,W0JpYmxpb3RlY2FyaW9dCsKhQ8OzbW8gdGUgYXRyZXZlcyBhIG1lbnRpcmxlIGFsIGJpYmxpb3RlY2FyaW8gcmVhbCE=
bgEwAg,,W0xpYnJhcmlhbl0KSXQgc2F5cyBoZXJlIGluIHRoZSByZWNvcmRzIHRoYXQgTG93ZW4gZGlkIG5vdCBoYXZlIGFueSBtYWxlIHNpYmxpbmdzIQ==,,,,,W0JpYmxpb3RlY8OhcmlvXQpEaXogYXF1aSBubyByZWdpc3RybyBxdWUgTG93ZW4gbsOjbyB0aW5oYSBuZW5odW0gaXJtw6NvIQ==,,W0JpYmxpb3RlY2FyaW9dCsKhQXF1w60gZW4gbG9zIHJlZ2lzdHJvcyBkaWNlIHF1ZSBMb3dlbiBubyB0dXZvIGhlcm1hbm9zIHZhcm9uZXMh
bwEwAg,,W0xpYnJhcmlhbl0KXjMzMzMzMyhPb3BzISBJIGp1c3QgZGlzY2xvc2VkIF42NjY2NjZjbGFzc2lmaWVkXjAwMDAwMCBeMzMzMzMzaW5mbyEpXjAwMDAwMC4=,,,,,W0JpYmxpb3RlY8OhcmlvXQpeMzMzMzMzKERyb2dhISBBY2FibyBkZSByZXZlbGFyIGluZm9ybWHDp8O1ZXMgXjY2NjY2NmNvbmZpZGVuY2lhaXMhXjAwMDAwMF4zMzMzMzMpXjAwMDAwMC4=,,W0JpYmxpb3RlY2FyaW9dCl4zMzMzMzMowqFVeSEgwqFBY2FibyBkZSByZXZlbGFyIF42NjY2NjZpbmZvcm1hY2nDs24gY2xhc2lmaWNhZGFeMDAwMDAwIF4zMzMzMzMhKV4wMDAwMDAu
cAEwAg,,W0xpYnJhcmlhbl0KVGhlIFJveWFsIExpYnJhcnkgd29uJ3QKdG9sZXJhdGUgaWRlbnRpdHkgZnJhdWQhClBsZWFzZSBsZWF2ZSE=,,,,,W0JpYmxpb3RlY8OhcmlvXQpBIEJpYmxpb3RlY2EgUmVhbApuw6NvIHRvbGVyYSBmcmF1ZGUgZGUgaWRlbnRpZGFkZSEKUG9yIGZhdm9yLCBzYWlhIQ==,,W0JpYmxpb3RlY2FyaW9dCkxhIEJpYmxpb3RlY2EgUmVhbCBubwrCoXRvbGVyYXLDoSBlbCBmcmF1ZGUgZGUgaWRlbnRpZGFkIQrCoVbDoXlhc2UsIHBvciBmYXZvciE=
cQEwAg,,W0xpYnJhcmlhbl0KWW91J3JlIHJlbGF0ZWQgdG8gTWlzcyBMb3dlbj8gSG93IGNvbWUgeW91IGhhdmVuJ3QgaGVhcmQgYW55IG5ld3MgZnJvbSBoZXIgYmVmb3JlPw==,,,,,W0JpYmxpb3RlY8OhcmlvXQpWb2PDqiDDqSBpcm3DoyBkYSBTcnRhLiBMb3dlbj8gQ29tbyB2b2PDqiBuw6NvIHJlY2ViZXUgbm90w61jaWFzIGRlbGEgYW50ZXM/,,W0JpYmxpb3RlY2FyaW9dCsK/RXJlcyBwYXJpZW50ZSBkZSBsYSBTcnRhLiBMb3dlbj8gwr9Dw7NtbyBlcyBxdWUgbm8gaGFzIHRlbmlkbyBub3RpY2lhcyBkZSBlbGxhIGFudGVzPw==
cgEwAg,,W0xpYnJhcmlhbl0KSSBzZWUuLi4Kc2VwYXJhdGVkIGF0IGJpcnRoLi4uClRoYXQncyB0cnVseSB0cmFnaWMuCk9rYXksIGxldCBtZSBjaGVjay4=,,,,,W0JpYmxpb3RlY8OhcmlvXQpFbnRlbmRvLi4uClNlcGFyYWRhcyBhbyBuYXNjZXIsCmlzc28gw6kgbWVzbW8gdHLDoWdpY28uCkNlcnRvLCBkZWl4ZS1tZSB2ZXIu,,W0JpYmxpb3RlY2FyaW9dCllhIHZlby4uLgpTZXBhcmFkb3MgYWwgbmFjZXIuLi4KRXNvIGVzIHJlYWxtZW50ZSB0csOhZ2ljby4KQmllbiwgZMOpamFtZSBjb21wcm9iYXJsby4=
cwEwAg,,W0xpYnJhcmlhbl0KSSBmZWVsIHRlcnJpYmxlIHRlbGxpbmcgeW91IHRoaXMsIGJ1dCBpdCdzIHRvbyBsYXRlIHRvIGZpbmQgTG93ZW4uIEFjY29yZGluZyB0byB0aGUgcmVjb3Jkcy4uLg==,,,,,W0JpYmxpb3RlY8OhcmlvXQrDiSB0ZXJyw612ZWwgbGhlIGRpemVyIGlzc28sIG1hcyDDqSB0YXJkZSBkZW1haXMgcGFyYSBlbmNvbnRyYXIgTG93ZW4gRWxsZW5lbiwgZGUgYWNvcmRvIGNvbSBvcyByZWdpc3Ryb3Mu,,W0JpYmxpb3RlY2FyaW9dCk1lIHNpZW50byB0ZXJyaWJsZSBkaWNpw6luZG90ZSBlc3RvLCBwZXJvIGVzIGRlbWFzaWFkbyB0YXJkZSBwYXJhIGVuY29udHJhciBhIExvd2VuLiBTZWfDum4gbG9zIHJlZ2lzdHJvcy4uLg==
dAEwAg,,W0xpYnJhcmlhbl0KRHVyaW5nIHRoZSBtb25zdGVyIGV4dGVybWluYXRpb24gbWlzc2lvbiBpbiBHZWZmZW4gRHVuZ2Vvbiwgc2hlIHJlcG9ydGVkbHkgZGlzYXBwZWFyZWQgYW5kLi4uIHdhcyBwcm9ub3VuY2VkIGRlYWQu,,,,,W0JpYmxpb3RlY8OhcmlvXQpEdXJhbnRlIGEgbWlzc8OjbyBkZSBleHRlcm3DrW5pbyBkZSBtb25zdHJvcyBubyBjYWxhYm91w6dvIGRlIEdlZmZlbiwgcGVsbyBxdWUgY29uc3RhLCBlbGEgZGVzYXBhcmVjZXUgZS4uLiBodW0sIG1haXMgdGFyZGUgZm9pIGRhZGEgY29tbyBtb3J0YS4=,,W0JpYmxpb3RlY2FyaW9dCkR1cmFudGUgbGEgbWlzacOzbiBkZSBleHRlcm1pbmlvIGRlIG1vbnN0cnVvcyBlbiBsYSBNYXptb3JyYSBHZWZmZW4sIGRlc2FwYXJlY2nDsyB5Li4uIGZ1ZSBkZWNsYXJhZGEgbXVlcnRhLg==
dQEwAg,,W0xpYnJhcmlhbl0KSSdtIHNvcnJ5LCBidXQKdGhhdCdzIGFsbCBJIGtub3cuClRoYW5rIHlvdS4uLg==,,,,,W0JpYmxpb3RlY8OhcmlvXQpTaW50byBtdWl0bywgbWFzCmlzc28gw6kgdHVkbyBxdWUgc2VpLgpPYnJpZ2Fkby4uLg==,,W0JpYmxpb3RlY2FyaW9dCkxvIHNpZW50bywgcGVybwplc28gZXMgdG9kbyBsbyBxdWUgc8OpLgpHcmFjaWFzLi4u
dgEwAg,,W0xpYnJhcmlhbl0KU3BvdXNlPwpJIGd1ZXNzIHlvdSBsb29rIGxpa2UgYSBodXNiYW5kLiBJJ3ZlIGdvdCBhIGdpcmxmcmllbmQgbXlzZWxmLiBXZWxsLCBhdCBsZWFzdCBJIHRoaW5rIHNvLiBBbnl3YXkuLi4KUmlnaHQhIEdpdmUgbWUKYSBtaW51dGUu,,,,,W0JpYmxpb3RlY8OhcmlvXQpFc3Bvc2EuLi4/CsOJLCB2b2PDqiBwYXJlY2UgbWVzbW8gc2VyIHVtIG1hcmlkby4gSGVoLCBldSBtZXNtbyB0ZW5obyB1bWEgbmFtb3JhZGEuIEJlbSwgcGVsbyBtZW5vcyBldSBhY2hvIHF1ZSB0ZW5oby4gRGUgcXVhbHF1ZXIgZm9ybWEuLi4KY2VydG8sIG1lIGTDqiAKdW0gbWludXRvLg==,,W0JpYmxpb3RlY2FyaW9dCsK/RXNwb3NvPwpTdXBvbmdvIHF1ZSBwYXJlY2VzIHVuIG1hcmlkby4gWW8gdGFtYmnDqW4gdGVuZ28gbm92aWEuIEJ1ZW5vLCBhbCBtZW5vcyBlc28gY3Jlby4gRW4gZmluLi4uCsKhQmllbiEgRGFtZQp1biBtaW51dG8u
dwEwAg,,W0xpYnJhcmlhbl0KTG93ZW4gRWxsZW5lbgp0aGUgQ3J1c2FkZXIsIHJpZ2h0PwpZb3UgbWlnaHQgd2FudAp0byB0YWtlIGEgc2VhdC4KSSdtIHNvIHNvcnJ5Li4u,,,,,W0JpYmxpb3RlY8OhcmlvXQpMb3dlbiBFbGxlbmVuCmEgVGVtcGzDoXJpYSwgY2VydG8/CkV1Li4uIHNpbnRvIG11aXRvLgrDiSBtZWxob3Igdm9jw6ogCnNlIHNlbnRhci4=,,W0JpYmxpb3RlY2FyaW9dCkxvd2VuIEVsbGVuZW4KZWwgQ3J1emFkbywgwr92ZXJkYWQ/CkVzIHBvc2libGUgcXVlIGRlc2VlCnRvbWFyIGFzaWVudG8uCkxvIHNpZW50byBtdWNoby4uLg==
eAEwAg,,W0xpYnJhcmlhbl0KRHVyaW5nIHRoZSBtb25zdGVyIGV4dGVybWluYXRpb24gbWlzc2lvbiBpbiBHZWZmZW4gRHVuZ2Vvbiwgc2hlIGRpc2FwcGVhcmVkIGFuZCB3YXMgcHJvbm91bmNlZCBkZWFkLg==,,,,,W0JpYmxpb3RlY8OhcmlvXQpQb3IgZmF2b3IsIG1lIGVzY3V0ZS4gRHVyYW50ZSBvIGV4dGVybcOtbmlvIGRlIG1vbnN0cm9zIG5vIGNhbGFib3XDp28gZGUgR2VmZmVuLCBwZWxvIHF1ZSBjb25zdGEsIGVsYSBkZXNhcGFyZWNldS4gRSwgbWFpcyB0YXJkZSwgZWxhIGZvaSBkYWRhIGNvbW8gbW9ydGEu,,W0JpYmxpb3RlY2FyaWFdCkR1cmFudGUgbGEgbWlzacOzbiBkZSBleHRlcm1pbmlvIGRlIG1vbnN0cnVvcyBlbiBsYSBNYXptb3JyYSBHZWZmZW4sIGRlc2FwYXJlY2nDsyB5IGZ1ZSBkZWNsYXJhZGEgbXVlcnRhLg==
eQEwAg,,W0xpYnJhcmlhbl0KVGhhdCdzIGFsbCB0aGUgaW5mb3JtYXRpb24gSSBoYXZlLCBzaXIuIEknbSB0cnVseSBzb3JyeSBmb3IgeW91ciBsb3NzLg==,,,,,W0JpYmxpb3RlY8OhcmlvXQpFc3NhIMOpIHRvZGEgYSBpbmZvcm1hw6fDo28gcXVlIHRlbmhvLCBzZW5ob3IuIFNpbnRvIG11aXRvIHBvciBzdWEgcGVyZGEu,,W0JpYmxpb3RlY2FyaW9dCkVzYSBlcyB0b2RhIGxhIGluZm9ybWFjacOzbiBxdWUgdGVuZ28sIHNlw7Fvci4gU2llbnRvIG11Y2hvIHN1IHDDqXJkaWRhLg==
egEwAg,,W0xpYnJhcmlhbl0KSG1tbT8KU3BvdXNlPwpPciBeMzMzMzMzQWhlbV4wMDAwMDAKbGlmZSBwYXJ0bmVycz8=,,,,,W0JpYmxpb3RlY8OhcmlvXQpIbW1tLi4uPwpFc3Bvc2E/Ck91Li4uIF4zMzMzMzMqQXJyYW0qXjAwMDAwMApjb25jdWJpbmFzPw==,,W0JpYmxpb3RlY2FyaW9dCsK/SG1tbT8Kwr9Dw7NueXVnZT8KTyBeMzMzMzMzQWhlbV4wMDAwMDAKwr9Db21wYcOxZXJvcyBkZSB2aWRhPw==
ewEwAg,,XjMzNTVGRlRoZSBsaWJyYXJpYW4Kbm93IHNlZW1zIGF3ZnVsbHkKZGlzdHJhY3RlZCwgYXMgaWYKaGUgaXMgbG9zdCBpbgphIGRheWRyZWFtLi4uXjAwMDAwMA==,,,,,XjMzNTVGRk8gYmlibGlvdGVjw6FyaW8KYWdvcmEgcGFyZWNlIGVzdGFyCmRpc3RyYcOtZG8sIGNvbW8gc2UKZXN0aXZlc3NlIHNvbmhhbmRvCmFjb3JkYWRvLi4uXjAwMDAwMA==,,XjMzNTVGRkVsIGJpYmxpb3RlY2FyaW8KYWhvcmEgcGFyZWNlIHRlcnJpYmxlbWVudGUKZGlzdHJhw61kbywgY29tbyBzaQpwZXJkaWRvIGVuCnVuYSBlbnNvw7FhY2nDs24uLi5eMDAwMDAw
fAEwAg,,W3swfV0KSSdtIGxvb2tpbmcKZm9yIEVsbGVuZW4uCkxvd2VuIEVsbGVuZW4uCk15IHN3b3JuIGFyY2hlbmVteS4=,,,,,W3swfV0KRXN0b3UgcHJvY3VyYW5kbwpwb3IgRWxsZW5lbi4KTG93ZW4gRWxsZW5lbi4KTWluaGEgYXJxdWktaW5pbWlnYS4=,,W3swfV0KRXN0b3kgYnVzY2FuZG8KYSBFbGxlbmVuLgpMb3dlbiBFbGxlbmVuLgpNaSBhcmNoaWVuZW1pZ28ganVyYWRvLg==
fQEwAg,,W0xpYnJhcmlhbl0KQXJjaGVuZW15PwpVbS4uLiBeNjY2NjY2QWhlbSFeMDAwMDAwCkFsbCBJIGNhbiB0ZWxsIHlvdSBpcyB0aGF0IHRoZXJlIHdhcyBhIENydXNhZGVyIGJ5IHRoYXQgbmFtZS4=,,,,,W0JpYmxpb3RlY8OhcmlvXQpBcnF1aWluaW1pZ2EuLi4/ClVtLCB1aC4uLiBeNjY2NjY2KkFycmFtISpeMDAwMDAwClR1ZG8gbyBxdWUgcG9zc28gZGl6ZXIgw6kgcXVlIGhvdXZlIHVtYSBUZW1wbMOhcmlhIGNvbSBlc3NlIG5vbWUu,,W0JpYmxpb3RlY2FyaW9dCsK/QXJjZW5lbWlnbz8KVW0uLi4gXjY2NjY2NsKhQWhlbSFeMDAwMDAwClRvZG8gbG8gcXVlIHB1ZWRvIGRlY2lydGUgZXMgcXVlIGh1Ym8gdW4gQ3J1emFkbyBjb24gZXNlIG5vbWJyZS4=
fgEwAg,,W0xpYnJhcmlhbl0KSSdtIHNvcnJ5LCBidXQKSSBjYW4ndCB0ZWxsIHlvdQphbnkgbW9yZSB0aGFuIHRoYXQu,,,,,W0JpYmxpb3RlY8OhcmlvXQpEZXNjdWxwZSwgbWFzCm7Do28gcG9zc28gbGhlIGRpemVyCm5hZGEgYWzDqW0gZGlzc28u,,W0JpYmxpb3RlY2FyaW9dCkxvIHNpZW50bywgcGVybwpubyBwdWVkbyBkZWNpcmxlCm3DoXMgcXVlIGVzby4=
fwEwAg,,W0xpYnJhcmlhbl0KXjMzMzMzM0NvdWdoXjAwMDAwMApeNjY2NjY2TnV0Y2FzZSFeMDAwMDAw,,,,,W0JpYmxpb3RlY8OhcmlvXQpeMzMzMzMzKmNvZiBjb2YqXjAwMDAwMApeNjY2NjY2TWFsdXF1aWNlIV4wMDAwMDA=,,W0JpYmxpb3RlY2FyaW9dCl4zMzMzMzNUb3NeMDAwMDAwCnvCoU51dGNhc2Uh
gAEwAg,,W0xpYnJhcmlhbl0KQSBmcmllbmQ/CldlbGwsIHdlIGhhdmUgYSByZWNvcmQgb2Ygc29tZW9uZSBuYW1lZCBMb2hlbiBQaGVsaWNhLg==,,,,,W0JpYmxpb3RlY8OhcmlvXQpBbWlnYS4uLj8KQmVtLCB0ZW1vcyB1bSByZWdpc3RybyBkZSBhbGd1w6ltIGNoYW1hZG8gTG9oZW4gRmVsw61jaWEu,,W0JpYmxpb3RlY2FyaW9dCsK/VW4gYW1pZ28/CkJ1ZW5vLCB0ZW5lbW9zIHVuIHJlZ2lzdHJvIGRlIGFsZ3VpZW4gbGxhbWFkbyBMb2hlbiBQaGVsaWNhLg==
gQEwAg,,W0xpYnJhcmlhbl0KSGUgcmV0aXJlZCBmcm9tIHNlcnZpY2UgYSBmZXcgeWVhcnMgYWdvLiBJIHdvdWxkIGdpdmUgeW91IGhpcyBhZGRyZXNzLCBidXQgd2UgZG9uJ3QgaGF2ZSB0aGF0IGluZm9ybWF0aW9uLg==,,,,,W0JpYmxpb3RlY8OhcmlvXQpFbGUgc2UgYXBvc2VudG91IG5vIHNlcnZpw6dvIGjDoSBhbGd1bnMgYW5vcy4gR29zdGFyaWEgZGUgbGhlIGRhciBvIGVuZGVyZcOnbywgbWFzIG7Do28gdGVtb3MgZXNzYSBpbmZvcm1hw6fDo28u,,W0JpYmxpb3RlY2FyaW9dClNlIGp1Ymlsw7MgaGFjZSB1bm9zIGHDsW9zLiBUZSBkYXLDrWEgc3UgZGlyZWNjacOzbiwgcGVybyBubyB0ZW5lbW9zIGVzYSBpbmZvcm1hY2nDs24u
ggEwAg,,W0xpYnJhcmlhbl0KTm93Li4uCkV4Y3VzZSBtZS4uLgpUaGFuayB5b3Uh,,,,,W0JpYmxpb3RlY8OhcmlvXQpBZ29yYSwgcG9kZQptZSBkYXIgbGljZW7Dp2E/Ck9icmlnYWRvIQ==,,W0JpYmxpb3RlY2FyaW9dCkFob3JhLi4uCkRpc2N1bHBlLi4uCkdyYWNpYXMu
gwEwAg,,V29tYW4=,,,,,TXVsaGVy,,TXVqZXI=
hAEwAg,,W1dvbWFuXQpIbT8KV2hhdCBicmluZ3MKeW91IGhlcmU/IEl0J3MKa2luZCBvZiBzdHJhbmdlCnRvIGNvbWUgaGVyZSBqdXN0IHRvCnRha2UgYSB3YWxrLg==,,,,,W011bGhlcl0KSG0/Ck8gcXVlIHRyYXoKdm9jw6ogYXF1aT8gw6kgCm1laW8gZXN0cmFuaG8KYWxndcOpbSB2aXIgc8OzIHBhcmEKZGFyIHVtYSB2b2x0YS4=,,W011amVyXQrCv0htPwrCv1F1w6kgdGUgdHJhZQphcXXDrT8gRXMKdW4gcG9jbyBleHRyYcOxbwp2ZW5pciBhcXXDrSBzw7NsbyBwYXJhCmRhciB1biBwYXNlby4=
hQEwAg,,W1Jvc2EgRWxsZW5lbl0KQXJlIHlvdSB0aGUgb25lIHdobyB2aXNpdGVkIG1lIGJlZm9yZT8gT2YgY291cnNlLi4u,,,,,W1Jvc2EgRWxsZW5lbl0KVm9jw6ogw6kgYSBwZXNzb2EgcXVlIG1lIHZpc2l0b3UgYW50ZXM/IEFoLCDDqSBjbGFyby4=,,W1Jvc2EgRWxsZW5lbl0Kwr9FcmVzIHTDuiBsYSBxdWUgbWUgdmlzaXTDsyBhbnRlcz8gUG9yIHN1cHVlc3RvLi4u
hgEwAg,,W1Jvc2EgRWxsZW5lbl0KSSdtIG5vdCBzdXJlIGhvdyB0byB0ZWxsIHlvdSB0aGlzLCBidXQuLi4gVGhpcyBpcyBMb3dlbidzIGdyYXZlLgpBaC4uLiBJJ20gbm90IHN1cmUgaG93IHRvIHRlbGwgeW91IHRoaXMuLi4=,,,,,W1Jvc2EgRWxsZW5lbl0KTsOjbyBzZWkgY29tbyBsaGUgZGl6ZXIgaXNzbywgbWFzLi4uIEVzdGUgw6kgbyB0w7ptdWxvIGRlIExvd2VuLiBPYnJpZ2FkYS4KQWguLi4gbsOjbyBzZWkgY29tbyBkZXZvIGxoZSBkaXplciBpc3NvLi4u,,W1Jvc2EgRWxsZW5lbl0KTm8gZXN0b3kgc2VndXJhIGRlIGPDs21vIGRlY2lydGUgZXN0bywgcGVyby4uLiBFc3RhIGVzIGxhIHR1bWJhIGRlIExvd2VuLgpBaC4uLiBObyBlc3RveSBzZWd1cmEgZGUgY8OzbW8gZGVjaXJ0ZSBlc3RvLi4u
hwEwAg,,W1Jvc2EgRWxsZW5lbl0KV2hhdCBhcmUgeW91CnRhbGtpbmcgYWJvdXQ/CkEgbWVzc2FnZSBmcm9tIExvd2VuPw==,,,,,W1Jvc2EgRWxsZW5lbl0KRG8gcXVlIHZvY8OqIAplc3TDoSBmYWxhbmRvPwpVbWEgbWVuc2FnZW0gZGUgTG93ZW4/,,W1Jvc2EgRWxsZW5lbl0Kwr9EZSBxdcOpIGVzdMOhcwpoYWJsYW5kbz8Kwr9VbiBtZW5zYWplIGRlIExvd2VuPw==
iAEwAg,,W1Jvc2EgRWxsZW5lbl0KV2hhdD8hCldoeSBoYXNuJ3Qgc2hlCmdvbmUgdG8gaGVhdmVuIHlldD8=,,,,,W1Jvc2EgRWxsZW5lbl0KUXXDqj8hClBvciBxdWUgZWxhIGFpbmRhCm7Do28gZm9pIHBhcmEgbyBjw6l1Pw==,,W1Jvc2EgRWxsZW5lbl0KwqHCv1F1w6k/IQrCv1BvciBxdcOpIG5vIHNlIGhhCmlkbyBhbCBjaWVsbyB0b2RhdsOtYT8=
iQEwAg,,W1Jvc2EgRWxsZW5lbl0KSSBob3BlIHlvdSByZW1lbWJlciBldmVyeXRoaW5nIEknbSBnb2luZyB0byB0ZWxsIHlvdS4gU2hlIHNob3VsZCBiZSBpbiBoZWF2ZW4gYnkgbm93ISBJIHN0aWxsIGRvbid0IHVuZGVyc3RhbmQuLi4=,,,,,W1Jvc2EgRWxsZW5lbl0KRXNwZXJvIHF1ZSB2b2PDqiBzZSBsZW1icmUgZGUgdHVkbyBvIHF1ZSB2b3UgbGhlIGNvbnRhci4gRWxhIHByZWNpc2EgaXIgcGFyYSBvIGPDqXUgYWdvcmEhIEV1IGFpbmRhIG7Do28gZW50ZW5kby4uLg==,,W1Jvc2EgRWxsZW5lbl0KRXNwZXJvIHF1ZSByZWN1ZXJkZSB0b2RvIGxvIHF1ZSBsZSB2b3kgYSBkZWNpci4gwqFZYSBkZWJlcsOtYSBlc3RhciBlbiBlbCBjaWVsbyEgU2lnbyBzaW4gZW50ZW5kZXIuLi4=
igEwAg,,W1Jvc2EgRWxsZW5lbl0KUGxlYXNlIHRlbGwgdGhhdCBwcmF5aW5nIGZvb2wgaGUgc2hvdWxkbid0IHdhc3RlIHRpbWUgYmxhbWluZyBoaW1zZWxmLiBeMzMzMzMzU2lnaF4wMDAwMDAgSSBzdGlsbCBkb24ndCBrbm93IHdoeSBzaGUgY2hvc2UgdG8gc3BlYWsgdG8geW91Lg==,,,,,W1Jvc2EgRWxsZW5lbl0KRSwgcG9yIGZhdm9yLCBkaWdhIMOgcXVlbGUgdG9sbyBuYSBpZ3JlamEgcXVlIGVsZSBuw6NvIGRldmUgcGVyZGVyIHNldSB0ZW1wbyBzZSBjdWxwYW5kby4gXjMzMzMzMypwZmYqXjAwMDAwMCBBaW5kYSBuw6NvIGVudGVuZG8gcG9yIHF1ZSBlbGEgZGVjaWRpdSBmYWxhciBjb20gdm9jw6ou,,W1Jvc2EgRWxsZW5lbl0KUG9yIGZhdm9yLCBkaWxlIGEgZXNlIHRvbnRvIHJlemFkb3IgcXVlIG5vIGRlYmVyw61hIHBlcmRlciBlbCB0aWVtcG8gY3VscMOhbmRvc2UuIHtUb2RhdsOtYSBubyBzw6kgcG9yIHF1w6kgZWxpZ2nDsyBoYWJsYXIgY29udGlnby4=
iwEwAg,,W1Jvc2EgRWxsZW5lbl0KTGV0IG1lIHRlbGwgeW91IHNvbWV0aGluZy4gTG93ZW4gd2FzIGEgZmVuY2luZyBwcm9kaWd5LiBTaGUgYWx3YXlzIGhhZCB0cm91YmxlIGVuZHVyaW5nIHRoZSByaWdvcm91cyB0cmFpbmluZyBhbmQgYmVhcmluZyB0aGUgd2VpZ2h0IG9mIGFybW9yLg==,,,,,W1Jvc2EgRWxsZW5lbl0KRGVpeGUtbWUgZGl6ZXIgdW1hIGNvaXNhLiBMb3dlbiBlcmEgdW0gcHJvZMOtZ2lvIG5hIGVzZ3JpbWEuIE1hcyBlbGEgc2VtcHJlIHRldmUgcHJvYmxlbWFzIHBhcmEgc3Vwb3J0YXIgbyB0cmVpbmFtZW50byByaWdvcm9zbyBlIG8gcGVzbyBkYSBhcm1hZHVyYS4uLg==,,W1Jvc2EgRWxsZW5lbl0KRMOpamFtZSBkZWNpcnRlIGFsZ28uIExvd2VuIGVyYSB1biBwcm9kaWdpbyBkZSBsYSBlc2dyaW1hLiBTaWVtcHJlIHR1dm8gcHJvYmxlbWFzIHBhcmEgc29wb3J0YXIgZWwgcmlndXJvc28gZW50cmVuYW1pZW50byB5IGVsIHBlc28gZGUgbGEgYXJtYWR1cmEu
jAEwAg,,W1Jvc2EgRWxsZW5lbl0KQnV0IHNoZSBsb3ZlZCBmZW5jaW5nIGFuZCBhbHdheXMgdHJpZWQgaGFyZCB0byBkZXZlbG9wIGhlciBwaHlzaWNhbCBzdHJlbmd0aCBzbyB0aGF0IHNoZSBjb3VsZCBzZXJ2ZSBHb2QgaW4gYmF0dGxlLg==,,,,,W1Jvc2EgRWxsZW5lbl0KTWFzIGVsYSBhZG9yYXZhIGEgZXNncmltYSBlIHNlbXByZSBzZSBlc2ZvcsOnYXZhIGVtIGRvYnJvIHBhcmEgZGVzZW52b2x2ZXIgYSBzdWEgZm9yw6dhIGbDrXNpY2EsIHBhcmEgcG9kZXIgc2VydmlyIGEgRGV1cyBuYSBiYXRhbGhhLg==,,W1Jvc2EgRWxsZW5lbl0KUGVybyBsZSBlbmNhbnRhYmEgbGEgZXNncmltYSB5IHNpZW1wcmUgc2UgZXNmb3J6YWJhIHBvciBkZXNhcnJvbGxhciBzdSBmdWVyemEgZsOtc2ljYSBwYXJhIHBvZGVyIHNlcnZpciBhIERpb3MgZW4gbGEgYmF0YWxsYS4=
jQEwAg,,W1Jvc2EgRWxsZW5lbl0KSW4gdGhlIGVuZCwgc2hlIGJlY2FtZSBhIENydXNhZGVyLiBGb3IgYSB3aGlsZSB0aGluZ3Mgd2VyZSBncmVhdC4gQnV0IHRoZW4gc2hlIHN1ZGRlbmx5IGRpc2FwcGVhcmVkIHdoaWxlIG9uIGEgbWlzc2lvbiBpbiBHZWZmZW4gRHVuZ2Vvbi4=,,,,,W1Jvc2EgRWxsZW5lbl0KRmluYWxtZW50ZSwgZWxhIHNlIHRvcm5vdSB1bWEgVGVtcGzDoXJpYS4gUG9yIGFsZ3VtIHRlbXBvLCB0dWRvIGVzdGF2YSBiZW0uIE1hcywgZW50w6NvLCBlbGEgZGVzYXBhcmVjZXUgZGUgcmVwZW50ZSwgbnVtYSBtaXNzw6NvIG5vIGNhbGFib3XDp28gZGUgR2VmZmVuLg==,,W1Jvc2EgRWxsZW5lbl0KQWwgZmluYWwsIHNlIGhpem8gY3J1emFkYS4gRHVyYW50ZSB1biB0aWVtcG8gbGFzIGNvc2FzIGZ1ZXJvbiBiaWVuLiBQZXJvIGRlIHJlcGVudGUgZGVzYXBhcmVjacOzIG1pZW50cmFzIGVzdGFiYSBlbiB1bmEgbWlzacOzbiBlbiBsYSBNYXptb3JyYSBHZWZmZW4u
jgEwAg,,W1Jvc2EgRWxsZW5lbl0KVHdvIHllYXJzIGxhdGVyLCBzaGUgd2FzIGJ1cmllZCBpbiB0aGlzIGdyYXZlIGFmdGVyIGhlciBib2R5IHdhcyBmb3VuZCBieSBzb21lIGFkdmVudHVyZXJzLiBJIHdhcyBnaXZlbiB0aGUgc2hhcmRzIG9mIGFybW9yIHRoZXkgcmVjb3ZlcmVkIGFuZCBhIGJsb29kc3RhaW5lZCByaWJib24gc2hlIGxlZnQgYmVoaW5kLg==,,,,,W1Jvc2EgRWxsZW5lbl0KRG9pcyBhbm9zIGRlcG9pcywgZWxhIGZvaSBlbnRlcnJhZGEgbmVzdGUgdMO6bXVsbywgZGVwb2lzIGRlIG8gc2V1IGNvcnBvIHRlciBzaWRvIGVuY29udHJhZG8gcG9yIGFsZ3VucyBhdmVudHVyZWlyb3MuIEV1IHJlY2ViaSBvcyBlc3RpbGhhw6dvcyBkYSBzdWEgYXJtYWR1cmEsIGUgdW1hIGZhaXhhIG1hbmNoYWRhIGRlIHNhbmd1ZSBxdWUgZWxhIGRlaXhvdSBwYXJhIHRyw6FzLg==,,W1Jvc2EgRWxsZW5lbl0KRG9zIGHDsW9zIG3DoXMgdGFyZGUsIGZ1ZSBlbnRlcnJhZGEgZW4gZXN0YSB0dW1iYSBkZXNwdcOpcyBkZSBxdWUgc3UgY3VlcnBvIGZ1ZXJhIGVuY29udHJhZG8gcG9yIHVub3MgYXZlbnR1cmVyb3MuIE1lIGRpZXJvbiBsb3MgZnJhZ21lbnRvcyBkZSBhcm1hZHVyYSBxdWUgcmVjdXBlcmFyb24geSB1bmEgY2ludGEgbWFuY2hhZGEgZGUgc2FuZ3JlIHF1ZSBkZWrDsy4=
jwEwAg,,W1Jvc2EgRWxsZW5lbl0KSSBuZXZlciByZWFsbHkgbGVhcm5lZCB3aGF0IGV4YWN0bHkgaGFwcGVuZWQuIEhlcm1pdGUgd2FzIGFsd2F5cyBmb2xsb3dpbmcgaGVyIGFzIGlmIHNoZSB3ZXJlIGhpcyByZWFsIHNpc3Rlci4gSGUncyBiZWVuIGRpZmZlcmVudCBldmVyIHNpbmNlIHNoZSBkaWVkLiBJIGhvcGUgaGUgZG9lc24ndCB0b3JtZW50IGhpbXNlbGYu,,,,,W1Jvc2EgRWxsZW5lbl0KRXUgbnVuY2Egc291YmUgbWVzbW8gbyBxdWUgYWNvbnRlY2V1IHJlYWxtZW50ZS4gRSBvIEVybWl0w6NvIGVzdGF2YSBzZW1wcmUgYSBzZWd1aW5kbyBjb21vIHNlIGVsYSBmb3NzZSBpcm3DoyBkZWxlLiBEZXNkZSBxdWUgZWxhIG1vcnJldSwgZWxlIG11ZG91LiBFc3Blcm8gcXVlIGVsZSBuw6NvIHNlIG1hY2h1cXVlLi4u,,W1Jvc2EgRWxsZW5lbl0KTnVuY2Egc3VwZSBxdcOpIHBhc8OzIGV4YWN0YW1lbnRlLiBIZXJtaXRlIHNpZW1wcmUgbGEgc2VndcOtYSBjb21vIHNpIGZ1ZXJhIHN1IHZlcmRhZGVyYSBoZXJtYW5hLiBIYSBlc3RhZG8gZGlmZXJlbnRlIGRlc2RlIHF1ZSBlbGxhIG11cmnDsy4gRXNwZXJvIHF1ZSBubyBzZSBhdG9ybWVudGUgYSBzw60gbWlzbW8u
kAEwAg,,W1Jvc2EgRWxsZW5lbl0KU29tZXRoaW5nIHN1c3BpY2lvdXMgc2VlbXMgdG8gaGF2ZSBoYXBwZW5lZCB3aXRoaW4gdGhlIG1pbGl0YXJ5LiBCdXQgdGhleSB3b24ndCBldmVuIHRhbGsgdG8gbWUgYWJvdXQgaXQu,,,,,W1Jvc2EgRWxsZW5lbl0KTWFzIGFsZ28gc3VzcGVpdG8gcGFyZWNlIHRlciBhY29udGVjaWRvIGNvbSBvcyBUZW1wbMOhcmlvcywgZSBlbGVzIG5lbSBmYWxhbSBjb21pZ28gc29icmUgaXNzby4=,,W1Jvc2EgRWxsZW5lbl0KUGFyZWNlIHF1ZSBoYSBvY3VycmlkbyBhbGdvIHNvc3BlY2hvc28gZW4gZWwgZWrDqXJjaXRvLiBQZXJvIG5pIHNpcXVpZXJhIG1lIGhhYmxhbiBkZSBlbGxvLg==
kQEwAg,,W1Jvc2EgRWxsZW5lbl0KSW4gdGhlIGVuZCwgSSBnYXZlIHVwIHRyeWluZyB0byBmaW5kIHRoZSB0cnV0aC4gQWZ0ZXIgYWxsLCBub3RoaW5nIGNhbiBicmluZyBoZXIgYmFjay4uLg==,,,,,W1Jvc2EgRWxsZW5lbl0KTm8gZmltLCBldSBkZXNpc3RpIGRlIHRlbnRhciBkZXNjb2JyaXIgYSB2ZXJkYWRlLiBBZmluYWwsIG5hZGEgcG9kZSB0cmF6w6otbGEgZGUgdm9sdGEuLi4=,,W1Jvc2EgRWxsZW5lbl0KQWwgZmluYWwsIHJlbnVuY2nDqSBhIGJ1c2NhciBsYSB2ZXJkYWQuIERlc3B1w6lzIGRlIHRvZG8sIG5hZGEgcHVlZGUgdHJhZXJsYSBkZSB2dWVsdGEuLi4=
kgEwAg,,W1Jvc2EgRWxsZW5lbl0KSWYgeW91IG1lZXQgaGVyIGFnYWluLApwbGVhc2UgdGVsbCBoZXIgSSdtIGZpbmUgYW5kIHRoYXQgSSBob3BlIGhlciBzb3VsIHBhc3NlcyBmcm9tIHRoaXMgcmVhbG0gaW50byBoZWF2ZW4u,,,,,W1Jvc2EgRWxsZW5lbl0KU2Ugdm9jw6ogZW5jb250csOhLWxhIGRlIG5vdm8sCnBvciBmYXZvciwgZGlnYSBhIGVsYSBxdWUgZXN0b3UgYmVtLCBlIHF1ZSBlc3Blcm8gcXVlIHN1YSBhbG1hIHBhc3NlIGRlc3RlIHJlaW5vIHBhcmEgbyBjw6l1Lg==,,W1Jvc2EgRWxsZW5lbl0KU2kgdGUgbGEgdnVlbHZlcyBhIGVuY29udHJhciwKcG9yIGZhdm9yIGRpbGUgcXVlIGVzdG95IGJpZW4geSBxdWUgZXNwZXJvIHF1ZSBzdSBhbG1hIHBhc2UgZGUgZXN0ZSByZWlubyBhbCBjaWVsby4=
kwEwAg,,W1Jvc2EgRWxsZW5lbl0KVGhpcyBpcyBteSBsaXR0bGUKc2lzdGVyJ3MgZ3JhdmUuLi4KSGVyIG5hbWUgd2FzIExvd2VuLg==,,,,,W1Jvc2EgRWxsZW5lbl0KRXN0ZSDDqSBvIHTDum11bG8KZGEgbWluaGEgaXJtw6MgY2HDp3VsYS4uLgpTZXUgbm9tZSBlcmEgTG93ZW4u,,W1Jvc2EgRWxsZW5lbl0KRXN0YSBlcyBsYSB0dW1iYQpoZXJtYW5hIHBlcXVlw7FhLi4uClN1IG5vbWJyZSBlcmEgTG93ZW4u
lAEwAg,,W1Jvc2EgRWxsZW5lbl0KQXJlIHlvdSBhIGZyaWVuZCBvZiBMb3dlbidzPyBIbT8gVGhlIG1hbiBpbiB0aGUgc2FuY3R1YXJ5PyBUaGF0IG11c3QgYmUgSGVybWl0ZS4=,,,,,W1Jvc2EgRWxsZW5lbl0KTG93ZW4gZXJhIHN1YSBhbWlnYT8gSG0/IE8gaG9tZW0gbm8gU2FudHXDoXJpbz8gRGV2ZSBzZXIgbyBFcm1pdMOjby4=,,W1Jvc2EgRWxsZW5lbl0Kwr9FcmVzIGFtaWdhIGRlIExvd2VuPyDCv0htPyDCv0VsIGhvbWJyZSBkZWwgc2FudHVhcmlvPyBEZWJlIHNlciBIZXJtaXRlLg==
lQEwAg,,W1Jvc2EgRWxsZW5lbl0KSGUgd2FzIHNob2NrZWQgd2hlbiBMb3dlbiBkaWVkLCBidXQgaGUgc2hvdWxkbid0IGJsYW1lIGhpbXNlbGYgZm9yIGhlciBkZWF0aC4gSSBkb24ndCB3YW50IGhpbSB0byBzdWZmZXIgdGhlIGd1aWx0Lg==,,,,,W1Jvc2EgRWxsZW5lbl0KRWxlIGZpY291IGNob2NhZG8gcXVhbmRvIExvd2VuIG1vcnJldSwgbWFzIG7Do28gdGVtIGRlIHNlIGN1bHBhciBwZWxhIG1vcnRlIGRlbGEuIE7Do28gcXVlcm8gcXVlIGVsZSBzb2ZyYSBjb20gYSBjdWxwYS4=,,W1Jvc2EgRWxsZW5lbl0KU2UgY29ubW9jaW9uw7MgY3VhbmRvIG11cmnDsyBMb3dlbiwgcGVybyBubyBkZWJlIGN1bHBhcnNlIHBvciBzdSBtdWVydGUuIE5vIHF1aWVybyBxdWUgc3VmcmEgbGEgY3VscGEu
lgEwAg,,W1Jvc2EgRWxsZW5lbl0KVGhhbmsgeW91IGZvciB2aXNpdGluZyBteSBsaXR0bGUgc2lzdGVyLiBJdCdzIGdvb2QgdG8ga25vdyBzaGUgaGFzIGZyaWVuZHMsIGV2ZW4gYWZ0ZXIgc2hlJ3MgcGFzc2VkIG9uLg==,,,,,W1Jvc2EgRWxsZW5lbl0KRGUgcXVhbHF1ZXIgZm9ybWEsIG9icmlnYWRvIHBvciB2aXIgdmlzaXRhciBtaW5oYSBpcm3Doy4gw4kgYm9tIHNhYmVyIHF1ZSBlbGEgdGVtIGFtaWdvcywgbWVzbW8gdGVuZG8gZmFsZWNpZG8u,,W1Jvc2EgRWxsZW5lbl0KR3JhY2lhcyBwb3IgdmlzaXRhciBhIG1pIGhlcm1hbmEgcGVxdWXDsWEuIEVzIGJ1ZW5vIHNhYmVyIHF1ZSB0aWVuZSBhbWlnb3MsIGluY2x1c28gZGVzcHXDqXMgZGUgc3UgbXVlcnRlLg==
lwEwAg,,W1Jvc2EgRWxsZW5lbl0KT2gsIGhlbGxvLi4uCkhhdmUgeW91IGNvbWUKdG8gcGF5IHlvdXIgcmVzcGVjdHMKdG8gc29tZW9uZSBoZXJlIGFzIHdlbGw/,,,,,W1Jvc2EgRWxsZW5lbl0KT2gsIG9sw6EuLi4KVm9jw6ogdGFtYsOpbSB2ZWlvCnBhcmEgbGVtYnJhciBhIG1lbcOzcmlhCmRlIGFsZ3XDqW0/,,W1Jvc2EgRWxsZW5lbl0KT2gsIGhvbGEuLi4Kwr9IYXMgdmVuaWRvCmEgcHJlc2VudGFyIHR1cyByZXNwZXRvcwphIGFsZ3VpZW4gZGUgYXF1w60gdGFtYmnDqW4/
mAEwAg,,R3JhdmVzdG9uZQ==,,,,,VMO6bXVsbw==,,TMOhcGlkYQ==
mQEwAg,,TG93ZW4gRWxsZW5lbg==,,,,,TG93ZW4gRWxsZW5lbg==,,TG93ZW4gRWxsZW5lbg==
mgEwAg,,IFhYWFguIFhYLiBYWC4=,,,,,WFhYWC4gWFguIFhYLg==,,IFhYWFguIFhYLiBYWC4=
mwEwAg,,SGVyIG5vYmxlIHNwaXJpdAp3YXMgc2VudCB0byB0aGUgaG9seSBsYW5kCmJ5IHRoZSB3aWxsIG9mIFZhbGt5cmllLg==,,,,,U2V1IG5vYnJlIGVzcMOtcml0bwpmb2kgbWFuZGFkbyBhbyBsdWdhciBzYWdyYWRvCnBlbGEgdm9udGFkZSBkYSBWYWxxdcOtcmlhLg==,,U3Ugbm9ibGUgZXNww61yaXR1CmZ1ZSBlbnZpYWRvIGEgbGEgdGllcnJhIHNhbnRhCnBvciB2b2x1bnRhZCBkZSBWYWxxdWlyaWEu
nAEwAg,,XjMzNTVGRllvdSBjYW4ndCByZWFkIHRoZSByZXN0IG9mIHRoZSBlcGl0YXBoIGFzIHRoZSB3b3JkcyBoYXZlIGZhZGVkIGF3YXkuXjAwMDAwMA==,,,,,XjMzNTVGRlZvY8OqIG7Do28gcMO0ZGUgbGVyIG8gcmVzdG8gZG8gZXBpdMOhZmlvLCBwb2lzIGEgbMOhcGlkZSBlc3TDoSBnYXN0YS5eMDAwMDAw,,XjMzNTVGRk5vIHB1ZWRlcyBsZWVyIGVsIHJlc3RvIGRlbCBlcGl0YWZpbyB5YSBxdWUgbGFzIHBhbGFicmFzIHNlIGhhbiBkZXN2YW5lY2lkby5eMDAwMDAw
nQEwAg,,XjMzNTVGRkl0J3MganVzdCBhbgpvcmRpbmFyeSB0b21ic3RvbmUuXjAwMDAwMA==,,,,,XjMzNTVGRsOJIGFwZW5hcwp1bWEgbMOhcGlkZSBjb211bS5eMDAwMDAw,,XjMzNTVGRkVzIHPDs2xvIHVuYQpsw6FwaWRhIG9yZGluYXJpYS5eMDAwMDAw
ngEwAg,,XjMzNTVGRk5vdGhpbmcgcmVhbGx5CnNldHMgaXQgYXBhcnQgZnJvbSB0aGUgcmVzdCBvZiB0aGUgdG9tYnN0b25lcyBoZXJlIGluIFByb250ZXJhIENlbWV0ZXJ5Ll4wMDAwMDA=,,,,,XjMzNTVGRk5hZGEgY2hlZ2EgYQpkaXN0aW5ndWktbGEgZG8gcmVzdG8gZGFzIGzDoXBpZGVzIGFxdWkgbm8gY2VtaXTDqXJpbyBkZSBQcm9udGVyYS5eMDAwMDAw,,e05hZGEgcmVhbG1lbnRlCi4uLnF1ZSBsYSBkaXN0aW5nYSBkZWwgcmVzdG8gZGUgbGFzIGzDoXBpZGFzIGRlbCBjZW1lbnRlcmlvIGRlIFByb250ZXJhLg==
nwEwAg,,XjMzNTVGRkl0J3MganVzdCBhIGRyeSwKb2xkIHBpZWNlIG9mIHdvb2QuXjAwMDAwMA==,,,,,XjMzNTVGRsOJIGFwZW5hcyB1bSBwZWRhw6dvCnZlbGhvIGUgc2VjbyBkZSBtYWRlaXJhLl4wMDAwMDA=,,XjMzNTVGRkVzIHPDs2xvIHVuIHNlY28sCnZpZWpvIHBlZGF6byBkZSBtYWRlcmEuXjAwMDAwMA==
oAEwAg,,V2lsbCB5b3UKc3VtbW9uIGhlcj8g,,,,,Vm9jw6ogdmFpCmV2b2PDoS1sYT8g,,wr9MYQpjb252b2NhcmxhPyA=
oQEwAg,,WWVz,,,,,U2lt,,U8Ot
ogEwAg,,Tm8=,,,,,TsOjbw==,,Tm8=
owEwAg,,W0xvd2VuIEVsbGVuZW5dCl42RTdCOEJZLXlvdSdyZS4uLgpJIGNhbid0IHN0YXkgbG9uZywKSSdtIGZlZWxpbmcgdG9vIHdlYWsuCkNvbWUgY2xvc2VyLCBJIHdhbnQKdG8gc2hvdyB5b3Ugc29tZXRoaW5nLi4uXjAwMDAwMA==,,,,,W0xvd2VuIEVsbGVuZW5dCl42RTdCOEIuLi5WLXZvY8OqLi4uCk4tbsOjbyBwb3NzbyBmaWNhciBtdWl0byB0ZW1wbywKbWUgc2ludG8gZnJhY2EgZGVtYWlzLgpDaGVndWUgbWFpcyBwZXJ0bywgcXVlcm8KbGhlIG1vc3RyYXIgdW1hIGNvaXNhLi4uXjAwMDAwMA==,,W0xvd2VuIEVsbGVuZW5dCl42RTdCOEJZLWVzdMOhcy4uLgpObyBwdWVkbyBxdWVkYXJtZSBtdWNobyB0aWVtcG8sCk1lIHNpZW50byBkZW1hc2lhZG8gZMOpYmlsLgpBY8OpcmNhdGUsIHF1aWVybwptb3N0cmFydGUgYWxnby4uLl4wMDAwMDA=
pAEwAg,,XjMzNTVGRkhlciB2b2ljZSBncm93cwpzb2Z0ZXIgYW5kIHNvZnRlcgp1bnRpbCB5b3UgY2FuIGJhcmVseQpoZWFyIGhlciBzcGVhay5eMDAwMDAw,,,,,XjMzNTVGRlN1YSB2b3ogZmljb3UKY2FkYSB2ZXogbWFpcyBiYWl4YQphdMOpIHF1ZSB2b2PDqiBuw6NvIHDDtGRlCm1haXMgb3V2aS1sYS5eMDAwMDAw,,XjMzNTVGRlN1IHZveiBzZSBoYWNlCmNhZGEgdmV6IG3DoXMgc3VhdmUKaGFzdGEgcXVlIGFwZW5hcwpvw61ybGEgaGFibGFyLl4wMDAwMDA=
pQEwAg,,W0xvd2VuIEVsbGVuZW5dCl42RTdCOEJQbGVhc2UgdGVsbCBSb3NhCm5vdCB0byB3b3JyeSBhYm91dCBtZS4gWW91IG1pZ2h0IGJlIGFibGUgdG8gZmluZCBoZXIgYmVzaWRlIG15IGdyYXZlLiBJIGRvbid0IHdhbnQgaGVyIHRvIHN1ZmZlciBhbnltb3JlLi4uXjAwMDAwMA==,,,,,W0xvd2VuIEVsbGVuZW5dCl42RTdCOEJQb3IgZmF2b3IsIGRpZ2EgYSBSb3NhCnBhcmEgbsOjbyBzZSBwcmVvY3VwYXIgbWFpcyBjb21pZ28uIFZvY8OqIGRldmUgZW5jb250csOhLWxhIGFvIGxhZG8gZG8gbWV1IHTDum11bG8uIE7Do28gcXVlcm8gbWFpcyBxdWUgZWxhIHNvZnJhLi4uXjAwMDAwMA==,,W0xvd2VuIEVsbGVuZW5dCl42RTdCOEJQb3IgZmF2b3IsIGRpbGUgYSBSb3NhCnF1ZSBubyBzZSBwcmVvY3VwZSBwb3IgbcOtLiBQdWVkZSBxdWUgbGEgZW5jdWVudHJlcyBqdW50byBhIG1pIHR1bWJhLiBObyBxdWllcm8gcXVlIHN1ZnJhIG3DoXMuLi5eMDAwMDAw
pgEwAg,,W0xvd2VuIEVsbGVuZW5dCl42RTdCOEJZb3UndmUgY29tZSBiYWNrLgpIYXZlIHlvdSBtZXQgUm9zYT8KWWVzLCB0aGF0IHNvdW5kcyBsaWtlIHNvbWV0aGluZyBzaGUnZCBzYXkuIEJ1dCB0aGFuayB5b3UgZm9yIHNlbmRpbmcgaGVyIG15IG1lc3NhZ2UuXjAwMDAwMA==,,,,,W0xvd2VuIEVsbGVuZW5dCl42RTdCOEJWb2PDqiB2b2x0b3UuClZvY8OqIGVuY29udHJvdSBhIFJvc2E/Ckh1bSwgc2ltLCBlbGEgZGlyaWEgaXNzbyBtZXNtby4gTWFzIG9icmlnYWRvIHBvciBtYW5kYXIgbWluaGEgbWVuc2FnZW0gYSBlbGEuXjAwMDAwMA==,,W0xvd2VuIEVsbGVuZW5dCl42RTdCOEJIYXMgdnVlbHRvLgrCv0hhcyBjb25vY2lkbyBhIFJvc2E/ClPDrSwgZXNvIHN1ZW5hIGNvbW8gYWxnbyBxdWUgZWxsYSBkaXLDrWEuIFBlcm8gZ3JhY2lhcyBwb3IgZW52aWFybGUgbWkgbWVuc2FqZS5eMDAwMDAw
pwEwAg,,W0xvd2VuIEVsbGVuZW5dCl42RTdCOEJBaCwgaXQncyB0b28gZGFuZ2Vyb3VzLi4uClRoaXMgcGxhY2UgaXMgdG9vIGRhbmdlcm91cyBmb3IgeW91LiBJIGhhdGUgbXlzZWxmIGZvciBub3QgYmVpbmcgYWJsZSB0byBoZWxwIHByb3RlY3QgeW91IGZyb20gdGhlc2UgZXZpbCBjcmVhdHVyZXMuIFBsZWFzZSBiZSBjYXJlZnVsLl4wMDAwMDA=,,,,,W0xvd2VuIEVsbGVuZW5dCl42RTdCOEJBaCwgw6kgcGVyaWdvc28gZGVtLS0KRXN0ZSBsdWdhciDDqSBwZXJpZ29zbyBkZW1haXMgcGFyYSB2b2PDqi4gRXUgbWUgb2RlaW8gcG9yIG7Do28gcG9kZXIgYWp1ZGFyIGEgcHJvdGVnZXIgdm9jw6ogZGVzc2FzIGNyaWF0dXJhcyBtYWxpZ25hcy4gUG9yIGZhdm9yLCB0b21lIGN1aWRhZG8uLi5eMDAwMDAw,,W0xvd2VuIEVsbGVuZW5dCl42RTdCOEJBaCwgZXMgZGVtYXNpYWRvIHBlbGlncm9zby4uLgpFc3RlIGx1Z2FyIGVzIGRlbWFzaWFkbyBwZWxpZ3Jvc28gcGFyYSB0aS4gTWUgb2RpbyBwb3Igbm8gcG9kZXIgYXl1ZGFyIGEgcHJvdGVnZXJ0ZSBkZSBlc3RhcyBjcmlhdHVyYXMgbWFsaWduYXMuIFBvciBmYXZvciwgdGVuIGN1aWRhZG8uXjAwMDAwMA==
qAEwAg,,W0xvd2VuIEVsbGVuZW5dCl42RTdCOEJNeSBzcGlyaXQgaXMKZ2V0dGluZyB3ZWFrZXIuLi4KUGxlYXNlIGJlIGNhcmVmdWwuClRoaXMgcGxhY2UgaXMgZXh0cmVtZWx5IGRhbmdlcm91cy5eMDAwMDAw,,,,,W0xvd2VuIEVsbGVuZW5dCl42RTdCOEJNZXUgZXNww61yaXRvIGVzdMOhIApmaWNhbmRvIG1haXMgZnJhY28uLi4KUG9yIGZhdm9yLCB0ZW5oYSBjdWlkYWRvLi4uCkVzdGUgbHVnYXIgw6kgcGVyaWdvc28gZGVtYWlzLl4wMDAwMDA=,,W0xvd2VuIEVsbGVuZW5dCl42RTdCOEJNaSBlc3DDrXJpdHUKZGViaWxpdMOhbmRvc2UuLi4KUG9yIGZhdm9yLCB0ZW4gY3VpZGFkby4KRXN0ZSBsdWdhciBlcyBleHRyZW1hZGFtZW50ZSBwZWxpZ3Jvc28uXjAwMDAwMA==
qQEwAg,,W0EgZmVtYWxlIHZvaWNlXQpeNkU3QjhCSXQncyBkYW5nZXJvdXMuLi4KQmUgY2FyZWZ1bC4uLl4wMDAwMDA=,,,,,W0Egdm96IGRlIHVtYSBtdWxoZXJdCl42RTdCOELDiS3DqSBwZXJpZ29zby4uLgpUb21lIGN1aWRhZG8uLi5eMDAwMDAw,,W1VuYSB2b3ogZmVtZW5pbmFdCl42RTdCOEJFcyBwZWxpZ3Jvc28uLi4KVGVuIGN1aWRhZG8uLi5eMDAwMDAw
qgEwAg,,SWdub3JlIGl0Lg==,,,,,SWdub3Jhci4=,,SWduw7NyYWxvLg==
qwEwAg,,V2hhdCBhcmUgeW91IHRhbGtpbmcgYWJvdXQ/,,,,,U29icmUgbyBxdcOqIHZvY8OqIGVzdMOhIGZhbGFuZG8/,,wr9EZSBxdcOpIGVzdMOhcyBoYWJsYW5kbz8=
rAEwAg,,W0EgZmVtYWxlIHZvaWNlXQpeNkU3QjhCTm8gd2F5Li4uCllvdSBjYW4gaGVhciBtZT8KSSBkb24ndCBiZWxpZXZlIGl0LgpJdCdzIGltcG9zc2libGUuIElmIHlvdSBkb24ndCBtaW5kLCBtYXkgSSB0YWxrIHRvIHlvdT9eMDAwMDAwCkNhbiBJIHRhbGsgdG8geW91IGZvciBhIHdoaWxlLCBwbGVhc2U/,,,,,W0Egdm96IGRlIHVtYSBtdWxoZXJdCl42RTdCOEIuLi5Db21vLi4uPwpWb2PDqiBwb2RlIG1lIG91dmlyPwpOw6NvIHBvc3NvIGFjcmVkaXRhciBuaXNzby4Kw4kgaW1wb3Nzw612ZWwuIE1hcywgc2Ugdm9jw6ogbsOjbyBzZSBpbXBvcnRhciwgcG9zc28gZmFsYXIgY29tIHZvY8OqLi4uP14wMDAwMDAKcG9zc28gZmFsYXIgdW0gcG91Y28gY29tIHZvY8OqPw==,,W1VuYSB2b3ogZmVtZW5pbmFdCl42RTdCOEJEZSBuaW5ndW5hIG1hbmVyYS4uLgrCv1B1ZWRlcyBvw61ybWU/Ck5vIHB1ZWRvIGNyZWVybG8uCkVzIGltcG9zaWJsZS4gU2kgbm8gdGUgaW1wb3J0YSwgwr9wdWVkbyBoYWJsYXIgY29udGlnbz8Kwr9QdWVkbyBoYWJsYXIgY29udGlnbyB1biBtb21lbnRvLCBwb3IgZmF2b3I/
rQEwAg,,SG9seS4uLiEgUnVuIQ==,,,,,Q2FyYW1iYS4uLiEgQ29ycmVyIQ==,,wqFTYW50by4uLiEgwqFDb3JyZSE=
rgEwAg,,V2hhdCBhcmUgeW91PyE=,,,,,TyBxdWUgw6kgdm9jw6o/IQ==,,wqHCv1F1w6kgZXJlcz8h
rwEwAg,,W0EgZmVtYWxlIHZvaWNlXQpeNkU3QjhCSS4uLgpJIGRvbid0IGhhdmUgbXkgYm9keSBhbnltb3JlLCBzby4uLiBJIHRoaW5rIEknbSBhIGdob3N0LiBZZXMsIEkndmUgYmVlbiB3YW5kZXJpbmcgYXJvdW5kIHRoaXMgcGxhY2Ugc2luY2UgSSBnb3QgaGVyZS5eMDAwMDAw,,,,,W0Egdm96IGRlIHVtYSBtdWxoZXJdCl42RTdCOEJJLi4uCkV1IG7Do28gdGVuaG8gbWFpcyBtZXUgY29ycG8sIGVudMOjby4uLiBBY2hvIHF1ZSBzb3UgdW0gZmFudGFzbWEuIFNpbSwgZXN0aXZlIHZhZ2FuZG8gcG9yIGVzdGUgbHVnYXIgZGVzZGUgcXVlIGNoZWd1ZWkgYXF1aS5eMDAwMDAw,,W1VuYSB2b3ogZmVtZW5pbmFdCl42RTdCOEJJLi4uCllhIG5vIHRlbmdvIG1pIGN1ZXJwbywgYXPDrSBxdWUuLi4gQ3JlbyBxdWUgc295IHVuIGZhbnRhc21hLiBTw60sIGhlIGVzdGFkbyB2YWdhbmRvIHBvciBlc3RlIGx1Z2FyIGRlc2RlIHF1ZSBsbGVndcOpLl4wMDAwMDA=
sAEwAg,,W0EgZmVtYWxlIHZvaWNlXQpeNkU3QjhCSSdtIHN0aWxsIG5vdCBzdXJlIHdoeSBJJ20gYm91bmQgdG8gdGhpcyByZWFsbS4gSWYgeW91IGRvbid0IG1pbmQsIHdvdWxkIHlvdSB2aXNpdCBteSBzaXN0ZXIgZm9yIG1lPw==,,,,,W0Egdm96IGRlIHVtYSBtdWxoZXJdCl42RTdCOEJBaW5kYSBuw6NvIHNlaSBwb3IgcXVlIGVzdG91IHByZXNhIGEgZXN0ZSBwbGFuby4gU2UgbsOjbyBzZSBpbXBvcnRhciwgcG9kZXJpYSBpciB2aXNpdGFyIG1pbmhhIGlybcOjIHBhcmEgbWltPw==,,W1VuYSB2b3ogZmVtZW5pbmFdCl42RTdCOEJBw7puIG5vIGVzdG95IHNlZ3VyYSBkZSBwb3IgcXXDqSBlc3RveSBhdGFkYSBhIGVzdGUgcmVpbm8uIFNpIG5vIHRlIGltcG9ydGEsIMK/cG9kcsOtYXMgdmlzaXRhciBhIG1pIGhlcm1hbmEgcG9yIG3DrT8=
sQEwAg,,W0EgZmVtYWxlIHZvaWNlXQpeNkU3QjhCUGxlYXNlIHRlbGwgaGVyLi4uClBsZWFzZSB0ZWxsIGhlciB0aGF0IGhlciBsaXR0bGUgc2lzdGVyIExvd2VuIGlzIGZpbmUuXjAwMDAwMA==,,,,,W0Egdm96IGRlIHVtYSBtdWxoZXJdCl42RTdCOEJQb3IgZmF2b3IsIGRpZ2EgYSBlbGEuLi4KUG9yIGZhdm9yLCBkaWdhIGEgZWxhIHF1ZSBzdWEgaXJtw6N6aW5oYSBMb3dlbiBlc3TDoSBiZW0uXjAwMDAwMA==,,W1VuYSB2b3ogZmVtZW5pbmFdCntQb3IgZmF2b3IsIGRpbGUuLi4KUG9yIGZhdm9yLCBkaWxlIHF1ZSBzdSBoZXJtYW5pdGEgTG93ZW4gZXN0w6EgYmllbi4=
sgEwAg,,W0EgZmVtYWxlIHZvaWNlXQpeNkU3QjhCVW0uLi4KSWYgeW91IHdhbnQgdG8gZmluZCBtZSBhZ2FpbiwganVzdCBzYXkgbXkgbmFtZSBvdXQgbG91ZC4gJ14wMDAwMDBMb3dlbl42RTdCOEIuJ14wMDAwMDA=,,,,,W0Egdm96IGRlIHVtYSBtdWxoZXJdCl42RTdCOEJVbS4uLgpTZSBxdWlzZXIgbWUgZW5jb250cmFyIGRlIG5vdm8sIMOpIHPDsyBkaXplciBtZXUgbm9tZSBlbSB2b3ogYWx0YS4gJ14wMDAwMDBMb3dlbl42RTdCOEIuJ14wMDAwMDA=,,W1VuYSB2b3ogZmVtZW5pbmFdCl42RTdCOEJVbS4uLgpTaSBxdWllcmVzIGVuY29udHJhcm1lIGRlIG51ZXZvLCBzw7NsbyBkaSBtaSBub21icmUgZW4gdm96IGFsdGEuICcnTG93ZW4nJy4=
swEwAg,,XjMzNTVGRllvdSBmaW5kIGEgcGllY2Ugb2YgdHdpc3RlZCwgZHJ5IHdvb2QuIEl0IHNlZW1zIHRvIHN0aXIgYSBmZWVsaW5nIG9mIHNhZG5lc3MgaW5zaWRlIHlvdSBmb3Igc29tZSByZWFzb24uXjAwMDAwMA==,,,,,XjMzNTVGRlZvY8OqIGVuY29udHJhIHVtIHBlZGHDp28gc2VjbyBlIHJldG9yY2lkbyBkZSBtYWRlaXJhLiBPbGhhbmRvIHBhcmEgZWxhLCBlbGUgcGFyZWNlIGxoZSB0cmF6ZXIgdW1hIHNlbnNhw6fDo28gZGUgdHJpc3RlemEsIHBvciBhbGd1bSBtb3Rpdm8uXjAwMDAwMA==,,XjMzNTVGRkVuY3VlbnRyYXMgdW4gdHJvem8gZGUgbWFkZXJhIHJldG9yY2lkYSB5IHNlY2EuIFBhcmVjZSBkZXNwZXJ0YXIgdW4gc2VudGltaWVudG8gZGUgdHJpc3RlemEgZW4gdGkgcG9yIGFsZ3VuYSByYXrDs24uXjAwMDAwMA==
tAEwAg,,V291bGQgeW91Cmxpa2UgdG8gc3VtbW9uIGhlcj8g,,,,,Vm9jw6ogcXVlcgpldm9jw6EtbGE/IA==,,wr9UZSBndXN0YXLDrWEKY29udm9jYXJsYT8g
tQEwAg,,W0xvd2VuIEVsbGVuZW5dCl42RTdCOEJZb3UgY2FtZSBiYWNrIQpZb3UnbGwgYmUgd2l0aCBtZSwKd29uJ3QgeW91P14wMDAwMDA=,,,,,W0xvd2VuIEVsbGVuZW5dCl42RTdCOEJWb2PDqiB2b2x0b3UhClZvY8OqIGZpY2Fyw6EgY29taWdvLi4uCi4uLm7Do28gdmFpP14wMDAwMDA=,,W0xvd2VuIEVsbGVuZW5dCl42RTdCOEIgwqFIYXMgdnVlbHRvIQpFc3RhcsOhcyBjb25taWdvLArCv3ZlcmRhZD9eMDAwMDAw
tgEwAg,,T2YgY291cnNlLg==,,,,,w4kgY2xhcm8u,,UG9yIHN1cHVlc3RvLg==
twEwAg,,U29ycnksIEkgZG9uJ3QgdGhpbmsgSSBjYW4uLi4=,,,,,RGVzY3VscGUsIGFjaG8gcXVlIG7Do28gcG9zc28uLi4=,,TG8gc2llbnRvLCBubyBjcmVvIHF1ZSBwdWVkYS4uLg==
uAEwAg,,W0xvd2VuIEVsbGVuZW5dCl42RTdCOEJUaGFuayB5b3UhClRoYW5rIHlvdSBzbyBtdWNoIV4wMDAwMDA=,,,,,W0xvd2VuIEVsbGVuZW5dCl42RTdCOEJPYnJpZ2FkYSwKbXVpdG8gb2JyaWdhZGEuLi5eMDAwMDAw,,W0xvd2VuIEVsbGVuZW5dCnvCoUdyYWNpYXMhCsKhTXVjaGFzIGdyYWNpYXMh
uQEwAg,,W0xvd2VuIEVsbGVuZW5dCl42RTdCOEJJIHVuZGVyc3RhbmQuClBsZWFzZSB0YWtlCmNhcmUgb2YgeW91cnNlbGYuXjAwMDAwMA==,,,,,W0xvd2VuIEVsbGVuZW5dCl42RTdCOEJFbnRlbmRvLgpQb3IgZmF2b3IKY3VpZGUtc2UuLi5eMDAwMDAw,,W0xvd2VuIEVsbGVuZW5dCl42RTdCOEJFbnRpZW5kby4KUG9yIGZhdm9yCmN1w61kYXRlLl4wMDAwMDA=
ugEwAg,,W0xvd2VuIEVsbGVuZW5dCl42RTdCOEJBaCwgWWVzLiBUaGlzIGlzIGl0LgpZb3UgbG9vayB2ZXJ5IGN1cmlvdXMgYWJvdXQgbWUuIEknbSBhbWF6ZWQgdGhhdCB5b3UgY2FuIGhlYXIgbXkgdm9pY2UuIFBsZWFzZSBsZXQgbWUgdGVsbCB5b3UgYW4gb2xkIHN0b3J5Ll4wMDAwMDA=,,,,,W0xvd2VuIEVsbGVuZW5dCl42RTdCOEJBaCwgc2ltLiDDiSBpc3NvLgpWb2PDqiBwYXJlY2UgZXN0YXIgbXVpdG8gY3VyaW9zbyBjb21pZ28sIG1hcyBhaW5kYSBhc3NpbSBhY2hvIGluY3LDrXZlbCBxdWUgdm9jw6ogcG9zc2Egb3V2aXIgYSBtaW5oYSB2b3ouIFBvciBmYXZvciwgbWUgZGVpeGUgY29udGFyIHVtYSB2ZWxoYSBoaXN0w7NyaWEuXjAwMDAwMA==,,W0xvd2VuIEVsbGVuZW5dCl42RTdCOEJBaCwgU8OtLiBBc8OtIGVzLgpQYXJlY2VzIG11eSBjdXJpb3NvIHNvYnJlIG3DrS4gTWUgc29ycHJlbmRlIHF1ZSBwdWVkYXMgb8OtciBtaSB2b3ouIFBvciBmYXZvciwgZMOpamFtZSBjb250YXJ0ZSB1bmEgdmllamEgaGlzdG9yaWEuXjAwMDAwMA==
uwEwAg,,W0xvd2VuIEVsbGVuZW5dCllvdSBjYW1lIGJhY2suCkhhdmUgeW91IG1ldCBSb3NhPwpZZXMuLi4gSSBleHBlY3RlZCBoZXIgdG8gc2F5IHNvLgpUaGFuayB5b3UgZm9yIHBhc3NpbmcgbXkgbWVzc2FnZSB0byBoZXIuCkkgd2lzaCBJIGNvdWxkIGRvIHdoYXQgc2hlIHdhbnRzIG1lIHRvLi4u,,,,,W0xvd2VuIEVsbGVuZW5dClZvY8OqIHZvbHRvdS4KLi4uLlZvY8OqIGVuY29udHJvdSBhIFJvc2E/Ci4uLnNpbS4uLiBldSBlc3BlcmF2YSBxdWUgZWxhIGRpc3Nlc3NlIGlzc28uLi4uLgpPYnJpZ2FkbyBwb3IgbWFuZGFyIG1pbmhhIG1lbnNhZ2VtIGEgZWxhLgouLi4uUXVlcmlhIHBvZGVyIGZhemVyIG8gcXVlIGVsYSBxdWVyIHF1ZSBldSBmYcOnYS4uLg==,,W0xvd2VuIEVsbGVuZW5dCkhhcyB2dWVsdG8uCsK/SGFzIGNvbm9jaWRvIGEgUm9zYT8KU8OtLi4uIEVzcGVyYWJhIHF1ZSBlbGxhIGxvIGRpamVyYS4KR3JhY2lhcyBwb3IgcGFzYXJsZSBtaSBtZW5zYWplLgpPamFsw6EgcHVkaWVyYSBoYWNlciBsbyBxdWUgZWxsYSBxdWllcmUuLi4=
vAEwAg,,W0xvd2VuIEVsbGVuZW5dCkFoLCBpdCdzIHRvbyBkYW5nZXJvdXMuClRoaXMgcGxhY2UgaXMgdG9vIGRhbmdlcm91cyBmb3IgeW91LgpJIGhhdGUgbXlzZWxmIGZvciBub3QgYmVpbmcgYWJsZSB0byBwcm90ZWN0IHlvdSBmcm9tIGV2aWwgY3JlYXR1cmVzLgpQbGVhc2UgYmUgY2FyZWZ1bC4=,,,,,W0xvd2VuIEVsbGVuZW5dCkFoLi4uIHF1YW50byBwZXJpZ28uCkVzdGUgbHVnYXIgw6kgcGVyaWdvc28gZGVtYWlzIHBhcmEgdm9jw6ouCkV1IG1lIG9kZWlvIHBvciBuw6NvIHByb3RlZ2VyIHZvY8OqIGRhcyBjcmlhdHVyYXMgbWFsaWduYXMuClBvciBmYXZvciwgdGVuaGEgY3VpZGFkby4=,,W0xvd2VuIEVsbGVuZW5dCkFoLCBlcyBkZW1hc2lhZG8gcGVsaWdyb3NvLgpFc3RlIGx1Z2FyIGVzIGRlbWFzaWFkbyBwZWxpZ3Jvc28gcGFyYSB0aS4KTWUgb2RpbyBwb3Igbm8gc2VyIGNhcGF6IGRlIHByb3RlZ2VydGUgZGUgY3JpYXR1cmFzIG1hbGlnbmFzLgpQb3IgZmF2b3IsIHRlbiBjdWlkYWRvLg==
vQEwAg,,W0xvd2VuIEVsbGVuZW5dCkkgaG9wZSB5b3Ugd29uJ3Qgc3VtbW9uIG1lIGZvciB5b3VyIGFtdXNlbWVudC4KUGxlYXNlIGJlIGNhcmVmdWwuLi4gdGhpcyBwbGFjZSBpcyBleHRyZW1lbHkgZGFuZ2Vyb3VzIGZvciB5b3Uu,,,,,W0xvd2VuIEVsbGVuZW5dCkVzcGVybyBxdWUgdm9jw6ogbsOjbyBtZSBldm9xdWUgcG9yIGRpdmVyc8Ojby4KRSwgcG9yIGZhdm9yLCB0b21lIGN1aWRhZG8uLi4gZXN0ZSBsdWdhciDDqSBwZXJpZ29zbyBkZW1haXMgcGFyYSB2b2PDqi4=,,W0xvd2VuIEVsbGVuZW5dCkVzcGVybyBxdWUgbm8gbWUgaW52b3F1ZXMgcGFyYSBkaXZlcnRpcnRlLgpQb3IgZmF2b3IsIHRlbiBjdWlkYWRvLi4uIGVzdGUgbHVnYXIgZXMgZXh0cmVtYWRhbWVudGUgcGVsaWdyb3NvIHBhcmEgdGku
vgEwAg,,W0EgZmVtYWxlIHZvaWNlXQpJdCdzIGRhbmdlcm91cy4uLiBiZSBjYXJlZnVsLg==,,,,,W0Egdm96IGRlIHVtYSBtdWxoZXJdCi4uLsOpIHBlcmlnb3NvLi4uIHRvbWUgY3VpZGFkby4=,,W1VuYSB2b3ogZmVtZW5pbmFdCkVzIHBlbGlncm9zby4uLiB0ZW4gY3VpZGFkby4=
vwEwAg,,W0EgZmVtYWxlIHZvaWNlXQpObyB3YXkuLi4gQXJlIHlvdS4uLgpZb3UgY2FuIGhlYXIgbWU/CkkgZG9uJ3QgYmVsaWV2ZSBpdC4KSXQncyBpbXBvc3NpYmxlLiBJZiB5b3UgZG9uJ3QgbWluZCwKbWF5IEkgc3BlYWsgd2l0aCB5b3UgZm9yIGEgd2hpbGUsIHBsZWFzZT8=,,,,,W0Egdm96IGRlIHVtYSBtdWxoZXJdCi4uLi4gbsOjbyDDqSBwb3Nzw612ZWwuLi4uLi4uLiB2b2PDqi4uLj8KVm9jw6ogcG9kZSBtZSBvdXZpcj8KLi4ubsOjby4uLiBhY3JlZGl0by4uCm7Do28gYWNyZWRpdG8gbmlzc28uLi4gbWFzLCBzZSB2b2PDqiBuw6NvIHNlIGltcG9ydGEsCnBvc3NvIGZhbGFyIHVtIHBvdWNvIGNvbSB2b2PDqj8=,,W1VuYSB2b3ogZmVtZW5pbmFdCkRlIG5pbmd1bmEgbWFuZXJhLi4uIMK/TWUuLi4Kwr9QdWVkZXMgb8Otcm1lPwpObyBwdWVkbyBjcmVlcmxvLgpFcyBpbXBvc2libGUuIFNpIG5vIHRlIGltcG9ydGEsCsK/cHVlZG8gaGFibGFyIGNvbiB1c3RlZCB1biBtb21lbnRvLCBwb3IgZmF2b3I/
wAEwAg,,U29ycnksIEkgYW0gYnVzeSE=,,,,,RGVzY3VscGUsIGVzdG91IG9jdXBhZG8h,,TG8gc2llbnRvLCBlc3RveSBvY3VwYWRvLg==
wQEwAg,,W0EgZmVtYWxlIHZvaWNlXQpBaCwgbm8gbmVlZCB0byBiZSBzdXJwcmlzZWQuCkknbSB0aGUgb25lIHdobyBpcyBhY3R1YWxseSBzdXJwcmlzZWQuCkkgZG9uJ3QgaGF2ZSBhIHBoeXNpY2FsIGZvcm0uLi4KRXJyLi4uIHRlY2huaWNhbGx5IEknbSBhIGdob3N0LgpZZXMsIEkgdGhpbmsgSSdtIGEgZ2hvc3QuClNpbmNlIHRoZW4sIEkndmUgYmVlbiB3YW5kZXJpbmcgYXJvdW5kIGhlcmUu,,,,,W0Egdm96IGRlIHVtYSBtdWxoZXJdCkFoLCBuw6NvIHByZWNpc2Egc2Ugc3VycHJlZW5kZXIuCk5hIHZlcmRhZGUsIGZ1aSBldSBxdWUgZmlxdWVpIHN1cnByZXNhLgpBaC4uLiBhaC4uLmV1IG7Do28gdGVuaG8gdW1hIGZvcm1hIGbDrXNpY2EuLi4KRXJyLi4udGVjbmljYW1lbnRlLCBldSBzb3UgdW0gZmFudGFzbWEuLi4uLgpTaW0sIGFjaG8gcXVlIHNvdSB1bSBmYW50YXNtYS4KRGVzZGUgcXVlIGNvbWVjZWkgYSB2YWdhciBwb3IgYXF1aS4=,,W1VuYSB2b3ogZmVtZW5pbmFdCkFoLCBubyBoYXkgbmVjZXNpZGFkIGRlIHNvcnByZW5kZXJzZS4KWW8gc295IGxhIHF1ZSBlc3TDoSByZWFsbWVudGUgc29ycHJlbmRpZGEuCk5vIHRlbmdvIHVuYSBmb3JtYSBmw61zaWNhLi4uCkVyci4uLiB0w6ljbmljYW1lbnRlIHNveSB1biBmYW50YXNtYS4KU8OtLCBjcmVvIHF1ZSBzb3kgdW4gZmFudGFzbWEuCkRlc2RlIGVudG9uY2VzLCBoZSBlc3RhZG8gdmFnYW5kbyBwb3IgYXF1w60u
wgEwAg,,W0xvd2VuXQpJIGRvbid0IGtub3cgd2h5IEkgaGF2ZW4ndCBnb25lIGJleW9uZCB0aGlzIHJlYWxtLgpJZiB5b3UgZG9uJ3QgbWluZC4uLiBjb3VsZCBnbyB2aXNpdCBteSBzaXN0ZXI/ClBsZWFzZSB0ZWxsIGhlciB0aGF0IEknbSBmaW5lLgpUZWxsIGhlciB0aGF0IExvd2VuLCBoZXIgbGl0dGxlIHNpc3RlciBpcyBmaW5lLi4u,,,,,W0xvd2VuXQpOw6NvIHNlaSBwb3IgcXVlIG7Do28gcHVkZSBzYWlyIGRlc3RlIHBsYW5vLgpTZSBuw6NvIHNlIGltcG9ydGEuLi4gZXNwZXJvIHF1ZSB2b2PDqiBwb3NzYSB2aXNpdGFyIGEgbWluaGEgaXJtw6MuCkUsIHBvciBmYXZvciwgZGlnYSBhIGVsYSBxdWUgZXN0b3UgYmVtLgouLi4uLi4uZGlnYSBhIGVsYSBxdWUgTG93ZW4sIHN1YSBpcm3DoyBjYcOndWxhLCBlc3TDoSBiZW0u,,W0xvd2VuXQpObyBzw6kgcG9yIHF1w6kgbm8gaGUgaWRvIG3DoXMgYWxsw6EgZGUgZXN0ZSByZWluby4KU2kgbm8gdGUgaW1wb3J0YS4uLiDCv3BvZHLDrWFzIGlyIGEgdmlzaXRhciBhIG1pIGhlcm1hbmE/ClBvciBmYXZvciwgZGlsZSBxdWUgZXN0b3kgYmllbi4KRGlsZSBxdWUgTG93ZW4sIHN1IGhlcm1hbmEgcGVxdWXDsWEgZXN0w6EgYmllbi4uLg==
wwEwAg,,W0xvd2VuXQpJZiB5b3Ugd2FudCB0byBmaW5kIG1lIGFnYWluLApwbGVhc2UgY2FsbCBteSBuYW1lIG91dCBsb3VkLgonTG93ZW4nLi4u,,,,,W0xvd2VuXQpTZSBxdWlzZXIgbWUgZW5jb250cmFyIGRlIG5vdm8sCnBvciBmYXZvciwgY2hhbWUgcG9yIG1ldSBub21lLgogJ0xvd2VuJy4uLg==,,W0xvd2VuXQpTaSBxdWllcmVzIGVuY29udHJhcm1lIGRlIG51ZXZvLApwb3IgZmF2b3IgZGkgbWkgbm9tYnJlIGVuIHZveiBhbHRhLgonTG93ZW4nLi4u
xAEwAg,,LSBZb3UgZmluZCBhIHBpZWNlIG9mIGRyeSwgdHdpc3RlZCB3b29kLiAtCi0gSXQgc2VlbXMgdG8gc3RpciBhIGZlZWxpbmcgb2Ygc2FkbmVzcyBpbnNpZGUgeW91IGZvciBzb21lIHJlYXNvbi4gLQ==,,,,,LSBWb2PDqiBlbmNvbnRyb3UgdW0gcGVkYcOnbyB0b3J0byBlIHNlY28gZGUgbWFkZWlyYS4gLQotIFBhcmVjaWEgbmFkYSwgbWFzIGxoZSB0cmF6IGNlcnRhIHRyaXN0ZXphLiAt,,LSBFbmN1ZW50cmFzIHVuIHRyb3pvIGRlIG1hZGVyYSBzZWNhIHkgcmV0b3JjaWRhLiAtCi0gUGFyZWNlIGRlc3BlcnRhciB1biBzZW50aW1pZW50byBkZSB0cmlzdGV6YSBkZW50cm8gZGUgdGkgcG9yIGFsZ3VuYSByYXrDs24uIC0=
xQEwAg,,TG93ZW4gRWxsZW5lbg==,,,,,TG93ZW4gRWxsZW5lbg==,,TG93ZW4gRWxsZW5lbg==
xgEwAg,,W0xvd2VuIEVsbGVuZW5dCkNhbiB5b3Ugc2VlIG1lIG5vdz8KWW91IG11c3QgYmUgc3VycHJpc2VkLgpUaGlzIGlzIHRoZSBzdG9yeSBJJ2xsIHNoYXJlIHdpdGggeW91Lg==,,,,,W0xvd2VuIEVsbGVuZW5dClZvY8OqIHBvZGUgbWUgdmVyIGFnb3JhPwpWb2PDqiBkZXZlIGVzdGFyIHN1cnByZXNvLgpFc3RhIMOpIGEgaGlzdMOzcmlhIHF1ZSB2b3UgbGhlIGNvbnRhci4=,,W0xvd2VuIEVsbGVuZW5dCsK/UHVlZGVzIHZlcm1lIGFob3JhPwpEZWJlcyBlc3RhciBzb3JwcmVuZGlkby4KRXN0YSBlcyBsYSBoaXN0b3JpYSBxdWUgY29tcGFydGlyw6kgY29udGlnby4=
xwEwAg,,W0xvd2VuIEVsbGVuZW5dCkxvb2sgYXJvdW5kLgpSZWNvZ25pemUgaXQ/CldlJ3JlIHN0aWxsIGluIHRoZSBzYW1lIHBsYWNlLCBleGNlcHQgbm93IHdlJ3JlIGluIG15IHBhc3Qu,,,,,W0xvd2VuIEVsbGVuZW5dCk9saGUgYW8gcmVkb3IuClJlY29uaGVjZT8KQWluZGEgZXN0YW1vcyBubyBtZXNtbyBsdWdhciwgbWFzIG5vIHBhc3NhZG8u,,W0xvd2VuIEVsbGVuZW5dCk1pcmEgYSB0dSBhbHJlZGVkb3IuCsK/TG8gcmVjb25vY2VzPwpTZWd1aW1vcyBlbiBlbCBtaXNtbyBsdWdhciwgZXhjZXB0byBxdWUgYWhvcmEgZXN0YW1vcyBlbiBtaSBwYXNhZG8u
yAEwAg,,W0xvd2VuIEVsbGVuZW5dCkFsbCBvZiB1cyBjYW1lIGhlcmUgdG8gR2VmZmVuIHRvIGNsZWFuc2UgdGhpcyBhcmVhIG9mIGV2aWwgc3Bpcml0cy4gWW91IGFza2VkIHRoZSByZWFzb24gd2h5IEkgc3RheWVkIGhlcmU/,,,,,W0xvd2VuIEVsbGVuZW5dClRvZG9zIG7Ds3MgdmllbW9zIGEgR2VmZmVuIHBhcmEgbGl2cmFyIGVzdGEgw6FyZWEgZG9zIGVzcMOtcml0b3MgbWFsaWdub3MuIFZvY8OqIHBlcmd1bnRvdSBxdWFsIGEgcmF6w6NvIHBlbGEgcXVhbCBmaXF1ZWkgYXF1aT8=,,W0xvd2VuIEVsbGVuZW5dClRvZG9zIG5vc290cm9zIHZpbmltb3MgYXF1w60gYSBHZWZmZW4gcGFyYSBsaW1waWFyIGVzdGEgem9uYSBkZSBlc3DDrXJpdHVzIG1hbGlnbm9zLiDCv1ByZWd1bnRhc3RlIGxhIHJhesOzbiBwb3IgbGEgcXVlIG1lIHF1ZWTDqSBhcXXDrT8=
yQEwAg,,W0xvd2VuIEVsbGVuZW5dCkkgY2FuJ3QgZm9yZ2l2ZSBteXNlbGYgZm9yIHdoYXQgSSd2ZSBkb25lIHRvIG15IGNvbXJhZGVzLiBUaGV5IHdlcmUga2lsbGVkIGJlY2F1c2Ugb2YgbWUu,,,,,W0xvd2VuIEVsbGVuZW5dCkV1IG7Do28gcG9kaWEgbWUgcGVyZG9hciBwZWxvIHF1ZSBmaXogY29tIG1ldXMgY29tcGFuaGVpcm9zLiBFbGVzIGZvcmFtIG1vcnRvcyBwb3IgbWluaGEgY2F1c2Eu,,W0xvd2VuIEVsbGVuZW5dCk5vIHB1ZWRvIHBlcmRvbmFybWUgcG9yIGxvIHF1ZSBoZSBoZWNobyBhIG1pcyBjYW1hcmFkYXMuIEZ1ZXJvbiBhc2VzaW5hZG9zIHBvciBtaSBjdWxwYS4=
ygEwAg,,WW91IHdlcmUgY3Vyc2VkPw==,,,,,Vm9jw6ogZm9pIGFtYWxkacOnb2FkYS4uLj8=,,wr9Fc3RhYmFzIG1hbGRpdG8/
ywEwAg,,WW91IHN0aWxsIGhhdmUgc29tZXRoaW5nIHRvIGRvPw==,,,,,Vm9jw6ogYWluZGEgdGVtIGFsZ28gcGFyYSBmYXplci4=,,wr9Ub2RhdsOtYSB0aWVuZXMgYWxnbyBxdWUgaGFjZXI/
zAEwAg,,W3swfV0KWW91J3JlIHNheWluZy4uLgpUaGUgYW5nZXIgb2YgeW91cgpjb21yYWRlcyBtYW5pZmVzdGVkCmFzIGEgY3Vyc2U/,,,,,W3swfV0KRXN0w6EgZGl6ZW5kby4uLgpRdWUgYSByYWl2YSBkZSBzZXVzCmNvbXBhbmhlaXJvcyBzZSB0cmFuc2Zvcm1vdQpudW1hIG1hbGRpw6fDo28/,,W3swfV0KRXN0w6FzIGRpY2llbmRvLi4uCkxhIGlyYSBkZSBzdXMKY29tcGHDsWVyb3Mgc2UgbWFuaWZlc3TDswpjb21vIHVuYSBtYWxkaWNpw7NuPw==
zQEwAg,,W0xvd2VuIEVsbGVuZW5dCkN1cnNlZCBieSBteSBmYWxsZW4gY29tcmFkZXMuLi4gWWVzLCB0aGF0J3Mgd2hhdCBJIHRob3VnaHQgYXQgZmlyc3QuIFNvIEkgdHJpZWQgdG8gcmVkZWVtIG15c2VsZiBhcyB3ZWxsIGFzIGF2ZW5nZSB0aGVpciBkZWF0aHMu,,,,,W0xvd2VuIEVsbGVuZW5dCkFtYWxkacOnb2FkYSBwZWxvcyBtZXVzIGNvbXBhbmhlaXJvcyBjYcOtZG9zLi4uIFNpbSwgZm9pIGlzc28gbyBxdWUgcGVuc2VpLiBFbnTDo28sIHRlbnRlaSBtZSByZWRpbWlyIGUgdGFtYsOpbSB2aW5nYXIgc3VhcyBtb3J0ZXMu,,W0xvd2VuIEVsbGVuZW5dCk1hbGRlY2lkbyBwb3IgbWlzIGNhbWFyYWRhcyBjYcOtZG9zLi4uIFPDrSwgZXNvIGVzIGxvIHF1ZSBwZW5zw6kgYWwgcHJpbmNpcGlvLiBBc8OtIHF1ZSB0cmF0w6kgZGUgcmVkaW1pcm1lIHkgdmVuZ2FyIHN1cyBtdWVydGVzLg==
zgEwAg,,W0xvd2VuIEVsbGVuZW5dCkkgaGF2ZSBiZWVuIHRyeWluZyBteSBiZXN0IHRvIGNvbWZvcnQgdGhlaXIgc3Bpcml0cyBmb3IgMiB5ZWFycy4=,,,,,W0xvd2VuIEVsbGVuZW5dClRlbmhvIHRlbnRhZG8gYW8gbcOheGltbyBjb25mb3J0YXIgc2V1cyBlc3DDrXJpdG9zIGjDoSAyIGFub3Mu,,W0xvd2VuIEVsbGVuZW5dCkxsZXZvIGRvcyBhw7FvcyBpbnRlbnRhbmRvIHBvciB0b2RvcyBsb3MgbWVkaW9zIHJlY29uZm9ydGFyIHN1cyBlc3DDrXJpdHVzLg==
zwEwAg,,W3swfV0KRXZlciBzaW5jZSB5b3UgZ3V5cyBmYWlsZWQgdGhlIG1pc3Npb24sIHlvdSd2ZSBzcGVudCB0d28geWVhcnMgaGVyZSBraWxsaW5nIG1vbnN0ZXJzPw==,,,,,W3swfV0KRGVzZGUgcXVlIHZvY8OqcyBmYWxoYXJhbSBudW1hIG1pc3PDo28sIHZvY8OqIHBhc3NvdSBkb2lzIGFub3MgYXF1aSBtYXRhbmRvIG1vbnN0cm9zPw==,,W3swfV0KRGVzZGUgcXVlIGZyYWNhc2FzdGVpcyBlbiBsYSBtaXNpw7NuLCDCv2hhYsOpaXMgcGFzYWRvIGRvcyBhw7FvcyBhcXXDrSBtYXRhbmRvIG1vbnN0cnVvcz8=
0AEwAg,,W0xvd2VuIEVsbGVuZW5dClllcywgdGhhdCdzIHJpZ2h0LgpJIHRob3VnaHQgaXQgd291bGQgYnJpbmcgY29tZm9ydCB0byB0aGUgc3Bpcml0cyBvZiBteSBmYWxsZW4gY29tcmFkZXMu,,,,,W0xvd2VuIEVsbGVuZW5dClNpbSwgw6kgaXNzby4KUGVuc2VpIHF1ZSBpc3NvIHRyYXJpYSBjb25mb3J0byBhb3MgZXNww61yaXRvcyBkZSBtZXVzIGNvbXBhbmhlaXJvcy4=,,W0xvd2VuIEVsbGVuZW5dClPDrSwgYXPDrSBlcy4KUGVuc8OpIHF1ZSB0cmFlcsOtYSBjb25zdWVsbyBhIGxvcyBlc3DDrXJpdHVzIGRlIG1pcyBjYW1hcmFkYXMgY2HDrWRvcy4=
0QEwAg,,W0xvd2VuIEVsbGVuZW5dCkJ1dCBvbmNlIEkgZGllZCwgSSBtZXQgYWxsIG9mIG15IG9sZCBmcmllbmRzIGluIE5pZmZsZWhlaW0sIHRoZSB0b3duIG9mIHRoZSBkZWFkLiBZb3UndmUgaGVhcmQgb2YgaXQsIGhhdmVuJ3QgeW91Pw==,,,,,W0xvd2VuIEVsbGVuZW5dCk1hcywgcXVhbmRvIG1vcnJpLCBlbmNvbnRyZWkgdG9kb3Mgb3MgbWV1cyBhbWlnb3MgZW0gTmlmZmxoZWltLCBhIGNpZGFkZSBkb3MgbW9ydG9zLiBWb2PDqiBqw6Egb3V2aXUgZmFsYXIgZGVsYSwgbsOjbz8=,,W0xvd2VuIEVsbGVuZW5dClBlcm8gdW5hIHZleiBxdWUgbW9yw60sIG1lIGVuY29udHLDqSBjb24gdG9kb3MgbWlzIHZpZWpvcyBhbWlnb3MgZW4gTmlmZmxlaGVpbSwgbGEgY2l1ZGFkIGRlIGxvcyBtdWVydG9zLiBIYXMgb8OtZG8gaGFibGFyIGRlIGVsbGEsIMK/dmVyZGFkPw==
0gEwAg,,W0xvd2VuIEVsbGVuZW5dCk5vIG9uZSBzZWVtZWQgdG8gYmxhbWUgbWUgZm9yIHdoYXQgaGFkIGhhcHBlbmVkLiBJbiBmYWN0LCB0aGV5IGFsbCBzZWVtZWQgd29ycmllZCBhYm91dCBtZS4=,,,,,W0xvd2VuIEVsbGVuZW5dCk5lbmh1bSBkZWxlcyBtZSBjdWxwb3UgcGVsbyBxdWUgYWNvbnRlY2V1LiBOYSB2ZXJkYWRlLCB0b2RvcyBwYXJlY2lhbSBwcmVvY3VwYWRvcyBjb21pZ28u,,W0xvd2VuIEVsbGVuZW5dCk5hZGllIHBhcmVjw61hIGN1bHBhcm1lIHBvciBsbyBvY3Vycmlkby4gRGUgaGVjaG8sIHRvZG9zIHBhcmVjw61hbiBwcmVvY3VwYWRvcyBwb3IgbcOtLg==
0wEwAg,,VGhlbiB3aHk/,,,,,RW50w6NvLCBwb3IgcXXDqj8=,,RW50b25jZXMsIMK/cG9yIHF1w6k/
1AEwAg,,W0xvd2VuIEVsbGVuZW5dClRoZXkgd2FpdGVkIGZvciBtZSBpbiBOaWZmbGVoZWltIGZvciB0d28geWVhcnMgYmVjYXVzZSB0aGV5IGRpZG4ndCB3YW50IG1lIHRvIG1pc3VuZGVyc3RhbmQgdGhlbS4gVGhleSBuZXZlciBibGFtZWQgbWUgZm9yIHdoYXQgaGFwcGVuZWQu,,,,,W0xvd2VuIEVsbGVuZW5dCkVsZXMgbWUgZXNwZXJhcmFtIGVtIE5pZmZsaGVpbSBkdXJhbnRlIGRvaXMgYW5vcywgcG9pcyBuw6NvIHF1ZXJpYW0gcXVlIGV1IG9zIGVudGVuZGVzc2UgbWFsLiBFbGVzIG51bmNhIG1lIGN1bHBhcmFtIHBlbG8gcXVlIGFjb250ZWNldS4=,,W0xvd2VuIEVsbGVuZW5dCk1lIGVzcGVyYXJvbiBlbiBOaWZmbGVoZWltIGR1cmFudGUgZG9zIGHDsW9zIHBvcnF1ZSBubyBxdWVyw61hbiBxdWUgbG9zIG1hbGludGVycHJldGFyYS4gTnVuY2EgbWUgY3VscGFyb24gcG9yIGxvIHF1ZSBwYXPDsy4=
1QEwAg,,W0xvd2VuIEVsbGVuZW5dCkJ1dCBJIHN0aWxsIGZlZWwgbGlrZSBzb21ldGhpbmcgaXMgd3JvbmcuIE91dCBvZiBhbGwgb2YgdXMsIEknbSB0aGUgb25seSBvbmUgdW5hYmxlIHRvIHJlc3QgaW4gcGVhY2UuIEV2ZXJ5b25lIGVsc2Ugd2FzIHNlbGVjdGVkIHRvIGdvIHRvIFZhbGhhbGxhLg==,,,,,W0xvd2VuIEVsbGVuZW5dCk1hcyBhaW5kYSBzaW50byBxdWUgYWxnbyBlc3TDoSBlcnJhZG8uIEVudHJlIHRvZG9zIG7Ds3MsIHNvdSBhIMO6bmljYSBxdWUgbsOjbyBwb2RlIGRlc2NhbnNhciBlbSBwYXouIFRvZG9zIG9zIG91dHJvcyBmb3JhbSBlc2NvbGhpZG9zIHBhcmEgaXIgYW8gVmFsaGFsbGEu,,W0xvd2VuIEVsbGVuZW5dClBlcm8gc2lnbyBzaW50aWVuZG8gcXVlIGFsZ28gdmEgbWFsLiBEZSB0b2RvcyBub3NvdHJvcywgc295IGVsIMO6bmljbyBpbmNhcGF6IGRlIGRlc2NhbnNhciBlbiBwYXouIFRvZG9zIGxvcyBkZW3DoXMgZnVlcm9uIHNlbGVjY2lvbmFkb3MgcGFyYSBpciBhbCBWYWxoYWxsYS4=
1gEwAg,,W0xvd2VuIEVsbGVuZW5dCkJ1dCBWYWxoYWxsYSBpcyB3aGVyZSBhbGwgaG9ub3JhYmxlIENydXNhZGVycyBhcmUgc3VwcG9zZWQgdG8gZ28uIFdoYXQgaGF2ZSBJIGRvbmUgd3Jvbmc/,,,,,W0xvd2VuIEVsbGVuZW5dCk1hcyBvIFZhbGhhbGxhIMOpIHBhcmEgb25kZSB0b2RvcyBvcyBUZW1wbMOhcmlvcyBob25yYWRvcyBkZXZlbSBpci4gTyBxdWUgZXUgZml6IGRlIGVycmFkbz8=,,W0xvd2VuIEVsbGVuZW5dClBlcm8gVmFsaGFsbGEgZXMgZG9uZGUgc2Ugc3Vwb25lIHF1ZSB2YW4gdG9kb3MgbG9zIENydXphZG9zIGhvbm9yYWJsZXMuIMK/UXXDqSBoZSBoZWNobyBtYWw/
1wEwAg,,W0xvd2VuIEVsbGVuZW5dCkkgZG9uJ3QgdGhpbmsgSSBoYXZlIGFueSB1bmZpbmlzaGVkIGJ1c2luZXNzLiBXaG8ga25vd3M/IE1heWJlIHRoZXJlIGlzIHNvbWV0aGluZyBJIGhhdmUgdG8gZG8u,,,,,W0xvd2VuIEVsbGVuZW5dCk7Do28gYWNobyBxdWUgdGVuaGEgbmVuaHVtIGFzc3VudG8gcGVuZGVudGUuIE1hcywgcXVlbSBzYWJlLCB0YWx2ZXogaGFqYSBhbGdvIHF1ZSBldSB0ZW5oYSBkZSBmYXplci4=,,W0xvd2VuIEVsbGVuZW5dCk5vIGNyZW8gcXVlIHRlbmdhIGFzdW50b3MgcGVuZGllbnRlcy4gwr9RdWnDqW4gc2FiZT8gVGFsIHZleiBoYXlhIGFsZ28gcXVlIHRlbmdhIHF1ZSBoYWNlci4=
2AEwAg,,W0xvd2VuIEVsbGVuZW5dCkFsbCBvZiBteSBjb21yYWRlcyB0aGF0IEkgbWV0IGluIE5pZmZsZWhlaW0gd2VyZSBzZWxlY3RlZCBieSBWYWxreXJpZSBhbmQgc2VudCB0byBWYWxoYWxsYS4gVGhhdCdzIGhvdyBob25vcmFibGUgQ3J1c2FkZXJzIHNwZW5kIHRoZSBhZnRlcmxpZmUuIEJ1dCBpdCBsb29rcyBsaWtlIEkgZG9uJ3QgZGVzZXJ2ZSBpdC4uLg==,,,,,W0xvd2VuIEVsbGVuZW5dClRvZG9zIG9zIG1ldXMgY29sZWdhcyBmYWxlY2lkb3MgcXVlIGVuY29udHJlaSBlbSBOaWZmbGhlaW0gZm9yYW0gZXNjb2xoaWRvcyBwZWxhIFZhbHF1w61yaWEgZSBtYW5kYWRvcyBwYXJhIG8gVmFsaGFsbGEuIEFzc2ltIMOpIGEgcMOzcy12aWRhIGRvcyBUZW1wbMOhcmlvcyBob25yYWRvcy4gTWFzIHBhcmVjZSBxdWUgZXUgbsOjbyBtZXJlw6dvLi4u,,W0xvd2VuIEVsbGVuZW5dClRvZG9zIG1pcyBjYW1hcmFkYXMgcXVlIGNvbm9jw60gZW4gTmlmZmxlaGVpbSBmdWVyb24gc2VsZWNjaW9uYWRvcyBwb3IgVmFsa2lyaWEgeSBlbnZpYWRvcyBhbCBWYWxoYWxsYS4gQXPDrSBlcyBjb21vIGxvcyBDcnV6YWRvcyBob25vcmFibGVzIHBhc2FuIGxhIG90cmEgdmlkYS4gUGVybyBwYXJlY2UgcXVlIHlvIG5vIGxvIG1lcmV6Y28uLi4=
2QEwAg,,SSBjYW4gaGVscCB5b3Uh,,,,,RXUgcG9zc28gdGUgYWp1ZGFyIQ==,,wqFQdWVkbyBheXVkYXJ0ZSE=
2gEwAg,,W0xvd2VuIEVsbGVuZW5dCllvdSBjYW4KaGVscCBtZT8KSG93IT8=,,,,,W0xvd2VuIEVsbGVuZW5dClZvY8OqIHBvZGUKbWUgYWp1ZGFyPwpDb21vLi4uPw==,,W0xvd2VuIEVsbGVuZW5dClVzdGVkIHB1ZWRlCmF5dWRhcm1lPwrCv8KhQ8OzbW8hPw==
2wEwAg,,W3swfV0KWW91IHNhaWQgdGhpcyBpcyB0aGUgcGxhY2Ugd2hlcmUgdGhlIGV4dGVybWluYXRpb24gbWlzc2lvbiBoYXBwZW5lZCwgcmlnaHQ/IEknbGwgZmlnaHQgd2l0aCB5b3Uh,,,,,W3swfV0KVm9jw6ogZGlzc2UgcXVlIGVzdGUgw6kgbyBsdWdhciBvbmRlIGEgbWlzc8OjbyBkZSBleHRlcm3DrW5pbyBmYWxob3UsIGNlcnRvPyBWb3UgbHV0YXIgY29tIHZvY8OqIQ==,,W3swfV0KRGlqaXN0ZSBxdWUgZXN0ZSBlcyBlbCBsdWdhciBkb25kZSBvY3VycmnDsyBsYSBtaXNpw7NuIGRlIGV4dGVybWluaW8sIMK/dmVyZGFkPyDCoUx1Y2hhcsOpIGNvbnRpZ28h
3AEwAg,,W3swfV0KTm93IGNvbWUgb24sIHlvdSBkb24ndCBkZXNlcnZlIHRvIGZlZWwgZ3VpbHR5IGxpa2UgdGhpcy4gTGV0J3MgdGhpbmsgYWJvdXQgaG93IHdlJ3JlIGdvaW5nIHRvIGZpZ2h0IHRoZXNlIG1vbnN0ZXJzIQ==,,,,,W3swfV0KVmFtb3MsIHZvY8OqIG7Do28gbWVyZWNlIHNlIHNlbnRpciBjdWxwYWRhIGFzc2ltLiBWYW1vcyBwZW5zYXIgZW0gY29tbyB2YW1vcyBsdXRhciBjb20gZXNzZXMgbW9uc3Ryb3Mh,,W3swfV0KVmFtb3MsIG5vIG1lcmVjZXMgc2VudGlydGUgYXPDrSBkZSBjdWxwYWJsZS4gwqFQZW5zZW1vcyBlbiBjw7NtbyB2YW1vcyBhIGx1Y2hhciBjb250cmEgZXN0b3MgbW9uc3RydW9zIQ==
3QEwAg,,W0xvd2VuIEVsbGVuZW5dCi4uLgpUaGFuayB5b3UhClRoYW5rIHlvdSBzbyBtdWNoIQ==,,,,,W0xvd2VuIEVsbGVuZW5dCi4uLgpPYnJpZ2FkYS4KTXVpdG8gb2JyaWdhZGEu,,W0xvd2VuIEVsbGVuZW5dCi4uLgrCoUdyYWNpYXMhCsKhTXVjaGFzIGdyYWNpYXMh
3gEwAg,,W3swfV0KTm93LApzaGFsbCB3ZSBnbyBpbj8=,,,,,W3swfV0KQWdvcmEsCnZhbW9zIGVudHJhcj8=,,W3swfV0KQWhvcmEsCsK/ZW50cmFtb3M/
3wEwAg,,W0xvd2VuIEVsbGVuZW5dCldhbGsgZG93biB0aGUgc3RhaXJzIGFoZWFkLiBGcm9tIHRoaXMgcG9pbnQgb24sIEkgY2FuIG9ubHkgdHJhdmVsIHdpdGggeW91IGluIHlvdXIgbWluZC4=,,,,,W0xvd2VuIEVsbGVuZW5dCkRlc8OnYSBhcyBlc2NhZGFzIMOgIGZyZW50ZS4gRGVzc2UgcG9udG8gZW0gZGlhbnRlLCBzw7MgcG9zc28gdmlhamFyIGNvbSB2b2PDqiBuYSBzdWEgbWVudGUuLi4=,,W0xvd2VuIEVsbGVuZW5dCkJhamEgbGFzIGVzY2FsZXJhcyBkZSBkZWxhbnRlLiBBIHBhcnRpciBkZSBlc3RlIG1vbWVudG8sIHPDs2xvIHB1ZWRvIHZpYWphciBjb250aWdvIGVuIHR1IG1lbnRlLg==
4AEwAg,,W0xvd2VuIEVsbGVuZW5dCkhvdyBjb21lCnlvdSdyZSBoZXJlPw==,,,,,W0xvd2VuIEVsbGVuZW5dCkNvbW8uLi4KVm9jw6ogZXN0w6EgYXF1aT8=,,W0xvd2VuIEVsbGVuZW5dCsK/Q8OzbW8gZXMgcXVlCmVzdMOhcyBhcXXDrT8=
4QEwAg,,U29sZGllcg==,,,,,U29sZGFkbw==,,U29sZGFkbw==
4gEwAg,,W1NvbGRpZXJdCkhhdmUgeW91IHZvbHVudGVlcmVkIGZvciBtb25zdGVyIGV4dGVybWluYXRpb24/IFdvdWxkIHlvdSBsaWtlIHRvIHN0YXJ0IHRoZSBtaXNzaW9uIG5vdz8=,,,,,W1NvbGRhZG9dClZvY8OqIGVudHJvdSBjb21vIHZvbHVudMOhcmlvIHBhcmEgbyBleHRlcm3DrW5pbyBkZSBtb25zdHJvcz8gVm9jw6ogZ29zdGFyaWEgZGUgY29tZcOnYXIgYSBtaXNzw6NvIGFnb3JhPw==,,W1NvbGRhZG9dCsK/VGUgaGFzIG9mcmVjaWRvIHZvbHVudGFyaW8gcGFyYSBlbCBleHRlcm1pbmlvIGRlIG1vbnN0cnVvcz8gwr9UZSBndXN0YXLDrWEgZW1wZXphciBsYSBtaXNpw7NuIGFob3JhPw==
4wEwAg,,WWVzLg==,,,,,U2ltLg==,,U8OtLg==
5AEwAg,,SSBuZWVkIG1vcmUgdGltZS4=,,,,,UHJlY2lzbyBkZSBtYWlzIHRlbXBvLg==,,TmVjZXNpdG8gbcOhcyB0aWVtcG8u
5QEwAg,,W1NvbGRpZXJdCllvdSdyZSByZWFkeSwKY29tZSBhbmQgc3RhbmQgaW4KZnJvbnQgb2YgbWUu,,,,,W1NvbGRhZG9dClNlIHZvY8OqIGVzdMOhIHByb250bywKdmVuaGEgZSBmaXF1ZSBkZSBww6kgCm5hIG1pbmhhIGZyZW50ZS4=,,W1NvbGRhZG9dCkVzdMOhcyBsaXN0bywKdmVuIHkgcG9udGUKZnJlbnRlIGEgbcOtLg==
5gEwAg,,W1NvbGRpZXJdCk5vIHByb2JsZW0sIGp1c3QgY29tZSBiYWNrIHdoZW4geW91J3JlIHByZXBhcmVkLg==,,,,,W1NvbGRhZG9dClNlbSBwcm9ibGVtYSwgdm9sdGUgcXVhbmRvIHNldXMgcHJlcGFyYXRpdm9zIGVzdGl2ZXJlbSBjb21wbGV0b3Mu,,W1NvbGRhZG9dCk5vIGhheSBwcm9ibGVtYSwgdnVlbHZlIGN1YW5kbyBlc3TDqXMgcHJlcGFyYWRvLg==
5wEwAg,,W1NvbGRpZXJdClBsZWFzZSBiYWNrIGF3YXkuCllvdSBhcmUgbm90IGFsbG93ZWQKdG8gZW50ZXIh,,,,,W1NvbGRhZG9dClBvciBmYXZvciwgdm9sdGUuClZvY8OqIG7Do28gdGVtIHBlcm1pc3PDo28KcGFyYSBlbnRyYXIh,,W1NvbGRhZG9dClBvciBmYXZvciwgcmV0cm9jZWRhbi4KTm8gc2UgbGVzIHBlcm1pdGUKwqFlbnRyYXIh
6AEwAg,,TG93ZW4ncyBzcGlyaXQgaXMgYmVnaW5uaW5nIHRvIHdlYWtlbi4=,,,,,TyBlc3DDrXJpdG8gZGUgTG93ZW4gZXN0w6EgZW5mcmFxdWVjZW5kby4uLg==,,RWwgZXNww61yaXR1IGRlIExvd2VuIGVtcGllemEgYSBkZWJpbGl0YXJzZS4=
6QEwAg,,WW91ciBwcmVzZW5zZSBpbiBoZXIgcGFzdCBjYW4ndCBiZSBtYWludGFpbmVkIGZvciBtdWNoIGxvbmdlci4=,,,,,QSBzdWEgcHJlc2Vuw6dhIG5vIHBhc3NhZG8gZGVsYSBuw6NvIHBvZGUgc2VyIG1hbnRpZGEgcG9yIG11aXRvIG1haXMgdGVtcG8uLi4=,,VHUgcHJlc2VuY2lhIGVuIHN1IHBhc2FkbyBubyBwdWVkZSBtYW50ZW5lcnNlIHBvciBtdWNobyBtw6FzIHRpZW1wby4=
6gEwAg,,TG93ZW4ncyBzcGlyaXQgY2FuJ3Qga2VlcCB5b3UgaW4gdGhlIHBhc3QgYW55IGxvbmdlci4=,,,,,TyBlc3DDrXJpdG8gZGUgTG93ZW4gbsOjbyBwb2RlIG1hbnTDqi1sbyBubyBwYXNzYWRvIHBvciBtYWlzIHRlbXBvLg==,,RWwgZXNww61yaXR1IGRlIExvd2VuIHlhIG5vIHB1ZWRlIG1hbnRlbmVydGUgZW4gZWwgcGFzYWRvLg==
6wEwAg,,W3swfV0KV2hlcmUgYW0gST8KSXNuJ3QgdGhpcy4uLg==,,,,,W3swfV0KT25kZSBlc3RvdT8KQXF1aSBuw6NvIMOpLi4uPyE=,,W3swfV0Kwr9Ew7NuZGUgZXN0b3k/CsK/Tm8gZXMgZXN0by4uLg==
7AEwAg,,W3swfV0KQWgsIEkgc2VlLgpUaGlzIG11c3QgYmUgdGhlIHBsYWNlIHdoZXJlIGV2ZXJ5dGhpbmcgaGFwcGVuZWQgdHdvIHllYXJzIGFnby4gR29vZCwgZ29vZC4uLg==,,,,,W3swfV0KQWgsIGVudGVuZG8uCkVzdGUgZGV2ZSBzZXIgbyBsdWdhciBvbmRlIHR1ZG8gYWNvbnRlY2V1IGjDoSBkb2lzIGFub3MuIEJvbSwgYm9tLi4u,,W3swfV0KQWgsIHlhIHZlby4KRXN0ZSBkZWJlIHNlciBlbCBsdWdhciBkb25kZSB0b2RvIHN1Y2VkacOzIGhhY2UgZG9zIGHDsW9zLiBCaWVuLCBiaWVuLi4u
7QEwAg,,W0xvd2VuIEVsbGVuZW5dClNoaGguLi4KVGhpcyBpcyBqdXN0IGEgcmVmbGVjdGlvbiBvZiB0aGUgcGFzdC4gSGVyZSwgeW91J2xsIHNlZSB3aGF0IGhhcHBlbmVkIGF0IHRoZSB0aW1lIGZvciB5b3Vyc2VsZi4=,,,,,W0xvd2VuIEVsbGVuZW5dClNoc2hoLi4uCklzdG8gw6kgYXBlbmFzIHVtIHJlZmxleG8gZG8gcGFzc2Fkby4gQXF1aSwgdm9jw6ogdmFpIHZlciBwb3Igc2kgbWVzbW8gbyBxdWUgYWNvbnRlY2V1Lg==,,W0xvd2VuIEVsbGVuZW5dClNoaGguLi4KRXN0byBlcyBzw7NsbyB1biByZWZsZWpvIGRlbCBwYXNhZG8uIEFxdcOtLCB2ZXLDoXMgbG8gcXVlIHBhc8OzIGVuIGVzZSBtb21lbnRvIHBvciB0aSBtaXNtby4=
7gEwAg,,W0xvd2VuIEVsbGVuZW5dCkl0IHdhc24ndCBhbnkKdHJvdWJsZSBnZXR0aW5nIGRvd24gaGVyZS4gQnV0IHdlJ3ZlIGdvdCBwcm9ibGVtcyBub3cu,,,,,W0xvd2VuIEVsbGVuZW5dCk7Do28gZm9pIG5lbmh1bQpwcm9ibGVtYSBjaGVnYXIgYXF1aSBlbWJhaXhvLiBNYXMuLi4gQWdvcmEgdmFtb3MgdGVyIHByb2JsZW1hcy4=,,W0xvd2VuIEVsbGVuZW5dCk5vIGZ1ZSBuaW5nw7puCnByb2JsZW1hcyBwYXJhIGxsZWdhciBoYXN0YSBhcXXDrS4gUGVybyBhaG9yYSB0ZW5lbW9zIHByb2JsZW1hcy4=
7wEwAg,,RC4uLkRvcHBlbGdhbmdlciEhIQ==,,,,,RC4uLkRvcHBlbGdhbmdlciEhIQ==,,wqHCocKhRC4uLkRvcHBlbGdhbmdlciEhIQ==
8AEwAg,,W3swfV0KV2hhdD8hCkRvcHBlbGdhbmdlcj8h,,,,,W3swfV0KUXXDqi4uLj8hCkRvcHBlbGdhbmdlcj8h,,W3swfV0KwqHCv1F1w6k/IQrCocK/RG9wcGVsZ2FuZ2VyPyE=
8QEwAg,,W3swfV0KV2hhdCdzIGdvaW5nIG9uPwpEaWQgeW91IHJlYWxseSBmaWdodCB0aGF0IGNyZWF0dXJlPyBIZXkhIEFuc3dlciBtZSE=,,,,,W3swfV0KTyBxdWUgZXN0w6EgYWNvbnRlY2VuZG8/ClZvY8OqIGx1dG91IG1lc21vIGNvbSBlc3NhIGNyaWF0dXJhPyBFLWVpISBSZXNwb25kZSE=,,W3swfV0Kwr9RdcOpIGVzdMOhIHBhc2FuZG8/CsK/RGUgdmVyZGFkIGx1Y2hhc3RlIGNvbnRyYSBlc2EgY3JpYXR1cmE/IMKhT3llISDCoUNvbnTDqXN0YW1lIQ==
8gEwAg,,W0xvd2VuIEVsbGVuZW5dClllcywgdGhpcyB3YXMgdGhlIHBsYWNlLi4uClRoZSBjb21tYW5kZXIgZ2F2ZSB1cyB0aGUgb3JkZXIuClRoZW4uLi4gdGhlbiB3aGF0IGhhcHBlbmVkIHRvIG1lPw==,,,,,W0xvd2VuIEVsbGVuZW5dClNpbSwgZXN0ZSBmb2kgbyBsdWdhci4uLgpPIGNvbWFuZGFudGUgbm9zIGRldSBhIG9yZGVtLi4uCkUgZW50w6NvLi4uPyBFIGVudMOjbywgbyBxdWUgYWNvbnRlY2V1IGNvbWlnby4uLj8=,,W0xvd2VuIEVsbGVuZW5dClPDrSwgZXN0ZSBlcmEgZWwgbHVnYXIuLi4KRWwgY29tYW5kYW50ZSBub3MgZGlvIGxhIG9yZGVuLgpFbnRvbmNlcy4uLiDCv2VudG9uY2VzIHF1w6kgbWUgcGFzw7M/
8wEwAg,,RXZlcnlvbmUsIHN0YXkgY2FsbSEgR2V0IGludG8geW91ciBwb3NpdGlvbnMh,,,,,VG9kb3MgZmlxdWVtIGNhbG1vcyEgRW50cmVtIGVtIHN1YXMgcG9zacOnw7VlcyE=,,wqFUb2RvcywgbWFudGVuZ2FuIGxhIGNhbG1hISDCoUEgc3VzIHB1ZXN0b3Mh
9AEwAg,,XjRFMkYyRltDcnVzYWRlciBDb21tYW5kZXJdCkV2ZXJ5b25lLCBnZXQgaW50byBwb3NpdGlvbiEgRnJvbnQgbGluZSwgYmxvY2sgaXRzIG1vdmVtZW50ISBSZWFyIGxpbmUsIHN1cHBvcnQgdGhlIGRlZmVuc2UhXjAwMDAwMA==,,,,,XjRFMkYyRltDb21hbmRhbnRlIFRlbXBsw6FyaW9dClRvZG9zIGVudHJlbSBlbSBzdWFzIHBvc2nDp8O1ZXMhIExpbmhhIGRlIGZyZW50ZSwgYmxvcXVlaWUgbyBtb3ZpbWVudG8gZGVsZSEgTGluaGEgZGUgdHLDoXMsIGFww7NpZSBhIGRlZmVzYSFeMDAwMDAw,,XjRFMkYyRltDb21hbmRhbnRlIENydXphZG9dCsKhVG9kb3MsIGEgc3VzIHBvc2ljaW9uZXMhIMKhTMOtbmVhIGZyb250YWwsIGJsb3F1ZWVuIHN1IG1vdmltaWVudG8hIMKhTMOtbmVhIHRyYXNlcmEsIGFwb3llbiBsYSBkZWZlbnNhIV4wMDAwMDA=
9QEwAg,,W0xvd2VuIEVsbGVuZW5dCk5vIQpJJ20gbm90IHJ1bm5pbmcgYXdheSE=,,,,,W0xvd2VuIEVsbGVuZW5dCk4tbsOjbyEKRXUgbsOjbyB2b3UgZnVnaXIh,,W0xvd2VuIEVsbGVuZW5dCsKhTm8hCsKhTm8gdm95IGEgaHVpciE=
9gEwAg,,XjMzNTVGRllvdSdyZSBmaWxsZWQgd2l0aCBncmVhdCBhbnhpZXR5LCBhbmQgeW91IGV4cGVyaWVuY2UgZm9yIHlvdXJzZWxmIHRoZSBmZWFyIGFuZCBzdHJhaW4gTG93ZW4gZmVsdCBkdXJpbmcgdGhlc2UgbW9tZW50cy5eMDAwMDAw,,,,,XjMzNTVGRlZvY8OqIHNlIGVuY2hlIGRlIGdyYW5kZSBhbnNpZWRhZGUgZSBzZW50ZSBwb3Igc2kgbWVzbW8gbyBtZWRvIGUgYSBwcmVzc8OjbyBxdWUgTG93ZW4gc2VudGl1IG5hcXVlbGVzIG1vbWVudG9zLl4wMDAwMDA=,,XjMzNTVGRiBFc3TDoXMgbGxlbm8gZGUgZ3JhbiBhbnNpZWRhZCwgeSBleHBlcmltZW50YXMgcG9yIHRpIG1pc21vIGVsIG1pZWRvIHkgbGEgdGVuc2nDs24gcXVlIExvd2VuIHNpbnRpw7MgZHVyYW50ZSBlc3RvcyBtb21lbnRvcy5eMDAwMDAw
9wEwAg,,XjRFMkYyRltDcnVzYWRlciBDb21tYW5kZXJdCkdvLCBMb3dlbiEKQ2FzdCBHcmFuZCBDcm9zcyBub3chXjAwMDAwMA==,,,,,XjRFMkYyRltDb21hbmRhbnRlIFRlbXBsw6FyaW9dClZhaSwgTG93ZW4hCkxhbmNlIGEgQ3J1eCBNYWdudW4sIGFnb3JhIV4wMDAwMDA=,,XjRFMkYyRltDb21hbmRhbnRlIENydXphZG9dCsKhVmFtb3MsIExvd2VuIQrCoUxhbnphIEdyYW4gQ3J1eiBhaG9yYSFeMDAwMDAw
+AEwAg,,TXdhaGFoYSEgTW9ydGFscyBhcmUgc3VjaCBmb29scy4uLg==,,,,,TXdhaGFoYSEgQ29tbyBvcyBtb3J0YWlzIHPDo28gdG9sb3MuLi4=,,wqFNd2FoYWhhISBMb3MgbW9ydGFsZXMgc29uIHRhbiB0b250b3MuLi4=
+QEwAg,,W3swfV0KPz8hISE=,,,,,W3swfV0KID8/ISEh,,W3swfV0KwqHCocKhPz8hISE=
+gEwAg,,W01hbGUgVm9pY2VdCkxvd2VuIQpOb29vb29vb29vbyEhIQ==,,,,,W1ZveiBkZSBIb21lbV0KTG93ZW4hCk7Do8Ojw6PDo8Ojw6Nvb29vISEh,,W1ZveiBtYXNjdWxpbmFdCsKhTG93ZW4hCsKhwqHCoU5vb29vb29vb28hISE=
+wEwAg,,WyAjU3dpdGNoX2JyaXNpbmddCkV2ZXJ5dGhpbmcgaXMgZ29pbmcgdG8gYmUgcmVzZXQu,,,,,WyAjU3dpdGNoX2JyaXNpbmddClR1ZG8gdmFpIHNlciByZXN0YXVyYWRvLg==,,WyAjU3dpdGNoX2JyaXNpbmddClRvZG8gc2UgdmEgYSByZXN0YWJsZWNlci4=
/AEwAg,,W3swfV0KV2hlcmUgYW0gST8KSXNuJ3QgdGhhdC4uLgpXaGF0J3MgSGVybWl0ZQpkb2luZyBoZXJlPyE=,,,,,W3swfV0KT25kZSBlc3RvdT8KTsOjbyDDqS4uLgpPIHF1ZSBvIEVybWl0w6NvCmVzdMOhIGZhemVuZG8gYXF1aT8h,,W3swfV0Kwr9Ew7NuZGUgZXN0b3k/CsK/Tm8gZXMgZXNvLi4uCsKhwr9RdcOpIGVzdMOhIGhhY2llbmRvCsKhwr9RdcOpIGhhY2UgSGVybWl0ZSBhcXXDrT8h
/QEwAg,,W0NoYXJsZXMgSGVybWl0ZV0KTm8sIG5vLCBubyEKTG93ZW4gZG9uJ3QgZG8gaXQhCkhlJ3MgZ29ubmEga2lsbCB5b3Uh,,,,,W0VybWl0w6NvIENhcmxvc10KTsOjbywgbsOjbywgbsOjbyEKTG93ZW4sIG7Do28gZmHDp2EgaXNzbyEKRWxlIHZhaSBtYXRhciB2b2PDqiE=,,W0NoYXJsZXMgSGVybWl0ZV0KwqFObywgbm8sIG5vIQrCoUxvd2VuIG5vIGxvIGhhZ2FzIQrCoVRlIHZhIGEgbWF0YXIh
/gEwAg,,W0NoYXJsZXMgSGVybWl0ZV0KR3JhbmQgQ3Jvc3MuLi4KVXNpbmcgdGhhdCdzIGNvbW1pdHRpbmcgc3VpY2lkZSEgTG93ZW4sIGRvbid0IGRvIGl0IQpEb24ndCBkbyBpdCwgTG93ZW4h,,,,,W0VybWl0w6NvIENhcmxvc10KQSBDcnV4IE1hZ251bi4uLgpVc2FyIGlzc28gw6kgY29tZXRlciBzdWljw61kaW8hIExvd2VuLCBuw6NvIGZhw6dhIGlzc28hCk7Do28gZmHDp2EgaXNzbywgTG93ZW4h,,W0NoYXJsZXMgSGVybWl0ZV0KR3JhbiBDcnV6Li4uCsKhVXNhciBlc28gZXMgc3VpY2lkYXJzZSEgwqFMb3dlbiwgbm8gbG8gaGFnYXMhCsKhTm8gbG8gaGFnYXMsIExvd2VuIQ==
/wEwAg,,TXdhaGFoYSEgTW9ydGFscyBhcmUgc3VjaCBmb29scy4uLg==,,,,,TXdhaGFoYSEgQ29tbyBvcyBtb3J0YWlzIHPDo28gdG9sb3MuLi4=,,wqFNd2FoYWhhISBMb3MgbW9ydGFsZXMgc29uIHRhbiB0b250b3MuLi4=
AAIwAg,,W0NoYXJsZXMgSGVybWl0ZV0KTG93ZW4hIQpOb29vb29vbyEhIQ==,,,,,W0VybWl0w6NvIENhcmxvc10KTG93ZW4hCk7Do8Ojw6PDo8Ojw6Nvb29vISEh,,W0NoYXJsZXMgSGVybWl0ZV0KwqHCoUxvd2VuISEKwqHCocKhTm9vb29vb28hISE=
AQIwAg,,W3swfV0KV2hlcmUgZGlkIGhlIGdvPwpXYXMuLi4gV2FzIHRoYXQKZnJvbSBoaXMgbWluZD8=,,,,,W3swfV0KUGFyYSBvbmRlIGVsZSBmb2k/Cklzc28uLi4gSXNzbyBlcmEKbmEgc3VhIG1lbnRlPw==,,W3swfV0Kwr9Ew7NuZGUgZnVlPwrCv0VyYS4uLiDCv0VyYSBlc28KZGUgc3UgbWVudGU/
AgIwAg,,V2hhdCBoYXBwZW5lZD8hIEwtTG93ZW4ncyBnb25lISE=,,,,,TyBxdWUgYWNvbnRlY2V1PyEgTC1Mb3dlbiBzZSBmb2khIQ==,,wqHCv1F1w6kgaGEgcGFzYWRvPyEgwqHCoUxvd2VuIHNlIGhhIGlkbyEh
AwIwAg,,W0xvd2VuIEVsbGVuZW5dCi4uLgpJIHNlZSBub3cuCkkga25vdy4uLgpXaGF0IGhhcHBlbmVkLi4u,,,,,W0xvd2VuIEVsbGVuZW5dCi4uLgpBZ29yYSBlbnRlbmRvLgpFdSBzZWkuLi4KTyBxdWUgYWNvbnRlY2V1Li4u,,W0xvd2VuIEVsbGVuZW5dCi4uLgpBaG9yYSBsbyB2ZW8uCllhIHPDqS4uLgpMbyBxdWUgcGFzw7MuLi4=
BAIwAg,,W0xvd2VuIEVsbGVuZW5dCkkgd2FzIGEgZm9vbC4KTm93IEkgcmVtZW1iZXIgSGVybWl0ZS4gSGUgbXVzdCBoYXZlIGJlZW4gdGhlIG9uZSB3aG8gcmVzY3VlZCBtZS4gQnV0IHdoZW4gSSBjYW1lIHRvIG15IHNlbnNlcywgbm8gb25lIHdhcyB0aGVyZS4=,,,,,W0xvd2VuIEVsbGVuZW5dCkZ1aSB1bWEgdG9sYS4KQWdvcmEgbWUgbGVtYnJvIGRvIEVybWl0w6NvLiBEZXZlIHRlciBzaWRvIGVsZSBxdWUgbWUgcmVzZ2F0b3UuIE1hcyBxdWFuZG8gdm9sdGVpIGEgbWltLCBuw6NvIGhhdmlhIG5pbmd1w6ltIGzDoS4=,,W0xvd2VuIEVsbGVuZW5dCkZ1aSB1biB0b250by4KQWhvcmEgcmVjdWVyZG8gYSBIZXJtaXRlLiBEZWJpw7Mgc2VyIMOpbCBxdWllbiBtZSByZXNjYXTDsy4gUGVybyBjdWFuZG8gdm9sdsOtIGVuIG3DrSwgbm8gaGFiw61hIG5hZGllLg==
BQIwAg,,W0xvd2VuIEVsbGVuZW5dCkkgYmxhbWVkIG15c2VsZiBmb3IgYmVpbmcgdGhlIHNvbGUgc3Vydml2b3IuIEkgc2hvdWxkIGhhdmUgZGllZCB0aGVyZSB3aXRoIG15IGZyaWVuZHMuIEkgZmVsdCBzbyB1c2VsZXNzLg==,,,,,W0xvd2VuIEVsbGVuZW5dCkV1IG1lIGN1bHBlaSBwb3Igc29icmV2aXZlciBzb3ppbmhhLiBFdSBkZXZpYSB0ZXIgbW9ycmlkbyBzb3ppbmhhLiBNZSBzZW50aSBuw6NvIGluw7p0aWwu,,W0xvd2VuIEVsbGVuZW5dCk1lIGN1bHDDqSBwb3Igc2VyIGVsIMO6bmljbyBzb2JyZXZpdmllbnRlLiBEZWJlcsOtYSBoYWJlciBtdWVydG8gYWxsw60gY29uIG1pcyBhbWlnb3MuIE1lIHNlbnTDrSB0YW4gaW7DunRpbC4=
BgIwAg,,W0xvd2VuIEVsbGVuZW5dCk5vdyBJIHJlYWxpemUgdGhhdCB0aGVyZSB3ZXJlIG1hbnkgcGVvcGxlIHdobyBsb3ZlZCBtZS4gQXQgdGhhdCB0aW1lLCBJIGZlbHQgb25seSBndWlsdC4=,,,,,W0xvd2VuIEVsbGVuZW5dCkFnb3JhIHBlcmNlYm8gcXVlIGhhdmlhIHRhbnRhcyBwZXNzb2FzIHF1ZSBtZSBhbWF2YW0uIE1hcywgbmEgw6lwb2NhLCBldSBzw7Mgc2VudGlhIGN1bHBhLg==,,W0xvd2VuIEVsbGVuZW5dCkFob3JhIG1lIGRveSBjdWVudGEgZGUgcXVlIGhhYsOtYSBtdWNoYSBnZW50ZSBxdWUgbWUgcXVlcsOtYS4gRW4gYXF1ZWwgbW9tZW50bywgc8OzbG8gc2VudMOtYSBjdWxwYS4=
BwIwAg,,W0xvd2VuIEVsbGVuZW5dCkkgcmV0dXJuZWQgdG8gbXkgY29tbWFuZGVyIDMgZGF5cyBsYXRlci4gSXQgd2FzIHN0dXBpZCwgYnV0IEkgY291bGRuJ3QgdGhpbmsgb2YgYW55dGhpbmcgZWxzZSB0byBkby4=,,,,,W0xvd2VuIEVsbGVuZW5dCkV1IHZvbHRlaSAzIGRpYXMgZGVwb2lzIGF0w6kgbyBtZXUgY29tYW5kYW50ZS4gRm9pIGVzdMO6cGlkbywgbWFzLCBuYXF1ZWxlIG1vbWVudG8sIG7Do28gcG9kaWEgcGVuc2FyIGVtIG1haXMgbmFkYS4=,,W0xvd2VuIEVsbGVuZW5dClZvbHbDrSBjb24gbWkgY29tYW5kYW50ZSAzIGTDrWFzIGRlc3B1w6lzLiBGdWUgdW5hIGVzdHVwaWRleiwgcGVybyBubyBzZSBtZSBvY3VycmnDsyBvdHJhIGNvc2EgcXVlIGhhY2VyLg==
CAIwAg,,W0xvd2VuIEVsbGVuZW5dClRoZSBoaWdoZXIgdXBzIGFuZCB0aGUgcG9saXRpY2lhbnMgd2VyZSBsb29raW5nIGZvciBhIHNjYXBlZ29hdCBmb3IgdGhlIGZhaWx1cmUgb2YgdGhlIG1pc3Npb24u,,,,,W0xvd2VuIEVsbGVuZW5dCk9zIGFsdG9zIGVzY2Fsw7VlcyBlIG9zIHBvbMOtdGljb3MgZXN0YXZhbSBwcm9jdXJhbmRvIHBvciB1bSBib2RlIGV4cGlhdMOzcmlvIHBlbGEgZmFsaGEgZGEgbWlzc8Ojby4=,,W0xvd2VuIEVsbGVuZW5dCkxvcyBhbHRvcyBjYXJnb3MgeSBsb3MgcG9sw610aWNvcyBidXNjYWJhbiB1biBjaGl2byBleHBpYXRvcmlvIHBhcmEgZWwgZnJhY2FzbyBkZSBsYSBtaXNpw7NuLg==
CQIwAg,,W0xvd2VuIEVsbGVuZW5dCkkgd2FzIHRoZSBvbmUgd2hvIGdvdCBibGFtZWQuIFRoZW4sIHRoZXkgdG9vayBhd2F5IGV2ZXJ5dGhpbmcgSSBoYWQuIE15IHN0YXR1cywgdGhlIGhvbHkgcG93ZXIgZ3JhbnRlZCB0byBtZS4uLiBldmVyeXRoaW5nLg==,,,,,W0xvd2VuIEVsbGVuZW5dCkVudMOjbywgZnVpIGV1IHF1ZW0gcmVjZWJldSBhIGN1bHBhLiBEYcOtLCBlbGVzIG1lIHRpcmFyYW0gdHVkbyBxdWUgZXUgdGluaGEuIE1ldSBzdGF0dXMsIG8gcG9kZXIgc2FncmFkbyBxdWUgbWUgZm9pIGRhZG8uLi4=,,W0xvd2VuIEVsbGVuZW5dCkEgbcOtIG1lIGVjaGFyb24gbGEgY3VscGEuIEx1ZWdvLCBtZSBxdWl0YXJvbiB0b2RvIGxvIHF1ZSB0ZW7DrWEuIE1pIGVzdGF0dXMsIGVsIHBvZGVyIHNhZ3JhZG8gcXVlIG1lIGNvbmNlZGllcm9uLi4uIHRvZG8u
CgIwAg,,W0xvd2VuIEVsbGVuZW5dCkkgdGhvdWdodCBJIGRlc2VydmVkIHRoZSBwdW5pc2htZW50LiBXaHkgZGlkIEkgc3Vydml2ZSB3aGVuIGFsbCBteSBjb21yYWRlcyBwZXJpc2hlZD8=,,,,,W0xvd2VuIEVsbGVuZW5dClBlbnNlaSBxdWUgbWVyZWNpYSBhIHB1bmnDp8Ojby4gQWZpbmFsLCBwb3IgcXVlIGV1IGRldmVyaWEgdGVyIHNvYnJldml2aWRvIHNlIHRvZG9zIG9zIG1ldXMgY29tcGFuaGVpcm9zIGhhdmlhbSBtb3JyaWRvPw==,,W0xvd2VuIEVsbGVuZW5dClBlbnPDqSBxdWUgbWVyZWPDrWEgZWwgY2FzdGlnby4gwr9Qb3IgcXXDqSBzb2JyZXZpdsOtIGN1YW5kbyB0b2RvcyBtaXMgY29tcGHDsWVyb3MgcGVyZWNpZXJvbj8=
CwIwAg,,W0xvd2VuIEVsbGVuZW5dCkl0IHdhcyB0aGVuIHRoYXQgSSBkZWNpZGVkIHRvIGF2ZW5nZSBteSBmcmllbmRzLCBhbmQgc2FsdmFnZSB3aGF0IHdhcyBsZWZ0IG9mIG15IHNlbnNlIG9mIGhvbm9yLg==,,,,,W0xvd2VuIEVsbGVuZW5dCkZvaSBlbnTDo28gcXVlIGRlY2lkaSB2aW5nYXIgbWV1cyBhbWlnb3MgZSBzYWx2YXIgbyBxdWUgcmVzdGF2YSBkZSBtaW5oYSBob25yYS4=,,W0xvd2VuIEVsbGVuZW5dCkZ1ZSBlbnRvbmNlcyBjdWFuZG8gZGVjaWTDrSB2ZW5nYXIgYSBtaXMgYW1pZ29zIHkgc2FsdmFyIGxvIHF1ZSBxdWVkYWJhIGRlIG1pIHNlbnRpZG8gZGVsIGhvbm9yLg==
DAIwAg,,W0xvd2VuIEVsbGVuZW5dCkkgd2VudCBiYWNrIHRvIHRoYXQgcGxhY2UuIEkgZm91Z2h0IGFuZCBJIGZvdWdodCwgdHJ5aW5nIHRvIGF0b25lIGZvciB3aGF0IEkgaGFkIGRvbmUgd3JvbmcuLi4=,,,,,W0xvd2VuIEVsbGVuZW5dClZvbHRlaSDDoHF1ZWxlIGx1Z2FyLiBMdXRlaSBlIGx1dGVpLCB0ZW50YW5kbyBtZSBwZW5pdGVuY2lhciBwZWxvIHF1ZSBoYXZpYSBmZWl0byBlcnJhZG8uLi4=,,W0xvd2VuIEVsbGVuZW5dClZvbHbDrSBhIGVzZSBsdWdhci4gTHVjaMOpIHkgbHVjaMOpLCBpbnRlbnRhbmRvIGV4cGlhciBsbyBxdWUgaGFiw61hIGhlY2hvIG1hbC4uLg==
DQIwAg,,SWYgeW91IHdpc2gsIGNvbnRpbnVlIHlvdXIgYmF0dGxlLiBJIHByb21pc2UgeW91IHRoZSB3aW5uZXIgd2lsbCBiZWNvbWUgYW4gRWluaGVyamFyLi4u,,,,,U2UgYXNzaW0gZGVzZWphciwgY29udGludWUgc3VhIGJhdGFsaGEuIEV1IHByb21ldG8gcXVlIHF1ZW0gdmVuY2VyIHNlIHRvcm5hcsOhIHVtIEVpbmhlcmphci4uLg==,,U2kgbG8gZGVzZWFuLCBjb250aW7DumVuIHN1IGJhdGFsbGEuIFRlIHByb21ldG8gcXVlIGVsIGdhbmFkb3Igc2UgY29udmVydGlyw6EgZW4gdW4gRWluaGVyamFyLi4u
DgIwAg,,W0xvd2VuIEVsbGVuZW5dClRoYXQgdm9pY2UuLi4KSXNuJ3QgdGhpcz8=,,,,,W0xvd2VuIEVsbGVuZW5dCkVzdGEgdm96Li4uCk7Do28gw6kuLi4/,,W0xvd2VuIEVsbGVuZW5dCkVzYSB2b3ouLi4Kwr9ObyBlcyBlc3RhPw==
DwIwAg,,W0xvd2VuIEVsbGVuZW5dCkFyZSB5b3UgZ2l2aW5nIG1lIGFub3RoZXIgY2hhbmNlPyBJIG5vIGxvbmdlciBoYXZlIGEgYm9keSB0byBmaWdodCBtb25zdGVycyB3aXRoIQ==,,,,,W0xvd2VuIEVsbGVuZW5dClZhaSBtZSBkYXIgb3V0cmEgY2hhbmNlPyBNYXMgZXUgbsOjbyB0ZW5obyBtYWlzIHVtIGNvcnBvIHBhcmEgbHV0YXIgY29udHJhIG9zIG1vbnN0cm9zLi4u,,W0xvd2VuIEVsbGVuZW5dCsK/TWUgZXN0w6FzIGRhbmRvIG90cmEgb3BvcnR1bmlkYWQ/IMKhWWEgbm8gdGVuZ28gY3VlcnBvIHBhcmEgbHVjaGFyIGNvbnRyYSBtb25zdHJ1b3Mh
EAIwAg,,W3swfV0KRG9uJ3Qgd29ycnksCkknbSB3aXRoIHlvdSEKTGV0J3MgZG8gdGhpcyE=,,,,,W3swfV0KTsOjbyBzZSBwcmVvY3VwZSwKRXN0b3UgY29tIHZvY8OqIQpWYW1vcyBuZXNzYSE=,,W3swfV0KTm8gdGUgcHJlb2N1cGVzLArCoWVzdG95IGNvbnRpZ28hCsKhSGFnw6Ftb3NsbyE=
EQIwAg,,VmFsa3lyaWU=,,,,,VmFscXXDrXJpYQ==,,VmFscXVpcmlh
EgIwAg,,W1ZhbGt5cmllXQpZb3UgaGF2ZSBwYXNzZWQgdGhlIHRlc3QsIExvd2VuLiBJIGRvbid0IGhhdmUgbXVjaCB0byB0ZWFjaCB5b3Uu,,,,,W1ZhbHF1w61yaWFdClZvY8OqIHBhc3NvdSBubyB0ZXN0ZSwgTG93ZW4uIEV1IG7Do28gdGVuaG8gbXVpdG8gbWFpcyBhIGRpemVyLg==,,W1ZhbHF1aXJpYV0KSGFzIHBhc2FkbyBsYSBwcnVlYmEsIExvd2VuLiBObyB0ZW5nbyBtdWNobyBxdWUgZW5zZcOxYXJ0ZS4=
EwIwAg,,W1ZhbGt5cmllXQpIYXZlIHlvdSBmb3VuZCB0aGUgc3RyZW5ndGggdG8gcmVsZWFzZSB5b3Vyc2VsZiBmcm9tIHRoZSBndWlsdCBhbmQgdGhlIHBhaW4/IEkndmUgYmVlbiB3YWl0aW5nIGZvciB5b3UuIFdpbGwgeW91IGFjY2VwdCBteSBpbnZpdGF0aW9uIHRvIFZhbGhhbGxhPw==,,,,,W1ZhbHF1w61yaWFdClZvY8OqIGVuY29udHJvdSBhIGZvcsOnYSBwYXJhIHNlIGxpYmVydGFyIGRhIGN1bHBhIGUgZGEgZG9yPyBFdSB0ZW5obyBlc3BlcmFkbyBwb3Igdm9jw6ouIFZvY8OqIGFjZWl0YXLDoSBvIG1ldSBjb252aXRlIHBhcmEgbyBWYWxoYWxsYT8=,,W1ZhbHF1aXJpYV0Kwr9IYXMgZW5jb250cmFkbyBsYSBmdWVyemEgcGFyYSBsaWJlcmFydGUgZGUgbGEgY3VscGEgeSBlbCBkb2xvcj8gVGUgaGUgZXN0YWRvIGVzcGVyYW5kby4gwr9BY2VwdGFyw6FzIG1pIGludml0YWNpw7NuIGFsIFZhbGhhbGxhPw==
FAIwAg,,WWVzLCBJIHdpbGwgZm9sbG93IHlvdS4=,,,,,U2ltLCBldSBhIHNlZ3VpcmVpLg==,,U8OtLCB0ZSBzZWd1aXLDqS4=
FQIwAg,,VW0uLi4gSSdtIG5vdCBMb3dlbi4=,,,,,VW0uLi4gRXUgbsOjbyBzb3UgTG93ZW4u,,VW0uLi4gTm8gc295IExvd2VuLg==
FgIwAg,,W1ZhbGt5cmllXQpMb3dlbiBFbGxlbmVuLCBtaXN1bmRlcnN0b29kIGhlcm8uIEkgd2lsbCBub3cgcHJvbW90ZSB5b3UgdG8gRWluaGVyamFyIGJ5IHRoZSB3aWxsIG9mIEdvZC4=,,,,,W1ZhbHF1w61yaWFdCkxvd2VuIEVsbGVuZW4sIGhlcm/DrW5hIGluY29tcHJlZW5kaWRhLiBFdSBhZ29yYSBwcm9tb3ZvIHZvY8OqIGEgRWluaGVyamFyLCBwZWxhIHZvbnRhZGUgZGUgRGV1cy4=,,W1ZhbHF1aXJpYV0KTG93ZW4gRWxsZW5lbiwgaMOpcm9lIGluY29tcHJlbmRpZG8uIEFob3JhIHRlIGFzY2VuZGVyw6kgYSBFaW5oZXJqYXIgcG9yIGxhIHZvbHVudGFkIGRlIERpb3Mu
FwIwAg,,W1ZhbGt5cmllXQpZb3VyIHNvdWwgYW5kIHNwaXJpdCB3aWxsIGJlIHJlYm9ybiBpbiBWYWxoYWxsYSBhcyBhIGhvbHkgd2FycmlvciBwcmVwYXJpbmcgZm9yIHRoZSBob2x5IHdhci4=,,,,,W1ZhbHF1w61yaWFdClN1YSBhbG1hIGUgZXNww61yaXRvIHJlbmFzY2Vyw6NvIG5vIFZhbGhhbGxhLCBjb21vIHVtYSBndWVycmVpcmEgc2FncmFkYSwgcGFyYSBzZSBwcmVwYXJhciBwYXJhIGEgZ3VlcnJhIHNhbnRhLg==,,W1ZhbHF1aXJpYV0KVHUgYWxtYSB5IHR1IGVzcMOtcml0dSByZW5hY2Vyw6FuIGVuIGVsIFZhbGhhbGxhIGNvbW8gdW5hIGd1ZXJyZXJhIHNhZ3JhZGEgcXVlIHNlIHByZXBhcmEgcGFyYSBsYSBndWVycmEgc2FudGEu
GAIwAg,,W1ZhbGt5cmllXQpZb3UuLi4KezB9LApZb3VyIGRlZWRzIGFyZSBrbm93biB0byBtZS4gSSBhbSBjdXJpb3VzIGFzIHRvIHdoYXQgaGFzIGJyb3VnaHQgeW91IGhlcmUu,,,,,W1ZhbHF1w61yaWFdCkUuLi4KezB9LApTZWkgZGUgc3VhcyBwcm9lemFzLiBNYXMgZXN0b3UgY3VyaW9zYS4uLiBvIHF1ZSB0cm91eGUgdm9jw6ogYXTDqSBhcXVpPw==,,W1ZhbHF1aXJpYV0KVMO6Li4uCnswfSwKVHVzIGhhemHDsWFzIG1lIHNvbiBjb25vY2lkYXMuIFRlbmdvIGN1cmlvc2lkYWQgcG9yIHNhYmVyIHF1w6kgdGUgaGEgdHJhw61kbyBhcXXDrS4=
GQIwAg,,XjMzNTVGRllvdSBleHBsYWluIHdoYXQgaGFwcGVuZWQgdG8gVmFsa3lyaWUsIHN0YXJ0aW5nIHdpdGggdGhlIFNub3cgQ3J5c3RhbCB0aGF0IG5ldmVyIG1lbHRzLl4wMDAwMDA=,,,,,XjMzNTVGRlZvY8OqIGV4cGxpY2Egw6AgVmFscXXDrXJpYSBvIHF1ZSBhY29udGVjZXUsIGNvbWXDp2FuZG8gY29tIG8gQ3Jpc3RhbCBkZSBOZXZlIHF1ZSBudW5jYSBkZXJyZXRlLl4wMDAwMDA=,,XjMzNTVGRkV4cGxpY2FzIGxvIHF1ZSBsZSBwYXPDsyBhIFZhbHF1aXJpYSwgZW1wZXphbmRvIHBvciBlbCBDcmlzdGFsIGRlIE5pZXZlIHF1ZSBudW5jYSBzZSBkZXJyaXRlLl4wMDAwMDA=
GgIwAg,,W1ZhbGt5cmllXQpJIHVuZGVyc3RhbmQuLi4KVGhlIHN0b3J5IGJlZ2lucyBhIGxvbmcsIGxvbmcgdGltZSBhZ28gd2l0aCBGcmV5YSwgdGhlIHBhdHJvbiBnb2RkZXNzIG9mIGJlYXV0eSBhbmQgbG92ZS4=,,,,,W1ZhbHF1w61yaWFdCkVudGVuZG8uCkEgaGlzdMOzcmlhIGNvbWXDp2EgaMOhIG11aXRvLCBtdWl0byB0ZW1wbywgY29tIEZyZXlhLCBkZXVzYSBlIHBhdHJvbmEgZGEgYmVsZXphIGUgZG8gYW1vci4=,,W1ZhbHF1aXJpYV0KRW50aWVuZG8uLi4KTGEgaGlzdG9yaWEgY29taWVuemEgaGFjZSBtdWNobywgbXVjaG8gdGllbXBvIGNvbiBGcmV5YSwgbGEgZGlvc2EgcGF0cm9uYSBkZSBsYSBiZWxsZXphIHkgZWwgYW1vci4=
GwIwAg,,W1ZhbGt5cmllXQpIZXIgdGVhcmRyb3AgYmVjYW1lIGEgYmVhdXRpZnVsIGpld2VsLiBUaGUgc25vdyB0aGF0IEZyZXlhJ3MgdGVhcmRyb3BzIGZlbGwgb24gd2lsbCBhbHdheXMgcmV0YWluIGl0cyBjcnlzdGFsbGluZSBiZWF1dHku,,,,,W1ZhbHF1w61yaWFdClN1YSBsw6FncmltYSBzZSB0b3Jub3UgdW1hIGJlbGEgasOzaWEuIEEgbmV2ZSBzb2JyZSBhIHF1YWwgYXMgbMOhZ3JpbWFzIGRlIEZyZXlhIGNhw61yYW0gc2VtcHJlIG1hbnRlcsOjbyBhIHN1YSBiZWxlemEgY3Jpc3RhbGluYS4=,,W1ZhbHF1aXJpYV0KU3UgbMOhZ3JpbWEgc2UgY29udmlydGnDsyBlbiB1bmEgaGVybW9zYSBqb3lhLiBMYSBuaWV2ZSBzb2JyZSBsYSBxdWUgY2F5ZXJvbiBsYXMgbMOhZ3JpbWFzIGRlIEZyZXlhIGNvbnNlcnZhcsOhIHNpZW1wcmUgc3UgYmVsbGV6YSBjcmlzdGFsaW5hLg==
HAIwAg,,W1ZhbGt5cmllXQpZb3Ugc2VlayB0cmFjZXMgb2YgdGhlIGdvZGRlc3M/IFBlcmhhcHMgdGhpcyBpcyBhIHNpZ24gb2YgdGhlIGVuZCBvZiB0aGUgdGhvdXNhbmQgeWVhciBwZWFjZS4gV2hlbiB0aGUgdGltZSBjb21lcywgSSBob3BlIGh1bWFucyB3aWxsIG5vdCBhYmFuZG9uIHRoZWlyIGZhaXRoLg==,,,,,W1ZhbHF1w61yaWFdClZvY8OqIHByb2N1cmEgcG9yIHBpc3RhcyBkYSBkZXVzYT8gVGFsdmV6IHNlamEgZXN0ZSB1bSBzaW5hbCBkbyBmaW0gZGUgdW1hIHBheiBkZSBtaWwgYW5vcy4gUXVhbmRvIGNoZWdhciBvIG1vbWVudG8sIGVzcGVybyBxdWUgb3MgaHVtYW5vcyBuw6NvIGFiYW5kb25lbSBhIHN1YSBmw6ku,,W1ZhbHF1aXJpYV0Kwr9CdXNjYXMgcmFzdHJvcyBkZSBsYSBkaW9zYT8gVGFsIHZleiBzZWEgdW5hIHNlw7FhbCBkZWwgZmluIGRlIGxvcyBtaWwgYcOxb3MgZGUgcGF6LiBDdWFuZG8gbGxlZ3VlIGVsIG1vbWVudG8sIGVzcGVybyBxdWUgbG9zIGh1bWFub3Mgbm8gYWJhbmRvbmVuIHN1IGZlLg==
HQIwAg,,W1ZhbGt5cmllXQpQZXJoYXBzIEkgd2FzIGFsc28gc2VudCB0byBtZWV0IHlvdS4gSSB3aXNoIHRoYXQgaHVtYW5zIHdvdWxkIHVzZSB0aGUgcG93ZXIgZGVyaXZlZCBmcm9tIHRoZSB0cmFjZXMgb2YgdGhlIGdvZHMgdG8gcHJvdGVjdCBqdXN0aWNlLg==,,,,,W1ZhbHF1w61yaWFdClRhbHZleiBldSB0ZW5oYSBzaWRvIGVudmlhZGEgdGFtYsOpbSBwYXJhIGVuY29udHJhciB2b2PDqi4gRXNwZXJvIHF1ZSBvcyBodW1hbm9zIHVzZW0gbyBwb2RlciBkb3MgZGV1c2VzIHBhcmEgcHJvdGVnZXIgYSBqdXN0acOnYS4=,,W1ZhbHF1aXJpYV0KVGFsIHZleiB5byB0YW1iacOpbiBmdWkgZW52aWFkYSBhIGNvbm9jZXJ0ZS4gRGVzZW8gcXVlIGxvcyBodW1hbm9zIHV0aWxpY2VuIGVsIHBvZGVyIGRlcml2YWRvIGRlIGxhcyBodWVsbGFzIGRlIGxvcyBkaW9zZXMgcGFyYSBwcm90ZWdlciBsYSBqdXN0aWNpYS4=
HgIwAg,,W1ZhbGt5cmllXQp7MH0uLi4KTGlzdGVuLiBUaGlzIGlzCndoYXQgeW91IG11c3QgZmluZC4=,,,,,W1ZhbHF1w61yaWFdCnswfS4uLgpFc2N1dGUuIMOJIGlzdG8KcXVlIHZvY8OqIGRldmUgZW5jb250cmFyLg==,,W1ZhbHF1aXJpYV0KezB9Li4uCkVzY3VjaGEuIEVzdG8gZXMKbG8gcXVlIGRlYmVzIGVuY29udHJhci4=
HwIwAg,,W1ZhbGt5cmllXQpBIGNvbGQgc25vd3kgcGF0aCB0aGF0IHRoZSBnb2RkZXNzIHdhbGtlZCBhbG9uZy4KQSBibHVlIHJpdmVyIHRoYXQgdGhlIGdvZGRlc3Mgd2Fsa2VkIGFjcm9zcy4KQSBuYXJyb3cgcGF0aCB0aGF0IHRoZSBnb2RkZXNzIGZvbGxvd2VkLgpGb3VyIGR3YXJ2ZXMgdGhhdCB0aGUgZ29kZGVzcyBtZXQuLi4=,,,,,W1ZhbHF1w61yaWFdClVtIGNhbWluaG8gZnJpbyBlIG5ldmFkbyBwZWxvIHF1YWwgYSBkZXVzYSBwYXNzb3UKVW0gcmlvIGF6dWwgcXVlIGEgZGV1c2EgYXRyYXZlc3NvdQpVbSBjYW1pbmhvIGVzdHJlaXRvIHF1ZSBhIGRldXNhIHBlcmNvcnJldQpRdWF0cm8gYW7DtWVzIHF1ZSBhIGRldXNhIGVuY29udHJvdS4uLg==,,W1ZhbHF1aXJpYV0KVW4gZnLDrW8gc2VuZGVybyBuZXZhZG8gcG9yIGVsIHF1ZSBjYW1pbsOzIGxhIGRpb3NhLgpVbiByw61vIGF6dWwgcXVlIGxhIGRpb3NhIGF0cmF2ZXPDsy4KVW4gZXN0cmVjaG8gY2FtaW5vIHF1ZSBsYSBkaW9zYSBzaWd1acOzLgpDdWF0cm8gZW5hbm9zIHF1ZSBsYSBkaW9zYSBjb25vY2nDsy4uLg==
IAIwAg,,W1ZhbGt5cmllXQpeNEQ0REZGVGhlIGJlYXV0eSBvZiB0aGUgc3RhcnMKd2FuZXMgaW4gY29tcGFyaXNvbi4KV2UgbG9zdCBvdXIgaGVhcnRzCnRvIHRoYXQgZ29sZGVuIGhhaXIKYW5kIHRob3NlIGRhenpsaW5nIGV5ZXMuXjAwMDAwMA==,,,,,W1ZhbHF1w61yaWFdCl40RDRERkZBIGJlbGV6YSBkYXMgZXN0cmVsYXMKTcOtbmd1YSBlbSBjb21wYXJhw6fDo28gYSBlbGEuClBlcmRlbW9zIG9zIG5vc3NvcyBjb3Jhw6fDtWVzCnBvciBhcXVlbGVzIGNhYmVsb3MgZG91cmFkb3MKZSBhcXVlbGVzIG9saG9zIGRlc2x1bWJyYW50ZXMuXjAwMDAwMA==,,W1ZhbHF1aXJpYV0KXjRENERGRkxhIGJlbGxlemEgZGUgbGFzIGVzdHJlbGxhcwpzZSBkZXN2YW5lY2UgZW4gY29tcGFyYWNpw7NuLgpQZXJkaW1vcyBudWVzdHJvcyBjb3Jhem9uZXMKcG9yIGVzZSBjYWJlbGxvIGRvcmFkbwp5IGVzb3Mgb2pvcyBkZXNsdW1icmFudGVzLl4wMDAwMDA=
IQIwAg,,W1ZhbGt5cmllXQpSZW1lbWJlciB0aGlzLgpJIHNoYWxsIHNlbmQgeW91CmJhY2sgdG8gd2hlcmUgeW91CmJlbG9uZy4=,,,,,W1ZhbHF1w61yaWFdCkxlbWJyZS1zZSBkaXNzby4KVm91IG1hbmRhciB2b2PDqiAKZGUgdm9sdGEgcGFyYQpvIHNldSBsdWdhci4=,,W1ZhbHF1aXJpYV0KUmVjdWVyZGEgZXN0by4KVGUgZW52aWFyw6kKZGUgdnVlbHRhIGEgZG9uZGUKcGVydGVuZWNlcy4=
IgIwAg,,W1ZhbGt5cmllXQpGb3IgT2RpbidzIGhvbm9yLi4u,,,,,W1ZhbHF1w61yaWFdClBlbGEgaG9ucmEgZGUgT2Rpbi4uLg==,,W1ZhbHF1aXJpYV0KUG9yIGVsIGhvbm9yIGRlIE9kw61uLi4u
IwIwAg,,W1ZhbGt5cmllXQpIYWhhaGFoYSEKSXQgaGFzIGJlZW4KYSBsb25nIHRpbWUgc2luY2UKYSBtb3J0YWwgaGFzCm1hZGUgbWUgbGF1Z2gu,,,,,W1ZhbHF1w61yaWFdCkhhaGFoYWhhLi4uCkrDoSBmYXppYQp1bSB0ZW1wbyBxdWUKdW0gbW9ydGFsCm7Do28gbWUgZmF6aWEgcmlyLg==,,W1ZhbHF1aXJpYV0KwqFKYWphamFqYSEKSGEgc2lkbwptdWNobyB0aWVtcG8gZGVzZGUgcXVlCnVuIG1vcnRhbCBtZSBoYQptZSBoYSBoZWNobyByZcOtci4=
JAIwAg,,W1ZhbGt5cmllXQp7MH0sCkknbSBzcGVha2luZyB0byB0aGUgc3Bpcml0IG9mIHRoZSBnaXJsIHRoYXQgcmVzdHMgd2l0aGluIHlvdSwgdGhlIGdpcmwgdG8gd2hvbSB5b3UgbGVudCB5b3VyIGJvZHkgc28gdGhhdCBzaGUgbWF5IGxlYXJuIHRoZSB0cnV0aCBvZiB0aGUgcGFzdC4=,,,,,W1ZhbHF1w61yaWFdCnswfSwKRXN0b3UgZmFsYW5kbyBjb20gbyBlc3DDrXJpdG8gZGEgZ2Fyb3RhIHF1ZSBlc3TDoSBkZW50cm8gZGUgdm9jw6osIGEgZ2Fyb3RhIMOgIHF1YWwgdm9jw6ogZW1wcmVzdG91IHNldSBjb3JwbyBwYXJhIHF1ZSBlbGEgYXByZW5kZXNzZSBhIHZlcmRhZGUgZG8gcGFzc2Fkby4=,,W1ZhbHF1aXJpYV0KezB9LApFc3RveSBoYWJsYW5kbyBjb24gZWwgZXNww61yaXR1IGRlIGxhIGNoaWNhIHF1ZSBkZXNjYW5zYSBkZW50cm8gZGUgdGksIGxhIGNoaWNhIGEgbGEgcXVlIHByZXN0YXN0ZSB0dSBjdWVycG8gcGFyYSBxdWUgcHVlZGEgY29ub2NlciBsYSB2ZXJkYWQgZGVsIHBhc2Fkby4=
JQIwAg,,XjMzNTVGRllvdSBleHBsYWluIHdoYXQgaGFwcGVuZWQgdG8gVmFsa3lyaWUsIHN0YXJ0aW5nIHdpdGggdGhlIFNub3cgQ3J5c3RhbCB3aGljaCBuZXZlciBtZWx0cy5eMDAwMDAw,,,,,XjMzNTVGRlZvY8OqIGV4cGxpY2Egw6AgVmFscXXDrXJpYSBvIHF1ZSBhY29udGVjZXUsIGNvbWXDp2FuZG8gY29tIG8gQ3Jpc3RhbCBkZSBOZXZlIHF1ZSBudW5jYSBkZXJyZXRlLl4wMDAwMDA=,,XjMzNTVGRkV4cGxpY2FzIGxvIHF1ZSBsZSBwYXPDsyBhIFZhbHF1aXJpYSwgZW1wZXphbmRvIHBvciBlbCBDcmlzdGFsIGRlIE5pZXZlIHF1ZSBudW5jYSBzZSBkZXJyaXRlLl4wMDAwMDA=
JgIwAg,,W1ZhbGt5cmllXQpJIHVuZGVyc3RhbmQuClRoZSBzdG9yeSBiZWdpbnMgYSBsb25nLCBsb25nIHRpbWUgYWdvIHdpdGggRnJleWEsIHRoZSBwYXRyb24gZ29kZGVzcyBvZiBiZWF1dHkgYW5kIGxvdmUu,,,,,W1ZhbHF1w61yaWFdCkVudGVuZG8uCkEgaGlzdMOzcmlhIGNvbWXDp2EgaMOhIG11aXRvLCBtdWl0byB0ZW1wbywgY29tIEZyZXlhLCBkZXVzYSBlIHBhdHJvbmEgZGEgYmVsZXphIGUgZG8gYW1vci4=,,W1ZhbHF1aXJpYV0KRW50aWVuZG8uCkxhIGhpc3RvcmlhIGNvbWllbnphIGhhY2UgbXVjaG8sIG11Y2hvIHRpZW1wbyBjb24gRnJleWEsIGxhIGRpb3NhIHBhdHJvbmEgZGUgbGEgYmVsbGV6YSB5IGVsIGFtb3Iu
JwIwAg,,W1ZhbGt5cmllXQpZb3Ugc2VlayB0cmFjZXMgb2YgdGhlIGdvZGRlc3M/IFBlcmhhcHMgdGhpcyBpcyBhIHNpZ24gb2YgdGhlIGVuZCBvZiB0aGUgdGhvdXNhbmQgeWVhciBwZWFjZS4gV2hlbiB0aGUgdGltZSBjb21lcywgSSBob3BlIGh1bWFucyB3aWxsIG5vdCBhYmFuZG9uIHRoZSBmYWl0aC4=,,,,,W1ZhbHF1w61yaWFdClZvY8OqIHByb2N1cmEgcG9yIHBpc3RhcyBkYSBkZXVzYT8gVGFsdmV6IHNlamEgZXN0ZSB1bSBzaW5hbCBkbyBmaW0gZGUgdW1hIHBheiBkZSBtaWwgYW5vcy4gUXVhbmRvIGNoZWdhciBvIG1vbWVudG8sIGVzcGVybyBxdWUgb3MgaHVtYW5vcyBuw6NvIGFiYW5kb25lbSBhIHN1YSBmw6ku,,W1ZhbHF1aXJpYV0Kwr9CdXNjYXMgcmFzdHJvcyBkZSBsYSBkaW9zYT8gUXVpesOhIHNlYSB1bmEgc2XDsWFsIGRlbCBmaW4gZGUgbGEgcGF6IGRlIGxvcyBtaWwgYcOxb3MuIEN1YW5kbyBsbGVndWUgZWwgbW9tZW50bywgZXNwZXJvIHF1ZSBsb3MgaHVtYW5vcyBubyBhYmFuZG9uZW4gbGEgZmUu
KAIwAg,,XjMzNTVGRkEgbG90IG9mIHNub3cKaXMgaGVhdmlseSBwaWxlZApoZXJlIG9uIHRoZSBncm91bmQuXjAwMDAwMA==,,,,,XjMzNTVGRkjDoSBtdWl0YSBuZXZlCmVtcGlsaGFkYSBhcXVpCm5vIGNow6NvLl4wMDAwMDA=,,XjMzNTVGRiBNdWNoYSBuaWV2ZQplc3TDoSBhbW9udG9uYWRhCmFxdcOtIGVuIGVsIHN1ZWxvLl4wMDAwMDA=
KQIwAg,,XjMzNTVGRkhvd2V2ZXIsIHRoaXMgcGFydGljdWxhciBtb3VuZCBzdHJpa2VzIHlvdSBhcyBjdXJpb3VzIGZvciBzb21lIHJlYXNvbi5eMDAwMDAw,,,,,XjMzNTVGRk5vIGVudGFudG8sIGVzc2UgbW9udGUgZGUgbmV2ZSBsaGUgcGFyZWNlIHBlY3VsaWFyLCBwb3IgYWxndW1hIHJhesOjby5eMDAwMDAw,,XjMzNTVGRlNpbiBlbWJhcmdvLCBlc3RlIG1vbnTDrWN1bG8gZW4gcGFydGljdWxhciB0ZSBwYXJlY2UgY3VyaW9zbyBwb3IgYWxndW5hIHJhesOzbi5eMDAwMDAw
KgIwAg,,U3dlZXAgdGhlIHNub3cgYXdheSB3aXRoIHlvdXIgaGFuZC4=,,,,,TGltcGFyIGEgbmV2ZSBjb20gYSBtw6NvLg==,,QmFycmUgbGEgbmlldmUgY29uIGxhIG1hbm8u
KwIwAg,,VGhpbmsgd2hhdCBpdCBjb3VsZCBiZQ==,,,,,UGVuc2Ugbm8gcXVlIHBvZGVyaWEgc2Vy,,UGllbnNhIGVuIGxvIHF1ZSBwb2Ryw61hIHNlcg==
LAIwAg,,UG9rZSB0aGUgc25vdyB3aXRoIHlvdXIgZmluZ2VyLg==,,,,,Q3V0dWNhciBhIG5ldmUgY29tIG8gZGVkby4=,,UGluY2hhIGxhIG5pZXZlIGNvbiBlbCBkZWRvLg==
LQIwAg,,Q2FuY2VsLg==,,,,,Q2FuY2VsYXIu,,Q2FuY2VsYS4=
LgIwAg,,XjMzNTVGRkFzIHlvdSBicnVzaCB0aGUgc25vdyB3aXRoIHRoZSBwYWxtIG9mIHlvdXIgaGFuZCwgc29tZSBvZiB0aGUgc25vdyBtZWx0cywgcmV2ZWFsaW5nIGEgc3RyYW5nZSBwdXp6bGUgY3ViZS4gSXQncyBtdWx0aWZhY2V0ZWQsIGJ1dCB5b3Ugc2VlIHRoYXQgZWFjaCBmYWNldCBpcyBpbnNjcmliZWQgd2l0aCBhIGx5cmljLg==,,,,,XjMzNTVGRkVucXVhbnRvIHZvY8OqIGxpbXBhIGEgbmV2ZSBjb20gYSBwYWxtYSBkYSBzdWEgbcOjbywgcGFydGUgZGEgbmV2ZSBkZXJyZXRlLCByZXZlbGFuZG8gdW0gZXN0cmFuaG8gY3VibyBkZSBxdWVicmEtY2FiZcOnYS4gRWxlIHRlbSB2w6FyaWFzIGZhY2VzIGUgdm9jw6ogcG9kZSB2ZXIgcXVlIGVtIGNhZGEgZmFjZSBlc3TDoSBlc2NyaXRvIHVtIHZlcnNvLg==,,XjMzNTVGRkFsIHJvemFyIGxhIG5pZXZlIGNvbiBsYSBwYWxtYSBkZSBsYSBtYW5vLCBwYXJ0ZSBkZSBsYSBuaWV2ZSBzZSBkZXJyaXRlLCByZXZlbGFuZG8gdW4gZXh0cmHDsW8gY3VibyBkZSByb21wZWNhYmV6YXMuIEVzIG11bHRpZmFjw6l0aWNvLCBwZXJvIHZlcyBxdWUgY2FkYSBmYWNldGEgbGxldmEgaW5zY3JpdGEgdW5hIGxldHJhLg==
LwIwAg,,QWRqdXN0IHRoZSBwdXp6bGUu,,,,,QXJydW1hciBvIHF1ZWJyYS1jYWJlw6dhLg==,,QWp1c3RhIGVsIHB1enpsZS4=
MAIwAg,,UXVpdC4=,,,,,U2Fpci4=,,UmVudW5jaWEu
MQIwAg,,W3swfV0KT2theS4gSG1tLi4uCkkgZ3Vlc3MgSSBzaG91bGQKY2hvb3NlIGEgbHlyaWMuLi4=,,,,,W3swfV0KQ2VydG8sIHVtLi4uCkFjaG8gcXVlIGRldm8KZXNjb2xoZXIgdW0gdmVyc28uLi4=,,W3swfV0KVmFsZS4gSG1tLi4uClN1cG9uZ28gcXVlIGRlYmVyw61hCmVsZWdpciB1bmEgbGV0cmEuLi4=
MgIwAg,,V2UgZ2F2ZQ==,,,,,RGVtb3M=,,RGltb3M=
MwIwAg,,V2FuZXMgaW4gY29tcGFyaXNvbi4=,,,,,TcOtbmd1YSBlbSBjb21wYXJhw6fDo28gYSBlbGEu,,RGVjYWUgZW4gY29tcGFyYWNpw7NuLg==
NAIwAg,,QWxsIG9mIG91ciBoZWFydHMgaW4=,,,,,VG9kb3Mgb3Mgbm9zc29zIGNvcmHDp8O1ZXM=,,VG9kb3MgbnVlc3Ryb3MgY29yYXpvbmVzIGVu
NQIwAg,,VGhlIGJlYXV0eSBvZiB0aGUgc3RhcnM=,,,,,QSBiZWxlemEgZGFzIGVzdHJlbGFz,,TGEgYmVsbGV6YSBkZSBsYXMgZXN0cmVsbGFz
NgIwAg,,VG8gdGhvc2UgZGF6emxpbmcgZXllcw==,,,,,cG9yIGFxdWVsZXMgb2xob3MgZGVzbHVtYnJhbnRlcy4=,,QSBlc29zIG9qb3MgZGVzbHVtYnJhbnRlcw==
NwIwAg,,W3swfV0KV2UgZ2F2ZS4uLg==,,,,,W3swfV0KRGVtb3MuLi4=,,W3swfV0KTGUgZGltb3MuLi4=
OAIwAg,,W3swfV0KV2FuZXMgaW4gY29tcGFyaXNvbi4=,,,,,W3swfV0KTcOtbmd1YSBlbSBjb21wYXJhw6fDo28gYSBlbGEu,,W3swfV0KV2FuZXMgaW4gY29tcGFyaXNvbi4=
OQIwAg,,W3swfV0KQWxsIG9mIG91ciBoZWFydHMgaW4=,,,,,W3swfV0KVG9kb3Mgb3Mgbm9zc29zIGNvcmHDp8O1ZXM=,,W3swfV0KVG9kb3MgbnVlc3Ryb3MgY29yYXpvbmVzIGVu
OgIwAg,,W3swfV0KVGhlIGJlYXV0eSBvZiB0aGUgc3RhcnM=,,,,,W3swfV0KQSBiZWxlemEgZGFzIGVzdHJlbGFz,,W3swfV0KTGEgYmVsbGV6YSBkZSBsYXMgZXN0cmVsbGFz
OwIwAg,,W3swfV0KVG8gdGhvc2UgZGF6emxpbmcgZXllcw==,,,,,W3swfV0KUG9yIGFxdWVsZXMgb2xob3MgZGVzbHVtYnJhbnRlcw==,,W3swfV0KQSBlc29zIG9qb3MgZGVzbHVtYnJhbnRlcw==
PAIwAg,,V2UgZ2F2ZS4uLg==,,,,,RGVtb3MuLi4=,,TGUgZGltb3MuLi4=
PQIwAg,,d2FuZXMgaW4gY29tcGFyaXNvbi4=,,,,,bcOtbmd1YSBlbSBjb21wYXJhw6fDo28gYSBlbGEu,,ZGlzbWludXllIGVuIGNvbXBhcmFjacOzbi4=
PgIwAg,,QWxsIG9mIG91ciBoZWFydHMgaW4=,,,,,VG9kb3Mgb3Mgbm9zc29zIGNvcmHDp8O1ZXM=,,VG9kb3MgbnVlc3Ryb3MgY29yYXpvbmVzIGVu
PwIwAg,,VGhlIGJlYXV0eSBvZiB0aGUgc3RhcnM=,,,,,QSBiZWxlemEgZGFzIGVzdHJlbGFz,,TGEgYmVsbGV6YSBkZSBsYXMgZXN0cmVsbGFz
QAIwAg,,VG8gdGhvc2UgZGF6emxpbmcgZXllcw==,,,,,UG9yIGFxdWVsZXMgb2xob3MgZGVzbHVtYnJhbnRlcw==,,QSBlc29zIG9qb3MgZGVzbHVtYnJhbnRlcw==
QQIwAg,,VG8gdGhhdCBiZWF1dGlmdWwgaGFpcg==,,,,,cG9yIGFxdWVsZXMgYmVsb3MgY2FiZWxvcw==,,UG9yIGVzZSBoZXJtb3NvIGNhYmVsbG8=
QgIwAg,,V2UgbG9zdCBvdXIgaGVhcnRz,,,,,UGVyZGVtb3Mgb3Mgbm9zc29zIGNvcmHDp8O1ZXM=,,UGVyZGltb3MgZWwgY29yYXrDs24=
QwIwAg,,V2UgZ2F2ZS4u,,,,,RGVtb3MuLi4=,,RGltb3MgLi4=
RAIwAg,,VG8gdGhhdCBiZWF1dGlmdWwgaGFpcg==,,,,,cG9yIGFxdWVsZXMgYmVsb3MgY2FiZWxvcw==,,UG9yIGVzZSBoZXJtb3NvIGNhYmVsbG8=
RQIwAg,,V2UgbG9zdCBvdXIgaGVhcnRz,,,,,UGVyZGVtb3Mgb3Mgbm9zc29zIGNvcmHDp8O1ZXM=,,UGVyZGltb3MgZWwgY29yYXrDs24=
RgIwAg,,VG8gdGhhdCBnb2xkZW4gaGFpcg==,,,,,UG9yIGFxdWVsZXMgY2FiZWxvcyBkb3VyYWRvcw==,,QSBlc2UgY2FiZWxsbyBkb3JhZG8=
RwIwAg,,dG8gdGhhdCBnb2xkZW4gaGFpcg==,,,,,cG9yIGFxdWVsZXMgY2FiZWxvcyBkb3VyYWRvcw==,,YSBlc2UgY2FiZWxsbyBkb3JhZG8=
SAIwAg,,QW5kIHRob3NlIGRhenpsaW5nIGV5ZXMu,,,,,RSBhcXVlbGVzIG9saG9zIGRlc2x1bWJyYW50ZXMu,,WSBlc29zIG9qb3MgZGVzbHVtYnJhbnRlcy4=
SQIwAg,,QW5kIHRob3NlIGRhenpsaW5nIGV5ZXMu,,,,,ZSBhcXVlbGVzIG9saG9zIGRlc2x1bWJyYW50ZXMu,,WSBlc29zIG9qb3MgZGVzbHVtYnJhbnRlcy4=
SgIwAg,,W09sZCBEd2FyZl0KV2hvIGFyZSB5b3U/IQpBbmQgd2h5IHRoZSBoZWxsCmRpZCB5b3Ugd2FrZSBtZSB1cD8h,,,,,W1ZlbGhvIGFuw6NvXQpRdWVtIMOpIHZvY8OqPyEKRSBwb3IgcXVlIGRpYWJvcwp2b2PDqiBtZSBhY29yZG91Pw==,,W1ZpZWpvIEVuYW5vXQrCocK/UXVpw6luIGVyZXM/IQrCocK/WSBwb3IgcXXDqSBkZW1vbmlvcwrCocK/TWUgZGVzcGVydGFzdGU/IQ==
SwIwAg,,W3swfV0KSHVoLi4uPwpOb3RoaW5nIGhhcHBlbmVkLgpEaWQgSSBkbyBzb21ldGhpbmcgd3Jvbmc/IE9yIGlzIHRoaXMganVzdCBhIGNvbXBsZXRlbHkgb3JkaW5hcnkgcHV6emxlIGN1YmU/,,,,,W3swfV0KSMOjLi4uPwpOYWRhIGFjb250ZWNldS4KRXUgZml6IGFsZ28gZXJyYWRvIG91IGlzc28gw6kgc8OzIHVtIGN1Ym8gZGUgcXVlYnJhLWNhYmXDp2EgY29tdW0/,,W3swfV0Kwr9FaC4uLj8KTm8gaGEgcGFzYWRvIG5hZGEuCsK/SGUgaGVjaG8gYWxnbyBtYWw/IMK/TyBlcyBzw7NsbyB1biBjdWJvIHJvbXBlY2FiZXphcyBjb21wbGV0YW1lbnRlIG9yZGluYXJpbz8=
TAIwAg,,W3swfV0KVGhpcy4uLgpUaGlzIGJldHRlciBub3QKanVzdCBiZSBzb21lIHJlZ3VsYXIKcHV6emxlIGN1YmUgdGhhdCBzb21lb25lCmp1c3QgZHJvcHBlZCBpbiB0aGUgc25vdyE=,,,,,W3swfV0KSXNzby4uLgrDiSBtZWxob3IgaXNzbwpuw6NvIHNlciBhcGVuYXMKdW0gcXVlYnJhLWNhYmXDp2EgcXVhbHF1ZXIKcXVlIGFsZ3XDqW0gZGVpeG91IGxhcmdhZG8gbmEgbmV2ZSE=,,W3swfV0KRXN0by4uLgpTZXLDoSBtZWpvciBxdWUgZXN0byBubwpubyBzZWEgdW4gY3VibwpjdWJvIHJvbXBlY2FiZXphcyBxdWUgYWxndWllbgrCoWFjYWJhIGRlIGRlamFyIGNhZXIgZW4gbGEgbmlldmUh
TQIwAg,,XjMzNTVGRllvdSB1c2UgeW91ciBmaW5nZXIgdG8gcG9rZSB0aGUgcGlsZSBvZiBzbm93LiBZb3UgaHVydCB5b3VyIGZpbmdlciBhIGxpdHRsZSBhZnRlciBoaXR0aW5nIHNvbWV0aGluZyBzb2xpZC5eMDAwMDAw,,,,,XjMzNTVGRlZvY8OqIHVzYSBvIHNldSBkZWRvIHBhcmEgY3V0dWNhciBhIHBpbGhhIGRlIG5ldmUuIEVudMOjbywgc2V1IGRlZG8gZMOzaSB1bSBwb3VjbyBhbyBhdGluZ2lyIGFsZ28gcmVhbG1lbnRlIHPDs2xpZG8uXjAwMDAwMA==,,XjMzNTVGRlV0aWxpemFzIGVsIGRlZG8gcGFyYSBwaW5jaGFyIGVsIG1vbnTDs24gZGUgbmlldmUuIFRlIGxhc3RpbWFzIHVuIHBvY28gZWwgZGVkbyB0cmFzIGdvbHBlYXIgYWxnbyBzw7NsaWRvLl4wMDAwMDA=
TgIwAg,,LSBUaGVyZSBpcyBhIHBpbGUgb2Ygc25vdyB1bmRlciBhIHRyZWUuIC0=,,,,,LSBIw6EgdW1hIHBpbGhhIGRlIG5ldmUgZGViYWl4byBkZSB1bWEgw6Fydm9yZS4gLQ==,,LSBIYXkgdW4gbW9udMOzbiBkZSBuaWV2ZSBiYWpvIHVuIMOhcmJvbC4gLQ==
TwIwAg,,QWxmcmlr,,,,,QWxmcmlr,,QWxmcmlr
UAIwAg,,W0FsZnJpa10KSSd2ZSBnb3Qgbm90aGluZyB0byBzYXkgdG8geW91ISBOb3cgZ2V0IG91dCBvZiBoZXJlISBJIGRvbid0IHdhbnQgdG8gYmUgZm91bmQh,,,,,W0FsZnJpa10KTsOjbyB0ZW5obyBtYWlzIG5hZGEgYSBkaXplciEgQWdvcmEgc2FpYSBkYXF1aSEgTsOjbyBxdWVybyBzZXIgZW5jb250cmFkbyE=,,W0FsZnJpa10KwqFObyB0ZW5nbyBuYWRhIHF1ZSBkZWNpcnRlISDCoUFob3JhIHZldGUgZGUgYXF1w60hIMKhTm8gcXVpZXJvIHF1ZSBtZSBlbmN1ZW50cmVuIQ==
UQIwAg,,W0FsZnJpa10KV2hhdCwgaHVtYW4/IQpBbGwgb2YgdXMgaGF2ZSBhd2FrZW5lZC4=,,,,,W0FsZnJpa10KTyBxdWUgZm9pLCBodW1hbm8/ClRvZG9zIG7Ds3MgasOhIGFjb3JkYW1vcy4=,,W0FsZnJpa10KwqHCv1F1w6ksIGh1bWFubz8hClRvZG9zIGhlbW9zIGRlc3BlcnRhZG8u
UgIwAg,,SSBqdXN0IHdhbnRlZCB0byBzYXkgaGVsbG8u,,,,,RXUgc8OzIHF1ZXJpYSBkaXplciB1bSBhbMO0Lg==,,U8OzbG8gcXVlcsOtYSBzYWx1ZGFydGUu
UwIwAg,,V2hhdCBhcmUgbWF0ZXJpYWxzIGZvciBCcmlzaW5nYW1lbj8=,,,,,UXVhaXMgc8OjbyBvcyBtYXRlcmlhaXMgcGFyYSBvIEJyaXNpbmdhbWVuPw==,,wr9DdcOhbGVzIHNvbiBsb3MgbWF0ZXJpYWxlcyBwYXJhIEJyaXNpbmdhbWVuPw==
VAIwAg,,W0FsZnJpa10KWW91ciBnZXN0dXJlIGlzIGFwcHJlY2lhdGVkLiBCdXQgSSdkIHJhdGhlciBoaWRlIHRoYW4gc29jaWFsaXplLiBJIGRvbid0IHdhbnQgdG8gYmUgZm91bmQgYnkgdGhlIGNyb3dzIG9mIE9kaW4h,,,,,W0FsZnJpa10KQXByZWNpbyBvIHNldSBnZXN0bywgbWFzIHByZWZpcm8gbWUgZXNjb25kZXIgYSBmYXplciBhbWl6YWRlLiBOw6NvIHF1ZXJvIHNlciBlbmNvbnRyYWRvIHBlbG9zIGNvcnZvcyBkZSBPZGluIQ==,,W0FsZnJpa10KQXByZWNpbyB0dSBnZXN0by4gUGVybyBwcmVmaWVybyBlc2NvbmRlcm1lIHF1ZSBzb2NpYWxpemFyLiDCoU5vIHF1aWVybyBxdWUgbWUgZW5jdWVudHJlbiBsb3MgY3VlcnZvcyBkZSBPZMOtbiE=
VQIwAg,,W0FsZnJpa10KTWF0ZXJpYWxzIGZvciBCcmlzaW5nYW1lbj8gRm9yIHRoZSBodW1hbiBpbWl0YXRpb24sIHRoZSBtYXRlcmlhbHMgYXJlIHByZXR0eSBlYXN5IHRvIGdhdGhlci4uLg==,,,,,W0FsZnJpa10KT3MgbWF0ZXJpYWlzIGRvIEJyaXNpbmdhbWVuPyBQYXJhIGEgaW1pdGHDp8OjbyBodW1hbmEsIG9zIG1hdGVyaWFpcyBzw6NvIGJlbSBmw6FjZWlzIGRlIHJldW5pci4uLg==,,W0FsZnJpa10Kwr9NYXRlcmlhbGVzIHBhcmEgQnJpc2luZ2FtZW4/IFBhcmEgbGEgaW1pdGFjacOzbiBodW1hbmEsIGxvcyBtYXRlcmlhbGVzIHNvbiBiYXN0YW50ZSBmw6FjaWxlcyBkZSByZXVuaXIuLi4=
VgIwAg,,W0FsZnJpa10KVGhlIHBvd2VyIG9mIHRoZSB3ZWFwb25zIHVzZWQgYnkgdGhlIGdvZHMgd2hlbiB0aGV5IGJhdHRsZWQgZGVtb25zIGEgdGhvdXNhbmQgeWVhcnMgYWdvLCBhbmQgZXZlcnl0aGluZyBkZXRhY2hlZCBmcm9tIEJyaXNpbmdhbWVuLiBUaGF0J3MgYmFzaWNhbGx5IHdoYXQgeW91IG5lZWQu,,,,,W0FsZnJpa10KTyBwb2RlciBkYXMgYXJtYXMgdXNhZGFzIHBlbG9zIGRldXNlcywgcXVhbmRvIGVsZXMgbHV0YXJhbSBjb250cmEgb3MgZGVtw7RuaW9zIGjDoSBtaWwgYW5vcywgZSB0dWRvIG8gcXVlIHNlIHNvbHRvdSBkbyBCcmlzaW5nYW1lbi4gQmFzaWNhbWVudGUsIMOpIGlzc28gcXVlIHZvY8OqIHByZWNpc2Eu,,W0FsZnJpa10KRWwgcG9kZXIgZGUgbGFzIGFybWFzIHVzYWRhcyBwb3IgbG9zIGRpb3NlcyBjdWFuZG8gbHVjaGFyb24gY29udHJhIGxvcyBkZW1vbmlvcyBoYWNlIG1pbCBhw7FvcywgeSB0b2RvIGxvIGRlc3ByZW5kaWRvIGRlIEJyaXNpbmdhbWVuLiBFc28gZXMgYsOhc2ljYW1lbnRlIGxvIHF1ZSBuZWNlc2l0YXMu
VwIwAg,,W0FsZnJpa10KSWYgeW91IHdhbnQgdG8gY3JlYXRlIGEgQnJpc2luZ2FtZW4sIHlvdSB3aWxsIG5lZWQ6Cl40RDRERkZGcmV5YSdzIEpld2VsClNpbHZlciBPcm5hbWVudApTbm93IENyeXN0YWwKUmlwcGxlCkRyaWZ0aW5nIEFpcl4wMDAwMDA=,,,,,W0FsZnJpa10KU2Ugdm9jw6ogcXVpc2VyIGNyaWFyIHVtIEJyaXNpbmdhbWVuLCB2YWkgcHJlY2lzYXIgZGlzc28uLi4uLgpeNEQ0REZGSsOzaWEgZGUgRnJleWEKT3JuYW1lbnRvIGRlIFByYXRhCkNyaXN0YWwgZGUgTmV2ZQpPbmR1bGHDp8OjbwpWZW50byBJbmNvbnN0YW50ZV4wMDAwMDA=,,W0FsZnJpa10KU2kgcXVpZXJlcyBjcmVhciB1biBCcmlzaW5nYW1lbiwgbmVjZXNpdGFyw6FzOgpeNEQ0REZGSm95YSBkZSBGcmV5YQpPcm5hbWVudG8gZGUgUGxhdGEKQ3Jpc3RhbCBkZSBOaWV2ZQpPbmR1bGFjacOzbgpBaXJlIGEgbGEgZGVyaXZhXjAwMDAwMA==
WAIwAg,,W0FsZnJpa10KWW91IG1pZ2h0IG5lZWQgc29tZSBnZW1zLCBsaWtlIFNhcHBoaXJlLCBQZWFybCwgT3BhbCwgQ3Vyc2VkIFJ1YnksIGFuZCBtYXliZSBldmVuIHNvbWUgR29sZCB0byBkZWNvcmF0ZSB0aGUgbmVja2xhY2Uu,,,,,W0FsZnJpa10KVm9jw6ogcG9kZSBwcmVjaXNhciBkZSBhbGd1bWFzIGdlbWFzLCBjb21vIFNhZmlyYXMsIFDDqXJvbGFzLCBPcGFsYXMsIFJ1YmlzIEFtYWxkacOnb2Fkb3MsIGUgYXTDqSBtZXNtbyB1bSBwb3VjbyBkZSBPdXJvIHBhcmEgZGVjb3JhciBvIGNvbGFyLg==,,W0FsZnJpa10KUHVlZGUgcXVlIG5lY2VzaXRlcyBhbGd1bmFzIGdlbWFzLCBjb21vIFphZmlybywgUGVybGEsIMOTcGFsbywgUnViw60gTWFsZGl0bywgeSBwdWVkZSBxdWUgaW5jbHVzbyBhbGdvIGRlIE9ybyBwYXJhIGRlY29yYXIgZWwgY29sbGFyLg==
WQIwAg,,W0FsZnJpa10KQWx0aG91Z2ggSSBnaXZlIGZyZWVseSBvZiBteSBhZHZpY2UsIHdlIGZvdXIgZHdhcnZlcyB3aWxsIG5vIGxvbmdlciBkbyBmb3JnaW5nIHdvcmsgdW5sZXNzIGl0IGlzIGJ5IEZyZXlhJ3MgY29tbWFuZC4=,,,,,W0FsZnJpa10KRW1ib3JhIGV1IGTDqiBtZXVzIGNvbnNlbGhvcyBzZW0gY29icmFyIG5hZGEsIG7Ds3MsIG9zIHF1YXRybyBhbsO1ZXMsIG7Do28gZmFyZW1vcyBtYWlzIG5lbmh1bWEgZm9yamEgYSBtZW5vcyBxdWUgc2VqYSBhIG1hbmRvIGRlIEZyZXlhLg==,,W0FsZnJpa10KQXVucXVlIGRveSBsaWJyZW1lbnRlIG1pIGNvbnNlam8sIGxvcyBjdWF0cm8gZW5hbm9zIHlhIG5vIGhhcmVtb3MgdHJhYmFqb3MgZGUgZm9yamEgYSBtZW5vcyBxdWUgc2VhIHBvciBvcmRlbiBkZSBGcmV5YS4=
WgIwAg,,W0FsZnJpa10KSSBjYW4gcHJvbWlzZSB5b3Ugb25lIHRoaW5nLiBTaW5jZSB0aGUgZm91ciBvZiB1cyBoYXZlIGF3YWtlbmVkLCBodW1hbnMgd2lsbCBvYnRhaW4gdGhlIEJyaXNpbmdhbWVuIGZvciBzdXJlLg==,,,,,W0FsZnJpa10KTWFzIHBvc3NvIGxoZSBwcm9tZXRlciB1bWEgY29pc2EuIEFnb3JhIHF1ZSBuw7NzIHF1YXRybyBhY29yZGFtb3MsIG9zIGh1bWFub3MgY29uc2VndWlyw6NvIG8gQnJpc2luZ2FtZW4sIGNvbSBjZXJ0ZXphLg==,,W0FsZnJpa10KUHVlZG8gcHJvbWV0ZXJ0ZSB1bmEgY29zYS4gRGVzZGUgcXVlIGxvcyBjdWF0cm8gaGVtb3MgZGVzcGVydGFkbywgbG9zIGh1bWFub3Mgb2J0ZW5kcsOhbiBlbCBCcmlzaW5nYW1lbiBjb24gc2VndXJpZGFkLg==
WwIwAg,,W0FsZnJpa10KTm93Li4uCkxlYXZlIG1lCmluIHBlYWNlIQ==,,,,,W0FsZnJpa10KQWdvcmEuLi4KRGVpeGUtbWUKZW0gcGF6Lg==,,W0FsZnJpa10KQWhvcmEuLi4KwqFEw6lqYW1lCsKhZW4gcGF6IQ==
XAIwAg,,W0FsZnJpa10KXjMzMzMzM1lhd24uLi5eMDAwMDAwCkl0J3MgYmVlbiBhIGxvbmcgdGltZSBzaW5jZSBJJ3ZlIHNlZW4gdGhlIHN1biEgV2FpdCEgWW91J3JlIG5vdCE=,,,,,W0FsZnJpa10KXjMzMzMzMypib2Nlam8uLi4qXjAwMDAwMApGYXogbXVpdG8gdGVtcG8gcXVlIG7Do28gdmlhIG8gc29sISBFLWVzcGVyZSEgVm9jw6ogbsOjbyDDqS4uLg==,,W0FsZnJpa10KXjMzMzMzM1lhd24uLi5eMDAwMDAwCsKhSGFjZSBtdWNobyB0aWVtcG8gcXVlIG5vIHZlbyBlbCBzb2whIMKhRXNwZXJhIQ==
XQIwAg,,W0FsZnJpa10KV2hvIHNlbnQgeW91PyEKTG9raSE/IEhlaW1kYWxsIT8KT3Igd2FzIGl0IEZyZXlhPw==,,,,,W0FsZnJpa10KUXVlbSBtYW5kb3Ugdm9jw6o/IQpMb2tpPyBIZWltZGFsbD8KT3UgZm9pIEZyZXlhPw==,,W0FsZnJpa10KwqHCv1F1acOpbiB0ZSBlbnZpw7M/IQrCv8KhTG9raSE/IMK/SGVpbWRhbGw/CsK/TyBmdWUgRnJleWE/
XgIwAg,,Tm8gb25lLCBpdCB3YXMgYW4gYWNjaWRlbnQh,,,,,TmluZ3XDqW0sIGZvaSB1bSBhY2lkZW50ZSE=,,wqFOYWRpZSwgZnVlIHVuIGFjY2lkZW50ZSE=
XwIwAg,,SXQgd2FzIFZhbGt5cmllLg==,,,,,Rm9pIGEgVmFscXXDrXJpYS4=,,RXJhIFZhbGtpcmlhLg==
YAIwAg,,W0FsZnJpa10KRG9uJ3QgZXZlbiB0aGluayBvZiBseWluZyB0byBtZSwgaHVtYW4hIFRoZXJlJ3Mgbm8gd2F5IHlvdSBjb3VsZCBoYXZlIGF3YWtlbmVkIG1lIHdpdGhvdXQga25vd2luZyB0aGUgcGFzc3dvcmQhIE5vdyBzcGVhayE=,,,,,W0FsZnJpa10KTmVtIHBlbnNlIGVtIG1lbnRpciBwYXJhIG1pbSwgaHVtYW5vISBEZSBqZWl0byBuZW5odW0gdm9jw6ogdGVyaWEgbWUgYWNvcmRhZG8gc2VtIHNhYmVyIGEgc2VuaGEhIEFnb3JhLCBmYWxlIQ==,,W0FsZnJpa10KwqFOaSBzZSB0ZSBvY3VycmEgbWVudGlybWUsIGh1bWFubyEgwqFFcyBpbXBvc2libGUgcXVlIG1lIGhheWFzIGRlc3BlcnRhZG8gc2luIHNhYmVyIGxhIGNvbnRyYXNlw7FhISDCoUFob3JhIGhhYmxhIQ==
YQIwAg,,VmFsa3lyaWUgdG9sZCBtZS4=,,,,,QSBWYWxxdcOtcmlhIG1lIGNvbnRvdS4=,,VmFscXVpcmlhIG1lIGRpam8u
YgIwAg,,SXQgd2FzIGEgY29pbmNpZGVuY2Uh,,,,,Rm9pIGNvaW5jaWTDqm5jaWEh,,wqFGdWUgdW5hIGNvaW5jaWRlbmNpYSE=
YwIwAg,,W0FsZnJpa10KVmFsa3lyaWU/Ck9kaW4ncyB3YXJtb25nZXI/IFdoYXQgY291bGQgT2RpbiB3YW50LCBJIGhhdmVuJ3QgZG9uZSBhbnl0aGluZyB3cm9uZyE=,,,,,W0FsZnJpa10KVmFscXXDrXJpYS4uLj8KQSBwYXRyb25hIGRhIGd1ZXJyYSBkZSBPZGluPyBPIHF1ZSBPZGluIHBvZGVyaWEgcXVlcmVyLCBldSBuw6NvIGZpeiBuYWRhIGVycmFkbyE=,,W0FsZnJpa10Kwr9WYWxraXJpYT8Kwr9MYSBiZWxpY2lzdGEgZGUgT2TDrW4/IMK/UXXDqSBwb2Ryw61hIHF1ZXJlciBPZMOtbj8gwqFObyBoZSBoZWNobyBuYWRhIG1hbG8h
ZAIwAg,,XjMzNTVGRllvdSBleHBsYWluIGV2ZXJ5dGhpbmcgdG8gQWxmcmlrLCB3aG8gc2VlbXMgdG8gd29ycnkgYWJvdXQgYmVpbmcgdGFyZ2V0ZWQgYnkgT2Rpbi5eMDAwMDAw,,,,,XjMzNTVGRlZvY8OqIGV4cGxpY2EgdHVkbyBhIEFsZnJpaywgcXVlIHBhcmVjZSBzZSBwcmVvY3VwYXIgZW0gc2VyIGFsdm8gZGEgaXJhIGRlIE9kaW4uXjAwMDAwMA==,,XjMzNTVGRkxlIGV4cGxpY2FzIHRvZG8gYSBBbGZyaWssIHF1ZSBwYXJlY2UgcHJlb2N1cGFkbyBwb3Igc2VyIGVsIG9iamV0aXZvIGRlIE9kw61uLl4wMDAwMDA=
ZQIwAg,,W0FsZnJpa10KU28gdGhhdCdzIGl0LgpTZWVraW5nIG91dCBvdXIgbWFzdGVycGllY2U/IFlvdSBodW1hbnMgbXVzdCBiZSBhZnRlciB0aGUgcG93ZXIgb2YgdGhlIGdvZHMuIEludGVyZXN0aW5nLg==,,,,,W0FsZnJpa10KRW50w6NvIMOpIGlzc28uClByb2N1cmFuZG8gbm9zc2Egb2JyYS1wcmltYT8gVm9jw6pzLCBodW1hbm9zLCBkZXZlbSBlc3RhciBxdWVyZW5kbyBvIHBvZGVyIGRvcyBkZXVzZXMuIEludGVyZXNzYW50ZS4=,,W0FsZnJpa10KQXPDrSBxdWUgZXNvIGVzLgrCv0J1c2NhbmRvIG51ZXN0cmEgb2JyYSBtYWVzdHJhPyBVc3RlZGVzIGxvcyBodW1hbm9zIGRlYmVuIGVzdGFyIHRyYXMgZWwgcG9kZXIgZGUgbG9zIGRpb3Nlcy4gSW50ZXJlc2FudGUu
ZgIwAg,,W0FsZnJpa10KVGhlIHRpbWUgZm9yIHVzIHRvIHJldml2ZSBtYXkgYWN0dWFsbHkgaGF2ZSBjb21lISBBbHJpZ2h0IHRoZW4sIEkgQWxmcmlrIHNoYWxsIGNvb3BlcmF0ZSB3aXRoIHlvdSBodW1hbnMu,,,,,W0FsZnJpa10KQSBub3NzYSBob3JhIGRlIHJldml2ZXIgY2hlZ291LCBlbmZpbSEgQ2VydG8sIGVudMOjby4uLiBFdSwgQWxmcmlrLCB2b3UgY29vcGVyYXIgY29tIG9zIGh1bWFub3Mu,,W0FsZnJpa10KwqFQdWVkZSBxdWUgaGF5YSBsbGVnYWRvIGVsIG1vbWVudG8gZGUgcmV2aXZpciEgRGUgYWN1ZXJkbyBlbnRvbmNlcywgeW8gQWxmcmlrIGNvb3BlcmFyw6kgY29uIHZvc290cm9zLCBodW1hbm9zLg==
ZwIwAg,,W0FsZnJpa10KQWZ0ZXIgYWxsLCBnZXR0aW5nIG9uIE9kaW4ncyBnb29kIHNpZGUgbGlrZSB0aGlzIGlzIG11Y2ggYmV0dGVyIHRoYW4gYmVpbmcgdG9ydHVyZWQgYnkgTG9raS4=,,,,,W0FsZnJpa10KQWZpbmFsLCBmaWNhciBuYXMgYm9hcyBncmHDp2FzIGRlIE9kaW4gZGVzc2EgZm9ybWEgw6kgbXVpdG8gbWVsaG9yIGRvIHF1ZSBzZXIgdG9ydHVyYWRvIHBvciBMb2tpLg==,,W0FsZnJpa10KRGVzcHXDqXMgZGUgdG9kbywgbGxlZ2FyIGFsIGxhZG8gYnVlbm8gZGUgT2TDrW4gZGUgZXN0YSBtYW5lcmEgZXMgbXVjaG8gbWVqb3IgcXVlIHNlciB0b3J0dXJhZG8gcG9yIExva2ku
aAIwAg,,W0FsZnJpa10KQWJvdXQgdGhlIG1hc3RlcnBpZWNlIHdlIG1hZGUgZm9yIEZyZXlhLi4uIFRoZXJlIGNhbiBvbmx5IGJlIG9uZSBpbiB0aGUgd29ybGQu,,,,,W0FsZnJpa10KQWdvcmEsIHNvYnJlIGEgb2JyYS1wcmltYSBxdWUgZml6ZW1vcyBwYXJhIEZyZXlhLi4uIFPDsyBwb2RlIGhhdmVyIHVtYSBubyBtdW5kby4=,,W0FsZnJpa10KU29icmUgbGEgb2JyYSBtYWVzdHJhIHF1ZSBoaWNpbW9zIHBhcmEgRnJleWEuLi4gU8OzbG8gcHVlZGUgaGFiZXIgdW5hIGVuIGVsIG11bmRvLg==
aQIwAg,,W0FsZnJpa10KVGhhdCBkb2Vzbid0IG1lYW4gYW4gaW1pdGF0aW9uLCB3aXRoIHRoZSBzYW1lIHBvd2VyIGFzIHRoYXQgZ29kbHkgaXRlbSwgY2FuJ3QgYmUgbWFkZS4gSXNuJ3QgaXQgdGVtcHRpbmcsIHRoZSBwb3dlciBvZiBhIGdvZD8=,,,,,W0FsZnJpa10KTWFzIGlzc28gbsOjbyBxdWVyIGRpemVyIHF1ZSBuw6NvIHNlIHBvc3NhIGZhemVyIHVtYSBpbWl0YcOnw6NvLCBjb20gbyBtZXNtbyBwb2RlciBkbyBhcnRlZmF0byBkaXZpbm8uIE7Do28gw6kgdGVudGFkb3IsIG8gcG9kZXIgZGUgdW0gZGV1cz8=,,W0FsZnJpa10KRXNvIG5vIHNpZ25pZmljYSBxdWUgbm8gc2UgcHVlZGEgaGFjZXIgdW5hIGltaXRhY2nDs24sIGNvbiBlbCBtaXNtbyBwb2RlciBxdWUgZXNlIG9iamV0byBkaXZpbm8uIMK/Tm8gZXMgdGVudGFkb3IgZWwgcG9kZXIgZGUgdW4gZGlvcz8=
agIwAg,,W0FsZnJpa10KRmlyc3QgdGhpbmdzIGZpcnN0LiBJZiB5b3Ugd2FudCB0byBtYWtlIHRoZSBuZWNrbGFjZSwgeW91IG11c3QgYXdha2VuIGFsbCBmb3VyIG9mIHVzLiBCZWNhdXNlIG9mIExva2kncyB0aHJlYXRzLCB3ZSBhbGwgaGlkIG91cnNlbHZlcyBpbiBkaWZmZXJlbnQgcGxhY2VzLg==,,,,,W0FsZnJpa10KVW1hIGNvaXNhIGRlIGNhZGEgdmV6LiBTZSB2b2PDqiBxdWlzZXIgZmF6ZXIgbyBjb2xhciwgcHJlY2lzYSBhY29yZGFyIHRvZG9zIG7Ds3MuIFBvciBjYXVzYSBkYSBhbWVhw6dhIGRlIExva2ksIHRvZG9zIG7Ds3Mgbm9zIGVzY29uZGVtb3MgZW0gbHVnYXJlcyBkaWZlcmVudGVzLg==,,W0FsZnJpa10KTG8gcHJpbWVybyBlcyBsbyBwcmltZXJvLiBTaSBxdWllcmVzIGhhY2VyIGVsIGNvbGxhciwgZGViZXMgZGVzcGVydGFybm9zIGEgbG9zIGN1YXRyby4gRGViaWRvIGEgbGFzIGFtZW5hemFzIGRlIExva2ksIHRvZG9zIG5vcyBlc2NvbmRpbW9zIGVuIGRpZmVyZW50ZXMgbHVnYXJlcy4=
awIwAg,,W0FsZnJpa10KR28gd2FrZSBteSBicm90aGVycyEgTGV0J3Mgc2VlIGlmIHRoZSBCcmlzaW5nYW1lbiBjYW4gYmUgbWFkZSBvbmNlIGFnYWluIQ==,,,,,W0FsZnJpa10KVsOhIGFjb3JkYXIgbWV1cyBpcm3Do29zISBWYW1vcyB2ZXIgc2UgbyBCcmlzaW5nYW1lbiBwb2RlIHNlciBmZWl0byB1bWEgdmV6IG1haXMh,,W0FsZnJpa10KwqFWZSBhIGRlc3BlcnRhciBhIG1pcyBoZXJtYW5vcyEgwqFWZWFtb3Mgc2kgZWwgQnJpc2luZ2FtZW4gcHVlZGUgaGFjZXJzZSB1bmEgdmV6IG3DoXMh
bAIwAg,,W0FsZnJpa10KTm93IGdvIHdha2UgRHZhbGluLCBiZWZvcmUgdGhlIGdvZHMgYW5kIGdpYW50cyBmaW5kIG91dCE=,,,,,W0FsZnJpa10KQWdvcmEgdsOhIGFjb3JkYXIgRHZhbGluLCBhbnRlcyBxdWUgb3MgZGV1c2VzIGUgb3MgZ2lnYW50ZXMgZGVzY3VicmFtIQ==,,W0FsZnJpa10KwqFBaG9yYSB2ZSBhIGRlc3BlcnRhciBhIER2YWxpbiwgYW50ZXMgZGUgcXVlIGxvcyBkaW9zZXMgeSBsb3MgZ2lnYW50ZXMgc2UgZW50ZXJlbiE=
bQIwAg,,W0FsZnJpa10KQ29pbmNpZGVuY2U/CkltcG9zc2libGUhIEhvdyBkYXJlIHlvdSBsaWUhIERvbid0IGV2ZXIgY29tZSBiYWNrIGhlcmUgb3IgdGhlIGdvZHMgd2lsbCBmaW5kIG1lIQ==,,,,,W0FsZnJpa10KQ29pbmNpZMOqbmNpYT8KSW1wb3Nzw612ZWwhIENvbW8gb3VzYSBtZW50aXI/ISBOw6NvIG91c2Ugdm9sdGFyIGFxdWksIG91IG9zIGRldXNlcyB2w6NvIG1lIGVuY29udHJhciE=,,W0FsZnJpa10Kwr9Db2luY2lkZW5jaWE/CsKhSW1wb3NpYmxlISDCoUPDs21vIHRlIGF0cmV2ZXMgYSBtZW50aXIhIMKhTm8gdnVlbHZhcyBwb3IgYXF1w60gbyBsb3MgZGlvc2VzIG1lIGVuY29udHJhcsOhbiE=
bgIwAg,,W0FsZnJpa10KWW91IGp1c3Qgc3BlYWsgb2YgVmFsa3lyaWUhClRoYXQncyBPZGluJ3MgbWFpZGVuLi4uIHRoYXQgd2FyIG1vbmdlci4uLgpJIHNlZSwgT2RpbiBtdXN0IHdhbnQgbWUuCkJ1dC4uLmJ1dCBJIGhhdmVuJ3QgZG9uZSBhbnl0aGluZyB3cm9uZy4KSSBoYXZlbid0ISEh,,,,,W0FsZnJpa10KLi4udm9jw6ogZGlzc2UsIGEgVmFscXXDrXJpYT8hCkEgZG9uemVsYSBkZSBPZGluLi4uIHBhdHJvbmEgZGEgZ3VlcnJhLi4uCi4uLkVudGVuZG8sIE9kaW4gZGV2ZSBlc3RhciBhdHLDoXMgZGUgbWltLgouLi5tYXMuLi4gbWFzIG7Do28gZml6IG5hZGEgZXJyYWRvLgpOw6NvIGZpeiE=,,W0FsZnJpa10KwqFBY2FiYXMgZGUgaGFibGFyIGRlIFZhbHF1aXJpYSEKRXNhIGVzIGxhIGRvbmNlbGxhIGRlIE9kw61uLi4uIGVzZSB0cmFmaWNhbnRlIGRlIGd1ZXJyYS4uLgpZYSB2ZW8sIE9kw61uIGRlYmUgcXVlcmVybWUuClBlcm8uLi4gcGVybyBubyBoZSBoZWNobyBuYWRhIG1hbG8uCsKhwqHCoU5vIGxvIGhlIGhlY2hvISEh
bwIwAg,,LSBZb3UgZXhwbGFpbiBldmVyeXRoaW5nIC0KLSB0byBBbGZyaWsgd2hvIHNlZW1zIHRvIGZlYXIgT2Rpbi4gLQ==,,,,,LSBWb2PDqiBleHBsaWNhIHR1ZG8gLQotIGEgQWxmcmlrLCBxdWUgcGFyZWNlIHRlbWVyIE9kaW4uIC0=,,LSBMZSBleHBsaWNhcyB0b2RvLi4uCi0gYSBBbGZyaWsgcXVlIHBhcmVjZSB0ZW1lciBhIE9kw61uLiAt
cAIwAg,,W0FsZnJpa10KSHVoPyBXYXMgdGhhdCBpdD8KRG8gaHVtYW5zIGRlc2lyZSB0aGUgcG93ZXIgb2YgR29kPwpIZWhlaGVoLi4uCkl0J3MgaW50ZXJlc3RpbmcuCllvdSdyZSBsb29raW5nIGZvciBzb21ldGhpbmcKdGhhdCB3YXMgbWFkZSBieSBtZSBhbmQgbXkgYnJvdGhlcnMgYSBsb25nIHRpbWUgYWdvLg==,,,,,W0FsZnJpa10KQmVtLi4uPyBFcmEgaXNzbz8KT3MgaHVtYW5vcyBkZXNlamFtIG8gcG9kZXIgZGUgRGV1cz8KLi5oZWhlaGVoLi4uLgpJbnRlcmVzc2FudGUuCkFsw6ltIGRpc3NvLCB2b2PDqiBwcm9jdXJhIHBvciBhbGdvCnF1ZSBmb2kgZmVpdG8gcG9yIG1ldXMgaXJtw6NvcyBlIGV1IGjDoSBtdWl0byB0ZW1wby4=,,W0FsZnJpa10Kwr9FaD8gwr9FcmEgZXNvPwrCv0xvcyBodW1hbm9zIGRlc2VhbiBlbCBwb2RlciBkZSBEaW9zPwpIZWhlaGVoLi4uCkVzIGludGVyZXNhbnRlLgpFc3TDoXMgYnVzY2FuZG8gYWxnbwpxdWUgZnVlIGhlY2hvIHBvciBtw60geSBtaXMgaGVybWFub3MgaGFjZSBtdWNobyB0aWVtcG8u
cQIwAg,,W0FsZnJpa10KSGVlIGhlZSBoZWUgaGVlIGhlZS4uLgpJdCBtYXkgYmUgdGltZSB0byByZXZpdmUhCkhlZSBoZWUgaGVlLi4uIE9rYXkuIEdvb2QhCkksIEFsZnJpayBzaGFsbCBjb29wZXJhdGUgd2l0aCB5b3UgaHVtYW5zLgpBZnRlciBhbGwsIGl0J2xsIGJlIHdheSBiZXR0ZXIgdGhhbiBiZWluZyB0b3J0dXJlZCBieSBMb2tpIG9yIEhlaW1kYWxsLg==,,,,,W0FsZnJpa10KLi4uLmhpaGkuLi5oaWhpLi4uaGloaS4uLgpEZXZlIHNlciBhIG5vc3NhIGhvcmEgZGUgcmV2aXZlciEKLi4uaGloaSBoaWhpLi4uY2VydG8uIE11aXRvIGJlbS4KRXUsIEFsZnJpaywgdm91IGNvb3BlcmFyIGNvbSB2b2PDqnMsIGh1bWFub3MuCkFmaW5hbCwgYXNzaW0gdmFpIHNlciBtZWxob3IgZG8gcXVlIHNlciB0b3J0dXJhZG8gcG9yIExva2kgb3UgcG9yIEhlaW1kYWxsLg==,,W0FsZnJpa10KSGVlIGhlZSBoZWUgaGVlIGhlZS4uLgrCoVB1ZWRlIHF1ZSBzZWEgaG9yYSBkZSByZXZpdmlyIQpIZWUgaGVlIGhlZS4uLiBCaWVuLiDCoUJpZW4hCllvLCBBbGZyaWsgY29vcGVyYXLDqSBjb24gdXN0ZWRlcyBsb3MgaHVtYW5vcy4KRGVzcHXDqXMgZGUgdG9kbywgc2Vyw6EgbXVjaG8gbWVqb3IgcXVlIHNlciB0b3J0dXJhZG8gcG9yIExva2kgbyBIZWltZGFsbC4=
cgIwAg,,W0FsZnJpa10KSGVlIGhlZSBoZWUgaGVlIGhlZS4uLiBPaCEgQnkgdGhlIHdheS4uLgpJIGRvbid0IHRoaW5rIHRoYXQgRnJleWEgd2lsbCBsaWtlIG15IGlkZWEuLi4KSGVlIGhlZS4uLgpIZXksIGh1bWFuLgpBcmVuJ3QgeW91IGN1cmlvdXMgYWJvdXQgRnJleWEncyBOZWNrbGFjZT8=,,,,,W0FsZnJpa10KaGloaS4uLmhpaGkuLi5oaWhpLi4ub2gsIGEgcHJvcMOzc2l0by4uLgpTZXLDoSBxdWUgRnJleWEgdmFpIGdvc3RhciBkYSBtaW5oYSBpZMOpaWEuLi4/CkhpaGkuLi5oaWhpLi4uCkVpLCBodW1hbm8uCk7Do28gZXN0w6EgY3VyaW9zbyBjb20gbyBDb2xhciBkZSBGcmV5YT8=,,W0FsZnJpa10KSGVlIGhlZSBoZWUgaGVlIGhlZS4uLiDCoU9oISBQb3IgY2llcnRvLi4uCk5vIGNyZW8gcXVlIGEgRnJleWEgbGUgZ3VzdGUgbWkgaWRlYS4uLgpIZWUgaGVlLi4uCkhleSwgaHVtYW5vLgrCv05vIHNpZW50ZXMgY3VyaW9zaWRhZCBwb3IgZWwgY29sbGFyIGRlIEZyZXlhPw==
cwIwAg,,W0FsZnJpa10KT25seSBvbmUgQnJpc2luZ2FtZW4gZXhpc3RzIGluIHRoZSB3b3JsZC4KWW91IGNvdWxkIGNyZWF0ZSBzb21ldGhpbmcgc2ltaWxhcgp3aGljaCBoYWQgdGhlIHNhbWUgcG93ZXIgYXMgdGhlIGdvZGx5IGl0ZW0uClRoZSBwb3dlciBvZiBHb2QuIElzbid0IGl0IHRlbXB0aW5nPw==,,,,,W0FsZnJpa10Kw4kgY2xhcm8sIHPDsyBleGlzdGUgdW0gQnJpc2luZ2FtZW4gbm8gbXVuZG8uCk1hcyB2b2PDqiBwb2RlIGNyaWFyIGFsZ28gc2ltaWxhcgouLi5xdWUgdGVuaGEgbyBtZXNtbyBwb2RlciBkbyBhcnRlZmF0byBkaXZpbm8uCk8gcG9kZXIgZGUgRGV1cy4uLiBuw6NvIMOpIHRlbnRhZG9yPw==,,W0FsZnJpa10KU8OzbG8gZXhpc3RlIHVuIEJyaXNpbmdhbWVuIGVuIGVsIG11bmRvLgpQb2Ryw61hcyBjcmVhciBhbGdvIHNpbWlsYXIKcXVlIHR1dmllcmEgZWwgbWlzbW8gcG9kZXIgcXVlIGVsIG9iamV0byBkaXZpbm8uCkVsIHBvZGVyIGRlIERpb3MuIMK/Tm8gZXMgdGVudGFkb3I/
dAIwAg,,W0FsZnJpa10KSWYgeW91IHdhbnQgdG8gbWFrZSB0aGUgbmVja2xhY2UsCnlvdSBtdXN0IGF3YWtlbiBhbGwgb2YgdXMuCkkgaGF0ZSBMb2tpIGFuZCBPZGluLgpNeSBicm90aGVycyB3ZXJlIHNlbnQgdG8gc2xlZXAKaW4gc2VwYXJhdGUgcGxhY2VzLg==,,,,,W0FsZnJpa10KU2Ugdm9jw6ogcXVpc2VyIGZhemVyIG8gY29sYXIsCmRldmUgYWNvcmRhciB0b2RvcyBuw7NzLgouLi4uRXUgb2RlaW8gTG9raSBlIE9kaW4uLi4KTWV1cyBpcm3Do29zIGZvcmFtIGFkb3JtZWNpZG9zCmVtIGxvY2FpcyBzZXBhcmFkb3Mu,,W0FsZnJpa10KU2kgcXVpZXJlcyBoYWNlciBlbCBjb2xsYXIsCmRlYmVzIGRlc3BlcnRhcm5vcyBhIHRvZG9zLgpPZGlvIGEgTG9raSB5IE9kaW4uCk1pcyBoZXJtYW5vcyBmdWVyb24gZW52aWFkb3MgYSBkb3JtaXIKZW4gbHVnYXJlcyBzZXBhcmFkb3Mu
dQIwAg,,W0FsZnJpa10KQWNjdXJzZWQgSGVpbWRhbGwhCldlIGNvdWxkIG5vdCBkZWZlYXQgaGltIQpHbyB3YWtlIG15IGJyb3RoZXJzIQpMZXQncyBzZWUgaWYgd2UgY2FuIG11c3RlciB1cCBCcmlzaW5nYW1lbgpvbmNlIGFnYWluIQ==,,,,,W0FsZnJpa10KTWFsZGl0byBIZWltZGFsbC4uLgpOw6NvIHB1ZGVtb3MgdmVuY2VyIGVzc2UgY2FyYSwgZXNwZXJ0byBlIHZlbG96IHF1ZSDDqS4KVsOhIGFjb3JkYXIgbWV1cyBpcm3Do29zIQpWYW1vcyB2ZXIgc2UgcG9kZW1vcyB0cmF6ZXIgbyBCcmlzaW5hZ21lbiBhbyBtdW5kbwp1bWEgdmV6IG1haXMh,,W0FsZnJpa10KwqFNYWxkaXRvIEhlaW1kYWxsIQrCoU5vIHB1ZGltb3MgZGVycm90YXJsbyEKwqFWZSBhIGRlc3BlcnRhciBhIG1pcyBoZXJtYW5vcyEKwqFWZWFtb3Mgc2kgcG9kZW1vcyByZXVuaXIgYSBCcmlzaW5nYW1lbgrCoXVuYSB2ZXogbcOhcyE=
dgIwAg,,W0FsZnJpa10KQmVmb3JlIGdvZHMgYW5kIGdpYW50cyBnZXQgdG8ga25vdyBhYm91dCBpdCwKd2FrZSBEdmFsaW4h,,,,,W0FsZnJpa10KQWdvcmEsIGFudGVzIHF1ZSBvcyBkZXVzZXMgZSBvcyBnaWdhbnRlcyBkZXNjdWJyYW0sCnbDoSBhY29yZGFyIER2YWxpbiE=,,W0FsZnJpa10KQW50ZXMgZGUgcXVlIGRpb3NlcyB5IGdpZ2FudGVzIHNlIGVudGVyZW4sCsKhZGVzcGllcnRhIGEgRHZhbGluIQ==
dwIwAg,,W0FsZnJpa10KV2h5IGFyZSB5b3Ugc3RpbGwgaGVyZSE/CkkgdG9sZCB5b3UgZ28gd2FrZSBEdmFsaW4h,,,,,W0FsZnJpa10KUG9yIHF1ZSB2b2PDqiBhaW5kYSBlc3TDoSBhcXVpPwpFdSBmYWxlaSBwYXJhIHZvY8OqIGlyIGFjb3JkYXIgRHZhbGluIQ==,,W0FsZnJpa10Kwr9Qb3IgcXXDqSBzaWd1ZXMgYXF1w60/CsKhVGUgZGlqZSBxdWUgZnVlcmFzIGEgZGVzcGVydGFyIGEgRHZhbGluIQ==
eAIwAg,,V2hlcmUgaXMgaGU/,,,,,T25kZSBlc3TDoSBlbGU/,,wr9Ew7NuZGUgZXN0w6E/
eQIwAg,,VGVsbCBtZSBtb3JlIGFib3V0IEJyaXNpbmdhbWVuLg==,,,,,Q29udGUtbWUgbWFpcyBzb2JyZSBvIEJyaXNpbmdhbWVuLg==,,Q3XDqW50YW1lIG3DoXMgc29icmUgQnJpc2luZ2FtZW4u
egIwAg,,W0FsZnJpa10KQWgsIHJpZ2h0LgpJIGZvcmdvdCB0byB0ZWxsIHlvdS4gUG9vciBEdmFsaW4uIE5vdywgd2hlcmUgd2FzIGl0Pw==,,,,,W0FsZnJpa10KQWguIENlcnRvLgpFc3F1ZWNpIGRlIHRlIGRpemVyLiBQb2JyZSBEdmFsaW4uIEFnb3JhLCBvbmRlIGVzdGF2YSBlbGU/,,W0FsZnJpa10KQWgsIGNpZXJ0by4KT2x2aWTDqSBkZWPDrXJ0ZWxvLiBQb2JyZSBEdmFsaW4uIEFob3JhLCDCv2TDs25kZSBlc3RhYmE/
ewIwAg,,W0FsZnJpa10KV2Ugd2VyZSBhZnJhaWQgdGhhdCBPZGluIGFuZCBIZWltZGFsbCB3b3VsZCBwdW5pc2ggdXMgYmVjYXVzZSBpbiB0aGVpciBleWVzIHdlIGhhZCBkaXNncmFjZWQgdGhlIGdvZGRlc3Mu,,,,,W0FsZnJpa10KVMOtbmhhbW9zIG1lZG8gcXVlIE9kaW4gZSBIZWltZGFsbCBub3MgcHVuaXNzZW0gcG9ycXVlLCBiZW0sIGFvcyBvbGhvcyBkZWxlcywgZGVzZ3Jhw6dhbW9zIGEgZGV1c2Eu,,W0FsZnJpa10KVGVtw61hbW9zIHF1ZSBPZMOtbiB5IEhlaW1kYWxsIG5vcyBjYXN0aWdhcmFuIHBvcnF1ZSBhIHN1cyBvam9zIGhhYsOtYW1vcyBkZXNob25yYWRvIGEgbGEgZGlvc2Eu
fAIwAg,,W0FsZnJpa10KVGhleSBuZXZlciB3b3VsZCBoYXZlIGJlZW4gYW5nZXJlZCBpZiBpdCB3ZXJlbid0IGZvciBMb2tpJ3MgdHJpY2tlcnku,,,,,W0FsZnJpa10Kw4kgY2xhcm8sIGVsZXMgbnVuY2EgdGVyaWFtIHNlIGVuZnVyZWNpZG8gbsOjbyBmb3NzZW0gb3MgdHJ1cXVlcyBkZSBMb2tpLg==,,W0FsZnJpa10KTnVuY2Egc2UgaGFicsOtYW4gZW5mYWRhZG8gc2kgbm8gZnVlcmEgcG9yIGxhcyBhcnRpbWHDsWFzIGRlIExva2ku
fQIwAg,,W0FsZnJpa10KV2UgbG92ZWQgRnJleWEgc28gbXVjaCB0aGF0IHdlIGRlY2lkZWQgdG8gaGlkZSBvdXJzZWx2ZXMgYmVuZWF0aCB0aGUgcGF0aCB0aGF0IHNoZSB3YWxrZWQgYWxvbmcuIFRvIGJlIGFzIGNsb3NlIHRvIGFueSB0cmFjZSBvZiBoZXIgYXMgd2UgY291bGQu,,,,,W0FsZnJpa10KQW3DoXZhbW9zIHRhbnRvIEZyZXlhIHF1ZSBkZWNpZGltb3Mgbm8gZXNjb25kZXIgZW50cmUgbyBjYW1pbmhvIHBlbG8gcXVhbCBlbGEgcGFzc2F2YS4gUGFyYSBmaWNhcm1vcyBtYWlzIHByw7N4aW1vcyBkZSBxdWFscXVlciB0cmHDp28gZGVsYS4=,,W0FsZnJpa10KUXVlcsOtYW1vcyB0YW50byBhIEZyZXlhIHF1ZSBkZWNpZGltb3MgZXNjb25kZXJub3MgYmFqbyBlbCBjYW1pbm8gcG9yIGVsIHF1ZSBlbGxhIGNhbWluYWJhLiBQYXJhIGVzdGFyIGxvIG3DoXMgY2VyY2EgcG9zaWJsZSBkZSBjdWFscXVpZXIgcmFzdHJvIGRlIGVsbGEu
fgIwAg,,W0FsZnJpa10KUG9vciBEdmFsaW4gaXMgc2xlZXBpbmcgdW5kZXIgdGhlIHBhdGggdG8gdGhlIGVhc3QuIFRoZXJlLCB5b3UnbGwgc21lbGwgdGhlIHNjZW50IG9mIGEgZ29kZGVzcy4=,,,,,W0FsZnJpa10KTyBwb2JyZSBEdmFsaW4gZXN0w6EgZG9ybWluZG8gc29icmUgbyBjYW1pbmhvIGEgTGVzdGUuIENoZWdhbmRvIGzDoSwgdm9jw6ogdmFpIHNlbnRpciBvIGFyb21hIGRhIGRldXNhLg==,,W0FsZnJpa10KRWwgcG9icmUgRHZhbGluIGR1ZXJtZSBiYWpvIGVsIGNhbWlubyBkZWwgZXN0ZS4gQWxsw60gb2xlcsOhIGVsIGFyb21hIGRlIHVuYSBkaW9zYS4=
fwIwAg,,W0FsZnJpa10KSSBjYW4ndCByZW1lbWJlciB3aGVyZSB0aGUgb3RoZXJzIGFyZSBzbGVlcGluZywgYnV0IHlvdSBtdXN0bid0IGZvcmdldCB0aGVzZSB3b3Jkcy4uLg==,,,,,W0FsZnJpa10KTsOjbyBjb25zaWdvIG1lIGxlbWJyYXIgb25kZSBvcyBvdXRyb3MgZXN0w6NvIGRvcm1pbmRvLCBtYXMgdm9jw6ogbsOjbyBwb2RlIHNlIGVzcXVlY2VyIGRlc3RhcyBwYWxhdnJhcy4uLg==,,W0FsZnJpa10KTm8gcmVjdWVyZG8gZMOzbmRlIGR1ZXJtZW4gbG9zIGRlbcOhcywgcGVybyBubyBkZWJlcyBvbHZpZGFyIGVzdGFzIHBhbGFicmFzLi4u
gAIwAg,,W0FsZnJpa10KXjRENERGRkhlciBsb3ZlbHkgc2NlbnQKc3RpbGwgbGluZ2VycyBpbiB0aGUgd2luZC4KV2Ugc3VycmVuZGVyZWQgb3VyIGhlYXJ0cwp0byB0aG9zZSB0ZW5kZXIgdGVhcmRyb3BzLgpUaG9zZSBzZWR1Y3RpdmUgcmVkIGxpcHMuXjAwMDAwMA==,,,,,W0FsZnJpa10KXjRENERGRlNldSBhZG9yw6F2ZWwgYXJvbWEKQWluZGEgcmVzaXN0ZSBubyB2ZW50by4KUmVuZGVtb3Mgbm9zc29zIGNvcmHDp8O1ZXMKw6BxdWVsYXMgdGVybmFzIGzDoWdyaW1hcwrDgHF1ZWxlcyBsw6FiaW9zIHZlcm1lbGhvcyBlIHNlZHV0b3Jlcy5eMDAwMDAw,,W0FsZnJpa10KXjRENERGRlN1IGVuY2FudGFkb3IgYXJvbWEKYcO6biBwZXJkdXJhIGVuIGVsIHZpZW50by4KRW50cmVnYW1vcyBudWVzdHJvcyBjb3Jhem9uZXMKYSBlc2FzIHRpZXJuYXMgbMOhZ3JpbWFzLgpFc29zIHNlZHVjdG9yZXMgbGFiaW9zIHJvam9zLl4wMDAwMDA=
gQIwAg,,W0FsZnJpa10KQnJpc2luZ2FtZW4gaXMgb3VyIG1hc3RlcnBpZWNlLCBhIG5lY2tsYWNlIHdlIGZvcmdlZCBmb3IgRnJleWEuIEV2ZW4gaWYgd2UgdHJpZWQgbWFraW5nIGl0IGFnYWluLCBJIGRvdWJ0IGl0IHdvdWxkIGJlIGFzIGdvb2Qu,,,,,W0FsZnJpa10KTyBCcmlzaW5nYW1lbiDDqSBhIG5vc3NhIG9icmEtcHJpbWEsIHVtIGNvbGFyIHF1ZSBmb3JqYW1vcyBwYXJhIEZyZXlhLiBNZXNtbyBxdWUgdGVudMOhc3NlbW9zIGZhesOqLWxvIGRlIG5vdm8sIGR1dmlkbyBxdWUgc2VyaWEgdMOjbyBib20u,,W0FsZnJpa10KQnJpc2luZ2FtZW4gZXMgbnVlc3RyYSBvYnJhIG1hZXN0cmEsIHVuIGNvbGxhciBxdWUgZm9yamFtb3MgcGFyYSBGcmV5YS4gSW5jbHVzbyBzaSBpbnRlbnTDoXJhbW9zIGhhY2VybG8gZGUgbnVldm8sIGR1ZG8gcXVlIGZ1ZXJhIHRhbiBidWVuby4=
ggIwAg,,W0FsZnJpa10KSXQgbG9va2VkIHBlcmZlY3Qgb24gRnJleWEuIEl0J3MgdmVyeSBkaWZmaWN1bHQgdG8gY3JlYXRlIGpld2VscnkgdGhhdCBhY3R1YWxseSBlbmhhbmNlcyB0aGUgYXR0cmFjdGl2ZW5lc3Mgb2YgdGhlIGdvZGRlc3Mgb2YgYmVhdXR5Lg==,,,,,W0FsZnJpa10KRmljYXZhIHBlcmZlaXRvIGVtIEZyZXlhLiDDiSBtdWl0byBkaWbDrWNpbCBjcmlhciB1bWEgasOzaWEgcXVlIGNvbnNpZ2EgZGVpeGFyIGEgcHLDs3ByaWEgZGV1c2EgZGEgYmVsZXphIG1haXMgYXRyYWVudGUu,,W0FsZnJpa10KTGUgcXVlZGFiYSBwZXJmZWN0byBhIEZyZXlhLiBFcyBtdXkgZGlmw61jaWwgY3JlYXIgam95YXMgcXVlIHJlYWxtZW50ZSByZWFsY2VuIGVsIGF0cmFjdGl2byBkZSBsYSBkaW9zYSBkZSBsYSBiZWxsZXphLg==
gwIwAg,,W0FsZnJpa10KUGVyaGFwcyBvdXIgZ3JlYXRlc3QgcmV3YXJkIHdhcyB0aGF0IGJlYXV0aWZ1bCBzbWlsZSBvZiBzYXRpc2ZhY3Rpb24gc2hlIGdhdmUgdXMgd2hlbiB3ZSBnYXZlIGhlciB0aGF0IG5lY2tsYWNlLiBXZSBsb3ZlZCBoZXIgc28u,,,,,W0FsZnJpa10KVGFsdmV6IG5vc3NhIG1haW9yIHJlY29tcGVuc2EgdGVuaGEgc2lkbyBhcXVlbGUgYmVsbyBzb3JyaXNvIGRlIHNhdGlzZmHDp8OjbyBxdWUgZWxhIG5vcyBkZXUgcXVhbmRvIGRlbW9zIG8gY29sYXIuIE7Ds3MgYSBhbcOhdmFtb3MgdGFudG8u,,W0FsZnJpa10KUXVpesOhIG51ZXN0cmEgbWF5b3IgcmVjb21wZW5zYSBmdWUgZXNhIGhlcm1vc2Egc29ucmlzYSBkZSBzYXRpc2ZhY2Npw7NuIHF1ZSBub3MgZGVkaWPDsyBjdWFuZG8gbGUgZGltb3MgYXF1ZWwgY29sbGFyLiBMYSBxdWVyw61hbW9zIHRhbnRvLg==
hAIwAg,,W0FsZnJpa10KSXMgaXQgd3JvbmcgZm9yIGR3YXJ2ZXMgdG8gbG92ZSBhIGdvZGRlc3M/IFBlcmhhcHMgd2Ugd2VyZSBwdW5pc2hlZCBiZWNhdXNlIHRoZSBnb2RzLCBldmVuIE9kaW4sIGxvdmVkIGhlciBhcyB3ZWxsLg==,,,,,W0FsZnJpa10Kw4kgZXJyYWRvIG9zIGFuw7VlcyBhbWFyZW0gdW1hIGRldXNhPyBUYWx2ZXogbm9zIHRlbmhhbSBwdW5pZG8gcG9ycXVlIG9zIGRldXNlcywgYXTDqSBtZXNtbyBPZGluLCB0YW1iw6ltIGEgYW1hc3NlbS4=,,W0FsZnJpa10Kwr9Fc3TDoSBtYWwgcXVlIGxvcyBlbmFub3MgYW1lbiBhIHVuYSBkaW9zYT8gUXVpesOhcyBmdWltb3MgY2FzdGlnYWRvcyBwb3JxdWUgbG9zIGRpb3NlcywgaW5jbHVzbyBPZMOtbiwgdGFtYmnDqW4gbGEgYW1hYmFuLg==
hQIwAg,,W0FsZnJpa10KV2UgbmV2ZXIgc2F3IHRoZSB0cnVlIEJyaXNpbmdhbWVuIGFnYWluLiBTb21ldGhpbmcgdmVyeSBzaW1pbGFyIHRvIGl0IGNhbiBiZSBjcmVhdGVkLg==,,,,,W0FsZnJpa10KRGUgcXVhbHF1ZXIgZm9ybWEsIG51bmNhIG1haXMgdmltb3MgbyB2ZXJkYWRlaXJvIEJyaXNpbmdhbWVuLiBNYXMgYWxnbyBtdWl0byBzaW1pbGFyIGEgZWxlIHBvZGUgc2VyIGNyaWFkby4uLg==,,W0FsZnJpa10KTnVuY2Egdm9sdmltb3MgYSB2ZXIgZWwgdmVyZGFkZXJvIEJyaXNpbmdhbWVuLiBTZSBwdWVkZSBjcmVhciBhbGdvIG11eSBzaW1pbGFyIGEgw6lsLg==
hgIwAg,,W0FsZnJpa10KWW91J2xsIG5lZWQgbWF0ZXJpYWxzIHRoYXQgaGF2ZSBiZWVuIGdyYWNlZCBieSB0aGUgZ29kZGVzcycgcHJlc2VuY2UuIFRyYWNlcyBvZiB0aGUgZ29kZGVzcyBpbiB0aGUgZWFydGgsIHdhdGVyIGFuZCB0aGUgd2luZC4=,,,,,W0FsZnJpa10KVm9jw6ogdmFpIHByZWNpc2FyIGRlIG1hdGVyaWFpcyBxdWUgdGVuaGFtIHNpZG8gYWJlbsOnb2Fkb3MgcGVsYSBwcmVzZW7Dp2EgZGEgZGV1c2EuIE9zIHRyYcOnb3MgZGEgZGV1c2EgbmEgdGVycmEsIG5hIMOhZ3VhIGUgbm8gdmVudG8u,,W0FsZnJpa10KTmVjZXNpdGFyw6FzIG1hdGVyaWFsZXMgcXVlIGhheWFuIHNpZG8gYWdyYWNpYWRvcyBwb3IgbGEgcHJlc2VuY2lhIGRlIGxhIGRpb3NhLiBSYXN0cm9zIGRlIGxhIGRpb3NhIGVuIGxhIHRpZXJyYSwgZWwgYWd1YSB5IGVsIHZpZW50by4=
hwIwAg,,W0FsZnJpa10KSWYgdGhlIEJyaXNpbmdhbWVuIGlzIHJlY3JlYXRlZCwgdGhlIHBvd2VyIG9mIGEgZ29kIHdpbGwgYmUgaW4gdGhlIGhhbmRzIG9mIGEgaHVtYW4uIFRoYXQgaHVtYW4gY291bGQgYmUgeW91IQ==,,,,,W0FsZnJpa10KRSBzZSBvIEJyaXNpbmdhbWVuIGZvciByZWNyaWFkbywgbyBwb2RlciBkZSB1bSBkZXVzIGVzdGFyw6EgbmFzIG3Do29zIGRlIHVtIGh1bWFuby4gRXNzZSBodW1hbm8gcG9kZXJpYSBzZXIgdm9jw6oh,,W0FsZnJpa10KU2kgc2UgcmVjcmVhIGVsIEJyaXNpbmdhbWVuLCBlbCBwb2RlciBkZSB1biBkaW9zIGVzdGFyw6EgZW4gbWFub3MgZGUgdW4gaHVtYW5vLiDCoUVzZSBodW1hbm8gcG9kcsOtYXMgc2VyIHTDuiE=
iAIwAg,,W0FsZnJpa10KUG9vciBEdmFsaW4gaXMgc2xlZXBpbmcgdW5kZXIgdGhlIHBhdGggdG8gdGhlIGVhc3QuIE9uY2UgdGhlcmUsIHlvdSdsbCBzbWVsbCB0aGUgc2NlbnQgb2YgYSBnb2RkZXNzLg==,,,,,W0FsZnJpa10KTyBwb2JyZSBEdmFsaW4gZXN0w6EgZG9ybWluZG8gc29icmUgbyBjYW1pbmhvIGEgTGVzdGUuIENoZWdhbmRvIGzDoSwgdm9jw6ogdmFpIHNlbnRpciBvIGFyb21hIGRhIGRldXNhLg==,,W0FsZnJpa10KRWwgcG9icmUgRHZhbGluIGVzdMOhIGR1cm1pZW5kbyBiYWpvIGVsIGNhbWlubyBkZWwgZXN0ZS4gVW5hIHZleiBhbGzDrSwgb2xlcsOhcyBlbCBhcm9tYSBkZSB1bmEgZGlvc2Eu
iQIwAg,,W0FsZnJpa10KSSBjYW4ndCByZW1lbWJlciB3aGVyZSB0aGUgb3RoZXJzIGFyZSBzbGVlcGluZywgYnV0IHlvdSBtdXN0bid0IGZvcmdldCB0aGVzZSB3b3Jkczo=,,,,,W0FsZnJpa10KTsOjbyBjb25zaWdvIG1lIGxlbWJyYXIgb25kZSBvcyBvdXRyb3MgZXN0w6NvIGRvcm1pbmRvLCBtYXMgdm9jw6ogbsOjbyBwb2RlIHNlIGVzcXVlY2VyIGRlc3RhcyBwYWxhdnJhcy4uLg==,,W0FsZnJpa10KTm8gcmVjdWVyZG8gZMOzbmRlIGR1ZXJtZW4gbG9zIGRlbcOhcywgcGVybyBubyBkZWJlcyBvbHZpZGFyIGVzdGFzIHBhbGFicmFzOg==
igIwAg,,W0FsZnJpa10KV2lsbCB5b3UgcGxlYXNlCmdldCBsb3N0IGJlZm9yZSBMb2tpIGFuZCBIZWltZGFsbCBmaW5kIG91dCBJJ3ZlIGF3YWtlbmVkISBIdXJyeSBhbmQgZmluZCBEdmFsaW4gYW5kIHdha2UgaGltIHVwIQ==,,,,,W0FsZnJpa10KTWFzLCBwb3IgZmF2b3IhCkTDqiBvIGZvcmEgYW50ZXMgcXVlIExva2kgZSBIZWltZGFsbCBkZXNjdWJyYW0gcXVlIGFjb3JkZWkhIERlcHJlc3NhLCBlbmNvbnRyZSBEdmFsaW4gZSBhY29yZGUgZWxlIQ==,,W0FsZnJpa10Kwr9Qb2Ryw61hcyBwb3IgZmF2b3IKwqFwacOpcmRldGUgYW50ZXMgZGUgcXVlIExva2kgeSBIZWltZGFsbCBkZXNjdWJyYW4gcXVlIGhlIGRlc3BlcnRhZG8hIMKhRGF0ZSBwcmlzYSB5IGVuY3VlbnRyYSBhIER2YWxpbiB5IGRlc3Bpw6lydGFsbyE=
iwIwAg,,W0FsZnJpa10KT2gsIGZpbmFsbHkgYWxsIG9mIHVzIGhhdmUgYXdha2VuZWQhIE5vdywgdGhlIHBvd2VyIG9mIHRoZSBnb2RkZXNzIGNhbiBiZSByZXRyaWV2ZWQgZnJvbSB0aGUgZWFydGgsIHdhdGVyIGFuZCB0aGUgd2luZCE=,,,,,W0FsZnJpa10KT2gsIGZpbmFsbWVudGUsIHRvZG9zIG7Ds3MgYWNvcmRhbW9zISBBZ29yYSwgbyBwb2RlciBkYSBkZXVzYSBwb2RlIHNlciByZWN1cGVyYWRvIGRhIHRlcnJhLCBkYSDDoWd1YSBlIGRvIHZlbnRvIQ==,,W0FsZnJpa10KwqFPaCwgcG9yIGZpbiB0b2RvcyBoZW1vcyBkZXNwZXJ0YWRvISDCoUFob3JhLCBlbCBwb2RlciBkZSBsYSBkaW9zYSBwdWVkZSBzZXIgcmVjdXBlcmFkbyBkZSBsYSB0aWVycmEsIGVsIGFndWEgeSBlbCB2aWVudG8h
jAIwAg,,W0FsZnJpa10KSGFoYWhhaGFoYSEKVGhpcyBzaG91bGQgYmUKaW50ZXJlc3Rpbmch,,,,,W0FsZnJpa10KSGFoYWhhaGFoYSEKSXNzbyB2YWkgc2VyCmludGVyZXNzYW50ZSE=,,W0FsZnJpa10KwqFKYWphamFqYWphIQpFc3RvIGRlYmUgc2VyCsKhaW50ZXJlc2FudGUh
jQIwAg,,W0FsZnJpa10KSG1tbS4uLgpJJ3ZlIGdvdCBubyBidXNpbmVzcyB3aXRoIHlvdS4=,,,,,W0FsZnJpa10KTW1tLi4uPwpOw6NvIHRlbmhvIG5hZGEgYSB0cmF0YXIgY29tIHZvY8OqLg==,,W0FsZnJpa10KSG1tbS4uLgpObyB0ZW5nbyBuYWRhIHF1ZSBoYWNlciBjb250aWdvLg==
jgIwAg,,XjMzNTVGRkl0J3MganVzdCBhbgpvcmRpbmFyeSByb2NrLl4wMDAwMDA=,,,,,XjMzNTVGRsOJIGFwZW5hcwp1bWEgcm9jaGEgY29tdW0uXjAwMDAwMA==,,XjMzNTVGRkVzIHPDs2xvIHVuYQpyb2NhIG9yZGluYXJpYS5eMDAwMDAw
jwIwAg,,XjMzNTVGRkl0J3MganVzdCBhbiBvcmRpbmFyeSByb2NrIGF0IHRoZSBmb290IG9mIGEgdHJlZS4gQnV0IG9uIGNsb3NlciBpbnNwZWN0aW9uLCB5b3Ugbm90aWNlIHRoYXQgdGhlIG1vc3Mgb24gdG9wIG9mIHRoZSByb2NrIGxvb2tzIHBlcmZlY3RseSBmbGF0Ll4wMDAwMDA=,,,,,XjMzNTVGRsOJIGFwZW5hcyB1bWEgcm9jaGEgY29tdW0sIHNvYiBhIHNvbWJyYSBkZSB1bWEgw6Fydm9yZS4gTWFzLCBvbGhhbmRvIG1haXMgZGUgcGVydG8sIHZvY8OqIG5vdGEgcXVlIG8gbXVzZ28gbm8gdG9wbyBkYSByb2NoYSBwYXJlY2UgZXN0YXIgcGVyZmVpdGFtZW50ZSBwbGFuby5eMDAwMDAw,,XjMzNTVGRiBFcyB1bmEgcm9jYSBub3JtYWwgeSBjb3JyaWVudGUgYWwgcGllIGRlIHVuIMOhcmJvbC4gUGVybyBhbCBvYnNlcnZhcmxhIG3DoXMgZGUgY2VyY2EsIHRlIGRhcyBjdWVudGEgZGUgcXVlIGVsIG11c2dvIGRlIGxhIHBhcnRlIHN1cGVyaW9yIGRlIGxhIHJvY2EgcGFyZWNlIHBlcmZlY3RhbWVudGUgcGxhbm8uXjAwMDAwMA==
kAIwAg,,U3RlcCBvbiBpdC4=,,,,,UGlzYXIgbmVsZS4=,,UGlzYSBhIGZvbmRvLg==
kQIwAg,,U3dlZXAgdGhlIHN1cmZhY2Uu,,,,,TGltcGFyIGEgc3VwZXJmw61jaWUu,,QmFycmUgbGEgc3VwZXJmaWNpZS4=
kgIwAg,,U2NyYXRjaCB0aGUgc3VyZmFjZS4=,,,,,UmFzcGFyIGEgc3VwZXJmw61jaWUu,,UmFzY2EgbGEgc3VwZXJmaWNpZS4=
kwIwAg,,S2ljayBpdC4=,,,,,Q2h1dMOhLWxhLg==,,UGF0w6lhbGEu
lAIwAg,,XjMzNTVGRllvdSBnaW5nZXJseSBwbGFjZSB5b3VyIGZvb3Qgb24gdG9wIG9mIHRoZSBzdG9uZS4gVGhlIGVudGlyZSByb2NrIHN1ZGRlbmx5IHN3aW5ncyBkb3dud2FyZCBpbnRvIHRoZSBncm91bmQsIGFuZCB5b3UgZmFsbCBkb3duLl4wMDAwMDA=,,,,,XjMzNTVGRlRWb2PDqiBjb2xvY2EgY3VpZGFkb3NhbWVudGUgc2V1IHDDqSBubyB0b3BvIGRhIHBlZHJhLiBEZSByZXBlbnRlLCB0b2RhIGEgcm9jaGEgZGVzY2UgcGFyYSBkZW50cm8gZG8gY2jDo28gZSB2b2PDqiBjYWkuLi5eMDAwMDAw,,XjMzNTVGRkNvbG9jYXMgY2F1dGVsb3NhbWVudGUgZWwgcGllIGVuY2ltYSBkZSBsYSBwaWVkcmEuIERlIHJlcGVudGUsIHRvZGEgbGEgcm9jYSBzZSBiYWxhbmNlYSBoYWNpYSBhYmFqbyB5IGNhZXMgYWwgc3VlbG8uXjAwMDAwMA==
lQIwAg,,XjMzNTVGRkFzIHlvdSBzd2VlcCBhd2F5IHRoZSBtb3NzIHdpdGggeW91ciBoYW5kLCB5b3Ugc2NyYXRjaCB5b3VyIHBhbG0gb24gdGhlIHNoYXJwIGVkZ2VzIG9mIHRoZSByb2NrLl4wMDAwMDA=,,,,,XjMzNTVGRkFvIGxpbXBhciBvIG11c2dvIGNvbSBzdWEgbcOjbywgdm9jw6ogYXJyYW5oYSBhIHBhbG1hIGRlbGEgY29tIGFzIGFyZXN0YXMgYWZpYWRhcyBkYSByb2NoYS5eMDAwMDAw,,XjMzNTVGRkFsIGJhcnJlciBlbCBtdXNnbyBjb24gbGEgbWFubywgc2UgcmFzY2EgbGEgcGFsbWEgY29uIGxvcyBib3JkZXMgYWZpbGFkb3MgZGUgbGEgcm9jYS5eMDAwMDAw
lgIwAg,,W3swfV0KRGFtbiEKSSdtIGJsZWVkaW5nIQpCdXQgd2h5IGRpZG4ndCBhbnl0aGluZyBlbHNlIGhhcHBlbj8h,,,,,W3swfV0KRHJvZ2EuLi4hClTDtCBzYW5ncmFuZG8hCk1hcyBwb3IgcXVlIG7Do28gYWNvbnRlY2V1IG5hZGE/IQ==,,W3swfV0KwqFNYWxkaWNpw7NuIQrCoUVzdG95IHNhbmdyYW5kbyEKwqHCv1Blcm8gcG9yIHF1w6kgbm8gcGFzw7MgbmFkYSBtw6FzPyE=
lwIwAg,,W3swfV0KVGhpcyByb2NrIGhhZApiZXR0ZXIgYmUgb25lIG9mCnRob3NlIHNlY3JldCByb2NrcyEKT3IgZWxzZSE=,,,,,W3swfV0Kw4kgbWVsaG9yIGVzc2Egcm9jaGEKc2VyIHVtYSBkYXF1ZWxhCnJvY2hhcyAnc2VjcmV0YXMnIQpPdSBlbnTDo28uLi4h,,W3swfV0KTcOhcyB2YWxlIHF1ZSBlc3RhIHJvY2EKbWVqb3IgcXVlIHNlYSB1bmEgZGUKwqFlc2FzIHJvY2FzIHNlY3JldGFzIQrCoU8gc2kgbm8h
mAIwAg,,XjMzNTVGRllvdSBzY3JhdGNoIGF3YXkgdGhlIG1vc3MgYW5kIGZlZWwgdGhhdCB0aGUgc3VyZmFjZSBvZiB0aGUgcm9jayBoYXMgYSBmbGF0IHN1cmZhY2Uu,,,,,XjMzNTVGRlZvY8OqIHJhc3BhIG8gbXVzZ28sIGUgc2VudGUgcXVlIGEgc3VwZXJmw61jaWUgZGEgcm9jaGEgdGVtIHJlZW50csOibmNpYXMgaWd1YWlzLg==,,XjMzNTVGRiBSYXNjYXMgZWwgbXVzZ28geSBub3RhcyBxdWUgbGEgc3VwZXJmaWNpZSBkZSBsYSByb2NhIGVzIHBsYW5hLg==
mQIwAg,,XjMzNTVGRkFmdGVyIHBlZWxpbmcgb2ZmIHRoZSBtb3NzLCBhIHNlcmllcyBvZiB0aWxlcyBldGNoZWQgd2l0aCBmYWludCB3b3JkcyBhcmUgcmV2ZWFsZWQgb24gdG9wIG9mIHRoZSByb2NrLl4wMDAwMDA=,,,,,XjMzNTVGRkRlcG9pcyBkZSB0aXJhciBvIG11c2dvLCB1bWEgc8OpcmllIGRlIGxhZHJpbGhvcywgbGV2ZW1lbnRlIGdyYXZhZG9zIGNvbSBwYWxhdnJhcywgc8OjbyByZXZlbGFkb3Mgc29icmUgYSByb2NoYS5eMDAwMDAw,,XjMzNTVGRkRlc3B1w6lzIGRlIGRlc3BlZ2FyIGVsIG11c2dvLCB1bmEgc2VyaWUgZGUgYXp1bGVqb3MgZ3JhYmFkb3MgY29uIHBhbGFicmFzIHRlbnVlcyBzZSByZXZlbGFuIGVuIGxhIHBhcnRlIHN1cGVyaW9yIGRlIGxhIHJvY2EuXjAwMDAwMA==
mgIwAg,,XjMzNTVGRlRoZXNlIHRpbGVzIGNhbiBiZSBtb3ZlZCBhcm91bmQgbGlrZSBhIHB1enpsZS5eMDAwMDAw,,,,,XjMzNTVGRkVzc2VzIGxhZHJpbGhvcyBwb2RlbSBzZXIgbW92aW1lbnRhZG9zLCBjb21vIG51bSBxdWVicmEtY2FiZcOnYS5eMDAwMDAw,,XjMzNTVGRkVzdGFzIGZpY2hhcyBzZSBwdWVkZW4gbW92ZXIgY29tbyB1biByb21wZWNhYmV6YXMuXjAwMDAwMA==
mwIwAg,,W3swfV0KQW5vdGhlciBwdXp6bGU/ClRoaXMgd2FzIGp1c3QgbGlrZSB3aGVuIEkgaGFkIHRvIGdpdmUgQWxmcmlrJ3MgcGFzc3dvcmQuIE9rYXksIGxldCBtZSBzZWUuLi4=,,,,,W3swfV0KT3V0cm8gcXVlYnJhLWNhYmXDp2E/CsOJIGNvbW8gcXVhbmRvIGV1IHRpdmUgZGUgZGFyIGEgc2VuaGEgZGUgQWxmcmlrLiBDZXJ0bywgZGVpeGUgbWUgdmVyLi4u,,W3swfV0Kwr9PdHJvIHJvbXBlY2FiZXphcz8KRXN0byBmdWUgY29tbyBjdWFuZG8gdHV2ZSBxdWUgZGFyIGxhIGNvbnRyYXNlw7FhIGRlIEFsZnJpay4gQmllbiwgZMOpamFtZSB2ZXIuLi4=
nAIwAg,,VG8gdGhlIHRlYXIgZHJvcHMgZHJpcHBpbmcgb24gdGhlIHdheQ==,,,,,w6BzIGzDoWdyaW1hcyBjYWluZG8gbm8gY2FtaW5obw==,,QSBsYXMgZ290YXMgZGUgbMOhZ3JpbWFzIHF1ZSBnb3RlYW4gZW4gZWwgY2FtaW5v
nQIwAg,,SGVyIGxvdmVseSBzY2VudA==,,,,,U2V1IGFkb3LDoXZlbCBhcm9tYQ==,,U3UgZW5jYW50YWRvciBhcm9tYQ==
ngIwAg,,VG8gdGhlIHNlZHVjaW5nIHJlZCBsaXBz,,,,,YW9zIGzDoWJpb3MgdmVybWVsaG9zIGUgc2VkdXRvcmVz,,QSBsb3Mgc2VkdWN0b3JlcyBsYWJpb3Mgcm9qb3M=
nwIwAg,,T3VyIGhlYXJ0cyBpbg==,,,,,bm9zc29zIGNvcmHDp8O1ZXM=,,TnVlc3Ryb3MgY29yYXpvbmVzIGVu
oAIwAg,,W3swfV0KVG8gdGhlIHRlYXIgZHJvcHMgZHJpcHBpbmcgb24gdGhlIHdheQ==,,,,,W3swfV0Kw6BzIGzDoWdyaW1hcyBjYWluZG8gbm8gY2FtaW5obw==,,W3swfV0KQSBsYXMgZ290YXMgZGUgbMOhZ3JpbWFzIHF1ZSBnb3RlYW4gZW4gZWwgY2FtaW5v
oQIwAg,,W3swfV0KSGVyIGxvdmVseSBzY2VudA==,,,,,W3swfV0KU2V1IGFkb3LDoXZlbCBhcm9tYQ==,,W3swfV0KU3UgZW5jYW50YWRvciBhcm9tYQ==
ogIwAg,,W3swfV0KV2UgZ2F2ZQ==,,,,,W3swfV0KZGVtb3M=,,W3swfV0KRGltb3M=
owIwAg,,W3swfV0KVG8gdGhlIHNlZHVjdGl2ZSByZWQgbGlwcw==,,,,,W3swfV0KYW9zIGzDoWJpb3MgdmVybWVsaG9zIGUgc2VkdXRvcmVz,,W3swfV0KQSBsb3Mgc2VkdWN0b3JlcyBsYWJpb3Mgcm9qb3M=
pAIwAg,,W3swfV0KT3VyIGhlYXJ0cyBpbg==,,,,,W3swfV0Kbm9zc29zIGNvcmHDp8O1ZXM=,,W3swfV0KTnVlc3Ryb3MgY29yYXpvbmVzIGVu
pQIwAg,,U3RpbGwgbGluZ2VycyBpbiB0aGUgd2luZC4=,,,,,QWluZGEgcmVzaXN0ZSBubyB2ZW50by4=,,QcO6biBwZXJkdXJhIGVuIGVsIHZpZW50by4=
pgIwAg,,VG8gdGhlIHNjZW50IGRyaWZ0ZWQgaW4gdGhlIHdpbmQ=,,,,,QW8gYXJvbWEgc29sdG8gYW8gdmVudG8=,,QWwgYXJvbWEgcXVlIGZsb3RhIGVuIGVsIHZpZW50bw==
pwIwAg,,U3RpbGwgbGluZ2VycyBpbiB0aGUgd2luZC4=,,,,,QWluZGEgcmVzaXN0ZSBubyB2ZW50by4=,,QcO6biBwZXJkdXJhIGVuIGVsIHZpZW50by4=
qAIwAg,,VG8gdGhlIHNjZW50IHRoYXQgZHJpZnRlZCBpbiB0aGUgd2luZA==,,,,,QW8gYXJvbWEgc29sdG8gYW8gdmVudG8=,,QWwgYXJvbWEgcXVlIGZsb3RhYmEgZW4gZWwgdmllbnRv
qQIwAg,,V2UgZ2F2ZQ==,,,,,RGVtb3M=,,RGltb3M=
qgIwAg,,VG8gdGhlIHNlZHVjdGl2ZSByZWQgbGlwcw==,,,,,QW9zIGzDoWJpb3MgdmVybWVsaG9zIGUgc2VkdXRvcmVz,,QSBsb3Mgc2VkdWN0b3JlcyBsYWJpb3Mgcm9qb3M=
qwIwAg,,T3VyIGhlYXJ0cyBpbg==,,,,,Tm9zc29zIGNvcmHDp8O1ZXM=,,TnVlc3Ryb3MgY29yYXpvbmVzIGVu
rAIwAg,,V2Ugc3VycmVuZGVyZWQgb3VyIGhlYXJ0cw==,,,,,UmVuZGVtb3Mgbm9zc29zIGNvcmHDp8O1ZXM=,,RW50cmVnYW1vcyBudWVzdHJvcyBjb3Jhem9uZXM=
rQIwAg,,VG8gdGhlIHRlYXIgZHJvcHMgZHJpcHBpbmcgb24gdGhlIHdheQ==,,,,,w4BzIGzDoWdyaW1hcyBjYWluZG8gbm8gY2FtaW5obw==,,QSBsYXMgZ290YXMgZGUgbMOhZ3JpbWFzIHF1ZSBnb3RlYW4gZW4gZWwgY2FtaW5v
rgIwAg,,V2Ugc3VycmVuZGVyZWQgb3VyIGhlYXJ0cw==,,,,,UmVuZGVtb3Mgbm9zc29zIGNvcmHDp8O1ZXM=,,RW50cmVnYW1vcyBudWVzdHJvcyBjb3Jhem9uZXM=
rwIwAg,,VG8gdGhvc2UgdGVuZGVyIHRlYXJkcm9wcw==,,,,,w4BxdWVsYXMgdGVybmFzIGzDoWdyaW1hcw==,,QSBlc2FzIHRpZXJuYXMgbMOhZ3JpbWFz
sAIwAg,,VG8gdGhvc2UgdGVuZGVyIHRlYXJkcm9wcw==,,,,,w4BxdWVsYXMgdGVybmFzIGzDoWdyaW1hcw==,,QSBlc2FzIHRpZXJuYXMgbMOhZ3JpbWFz
sQIwAg,,VGhvc2Ugc2VkdWN0aXZlIHJlZCBsaXBz,,,,,w4BxdWVsZXMgbMOhYmlvcyB2ZXJtZWxob3MgZSBzZWR1dG9yZXM=,,RXNvcyBzZWR1Y3RvcmVzIGxhYmlvcyByb2pvcw==
sgIwAg,,VGhvc2Ugc2VkdWN0aXZlIHJlZCBsaXBz,,,,,w4BxdWVsZXMgbMOhYmlvcyB2ZXJtZWxob3MgZSBzZWR1dG9yZXM=,,RXNvcyBzZWR1Y3RvcmVzIGxhYmlvcyByb2pvcw==
swIwAg,,W0R2YWxpbl0KSHVoPwpBbGZyaWs/CklzIHRoYXQgeW91Pw==,,,,,W0R2YWxpbl0KLi4uPwpBbGZyaWs/CsOJIHZvY8OqPw==,,W0R2YWxpbl0Kwr9FaD8Kwr9BbGZyaWs/CsK/RXJlcyB0w7o/
tAIwAg,,W3swfV0KXjMzMzMzM0NvdWdoIGNvdWdoIQpBYWFhY2shCkl0J3Mgc28gZHVzdHkh,,,,,W3swfV0KXjMzMzMzMypjb2YgY29mISoKQWFhZ2ghClF1YW50YSBwb2VpcmEh,,W3swfV0KXjMzMzMzM8KhVG9zZSwgdG9zZSEKwqFBYWFhY2shCsKhRXN0w6EgdGFuIHBvbHZvcmllbnRvIQ==
tQIwAg,,XjMzNTVGRkp1c3QgYSBub3JtYWwKcm9jaywgY292ZXJlZCBpbiBtb3NzLl4wMDAwMDA=,,,,,XjMzNTVGRkFwZW5hcyB1bWEgcm9jaGEKY29tdW0sIGNvYmVydGEgZGUgbXVzZ28uXjAwMDAwMA==,,XjMzNTVGRlPDs2xvIHVuYSByb2NhCmN1YmllcnRhIGRlIG11c2dvLl4wMDAwMDA=
tgIwAg,,RHZhbGlu,,,,,RHZhbGlu,,RHZhbGlu
twIwAg,,W0R2YWxpbl0KQSBodW1hbj8KWW91IHdva2UgbWUgdXA/,,,,,W0R2YWxpbl0KVW0gaHVtYW5vPwpWb2PDqiBtZSBhY29yZG91Pw==,,W0R2YWxpbl0Kwr9VbiBodW1hbm8/CsK/TWUgaGFzIGRlc3BlcnRhZG8/
uAIwAg,,W0R2YWxpbl0KSG1tLi4uCllvdSdkIGJlIGFjdGluZyBwcmV0dHkgcHVzaHkgcmlnaHQgYWJvdXQgbm93IGlmIHlvdSB3ZXJlIGFjdGluZyBvbiBiZWhhbGYgb2YgYSBnb2QuIFdoYXQgZG8geW91IHdhbnQ/,,,,,W0R2YWxpbl0KSG1tLi4uCkUgdm9jw6ogZXN0YXJpYSBiZW0gY29udmVuY2lkbyBhZ29yYSBzZSBlc3RpdmVzc2UgYWdpbmRvIGVtIG5vbWUgZGUgdW0gZGV1cy4gTyBxdWUgdm9jw6ogcXVlci4uLj8=,,W0R2YWxpbl0KSG1tLi4uCkVzdGFyw61hcyBhY3R1YW5kbyBiYXN0YW50ZSBwcmVwb3RlbnRlIGFob3JhIG1pc21vIHNpIGVzdHV2aWVyYXMgYWN0dWFuZG8gZW4gbm9tYnJlIGRlIHVuIGRpb3MuIMK/UXXDqSBlcyBsbyBxdWUgcXVpZXJlcz8=
uQIwAg,,W0R2YWxpbl0KSXQgbWFrZXMgc2Vuc2UgdGhhdCB5b3UnZCB3YW50IGEgcmVwbGljYSBvZiBCcmlzaW5nYW1lbiBmb3IgaXRzIHBvd2VyLiBSZW1lbWJlciwgd2Ugb3JpZ2luYWxseSBtYWRlIEJyaXNpbmdhbWVuIGFzIGEgbmVja2xhY2UgZml0IGZvciBhIGdvZGRlc3Mu,,,,,W0R2YWxpbl0KRmF6IHNlbnRpZG8gcXVlIHZvY8OqIHF1ZWlyYSB1bWEgcsOpcGxpY2EgZG8gQnJpc2luZ2FtZW4sIGRhZG8gbyBzZXUgcG9kZXIuIE1hcyBsZW1icmUtc2UsIGZpemVtb3MgbyBCcmlzaW5nYW1lbiBwcmltZWlyYW1lbnRlIGNvbW8gdW0gY29sYXIgZmVpdG8gcGFyYSB1bWEgZGV1c2Eu,,W0R2YWxpbl0KVGllbmUgc2VudGlkbyBxdWUgcXVpZXJhcyB1bmEgcsOpcGxpY2EgZGUgQnJpc2luZ2FtZW4gcG9yIHN1IHBvZGVyLiBSZWN1ZXJkYSwgb3JpZ2luYWxtZW50ZSBoaWNpbW9zIEJyaXNpbmdhbWVuIGNvbW8gdW4gY29sbGFyIGRpZ25vIGRlIHVuYSBkaW9zYS4=
ugIwAg,,W0R2YWxpbl0KU29tZSBtaWdodCBzYXkgdGhhdCB3ZSBzZWR1Y2VkIEZyZXlhIHdpdGggdGhlIG5lY2tsYWNlLCBidXQgd2UgcmVhbGx5IGxvdmVkIGhlciB3aXRoIGFsbCBvdXIgaGVhcnRzLg==,,,,,W0R2YWxpbl0KUG9kZW0gZGl6ZXIgcXVlIHNlZHV6aW1vcyBGcmV5YSBjb20gbyBjb2xhciwgbWFzIGEgdmVyZGFkZSDDqSBxdWUgYSBhbcOhdmFtb3MgZGUgdG9kbyBjb3Jhw6fDo28u,,W0R2YWxpbl0KQWxndW5vcyBkaXLDoW4gcXVlIHNlZHVqaW1vcyBhIEZyZXlhIGNvbiBlbCBjb2xsYXIsIHBlcm8gZW4gcmVhbGlkYWQgbGEgYW3DoWJhbW9zIGNvbiB0b2RvIG51ZXN0cm8gY29yYXrDs24u
uwIwAg,,W0R2YWxpbl0KR2FoISBZb3UncmUgbm90IEFsZnJpayEKV2hvIGFyZSB5b3UgdG8gd2FrZSBEdmFsaW4/ClRlbGwgbWUgcmlnaHQgbm93LCBvciBJJ20gZ29ubmEga2ljayB5b3VyIGFzcyE=,,,,,W0R2YWxpbl0KUXXDqiwgbsOjbyDDqSBvIEFsZnJpaz8KUXVlbSDDqSB2b2PDqiBwYXJhIGFjb3JkYXIgRHZhbGluPwpNZSBjb250ZSBhZ29yYSBvdSBsaGUgZG91IHVtYSBzdXJyYSE=,,W0R2YWxpbl0KwqFHYWghIMKhVMO6IG5vIGVyZXMgQWxmcmlrIQrCv1F1acOpbiBlcmVzIHBhcmEgZGVzcGVydGFyIGEgRHZhbGluPwrCoUTDrW1lbG8gYWhvcmEgbWlzbW8sIG8gdGUgcGF0ZWFyw6kgZWwgY3VsbyE=
vAIwAg,,SGVscCE=,,,,,U29jb3JybyE=,,wqFBeXVkYSE=
vQIwAg,,QWxmcmlrIHNlbnQgbWUgdG8gd2FrZSB5b3UgdXAh,,,,,QWxmcmlrIG1lIG1hbmRvdSBwYXJhIHRlIGFjb3JkYXIh,,wqFBbGZyaWsgbWUgZW52acOzIGEgZGVzcGVydGFydGUh
vgIwAg,,W0R2YWxpbl0KSSBkb24ndCBrbm93IHdoYXQgdGhlIGhlbGwgeW91J3JlIGRvaW5nIGhlcmUsCmJ1dCBsZWF2ZSE=,,,,,W0R2YWxpbl0KTsOjbyBzZWkgcXVlIGRpYWJvcyB2b2PDqiBlc3TDoSBmYXplbmRvIGFxdWksCm1hcyBzYWlhIQ==,,W0R2YWxpbl0KTm8gc8OpIHF1w6kgZGVtb25pb3MgZXN0w6FzIGhhY2llbmRvIGFxdcOtLArCoXBlcm8gdmV0ZSE=
vwIwAg,,W0R2YWxpbl0KRGlkIHlvdSBqdXN0IHNheSBBbGZyaWsgc2VudCB5b3U/IEhvdyBkbyB5b3Uga25vdyBteSBicm90aGVyPyE=,,,,,W0R2YWxpbl0KVm9jw6ogZGlzc2UgcXVlIEFsZnJpayBtYW5kb3Ugdm9jw6o/IENvbW8gdm9jw6ogY29uaGVjZSBtZXUgaXJtw6NvPyE=,,W0R2YWxpbl0Kwr9BY2FiYXMgZGUgZGVjaXIgcXVlIEFsZnJpayB0ZSBlbnZpw7M/IMKhwr9Dw7NtbyBjb25vY2VzIGEgbWkgaGVybWFubz8h
wAIwAg,,W0R2YWxpbl0KQnJpc2luZ2FtZW4/IQpUaGF0IG1lYW5zIHdlIGNvdWxkIG1lZXQgRnJleWEgYWdhaW4/IQ==,,,,,W0R2YWxpbl0KQnJpc2luZ2FtZW4/IQpFbnTDo28sIHF1ZXIgZGl6ZXIgcXVlIHBvZGVtb3Mgdm9sdGFyIGEgdmVyIEZyZXlhPyE=,,W0R2YWxpbl0KwqHCv0JyaXNpbmdhbWVuPyEKwqHCv0VzbyBzaWduaWZpY2EgcXVlIHBvZHLDrWFtb3MgZW5jb250cmFybm9zIGNvbiBGcmV5YSBkZSBudWV2bz8h
wQIwAg,,W3swfV0KVW1tLi4uCkknbSBhZnJhaWQgbm90LgpBdCBsZWFzdCwgdGhhdCdzCm5vdCB3aHkgSSdtIGhlcmUu,,,,,W3swfV0KVW1tLi4uClRlbW8gcXVlIG7Do28uCk91LCBwZWxvIG1lbm9zLApuw6NvIMOpIHBvciBpc3NvIHF1ZSBlc3RvdSBhcXVpLg==,,W3swfV0KVW1tLi4uCk1lIHRlbW8gcXVlIG5vLgpBbCBtZW5vcywgZXNvCm5vIGVzIHBvciBsbyBxdWUgZXN0b3kgYXF1w60u
wgIwAg,,W0R2YWxpbl0KT2theS4gSSB1bmRlcnN0YW5kLiBJIHdhcyBqdXN0IGhvcGluZyB5b3Ugd2VyZSBhIGhlcmFsZCBvZiBGcmV5YS4=,,,,,W0R2YWxpbl0KVHVkbyBiZW0uIEVudGVuZG8uIERlc2N1bHBlLCBlc3BlcmF2YSBxdWUgdm9jw6ogZm9zc2UgdW0gYXJhdXRvIGRlIEZyZXlhLg==,,W0R2YWxpbl0KQmllbi4gRW50aWVuZG8uIFNvbG8gZXNwZXJhYmEgcXVlIGZ1ZXJhcyB1biBoZXJhbGRvIGRlIEZyZXlhLg==
wwIwAg,,W0R2YWxpbl0KQW4gaW1pdGF0aW9uIG9mIEJyaXNpbmdhbWVuPyBFdmVuIGlmIGl0J3Mgbm90IHRoZSBvcmlnaW5hbCwgSSdtIHN1cmUgaXQgY291bGQgcG9zc2VzcyBwb3dlciBjb21wYXJhYmxlIHRvIHRoZSBvcmlnaW5hbC4=,,,,,W0R2YWxpbl0KVW1hIGltaXRhw6fDo28gZG8gQnJpc2luZ2FtZW4sIGVudMOjby4gTWVzbW8gcXVlIG7Do28gc2VqYSBvIG9yaWdpbmFsLCB0ZW5obyBjZXJ0ZXphIHF1ZSBwb2RlIHBvc3N1aXIgdW0gcG9kZXIgY29tcGFyw6F2ZWwuIFNpbS4uLg==,,W0R2YWxpbl0Kwr9VbmEgaW1pdGFjacOzbiBkZSBCcmlzaW5nYW1lbj8gQXVucXVlIG5vIHNlYSBlbCBvcmlnaW5hbCwgZXN0b3kgc2VndXJvIGRlIHF1ZSBwb2Ryw61hIHBvc2VlciB1biBwb2RlciBjb21wYXJhYmxlIGFsIG9yaWdpbmFsLg==
xAIwAg,,W0R2YWxpbl0KSXQncyBubyB1c2UgdHJ5aW5nIHRvIHByZWRpY3QgdGhlIGZ1dHVyZS4gSSBjYW4ndCBoZWxwIGJ1dCB3b25kZXIgd2hhdCBtYW5raW5kIHdvdWxkIGRvIHdpdGggdGhlIHBvd2VyIG9mIHRoZSBnb2RzPw==,,,,,W0R2YWxpbl0KTsOjbyBhZGlhbnRhIHRlbnRhciBwcmV2ZXIgbyBmdXR1cm8sIG1hcyBldSBmaWNvIGltYWdpbmFuZG8gbyBxdWUgc2Vyw6EgcXVlIGEgaHVtYW5pZGFkZSBmYXLDoSBjb20gbyBwb2RlciBkb3MgZGV1c2VzPw==,,W0R2YWxpbl0KRXMgaW7DunRpbCBpbnRlbnRhciBwcmVkZWNpciBlbCBmdXR1cm8uIE5vIHB1ZWRvIGV2aXRhciBwcmVndW50YXJtZSBxdcOpIGhhcsOtYSBsYSBodW1hbmlkYWQgY29uIGVsIHBvZGVyIGRlIGxvcyBkaW9zZXMu
xQIwAg,,W0R2YWxpbl0KSWYgbXkgYnJvdGhlciBBbGZyaWsgYWxyZWFkeSBhcHByb3ZlZCBvZiB5b3UsIHRoZW4gSSdsbCBoZWxwIHlvdSBvdXQuIEknbGwgdGVsbCB5b3UgaG93IHRvIHdha2UgbXkgYnJvdGhlciBCZXJsaW5nLg==,,,,,W0R2YWxpbl0KU2UgbWV1IGlybcOjbyBBbGZyaWsgasOhIG8gYXByb3ZvdSwgZW50w6NvIGlyZWkgYWp1ZMOhLWxvLiBWb3UgbGhlIGRpemVyIGNvbW8gYWNvcmRhciBvIG1ldSBpcm3Do28gQmVybGluZy4=,,W0R2YWxpbl0KU2kgbWkgaGVybWFubyBBbGZyaWsgeWEgdGUgYXByb2LDsywgZW50b25jZXMgdGUgYXl1ZGFyw6kuIFRlIGRpcsOpIGPDs21vIGRlc3BlcnRhciBhIG1pIGhlcm1hbm8gQmVybGluZy4=
xgIwAg,,W0R2YWxpbl0KV2UgaGlkIG91cnNlbHZlcyBuZWFyIHRyYWNlcyBvZiBGcmV5YS4gVGhlIHBhdGggd2hlcmUgSSBhbSBzdGF5aW5nIGlzIG9uZSB0aGF0IG15IGdvZGRlc3MgaGFzIGZvbGxvd2VkLg==,,,,,W0R2YWxpbl0KTm9zIGVzY29uZGVtb3MgcGVydG8gZG9zIHRyYcOnb3MgZGUgRnJleWEuIEVzc2UgY2FtaW5obyBvbmRlIGVzdG91IMOpIHVtIHBlbG8gcXVhbCBhIGRldXNhIGFuZGF2YS4=,,W0R2YWxpbl0KTm9zIGVzY29uZGltb3MgY2VyY2EgZGUgbG9zIHJhc3Ryb3MgZGUgRnJleWEuIEVsIGNhbWlubyBkb25kZSBlc3RveSBlcyB1bm8gcXVlIG1pIGRpb3NhIGhhIHNlZ3VpZG8u
xwIwAg,,W0R2YWxpbl0KVGhlIGFpciB0aGF0IGRyaWZ0cyBoZXJlIGhvbGRzIGhlciBmcmFncmFudCBzY2VudC4gWW91IGNhbiB1c2UgdGhpcyB3aW5kIHRvIGJvcnJvdyBoZXIgcG93ZXIu,,,,,W0R2YWxpbl0KTyBhciBxdWUgcGFzc2EgcXVpZXRhbWVudGUgcG9yIGFxdWkgZ3VhcmRhIHNldSBtYXJhdmlsaG9zbyBhcm9tYS4gVm9jw6ogcG9kZSB1c2FyIGVzc2UgdmVuZG8gcGFyYSBkZXRlciBvIHNldSBwb2Rlci4=,,W0R2YWxpbl0KRWwgYWlyZSBxdWUgZmxvdGEgYXF1w60gY29udGllbmUgc3UgZnJhZ2FudGUgYXJvbWEuIFB1ZWRlcyB1c2FyIGVzdGUgdmllbnRvIHBhcmEgdG9tYXIgcHJlc3RhZG8gc3UgcG9kZXIu
yAIwAg,,W0R2YWxpbl0KQXNpZGUgZnJvbSBGcmV5YSwgSSBoYXZlIG5vIHNwZWNpYWwgbG92ZSBmb3IgdGhlIGdvZHMgb3IgZ2lhbnRzLiBCdXQgSSBhbSBpbnRyaWd1ZWQgYnkgeW91IGh1bWFucy4gWW91ciByYWNlIGlzIG9uZSBvZiBib3RoIGxvdmUgYW5kIGhhdHJlZCwgbGlmZSBhbmQgZGVzdHJ1Y3Rpb24u,,,,,W0R2YWxpbl0KRXhjZXRvIHBvciBGcmV5YSwgbsOjbyB0ZW5obyBuZW5odW0gYW1vciBlbSBlc3BlY2lhbCBwZWxvcyBkZXVzZXMgb3UgZ2lnYW50ZXMuIE1hcyBmaWNvIGludHJpZ2FkbyBjb20gdm9jw6pzLCBodW1hbm9zLiBTdWEgcmHDp2Egw6kgdGFudG8gZGUgYW1vciBxdWFudG8gZGUgw7NkaW8sIGRlIHZpZGEgZSBkZXN0cnVpw6fDo28u,,W0R2YWxpbl0KQXBhcnRlIGRlIEZyZXlhLCBubyBzaWVudG8gbmluZ8O6biBhbW9yIGVzcGVjaWFsIHBvciBsb3MgZGlvc2VzIG8gbG9zIGdpZ2FudGVzLiBQZXJvIGVzdG95IGludHJpZ2FkbyBwb3IgdXN0ZWRlcyBsb3MgaHVtYW5vcy4gU3UgcmF6YSBlcyB1bmEgZGUgYW1vciB5IG9kaW8sIHZpZGEgeSBkZXN0cnVjY2nDs24u
yQIwAg,,W0R2YWxpbl0KR28gbm93IGFuZCBzZWVrIEJlcmxpbmcuIEhlIGlzIHNsZWVwaW5nIG5lYXIgYSByaXZlciB0aGF0IGZsb3dzIGJ5IE1vdW50IE1qb2xuaXIuIFRyYXZlbCB3ZXN0IHRvIGZpbmQgdGhlIHJpdmVyIHdoZXJlIEZyZXlhJ3MgVGVhcmRyb3BzIGZlbGwu,,,,,W0R2YWxpbl0KQWdvcmEgdsOhIHByb2N1cmFyIEJlcmxpbmcuIEVsZSBlc3TDoSBkb3JtaW5kbyBwZXJ0byBkZSB1bSByaW8gcXVlIGxldmEgYW8gTW9udGUgTWpvbG5pci4gVmlhamUgYSBvZXN0ZSBwYXJhIGVuY29udHJhciBvIHJpbyBvbmRlIGFzIEzDoWdyaW1hcyBkZSBGcmV5YSBjYcOtcmFtLg==,,W0R2YWxpbl0KVmUgYWhvcmEgeSBidXNjYSBhIEJlcmxpbmcuIEVzdMOhIGR1cm1pZW5kbyBjZXJjYSBkZSB1biByw61vIHF1ZSBmbHV5ZSBqdW50byBhbCBNb250ZSBNam9sbmlyLiBWaWFqYSBoYWNpYSBlbCBvZXN0ZSBwYXJhIGVuY29udHJhciBlbCByw61vIGRvbmRlIGNheWVyb24gbGFzIEzDoWdyaW1hcyBkZSBGcmV5YS4=
ygIwAg,,W0R2YWxpbl0KSWYgdGhlIHBoYW50b20gb2Ygd2F0ZXIgZ2l2ZXMgeW91IGEgcXVlc3Rpb24sIGFuc3dlciBpdC4gVGhlIGFuc3dlciBpcyB0aGUgcHVuaXNobWVudCB0aGF0IE9kaW4gZ2F2ZSBvdXIgZ29kZGVzcy4=,,,,,W0R2YWxpbl0KU2UgbyBmYW50YXNtYSBkYSDDoWd1YSBsaGUgZml6ZXIgdW1hIHBlcmd1bnRhLCByZXNwb25kYS1hLiBBIHJlc3Bvc3RhIMOpIGEgcHVuacOnw6NvIHF1ZSBPZGluIGRldSDDoCBub3NzYSBkZXVzYS4=,,W0R2YWxpbl0KU2kgZWwgZmFudGFzbWEgZGVsIGFndWEgdGUgaGFjZSB1bmEgcHJlZ3VudGEsIHJlc3DDs25kZWxhLiBMYSByZXNwdWVzdGEgZXMgZWwgY2FzdGlnbyBxdWUgT2RpbiBsZSBkaW8gYSBudWVzdHJhIGRpb3NhLg==
ywIwAg,,W0R2YWxpbl0KVW50aWwgdGhvdXNhbmRzIG9mIFZhbGt5cmllcyBmaWxsZWQgdXAgVmFsaGFsYSwgdGhleSBoYWQgdG8gcmVwZWF0ZWRseSBsaXZlLCBkaWUsIHRoZW4gYmUgcmVib3JuIHRoZSBuZXh0IGRheSBvbmx5IHRvIGRpZSBhZ2Fpbi4=,,,,,W0R2YWxpbl0KQXTDqSBxdWUgbWlsaGFyZXMgZGUgVmFscXXDrXJpYXMgZW5jaGVzc2VtIG8gVmFsaGFsbGEsIGVsYXMgdGluaGFtIHNlbXByZSBkZSB2aXZlciwgbW9ycmVyIGUsIGVudMOjbywgcmVuYXNjZXIgbm8gZGlhIHNlZ3VpbnRlLCBzb21lbnRlIHBhcmEgbW9ycmVyIGRlIG5vdm8u,,W0R2YWxpbl0KSGFzdGEgcXVlIG1pbGVzIGRlIHZhbHF1aXJpYXMgbGxlbmFyb24gVmFsaGFsYSwgdHV2aWVyb24gcXVlIHZpdmlyIHJlcGV0aWRhbWVudGUsIG1vcmlyIHkgcmVuYWNlciBhbCBkw61hIHNpZ3VpZW50ZSBzw7NsbyBwYXJhIG1vcmlyIGRlIG51ZXZvLg==
zAIwAg,,W0R2YWxpbl0KVGhpbmsgYWJvdXQgd2hvIHRoZXkgd2VyZS4gVGhhdCdzIGFsbCBJIGNhbiB0ZWxsIHlvdS4=,,,,,W0R2YWxpbl0KUGVuc2UgZW0gcXVlbSBlbGFzIGVyYW0uIMOJIHR1ZG8gcXVlIHBvc3NvIGxoZSBkaXplci4=,,W0R2YWxpbl0KUGllbnNhIGVuIHF1acOpbmVzIGVyYW4uIEVzIHRvZG8gbG8gcXVlIHB1ZWRvIGRlY2lydGUu
zQIwAg,,W0R2YWxpbl0KU29tZWhvdyBJIGtub3cKeW91IGFyZSB0aGUgb25lIHdobwpjYW4gYW5zd2VyIHRoZSBxdWVzdGlvbi4KSGFoYWhhaGEh,,,,,W0R2YWxpbl0KRGUgYWxndW1hIGZvcm1hLCBzZWkKcXVlIHZvY8OqIMOpIG8gw7puaWNvIHF1ZQpwb2RlIHJlc3BvbmRlciDDoCBwZXJndW50YS4KSGFoYWhhaGEh,,W0R2YWxpbl0KRGUgYWxndW5hIG1hbmVyYSBzw6kKcXVlIGVyZXMgdMO6IHF1aWVuCnB1ZWRlIHJlc3BvbmRlciBhIGxhIHByZWd1bnRhLgrCoUphamFqYWphIQ==
zgIwAg,,W0R2YWxpbl0KV2h5IGRvIHlvdSBrZWVwIGNhbGxpbmcgbWU/IEkgZGlkIGV2ZXJ5dGhpbmcgSSBjYW4gZG8gZm9yIHlvdS4gSSBldmVuIGdhdmUgeW91IHRoZSBrZXkgdG8gdGhlIHF1ZXN0aW9uLg==,,,,,W0R2YWxpbl0KUG9yIHF1ZSBjb250aW51YSBhIG1lIGNoYW1hcj8gRXUgZml6IHR1ZG8gcXVlIHBvZGlhIGZhemVyIHBvciB2b2PDqi4gRXUgYXTDqSBsaGUgZGVpIGEgcmVzcG9zdGEgZGEgcGVyZ3VudGEu,,W0R2YWxpbl0Kwr9Qb3IgcXXDqSBzaWd1ZXMgbGxhbcOhbmRvbWU/IEhpY2UgdG9kbyBsbyBxdWUgcHVkZSBwb3IgdGkuIEluY2x1c28gdGUgZGkgbGEgbGxhdmUgZGUgbGEgcHJlZ3VudGEu
zwIwAg,,W0R2YWxpbl0KRnJvbSBub3cgb24sCml0J3MgYWxsIHVwIHRvIHlvdS4KTm93IGdvIHdha2UgQmVybGluZyE=,,,,,W0R2YWxpbl0KRGUgYWdvcmEgZW0gZGlhbnRlLArDqSBjb20gdm9jw6ouCkFnb3JhLCB2w6EgYWNvcmRhciBCZXJsaW5nLi4u,,W0R2YWxpbl0KQSBwYXJ0aXIgZGUgYWhvcmEsCnRvZG8gZGVwZW5kZSBkZSB0aS4KwqFBaG9yYSB2ZSBhIGRlc3BlcnRhciBhIEJlcmxpbmch
0AIwAg,,XjMzNTVGRlRoZSBzaWdodCBvZiB0aGlzIGJ1YmJsaW5nIHN0cmVhbSByZWZyZXNoZXMgeW91IGp1c3QgYnkgbG9va2luZyBhdCBpdC5eMDAwMDAw,,,,,XjMzNTVGRkEgdmlzw6NvIGRlc3RlIHJpYWNobyBib3JidWxoYW50ZSB0ZSByZWZyZXNjYSBzw7MgZGUgb2xoYXIuXjAwMDAwMA==,,XjMzNTVGRkxhIHZpc3RhIGRlIGVzdGUgYnVyYnVqZWFudGUgYXJyb3lvIHRlIHJlZnJlc2NhIGNvbiBzw7NsbyBtaXJhcmxvLl4wMDAwMDA=
0QIwAg,,W0VjaG9pbmcgVm9pY2VdCkFsZnJpazogY29uZmlybWVkLgpEdmFsaW46IGNvbmZpcm1lZC4=,,,,,W1ZveiBFY29hbnRlXQpBbGZyaWs6IGNvbmZpcm1hZG8uCkR2YWxpbjogY29uZmlybWFkby4=,,W1ZveiBkZSBlY29dCkFsZnJpazogY29uZmlybWFkby4KRHZhbGluOiBjb25maXJtYWRvLg==
0gIwAg,,W0VjaG9pbmcgVm9pY2VdClBsZWFzZSBhbnN3ZXIgbWUuCk9kaW4gcHVuaXNoZWQgYmVhdXRpZnVsIEZyZXlhIGFuZCBtYWRlIGhlciBjdXJzZSBodW1hbnMgd2l0aCBoZXIgcG93ZXJzLg==,,,,,W1ZveiBFY29hbnRlXQpQb3IgZmF2b3IsIG1lIHJlc3BvbmRhLgpPZGluIHB1bml1IGEgYmVsYSBGcmV5YSBlIGEgZmV6IGFtYWxkacOnb2FyIG9zIGh1bWFub3MgY29tIHNldXMgcG9kZXJlcy4=,,W1ZveiBkZSBlY29dClBvciBmYXZvciwgcmVzcMOzbmRlbWUuCk9kw61uIGNhc3RpZ8OzIGEgbGEgYmVsbGEgRnJleWEgeSBsYSBoaXpvIG1hbGRlY2lyIGEgbG9zIGh1bWFub3MgY29uIHN1cyBwb2RlcmVzLg==
0wIwAg,,W0VjaG9pbmcgVm9pY2VdCkZyZXlhIGN1cnNlZCBtYW55IGh1bWFuIGJlaW5ncyB0byByZXBlYXRlZGx5IGRpZSBhbmQgYmUgcmVib3JuIGluIGFuIGV0ZXJuYWwgYmF0dGxlLgpIb3cgbWFueSBhcmUgdGhleT8=,,,,,W1ZveiBFY29hbnRlXQpGcmV5YSBjb25kZW5vdSBtdWl0b3Mgc2VyZXMgaHVtYW5vcyBhIG1vcnJlciBlIHJlbmFzY2VyIHJlcGV0aWRhbWVudGUsIG51bWEgYmF0YWxoYSBldGVybmEuClF1YW50b3Mgc8OjbyBlbGVzPw==,,W1ZveiBkZSBlY29dCkZyZXlhIG1hbGRpam8gYSBtdWNob3Mgc2VyZXMgaHVtYW5vcyBhIG1vcmlyIHJlcGV0aWRhbWVudGUgeSByZW5hY2VyIGVuIHVuYSBiYXRhbGxhIGV0ZXJuYS4Kwr9DdcOhbnRvcyBzb24/
1AIwAg,,MjAh,,,,,MjAh,,MjAh
1QIwAg,,SG93IHNob3VsZCBJIGtub3c/IQ==,,,,,Q29tbyBldSB2b3Ugc2FiZXI/IQ==,,wr9Dw7NtbyB2b3kgYSBzYWJlcmxvPw==
1gIwAg,,NDAh,,,,,NDAh,,NDAh
1wIwAg,,NDIh,,,,,NDIh,,NDIh
2AIwAg,,W0VjaG9pbmcgVm9pY2VdCkZhaWxlZCEKRmFpbGVkISEh,,,,,W1ZveiBFY29hbnRlXQpGYWxob3UuCkZhbGhvdS4uLg==,,W1ZveiBkZSBlY29dCsKhRmFsbMOzIQrCocKhwqFGYWxsaWRvISEh
2QIwAg,,W0VjaG9pbmcgVm9pY2VdCkNvbmZpcm1lZCEKU2h1dHRpbmcgZG93biBiYXJyaWVyLiBJbml0aWF0aW5nIHN1bW1vbmluZy4=,,,,,W1ZveiBFY29hbnRlXQouLi5Db25maXJtYWRvLgpEZXNhdGl2YW5kbyBiYXJyZWlyYS4gSW5pY2lhbmRvIGV2b2Nhw6fDo28u,,W1ZveiBkZSBlY29dCsKhQ29uZmlybWFkbyEKQ2VycmFuZG8gYmFycmVyYS4gSW5pY2lhbmRvIGludm9jYWNpw7NuLg==
2gIwAg,,W0JlcmxpbmddCl4zMzMzMzNHYXNwfn4hXjAwMDAwMApUaG91Z2h0IEkgd2FzCmdvbm5hIGRyb3duIHRvIGRlYXRoIQpXaG8gd29rZSBtZSB1cD8=,,,,,W0JlcmxpbmddCl4zMzMzMzMqQWFnaC0tISpeMDAwMDAwClBlbnNlaSBxdWUgaWEKbWUgYWZvZ2FyIQpRdWVtIG1lIGFjb3Jkb3U/,,W0JlcmxpbmddCnvCoUdhc3AhClBlbnPDqSBxdWUgaWJhCsKhYSBtb3JpciBhaG9nYWRvIQrCv1F1acOpbiBtZSBkZXNwZXJ0w7M/
2wIwAg,,QmVybGluZw==,,,,,QmVybGluZw==,,QmVybGluZw==
3AIwAg,,W0JlcmxpbmddCllvdSdyZSB0aGUgb25lIHRoYXQncyBhd2FrZW5lZCB1cz8gTXdhaGFoYWhhISBQZXJoYXBzIHRoYXQncyBhIHNpZ24gd2UgbWF5IHNlZSBGcmV5YSBhZ2FpbiE=,,,,,W0JlcmxpbmddCkZvaSB2b2PDqiBxdWVtIG5vcyBhY29yZG91PyBIYWhhaGEsIHRhbHZleiBzZWphIHVtIHNpbmFsIHBhcmEgcXVlIHBvc3NhbW9zIHZlciBGcmV5YSBkZSBub3ZvISBIYWhhaGFoYSE=,,W0JlcmxpbmddCsK/VMO6IGVyZXMgZWwgcXVlIG5vcyBoYSBkZXNwZXJ0YWRvPyDCoU13YWhhaGFoYSEgwqFRdWl6w6FzIHNlYSB1bmEgc2XDsWFsIGRlIHF1ZSB2b2x2ZXJlbW9zIGEgdmVyIGEgRnJleWEh
3QIwAg,,W0JlcmxpbmddCldlIGFyZSBpbmRlYnRlZCB0byB5b3UgZm9yIHJldml2aW5nIHVzISBJIGtub3cgd2hhdCB5b3Ugd2FudCBhbmQgSSB3aWxsIGhlbHAgeW91IG9idGFpbiB0aGUgcG93ZXIgb2YgdGhlIGdvZHMu,,,,,W0JlcmxpbmddCkVzdGFtb3MgZW0gZMOtdmlkYSBjb20gdm9jw6ogcG9yIG5vcyByZXZpdmVyLiBDZXJ0bywgc2VpIG8gcXVlIHZvY8OqIHF1ZXIgZSB2b3UgYWp1ZMOhLWxvIGEgb2J0ZXIgbyBwb2RlciBkb3MgZGV1c2VzLg==,,W0JlcmxpbmddCsKhRXN0YW1vcyBlbiBkZXVkYSBjb250aWdvIHBvciByZXZpdmlybm9zISBTw6kgbG8gcXVlIHF1aWVyZXMgeSB0ZSBheXVkYXLDqSBhIG9idGVuZXIgZWwgcG9kZXIgZGUgbG9zIGRpb3Nlcy4=
3gIwAg,,W0JlcmxpbmddCldoYXQgdGhlIT8KSXQncyBhIGh1bWFuIT8KV2hhdCBkbyB5b3Ugd2FudCE/CldobyBhcmUgeW91IT8=,,,,,W0JlcmxpbmddCk1hcyBxdcOqLi4uPwrDiSB1bSBodW1hbm8/IQpPIHF1ZSB2b2PDqiBxdWVyPwpRLXF1ZW0gw6kgdm9jw6o/,,W0JlcmxpbmddCsK/wqFRdcOpIT8Kwr/CoUVzIHVuIGh1bWFubyE/CsK/wqFRdcOpIHF1aWVyZXMhPwrCv8KhUXVpw6luIGVyZXMhPw==
3wIwAg,,RHZhbGluIHdhbnRzIHlvdSB0byB3YWtlIHVwIQ==,,,,,RHZhbGluIHF1ZXIgcXVlIHZvY8OqIGFjb3JkZSE=,,wqFEdmFsaW4gcXVpZXJlIHF1ZSBkZXNwaWVydGVzIQ==
4AIwAg,,VGVsbCBtZSB3aG8geW91IGFyZSBmaXJzdCE=,,,,,UHJpbWVpcm8gbWUgZGlnYSBxdWVtIMOpIHZvY8OqIQ==,,wqFEaW1lIHByaW1lcm8gcXVpw6luIGVyZXMh
4QIwAg,,W0JlcmxpbmddCkR2YWxpbj8hIFlvdSBtZWFuIG15IGJyb3RoZXIhIEJ1dCBoZSBjYW4gb25seSBiZSByZXZpdmVkIGlmIEFsZnJpayBpcyByZXZpdmVkLiBXaGF0IGhhcHBlbmVkPw==,,,,,W0JlcmxpbmddCkR2YWxpbj8hIFZvY8OqIGRpeiwgbWV1IGlybcOjbyEgTWFzIGVsZSBzw7MgcG9kZSByZXZpdmVyIHNlIEFsZnJpayB0YW1iw6ltIHJldml2ZXIuIE8gcXVlIGFjb250ZWNldT8=,,W0JlcmxpbmddCsKhwr9EdmFsaW4/ISDCoVRlIHJlZmllcmVzIGEgbWkgaGVybWFubyEgUGVybyBzw7NsbyBwdWVkZSBzZXIgcmV2aXZpZG8gc2kgQWxmcmlrIGVzIHJldml2aWRvLiDCv1F1w6kgaGEgcGFzYWRvPw==
4gIwAg,,W3swfV0KVW1tLi4uCkxldCBtZSBleHBsYWluLi4u,,,,,W3swfV0KVW1tLi4uCkRlaXhlLW1lIGV4cGxpY2FyLi4u,,W3swfV0KVW1tLi4uCkRlamEgcXVlIHRlIGV4cGxpcXVlLi4u
4wIwAg,,Li4uCi4uLi4uLgouLi4uLi4uLi4=,,,,,Li4uCi4uLi4uLgouLi4uLi4uLi4=,,Li4uCi4uLi4uLgouLi4uLi4uLi4=
5AIwAg,,W3swfV0KSSBndWVzcyBJIG5lZWQgdG8gd2FrZSB1cCBhbGwgZm91ciBvZiB5b3UgZHdhcnZlcyBzbyBCcmlzaW5nYW1lbiBjYW4gYmUgbWFkZSBhZ2Fpbi4=,,,,,W3swfV0KLi4uRW50w6NvLCBldSBwcmVjaXNvIGFjb3JkYXIgdG9kb3Mgdm9jw6pzLCBvcyBxdWF0cm8gYW7DtWVzIHBhcmEgcXVlIG8gQnJpc2luZ2FtZW4sIHF1ZSBndWFyZGEgbyBwb2RlciBkZSBGcmV5YSwgcG9zc2Egc2VyIHJlZmVpdG8u,,W3swfV0KQ3JlbyBxdWUgdGVuZ28gcXVlIGRlc3BlcnRhciBhIGxvcyBjdWF0cm8gZW5hbm9zIHBhcmEgcXVlIEJyaXNpbmdhbWVuIHNlIGhhZ2EgZGUgbnVldm8u
5QIwAg,,W0JlcmxpbmddClNheSB0aGF0IG5hbWUgb25jZSBhZ2FpbiEgRnJleWEsIHRoZSBnb2RkZXNzIHdobyB0b29rIG15IGJvZHkgYW5kIHNvdWwhIERpZCB5b3UganVzdCBzYXkgeW91IHdhbnQgdG8gbWFrZSBoZXIgbmVja2xhY2U/,,,,,W0JlcmxpbmddCk9oISBEaWdhIGVzc2Ugbm9tZSBtYWlzIHVtYSB2ZXohIEZyZXlhLCBhIGRldXNhIHF1ZSBsZXZvdSBtZXUgY29ycG8gZSBhbG1hISBWb2PDqiBkaXNzZSBxdWUgcXVlciBmYXplciBvIGNvbGFyIGRlbGE/,,W0JlcmxpbmddCsKhRGkgZXNlIG5vbWJyZSB1bmEgdmV6IG3DoXMhIMKhRnJleWEsIGxhIGRpb3NhIHF1ZSB0b23DsyBtaSBjdWVycG8geSBtaSBhbG1hISDCv0FjYWJhcyBkZSBkZWNpciBxdWUgcXVpZXJlcyBoYWNlciBzdSBjb2xsYXI/
5gIwAg,,W0JlcmxpbmddCk13YWhhaGFoYSwgc3RvcCBqb2tpbmcgYXJvdW5kLiBUaGUgQnJpc2luZ2FtZW4gaXMgYSBvbmUgb2YgYSBraW5kIG1hc3RlcnBpZWNlIQ==,,,,,W0JlcmxpbmddCkhhaGFoYWhhLCBwYXJlIGRlIGJyaW5jYXIuIE8gQnJpc2luZ2FtZW4gw6kgdW1hIG9icmEtcHJpbWEsIHVtIGFydGVmYXRvIMO6bmljbyE=,,W0JlcmxpbmddCk13YWhhaGFoYSwgZGVqYSBkZSBicm9tZWFyLiDCoUVsIEJyaXNpbmdhbWVuIGVzIHVuYSBvYnJhIG1hZXN0cmEgw7puaWNhIQ==
5wIwAg,,SSBkb24ndCBtZWFuIHRoZSBvcmlnaW5hbCBvbmUsIGJ1dC4uLg==,,,,,TsOjbyBmYWxvIGRvIG9yaWdpbmFsLCBtYXMuLi4=,,Tm8gbWUgcmVmaWVybyBhbCBvcmlnaW5hbCwgc2luby4uLg==
6AIwAg,,W0JlcmxpbmddCk5vdyBJIHNlZSEgWW91IHdhbnQgYSByZXBsaWNhIHRoYXQgaGFzIHJvdWdobHkgdGhlIHNhbWUgcG93ZXIuIEEgQnJpc2luZ2FtZW4gdG8gYmUgdXNlZCBieSBodW1hbnMh,,,,,W0JlcmxpbmddCkFoLCBhZ29yYSBlbnRlbmRvISBWb2PDqiBxdWVyIHVtYSByw6lwbGljYSBxdWUgdGVuaGEgbWFpcyBvdSBtZW5vcyBvIG1lc21vIHBvZGVyLiBVbSBCcmlzaW5nYW1lbiB1c2FkbyBwb3IgaHVtYW5vcyE=,,W0JlcmxpbmddCsKhQWhvcmEgZW50aWVuZG8hIFF1aWVyZXMgdW5hIHLDqXBsaWNhIHF1ZSB0ZW5nYSBhcHJveGltYWRhbWVudGUgZWwgbWlzbW8gcG9kZXIuIMKhVW4gQnJpc2luZ2FtZW4gcGFyYSBzZXIgdXNhZG8gcG9yIGh1bWFub3Mh
6QIwAg,,W0JlcmxpbmddCkkgZG8gbm90IGRlc2lyZSBwb3dlci4gSSB3b3VsZCBiZSBoYXBweSB0byBvd24gYnV0IGEgc3RyYW5kIG9mIGhlciBoYWlyLg==,,,,,W0JlcmxpbmddCkV1LCBwb3Igb3V0cm8gbGFkbywgbsOjbyBkZXNlam8gbyBwb2Rlci4gRmljYXJpYSBmZWxpeiBzw7MgZGUgdGVyIHVtIGZpbyBkZSBjYWJlbG8gZGVsYS4=,,W0JlcmxpbmddCk5vIGRlc2VvIGVsIHBvZGVyLiBFc3RhcsOtYSBmZWxpeiBkZSBwb3NlZXIgc8OzbG8gdW5hIGhlYnJhIGRlIHN1IGNhYmVsbG8u
6gIwAg,,W0JlcmxpbmddCk9oIEZyZXlhLi4uClRoZSBtb3JlIG9mIGhlciBiZWF1dHkgZXhpc3RzIGluIHRoaXMgd29ybGQsIHRoZSBoYXBwaWVyIEknbGwgYmUuIEknbSBtb3JlIHRoYW4gd2lsbGluZyB0byBoZWxwIHlvdSByZWNyZWF0ZSB0aGlzIG1lbWVudG8gb2YgRnJleWEu,,,,,W0JlcmxpbmddCk9oLCBGcmV5YS4uLgpRdWFudG8gbWFpcyBkZSBzdWEgYmVsZXphIGV4aXN0aXIgbmVzdGUgbXVuZG8sIG1haXMgZmVsaXogc2VyZWkuIEVzdG91IG1haXMgcXVlIGRpc3Bvc3RvIGEgYWp1ZMOhLWxvIGEgcmVjcmlhciBlc3NhIGxlbWJyYW7Dp2EgZGUgRnJleWEu,,W0JlcmxpbmddCk9oIEZyZXlhLi4uCkN1YW50byBtw6FzIGRlIHN1IGJlbGxlemEgZXhpc3RhIGVuIGVzdGUgbXVuZG8sIG3DoXMgZmVsaXogc2Vyw6kuIEVzdG95IG3DoXMgcXVlIGRpc3B1ZXN0byBhIGF5dWRhcnRlIGEgcmVjcmVhciBlc3RlIHJlY3VlcmRvIGRlIEZyZXlhLg==
6wIwAg,,W0JlcmxpbmddClBsZWFzZSBnbyBmaW5kIHRoZSBsYXN0IG9uZSBvZiBteSBicm90aGVycyEgUG9vciBHcmVyLCBwZXJoYXBzIGhlIGlzIHN0aWxsIGRpZ2dpbmcgc2lsdmVyIGluIHRoYXQgbWluZSBmb3IgaGVyLg==,,,,,W0JlcmxpbmddCkFnb3JhLCBwb3IgZmF2b3IsIHbDoSBlbmNvbnRyYXIgbyDDumx0aW1vIGRvcyBtZXVzIGlybcOjb3MhIFBvYnJlIEdyZXIsIHRhbHZleiBlbGUgYWluZGEgZXN0ZWphIGVzY2F2YW5kbyBwcmF0YSBwYXJhIGVsYSBuYXF1ZWxhIG1pbmEuLi4=,,W0JlcmxpbmddCsKhUG9yIGZhdm9yLCB2ZSBhIGJ1c2NhciBhbCDDumx0aW1vIGRlIG1pcyBoZXJtYW5vcyEgUG9icmUgR3JlciwgdGFsIHZleiDDqWwgdG9kYXbDrWEgZXN0w6EgY2F2YW5kbyBwbGF0YSBlbiBlc2EgbWluYSBwYXJhIGVsbGEu
7AIwAg,,W0JlcmxpbmddCkdvIGZpbmQgR3JlciEgSSdsbCBnaXZlIHlvdSBGcmV5YSdzIGdvbGRlbiB0ZWFyZHJvcCwgYnV0IGhlIG1heSBoYXZlIHJldml2ZWQgb24gaGlzIG93bi4=,,,,,W0JlcmxpbmddClbDoSBlbmNvbnRyYXIgR3Jlci4gVm91IGxoZSBkYXIgYSBsw6FncmltYSBkb3VyYWRhIGRlIEZyZXlhLCBtYXMgZWxlIHBvZGUgdGVyIGFjb3JkYWRvIHNvemluaG8uLi4=,,W0JlcmxpbmddCsKhVmUgYSBidXNjYXIgYSBHcmVyISBUZSBkYXLDqSBsYSBsw6FncmltYSBkb3JhZGEgZGUgRnJleWEsIHBlcm8gcHVlZGUgaGFiZXIgcmV2aXZpZG8gcG9yIHN1IGN1ZW50YS4=
7QIwAg,,W0JlcmxpbmddCklmIGhlIGRvZXNuJ3QgdHJ1c3QgeW91LCBzaW5nIHRoaXMgc29uZy4gWW91IG11c3QgcmVtZW1iZXIgZWFjaCBhbmQgZXZlcnkgd29yZC4=,,,,,W0JlcmxpbmddClNlIGVsZSBuw6NvIGNvbmZpYXIgZW0gdm9jw6osIGNhbnRlIGVzdGEgY2Fuw6fDo28uIFZvY8OqIHByZWNpc2Egc2UgbGVtYnJhciBkZSBjYWRhIHBhbGF2cmEuLi4=,,W0JlcmxpbmddClNpIG5vIGNvbmbDrWEgZW4gdGksIGNhbnRhIGVzdGEgY2FuY2nDs24uIERlYmVzIHJlY29yZGFyIHRvZGFzIHkgY2FkYSB1bmEgZGUgbGFzIHBhbGFicmFzLg==
7gIwAg,,W0JlcmxpbmddCl40RDRERkZObyBqZXdlbCBpbiB0aGUgd29ybGQgY2FuIGNvbXBhcmUuXjAwMDAwMA==,,,,,W0JlcmxpbmddCl40RDRERkZOZW5odW1hIGrDs2lhIG5vIG11bmRvIHNlIGNvbXBhcmEuXjAwMDAwMA==,,W0JlcmxpbmddCl40RDRERkZOaW5ndW5hIGpveWEgZW4gZWwgbXVuZG8gcHVlZGUgY29tcGFyYXJzZS5eMDAwMDAw
7wIwAg,,W0JlcmxpbmddCl40RDRERkZPdXIgbWFzdGVycGllY2UgbWFkZSBmcm9tIGxvdmUuXjAwMDAwMA==,,,,,W0JlcmxpbmddCl40RDRERkbDgCBub3NzYSBvYnJhLXByaW1hIGZlaXRhIGRvIGFtb3IuXjAwMDAwMA==,,W0JlcmxpbmddCl40RDRERkZOdWVzdHJhIG9icmEgbWFlc3RyYSBoZWNoYSBkZSBhbW9yLl4wMDAwMDA=
8AIwAg,,W0JlcmxpbmddCl40RDRERkZTaGUgd2FudGVkIHRoZSBkYXp6bGluZyBuZWNrbGFjZS5eMDAwMDAw,,,,,W0JlcmxpbmddCl40RDRERkZFbGEgcXVlcmlhIG8gZmFzY2luYW50ZSBjb2xhci5eMDAwMDAw,,W0JlcmxpbmddCl40RDRERkZFbGxhIHF1ZXLDrWEgZWwgY29sbGFyIGRlc2x1bWJyYW50ZS5eMDAwMDAw
8QIwAg,,W0JlcmxpbmddCl40RDRERkZXZSB3YW50ZWQgdGhlIGdvZGRlc3Mgb2YgYmVhdXR5Ll4wMDAwMDA=,,,,,W0JlcmxpbmddCl40RDRERkZOw7NzIHF1ZXLDrWFtb3MgYSBkZXVzYSBkYSBiZWxlemEuXjAwMDAwMA==,,W0JlcmxpbmddCl40RDRERkZRdWVyw61hbW9zIGEgbGEgZGlvc2EgZGUgbGEgYmVsbGV6YS5eMDAwMDAw
8gIwAg,,W0JlcmxpbmddCl40RDRERkZPdXIgaGFwcGllc3QgdGltZXMgd2VyZSB3aXRoIGhlci5eMDAwMDAw,,,,,W0JlcmxpbmddCl40RDRERkZOb3NzYXMgaG9yYXMgbWFpcyBmZWxpemVzIGZvcmFtIGNvbSBlbGEuXjAwMDAwMA==,,W0JlcmxpbmddCl40RDRERkZOdWVzdHJvcyBtb21lbnRvcyBtw6FzIGZlbGljZXMgZnVlcm9uIGNvbiBlbGxhLl4wMDAwMDA=
8wIwAg,,W0JlcmxpbmddCk1lbW9yaXplIGFsbCBmaXZlIGxpbmVzIG9mIHRoYXQgc29uZyBleGFjdGx5LiBOb3cgdGFrZSB0aGlzIGdvbGRlbiB0ZWFyZHJvcCBhbmQgcGxlYXNlIHNlZWsgb3V0IEdyZXIu,,,,,W0JlcmxpbmddCkRlY29yZSBleGF0YW1lbnRlIHRvZG9zIG9zIGNpbmNvIHZlcnNvcyBkZXN0YSBjYW7Dp8Ojby4gQWdvcmEsIHBlZ3VlIGVzdGEgbMOhZ3JpbWEgZG91cmFkYSBlLCBwb3IgZmF2b3IsIHByb2N1cmUgcG9yIEdyZXIu,,W0JlcmxpbmddCk1lbW9yaXphIGxhcyBjaW5jbyBsw61uZWFzIGRlIGVzYSBjYW5jacOzbiBleGFjdGFtZW50ZS4gQWhvcmEgdG9tYSBlc3RhIGzDoWdyaW1hIGRvcmFkYSB5IHBvciBmYXZvciBidXNjYSBhIEdyZXIu
9AIwAg,,W0JlcmxpbmddCldoZXJlIHRoZSBoZWxsIGRpZCB5b3UgY29tZSBmcm9tPyEKSSdtIEJlcmxpbmcsIHRoZSBncmVhdGVzdCBkd2FyZiBvZiBhbGwgdGltZSEKQnV0IEkgZG9uJ3QgaGF2ZSBhIG5hbWUKZm9yIHN1Y2ggYW4gaW5icmVkIGxhZCBsaWtlIHlvdSE=,,,,,W0JlcmxpbmddCkRlIG9uZGUgZGlhYm9zIHZvY8OqIHZlaW8/ClNvdSBCZXJsaW5nLCBvIG1haW9yIGFuw6NvIGRlIHRvZG9zIG9zIHRlbXBvcyEKRXUgc2ludG8gbGhlIGluZm9ybWFyLCBtYXMgbsOjbyB0ZW5obyB1bSBub21lCnBhcmEgbWUgYXByZXNlbnRhciBhIHVtYSBwZXNzb2EgdMOjbyBncm9zc2VpcmEgY29tbyB2b2PDqiE=,,W0JlcmxpbmddCsKhwr9EZSBkw7NuZGUgZGVtb25pb3MgaGFzIHNhbGlkbz8hCsKhU295IEJlcmxpbmcsIGVsIGVuYW5vIG3DoXMgZ3JhbmRlIGRlIHRvZG9zIGxvcyB0aWVtcG9zIQrCoVBlcm8gbm8gdGVuZ28gdW4gbm9tYnJlCsKhcGFyYSB1biBtdWNoYWNobyB0YW4gZW5kb2fDoW1pY28gY29tbyB0w7oh
9QIwAg,,W3swfV0KWW91IGp1c3Qgc2FpZCB5b3UncmUgQmVybGluZyE=,,,,,W3swfV0KRWgsIHZvY8OqIGFjYWJhIGRlIGRpemVyIHF1ZSBzZSBjaGFtYSBCZXJsaW5nLi4u,,W3swfV0KwqFBY2FiYXMgZGUgZGVjaXIgcXVlIGVyZXMgQmVybGluZyE=
9gIwAg,,W0JlcmxpbmddCkJhaCEKUXVpZXQgeW91IQpNaW5kIHlvdXIgb3duIGJ1c2luZXNzIQ==,,,,,W0JlcmxpbmddCkJhYWFhYWhoaCEKQ2FsZS1zZSEKVsOhIGN1aWRhciBkYSBzdWEgdmlkYSE=,,W0JlcmxpbmddCsKhQmFoIQrCoVNpbGVuY2lvIQrCoU3DqXRldGUgZW4gdHVzIGFzdW50b3Mh
9wIwAg,,W0JlcmxpbmddCkRpZCB5b3UgYWxyZWFkeSBmb3JnZXQgdGhlIGx5cmljcz8gTGV0IG1lIHRlbGwgdGhlbSB0byB5b3UgYWdhaW4sIHNvIGRvbid0IGZvcmdldCB0aGlzIHRpbWUu,,,,,W0JlcmxpbmddClZvY8OqIGrDoSBlc3F1ZWNldSBvcyB2ZXJzb3M/IFZvdSBkaXrDqi1sb3MgZGUgbm92bywgZW50w6NvIG7Do28gc2UgZXNxdWXDp2EgZGVzc2EgdmV6Lg==,,W0JlcmxpbmddCsK/WWEgb2x2aWRhc3RlIGxhIGxldHJhPyBEw6lqYW1lIHF1ZSB0ZSBsYSBkaWdhIG90cmEgdmV6LCBwYXJhIHF1ZSBlc3RhIHZleiBubyBzZSB0ZSBvbHZpZGUu
+AIwAg,,W3swfV0KQmFoLCBubyB3YXkgb3V0Lg==,,,,,W3swfV0KRWgsIHNlbSBzYcOtZGEu,,W3swfV0KQmFoLCBubyBoYXkgc2FsaWRhLg==
+QIwAg,,W01hbGUgVm9pY2VdCkRvbid0IGNvbWUgYW55IGNsb3NlciEgV2h5IHRoZSBoZWxsIGRvIEkgZmVlbCBGcmV5YSdzIHByZXNlbmNlIG9uIHlvdT8gVGVsbCBtZSB3aG8geW91IGFyZSEhIQ==,,,,,W1ZveiBkZSBIb21lbV0KTmVtIGNoZWd1ZSBwZXJ0byEgQ29tbyBkaWFib3MgZXUgc2ludG8gYSBwcmVzZW7Dp2EgZGUgRnJleWEgZW0gdm9jw6o/IE1lIGRpZ2EgcXVlbSDDqSB2b2PDqiE=,,W1ZveiBtYXNjdWxpbmFdCsKhTm8gdGUgYWNlcnF1ZXMgbcOhcyEgwr9Qb3IgcXXDqSBkZW1vbmlvcyBzaWVudG8gbGEgcHJlc2VuY2lhIGRlIEZyZXlhIGVuIHRpPyDCocKhwqFEaW1lIHF1acOpbiBlcmVzISEh
+gIwAg,,SSBhbSBzZW50IGJ5IEJlcmxpbmcu,,,,,RnVpIG1hbmRhZG8gcG9yIEJlcmxpbmcu,,TWUgZW52w61hIEJlcmxpbmcu
+wIwAg,,V2FoLCB5b3UgZnJlYWtlZCBtZSBvdXQh,,,,,QWksIHZvY8OqIG1lIGFzc3VzdG91IQ==,,wqFXYWgsIG1lIGhhcyBhc3VzdGFkbyE=
/AIwAg,,W01hbGUgVm9pY2VdCkxpZXMhIExpZXMhClByb3ZlIGl0IQpQcm92ZSB5b3Vyc2VsZiE=,,,,,W1ZveiBkZSBIb21lbV0KTWVudGlyYSEgTWVudGlyYSEKUHJvdmUhClByb3ZlIHF1ZW0gw6kgdm9jw6oh,,W1ZveiBtYXNjdWxpbmFdCsKhTWVudGlyYXMhIMKhTWVudGlyYSEKwqFQcnXDqWJhbG8hCsKhRGVtdcOpc3RyYWxvIQ==
/QIwAg,,W01hbGUgVm9pY2VdCkdldCBvdXQgb2YgaGVyZSE=,,,,,W1ZveiBkZSBIb21lbV0KU2FpYSBkYXF1aSE=,,W1ZveiBtYXNjdWxpbmFdCsKhRnVlcmEgZGUgYXF1w60h
/gIwAg,,W01hbGUgVm9pY2VdClByb3ZlIGl0IQpPciBsZWF2ZSBtZSBhbG9uZSBhbmQgbGV0IG1lIG1pbmUgc2lsdmVyISBTaWx2ZXIhIEhlaCBoZWggaGVoLi4u,,,,,W1ZveiBkZSBIb21lbV0KUHJvdmUhCkRvIGNvbnRyw6FyaW8sIG1lIGRlaXhlIGVtIHBheiBlIG1lIGRlaXhlIGVzY2F2YXIgYSBwcmF0YS4gUHJhdGEuLi4hIEhlIGhlIGhlLi4u,,W1ZveiBtYXNjdWxpbmFdCsKhUHJ1w6liYWxvIQrCoU8gZMOpamFtZSBlbiBwYXogeSBkw6lqYW1lIGV4dHJhZXIgcGxhdGEhIMKhUGxhdGEhIEplIGplIGplLi4u
/wIwAg,,W0dyZXJdCldoYXQhPw==,,,,,W0dyZXJdClF1w6oh,,W0dyZXJdCsK/wqFRdcOpIT8=
AAMwAg,,LSBTb21lIGNoYXJjb2FsIHdhcyBkcm9wcGVkIGZyb20gdGhlIHNreScgLQotIHdpdGggYSB2b2ljZSwgJ1Nob3cgbWUhJy4gLQotIExldCdzIHNjcmliYmxlLi4uLQ==,,,,,LSBVbSBwb3VjbyBkZSBjYXJ2w6NvIGZvaSBqb2dhZG8gZG8gY8OpdSAtCi0gY29tIHVtYSB2b3o6ICdNb3N0cmUtbWUhJyAtCi0gVmFtb3MgcmFiaXNjYXIuLi4t,,LSBDYXnDsyBjYXJiw7NuIGRlbCBjaWVsbycgLQotIGNvbiB1bmEgdm96LCAnwqFNdcOpc3RyYW1lIScuIC0KLSBWYW1vcyBhIGdhcmFiYXRlYXIuLi4t
AQMwAg,,W3swfV0KTGV0J3Mgc2VlLgpIbW0uLi4gVGhhdCBzb25nLgpXaGF0IHdhcyB0aGUgZmlyc3QgbGluZT8=,,,,,W3swfV0KVmFtb3MgdmVyLgpVbSwgYXF1ZWxhIG3DunNpY2EuClF1YWwgZXJhIG8gcHJpbWVpcm8gdmVyc28uLi4/,,W3swfV0KVmVhbW9zLgpIbW0uLi4gRXNhIGNhbmNpw7NuLgrCv0N1w6FsIGVyYSBsYSBwcmltZXJhIGzDrW5lYT8=
AgMwAg,,W3swfV0KIHsxfQpUaGVuLi4uIGhtbS4uLgpUaGUgc2Vjb25kIGxpbmU/,,,,,W3swfV0KIHsxfQpFbnTDo28uLi51bW1tLi4KTyBzZWd1bmRvIHZlcnNvPw==,,W3swfV0KIHsxfQpFbnRvbmNlcy4uLiBobW0uLi4Kwr9MYSBzZWd1bmRhIGzDrW5lYT8=
AwMwAg,,W3swfV0KIHsxfQpOb3csIHdoYXQgd2FzCnRoZSB0aGlyZCBsaW5lPw==,,,,,W3swfV0KIHsxfQpBZ29yYSwgcXVhbCBlcmEKbyB0ZXJjZWlybyB2ZXJzby4uLj8=,,W3swfV0KIHsxfQpBaG9yYSwgwr9jdcOhbCBmdWUKbGEgdGVyY2VyYSBsw61uZWE/
BAMwAg,,W3swfV0KIHsxfQpUaGUgZm91cnRoCmxpbmUgYWZ0ZXIgdGhhdC4uLg==,,,,,W3swfV0KIHsxfQpBZ29yYSwgbyBxdWFydG8KdmVyc28sIGRlcG9pcy4uLg==,,W3swfV0KIHsxfQpMYSBjdWFydGEKbMOtbmVhIGRlc3B1w6lzIGRlIGVzby4uLg==
BQMwAg,,W3swfV0KIHsxfQpBbHJpZ2h0Li4uClRoZSBsYXN0IGxpbmUuLi4=,,,,,W3swfV0KIHsxfQpDZXJ0bywgYWdvcmEKbyDDumx0aW1vIHZlcnNvLi4u,,W3swfV0KIHsxfQpCaWVuLi4uCkxhIMO6bHRpbWEgbMOtbmVhLi4u
BgMwAg,,W3swfV0KIHsxfQpMZXQncyBnaXZlIGl0IGEgdHJ5Lg==,,,,,W3swfV0KIHsxfQpDZXJ0bywgdmFtb3MgdGVudGFyLg==,,W3swfV0KIHsxfQpWYW1vcyBhIGludGVudGFybG8u
BwMwAg,,W3swfV0KezF9CnsyfQp7M30KezR9Cns1fQ==,,,,,W3swfV0KezF9CnsyfQp7M30KezR9Cns1fQ==,,W3swfV0KezF9CnsyfQp7M30KezR9Cns1fQ==
CAMwAg,,W0dyZXJdCldoYXQ/IQpCZXJsaW5nCmRpZCBzZW5kIHlvdSE=,,,,,W0dyZXJdCk8gcXXDqi4uLj8KQmVybGluZwptYW5kb3UgbWVzbW8gdm9jw6oh,,W0dyZXJdCsKhwr9RdcOpPyEKQmVybGluZwrCoXRlIGVudmnDsyE=
CQMwAg,,W0dyZXJdCkJhaCEKSSBrbmV3IGl0IQpJIGNhbid0IHRydXN0IHlvdSE=,,,,,W0dyZXJdCkJhaCEKRXUgc2FiaWEhCk7Do28gcG9zc28gY29uZmlhciBlbSB2b2PDqiE=,,W0dyZXJdCsKhQmFoIQrCoUxvIHNhYsOtYSEKwqFObyBwdWVkbyBjb25maWFyIGVuIHRpIQ==
CgMwAg,,XjMzNTVGRllvdSBmb3VuZCBhIGhvbGUgZmlsbGVkIHdpdGggc29tZSBkaXJ0IGFuZCBhIGx1bXAgb2YgY29hbC5eMDAwMDAw,,,,,XjMzNTVGRlZvY8OqIGVuY29udHJvdSB1bSBidXJhY28gcHJlZW5jaGlkbyBjb20gdW0gcG91Y28gZGUgdGVycmEgZSB1bSBwZWRhw6dvIGRlIGNhcnbDo28uXjAwMDAwMA==,,XjMzNTVGRkhhcyBlbmNvbnRyYWRvIHVuIGFndWplcm8gbGxlbm8gZGUgdGllcnJhIHkgdW4gdHJvem8gZGUgY2FyYsOzbi5eMDAwMDAw
CwMwAg,,R3JlcjogSHVycnkgYW5kIHNob3cgbWUgdGhhdCBJIGNhbiB0cnVzdCB5b3Uh,,,,,R3JlcjogVmFtb3MsIG1vc3RyZSBxdWUgcG9zc28gY29uZmlhciBlbSB2b2PDqiE=,,R3JlcjogwqFEYXRlIHByaXNhIHkgbXXDqXN0cmFtZSBxdWUgcHVlZG8gY29uZmlhciBlbiB0aSE=
DAMwAg,,R3JlcjogR3Jyci4uLiBJIHdvbid0IHdhaXQgbXVjaCBsb25nZXIh,,,,,R3JlcjogR3JyciwgbsOjbyB2b3UgZXNwZXJhciBtYWlzIQ==,,R3JlcjogR3Jyci4uLiDCoU5vIGVzcGVyYXLDqSBtdWNobyBtw6FzIQ==
DQMwAg,,R3JlcjogRmFyZXdlbGwgaHVtYW4h,,,,,R3JlcjogQWRldXMh,,R3JlcjogwqFBZGnDs3MgaHVtYW5vIQ==
DgMwAg,,R3Jlcg==,,,,,R3Jlcg==,,R3Jlcg==
DwMwAg,,W0dyZXJdCkFzIHdlIHByb21pc2VkLApCcmlzaW5nYW1lbiB3aWxsIGFwcGVhciBiZWZvcmUgaHVtYW4ncyBleWVzLiBVbnRpbCB0aGVuLCBJIHNoYWxsIG1ha2UgamV3ZWxyeSBmcm9tIHNpbHZlci4gTXdhaGFoYWhhIQ==,,,,,W0dyZXJdCkNvbW8gcHJvbWV0ZW1vcywKbyBCcmlzaW5nYW1lbiB2YWkgYXBhcmVjZXIgbmEgZnJlbnRlIGRvcyBvbGhvcyBkb3MgaHVtYW5vcy4gTWFzLCBhdMOpIGVudMOjbywgdm91IGZhemVyIGrDs2lhcyBkZSBwcmF0YS4gTXdhaGFoYWhhIQ==,,W0dyZXJdCkNvbW8gcHJvbWV0aW1vcywKQnJpc2luZ2FtZW4gYXBhcmVjZXLDoSBhbnRlIGxvcyBvam9zIGRlIGxvcyBodW1hbm9zLiBIYXN0YSBlbnRvbmNlcywgaGFyw6kgam95YXMgZGUgcGxhdGEuIMKhTXdhaGFoYWhhIQ==
EAMwAg,,W0dyZXJdCk15IG5hbWUgaXMgR3Jlci4KSSBzaG91bGQgaGF2ZSBiZWVuIHRoZSBsYXN0IG9uZSB0byBiZSBhd2FrZW5lZC4gTm93IEkgc2VlIHRoYXQgSSBoYXZlbid0IG1pbmVkIGFzIG11Y2ggc2lsdmVyIGFzIEkgbWF5IG5lZWQu,,,,,W0dyZXJdCk1ldSBub21lIMOpIEdyZXIuCkV1IGRldmlhIHRlciBzaWRvIG8gw7psdGltbyBhIHNlciBhY29yZGFkby4gQWdvcmEgdmVqbyBxdWUgbsOjbyBleHRyYcOtIHRhbnRhIHByYXRhIHF1YW50byB2b3UgcHJlY2lzYXIu,,W0dyZXJdCk1pIG5vbWJyZSBlcyBHcmVyLgpEZWJlcsOtYSBoYWJlciBzaWRvIGVsIMO6bHRpbW8gZW4gc2VyIGRlc3BlcnRhZG8uIEFob3JhIHZlbyBxdWUgbm8gaGUgZXh0cmHDrWRvIHRhbnRhIHBsYXRhIGNvbW8gcG9kcsOtYSBuZWNlc2l0YXIu
EQMwAg,,W0dyZXJdCllvdSBtaWdodCB0aGluayBnb2xkIHdvdWxkIGJldHRlciBzdWl0IGEgZ29kZGVzcy4gWW91IGFyZSB3cm9uZy4gU2lsdmVyIGlzIHdoYXQgbWFrZXMgaGVyIGdvbGRlbiBoYWlyIG1vcmUgYmVhdXRpZnVsLg==,,,,,W0dyZXJdClZvY8OqIHBvZGUgYWNoYXIgcXVlIG8gb3VybyBzZXJpYSBtYWlzIGFwcm9wcmlhZG8gYSB1bWEgZGV1c2EsIG1hcyBuw6NvLiBBIHByYXRhcyDDqSBvIHF1ZSBkZWl4YSBzZXVzIGNhYmVsb3MgZG91cmFkb3MgYWluZGEgbWFpcyBiZWxvcy4=,,W0dyZXJdClBvZHLDrWFzIHBlbnNhciBxdWUgZWwgb3JvIGxlIGlyw61hIG1lam9yIGEgdW5hIGRpb3NhLiBUZSBlcXVpdm9jYXMuIExhIHBsYXRhIGVzIGxvIHF1ZSBoYWNlIHF1ZSBzdSBjYWJlbGxvIGRvcmFkbyBzZWEgbcOhcyBoZXJtb3NvLg==
EgMwAg,,W0dyZXJdCkh1bWFuLCB5b3UgbXVzdCBoYXZlIHNvbWV0aGluZyBmdW4gcGxhbm5lZC4gSG1tPyBZb3UgaGF2ZW4ndCBwbGFubmVkIGFueXRoaW5nIGF0IGFsbD8gTm8gbWF0dGVyLg==,,,,,W0dyZXJdCkh1bWFubywgdm9jw6ogZGV2ZSB0ZXIgcGxhbmVqYWRvIGFsZ28gZGl2ZXJ0aWRvLiBIbW0/IE7Do28gcGxhbmVqb3UgbmFkYT8gTsOjbyBpbXBvcnRhLg==,,W0dyZXJdCkh1bWFubywgZGViZXMgdGVuZXIgYWxnbyBkaXZlcnRpZG8gcGxhbmVhZG8uIMK/SG1tPyDCv05vIGhhcyBwbGFuZWFkbyBuYWRhIGVuIGFic29sdXRvPyBObyBpbXBvcnRhLg==
EwMwAg,,W0dyZXJdCk5vdyB0aGF0IHdlJ3ZlIGJlZW4gcmV2aXZlZCB0aGVyZSdzIGEgZ29vZCBjaGFuY2UgdGhhdCB3ZSBtYXkgc2VlIGhlciBhZ2Fpbi4gSSBkb24ndCByZWFsbHkgbWluZCBhbnl0aGluZyBlbHNlLg==,,,,,W0dyZXJdCkFnb3JhIHF1ZSByZXZpdmVtb3MsIGjDoSB1bWEgYm9hIGNoYW5jZSBkZSBxdWUgYSBnZW50ZSBhIHZlamEgbm92YW1lbnRlLiBOw6NvIG1lIGltcG9ydG8gY29tIG1haXMgbmFkYS4=,,W0dyZXJdCkFob3JhIHF1ZSBoZW1vcyByZXZpdmlkbyBoYXkgbXVjaGFzIHBvc2liaWxpZGFkZXMgZGUgcXVlIHZvbHZhbW9zIGEgdmVybGEuIE5vIG1lIGltcG9ydGEgbmFkYSBtw6FzLg==
FAMwAg,,W0dyZXJdCkkgd2FudCBoZXIgc3Bpcml0IGFuZCBzY2VudCB0byBmaWxsIHRoaXMgd29ybGQuIEkgZG9uJ3Qgd2FudCBPZGluIG9yIEhlaW1kYWxsIHRvIGtub3cgb3VyIHBsYW4u,,,,,W0dyZXJdClF1ZXJvIHF1ZSBzZXUgZXNww61yaXRvIGUgc2V1IGFyb21hIHByZWVuY2hhbSBlc3RlIG11bmRvLiBOw6NvIHF1ZXJvIHF1ZSBPZGluIG5lbSBxdWUgSGVpbWRhbGwgc2FpYmFtIGRvIG5vc3NvIHBsYW5vLg==,,W0dyZXJdClF1aWVybyBxdWUgc3UgZXNww61yaXR1IHkgYXJvbWEgbGxlbmVuIGVzdGUgbXVuZG8uIE5vIHF1aWVybyBxdWUgT2RpbiBvIEhlaW1kYWxsIHNlcGFuIG51ZXN0cm8gcGxhbi4=
FQMwAg,,W0dyZXJdClRoaXMgZG9lc24ndCBtZWFuIHRoYXQgSSBwcmVmZXIgaHVtYW5zIG92ZXIgZ29kcyBvciBnaWFudHMsIGlmIGl0J3MgZm9yIEZyZXlhLCBJJ2xsIGRvIGFueXRoaW5nLg==,,,,,W0dyZXJdCkFnb3JhLCBpc3NvIG7Do28gcXVlciBkaXplciBxdWUgZXUgcHJlZmlyYSBvcyBodW1hbm9zIGFvcyBkZXVzZXMgb3UgZ2lnYW50ZXMsIG1hcywgc2UgZm9yIHBvciBGcmV5YSwgZmHDp28gcXVhbHF1ZXIgY29pc2Eu,,W0dyZXJdCkVzdG8gbm8gc2lnbmlmaWNhIHF1ZSBwcmVmaWVyYSBhIGxvcyBodW1hbm9zIGFudGVzIHF1ZSBhIGxvcyBkaW9zZXMgbyBnaWdhbnRlcywgc2kgZXMgcG9yIEZyZXlhLCBoYXLDqSBsbyBxdWUgc2VhLg==
FgMwAg,,W0dyZXJdCk5vdyBteSBicm90aGVycyBoYXZlIGJlZW4gcmV2aXZlZC4gSSBnaXZlIHlvdSBteSB0aGFua3MuIFlvdSB3aWxsIGhhdmUgdGhlIHBvd2VyIHRvIGNoYWxsZW5nZSB0aGUgZ29kcy4=,,,,,W0dyZXJdCkRlIHF1YWxxdWVyIGZvcm1hLCBhZ29yYSBtZXVzIGlybcOjb3MgcmV2aXZlcmFtLiBQb3IgaXNzbywgbGhlIGRvdSBtZXVzIGFncmFkZWNpbWVudG9zLiBBbGd1bSBkaWEgdm9jw6ogdGVyw6EgbyBwb2RlciBkZSBkZXNhZmlhciBvcyBkZXVzZXMu,,W0dyZXJdCkFob3JhIG1pcyBoZXJtYW5vcyBoYW4gcmV2aXZpZG8uIFRlIGRveSBsYXMgZ3JhY2lhcy4gVGVuZHLDoXMgZWwgcG9kZXIgZGUgZGVzYWZpYXIgYSBsb3MgZGlvc2VzLg==
FwMwAg,,W0dyZXJdCkkgbmVlZCB0byBnbyBiYWNrIHRvIG15IGJ1c2luZXNzLiBZb3UnbGwgbmVlZCBhIFNpbHZlciBPcm5hbWVudCBmb3IgdGhlIG5lY2tsYWNlLCBzbyBJJ2xsIGtlZXAgdG8gbWluaW5nIGZvciBzaWx2ZXIu,,,,,W0dyZXJdCkFnb3JhLCBwcmVjaXNvIHZvbHRhciBhb3MgbWV1cyBuZWfDs2Npb3MuIFZvY8OqIHZhaSBwcmVjaXNhciBkZSB1bSBvcm5hbWVudG8gZGUgcHJhdGEgcGFyYSBvIGNvbGFyLCBlbnTDo28gdm91IGNvbnRpbnVhciBhIGV4dHJhaXIgcHJhdGEu,,W0dyZXJdClRlbmdvIHF1ZSB2b2x2ZXIgYSBtaSBuZWdvY2lvLiBOZWNlc2l0YXLDoXMgdW4gQWRvcm5vIGRlIFBsYXRhIHBhcmEgZWwgY29sbGFyLCBhc8OtIHF1ZSBzZWd1aXLDqSBleHRyYXllbmRvIHBsYXRhLg==
GAMwAg,,W0dyZXJdCkkgc2hhbGwgYmUgd29ya2luZyBoYXJkIHRvIG1ha2UgdGhlIG1vc3QgYmVhdXRpZnVsIG9ybmFtZW50IGluIHRoZSB3b3JsZC4=,,,,,W0dyZXJdClZvdSB0cmFiYWxoYXIgZHVybyBwYXJhIGZhemVyIG8gbWFpcyBiZWxvIG9ybmFtZW50byBubyBtdW5kby4=,,W0dyZXJdClRyYWJhamFyw6kgZHVybyBwYXJhIGhhY2VyIGVsIGFkb3JubyBtw6FzIGhlcm1vc28gZGVsIG11bmRvLg==
GQMwAg,,W0dyZXJdCk9rYXksIHlvdQptYXkgZ28gYmFjayBub3chCkZhcmV3ZWxsIQ==,,,,,W0dyZXJdCkNlcnRvLCB2b2PDqgpkZXZlIHZvbHRhciBhZ29yYSEKQWRldXMu,,W0dyZXJdCkJ1ZW5vLCB1c3RlZArCoXlhIHB1ZWRlcyB2b2x2ZXIhCsKhQWRpw7NzIQ==
GgMwAg,,W0dyZXJdCkhlaCBoZWguLi4KV2h5IGFyZSB5b3Ugc3RpbGwKaGVyZT8gWW91ciBqb2IgaXMgZG9uZSEKR28gYmFjayB0byB3aGVyZQp5b3UgY2FtZSBmcm9tIQ==,,,,,W0dyZXJdCkhlaCBoZWguLi4KUG9yIHF1ZSBhaW5kYSBlc3TDoQphcXVpPyBTZXUgdHJhYmFsaG8gZXN0w6EgZmVpdG8uCkFnb3JhLCB2b2x0ZSBwYXJhIG9uZGUKdm9jw6ogdmVpbyE=,,W0dyZXJdCkplIGplLi4uCsK/UG9yIHF1w6kgZXN0w6FzIHRvZGF2w61hCmFxdcOtPyDCoVR1IHRyYWJham8gZXN0w6EgaGVjaG8hClZ1ZWx2ZSBhIGRvbmRlCsKhZGUgZG9uZGUgdmluaXN0ZSE=
GwMwAg,,W0dyZXJdCldobyB0aGUKaGVsbCBhcmUgeW91PyE=,,,,,W0dyZXJdClF1ZW0gZGlhYm9zCsOpIHZvY8OqPyE=,,W0dyZXJdCsKhwr9RdWnDqW4gZGVtb25pb3MKwqHCv1F1acOpbiBkZW1vbmlvcyBlcmVzPyE=
