wJEh,,U2Nod2FydHp3YWxkIE1lY2hhbmlj,,,,,TWVjw6JuaWNvIGRlIFNjaHdhcnR6d2FsZA==,,TWVjw6FuaWNvIGRlIFNjaHdhcnR6d2FsZA==
wZEh,,W01lY2hhbmljIEVuZ2luZWVyIERvcmFuY2VdCllvdSBoYXZlIHRvbyBtYW55IGl0ZW1zfgpEcm9wIHNvbWUgYW5kIGNvbWUgYmFjayB0byBtZS4=,,,,,W0VuZ2VuaGVpcm8gTWVjw6JuaWNvIERvcmFuY2VdClZvY8OqIGVzdMOhIGNhcnJlZ2FuZG8gaXRlbnMgZGVtYWlzfgpMaXZyZS1zZSBkZSBhbGd1bnMgZSB2b2x0ZSBwYXJhIG1pbS4=,,W0luZy4gbWVjw6FuaWNvIERvcmFuY2VdClRpZW5lcyBkZW1hc2lhZG9zIG9iamV0b3MuCkRlamEgYWxndW5vcyB5IHZ1ZWx2ZSBhIHZpc2l0YXJtZS4=
wpEh,,W01lY2hhbmljIEVuZ2luZWVyIERvcmFuY2VdCkRvIHlvdSBrbm93IGFib3V0IHRoZSBSaW5nIG9mIHRoZSBBbmNpZW50IFdpc2UgS2luZz8gSWYgeW91IHdlYXIgdGhhdCBSaW5nLCB5b3UgY2FuIHRhbGsgdG8gYW5pbWFscy4=,,,,,W0VuZ2VuaGVpcm8gTWVjw6JuaWNvIERvcmFuY2VdClZvY8OqIGNvbmhlY2UgbyBBbmVsIGRvIEFudGlnbyBSZWkgU8OhYmlvPyBTZSB2b2PDqiBvIHVzYXIsIHBvZGVyw6EgZmFsYXIgY29tIG9zIGFuaW1haXMu,,W0luZy4gbWVjw6FuaWNvIERvcmFuY2VdCsK/Q29ub2NlcyBlbCBBbmlsbG8gZGVsIGFudGlndW8gcmV5IHNhYmlvPyBTaSB1c2FzIGVzZSBhbmlsbG8sIHB1ZWRlcyBoYWJsYXIgY29uIGxvcyBhbmltYWxlcy4=
w5Eh,,W01lY2hhbmljIEVuZ2luZWVyIERvcmFuY2VdCkkgZG9uJ3Qga25vdyBpZiBpdCBpcyBhIGxlZ2VuZCBiYXNlZCBvbiB0cnV0aCBvciBub3QuLi4gYnV0IHNvbWV0aGluZyBsaWtlIHRoYXQgd291bGQgY29tZSBpbiBwcmV0dHkgaGFuZHku,,,,,W0VuZ2VuaGVpcm8gTWVjw6JuaWNvIERvcmFuY2VdCk7Do28gc2VpIHNlIMOpIHZlcmRhZGUgb3UgbsOjby4uLiBtYXMgYWxnbyBhc3NpbSBzZXJpYSBtdWl0byDDunRpbC4=,,W0luZy4gbWVjw6FuaWNvIERvcmFuY2VdCk5vIHPDqSBzaSBlcyB1bmEgbGV5ZW5kYSBiYXNhZGEgZW4gaGVjaG9zIHJlYWxlcyBvIG5vLi4uIFBlcm8gYWxnbyBhc8OtIHNlcsOtYSBtdXkgw7p0aWwu
xJEh,,W01lY2hhbmljIEVuZ2luZWVyIERvcmFuY2VdCk91dHNpZGUgb2YgdGhlIEV4cGVkaXRpb24gQ2FtcCwgVGhlcmUncyBhIHJhY2Ugb2YgYW5pbWFscyB3aGljaCB1c2VzIGEgbXlzdGVyaW91cyBsYW5ndWFnZSBub3QgdXNlZCBpbiBSdW5lIE1pZGdhcmQu,,,,,W0VuZ2VuaGVpcm8gTWVjw6JuaWNvIERvcmFuY2VdCkZvcmEgZG8gQWNhbXBhbWVudG8gZGUgRXhwZWRpw6fDo28sIGjDoSB1bWEgcmHDp2EgZGUgYW5pbWFpcyBxdWUgdXNhIHVtYSBsaW5ndWFnZW0gbWlzdGVyaW9zYSBxdWUgbsOjbyDDqSBmYWxhZGEgZW0gUnVuZS1NaWRnYXJkLg==,,W0luZy4gbWVjw6FuaWNvIERvcmFuY2VdCkZ1ZXJhIGRlbCBjYW1wYW1lbnRvIGRlIGxhIGV4cGVkaWNpw7NuLCBleGlzdGUgdW5hIHJhemEgcXVlIHVzYSB1biBpZGlvbWEgbWlzdGVyaW9zbyBxdWUgbm8gc2UgaGFibGEgZW4gTWlkZ2FyZC4=
xZEh,,W01lY2hhbmljIEVuZ2luZWVyIERvcmFuY2VdCldlIGRvbid0IGtub3cgaWYgdGhleSBhcmUgZnJpZW5kIG9yIGZvZSwgYnV0IGl0IHdpbGwgYmUgbXVjaCBlYXNpZXIgZm9yIG91ciByZXNlYXJjaCBoZXJlIGlmIHdlIGNvdWxkIGZpbmQgb3V0Lg==,,,,,W0VuZ2VuaGVpcm8gTWVjw6JuaWNvIERvcmFuY2VdCk7Do28gc2FiZW1vcyBzZSBlbGVzIHPDo28gYWxpYWRvcyBvdSBpbmltaWdvcywgbWFzIG5vc3NhIHBlc3F1aXNhIGFxdWkgZmljYXLDoSBtdWl0byBtYWlzIGbDoWNpbCBzZSBwdWRlcm1vcyBkZXNjb2JyaXIu,,W0luZy4gbWVjw6FuaWNvIERvcmFuY2VdCk5vIHNhYmVtb3Mgc2kgc29uIGFtaWdvcyBvIGVuZW1pZ29zLCBwZXJvIHNlcsOtYSBtdWNobyBtw6FzIGbDoWNpbCBwYXJhIGxhIGludmVzdGlnYWNpw7NuIHNpIHB1ZGnDqXJhbW9zIGF2ZXJpZ3VhcmxvLg==
xpEh,,W01lY2hhbmljIEVuZ2luZWVyIERvcmFuY2VdClNvLCB0aGUgVHJpcGxlIEFsbGlhbmNlIFJlc2VhcmNoIEdyb3VwIGlzIHdvcmtpbmcgdG9nZXRoZXIgdG8gZmluZCBvdXQuIEkgd291bGQgbGlrZSB0byBrbm93IGhvdyBmYXIgdGhlIF4wMDAwRkYgQXJ1bmFmZWx0eiBMaW5ndWlzdF4wMDAwMDAncyBkZWNvZGluZyBwcm9jZXNzIGlzLiBXb3VsZCB5b3UgZ28gYW5kIGZpbmQgb3V0IGZvciBtZT8=,,,,,W0VuZ2VuaGVpcm8gTWVjw6JuaWNvIERvcmFuY2VdCkVudMOjbywgbyBHcnVwbyBkZSBQZXNxdWlzYSBkYSBUcsOtcGxpY2UgQWxpYW7Dp2EgZXN0w6EgdHJhYmFsaGFuZG8gZW0gY29uanVudG8gcGFyYSBkZXN2ZW5kYXIuIEV1IGdvc3RhcmlhIGRlIHNhYmVyIGF0w6kgcXVlIHBvbnRvIG8gXjAwMDBGRkxpbmd1aXN0YSBkZSBBcnVuYWZlbHR6XjAwMDAwMCBlc3TDoSBubyBwcm9jZXNzbyBkZSBkZWNvZGlmaWNhw6fDo28uIFZvY8OqIHBvZGVyaWEgaXIgZSB2ZXIgaXNzbyBwYXJhIG1pbT8=,,W0luZy4gbWVjw6FuaWNvIERvcmFuY2VdCkFzw60gcXVlIGVsIGdydXBvIGRlIGludmVzdGlnYWNpw7NuIGRlIGxhIFRyaXBsZSBBbGlhbnphIHRyYWJhamEgcGFyYSBhdmVyaWd1YXJsby4gTWUgZ3VzdGFyw61hIHNhYmVyIHF1w6kgdGFudG8gYXZhbnrDsyBlbCBwcm9jZXNvIGRlIGRlY29kaWZpY2FjacOzbiBkZWwgXjAwMDBGRmxpbmfDvGlzdGEgZGUgQXJ1bmFmZWx0el4wMDAwMDAuIMK/UG9kcsOtYXMgYXZlcmlndWFyPw==
x5Eh,,W01lY2hhbmljIEVuZ2luZWVyIERvcmFuY2VdClRoZSBeMDAwMEZGIEFydW5hZmVsdHogTGluZ3Vpc3ReMDAwMDAwIHNob3VsZCBiZSBvbiB0aGUgc2Vjb25kIGZsb29yIG9mIHRoZSBBbGxpYW5jZSBIZWFkcXVhcnRlcnMu,,,,,W0VuZ2VuaGVpcm8gTWVjw6JuaWNvIERvcmFuY2VdCk8gXjAwMDBGRkxpbmd1aXN0YSBkZSBBcnVuYWZlbHR6XjAwMDAwMCBkZXZlIGVzdGFyIG5vIHNlZ3VuZG8gYW5kYXIgZGEgc2VkZSBkYSBBbGlhbsOnYS4=,,W0luZy4gbWVjw6FuaWNvIERvcmFuY2VdCkVsIF4wMDAwRkZsaW5nw7xpc3RhIGRlIEFydW5hZmVsdHpeMDAwMDAwIGRlYmVyw61hIGVzdGFyIGVuIGVsIHNlZ3VuZG8gcGlzbyBkZWwgY3VhcnRlbCBnZW5lcmFsIGRlIGxhIEFsaWFuemEu
yJEh,,W01lY2hhbmljIEVuZ2luZWVyIERvcmFuY2VdCk91dHNpZGUgb2YgdGhlIEV4cGVkaXRpb24gQ2FtcCwgVGhlcmUncyBhIHJhY2Ugd2hvIHVzZXMgYSBteXN0ZXJpb3VzIGxhbmd1YWdlIHdoaWNoIGlzIG5vdCB1c2VkIGluIFJ1bmUgTWlkZ2FyZC4=,,,,,W0VuZ2VuaGVpcm8gTWVjw6JuaWNvIERvcmFuY2VdCkZvcmEgZG8gQWNhbXBhbWVudG8gZGUgRXhwZWRpw6fDo28sIGjDoSB1bWEgcmHDp2EgcXVlIHVzYSB1bWEgbMOtbmd1YSBtaXN0ZXJpb3NhIHF1ZSBuw6NvIMOpIGZhbGFkYSBlbSBSdW5lLU1pZGdhcmQu,,W0luZy4gbWVjw6FuaWNvIERvcmFuY2VdCkZ1ZXJhIGRlbCBjYW1wYW1lbnRvIGRlIGxhIGV4cGVkaWNpw7NuLCBleGlzdGUgdW5hIHJhemEgcXVlIHVzYSB1biBpZGlvbWEgbWlzdGVyaW9zbyBxdWUgbm8gc2UgaGFibGEgZW4gTWlkZ2FyZC4=
yZEh,,W01lY2hhbmljIEVuZ2luZWVyIERvcmFuY2VdCldlIGRvbid0IGtub3cgaWYgdGhleSBhcmUgZnJpZW5kIG9yIGZvZSwgb25lIHRoaW5nIGZvciBzdXJlIGlzIGl0IHdpbGwgYmUgbW9yZSBlYXNpZXIgZm9yIG91ciByZXNlYXJjaCBoZXJlLg==,,,,,W0VuZ2VuaGVpcm8gTWVjw6JuaWNvIERvcmFuY2VdCk7Do28gc2FiZW1vcyBzZSBlbGVzIHPDo28gYWxpYWRvcyBvdSBpbmltaWdvcywgbWFzIHVtYSBjb2lzYSDDqSBjZXJ0YTogZmFjaWxpdGFyw6EgcGFyYSBub3NzYSBwZXNxdWlzYSBhcXVpLg==,,W0luZy4gbWVjw6FuaWNvIERvcmFuY2VdCk5vIHNhYmVtb3Mgc2kgc29uIGFtaWdvcyBvIGVuZW1pZ29zLCBwZXJvIGxvIHF1ZSBzw60gZXN0w6EgY2xhcm8gZXMgcXVlIHNlcsOtYSBtdWNobyBtw6FzIGbDoWNpbCBwYXJhIGxhIGludmVzdGlnYWNpw7NuIHNhYmVybG8u
ypEh,,W01lY2hhbmljIEVuZ2luZWVyIERvcmFuY2VdCkdvIHRvIGEgYmlnIGJ1aWxkaW5nIGluIGNlbnRlciBvZiB0aGUgRXhwZWRpdGlvbiBDYW1wIGFuZCBpbnNpZGUgdGhhdCBidWlsZGluZywgbWVldCBeMDAwMEZGIEFydW5hZmVsdHogTGluZ3Vpc3ReMDAwMDAwIGFuZCBhc2sgaGltIGhvdyBmYXIgaGlzIHByb2dyZXNzIGlzLg==,,,,,W0VuZ2VuaGVpcm8gTWVjw6JuaWNvIERvcmFuY2VdClbDoSBhdMOpIHVtIHByw6lkaW8gZ3JhbmRlIG5vIGNlbnRybyBkbyBDYW1wbyBkZSBFeHBlZGnDp8OjbyBlLCBkZW50cm8gZGVsZSwgZW5jb250cmUgXjAwMDBGRkxpbmd1aXN0YSBkZSBBcnVuYWZlbHR6XjAwMDAwMCBlIHBlcmd1bnRlIGEgZWxlIGNvbW8gdmFpIG8gcHJvZ3Jlc3NvLg==,,W0luZy4gbWVjw6FuaWNvIERvcmFuY2VdClZlIGFsIGdyYW4gZWRpZmljaW8gcXVlIGVzdMOhIGVuIGVsIGNlbnRybyBkZWwgY2FtcGFtZW50byBkZSBsYSBleHBlZGljacOzbiwgcmXDum5ldGUgY29uIGVsIF4wMDAwRkZsaW5nw7xpc3RhIGRlIEFydW5hZmVsdHpeMDAwMDAwIHkgcHJlZ8O6bnRhbGUgaGFzdGEgZMOzbmRlIHByb2dyZXPDsy4=
y5Eh,,LSBIZSdzIG1ha2luZyBhIGdyaW0gZmFjZSBhdCBhIGZsb29kaW5nIHBpbGUgb2YgcmVzZWFyY2ggZG9jdW1lbnRzLiAt,,,,,LSBFbGUgZXN0w6EgZmF6ZW5kbyBjYXJhIGZlaWEgcGFyYSB1bWEgcGlsaGEgZW5vcm1lIGRlIGRvY3VtZW50b3MgZGUgcGVzcXVpc2EuIC0=,,KFBvbmUgY2FyYSBsYXJnYSBhbnRlIGxhIHBpbGEgZGVzYm9yZGFkYSBkZSBkb2N1bWVudG9zIGRlIGludmVzdGlnYWNpw7NuKS4=
zJEh,,W01lY2hhbmljIEVuZ2luZWVyIERvcmFuY2VdCkFoLCBZb3UgYXJlIGhlcmUu,,,,,W0VuZ2VuaGVpcm8gTWVjw6JuaWNvIERvcmFuY2VdCkFoLCB2b2PDqiBjaGVnb3Uu,,W0luZy4gbWVjw6FuaWNvIERvcmFuY2VdCkFoLCBhcXXDrSBlc3TDoXMu
zZEh,,W01lY2hhbmljIEVuZ2luZWVyIERvcmFuY2VdCkl0IHNlZW1zIGxpa2UgeW91J3ZlIGRvbmUgbXVjaCBmb3IgdXMuIEkgdGhhbmsgeW91IGZvciB0aGF0LgpCdXQuLi5TaWdoLi4u,,,,,W0VuZ2VuaGVpcm8gTWVjw6JuaWNvIERvcmFuY2VdClBhcmVjZSBxdWUgdm9jw6ogZmV6IG11aXRvIHBvciBuw7NzLiBFdSB0ZSBhZ3JhZGXDp28gcG9yIGlzc28uCk1hcy4uLiBhaC4uLg==,,W0luZy4gbWVjw6FuaWNvIERvcmFuY2VdClBhcmVjZSBxdWUgaGljaXN0ZSBtdWNobyBwb3Igbm9zb3Ryb3MuIFRlIGxvIGFncmFkZXpjby4KUGVyby4uLiAqU3VzcGlyYSo=
zpEh,,W01lY2hhbmljIEVuZ2luZWVyIERvcmFuY2VdCkNhbiB5b3Ugc2VlIHRoaXM/IFRoZSBhbW91bnQgb2YgdGhlc2UgcmVzZWFyY2ggZG9jdW1lbnRzPwpJdCBpcyBhIGdvb2QgdGhpbmcgdGhhdCB3ZSBmaW5hbGx5IGRlY29kZWQgdGhlIG90aGVyIHdvcmxkJ3MgbGFuZ3VhZ2UuLi4gaXQncyBqdXN0IHRvbyBtdWNoLg==,,,,,W0VuZ2VuaGVpcm8gTWVjw6JuaWNvIERvcmFuY2VdCkTDoSBwYXJhIHZlciBpc3NvPyBBIHF1YW50aWRhZGUgZGVzc2VzIGRvY3VtZW50b3MgZGUgcGVzcXVpc2E/CsOJIGJvbSBxdWUgZmluYWxtZW50ZSB0ZW5oYW1vcyBkZWNvZGlmaWNhZG8gYSBsaW5ndWFnZW0gZG8gb3V0cm8gbXVuZG8uLi4gbWFzIMOpIGRlbWFpcy4=,,W0luZy4gbWVjw6FuaWNvIERvcmFuY2VdCsK/VmVzIGxhIGNhbnRpZGFkIGRlIGRvY3VtZW50b3MgZGUgaW52ZXN0aWdhY2nDs24gcXVlIGhheT8KRXMgdW4gYWxpdmlvIHF1ZSBhbCBmaW4gaGF5YW1vcyBkZWNvZGlmaWNhZG8gZWwgaWRpb21hIGRlbCBvdHJvIG11bmRvLCBwZXJvIGVzdG8gZXMgZGVtYXNpYWRvLg==
z5Eh,,W01lY2hhbmljIEVuZ2luZWVyIERvcmFuY2VdCldlIGNhbid0IGFsd2F5cyBhY2NvbXBhbnkgYSBMaW5ndWlzdCBmb3IgYW4gaW50ZXJwcmV0aW9uLi4uIFdlIG5lZWQgdG8gY29tbXVuaWNhdGUgd2l0aCB0aG9zZSBvdGhlciB3b3JsZCByYWNlcyBpbiBvcmRlciB0byBleHBsb3JlIHRoaXMgd29ybGQuLi4=,,,,,W0VuZ2VuaGVpcm8gTWVjw6JuaWNvIERvcmFuY2VdCk5lbSBzZW1wcmUgcG9kZW1vcyBhY29tcGFuaGFyIHVtIGxpbmd1aXN0YSBwYXJhIHVtYSBpbnRlcnByZXRhw6fDo28uLi4gUHJlY2lzYW1vcyBub3MgY29tdW5pY2FyIGNvbSBlc3NhcyByYcOnYXMgcGFyYSBleHBsb3JhciBlc3RlIG11bmRvLi4u,,W0luZy4gbWVjw6FuaWNvIERvcmFuY2VdCk5vIHNpZW1wcmUgbm9zIHB1ZWRlIGFjb21wYcOxYXIgdW4gbGluZ8O8aXN0YSBwYXJhIGludGVycHJldGFyLCB5IG5lY2VzaXRhbW9zIGNvbXVuaWNhcm5vcyBjb24gbGFzIHJhemFzIGRlbCBvdHJvIG11bmRvIHBhcmEgcG9kZXIgZXhwbG9yYXJsby4=
0JEh,,W01lY2hhbmljIEVuZ2luZWVyIERvcmFuY2VdClRvIHN0b3JlIHRoaXMgYW1vdW50IG9mIGluZm9ybWF0aW9uIHdpbGwgbmVlZCBhIHN1cGVyIGNvbXB1dGVyIHRoZSBzaXplIG9mIHRoaXMgaGVhZHF1YXJ0ZXIgYnVpbGRpbmcgYW5kIGl0cyBwcm9jZXNzaW5nIHNwZWVkIHdpbGwgYmUgdmVyeSB2ZXJ5IHNsb3cu,,,,,W0VuZ2VuaGVpcm8gTWVjw6JuaWNvIERvcmFuY2VdClBhcmEgYXJtYXplbmFyIGVzc2EgcXVhbnRpZGFkZSBkZSBpbmZvcm1hw6fDtWVzIHNlcsOhIG5lY2Vzc8OhcmlvIHVtIHN1cGVyY29tcHV0YWRvciBkbyB0YW1hbmhvIGRlc3RlIGVkaWbDrWNpby1zZWRlIGUgc3VhIHZlbG9jaWRhZGUgZGUgcHJvY2Vzc2FtZW50byBzZXLDoSBtdWl0bywgbXVpdG8gbGVudGEu,,W0luZy4gbWVjw6FuaWNvIERvcmFuY2VdClBhcmEgZ3VhcmRhciBlc3RhIGNhbnRpZGFkIGRlIGluZm9ybWFjacOzbiwgbmVjZXNpdGFyZW1vcyB1bmEgc3VwZXJjb21wdXRhZG9yYSBkZWwgdGFtYcOxbyBkZSBlc3RlIGN1YXJ0ZWwgZ2VuZXJhbCB5IHN1IHZlbG9jaWRhZCBkZSBwcm9jZXNhbWllbnRvIHNlcsOhIG11eSwgbXV5IGxlbnRhLg==
0ZEh,,W01lY2hhbmljIEVuZ2luZWVyIERvcmFuY2VdClNpZ2guLi4gQW55d2F5cywgSWYgdGhlcmUncyBhbnkgd2F5IHRvIHN0b3JlIGFuIGVub3Jtb3VzIGFtb3VudCBvZiBkYXRhLCBJIHNob3VsZCBiZSBhYmxlIHRvIG1ha2UgYSB2ZXJ5LXNtYWxsIHBvcnRhYmxlIHRyYW5zbGF0b3Iu,,,,,W0VuZ2VuaGVpcm8gTWVjw6JuaWNvIERvcmFuY2VdCkFpYWkuLi4gRGUgcXVhbHF1ZXIgZm9ybWEsIHNlIGhvdXZlciBhbGd1bWEgbWFuZWlyYSBkZSBhcm1hemVuYXIgdW1hIHF1YW50aWRhZGUgZW5vcm1lIGRlIGRhZG9zLCBkZXZvIGNvbnNlZ3VpciBjcmlhciB1bSB0cmFkdXRvciBwb3J0w6F0aWwgbXVpdG8gcGVxdWVuby4=,,W0luZy4gbWVjw6FuaWNvIERvcmFuY2VdCipTdXNwaXJhKiBFbiBmaW4sIHNpIGV4aXN0aWVyYSBhbGd1bmEgbWFuZXJhIGRlIGd1YXJkYXIgdW5hIGdyYW4gY2FudGlkYWQgZGUgZGF0b3MsIGRlYmVyw61hIHBvZGVyIGZhYnJpY2FyIHVuIHRyYWR1Y3RvciBwb3J0w6F0aWwgZGltaW51dG8u
0pEh,,W01lY2hhbmljIEVuZ2luZWVyIERvcmFuY2VdCkkgaGVhcmQgdGhhdCBieSB1c2luZyBhIE1hZ2ljYWwgU3BlbGwgb2YgUnVuZS1NaWRnYXJ0LCB5b3UgY2FuIHRyYW5zcG9zZSBkYXRhIHRvIGEgbWFnaWNhbCBwb3dlciBhbmQgbG9jayBpdCBpbnRvIGEgZ2VtLi4uIEknZCBsaWtlIHNvbWUgc3VnZ2VzdGlvbnMgZnJvbSB0aGUgUnVuZS1NaWRnYXJkIE1hZ2ljaWFuLg==,,,,,W0VuZ2VuaGVpcm8gTWVjw6JuaWNvIERvcmFuY2VdCk91dmkgZGl6ZXIgcXVlLCB1c2FuZG8gdW0gZmVpdGnDp28gbcOhZ2ljbyBkZSBSdW5lLU1pZGdhcmQsIMOpIHBvc3PDrXZlbCB0cmFuc3BvciBkYWRvcyBwYXJhIHVtIHBvZGVyIG3DoWdpY28gZSBmaXjDoS1sb3MgZW0gdW1hIGdlbWEuLi4gR29zdGFyaWEgZGUgcmVjZWJlciBhbGd1bWFzIHN1Z2VzdMO1ZXMgZG8gTWFnbyBkZSBSdW5lLU1pZGdhcmQu,,W0luZy4gbWVjw6FuaWNvIERvcmFuY2VdCkVzY3VjaMOpIHF1ZSwgbWVkaWFudGUgdW4gaGVjaGl6byBkZSBSdW5lLU1pZGdhcmQsIGVzIHBvc2libGUgdHJhbnNmb3JtYXIgaW5mb3JtYWNpw7NuIGVuIHBvZGVyIG3DoWdpY28geSBndWFyZGFybGEgZW4gdW5hIGpveWEuLi4gTWUgZ3VzdGFyw61hIGVzY3VjaGFyIGFsZ3VuYXMgc3VnZXJlbmNpYXMgZGVsIG1hZ28gZGUgUnVuZS1NaWRnYXJkLg==
05Eh,,W01lY2hhbmljIEVuZ2luZWVyIERvcmFuY2VdCldvdWxkIHlvdSBiZSBraW5kIHRvIGFzayB0aGVtIGZvciBoZWxwPw==,,,,,W0VuZ2VuaGVpcm8gTWVjw6JuaWNvIERvcmFuY2VdClZvY8OqIHBvZGVyaWEgZmF6ZXIgYSBnZW50aWxlemEgZGUgcGVkaXIgYWp1ZGEgYSBlbGVzPw==,,W0luZy4gbWVjw6FuaWNvIERvcmFuY2VdCsK/VGUgbW9sZXN0YXLDrWEgaXIgYSBwZWRpcmxlIGF5dWRhPw==
1JEh,,W01lY2hhbmljIEVuZ2luZWVyIERvcmFuY2VdCldoaWxlIHlvdSBhcmUgZ29uZSwgSSBiZSBoZXJlIG9yZ2FuaXppbmcgdGhlc2UgZG9jdW1lbnRzLg==,,,,,W0VuZ2VuaGVpcm8gTWVjw6JuaWNvIERvcmFuY2VdCkVucXVhbnRvIHZvY8OqIGVzdGl2ZXIgZm9yYSwgdm91IGZpY2FyIGFxdWksIG9yZ2FuaXphbmRvIGVzc2VzIGRvY3VtZW50b3Mu,,W0luZy4gbWVjw6FuaWNvIERvcmFuY2VdCk1pZW50cmFzIG5vIGVzdMOpcywgbWUgcXVlZGFyw6kgb3JnYW5pemFuZG8gbG9zIGRvY3VtZW50b3Mu
1ZEh,,W01lY2hhbmljIEVuZ2luZWVyIERvcmFuY2VdClRvIHN0b3JlIHRoaXMgYW1vdW50IG9mIGluZm9ybWF0aW9uIHdpbGwgbmVlZCBhIHN1cGVyIGNvbXB1dGVyIHdpdGggYSBzaXplIG9mIHRoaXMgaGVhZHF1YXJ0ZXIgYnVpbGRpbmcuIGFuZCBpdHMgcHJvY2Vzc2luZyBzcGVlZCB3aWxsIGJlIHZlcnkgdmVyeSBzbG93Lg==,,,,,W0VuZ2VuaGVpcm8gTWVjw6JuaWNvIERvcmFuY2VdClBhcmEgYXJtYXplbmFyIGVzc2EgcXVhbnRpZGFkZSBkZSBpbmZvcm1hw6fDtWVzLCB2YW1vcyBwcmVjaXNhciBkZSB1bSBzdXBlcmNvbXB1dGFkb3IgZG8gdGFtYW5obyBkZXN0ZSBlZGlmw61jaW8tc2VkZSwgZSBzdWEgdmVsb2NpZGFkZSBkZSBwcm9jZXNzYW1lbnRvIHNlcsOhIG11aXRvLCBtdWl0byBsZW50YS4=,,W0luZy4gbWVjw6FuaWNvIERvcmFuY2VdClBhcmEgZ3VhcmRhciBlc3RhIGNhbnRpZGFkIGRlIGluZm9ybWFjacOzbiwgbmVjZXNpdGFyZW1vcyB1bmEgc3VwZXJjb21wdXRhZG9yYSBkZWwgdGFtYcOxbyBkZSBlc3RlIGN1YXJ0ZWwgZ2VuZXJhbCB5IHN1IHZlbG9jaWRhZCBkZSBwcm9jZXNhbWllbnRvIHNlcsOhIG11eSwgbXV5IGxlbnRhLg==
1pEh,,W01lY2hhbmljIEVuZ2luZWVyIERvcmFuY2VdClNpZ2guLi4gQW55d2F5cywgSWYgdGhlcmUncyBhbnkgd2F5IHRvIHN0b3JlIGFuIGVub3Jtb3VzIGFtb3VudCBvZiBkYXRhLCBJIGNvdWxkIGJlIGFibGUgdG8gbWFrZSBhIHZlcnktc21hbGwgcG9ydGFibGUgdHJhbnNsYXRvci4=,,,,,W0VuZ2VuaGVpcm8gTWVjw6JuaWNvIERvcmFuY2VdCkFpLCBhaS4uLiBEZSBxdWFscXVlciBmb3JtYSwgc2UgaG91dmVyIGFsZ3VtYSBtYW5laXJhIGRlIGFybWF6ZW5hciB1bWEgcXVhbnRpZGFkZSBlbm9ybWUgZGUgZGFkb3MsIGV1IGNvbnNlZ3VpcmlhIGZhemVyIHVtIHRyYWR1dG9yIHBvcnTDoXRpbCBiZW0gcGVxdWVuby4=,,W0luZy4gbWVjw6FuaWNvIERvcmFuY2VdCipTdXNwaXJhKiBFbiBmaW4sIHNpIGV4aXN0aWVyYSBhbGd1bmEgbWFuZXJhIGRlIGd1YXJkYXIgdW5hIGdyYW4gY2FudGlkYWQgZGUgZGF0b3MsIGRlYmVyw61hIHBvZGVyIGZhYnJpY2FyIHVuIHRyYWR1Y3RvciBwb3J0w6F0aWwgZGltaW51dG8u
15Eh,,W01lY2hhbmljIEVuZ2luZWVyIERvcmFuY2VdCkkgaGVhcmQgdGhhdCBieSB1c2luZyB0aGUgTWFnaWNhbCBTcGVsbCBvZiBSdW5lLU1pZGdhcmQsIHlvdSBjb3VsZCB0cmFuc3Bvc2UgYSBkYXRhIHRvIGEgbWFnaWNhbCBwb3dlciBhbmQgbG9jayBpdCBpbnRvIGEgZ2VtLi4uLkknZCBsaWtlIHRvIGdldCBzb21lIHN1Z2dlc3Rpb24gZnJvbSB0aGUgTWFnaWNpYW4gb2YgUnVuZS1NaWRnYXJkLg==,,,,,W0VuZ2VuaGVpcm8gTWVjw6JuaWNvIERvcmFuY2VdCk91dmkgZGl6ZXIgcXVlLCB1c2FuZG8gbyBGZWl0acOnbyBNw6FnaWNvIGRlIFJ1bmUtTWlkZ2FyZCwgw6kgcG9zc8OtdmVsIHRyYW5zcG9yIGRhZG9zIHBhcmEgdW0gcG9kZXIgbcOhZ2ljbyBlIHByZW5kw6otbG8gZW0gdW1hIGdlbWEuLi4gR29zdGFyaWEgZGUgcmVjZWJlciBhbGd1bWEgc3VnZXN0w6NvIGRvIE1hZ28gZGUgUnVuYSBNaWRnYXJ0cy4=,,W0luZy4gbWVjw6FuaWNvIERvcmFuY2VdCkVzY3VjaMOpIHF1ZSwgbWVkaWFudGUgdW4gaGVjaGl6byBkZSBSdW5lLU1pZGdhcmQsIGVzIHBvc2libGUgdHJhbnNmb3JtYXIgaW5mb3JtYWNpw7NuIGVuIHBvZGVyIG3DoWdpY28geSBndWFyZGFybGEgZW4gdW5hIGpveWEuLi4gTWUgZ3VzdGFyw61hIGVzY3VjaGFyIGFsZ3VuYXMgc3VnZXJlbmNpYXMgZGVsIG1hZ28gZGUgUnVuZS1NaWRnYXJkLg==
2JEh,,W01lY2hhbmljIEVuZ2luZWVyIERvcmFuY2VdCldvdWxkIHlvdSBiZSBraW5kIHRvIGFzayB0aGVtIGZvciBhIGhlbHA/,,,,,W0VuZ2VuaGVpcm8gTWVjw6JuaWNvIERvcmFuY2VdClZvY8OqIHBvZGVyaWEgcGVkaXIgYWp1ZGEgYSBlbGVzPw==,,W0luZy4gbWVjw6FuaWNvIERvcmFuY2VdCsK/VGUgbW9sZXN0YXLDrWEgaXIgYSBwZWRpcmxlIGF5dWRhPw==
2ZEh,,W01lY2hhbmljIEVuZ2luZWVyIERvcmFuY2VdCldoaWxlIHlvdSBhcmUgZ29uZSwgSSBzaG91bGQgYmUgb3JnYW5pemluZyB0aGVzZSBkb2N1bWVudHMu,,,,,W0VuZ2VuaGVpcm8gTWVjw6JuaWNvIERvcmFuY2VdCkVucXVhbnRvIHZvY8OqIGVzdGl2ZXIgZm9yYSwgw6kgbWVsaG9yIGV1IGZpY2FyIG9yZ2FuaXphbmRvIGVzc2VzIGRvY3VtZW50b3Mu,,W0luZy4gbWVjw6FuaWNvIERvcmFuY2VdCk1pZW50cmFzIG5vIGVzdMOpcywgbWUgcXVlZGFyw6kgb3JnYW5pemFuZG8gbG9zIGRvY3VtZW50b3Mu
2pEh,,W01lY2hhbmljIEVuZ2luZWVyIERvcmFuY2VdCkhvdydkIGl0IGdvPw==,,,,,W0VuZ2VuaGVpcm8gTWVjw6JuaWNvIERvcmFuY2VdCkNvbW8gZm9pPw==,,W0luZy4gbWVjw6FuaWNvIERvcmFuY2VdCsK/Q8OzbW8gdGUgZnVlPw==
25Eh,,R2l2ZSBoaW0gdGhlIEdlbS4=,,,,,RGFyIGEgZWxlIGEgam9pYS4=,,RGFybGUgbGEgam95YS4=
3JEh,,W01lY2hhbmljIEVuZ2luZWVyIERvcmFuY2VdCkFoLCBMb29rcyBsaWtlIHlvdSd2ZSBzdWNjZWVkZWQuCklucHV0dGluZyBkYXRhIGludG8gYSBnZW0gd2l0aCBhIG1hZ2ljYWwgcG93ZXIuLi4gSXQncyBzb21ldGhpbmcgeW91IGNhbid0IGRvIHdpdGggYSB0ZWNobm9sb2d5Li4uIEl0J3MgYSBiaXQgcmVzZW50ZnVsIHRvIGFkbWl0LCBidXQgaXQncyBtYWduaWZpY2VudC4=,,,,,W0VuZ2VuaGVpcm8gTWVjw6JuaWNvIERvcmFuY2VdCkFoLCBwYXJlY2UgcXVlIHZvY8OqIGNvbnNlZ3VpdS4KSW5zZXJpciBkYWRvcyBlbSB1bWEgZ2VtYSBjb20gdW0gcG9kZXIgbcOhZ2ljby4uLiDDiSBhbGdvIHF1ZSBuw6NvIHNlIHBvZGUgZmF6ZXIgY29tIHRlY25vbG9naWEuLi4gRMOzaSB1bSBwb3VjbyBhZG1pdGlyLCBtYXMgw6kgbWFnbsOtZmljby4=,,W0luZy4gbWVjw6FuaWNvIERvcmFuY2VdCkFoLCBwYXJlY2UgcXVlIGxvIGxvZ3Jhc3RlLgpVc2FyIG1hZ2lhIHBhcmEgaW5ncmVzYXIgZGF0b3MgZW4gdW5hIGpveWEgZXMgYWxnbyBxdWUgbm8gc2UgcHVlZGUgaGFjZXIgY29uIGxhIHRlY25vbG9nw61hLi4uIE5vIG1lIGd1c3RhIG11Y2hvIGFkbWl0aXJsbywgcGVybyBlcyBtYWduw61maWNvLg==
3ZEh,,W01lY2hhbmljIEVuZ2luZWVyIERvcmFuY2VdCldlbGwgdGhlbiwgSSBzaG91bGQgYmUgd29ya2luZyBvbiBtYWtpbmcgYSBtYWNoaW5lIHRvIHJlYWQgdGhlIG1hZ2ljYWwgZGF0YSBpbiB0aGlzIEdlbSBzbyB3ZSBjb3VsZCB1c2UgdGhlbSByaWdodCBhd2F5Lg==,,,,,W0VuZ2VuaGVpcm8gTWVjw6JuaWNvIERvcmFuY2VdCkJlbSwgw6kgbWVsaG9yIGV1IHRyYWJhbGhhciBuYSBjcmlhw6fDo28gZGEgdW1hIG3DoXF1aW5hIHBhcmEgbGVyIG9zIGRhZG9zIG3DoWdpY29zIGRlc3NhIGpvaWEsIHBhcmEgcXVlIHBvc3NhbW9zIHVzw6EtbG9zIGltZWRpYXRhbWVudGUu,,W0luZy4gbWVjw6FuaWNvIERvcmFuY2VdCkJ1ZW5vLCBlbnRvbmNlcywgZGViZXLDrWEgdHJhYmFqYXIgZW4gbGEgY3JlYWNpw7NuIGRlIHVuYSBtw6FxdWluYSBxdWUgcHVlZGEgbGVlciBsb3MgZGF0b3MgbcOhZ2ljb3MgZGUgZXN0YSBqb3lhIHBhcmEgcXVlIGxvcyBwb2RhbW9zIHVzYXIgZGUgaW5tZWRpYXRvLg==
3pEh,,W01lY2hhbmljIEVuZ2luZWVyIERvcmFuY2VdCkhtbS4uLgpGb3J0dW5hdGVseSwgSXQgd29uJ3QgYmUgYXMgaGFyZCBhcyB3ZSB0aG91Z2h0Lg==,,,,,W0VuZ2VuaGVpcm8gTWVjw6JuaWNvIERvcmFuY2VdCkhtbS4uLgpGZWxpem1lbnRlLCBuw6NvIHNlcsOhIHTDo28gZGlmw61jaWwgcXVhbnRvIHBlbnPDoXZhbW9zLg==,,W0luZy4gbWVjw6FuaWNvIERvcmFuY2VdCk1tbS4uLgpQb3Igc3VlcnRlLCBubyBzZXLDoSB0YW4gZGlmw61jaWwgY29tbyBwZW5zYW1vcy4=
35Eh,,W01lY2hhbmljIEVuZ2luZWVyIERvcmFuY2VdCklmIHdlIHRyYW5zZm9ybSBhIG1hZ2ljYWwgcG93ZXIgd2F2ZSB0byBhbiBlbGV0cmljIHNpZ25hbCBhbmQgY29ubmVjdCBpdCB0byBhIGh1bWFuIGJvZHksIHRoZW4gdHJhbnNtaXQgYSBkYXRhIHRvIGEgYnJhaW4gZGlyZWN0bHkuIFRoYXQgd2lsbCBhbGxvdyB1cyB0byByZWNlaXZlIGFuZCB1bmRlcnN0YW5kIGEgZGF0YSB3aXRob3V0IGFueSBsb2FkaW5nIHByb2Nlc3Mu,,,,,W0VuZ2VuaGVpcm8gTWVjw6JuaWNvIERvcmFuY2VdClNlIHRyYW5zZm9ybWFybW9zIHVtYSBvbmRhIGRlIGVuZXJnaWEgbcOhZ2ljYSBlbSB1bSBzaW5hbCBlbMOpdHJpY28gZSBvIGNvbmVjdGFybW9zIGEgdW0gY29ycG8gaHVtYW5vLCB0cmFuc21pdGlyZW1vcyBvcyBkYWRvcyBkaXJldGFtZW50ZSBwYXJhIG8gY8OpcmVicm8uIElzc28gbm9zIHBlcm1pdGlyw6EgcmVjZWJlciBlIGVudGVuZGVyIG9zIGRhZG9zIHNlbSBuZW5odW0gcHJvY2Vzc28gZGUgY2FycmVnYW1lbnRvLg==,,W0luZy4gbWVjw6FuaWNvIERvcmFuY2VdClNpIHRyYW5zZm9ybWFtb3MgdW5hIG9uZGEgZW5lcmfDqXRpY2EgbcOhZ2ljYSBlbiB1bmEgc2XDsWFsIGVsw6ljdHJpY2EgeSBsYSBjb25lY3RhbW9zIGFsIGN1ZXJwbyBodW1hbm8sIHBvZHJlbW9zIHRyYW5zbWl0aXIgbG9zIGRhdG9zIGFsIGNlcmVicm8gZGUgZm9ybWEgZGlyZWN0YS4gRXNvIG5vcyBwZXJtaXRpcsOhIHJlY2liaXIgeSBjb21wcmVuZGVyIGxvcyBkYXRvcyBzaW4gbmluZ8O6biBwcm9jZXNvIGRlIGNhcmdhLg==
4JEh,,W01lY2hhbmljIEVuZ2luZWVyIERvcmFuY2VdCkkgZG9uJ3QgaGF2ZSB0aW1lIHRvIGV4cGxhaW4gZXZlcnl0aGluZy4gSSBoYXZlIHRvIHN0YXJ0IHRoZSB3b3JrIHJpZ2h0IGF3YXkuCldpdGggYWxsIHByZXBlcmF0aW9uIGRvbmUsIGFsbG93IG1lIGFib3V0IG9uZSBob3VyIHRvIGZpbmlzaCB0aGlzIHRoaW5nLg==,,,,,W0VuZ2VuaGVpcm8gTWVjw6JuaWNvIERvcmFuY2VdCk7Do28gdGVuaG8gdGVtcG8gcGFyYSBleHBsaWNhciB0dWRvLiBUZW5obyBxdWUgY29tZcOnYXIgbyB0cmFiYWxobyBpbWVkaWF0YW1lbnRlLgpDb20gdG9kYSBhIHByZXBhcmHDp8OjbyBmZWl0YSwgbWUgZMOqIGNlcmNhIGRlIHVtYSBob3JhIHBhcmEgdGVybWluYXIu,,W0luZy4gbWVjw6FuaWNvIERvcmFuY2VdCk5vIHRlbmdvIHRpZW1wbyBkZSBleHBsaWNhciB0b2RvLiBUZW5nbyBxdWUgZW1wZXphciBhIHRyYWJhamFyIGRlIGlubWVkaWF0by4KVW5hIHZleiBxdWUgZXN0w6luIHRvZG9zIGxvcyBwcmVwYXJhdGl2b3MsIG1lIHRvbWFyw6EgY2VyY2EgZGUgdW5hIGhvcmEgdGVybWluYXIgZXN0by4=
4ZEh,,W01lY2hhbmljIEVuZ2luZWVyIERvcmFuY2VdClNpZ2gsIFdoYXQgc2hvdWxkIEkgZG8gbm93PyE=,,,,,W0VuZ2VuaGVpcm8gTWVjw6JuaWNvIERvcmFuY2VdCkFpLCBhaSwgbyBxdWUgZGV2byBmYXplciBhZ29yYT8=,,W0luZy4gbWVjw6FuaWNvIERvcmFuY2VdCipTdXNwaXJhKiDCocK/WSBhaG9yYSBxdcOpIGhhZ28/IQ==
4pEh,,LSBEb3JhbmNlIGlzIHdhbGtpbmcgaGVyZSBhbmQgdGhlcmUgLQotIGluIGEgZGl0aGVyLiAt,,,,,LSBEb3JhbmNlIGFuZGEgZGUgdW0gbGFkbyBwYXJhIG8gb3V0cm8gLQotIHZpc2l2ZWxtZW50ZSBhZ2l0YWRvLiAt,,KERvcmFuY2UgY2FtaW5hIGRlIGFxdcOtIHBhcmEgYWxsw6EsCnZhY2lsYW5kbyku
45Eh,,W3swfV0KSXMgc29tZXRoaW5nIHdyb25nPyE=,,,,,W3swfV0KTyBxdWUgaG91dmU/IQ==,,W3swfV0KwqHCv0hheSBhbGfDum4gcHJvYmxlbWE/IQ==
5JEh,,W01lY2hhbmljIEVuZ2luZWVyIERvcmFuY2VdCldoYXQgc2hvdWxkIEkgZG8/ISBBaW4ndCBJIFJFQUxMWSBhIGdlbml1cz8h,,,,,W0VuZ2VuaGVpcm8gTWVjw6JuaWNvIERvcmFuY2VdCk8gcXVlIGRldm8gZmF6ZXI/ISBOw6NvIHNvdSBNRVNNTyB1bSBnw6puaW8/IQ==,,W0luZy4gbWVjw6FuaWNvIERvcmFuY2VdCsKhwr9RdcOpIGRlYm8gaGFjZXI/ISDCocK/Tm8gc295IHVuIGdlbmlvIERFIFZFUkRBRD8h
5ZEh,,W01lY2hhbmljIEVuZ2luZWVyIERvcmFuY2VdCkkndmUgbWFkZSBpdCEhIQ==,,,,,W0VuZ2VuaGVpcm8gTWVjw6JuaWNvIERvcmFuY2VdCkV1IGNvbnNlZ3VpIQ==,,W0luZy4gbWVjw6FuaWNvIERvcmFuY2VdCsKhTG8gbG9ncsOpIQ==
5pEh,,W01lY2hhbmljIEVuZ2luZWVyIERvcmFuY2VdCkNvbnZlbmllbnQgcG9ydGFibGUgc2l6ZSEKRmFzaGlvbmFibGUgYW5kIHByYWN0aWNhbCBkZXNpZ24hCkZlYXR1cmVzIHRoZSBPdGhlciBXb3JsZCdzIFdvcmRzIC8gSWRpb20gLyBHcmFtbWVyIC8gUGhyYXNlcyEh,,,,,W0VuZ2VuaGVpcm8gTWVjw6JuaWNvIERvcmFuY2VdClRhbWFuaG8gcG9ydMOhdGlsIGNvbnZlbmllbnRlIQpEZXNpZ24gZWxlZ2FudGUgZSBwcsOhdGljbyEKQXByZXNlbnRhIGFzIHBhbGF2cmFzIC8gZXhwcmVzc8O1ZXMgaWRpb23DoXRpY2FzIC8gZ3JhbcOhdGljYSAvIGZyYXNlcyBkbyBvdXRybyBtdW5kbyE=,,W0luZy4gbWVjw6FuaWNvIERvcmFuY2VdCsKhWSBlbiB1biBjw7Ntb2RvIHRhbWHDsW8gcG9ydMOhdGlsIQrCoUNvbiB1biBkaXNlw7FvIG1vZGVybm8geSBwcsOhY3RpY28hCsKhSW5jbHV5ZSBsYXMgcGFsYWJyYXMvZXhwcmVzaW9uZXMvZ3JhbcOhdGljYS9mcmFzZXMgZGVsIG90cm8gbXVuZG8h
55Eh,,W01lY2hhbmljIEVuZ2luZWVyIERvcmFuY2VdCkhhdmUgeW91IGV4cGVyaWVuY2UgdGhlIGxvYWRpbmcgc3BlZWQ/CkRvbid0IHlvdSBldmVuIG1lbnRpb24gaXQgaWYgeW91IGhhdmVuJ3Qu,,,,,W0VuZ2VuaGVpcm8gTWVjw6JuaWNvIERvcmFuY2VdClZvY8OqIGrDoSBleHBlcmltZW50b3UgZXNzYSB2ZWxvY2lkYWRlIGRlIGNhcnJlZ2FtZW50bz8KTmVtIG1lbmNpb25lIHNlIG7Do28gdGl2ZXIgZXhwZXJpbWVudGFkby4=,,W0luZy4gbWVjw6FuaWNvIERvcmFuY2VdCsK/WWEgcHJlc2VuY2lhc3RlIGxhIHZlbG9jaWRhZCBkZSBjYXJnYT8KTm8gZGlnYXMgbmFkYSBzaSBubyBsbyBoYXMgaGVjaG8u
6JEh,,W01lY2hhbmljIEVuZ2luZWVyIERvcmFuY2VdClRoYXQncyBub3QgYWxsIQpGb3IgdGhlIFdlbGwtQmVpbmcgbGlmZSwgaXQgd2lsbCBidWZmIHlvdXIgc3RyZW5ndGggYW5kIGludGVsbGlnZW5jZSEhISE=,,,,,W0VuZ2VuaGVpcm8gTWVjw6JuaWNvIERvcmFuY2VdCklzc28gbsOjbyDDqSB0dWRvIQpQZWxhIHZpZGEgYm9hLCBlbGUgYXVtZW50YXLDoSBzdWEgZm9yw6dhIGUgaW50ZWxpZ8OqbmNpYSEh,,W0luZy4gbWVjw6FuaWNvIERvcmFuY2VdCsKhUGVybyBlc28gbm8gZXMgdG9kbyEKUGFyYSB0dSBwcm9waW8gYmllbmVzdGFyLCDCoXBvdGVuY2lhcsOhIHR1IGZ1ZXJ6YSB5IHR1IGludGVsaWdlbmNpYSE=
6ZEh,,W01lY2hhbmljIEVuZ2luZWVyIERvcmFuY2VdCldpdGggYWxsIHRoZXNlIG1hcnZlbG91cyBmZWF0dXJlcywgaXQncyBqdXN0IDM5LDkwMCB6ZW55Li4uLiEhIQ==,,,,,W0VuZ2VuaGVpcm8gTWVjw6JuaWNvIERvcmFuY2VdCkNvbSB0b2RvcyBlc3NlcyByZWN1cnNvcyBtYXJhdmlsaG9zb3MsIGVsZSBjdXN0YSBhcGVuYXMgMzkuOTAwIFplbnkuLi4uIQ==,,W0luZy4gbWVjw6FuaWNvIERvcmFuY2VdClRvZGFzIGVzdGFzIGZ1bmNpb25lcyBtYXJhdmlsbG9zYXMsIMKheSBzb2xvIGN1ZXN0YSAzOTkwMCB6ZW55Li4uIQ==
6pEh,,W3swfV0KLi4uLkp1c3Qgd2hhdCBhcmUgeW91IHRyeWluZyB0byBpbWl0YXRlLi4u,,,,,W3swfV0KLi4uLk8gcXVlIHZvY8OqIGVzdMOhIHRlbnRhbmRvIGltaXRhci4uLg==,,W3swfV0Kwr8uLi5RdcOpIGludGVudGFzIGltaXRhci4uLj8=
65Eh,,W01lY2hhbmljIEVuZ2luZWVyIERvcmFuY2VdCkltcG9ydGFudCB0aGluZyBpcywgSSd2ZSBtYWRlIGl0ISE=,,,,,W0VuZ2VuaGVpcm8gTWVjw6JuaWNvIERvcmFuY2VdCk8gaW1wb3J0YW50ZSDDqSBxdWUgZXUgY29uc2VndWkh,,W0luZy4gbWVjw6FuaWNvIERvcmFuY2VdCsKhTG8gaW1wb3J0YW50ZSBlcyBxdWUgbG8gbG9ncsOpIQ==
7JEh,,W01lY2hhbmljIEVuZ2luZWVyIERvcmFuY2VdCldlbGwsIFNlZWluZyBpcyBiZWxpZXZpbmcuClRha2UgYSBsb29rLg==,,,,,W0VuZ2VuaGVpcm8gTWVjw6JuaWNvIERvcmFuY2VdCkJlbSwgdmVyIHBhcmEgY3Jlci4KRMOhIHVtYSBvbGhhZGEu,,W0luZy4gbWVjw6FuaWNvIERvcmFuY2VdCkJ1ZW5vLCB2ZXIgcGFyYSBjcmVlci4Kw4ljaGFsZSB1biB2aXN0YXpvLg==
7ZEh,,LSBIZSBoYW5kZWQgb3ZlciB0aGUgc21hbGwgcmluZy4gLQ==,,,,,LSBFbGUgdGUgZW50cmVnb3UgbyBwZXF1ZW5vIGFuZWwuIC0=,,KEVudHJlZ2EgZWwgcGVxdWXDsW8gYW5pbGxvKS4=
7pEh,,W01lY2hhbmljIEVuZ2luZWVyIERvcmFuY2VdClRoZSBuYW1lIGlzICd0aGUgUmluZyBvZiBXaXNlIEtpbmcnLiBJIGRlc2lnbmVkIGl0IGFmdGVyIHRoZSBSaW5nIHVzZWQgYnkgYW5jaWVudCBraW5nIHRvIGNvbW11bmljYXRlIHdpdGggYW5pbWFscy4=,,,,,W0VuZ2VuaGVpcm8gTWVjw6JuaWNvIERvcmFuY2VdCkVsZSBzZSBjaGFtYSAnQW5lbCBkbyBSZWkgU8OhYmlvJy4gRXUgbyBwcm9qZXRlaSBjb20gYmFzZSBubyBhbmVsIHVzYWRvIHBlbG8gYW50aWdvIHJlaSBwYXJhIHNlIGNvbXVuaWNhciBjb20gb3MgYW5pbWFpcy4=,,W0luZy4gbWVjw6FuaWNvIERvcmFuY2VdClNlIGxsYW1hIEFuaWxsbyBkZWwgcmV5IHNhYmlvLiBMbyBkaXNlw7HDqSBzZWfDum4gZWwgYW5pbGxvIHF1ZSB1c2FiYW4gbG9zIGFudGlndW9zIHJleWVzIHBhcmEgY29tdW5pY2Fyc2UgY29uIGxvcyBhbmltYWxlcy4=
75Eh,,W01lY2hhbmljIEVuZ2luZWVyIERvcmFuY2VdCkRvIG5vdCBqdXN0IGxvb2sgYXQgaXQgbGlrZSBhbnkgb3RoZXIgcmluZ3MuIFlvdSBzZWUgdGhpcyBzbWFsbCBnZW0gaGVyZT8gVGhpcyBzb2NrZXQgd2hpY2ggaG9sZHMgYSBnZW0gYW5kIGEgcmluZyBwYXJ0IGFyZSBwcmVjaXNlbHkgY3JhZnRlZCwgaXQgd2lsbCB0cmFuc2Zvcm0gYSBtYWdpY2FsIHBvd2VyIHdhdmUgdG8gZWxlY3RyaWMgc2lnbmFsIGFuZCB0cmFzbWl0IGl0IGRpcmVjdGx5IHRvIG91ciBicmFpbi4=,,,,,W0VuZ2VuaGVpcm8gTWVjw6JuaWNvIERvcmFuY2VdCk7Do28gYWNoZSBxdWUgw6kgcXVhbHF1ZXIgb3V0cm8gYW5lbC4gRXN0w6EgdmVuZG8gZXN0YSBnZW1hIHBlcXVlbmEgYXF1aT8gRXNzZSBzb3F1ZXRlIHF1ZSBjb250w6ltIHVtYSBnZW1hIGUgdW1hIHBhcnRlIGRvIGFuZWwgc8OjbyBmYWJyaWNhZG9zIGNvbSBwcmVjaXPDo28uIEVsZSB0cmFuc2Zvcm1hcsOhIHVtYSBvbmRhIGRlIGVuZXJnaWEgbcOhZ2ljYSBlbSB1bSBzaW5hbCBlbMOpdHJpY28gZSBvIHRyYW5zbWl0aXLDoSBkaXJldGFtZW50ZSBhbyBub3NzbyBjw6lyZWJyby4=,,W0luZy4gbWVjw6FuaWNvIERvcmFuY2VdCk5vIGxvIHZlYXMgY29tbyBjdWFscXVpZXIgb3RybyBhbmlsbG8uIMK/VmVzIGVzdGEgcGVxdWXDsWEgam95YT8gRXN0ZSBlbmdhcmNlIHF1ZSBhYnJhemEgbGEgam95YSB5IHVuYSBwYXJ0ZSBkZWwgYW5pbGxvIHNlIGZhYnJpY8OzIGNvbiBhbHRhIHByZWNpc2nDs24sIHRyYW5zZm9ybWEgdW5hIG9uZGEgZW5lcmfDqXRpY2EgbcOhZ2ljYSBlbiB1bmEgc2XDsWFsIGVsw6ljdHJpY2EgeSBsYSB0cmFuc21pdGUgZGUgZm9ybWEgZGlyZWN0YSBhbCBjZXJlYnJvLg==
8JEh,,W01lY2hhbmljIEVuZ2luZWVyIERvcmFuY2VdClNpbmNlIHRoaXMgZWxlY3RyaWMgc2lnbmFsIGlzIHNhbWUgYXMgdGhlIHNpZ25hbCB1c2VkIGJ5IG91ciBib2R5J3MgbmVydmUgc3lzdGVtLCBpdCB3aWxsIGVuYWJsZSB1cyB0byB1bmRlcnN0YW5kIGFuZCB1c2UgdGhlIGxhbmd1YWdlIGZsdWVudGx5Lg==,,,,,W01lY2hhbmljIEVuZ2luZWVyIERvcmFuY2VdCkNvbW8gZXNzZSBzaW5hbCBlbMOpdHJpY28gw6kgaWd1YWwgYW8gc2luYWwgdXNhZG8gcGVsbyBzaXN0ZW1hIG5lcnZvc28gZG8gbm9zc28gY29ycG8sIGVsZSBub3MgcGVybWl0aXLDoSBlbnRlbmRlciBlIHVzYXIgbyBpZGlvbWEgZmx1ZW50ZW1lbnRlLg==,,W0luZy4gbWVjw6FuaWNvIERvcmFuY2VdCkNvbW8gZXN0YSBzZcOxYWwgZWzDqWN0cmljYSBlcyBpZ3VhbCBhIGxhIHF1ZSB1c2EgZWwgc2lzdGVtYSBuZXJ2aW9zbyBkZWwgY3VlcnBvLCBub3MgcGVybWl0aXLDoSBlbnRlbmRlciB5IHVzYXIgZWwgaWRpb21hIGNvbiBmbHVpZGV6Lg==
8ZEh,,W01lY2hhbmljIEVuZ2luZWVyIERvcmFuY2VdCk9uY2UgdGhpcyB0cmFuc2xhdG9yIGdldHMgcG9wdWxhcml6ZWQsIGl0J2QgYmUganVzdCBhIG1hdHRlciBvZiB0aW1lIGZvciB1cyB0byBhZHZhbmNlIGludG8gdGhlIG90aGVyIHdvcmxkLiBXZWxsLCB0aGUgcHJvYmxlbSBpcy4uLndlIGRvbid0IGhhdmUgZW5vdWdoIHF1YW50aXR5IHlldC4uLg==,,,,,W0VuZ2VuaGVpcm8gTWVjw6JuaWNvIERvcmFuY2VdClF1YW5kbyBlc3NlIHRyYWR1dG9yIGZvciBwb3B1bGFyaXphZG8sIHNlcsOhIGFwZW5hcyB1bWEgcXVlc3TDo28gZGUgdGVtcG8gcGFyYSBhdmFuw6dhcm1vcyBwYXJhIG8gb3V0cm8gbXVuZG8uIEJlbSwgbyBwcm9ibGVtYSDDqSBxdWUuLi4gYWluZGEgbsOjbyB0ZW1vcyBxdWFudGlkYWRlIHN1ZmljaWVudGUuLi4=,,W0luZy4gbWVjw6FuaWNvIERvcmFuY2VdClVuYSB2ZXogcXVlIHNlIHBvcHVsYXJpY2UgZXN0ZSB0cmFkdWN0b3IsIHNlcsOhIGN1ZXN0acOzbiBkZSB0aWVtcG8gcGFyYSBxdWUgYXZhbmNlbW9zIGFsIG90cm8gbXVuZG8uIEJ1ZW5vLCBlbCBwcm9ibGVtYSBlcyBxdWUuLi4gVG9kYXbDrWEgbm8gdGVuZW1vcyBsYSBjYW50aWRhZCBzdWZpY2llbnRlLi4u
8pEh,,W01lY2hhbmljIEVuZ2luZWVyIERvcmFuY2VdCkhtbS4uLgpBbnl3YXlzLCBub3cgd2UndmUgZ290IHRoZSBpZGVhLCBJIHdpbGwgZ2l2ZSB5b3UgdGhpcyBmaXJzdCBwaWVjZSBvZiB3b3JrLg==,,,,,W0VuZ2VuaGVpcm8gTWVjw6JuaWNvIERvcmFuY2VdCkhtbS4uLgpEZSBxdWFscXVlciBmb3JtYSwgYWdvcmEgcXVlIGrDoSB0ZW1vcyBhIGlkZWlhLCBldSB2b3UgdGUgZGFyIGVzdGUgcHJpbWVpcm8gdHJhYmFsaG8u,,W0luZy4gbWVjw6FuaWNvIERvcmFuY2VdCk1tbS4uLgpJZ3VhbCwgeWEgdGVuZW1vcyBsYSBpZGVhLCB0ZSBkYXLDqSB1biBwcmltZXIgdHJhYmFqby4=
85Eh,,W01lY2hhbmljIEVuZ2luZWVyIERvcmFuY2VdClRoYW5rIHlvdSBmb3IgaGVscGluZyB1cyBvdXQuCkkgaG9wZSB0aGlzIHJpbmcgd291bGQgYmUgYSBiaWcgaGVscCBmb3IgeW91ciBqb3VybmV5IHRocm91Z2ggdGhlIG90aGVyIHdvcmxkLg==,,,,,W0VuZ2VuaGVpcm8gTWVjw6JuaWNvIERvcmFuY2VdCk9icmlnYWRvIHBvciBub3MgYWp1ZGFyLgpFc3Blcm8gcXVlIGVzc2UgYW5lbCBzZWphIGRlIGdyYW5kZSBhanVkYSBlbSBzdWEgam9ybmFkYSBwZWxvIG91dHJvIG11bmRvLg==,,W0luZy4gbWVjw6FuaWNvIERvcmFuY2VdCkdyYWNpYXMgcG9yIGF5dWRhcm5vcy4KRXNwZXJvIHF1ZSBlbCBhbmlsbG8gdGUgc2VhIGRlIGdyYW4gYXl1ZGEgY3VhbmRvIHZpYWplcyBwb3IgZWwgb3RybyBtdW5kby4=
9JEh,,LSBIZSBoYXMgc2NhdHRlcmVkIG1lY2hhbmljYWwgcGFydHMgLQotIGFsbCBvdmVyIHRoZSByb29tIGFuZCBzbyB3cmFwcGVkIHVwIC0KLSBpbiBoaXMgd29yayAt,,,,,LSBFbGUgdGVtIHBlw6dhcyBtZWPDom5pY2FzIGVzcGFsaGFkYXMgLQotIHBvciB0b2RhIGEgc2FsYSBlIGVzdMOhIHTDo28gZW52b2x2aWRvIC0KLSBubyB0cmFiYWxobyAt,,KEVzcGFyY2nDsyBwYXJ0ZXMgbWVjw6FuaWNhcwpwb3IgdG9kYSBsYSBoYWJpdGFjacOzbiB5IGVzdMOhIG11eSBhYnNvcnRvCmVuIHN1IHRyYWJham8pLg==
9ZEh,,LSBJIG1pZ2h0IGdldCBiaXR0ZW4gaWYgSSBib3RoZXIgaGltIC0KLSBMZXQncyBsZWF2ZSBoaW0gYWxvbmUgLQ==,,,,,LSBFbGUgcG9kZSBtZSBtb3JkZXIgc2UgZXUgbyBpbmNvbW9kYXIgLQotIE1lbGhvciBkZWl4YXIgZWxlIGVtIHBheiAt,,KFNpIGxvIG1vbGVzdG8sIHBvZHLDrWEgbW9yZGVybWUpLgooRGVqw6ltb3NsbyBlbiBwYXopLg==
9pEh,,W01lY2hhbmljIEVuZ2luZWVyIERvcmFuY2VdClRoYW5rIHlvdSBmb3IgeW91ciBoZWxwLg==,,,,,W0VuZ2VuaGVpcm8gTWVjw6JuaWNvIERvcmFuY2VdCk9icmlnYWRvIHBvciBzdWEgYWp1ZGEu,,W0luZy4gbWVjw6FuaWNvIERvcmFuY2VdCkdyYWNpYXMgcG9yIHR1IGF5dWRhLg==
95Eh,,W01lY2hhbmljIEVuZ2luZWVyIERvcmFuY2VdCkkgaG9wZSB0aGlzIHJpbmcgd291bGQgYmUgYSBiaWcgaGVscCBmb3IgeW91ciBqb3VybmV5IHRocm91Z2ggdGhlIG90aGVyIHdvcmxkLg==,,,,,W0VuZ2VuaGVpcm8gTWVjw6JuaWNvIERvcmFuY2VdCkVzcGVybyBxdWUgZXNzZSBhbmVsIHNlamEgZGUgZ3JhbmRlIGFqdWRhIGVtIHN1YSBqb3JuYWRhIHBlbG8gb3V0cm8gbXVuZG8u,,W0luZy4gbWVjw6FuaWNvIERvcmFuY2VdCkVzcGVybyBxdWUgZWwgYW5pbGxvIHRlIHNlYSBkZSBncmFuIGF5dWRhIGN1YW5kbyB2aWFqZXMgcG9yIGVsIG90cm8gbXVuZG8u
+JEh,,W01lY2hhbmljIEVuZ2luZWVyIERvcmFuY2VdCkRvIHlvdSBrbm93IGFib3V0IHRoZSBSaW5nIG9mIEFuY2llbnQgV2lzZSBLaW5nPyBJZiB5b3Ugd2VhciB0aGF0IFJpbmcsIHlvdSBjb3VsZCB0YWxrIHRvIGFuIGFuaW1hbC4=,,,,,W0VuZ2VuaGVpcm8gTWVjw6JuaWNvIERvcmFuY2VdClZvY8OqIGNvbmhlY2UgbyBBbmVsIGRvIEFudGlnbyBSZWkgU8OhYmlvPyBTZSB2b2PDqiB1c2FyIGVzc2UgYW5lbCwgcG9kZXLDoSBmYWxhciBjb20gYW5pbWFpcy4=,,W0luZy4gbWVjw6FuaWNvIERvcmFuY2VdCsK/Q29ub2NlcyBlbCBBbmlsbG8gZGVsIGFudGlndW8gcmV5IHNhYmlvPyBTaSB1c2FzIGVzZSBhbmlsbG8sIHB1ZWRlcyBoYWJsYXIgY29uIGxvcyBhbmltYWxlcy4=
+ZEh,,W01lY2hhbmljIEVuZ2luZWVyIERvcmFuY2VdCkkgZG9uJ3Qga25vdyBpZiBpdCBpcyBhIGxlZ2VuZCBiYXNlZCBvbiBhIHRydXRoIG9yIG5vdC4uLiBzb21ldGhpbmcgbGlrZSB0aGF0IHdpbGwgY29tZSBpbiBoYW5keS4=,,,,,W0VuZ2VuaGVpcm8gTWVjw6JuaWNvIERvcmFuY2VdCk7Do28gc2VpIHNlIMOpIHVtYSBsZW5kYSBjb20gYmFzZSBlbSB2ZXJkYWRlIG91IG7Do28uLi4gYWxnbyBhc3NpbSBzZXLDoSDDunRpbC4=,,W0luZy4gbWVjw6FuaWNvIERvcmFuY2VdCk5vIHPDqSBzaSBlcyB1bmEgbGV5ZW5kYSBiYXNhZGEgZW4gaGVjaG9zIHJlYWxlcyBvIG5vLi4uIFBlcm8gYWxnbyBhc8OtIHNlcsOtYSBtdXkgw7p0aWwu
+pEh,,W01lY2hhbmljIEVuZ2luZWVyIERvcmFuY2VdCi4uLkJ5IHRoZSB3YXksIFdobyBhcmUgeW91PyBUaGlzIGJ1aWxkaW5nIGlzIHVuZGVyIENvbW1hbmRlcidzIGNvbnRyb2wuIFRoaXMgcGxhY2UgaXMgbm90IHRvIGJlIGVudGVyZWQgZnJlZWx5Li4uIEFyZSB5b3UgYWNxdWFpbnRlZCB3aXRoIG91ciBDb21tYW5kZXI/,,,,,W0VuZ2VuaGVpcm8gTWVjw6JuaWNvIERvcmFuY2VdCi4uLiBBIHByb3DDs3NpdG8sIHF1ZW0gw6kgdm9jw6o/IEVzdGUgcHLDqWRpbyBlc3TDoSBzb2IgbyBjb250cm9sZSBkbyBDb21hbmRhbnRlLiBOw6NvIHNlIHBvZGUgZW50cmFyIGxpdnJlbWVudGUgYXF1aS4uLiBWb2PDqiBjb25oZWNlIG8gbm9zc28gQ29tYW5kYW50ZT8=,,W0luZy4gbWVjw6FuaWNvIERvcmFuY2VdClBvciBjaWVydG8sIMK/cXVpw6luIGVyZXM/IEVzdGUgcmVjaW50byBlc3TDoSBiYWpvIGVsIG1hbmRvIGRlbCBjb21hbmRhbnRlLiBObyBzZSBwdWVkZSBpbmdyZXNhciBsaWJyZW1lbnRlLi4uIMK/Q29ub2NlcyBhIG51ZXN0cm8gY29tYW5kYW50ZT8=
+5Eh,,W01lY2hhbmljIEVuZ2luZWVyIERvcmFuY2VdCkFyZSB5b3UgbG9va2luZyBmb3Igc29tZXRoaW5nIHRvIGRvPyBQZXJoYXBzIEkgY291bGQgdXNlIHNvbWUgaGVscC4uLiBXZWxsLCBJIGRvbid0IGtub3cgaWYgeW91IGFyZSB0cnVzdHdvcnRoeSBqdXN0IHlldC4=,,,,,W0VuZ2VuaGVpcm8gTWVjw6JuaWNvIERvcmFuY2VdCkVzdMOhIHByb2N1cmFuZG8gYWxnbyBwYXJhIGZhemVyPyBUYWx2ZXogZXUgcHJlY2lzZSBkZSBhanVkYS4uLiBCZW0sIGFpbmRhIG7Do28gc2VpIHNlIHZvY8OqIG1lcmVjZSBjb25maWFuw6dhLg==,,W0luZy4gbWVjw6FuaWNvIERvcmFuY2VdCsK/QnVzY2FzIGFsZ28gcXVlIGhhY2VyPyBRdWl6w6FzIG1lIHZlbmRyw61hIGJpZW4gYWxnbyBkZSBheXVkYS4uLiBCdWVubywgdG9kYXbDrWEgbm8gc8OpIHNpIGVyZXMgY29uZmlhYmxlLg==
/JEh,,W01lY2hhbmljIEVuZ2luZWVyIERvcmFuY2VdCklmIHlvdSBhcmUgZ29vZCBlbm91Z2ggdG8gc29sdmUgc29tZSBwcm9ibGVtcyB3aXRoaW4gdGhlIGV4cGVkaXRpb24gY2FtcCwgYW5kIGNhcnJ5IG91dCBhIG1pc3Npb24gZ2l2ZW4gYnkgQ29tbWFuZGVyLi4uIHRoZW4gSSB0aGluayBJIGNvdWxkIHRydXN0IHlvdS4=,,,,,W0VuZ2VuaGVpcm8gTWVjw6JuaWNvIERvcmFuY2VdClNlIHZvY8OqIGZvciBjb25zZWd1aXIgcmVzb2x2ZXIgYWxndW5zIHByb2JsZW1hcyBubyBhY2FtcGFtZW50byBkYSBleHBlZGnDp8OjbyBlIHJlYWxpemFyIHVtYSBtaXNzw6NvIGRhZGEgcGVsbyBDb21hbmRhbnRlLi4uIGVudMOjbyBhY2hvIHF1ZSBwb3NzbyBjb25maWFyIGVtIHZvY8OqLg==,,W0luZy4gbWVjw6FuaWNvIERvcmFuY2VdClNpIGxvZ3JhcyByZXNvbHZlciBhbGd1bm9zIHByb2JsZW1hcyBlbiBlbCBjYW1wYW1lbnRvIGRlIGxhIGV4cGVkaWNpw7NuIHkgbGxldmFyIGEgY2FibyB1bmEgbWlzacOzbiBxdWUgZW5jb21lbmTDsyBlbCBjb21hbmRhbnRlLi4uIEVudG9uY2VzLCBjcmVvIHF1ZSBwb2Ryw61hIGNvbmZpYXIgZW4gdGku
/ZEh,,QXJ1bmFmZWx0eiBMaW5ndWlzdA==,,,,,TGluZ3Vpc3RhIGRlIEFydW5hZmVsdHo=,,TGluZ8O8aXN0YSBkZSBBcnVuYWZlbHR6
/pEh,,W0xpbmd1aXN0IERpY3Rpb25hcnldCkxhbmd1YWdlIGRpc3Rpbmd1aXNoZXMgaHVtYW5zIGZyb20gYW5pbWFscy4gRXZlcnkgc2luZ2xlIGludGVsbGVjdHVhbCBsaWZlIGZvcm0gaGFzIHRoZWlyIG93biBsYW5ndWFnZS4=,,,,,W0xpbmd1aXN0YSBEaWNpb27DoXJpb10KQSBsaW5ndWFnZW0gZGlzdGluZ3VlIG9zIHNlcmVzIGh1bWFub3MgZG9zIGFuaW1haXMuIFRvZGEgZm9ybWEgZGUgdmlkYSBpbnRlbGVjdHVhbCB0ZW0gc3VhIHByw7NwcmlhIGxpbmd1YWdlbS4=,,W0xpbmfDvGlzdGEgZGUgQXJ1bmFmZWx0el0KRWwgaWRpb21hIGRpc3Rpbmd1ZSBhIGxvcyBodW1hbm9zIGRlIGxvcyBhbmltYWxlcy4gQ2FkYSBmb3JtYSBkZSB2aWRhIGludGVsaWdlbnRlIHRpZW5lIHN1IHByb3BpbyBpZGlvbWEu
/5Eh,,W0xpbmd1aXN0IERpY3Rpb25hcnldCkxhbmd1YWdlIGlzIGEgbWV0aG9kIC8gc3lzdGVtIHdoaWNoIGRlbGlldmVycyBvbmUncyBmZWVsaW5nIG9yIHRoaW5raW5nIGJ5IHZvaWNlIG9yIGxldHRlcnMuIEFueXdheSwgaXRzIHB1cnBvc2UgaXMgdG8gY29tbXVuaWNhdGUu,,,,,W0xpbmd1aXN0YSBEaWNpb27DoXJpb10KTyBpZGlvbWEgw6kgdW0gbcOpdG9kby9zaXN0ZW1hIHF1ZSB0cmFuc21pdGUgbyBzZW50aW1lbnRvIG91IG8gcGVuc2FtZW50byBkZSB1bWEgcGVzc29hIHBvciBtZWlvIGRlIHZveiBvdSBsZXRyYXMuIERlIHF1YWxxdWVyIGZvcm1hLCBzdWEgZmluYWxpZGFkZSDDqSBhIGNvbXVuaWNhw6fDo28u,,W0xpbmfDvGlzdGEgZGUgQXJ1bmFmZWx0el0KRWwgaWRpb21hIGVzIHVuIG3DqXRvZG8gbyBzaXN0ZW1hIHF1ZSB0cmFuc21pdGUgbG9zIHNlbnRpbWllbnRvcyBvIGxvcyBwZW5zYW1pZW50b3MgbWVkaWFudGUgbGEgdm96IG8gbGFzIGxldHJhcy4gRGUgdG9kb3MgbW9kb3MsIHN1IGZpbiBlcyBjb211bmljYXIu
AJIh,,W0xpbmd1aXN0IERpY3Rpb25hcnldCkRpZmZlcmVuY2UgYmV0d2VlbiBhIGxhbmd1YWdlIGFuZCBhIHNvdW5kIGlzIHRoYXQgbGFuZ3VhZ2UgaXMgYSBzb2NpYWxseSBpbXBsaWVkIHByb21pc2UgYnkgbWFraW5nIGNvbW1vbiBzeXN0ZW0gb2YgY29tbXVuaWNhdGlvbiB0byBtYWtlIGl0IHBvc3NpYmxlIHRvIHVuZGVyc3RhbmQgZWFjaG90aGVyLg==,,,,,W0xpbmd1aXN0YSBEaWNpb27DoXJpb10KQSBkaWZlcmVuw6dhIGVudHJlIHVtIGlkaW9tYSBlIHVtIHNvbSDDqSBxdWUgbyBpZGlvbWEgw6kgdW1hIHByb21lc3NhIHNvY2lhbG1lbnRlIGltcGzDrWNpdGEgZGUgY3JpYXIgdW0gc2lzdGVtYSBjb211bSBkZSBjb211bmljYcOnw6NvIHBhcmEgcG9zc2liaWxpdGFyIGEgY29tcHJlZW5zw6NvIG3DunR1YS4=,,W0xpbmfDvGlzdGEgZGUgQXJ1bmFmZWx0el0KTGEgZGlmZXJlbmNpYSBlbnRyZSB1biBpZGlvbWEgeSB1biBzb25pZG8sIGVzIHF1ZSBlbCBpZGlvbWEgZXMgdW4gY29udHJhdG8gc29jaWFsIGltcGzDrWNpdG8gcXVlIGVzdGFibGVjZSB1biBzaXN0ZW1hIGNvbcO6biBkZSBjb211bmljYWNpw7NuIHF1ZSBwZXJtaXRlIHF1ZSBub3MgZW50ZW5kYW1vcyBtdXR1YW1lbnRlLg==
AZIh,,W0xpbmd1aXN0IERpY3Rpb25hcnldClRoYXQgU29jaWFsbHkgaW1wbGllZCBwcm9taXNlLCBpZiB3ZSBjb3VsZCBncmFzcCB0aGUgbWVhbmluZyBvZiBhIHN5c3RlbSBhbmQgc3RydWN0dXJlLCB3ZSB3aWxsIGJlIGFibGUgdG8gdW5kZXJzdGFuZCBvdGhlciBpbnRlbGxlY3R1YWwgbGlmZSBmb3JtJ3MgbGFuZ3VhZ2UuLi4KLi4uLi4uLi4uLi4uLi4uLi4uLi4uLi4uLi4uLi4uLi4uLi5BbmQganVzdCB3aG8gbWlnaHQgeW91IGJlPw==,,,,,W0xpbmd1aXN0YSBEaWNpb27DoXJpb10KRXNzYSBwcm9tZXNzYSBzb2NpYWxtZW50ZSBpbXBsw61jaXRhIGRlLCBzZSBwdWRlcm1vcyBjb21wcmVlbmRlciBvIHNpZ25pZmljYWRvIGRlIHVtIHNpc3RlbWEgZSBkZSB1bWEgZXN0cnV0dXJhLCBub3MgdG9ybmFybW9zIGNhcGF6ZXMgZGUgZW50ZW5kZXIgYSBsaW5ndWFnZW0gZGUgb3V0cmFzIGZvcm1hcyBkZSB2aWRhIGludGVsaWdlbnRlLi4uCi4uLi4uLi4uLi4uLi4uLi4uLi4uLi4uLi4uLi4uLi4uLi4uIEUgcXVlbSDDqSB2b2PDqj8=,,W0xpbmfDvGlzdGEgZGUgQXJ1bmFmZWx0el0KR3JhY2lhcyBhIGVzZSBjb250cmF0byBzb2NpYWwgaW1wbMOtY2l0bywgc2kgbG9ncmFtb3MgY29tcHJlbmRlciBlbCBzaWduaWZpY2FkbyBkZSB1biBzaXN0ZW1hIHkgc3UgZXN0cnVjdHVyYSwgc2VyZW1vcyBjYXBhY2VzIGRlIGVudGVuZGVyIGVsIGlkaW9tYSBkZSBvdHJhcyBmb3JtYXMgZGUgdmlkYSBpbnRlbGlnZW50ZS4KT3llLCDCv3kgdMO6IHF1acOpbiBlcmVzPw==
ApIh,,W0xpbmd1aXN0IERpY3Rpb25hcnldClRoaXMgaXMgYSByZXN0cmljdGVkIHBsYWNlIHVuZGVyIGNvbnRyb2wgb2Ygb3VyIENvbW1hbmRlci4gTm8gb25lIGNvdWxkIGVudGVyIGhlcmUgd2l0aG91dCBwcm9wZXIgYXBwcm92YWwuLi4gQXJlIHlvdSBhY3F1YWludGVkIHdpdGggb3VyIENvbW1hbmRlcj8=,,,,,W0xpbmd1aXN0YSBEaWNpb27DoXJpb10KRXN0ZSDDqSB1bSBsb2NhbCByZXN0cml0bywgc29iIG8gY29udHJvbGUgZG8gbm9zc28gQ29tYW5kYW50ZS4gTmluZ3XDqW0gcG9kZSBlbnRyYXIgYXF1aSBzZW0gYSBkZXZpZGEgYXByb3Zhw6fDo28uLi4gVm9jw6ogY29uaGVjZSBvIG5vc3NvIGNvbWFuZGFudGU/,,W0xpbmfDvGlzdGEgZGUgQXJ1bmFmZWx0el0KRXN0YSBlcyB1biDDoXJlYSByZXN0cmluZ2lkYSBiYWpvIGVsIGNvbnRyb2wgZGVsIGNvbWFuZGFudGUuIE5hZGllIHB1ZWRlIGVudHJhciBzaW4gbGEgYXV0b3JpemFjacOzbiBjb3JyZXNwb25kaWVudGUuLi4gwr9Db25vY2VzIGEgbnVlc3RybyBjb21hbmRhbnRlPw==
A5Ih,,W0xpbmd1aXN0IERpY3Rpb25hcnldCkxhbmd1YWdlIGlzIGEgZGlzdGluY3RpdmUgZmVhdHVyZSBvZiBodW1hbiByYWNlIGNvbXBhcmVkIHRvIGFuaW1hbHMuIEV2ZXJ5IHNpbmdsZSBpbnRlbGxlY3R1YWwgbGlmZSBmb3JtIGhhcyB0aGVpciBvd24gbGFuZ3VhZ2Uu,,,,,W0xpbmd1aXN0YSBEaWNpb27DoXJpb10KQSBsaW5ndWFnZW0gw6kgdW1hIGNhcmFjdGVyw61zdGljYSBkaXN0aW50aXZhIGRhIHJhw6dhIGh1bWFuYSBlbSBjb21wYXJhw6fDo28gY29tIG9zIGFuaW1haXMuIFRvZGEgZm9ybWEgZGUgdmlkYSBpbnRlbGlnZW50ZSB0ZW0gc3VhIHByw7NwcmlhIGxpbmd1YWdlbS4=,,W0xpbmfDvGlzdGEgZGUgQXJ1bmFmZWx0el0KRWwgaWRpb21hIGVzIHVuIHJhc2dvIGNhcmFjdGVyw61zdGljbyBkZSBsYSByYXphIGh1bWFuYSBlbiBjb21wYXJhY2nDs24gY29uIGxvcyBhbmltYWxlcy4gQ2FkYSBmb3JtYSBkZSB2aWRhIGludGVsaWdlbnRlIHRpZW5lIHN1IHByb3BpbyBpZGlvbWEu
BJIh,,W0xpbmd1aXN0IERpY3Rpb25hcnldClRoYXQgU29jaWFsbHkgaW1wbGllZCBwcm9taXNlLCBpZiB3ZSBjb3VsZCBncmFzcCB0aGUgbWVhbmluZyBvZiBhIHN5c3RlbSBhbmQgc3RydWN0dXJlLCB3ZSB3aWxsIGJlIGFibGUgdG8gdW5kZXJzdGFuZCBvdGhlciBpbnRlbGxlY3R1YWwgbGlmZSBmb3JtJ3MgbGFuZ3VhZ2UuLi4KQW5kIGp1c3Qgd2hvIG1pZ2h0IHlvdSBiZT8=,,,,,W0xpbmd1aXN0YSBEaWNpb27DoXJpb10KRXNzYSBwcm9tZXNzYSBzb2NpYWxtZW50ZSBpbXBsw61jaXRhIGRlLCBzZSBwdWRlcm1vcyBjb21wcmVlbmRlciBvIHNpZ25pZmljYWRvIGRlIHVtIHNpc3RlbWEgZSBkZSB1bWEgZXN0cnV0dXJhLCBzZXJtb3MgY2FwYXplcyBkZSBlbnRlbmRlciBhIGxpbmd1YWdlbSBkZSBvdXRyYXMgZm9ybWFzIGRlIHZpZGEgaW50ZWxpZ2VudGUuLi4KRSBxdWVtIHNlcmlhIHZvY8OqPw==,,W0xpbmfDvGlzdGEgZGUgQXJ1bmFmZWx0el0KR3JhY2lhcyBhIGVzZSBjb250cmF0byBzb2NpYWwgaW1wbMOtY2l0bywgc2kgbG9ncmFtb3MgY29tcHJlbmRlciBlbCBzaWduaWZpY2FkbyBkZSB1biBzaXN0ZW1hIHkgc3UgZXN0cnVjdHVyYSwgc2VyZW1vcyBjYXBhY2VzIGRlIGVudGVuZGVyIGVsIGlkaW9tYSBkZSBvdHJhcyBmb3JtYXMgZGUgdmlkYSBpbnRlbGlnZW50ZS4KT3llLCDCv3kgdMO6IHF1acOpbiBlcmVzPw==
BZIh,,SSBhbSBNZSE=,,,,,RXUgc291IGV1IQ==,,wqFTb3kgeW8h
BpIh,,SSBkb24ndCBoYXZlIGEgbmFtZSB0byB0ZWxsIHlvdSE=,,,,,TsOjbyB0ZW5obyB1bSBub21lIHBhcmEgdGUgZGFyIQ==,,wqFObyB0ZW5nbyB1biBub21icmUh
B5Ih,,W0xpbmd1aXN0IERpY3Rpb25hcnldCldoYXQgdGhlIGhlY2s/CklmIHlvdSBhcmUgc28gYm9yZWQsIHdoeSBkb24ndCB5b3UgZ28gZmlzaGluZz8=,,,,,W0xpbmd1aXN0YSBEaWNpb27DoXJpb10KTWFzIHF1ZSBkaWFib3M/ClNlIG8gdMOpZGlvIGVzdMOhIHRlIG1hdGFuZG8gYXNzaW0sIHBvciBxdWUgbsOjbyB2YWkgcGVzY2FyPw==,,W0xpbmfDvGlzdGEgZGUgQXJ1bmFmZWx0el0Kwr9RdcOpIGRlbW9uaW9zPwpTaSBlc3TDoXMgdGFuIGFidXJyaWRvLCDCv3BvciBxdcOpIG5vIHZhcyBhIHBlc2Nhcj8=
CJIh,,W0xpbmd1aXN0IERpY3Rpb25hcnldCkFofiBJJ3ZlIGhlYXJkIGZyb20gb3VyIENvbW1hbmRlciBhYm91dCB5b3UuIFlvdSd2ZSBkb25lIG11Y2ggZm9yIHRoZSBNaWRnYXJkIEFsbGlhbmNlIENhbXAuIEFueXdheXMsIHdoYXQgYnJpbmdzIHlvdSBoZXJlPw==,,,,,W0xpbmd1aXN0YSBEaWNpb27DoXJpb10KQWh+IE5vc3NvIENvbWFuZGFudGUgZmFsb3UgZGUgdm9jw6ouIFZvY8OqIGZleiBtdWl0byBwZWxvIEFjYW1wYW1lbnRvIGRhIEFsaWFuw6dhIGRlIE1pZGdhcmQuIEVuZmltLCBvIHF1ZSB0ZSB0cmF6IGFxdWk/,,W0xpbmfDvGlzdGEgZGUgQXJ1bmFmZWx0el0KQWguIEVzY3VjaMOpIGFsIGNvbWFuZGFudGUgaGFibGFyIGRlIHRpLiBIaWNpc3RlIG11Y2hvIHBvciBlbCBDYW1wYW1lbnRvIGRlIGxhIEFsaWFuemEgZGUgTWlkZ2FyZC4gRW4gZmluLCDCv3F1w6kgdGUgdHJhZSBwb3IgYXF1w60/
CZIh,,SSB0aG91Z2ggSSd2ZSBjb25mdXNlZCB5b3UgYSBiaXQuLi4=,,,,,QWNobyBxdWUgdGUgY29uZnVuZGkgdW0gcG91Y28uLi4=,,Q3JlbyBxdWUgdGUgY29uZnVuZMOtIHVuIHBvY28uLi4=
CpIh,,V2hhdCB3ZXJlIHlvdSBkb2luZz8=,,,,,TyBxdWUgdm9jw6ogZXN0YXZhIGZhemVuZG8/,,wr9RdcOpIGhhY8OtYXM/
C5Ih,,W0xpbmd1aXN0IERpY3Rpb25hcnldCkNvbmZ1c2lvbiBpcyBhIGZlZWxpbmcgdGhhdCBjb21lcyBmcm9tIGRpc3RyYWN0aW9uIG9mIG9uZSdzIG1pbmQgd2hlbiBzb21ldGhpbmcgdGhhdCBjb3VsZG4ndCBiZSBwcmVkaWN0ZWQgaGFwcGVucy4gSSdtIG5vdCBhIHBlcnNvbiB3aG8gZWFzaWx5IGdldHMgY29uZnVzZWQu,,,,,W0xpbmd1aXN0YSBEaWNpb27DoXJpb10KQ29uZnVzw6NvIMOpIHVtIHNlbnRpbWVudG8gcXVlIHZlbSBkYSBkaXN0cmHDp8OjbyBkYSBtZW50ZSBkZSB1bWEgcGVzc29hIHF1YW5kbyBhbGdvIHF1ZSBuw6NvIHBvZGVyaWEgc2VyIHByZXZpc3RvIGFjb250ZWNlLiBOw6NvIHNvdSB1bWEgcGVzc29hIHF1ZSBzZSBjb25mdW5kZSBmYWNpbG1lbnRlLg==,,W0xpbmfDvGlzdGEgZGUgQXJ1bmFmZWx0el0KTGEgY29uZnVzacOzbiBlcyB1biBzZW50aW1pZW50byBxdWUgc2UgZGEgY3VhbmRvIGxhIG1lbnRlIHNlIGRpc3RyYWUgcG9ycXVlIHN1Y2VkZSBhbGdvIHF1ZSBubyBwdWRvIHByZWRlY2lyLiBObyBzdWVsbyBjb25mdW5kaXJtZSBmw6FjaWxtZW50ZS4=
DJIh,,W0xpbmd1aXN0IERpY3Rpb25hcnldCkknbSBhIGxpbmd1aXN0IGZyb20gQXJ1bmFmZWx0ei4gSSdtIGEgc2Nob2xvciB3aG8gc3R1ZGllcyBhIHN5c3RlbSBhbmQgYSBzdHJ1Y3R1cmUgb2YgZXZlcnkga2luZHMgb2YgbGFuZ3VhZ2UgaW4gdGhlIHdvcmxkLgpBbmQuLi5kb24ndCB5b3UgdGhpbmsgdGhlIHJlYXNvbiBtYW4gbGlrZSBtZSBpcyBoZXJlIGlzIHRoYXQgdGhlcmUncyBhIHByZWRpY3RhYmxlIGNhdXNlPw==,,,,,W0xpbmd1aXN0YSBEaWNpb27DoXJpb10KU291IHVtIGxpbmd1aXN0YSBkZSBBcnVuYWZlbHR6LiBVbSBhY2Fkw6ptaWNvIHF1ZSBlc3R1ZGEgbyBzaXN0ZW1hIGUgYSBlc3RydXR1cmEgZGUgdG9kb3Mgb3MgdGlwb3MgZGUgbGluZ3VhZ2VtIGRvIG11bmRvLgpFLi4uIHZvY8OqIG7Do28gYWNoYSBxdWUgYSByYXrDo28gcGVsYSBxdWFsIHVtIGhvbWVtIGNvbW8gZXUgZXN0w6EgYXF1aSDDqSBxdWUgZXhpc3RlIHVtYSBjYXVzYSBwcmV2aXPDrXZlbD8=,,W0xpbmfDvGlzdGEgZGUgQXJ1bmFmZWx0el0KU295IHVuIGxpbmfDvGlzdGEgZGUgQXJ1bmFmZWx0ei4gU295IHVuIGVydWRpdG8gcXVlIGVzdHVkaWEgZWwgc2lzdGVtYSB5IGxhIGVzdHJ1Y3R1cmEgZGUgdG9kb3MgbG9zIHRpcG9zIGRlIGlkaW9tYXMgZGVsIG11bmRvLgpZLi4uIMK/Tm8gY3JlZXMgcXVlIGVzIG9idmlvIHBvciBxdcOpIGFsZ3VpZW4gY29tbyB5byBlc3TDoSBhcXXDrT8=
DZIh,,W0xpbmd1aXN0IERpY3Rpb25hcnldCkZyb20gd2hhdCBJIGhlYXJkLCB5b3UndmUgZG9uZSBtdWNoIGZvciB0aGUgTWlkZ2FyZCBBbGxpYW5jZSBSZXNlYXJjaCBHcm91cC4KQW5kIHdoaWxlIHlvdSB3ZXJlIGhlbHBpbmcgdXMsIEkgYmVsaWV2ZSB5b3UndmUgc2VlbiBhbmQgdmlzaXRlZCBtYW55IHBsYWNlcyBoZXJlIGluIHRoZSBvaGVyIHdvcmxkLg==,,,,,W0xpbmd1aXN0YSBEaWNpb27DoXJpb10KUGVsbyBxdWUgb3V2aSwgdm9jw6ogZmV6IG11aXRvIHBlbG8gR3J1cG8gZGUgUGVzcXVpc2EgZGEgQWxpYW7Dp2EgZGUgTWlkZ2FydHMuCkUgZW5xdWFudG8gbm9zIGFqdWRhdmEsIGFjcmVkaXRvIHF1ZSB0ZW5oYSB2aXN0byBlIHZpc2l0YWRvIG11aXRvcyBsdWdhcmVzIGFxdWkgbm8gb3V0cm8gbXVuZG8u,,W0xpbmfDvGlzdGEgZGUgQXJ1bmFmZWx0el0KUG9yIGxvIHF1ZSBlc2N1Y2jDqSwgYXl1ZGFzdGUgbXVjaG8gYWwgZ3J1cG8gZGUgaW52ZXN0aWdhY2nDs24gZGUgbGEgQWxpYW56YSBkZSBNaWRnYXJkLgpZLCBtaWVudHJhcyBub3MgYXl1ZGFiYXMsIGNyZW8gcXVlIHZpc3RlIHkgdmlzaXRhc3RlIG11Y2hvcyBsdWdhcmVzIGRlbCBvdHJvIG11bmRvLg==
DpIh,,W0xpbmd1aXN0IERpY3Rpb25hcnldCkhhdmUgeW91IG1ldCB0aGUgb3RoZXIgd29ybGQncyBwZW9wbGUgYnkgYW55IGNoYW5jZT8=,,,,,W0xpbmd1aXN0YSBEaWNpb27DoXJpb10KUG9yIGFjYXNvLCB2b2PDqiBqw6EgY29uaGVjZXUgbyBwb3ZvIGRvIG91dHJvIG11bmRvPw==,,W0xpbmfDvGlzdGEgZGUgQXJ1bmFmZWx0el0Kwr9EZSBjYXN1YWxpZGFkIGNvbm9jaXN0ZSBhIGxvcyBoYWJpdGFudGVzIGRlbCBvdHJvIG11bmRvPw==
D5Ih,,W0xpbmd1aXN0IERpY3Rpb25hcnldCkhtbSwgU28gWW91IGhhdmVuJ3QgbWV0IGFueSBvZiB0aGVtIHlldC4=,,,,,W0xpbmd1aXN0YSBEaWNpb27DoXJpb10KSG1tLCBlbnTDo28gdm9jw6ogYWluZGEgbsOjbyBjb25oZWNldSBuZW5odW0gZGVsZXMu,,W0xpbmfDvGlzdGEgZGUgQXJ1bmFmZWx0el0KTW1tLCB0b2RhdsOtYSBubyBjb25vY2lzdGUgYSBuYWRpZS4=
EJIh,,W0xpbmd1aXN0IERpY3Rpb25hcnldClJ1bW9yIGhlcmUgc2F5cyB0aGF0IHRoZXJlJ3MgYSBmYWlyeS1sb29raW5nIGFuZCBhIGdpYW50IHdvb2QgcGVvcGxlIGxpdmluZyBvdXQgaW4gdGhlIGZpZWxkcyBuZXh0IHRvIG91ciBjYW1wIGhlcmUu,,,,,W0xpbmd1aXN0YSBEaWNpb27DoXJpb10KSMOhIHJ1bW9yZXMgZGUgcXVlIGjDoSB1bSBwb3ZvIGNvbSBhcGFyw6puY2lhIGRlIGZhZGFzIGUgb3V0cm8sIGdpZ2FudGUsIGZlaXRvIGRlIG1hZGVpcmEsIHZpdmVuZG8gbm9zIGNhbXBvcyBwcsOzeGltb3MgYW8gbm9zc28gYWNhbXBhbWVudG8gYXF1aS4=,,W0xpbmfDvGlzdGEgZGUgQXJ1bmFmZWx0el0KU2UgZGljZSBxdWUsIGVuIGxvcyBjYW1wb3MganVudG8gYWwgY2FtcGFtZW50bywgdml2ZW4gcGVyc29uYXMgY29uIGFzcGVjdG8gZGUgaGFkYXMgeSBnaWdhbnRlcyBkZSBtYWRlcmEu
EZIh,,W0xpbmd1aXN0IERpY3Rpb25hcnldCkFwcGFyZW50bHkgdGhlc2UgcGVvcGxlIGFyZSBzcGVha2luZyBpbiBhIHN0cmFuZ2UgbGFuZ3VhZ2VzIHRoYXQgd2UgaHVtYW5zIGNhbid0IHVuZGVyc3RhbmQuLi5idXQgbm8gb25lIHNlZW1zIHRvIGJlIGFibGUgdG8gcmVtZW1iZXIgaG93IHRoZWlyIGxhbmd1YWdlcyBzb3VuZCBsaWtlLg==,,,,,W0xpbmd1aXN0YSBEaWNpb27DoXJpb10KQXBhcmVudGVtZW50ZSwgZXNzZXMgcG92b3MgZmFsYW0gZW0gbMOtbmd1YXMgZXN0cmFuaGFzIHF1ZSBuw7NzLCBodW1hbm9zLCBuw6NvIGNvbnNlZ3VpbW9zIGVudGVuZGVyLi4uIG1hcyBuaW5ndcOpbSBwYXJlY2Ugc2VyIGNhcGF6IGRlIHNlIGxlbWJyYXIgZG8gc29tIGRlIHNldXMgaWRpb21hcy4=,,W0xpbmfDvGlzdGEgZGUgQXJ1bmFmZWx0el0KQWwgcGFyZWNlciwgZXN0YXMgcGVyc29uYXMgaGFibGFuIGVuIHVuIGlkaW9tYSBleHRyYcOxbyBxdWUgbm8gZW50ZW5kZW1vcy4uLiBQZXJvIG5hZGllIHBhcmVjZSByZWNvcmRhciBjw7NtbyBzdWVuYSBlc2UgaWRpb21hLg==
EpIh,,W0xpbmd1aXN0IERpY3Rpb25hcnldCkEgTkVXIGxhbmd1YWdlISEgVGhpcyBpcyBhbiBleGNpdGluZyBkaXNjb3ZlcnkgZm9yIGEgbGluZ3Vpc3QgbGlrZSBteXNlbGYsIGJ1dCBhcyB5b3Uga25vdywgdGhlcmUncyBkYW5nZXJvdXMgbW9uc3RlcnMgb3V0c2lkZS4uLiBJdCdzIG5vdCBwb3NzaWJsZSBmb3IgYSBtZXJlIHNjaG9sb3IgdG8gZ28gb3V0IHdhbmRlcmluZyBhcm91bmQu,,,,,W0xpbmd1aXN0YSBEaWNpb27DoXJpb10KVW0gTk9WTyBpZGlvbWEhIEVzc2Egw6kgdW1hIGRlc2NvYmVydGEgZW1wb2xnYW50ZSBwYXJhIHVtIGxpbmd1aXN0YSBjb21vIGV1LCBtYXMsIGNvbW8gdm9jw6ogc2FiZSwgaMOhIG1vbnN0cm9zIHBlcmlnb3NvcyBsw6EgZm9yYS4uLiBOw6NvIMOpIHBvc3PDrXZlbCBwYXJhIHVtIG1lcm8gc8OhYmlvIHNhaXIgdmFnYW5kbyBwb3IgYcOtLg==,,W0xpbmfDvGlzdGEgZGUgQXJ1bmFmZWx0el0KwqFFcyB1biBpZGlvbWEgTlVFVk8hIEVzdGUgZXMgdW4gZGVzY3VicmltaWVudG8gZmFzY2luYW50ZSBwYXJhIHVuIGxpbmfDvGlzdGEgcGVybywgY29tbyB5YSBzYWJlcywgYWxsw6EgYWZ1ZXJhIGhheSBtb25zdHJ1b3MgbXV5IHBlbGlncm9zb3MuLi4gVW4gc2ltcGxlIGVydWRpdG8gbm8gcHVlZGUgYW5kYXIgcG9yIGFsbMOtIGNvbW8gc2kgbmFkYS4=
E5Ih,,W0xpbmd1aXN0IERpY3Rpb25hcnldCkkndmUgc2FpZCB0aGlzIG11Y2gsIEkgdGhpbmsgeW91J2QgYmUgYWJsZSB0byBndWVzcyB3aGF0IEknbSBnb2luZyB0byBhc2sgeW91IHRvIGRvLg==,,,,,W0xpbmd1aXN0YSBEaWNpb27DoXJpb10KRXUgasOhIGRpc3NlLCBhY2hvIHF1ZSB2b2PDqiBzZXJpYSBjYXBheiBkZSBhZGl2aW5oYXIgbyBxdWUgdm91IHBlZGlyIHBhcmEgdm9jw6ogZmF6ZXIu,,W0xpbmfDvGlzdGEgZGUgQXJ1bmFmZWx0el0KQ29uIGxvIHF1ZSBkaWplLCBjcmVvIHF1ZSBwb2Ryw6FzIGFkaXZpbmFyIGxvIHRlIHBlZGlyw6kgcXVlIGhhZ2FzLg==
FJIh,,W0xpbmd1aXN0IERpY3Rpb25hcnldClRoZSBBbGxpYW5jZSBSZXNlYXJjaCBHcm91cCBoYXMgZ3JlYXQgaW50ZXJlc3QgaW4gb3RoZXIgaW50ZWxsaWdlbnQgbGlmZS4gRWFjaCBjb3VudHJ5J3Mgc2VjcmV0IGFnZW50cyBhcmUgbWFraW5nIGV2ZXJ5IGVmZm9ydCB0byBjb21tdW5pY2F0ZSB3aXRoIHRob3NlIHR3byByYWNlcywgdGhlcmUncyBqdXN0IG5vdCBlbm91Z2ggaW5mb3JtYXRpb24u,,,,,W0xpbmd1aXN0YSBEaWNpb27DoXJpb10KTyBHcnVwbyBkZSBQZXNxdWlzYSBkYSBBbGlhbsOnYSB0ZW0gZ3JhbmRlIGludGVyZXNzZSBlbSBvdXRyYXMgZm9ybWFzIGRlIHZpZGEgaW50ZWxpZ2VudGUuIE9zIGFnZW50ZXMgc2VjcmV0b3MgZGUgY2FkYSBwYcOtcyBlc3TDo28gZmF6ZW5kbyB0b2RvcyBvcyBlc2ZvcsOnb3MgcGFyYSBzZSBjb211bmljYXIgY29tIGVzc2FzIGR1YXMgcmHDp2FzLCBtYXMgbsOjbyBow6EgaW5mb3JtYcOnw7VlcyBzdWZpY2llbnRlcy4=,,W0xpbmfDvGlzdGEgZGUgQXJ1bmFmZWx0el0KQWwgZ3J1cG8gZGUgaW52ZXN0aWdhY2nDs24gZGUgbGEgQWxpYW56YSBsZSBpbnRlcmVzYSBtdWNobyBlbmNvbnRyYXIgb3RyYXMgZm9ybWFzIGRlIHZpZGEgaW50ZWxpZ2VudGUuIExvcyBhZ2VudGVzIHNlY3JldG9zIGRlIHRvZG9zIGxvcyBwYcOtc2VzIGhhY2VuIHRvZG8gbG8gcG9zaWJsZSBwb3IgY29tdW5pY2Fyc2UgY29uIGVzYXMgZG9zIHJhemFzLCBwZXJvIG5vIHRpZW5lbiBpbmZvcm1hY2nDs24gc3VmaWNpZW50ZS4=
FZIh,,W0xpbmd1aXN0IERpY3Rpb25hcnldCkRvIG1lIGEgZmF2b3IgYW5kIGdvIG91dHNpZGUgb2YgdGhlIGNhbXAsIGZpbmQgdGhlIGZhaXJpZXMgYW5kIHdvb2RlbiBnaWFudHMsIGFuZCByZW1lbWJlciBldmVyeXRoaW5nIHRoYXQgdGhleSBhcmUgc2F5aW5nLCB3b3JkIGZvciB3b3JkIHNvIHRoYXQgSSBjYW4gaGVhciB3aGF0IHRoZWlyIGxhbmd1YWdlIHNvdW5kcyBsaWtlLg==,,,,,W0xpbmd1aXN0YSBEaWNpb27DoXJpb10KRmHDp2EtbWUgdW0gZmF2b3IgZSBzYWlhIGRvIGFjYW1wYW1lbnRvLCBlbmNvbnRyZSBhcyBmYWRhcyBlIG9zIGdpZ2FudGVzIGRlIG1hZGVpcmEgZSBsZW1icmUtc2UgZGUgdHVkbyBvIHF1ZSBlbGVzIGVzdMOjbyBkaXplbmRvLCBwYWxhdnJhIHBvciBwYWxhdnJhLCBwYXJhIHF1ZSBldSBwb3NzYSBvdXZpciBjb21vIMOpIG8gaWRpb21hIGRlbGVzLg==,,W0xpbmfDvGlzdGEgZGUgQXJ1bmFmZWx0el0KSGF6bWUgdW4gZmF2b3I6IHNhbCBkZWwgY2FtcGFtZW50bywgZW5jdWVudHJhIGEgbGFzIGhhZGFzIHkgYSBsb3MgZ2lnYW50ZXMgZGUgbWFkZXJhLCB5IHJlY3VlcmRhIHRvZG8gbG8gcXVlIGRpZ2FuLCBwYWxhYnJhIHBvciBwYWxhYnJhLCBwYXJhIHF1ZSBwdWVkYSBvw61yIGPDs21vIHN1ZW5hIHN1IGlkaW9tYS4=
FpIh,,W0xpbmd1aXN0IERpY3Rpb25hcnldCkZyb20gdGhlIGxvb2sgb24geW91ciBmYWNlLCBJIHRoaW5rIHlvdSBoYXZlIHNvbWV0aGluZyBjcm9zc2VkIGluIHlvdXIgbWluZC4=,,,,,W0xpbmd1aXN0YSBEaWNpb27DoXJpb10KUGVsYSBzdWEgZXhwcmVzc8OjbywgYWNobyBxdWUgdm9jw6ogdGVtIGFsZ28gZW0gbWVudGUu,,W0xpbmfDvGlzdGEgZGUgQXJ1bmFmZWx0el0KUG9yIGxhIGV4cHJlc2nDs24gZW4gdHUgcm9zdHJvLCBwYXJlY2UgcXVlIHRpZW5lcyBhbGdvIGVuIG1lbnRlLg==
F5Ih,,W0xpbmd1aXN0IERpY3Rpb25hcnldCllvdSBhcmUgYmFjayE=,,,,,W0xpbmd1aXN0YSBEaWNpb27DoXJpb10KVm9jw6ogdm9sdG91IQ==,,W0xpbmfDvGlzdGEgZGUgQXJ1bmFmZWx0el0KwqFWb2x2aXN0ZSE=
GJIh,,W0xpbmd1aXN0IERpY3Rpb25hcnldClNvLCBXaGF0IHdlcmUgdGhleSBzYXlpbmc/Ck9mIGNvdXJzZSB5b3UgcmVtZW1iZXIgdGhlbSBleGFjdGx5IGFzIHdoYXQgdGhleSd2ZSBzYWlkLCByaWdodD8=,,,,,W0xpbmd1aXN0YSBEaWNpb27DoXJpb10KRW50w6NvLCBvIHF1ZSBlbGVzIGVzdGF2YW0gZGl6ZW5kbz8Kw4kgY2xhcm8gcXVlIHZvY8OqIHNlIGxlbWJyYSBleGF0YW1lbnRlIGRvIHF1ZSBlbGVzIGRpc3NlcmFtLCBjZXJ0bz8=,,W0xpbmfDvGlzdGEgZGUgQXJ1bmFmZWx0el0Kwr9RdcOpIGRpamVyb24/ClNlZ3VybyByZWN1ZXJkYXMgZXhhY3RhbWVudGUgbG8gcXVlIGRpamVyb24sIMK/Y2llcnRvPw==
GZIh,,W0xpbmd1aXN0IERpY3Rpb25hcnldCk5vdywgbGV0J3Mgc3RhcnQgd2l0aCB0aGUgRmFpcmllcyEgV2hhdCBpcyB0aGUgZmFpcnkncyBsYW5ndWFnZSBsaWtlPyBQbGVhc2Ugd3JpdGUgdGhlbSBkb3duIGhlcmUgc2VudGVuY2UgYnkgc2VudGVuY2Uh,,,,,W0xpbmd1aXN0YSBEaWNpb27DoXJpb10KQWdvcmEsIHZhbW9zIGNvbWXDp2FyIGNvbSBhcyBmYWRhcyEgQ29tbyDDqSBvIGlkaW9tYSBkYXMgZmFkYXM/IFBvciBmYXZvciwgZXNjcmV2YS1hcyBhcXVpLCBmcmFzZSBwb3IgZnJhc2Uh,,W0xpbmfDvGlzdGEgZGUgQXJ1bmFmZWx0el0KwqFFbXBlY2Vtb3MgY29uIGxhcyBoYWRhcyEgwr9Dw7NtbyBlcyBlbCBpZGlvbWEgZGUgbGFzIGhhZGFzPyBFc2NyaWJlIHRvZG8gYXF1w60sIMKhb3JhY2nDs24gcG9yIG9yYWNpw7NuIQ==
GpIh,,UkxHSExSWExBIFRLQU5UTEZETVM=,,,,,UkxHSExSWExBIFRLQU5UTEZETVM=,,UkxHSExSWExBIFRLQU5UTEZETVM=
G5Ih,,V0pBQ0sgVE5BSFJETkpTRE1GSA==,,,,,V0pBQ0sgVE5BSFJETkpTRE1GSA==,,V0pBQ0sgVE5BSFJETkpTRE1GSA==
HJIh,,V0xTR0hLV05EICEh,,,,,V0xTR0hLV05EICEh,,V0xTR0hLV05EICEh
HZIh,,V0xTR0hLV05E,,,,,V0xTR0hLV05E,,V0xTR0hLV05E
HpIh,,W0xpbmd1aXN0IERpY3Rpb25hcnldCnswfS4uLi4KQW5kPw==,,,,,W0xpbmd1aXN0YSBEaWNpb27DoXJpb10KezB9Li4uLgpFPw==,,W0xpbmfDvGlzdGEgZGUgQXJ1bmFmZWx0el0KezB9Li4uLgrCv1k/
H5Ih,,ezB9Li4uLgpNbW0uLi4gSG1tLi4uPw==,,,,,ezB9Li4uLgpNbW0uLi4gSG1tLi4uPw==,,ezB9Li4uLgpNbW0uLi4gwr9NbW0uLi4/
IJIh,,ezB9Li4uLgpBbmQ/,,,,,ezB9Li4uLgpFPw==,,ezB9Li4uLgrCv1k/
IZIh,,ezB9Li4uLgpJIHNlZS4uLj8=,,,,,ezB9Li4uLgpFbnRlbmRvLi4uPw==,,ezB9Li4uLgpZYSB2ZW8uLi4=
IpIh,,ezB9Li4uLgpJcyB0aGF0IGFsbD8=,,,,,ezB9Li4uLgpJc3NvIMOpIHR1ZG8/,,ezB9Li4uLgrCv0VzbyBlcyB0b2RvPw==
I5Ih,,W0xpbmd1aXN0IERpY3Rpb25hcnldClNvLi4uSWYgd2UgcHV0J2VtIHRvZ2V0aGVyLApSTEdITFJYTEEgVEtBTlRMRkRNUwpXSkFDSyBUTkFIUkROSlNETUZICldMU0dIS1dORCAhIQpJdCdkIGJlIGxpa2UgdGhpcy4=,,,,,W0xpbmd1aXN0YSBEaWNpb27DoXJpb10KRW50w6NvLi4uIFNlIG9zIGp1bnRhcm1vcywKUkxHSExSWExBIFRLQU5UTEZETVMKV0pBQ0sgVE5BSFJETkpTRE1GSApXTFNHSEtXTkQgISEKRmljYXJpYSBhc3NpbS4=,,W0xpbmfDvGlzdGEgZGUgQXJ1bmFmZWx0el0KRW50b25jZXMuLi4gU2kganVudGFtb3MgdG9kbzoKUkxHSExSWExBIFRLQU5UTEZETVMKV0pBQ0sgVE5BSFJETkpTRE1GSApXTFNHSEtXTkQgISEKU2Vyw61hIGFsZ28gYXPDrS4=
JJIh,,W0xpbmd1aXN0IERpY3Rpb25hcnldCkhtbS4uLj8=,,,,,W0xpbmd1aXN0YSBEaWNpb27DoXJpb10KSG1tLi4uPw==,,W0xpbmfDvGlzdGEgZGUgQXJ1bmFmZWx0el0Kwr9NbW0uLi4/
JZIh,,W0xpbmd1aXN0IERpY3Rpb25hcnldCllvdSBzdXJlIHRoaXMgaXMgZXhhY3RseSB3aGF0IHRoZXkndmUgc2FpZD8KSG1tLi4uIEkgY2FuJ3QgdW5kZXJzdGFuZCBhbnl0aGluZyBmcm9tIHRoaXMuLi4=,,,,,W0xpbmd1aXN0YSBEaWNpb27DoXJpb10KVGVtIGNlcnRlemEgZGUgcXVlIGZvaSBleGF0YW1lbnRlIGlzc28gcXVlIGRpc3NlcmFtPwpIbW0uLi4gTsOjbyBjb25zaWdvIGVudGVuZGVyIG5hZGEgZGlzc28uLi4=,,W0xpbmfDvGlzdGEgZGUgQXJ1bmFmZWx0el0Kwr9UaWVuZXMgY2VydGV6YSBkZSBxdWUgZXN0byBmdWUgZXhhY3RhbWVudGUgbG8gcXVlIGRpamVyb24/Ck1tbS4uLiBObyBlbnRpZW5kbyBuYWRhLi4u
JpIh,,W0xpbmd1aXN0IERpY3Rpb25hcnldCldvdWxkIHlvdSBwbGVhc2UgZ28gYmFjayBhZ2FpbiBhbmQgY2hlY2sgaWYgaXQgaXMgZXhhY3RseSB3aGF0IHRoZXkgd2VyZSBzYXlpbmc/IA==,,,,,W0xpbmd1aXN0YSBEaWNpb27DoXJpb10KVm9jw6ogcG9kZXJpYSB2b2x0YXIgZSB2ZXJpZmljYXIgc2Ugw6kgZXhhdGFtZW50ZSBpc3NvIG8gcXVlIGVzdGF2YW0gZGl6ZW5kbz8=,,W0xpbmfDvGlzdGEgZGUgQXJ1bmFmZWx0el0Kwr9Qb2Ryw61hcyB2b2x2ZXIgeSBjb25maXJtYXIgcXVlIHNlYSBleGFjdGFtZW50ZSBsbyBxdWUgZGlqZXJvbj8g
J5Ih,,W0xpbmd1aXN0IERpY3Rpb25hcnldCkdvb2QuIHRoZW4gbmV4dCBpcyB0aGUgV29vZGVuIEdpYW50cyEgV2hhdCdzIHRoZWlyIGxhbmd1YWdlIGxpa2U/IFdyaXRlIHRoZW0gZG93biBzZW50ZW5jZSBieSBzZW50ZW5jZSBqdXN0IGFzIHlvdSBkaWQgd2l0aCB0aGUgRmFpcnkncy4=,,,,,W0xpbmd1aXN0YSBEaWNpb27DoXJpb10Kw5N0aW1vLiBPcyBwcsOzeGltb3Mgc8OjbyBvcyBHaWdhbnRlcyBkZSBNYWRlaXJhISBDb21vIMOpIG8gaWRpb21hIGRlbGVzPyBFc2NyZXZhLW9zIGZyYXNlIHBvciBmcmFzZSwgYXNzaW0gY29tbyB2b2PDqiBmZXogY29tIGFzIEZhZGFzLg==,,W0xpbmfDvGlzdGEgZGUgQXJ1bmFmZWx0el0KQmllbi4gwqFMb3MgcHLDs3hpbW9zIHNvbiBsb3MgZ2lnYW50ZXMgZGUgbWFkZXJhISDCv0PDs21vIGVzIHN1IGlkaW9tYT8gRXNjcmliZSBvcmFjacOzbiBwb3Igb3JhY2nDs24sIGFsIGlndWFsIHF1ZSBoaWNpc3RlIGNvbiBlbCBkZSBsYXMgaGFkYXMu
KJIh,,VEpEVE1GSkROUyBDSkZESQ==,,,,,VEpEVE1GSkROUyBDSkZESQ==,,VEpEVE1GSkROUyBDSkZESQ==
KZIh,,VEtBRExGRE1GIFFLQVRPUw==,,,,,VEtBRExGRE1GIFFLQVRPUw==,,VEtBRExGRE1GIFFLQVRPUw==
KpIh,,RUtEVExTRE1MIERMRk1BRE1TLi4=,,,,,RUtEVExTRE1MIERMRk1BRE1TLi4=,,RUtEVExTRE1MIERMRk1BRE1TLi4=
K5Ih,,RUtEVExTRE1MIERMRk1BRE1T,,,,,RUtEVExTRE1MIERMRk1BRE1T,,RUtEVExTRE1MIERMRk1BRE1T
LJIh,,ezB9Li4uLgpUaGlzIGlzIGl0Pw==,,,,,ezB9Li4uLgrDiSBpc3NvIG1lc21vPw==,,ezB9Li4uLgrCv0VzIHRvZG8/
LZIh,,ezB9Li4uLgpJcyB0aGlzIGFsbD8=,,,,,ezB9Li4uLgpJc3NvIMOpIHR1ZG8/,,ezB9Li4uLgrCv0VzbyBlcyB0b2RvPw==
LpIh,,W0xpbmd1aXN0IERpY3Rpb25hcnldClNvLCBJZiB3ZSBwdXQnZW0gdG9nZXRoZXIsClRKRFRNRkpETlMgQ0pGREkKVEtBRExGRE1GIFFLQVRPUwpFS0RUTFNETUwgRExGTUFETVMuLgpJdCB3aWxsIGJlIGxpa2UgdGhpcy4=,,,,,W0xpbmd1aXN0YSBEaWNpb27DoXJpb10KRW50w6NvLCBzZSBvcyBjb2xvY2FybW9zIGp1bnRvcywKVEpEVE1GSkROUyBDSkZESQpUS0FETEZETUYgUUtBVE9TCkVLRFRMU0RNTCBETEZNQURNUy4uLgpWYWkgZmljYXIgYXNzaW0u,,W0xpbmfDvGlzdGEgZGUgQXJ1bmFmZWx0el0KRW50b25jZXMsIHNpIGp1bnRhbW9zIHRvZG86ClRKRFRNRkpETlMgQ0pGREkKVEtBRExGRE1GIFFLQVRPUwpFS0RUTFNETUwgRExGTUFETVMuLgpTZXLDrWEgYWxnbyBhc8OtLg==
L5Ih,,W0xpbmd1aXN0IERpY3Rpb25hcnldCllvdSBzdXJlIHRoaXMgaXMgZXhhY3RseSB3aGF0IHRoZXkndmUgc2FpZD8KSG1tLi4uSSBkb24ndCBnZXQgdGhlIGlkZWEuLi4=,,,,,W0xpbmd1aXN0YSBEaWNpb27DoXJpb10KVGVtIGNlcnRlemEgZGUgcXVlIGZvaSBleGF0YW1lbnRlIGlzc28gcXVlIGVsZXMgZGlzc2VyYW0/CkhtbS4uLiBuw6NvIGVzdG91IGVudGVuZGVuZG8uLi4=,,W0xpbmfDvGlzdGEgZGUgQXJ1bmFmZWx0el0Kwr9UaWVuZXMgY2VydGV6YSBkZSBxdWUgZXN0byBmdWUgZXhhY3RhbWVudGUgbG8gcXVlIGRpamVyb24/Ck1tbS4uLiBObyBlbnRpZW5kbyBuYWRhLi4u
MJIh,,W0xpbmd1aXN0IERpY3Rpb25hcnldCldvdWxkIHlvdSBwbGVhc2UgZ28gYmFjayBhZ2FpbiBhbmQgY2hlY2sgaWYgaXQgaXMgZXhhY3RseSB3aGF0IHRoZXkgd2VyZSBzYXlpbmc/,,,,,W0xpbmd1aXN0YSBEaWNpb27DoXJpb10KVm9jw6ogcG9kZXJpYSB2b2x0YXIgZSB2ZXJpZmljYXIgc2Ugw6kgZXhhdGFtZW50ZSBpc3NvIG8gcXVlIGVsZXMgZXN0YXZhbSBkaXplbmRvPw==,,W0xpbmfDvGlzdGEgZGUgQXJ1bmFmZWx0el0Kwr9Qb2Ryw61hcyB2b2x2ZXIgeSBjb25maXJtYXIgcXVlIHNlYSBleGFjdGFtZW50ZSBsbyBxdWUgZGlqZXJvbj8=
MZIh,,W0xpbmd1aXN0IERpY3Rpb25hcnldCkhtbS4uLi5IbS4uSSBzZWUu,,,,,W0xpbmd1aXN0YSBEaWNpb27DoXJpb10KSG1tLi4uLkhtLi4uIEVudGVuZG8u,,W0xpbmfDvGlzdGEgZGUgQXJ1bmFmZWx0el0KTW1tLi4uIE1tbS4uLiBZYSB2ZW8u
MpIh,,W0xpbmd1aXN0IERpY3Rpb25hcnldCi4uLi4uLlVtbW1tLi4u,,,,,W0xpbmd1aXN0YSBEaWNpb27DoXJpb10KLi4uLi4uVW1tbW0uLi4=,,W0xpbmfDvGlzdGEgZGUgQXJ1bmFmZWx0el0KLi4uTW1tLi4u
M5Ih,,LSBEaWN0aW9uYXJ5IHN0YXJlZCBhdCB0aGUgcGFwZXIgaW50ZW50bHkuIC0=,,,,,LSBPIERpY2lvbsOhcmlvIG9saG91IGF0ZW50YW1lbnRlIHBhcmEgbyBwYXBlbC4gLQ==,,KEVsIGxpbmfDvGlzdGEgbWlyYSBlbCBwYXBlbCBjb24gYXRlbmNpw7NuKS4=
NJIh,,W0xpbmd1aXN0IERpY3Rpb25hcnldCi4uLi4uLi4uLi4uLi4uLi4uLi4uLi4uLi4uLi4=,,,,,W0xpbmd1aXN0YSBEaWNpb27DoXJpb10KLi4uLi4uLi4uLi4uLi4uLi4uLi4uLi4uLi4uLg==,,W0xpbmfDvGlzdGEgZGUgQXJ1bmFmZWx0el0KLi4uLi4uLi4uLi4uLi4uLi4uLi4uLi4uLi4uLg==
NZIh,,SGUgbG9va3Mgc2VyaW91cywgTGV0J3MgbGVhdmUgaGltIGFsb25l,,,,,RWxlIHBhcmVjZSBjb25jZW50cmFkbywgdmFtb3MgZGVpeMOhLWxvIGVtIHBheg==,,UGFyZWNlIG9jdXBhZG8sIGRlasOpbW9zbG8gZW4gcGF6Lg==
NpIh,,VGFsayB0byBoaW0=,,,,,RmFsYXIgY29tIGVsZQ==,,SGFibGFybGUu
N5Ih,,W0xpbmd1aXN0IERpY3Rpb25hcnldCkFoaGhoaGhoISEhISEhISE=,,,,,W0xpbmd1aXN0YSBEaWNpb27DoXJpb10KQWhoaGhoaGghISEhISEhIQ==,,W0xpbmfDvGlzdGEgZGUgQXJ1bmFmZWx0el0KwqFBaGhoaGhoaCE=
OJIh,,SGF2ZSB5b3UgZmlndXJlZCBzb21ldGhpbmcgb3V0Pw==,,,,,SsOhIGRlc2NvYnJpdSBhbGd1bWEgY29pc2E/,,wr9EZXNjdWJyaXN0ZSBhbGdvPw==
OZIh,,W0xpbmd1aXN0IERpY3Rpb25hcnldCkkuLi4uQ0FOJ1QhIFVOREVSU1RBTkQgSVQhISEKV2hhYWFhdH5+aWlpc35+IHRoaWlpc35+fiBKdXN0IGhvdyBkbyB5b3UgcmVhZCB0aGlzc3Nzc3Nzfn5+IEkgY2FuJ3QgdW5kZXJzdGFuZCBhIHNpbmdsZSBydWxlIGluIHRoaXN+fn5+IEh1aD8=,,,,,W0xpbmd1aXN0YSBEaWNpb27DoXJpb10KRVUuLi4gTsODTyEgQ09OU0lHTyEgRU5URU5ERVIhIQpPIHF1ZSDDqSBpaWlpc3Nzb29vb34gQ29tbyBzZSBsw6ogaWlpc3Nvb29vfj8gTsOjbyBjb25zaWdvIGVudGVuZGVyIG5lbmh1bWEgcmVncmEgbmlpaXNzb35+fiBIw6M/,,W0xpbmfDvGlzdGEgZGUgQXJ1bmFmZWx0el0KwqFOTy4uLiBFTlRJRU5ETy4uLiBOQURBIQrCv1F1w6kgZXMgZXN0b29vbz8gwr9Dw7NtbyBzZSBsZWUgZXN0b29vPyDCoU5vIGVudGllbmRvIG5pIHVuYSBzb2xhIGRlIGxhcyByZWdsYXMgcXVlIHVzYW4hIMKhQWhoaCE=
OpIh,,W0xpbmd1aXN0IERpY3Rpb25hcnldCi4uLi4uLi4uLi4uLi4uLi4uLi4uLi4uLi4uLi4uLi4uLi4=,,,,,W0xpbmd1aXN0YSBEaWNpb27DoXJpb10KLi4uLi4uLi4uLi4uLi4uLi4uLi4uLi4uLi4uLi4uLi4uLg==,,W0xpbmfDvGlzdGEgZGUgQXJ1bmFmZWx0el0KLi4uLi4uLi4uLi4uLi4uLi4uLi4uLi4uLi4uLi4uLi4uLg==
O5Ih,,W0xpbmd1aXN0IERpY3Rpb25hcnldCkhtcGghClllcz8=,,,,,W0xpbmd1aXN0YSBEaWNpb27DoXJpb10KSG1waCEKU2ltPw==,,W0xpbmfDvGlzdGEgZGUgQXJ1bmFmZWx0el0KwqFGaXUhCsK/U8OtPw==
PJIh,,SGUgbG9va3Mgc2VyaW91cy4gTGV0J3MgbGVhdmUgaGltIGFsb25lLg==,,,,,RWxlIHBhcmVjZSBjb25jZW50cmFkby4gVmFtb3MgZGVpeMOhLWxvIGVtIHBhei4=,,UGFyZWNlIG9jdXBhZG8uIERlasOpbW9zbG8gZW4gcGF6Lg==
PZIh,,QXNrIGhpbSB3aGF0J3MgZ29pbmcgb24u,,,,,UGVyZ3VudGFyIGEgZWxlIG8gcXVlIGVzdMOhIGFjb250ZWNlbmRvLg==,,UHJlZ3VudGFybGUgcXXDqSBzdWNlZGUu
PpIh,,W0xpbmd1aXN0IERpY3Rpb25hcnldCi4uLi4uLi4uLi4uLi4uLi4uLi4uLi4uLi4uLi4KLi4uLi4uLi4uLi4uLi4uLi4uLkhtcGguLi4=,,,,,W0xpbmd1aXN0YSBEaWNpb27DoXJpb10KLi4uLi4uLi4uLi4uLi4uLi4uLi4uLi4uLi4uLgouLi4uLi4uLi4uLi4uLi4uLi4uSG1waC4uLg==,,W0xpbmfDvGlzdGEgZGUgQXJ1bmFmZWx0el0KLi4uLi4uLi4uLi4uLi4uLi4uLi4uLi4uLi4uLgouLi4uLi4uLi4uLi4uLi4uLi4uTW1tLi4u
P5Ih,,W0xpbmd1aXN0IERpY3Rpb25hcnldCkFoISBXZWxsLCBJdCdzIG5vdCBhcyBlYXN5IGFzIEkgdGhvdWdodC4gVGhlc2UgbGFuZ3VhZ2VzIGNhbid0IGJlIGhlYXJkIGFueXdoZXJlIG9uIHRoZSBNaWRnYXJkIENvbnRpbmVudC4gTm8ga25vd24gcGhvbmV0aWMgcnVsZXMgc2VlbSB0byBhcHBseSBoZXJlLg==,,,,,W0xpbmd1aXN0YSBEaWNpb27DoXJpb10KQWghIEJlbSwgbsOjbyDDqSB0w6NvIGbDoWNpbCBxdWFudG8gZXUgcGVuc2F2YS4gRXNzYXMgbMOtbmd1YXMgbsOjbyBwb2RlbSBzZXIgb3V2aWRhcyBlbSBuZW5odW0gbHVnYXIgZG8gY29udGluZW50ZSBkZSBNaWRnYXJkLiBOZW5odW1hIHJlZ3JhIGZvbsOpdGljYSBjb25oZWNpZGEgcGFyZWNlIHNlIGFwbGljYXIgYXF1aS4=,,W0xpbmfDvGlzdGEgZGUgQXJ1bmFmZWx0el0KwqFBaCEgQnVlbm8sIG5vIGVzIHRhbiBmw6FjaWwgY29tbyBwZW5zw6kuIEVzdG9zIGlkaW9tYXMgbm8gc2UgZXNjdWNoYW4gZW4gbmluZ8O6biBsdWdhciBkZWwgY29udGluZW50ZSBkZSBNaWRnYXJkLiBQYXJlY2UgcXVlIG5vIHNlIGFwbGljYSBuaW5ndW5hIGRlIGxhcyBsZXllcyBkZSBmb27DqXRpY2EgY29ub2NpZGFzLg==
QJIh,,W0xpbmd1aXN0IERpY3Rpb25hcnldCkl0J3MgaGFyZCB0byBncmFzcCB0aGVpciBydWxlIG9yIHN5c3RlbSwgYW5kIGJlZm9yZSBldmVyeXRoaW5nIGVsc2UsIEkgZG9uJ3QgZXZlbiBrbm93IGlmIHRoaXMgcHJvbm91bmNpYXRpb24gaXMgcmlnaHQuIEkndmUgbmV2ZXIgaGVhcmQgb2YgdGhpcyBraW5kIG9mIHByb25vdW5jaWF0aW9uLg==,,,,,W0xpbmd1aXN0YSBEaWNpb27DoXJpb10Kw4kgZGlmw61jaWwgZW50ZW5kZXIgYSByZWdyYSBvdSBvIHNpc3RlbWEgZGVsZXMgZSwgYW50ZXMgZGUgdHVkbywgZXUgbmVtIHNlaSBzZSBlc3NhIHByb27Dum5jaWEgZXN0w6EgY29ycmV0YS4gTnVuY2Egb3V2aSBmYWxhciBkZXNzZSB0aXBvIGRlIHByb27Dum5jaWEu,,W0xpbmfDvGlzdGEgZGUgQXJ1bmFmZWx0el0KRXMgZGlmw61jaWwgZW50ZW5kZXIgbGFzIG5vcm1hcyBvIGVsIHNpc3RlbWEgeSwgYWRlbcOhcywgbmkgc2lxdWllcmEgc8OpIHNpIGVzIGxhIHByb251bmNpYWNpw7NuIGNvcnJlY3RhLiBKYW3DoXMgZXNjdWNow6kgaGFibGFyIGRlIGVzdGUgdGlwbyBkZSBwcm9udW5jaWFjacOzbi4=
QZIh,,W0xpbmd1aXN0IERpY3Rpb25hcnldCkFoLCByaWdodCwgSSBoZWFyZCB0aGF0IGEgXjAwMDBGRlJ1bmUtTWlkZ2FyZCBNYWdpY2lhbl4wMDAwMDAga25vd3MgYSB3YXkgdG8gY29uZHVjdCByZXNlYXJjaCBiYXNlZCBvbiBhIHNhbXBsZSBvZiBsYW5ndWFnZSwgd291bGQgeW91IGdvIGFuZCBhc2sgaGltIHRvIGhlbHAgbWU/,,,,,W0xpbmd1aXN0YSBEaWNpb27DoXJpb10KQWgsIMOpLCBvdXZpIGRpemVyIHF1ZSB1bSBeMDAwMEZGTcOhZ2ljbyBkZSBSdW5lLU1pZGdhcmReMDAwMDAwIGNvbmhlY2UgdW0gamVpdG8gZGUgY29uZHV6aXIgcGVzcXVpc2FzIGNvbSBiYXNlIGVtIHVtYSBhbW9zdHJhIGRlIGxpbmd1YWdlbS4gVm9jw6ogcG9kZXJpYSBpciBlIHBlZGlyIGEgZWxlIHBhcmEgbWUgYWp1ZGFyPw==,,W0xpbmfDvGlzdGEgZGUgQXJ1bmFmZWx0el0KQWgsIGNpZXJ0bywgZXNjdWNow6kgcXVlIGhheSB1biBtYWdvIGVuIF4wMDAwRkZSdW5lLU1pZGdhcmReMDAwMDAwIHF1ZSBzYWJlIGPDs21vIHJlYWxpemFyIGludmVzdGlnYWNpb25lcyBxdWUgc2UgYmFzYW4gZW4gbGEgbXVlc3RyYSBkZSB1biBpZGlvbWEsIMK/cG9kcsOtYXMgcGVkaXJsZSBxdWUgbWUgYXl1ZGU/
QpIh,,W0xpbmd1aXN0IERpY3Rpb25hcnldClRoZSBeMDAwMEZGUnVuZS1NaWRnYXJkIE1hZ2ljaWFuXjAwMDAwMCBpcyB3YW5kZXJpbmcgaW5zaWRlIG9mIHRoZSBFeHBlZGl0aW9uIENhbXAu,,,,,W0xpbmd1aXN0YSBEaWNpb27DoXJpb10KTyBeMDAwMEZGTWFnbyBkZSBSdW4tTWlkZ2FydHNeMDAwMDAwIGVzdMOhIHBhc3NhbmRvIHBlbG8gQWNhbXBhbWVudG8gZGUgRXhwZWRpw6fDo28u,,W0xpbmfDvGlzdGEgZGUgQXJ1bmFmZWx0el0KRWwgXjAwMDBGRm1hZ28gZGUgUnVuZS1NaWRnYXJkXjAwMDAwMCBlc3TDoSBkZWFtYnVsYW5kbyBwb3IgZWwgY2FtcGFtZW50byBkZSBsYSBleHBlZGljacOzbi4=
Q5Ih,,W0xpbmd1aXN0IERpY3Rpb25hcnldCkl0J3MgZGlmZmljdWx0IHRvIGNvbnRpbnVlIG9uIGEgcmVzZWFyY2ggd2l0aG91dCBzb21lIG1vcmUgc2FtcGxlcyBvZiBsYW5ndWFnZS4gUGxlYXNlIGRvIG15IGZhdm9yLg==,,,,,W0xpbmd1aXN0YSBEaWNpb27DoXJpb10Kw4kgZGlmw61jaWwgY29udGludWFyIHVtYSBwZXNxdWlzYSBzZW0gbWFpcyBhbGd1bWFzIGFtb3N0cmFzIGRlIGxpbmd1YWdlbS4gUG9yIGZhdm9yLCBmYcOnYSBvIHF1ZSBwZWRpLg==,,W0xpbmfDvGlzdGEgZGUgQXJ1bmFmZWx0el0KRXMgZGlmw61jaWwgY29udGludWFyIGxhIGludmVzdGlnYWNpw7NuIHNpbiBhbGd1bmFzIG11ZXN0cmFzIG3DoXMgZGVsIGlkaW9tYS4gUG9yIGZhdm9yLCBhY2VwdGEgbWkgc29saWNpdHVkLg==
RJIh,,W0xpbmd1aXN0IERpY3Rpb25hcnldCkkgaGVhcmQgdGhhdCBeMDAwMEZGUnVuZS1NaWRnYXJkIE1hZ2ljaWFuXjAwMDAwMCBrbm93cyBhIHdheSB0byBjb25kdWN0IGEgcmVzZWFyY2ggZnJvbSBhIHNhbXBsZSBvZiBsYW5ndWFnZSwgd291bGQgeW91IGdvIHNlZSBoaW0gYW5kIGFzayBoaW0gdG8gaGVscCBtZT8=,,,,,W0xpbmd1aXN0YSBEaWNpb27DoXJpb10KT3V2aSBkaXplciBxdWUgbyBeMDAwMEZGTWFnbyBkZSBSdW5lLU1pZGdhcmReMDAwMDAwIGNvbmhlY2UgdW1hIG1hbmVpcmEgZGUgY29uZHV6aXIgdW1hIHBlc3F1aXNhIGEgcGFydGlyIGRlIHVtYSBhbW9zdHJhIGRlIGlkaW9tYS4gVm9jw6ogcG9kZXJpYSBpciBhdMOpIGVsZSBlIHBlZGlyIHF1ZSBtZSBhanVkZT8=,,W0xpbmfDvGlzdGEgZGUgQXJ1bmFmZWx0el0KRXNjdWNow6kgcXVlIGVsIF4wMDAwRkZtYWdvIGRlIFJ1bmUtTWlkZ2FyZF4wMDAwMDAgc2FiZSBjw7NtbyByZWFsaXphciB1bmEgaW52ZXN0aWdhY2nDs24gYSBwYXJ0aXIgZGUgbGEgbXVlc3RyYSBkZSB1biBpZGlvbWEsIMK/cG9kcsOtYXMgcGVkaXJsZSBxdWUgbWUgYXl1ZGU/
RZIh,,W0xpbmd1aXN0IERpY3Rpb25hcnldClRoZSBeMDAwMEZGIFJ1bmUtTWlkZ2FyZCBNYWdpY2lhbl4wMDAwMDAgaXMgd2FuZGVyaW5nIGluc2lkZSBvZiB0aGUgRXhwZWRpdGlvbiBDYW1wLg==,,,,,W0xpbmd1aXN0YSBEaWNpb27DoXJpb10KTyBeMDAwMEZGTWFnbyBkZSBSdW5lLU1pZGdhcmReMDAwMDAwIGVzdMOhIHBhc3NhbmRvIG5vIENhbXBvIGRlIEV4cGVkacOnw6NvLg==,,W0xpbmfDvGlzdGEgZGUgQXJ1bmFmZWx0el0KRWwgXjAwMDBGRm1hZ28gZGUgUnVuZS1NaWRnYXJkXjAwMDAwMCBlc3TDoSBkZWFtYnVsYW5kbyBwb3IgZWwgY2FtcGFtZW50byBkZSBsYSBleHBlZGljacOzbi4=
RpIh,,W0xpbmd1aXN0IERpY3Rpb25hcnldCkl0J3MgZGlmZmljdWx0IHRvIGNvbnRpbnVlIHRoaXMgcmVzZWFyY2ggd2l0aG91dCBzb21lIG1vcmUgc2FtcGxlcyBvZiBsYW5ndWFnZS4gUGxlYXNlIGRvIG15IGZhdm9yLg==,,,,,W0xpbmd1aXN0YSBEaWNpb27DoXJpb10Kw4kgZGlmw61jaWwgY29udGludWFyIGVzdGEgcGVzcXVpc2Egc2VtIG1haXMgYWxndW1hcyBhbW9zdHJhcyBkZSBsaW5ndWFnZW0uIFBvciBmYXZvciwgZmHDp2EgbyBxdWUgcGVkaS4=,,W0xpbmfDvGlzdGEgZGUgQXJ1bmFmZWx0el0KRXMgZGlmw61jaWwgY29udGludWFyIGxhIGludmVzdGlnYWNpw7NuIHNpbiBhbGd1bmFzIG11ZXN0cmFzIG3DoXMgZGVsIGlkaW9tYS4gUG9yIGZhdm9yLCBhY2VwdGEgbWkgc29saWNpdHVkLg==
R5Ih,,LSBUaGUgTGluZ3Vpc3QgaXMgd3JpdGluZyBvbiBhIHBhcGVyIGFzIGlmIGhlJ3Mgb2JzZXNzZWQgYnkgc29tZXRoaW5nIC0=,,,,,LSBPIExpbmd1aXN0YSBlc3TDoSBlc2NyZXZlbmRvIGVtIHVtIHBhcGVsIGNvbW8gc2UgZXN0aXZlc3NlIG9iY2VjYWRvIHBvciBhbGd1bWEgY29pc2EgLQ==,,KEVsIGxpbmfDvGlzdGEgZXNjcmliZSBlbiB1biBwYXBlbCBjb21vIHNpIGVzdHV2aWVyYSBvYnNlc2lvbmFkbyBjb24gYWxnbyku
SJIh,,W0xpbmd1aXN0IERpY3Rpb25hcnldCi4uLi4uLi5PaCwgSGVsbG8gdGhlcmUu,,,,,W0xpbmd1aXN0YSBEaWNpb27DoXJpb10KLi4uLi4uIEFoLCBPbMOhLg==,,W0xpbmfDvGlzdGEgZGUgQXJ1bmFmZWx0el0KLi4uLi4uLk9oLCBob2xhLg==
SZIh,,W0xpbmd1aXN0IERpY3Rpb25hcnldCkkgaGVhcmQgdGhhdCB5b3UgYnJvdWdodCB1cyBhIEdlbSB3aXRoIHRoZSBvdGhlciB3b3JsZCdzIGxhbmd1YWdlIHJlY29yZGVkIHdpdGhpbiBpdC4gVGhhbmtzIHRvIHlvdXIgaGVscCwgZGVjb2RpbmcgcHJvY2VzcyBpcyBnb2luZyB3ZWxsLgpBY3R1YWxseSwgaXQncyBnb2luZyBUT08gd2VsbC4uLg==,,,,,W0xpbmd1aXN0YSBEaWNpb27DoXJpb10KT3V2aSBkaXplciBxdWUgdm9jw6ogbm9zIHRyb3V4ZSB1bWEgZ2VtYSBjb20gbyBpZGlvbWEgZG8gb3V0cm8gbXVuZG8gZ3JhdmFkbyBuZWxhLiBHcmHDp2FzIMOgIHN1YSBhanVkYSwgbyBwcm9jZXNzbyBkZSBkZWNvZGlmaWNhw6fDo28gZXN0w6EgaW5kbyBiZW0uCk5hIHZlcmRhZGUsIGVzdMOhIGluZG8gYmVtIEFUw4kgREVNQUlTLi4u,,W0xpbmfDvGlzdGEgZGUgQXJ1bmFmZWx0el0KRXNjdWNow6kgcXVlIG5vcyB0cmFqaXN0ZSB1bmEgam95YSBxdWUgdGllbmUgZ3JhYmFkbyBlbCBpZGlvbWEgZGVsIG90cm8gbXVuZG8gZGVudHJvLiBHcmFjaWFzIGEgdGksIGVsIHByb2Nlc28gZGUgZGVjb2RpZmljYWNpw7NuIGF2YW56YSBiaWVuLgpEZSBoZWNobywgYXZhbnphIERFTUFTSUFETyBiaWVuLi4u
SpIh,,W0xpbmd1aXN0IERpY3Rpb25hcnldCkl0J3MgYSB3b25kZXIgdGhhdCBhdCB0aGUgbW9tZW50IHdoZW4gSSBoZWFyZCB0aGF0IGxhbmd1YWdlIGZpcnN0LWhhbmQgSSBjb3VsZCBkZWNvZGUgaXQgZmxhd2xlc3NseSBpbiBzcGl0ZSBvZiBteXNlbGYuIEl0IG11c3QgYmUgdGhlIGJsZXNzaW5nIG9mIEdvZGRlc3MgRnJleWEu,,,,,W0xpbmd1aXN0YSBEaWNpb27DoXJpb10Kw4kgc3VycHJlZW5kZW50ZSBxdWUsIG5vIG1vbWVudG8gZW0gcXVlIG91dmkgZXNzYSBsw61uZ3VhIGVtIHByaW1laXJhIG3Do28sIGV1IHRlbmhhIGNvbnNlZ3VpZG8gZGVjb2RpZmljw6EtbGEgc2VtIGZhbGhhcy4gRGV2ZSBzZXIgYSBiw6puw6fDo28gZGEgRGV1c2EgRnJleWEu,,W0xpbmfDvGlzdGEgZGUgQXJ1bmFmZWx0el0KRnVlIHVuYSBzb3JwcmVzYSBwYXJhIG3DrSBxdWUsIGVuIGVsIGluc3RhbnRlIHF1ZSBlc2N1Y2jDqSBlc2UgaWRpb21hIGRlIHByaW1lcmEgbWFubywgbG9ncsOpIGRlc2NpZnJhcmxvIHNpbiBwcm9ibGVtYXMuIERlYmUgc2VyIGxhIGJlbmRpY2nDs24gZGUgbGEgZGlvc2EgRnJleWEu
S5Ih,,W0xpbmd1aXN0IERpY3Rpb25hcnldCmJ1dCB0aGUgcHJvYmxlbSBpcy4uLgpIb3cgYXJlIHdlIGdvaW5nIHRvIHB1dCB0b2dldGhlciB0aGlzIHRyZW1lbmRvdXMgZGF0YSBhbmQgbWFrZSBpdCBpbnRvIGEgcG9ydGFibGUgdHJhbnNsYXRvci4uLiBJIGp1c3QgY2FuJ3QgZmlndXJlIG91dCBob3cu,,,,,W0xpbmd1aXN0YSBEaWNpb27DoXJpb10KTWFzIG8gcHJvYmxlbWEgw6kuLi4KQ29tbyB2YW1vcyByZXVuaXIgZXNzZXMgZGFkb3MgZW5vcm1lcyBlIHRyYW5zZm9ybcOhLWxvcyBlbSB1bSB0cmFkdXRvciBwb3J0w6F0aWwuLi4/IEV1IHNpbXBsZXNtZW50ZSBuw6NvIGNvbnNpZ28gZGVzY29icmlyIHVtIGplaXRvLg==,,W0xpbmfDvGlzdGEgZGUgQXJ1bmFmZWx0el0KQWhvcmEsIGVsIHByb2JsZW1hIGVzLi4uCsK/Q8OzbW8gdmFtb3MgYSBqdW50YXIgdGFudGEgaW5mb3JtYWNpw7NuIHBhcmEgcG9kZXIgY29udmVydGlybGEgZW4gdW4gdHJhZHVjdG9yIHBvcnTDoXRpbC4uLj8gTm8gbG9ncm8gZW5jb250cmFyIGPDs21vIGhhY2VybG8u
TJIh,,W0xpbmd1aXN0IERpY3Rpb25hcnldCkkgd29uZGVyIHdoYXQgdGhlIE1lY2hhbmljIEVuZ2luZWVyIGZyb20gdGhlIFNjaHdhcnR6d2FsZCBSZXB1YmxpYyB3b3VsZCB0aGluay4uLiBXb3VsZCB5b3UgYmUga2luZCB0byBnbyBhc2sgaGltPw==,,,,,W0xpbmd1aXN0YSBEaWNpb27DoXJpb10KTWUgcGVyZ3VudG8gbyBxdWUgbyBFbmdlbmhlaXJvIE1lY8OibmljbyBkYSBSZXDDumJsaWNhIGRlIFNjaHdhcnR6d2FsZCBwZW5zYXJpYS4uLiBWb2PDqiBwb2RlcmlhIGZhemVyIGEgZ2VudGlsZXphIGRlIHBlcmd1bnRhciBhIGVsZT8=,,W0xpbmfDvGlzdGEgZGUgQXJ1bmFmZWx0el0KTWUgcHJlZ3VudG8gcXXDqSBwaWVuc2EgZWwgaW5nZW5pZXJvIG1lY8OhbmljbyBkZSBsYSBSZXDDumJsaWNhIGRlIFNjaHdhcnp3YWxkLi4uIMK/UG9kcsOtYXMgaXIgYSBwcmVndW50YXJsZT8=
TZIh,,W0xpbmd1aXN0IERpY3Rpb25hcnldCkp1c3QgaG93IGFyZSB3ZSBnb2luZyB0byBwdXQgdG9nZXRoZXIgdGhlc2UgdHJlbWVuZG91cyBkYXRhIGFuZCBtYWtlIGl0IGludG8gYSBwb3J0YWJsZSB0cmFuc2xhdG9yLi4uSSBqdXN0IGNhbid0IGZpZ3VyZSBvdXQgaG93Lg==,,,,,W0xpbmd1aXN0YSBEaWNpb27DoXJpb10KQ29tbyB2YW1vcyByZXVuaXIgZXNzZXMgZGFkb3MgZW5vcm1lcyBlIHRyYW5zZm9ybcOhLWxvcyBlbSB1bSB0cmFkdXRvciBwb3J0w6F0aWwuLi4/IEV1IHNpbXBsZXNtZW50ZSBuw6NvIGNvbnNpZ28gZGVzY29icmlyIGNvbW8u,,W0xpbmfDvGlzdGEgZGUgQXJ1bmFmZWx0el0KQWhvcmEsIGVsIHByb2JsZW1hIGVzLi4uCsK/Q8OzbW8gdmFtb3MgYSBqdW50YXIgdGFudGEgaW5mb3JtYWNpw7NuIHBhcmEgcG9kZXIgY29udmVydGlybGEgZW4gdW4gdHJhZHVjdG9yIHBvcnTDoXRpbC4uLj8gTm8gbG9ncm8gZW5jb250cmFyIGPDs21vIGhhY2VybG8u
TpIh,,W0xpbmd1aXN0IERpY3Rpb25hcnldCkkgd29uZGVyIHdoYXQgTWVjaGFuaWMgRW5naW5lZXIgZnJvbSB0aGUgUmVwdWJsaWMgb2YgU2Nod2FydHp3YWx0IHdvdWxkIHRoaW5rLi4uV291bGQgeW91IGJlIGtpbmQgdG8gZ28gYXNrIGhpbT8=,,,,,W0xpbmd1aXN0YSBEaWNpb27DoXJpb10KR29zdGFyaWEgZGUgc2FiZXIgbyBxdWUgbyBFbmdlbmhlaXJvIE1lY8OibmljbyBkYSBSZXDDumJsaWNhIGRlIFNjaHdhcnR6d2FsdCBhY2hhcmlhLi4uIFZvY8OqIHBvZGVyaWEgZmF6ZXIgYSBnZW50aWxlemEgZGUgcGVyZ3VudGFyIGEgZWxlPw==,,W0xpbmfDvGlzdGEgZGUgQXJ1bmFmZWx0el0KTWUgcHJlZ3VudG8gcXXDqSBwaWVuc2EgZWwgaW5nZW5pZXJvIG1lY8OhbmljbyBkZSBsYSBSZXDDumJsaWNhIGRlIFNjaHdhcnp3YWxkLi4uIMK/UG9kcsOtYXMgaXIgYSBwcmVndW50YXJsZT8=
T5Ih,,W0xpbmd1aXN0IERpY3Rpb25hcnldClNvLCBGaW5hbGx5IHdlIHdlcmUgYWJsZSB0byBtYWtlIGEgdHJhbnNsYXRvciEKSG93IGlzIGl0IHdvcmtpbmc/IElzbid0IHRoZXJlIGFueSBwcm9ibGVtIHdpdGggaXQ/,,,,,W0xpbmd1aXN0YSBEaWNpb27DoXJpb10KRW50w6NvLCBmaW5hbG1lbnRlIGNvbnNlZ3VpbW9zIGNyaWFyIHVtIHRyYWR1dG9yIQpFc3TDoSBmdW5jaW9uYW5kbz8gTsOjbyBow6EgbmVuaHVtIHByb2JsZW1hIGNvbSBlbGU/,,W0xpbmfDvGlzdGEgZGUgQXJ1bmFmZWx0el0KwqFBbCBmaW4gcHVkaW1vcyBjcmVhciB1biB0cmFkdWN0b3IhCsK/RnVuY2lvbmEgYmllbj8gwr9ObyB0aWVuZSBuaW5nw7puIHByb2JsZW1hPw==
UJIh,,W0xpbmd1aXN0IERpY3Rpb25hcnldCkkgaG9wZSB0aGlzIHRyYW5zbGF0b3Igd291bGQgaGVscCB5b3Ugd2l0aCB5b3VyIGpvdXJuZXku,,,,,W0xpbmd1aXN0YSBEaWNpb27DoXJpb10KRXNwZXJvIHF1ZSBlc3NlIHRyYWR1dG9yIHBvc3NhIGFqdWRhciB2b2PDqiBlbSBzdWEgam9ybmFkYS4=,,W0xpbmfDvGlzdGEgZGUgQXJ1bmFmZWx0el0KRXNwZXJvIHF1ZSBlbCB0cmFkdWN0b3IgdGUgYXl1ZGUgZHVyYW50ZSB0dSB2aWFqZS4=
UZIh,,W0xpbmd1aXN0IERpY3Rpb25hcnldCkhvd2V2ZXIsIEFsdGhvdWdoIHVzaW5nIGEgdHJhbnNsYXRvciBpcyBpbXBvcnRhbnQsIHRoZSBiYXNpY3Mgb2YgbGFuZ3VhZ2UgYW5kIGNvbW11bmljYXRpb24gaXMgdGhhdCB5b3Ugc2hvdWxkIHRyeSB0byB1bmRlcnN0YW5kIG90aGVycy4=,,,,,W0xpbmd1aXN0YSBEaWNpb27DoXJpb10KTm8gZW50YW50bywgZW1ib3JhIG8gdXNvIGRlIHVtIHRyYWR1dG9yIHNlamEgaW1wb3J0YW50ZSwgbyBiw6FzaWNvIGRvIGlkaW9tYSBlIGRhIGNvbXVuaWNhw6fDo28gw6kgcXVlIHZvY8OqIGRldmUgdGVudGFyIGVudGVuZGVyIG9zIG91dHJvcy4=,,W0xpbmfDvGlzdGEgZGUgQXJ1bmFmZWx0el0KU2luIGVtYmFyZ28sIGF1bnF1ZSBlcyBpbXBvcnRhbnRlIHVzYXIgdW4gdHJhZHVjdG9yLCBsbyBmdW5kYW1lbnRhbCBkZSBsb3MgaWRpb21hcyB5IGxhIGNvbXVuaWNhY2nDs24gZXMgcXVlIGludGVudGVzIGVudGVuZGVybG9zLg==
UpIh,,W0xpbmd1aXN0IERpY3Rpb25hcnldCllvdSBzaG91bGQgbm90IGp1c3QgcmVseSBldmVyeXRoaW5nIG9uIGEgbWVyZSBtYWNoaW5lLi4uZG9uJ3QgZm9yZ2V0IHRvIGJlIHVuZGVyc3RhbmRpbmcuIEVuam95IHlvdXIgam91cm5leSBpbiB0aGUgb3RoZXJ3b3JsZCB3aXRoIHRoYXQgdHJhbnNsYXRvci4=,,,,,W0xpbmd1aXN0YSBEaWNpb27DoXJpb10KVm9jw6ogbsOjbyBkZXZlIGNvbmZpYXIgdHVkbyBhIHVtYSBzaW1wbGVzIG3DoXF1aW5hLi4uIG7Do28gc2UgZXNxdWXDp2EgZGUgdGVyIG8gY29yYcOnw6NvIGFiZXJ0by4gQXByb3ZlaXRlIHN1YSBqb3JuYWRhIG5vIG91dHJvIG11bmRvIGNvbSBlc3NlIHRyYWR1dG9yLg==,,W0xpbmfDvGlzdGEgZGUgQXJ1bmFmZWx0el0KTm8gcHVlZGVzIGNvbmZpYXIgYSBjaWVnYXMgZW4gdW5hIHNpbXBsZSBtw6FxdWluYS4uLiBObyBvbHZpZGVzIGFjdHVhciBjb24gY29tcHJlbnNpw7NuLiDCoUVzcGVybyBxdWUsIGNvbiBlbCB0cmFkdWN0b3IsIGRpc2ZydXRlcyBkZWwgdmlhamUgcG9yIGVsIG90cm8gbXVuZG8h
U5Ih,,W0xpbmd1aXN0IERpY3Rpb25hcnldCkkgaGVhcmQgdGhlIHRyYW5zbGF0b3IgaXMgZmluYWxseSBtYWRlClNvLEhvdyBpcyBpdCB3b3JraW5nPyBJc24ndCB0aGVyZSBhbnkgcHJvYmxlbSB3aXRoIGl0Py4=,,,,,W0xpbmd1aXN0YSBEaWNpb27DoXJpb10KT3V2aSBkaXplciBxdWUgbyB0cmFkdXRvciBmb2kgZmluYWxtZW50ZSBjcmlhZG8uCkVudMOjbywgY29tbyBlbGUgZXN0w6EgZnVuY2lvbmFuZG8/IE7Do28gaMOhIG5lbmh1bSBwcm9ibGVtYSBjb20gZWxlPw==,,W0xpbmfDvGlzdGEgZGUgQXJ1bmFmZWx0el0KRXNjdWNow6kgcXVlLCBhbCBmaW4sIHNlIGNvbnN0cnV5w7MgdW4gdHJhZHVjdG9yLgpFbnRvbmNlcywgwr9mdW5jaW9uYSBiaWVuPyDCv05vIHRpZW5lIG5pbmfDum4gcHJvYmxlbWE/
VJIh,,W0xpbmd1aXN0IERpY3Rpb25hcnldCkkgaG9wZSBpdCB3b3VsZCBoZWxwIHlvdSB0aHJvdWdoIHlvdXIgam91cm5leS4=,,,,,W0xpbmd1aXN0YSBEaWNpb27DoXJpb10KRXNwZXJvIHF1ZSBlbGUgdGUgYWp1ZGUgZW0gc3VhIGpvcm5hZGEu,,W0xpbmfDvGlzdGEgZGUgQXJ1bmFmZWx0el0KRXNwZXJvIHF1ZSB0ZSBheXVkZSBkdXJhbnRlIHR1IHZpYWplLg==
VZIh,,UnVuZS1NaWRnYXJkIE1hZ2ljaWFu,,,,,TWFnbyBkZSBSdW5lLU1pZGdhcmQ=,,TWFnbyBkZSBSdW5lLU1pZGdhcmQ=
VpIh,,W01hZ2ljaWFuIFdoaXNwZXJdClRvIHN0b3JlIGEgdHJlbWVuZG91cyBhbW91bnQgb2YgaW5mb3JtYXRpb24sIHdlbGwsIGl0J3MgaW1wb3NzaWJsZSB3aXRoIGV4aXN0aW5nIHRlY2hub2xvZ3ku,,,,,W01hZ28gU3Vzc3Vycm9dCkFybWF6ZW5hciB1bWEgcXVhbnRpZGFkZSBlbm9ybWUgZGUgaW5mb3JtYcOnw7VlcyDDqSBpbXBvc3PDrXZlbCBjb20gYSB0ZWNub2xvZ2lhIGV4aXN0ZW50ZS4=,,W01hZ28gU3VzdXJyb10KQ29uIGxhIHRlY25vbG9nw61hIGFjdHVhbCwgZXMgaW1wb3NpYmxlIGFsbWFjZW5hciB1bmEgY2FudGlkYWQgdGFuIGdyYW5kZSBkZSBpbmZvcm1hY2nDs24uLi4=
V5Ih,,W01hZ2ljaWFuIFdoaXNwZXJdCkFuY2llbnQgUnVuZS1NaWRnYXJkIEtpbmdkb20gdXNlZCBhIHNvbWUga2luZCBvZiBtYWdpYyBvbnRvIGEgbWFnaWNhbCBnZW0gdG8gc3RvcmUgbGFyZ2UgaW5mb3JtYXRpb24uLi5Vc2luZyBhIGdlbSBhcyBhIHN0b3JhZ2UuLi4=,,,,,W01hZ28gU3Vzc3Vycm9dCk8gUmVpbm8gQW50aWdvIGRlIFJ1bmUtTWlkZ2FyZCB1c291IGFsZ3VtIHRpcG8gZGUgbWFnaWEgZW0gdW1hIGdlbWEgbcOhZ2ljYSBwYXJhIGFybWF6ZW5hciBncmFuZGVzIGluZm9ybWHDp8O1ZXMuLi4gVXNhbmRvIHVtYSBnZW1hIGNvbW8gYXJtYXplbmFtZW50by4uLg==,,W01hZ28gU3VzdXJyb10KRWwgYW50aWd1byByZWlubyBkZSBSdW5lLU1pZGdhcmQgdXNhYmEgdW5hIGVzcGVjaWUgZGUgam95YSBtw6FnaWNhIHBhcmEgYWxtYWNlbmFyIGdyYW5kZXMgY2FudGlkYWRlcyBkZSBpbmZvcm1hY2nDs247IGFzw60gZXMsIHVzYWJhbiBqb3lhcyBjb21vIGFsbWFjZW5hbWllbnRvLg==
WJIh,,W01hZ2ljaWFuIFdoaXNwZXJdCk9oLCBwYXJkb24gbWUsIHlvdSBoYXZlIHN1Y2ggYSBjb21mb3J0YWJsZSBhdG1vc3BoZXJlIGFuZCBJIGludm9sdW50YXJpbHkgc3Bva2UgdG8geW91LiBXaG8gbWlnaHQgeW91IGJlPw==,,,,,W01hZ28gU3Vzc3Vycm9dCkFoLCBkZXNjdWxwZS4gVm9jw6ogdGVtIHVtYSBhdG1vc2ZlcmEgdMOjbyBjb25mb3J0w6F2ZWwgcXVlIGV1IGludm9sdW50YXJpYW1lbnRlIGZhbGVpIGNvbSB2b2PDqi4gUXVlbSDDqSB2b2PDqj8=,,W01hZ28gU3VzdXJyb10KT2gsIHBlcmTDs24sIHRpZW5lcyB1bmEgYXRtw7NzZmVyYSBkZW1hc2lhZG8gYWdyYWRhYmxlIHkgZW1wZWPDqSBhIGhhYmxhcnRlIHNpbiBkYXJtZSBjdWVudGEuIMK/UXVpw6luIGVyZXM/
WZIh,,W01hZ2ljaWFuIFdoaXNwZXJdClRoZSBBbmNpZW50IFJ1bmUtTWlkZ2FyZCBLaW5nZG9tIHVzZWQgc29tZSBraW5kIG9mIG1hZ2ljIG9uIGEgbWFnaWNhbCBnZW0gdG8gc3RvcmUgbGFyZ2UgYW1vdW50cyBvZiBpbmZvcm1hdGlvbi4uLiBVc2luZyBhIGdlbSBhcyBzdG9yYWdlLi4u,,,,,W01hZ28gU3Vzc3Vycm9dCk8gUmVpbm8gQW50aWdvIGRlIFJ1bmUtTWlkZ2FyZCB1c291IGFsZ3VtIHRpcG8gZGUgbWFnaWEgZW0gdW1hIGdlbWEgbcOhZ2ljYSBwYXJhIGFybWF6ZW5hciBncmFuZGVzIHF1YW50aWRhZGVzIGRlIGluZm9ybWHDp8O1ZXMuLi4gVXNhbmRvIHVtYSBnZW1hIGNvbW8gYXJtYXplbmFtZW50by4uLg==,,W01hZ28gU3VzdXJyb10KRWwgYW50aWd1byByZWlubyBkZSBSdW5lLU1pZGdhcmQgdXNhYmEgdW5hIGVzcGVjaWUgZGUgam95YSBtw6FnaWNhIHBhcmEgYWxtYWNlbmFyIGdyYW5kZXMgY2FudGlkYWRlcyBkZSBpbmZvcm1hY2nDs247IGFzw60gZXMsIHVzYWJhbiBqb3lhcyBjb21vIGFsbWFjZW5hbWllbnRvLg==
WpIh,,VWgsIE1yLiBEaWN0aW9uYXJ5IHNlbnQuLi4=,,,,,SMOjLCBvIFNyLiBEaWNpb27DoXJpbyBtYW5kb3UuLi4=,,RWgsIG1lIGVudmnDsyBlbCBsaW5nw7xpc3RhLi4u
W5Ih,,W01hZ2ljaWFuIFdoaXNwZXJdCk9oPyBZb3UgbWVhbiB0aGF0IExpbmd1aXN0IGZyb20gdGhlIEFydW5hZmVsdHouIEFuZCB0aGF0IG1lYW5zIHdlIG5lZWQgYSBSZWNvcmRlZCBMYW5ndWFnZSBTYW1wbGUu,,,,,W01hZ28gU3Vzc3Vycm9dCkFoPyBWb2PDqiBxdWVyIGRpemVyIGFxdWVsZSBsaW5ndWlzdGEgZGEgQXJ1bmFmZWx0ej8gRSBpc3NvIHNpZ25pZmljYSBxdWUgcHJlY2lzYW1vcyBkZSB1bWEgYW1vc3RyYSBkZSBsaW5ndWFnZW0gZ3JhdmFkYS4=,,W01hZ28gU3VzdXJyb10Kwr9FaD8gwr9UZSByZWZpZXJlcyBhIGVzZSBsaW5nw7xpc3RhIGRlIEFydW5hZmVsdHo/IEVzbyBzaWduaWZpY2EgcXVlIG5lY2VzaXRhbW9zIHVuYSBtdWVzdHJhIGdyYWJhZGEgZGVsIGlkaW9tYS4=
XJIh,,W01hZ2ljaWFuIFdoaXNwZXJdCkhtbW0uLi4gQWN0dWFsbHksIEkndmUgYnVyaWVkIG1hZ2ljYWwgZ2VtcyB3aGljaCByZWNvcmRzIHNvdW5kIHdhdmVzIHdpdGggaXRzIG1hZ2ljYWwgcG93ZXIsIG5lYXIgdGhlaXIgdGVycml0b3J5Li4udG8gZ2F0aGVyIGluZm9ybWF0aW9uIGFib3V0IHRoZWlyIGxhbmd1YWdlLg==,,,,,W01hZ28gU3Vzc3Vycm9dCkhtbW0uLi4gTmEgdmVyZGFkZSwgZW50ZXJyZWkgZ2VtYXMgbcOhZ2ljYXMgcXVlIHJlZ2lzdHJhbSBvbmRhcyBzb25vcmFzIGNvbSBwb2RlciBtw6FnaWNvIHBlcnRvIGRvIHRlcnJpdMOzcmlvIGRlbGVzLi4uIHBhcmEgY29sZXRhciBpbmZvcm1hw6fDtWVzIHNvYnJlIG8gaWRpb21hIGRlbGVzLg==,,W01hZ28gU3VzdXJyb10KTW1tLi4uIERlIGhlY2hvLCBlbnRlcnLDqSBqb3lhcyBtw6FnaWNhcywgcXVlIHB1ZWRlbiBncmFiYXIgbGFzIG9uZGFzIHNvbm9yYXMgY29uIG1hZ2lhLCBjZXJjYSBkZSBzdSB0ZXJyaXRvcmlvIHBhcmEgcG9kZXIgcmV1bmlyIGluZm9ybWFjacOzbiBzb2JyZSBzdSBpZGlvbWEu
XZIh,,W01hZ2ljaWFuIFdoaXNwZXJdCkJ1dCwgQXNzYXNzaW5zIHdobyB3ZXJlIGluIGNoYXJnZSBvZiBidXJ5aW5nIHRob3NlIGdlbXMuLi4gVGhleSBhcmUgd29ya2luZyBvbiBzb21lIG90aGVyIG1pc3Npb24sIHNvIHRoZXkgY2FuJ3QgZ28gYW5kIHJldHJpZXZlIHRob3NlIGdlbXMu,,,,,W01hZ28gU3Vzc3Vycm9dCk1hcyBvcyBNZXJjZW7DoXJpb3MgcXVlIGVzdGF2YW0gZW5jYXJyZWdhZG9zIGRlIGVudGVycmFyIGVzc2FzIGdlbWFzLi4uIEVsZXMgZXN0w6NvIHRyYWJhbGhhbmRvIGVtIG91dHJhIG1pc3PDo28sIGVudMOjbyBuw6NvIHBvZGVtIGlyIHJlY3VwZXLDoS1sYXMu,,W01hZ28gU3VzdXJyb10KUGVybyBsb3MgQXNlc2lub3MgcXVlIHNlIGVuY2FyZ2Fyb24gZGUgZW50ZXJyYXIgbGFzIGpveWFzIGVzdMOhbiB0cmFiYWphbmRvIGVuIG90cmEgbWlzacOzbiwgYXPDrSBxdWUgbm8gcHVlZGVuIGlyIGEgYnVzY2FybGFzLg==
XpIh,,W01hZ2ljaWFuIFdoaXNwZXJdCldpdGhvdXQgc29tZW9uZSBkbyB1cyBhIGZhdm9yIGFuZCByZXRyaWV2ZSB0aG9zZSBnZW1zLCB0aGVyZSdzIG5vIHdheSBJIGNvdWxkIGdpdmUgeW91IHRoZSBzYW1wbGUu,,,,,W01hZ28gU3Vzc3Vycm9dClNlbSBhbGd1w6ltIHF1ZSBub3MgZmHDp2EgdW0gZmF2b3IgZSBhcyByZWN1cGVyZSwgbsOjbyB0ZW0gY29tbyBldSB0ZSBkYXIgYSBhbW9zdHJhLg==,,W01hZ28gU3VzdXJyb10KU2kgbmFkaWUgbm9zIGhhY2UgZWwgZmF2b3IgZGUgcmVjdXBlcmFyIGVzYXMgam95YXMsIG5vIHRlbmdvIGZvcm1hIGRlIGRhcnRlIHVuYSBtdWVzdHJhLg==
X5Ih,,VGhlbiBzaG91bGQgSSBjb21lIGJhY2sgbGF0ZXI/,,,,,RW50w6NvLCBkZXZvIHZvbHRhciBtYWlzIHRhcmRlPw==,,wr9FbnRvbmNlcywgdnVlbHZvIG3DoXMgdGFyZGU/
YJIh,,V2hhdCBpZiBJIGdvIGFuZCByZXRyaWV2ZSB0aGVtPw==,,,,,RSBzZSBldSBmb3IgYnVzY8OhLWxvcz8=,,wr9ZIHNpIGxhcyByZWN1cGVybz8=
YZIh,,W01hZ2ljaWFuIFdoaXNwZXJdCi4uLi4uLi4uLi4uLi4uU3VyZSwgeW91IGNvdWxkIHdhaXQgZm9yIDEwMCB5ZWFycy4uLg==,,,,,W01hZ28gU3Vzc3Vycm9dCi4uLi4uLi4uLi4uLi4uIENvbSBjZXJ0ZXphLCB2b2PDqiBwb2RlcmlhIGVzcGVyYXIgcG9yIDEwMCBhbm9zLi4u,,W01hZ28gU3VzdXJyb10KLi4uLi4uLi4uLi4uLi5DbGFybywgcG9kcsOtYXMgZXNwZXJhciAxMDAgYcOxb3MuLi4=
YpIh,,W3swfV0KV2hhdD8=,,,,,W3swfV0KTyBxdcOqPw==,,W3swfV0Kwr9RdcOpPw==
Y5Ih,,W01hZ2ljaWFuIFdoaXNwZXJdCkFoLCBObywgTm8sIEl0J3Mgbm90aGluZy4=,,,,,W01hZ28gU3Vzc3Vycm9dCkFoLCBuw6NvLCBuw6NvLCBuw6NvIMOpIG5hZGEu,,W01hZ28gU3VzdXJyb10KQWgsIG5vLCBubywgbm8gZXMgbmFkYS4=
ZJIh,,W01hZ2ljaWFuIFdoaXNwZXJdCklmIHlvdSBjb3VsZCBkbyB0aGF0LCBpdCB3aWxsIHNhdmUgdXMgd2hvbGUgbG90IG9mIHRpbWUgYW5kIHRoYXQnZCBiZSBnb29kIGZvciB1cyEgV291bGRuJ3QgaXQ/IERvbid0IHlvdSB0aGluayBzbz8=,,,,,W1N1c3N1cnJvIGRvIG3DoWdpY29dClNlIHZvY8OqIHB1ZGVyIGZhemVyIGlzc28sIGVjb25vbWl6YXJlbW9zIG11aXRvIHRlbXBvIGUgc2VyaWEgw7N0aW1vIHBhcmEgbsOzcyEgTsOjbyDDqSBtZXNtbz8gVm9jw6ogbsOjbyBhY2hhPw==,,W01hZ28gU3VzdXJyb10KU2kgcHVkaWVyYXMsIMKhbm9zIGFob3JyYXLDrWEgbXVjaG8gdGllbXBvIHkgc2Vyw61hIGJ1ZW5vIHBhcmEgdG9kb3MhIMK/Tm8gbG8gY3JlZXM/
ZZIh,,W01hZ2ljaWFuIFdoaXNwZXJdCkkgYmVsaXZlIHlvdSd2ZSBtZXQgdGhvc2UgdHdvIGFsaWVuIHJhY2VzIG91dCB0aGVyZT8KQXNzYXNzaW5zIGJ1cmllZCBNYWdpY2FsIEdlbXMgbmVhciB0aGVpciB2aWxsYWdlcyB3aXRob3V0IHRoZW0gbm90aWNpbmcu,,,,,W01hZ28gU3Vzc3Vycm9dCkFjcmVkaXRvIHF1ZSB2b2PDqiB0ZW5oYSBlbmNvbnRyYWRvIGVzc2FzIGR1YXMgcmHDp2FzIGVzdHJhbmhhcyBwb3IgYcOtLgpNZXJjZW7DoXJpb3MgZW50ZXJyYXJhbSBHZW1hcyBNw6FnaWNhcyBwZXJ0byBkZSBzdWFzIGFsZGVpYXMgc2VtIHF1ZSBlbGFzIHBlcmNlYmVzc2VtLg==,,W01hZ28gU3VzdXJyb10KQ3JlbyBxdWUgeWEgY29ub2Npc3RlIGEgbGFzIGRvcyByYXphcywgwr92ZXJkYWQ/CkxvcyBBc2VzaW5vcyBlbnRlcnJhcm9uIGpveWFzIG3DoWdpY2FzIGNlcmNhIGRlIGxhcyBhbGRlYXMgc2luIHF1ZSBzZSBkaWVyYW4gY3VlbnRhLg==
ZpIh,,W01hZ2ljaWFuIFdoaXNwZXJdCkZpcnN0IEdlbSBpcyBidXJpZWQgdW5kZXIgdGhlIE11c2hyb29tLWxpa2Ugc3RydWN0dXJlIG5lYXIgRmFpcnkncyB2aWxsYWdlLg==,,,,,W01hZ28gU3Vzc3Vycm9dCkEgcHJpbWVpcmEgZ2VtYSBlc3TDoSBlbnRlcnJhZGEgc29iIGEgZXN0cnV0dXJhIHNlbWVsaGFudGUgYSB1bSBjb2d1bWVsbyBwZXJ0byBkYSB2aWxhIGRhcyBGYWRhcy4=,,W01hZ28gU3VzdXJyb10KTGEgcHJpbWVyYSBqb3lhIGVzdMOhIGVudGVycmFkYSBiYWpvIGxhIGVzdHJ1Y3R1cmEgZW4gZm9ybWEgZGUgaG9uZ28gY2VyY2EgZGUgbGEgYWxkZWEgZGUgbGFzIGhhZGFzLg==
Z5Ih,,W01hZ2ljaWFuIFdoaXNwZXJdCmFuZCBTZWNvbmQgR2VtIGlzIGJ1cmllZCB1bmRlciB0aGUgdHJlZSBuZWFyIEdpYW50J3MgdmlsbGFnZS4=,,,,,W01hZ28gU3Vzc3Vycm9dCkUgYSBzZWd1bmRhIGdlbWEgZXN0w6EgZW50ZXJyYWRhIHNvYiBhIMOhcnZvcmUgcGVydG8gZGEgVmlsYSBkb3MgR2lnYW50ZXMu,,W01hZ28gU3VzdXJyb10KWSBsYSBzZWd1bmRhIGVzdMOhIGVudGVycmFkYSBiYWpvIGVsIMOhcmJvbCBjZXJjYSBkZSBsYSBhbGRlYSBkZSBsb3MgZ2lnYW50ZXMu
aJIh,,W01hZ2ljaWFuIFdoaXNwZXJdCkJyaW5nIGJhY2sgdGhvc2UgdHdvIGdlbXMgYW5kIHRoYXQgd291bGQgaGVscCBtZSBncmVhdGx5Lg==,,,,,W01hZ28gU3Vzc3Vycm9dClRyYWdhIGRlIHZvbHRhIGVzc2FzIGR1YXMgZ2VtYXMuIE1lIGFqdWRhcmlhIG11aXRvLg==,,W01hZ28gU3VzdXJyb10KU2kgbWUgdHJhZXMgZXNhcyBkb3Mgam95YXMsIG1lIGF5dWRhcsOtYXMgbXVjaG8u
aZIh,,W01hZ2ljaWFuIFdoaXNwZXJdCldlbGwsIEkgY2FuJ3QgZm9yY2UgeW91IHRvIGRvIGl0IGlmIHlvdSBhcmUgdG9vIGJ1c3kgd2l0aCBvdGhlciBtYXR0ZXJzLi4u,,,,,W01hZ28gU3Vzc3Vycm9dCkJlbSwgbsOjbyBwb3NzbyBmb3LDp2FyIHZvY8OqIHNlIG91dHJvcyBhc3N1bnRvcyBlc3RpdmVyZW0gdGUgb2N1cGFuZG8uLi4=,,W01hZ28gU3VzdXJyb10KQnVlbm8sIHNpIHRpZW5lcyBtdWNoYXMgY29zYXMgcXVlIGhhY2VyLCBubyBwdWVkbyBvYmxpZ2FydGUgYSBheXVkYXJtZS4uLg==
apIh,,W01hZ2ljaWFuIFdoaXNwZXJdClRoZXJlJ3MgYW4gb2xkIHNheWluZywgVGhlIG9uZSB3aG8ncyB0aGlyc3R5IHdpbGwgZGlnIGZvciBhIHdlbGwuLi4u,,,,,W01hZ28gU3Vzc3Vycm9dCkjDoSB1bSB2ZWxobyBkaXRhZG86ICcnUXVlbSBxdWVyLCBkw6EgdW0gamVpdG8nJy4uLg==,,W01hZ28gU3VzdXJyb10KSGF5IHVuIHZpZWpvIHJlZnLDoW4gcXVlIGRpY2U6IEVsIHF1ZSBxdWllcmUgYXp1bCBjZWxlc3RlLCBxdWUgbGUgY3Vlc3RlLi4u
a5Ih,,W01hZ2ljaWFuIFdoaXNwZXJdCkkgYWxtb3N0IGZvcmdvdCEgWW91IHNob3VsZCBiZSBjYXJlZnVsIHdoZW4geW91IGRpZyBmb3IgdGhlIEdlbS4KQXNzYXNzaW5zIGluc3RhbGxlZCBhIHRyYXAgdG8gcHJvdGVjdCBHZW1zIGFzIHRoZXkgYnVyeSB0aGVtLg==,,,,,W01hZ28gU3Vzc3Vycm9dClF1YXNlIG1lIGVzcXVlY2khIFZvY8OqIHRlbSBxdWUgdGVyIGN1aWRhZG8gYW8gY2F2YXIgcGFyYSBwZWdhciBhIGdlbWEuCk9zIE1lcmNlbsOhcmlvcyBpbnN0YWxhcmFtIHVtYSBhcm1hZGlsaGEgcGFyYSBwcm90ZWdlciBhcyBnZW1hcyBxdWFuZG8gYXMgZW50ZXJyYXJhbS4=,,W01hZ28gU3VzdXJyb10KwqFDYXNpIG1lIG9sdmlkbyEgRGViZXMgdGVuZXIgY3VpZGFkbyBhbCBleGNhdmFyIHBhcmEgYnVzY2FyIGxhcyBqb3lhcy4KTWllbnRyYXMgbGFzIGVudGVycmFiYW4sIGxvcyBBc2VzaW5vcyBpbnN0YWxhcm9uIHRyYW1wYXMgcGFyYSBwcm90ZWdlcmxhcy4=
bJIh,,W01hZ2ljaWFuIFdoaXNwZXJdCldvdywgWW91IGFyZSBiYWNrIGFscmVhZHkhCldlbGwgdGhlbiwgbGV0IG1lIHNlZSB0aGVtIQ==,,,,,W1N1c3N1cnJvIGRvIG3DoWdpY29dClVhdSwgdm9jw6ogasOhIHZvbHRvdSEKQmVtLCBkZWl4ZS1tZSB2w6otbGFzLCBlbnTDo28h,,W01hZ28gU3VzdXJyb10KwqFWYXlhLCB5YSB2b2x2aXN0ZSEKQnVlbm8sIMKhbXXDqXN0cmFtZWxhcyE=
bZIh,,LSBBcyB5b3UgaGFuZGVkIG92ZXIgdGhlIEdlbSwgLQotIGhlIGV4YW1pbmVkIGl0IHRocm91Z2hseS0=,,,,,LSBRdWFuZG8gdm9jw6ogZW50cmVnb3UgYSBnZW1hLCAtCi0gZWxlIGEgZXhhbWlub3UgbWludWNpb3NhbWVudGUuLQ==,,KFRyYXMgZW50cmVnYXIgbGEgam95YSwKbGEgZXhhbWluYSBjb24gbXVjaG8gY3VpZGFkbyku
bpIh,,W01hZ2ljaWFuIFdoaXNwZXJdCkhtbS4uLgpUaGVyZSdzIGxvdHMgb2Ygbm9pc2VzIGNhdWdodCBpbiwgYnV0IEkgdGhpbmsgSSBjb3VsZCBleHRyYWN0IGEgdm9pY2UgaW4gbm8gdGltZS4=,,,,,W01hZ28gU3Vzc3Vycm9dCkhtbS4uLgpIw6EgbXVpdG9zIHJ1w61kb3MsIG1hcyBhY2hvIHF1ZSBwb3NzbyBleHRyYWlyIHVtYSB2b3ogZW0gcG91Y28gdGVtcG8u,,W01hZ28gU3VzdXJyb10KTW1tLi4uCkNhcHR1csOzIG11Y2hvcyBydWlkb3MsIHBlcm8gY3JlbyBxdWUgcG9kcsOpIGV4dHJhZXIgdW5hIHZveiBlbiBwb2NvIHRpZW1wby4=
b5Ih,,W01hZ2ljaWFuIFdoaXNwZXJdCkkgd2lsbCBleHRyYWN0IGEgdm9pY2UgcmVjb3JkZWQgaW4gdGhpcyBnZW0gYW5kIHNlbmQgdGhlbSB0byB0aGUgTGluZ3Vpc3QgZnJvbSBBcnVuYWZlbHR6Lg==,,,,,W01hZ28gU3Vzc3Vycm9dClZvdSBleHRyYWlyIHVtYSB2b3ogZ3JhdmFkYSBuZXNzYSBnZW1hIGUgZW52acOhLWxhIHBhcmEgbyBsaW5ndWlzdGEgZGUgQXJ1bmFmZWx0ei4=,,W01hZ28gU3VzdXJyb10KRXh0cmFlcsOpIGxhIHZveiBxdWUgc2UgaGF5YSBncmFiYWRvIGVuIGVzdGEgam95YSB5IHNlIGxhIGVudmlhcsOpIGFsIGxpbmfDvGlzdGEgZGUgQXJ1bmFmZWx0ei4=
cJIh,,W01hZ2ljaWFuIFdoaXNwZXJdCkl0IGxvb2tzIGxpa2UgdGhlcmUncyBtYW55IGtpbmQgb2YgY29udmVuaWVudCBtYWNoaW5lcy4gVm9pY2VzIEkndmUgZXh0cmFjdGVkIGNhbiBiZSBzZW50IGRpcmVjdGx5IHRvIHRoZSBMaW5ndWlzdCBmcm9tIEFydW5hZmVsdHogYnkgdXNpbmcgdGhpcyByZWNvcmRpbmcgbWFjaGluZS4=,,,,,W01hZ28gU3Vzc3Vycm9dClBhcmVjZSBxdWUgaMOhIG11aXRvcyB0aXBvcyBkZSBtw6FxdWluYXMgY29udmVuaWVudGVzLiBBcyB2b3plcyBxdWUgZXh0cmHDrSBwb2RlbSBzZXIgZW52aWFkYXMgZGlyZXRhbWVudGUgcGFyYSBvIGxpbmd1aXN0YSBkZSBBcnVuYWZlbHR6IHVzYW5kbyBlc3NhIG3DoXF1aW5hIGRlIGdyYXZhw6fDo28u,,W01hZ28gU3VzdXJyb10KQWhvcmEgdGVuZW1vcyBtw6FxdWluYXMgbXV5IGNvbnZlbmllbnRlcy4gUHVlZG8gdXNhciBlc3RhIGdyYWJhZG9yYSBwYXJhIGVudmlhcmxlIGxhcyB2b2NlcyBxdWUgZXh0cmFqZSBkZSBmb3JtYSBkaXJlY3RhIGFsIGxpbmfDvGlzdGEgZGUgQXJ1bmFmZWx0ei4=
cZIh,,W01hZ2ljaWFuIFdoaXNwZXJdClNvIEkgd2lsbCBiZSBvayBieSBvbiBteSBvd24uIFRoYW5rIHlvdSBmb3IgeW91ciB0cm91YmxlLg==,,,,,W01hZ28gU3Vzc3Vycm9dCkVudMOjbywgZmljYXJlaSBiZW0gcG9yIGNvbnRhIHByw7NwcmlhLiBBZ3JhZGXDp28gc2V1IGVzZm9yw6dvLg==,,W01hZ28gU3VzdXJyb10KRXN0YXLDqSBiaWVuIHBvciBtaSBjdWVudGEuIEdyYWNpYXMgcG9yIGxhIGF5dWRhLg==
cpIh,,W01hZ2ljaWFuIFdoaXNwZXJdCldlbGwsIGlmIHlvdSBhcmUgbm90IGJ1c3kgYXQgdGhlIHRpbWUsIHBsZWFzZSBnbyBjaGVjayBob3cncyB0aGUgTGluZ3Vpc3QgZnJvbSBBcnVuYWZlbHR6J3MgcmVzZWFyY2ggaXMgY29taW5nIHVwLg==,,,,,W01hZ28gU3Vzc3Vycm9dCkJlbSwgc2UgbsOjbyB0aXZlciBuYWRhIHBhcmEgZmF6ZXIgbm8gbW9tZW50bywgcG9kZXJpYSBpciB2ZXJpZmljYXIgY29tbyBlc3TDoSBpbmRvIGEgcGVzcXVpc2EgZG8gbGluZ3Vpc3RhIGRlIEFydW5hZmVsdHo/,,W01hZ28gU3VzdXJyb10KQnVlbm8sIHNpIG5vIHRpZW5lcyBtdWNobyBxdWUgaGFjZXIsIHZlIGEgdmVyIGPDs21vIHZhIGxhIGludmVzdGlnYWNpw7NuIGRlbCBsaW5nw7xpc3RhIGRlIEFydW5hZmVsdHou
c5Ih,,W01hZ2ljaWFuIFdoaXNwZXJdCldvdywgWW91IGFyZSBiYWNrIGFscmVhZHk/IQ==,,,,,W1N1c3N1cnJvIGRvIG3DoWdpY29dClVhdSwgdm9jw6ogasOhIHZvbHRvdT8h,,W01hZ28gU3VzdXJyb10KVmF5YSwgwqHCv3lhIHZvbHZpc3RlPyE=
dJIh,,W01hZ2ljaWFuIFdoaXNwZXJdCkdpdmUgbWUgdGhlIEdlbS4gSSB3aWxsIGV4dHJhY3QgYSB2b2ljZSByZWNvcmRlZCBpbiB0aGlzIGdlbSBhbmQgc2VuZCB0aGVtIHRvIHRoZSBMaW5ndWlzdCBmcm9tIEFydW5hZmVsdHou,,,,,W01hZ28gU3Vzc3Vycm9dCk1lIGTDqiBhIGdlbWEuIEV4dHJhaXJlaSB1bWEgdm96IGdyYXZhZGEgbmVsYSBlIGEgZW52aWFyZWkgcGFyYSBvIGxpbmd1aXN0YSBkZSBBcnVuYWZlbHR6Lg==,,W01hZ28gU3VzdXJyb10KRGFtZSBsYSBqb3lhLiBFeHRyYWVyw6kgbGEgdm96IHF1ZSBzZSBoYXlhIGdyYWJhZG8gZW4gZXN0YSBqb3lhIHkgc2UgbGEgZW52aWFyw6kgYWwgbGluZ8O8aXN0YSBkZSBBcnVuYWZlbHR6Lg==
dZIh,,W01hZ2ljaWFuIFdoaXNwZXJdCi4uLkhvd2V2ZXIuLi5XaGVyZSBpcyB0aGUgR2VtPw==,,,,,W01hZ28gU3Vzc3Vycm9dCi4uLiBNYXMuLi4gQ2Fkw6ogYSBnZW1hPw==,,W01hZ28gU3VzdXJyb10KT3llLi4uIMK/ZMOzbmRlIGVzdMOhIGxhIGpveWE/
dpIh,,W01hZ2ljaWFuIFdoaXNwZXJdCkkgc2hvdWxkIGJlIHdvcmtpbmcgb24gZXh0cmFjdGluZyB2b2ljZSBkYXRhIGFuZCBzZW5kIHRoZW0gdG8gdGhlIExpbmd1aXN0IGZyb20gQXJ1bmFmZWx0ei4=,,,,,W01hZ28gU3Vzc3Vycm9dCkV1IGRldmVyaWEgZXN0YXIgdHJhYmFsaGFuZG8gbmEgZXh0cmHDp8OjbyBkZSBkYWRvcyBkZSB2b3ogcGFyYSBtYW5kw6EtbGEgYW8gbGluZ3Vpc3RhIGRlIEFydW5hZmVsdHou,,W01hZ28gU3VzdXJyb10KRXN0b3kgdHJhYmFqYW5kbyBlbiBleHRyYWVyIGxvcyBkYXRvcyBkZSB2b3ogcGFyYSBlbnZpw6Fyc2Vsb3MgYWwgbGluZ8O8aXN0YSBkZSBBcnVuYWZlbHR6Lg==
d5Ih,,W01hZ2ljaWFuIFdoaXNwZXJdCkhtbS4uLlRoZXJlJ3MgbW9yZSBkYXRhIHRoYW4gd2UgdGhvdWdodC4uLg==,,,,,W01hZ28gU3Vzc3Vycm9dCkhtbS4uLiBIw6EgbWFpcyBkYWRvcyBkbyBxdWUgcGVuc8OhdmFtb3MuLi4=,,W01hZ28gU3VzdXJyb10KTW1tLi4uIEhheSBtw6FzIGRhdG9zIGRlIGxvcyBxdWUgcGVuc2Ftb3MuLi4=
eJIh,,W01hZ2ljaWFuIFdoaXNwZXJdCk9mIGNvdXJzZSBpdCBpcyBhIHBpZWNlIG9mIGNha2UgdG8gdHVybiBkYXRhIGludG8gbWFnaWNhbCBwb3dlciBhbmQgcHV0J2VtIGludG8gYSBnZW0uLi5Nb3N0IGltcG9ydGFudCB0aGluZyBpcywgSSBkb24ndCBrbm93IGlmIHRoZXJlJ3MgYSBqZXdsIHRoYXQgaGFzIGVub3VnaCBzdG9yYWdlIHNwYWNlIHRvIHN0b3JlIHRoYXQgbXVjaCBvZiBkYXRhLi4u,,,,,W01hZ28gU3Vzc3Vycm9dCsOJIGNsYXJvIHF1ZSDDqSBtdWl0byBmw6FjaWwgdHJhbnNmb3JtYXIgZGFkb3MgZW0gcG9kZXIgbcOhZ2ljbyBlIGNvbG9jw6EtbG9zIGVtIHVtYSBnZW1hLi4uIE8gbWFpcyBpbXBvcnRhbnRlIMOpIHF1ZSBldSBuw6NvIHNlaSBzZSBleGlzdGUgdW1hIGdlbWEgcXVlIHRlbmhhIGVzcGHDp28gc3VmaWNpZW50ZSBwYXJhIGFybWF6ZW5hciBlc3NhIHF1YW50aWRhZGUgZGUgZGFkb3MuLi4=,,W01hZ28gU3VzdXJyb10KRXMgcGFuIGNvbWlkbyBjb252ZXJ0aXIgbG9zIGRhdG9zIGVuIHBvZGVyIG3DoWdpY28geSBtZXRlcmxvcyBlbiB1bmEgam95YS4uLiBFbCDDum5pY28gcHJvYmxlbWEgZXMgcXVlIG5vIHPDqSBzaSBleGlzdGUgdW5hIHF1ZSB0ZW5nYSBlc3BhY2lvIHN1ZmljaWVudGUgcGFyYSBhbG1hY2VuYXIgdGFudGEgaW5mb3JtYWNpw7NuLi4u
eZIh,,W01hZ2ljaWFuIFdoaXNwZXJdCkkgaGVhcmQgdGhhdCBjb2xkIHNpZGUgb2YgYSBmaWVsZCBvdXRzaWRlIG9mIHRoZSBFeHBlZGl0aW9uIENhbXAsIF4wMDAwRkYgTXlzdGVyaW91cyBPcmUgdGhhdCBjYW4ndCBiZSBmb3VuZCBpbiB0aGUgTWlkZ2FyZCBeMDAwMDAwY2FuIGJlIGZvdW5kLg==,,,,,W01hZ28gU3Vzc3Vycm9dCk91dmkgZGl6ZXIgcXVlLCBubyBsYWRvIGZyaW8gZGUgdW0gY2FtcG8gZm9yYSBkbyBDYW1wbyBkZSBFeHBlZGnDp8OjbywgaMOhIHVtIF4wMDAwRkZNaW7DqXJpbyBtaXN0ZXJpb3NvIHF1ZSBuw6NvIHBvZGUgc2VyIGVuY29udHJhZG8gZW0gTWlkZ2FyZF4wMDAwMDAu,,W01hZ28gU3VzdXJyb10KRXNjdWNow6kgcXVlLCBlbiBlc2UgY2FtcG8gZnLDrW8ganVudG8gYWwgY2FtcGFtZW50byBkZSBsYSBleHBlZGljacOzbiwgc2UgcHVlZGVuIGVuY29udHJhciBeMDAwMEZGbWluZXJhbGVzIG1pc3Rlcmlvc29zIHF1ZSBubyBleGlzdGVuIGVuIE1pZGdhcmReMDAwMDAwLg==
epIh,,W01hZ2ljaWFuIFdoaXNwZXJdCk9ubHkgaWYgd2UgY291bGQgZmluZCB0aGF0IG9yZSwgaXQgd291bGQgbWFrZSB0aGlzIHdvcmsgbXVjaCBlYXNpZXIuLi4gV2hhdCBkbyB5b3UgdGhpbmsgYWJvdXQgdGhhdD8gRG8geW91IHRoaW5rIHlvdSBjb3VsZCBnbyBhbmQgZmluZCBvbmUgZm9yIG1lPw==,,,,,W01hZ28gU3Vzc3Vycm9dClNlIGNvbnNlZ3XDrXNzZW1vcyBlbmNvbnRyYXIgZXNzZSBtaW7DqXJpbywgc2VyaWEgdHVkbyBtdWl0byBtYWlzIGbDoWNpbC4uLiBPIHF1ZSB2b2PDqiBhY2hhPyBQb2RlcmlhIHByb2N1cmFyIHVtIHBhcmEgbWltPw==,,W01hZ28gU3VzdXJyb10KU2kgdGFuIHNvbG8gcHVkacOpc2Vtb3MgZW5jb250cmFyIGVzZSBtaW5lcmFsLCBlbCB0cmFiYWpvIHNlcsOtYSBtdWNobyBtw6FzIGbDoWNpbC4uLiDCv1F1w6kgdGUgcGFyZWNlPyDCv0NyZWVzIHF1ZSBwb2Ryw61hcyBjb25zZWd1aXJtZSBhbGd1bm8/
e5Ih,,W01hZ2ljaWFuIFdoaXNwZXJdCldoaWxlIHlvdSBhcmUgZ29uZSwgSSB3aWxsIG9yZ2FuaXplIHRoZSBkYXRhIHRvIHB1dCBpbnRvIHRoZSBHZW0u,,,,,W01hZ28gU3Vzc3Vycm9dCkVucXVhbnRvIHZvY8OqIGVzdGl2ZXIgZm9yYSwgb3JnYW5pemFyZWkgb3MgZGFkb3MgcGFyYSBjb2xvY2FyIG5hIGdlbWEu,,W01hZ28gU3VzdXJyb10KTWllbnRyYXMgbm8gZXN0w6lzLCBvcmdhbml6YXLDqSBsb3MgZGF0b3MgcGFyYSBjb2xvY2FybG9zIGVuIGxhIGpveWEu
fJIh,,W01hZ2ljaWFuIFdoaXNwZXJdCk9oISBJcyB0aGlzIHRoYXQgb3JlPw==,,,,,W01hZ28gU3Vzc3Vycm9dCkFoISDDiSBlc3NlIG8gdGFsIG1pbsOpcmlvPw==,,W01hZ28gU3VzdXJyb10KwqFPaCEgwr9Fc3RlIGVzIGVsIG1pbmVyYWw/
fZIh,,W01hZ2ljaWFuIFdoaXNwZXJdCkhvLi4gVGhpcyBzdXJlIGlzIGludGVyZXN0aW5nLiBJdCBoYXMgbm90IGJlZW4gcmVmaW5lZCB5ZXQsIGJ1dCBJIGNhbiBzZW5zZSBteXN0ZXJpb3VzIHBvd2VyIGZyb20gdGhpcyBvcmUu,,,,,W01hZ28gU3Vzc3Vycm9dCkhtbS4uLiBRdWUgaW50ZXJlc3NhbnRlLiBFbGUgYWluZGEgbsOjbyBmb2kgcmVmaW5hZG8sIG1hcyBwb3NzbyBzZW50aXIgdW0gcG9kZXIgbWlzdGVyaW9zbyBuZWxlLg==,,W01hZ28gU3VzdXJyb10KT2guLi4gRXN0byBlcyBtdXkgaW50ZXJlc2FudGUuIE5vIHNlIHJlZmluw7MgdG9kYXbDrWEsIHBlcm8geWEgcHVlZG8gc2VudGlyIHVuIHBvZGVyIG1pc3Rlcmlvc28gZW4gc3UgaW50ZXJpb3Iu
fpIh,,W01hZ2ljaWFuIFdoaXNwZXJdCkl0J3Mgc29tZXRoaW5nIGxpa2UuLi4gdGhlIHNwZWNpYWwgd2F2ZSB3aXRoIGEgbGlmZSBmb3JjZS4=,,,,,W01hZ28gU3Vzc3Vycm9dCsOJIGFsZ28gY29tby4uLiBhIG9uZGEgZXNwZWNpYWwgY29tIHVtYSBmb3LDp2Egdml0YWwu,,W01hZ28gU3VzdXJyb10KRXMgYWxnbyBjb21vLi4uIFVuYSBvbmRhIGVzcGVjaWFsIGNvbiBmdWVyemEgdml0YWwgY29udGVuaWRhLg==
f5Ih,,W01hZ2ljaWFuIFdoaXNwZXJdCkxldCdzIHRlc3QgYW5kIHNlZSBzZWUgaG93IG11Y2ggbWFnaWNhbCBwb3dlciBpdCBjb3VsZCBzdG9yZS4=,,,,,W01hZ28gU3Vzc3Vycm9dClZhbW9zIHRlc3RhciBlIHZlciBxdWFudG8gcG9kZXIgbcOhZ2ljbyBlbGUgcG9kZSBhcm1hemVuYXIu,,W01hZ28gU3VzdXJyb10KVmFtb3MgYSBwcm9iYXIgY3XDoW50byBwb2RlciBtw6FnaWNvIHB1ZWRlIGFsbWFjZW5hci4=
gJIh,,LSBIZSBjbG9zZWQgaGlzIGV5ZXMgYW5kIGNoYW50ZWQgYSBzcGVsbCAtCi0gd2l0aCB0aGUgb3JlIG9uIGhpcyBoYW5kLiAt,,,,,LSBFbGUgZmVjaG91IG9zIG9saG9zIGUgZW50b291IHVtIGZlaXRpw6dvIC0KLSBjb20gbyBtaW7DqXJpbyBlbSBzdWEgbcOjby4gLQ==,,KENlcnLDsyBsb3Mgb2pvcyB5IGNvbmp1csOzIHVuIGhlY2hpem8KY29uIGVsIG1pbmVyYWwgZW4gbGEgbWFubyku
gZIh,,W01hZ2ljaWFuIFdoaXNwZXJdCkx1bW9zIE5veCBEZW5zYXVnZW8gRGlzc2VuZGl1bSBEaWZmaW5kbyBFbmdvcmdpbyBNb2JpbGlhcmJ1cyBFeHBlY3RvIHBhdHJvbnVtISEhIQ==,,,,,W01hZ28gU3Vzc3Vycm9dCkx1bW9zIE5veCBEZW5zYXVnZW8gRGlzc2VuZGl1bSBEaWZmaW5kbyBFbmdvcmdpbyBNb2JpbGlhcmJ1cyBFeHBlY3RvIHBhdHJvbnVtIQ==,,W01hZ28gU3VzdXJyb10KwqFMdW1vcywgTm94LCBEZW5zYXVnZW8sIERpc3NlbmRpdW0sIERpZmZpbmRvLCBFbmdvcmdpbywgTW9iaWxpYXJidXMsIEV4cGVjdG8gUGF0cm9udW0hIA==
gpIh,,W01hZ2ljaWFuIFdoaXNwZXJdCldvdyEhISBUaCwgVGhpcyBpcyB1bmJlbGlldmFibGUh,,,,,W1N1c3N1cnJvIGRvIG3DoWdpY29dClVhdSEgSXNzby0gaXNzbyDDqSBpbmFjcmVkaXTDoXZlbCE=,,W01hZ28gU3VzdXJyb10KwqFWYXlhISBKYSwgwqFlcyBpbmNyZcOtYmxlIQ==
g5Ih,,W01hZ2ljaWFuIFdoaXNwZXJdCkFuIG9yZSB3aXRoIHRoaXMgbXVjaCBzdG9yYWdlIHNwYWNlLCBvbmx5IGEgc2l6ZSBvZiBmaW5nZXJuYWlsIGNvdWxkIHN0b3JlIGJvdGggb2YgdHdvIGxhbmd1YWdlcyE=,,,,,W01hZ28gU3Vzc3Vycm9dClVtIG1pbsOpcmlvIGNvbSB0YW50byBlc3Bhw6dvIGRlIGFybWF6ZW5hbWVudG8sIHPDsyBkbyB0YW1hbmhvIGRlIHVtYSB1bmhhLCBwb2RlbmRvIGFybWF6ZW5hciBhbWJvcyBvcyBpZGlvbWFzIQ==,,W01hZ28gU3VzdXJyb10KwqFVbiBtaW5lcmFsIGNvbiBlc3RhIGNhcGFjaWRhZCBkZSBhbG1hY2VuYW1pZW50bywgeSB0YW4gc29sbyBkZWwgdGFtYcOxbyBkZSB1bmEgdcOxYSwgcG9kcsOtYSBhbG1hY2VuYXIgbG9zIGRvcyBpZGlvbWFzIQ==
hJIh,,W01hZ2ljaWFuIFdoaXNwZXJdCkNvdWxkIHlvdSB3YWl0IGZvciBhIG1pbnV0ZT8KVGFrZSBzb21lIHJlc3Qgd2hpbGUgSSBjcmFmdCB0aGlzIG9yZSBpbnRvIGEgZ2VtIGFuZCBwdXQgdGhlIG1hZ2ljYWwgZGF0YSBpbnRvIGl0LiBZb3UgbG9vayBleGhhdXN0ZWQuLi4=,,,,,W01hZ28gU3Vzc3Vycm9dClZvY8OqIHBvZGVyaWEgZXNwZXJhciB1bSBtaW51dG8/CkRlc2NhbnNlIHVtIHBvdWNvIGVucXVhbnRvIGV1IHRyYW5zZm9ybW8gZXNzZSBtaW7DqXJpbyBlbSB1bWEgZ2VtYSBlIGNvbG9jbyBvcyBkYWRvcyBtw6FnaWNvcyBuZWxhLiBQYXJlY2UgcXVlIGZvaSBiZW0gY2Fuc2F0aXZvIHBhcmEgdm9jw6ouLi4=,,W01hZ28gU3VzdXJyb10Kwr9QdWVkZXMgZXNwZXJhciB1biBtb21lbnRvPwpEZXNjYW5zYSBtaWVudHJhcyBjb252aWVydG8gZXN0ZSBtaW5lcmFsIGVuIHVuYSBqb3lhIHkgbGUgaW5ncmVzbyBsb3MgZGF0b3MgbcOhZ2ljb3MuIFRlIHZlcyBtdWVydG8gZGUgY2Fuc2FuY2lvLi4u
hZIh,,W01hZ2ljaWFuIFdoaXNwZXJdCkkgaGVhcmQgdGhhdCB0aGUgY29sZCBzaWRlIG9mIHRoZSBmaWVsZCBvdXRzaWRlIG9mIHRoZSBFeHBlZGl0aW9uIENhbXAgaGFzIGEgVW5pZGVudGlmaWVkIE1pbmVyYWwgdGhhdCBjYW4ndCBiZSBmb3VuZCBpbiBSdW5lIE1pZGdhcmQu,,,,,W01hZ28gU3Vzc3Vycm9dCk91dmkgZGl6ZXIgcXVlLCBubyBsYWRvIGZyaW8gZGUgdW0gY2FtcG8gZm9yYSBkbyBDYW1wbyBkZSBFeHBlZGnDp8OjbywgaMOhIHVtIE1pbsOpcmlvIE7Do28gSWRlbnRpZmljYWRvIHF1ZSBuw6NvIHBvZGUgc2VyIGVuY29udHJhZG8gZW0gUnVuZS1NaWRnYXJkLg==,,W01hZ28gU3VzdXJyb10KRXNjdWNow6kgcXVlLCBlbiBlc2UgY2FtcG8gZnLDrW8ganVudG8gYWwgY2FtcGFtZW50byBkZSBsYSBleHBlZGljacOzbiwgc2UgcHVlZGVuIGVuY29udHJhciBeRkYwMDAwbWluZXJhbGVzIG1pc3Rlcmlvc29zIHF1ZSBubyBleGlzdGVuIGVuIE1pZGdhcmReMDAwMDAwLg==
hpIh,,LSBIaXMgZmFjZSB0dXJuZWQgYSBiaXQgcGFsZSwgLQotIEhlIGxvb2tlZCBwbGVhc2VkIGFzIGhlIHNhdyB5b3UgLQ==,,,,,LSBPIHJvc3RvIGRlbGUgZmljb3UgdW0gcG91Y28gcMOhbGlkbywgLQotIEVsZSBwYXJlY2V1IHNhdGlzZmVpdG8gYW8gdmVyIHZvY8OqLiAt,,KFN1IHJvc3RybyBzZSBlbXBhbGlkZWNpw7MgdW4gcG9jbywKcGVybyBzZSB2ZcOtYSBzYXRpc2ZlY2hvKS4=
h5Ih,,W01hZ2ljaWFuIFdoaXNwZXJdCkFoISBKdXN0IGluIHRpbWUh,,,,,W01hZ28gU3Vzc3Vycm9dCkFoISBCZW0gbmEgaG9yYSE=,,W01hZ28gU3VzdXJyb10KwqFBaCEgwqFKdXN0byBhIHRpZW1wbyE=
iJIh,,W01hZ2ljaWFuIFdoaXNwZXJdCkkndmUganVzdCBmaW5pc2hlZCBpbmZ1c2luZyB0aGUgbWFnaWNhbCBwb3dlci4KRnJvbSBub3cgb24sIGl0J3MgdXAgdG8gdGhlIE1lY2hhbmljIEVuZ2luZWVyIGZyb20gU2Nod2FydHp3YWx0IHRvIGNvbWJpbmVkIHRoaXMgZ2VtIHdpdGggYSBtYWNoaW5lIHRvIG1ha2UgaXQgd29yayBhcyBhIHJlYWwtdGltZSB0cmFuc2xhdG9yLg==,,,,,W01hZ28gU3Vzc3Vycm9dCkFjYWJlaSBkZSBpbmZ1bmRpciBvIHBvZGVyIG3DoWdpY28uCkRlIGFnb3JhIGVtIGRpYW50ZSwgY2FiZSBhbyBFbmdlbmhlaXJvIE1lY8OibmljbyBkZSBTY2h3YXJ0endhbHQgY29tYmluYXIgZXNzYSBnZW1hIGNvbSB1bWEgbcOhcXVpbmEgcGFyYSBmYXrDqi1sYSBmdW5jaW9uYXIgY29tbyB1bSB0cmFkdXRvciBlbSB0ZW1wbyByZWFsLg==,,W01hZ28gU3VzdXJyb10KQWNhYm8gZGUgdGVybWluYXIgZGUgaW5mdW5kaXIgZWwgcG9kZXIgbcOhZ2ljby4KQSBwYXJ0aXIgZGUgYWhvcmEsIHF1ZWRhIGVuIG1hbm9zIGRlbCBpbmdlbmllcm8gbWVjw6FuaWNvIGRlIFNjaHdhcnp3YWxkIGNvbWJpbmFyIGxhIGpveWEgeSBjcmVhciB1bmEgbcOhcXVpbmEgcXVlIGZ1bmNpb25lIGNvbW8gdW4gdHJhZHVjdG9yIGVuIHRpZW1wbyByZWFsLg==
iZIh,,W01hZ2ljaWFuIFdoaXNwZXJdCkkgd2lsbCBhc2sgeW91IG9uZSBsYXN0IGZhdm9yLgpQbGVhc2UgZGVsaXZlciB0aGlzIGNyYWZ0ZWQgZ2VtIHRvIHRoZSBNZWNoYW5pYyBFbmdpbmVlciBmcm9tIFNjaHdhcnR6d2FsdC4=,,,,,W01hZ28gU3Vzc3Vycm9dClZvdSB0ZSBwZWRpciB1bSDDumx0aW1vIGZhdm9yLgpFbnRyZWd1ZSBlc3RhIGdlbWEgdHJhYmFsaGFkYSBhbyBFbmdlbmhlaXJvIE1lY8OibmljbyBkZSBTY2h3YXJ0endhbHQu,,W01hZ28gU3VzdXJyb10KVGUgcGVkaXLDqSB1biDDumx0aW1vIGZhdm9yLgpFbnRyw6lnYWxlIGVzdGEgSm95YSByZWZpbmFkYSBhbCBpbmdlbmllcm8gbWVjw6FuaWNvIGRlIFNjaHdhcnp3YWxkLg==
ipIh,,W01hZ2ljaWFuIFdoaXNwZXJdCkknbSByZWFsbHkgc29ycnkgdG8gYXNrIHlvdSBzbyBtYW55IGZhdm9ycy4uLiwgQWguLi5JJ3ZlIHVzZWQgdXAgdG9vIG11Y2ggbWFnaWNhbCBwb3dlci4uLkkgc2hvdWxkIHJlc3QgZm9yIGEgd2hpbGUu,,,,,W01hZ28gU3Vzc3Vycm9dClNpbnRvIG11aXRvIHBvciB0ZSBwZWRpciB0YW50b3MgZmF2b3Jlcy4uLiBBaC4uLiB1c2VpIG11aXRvIHBvZGVyIG3DoWdpY28uLi4gw6kgbWVsaG9yIGV1IGRlc2NhbnNhciB1bSBwb3Vjby4=,,W01hZ28gU3VzdXJyb10KUGVyZMOzbiBwb3IgcGVkaXJ0ZSB0YW50b3MgZmF2b3Jlcy4uLiBBaC4uLiBVc8OpIGRlbWFzaWFkbyBwb2RlciBtw6FnaWNvLi4uIERlYmVyw61hIGRlc2NhbnNhciB1biByYXRvLg==
i5Ih,,LSBeMDAwMEZGIFJlY2VpdmVkIHRoZSBDcmFmdGVkIEdlbSBeMDAwMDAwIC0KLSBeMDAwMEZGIGZyb20gV2hpc3BlciAhIV4wMDAwMDAgLQ==,,,,,LSBeMDAwMEZGIFJlY2ViZXUgYSBHZW1hIENyaWFkYSBeMDAwMDAwIC0KLSBeMDAwMEZGIGRlIFN1c3N1cnJvISFeMDAwMDAwIC0=,,KF4wMDAwRkbCoVJlY2liaXN0ZSBsYSBKb3lhIHJlZmluYWRhXjAwMDAwMApeMDAwMEZGZGUgU3VzdXJybyFeMDAwMDAwKQ==
jJIh,,W01hZ2ljaWFuIFdoaXNwZXJdCldvdWxkIHlvdSBnaXZlIG1lIGEgbW9tZW50PwpUYWtlIHNvbWUgcmVzdCB3aGlsZSBJIGNyYWZ0IHRoaXMgb3JlIGludG8gYSBnZW0gYW5kIHB1dCB0aGUgbWFnaWNhbCBkYXRhIGludG8gaXQuIFlvdSBsb29rIGV4aGF1c3RlZC4uLg==,,,,,W01hZ28gU3Vzc3Vycm9dClBvZGVyaWEgbWUgZGFyIHVtIG1vbWVudG8/CkRlc2NhbnNlIHVtIHBvdWNvIGVucXVhbnRvIGV1IHRyYW5zZm9ybW8gZXNzZSBtaW7DqXJpbyBlbSB1bWEgZ2VtYSBlIGNvbG9jbyBvcyBkYWRvcyBtw6FnaWNvcyBuZWxhLiBWb2PDqiBwYXJlY2UgdGVyIHNlIGNhbnNhZG8gbXVpdG8uLi4=,,W01hZ28gU3VzdXJyb10Kwr9QdWVkZXMgZXNwZXJhciB1biBtb21lbnRvPwpEZXNjYW5zYSBtaWVudHJhcyBjb252aWVydG8gZXN0ZSBtaW5lcmFsIGVuIHVuYSBqb3lhIHkgbGUgaW5ncmVzbyBsb3MgZGF0b3MgbcOhZ2ljb3MuIFRlIHZlcyBtdWVydG8gZGUgY2Fuc2FuY2lvLi4u
jZIh,,W01hZ2ljaWFuIFdoaXNwZXJdClBsZWFzZSBkZWxpdmVyIHRoaXMgY3JhZnRlZCBnZW0gdG8gdGhlIE1lY2hhbmljIEVuZ2luZWVyIGZyb20gU2Nod2FydHp3YWx0Lg==,,,,,W01hZ28gU3Vzc3Vycm9dClBvciBmYXZvciwgZW50cmVndWUgZXN0YSBnZW1hIGFydGVzYW5hbCBhbyBFbmdlbmhlaXJvIE1lY8OibmljbyBkZSBTY2h3YXJ0endhbHQu,,W01hZ28gU3VzdXJyb10KRW50csOpZ2FsZSBlc3RhIEpveWEgcmVmaW5hZGEgYWwgaW5nZW5pZXJvIG1lY8OhbmljbyBkZSBTY2h3YXJ6d2FsZC4=
jpIh,,LSBIZSBsb29rcyBzbyBzbGVlcHkgYW5kIHNhaWQgLQotIGFzIGhlIHJ1YmJpbmcgaGlzIGNsb3NpbmcgZXllcy4gLQ==,,,,,LSBFbGUgcGFyZWNlIHTDo28gc29ub2xlbnRvIGUgZmFsb3UgLQotIGVucXVhbnRvIGVzZnJlZ2F2YSBvcyBvbGhvcyBmZWNoYWRvcy4gLQ==,,KFNlIHZlIG11eSBzb21ub2xpZW50bywgeSByZXNwb25kZQptaWVudHJhcyBzZSBmcm90YSBsb3Mgb2pvcyBlbnRyZWNlcnJhZG9zKS4=
j5Ih,,W01hZ2ljaWFuIFdoaXNwZXJdCkhvdydzIHRoZSB0cmFuc2xhdG9yIG1ha2luZyBwcm9jZXNzIGdvaW5nPw==,,,,,W01hZ28gU3Vzc3Vycm9dCkNvbW8gZXN0w6EgaW5kbyBvIHByb2Nlc3NvIGRlIGNyaWHDp8OjbyBkbyB0cmFkdXRvcj8=,,W01hZ28gU3VzdXJyb10Kwr9Dw7NtbyB2aWVuZSBlbCBwcm9jZXNvIGRlIGNyZWFjacOzbiBkZWwgdHJhZHVjdG9yPw==
kJIh,,W01hZ2ljaWFuIFdoaXNwZXJdCkkndmUganVzdCByZWNlaXZlZCBhIG1lc3NhZ2UgdGhhdCB0aGUgdHJhbnNsYXRvciBpcyBmaW5pc2hlZCE=,,,,,W01hZ28gU3Vzc3Vycm9dCkFjYWJlaSBkZSByZWNlYmVyIHVtYSBtZW5zYWdlbSBkZSBxdWUgbyB0cmFkdXRvciBlc3TDoSBwcm9udG8h,,W01hZ28gU3VzdXJyb10KwqFBY2FibyBkZSByZWNpYmlyIHVuIG1lbnNhamUgZGUgcXVlIGVsIHRyYWR1Y3RvciBlc3TDoSBsaXN0byE=
kZIh,,W01hZ2ljaWFuIFdoaXNwZXJdCldlIGFyZSBzaG9ydCBvbiB0aGUgYW1vdW50IGp1c3QgeWV0LCBzdGlsbCBpdCB3aWxsIG1ha2Ugb3VyIGFkdmFuY2UgdG8gdGhlIG90aGVyIHdvcmxkIGVhc2llciE=,,,,,W01hZ28gU3Vzc3Vycm9dCkFpbmRhIG7Do28gdGVtb3MgdW1hIHF1YW50aWRhZGUgc3VmaWNpZW50ZSwgbWFzIGlzc28gZmFjaWxpdGFyw6Egbm9zc28gYXZhbsOnbyBwYXJhIG8gb3V0cm8gbXVuZG8h,,W01hZ28gU3VzdXJyb10KVG9kYXbDrWEgbm8gdGVuZW1vcyBsYSBjYW50aWRhZCBzdWZpY2llbnRlLCDCoXBlcm8gaWd1YWwgc2Vyw6EgbcOhcyBmw6FjaWwgYXZhbnphciBoYWNpYSBlbCBvdHJvIG11bmRvIQ==
kpIh,,SGFsZi1idXJpZWQgR2Vt,,,,,R2VtYSBzZW1pLWVudGVycmFkYQ==,,R2VtYSBtZWRpbyBlbnRlcnJhZGE=
k5Ih,,VGhpZWYgQnVn,,,,,QmVzb3Vyby1MYWRyw6Nv,,VGhpZWYgQnVn
lJIh,,WW91IGhhdmUgdG9vIG1hbnkgaXRlbXN+CkRyb3Agc29tZSBhbmQgY29tZSBiYWNrIHRvIG1lLg==,,,,,Vm9jw6ogdGVtIGl0ZW5zIGRlbWFpc34KTGl2cmUtc2UgZGUgYWxndW5zIGUgdm9sdGUgcGFyYSBtaW0u,,VGllbmVzIGRlbWFzaWFkb3Mgb2JqZXRvcy4KRGVqYSBhbGd1bm9zIHkgdnVlbHZlLg==
lZIh,,LSBVbmRlciBhIHJvdW5kIHBpbGUgb2YgZWFydGgsIC0KLSB0aGVyZSdzIGEgUmVkIEdlbSAtCi0gaGFsZi1idXJpZWQuIC0=,,,,,LSBTb2IgdW1hIHBpbGhhIHJlZG9uZGEgZGUgdGVycmEsIC0KLSBow6EgdW1hIEdlbWEgVmVybWVsaGEgLQotIG1laW8gZW50ZXJyYWRhLiAt,,KEJham8gdW4gbW9udMOtY3VsbyBkZSB0aWVycmEsCnNlIGRpdmlzYSB1bmEgSm95YSByb2phCmEgbWVkaW8gZW50ZXJyYXIpLg==
lpIh,,RGlnIG91dCB0aGUgR2Vt,,,,,RGVzZW50ZXJyYXIgYSBqb2lh,,RGVzZW50ZXJyYXIgbGEgam95YS4=
l5Ih,,TGVhdmUgaXQgYWxvbmU=,,,,,RGVpeGFyIGVtIHBheg==,,RGVqYXJsYSBkb25kZSBlc3TDoS4=
mJIh,,LSBZb3Ugb3ZlcnNwcmVhZCBzb21lIGVhcnRoIG92ZXIgdGhlIEdlbSAtCi0gYW5kIGxlZnQgdGhlIEdlbSBhcyBpdCB3YXMuIC0=,,,,,LSBWb2PDqiBlc3BhbGhvdSB1bSBwb3VjbyBkZSB0ZXJyYSBzb2JyZSBhIEdlbWEgLQotIGUgZGVpeG91IGEgR2VtYSBjb21vIGVzdGF2YS4gLQ==,,KFJlbXVldmVzIHVuIHBvY28gbGEgdGllcnJhIHNvYnJlIGxhIGpveWEsCnkgbGEgZGVqYXMgY29tbyBlc3RhYmEpLg==
mZIh,,W3swfV0KLi4uV2hhdCB0aGUgaGVjayBhbSBJIGRvaW5nIG5vdy4uLi4=,,,,,W3swfV0KLi4uIFF1ZSBkaWFib3MgZXUgZXN0b3UgZmF6ZW5kby4uLg==,,W3swfV0Kwr9RdcOpIGRlbW9uaW9zIGVzdG95IGhhY2llbmRvLi4uPw==
mpIh,,LSBZb3UgZHVnIHVwIGEgcGlsZSBvZiBlYXJ0aCAtCi0gYW5kIHB1bGxlZCBvdXQgdGhlIFJlZCBHZW0gLQ==,,,,,LSBWb2PDqiBjYXZvdSB1bWEgcGlsaGEgZGUgdGVycmEgLQotIGUgcmV0aXJvdSBhIEdlbWEgVmVybWVsaGEgLQ==,,KEV4Y2F2YXN0ZSBlbCBtb250w61jdWxvIGRlIHRpZXJyYQp5IHNhY2FzdGUgbGEgSm95YSByb2phKS4=
m5Ih,,LSBBcyB5b3UgZHVnIHVwIGEgcGlsZSBvZiBlYXJ0aCwgLQotIGEgVGhpZWYgQnVnIGF0dGFja3MgeW91ISAt,,,,,LSBFbnF1YW50byB2b2PDqiBjYXZhdmEgdW0gbW9udGUgZGUgdGVycmEsIC0KLSB1bSBCZXNvdXJvLUxhZHLDo28gdGUgYXRhY2EhIC0=,,KE1pZW50cmFzIGV4Y2F2YWJhcyBlbiBlbCBtb250w61jdWxvIGRlIHRpZXJyYSwKwqF0ZSBhdGFjw7MgdW4gQmljaG8gbGFkcsOzbiEpLg==
nJIh,,W3swfV0KV2hhdCB0aGUgaGVjayBpcyB0aGlzPyE/IT8h,,,,,W3swfV0KUXVlIGRpYWJvcyDDqSBpc3NvPyE=,,W3swfV0KwqHCv1F1w6kgZGlhYmxvcyBlcyBlc3RvPyE=
nZIh,,LSBTbWFsbCBwaWxlIG9mIGVhcnRoIC0KLSB3aGljaCB5b3UgZHVnIHVwIHRoZSBSZWQgR2VtIC0=,,,,,LSBQZXF1ZW5vIG1vbnRlIGRlIHRlcnJhIC0KLSBvbmRlIHZvY8OqIGRlc2VudGVycm91IGEgR2VtYSBWZXJtZWxoYSAt,,KEVzIGVsIG1vbnTDrWN1bG8gZGUgdGllcnJhCmRlIGRvbmRlIGRlc2VudGVycmFzdGUgbGEgSm95YSByb2phKS4=
npIh,,LSBTbWFsbCBwaWxlIG9mIGVhcnRoIC0KLSBoaWNoIHlvdSBkdWcgdXAgdGhlIFJlZCBHZW0t,,,,,LSBQZXF1ZW5vIG1vbnRlIGRlIHRlcnJhIC0KLSBvbmRlIHZvY8OqIGRlc2VudGVycm91IGEgR2VtYSBWZXJtZWxoYS4t,,KEVzIGVsIG1vbnTDrWN1bG8gZGUgdGllcnJhCmRlIGRvbmRlIGRlc2VudGVycmFzdGUgbGEgSm95YSByb2phKS4=
n5Ih,,LSBVbmRlciBhIHJvdW5kIHBpbGUgb2YgZWFydGgsIC0KLSB0aGVyZSdzIGEgQmx1ZSBHZW0gLQotIGhhbGYtYnVyaWVkLiAt,,,,,LSBTb2IgdW1hIHBpbGhhIHJlZG9uZGEgZGUgdGVycmEsIC0KLSBow6EgdW1hIEdlbWEgQXp1bCAtCi0gbWVpbyBlbnRlcnJhZGEuIC0=,,KEJham8gdW4gbW9udMOtY3VsbyBkZSB0aWVycmEsCnNlIGRpdmlzYSB1bmEgSm95YSBhenVsCmEgbWVkaW8gZW50ZXJyYXIpLg==
oJIh,,W3swfV0KLi4uV2hhdCB0aGUgaGVjayBhbSBJIGRvaW5nIG5vdy4uLg==,,,,,W3swfV0KLi4uIE8gcXVlIGRpYWJvcyBlc3RvdSBmYXplbmRvIGFnb3JhLi4u,,W3swfV0Kwr9RdcOpIGRlbW9uaW9zIGVzdG95IGhhY2llbmRvLi4uPw==
oZIh,,LSBZb3UgZHVnIHVwIGEgcGlsZSBvZiBlYXJ0aCAtCi0gYW5kIHB1bGxlZCBvdXQgdGhlIEJsdWUgR2VtIC0=,,,,,LSBWb2PDqiBjYXZvdSB1bWEgcGlsaGEgZGUgdGVycmEgLQotIGUgcmV0aXJvdSBhIEdlbWEgQXp1bCAt,,KEV4Y2F2YXN0ZSBlbCBtb250w61jdWxvIGRlIHRpZXJyYQp5IHNhY2FzdGUgbGEgSm95YSBhenVsKS4=
opIh,,LSBBcyB5b3UgZHVnIHVwIGEgcGlsZSBvZiBlYXJ0aCwtCi0gVGhlaWYgQnVnIGlzIGF0dGFja2luZyB5b3UhIC0=,,,,,LSBBbyBjYXZhciB1bWEgcGlsaGEgZGUgdGVycmEsIC0KLSBPIEJlc291cm8tTGFkcsOjbyBhdGFjYSB2b2PDqiEgLQ==,,KE1pZW50cmFzIGV4Y2F2YWJhcyBlbiBlbCBtb250w61jdWxvIGRlIHRpZXJyYSwKwqF0ZSBhdGFjw7MgdW4gQmljaG8gbGFkcsOzbiEpLg==
o5Ih,,LSBTbWFsbCBwaWxlIG9mIGVhcnRoIC0KLSB3aGljaCB5b3UgZHVnIHVwIHRoZSBCbHVlIEdlbS0=,,,,,LSBQZXF1ZW5vIG1vbnRlIGRlIHRlcnJhIC0KLSBvbmRlIHZvY8OqIGRlc2VudGVycm91IGEgR2VtYSBBenVsLQ==,,KEVzIGVsIG1vbnTDrWN1bG8gZGUgdGllcnJhCmRlIGRvbmRlIGRlc2VudGVycmFzdGUgbGEgSm95YSBhenVsKS4=
pJIh,,LSBTbWFsbCBwaWxlIG9mIGVhcnRoIC0KLSB3aGljaCB5b3UgZHVnIHVwIHRoZSBCbHVlIEdlbSAt,,,,,LSBQZXF1ZW5vIG1vbnRlIGRlIHRlcnJhIC0KLSBvbmRlIHZvY8OqIGRlc2VudGVycm91IGEgR2VtYSBBenVsIC0=,,KEVzIGVsIG1vbnTDrWN1bG8gZGUgdGllcnJhCmRlIGRvbmRlIGRlc2VudGVycmFzdGUgbGEgSm95YSBhenVsKS4=
pZIh,,VHJhbnNsYXRvciBQcmVwYXJhdGlvbg==,,,,,UHJlcGFyYcOnw6NvIGRvIHRyYWR1dG9y,,UHJlcGFyYWNpw7NuIGRlbCBUcmFkdWN0b3I=
ppIh,,UGxlYXNlIHRyeSBhZ2FpbiBhZnRlciBpbnN0YWxsaW5nIGEgc3BlY2lhbCBpdGVtLg==,,,,,VGVudGUgbm92YW1lbnRlIGRlcG9pcyBkZSBpbnN0YWxhciB1bSBpdGVtIGVzcGVjaWFsLg==,,VnVlbHZlIGEgaW50ZW50YXJsbyBkZXNwdcOpcyBkZSBxdWUgaGF5YXMgaW5zdGFsYWRvIHVuIG9iamV0byBlc3BlY2lhbC4=
p5Ih,,W0VQMTMgVHJhbnNsYXRvciBRdWVzdCBQcmVwZXJhdGlvbl0KRmlyc3QsIFlvdSBtdXN0IGNvbmZpcm0gdGhhdCB5b3UgYXJlIG15IG1hc3Rlci4=,,,,,W1ByZXBhcmHDp8OjbyBkYSBNaXNzw6NvIGRvIFRyYWR1dG9yIGRvIEVQMTNdClByaW1laXJvLCB2b2PDqiBkZXZlIGNvbmZpcm1hciBxdWUgw6kgbWV1IG1lc3RyZS4=,,W0VQIDEzOiBQcmVwYXJhY2nDs24gcGFyYSBsYSBtaXNpw7NuIGRlbCB0cmFkdWN0b3JdClByaW1lcm8sIGRlYmVzIGNvbmZpcm1hciBxdWUgZXJlcyBtaSBtYWVzdHJvLg==
qJIh,,W0VQMTMgVHJhbnNsYXRvciBRdWVzdCBQcmVwZXJhdGlvbl0KQ2FuY2VsbGVk,,,,,W1ByZXBhcmHDp8OjbyBkYSBNaXNzw6NvIGRvIFRyYWR1dG9yIGRvIEVQMTNdCkNhbmNlbGFkYQ==,,W0VQIDEzOiBQcmVwYXJhY2nDs24gcGFyYSBsYSBtaXNpw7NuIGRlbCB0cmFkdWN0b3JdCkNhbmNlbGFkby4=
qZIh,,W0VQMTMgVHJhbnNsYXRvciBRdWVzdCBQcmVwZXJhdGlvbl0KSSdtIE5QQyB3aG8gZ2l2ZXMgdGhlIEVwaXNvZGUgMTMuMiBUcmFubGF0b3IgUXVlc3QncyBMaW5rZWQtUXVlc3QgSXRlbXMu,,,,,W1ByZXBhcmHDp8OjbyBkYSBNaXNzw6NvIGRvIFRyYWR1dG9yIGRvIEVQMTNdClNvdSBvIE5QQyBxdWUgZm9ybmVjZSBvcyBpdGVucyBkZSBtaXNzw6NvIHZpbmN1bGFkYSBkYSBNaXNzw6NvIGRvIFRyYWR1dG9yIGRvIEVwaXPDs2RpbyAxMy4yLg==,,W0VQIDEzOiBQcmVwYXJhY2nDs24gcGFyYSBsYSBtaXNpw7NuIGRlbCB0cmFkdWN0b3JdClNveSBlbCBOUEMgcXVlIGVudHJlZ2EgbG9zIG9iamV0b3MgZGUgbWlzacOzbiByZWxhY2lvbmFkb3MgY29uIGxhIG1pc2nDs24gZGVsIHRyYWR1Y3RvciBkZWwgZXBpc29kaW8gMTMuMi4=
qpIh,,V2hhdCB3b3VsZCB5b3UgbGlrZSB0byBkbz8=,,,,,TyBxdWUgdm9jw6ogZ29zdGFyaWEgZGUgZmF6ZXI/,,wr9RdcOpIHF1aWVyZXMgaGFjZXI/
q5Ih,,UmVjZWl2ZSBFUDEzLjEgUXVlc3Q=,,,,,UmVjZWJlciBhIE1pc3PDo28gZG8gRVAxMy4x,,VmVyIGxhIG1pc2nDs24gRVAgMTMuMS4=
rJIh,,UmVjZWl2ZSBRdWVzdCBXaW5kb3cgLSBNZWV0aW5nIHdpdGggRmFpcnkgYW5kIEdpYW50,,,,,UmVjZWJlciBhIEphbmVsYSBkZSBNaXNzw7VlcyAtIEVuY29udHJvIGNvbSBhIEZhZGEgZSBvIEdpZ2FudGU=,,VmVyIGxhIHZlbnRhbmEgZGUgbWlzaW9uZXM6IEVuY3VlbnRybyBjb24gbGFzIGhhZGFzIHkgbG9zIGdpZ2FudGVzLg==
rZIh,,W0VQMTMgVHJhbnNsYXRvciBRdWVzdCBQcmVwZXJhdGlvbl0KRXBpc29kZSAxMy4xIC0gVGhlIFJlcG9ydCBRdWVzdCBSZXdhcmQgSXRlbSBSZWNlaXZlZC4=,,,,,W1ByZXBhcmHDp8OjbyBkYSBNaXNzw6NvIGRvIFRyYWR1dG9yIGRvIEVQMTNdCkVwaXPDs2RpbyAxMy4xIC0gSXRlbSBSZWNvbXBlbnNhIGRlIE1pc3PDo28gZGUgUmVsYXTDs3JpbyBSZWNlYmlkby4=,,W0VQIDEzOiBQcmVwYXJhY2nDs24gcGFyYSBsYSBtaXNpw7NuIGRlbCB0cmFkdWN0b3JdCkVwaXNvZGlvIDEzLjE6IFJlY2liaXN0ZSBlbCBvYmpldG8gZGUgcHJlbWlvIGRlIGxhIG1pc2nDs24gZGUgaW5mb3JtZS4=
rpIh,,W0VQMTMgVHJhbnNsYXRvciBRdWVzdCBQcmVwZXJhdGlvbl0KQ3VycmVudCB0aGUgUmVwb3J0IFF1ZXN0J3MgU2V0IEl0ZW0gaXN7MH0uCkRvIHlvdSB3YW50IHRvIHByb2NlZWQ/,,,,,W1ByZXBhcmHDp8OjbyBwYXJhIGEgbWlzc8OjbyBkbyB0cmFkdXRvciBkbyBFUDEzXQpPIEl0ZW0gZGUgQ29uanVudG8gYXR1YWwgZGEgTWlzc8OjbyBkZSBSZWxhdMOzcmlvIMOpIHswfS4KRGVzZWphIHByb3NzZWd1aXI/,,W0VQIDEzOiBQcmVwYXJhY2nDs24gcGFyYSBsYSBtaXNpw7NuIGRlbCB0cmFkdWN0b3JdCkVsIG9iamV0byBhY3R1YWwgZGUgbGEgbWlzacOzbiBkZSBpbmZvcm1lIGVzIHswfS4Kwr9RdWllcmVzIGNvbnRpbnVhcj8=
r5Ih,,Tm8=,,,,,TsOjbw==,,Tm8u
sJIh,,WWVz,,,,,U2lt,,U8OtLg==
sZIh,,W0VQMTMgVHJhbnNsYXRvciBRdWVzdCBQcmVwZXJhdGlvbl0KQ2FuY2VsbGVkLg==,,,,,W1ByZXBhcmHDp8OjbyBwYXJhIGEgbWlzc8OjbyBkbyB0cmFkdXRvciBkbyBFUDEzXQpDYW5jZWxhZG8u,,W0VQIDEzOiBQcmVwYXJhY2nDs24gcGFyYSBsYSBtaXNpw7NuIGRlbCB0cmFkdWN0b3JdCkNhbmNlbGFkby4=
spIh,,W0VQMTMgVHJhbnNsYXRvciBRdWVzdCBQcmVwZXJhdGlvbl0KRXBpc29kZSAxMy4xIC0gUmVjZWl2aW5nIHRoZSBRdWVzdCB3aW5kb3cgLSBNZWV0aW5nIHdpdGggRmFpcnkgYW5kIEdpYW50Lg==,,,,,W1ByZXBhcmHDp8OjbyBwYXJhIGEgbWlzc8OjbyBkbyB0cmFkdXRvciBkbyBFUDEzXQpFcGlzw7NkaW8gMTMuMSAtIFJlY2ViZXIgYSBKYW5lbGEgZGUgTWlzc8O1ZXMgLSBFbmNvbnRybyBjb20gYSBGYWRhIGUgbyBHaWdhbnRlLg==,,W0VQIDEzOiBQcmVwYXJhY2nDs24gcGFyYSBsYSBtaXNpw7NuIGRlbCB0cmFkdWN0b3JdCkVwaXNvZGlvIDEzLjE6IE1vc3RyYW5kbyBsYSB2ZW50YW5hIGRlIG1pc2lvbmVzOiBFbmN1ZW50cm8gY29uIGxhcyBoYWRhcyB5IGxvcyBnaWdhbnRlcy4=
s5Ih,,W0VQMTMgVHJhbnNsYXRvciBRdWVzdCBQcmVwZXJhdGlvbl0KRG8geW91IHdhbnQgdG8gcHJvY2VlZD8=,,,,,W1ByZXBhcmHDp8OjbyBwYXJhIGEgbWlzc8OjbyBkbyB0cmFkdXRvciBkbyBFUDEzXQpEZXNlamEgY29udGludWFyPw==,,W0VQIDEzOiBQcmVwYXJhY2nDs24gcGFyYSBsYSBtaXNpw7NuIGRlbCB0cmFkdWN0b3JdCsK/UXVpZXJlcyBjb250aW51YXI/
tJIh,,W0VQMTMgVHJhbnNsYXRvciBRdWVzdCBQcmVwZXJhdGlvbl0KVHJ5IGFnYWluLg==,,,,,W1ByZXBhcmHDp8OjbyBwYXJhIGEgbWlzc8OjbyBkbyB0cmFkdXRvciBkbyBFUDEzXQpUZW50ZSBub3ZhbWVudGUu,,W0VQIDEzOiBQcmVwYXJhY2nDs24gcGFyYSBsYSBtaXNpw7NuIGRlbCB0cmFkdWN0b3JdCkludMOpbnRhbG8gZGUgbnVldm8u
tZIh,,LSBZb3UgYXJlIGNhcnJ5aW5nIHRvbyBtYW55IGl0ZW1zIHRvIHByb2NlZWQgd2l0aCB0aGlzIHF1ZXN0LiAt,,,,,LSBWb2PDqiBuw6NvIHBvZGUgcHJvc3NlZ3VpciBjb20gYSBtaXNzw6NvIHBvcnF1ZSB0ZW0gbXVpdG9zIGl0ZW5zLiAt,,LSBMbGV2YXMgZGVtYXNpYWRvcyBvYmpldG9zIHBhcmEgY29udGludWFyIGNvbiBlc3RhIG1pc2nDs24uLQ==
