IIycBw,,V2lzaCBSb2JvdA==,,,,,Um9iw7QgZG9zIERlc2Vqb3M=,,Um9ib3QgZGUgbG9zIERlc2Vvcw==
IYycBw,,UGxlYXNlIHRyeSBhZ2FpbiBhZnRlciBpbnN0YWxsaW5nIGEgc3BlY2lhbCBpdGVtLg==,,,,,Vm9sdGUgYXDDs3MgdGVyIGl0ZW5zIGRlIEdNLg==,,VnVlbHZlIGEgaW50ZW50YXJsbyBkZXNwdcOpcyBkZSBxdWUgaGF5YXMgaW5zdGFsYWRvIHVuIG9iamV0byBlc3BlY2lhbC4=
IoycBw,,W1dpc2ggUm9ib3RdCldoYXQgZG8geW91IHdhbnQ/,,,,,W1JvYsO0IGRvcyBEZXNlam9zXQpPIHF1ZSB2b2PDqiBxdWVyPw==,,W1JvYm90IGRlIGxvcyBEZXNlb3NdCsK/UXXDqSBxdWllcmVzPw==
I4ycBw,,SSB3aWxsIGZpZ2h0IEVsZW5hLg==,,,,,RXUgdm91IGx1dGFyIGNvbnRyYSBhIEVsZW5hLg==,,UGVsZWFyw6kgY29udHJhIEVsZW5hLg==
JIycBw,,SW5pdGlhbGl6ZSB0aGUgRGFpbHkgUXVlc3Qu,,,,,SW5pY2lhciBhIE1pc3PDo28gRGnDoXJpYS4=,,SW5pY2lhbGl6YXIgbGEgbWlzacOzbiBkaWFyaWEu
JYycBw,,TGV0IG1lIGdvIGhvbWUu,,,,,RGVpeGUtbWUgaXIgcGFyYSBjYXNhLg==,,RMOpamFtZSBpciBhIGNhc2Eu
JoycBw,,W1dpc2ggUm9ib3RdCkkgc2VlLiBZb3UgY2FuIGZpZ2h0IEVsZW5hIG5vdy4=,,,,,W1JvYsO0IGRvcyBEZXNlam9zXQpFbnRlbmRvLiBWb2PDqiBwb2RlIGx1dGFyIGNvbnRyYSBhIEVsZW5hIGFnb3JhLg==,,W1JvYm90IGRlIGxvcyBEZXNlb3NdCllhIHZlby4gUHVlZGVzIHBlbGVhciBjb250cmEgRWxlbmEgYWhvcmEu
J4ycBw,,W1dpc2ggUm9ib3RdCkdyZWF0LiBJJ2xsIGxldCB5b3UgZW50ZXIgdGhlIGFyZW5hIQ==,,,,,W1JvYsO0IGRvcyBEZXNlam9zXQrDk3RpbW8uIEV1IGRlaXhvIHZvY8OqIGVudHJhciBuYSBhcmVuYSE=,,W1JvYm90IGRlIGxvcyBEZXNlb3NdCkdlbmlhbC4gwqFUZSBkZWphcsOpIGVudHJhciBlbiBsYSBBcmVuYSE=
KIycBw,,W1dpc2ggUm9ib3RdCkNvbWUgb24uLi4gSSdtIGp1c3QgYSBwaWVjZSBvZiBpcm9uLiBUaGF0J3MgZmFyIGJleW9uZCBteSBjYXBhYmlsaXR5Lg==,,,,,W1JvYsO0IGRvcyBEZXNlam9zXQpRdWFsIMOpLi4uIEV1IHNvdSBhcGVuYXMgdW0gcGVkYcOnbyBkZSBtZXRhbC4gSXNzbyBlc3TDoSBtdWl0byBhbMOpbSBkYXMgbWluaGFzIGNhcGFjaWRhZGVzLg==,,W1JvYm90IGRlIGxvcyBEZXNlb3NdClZhbW9zLi4uIFNvbG8gc295IHVuIHBlZGF6byBkZSBoaWVycm8uIEVzbyBleGNlZGUgbWlzIGNhcGFjaWRhZGVzLg==
KYycBw,,W1dpc2ggUm9ib3RdCllpa2VzISBXaG8gYXJlIHlvdSE=,,,,,W1JvYsO0IGRvcyBEZXNlam9zXQpDYXJhbWJhISBRdWVtIMOpIHZvY8OqPw==,,W1JvYm90IGRlIGxvcyBEZXNlb3NdCsKhSXV1ayEgwr9RdWnDqW4gZXJlcz8=
KoycBw,,SWx5YSBMZXZlZGV2,,,,,SWx5YSBMZXZlZGV2,,SWx5YSBMZXZlZGV2
K4ycBw,,SmFuYSBMZXZlZGV2,,,,,SmFuYSBMZXZlZGV2,,SmFuYSBMZXZlZGV2
LIycBw,,RWxlbmEgQm9sa292YQ==,,,,,RWxlbmEgQm9sa292YQ==,,RWxlbmEgQm9sa292YQ==
LYycBw,,W1VTVSBjb21tYW5kZXIgRWxlbmFdCkNvb2tpZT8gSSBkb24ndCBsaWtlIHN3ZWV0cy4=,,,,,W0NvbWFuZGFudGUgRWxlbmFdCkJpc2NvaXRvPyBFdSBuw6NvIGdvc3RvIGRlIGRvY2VzLg==,,W0NvbWFuZGFudGUgRWxlbmFdCsK/VW5hIGdhbGxldGE/IE5vIG1lIGd1c3RhbiBsb3MgZHVsY2VzLg==
LoycBw,,W1VTVSBjb21tYW5kZXIgRWxlbmFdCkxldmVkZXYgZ3V5cyBiYWtlZCBpdC4uLgpUaGVuLCBJIGhhdmUgbm8gY2hvaWNlIGJ1dCB0byB0YXN0ZSBpdC4gR2l2ZSBpdCB0byBtZS4=,,,,,W0NvbWFuZGFudGUgRWxlbmFdCkZvcmFtIG9zIExldmVkZXYgcXVlIGNvemluaGFyYW0uLi4KRW50w6NvIGV1IG7Do28gdGVuaG8gZXNjb2xoYSBhIG7Do28gc2VyIGV4cGVyaW1lbnRhci4gTWUgZMOqIGlzc28u,,W0NvbWFuZGFudGUgRWxlbmFdCkxvcyBnZW1lbG9zIExlYmVkZXYgbGFzIGhvcm5lYXJvbi4uLgpFbnRvbmNlcywgbm8gbWUgcXVlZGEgbcOhcyByZW1lZGlvIHF1ZSBwcm9iYXJsYS4gwqFEw6FtZWxhIQ==
L4ycBw,,W1VTVSBjb21tYW5kZXIgRWxlbmFdCkl0IHNtZWxscyBnb29kLgpTZWVtcyBsaWtlIHRoZXkgZ2F2ZSBhIGdyZWF0IGVmZm9ydC4gVGVsbCB0aGVtIHRoYW5rcy4=,,,,,W0NvbWFuZGFudGUgRWxlbmFdCkNoZWlyYSBiZW0uClBhcmVjZSBxdWUgZWxlcyBzZSBlc2ZvcsOnYXJhbSBiYXN0YW50ZS4gRGlnYSBxdWUgZXUgYWdyYWRlw6dvLg==,,W0NvbWFuZGFudGUgRWxlbmFdCkh1ZWxlIGJpZW4uClBhcmVjZSBxdWUgaGljaWVyb24gdW4gZ3JhbiBlc2Z1ZXJ6by4gRGFsZXMgbGFzIGdyYWNpYXMu
MIycBw,,W1VTVSBjb21tYW5kZXIgRWxlbmFdCi4uLldoeSBhcmUgeW91IGVtcHR5LWhhbmRlZD8gV2hlcmUgaXMgdGhlIGNvb2tpZT8=,,,,,W0NvbWFuZGFudGUgRWxlbmFdCi4uLlBvciBxdWUgdm9jw6ogZXN0w6EgZGUgbcOjb3MgdmF6aWFzPyBDYWTDqiBvIGJpc2NvaXRvPw==,,W0NvbWFuZGFudGUgRWxlbmFdCsK/UG9yIHF1w6kgdGllbmVzIGxhcyBtYW5vcyB2YWPDrWFzPyDCv0TDs25kZSBlc3TDoSBsYSBnYWxsZXRhPw==
MYycBw,,W1VTVSBjb21tYW5kZXIgRWxlbmFdCkRvbid0IHBpY2sgYSBmaWdodCB3aXRoIFVTVSByZWNrbGVzc2x5LgpXaGVuIHBlb3BsZSBzdGFydCBmaWdodGluZywgSSdsbCBiZSB0aGUgb25seSBvbmUgd2hvIGZlZWxzIGFubm95ZWQu,,,,,W0NvbWFuZGFudGUgRWxlbmFdCk7Do28gY29tZWNlIHVtYSBicmlnYSBjb20gYSBVUyBkZWxpYmVyYWRhbWVudGUuClF1YW5kbyBhcyBwZXNzb2FzIGNvbWXDp2FyZW0gYSBicmlnYXIsIGV1IHZvdSBzZXIgYSDDum5pY2EgYSBmaWNhciBpcnJpdGFkYS4=,,W0NvbWFuZGFudGUgRWxlbmFdCk5vIGJ1c3F1ZXMgcGVsZWEgY29uIGxhIFVTIGltcHJ1ZGVudGVtZW50ZS4KQ3VhbmRvIGxhIGdlbnRlIGVtcGllY2UgYSBwZWxlYXJzZSwgc2Vyw6kgbGEgw7puaWNhIHF1ZSBzZSBtb2xlc3RhcsOhLg==
MoycBw,,W1VTVSBjb21tYW5kZXIgRWxlbmFdCkFsdGhvdWdoIEkgbGVhc2hlZCB0aGVtLCB0aGV5IGtlZXAgdGhpbmtpbmcgYWJvdXQgcnVubmluZyBvdXQgLi4uCk1heWJlIHRoZWlyIGJyYWlucyBhcmUgZmlsbGVkIHdpdGggZ3VucG93ZGVyLiBTaWxseSB3ZWlyZG9zLg==,,,,,W0NvbWFuZGFudGUgRWxlbmFdCkVtYm9yYSBldSBtYW50ZW5oYSBhcyByw6lkZWFzIGZpcm1lcywgZWxlcyB2aXZlbSBwZW5zYW5kbyBlbSBmdWdpci4uLgpUYWx2ZXogc2V1cyBjw6lyZWJyb3MgZXN0ZWphbSBjaGVpb3MgZGUgcMOzbHZvcmEuIEVzcXVpc2l0w7VlcyB0b2xvcy4=,,W0NvbWFuZGFudGUgRWxlbmFdCkF1bnF1ZSBsb3MgYW1hcnLDqSwgc2lndWVuIHBlbnNhbmRvIGVuIHNhbGlyIGNvcnJpZW5kby4uLgpRdWl6w6EgdGVuZ2FuIGVsIGNlcmVicm8gbGxlbm8gZGUgcMOzbHZvcmEuIEVzdMO6cGlkb3MgYmljaG9zIHJhcm9zLg==
M4ycBw,,W1VTVSBjb21tYW5kZXIgRWxlbmFdCldhaXQsIHdobyBhcmUgeW91Pw==,,,,,W0NvbWFuZGFudGUgRWxlbmFdCkVzcGVyZSwgcXVlbSDDqSB2b2PDqj8=,,W0NvbWFuZGFudGUgRWxlbmFdCkVzcGVyYSwgwr9xdWnDqW4gZXJlcz8=
NIycBw,,W1VTVSBjb21tYW5kZXIgRWxlbmFdCkkgaGF2ZW4ndCBzZWVuIHlvdSBiZWZvcmUuCllvdSBjYW4ndCBiZSBpbiB0aGlzIHBsYWNlLiBTdHJhbmdlcnMgbGlrZSB5b3UgYXJlIG5vdCBzdXBwb3NlZCB0byBiZSBoZXJlLg==,,,,,W0NvbWFuZGFudGUgRWxlbmFdCkV1IG51bmNhIHZpIHZvY8OqIGFudGVzLgpWb2PDqiBuw6NvIHBvZGUgZXN0YXIgYXF1aS4gRXN0cmFuaG9zIGNvbW8gdm9jw6ogbsOjbyBkZXZlcmlhbSBlc3RhciBhcXVpLg==,,W0NvbWFuZGFudGUgRWxlbmFdCk5vIHRlIGhhYsOtYSB2aXN0byBhbnRlcy4KTm8gcHVlZGVzIGVzdGFyIGVuIGVzdGUgbHVnYXIuIExvcyBleHRyYcOxb3MgY29tbyB0w7ogbm8gZGViZXLDrWFuIGVzdGFyIGFxdcOtLg==
NYycBw,,XkZGMDAwMD4+PlNuYXA8PDxeMDAwMDAw,,,,,XkZGMDAwMD4+PkVzdGFsbzw8PF4wMDAwMDA=,,XkZGMDAwMD4+PsKhQ3JhYyE8PDxeMDAwMDAw
NoycBw,,W1VTVSBjb21tYW5kZXIgRWxlbmFdClRlbGwgbWUgZXhhY3RseSBob3cgeW91IGdvdCBoZXJlIGFuZCB3aGVyZSB5b3UgY2FtZSBmcm9tIHVubGVzcyB5b3Ugd2FudCB0byBkaWUuIA==,,,,,W0NvbWFuZGFudGUgRWxlbmFdCkRpZ2EtbWUgZXhhdGFtZW50ZSBjb21vIGUgZGUgb25kZSB2b2PDqiB2ZWlvLCBhIG1lbm9zIHF1ZSBxdWVpcmEgbW9ycmVyLg==,,W0NvbWFuZGFudGUgRWxlbmFdCkRpbWUgZXhhY3RhbWVudGUgY8OzbW8gbGxlZ2FzdGUgYXF1w60geSBkZSBkw7NuZGUgdmllbmVzLCBhIG1lbm9zIHF1ZSBxdWllcmFzIG1vcmlyLiA=
N4ycBw,,RWxlbmEgQm9sa292YTogT3RoZXJ3aXNlIEkgd2lsbCBoYXZlIHNvbWUgZnVuIGFuZCB5b3Ugd29uJ3Qu,,,,,RWxlbmEgQm9sa292YTogQ2FzbyBjb250csOhcmlvLCB2b3UgbWUgZGl2ZXJ0aXIgdW0gcG91Y28gZSB2b2PDqiBuw6NvLg==,,RWxlbmEgQm9sa292YTogRGUgbG8gY29udHJhcmlvLCB5byBtZSBkaXZlcnRpcsOpIHkgdMO6IG5vLg==
OIycBw,,W3swfV0KSSBhbS4uLiBZb3UgcmV2ZWFsZWQgeW91J3JlIGFuIGFkdmVudHVyZXIgd2hvIGNhbWUgdG8gaGVscCBTZWNyZXQgV2luZ3MgYW5kIHJlcXVlc3RlZCBjb29wZXJhdGlvbiB0byB0aGUgUmViZWxsaW9uLg==,,,,,W3swfV0KRXUgc291Li4uIF5GRjAwMDBWb2PDqiByZXZlbG91IHF1ZSDDqSB1bSBhdmVudHVyZWlybyBxdWUgdmVpbyBhanVkYXIgbyBWZW50byBTZWNyZXRvIGUgcGVkaXUgYXBvaW8gw6AgUmViZWxpw6NvLl4wMDAwMDA=,,W3swfV0KU295Li4uIFJldmVsYXN0ZSBxdWUgZXJlcyBsYSBwZXJzb25hIHF1ZSB2aW5vIGEgYXl1ZGFyIGFsIFZpZW50byBTZWNyZXRvIHkgcGlkacOzIGNvb3BlcmFjacOzbiBhIFJlYmVsacOzbi4=
OYycBw,,W1VTVSBjb21tYW5kZXIgRWxlbmFdClNlY3JldCBXaW5ncz8gVGhleSBhcmUganVzdCByb29raWVzLiBBbGwgdGhleSBkbyBpcyBzdWNrIHVwIHRvIHRoZSBwcmVzaWRlbnQuCllvdSdyZSBzbyBicmF2ZS4gV2hvIHRvbGQgeW91IHRvIHZpc2l0IG1lPwpJIGRvbid0IHdhbnQgdG8gZGFuY2UgdG8gY2hpY2tzIGZsYXBwaW5nIHRoZWlyIHdpbmdzLiBKdXN0IGdvIGF3YXku,,,,,W0NvbWFuZGFudGUgRWxlbmFdClZlbnRvIFNlY3JldG8/IEVsZXMgc8OjbyBhbWFkb3Jlcy4gVHVkbyBvIHF1ZSBmYXplbSDDqSBiYWp1bGFyIG8gcHJlc2lkZW50ZSwgbsOjbyDDqT8KVm9jw6ogdGVtIHRhbnRhIGNvcmFnZW0uIFF1ZW0gdGUgZGlzc2UgcGFyYSBtZSB2aXNpdGFyPwpFdSBuw6NvIHF1ZXJvIG1lIGVudm9sdmVyIGNvbSBxdWVtIHPDsyBxdWVyIHNlIGV4aWJpci4gQXBlbmFzIHbDoSBlbWJvcmEu,,W0NvbWFuZGFudGUgRWxlbmFdCsK/VmllbnRvIFNlY3JldG8/IFNvbG8gc29uIHByaW5jaXBpYW50ZXMuIExvIMO6bmljbyBxdWUgaGFjZW4gZXMgbGFtZXJsZSBsYXMgYm90YXMgYWwgcHJlc2lkZW50ZS4KRXJlcyBtdXkgdmFsaWVudGUuIMK/UXVpw6luIHRlIGRpam8gcXVlIG1lIHZpc2l0YXJhcz8KTm8gcXVpZXJvIHRlbmVyIG5hZGEgcXVlIHZlciBjb24gZ2VudGUgcXVlIHNvbG8gcXVpZXJlIHByZXN1bWlyLiBTb2xvIHZldGUu
OoycBw,,W3swfV0KTm8sIHdhaXQgcGxlYXNlLiBJbiBmYWN0LCBJLi4uIG5vLCBteSBjb21wYW5pb24uLi4=,,,,,W3swfV0KTsOjbywgZXNwZXJlLCBwb3IgZmF2b3IuIE5hIHZlcmRhZGUsIGV1Li4uIE7Do28sIG1ldSBjb21wYW5oZWlyby4uLg==,,W3swfV0KTm8sIGVzcGVyYSBwb3IgZmF2b3IuIERlIGhlY2hvLCB5by4uLiBubywgbWkgY29tcGHDsWVyby4uLg==
O4ycBw,,W1VTVSBjb21tYW5kZXIgRWxlbmFdCllvdXIgY29tcGFuaW9uIHNhdmVkIEdvbnk/Ci4uLi4uLlNvPyBZb3Ugd2FudCBhIHJld2FyZD8KSSByZWFsbHkgaGF0ZSB0aG9zZSB3aG8gdHJ5IHRvIHVzZSBvdGhlcidzIGxpdmVzIGFzIHRoZXkgcGxlYXNlLg==,,,,,W0NvbWFuZGFudGUgRWxlbmFdClNldSBjb21wYW5oZWlybyBzYWx2b3UgR29uaWU/Ci4uLi4uRT8gVm9jw6ogcXVlciB1bWEgcmVjb21wZW5zYT8KRXUgb2RlaW8gYXF1ZWxlcyBxdWUgdGVudGFtIHVzYXIgYSB2aWRhIGRvcyBvdXRyb3MgY29tbyBiZW0gZW50ZW5kZW0u,,W0NvbWFuZGFudGUgRWxlbmFdCsK/VHUgY29tcGHDsWVybyBzYWx2w7MgYSBHb25pZT8Kwr9ZIHF1w6k/IMK/UXVpZXJlcyB1bmEgcmVjb21wZW5zYT8KUmVhbG1lbnRlLCBvZGlvIGEgbG9zIHF1ZSBpbnRlbnRhbiB1c2FyIGxhIHZpZGEgZGUgbG9zIGRlbcOhcyBhIHN1IGFudG9qby4=
PIycBw,,W1VTVSBjb21tYW5kZXIgRWxlbmFdCldlbGwuLi4gSSBoYXZlIGEgYmV0dGVyIGlkZWEuClVubGlrZSB0aGUgd2ltcCBjaGF0dGluZyBkb3duc3RhaXJzLCB5b3UgbG9vayBxdWl0ZSBpbnRlcmVzdGluZy4=,,,,,W0NvbWFuZGFudGUgRWxlbmFdCkJvbS4uLiBFdSB0ZW5obyB1bWEgaWRlaWEgbWVsaG9yLgpEaWZlcmVudGUgZG8gZnJhY290ZSBjb252ZXJzYW5kbyBsw6EgZW1iYWl4bywgdm9jw6ogcGFyZWNlIGludGVyZXNzYW50ZS4=,,W0NvbWFuZGFudGUgRWxlbmFdCkJ1ZW5vLi4uIFRlbmdvIHVuYSBpZGVhIG1lam9yLgpBIGRpZmVyZW5jaWEgZGUgZXNlIGRlYmlsdWNobyBxdWUgZXN0w6EgY2hhcmxhbmRvIGFow60gYWJham8sIHBhcmVjZXMgYmFzdGFudGUgaW50ZXJlc2FudGUu
PYycBw,,W1VTVSBjb21tYW5kZXIgRWxlbmFdCllvdSBzYWlkIHlvdSB3ZXJlIGp1c3QgYW4gYWR2ZW50dXJlciwgZGlkbid0IHlvdT8KR3JlYXQuIElmIHlvdSBkZWZlYXQgbWUgaW4gYSBmaWdodCwgSSB3aWxsIGxpc3RlbiB0byB5b3VyIHN0b3J5Lg==,,,,,W0NvbWFuZGFudGUgRWxlbmFdClZvY8OqIGRpc3NlIHF1ZSB2aWFqYSBwZWxvIG11bmRvLCBuw6NvIGRpc3NlPwrDk3RpbW8uIFNlIHZvY8OqIG1lIGRlcnJvdGFyIGVtIHVtYSBsdXRhLCBvdXZpcmVpIGEgc3VhIGhpc3TDs3JpYS4=,,W0NvbWFuZGFudGUgRWxlbmFdCkRpamlzdGUgcXVlIHNvbG8gZXJhcyB0cm90YW11bmRvcywgwr9ubz8KR2VuaWFsLiBTaSBtZSB2ZW5jZXMgZW4gdW5hIHBlbGVhLCBlc2N1Y2hhcsOpIHR1IGhpc3RvcmlhLg==
PoycBw,,W3swfV0KUGFyZG9uPw==,,,,,W3swfV0KSGVpbj8=,,W3swfV0Kwr9QZXJkw7NuPw==
P4ycBw,,W1VTVSBjb21tYW5kZXIgRWxlbmFdCkxldCdzIGZpZ2h0ISBJIHdpbGwgbGlzdGVuIHRvIHNvbWVvbmUgd2hvIGZpZ2h0cyBtZS4KVGFsayB0byBtZSB3aGVuIHlvdSBhcmUgcmVhZHkuIFRoZW4gSSB3aWxsIGxldCB5b3UgZW50ZXIgdGhlIHdhaXRpbmcgcm9vbSBvZiB0aGUgYXJlbmEu,,,,,W0NvbWFuZGFudGUgRWxlbmFdClZhbW9zIGx1dGFyISBWb3Ugb3V2aXIgYWxndcOpbSBxdWUgbHV0YSBjb21pZ28uCkZhbGUgY29taWdvIHF1YW5kbyBlc3RpdmVyIHByb250by4gRSBlbnTDo28gZGVpeGFyZWkgdm9jw6ogZW50cmFyIG5hIHNhbGEgZGUgZXNwZXJhIGRhIGFyZW5hLg==,,W0NvbWFuZGFudGUgRWxlbmFdCsKhUGVsZWVtb3MhIEVzY3VjaGFyw6kgYSBxdWllbiBzZSBlbmZyZW50ZSBjb25taWdvLgpIw6FibGFtZSBjdWFuZG8gcHVlZGFzIGNvbWVuemFyLiBFbnRvbmNlcywgdGUgZGVqYXLDqSBlbnRyYXIgZW4gbGEgc2FsYSBkZSBlc3BlcmEgZGUgbGEgQXJlbmEu
QIycBw,,W3swfV0KU2hvdWxkIEkgZmlnaHQgeW91IGFsbCBvZiBhIHN1ZGRlbj8gV2VsbCwgSSBkb24ndCBmZWVsIGxpa2UuLi4=,,,,,W3swfV0KRXUgZGV2byBsdXRhciBjb20gdm9jw6ogYXNzaW0sIGRlIHJlcGVudGU/IEJlbSwgbsOjbyBlc3RvdSBhZmltLi4u,,W3swfV0Kwr9EZWJvIHBlbGVhciBjb250aWdvIGRlIGxhIG5hZGE/IEJ1ZW5vLCBubyB0ZW5nbyBnYW5hcy4uLg==
QYycBw,,W1VTVSBjb21tYW5kZXIgRWxlbmFdCklmIHlvdSBkb24ndCB3YW50IHRvIGZpZ2h0LCBJIGd1ZXNzIHlvdSBkb24ndCBuZWVkIGFueSBjb29wZXJhdGlvbi4gR28gYmFjay4=,,,,,W0NvbWFuZGFudGUgRWxlbmFdClNlIHZvY8OqIG7Do28gcXVlciBsdXRhciwgYWNobyBxdWUgdm9jw6ogbsOjbyBwcmVjaXNhIGRlIG5lbmh1bWEgYWp1ZGEuIFbDoSBlbWJvcmEu,,W0NvbWFuZGFudGUgRWxlbmFdClNpIG5vIHF1aWVyZXMgcGVsZWFyLCBzdXBvbmdvIHF1ZSBubyBuZWNlc2l0YXMgYXl1ZGEuIFZldGUu
QoycBw,,W3swfV0KKEknbSBpbiB0cm91YmxlLiBXaGF0IHNoYWxsIEkgZG8/KQ==,,,,,W3swfV0KKEVzdG91IGVuY3JlbmNhZG8uIE8gcXVlIGV1IGRldm8gZmF6ZXI/KQ==,,W3swfV0KKEVzdG95IGVuIHByb2JsZW1hcy4gwr9RdcOpIGhhZ28/KS4=
Q4ycBw,,RmlnaHQgRWxlbmEu,,,,,THV0YXIgY29udHJhIGEgRWxlbmEu,,UGVsZWFyIGNvbnRyYSBFbGVuYS4=
RIycBw,,SSBkb24ndCBsaXN0ZW4gdG8gc29tZW9uZSB3ZWFrZXIgdGhhbiBtZS4=,,,,,SWdub3JhciBhbGd1w6ltIG1haXMgZnJhY28gZG8gcXVlIGV1Lg==,,Tm8gZXNjdWNobyBhIHBlcnNvbmFzIG3DoXMgZMOpYmlsZXMgcXVlIHlvLg==
RYycBw,,W3swfV0KKEkgaGF2ZSBubyBjaG9pY2UuIExldCdzIHByZXBhcmUgZm9yIHRoZSBmaWdodCBhbmQgdGFsayB0byBFbGVuYSBCb2xrb3ZhIGFnYWluLik=,,,,,W3swfV0KKEV1IG7Do28gdGVuaG8gZXNjb2xoYS4gVm91IG1lIHByZXBhcmFyIHBhcmEgYSBsdXRhIGUgZmFsYXIgY29tIEVsZW5hIEJvbGtvdmEgZGUgbm92byku,,W3swfV0KKE5vIHRlbmdvIGVsZWNjacOzbi4gUHJlcGFyw6ltb25vcyBwYXJhIGxhIHBlbGVhIHkgaGFibGVtb3MgZGUgbnVldm8gY29uIEVsZW5hIEJvbGtvdmEpLg==
RoycBw,,W3swfV0KSSBkb24ndCBsaXN0ZW4gdG8gc29tZW9uZSB3ZWFrZXIgdGhhbiBtLi4u,,,,,W3swfV0KRXUgbsOjbyBkb3Ugb3V2aWRvcyBhIGFsZ3XDqW0gbWFpcyBmcmFjbyBkbyBxdWUgZXUuLi4=,,W3swfV0KTm8gZXNjdWNobyBhIHBlcnNvbmFzIG3DoXMgZMOpYmlsZXMgcXVlIHlvLi4u
R4ycBw,,W1VTVSBjb21tYW5kZXIgRWxlbmFdCkhtbT8gSSBtaXNoZWFyZCBzb21ldGhpbmcuIEhhaGEsIGNvdWxkIHlvdSByZXBlYXQgaXQ/,,,,,W0NvbWFuZGFudGUgRWxlbmFdCkhtbT8gQWNobyBxdWUgZXUgZXNjdXRlaSBlcnJhZG8uIEhhaGEsIHZvY8OqIHBvZGVyaWEgcmVwZXRpcj8=,,W0NvbWFuZGFudGUgRWxlbmFdCsK/TW1tPyBIZSBvw61kbyBhbGdvIG1hbC4gSmEsIGphLCDCv3BvZHLDrWFzIHJlcGV0aXJsbz8=
SIycBw,,RWxlbmEgQm9sa292YTogV2VsbCwgaXQgc2hvdWxkIGhhdmUgYmVlbiBzb21lIGRvZ3MgYmFya2luZy4=,,,,,RWxlbmEgQm9sa292YTogQmVtLCBkZXZlIHRlciBzaWRvIG9zIGxhdGlkb3MgZGUgYWxndW0gY8Ojby4=,,RWxlbmEgQm9sa292YTogQnVlbm8sIHNlZ3VyYW1lbnRlLCBmdWVyb24gdW5vcyBwZXJyb3MgbGFkcmFuZG8u
SYycBw,,W3swfV0KWWVzLi4uIEknbGwgZG8gaXQu,,,,,W3swfV0KQ2VydG8uLi4gRXUgZmFyZWkgaXNzby4=,,W3swfV0KU8OtLi4uIExvIGhhcsOpLg==
SoycBw,,W1VTVSBjb21tYW5kZXIgRWxlbmFdCkdyZWF0LiBUZWxsIG1lIHdoZW4geW91IGFyZSByZWFkeS4=,,,,,W0NvbWFuZGFudGUgRWxlbmFdCsOTdGltby4gTWUgYXZpc2UgcXVhbmRvIGVzdGl2ZXIgY29tIHR1ZG8gcHJvbnRvLg==,,W0NvbWFuZGFudGUgRWxlbmFdCkdlbmlhbC4gQXbDrXNhbWUgY3VhbmRvIGVzdMOpcyBsaXN0by4=
S4ycBw,,W1VTVSBjb21tYW5kZXIgRWxlbmFdCkFyZSB5b3UgcmVhZHk/ClNoYWxsIHdlIGdvIHRvIHRoZSB3YWl0aW5nIHJvb20gbm93Pw==,,,,,W0NvbWFuZGFudGUgRWxlbmFdClZvY8OqIGVzdMOhIGNvbSB0dWRvIHByb250bz8KVmFtb3MgcGFyYSBhIHNhbGEgZGUgZXNwZXJhPw==,,W0NvbWFuZGFudGUgRWxlbmFdCsK/VGllbmVzIHRvZG8gbGlzdG8/CsK/VmFtb3MgYWhvcmEgYSBsYSBzYWxhIGRlIGVzcGVyYT8=
TIycBw,,R28gdG8gdGhlIHdhaXRpbmcgcm9vbQ==,,,,,SXIgcGFyYSBhIHNhbGEgZGUgZXNwZXJhLg==,,SXIgYSBsYSBzYWxhIGRlIGVzcGVyYS4=
TYycBw,,RG9uJ3QgZ28gdG8gdGhlIHdhaXRpbmcgcm9vbS4=,,,,,TsOjbyBpciBwYXJhIGEgc2FsYSBkZSBlc3BlcmEu,,Tm8gaXIgYSBsYSBzYWxhIGRlIGVzcGVyYS4=
ToycBw,,W1VTVSBjb21tYW5kZXIgRWxlbmFdCkhtbS4uLiBCeSB0aGUgd2F5LCBhcmUgeW91IHJlYWxseSBnb2luZyB0byBmaWdodCBtZT8KSSBhbSBhbiBleHBlcnQgaW4ga2lsbGluZyBwZW9wbGUuIEFuZCBmaWdodGluZyBpcyBub3QgeW91ciBtYWluIG9jY3VwYXRpb24uIFlvdSBjYW5ub3QgYmVhdCBtZS4=,,,,,W0NvbWFuZGFudGUgRWxlbmFdCkh1bW0uLi4gQSBwcm9ww7NzaXRvLCB2b2PDqiB2YWkgbWVzbW8gbWUgZW5mcmVudGFyPwpFdSBzb3UgdW1hIGVzcGVjaWFsaXN0YSBlbSBtYXRhciBwZXNzb2FzLiBFIGx1dGFyIG7Do28gw6kgYSBzdWEgb2N1cGHDp8OjbyBwcmluY2lwYWwuIFZvY8OqIG7Do28gcG9kZSBtZSB2ZW5jZXIu,,W0NvbWFuZGFudGUgRWxlbmFdCk1tbS4uLiBQb3IgY2llcnRvLCDCv2RlIHZlcmRhZCBwZWxlYXLDoXMgY29ubWlnbz8KU295IHVuYSBleHBlcnRhIGVuIG1hdGFyIGdlbnRlLiBZIHBlbGVhciBubyBlcyB0dSBlc3BlY2lhbGlkYWQuIE5vIHB1ZWRlcyB2ZW5jZXJtZS4=
T4ycBw,,QnV0IEkgd2lsbCBmaWdodC4=,,,,,TWFzIGV1IGx1dGFyZWku,,UGVybyBsdWNoYXLDqS4=
UIycBw,,SSBhZ3JlZSB3aXRoIHlvdS4gSSBnaXZlIHVwLg==,,,,,RXUgY29uY29yZG8gY29tIHZvY8OqLiBEZXNpc3RvLg==,,RXN0b3kgZGUgYWN1ZXJkbyBjb250aWdvLiBNZSByaW5kby4=
UYycBw,,W1VTVSBjb21tYW5kZXIgRWxlbmFdCllvdSdyZSBhIGNsZXJpYy4gRmlnaHRpbmcgaXMgbm90IHlvdXIgZHV0eS4gSSdtIHN1cmUgeW91ciBjb21wYW5pb24gYWxzbyBrbm93cyB0aGF0Lg==,,,,,W0NvbWFuZGFudGUgRWxlbmFdClZvY8OqIMOpIHVtIHJlbGlnaW9zby4gTHV0YXIgbsOjbyDDqSBvIHNldSBkZXZlci4gVGVuaG8gY2VydGV6YSBxdWUgbyBzZXUgY29tcGFuaGVpcm8gdGFtYsOpbSBzYWJlIGRpc3NvLg==,,W0NvbWFuZGFudGUgRWxlbmFdCkVyZXMgdW4gY2zDqXJpZ28uIEx1Y2hhciBubyBlcyB0dSBkZWJlci4gU2VndXJvIHF1ZSB0dSBjb21wYcOxZXJvIHRhbWJpw6luIGxvIHNhYmUu
UoycBw,,W1VTVSBjb21tYW5kZXIgRWxlbmFdCkJlc2lkZXMsIHlvdSdyZSBqdXN0IGFuIGFkdmVudHVyZXIuIFlvdSBoYXZlIG5vIGJ1c2luZXNzIHdpdGggdXMgYW5kIHRob3NlIGd1eXMgZWl0aGVyLiBJJ20gYWZyYWlkIHlvdSBtaWdodCBnZXQgaHVydC4=,,,,,W0NvbWFuZGFudGUgRWxlbmFdCkFsw6ltIGRpc3NvLCB2b2PDqiDDqSBhcGVuYXMgdW0gYXZlbnR1cmVpcm8uIFZvY8OqIG7Do28gdGVtIG5hZGEgYSB0cmF0YXIgY29tIGEgZ2VudGUgbmVtIGNvbSBhcXVlbGVzIGNhcmFzLiDDiSBwcm92w6F2ZWwgcXVlIHZvY8OqIHNlIG1hY2h1cXVlLg==,,W0NvbWFuZGFudGUgRWxlbmFdCkFkZW3DoXMsIHNvbG8gZXJlcyB0cm90YW11bmRvcy4gTmkgdMO6IG5pIGVsbG9zIHRpZW5lbiBuYWRhIHF1ZSBoYWNlciBjb24gbm9zb3Ryb3MuIFRlbmdvIG1pZWRvIGRlIHF1ZSB0ZSBoYWdhcyBkYcOxby4=
U4ycBw,,Tm8sIEkgd2lsbCBmaWdodC4=,,,,,TsOjbywgZXUgbHV0YXJlaS4=,,Tm8sIGx1Y2hhcsOpLg==
VIycBw,,Li4uSSB0aGluayB5b3UncmUgcmlnaHQuIEkgZ2l2ZSB1cC4=,,,,,Li4uRXUgYWNobyBxdWUgdm9jw6ogdGVtIHJhesOjby4gRGVzaXN0by4=,,Li4uQ3JlbyBxdWUgdGllbmVzIHJhesOzbi4gTWUgcmluZG8u
VYycBw,,W1VTVSBjb21tYW5kZXIgRWxlbmFdCllvdSBtdXN0IGEgZm9vbCB3aG8gZG9lc24ndCBrbm93IHdoYXQncyBnb2luZyBvbi4KRG8geW91IHRoaW5rIEknbSBraWRkaW5nPyBPciB5b3VyIGxpZmUgaXMgdG9vIGhlYXZ5IGFuZCB5b3UnZCBsaWtlIHRvIHB1dCBldmVyeXRoaW5nIGRvd24/,,,,,W0NvbWFuZGFudGUgRWxlbmFdClZvY8OqIMOpIHVtIHRvbG8gcXVlIG7Do28gc2FiZSBvIHF1ZSBlc3TDoSBhY29udGVjZW5kby4KQWNoYSBxdWUgZXN0b3UgYnJpbmNhbmRvPyBPdSBhIHN1YSB2aWRhIMOpIG11aXRvIMOhcmR1YSBlIHZvY8OqIGdvc3RhcmlhIGRlIGxhcmdhciB0dWRvPw==,,W0NvbWFuZGFudGUgRWxlbmFdCkRlYmVzIHNlciBhbGd1aWVuIHF1ZSBubyBzYWJlIGxvIHF1ZSBwYXNhLgrCv0NyZWVzIHF1ZSBicm9tZW8/IMK/TyB0dSB2aWRhIGVzIGRlbWFzaWFkbyBkaWbDrWNpbCB5IHRlIGd1c3RhcsOtYSBkZWphcmxvIHRvZG8/
VoycBw,,W1VTVSBjb21tYW5kZXIgRWxlbmFdClRoaXMgaXMgdGhlIGZpbmFsIHdhcm5pbmcuIFlvdSBzdGF5IG91dCBvZiB0aGlzLgpUZWxsIHRoZSBndXkgZG93bnN0YWlycyB0aGF0IHlvdSBoYWQgbm8gY2hvaWNlIGJlY2F1c2UgSSBpbnRpbWlkYXRlZCB5b3Uu,,,,,W0NvbWFuZGFudGUgRWxlbmFdCkVzdGUgw6kgbyBzZXUgw7psdGltbyBhdmlzby4gRmlxdWUgZGUgZm9yYSBkaXNzby4KRGlnYSBhbyBjYXJhIGzDoSBlbWJhaXhvIHF1ZSB2b2PDqiBuw6NvIHRldmUgZXNjb2xoYSBwb3JxdWUgZXUgaW50aW1pZGVpIHZvY8OqLg==,,W0NvbWFuZGFudGUgRWxlbmFdCkVzdGEgZXMgbGEgw7psdGltYSBhZHZlcnRlbmNpYS4gTm8gdGUgbWV0YXMgZW4gZXN0by4KRGlsZSBhIGxhIHBlcnNvbmEgZGUgYWJham8gcXVlIG5vIHR1dmlzdGUgZWxlY2Npw7NuIHBvcnF1ZSB0ZSBpbnRpbWlkw6ku
V4ycBw,,VGhpcyBpcyBteSBwcm9ibGVtIHRvby4=,,,,,TyBwcm9ibGVtYSDDqSBtZXUgdGFtYsOpbS4=,,RXN0ZSB0YW1iacOpbiBlcyBtaSBwcm9ibGVtYS4=
WIycBw,,U2luY2UgSSBkb24ndCB3YW50IHRvIGRpZSwgSSBnaXZlIHVwLg==,,,,,Q29tbyBldSBuw6NvIHF1ZXJvIG1vcnJlciwgZXUgZGVzaXN0by4=,,Q29tbyBubyBxdWllcm8gbW9yaXIsIG1lIHJpbmRvLg==
WYycBw,,W1VTVSBjb21tYW5kZXIgRWxlbmFdCi4uLldoeSBpcyB0aGlzIHlvdXIgcHJvYmxlbT8KVGhhdCB0YWxrYXRpdmUgZ3V5IGlzIGEgc3Rvb2dlIG9mIHRoZSBQcmVzaWRlbnQuIEJ1dCB5b3UncmUgYW4gYWR2ZW50dXJlciB3aG8gY2FuIGp1c3QgbGVhdmUu,,,,,W0NvbWFuZGFudGUgRWxlbmFdCi4uLlBvciBxdWUgaXNzbyDDqSBwcm9ibGVtYSBzZXU/CkFxdWVsZSB0YWdhcmVsYSDDqSB1bSBmYW50b2NoZSBkbyBQcmVzaWRlbnRlLiBNYXMgdm9jw6ogw6kgdW0gYXZlbnR1cmVpcm8gcXVlIHBvZGUgc2ltcGxlc21lbnRlIGlyIGVtYm9yYS4=,,W0NvbWFuZGFudGUgRWxlbmFdCsK/UG9yIHF1w6kgZXMgdHUgcHJvYmxlbWE/CkVzZSBjaGFybGF0w6FuIGVzIHVuIHTDrXRlcmUgZGVsIHByZXNpZGVudGUuIFBlcm8gdMO6IGVyZXMgdHJvdGFtdW5kb3MgeSB0aWVuZXMgbGEgbGliZXJ0YWQgZGUgbWFyY2hhcnRlLg==
WoycBw,,VGhpcyBpcyB0aGUgcHJvYmxlbSBvZiB0aG9zZSB3aG8gdHJ1c3QgbWUu,,,,,UHJvYmxlbWEgZGUgcXVlbSBjb25maWEgZW0gbWltLg==,,RXN0ZSBlcyBlbCBwcm9ibGVtYSBkZSBsb3MgcXVlIGNvbmbDrWFuIGVuIG3DrS4=
W4ycBw,,SSBndWVzcyBJJ2QgYmV0dGVyIGdvLg==,,,,,QWNobyBxdWUgw6kgbWVsaG9yIGV1IGlyLg==,,U2Vyw6EgbWVqb3IgcXVlIG1lIHZheWEu
XIycBw,,W1VTVSBjb21tYW5kZXIgRWxlbmFdCldlbGwsIHdlbGwsIHdlbGwuCkhhaGEsIHlvdSBhcmUgc28gb2JzdGluYXRlLgpJIGxpa2UgeW91ciBzcGlyaXQuIFlvdSBzYWlkIHlvdSBuZWVkIGEgY29vcGVyYXRpb24/IFdoeSBub3Q/IEkgYWdyZWUu,,,,,W0NvbWFuZGFudGUgRWxlbmFdCk9yYSwgb3JhLCBvcmEuCkhhaGEsIHZvY8OqIMOpIHTDo28gb2JzdGluYWRvLgpFdSBnb3N0byBkYSBzdWEgYXRpdHVkZS4gVm9jw6ogZGlzc2UgcXVlIHByZWNpc2EgZGUgYWp1ZGE/IFBvciBxdWUgbsOjbz8gRXUgY29uY29yZG8u,,W0NvbWFuZGFudGUgRWxlbmFdClZheWEsIHZheWEsIHZheWEuCkphLCBqYSwgY3XDoW50YSBwZXJzaXN0ZW5jaWEuCk1lIGd1c3RhIHR1IGVzcMOtcml0dS4gwr9EaWppc3RlIHF1ZSBuZWNlc2l0YWJhcyBjb29wZXJhY2nDs24/IMK/UG9yIHF1w6kgbm8/IEVzdG95IGRlIGFjdWVyZG8u
XYycBw,,W3swfV0KT2guLi4gUGFyZG9uPyE=,,,,,W3swfV0KQWguLi4gSGVpbj8h,,W3swfV0KT2guLi4gwqHCv1BlcmTDs24/IQ==
XoycBw,,W1VTVSBjb21tYW5kZXIgRWxlbmFdCllvdSBzYWlkIHlvdSBuZWVkZWQgbXkgYXBwcm92YWwgdG8gcGVyc3VhZGUgdXMuIFNvIEkgYXBwcm92ZSBpdC4KSSBsaWtlIHNwdW5reSBmZWxsb3dzLiBJdCdzIGZ1biB0byBmaWdodCB3aXRoIHRoZW0u,,,,,W0NvbWFuZGFudGUgRWxlbmFdClZvY8OqIGRpc3NlIHF1ZSBwcmVjaXNhdmEgZGEgbWluaGEgYXByb3Zhw6fDo28gcGFyYSBub3MgY29udmVuY2VyLiBFdSBhcHJvdm8uCkdvc3RvIGRlIGNhcmFzIGNvcmFqb3Nvcy4gw4kgZGl2ZXJ0aWRvIGx1dGFyIGNvbSBlbGVzLg==,,W0NvbWFuZGFudGUgRWxlbmFdCkRpamlzdGUgcXVlIG5lY2VzaXRhYmFzIG1pIGFwcm9iYWNpw7NuIHBhcmEgcGVyc3VhZGlybm9zLiBBc8OtIHF1ZSB0aWVuZXMgbWkgYXByb2JhY2nDs24uCk1lIGd1c3RhbiBsYXMgcGVyc29uYXMgdmFsaWVudGVzLiBFcyBkaXZlcnRpZG8gcGVsZWFyIGNvbnRyYSBlbGxhcy4=
X4ycBw,,W1VTVSBjb21tYW5kZXIgRWxlbmFdCkFoLCBkb24ndCBtaXN1bmRlcnN0YW5kIGl0LiBJJ20gbm90IHNheWluZyBJIHdpbGwgZmlnaHQgeW91LiBJJ20gc2F5aW5nIHRoYXQgSSB3aWxsIGJlIG9uIHlvdXIgc2lkZS4KSSBkaWRuJ3QgbWVhbiB0byBmaWdodCB5b3UgYW55d2F5Lg==,,,,,W0NvbWFuZGFudGUgRWxlbmFdCkFoLCBuw6NvIGVudGVuZGEgZXJyYWRvLiBOw6NvIGVzdG91IGRpemVuZG8gcXVlIHZvdSBsdXRhciBjb250cmEgdm9jw6ouIEVzdG91IGRpemVuZG8gcXVlIGVzdGFyZWkgZG8gc2V1IGxhZG8uCkV1IG7Do28gcXVlcmlhIGx1dGFyIGNvbnRyYSB2b2PDqiwgZGUgcXVhbHF1ZXIgbWFuZWlyYS4=,,W0NvbWFuZGFudGUgRWxlbmFdCkFoLCBubyBsbyBtYWxpbnRlcnByZXRlcy4gTm8gc2lnbmlmaWNhIHF1ZSBwZWxlYXLDqSBjb250aWdvLiBFc3RveSBkaWNpZW5kbyBxdWUgZXN0YXLDqSBkZSB0dSBsYWRvLgpEZSB0b2RhcyBmb3JtYXMsIG5vIHF1ZXLDrWEgcGVsZWFyIGNvbnRpZ28u
YIycBw,,W1VTVSBjb21tYW5kZXIgRWxlbmFdCkkgZG9uJ3QgbWVzcyB3aXRoIGNsZXJpY3MuIEkgZG9uJ3QgZmVlbCBnb29kIGFmdGVyIGZpZ2h0aW5nIHRoZW0u,,,,,W0NvbWFuZGFudGUgRWxlbmFdCkV1IG7Do28gbWV4byBjb20gcmVsaWdpb3Nvcy4gTsOjbyBtZSBzaW50byBiZW0gZGVwb2lzIGRlIGVuZnJlbnRhciByZWxpZ2lvc29zLg==,,W0NvbWFuZGFudGUgRWxlbmFdCk5vIG1lIG1ldG8gY29uIGxvcyBjbMOpcmlnb3MuIE5vIG1lIHNpZW50byBiaWVuIGRlc3B1w6lzIGRlIHBlbGVhciBjb250cmEgZWxsb3Mu
YYycBw,,RWxlbmEgQm9sa292YTogTXkgbW9tIHRvbGQgbWUgSSBzaG91bGRuJ3QgYmVhdCBhIGNsZXJpYy4=,,,,,RWxlbmEgQm9sa292YTogTWluaGEgbcOjZSBtZSBkaXNzZSBwYXJhIG7Do28gYmF0ZXIgZW0gdW0gcmVsaWdpb3NvLg==,,RWxlbmEgQm9sa292YTogTWkgbWFkcmUgbWUgZGlqbyBxdWUgbm8gc2UgZGViZSBnb2xwZWFyIGEgbG9zIGNsw6lyaWdvcy4=
YoycBw,,W1VTVSBjb21tYW5kZXIgRWxlbmFdClNvIEknbGwgc3VwcG9ydCB0aGUgY29vcGVyYXRpb24gd2l0aCB0aGUgU2VjcmV0IFdpbmdzLiBEbyB5b3UgbmVlZCBteSBzaWduYXR1cmU/,,,,,W0NvbWFuZGFudGUgRWxlbmFdCkVudMOjbyBldSBhcG9pbyBhIGNvb3BlcmHDp8OjbyBjb20gbyBWZW50byBTZWNyZXRvLiBWb2PDqiBwcmVjaXNhIGRhIG1pbmhhIGFzc2luYXR1cmE/,,W0NvbWFuZGFudGUgRWxlbmFdCkFzw60gcXVlIGFwb3lhcsOpIGxhIGNvb3BlcmFjacOzbiBjb24gZWwgVmllbnRvIFNlY3JldG8uIMK/TmVjZXNpdGFzIG1pIGZpcm1hPw==
Y4ycBw,,W3swfV0KTm8sIHlvdSBkb24ndCBoYXZlIHRvLiBQbGVhc2Ugc2hvdyB5b3VyIG9waW5pb24gaW4gZnJvbnQgb2Ygb3RoZXJzIG5leHQgdGltZS4=,,,,,W3swfV0KTsOjbywgbsOjbyBwcmVjaXNvLiBQb3IgZmF2b3IsIGV4cG9uaGEgYSBzdWEgb3BpbmnDo28gbmEgZnJlbnRlIGRvcyBvdXRyb3MgbmEgcHLDs3hpbWEgdmV6Lg==,,W3swfV0KTm8sIG5vIGhhY2UgZmFsdGEuIFBvciBmYXZvciwgbXVlc3RyYSB0dSBvcGluacOzbiBkZWxhbnRlIGRlIGxvcyBkZW3DoXMgbGEgcHLDs3hpbWEgdmV6Lg==
ZIycBw,,W1VTVSBjb21tYW5kZXIgRWxlbmFdCk5vIHByb2JsZW0uClNpbmNlIHlvdSBhcmUgb3VyIGNvb3BlcmF0b3Igbm93LCBnbyBhcm91bmQgYW5kIHNlZSBpZiB0aGVyZSBpcyBhbnlvbmUgd2hvIGhhcyBhbnkgcHJvYmxlbS4=,,,,,W0NvbWFuZGFudGUgRWxlbmFdClNlbSBwcm9ibGVtYXMuCkrDoSBxdWUgdm9jw6ogw6kgYWp1ZGFudGUgYWdvcmEsIGTDqiB1bWEgdm9sdGEgcG9yIGHDrSBlIHZlamEgc2UgYWxndcOpbSBwcmVjaXNhIGRlIGFqdWRhLg==,,W0NvbWFuZGFudGUgRWxlbmFdCk5vIGhheSBwcm9ibGVtYS4KWWEgcXVlIGFob3JhIG5vcyBheXVkYXMsIGRhdGUgdW5hIHZ1ZWx0YSBwYXJhIHZlciBzaSBoYXkgYWxndWllbiBxdWUgdGVuZ2EgYWxnw7puIHByb2JsZW1hLg==
ZYycBw,,W1VTVSBjb21tYW5kZXIgRWxlbmFdCldobyBrbm93cz8gSWYgeW91IGtlZXAgaGVscGluZyB0aGVtLCB0aGV5IG1pZ2h0IGhhdmUgZ29vZCBmZWVsaW5nIGFib3V0IHlvdS4=,,,,,W0NvbWFuZGFudGUgRWxlbmFdClF1ZW0gc2FiZT8gU2UgY29udGludWFyIGEgYWp1ZMOhLWxvcywgZWxlcyBwb2RlbSB0ZXIgdW1hIGJvYSBpbXByZXNzw6NvIGRlIHZvY8OqLg==,,W0NvbWFuZGFudGUgRWxlbmFdCsK/UXVpw6luIHNhYmU/IFNpIHNpZ3VlcyBheXVkw6FuZG9sb3MsIHF1aXrDoSBwaWVuc2VuIGJpZW4gZGUgdGku
ZoycBw,,W1VTVSBjb21tYW5kZXIgRWxlbmFdCldoaWxlIHdlIG5ldmVyIGZvcmdldCB0aGUgYmxvb2QgdGhhdCB3ZSBtdXN0IHRha2UgYSByZXZlbmdlIGZvciwgd2UgZG8gbm90IGZvcmdldCB0aGUgZ3JhdGl0dWRlIGVpdGhlci4KSWYgeW91IGhlbHAgdGhlbSwgdGhleSB3aWxsIGdpdmUgeW91IGEgdG9rZW4gcHJvdmluZyB5b3VyIGhvbm9yLg==,,,,,W0NvbWFuZGFudGUgRWxlbmFdCkVtYm9yYSBudW5jYSBlc3F1ZcOnYW1vcyBvIHNhbmd1ZSBwZWxvIHF1YWwgZGV2ZW1vcyBub3MgdmluZ2FyLCB0YW1iw6ltIG7Do28gZXNxdWVjZW1vcyBhIGdyYXRpZMOjby4KU2UgYWp1ZMOhLWxvcywgZWxlcyBkYXLDo28gYSB2b2PDqiB1bSBzaW5hbCBwcm92YW5kbyBhIHN1YSBob25yYS4=,,W0NvbWFuZGFudGUgRWxlbmFdCkNvbW8gbnVuY2Egb2x2aWRhcmVtb3MgbGEgc2FuZ3JlIGRlcnJhbWFkYSBwb3IgbGEgcXVlIGRlYmVtb3MgdmVuZ2FyLCB0YW1wb2NvIG9sdmlkYXJlbW9zIGxhIGdyYXRpdHVkLgpTaSBsb3MgYXl1ZGFzLCB0ZSBkYXLDoW4gdW5hIG11ZXN0cmEgZGUgdHUgaG9ub3Iu
Z4ycBw,,W1VTVSBjb21tYW5kZXIgRWxlbmFdCkp1c3QgbGlrZSB0aGUgb25lIEknbSBnaXZpbmcgeW91IG5vdy4KSWYgeW91IHdhbnQgdG8ga25vdyB3aGF0IHRoaXMgaXMgZm9yLCBhc2sgdGhlIHN0dWJib3JuIGd1eSBuYW1lZCAnU3RyYXNzZScgYmVsb3cgdGhlIHN0YWlycy4=,,,,,W0NvbWFuZGFudGUgRWxlbmFdCkV4YXRhbWVudGUgY29tbyBvIHF1ZSBlc3RvdSBsaGUgZGFuZG8gYWdvcmEuClNlIHZvY8OqIHF1aXNlciBzYWJlciBwYXJhIHF1ZSBzZXJ2ZSwgcGVyZ3VudGUgYW8gU3RyYXNzZSwgbyBjYWJlw6dhLWR1cmEgZW1iYWl4byBkYXMgZXNjYWRhcy4=,,W0NvbWFuZGFudGUgRWxlbmFdCkNvbW8gbGEgcXVlIHRlIGVzdG95IGRhbmRvIGFob3JhLgpTaSBxdWllcmVzIHNhYmVyIHBhcmEgcXXDqSBzaXJ2ZSBlc3RvLCBwcmVnw7pudGFsZSBhbCB0ZXN0YXJ1ZG8gcXVlIHNlIGxsYW1hIFN0cmFzc2UgcXVlIGVzdMOhIGRlYmFqbyBkZSBsYSBlc2NhbGVyYS4=
aIycBw,,W1VTVSBjb21tYW5kZXIgRWxlbmFdCllvdSdyZSB3aXNlLiBFbmpveSB5b3VyIGFkdmVudHVyZSBpbiBhIHNhZmVyIHBsYWNlLg==,,,,,W0NvbWFuZGFudGUgRWxlbmFdClZvY8OqIMOpIGludGVsaWdlbnRlLiBBcHJvdmVpdGUgYSBzdWEgYXZlbnR1cmEgZW0gdW0gbHVnYXIgbWFpcyBzZWd1cm8u,,W0NvbWFuZGFudGUgRWxlbmFdCkVyZXMgc2Vuc2F0by4gRGlzZnJ1dGEgZGUgdHUgYXZlbnR1cmEgZW4gdW4gbHVnYXIgbcOhcyBzZWd1cm8u
aYycBw,,W1VTVSBjb21tYW5kZXIgRWxlbmFdCllvdSdyZSB3aXNlLiBMaWZlIGlzIGltcG9ydGFudCwgZXNwZWNpYWxseSB3aGVuIGl0J3MgbWluZS4=,,,,,W0NvbWFuZGFudGUgRWxlbmFdClZvY8OqIMOpIGludGVsaWdlbnRlLiBBIHZpZGEgw6kgaW1wb3J0YW50ZSwgZXNwZWNpYWxtZW50ZSBxdWFuZG8gw6kgYSBtaW5oYS4=,,W0NvbWFuZGFudGUgRWxlbmFdCkVyZXMgc2Vuc2F0by4gTGEgdmlkYSBlcyBpbXBvcnRhbnRlLCBzb2JyZSB0b2RvIGN1YW5kbyBzZSB0cmF0YSBkZSBsYSBtw61hLg==
aoycBw,,W1VTVSBjb21tYW5kZXIgRWxlbmFdCllvdSdyZSB3aXNlLiBZb3UgZG9uJ3QgaGF2ZSB0byBnZXQgaHVydCB5b3Vyc2VsZiBiZWluZyBub3N5Lg==,,,,,W0NvbWFuZGFudGUgRWxlbmFdClZvY8OqIMOpIGludGVsaWdlbnRlLiBOw6NvIHRlbSBxdWUgc2UgbWFjaHVjYXIgc2UgaW50cm9tZXRlbmRvLg==,,W0NvbWFuZGFudGUgRWxlbmFdCkVyZXMgc2Vuc2F0by4gTm8gdGllbmVzIHBvciBxdcOpIGhhY2VydGUgZGHDsW8gcG9yIHR1IGltcHJ1ZGVuY2lhLg==
a4ycBw,,W1VTVSBjb21tYW5kZXIgRWxlbmFdCkdvb2QuIEtub3dpbmcgb25lJ3MgbGltaXQgaXMgd2lzZS4=,,,,,W0NvbWFuZGFudGUgRWxlbmFdCsOTdGltby4gw4kgaW50ZWxpZ2VudGUgc2FiZXIgb3MgbGltaXRlcy4=,,W0NvbWFuZGFudGUgRWxlbmFdCkJpZW4uIEVzIGludGVsaWdlbnRlIGNvbm9jZXIgdHVzIGzDrW1pdGVzLg==
bIycBw,,W1VTVSBjb21tYW5kZXIgRWxlbmFdCkluIHRoZSB3YWl0aW5nIHJvb20sIHRoZXJlIGlzIF4wMDAwQ0RJdmFuLCB0aGUgcGVyc29uIGluIGNoYXJnZSBvZiBlbnRyYW5jZSBpbiBhcmVuYV4wMDAwMDAuCkVudGVyIHRoZSBhcmVuYSBhY2NvcmRpbmcgdG8gdGhlIG9yZGVyIGluIHJlZmVyZW5jZSB0byBJdmFuJ3MgZ3VpZGUu,,,,,W0NvbWFuZGFudGUgRWxlbmFdCk5hIHNhbGEgZGUgZXNwZXJhIGVzdMOhIF4wMDAwQ0RJdmFuXjAwMDAwMCwgYSBwZXNzb2EgcmVzcG9uc8OhdmVsIHBlbGEgZW50cmFkYSBuYSBhcmVuYS4KRW50cmUgbmEgYXJlbmEgZGUgYWNvcmRvIGNvbSBhIG9yZGVtIGVzcGVjaWZpY2FkYSBubyBndWlhIGRlbGUu,,W0NvbWFuZGFudGUgRWxlbmFdCkVuIGxhIHNhbGEgZGUgZXNwZXJhLCBlc3TDoSBeMDAwMENESXZhbiwgZWwgZW5jYXJnYWRvIGRlIGxhIGVudHJhZGEgZW4gbGEgQXJlbmFeMDAwMDAwLgpFbnRyYSBlbiBsYSBBcmVuYSBzZWfDum4gZWwgb3JkZW4gZW4gcmVmZXJlbmNpYSBhIGxhIGd1w61hIGRlIEl2YW4u
bYycBw,,W1VTVSBjb21tYW5kZXIgRWxlbmFdCllvdSBoYXZlIHR3byBtaW51dGVzLiBJZiB5b3UgZGVmZWF0IG1lIGR1cmluZyB0d28gbWludXRlcywgeW91IHdpbi4=,,,,,W0NvbWFuZGFudGUgRWxlbmFdClZvY8OqIHRlbSBkb2lzIG1pbnV0b3MuIFNlIG1lIGRlcnJvdGFyIGVtIGRvaXMgbWludXRvcywgdm9jw6ogdmVuY2Uu,,W0NvbWFuZGFudGUgRWxlbmFdClRpZW5lcyBkb3MgbWludXRvcy4gU2kgbWUgdmVuY2VzIGVuIGRvcyBtaW51dG9zLCBnYW5hcy4=
boycBw,,W1VTVSBjb21tYW5kZXIgRWxlbmFdCklmIHlvdSB3YW50IHRvIHN1cnJlbmRlciBkdXJpbmcgdGhlIGZpZ2h0LCB0ZWxsIF4wMDAwQ0RTb3JpdGFeMDAwMDAwIGJlc2lkZSBJdmFuLgpUaGVuIHlvdSdyZSBnb2luZyB0byBiZSB0b2xkIG9mZi4=,,,,,W0NvbWFuZGFudGUgRWxlbmFdClNlIHZvY8OqIHF1aXNlciBzZSByZW5kZXIgZHVyYW50ZSBhIGx1dGEsIGF2aXNlIG8gXjAwMDBDRFNvcml0YV4wMDAwMDAsIGFvIGxhZG8gZG8gSXZhbi4KRSBlbnTDo28gdm9jw6ogc2Vyw6EgZGlzcGVuc2Fkby4=,,W0NvbWFuZGFudGUgRWxlbmFdClNpIHF1aWVyZXMgcmVuZGlydGUgZHVyYW50ZSBsYSBwZWxlYSwgZMOtc2VsbyBhIF4wMDAwQ0RTb3JpdGFeMDAwMDAwIHF1ZSBlc3TDoSBqdW50byBhIEl2YW4uCkx1ZWdvIHRlIGRlamFyw6FuIGlyLg==
b4ycBw,,W1VTVSBjb21tYW5kZXIgRWxlbmFdCkFyZW4ndCB5b3UgZ29pbmcgdG8gZmlnaHQgbWU/CkhhdmVuJ3QgeW91IGNvbWUgaGVyZSB0byBhc2sgZm9yIHRoZSBjb29wZXJhdGlvbiBiZXR3ZWVuIHRoZSBTZWNyZXQgV2luZ3MgYW5kIFJlYmVsbGlvbj8=,,,,,W0NvbWFuZGFudGUgRWxlbmFdClZvY8OqIG7Do28gdmFpIG1lIGVuZnJlbnRhcj8KVm9jw6ogbsOjbyB2ZWlvIGFxdWkgcGVkaXIgYSBjb29wZXJhw6fDo28gZW50cmUgbyBWZW50byBTZWNyZXRvIGUgYSBSZWJlbGnDo28/,,W0NvbWFuZGFudGUgRWxlbmFdCsK/Tm8gcGVsZWFyw6FzIGNvbm1pZ28/CsK/Tm8gdmluaXN0ZSBhIHBlZGlyIGxhIGNvb3BlcmFjacOzbiBlbnRyZSBlbCBWaWVudG8gU2VjcmV0byB5IGxhIFJlYmVsacOzbj8=
cIycBw,,W1VTVSBjb21tYW5kZXIgRWxlbmFdCldpbGwgeW91IGdpdmUgdXAgdGhlIGZpZ2h0Pw==,,,,,W0NvbWFuZGFudGUgRWxlbmFdClZvY8OqIHZhaSBkZXNpc3RpciBkYSBsdXRhPw==,,W0NvbWFuZGFudGUgRWxlbmFdCsK/QWJhbmRvbmFyw6FzIGxhIHBlbGVhPw==
cYycBw,,R2l2ZSB1cCB0aGUgZmlnaHQu,,,,,RGVzaXN0aXIgZGEgbHV0YS4=,,QWJhbmRvbmFyIGxhIHBlbGVhLg==
coycBw,,RG8gbm90IGdpdmUgdXAgdGhlIGZpZ2h0Lg==,,,,,Q29udGludWFyIG5hIGx1dGEu,,Tm8gYWJhbmRvbmFyIGxhIHBlbGVhLg==
c4ycBw,,W1VTVSBjb21tYW5kZXIgRWxlbmFdCi4uLi4uLkhtbS4=,,,,,W0NvbWFuZGFudGUgRWxlbmFdCi4uLi4uSHVtbS4=,,W0NvbWFuZGFudGUgRWxlbmFdCi4uLk1tbS4=
dIycBw,,W1VTVSBjb21tYW5kZXIgRWxlbmFdCkEgY293YXJkIHdobydzIHNjYXJlZCBhdCBtZSB3b24ndCBiZSBoZWxwZnVsIGZvciB0aGUgUmViZWxsaW9uIGF0IGFsbC4KR2V0IGxvc3Qu,,,,,W0NvbWFuZGFudGUgRWxlbmFdClVtIGNvdmFyZGUgcXVlIGVzdMOhIGNvbSBtZWRvIGRlIG1pbSBuw6NvIHNlcsOhIMO6dGlsIHBhcmEgYSByZWJlbGnDo28uClN1bWEgZGFxdWku,,W0NvbWFuZGFudGUgRWxlbmFdClVuIGNvYmFyZGUgcXVlIG1lIHRlbWUgbm8gc2Vyw6EgZGUgbmluZ3VuYSBheXVkYSBwYXJhIGxhIFJlYmVsacOzbi4KwqFMw6FyZ2F0ZSE=
dYycBw,,W1VTVSBjb21tYW5kZXIgRWxlbmFdCkdvb2QuIEkgd2lsbCB3YWl0IGZvciB5b3UuClRlbGwgbWUgd2hlbiB5b3UgZmVlbCBsaWtlIGZpZ2h0aW5nLg==,,,,,W0NvbWFuZGFudGUgRWxlbmFdCsOTdGltby4gRXNwZXJvIHBvciB2b2PDqi4KTWUgYXZpc2UgcXVhbmRvIHF1aXNlciBsdXRhci4=,,W0NvbWFuZGFudGUgRWxlbmFdCkJpZW4uIFRlIGVzcGVyYXLDqS4KRGltZSBjdWFuZG8gdGVuZ2FzIGdhbmFzIGRlIHBlbGVhci4=
doycBw,,W1VTVSBjb21tYW5kZXIgRWxlbmFdCi4uLkhtbS4gU28gdGhpcyBpcyBpdC4KSWYgeW91IHdhbnQgdG8gZmlnaHQgbWUgYWdhaW4sIEkgd2lsbCBnaXZlIHlvdSBhbm90aGVyIGNoYW5jZS4=,,,,,W0NvbWFuZGFudGUgRWxlbmFdCi4uLkh1bW0uIEVudMOjbyDDqSBpc3NvLgpTZSB2b2PDqiBxdWlzZXIgbHV0YXIgY29udHJhIG1pbSBkZSBub3ZvLCBsaGUgZG91IG91dHJhIGNoYW5jZS4=,,W0NvbWFuZGFudGUgRWxlbmFdCk1tbS4uLiBBc8OtIHF1ZSBlc3RvIGVzIHRvZG8uClNpIHF1aWVyZXMgdm9sdmVyIGEgcGVsZWFyIGNvbm1pZ28sIHRlIGRhcsOpIG90cmEgb3BvcnR1bmlkYWQu
d4ycBw,,RW50ZXIgdGhlIHdhaXRpbmcgcm9vbS4=,,,,,RW50cmFyIG5hIHNhbGEgZGUgZXNwZXJhLg==,,RW50cmFyIGVuIGxhIHNhbGEgZGUgZXNwZXJhLg==
eIycBw,,RG8gbm90IGVudGVyIHRoZSB3YWl0aW5nIHJvb20u,,,,,TsOjbyBlbnRyYXIgbmEgc2FsYSBkZSBlc3BlcmEu,,Tm8gZW50cmFyIGVuIGxhIHNhbGEgZGUgZXNwZXJhLg==
eYycBw,,W1VTVSBjb21tYW5kZXIgRWxlbmFdCkdyZWF0LiBZb3UgaGF2ZSBndXRzLgpJdmFuIHdpbGwgZ3VpZGUgeW91IGluc2lkZS4KSWYgeW91IHdhbnQgdG8gc3VycmVuZGVyIGR1cmluZyBhIGZpZ2h0LCB0ZWxsIFNvcml0YS4KTGV0J3MgZG8gaXQh,,,,,W0NvbWFuZGFudGUgRWxlbmFdCsOTdGltby4gVm9jw6ogdGVtIGNvcmFnZW0uCkl2YW4gdGUgZ3VpYXLDoSBsw6EgZGVudHJvLgpTZSB2b2PDqiBxdWlzZXIgc2UgcmVuZGVyIGR1cmFudGUgdW1hIGx1dGEsIGF2aXNlIFNvcml0YS4KVmFtb3MgbmVzc2Eh,,W0NvbWFuZGFudGUgRWxlbmFdCkdlbmlhbC4gVGllbmVzIGFnYWxsYXMuCkl2YW4gdGUgZ3VpYXLDoSBhbCBpbnRlcmlvci4KU2kgcXVpZXJlcyByZW5kaXJ0ZSBkdXJhbnRlIHVuYSBwZWxlYSwgZMOtc2VsbyBhIFNvcml0YS4KwqFIYWfDoW1vc2xvIQ==
eoycBw,,W1VTVSBjb21tYW5kZXIgRWxlbmFdCkFyZW4ndCB5b3UgZ29pbmcgdG8gZmlnaHQgbWU/CkhhdmVuJ3QgeW91IGNvbWUgaGVyZSB0byBhc2sgZm9yIHRoZSBjb29wZXJhdGlvbiB3aXRoIHRoZSBSZWJlbGxpb24/,,,,,W0NvbWFuZGFudGUgRWxlbmFdClZvY8OqIG7Do28gdmFpIG1lIGVuZnJlbnRhcj8KVm9jw6ogbsOjbyB2ZWlvIGFxdWkgcGVkaXIgYSBjb29wZXJhw6fDo28gZGEgUmViZWxpw6NvPw==,,W0NvbWFuZGFudGUgRWxlbmFdCsK/Tm8gcGVsZWFyw6FzIGNvbm1pZ28/CsK/Tm8gdmluaXN0ZSBhIHBlZGlyIGxhIGNvb3BlcmFjacOzbiBkZSBsYSBSZWJlbGnDs24/
e4ycBw,,W1VTVSBjb21tYW5kZXIgRWxlbmFdCkRvIG5vdCBtYWtlIG1lIHJlcGVhdCBpdC4KSW4gdGhhdCBjYXNlLCBwcmludCB0aGUgc2NyZWVuIGFuZCBhc2sgdGhlIGFkbWluaXN0cmF0aW9uIHRlYW0gYWJvdXQgaXQu,,,,,W0NvbWFuZGFudGUgRWxlbmFdCk7Do28gbWUgZmHDp2EgcmVwZXRpci4KTmVzc2UgY2FzbywgY2FwdHVyZSB1bWEgaW1hZ2VtIGRhIHRlbGEgZSBlbnRyZSBlbSBjb250YXRvIGNvbSBhIGVxdWlwZSBhZG1pbmlzdHJhdGl2YS4=,,W0NvbWFuZGFudGUgRWxlbmFdCk5vIG1lIGhhZ2FzIHJlcGV0aXJsby4KRW4gZXNlIGNhc28sIHNhY2EgdW5hIGNhcHR1cmEgZGUgbGEgcGFudGFsbGEgeSBwcmVndW50YSBhbCBlcXVpcG8gZGUgYWRtaW5pc3RyYWNpw7NuIGFsIHJlc3BlY3RvLg==
fIycBw,,W1VTVSBjb21tYW5kZXIgRWxlbmFdCkhhaGEhIEkgbG9zdC4KTXkgZmVlbGluZyB3YXMgcmlnaHQuIEl0IHdhcyBzdWNoIGEgdGhyaWxsaW5nIGZpZ2h0IGFmdGVyIGEgbG9uZyB0aW1lIQ==,,,,,W0NvbWFuZGFudGUgRWxlbmFdCkhhaGEhIEV1IHBlcmRpLgpNaW5oYSBpbnR1acOnw6NvIGVzdGF2YSBjZXJ0YS4gRm9pIHVtYSBsdXRhIHTDo28gZW1vY2lvbmFudGUsIGRlcG9pcyBkZSB0YW50byB0ZW1wbyE=,,W0NvbWFuZGFudGUgRWxlbmFdCsKhSmEsIGphISBQZXJkw60uCk1pIHNlbnNhY2nDs24gZXJhIGNvcnJlY3RhLiDCoVF1w6kgcGVsZWEgdGFuIGVtb2Npb25hbnRlIGRlc3B1w6lzIGRlIHRhbnRvIHRpZW1wbyE=
fYycBw,,W1VTVSBjb21tYW5kZXIgRWxlbmFdCkFzIEkgcHJvbWlzZWQsIEkgd2lsbCBsaXN0ZW4gdG8geW91LiBHbyBhaGVhZC4=,,,,,W0NvbWFuZGFudGUgRWxlbmFdCkNvbW8gcHJvbWV0aWRvLCB2b3Ugb3V2aXIgdm9jw6ouIERpZ2Eu,,W0NvbWFuZGFudGUgRWxlbmFdClRlIGVzY3VjaGFyw6kgY29tbyBsbyBwcm9tZXTDrS4gQWRlbGFudGUu
foycBw,,W3swfV0KKFNvIHNoZSdzIGxpc3RlbmluZyB0byBtZSBub3cuIFBlcnN1YWRpbmcgaGVyIHdpbGwgYmUgbXVjaCBtb3JlIGRpZmZpY3VsdC4p,,,,,W3swfV0KKEVsYSBlc3TDoSBtZSBvdXZpbmRvIGFnb3JhLiBDb252ZW5jw6otbGEgc2Vyw6EgbXVpdG8gbWFpcyBkaWbDrWNpbCk=,,W3swfV0KKEFzw60gcXVlIGFob3JhIG1lIGVzdMOhIGVzY3VjaGFuZG8uIFBlcnN1YWRpcmxhIHNlcsOhIG11Y2hvIG3DoXMgZGlmw61jaWwpLg==
f4ycBw,,W3swfV0KWWVzLiBJIGhhdmUgY29tZSB0byByZXF1ZXN0IGEgY29vcGVyYXRpb24gYmV0d2VlbiB0aGUgU2VjcmV0IFdpbmdzIGFuZCB0aGUgUmViZWxsaW9uLgpJbiBvcmRlciB0byBwZXJzdWFkZSB0aGUgcGVvcGxlIG9mIFJlYmVsbGlvbnMsIEkgd291bGQgbGlrZSB0byBhc2sgeW91IGZvciBoZWxwLi4u,,,,,W3swfV0KU2ltLiBFdSB2aW0gc29saWNpdGFyIHVtYSBjb29wZXJhw6fDo28gZW50cmUgbyBWZW50byBTZWNyZXRvIGUgYSBSZWJlbGnDo28uCkV1IGdvc3RhcmlhIGRlIHBlZGlyIHN1YSBhanVkYSBwYXJhIGNvbnZlbmNlciBvIHBlc3NvYWwgZGEgUmViZWxpw6NvLi4u,,W3swfV0KU8OtLiBWaW5lIGEgc29saWNpdGFyIHVuYSBjb29wZXJhY2nDs24gZW50cmUgZWwgVmllbnRvIFNlY3JldG8geSBsYSBSZWJlbGnDs24uCk1lIGd1c3RhcsOtYSBwZWRpcnRlIGF5dWRhIHBhcmEgcGVyc3VhZGlyIGEgbGFzIHBlcnNvbmFzIGRlIGxhIFJlYmVsacOzbi4=
gIycBw,,W1VTVSBjb21tYW5kZXIgRWxlbmFdCk9rYXkuIEkgd2lsbCBoZWxwIHlvdS4KV2hhdCBzaG91bGQgSSBkbz8=,,,,,W0NvbWFuZGFudGUgRWxlbmFdCkNlcnRvLiBFdSB2b3UgYWp1ZGFyIHZvY8OqLgpPIHF1ZSBkZXZvIGZhemVyPw==,,W0NvbWFuZGFudGUgRWxlbmFdCkJ1ZW5vLiBUZSBheXVkYXLDqS4Kwr9RdcOpIGRlYm8gaGFjZXI/
gYycBw,,W3swfV0KUGFyZG9uPyBZb3UgaGF2ZW4ndCBoZWFyZCBteSBzdG9yeSB5ZXQuLi4=,,,,,W3swfV0KQ29tbyDDqT8gVm9jw6ogYWluZGEgbsOjbyBvdXZpdSBhIG1pbmhhIGhpc3TDs3JpYS4uLg==,,W3swfV0Kwr9QZXJkw7NuPyBBw7puIG5vIGVzY3VjaGFzIG1pIGhpc3RvcmlhLi4u
goycBw,,W1VTVSBjb21tYW5kZXIgRWxlbmFdCllvdSBkb24ndCBoYXZlIHRvIHRlbGwgbWUgdGhlIHN0b3J5LiBZb3UndmUgYWxyZWFkeSB0b2xkIG1lIHRoZSBzdG9yeSBwaHlzaWNhbGx5LiBJZiBJIGNhbiBmaWdodCBvbiB0aGUgc2FtZSBzaWRlIHdpdGggeW91LCBJIHdpbGwgd2VsY29tZSB3aGF0ZXZlciBpdCBpcy4KU28gSSBzdXBwb3J0IHRoZSBjb29wZXJhdGlvbiB3aXRoIHRoZSBTZWNyZXQgV2luZ3MuIERvIHlvdSBuZWVkIG15IHNpZ25hdHVyZT8=,,,,,W0NvbWFuZGFudGUgRWxlbmFdClZvY8OqIG7Do28gcHJlY2lzYSBtZSBjb250YXIgYSBoaXN0w7NyaWEuIFZvY8OqIGrDoSBtZSBjb250b3UgYSBoaXN0w7NyaWEsIGZpc2ljYW1lbnRlLiBTZSBldSBwdWRlciBsdXRhciBkbyBtZXNtbyBsYWRvIHF1ZSB2b2PDqiwgYWNlaXRhcmVpIG8gcXVlIHF1ZXIgcXVlIHNlamEuCkVudMOjbyBldSBhcG9pbyBhIGNvb3BlcmHDp8OjbyBjb20gbyBWZW50byBTZWNyZXRvLiBWb2PDqiBwcmVjaXNhIGRhIG1pbmhhIGFzc2luYXR1cmE/,,W0NvbWFuZGFudGUgRWxlbmFdCk5vIHRpZW5lcyBxdWUgY29udGFybWUgbGEgaGlzdG9yaWEuIFlhIG1lIGNvbnRhc3RlIGxhIGhpc3RvcmlhIGRlbW9zdHJhdGl2YW1lbnRlLiBTaSBwdWVkbyBwZWxlYXIgZW4gZWwgbWlzbW8gYmFuZG8gcXVlIHTDuiwgbGUgZGFyw6kgbGEgYmllbnZlbmlkYSBjb24gc2F0aXNmYWNjacOzbiBhIGxvIHF1ZSBzZWEuCkFzw60gcXVlIGFwb3lvIGxhIGNvb3BlcmFjacOzbiBjb24gZWwgVmllbnRvIFNlY3JldG8uIMK/TmVjZXNpdGFzIG1pIGZpcm1hPw==
g4ycBw,,W1VTVSBjb21tYW5kZXIgRWxlbmFdCkdvb2QuIC4uLi4uLkJ5IHRoZSB3YXksCklmIHlvdSBoYXZlIHRpbWUsIHZpc2l0IHRoZSBhcmVuYSBhbnkgdGltZS4KSSB3aWxsIGZpZ2h0IHlvdSBldmVuIGlmIHlvdSBjb21lIGV2ZXJ5IGRheS4=,,,,,W0NvbWFuZGFudGUgRWxlbmFdCsOTdGltby4gLi4uLi5BIHByb3DDs3NpdG8sCnNlIHRpdmVyIHVtIHRlbXBvLCB2aXNpdGUgYSBhcmVuYSBhIHF1YWxxdWVyIG1vbWVudG8uCkV1IHZvdSBsdXRhciBjb250cmEgdm9jw6osIG1lc21vIHNlIHZvY8OqIHZpZXIgdG9kbyBkaWEu,,W0NvbWFuZGFudGUgRWxlbmFdCkJpZW4uIFBvciBjaWVydG8sCnNpIHRpZW5lcyB0aWVtcG8sIHZpc2l0YSBsYSBBcmVuYSBlbiBjdWFscXVpZXIgbW9tZW50by4KUGVsZWFyw6kgY29udGlnbyBhdW5xdWUgdmVuZ2FzIHRvZG9zIGxvcyBkw61hcy4=
hIycBw,,RWxlbmEgQm9sa292YTogTWFrZSBzdXJlIHlvdSBjb21lIGJhY2sgaGVyZS4=,,,,,RWxlbmEgQm9sa292YTogTGVtYnJlLXNlIGRlIHZvbHRhciBhcXVpLg==,,RWxlbmEgQm9sa292YTogQXNlZ8O6cmF0ZSBkZSB2b2x2ZXIgYXF1w60u
hYycBw,,W1VTVSBjb21tYW5kZXIgRWxlbmFdClNpbmNlIHlvdSBhcmUgb3VyIGNvb3BlcmF0b3Igbm93LCBnbyBhcm91bmQgYW5kIHNlZSBpZiB0aGVyZSBpcyBhbnlvbmUgd2hvIGhhcyBhbnkgcHJvYmxlbS4=,,,,,W0NvbWFuZGFudGUgRWxlbmFdCkrDoSBxdWUgdm9jw6ogw6kgbm9zc28gY29sYWJvcmFkb3IgYWdvcmEsIGTDqiB1bWEgdm9sdGEgcG9yIGHDrSBlIHZlamEgc2UgYWxndcOpbSBwcmVjaXNhIGRlIGFqdWRhLg==,,W0NvbWFuZGFudGUgRWxlbmFdCllhIHF1ZSBhaG9yYSBub3MgYXl1ZGFzLCBkYXRlIHVuYSB2dWVsdGEgcGFyYSB2ZXIgc2kgaGF5IGFsZ3VpZW4gcXVlIHRlbmdhIGFsZ8O6biBwcm9ibGVtYS4=
hoycBw,,W1VTVSBjb21tYW5kZXIgRWxlbmFdCi4uLi4uLi4uLi4uLi4uLi4uLg==,,,,,W0NvbWFuZGFudGUgRWxlbmFdCi4uLi4uLi4uLi4uLi4uLi4uLg==,,W0NvbWFuZGFudGUgRWxlbmFdCi4uLg==
h4ycBw,,W1VTVSBjb21tYW5kZXIgRWxlbmFdCllvdSBleHBlY3RlZCBtZSB0byBzYXkgdGhpcywgZGlkbid0IHlvdT8KWW91IHJlY2VpdmVkIGhlbHAgZnJvbSB5b3VyIGNvbXBhbmlvbj8gV2hhdCBhIGJyYXZlIGd1eS4gWW91IHRyaWVkIHRvIHRyaWNrIG1lLg==,,,,,W0NvbWFuZGFudGUgRWxlbmFdClZvY8OqIGVzcGVyYXZhIHF1ZSBldSBkaXNzZXNzZSBpc3NvLCBuw6NvIMOpPwpWb2PDqiByZWNlYmV1IGFqdWRhIGRvIHNldSBjb21wYW5oZWlybz8gUXVlIGNhcmEgdmFsZW50ZS4gVm9jw6ogdGVudG91IG1lIGVuZ2FuYXIu,,W0NvbWFuZGFudGUgRWxlbmFdCkVzcGVyYWJhcyBxdWUgZGlqZXJhIGVzdG8sIMK/bm8/CsK/UmVjaWJpc3RlIGF5dWRhIGRlIHR1IGNvbXBhw7Flcm8/IFF1w6kgdmFsaWVudGUuIEludGVudGFzdGUgZW5nYcOxYXJtZS4=
iIycBw,,RWxlbmEgQm9sa292YTogVGhvc2UgZ3V5cyBpbnNpZGUgZGlkbid0IHJlY29nbml6ZSB5b3VyIHRyaWNrLiBUaGUgZGlzY2lwbGluZSBoYXMgYmVlbiByZWxheGVkLg==,,,,,RWxlbmEgQm9sa292YTogQXF1ZWxlcyBjYXJhcyBsw6EgZGVudHJvIG7Do28gcGVyY2ViZXJhbSBvIHNldSB0cnVxdWUuIE8gcmlnb3IgZGltaW51aXUu,,RWxlbmEgQm9sa292YTogRXNvcyB0aXBvcyBkZSBhZGVudHJvIG5vIHNlIGRpZXJvbiBjdWVudGEgZGUgdHUgdHJ1Y28uIEVsIHJpZ29yIGhhIGRpc21pbnVpZG8u
iYycBw,,W1VTVSBjb21tYW5kZXIgRWxlbmFdCkl0IHdhcyB5b3VyIGFiaWxpdHkgdG8gZG8gaXQgd2l0aG91dCBiZWluZyBkZXRlY3RlZCBieSBvdGhlciBndXlzLiBTbyBJIHdvbid0IGtpbGwgeW91LiBHbyBiYWNrIHRvIHRoZSB3YWl0aW5nIHJvb20gYW5kIGZpZ2h0IHByb3Blcmx5IHRoaXMgdGltZS4=,,,,,W0NvbWFuZGFudGUgRWxlbmFdCk8gbcOpcml0byDDqSB0b2RvIHNldSBwb3IgY29uc2VndWlyIGZhemVyIGlzc28gc2VtIHNlciBkZXRlY3RhZG8gcG9yIG91dHJhcyBwZXNzb2FzLiBFbnTDo28gZXUgbsOjbyB2b3UgbWF0w6EtbG8uIFZvbHRlIHBhcmEgYSBzYWxhIGRlIGVzcGVyYSBlIGx1dGUgZGlyZWl0byBkZXNzYSB2ZXou,,W0NvbWFuZGFudGUgRWxlbmFdCkVyYSB0dSBoYWJpbGlkYWQgaGFjZXJsbyBzaW4gcXVlIHRlIGRldGVjdGFyYW4gb3Ryb3MgdGlwb3MuIEFzw60gcXVlIG5vIHRlIG1hdGFyw6kuIFZ1ZWx2ZSBhIGxhIHNhbGEgZGUgZXNwZXJhIHkgZXN0YSB2ZXogcGVsZWEgY29tbyBzZSBkZWJlLg==
ioycBw,,SSBhbSBub3QgYnVzeSB0b2RheSwgSSBzdG9wcGVkIGJ5Lg==,,,,,RXN0b3UgbGl2cmUsIGRlaSB1bWEgcGFzc2FkYSBhcXVpLg==,,SG95IGVzdGFiYSBsaWJyZSwgYXPDrSBxdWUgcGFzw6kgcG9yIGFxdcOtLg==
i4ycBw,,VGVsbCBoZXIgYWJvdXQgTGV2ZWRldiB0d2lucy4=,,,,,Q29udGUgYSBlbGEgc29icmUgb3MgZ8OqbWVvcyBMZXZlZGV2Lg==,,SGFibGFybGUgZGUgbG9zIGdlbWVsb3MgTGViZWRldi4=
jIycBw,,SSBoYXZlIGJyb3VnaHQgTGV2ZWRldiBzaXN0ZXJzLg==,,,,,RXUgdHJvdXhlIG9zIGfDqm1lb3MgTGV2ZWRldi4=,,VHJhamUgYSBsb3MgZ2VtZWxvcyBMZWJlZGV2Lg==
jYycBw,,SSBhbSByZWFkeS4=,,,,,RXN0b3UgY29tIHR1ZG8gcHJvbnRvLg==,,VG9kbyBsaXN0by4=
joycBw,,Li4uVGhpcyBpcyBpdC4=,,,,,Li4uQ2hlZ291IGEgaG9yYS4=,,Li4uRXN0byBlcyB0b2RvLg==
j4ycBw,,SSBoYXZlIGNvbWUgdG8gZmlnaHQu,,,,,RXUgdmltIGx1dGFyLg==,,VmluZSBhIHBlbGVhci4=
kIycBw,,SG93IHdhcyB0aGUgcmVzdWx0IG9mIHRoZSBmaWdodD8=,,,,,Q29tbyBmb2kgbyByZXN1bHRhZG8gZGEgbHV0YT8=,,wr9DdcOhbCBmdWUgZWwgcmVzdWx0YWRvIGRlIGxhIHBlbGVhPw==
kYycBw,,W1VTVSBjb21tYW5kZXIgRWxlbmFdCkhpLiBXaGF0IGlzIGl0IG5vdz8=,,,,,W0NvbWFuZGFudGUgRWxlbmFdCk9pLiBPIHF1ZSBmb2kgYWdvcmE/,,W0NvbWFuZGFudGUgRWxlbmFdCkhvbGEuIMK/UXXDqSBzdWNlZGnDsyBhaG9yYT8=
koycBw,,SGF2ZSB5b3UgbWV0IG91ciBtZW1iZXJzPw==,,,,,Vm9jw6ogY29uaGVjZXUgb3Mgb3V0cm9zIG1lbWJyb3M/,,wr9Db25vY2VzIGEgbnVlc3Ryb3MgbWllbWJyb3M/
k4ycBw,,QSBmaWdodD8gV2VsY29tZSE=,,,,,VW1hIGx1dGE/IFNlamEgYmVtLXZpbmRvIQ==,,wr9VbmEgcGVsZWE/IMKhVGUgZG95IGxhIGJpZW52ZW5pZGEh
lIycBw,,QXJlIHlvdSBzdXJlIHlvdSBoYXZlIHRvIGZpZ2h0IG1lIG5vdz8KSWYgeW91IHJlYWxseSB0aGluayBzbywgY29tZSBiYWNrIHRvbW9ycm93LiBJIGNhbGxlZCBpdCBhIGRheSBub3cu,,,,,VGVtIGNlcnRlemEgZGUgcXVlIHByZWNpc2EgbHV0YXIgY29udHJhIG1pbSBhZ29yYT8KU2Ugdm9jw6ogcmVhbG1lbnRlIGFjaGEgcXVlIHNpbSwgdm9sdGUgYW1hbmjDoy4gRXUgasOhIGVuY2VycmVpIHBvciBob2plLg==,,wr9SZWFsbWVudGUgdGllbmVzIHF1ZSBwZWxlYXIgY29ubWlnbyBhaG9yYT8KU2kgZGUgdmVyZGFkIGxvIGNyZWVzLCB2dWVsdmUgbWHDsWFuYS4gU3VmaWNpZW50ZSBwb3IgaG95Lg==
lYycBw,,Tm8uIE5vdCBub3cuCkkgd291bGQgbGlrZSB0byBmaWdodCB5b3Ugd2hlbiB5b3UgYXJlIGluIHRoZSB0b3AgY29uZGl0aW9uLiBDb21lIGJhY2sgdG9tb3Jyb3cu,,,,,TsOjby4gQWdvcmEgbsOjby4KRXUgZ29zdGFyaWEgZGUgbHV0YXIgY29tIHZvY8OqIHF1YW5kbyB2b2PDqiBlc3RpdmVyIG5hcyBtZWxob3JlcyBjb25kacOnw7Vlcy4gVm9sdGUgYW1hbmjDoy4=,,Tm8uIEFob3JhIG5vLgpNZSBndXN0YXLDrWEgcGVsZWFyIGNvbnRpZ28gY3VhbmRvIGVzdMOpcyBlbiBsYXMgbWVqb3JlcyBjb25kaWNpb25lcy4gVnVlbHZlIG1hw7FhbmEu
loycBw,,W1VTVSBjb21tYW5kZXIgRWxlbmFdCkhtbS4uLj8KSSB0b2xkIHlvdS4gSSBkb24ndCBmaWdodCBjbGVyaWNzLg==,,,,,W0NvbWFuZGFudGUgRWxlbmFdCkh1bW0uLi4/CkV1IGZhbGVpIHBhcmEgdm9jw6ouIEV1IG7Do28gbHV0byBjb20gcmVsaWdpb3Nvcy4=,,W0NvbWFuZGFudGUgRWxlbmFdCsK/TW1tLi4uPwpUZSBsbyBkaWplLiBObyBwZWxlbyBjb250cmEgY2zDqXJpZ29zLg==
l4ycBw,,W3swfV0KSSB3b3VsZCBsaWtlIHRvIGZpZ2h0IHlvdSEgUGxlYXNlIGFsbG93IG1lIQ==,,,,,W3swfV0KRXUgZ29zdGFyaWEgZGUgbHV0YXIgY29udHJhIHZvY8OqISBQb3IgZmF2b3IsIGFjZWl0ZSE=,,W3swfV0KwqFNZSBndXN0YXLDrWEgcGVsZWFyIGNvbnRpZ28hIMKhUG9yIGZhdm9yLCBkw6lqYW1lIQ==
mIycBw,,W1VTVSBjb21tYW5kZXIgRWxlbmFdCk9oLCBldmVyeSB0aW1lIEkgYmVhdCB0aGUgaGVsbCBvdXQgb2YgYSBjbGVyaWMsIEkgYmVjb21lIHF1aXRlIHVubHVja3kgb24gdGhhdCBkYXkuIEl0J3MgdHJ1ZS4KU28gSSdkIHJhdGhlciBub3QgZmlnaHQgYSBjbGVyaWMuLi4=,,,,,W0NvbWFuZGFudGUgRWxlbmFdCkFoLCBzZW1wcmUgcXVlIGV1IGFjYWJvIGNvbSB1bSByZWxpZ2lvc28sIGV1IHRlbmhvIHVtYSBtYXLDqSBkZSBhemFyIG5hcXVlbGUgZGlhLiDDiSB2ZXJkYWRlLgpFbnTDo28gZXUgcHJlZmlybyBuw6NvIGx1dGFyIGNvbSB1bSByZWxpZ2lvc28uLi4=,,W0NvbWFuZGFudGUgRWxlbmFdCkNhZGEgdmV6IHF1ZSBsZSBkb3kgdW5hIHBhbGl6YSBhIHVuIGNsw6lyaWdvLCB0ZW5nbyBtdXkgbWFsYSBzdWVydGUgZXNlIGTDrWEuIEVzIHZlcmRhZC4KQXPDrSBxdWUgcHJlZmllcm8gbm8gbHVjaGFyIGNvbnRyYSB1biBjbMOpcmlnby4uLg==
mYycBw,,W1VTVSBjb21tYW5kZXIgRWxlbmFdCi4uLi4uLi4uLi4uLg==,,,,,W0NvbWFuZGFudGUgRWxlbmFdCi4uLi4uLi4uLi4uLg==,,W0NvbWFuZGFudGUgRWxlbmFdCi4uLg==
moycBw,,W1VTVSBjb21tYW5kZXIgRWxlbmFdCi4uLkh1aCwgbG9vayBhdCB5b3VyIGV5ZXMuIEkgaGF2ZSBubyBjaG9pY2UgYnV0IHRvIGZpZ2h0IHlvdS4KQnV0IEkgd2lsbCBeMDAwMENEZ28gdmVyeSBlYXN5IG9uXjAwMDAwMCB5b3UuIERvbid0IG1ha2UgZHJhbWEgYWZ0ZXIgeW91IGRlZmVhdCBtZS4=,,,,,W0NvbWFuZGFudGUgRWxlbmFdCi4uLkh1bSwgdmVqYSBvIHNldSBvbGhhci4gTsOjbyB0ZW5obyBlc2NvbGhhIGEgbsOjbyBzZXIgbHV0YXIgY29udHJhIHZvY8OqLgpNYXMgZXUgdm91IF4wMDAwQ0RwZWdhciBsZXZlXjAwMDAwMCBjb20gdm9jw6ouIE7Do28gZmHDp2EgZHJhbWEgZGVwb2lzIGRlIG1lIGRlcnJvdGFyLg==,,W0NvbWFuZGFudGUgRWxlbmFdCi4uLlVoLCBtaXJhIHR1cyBvam9zLiBObyBtZSBxdWVkYSBtw6FzIHJlbWVkaW8gcXVlIHBlbGVhciBjb250aWdvLgpQZXJvIHNlcsOpIF4wMDAwQ0RidWVuYV4wMDAwMDAgY29udGlnby4gTm8gaGFnYXMgZHJhbWEgZGVzcHXDqXMgZGUgZGVycm90YXJtZS4=
m4ycBw,,W1VTVSBjb21tYW5kZXIgRWxlbmFdCk9oLCBncmVhdCEKVGVsbCBtZSB3aGVuIHlvdSBhcmUgZnVsbHkgcmVhZHkuIEkgd2lsbCBnbyB0byB0aGUgd2FpdGluZyByb29tLg==,,,,,W0NvbWFuZGFudGUgRWxlbmFdCkFoLCDDs3RpbW8hCk1lIGF2aXNlIHF1YW5kbyBlc3RpdmVyIGNvbXBsZXRhbWVudGUgcHJlcGFyYWRvLiBFdSBpcmVpIHBhcmEgYSBzYWxhIGRlIGVzcGVyYS4=,,W0NvbWFuZGFudGUgRWxlbmFdCsKhT2gsIGV4Y2VsZW50ZSEKQXbDrXNhbWUgY3VhbmRvIHF1aWVyYXMgY29tZW56YXIuIElyw6kgYSBsYSBzYWxhIGRlIGVzcGVyYS4=
nIycBw,,W1VTVSBjb21tYW5kZXIgRWxlbmFdCkFyZW4ndCB5b3UgZ29pbmcgdG8gZmlnaHQgbWU/CkhtLi4u,,,,,W0NvbWFuZGFudGUgRWxlbmFdClZvY8OqIG7Do28gdmFpIG1lIGVuZnJlbnRhcj8KSHVtLi4u,,W0NvbWFuZGFudGUgRWxlbmFdCsK/Tm8gcGVsZWFyw6FzIGNvbm1pZ28/Ck1tbS4uLg==
nYycBw,,W1VTVSBjb21tYW5kZXIgRWxlbmFdCkdvb2QgaWRlYS4gWW91J2xsIGJlIHF1aXRlIHNhZCBpZiB5b3UgYXJlIGJlYXQgdXAgd2l0aG91dCBoYXZpbmcgZG9uZSBhbnl0aGluZyB3cm9uZy4gV29uJ3QgeW91Pw==,,,,,W0NvbWFuZGFudGUgRWxlbmFdCkJvYSBpZGVpYS4gVm9jw6ogdmFpIGZpY2FyIG11aXRvIHRyaXN0ZSBzZSBhcGFuaGFyIHNlbSB0ZXIgZmVpdG8gbmFkYSBlcnJhZG8uIE7Do28gw6k/,,W0NvbWFuZGFudGUgRWxlbmFdCkJ1ZW5hIGlkZWEuIEVzdGFyw6FzIG11eSB0cmlzdGUgc2kgdGUgZGFuIHVuYSBwYWxpemEgc2luIGhhYmVyIGhlY2hvIG5hZGEgbWFsby4gwr9WZXJkYWQ/
noycBw,,W1VTVSBjb21tYW5kZXIgRWxlbmFdCi4uLllvdSBtYWRlIG1lIGV4cGVjdCBpdC4gQW5kIHdoYXQgYXJlIHlvdSBkb2luZyBub3c/,,,,,W0NvbWFuZGFudGUgRWxlbmFdCi4uLlZvY8OqIG1lIGZleiBlc3BlcmFyIHBvciBpc3NvLiBFIG8gcXVlIGVzdMOhIGZhemVuZG8gYWdvcmE/,,W0NvbWFuZGFudGUgRWxlbmFdCi4uLk1lIGhpY2lzdGUgZXNwZXJhcmxvLiDCv1kgcXXDqSBoYWNlcyBhaG9yYT8=
n4ycBw,,W1VTVSBjb21tYW5kZXIgRWxlbmFdCkFzIEkgdG9sZCB5b3UsIHlvdSBkb24ndCBoYXZlIHRvIGRvIHRoaXMuLi4gWW91J3JlIHNvIHBlcnNpc3RlbnQuCldlbGwsIEkgcmVtZW1iZXIgSSB0b2xkIHlvdSB0aGF0IEkgbGlrZSBpdC4=,,,,,W0NvbWFuZGFudGUgRWxlbmFdCkNvbW8gZXUgZGlzc2UsIHZvY8OqIG7Do28gcHJlY2lzYSBmYXplciBpc3NvLi4uIFZvY8OqIMOpIHTDo28gcGVyc2lzdGVudGUuCkJlbSwgZXUgbGVtYnJvIHF1ZSBmYWxlaSBxdWUgZ29zdG8gZGlzc28u,,W0NvbWFuZGFudGUgRWxlbmFdCkNvbW8gdGUgZGlqZSwgbm8gdGllbmVzIHF1ZSBoYWNlciBlc3RvLi4uIEVyZXMgbXV5IHBlcnNpc3RlbnRlLgpCdWVubywgcmVjdWVyZG8gcXVlIHRlIGRpamUgcXVlIG1lIGd1c3RhLg==
oIycBw,,W1VTVSBjb21tYW5kZXIgRWxlbmFdCkdyZWF0LCBJIHdpbGwgYmUgd2FpdGluZy4KSSBlbmpveSBmaWdodGluZyB5b3Uu,,,,,W0NvbWFuZGFudGUgRWxlbmFdCsOTdGltbywgZXN0YXJlaSBlc3BlcmFuZG8uCkV1IGdvc3RvIGRlIGx1dGFyIGNvbnRyYSB2b2PDqi4=,,W0NvbWFuZGFudGUgRWxlbmFdCkdlbmlhbCwgZXN0YXLDqSBlc3BlcmFuZG8uCkRpc2ZydXRvIHBlbGVhciBjb250aWdvLg==
oYycBw,,W1VTVSBjb21tYW5kZXIgRWxlbmFdCkRvbid0IHlvdSB0aGluayB5b3UndmUgaGFkIGVub3VnaCBvZiBpdCBieSBub3c/IElmIHlvdSB3YW50IHRvIHF1aXQsIHRlbGwgbWUgYW55IHRpbWUu,,,,,W0NvbWFuZGFudGUgRWxlbmFdClZvY8OqIG7Do28gYWNoYSBxdWUgasOhIGZvaSBvIHN1ZmljaWVudGU/IFNlIHF1aXNlciBwYXJhciBxdWFscXVlciBob3JhLCDDqSBzw7MgbWUgZGl6ZXIu,,W0NvbWFuZGFudGUgRWxlbmFdCsK/Tm8gY3JlZXMgcXVlIHlhIHR1dmlzdGUgc3VmaWNpZW50ZT8gU2kgcXVpZXJlcyBhYmFuZG9uYXIsIGTDrW1lbG8gY3VhbmRvIHF1aWVyYXMu
ooycBw,,W1VTVSBjb21tYW5kZXIgRWxlbmFdCi4uLkhtbS4gWW91J3JlIG5vdCBpbiBhIHRvcCBjb25kaXRpb24/CklmIHlvdSB3YW50IHRvIGRvIHRoaXMgYWdhaW4sIHdlbGNvbWUu,,,,,W0NvbWFuZGFudGUgRWxlbmFdCi4uLkh1bW0uIFZvY8OqIG7Do28gZXN0w6EgbmFzIG1lbGhvcmVzIGNvbmRpw6fDtWVzPwpTZSBxdWlzZXIgZmF6ZXIgaXNzbyBkZSBub3ZvLCBlc3RlamEgw6Agdm9udGFkZS4=,,W0NvbWFuZGFudGUgRWxlbmFdCk1tbS4uLiDCv05vIGVzdMOhcyBlbiBsYXMgbWVqb3JlcyBjb25kaWNpb25lcz8KU2kgcXVpZXJlcyB2b2x2ZXIgYSBoYWNlcmxvLCBoYXpsby4=
o4ycBw,,W1VTVSBjb21tYW5kZXIgRWxlbmFd,,,,,W0NvbWFuZGFudGUgRWxlbmFd,,W0NvbWFuZGFudGUgRWxlbmFd
pIycBw,,SG8sIHlvdSBoYXZlIHRoZSBndXRzLg==,,,,,VWF1LCB2b2PDqiB0ZW0gY29yYWdlbS4=,,T2gsIHRpZW5lcyBhZ2FsbGFzLg==
pYycBw,,SSBsaWtlIGl0Lg==,,,,,R29zdG8gZGlzc28u,,TWUgZ3VzdGEu
poycBw,,SXZhbiB3aWxsIGd1aWRlIHlvdSBpbnNpZGUuCklmIHlvdSB3YW50IHRvIHN1cnJlbmRlciwgdGVsbCBTb3JpdGEuCkxldCdzIGRvIGl0IQ==,,,,,SXZhbiB0ZSBndWlhcsOhIGzDoSBkZW50cm8uClNlIHF1aXNlciBzZSByZW5kZXIsIGF2aXNlIFNvcml0YS4KVmFtb3MgbmVzc2Eh,,SXZhbiB0ZSBndWlhcsOhIGFsIGludGVyaW9yLgpTaSBxdWllcmVzIHJlbmRpcnRlLCBkw61zZWxvIGEgU29yaXRhLgrCoUhhZ8OhbW9zbG8h
p4ycBw,,W1VTVSBjb21tYW5kZXIgRWxlbmFdCllvdSdyZSBub3QgaW4gYSB0b3AgY29uZGl0aW9uPyBHbyBpbnNpZGUgYW5kIHRha2Ugc29tZSByZXN0LgpTaGFsbCB3ZSBzdG9wPw==,,,,,W0NvbWFuZGFudGUgRWxlbmFdClZvY8OqIG7Do28gZXN0w6EgbmFzIG1lbGhvcmVzIGNvbmRpw6fDtWVzPyBFbnRyZSBlIGRlc2NhbnNlIHVtIHBvdWNvLgpWYW1vcyBwYXJhcj8=,,W0NvbWFuZGFudGUgRWxlbmFdCsK/Tm8gZXN0w6FzIGVuIGxhcyBtZWpvcmVzIGNvbmRpY2lvbmVzPyBFbnRyYSB5IGRlc2NhbnNhIHVuIHBvY28uCsK/UGFyYW1vcz8=
qIycBw,,W1VTVSBjb21tYW5kZXIgRWxlbmFdCllvdSdyZSBub3QgaW4gYSB0b3AgY29uZGl0aW9uPwpUYWtlIGNhcmUgb2YgeW91cnNlbGYu,,,,,W0NvbWFuZGFudGUgRWxlbmFdClZvY8OqIG7Do28gZXN0w6EgbmFzIG1lbGhvcmVzIGNvbmRpw6fDtWVzPwpDdWlkZS1zZS4=,,W0NvbWFuZGFudGUgRWxlbmFdCsK/Tm8gZXN0w6FzIGVuIGxhcyBtZWpvcmVzIGNvbmRpY2lvbmVzPwpDdcOtZGF0ZS4=
qYycBw,,W1VTVSBjb21tYW5kZXIgRWxlbmFdCkRvbid0IG1ha2UgbWUgZmVlbCBzb3JyeSBmb3IgeW91Lg==,,,,,W0NvbWFuZGFudGUgRWxlbmFdCk7Do28gbWUgZmHDp2Egc2VudGlyIHBlbmEgZGUgdm9jw6ou,,W0NvbWFuZGFudGUgRWxlbmFdCk5vIG1lIGhhZ2FzIHNlbnRpciBsw6FzdGltYSBwb3IgdGku
qoycBw,,UmlnaHQuIExldCdzIHN0b3AgdGhlIGZpZ2h0Lg==,,,,,Q2VydG8uIFZhbW9zIGVuY2VycmFyIGEgbHV0YS4=,,Qmllbi4gUGFyZW1vcyBsYSBwZWxlYS4=
q4ycBw,,Li4uV2UgaGF2ZSBubyBjaG9pY2UuIENvbWUgYmFjayBsYXRlci4=,,,,,Li4uTsOjbyB0ZW1vcyBlc2NvbGhhLiBWb2x0ZSBtYWlzIHRhcmRlLg==,,Li4uTm8gdGVuZW1vcyBlbGVjY2nDs24uIFZ1ZWx2ZSBtw6FzIHRhcmRlLg==
rIycBw,,SGV5LCB5b3UgZG9uJ3QgaGF2ZSB0byBkbyB0aGlzLi4u,,,,,RWksIHZvY8OqIG7Do28gcHJlY2lzYSBmYXplciBpc3NvLg==,,T3llLCBubyB0aWVuZXMgcXVlIGhhY2VyIGVzdG8uLi4=
rYycBw,,R3JlYXQsIEkgd2lsbCBiZSB3YWl0aW5nLgpJIGVuam95IGZpZ2h0aW5nIHlvdS4=,,,,,w5N0aW1vLCBlc3RhcmVpIGVzcGVyYW5kby4KRXUgZ29zdG8gZGUgbHV0YXIgY29udHJhIHZvY8OqLg==,,R2VuaWFsLCBlc3RhcsOpIGVzcGVyYW5kby4KRGlzZnJ1dG8gcGVsZWFyIGNvbnRpZ28u
roycBw,,W1VTVSBjb21tYW5kZXIgRWxlbmFdCkkgdG9sZCB5b3UgdGhhdCBJJ2QgXjAwMDBDRGdvIGVhc3kgb24geW91XjAwMDAwMC4gQWx0aG91Z2ggd29uIHRoZSBmaWdodCwgeW91IGRpZG4ndCBhY3R1YWxseSB3aW4gaXQuIEdvdCBpdD8=,,,,,W0NvbWFuZGFudGUgRWxlbmFdCkV1IGRpc3NlIHF1ZSBeMDAwMENEcGVnYXJpYSBsZXZlIGNvbSB2b2PDql4wMDAwMDAuIEVtYm9yYSB0ZW5oYSB2ZW5jaWRvIGEgbHV0YSwgdm9jw6ogbsOjbyB2ZW5jZXUgZGUgdmVyZGFkZS4gRW50ZW5kZXU/,,W0NvbWFuZGFudGUgRWxlbmFdClRlIGRpamUgcXVlIF4wMDAwQ0RzZXLDrWEgYnVlbmEgY29udGlnb14wMDAwMDAuIEF1bnF1ZSBnYW5hc3RlIGxhIHBlbGVhLCBlbiByZWFsaWRhZCwgbm8gbG8gaGljaXN0ZS4gwr9FbnRlbmRpZG8/
r4ycBw,,W1VTVSBjb21tYW5kZXIgRWxlbmFdCi4uLkJlaW5nIG1lYW4gaXMgbm90IG15IGNoYXJhY3Rlci4gVGhpcyBpcyB3aHkgSSBkb24ndCB3YW50IHRvIGJlIGVudGFuZ2xlZCB3aXRoIGNsZXJpY3MuLi4KSGV5LCBwcm9ub3VuY2UgdGhlIGJlbmVkaWN0aW9uIGZvciBtZSBiZWZvcmUgbGVhdmluZy4=,,,,,W0NvbWFuZGFudGUgRWxlbmFdCi4uLlNlciBtYWxkb3NhIG7Do28gY29tYmluYSBjb21pZ28uIMOJIHBvciBpc3NvIHF1ZSBldSBuw6NvIHF1ZXJvIG1lIGVudm9sdmVyIGNvbSByZWxpZ2lvc29zLi4uCkVpLCBtZSBkw6ogdW1hIGLDqm7Dp8OjbyBhbnRlcyBkZSBwYXJ0aXIu,,W0NvbWFuZGFudGUgRWxlbmFdCi4uLlNlciBtZXpxdWluYSBubyBtZSBjYXJhY3Rlcml6YS4gUG9yIGVzbywgbm8gcXVpZXJvIG1ldGVybWUgY29uIGNsw6lyaWdvcy4uLgpPeWUsIGJlbmTDrWNlbWUgYW50ZXMgZGUgaXJ0ZS4=
sIycBw,,W1VTVSBjb21tYW5kZXIgRWxlbmFdCkhhaGFoYSwgZ3JlYXQgZmlnaHQhCldoYXQgYSBwaXR5LiBJIHdhbnRlZCB0byB3aW4gdG9kYXkuLi4=,,,,,W0NvbWFuZGFudGUgRWxlbmFdCkhhaGFoYSwgw7N0aW1hIGx1dGEhClVtYSBwZW5hLiBFdSBxdWVyaWEgdmVuY2VyIGhvamUuLi4=,,W0NvbWFuZGFudGUgRWxlbmFdCkphLCBqYSwgamEsIMKhZ3JhbiBwZWxlYSEKUXXDqSBwZW5hLiBRdWVyw61hIGdhbmFyIGhveS4uLg==
sYycBw,,W1VTVSBjb21tYW5kZXIgRWxlbmFdCkknbSBnbGFkIHRoYXQgeW91IGFyZSBiZWNvbWluZyBzdHJvbmdlci4KSSBjYW4gc2VlIHRoZSByZXN1bHQgb2Ygc3RlYWR5IHRyYWluaW5nLg==,,,,,W0NvbWFuZGFudGUgRWxlbmFdCkZpY28gZmVsaXogcXVlIHZvY8OqIGVzdGVqYSBzZSB0b3JuYW5kbyBtYWlzIGZvcnRlLgpQb3NzbyB2ZXIgb3MgcmVzdWx0YWRvcyBkZSB1bSB0cmVpbm8gY29uc3RhbnRlLg==,,W0NvbWFuZGFudGUgRWxlbmFdCk1lIGFsZWdyYSBxdWUgdGUgZXN0w6lzIGhhY2llbmRvIG3DoXMgZnVlcnRlLgpQdWVkbyB2ZXIgZWwgcmVzdWx0YWRvIGRlIHVuIGVudHJlbmFtaWVudG8gY29uc3RhbnRlLg==
soycBw,,W1VTVSBjb21tYW5kZXIgRWxlbmFdCkNvbWUgYmFjay4gSSBjYW4gZmlnaHQgeW91IGV2ZXJ5ZGF5Lg==,,,,,W0NvbWFuZGFudGUgRWxlbmFdClZvbHRlIGFxdWkuIEV1IHBvc3NvIGx1dGFyIGNvbnRyYSB2b2PDqiB0b2RvcyBvcyBkaWFzLg==,,W0NvbWFuZGFudGUgRWxlbmFdClZ1ZWx2ZS4gUHVlZG8gcGVsZWFyIGNvbnRpZ28gdG9kb3MgbG9zIGTDrWFzLg==
s4ycBw,,W1VTVSBjb21tYW5kZXIgRWxlbmFdCk5vdCBidXN5PyBUaGF0J3MgZ29vZC4KRW5qb3kgaXQgd2hpbGUgeW91IGNhbi4=,,,,,W0NvbWFuZGFudGUgRWxlbmFdCk7Do28gZXN0w6Egb2N1cGFkbz8gSXNzbyDDqSBib20uCkFwcm92ZWl0ZSBlbnF1YW50byBwb2RlLg==,,W0NvbWFuZGFudGUgRWxlbmFdCsK/RXN0w6FzIGxpYnJlPyBFc28gZXN0w6EgYmllbi4KRGlzZnLDunRhbG8gbWllbnRyYXMgcHVlZGFzLg==
tIycBw,,W1VTVSBjb21tYW5kZXIgRWxlbmFdCk5vdCBidXN5PyBUaGF0J3MgYSBnb29kIG5ld3MuCkFwYXJ0IGZyb20gZmlnaHRpbmcuLi4gSSB3b3VsZCBsaWtlIHRvIGFzayB5b3UgZm9yIGEgZmF2b3Iu,,,,,W0NvbWFuZGFudGUgRWxlbmFdCk7Do28gZXN0w6Egb2N1cGFkbz8gUXVlIGJvYSBub3TDrWNpYS4KQWzDqW0gZGUgbHV0YXIuLi4gRXUgZ29zdGFyaWEgZGUgcGVkaXIgdW0gZmF2b3Iu,,W0NvbWFuZGFudGUgRWxlbmFdCsK/RXN0w6FzIGxpYnJlPyBFcyB1bmEgYnVlbmEgbm90aWNpYS4KQWRlbcOhcyBkZSBwZWxlYXIuLi4gbWUgZ3VzdGFyw61hIHBlZGlydGUgdW4gZmF2b3Iu
tYycBw,,W1VTVSBjb21tYW5kZXIgRWxlbmFdCkknbSBub3Qgc3VyZSBpZiBJIGNhbiBzYXkgdGhpcyB0byBhbiBvdXRzaWRlci4uLiBCdXQgeW91IGFyZSBjbG9zZSB0byB0aGUgUmViZWxsaW9uIG5vdy4KV2lsbCB5b3Uga2VlcCB0aGUgc2VjcmV0Pw==,,,,,W0NvbWFuZGFudGUgRWxlbmFdCk7Do28gdGVuaG8gY2VydGV6YSBzZSBwb3NzbyBmYWxhciBpc3NvIHBhcmEgdW0gZm9yYXN0ZWlyby4uLiBNYXMgdm9jw6ogw6kgcHLDs3hpbW8gZGEgUmViZWxpw6NvIGFnb3JhLgpWb2PDqiB2YWkgZ3VhcmRhciBvIHNlZ3JlZG8/,,W0NvbWFuZGFudGUgRWxlbmFdCk5vIHPDqSBzaSBwdWVkbyBkZWNpcmxlIGVzdG8gYSB1bmEgcGVyc29uYSBmb3Jhc3RlcmEuLi4gcGVybyBhaG9yYSBlc3TDoXMgY2VyY2EgZGUgbGEgUmViZWxpw7NuLgrCv0d1YXJkYXLDoXMgZWwgc2VjcmV0bz8=
toycBw,,WWVzLCBJIHdpbGwu,,,,,U2ltLCBpcmVpLg==,,U8OtLCBsbyBoYXLDqS4=
t4ycBw,,SXQgd2lsbCBiZSBkaWZmaWN1bHQu,,,,,VmFpIHNlciBkaWbDrWNpbC4=,,U2Vyw6EgZGlmw61jaWwu
uIycBw,,W1VTVSBjb21tYW5kZXIgRWxlbmFdClllcy4gTWFrZSBzdXJlIHlvdSBrZWVwIHRoZSBzZWNyZXQu,,,,,W0NvbWFuZGFudGUgRWxlbmFdClNpbS4gTGVtYnJlLXNlIGRlIGd1YXJkYXIgc2VncmVkby4=,,W0NvbWFuZGFudGUgRWxlbmFdClPDrS4gQ3VlbnRvIGNvbiBxdWUgZ3VhcmRlcyBlbCBzZWNyZXRvLg==
uYycBw,,W1VTVSBjb21tYW5kZXIgRWxlbmFdCi4uLlRoZW4gSSBjYW4ndCB0ZWxsIHlvdS4KRm9yZ2V0IHdoYXQgSSd2ZSBzYWlkLg==,,,,,W0NvbWFuZGFudGUgRWxlbmFdCi4uLkVudMOjbyBldSBuw6NvIHBvc3NvIGxoZSBkaXplci4KRXNxdWXDp2EgbyBxdWUgZXUgZmFsZWku,,W0NvbWFuZGFudGUgRWxlbmFdCi4uLkVudG9uY2VzLCBubyBwdWVkbyBkZWPDrXJ0ZWxvLgpPbHZpZGEgbG8gcXVlIGRpamUu
uoycBw,,W1VTVSBjb21tYW5kZXIgRWxlbmFdCkdvb2QuIEZpcnN0IG9mIGFsbC4uLiBkbyB5b3Uga25vdyBhYm91dCBVU1UgdGhhdCBJIGFtIGNvbW1hbmRpbmc/,,,,,W0NvbWFuZGFudGUgRWxlbmFdCsOTdGltby4gRW0gcHJpbWVpcm8gbHVnYXIuLi4gVm9jw6ogY29uaGVjZSBhIFVTIHF1ZSBlc3RvdSBjb21hbmRhbmRvPw==,,W0NvbWFuZGFudGUgRWxlbmFdCkJpZW4uIEVuIHByaW1lciBsdWdhci4uLiDCv2Nvbm9jZXMgbGEgVVMgcXVlIGVzdG95IGNvbWFuZGFuZG8/
u4ycBw,,U3VwZXJpb3IuLi4gdW5pdD8=,,,,,VW5pZGFkZS4uLiBzdXBlcmlvcj8=,,wr9VbmlkYWQuLi4gc3VwZXJpb3I/
vIycBw,,SXNuJ3QgaXQgd2hlcmUgeW91IGlzb2xhdGVkIHByb2JsZW0gY2hpbGRyZW4/,,,,,w4kgb25kZSB2b2PDqiBpc29sYSBvcyBwcm9ibGVtw6F0aWNvcz8=,,wr9ObyBlcyBkb25kZSBhaXNsYWJhcyBhIGxvcyBuacOxb3MgcHJvYmxlbcOhdGljb3M/
vYycBw,,W1VTVSBjb21tYW5kZXIgRWxlbmFdCi4uLk5vLiBJdCdzIG5vdCB0cnVlLgpJdCdzIGFjdHVhbGx5IHRoZSBvcHBvc2l0ZS4=,,,,,W0NvbWFuZGFudGUgRWxlbmFdCi4uLk7Do28uIE7Do28gw6kgdmVyZGFkZS4KTXVpdG8gcGVsbyBjb250csOhcmlvLg==,,W0NvbWFuZGFudGUgRWxlbmFdCi4uLk5vLiBObyBlcyB2ZXJkYWQuCkVuIHJlYWxpZGFkLCBlcyBsbyBjb250cmFyaW8u
voycBw,,W1VTVSBjb21tYW5kZXIgRWxlbmFdCi4uLldoYXQ/,,,,,W0NvbWFuZGFudGUgRWxlbmFdCi4uLk8gcXXDqj8=,,W0NvbWFuZGFudGUgRWxlbmFdCsK/UXXDqT8=
v4ycBw,,W1VTVSBjb21tYW5kZXIgRWxlbmFdCkhhaGEuLi4gS2FrYS4gUmlnaHQuIFlvdSBrbm93IHZlcnkgd2VsbCBhYm91dCBpdC4KQnV0IGRvbid0IHNheSB0aGF0IGluIGZyb250IG9mIHRoZSB0cm9vcHMuIFRoZXkgbWlnaHQgc2hvb3QgeW91Lg==,,,,,W0NvbWFuZGFudGUgRWxlbmFdCkhhaGFoLi4uIEhhaGEuIENlcnRvLiBWb2PDqiBzYWJlIGJlbSBzb2JyZSBpc3NvLgpNYXMgbsOjbyBkaWdhIGlzc28gbmEgZnJlbnRlIGRhcyB0cm9wYXMuIEVsZXMgcG9kZW0gYXRpcmFyIGVtIHZvY8OqLg==,,W0NvbWFuZGFudGUgRWxlbmFdCkphLCBqYS4uLiBKYSwgamEuIEJpZW4uIExvIHNhYmVzIG11eSBiaWVuLgpQZXJvIG5vIGRpZ2FzIGVzbyBkZWxhbnRlIGRlIGxhcyB0cm9wYXMuIFBvZHLDrWFuIGRpc3BhcmFydGUu
wIycBw,,W1VTVSBjb21tYW5kZXIgRWxlbmFdClVTVSBzdGFuZHMgZm9yIF4wMDAwQ0RVbmRlciBTZWFsIFVuaXReMDAwMDAwLiBJdCdzIGEgZ3JvdXAgb2Ygd2VpcmRvcyB3aG8gZGlkIHNvbWUgY3JhenkgdGhpbmdzLgpTaW5jZSB0aGV5IGhhZCBkb25lIGdyZWF0IGpvYiBmb3IgdGhlIFJlYmVsbGlvbiwgd2UgaXNvbGF0ZSB0aGVtIHdpdGggbGVhZCBvbiB0aGVpciBuZWNrIHJhdGhlciB0aGFuIGRlYXRoIHBlbmFsdHkgb3IgZGlzY2hhcmdpbmcu,,,,,W0NvbWFuZGFudGUgRWxlbmFdClVTIHNpZ25pZmljYSBeMDAwMENEVW5pZGFkZSBTZWNyZXRhXjAwMDAwMC4gw4kgdW0gZ3J1cG8gZGUgZXNxdWlzaXRvcyBxdWUgZml6ZXJhbSBhbGd1bWFzIGxvdWN1cmFzLgpDb21vIGZpemVyYW0gdW0gw7N0aW1vIHRyYWJhbGhvIHBhcmEgYSBSZWJlbGnDo28sIG7Ds3Mgb3MgaXNvbGFtb3MgZSBvcyBtYW50ZW1vcyBlbSByw6lkZWFzIGN1cnRhcywgZW0gdmV6IGRlIHBlbmEgZGUgbW9ydGUgb3UgZGlzcGVuc2Eu,,W0NvbWFuZGFudGUgRWxlbmFdClVTIHNvbiBzaWdsYXMgcXVlIHNpZ25pZmljYW4gXjAwMDBDRFVuaWRhZCBTZWNyZXRhXjAwMDAwMC4gRXMgdW4gZ3J1cG8gZGUgdGlwb3MgcmFyb3MgcXVlIGhpY2llcm9uIGNvc2FzIG11eSBsb2Nhcy4KQ29tbyBoYWLDrWFuIGhlY2hvIHVuIGV4Y2VsZW50ZSB0cmFiYWpvIHBhcmEgbGEgUmViZWxpw7NuLCBsb3MgYWlzbGFtb3MgeSBsb3MgbWFudHV2aW1vcyBiYWpvIGVzdHJpY3RhIHZpZ2lsYW5jaWEgZW4gbHVnYXIgZGUgYXBsaWNhcmxlcyBsYSBwZW5hIGRlIG11ZXJ0ZSBvIGV4cHVsc2FybG9zLg==
wYycBw,,W1VTVSBjb21tYW5kZXIgRWxlbmFdCkFzIEkgdG9sZCB5b3UsIGl0J3MgYSB1bml0IG91dHNpZGUgb3VyIHJlZ3VsYXRpb24uIFNvIEkgY2FuJ3QgdGVsbCB5b3UgYWJvdXQgaXQgaW4gZGV0YWlsLiBCdXQgd2UgZG8gc2V2ZXJhbCB0aGluZ3MgdGhhdCBSZWJlbGxpb25zIGRvbid0IGRvLgpZb3UgY2FuIGltYWdpbmUgYWxsIHlvdSB3YW50LCBpbmNsdWRpbmcgbXVyZGVyIG9yIHZpb2xlbmNlLiBJdCB3aWxsIGJlIHdvcnNlIHRoYW4gdGhhdC4=,,,,,W0NvbWFuZGFudGUgRWxlbmFdCkNvbW8gasOhIGZhbGVpLCDDqSB1bWEgdW5pZGFkZSBmb3JhIGRhIG5vc3NhIGp1cmlzZGnDp8OjbyBjb211bS4gRW50w6NvIGV1IG7Do28gcG9zc28gZW50cmFyIGVtIGRldGFsaGVzLiBNYXMgbsOzcyBmYXplbW9zIHbDoXJpYXMgY29pc2FzIHF1ZSBhIFJlYmVsacOjbyBuw6NvIGZhei4KVm9jw6ogcG9kZSBpbWFnaW5hciBvIHF1ZSBxdWlzZXIsIGluY2x1aW5kbyBhc3Nhc3NpbmF0byBvdSB2aW9sw6puY2lhLiBTZXLDoSBwaW9yIGRvIHF1ZSBpc3NvLg==,,W0NvbWFuZGFudGUgRWxlbmFdCkNvbW8geWEgbGVzIGRpamUsIGVzIHVuYSB1bmlkYWQgcXVlIG9wZXJhIGZ1ZXJhIGRlIG51ZXN0cm8gcmVnbGFtZW50by4gUG9yIGVzbyBubyBwdWVkbyBkYXJsZXMgZGV0YWxsZXMuIFBlcm8gaGFjZW1vcyB2YXJpYXMgY29zYXMgcXVlIGxhIFJlYmVsacOzbiBubyBoYWNlbi4KUHVlZGVuIGltYWdpbmFyc2UgbG8gcXVlIHF1aWVyYW4sIGluY2x1c28gYXNlc2luYXRvcyBvIHZpb2xlbmNpYS4gU2Vyw6EgcGVvciBxdWUgZXNvLg==
woycBw,,W1VTVSBjb21tYW5kZXIgRWxlbmFdCkJ1dCB3ZSBzdGlsbCBoYXZlIGEgYWJzb2x1dGUgcnVsZS4gV2UgZG9uJ3QgbWVzcyB1cCB3aXRoIG90aGVyIFJlYmVsbGlvbnMuCkFsdGhvdWdoIHdlIGxldCB0aGVtIGRvIHdoYXRldmVyIHRoZXkgd2FudCBvdXRzaWRlLCB3ZSB0ZWFjaCB0aGVtIHdobydzIGhvbGRpbmcgdGhlaXIgbGVhZC4=,,,,,W0NvbWFuZGFudGUgRWxlbmFdCk1hcyB0ZW1vcyB1bWEgcmVncmEgYWJzb2x1dGEuIE7Do28gbWV4ZW1vcyBjb20gb3V0cmFzIHBlc3NvYXMgZGEgUmViZWxpw6NvLgpFbWJvcmEgb3MgZGVpeGVtb3MgZmF6ZXIgbyBxdWUgcXVpc2VyZW0gbMOhIGZvcmEsIG7Ds3MgZW5zaW5hbW9zIHF1ZW0gZXN0w6Egbm8gY29tYW5kby4=,,W0NvbWFuZGFudGUgRWxlbmFdClBlcm8gc2VndWltb3MgdGVuaWVuZG8gdW5hIHJlZ2xhIGFic29sdXRhLiBObyBub3MgbWV0ZW1vcyBjb24gb3Ryb3MgbWllbWJyb3MgZGUgbGEgUmViZWxpw7NuLgpBdW5xdWUgbG9zIGRlamFtb3MgaGFjZXIgbG8gcXVlIHF1aWVyYW4gYWZ1ZXJhLCBsZXMgZW5zZcOxYW1vcyBxdWnDqW4gbWFudGllbmUgZWwgY29udHJvbC4=
w4ycBw,,W1VTVSBjb21tYW5kZXIgRWxlbmFdCkFuZCB0aGVyZSBhcmUgbmV3IG1lbWJlcnMuLi4gXjAwMDBDREphbmEgTGV2ZWRldl4wMDAwMDAgYW5kIF4wMDAwQ0RJbHlhIExldmVkZXZeMDAwMDAwLiBUaGV5IGFyZSB0d2lucyBhbmQgc3RpbGwgeW91bmcuCkFsdGhvdWdoIHRoZXkgYXJlIHlvdW5nLCB0aGVpciBhYmlsaXR5IGlzIG91dHN0YW5kaW5nLiBUaGUgcHJvYmxlbSBpcyB0aGF0IHRoZXkgYXJlIG91dCBvZiBjb250cm9sLg==,,,,,W0NvbWFuZGFudGUgRWxlbmFdCkUgdGVtIG9zIG1lbWJyb3Mgbm92b3MuLi4gXjAwMDBDREphbmEgTGV2ZWRldl4wMDAwMDAgZSBeMDAwMENESWx5YSBMZXZlZGV2XjAwMDAwMC4gRWxlcyBzw6NvIGfDqm1lb3MgZSBhaW5kYSBqb3ZlbnMuCkVtYm9yYSBzZWphbSBqb3ZlbnMsIGFzIGhhYmlsaWRhZGVzIGRlbGVzIHPDo28gZXhjZXBjaW9uYWlzLiBPIHByb2JsZW1hIMOpIHF1ZSBlbGVzIGVzdMOjbyBkZXNjb250cm9sYWRvcy4=,,W0NvbWFuZGFudGUgRWxlbmFdClkgaGF5IG51ZXZvcyBtaWVtYnJvcy4uLiBeMDAwMENESmFuYSBMZXZlZGV2XjAwMDAwMCBlIF4wMDAwQ0RJbHlhIExlYmVkZXZeMDAwMDAwLiBTb24gZ2VtZWxvcyB5IGHDum4gc29uIGrDs3ZlbmVzLgpBdW5xdWUgc29uIGrDs3ZlbmVzLCBzdSBjYXBhY2lkYWQgZXMgZXh0cmFvcmRpbmFyaWEuIEVsIHByb2JsZW1hIGVzIHF1ZSBlc3TDoW4gZnVlcmEgZGUgY29udHJvbC4=
xIycBw,,W1VTVSBjb21tYW5kZXIgRWxlbmFdClRoZXkgc2tpcCB0aGUgdHJhaW5pbmcgYW5kIGh1cnQgYSBzcXVhZGRlciBieSBjYXVzaW5nIGFuIGFjY2lkZW50IGR1cmluZyB0cmFpbmluZy4uLiBSZWNlbnRseSwgdGhleSB0cmllZCB0byBydW4gYXdheSBmcm9tIHRoZSB1bml0IGFuZCBnb3QgY2F1Z2h0LiBTbyB0aGUgZHV0eSBtYW5hZ2VyIGFuZCBJIGhhZCBhIGhhcmQgdGltZS4=,,,,,W0NvbWFuZGFudGUgRWxlbmFdCkVsZXMgZmFsdGFtIG5vIHRyZWlubyBlIGFpbmRhIG1hY2h1Y2FyYW0gdW0gY29tcGFuaGVpcm8gYW8gY2F1c2FyIHVtIGFjaWRlbnRlIGR1cmFudGUgdW0gdHJlaW5hbWVudG8uLi4gUmVjZW50ZW1lbnRlLCBlbGVzIHRlbnRhcmFtIGZ1Z2lyIGRhIHVuaWRhZGUgZSBmb3JhbSBwZWdvcy4KRW50w6NvIG8gZ2VyZW50ZSBkZSBzZXJ2acOnbyBlIGV1IHBhc3NhbW9zIHBvciB1bSBtb21lbnRvIGNvbXBsaWNhZG8u,,W0NvbWFuZGFudGUgRWxlbmFdClNlIHNhbHRhcm9uIGVsIGVudHJlbmFtaWVudG8gZSBoaXJpZXJvbiBhIHVuIGNvbXBhw7Flcm8gYWwgcHJvdm9jYXIgdW4gYWNjaWRlbnRlIGR1cmFudGUgZWwgbWlzbW8uLi4gUmVjaWVudGVtZW50ZSwgaW50ZW50YXJvbiBlc2NhcGFyIGRlIGxhIHVuaWRhZCB5IGxvcyBhdHJhcGFyb24uIEFzw60gcXVlIGVsIGplZmUgZGUgdHVybm8geSB5byBsbyBwYXNhbW9zIG1hbC4=
xYycBw,,W1VTVSBjb21tYW5kZXIgRWxlbmFdCkFjY29yZGluZyB0byB0aGUgcmVndWxhdGlvbiwgd2UgaGF2ZSB0byBkaXNjaGFyZ2UgdGhlbS4KLi4uQnV0IHRoZXkgYXJlIHN0aWxsIHVuZGVyIGFnZS4gQWNjb3JkaW5nIHRvIHRoZSBjb21tYW5kZXIgb2YgdGhlaXIgZm9ybWVyIHVuaXQsIHRoZXkgZG9uJ3QgaGF2ZSBwYXJlbnRzLg==,,,,,W0NvbWFuZGFudGUgRWxlbmFdCkRlIGFjb3JkbyBjb20gbyByZWd1bGFtZW50bywgdGVtb3MgcXVlIGRpc3BlbnPDoS1sb3MuCi4uLk1hcyBlbGVzIGFpbmRhIHPDo28gbWVub3JlcyBkZSBpZGFkZS4gU2VndW5kbyBvIGNvbWFuZGFudGUgZGEgdW5pZGFkZSBhbnRlcmlvciBkZWxlcywgZWxlcyBuw6NvIHTDqm0gcGFpcy4=,,W0NvbWFuZGFudGUgRWxlbmFdClNlZ8O6biBlbCByZWdsYW1lbnRvLCB0ZW5lbW9zIHF1ZSBlY2hhcmxvcy4KLi4uUGVybyBzaWd1ZW4gc2llbmRvIG1lbm9yZXMgZGUgZWRhZC4gU2Vnw7puIGVsIGNvbWFuZGFudGUgZGUgc3UgYW50aWd1YSB1bmlkYWQsIG5vIHRpZW5lbiBwYWRyZXMu
xoycBw,,W1VTVSBjb21tYW5kZXIgRWxlbmFdCklmIHdlIGtpY2sgb3V0IHRoZXNlIGd1eXMsIHRoZXkgbWlnaHQgYmVjb21lIGhvb2xpZ2Fucy4gQXQgdGhlIHdvcnN0LCB0aGV5IHdpbGwgYmUgaW52b2x2ZWQgaW4gY3JpbWUuCkl0IHNvdW5kcyBmdW5ueSB0aGF0IEknbSBzYXlpbmcgdGhpcyBhcyBhIGNvbW1hbmRlciBvZiBVU1UuLi4=,,,,,W0NvbWFuZGFudGUgRWxlbmFdClNlIGV4cHVsc2FybW9zIGVzc2FzIGNyaWFuw6dhcywgZWxhcyBwb2RlbSB2aXJhciBkZWxpbnF1ZW50ZXMuIE5hIHBpb3IgZGFzIGhpcMOzdGVzZXMsIGVzdGFyw6NvIGVudm9sdmlkYXMgbmEgY3JpbWluYWxpZGFkZS4Kw4kgZW5ncmHDp2FkbyBxdWUgZXUgZXN0ZWphIGZhbGFuZG8gaXNzbyBjb21vIGNvbWFuZGFudGUgZGEgVVMuLi4=,,W0NvbWFuZGFudGUgRWxlbmFdClNpIGxvcyBleHB1bHNhbW9zLCBwb2Ryw61hbiBjb252ZXJ0aXJzZSBlbiB2w6FuZGFsb3MuIEVuIGVsIHBlb3IgZGUgbG9zIGNhc29zLCBlc3RhcsOhbiBpbnZvbHVjcmFkb3MgZW4gZGVsaXRvcy4KU3VlbmEgZ3JhY2lvc28gcXVlIGRpZ2EgZXN0byBjb21vIGNvbWFuZGFudGUgZGUgbGEgVVMuLi4=
x4ycBw,,W1VTVSBjb21tYW5kZXIgRWxlbmFdCkF0IGxlYXN0IEkgZG9uJ3Qgd2FudCB0byBzZWUga2lkcyBkaXNncmFjaW5nIHRoZW1zZWx2ZXMuCkJ1dCBieSBsb29raW5nIGF0IHdoYXQgdGhleSBhcmUgZG9pbmcsIHRoZXkgd2lsbCBsaXZlIGFzIGFuaW1hbHMgd2l0aCBsZWFkIGluIFVTVSBhdCBiZXN0Lg==,,,,,W0NvbWFuZGFudGUgRWxlbmFdCkV1IG7Do28gcXVlcm8gdmVyIGNyaWFuw6dhcyBjYWluZG8gZW0gZGVzZ3Jhw6dhLgpNYXMgdmVuZG8gbyBxdWUgZXN0w6NvIGZhemVuZG8sIGVsZXMgdml2ZXLDo28gY29tbyBhbmltYWlzIGVuY29sZWlyYWRvcyBuYSBVUywgbmEgbWVsaG9yIGRhcyBoaXDDs3Rlc2VzLg==,,W0NvbWFuZGFudGUgRWxlbmFdCkFsIG1lbm9zIHlvIG5vIHF1aWVybyB2ZXIgYSBuacOxb3MgYXJydWluYW5kbyBzdXMgdmlkYXMuClBlcm8gdmllbmRvIGxvIHF1ZSBlc3TDoW4gaGFjaWVuZG8sIGVuIGVsIG1lam9yIGRlIGxvcyBjYXNvcyB2aXZpcsOhbiBjb21vIGFuaW1hbGVzIGF0YWRvcyBkZSBsYSBVUy4=
yIycBw,,W1VTVSBjb21tYW5kZXIgRWxlbmFdCi4uLk1heWJlIHRoZXkgYXJlIGFscmVhZHkgcmVnYXJkaW5nIG1lIGFzIGFuIGVuZW15LiBTbyB0aGV5IHdvbid0IGxpc3RlbiB0byBtZS4KSSBrbm93IGhvdyB0byBtYWtlIHRoZW0gbGlzdGVuIHRvIG1lLiBCdXQgaXQgd2lsbCBvbmx5IG1ha2UgdGhlIHNpdHVhdGlvbiB3b3JzZS4=,,,,,W0NvbWFuZGFudGUgRWxlbmFdCi4uLlRhbHZleiBlbGVzIGrDoSBtZSBjb25zaWRlcmVtIHVtYSBpbmltaWdhLiBFbnTDo28gZWxlcyBuw6NvIHbDo28gbWUgb3V2aXIuCkV1IGF0w6kgc2VpIGNvbW8gZmF6ZXIgZWxlcyBtZSBvdXZpcmVtLCBtYXMgaXNzbyBzw7MgdmFpIHBpb3JhciBhIHNpdHVhw6fDo28u,,W0NvbWFuZGFudGUgRWxlbmFdCi4uLlF1aXrDoSB5YSBtZSBjb25zaWRlcmVuIHVuYSBlbmVtaWdhLiBBc8OtIHF1ZSBubyBtZSBlc2N1Y2hhcsOhbi4KU8OpIGPDs21vIGhhY2VyIHF1ZSBtZSBlc2N1Y2hlbi4gUGVybyBzb2xvIGVtcGVvcmFyw6EgbGEgc2l0dWFjacOzbi4=
yYycBw,,W1VTVSBjb21tYW5kZXIgRWxlbmFdClNvIEkgcmVxdWVzdCB5b3UgdG8gY2hlY2sgdGhlaXIgcHJvYmxlbSBhbmQgc29sdmUgaXQsIGFkdmVudHVyZXIuCklmIHRoZXkgZG9uJ3Qgc2F5IGFueXRoaW5nLCBhc2sgb3RoZXIgZmVsbG93cyBhcm91bmQgdGhlbS4=,,,,,W0NvbWFuZGFudGUgRWxlbmFdCkVudMOjbyBldSBwZcOnbyBxdWUgdm9jw6ogZGVzY3VicmEgZSByZXNvbHZhIG8gcHJvYmxlbWEgZGVsZXMsIGF2ZW50dXJlaXJvLgpTZSBlbGVzIG7Do28gZmFsYXJlbSBuYWRhLCBwZXJndW50ZSBhb3Mgb3V0cm9zIGFvIHJlZG9yIGRlbGVzLg==,,W0NvbWFuZGFudGUgRWxlbmFdCkFzw60gcXVlIHRlIHBpZG8gcXVlIGFuYWxpY2VzIHN1IHByb2JsZW1hIHkgbG8gcmVzdWVsdmFzLCB0cm90YW11bmRvcy4KU2kgbm8gZGljZW4gbmFkYSwgcHJlZ3VudGEgYSBvdHJvcyBjb21wYcOxZXJvcyBkZSBzdSBlbnRvcm5vLg==
yoycBw,,W1VTVSBjb21tYW5kZXIgRWxlbmFdCldvdWxkIHlvdSBoZWxwIG1lPw==,,,,,W0NvbWFuZGFudGUgRWxlbmFdClBvZGUgbWUgYWp1ZGFyPw==,,W0NvbWFuZGFudGUgRWxlbmFdCsK/TWUgYXl1ZGFyw61hcz8=
y4ycBw,,SSB3aWxsIGhlbHAu,,,,,SXJlaSBhanVkYXIu,,QXl1ZGFyw6ku
zIycBw,,Tm8u,,,,,TsOjby4=,,Tm8u
zYycBw,,W1VTVSBjb21tYW5kZXIgRWxlbmFdClRoYW5rcy4KXjAwMDBDRFlhbmEgYW5kIElseWEgdHdpbnNeMDAwMDAwIGFyZSBpbiB0aGUgbG9iYnkuClRoZXkgaGF2ZSBicmlnaHQgc2lsdmVyIGhhaXJzIGFuZCB0aGV5J3JlIGFsd2F5cyB0b2dldGhlci4gWW91J2xsIGZpbmQgdGhlbSBlYXNpbHku,,,,,W0NvbWFuZGFudGUgRWxlbmFdCk9icmlnYWRhLgpeMDAwMENET3MgZ8OqbWVvcyBKYW5hIGUgSWx5YV4wMDAwMDAgZXN0w6NvIG5vIHNhZ3XDo28uCkVsZXMgdMOqbSBjYWJlbG9zIHByYXRlYWRvcyBicmlsaGFudGVzIGUgZXN0w6NvIHNlbXByZSBqdW50b3MuIFNlcsOhIGbDoWNpbCBlbmNvbnRyw6EtbG9zLg==,,W0NvbWFuZGFudGUgRWxlbmFdCkdyYWNpYXMuCl4wMDAwQ0RMb3MgbWVsbGl6b3MgSmFuYSBlIElseWFeMDAwMDAwIGVzdMOhbiBlbiBsYSBzYWxhLgpUaWVuZW4gY2FiZWxsb3MgcGxhdGVhZG9zIGJyaWxsYW50ZXMgeSBzaWVtcHJlIGVzdMOhbiBqdW50b3MuIExvcyBlbmNvbnRyYXLDoXMgZsOhY2lsbWVudGUu
zoycBw,,W1VTVSBjb21tYW5kZXIgRWxlbmFdCkluIGNhc2UgeW91IGRvbid0IGdldCBhbnkgb3V0Y29tZSBhZnRlciB0YWxraW5nIHRvIHRoZW0sIHRhbGsgdG8gb3RoZXIgZmVsbG93cy4KVGhlIG1lc3MgcGVyc29ubmVsLi4uIGFuZCBhbm90aGVyIGZlbGxvdyBpbiB0aGUgb3V0c2lkZSBzdG9yZSBzZWVtcyB0byB3YW50IHRvIHNheSBzb21ldGhpbmcu,,,,,W0NvbWFuZGFudGUgRWxlbmFdCkNhc28gdm9jw6ogbsOjbyBjb25zaWdhIG5hZGEgZGVwb2lzIGRlIGZhbGFyIGNvbSBlbGVzLCBmYWxlIGNvbSBvdXRyYXMgcGVzc29hcy4KTyBwZXNzb2FsIGRvIHJlZmVpdMOzcmlvLi4uIEUgdW0gb3V0cm8gY2FyYSBkbyBsYWRvIGRlIGZvcmEgcGFyZWNlbSBxdWVyZXIgZmFsYXIgYWxndW1hIGNvaXNhLg==,,W0NvbWFuZGFudGUgRWxlbmFdCkhhYmxhIGNvbiBvdHJvcyBjb21wYcOxZXJvcyBzaSBubyBvYnRpZW5lcyByZXN1bHRhZG9zIGRlc3B1w6lzIGRlIGhhYmxhciBjb24gZWxsb3MuCkVsIHBlcnNvbmFsIGRlbCBjb21lZG9yLi4uIHkgb3RybyB0aXBvIGVuIGxhIHRpZW5kYSBleHRlcmlvciBwYXJlY2UgcXVlIHF1aWVyZW4gZGVjaXIgYWxnby4=
z4ycBw,,RWxlbmEgQm9sa292YTogQXJlIHRoZXkgaXQgTWFzb24gYW5kIE1pbG8gaW4gQ2xhbmEgTmVtaWVyaS4uLj8=,,,,,RWxlbmEgQm9sa292YTogRWxlcyBlc3TDo28gY29tIE1hc29uIGUgTWlsbyBlbSBDbGFuYSBOZW1pZXJpPw==,,RWxlbmEgQm9sa292YTogwr9Fc3TDoW4gY29uIE1hc29uIHkgTWlsbyBlbiBDbGFuYSBOZW1pZXJpPw==
0IycBw,,W1VTVSBjb21tYW5kZXIgRWxlbmFdCkkgZG9uJ3Qgd2FudCB0byBkZW1hbmQgeW91IHRvIGRvIHRoaXMuCkl0J3MgYSBwcm9ibGVtIGluc2lkZSBvdXIgdW5pdC4gU28gd2UnZCBiZXR0ZXIgaGFuZGxlIG91cnNlbHZlcy4=,,,,,W0NvbWFuZGFudGUgRWxlbmFdCkV1IG7Do28gcXVlcm8gZXhpZ2lyIHF1ZSB2b2PDqiBmYcOnYSBpc3NvLgrDiSB1bSBwcm9ibGVtYSBkZW50cm8gZGEgbm9zc2EgdW5pZGFkZS4gRW50w6NvIMOpIG1lbGhvciBuw7NzIG1lc21vcyByZXNvbHZlcm1vcy4=,,W0NvbWFuZGFudGUgRWxlbmFdCk5vIHF1aWVybyBleGlnaXJ0ZSBxdWUgaGFnYXMgZXN0by4KRXMgdW4gcHJvYmxlbWEgZGVudHJvIGRlIG51ZXN0cmEgdW5pZGFkLiBBc8OtIHF1ZSBzZXLDoSBtZWpvciBxdWUgbm9zIGVuY2FyZ3VlbW9zIG5vc290cm9zLg==
0YycBw,,W1VTVSBjb21tYW5kZXIgRWxlbmFdCkZvcmdldCB3aGF0IEkgdG9sZCB5b3Uu,,,,,W0NvbWFuZGFudGUgRWxlbmFdCkVzcXVlw6dhIG8gcXVlIGV1IGRpc3NlLg==,,W0NvbWFuZGFudGUgRWxlbmFdCk9sdmlkYSBsbyBxdWUgdGUgZGlqZS4=
0oycBw,,W1VTVSBjb21tYW5kZXIgRWxlbmFdClNvLCB5b3UgdGFsa2VkIHRvIHRoZW0/CkhtbSwgbm90IHlldC4uLg==,,,,,W0NvbWFuZGFudGUgRWxlbmFdCkUgZW50w6NvLCBmYWxvdSBjb20gZWxlcz8KSHVtbSwgYWluZGEgbsOjby4uLg==,,W0NvbWFuZGFudGUgRWxlbmFdCkVudG9uY2VzLCDCv2hhYmxhc3RlIGNvbiBlbGxvcz8KTW1tLCB0b2RhdsOtYSBuby4uLg==
04ycBw,,W1VTVSBjb21tYW5kZXIgRWxlbmFdCllvdSBhcmUgdGhlIG9ubHkgb25lIEkgY2FuIHRydXN0IG5vdy4KSSdsbCBjb3VudCBvbiB5b3UsIGFkdmVudHVyZXIu,,,,,W0NvbWFuZGFudGUgRWxlbmFdClZvY8OqIMOpIGEgw7puaWNhIHBlc3NvYSBlbSBxdWVtIHBvc3NvIGNvbmZpYXIgYWdvcmEuCkNvbnRvIGNvbSB2b2PDqiwgdmlhamFudGUu,,W0NvbWFuZGFudGUgRWxlbmFdCkVyZXMgZWwgw7puaWNvIGVuIHF1aWVuIHB1ZWRvIGNvbmZpYXIgYWhvcmEuCkN1ZW50byBjb250aWdvLCB0cm90YW11bmRvcy4=
1IycBw,,W1VTVSBjb21tYW5kZXIgRWxlbmFdCkRpZCB5b3UgdGFsayB0byB0aGVtPw==,,,,,W0NvbWFuZGFudGUgRWxlbmFdClZvY8OqIGZhbG91IGNvbSBlbGVzPw==,,W0NvbWFuZGFudGUgRWxlbmFdCsK/SGFibGFzdGUgY29uIGVsbG9zPw==
1YycBw,,W1VTVSBjb21tYW5kZXIgRWxlbmFdCklmIHlvdSBjYW5ub3QganVkZ2UgaXQgZWFzaWx5LCB5b3UgY2FuIHRhbGsgdG8gXjAwMDBDRG90aGVyIGZlbGxvd3MgYXJvdW5kIHRoZW1eMDAwMDAwLg==,,,,,W0NvbWFuZGFudGUgRWxlbmFdClNlIHZvY8OqIG7Do28gcHVkZXIgYXZhbGlhciBmYWNpbG1lbnRlLCB2b2PDqiBwb2RlIGNvbnZlcnNhciBeMDAwMENEY29tIGFzIG91dHJhcyBwZXNzb2FzIGFvIHJlZG9yXjAwMDAwMC4=,,W0NvbWFuZGFudGUgRWxlbmFdClNpIG5vIHB1ZWRlcyBqdXpnYXJsb3MgZsOhY2lsbWVudGUsIHB1ZWRlcyBoYWJsYXIgY29uIF4wMDAwQ0RvdHJvcyBjb21wYcOxZXJvcyBhIHN1IGFscmVkZWRvcl4wMDAwMDAu
1oycBw,,RWxlbmEgQm9sa292YTogU2VlbXMgbGlrZSBNaWxvIGFuZCBNYXNvbiBoYXZlIG1hbnkgdGhpbmdzIHRvIHNheS4=,,,,,RWxlbmEgQm9sa292YTogUGFyZWNlIHF1ZSBNaWxvIGUgTWFzb24gdMOqbSBtdWl0byBhIGRpemVyLg==,,RWxlbmEgQm9sa292YTogUGFyZWNlIHF1ZSBNaWxvIHkgTWFzb24gdGllbmVuIG11Y2hvIHF1ZSBkZWNpci4=
14ycBw,,W1VTVSBjb21tYW5kZXIgRWxlbmFdClNvLCBob3cgaXMgaXQgZ29pbmc/,,,,,W0NvbWFuZGFudGUgRWxlbmFdCkUgZW50w6NvIGNvbW8gZXN0w6EgaW5kbz8=,,W0NvbWFuZGFudGUgRWxlbmFdCsK/Q8OzbW8gdmEgdG9kbz8=
2IycBw,,W1VTVSBjb21tYW5kZXIgRWxlbmFdCkhtbS4uLiBOb3QgYXQgYWxsPwpJIHRob3VnaCB0aGV5IG1pZ2h0IG9wZW4gdGhlaXIgbWluZCB0byBhIHN0cmFuZ2VyLiBCdXQgSSB3YXMgd3Jvbmcu,,,,,W0NvbWFuZGFudGUgRWxlbmFdCkh1bW0uLi4gTsOjbyBjb25zZWd1aXUgbmFkYT8KRXUgYWNoZWkgcXVlIGVsZXMgcG9kZXJpYW0gc2UgYWJyaXIgcGFyYSB1bSBlc3RyYW5oby4gTWFzIGVzdGF2YSBlbmdhbmFkYS4=,,W0NvbWFuZGFudGUgRWxlbmFdCk1tbS4uLiDCv05hZGE/ClBlbnPDqSBxdWUgYWJyaXLDrWFuIHN1IG1lbnRlIGNvbiB1biBleHRyYcOxby4gUGVybyBtZSBlcXVpdm9xdcOpLg==
2YycBw,,W1VTVSBjb21tYW5kZXIgRWxlbmFdCi4uLlRoZXJlJ3Mgc29tZW9uZSB5b3Ugc2hvdWxkIHRhbGsgdG8gbGFzdGx5LgpJIGRpZG4ndCB3YW50IHRvIGRvIHRoaXMu,,,,,W0NvbWFuZGFudGUgRWxlbmFdCi4uLkjDoSBhbGd1w6ltIGNvbSBxdWVtIHZvY8OqIGRldmUgZmFsYXIgYWluZGEuCkV1IG7Do28gcXVlcmlhIGZhemVyIGlzc28u,,W0NvbWFuZGFudGUgRWxlbmFdCi4uLkhheSBhbGd1aWVuIGNvbiBxdWllbiBkZWJlcsOtYXMgaGFibGFyIHBvciDDumx0aW1vLgpZbyBubyBxdWVyw61hIGhhY2VyIGVzdG8u
2oycBw,,RWxlbmEgQm9sa292YTogSSB3YW50ZWQgdG8gc29sdmUgdGhpcyBwcm9ibGVtIG15c2VsZiBpZiBwb3NzaWJsZS4=,,,,,RWxlbmEgQm9sa292YTogRXUgcXVlcmlhIHJlc29sdmVyIGVzc2UgcHJvYmxlbWEgc296aW5oYSwgc2UgcG9zc8OtdmVsLg==,,RWxlbmEgQm9sa292YTogUXVlcsOtYSByZXNvbHZlciBlc3RlIHByb2JsZW1hIHlvIG1pc21hIHNpIGVyYSBwb3NpYmxlLg==
24ycBw,,W1VTVSBjb21tYW5kZXIgRWxlbmFdCkdvIGRvd25zdGFpcnMgYW5kIGZpbmQgXjAwMDBDREVyaWNzc29uIEFkbGVyLCBjb21tYW5kZXIgb2YgYSBkZXRhY2hlZCBmb3JjZV4wMDAwMDAuIEhlIG11c3QgYmUgbmVhcmJ5IHRoZSBmaXJlcGxhY2UuCkhlJ3MgbWlkZGxlLWFnZWQgbWFuLi4uIGFuZCBhIGZvcm1lciBib3NzIG9mIHRoZSB0d2lucy4=,,,,,W0NvbWFuZGFudGUgRWxlbmFdCkRlc8OnYSBlIGVuY29udHJlIF4wMDAwQ0RFcmljc3NvbiBBZGxlcl4wMDAwMDAsIGNvbWFuZGFudGUgZGUgdW1hIGZvcsOnYSBkZXN0YWNhZGEuIEVsZSBkZXZlIGVzdGFyIHBlcnRvIGRhIGxhcmVpcmEuCkVsZSDDqSB1bSBob21lbSBkZSBtZWlhLWlkYWRlLi4uIEUgdW0gYW50aWdvIGNoZWZlIGRvcyBnw6ptZW9zLg==,,W0NvbWFuZGFudGUgRWxlbmFdCkJhamEgeSBidXNjYSBhIF4wMDAwQ0RFcmljc3NvbiBBZGxlciwgY29tYW5kYW50ZSBkZSB1bmEgZnVlcnphIGRlc3RhY2FkYV4wMDAwMDAuIERlYmUgZXN0YXIgY2VyY2EgZGUgbGEgY2hpbWVuZWEuCkVzIHVuIGhvbWJyZSBkZSBtZWRpYW5hIGVkYWQuLi4geSBhbnRpZ3VvIGplZmUgZGUgbG9zIGdlbWVsb3Mu
3IycBw,,W1VTVSBjb21tYW5kZXIgRWxlbmFdClNpbmNlIHRoZSBndXlzIGhhdmUgYmVlbiBhc3NpZ25lZCB0byBteSB1bml0LCBJIHdhbnRlZCB0byB0YWtlIGNhcmUgb2YgdGhlbSBoZXJlLiBCdXQgdGhleSdyZSBub3QgaGVscGluZyB1cy4KSWYgSSBhc2sgQWRsZXIgYWJvdXQgdGhlIGd1eXMsIGl0IHdvbid0IGxvb2sgc28gZ29vZC4gVGhhdCdzIHdoeSBJIGFtIHJlcXVlc3RpbmcgeW91LiBQbGVhc2Uu,,,,,W0NvbWFuZGFudGUgRWxlbmFdCkNvbW8gZWxlcyBmb3JhbSBkZXNpZ25hZG9zIHBhcmEgYSBtaW5oYSB1bmlkYWRlLCBldSBxdWVyaWEgY3VpZGFyIGRlbGVzIGFxdWkuIE1hcyBlbGVzIG7Do28gZXN0w6NvIGNvb3BlcmFuZG8uCk7Do28gdm91IGNhdXNhciBib2EgaW1wcmVzc8OjbyBzZSBldSBwZXJndW50YXIgYW8gQWRsZXIgc29icmUgZWxlcy4gw4kgcG9yIGlzc28gcXVlIGVzdG91IHRlIHBlZGluZG8uIFBvciBmYXZvci4=,,W0NvbWFuZGFudGUgRWxlbmFdCkNvbW8gYXNpZ25hcm9uIGEgbG9zIG1lbGxpem9zIGEgbWkgdW5pZGFkLCBxdWVyw61hIG9jdXBhcm1lIGRlIGVsbG9zIGFxdcOtLiBQZXJvIG5vIG5vcyBlc3TDoW4gYXl1ZGFuZG8uClNpIGxlIHByZWd1bnRvIGEgQWRsZXIgc29icmUgbG9zIGNoaWNvcywgbm8gc2UgdmVyw6EgdGFuIGJpZW4uIFBvciBlc28sIHRlIGxvIHBpZG8uIFBvciBmYXZvci4=
3YycBw,,W1VTVSBjb21tYW5kZXIgRWxlbmFdCl4wMDAwQ0RFcmljc3NvbiBBZGxlciwgY29tbWFuZGVyIG9mIGEgZGV0YWNoZWQgZm9yY2VeMDAwMDAwIG11c3QgYmUgbmVhcmJ5IHRoZSBmaXJlcGxhY2Uu,,,,,W0NvbWFuZGFudGUgRWxlbmFdCl4wMDAwQ0RFcmljc3NvbiBBZGxlcl4wMDAwMDAsIGNvbWFuZGFudGUgZGUgdW1hIGZvcsOnYSBkZXN0YWNhZGEsIGRldmUgZXN0YXIgcGVydG8gZGEgbGFyZWlyYS4=,,W0NvbWFuZGFudGUgRWxlbmFdCl4wMDAwQ0RFcmljc3NvbiBBZGxlciwgY29tYW5kYW50ZSBkZSBsYSBmdWVyemEgaW5kZXBlbmRpZW50ZSxeMDAwMDAwIGRlYmUgZXN0YXIgY2VyY2EgZGUgbGEgY2hpbWVuZWEu
3oycBw,,W1VTVSBjb21tYW5kZXIgRWxlbmFdCkhlJ3MgYSBmb3JtZXIgYm9zcyBvZiB0aGUgdHdpbnMu,,,,,W0NvbWFuZGFudGUgRWxlbmFdCkVsZSDDqSB1bSBhbnRpZ28gY2hlZmUgZG9zIGfDqm1lb3Mu,,W0NvbWFuZGFudGUgRWxlbmFdCkVzIGVsIGFudGlndW8gamVmZSBkZSBsb3MgZ2VtZWxvcy4=
34ycBw,,RWxlbmEgQm9sa292YTogSSBkaWRuJ3Qgd2FudCB0byBkbyB0aGlzLg==,,,,,RWxlbmEgQm9sa292YTogRXUgbsOjbyBxdWVyaWEgZmF6ZXIgaXNzby4=,,RWxlbmEgQm9sa292YTogWW8gbm8gcXVlcsOtYSBoYWNlciBlc3RvLg==
4IycBw,,W1VTVSBjb21tYW5kZXIgRWxlbmFdCkhvdydzIGl0IGdvaW5nIG9uIG5vdz8=,,,,,W0NvbWFuZGFudGUgRWxlbmFdCkNvbW8gZXN0w6EgaW5kbyBhZ29yYT8=,,W0NvbWFuZGFudGUgRWxlbmFdCsK/Q8OzbW8gdmEgYWhvcmE/
4YycBw,,WW91IHRvbGQgRWxlbmEgQm9sa292YSB3aGF0IExldmVkZXYgdHdpbnMgdG9sZCB5b3Uu,,,,,Vm9jw6ogY29udG91IGEgRWxlbmEgQm9sa292YSBvIHF1ZSBvcyBnw6ptZW9zIExldmVkZXYgdGUgZGlzc2VyYW0u,,TGUgY29udGFzdGUgYSBFbGVuYSBCb2xrb3ZhIGxvIHF1ZSB0ZSBkaWplcm9uIGxvcyBnZW1lbG9zIExlYmVkZXYu
4oycBw,,W1VTVSBjb21tYW5kZXIgRWxlbmFdClNvLi4uIFRoYXQgd2FzIHRoZSByZWFzb24uCkkgaGFkIGFscmVhZHkgaGVhcmQgYWJvdXQgdGhhdCBhY2NpZGVudC4=,,,,,W0NvbWFuZGFudGUgRWxlbmFdCkVudMOjby4uLiBFc3NhIMOpIGEgcmF6w6NvLi4KSsOhIHRpbmhhIG91dmlkbyBmYWxhciBkZXNzZSBhY2lkZW50ZS4=,,W0NvbWFuZGFudGUgRWxlbmFdCkFzw60gcXVlLi4uIEVzZSBlcmEgZWwgbW90aXZvLgpZYSBoYWLDrWEgb8OtZG8gaGFibGFyIGRlIGVzZSBhY2NpZGVudGUu
44ycBw,,W1VTVSBjb21tYW5kZXIgRWxlbmFdCkJ1dCBJIGhhZCBubyBpZGVhIHRoZXkgd2VyZSBmZWVsaW5nIHN1Y2ggYSBidXJkZW4uClNpbmNlIHRoZXkgd2VyZSBvdXQgb2YgY29udHJvbC4uLiB0aGVyZSB3YXMgbm8gd2F5IGZvciBtZSB0byByZWNvZ25pemUgaXQu,,,,,W0NvbWFuZGFudGUgRWxlbmFdCk1hcyBldSBuw6NvIGZhemlhIGlkZWlhIGRlIHF1ZSBlbGVzIGVzdGF2YW0gY2FycmVnYW5kbyB1bSBmYXJkbyB0w6NvIGdyYW5kZS4KQ29tbyBlbGVzIGVzdGF2YW0gZGVzY29udHJvbGFkb3MuLi4gTsOjbyBoYXZpYSBjb21vIGV1IHBlcmNlYmVyLg==,,W0NvbWFuZGFudGUgRWxlbmFdClBlcm8gbm8gdGVuw61hIG5pIGlkZWEgZGUgcXVlIHNlbnTDrWFuIGVzYSBjYXJnYS4KQ29tbyBlc3RhYmFuIGZ1ZXJhIGRlIGNvbnRyb2wuLi4gbm8gaGFiw61hIGZvcm1hIGRlIHF1ZSBtZSBkaWVyYSBjdWVudGEu
5IycBw,,W1VTVSBjb21tYW5kZXIgRWxlbmFdCldlbGwsIHRoZXkncmUgc3RpbGwga2lkcyBhZnRlciBhbGwuIFNpbmNlIHRoZXkgaGF2ZSBncmVhdCBhYmlsaXR5LCBNZSBhbmQgb3RoZXIgc3F1YWRkZXJzIHRyZWF0ZWQgdGhlbSBhcyBhZHVsdHMuCldlIHNob3VsZCBub3QgaGF2ZSBkb25lIGl0Li4u,,,,,W0NvbWFuZGFudGUgRWxlbmFdCkVsZXMgYWluZGEgc8OjbyBjcmlhbsOnYXMsIGFmaW5hbC4gQ29tbyBlbGVzIHTDqm0gZ3JhbmRlcyBoYWJpbGlkYWRlcywgZXUgZSBvcyBvdXRyb3MgbWVtYnJvcyBvcyB0cmF0YW1vcyBjb21vIGFkdWx0b3MuCk7Do28gZGV2w61hbW9zIHRlciBmZWl0byBpc3NvLi4u,,W0NvbWFuZGFudGUgRWxlbmFdCkJ1ZW5vLCBhbCBmaW4geSBhbCBjYWJvLCBzaWd1ZW4gc2llbmRvIG5pw7Fvcy4gQ29tbyB0aWVuZW4gdW5hIGdyYW4gaGFiaWxpZGFkLCBvdHJvcyBtaWVtYnJvcyBkZWwgZXNjdWFkcsOzbiB5IHlvIGxvcyB0cmF0YW1vcyBjb21vIGFkdWx0b3MuCk5vIGRlYmVyw61hbW9zIGhhYmVybG8gaGVjaG8uLi4=
5YycBw,,W1VTVSBjb21tYW5kZXIgRWxlbmFdCkFuZCBJIHNob3VsZCBoYXZlIHRhbGtlZCB0byBBZGxlciBiZWZvcmVoYW5kLgpUaGFua3MsezB9LiBZb3UgaGVscGVkIG1lIHNvIG11Y2gu,,,,,W0NvbWFuZGFudGUgRWxlbmFdCkUgZXUgZGV2ZXJpYSB0ZXIgY29udmVyc2FkbyBjb20gbyBBZGxlciBhbnRlcy4KT2JyaWdhZGEsIHswfS4gVm9jw6ogbWUgYWp1ZG91IG11aXRvLg==,,W0NvbWFuZGFudGUgRWxlbmFdClkgZGViZXLDrWEgaGFiZXIgaGFibGFkbyBjb24gQWRsZXIgZGUgYW50ZW1hbm8uCkdyYWNpYXMsIHswfS4gTWUgYXl1ZGFzdGUgbXVjaG8u
5oycBw,,W1VTVSBjb21tYW5kZXIgRWxlbmFdCkkgZ3Vlc3MgSSBoYXZlIHRvIHRlbGwgdGhlbSBzb21ldGhpbmcgYW55d2F5LgpXaWxsIHlvdSBoZWxwIG1lIG9uY2UgYWdhaW4/IFRlbGwgdGhlbSB0aGF0IEknbSBsb29raW5nIGZvciB0aGVtLiBBbmQgeW91IGNvbWUgd2l0aCB0aGVtIHBsZWFzZS4=,,,,,W0NvbWFuZGFudGUgRWxlbmFdCkFjaG8gcXVlIHRlbmhvIHF1ZSBkaXplciBhbGdvIGEgZWxlcywgZGUgcXVhbHF1ZXIgbWFuZWlyYS4KUG9kZSBtZSBhanVkYXIgZGUgbm92bz8gQXZpc2Utb3MgcXVlIGVzdG91IMOgIHByb2N1cmEgZGVsZXMuIEUgdmVuaGEgY29tIGVsZXMsIHBvciBmYXZvci4=,,W0NvbWFuZGFudGUgRWxlbmFdClN1cG9uZ28gcXVlIHRlbmdvIHF1ZSBkZWNpcmxlcyBhbGdvIGRlIHRvZG9zIG1vZG9zLgrCv01lIHB1ZWRlcyBheXVkYXIgdW5hIHZleiBtw6FzPyBEaWxlcyBxdWUgbG9zIGVzdG95IGJ1c2NhbmRvLiBZIHTDuiB2ZSBjb24gZWxsb3MsIHBvciBmYXZvci4=
54ycBw,,W1VTVSBjb21tYW5kZXIgRWxlbmFdClRoZSB0d2lucyB3aWxsIGJlIG5lYXJieSB0aGUgcGxhY2Ugd2hlcmUgdGhleSd2ZSBhbHdheXMgYmVlbi4KVGVsbCB0aGVtIGFib3V0IG1lIGFuZCBjb21lIGJhY2sgd2l0aCB0aGVtLg==,,,,,W0NvbWFuZGFudGUgRWxlbmFdCk9zIGfDqm1lb3MgZXN0YXLDo28gcGVydG8gZG8gbHVnYXIgZGUgc2VtcHJlLgpDb250ZSBhIGVsZXMgc29icmUgbWltIGUgb3MgYWNvbXBhbmhlIGRlIHZvbHRhLg==,,W0NvbWFuZGFudGUgRWxlbmFdCkxvcyBnZW1lbG9zIGVzdGFyw6FuIGNlcmNhIGRlbCBsdWdhciBkb25kZSBzaWVtcHJlIGhhbiBlc3RhZG8uCkjDoWJsYWxlcyBkZSBtw60geSB0csOhZWxvcy4=
6IycBw,,W1VTVSBjb21tYW5kZXIgRWxlbmFdClNvIHlvdSdyZSBhbGwgaGVyZT8gSSd2ZSBoZWFyZCB0aGUgd2hvbGUgc3Rvcnku,,,,,W0NvbWFuZGFudGUgRWxlbmFdCkVudMOjbyBlc3TDo28gdG9kb3MgYXF1aT8gT3V2aSB0b2RhIGEgaGlzdMOzcmlhLg==,,W0NvbWFuZGFudGUgRWxlbmFdCsK/QXPDrSBxdWUgZXN0w6FuIHRvZG9zIGFxdcOtPyBIZSBvw61kbyB0b2RhIGxhIGhpc3RvcmlhLg==
6YycBw,,W0lseWEgTGV2ZWRldl0KWWVzLg==,,,,,W0lseWEgTGV2ZWRldl0KU2ltLg==,,W0lseWEgTGViZWRldl0KU8OtLg==
6oycBw,,W0phbmEgTGV2ZWRldl0KLi4uLi4uWWVzLi4u,,,,,W0phbmEgTGV2ZWRldl0KLi4uLi5TaW0uLi4u,,W0phbmEgTGV2ZWRldl0KLi4uU8OtLi4u
64ycBw,,W1VTVSBjb21tYW5kZXIgRWxlbmFdCkphbmEgTGV2ZWRldiBhbmQgSWx5YSBMZXZlZGV2ISBBdHRlbnRpb24h,,,,,W0NvbWFuZGFudGUgRWxlbmFdCkphbmEgTGV2ZWRldiBlIElseWEgTGV2ZWRldiEgQXRlbsOnw6NvIQ==,,W0NvbWFuZGFudGUgRWxlbmFdCsKhSmFuYSBMZXZlZGV2IGUgSWx5YSBMZWJlZGV2ISDCoUF0ZW5jacOzbiE=
7IycBw,,SmFuYSBMZXZlZGV2OiBZZXMh,,,,,SmFuYSBMZXZlZGV2OiBTaW0h,,SmFuYSBMZXZlZGV2OiDCoVPDrSE=
7YycBw,,SWx5YSBMZXZlZGV2OiBZZXMhIFllcCE=,,,,,SWx5YSBMZXZlZGV2OiBTaW0hIFNpbSE=,,SWx5YSBMZWJlZGV2OiDCoVPDrSEgwqFTw60h
7oycBw,,W1VTVSBjb21tYW5kZXIgRWxlbmFdCkFyZSB5b3UgaW5zYW5lPyBZb3UgcmFuIGF3YXkgZnJvbSB0aGUgdW5pdCBmb3IgYSBwcml2YXRlIHJlYXNvbi4gQW5kIHlvdSBodXJ0IHlvdXIgY29tcGFuaW9uIQ==,,,,,W0NvbWFuZGFudGUgRWxlbmFdClZvY8OqcyBlc3TDo28gbG91Y29zPyBWb2PDqnMgZnVnaXJhbSBkYSB1bmlkYWRlIHBvciBtb3Rpdm9zIHBlc3NvYWlzLiBFIG1hY2h1Y2FyYW0gc2V1IGNvbXBhbmhlaXJvIQ==,,W0NvbWFuZGFudGUgRWxlbmFdCsK/QWNhc28gcGVyZGllcm9uIGxhIGNhYmV6YT8gSHV5ZXJvbiBkZSBsYSB1bmlkYWQgcG9yIHVuIG1vdGl2byBwZXJzb25hbC4gwqFZIGxhc3RpbWFyb24gYSBzdXMgY29tcGHDsWVyb3Mh
74ycBw,,W1VTVSBjb21tYW5kZXIgRWxlbmFdClRoaXMgbWF5IGxvb2sgbGlrZSBhIG1lcmNlbmFyeSBncm91cCBsaWtlIGEgcGllY2Ugb2YgZ2FyYmFnZS4gQnV0IHdlIGRlYWwgd2l0aCBwZW9wbGUncyBsaWZlLiBXZSBoYXZlIGRpc2NpcGxpbmVzIHRoYXQgeW91IG11c3QgYWJpZGUgYnku,,,,,W0NvbWFuZGFudGUgRWxlbmFdCklzdG8gYXF1aSBwb2RlIHBhcmVjZXIgdW0gZ3J1cG8gZGUgbWVyY2Vuw6FyaW9zIHF1YWxxdWVyLiBNYXMgbsOzcyBsaWRhbW9zIGNvbSBhIHZpZGEgZGFzIHBlc3NvYXMuIFRlbW9zIHJlZ3JhcyBxdWUgdm9jw6pzIGRldmVtIHJlc3BlaXRhci4=,,W0NvbWFuZGFudGUgRWxlbmFdCkVzdG8gcHVlZGUgcGFyZWNlciB1biBncnVwbyBtZXJjZW5hcmlvLCB1bmEgYmFzdXJhLiBQZXJvIG5vcyBvY3VwYW1vcyBkZSBsYSB2aWRhIGRlIGxhcyBwZXJzb25hcy4gVGVuZW1vcyByZWdsYXMgcXVlIGRlYmVuIGN1bXBsaXIu
8IycBw,,W0xldmVkZXYgdHdpbnNdCi4uLi4uLg==,,,,,W0fDqm1lb3MgTGV2ZWRldl0KLi4uLi4u,,W0dlbWVsb3MgIExlYmVkZXZdCi4uLg==
8YycBw,,W0xldmVkZXYgdHdpbnNdCi4uLi4uLldlJ3JlIHNvcnJ5Li4u,,,,,W0fDqm1lb3MgTGV2ZWRldl0KLi4uLi4uU2VudGltb3MgbXVpdG8uLi4=,,W0dlbWVsb3MgTGViZWRldl0KLi4uTG8gc2VudGltb3MuLi4=
8oycBw,,W1VTVSBjb21tYW5kZXIgRWxlbmFdCkJ1dCBiZWZvcmUgSSBzY29sZCB5b3UgYWJvdXQgaXQuLi4KSSBhbSBzb3JyeS4=,,,,,W0NvbWFuZGFudGUgRWxlbmFdCk1hcyBhbnRlcyBxdWUgZXUgcmVwcmVlbmRhIHZvY8OqcyBzb2JyZSBpc3NvLi4uCk1lIGRlc2N1bHBlbS4=,,W0NvbWFuZGFudGUgRWxlbmFdClBlcm8gYW50ZXMgZGUgcXVlIGxvcyByZWdhw7FlIHBvciBlc28uLi4KTG8gc2llbnRvLg==
84ycBw,,SmFuYSBMZXZlZGV2OiBQYXJkb24uLi4/,,,,,SmFuYSBMZXZlZGV2OiBIZWluPw==,,SmFuYSBMZXZlZGV2OiDCv1BlcmTDs24uLi4/
9IycBw,,SWx5YSBMZXZlZGV2OiBTb3JyeS4uLj8=,,,,,SWx5YSBMZXZlZGV2OiBEZXNjdWxwYXI/,,SWx5YSBMZWJlZGV2OiDCv1BlcmTDs24uLi4/
9YycBw,,W1VTVSBjb21tYW5kZXIgRWxlbmFdCkkgZGlkbid0IGtub3cgdGhhdCB5b3UgaGFkIGJlZW4gZm9yY2VkIHNvIG11Y2ggYW5kIGNvdWxkIG5vdCBjb25zaWRlciBpdC4gQW5kIEkgd2Fzbid0IHRoZXJlIGZvciBjb3Vuc2VsaW5nIGV2ZW4gdGhvdWdoIEkgd2FzIHlvdXIgYm9zcy4=,,,,,W0NvbWFuZGFudGUgRWxlbmFdCkV1IG7Do28gc2FiaWEgcXVlIHZvY8OqcyB0aW5oYW0gcGFzc2FkbyBwb3IgdGFudG8sIGUgbsOjbyBwZW5zZWkgZW0gY29uc2lkZXJhciBpc3NvLiBFIG1lc21vIHNlbmRvIHN1YSBzdXBlcmlvciwgZXUgbsOjbyBlc3RhdmEgcHJlc2VudGUgcGFyYSBhY29uc2VsaGFyIHZvY8Oqcy4=,,W0NvbWFuZGFudGUgRWxlbmFdCk5vIHNhYsOtYSBxdWUgbG9zIGhhYsOtYW4gZm9yemFkbyB0YW50byB5IG5vIG1lIGRpIGN1ZW50YS4gWSBubyBlc3R1dmUgYWjDrSBwYXJhIGd1aWFybG9zLCBhIHBlc2FyIGRlIHF1ZSBlcmEgc3UgamVmYS4=
9oycBw,,W1VTVSBjb21tYW5kZXIgRWxlbmFdClRoaXMgaXMgdG90YWxseSBteSBmYXVsdCBhbmQgbXkgbWlzdGFrZS4KSSBhcG9sb2dpemUuIFlvdSBoYWQgYSByb3VnaCB0aW1lIG9mIGl0Lg==,,,,,W0NvbWFuZGFudGUgRWxlbmFdCkEgY3VscGEgw6kgdG9kYSBtaW5oYSwgZXUgZXJyZWkuClBlw6dvIGRlc2N1bHBhcy4gVm9jw6pzIHBhc3NhcmFtIHBvciBkaWZpY3VsZGFkZXMu,,W0NvbWFuZGFudGUgRWxlbmFdCkVzdG8gZXMgdG90YWxtZW50ZSBtaSBjdWxwYSB5IHVuIGVycm9yIG3DrW8uCkxlcyBwaWRvIGRpc2N1bHBhcy4gTGEgcGFzYXJvbiBtYWwu
94ycBw,,RWxlbmEgQm9sa292YTogSSBzaW5jZXJlbHkgYXBvbG9naXplLg==,,,,,RWxlbmEgQm9sa292YTogUGXDp28gZGVzY3VscGFzLCBzaW5jZXJhbWVudGUu,,RWxlbmEgQm9sa292YTogTWUgZGlzY3VscG8gc2luY2VyYW1lbnRlLg==
+IycBw,,W0xldmVkZXYgdHdpbnNdCi4uLi4uLk5vLCBuby4uLiBXZSBoYXZlIHRvIGFwb2xvZ2l6ZS4=,,,,,W0fDqm1lb3MgTGV2ZWRldl0KLi4uLi5Ow6NvLCBuw6NvLi4uIE7Ds3MgdGVtb3MgcXVlIG5vcyBkZXNjdWxwYXIu,,W0dlbWVsb3MgTGViZWRldl0KLi4uTm8sIG5vLi4uIFRlbmVtb3MgcXVlIGRpc2N1bHBhcm5vcy4=
+YycBw,,W1VTVSBjb21tYW5kZXIgRWxlbmFdCkZyb20gbm93IG9uLCBJIHdpbGwgcGF5IG1vcmUgYXR0ZW50aW9uIHRvIHlvdS4KV291bGQgeW91IHBsZWFzZSB0cnkgdG8gbWFrZSBzdXJlIHRoaXMgbmV2ZXIgaGFwcGVucyBhZ2Fpbj8=,,,,,W0NvbWFuZGFudGUgRWxlbmFdCkRlIGFnb3JhIGVtIGRpYW50ZSwgcHJlc3RhcmVpIG1haXMgYXRlbsOnw6NvIGVtIHZvY8Oqcy4KVm9jw6pzIHBvZGVyaWFtLCBwb3IgZmF2b3IsIGdhcmFudGlyIHF1ZSBpc3NvIG7Do28gYWNvbnRlw6dhIG1haXM/,,W0NvbWFuZGFudGUgRWxlbmFdCkEgcGFydGlyIGRlIGFob3JhLCBsZXMgcHJlc3RhcsOpIG3DoXMgYXRlbmNpw7NuLgrCv1BvZHLDrWFuIGV2aXRhciBxdWUgZXN0byBvY3VycmEgZGUgbnVldm8/
+oycBw,,W0phbmEgTGV2ZWRldl0KLi4uTm8uLi4gV2UgYXJlIHRoZSBvbmVzIHdobyBzaG91bGQgYXBvbG9naXplLg==,,,,,W0phbmEgTGV2ZWRldl0KLi4uTsOjby4uLiBOw7NzIMOpIHF1ZSBkZXZlbW9zIHBlZGlyIGRlc2N1bHBhcy4=,,W0phbmEgTGV2ZWRldl0KLi4uTm8uLi4gU29tb3Mgbm9zb3Ryb3MgbG9zIHF1ZSBkZWJlbW9zIGRpc2N1bHBhcm5vcy4=
+4ycBw,,W0lseWEgTGV2ZWRldl0KSXQgd2lsbCBuZXZlciBoYXBwZW4gYWdhaW4uLi4=,,,,,W0lseWEgTGV2ZWRldl0KSXNzbyBudW5jYSBtYWlzIHZhaSBhY29udGVjZXIuLi4=,,W0lseWEgTGViZWRldl0KTm8gdm9sdmVyw6EgYSBvY3VycmlyLi4u
/IycBw,,W1VTVSBjb21tYW5kZXIgRWxlbmFdClNpbmNlIHRoaXMgaXMgYSBtaWxpdGFyeSBncm91cCwgeW91IGhhdmUgcmVndWxhdGlvbnMgdG8gYWJpZGUgYnkuCkJ1dCBzaW5jZSB5b3UgYXJlIG1pbm9ycywgSSB3b3VsZCBsaWtlIHRvIGdpdmUgeW91IGFuIG9wcG9ydHVuaXR5IHRvIGdyb3cgYXMgbXVjaCBhcyBwb3NzaWJsZS4=,,,,,W0NvbWFuZGFudGUgRWxlbmFdCkNvbW8gZXN0ZSDDqSB1bSBncnVwbyBtaWxpdGFyLCBow6EgcmVncmFzIHF1ZSB2b2PDqnMgZGV2ZW0gb2JlZGVjZXIuCk1hcyBjb21vIHPDo28gbWVub3JlcyBkZSBpZGFkZSwgZ29zdGFyaWEgZGUgZGFyIGEgdm9jw6pzIGEgb3BvcnR1bmlkYWRlIGRlIGNyZXNjZXIgbyBtw6F4aW1vIHBvc3PDrXZlbC4=,,W0NvbWFuZGFudGUgRWxlbmFdCkNvbW8gc2UgdHJhdGEgZGUgdW4gZ3J1cG8gbWlsaXRhciwgaGF5IG5vcm1hcyBxdWUgZGViZW4gY3VtcGxpci4KUGVybywgY29tbyBzb24gbWVub3JlcywgbWUgZ3VzdGFyw61hIGRhcmxlcyBsYSBvcG9ydHVuaWRhZCBkZSBjcmVjZXIgdG9kbyBsbyBwb3NpYmxlLg==
/YycBw,,W1VTVSBjb21tYW5kZXIgRWxlbmFdCkphbmEgTGV2ZWRldiBhbmQgSWx5YSBMZXZlZGV2LiBJIHdpbGwgZXhjbHVkZSB5b3UgZnJvbSB0aGUgcmVhbCBmaWdodCBmb3Igc29tZSB0aW1lLgpJbnN0ZWFkLCBmZWVsIGZyZWUgdG8gZG8gdGhlIHdvcmtzIHRoYXQgeW91IGNhbiBkbyBpbnNpZGUgdGhlIHVuaXQu,,,,,W0NvbWFuZGFudGUgRWxlbmFdCkphbmEgTGV2ZWRldiBlIElseWEgTGV2ZWRldi4gVm91IGV4Y2x1w60tbG9zIGRlIGx1dGFzIGRlIHZlcmRhZGUgcG9yIHVtIHRlbXBvLgpFbSB2ZXogZGlzc28sIHNpbnRhbS1zZSDDoCB2b250YWRlIHBhcmEgZmF6ZXJlbSBvcyB0cmFiYWxob3MgcXVlIHB1ZGVyZW0gZGVudHJvIGRhIHVuaWRhZGUu,,W0NvbWFuZGFudGUgRWxlbmFdCkphbmEgTGV2ZWRldiBlIElseWEgTGViZWRldi4gTG9zIGV4Y2x1aXLDqSBkZSBsYSBwZWxlYSByZWFsIGR1cmFudGUgdW4gdGllbXBvLgpBIGNhbWJpbywgdGllbmVuIGxhIGxpYmVydGFkIGRlIGhhY2VyIGxvcyB0cmFiYWpvcyBxdWUgcHVlZGFuIGRlbnRybyBkZSBsYSB1bmlkYWQu
/oycBw,,W1VTVSBjb21tYW5kZXIgRWxlbmFdCllvdSBjYW4gbWFrZSBuZXcgZnJpZW5kcywgc3RhcnQgYSBob2JieSBvciBlbmhhbmNlIHlvdXIgc2hvb3RpbmcgYWJpbGl0eS4gWW91IGNhbiBldmVuIGRvIHRoaW5ncyB0aGF0IEkgY2Fubm90IGV4cGVjdC4KRG8gd2hhdCB5b3Ugd2FudCB0byBkby4gTWFrZSBzdXJlIHlvdSBhYmlkZSBieSB0aGUgcmVndWxhdGlvbnMu,,,,,W0NvbWFuZGFudGUgRWxlbmFdClZvY8OqcyBwb2RlbSBmYXplciBub3ZvcyBhbWlnb3MsIGNvbWXDp2FyIHVtIG5vdm8gcGFzc2F0ZW1wbyBvdSBhcHJpbW9yYXIgYSBoYWJpbGlkYWRlIGRlIHRpcm8uIFZvY8OqcyBwb2RlbSBhdMOpIGZhemVyIGNvaXNhcyBxdWUgZXUgbsOjbyBlc3Blcm8uCkZhw6dhbSBvIHF1ZSBxdWlzZXJlbSwgbWFzIGxlbWJyZW0tc2UgZGUgb2JlZGVjZXIgw6BzIHJlZ3Jhcy4=,,W0NvbWFuZGFudGUgRWxlbmFdClB1ZWRlbiBoYWNlciBudWV2b3MgYW1pZ29zLCBidXNjYXIgdW4gcGFzYXRpZW1wbyBvIG1lam9yYXIgc3UgcHVudGVyw61hLiBJbmNsdXNvIHB1ZWRlbiBoYWNlciBjb3NhcyBxdWUgbmkgeW8gbWUgaW1hZ2luby4KSGFnYW4gbG8gcXVlIHF1aWVyYW4uIEFzZWfDunJlbnNlIGRlIGN1bXBsaXIgbGFzIG5vcm1hcy4=
/4ycBw,,W0phbmEgTGV2ZWRldl0KU28gd2UncmUuLi4gbm90IGJlaW5nIGtpY2tlZCBvdXQ/,,,,,W0phbmEgTGV2ZWRldl0KRW50w6NvIG7Ds3MuLi4gbsOjbyBzZXJlbW9zIGV4cHVsc29zPw==,,W0phbmEgTGV2ZWRldl0KRW50b25jZXMuLi4gwr9ubyBub3MgZWNoYXLDoW4/
AI2cBw,,W1VTVSBjb21tYW5kZXIgRWxlbmFdCkRvbid0IG1ha2UgbWUgc2F5IGl0IHR3aWNlLiBJIHRvbGQgeW91IEkgd2FzIHJlc3BvbnNpYmxlIGZvciB3aGF0IGhhcHBlbmVkLg==,,,,,W0NvbWFuZGFudGUgRWxlbmFdCk7Do28gbWUgZmHDp2EgcmVwZXRpci4gRXUgZGlzc2UgcXVlIHNvdSBhIHJlc3BvbnPDoXZlbCBwZWxvIG9jb3JyaWRvLg==,,W0NvbWFuZGFudGUgRWxlbmFdCk5vIG1lIGhhZ2FuIGRlY2lybG8gZG9zIHZlY2VzLiBMZXMgZGlqZSBxdWUgeW8gZXJhIHJlc3BvbnNhYmxlIGRlIGxvIHF1ZSBwYXPDsy4=
AY2cBw,,W0lseWEgTGV2ZWRldl0KT2guLi4gVGhhbmsgeW91IHNvIG11Y2ghCkFuZC4uLiBTb3JyeS4=,,,,,W0lseWEgTGV2ZWRldl0KQWguLi4gQWdyYWRlw6dvIG11aXRvIQpFLi4uIERlc2N1bHBlLg==,,W0lseWEgTGViZWRldl0KT2guLi4gwqFNdWNow61zaW1hcyBncmFjaWFzIQpZLi4uIExvIHNpZW50by4=
Ao2cBw,,SWx5YSBMZXZlZGV2OiBJJ20gc29ycnkuLi4gQ29tbWFuZGVyIEJvbGtvdmEuLi4=,,,,,SWx5YSBMZXZlZGV2OiBNZSBkZXNjdWxwZS4uLiBDb21hbmRhbnRlIEJvbGtvdmEuLi4=,,SWx5YSBMZWJlZGV2OiBMbyBzaWVudG8uLi4gQ29tYW5kYW50ZSBCb2xrb3ZhLi4u
A42cBw,,W0phbmEgTGV2ZWRldl0KVGhhbmsgeW91LCBjb21tYW5kZXIuLi4h,,,,,W0phbmEgTGV2ZWRldl0KT2JyaWdhZGEsIGNvbWFuZGFudGUuLi4h,,W0phbmEgTGV2ZWRldl0KwqFHcmFjaWFzLCBjb21hbmRhbnRlLi4uIQ==
BI2cBw,,SmFuYSBMZXZlZGV2OiBJIGFtIHNvcnJ5Li4u,,,,,SmFuYSBMZXZlZGV2OiBFdSBzaW50byBtdWl0by4uLg==,,SmFuYSBMZXZlZGV2OiBMbyBzaWVudG8uLi4=
BY2cBw,,W1VTVSBjb21tYW5kZXIgRWxlbmFdClRoYXQncyBhbGwgYWJvdXQgaXQuIFlvdSBjYW4gZ28gYmFjayBub3cuIFRoZXJlJ3Mgc29tZXRoaW5nIEknZCBsaWtlIHRvIGRpc2N1c3Mgd2l0aCB0aGUgYWR2ZW50dXJlci4KQW5kIGlmIHlvdSBuZWVkIGFueXRoaW5nLCB0YWxrIHRvIG1lIGFueSB0aW1lLg==,,,,,W0NvbWFuZGFudGUgRWxlbmFdCklzc28gw6kgdHVkby4gVm9jw6pzIHBvZGVtIHZvbHRhciBhZ29yYS4gSMOhIGFsZ28gcXVlIGV1IGdvc3RhcmlhIGRlIGRpc2N1dGlyIGNvbSBub3NzbyBjb2xlZ2EuCkUgc2UgcHJlY2lzYXJlbSBkZSBxdWFscXVlciBjb2lzYSwgZmFsZW0gY29taWdvIGEgcXVhbHF1ZXIgaG9yYS4=,,W0NvbWFuZGFudGUgRWxlbmFdCkVzbyBlcyB0b2RvLiBZYSBwdWVkZW4gcmVncmVzYXIuIEhheSBhbGdvIHF1ZSBtZSBndXN0YXLDrWEgaGFibGFyIGNvbiBlbCB0cm90YW11bmRvcy4KU2kgbmVjZXNpdGFuIGFsZ28sIHB1ZWRlbiBoYWJsYXIgY29ubWlnbyBjdWFuZG8gcXVpZXJhbi4=
Bo2cBw,,W0xldmVkZXYgdHdpbnNdClllcyE=,,,,,W0fDqm1lb3MgTGV2ZWRldl0KU2ltIQ==,,W0dlbWVsb3MgTGViZWRldl0KwqFTw60h
B42cBw,,W1VTVSBjb21tYW5kZXIgRWxlbmFdClBoZXcuLi4KR3JlYXQgam9iLCB7MH0uClRoYW5rcyB0byB5b3VyIHN1cHBvcnQgYW5kIGNvbmNlcm4sIHdlIG1hbmFnZWQgdG8gZG8gdGhpcy4=,,,,,W0NvbWFuZGFudGUgRWxlbmFdClVmYS4uLgpCb20gdHJhYmFsaG8sIHswfS4KR3Jhw6dhcyBhbyBzZXUgYXBvaW8gZSBwcmVvY3VwYcOnw6NvLCBjb25zZWd1aW1vcyBjdW1wcmlyIG8gb2JqZXRpdm8u,,W0NvbWFuZGFudGUgRWxlbmFdCkZpdS4uLgpHcmFuIHRyYWJham8sIHswfS4KR3JhY2lhcyBhIHR1IGFwb3lvIHkgcHJlb2N1cGFjacOzbiwgbG8gY29uc2VndWltb3Mu
CI2cBw,,W1VTVSBjb21tYW5kZXIgRWxlbmFdCkhhLi4uIEkgdG9sZCB0aGVtIHRvIGRvIHdoYXQgdGhleSB3YW50LiBBbmQgdGhleSB3aWxsIHdvbmRlciB3aGF0IHRvIGRvIGZvciBhIHdoaWxlLgpGb3IgdGhvc2UgZ3V5cyB0byBkbyB3aGF0IHRoZXkgd2FudCwgdGhleSdsbCBuZWVkIHlvdXIgaGVscCBhZ2Fpbi4KUGxlYXNlIGhlbHAgdGhlbSBhdCB0aGF0IHRpbWUu,,,,,W0NvbWFuZGFudGUgRWxlbmFdCkFoLi4uIEV1IGRpc3NlIGEgZWxlcyBwYXJhIGZhemVyZW0gbyBxdWUgcXVpc2VyZW0uIEUgZWxlcyB2w6NvIHNlIHBlcmd1bnRhciBvIHF1ZSBmYXplciBwb3IgdW0gdGVtcG8uClBhcmEgcXVlIGVsZXMgY29uc2lnYW0gZmF6ZXIgbyBxdWUgcXVlcmVtLCB2w6NvIHByZWNpc2FyIGRhIHN1YSBhanVkYSBkZSBub3ZvLgpQb3IgZmF2b3IsIGFqdWRlLW9zIG5lc3NhIGhvcmEu,,W0NvbWFuZGFudGUgRWxlbmFdCkphLi4uIExlcyBkaWplIHF1ZSBoaWNpZXJhbiBsbyBxdWUgcXVpc2llcmFuLiBZIHNlIHByZWd1bnRhcsOhbiBxdcOpIGhhY2VyIGR1cmFudGUgdW4gdGllbXBvLgpQYXJhIHF1ZSBlc29zIGNoaWNvcyBoYWdhbiBsbyBxdWUgcXVpZXJhbiwgdm9sdmVyw6FuIGEgbmVjZXNpdGFyIHR1IGF5dWRhLgpQb3IgZmF2b3IsIGF5w7pkYWxvcyBjdWFuZG8gbGxlZ3VlIGVsIG1vbWVudG8u
CY2cBw,,W1VTVSBjb21tYW5kZXIgRWxlbmFdCi4uLi4uLlRoYW5rcy4KSSB3aWxsIGNvdW50IG9uIHlvdSBpbiB0aGUgZnV0dXJlLg==,,,,,W0NvbWFuZGFudGUgRWxlbmFdCi4uLi4uLk9icmlnYWRhLgpDb250byBjb20gdm9jw6ogbm8gZnV0dXJvLg==,,W0NvbWFuZGFudGUgRWxlbmFdCi4uLkdyYWNpYXMuCkNvbnRhcsOpIGNvbnRpZ28gZW4gZWwgZnV0dXJvLg==
Co2cBw,,W1VTVSBjb21tYW5kZXIgRWxlbmFdCkFyZSB5b3UgdGFraW5nIGNhcmUgb2YgdGhlbSB3ZWxsPwpXb3csIEkgYW0gcmVsaWV2ZWQgdGhhdCB0aGV5IGhhdmUgYSBiYWJ5c2l0dGVyIG5vdy4=,,,,,W0NvbWFuZGFudGUgRWxlbmFdCkVzdMOhIGN1aWRhbmRvIGJlbSBkZWxlcz8KVWZhLCBmaWNvIGFsaXZpYWRhIHF1ZSBlbGVzIHRlbSB1bWEgYmFiw6EgYWdvcmEu,,W0NvbWFuZGFudGUgRWxlbmFdCsK/TG9zIGN1aWRhcsOhcyBiaWVuPwpWYXlhLCBtZSBhbGl2aWEgcXVlIGFob3JhIHRlbmdhbiBxdWllbiBsb3MgY3VpZGUu
C42cBw,,W1VTVSBjb21tYW5kZXIgRWxlbmFdCkhhaGEhIEp1c3Qga2lkZGluZy4gVGhhbmsgeW91IGZvciB5b3VyIHN1cHBvcnQuIFlvdSdyZSBzbyByZWxpYWJsZS4KVGFrZSBjYXJlIG9mIHRoZSBndXlzIHBsZWFzZS4=,,,,,W0NvbWFuZGFudGUgRWxlbmFdCkhhaGEhIFPDsyBlc3RvdSBicmluY2FuZG8uIE9icmlnYWRhIHBlbG8gc2V1IGFwb2lvLiBWb2PDqiDDqSB0w6NvIGNvbmZpw6F2ZWwuCkN1aWRlIGRvIHBlc3NvYWwsIHBvciBmYXZvci4=,,W0NvbWFuZGFudGUgRWxlbmFdCsKhSmEsIGphISBFcmEgYnJvbWEuIEdyYWNpYXMgcG9yIHR1IGFwb3lvLiBQdWVkbyBjb25maWFyIGVuIHRpLgpDdWlkYSBkZSBsb3MgY2hpY29zLCBwb3IgZmF2b3Iu
DI2cBw,,SXZhbiBJdmFub3Y=,,,,,SXZhbiBJdmFub3Y=,,SXZhbiBJdmFub3Y=
DY2cBw,,W1VTVSBzcXVhZGRlciBJdmFuXQpIb3cgZGlkIHlvdSBnZXQgaW4gaGVyZT8gWW91IG5lZWQgYW4gYXBwcm92YWwgZnJvbSBhIHN1cGVyaW9yIHRvIGVudGVyIHRoZSBhcmVuYS4=,,,,,W01lbWJybyBkYSBVUyBJdmFuXQpDb21vIHZvY8OqIGVudHJvdSBhcXVpPyBWb2PDqiBwcmVjaXNhIGRhIGFwcm92YcOnw6NvIGRlIHVtIHN1cGVyaW9yIHBhcmEgZW50cmFyIG5hIGFyZW5hLg==,,W1JlY2x1dGEgVVMgSXZhbl0Kwr9Dw7NtbyBlbnRyYXN0ZT8gTmVjZXNpdGFzIGxhIGFwcm9iYWNpw7NuIGRlIHVuIHN1cGVyaW9yIHBhcmEgZW50cmFyIGVuIGxhIEFyZW5hLg==
Do2cBw,,W1VTVSBzcXVhZGRlciBJdmFuXQpQbGVhc2UgbGVhdmUgbm93Lg==,,,,,W01lbWJybyBkYSBVUyBJdmFuXQpQb3IgZmF2b3IsIHNhaWEgYWdvcmEu,,W1JlY2x1dGEgVVMgSXZhbl0KVmV0ZSwgcG9yIGZhdm9yLg==
D42cBw,,SXZhbiBJdmFub3Y=,,,,,SXZhbiBJdmFub3Y=,,SXZhbiBJdmFub3Y=
EI2cBw,,RW50ZXIgUmViZWxsaW9uIGFyZW5h,,,,,RW50cmFyIG5hIEFyZW5h,,RW50cmFyIGVuIGxhIEFyZW5hIGRlIFJlYmVsacOzbg==
EY2cBw,,U29yaXRhIERvcml0YXM=,,,,,U29yaXRhIERvcml0YXM=,,U29yaXRhIERvcml0YXM=
Eo2cBw,,W1RvdWdoIEd1eSBTb3JpdGFdCldobyBhcmUgeW91PyBTdG9wIGhhbmdpbmcgYXJvdW5kIHRoZSBhcmVuYSBhbmQgbGVhdmUgbm93Lg==,,,,,W1ZhbGVudMOjbyBTb3JpdGFdClF1ZW0gw6kgdm9jw6o/IFBhcmUgZGUgdmFnYXIgcGVsYSBhcmVuYSBlIHNhaWEgYWdvcmEu,,W1Nvcml0YSBlbCBCcmF2dWPDs25dCsK/UXVpw6luIGVyZXM/IERlamEgZGUgbWVyb2RlYXIgcG9yIGxhIEFyZW5hIHkgdmV0ZSB5YS4=
E42cBw,,W1RvdWdoIEd1eSBTb3JpdGFdCldoYXQgaXMgaXQgbm93Pw==,,,,,W1ZhbGVudMOjbyBTb3JpdGFdCk8gcXVlIGZvaSBhZ29yYT8=,,W1Nvcml0YSBlbCBCcmF2dWPDs25dCsK/UXXDqSBzdWNlZGnDsyBhaG9yYT8=
FI2cBw,,SSB3YW50IHRvIGdvIG91dC4=,,,,,RXUgcXVlcm8gc2Fpci4=,,UXVpZXJvIHNhbGlyLg==
FY2cBw,,Tm90aGluZy4=,,,,,TmFkYS4=,,TmFkYS4=
Fo2cBw,,W1RvdWdoIEd1eSBTb3JpdGFdCldoYXQgYXJlIHlvdSB0YWxraW5nIGFib3V0PyBTbyB5b3UncmUgdGVsbGluZyBtZSB5b3Ugd291bGQgbGlrZSB0byBydW4gYXdheSB3aXRob3V0IGZpZ2h0aW5nPyBBcmVuJ3QgeW91Pw==,,,,,W1ZhbGVudMOjbyBTb3JpdGFdCkRvIHF1ZSB2b2PDqiBlc3TDoSBmYWxhbmRvPyBFc3TDoSBkaXplbmRvIHF1ZSBnb3N0YXJpYSBkZSBmdWdpciBzZW0gbHV0YXI/IMOJIGlzc28/,,W1Nvcml0YSBlbCBCcmF2dWPDs25dCsK/RGUgcXXDqSBlc3TDoXMgaGFibGFuZG8/IMK/TWUgZXN0w6FzIGRpY2llbmRvIHF1ZSB0ZSBndXN0YXLDrWEgaHVpciBzaW4gcGVsZWFyPyDCv0VzIGFzw60/
F42cBw,,W1RvdWdoIEd1eSBTb3JpdGFdCllvdSBtdXN0IGJlIGtpZGRpbmcuIFdoYXQga2luZCBvZiBub25zZW5zZSBpcyB0aGlzISBXaHkgZGlkIHlvdSBjb21lIGhlcmUgaW4gdGhlIGZpcnN0IHBsYWNlIGFuZCBhbm5veSBtZT8=,,,,,W1ZhbGVudMOjbyBTb3JpdGFdClZvY8OqIGRldmUgZXN0YXIgYnJpbmNhbmRvLiBRdWUgdGlwbyBkZSBhYnN1cmRvIMOpIGVzc2U/ISBQb3IgcXVlIHZvY8OqIHZlaW8gYXF1aSBlIHPDsyBwYXJhIG1lIGlycml0YXI/,,W1Nvcml0YSBlbCBCcmF2dWPDs25dCkRlYmVzIGVzdGFyIGJyb21lYW5kby4gwqFRdcOpIHRvbnRlcsOtYSBlcyBlc3RhISDCv1kgcG9yIHF1w6kgZnVlIHF1ZSB2aW5pc3RlIGFxdcOtIHBhcmEgbW9sZXN0YXJtZT8=
GI2cBw,,W1RvdWdoIEd1eSBTb3JpdGFdCkRhbmcsIEkgaGF2ZSBiZWVuIHF1aXRlIHVwc2V0IGFmdGVyIHRoZSBjb21tYW5kZXIgZ2F2ZSBtZSB0aGlzIHVzZWxlc3Mgd29yay4gQW5kIHlvdSBtYWtlIG1lIGV2ZW4gbW9yZSB1cHNldC4gR2V0IHRoZSBoZWxsIG91dCBvZiBoZXJlIQ==,,,,,W1ZhbGVudMOjbyBTb3JpdGFdClF1ZSBkcm9nYSwgZXUgZmlxdWVpIG11aXRvIGlycml0YWRvIHF1YW5kbyBhIGNvbWFuZGFudGUgbWUgZGV1IGVzc2UgdHJhYmFsaG8gaW7DunRpbC4gRSB2b2PDqiBlc3TDoSBtZSBkZWl4YW5kbyBhaW5kYSBtYWlzIGlycml0YWRvLiBDYWlhIGZvcmEgZGFxdWkh,,W1Nvcml0YSBlbCBCcmF2dWPDs25dCsKhQ2FyYW1iYSEgSGUgZXN0YWRvIG11eSBtb2xlc3RvIGRlc2RlIHF1ZSBsYSBjb21hbmRhbnRlIG1lIGRpbyBlc3RlIHRyYWJham8gaW7DunRpbC4gWSB0w7ogbWUgaGFjZXMgZW5vamFyIGHDum4gbcOhcy4gwqFMYXJnbyBkZSBhcXXDrSE=
GY2cBw,,W1RvdWdoIEd1eSBTb3JpdGFdCkRvIG5vdCB0YWxrIHRvIG1lIHdoZW4geW91IGhhdmUgbm90aGluZyB0byBzYXku,,,,,W1ZhbGVudMOjbyBTb3JpdGFdCk7Do28gZmFsZSBjb21pZ28gcXVhbmRvIG7Do28gdGl2ZXIgbmFkYSBhIGRpemVyLg==,,W1Nvcml0YSBlbCBCcmF2dWPDs25dCk5vIG1lIGhhYmxlcyBjdWFuZG8gbm8gdGVuZ2FzIG5hZGEgcXVlIGRlY2lyLg==
Go2cBw,,TWlsbyBSaXZlcg==,,,,,TWlsbyBSaXZlcg==,,TWlsbyBSaXZlcg==
G42cBw,,TWlsbyBSaXZlcjogSGVsLCBoZWxsby4gSSBhbSBNaWxvIFJpdmVyLCB0aGUgcmVmZXJlZSBvZiB0aGlzIGZpZ2h0Lg==,,,,,TWlsbyBSaXZlcjogRWksIG9sw6EuIFNvdSBNaWxvIFJpdmVyLCBvIGp1aXogZGVzc2EgbHV0YS4=,,TWlsbyBSaXZlcjogSC1ob2xhLiBTb3kgTWlsbyBSaXZlciwgZWwgw6FyYml0cm8gZGUgZXN0YSBwZWxlYS4=
HI2cBw,,TWlsbyBSaXZlcjogVGhlIGZpZ2h0IHN0YXJ0cyBhZnRlciAxMCBzZWNvbmRzLiBJZiB5b3UgZGVmZWF0IGNvbW1hbmRlciBCb2xrb3ZhIGluIHR3byBtaW51dGVzLCB5b3Ugd2luLg==,,,,,TWlsbyBSaXZlcjogQSBsdXRhIGNvbWXDp2EgZW0gMTAgc2VndW5kb3MuIFNlIHZvY8OqIGRlcnJvdGFyIGEgY29tYW5kYW50ZSBCb2xrb3ZhIGVtIDIgbWludXRvcywgdm9jw6ogdmVuY2Uu,,TWlsbyBSaXZlcjogTGEgcGVsZWEgY29taWVuemEgZGVzcHXDqXMgZGUgMTAgc2VndW5kb3MuIFNpIGRlcnJvdGFzIGEgbGEgY29tYW5kYW50ZSBCb2xrb3ZhIGVuIGRvcyBtaW51dG9zLCBnYW5hcy4=
HY2cBw,,TWlsbyBSaXZlcjogRml2ZSBtb3JlIHNlY29uZHMu,,,,,TWlsbyBSaXZlcjogNSBzZWd1bmRvcy4=,,TWlsbyBSaXZlcjogQ2luY28gc2VndW5kb3MgbcOhcy4=
Ho2cBw,,TWlsbyBSaXZlcjogRm91ciBtb3JlIHNlY29uZHMu,,,,,TWlsbyBSaXZlcjogNCBzZWd1bmRvcy4=,,TWlsbyBSaXZlcjogQ3VhdHJvIHNlZ3VuZG9zIG3DoXMu
H42cBw,,TWlsbyBSaXZlcjogVGhyZWUgbW9yZSBzZWNvbmRzLg==,,,,,TWlsbyBSaXZlcjogMyBzZWd1bmRvcy4=,,TWlsbyBSaXZlcjogVHJlcyBzZWd1bmRvcyBtw6FzLg==
II2cBw,,TWlsbyBSaXZlcjogVHdvIG1vcmUgc2Vjb25kcy4=,,,,,TWlsbyBSaXZlcjogMiBzZWd1bmRvcy4=,,TWlsbyBSaXZlcjogRG9zIHNlZ3VuZG9zIG3DoXMu
IY2cBw,,TWlsbyBSaXZlcjogT25lIG1vcmUgc2Vjb25kLg==,,,,,TWlsbyBSaXZlcjogMSBzZWd1bmRvLg==,,TWlsbyBSaXZlcjogVW4gc2VndW5kbyBtw6FzLg==
Io2cBw,,TWlsbyBSaXZlcjogTGV0IHRoZSBtYXRjaCBiZWdpbiE=,,,,,TWlsbyBSaXZlcjogUXVlIGEgbHV0YSBjb21lY2Uh,,TWlsbyBSaXZlcjogwqFRdWUgZW1waWVjZSBlbCBjb21iYXRlIQ==
I42cBw,,RWxlbmEgQm9sa292YQ==,,,,,RWxlbmEgQm9sa292YQ==,,RWxlbmEgQm9sa292YQ==
JI2cBw,,TWlsbyBSaXZlcjogQ29tZSB0byB0aGluayBvZiBpdCwgeW91IHdlcmUgYSBjbGVyaWMhIFRoZSBjb21tYW5kZXIgc2FpZCBzaGUgd291bGQgZG8gdmVyeSBlYXN5IG9uIHlvdS4=,,,,,TWlsbyBSaXZlcjogUGVuc2FuZG8gYmVtLCB2b2PDqiDDqSB1bSByZWxpZ2lvc28hIEEgY29tYW5kYW50ZSBkaXNzZSBxdWUgcGVnYXJpYSBsZXZlIGNvbSB2b2PDqi4=,,TWlsbyBSaXZlcjogQWhvcmEgcXVlIGxvIHBpZW5zbywgwqF0w7ogZXJhcyB1biBjbMOpcmlnbyEgTGEgY29tYW5kYW50ZSBkaWpvIHF1ZSBzZXLDrWEgbXV5IGluZHVsZ2VudGUgY29udGlnby4=
JY2cBw,,TWlsbyBSaXZlcjogU29tZXRpbWVzIHNoZSBkb2Vzbid0IGZpZ2h0IHNvIGhhcmQgYWNjb3JkaW5nIHRvIGhlciBtb29kLiBKdXN0IGhvcGUgdGhhdCBzaGUgaXMgZmVlbGluZyBnb29kIHRvZGF5Lg==,,,,,TWlsbyBSaXZlcjogw4BzIHZlemVzIGVsYSBuw6NvIGx1dGEgY29tIHR1ZG8sIGRlcGVuZGUgZG8gaHVtb3IgZGVsYS4gU8OzIHRvcsOnYSBwYXJhIHF1ZSBlbGEgZXN0ZWphIHNlIHNlbnRpbmRvIGJlbSBob2plLg==,,TWlsbyBSaXZlcjogQSB2ZWNlcyBubyBsdWNoYSBjb24gdGFudGEgZnVlcnphLCBzZWfDum4gc3UgZXN0YWRvIGRlIMOhbmltby4gT2phbMOhIHNlIHNpZW50YSBiaWVuIGhveS4=
Jo2cBw,,TWlsbyBSaXZlcjp7MH1Zb3Ugd2luISBZb3UgY2FuIGdvIG91dCBhbmQgbWFnbmlmeSB5b3Vyc2VsZi4gWW91IGFyZSBtb3ZpbmcgdG8gdGhlIGxvYmJ5IGluIHRocmVlIHNlY29uZHMu,,,,,TWlsbyBSaXZlcjogezB9ISBWb2PDqiB2ZW5jZXUhIFBvZGUgc2FpciBlIHNlIHZhbmdsb3JpYXIuIFZvY8OqIGlyw6EgcGFyYSBhIHNhbGEgZGUgZXNwZXJhIGVtIDMgc2VndW5kb3Mu,,TWlsbyBSaXZlcjogezB9LCDCoUhhcyBnYW5hZG8hIFB1ZWRlcyBzYWxpciB5IHByZXN1bWlyLiBFbiB0cmVzIHNlZ3VuZG9zIGVzdGFyw6FzIGVuIGxhIHNhbGEgZGUgZXNwZXJhLg==
J42cBw,,TWlsbyBSaXZlcjogVGhlIGZpZ2h0IHdpbGwgZW5kIGluIDEwIHNlY29uZHMu,,,,,TWlsbyBSaXZlcjogQSBsdXRhIHRlcm1pbmFyw6EgZW0gMTAgc2VndW5kb3Mu,,TWlsbyBSaXZlcjogTGEgcGVsZWEgdGVybWluYXLDoSBlbiAxMCBzZWd1bmRvcy4=
KI2cBw,,TWlsbyBSaXZlcjogVGhlIGZpZ2h0IHdpbGwgZW5kIGluIGZpdmUgc2Vjb25kcy4=,,,,,TWlsbyBSaXZlcjogQSBsdXRhIHRlcm1pbmFyw6EgZW0gNSBzZWd1bmRvcy4=,,TWlsbyBSaXZlcjogTGEgcGVsZWEgdGVybWluYXLDoSBlbiA1IHNlZ3VuZG9zLg==
KY2cBw,,TWlsbyBSaXZlcjogVGhlIGZpZ2h0IGlzIG92ZXIuIER1ZSB0byB0aGUgdGltZW91dCwgb3VyIGNvbW1hbmRlciB3aW5zLiBXZSB3aWxsIG1vdmUgdG8gdGhlIGxvYmJ5IGluIHRocmVlIHNlY29uZHMu,,,,,TWlsbyBSaXZlcjogQSBsdXRhIHRlcm1pbm91LiBDb21vIG8gdGVtcG8gZXNnb3RvdSwgYSBub3NzYSBjb21hbmRhbnRlIHZlbmNlLiBWYW1vcyBwYXJhIGEgc2FsYSBkZSBlc3BlcmEgZW0gMyBzZWd1bmRvcy4=,,TWlsbyBSaXZlcjogTGEgYmF0YWxsYSBoYSB0ZXJtaW5hZG8uIFBvciB0aWVtcG8gYWdvdGFkbywgbnVlc3RybyBjb21hbmRhbnRlIGdhbmEuIE5vcyB0cmFzbGFkYXJlbW9zIGEgbGEgc2FsYSBkZSBlc3BlcmEgZW4gMyBzZWd1bmRvcy4=
Ko2cBw,,T2xkZXIgc2lzdGVy,,,,,SXJtw6N6b25h,,SGVybWFuYSBtYXlvcg==
K42cBw,,T2xkZXIgYnJvdGhlcg==,,,,,SXJtw6NvesOjbw==,,SGVybWFubyBtYXlvcg==
LI2cBw,,W0phbmEgTGV2ZWRldl0KSSBkb24ndCB3YW50IHRvIGJlIHRyZWF0ZWQgYXMgYSBjaGlsZC4KRG8gbm90IHN0cm9rZSBteSBoZWFkLg==,,,,,W0phbmEgTGV2ZWRldl0KRXUgbsOjbyBxdWVybyBzZXIgdHJhdGFkYSBjb21vIHVtYSBjcmlhbsOnYS4KTsOjbyBhY2FyaWNpZSBtaW5oYSBjYWJlw6dhLg==,,W0phbmEgTGV2ZWRldl0KTm8gcXVpZXJvIHF1ZSBtZSB0cmF0ZW4gY29tbyBhIHVuYSBuacOxYS4KTm8gbWUgYWNhcmljaWVzIGxhIGNhYmV6YS4=
LY2cBw,,W0phbmEgTGV2ZWRldl0KSWx5YSBpcyB0aGUgb25seSBvbmUgd2hvIGNhbiBjYWxsIG1lIEphbmEuCkNhbGwgbWUgTGV2ZWRldmEu,,,,,W0phbmEgTGV2ZWRldl0KSWx5YSDDqSBvIMO6bmljbyBxdWUgcG9kZSBtZSBjaGFtYXIgZGUgSmFuYS4KTWUgY2hhbWUgZGUgTGV2ZWRldi4=,,W0phbmEgTGV2ZWRldl0KSWx5YSBlcyBlbCDDum5pY28gcXVlIHB1ZWRlIGxsYW1hcm1lIEphbmEuCkxsw6FtYW1lIExlYmVkZXYu
Lo2cBw,,W0phbmEgTGV2ZWRldl0KLi4uLi4uV2hvIGFyZSB5b3U/CllvdSBkb24ndCBsb29rIGxpa2UgUmViZWxsaW9uLg==,,,,,W0phbmEgTGV2ZWRldl0KLi4uLi4uUXVlbSDDqSB2b2PDqj8KVm9jw6ogbsOjbyBwYXJlY2Ugc2VyIGRhIFJlYmVsacOjby4=,,W0phbmEgTGV2ZWRldl0Kwr9RdWnDqW4gZXJlcz8KTm8gcGFyZWNlcyB1biBtaWVtYnJvIGRlIGxhIFJlYmVsacOzbi4=
L42cBw,,W3swfV0KWW91IGFyZSByaWdodC4gSSdtIGFuIGFkdmVudHVyZXIu,,,,,W3swfV0KVm9jw6ogdGVtIHJhesOjby4gRXUgc291IHVtIGF2ZW50dXJlaXJvLg==,,W3swfV0KVGllbmVzIHJhesOzbi4gU295IHRyb3RhbXVuZG9zLg==
MI2cBw,,W0lseWEgTGV2ZWRldl0KSG93IGRpZCBhbiBhZHZlbnR1cmVyIGNvbWUgaW4gaGVyZT8=,,,,,W0lseWEgTGV2ZWRldl0KQ29tbyB1bSBhdmVudHVyZWlybyB2ZWlvIHBhcmFyIGFxdWk/,,W0lseWEgTGViZWRldl0Kwr9Dw7NtbyBlbnRyw7MgYXF1w60gdW4gdHJvdGFtdW5kb3M/
MY2cBw,,SmFuYSBMZXZlZGV2OiBPb3BzLCB5b3UgYXJlLi4u,,,,,SmFuYSBMZXZlZGV2OiBPcHMsIHZvY8OqIMOpLi4u,,SmFuYSBMZXZlZGV2OiBVeSwgZXJlcy4uLg==
Mo2cBw,,W0phbmEgTGV2ZWRldl0KQXJlIHlvdSB0aGUgYWR2ZW50dXJlciB3aG8gZGVmZWF0ZWQgb3VyIGNvbW1hbmRlcj8KU28geW91J3JlIHRoZSBvbmUgZnJvbSB0aGUgU2VjcmV0IFdpbmdzLCBhcmVuJ3QgeW91Pw==,,,,,W0phbmEgTGV2ZWRldl0KVm9jw6ogw6kgbyBhdmVudHVyZWlybyBxdWUgZGVycm90b3Ugbm9zc2EgY29tYW5kYW50ZT8KRW50w6NvIHZvY8OqIMOpIGEgcGVzc29hIGRvIFZlbnRvIFNlY3JldG8sIG7Do28gw6k/,,W0phbmEgTGV2ZWRldl0Kwr9FcmVzIGVsIHRyb3RhbXVuZG9zIHF1ZSBkZXJyb3TDsyBhIG51ZXN0cmEgY29tYW5kYW50ZT8KQXPDrSBxdWUgdMO6IGVyZXMgbGEgcGVyc29uYSBkZWwgVmllbnRvIFNlY3JldG8sIMK/bm8/
M42cBw,,W0phbmEgTGV2ZWRldl0KSHVodSwgdGhlIG9sZCBndXlzIGhlcmUgaGF0ZSB0aGUgU2VjcmV0IFdpbmdzLCBidXQgd2UgZG9uJ3QgY2FyZS4KU2luY2Ugd2Ugd2FudCB0byBmaWdodCBoYXJkIGluIGEgbWlzc2lvbiwgd2Ugd2VsY29tZSB5b3VyIHByb3Bvc2FsLg==,,,,,W0phbmEgTGV2ZWRldl0KSHVodSwgb3MgbWFpcyB2ZWxob3MgYXF1aSBvZGVpYW0gbyBWZW50byBTZWNyZXRvLCBtYXMgbsOzcyBuw6NvIGxpZ2Ftb3MuCkNvbW8gcXVlcmVtb3MgbHV0YXIgYXJkdWFtZW50ZSBlbSB1bWEgbWlzc8OjbywgYWdyYWRlY2Vtb3MgYSBzdWEgcHJvcG9zdGEu,,W0phbmEgTGV2ZWRldl0KSmEsIGphLCBsb3Mgdmllam9zIGRlIGFxdcOtIG9kaWFuIGEgbG9zIG1pZW1icm9zIGRlbCBWaWVudG8gU2VjcmV0bywgcGVybyBubyBub3MgaW1wb3J0YS4KQ29tbyBxdWVyZW1vcyBkYXJsbyB0b2RvIGVuIHVuYSBtaXNpw7NuLCBhY2VwdGFtb3MgdHUgcHJvcHVlc3RhLg==
NI2cBw,,SWx5YSBMZXZlZGV2OiBNZSB0b28h,,,,,SWx5YSBMZXZlZGV2OiBFdSB0YW1iw6ltIQ==,,SWx5YSBMZWJlZGV2OiDCoVlvIHRhbWJpw6luIQ==
NY2cBw,,W0lseWEgTGV2ZWRldl0KV2hhdGV2ZXIgSmFuYSBsaWtlcywgSSBsaWtlIGl0IHRvby4=,,,,,W0lseWEgTGV2ZWRldl0KTyBxdWUgYSBKYW5hIGdvc3RhciwgZXUgZ29zdG8gdGFtYsOpbS4=,,W0lseWEgTGViZWRldl0KTG8gcXVlIGxlIGd1c3RhIGEgSmFuYSwgbWUgZ3VzdGEgYSBtw60gdGFtYmnDqW4u
No2cBw,,W0phbmEgTGV2ZWRldl0KSGF2ZSB5b3UgYnJvdWdodCBhbnkgc3RvcnkgZmlsbGVkIHdpdGggZ3VucG93ZGVyPwouLi5XZWxsLCB3ZSBjYW5ub3QgYmUgaW52b2x2ZWQgaW4gdGhlIG1pc3Npb24gYW55d2F5Lg==,,,,,W0phbmEgTGV2ZWRldl0KVm9jw6ogdHJvdXhlIGFsZ3VtYSBoaXN0w7NyaWEgY2hlaWEgZGUgcMOzbHZvcmE/Ci4uLiBCZW0sIG7Do28gcG9kZW1vcyBub3MgZW52b2x2ZXIgbmEgbWlzc8OjbyBkZSBxdWFscXVlciBtYW5laXJhLg==,,W0phbmEgTGV2ZWRldl0Kwr9IYXMgdHJhw61kbyBhbGd1bmEgaGlzdG9yaWEgbGxlbmEgZGUgcMOzbHZvcmE/Ci4uLkJ1ZW5vLCBkZSB0b2RvcyBtb2Rvcywgbm8gcG9kZW1vcyBwYXJ0aWNpcGFyIGVuIGxhIG1pc2nDs24u
N42cBw,,W3swfV0KWW91IGFyZSBzdGlsbCB5b3VuZy4=,,,,,W3swfV0KVm9jw6pzIGFpbmRhIHPDo28gam92ZW5zLg==,,W3swfV0KVG9kYXbDrWEgc29uIGrDs3ZlbmVzLg==
OI2cBw,,W0phbmEgTGV2ZWRldl0KLi4uV2UnbGwgYmVjb21lIGFkdWx0cyBpbiB0aGUgbmVhciBmdXR1cmUuCldlIGFyZSBub3QgdGhhdCBtdWNoIHlvdW5nZXIgY29tcGFyZWQgdG8gb3RoZXIgcGVvcGxlIGhlcmUuIERvZXMgcHV0dGluZyBvbiBzZXZlcmFsIHllYXJzIG1ha2UgYW55IGRpZmZyZW5jZT8=,,,,,W0phbmEgTGV2ZWRldl0KLi4uTsOzcyBzZXJlbW9zIGFkdWx0b3MgZW0gYnJldmUuCk7Do28gc29tb3MgdMOjbyBqb3ZlbnMgZW0gY29tcGFyYcOnw6NvIGNvbSBvdXRyYXMgcGVzc29hcyBhcXVpLiBTZXIgbWFpcyB2ZWxobyBmYXogYWxndW1hIGRpZmVyZW7Dp2E/,,W0phbmEgTGV2ZWRldl0KLi4uU2VyZW1vcyBhZHVsdG9zIGVuIHVuIGZ1dHVybyBjZXJjYW5vLgpObyBzb21vcyBtdWNobyBtw6FzIGrDs3ZlbmVzIGVuIGNvbXBhcmFjacOzbiBjb24gb3RyYXMgcGVyc29uYXMgZGUgYXF1w60uIMK/U2lydmUgdGVuZXIgbXVjaG9zIG3DoXMgYcOxb3M/
OY2cBw,,W0phbmEgTGV2ZWRldl0KVGhleSBhbGwga25vdyB0aGF0IHdlIGhhdmUgYmV0dGVyIGFiaWxpdGllcyB0aGFuIGFkdWx0cy4KSWYgaXQgd2Fzbid0IGZvciBvbmUgdGhpbmcuLi4gTm8sIG5ldmVyIG1pbmQu,,,,,W0phbmEgTGV2ZWRldl0KVG9kb3Mgc2FiZW0gcXVlIHNvbW9zIG1haXMgaMOhYmVpcyBxdWUgb3MgYWR1bHRvcy4KU2UgbsOjbyBmb3NzZSBwb3IgdW1hIGNvaXNhLi4uIE7Do28sIGVzcXVlw6dhLg==,,W0phbmEgTGV2ZWRldl0KVG9kb3Mgc2FiZW4gcXVlIHRlbmVtb3MgbWVqb3JlcyBjYXBhY2lkYWRlcyBxdWUgbG9zIGFkdWx0b3MuClNpIG5vIGZ1ZXJhIHBvciB1bmEgY29zYS4uLiBObywgb2x2w61kYWxvLg==
Oo2cBw,,W0phbmEgTGV2ZWRldl0KSXQncyBzbyBhbm5veWluZy4uLgpJbHlhLCB0ZWxsIHRoZSBhZHZlbnR1cmVyIHRvIGdvIGF3YXku,,,,,W0phbmEgTGV2ZWRldl0Kw4kgdMOjbyBpcnJpdGFudGUuLi4KSWx5YSwgZGlnYSBhbyBhdmVudHVyZWlybyBwYXJhIGlyIGVtYm9yYS4=,,W0phbmEgTGV2ZWRldl0KRXMgdGFuIG1vbGVzdG8uLi4KSWx5YSwgZGlsZSBhbCB0cm90YW11bmRvcyBxdWUgc2UgdmF5YS4=
O42cBw,,SWx5YSBMZXZlZGV2OiBEb24ndCB3b3JyeSwgSmFuYS4=,,,,,SWx5YSBMZXZlZGV2OiBOw6NvIHNlIHByZW9jdXBlLCBKYW5hLg==,,SWx5YSBMZWJlZGV2OiBObyB0ZSBwcmVvY3VwZXMsIEphbmEu
PI2cBw,,W0lseWEgTGV2ZWRldl0KUGxlYXNlIGxlYXZlLgpXZSBkb24ndCB3YW50IHRvIHRhbGsgdG8geW91IGFueSBtb3JlLg==,,,,,W0lseWEgTGV2ZWRldl0KUG9yIGZhdm9yLCBzYWlhLgpOw6NvIHF1ZXJlbW9zIG1haXMgZmFsYXIgY29tIHZvY8OqLg==,,W0lseWEgTGViZWRldl0KVmV0ZSwgcG9yIGZhdm9yLgpObyBxdWVyZW1vcyBoYWJsYXIgbcOhcyBjb250aWdvLg==
PY2cBw,,W3swfV0KKFNvIHRoZXkgc3RhcnRlZCB0byBoYXRlIG1lIHByZXR0eSBlYXJseS4uLiBXaGF0IHNob3VsZCBJIGRvPwpNYXliZSBJIGhhdmUgdG8gbGlzdGVuIHRvIF4wMDAwQ0RSZWJlbGxpb25zIGFyb3VuZCB0aGVtXjAwMDAwMC4p,,,,,W3swfV0KKEVsZXMgY29tZcOnYXJhbSBhIG1lIG9kaWFyIGJlbSByw6FwaWRvLi4uIE8gcXVlIGRldm8gZmF6ZXI/ClRhbHZleiBldSBkZXZhIG91dmlyIG9zIF4wMDAwQ0RvdXRyb3MgbWVtYnJvcyBkYSBSZWJlbGnDo28gYW8gcmVkb3IgZGVsZXNeMDAwMDAwKQ==,,W3swfV0KKEFzw60gcXVlIGVtcGV6YXJvbiBhIG9kaWFybWUgYmFzdGFudGUgcHJvbnRvLi4uIMK/UXXDqSBkZWJvIGhhY2VyPwpUYWwgdmV6LCB0ZW5nYSBxdWUgZXNjdWNoYXIgYSBsb3MgbWllbWJyb3MgZGUgXjAwMDBDRGxhIFJlYmVsacOzbiBxdWUgZXN0w6FuIGEgc3UgYWxyZWRlZG9yXjAwMDAwMCku
Po2cBw,,W0phbmEgTGV2ZWRldl0KQWgsIElseWEuIFRoYXQgcGVyc29uIGtlZXBzIGlycml0YXRpbmcgbWUu,,,,,W0phbmEgTGV2ZWRldl0KQWgsIElseWEuIEVzc2EgcGVzc29hIGNvbnRpbnVhIG1lIGlycml0YW5kby4=,,W0phbmEgTGV2ZWRldl0KQWgsIElseWEuIEVzYSBwZXJzb25hIHNpZ3VlIGlycml0w6FuZG9tZS4=
P42cBw,,W0lseWEgTGV2ZWRldl0KUGxlYXNlIGxlYXZlLgpJIHdvbid0IGZvcmdpdmUgeW91IGlmIHlvdSBkaXN0cmVzcyBKYW5hLg==,,,,,W0lseWEgTGV2ZWRldl0KUG9yIGZhdm9yLCBzYWlhLgpOw6NvIHZvdSB0ZSBwZXJkb2FyIHNlIHZvY8OqIGluY29tb2RhciBhIEphbmEu,,W0lseWEgTGViZWRldl0KVmV0ZSwgcG9yIGZhdm9yLgpObyB0ZSBwZXJkb25hcsOpIHNpIG1vbGVzdGFzIGEgSmFuYS4=
QI2cBw,,W0phbmEgTGV2ZWRldl0KV2UgZG9uJ3Qgd2FudCB0byB0YWxrIHRvIHlvdS4gSnVzdCBsZWF2ZS4=,,,,,W0phbmEgTGV2ZWRldl0KTsOjbyBxdWVyZW1vcyBmYWxhciBjb20gdm9jw6ouIFbDoSBlbWJvcmEu,,W0phbmEgTGV2ZWRldl0KTm8gcXVlcmVtb3MgaGFibGFyIGNvbnRpZ28uIFNvbG8gdmV0ZS4=
QY2cBw,,W3swfV0KKC4uLkkgZ3Vlc3MgdGhleSByZWFsbHkgaGF0ZSBtZSBub3cuKQ==,,,,,W3swfV0KKC4uLkFjaG8gcXVlIHJlYWxtZW50ZSBtZSBvZGVpYW0gYWdvcmEp,,W3swfV0KKC4uLlN1cG9uZ28gcXVlIGFob3JhIG1lIG9kaWFuIGRlIHZlcmRhZCku
Qo2cBw,,W0phbmEgTGV2ZWRldl0KWW91J3JlIGhlcmUgYWdhaW4/CldlIGRvbid0IHdhbnQgdG8gdGFsay4=,,,,,W0phbmEgTGV2ZWRldl0KVm9jw6ogYXF1aSBkZSBub3ZvPwpOw6NvIHF1ZXJlbW9zIGNvbnZlcnNhci4=,,W0phbmEgTGV2ZWRldl0Kwr9Fc3TDoXMgYXF1w60gb3RyYSB2ZXo/Ck5vIHF1ZXJlbW9zIGhhYmxhci4=
Q42cBw,,W3swfV0KKEFzayB0aGVtIGFib3V0IHRoZSBpbmNpZGVudCB0aGF0IGhhcHBlbmVkIGluIHRoZSBwYXN0Li4uKQ==,,,,,W3swfV0KKFBlcmd1bnRhciBzb2JyZSBvIGluY2lkZW50ZSBxdWUgYWNvbnRlY2V1IG5vIHBhc3NhZG8uLi4p,,W3swfV0KKFByZWfDum50YWxlcyBwb3IgZWwgaW5jaWRlbnRlIHF1ZSBvY3VycmnDsyBlbiBlbCBwYXNhZG8uLi4pLg==
RI2cBw,,QXNrIHRoZW0gZGlyZWN0bHku,,,,,UGVyZ3VudGFyIGRpcmV0YW1lbnRlLg==,,UHJlZ3VudGFybGVzIGRpcmVjdGFtZW50ZS4=
RY2cBw,,QmVhdCBhcm91bmQgdGhlIGJ1c2gu,,,,,RmljYXIgZW5yb2xhbmRvLg==,,SXJ0ZSBwb3IgbGFzIHJhbWFzLg==
Ro2cBw,,W3swfV0KRGlkIHlvdSB0aHJvdyBhIGdyZW5hZGUgdG8gdGhlIGNpdmlsaWFuIHpvbmUgZHVyaW5nIHlvdXIgYWN0dWFsIG1pc3Npb24/CldoeSBkaWQgeW91IGRvIHRoYXQ/,,,,,W3swfV0KVm9jw6ogYXRpcm91IHVtYSBncmFuYWRhIG5hIHpvbmEgY2l2aWwgZHVyYW50ZSBzdWEgbWlzc8Ojbz8KUG9yIHF1ZSB2b2PDqiBmZXogaXNzbz8=,,W3swfV0Kwr9MYW56YXJvbiB1bmEgZ3JhbmFkYSBlbiBsYSB6b25hIGNpdmlsIGR1cmFudGUgc3UgbWlzacOzbj8Kwr9Qb3IgcXXDqSBsbyBoaWNpZXJvbj8=
R42cBw,,W0phbmEgTGV2ZWRldl0KV2hhdC4uLiEh,,,,,W0phbmEgTGV2ZWRldl0KTyBxdcOqPz8=,,W0phbmEgTGV2ZWRldl0KwqFRdcOpLi4uIQ==
SI2cBw,,SWx5YSBMZXZlZGV2OiAuLi5XaGF0LCB3aGF0IHRoZSBoZWxsIQ==,,,,,SWx5YSBMZXZlZGV2OiAuLi5PIHF1ZSwgcXVlIGRpYWJvcyE=,,SWx5YSBMZWJlZGV2OiAuLi5Fc3BlcmEsIMKhcXXDqSBkZW1vbmlvcyE=
SY2cBw,,W0lseWEgTGV2ZWRldl0KV2hlcmUgZGlkIHlvdSBoZWFyIHRoaXMgc3RvcnkhCkhleSwgd2h5IGFyZSB5b3Ugc2F5aW5nIHRoYXQ/,,,,,W0lseWEgTGV2ZWRldl0KT25kZSB2b2PDqiBvdXZpdSBlc3NhIGhpc3TDs3JpYSEKRWksIHBvciBxdWUgdm9jw6ogZXN0w6EgZmFsYW5kbyBpc3NvPw==,,W0lseWEgTGViZWRldl0Kwr9Ew7NuZGUgb8Otc3RlIGVzYSBoaXN0b3JpYT8KRXNwZXJhLCDCv3BvciBxdcOpIGRpY2VzIGVzbz8=
So2cBw,,SmFuYSBMZXZlZGV2OiBXZWxsLCB0aGF0IHdhcy4uLg==,,,,,SmFuYSBMZXZlZGV2OiBCZW0sIGlzc28gZm9pLi4u,,SmFuYSBMZXZlZGV2OiBCdWVubywgZXNvIGZ1ZS4uLg==
S42cBw,,W0lseWEgTGV2ZWRldl0KR2V0IGxvc3QhIFN0YXkgYXdheSBmcm9tIEphbmEh,,,,,W0lseWEgTGV2ZWRldl0KU3VtYSBkYXF1aSEgRmlxdWUgbG9uZ2UgZGEgSmFuYSE=,,W0lseWEgTGViZWRldl0KwqFTYWwgZGUgYXF1w60hIMKhQWzDqWphdGUgZGUgSmFuYSE=
TI2cBw,,SmFuYSBMZXZlZGV2OiBJLCBJLi4u,,,,,SmFuYSBMZXZlZGV2OiBFdSwgZXUuLi4=,,SmFuYSBMZXZlZGV2OiBZbywgeW8uLi4=
TY2cBw,,SWx5YSBMZXZlZGV2OiBEb24ndCBsaXN0ZW4sIEphamEuLi4hIQ==,,,,,SWx5YSBMZXZlZGV2OiBOw6NvIGTDqiBvdXZpZG9zLCBKYWphISE=,,SWx5YSBMZWJlZGV2OiBObyBlc2N1Y2hlcywgwqHCoUphLCBqYS4uLiEh
To2cBw,,W3swfV0KKC4uLi4uLkxvb2tzIGxpa2UgYSBodWdlIG1pc3Rha2UuIExldCdzIGdvIGJhY2sgdG8gXjAwMDBDREVsZW5hIEJvbGtvdmFeMDAwMDAwLik=,,,,,W3swfV0KKC4uLi4uUGFyZWNlIHF1ZSBmb2kgdW0gZ3JhbmRlIGVycm8uIFZhbW9zIHZvbHRhciBwYXJhIGEgXjAwMDBDREVsZW5hIEJvbGtvdmFeMDAwMDAwKQ==,,W3swfV0KKC4uLlBhcmVjZSB1biBncmFuIGVycm9yLiBSZWdyZXNlbW9zIGNvbiBeMDAwMENERWxlbmEgQm9sa292YV4wMDAwMDApLg==
T42cBw,,W3swfV0KVGhlcmUncyBzb21ldGhpbmcgSSB3b3VsZCBsaWtlIHRvIGFzayB5b3UuCkkgYXNrZWQgb3RoZXJzIGFuZCB0aGV5IHNheSB5b3Ugd2VyZS4uLg==,,,,,W3swfV0KSMOhIGFsZ28gcXVlIGV1IGdvc3RhcmlhIGRlIGxoZSBwZXJndW50YXIuCkV1IHBlcmd1bnRlaSBhb3Mgb3V0cm9zIGUgZWxlcyBkaXNzZXJhbSBxdWUgdm9jw6ogZXJhLi4u,,W3swfV0KSGF5IGFsZ28gcXVlIG1lIGd1c3RhcsOtYSBwcmVndW50YXJsZXMuCkxlcyBwcmVndW50w6kgYSBvdHJhcyBwZXJzb25hcyB5IGRpY2VuIHF1ZS4uLg==
UI2cBw,,W0phbmEgTGV2ZWRldl0KLi4uV2h5IGRvIHlvdSBwcnkgaW50byBvdXIgcHJpdmF0ZSBhZmZhaXJzPw==,,,,,W0phbmEgTGV2ZWRldl0KLi4uUG9yIHF1ZSB2b2PDqiBzZSBpbnRyb21ldGUgZW0gbm9zc29zIGFzc3VudG9zIHBlc3NvYWlzPw==,,W0phbmEgTGV2ZWRldl0Kwr9Qb3IgcXXDqSB0ZSBlbnRyb21ldGVzIGVuIG51ZXN0cm9zIGFzdW50b3MgcHJpdmFkb3M/
UY2cBw,,W3swfV0KSSBkaWRuJ3QgcHJ5IGludG8gYW55dGhpbmcuIEkgbWVhbiwgdGhleSB0b2xkIG1lIHlvdSBsb29rIHZlcnkgdGlyZWQgdGhlc2UgZGF5cy4uLg==,,,,,W3swfV0KRXUgbsOjbyBtZSBpbnRyb21ldGkgZW0gbmFkYS4gUXVlciBkaXplciwgZWxlcyBtZSBkaXNzZXJhbSBxdWUgdm9jw6pzIHBhcmVjZW0gbXVpdG8gY2Fuc2Fkb3MgdWx0aW1hbWVudGUuLi4=,,W3swfV0KTm8gbWUgZW50cm9tZXTDrSBlbiBuYWRhLiBNZSBkaWplcm9uIHF1ZSBzZSB2ZcOtYW4gbXV5IGNhbnNhZG9zIGVzdG9zIGTDrWFzLi4u
Uo2cBw,,W0phbmEgTGV2ZWRldl0KV2UgYXJlIHRpcmVkIGJlY2F1c2Ugc29tZW9uZSBpcyBpcnJpdGF0aW5nIHVzLg==,,,,,W0phbmEgTGV2ZWRldl0KRXN0YW1vcyBjYW5zYWRvcyBwb3JxdWUgYWxndcOpbSBlc3TDoSBub3MgaXJyaXRhbmRvLg==,,W0phbmEgTGV2ZWRldl0KRXN0YW1vcyBjYW5zYWRvcyBwb3JxdWUgYWxndWllbiBub3MgZXN0w6EgaXJyaXRhbmRvLg==
U42cBw,,SWx5YSBMZXZlZGV2OiAuLi4uLi4=,,,,,SWx5YSBMZXZlZGV2OiAuLi4uLi4=,,SWx5YSBMZWJlZGV2OiAuLi4=
VI2cBw,,W3swfV0KKC4uLi4uLlRoaXMgaXMgZ2V0dGluZyBkaWZmaWN1bHQuIExldCdzIGdvIGJhY2sgdG8gXjAwMDBDREVsZW5hIEJvbGtvdmFeMDAwMDAwLik=,,,,,W3swfV0KKC4uLi4uLklzc28gZXN0w6EgZmljYW5kbyBjb21wbGljYWRvLiBWYW1vcyB2b2x0YXIgcGFyYSBhIF4wMDAwQ0RFbGVuYSBCb2xrb3ZhXjAwMDAwMCk=,,W3swfV0KKC4uLkVzdG8gc2UgZXN0w6EgcG9uaWVuZG8gZGlmw61jaWwuIFJlZ3Jlc2Vtb3MgY29uIF4wMDAwQ0RFbGVuYSBCb2xrb3ZhXjAwMDAwMCku
VY2cBw,,W0phbmEgTGV2ZWRldl0KWW91J3JlIGhlcmUgYWdhaW4/,,,,,W0phbmEgTGV2ZWRldl0KVm9jw6ogYXF1aSBkZSBub3ZvPw==,,W0phbmEgTGV2ZWRldl0Kwr9Fc3TDoXMgYXF1w60gb3RyYSB2ZXo/
Vo2cBw,,W3swfV0KKCBJIGRpZCB0YWtlIHRoZSBjb29raWUuLi4gV2hlcmUgaXMgaXQ/CkxldCdzIGdvIGJhY2sgdG8gRXJpY3Nzb24gYW5kIHRhbGsgdG8gaGltLik=,,,,,W3swfV0KKEV1IHBlZ3VlaSBvIGJpc2NvaXRvLi4uIE9uZGUgZXN0w6E/ClZhbW9zIHZvbHRhciBlIGZhbGFyIGNvbSBvIEVyaWNzc29uKQ==,,W3swfV0KKEFnYXJyw6kgbGEgZ2FsbGV0YS4uLiDCv0TDs25kZSBlc3TDoT8KVm9sdmFtb3MgY29uIEVyaWNzc29uIHkgaGFibGVtb3MgY29uIMOpbCku
V42cBw,,W3swfV0KSGVsbG8sIGd1eXM/,,,,,W3swfV0KT2zDoSwgcGVzc29hbD8=,,W3swfV0Kwr9Ib2xhLCBjaGljb3M/
WI2cBw,,W0phbmEgTGV2ZWRldl0KLi4uRG8geW91IGhhdmUgc28gbXVjaCBmcmVlIHRpbWU/IFdoeSBkbyB5b3Uga2VlcCBzdGFsa2luZyB1cz8=,,,,,W0phbmEgTGV2ZWRldl0KLi4uVm9jw6ogdGVtIHRhbnRvIHRlbXBvIGxpdnJlIGFzc2ltPyBQb3IgcXVlIHZvY8OqIGNvbnRpbnVhIG5vcyBwZXJzZWd1aW5kbz8=,,W0phbmEgTGV2ZWRldl0Kwr9UYW50byB0aWVtcG8gbGlicmUgdGllbmVzPyDCv1BvciBxdcOpIHNpZ3VlcyBtb2xlc3TDoW5kb25vcz8=
WY2cBw,,VGhlcmUncyBzb21ldGhpbmcgSSB3b3VsZCBsaWtlIHRvIHRlbGwgeW91Lg==,,,,,UXVlcm8gZGl6ZXIgYWxnbyBwYXJhIHZvY8Oqcy4=,,SGF5IGFsZ28gcXVlIG1lIGd1c3RhcsOtYSBkZWNpcmxlcy4=
Wo2cBw,,V2FudCBzb21lIGNvb2tpZT8=,,,,,UXVlcmVtIHVtIGJpc2NvaXRvPw==,,wr9RdWllcmVuIHVuYSBnYWxsZXRhPw==
W42cBw,,W0phbmEgTGV2ZWRldl0KSSBkb24ndCB3YW50IHRvIGhlYXIgaXQuClVubGVzcyB5b3UgcGF5IHVzIDEgbWlsbGlvbiBaZW55IGZvciBsaXN0ZW5pbmcgdG8geW91ciBzdG9yeSwgbGVhdmUgbm93Lg==,,,,,W0phbmEgTGV2ZWRldl0KRXUgbsOjbyBxdWVybyBlc2N1dGFyLgpBIG1lbm9zIHF1ZSB2b2PDqiBub3MgcGFndWUgMSBtaWxow6NvIGRlIHplbnlzIHBhcmEgb3V2aXIgYSBzdWEgaGlzdMOzcmlhLCB2w6EgZW1ib3JhLg==,,W0phbmEgTGV2ZWRldl0KTm8gcXVpZXJvIGVzY3VjaGFybG8uCkEgbWVub3MgcXVlIG5vcyBwYWd1ZXMgMSBtaWxsw7NuIGRlIHplbnkgcG9yIGVzY3VjaGFyIHR1IGhpc3RvcmlhLCB2ZXRlIGFob3JhLg==
XI2cBw,,W0phbmEgTGV2ZWRldl0KSSBkb24ndCBrbm93IHdoYXQgeW91IGFyZSB1cCB0by4gQnV0IHdlLi4uCi4uLldhaXQsIHdoZXJlIGRpZCB5b3UgZ2V0IHRoaXMgY29va2llPw==,,,,,W0phbmEgTGV2ZWRldl0KRXUgbsOjbyBzZWkgbyBxdWUgdm9jw6ogZXN0w6EgdHJhbWFuZG8uIE1hcyBuw7NzLi4uCi4uLkVzcGVyYSwgb25kZSB2b2PDqiBjb25zZWd1aXUgZXNzZSBiaXNjb2l0bz8=,,W0phbmEgTGV2ZWRldl0KTm8gc8OpIHF1w6kgZXN0w6FzIHRyYW1hbmRvLiBQZXJvIG5vc290cm9zLi4uCi4uLkVzcGVyYSwgwr9kZSBkw7NuZGUgc2FjYXN0ZSBlc2EgZ2FsbGV0YT8=
XY2cBw,,SmFuYSBMZXZlZGV2OiBUaGlzIGNvb2tpZSBiYXNrZXQsIGdyYW5kbWEgTHVjeS4uLj8=,,,,,SmFuYSBMZXZlZGV2OiBFc3NhIGNlc3RhIGRlIGJpc2NvaXRvcywgdm92w7MgTHVjeT8=,,SmFuYSBMZXZlZGV2OiBFc3RhIGNlc3RhIGRlIGdhbGxldGFzLCDCv2xhIGFidWVsYSBMdWN5Li4uPw==
Xo2cBw,,W3swfV0KU29tZW9uZSB5b3Uga25vdyB3ZWxsIHRvbGQgbWUgdG8gZ2l2ZSB0aGlzIHRvIHlvdS4=,,,,,W3swfV0KQWxndcOpbSBxdWUgdm9jw6ogY29uaGVjZSBiZW0gbWUgZGlzc2UgcGFyYSBsaGUgZGFyIGlzdG8u,,W3swfV0KQWxndWllbiBxdWUgbG9zIGNvbm9jZSBiaWVuIG1lIGRpam8gcXVlIGxlcyBkaWVyYSBlc3RvLg==
X42cBw,,W0lseWEgTGV2ZWRldl0KLi4uLi4uQ29tbWFuZGVyIEFkbGVyPw==,,,,,W0lseWEgTGV2ZWRldl0KLi4uLi4uLkNvbWFuZGFudGUgQWRsZXI/,,W0lseWEgTGViZWRldl0Kwr9FbCBjb21hbmRhbnRlIEFkbGVyPw==
YI2cBw,,W3swfV0KQW5kIGhlIGFsc28gc2FpZCB0aGlzLgpUcnVzdCBtZS4gQW5kIHRlbGwgdGhlIGFkdmVudHVyZXIgaWYgeW91IGhhdmUgYW55IHByb2JsZW0uClRoaXMgaXMgbXkgcmVxdWVzdC4gQ291bGQgeW91IHBsZWFzZSB0ZWxsIG1lPw==,,,,,W3swfV0KRSBlbGUgdGFtYsOpbSBkaXNzZSBpc3NvLgpDb25maWUgZW0gbWltLiBFIGRpZ2EgYW8gYXZlbnR1cmVpcm8gc2Ugdm9jw6ogdGl2ZXIgcXVhbHF1ZXIgcHJvYmxlbWEuCkVzdGUgw6kgbyBtZXUgcGVkaWRvLiBQb2RlcmlhIG1lIGRpemVyLCBwb3IgZmF2b3I/,,W3swfV0KWSB0YW1iacOpbiBkaWpvIGVzdG8uCkNvbmbDrWEgZW4gbcOtLiBRdWUgbGUgaW5mb3JtYXJhbiBhbCB0cm90YW11bmRvcyBzaSB0ZW7DrWFuIGFsZ8O6biBwcm9ibGVtYS4KRXN0YSBlcyBtaSBwZXRpY2nDs24uIMK/UG9kcsOtYW4gZGVjw61ybWVsbywgcG9yIGZhdm9yPw==
YY2cBw,,W0phbmEgTGV2ZWRldl0KLi4uLi4uV2hhdC4uLgpUaGF0Li4gaXMgYSBsaWUuIEhvdyBjYW4gSSB0cnVzdCBhbiBhZHZlbnR1cmVyLi4uPw==,,,,,W0phbmEgTGV2ZWRldl0KLi4uLi4uTyBxdcOqLi4uCklzc28uLi4gw6kgbWVudGlyYS4gQ29tbyBldSBwb3NzbyBjb25maWFyIGVtIHVtIGF2ZW50dXJlaXJvLi4uPw==,,W0phbmEgTGV2ZWRldl0KLi4uUXXDqS4uLgpFc28uLi4gZXMgbWVudGlyYS4gwr9Dw7NtbyBwdWVkbyBjb25maWFyIGVuIHVuIHRyb3RhbXVuZG9zLi4uPw==
Yo2cBw,,SmFuYSBMZXZlZGV2OiBEbyB5b3UgdGhpbmsgeW91IGNhbiBsdXJlIHVzIHdpdGggYSBjb29raWU/,,,,,SmFuYSBMZXZlZGV2OiBWb2PDqiBhY2hhIHF1ZSBwb2RlIG5vcyBjb252ZW5jZXIgY29tIHVtIGJpc2NvaXRvPw==,,SmFuYSBMZXZlZGV2OiDCv0NyZWVzIHF1ZSBwdWVkZXMgYXRyYWVybm9zIGNvbiB1bmEgZ2FsbGV0YT8=
Y42cBw,,SWx5YSBMZXZlZGV2OiBKYW5hLi4u,,,,,SWx5YSBMZXZlZGV2OiBKYW5hLi4u,,SWx5YSBMZWJlZGV2OiBKYW5hLi4u
ZI2cBw,,W3swfV0KQXMgSSB0b2xkIHlvdSBlYXJsaWVyLCBwbGVhc2UgdGhpbmsgYWJvdXQgY29tbWFuZGVyIEFkbGVyLgpIZSdzIHNvIHdvcnJpZWQgYWJvdXQgeW91LiBTbyBhbSBJLCBhbmQgc28gaXMgY29tbWFuZGVyIEJvbGtvdmEu,,,,,W3swfV0KQ29tbyBldSBkaXNzZSBhbnRlcywgcGVuc2Ugbm8gY29tYW5kYW50ZSBBZGxlci4KRWxlIGVzdMOhIG11aXRvIHByZW9jdXBhZG8gY29tIHZvY8Oqcy4gRXUgdGFtYsOpbSBlc3RvdSwgYSBjb21hbmRhbnRlIEJvbGtvdmEgdGFtYsOpbS4=,,W3swfV0KQ29tbyBsZXMgZGlqZSBhbnRlcywgcG9yIGZhdm9yLCBwaWVuc2VuIGVuIGVsIGNvbWFuZGFudGUgQWRsZXIuCkVzdMOhIG11eSBwcmVvY3VwYWRvIHBvciB1c3RlZGVzLiBZbyB0YW1iacOpbiwgeSBsYSBjb21hbmRhbnRlIEJvbGtvdmEgdGFtYmnDqW4u
ZY2cBw,,W0phbmEgTGV2ZWRldl0KV2UuLi4KTm8uIFdlIHdvbid0IHRlbGwgeW91Lg==,,,,,W0phbmEgTGV2ZWRldl0KTsOzcy4uLgpOw6NvLiBOw6NvIHZhbW9zIGNvbnRhciBhIHZvY8OqLg==,,W0phbmEgTGV2ZWRldl0KRXN0w6FiYW1vcy4uLgpOby4gTm8gdGUgbG8gZGlyZW1vcy4=
Zo2cBw,,W3swfV0KUGxlYXNlIHRlbGwgbWUgb25lIHRoaW5nLgpJIGhlYXJkIHlvdSBkaWRuJ3QgcnVpbiB5b3Vyc2VsZiBsaWtlIHRoaXMgYmVmb3JlLgpXaHkgZG8geW91IGtlZXAgaHVydGluZyB5b3Vyc2VsZj8=,,,,,W3swfV0KUG9yIGZhdm9yLCBkaWdhLW1lIHVtYSBjb2lzYS4KT3V2aSBkaXplciBxdWUgdm9jw6pzIG7Do28gc2Ugc2Fib3RhdmFtIGFzc2ltIGFudGVzLgpQb3IgcXVlIHZvY8OqcyBjb250aW51YW0gc2UgbWFjaHVjYW5kbz8=,,W3swfV0KUG9yIGZhdm9yLCBkw61nYW5tZS4KT8OtIHF1ZSBhbnRlcyBubyBzZSBhdXRvc2Fib3RlYWJhbiBhc8OtLgrCv1BvciBxdcOpIHNpZ3VlbiBoYWNpw6luZG9zZSBkYcOxbz8=
Z42cBw,,W0phbmEgTGV2ZWRldl0=,,,,,W0phbmEgTGV2ZWRldl0=,,W0phbmEgTGV2ZWRldl0=
aI2cBw,,SmFuYSBMZXZlZGV2OiBPaC4uLg==,,,,,SmFuYSBMZXZlZGV2OiBBaC4uLg==,,SmFuYSBMZXZlZGV2OiBPaC4uLg==
aY2cBw,,V2h5IGRvIHlvdSBzYXkgdGhhdD8gV2hhdCBkbyB5b3Uga25vdyBhYm91dCB1cz8KWW91IGtub3cgbm90aGluZyE=,,,,,UG9yIHF1ZSB2b2PDqiBkaXogaXNzbz8gTyBxdWUgdm9jw6ogc2FiZSBzb2JyZSBuw7NzPwpWb2PDqiBuw6NvIHNhYmUgZGUgbmFkYSE=,,wr9Qb3IgcXXDqSBsbyBkaWNlcz8gwr9RdcOpIHNhYmVzIGRlIG5vc290cm9zPwrCoU5vIHNhYmVzIG5hZGEh
ao2cBw,,W0phbmEgTGV2ZWRldl0KLi4uSSB3YXMgc28uLgpzY2FyZWQuLi4uLi4gc28uLi4=,,,,,W0phbmEgTGV2ZWRldl0KLi4uRXUgZXN0YXZhIHTDo28uLi4KQXNzdXN0YWRhLi4uLi4gVMOjby4uLg==,,W0phbmEgTGV2ZWRldl0KWW8gZXN0YWJhIHRhbi4uLgphc3VzdGFkYS4uLiBhc8OtIHF1ZS4uLg==
a42cBw,,W3swfV0KU2NhcmVkLi4uPw==,,,,,W3swfV0KQXNzdXN0YWRhLi4uPw==,,W3swfV0Kwr9Bc3VzdGFkYT8=
bI2cBw,,W0phbmEgTGV2ZWRldl0KQW5kIHRoZW4uLi4gSSBnb3Qgb3V0IG9mIHNoYXBlLi4uClNvIEkgd2FzIHNjYXJlZC4uLiBJIGRpZCBzby4uLiBvbiBwdXJwb3NlLi4uIHNuaWZmbGUu,,,,,W0phbmEgTGV2ZWRldl0KRSBlbnTDo28uLi4gRXUgZmlxdWVpIGZvcmEgZGUgbWltLi4uCkVzdGF2YSBhc3N1c3RhZGEuLi4gRXUgZml6Li4uIGRlIHByb3DDs3NpdG8uLi4gc25pZi4=,,W0phbmEgTGV2ZWRldl0KWSBlbnRvbmNlcy4uLiBwZXJkw60gZWwgY29udHJvbC4uLgpFc3RhYmEgYXN1c3RhZGEuLi4gTG8gaGljZS4uLiBhIHByb3DDs3NpdG8uLi4gKlNvbGxvemEqLg==
bY2cBw,,W0lseWEgTGV2ZWRldl0KLi4uLi4u,,,,,W0lseWEgTGV2ZWRldl0KLi4uLi4u,,W0lseWEgTGViZWRldl0KLi4u
bo2cBw,,W0lseWEgTGV2ZWRldl0KSSdtIHN1cmUgeW91IGtub3cgd2hhdCBoYXBwZW5lZCBkdXJpbmcgb3VyIGZpcnN0IG1pc3Npb24uLi4gbm90IGxvbmcgYWdvLgpBZnRlciB0aGF0LiBKYW5hIGhhZCBzdWNoIGEgaGFyZCB0aW1lLg==,,,,,W0lseWEgTGV2ZWRldl0KVGVuaG8gY2VydGV6YSBxdWUgdm9jw6ogc2FiZSBvIHF1ZSBhY29udGVjZXUgZHVyYW50ZSBub3NzYSBwcmltZWlyYSBtaXNzw6NvLi4uIG7Do28gZmF6IG11aXRvIHRlbXBvLgpEZXBvaXMgZGlzc28sIEphbmEgcGFzc291IHBvciB1bSBtb21lbnRvIGRpZsOtY2lsLg==,,W0lseWEgTGViZWRldl0KRXN0b3kgc2VndXJvIGRlIHF1ZSBzYWJlcyBsbyBxdWUgcGFzw7MgZHVyYW50ZSBudWVzdHJhIHByaW1lcmEgbWlzacOzbi4uLiBubyBoYWNlIG11Y2hvLgpEZXNwdcOpcyBkZSBlc28sIEphbmEgbGEgcGFzw7MgbXV5IG1hbC4=
b42cBw,,W0lseWEgTGV2ZWRldl0KYmVjYXVzZSBKYW5hIGFuZCBJIGhhZCBiZWVuIHNvIGNvbmZpZGVudCB0aGF0IHdlIHdvdWxkIGRvIHdlbGwuClRoZW4gaXQgaGFwcGVuZWQuLi4gYW5kIHdlLi4uIHdlcmUgc28gbWlzZXJhYmxlLg==,,,,,W0lseWEgTGV2ZWRldl0KUG9ycXVlIEphbmEgZSBldSBlc3TDoXZhbW9zIHTDo28gY29uZmlhbnRlcyBkZSBxdWUgbm9zIHNhaXLDrWFtb3MgYmVtLgpFIGVudMOjbyBhY29udGVjZXUuLi4gRSBuw7NzLi4uIGZpY2Ftb3MgYXJyYXNhZG9zLg==,,W0lseWEgTGViZWRldl0KSmFuYSB5IHlvIGVzdMOhYmFtb3MgbXV5IHNlZ3Vyb3MgZGUgcXVlIG5vcyBpcsOtYSBiaWVuLgpFbnRvbmNlcywgc3VjZWRpw7MuLi4geSBub3Mgc2VudGltb3MgdGFuIG1hbC4=
cI2cBw,,W0phbmEgTGV2ZWRldl0KU25pZmZsZS4gV2UgZGlkbid0IHRocm93IHRoZSBncmVuYWRlIG9uIHB1cnBvc2UgYW5kIHdlIGRpZG4ndCBlbmpveSBpdCBlaXRoZXIuIEl0J3Mgb3V0IGZhdWx0LiBCdXQsIGJ1dC4uLg==,,,,,W0phbmEgTGV2ZWRldl0KU25pZi4gTsOjbyBqb2dhbW9zIGEgZ3JhbmFkYSBkZSBwcm9ww7NzaXRvIG5lbSBnb3N0YW1vcyBkZSB0ZXJtb3Mgam9nYWRvLiDDiSBub3NzYSBjdWxwYS4gTWFzLCBtYXMuLi4=,,W0phbmEgTGV2ZWRldl0KKlNvbGxvemEqLiBObyBsYW56YW1vcyBsYSBncmFuYWRhIGEgcHJvcMOzc2l0byB5IHRhbXBvY28gbG8gZGlzZnJ1dGFtb3MuIEVzIGN1bHBhIG51ZXN0cmEuIFBlcm8sIHBlcm8uLi4=
cY2cBw,,W0phbmEgTGV2ZWRldl0KV2Ugd2VyZSBwdW5pc2hlZCBhbmQgbW92ZWQgdG8gVVNVLi4uIFRoZW4gd2UgZmVsdCB0aGF0IGV2ZXJ5b25lIGVsc2UgcmVnYXJkcyB1cyBhcyBob3JyaWJsZSBraWRzLg==,,,,,W0phbmEgTGV2ZWRldl0KRm9tb3MgcHVuaWRvcyBlIHRyYW5zZmVyaWRvcyBwYXJhIGEgVVMuLi4gRW50w6NvIHNlbnRpbW9zIHF1ZSB0b2RvcyBub3MgY29uc2lkZXJhdmFtIGNyaWFuw6dhcyBob3Jyw612ZWlzLg==,,W0phbmEgTGV2ZWRldl0KTm9zIGNhc3RpZ2Fyb24geSBub3MgdHJhc2xhZGFyb24gYSBsYSBVUy4uLiBFbnRvbmNlcywgc2VudGltb3MgcXVlIGxvcyBkZW3DoXMgbm9zIHZlw61hbiBjb21vIHVub3MgbWFsY3JpYWRvcy4=
co2cBw,,SmFuYSBMZXZlZGV2OiBBY3R1YWxseSwgd2UgaGVhcmQgc29tZSBwZW9wbGUgc2F5aW5nIHNvLiBFdmVuIHNvbWUgcGVvcGxlIHdobyBkb24ndCBrbm93IHVzIHNhaWQgc3VjaCB0aGluZ3Mu,,,,,SmFuYSBMZXZlZGV2OiBOYSB2ZXJkYWRlLCBvdXZpbW9zIGFsZ3VtYXMgcGVzc29hcyBmYWxhbmRvIGlzc28uIEF0w6kgbWVzbW8gcGVzc29hcyBxdWUgbsOjbyBub3MgY29uaGVjaWFtIGZhbGFyYW0gZXNzYXMgY29pc2FzLg==,,SmFuYSBMZXZlZGV2OiBEZSBoZWNobywgb8OtbW9zIGEgYWxndW5hcyBwZXJzb25hcyBkZWNpcmxvLiBJbmNsdXNvIGFsZ3VuYXMgcGVyc29uYXMgcXVlIG5vIG5vcyBjb25vY2VuIGRpamVyb24gZXNhcyBjb3Nhcy4=
c42cBw,,W0lseWEgTGV2ZWRldl0KV2Ugd2FudGVkIHRvIHRhbGsgdG8gY29tbWFuZGVyIEVyaWNzc29uLiBCdXQgd2UgY291bGRuJ3QsIGJlY2F1c2Ugd2Ugd2VyZSBhc3NpZ25lZCB0byBhbm90aGVyIHVuaXQu,,,,,W0lseWEgTGV2ZWRldl0KUXVlcsOtYW1vcyBmYWxhciBjb20gbyBjb21hbmRhbnRlIEVyaWNzc29uLiBNYXMgbsOjbyBwdWRlbW9zLCBwb3JxdWUgZm9tb3MgdHJhbnNmZXJpZG9zIHBhcmEgb3V0cmEgdW5pZGFkZS4=,,W0lseWEgTGViZWRldl0KUXVlcsOtYW1vcyBoYWJsYXIgY29uIGVsIGNvbWFuZGFudGUgRXJpY3Nzb24sIHBlcm8gbm8gcHVkaW1vcyBwb3JxdWUgbm9zIGFzaWduYXJvbiBhIG90cmEgdW5pZGFkLg==
dI2cBw,,W0phbmEgTGV2ZWRldl0KV2UgaGFkIG5vIGlkZWEgd2hhdCB0byBkby4gV2UganVzdCB3YW50ZWQgdG8gcnVuIGF3YXkuIEJlY2F1c2UgZXZlcnlvbmUgd2FzIGJsYW1pbmcgdXMgYW5kIGRpc2FwcG9pbnRlZCBhdCB1cy4uLgpCdXQgd2UgbGlrZWQgb3VyIHVuaXQgYW5kIGNvbW1hbmRlciBFcmljc3Nvbi4uLg==,,,,,W0phbmEgTGV2ZWRldl0KTsOjbyBzYWLDrWFtb3MgbyBxdWUgZmF6ZXIuIFPDsyBxdWVyw61hbW9zIGZ1Z2lyLiBQb3JxdWUgdG9kb3MgZXN0YXZhbSBkZWNlcGNpb25hZG9zIGNvbSBhIGdlbnRlIGUgbm9zIGN1bHBhbmRvLi4uCk1hcyBnb3N0w6F2YW1vcyBkYSBub3NzYSB1bmlkYWRlIGUgZG8gY29tYW5kYW50ZSBFcmljc3Nvbi4uLg==,,W0phbmEgTGV2ZWRldl0KTm8gdGVuw61hbW9zIG5pIGlkZWEgZGUgcXXDqSBoYWNlci4gU29sbyBxdWVyw61hbW9zIGh1aXIuIFBvcnF1ZSB0b2RvIGVsIG11bmRvIG5vcyBjdWxwYWJhIHkgZXN0YWJhIGRlY2VwY2lvbmFkbyBkZSBub3NvdHJvcy4uLgpQZXJvIG5vcyBndXN0YWJhIG51ZXN0cmEgdW5pZGFkIHkgZWwgY29tYW5kYW50ZSBFcmljc3Nvbi4uLg==
dY2cBw,,W0phbmEgTGV2ZWRldl0KV2UgdGhvdWdodCB0aGF0IHdlIGhhZCBhbHJlYWR5IHJ1aW5lZCBldmVyeXRoaW5nLgpBcyBldmVyeW9uZSB3YXMgYWxyZWFkeSBkaXNhcHBvaW50ZWQgYXQgdXMsIHdlIHRob3VnaHQgd2UgY291bGQgZG8gd2hldGV2ZXIuLi4=,,,,,W0phbmEgTGV2ZWRldl0KUGVuc2Ftb3MgcXVlIHTDrW5oYW1vcyBhcnJ1aW5hZG8gdHVkby4KQ29tbyB0b2RvcyBqw6EgZXN0YXZhbSBkZWNlcGNpb25hZG9zIGNvbm9zY28sIGFjaGFtb3MgcXVlIHBvZMOtYW1vcyBmYXplciBxdWFscXVlciBjb2lzYS4uLg==,,W0phbmEgTGV2ZWRldl0KUGVuc2Ftb3MgcXVlIHlhIGxvIGhhYsOtYW1vcyBlc3Ryb3BlYWRvIHRvZG8uCkNvbW8gdG9kbyBlbCBtdW5kbyB5YSBlc3RhYmEgZGVjZXBjaW9uYWRvIGRlIG5vc290cm9zLCBwZW5zYW1vcyBxdWUgcG9kw61hbW9zIGhhY2VyIGN1YWxxdWllci4uLg==
do2cBw,,SWx5YSBMZXZlZGV2OiBUaGF0J3Mgd2h5IHdlIGFjdGVkIGF0IG91ciBwbGVhc3VyZSwgdGhpbmtpbmcgdGhhdCB3ZSB3b3VsZCBiZSBkaXNjaGFyZ2VkIHNvb24u,,,,,SWx5YSBMZXZlZGV2OiBQb3IgaXNzbyBhZ2ltb3MgZGUgcXVhbHF1ZXIgamVpdG8sIGFjaGFuZG8gcXVlIHNlcsOtYW1vcyBkaXNwZW5zYWRvcyBlbSBicmV2ZS4=,,SWx5YSBMZWJlZGV2OiBQb3IgZXNvLCBoaWNpbW9zIGxvIHF1ZSBxdWlzaW1vcyBwb3JxdWUgcGVuc8OhYmFtb3MgcXVlIHByb250byBub3MgZWNoYXLDrWFuLg==
d42cBw,,W0phbmEgTGV2ZWRldl0KQXMgd2UgYWN0ZWQgYXQgb3VyIHBsZWFzdXJlLCB0aGluZ3MgZ290IHdvcnNlIGFuZCB3b3JzZS4uLiBTbyB3ZSB3ZXJlIHNjYXJlZC4uLgpUaGVuIHdlIGJlZ2FuIHRvIGJlbGlldmUgdGhhdCB3ZSB3ZXJlIHRoZSB3b3JzdCBhbmQgaG9wZWxlc3Mga2lkcy4uLg==,,,,,W0phbmEgTGV2ZWRldl0KQ29uZm9ybWUgYWfDrWFtb3MsIGFzIGNvaXNhcyBpYW0gcGlvcmFuZG8gY2FkYSB2ZXogbWFpcy4gRSBuw7NzIGZpY2Ftb3MgYXNzdXN0YWRvcy4uLgpFbnTDo28gY29tZcOnYW1vcyBhIGFjcmVkaXRhciBxdWUgw6lyYW1vcyBhcyBwaW9yZXMgY3JpYW7Dp2FzLCBzZW0gc2FsdmHDp8Ojby4uLg==,,W0phbmEgTGV2ZWRldl0KQSBtZWRpZGEgcXVlIGhhY8OtYW1vcyBsbyBxdWUgcXVlcsOtYW1vcywgbGFzIGNvc2FzIGVtcGVvcmFiYW4uLi4gQXPDrSBxdWUgdGVuw61hbW9zIG1pZWRvLi4uCkVudG9uY2VzIGVtcGV6YW1vcyBhIGNyZWVyIHF1ZSDDqXJhbW9zIGxvcyBwZW9yZXMgbmnDsW9zLCBxdWUgbm8gdGVuw61hbW9zIHJlbWVkaW8uLi4=
eI2cBw,,SWx5YSBMZXZlZGV2OiBTbyB3ZSB0aG91Z2h0IHRoYXQgd2Ugd291bGQgYmUgbGVmdCBhd2F5IGFnYWluLi4u,,,,,SWx5YSBMZXZlZGV2OiBFbnTDo28gcGVuc2Ftb3MgcXVlIHNlcsOtYW1vcyBhYmFuZG9uYWRvcyBkZSBub3ZvLi4u,,SWx5YSBMZWJlZGV2OiBBc8OtIHF1ZSBwZW5zYW1vcyBxdWUgbm9zIGRlamFyw61hbiBkZSBsYWRvIGRlIG51ZXZvLi4u
eY2cBw,,W0lseWEgTGV2ZWRldl0KSXQncyBqdXN0IG91ciBleGN1c2UgdGhhdCBub2JvZHkgc3RvcHBlZCB1cy4uLgpJJ20gc29ycnkgdG8gaGF2ZSB0cm91YmxlZCB5b3UuLi4=,,,,,W0lseWEgTGV2ZWRldl0KQ29tbyBuaW5ndcOpbSBub3MgaW1wZWRpYSwgaXNzbyBzZSB0b3Jub3Ugbm9zc2EgZGVzY3VscGEuLi4KU2ludG8gbXVpdG8gdGVyIGluY29tb2RhZG8gdm9jw6ouLi4=,,W0lseWEgTGViZWRldl0KU29sbyB0ZW5lbW9zIGxhIGV4Y3VzYSBkZSBxdWUgbmFkaWUgbm9zIGRldHV2by4uLgpTaWVudG8gaGFiZXJ0ZSBtb2xlc3RhZG8uLi4=
eo2cBw,,W0phbmEgTGV2ZWRldl0KSSdtLi4uIHNvcnJ5IHRvby4uLg==,,,,,W0phbmEgTGV2ZWRldl0KRXUuLi4gc2ludG8gbXVpdG8gdGFtYsOpbS4uLg==,,W0phbmEgTGV2ZWRldl0KWW8gdGFtYmnDqW4uLi4gbG8gc2llbnRvLi4u
e42cBw,,SWx5YSBMZXZlZGV2OiBBbmQgdGhhbmsgeW91Li4uLg==,,,,,SWx5YSBMZXZlZGV2OiBFIG9icmlnYWRvLi4u,,SWx5YSBMZWJlZGV2OiBZIGdyYWNpYXMuLi4=
fI2cBw,,W3swfV0KVGhhdCdzIHdoYXQgaGFwcGVuZWQuLi4gTm93IEkga25vdyB5b3Ugc3VmZmVyZWQgYSBsb3QuCkNhbiBJIHRlbGwgdGhpcyB0byB5b3VyIGNvbW1hbmRlcj8KT2YgY291cnNlIEkgd29uJ3QgdGVsbCBhbnlvbmUgZWxzZS4=,,,,,W3swfV0KRm9pIGlzc28gbyBxdWUgYWNvbnRlY2V1LiBBZ29yYSBldSBzZWkgcXVlIHZvY8OqcyBzb2ZyZXJhbSBtdWl0by4KUG9zc28gZGl6ZXIgaXNzbyDDoCBzdWEgY29tYW5kYW50ZT8KQ2xhcm8gcXVlIGV1IG7Do28gY29udGFyZWkgcGFyYSBtYWlzIG5pbmd1w6ltLg==,,W3swfV0KRXNvIGVzIGxvIHF1ZSBwYXPDsy4uLiBBaG9yYSBzw6kgcXVlIHN1ZnJpZXJvbiBtdWNoby4Kwr9QdWVkbyBkZWNpcmxlIGVzdG8gYSBzdSBjb21hbmRhbnRlPwpQb3Igc3VwdWVzdG8gcXVlIG5vIHNlIGxvIGRpcsOpIGEgbmFkaWUgbcOhcy4=
fY2cBw,,SWx5YSBMZXZlZGV2OiBZZXMuIHBsZWFzZS4=,,,,,SWx5YSBMZXZlZGV2OiBTaW0sIHBvciBmYXZvci4=,,SWx5YSBMZWJlZGV2OiBTw60sIHBvciBmYXZvci4=
fo2cBw,,SmFuYSBMZXZlZGV2OiBZZXMuLi4=,,,,,SmFuYSBMZXZlZGV2OiBDZXJ0by4uLg==,,SmFuYSBMZXZlZGV2OiBTw60uLi4=
f42cBw,,W3swfV0KKFlvdSBoZWFyZCB0aGVpciBzdG9yeS4gTGV0J3MgZ28gdG8gXjAwMDBDREVsZW5hIEJvbGtvdmFeMDAwMDAwIGFuZCB0ZWxsIGhlci4p,,,,,W3swfV0KKFZvY8OqIG91dml1IGEgaGlzdMOzcmlhIGRlbGVzLiBWYW1vcyBlbmNvbnRyYXIgXjAwMDBDREVsZW5hIEJvbGtvdmFeMDAwMDAwIGUgY29udGFyIHBhcmEgZWxhKQ==,,W3swfV0KKFlhIGVzY3VjaGFzdGUgc3UgaGlzdG9yaWEuIFJlZ3Jlc2Vtb3MgY29uIF4wMDAwQ0RFbGVuYSBCb2xrb3ZhXjAwMDAwMCBwYXJhIGNvbnRhcmxlKS4=
gI2cBw,,W0phbmEgTGV2ZWRldl0KT2gsIHdoeSBkaWQgeW91IGNvbWUgYmFjayBzbyBlYXJseT8KSWYgSSBrZWVwIHNheWluZyB0aGUgc2FtZSB3b3JkcywgcHJpbnQgdGhlIHNjcmVlbiBhbmQgY29udGFjdCB0aGUgYWRtaW5pc3RyYXRpb24gdGVhbS4=,,,,,W0phbmEgTGV2ZWRldl0KQWgsIHBvciBxdWUgdm9jw6ogdm9sdG91IHTDo28gY2Vkbz8KU2UgZXUgY29udGludWFyIGZhbGFuZG8gYXMgbWVzbWFzIHBhbGF2cmFzLCBjYXB0dXJlIHVtYSBpbWFnZW0gZGEgdGVsYSBlIGVudHJlIGVtIGNvbnRhdG8gY29tIGEgZXF1aXBlIGFkbWluaXN0cmF0aXZhLg==,,W0phbmEgTGV2ZWRldl0Kwr9Qb3IgcXXDqSB2b2x2aXN0ZSB0YW4gcHJvbnRvPwpTaSBzaWdvIHJlcGl0aWVuZG8gbGFzIG1pc21hcyBwYWxhYnJhcywgc2FjYSBjYXB0dXJhIGRlIGxhIHBhbnRhbGxhIHkgcG9udGUgZW4gY29udGFjdG8gY29uIGVsIGVxdWlwbyBkZSBhZG1pbmlzdHJhY2nDs24u
gY2cBw,,W0phbmEgTGV2ZWRldl0KLi4uLi4uCldlJ2xsIGJlIHNjb2xkZWQuLi4KQnV0IHdlIGhhdmUgbm8gY2hvaWNlLiBJdCdzIG91ciBmYXVsdC4gUGxlYXNlIHJlcG9ydCB0byBvdXIgY29tbWFuZGVyLg==,,,,,W0phbmEgTGV2ZWRldl0KLi4uLi4uClNlcmVtb3MgcmVwcmVlbmRpZG9zLi4uCk1hcyBuw6NvIHRlbW9zIGVzY29saGEuIMOJIG5vc3NhIGN1bHBhLiBQb3IgZmF2b3IsIHJlbGF0ZSDDoCBub3NzYSBjb21hbmRhbnRlLg==,,W0phbmEgTGV2ZWRldl0KLi4uCk5vcyByZWdhw7FhcsOhbi4uLgpQZXJvIG5vIHRlbmVtb3MgZWxlY2Npw7NuLiBFcyBjdWxwYSBudWVzdHJhLiBQb3IgZmF2b3IsIGluZm9ybWEgYSBudWVzdHJhIGNvbWFuZGFudGUu
go2cBw,,SmFuYSBMZXZlZGV2OiBXaGF0IGlmIHNoZSB0ZWxscyB1cyB0byBsZWF2ZSB0aGlzIHVuaXQuLi4/,,,,,SmFuYSBMZXZlZGV2OiBFIHNlIGVsYSBmYWxhciBxdWUgcHJlY2lzYW1vcyBzYWlyIGRhIHVuaWRhZGU/,,SmFuYSBMZXZlZGV2OiDCv1kgc2kgbm9zIGRpY2UgcXVlIGFiYW5kb25lbW9zIGVzdGEgdW5pZGFkLi4uPw==
g42cBw,,W0phbmEgTGV2ZWRldl0KQ2FsbCBmcm9tIFVTVSBjb21tYW5kZXI/ClNoZSB3aWxsIHRlbGwgdXMgdGhhdCBzdG9yeS4uLg==,,,,,W0phbmEgTGV2ZWRldl0KQSBjb21hbmRhbnRlIEVsZW5hIGVzdMOhIG5vcyBjaGFtYW5kbz8KRWxhIG5vcyBjb250YXLDoSBhcXVlbGEgaGlzdMOzcmlhLi4u,,W0phbmEgTGV2ZWRldl0Kwr9Ob3MgbGxhbWEgbGEgY29tYW5kYW50ZSBFbGVuYT8KTm9zIGNvbnRhcsOhIGVzYSBoaXN0b3JpYS4uLg==
hI2cBw,,W0phbmEgTGV2ZWRldl0KV2UnbGwgYmUga2lja2VkIG91dC4uLj8=,,,,,W0phbmEgTGV2ZWRldl0KU2VyZW1vcyBleHB1bHNvcz8=,,W0phbmEgTGV2ZWRldl0Kwr9Ob3MgZWNoYXLDoW4uLi4/
hY2cBw,,W3swfV0KSSdtIGNvbWluZyB3aXRoIHlvdS4gSSB3aWxsIGRlZmVuZCB5b3Uu,,,,,W3swfV0KRXUgdm91IGNvbSB2b2PDqnMuIERlZmVuZGVyZWkgdm9jw6pzLg==,,W3swfV0KVm95IGNvbiB1c3RlZGVzLiBMb3MgZGVmZW5kZXLDqS4=
ho2cBw,,W0lseWEgTGV2ZWRldl0KVGhhbmsgeW91Li4uCi4uLkkgaG9wZSBKYW5hIGNoZWVycyB1cC4=,,,,,W0lseWEgTGV2ZWRldl0KT2JyaWdhZG8uLi4KLi4uRXNwZXJvIHF1ZSBKYW5hIHNlIGFuaW1lLg==,,W0lseWEgTGViZWRldl0KR3JhY2lhcy4uLgouLi5lc3Blcm8gcXVlIEphbmEgc2UgYW5pbWUu
h42cBw,,W0phbmEgTGV2ZWRldl0KWWVzLCBJJ20gY29taW5nLi4u,,,,,W0phbmEgTGV2ZWRldl0KU2ltLCBlc3RvdSBpbmRvLi4u,,W0phbmEgTGV2ZWRldl0KU8OtLCB2b3kuLi4=
iI2cBw,,W0phbmEgTGV2ZWRldl0KSSdtIHNjYXJlZCB3aGF0IHNoZSdzIGdvaW5nIHRvIHRlbGwgdXMuLi4gQnV0IHdlIHdpbGwgc3RpbGwgbWVldCBoZXIu,,,,,W0phbmEgTGV2ZWRldl0KVGVuaG8gbWVkbyBkbyBxdWUgZWxhIHZhaSBub3MgZGl6ZXIuLi4gTWFzIGFpbmRhIHZhbW9zIGVuY29udHLDoS1sYS4=,,W0phbmEgTGV2ZWRldl0KVGVuZ28gbWllZG8gZGUgbG8gcXVlIG5vcyBkaXLDoS4uLiBQZXJvIGF1biBhc8OtIG5vcyByZXVuaXJlbW9zIGNvbiBlbGxhLg==
iY2cBw,,SWx5YSBMZXZlZGV2OiBJdCdzIGFsbCBvdXIgZmF1bHQgYW55d2F5Lg==,,,,,SWx5YSBMZXZlZGV2OiDDiSBub3NzYSBjdWxwYSwgZGUgcXVhbHF1ZXIgbWFuZWlyYS4=,,SWx5YSBMZWJlZGV2OiBEZSB0b2RhcyBmb3JtYXMsIHRvZG8gZXMgY3VscGEgbnVlc3RyYS4=
io2cBw,,W0phbmEgTGV2ZWRldl0KQWgsezB9SXQncyBfX19fIQpCeSB0aGUgd2F5LCB3ZSBhcmUgcXVpdGUgc2xlZXB5IG5vdyBhZnRlciB3YW5kZXJpbmcgYXJvdW5kIGFsbCBkYXkgbG9uZy4uLgpJIHdvbmRlciBpdCdzIGFscmVhZHkgdGltZSBmb3IgdXMgdG8gYmUgc2xlZXB5LiBMZXQncyBwbGF5IHRvZ2V0aGVyIHRvbW9ycm93Li4uWnp6,,,,,W0phbmEgTGV2ZWRldl0KQWgsIMOpIHswfSEKQSBwcm9ww7NzaXRvLCBlc3RhbW9zIGNvbSBiYXN0YW50ZSBzb25vIGRlcG9pcyBkZSBhbmRhciBvIGRpYSBpbnRlaXJvLi4uCk1lIHBlcmd1bnRvIHNlIGrDoSBuw6NvIMOpIGhvcmEgZGEgZ2VudGUgZG9ybWlyLiBWYW1vcyBicmluY2FyIGp1bnRvcyBhbWFuaMOjLi4uIFp6eg==,,W0phbmEgTGV2ZWRldl0KwqFBaCwgezB9IQpQb3IgY2llcnRvLCBhaG9yYSB0ZW5lbW9zIGJhc3RhbnRlIHN1ZcOxbyBkZXNwdcOpcyBkZSBkZWFtYnVsYXIgdG9kbyBlbCBkw61hLi4uCk1lIHByZWd1bnRvIHNpIHlhIGVzIGhvcmEgZGUgZG9ybWlyLiBKdWd1ZW1vcyBqdW50b3MgbWHDsWFuYS4uLiAqWnp6Ki4=
i42cBw,,W0phbmEgTGV2ZWRldl0KT2gsezB9ezF9SXQncyBfX19fIQpIYXZlIHlvdSBjb21lIHRvIHBsYXkgd2l0aCB1cz8gT3IgZm9yIGFub3RoZXIgYnVzaW5lc3M/,,,,,W0phbmEgTGV2ZWRldl0KQWgsIHswfSwgezF9IQpWb2PDqiB2ZWlvIGJyaW5jYXIgY29tIGEgZ2VudGU/IE91IMOpIG91dHJvIGFzc3VudG8/,,W0phbmEgTGV2ZWRldl0KwqFPaCwgezB9IHsxfSEKwr9WaW5pc3RlIGEganVnYXIgY29uIG5vc290cm9zPyDCv08gdmluaXN0ZSBwb3Igb3RybyBtb3Rpdm8/
jI2cBw,,SSBoYXZlIGNvbWUgdG8gcGxheSB3aXRoIHlvdSE=,,,,,RXUgdmltIGJyaW5jYXIgY29tIHZvY8OqcyE=,,wqFWaW5lIGEganVnYXIgY29uIHVzdGVkZXMh
jY2cBw,,SSBoYXZlIGNvbWUgZm9yIGFub3RoZXIgYnVzaW5lc3MuIEJ1dCBJIHdhbnRlZCB0byBzYXkgaGVsbG8u,,,,,RXUgdmltIHRyYXRhciBkZSBvdXRybyBhc3N1bnRvLiBNYXMgcXVlcmlhIGRpemVyIG9pLg==,,VmluZSBwb3Igb3RybyBtb3Rpdm8uIFBlcm8gcXVlcsOtYSBzYWx1ZGFyLg==
jo2cBw,,W0phbmEgTGV2ZWRldl0KV293ISBSZWFsbHk/CkJ1dCB7MH0gdGhlIHRydXRoIGlzIHRoYXQgeW91IGFyZSBub3QgcGxheWluZyB3aXRoIHVzLiB7MH0gV2UgYXJlIHBsYXlpbmcgd2l0aCB5b3UuIEhhaGEhCkhtbS4uLiBXaGF0IGFyZSB3ZSBnb2luZyB0byBkbz8=,,,,,W0phbmEgTGV2ZWRldl0KVWF1ISBTw6lyaW8/Ck1hcywgezB9LCBhIHZlcmRhZGUgw6kgcXVlIHZvY8OqIG7Do28gZXN0w6EgYnJpbmNhbmRvIGNvbSBhIGdlbnRlLiB7MH0sIG7Ds3MgcXVlIGVzdGFtb3MgYnJpbmNhbmRvIGNvbSB2b2PDqi4gSGFoYSEKSHVtbS4uLiBPIHF1ZSB2YW1vcyBmYXplcj8=,,W0phbmEgTGV2ZWRldl0KwqFHdWF1ISDCv0RlIHZlcmRhZD8KUGVybywgezB9LCBsYSB2ZXJkYWQgZXMgcXVlIHTDuiBubyBlc3TDoXMganVnYW5kbyBjb24gbm9zb3Ryb3MuIHswfSBzb21vcyBub3NvdHJvcyBsb3MgcXVlIGVzdGFtb3MganVnYW5kbyBjb250aWdvLiDCoUphamFqYSEKTW1tLi4uIMK/UXXDqSBoYXJlbW9zPw==
j42cBw,,W0phbmEgTGV2ZWRldl0KSG1tLi4gQ29tbWFuZGVyIEVsZW5hIHRvbGQgdXMgdG8gbWFrZSBhIGhvYmJ5LgpJIGd1ZXNzIHJlYWRpbmcgaXMgYSBmaW5lIGhvYmJ5LiBJc24ndCBpdD8=,,,,,W0phbmEgTGV2ZWRldl0KSHVtLi4uIEEgY29tYW5kYW50ZSBFbGVuYSBmYWxvdSBwYXJhIGVuY29udHJhcm1vcyB1bSBwYXNzYXRlbXBvLgpBY2hvIHF1ZSBsZXIgw6kgdW0gYm9tIHBhc3NhdGVtcG8uIE7Do28gw6k/,,W0phbmEgTGV2ZWRldl0KTW1tLi4uIExhIGNvbWFuZGFudGUgRWxlbmEgbm9zIGRpam8gcXVlIGJ1c2PDoXJhbW9zIHVuIHBhc2F0aWVtcG8uClN1cG9uZ28gcXVlIGxlZXIgZXMgdW5hIGJ1ZW5hIG9wY2nDs24uIMK/VmVyZGFkIHF1ZSBzw60/
kI2cBw,,W0phbmEgTGV2ZWRldl0KUGxlYXNlIGJvcnJvdyBhIGJvb2sgZm9yIHVzIGZyb20gdGhlIGp1dmVuaWxlIHNlY3Rpb24gb2YgUHJvbnRlcmEgbGlicmFyeS4KVGhlIGJvb2sncyBuYW1lIGlzLi4uIF4wMDAwQ0RJdCdzIGRpenp5IGFmdGVyIGJlaW5nIHNoYWtlbiAxLDAwMCB0aW1lc14wMDAwMDAuIFBsZWFzZSBib3Jyb3cgdGhpcyBmb3IgbWUu,,,,,W0phbmEgTGV2ZWRldl0KUG9yIGZhdm9yLCBwZWd1ZSBlbXByZXN0YWRvIHBhcmEgbsOzcyB1bSBsaXZybyBkYSBzZcOnw6NvIGluZmFudGlsIGRhIGJpYmxpb3RlY2EgZGUgUHJvbnRlcmEuCk8gbm9tZSBkbyBsaXZybyDDqS4uLiBeMDAwMENERW5qb2FkbyBkZSBUYW50byBHaXJhcl4wMDAwMDAuIFBlZ3VlIGVtcHJlc3RhZG8gcGFyYSBtaW0u,,W0phbmEgTGV2ZWRldl0KUGlkZSB1biBsaWJybyBwcmVzdGFkbyBwYXJhIG5vc290cm9zIGRlIGxhIHNlY2Npw7NuIGp1dmVuaWwgZGUgbGEgYmlibGlvdGVjYSBkZSBQcm9udGVyYS4KRWwgbm9tYnJlIGRlbCBsaWJybyBlcy4uLiBeMDAwMENEU2UgbWFyZWEgZGVzcHXDqXMgZGUgc2VyIHNhY3VkaWRvIDEwMDAgdmVjZXNeMDAwMDAwLiBQb3IgZmF2b3IsIHDDrWRlbG8gcHJlc3RhZG8gcGFyYSBtw60u
kY2cBw,,SWx5YSBMZXZlZGV2OiBUaGV5IHNheSBpdCdzIHN1Y2ggYSBmYW1vdXMgYm9vay4=,,,,,SWx5YSBMZXZlZGV2OiBEaXplbSBxdWUgw6kgdW0gbGl2cm8gdMOjbyBmYW1vc28u,,SWx5YSBMZWJlZGV2OiBEaWNlbiBxdWUgZXMgdW4gbGlicm8gbXV5IGZhbW9zby4=
ko2cBw,,W0phbmEgTGV2ZWRldl0KVGhlIGp1dmVuaWxlIGNvcm5lciBvZiB0aGUgUHJvbnRlcmEgbGlicmFyeSBoYXMgZGVzaWduYXRlZCByZW50YWwgc3lzdGVtLiBZb3UgY2FuIGFzayB0aGUgXjAwMDBDRGxpYnJhcmlhbiBpbiBjaGFyZ2Ugb2YganV2ZW5pbGVzXjAwMDAwMC4=,,,,,W0phbmEgTGV2ZWRldl0KQSBzZcOnw6NvIGluZmFudGlsbCBkYSBiaWJsaW90ZWNhIGRlIFByb250ZXJhIHPDsyBmdW5jaW9uYSBwb3IgYWx1Z3VlbC4gUGVyZ3VudGUgcGFyYSBhIF4wMDAwQ0RCaWJsaW90ZWPDoXJpYV4wMDAwMDAu,,W0phbmEgTGV2ZWRldl0KRWwgcmluY8OzbiBqdXZlbmlsIGRlIGxhIGJpYmxpb3RlY2EgZGUgUHJvbnRlcmEgdGllbmUgdW4gc2lzdGVtYSBkZSBhbHF1aWxlciBkZXNpZ25hZG8uIFB1ZWRlcyBwcmVndW50YXJsZSBhbCBlbmNhcmdhZG8gZGUgbGEgXjAwMDBDRHNlY2Npw7NuIGp1dmVuaWwgZGUgbGEgYmlibGlvdGVjYV4wMDAwMDAu
k42cBw,,W0phbmEgTGV2ZWRldl0KUGxlYXNlIGJvcnJvdyBhIGJvb2sgZm9yIHVzIGZyb20gdGhlIGp1dmVuaWxlIHNlY3Rpb24gb2YgUHJvbnRlcmEgbGlicmFyeS4KVGhlIGJvb2sncyBuYW1lIGlzLi4uIF4wMDAwQ0RSZWJlbGxpb24sIHRoZSBoaXN0b3J5IG9mIGxpYmVydHleMDAwMDAwLiBQbGVhc2UgYm9ycm93IHRoaXMgYm9vayBmb3IgbWUu,,,,,W0phbmEgTGV2ZWRldl0KUG9yIGZhdm9yLCBwZWd1ZSBlbXByZXN0YWRvIHVtIGxpdnJvIGRhIGJpYmxpb3RlY2EgZGUgUHJvbnRlcmEuCk8gbm9tZSBkbyBsaXZybyDDqS4uLiBeMDAwMENEUmViZWxpw6NvLCBhIGhpc3TDs3JpYSBkYSBsaWJlcmRhZGVeMDAwMDAwLiBQb3IgZmF2b3IsIHBlZ3VlIGVzc2UgbGl2cm8gZW1wcmVzdGFkbyBwYXJhIG1pbS4=,,W0phbmEgTGV2ZWRldl0KUGlkZSB1biBsaWJybyBwcmVzdGFkbyBwYXJhIG5vc290cm9zIGRlIGxhIHNlY2Npw7NuIGp1dmVuaWwgZGUgbGEgYmlibGlvdGVjYSBkZSBQcm9udGVyYS4KRWwgbm9tYnJlIGRlbCBsaWJybyBlcy4uLiBeMDAwMENEUmViZWxpw7NuLCBsYSBoaXN0b3JpYSBkZSBsYSBsaWJlcnRhZF4wMDAwMDAuIFBvciBmYXZvciwgcGlkZSBwcmVzdGFkbyBlc3RlIGxpYnJvIHBhcmEgbcOtLg==
lI2cBw,,SWx5YSBMZXZlZGV2OiBBZnRlciBsb29raW5nIGl0cyBuYW1lLCBJIGZlZWwgbGlrZSBJIG11c3QgcmVhZCBpdC4=,,,,,SWx5YSBMZXZlZGV2OiBEZXBvaXMgZGUgdmVyIG8gbm9tZSwgc2ludG8gcXVlIGRldm8gbMOqLWxvLg==,,SWx5YSBMZWJlZGV2OiBEZXNwdcOpcyBkZSB2ZXIgc3Ugbm9tYnJlLCBzaWVudG8gcXVlIGRlYm8gbGVlcmxvLg==
lY2cBw,,W0lseWEgTGV2ZWRldl0KSSB3b3VsZCBiZSBnbGFkIGlmIGJvcnJvdyBhIGJvb2sgZm9yIG1lIGZyb20gdGhlIGp1dmVuaWxlIHNlY3Rpb24gb2YgUHJvbnRlcmEgbGlicmFyeS4KVGhlIGJvb2sncyBuYW1lIGlzLi4uIF4wMDAwQ0ROb3Jncm9hZCBIb3Jpem9uXjAwMDAwMC4=,,,,,W0lseWEgTGV2ZWRldl0KRmljYXJpYSBmZWxpeiBzZSB2b2PDqiBwZWdhc3NlIGVtcHJlc3RhZG8gdW0gbGl2cm8gZGEgc2XDp8OjbyBqdXZlbmlsIGRhIGJpYmxpb3RlY2EgZGUgUHJvbnRlcmEuCk8gbm9tZSBkbyBsaXZybyDDqS4uLiBeMDAwMENESG9yaXpvbnRlIGRlIE5pZmZsaGVpbV4wMDAwMDAu,,W0lseWEgTGViZWRldl0KTWUgZW5jYW50YXLDrWEgcXVlIG1lIHByZXN0YXJhbiB1biBsaWJybyBkZSBsYSBzZWNjacOzbiBqdXZlbmlsIGRlIGxhIGJpYmxpb3RlY2EgZGUgUHJvbnRlcmEuCkVsIG5vbWJyZSBkZWwgbGlicm8gZXMuLi4gXjAwMDBDREhvcml6b250ZSBOb3Jncm9hZF4wMDAwMDAu
lo2cBw,,SWx5YSBMZXZlZGV2OiBJdCdzIGFib3V0IHRoZSBncmVhdCBhZHZlbnR1cmVyIHdobyBleHBsb3JlcyBOb3Jncm9hZC4=,,,,,SWx5YSBMZXZlZGV2OiDDiSBzb2JyZSBvIGdyYW5kZSBhdmVudHVyZWlybyBxdWUgZXhwbG9yYSBOaWZmbGhlaW0u,,SWx5YSBMZWJlZGV2OiBUcmF0YSBzb2JyZSB1biBncmFuIHRyb3RhbXVuZG9zIHF1ZSBleHBsb3JhIE5vcmdyb2FkLg==
l42cBw,,W0phbmEgTGV2ZWRldl0KVG9kYXksIHdlIHdvdWxkIGxpa2UgdG8gZ28gdG8gRWluYmVjaCBtaW5lIHRvIHJlc2VhcmNoIGV4cGxvc2l2ZXMuIEJ1dCBJIGd1ZXNzIGl0IHdvdWxkIGJlIGRhbmdlcm91cyBpZiBvbmx5IHR3byBvZiB1cyBnbyB0aGVyZS4=,,,,,W0phbmEgTGV2ZWRldl0KSG9qZSwgZ29zdGFyw61hbW9zIGRlIGlyIHBhcmEgYSBtaW5hIGRlIEVpbmJlY2ggcGVzcXVpc2FyIGV4cGxvc2l2b3MuIE1hcyBhY2hvIHF1ZSBzZXJpYSBwZXJpZ29zbyBzZSBmw7Rzc2Vtb3Mgc8OzIG7Ds3MgZG9pcy4=,,W0phbmEgTGV2ZWRldl0KSG95IG5vcyBndXN0YXLDrWEgaXIgYSBsYSBtaW5hIGRlIEVpbmJlY2ggYSBpbnZlc3RpZ2FyIGV4cGxvc2l2b3MuIFBlcm8gY3JlbyBxdWUgc2Vyw61hIHBlbGlncm9zbyBzaSB2YW1vcyBzb2xvIG5vc290cm9zLg==
mI2cBw,,W3swfV0KWW91IG1lYW4sIHlvdSdyZSBkYW5nZXJvdXMgZm9yIHRoZSBtaW5lPyBSaWdodD8=,,,,,W3swfV0KUXVlciBkaXplciwgdm9jw6pzIHF1ZSBzw6NvIHVtIHBlcmlnbyBwYXJhIGEgbWluYT8gQ2VydG8/,,W3swfV0Kwr9RdWllcmVzIGRlY2lyIHF1ZSB1c3RlZGVzIHNvbiB1biBwZWxpZ3JvIHBhcmEgbGEgbWluYT8gwr9WZXJkYWQ/
mY2cBw,,W0phbmEgTGV2ZWRldl0KTm8hIEhvdyBjYW4geW91IHNheSB0aGF0PyBUaGVyZSBhcmUgc28gbWFueSBkYW5nZXJvdXMgbW9uc3RlcnMgaW4gdGhlIG1pbmUhCkFuZCB3ZSBhcmUgY3VyaW91cyB0byBzZWUgaWYgdGhlcmUgYXJlIG1hdGVyaWFscyBzdWl0YWJsZSBmb3Igb3VyIHJlc2VhcmNoLi4u,,,,,W0phbmEgTGV2ZWRldl0KTsOjbyEgQ29tbyB2b2PDqiBwb2RlIGRpemVyIGlzc28/IEjDoSB0YW50b3MgbW9uc3Ryb3MgcGVyaWdvc29zIG5hIG1pbmEhCkUgbsOzcyBlc3RhbW9zIGN1cmlvc29zIHBhcmEgdmVyIHNlIGjDoSBtYXRlcmlhaXMgYWRlcXVhZG9zIHBhcmEgYSBub3NzYSBwZXNxdWlzYS4uLg==,,W0phbmEgTGV2ZWRldl0KwqFObyEgwr9Dw7NtbyBwdWVkZXMgZGVjaXIgZXNvPyDCoUhheSBtdWNob3MgbW9uc3RydW9zIHBlbGlncm9zb3MgZW4gbGEgbWluYSEKWSBub3MgZGEgY3VyaW9zaWRhZCB2ZXIgc2kgaGF5IG1hdGVyaWFsZXMgYWRlY3VhZG9zIHBhcmEgbnVlc3RyYSBpbnZlc3RpZ2FjacOzbi4uLg==
mo2cBw,,W0phbmEgTGV2ZWRldl0KVGhlcmVmb3JlezB9UGxlYXNlIGltcGxlbWVudCBhIHByZXZpb3VzIGV4cGxvcmF0aW9uIGZvciB1cy4KUGxlYXNlIGRlZmVhdCAzMCBQaXRtYW4gaW4gRWluYmVjaCBtaW5lIGFuZCBicmluZyB1cyBhIEd1bl9Qb3dkZXIuCnswfUknbSBzdXJlIHRoaXMgaXMgYSBwaWVjZSBvZiBjYWtlIHRvIHlvdS4gV2Ugd2lsbCBjb3VudCBvbiB5b3Uh,,,,,W0phbmEgTGV2ZWRldl0KU2VuZG8gYXNzaW0sIHswfSwgcG9yIGZhdm9yLCBub3MgYWp1ZGUuCkRlcnJvdGUgMzAgTWluZWlyb3MgbmEgbWluYSBkZSBFaW5iZWNoIGUgbm9zIHRyYWdhIE1pc3R1cmEgZGUgUMOzbHZvcmEuCnswfSwgaXNzbyDDqSBtb2xlemEhIENvbnRhbW9zIGNvbnRpZ28h,,W0phbmEgTGV2ZWRldl0KUG9yIGxvIHRhbnRvLCB7MH0gaGF6IHVuYSBwcmVleHBsb3JhY2nDs24gcGFyYSBub3NvdHJvcy4KRGVycm90YSBhIDMwIE1pbmVyb3MgZW4gbGEgbWluYSBFaW5iZWNoIHkgdHLDoWVub3MgdW4gUG9sdm8gZXhwbG9zaXZvLgp7MH0gU2VndXJvIHF1ZSBwYXJhIHRpIG11eSBlcyBtdXkgZsOhY2lsLiDCoUNvbnRhbW9zIGNvbnRpZ28h
m42cBw,,SWx5YSBMZXZlZGV2OiBXZSB3aWxsIGNvdW50IG9uIHlvdSE=,,,,,SWx5YSBMZXZlZGV2OiBFc3RhbW9zIGNvbnRhbmRvIGNvbSB2b2PDqiE=,,SWx5YSBMZWJlZGV2OiDCoUNvbnRhbW9zIGNvbnRpZ28h
nI2cBw,,W0lseWEgTGV2ZWRldl0KTm8hIEhvdyBjYW4geW91IHNheSB0aGF0PyBUaGVyZSBhcmUgc28gbWFueSBkYW5nZXJvdXMgbW9uc3RlcnMgaW4gdGhlIG1pbmUhCkFuZCBKYW5hIHNheXMgc2hlJ3MgY3VyaW91cyB0byBzZWUgaWYgdGhlcmUgYXJlIG1hdGVyaWFscyBzdWl0YWJsZSBmb3Igb3VyIHJlc2VhcmNoLi4u,,,,,W0lseWEgTGV2ZWRldl0KTsOjbyEgQ29tbyB2b2PDqiBwb2RlIGRpemVyIGlzc28/IEjDoSB0YW50b3MgbW9uc3Ryb3MgcGVyaWdvc29zIG5hIG1pbmEhCkUgYSBKYW5hIGVzdMOhIGN1cmlvc2EgcGFyYSB2ZXIgbWF0ZXJpYWlzIHBhcmEgYSBub3NzYSBwZXNxdWlzYS4uLg==,,W0lseWEgTGViZWRldl0KwqFObyEgwr9Dw7NtbyBwdWVkZXMgZGVjaXIgZXNvPyDCoUhheSBtdWNob3MgbW9uc3RydW9zIHBlbGlncm9zb3MgZW4gbGEgbWluYSEKWSBKYW5hIGRpY2UgcXVlIGxlIGRhIGN1cmlvc2lkYWQgdmVyIHNpIGhheSBtYXRlcmlhbGVzIGFkZWN1YWRvcyBwYXJhIG51ZXN0cmEgaW52ZXN0aWdhY2nDs24uLi4=
nY2cBw,,W0lseWEgTGV2ZWRldl0KU28gd2UnZCBsaWtlIHRvIHJlcXVlc3QgeW91IHRvIGltcGxlbWVudCBhIHByZXZpb3VzIGV4cGxvcmF0aW9uLgpQbGVhc2UgZGVmZWF0IDIwIEJlYXJub211cyBhbmQgMjAgTm94aW91cyBpbiBFaW5iZWNoIG1pbmUgYW5kIGJyaW5nIHVzIG9uZSBFeHBsb3NpdmUgUG93ZGVyLgpJIGtub3cgdGhpcyB3aWxsIGJlIGN1bWJlcnNvbWUuIEJ1dCB3ZSB3aWxsIGNvdW50IG9uIHlvdS4=,,,,,W0lseWEgTGV2ZWRldl0KRW50w6NvIGdvc3RhcsOtYW1vcyBkZSBwZWRpciBwYXJhIHZvY8OqIHJlYWxpemFyIHVtYSBleHBsb3Jhw6fDo28gcHLDqXZpYS4KRGVycm90ZSAyMCBOdXZlbnMgVmVuZW5vc2FzIGUgMjAgTnV2ZW5zIFTDs3hpY2FzIG5hIG1pbmEgZGUgRWluYmVjaCBlIHRyYWdhLW5vcyB1bSBQw7MgRXhwbG9zaXZvLgpFdSBzZWkgcXVlIHZhaSBzZXIgY29tcGxpY2Fkby4gTWFzIGVzdGFtb3MgY29udGFuZG8gY29tIHZvY8OqLg==,,W0lseWEgTGViZWRldl0KQXPDrSBxdWUgbm9zIGd1c3RhcsOtYSBwZWRpcnRlIHF1ZSBoYWdhcyB1bmEgcHJlZXhwbG9yYWNpw7NuLgpEZXJyb3RhIGEgMjAgVmVub21vdXMgeSBhIDIwIE5veGlvdXMgZW4gbGEgbWluYSBFaW5iZWNoIHkgdHLDoWVub3MgdW4gUG9sdm8gZXhwbG9zaXZvLgpTw6kgcXVlIGVzdG8gc2Vyw6EgZW5nb3Jyb3NvLiBQZXJvIGNvbnRhcmVtb3MgY29udGlnby4=
no2cBw,,SmFuYSBMZXZlZGV2OiBQbGVhc2Uh,,,,,SmFuYSBMZXZlZGV2OiBQb3IgZmF2b3Ih,,SmFuYSBMZXZlZGV2OiDCoVBvciBmYXZvciE=
n42cBw,,W0phbmEgTGV2ZWRldl0KezB9LHswfSEgV2UgbWFkZSBzb21lIGNvb2tpZXMhCk9mIGNvdXJzZSB3ZSBkaWRuJ3QgZG8gdGhlIGVudGlyZSBjb29raW5nLi4uIE1pbG8gcHJlcGFyZWQgaW5ncmVkaWVudHMgYW5kIHRoZSBjb29raW5nIHNwYWNlLg==,,,,,W0phbmEgTGV2ZWRldl0KezB9LCB7MH0hIFByZXBhcmFtb3MgYWxndW5zIGJpc2NvaXRvcyEKQ2xhcm8gcXVlIG7Do28gY296aW5oYW1vcyB0dWRvLi4uIE1pbG8gcHJlcGFyb3Ugb3MgaW5ncmVkaWVudGVzIGUgbyBlc3Bhw6dvIHBhcmEgY296aW5oYXIu,,W0phbmEgTGV2ZWRldl0KwqF7MH0sIHswfSEgwqFIaWNpbW9zIGdhbGxldGFzIQpDbGFybyBxdWUgbm8gY29jaW5hbW9zIHRvZG8uLi4gTWlsbyBwcmVwYXLDsyBsb3MgaW5ncmVkaWVudGVzIHkgZWwgZXNwYWNpbyBwYXJhIGNvY2luYXIu
oI2cBw,,W0phbmEgTGV2ZWRldl0KSXQgdGFzdGVzIGdvb2QhIENlcnRhaW5seSBub3QgYmV0dGVyIHRoYW4gdGhvc2UgY29va2VkIGJ5IGdyYW5kbWEgTHVjeS4gQnV0IGl0J3Mgc3RpbGwgd29uZGVyZnVsLg==,,,,,W0phbmEgTGV2ZWRldl0KRXN0w6NvIGdvc3Rvc29zISBDZXJ0YW1lbnRlIG7Do28gZXN0w6NvIG1lbGhvcmVzIGRvIHF1ZSBvcyBwcmVwYXJhZG9zIHBlbGEgdm92w7MgTHVjeS4gTWFzIGFpbmRhIGFzc2ltIGVzdMOjbyBtYXJhdmlsaG9zb3Mu,,W0phbmEgTGV2ZWRldl0KwqFUaWVuZW4gbXV5IGJ1ZW4gc2Fib3IhIE5vIHNvbiBtZWpvcmVzIHF1ZSBsYXMgcXVlIGNvY2luYSBsYSBhYnVlbGEgTHVjeSwgcGVybyBzaWd1ZSBzaWVuZG8gbWFyYXZpbGxvc28u
oY2cBw,,SSBwcmVmZXIgdGhlIGNvb2tpZXMgb2YgTHVjeSwgYnV0IEkgc2hvdWxkIHN0YXJ0IGVhdGluZyB0aGVzZS4=,,,,,RXUgcHJlZmlybyBvcyBiaXNjb2l0b3MgZGEgTHVjeSwgbWFzIGRldmlhIGNvbWXDp2FyIGEgY29tZXIgZXN0ZXMu,,UHJlZmllcm8gbGFzIGdhbGxldGFzIGRlIEx1Y3ksIHBlcm8gZGViZXLDrWEgZW1wZXphciBhIGNvbWVyIGVzdGFzLg==
oo2cBw,,W0phbmEgTGV2ZWRldl0KezB9UGxlYXNlIGhhdmUgc29tZSF7MH1UaGlzIGlzIGZvciB5b3UuLi4gQW5kIGNvdWxkIHlvdSBwbGVhc2UgdGhlc2UgZml2ZSBidW5kbGVzIHRvIHBlb3BsZSBhcm91bmQgeW91Pw==,,,,,W0phbmEgTGV2ZWRldl0KezB9LCBwb3IgZmF2b3IsIHNpcnZhLXNlISB7MH0sIMOpIHBhcmEgdm9jw6ouLi4gRSBwb2RlcmlhIGRpc3RyaWJ1aXIgZXNzZXMgY2luY28gcGFjb3RlcyBwYXJhIGFzIHBlc3NvYXMgcHLDs3hpbWFzPw==,,W0phbmEgTGV2ZWRldl0KezB9IMKhUG9yIGZhdm9yLCB0b21hIHVuIHBvY28hIHswfSBlc3RvIGVzIHBhcmEgdGkuLi4gwr9ZIHBvZHLDrWFzLCBwb3IgZmF2b3IsIHJlcGFydGlyIGVzdG9zIGNpbmNvIHBhcXVldGVzIGVudHJlIGxhcyBwZXJzb25hcyBxdWUgdGUgcm9kZWFuPw==
o42cBw,,W0phbmEgTGV2ZWRldl0KVG8gTWlsbywgTWFzb24gYW5kIFJhY2hlbC4KQW5kIHRvIGNvbW1hbmRlciBBZGxlciBhbmQgY29tbWFuZGVyIEVsZW5hIGFzIHdlbGwsIHBsZWFzZS4KTWFrZSBzdXJlIHlvdSB0ZWxsIHRoZW0gd2UgbWFkZSB0aGVzZS4=,,,,,W0phbmEgTGV2ZWRldl0KUGFyYSBNaWxvLCBNYXNvbiBlIFJhY2hlbC4KRSBwYXJhIG8gY29tYW5kYW50ZSBBZGxlciBlIGEgY29tYW5kYW50ZSBFbGVuYSB0YW1iw6ltLCBwb3IgZmF2b3IuCkxlbWJyZS1zZSBkZSBmYWxhciBwYXJhIGVsZXMgcXVlIG7Ds3MgcXVlIGZpemVtb3Mu,,W0phbmEgTGV2ZWRldl0KUGFyYSBNaWxvLCBNYXNvbiB5IFJhY2hlbC4KWSBwYXJhIGVsIGNvbWFuZGFudGUgQWRsZXIgeSBsYSBjb21hbmRhbnRlIEVsZW5hIHRhbWJpw6luLCBwb3IgZmF2b3IuCkFzZWfDunJhdGUgZGUgZGVjaXJsZXMgcXVlIGxhcyBoaWNpbW9zIG5vc290cm9zLg==
pI2cBw,,W0phbmEgTGV2ZWRldl0KWW91IGRvbid0IGhhdmUgZW5vdWdoIHNwYWNlIGluIHlvdXIgYmFnLgpQbGVhc2UgbWFrZSBzb21lIHNwYWNlLiBXZSBkb24ndCB3YW50IHRoZSBjb29raWVzIHRvIGdldCBicm9rZW4u,,,,,W0phbmEgTGV2ZWRldl0KVm9jw6ogbsOjbyB0ZW0gZXNwYcOnbyBzdWZpY2llbnRlIG5hIHN1YSBtb2NoaWxhLgpMaWJlcmUgYWxndW0gZXNwYcOnby4gTsOjbyBxdWVyZW1vcyBxdWUgb3MgYmlzY29pdG9zIHNlIHF1ZWJyZW0u,,W0phbmEgTGV2ZWRldl0KTm8gdGllbmVzIHN1ZmljaWVudGUgZXNwYWNpbyBlbiB0dSBib2xzby4KUG9yIGZhdm9yLCBoYXogYWxnbyBkZSBlc3BhY2lvLiBObyBxdWVyZW1vcyBxdWUgc2Ugcm9tcGFuIGxhcyBnYWxsZXRhcy4=
pY2cBw,,W0phbmEgTGV2ZWRldl0KSSBzZWUuLi4gSWYgeW91IGFyZSBidXN5LCB3ZSBzaG91bGRuJ3QgYm90aGVyIHlvdS4KQnV0IHBsZWFzZSBwcm9taXNlIHVzIHRoYXQgeW91IHdpbGwgcGxheSB3aXRoIHVzIGFmdGVyIHlvdSBmaW5pc2ggeW91ciBxdWVzdC4=,,,,,W0phbmEgTGV2ZWRldl0KRW50ZW5kby4uLiBTZSB2b2PDqiBlc3TDoSBvY3VwYWRvLCBuw6NvIGRldmVtb3MgdGUgaW5jb21vZGFyLgpNYXMgcHJvbWV0YSBxdWUgdm9jw6ogdmFpIGJyaW5jYXIgY29tIGEgZ2VudGUgZGVwb2lzIGRlIHRlcm1pbmFyIHN1YSBtaXNzw6NvLg==,,W0phbmEgTGV2ZWRldl0KWWEgdmVvLi4uIFNpIG5vIHRpZW5lcyB0aWVtcG8sIG5vIGRlYmVyw61hbW9zIG1vbGVzdGFydGUuClBlcm8gcHJvbcOpdGVub3MgcXVlIGp1Z2Fyw6FzIGNvbiBub3NvdHJvcyBjdWFuZG8gdGVybWluZXMgdHUgbWlzacOzbi4=
po2cBw,,W0phbmEgTGV2ZWRldl0KRGlkIHlvdSBmb3JnZXQgd2hhdCBJIGFza2VkIHlvdSB0byBib3Jyb3c/ICdJdCdzIGRpenp5IGFmdGVyIGJlaW5nIHNoYWtlbiAxLDAwMCB0aW1lcychCkxhc3QgdGltZSBJIHdlbnQgdGhlcmUgd2l0aCBJbHlhLCB0aGUgbGlicmFyaWFuIGF0IGp1dmVuaWxlIHNlY3Rpb24gZm91bmQgaXQgZm9yIG1lLi4u,,,,,W0phbmEgTGV2ZWRldl0KVm9jw6ogZXNxdWVjZXUgbyBsaXZybyBxdWUgcGVkaT8gJ0Vuam9hZG8gZGUgVGFudG8gR2lyYXInIQpBIMO6bHRpbWEgdmV6IHF1ZSBmdWkgbMOhIGNvbSBJbHlhLCBhIG1vw6dhIGVuY29udHJvdSBwcmEgbWltLi4u,,W0phbmEgTGV2ZWRldl0Kwr9PbHZpZGFzdGUgbG8gcXVlIHRlbsOtYXMgcXVlIHBlZGlyIHByZXN0YWRvPyDigJzCoVNlIG1hcmVhIGRlc3B1w6lzIGRlIHNlciBzYWN1ZGlkbyAxMDAwIHZlY2VzIeKAnS4KTGEgw7psdGltYSB2ZXogcXVlIGZ1aSBjb24gSWx5YSwgcXVpZW4gc2UgZW5jYXJnYSBkZSBsYSBzZWNjacOzbiBqdXZlbmlsIGRlIGxhIGJpYmxpb3RlY2EgbG8gZW5jb250csOzLi4u
p42cBw,,W0phbmEgTGV2ZWRldl0KRGlkIHlvdSBmb3JnZXQgd2hhdCBJIGFza2VkIHlvdSB0byBib3Jyb3c/ICdSZWJlbGxpb24sIHRoZSBoaXN0b3J5IG9mIGxpYmVydHknIQpMYXN0IHRpbWUgSSB3ZW50IHRoZXJlIHdpdGggSWx5YSwgdGhlIGxpYnJhcmlhbiBhdCBqdXZlbmlsZSBzZWN0aW9uIGZvdW5kIGl0IGZvciBtZS4uLg==,,,,,W0phbmEgTGV2ZWRldl0KVm9jw6ogZXNxdWVjZXUgbyBsaXZybyBxdWUgcGVkaT8gJ1JlYmVsacOjbywgYSBoaXN0w7NyaWEgZGEgbGliZXJkYWRlJyEKQSDDumx0aW1hIHZleiBxdWUgZnVpIGzDoSBjb20gSWx5YSwgYSBtb8OnYSBlbmNvbnRyb3UgcHJhIG1pbS4uLg==,,W0phbmEgTGV2ZWRldl0Kwr9PbHZpZGFzdGUgbG8gcXVlIHRlbsOtYXMgcXVlIHBlZGlyIHByZXN0YWRvPyDigJzCoVJlYmVsacOzbiwgbGEgaGlzdG9yaWEgZGUgbGEgbGliZXJ0YWQh4oCdLgpMYSDDumx0aW1hIHZleiBxdWUgZnVpIGNvbiBJbHlhLCBxdWllbiBzZSBlbmNhcmdhIGRlIGxhIHNlY2Npw7NuIGp1dmVuaWwgZGUgbGEgYmlibGlvdGVjYSBsbyBlbmNvbnRyw7MuLi4=
qI2cBw,,W0lseWEgTGV2ZWRldl0KTm9yZ3JvYWQgSG9yaXpvbiwgcGxlYXNlLgpJZiB5b3UgdGVsbCB0aGUgYm9vayBuYW1lIHRvIHRoZSBsaWJyYXJpYW4sIGhlL3NoZSB3aWxsIGhhbmQgaXQgeW91IHlvdS4=,,,,,W0lseWEgTGV2ZWRldl0KSG9yaXpvbnRlIGRlIE5pZmZsaGVpbSwgcG9yIGZhdm9yLgpTZSB2b2PDqiBmYWxhciBvIGxpdnJvIHBhcmEgYSBCaWJsaW90ZWPDoXJpYSwgZWxhIGVuY29udHJhcsOhIHBhcmEgdm9jw6ou,,W0lseWEgTGViZWRldl0KSG9yaXpvbnRlIE5vcmdyb2FkLCBwb3IgZmF2b3IuClNpIGxlIGRpY2VzIGVsIG5vbWJyZSBkZWwgbGlicm8gYSBxdWllbiBzZSBlbmNhcmdhIGRlIGxhIGJpYmxpb3RlY2EsIHRlIGxvIGVudHJlZ2Fyw6Eu
qY2cBw,,W0phbmEgTGV2ZWRldl0KT2gsIHlvdSdyZSBiYWNrPyBQbGVhc2UgZ2l2ZSB0aGUgYm9vayEKVGhlIGJvb2suLi4gWW91IGRvbid0IGhhdmUgaXQ/IERvbid0IHRlbGwgbWUgeW91IGxvc3QgaXQu,,,,,W0phbmEgTGV2ZWRldl0KQWgsIHZvY8OqIHZvbHRvdT8gUG9yIGZhdm9yLCBtZSBkw6ogbyBsaXZybyEKTyBsaXZyby4uLiBWb2PDqiBuw6NvIHRyb3V4ZT8gTsOjbyBtZSBkaWdhIHF1ZSB2b2PDqiBwZXJkZXUgZWxlLg==,,W0phbmEgTGV2ZWRldl0KT2gsIMK/aGFzIHZ1ZWx0bz8gwqFQb3IgZmF2b3IsIGRhbWUgZWwgbGlicm8hCkVsIGxpYnJvLi4uIMK/Tm8gbG8gdGllbmVzPyBObyBtZSBkaWdhcyBxdWUgbG8gcGVyZGlzdGUu
qo2cBw,,W0phbmEgTGV2ZWRldl0KSWYgeW91IGxvc3QgaXQuLi4gWW91IGhhdmUgdG8gZ28gdG8gdGhlIGxpYnJhcnkgYW5kIHJlcG9ydCBvZiB0aGUgbG9zcyBvZiB0aGF0IGJvb2su,,,,,W0phbmEgTGV2ZWRldl0KU2Ugdm9jw6ogcGVyZGV1Li4uIFZvY8OqIHRlbSBxdWUgaXIgw6AgYmlibGlvdGVjYSBlIGluZm9ybWFyIGEgcGVyZGEgZG8gbGl2cm8u,,W0phbmEgTGV2ZWRldl0KU2kgbG8gcGVyZGlzdGUuLi4gVGllbmVzIHF1ZSBpciBhIGxhIGJpYmxpb3RlY2EgZSBpbmZvcm1hciBxdWUgcGVyZGlzdGUgZXNlIGxpYnJvLg==
q42cBw,,W0phbmEgTGV2ZWRldl0KT2ghIFdlJ3JlIGdvaW5nIHRvIEVpbmJlY2ggbWluZS4gUGxlYXNlIGltcGxlbWVudCBhIHByZXZpb3VzIGV4cGxvcmF0aW9uIGZvciB1cy4=,,,,,W0phbmEgTGV2ZWRldl0KQWghIEVzdGFtb3MgaW5kbyBwYXJhIGEgbWluYSBkZSBFaW5iZWNoLiBwb3IgZmF2b3IsIG5vcyBhanVkZS4=,,W0phbmEgTGV2ZWRldl0KwqFBaCEgVmFtb3MgYSBsYSBtaW5hIGRlIEVpbmJlY2guIFBvciBmYXZvciwgaGF6IHVuYSBwcmVleHBsb3JhY2nDs24gcGFyYSBub3NvdHJvcy4=
rI2cBw,,W0phbmEgTGV2ZWRldl0KUGxlYXNlIGRlZmVhdCAzMCBQaXRtYW4gaW4gRWluYmVjaCBtaW5lIGFuZCBicmluZyB1cyBhIEd1bl9Qb3dkZXIuCldlIGFyZSBhYm91dCB0byBleHBlcmltZW50IHRoZSBkZWdyZWUgb2YgZmlyZXBvd2VyIGluIHJlZmVyZW5jZSB0byB0aGUgYW1vdW50IG9mIEd1biBQb3dkZXIh,,,,,W0phbmEgTGV2ZWRldl0KRGVycm90ZSAzMCBNaW5laXJvcyBuYSBtaW5hIGRlIEVpbmJlY2ggZSBub3MgdHJhZ2EgTWlzdHVyYSBkZSBQw7Nsdm9yYS4KRXN0YW1vcyBwcmVzdGVzIGEgZXhwZXJpbWVudGFyIG8gZ3JhdSBkZSBwb2RlciBkZSBmb2dvIGVtIHJlbGHDp8OjbyDDoCBxdWFudGlkYWRlIGRlIE1pc3R1cmEgZGUgUMOzbHZvcmEh,,W0phbmEgTGV2ZWRldl0KRGVycm90YSBhIDMwIE1pbmVyb3MgZW4gbGEgbWluYSBFaW5iZWNoIHkgdHLDoWVub3MgdW4gUG9sdm8gZXhwbG9zaXZvLgrCoUVzdGFtb3MgYSBwdW50byBkZSBleHBlcmltZW50YXIgZWwgZ3JhZG8gZGUgcG90ZW5jaWEgZGUgZnVlZ28gZW4gcmVsYWNpw7NuIGNvbiBsYSBjYW50aWRhZCBkZSBQw7Nsdm9yYSBkZSBhcm1hIQ==
rY2cBw,,W0lseWEgTGV2ZWRldl0KUGxlYXNlIGRlZmVhdCAyMCBCZWFybm9tdXMgYW5kIDIwIE5veGlvdXMgaW4gRWluYmVjaCBtaW5lIGFuZCBicmluZyB1cyBvbmUgRXhwbG9zaXZlIFBvd2Rlci4KSmFuYSBpcyByZXNlYXJjaGluZyB3aGV0aGVyIHdlIGNhbiBhcHBseSB0aGUgRXhwbG9zaXZlIFBvd2RlciB0byBncmVuYWRlcy4=,,,,,W0lseWEgTGV2ZWRldl0KRGVycm90ZSAyMCBOdXZlbnMgVmVuZW5vc2FzIGUgMjAgTnV2ZW5zIFTDs3hpY2FzIG5hIG1pbmEgZGUgRWluYmVjaCBlIHRyYWdhLW5vcyB1bSBQw7MgRXhwbG9zaXZvLgpBIEphbmEgZXN0w6EgcGVzcXVpc2FuZG8gc2UgcG9kZW1vcyBhcGxpY2FyIG8gUMOzIEV4cGxvc2l2byBlbSBncmFuYWRhcy4=,,W0lseWEgTGViZWRldl0KRGVycm90YSBhIDIwIFZlbm9tb3VzIHkgYSAyMCBOb3hpb3VzIGVuIGxhIG1pbmEgRWluYmVjaCB5IHRyw6Flbm9zIHVuIFBvbHZvIGV4cGxvc2l2by4KSmFuYSBlc3TDoSBpbnZlc3RpZ2FuZG8gc2kgcG9kZW1vcyBhcGxpY2FyIGxhIFDDs2x2b3JhIGV4cGxvc2l2YSBhIGxhcyBncmFuYWRhcy4=
ro2cBw,,W0phbmEgTGV2ZWRldl0KUGxlYXNlIGJyaW5nIHRoZW0gdG8gdGhlIGZpdmUgcGVvcGxlIEkgbWVudGlvbmVkLgpUaGV5IGFyZSBNaWxvLCBNYXNvbiwgUmFjaGVsLCBjb21tYW5kZXIgRXJpY3Nzb24gYW5kIGNvbW1hbmRlciBFbGVuYS4=,,,,,W0phbmEgTGV2ZWRldl0KUG9yIGZhdm9yLCBsZXZlLW9zIHBhcmEgYXMgNSBwZXNzb2FzIHF1ZSBtZW5jaW9uZWkuCkVsYXMgc8OjbyBNaWxvLCBNYXNvbiwgUmFjaGVsLCBjb21hbmRhbnRlIEVyaWNzc29uIGUgY29tYW5kYW50ZSBFbGVuYS4=,,W0phbmEgTGV2ZWRldl0KTGzDqXZhc2VsYXMgYSBsYXMgY2luY28gcGVyc29uYXMgcXVlIHRlIG1lbmNpb27DqS4KTWlsbywgTWFzb24sIFJhY2hlbCwgZWwgY29tYW5kYW50ZSBFcmljc3NvbiB5IGxhIGNvbWFuZGFudGUgRWxlbmEu
r42cBw,,W0phbmEgTGV2ZWRldl0KT2gsIGRpZCB5b3UgZWF0IGFsbCB0aG9zZSBjb29raWVzPwpZb3UgbGlrZWQgdGhlbSwgZGlkbid0IHlvdT8KT2gsIGNvbWUgb24uIEhvdyBjYW4geW91IGVhdCBhbGwgb2YgdGhlbSE=,,,,,W0phbmEgTGV2ZWRldl0KQWgsIHZvY8OqIGNvbWV1IHRvZG9zIG9zIGJpc2NvaXRvcz8KVm9jw6ogZ29zdG91IGRlbGVzLCBuw6NvIGZvaT8KQWgsIHF1YWwgw6kuIENvbW8gdm9jw6ogcMO0ZGUgY29tZXIgdG9kb3MgZWxlcyE=,,W0phbmEgTGV2ZWRldl0KT2gsIMK/dGUgY29taXN0ZSB0b2RhcyBlc2FzIGdhbGxldGFzPwpUZSBndXN0YXJvbiwgwr92ZXJkYWQ/Ck9oLCB2YW1vcy4gwqFDw7NtbyBwdWRpc3RlIGNvbcOpcnRlbGFzIHRvZGFzIQ==
sI2cBw,,W0phbmEgTGV2ZWRldl0KV2Ugd2lsbCBnaXZlIHlvdSBzb21lIG1vcmUuIE1ha2Ugc3VyZSB5b3UgYnJpbmcgdGhlbSB0byB0aG9zZSBmaXZlIHBlb3BsZSBwbGVhc2UuCkdsdXR0b257MH17MX1XZSB3aWxsIG1ha2UgeW91IG1vcmUgY29va2llcyBmb3IgeW91IG5leHQgdGltZSE=,,,,,W0phbmEgTGV2ZWRldl0KVmFtb3MgbGhlIGRhciBtYWlzIGFsZ3Vucy4gTGVtYnJlLXNlIGRlIGxldsOhLWxvcyBwYXJhIGFxdWVsYXMgNSBwZXNzb2FzLCBwb3IgZmF2b3IuCnswfSwgezF9LCBmYXJlbW9zIG1haXMgYmlzY29pdG9zIHBhcmEgdm9jw6ogbmEgcHLDs3hpbWEgdmV6IQ==,,W0phbmEgTGV2ZWRldl0KVGUgZGFyZW1vcyBtw6FzLiBBc2Vnw7pyYXRlIGRlIGxsZXbDoXJzZWxhcyBhIGVzYXMgY2luY28gcGVyc29uYXMsIHBvciBmYXZvci4KezB9LCB7MX0sIMKhVGUgaGFyZW1vcyBtw6FzIGdhbGxldGFzIGxhIHByw7N4aW1hIHZleiE=
sY2cBw,,W0phbmEgTGV2ZWRldl0KVWggb2gsIFlvdSBkb24ndCBoYXZlIGVub3VnaCBzcGFjZSBpbiB5b3VyIGJhZy4KUGxlYXNlIG1ha2Ugc29tZSBzcGFjZS4gV2UgZG9uJ3Qgd2FudCB0aGUgY29va2llcyB0byBnZXQgYnJva2VuLg==,,,,,W0phbmEgTGV2ZWRldl0KT3BzLCB2b2PDqiBuw6NvIHRlbSBlc3Bhw6dvIHN1ZmljaWVudGUgbmEgc3VhIG1vY2hpbGEuCkxpYmVyZSBhbGd1bSBlc3Bhw6dvLiBOw6NvIHF1ZXJlbW9zIHF1ZSBvcyBiaXNjb2l0b3Mgc2UgcXVlYnJlbS4=,,W0phbmEgTGV2ZWRldl0KVWgsIG5vIHRpZW5lcyBzdWZpY2llbnRlIGVzcGFjaW8gZW4gdHUgYm9sc28uClBvciBmYXZvciwgaGF6IGFsZ28gZGUgZXNwYWNpby4gTm8gcXVlcmVtb3MgcXVlIHNlIHJvbXBhbiBsYXMgZ2FsbGV0YXMu
so2cBw,,W3swfV0KSSdtIGJhY2suIEhlcmUncyB0aGUgYm9vay4KU28geW91J2xsIHJldHVybiBpdCB5b3Vyc2VsZj8=,,,,,W3swfV0KVm9sdGVpLiBBcXVpIGVzdMOhIG8gbGl2cm8uClZvY8OqIG1lc21hIHZhaSBkZXZvbHbDqi1sbz8=,,W3swfV0KUmVncmVzw6kuIEFxdcOtIGVzdMOhIGVsIGxpYnJvLgrCv0Fzw60gcXVlIGxvIGRldm9sdmVyw6FzIHTDuiBtaXNtbz8=
s42cBw,,W0phbmEgTGV2ZWRldl0KV293ISBJIHdhbnRlZCB0byByZWFkIHRoaXMhClRoYW5rIHlvdSx7MH0hezB9RG8geW91IHdhbnQgbWUgdG8gcmVhZCB0aGlzIGJvb2sgZm9yIHlvdT8gVGhpcyBtdXN0IGJlIGV4Y2l0aW5nIQ==,,,,,W0phbmEgTGV2ZWRldl0KVWF1ISBFdSBxdWVyaWEgbGVyIGlzc28hCk9icmlnYWRhLCB7MH0hIHswfSwgdm9jw6ogcXVlciBxdWUgZXUgbGVpYSBlc3RlIGxpdnJvIHBhcmEgdm9jw6o/IERldmUgc2VyIGVtb2Npb25hbnRlIQ==,,W0phbmEgTGV2ZWRldl0KwqFHdWF1ISDCoVF1ZXLDrWEgbGVlciBlc3RvIQrCoUdyYWNpYXMsIHswfSEgwr97MH0sIHF1aWVyZXMgcXVlIHRlIGxlYSBlc3RlIGxpYnJvPyDCoURlYmUgZGUgc2VyIGVtb2Npb25hbnRlIQ==
tI2cBw,,W3swfV0KKEhtbSwgc2hlJ3Mgbm90IG1lbnRpb25pbmcgYWJvdXQgcmV0dXJuaW5nIGl0Lik=,,,,,W3swfV0KKEh1bW0sIGVsYSBuw6NvIGZhbG91IG5hZGEgc29icmUgZGV2b2x2ZXIgbyBsaXZybyk=,,W3swfV0KKE1tbSwgbm8gbWVuY2lvbmEgbmFkYSBzb2JyZSBkZXZvbHZlcmxvKS4=
tY2cBw,,W0phbmEgTGV2ZWRldl0KVGhhbmsgeW91IGZvciBkb2luZyB1cyBhIGZhdm9yIQpBYm91dCB0aGUgcmVzdWx0LCBJIHdpbGwgaW5mb3JtIHlvdSBsYXRlciE=,,,,,W0phbmEgTGV2ZWRldl0KT2JyaWdhZGEgcG9yIG5vcyBmYXplciB1bSBmYXZvciEKU29icmUgbyByZXN1bHRhZG8sIGluZm9ybWFyZWkgZGVwb2lzIQ==,,W0phbmEgTGV2ZWRldl0KwqFHcmFjaWFzIHBvciBoYWNlcm5vcyB1biBmYXZvciEKU29icmUgZWwgcmVzdWx0YWRvLCB0ZSBpbmZvcm1hcsOpIGRlc3B1w6lzLg==
to2cBw,,W0lseWEgTGV2ZWRldl0KVGhhbmsgeW91IGZvciBkb2luZyB1cyBhIGZhdm9yIQpKYW5hIHNheXMgc2hlIHdpbGwgaW5mb3JtIHlvdSBhYm91dCB0aGUgcmVzdWx0IGFmdGVyIHRoZSBleHBlcmltZW50ISE=,,,,,W0lseWEgTGV2ZWRldl0KT2JyaWdhZG8gcG9yIG5vcyBmYXplciB1bSBmYXZvciEKQSBKYW5hIGRpeiBxdWUgaW5mb3JtYXLDoSB2b2PDqiBzb2JyZSBvIHJlc3VsdGFkbyBhcMOzcyBvIGV4cGVyaW1lbnRvISE=,,W0lseWEgTGViZWRldl0KwqFHcmFjaWFzIHBvciBoYWNlcm5vcyB1biBmYXZvciEKwqHCoUphbmEgZGljZSBxdWUgdGUgaW5mb3JtYXLDoSBzb2JyZSBlbCByZXN1bHRhZG8gZGVzcHXDqXMgZGVsIGV4cGVyaW1lbnRvISE=
t42cBw,,W0phbmEgTGV2ZWRldl0KV2hhdCBkaWQgdGhleSBzYXk/CkRpZCB0aGV5IGxpa2UgdGhlbT8gSHVodS4KRG9uJ3QgeW91IHRoaW5rIEknbSBnb29kIGF0IGNvb2tpbmc/,,,,,W0phbmEgTGV2ZWRldl0KTyBxdWUgZWxlcyBkaXNzZXJhbT8KRWxlcyBnb3N0YXJhbT8gSHVodSEKVm9jw6ogbsOjbyBhY2hhIHF1ZSBzb3UgdW1hIGJvYSBjb3ppbmhlaXJhPw==,,W0phbmEgTGV2ZWRldl0Kwr9RdcOpIHRlIGRpamVyb24/CsK/TGVzIGd1c3Rhcm9uPyBKdSwganUuCsK/Tm8gY3JlZXMgcXVlIHNveSBidWVuYSBjb2NpbmFuZG8/
uI2cBw,,W0phbmEgTGV2ZWRldl0KVGhlcmVmb3JlezB9UGxlYXNlIGltcGxlbWVudCBhIHByZXZpb3VzIGV4cGxvcmF0aW9uIGZvciB1cy4KUGxlYXNlIGRlZmVhdCAzMCBQaXRtYW4gaW4gRWluYmVjaCBtaW5lIGFuZCBicmluZyB1cyBhIEd1biBQb3dkZXIuCnswfUknbSBzdXJlIHRoaXMgaXMgYSBwaWVjZSBvZiBjYWtlIHRvIHlvdS4gV2Ugd2lsbCBjb3VudCBvbiB5b3Uh,,,,,W0phbmEgTGV2ZWRldl0KU2VuZG8gYXNzaW0sIHswfSwgcG9yIGZhdm9yLCBub3MgYWp1ZGUuCkRlcnJvdGUgMzAgTWluZWlyb3MgbmEgbWluYSBkZSBFaW5iZWNoIGUgbm9zIHRyYWdhIE1pc3R1cmEgZGUgUMOzbHZvcmEuCnswfSwgaXNzbyDDqSBtb2xlemEhIENvbnRhbW9zIGNvbnRpZ28h,,W0phbmEgTGV2ZWRldl0KUG9yIGxvIHRhbnRvLCB7MH0gaGF6IHVuYSBwcmVleHBsb3JhY2nDs24gcGFyYSBub3NvdHJvcy4KRGVycm90YSBhIDMwIE1pbmVyb3MgZW4gbGEgbWluYSBFaW5iZWNoIHkgdHLDoWVub3MgUMOzbHZvcmEgZGUgYXJtYS4KezB9IHNlZ3VybyBxdWUgcGFyYSB0aSBtdXkgZXMgbXV5IGbDoWNpbC4gwqFDb250YW1vcyBjb250aWdvIQ==
uY2cBw,,W0phbmEgTGV2ZWRldl0KSSBzZWUuLi4gSWYgeW91IGFyZSBidXN5LCB3ZSBzaG91bGRuJ3QgYm90aGVyIHlvdS4KQnV0IHBsZWFzZSBkb24ndCBnbyBhd2F5IHdpdGhvdXQgY29taW5nIGJhY2sgdG8gdXMu,,,,,W0phbmEgTGV2ZWRldl0KRW50ZW5kby4uLiBTZSB2b2PDqiBlc3TDoSBvY3VwYWRvLCBuw6NvIGRldmVtb3MgdGUgaW5jb21vZGFyLgpNYXMgcHJvbWV0YSBxdWUgdm9jw6ogdmFpIGJyaW5jYXIgY29tIGEgZ2VudGUgZGVwb2lzIGRlIHRlcm1pbmFyIHN1YSBtaXNzw6NvLg==,,W0phbmEgTGV2ZWRldl0KWWEgdmVvLi4uIFNpIG5vIHRpZW5lcyB0aWVtcG8sIG5vIGRlYmVyw61hbW9zIG1vbGVzdGFydGUuClBlcm8sIHBvciBmYXZvciwgbm8gdGUgdmF5YXMgc2luIHZlcm5vcyBhbnRlcy4=
uo2cBw,,T2xkZXJfc2lzdGVy,,,,,SXJtw6N6b25h,,SGVybWFuYSBNYXlvcg==
u42cBw,,T2xkZXJfYnJvdGhlcg==,,,,,SXJtw6NvesOjbw==,,SGVybWFubyBNYXlvcg==
vI2cBw,,VGhlIGJveSB3aXRoIHNpbHZlciBoYWlycyBsb29rZWQgYXQgbWUuIEhlIGZyb3duZWQgYW5kIHR1cm5lZCBoaXMgaGVhZC4=,,,,,TyBnYXJvdG8gZGUgY2FiZWxvcyBwcmF0ZWFkb3Mgb2xob3UgcHJhIG1pbS4gRWxlIGZyYW56aXUgYSB0ZXN0YSBlIHZpcm91IG8gcm9zdG8u,,RWwgY2hpY28gZGUgbG9zIGNhYmVsbG9zIHBsYXRlYWRvcyBtZSBtaXLDsy4gRnJ1bmNpw7MgZWwgY2XDsW8geSBnaXLDsyBsYSBjYWJlemEu
vY2cBw,,QWx0aG91Z2ggeW91IHRhbGsgdG8gaGltLCBoZSB3b3VsZCBub3QgbGlzdGVuIGF0IGFsbC4KU2VlbXMgbGlrZSBpdCdzIGVhc2llciB0byB0YWxrIHRvIHRoZSBnaXJsLg==,,,,,RW1ib3JhIHZvY8OqIGZhbGUgY29tIGVsZSwgZWxlIG7Do28gZXNjdXRhLgpQYXJlY2UgcXVlIMOpIG1haXMgZsOhY2lsIGZhbGFyIGNvbSBhIGdhcm90YS4=,,QXVucXVlIGxlIGhhYmxlcywgbm8gdGUgZXNjdWNoYXLDoSBlbiBhYnNvbHV0by4KUGFyZWNlIHF1ZSBlcyBtw6FzIGbDoWNpbCBoYWJsYXIgY29uIGxhIGNoaWNhLg==
vo2cBw,,W0lseWEgTGV2ZWRldl0KLi4uLi4uRG9uJ3QgdGFsayB0byBKYW5hLg==,,,,,W0lseWEgTGV2ZWRldl0KLi4uLi4uLk7Do28gZmFsZSBjb20gYSBKYW5hLg==,,W0lseWEgTGViZWRldl0KLi4uTm8gaGFibGVzIGNvbiBKYW5hLg==
v42cBw,,W0lseWEgTGV2ZWRldl0KRG9uJ3QgdGFsayB0byBtZSBlaXRoZXIu,,,,,W0lseWEgTGV2ZWRldl0KTsOjbyBmYWxlIGNvbWlnbywgdGFtYsOpbS4=,,W0lseWEgTGViZWRldl0KQSBtw60gdGFtcG9jbyBtZSBoYWJsZXMu
wI2cBw,,SGUgaGVsZCBoaXMgbGlwcyB0aWdodCB3aXRoIGEgc3R1YmJvcm4gZmFjZS4uClNlZW1zIGxpa2UgaXQncyBlYXNpZXIgdG8gdGFsayB0byB0aGUgZ2lybC4=,,,,,RWxlIGFwZXJ0YSBvcyBsw6FiaW9zIGNvbSBhIGZlacOnw6NvIG9ic3RpbmFkYS4KUGFyZWNlIHF1ZSDDqSBtYWlzIGbDoWNpbCBmYWxhciBjb20gYSBnYXJvdGEu,,TWFudHV2byBsb3MgbGFiaW9zIGFwcmV0YWRvcyBjb24gdW4gc2VtYmxhbnRlIG9ic3RpbmFkby4uLgpQYXJlY2UgcXVlIGVzIG3DoXMgZsOhY2lsIGhhYmxhciBjb24gbGEgY2hpY2Eu
wY2cBw,,W0lseWEgTGV2ZWRldl0KSmFuYS4uLiBZb3UncmUgY3V0ZSBldmVuIHdoZW4geW91J3JlIGJyZWF0aGluZy4uLg==,,,,,W0lseWEgTGV2ZWRldl0KSmFuYS4uLiBWb2PDqiDDqSBmb2ZhIGF0w6kgcGFyYSByZXNwaXJhci4=,,W0lseWEgTGViZWRldl0KSmFuYS4uLiBFcmVzIGxpbmRhIGluY2x1c28gY3VhbmRvIHJlc3BpcmFzLi4u
wo2cBw,,W0lseWEgTGV2ZWRldl0KLi4uPyEhIQpXaHkgZGlkIHlvdSBvdmVyaGVhciBtZT8=,,,,,W0lseWEgTGV2ZWRldl0KLi4uPyEhIQpDb21vIHZvY8OqIG1lIG91dml1Pw==,,W0lseWEgTGViZWRldl0KwqHCvy4uLj8hCsK/UG9yIHF1w6kgbWUgZXNjdWNoYXN0ZT8=
w42cBw,,SGUgaXMgZnVyaW91cy4gQnV0IGhlJ3MgdGhlIG9uZSB3aG8gc2FpZCB0aGF0IGxvdWQuLi4KU2VlbXMgbGlrZSBpdCdzIGVhc2llciB0byB0YWxrIHRvIHRoZSBnaXJsLg==,,,,,RWxlIGVzdMOhIGZ1cmlvc28uIE1hcyBmb2kgZWxlIHF1ZSBmYWxvdSBhcXVpbG8gZW0gdm96IGFsdGEuLi4KUGFyZWNlIHF1ZSDDqSBtYWlzIGbDoWNpbCBmYWxhciBjb20gYSBnYXJvdGEu,,RXN0w6EgZnVyaW9zby4gUGVybyBmdWUgw6lsIHF1aWVuIGhhYmzDsyBhbHRvLi4uClBhcmVjZSBxdWUgZXMgbcOhcyBmw6FjaWwgaGFibGFyIGNvbiBsYSBjaGljYS4=
xI2cBw,,W0lseWEgTGV2ZWRldl0KLi4uLi4uLi4u,,,,,W0lseWEgTGV2ZWRldl0KLi4uLi4uLi4u,,W0lseWEgTGViZWRldl0KLi4u
xY2cBw,,W0lseWEgTGV2ZWRldl0KLi4uLi4uLi4uLi4uLi4uLi4uLi4u,,,,,W0lseWEgTGV2ZWRldl0KLi4uLi4uLi4uLi4uLi4uLi4uLi4u,,W0lseWEgTGViZWRldl0KLi4u
xo2cBw,,W0lseWEgTGV2ZWRldl0KLi4uLi4uLi4uLi4uLi4uLi4uLi4uLi4uLi4uLi4uLi4uLi4uLi4uLi4uLi4uLi4uLi4u,,,,,W0lseWEgTGV2ZWRldl0KLi4uLi4uLi4uLi4uLi4uLi4uLi4uLi4uLi4uLi4uLi4uLi4uLi4uLi4uLi4uLi4uLi4u,,W0lseWEgTGViZWRldl0KLi4u
x42cBw,,SGUgaGVsZCBoaXMgbGlwcyB0aWdodCBhbmQgbG9va2luZyBhdCBtZS4KU2VlbXMgbGlrZSBpdCdzIGVhc2llciB0byB0YWxrIHRvIHRoZSBnaXJsLg==,,,,,RWxlIGFwZXJ0YSBvcyBsw6FiaW9zIGUgb2xoYSBwYXJhIG1pbS4KUGFyZWNlIHF1ZSDDqSBtYWlzIGbDoWNpbCBmYWxhciBjb20gYSBnYXJvdGEu,,QXByZXTDsyBsb3MgbGFiaW9zIG1pZW50cmFzIG1lIG1pcmFiYS4KUGFyZWNlIHF1ZSBlcyBtw6FzIGbDoWNpbCBoYWJsYXIgY29uIGxhIGNoaWNhLg==
yI2cBw,,W0lseWEgTGV2ZWRldl0KQWR2ZW50dXJlciwgY291bGQgeW91IHBsZWFzZSBhc2sgSmFuYT8=,,,,,W0lseWEgTGV2ZWRldl0KQXZlbnR1cmVpcm8sIHZvY8OqIHBvZGVyaWEgcGVyZ3VudGFyIHBhcmEgYSBKYW5hPw==,,W0lseWEgTGViZWRldl0KVHJvdGFtdW5kb3MsIMK/cG9kcsOtYXMgcHJlZ3VudGFybGUgYSBKYW5hPw==
yY2cBw,,W0lseWEgTGV2ZWRldl0KSSBtZWFuLi4uLiBob3cgbXVjaCBzaGUgbGlrZXMgaGVyIG9sZGVyIGJyb3RoZXIuLi4=,,,,,W0lseWEgTGV2ZWRldl0KTyBxdWFudG8gZWxhIGdvc3RhIGRvIGlybcOjbyBtYWlzIHZlbGhvLi4u,,W0lseWEgTGViZWRldl0KUXVpZXJvIGRlY2lyLi4uIGN1w6FudG8gbGUgYWdyYWRhIHN1IGhlcm1hbm8gbWF5b3IuLi4=
yo2cBw,,W0phbmEgTGV2ZWRldl0KSWx5YSwgSSBoZWFyZCB0aGF0Lg==,,,,,W0phbmEgTGV2ZWRldl0KSWx5YSwgZXUgb3V2aSBpc3NvLg==,,W0phbmEgTGV2ZWRldl0KSWx5YSwgdGUgZXNjdWNow6ku
y42cBw,,W0lseWEgTGV2ZWRldl0KR29zaCEgTm8sIG5vLi4uIEkgd2FzIGp1c3QuLi4hIQ==,,,,,W0lseWEgTGV2ZWRldl0KQ2FyYW1iYSEgTsOjbywgbsOjby4uLiBFdSBzw7MgZXN0YXZhLi4u,,W0lseWEgTGViZWRldl0KwqFDaWVsb3MhIE5vLCBuby4uLiDCoVNvbG8gZXN0YWJhLi4uIQ==
zI2cBw,,W0lseWEgTGV2ZWRldl0KSSBtYWRlIGNvb2tpZXMgdG9nZXRoZXIgd2l0aCBKYW5hLiBZZXN0ZXJkYXksIHdlIHJlYWQgYSBib29rIHRvZ2V0aGVyLiBUb21vcnJvdyB3ZSB3aWxsIGV4cGxvcmUgdGhlIGRlYWQgbWluZS4uLg==,,,,,W0lseWEgTGV2ZWRldl0KRXUgZml6IGJpc2NvaXRvcyBqdW50byBjb20gYSBKYW5hLiBPbnRlbSwgbsOzcyBsZW1vcyB1bSBsaXZybyBqdW50b3MuIEFtYW5ow6MgbsOzcyB2YW1vcyBleHBsb3JhciBhIG1pbmEgYWJhbmRvbmFkYS4=,,W0lseWEgTGViZWRldl0KSGljZSBnYWxsZXRhcyBjb24gSmFuYS4gQXllciBsZcOtbW9zIHVuIGxpYnJvIGp1bnRvcy4gTWHDsWFuYSBleHBsb3JhcmVtb3MgbGEgbWluYSBhYmFuZG9uYWRhLi4u
zY2cBw,,SWx5YSBMZXZlZGV2IGlzIGJlIGV4Y2l0ZWQgYW5kIGJvYXN0aW5nIGFib3V0IHdoYXQgaGFwcGVuZWQu,,,,,SWx5YSBMZXZlZGV2IGVzdMOhIGFuaW1hZG8gZSBzZSBnYWJhbmRvIHBlbG8gcXVlIGFjb250ZWNldS4=,,SWx5YSBMZWJlZGV2IGVzdMOhIGVudHVzaWFzbWFkbyB5IHByZXN1bWUgc29icmUgbG8gcXVlIG9jdXJyacOzLg==
zo2cBw,,W0lseWEgTGV2ZWRldl0KU2hvb3Rpbmc/IEkgbGlrZSBpdC4gQnV0IGl0J3Mgbm90IHRoZSBvbmx5IHJlYXNvbiBJIHByYWN0aWNlIGl0Lg==,,,,,W0lseWEgTGV2ZWRldl0KQXRpcmFyPyBHb3N0byBkaXNzby4gTWFzIG7Do28gw6kgYSDDum5pY2EgcmF6w6NvIHBlbGEgcXVhbCBwcmF0aWNvLg==,,W0lseWEgTGViZWRldl0Kwr9EaXNwYXJvcz8gTWUgZ3VzdGEuIFBlcm8gbm8gZXMgZWwgw7puaWNvIG1vdGl2byBwb3IgZWwgcXVlIHByYWN0aWNvIGVzby4=
z42cBw,,W0lseWEgTGV2ZWRldl0KQmVjYXVzZSBJIGhhdmUgdG8gc3VwcG9ydCBKYW5hLiBJIHdpbGwgc2hvb3QgYW55b25lIHdobyBwdXRzIGEgaGFuZCBvbiBKYW5hLg==,,,,,W0lseWEgTGV2ZWRldl0KIMOJIHBvcnF1ZSBldSBwcmVjaXNvIGFwb2lhciBhIEphbmEuIFZvdSBhdGlyYXIgZW0gcXVhbHF1ZXIgdW0gcXVlIGNvbG9jYXIgYXMgbcOjb3MgbmVsYS4=,,W0lseWEgTGViZWRldl0KTG8gaGFnbyBwb3JxdWUgdGVuZ28gcXVlIGFwb3lhciBhIEphbmEuIERpc3BhcmFyw6kgYSBjdWFscXVpZXJhIHF1ZSBsZSBwb25nYSB1bmEgbWFubyBlbmNpbWEgYSBKYW5hLg==
0I2cBw,,SWx5YSBMZXZlZGV2IGxvb2tzIHF1aXRlIGV4Y2l0ZWQu,,,,,SWx5YSBMZXZlZGV2IHBhcmVjZSBlbXBvbGdhZG8u,,SWx5YSBMZWJlZGV2IHBhcmVjZSBiYXN0YW50ZSBlbW9jaW9uYWRvLg==
0Y2cBw,,W0lseWEgTGV2ZWRldl0KSSB3YW50IHRvIGJlIGNhbGxlZCBieSBteSBmaXJzdCBuYW1lLCBJbHlhLi4u,,,,,W0lseWEgTGV2ZWRldl0KRXUgcXVlcm8gc2VyIGNoYW1hZG8gcGVsbyBtZXUgcHJpbWVpcm8gbm9tZSwgSWx5YS4uLg==,,W0lseWEgTGViZWRldl0KUXVpZXJvIHF1ZSBtZSBsbGFtZW4gcG9yIG1pIG5vbWJyZSwgSWx5YS4uLg==
0o2cBw,,W0lseWEgTGV2ZWRldl0KSSBtZWFuLi4uIGJ5IEphbmEuIE5vdCBieSB5b3Uu,,,,,W0lseWEgTGV2ZWRldl0KRGlnby4uLiBwZWxhIEphbmEuIE7Do28gcG9yIHZvY8OqLg==,,W0lseWEgTGViZWRldl0KUXVpZXJvIGRlY2lyLi4uIHF1ZSBKYW5hIG1lIGxsYW1lIGFzw60uIE5vIHTDui4=
042cBw,,W0lseWEgTGV2ZWRldl0KU29tZXRpbWVzIEkgd2lzaCBzaGUgY2FsbHMgbWUgJ2Jyb3RoZXInLi4u,,,,,W0lseWEgTGV2ZWRldl0Kw4BzIHZlemVzLCBldSBnb3N0YXJpYSBxdWUgZWxhIG1lIGNoYW1hc3NlIGRlICdpcm3Do28nLi4u,,W0lseWEgTGViZWRldl0KQSB2ZWNlcywgbWUgZ3VzdGFyw61hIHF1ZSBtZSBkaWplcmEg4oCcaGVybWFub+KAnS4uLg==
1I2cBw,,W0lseWEgTGV2ZWRldl0KSmFuYSBjYWxscyB5b3V7MH1fX18uIEFuZCB3aHkgZG9lcyBzaGUgY2FsbCBtZSBJbHlhLi4uPyE=,,,,,W0lseWEgTGV2ZWRldl0KSmFuYSBjaGFtYSB2b2PDqiBkZSB7MH0uIEUgcG9ycXVlIGVsYSBtZSBjaGFtYSBkZSBJbHlhPyE=,,W0lseWEgTGViZWRldl0KSmFuYSB0ZSBsbGFtYSB7MH0uIMK/WSBwb3IgcXXDqSBtZSBsbGFtYSBhIG3DrSBJbHlhPw==
1Y2cBw,,RXJpY3Nzb24gQWRsZXI=,,,,,RXJpY3Nzb24gQWRsZXI=,,RXJpY3Nzb24gQWRsZXI=
1o2cBw,,W0RldGFjaGVkIEZvcmNlIGNvbW1hbmRlciBFcmljc3Nvbl0KQ29va2llcz8gTGV2ZWRldiB0d2lucyBtYWRlIHRoZW0/ClRoZW4gSSBoYXZlIG5vIGNob2ljZSBidXQgdG8gZWF0IHRoZW0uIEdpdmUgdGhlbSB0byBtZS4=,,,,,W0VyaWNzc29uIEFkbGVyXQpCaXNjb2l0b3M/IE9zIGfDqm1lb3MgTGV2ZWRldiBxdWUgZml6ZXJhbT8KRW50w6NvIG7Do28gdGVuaG8gZXNjb2xoYSBhIG7Do28gc2VyIGNvbcOqLWxvcy4gUGFzc2UgZWxlcyBwYXJhIGPDoS4=,,W0VyaWNzc29uIEFkbGVyXQrCv0dhbGxldGFzPyDCv0xvcyBnZW1lbG9zIExlYmVkZXYgbGFzIGhpY2llcm9uPwpFbnRvbmNlcywgbm8gdGVuZ28gbcOhcyByZW1lZGlvIHF1ZSBjb23DqXJtZWxhcy4gRMOhbWVsYXMu
142cBw,,W0RldGFjaGVkIEZvcmNlIGNvbW1hbmRlciBFcmljc3Nvbl0KU21lbGxzIGdvb2QuIE9mIGNvdXJzZSBpdCdzIG5vdCBhcyBnb29kIGFzIEx1Y3kncy4uLg==,,,,,W0VyaWNzc29uIEFkbGVyXQpDaGVpcmFtIGJlbS4gQ2xhcm8sIG7Do28gw6kgdMOjbyBib20gcXVhbnRvIG9zIGRhIEx1Y3kuLi4=,,W0VyaWNzc29uIEFkbGVyXQpIdWVsZSBiaWVuLiBQb3Igc3VwdWVzdG8sIG5vIHNvbiB0YW4gYnVlbmFzIGNvbW8gbGFzIGRlIEx1Y3kuLi4=
2I2cBw,,W0RldGFjaGVkIEZvcmNlIGNvbW1hbmRlciBFcmljc3Nvbl0KSG1tLCBnb29kISBUZWxsIHRoZW0gdGhhbmtzLg==,,,,,W0VyaWNzc29uIEFkbGVyXQpIbW0sIGRlbGljaW9zbyEgRGlnYSBxdWUgZXUgYWdyYWRlw6dvLg==,,W0VyaWNzc29uIEFkbGVyXQpNbW0sIMKhcXXDqSByaWNhcyEgRGFsZXMgbGFzIGdyYWNpYXMu
2Y2cBw,,W0RldGFjaGVkIEZvcmNlIGNvbW1hbmRlciBFcmljc3Nvbl0KWW91IHNhaWQgdGhlcmUgd2VyZSBjb29raWVzLiBXaGVyZSBhcmUgdGhleT8=,,,,,W0VyaWNzc29uIEFkbGVyXQpWb2PDqiBkaXNzZSBxdWUgaGF2aWEgYmlzY29pdG9zLiBPbmRlIGVzdMOjbz8=,,W0VyaWNzc29uIEFkbGVyXQpEaWppc3RlIHF1ZSBoYWLDrWEgZ2FsbGV0YXMuIMK/RMOzbmRlIGVzdMOhbj8=
2o2cBw,,W0RldGFjaGVkIEZvcmNlIGNvbW1hbmRlciBFcmljc3Nvbl0KWW91Li4uIFlvdSdyZSB0aGUgYWR2ZW50dXJlciB3aG8gc2hvd2VkIHVwIHdpdGggdGhlIFNlY3JldCBXaW5ncy4KV2hhdCBjYW4gSSBkbyBmb3IgeW91Pw==,,,,,W0VyaWNzc29uIEFkbGVyXQpWb2PDqi4uLiBWb2PDqiDDqSBvIHZpYWphbnRlIHF1ZSB2ZWlvIGNvbSBvIFZlbnRvIFNlY3JldG8uCkVtIHF1ZSBwb3NzbyBhanVkYXI/,,W0VyaWNzc29uIEFkbGVyXQpUw7ouLi4gRXJlcyBlbCB0cm90YW11bmRvcyBxdWUgYXBhcmVjacOzIGNvbiBlbCBWaWVudG8gU2VjcmV0by4Kwr9FbiBxdcOpIHRlIHB1ZWRvIGF5dWRhcj8=
242cBw,,WW91IHRvbGQgaGltIHdoYXQgeW91IGhlYXJkIGZyb20gRWxlbmEgQm9sa292YSBhbmQgYXNrZWQgaGltIGZvciBhIGNvbnN1bHRhdGlvbi4=,,,,,Vm9jw6ogY29udG91IG8gcXVlIG91dml1IGRhIEVsZW5hIEJvbGtvdmEgZSBwZWRpdSBjb25zZWxob3MgYSBlbGUu,,TGUgY29udGFzdGUgbG8gcXVlIGhhYsOtYXMgb8OtZG8gZGUgRWxlbmEgQm9sa292YSB5IGxlIHBlZGlzdGUgdW4gY29uc2Vqby4=
3I2cBw,,W0RldGFjaGVkIEZvcmNlIGNvbW1hbmRlciBFcmljc3Nvbl0KSWYgaXQgd2FzIGFib3V0IHRoZSBTZWNyZXQgV2luZ3MsIEkgd291bGQgbm90IGhhdmUgbWVudGlvbmVkIGFueXRoaW5nLiBCdXQgZm9yIHRoYXQgaXNzdWUsIEkgd2lsbCBoZWxwIHlvdS4KQXMgY29tbWFuZGVyIEJvbGtvdmEgc2FpZCwgSSBicm91Z2h0IHRob3NlIGtpZHMu,,,,,W0VyaWNzc29uIEFkbGVyXQpTZSBmb3NzZSBzb2JyZSBvIFZlbnRvIFNlY3JldG8sIGV1IG7Do28gdGVyaWEgZmFsYWRvIG5hZGEuIE1hcyBjb20gZXNzZSBwcm9ibGVtYSwgdm91IGFqdWTDoS1sby4KQ29tbyBhIGNvbWFuZGFudGUgQm9sa292YSBkaXNzZSwgZXUgdHJvdXhlIGVzc2FzIGNyaWFuw6dhcy4=,,W0VyaWNzc29uIEFkbGVyXQpTaSBzZSB0cmF0YXJhIGRlbCBWaWVudG8gU2VjcmV0bywgbm8gaGFicsOtYSBkaWNobyBuYWRhLiBQZXJvIGVuIGVzZSBhc3VudG8sIGxlcyBheXVkYXLDqS4KQ29tbyBkaWpvIGxhIGNvbWFuZGFudGUgQm9sa292YSwgeW8gdHJhamUgYSBlc29zIGNoaWNvcy4=
3Y2cBw,,W0RldGFjaGVkIEZvcmNlIGNvbW1hbmRlciBFcmljc3Nvbl0KLi4uSSBoZWFyZCB3aGF0IGhhcHBlbmVkIHRvIHRoZW0gbGF0ZWx5LiBCdXQgSSBkaWRuJ3Qga25vdyB0aGV5IHdlcmUgc3VmZmVyaW5nIGxpa2UgdGhhdC4=,,,,,W0VyaWNzc29uIEFkbGVyXQouLi5FdSBvdXZpIG8gcXVlIGFjb250ZWNldSBjb20gZWxhcyByZWNlbnRlbWVudGUuIE1hcyBuw6NvIHNhYmlhIHF1ZSBlbGFzIGVzdGF2YW0gc29mcmVuZG8gYXNzaW0u,,W0VyaWNzc29uIEFkbGVyXQouLi5NZSBlbnRlcsOpIGRlIGxvIHF1ZSBsZXMgcGFzw7Mgw7psdGltYW1lbnRlLiBQZXJvIG5vIHNhYsOtYSBxdWUgZXN0YWJhbiBzdWZyaWVuZG8gYXPDrS4=
3o2cBw,,W0RldGFjaGVkIEZvcmNlIGNvbW1hbmRlciBFcmljc3Nvbl0KSSB3YW50IHRvIHRhbGsgdG8gTGV2ZWRldiB0d2lucyBteXNlbGYuIEJ1dCBpdCBpcyBhbiBhcnJvZ2F0aW9uIGFuZCBpdCB3aWxsIGJlIGJhZCBmb3IgQ29tbWFuZGVyIEJvbGtvdmEuCkNvbW1hbmRlciBCb2xrb3ZhIGtub3dzIHRoYXQgdG9vLiBUaGF0J3Mgd2h5IHNoZSBzZW50IHlvdS4=,,,,,W0VyaWNzc29uIEFkbGVyXQpFdSBtZXNtbyBxdWVybyBjb252ZXJzYXIgY29tIG9zIGfDqm1lb3MgTGV2ZWRldi4gTWFzIMOpIGltcHLDs3ByaW8gZSBuw6NvIHNlcmlhIGJvbSBwYXJhIGEgY29tYW5kYW50ZSBCb2xrb3ZhLgpFbGEgc2FiZSBkaXNzbyB0YW1iw6ltLiDDiSBwb3IgaXNzbyBxdWUgZWxhIGVudmlvdSB2b2PDqi4=,,W0VyaWNzc29uIEFkbGVyXQpRdWllcm8gaGFibGFyIHlvIG1pc21vIGNvbiBsb3MgZ2VtZWxvcyBMZWJlZGV2LiBQZXJvIHBhcmVjZXLDoSBhcnJvZ2FudGUgeSBzZXLDoSBtYWxvIHBhcmEgbGEgY29tYW5kYW50ZSBCb2xrb3ZhLgpMYSBjb21hbmRhbnRlIEJvbGtvdmEgdGFtYmnDqW4gbG8gc2FiZS4gUG9yIGVzbywgdGUgZW52acOzIGEgdGku
342cBw,,W0RldGFjaGVkIEZvcmNlIGNvbW1hbmRlciBFcmljc3Nvbl0KVGhlcmUgYXJlIHNvbWUgcGVvcGxlIHdobyBkbyBub3QgbGlrZSBjb21tYW5kZXIgQm9sa292YS4KSGVyIHVuaXQgaXMgVVNVLiBUaGUgY29tbWFuZGVyIGRpZG4ndCBtYW5hZ2UgdG8gdGFrZSBjYXJlIG9mIGhlciBzcXVhZGRlcnMgc28gdGhlIHNxdWFkZGVycyB0YWxrZWQgdG8gdGhlaXIgZm9ybWVyIGNvbW1hbmRlcj8gSXQncyBhIGJhZCBzY2VuYXJpby4=,,,,,W0VyaWNzc29uIEFkbGVyXQpIw6EgcGVzc29hcyBxdWUgbsOjbyBnb3N0YW0gZGEgY29tYW5kYW50ZSBCb2xrb3ZhLgpFbGEgY29tYW5kYSBhIFVTLiBTZSBhIGNvbWFuZGFudGUgbsOjbyBjb25zZWd1aXUgY3VpZGFyIGRvcyBtZW1icm9zIGRvIHByw7NwcmlvIGVzcXVhZHLDo28sIGUgZW50w6NvIGVsZXMgY29udmVyc2FyYW0gY29tIHNldSBhbnRpZ28gY29tYW5kYW50ZS4uLiDDiSB1bWEgc2l0dWHDp8OjbyBww6lzc2ltYS4=,,W0VyaWNzc29uIEFkbGVyXQpBIGFsZ3VuYXMgcGVyc29uYXMgbm8gbGVzIGd1c3RhIGxhIGNvbWFuZGFudGUgQm9sa292YS4KU3UgdW5pZGFkIGVzIGxhIFVTLiDCv0xhIGNvbWFuZGFudGUgbm8gc3VwbyBjdWlkYXIgZGUgc3VzIGhvbWJyZXMgeSBwb3IgZXNvIGVzdG9zIGhhYmxhcm9uIGNvbiBzdSBhbnRpZ3VvIGNvbWFuZGFudGU/IEVzIHVuYSBzaXR1YWNpw7NuIGxhbWVudGFibGUu
4I2cBw,,W0RldGFjaGVkIEZvcmNlIGNvbW1hbmRlciBFcmljc3Nvbl0KTGV0IG1lIGdpdmUgeW91IHRoaXMuIEVhdCB0aGVtIHRvZ2V0aGVyIHdpdGggdGhlIHR3aW5zLiBBbmQgdGVsbCB0aGVtIHRvIHRydXN0IG1lIGFuZCB0ZWxsIHRoZWlyIHByb2JsZW1zIHRvIHlvdS4KRm9yZ2V0IGFkdmljZXMgb3IgcmVjb21tZW5kYXRpb25zIGFuZCBqdXN0IGxpc3RlbiB0byB0aGVtIGZvciBhIHdoaWxlLiBUaGV5IGFyZSBnb29kIGtpZHMgYW5kIHRoZXkgd2lsbCBkZWZpbml0ZWx5IHVuZGVyc3RhbmQgeW91LiBHb3QgaXQ/,,,,,W0VyaWNzc29uIEFkbGVyXQpEZWl4ZS1tZSBsaGUgZGFyIGlzc28uIENvbWEganVudG8gY29tIG9zIGfDqm1lb3MuIEUgZGlnYSBwYXJhIGVsZXMgY29uZmlhcmVtIGVtIG1pbSBlIGNvbnRhcmVtIG9zIHByb2JsZW1hcyBkZWxlcyBwYXJhIHZvY8OqLgpFc3F1ZcOnYSBvcyBjb25zZWxob3MgZSByZWNvbWVuZGHDp8O1ZXMgZSBhcGVuYXMgb3XDp2Etb3MgdW0gcG91Y28uIEVsZXMgc8OjbyBib2FzIGNyaWFuw6dhcyBlIGNvbSBjZXJ0ZXphIHbDo28gZW50ZW5kZXIgdm9jw6ouIEVudGVuZGV1Pw==,,W0VyaWNzc29uIEFkbGVyXQpEw6lqYW1lIGRhcnRlIGVzdG8uIEPDs21ldGVsYXMganVudG8gY29uIGxvcyBtZWxsaXpvcy4gWSBkaWxlcyBxdWUgY29uZsOtZW4gZW4gbcOtIHkgcXVlIHRlIGN1ZW50ZW4gc3VzIHByb2JsZW1hcy4KT2x2w61kYXRlIGRlIGxvcyBjb25zZWpvcyBvIGxhcyByZWNvbWVuZGFjaW9uZXMgeSBzb2xvIGVzY8O6Y2hhbG9zIHVuIHJhdG8uIFNvbiBidWVub3MgY2hpY29zIHkgc2VndXJvIHRlIGVudGVuZGVyw6FuLiDCv0VudGVuZGlkbz8=
4Y2cBw,,W3swfV0KKC4uLi4uLkNvb2tpZXMuLi4/KQ==,,,,,W3swfV0KKC4uLi4uLkJpc2NvaXRvcz8p,,W3swfV0KKMK/R2FsbGV0YXMuLi4/KQ==
4o2cBw,,W0RldGFjaGVkIEZvcmNlIGNvbW1hbmRlciBFcmljc3Nvbl0KSG1tLiBCdXQgeW91IGRvbid0IGhhdmUgZW5vdWdoIHNwYWNlIGluIHlvdXIgYmFnLiBUaGUgY29va2llcyBtaWdodCBiZSBicm9rZW4u,,,,,W0VyaWNzc29uIEFkbGVyXQpIdW1tLiBNYXMgdm9jw6ogbsOjbyB0ZW0gZXNwYcOnbyBzdWZpY2llbnRlIG5hIHN1YSBtb2NoaWxhLiBPcyBiaXNjb2l0b3MgcG9kZW0gc2UgcXVlYnJhci4=,,W0VyaWNzc29uIEFkbGVyXQpNbW0uIFBlcm8gbm8gdGllbmVzIHN1ZmljaWVudGUgZXNwYWNpbyBlbiB0dSBib2xzby4gTGFzIGdhbGxldGFzIHBvZHLDrWFuIGVzdGFyIHJvdGFzLg==
442cBw,,W0RldGFjaGVkIEZvcmNlIGNvbW1hbmRlciBFcmljc3Nvbl0KVGhleSBhcmUgdGhlIGNvb2tpZXMgbWFkZSBieSBzb21lb25lIEkgbGlrZS4gQ291bGQgeW91IHBsZWFzZSBtYWtlIHNvbWUgc3BhY2UgaW4geW91ciBiYWNrIGFuZCBjb21lIGJhY2s/,,,,,W0VyaWNzc29uIEFkbGVyXQpTw6NvIGJpc2NvaXRvcyBmZWl0b3MgcG9yIGFsZ3XDqW0gcXVlIGV1IGdvc3RvLiBQb2RlcmlhIGFycmFuamFyIHVtIGVzcGHDp28gbmEgc3VhIG1vY2hpbGEgZSB2b2x0YXIgZGVwb2lzPw==,,W0VyaWNzc29uIEFkbGVyXQpTb24gZ2FsbGV0YXMgaGVjaGFzIHBvciBhbGd1aWVuIHF1ZSBtZSBndXN0YS4gwr9Qb2Ryw61hcyBoYWNlciB1biBwb2NvIGRlIGVzcGFjaW8gZW4gdHUgYm9sc28geSByZWdyZXNhcj8=
5I2cBw,,W0RldGFjaGVkIEZvcmNlIGNvbW1hbmRlciBFcmljc3Nvbl0KSG93IGRpZCBpdCBnbyBvbj8gSG1tLiBXaGF0IGhhcHBlbmVkIHRvIHRoZSBjb29raWVzPw==,,,,,W0VyaWNzc29uIEFkbGVyXQpDb21vIGZvaT8gSHVtbS4gTyBxdWUgYWNvbnRlY2V1IGNvbSBvcyBiaXNjb2l0b3M/,,W0VyaWNzc29uIEFkbGVyXQrCv0PDs21vIHNhbGnDsz8gTW1tLiDCv1F1w6kgcGFzw7MgY29uIGxhcyBnYWxsZXRhcz8=
5Y2cBw,,W0RldGFjaGVkIEZvcmNlIGNvbW1hbmRlciBFcmljc3Nvbl0KTGV0IG1lIGdpdmUgdGhlbSB0byB5b3UgYWdhaW4uIFRha2UgdGhlbSB0byBMZXZlZGV2IHR3aW5zIGFuZCB0YWxrIHRvIHRoZW0u,,,,,W0VyaWNzc29uIEFkbGVyXQpEZWl4ZS1tZSBkYXIgbWFpcyBwYXJhIHZvY8OqLiBMZXZlLW9zIHBhcmEgb3MgZ8OqbWVvcyBMZXZlZGV2IGUgY29udmVyc2UgY29tIGVsZXMu,,W0VyaWNzc29uIEFkbGVyXQpUZSBsYXMgZGFyw6kgZGUgbnVldm8uIExsw6l2YXNlbGFzIGEgbG9zIGdlbWVsb3MgTGViZWRldiB5IGhhYmxhIGNvbiBlbGxvcy4=
5o2cBw,,W0RldGFjaGVkIEZvcmNlIGNvbW1hbmRlciBFcmljc3Nvbl0KWW91J3JlIGJhY2shIERvbid0IGJlIHNvIG5lcnZvdXMuIFRoZXkgYXJlIGdvb2Qga2lkcy4gR28gdGFsayB0byB0aGVtIGNvbWZvcnRhYmx5Lg==,,,,,W0VyaWNzc29uIEFkbGVyXQpWb2PDqiB2b2x0b3UhIE7Do28gZmlxdWUgdMOjbyBuZXJ2b3NvLiBTw6NvIGNyaWFuw6dhcyBib2F6aW5oYXMuIFbDoSBjb252ZXJzYXIgY29tIGVsZXMgdHJhbnF1aWxhbWVudGUu,,W0VyaWNzc29uIEFkbGVyXQrCoVZvbHZpc3RlISBSZWzDoWphdGUuIFNvbiBidWVub3MgY2hpY29zLiBWZSBhIGhhYmxhciBjb24gZWxsb3MgZW4gY2FsbWEu
542cBw,,W0RldGFjaGVkIEZvcmNlIGNvbW1hbmRlciBFcmljc3Nvbl0KRG9uJ3QgcHJlYWNoIGF0IHRoZW0gdG9vIG11Y2guIElmIHRoZXkgaGF2ZSBwcm9ibGVtcywgbGlzdGVuIHRvIHRoZW0uIE1ha2Ugc3VyZSB5b3UgZ2l2ZSB0aGVtIGNvb2tpZXMu,,,,,W0VyaWNzc29uIEFkbGVyXQpOw6NvIGTDqiBtdWl0b3Mgc2VybcO1ZXMuIFNlIGVsZXMgdGl2ZXJlbSBwcm9ibGVtYXMsIG91w6dhLW9zLiBMZW1icmUtc2UgZGUgZGFyIG9zIGJpc2NvaXRvcyBwYXJhIGVsZXMu,,W0VyaWNzc29uIEFkbGVyXQpObyBsb3Mgc2VybW9uZWVzIGRlbWFzaWFkby4gU2kgdGllbmVuIHByb2JsZW1hcywgZXNjw7pjaGFsb3MuIEFzZWfDunJhdGUgZGUgZGFybGVzIGdhbGxldGFzLg==
6I2cBw,,W0RldGFjaGVkIEZvcmNlIGNvbW1hbmRlciBFcmljc3Nvbl0KRGlkIEkgZ2l2ZSB5b3UgdGhhdCBtdWNoIGNvb2tpZXMuLi4/IFNvcnJ5LiBSZXR1cm4gdGhlIHJlc3Qgb2YgdGhlbSB0byBtZS4=,,,,,W0VyaWNzc29uIEFkbGVyXQpFdSB0ZSBkZWkgdGFudG9zIGJpc2NvaXRvcyBhc3NpbT8gRGVzY3VscGUuIFRyYWdhIG8gcmVzdG8gZGUgdm9sdGEgcHJhIG1pbS4=,,W0VyaWNzc29uIEFkbGVyXQrCv1RhbnRhcyBnYWxsZXRhcyB0ZSBkaS4uLj8gTG8gc2llbnRvLiBEZXZ1w6lsdmVtZSBlbCByZXN0by4=
6Y2cBw,,W0RldGFjaGVkIEZvcmNlIGNvbW1hbmRlciBFcmljc3Nvbl0KSSByZWNlaXZlZCB0aGVtIGZyb20gc29tZW9uZSBJIGxpa2UuIEF0IGxlYXN0IEkgaGF2ZSB0byB0YXN0ZSB0aGUgY29va2llIHNvIHRoYXQgSSBjYW4gbWFrZSB0aGUgZmVlZGJhY2su,,,,,W0VyaWNzc29uIEFkbGVyXQpFdSBvcyByZWNlYmkgZGUgYWxndcOpbSBxdWUgZXUgZ29zdG8uIFBlbG8gbWVub3MgdGVuaG8gcXVlIGV4cGVyaW1lbnRhciBvIGJpc2NvaXRvIHBhcmEgcG9kZXIgZGFyIHVtYSBvcGluacOjby4=,,W0VyaWNzc29uIEFkbGVyXQpMYXMgcmVjaWLDrSBkZSBhbGd1aWVuIHF1ZSBtZSBndXN0YS4gQWwgbWVub3MgdGVuZ28gcXVlIHByb2JhciBsYSBnYWxsZXRhIHBhcmEgcG9kZXIgb3BpbmFyLg==
6o2cBw,,W0RldGFjaGVkIEZvcmNlIGNvbW1hbmRlciBFcmljc3Nvbl0KWW91J3JlIGJhY2shIERvbid0IGJlIHNvIG5lcnZvdXMuIFRoZXkgYXJlIGdvb2Qga2lkcy4gR28gc3BlYWsgdG8gdGhlbS4=,,,,,W0VyaWNzc29uIEFkbGVyXQpWb2PDqiB2b2x0b3UhIE7Do28gZmlxdWUgdMOjbyBuZXJ2b3NvLiBTw6NvIGNyaWFuw6dhcyBib2F6aW5oYXMuIFbDoSBjb252ZXJzYXIgY29tIGVsZXMu,,W0VyaWNzc29uIEFkbGVyXQrCoVZvbHZpc3RlISBSZWzDoWphdGUuIFNvbiBidWVub3MgY2hpY29zLiBWZSBhIGhhYmxhciBjb24gZWxsb3Mu
642cBw,,W0RldGFjaGVkIEZvcmNlIGNvbW1hbmRlciBFcmljc3Nvbl0KWW91Li4uPw==,,,,,W0VyaWNzc29uIEFkbGVyXQpWb2PDqj8=,,W0VyaWNzc29uIEFkbGVyXQrCv1TDui4uLj8=
7I2cBw,,W0RldGFjaGVkIEZvcmNlIGNvbW1hbmRlciBFcmljc3Nvbl0KLi4uPwpZb3UuLi4=,,,,,W0VyaWNzc29uIEFkbGVyXQouLi4/ClZvY8OqLi4u,,W0VyaWNzc29uIEFkbGVyXQrCvy4uLj8KVMO6Li4u
7Y2cBw,,W0RldGFjaGVkIEZvcmNlIGNvbW1hbmRlciBFcmljc3Nvbl0KWW91IGFyZSB0aGUgYWR2ZW50dXJlciB3aG8gY3JlYXRlZCBhIGh1Z2Ugbm9pc2UgaW4gb3VyIGhpZGVvdXQuCkJ5IHRoZSB3YXksIC4uLkhtbSwgbm8uIE5ldmVyIG1pbmQu,,,,,W0VyaWNzc29uIEFkbGVyXQpWb2PDqiDDqSBvIHZpYWphbnRlIHF1ZSBmZXogdW0gZXN0YXJkYWxoYcOnbyBubyBub3NzbyBlc2NvbmRlcmlqby4KQSBwcm9ww7NzaXRvLCBIdW1tLi4uIG7Do28uIEVzcXVlw6dhLg==,,W0VyaWNzc29uIEFkbGVyXQpFcmVzIGVsIHRyb3RhbXVuZG9zIHF1ZSBhbGJvcm90w7MgbnVlc3RybyBlc2NvbmRpdGUuClBvciBjaWVydG8sIG1tbS4uLiBObywgbm8gaW1wb3J0YS4=
7o2cBw,,W3swfV0KKC4uLlNlZW1zIGxpa2UgaGUgd2FudHMgdG8gc2F5IHNvbWV0aGluZy4p,,,,,W3swfV0KKC4uLlBhcmVjZSBxdWUgZWxlIHF1ZXIgZGl6ZXIgYWxndW1hIGNvaXNhKQ==,,W3swfV0KKC4uLlBhcmVjZSBxdWUgcXVpZXJlIGRlY2lyIGFsZ28pLg==
742cBw,,V291bGQgeW91IGxpa2UgdG8gc2F5IGFueXRoaW5nPw==,,,,,Vm9jw6ogcXVlciBhbGd1bWEgY29pc2E/,,wr9RdWllcmVzIGRlY2lyIGFsZ28/
8I2cBw,,U2VlIHlvdS4=,,,,,QXTDqSBtYWlzLg==,,Tm9zIHZlbW9zLg==
8Y2cBw,,W0RldGFjaGVkIEZvcmNlIGNvbW1hbmRlciBFcmljc3Nvbl0KT2gsIGFjdHVhbGx5Li4uIEkgd2FudGVkIHRvIGFzayB5b3UgZm9yIGEgbGl0dGxlIGZhdm9yLgpZb3UnbGwgaGF2ZSB0byB2aXNpdCBFaW5icm9jaCBmb3IgYSB3aGlsZS4gV291bGQgeW91IGFjY2VwdCBpdD8=,,,,,W0VyaWNzc29uIEFkbGVyXQpBaCwgbmEgdmVyZGFkZS4uLiBFdSBxdWVyaWEgcGVkaXIgdW0gcGVxdWVubyBmYXZvci4KVm9jw6ogdGVyw6EgcXVlIHZpc2l0YXIgRWluYnJvY2ggcG9yIHVtIHRlbXBvLiBWb2PDqiBhY2VpdGFyaWE/,,W0VyaWNzc29uIEFkbGVyXQpPaCwgZW4gcmVhbGlkYWQuLi4gUXVlcsOtYSBwZWRpcnRlIHVuIHBlcXVlw7FvIGZhdm9yLgpUZW5kcsOhcyBxdWUgdmlzaXRhciBFaW5icm9jaCBkdXJhbnRlIHVuIHRpZW1wby4gwr9Qb2Ryw61hcyBoYWNlcmxvPw==
8o2cBw,,SSB3aWxsIGhlbHAgeW91Lg==,,,,,RXUgdm91IGFqdWRhciB2b2PDqi4=,,VGUgYXl1ZGFyw6ku
842cBw,,U29ycnksIEkubSBidXN5Lg==,,,,,TGFtZW50bywgZXN0b3Ugc2VtIHRlbXBvLg==,,TG8gc2llbnRvLCBwZXJvIGFob3JhIG5vIHB1ZWRvLg==
9I2cBw,,W0RldGFjaGVkIEZvcmNlIGNvbW1hbmRlciBFcmljc3Nvbl0KVGhhbmtzLiBJdCdzIG5vdCBhIHRvdWdoIGpvYi4KSWYgeW91IGdvIHNvdXRoIGZyb20gdGhlIEVpbmJyb2NoIG9ic2VydmF0b3J5LCB5b3Ugd2lsbCBmaW5kIGEgXjAwMDBDRGZsb3dlciBnaXJsXjAwMDAwMC4=,,,,,W0VyaWNzc29uIEFkbGVyXQpPYnJpZ2Fkby4gTsOjbyDDqSB1bSB0cmFiYWxobyBkaWbDrWNpbC4KU2Ugdm9jw6ogZm9yIHBhcmEgbyBzdWwgYSBwYXJ0aXIgZG8gb2JzZXJ2YXTDs3JpbyBkZSBFaW5icm9jaCwgdm9jw6ogZW5jb250cmFyw6EgdW1hIF4wMDAwQ0RtZW5pbmEgZmxvcmlzdGFeMDAwMDAwLg==,,W0VyaWNzc29uIEFkbGVyXQpHcmFjaWFzLiBObyBlcyB1biB0cmFiYWpvIGRpZsOtY2lsLgpTaSB2YXMgaGFjaWEgZWwgc3VyIGRlc2RlIGVsIG9ic2VydmF0b3JpbyBkZSBFaW5icm9jaCwgZW5jb250cmFyw6FzIGEgbGEgXjAwMDBDRENoaWNhIEZsb3Jpc3RhXjAwMDAwMC4=
9Y2cBw,,W0RldGFjaGVkIEZvcmNlIGNvbW1hbmRlciBFcmljc3Nvbl0KQ291bGQgeW91IGJ1eSBhIEJ1bmNoIE9mIEZsb3dlcnMgZnJvbSB0aGF0IGtpZCBhbmQgbGF5IGl0IGJlbmVhdGggdGhlIHRyZWUgYmVzaWRlIGhlcj8KVGhlcmUgaXMgYSBzbWFsbCBzaWduIGJlbG93IHRoZSB0cmVlLCBzbyB5b3Ugd2lsbCBmaW5kIGl0IGVhc2lseS4=,,,,,W0VyaWNzc29uIEFkbGVyXQpQb2RlcmlhIGNvbXByYXIgdW0gUmFtbyBkZSBGbG9yZXMgZGFxdWVsYSBtZW5pbmEgZSBjb2xvY8OhLWxvIGVtYmFpeG8gZGEgw6Fydm9yZSBhbyBsYWRvIGRlbGE/CkjDoSB1bWEgcGVxdWVuYSBwbGFjYSBlbWJhaXhvIGRhIMOhcnZvcmUsIGVudMOjbyB2b2PDqiBhIGVuY29udHJhcsOhIGNvbSBmYWNpbGlkYWRlLg==,,W0VyaWNzc29uIEFkbGVyXQrCv1BvZHLDrWFzIGNvbXByYXJsZSB1biBSYW1vIGRlIGZsb3JlcyBhIGVzYSBjaGljYSB5IHBvbmVybG8gYmFqbyBlbCDDoXJib2wganVudG8gYSBlbGxhPwpIYXkgdW4gcGVxdWXDsW8gY2FydGVsIGRlYmFqbyBkZWwgw6FyYm9sLCBhc8OtIHF1ZSBsbyBlbmNvbnRyYXLDoXMgZsOhY2lsbWVudGUu
9o2cBw,,W0RldGFjaGVkIEZvcmNlIGNvbW1hbmRlciBFcmljc3Nvbl0KSSB3aWxsIGNvdW50IG9uIHlvdS4gQ29tZSBiYWNrIGFuZCByZXBvcnQsIEkgbWVhbi4uLiB0ZWxsIG1lLg==,,,,,W0VyaWNzc29uIEFkbGVyXQpFc3RvdSBjb250YW5kbyBjb20gdm9jw6ouIFZvbHRlIGUgcmVwb3J0ZSwgcXVlcm8gZGl6ZXIuLi4gY29udGUtbWUu,,W0VyaWNzc29uIEFkbGVyXQpDdWVudG8gY29udGlnby4gUmVncmVzYSBlIGluZsOzcm1hbWUsIHF1aWVybyBkZWNpci4uLiBjdcOpbnRhbWUu
942cBw,,W0RldGFjaGVkIEZvcmNlIGNvbW1hbmRlciBFcmljc3Nvbl0KU29ycnkgZm9yIHRoaXMgaW5jb252ZW5pZW5jZS4=,,,,,W0VyaWNzc29uIEFkbGVyXQpEZXNjdWxwZS1tZSBwZWxvIGluY29udmVuaWVudGUu,,W0VyaWNzc29uIEFkbGVyXQpEaXNjdWxwYSBsYXMgbW9sZXN0aWFzLg==
+I2cBw,,W0RldGFjaGVkIEZvcmNlIGNvbW1hbmRlciBFcmljc3Nvbl0KT29wcywgc29ycnkuIFNlZSB5b3UgbGF0ZXIu,,,,,W0VyaWNzc29uIEFkbGVyXQpPcGEsIGRlc2N1bHBhLiBWZWpvIHZvY8OqIGRlcG9pcy4=,,W0VyaWNzc29uIEFkbGVyXQpPaCwgbG8gc2llbnRvLiBIYXN0YSBsdWVnby4=
+Y2cBw,,W0RldGFjaGVkIEZvcmNlIGNvbW1hbmRlciBFcmljc3Nvbl0KQnV5IGEgQnVuY2ggT2YgRmxvd2VycyBmcm9tIF4wMDAwQ0RmbG93ZXIgZ2lybF4wMDAwMDAgYW5kIGxheSBpdCBiZW5lYXRoIHRoZSB0cmVlLgpJZiB5b3UgZ28gc291dGggZnJvbSB0aGUgRWluYnJvY2hlIG9ic2VydmF0b3J5LCB5b3Ugd2lsbCBmaW5kIGl0Lg==,,,,,W0VyaWNzc29uIEFkbGVyXQpDb21wcmUgdW0gUmFtbyBkZSBGbG9yZXMgZGEgXjAwMDBDRG1lbmluYSBmbG9yaXN0YV4wMDAwMDAgZSBjb2xvcXVlLW8gZW1iYWl4byBkYSDDoXJ2b3JlLgpTZSB2b2PDqiBmb3IgcGFyYSBvIHN1bCBhIHBhcnRpciBkbyBvYnNlcnZhdMOzcmlvIGRlIEVpbmJyb2NoLCB2b2PDqiBhIGVuY29udHJhcsOhLg==,,W0VyaWNzc29uIEFkbGVyXQpDw7NtcHJhbGUgdW4gUmFtbyBkZSBmbG9yZXMgYSBsYSBeMDAwMENEQ2hpY2EgRmxvcmlzdGFeMDAwMDAwIHkgcG9ubG8gYmFqbyBlbCDDoXJib2wuClNpIHZhcyBoYWNpYSBlbCBzdXIgZGVzZGUgZWwgb2JzZXJ2YXRvcmlvIGRlIEVpbmJyb2NoLCBsYSBlbmNvbnRyYXLDoXMu
+o2cBw,,W0RldGFjaGVkIEZvcmNlIGNvbW1hbmRlciBFcmljc3Nvbl0KSG1tLi4uIFdoYXQncyB0aGUgbWF0dGVyPwpJZiBJIGtlZXAgc2F5aW5nIHRoZSBzYW1lIHdvcmRzLCBwcmludCBhIHNjcmVlbiBhbmQgY29udGFjdCB0aGUgYWRtaW5pc3RyYXRpb24gdGVhbS4=,,,,,W0VyaWNzc29uIEFkbGVyXQpIdW1tLi4uIFF1YWwgw6kgbyBwcm9ibGVtYT8KU2UgZXUgY29udGludWFyIGZhbGFuZG8gYXMgbWVzbWFzIHBhbGF2cmFzLCBjYXB0dXJlIHVtYSBpbWFnZW0gZGEgdGVsYSBlIGVudHJlIGVtIGNvbnRhdG8gY29tIGEgZXF1aXBlIGFkbWluaXN0cmF0aXZhLg==,,W0VyaWNzc29uIEFkbGVyXQpNbW0uLi4gwr9RdcOpIHN1Y2VkZT8KU2kgc2lnbyByZXBpdGllbmRvIGxhcyBtaXNtYXMgcGFsYWJyYXMsIHNhY2EgY2FwdHVyYSBkZSBsYSBwYW50YWxsYSB5IHBvbnRlIGVuIGNvbnRhY3RvIGNvbiBlbCBlcXVpcG8gZGUgYWRtaW5pc3RyYWNpw7NuLg==
+42cBw,,W0RldGFjaGVkIEZvcmNlIGNvbW1hbmRlciBFcmljc3Nvbl0KT2gsIGl0J3MgeW91LiBXZWxjb21lIGJhY2su,,,,,W0VyaWNzc29uIEFkbGVyXQpBaCwgw6kgdm9jw6ouIEJlbS12aW5kbyBkZSB2b2x0YS4=,,W0VyaWNzc29uIEFkbGVyXQpBaCwgZXJlcyB0w7ouIEhvbGEgZGUgbnVldm8u
/I2cBw,,W3swfV0KSSBtZXQgTHVjeS4=,,,,,W3swfV0KRXUgY29uaGVjaSBhIEx1Y3ku,,W3swfV0KQ29ub2PDrSBhIEx1Y3ku
/Y2cBw,,W0RldGFjaGVkIEZvcmNlIGNvbW1hbmRlciBFcmljc3Nvbl0KR29vZC4gSG93IHdhcyBoZXIgaGVhbHRoPw==,,,,,W0VyaWNzc29uIEFkbGVyXQrDk3RpbW8uIENvbW8gZXN0w6EgYSBzYcO6ZGUgZGVsYT8=,,W0VyaWNzc29uIEFkbGVyXQpCaWVuLiDCv0PDs21vIGVzdGFiYSBkZSBzYWx1ZD8=
/o2cBw,,U2hlIHdhcyBmaW5lLg==,,,,,RWxhIGVzdMOhIGJlbS4=,,RXN0YWJhIGJpZW4u
/42cBw,,U2hlIHRvbGQgbWUgYWJvdXQgeW91Lg==,,,,,RWxhIG1lIGZhbG91IHNvYnJlIHZvY8OqLg==,,TWUgaGFibMOzIGRlIHRpLg==
AI6cBw,,W0RldGFjaGVkIEZvcmNlIGNvbW1hbmRlciBFcmljc3Nvbl0KUmVhbGx5PyBUaGF0J3MgZ29vZC4gRGlkbid0IHNoZSBzYXkgYW55dGhpbmcgZWxzZSB0byB5b3U/CkdyZWF0LiBQbGVhc2UgZG9uJ3QgdGVsbCBhYm91dCBpdCBhbnlvbmUgZWxzZSBleGNlcHQgTGV2ZWRldiB0d2lucy4=,,,,,W0VyaWNzc29uIEFkbGVyXQpTw6lyaW8/IElzc28gw6kgYm9tLiBFbGEgbsOjbyBkaXNzZSBtYWlzIG5hZGEgcGFyYSB2b2PDqj8Kw5N0aW1vLiBQb3IgZmF2b3IsIG7Do28gY29udGUgaXNzbyBhIG5pbmd1w6ltLCBleGNldG8gYW9zIGfDqm1lb3MgTGV2ZWRldi4=,,W0VyaWNzc29uIEFkbGVyXQrCv0RlIHZlcmRhZD8gUXXDqSBidWVuby4gwr9ObyB0ZSBkaWpvIG5hZGEgbcOhcz8KR2VuaWFsLiBQb3IgZmF2b3IsIG5vIHNlIGxvIGN1ZW50ZXMgYSBuYWRpZSBtw6FzIHF1ZSBhIGxvcyBnZW1lbG9zIExlYmVkZXYu
AY6cBw,,W0RldGFjaGVkIEZvcmNlIGNvbW1hbmRlciBFcmljc3Nvbl0KVGhleSB1c2VkIHRvIGhlbHAgbWUgZm9yIHRoaXMuIEJ1dCBJIGNhbm5vdCByZXF1ZXN0IHRoZW0gbm93Lg==,,,,,W0VyaWNzc29uIEFkbGVyXQpFbGVzIGNvc3R1bWF2YW0gbWUgYWp1ZGFyIGNvbSBpc3NvLiBNYXMgZXUgbsOjbyBwb3NzbyBwZWRpciBwYXJhIGVsZXMgYWdvcmEu,,W0VyaWNzc29uIEFkbGVyXQpTb2zDrWFuIGF5dWRhcm1lIGNvbiBlc3RvLiBQZXJvIGFob3JhIG5vIHB1ZWRvIHBlZMOtcnNlbGFzLg==
Ao6cBw,,W0RldGFjaGVkIEZvcmNlIGNvbW1hbmRlciBFcmljc3Nvbl0KSSBzZWUuIFdoYXQgZGlkIHNoZSBzYXk/,,,,,W0VyaWNzc29uIEFkbGVyXQpFbnRlbmRvLiBPIHF1ZSBlbGEgZGlzc2U/,,W0VyaWNzc29uIEFkbGVyXQpZYSB2ZW8uIMK/UXXDqSBkaWpvPw==
A46cBw,,WW91IHRvbGQgaGltIHdoYXQgeW91IGhlYXJkIGZyb20gTHVjeS4=,,,,,Vm9jw6ogY29udG91LWxoZSBvIHF1ZSBvdXZpdSBkYSBMdWN5Lg==,,TGUgY29udGFzdGUgbG8gcXVlIHRlIGRpam8gTHVjeS4=
BI6cBw,,W0RldGFjaGVkIEZvcmNlIGNvbW1hbmRlciBFcmljc3Nvbl0KLi4uUGVyaGFwcyB0aGVyZSBtdXN0IGhhdmUgYmVlbiBhIGh1Z2UgbWlzdW5kZXJzdGFuZGluZy4KUGxlYXNlIGRvbid0IHRlbGwgYWJvdXQgaXQgYW55b25lIGVsc2UgaW4gdGhlIFJlYmVsbGlvbiwgZXhjZXB0IExldmVkZXYgdHdpbnMu,,,,,W0VyaWNzc29uIEFkbGVyXQouLi5UYWx2ZXogdGVuaGEgaGF2aWRvIHVtIGdyYW5kZSBtYWwtZW50ZW5kaWRvLgpQb3IgZmF2b3IsIG7Do28gY29udGUgaXNzbyBhIG5pbmd1w6ltIG5hIFJlYmVsacOjbywgZXhjZXRvIGFvcyBnw6ptZW9zIExldmVkZXYu,,W0VyaWNzc29uIEFkbGVyXQouLi5RdWl6w6EgaHVibyB1biBncmFuIG1hbGVudGVuZGlkby4KUG9yIGZhdm9yLCBubyBzZSBsbyBkaWdhcyBhIG5hZGllIG3DoXMgZW4gbGEgUmViZWxpw7NuLCBleGNlcHRvIGEgbG9zIGdlbWVsb3MgTGViZWRldi4=
BY6cBw,,W0RldGFjaGVkIEZvcmNlIGNvbW1hbmRlciBFcmljc3Nvbl0KT25seSBpZiB0aGF0IGtpZCB3YXMgYWxpdmUuLi4=,,,,,W0VyaWNzc29uIEFkbGVyXQpTZSBhbyBtZW5vcyBhcXVlbGEgY3JpYW7Dp2EgZXN0aXZlc3NlIHZpdmEuLi4=,,W0VyaWNzc29uIEFkbGVyXQpTaSB0YW4gc29sbyBubyBodWJpZXJhIG11ZXJ0by4uLg==
Bo6cBw,,W0RldGFjaGVkIEZvcmNlIGNvbW1hbmRlciBFcmljc3Nvbl0KTm8sIG5vdGhpbmcu,,,,,W0VyaWNzc29uIEFkbGVyXQpOw6NvLCBuYWRhLg==,,W0VyaWNzc29uIEFkbGVyXQpObywgbmFkYS4=
B46cBw,,W0RldGFjaGVkIEZvcmNlIGNvbW1hbmRlciBFcmljc3Nvbl0KQWZ0ZXIgYWxsLCB0aGFuayB5b3UgZm9yIHlvdXIgc3VwcG9ydC4KSWYgaXQncyBva2F5IGZvciB5b3UsIGNvdWxkIHlvdSBwbGVhc2UgdmlzaXQgdGhhdCBwbGFjZSBmcmVxdWVudGx5IGFuZCBsYXkgdGhlIGZsb3dlciB0aGVyZT8=,,,,,W0VyaWNzc29uIEFkbGVyXQpBaW5kYSBhc3NpbSwgb2JyaWdhZG8gcGVsbyBzZXUgYXBvaW8uClNlIGVzdGl2ZXIgdHVkbyBiZW0gcGFyYSB2b2PDqiwgcG9kZXJpYSB2aXNpdGFyIGFxdWVsZSBsdWdhciBmcmVxdWVudGVtZW50ZSBlIGNvbG9jYXIgZmxvcmVzIGzDoT8=,,W0VyaWNzc29uIEFkbGVyXQpBbCBmaW4geSBhbCBjYWJvLCBncmFjaWFzIHBvciB0dSBhcG95by4KU2kgdGUgcGFyZWNlIGJpZW4sIMK/cG9kcsOtYXMgdmlzaXRhciBlc2UgbHVnYXIgY29uIGZyZWN1ZW5jaWEgeSBkZWphciBsYXMgZmxvcmVzIGFsbMOtPw==
CI6cBw,,W0RldGFjaGVkIEZvcmNlIGNvbW1hbmRlciBFcmljc3Nvbl0KWW91IGFyZSBhIGtpbmQgeW91bmdzdGVyLiBPbmNlIGEgZGF5IHdpbGwgYmUgZ29vZCBlbm91Z2gu,,,,,W0VyaWNzc29uIEFkbGVyXQpWb2PDqiDDqSB1bSBqb3ZlbSBnZW50aWwuIFVtYSB2ZXogcG9yIGRpYSBzZXLDoSBzdWZpY2llbnRlLg==,,W0VyaWNzc29uIEFkbGVyXQpFcmVzIGpvdmVuIHkgYW1hYmxlLiBVbmEgdmV6IGFsIGTDrWEgc2Vyw6Egc3VmaWNpZW50ZS4=
CY6cBw,,W0RldGFjaGVkIEZvcmNlIGNvbW1hbmRlciBFcmljc3Nvbl0KWW91IGhhdmUgeW91ciBvd24gam9iLiBDb21lIGJhY2sgYWZ0ZXIgdGhlIGRhd24sIHdoZW4geW91IGhhdmUgZnJlZSB0aW1lLg==,,,,,W0VyaWNzc29uIEFkbGVyXQpWb2PDqiB0ZW0gbyBzZXUgcHLDs3ByaW8gdHJhYmFsaG8uIFZvbHRlIGRlcG9pcyBkbyBhbWFuaGVjZXIsIHF1YW5kbyB2b2PDqiB0aXZlciB0ZW1wbyBsaXZyZS4=,,W0VyaWNzc29uIEFkbGVyXQpUaWVuZXMgdHUgcHJvcGlvIHRyYWJham8uIFZ1ZWx2ZSBkZXNwdcOpcyBkZWwgYW1hbmVjZXIsIGN1YW5kbyB0ZW5nYXMgdGllbXBvIGxpYnJlLg==
Co6cBw,,W0RldGFjaGVkIEZvcmNlIGNvbW1hbmRlciBFcmljc3Nvbl0KV2VsY29tZSBiYWNrLgpDb3VsZCB5b3UgZ28gdG8gRWluYnJvY2ggYWdhaW4gYW5kIGRlZGljYXRlIHRoZSBmbG93ZXI/,,,,,W0VyaWNzc29uIEFkbGVyXQpCZW0tdmluZG8gZGUgdm9sdGEuClBvZGVyaWEgaXIgYSBFaW5icm9jaCBkZSBub3ZvIGUgb2ZlcnRhciBhIGZsb3I/,,W0VyaWNzc29uIEFkbGVyXQpIb2xhIGRlIG51ZXZvLgrCv1BvZHLDrWFzIGlyIGRlIG51ZXZvIGEgRWluYnJvY2ggeSBkZWRpY2FyIGxhIGZsb3I/
C46cBw,,VGVsbCBoaW0geW91IHdpbGwu,,,,,RGlnYSBxdWUgdm9jw6ogaXLDoS4=,,RGlsZSBxdWUgbG8gaGFyw6FzLg==
DI6cBw,,VGVsbCBoaW0geW91J3JlIGJ1c3ku,,,,,RGlnYSBxdWUgbsOjbyBkw6Eu,,RGVjaXJsZSBxdWUgdGllbmVzIG90cmFzIGNvc2FzIHF1ZSBoYWNlci4=
DY6cBw,,W0RldGFjaGVkIEZvcmNlIGNvbW1hbmRlciBFcmljc3Nvbl0KR28gc291dGggZnJvbSB0aGUgRWluYnJvY2ggb2JzZXJ2YXRvcnkgYW5kIHlvdSdsbCBmaW5kIGEgdHJlZS4gVGhlIF4wMDAwQ0RmbG93ZXIgZ2lybF4wMDAwMDAgd2lsbCBiZSBuZWFyYnkuClRoYW5rIHlvdSBhZ2Fpbi4gSSBjb3VudCBvbiB5b3Uu,,,,,W0VyaWNzc29uIEFkbGVyXQpWw6EgcGFyYSBvIHN1bCBhIHBhcnRpciBkbyBvYnNlcnZhdMOzcmlvIGRlIEVpbmJyb2NoIGUgdm9jw6ogZW5jb250cmFyw6EgYSDDoXJ2b3JlLiBBIF4wMDAwQ0RtZW5pbmEgZmxvcmlzdGFeMDAwMDAwIGVzdGFyw6EgcG9yIHBlcnRvLgpBZ3JhZGXDp28gbm92YW1lbnRlLiBDb250byBjb20gdm9jw6ou,,W0VyaWNzc29uIEFkbGVyXQpWZSBoYWNpYSBlbCBzdXIgZGVzZGUgZWwgb2JzZXJ2YXRvcmlvIGRlIEVpbmJyb2NoIHkgZW5jb250cmFyw6FzIHVuIMOhcmJvbC4gTGEgXjAwMDBDRENoaWNhIEZsb3Jpc3RhXjAwMDAwMCBlc3RhcsOhIGNlcmNhLgpHcmFjaWFzIGRlIG51ZXZvLiBDdWVudG8gY29udGlnby4=
Do6cBw,,W0RldGFjaGVkIEZvcmNlIGNvbW1hbmRlciBFcmljc3Nvbl0KSSBzZWUuCkknbSBzb3JyeS4gSXQncyBub3QgYSBwbGVhc2FudCB0aGluZyB0byBkby4=,,,,,W0VyaWNzc29uIEFkbGVyXQpFbnRlbmRvLgpNZSBkZXNjdWxwZS4gTsOjbyDDqSBhbGdvIGFncmFkw6F2ZWwgZGUgc2UgZmF6ZXIu,,W0VyaWNzc29uIEFkbGVyXQpZYSB2ZW8uCkxvIHNpZW50by4gTm8gZXMgYWxnbyBhZ3JhZGFibGUu
D46cBw,,W0RldGFjaGVkIEZvcmNlIGNvbW1hbmRlciBFcmljc3Nvbl0KUGxlYXNlIGdvIHRoZXJlIGxhdGVyIHdoZW4geW91IGhhdmUgdGltZS4=,,,,,W0VyaWNzc29uIEFkbGVyXQpQb3IgZmF2b3IsIHbDoSBsw6EgZGVwb2lzIHF1YW5kbyB0aXZlciB0ZW1wby4=,,W0VyaWNzc29uIEFkbGVyXQpQb3IgZmF2b3IsIHZlIG3DoXMgdGFyZGUgY3VhbmRvIHRlbmdhcyB0aWVtcG8u
EI6cBw,,W3swfV0KSSd2ZSBiZWVuIHRvIEVpbmJyb2NoLg==,,,,,W3swfV0KSsOhIGVzdGl2ZSBlbSBFaW5icm9jaC4=,,W3swfV0KRXN0dXZlIGVuIEVpbmJyb2NoLg==
EY6cBw,,W0RldGFjaGVkIEZvcmNlIGNvbW1hbmRlciBFcmljc3Nvbl0KVGhhbmtzIGZvciB5b3VyIGtpbmRuZXNzLiBJIGtub3cgc2hvdWxkIHZpc2l0IHRoZXJlIGJ1dCBJIGRvbid0IGhhdmUgdGltZS4KSSd2ZSBiZWVuIGJ1c3kgbGF0ZWx5Lg==,,,,,W0VyaWNzc29uIEFkbGVyXQpPYnJpZ2FkbyBwZWxhIHN1YSBnZW50aWxlemEuIEV1IHNlaSBxdWUgZGV2ZXJpYSBpciBsw6EgdmlzaXRhciwgbWFzIGV1IG7Do28gdGVuaG8gdGVtcG8uCkVzdG91IG9jdXBhZG8gdWx0aW1hbWVudGUu,,W0VyaWNzc29uIEFkbGVyXQpHcmFjaWFzIHBvciB0dSBhbWFiaWxpZGFkLiBTw6kgcXVlIGRlYmVyw61hIHZpc2l0YXIgZWwgbHVnYXIsIHBlcm8gbm8gdGVuZ28gdGllbXBvLgpObyBoZSB0ZW5pZG8gdGllbXBvIMO6bHRpbWFtZW50ZS4=
Eo6cBw,,Rmxvd2VyIEdpcmw=,,,,,TWVuaW5hIEZsb3Jpc3Rh,,Q2hpY2EgRmxvcmlzdGE=
E46cBw,,W0Zsb3dlciBHaXJsXQpGbG93ZXJzLCBidXkgc29tZSBmbG93ZXJzLgpQaGV3Li4uIFRoZSBhaXIgaXMgc28gaGF6eSB0aGF0IHRoZSBmbG93ZXJzIHdpdGhlciBxdWlja2x5Li4u,,,,,W01lbmluYSBGbG9yaXN0YV0KRmxvcmVzLCBjb21wcmUgYWxndW1hcyBmbG9yZXMuClVmYS4uLiBPIGRpYSBlc3TDoSB0w6NvIG51YmxhZG8gcXVlIGFzIGZsb3JlcyBtdXJjaGFtIHLDoXBpZG8uLi4=,,W0NoaWNhIEZsb3Jpc3RhXQpGbG9yZXMsIGNvbXByYSBmbG9yZXMuCkZpdS4uLiBFbCBhaXJlIGVzIHRhbiBicnVtb3NvIHF1ZSBsYXMgZmxvcmVzIHNlIG1hcmNoaXRhbiByw6FwaWRhbWVudGUuLi4=
FI6cBw,,W0Zsb3dlciBHaXJsXQpIZWxsby4gV291bGQgeW91IGxpa2UgdG8gYnkgYSBmbG93ZXI/,,,,,W01lbmluYSBGbG9yaXN0YV0KT2zDoS4gVm9jw6ogZ29zdGFyaWEgZGUgY29tcHJhciB1bWEgZmxvcj8=,,W0NoaWNhIEZsb3Jpc3RhXQpIb2xhLiDCv1RlIGd1c3RhcsOtYSBjb21wcmFyIHVuYSBmbG9yPw==
FY6cBw,,W3swfV0KUGxlYXNlIG1ha2UgbWUgYSBCdW5jaCBPZiBGbG93ZXJzLiBJIHdhbnQgYSBjYXJuYXRpb24u,,,,,W3swfV0KUG9yIGZhdm9yLCBmYcOnYS1tZSB1bSBSYW1vIGRlIEZsb3Jlcy4gRXUgcXVlcm8gZGUgY3Jhdm8u,,W3swfV0KUG9yIGZhdm9yLCBoYXptZSB1biBSYW1vIGRlIGZsb3Jlcy4gUXVpZXJvIHVuIGNsYXZlbC4=
Fo6cBw,,W0Zsb3dlciBHaXJsXQpZZXMsIEkgd2lsbCEKT29wcywgSSdtIGluIHRyb3VibGUuLi4=,,,,,W01lbmluYSBGbG9yaXN0YV0KQ2VydG8sIGZhcmVpIQpPcHMsIGVzdG91IGNvbSBwcm9ibGVtYXMu,,W0NoaWNhIEZsb3Jpc3RhXQrCoVPDrSwgbG8gaGFyw6khClV5LCBlc3RveSBlbiBwcm9ibGVtYXMuLi4=
F46cBw,,W0Zsb3dlciBHaXJsXQpJIGhhdmUgdGhlIGZsb3dlcnMsIGJ1dCBJIHJhbiBvdXQgb2YgdGhlIHBhcGVyIHRvIG1ha2UgYSBCdW5jaCBPZiBGbG93ZXJzLgpUbyB0ZWxsIHRoZSB0cnV0aCwgdGhlIHNob3Agd2hlcmUgSSd2ZSBiZWVuIGJ1eWluZyB0aGUgcGFwZXIgaXMgY2xvc2VkLi4uCkkgY2FuJ3QgZ28gdG9vIGZhciBmcm9tIGhlcmUgYWxvbmUu,,,,,W01lbmluYSBGbG9yaXN0YV0KRXUgdGVuaG8gYXMgZmxvcmVzLCBtYXMgYWNhYm91IG8gcGFwZWwgcGFyYSBmYXplciB1bSBSYW1vIGRlIEZsb3Jlcy4KUGFyYSBmYWxhciBhIHZlcmRhZGUsIGEgbG9qYSBvbmRlIGNvbXBybyBvIHBhcGVsIGVzdMOhIGZlY2hhZGEuLi4KRSBldSBuw6NvIHBvc3NvIGlyIG11aXRvIGxvbmdlIGRhcXVpIHNvemluaGEu,,W0NoaWNhIEZsb3Jpc3RhXQpUZW5nbyBsYXMgZmxvcmVzLCBwZXJvIG1lIHF1ZWTDqSBzaW4gcGFwZWwgcGFyYSBoYWNlciB1biBSYW1vIGRlIEZsb3Jlcy4KQSBkZWNpciB2ZXJkYWQsIGxhIHRpZW5kYSBkb25kZSBlc3R1dmUgY29tcHJhbmRvIGVsIHBhcGVsIGVzdMOhIGNlcnJhZGEuLi4KTm8gcHVlZG8gaXJtZSBtdXkgbGVqb3MgZGUgYXF1w60gc29sYS4=
GI6cBw,,W0Zsb3dlciBHaXJsXQpJZiB5b3UgYnJpbmcgbWUgXjAwMDBDRHRocmVlIHNtb290aCBwYXBlcl4wMDAwMDAsIEkgd2lsbCBtYWtlIHlvdSBhIEJ1bmNoIE9mIEZsb3dlcnMgd2l0aG91dCBjaGFyZ2luZyB5b3UgZm9yIHRoZSBmbG93ZXIuCkknbSBjb3VudGluZyBvbiB5b3Uu,,,,,W01lbmluYSBGbG9yaXN0YV0KU2Ugdm9jw6ogbWUgdHJvdXhlciBeMDAwMENEdHLDqnMgUGVkYcOnb3MgZGUgUGFwZWxeMDAwMDAwLCBldSBmYXJlaSBwYXJhIHZvY8OqIHVtIFJhbW8gZGUgRmxvcmVzIHNlbSBjb2JyYXIgcGVsYXMgZmxvcmVzLgpDb250byBjb20gdm9jw6ou,,W0NoaWNhIEZsb3Jpc3RhXQpTaSBtZSB0cmFlcyBeMDAwMENEMyBUcm96b3MgZGUgUGFwZWxeMDAwMDAwLCB0ZSBoYXLDqSB1biBSYW1vIGRlIGZsb3JlcyBzaW4gY29icsOhcnRlbGFzLgpDdWVudG8gY29udGlnby4=
GY6cBw,,W0Zsb3dlciBHaXJsXQpXaGF0J3MgZ29pbmcgb24gaGVyZS4uLj8KSWYgSSBrZWVwIHNheWluZyB0aGUgc2FtZSB0aGluZywgcHJpbnQgYSBzY3JlZW4gYW5kIGNvbnRhY3QgdGhlIGFkbWluaXN0cmF0aW9uIHRlYW0u,,,,,W01lbmluYSBGbG9yaXN0YV0KTyBxdWUgZXN0w6EgYWNvbnRlY2VuZG8gYXF1aT8KU2UgZXUgY29udGludWFyIGZhbGFuZG8gYXMgbWVzbWFzIHBhbGF2cmFzLCBjYXB0dXJlIHVtYSBpbWFnZW0gZGEgdGVsYSBlIGVudHJlIGVtIGNvbnRhdG8gY29tIGEgZXF1aXBlIGFkbWluaXN0cmF0aXZhLg==,,W0NoaWNhIEZsb3Jpc3RhXQrCv1F1w6kgZXN0w6EgcGFzYW5kbyBhcXXDrS4uLj8KU2kgc2lnbyByZXBpdGllbmRvIGxvIG1pc21vLCBzYWNhIGNhcHR1cmEgZGUgbGEgcGFudGFsbGEgeSBwb250ZSBlbiBjb250YWN0byBjb24gZWwgZXF1aXBvIGRlIGFkbWluaXN0cmFjacOzbi4=
Go6cBw,,W0Zsb3dlciBHaXJsXQpEaWQgeW91IGJyaW5nIF4wMDAwQ0R0aHJlZSBzbW9vdGggcGFwZXJeMDAwMDAwPwpJZiB5b3UgYnJpbmcgdGhlbSwgSSB3aWxsIG1ha2UgeW91IGEgQnVuY2ggT2YgRmxvd2VycyB3aXRob3V0IGNoYXJnaW5nIHlvdSBmb3IgdGhlIGZsb3dlci4=,,,,,W01lbmluYSBGbG9yaXN0YV0KVm9jw6ogdHJvdXhlIF4wMDAwQ0QzIFBlZGHDp29zIGRlIFBhcGVsXjAwMDAwMD8KU2Ugdm9jw6ogb3MgdHJvdXhlciwgZXUgZmFyZWkgcGFyYSB2b2PDqiB1bSBSYW1vIGRlIEZsb3JlcyBzZW0gY29icmFyIHBlbGFzIGZsb3Jlcy4=,,W0NoaWNhIEZsb3Jpc3RhXQrCv1RyYWppc3RlIF4wMDAwQ0QzIFRyb3pvcyBkZSBQYXBlbF4wMDAwMDA/ClNpIGxvcyB0cmFlcywgdGUgaGFyw6kgdW4gUmFtbyBkZSBmbG9yZXMgc2luIGNvYnLDoXJ0ZWxhcy4=
G46cBw,,SGFuZCBoZXIgdGhlIHNtb290aCBwYXBlci4=,,,,,RW50cmVnYXIgYSBlbGEu,,RGFybGUgZWwgdHJvem8gZGUgcGFwZWwu
HI6cBw,,RG8gbm90IGhhbmQgaGVyIHRoZSBwYXBlci4=,,,,,TsOjbyBlbnRyZWdhci4=,,Tm8gZGFybGUgZWwgcGFwZWwu
HY6cBw,,W0Zsb3dlciBHaXJsXQpPb3BzLi4uIFlvdSBkb24ndCBoYXZlIGVub3VnaCBzcGFjZSBpbiB5b3VyIGJhZy4KQ291bGQgeW91IHBsZWFzZSBjb21lIGJhY2sgYWZ0ZXIgYXJyYW5naW5nIHlvdXIgaW52ZW50b3J5Pw==,,,,,W01lbmluYSBGbG9yaXN0YV0KT3BzLi4uIFZvY8OqIG7Do28gdGVtIGVzcGHDp28gc3VmaWNpZW50ZSBuYSBzdWEgbW9jaGlsYS4KUG9kZXJpYSB2b2x0YXIgZGVwb2lzIGRlIG9yZ2FuaXphciBvIHNldSBpbnZlbnTDoXJpbz8=,,W0NoaWNhIEZsb3Jpc3RhXQpVeS4uLiBObyB0aWVuZXMgc3VmaWNpZW50ZSBlc3BhY2lvIGVuIHR1IGJvbHNvLgrCv1BvZHLDrWFzIHZvbHZlciBsdWVnbyBkZSBhcnJlZ2xhciB0dSBpbnZlbnRhcmlvPw==
Ho6cBw,,W0Zsb3dlciBHaXJsXQpIZXJlIGl0IGlzLiBJdCdzIGJlYXV0aWZ1bC4=,,,,,W01lbmluYSBGbG9yaXN0YV0KQXF1aSBlc3TDoS4gw4kgbGluZG8u,,W0NoaWNhIEZsb3Jpc3RhXQpBcXXDrSBlc3TDoS4gRXMgcHJlY2lvc28u
H46cBw,,W0Zsb3dlciBHaXJsXQpBIEJ1bmNoIE9mIEZsb3dlcnMuLi4gRG9uJ3QgeW91IG5lZWQgaXQ/,,,,,W01lbmluYSBGbG9yaXN0YV0KVW0gUmFtbyBkZSBGbG9yZXMuLi4gVm9jw6ogbsOjbyBwcmVjaXNhIGRpc3NvPw==,,W0NoaWNhIEZsb3Jpc3RhXQpVbiBSYW1vIGRlIEZsb3Jlcy4uLiDCv05vIGxvIG5lY2VzaXRhcz8=
II6cBw,,W0Zsb3dlciBHaXJsXQpIZWxsbywgd2VsY29tZSBiYWNrLiBXaGljaCBmbG93ZXIgZG8geW91IG5lZWQ/,,,,,W01lbmluYSBGbG9yaXN0YV0KT2zDoSwgYmVtLXZpbmRvIGRlIHZvbHRhLiBRdWFsIGZsb3Igdm9jw6ogcHJlY2lzYT8=,,W0NoaWNhIEZsb3Jpc3RhXQpIb2xhIGRlIG51ZXZvLiDCv1F1w6kgZmxvciBuZWNlc2l0YXM/
IY6cBw,,W3swfV0KQ291bGQgeW91IG1ha2UgbWUgYSBCdW5jaCBPZiBGbG93ZXJzIHdpdGggY2FybmF0aW9ucz8=,,,,,W3swfV0KUG9kZXJpYSBtZSBmYXplciB1bSBSYW1vIGRlIEZsb3JlcyBjb20gY3Jhdm9zPw==,,W3swfV0Kwr9Qb2Ryw61hcyBoYWNlcm1lIHVuIFJhbW8gZGUgZmxvcmVzIGNvbiBjbGF2ZWxlcz8=
Io6cBw,,W0Zsb3dlciBHaXJsXQpPb3BzLi4uIEFzIHlvdSBrbm93LCBJIHN0aWxsIGRvbid0IGhhdmUgZW5vdWdoIHBhcGVyIHRvIHdyYXAgdGhlIGZsb3dlci4KSWYgeW91IGJyaW5nIG1lIF4wMDAwQ0R0aHJlZSBzbW9vdGggcGFwZXJeMDAwMDAwLCBJIHdpbGwgbWFrZSBpdCBmb3IgeW91Lg==,,,,,W01lbmluYSBGbG9yaXN0YV0KT3BzLi4uIENvbW8gdm9jw6ogc2FiZSwgZXUgYWluZGEgbsOjbyB0ZW5obyBwYXBlbCBzdWZpY2llbnRlIHBhcmEgZW1icnVsaGFyIGFzIGZsb3Jlcy4KU2Ugdm9jw6ogbWUgdHJvdXhlciBeMDAwMENEMyBQZWRhw6dvcyBkZSBQYXBlbF4wMDAwMDAsIGV1IGZhw6dvIHBhcmEgdm9jw6ou,,W0NoaWNhIEZsb3Jpc3RhXQpVeS4uLiBDb21vIHRlIGRpamUsIGHDum4gbm8gdGVuZ28gc3VmaWNpZW50ZSBwYXBlbCBwYXJhIGVudm9sdmVyIGxhcyBmbG9yZXMuClNpIG1lIHRyYWVzIF4wMDAwQ0R0cmVzIHBhcGVsZXMgbGlzb3NeMDAwMDAwLCB0ZSBsbyBoYXLDqS4=
I46cBw,,W0Zsb3dlciBHaXJsXQpTb3JyeS4gSWYgSSBkb24ndCBoYXZlIGVub3VnaCBzbW9vdGggcGFwZXIsIEkgY2Fubm90IG1ha2UgYSBCdW5jaCBPZiBGbG93ZXJzLi4u,,,,,W01lbmluYSBGbG9yaXN0YV0KRGVzY3VscGUuIFNlIGV1IG7Do28gdGl2ZXIgcGFww6lpcyBzdWZpY2llbnRlcywgZXUgbsOjbyBwb3NzbyBmYXplciB1bSBSYW1vIGRlIEZsb3Jlcy4uLg==,,W0NoaWNhIEZsb3Jpc3RhXQpMbyBzaWVudG8uIFNpIG5vIHRlbmdvIHN1ZmljaWVudGUgcGFwZWwgbGlzbywgbm8gcHVlZG8gaGFjZXIgdW4gUmFtbyBkZSBmbG9yZXMuLi4=
JI6cBw,,W0Zsb3dlciBHaXJsXQpPb3BzISBTb3JyeS4gQSBCdW5jaCBPZiBGbG93ZXJzLi4uIERvbid0IHlvdSBuZWVkIGl0Pw==,,,,,W01lbmluYSBGbG9yaXN0YV0KT29wcyEgRGVzY3VscGUuIFVtIFJhbW8gZGUgRmxvcmVzLi4uIFZvY8OqIG7Do28gcHJlY2lzYSBkaXNzbz8=,,W0NoaWNhIEZsb3Jpc3RhXQrCoVV5ISBMbyBzaWVudG8uIFVuIFJhbW8gZGUgZmxvcmVzLi4uIMK/Tm8gbG8gbmVjZXNpdGFzPw==
JY6cBw,,W0Zsb3dlciBHaXJsXQpUaGUgZmxvd2VyIHdpdGhlcnMgc29vbi4gQnV0IGl0J3MgYmVhdXRpZnVsIHdoaWxlIGl0IGlzIGJsb29taW5nLg==,,,,,W01lbmluYSBGbG9yaXN0YV0KQXMgZmxvcmVzIG11cmNoYW0gcsOhcGlkby4gTWFzIHPDo28gbGluZGFzIGVucXVhbnRvIGVzdMOjbyBmbG9yaWRhcy4=,,W0NoaWNhIEZsb3Jpc3RhXQpMYXMgZmxvcmVzIG5vIHRhcmRhbiBlbiBtYXJjaGl0YXJzZS4gUGVybyBzb24gaGVybW9zYXMgbWllbnRyYXMgZmxvcmVjZW4u
Jo6cBw,,W3swfV0KQ291bGQgeW91IG1ha2UgbWUgYSBCdW5jaCBPZiBGbG93ZXJzIHdpdGggY2FybmF0aW9uPw==,,,,,W3swfV0KUG9kZXJpYSBtZSBmYXplciB1bSBSYW1vIGRlIEZsb3JlcyBjb20gY3Jhdm9zPw==,,W3swfV0Kwr9Qb2Ryw61hcyBoYWNlcm1lIHVuIFJhbW8gZGUgZmxvcmVzIGNvbiBjbGF2ZWxlcz8=
J46cBw,,W0Zsb3dlciBHaXJsXQpPb3BzLi4uIFNvcnJ5LiBJIHN0aWxsIGRvbid0IGhhdmUgZW5vdWdoIHBhcGVyIHRvIHdyYXAgdGhlIGZsb3dlci4KSWYgeW91IGJyaW5nIG1lIF4wMDAwQ0R0aHJlZSBzbW9vdGggcGFwZXJeMDAwMDAwLCBJIHdpbGwgbWFrZSBpdCBmb3IgeW91Lg==,,,,,W01lbmluYSBGbG9yaXN0YV0KT3BzLi4uIENvbW8gdm9jw6ogc2FiZSwgZXUgYWluZGEgbsOjbyB0ZW5obyBwYXBlbCBzdWZpY2llbnRlIHBhcmEgZW1icnVsaGFyIGFzIGZsb3Jlcy4KU2Ugdm9jw6ogbWUgdHJvdXhlciBeMDAwMENEMyBQZWRhw6dvcyBkZSBQYXBlbF4wMDAwMDAsIGV1IGZhw6dvIHBhcmEgdm9jw6ou,,W0NoaWNhIEZsb3Jpc3RhXQpVeS4uLiBMbyBzaWVudG8uIFRvZGF2w61hIG5vIHRlbmdvIHN1ZmljaWVudGUgcGFwZWwgcGFyYSBlbnZvbHZlciBsYXMgZmxvcmVzLgpTaSBtZSB0cmFlcyBeMDAwMENEdHJlcyBwYXBlbGVzIGxpc29zXjAwMDAwMCwgdGUgbG8gaGFyw6ku
KI6cBw,,W0Zsb3dlciBHaXJsXQpIZXJlIHlvdSBnby4gSSB3aXNoIHlvdSBibGVzc2luZ3MuLi4=,,,,,W01lbmluYSBGbG9yaXN0YV0KQXF1aSBlc3TDoS4gRXUgbGhlIGRlc2VqbyB0dWRvIGRlIGJvbS4uLg==,,W0NoaWNhIEZsb3Jpc3RhXQpBcXXDrSB0aWVuZXMuIFRlIGRlc2VvIGJlbmRpY2lvbmVzLi4u
KY6cBw,,R3JhbmRtYSBMdWN5,,,,,Vm92w7MgTHVjeQ==,,QWJ1ZWxhIEx1Y3k=
Ko6cBw,,SHVnZSBUcmVl,,,,,R3JhbmRlIMOBcnZvcmU=,,w4FyYm9sIEVub3JtZQ==
K46cBw,,W0h1Z2UgVHJlZV0KVGhlcmUgaXMgYSBzbWFsbCBzaWduIGluIGZyb250IG9mIHRoZSB0cmVlLg==,,,,,W0dyYW5kZSDDgXJ2b3JlXQpIw6EgdW1hIHBsYWNhIG5hIMOhcnZvcmUu,,W8OBcmJvbCBFbm9ybWVdCkhheSB1biBwZXF1ZcOxbyBjYXJ0ZWwgZnJlbnRlIGFsIMOhcmJvbC4=
LI6cBw,,LSBIZXJlIGxpZXMgYSBraW5kIGdpcmwgLQ==,,,,,LSBBcXVpIGpheiB1bWEgbWVuaW5hIGdlbnRpbCAt,,LUFxdcOtIHlhY2UgdW5hIGNoaWNhIGFtYWJsZS4t
LY6cBw,,RG8geW91IHdhbnQgdG8gbGF5IHRoZSBCdW5jaCBPZiBGbG93ZXJzPw==,,,,,RGVzZWphIHBvciBvIFJhbW8gZGUgRmxvcmVzPw==,,wr9RdWllcmVzIHBvbmVyIGVsIFJhbW8gZGUgRmxvcmVzPw==
Lo6cBw,,TGF5IHRoZSBCdW5jaCBPZiBGbG93ZXJzLg==,,,,,Q29sb2NhciBvIFJhbW8gZGUgRmxvcmVzLg==,,UG9uZXIgZWwgUmFtbyBkZSBGbG9yZXMu
L46cBw,,RG8gbm90IGxheSB0aGUgQnVuY2ggT2YgRmxvd2Vycy4=,,,,,TsOjbyBjb2xvY2FyIG8gUmFtbyBkZSBGbG9yZXMu,,Tm8gcG9uZXIgZWwgUmFtbyBkZSBGbG9yZXMu
MI6cBw,,WW91IGRlZGljYXRlZCB0aGUgQnVuY2ggT2YgRmxvd2VycyBhbmQgcGFpZCBhIHNpbGVudCB0cmlidXRlIGJyaWVmbHku,,,,,Vm9jw6ogb2ZlcnRvdSBvIFJhbW8gZGUgRmxvcmVzIGUgcHJlc3RvdSB1bWEgYnJldmUgaG9tZW5hZ2VtIHNpbGVuY2lvc2Eu,,RGVkaWNhc3RlIGVsIFJhbW8gZGUgRmxvcmVzIHkgcmVuZGlzdGUgdW4gYnJldmUgaG9tZW5hamUgZW4gc2lsZW5jaW8u
MY6cBw,,W1N0cmFuZ2Ugdm9pY2VdCldobydzIHRoZXJlPw==,,,,,W1ZveiBlc3RyYW5oYV0KUXVlbSBlc3TDoSBhw60/,,W1ZveiBleHRyYcOxYV0Kwr9RdWnDqW4gZXN0w6EgYWjDrT8=
Mo6cBw,,QSBzaG9ydCBvbGQgd29tYW4gc2hvd2VkIHVwIGJlc2lkZSB0aGUgdHJlZS4=,,,,,VW1hIHNlbmhvcmEgYmFpeGluaGEgYXBhcmVjZXUgYW8gbGFkbyBkYSDDoXJ2b3JlLg==,,VW5hIGFuY2lhbmEgYmFqaXRhIGFwYXJlY2nDsyBqdW50byBhbCDDoXJib2wu
M46cBw,,W0dyYW5kbWFdCldlbGwuLi4gV2hvIGlzIHRoaXMuLj8gRG8geW91IGtub3cgSXJlbmU/CllvdSBsb29rIGxpa2UgYSB0cmF2ZWxlci4uLiBJIGhhdmUgYSBkaW0gbWVtb3J5Li4u,,,,,W1ZvdsOzXQpCb20uLi4gUXVlbSDDqT8gVm9jw6ogY29uaGVjZSBJcmVuZT8KVm9jw6ogcGFyZWNlIHVtIHZpYWphbnRlLiBFdSB0ZW5obyB1bWEgbWVtw7NyaWEgZnJhY2EuLi4=,,W0FidWVsYV0KQnVlbm8uLi4gwr9RdWnDqW4gZXMuLi4/IMK/Q29ub2NlcyBhIElyZW5lPwpQYXJlY2VzIHVuIHZpYWplcm8uLi4gVGVuZ28gbWFsYSBtZW1vcmlhLi4u
NI6cBw,,W3swfV0KTm8sIEkgaGF2ZSBiZWVuIHJlcXVlc3RlZCB0byBjb21lIGhlcmUu,,,,,W3swfV0KTsOjbywgcGVkaXJhbSBwYXJhIHF1ZSBldSB2aWVzc2UgYXF1aS4=,,W3swfV0KTm8sIG1lIHBpZGllcm9uIHF1ZSB2aW5pZXJhIGFxdcOtLg==
NY6cBw,,W0dyYW5kbWFdClJlcXVlc3Q/IEJ5IE1yLiBBZGxlcj8KSSBhbSB0aGUgZ3JhbmRtb3RoZXIgb2YgSXJlbmUgd2hvIGxpZXMgaGVyZS4gWW91IGNhbiBjYWxsIG1lIEx1Y3ku,,,,,W1ZvdsOzXQpQZWRpcmFtPyBPIFNyLiBBZGxlcj8KRXUgc291IGEgYXbDsyBkZSBJcmVuZSwgcXVlIGRlc2NhbnNhIGFxdWkuIFBvZGUgbWUgY2hhbWFyIGRlIEx1Y3ku,,W0FidWVsYV0Kwr9UZSBsbyBwaWRpZXJvbj8gwr9FbCBzZcOxb3IgQWRsZXI/ClNveSBsYSBhYnVlbGEgZGUgSXJlbmUsIHF1ZSB5YWNlIGFxdcOtLiBQdWVkZXMgbGxhbWFybWUgTHVjeS4=
No6cBw,,W0dyYW5kbWEgTHVjeV0KQWJvdXQgdGhpcyB0aW1lIGV2ZXJ5IHllYXIsIE1yLiBBZGxlciBvciB0aGUga2lkcyB2aXNpdCBtZS4gQnV0IHRoZXkgZGlkbid0IGNvbWUgdGhpcyB5ZWFyLg==,,,,,W1ZvdsOzIEx1Y3ldClRvZG9zIG9zIGFub3MsIG1haXMgb3UgbWVub3MgbmVzc2Egw6lwb2NhLCBvIFNyLiBBZGxlciBvdSBhcyBjcmlhbsOnYXMgbWUgdmlzaXRhbS4gTWFzIGVsZXMgbsOjbyB2aWVyYW0gZXN0ZSBhbm8u,,W0FidWVsYSBMdWN5XQpUb2RvcyBsb3MgYcOxb3MgY2VyY2EgZGUgZXN0YSBmZWNoYSwgZWwgc2XDsW9yIEFkbGVyIG8gbG9zIG5pw7FvcyBtZSB2aXNpdGFuLiBQZXJvIGVzdGUgYcOxbyBubyB2aW5pZXJvbi4=
N46cBw,,W0dyYW5kbWEgTHVjeV0KQW5kIHlvdSBjYW1lIGhlcmUgc28gSSBhc2tlZCB5b3UgYWJvdXQgaGltLiBJIHdhcyByaWdodC4gVGhhbmsgeW91IHNvIG11Y2guLi4=,,,,,W1ZvdsOzIEx1Y3ldCkUgdm9jw6ogdmVpbyBhcXVpLCBlbnTDo28gcGVyZ3VudGVpIHNvYnJlIGVsZS4gRXUgZXN0YXZhIGNlcnRhLiBNdWl0byBvYnJpZ2FkYS4uLg==,,W0FidWVsYSBMdWN5XQpZIGFwYXJlY2lzdGUgYXF1w607IHBvciBlc28sIHRlIHByZWd1bnTDqSBwb3Igw6lsLiBUZW7DrWEgcmF6w7NuLiBNdWNoYXMgZ3JhY2lhcy4uLg==
OI6cBw,,U2F5IGdvb2RieWUu,,,,,QWRldXMu,,RGVzcGVkaXJzZS4=
OY6cBw,,QXNrIGhlciBhYm91dCBjb21tYW5kZXIgQWRsZXIgYW5kIElyZW5lLg==,,,,,U29icmUgQWRsZXIgZSBJcmVuZS4=,,UHJlZ3VudGFyIHNvYnJlIGVsIGNvbWFuZGFudGUgQWRsZXIgZSBJcmVuZS4=
Oo6cBw,,W0dyYW5kbWEgTHVjeV0KQnllLiBUaGFuayB5b3UgZm9yIGNvbWluZyBhbGwgdGhlIHdheSB0byB0aGlzIGNvdW50cnlzaWRlLg==,,,,,W1ZvdsOzIEx1Y3ldClRjaGF1LiBPYnJpZ2FkYSBwb3IgdGVyIHZpbmRvIGF0w6kgYXF1aS4=,,W0FidWVsYSBMdWN5XQpBZGnDs3MuIEdyYWNpYXMgcG9yIHZlbmlyIGhhc3RhIGFxdcOtLg==
O46cBw,,W0dyYW5kbWEgTHVjeV0KSXJlbmUgd2lsbCB0aGFuayB5b3UuIEJ5ZS4uLg==,,,,,W1ZvdsOzIEx1Y3ldCklyZW5lIHZhaSB0ZSBhZ3JhZGVjZXIuIEFkZXVzLi4u,,W0FidWVsYSBMdWN5XQpJcmVuZSB0ZSBsbyBhZ3JhZGVjZXLDoS4gQWRpw7NzLi4u
PI6cBw,,W3swfV0KSG93IGRpZCBjb21tYW5kZXIgQWRsZXIga25vdyBJcmVuZT8=,,,,,W3swfV0KQ29tbyBvIGNvbWFuZGFudGUgQWRsZXIgY29uaGVjZXUgSXJlbmU/,,W3swfV0Kwr9Dw7NtbyBjb25vY8OtYSBlbCBjb21hbmRhbnRlIEFkbGVyIGEgSXJlbmU/
PY6cBw,,W0dyYW5kbWEgTHVjeV0KQ29tbWFuZGVyPwouLi5TbyBpdCB3YXMgdHJ1ZS4gTXIuIEFkbGVyIHdhcyBhIHNvbGRpZXIgd2l0aCBoaWdoIHBvc2l0aW9uIGFmdGVyIGFsbC4=,,,,,W1ZvdsOzIEx1Y3ldCkNvbWFuZGFudGU/Ci4uLkVudMOjbyBlcmEgdmVyZGFkZS4gTyBTci4gQWRsZXIgZXJhIHVtIHNvbGRhZG8gY29tIHVtYSBhbHRhIHBhdGVudGUsIGFmaW5hbC4=,,W0FidWVsYSBMdWN5XQrCv0VsIGNvbWFuZGFudGU/Ci4uLkFzw60gcXVlIGVyYSB2ZXJkYWQuIERlc3B1w6lzIGRlIHRvZG8sIGVsIHNlw7FvciBBZGxlciBlcmEgdW4gc29sZGFkbyBkZSBhbHRvIHJhbmdvLg==
Po6cBw,,W0dyYW5kbWEgTHVjeV0KQWx0aG91Z2ggaXQncyBhIGxvbmcgc3RvcnkgdG8gdGVsbCBhIHN0cmFuZ2VyLCBJIHdpbGwgdGVsbCB5b3UuIEFuZCB5b3UndmUgYmVlbiBzZW50IGJ5IE1yLiBBZGxlci4u,,,,,W1ZvdsOzIEx1Y3ldCkFwZXNhciBkZSBzZXIgdW1hIGxvbmdhIGhpc3TDs3JpYSBwYXJhIGNvbnRhciBhIHVtIGVzdHJhbmhvLCB2b3UgbGhlIGNvbnRhci4gRSB2b2PDqiBmb2kgZW52aWFkbyBwZWxvIFNyLiBBZGxlci4uLg==,,W0FidWVsYSBMdWN5XQpBdW5xdWUgZXMgdW5hIGxhcmdhIGhpc3RvcmlhIHBhcmEgY29udMOhcnNlbGEgYSB1biBkZXNjb25vY2lkbywgdGUgbGEgY29udGFyw6kuIFkgYSB0aSB0ZSBlbnZpw7MgZWwgc2XDsW9yIEFkbGVyLi4u
P46cBw,,W0dyYW5kbWEgTHVjeV0KSSd2ZSBiZWVuIGxpdmluZyBpbiBFaW5iZWNoIHdpdGggSXJlbmUgZm9yIGEgbG9uZyB0aW1lLgpJcmVuZSdzIG1vbSBhbmQgZGFkIGxlZnQgdGhlIGhvdXNlIHNlZWtpbmcgYSBiZXR0ZXIgam9iLiBJdCdzIGJlZW4gbW9yZSB0aGFuIDEwIHllYXJzIHNpbmNlIHdlIGxvc3QgY29udGFjdC4=,,,,,W1ZvdsOzIEx1Y3ldClZpdmkgZW0gRWluYmVjaCBjb20gSXJlbmUgcG9yIG11aXRvIHRlbXBvLgpBIG3Do2UgZSBvIHBhaSBkZSBJcmVuZSBzYcOtcmFtIGRlIGNhc2EgZW0gYnVzY2EgZGUgdW0gdHJhYmFsaG8gbWVsaG9yLiBKw6Egc2UgcGFzc2FyYW0gbWFpcyBkZSBkZXogYW5vcyBkZXNkZSBxdWUgcGVyZGVtb3MgY29udGF0by4=,,W0FidWVsYSBMdWN5XQpMbGV2byBtdWNobyB0aWVtcG8gdml2aWVuZG8gZW4gRWluYmVjaCBjb24gSXJlbmUuCkxhIG1hZHJlIHkgZWwgcGFkcmUgZGUgSXJlbmUgc2UgZnVlcm9uIGRlIGNhc2EgcGFyYSBidXNjYXIgdW4gdHJhYmFqbyBtZWpvci4gSGFjZSBtw6FzIGRlIDEwIGHDsW9zIHF1ZSBwZXJkaW1vcyBlbCBjb250YWN0by4=
QI6cBw,,W0dyYW5kbWEgTHVjeV0KQXMgeW91IGtub3csIHRoZXJlIGFyZSBtYW55IGFjY2lkZW50cyBpbiBFaW5iZWNoLgpUaGVyZSB3ZXJlIG9ubHkgb2xkIHBlb3BsZSBsZWZ0IGluIHRoZSB2aWxsYWdlLiBTbyBpdCBtdXN0IGhhdmUgYmVlbiBib3JpbmcgZm9yIElyZW5lLiBCdXQgc2hlIGRpZG4ndCB3YW50IHRvIG1vdmUgdG8gYW5vdGhlciB2aWxsYWdlIGJlY2F1c2Ugc2hlIGJlbGlldmVkIHRoYXQgaGVyIHBhcmVudHMgd291bGQgY29tZSBiYWNrIG9uZSBkYXku,,,,,W1ZvdsOzIEx1Y3ldCkNvbW8gdm9jw6ogc2FiZSwgaMOhIG11aXRvcyBhY2lkZW50ZXMgZW0gRWluYmVjaC4KUmVzdGFyYW0gYXBlbmFzIGlkb3NvcyBuYSB2aWxhLiBFbnTDo28gZGV2ZSB0ZXIgc2lkbyBlbnRlZGlhbnRlIHBhcmEgSXJlbmUuIE1hcyBlbGEgbsOjbyBxdWVyaWEgc2UgbXVkYXIgcGFyYSBvdXRyYSBjaWRhZGUgcG9ycXVlIGVsYSBhY3JlZGl0YXZhIHF1ZSBzZXVzIHBhaXMgdm9sdGFyaWFtIHVtIGRpYS4=,,W0FidWVsYSBMdWN5XQpDb21vIHNhYmVzLCBoYXkgbXVjaG9zIGFjY2lkZW50ZXMgZW4gRWluYmVjaC4KU29sbyBxdWVkYWJhbiBhbmNpYW5vcyBlbiBsYSBhbGRlYS4gQXPDrSBxdWUgZGViZSBoYWJlciBzaWRvIGFidXJyaWRvIHBhcmEgSXJlbmUuIFBlcm8gbm8gcXVlcsOtYSBtdWRhcnNlIGEgb3RyYSBhbGRlYSBwb3JxdWUgY3Jlw61hIHF1ZSBzdXMgcGFkcmVzIHZvbHZlcsOtYW4gYWxnw7puIGTDrWEu
QY6cBw,,W0dyYW5kbWEgTHVjeV0KQW5kLi4uIEFib3V0IHRoaXMgdGltZSB0aGF0IHllYXIsIGl0IHdhcyB3aGVuIHRoZSBtaW5lIHdhcyBub3QgY2xvc2VkIHlldC4gSSBoZWFyZCBhIHJ1bW9yIHRoYXQgdGhlcmUgd2VyZSBiYWQgZ3V5cyBjYWxsZWQgcmViZWwgZm9yY2VzIGRlZXAgaW5zaWRlIHRoZSBtaW5lLg==,,,,,W1ZvdsOzIEx1Y3ldCkUuLi4gUG9yIHZvbHRhIGRlc3NhIMOpcG9jYSBuYXF1ZWxlIGFubywgYSBtaW5hIGFpbmRhIG7Do28gZXN0YXZhIGZlY2hhZGEuIE91dmkgdW0gcnVtb3IgZGUgcXVlIGhhdmlhIGJhbmRpZG9zIGRhIFJlYmVsacOjbyBuYXMgcHJvZnVuZGV6YXMgZGEgbWluYS4=,,W0FidWVsYSBMdWN5XQpZLi4uIEVzZSBhw7FvIGNlcmNhIGRlIGVzdGEgZmVjaGEsIGxhIG1pbmEgYcO6biBubyBlc3RhYmEgY2VycmFkYS4gT8OtIHVuIHJ1bW9yIGRlIHF1ZSBoYWLDrWEgdW5vcyB0aXBvcyBtYWxvcyBsbGFtYWRvcyBmdWVyemFzIHJlYmVsZGVzIGVuIGxvIHByb2Z1bmRvIGRlIGxhIG1pbmEu
Qo6cBw,,W0dyYW5kbWEgTHVjeV0KU2hlIHdvdWxkIGdvIHRvIHRoZSBtaW5lIGV2ZXJ5IGRheSB0byBzZWxsIHNvbWUgZm9vZC4gQW5kIG9uIHRoYXQgZGF5LCBJIHRvbGQgaGVyIG5vdCB0byBnbyB0aGVyZS4KQnV0IHNoZSBzYWlkIGl0IHdvdWxkIGJlIG9rYXkgYW5kIHdlbnQgdG8gdGhlIG1pbmUuLi4=,,,,,W1ZvdsOzIEx1Y3ldCkVsYSBpYSDDoCBtaW5hIHRvZG9zIG9zIGRpYXMgcGFyYSB2ZW5kZXIgY29taWRhLiBFIG5hcXVlbGUgZGlhLCBldSBmYWxlaSBwYXJhIGVsYSBuw6NvIGlyLgpNYXMgZWxhIGRpc3NlIHF1ZSBpYSBmaWNhciB0dWRvIGJlbSwgZSBmb2kgcGFyYSBhIG1pbmEuLi4=,,W0FidWVsYSBMdWN5XQpUb2RvcyBsb3MgZMOtYXMgaWJhIGEgbGEgbWluYSBhIHZlbmRlciBjb21pZGEuIFksIGVzZSBkw61hLCBsZSBkaWplIHF1ZSBubyBmdWVyYSBhbGzDrS4KUGVybyBkaWpvIHF1ZSBlc3RhcsOtYSBiaWVuIHkgc2UgZnVlIGEgbGEgbWluYS4uLg==
Q46cBw,,W3swfV0KKEdyYW5kbWEgTHVjeSBzdGFydGVkIHRvIHNoZWQgdGVhcnMgYW5kIHlvdSBoYW5kZWQgaGVyIHlvdXIgaGFuZGtlcmNoaWVmKQ==,,,,,W3swfV0KKEEgdm92w7MgTHVjeSBzZSBlbW9jaW9uYSBlIHZvY8OqIGVudHJlZ2EgYSBlbGEgc2V1IGxlbsOnbyk=,,W3swfV0KKExhIGFidWVsYSBMdWN5IGVtcGV6w7MgYSBzb2x0YXIgdW5hcyBsw6FncmltYXMgeSBsZSBvZnJlY2lzdGUgdHUgcGHDsXVlbG8pLg==
RI6cBw,,W0dyYW5kbWEgTHVjeV0KVGhhbmsgeW91Li4uIFRoZXJlIHdhcyBhbiBhY2NpZGVudCBvbiB0aGF0IGRheS4uLiBPbmUgb2YgdGhlIHR1bm5lbHMgd2FzIGNvbGxhcHNlZCBhbmQgc29tZSBwZW9wbGUgbmV2ZXIgY2FtZSBiYWNrLgpJcmVuZSB3YXMgb25lIG9mIHRoZW0uLi4=,,,,,W1ZvdsOzIEx1Y3ldCk9icmlnYWRhLi4uIEhvdXZlIHVtIGFjaWRlbnRlIG5hcXVlbGUgZGlhLi4uIFVtIGRvcyB0w7puZWlzIGRlc21vcm9ub3UgZSBhbGd1bWFzIHBlc3NvYXMgbnVuY2Egdm9sdGFyYW0uCklyZW5lIGZvaSB1bWEgZGVsYXMuLi4=,,W0FidWVsYSBMdWN5XQpHcmFjaWFzLi4uIEh1Ym8gdW4gYWNjaWRlbnRlIGVzZSBkw61hLi4uIFVubyBkZSBsb3MgdMO6bmVsZXMgc2UgZGVycnVtYsOzLCB5IGFsZ3VuYXMgcGVyc29uYXMgbnVuY2Egdm9sdmllcm9uLgpJcmVuZSBmdWUgdW5hIGRlIGVsbGFzLi4u
RY6cBw,,W3swfV0KWW91IG11c3QgaGF2ZSBiZWVuIGRldmFzdGF0ZWQuLi4=,,,,,W3swfV0KVm9jw6ogZGV2ZSB0ZXIgZmljYWRvIGFycmFzYWRhLi4u,,W3swfV0KU2VndXJvIGZ1ZSBkZXZhc3RhZG9yLi4u
Ro6cBw,,W0dyYW5kbWEgTHVjeV0KQWx0aG91Z2ggdGhleSBzYWlkIGl0IHdhcyBhbiBhY2NpZGVudCwgdGhlcmUgd2FzIGEgcnVtb3IuClBlb3BsZSB0b2xkIG1lIHRoYXQgdGhlcmUgd2VyZSBiYWQgZ3V5cyBoaWRpbmcgaW4gdGhlIG1pbmUgYW5kIHNvbGRpZXJzIGNhbWUgdG8gZ2V0IHRoZW0u,,,,,W1ZvdsOzIEx1Y3ldCkVtYm9yYSB0ZW5oYW0gZGl0byBxdWUgZm9pIHVtIGFjaWRlbnRlLCBob3V2ZSB1bSBydW1vci4KQXMgcGVzc29hcyBtZSBmYWxhcmFtIHF1ZSBoYXZpYSBiYW5kaWRvcyBzZSBlc2NvbmRlbmRvIG5hIG1pbmEgZSBvcyBzb2xkYWRvcyB2aWVyYW0gcGVnw6EtbG9zLg==,,W0FidWVsYSBMdWN5XQpBdW5xdWUgZGlqZXJvbiBxdWUgZnVlIHVuIGFjY2lkZW50ZSwgaGFiw61hIHVuIHJ1bW9yLgpMYSBnZW50ZSBtZSBkZWPDrWEgcXVlIGhhYsOtYSB0aXBvcyBtYWxvcyBlc2NvbmRpZG9zIGVuIGxhIG1pbmEgeSBxdWUgbG9zIHNvbGRhZG9zIHZlbsOtYW4gYSBidXNjYXJsb3Mu
R46cBw,,W0dyYW5kbWEgTHVjeV0KQnV0IGl0IHdhcyBub3QgaW1wb3J0YW50IHRvIG1lIGF0IGFsbC4KSSBqdXN0IGZlbHQgZGV2YXN0YXRlZCB0byBsb3NlIG15IHNvbiwgZGF1Z2h0ZXItaW4tbGF3IGFuZCBncmFuZGRhdWdodGVyLiBJIHdhcyBhYnNlbnQtbWluZGVkIGFuZCBkaWQgbm90IGZpbmQgYW55IHJlYXNvbiB0byBsaXZlIG9uLi4u,,,,,W1ZvdsOzIEx1Y3ldCk1hcyBpc3NvIG7Do28gaW1wb3J0YXZhIHBhcmEgbWltLgpFdSBmaXF1ZWkgZGV2YXN0YWRhIGVtIHBlcmRlciBvIG1ldSBmaWxobywgbWluaGEgbm9yYSBlIG1pbmhhIG5ldGluaGEuIEV1IGZpcXVlaSBwZXJkaWRhIGUgbsOjbyBlbmNvbnRyZWkgbmVuaHVtYSByYXrDo28gcGFyYSBjb250aW51YXIgYSB2aXZlci4uLg==,,W0FidWVsYSBMdWN5XQpQZXJvIG5vIG1lIGltcG9ydMOzIGVuIGFic29sdXRvLgpNZSBzZW50w60gZGVzb2xhZGEgcG9yIHBlcmRlciBhIG1pIGhpam8sIG1pIG51ZXJhIHkgbWkgbmlldGEuIEVzdGFiYSBhdXNlbnRlIHkgbm8gZW5jb250cmFiYSBuaW5nw7puIG1vdGl2byBwYXJhIHNlZ3VpciB2aXZpZW5kby4uLg==
SI6cBw,,W0dyYW5kbWEgTHVjeV0KVGhhdCdzIHdoZW4gTXIuIEFkbGVyIHZpc2l0ZWQgbWUuCkkgd2FzIHNvIHN1cnByaXNlZCB3aGVuIGhlIGtub2NrZWQgdGhlIGRvb3Igb2YgbXkgaG91c2UuLi5IZSBjYW1lIGluIGFuZCBib3dlZCBkb3duIHRvIG1lIGFsbCBvZiBhIHN1ZGRlbi4=,,,,,W1ZvdsOzIEx1Y3ldCkZvaSBxdWFuZG8gbyBTci4gQWRsZXIgbWUgdmlzaXRvdS4KRXUgZmlxdWVpIHTDo28gc3VycHJlc2EgcXVhbmRvIGVsZSBiYXRldSBuYSBwb3J0YSBkYSBtaW5oYSBjYXNhLi4uIEVsZSBlbnRyb3UgZSBkZSByZXBlbnRlIHNlIGN1cnZvdSBkaWFudGUgZGUgbWltLg==,,W0FidWVsYSBMdWN5XQpGdWUgZW50b25jZXMgY3VhbmRvIGVsIHNlw7FvciBBZGxlciBtZSB2aXNpdMOzLgpNZSBzb3JwcmVuZGnDsyB0YW50byBjdWFuZG8gbGxhbcOzIGEgbGEgcHVlcnRhIGRlIG1pIGNhc2EuLi4gRW50csOzIHksIGRlIHJlcGVudGUsIHNlIGluY2xpbsOzIGFudGUgbcOtLg==
SY6cBw,,W0dyYW5kbWEgTHVjeV0KSSB3YXMgc3VycHJpc2VkIGFnYWluIGFuZCBhc2tlZCBoaW0gd2h5LiBUaGVuIGhlIHRvbGQgbWUgYWJvdXQgSXJlbmUu,,,,,W1ZvdsOzIEx1Y3ldCkZpcXVlaSBzdXJwcmVzYSBub3ZhbWVudGUgZSBwZXJndW50ZWkgYSBlbGUgbyBwb3JxdcOqLiBFIGVsZSBtZSBmYWxvdSBzb2JyZSBhIElyZW5lLg==,,W0FidWVsYSBMdWN5XQpWb2x2w60gYSBzb3JwcmVuZGVybWUgeSBsZSBwcmVndW50w6kgcG9yIHF1w6kuIEx1ZWdvLCBtZSBoYWJsw7MgZGUgSXJlbmUu
So6cBw,,W0dyYW5kbWEgTHVjeV0KSGUgc2FpZCB0aGF0IElyZW5lJ3MgZGVhdGggd2FzIGhpcyBmYXVsdCBhbmQgYXBvbG9naXplZCBrbm9ja2luZyBoaXMgaGVhZCBvbiB0aGUgZmxvb3IuLi4KSSBkaWRuJ3Qga25vdyB3aGF0IHdhcyBnb2luZyBvbiBhbmQganVzdCB0b2xkIGhpbSB0byBzdG9wIGl0Lg==,,,,,W1ZvdsOzIEx1Y3ldCkVsZSBkaXNzZSBxdWUgYSBtb3J0ZSBkZSBJcmVuZSBmb2kgc3VhIGN1bHBhIGUgc2UgZGVzY3VscG91IGJhdGVuZG8gYSBjYWJlw6dhIG5vIGNow6NvLi4uCkV1IG7Do28gc2FiaWEgbyBxdWUgZXN0YXZhIGFjb250ZWNlbmRvIGUgcGVkaSBwYXJhIGVsZSBwYXJhci4=,,W0FidWVsYSBMdWN5XQpEaWpvIHF1ZSBsYSBtdWVydGUgZGUgSXJlbmUgZnVlIGN1bHBhIHN1eWEgeSBzZSBkaXNjdWxww7MgZ29scGXDoW5kb3NlIGxhIGNhYmV6YSBjb250cmEgZWwgc3VlbG8uLi4KTm8gc2Fiw61hIGxvIHF1ZSBlc3RhYmEgcGFzYW5kbyB5IGxlIGRpamUgcXVlIHBhcmFyYS4=
S46cBw,,W0dyYW5kbWEgTHVjeV0KSGUgZGlkbid0IHRlbGwgbWUgYSBkZXRhaWxlZCBzdG9yeS4gSGUgbGVmdCB0aGUgaG91c2UgYW5kIGNhbWUgYmFjayBsYXRlci4gVGhlbiBoZSB3b3VsZCBzZW5kIGZsb3dlcnMgYW5kIG1vbmV5IHRvIG1lLg==,,,,,W1ZvdsOzIEx1Y3ldCkVsZSBuw6NvIG1lIGNvbnRvdSBtdWl0b3MgZGV0YWxoZXMgZGEgaGlzdMOzcmlhLiBFbGUgc2FpdSBkYSBjYXNhIGUgdm9sdG91IG1haXMgdGFyZGUuIERlcG9pcyBlbGUgbWFuZG91IGZsb3JlcyBlIGRpbmhlaXJvIHBhcmEgbWltLg==,,W0FidWVsYSBMdWN5XQpObyBtZSBjb250w7MgbGEgaGlzdG9yaWEgY29uIGRldGFsbGVzLiBTYWxpw7MgZGUgY2FzYSB5IHZvbHZpw7MgbcOhcyB0YXJkZS4gTHVlZ28sIG1lIGVudmlhYmEgZmxvcmVzIHkgZGluZXJvLg==
TI6cBw,,W0dyYW5kbWEgTHVjeV0KVGhhbmtzIHRvIGhpcyBzdXBwb3J0LCBJIHJlY292ZXJlZCBteXNlbGYuIFRoZW4gSSBtb3ZlZCB0byBFaW5icm9jaCBhbmQgcGxhbnRlZCB0aGlzIHRyZWUgdG8gcmVtZW1iZXIgSXJlbmUu,,,,,W1ZvdsOzIEx1Y3ldCkdyYcOnYXMgYW8gYXBvaW8gZGVsZSwgZXUgbWUgcmVjdXBlcmVpLiBFbnTDo28gbWUgbXVkZWkgcGFyYSBFaW5icm9jaCBlIHBsYW50ZWkgZXN0YSDDoXJ2b3JlIHBhcmEgbWUgbGVtYnJhciBkZSBJcmVuZS4=,,W0FidWVsYSBMdWN5XQpHcmFjaWFzIGEgc3UgYXBveW8sIG1lIHJlY3VwZXLDqS4gTHVlZ28sIG1lIG11ZMOpIGEgRWluYnJvY2ggeSBwbGFudMOpIGVzdGUgw6FyYm9sIHBhcmEgcmVjb3JkYXIgYSBJcmVuZS4=
TY6cBw,,W0dyYW5kbWEgTHVjeV0KRXZlcnkgdGltZSBoZSBnYXZlIG1lIGZsb3dlcnMgb3IgbW9uZXksIEkgYWx3YXlzIHJlZnVzZWQuIEJ1dCBoZSBpbnNpc3RlZCB0byBnaXZlIHRoZW0gdG8gbWUuLi4KSSB3b25kZXJlZCB3aHkgaGUgd2FzIGRvaW5nIHRoaXMuIE5ldmVydGhlbGVzcywgaGUgd2FzIGEgaGlnaC1yYW5raW5nIHNvbGRpZXIuLi4=,,,,,W1ZvdsOzIEx1Y3ldClNlbXByZSBxdWUgZWxlIG1lIGRhdmEgZmxvcmVzIG91IGRpbmhlaXJvLCBldSByZWN1c2F2YS4gTWFzIGVsZSBpbnNpc3RpdSBlbSBtZSBkYXIuLi4KRXUgbWUgcGVyZ3VudGVpIHBvcnF1ZSBlbGUgZXN0YXZhIGZhemVuZG8gaXNzby4gQWZpbmFsLCBlbGUgZXJhIHVtIHNvbGRhZG8gZGUgcGF0ZW50ZSBlbGV2YWRhLi4u,,W0FidWVsYSBMdWN5XQpDYWRhIHZleiBxdWUgbWUgZGFiYSBmbG9yZXMgbyBkaW5lcm8sIHlvIHNpZW1wcmUgbG9zIHJlY2hhemFiYS4gUGVybyBpbnNpc3Rpw7MgZW4gZGFybWUgdG9kbyBlc28uLi4KTWUgcHJlZ3VudGFiYSBwb3IgcXXDqSBsbyBoYWPDrWEuIFNpbiBlbWJhcmdvLCBlcmEgdW4gc29sZGFkbyBkZSBhbHRvIHJhbmdvLi4u
To6cBw,,W3swfV0KLi4uLi4uLi4uClRoYW5rIHlvdSB2ZXJ5IG11Y2ggZm9yIHRlbGxpbmcgbWUgdGhlIGhhcmQgc3Rvcnku,,,,,W3swfV0KLi4uLi4uLi4uCkFncmFkZcOnbyBwb3IgbWUgY29udGFyIHVtYSBoaXN0w7NyaWEgdMOjbyBkaWbDrWNpbC4=,,W3swfV0KLi4uCk11Y2hhcyBncmFjaWFzIHBvciBjb250YXJtZSBlc2EgaGlzdG9yaWEgZGlmw61jaWwu
T46cBw,,W0dyYW5kbWEgTHVjeV0KV2VsY29tZS4gVGhhbmtzIHRvIHlvdSwgSSBoZWFyZCB0aGUgc3RvcnkgYWJvdXQgTXIuIEFkbGVyLiBJdCBtYWtlcyBtZSBmZWVsIG11Y2ggYmV0dGVyIG5vdy4=,,,,,W1ZvdsOzIEx1Y3ldCkFncmFkZcOnby4gR3Jhw6dhcyBhIHZvY8OqLCBldSBvdXZpIGEgaGlzdMOzcmlhIGRvIFNyLiBBZGxlci4gSXNzbyBtZSBmYXogc2VudGlyIG11aXRvIG1lbGhvciBhZ29yYS4=,,W0FidWVsYSBMdWN5XQpIb2xhLiBHcmFjaWFzIGEgdGksIG1lIGVudGVyw6kgZGUgbGEgaGlzdG9yaWEgZGVsIHNlw7FvciBBZGxlci4gQWhvcmEgbWUgc2llbnRvIG11Y2hvIG1lam9yLg==
UI6cBw,,W0dyYW5kbWEgTHVjeV0KVGhhbmsgeW91LiBJZiB5b3UgZG9uJ3QgbWluZCwgcGxlYXNlIHN0b3AgYnkgbXkgaG91c2Ugb2NjYXNpb25hbGx5IGFuZCB0YWxrIHRvIHRoaXMgb2xkIHdvbWFuLi4u,,,,,W1ZvdsOzIEx1Y3ldCk9icmlnYWRhLiBTZSB2b2PDqiBuw6NvIHNlIGltcG9ydGEsIHBvciBmYXZvciwgcGFzc2UgZW0gY2FzYSBkZSB2ZXogZW0gcXVhbmRvIGUgY29udmVyc2UgY29tIGVzdGEgdmVsaGEgc2VuaG9yYS4uLg==,,W0FidWVsYSBMdWN5XQpHcmFjaWFzLiBTaSBubyB0ZSBpbXBvcnRhLCBww6FzYXRlIGRlIHZleiBlbiBjdWFuZG8gcG9yIG1pIGNhc2EgeSBoYWJsYSBjb24gZXN0YSBhbmNpYW5hLi4u
UY6cBw,,QmVmb3JlIGxheWluZyB0aGUgZmxvd2VyLCB5b3UgY2hlY2tlZCB3aGV0aGVyIHRoYXQgdHJlZSB3YXMgdGhlIHJpZ2h0IG9uZS4=,,,,,QW50ZXMgZGUgY29sb2NhciBhIGZsb3IsIHZvY8OqIHZlcmlmaWNvdSBzZSBhcXVlbGEgZXJhIGEgw6Fydm9yZSBjb3JyZXRhLg==,,QW50ZXMgZGUgcG9uZXIgbGEgZmxvciwgY29tcHJvYmFzdGUgcXVlIGVsIMOhcmJvbCBmdWVyYSBlbCBhZGVjdWFkby4=
Uo6cBw,,WW91IHNlYXJjaGVkIHRocm91Z2ggeW91ciBiYWNrLg==,,,,,Vm9jw6ogcHJvY3Vyb3UgZW0gc3VhIG1vY2hpbGEu,,QnVzY2FzdGUgZW50cmUgdHVzIGNvc2FzLg==
U46cBw,,W3swfV0KV2hlcmUgZGlkIEkgcHV0IHRoZSBmbG93ZXIuLi4/Ckl0J3Mgbm90IHRoZXJlLiBNYXliZSBJIHNob3VsZCBidXkgYW5vdGhlciBvbmUuLi4=,,,,,W3swfV0KT25kZSBmb2kgcXVlIGV1IGNvbG9xdWVpIGEgZmxvcj8KTsOjbyBlc3TDoSBhcXVpLiBUYWx2ZXogZXUgZGV2YSBjb21wcmFyIG91dHJhLi4u,,W3swfV0Kwr9Ew7NuZGUgcHVzZSBsYSBmbG9yLi4uPwpObyBlc3TDoSBhaMOtLiBUYWwgdmV6LCBkZWJlcsOtYSBjb21wcmFyIG90cmEuLi4=
VI6cBw,,W3swfV0KUmVzdCBpbiBwZWFjZSwgSXJlbmUuLi4=,,,,,W3swfV0KRGVzY2Fuc2UgZW0gcGF6LCBJcmVuZS4uLg==,,W3swfV0KRGVzY2Fuc2EgZW4gcGF6LCBJcmVuZS4uLg==
VY6cBw,,W0dyYW5kbWEgTHVjeV0KVHJhdmVsZXIuIFlvdSBjYW1lIGFnYWluLiBUaGFuayB5b3UuCklmIHlvdSBzZWUgTXIuIEFkbGVyLCBwbGVhc2Ugc2VuZCBoaW0gbXkgZ3JhdGl0dWRlLg==,,,,,W1ZvdsOzIEx1Y3ldClZpYWphbnRlLiBWb2PDqiB2b2x0b3UuIE9icmlnYWRhLgpTZSB2b2PDqiB2aXIgbyBTci4gQWRsZXIsIG1hbmRlIG1ldXMgYWdyYWRlY2ltZW50b3Mu,,W0FidWVsYSBMdWN5XQpWaWFqZXJvLiBWb2x2aXN0ZS4gR3JhY2lhcy4KU2kgdmVzIGFsIHNlw7FvciBBZGxlciwgaGF6bGUgbGxlZ2FyIG1pIGdyYXRpdHVkLg==
Vo6cBw,,SnVzdCB0aGVuLCB5b3UgbWV0IGdyYW5kbWEgTHVjeSBuZWFyIHRoZSB0cmVlIGFuZCBzYWlkIGhlbGxvIHRvIGhlci4=,,,,,TmVzc2UgbW9tZW50bywgdm9jw6ogZW5jb250cmEgYSB2b3bDsyBMdWN5IHBlcnRvIGRhIMOhcnZvcmUgZSBkaXogb2kgcGFyYSBlbGEu,,SnVzdG8gZW4gZXNlIG1vbWVudG8sIHRlIGVuY29udHJhc3RlIGNvbiBsYSBhYnVlbGEgTHVjeSBjZXJjYSBkZWwgw6FyYm9sIHkgbGEgc2FsdWRhc3RlLg==
V46cBw,,Q2hhcml0eQ==,,,,,Q2hhcml0eQ==,,Q2hhcml0eQ==
WI6cBw,,TW9yYW5hIFJ1ZGVs,,,,,TW9yYW5hIFJ1ZGVs,,TW9yYW5hIFJ1ZGVs
WY6cBw,,TmljZSBMb29raW5nIEd1eQ==,,,,,Q2FyYSBMZWdhbA==,,SG9tYnJlIEJvbml0bw==
Wo6cBw,,W01pbG8gUml2ZXJdClRoZSByZXB1dGF0aW9uIG9mIHRoZSB0d2lucyBpbiBVU1U/IFlvdSdyZSBhbiBhZHZlbnR1cmVyLiBXaHkgZG8geW91IGFzayBzdWNoIGEgdGhpbmc/,,,,,W01pbG8gUml2ZXJdCkEgcmVwdXRhw6fDo28gZG9zIGfDqm1lb3MgbmEgVVM/IFZvY8OqIHZpYWphIHBlbG8gbXVuZG8uIFBvciBxdWUgcGVyZ3VudGEgaXNzbz8=,,W01pbG8gUml2ZXJdCsK/TGEgcmVwdXRhY2nDs24gZGUgbG9zIGdlbWVsb3MgZW4gbGEgVVNVPyBFcmVzIHRyb3RhbXVuZG9zLiDCv1BvciBxdcOpIHByZWd1bnRhcyBlc28/
W46cBw,,W01pbG8gUml2ZXJdCllvdSBoYXZlIGJlZW4gcmVxdWVzdGVkIGJ5IHRoYXQgdW5pdC4uLiBUaGVuIEkgc2hvdWxkIHRlbGwgeW91Lg==,,,,,W01pbG8gUml2ZXJdClNlIMOpIHVtYSBzb2xpY2l0YcOnw6NvIGRhcXVlbGEgdW5pZGFkZS4uLiBFbnTDo28gZXUgZGV2byB0ZSBjb250YXIu,,W01pbG8gUml2ZXJdClRlIGxvIHBpZGnDsyBlc2EgdW5pZGFkLi4uIEVudG9uY2VzLCBkZWJlcsOtYSBjb250YXJ0ZS4=
XI6cBw,,W01pbG8gUml2ZXJdClNldmVyYWwgeWVhcnMgYWdvLCBjb21tYW5kZXIgRXJpY3Nzb24gYnJvdWdodCB0aGVtIGhlcmUuClNvdW5kcyBsaWtlIGhlIGJyb3VnaHQgdGhlbSBmcm9tIGFuIG9ycGhhbmFnZS4=,,,,,W01pbG8gUml2ZXJdCkFub3MgYXRyw6FzLCBvIGNvbWFuZGFudGUgRXJpY3Nzb24gb3MgdHJvdXhlIGFxdWkuClBhcmVjZSBxdWUgZWxlIG9zIHRyb3V4ZSBkZSB1bSBvcmZhbmF0by4=,,W01pbG8gUml2ZXJdCkhhY2UgdmFyaW9zIGHDsW9zLCBlbCBjb21hbmRhbnRlIEVyaWNzc29uIGxvcyB0cmFqbyBhcXXDrS4KUGFyZWNlIHF1ZSBsb3MgdHJham8gZGUgdW4gb3JmYW5hdG8u
XY6cBw,,W01pbG8gUml2ZXJdClRoZXkgdG9vayB0aGUgdHJhaW5pbmcgd2l0aG91dCBhbnkgcHJvYmxlbSBhbmQgZXhjZWxsZWQgaW4gc2hvb3RpbmcuIFRoZXkgcXVpY2tseSB3ZXJlIGFibGUgdG8gcGxheSBhIHJvbGUgb2YgYSBSZWJlbGxpb24u,,,,,W01pbG8gUml2ZXJdCkVsZXMgcmVjZWJlcmFtIG8gdHJlaW5hbWVudG8gc2VtIG5lbmh1bSBwcm9ibGVtYS4gRSB0aW5oYW0gZ3JhbmRlIHRhbGVudG8gZW0gdGlyby4gTG9nbyBlbGVzIGZvcmFtIGNhcGF6ZXMgZGUgZGVzZW1wZW5oYXIgdW0gcGFwZWwgbmEgUmViZWxpw6NvLg==,,W01pbG8gUml2ZXJdCkNvbXBsZXRhcm9uIGVsIGVudHJlbmFtaWVudG8gc2luIHByb2JsZW1hcyB5IHNlIGRlc3RhY2Fyb24gZW4gbGEgcHLDoWN0aWNhIGRlIHRpcm8uIFLDoXBpZGFtZW50ZSwgcHVkaWVyb24gb2N1cGFyIHB1ZXN0b3MgZW4gbGEgUmViZWxpw7NuLg==
Xo6cBw,,W01pbG8gUml2ZXJdClRoZXkgaGF2ZSBiZWVuIHRyYWluZWVzIGZvciBhIHdoaWxlIGFuZCBzZXZlcmFsIG1vbnRoIGFnbywgdGhleSB3ZW50IG9uIHRoZSByZWFsIG1pc3Npb24gZm9yIHRoZSBmaXJzdCB0aW1lLiBUaGF0J3Mgd2hlbiB0aGV5IHN0aXJyZWQgdXAgdHJvdWJsZS4KU29tZSBwZW9wbGUgc2FpZCB0aGF0IHRoZSB5b3VuZ2VyIHNpc3RlciB0aHJldyBhIGdyZW5hZGUgYXQgdGhlIGNpdmlsaWFuIHpvbmUuIEJ1dCBJIGRvbid0IGtub3cgdGhlIGV4YWN0IHN0b3J5Lg==,,,,,W01pbG8gUml2ZXJdCkVsZXMgZm9yYW0gYXByZW5kaXplcyBwb3IgdW0gbG9uZ28gdGVtcG8gZSBtZXNlcyBhdHLDoXMgZm9yYW0gZW52aWFkb3MgcGFyYSB1bWEgbWlzc8OjbyByZWFsIHBlbGEgcHJpbWVpcmEgdmV6LiBGb2kgYcOtIHF1ZSBlbGVzIGNhdXNhcmFtIHVtIGdyYW5kZSBwcm9ibGVtYS4KQWxndW1hcyBwZXNzb2FzIGRpemVtIHF1ZSBhIGlybcOjIG1haXMgbm92YSBqb2dvdSB1bWEgZ3JhbmFkYSBlbSB1bWEgem9uYSBjaXZpbC4gTWFzIGV1IG7Do28gc2VpIGEgaGlzdMOzcmlhIGV4YXRhLg==,,W01pbG8gUml2ZXJdCkZ1ZXJvbiBhcHJlbmRpY2VzIGR1cmFudGUgdW4gdGllbXBvIHksIGhhY2UgdmFyaW9zIG1lc2VzLCBmdWVyb24gYSB1bmEgbWlzacOzbiByZWFsIHBvciBwcmltZXJhIHZlei4gRnVlIGVudG9uY2VzIGN1YW5kbyBlbXBlemFyb24gbG9zIHByb2JsZW1hcy4KQWxndW5hcyBwZXJzb25hcyBkaWplcm9uIHF1ZSBsYSBoZXJtYW5hIG1lbm9yIGxhbnrDsyB1bmEgZ3JhbmFkYSBlbiBsYSB6b25hIGNpdmlsLiBQZXJvIG5vIGNvbm96Y28gbGEgaGlzdG9yaWEgZXhhY3RhLg==
X46cBw,,W01pbG8gUml2ZXJdCkFmdGVyIHRoYXQsIHRoZXkgd2VyZSBtb3ZlZCB0byBVU1UsIGJlY2FtZSBtb3JlIGVkdWNhdGVkLCBldGMuIFRoZXJlIHdhcyBhIGZ1c3MuClRoYXQncyB3aGVuIHRoZXkgYmVnYW4gdG8gZGlzb2JleSB0aGVpciBzZW5pb3JzLgpJIHRoaW5rIEkgaGVhcmQgdGhhdCdzIHdoYXQgdGhleSd2ZSBiZWVuIGRvaW5nLi4uIGV2ZXIgc2luY2Uu,,,,,W01pbG8gUml2ZXJdCkRlcG9pcyBkaXNzbywgZWxlcyBmb3JhbSB0cmFuc2Zlcmlkb3MgcGFyYSBhIFVTLCByZWNlYmVyYW0gbWFpcyB0cmVpbmFtZW50bywgZXRjLiBIb3V2ZSB1bWEgY29uZnVzw6NvLgpGb2kgcXVhbmRvIGVsZXMgY29tZcOnYXJhbSBhIGRlc29iZWRlY2VyIHNldXMgc3VwZXJpb3Jlcy4KQWNobyBxdWUgb3V2aSBvIHF1ZSBlbGVzIHTDqm0gZmVpdG8uLi4gZGVzZGUgZW50w6NvLg==,,W01pbG8gUml2ZXJdCkx1ZWdvLCBzZSB0cmFzbGFkYXJvbiBhIGxhIFVTLCByZWNpYmllcm9uIG3DoXMgZWR1Y2FjacOzbiwgZXRjLiBIdWJvIHVuIGFsYm9yb3RvLgpGdWUgZW50b25jZXMgY3VhbmRvIGVtcGV6YXJvbiBhIGRlc29iZWRlY2VyIGEgc3VzIHN1cGVyaW9yZXMuCkNyZW8gaGFiZXIgb8OtZG8gcXVlIGVzbyBlcyBsbyBxdWUgZXN0dXZpZXJvbiBoYWNpZW5kby4uLiBkZXNkZSBlbnRvbmNlcy4=
YI6cBw,,W01pbG8gUml2ZXJdCkJlZm9yZSB0aGF0LCB0aGV5IHdlcmUgdHJhaW5lZXMgYW5kIGhhZCBtb3JlIGZyZWUgdGltZSB0aGFuIG90aGVyIHNxdWFkZGVycy4gVGhleSB3b3VsZCB2aXNpdCB0aGUgbWVzcyBvbmNlIGluIGEgd2hpbGUsIHJlY2VpdmUgc29tZSBzbmFja3MgYW5kIGNoYXQgd2l0aCB1cy4=,,,,,W01pbG8gUml2ZXJdCkFudGVzIGRpc3NvLCBlbGVzIGVyYW0gYXByZW5kaXplcyBlIHRpbmhhbSBtYWlzIHRlbXBvIGxpdnJlIHF1ZSBvcyBvdXRyb3MgbWVtYnJvcyBkbyBlc3F1YWRyw6NvLiBEZSB2ZXogZW0gcXVhbmRvIG5vcyB2aXNpdGF2YW0gbm8gcmVmZWl0w7NyaW8sIHJlY2ViaWFtIGFsZ3VucyBwZXRpc2NvcyBlIGNvbnZlcnNhdmFtIGNvbm9zY28u,,W01pbG8gUml2ZXJdCkFudGVzIGVyYW4gYXByZW5kaWNlcyB5IHRlbsOtYW4gbcOhcyB0aWVtcG8gbGlicmUgcXVlIGxvcyBkZW3DoXMuIERlIHZleiBlbiBjdWFuZG8sIHZpc2l0YWJhbiBlbCBjb21lZG9yLCByZWNpYsOtYW4gYWxnw7puIGJvY2FkaWxsbyB5IGNoYXJsYWJhbiBjb24gbm9zb3Ryb3Mu
YY6cBw,,W01pbG8gUml2ZXJdCkFmdGVyIHRoYXQgaW5jaWRlbnQsIHRoZXkgbmV2ZXIgY2FtZS4gSnVzdCBieSBoZWFyaW5nIHRoZSBzdG9yaWVzIGFib3V0IHRoZW0sIEkgZG9uJ3QgZmVlbCBsaWtlIHRoZXkgYXJlIHRoZSBzYW1lIGtpZHMgSSB1c2VkIHRvIGtub3cuClRoZXkgdXNlZCB0byBiZSBiZXR0ZXIgdGhhbiB0aGlzLi4uIEkgaG9wZSB5b3UgY2FuIHRha2UgY2FrZSBvZiB0aGVtLg==,,,,,W01pbG8gUml2ZXJdCkRlcG9pcyBkZXNzZSBpbmNpZGVudGUsIGVsZXMgbnVuY2EgbWFpcyB2aWVyYW0uIFPDsyBkZSBvdXZpciBhcyBoaXN0w7NyaWFzIHNvYnJlIGVsZXMsIGV1IG7Do28gc2ludG8gcXVlIHNlamFtIGFzIG1lc21hcyBjcmlhbsOnYXMgcXVlIGV1IGNvbmhlY2kgdW0gZGlhLgpFbGVzIGNvc3R1bWF2YW0gc2VyIG1lbGhvcmVzIGRvIHF1ZSBpc3NvLi4uIEVzcGVybyBxdWUgdm9jw6ogY29uc2lnYSBjdWlkYXIgZGVsZXMu,,W01pbG8gUml2ZXJdCkRlc3B1w6lzIGRlIGVzZSBpbmNpZGVudGUsIG5vIHZpbmllcm9uIG3DoXMuIERlc3B1w6lzIGRlIGVzY3VjaGFyIHN1cyBoaXN0b3JpYXMsIG5vIGNyZW8gcXVlIHNlYW4gbG9zIG1pc21vcyBjaGljb3MgcXVlIGNvbm9jw60uClNvbMOtYW4gc2VyIG1lam9yZXMgcXVlIGxvIHF1ZSBzb24gYWhvcmEuLi4gRXNwZXJvIHF1ZSBwdWVkYXMgY3VpZGFybG9zLg==
Yo6cBw,,W01pbG8gUml2ZXJdClRoaXMgaXMgYWxsIEkgY2FuIHRlbGwgeW91Lg==,,,,,W01pbG8gUml2ZXJdCklzc28gw6kgdHVkbyBxdWUgdGVuaG8gcGFyYSBsaGUgY29udGFyLg==,,W01pbG8gUml2ZXJdCkVzdG8gZXMgdG9kbyBsbyBxdWUgcHVlZG8gZGVjaXJ0ZS4=
Y46cBw,,W3swfV0KKEkgaGVhcmQgYSBzaW1pbGFyIHN0b3J5IGZyb20gb3RoZXJzLi4uCk1heWJlIHRoZSBrZXl3b3JkIGlzIHRoZSBpbmNpZGVudCB0aGF0IGhhcHBlbmVkIGF0IHRoZSByZWFsIG1pc3Npb24uCkkgc2hvdWxkIGdvIGJhY2sgdG8gdGhlIHR3aW5zIGFuZCBhc2sgdGhlbSBhYm91dCBpdC4p,,,,,W3swfV0KKE91dHJhcyBwZXNzb2FzIGrDoSBtZSBjb250YXJhbSB1bWEgaGlzdMOzcmlhIHBhcmVjaWRhLi4uClRhbHZleiBhIHBhbGF2cmEtY2hhdmUgc2VqYSBvIGluY2lkZW50ZSBxdWUgYWNvbnRlY2V1IG5hIG1pc3PDo28uCkV1IGRldmVyaWEgdm9sdGFyIGUgcGVyZ3VudGFyIGFvcyBnw6ptZW9zIHNvYnJlIGlzc28p,,W3swfV0KKE/DrSB1bmEgaGlzdG9yaWEgc2ltaWxhciBkZSBvdHJhcyBwZXJzb25hcy4uLgpRdWl6w6EgbGEgcGFsYWJyYSBjbGF2ZSBzZWEgZWwgaW5jaWRlbnRlIHF1ZSBvY3VycmnDsyBlbiBsYSBtaXNpw7NuIHJlYWwuCkRlYmVyw61hIHZvbHZlciBjb24gbG9zIG1lbGxpem9zIHkgcHJlZ3VudGFybGVzIHNvYnJlIGVzdG8pLg==
ZI6cBw,,W01pbG8gUml2ZXJdCkNvb2tpZXM/IE1hZGUgYnkgdGhlIHR3aW5zPwpPaC4uLiBUaG9zZSBraWRzLiBUaGV5IHZpc2l0ZWQgdGhlIG1lc3MgYW5kIGFza2VkIG1lIGZvciBzZXZlcmFsIHRoaW5ncy4gSXMgdGhpcyB0aGUgb3V0Y29tZT8=,,,,,W01pbG8gUml2ZXJdCkJpc2NvaXRvcz8gRmVpdG8gcGVsb3MgZ8OqbWVvcz8KQWguLi4gRXNzYXMgY3JpYW7Dp2FzLiBFbGVzIHZpc2l0YXJhbSBvIHJlZmVpdMOzcmlvIGUgbWUgcGVkaXJhbSB2w6FyaWFzIGNvaXNhcy4gRXN0ZSDDqSBvIHJlc3VsdGFkbz8=,,W01pbG8gUml2ZXJdCsK/R2FsbGV0YXM/IMK/SGVjaGFzIHBvciBsb3MgZ2VtZWxvcz8KT2guLi4gRXNvcyBjaGljb3MuIFZpc2l0YXJvbiBlbCBjb21lZG9yIHkgbWUgcGlkaWVyb24gdmFyaWFzIGNvc2FzLiDCv0VzdGUgZnVlIGVsIHJlc3VsdGFkbz8=
ZY6cBw,,W01pbG8gUml2ZXJdCkkgaG9wZSB0aGV5IGFyZSBub3QgdHJ5aW5nIHRvIHBvaXNvbiBtZS4uLg==,,,,,W01pbG8gUml2ZXJdCkVzcGVybyBxdWUgZWxlcyBuw6NvIGVzdGVqYW0gdGVudGFuZG8gbWUgZW52ZW5lbmFyLi4u,,W01pbG8gUml2ZXJdCkVzcGVybyBxdWUgbm8gZXN0w6luIHRyYXRhbmRvIGRlIGVudmVuZW5hcm1lLi4u
Zo6cBw,,W01pbG8gUml2ZXJdCkhleSwgSSdtIGp1c3Qga2lkZGluZy4gRG9uJ3QgbG9vayBhdCBtZSBsaWtlIHRoYXQuClRoZXkgc2VlbSB0byBoYXZlIGZvdW5kIHRoZWlyIGZvcm1lciBjaGFyYWN0ZXIuIFRoYXQncyBnb29kLiBZb3UgZGlkIGEgZ3JlYXQgam9iLg==,,,,,W01pbG8gUml2ZXJdCkVpLCBlc3RvdSBzw7MgYnJpbmNhbmRvLiBOw6NvIG1lIG9saGUgYXNzaW0uCkVsZXMgcGFyZWNlbSB0ZXIgZW5jb250cmFkbyBzdWEgbmF0dXJlemEgYW50ZXJpb3IuIElzc28gw6kgYm9tLiBWb2PDqiBmZXogdW0gYm9tIHRyYWJhbGhvLg==,,W01pbG8gUml2ZXJdCkV5LCBzb2xvIGVzdG95IGJyb21lYW5kby4gTm8gbWUgbWlyZXMgYXPDrS4KUGFyZWNlIHF1ZSBlbmNvbnRyYXJvbiBzdSBhbnRpZ3VhIHBlcnNvbmFsaWRhZC4gUXXDqSBidWVuby4gSGljaXN0ZSB1biBncmFuIHRyYWJham8u
Z46cBw,,W01pbG8gUml2ZXJdClNvIGRvbid0IGxvb2sgYXQgbWUgbGlrZSB0aGF0ISEKSnVzdCBnaXZlIG1lIHRoZSBjb29raWVzIQ==,,,,,W01pbG8gUml2ZXJdCkVudMOjbyBuw6NvIG1lIG9saGUgYXNzaW0hIQpBcGVuYXMgbWUgZMOqIG9zIGJpc2NvaXRvcyE=,,W01pbG8gUml2ZXJdCsKhTm8gbWUgbWlyZXMgYXPDrSEKwqFTb2xvIGRhbWUgbGFzIGdhbGxldGFzIQ==
aI6cBw,,W01pbG8gUml2ZXJdCi4uLkJ5IHRoZSB3YXksIHdoZXJlIGFyZSB0aGUgY29va2llcz8KWW91IGRvbid0IGhhdmUgYW55dGhpbmcgZm9yIG1lPyBXaGF0IGEgc2hhbWUhIFdlbGx+IEkgbGlrZSBjb29raWVzIHRvb34=,,,,,W01pbG8gUml2ZXJdCi4uLkEgcHJvcMOzc2l0bywgb25kZSBlc3TDo28gb3MgYmlzY29pdG9zPwpOw6NvIHNvYnJvdSBuYWRhIHBhcmEgbWltPyBRdWUgcGVuYSEgRXUgZ29zdG8gZGUgYmlzY29pdG9zIHRhbWLDqW0u,,W01pbG8gUml2ZXJdCi4uLlBvciBjaWVydG8sIMK/ZMOzbmRlIGVzdMOhbiBsYXMgZ2FsbGV0YXM/CsK/Tm8gdGllbmVzIG5hZGEgcGFyYSBtw60/IMKhUXXDqSBsw6FzdGltYSEgQnVlbm9+LCBhIG3DrSB0YW1iacOpbiBtZSBndXN0YW4gbGFzIGdhbGxldGFzfi4=
aY6cBw,,W01pbG8gUml2ZXJdCkl0J3Mgbm90IG15IGZhdWx0IHRoYXQgb3VyIG1lYWxzIGFyZSB0ZXJyaWJsZS4KSWYgdGhleSBnaXZlIG1lIG1vcmUgdGltZSBhbmQgYnVkZ2V0LCBJIGNhbiBjb29rIG11Y2ggYmV0dGVyIGZvb2Qu,,,,,W01pbG8gUml2ZXJdCk7Do28gw6kgY3VscGEgbWluaGEgcXVlIG5vc3NhcyByZWZlacOnw7VlcyBzw6NvIHRlcnLDrXZlaXMuClNlIGVsZXMgbWUgZGVyZW0gbWFpcyB0ZW1wbyBlIHJlY3Vyc29zLCBwb3NzbyBjb3ppbmhhciB1bWEgY29taWRhIG11aXRvIG1lbGhvci4=,,W01pbG8gUml2ZXJdCk5vIGVzIGN1bHBhIG3DrWEgcXVlIG51ZXN0cmFzIGNvbWlkYXMgc2VhbiB0ZXJyaWJsZXMuClNpIG1lIGRhbiBtw6FzIHRpZW1wbyB5IGRpbmVybywgcHVlZG8gY29jaW5hciBtdWNobyBtZWpvci4=
ao6cBw,,W01pbG8gUml2ZXJdClBoZXcsIHdoYXQgc2hvdWxkIEkgc2VydmUgdGhlIGdsdXR0b25zIHRvZGF5PyBXaGF0IHdvdWxkIHRoZXkgbGlrZS4uLj8=,,,,,W01pbG8gUml2ZXJdClVmYSwgbyBxdWUgZXUgZGV2byBzZXJ2aXIgYW9zIHZldGVyYW5vcyBob2plPyBPIHF1ZSBlbGVzIGdvc3RhcmlhbT8=,,W01pbG8gUml2ZXJdClVmLCDCv3F1w6kgcHVlZG8gc2VydmlybGVzIGEgbG9zIGdsb3RvbmVzIGhveT8gwr9RdcOpIGxlcyBndXN0YXLDrWEuLi4/
a46cBw,,W01pbG8gUml2ZXJdCkhleSwgeW91ISBBZHZlbnR1cmVyPwpXaGF0J3MgdGhlIG1hdHRlcj8=,,,,,W01pbG8gUml2ZXJdCkVpLCB2b2PDqiEgVmlhamFudGU/ClF1YWwgw6kgbyBwcm9ibGVtYT8=,,W01pbG8gUml2ZXJdCsKhT3llLCB0w7ohIMK/VHJvdGFtdW5kb3M/CsK/UXXDqSBzdWNlZGU/
bI6cBw,,UmVmcmVzaG1lbnRzIGZvciBzZW5pb3Jz,,,,,TGFuY2hlIGRvcyBWZXRlcmFub3M=,,UmVmcmlnZXJpb3MgZGUgbG9zIFZldGVyYW5vcw==
bY6cBw,,VGFrZSBjYXJlIG9mIHRoZSBjYXQgcGxlYXNl,,,,,Q3VpZGFyIGRvIGdhdG8=,,Q3VpZGEgZGVsIGdhdG8sIHBvciBmYXZvci4=
bo6cBw,,WW91IGRvbid0IGhhdmUgdG8ga25vdy4=,,,,,Vm9jw6ogbsOjbyBwcmVjaXNhIHNhYmVyLg==,,Tm8gdGllbmVzIHBvciBxdcOpIHNhYmVybG8u
b46cBw,,W01pbG8gUml2ZXJdCkhvdyBkaWQgSSBrbm93IHlvdSBhcmUgYW4gYWR2ZW50dXJlcj8gSXQncyBzaW1wbGUu,,,,,W01pbG8gUml2ZXJdCkNvbW8gZXUgc291YmUgcXVlIHZvY8OqIHZpYWphIHBlbG8gbXVuZG8/IMOJIHNpbXBsZXMu,,W01pbG8gUml2ZXJdCsK/Q8OzbW8gc3VwZSBxdWUgZXJhcyB0cm90YW11bmRvcz8gRXMgc2VuY2lsbG8u
cI6cBw,,W01pbG8gUml2ZXJdCkEgc3RyYW5nZXIgcmFyZWx5IHZpc2l0cyB0aGlzIHBsYWNlLiBTbyBzb21lb25lIGxpa2UgeW91IGRyYXdzIGV2ZXJ5Ym9keSdzIGF0dGVudGlvbi4=,,,,,W01pbG8gUml2ZXJdClVtIGVzdHJhbmhvIGRpZmljaWxtZW50ZSB2aXNpdGEgZXN0ZSBsdWdhci4gRW50w6NvIGFsZ3XDqW0gY29tbyB2b2PDqiBhdHJhaSBhIGF0ZW7Dp8OjbyBkZSB0b2RvIG11bmRvLg==,,W01pbG8gUml2ZXJdCkxvcyBkZXNjb25vY2lkb3MsIHJhcmEgdmV6LCB2aXNpdGFuIGVzdGUgbHVnYXIuIEFzw60gcXVlIGFsZ3VpZW4gY29tbyB0w7ogbGxhbWEgbGEgYXRlbmNpw7NuIGRlIHRvZG8gZWwgbXVuZG8u
cY6cBw,,W01pbG8gUml2ZXJdClRoZXNlIHBlb3BsZSBtdXN0IHJldHVybiBxdWlja2x5IGluIGVtZXJnZW5jeSwgc28gdGhleSBjYW5ub3QgZ28gdG9vIGZhciBmcm9tIGhlcmUu,,,,,W01pbG8gUml2ZXJdCkVzc2FzIHBlc3NvYXMgZGV2ZW0gcmV0b3JuYXIgcmFwaWRhbWVudGUgZW0gZW1lcmfDqm5jaWFzLCBlbnTDo28gbsOjbyBwb2RlbSBpciBtdWl0byBsb25nZS4=,,W01pbG8gUml2ZXJdCkVzdGFzIHBlcnNvbmFzIGRlYmVuIHJlZ3Jlc2FyIHLDoXBpZGFtZW50ZSBlbiBjYXNvIGRlIGVtZXJnZW5jaWEsIHBvciBsbyBxdWUgbm8gcHVlZGVuIGFsZWphcnNlIGRlbWFzaWFkbyBkZSBhcXXDrS4=
co6cBw,,W01pbG8gUml2ZXJdClRoZXJlZm9yZSwgSSB3b3VsZCBsaWtlIHRvIGFzayB5b3UgZm9yIGEgZmF2b3IuLi4gQWN0dWFsbHkgZm9yIHNldmVyYWwuIEJlY2F1c2UgaXQgaGFzIHRvIGJlIGRvbmUgb3V0c2lkZS4=,,,,,W01pbG8gUml2ZXJdClBvcnRhbnRvIGV1IGdvc3RhcmlhIGRlIGxoZSBwZWRpciB1bSBmYXZvci4uLiBWw6FyaW9zLCBuYSB2ZXJkYWRlLiBQb3JxdWUgdGVtIHF1ZSBzZXIgZmVpdG8gZG8gbGFkbyBkZSBmb3JhLg==,,W01pbG8gUml2ZXJdClBvciBsbyB0YW50bywgbWUgZ3VzdGFyw61hIHBlZGlydGUgdW4gZmF2b3IuLi4gRW4gcmVhbGlkYWQsIHZhcmlvcy4gUG9ycXVlIGhheSBxdWUgaGFjZXJsbyBmdWVyYS4=
c46cBw,,W01pbG8gUml2ZXJdCkkgYW0gdmVyeSBidXN5IGJlY2F1c2UgSSBoYXZlIHRvIGZlZWQgdGhlIGdsdXR0b25zfiBXZWxsIG5vd34gSSBob3BlIHlvdSBjYW4gZG8gc29tZXRoaW5nIGZvciBtZX4=,,,,,W01pbG8gUml2ZXJdCkV1IGVzdG91IG11aXRvIG9jdXBhZG8gcG9ycXVlIHByZWNpc28gYWxpbWVudGFyIG9zIGd1bG9zb3MgYWdvcmEuIEVzcGVybyBxdWUgdm9jw6ogcG9zc2EgZmF6ZXIgYWxnbyBwb3IgbWltLg==,,W01pbG8gUml2ZXJdCkVzdG95IG11eSBvY3VwYWRvIHBvcnF1ZSB0ZW5nbyBxdWUgYWxpbWVudGFyIGEgbG9zIGdsb3RvbmVzfi4gQnVlbm9+LCBlc3Blcm8gcXVlIHB1ZWRhcyBoYWNlciBhbGdvIHBvciBtw61+Lg==
dI6cBw,,SSB3aWxsIGRvIGl0Lg==,,,,,RXUgZmFyZWku,,TG8gaGFyw6ku
dY6cBw,,Tm8uIEknbSBidXN5Lg==,,,,,TsOjby4gRXN0b3Ugc2VtIHRlbXBvLg==,,Tm8sIGFob3JhIG5vIHRlbmdvIHRpZW1wby4=
do6cBw,,W01pbG8gUml2ZXJdCk9oLCBUaGFuayB5b3UhIFRoZSBhZHZlbnR1cmVyIGlzIHNvIGNvb2whCkkgd291bGQgbGlrZSB0byBhc2sgeW91IHRvIGdldCBzb21lIHNuYWNrcy4=,,,,,W01pbG8gUml2ZXJdCkFoLCBvYnJpZ2FkbyEgVmlhamFudGVzIHPDo28gdMOjbyBsZWdhaXMhCkV1IGdvc3RhcmlhIGRlIHBlZGlyIGEgdm9jw6ogcXVlIGJ1c3F1ZSBhbGd1bnMgcGV0aXNjb3Mu,,W01pbG8gUml2ZXJdCsKhT2gsIGdyYWNpYXMhIMKhRWwgdHJvdGFtdW5kb3MgZXMgZ2VuaWFsIQpNZSBndXN0YXLDrWEgcGVkaXJ0ZSBxdWUgdHJhamVyYXMgYWxndW5vcyBib2NhZGlsbG9zLg==
d46cBw,,W01pbG8gUml2ZXJdCk5vLCBuby4gRG9uJ3QgbG9vayBhdCBtZSBsaWtlIHRoYXQuIFRoZXkgYXJlIG5vdCBmb3IgbWUuCkRvIHlvdSBrbm93IG91ciBzZW5pb3JzIHdobyBsaXZlIG9uIHRoZSAybmQgZmxvb3I/IEhhdmUgeW91IG1ldCB0aGVtPw==,,,,,W01pbG8gUml2ZXJdCk7Do28sIG7Do28uIE7Do28gbWUgb2xoZSBhc3NpbS4gTsOjbyBzw6NvIHBhcmEgbWltLgpWb2PDqiBjb25oZWNlIG5vc3NvcyB2ZXRlcmFub3MgcXVlIG1vcmFtIG5vIHNlZ3VuZG8gYW5kYXI/IFZvY8OqIGrDoSBvcyBjb25oZWNldT8=,,W01pbG8gUml2ZXJdCk5vLCBubyBtZSBtaXJlcyBhc8OtLiBObyBzb24gcGFyYSBtw60uCsK/Q29ub2NlcyBhIG51ZXN0cm9zIHZldGVyYW5vcyBxdWUgdml2ZW4gZW4gZWwgc2VndW5kbyBwaXNvPyDCv0xvcyBjb25vY2VzPw==
eI6cBw,,W01pbG8gUml2ZXJdClRoZXkgZW5qb3kgdGVhIHRpbWUgZXZlcnkgZGF5LgpTbyBJIHRyeSB0byBnZXQgcHJlcGFyZSB0aGUgYmVzdCB0ZWEgYW5kIHNuYWNrcy4uLiBCdXQgaXQncyBoYXJkIHRvIGZpbmQgdGhlbSBpbiB0aGlzIG91dC1vZi10aGUtd2F5IHBsYWNlLg==,,,,,W01pbG8gUml2ZXJdCkVsZXMgYXByZWNpYW0gYSBob3JhIGRvIGNow6EgdG9kb3Mgb3MgZGlhcy4KRW50w6NvIGV1IHRlbnRvIHByZXBhcmFyIG8gbWVsaG9yIGNow6EgZSBwZXRpc2Nvcy4uLiBNYXMgw6kgZGlmw61jaWwgZW5jb250csOhLWxvcyBuZXNzZSBmaW0gZGUgbXVuZG8u,,W01pbG8gUml2ZXJdCkRpc2ZydXRhbiBkZSBsYSBob3JhIGRlbCB0w6kgdG9kb3MgbG9zIGTDrWFzLgpBc8OtIHF1ZSBpbnRlbnRvIHByZXBhcmFyIGxvcyBtZWpvcmVzIHTDqXMgeSBib2NhZGlsbG9zLi4uIFBlcm8gZXMgZGlmw61jaWwgZW5jb250cmFybG9zIGVuIGVzdGUgbHVnYXIgcmVtb3RvLg==
eY6cBw,,W01pbG8gUml2ZXJdClNpbmNlIEkgaGF2ZSB0byBjb29rIGZvciBvdXIgZ2x1dHRvbnMsIEkgY2Fubm90IGdvIG91dCB0b28gZmFyLiBTbyBJIGFtIHNvcnJ5IHRoYXQgSSBoYXZlbid0IGJlZW4gYWJsZSB0byBwcmVwYXJlIHNvbWV0aGluZyBkZWxpY2lvdXMu,,,,,W01pbG8gUml2ZXJdCkNvbW8gZXUgdGVuaG8gcXVlIGNvemluaGFyIHBhcmEgb3MgdmV0ZXJhbm9zLCBuw6NvIHBvc3NvIGlyIG11aXRvIGxvbmdlLiBQb3IgaXNzbywgbGFtZW50byBuw6NvIHRlciBjb25zZWd1aWRvIHByZXBhcmFyIGFsZ28gZGVsaWNpb3NvLg==,,W01pbG8gUml2ZXJdCkNvbW8gdGVuZ28gcXVlIGNvY2luYXIgcGFyYSBudWVzdHJvcyBnbG90b25lcywgbm8gcHVlZG8gaXJtZSBtdXkgbGVqb3MuIEFzw60gcXVlIGRpc2PDumxwYW1lIHNpIG5vIGhlIHBvZGlkbyBwcmVwYXJhciBhbGdvIGRlbGljaW9zby4=
eo6cBw,,W01pbG8gUml2ZXJdCllvdSBhcmUgYW4gYWR2ZW50dXJlciB3aG8gdHJhdmVscyBhcm91bmQgdGhlIHdob2xlIHdvcmxkISBQbGVhc2UgYnJpbmcgc29tZXRoaW5nIGRlbGljaW91cyBmb3Igb3VyIHNlbmlvcnMgYW5kIG1lIQ==,,,,,W01pbG8gUml2ZXJdClZvY8OqIHZpYWphIHBlbG8gbXVuZG8gaW50ZWlybyEgUG9yIGZhdm9yLCB0cmFnYSBhbGdvIGRlbGljaW9zbyBwYXJhIG5vc3NvcyB2ZXRlcmFub3MgZSBwYXJhIG1pbSE=,,W01pbG8gUml2ZXJdCsKhU2Ugbm90YSBxdWUgdmlhamFzIHBvciB0b2RvIGVsIG11bmRvISBQb3IgZmF2b3IsIHRyYWUgYWxnbyBkZWxpY2lvc28gcGFyYSBudWVzdHJvcyB2ZXRlcmFub3MgeSBwYXJhIG3DrS4=
e46cBw,,W01pbG8gUml2ZXJdCklmIHRoZSBmb29kIGlzIHRvbyBleHBlbnNpdmUsIGl0IG1pZ2h0IG1lIHRyb3VibGVzb21lIGZvciB5b3UgdG8gZ2V0IGl0LiBQbGVhc2UgYnJpbmcgb25lIG9mIHRoZSBmb2xsb3dpbmcgbGlzdC4=,,,,,W01pbG8gUml2ZXJdClNlIGEgY29taWRhIGZvciBtdWl0byBjYXJhLCBwb2RlIHNlciBjb21wbGljYWRvIHBhcmEgdm9jw6ogY29tcHLDoS1sYS4gUG9yIGZhdm9yLCB0cmFnYSB1bSBkYSBzZWd1aW50ZSBsaXN0YS4=,,W01pbG8gUml2ZXJdClNpIGxhIGNvbWlkYSBlcyBkZW1hc2lhZG8gY2FyYSwgcHVlZGUgcmVzdWx0YXJ0ZSBkaWbDrWNpbCBjb25zZWd1aXJsYS4gUG9yIGZhdm9yLCB0cmFlIGFsZ28gZGUgbGEgc2lndWllbnRlIGxpc3RhLg==
fI6cBw,,W01pbG8gUml2ZXJdCkxldCdzIHNlZS4gXjAwMDBDREdyYXBlIEhlcmIgVGVhXjAwMDAwMCwgXjAwMDBDRE9yY2hpZCBCbGFjayBUZWFeMDAwMDAwLCBeMDAwMENESG9uZXkgSGVyYmFsIFRlYV4wMDAwMDAsIF4wMDAwQ0RDaG9jb2xhdGUgTW91c3NlXjAwMDAwMC4uLiBvciBeMDAwMENERnJ1aXQgTWl4XjAwMDAwMC4=,,,,,W01pbG8gUml2ZXJdClZhbW9zIHZlci4gXjAwMDBDRENow6EgZGUgRXJ2YXMgY29tIFV2YV4wMDAwMDAsIF4wMDAwQ0RDaMOhIFZlcm1lbGhvIGRlIE91dG9ub14wMDAwMDAsIF4wMDAwQ0RDaMOhIGRlIEVydmFzIGUgTWVsXjAwMDAwMCwgXjAwMDBDRE1vdXNzZSBkZSBDaG9jb2xhdGVeMDAwMDAwIG91IF4wMDAwQ0RTYWxhZGEgZGUgRnJ1dGFzXjAwMDAwMC4=,,W01pbG8gUml2ZXJdClZlYW1vcy4gXjAwMDBDRFTDqSBkZSBIaWVyYmFzIGNvbiBVdmFzXjAwMDAwMCwgXjAwMDBDRFTDqSBSb2pvIGRlIE90b8Oxb14wMDAwMDAsIF4wMDAwQ0RUw6kgZGUgSGllcmJhcyBjb24gTWllbF4wMDAwMDAsIF4wMDAwQ0RQYXN0ZWwgZGUgTW91c3NlIGRlIENob2NvbGF0ZV4wMDAwMDAuLi4gbyBeMDAwMENERW5zYWxhZGEgZGUgRnJ1dGFzXjAwMDAwMC4=
fY6cBw,,W01pbG8gUml2ZXJdCklmIHlvdSBicmluZyBvbmUgb2YgdGhlbSwgb3VyIHNlbmlvcnMgd2lsbCBiZSBoYXBweS4KSSBhbSBub3QgYXNraW5nIHlvdSB0byBnZXQgYWxsIG9mIHRoZW0uIEp1c3Qgb25lIG9mIHRoZW0gd2lsbCBiZSBmaW5lLg==,,,,,W01pbG8gUml2ZXJdClNlIHZvY8OqIHRyb3V4ZXIgdW0gZGVsZXMsIG5vc3NvcyB2ZXRlcmFub3MgZmljYXLDo28gZmVsaXplcy4KRXUgbsOjbyBlc3RvdSBwZWRpbmRvIHBhcmEgdm9jw6ogdHJhemVyIHRvZG9zLiBBcGVuYXMgdW0gZXN0YXLDoSDDs3RpbW8u,,W01pbG8gUml2ZXJdClNpIHRyYWVzIGFsZ28gZGUgZXNvLCBudWVzdHJvcyB2ZXRlcmFub3MgZXN0YXLDoW4gY29udGVudG9zLgpObyB0ZSBwaWRvIHF1ZSBjb25zaWdhcyB0b2RvLiBDb24gdW5vIGRlIGVzb3MgZXN0YXLDoSBiaWVuLg==
fo6cBw,,W01pbG8gUml2ZXJdCkl0IGRvZXNuJ3QgbWF0dGVyIHdoZXRoZXIgeW91IG1ha2UgaXQgb24geW91ciBvd24gb3Igbm90LiBJIGNvdW50IG9uIHlvdX4=,,,,,W01pbG8gUml2ZXJdCk7Do28gaW1wb3J0YSBzZSB2b2PDqiBmaXplciBpc3NvIHPDsyBvdSBuw6NvLiBDb250byBjb20gdm9jw6ou,,W01pbG8gUml2ZXJdCk5vIGltcG9ydGEgc2kgbG8gY29uc2lndWVzIHBvciB0dSBjdWVudGEgbyBuby4gQ3VlbnRvIGNvbnRpZ29+Lg==
f46cBw,,W01pbG8gUml2ZXJdCk9ofiBZb3UncmUgc28gbWVhbi4gV2hhdCBhIHNoYW1lLgpUaGlzIGlzIHdoeSB3ZSBzaG91bGQgbmV2ZXIgdGFsayB0byBvdXRzaWRlcnMuIEFtIEkgcmlnaHQ/IENoYXJpdHl+,,,,,W01pbG8gUml2ZXJdCkFoLCB2b2PDqiDDqSB0w6NvIHJ1aW0uIFF1ZSBwZW5hLgrDiSBwb3IgaXNzbyBxdWUgbnVuY2EgZGV2ZW1vcyBmYWxhciBjb20gZm9yYXN0ZWlyb3MuIE7Do28gZXN0b3UgY2VydG8/IENoYXJpdHku,,W01pbG8gUml2ZXJdCk9ofiwgY3XDoW50YSBjcnVlbGRhZC4gUXXDqSBwZW5hLgpQb3IgZXNvLCBudW5jYSBkZWJlbW9zIGhhYmxhciBjb24gZXh0cmHDsW9zLiDCv0VzdG95IGVuIGxvIGNvcnJlY3RvPyBDaGFyaXR5fi4=
gI6cBw,,W01pbG8gUml2ZXJdCi4uLldoZXJlIGRpZCBteSBsb3ZlbHkgYW5kIHN3ZWV0IGNhdCBnby4uLj8KT2gsIEkgYW0gc28gZ2xvb215IGFuZCBsb25lbHkhISBUaGUgYWR2ZW50dXJlciByZWplY3RlZCBteSByZXF1ZXN0ISE=,,,,,W01pbG8gUml2ZXJdCi4uLk9uZGUgbWluaGEgYW1hZGEgZSBhZG9yYWRhIGdhdGEgZm9pPwpBaCwgZXN0b3UgdMOjbyB0cmlzdGUgZSBzb3ppbmhvISEgVm9jw6ogcmVjdXNvdSBtZXUgcGVkaWRvISE=,,W01pbG8gUml2ZXJdCsK/QSBkw7NuZGUgc2UgZnVlIG1pIGFkb3JhYmxlIHkgZHVsY2UgZ2F0YS4uLj8KwqFPaCwgbWUgc2llbnRvIHRhbiB0cmlzdGUgeSBzb2xvISDCoUVsIHRyb3RhbXVuZG9zIHJlY2hhesOzIG1pIHBlZGlkbyE=
gY6cBw,,W01pbG8gUml2ZXJdCldoYXQgaGF2ZSB5b3UgYnJvdWdodD8gSSB3aWxsIHJlYWQgdGhlIGxpc3QuClRlbGwgbWUgd2hhdCB5b3UgYnJvdWdodCE=,,,,,W01pbG8gUml2ZXJdCk8gcXVlIHZvY8OqIHRyb3V4ZT8gVm91IGxlciBhIGxpc3RhLgpEaWdhLW1lIG8gcXVlIHZvY8OqIHRyb3V4ZSE=,,W01pbG8gUml2ZXJdCsK/UXXDqSB0cmFqaXN0ZT8gTGVlcsOpIGxhIGxpc3RhLgrCoURpbWUgcXXDqSB0cmFqaXN0ZSE=
go6cBw,,R3JhcGUgSGVyYiBUZWE=,,,,,Q2jDoSBkZSBFcnZhcyBjb20gVXZh,,VMOpIGRlIEhpZXJiYXMgY29uIFV2YXM=
g46cBw,,T3JjaGlkIEJsYWNrIFRlYQ==,,,,,Q2jDoSBWZXJtZWxobyBkZSBPdXRvbm8=,,VMOpIFJvam8gZGUgT3Rvw7Fv
hI6cBw,,SG9uZXkgSGVyYiBUZWE=,,,,,Q2jDoSBkZSBFcnZhcyBlIE1lbA==,,VMOpIGRlIEhpZXJiYXMgY29uIE1pZWw=
hY6cBw,,Q2hvY29sYXRlIE1vdXNzZSBDYWtl,,,,,TW91c3NlIGRlIENob2NvbGF0ZQ==,,UGFzdGVsIGRlIE1vdXNzZSBkZSBDaG9jb2xhdGU=
ho6cBw,,RnJ1aXQgTWl4,,,,,U2FsYWRhIGRlIEZydXRhcw==,,RW5zYWxhZGEgZGUgRnJ1dGFz
h46cBw,,SSBkb24ndCBoYXZlIGFueS4=,,,,,RXUgbsOjbyB0ZW5obyBuZW5odW0u,,Tm8gdGVuZ28gbmFkYS4=
iI6cBw,,W01pbG8gUml2ZXJdCldlbGwhIEhhaGEsIHRoYW5rIHlvdSBmb3IgeW91ciBraW5kbmVzcyE=,,,,,W01pbG8gUml2ZXJdCsOTdGltbyEgSGFoYSwgb2JyaWdhZG8gcG9yIHN1YSBib25kYWRlIQ==,,W01pbG8gUml2ZXJdCsKhQnVlbm8hIEphLCBqYSwgwqFncmFjaWFzIHBvciB0dSBhbWFiaWxpZGFkIQ==
iY6cBw,,W01pbG8gUml2ZXJdCkdpdmUgaXQgdG8gbWUhCi4uLldoYXQsIHlvdSBoYXZlbid0IGJyb3VnaHQgYW55IG9mIHRoZW0/,,,,,W01pbG8gUml2ZXJdClBvZGUgbWUgZGFyIQouLi5Db21vIGFzc2ltLCB2b2PDqiBuw6NvIHRyb3V4ZSBuZW5odW0gZGVsZXM/,,W01pbG8gUml2ZXJdCsKhRMOhbWVsbyEKLi4uRXNwZXJhLCDCv25vIHRyYWppc3RlIG5hZGE/
io6cBw,,W01pbG8gUml2ZXJdCllvdSBicm91Z2h0IGl0IGFzIHlvdSBwcm9taXNlZCEgQSBjdXAgb2YgR3JhcGUgSGVyYiB0ZWEuIFdpbGwgeW91IGdpdmUgaXQgdG8gbWUgbm93Pw==,,,,,W01pbG8gUml2ZXJdClZvY8OqIHRyb3V4ZSBjb25mb3JtZSBwcm9tZXRldSEgVW1hIHjDrWNhcmEgZGUgQ2jDoSBkZSBFcnZhcyBjb20gVXZhLiBWb2PDqiB2YWkgbWUgZW50cmVnYXIgYWdvcmE/,,W01pbG8gUml2ZXJdCsKhTG8gdHJhamlzdGUgdGFsIHkgY29tbyBsbyBoYWLDrWFzIHByb21ldGlkbyEgVW5hIHRhemEgZGUgVMOpIGRlIEhpZXJiYXMgY29uIFV2YXMuIMK/TWUgbGEgZGFyw6FzIGFob3JhPw==
i46cBw,,R2l2ZSBpdCB0byBoaW0u,,,,,RW50cmVnYXIgYSBlbGUu,,RMOhcnNlbGEu
jI6cBw,,RG8gbm90IGdpdmUgaXQgdG8gaGltLg==,,,,,TsOjbyBlbnRyZWdhci4=,,Tm8gZMOhcnNlbGEu
jY6cBw,,W01pbG8gUml2ZXJdCkl0IGxvb2tzIGRlbGljaW91cyEgVGhhbmsgeW91IGZvciB5b3VyIGtpbmRuZXNzIQ==,,,,,W01pbG8gUml2ZXJdClBhcmVjZSB1bWEgZGVsw61jaWEhIE9icmlnYWRvIHBvciBzdWEgYm9uZGFkZSE=,,W01pbG8gUml2ZXJdCsKhUGFyZWNlIGRlbGljaW9zbyEgwqFHcmFjaWFzIHBvciB0dSBhbWFiaWxpZGFkIQ==
jo6cBw,,W01pbG8gUml2ZXJdClRoYW5rIHlvdSBzbyBtdWNoIGZvciBtYWtpbmcgb3VyIHNlbmlvcnMgaGFwcHkhCkkgaGF2ZSB0byBwcmVwYXJlIGZvciB0aGUgdGVhIHRpbWUgdG9tb3Jyb3cgYXMgd2VsbC4uLiBJZiB5b3UgZG9uJ3QgbWluZCwgY291bGQgeW91IGJyaW5nIGl0IGFnYWluIHRvbW9ycm93Pw==,,,,,W01pbG8gUml2ZXJdCkFncmFkZcOnbyBtdWl0byBwb3IgZmF6ZXIgbm9zc29zIHZldGVyYW5vcyBmZWxpemVzIQpUZW5obyBxdWUgcHJlcGFyYXIgYSBob3JhIGRvIGNow6EgYW1hbmjDoyB0YW1iw6ltLi4uIFNlIHZvY8OqIG7Do28gc2UgaW1wb3J0YSwgcG9kZXJpYSB0cmF6ZXIgYW1hbmjDoyBkZSBub3ZvPw==,,W01pbG8gUml2ZXJdCk11Y2hhcyBncmFjaWFzIHBvciBoYWNlciBmZWxpY2VzIGEgbnVlc3Ryb3MgYWR1bHRvcyBtYXlvcmVzLgpZbyB0YW1iacOpbiB0ZW5nbyBxdWUgcHJlcGFyYXJtZSBwYXJhIGxhIGhvcmEgZGVsIHTDqSBkZSBtYcOxYW5hLi4uIFNpIG5vIHRlIGltcG9ydGEsIMK/cG9kcsOtYXMgdm9sdmVyIGEgdHJhZXJsbyBtYcOxYW5hPw==
j46cBw,,W01pbG8gUml2ZXJdCldlbGwsIEkgc2VlLiBBbHRob3VnaCB5b3UgYXJlIGFuIGFkdmVudHVyZXIsIHRoZXkgYXJlIG5vdCBlYXN5IHRvIGdldC4gQXJlbid0IHRoZXk/CkFsbCBJIGNhbiBnZXQgYXJvdW5kIHRoaXMgcGxhY2UgYXJlIG9sZCByYWlzaW5zLiBJIGNhbid0IG1ha2UgYW55dGhpbmcgbmljZSB3aXRoIHRoZW0uCkl0J3MganVzdCBhIGxhY2sgb2YgbXkgYWJpbGl0eSwgaGFoYSE=,,,,,W01pbG8gUml2ZXJdCkFoLCBldSBlbnRlbmRvLiBBcGVzYXIgZGUgdm9jw6ogc2VyIHVtIGF2ZW50dXJlaXJvLCBuw6NvIMOpIGbDoWNpbCBkZSBjb25zZWd1aXIuIE7Do28gw6k/ClR1ZG8gcXVlIGNvbnNpZ28gbmVzdGUgbHVnYXIgc8OjbyBwYXNzYXMgdmVsaGFzLiBOw6NvIGNvbnNpZ28gZmF6ZXIgbmFkYSBib20gY29tIGVsYXMuCsOJIGFwZW5hcyBmYWx0YSBkZSBoYWJpbGlkYWRlLCBoYWhhIQ==,,W01pbG8gUml2ZXJdCllhIHZlby4gQXVucXVlIHNlYXMgdHJvdGFtdW5kb3MsIG5vIHNvbiBmw6FjaWxlcyBkZSBjb25zZWd1aXIuIMK/Tm8gZXMgYXPDrT8KTG8gw7puaWNvIHF1ZSBwdWVkbyBjb25zZWd1aXIgZW4gZXN0ZSBsdWdhciBzb24gcGFzYXMgdmllamFzLiBObyBwdWVkbyBwcmVwYXJhciBuYWRhIHJpY28gY29uIGVzby4KwqFEZWJlcsOtYSBtZWpvcmFyIG1pcyBhcHRpdHVkZXMsIGphLCBqYSE=
kI6cBw,,W01pbG8gUml2ZXJdCllvdSBicm91Z2h0IGl0IGFzIHlvdSBwcm9taXNlZCEgQSBjdXAgb2YgQXV0dW1uIFJlZCBUZWEuIFdpbGwgeW91IGdpdmUgaXQgdG8gbWUgbm93Pw==,,,,,W01pbG8gUml2ZXJdClZvY8OqIHRyb3V4ZSBjb25mb3JtZSBwcm9tZXRldSEgVW1hIHjDrWNhcmEgZGUgQ2jDoSBWZXJtZWxobyBkZSBPdXRvbm8uIFZvY8OqIHZhaSBtZSBlbnRyZWdhciBhZ29yYT8=,,W01pbG8gUml2ZXJdCsKhVGFsIHkgY29tbyBsbyBoYWLDrWFzIHByb21ldGlkbyEgVW5hIHRhemEgZGUgVMOpIFJvam8gZGUgT3Rvw7FvLiDCv01lIGxhIGRhcsOhcyBhaG9yYT8=
kY6cBw,,W01pbG8gUml2ZXJdCldlbGwsIEkgc2VlLiBBbHRob3VnaCB5b3UgYXJlIGFuIGFkdmVudHVyZXIsIHRoZXkgYXJlIG5vdCBlYXN5IHRvIGdldC4gQXJlbid0IHRoZXk/CkFsbCBJIGNhbiBnZXQgYXJvdW5kIHRoaXMgcGxhY2UgYXJlIHRlYSBsZWF2ZXMgd2l0aCBhbiB1bnBsZWFzYW50IHNtZWxsLiBJIGNhbid0IG1ha2UgYW55dGhpbmcgbmljZSB3aXRoIHRoZW0uCkl0J3MganVzdCBhIGxhY2sgb2YgbXkgYWJpbGl0eSwgaGFoYSE=,,,,,W01pbG8gUml2ZXJdCkFoLCBldSBlbnRlbmRvLiBBcGVzYXIgZGUgdm9jw6ogc2VyIHVtIGF2ZW50dXJlaXJvLCBuw6NvIMOpIGbDoWNpbCBkZSBjb25zZWd1aXIuIE7Do28gw6k/ClR1ZG8gcXVlIGNvbnNpZ28gbmVzdGUgbHVnYXIgc8OjbyBmb2xoYXMgZGUgY2jDoSBjb20gdW0gY2hlaXJvIGRlc2FncmFkw6F2ZWwuIE7Do28gY29uc2lnbyBmYXplciBuYWRhIGJvbSBjb20gZWxhcy4Kw4kgYXBlbmFzIGZhbHRhIGRlIGhhYmlsaWRhZGUsIGhhaGEh,,W01pbG8gUml2ZXJdCllhIHZlby4gQXVucXVlIHNlYXMgdHJvdGFtdW5kb3MsIG5vIHNvbiBmw6FjaWxlcyBkZSBjb25zZWd1aXIuIMK/Tm8gZXMgYXPDrT8KTG8gw7puaWNvIHF1ZSBwdWVkbyBjb25zZWd1aXIgZW4gZXN0ZSBsdWdhciBzb24gaG9qYXMgZGUgdMOpIGNvbiB1biBvbG9yIGRlc2FncmFkYWJsZS4gTm8gcHVlZG8gcHJlcGFyYXIgbmFkYSByaWNvIGNvbiBlc28uCsKhRGViZXLDrWEgbWVqb3JhciBtaXMgYXB0aXR1ZGVzLCBqYSwgamEh
ko6cBw,,W01pbG8gUml2ZXJdCllvdSBicm91Z2h0IGl0IGFzIHlvdSBwcm9taXNlZCEgQSBjdXAgb2YgSG9uZXkgSGVyYmFsIFRlYS4gV2lsbCB5b3UgZ2l2ZSBpdCB0byBtZSBub3c/,,,,,W01pbG8gUml2ZXJdClZvY8OqIHRyb3V4ZSBjb25mb3JtZSBwcm9tZXRldSEgVW1hIHjDrWNhcmEgZGUgQ2jDoSBkZSBFcnZhcyBlIE1lbC4gVm9jw6ogdmFpIG1lIGVudHJlZ2FyIGFnb3JhPw==,,W01pbG8gUml2ZXJdCsKhVGFsIHkgY29tbyBsbyBoYWLDrWFzIHByb21ldGlkbyEgVW5hIHRhemEgZGUgVMOpIGRlIEhpZXJiYXMgY29uIE1pZWwuIMK/TWUgbGEgZGFyw6FzIGFob3JhPw==
k46cBw,,W01pbG8gUml2ZXJdCldlbGwsIEkgc2VlLiBBbHRob3VnaCB5b3UgYXJlIGFuIGFkdmVudHVyZXIsIHRoZXkgYXJlIG5vdCBlYXN5IHRvIGdldC4gQXJlbid0IHRoZXk/CkFsbCBJIGNhbiBnZXQgYXJvdW5kIHRoaXMgcGxhY2UgYXJlIHdpdGhlcmVkIGhlcmJzLiBJIGNhbid0IG1ha2UgYW55dGhpbmcgbmljZSB3aXRoIHRoZW0uCkl0J3MganVzdCBhIGxhY2sgb2YgbXkgYWJpbGl0eSwgaGFoYSE=,,,,,W01pbG8gUml2ZXJdCkFoLCBldSBlbnRlbmRvLiBBcGVzYXIgZGUgdm9jw6ogc2VyIHVtIGF2ZW50dXJlaXJvLCBuw6NvIMOpIGbDoWNpbCBkZSBjb25zZWd1aXIuIE7Do28gw6k/ClR1ZG8gcXVlIGNvbnNpZ28gbmVzdGUgbHVnYXIgc8OjbyBlcnZhcyBtdXJjaGFzLiBOw6NvIGNvbnNpZ28gZmF6ZXIgbmFkYSBib20gY29tIGVsYXMuCsOJIGFwZW5hcyBmYWx0YSBkZSBoYWJpbGlkYWRlLCBoYWhhIQ==,,W01pbG8gUml2ZXJdCllhIHZlby4gQXVucXVlIHNlYXMgdHJvdGFtdW5kb3MsIG5vIHNvbiBmw6FjaWxlcyBkZSBjb25zZWd1aXIuIMK/Tm8gZXMgYXPDrT8KTG8gw7puaWNvIHF1ZSBwdWVkbyBjb25zZWd1aXIgZW4gZXN0ZSBsdWdhciBzb24gaGllcmJhcyBtYXJjaGl0YXMuIE5vIHB1ZWRvIHByZXBhcmFyIG5hZGEgcmljbyBjb24gZXNvLgrCoURlYmVyw61hIG1lam9yYXIgbWlzIGFwdGl0dWRlcywgamEsIGphIQ==
lI6cBw,,W01pbG8gUml2ZXJdCllvdSBicm91Z2h0IGl0IGFzIHlvdSBwcm9taXNlZCEgQSBwaWVjZSBvZiBDaG9jb2xhdGUgTW91c3NlLiBXaWxsIHlvdSBnaXZlIGl0IHRvIG1lIG5vdz8=,,,,,W01pbG8gUml2ZXJdClZvY8OqIHRyb3V4ZSBjb25mb3JtZSBwcm9tZXRldSEgVW0gcGVkYcOnbyBkZSBNb3Vzc2UgZGUgQ2hvY29sYXRlLiBWb2PDqiB2YWkgbWUgZW50cmVnYXIgYWdvcmE/,,W01pbG8gUml2ZXJdCsKhVGFsIHkgY29tbyBsbyBoYWLDrWFzIHByb21ldGlkbyEgVW5hIHBvcmNpw7NuIGRlIFBhc3RlbCBkZSBNb3Vzc2UgZGUgQ2hvY29sYXRlLiDCv01lIGxhIGRhcsOhcyBhaG9yYT8=
lY6cBw,,W01pbG8gUml2ZXJdCldlbGwsIEkgc2VlLiBBbHRob3VnaCB5b3UgYXJlIGFuIGFkdmVudHVyZXIsIHRoZXkgYXJlIG5vdCBlYXN5IHRvIGdldC4gQXJlbid0IHRoZXk/CkFsbCBJIGNhbiBnZXQgYXJvdW5kIHRoaXMgcGxhY2UgaXMgYnV0dGVyIHdpdGggYW4gdW5wbGVhc2FudCBzbWVsbC4gSSBjYW4ndCBtYWtlIGFueXRoaW5nIG5pY2Ugd2l0aCBpdC4KSXQncyBqdXN0IGEgbGFjayBvZiBteSBhYmlsaXR5LCBoYWhhIQ==,,,,,W01pbG8gUml2ZXJdCkFoLCBldSBlbnRlbmRvLiBBcGVzYXIgZGUgdm9jw6ogc2VyIHVtIGF2ZW50dXJlaXJvLCBuw6NvIMOpIGbDoWNpbCBkZSBjb25zZWd1aXIuIE7Do28gw6k/ClR1ZG8gcXVlIGNvbnNpZ28gbmVzdGUgbHVnYXIgw6kgbWFudGVpZ2EgY29tIHVtIGNoZWlybyBkZXNhZ3JhZMOhdmVsLiBOw6NvIGNvbnNpZ28gZmF6ZXIgbmFkYSBib20gY29tIGlzc28uCsOJIGFwZW5hcyBmYWx0YSBkZSBoYWJpbGlkYWRlLCBoYWhhIQ==,,W01pbG8gUml2ZXJdCllhIHZlby4gQXVucXVlIHNlYXMgdHJvdGFtdW5kb3MsIG5vIHNvbiBmw6FjaWxlcyBkZSBjb25zZWd1aXIuIMK/Tm8gZXMgYXPDrT8KTG8gw7puaWNvIHF1ZSBwdWVkbyBjb25zZWd1aXIgZW4gZXN0ZSBsdWdhciBlcyBtYW50ZXF1aWxsYSBjb24gdW4gb2xvciBkZXNhZ3JhZGFibGUuIE5vIHB1ZWRvIHByZXBhcmFyIG5hZGEgcmljbyBjb24gZXNvLgrCoURlYmVyw61hIG1lam9yYXIgbWlzIGFwdGl0dWRlcywgamEsIGphIQ==
lo6cBw,,W01pbG8gUml2ZXJdCllvdSBicm91Z2h0IGl0IGFzIHlvdSBwcm9taXNlZCEgQSBib3dsIG9mIEZydWl0IE1peC4gV2lsbCB5b3UgZ2l2ZSBpdCB0byBtZSBub3c/,,,,,W01pbG8gUml2ZXJdClZvY8OqIHRyb3V4ZSBjb25mb3JtZSBwcm9tZXRldSEgVW1hIHRpZ2VsYSBkZSBTYWxhZGEgZGUgRnJ1dGFzLiBWb2PDqiB2YWkgbWUgZW50cmVnYXIgYWdvcmE/,,W01pbG8gUml2ZXJdCsKhVGFsIHkgY29tbyBsbyBoYWLDrWFzIHByb21ldGlkbyEgVW5hIGZ1ZW50ZSBkZSBFbnNhbGFkYSBkZSBGcnV0YXMuIMK/TWUgbGEgZGFyw6FzIGFob3JhPw==
l46cBw,,W01pbG8gUml2ZXJdCldlbGwsIEkgc2VlLiBBbHRob3VnaCB5b3UgYXJlIGFuIGFkdmVudHVyZXIsIHRoZXkgYXJlIG5vdCBlYXN5IHRvIGdldC4gQXJlbid0IHRoZXk/CkFsbCBJIGNhbiBnZXQgYXJvdW5kIHRoaXMgcGxhY2UgYXJlIHVucmlwZSBmcnVpdHMuIEkgY2FuJ3QgbWFrZSBhbnl0aGluZyBuaWNlIHdpdGggdGhlbS4KSXQncyBqdXN0IGEgbGFjayBvZiBteSBhYmlsaXR5LCBoYWhhIQ==,,,,,W01pbG8gUml2ZXJdCkFoLCBldSBlbnRlbmRvLiBBcGVzYXIgZGUgdm9jw6ogc2VyIHVtIGF2ZW50dXJlaXJvLCBuw6NvIMOpIGbDoWNpbCBkZSBjb25zZWd1aXIuIE7Do28gw6k/ClR1ZG8gcXVlIGNvbnNpZ28gbmVzdGUgbHVnYXIgc8OjbyBmcnV0YXMgdmVyZGVzLiBOw6NvIGNvbnNpZ28gZmF6ZXIgbmFkYSBib20gY29tIGVsYXMuCsOJIGFwZW5hcyBmYWx0YSBkZSBoYWJpbGlkYWRlLCBoYWhhIQ==,,W01pbG8gUml2ZXJdCllhIHZlby4gQXVucXVlIHNlYXMgdHJvdGFtdW5kb3MsIG5vIHNvbiBmw6FjaWxlcyBkZSBjb25zZWd1aXIuIMK/Tm8gZXMgYXPDrT8KTG8gw7puaWNvIHF1ZSBwdWVkbyBjb25zZWd1aXIgZW4gZXN0ZSBsdWdhciBzb24gZnJ1dGFzIHF1ZSB0b2RhdsOtYSBubyBlc3TDoW4gbWFkdXJhcy4gTm8gcHVlZG8gcHJlcGFyYXIgbmFkYSByaWNvIGNvbiBlc28uCsKhRGViZXLDrWEgbWVqb3JhciBtaXMgYXB0aXR1ZGVzLCBqYSwgamEh
mI6cBw,,W01pbG8gUml2ZXJdCldlbGwsIEkgc2VlLiBBbHRob3VnaCB5b3UgYXJlIGFuIGFkdmVudHVyZXIsIHRoZXkgYXJlIG5vdCBlYXN5IHRvIGdldC4gQXJlbid0IHRoZXk/,,,,,W01pbG8gUml2ZXJdCkFoLCBldSBlbnRlbmRvLiBBcGVzYXIgZGUgdm9jw6ogc2VyIHVtIGF2ZW50dXJlaXJvLCBuw6NvIMOpIGbDoWNpbCBkZSBjb25zZWd1aXIuIE7Do28gw6k/,,W01pbG8gUml2ZXJdCllhIHZlby4gQXVucXVlIHNlYXMgdHJvdGFtdW5kb3MsIG5vIHNvbiBmw6FjaWxlcyBkZSBjb25zZWd1aXIuIMK/Tm8gZXMgYXPDrT8=
mY6cBw,,W01pbG8gUml2ZXJdCkFsbCBJIGNhbiBnZXQgYXJvdW5kIHRoaXMgcGxhY2UgYXJlIGJ1dHRlciB3aXRoIGFuIHVucGxlYXNhbnQgc21lbGwgYW5kIHdpdGhlcmVkIGhlcmJzLiBJIGNhbid0IG1ha2UgYW55dGhpbmcgbmljZSB3aXRoIHRoZW0uCkl0J3MganVzdCBhIGxhY2sgb2YgbXkgYWJpbGl0eSwgaGFoYSE=,,,,,W01pbG8gUml2ZXJdClR1ZG8gcXVlIGNvbnNpZ28gbmVzdGUgbHVnYXIgw6kgbWFudGVpZ2EgY29tIHVtIGNoZWlybyBkZXNhZ3JhZMOhdmVsIGUgZXJ2YXMgbXVyY2hhcy4gTsOjbyBjb25zaWdvIGZhemVyIG5hZGEgYm9tIGNvbSBlbGFzLgrDiSBhcGVuYXMgZmFsdGEgZGUgaGFiaWxpZGFkZSwgaGFoYSE=,,W01pbG8gUml2ZXJdCkxvIMO6bmljbyBxdWUgcHVlZG8gY29uc2VndWlyIGVuIGVzdGUgbHVnYXIgZXMgbWFudGVxdWlsbGEgY29uIHVuIG9sb3IgZGVzYWdyYWRhYmxlIHkgaGllcmJhcyBtYXJjaGl0YXMuIE5vIHB1ZWRvIHByZXBhcmFyIG5hZGEgcmljbyBjb24gZXNvLgrCoURlYmVyw61hIG1lam9yYXIgbWlzIGFwdGl0dWRlcywgamEsIGphIQ==
mo6cBw,,W01pbG8gUml2ZXJdCllvISBUaGFua3MgdG8geW91ciBzdXBwb3J0LCBJJ20gc3VyZSBvdXIgc2VuaW9ycyB3aWxsIGVuam95IHRoZSB0ZWEgdGltZSB0b2RheSE=,,,,,W01pbG8gUml2ZXJdCkHDrSEgR3Jhw6dhcyBhbyBzZXUgYXBvaW8sIHRlbmhvIGNlcnRlemEgcXVlIG5vc3NvcyB2ZXRlcmFub3MgdsOjbyBnb3N0YXIgZGEgaG9yYSBkbyBjaMOhIGhvamUh,,W01pbG8gUml2ZXJdCsKhT3llISBHcmFjaWFzIGEgdHUgYXl1ZGEsIMKhZXN0b3kgc2VndXJvIGRlIHF1ZSBudWVzdHJvcyB2ZXRlcmFub3MgZGlzZnJ1dGFyw6FuIGhveSBkZSBsYSBob3JhIGRlbCB0w6kh
m46cBw,,W01pbG8gUml2ZXJdCk9vcHMuLi4gQWdhaW4/Ck5vIHRoYW5rcy4gT3VyIHNlbmlvcnMgZG9uJ3QgZWF0IHRlYSBhbmQgc25hY2tzIGZvciBldmVyeSBtZWFsISBPbmNlIGEgZGF5IGlzIGVub3VnaC4=,,,,,W01pbG8gUml2ZXJdCk9wcy4uLiBEZSBub3ZvPwpOw6NvLCBvYnJpZ2Fkby4gTm9zc29zIHZldGVyYW5vcyBuw6NvIGNvbWVtIGNow6EgZSBwZXRpc2NvcyBlbSB0b2RhcyBhcyByZWZlacOnw7VlcyEgVW1hIHZleiBhbyBkaWEgw6kgbyBzdWZpY2llbnRlLg==,,W01pbG8gUml2ZXJdClV5Li4uIMK/RGUgbnVldm8/Ck5vLCBncmFjaWFzLiBOdWVzdHJvcyB2ZXRlcmFub3MgIG5vIHRvbWFuIHTDqSBuaSBjb21lbiBib2NhZGlsbG9zIGVuIHRvZGFzIGxhcyBjb21pZGFzLiBVbmEgdmV6IGFsIGTDrWEgZXMgc3VmaWNpZW50ZS4=
nI6cBw,,W01pbG8gUml2ZXJdCkJ1dCB0aGFuayB5b3UgZm9yIHlvdXIga2luZG5lc3MuIEhhaGEh,,,,,W01pbG8gUml2ZXJdCk1hcyBvYnJpZ2FkbyBwb3Igc3VhIGJvbmRhZGUuIEhhaGEh,,W01pbG8gUml2ZXJdClBlcm8gZ3JhY2lhcyBwb3IgdHUgYW1hYmlsaWRhZC4gwqFKYSwgamEh
nY6cBw,,W01pbG8gUml2ZXJdCldvdyEgWW91IGNhbWUgYWdhaW4hIG1heSBJIGFzayB5b3UgdG8gZ2V0IHRoZSBzbmFja3MgZm9yIG91ciBzZW5pb3JzPw==,,,,,W01pbG8gUml2ZXJdClVhdSEgVm9jw6ogdmVpbyBkZSBub3ZvISBQb3NzbyBwZWRpciBhIHZvY8OqIHBhcmEgcGVnYXIgcGV0aXNjb3MgcGFyYSBub3Nzb3MgdmV0ZXJhbm9zPw==,,W01pbG8gUml2ZXJdCsKhR3VhdSEgwqFWaW5pc3RlIGRlIG51ZXZvISDCv1B1ZWRvIHBlZGlydGUgcXVlIHRyYWlnYXMgbG9zIGJvY2FkaWxsb3MgcGFyYSBudWVzdHJvcyBhZHVsdG9zIG1heW9yZXM/
no6cBw,,W01pbG8gUml2ZXJdCldoYXQgaGF2ZSB5b3UgYnJvdWdodD8gSSB3aWxsIHJlYWQgdGhlIGxpc3QgZnJvbSBub3cgb24uIFRlbGwgbWUgd2hhdCB5b3UgYnJvdWdodCE=,,,,,W01pbG8gUml2ZXJdCk8gcXVlIHZvY8OqIHRyb3V4ZT8gRXUgdm91IGxlciBhIGxpc3RhIGFnb3JhLiBEaWdhLW1lIG8gcXVlIHZvY8OqIHRyb3V4ZSE=,,W01pbG8gUml2ZXJdCsK/UXXDqSB0cmFqaXN0ZT8gQSBwYXJ0aXIgZGUgYWhvcmEsIGxlZXLDqSBsYSBsaXN0YS4gwqFEaW1lIHF1w6kgdHJhamlzdGUh
n46cBw,,R3JhcGUgSGVyYiB0ZWE=,,,,,Q2jDoSBkZSBFcnZhcyBjb20gVXZh,,VMOpIGRlIEhpZXJiYXMgY29uIFV2YXM=
oI6cBw,,T3JjaGlkIEJsYWNrIHRlYQ==,,,,,Q2jDoSBWZXJtZWxobyBkZSBPdXRvbm8=,,VMOpIFJvam8gZGUgT3Rvw7Fv
oY6cBw,,SG9uZXkgSGVyYiB0ZWE=,,,,,Q2jDoSBkZSBFcnZhcyBlIE1lbA==,,VMOpIGRlIEhpZXJiYXMgY29uIE1pZWw=
oo6cBw,,Q2hvY29sYXRlIG1vdXNzZSBDYWtl,,,,,TW91c3NlIGRlIENob2NvbGF0ZQ==,,UGFzdGVsIGRlIE1vdXNzZSBkZSBDaG9jb2xhdGU=
o46cBw,,W01pbG8gUml2ZXJdCllvdSBicm91Z2h0IGl0IGFzIHlvdSBwcm9taXNlZCEgQSBjdXAgb2YgT3JjaGlkIEJsYWNrIHRlYS4gV2lsbCB5b3UgZ2l2ZSBpdCB0byBtZSBub3c/,,,,,W01pbG8gUml2ZXJdClZvY8OqIHRyb3V4ZSBjb25mb3JtZSBwcm9tZXRldSEgVW1hIHjDrWNhcmEgZGUgY2jDoSBkZSBFcnZhcyBjb20gVXZhLiBWb2PDqiB2YWkgbWUgZW50cmVnYXIgYWdvcmE/,,W01pbG8gUml2ZXJdCsKhVGFsIHkgY29tbyBsbyBoYWLDrWFzIHByb21ldGlkbyEgVW5hIHRhemEgZGUgVMOpIGRlIEhpZXJiYXMgY29uIFV2YXMuIMK/TWUgbGEgZGFyw6FzIGFob3JhPw==
pI6cBw,,W01pbG8gUml2ZXJdCldlbGwsIEkgc2VlLiBBbHRob3VnaCB5b3UgYXJlIGFuIGFkdmVudHVyZXIsIHRoZXkgYXJlIG5vdCBlYXN5IHRvIGdldC4gQXJlbid0IHRoZXk/CkFsbCBJIGNhbiBnZXQgYXJvdW5kIHRoaXMgcGxhY2UgYXJlIHRlYSBsZWF2ZXMgd2l0aCB1bnBsZWFzYW50IHNtZWxsLiBJIGNhbid0IG1ha2UgYW55dGhpbmcgbmljZSB3aXRoIHRoZW0uCkl0J3MganVzdCBhIGxhY2sgb2YgbXkgYWJpbGl0eSwgaGFoYSE=,,,,,W01pbG8gUml2ZXJdCkFoLCBldSBlbnRlbmRvLiBBcGVzYXIgZGUgdm9jw6ogc2VyIHVtIGF2ZW50dXJlaXJvLCBuw6NvIMOpIGbDoWNpbCBkZSBjb25zZWd1aXIuIE7Do28gw6k/ClR1ZG8gcXVlIGNvbnNpZ28gbmVzdGUgbHVnYXIgc8OjbyBmb2xoYXMgZGUgY2jDoSBjb20gdW0gY2hlaXJvIGRlc2FncmFkw6F2ZWwuIE7Do28gY29uc2lnbyBmYXplciBuYWRhIGJvbSBjb20gZWxhcy4Kw4kgYXBlbmFzIGZhbHRhIGRlIGhhYmlsaWRhZGUsIGhhaGEh,,W01pbG8gUml2ZXJdCllhIHZlby4gQXVucXVlIHNlYXMgdHJvdGFtdW5kb3MsIG5vIHNvbiBmw6FjaWxlcyBkZSBjb25zZWd1aXIuIMK/Tm8gZXMgYXPDrT8KTG8gw7puaWNvIHF1ZSBwdWVkbyBjb25zZWd1aXIgZW4gZXN0ZSBsdWdhciBzb24gaG9qYXMgZGUgdMOpIGNvbiB1biBvbG9yIGRlc2FncmFkYWJsZS4gTm8gcHVlZG8gcHJlcGFyYXIgbmFkYSByaWNvIGNvbiBlc28uCsKhRGViZXLDrWEgbWVqb3JhciBtaXMgYXB0aXR1ZGVzLCBqYSwgamEh
pY6cBw,,W01pbG8gUml2ZXJdCkhleSwgYWR2ZW50dXJlci4gRG8geW91IGtub3cgdGhlIGlkb2wgb2Ygb3VyIHVuaXQ/CkFpZ3U/IEhlaGUuIEFpZ3UgaXMgZXZlcnlvbmUncyBpZG9sLg==,,,,,W01pbG8gUml2ZXJdCkVpLCB2aWFqYW50ZS4gVm9jw6ogY29uaGVjZSBvIMOtZG9sbyBkYSBub3NzYSB1bmlkYWRlPwpJZ3U/IEhlaGUuIElndSDDqSBhIMOtZG9sbyBkZSB0b2RvIG11bmRvLg==,,W01pbG8gUml2ZXJdCkhvbGEsIHRyb3RhbXVuZG9zLiDCv0Nvbm9jZXMgYSBsYSDDrWRvbGEgZGUgbnVlc3RyYSB1bmlkYWQ/CsK/QWlndT8gSmUsIGplLiBBaWd1IGVzIGxhIMOtZG9sYSBkZSB0b2Rvcy4=
po6cBw,,W01pbG8gUml2ZXJdCkl0IGlzIHRoZSBiZWF1dGlmdWwgY2F0IHdobyBzdGF5cyByaWdodCBoZXJlISBJbnNpZGUgdGhlIGJhc2tldCBiZW5lYXRoIHRoaXMgc3RhaXJ3YXku,,,,,W01pbG8gUml2ZXJdCsOJIGEgZ2F0YSBsaW5kYSBxdWUgZmljYSBiZW0gYXF1aSEgRGVudHJvIGRhIGNlc3RhIGVtYmFpeG8gZGVzdGEgZXNjYWRhcmlhLg==,,W01pbG8gUml2ZXJdCsKhRXMgbGEgaGVybW9zYSBnYXRhIHF1ZSBzZSBxdWVkYSBqdXN0byBhcXXDrSEgRGVudHJvIGRlIGxhIGNlc3RhIGRlYmFqbyBkZSBlc3RhIGVzY2FsZXJhLg==
p46cBw,,W01pbG8gUml2ZXJdCkl0J3MgbmFtZSBpcyBDaGFyaXR5ISBTb21lIGd1eXMgc2F5IGl0IGlzIEFydW5hZmVsdHogUHVyZWJyZWQgTGFoZXJpbiBTaG9ydGhhaXIuIEFjdHVhbGx5IHNoZSBqdXN0IGNhbWUgdG8gdXMgYW5kIHN0YXJ0ZWQgbGl2aW5nIHRvZ2V0aGVyLiBTbyB3ZSBkb24ndCBrbm93IGhlciBicmVlZCBvciBhZ2Uu,,,,,W01pbG8gUml2ZXJdClNldSBub21lIMOpIENoYXJpdHkhIEFsZ3VucyBjYXJhcyBkaXplbSBxdWUgw6kgdW1hIExhaGVyaW4gcHVyby1zYW5ndWUgZGUgcGVsb3MgY3VydG9zIGRlIEFydW5hZmVsdHouIE5hIHZlcmRhZGUsIGVsYSBzw7MgdmVpbyBhdMOpIGFxdWkgZSBjb21lw6dvdSBhIHZpdmVyIGNvbm9zY28uIEVudMOjbyBuw6NvIHNhYmVtb3Mgc3VhIHJhw6dhIG91IGlkYWRlLg==,,W01pbG8gUml2ZXJdCsKhU2UgbGxhbWEgQ2hhcml0eSEgQWxndW5vcyBkaWNlbiBxdWUgZXMgdW5hIExhaGVyaW4gZGUgcGVsbyBjb3J0byBwdXJhIGRlIEFydW5hZmVsdHouIEVuIHJlYWxpZGFkLCB2aW5vIGhhY2lhIGEgbm9zb3Ryb3MgeSBlbXBlemFtb3MgYSB2aXZpciBqdW50b3MuIEFzw60gcXVlIG5vIHNhYmVtb3Mgc3UgcmF6YSBuaSBzdSBlZGFkLg==
qI6cBw,,W01pbG8gUml2ZXJdClRoZSBpbXBvcnRhbnQgdGhpbmcgaXMsIENoYXJpdHkgaXMgc28gbG92ZWx5IGFuZCBjdXRlIQ==,,,,,W01pbG8gUml2ZXJdCk8gbWFpcyBpbXBvcnRhbnRlIMOpIHF1ZSBDaGFyaXR5IMOpIHTDo28gYW3DoXZlbCBlIGZvZmEh,,W01pbG8gUml2ZXJdCkxvIGltcG9ydGFudGUgZXMgcXVlIENoYXJpdHkgZXMgZW5jYW50YWRvcmEgeSBhZG9yYWJsZS4=
qY6cBw,,W01pbG8gUml2ZXJdCkJ5IHRoZSB3YXkuLi4gQ2hhcml0eSBsb3ZlcyBzdHJvbGxpbmcgYW5kIHNoZSBzcGVuZHMgYWJvdXQgaGFsZiBvZiB0aGUgZGF5IHdhbmRlcmluZyBvdXRzaWRlLiBMb29rIGF0IHRoaXMuIEkgZ2F2ZSBoZXIgZm9yYWdlIHRoaXMgbW9ybmluZyBhbmQgc2hlIGhhc24ndCBlYXRlbiBoYWxmIG9mIGl0IHlldC4=,,,,,W01pbG8gUml2ZXJdCkZhbGFuZG8gbmlzc28uLi4gQSBDaGFyaXR5IGFtYSBwYXNzZWFyIGUgZWxhIHBhc3NhIG1ldGFkZSBkbyBkaWEgdmFnYW5kbyBsw6EgZm9yYS4gT2xoYSBzw7MgaXNzby4gRXUgZGVpIGNvbWlkYSBwYXJhIGVsYSBlc3RhIG1hbmjDoyBlIGVsYSBhaW5kYSBuw6NvIGNvbWV1IG5lbSBtZXRhZGUu,,W01pbG8gUml2ZXJdClBvciBjaWVydG8uLi4gQSBDaGFyaXR5IGxlIGVuY2FudGEgcGFzZWFyIHkgc2UgcGFzYSBtZWRpbyBkw61hIGRhbmRvIHZ1ZWx0YXMgcG9yIGFow60uIE1pcmEuIExlIGRpIGRlIGNvbWVyIGVzdGEgbWHDsWFuYSB5IHRvZGF2w61hIG5vIHNlIGhhIGNvbWlkbyBuaSBsYSBtaXRhZC4=
qo6cBw,,W01pbG8gUml2ZXJdClBlcmhhcHMgc29tZWJvZHkgaXMgZmVlZGluZyBoZXIgb3V0c2lkZS4uLiBCdXQgSSB3YW50IHRvIGZlZWQgaGVyIGdvb2QgZm9yYWdlLiBJZiBzb21lYm9keSBnaXZlcyBoZXIgcm90dGVuIGZvb2QuLi4gSXQgbXVzdCBub3QgaGFwcGVuLg==,,,,,W01pbG8gUml2ZXJdClRhbHZleiBhbGd1w6ltIGEgZXN0ZWphIGFsaW1lbnRhbmRvIGzDoSBmb3JhLi4uIE1hcyBldSBxdWVybyBhbGltZW50w6EtbGEgY29tIGNvbWlkYSBib2EuIFNlIGFsZ3XDqW0gZGVyIGNvbWlkYSBlc3RyYWdhZGEgcGFyYSBlbGEuLi4gSXNzbyBuw6NvIGRldmUgYWNvbnRlY2VyLg==,,W01pbG8gUml2ZXJdClF1aXrDoXMgYWxndWllbiBsYSBlc3TDqSBhbGltZW50YW5kbyBhZnVlcmEuLi4gUGVybyB5byBxdWllcm8gZGFybGUgYnVlbmEgY29taWRhLiBTaSBhbGd1aWVuIGxlIGRhIGNvbWlkYSBlbiBtYWwgZXN0YWRvLi4uIEVzbyBubyBkZWJlcsOtYSBwYXNhci4=
q46cBw,,W01pbG8gUml2ZXJdClNoZSBzaG91bGRuJ3QgYmUgZmF5IGF3YXkuIENvdWxkIHlvdSBwbGVhc2UgZmluZCBDaGFyaXR5IGluIEVpbmJlY2g/,,,,,W01pbG8gUml2ZXJdCkVsYSBuw6NvIGRldmUgZXN0YXIgbG9uZ2UuIFZvY8OqIHBvZGVyaWEgZW5jb250cmFyIENoYXJpdHkgZW0gRWluYmVjaD8=,,W01pbG8gUml2ZXJdCk5vIGRlYmVyw61hIGVzdGFyIGxlam9zLiDCv1BvZHLDrWFzIGVuY29udHJhciBhIENoYXJpdHkgZW4gRWluYmVjaD8=
rI6cBw,,W01pbG8gUml2ZXJdClRoZXNlIEFuY2hvdnkgY29va2llcyBhcmUgQ2hhcml0eSdzIGZhdm9yaXRlIHNuYWNrLiBQdXQgdGhlIGNvb2tpZXMgb24gXjAwMDBDRGJlbmNoZXMgaW4gdmFyaW91cyBwbGFjZXMgb2YgdGhlIHZpbGxhZ2VeMDAwMDAwIGFuZCBjYWxsIENoYXJpdHkuIElmIHNoZSBjb21lcyBvdXQsIHBsZWFzZSBicmluZyBoZXIgdG8gbWUu,,,,,W01pbG8gUml2ZXJdCkVzc2VzIGJpc2NvaXRvcyBkZSBBbmNob3ZhIHPDo28gbyBwZXRpc2NvIGZhdm9yaXRvIGRhIENoYXJpdHkuIENvbG9xdWUgb3MgYmlzY29pdG9zIGVtIF4wMDAwQ0RiYW5jb3MgZGUgdsOhcmlvcyBsdWdhcmVzIGRhIHZpbGFeMDAwMDAwIGUgY2hhbWUgYSBDaGFyaXR5LiBTZSBlbGEgYXBhcmVjZXIsIHRyYWdhLWEgZGUgdm9sdGEgcGFyYSBtaW0u,,W01pbG8gUml2ZXJdCkVzdGFzIEdhbGxldGFzIGRlIEFuY2hvYSBzb24gZWwgYm9jYWRpbGxvIGZhdm9yaXRvIGRlIENoYXJpdHkuIFBvbiBsYXMgZ2FsbGV0YXMgZW4gXjAwMDBDRGJhbmNvcyBlbiBkaXN0aW50b3MgbHVnYXJlcyBkZWwgcHVlYmxvXjAwMDAwMCB5IGxsYW1hIGEgQ2hhcml0eS4gU2kgYXBhcmVjZSwgdHLDoWVsYSBkZSB2dWVsdGEgY29ubWlnby4=
rY6cBw,,W01pbG8gUml2ZXJdCklmIHNoZSBkb2Vzbid0IGNvbWUgb3V0Li4uIFlvdSBjYW4gZ28gc29tZXdoZXJlIGVsc2UgdG8gZmluZCBoZXIuIE1heWJlIHNoZSBjYW5ub3QgaGVhciB5b3UgYXQgb25jZS4gSW4gdGhhdCBjYXNlLCBwdXQgQW5jaG92eSBjb29raWVzIG9uIHRoZSBiZW5jaCBhbmQgY2FsbCBDaGFyaXR5IGFnYWluLg==,,,,,W01pbG8gUml2ZXJdClNlIGVsYSBuw6NvIGFwYXJlY2VyLi4uIFZvY8OqIHBvZGUgaXIgYSBvdXRybyBsdWdhciBwYXJhIGVuY29udHLDoS1sYS4gVGFsdmV6IGVsYSBuw6NvIHRlIG91w6dhIGltZWRpYXRhbWVudGUuIE5lc3NlIGNhc28sIGNvbG9xdWUgb3MgYmlzY29pdG9zIGRlIEFuY2hvdmEgbm8gYmFuY28gZSBjaGFtZSBhIENoYXJpdHkgZGUgbm92by4=,,W01pbG8gUml2ZXJdClNpIG5vIGFwYXJlY2UuLi4gUHVlZGVzIGlyIGEgb3RybyBzaXRpbyBhIGJ1c2NhcmxhLiBRdWl6w6Egbm8gcHVlZGEgb8OtcnRlIGxhIHByaW1lcmEgdmV6LiBFbiBlc2UgY2FzbywgcG9uIGxhcyBHYWxsZXRhcyBkZSBBbmNob2EgZW4gbGEgYmFuY2EgeSB2dWVsdmUgYSBsbGFtYXIgYSBDaGFyaXR5Lg==
ro6cBw,,W01pbG8gUml2ZXJdCkkgaGF2ZSB0byBwcmVwYXJlIHRoZSBtZWFsIGZvciBnbHV0dG9ucy4uLiBDb3VsZCB5b3UgZ28gYnJpbmcgQ2hhcml0eT8=,,,,,W01pbG8gUml2ZXJdCkV1IHByZWNpc28gcHJlcGFyYXIgYSBjb21pZGEgcGFyYSBvcyBlc2ZvbWVhZG9zLi4uIFBvZGVyaWEgaXIgYnVzY2FyIGEgQ2hhcml0eT8=,,W01pbG8gUml2ZXJdClRlbmdvIHF1ZSBwcmVwYXJhciBsYSBjb21pZGEgcGFyYSBsb3MgZ2xvdG9uZXMuLi4gwr9Qb2Ryw61hcyBpciBhIGJ1c2NhciBhIENoYXJpdHk/
r46cBw,,U2F5IHllcy4=,,,,,RGlnYSBxdWUgc2ltLg==,,RGVjaXIgcXVlIHPDrS4=
sI6cBw,,UmVqZWN0Lg==,,,,,UmVjdXNhci4=,,RGVjaXIgcXVlIG5vLg==
sY6cBw,,W01pbG8gUml2ZXJdClRoYW5rIHlvdSEgSSB3aWxsIGdpdmUgeW91IGVub3VnaCBBbmNob3Z5IGNvb2tpZXMuClRoZXkgYXJlIGZvciBjYXRzLiBHaXZlIHRoZW0gdG8gQ2hhcml0eSBhbmQgYnJpbmcgYmFjayB0aGUgcmVzdCBvZiB0aGVtLiBNYWtlIHN1cmUgeW91IGRvbid0IGVhdCB0aGVtLg==,,,,,W01pbG8gUml2ZXJdCk9icmlnYWRvISBWb3UgdGUgZGFyIGJpc2NvaXRvcyBkZSBBbmNob3ZhIHN1ZmljaWVudGVzLgpFbGVzIHPDo28gcGFyYSBnYXRvcy4gRMOqIGVsZXMgcGFyYSBhIENoYXJpdHkgZSB0cmFnYSBvIHF1ZSBzb2JyYXIgZGUgdm9sdGEuIExlbWJyZS1zZSBkZSBuw6NvIGNvbcOqLWxvcy4=,,W01pbG8gUml2ZXJdCsKhR3JhY2lhcyEgVGUgZGFyw6kgc3VmaWNpZW50ZXMgR2FsbGV0YXMgZGUgQW5jaG9hLgpTb24gcGFyYSBnYXRvcy4gRMOhc2VsYXMgYSBDaGFyaXR5IHkgdHJhZSBlbCByZXN0by4gTm8gdGUgbGFzIGNvbWFzLg==
so6cBw,,W01pbG8gUml2ZXJdCk9oLCB3YWl0IGEgYSBtb21lbnQuIFdoeSBkbyB5b3UgaGF2ZSBzbyBtdWNoIHN0dWZmIGluIHlvdXIgYmFnPw==,,,,,W01pbG8gUml2ZXJdCkFoLCBlc3BlcmUgdW0gbW9tZW50by4gUG9yIHF1ZSB2b2PDqiB0ZW0gdGFudGEgY29pc2EgbmEgc3VhIG1vY2hpbGE/,,W01pbG8gUml2ZXJdCk9oLCBlc3BlcmEgdW4gbW9tZW50by4gwr9Qb3IgcXXDqSBsbGV2YXMgdGFudGFzIGNvc2FzIGVuIGVsIGJvbHNvPw==
s46cBw,,W01pbG8gUml2ZXJdCklmIHlvdSBjYXJyeSBzdWNoIGEgaGVhdnkgYmFnLCB5b3Ugd29uJ3QgZXZlbiBjaGFzZSBDaGFyaXR5IHdoZW4gc2hlIGVzY2FwZXMuIE1ha2UgeW91ciBiYWcgbGlnaHRlciBhbmQgY29tZSBiYWNrLg==,,,,,W01pbG8gUml2ZXJdClNlIHZvY8OqIGNhcnJlZ2FyIHVtYSBtb2NoaWxhIHTDo28gcGVzYWRhLCBuw6NvIHZhaSBjb25zZWd1aXIgcGVyc2VndWlyIGEgQ2hhcml0eSBxdWFuZG8gZWxhIGVzY2FwYXIuIERlaXhlIHN1YSBtb2NoaWxhIG1haXMgbGV2ZSBlIHZvbHRlIGFxdWku,,W01pbG8gUml2ZXJdClNpIGxsZXZhcyB1biBib2xzbyB0YW4gcGVzYWRvLCBubyBwb2Ryw6FzIHBlcnNlZ3VpciBhIENoYXJpdHkgY3VhbmRvIHNlIGVzY2FwZS4gRGVzaGF6dGUgZGUgYWxndW5hcyBjb3NhcyB5IHJlZ3Jlc2Eu
tI6cBw,,W01pbG8gUml2ZXJdCkNoYXJpdHkuLi4gWW91J3JlIGdldHRpbmcgbGF0ZS4gSSBob3BlIG5vdGhpbmcgaGFwcGVuZWQgdG8geW91LgpJJ20gc3VyZSBwZW9wbGUgd2lsbCBzdG9wIGhlciBmcm9tIHJ1c2hpbmcgdG8gdGhlIHRyYWluIG9mIGVudGVyaW5nIHRoZSBtaW5lLiBSaWdodD8=,,,,,W01pbG8gUml2ZXJdCkNoYXJpdHkuLi4gVm9jw6ogZXN0w6EgYXRyYXNhZGEuIEVzcGVybyBxdWUgbmFkYSB0ZW5oYSBhY29udGVjaWRvIGNvbSB2b2PDqi4KVGVuaG8gY2VydGV6YSBxdWUgYXMgcGVzc29hcyB2w6NvIGltcGVkaS1sYSBkZSBjb3JyZXIgcGFyYSBvIHRyZW0gb3UgZW50cmFyIG5hIG1pbmEuIENlcnRvPw==,,W01pbG8gUml2ZXJdCkNoYXJpdHkuLi4gU2UgZXN0w6EgaGFjaWVuZG8gdGFyZGUuIEVzcGVybyBxdWUgbm8gdGUgaGF5YSBwYXNhZG8gbmFkYS4gU2VndXJvIHF1ZSB0ZSBpbXBlZGlyw6FuIGNvcnJlciBoYWNpYSBlbCB0cmVuIG8gZW50cmFyIGVuIGxhIG1pbmEuIMK/VmVyZGFkPw==
tY6cBw,,W01pbG8gUml2ZXJdCkhleSEgUGxlYXNlIHNheSB5ZXMuIEFtIEkgcmlnaHQ/IFBlb3BsZSBsaWtlIHlvdSB3aWxsIHByb3RlY3QgaGVyLCB3b24ndCB0aGV5Pw==,,,,,W01pbG8gUml2ZXJdCkVpISBQb3IgZmF2b3IsIGRpZ2Egc2ltLiBOw6NvIGVzdG91IGNlcnRvPyBQZXNzb2FzIGNvbW8gdm9jw6ogdsOjbyBwcm90ZWfDqi1sYSwgbsOjbyB2w6NvPw==,,W01pbG8gUml2ZXJdCsKhT3llISBQb3IgZmF2b3IsIGRpIHF1ZSBzw60uIMK/RXN0b3kgZW4gbG8gY29ycmVjdG8/IExhcyBwZXJzb25hcyBjb21vIHTDuiBsYSBwcm90ZWdlcsOhbiwgwr92ZXJkYWQ/
to6cBw,,W01pbG8gUml2ZXJdCkhhdmUgeW91IGZvdW5kIENoYXJpdHk/IElmIHNoZSBkb2Vzbid0IHNob3cgdXAsIGNhbGwgaGVyIHNldmVyYWwgdGltZXMgb24gdGhlIHNhbWUgc3BvdC4KV2hvIGtub3dzPyBTaGUgbWlnaHQgYmUgYWZyYWlkIG9mIHlvdSBiZWNhdXNlIHlvdSBhcmUgYSBzdHJhbmdlci4gQ2hhcml0eSBpcyBhIHNtYXJ0IGNhdC4gU2hvdyBoZXIgdGhhdCB5b3UgYXJlIGhhcm1sZXNzLg==,,,,,W01pbG8gUml2ZXJdClZvY8OqIGVuY29udHJvdSBDaGFyaXR5PyBTZSBlbGEgbsOjbyBhcGFyZWNlciwgY2hhbWUgdsOhcmlhcyB2ZXplcyBubyBtZXNtbyBsdWdhci4KUXVlbSBzYWJlPyBFbGEgcG9kZSBlc3RhciBjb20gbWVkbyBkZSB2b2PDqiBwb3JxdWUgdm9jw6ogw6kgdW0gZXN0cmFuaG8uIENoYXJpdHkgw6kgdW1hIGdhdGEgZXNwZXJ0YS4gTW9zdHJlIGEgZWxhIHF1ZSB2b2PDqiDDqSBpbm9mZW5zaXZvLg==,,W01pbG8gUml2ZXJdCsK/RW5jb250cmFzdGUgYSBDaGFyaXR5PyBTaSBubyBhcGFyZWNlLCBsbMOhbWFsYSB2YXJpYXMgdmVjZXMgZGVzZGUgZWwgbWlzbW8gbHVnYXIuCsK/UXVpw6luIHNhYmU/IEVzIHBvc2libGUgcXVlIHRlIHRlbmdhIG1pZWRvIHBvcnF1ZSBlcmVzIHVuIGRlc2Nvbm9jaWRvLiBDaGFyaXR5IGVzIHVuYSBnYXRhIGludGVsaWdlbnRlLiBEZW11w6lzdHJhbGUgcXVlIG5vIGxlIGhhcsOhcyBkYcOxby4=
t46cBw,,W01pbG8gUml2ZXJdCk9vcHM/IFlvdSd2ZSBjb21lIGJhY2sgaW4gZW1wdHkgaGFuZHMuIFdoZXJlIGFyZSB5b3VyIEFuY2hvdnkgY29va2llcz8gSGF2ZSB5b3UgcnVuIG91dCBvZiB0aGVtIGFscmVhZHk/,,,,,W01pbG8gUml2ZXJdCk9wcz8gVm9jw6ogdm9sdG91IGRlIG3Do29zIGFiYW5hbmRvLiBPbmRlIGVzdMOjbyBzZXVzIGJpc2NvaXRvcyBkZSBBbmNob3ZhPyBFbGVzIGrDoSBhY2FiYXJhbT8=,,W01pbG8gUml2ZXJdCsK/TW0/IFZvbHZpc3RlIGNvbiBsYXMgbWFub3MgdmFjw61hcy4gwr9Ew7NuZGUgZXN0w6FuIHR1cyBHYWxsZXRhcyBkZSBhbmNob2E/IMK/WWEgc2UgdGUgdGVybWluYXJvbj8=
uI6cBw,,W01pbG8gUml2ZXJdCi4uLkRvbid0IHRlbGwgbWUgeW91IGF0ZSB0aGVtIGFsbC4KSSBuZXZlciB0aG91Z2h0IHRoYXQgeW91J2QgYWN0dWFsbHkgZWF0IHRoZW0uIERpZCB5b3UgZWF0IHRoZW0/,,,,,W01pbG8gUml2ZXJdCi4uLk7Do28gbWUgZGlnYSBxdWUgdm9jw6ogY29tZXUgdG9kb3MgZWxlcy4KTnVuY2EgaW1hZ2luZWkgcXVlIHZvY8OqIHJlYWxtZW50ZSBvcyBjb21lcmlhLiBWb2PDqiBvcyBjb21ldT8=,,W01pbG8gUml2ZXJdCi4uLk5vIG1lIGRpZ2FzIHF1ZSB0ZSBsYXMgY29taXN0ZSB0b2Rhcy4KTnVuY2EgcGVuc8OpIHF1ZSB0ZSBsYXMgY29tZXLDrWFzLiDCv1RlIGxhcyBjb21pc3RlPw==
uY6cBw,,W01pbG8gUml2ZXJdCk9oLCBJJ20ga2lkZGluZy4gRGlkIENoYXJpdHkgc3RlYWwgdGhlbSBmcm9tIHlvdT8gU2hlJ3Mgc28gZmFzdCBhbmQgc2hlIGNhbiBkbyB0aGF0Lg==,,,,,W01pbG8gUml2ZXJdCkFoLCBlc3RvdSBicmluY2FuZG8uIEEgQ2hhcml0eSBvcyByb3Vib3UgZGUgdm9jw6o/IEVsYSDDqSB0w6NvIHLDoXBpZGEgcXVlIHBvZGUgZmF6ZXIgaXNzby4=,,W01pbG8gUml2ZXJdCk9oLCBlc3RveSBicm9tZWFuZG8uIMK/VGUgbGFzIHJvYsOzIENoYXJpdHk/IEVzIG11eSByw6FwaWRhIHkgcHVlZGUgaGFjZXJsby4=
uo6cBw,,W01pbG8gUml2ZXJdCkFueXdheSwgSSdsbCBnaXZlIHlvdSB0aGUgQW5jaG92eSBjb29raWVzIGFnYWluLiBQbGVhc2Uga2VlcCB0aGVtIHNhZmUuIFRoaXMgdGltZSwgeW91IHJldHVybiB3aXRoIENoYXJpdHkgYW5kIEFuY2hvdnkgY29va2llcyE=,,,,,W01pbG8gUml2ZXJdCkJvbSwgZGFyZWkgYSB2b2PDqiBvcyBiaXNjb2l0b3MgZGUgQW5jaG92YSBkZSBub3ZvLiBQb3IgZmF2b3IsIGd1YXJkZS1vcyBlbSBzZWd1cmFuw6dhLiBEZXN0YSB2ZXosIHZvbHRlIGNvbSBhIENoYXJpdHkgZSBjb20gb3MgYmlzY29pdG9zIGRlIEFuY2hvdmEh,,W01pbG8gUml2ZXJdCkNvbW8gc2VhLCB0ZSBkYXLDqSBtw6FzIEdhbGxldGFzIGRlIGFuY2hvYS4gUG9yIGZhdm9yLCBjdcOtZGFsYXMuIMKhRXN0YSB2ZXosIHJlZ3Jlc2EgY29uIGxhcyBHYWxsZXRhcyBkZSBBbmNob2EgeSBDaGFyaXR5IQ==
u46cBw,,W01pbG8gUml2ZXJdCk9oLCBpdCdzIGJlZW4gYSBsb25nIHRpbWUgc2luY2UgQ2hhcml0eSB3ZW50IG91dC4gU2hlIGF0ZSBhbGwgdGhlIGZvcmFnZSEKTWF5YmUgc2hlIHdpbGwgY29tZSBiYWNrIGFmdGVyIGVuam95aW5nIGhlciBzdHJvbGwuIElmIHNoZSBkb2Vzbid0IGNvbWUgYmFjaywgcGxlYXNlIGZpbmQgaGVyIGFnYWluIQ==,,,,,W01pbG8gUml2ZXJdCkFoLCBqw6EgZmF6IG11aXRvIHRlbXBvIHF1ZSBhIENoYXJpdHkgc2FpdS4uLiBFbGEgY29tZXUgdG9kYSBhIGNvbWlkYSEKVGFsdmV6IGVsYSB2b2x0ZSBkZXBvaXMgZGUgYXByb3ZlaXRhciBzZXUgcGFzc2Vpby4gU2UgZWxhIG7Do28gdm9sdGFyLCBwb3IgZmF2b3IsIGVuY29udHJlLWEgbm92YW1lbnRlIQ==,,W01pbG8gUml2ZXJdCk9oLCB5YSBwYXPDsyBtdWNobyB0aWVtcG8gZGVzZGUgcXVlIHNlIGZ1ZSBDaGFyaXR5LiDCoVNlIGNvbWnDsyB0b2RhIGxhIGNvbWlkYSEKUXVpesOhIHZ1ZWx2YSBkZXNwdcOpcyBkZSBkaXNmcnV0YXIgZGUgc3UgcGFzZW8uIFNpIG5vIHZ1ZWx2ZSwgwqFwb3IgZmF2b3IsIGVuY3XDqW50cmFsYSBkZSBudWV2byE=
vI6cBw,,W01pbG8gUml2ZXJdCkhtbS4uLiBJdCdzIGJlZW4gYSB3aGlsZSBzaW5jZSBDaGFyaXR5IHdlbnQgb3V0Li4uCkJ1dCBub3Qgc3VjaCBhIGxvbmcgdGltZSBmb3IgdXMgdG8gd29ycnkgYWJvdXQgaGVyLg==,,,,,W01pbG8gUml2ZXJdCkh1bW0uLi4gSsOhIGZheiB1bSB0ZW1wbyBkZXNkZSBxdWUgYSBDaGFyaXR5IHNhaXUuLi4KTWFzIG7Do28gdGFudG8gdGVtcG8gcGFyYSBub3MgcHJlb2N1cGFybW9zIGNvbSBlbGEu,,W01pbG8gUml2ZXJdCk1tbS4uLiBIYWNlIGJhc3RhbnRlIHRpZW1wbyBxdWUgc2UgZnVlIENoYXJpdHkuLi4KUGVybyBubyB0YW50byBjb21vIHBhcmEgcHJlb2N1cGFybm9zIHBvciBlbGxhLg==
vY6cBw,,W01pbG8gUml2ZXJdClRvIHRlbGwgdGhlIHRydXRoISEgSSB3YW50IHRvIHNlZSBDaGFyaXR5ISEgSSB3YW50IHRvIHBldCBoZXIhISBJIG1pc3MgaGVyIHNvIG11Y2gh,,,,,W01pbG8gUml2ZXJdClBhcmEgZmFsYXIgYSB2ZXJkYWRlISEgRXUgcXVlcm8gdmVyIGEgQ2hhcml0eSEhIEV1IHF1ZXJvIGFjYXJpY2nDoS1sYSEhIEV1IHNpbnRvIHRhbnRhIGZhbHRhIGRlbGEhIQ==,,W01pbG8gUml2ZXJdCkEgZGVjaXIgdmVyZGFkLi4uIMKhUXVpZXJvIHZlciBhIENoYXJpdHkhIMKhUXVpZXJvIGFjYXJpY2lhcmxhISDCoUxhIGV4dHJhw7FvIG11Y2hvIQ==
vo6cBw,,W01pbG8gUml2ZXJdCi4uLlNvLCBsZXQgbWUgZ2l2ZSB5b3UgQW5jaG92eSBjb29raWVzIGFnYWluLiBQbGVhc2UgZmluZCBDaGFyaXR5LgpQdXQgdGhlbSBvbiBeMDAwMENEVmlsbGFnZSBCZW5jaF4wMDAwMDAgaW4gRWluYmVjaCBhbmQgY2FsbCBDaGFyaXR5LiBXaWxsIHlvdSBoZWxwIG1lPw==,,,,,W01pbG8gUml2ZXJdCi4uLkVudMOjbyBkZWl4ZS1tZSBkYXIgYmlzY29pdG9zIGRlIEFuY2hvdmEgZGUgbm92by4gUG9yIGZhdm9yLCBlbmNvbnRyZSBDaGFyaXR5LgpDb2xvcXVlLW9zIG5vIF4wMDAwQ0RiYW5jb14wMDAwMDAgZW0gRWluYmVjaCBlIGNoYW1lIGEgQ2hhcml0eS4gVm9jw6ogdmFpIG1lIGFqdWRhcj8=,,W01pbG8gUml2ZXJdCi4uLkFzw60gcXVlIGTDqWphbWUgZGFydGUgbcOhcyBHYWxsZXRhcyBkZSBBbmNob2EuIFBvciBmYXZvciwgZW5jdWVudHJhIGEgQ2hhcml0eS4KUG9ubGFzIGVuIF4wMDAwQ0Rsb3MgYmFuY29zXjAwMDAwMCBkZSBFaW5iZWNoIHkgbGxhbWEgYSBDaGFyaXR5LiDCv01lIGF5dWRhcsOhcz8=
v46cBw,,SGVscCBoaW0u,,,,,QWp1ZMOhLWxvLg==,,QXl1ZGFybG8u
wI6cBw,,RG9uJ3QgaGVscCBoaW0u,,,,,TsOjbyBhanVkw6EtbG8u,,Tm8gYXl1ZGFybG8u
wY6cBw,,W01pbG8gUml2ZXJdClRoYW5rcyEgR28gYW5kIGdldCBoZXIgcGxlYXNlLgpPaC4uLiBJJ20gc3VmZmVyaW5nIGZyb20gd2l0aGRyYXdhbCBzeW1wdG9tcy4uLiBDaGFyaXR5Li4uIEkgc2hvdWxkIHBldCBoZXIgYXMgc29vbiBhcyBwb3NzaWJsZSB0byByZWNvdmVyLi4u,,,,,W01pbG8gUml2ZXJdCk9icmlnYWRvISBWw6EgZSBwZWd1ZS1hLCBwb3IgZmF2b3IuCkFoLi4uIEVzdG91IHNvZnJlbmRvIGRlIHNpbnRvbWFzIGRlIGFic3RpbsOqbmNpYS4uLiBDaGFyaXR5Li4uIEV1IGRldm8gYWNhcmljacOhLWxhIG8gcXVhbnRvIGFudGVzIHBhcmEgbWUgcmVjdXBlcmFyLi4u,,W01pbG8gUml2ZXJdCsKhR3JhY2lhcyEgVmUgYSBidXNjYXJsYSwgcG9yIGZhdm9yLgpPaC4uLiBFc3RveSBzdWZyaWVuZG8gc8OtbnRvbWFzIGRlIGFic3RpbmVuY2lhLi4uIENoYXJpdHkuLi4gRGViZXLDrWEgYWNhcmljaWFybGEgbG8gYW50ZXMgcG9zaWJsZSBwYXJhIHJlY3VwZXJhcm1lLi4u
wo6cBw,,W01pbG8gUml2ZXJdClVzZSB0aGUgQW5jaG92eSBjb29raWVzIHRvIGZpbmQgQ2hhcml0eSBhbmQgYnJpbmcgdGhlIHJlc3Qgb2YgdGhlbSEKTWFrZSBzdXJlIHlvdSBkb24ndCBlYXQgdGhlbS4gR290IGl0Pw==,,,,,W01pbG8gUml2ZXJdClVzZSBvcyBiaXNjb2l0b3MgZGUgQW5jaG92YSBwYXJhIGVuY29udHJhciBDaGFyaXR5IGUgdHJhZ2EgbyByZXN0byEKTGVtYnJlLXNlIGRlIG7Do28gY29tw6otbG9zLiBFbnRlbmRldT8=,,W01pbG8gUml2ZXJdClVzYSBsYXMgR2FsbGV0YXMgZGUgQW5jaG9hIHBhcmEgZW5jb250cmFyIGEgQ2hhcml0eSB5IMKhdHJhZSBlbCByZXN0byEKTm8gdGUgbGFzIGNvbWFzLiDCv0VudGVuZGlkbz8=
w46cBw,,W01pbG8gUml2ZXJdCkNoYXJpdHkuLi4gQ2hhcml0eS4uLgpBcnJnaC4uLiBDaGFyaXR5Li4uIEkgaG9wZSB0aGV5IHdyaXRlIG9uIG15IHRvbWJzdG9uZSB0aGF0IEkgZGllZCB3aGlsZSBtaXNzaW5nIENoYXJpdHkgc28gbXVjaC4uLg==,,,,,W01pbG8gUml2ZXJdCkNoYXJpdHkuLi4gQ2hhcml0eS4uLgpBcnJnaC4uLiBDaGFyaXR5Li4uIEVzcGVybyBxdWUgZXNjcmV2YW0gbmEgbWluaGEgbMOhcGlkZSBxdWUgbW9ycmkgc2VudGluZG8gc2F1ZGFkZSBkZSBDaGFyaXR5Li4u,,W01pbG8gUml2ZXJdCkNoYXJpdHkuLi4gQ2hhcml0eS4uLgpHcnJyLi4uIENoYXJpdHkuLi4gRXNwZXJvIHF1ZSBlc2NyaWJhbiBlbiBtaSBsw6FwaWRhIHF1ZSBtb3LDrSBleHRyYcOxYW5kbyBtdWNobyBhIENoYXJpdHkuLi4=
xI6cBw,,W01pbG8gUml2ZXJdClBsZWFzZSwgYWR2ZW50dXJlci4uLiBXaWxsIHlvdSB3cml0ZSBpdCBvbiBpdD8gUGxlYXNlIHNheSB5ZXMuLi4=,,,,,W01pbG8gUml2ZXJdClBvciBmYXZvciwgYXZlbnR1cmVpcm8uLi4gVm9jw6ogdmFpIGVzY3JldmVyIGlzc28/IFBvciBmYXZvciwgZGlnYSBzaW0u,,W01pbG8gUml2ZXJdClBvciBmYXZvciwgdHJvdGFtdW5kb3MuLi4gwr9Fc2NyaWJpcsOhcyBlc28/IFBvciBmYXZvciwgZGkgcXVlIHPDrS4uLg==
xY6cBw,,W01pbG8gUml2ZXJdCi4uLlNvLCBsZXQgbWUgZ2l2ZSB5b3UgQW5jaG92eSBjb29raWVzIGFnYWluLiBQbGVhc2UgZmluZCBDaGFyaXR5LgpQdXQgdGhlbSBvbiBWaWxsYWdlIEJlbmNoIGluIEVpbmJlY2ggYW5kIGNhbGwgQ2hhcml0eS4gV2lsbCB5b3UgaGVscCBtZT8=,,,,,W01pbG8gUml2ZXJdCi4uLkVudMOjbyBkZWl4ZS1tZSBkYXIgYmlzY29pdG9zIGRlIEFuY2hvdmEgZGUgbm92by4gUG9yIGZhdm9yLCBlbmNvbnRyZSBDaGFyaXR5LgpDb2xvcXVlLW9zIG5vIGJhbmNvIGVtIEVpbmJlY2ggZSBjaGFtZSBhIENoYXJpdHkuIFZvY8OqIHZhaSBtZSBhanVkYXI/,,W01pbG8gUml2ZXJdCi4uLkFzw60gcXVlIGTDqWphbWUgZGFydGUgbcOhcyBHYWxsZXRhcyBkZSBBbmNob2EuIFBvciBmYXZvciwgZW5jdWVudHJhIGEgQ2hhcml0eS4KUG9ubGFzIGVuIGxhcyBiYW5jYXMgZGUgbGEgYWxkZWEgRWluYmVjaCB5IGxsYW1hIGEgQ2hhcml0eS4gwr9NZSBheXVkYXLDoXM/
xo6cBw,,W01pbG8gUml2ZXJdCkNoYXJpdHkuLi4gQ2hhcml0eS4uLgpBcnJnaC4uLiBHYXNwLi4uIENoYXJpdHkuLi4gSSBob3BlIHRoZXkgd3JpdGUgb24gbXkgdG9tYnN0b25lIHRoYXQgSSBkaWVkIHdoaWxlIG1pc3NpbmcgQ2hhcml0eSBzbyBtdWNoLi4u,,,,,W01pbG8gUml2ZXJdCkNoYXJpdHkuLi4gQ2hhcml0eS4uLgpBcnJnaC4uLiBDb2YuLi4gQ2hhcml0eS4uLiBFc3Blcm8gcXVlIGVzY3JldmFtIG5hIG1pbmhhIGzDoXBpZGUgcXVlIG1vcnJpIHNlbnRpbmRvIHNhdWRhZGUgZGUgQ2hhcml0eS4uLg==,,W01pbG8gUml2ZXJdCkNoYXJpdHkuLi4gQ2hhcml0eS4uLgpBcnJnaC4uLiBVZi4uLiBDaGFyaXR5Li4uIEVzcGVybyBxdWUgZXNjcmliYW4gZW4gbWkgbMOhcGlkYSBxdWUgbW9yw60gZXh0cmHDsWFuZG8gbXVjaG8gYSBDaGFyaXR5Li4u
x46cBw,,W01pbG8gUml2ZXJdCkhhdmUgeW91IGZvdW5kIENoYXJpdHk/IElmIHNoZSBkb2Vzbid0IHNob3cgdXAsIGNhbGwgaGVyIHNldmVyYWwgdGltZXMgb24gdGhlIHNhbWUgc3BvdC4=,,,,,W01pbG8gUml2ZXJdClZvY8OqIGVuY29udHJvdSBDaGFyaXR5PyBTZSBlbGEgbsOjbyBhcGFyZWNlciwgY2hhbWUgdsOhcmlhcyB2ZXplcyBubyBtZXNtbyBsdWdhci4=,,W01pbG8gUml2ZXJdCsK/RW5jb250cmFzdGUgYSBDaGFyaXR5PyBTaSBubyBhcGFyZWNlLCBsbMOhbWFsYSB2YXJpYXMgdmVjZXMgZGVzZGUgZWwgbWlzbW8gbHVnYXIu
yI6cBw,,W01pbG8gUml2ZXJdCk9oLCBJJ20ga2lkZGluZy4gRGlkIENoYXJpdHkgc3RlYWwgdGhlbSBmcm9tIHlvdT8gUGhldywgc2hlIGlzIHRvbyBmYXN0Li4u,,,,,W01pbG8gUml2ZXJdCkFoLCBlc3RvdSBicmluY2FuZG8uIEEgQ2hhcml0eSBvcyByb3Vib3UgZGUgdm9jw6o/IFVhdSwgZWxhIMOpIG11aXRvIHLDoXBpZGEu,,W01pbG8gUml2ZXJdCk9oLCBlc3RveSBicm9tZWFuZG8uIMK/VGUgbGFzIHJvYsOzIENoYXJpdHk/IFVmLCBlcyBkZW1hc2lhZG8gcsOhcGlkYS4uLg==
yY6cBw,,W01pbG8gUml2ZXJdCk5vdCB0byBtZW50aW9uIENoYXJpdHksIEkgZmVlbCBsaWtlIEknbSBsb3N0Li4uCklmIEkga2VlcCBzYXlpbmcgdGhlIHNhbWUgdGhpbmcsIHByaW50IHRoZSBzY3JlZW4gYW5kIGFzayB0aGUgYWRtaW5pc3RyYXRpb24gdGVhbS4=,,,,,W01pbG8gUml2ZXJdClNlbSBmYWxhciBuYSBDaGFyaXR5LCBldSBtZSBzaW50byBwZXJkaWRvLi4uClNlIGV1IGNvbnRpbnVhciBmYWxhbmRvIGEgbWVzbWEgY29pc2EsIGNhcHR1cmUgdW1hIGltYWdlbSBkYSB0ZWxhIGUgZW50cmUgZW0gY29udGF0byBjb20gYSBlcXVpcGUgYWRtaW5pc3RyYXRpdmEu,,W01pbG8gUml2ZXJdCkFkZW3DoXMgZGUgbG8gZGUgQ2hhcml0eSwgc2llbnRvIHF1ZSBlc3RveSBwZXJkaWRvLi4uClNpIHNpZ28gcmVwaXRpZW5kbyBsbyBtaXNtbywgc2FjYSBjYXB0dXJhIGRlIGxhIHBhbnRhbGxhIHkgcG9udGUgZW4gY29udGFjdG8gY29uIGVsIGVxdWlwbyBkZSBhZG1pbmlzdHJhY2nDs24u
yo6cBw,,W0NoYXJpdHldCk1lb3d+,,,,,W0NoYXJpdHldCk1pYXUu,,W0NoYXJpdHldCk1pYXV+Lg==
y46cBw,,TWlzcyBDaGFyaXR5ISBTaGUncyBydXR1cm5lZCE=,,,,,U2VuaG9yaXRhIENoYXJpdHkhIEVsYSB2b2x0b3Uh,,wqFTZcOxb3JpdGEgQ2hhcml0eSEgwqFSZWdyZXPDsyE=
zI6cBw,,TWlzcyBDaGFyaXR5ISBZb3UgYXJlIGJlYXV0aWZ1bCBhcyB1c3VhbCE=,,,,,U2VuaG9yaXRhIENoYXJpdHkhIFZvY8OqIGVzdMOhIGxpbmRhIGNvbW8gc2VtcHJlIQ==,,wqFTZcOxb3JpdGEgQ2hhcml0eSEgwqFFc3TDoXMgaGVybW9zYSBjb21vIHNpZW1wcmUh
zY6cBw,,TWlzcyBDaGFyaXR5ISBJIGxvdmUgeW91ISEh,,,,,U2VuaG9yaXRhIENoYXJpdHkhIEV1IHRlIGFtbyEhIQ==,,wqFTZcOxb3JpdGEgQ2hhcml0eSEgwqHCoVRlIHF1aWVybyEh
zo6cBw,,W01pbG8gUml2ZXJdCk9oIC4gLiAuICEgIQpDaGFyaXR5ISBJJ20gc28gZ2xhZCB5b3UgYXJlIGFsbCByaWdodCEgTG9vayBhdCBoZXIgc29mdCBoYWlycyEgQ2hhcml0eSEh,,,,,W01pbG8gUml2ZXJdCkFoLiAuIC4gISAhCkNoYXJpdHkhIEVzdG91IHTDo28gZmVsaXogcXVlIHZvY8OqIGVzdMOhIGJlbSEgT2xoYSBvcyBwZWxvcyBtYWNpb3MgZGVsYSEgQ2hhcml0eSEh,,W01pbG8gUml2ZXJdCsKhT2ghCsKhQ2hhcml0eSEgTWUgYWxlZ3JhIHRhbnRvIHF1ZSBlc3TDqXMgYmllbi4gwqFNaXJhIHN1IHN1YXZlIHBlbGFqZSEgwqFDaGFyaXR5IQ==
z46cBw,,TWlzcyBDaGFyaXR5IGxvb2tlZCBhdCBtZSE=,,,,,QSBzZW5ob3JpdGEgQ2hhcml0eSBvbGhvdSBwYXJhIG1pbSE=,,wqFMYSBzZcOxb3JpdGEgQ2hhcml0eSBtZSBtaXLDsyE=
0I6cBw,,Tm8sIGZvb2whIFNoZSBtdXN0IGhhdmUgbG9va2VkIGF0IHRoZSB3YXRlciE=,,,,,TsOjbywgdG9sbyEgRWxhIGRldmUgdGVyIG9saGFkbyBwYXJhIGEgw6FndWEh,,wqFObyBkaWdhcyB0b250ZXLDrWFzISDCoURlYmUgaGFiZXIgZXN0YWRvIG1pcmFuZG8gZWwgYWd1YSE=
0Y6cBw,,Tm8hIFNoZSBkaWQgbG9vayBhdCBtZSB3aXRoIGhlciBicmlsbGlhbnQgYW5kIHNoaW55IGV5ZXMh,,,,,TsOjbyEgRWxhIG9saG91IHBhcmEgbWltIGNvbSBzZXVzIG9saG9zIGJyaWxoYW50ZXMh,,wqFObyEgwqFNZSBtaXLDsyBjb24gc3VzIG9qb3MgYnJpbGxhbnRlcyB5IHJlbHVjaWVudGVzIQ==
0o6cBw,,W3swfV0KSSdtIHRoZSBvbmUgd2hvIGJyb3VnaHQgaGVyIGFuZCBoZSBkb2Vzbid0IHNlZW0gdG8gY2FyZSBhYm91dCBtZS4uLg==,,,,,W3swfV0KRnVpIGV1IHF1ZW0gYSB0cm91eGUgZGUgdm9sdGEgZSBwYXJlY2UgcXVlIGVsYSBuZW0gc2UgaW1wb3J0YSBjb21pZ28uLi4=,,W3swfV0KU295IHlvIHF1aWVuIGxhIHRyYWpvIHkgcGFyZWNlIHF1ZSBhIGVsbGEgbm8gbGUgaW1wb3J0by4uLg==
046cBw,,W01pbG8gUml2ZXJdCk1pc3MgQ2hhcml0eSEgWW91IG11c3QgaGF2ZSBiZWVuIGV4aGF1c3RlZCBhZnRlciBiZWluZyBicm91Z2h0IGJ5IHRoaXMgZHVzdHkgYWR2ZW50dXJlci4uIFNoYWxsIEkgcHJlcGFyZSB0aGUgYmF0aHdhdGVyPyBPciB5b3VyIG1lYWwgZmlyc3Q/IE9yLi4uIENhbiBJIHBldCB5b3UgZmlyc3Q/IQ==,,,,,W01pbG8gUml2ZXJdClNlbmhvcml0YSBDaGFyaXR5ISBWb2PDqiBkZXZlIHRlciBmaWNhZG8gZXhhdXN0YSBkZXBvaXMgZGUgc2VyIHRyYXppZGEgcG9yIGVzc2UgYXZlbnR1cmVpcm8gZW1wb2VpcmFkby4uLiBEZXZvIHByZXBhcmFyIGEgw6FndWEgZG8gYmFuaG8/IE91IGEgY29taWRhIHByaW1laXJvPyBPdS4uLiBQb3NzbyB0ZSBhY2FyaWNpYXIgYW50ZXM/IQ==,,W01pbG8gUml2ZXJdCsKhU2XDsW9yaXRhIENoYXJpdHkhIERlYmVzIGVzdGFyIGV4aGF1c3RhIGRlc3B1w6lzIGRlIHRlIGhheWEgdHJhw61kbyBlc3RlIHBvbHZvcmllbnRvIHRyb3RhbXVuZG9zLi4uIMK/UXVpZXJlcyBxdWUgcHJlcGFyZSBlbCBhZ3VhIGRlIGxhIGJhw7FlcmE/IMK/TyBwcmltZXJvIHR1IGNvbWlkYT8gTy4uLiDCocK/UHVlZG8gYWNhcmljaWFydGUgcHJpbWVybz8h
1I6cBw,,U3RvcCBpdCEgSSB3aWxsIHBldCBoZXIhIQ==,,,,,UGFyZSBjb20gaXNzbyEgRXUgdm91IGFjYXJpY2nDoS1sYSEh,,wqFCYXN0YSEgwqFMYSBhY2FyaWNpYXLDqSE=
1Y6cBw,,TGV0IG1lIHBldCBDaGFyaXR5Li4uIE9oLCBJIGNhbid0IHN0YW5kIGl0IGFueSBtb3JlIQ==,,,,,RGVpeGUtbWUgYWNhcmljaWFyIENoYXJpdHkuLi4gQWgsIGV1IG7Do28gc3Vwb3J0byBtYWlzIQ==,,RMOpamFtZSBhY2FyaWNpYXIgYSBDaGFyaXR5Li4uIMKhT2gsIG5vIHB1ZWRvIHNvcG9ydGFybG8gbcOhcyE=
1o6cBw,,W3swfV0KQXJlIHRoZXkgZG9pbmcgdGhpcyBvbiBwdXJwb3NlPw==,,,,,W3swfV0KRWxlcyBlc3TDo28gZmF6ZW5kbyBpc3NvIGRlIHByb3DDs3NpdG8/,,W3swfV0Kwr9MbyBoYWNlbiBhIHByb3DDs3NpdG8/
146cBw,,SSBsb3ZlIHlvdSBDaGFyaXR5ISBCZWF1dGlmdWwgQ2hhcml0eSE=,,,,,RXUgdGUgYW1vLCBDaGFyaXR5ISBCZWxhIENoYXJpdHkh,,wqFUZSBxdWllcm8sIENoYXJpdHkhIMKhSGVybW9zYSBDaGFyaXR5IQ==
2I6cBw,,Q2hhcml0eSBmb3JldmVyISBPaCwgcGxlYXNlIHRha2UgbXkgc291bCB0byBDYXQgSGVhdmVuISEh,,,,,Q2hhcml0eSBwYXJhIHNlbXByZSEgQWgsIGxldmUgbWluaGEgYWxtYSBwYXJhIG8gQ8OpdSBkb3MgR2F0b3MhISE=,,wqFDaGFyaXR5IHBhcmEgc2llbXByZSEgwqFPaCwgcG9yIGZhdm9yLCBsbMOpdmF0ZSBtaSBhbG1hIGFsIHBhcmHDrXNvIGRlIGxvcyBnYXRvcyE=
2Y6cBw,,SG8sIE1pc3MgQ2hhcml0eSwgeW91IGFyZSBiZWF1dGlmdWwgYXMgdXN1YWwhIExvb2sgYXQgdGhhdCE=,,,,,VWF1LCBTZW5ob3JpdGEgQ2hhcml0eSwgZXN0w6EgbGluZGEgY29tbyBzZW1wcmUhIFZlamEgc8OzIGlzc28h,,U2XDsW9yaXRhIENoYXJpdHksIMKhZXN0w6FzIHRhbiBoZXJtb3NhIGNvbW8gc2llbXByZSEgwqFNaXJhIGVzbyE=
2o6cBw,,TWlzcyBDaGFyaXR5ISBMb29rIGF0IGhlciBlbGVnYW50IGV5ZXMhIE15IGdvZCEgU2hlIHdhc2hlZCBoZXIgZmFjZSE=,,,,,U2VuaG9yaXRhIENoYXJpdHkhIFZlamEgc2V1cyBvbGhvcyBlbGVnYW50ZXMhIE1ldSBEZXVzISBFbGEgbGF2b3UgYSBjYXJhIQ==,,wqFTZcOxb3JpdGEgQ2hhcml0eSEgwqFNaXJhIHN1cyBlbGVnYW50ZXMgb2pvcyEgwqFEaW9zIG3DrW8hIMKhU2UgbGF2w7MgZWwgcm9zdHJvIQ==
246cBw,,SGVyIGhhaXJzIGFyZSBsaWtlIGEgYmxhY2sgcGVhcmwhIEhlciBleWVzIGFyZSBzYXBwaGlyZSEgU2hlIGlzIGEgamV3ZWwgYnkgaGVyc2VsZiE=,,,,,U2V1cyBwZWxvcyBzw6NvIGNvbW8gdW1hIHDDqXJvbGEgbmVncmEhIFNldXMgb2xob3Mgc8OjbyBzYWZpcmFzISBFbGEgw6kgdW1hIGpvaWEgY29tcGxldGEh,,wqFTdSBwZWxhamUgb3NjdXJvIHBhcmVjZSB1biBwZXJsYSBuZWdyYSEgwqFTdXMgb2pvcyBzb24gZGUgemFmaXJvISBFcyB1bmEgdmVyZGFkZXJhIGpveWEu
3I6cBw,,W01pbG8gUml2ZXJdCk9oIC4gLiAuICEgIQpNaXNzIENoYXJpdHkhIEknbSBnbGFkIHlvdSBhcmUgYWxsIHJpZ2h0ISBZb3UgYXJlIGJlYXV0aWZ1bCBhcyB1c3VhbCwgQ2hhcml0eSEh,,,,,W01pbG8gUml2ZXJdCkFoISAhClNlbmhvcml0YSBDaGFyaXR5ISBFc3RvdSBmZWxpeiBxdWUgdm9jw6ogZXN0ZWphIGJlbSEgVm9jw6ogZXN0w6EgbGluZGEgY29tbyBzZW1wcmUsIENoYXJpdHkhIQ==,,W01pbG8gUml2ZXJdCsKhT2ghCsKhU2XDsW9yaXRhIENoYXJpdHkhIE1lIGFsZWdyYSBxdWUgZXN0w6lzIGJpZW4uIMKhRXN0w6FzIGhlcm1vc2EgY29tbyBzaWVtcHJlLCBDaGFyaXR5IQ==
3Y6cBw,,VG9kYXkuLi4gSSB3aWxsIGdpdmUgdGhlIGJlc3QgQW5jaG92eSBjb29raWUgdG8gQ2hhcml0eSE=,,,,,SG9qZS4uLiBFdSB2b3UgZGFyIG8gbWVsaG9yIGJpc2NvaXRvIGRlIEFuY2hvdmEgcGFyYSBhIENoYXJpdHkh,,SG95Li4uIMKhbGUgZGFyw6kgbGEgbWVqb3IgZ2FsbGV0YSBkZSBhbmNob2EgYSBDaGFyaXR5IQ==
3o6cBw,,SG93IGRhcmUgZG8geW91IHRyeSB0byB0b3VjaCBDaGFyaXR5IHdpdGggeW91ciBkaXJ0eSBoYW5kcyEh,,,,,Q29tbyBvdXNhIHRlbnRhciB0b2NhciBuYSBDaGFyaXR5IGNvbSBzdWFzIG3Do29zIHN1amFzISE=,,wqHCv0PDs21vIHRlIGF0cmV2ZXMgYSB0b2NhciBhIENoYXJpdHkgY29uIHR1cyBzdWNpYXMgbWFub3M/IQ==
346cBw,,Tm8hISBNeSBoYW5kcyBtYXkgYmUgZGlydHkuIEJ1dCBteSBtaW5kIGZvciBDaGFyaXR5IGlzIHNvIGNsZWFuIQ==,,,,,TsOjbyEhIE1pbmhhIG3Do28gcG9kZSBlc3RhciBzdWphLiBNYXMgbWluaGEgbWVudGUgcGFyYSBhIENoYXJpdHkgZXN0w6EgbGltcGEh,,wqFObyEgUXVpesOhIHRlbmdhIGxhcyBtYW5vcyBzdWNpYXMuIMKhUGVybyBtaSBtZW50ZSBlc3TDoSBtdXkgbGltcGlhIQ==
4I6cBw,,QW55d2F5LCB5b3Ugd2lsbCBiZSB0b3VjaGluZyBoZXIgd2l0aCB5b3VyIGhhbmQh,,,,,TWVzbW8gYXNzaW0sIHZvY8OqIHZhaSB0b2NhciBuZWxhIGNvbSBhIHN1YSBtw6NvIQ==,,RGUgdG9kb3MgbW9kb3MsIMKhaWJhcyBhIHRvY2FybGEgY29uIGxhIG1hbm8h
4Y6cBw,,W01pbG8gUml2ZXJdCk1pc3MgQ2hhcml0eSEgWW91IG11c3QgaGF2ZSBiZWVuIGV4aGF1c3RlZCBhZnRlciBiZWluZyBicm91Z2h0IGJ5IHRoaXMgZHVzdHkgYWR2ZW50dXJlci4uIFNoYWxsIEkgcHJlcGFyZSB0aGUgYmF0aHdhdGVyPyBPci4uLiBDYW4gSSBwZXQgeW91IGZpcnN0Pw==,,,,,W01pbG8gUml2ZXJdClNlbmhvcml0YSBDaGFyaXR5ISBWb2PDqiBkZXZlIHRlciBmaWNhZG8gZXhhdXN0YSBkZXBvaXMgZGUgc2VyIHRyYXppZGEgcG9yIGVzc2UgYXZlbnR1cmVpcm8gZW1wb2VpcmFkby4uLiBEZXZvIHByZXBhcmFyIGEgw6FndWEgZG8gYmFuaG8/IE91Li4uIFBvc3NvIHRlIGFjYXJpY2lhciBhbnRlcz8=,,W01pbG8gUml2ZXJdCsKhU2XDsW9yaXRhIENoYXJpdHkhIERlYmVzIGVzdGFyIGV4aGF1c3RhIGRlc3B1w6lzIGRlIHRlIGhheWEgdHJhw61kbyBlc3RlIHBvbHZvcmllbnRvIHRyb3RhbXVuZG9zLi4uIMK/UXVpZXJlcyBxdWUgcHJlcGFyZSBlbCBhZ3VhIGRlIGxhIGJhw7FlcmE/IE8uLi4gwr9QdWVkbyBhY2FyaWNpYXJ0ZSBwcmltZXJvPw==
4o6cBw,,V2hhdD8gSSdtIGdvaW5nIHRvIHRvdWNoIGhlciEgSXQncyBteSB0dXJuIQ==,,,,,TyBxdcOqPyBWb3UgdG9jw6EtbGEhIMOJIG1ldSBkaXJlaXRvIQ==,,wr9RdcOpPyDCoUxhIGFjYXJpY2lhcsOpISDCoUVzIG1pIHR1cm5vIQ==
446cBw,,UGxlYXNlLi4uIExldCBtZSBwZXQgeW91LCBDaGFyaXR5Lg==,,,,,UG9yIGZhdm9yLi4uIERlaXhlLW1lIGFjYXJpY2lhciB2b2PDqiwgQ2hhcml0eS4=,,UG9yIGZhdm9yLi4uIETDqWphbWUgYWNhcmljaWFydGUsIENoYXJpdHku
5I6cBw,,W3swfV0KV2VsbCwgSSBndWVzcyB0aGF0J3MgdGhlIHdheSB0aGV5IGxpdmUu,,,,,W3swfV0KQm9tLCBhY2hvIHF1ZSDDqSBhc3NpbSBxdWUgZWxlcyB2aXZlbS4=,,W3swfV0KQnVlbm8sIHN1cG9uZ28gcXVlIGFzw60gZXMgY29tbyB2aXZlbi4=
5Y6cBw,,VW5sZXNzIEkgc2VlIE1pc3MgQ2hhcml0eSBldmVyeWRheSwgdGhlcmUgd2lsbCBiZSBjYXQgaGFpcnMgZ3Jvd2luZyBpbiBteSBleWVzIQ==,,,,,UHJlY2lzbyB2ZXIgQ2hhcml0eSB0b2RvcyBvcyBkaWFzIQ==,,QSBtZW5vcyBxdWUgdmVhIGEgbGEgc2XDsW9yaXRhIENoYXJpdHkgdG9kb3MgbG9zIGTDrWFzLCDCoW1lIGNyZWNlcsOhbiBwZWxvcyBkZSBnYXRvIGVuIGxvcyBvam9zIQ==
5o6cBw,,T2gsIE1pc3MgQ2hhcml0eS4gTG9vayBhdCBoZXIgc2hhcGUgYW5kIHZvaWNlLiBTaGUgaXMgZ3JlYXQh,,,,,QWgsIFNlbmhvcml0YSBDaGFyaXR5LiBPbGhlIHBhcmEgc3VhIGZvcm1hLCBzdWEgdm96LiBFbGEgw6kgw7N0aW1hIQ==,,T2gsIHNlw7Fvcml0YSBDaGFyaXR5LiBNaXJhIHN1IGZvcm1hLCDCoXkgc3Ugdm96ISDCoUVzIGVzdHVwZW5kYSE=
546cBw,,W01pbG8gUml2ZXJdCkhleSwgc2hlJ3MgcXVpdGUgbWVhbi4KLi4uLi4uV2hhdCBhIGNhdC4=,,,,,W01pbG8gUml2ZXJdCkVpLCBlbGEgw6kgbXVpdG8gbcOhLgouLi4uLm1hcyBxdWUgZ2F0YS4=,,W01pbG8gUml2ZXJdCk95ZSwgZXMgYmFzdGFudGUgbWFsYS4KLi4uUXXDqSBnYXRhLg==
6I6cBw,,W01pbG8gUml2ZXJdCllvdSBkaWRuJ3QgaGF2ZSBhIG1lYWw/IEFzIGZhciBhcyBJIGtub3csIGV2ZXJ5IGNyZWF0dXJlIGluY2x1ZGluZyBodW1hbnMgYW5kIGNhdHMgYmVjb21lIGFnZ3Jlc3NpdmUgd2hlbiB0aGV5IGFyZSBodW5ncnl+CkRvIHlvdSB3YW50IGEgd2FybSBtZWFsPyBXZWxsLCBJIGNhbm5vdCBndWFyYW50ZWUgdGhlIHRhc3RlLg==,,,,,W01pbG8gUml2ZXJdClZvY8OqIG7Do28gY29tZXU/IEF0w6kgb25kZSBzZWksIHRvZGFzIGFzIGNyaWF0dXJhcywgaW5jbHVpbmRvIGh1bWFub3MgZSBnYXRvcywgZmljYW0gYWdyZXNzaXZvcyBxdWFuZG8gZXN0w6NvIGNvbSBmb21lLgpWb2PDqiBxdWVyIHVtYSBjb21pZGEgcXVlbnRpbmhhPyBCb20sIG7Do28gcG9zc28gZ2FyYW50aXIgbyBzYWJvci4=,,W01pbG8gUml2ZXJdCsK/Tm8gY29taXN0ZT8gUXVlIHlvIHNlcGEuLi4gdG9kYXMgbGFzIGNyaWF0dXJhcywgaW5jbHVpZG9zIGxvcyBodW1hbm9zIHkgbG9zIGdhdG9zLCBzZSB2dWVsdmVuIGFncmVzaXZvcyBjdWFuZG8gdGllbmVuIGhhbWJyZX4uCsK/UXVpZXJlcyB1bmEgY29taWRhIGNhbGllbnRlPyBCdWVubywgbm8gcHVlZG8gYXNlZ3VyYXJ0ZSBxdWUgZWwgc2Fib3IgZXN0w6kgYmllbi4=
6Y6cBw,,RW1wdHkgYmVuY2g=,,,,,QmFuY28gVmF6aW8=,,QmFuY28gVmFjw61v
6o6cBw,,SXQncyBhbiBlbXB0eSBiZW5jaC4gVGFrZSBvdXQgc2V2ZXJhbCBBbmNob3Z5IGNvb2tpZXMgYW5kLi4u,,,,,w4kgdW0gYmFuY28gdmF6aW8uIFBlZ3VlIHbDoXJpb3MgYmlzY29pdG9zIGRlIEFuY2hvdmEgZS4uLg==,,RXMgdW4gYmFuY28gdmFjw61vLiBTYWNhIHZhcmlhcyBnYWxsZXRhcyBkZSBhbmNob2EgeS4uLg==
646cBw,,UHV0IHRoZW0gb24gdGhlIGJlbmNoLg==,,,,,Q29sb3F1ZS1vcyBubyBiYW5jby4=,,UG9ubG9zIGVuIGVsIGJhbmNvLg==
7I6cBw,,RWF0IHRoZW0u,,,,,Q29tYSBlbGVzLg==,,Q8OzbWV0ZWxhcy4=
7Y6cBw,,QnV0IG5vdGhpbmcgaGFwcGVuZWQu,,,,,TWFzIG5hZGEgYWNvbnRlY2V1Lg==,,UGVybyBubyBwYXPDsyBuYWRhLg==
7o6cBw,,QWZ0ZXIgd2FpdGluZyBmb3IgYSB3aGlsZSwgeW91IHJlY2xhaW1lZCB0aGUgQW5jaG92eSBjb29raWVzLgpHbyB0byBhbm90aGVyIGJlbmNoIG9yIHdhaXQgZm9yIGEgd2hpbGUu,,,,,RGVwb2lzIGRlIGVzcGVyYXIgdW0gcG91Y28sIHZvY8OqIHBlZ2Egbm92YW1lbnRlIG9zIGJpc2NvaXRvcyBkZSBBbmNob3ZhLgpWw6EgcGFyYSBvdXRybyBiYW5jbyBvdSBlc3BlcmUgdW0gcG91Y28u,,RGVzcHXDqXMgZGUgZXNwZXJhciB1biByYXRvLCByZWN1cGVyYXN0ZSBsYXMgR2FsbGV0YXMgZGUgYW5jaG9hLgpWZSBhIG90cmEgYmFuY2EgbyBlc3BlcmEgdW4gcmF0by4=
746cBw,,Q2hhcml0eSBpcyBoZXJlIQpZb3UgbHVyZWQgaGVyIHdpdGggdGhlIEFuY2hvdnkgY29va2llIGFuZCBoZWxkIGhlci4=,,,,,Q2hhcml0eSBlc3TDoSBhcXVpIQpWb2PDqiBhIGF0cmFpdSBjb20gbyBiaXNjb2l0byBkZSBBbmNob3ZhIGUgYSBzZWd1cm91Lg==,,wqFDaGFyaXR5IGVzdMOhIGFxdcOtIQpMYSBhdHJhamlzdGUgY29uIGxhcyBHYWxsZXRhcyBkZSBhbmNob2EgeSBsYSBhYnJhemFzdGUu
8I6cBw,,W3swfV0KKEdyZWF0ISBJJ3ZlIG5ldmVyIHRhc3RlZCBhbnl0aGluZyBsaWtlIHRoaXMgYmVmb3JlISBGYW50YXN0aWMgaGFybW9ueSBvZiBhbmNob3Z5IGFuZCBjb29raWUhKQ==,,,,,W3swfV0KKExlZ2FsISBFdSBudW5jYSBzYWJvcmVlaSBuYWRhIGFzc2ltIGFudGVzISBDb21iaW5hw6fDo28gZmFudMOhc3RpY2EgZW50cmUgYW5jaG92YSBlIGJpc2NvaXRvISk=,,W3swfV0KKMKhR2VuaWFsISDCoU51bmNhIGhhYsOtYSBwcm9iYWRvIGFsZ28gYXPDrSEgRXMgdW5hIGNvbWJpbmFjacOzbiBmYW50w6FzdGljYSBkZSBhbmNob2EgeSBnYWxsZXRhKS4=
8Y6cBw,,SXQncyBzbyBkZWxpY2lvdXMuIFNoYWxsIEkgZWF0IHNldmVyYWwgbW9yZT8=,,,,,w4kgdMOjbyBkZWxpY2lvc28uIERldm8gY29tZXIgbWFpcz8=,,RXMgZGVtYXNpYWRvIGRlbGljaW9zby4gwr9EZWJlcsOtYSBjb21lciBtw6FzPw==
8o6cBw,,QWJzb2x1dGVseS4gT25jZSB0YWtpbmcgYSBiaXRlLCB5b3UgY2Fubm90IHN0b3Au,,,,,Q29tIGNlcnRlemEuIERlcG9pcyBkZSBkYXIgdW1hIG1vcmRpZGEsIHZvY8OqIG7Do28gY29uc2VndWUgcGFyYXIu,,wqFDbGFybyBxdWUgc8OtISBVbmEgdmV6IHF1ZSBsZSBkYXMgdW4gbW9yZGlzY28sIG5vIHB1ZWRlcyBwYXJhci4=
846cBw,,SXQncyBub3QgbWluZS4gTGV0J3MgcHV0IGl0IGJhY2sgb24gdGhlIGJlbmNoLg==,,,,,TWVsaG9yIGNvbG9jYXIgbm8gYmFuY28u,,Tm8gc29uIG3DrWFzLiBQb25nw6Ftb3NsYXMgZGUgbnVldm8gZW4gbGEgYmFuY2Eu
9I6cBw,,WW91IGtlcHQgZWF0aW5nIGFuZCBmaW5pc2hlZCBhbGwgdGhlIEFuY2hvdnkgY29va2llcy4KSSBhbSBpbiB0cm91YmxlLiBJIHdpbGwgZ28gYmFjayB0byBNaWxvIGFuZCB0ZWxsIGhpbSB0aGUgdHJ1dGguLi4=,,,,,Vm9jw6ogY29udGludW91IGNvbWVuZG8gZSBhY2Fib3UgY29tIG9zIGJpc2NvaXRvcyBkZSBBbmNob3ZhLgpFc3RvdSBjb20gcHJvYmxlbWFzLiBWb3Ugdm9sdGFyIGUgY29udGFyIGEgdmVyZGFkZSBhbyBNaWxvLi4u,,U2VndWlzdGUgY29taWVuZG8geSB0ZSBhY2FiYXN0ZSB0b2RhcyBsYXMgR2FsbGV0YXMgZGUgYW5jaG9hLgpFc3RveSBlbiBwcm9ibGVtYXMuIFZvbHZlcsOpIGNvbiBNaWxvIHkgbGUgZGlyw6kgbGEgdmVyZGFkLi4u
9Y6cBw,,W3swfV0KWXVjayEgVGhpcyBpcyBzbyBmaXNoeS4gV2hhdCBraW5kIG9mIGZvb2QgaXMgdGhpcy4uLiEh,,,,,W3swfV0KRWNhISBUZW0gdW0gZ29zdG8gZXN0cmFuaG8gZGUgcGVpeGUuIFF1ZSB0aXBvIGRlIGNvbWlkYSDDqSBlc3NhPz8=,,W3swfV0KwqFRdcOpIGFzY28hIEVzdG8gaHVlbGUgbWFsLiDCoVF1w6kgY2xhc2UgZGUgY29taWRhIGVzIGVzdGEuLi4h
9o6cBw,,Tm8gbW9yZSBBbmNob3Z5IGNvb2tpZXMuIExldCdzIGdvIGJhY2sgdG8gTWlsbyBhbmQgZ2V0IHNvbWUgbW9yZS4=,,,,,Q2hlZ2EgZGUgYmlzY29pdG8gZGUgQW5jaG92YS4gVmFtb3MgZW5jb250cmFyIG8gTWlsbyBlIHBlZ2FyIG1haXMu,,Tm8gbcOhcyBHYWxsZXRhcyBkZSBhbmNob2EuIFJlZ3Jlc2Vtb3MgY29uIE1pbG8geSBjb25zaWdhbW9zIG3DoXMu
946cBw,,Tm8gbW9yZSBBbmNob3Z5IGNvb2tpZS4gTGV0J3MgZ28gYmFjayB0byBNaWxvIGFuZCBnZXQgc29tZSBtb3JlLg==,,,,,Q2hlZ2EgZGUgYmlzY29pdG8gZGUgQW5jaG92YS4gVmFtb3MgZW5jb250cmFyIG8gTWlsbyBlIHBlZ2FyIG1haXMu,,Tm8gbcOhcyBHYWxsZXRhcyBkZSBhbmNob2EuIFJlZ3Jlc2Vtb3MgY29uIE1pbG8geSBjb25zaWdhbW9zIG3DoXMu
+I6cBw,,UmFjaGVsIFNtaXRo,,,,,UmFjaGVsIFNtaXRo,,UmFjaGVsIFNtaXRo
+Y6cBw,,W1JhY2hlbCBTbWl0aF0KQ29va2llcz8gV2hlcmUgZGlkIHlvdSBnZXQgdGhlbT8gQWhhLi4uIE1hZGUgYnkgTGV2ZWRldiBraWRzPwpXZWxsLiBUaGFuayB5b3Uh,,,,,W1JhY2hlbCBTbWl0aF0KQmlzY29pdG9zPyBPbmRlIHZvY8OqIG9zIGNvbnNlZ3VpdT8gQWhhLi4uIEZlaXRvIHBlbGFzIGNyaWFuw6dhcyBMZXZlZGV2PwpCb20uIE9icmlnYWRhIQ==,,W1JhY2hlbCBTbWl0aF0Kwr9HYWxsZXRhcz8gwr9EZSBkw7NuZGUgbGFzIHNhY2FzdGU/IEFqw6EuLi4gwr9IZWNoYXMgcG9yIGxvcyBjaGljb3MgTGViZWRldj8KQnVlbm8uIMKhR3JhY2lhcyE=
+o6cBw,,W1JhY2hlbCBTbWl0aF0KU21lbGxzIG5pY2UuLi4gSSB3aWxsIGFzayB0aGVtIHRoZSByZWNpcGUgbGF0ZXIu,,,,,W1JhY2hlbCBTbWl0aF0KQ2hlaXJhIGJlbS4uLiBWb3UgcGVkaXIgYSByZWNlaXRhIHBhcmEgZWxlcyBkZXBvaXMu,,W1JhY2hlbCBTbWl0aF0KSHVlbGVuIGJpZW4uLi4gTGVzIHBlZGlyw6kgbGEgcmVjZXRhIG3DoXMgdGFyZGUu
+46cBw,,W1JhY2hlbCBTbWl0aF0KSG1tPyBXaGVyZSBpcyB0aGUgY29va2llPw==,,,,,W1JhY2hlbCBTbWl0aF0KSG1tPyBDYWTDqiBvIGJpc2NvaXRvPw==,,W1JhY2hlbCBTbWl0aF0Kwr9NbW0/IMK/RMOzbmRlIGVzdMOhIGxhIGdhbGxldGE/
/I6cBw,,W1JhY2hlbCBTbWl0aF0KSSdtIGNoYXJnZSBvZiByZXBhaXJpbmcgaGVyZS4gVGhlIHN1cHBseSBpcyBoYW5kbGVkIHRoZXJlLg==,,,,,W1JhY2hlbCBTbWl0aF0KU291IGEgZW5jYXJyZWdhZGEgZG9zIHJlcGFyb3MgYXF1aS4gTyBzdXByaW1lbnRvIMOpIGZlaXRvIGzDoS4=,,W1JhY2hlbCBTbWl0aF0KRXN0b3kgYSBjYXJnbyBkZSBsYXMgcmVwYXJhY2lvbmVzIGFxdcOtLiBMb3MgcmVjdXJzb3Mgc2UgZ2VzdGlvbmFuIGFsbMOtLg==
/Y6cBw,,W1JhY2hlbCBTbWl0aF0KRmlyZWFybXMgYXJlIGFjdHVhbGx5IGNvbnN1bWFibGVzLiBJZiBzb21lb25lIHNob290cyB0aGVtLCBzb21lb25lIGhhcyB0byBtYWludGFpbiB0aGVtLg==,,,,,W1JhY2hlbCBTbWl0aF0KQXJtYXMgZGUgZm9nbyBzw6NvLCBuYSB2ZXJkYWRlLCBjb25zdW3DrXZlaXMuIFNlIGFsZ3XDqW0gYXRpcmEgY29tIGVsYXMsIGFsZ3XDqW0gdGVtIHF1ZSBmYXplciBhIG1hbnV0ZW7Dp8Ojby4=,,W1JhY2hlbCBTbWl0aF0KRW4gcmVhbGlkYWQsIGxhcyBhcm1hcyBkZSBmdWVnbyBzZSBkZXNnYXN0YW4uIFNpIGFsZ3VpZW4gbGFzIGRpc3BhcmEsIGFsZ3VpZW4gdGllbmUgcXVlIG1hbnRlbmVybGFzLg==
/o6cBw,,W1JhY2hlbCBTbWl0aF0KQWdhaW4/IElmIHlvdSBicm9rZSB5b3VyIHdlYXBvbiBhbmQgYXJlIHByZXRlbmRpbmcgdGhhdCB5b3UgbG9zdCBpdCwgZG9uJ3QgZXZlbiB0aGluayBhYm91dCBpdC4=,,,,,W1JhY2hlbCBTbWl0aF0KRGUgbm92bz8gU2Ugdm9jw6ogcXVlYnJvdSBzdWEgYXJtYSBlIHF1ZXIgdXNhciBhIGRlc2N1bHBhIGRlIHF1ZSBwZXJkZXUsIG5lbSBwZW5zZSBuaXNzby4=,,W1JhY2hlbCBTbWl0aF0Kwr9EZSBudWV2bz8gU2kgcm9tcGlzdGUgdHUgYXJtYSB5IGZpbmdlcyBxdWUgbGEgcGVyZGlzdGUsIG1lIGRhcsOpIGN1ZW50YS4=
/46cBw,,W1JhY2hlbCBTbWl0aF0KLi4uLi4uT29wcz8gT2gsIHNvcnJ5LiBXaG8gYXJlIHlvdT8KSSBoYWQgdGhyZWUgZ3V5cyB0b2RheSB3aG8gbGllZCB0byBtZSB0aGF0IHRoZXkgbG9zdCB0aGVpciB3ZWFwb25zIGFmdGVyIGJyZWFraW5nIHRoZW0uIFNvIEkgdGhvdWdodCB5b3Ugd291bGQgcHJvYmFibHkgc2F5IHRoZSBzYW1lIHRoaW5nLg==,,,,,W1JhY2hlbCBTbWl0aF0KLi4uLi4uT3BhPyBBaCwgZGVzY3VscGUuIFF1ZW0gw6kgdm9jw6o/ClZpZXJhbSB0csOqcyBjYXJhcyBob2plIGRhbmRvIGEgZGVzY3VscGEgZGUgcXVlIHBlcmRlcmFtIHN1YXMgYXJtYXMgZGVwb2lzIGRlIHF1ZWJyw6EtbGFzLiBFbnTDo28gcGVuc2VpIHF1ZSB2b2PDqiBkaXJpYSBhIG1lc21hIGNvaXNhLg==,,W1JhY2hlbCBTbWl0aF0Kwr9NbT8gQWgsIGxvIHNpZW50by4gwr9RdWnDqW4gZXJlcz8KSG95IHZpbmllcm9uIHRyZXMgdGlwb3MgcXVlIG1lIG1pbnRpZXJvbiBkaWNpZW5kbyBxdWUgaGFiw61hbiBwZXJkaWRvIHN1cyBhcm1hcyBkZXNwdcOpcyBkZSBoYWJlcmxhcyByb3RvLiBBc8OtIHF1ZSBwZW5zw6kgcXVlIHByb2JhYmxlbWVudGUgZGlyw61hcyBsbyBtaXNtby4=
AI+cBw,,W1JhY2hlbCBTbWl0aF0KQWhhLCB5b3UgYXJlIGFuIGFkdmFudHVyZXIuCkNvbWUgdG8gdGhpbmsgb2YgaXQsIHlvdSBtdXN0IGJlIHRoYXQgYWR2ZW50dXJlciB3aG8gaGFkIGEgc3BhcnJpbmcgd2l0aCBjb21tYW5kZXIgRWxlbmEgb2YgVVNVLiBZb3UncmUgc28gYnJhdmUu,,,,,W1JhY2hlbCBTbWl0aF0KQWgsIHZvY8OqIMOpIHVtIGF2ZW50dXJlaXJvLgpQZW5zYW5kbyBiZW0sIHZvY8OqIGRldmUgc2VyIGFxdWVsZSBhdmVudHVyZWlybyBxdWUgdGV2ZSB1bWEgbHV0YSBjb20gYSBjb21hbmRhbnRlIEVsZW5hIGRhIFVTLiBWb2PDqiB0ZW0gdGFudGEgY29yYWdlbS4=,,W1JhY2hlbCBTbWl0aF0KQWgsIGVyZXMgdHJvdGFtdW5kb3MuCkFob3JhIHF1ZSBsbyBwaWVuc28sIHTDuiBkZWJlcyBkZSBzZXIgZWwgdHJvdGFtdW5kb3MgcXVlIHNlIHBlbGXDsyBjb24gbGEgY29tYW5kYW50ZSBFbGVuYSBkZSBsYSBVUy4gRXJlcyBtdXkgdmFsaWVudGUu
AY+cBw,,W1JhY2hlbCBTbWl0aF0KSSdtIFJhY2hlbCBTbWl0aC4gSSdtIGEgQmxhY2tzbWl0aCBhbmQgSSBhc3Npc3QgcmVwYWlyaW5nIHdlYXBvbnMgYW5kIG1haW50ZW5hbmNlLgpXb3VsZCB5b3UgbGlrZSB0byBzaG93IG1lIHlvdXIgd2VhcG9uPyBCeSBsb29raW5nIGF0IG1hbnkgd2VhcG9uLCBJIGNhbiBzdHVkeSB0aGVtLg==,,,,,W1JhY2hlbCBTbWl0aF0KU291IGEgUmFjaGVsIFNtaXRoLiBTb3UgdW1hIEluc3VyZ2VudGUgcXVlIGFqdWRhIGNvbSBvIGNvbnNlcnRvIGRlIGFybWFzIGUgbmEgbWFudXRlbsOnw6NvLgpWb2PDqiBnb3N0YXJpYSBkZSBtZSBtb3N0cmFyIGEgc3VhIGFybWE/IE9saGFuZG8gcGFyYSB0YW50YXMgYXJtYXMsIGV1IHBvc3NvIGVzdHVkw6EtbGFzLg==,,W1JhY2hlbCBTbWl0aF0KU295IFJhY2hlbCBTbWl0aC4gU295IEhlcnJlcmE7IGF5dWRvIGEgcmVwYXJhciBhcm1hcyB5IGVzdG95IGEgY2FyZ28gZGVsIG1hbnRlbmltaWVudG8uCsK/UXVpZXJlcyBtb3N0cmFybWUgdHUgYXJtYT8gQWwgdmVyIHRhbnRhcyBhcm1hcywgYXByZW5kbyBkZSBlbGxhcy4=
Ao+cBw,,W1JhY2hlbCBTbWl0aF0KSG1tLi4uIFRoaXMgaXMgYSBuaWNlIHdlYXBvbi4gWW91IHJhbiBpdCBpbiBwcm9wZXJseS4KSXQncyBpbnRlcmVzdGluZy4gQWx0aG91Z2ggdGhleSBhcmUgc2FtZSB3ZWFwb25zLCB0aGV5IGhhdmUgZGlmZmVyZW50IHRlbmRlbmNpZXMgYWNjb3JkaW5nIHRvIHdoYXQgdGhlIG93bmVyIGZvY3VzZXMgb24u,,,,,W1JhY2hlbCBTbWl0aF0KSHVtbS4uLiBFc3RhIMOpIHVtYSBib2EgYXJtYS4gVm9jw6ogYSBmZXogYWRlcXVhZGFtZW50ZS4Kw4kgaW50ZXJlc3NhbnRlLiBBcGVzYXIgZGUgc2VyZW0gYSBtZXNtYSBhcm1hLCBlbGFzIHTDqm0gdGVuZMOqbmNpYXMgZGlmZXJlbnRlcyBkZSBhY29yZG8gY29tIG8gcXVlIG8gZG9ubyBwcmlvcml6YS4=,,W1JhY2hlbCBTbWl0aF0KTW1tLi4uIEVzdGEgZXMgdW5hIGJ1ZW5hIGFybWEuIExhIG1hbmVqYXMgYmllbi4KRXMgaW50ZXJlc2FudGUuIEF1bnF1ZSBzb24gbGFzIG1pc21hcyBhcm1hcywgdGllbmVuIHRlbmRlbmNpYXMgZGlmZXJlbnRlcyBzZWfDum4gZW4gcXXDqSBzZSBjZW50cmUgc3UgZHVlw7FvLg==
A4+cBw,,W1JhY2hlbCBTbWl0aF0KLi4uQnV0IGl0IGRvZXNuJ3QgaGFwcGVuIHRvIHRoZSB3ZWFwb25zIHRoYXQgSSByZXBhaXJlZC4gSSBkb24ndCBrbm93IHdoeS4=,,,,,W1JhY2hlbCBTbWl0aF0KLi4uTWFzIGlzc28gbsOjbyBhY29udGVjZSBjb20gYXMgYXJtYXMgcXVlIGV1IGNvbnNlcnRlaS4gTsOjbyBzZWkgbyBwb3JxdcOqLg==,,W1JhY2hlbCBTbWl0aF0KLi4uUGVybyBlc3RvIG5vIGxlcyBwYXNhIGEgbGFzIGFybWFzIHF1ZSByZXBhcsOpLiBObyBzw6kgcG9yIHF1w6ku
BI+cBw,,W1JhY2hlbCBTbWl0aF0KT2gsIHNvcnJ5LiBJJ20gd29ycmllZCBhYm91dCBzb21ldGhpbmcgcmVjZW50bHkuIFRob3NlIHdlYXBvbnMgSSBoYXZlIHJlcGFpcmVkIGxhdGVseSBoYXZlIGEgaGlnaCBkZWZlY3QgcmF0ZS4KVGhlIHBlb3BsZSBhcmUgc3RydWdnbGluZyBpbiB0aGUgZmllbGQgYmVjYXVzZSBvZiB0aGF0Lg==,,,,,W1JhY2hlbCBTbWl0aF0KQWgsIGRlc2N1bHBlLiBFc3RvdSBwcmVvY3VwYWRhIGNvbSBhbGdvIHVsdGltYW1lbnRlLiBVbHRpbWFtZW50ZSwgYXMgYXJtYXMgcXVlIGNvbnNlcnRlaSB0w6ptIHVtIGFsdG8gw61uZGljZSBkZSBkZWZlaXRvcy4KQXMgcGVzc29hcyBlc3TDo28gdGVuZG8gZGlmaWN1bGRhZGVzIGVtIGNhbXBvIHBvciBjYXVzYSBkaXNzby4=,,W1JhY2hlbCBTbWl0aF0KQWgsIGxvIHNpZW50by4gQWxnbyBtZSBwcmVvY3VwYSDDumx0aW1hbWVudGUuIExhcyBhcm1hcyBxdWUgaGUgcmVwYXJhZG8gZXN0b3MgZMOtYXMgdGllbmVuIHVuIMOtbmRpY2UgYWx0byBkZSBkZWZlY3Rvcy4KTGFzIHBlcnNvbmFzIGVzdMOhbiB0ZW5pZW5kbyBkaWZpY3VsdGFkZXMgZW4gZWwgY2FtcG8gcG9yIGVzby4=
BY+cBw,,W1JhY2hlbCBTbWl0aF0KRm9ydHVuYXRlbHksIG5vdGhpbmcgYmFkIGhhcyBoYXBwZW5lZCBzbyBmYXIuIEJ1dCBJJ20gc28gbmVydm91cy4KRXZlcnkgbmlnaHQgSSBoYXZlIGEgbmlnaHRtYXJlIGluIHdoaWNoIHRoZSB3ZWFwb24gZXhwbG9kZXMgaW4gdGhlIGhhbmRzIG9mIG91ciBzcXVhZGRlcnMuLi4=,,,,,W1JhY2hlbCBTbWl0aF0KRmVsaXptZW50ZSwgbmFkYSBkZSBydWltIGFjb250ZWNldSBhdMOpIGFnb3JhLiBNYXMgZXN0b3UgdMOjbyBuZXJ2b3NhLgpUb2RhIG5vaXRlIGV1IHRlbmhvIHVtIHBlc2FkZWxvIGVtIHF1ZSBhIGFybWEgZXhwbG9kZSBuYSBtw6NvIGRvcyBub3Nzb3Mgc29sZGFkb3MuLi4=,,W1JhY2hlbCBTbWl0aF0KUG9yIHN1ZXJ0ZSwgaGFzdGEgYWhvcmEsIG5vIGhhIHBhc2FkbyBuYWRhIG1hbG8uIFBlcm8gZXN0b3kgbXV5IG5lcnZpb3NhLgpUb2RhcyBsYXMgbm9jaGVzLCB0ZW5nbyB1bmEgcGVzYWRpbGxhIGVuIGxhIHF1ZSBsYXMgYXJtYXMgZXhwbG90YW4gZW4gbGFzIG1hbm9zIGRlIG51ZXN0cm9zIHJlY2x1dGFzLi4u
Bo+cBw,,W1JhY2hlbCBTbWl0aF0KQWx0aG91Z2ggSSdtIG5vdCBhbiBleHBlcnQgeWV0LCBJIHdvdWxkIGxpa2UgdG8gc29sdmUgdGhlIHByb2JsZW1zIHdpdGhvdXQgd29ycnlpbmcgdGhlIE1hc3RlciBvciBzcXVhZGRlcnMu,,,,,W1JhY2hlbCBTbWl0aF0KRW1ib3JhIGV1IGFpbmRhIG7Do28gc2VqYSB1bWEgZXNwZWNpYWxpc3RhLCBnb3N0YXJpYSBkZSByZXNvbHZlciBvcyBwcm9ibGVtYXMgc2VtIHByZW9jdXBhciBhIENoZWZlIG91IG9zIG91dHJvcyBtZW1icm9zLg==,,W1JhY2hlbCBTbWl0aF0KQXVucXVlIHRvZGF2w61hIG5vIHNveSB1bmEgZXhwZXJ0YSwgbWUgZ3VzdGFyw61hIHJlc29sdmVyIGxvcyBwcm9ibGVtYXMgc2luIHByZW9jdXBhciBhbCBKZWZlIG5pIGEgbG9zIHJlY2x1dGFzLg==
B4+cBw,,W1JhY2hlbCBTbWl0aF0KSGV5IGFkdmVudHVyZXIuIENvdWxkIHlvdSBwbGVhc2UgZG8gbWUgYSBmYXZvcj8KQ291bGQgeW91IHNob3cgdGhlIHdlYXBvbiB0aGF0IEkgcmVwYWlyZWQgdG8gQmxhY2tzbWl0aCBndWlsZCBhbmQgYXNrIHRoZW0gZm9yIHNvbWUgYWR2aWNlPw==,,,,,W1JhY2hlbCBTbWl0aF0KRWksIGF2ZW50dXJlaXJvLiBQb2RlcmlhIG1lIGZhemVyIHVtIGZhdm9yPwpWb2PDqiBwb2RlcmlhIG1vc3RyYXIgYSBhcm1hIHF1ZSBldSBjb25zZXJ0ZWkgcGFyYSBhIGd1aWxkYSBkb3MgRmVycmVpcm9zIGUgcGVkaXIgYWxndW5zIGNvbnNlbGhvcz8=,,W1JhY2hlbCBTbWl0aF0KT3llLCB0cm90YW11bmRvcy4gwr9Qb2Ryw61hcyBoYWNlcm1lIHVuIGZhdm9yPwrCv1BvZHLDrWFzIG1vc3RyYXJsZSBlbCBhcm1hIHF1ZSByZXBhcsOpIGFsIGdyZW1pbyBkZSBIZXJyZXJvcyB5IHBlZGlybGVzIHVuIGNvbnNlam8/
CI+cBw,,W1JhY2hlbCBTbWl0aF0KVGhhbmsgeW91IGZvciB5b3VyIGhlbHAuIEkgY2FuIGNvdW50IG9uIHlvdS4=,,,,,W1JhY2hlbCBTbWl0aF0KT2JyaWdhZGEgcGVsYSBzdWEgYWp1ZGEuIENvbnRvIGNvbSB2b2PDqi4=,,W1JhY2hlbCBTbWl0aF0KR3JhY2lhcyBwb3IgdHUgYXl1ZGEuIFB1ZWRvIGNvbnRhciBjb250aWdvLg==
CY+cBw,,W1JhY2hlbCBTbWl0aF0KSWYgdGhlIHdlYXBvbiByZXBhaXJlZCBieSBtZSBodXJ0cyBvdXIgcGVvcGxlLCBhbmQgbm90IHRoZSBlbmVteSwgaXQgd2lsbCBiZSBhIHRyYWdlZHkuIEkgd291bGQgbGlrZSB0byBwcmV2ZW50IHRoYXQgZnJvbSBoYXBwZW5pbmcu,,,,,W1JhY2hlbCBTbWl0aF0KU2UgYSBhcm1hIHF1ZSBldSBjb25zZXJ0ZWkgbWFjaHVjYXIgbm9zc2EgZ2VudGUsIG7Do28gbyBpbmltaWdvLCBzZXLDoSB1bWEgdHJhZ8OpZGlhLiBFdSBnb3N0YXJpYSBkZSBldml0YXIgcXVlIGlzc28gYWNvbnRlw6dhLg==,,W1JhY2hlbCBTbWl0aF0KU2kgZWwgYXJtYSBxdWUgcmVwYXLDqSBsYXN0aW1hIGEgbnVlc3RyYSBnZW50ZSB5IG5vIGFsIGVuZW1pZ28sIHNlcsOhIHVuYSB0cmFnZWRpYS4gTWUgZ3VzdGFyw61hIGV2aXRhciBlc28u
Co+cBw,,W1JhY2hlbCBTbWl0aF0KQnJpbmcgdGhpcyByZXZvbHZlciB0byBFaW5icm9jaCBCbGFja3NtaXRoIGd1aWxkIGFuZCBzaG93IGl0IHRvIHRoZW0uIFNpbmNlIEkgYW0gYSBtZW1iZXIgb2YgdGhhdCBndWlsZCwgdGhleSB3aWxsIHJlY29nbml6ZSBpdCB3aGVuIHRoZXkgc2VlIHRoZSByZXZvbHZlciByZXBhaXJlZCBieSBtZS4gSSBhbSBjb3VudGluZyBvbiB5b3Uu,,,,,W1JhY2hlbCBTbWl0aF0KTGV2ZSBlc3RlIHJldsOzbHZlciBwYXJhIGEgZ3VpbGRhIGRvcyBGZXJyZWlyb3MgZGUgRWluYnJvY2ggZSBtb3N0cmUgYSBlbGVzLiBDb21vIHNvdSBjb25oZWNpZGEgZGEgZ3VpbGRhLCB2w6NvIHJlY29uaGVjZXIgcXVhbmRvIHZpcmVtIHF1ZSBvIHJldsOzbHZlciBmb2kgcmVwYXJhZG8gcG9yIG1pbS4gRXN0b3UgY29udGFuZG8gY29tIHZvY8OqLg==,,W1JhY2hlbCBTbWl0aF0KTXVlc3RyYSBlc3RlIHJldm9sdmVyIGFsIGdyZW1pbyBkZSBIZXJyZXJvcyBkZSBFaW5icm9jaC4gQ29tbyBzb3kgbWllbWJybyBkZSBlc2UgZ3JlbWlvLCBsbyByZWNvbm9jZXLDoW4gcG9yIGxhcyByZXBhcmFjaW9uZXMgcXVlIGxlIGhpY2UuIEN1ZW50byBjb250aWdvLg==
C4+cBw,,W1JhY2hlbCBTbWl0aF0KWW91IGhhdmUgc28gbXVjaCBzdHVmZiBpbiB5b3VyIGJhZy4uLiBDb3VsZCB5b3UgY29tZSBiYWNrIGFmdGVyIG1ha2luZyBpdCBsaWdodGVyPw==,,,,,W1JhY2hlbCBTbWl0aF0KVm9jw6ogdGVtIHRhbnRhIGNvaXNhIG5hIHN1YSBtb2NoaWxhLi4uIFBvZGVyaWEgdm9sdGFyIGRlcG9pcyBkZSBlc3ZhemnDoS1sYSB1bSBwb3Vjbz8=,,W1JhY2hlbCBTbWl0aF0KVGllbmVzIG11Y2hhcyBjb3NhcyBlbiB0dSBib2xzby4uLiDCv1BvZHLDrWFzIHJlZ3Jlc2FyIGRlc3B1w6lzIGRlIHF1aXRhciBhbGdvPw==
DI+cBw,,W1JhY2hlbCBTbWl0aF0KT2guLi4gSSBzZWUu,,,,,W1JhY2hlbCBTbWl0aF0KQWguLi4gRW50ZW5kby4=,,W1JhY2hlbCBTbWl0aF0KT2guLi4gWWEgdmVvLg==
DY+cBw,,W1JhY2hlbCBTbWl0aF0KSG1tLi4uIFdoZXJlIGlzIG15IHJldm9sdmVyPwpUaGlzIGlzIGlycmVzcG9uc2libGUuIEkgd2lsbCBnaXZlIHlvdSBhbm90aGVyIGd1bi4gRG9uJ3QgZG8gdGhpcyBhZ2Fpbi4=,,,,,W1JhY2hlbCBTbWl0aF0KSHVtbS4uLiBPbmRlIGVzdMOhIG8gbWV1IHJldsOzbHZlcj8KSXNzbyDDqSBpcnJlc3BvbnPDoXZlbC4gVm91IHRlIGRhciBvdXRyYSBhcm1hLiBOw6NvIGZhw6dhIGlzc28gZGUgbm92by4=,,W1JhY2hlbCBTbWl0aF0KTW1tLi4uIMK/RMOzbmRlIGVzdMOhIG1pIHJldsOzbHZlcj8KUXXDqSBpcnJlc3BvbnNhYmlsaWRhZC4gVGUgZGFyw6kgb3RyYSBhcm1hLiBObyB2dWVsdmFzIGEgaGFjZXJsby4=
Do+cBw,,W1JhY2hlbCBTbWl0aF0KQnJpbmcgbXkgZ3VuIHRvIEVpbmJyb2NoIEJsYWNrc21pdGggZ3VpbGQgYW5kIHNob3cgaXQgdG8gdGhlbS4gSSBhbSBjb3VudGluZyBvbiB5b3Uu,,,,,W1JhY2hlbCBTbWl0aF0KTGV2ZSBtaW5oYSBhcm1hIHBhcmEgYSBndWlsZGEgZG9zIEZlcnJlaXJvcyBkZSBFaW5icm9jaCBlIG1vc3RyZSBhIGVsZXMuIEVzdG91IGNvbnRhbmRvIGNvbSB2b2PDqi4=,,W1JhY2hlbCBTbWl0aF0KTXVlc3RyYSBlc3RhIHBpc3RvbGEgYWwgZ3JlbWlvIGRlIEhlcnJlcm9zIGRlIEVpbmJyb2NoLiBDdWVudG8gY29udGlnby4=
D4+cBw,,W1JhY2hlbCBTbWl0aF0KLi4uSG1tLgpJZiBJIGtlZXAgc2F5aW5nIHRoZSBzYW1lIHRoaW5nLCBwcmludCB0aGUgc2NyZWVuIGFuZCBhc2sgdGhlIGFkbWluaXN0cmF0aW9uIHRlYW0u,,,,,W1JhY2hlbCBTbWl0aF0KLi4uSHVtbS4KU2UgZXUgY29udGludWFyIGZhbGFuZG8gYSBtZXNtYSBjb2lzYSwgY2FwdHVyZSB1bWEgaW1hZ2VtIGRhIHRlbGEgZSBlbnRyZSBlbSBjb250YXRvIGNvbSBhIGVxdWlwZSBhZG1pbmlzdHJhdGl2YS4=,,W1JhY2hlbCBTbWl0aF0KTW1tLi4uClNpIHNpZ28gcmVwaXRpZW5kbyBsbyBtaXNtbywgc2FjYSBjYXB0dXJhIGRlIGxhIHBhbnRhbGxhIHkgcG9udGUgZW4gY29udGFjdG8gY29uIGVsIGVxdWlwbyBkZSBhZG1pbmlzdHJhY2nDs24u
EI+cBw,,W1JhY2hlbCBTbWl0aF0KV2VsY29tZSBiYWNrLiBXaGF0IGRpZCB0aGV5IHNheT8=,,,,,W1JhY2hlbCBTbWl0aF0KT2zDoSBub3ZhbWVudGUuIE8gcXVlIGVsZXMgZGlzc2VyYW0/,,W1JhY2hlbCBTbWl0aF0KSG9sYSBkZSBudWV2by4gwr9RdcOpIHRlIGRpamVyb24/
EY+cBw,,W1JhY2hlbCBTbWl0aF0KU28uLi4gaXQncyB0aGUgbWF0ZXJpYWwuIEhtbS4uLgpBcyBhIG1hdHRlciBvZiBmYWN0LCBJIGVzdGltYXRlZCBpdCBhIGxpdHRsZS4=,,,,,W1JhY2hlbCBTbWl0aF0KRW50w6NvLi4uIMOJIG8gbWF0ZXJpYWwuIEh1bW0uLi4KTmEgdmVyZGFkZSwgcGVuc2VpIHF1ZSBmb3NzZS4=,,W1JhY2hlbCBTbWl0aF0KQXPDrSBxdWUuLi4gZXMgZWwgbWF0ZXJpYWwuIE1tbS4uLgpEZSBoZWNobywgbWUgbG8gaW1hZ2luw6ku
Eo+cBw,,W1JhY2hlbCBTbWl0aF0KQnV0IEkgaGFkIG5vIG90aGVyIGNob2ljZS4gRHVlIHRvIHRoZSBsYWNrIG9mIGJ1ZGdldCwgSSBjb3VsZCBub3QgZ2V0IGJldHRlciBtYXRlcmlhbHMu,,,,,W1JhY2hlbCBTbWl0aF0KTWFzIGV1IG7Do28gdGluaGEgb3V0cmEgZXNjb2xoYS4gRGV2aWRvIMOgIGZhbHRhIGRlIG9yw6dhbWVudG8sIGV1IG7Do28gY29uc2VndWkgbWF0ZXJpYWlzIG1lbGhvcmVzLg==,,W1JhY2hlbCBTbWl0aF0KUGVybyBubyB0ZW7DrWEgb3RyYSBvcGNpw7NuLiBQb3IgbGEgZmFsdGEgZGUgcHJlc3VwdWVzdG8sIG5vIHB1ZGUgY29uc2VndWlyIG1lam9yZXMgbWF0ZXJpYWxlcy4=
E4+cBw,,W1JhY2hlbCBTbWl0aF0KTW9yZW92ZXIsIG91ciBNYXN0ZXIgYnJpbGxpYW50bHkgcmVwYWlycyB3ZWFwb25zIHdpdGggdGhlc2UgbWF0ZXJpYWxzLiBCdXQgSSBrZWVwIGJyZWFraW5nIHRoZW0uLg==,,,,,W1JhY2hlbCBTbWl0aF0KQWzDqW0gZGlzc28sIG5vc3NvIE1lc3RyZSBjb25zZXJ0YSBhcm1hcyBicmlsaGFudGVtZW50ZSBjb20gZXNzZXMgbWF0ZXJpYWlzLiBNYXMgZXUgY29udGludW8gcXVlYnJhbmRvLWFzLi4u,,W1JhY2hlbCBTbWl0aF0KQWRlbcOhcywgbnVlc3RybyBtYWVzdHJvIHJlcGFyYSBhcm1hcyBtYWduw61maWNhbWVudGUgY29uIGVzdG9zIG1hdGVyaWFsZXMuIFBlcm8gc2lnbyByb21wacOpbmRvbGFzLi4u
FI+cBw,,W1JhY2hlbCBTbWl0aF0KU28gSSB3YXMgdHJ5aW5nIHRvIGltcHJvdmUgaXQgYnkgbXlzZWxmLiBCdXQgSSBjaGFuZ2VkIG15IG1pbmQgYWZ0ZXIgbGlzdGVuaW5nIHRvIHlvdS4=,,,,,W1JhY2hlbCBTbWl0aF0KRXUgZXN0YXZhIHRlbnRhbmRvIG1lbGhvcmFyLiBNYXMgbXVkZWkgZGUgaWRlaWEgYXDDs3Mgb3V2aXIgdm9jw6ou,,W1JhY2hlbCBTbWl0aF0KQXPDrSBxdWUgZXN0YWJhIGludGVudGFuZG8gbWVqb3JhcmxhcyBwb3IgbWkgY3VlbnRhLiBQZXJvIGNhbWJpw6kgZGUgb3BpbmnDs24gZGVzcHXDqXMgZGUgZXNjdWNoYXJ0ZS4=
FY+cBw,,W1JhY2hlbCBTbWl0aF0KTXkgbWlzdGFrZSBpcyBub3Qgb25seSBtaW5lLiBJdCBjYW4gYWxzbyBwdXQgZXZlcnkgc3F1YWRkZXIgaW4gZGFuZ2VyLiBFdmVyeW9uZSdzIHNhZmV0eSBpcyBtb3JlIGltcG9ydGFudCB0aGFuIG15IHBlcnNvbmFsIHByaWRlLg==,,,,,W1JhY2hlbCBTbWl0aF0KTWV1IGVycm8gbsOjbyDDqSBhcGVuYXMgbWV1LiBUYW1iw6ltIHBvZGUgcMO0ciBhIHRvZG9zIGVtIHBlcmlnby4gQSBzZWd1cmFuw6dhIGRlIHRvZG9zIMOpIG1haXMgaW1wb3J0YW50ZSBkbyBxdWUgbWV1IG9yZ3VsaG8gcGVzc29hbC4=,,W1JhY2hlbCBTbWl0aF0KRXN0ZSBlcnJvciBubyBzb2xvIG1lIHBlcmp1ZGljYSBhIG3DrS4gVGFtYmnDqW4gcHVlZGUgcG9uZXIgZW4gcGVsaWdybyBhIHRvZG9zIGxvcyByZWNsdXRhcy4gTGEgc2VndXJpZGFkIGRlIHRvZG9zIGVzIG3DoXMgaW1wb3J0YW50ZSBxdWUgbWkgb3JndWxsbyBwZXJzb25hbC4=
Fo+cBw,,W1JhY2hlbCBTbWl0aF0KVGhlcmVmb3JlLi4gQWR2ZW50dXJlciwgSSB3b3VsZCBsaWtlIHRvIGFzayB5b3UgZm9yIGEgZmF2b3IuIENvdWxkIHlvdSBwbGVhc2UgYnJpbmcgbWUgdGhlIG1hdGVyaWFscyB0aGF0IEkgcmVxdWlyZT8KV2hlbmV2ZXIgeW91IHRoaW5rIG9mIGl0Li4uIE9uY2UgYSBkYXkgd291bGQgYmUgcGVyZmVjdC4gSWYgeW91IGJyaW5nIHRoZW0gb2NjYXNpb25hbGx5LCBpdCdzIGFsc28gZ29vZC4=,,,,,W1JhY2hlbCBTbWl0aF0KUG9ydGFudG8uLi4gQXZlbnR1cmVpcm8sIGdvc3RhcmlhIGRlIGxoZSBwZWRpciB1bSBmYXZvci4gUG9kZXJpYSBtZSB0cmF6ZXIgb3MgbWF0ZXJpYWlzIHF1ZSBldSBuZWNlc3NpdG8/ClF1YW5kbyB2b2PDqiBwZW5zYXIgbmlzc28uLi4gVW1hIHZleiBwb3IgZGlhIHNlcmlhIHBlcmZlaXRvLiBTZSB2b2PDqiBvcyB0cm91eGVyIGRlIHZleiBlbSBxdWFuZG8sIGVzdMOhIGJvbSB0YW1iw6ltLg==,,W1JhY2hlbCBTbWl0aF0KUG9yIGxvIHRhbnRvLi4uIFRyb3RhbXVuZG9zLCBxdWlzaWVyYSBwZWRpcnRlIHVuIGZhdm9yLiDCv1BvZHLDrWFzIHRyYWVybWUgbG9zIG1hdGVyaWFsZXMgcXVlIG5lY2VzaXRvPwpDdWFuZG8gcHVlZGFzLi4uIFVuYSB2ZXogYWwgZMOtYSBzZXLDrWEgcGVyZmVjdG8uIFNpIGxvcyB0cmFlcyBkZSB2ZXogZW4gY3VhbmRvLCB0YW1iacOpbiBtZSBzaXJ2ZS4=
F4+cBw,,W1JhY2hlbCBTbWl0aF0KSSBjYW5ub3QgZ2l2ZSB5b3UgbW9uZXkgZm9yIHRoYXQuIEJ1dCBJIHdpbGwgY29tcGVuc2F0ZSB5b3Ugd2l0aCBzb21ldGhpbmcgZWxzZS4gV2hhdCBkbyB5b3UgdGhpbms/,,,,,W1JhY2hlbCBTbWl0aF0KRXUgbsOjbyBwb3NzbyBsaGUgZGFyIGRpbmhlaXJvIHBvciBpc3NvLiBNYXMgZXUgaXJlaSByZWNvbXBlbnPDoS1sbyBjb20gb3V0cmEgY29pc2EuIE8gcXVlIHZvY8OqIGFjaGE/,,W1JhY2hlbCBTbWl0aF0KTm8gcHVlZG8gZGFydGUgZGluZXJvIHBvciBlc28uIFBlcm8gdGUgY29tcGVuc2Fyw6kgZGUgb3RyYSBmb3JtYS4gwr9RdcOpIG9waW5hcz8=
GI+cBw,,R3JhbnQgaGVyIGZhdm9yLg==,,,,,RmF6ZXIgbyBmYXZvci4=,,SGFjZXIgZWwgZmF2b3Iu
GY+cBw,,UmVqZWN0IGhlciBmYXZvci4=,,,,,TsOjbyBmYXplciBvIGZhdm9yLg==,,UmVjaGF6YXIgZWwgZmF2b3Iu
Go+cBw,,W1JhY2hlbCBTbWl0aF0KVGhhbmsgeW91LCBhZHZlbnR1cmVyLgpIbW0uLi4gVGhlIG1vc3QgaW1wb3J0YW50IGl0ZW0gaXMuLiBMZXQgbWUgc2VlLiBUb2RheS4uIEkgbmVlZCBzb21lIElyb24uCjUgSXJvbi4gQ291bGQgeW91IHBsZWFzZSBicmluZyB0aGVtIHRvIG1lPw==,,,,,W1JhY2hlbCBTbWl0aF0KT2JyaWdhZGEsIHZpYWphbnRlLgpIdW1tLi4uIE8gaXRlbSBtYWlzIGltcG9ydGFudGUgw6kuLi4gRGVpeGUtbWUgdmVyLiBIb2plLi4uIFByZWNpc28gZGUgdW0gcG91Y28gZGUgRmVycm8uCjUgRmVycm9zLiBQb2RlcmlhIHRyYXrDqi1sb3MgcGFyYSBtaW0sIHBvciBmYXZvcj8=,,W1JhY2hlbCBTbWl0aF0KR3JhY2lhcywgdHJvdGFtdW5kb3MuCk1tbS4uLiBFbCBvYmpldG8gbcOhcyBpbXBvcnRhbnRlIGVzLi4uIETDqWphbWUgdmVyLiBIb3kuLi4gTmVjZXNpdG8gdW4gcG9jbyBkZSBIaWVycm8uCjUgSGllcnJvcy4gwr9Qb2Ryw61hcyB0cmHDqXJtZWxhcz8=
G4+cBw,,W1JhY2hlbCBTbWl0aF0KWWVzLiBJIHdpbGwuCkkgaGF2ZSBubyBvdGhlciBjaG9pY2Uu,,,,,W1JhY2hlbCBTbWl0aF0KU2ltLiBUcmFyZWkuCk7Do28gdGVuaG8gb3V0cmEgZXNjb2xoYS4=,,W1JhY2hlbCBTbWl0aF0KU8OtLiBMbyBoYXLDqS4KTm8gdGVuZ28gb3RyYSBvcGNpw7NuLg==
HI+cBw,,W1JhY2hlbCBTbWl0aF0KSSB0aGluayBJIGNhbiBzb3J0IGl0IG91dCB3aXRoIHRoZSBPcmUgdGhhdCB5b3UgaGF2ZSBicm91Z2h0Lg==,,,,,W1JhY2hlbCBTbWl0aF0KQWNobyBxdWUgcG9zc28gcmVzb2x2ZXIgaXNzbyBjb20gbyBtaW7DqXJpbyBxdWUgdm9jw6ogdHJvdXhlLg==,,W1JhY2hlbCBTbWl0aF0KQ3JlbyBxdWUgcHVlZG8gc29sdWNpb25hcmxvIGNvbiBlbCBNaW5lcmFsIHF1ZSB0cmFqaXN0ZS4=
HY+cBw,,W1JhY2hlbCBTbWl0aF0KSWYgeW91IGNhbiBoZWxwIG1lIGFnYWluLi4uIENvdWxkIHlvdSBjb21lIGJhY2sgdG9tb3Jyb3c/IEkgbWlnaHQgbmVlZCBvdGhlciBPcmUu,,,,,W1JhY2hlbCBTbWl0aF0KU2Ugdm9jw6ogcHVkZXIgbWUgYWp1ZGFyIGRlIG5vdm8uLi4gUG9kZXJpYSB2b2x0YXIgYW1hbmjDoz8gUG9zc28gcHJlY2lzYXIgZGUgb3V0cm8gbWluw6lyaW8u,,W1JhY2hlbCBTbWl0aF0KU2kgcHVlZGVzIGF5dWRhcm1lIGRlIG51ZXZvLi4uIMK/UG9kcsOtYXMgcmVncmVzYXIgbWHDsWFuYT8gUXVpesOhIG5lY2VzaXRlIG90cm8gTWluZXJhbC4=
Ho+cBw,,W1JhY2hlbCBTbWl0aF0KV2VsY29tZSwgYWR2ZW50dXJlci4gVGhhbmtzIHRvIHlvdXIgaGVscCBsYXN0IHRpbWUsIEkgd2FzIGFibGUgdG8gd29yayB3aXRob3V0IGRpZmZpY3VsdHkuCklzIGl0IG9rYXkgaWYgSSBhc2sgeW91IGZvciBhIGZhdm9yIGFnYWluPw==,,,,,W1JhY2hlbCBTbWl0aF0KQmVtLXZpbmRvLCBhdmVudHVyZWlyby4gR3Jhw6dhcyDDoCBzdWEgYWp1ZGEgZGEgw7psdGltYSB2ZXosIHB1ZGUgdHJhYmFsaGFyIHNlbSBkaWZpY3VsZGFkZS4KVHVkbyBiZW0gc2UgZXUgbGhlIHBlZGlyIHVtIGZhdm9yIGRlIG5vdm8/,,W1JhY2hlbCBTbWl0aF0KSG9sYSwgdHJvdGFtdW5kb3MuIEdyYWNpYXMgYSB0dSBheXVkYSBsYSDDumx0aW1hIHZleiwgcHVkZSB0cmFiYWphciBzaW4gcHJvYmxlbWFzLgrCv1RlIHB1ZWRvIHBlZGlyIG90cm8gZmF2b3I/
H4+cBw,,T2YgY291cnNlIGl0J3Mgb2theS4=,,,,,Q2xhcm8gcXVlIHNpbS4=,,U8OtLCBlc3TDoSBiaWVuLg==
II+cBw,,SSBhbSBidXN5IHRvZGF5Lg==,,,,,RXN0b3Ugc2VtIHRlbXBvLg==,,SG95IG5vIHRlbmdvIHRpZW1wby4=
IY+cBw,,W1JhY2hlbCBTbWl0aF0KVG8gZW5oYW5jZSB0aGUgZ3VuIGJhcnJlbCwgSSBuZWVkIE9yaWRlY29uLgpQbGVhc2UgYnJpbmcgbWUgMiBPcmlkZWNvbi4=,,,,,W1JhY2hlbCBTbWl0aF0KUGFyYSBhcHJpbW9yYXIgbyBjYW5vIGRhIGFybWEsIHByZWNpc28gZGUgT3JpZGVjb24uClBvciBmYXZvciwgdHJhZ2EtbWUgMiBPcmlkZWNvbnMu,,W1JhY2hlbCBTbWl0aF0KUGFyYSBtZWpvcmFyIGVsIGNhw7HDs24gZGUgbGEgcGlzdG9sYSwgbmVjZXNpdG8gT3JpZGVjb24uClRyw6FlbWUgMiBPcmlkZWNvbi4=
Io+cBw,,W1JhY2hlbCBTbWl0aF0KVG9kYXkgSSBkb24ndCBoYXZlIGVub3VnaCBFbHVuaXVtLiBDb3VsZCB5b3UgcGxlYXNlIGJyaW5nIG1lIDIgRWx1bml1bT8KSSB3aWxsIGNvdW50IG9uIHlvdSwgYWR2ZW50dXJlci4=,,,,,W1JhY2hlbCBTbWl0aF0KSG9qZSBldSBuw6NvIHRlbmhvIEVsdW5pdW0gc3VmaWNpZW50ZS4gUG9kZXJpYSBtZSB0cmF6ZXIgMiBFbHVuaXVucz8KQ29udG8gY29tIHZvY8OqLCB2aWFqYW50ZS4=,,W1JhY2hlbCBTbWl0aF0KSG95IG5vIHRlbmdvIHN1ZmljaWVudGUgRWx1bml1bS4gwr9Qb2Ryw61hcyB0cmFlcm1lIDIgRWx1bml1bT8KQ3VlbnRvIGNvbnRpZ28sIHRyb3RhbXVuZG9zLg==
I4+cBw,,W1JhY2hlbCBTbWl0aF0KSXJvbiBpcyB0aGUgbW9zdCBiYXNpYyBtYXRlcmlhbCBmb3IgZXZlcnkgd2VhcG9uLiBXaXRob3V0IGl0LCBJIGNhbm5vdCBkbyBhbnl0aGluZyBvbmx5IHdpdGggb3RoZXIgZW5oYW5jaW5nIG1hdGVyaWFscy4KU28gcGxlYXNlIGJyaW5nIG1lIDUgSXJvbg==,,,,,W1JhY2hlbCBTbWl0aF0KTyBGZXJybyDDqSBvIG1hdGVyaWFsIG1haXMgYsOhc2ljbyBwYXJhIHRvZGFzIGFzIGFybWFzLiBTZW0gZWxlLCBuw6NvIHBvc3NvIGZhemVyIG5hZGEgY29tIG9zIG91dHJvcyBtYXRlcmlhaXMgZGUgYXByaW1vcmFtZW50by4KRW50w6NvLCBwb3IgZmF2b3IsIHRyYWdhLW1lIDUgRmVycm9zLg==,,W1JhY2hlbCBTbWl0aF0KRWwgaGllcnJvIGVzIGVsIG1hdGVyaWFsIGLDoXNpY28gZGUgY3VhbHF1aWVyIGFybWEuIFNpbiBlc3RlLCBubyBwdWVkbyBoYWNlciBuYWRhIGNvbiBsb3Mgb3Ryb3MgbWF0ZXJpYWxlcyBkZSBtZWpvcmEuCkFzw60gcXVlIHRyw6FlbWUgNSBkZSBIaWVycm8u
JI+cBw,,W1JhY2hlbCBTbWl0aF0KSG1tLi4gSSBzZWUuIEJ1dCB0aGFuayB5b3UgZm9yIHlvdXIgaGVscCBsYXN0IHRpbWUuClRoYW5rIHlvdSBjb21pbmcgYWdhaW4u,,,,,W1JhY2hlbCBTbWl0aF0KSHVtLi4uIEVudGVuZG8uIE1hcyBvYnJpZ2FkYSBwb3IgbWUgYWp1ZGFyIGRhIG91dHJhIHZlei4KT2JyaWdhZGEgcG9yIHZvbHRhci4=,,W1JhY2hlbCBTbWl0aF0KTW1tLi4uIFlhIHZlby4gUGVybyBncmFjaWFzIHBvciB0dSBheXVkYSBsYSDDumx0aW1hIHZlei4KR3JhY2lhcyBwb3IgdmVuaXIgZGUgbnVldm8u
JY+cBw,,W1JhY2hlbCBTbWl0aF0KQXBhcnQgZnJvbSB0aGUgbWF0ZXJpYWxzLi4uCkNhbiB5b3UgY29tZSBoZXJlIHRvIG1lZXQgbWUgb25jZSBpbiBhIHdoaWxlPw==,,,,,W1JhY2hlbCBTbWl0aF0KQWzDqW0gZG9zIG1hdGVyaWFpcy4uLgpWb2PDqiBwb2RlIHZpciBhcXVpIG1lIGVuY29udHJhciBkZSB2ZXogZW0gcXVhbmRvPw==,,W1JhY2hlbCBTbWl0aF0KQXBhcnRlIGRlIGxvcyBtYXRlcmlhbGVzLi4uCsK/UHVlZGVzIHZlbmlyIGEgdmVybWUgZGUgdmV6IGVuIGN1YW5kbz8=
Jo+cBw,,T2YgY291cnNlIGl0IGl0IG9rYXku,,,,,Q2xhcm8gcXVlIHNpbS4=,,U2ksIGVzdMOhIGJpZW4u
J4+cBw,,W1JhY2hlbCBTbWl0aF0KSWYgdGhlIGd1biBiYXJyZWwgaXMgbm90IGhhcmQgZW5vdWdoLCB0aGUgaW5uZXIgYmFycmVsIHdpbGwgYmUgbWVsdCBhZnRlciBzZXZlcmFsIHNob3RzLiBBZnRlciBhbGwsIGl0IHdpbGwgYmUgd29ybiBvdXQgc29vbi4KVG8gcHJldmVudCBpdCwgd2UgbmVlZCBoaWdoIHF1YWxpdHkgT3JpZGVjb24uIFBsZWFzZSBicmluZyB0d28u,,,,,W1JhY2hlbCBTbWl0aF0KU2UgbyBjYW5vIGRhIGFybWEgbsOjbyBlc3RpdmVyIGR1cm8gbyBzdWZpY2llbnRlLCBhIHBhcnRlIGludGVybmEgZGVycmV0ZXLDoSBhcMOzcyB2w6FyaW9zIHRpcm9zLiBBZmluYWwsIGVsYSBzZSBkZXNnYXN0YXLDoSByw6FwaWRvLgpQYXJhIHByZXZlbmlyIGlzc28sIHByZWNpc2Ftb3MgZGUgT3JpZGVjb24gZGUgYWx0YSBxdWFsaWRhZGUuIFBvciBmYXZvciwgdHJhZ2EgMi4=,,W1JhY2hlbCBTbWl0aF0KU2kgZWwgY2HDscOzbiBkZSBsYSBwaXN0b2xhIG5vIGVzIGxvIHN1ZmljaWVudGVtZW50ZSBkdXJvLCBsYSBwYXJ0ZSBpbnRlcm5hIHNlIGZ1bmRpcsOhIHRyYXMgdmFyaW9zIGRpc3Bhcm9zLiBBbCBmaW4geSBhbCBjYWJvLCBzZSBkZXNnYXN0YXLDoSByw6FwaWRhbWVudGUuClBhcmEgZXZpdGFybG8sIG5lY2VzaXRhbW9zIE9yaWRlY29uIGRlIGFsdGEgY2FsaWRhZC4gUG9yIGZhdm9yLCB0cmFlIDIu
KI+cBw,,W1JhY2hlbCBTbWl0aF0KVGhlIGJsYWNrc21pdGhzIGluIGxhcmdlIGNpdGllcyBleGNoYW5nZSBFbHVuaXVtIE9yZSB3aXRoIEVsdW5pdW0uLi4gUGxlYXNlIGJyaW5nIG1lIDIgRWx1bml1bS4KSWYgSSBoYWQgYSBiZXR0ZXIgc2tpbGwsIGl0IHdvdWxkIGhhdmUgYmVlbiBlbm91Z2ggd2l0aCBPcmUuIEknbSBhc2hhbWVkLi4u,,,,,W1JhY2hlbCBTbWl0aF0KT3MgZmVycmVpcm9zIG5hcyBjaWRhZGVzIGdyYW5kZXMgdHJvY2FtIG8gTWluw6lyaW8gZGUgRWx1bml1bSBwb3IgRWx1bml1bS4uLiBQb3IgZmF2b3IsIHRyYWdhLW1lIDIgRWx1bml1bnMuClNlIGV1IHRpdmVzc2UgdW1hIGhhYmlsaWRhZGUgbWVsaG9yLCBtaW7DqXJpb3Mgc2VyaWFtIHN1ZmljaWVudGVzLiBFc3RvdSBlbnZlcmdvbmhhZGEu,,W1JhY2hlbCBTbWl0aF0KTG9zIEhlcnJlcm9zIGRlIGxhcyBncmFuZGVzIGNpdWRhZGVzIGludGVyY2FtYmlhbiBNaW5lcmFsIGRlIEVsdW5pdW0gcG9yIEVsdW5pdW0uLi4gVHLDoWVtZSAyIEVsdW5pdW0uClNpIGZ1ZXNlIG3DoXMgaGFiaWxpZG9zYSwgY29uIGVsIE1pbmVyYWwsIGh1YmllcmEgYmFzdGFkby4gTWUgZGEgdmVyZ8O8ZW56YS4uLg==
KY+cBw,,W1JhY2hlbCBTbWl0aF0KV2UgYWx3YXlzIGRvbid0IGhhdmUgZW5vdWdoIElyb24uIEJyaW5nIDUgSXJvbiBwbGVhc2UuClRoYW5rIHlvdSBzbyBtdWNoLCBhZHZlbnR1cmVyLg==,,,,,W1JhY2hlbCBTbWl0aF0KTnVuY2EgdGVtb3MgRmVycm8gbyBzdWZpY2llbnRlLiBUcmFnYSA1IEZlcnJvcywgcG9yIGZhdm9yLgpNdWl0byBvYnJpZ2FkYSwgYXZlbnR1cmVpcm8u,,W1JhY2hlbCBTbWl0aF0KU2llbXByZSBub3MgZmFsdGEgSGllcnJvLiBUcmFlIDUgSGllcnJvcy4KTXVjaGFzIGdyYWNpYXMsIHRyb3RhbXVuZG9zLg==
Ko+cBw,,W1JhY2hlbCBTbWl0aF0KWW91IGhhdmUgYnJvdWdodCAyIE9yaWRlY29uIHRoYXQgSSBhc2tlZCB5b3UgZm9yPyBUaGFuayB5b3UgdmVyeSBtdWNoIQpBcmUgeW91IHN1cmUgeW91IGFyZSBnaXZpbmcgdGhlbSB0byBtZT8=,,,,,W1JhY2hlbCBTbWl0aF0KVm9jw6ogdHJvdXhlIG9zIDIgT3JpZGVjb25zIHF1ZSBldSBwZWRpPyBNdWl0byBvYnJpZ2FkYSEKVGVtIGNlcnRlemEgcXVlIHF1ZXIgZGFyIGVsZXMgcGFyYSBtaW0/,,W1JhY2hlbCBTbWl0aF0Kwr9UcmFqaXN0ZSBsb3MgMiBPcmlkZWNvbiBxdWUgdGUgcGVkw60/IMKhTXVjaGFzIGdyYWNpYXMhCsK/UmVhbG1lbnRlIG1lIGxhcyBkYXLDoXM/
K4+cBw,,T2YgY291cnNlLg==,,,,,Q2xhcm8u,,UG9yIHN1cHVlc3RvLg==
LI+cBw,,U29ycnkuIEkgbmVlZCBpdC4=,,,,,RGVzY3VscGUuIEV1IHByZWNpc28gZGlzc28u,,TG8gc2llbnRvLiBMYXMgbmVjZXNpdG8u
LY+cBw,,W1JhY2hlbCBTbWl0aF0KVGhhbmsgeW91LCBhZHZlbnR1cmVyLi4uCkFsdGhvdWdoIEkgY2Fubm90IGdpdmUgeW91IG1vbmV5LCBsZXQgbWUgZ2l2ZSB5b3UgdGhpcy4KSWYgcG9zc2libGUsIEkgd291bGQgbGlrZSB0byBhc2sgeW91IGZvciBhIGZhdm9yIHRvbW9ycm93IHRvby4=,,,,,W1JhY2hlbCBTbWl0aF0KT2JyaWdhZGEsIHZpYWphbnRlLi4uCkVtYm9yYSBldSBuw6NvIHBvc3NhIGxoZSBkYXIgZGluaGVpcm8sIGRlaXhlLW1lIGRhciBpc3NvLgpTZSBwb3Nzw612ZWwsIGV1IGdvc3RhcmlhIGRlIGxoZSBwZWRpciB1bSBmYXZvciBhbWFuaMOjIHRhbWLDqW0u,,W1JhY2hlbCBTbWl0aF0KR3JhY2lhcywgdHJvdGFtdW5kb3MuLi4KQXVucXVlIG5vIHRlIHB1ZWRvIGRhciBkaW5lcm8sIGTDqWphbWUgZGFydGUgZXN0by4KU2kgZXMgcG9zaWJsZSwgdGFtYmnDqW4gbWUgZ3VzdGFyw61hIHBlZGlydGUgdW4gZmF2b3IgbWHDsWFuYS4=
Lo+cBw,,W1JhY2hlbCBTbWl0aF0KWWVhaC4gSSBhbSBqdXN0IHJlcXVlc3RpbmcgeW91LgpJZiB5b3UgaGF2ZSBtb3JlIGltcG9ydGFudCB0aGluZyB0byBkbywgZG9uJ3Qgd29ycnkgYWJvdXQgbWUu,,,,,W1JhY2hlbCBTbWl0aF0KRXN0b3UgYXBlbmFzIHBlZGluZG8gcGFyYSB2b2PDqi4KU2Ugdm9jw6ogdGVtIGFsZ28gbWFpcyBpbXBvcnRhbnRlIGEgZmF6ZXIsIG7Do28gc2UgcHJlb2N1cGUgY29taWdvLg==,,W1JhY2hlbCBTbWl0aF0KU8OtLiBTb2xvIHRlIGxvIGVzdG95IHBpZGllbmRvLgpTaSB0aWVuZXMgY29zYXMgbcOhcyBpbXBvcnRhbnRlcyBxdWUgaGFjZXIsIG5vIHRlIHByZW9jdXBlcyBwb3IgbcOtLg==
L4+cBw,,W1JhY2hlbCBTbWl0aF0KWW91IGhhdmUgYnJvdWdodCAyIEVsdW5pdW0gdGhhdCBJIGFza2VkIHlvdSBmb3I/IFRoYW5rIHlvdSB2ZXJ5IG11Y2ghCkFyZSB5b3Ugc3VyZSB5b3UgYXJlIGdpdmluZyB0aGVtIHRvIG1lPw==,,,,,W1JhY2hlbCBTbWl0aF0KVm9jw6ogdHJvdXhlIG9zIDIgRWx1bml1bnMgcXVlIGV1IHBlZGk/IE11aXRvIG9icmlnYWRhIQpUZW0gY2VydGV6YSBxdWUgcXVlciBkYXIgZWxlcyBwYXJhIG1pbT8=,,W1JhY2hlbCBTbWl0aF0Kwr9UcmFqaXN0ZSBsb3MgMiBFbHVuaXVtIHF1ZSB0ZSBwZWTDrT8gwqFNdWNoYXMgZ3JhY2lhcyEKwr9SZWFsbWVudGUgbWUgbGFzIGRhcsOhcz8=
MI+cBw,,W1JhY2hlbCBTbWl0aF0KWW91IGhhdmUgYnJvdWdodCA1IElyb24gdGhhdCBJIGFza2VkIHlvdSBmb3I/IFRoYW5rIHlvdSB2ZXJ5IG11Y2ghCkFyZSB5b3Ugc3VyZSB5b3UgYXJlIGdpdmluZyB0aGVtIHRvIG1lPw==,,,,,W1JhY2hlbCBTbWl0aF0KVm9jw6ogdHJvdXhlIG9zIDUgRmVycm9zIHF1ZSBldSBwZWRpPyBNdWl0byBvYnJpZ2FkYSEKVGVtIGNlcnRlemEgcXVlIHF1ZXIgZGFyIGVsZXMgcGFyYSBtaW0/,,W1JhY2hlbCBTbWl0aF0Kwr9UcmFqaXN0ZSBsb3MgNSBIaWVycm9zIHF1ZSB0ZSBwZWTDrT8gwqFNdWNoYXMgZ3JhY2lhcyEKwr9SZWFsbWVudGUgbWUgbGFzIGRhcsOhcz8=
MY+cBw,,W1JhY2hlbCBTbWl0aF0KV2hhdCdzIHVwLCBhZHZlbnR1cmVyPwpJZiBJIGRvIGFueXRoaW5nIHlvdSBjYW5ub3QgdW5kZXJzdGFuZCwgcHJpbnQgdGhlIHNjcmVlbiBhbmQgY29udGFjdCB0aGUgYWRtaW5pc3RyYXRpb24gdGVhbS4=,,,,,W1JhY2hlbCBTbWl0aF0KTyBxdWUgbWUgY29udGEgZGUgbm92bywgdmlhamFudGU/ClNlIGV1IGZpemVyIHF1YWxxdWVyIGNvaXNhIHF1ZSB2b2PDqiBuw6NvIGNvbnNpZ2EgZW50ZW5kZXIsIGNhcHR1cmUgdW1hIGltYWdlbSBkYSB0ZWxhIGUgZW50cmUgZW0gY29udGF0byBjb20gYSBlcXVpcGUgYWRtaW5pc3RyYXRpdmEu,,W1JhY2hlbCBTbWl0aF0Kwr9RdcOpIHBhc2EsIHRyb3RhbXVuZG9zPwpTaSBoYWdvIGFsZ28gcXVlIG5vIGVudGllbmRlcywgc2FjYSBjYXB0dXJhIGRlIGxhIHBhbnRhbGxhIHkgcG9udGUgZW4gY29udGFjdG8gY29uIGVsIGVxdWlwbyBkZSBhZG1pbmlzdHJhY2nDs24u
Mo+cBw,,QmxhY2tzbWl0aCBKYWNr,,,,,RmVycmVpcm8gSmFjaw==,,SmFjayBlbCBIZXJyZXJv
M4+cBw,,W0JsYWNrc21pdGggSmFja10KU2VlbXMgbGlrZSB5b3UgYXJlIGxvb2tpbmcgZm9yIHNvbWVvbmUuIFdoYXQgaXMgaXQ/,,,,,W0ZlcnJlaXJvIEphY2tdClBhcmVjZSBxdWUgdm9jw6ogZXN0w6EgcHJvY3VyYW5kbyBhbGd1w6ltLiBPIHF1ZSBmb2k/,,W0phY2sgZWwgSGVycmVyb10KUGFyZWNlIHF1ZSBlc3TDoXMgYnVzY2FuZG8gYSBhbGd1aWVuLiDCv1F1w6kgc3VjZWRlPw==
NI+cBw,,W0JsYWNrc21pdGggSmFja10KQW4gYWR2aWNlIGZvciByZXBhaXJpbmcgd2VhcG9ucz8gV2VsbCwgYnV0IHlvdSBhcmUgbm90IGEgQmxhY2tzbWl0aCwgYXJlIHlvdT8=,,,,,W0ZlcnJlaXJvIEphY2tdClVtIGNvbnNlbGhvIHBhcmEgY29uc2VydGFyIGFybWFzPyBCZW0sIG1hcyB2b2PDqiBuw6NvIMOpIGVzcGVjaWFsaXN0YSwgw6k/,,W0phY2sgZWwgSGVycmVyb10Kwr9VbiBjb25zZWpvIHBhcmEgcmVwYXJhciBhcm1hcz8gQnVlbm8sIHBlcm8gdMO6IG5vIGVyZXMgSGVycmVybywgwr92ZXJkYWQ/
NY+cBw,,W0JsYWNrc21pdGggSmFja10KT2gsIHlvdSBoYXZlIGNvbWUgaGVyZSBhZnRlciBiZWluZyByZXF1ZXN0ZWQgYnkgdGhlIG1lbWJlciBvZiBvdXIgZ3VpbGQuIExldCBtZSBzZWUgaXQu,,,,,W0ZlcnJlaXJvIEphY2tdCkFoLCB2b2PDqiB2ZWlvIGFxdWkgYXDDs3MgbyBwZWRpZG8gZGUgdW1hIGNvbmhlY2lkYSBkYSBub3NzYSBndWlsZGEuIERlaXhlLW1lIHZlci4=,,W0phY2sgZWwgSGVycmVyb10KT2gsIHZpbmlzdGUgYXF1w60gZGVzcHXDqXMgZGUgcXVlIHRlIGxvIGhheWEgcGVkaWRvIHVuIG1pZW1icm8gZGUgbnVlc3RybyBncmVtaW8uIETDqWphbWUgdmVyLg==
No+cBw,,W0JsYWNrc21pdGggSmFja10KQ29tZSBvbi4gSSBoYXZlIHRvIGxvb2sgYXQgdGhlIHdlYXBvbiB0byBnaXZlIHlvdSBhbiBhZHZpY2UuCkkgYW0gYSBCbGFja3NtaXRoLCBub3QgYSBwc3ljaGljLg==,,,,,W0ZlcnJlaXJvIEphY2tdClZhbW9zIGzDoS4gVGVuaG8gcXVlIG9saGFyIGEgYXJtYSBwYXJhIGxoZSBkYXIgdW0gY29uc2VsaG8uClNvdSB1bSBGZXJyZWlybywgbsOjbyB1bSB2aWRlbnRlLg==,,W0phY2sgZWwgSGVycmVyb10KVmFtb3MuIFRlbmdvIHF1ZSBtaXJhciBlbCBhcm1hIHBhcmEgZGFydGUgdW4gY29uc2Vqby4KU295IEhlcnJlcm8sIG5vIGFkaXZpbm8u
N4+cBw,,W0JsYWNrc21pdGggSmFja10KSG1tLiBUaGlzIGlzIGRlZmluaXRlbHkgdGhlIHNraWxsIG9mIG91ciBndWlsZCBtZW1iZXIuIFNoZSBoYXMgZGV2ZWxvcGVkIHRoZSBtZXRob2Qgd2UgdGF1Z2h0IGhlci4KSGVyIHNraWxsIGlzIGdvb2QuIEhtbSwgYnV0Li4u,,,,,W0ZlcnJlaXJvIEphY2tdCkh1bW0uIMOJIGRlZmluaXRpdmFtZW50ZSBhIGhhYmlsaWRhZGUgZGUgdW1hIGNvbGVnYSBub3NzYS4gRWxhIGRlc2Vudm9sdmV1IG8gbcOpdG9kbyBxdWUgZW5zaW5hbW9zIGEgZWxhLgpTdWEgaGFiaWxpZGFkZSDDqSBib2EuIEh1bW0sIG1hcy4uLg==,,W0phY2sgZWwgSGVycmVyb10KTW1tLiBTaW4gZHVkYSwgZXN0YSBlcyBsYSBoYWJpbGlkYWQgZGUgdW4gbWllbWJybyBkZSBudWVzdHJvIGdyZW1pby4gRWxsYSBkZXNhcnJvbGzDsyBlbCBtw6l0b2RvIHF1ZSBsZSBlbnNlw7FhbW9zLgpFcyBoYWJpbGlkb3NhLiBNbW0sIHBlcm8uLi4=
OI+cBw,,W0JsYWNrc21pdGggSmFja10KVGhpcyBpcy4uLiBIbW0sIEkgc2VlLi4u,,,,,W0ZlcnJlaXJvIEphY2tdCklzdG8gw6kuLi4gSHVtbSwgZW50ZW5kby4uLg==,,W0phY2sgZWwgSGVycmVyb10KRXN0byBlcy4uLiBNbW0sIHlhIHZlby4uLg==
OY+cBw,,SmFjayBpcyBzY3J1dGluaXppbmcgUmFjaGVsJ3MgcmV2b2x2ZXIu,,,,,SmFjayBlc3TDoSBleGFtaW5hbmRvIG8gcmV2w7NsdmVyIGRlIFJhY2hlbC4=,,SmFjayByZXZpc2EgbWV0aWN1bG9zYW1lbnRlIGVsIHJldsOzbHZlciBkZSBSYWNoZWwu
Oo+cBw,,W0JsYWNrc21pdGggSmFja10KVGhpcyBpcyBub3QgYSBtYXR0ZXIgb2YgaGVyIHNraWxsLiBJdCdzIHRoZSBtYXRlcmlhbHMuClNpbmNlIHRoZXJlIGFyZSBzbyBtYW55IGltcHVyaXRpZXMgbWl4ZWQgaW4gdGhlIG1ldGFsLCBpdCBtdXNoIGhhdmUgYmVlbiBoYXJkIGZvciBoZXIgdG8gaGFuZGxlIHRoaXMuIEJ1dCBzaGUgYmFyZWx5IGRpZCBpdC4=,,,,,W0ZlcnJlaXJvIEphY2tdCklzdG8gbsOjbyDDqSB1bWEgcXVlc3TDo28gZGUgaGFiaWxpZGFkZS4gU8OjbyBvcyBtYXRlcmlhaXMuCkNvbW8gaMOhIG11aXRhcyBpbXB1cmV6YXMgbWlzdHVyYWRhcyBjb20gbyBtZXRhbCwgZGV2ZSB0ZXIgc2lkbyBkaWbDrWNpbCBwYXJhIGVsYSBtYW51c2VhciBpc3RvLiBFbGEgbWFsIGNvbnNlZ3VpdS4=,,W0phY2sgZWwgSGVycmVyb10KTm8gc2UgdHJhdGEgZGUgc3UgaGFiaWxpZGFkLiBTb24gbG9zIG1hdGVyaWFsZXMuCkNvbW8gaGF5IHRhbnRhcyBpbXB1cmV6YXMgbWV6Y2xhZGFzIGVuIGVsIG1ldGFsLCBzZWd1cm8gbGUgcmVzdWx0w7MgZGlmw61jaWwgbWFuZWphcmxvLiBQZXJvIGFwZW5hcyBsbyBoaXpvLg==
O4+cBw,,W0JsYWNrc21pdGggSmFja10KR28gYmFjayBhbmQgdGVsbCBoZXIgc2hlIG11c3QgdXNlIHRoZSBtZXRhbCB3aXRoIGhpZ2hlciBwdXJpdHkuClRoaXMgaXMgbm90IHRoZSBwcm9ibGVtIG9mIHNvbWVvbmUgd2hvIGhhbmRsZXMgaXQuIEkgd29uJ3QgYmUgc3VycHJpc2VkIGlmIGl0IGV4cGxvZGVkIHdoaWxlIHNoZSB3YXMgcmVwYWlyaW5nIGl0Lg==,,,,,W0ZlcnJlaXJvIEphY2tdClZvbHRlIGUgZGlnYSBxdWUgZWxhIHByZWNpc2EgdXNhciB1bSBtZXRhbCBjb20gbWFpb3IgcHVyZXphLgpFc3RlIG7Do28gw6kgbyBwcm9ibGVtYSBkZSBhbGd1w6ltIHF1ZSBsaWRhIGNvbSBpc3NvLiBFdSBuw6NvIGZpY2FyaWEgc3VycHJlc28gc2UgZXhwbG9kaXNzZSBlbnF1YW50byBlbGEgZXN0w6EgY29uc2VydGFuZG8u,,W0phY2sgZWwgSGVycmVyb10KUmVncmVzYSB5IGRpbGUgcXVlIGRlYmUgdXNhciBlbCBtZXRhbCBjb24gbWF5b3IgcHVyZXphLgpFc3RvIG5vIGVzIHByb2JsZW1hIGRlIHF1aWVuIGxvIG1hbmVqYS4gTm8gbWUgc29ycHJlbmRlcsOtYSBzaSBodWJpZXJhIGV4cGxvdGFkbyBtaWVudHJhcyBsbyByZXBhcmFiYS4=
PI+cBw,,W0JsYWNrc21pdGggSmFja10KR28gYmFjayBhbmQgdGVsbCBoZXIuIEl0IG1pZ2h0IGJlIGV4cGxvZGVkIGluIHRoZSBtZWFudGltZS4uLg==,,,,,W0ZlcnJlaXJvIEphY2tdClZvbHRlIGUgZGlnYSBhIGVsYS4gSXNzbyBwb2RlIGFjYWJhciBleHBsb2RpbmRvIG5vIGNhbWluaG8uLi4=,,W0phY2sgZWwgSGVycmVyb10KUmVncmVzYSB5IGTDrXNlbG8uIFBvZHLDrWEgZXhwbG90YXIgZW4gY3VhbHF1aWVyIG1vbWVudG8uLi4=
PY+cBw,,W0JsYWNrc21pdGggSmFja10KQW4gZXhwZXJpZW5jZWQgQmxhY2tzbWl0aCBjYW4gcmVjb2duaXplIHRoZSBzdGF0dXMgb2YgdGhlIHdlYXBvbiBqdXN0IGJ5IGZlZWxpbmcgdGhlIHZpYnJhdGlvbiBvbiB0aGUgYXJtIHdoZW4gaGUvc2hlIHNtYXNoZXMgdGhhdCB3ZWFwb24gd2l0aCBhIGhhbW1lci4=,,,,,W0ZlcnJlaXJvIEphY2tdClVtIEZlcnJlaXJvIGV4cGVyaWVudGUgY29uc2VndWUgcmVjb25oZWNlciBvIGVzdGFkbyBkYSBhcm1hIGFwZW5hcyBzZW50aW5kbyBhIHZpYnJhw6fDo28gbm8gYnJhw6dvIHF1YW5kbyBlbGUgZ29scGVpYSBhIGFybWEgY29tIHVtIG1hcnRlbG8u,,W0phY2sgZWwgSGVycmVyb10KVW4gSGVycmVybyBleHBlcmltZW50YWRvIHB1ZWRlIHJlY29ub2NlciBlbCBlc3RhZG8gZGUgdW4gYXJtYSB0YW4gc29sbyBzaW50aWVuZG8gc3UgdmlicmFjacOzbiBjdWFuZG8gbGEgZ29scGVhIGNvbiB1biBtYXJ0aWxsby4=
Po+cBw,,W0JsYWNrc21pdGggSmFja10KSW4gYWRkaXRpb24gdG8gdGhhdCwgVGhlIHJlYWwgbWFzdGVyIG11c3QgY2hlY2sgaXQgd2l0aCBleWVzIGFuZCBlYXJzIGFzIHdlbGwu,,,,,W0ZlcnJlaXJvIEphY2tdCkFsw6ltIGRpc3NvLCB1bSB2ZXJkYWRlaXJvIG1lc3RyZSBkZXZlIHZlcmlmaWPDoS1sYSBjb20gb2xob3MgZSBvdXZpZG9zIHRhbWLDqW0u,,W0phY2sgZWwgSGVycmVyb10KQWRlbcOhcywgdW4gdmVyZGFkZXJvIG1hZXN0cm8gZGViZSBjb21wcm9iYXJsbyB0YW1iacOpbiBjb24gbG9zIG9qb3MgeSBsb3Mgb8OtZG9zLg==
P4+cBw,,TWFzb24gQmVuZGVy,,,,,TWFzb24gQmVuZGVy,,TWFzb24gQmVuZGVy
QI+cBw,,W01hc29uIEJlbmRlcl0KQWJvdXQgdGhlIHR3aW5zIGluIG91ciB1bml0PyBZb3UgYXJlIGFuIGFkdmVudHVyZXIuIFdoeSBkbyB5b3UgYXNrIG1lIHN1Y2ggYSB0aGluZz8KSSBhbSBub3QgaW50ZXJlc3RlZCBpbiB5b3UgYW5kIHRoZSBub2lzeSB0b3VyaXN0IGVpdGhlci4=,,,,,W01hc29uIEJlbmRlcl0KU29icmUgb3MgZ8OqbWVvcyBuYSBub3NzYSB1bmlkYWRlPyBWb2PDqiB2aWFqYSBwZWxvIG11bmRvLiBQb3IgcXVlIHZvY8OqIG1lIHBlcmd1bnRhIHVtYSBjb2lzYSBkZXNzYXM/Ck7Do28gZXN0b3UgaW50ZXJlc3NhZG8gZW0gdm9jw6ogbmVtIG5vIHR1cmlzdGEgYmFydWxoZW50by4=,,W01hc29uIEJlbmRlcl0Kwr9Tb2JyZSBsb3MgZ2VtZWxvcyBkZSBudWVzdHJhIHVuaWRhZD8gVMO6IGVyZXMgdHJvdGFtdW5kb3MuIMK/UG9yIHF1w6kgbWUgcHJlZ3VudGFzIGFsZ28gYXPDrT8KTm8gbWUgaW50ZXJlc2FzIG5pIHTDuiBuaSBlbCB0dXJpc3RhIHJ1aWRvc28u
QY+cBw,,W01hc29uIEJlbmRlcl0KLi4uLi4uUGhldywgYSByZXF1ZXN0IGZyb20gY29tbWFuZGVyIEJvbGtvdmEuLi4gSSBoYXZlIG5vIGNob2ljZSBidXQgdG8gYW5zd2VyIHlvdS4gQnV0IEkgY2FuIG9ubHkgdGVsbCB5b3UgbmVnYXRpdmUgdGhpbmdzIGFib3V0IHRob3NlIGtpZHMu,,,,,W01hc29uIEJlbmRlcl0KLi4uQWgsIHVtIHBlZGlkbyBkYSBjb21hbmRhbnRlIEJvbGtvdmEuLi4gTsOjbyB0ZW5obyBlc2NvbGhhIGEgbsOjbyBzZXIgcmVzcG9uZGVyIHZvY8OqLiBNYXMgZXUgc8OzIHBvc3NvIHRlIGRpemVyIGNvaXNhcyBuZWdhdGl2YXMgc29icmUgZXNzYXMgY3JpYW7Dp2FzLg==,,W01hc29uIEJlbmRlcl0KLi4uVWYsIHVuIHBlZGlkbyBkZSBsYSBjb21hbmRhbnRlIEJvbGtvdmEuLi4gTm8gdGVuZ28gbcOhcyByZW1lZGlvIHF1ZSByZXNwb25kZXJ0ZS4gUGVybyBzb2xvIHB1ZWRvIGRlY2lydGUgY29zYXMgbmVnYXRpdmFzIGRlIGVzb3MgY2hpY29zLg==
Qo+cBw,,W01hc29uIEJlbmRlcl0KVGhlcmUncyBub3RoaW5nIHRoZXkgY2FuIGRvIHByb3Blcmx5LiBQbHVzLCB0aGV5IGRvbid0IGV2ZW4gbGlzdGVuIHRvIHVzLgpUaGV5IGFyZSB0aGUgd29yc3Qga2lkcy4gSSBkb24ndCBrbm93IHdoeSB3ZSBoYXZlIHRvIGtlZXAgdGhlbSBoZXJlLg==,,,,,W01hc29uIEJlbmRlcl0KTsOjbyB0ZW0gbmFkYSBxdWUgZWxlcyBjb25zaWdhbSBmYXplciBkaXJlaXRvLiBBbMOpbSBkaXNzbywgZWxlcyBuw6NvIG5vcyBvdXZlbS4KU8OjbyBhcyBwaW9yZXMgY3JpYW7Dp2FzLiBFdSBuw6NvIHNlaSBwb3IgcXVlIHRlbW9zIHF1ZSBtYW50w6otbGFzIGFxdWku,,W01hc29uIEJlbmRlcl0KTm8gcHVlZGVuIGhhY2VyIG5pIHVuYSBjb3NhIGJpZW4uIEFkZW3DoXMsIG5pIHNpcXVpZXJhIG5vcyBlc2N1Y2hhbi4KU29uIGxvcyBwZW9yZXMuIE5vIHPDqSBwb3IgcXXDqSB0ZW5lbW9zIHF1ZSBkZWphcmxvcyBhcXXDrS4=
Q4+cBw,,W01hc29uIEJlbmRlcl0KQ2FuIHlvdSBzZWUgdGhlIGJhbmRhZ2UgaGVyZT8gSSBnb3QgdGhpcyBpbmp1cnkgYnkgdGhlIHN0cmF5IGJ1bGxldCBzaG90IGJ5IHRoZSBib3kuClRoZXkgYXJlIGlkaW90cyB3aG8gY2Fubm90IGV2ZW4gaGl0IGFuIGF1dG9tYXRpYyB0YXJnZXQuIFRoZXkgd2VyZSB0ZXJyaWJsZSBhcyBpZiB0aGV5IGRpZCBub3QgaGl0IGl0IG9uIHB1cnBvc2Uu,,,,,W01hc29uIEJlbmRlcl0KQ29uc2VndWUgdmVyIGVzc2EgYmFuZGFnZW0gYXF1aT8gVGVuaG8gZXNzZSBmZXJpbWVudG8gcG9yIGNhdXNhIGRlIHVtYSBiYWxhIHBlcmRpZGEgYXRpcmFkYSBwZWxvIGdhcm90by4KU8OjbyBpZGlvdGFzIHF1ZSBuw6NvIGNvbnNlZ3VlbSBuZW0gdXNhciB1bWEgc2VtaS1hdXRvbcOhdGljYS4gRWxlcyBmb3JhbSB0ZXJyw612ZWlzLCBjb21vIHNlIG7Do28gdGl2ZXNzZW0gYXRpbmdpZG8gZGUgcHJvcMOzc2l0by4=,,W01hc29uIEJlbmRlcl0Kwr9QdWVkZXMgdmVyIGVzdGUgdmVuZGFqZT8gTWUgaGljZSBlc3RhIGhlcmlkYSBwb3IgdW5hIGJhbGEgcGVyZGlkYSBxdWUgZGlzcGFyw7MgZWwgY2hpY28uCkVzb3MgaWRpb3RhcyBuaSBzaXF1aWVyYSBwdWVkZW4gYWNlcnRhciBhIHVuIG9iamV0aXZvIGF1dG9tw6F0aWNvLiBFcnJhYmFuIGRlbWFzaWFkbywgY29tbyBzaSBsbyBodWJpZXJhbiBoZWNobyBhIHByb3DDs3NpdG8u
RI+cBw,,W01hc29uIEJlbmRlcl0KVGhhdCdzIHdoeSBJIGhhZCB0byBtb3ZlIHRvIGhlcmUsIENsYW5hIE5lbWllcmku,,,,,W01hc29uIEJlbmRlcl0KRSDDqSBwb3IgaXNzbyBxdWUgdGl2ZSBxdWUgbWUgbXVkYXIgcGFyYSBjw6EsIENsYW5hIE5lbWllcmku,,W01hc29uIEJlbmRlcl0KUG9yIGVzbywgdHV2ZSBxdWUgbXVkYXJtZSBhcXXDrSwgYSBDbGFuYSBOZW1pZXJpLg==
RY+cBw,,W01hc29uIEJlbmRlcl0KV2VsbCwgdGhpcyBqb2IgZml0cyBpbiBteSB0YWxlbnRzLi4uClRoZSBmYWN0IEkgZGlzbGlrZSB0aG9zZSBraWRzIGlzIGEgZGlmZmVyZW50IHN0b3J5Lg==,,,,,W01hc29uIEJlbmRlcl0KQmVtLCBlc3RlIHRyYWJhbGhvIHNlIGVuY2FpeGEgbm9zIG1ldXMgdGFsZW50b3MuLi4KTyBmYXRvIGRlIGV1IG7Do28gZ29zdGFyIGRlc3NhcyBjcmlhbsOnYXMgw6kgb3V0cmEgaGlzdMOzcmlhLg==,,W01hc29uIEJlbmRlcl0KQnVlbm8sIGVzdGUgdHJhYmFqbyBlbmNhamEgY29uIG1pcyB0YWxlbnRvcy4uLgpFbCBoZWNobyBkZSBxdWUgbm8gbWUgZ3VzdGVuIGVzb3MgbmnDsW9zIGVzIG90cmEgaGlzdG9yaWEu
Ro+cBw,,W01hc29uIEJlbmRlcl0KQWZ0ZXIgYmVpbmcgZGVwbG95ZWQgaW4gdGhlIGFjdHVhbCBiYXR0bGUsIHRoZXkgbWFkZSB0cm91YmxlIGFuZCBydW4gYXdheS4gSSBkb24ndCBrbm93IHdoeSB0aGV5IGNhbGwgdGhlbSBnZW5pdXMuIFNvbWVvbmUgbGlrZSBtZSBjYW4gYmUgY2FsbGVkIGdlbml1cy4=,,,,,W01hc29uIEJlbmRlcl0KRGVwb2lzIGRlIHNlcmVtIGVudmlhZGFzIHBhcmEgdW1hIGJhdGFsaGEgcmVhbCwgZWxhcyBjYXVzYXJhbSBwcm9ibGVtYXMgZSBmdWdpcmFtLiBFdSBuw6NvIHNlaSBwb3JxdWUgZWxlcyBhcyBjaGFtYW0gZGUgZ8Oqbmlvcy4gQWxndcOpbSBjb21vIGV1IHBvZGUgc2VyIGNoYW1hZG8gZGUgZ8OqbmlvLg==,,W01hc29uIEJlbmRlcl0KRGVzcHXDqXMgZGUgcGFydGljaXBhciBlbiBsYSBiYXRhbGxhLCBjYXVzYXJvbiBwcm9ibGVtYXMgeSBodXllcm9uLiBObyBzw6kgcG9yIHF1w6kgbG9zIGxsYW1hbiBnZW5pb3MuIEEgbcOtIG1lIHB1ZWRlbiBsbGFtYXIgZ2VuaW8u
R4+cBw,,W01hc29uIEJlbmRlcl0KUGVvcGxlIHdlcmUganVzdCBleGNpdGVkIGFib3V0IHNtYWxsIGtpZHMgc2hvb3RpbmcgZ3Vucy4=,,,,,W01hc29uIEJlbmRlcl0KQXMgcGVzc29hcyBzw7MgZXN0YXZhbSBlbXBvbGdhZGFzIGNvbSBjcmlhbsOnYXMgcGVxdWVuYXMgYXRpcmFuZG8gY29tIGFybWFzLg==,,W01hc29uIEJlbmRlcl0KQSBsYSBnZW50ZSBsZSBwYXJlY8OtYSBpbnRlcmVzYW50ZSBxdWUgaHViaWVyYSB0aXJhZG9yZXMgdGFuIGrDs3ZlbmVzLg==
SI+cBw,,W3swfV0KKEkgaGVhcmQgYSBzaW1pbGFyIHN0b3J5IGZyb20gb3RoZXIgcGVvcGxlLi4uCk1heWJlIHRoZSBrZXl3b3JkIGlzIHRoZSBpbmNpZGVudCB0aGF0IGhhcHBlbmVkIGF0IHRoZSByZWFsIG1pc3Npb24uCkkgc2hvdWxkIGdvIGJhY2sgdG8gdGhlIHR3aW5zIGFuZCBhc2sgdGhlbSBhYm91dCBpdC4p,,,,,W3swfV0KKE91dmkgdW1hIGhpc3TDs3JpYSBwYXJlY2lkYSBkZSBvdXRyYXMgcGVzc29hcy4uLgpUYWx2ZXogYSBwYWxhdnJhLWNoYXZlIHNlamEgbyBpbmNpZGVudGUgcXVlIGFjb250ZWNldSBuYSBtaXNzw6NvLgpFdSBkZXZlcmlhIHZvbHRhciBwYXJhIG9zIGfDqm1lb3MgZSBwZXJndW50YXIgYSBlbGVzIHNvYnJlIGlzc28uKQ==,,W3swfV0KKE/DrSB1bmEgaGlzdG9yaWEgc2ltaWxhciBkZSBvdHJhcyBwZXJzb25hcy4uLgpRdWl6w6EgbGEgcGFsYWJyYSBjbGF2ZSBzZWEgZWwgaW5jaWRlbnRlIHF1ZSBvY3VycmnDsyBlbiBsYSBtaXNpw7NuIHJlYWwuCkRlYmVyw61hIHZvbHZlciBjb24gbG9zIG1lbGxpem9zIHkgcHJlZ3VudGFybGVzIHNvYnJlIGVzdG8pLg==
SY+cBw,,W01hc29uIEJlbmRlcl0KQ29va2llcz8gSG1tLCBsZXQgbWUgc2VlLiBXaGVyZSBkaWQgeW91IGdldCB0aGVzZT8=,,,,,W01hc29uIEJlbmRlcl0KQmlzY29pdG9zPyBIdW1tLCBkZWl4ZS1tZSB2ZXIuIE9uZGUgdm9jw6ogY29uc2VndWl1IGlzc28/,,W01hc29uIEJlbmRlcl0Kwr9HYWxsZXRhcz8gTW1tLCBkw6lqYW1lIHZlci4gwr9EZSBkw7NuZGUgbGFzIHNhY2FzdGU/
So+cBw,,W01hc29uIEJlbmRlcl0KLi4uLi4uTWFkZSBieSB0aG9zZSBraWRzPw==,,,,,W01hc29uIEJlbmRlcl0KLi4uLi4uRmVpdG8gcG9yIGFxdWVsYXMgY3JpYW7Dp2FzPw==,,W01hc29uIEJlbmRlcl0KLi4uwr9MYXMgaGljaWVyb24gZXNvcyBuacOxb3M/
S4+cBw,,W01hc29uIEJlbmRlcl0KTm8sIG5vLiBJIGRvbid0IGhhdmUgYW55IHByZWp1ZGljZSBhZ2FpbnN0IHRoZW0gYW55IG1vcmUuClBsZWFzZSBnaXZlIGl0IHRvIG1lLiBMZXQgbWUganVkZ2UgaXQgd2l0aCBteSB0YWxlbnRlZCB0YXN0ZSE=,,,,,W01hc29uIEJlbmRlcl0KTsOjbywgbsOjby4gTsOjbyB0ZW5obyBtYWlzIHByZWNvbmNlaXRvcyBjb250cmEgZWxhcy4KUG9yIGZhdm9yLCBtZSBkw6ouIERlaXhlLW1lIGp1bGdhciBjb20gbWV1IHBhbGFkYXIgYXB1cmFkbyE=,,W01hc29uIEJlbmRlcl0KTm8sIG5vLiBZYSBubyB0ZW5nbyBuaW5nw7puIHByZWp1aWNpbyBjb250cmEgZWxsb3MuCkRhbWUgdW5hLCBwb3IgZmF2b3IuIMKhRMOpamFtZSBqdXpnYXJsYXMgY29uIG1pIHRhbGVudG9zbyBndXN0byE=
TI+cBw,,W01hc29uIEJlbmRlcl0KLi4uSG1tLi4uIFl1bSB5dW0uLi4KV2VsbCwgbm90IGJhZC4=,,,,,W01hc29uIEJlbmRlcl0KLi4uSHVtbS4uLiBOaGFtIG5oYW0uLi4KQmVtLCBuYWRhIG1hbC4=,,W01hc29uIEJlbmRlcl0KLi4uSG1tLi4uIMORYW0sIMOxYW0uLi4KQnVlbm8sIG5hZGEgbWFsLg==
TY+cBw,,W01hc29uIEJlbmRlcl0KSXQgaXMgZHJ5IGFuZCBJIGZlZWwgbGlrZSBpdCdzIG5vdCBmdWxseSBiYWtlZC4gSXQncyB0b28gc3dlZXQgYW5kIHRoZSBzaGFwZXMgYXJlIG5vdCBjb25zaXN0ZW50LiBCdXQuLi4=,,,,,W01hc29uIEJlbmRlcl0KRXN0w6NvIHNlY29zIGUgZXUgc2ludG8gcXVlIGVzdMOjbyB1bSBwb3VjbyBjcnVzLiDDiSBtdWl0byBkb2NlIGUgb3MgZm9ybWF0b3MgbsOjbyBzw6NvIGNvbnNpc3RlbnRlcy4gTWFzLi4u,,W01hc29uIEJlbmRlcl0KRXN0w6FuIHNlY2FzIHkgdGVuZ28gbGEgc2Vuc2FjacOzbiBkZSBxdWUgbm8gdGVybWluYXJvbiBkZSBob3JuZWFyc2UuIFNvbiBkZW1hc2lhZG8gZHVsY2VzIHkgbGFzIGZvcm1hcyBubyBzb24gdW5pZm9ybWVzLiBQZXJvLi4u
To+cBw,,W01hc29uIEJlbmRlcl0KSSBjYW4gc2VlIGhvdyBtdWNoIGVmZm9ydCB0aGV5IGdhdmUgdG8gbWFrZSB0aGVtLiBJdCdzIGRlbGljaW91cy4=,,,,,W01hc29uIEJlbmRlcl0KUG9zc28gdmVyIG8gcXVhbnRvIHNlIGVzZm9yw6dhcmFtIHBhcmEgZmF6w6otbG9zLiDDiSBkZWxpY2lvc28u,,W01hc29uIEJlbmRlcl0KU2Ugbm90YSBlbCBlc2Z1ZXJ6byBxdWUgaGljaWVyb24uIEVzdMOhbiBkZWxpY2lvc2FzLg==
T4+cBw,,W01hc29uIEJlbmRlcl0KV2h5IGFyZW4ndCB5b3UgZ2l2aW5nIG1lIHRoZSBjb29raWU/,,,,,W01hc29uIEJlbmRlcl0KUG9yIHF1ZSB2b2PDqiBuw6NvIGVzdMOhIG1lIGRhbmRvIG8gYmlzY29pdG8/,,W01hc29uIEJlbmRlcl0Kwr9Qb3IgcXXDqSBubyBtZSBkYXMgbGEgZ2FsbGV0YT8=
UI+cBw,,W01hc29uIEJlbmRlcl0KUGxlYXNlIGdpdmUgaXQgdG8gbWUuIEkgd29uJ3QgYmUgdG9vIGhhcnNoLgpZb3UgZG9uJ3QgaGF2ZSB0aGVtPw==,,,,,W01hc29uIEJlbmRlcl0KUG9yIGZhdm9yLCBtZSBkw6ouIEV1IG7Do28gc2VyZWkgbXVpdG8gc2V2ZXJvLgpWb2PDqiBuw6NvIG9zIHRlbT8=,,W01hc29uIEJlbmRlcl0KRGFtZSB1bmEsIHBvciBmYXZvci4gTm8gc2Vyw6kgdGFuIGV4aWdlbnRlLgrCv05vIHRpZW5lcz8=
UY+cBw,,W01hc29uIEJlbmRlcl0KV2VsY29tZS4gVGhpcyBpcyBhIHdlYXBvbiBzdG9yZSwgQ2xhbmEgTmVtaWVyaS4=,,,,,W01hc29uIEJlbmRlcl0KQm9hcy12aW5kYXMuIEVzdGEgw6kgdW1hIGxvamEgZGUgYXJtYXMsIENsYW5hIE5lbWllcmku,,W01hc29uIEJlbmRlcl0KSG9sYS4gRXN0byBlcyB1bmEgdGllbmRhIGRlIGFybWFzLCBDbGFuYSBOZW1pZXJpLg==
Uo+cBw,,W01hc29uIEJlbmRlcl0KV2UgaGF2ZSB2YXJpb3VzIHdlYXBvbnMgaW5jbHVkaW5nIGZpcmVhcm1zLCBndW5wb3dkZXIsIGNhbm5vbiwgbW9ydGFyIGFuZCBNb2xvdG92IGNvY2t0YWlscy4gUGxlYXNlIHZpc2l0IHVzIG9mdGVuLg==,,,,,W01hc29uIEJlbmRlcl0KTsOzcyB0ZW1vcyB2w6FyaWFzIGFybWFzIGluY2x1aW5kbyBhcm1hcyBkZSBmb2dvLCBww7Nsdm9yYSwgY2FuaMOjbywgbW9ydGVpcm8gZSBjb3F1ZXTDqWlzIG1vbG90b3YuIFZpc2l0ZS1ub3Mgc2VtcHJlLg==,,W01hc29uIEJlbmRlcl0KVGVuZW1vcyB2YXJpYXMgYXJtYXMsIGNvbW8gYXJtYXMgZGUgZnVlZ28sIGNhw7FvbmVzLCBtb3J0ZXJvcywgY8OzY3RlbGVzIG1vbG90b3YgeSBww7Nsdm9yYS4gVmlzw610YW5vcyBhIG1lbnVkby4=
U4+cBw,,W3swfV0KLi4uT2gsIHlvdSBvbmx5IGhhdmUgZmlyZWFybXMh,,,,,W3swfV0KLi4uQWgsIHZvY8OqIHPDsyB0ZW0gYXJtYXMgZGUgZm9nbyE=,,W3swfV0KwqFPaCwgc29sbyB0aWVuZXMgYXJtYXMgZGUgZnVlZ28h
VI+cBw,,W01hc29uIEJlbmRlcl0KRmlyZWFybXMgYXJlIHRoZSB0cmVzLi4uIFNvcnJ5PyBOZW1pPyBXZSBhcmUgY2xvc2VkIHRvZGF5Pw==,,,,,W01hc29uIEJlbmRlcl0KQXJtYXMgZGUgZm9nbyBzw6NvIGEuLi4gRGVzY3VscGU/IE5lbWk/IEVzdGFtb3MgZmVjaGFkb3MgaG9qZT8=,,W01hc29uIEJlbmRlcl0KTGFzIGFybWFzIGRlIGZ1ZWdvIHNvbi4uLiDCv1BlcmTDs24/IMK/TmVtaT8gwr9Fc3TDoSBjZXJyYWRhIGxhIHRpZW5kYSBob3k/
VY+cBw,,W01hc29uIEJlbmRlcl0KQWguLiBZZXMuIFdlIGFyZSBjbG9zZWQgdG9kYXkuIFBsZWFzZSB2aXNpdCB1cyBsYXRlci4=,,,,,W01hc29uIEJlbmRlcl0KQWguLi4gU2ltLiBFc3RhbW9zIGZlY2hhZG9zIGhvamUuIFZpc2l0ZS1ub3MgbWFpcyB0YXJkZS4=,,W01hc29uIEJlbmRlcl0KQWguLi4gU8OtLiBIb3kgZXN0w6EgY2VycmFkYS4gVmlzw610YW5vcyBtw6FzIHRhcmRlLg==
Vo+cBw,,W01hc29uIEJlbmRlcl0KUGhldy4uLiBPaCwgc29ycnku,,,,,W01hc29uIEJlbmRlcl0KVWZhLi4uIEFoLCBkZXNjdWxwZS4=,,W01hc29uIEJlbmRlcl0KRml1Li4uIEFoLCBsbyBzaWVudG8u
V4+cBw,,W01hc29uIEJlbmRlcl0KWW91Li4uIFllYWguIFlvdSdyZSB0aGUgb25lIHdobyBtYWRlIGEgZnVzcyBpbiB0aGVyZSwgYXJlbid0IHlvdT8KSXQncyBnb29kLiBJIHdvdWxkIGxpa2UgdG8gYXNrIHlvdSBmb3IgYSBmYXZvci4gV2lsbCB5b3UgYWNjZXB0IGl0Pw==,,,,,W01hc29uIEJlbmRlcl0KVm9jw6ouLi4gw4kuIFZvY8OqIMOpIG8gdmlhamFudGUgcXVlIGZleiB1bSBhbGFyZGUgYWxpLCBuw6NvIMOpPwpOw6NvIHRlbSBwcm9ibGVtYS4gRXUgZ29zdGFyaWEgZGUgcGVkaXIgdW0gZmF2b3IuIFZvY8OqIGFjZWl0YT8=,,W01hc29uIEJlbmRlcl0KVMO6Li4uIFPDrS4gVMO6IGVyZXMgcXVpZW4gcHJvdm9jw7MgdW4gYWxib3JvdG8gYWjDrSBkZW50cm8sIMK/bm8/CkVzdMOhIGJpZW4uIE1lIGd1c3RhcsOtYSBwZWRpcnRlIHVuIGZhdm9yLiDCv0xvIGFjZXB0YXLDoXM/
WI+cBw,,W01hc29uIEJlbmRlcl0KSSB3aWxsIGdpdmUgeW91IGFuIG9wcG9ydHVuaXR5IHRvIGJlIGluIGNoYXJnZSBvZiBvbmUgd2luZyBvZiBteSB0YWxlbnRlZCB3b3JrLg==,,,,,W01hc29uIEJlbmRlcl0KRXUgdm91IGxoZSBkYXIgYSBvcG9ydHVuaWRhZGUgZGUgY29tYW5kYXIgdW1hIMOhcmVhIGRvIG1ldSB0cmFiYWxobyB0YWxlbnRvc28u,,W01hc29uIEJlbmRlcl0KVGUgZGFyw6kgbGEgb3BvcnR1bmlkYWQgZGUgZW5jYXJnYXJ0ZSBkZSB1bmEgcGFydGUgZGUgbWkgdGFsZW50b3NvIHRyYWJham8u
WY+cBw,,W3swfV0KLi4uVGFsZW50ZWQgd29yaz8=,,,,,W3swfV0KLi4uVHJhYmFsaG8gdGFsZW50b3NvPw==,,W3swfV0Kwr9UYWxlbnRvc28gdHJhYmFqbz8=
Wo+cBw,,W01hc29uIEJlbmRlcl0KV2VsbCwgaXQncyBhIGZpZ3VyZSBvZiBzcGVlY2guIEhhaGEuLi4KQ2FuIHlvdSBoZWxwIG1lPw==,,,,,W01hc29uIEJlbmRlcl0Kw4kgdW1hIGZpZ3VyYSBkZSBsaW5ndWFnZW0uIEhhaGFoLi4uClZvY8OqIHBvZGUgbWUgYWp1ZGFyPw==,,W01hc29uIEJlbmRlcl0KQnVlbm8sIGVzIHVuYSBmb3JtYSBkZSBkZWNpci4gSmEsIGphLi4uCsK/UHVlZGVzIGF5dWRhcm1lPw==
W4+cBw,,SSBkb24ndCBmZWVsIGdvb2QgYWJvdXQgaGltLiBJZ25vcmUgaGltLg==,,,,,SWdub3JlLW8u,,Tm8gbWUgZGEgYnVlbmEgZXNwaW5hLiBJZ25vcmFybG8u
XI+cBw,,W01hc29uIEJlbmRlcl0KR3JlYXQuIFlvdSd2ZSBiZWVuIHBlcnN1YWRlZCBieSBteSB0YWxlbnRlZCBlbG9xdWVuY2UuClNvIGhlcmUncyBteSByZXF1ZXN0Lg==,,,,,W01hc29uIEJlbmRlcl0Kw5N0aW1vLiBWb2PDqiBmb2kgcGVyc3VhZGlkbyBwZWxhIG1pbmhhIGVsb3F1w6puY2lhIHRhbGVudG9zYS4KQXF1aSBlc3TDoSBvIG1ldSBwZWRpZG8u,,W01hc29uIEJlbmRlcl0KR2VuaWFsLiBUZSBwZXJzdWFkw60gY29uIG1pIHRhbGVudG9zYSBlbG9jdWVuY2lhLgpBc8OtIHF1ZSBlc3RlIGVzIG1pIHBlZGlkby4=
XY+cBw,,W01hc29uIEJlbmRlcl0KVGhpcyBpcyB0aGUgbGVhZmxldCBvZiBvdXIgd2VhcG9uIHN0b3JlIHRoYXQgSSBwcmVwYXJlZCB3aXRoIG15IHRhbGVudGVkIHdyaXRpbmcgc2tpbGwu,,,,,W01hc29uIEJlbmRlcl0KRXN0ZSDDqSBvIHBhbmZsZXRvIGRhIG5vc3NhIGxvamEgZGUgYXJtYXMgcXVlIGV1IHByZXBhcmVpIGNvbSBtZXUgZG9tIGRlIGVzY3JpdGEu,,W01hc29uIEJlbmRlcl0KRXN0ZSBlcyBlbCBmb2xsZXRvIGRlIG51ZXN0cmEgdGllbmRhIGRlIGFybWFzIHF1ZSBwcmVwYXLDqSBjb24gbWkgdGFsZW50b3NhIGhhYmlsaWRhZCBkZSBlc2NyaXR1cmEu
Xo+cBw,,W01hc29uIEJlbmRlcl0KQW55IHdobyByZWFkcyB0aGlzIHdpbGwgZGVmaW5pdGVseSBjb21lIHRvIHRoaXMgc3RvcmUgYW5kIGJ1eSA4MW1tIG1vcnRhci4=,,,,,W01hc29uIEJlbmRlcl0KUXVhbHF1ZXIgdW0gcXVlIGxlciBkZWZpbml0aXZhbWVudGUgdmlyw6EgYSBlc3NhIGxvamEgZSBjb21wcmFyw6EgbyBtb3J0ZWlybyBkZSA4MSBtbS4=,,W01hc29uIEJlbmRlcl0KQ3VhbHF1aWVyYSBxdWUgbGVhIGVzdG8sIHNpbiBkdWRhLCB2ZW5kcsOhIGEgZXN0YSB0aWVuZGEgYSBjb21wcmFyIHVuIG1vcnRlcm8gZGUgODFtbS4=
X4+cBw,,TWFzb24gQmVuZGVyOiBUYWxlbnRlZCBidXNpbmVzcyBzZW5zZSBhbmQgdGFsZW50ZWQgbWFya2V0aW5nIHNraWxsfiBIb2hvfg==,,,,,TWFzb24gQmVuZGVyOiBUZW5obyBvIGRvbSBwYXJhIG9zIG5lZ8OzY2lvcyBlIHBhcmEgbyBtYXJrZXRpbmchIEhlaGUh,,TWFzb24gQmVuZGVyOiBUYWxlbnRvc28gc2VudGlkbyBkZSBsb3MgbmVnb2Npb3MgeSB0YWxlbnRvc2EgaGFiaWxpZGFkIGRlIG1hcmtldGluZ34uIEpvLCBqb34u
YI+cBw,,W3swfV0KKFdobydzIGdvaW5nIHRvIGJ1eSBzdWNoIGEgc3R1ZmY/ISk=,,,,,W3swfV0KKFF1ZW0gdmFpIGNvbXByYXIgZXNzYSBjb2lzYT8hKQ==,,W3swfV0KKMKhwr9RdWnDqW4gY29tcHJhcsOtYSBhbGdvIGFzw60/ISku
YY+cBw,,W01hc29uIEJlbmRlcl0KQnV0IEkgaGF2ZSBhIHNsaWdodCBwcm9ibGVtLgpBbHRob3VnaCBJIGJyaW5nIHRoZXNlIHRvIHRoZSB2aWxsYWdlIGJlbmNoIG9yIHBsYXphLCBub25lIG9mIHRoZSB2aWxsYWdlcnMgdGFrZSB0aGUgbGVhZmxldC4=,,,,,W01hc29uIEJlbmRlcl0KTWFzIGV1IHRlbmhvIHVtIHBlcXVlbm8gcHJvYmxlbWEuCkVtYm9yYSBldSBsZXZlIGVzdGVzIHBhbmZsZXRvcyBwYXJhIG8gYmFuY28gb3UgYSBwcmHDp2EgZGEgdmlsYSwgbmVuaHVtIGRvcyBtb3JhZG9yZXMgb3MgYWNlaXRhLg==,,W01hc29uIEJlbmRlcl0KUGVybyB0ZW5nbyB1biBwZXF1ZcOxbyBwcm9ibGVtYS4KQXVucXVlIGxsZXZvIGVzdG9zIGZvbGxldG9zIGFsIGJhbmNvIG8gYSBsYSBwbGF6YSBkZWwgcHVlYmxvLCBuaW5ndW5vIGRlIGxvcyBhbGRlYW5vcyBsb3MgYWNlcHRhLg==
Yo+cBw,,W01hc29uIEJlbmRlcl0KVGhlcmVmb3JlISBZb3UgYnJpbmcgdGhpcyB5b3Vyc2VsZiEgQW5kIGdpdmUgdGhlIGxlYWZsZXRzIGtpbmRseSB0byBlYWNoIHBlcnNvbi4gTWFrZSBzdXJlIHlvdSBwYXNzIGl0IG9uIHNvbWVvbmUncyBoYW5kIHdpdGggYSBraW5kIHNtbGllIG9uIHlvdXIgZmFjZS4=,,,,,W01hc29uIEJlbmRlcl0KUG9ydGFudG8sIHZvY8OqIG1lc21vIGxldmEhIEUgZW50cmVnYSBvcyBwYW5mbGV0b3MgZ2VudGlsbWVudGUgcGFyYSBjYWRhIHBlc3NvYS4gQ2VydGlmaXF1ZS1zZSBkZSBlbnRyZWfDoS1sb3MgbmEgbcOjbyBkYSBwZXNzb2EsIGNvbSB1bSBzb3JyaXNvIGdlbnRpbCBubyBzZXUgcm9zdG8u,,W01hc29uIEJlbmRlcl0KRW50b25jZXMuLi4gwqFMbMOpdmFsb3MgdMO6ISBZIGVudHJlZ2EgbG9zIGZvbGxldG9zIGFtYWJsZW1lbnRlIGEgY2FkYSBwZXJzb25hLiBBc2Vnw7pyYXRlIGRlIGVudHJlZ8OhcnNlbG9zIGNvbiB1bmEgc29ucmlzYSBhbWFibGUgZW4gZWwgcm9zdHJvLg==
Y4+cBw,,W01hc29uIEJlbmRlcl0KTmVtaSBoYXMgYmVlbiBhbmdyeSBhYm91dCB0aGlzIG1hbGlnbml0eSBzdG9jay4gSWYgeW91IGRvIHRoYXQsIHRoZXkgd2lsbCBzdXJlbHkgYmUgc29sZCB3ZWxsLiBIdWh1Li4u,,,,,W01hc29uIEJlbmRlcl0KTmVtaSBlc3TDoSB6YW5nYWRvIGNvbSBvIGVzdG9xdWUuIFNlIHZvY8OqIGZpemVyIGlzc28sIGNvbSBjZXJ0ZXphIGVsZXMgdmVuZGVyw6NvIGJlbS4gSHVodS4uLg==,,W01hc29uIEJlbmRlcl0KTmVtaSBzZSBlbmZhZMOzIHBvciBlc3RvcyBzdW1pbmlzdHJvcyBhcnJ1aW5hZG9zLiBTaSBsbyBoYWNlcywgc2VndXJvIHNlIHZlbmRlcsOhbiBiaWVuLiBKdSwganUuLi4=
ZI+cBw,,W01hc29uIEJlbmRlcl0KTm93ISBJIHdpbGwgZ2l2ZSB5b3UgdGhlIGxlYWZsZXRzLiBTZWUgeW91IQ==,,,,,W01hc29uIEJlbmRlcl0KQWdvcmEhIEV1IGxoZSBkYXJlaSBvcyBwYW5mbGV0b3MuIEF0w6kgbWFpcyE=,,W01hc29uIEJlbmRlcl0KwqFBaG9yYSEgVGUgZGFyw6kgbG9zIGZvbGxldG9zLiDCoU5vcyB2ZW1vcyE=
ZY+cBw,,W01hc29uIEJlbmRlcl0KLi4u,,,,,W01hc29uIEJlbmRlcl0KLi4u,,W01hc29uIEJlbmRlcl0KLi4u
Zo+cBw,,W01hc29uIEJlbmRlcl0KUGhldy4uLiBZb3UgaGF2ZSBiZWVuIHN0aW11bGF0ZWQgYnkgbXkgdGFsZW50ZWQgZWxvcXVlbmNlLiBUaGF0J3Mgd2h5IHlvdSBjYW5ub3QgZXZlbiByZXNwb25kLiBPZiBjb3Vyc2UgSSB1bmRlcnN0YW5kIGl0Li4u,,,,,W01hc29uIEJlbmRlcl0KVWZhLi4uIFZvY8OqIGZvaSBlc3RpbXVsYWRvIHBlbGEgbWluaGEgZWxvcXXDqm5jaWEgdGFsZW50b3NhLiDDiSBwb3IgaXNzbyBxdWUgdm9jw6ogbsOjbyBjb25zZWd1ZSByZXNwb25kZXIuIENsYXJvLCBldSBlbnRlbmRvLi4u,,W01hc29uIEJlbmRlcl0KRml1Li4uIFRlIGFuaW3DqSBjb24gbWkgdGFsZW50b3NhIGVsb2N1ZW5jaWEuIFBvciBlc28gZXMgcXVlIG5pIHNpcXVpZXJhIHB1ZWRlcyByZXNwb25kZXIuIENsYXJvIHF1ZSBsbyBlbnRpZW5kby4uLg==
Z4+cBw,,W01hc29uIEJlbmRlcl0KUGxlYXNlIGNhbG0gZG93biBhbmQgdGFsayB0byBtZSBhZ2Fpbi4gSHVodS4uLg==,,,,,W01hc29uIEJlbmRlcl0KQWNhbG1lLXNlIGUgdmVuaGEgZmFsYXIgY29taWdvIGRlIG5vdm8uIEh1aHUuLi4=,,W01hc29uIEJlbmRlcl0KUG9yIGZhdm9yLCBjw6FsbWF0ZSB5IHZ1ZWx2ZSBhIGhhYmxhciBjb25taWdvLiBKdSwganUuLi4=
aI+cBw,,W3swfV0KLi4uTm90IGV2ZW4gY2xvc2Uh,,,,,W3swfV0KLi4uTsOjbyBwYXNzb3UgbmVtIHBlcnRvIQ==,,W3swfV0KLi4uwqFOaSBkZSBjZXJjYSE=
aY+cBw,,W01hc29uIEJlbmRlcl0KTm93ISBUaGVyZSB5b3UgZ28hCllvdSB3aWxsIGJlIHNwcmVhZGluZyBteSB0YWxlbnRlZCB3cml0aW5nIGluIHRoZSBlbnRpcmUgdmlsbGFnZSE=,,,,,W01hc29uIEJlbmRlcl0KQWdvcmEhIEFxdWkgZXN0w6EhClZvY8OqIGVzdGFyw6EgZXNwYWxoYW5kbyBtaW5oYSBlc2NyaXRhIHRhbGVudG9zYSBwb3IgdG9kYSBhIHZpbGEh,,W01hc29uIEJlbmRlcl0KwqFBaG9yYSEgwqFBcXXDrSB0aWVuZXMhCsKhRGlmdW5kaXLDoXMgbWkgdGFsZW50b3NhIGVzY3JpdHVyYSBwb3IgdG9kYSBsYSBhbGRlYSE=
ao+cBw,,W01hc29uIEJlbmRlcl0KV2hvb3BzLi4uIEhhdmUgeW91IGxvc3QgdGhlIGxlYWZsZXRzPw==,,,,,W01hc29uIEJlbmRlcl0KT29vcHMuLi4gVm9jw6ogcGVyZGV1IG9zIHBhbmZsZXRvcz8=,,W01hc29uIEJlbmRlcl0KVXkuLi4gwr9QZXJkaXN0ZSBsb3MgZm9sbGV0b3M/
a4+cBw,,W01hc29uIEJlbmRlcl0KUGxlYXNlIGRvbid0IG1pc3RyZWF0IHRoZSBsZWFmbGV0cy4gVGhpcyB0aW1lLCBJIHdpbGwgZ2l2ZSB0aGVtIHRvIHlvdSBhZ2Fpbi4=,,,,,W01hc29uIEJlbmRlcl0KUG9yIGZhdm9yLCBjdWlkZSBiZW0gZG9zIHBhbmZsZXRvcy4gRGVzc2EgdmV6LCB2b3UgZGFyIG1haXMgYWxndW5zIHBhcmEgdm9jw6ou,,W01hc29uIEJlbmRlcl0KTm8gZXN0cm9wZWVzIGxvcyBmb2xsZXRvcy4gRXN0YSB2ZXosIHRlIGxvcyBkYXLDqSBkZSBudWV2by4=
bI+cBw,,W01hc29uIEJlbmRlcl0KV2VsY29tZSBiYWNrISBIb3cgZGlkIHRoZXkgcmVzcG9uZD8=,,,,,W01hc29uIEJlbmRlcl0KT2zDoSBkZSBub3ZvISBDb21vIGVsZXMgcmVhZ2lyYW0/,,W01hc29uIEJlbmRlcl0KSG9sYSBkZSBudWV2by4gwr9Dw7NtbyByZXNwb25kaWVyb24/
bY+cBw,,W3swfV0KV2VsbC4uLiBKdXN0IHNvIHNvLi4u,,,,,W3swfV0KQm9tLi4uIFPDsyBhc3NpbS4uLg==,,W3swfV0KQnVlbm8uLi4gVGFuIHNvbG8gbXV5Li4u
bo+cBw,,W01hc29uIEJlbmRlcl0KT2g/IFJlYWxseT8h,,,,,W01hc29uIEJlbmRlcl0KQWg/IFZlcmRhZGU/IQ==,,W01hc29uIEJlbmRlcl0Kwr9FaD8gwr9EZSB2ZXJkYWQ/
b4+cBw,,W01hc29uIEJlbmRlcl0KLi4uT2gsIEkgc2VlLiBNeSBwaW5rIGJyYWluIGNlbGxzIGZpbmlzaGVkIHRoZSBkZWR1Y3Rpb24hClRoZXkgaGF2ZW4ndCByZWFkIG15IGxlYWZsZXRzIHlldCE=,,,,,W01hc29uIEJlbmRlcl0KLi4uQWgsIGVudGVuZG8uIE1ldXMgbmV1csO0bmlvcyBjaGVnYXJhbSBhIHVtYSBjb25jbHVzw6NvIQpFbGVzIG7Do28gbGVyYW0gbWV1cyBwYW5mbGV0b3MgYWluZGEh,,W01hc29uIEJlbmRlcl0KLi4uT2gsIHlhIHZlby4gwqFNaXMgbmV1cm9uYXMgaGljaWVyb24gbGEgZGVkdWNjacOzbiEKwqFUb2RhdsOtYSBubyBoYW4gbGXDrWRvIG1pcyBmb2xsZXRvcyE=
cI+cBw,,W01hc29uIEJlbmRlcl0KVGhleSB3ZXJlIGZhc2NpbmF0ZWQgYnkgbXkgdGFsZW50ZWQgb3BlbmluZyBzbyB0aGV5IGZvcmdvdCB0byByZWFkIHRoZSByZXN0IG9mIHRoZSBsZWFmbGV0IQ==,,,,,W01hc29uIEJlbmRlcl0KRWxlcyBmaWNhcmFtIGZhc2NpbmFkb3MgY29tIGEgaW50cm9kdcOnw6NvIHRhbGVudG9zYSBlIGVzcXVlY2VyYW0gZGUgbGVyIG8gcmVzdG8gZG8gcGFuZmxldG8h,,W01hc29uIEJlbmRlcl0KwqFFc3RhYmFuIHRhbiBmYXNjaW5hZG9zIHBvciBsYSB0YWxlbnRvc2EgaW50cm9kdWNjacOzbiBxdWUgc2Ugb2x2aWRhcm9uIGRlIGxlZXIgZWwgcmVzdG8gZGVsIGZvbGxldG8h
cY+cBw,,W01hc29uIEJlbmRlcl0KSHVodS4uLiBJIGNhbid0IGRvIGFueXRoaW5nIGFib3V0IGl0LiBMZXQgdXMgd2FpdCBldmVubHku,,,,,W01hc29uIEJlbmRlcl0KSHVodS4uLiBOw6NvIHBvc3NvIGZhemVyIG5hZGEgYSByZXNwZWl0by4gVmFtb3MgYWd1YXJkYXIu,,W01hc29uIEJlbmRlcl0KSnUsIGp1Li4uIE5vIHB1ZWRvIGhhY2VyIG5hZGEgYWwgcmVzcGVjdG8uIEVzcGVyZW1vcyBjb24gY2FsbWEu
co+cBw,,W01hc29uIEJlbmRlcl0KVGhlcmUgd2lsbCBiZSBzbyBtYW55IHBlb3BsZSB2aXNpdGluZyB1cyB0b21vcnJvdy4gU28gSSB3aWxsIGFzayBFcmkgYWJvdXQgaG93IHRvIHJlY2VpdmUgbWFueSBjdXN0b21lcnMu,,,,,W01hc29uIEJlbmRlcl0KSGF2ZXLDoSB0YW50YXMgcGVzc29hcyBub3MgdmlzaXRhbmRvIGFtYW5ow6MuIFZvdSBwZXJndW50YXIgw6AgRXJpIGNvbW8gcmVjZXBjaW9uYXIgdGFudG9zIGNsaWVudGVzLg==,,W01hc29uIEJlbmRlcl0KTWHDsWFuYSBub3MgdmlzaXRhcsOhIG11Y2hhIGdlbnRlLiBMZSBwcmVndW50YXLDqSBhIEVyaSBjw7NtbyBhdGVuZGVyIHRhbnRvcyBjbGllbnRlcy4=
c4+cBw,,W01hc29uIEJlbmRlcl0KSWYgeW91IGRvbid0IG1pbmQsIGNvdWxkIHlvdSBwbGVhc2UgY29tZSBiYWNrIHRvbW9ycm93IGFuZCBoZWxwIG1lIHJlY2VpdmluZyBjdXN0b21lcnM/IEh1aHUuLi4=,,,,,W01hc29uIEJlbmRlcl0KU2UgbsOjbyBzZSBpbXBvcnRhciwgcG9kZXJpYSB2b2x0YXIgYW1hbmjDoyBlIG1lIGFqdWRhciBhIHJlY2ViZXIgb3MgY2xpZW50ZXM/IEh1aHUuLi4=,,W01hc29uIEJlbmRlcl0KU2kgbm8gdGUgaW1wb3J0YSwgwr9wb2Ryw61hcyByZWdyZXNhciBtYcOxYW5hIHkgYXl1ZGFybWUgYSBkYXIgbGEgYmllbnZlbmlkYSBhIGxvcyBjbGllbnRlcz8gSnUsIGp1Li4u
dI+cBw,,W01hc29uIEJlbmRlcl0KV2VsY29tZSEgR2xhZCB0byBtZWV0IHlvdSEgSGF2ZSB5b3UgY29tZSB0byBidXkgdGhlIG1vcnRhci4uLiBPaD8KLi4uSXQncyB5b3UsIGFkdmVudHVyZXIuIFdlbGNvbWUu,,,,,W01hc29uIEJlbmRlcl0KQm9hcy12aW5kYXMhIFByYXplciBlbSBsaGUgY29uaGVjZXIhIFZvY8OqIHZlaW8gY29tcHJhciBvIG1vcnRlaXJvLi4uIEFoPwouLi7DiSB2b2PDqiwgdmlhamFudGUuIEJvYXMtdmluZGFzLg==,,W01hc29uIEJlbmRlcl0KwqFUZSBkb3kgbGEgYmllbnZlbmlkYSEgRXMgdW4gcGxhY2VyLiBWaW5pc3RlIGEgY29tcHJhciBlbCBtb3J0ZXJvLi4uIMK/RWg/Ci4uLkVyZXMgdMO6LCB0cm90YW11bmRvcy4gSG9sYS4=
dY+cBw,,W3swfV0KV2FpdC4gV2VyZSB5b3UgZGlzYXBwb2ludGVkISBZb3Ugd2VyZSEKU2VlbXMgbGlrZSB5b3VyIGJ1c2luZXNzIGlzIGluIHRyb3VibGUu,,,,,W3swfV0KRXNwZXJlLiBWb2PDqiBmaWNvdSBkZWNlcGNpb25hZG8hClBhcmVjZSBxdWUgbyBzZXUgbmVnw7NjaW8gZXN0w6EgY29tIHByb2JsZW1hcy4=,,W3swfV0KRXNwZXJhLiDCoVRlIGRlY2VwY2lvbmFzdGUhIMKhTG8gaGljaXN0ZSEKUGFyZWNlIHF1ZSB0dSBuZWdvY2lvIHRpZW5lIHByb2JsZW1hcy4=
do+cBw,,W01hc29uIEJlbmRlcl0KTm8hIFRoZSBidXllcnMgYXJlIHN0cmF0ZWdpY2FsbHkganVkZ2luZyB0aGUgc2l0dWF0aW9uLiBJbiBvdGhlciB3b3JkcywgdGhleSBhcmUgd2FybWluZyB1cC4=,,,,,W01hc29uIEJlbmRlcl0KTsOjbyEgT3MgY29tcHJhZG9yZXMgZXN0w6NvIGF2YWxpYW5kbyBlc3RyYXRlZ2ljYW1lbnRlIGEgc2l0dWHDp8Ojby4gRW0gb3V0cmFzIHBhbGF2cmFzLCBlc3TDo28gc2UgYXF1ZWNlbmRvLg==,,W01hc29uIEJlbmRlcl0KwqFObyEgTG9zIGNvbXByYWRvcmVzIGp1emdhbiBlc3RyYXTDqWdpY2FtZW50ZSBsYSBzaXR1YWNpw7NuLiBFbiBvdHJhcyBwYWxhYnJhcywgc2UgZXN0w6FuIHByZXBhcmFuZG8u
d4+cBw,,W01hc29uIEJlbmRlcl0KU29vbiB0aGV5IHdpbGwgcmVhbGl6ZSB0aGF0IGJ1eWluZyB0aGlzIG1vcnRhciB3aWxsIGJyaW5nIHRoZW0gZ3JlYXQgcHJvZml0IGFuZCBydXNoIHRvIENsYW5hIE5lbWllcmkhIENvbWUgb24sIGlmIHlvdSBhcmUgbm90IGJ1eWluZyBhbnl0aGluZywgcGxlYXNlIGxlYXZlISBDb21lIGJhY2sgbGF0ZXIh,,,,,W01hc29uIEJlbmRlcl0KTG9nbyBlbGVzIHbDo28gcGVyY2ViZXIgcXVlIGNvbXByYXIgZXN0ZSBtb3J0ZWlybyB0cmFyw6EgdW0gZ3JhbmRlIGx1Y3JvIGUgY29ycmVyw6NvIHBhcmEgQ2xhbmEgTmVtaWVyaSEgUXVhbCDDqSwgc2Ugdm9jw6ogbsOjbyB2YWkgY29tcHJhciBuYWRhLCBwb3IgZmF2b3IsIHbDoSBlbWJvcmEhIFZvbHRlIG1haXMgdGFyZGUh,,W01hc29uIEJlbmRlcl0KwqFQcm9udG8gc2UgZGFyw6FuIGN1ZW50YSBkZSBxdWUgY29tcHJhciBlc3RlIG1vcnRlcm8gbGVzIGRhcsOhIGdyYW5kZXMgYmVuZWZpY2lvcyB5IGNvcnJlcsOhbiBoYWNpYSBDbGFuYSBOZW1pZXJpISBWYW1vcywgc2kgbm8gcXVpZXJlcyBjb21wcmFyIG5hZGEsIMKhdmV0ZSEgwqFWdWVsdmUgbcOhcyB0YXJkZSE=
eI+cBw,,W3swfV0KSG93IG1hbnkgb2YgdGhlbSBkaWQgeW91IHNlbGwh,,,,,W3swfV0KUXVhbnRvcyBkZWxlcyB2b2PDqiB2ZW5kZXU/IQ==,,W3swfV0Kwr9DdcOhbnRvcyB2ZW5kaXN0ZT8=
eY+cBw,,W01hc29uIEJlbmRlcl0KXkZGMDAwMFBsZWFzZSBsZWF2ZSEhIV4wMDAwMDA=,,,,,W01hc29uIEJlbmRlcl0KXkZGMDAwMFBvciBmYXZvciwgc2FpYSEhIV4wMDAwMDA=,,W01hc29uIEJlbmRlcl0KXkZGMDAwMMKhUG9yIGZhdm9yLCB2ZXRlIV4wMDAwMDA=
eo+cBw,,W05lbWldCkhvdyBtYW55IG9mIHRoZW0/IE5vdCBhIHNpbmdsZSBtb3J0YXIu,,,,,W05lbWldClF1YW50b3M/IE5lbSB1bSDDum5pY28gbW9ydGVpcm8u,,W05lbWldCsK/Q3XDoW50b3Mgc29uPyBOaSB1biBzb2xvIG1vcnRlcm8u
e4+cBw,,W05lbWldCk1hc29uIGlzIGFuIGV4Y2VsbGVudCBzbmlwZXIgYW5kIHBlb3BsZSBjYWxsZWQgaGltIGdlbml1cy4gQWZ0ZXIgaGUgZ290IGluanVyZWQsIGhlIHZvbHVudGVlcmVkIGhlcmUgcHJvdmlzaW9uYWxseSBhbmQgbm93IGhlIGxvdmVzIHRoaXMgam9iLg==,,,,,W05lbWldCk1hc29uIMOpIHVtIGV4Y2VsZW50ZSBhdGlyYWRvciBkZSBlbGl0ZSBlIGFzIHBlc3NvYXMgbyBjaGFtYW0gZGUgZ8OqbmlvLiBEZXBvaXMgcXVlIHNlIG1hY2h1Y291LCBlbGUgc2Ugdm9sdW50YXJpb3UgYXF1aSB0ZW1wb3JhcmlhbWVudGUsIGUgYWdvcmEgZWxlIGFtYSBlc3RlIHRyYWJhbGhvLg==,,W05lbWldCk1hc29uIGVzIHVuIGV4Y2VsZW50ZSBmcmFuY290aXJhZG9yIHkgbGEgZ2VudGUgbG8gbGxhbWFiYSBnZW5pby4gRGVzcHXDqXMgZGUgbGVzaW9uYXJzZSwgc2Ugb2ZyZWNpw7MgY29tbyB2b2x1bnRhcmlvIGFxdcOtIHRlbXBvcmFsbWVudGUgeSBhaG9yYSBsZSBlbmNhbnRhIGVzdGUgdHJhYmFqby4=
fI+cBw,,W05lbWldCkFsdGhvdWdoIGhlIGRvZXMgbm90IGhhdmUgYW55IHRhbGVudCBpbiBjb21tZXJjZSwgaGUgaXMgbWlzdW5kZXJzdGFuZGluZyBzb21ldGhpbmcgYnkgY2hhbmNlLiBOb3cgaGUgaXMgc28gZXhjaXRlZCBhbmQgaGFzIHRvbyBtYW55IGlyb25zIGluIHRoZSBmaXJlLg==,,,,,W05lbWldCkVsZSBuw6NvIHRlbSBuZW5odW0gdGFsZW50byBwYXJhIG8gY29tw6lyY2lvLCBlbnTDo28gZWxlIGVudGVuZGV1IGFsZ28gZXJyYWRvLiBBZ29yYSBlbGUgZXN0w6EgdMOjbyBhbmltYWRvIGUgdGVtIG11aXRvcyBmZXJyb3Mgbm8gZm9nby4=,,W05lbWldCkF1bnF1ZSBubyB0aWVuZSBuaW5nw7puIHRhbGVudG8gcGFyYSBsb3MgbmVnb2Npb3MsIGVzdMOhIG1hbGludGVycHJldGFuZG8gYWxnbyBwb3IgY2FzdWFsaWRhZC4gQWhvcmEgZXN0w6EgbXV5IGVtb2Npb25hZG8geSB0aWVuZSB2YXJpb3MgYXN1bnRvcyBlbnRyZSBtYW5vcy4=
fY+cBw,,W0VyaV0KSSBndWVzcyB3ZSBoYXZlIHRvIHN0b3AgaGltIGFzIHNvb24gYXMgcG9zc2libGUuCk90aGVyd2lzZSB0aGUgc3RvcmUgbWlnaHQgYmUgY29tcGxldGVseSBydWluZWQu,,,,,W0VyaV0KQWNobyBxdWUgdGVtb3MgcXVlIGltcGVkaS1sbyBvIHF1YW50byBhbnRlcy4KQ2FzbyBjb250csOhcmlvLCBhIGxvamEgcG9kZSBzZXIgY29tcGxldGFtZW50ZSBhcnJ1aW5hZGEu,,W0VyaV0KU3Vwb25nbyBxdWUgdGVuZW1vcyBxdWUgZGV0ZW5lcmxvIGxvIGFudGVzIHBvc2libGUuCkRlIGxvIGNvbnRyYXJpbywgbGEgdGllbmRhIHBvZHLDrWEgYXJydWluYXJzZSBwb3IgY29tcGxldG8u
fo+cBw,,W0VyaV0KSSBhcG9sb2dpemUgb24gYmVoYWxmIG9mIE1hc29uIHRoYXQgaGUga2lja2VkIHlvdSBvdXQuIFBsZWFzZSBjb21lIGJhY2sgdG9tb3Jyb3cgYW5kIGdpdmUgaGltIGEgdmFsdWFibGUgYWR2aWNlIHNvIHRoYXQgaGUgY2FuIHJvdXNlIGhpbXNlbGYu,,,,,W0VyaV0KUGXDp28gZGVzY3VscGFzIGVtIG5vbWUgZG8gTWFzb24gcG9yIGVsZSB0ZXIgdGUgZXhwdWxzYWRvLiBQb3IgZmF2b3IsIHZvbHRlIGFtYW5ow6MgZSBkw6ogYSBlbGUgdW0gY29uc2VsaG8gdmFsaW9zbyBwYXJhIHF1ZSBlbGUgYWNvcmRlLg==,,W0VyaV0KUGlkbyBkaXNjdWxwYXMgZW4gbm9tYnJlIGRlIE1hc29uIHF1ZSB0ZSBlY2jDsy4gUG9yIGZhdm9yLCByZWdyZXNhIG1hw7FhbmEgeSBkYWxlIHVuIHZhbGlvc28gY29uc2VqbyBwYXJhIHF1ZSBwdWVkYSBhbmltYXJzZS4=
f4+cBw,,W01hc29uIEJlbmRlcl0KV2VsY29tZSEgQ2xhbmEgTmVtaWVyaS4uLiBPaD8=,,,,,W01hc29uIEJlbmRlcl0KQm9hcy12aW5kYXMhIENsYW5hIE5lbWllcmkuLi4gQWg/,,W01hc29uIEJlbmRlcl0KwqFIb2xhISBDbGFuYSBOZW1pZXJpLi4uIMK/RWg/
gI+cBw,,W01hc29uIEJlbmRlcl0KLi4uT2gsIHdoYXQgaXMgaXQ/ezB9SXQgd2FzIHlvdS4gSSB0aG91Z2h0IGl0IHdhcyBhIGN1c3RvbWVyLi4u,,,,,W01hc29uIEJlbmRlcl0KLi4uQWgsIG8gcXVlIMOpPyB7MH0/IEVyYSB2b2PDqi4gUGVuc2VpIHF1ZSBmb3NzZSB1bSBjbGllbnRlLi4u,,W01hc29uIEJlbmRlcl0KLi4uT2gsIMK/cXXDqSBzdWNlZGnDsz8gwr97MH0/IEVyYXMgdMO6LiBQZW5zw6kgcXVlIGVyYSB1biBjbGllbnRlLi4u
gY+cBw,,W3swfV0KRGlkIHlvdSBzZWxsIHlvdXIgY2Fubm9ucz8=,,,,,W3swfV0KVm9jw6ogdmVuZGV1IHNldXMgY2FuaMO1ZXM/,,W3swfV0Kwr9WZW5kaXN0ZSB0dXMgY2HDsW9uZXM/
go+cBw,,W01hc29uIEJlbmRlcl0KVGhleSBhcmUgbW9ydGFycywgbm90IGNhbm5vbnMuIEkgdGhvdWdodCB0aGV5IHdvdWxkIGJlIHNvbGQgdG9kYXkuLi4=,,,,,W01hc29uIEJlbmRlcl0KU8OjbyBtb3J0ZWlyb3MsIG7Do28gY2FuaMO1ZXMuIEFjaGVpIHF1ZSBlbGVzIHNlcmlhbSB2ZW5kaWRvcyBob2plLi4u,,W01hc29uIEJlbmRlcl0KU29uIG1vcnRlcm9zLCBubyBjYcOxb25lcy4gUGVuc8OpIHF1ZSBzZSB2ZW5kZXLDrWFuIGhveS4uLg==
g4+cBw,,W01hc29uIEJlbmRlcl0KVGhpcyBpcyBzdHJhbmdlLiBBY2NvcmRpbmcgdG8gbXkgY2FsY3VsYXRpb24sIHRoZXNlIG1vcnRhcnMgc2hvdWxkIGhhdmUgYmVlbiBzb2xkIHRvZGF5Li4uIEFuZCBmb3VyIGRheXMgbGF0ZXIsIHdlIGFyZSBzdXBwb3NlZCB0byByZWFjaCB0aGUgYnJlYWstZXZlbiBwb2ludC4gQWZ0ZXIgdGhhdCwgd2Ugd2lsbCBiZWdpbiB0aGUgdHVybmFyb3VuZC4=,,,,,W01hc29uIEJlbmRlcl0KSXNzbyDDqSBlc3RyYW5oby4gRGUgYWNvcmRvIGNvbSBvcyBtZXVzIGPDoWxjdWxvcywgZXN0ZXMgbW9ydGVpcm9zIGRldmVyaWFtIHRlciBzaWRvIHZlbmRpZG9zIGhvamUuLi4gRSBxdWF0cm8gZGlhcyBkZXBvaXMsIGRldmVtb3MgYXRpbmdpciBvIHBvbnRvIGRlIGVxdWlsw61icmlvLiBEZXBvaXMgZGlzc28sIGNvbWXDp2FyZW1vcyBhIGx1Y3Jhci4=,,W01hc29uIEJlbmRlcl0KRXN0byBlcyBleHRyYcOxby4uLiBTZWfDum4gbWlzIGPDoWxjdWxvcywgZXN0b3MgbW9ydGVyb3MgZGViZXLDrWFuIGhhYmVyc2UgdmVuZGlkbyBob3kuLi4gWSwgY3VhdHJvIGTDrWFzIGRlc3B1w6lzLCBzZSBzdXBvbmUgcXVlIGRlYmVyw61hbW9zIGFsY2FuemFyIGVsIHB1bnRvIGRlIGVxdWlsaWJyaW8uIERlc3B1w6lzIGRlIGVzbywgY29tZW56YXLDrWFtb3MgYSBzZXIgcmVudGFibGVzLg==
hI+cBw,,W01hc29uIEJlbmRlcl0KSSBkb24ndCBrbm93IHdoeS4gSG1tLi4KV2hpbGUgSSBhbmFseXplIHRoZSBwaGVub21lbm9uLHswfUNvdWxkIHlvdSBwbGVhc2UgaGFuZCBvdXQgdGhlIGxlYWZsZXRzIHRvIHZpbGxhZ2VycyBvbmNlIGFnYWluPw==,,,,,W01hc29uIEJlbmRlcl0KTsOjbyBzZWkgbyBwb3JxdcOqLiBIdW0uLi4KRW5xdWFudG8gYW5hbGlzbyBvIGZlbsO0bWVubywgezB9LCBwb2RlcmlhIGVudHJlZ2FyIGVzc2VzIHBhbmZsZXRvcyBhb3MgbW9yYWRvcmVzIGRlIG5vdm8/,,W01hc29uIEJlbmRlcl0KTm8gc8OpIHBvciBxdcOpLiBNbW0uLi4KTWllbnRyYXMgYW5hbGl6byBlbCBmZW7Ds21lbm8sIHswfSwgwr9wb2Ryw61hcyB2b2x2ZXIgYSByZXBhcnRpciBsb3MgZm9sbGV0b3MgZW50cmUgbG9zIGFsZGVhbm9zPw==
hY+cBw,,W01hc29uIEJlbmRlcl0KR28gdG8gdGhlIHZpbGxhZ2UgYW5kIGZpbmQgdGhyZWUgcGVvcGxlIHdobyBzZWVtIHRvIG5lZWQgdGhlIG1vcnRhciBlYXJuZXN0bHkuIEFuZCBnaXZlIHRoZW0gdGhlc2UgbGVhZmxldHMu,,,,,W01hc29uIEJlbmRlcl0KVsOhIMOgIHZpbGEgZSBlbmNvbnRyZSB0csOqcyBwZXNzb2FzIHF1ZSBwYXJlY2VtIHByZWNpc2FyIG1lc21vIGRlIG1vcnRlaXJvcy4gRSBkw6ogYSBlbGFzIGVzdGVzIHBhbmZsZXRvcy4=,,W01hc29uIEJlbmRlcl0KVmUgYSBsYSBhbGRlYSB5IGJ1c2NhIGEgdHJlcyBwZXJzb25hcyBxdWUgcGFyZXpjYW4gbmVjZXNpdGFyIHJlYWxtZW50ZSBlbCBtb3J0ZXJvIHkgZGFsZXMgZXN0b3MgZm9sbGV0b3Mu
ho+cBw,,U29ycnkuIEkgd29uJ3QgZG8gaXQu,,,,,RGVzY3VscGUuIE7Do28gZmFyZWkgaXNzby4=,,TG8gc2llbnRvLiBObyBsbyBoYXLDqS4=
h4+cBw,,W01hc29uIEJlbmRlcl0KTXkgYnJhaW4gY2VsbHMgYWxyZWFkeSBrbmV3IHRoYXQgeW91IHdvdWxkIGFjY2VwdCBpdC4KVGhyZWUgc2hlZXRzIG9mIGxlYWZsZXRzLiBJIHdpbGwgY291bnQgb24geW91Lg==,,,,,W01hc29uIEJlbmRlcl0KTWV1cyBuZXVyw7RuaW9zIGrDoSBzYWJpYW0gcXVlIHZvY8OqIGFjZWl0YXJpYS4KVHLDqnMgZm9saGFzIGRlIHBhbmZsZXRvcy4gRXN0b3UgY29udGFuZG8gY29tIHZvY8OqLg==,,W01hc29uIEJlbmRlcl0KTWlzIG5ldXJvbmFzIHlhIHNhYsOtYW4gcXVlIGxvIGFjZXB0YXLDrWFzLgpUcmVzIGZvbGxldG9zLiBDdWVudG8gY29udGlnby4=
iI+cBw,,W3swfV0KKEkgZG9uJ3QgdGhpbmsgdGhlcmUgd2lsbCBiZSBhbnlvbmUgd2hvIHNlZW0gdG8gbmVlZCB0aGUgbW9ydGFyIGVhcm5lc3RseSk=,,,,,W3swfV0KKEV1IG7Do28gYWNobyBxdWUgaGF2ZXLDoSBuaW5ndcOpbSBwcmVjaXNhbmRvIHJlYWxtZW50ZSBkZSB1bSBtb3J0ZWlybyk=,,W3swfV0KKE5vIGNyZW8gcXVlIHB1ZWRhIGVuY29udHJhciBhIGFsZ3VpZW4gcXVlIHBhcmV6Y2EgbmVjZXNpdGFyIHJlYWxtZW50ZSBlbCBtb3J0ZXJvKS4=
iY+cBw,,W01hc29uIEJlbmRlcl0KQ29tZSBvbi4uLiBXaHkgYXJlbid0IHlvdSBoZWxwaW5nIG1lPw==,,,,,W01hc29uIEJlbmRlcl0KUXVhbCDDqS4uLiBQb3IgcXVlIHZvY8OqIG7Do28gZXN0w6EgbWUgYWp1ZGFuZG8/,,W01hc29uIEJlbmRlcl0KVmFtb3MuLi4gwr9Qb3IgcXXDqSBubyBtZSBheXVkYXM/
io+cBw,,W3swfV0KV2VsbCwgbm9ib2R5IG5lZWRzIGEgbW9ydGFyIGhlcmUu,,,,,W3swfV0KQmVtLCBuaW5ndcOpbSBwcmVjaXNhIGRlIHVtIG1vcnRlaXJvIGFxdWku,,W3swfV0KQnVlbm8sIGFxdcOtIG5hZGllIG5lY2VzaXRhIHVuIG1vcnRlcm8u
i4+cBw,,W01hc29uIEJlbmRlcl0KSWYgeW91IGNhbiBvbmx5IHNlbGwgc29tZXRoaW5nIHRvIHNvbWVvbmUgd2hvIG5lZWRzIGl0LCB5b3UgYXJlIGEgbmV3YmllLiBJIHdpbGwgc2VsbCBzb21ldGhpbmcgdG8gc29tZSBwZW9wbGUsIGFuZCB0aGV5IHdpbGwgbmVlZCBpdCBqdXN0IGJlY2F1c2UgdGhleSBib3VnaHQgaXQh,,,,,W01hc29uIEJlbmRlcl0KU2Ugdm9jw6ogc8OzIGNvbnNlZ3VpciB2ZW5kZXIgYWxnbyBwYXJhIGFsZ3XDqW0gcXVlIHByZWNpc2EsIHZvY8OqIMOpIHVtIGFtYWRvci4gRXUgdm91IHZlbmRlciBhbGdvIHBhcmEgYWxndW1hcyBwZXNzb2FzLCBlIGVsYXMgdsOjbyBwcmVjaXNhciBzw7MgcG9ycXVlIGNvbXByYXJhbSE=,,W01hc29uIEJlbmRlcl0KU2kgc29sbyBwdWVkZXMgdmVuZGVyIGFsZ28gYSBhbGd1aWVuIHF1ZSBsbyBuZWNlc2l0YSwgZXJlcyB1biBwcmluY2lwaWFudGUuIFZlbmRlcsOpIGFsZ28gYSBhbGd1bmFzIHBlcnNvbmFzLCDCoXkgbG8gbmVjZXNpdGFyw6FuIHNvbG8gcG9yIGhhYmVybG8gY29tcHJhZG8h
jI+cBw,,W01hc29uIEJlbmRlcl0KSSB3aWxsIHNlbGwgZWxlY3RyaWMgaGVhdGVycyB0byB0aGUgcGVvcGxlIG9mIE1vcm9jLiBBbmQgSSB3aWxsIHNlbGwgcmVmcmlnZXJhdG9ycyBpbiBNYW51YyE=,,,,,W01hc29uIEJlbmRlcl0KVm91IHZlbmRlciBhcXVlY2Vkb3JlcyBlbMOpdHJpY29zIHBhcmEgYXMgcGVzc29hcyBlbSBNb3Jyb2MuIEUgYXIgY29uZGljaW9uYWRvIGVtIEx1dGllIQ==,,W01hc29uIEJlbmRlcl0KVmVuZGVyw6kgY2FsZW50YWRvcmVzIGVsw6ljdHJpY29zIGEgbGEgZ2VudGUgZGUgTW9ycm9jLiDCoVkgdmVuZGVyw6kgcmVmcmlnZXJhZG9yZXMgZW4gTWFudWsh
jY+cBw,,W0VyaV0KLi4uSSBob3BlIGhlIHVzZXMgdGhhdCBwYXNzaW9uIGVsc2V3aGVyZS4=,,,,,W0VyaV0KLi4uRXNwZXJvIHF1ZSBlbGUgdXNlIGVzc2EgcGFpeMOjbyBlbSBvdXRybyBsdWdhci4=,,W0VyaV0KLi4uRXNwZXJvIHF1ZSB1c2UgZXNhIHBhc2nDs24gZW4gb3RyYSBwYXJ0ZS4=
jo+cBw,,W01hc29uIEJlbmRlcl0KTm93LCBJIGNvdW50IG9uIHlvdS4KSW4gdGhlIG1lYW50aW1lLCBJIHdpbGwgZ2V0IHJlYWR5IHRvIHJlY2VpdmUgY3VzdG9tZXJzLg==,,,,,W01hc29uIEJlbmRlcl0KQWdvcmEsIGNvbnRvIGNvbSB2b2PDqi4KRW5xdWFudG8gaXNzbywgdm91IG1lIHByZXBhcmFyIHBhcmEgcmVjZWJlciBvcyBjbGllbnRlcy4=,,W01hc29uIEJlbmRlcl0KQnVlbm8sIGN1ZW50byBjb250aWdvLgpNaWVudHJhcyB0YW50bywgbWUgcHJlcGFyYXLDqSBwYXJhIHJlY2liaXIgYSBsb3MgY2xpZW50ZXMu
j4+cBw,,W01hc29uIEJlbmRlcl0KT2g/IFJlYWxseT8hCklmIEkgd2VyZSB5b3UsIEkgd291bGQgaGF2ZSByZWFkIHRoZSBzdHJvbmcgZGVzaXJlIGFuZCBmbHV0dGVyIHRvd2FyZCBtb3J0YXJzIGluIHRoZWlyIGV5ZXMgdXNpbmcgbXkgdGFsZW50ZWQgaW50dWl0aW9uLg==,,,,,W01hc29uIEJlbmRlcl0KQWg/IFZlcmRhZGU/IQpTZSBldSBmb3NzZSB2b2PDqiwgZXUgdGVyaWEgcGVyY2ViaWRvIG8gZm9ydGUgZGVzZWpvIGUgYW5pbWHDp8OjbyBjb20gbW9ydGVpcm9zIG5vcyBvbGhvcyBkZWxlcyB1c2FuZG8gbWluaGEgaW50dWnDp8OjbyB0YWxlbnRvc2Eu,,W01hc29uIEJlbmRlcl0Kwr9FaD8gwr9EZSB2ZXJkYWQ/ClNpIGZ1ZXNlIHTDuiwgaHViaWVzZSBsZcOtZG8gZW4gc3VzIG9qb3MgZWwgZnVlcnRlIGRlc2VvIHkgbGEgZW1vY2nDs24gaGFjaWEgbG9zIG1vcnRlcm9zIHVzYW5kbyBtaSB0YWxlbnRvc2EgaW50dWljacOzbi4=
kI+cBw,,W01hc29uIEJlbmRlcl0KVGhlbiBJIHdpbGwgZ2V0IHJlYWR5IHRvIHJlY2VpdmUgY3VzdG9tZXJzIGFnYWluIQpJIHdpbGwgYmUgYnVzeSB0b21vcnJvdy4gSWYgeW91IHdhbnQgdG8gdmlzaXQgdXMsIG1ha2UgYSByZXNlcnZhdGlvbiBpbiBhZHZhbmNlLg==,,,,,W01hc29uIEJlbmRlcl0KRW50w6NvIGV1IHZvdSBtZSBwcmVwYXJhciBwYXJhIHJlY2ViZXIgY2xpZW50ZXMgZGUgbm92byEKRXN0YXJlaSBvY3VwYWRvIGFtYW5ow6MuIFNlIHZvY8OqIHF1aXNlciBub3MgdmlzaXRhciwgZmHDp2EgdW1hIHJlc2VydmEgY29tIGFudGVjZWTDqm5jaWEu,,W01hc29uIEJlbmRlcl0KQmllbi4gTWUgcHJlcGFyYXLDqSBwYXJhIHZvbHZlciBhIHJlY2liaXIgY2xpZW50ZXMuCk1hw7FhbmEgZXN0YXLDqSBvY3VwYWRvLiBTaSBxdWllcmVzIHZpc2l0YXJub3MsIGhheiB1bmEgcmVzZXJ2YSBjb24gYW50ZWxhY2nDs24u
kY+cBw,,W01hc29uIEJlbmRlcl0KSG1tLi4uIEl0J3Mgc3RyYW5nZS4gV2h5IGlzIGl0IHlvdSBhZ2Fpbiwgbm90IGEgY3VzdG9tZXI/CklmIEkga2VlcCBzYXlpbmcgdGhlIHNhbWUgdGhpbmcsIHByaW50IHRoZSBzY3JlZW4gYW5kIGFzayB0aGUgYWRtaW5pc3RyYXRpb24gdGVhbS4=,,,,,W01hc29uIEJlbmRlcl0KSHVtbS4uLiDDiSBlc3RyYW5oby4gUG9yIHF1ZSDDqSB2b2PDqiBkZSBub3ZvLCBlIG7Do28gdW0gY2xpZW50ZT8KU2UgZXUgY29udGludWFyIGZhbGFuZG8gYSBtZXNtYSBjb2lzYSwgY2FwdHVyZSB1bWEgaW1hZ2VtIGRhIHRlbGEgZSBlbnRyZSBlbSBjb250YXRvIGNvbSBhIGVxdWlwZSBhZG1pbmlzdHJhdGl2YS4=,,W01hc29uIEJlbmRlcl0KTW1tLi4uIEVzIGV4dHJhw7FvLiDCv1BvciBxdcOpIGVyZXMgdMO6IGRlIG51ZXZvIHkgbm8gdW4gY2xpZW50ZT8KU2kgc2lnbyByZXBpdGllbmRvIGxvIG1pc21vLCBzYWNhIGNhcHR1cmEgZGUgbGEgcGFudGFsbGEgeSBwb250ZSBlbiBjb250YWN0byBjb24gZWwgZXF1aXBvIGRlIGFkbWluaXN0cmFjacOzbi4=
ko+cBw,,W01hc29uIEJlbmRlcl0KSSB3aWxsIHNlbGwgZWxlY3RyaWMgaGVhdGVycyB0byB0aGUgcGVvcGxlIG9mIE1vcnJvYy4gQW5kIEkgd2lsbCBzZWxsIHJlZnJpZ2VyYXRvcnMgaW4gTWFudWMh,,,,,W01hc29uIEJlbmRlcl0KVm91IHZlbmRlciBhcXVlY2Vkb3JlcyBlbMOpdHJpY29zIHBhcmEgYXMgcGVzc29hcyBlbSBNb3Jyb2MuIEUgYXIgY29uZGljaW9uYWRvIGVtIEx1dGllIQ==,,W01hc29uIEJlbmRlcl0KVmVuZGVyw6kgY2FsZW50YWRvcmVzIGVsw6ljdHJpY29zIGEgbGEgZ2VudGUgZGUgTW9ycm9jLiDCoVkgdmVuZGVyw6kgcmVmcmlnZXJhZG9yZXMgZW4gTWFudWsh
k4+cBw,,VGlyZWQgTG9va2luZyBNYW4=,,,,,SG9tZW0gQ2Fuc2Fkbw==,,SG9tYnJlIENhbnNhZG8=
lI+cBw,,W1RpcmVkIExvb2tpbmcgTWFuXQpBZnRlciB3b3JraW5nIGhhcmQgYWxsIGRheSBsb25nLCBJIGVuam95IHdhdGNoaW5nIHRoZSByYWlsd2F5IGFuZCBzbW9raW5nIGEgY2lnYXJldHRlLiBUaGF0J3MgdGhlIHBsZWFzdXJlIG9mIG15IGxpZmUu,,,,,W0hvbWVtIENhbnNhZG9dCkRlcG9pcyBkZSB0cmFiYWxoYXIgZHVybyBvIGRpYSBpbnRlaXJvLCBnb3N0byBkZSBvYnNlcnZhciBhIGZlcnJvdmlhLiBFc3NlIMOpIG8gcHJhemVyIGRhIG1pbmhhIHZpZGEu,,W0hvbWJyZSBDYW5zYWRvXQpEZXNwdcOpcyBkZSB0cmFiYWphciBtdWNobyB0b2RvIGVsIGTDrWEsIG1lIGd1c3RhIHZlciBlbCBmZXJyb2NhcnJpbC4gRXMgZWwgcGxhY2VyIGRlIG1pIHZpZGEu
lY+cBw,,W1RpcmVkIExvb2tpbmcgTWFuXQpJIGNhbGwgaXQgYSBwbGVhc3VyZS4uLiBXaGF0J3Mgd3Jvbmcgd2l0aCBteSBsaWZlPw==,,,,,W0hvbWVtIENhbnNhZG9dCkV1IGNoYW1vIGlzc28gZGUgcHJhemVyLi4uIE8gcXVlIGjDoSBkZSBlcnJhZG8gY29tIGEgbWluaGEgdmlkYT8=,,W0hvbWJyZSBDYW5zYWRvXQpMbyBsbGFtbyB1biBwbGFjZXIuLi4gwr9RdcOpIHRpZW5lIGRlIG1hbG8gbWkgdmlkYT8=
lo+cBw,,WW91IGhhbmRlZCBoaW0gdGhlIGxlYWZsZXQu,,,,,Vm9jw6ogZW50cmVnYSBhIGVsZSBvIHBhbmZsZXRvLg==,,TGUgZGlzdGUgZWwgZm9sbGV0by4=
l4+cBw,,W1RpcmVkIExvb2tpbmcgTWFuXQpXaGF0J3MgdGhpcz8gQSBsZWFmbGV0PyBJJ20gbm90IGludGVyZXN0ZWQuLi4gV2hhdCB0aGUgaGVsbCBkbyB5b3Ugc2VsbCB0aGVyZT8=,,,,,W0hvbWVtIENhbnNhZG9dCk8gcXVlIMOpIGlzc28/IFVtIHBhbmZsZXRvPyBOw6NvIGVzdG91IGludGVyZXNzYWRvLiBRdWUgcmFpb3Mgdm9jw6ogdmVuZGUgbMOhPw==,,W0hvbWJyZSBDYW5zYWRvXQrCv1F1w6kgZXMgZXN0bz8gwr9VbiBmb2xsZXRvPyBObyBtZSBpbnRlcmVzYS4uLiDCv1F1w6kgZGVtb25pb3MgdmVuZGVuIGFow60/
mI+cBw,,W1RpcmVkIExvb2tpbmcgTWFuXQpNb3J0YXI/IEFyZSB3ZSBoYXZpbmcgYSB3YXI/IFdoeSB3b3VsZCBJIGJ1eSBpdD8=,,,,,W0hvbWVtIENhbnNhZG9dCk1vcnRlaXJvcz8gRXN0YW1vcyB0ZW5kbyB1bWEgZ3VlcnJhPyBQb3IgcXVlIGV1IGNvbXByYXJpYSBpc3NvPw==,,W0hvbWJyZSBDYW5zYWRvXQrCv1VuIG1vcnRlcm8/IMK/RXN0YW1vcyBlbiBndWVycmE/IMK/UG9yIHF1w6kgZGViZXLDrWEgY29tcHJhcmxvPw==
mY+cBw,,W1RpcmVkIExvb2tpbmcgTWFuXQpPaCwgSSB3b24ndCBidXkgaXQuIEJlc2lkZXMsIHlvdSdyZSBlbXB0eS1oYW5kZWQuCkknbSBzbyB0aXJlZCBhZnRlciBhIGhhcmQgd29yay4gRG9uJ3QgYW5ub3kgbWUgYW5kIGp1c3QgbGVhdmUu,,,,,W0hvbWVtIENhbnNhZG9dCkFoLCBldSBuw6NvIHZvdSBjb21wcmFyIGlzc28uIEFsw6ltIGRpc3NvLCB2b2PDqiBlc3TDoSBkZSBtw6NvcyB2YXppYXMuCkVzdG91IHTDo28gY2Fuc2FkbyBkZXBvaXMgZGUgdHJhYmFsaGFyIGR1cm8uIE7Do28gbWUgaW5jb21vZGUsIGFwZW5hcyB2w6EgZW1ib3JhLg==,,W0hvbWJyZSBDYW5zYWRvXQpObyBsbyBjb21wcmFyw6kuIEFkZW3DoXMsIHRpZW5lcyBsYXMgbWFub3MgdmFjw61hcy4KRXN0b3kgbXV5IGNhbnNhZG8gZGVzcHXDqXMgZGUgdHJhYmFqYXIgYXJkdWFtZW50ZS4gTm8gbWUgbW9sZXN0ZXMgeSB2ZXRlLg==
mo+cBw,,W1RpcmVkIExvb2tpbmcgTWFuXQpPaCwgbm8uIEkgd29uJ3QgYnV5IGl0LgpJJ20gc28gdGlyZWQgYWZ0ZXIgYSBoYXJkIHdvcmsuIERvbid0IGFubm95IG1lIGFuZCBqdXN0IGxlYXZlLg==,,,,,W0hvbWVtIENhbnNhZG9dCkFoLCBuw6NvLiBFdSBuw6NvIHZvdSBjb21wcmFyIGlzc28uCkVzdG91IHTDo28gY2Fuc2FkbyBkZXBvaXMgZGUgdHJhYmFsaGFyIGR1cm8uIE7Do28gbWUgaW5jb21vZGUsIGFwZW5hcyB2w6EgZW1ib3JhLg==,,W0hvbWJyZSBDYW5zYWRvXQpPaCwgbm8uIE5vIGxvIGNvbXByYXLDqS4KRXN0b3kgbXV5IGNhbnNhZG8gZGVzcHXDqXMgZGUgdHJhYmFqYXIgYXJkdWFtZW50ZS4gTm8gbWUgbW9sZXN0ZXMgeSB2ZXRlLg==
m4+cBw,,VGlyZWQgTG9va2luZyBPbGQgbWFu,,,,,SWRvc28gQ2Fuc2Fkbw==,,QW5jaWFubyBDYW5zYWRv
nI+cBw,,W1RpcmVkIExvb2tpbmcgT2xkIG1hbl0KTG9vayBhdCB0aGUgbXVkZHkgd2F0ZXIgdGhhdCBkb2VzIG5vdCByZWZsZWN0IGFueXRoaW5nLg==,,,,,W0lkb3NvIENhbnNhZG9dCk9saGUgcGFyYSBhIMOhZ3VhIHR1cnZhIHF1ZSBuw6NvIHJlZmxldGUgbmFkYS4=,,W0FuY2lhbm8gQ2Fuc2Fkb10KTWlyYSBlbCBhZ3VhIHR1cmJpYSwgbm8gcmVmbGVqYSBuYWRhLg==
nY+cBw,,W1RpcmVkIExvb2tpbmcgT2xkIG1hbl0KTm90IGEgc2luZ2xlIGZpc2ggbGl2ZXMgaGVyZS4gV2hhdCdzIGdvaW5nIHRvIGhhcHBlbiB0byB0aGlzIHZpbGxhZ2UgYWZ0ZXIgdGhlIHJlbWFpbmluZyBvbGQgbWVuIGFyZSBnb25lPw==,,,,,W0lkb3NvIENhbnNhZG9dCk5lbmh1bSBwZWl4ZSB2aXZlIGFxdWkuIE8gcXVlIHZhaSBhY29udGVjZXIgY29tIGVzdGEgdmlsYSBkZXBvaXMgcXVlIG9zIHZlbGhvcyByZXN0YW50ZXMgc2UgZm9yZW0/,,W0FuY2lhbm8gQ2Fuc2Fkb10KTmkgdW4gc29sbyBwZXogdml2ZSBhcXXDrS4gwr9RdcOpIHN1Y2VkZXLDoSBjb24gZXN0YSBhbGRlYSBjdWFuZG8gc2UgdmF5YW4gbG9zIGFuY2lhbm9zIHF1ZSBxdWVkYW4/
no+cBw,,W1RpcmVkIExvb2tpbmcgT2xkIG1hbl0KV2hhdCBpcyB0aGlzLi4uIFdoYXQgZG8geW91IGFzayBtZSB0byBidXk/IEEgY2Fubm9uPyBXaHkgd291bGQgSSBuZWVkIGl0Pw==,,,,,W0lkb3NvIENhbnNhZG9dCk8gcXVlIMOpIGlzc28uLi4gTyBxdWUgdm9jw6ogcXVlciBxdWUgZXUgY29tcHJlPyBVbSBjYW5ow6NvPyBQb3IgcXVlIGV1IHByZWNpc2FyaWEgZGlzc28/,,W0FuY2lhbm8gQ2Fuc2Fkb10Kwr9RdcOpIGVzIGVzdG8uLi4/IMK/UXXDqSBxdWllcmVzIHF1ZSBjb21wcmU/IMK/VW4gY2HDscOzbj8gwr9Qb3IgcXXDqSBkZWJlcsOtYSBjb21wcmFybG8/
n4+cBw,,W1RpcmVkIExvb2tpbmcgT2xkIG1hbl0KSSB3aWxsIHRha2UgdGhlIGxlYWZsZXRzIGlmIHlvdSBnaXZlIG1lLi4uIEJ1dCBJIG9ubHkgbmVlZCBhIGxpdHRsZSBhbW91bnQgb2YgZ3VucG93ZGVyIGluIHRoZSBtaW5lLg==,,,,,W0lkb3NvIENhbnNhZG9dClZvdSBwZWdhciBvcyBwYW5mbGV0b3Mgc2Ugdm9jw6ogbWUgZW50cmVnYXIuLi4gTWFzIGV1IHPDsyBwcmVjaXNvIGRlIHVtYSBwZXF1ZW5hIHF1YW50aWEgZGUgcMOzbHZvcmEgbmEgbWluYS4=,,W0FuY2lhbm8gQ2Fuc2Fkb10KQWdhcnJhcsOpIGxvcyBmb2xsZXRvcyBzaSBtZSBkYXMuLi4gUGVybyBzb2xvIG5lY2VzaXRvIHVuYSBwZXF1ZcOxYSBjYW50aWRhZCBkZSBww7Nsdm9yYSBlbiBsYSBtaW5hLg==
oI+cBw,,W1RpcmVkIExvb2tpbmcgT2xkIG1hbl0KTm8uIEkgZG9uJ3QgbmVlZCBhIGNhbm5vbi4KQmVzaWRlcywgeW91IGRvbid0IHNlZW0gdG8gaGF2ZSB0aGUgbGVhZmxldHMuIFdoYXQgYXJlIHlvdSBnb2luZyB0byBnaXZlIG1lPw==,,,,,W0lkb3NvIENhbnNhZG9dCk7Do28uIEV1IG7Do28gcHJlY2lzbyBkZSB1bSBjYW5ow6NvLgpBbMOpbSBkaXNzbywgdm9jw6ogbsOjbyBwYXJlY2UgdGVyIG9zIHBhbmZsZXRvcy4gTyBxdWUgdm9jw6ogdmFpIG1lIGVudHJlZ2FyPw==,,W0FuY2lhbm8gQ2Fuc2Fkb10KTm8sIG5vIG5lY2VzaXRvIHVuIGNhw7HDs24uCkFkZW3DoXMsIHBhcmVjZSBxdWUgbm8gdGllbmVzIGxvcyBmb2xsZXRvcy4gwr9RdcOpIG1lIGRhcsOhcz8=
oY+cBw,,W1RpcmVkIExvb2tpbmcgT2xkIG1hbl0KTm8uIEkgZG9uJ3QgbmVlZCBhIGNhbm5vbi4KTm8gbWF0dGVyIGhvdyBtdWNoIHlvdSBzdWdnZXN0IGl0IHRvIG1lLCBJIGRvbid0IG5lZWQgaXQu,,,,,W0lkb3NvIENhbnNhZG9dCk7Do28uIEV1IG7Do28gcHJlY2lzbyBkZSB1bSBjYW5ow6NvLgpOw6NvIGltcG9ydGEgbyBxdWFudG8gdm9jw6ogaW5zaXN0YSwgZXUgbsOjbyBwcmVjaXNvIGRpc3NvLg==,,W0FuY2lhbm8gQ2Fuc2Fkb10KTm8sIG5vIG5lY2VzaXRvIHVuIGNhw7HDs24uClBvciBtdWNobyBxdWUgbWUgbG8gc3VnaWVyYXMsIG5vIGxvIG5lY2VzaXRvLg==
oo+cBw,,U2xlZXB5IExvb2tpbmcgT2xkIHdvbWFu,,,,,SWRvc2EgU29ub2xlbnRh,,QW5jaWFuYSBTb21ub2xpZW50YQ==
o4+cBw,,W1NsZWVweSBMb29raW5nIE9sZCB3b21hbl0KQXQgbXkgYWdlLi4uIFRoZSBvbmx5IHBsZWFzdXJlIGlzIHRvIGJlIGJhdGhlZCBpbiB0aGUgc3VuIHNpdHRpbmcgaW4gYSB3YXJtIHBsYWNlLg==,,,,,W0lkb3NhIFNvbm9sZW50YV0KTmEgbWluaGEgaWRhZGUuLi4gTyDDum5pY28gcHJhemVyIMOpIHRvbWFyIGJhbmhvIGRlIHNvbCBzb2IgdW0gbHVnYXIgcXVlbnRlLg==,,W0FuY2lhbmEgU29tbm9saWVudGFdCkEgbWkgZWRhZC4uLiBFbCDDum5pY28gcGxhY2VyIGVzIHRvbWFyIHNvbCBzZW50YWRhIGVuIHVuIGx1Z2FyIGPDoWxpZG8u
pI+cBw,,W1NsZWVweSBMb29raW5nIE9sZCB3b21hbl0KSSBjYW5ub3Qgc2VlIGFuZCBoZWFyIHdlbGwuIEJ1dCBsaXN0ZW4gY2FyZWZ1bGx5IGFuZCBkb24ndCB3b3JyeS4=,,,,,W0lkb3NhIFNvbm9sZW50YV0KRXUgbsOjbyBjb25zaWdvIHZlciBuZW0gb3V2aXIgbXVpdG8gYmVtLiBNYXMgZXUgZXNjdXRhcmVpIGNvbSBhdGVuw6fDo28sIG7Do28gc2UgcHJlb2N1cGUu,,W0FuY2lhbmEgU29tbm9saWVudGFdCk5vIHB1ZWRvIHZlciBuaSBvw61yIGJpZW4uIFBlcm8gZXNjdWNoYSBjb24gYXRlbmNpw7NuIHkgbm8gdGUgcHJlb2N1cGVzLg==
pY+cBw,,WW91IGhhbmRlZCBoZXIgdGhlIGxlYWZsZXQu,,,,,Vm9jw6ogZW50cmVnYSBhIGVsYSBvIHBhbmZsZXRvLg==,,TGUgZW50cmVnYXN0ZSBlbCBmb2xsZXRvLg==
po+cBw,,W1NsZWVweSBMb29raW5nIE9sZCB3b21hbl0KV2hhdCBpcyB0aGlzPyBJIGNhbid0IHNlZSBpdCBwcm9wZXJseS4gSXMgaXQgYSBiYWtlZCBjaGVzdG51dD8gTG9va3MgbGlrZSBhIHNoZWV0IG9mIHBhcGVyIHRvIG1lLg==,,,,,W0lkb3NhIFNvbm9sZW50YV0KTyBxdWUgw6kgaXNzbz8gTsOjbyBjb25zaWdvIGVueGVyZ2FyIGRpcmVpdG8uIMOJIHVtYSBjYXN0YW5oYSBhc3NhZGE/IFBhcmVjZSB1bWEgZm9saGEgZGUgcGFwZWwgcHJhIG1pbS4=,,W0FuY2lhbmEgU29tbm9saWVudGFdCsK/UXXDqSBlcyBlc3RvPyBObyBwdWVkbyB2ZXJsbyBiaWVuLiDCv0VzIHVuYSBjYXN0YcOxYSBhc2FkYT8gTWUgcGFyZWNlIHF1ZSBlcyB1bmEgaG9qYSBkZSBwYXBlbC4=
p4+cBw,,W1NsZWVweSBMb29raW5nIE9sZCB3b21hbl0KRHJpZWQgZmlsZWZpc2ggZmlsbGV0PyBBcmUgeW91IHNlbGxpbmcgaXQ/IE9oLCBJIGRvbid0IGhhdmUgdG9vdGggc28gSSBjYW4ndCBlYXQgaXQu,,,,,W0lkb3NhIFNvbm9sZW50YV0KRmlsw6kgZGUgcGVpeGUgc2Vjbz8gVm9jw6ogZXN0w6EgdmVuZGVuZG8/IEFoLCBldSBuw6NvIHRlbmhvIGRlbnRlcywgZW50w6NvIG7Do28gcG9zc28gY29tZXIgaXNzby4=,,W0FuY2lhbmEgU29tbm9saWVudGFdCsK/RmlsZXRlIGRlIHBlc2NhZG8gc2Vjbz8gwr9MbyB2ZW5kZXM/IE5vIHRlbmdvIGRpZW50ZXMsIGFzw60gcXVlIG5vIHB1ZWRvIGNvbWVybG8u
qI+cBw,,W1NsZWVweSBMb29raW5nIE9sZCB3b21hbl0KV2hhdD8gTHVuY2g/IEkndmUgaGFkIGl0IGFscmVhZHkuIEJ5IHRoZSB3YXksIHlvdSBkaWRuJ3QgZXZlbiBicmluZyBhbnkgZm9vZC4=,,,,,W0lkb3NhIFNvbm9sZW50YV0KTyBxdcOqPyBBbG1vw6dvPyBFdSBqw6EgYWxtb2NlaS4gQWxpw6FzLCB2b2PDqiBuZW0gdHJvdXhlIGNvbWlkYS4=,,W0FuY2lhbmEgU29tbm9saWVudGFdCsK/UXXDqT8gwr9BbG11ZXJ6bz8gWWEgY29tw60uIFBvciBjaWVydG8sIG5pIHNpcXVpZXJhIHRyYWppc3RlIGNvbWlkYS4=
qY+cBw,,W1NsZWVweSBMb29raW5nIE9sZCB3b21hbl0KV2hhdD8gTHVuY2g/IEkndmUgaGFkIGl0IGFscmVhZHkuIEhlaGUuLi4=,,,,,W0lkb3NhIFNvbm9sZW50YV0KTyBxdcOqPyBBbG1vw6dvPyBFdSBqw6EgYWxtb2NlaS4gSGVoZS4uLg==,,W0FuY2lhbmEgU29tbm9saWVudGFdCsK/UXXDqT8gwr9BbG11ZXJ6bz8gWWEgY29tw60uIEplLCBqZS4uLg==
qo+cBw,,TGlicmFyaWFuIGluIGNoYXJnZSBvZiBqdXZlbmlsZXM=,,,,,QmlibGlvdGVjw6FyaWE=,,QmlibGlvdGVjYXJpbyBKdXZlbmls
q4+cBw,,TXkgeW91bmdlciBzaXN0ZXIgaXMgc28gY3V0ZQ==,,,,,R2FuaGFuZG8gWmVueSBlbSBMdXRpZQ==,,4oCcTWkgaGVybWFuYSBwZXF1ZcOxYSBlcyBtdXkgbGluZGHigJ0u
rI+cBw,,UmVjb3JkIG9mIG15IHRyYXZlbCB0byBLdW5ydW4gYnkgZm9vdA==,,,,,QW5kYW5kbyBhdMOpIFZlcnVz,,4oCcUmVnaXN0cm8gZGUgbWkgdmlhamUgYSBLdW5ydW4gYSBwaWXigJ0u
rY+cBw,,VGhlIHNlY3JldCBvZiB0aGUgYnVzaW5lc3MgdG9sZCBieSBCYWJheWFnYQ==,,,,,QSBWaWRhIGFsw6ltIGRvcyBNYWdtYXJpbmdz,,4oCcRWwgc2VjcmV0byBkZSBsb3MgbmVnb2Npb3MsIHBvciBCYWJheWFnYeKAnS4=
ro+cBw,,QSBzdG9yeSBvZiAxMDEgY29va2llcw==,,,,,TG9qYXMgZGVudHJvIGRvIEN1c3Rv,,4oCcVW5hIGhpc3RvcmlhIGRlIDEwMSBnYWxsZXRhc+KAnS4=
r4+cBw,,Tm8gR3VuIE5vIExpZmU=,,,,,U2ljw6FyaW8gZGEgQ2FzYSBQcsOzcHJpYQ==,,4oCcU2luIGFybWFzIG5vIGhheSB2aWRh4oCdLg==
sI+cBw,,TGluc2EsIHRoZSBPd2wgb2YgV2l6YXJk,,,,,UmVjbGFtbywgbWFzIGNvbnRpbnVvIGpvZ2FuZG8=,,4oCcTGluc2EsIGxhIGxlY2h1emEgZGUgbG9zIEhlY2hpY2Vyb3PigJ0u
sY+cBw,,R3VpZGVib29rIGZvciBmb29kX21hdGVyaWFscyBpbiBEdW5nZW9u,,,,,TyBxdWUgZXJhIHByYSBzZXIgdW0gRnJlZW9uaT8=,,4oCcR3XDrWEgZGUgY29tZXN0aWJsZXMgZW4gbGEgbWF6bW9ycmHigJ0u
so+cBw,,RmFtb3VzIExhc2FnbmEgUmVzdGF1cmFudHM=,,,,,TyBNYW5pZmVzdG8gTWFtbW9uaXRpc3Rh,,4oCcUmVzdGF1cmFudGVzIGZhbW9zb3MgZG9uZGUgc2lydmVuIGxhc2HDsWHigJ0u
s4+cBw,,SGFpciZCZWF1dHkgLSBGYWlyeSdzIGVkaXRpb24=,,,,,QSDDqXRpY2EgZGEgQsOqbsOnw6NvIFByb3RldG9yYQ==,,4oCcQ2FiZWxsbyB5IGJlbGxlemE6IEVkaWNpw7NuIHBhcmEgaGFkYXPigJ0u
tI+cBw,,W0xpYnJhcmlhbiBpbiBjaGFyZ2Ugb2YganV2ZW5pbGVzXQpIZWxsby4gV2VsY29tZSB0byBQcm9udGVyYSBsaWJyYXJ5LgpGb3IganV2ZW5pbGUgYm9va3MsIG9ubHkgZGVzaWduYXRlZCByZW50YWwgc2VydmljZSBpcyBhdmFpbGFibGUuIFdoaWNoIGJvb2sgYXJlIHlvdSBsb29raW5nIGZvcj8=,,,,,W0JpYmxpb3RlY8OhcmlhXQpCZW0tdmluZG8gw6AgYmlibGlvdGVjYSBkZSBQcm9udGVyYS4KUGFyYSBsaXZyb3MgaW5mYW50aXMsIG9mZXJlY2Vtb3MgYXBlbmFzIG8gc2VydmnDp28gZGUgYWx1Z3VlbC4gUXVhbCBsaXZybyB2b2PDqiBlc3TDoSBwcm9jdXJhbmRvPw==,,W0JpYmxpb3RlY2FyaW8gSnV2ZW5pbF0KSG9sYS4gVGUgZG95IGxhIGJpZW52ZW5pZGEgYSBsYSBiaWJsaW90ZWNhIGRlIFByb250ZXJhLgpQYXJhIGxvcyBsaWJyb3MganV2ZW5pbGVzLCBzb2xvIHRlbmVtb3MgdW4gc2VydmljaW8gZGUgYWxxdWlsZXIgZGVzaWduYWRvLiDCv1F1w6kgbGlicm8gYnVzY2FzPw==
tY+cBw,,SXQncyBkaXp6eSBhZnRlciBiZWluZyBzaGFrZW4gMSwwMDAgdGltZXMu,,,,,RW5qb2FkbyBkZSBUYW50byBHaXJhcg==,,4oCcU2UgbWFyZWEgZGVzcHXDqXMgZGUgc2VyIHNhY3VkaWRvIDEwMDAgdmVjZXPigJ0u
to+cBw,,W0xpYnJhcmlhbiBpbiBjaGFyZ2Ugb2YganV2ZW5pbGVzXQpJdCdzIGRpenp5IGFmdGVyIGJlaW5nIHNoYWtlbiAxLDAwMCB0aW1lcyc/IFBsZWFzZSB3YWl0IGEgbWludXRlLg==,,,,,W0JpYmxpb3RlY8OhcmlhXQonRW5qb2FkbyBkZSBUYW50byBHaXJhcic/IEVzcGVyZSB1bSBpbnN0YW50ZS4=,,W0JpYmxpb3RlY2FyaW8gSnV2ZW5pbF0Kwr/igJxTZSBtYXJlYSBkZXNwdcOpcyBkZSBzZXIgc2FjdWRpZG8gMTAwMCB2ZWNlc+KAnT8gRXNwZXJhIHVuIG1pbnV0by4=
t4+cBw,,W0xpYnJhcmlhbiBpbiBjaGFyZ2Ugb2YganV2ZW5pbGVzXQpZZXMuIEhlcmUgaXQgaXMuIFBsZWFzZSBhYmlkZSBieSB0aGUgZGVhZGxpbmUu,,,,,W0JpYmxpb3RlY8OhcmlhXQpTaW0uIEFxdWkgZXN0w6EuIFBvciBmYXZvciwgcmVzcGVpdGUgbyBwcmF6byBkZSBkZXZvbHXDp8Ojby4=,,W0JpYmxpb3RlY2FyaW8gSnV2ZW5pbF0KU8OtLiBBcXXDrSBlc3TDoS4gUG9yIGZhdm9yLCByZXNwZXRhIGVsIHBsYXpvLg==
uI+cBw,,W0xpYnJhcmlhbiBpbiBjaGFyZ2Ugb2YganV2ZW5pbGVzXQpZb3UgZG9uJ3QgaGF2ZSBlbm91Z2ggc3BhY2UgaW4geW91ciBiYWcuClBsZWFzZSBhcnJhbmdlIHlvdXIgYmFnIGFuZCB0cnkgdGhlIGxlbmRpbmcgYWdhaW4u,,,,,W0JpYmxpb3RlY8OhcmlhXQpWb2PDqiBuw6NvIHRlbSBlc3Bhw6dvIHN1ZmljaWVudGUgbmEgc3VhIG1vY2hpbGEuCkFycnVtZSBzdWEgbW9jaGlsYSBlIHRlbnRlIG8gZW1wcsOpc3RpbW8gZGUgbm92by4=,,W0JpYmxpb3RlY2FyaW8gSnV2ZW5pbF0KTm8gdGllbmVzIHN1ZmljaWVudGUgZXNwYWNpbyBlbiB0dSBib2xzby4KQWNvbW9kYSB0dSBib2xzbyBlIGludGVudGEgcGVkaXIgZWwgcHLDqXN0YW1vIGRlIG51ZXZvLg==
uY+cBw,,W0xpYnJhcmlhbiBpbiBjaGFyZ2Ugb2YganV2ZW5pbGVzXQp7MH0gVGhhdCBib29rPyBQbGVhc2Ugd2FpdCBhIG1pbnV0ZS4=,,,,,W0JpYmxpb3RlY8OhcmlhXQp7MH0/IEVzcGVyZSB1bSBpbnN0YW50ZS4=,,W0JpYmxpb3RlY2FyaW8gSnV2ZW5pbF0Kwr97MH0/IEVzcGVyYSB1biBtaW51dG8u
uo+cBw,,W0xpYnJhcmlhbiBpbiBjaGFyZ2Ugb2YganV2ZW5pbGVzXQpUaGUgYm9vayB5b3Ugd2FudGVkIGlzIG91dCBvbiBsb2FuIG5vdy4gUGxlYXNlIHVzZSBhbm90aGVyIGJvb2su,,,,,W0JpYmxpb3RlY8OhcmlhXQpPIGxpdnJvIHF1ZSB2b2PDqiBxdWVyaWEgZXN0w6EgZW1wcmVzdGFkbyBhZ29yYS4gUG9yIGZhdm9yLCBlc2NvbGhhIG91dHJvIGxpdnJvLg==,,W0JpYmxpb3RlY2FyaW8gSnV2ZW5pbF0KRWwgbGlicm8gcXVlIHF1ZXLDrWFzIHlhIGxvIHBpZGnDsyBhbGd1aWVuLiBQb3IgZmF2b3IsIHVzYSBvdHJvIGxpYnJvLg==
u4+cBw,,W0xpYnJhcmlhbiBpbiBjaGFyZ2Ugb2YganV2ZW5pbGVzXQp7MH1UaGF0IGJvb2s/IFBsZWFzZSB3YWl0IGEgbWludXRlLg==,,,,,W0JpYmxpb3RlY8OhcmlhXQp7MH0/IEVzcGVyZSB1bSBpbnN0YW50ZS4=,,W0JpYmxpb3RlY2FyaW8gSnV2ZW5pbF0Kwr97MH0/IEVzcGVyYSB1biBtaW51dG8u
vI+cBw,,W0xpYnJhcmlhbiBpbiBjaGFyZ2Ugb2YganV2ZW5pbGVzXQpQcm9udGVyYSBsaWJyYXJ5IGFsd2F5cyB3ZWxjb21lcyBqdXZlbmlsZXMgd2hvIHJlYWQgYm9va3Mu,,,,,W0JpYmxpb3RlY8OhcmlhXQpBIGJpYmxpb3RlY2EgZGUgUHJvbnRlcmEgc2VtcHJlIGFjb2xoZSBqb3ZlbnMgcXVlIGxlZW0gbGl2cm9zLg==,,W0JpYmxpb3RlY2FyaW8gSnV2ZW5pbF0KTGEgYmlibGlvdGVjYSBkZSBQcm9udGVyYSBzaWVtcHJlIGRhIGxhIGJpZW52ZW5pZGEgYSBsb3MgasOzdmVuZXMgcXVlIGxlZW4gbGlicm9zLg==
vY+cBw,,UmViZWxsaW9uLCB0aGUgaGlzdG9yeSBvZiBsaWJlcnR5,,,,,UmViZWxpw6NvLCBhIGhpc3TDs3JpYSBkYSBsaWJlcmRhZGU=,,4oCcUmViZWxpw7NuLCBsYSBoaXN0b3JpYSBkZSBsYSBsaWJlcnRhZOKAnS4=
vo+cBw,,W0xpYnJhcmlhbiBpbiBjaGFyZ2Ugb2YganV2ZW5pbGVzXQp7MH1UaGF0IGJvb2s/IFBsZWFzZSB3YWl0IGEgbWludXRlLg==,,,,,W0JpYmxpb3RlY8OhcmlhXQp7MH0/IEVzcGVyZSB1bSBpbnN0YW50ZS4=,,W0JpYmxpb3RlY2FyaW8gSnV2ZW5pbF0Kwr97MH0/IEVzcGVyYSB1biBtaW51dG8u
v4+cBw,,W0xpYnJhcmlhbiBpbiBjaGFyZ2Ugb2YganV2ZW5pbGVzXQpSZWJlbGxpb24sIHRoZSBoaXN0b3J5IG9mIGxpYmVydHknPyBXYWl0IGEgbWludXRlIHBsZWFzZS4=,,,,,W0JpYmxpb3RlY8OhcmlhXQonUmViZWxpw6NvLCBhIGhpc3TDs3JpYSBkYSBsaWJlcmRhZGUnPyBFc3BlcmUgdW0gaW5zdGFudGUsIHBvciBmYXZvci4=,,W0JpYmxpb3RlY2FyaW8gSnV2ZW5pbF0Kwr/igJxSZWJlbGnDs24sIGxhIGhpc3RvcmlhIGRlIGxhIGxpYmVydGFk4oCdPyBVbiBtb21lbnRvLCBwb3IgZmF2b3Iu
wI+cBw,,Tm9yZ3JvYWQgSG9yaXpvbg==,,,,,SG9yaXpvbnRlIGRlIE5pZmZsaGVpbQ==,,4oCcSG9yaXpvbnRlIE5vcmdyb2Fk4oCdLg==
wY+cBw,,W0xpYnJhcmlhbiBpbiBjaGFyZ2Ugb2YganV2ZW5pbGVzXQpOb3Jncm9hZCBIb3Jpem9uPyBQbGVhc2Ugd2FpdCBhIG1pbnV0ZS4=,,,,,W0JpYmxpb3RlY8OhcmlhXQpIb3Jpem9udGUgZGUgTmlmZmxoZWltPyBFc3BlcmUgdW0gaW5zdGFudGUu,,W0JpYmxpb3RlY2FyaW8gSnV2ZW5pbF0Kwr/igJxIb3Jpem9udGUgTm9yZ3JvYWTigJ0/IEVzcGVyYSB1biBtaW51dG8u
wo+cBw,,W0xpYnJhcmlhbiBpbiBjaGFyZ2Ugb2YganV2ZW5pbGVzXQpIYXZlIHlvdSBsb3N0IHRoZSBib29rIHlvdSBib3Jyb3dlZD8KWWVzLi4uIFdlIGFjY2VwdCB5b3VyIHJlcG9ydCBvZiBhIGxvc3Mu,,,,,W0JpYmxpb3RlY8OhcmlhXQpWb2PDqiBwZXJkZXUgbyBsaXZybyBxdWUgcGVnb3UgZW1wcmVzdGFkbz8KQ2VydG8uLi4gTsOzcyBhY2VpdGFtb3MgbyBzZXUgcmVsYXRvIGRlIHBlcmRhLg==,,W0JpYmxpb3RlY2FyaW8gSnV2ZW5pbF0Kwr9QZXJkaXN0ZSBlbCBsaWJybyBxdWUgdGUgcHJlc3Rhcm9uPwpTw60uLi4gQWNlcHRhbW9zIHR1IGluZm9ybWUgZGUgcMOpcmRpZGEu
w4+cBw,,W0xpYnJhcmlhbiBpbiBjaGFyZ2Ugb2YganV2ZW5pbGVzXQpQbGVhc2UgYmUgY2FyZWZ1bCBuZXh0IHRpbWUuCklmIHlvdSBsb3NlIHRoZSBib29rIG1vcmUgdGhhbiBvbmNlIG9yIGRhbWFnZSBpdCwgd2UgbWF5IGZvcmJpZHRoZSBsZW5kaW5nIHRvIHlvdS4=,,,,,W0JpYmxpb3RlY8OhcmlhXQpQb3IgZmF2b3IsIHRlbmhhIG1haXMgY3VpZGFkbyBuYSBwcsOzeGltYSB2ZXouClNlIHZvY8OqIHBlcmRlciBvIGxpdnJvIG1haXMgZGUgdW1hIHZleiBvdSBkYW5pZmljw6EtbG8sIHBvZGVtb3MgcHJvaWJpciBvIGVtcHLDqXN0aW1vIGEgdm9jw6ou,,W0JpYmxpb3RlY2FyaW8gSnV2ZW5pbF0KUG9yIGZhdm9yLCB0ZW4gY3VpZGFkbyBsYSBwcsOzeGltYSB2ZXouClNpIHBpZXJkZXMgZWwgbGlicm8gbcOhcyBkZSB1bmEgdmV6IG8gbG8gZXN0cm9wZWFzLCBwb2RlbW9zIHByb2hpYmlydGUgZnV0dXJvcyBwcsOpc3RhbW9zLg==
xI+cBw,,W0xpYnJhcmlhbiBpbiBjaGFyZ2Ugb2YganV2ZW5pbGVzXQpIZWxsby4gV2VsY29tZSB0byBQcm9udGVyYSBsaWJyYXJ5LgpGb3IganV2ZW5pbGUgYm9va3MsIG9ubHkgZGVzaWduYXRlZCByZW50YWwgc2VydmljZSBpcyBhdmFpbGFibGUu,,,,,W0JpYmxpb3RlY8OhcmlhXQpCZW0tdmluZG8gw6AgYmlibGlvdGVjYSBkZSBQcm9udGVyYS4KUGFyYSBsaXZyb3MgaW5mYW50aXMsIG9mZXJlY2Vtb3MgYXBlbmFzIG8gc2VydmnDp28gZGUgYWx1Z3VlbC4=,,W0JpYmxpb3RlY2FyaW8gSnV2ZW5pbF0KSG9sYS4gVGUgZG95IGxhIGJpZW52ZW5pZGEgYSBsYSBiaWJsaW90ZWNhIGRlIFByb250ZXJhLgpQYXJhIGxvcyBsaWJyb3MganV2ZW5pbGVzLCBzb2xvIHRlbmVtb3MgdW4gc2VydmljaW8gZGUgYWxxdWlsZXIgZGVzaWduYWRvLg==
xY+cBw,,W1VTVSBjb21tYW5kZXIgRWxlbmFdClRlbGwgbWUgZXhhY3RseSBob3cgeW91IGdvdCBoZXJlIGFuZCB3aGVyZSB5b3UgY2FtZSBmcm9tIHVubGVzcyB5b3Ugd2FudCB0byBkaWUu,,,,,W0NvbWFuZGFudGUgRWxlbmFdCkRpZ2EtbWUgZXhhdGFtZW50ZSBjb21vIGUgZGUgb25kZSB2b2PDqiB2ZWlvLCBhIG1lbm9zIHF1ZSBxdWVpcmEgbW9ycmVyLg==,,W0NvbWFuZGFudGUgZGUgVVNVIEVsZW5hXQpEaW1lIGV4YWN0YW1lbnRlIGPDs21vIGxsZWdhc3RlIGFxdcOtIHkgZGUgZMOzbmRlIHZpZW5lcywgYSBtZW5vcyBxdWUgcXVpZXJhcyBtb3Jpci4g
xo+cBw,,LSBZb3UgaGF2ZSB0b28gbWFueSBpdGVtcyBpbiB5b3VyIGludmVudG9yeS4KUGxlYXNlIGFycmFuZ2UgeW91ciBpbnZlbnRvcnkgYW5kIHRyeSBhZ2Fpbi4gLQ==,,,,,Vm9jw6ogdGVtIG11aXRvcyBpdGVucyBlbSBzZXUgaW52ZW50w6FyaW8uClBvciBmYXZvciwgb3JnYW5pemUgc2V1IGludmVudMOhcmlvIGUgdGVudGUgbm92YW1lbnRlLiAt,,LVRpZW5lcyBkZW1hc2lhZG9zIG9iamV0b3MgZW4gZWwgaW52ZW50YXJpby4KT3JnYW5pemEgdHUgaW52ZW50YXJpbyBlIGludMOpbnRhbG8gZGUgbnVldm8uLQ==
x4+cBw,,QXV0dW1uIFJlZCBUZWE=,,,,,Q2jDoSBWZXJtZWxobyBkZSBPdXRvbm8=,,VMOpIFJvam8gZGUgT3Rvw7Fv
yI+cBw,,SG9uZXkgSGVyYmFsIFRlYQ==,,,,,Q2jDoSBkZSBFcnZhcyBjb20gTWVs,,VMOpIGRlIEhpZXJiYXMgY29uIE1pZWw=
yY+cBw,,Q2hvY29sYXRlIE1vdXNzZQ==,,,,,TW91c3NlIGRlIENob2NvbGF0ZQ==,,TW91c3NlIGRlIENob2NvbGF0ZQ==
yo+cBw,,W01pbG8gUml2ZXJdCllvdSBicm91Z2h0IGl0IGFzIHlvdSBwcm9taXNlZCEgQSBjdXAgb2YgR3JhcGUgSGVyYiBUZWEuIFdpbGwgeW91IGdpdmUgaXQgdG8gbWUgbm93Pw==,,,,,W01pbG8gUml2ZXJdClZvY8OqIHRyb3V4ZSBjb21vIHByb21ldGV1ISBVbWEgeMOtY2FyYSBkZSBDaMOhIGRlIEVydmFzIGRlIFV2YS4KVmFpIG1lIGVudHJlZ2FyIGFnb3JhPw==,,W01pbG8gUml2ZXJdCsKhTG8gdHJhamlzdGUgdGFsIGNvbW8gcHJvbWV0aXN0ZSEgVW5hIHRhemEgZGUgVMOpIGRlIEhpZXJiYXMgZGUgVXZhLgrCv01lIGxvIGRhcsOhcyBhaG9yYT8=
y4+cBw,,LSBZb3UgYXJlIGNhcnJ5aW5nIHRvbyBtYW55IGl0ZW1zIHRvIHByb2NlZWQgd2l0aCB0aGlzIHF1ZXN0LiAt,,,,,LSBWb2PDqiBuw6NvIHBvZGUgcHJvc3NlZ3VpciBjb20gYSBtaXNzw6NvIHBvcnF1ZSB0ZW0gbXVpdG9zIGl0ZW5zLiAt,,LSBMbGV2YXMgZGVtYXNpYWRvcyBvYmpldG9zIHBhcmEgY29udGludWFyIGNvbiBlc3RhIG1pc2nDs24uLQ==
