QNAbAQ,,S2lk,,,,,Q3JpYW7Dp2E=,,S2lk
QdAbAQ,,W0tpZCBLYXJ5bl0KKlNvYio=,,,,,W0tpZCBLYXJ5bl0KKlNvbHXDp28q,,W0VsIG5pw7FvIEthcnluXQoqU29sbG96YSo=
QtAbAQ,,XjMzNTVGRlRoaXMgc29iYmluZyBjaGlsZApsb29rcyByZWFsbHkgdXBzZXQuLi5eMDAwMDAw,,,,,XjMzNTVGRkVzc2EgY3JpYW7Dp2Egc29sdcOnYW5kbwpwYXJlY2UgbXVpdG8gY2hhdGVhZGEuLi5eMDAwMDAw,,XjMzNTVGRkVzdGUgbmnDsW8gZXN0w6EgbGxvcmFuZG8KeSBzZSB2ZSBtdXkgYW5ndXN0aWFkby4uLl4wMDAwMDA=
Q9AbAQ,,W3swfV0KSGV5LCB3aHkgYXJlIHlvdQpjcnlpbmc/IEFyZSB5b3UgbG9zdD8KV2hlcmUncyB5b3VyIG1vbW15Pw==,,,,,W3swfV0KRWksIHBvciBxdWUgdm9jw6ogZXN0w6EKY2hvcmFuZG8/IFZvY8OqIHNlIHBlcmRldT8KT25kZSBlc3TDoSBhIHN1YSBtYW3Do2U/,,W3swfV0KT3llLCDCv3BvciBxdcOpIApsbG9yYXM/IMK/VGUgcGVyZGlzdGU/CsK/RMOzbmRlIGVzdMOhIHR1IG1hbWk/
RNAbAQ,,W0tpZCBLYXJ5bl0KTXkuLi4gTW9tJ3MKYXQgaG9tZS4uLg==,,,,,W0tpZCBLYXJ5bl0KTWluaGEuLi4gTWFtw6NlIGVzdMOhCmVtIGNhc2EuLi4=,,W0VsIG5pw7FvIEthcnluXQpNaS4uLiBtYW3DoSBlc3TDoSAKZW4gY2FzYS4uLg==
RdAbAQ,,W3swfV0KLi4uLi4uCi4uLi4uLi4uLg==,,,,,W3swfV0KLi4uLi4uCi4uLi4uLi4uLg==,,W3swfV0KLi4uLi4uCi4uLi4uLi4uLg==
RtAbAQ,,W3swfV0KSSBzZWUuIFNvLi4uCkFyZSB5b3UgaGF2aW5nCnRyb3VibGUgZmluZGluZwp5b3VyIHdheSBiYWNrIGhvbWU/,,,,,W3swfV0KRW50ZW5kaS4gRW50w6NvLi4uClZvY8OqIGVzdMOhIGNvbSBkaWZpY3VsZGFkZSBwYXJhIGVuY29udHJhcgpvIGNhbWluaG8gZGUgdm9sdGEgcGFyYSBjYXNhPw==,,W3swfV0KWWEgdmVvLiBBc8OtIHF1ZS4uLgrCv0VzdMOhcyB0ZW5pZW5kbwpwcm9ibGVtYXMKcGFyYSB2b2x2ZXIgYSBjYXNhPw==
R9AbAQ,,W0tpZCBLYXJ5bl0KTm8hIEknbSB0ZW4geWVhcnMgb2xkIQpJIGNhbiBmaW5kIG15IHdheSBob21lLApldmVuIHdpdGggbXkgZXllcyBjbG9zZWQhCl4zMzMzMzMqU25pZmYgc25pZmYqXjAwMDAwMCBVdXV1dXV3ZWVlaH4=,,,,,W0tpZCBLYXJ5bl0KTsOjbyEgRXUgdGVuaG8gZGV6IGFub3MgZGUgaWRhZGUhClBvc3NvIGVuY29udHJhciBvIGNhbWluaG8gZGUgY2FzYSBhdMOpIGRlIG9saG9zIGZlY2hhZG9zIQpeMzMzMzMzKlNuaWZmLCBzbmlmZipeMDAwMDAwIFV1dXV1dXdlZWVoIQ==,,W0VsIG5pw7FvIEthcnluXQrCoU5vISDCoVRlbmdvIGRpZXphw7FvcyEKwqFTw6kgY8OzbW8gdm9sdmVyIGEgY2FzYSwKaW5jbHVzbyBjb24gbG9zIG9qb3MgY2VycmFkb3MhCl4zMzMzMzMqU29sbG96YSwgc29sbG96YSpeMDAwMDAwIMKhQnV1dWFhYWEh
SNAbAQ,,W3swfV0KV2VsbC4uLg==,,,,,W3swfV0KQm9tLi4u,,W3swfV0KQnVlbm8uLi4=
SdAbAQ,,W3swfV0KQ2FuIHlvdSB0ZWxsIG1lCndoeSB5b3UncmUgY3J5aW5nPw==,,,,,W3swfV0KVm9jw6ogcG9kZSBtZSBkaXplcgpwb3IgcXVlIGVzdMOhIGNob3JhbmRvPw==,,W3swfV0Kwr9QdWVkZXMgZGVjaXJtZQpwb3IgcXXDqSBsbG9yYXM/
StAbAQ,,W0tpZCBLYXJ5bl0KSS4uLiBeMzMzMzMzKlNuaWZmKl4wMDAwMDAKSS1JIHdlbnQgdG8uLi4gVGgtLi4uClZvbGNhbi4uLi4gdy13LXdpdGgKbXkgc2lzdC0tIFdhYWFhYWFhaCE=,,,,,W0tpZCBLYXJ5bl0KRXUuLi4gXjMzMzMzMypTbmlmZipeMDAwMDAwCkV1IGZ1aSBhdMOpLi4uIE8uLi4KVnVsY8OjLi4uLiBjb20tLWNvbQptaW5oYSBpcm3Doy4uLiBXYWFhYWFhYWgh,,W0VsIG5pw7FvIEthcnluXQpZby4uLiBeMzMzMzMzKlNvbGxvemEqXjAwMDAwMApmLWZ1aSBhbC4uLiB2b2xjLi4uClRob3IuLi4gYy1jLWNvbgptaSBoZXIuLi4gwqFCdWFhYWFhYSE=
S9AbAQ,,W3swfV0KUG9vciBraWQuLi4gQ29tZSBvbiwKdGFrZSBhIGRlZXAgYnJlYXRoIHNvCnlvdSBjYW4gdGVsbCBtZSBhYm91dCB3aGF0CmhhcHBlbmVkIGEgbGl0dGxlIG1vcmUgc2xvd2x5Lg==,,,,,W3swfV0KUG9icmUgY3JpYW7Dp2EuLi4gQ2VydG8sCnJlc3BpcmUgZnVuZG8KcGFyYSBxdWUgdm9jw6ogcG9zc2EgbWUgY29udGFyIG8gcXVlCmFjb250ZWNldSB1bSBwb3VjbyBtYWlzIGRldmFnYXIu,,W3swfV0KUG9icmUgbmnDsW8uLi4gVmFtb3MsCnJlc3BpcmEgaG9uZG8gYXPDrSAKcHVlZGVzIGNvbnRhcm1lIGxvIHF1ZQpwYXPDsyB1biBwb2NvIG3DoXMgZGVzcGFjaW8u
TNAbAQ,,W0tpZCBLYXJ5bl0KKl4zMzMzMzNTb2IqXjAwMDAwMCAuLi5JdCdzIGp1c3QuLi4KSSB3ZW50IHRvIFRob3IgVm9sY2Fubwp3aXRoIG15IGxpdHRsZSBzaXN0ZXIgdG8gc2VlCndoaWNoIG9uZSBvZiB1cyB3YXMgYnJhdmVyLi4uCkJ1dCB0aGVuLCB3ZSBtZXQgc29tZS4uLgpTY2FyeSBwZW9wbGUgdGhlcmUuLi4gYW5kLi4u,,,,,W0tpZCBLYXJ5bl0KKl4zMzMzMzNTb2x1w6dvKl4wMDAwMDAgLi4uw4kgcXVlLi4uCkV1IGZ1aSBhdMOpIG8gVnVsY8OjbyBkZSBUaG9yCmNvbSBtaW5oYSBpcm3Do3ppbmhhIHBhcmEgdmVyCnF1YWwgZGUgbsOzcyBlcmEgbWFpcyBjb3Jham9zYS4uLgpNYXMgZW50w6NvLCBuw7NzIGVuY29udHJhbW9zIGFsZ3VtYXMuLi4KUGVzc29hcyBhc3N1c3RhZG9yYXMgbMOhLi4uIGUuLi4=,,W0VsIG5pw7FvIEthcnluXQoqXjMzMzMzM1NvbGxvemEqXjAwMDAwMCAuLi5FcyBxdWUuLi4KZnVpIGFsIHZvbGPDoW4gVGhvcgpjb24gbWkgaGVybWFuaXRhIHBhcmEgdmVyCnF1acOpbiBkZSBsb3MgZG9zIGVyYSBtw6FzIHZhbGllbnRlLi4uClBlcm8gbm9zIGVuY29udHJhbW9zLi4uCmNvbiBnZW50ZSBhdGVycmFkb3JhLi4uIHkuLi4=
TdAbAQ,,W0tpZCBLYXJ5bl0KSSBnb3Qgc2NhcmVkLCBzby4uLiBTby4uLgpNeSBzaXN0ZXIuLi4gV2FofiEgKlNvYio=,,,,,W0tpZCBLYXJ5bl0KRXUgZmlxdWVpIGNvbSBtZWRvLCBlbnTDo28uLi4gRW50w6NvLi4uCk1pbmhhIGlybcOjLi4uIFdhaCEgKlNvbHXDp28q,,W0VsIG5pw7FvIEthcnluXQptZSBhc3VzdMOpLCBhc8OtIHF1ZS4uLiBBc8OtIHF1ZS4uLgpNaSBoZXJtYW5hLi4uIMKhQnVhYWEhICpTb2xsb3phKg==
TtAbAQ,,W0tpZCBLYXJ5bl0KSS1JIHJhbiBhd2F5IGZyb20gdGhlbS4uLgpCdXQgSSBsZWZ0IG15IHNpc3RlciBvdmVyCnRoZXJlIHdpdGggdGhvc2Ugd2VpcmQgbWVuLi4u,,,,,W0tpZCBLYXJ5bl0KRS1ldSBmdWdpIGRlbGVzLi4uCk1hcyBkZWl4ZWkgbWluaGEgaXJtw6MgbMOhCmNvbSBhcXVlbGVzIGhvbWVucyBlc3RyYW5ob3MuLi4=,,W0VsIG5pw7FvIEthcnluXQpTLXNhbMOtIGNvcnJpZW5kby4uLgpwZXJvIGRlasOpIGEgbWkgaGVybWFuYQphbGzDrSBjb24gZXNvcyBob21icmVzIHJhcm9zLi4u
T9AbAQ,,W0tpZCBLYXJ5bl0KTW9tJ3Mgc2ljaywgYW5kIGRhZCdzCmFsd2F5cyBhdCB3b3JrLi4uIEhlJ3MKdGhlIGNhcHRhaW4gb2YgYSBzaGlwLCBzby4uLgpJIGRvbid0IHRoaW5rIHRoZXkgY2FuIGhlbHAu,,,,,W0tpZCBLYXJ5bl0KQSBtYW3Do2UgZXN0w6EgZG9lbnRlLCBlIG8gcGFwYWkgZXN0w6EKc2VtcHJlIG5vIHRyYWJhbGhvLi4uIEVsZSDDqQpvIGNhcGl0w6NvIGRlIHVtIG5hdmlvLCBlbnTDo28uLi4KQWNobyBxdWUgZWxlcyBuw6NvIHBvZGVtIGFqdWRhci4=,,W0VsIG5pw7FvIEthcnluXQpNYW3DoSBlc3TDoSBlbmZlcm1hIHkKcGFww6Egc2llbXByZSB0cmFiYWphLi4uIEVzCmNhcGl0w6FuIGRlIHVuIGJhcmNvLCBhc8OtIHF1ZS4uLgpubyBjcmVvIHF1ZSBwdWVkYW4gYXl1ZGFybWUu
UNAbAQ,,W0tpZCBLYXJ5bl0KQ2FuIHlvdSBoZWxwIG1lIHBsZWFzZSwKYW5kIGJyaW5nIG15IHNpc3RlciBiYWNrPwoqU25pZmYqIFBsZWFzZT8gSSBwcm9taXNlCnRoYXQgSSBjYW4gcGF5IHlvdSBhcyBzb29uCmFzIG15IGRhZCBjb21lcyBiYWNrIQ==,,,,,W0tpZCBLYXJ5bl0KVm9jw6ogcG9kZSBtZSBhanVkYXIsIHBvciBmYXZvciwKZSB0cmF6ZXIgbWluaGEgaXJtw6MgZGUgdm9sdGE/CipTbmlmZiogUG9yIGZhdm9yPyBFdSBwcm9tZXRvCnF1ZSBjb25zaWdvIHRlIHBhZ2FyIGFzc2ltIHF1ZQptZXUgcGFpIHZvbHRhciE=,,W0VsIG5pw7FvIEthcnluXQrCv1BvZHLDrWFzIGF5dWRhcm1lIHkgdHJhZXIKYSBtaSBoZXJtYW5hIGRlIHZ1ZWx0YT8KKlNvbGxvemEqIMK/UG9yZmlzPyDCoVRlIHByb21ldG8KcXVlIHRlIHBhZ2Fyw6kgZW4gY3VhbnRvCnZ1ZWx2YSBtaSBwYXDDoSE=
UdAbAQ,,W3swfV0KV2FpdC4uLiBJIGhhdmUgYSBxdWVzdGlvbi4KWW91IHNhaWQgdGhhdCBzb21lb25lIHRvb2sKYXdheSB5b3VyIHNpc3RlciBhdCBUaG9yClZvbGNhbm8/IFdoYXQgZGlkIHRoZXkgbG9vawpsaWtlPyBBcmUgeW91IHN1cmUgdGhhdCB0aGVyZQp3ZXJlIHBlb3BsZSB0aGVyZT8=,,,,,W3swfV0KRXNwZXJlLi4uIEV1IHRlbmhvIHVtYSBwZXJndW50YS4KVm9jw6ogZGlzc2UgcXVlIGFsZ3XDqW0gcGVnb3UKc3VhIGlybcOjIG5vIFZ1bGPDo28gZGUgVGhvcj8gQ29tbyBlbGVzIGVyYW0/ClRlbSBjZXJ0ZXphIGRlIHF1ZQpoYXZpYSBwZXNzb2FzIGzDoT8=,,W3swfV0KRXNwZXJhLi4uIFRlbmdvIHVuYSBwcmVndW50YS4Kwr9EaWppc3RlIHF1ZSBzZSBsbGV2YXJvbgphIHR1IGhlcm1hbmEgZW4gZWwgdm9sY8OhbgpUaG9yPyDCv1F1w6kgYXNwZWN0bwp0ZW7DrWFuPyDCv0VzdMOhcyBzZWd1cm8gZGUgcXVlCmhhYsOtYSBwZXJzb25hcyBhbGzDrT8=
UtAbAQ,,W0tpZCBLYXJ5bl0KSS4uLiBJIGRvbid0IGtub3chCkkgZ290IHNvIHNjYXJlZCwgSSBqdXN0CnJhbiBhd2F5ISBJLi4uIEkgZGlkbid0Cm1lYW4gdG8gbGVhdmUgbXkgc2lzdGVyIQ==,,,,,W0tpZCBLYXJ5bl0KRXUuLi4gRXUgbsOjbyBzZWkhCkZpcXVlaSB0w6NvIGFzc3VzdGFkYSBxdWUgc2ltcGxlc21lbnRlCmZ1Z2khIEV1Li4uIEV1IG7Do28gcXVlcmlhCnF1ZXJpYSBkZWl4YXIgbWluaGEgaXJtw6MgbMOhIQ==,,W0VsIG5pw7FvIEthcnluXQpZby4uLiDCoU5vIGxvIHPDqSEKwqFNZSBhc3VzdMOpIHRhbnRvCnF1ZSBodWkhIFlvLi4uIMKhWW8gbm8KcXVpc2UgZGVqYXIgYSBtaSBoZXJtYW5hIQ==
U9AbAQ,,W3swfV0KSG1tbS4uLgpNYXliZSB5b3VyIHNpc3RlciB3YXMKa2lkbmFwcGVkIGJ5IGJhbmRpdHMuLi4=,,,,,W3swfV0KSHVtLi4uClRhbHZleiBzdWEgaXJtw6MgdGVuaGEgc2lkbwpyYXB0YWRhIHBvciBiYW5kaWRvcy4uLg==,,W3swfV0KTW1tLi4uClRhbCB2ZXogYSB0dSBoZXJtYW5hCmxhIHJhcHRhcm9uIHVub3MgYmFuZGlkb3MuLi4=
VNAbAQ,,RGVjbGluZSBSZXF1ZXN0,,,,,UmVjdXNhciBQZWRpZG8=,,UmVjaGF6YXIgc29saWNpdHVkLg==
VdAbAQ,,QWNjZXB0IFJlcXVlc3Q=,,,,,QWNlaXRhciBQZWRpZG8=,,QWNlcHRhciBzb2xpY2l0dWQu
VtAbAQ,,W3swfV0KU29ycnkga2lkLCBidXQgSSd2ZSBnb3QKdGhpbmdzIHRvIGRvLiBJJ20gc3VyZQpzb21lb25lIGVsc2Ugd2lsbCBjb21lCmFsb25nIHRvIHNhdmUgeW91ciBzaXN0ZXIu,,,,,W3swfV0KRGVzY3VscGUsIGdhcm90bywgbWFzIGV1IHRlbmhvCm91dHJhcyBjb2lzYXMgcGFyYSBmYXplci4gVGVuaG8gY2VydGV6YSBkZSBxdWUKYWxndcOpbSB2aXLDoQpwYXJhIHNhbHZhciBzdWEgaXJtw6Mu,,W3swfV0KTG8gc2llbnRvLCBwZXF1ZcOxbywgcGVybwp0ZW5nbyBjb3NhcyBxdWUgaGFjZXIuIFNlZ3VyYW1lbnRlLAphbGd1aWVuIG3DoXMgdmVuZHLDoSAKeSBzYWx2YXLDoSBhIHR1IGhlcm1hbmEu
V9AbAQ,,W0tpZCBLYXJ5bl0KV2Fofg==,,,,,W0tpZCBLYXJ5bl0KV2FoIQ==,,W0VsIG5pw7FvIEthcnluXQrCoUJ1dWFhIQ==
WNAbAQ,,W3swfV0KT2theSwgSSdsbCBzZWUgd2hhdApJIGNhbiBkby4gSSdsbCB0cnkgbXkgYmVzdAp0byBmaW5kIHlvdXIgc2lzdGVyLg==,,,,,W3swfV0KQ2VydG8sIHZvdSB2ZXIgbyBxdWUgcG9zc28gZmF6ZXIuClZvdSBkYXIgbyBtZXUgbWVsaG9yCnBhcmEgZW5jb250cmFyIHN1YSBpcm3Doy4=,,W3swfV0KQnVlbm8sIHZlcsOpIHF1w6kgCnB1ZWRvIGhhY2VyLiBIYXLDqSB0b2RvIGxvIHBvc2libGUKcG9yIGVuY29udHJhciBhIHR1IGhlcm1hbmEu
WdAbAQ,,W0tpZCBLYXJ5bl0KVGhhbmsgeW91IHNvIG11Y2ghClBsZWFzZSBmaW5kIG15IHNpc3RlcgpDdXJkaWUgc29vbiEgT2gsIEkgaG9wZQpzaGUncyBva2F5ISBJZiBzaGUncyBub3QuLi4KXjMzMzMzMypTb2IqXjAwMDAwMCBJIGRvbid0IGtub3cgd2hhdApJJ2xsIGRvISBXYWFhYWFhYWFofg==,,,,,W0tpZCBLYXJ5bl0KTXVpdG8gb2JyaWdhZG8hClBvciBmYXZvciwgZW5jb250cmUgCmEgQ3VyZGllIGxvZ28hIEFoLCBlc3Blcm8gcXVlCmVsYSBlc3RlamEgYmVtISBTZSBuw6NvIGVzdGl2ZXIuLi4KXjMzMzMzMypTb2x1w6dvKl4wMDAwMDAgTsOjbyBzZWkgbyBxdWUgdm91IGZhemVyIQpXYWFhYWFhYWFoIQ==,,W0VsIG5pw7FvIEthcnluXQrCoU11Y2jDrXNpbWFzIGdyYWNpYXMhCsKhUG9yIGZhdm9yLCBlbmN1ZW50cmEgcHJvbnRvCmEgbWkgaGVybWFuYSBDdXJkaWUhIEF5LCDCoWVzcGVybwpxdWUgZXN0w6kgYmllbiEgU2kgbm8gbG8gZXN0w6EuLi4KXjMzMzMzMypTb2xsb3phKl4wMDAwMDAgwqFObyBzw6kgCnF1w6kgaGFyw6khIMKhQnVhYWFhYWFhYWEh
WtAbAQ,,W3swfV0KQWxyaWdodC4uLgpXaXNoIG1lIGx1Y2suCkknbGwgZ28gc2VhcmNoIFRob3IKVm9sY2FubyB0byBmaW5kIHlvdXIKbGl0dGxlIHNpc3RlciBDdXJkaWUu,,,,,W3swfV0KVMOhIGJvbS4uLgpNZSBkZXNlamUgc29ydGUuClZvdSBwcm9jdXJhciBzdWEgaXJtw6N6aW5oYSBDdXJkaWUgbm8gVnVsY8OjbyBkZSBUaG9yLg==,,W3swfV0KTXV5IGJpZW4uLi4KRGVzw6lhbWUgc3VlcnRlLgpJcsOpIGFsIHZvbGPDoW4gVGhvcgplbiBidXNjYSBkZSB0dQpoZXJtYW5pdGEgQ3VyZGllLg==
W9AbAQ,,W3swfV0KSSdkIGJldHRlciBzZWFyY2gKVGhvciBWb2xjYW5vIGZvciBDdXJkaWUsCkthcnluJ3MgbGl0dGxlIHNpc3Rlci4=,,,,,W3swfV0Kw4kgbWVsaG9yIGV1IGludmVzdGlnYXIgbwpWdWxjw6NvIGRlIFRob3IgZW0gYnVzY2EgZGEgQ3VyZGllLAphIGlybcOjIG1haXMgbm92YSBkbyBLYXJ5bi4=,,W3swfV0KU2Vyw6EgbWVqb3IgcXVlIHZheWEKYWwgdm9sY8OhbiBUaG9yIGEgYnVzY2FyIGEgQ3VyZGllLApsYSBoZXJtYW5pdGEgZGUgS2FyeW4u
XNAbAQ,,W0tpZCBLYXJ5bl0KVy13ZXJlIHlvdSBhYmxlCnRvIGZpbmQgbXkgc2lzdGVyPwpJcyBzaGUgYWxyaWdodD8KV2hhdCBoYXBwZW5lZD8=,,,,,W0tpZCBLYXJ5bl0KVm9jw6ogY29uc2VndWl1CmVuY29udHJhciBtaW5oYSBpcm3Doz8KRWxhIGVzdMOhIGJlbT8KTyBxdWUgYWNvbnRlY2V1Pw==,,W0VsIG5pw7FvIEthcnluXQrCv1AtcHVkaXN0ZQplbmNvbnRyYXIgYSBtaSBoZXJtYW5hPwrCv0PDs21vIGVzdMOhPwrCv1F1w6kgc3VjZWRpw7M/
XdAbAQ,,W3swfV0KSSBmb3VuZCBoZXIsCnNoZSdzIGFscmlnaHQgYnV0Li4u,,,,,W3swfV0KRXUgYSBlbmNvbnRyZWksCmVsYSBlc3TDoSBiZW0sIG1hcy4uLg==,,W3swfV0KTGEgZW5jb250csOpLgpFc3TDoSBiaWVuIHBlcm8uLi4=
XtAbAQ,,W0tpZCBLYXJ5bl0KV2hhdD8gV2h5IGlzbid0CnNoZSB3aXRoIHlvdT8=,,,,,W0tpZCBLYXJ5bl0KTyBxdcOqPyBQb3IgcXVlIGVsYSBuw6NvIGVzdMOhCmNvbSB2b2PDqj8=,,W0VsIG5pw7FvIEthcnluXQrCv1F1w6k/IMK/UG9yIHF1w6kgbm8KZXN0w6EgY29udGlnbz8=
X9AbAQ,,W3swfV0KQ3VyZGllIGlzLi4uIFdlbGwsIHNoZSdzCmJlZW4gc2hhY2tsZWQgZG93bi4gV2UKbmVlZCB0byBmaW5kIGEgd2F5IHRvIGZyZWUgaGVyLgpEbyB5b3Uga25vdyB3aGVyZSB0aGVyZSdzCmEgZm9yZ2Ugb3IgYSBsb2Nrc21pdGggdGhhdAptaWdodCBiZSBhYmxlIHRvIGhlbHAgaGVyPw==,,,,,W3swfV0KQSBDdXJkaWUgZm9pLi4uIEJvbSwgZWxhIGZvaQphY29ycmVudGFkYS4KUHJlY2lzYW1vcyBlbmNvbnRyYXIgdW1hIG1hbmVpcmEgZGUgbGliZXJ0w6EtbGEuClZvY8OqIHNhYmUgb25kZSB0ZW0KdW1hIGZvcmphIG91IHVtIGNoYXZlaXJvIHF1ZQpwb3NzYSBhanVkw6EtbGE/,,W3swfV0KQ3VyZGllIGVzdMOhLi4uIEJ1ZW5vLCBsYQplbmNhZGVuYXJvbi4gVGVuZW1vcwpxdWUgZW5jb250cmFyIHVuIG1vZG8gZGUgbGliZXJhcmxhLgrCv1NhYmVzIGTDs25kZSBoYXkKdW4gaGVycmVybyBvIHVuIGNlcnJhamVybwpxdWUgcHVlZGEgYXl1ZGFybGE/
YNAbAQ,,W0tpZCBLYXJ5bl0KT2ghIE9oLCB0aGVyZSdzIGEKbG9ja3NtaXRoIGluIHRoZSBtYXJrZXQKc3RyZWV0ISBZb3UgY2FuIGFzayBoaW0KdG8gaGVscCBmcmVlIEN1cmRpZSE=,,,,,W0tpZCBLYXJ5bl0KT2ghIFRlbSB1bQpjaGF2ZWlybyBuYSBydWEgZG8gbWVyY2FkbyEgVm9jw6ogcG9kZSBwZWRpciBwYXJhIGVsZQphanVkYXIgYSBsaWJlcnRhciBhIEN1cmRpZSE=,,W0VsIG5pw7FvIEthcnluXQrCoUF5ISBBaCwgwqFoYXkgdW4KY2VycmFqZXJvIGVuIGxhIGNhbGxlIGRlbAptZXJjYWRvISDCoVB1ZWRlcyBwZWRpcmxlCmF5dWRhIHBhcmEgbGliZXJhciBhIEN1cmRpZSE=
YdAbAQ,,W3swfV0KTGV0J3Mgc2VlLi4uCkknZCBiZXR0ZXIgZmluZCB0aGUKbG9ja3NtaXRoIGluIHRoZSBtYXJrZXQKc3RyZWV0LCBhbmQgYXNrIGhpbSB0byBoZWxwCm1lIHVubG9jayBDdXJkaWUncyBzaGFja2xlcy4=,,,,,W3swfV0KVmFtb3MgdmVyLi4uCsOJIG1lbGhvciBldSBlbmNvbnRyYXIgbwpjaGF2ZWlybyBuYSBydWEgZG8gbWVyY2FkbwplIHBlZGlyIGEgZWxlIHF1ZSBtZSBhanVkZQphIGFicmlyIGFzIGNvcnJlbnRlcyBkYSBDdXJkaWUu,,W3swfV0KVmVhbW9zLi4uClNlcsOhIG1lam9yIHF1ZSBlbmN1ZW50cmUgbGEKY2VycmFqZXJvIGVuIGxhIGNhbGxlIGRlbApjYWxsZSB5IGxlIHBpZGEgYXl1ZGEgYWwgY2VycmFqZXJvIHBhcmEKcXVpdGFybGUgbG9zIGdyaWxsZXRlcyBhIEN1cmRpZS4=
YtAbAQ,,W3swfV0KSHVoLi4uIEknZCBiZXR0ZXIgdGFsawp0byBNci4gTG9ja2VubG9jayBmaXJzdCwgdGhlCmxvY2tzbWl0aCBpbiB0aGUgbWFya2V0IHN0cmVldC4=,,,,,W3swfV0KQWguLi4gw4kgbWVsaG9yIGV1IGZhbGFyCnByaW1laXJvIGNvbSBvIFNyLiBMb2NrZW5sb2NrLCBvCmNoYXZlaXJvIGRhIHJ1YSBkbyBtZXJjYWRvLg==,,W3swfV0KTW1tLi4uIFNlcsOhIG1lam9yIGhhYmxhcgpwcmltZXJvIGNvbiBlbCBzZcOxb3IgTG9ja2VubG9jaywKZWwgY2VycmFqZXJvIGRlIGxhIGNhbGxlIGRlbCBtZXJjYWRvLg==
Y9AbAQ,,W3swfV0KSG1tLi4uIEknZCBiZXR0ZXIgdGFsawp0byBNcy4gSXZvcnksIHRoZSBvcmdhbmljCnNvYXAgbWFrZXIgaWYgSSB3YW50IHRvIGhlbHAKS2FyeW4gZnJlZSBoaXMgc2lzdGVyIEN1cmRpZS4=,,,,,W3swfV0KSHVtLi4uIMOJIG1lbGhvciBldSBmYWxhcgpjb20gYSBTcmEuIEl2b3J5LCBhIGZhYnJpY2FudGUgZGUKc2Fiw6NvIG9yZ8Oibmljbywgc2UgZXUgcXVpc2VyIGFqdWRhcgpvIEthcnluIGEgbGliZXJ0YXIgc3VhIGlybcOjIEN1cmRpZS4=,,W3swfV0KTW1tLi4uIFNlcsOhIG1lam9yIGhhYmxhcgpjb24gbGEgc2XDsW9yYSBJdm9yeSwgbGEgZmFicmljYW50ZQpkZSBqYWLDs24gb3Jnw6FuaWNvLCBzaSBxdWllcm8gYXl1ZGFyCmEgS2FyeW4gYSBsaWJlcmFyIGEgc3UgaGVybWFuYSBDdXJkaWUu
ZNAbAQ,,W3swfV0KV2FpdC4uLiBJIHNob3VsZCBiZQpicmluZ2luZyBNcy4gSXZvcnkgYWxsCm9mIHRoZSBzb2FwIGluZ3JlZGllbnRzLgpXaGF0IHdlcmUgdGhleSBhZ2Fpbi4uLj8=,,,,,W3swfV0KRXNwZXJlLi4uIEV1IGRldmVyaWEgCnRyYXplciBwYXJhIGEgU3JhLiBJdm9yeSB0b2RvcwpvcyBpbmdyZWRpZW50ZXMgZG8gc2Fiw6NvLgpPIHF1ZSBlbGVzIGVyYW0gbWVzbW8uLi4/,,W3swfV0KVW4gbW9tZW50by4uLiBEZWJlcsOtYQpsbGV2YXJsZSBhIGxhIHNlw7FvcmEgSXZvcnkgdG9kb3MKbG9zIGluZ3JlZGllbnRlcyBwYXJhIGVsIGphYsOzbi4Kwr9DdcOhbGVzIGVyYW4uLi4/
ZdAbAQ,,W3swfV0KXjRENERGRjEwIE1pbGteMDAwMDAwLApeNEQ0REZGMTAwIEdyZWVuIEhlcmJzXjAwMDAwMCwKXjRENERGRjUwIEplbGxvcGllc14wMDAwMDAsIGFuZApeNEQ0REZGNSBFbXB0eSBCb3R0bGVzXjAwMDAwMC4KXkkgYmV0dGVyIGdldCB0aG9zZS4uLg==,,,,,W3swfV0KXjRENERGRjEwIExlaXRlc14wMDAwMDAsCl40RDRERkYxMDAgRXJ2YXMgdmVyZGVzXjAwMDAwMCwKXjRENERGRjUwIEplbGxvcGllc14wMDAwMDAsIGUKXjRENERGRjUgR2FycmFmYXMgdmF6aWFzXjAwMDAwMC4Kw4kgbWVsaG9yIGV1IGFycmFuamFyIGlzc28uLi4=,,W3swfV0KXjRENERGRjEwIHVuaWRhZGVzIGRlIExlY2hlXjAwMDAwMCwKXjRENERGRjEwMCBIaWVyYmFzIHZlcmRlc14wMDAwMDAsCl40RDRERkY1MCBKZWxsb3B5XjAwMDAwMCB5Cl40RDRERkY1IEJvdGVsbGFzIHZhY8OtYXNeMDAwMDAwLgpeSSBTZXLDoSBtZWpvciBxdWUgbG9zIGNvbnNpZ2EuLi4=
ZtAbAQ,,W3swfV0KSSBuZWVkIHRvIHRhbGsgdG8Kc29tZW9uZSBuYW1lZCBTYXJhbWFuCnRvIGdldCB0aGUgc29hcCBpbmdyZWRpZW50cy4uLg==,,,,,W3swfV0KUHJlY2lzbyBmYWxhciBjb20KYWxndcOpbSBjaGFtYWRvIFNhcmFtYW4KcGFyYSBvYnRlciBvcyBpbmdyZWRpZW50ZXMgZG8gc2Fiw6NvLi4u,,W3swfV0KTmVjZXNpdG8gaGFibGFyIGNvbgphbGd1aWVuIGxsYW1hZG8gU2FyYW1hbgpwYXJhIG9idGVuZXIgbG9zIGluZ3JlZGllbnRlcyBwYXJhIGVsIGphYsOzbi4uLg==
Z9AbAQ,,W3swfV0KTGV0J3Mgc2VlLi4uCkkgbmVlZCB0byBicmluZwpNci4gU2FydW1hbiBhbGwgdGhlCnRoaW5ncyBoZSBuZWVkcyB0bwpzdGltdWxhdGUgYSBjYW1lbCdzIAphcHBldGl0ZS4gSSBuZWVkIHRvIGdldC4uLg==,,,,,W3swfV0KVmFtb3MgdmVyLi4uClByZWNpc28gbGV2YXIgYW8KU3IuIFNhcmFtYW4gdG9kYXMgYXMKY29pc2FzIHF1ZSBlbGUgcHJlY2lzYSBwYXJhCmVzdGltdWxhciBvIGFwZXRpdGUgZGUgdW0gY2FtZWxvLiAKUHJlY2lzbyBjb25zZWd1aXIuLi4=,,W3swfV0KVmVhbW9zLi4uCk5lY2VzaXRvIGxsZXZhcgphbCBzZcOxb3IgU2FyYW1hbiB0b2RhcyBsYXMKY29zYXMgcXVlIG5lY2VzaXRhCnBhcmEgZXN0aW11bGFyIGVsIGFwZXRpdG8gCmRlIHVuIGNhbWVsbG8uIE5lY2VzaXRvIGNvbnNlZ3Vpci4uLg==
aNAbAQ,,W3swfV0KXjRENERGRjEgVW5yaXBlIEFwcGxlXjAwMDAwMCwKXjRENERGRjUgTW9uc3RlcidzIEZlZWReMDAwMDAwLApeNEQ0REZGMSBFbXB0eSBCb3R0bGVeMDAwMDAwLCBhbmQKXjRENERGRjEgWWVsbG93IFBvdGlvbl4wMDAwMDAu,,,,,W3swfV0KXjRENERGRjEgTWHDp8OjIHZlcmRlXjAwMDAwMCwKXjRENERGRjUgUmHDp8O1ZXMgcGFyYSBNb25zdHJvXjAwMDAwMCwKXjRENERGRjEgR2FycmFmYSBWYXppYV4wMDAwMDAsIGUKXjRENERGRjEgUG/Dp8OjbyBBbWFyZWxhXjAwMDAwMC4=,,W3swfV0KXjRENERGRjEgTWFuemFuYSBpbm1hZHVyYV4wMDAwMDAsCl40RDRERkY1IENvbWlkYXMgcGFyYSBtb25zdHJ1b3NeMDAwMDAwLApeNEQ0REZGMSBCb3RlbGxhIHZhY8OtYV4wMDAwMDAgeQpeNEQ0REZGMSBQb2Npw7NuIGFtYXJpbGxhXjAwMDAwMC4=
adAbAQ,,W3swfV0KSSBoYXZlIGV2ZXJ5dGhpbmcgSSBuZWVkCnRvIHN0aW11bGF0ZSBhIGNhbWVsJ3MKYXBwZXRpdGUuIE5vdyBJIG5lZWQgdG8KZmVlZCB0aGUgY2FtZWwgc28gdGhhdCBJIGNhbgpnZXQgdGhlIHNvYXAgaW5ncmVkaWVudHMgYW5kCjUgbHVtcHMgb2YgY2FtZWwgZHVuZy4=,,,,,W3swfV0KVGVuaG8gdHVkbyBvIHF1ZSBwcmVjaXNvCnBhcmEgZXN0aW11bGFyIG8gYXBldGl0ZSBkZSB1bSBjYW1lbG8uCkFnb3JhIHByZWNpc28KYWxpbWVudGFyIG8gY2FtZWxvIHBhcmEgcXVlIGV1IHBvc3NhCm9idGVyIG9zIGluZ3JlZGllbnRlcyBkbyBzYWLDo28gZQo1IGJsb2NvcyBkZSBlc3RydW1lIGRlIGNhbWVsby4=,,W3swfV0KVGVuZ28gdG9kbyBsbyBxdWUgbmVjZXNpdG8KcGFyYSBlc3RpbXVsYXIgZWwgYXBldGl0bwpkZSB1biBjYW1lbGxvLiBBaG9yYSB0ZW5nbyBxdWUKYWxpbWVudGFyIGEgbGEgY2FtZWxsYSBwYXJhIG9idGVuZXIKbG9zIGluZ3JlZGllbnRlcyBwYXJhIGVsIGphYsOzbiB5CjUgdHJvem9zIGRlIGVzdGnDqXJjb2wgZGUgY2FtZWxsby4=
atAbAQ,,W3swfV0KUmlnaHQgbm93LCBteSB0aW1lCndvdWxkIGJlIGJldHRlciBzcGVudApsb29raW5nIGZvciB0aGUgU2lsayBTYW5kCkNhbWVsIGZvciB0aGUgaW5ncmVkaWVudHMu,,,,,W3swfV0KTmVzdGUgbW9tZW50bywgbWV1IHRlbXBvCnNlcmlhIG1lbGhvciBnYXN0bwpwcm9jdXJhbmRvIGEgQ2FtZWxhIGRlIFZlbHVkbyBwYXJhIG9idGVyIG9zIGluZ3JlZGllbnRlcy4=,,W3swfV0KQWhvcmEgbWlzbW8sIGVzIG1lam9yCmRlZGljYXIgbWkgdGllbXBvIGEKYnVzY2FyIGEgbGEgY2FtZWxsYSBkZSBhcmVuYQpkZSBzZWRhIHBhcmEgbG9zIGluZ3JlZGllbnRlcy4=
a9AbAQ,,W3swfV0KSSdkIGJldHRlciBmaW5kIE1yLiBTYXJhbWFuJ3MKbG9zdCBjYW1lbCwgZmVlZCBpdCBjYW1lbAphcHBldGl0ZSBzdGltdWxhbnRzLCBhbmQKdGhlbiBnZXQgdGhlIHNvYXAgaW5ncmVkaWVudAphbmQgNSBsdW1wcyBvZiBjYW1lbCBkdW5nCmlmIEkgd2FudCB0byBoZWxwIEN1cmRpZS4=,,,,,W3swfV0Kw4kgbWVsaG9yIGV1IGVuY29udHJhciBhIGNhbWVsYSBwZXJkaWRhIGRvIFNyLiBTYXJhbWFuLAphbGltZW50w6EtbGEgY29tCmVzdGltdWxhbnRlcyBkZSBhcGV0aXRlIGRlIGNhbWVsbyBlCmRlcG9pcyBwZWdhciBvcyBpbmdyZWRpZW50ZXMgZG8gc2Fiw6NvCmUgNSBibG9jb3MgZGUgZXN0cnVtZSBkZSBjYW1lbG8Kc2UgZXUgcXVpc2VyIGFqdWRhciBhIEN1cmRpZS4=,,W3swfV0KU2Vyw6EgbWVqb3IgZW5jb250cmFyIGEgbGEgY2FtZWxsYQpwZXJkaWRhIGRlbCBzZcOxb3IgU2FyYW1hbiB5IGRhcmxlCmVsIGVzdGltdWxhbnRlIGRlIGFwZXRpdG8gcGFyYQpvYnRlbmVyIGxvcyBpbmdyZWRpZW50ZXMgcGFyYSBlbCBqYWLDs24KeSA1IHRyb3pvcyBkZSBlc3Rpw6lyY29sIGRlIGNhbWVsbG8Kc2kgcXVpZXJvIGF5dWRhciBhIEN1cmRpZS4=
bNAbAQ,,W3swfV0KV2VsbC4uLiBJIGZvdW5kIHRoZQpjYW1lbC4gTm93IEkgbmVlZCB0byBnZXQKYWxsIHRoZSBzb2FwIGluZ3JlZGllbnRzLgpUaGUgc29vbmVyIEkgZG8gdGhhdCwgdGhlCnNvb25lciBJIGNhbiBoZWxwIEN1cmRpZS4=,,,,,W3swfV0KQm9tLi4uIEV1IGVuY29udHJlaSBhIGNhbWVsYS4gQWdvcmEgcHJlY2lzbyBwZWdhcgp0b2RvcyBvcyBpbmdyZWRpZW50ZXMgZG8gc2Fiw6NvLgpRdWFudG8gYW50ZXMgZXUgZml6ZXIgaXNzbywKbWFpcyByw6FwaWRvIHBvZGVyZWkgYWp1ZGFyIGEgQ3VyZGllLg==,,W3swfV0KQnVlbm8uLi4gRW5jb250csOpIGEgbGEKY2FtZWxsYS4gQWhvcmEgcmVzdGEgY29uc2VndWlyCmxvcyBpbmdyZWRpZW50ZXMgcGFyYSBlbCBqYWLDs24uCkN1YW50byBhbnRlcyBsbyBoYWdhLCBtw6FzCnByb250byBwb2Ryw6kgYXl1ZGFyIGEgQ3VyZGllLg==
bdAbAQ,,W3swfV0KSSBtYW5hZ2VkIHRvIGdldCB0aGUgc29hcAppbmdyZWRpZW50IGFuZCA1IG9mIHRob3NlCmNhbWVsIGR1bmcgbHVtcHMuIEkgc2hvdWxkCmhlYWQgYmFjayB0byBNci4gU2FyYW1hbiB0bwp0ZWxsIGhpbSB3aGVyZSBoaXMgY2FtZWwgaXMsCmFuZCB0aGVuIGdvIHRvIE1zLiBJdm9yeS4=,,,,,W3swfV0KQ29uc2VndWkgb2J0ZXIgb3MgaW5ncmVkaWVudGVzIGRvIHNhYsOjbwplIDUgZGVzc2VzCmJsb2NvcyBkZSBlc3RydW1lIGRlIGNhbWVsby7DiSBtZWxob3IKZXUgdm9sdGFyIGF0w6kgbyBTci4gU2FyYW1hbiBwYXJhCmRpemVyIGEgZWxlIG9uZGUgZXN0w6Egc3VhIGNhbWVsYSwKZSBkZXBvaXMgaXIgYXTDqSBhIFNyYS4gSXZvcnku,,W3swfV0KTWUgbGFzIGFycmVnbMOpIHBhcmEgY29uc2VndWlyCmxvcyBpbmdyZWRpZW50ZXMgcGFyYSBlbCBqYWLDs24geSA1CnRyb3pvcyBkZSBlc3Rpw6lyY29sIGRlIGNhbWVsbG8uIFRlbmRyw61hIHF1ZQp2b2x2ZXIgY29uIGVsIHNlw7FvciBTYXJhbWFuIHBhcmEKZGVjaXJsZSBkw7NuZGUgZXN0w6Egc3UgY2FtZWxsYQp5IGx1ZWdvIGlyIGNvbiBsYSBzZcOxb3JhIEl2b3J5Lg==
btAbAQ,,W3swfV0KTGV0J3Mgc2VlLi4uClNob3VsZG4ndCBJIGJlIGdvaW5nCnRvIHNlZSBNcy4gSXZvcnkgbm93Pw==,,,,,W3swfV0KVmVqYW1vcy4uLgpFdSBuw6NvIGRldmVyaWEgZXN0YXIgaW5kbwp2ZXIgYSBTcmEuIEl2b3J5IGFnb3JhPw==,,W3swfV0KVmVhbW9zLi4uCsK/Tm8gZGViZXLDrWEgaXIgYSB2ZXIKYSBsYSBzZcOxb3JhIEl2b3J5IGFob3JhPw==
b9AbAQ,,W3swfV0KSSBoYXZlIHRoZSBTaWxrIFNhbmQgQ2FtZWwKU29hcCBub3csIHNvIEkgc2hvdWxkIGdvCmJyaW5nIGl0IHRvIE1yLiBMb2NrZW5sb2NrLg==,,,,,W3swfV0KSsOhIHRlbmhvIG8gU2Fiw6NvIGRlIENhbWVsYSBkZSBWZWx1ZG8sIGVudMOjbyBkZXZvCmxldsOhLWxvIGFvIFNyLiBMb2NrZW5sb2NrLg==,,W3swfV0KWWEgdGVuZ28gZWwgamFiw7NuIGRlIGNhbWVsbG8KZGUgYXJlbmEgZGUgc2VkYSwgYXPDrSBxdWUKc2UgbG8gbGxldmFyw6kgYWwgc2XDsW9yIExvY2tlbmxvY2su
cNAbAQ,,W3swfV0KSSdkIGJldHRlciB1c2UgdGhlIHNvYXAgdG8KbWFrZSBhIGtleSBtb2xkIHRoYXQgSSBjYW4KYnJpbmcgb3ZlciB0byBNci4gTG9ja2VubG9jay4=,,,,,W3swfV0Kw4kgbWVsaG9yIGV1IHVzYXIgbyBzYWLDo28gcGFyYQpmYXplciB1bSBtb2xkZSBkZSBjaGF2ZSBxdWUgZXUgcG9zc2EKbGV2YXIgcGFyYSBvIFNyLiBMb2NrZW5sb2NrLg==,,W3swfV0KTWVqb3IgdXNvIGVsIGphYsOzbiBwYXJhCmhhY2VyIHVuIG1vbGRlIGRlIGxsYXZlCnBhcmEgZWwgc2XDsW9yIExvY2tlbmxvY2su
cdAbAQ,,W3swfV0KTWFraW5nIHRoZSBrZXkgaXMgbW9yZQppbXBvcnRhbnQgdGhhdCB0ZWxsaW5nIEthcnluCmFib3V0IHdoYXQncyBoYXBwZW5lZC4=,,,,,W3swfV0KRmF6ZXIgYSBjaGF2ZSDDqSBtYWlzCmltcG9ydGFudGUgZG8gcXVlIGNvbnRhciBwYXJhIG8gS2FyeW4KbyBxdWUgYWNvbnRlY2V1Lg==,,W3swfV0KSGFjZXIgbGEgbGxhdmUgZXMgbcOhcwppbXBvcnRhbnRlIHF1ZSBkZWNpcmxlIGEgS2FyeW4KbG8gcXVlIHBhc8OzLg==
ctAbAQ,,W3swfV0KSSBuZWVkIHRvIGJyaW5nCjEgU3RlZWwgdG8gTXIuIExvY2tlbmxvY2sKc28gdGhhdCBoZSBjYW4gbWFrZSBhIGtleQp0aGF0IHdpbGwgZmluYWxseSBmcmVlIEN1cmRpZS4=,,,,,W3swfV0KUHJlY2lzbyBsZXZhcgoxIEHDp28gcGFyYSBvIFNyLiBMb2NrZW5sb2NrCnBhcmEgcXVlIGVsZSBwb3NzYSBmYXplciBhIGNoYXZlCnF1ZSB2YWkgbGliZXJ0YXIgYSBDdXJkaWUu,,W3swfV0KTmVjZXNpdG8gbGxldmFyClVuYXVuaWRhZCBkZSBBY2VybyBwYXJhIGVsIHNlw7FvciBMb2NrZW5sb2NrLApwYXJhIHF1ZSBwdWVkYSBoYWNlciB1bmEgbGxhdmUKcXVlIGxpYmVyZSBhIEN1cmRpZS4=
c9AbAQ,,W3swfV0KSSBmaW5hbGx5IGdvdCB0aGUKa2V5IHRoYXQgSSBjYW4gdXNlCnRvIGZyZWUgQ3VyZGllLiBJJ20KZ29ubmEgZ28gc2F2ZSBoZXIgbm93Lg==,,,,,W3swfV0KRmluYWxtZW50ZSBjb25zZWd1aSBhIGNoYXZlCnF1ZSBwb3NzbyB1c2FyCnBhcmEgbGliZXJ0YXIgYSBDdXJkaWUuIFZvdQpzYWx2w6EtbGEgYWdvcmEu,,W3swfV0KUG9yIGZpbiB0ZW5nbyBsYQpsbGF2ZSBxdWUKbGliZXJhcsOhIGEgQ3VyZGllLiBFc3RveQp5ZW5kbyBhIHNhbHZhcmxhIGFob3JhLg==
dNAbAQ,,W0tpZCBLYXJ5bl0KVGhhbmsgeW91IHNvIG11Y2ghClBsZWFzZSBicmluZyBiYWNrIEN1cmRpZQphcyBzb29uIGFzIHlvdSBjYW4hIF4zMzMzMzMqU29iKl4wMDAwMDA=,,,,,W0tpZCBLYXJ5bl0KTXVpdG8gb2JyaWdhZG8hClBvciBmYXZvciwgdHJhZ2EgYSBDdXJkaWUgZGUgdm9sdGEKbyBtYWlzIHLDoXBpZG8gcG9zc8OtdmVsISBeMzMzMzMzKlNvbHXDp28qXjAwMDAwMA==,,W0VsIG5pw7FvIEthcnluXQrCoU11Y2jDrXNpbWFzIGdyYWNpYXMhCsKhUG9yIGZhdm9yLCB0cmFlIGEgQ3VyZGllCnRhbiBwcm9udG8gY29tbyBwdWVkYXMhIF4zMzMzMzMqU29sbG96YSpeMDAwMDAw
ddAbAQ,,W3swfV0KSGV5LCBLYXJ5biEgSSBzZW50CnlvdXIgc2lzdGVyIGJhY2sgdG8gdG93bgp3aXRoIGEgQnV0dGVyZmx5IFdpbmcuCkRpZCBzaGUgY29tZSBiYWNrIHNhZmU/,,,,,W3swfV0KRWksIEthcnluISBFdSBtYW5kZWkKc3VhIGlybcOjIGRlIHZvbHRhIMOgIGNpZGFkZQpjb20gdW1hIEFzYSBkZSBCb3Jib2xldGEuCkVsYSBjaGVnb3UgZW0gc2VndXJhbsOnYT8=,,W3swfV0KwqFIb2xhLCBLYXJ5biEgRW52acOpIAphIHR1IGhlcm1hbmEgYSBsYSBjaXVkYWQKY29uIEFsYXMgZGUgbWFyaXBvc2EuCsK/Vm9sdmnDsyBzYW5hIHkgc2FsdmE/
dtAbAQ,,W0tpZCBLYXJ5bl0KWWVzLCBDdXJkaWUncyBiYWNrCmFuZCBzaGUncyByZXN0aW5nIGluCnRoZSBob3NwaXRhbCByaWdodCBub3cuClRoYW5rIHlvdSBzbyBtdWNoIGZvcgphbGwgb2YgeW91ciBoZWxwIQ==,,,,,W0tpZCBLYXJ5bl0KU2ltLCBhIEN1cmRpZSB2b2x0b3UKZSBlc3TDoSBkZXNjYW5zYW5kbyBubwpob3NwaXRhbCBuZXN0ZSBtb21lbnRvLgpNdWl0byBvYnJpZ2FkbyBwb3IKdG9kYSBhIHN1YSBhanVkYSE=,,W0VsIG5pw7FvIEthcnluXQpTw60sIEN1cmRpZSB2b2x2acOzIAp5IHlhIGVzdMOhIGRlc2NhbnNhbmRvCmVuIGVsIGhvc3BpdGFsLgrCoU11Y2hhcyBncmFjaWFzIHBvcgp0b2RhIHR1IGF5dWRhIQ==
d9AbAQ,,W0tpZCBLYXJ5bl0KSSdtIG5vdCBzdXJlIHdoYXQncyB3cm9uZwp3aXRoIEN1cmRpZSwgdGhvdWdoLiBFdmVyCnNpbmNlIHNoZSBnb3QgYmFjaywgc2hlIGdldHMKZnJpZ2h0ZW5lZCB3aGVuZXZlciBzaGUKc2VlcyB0aGUgc29sZGllcnMgaW4gdG93bi4=,,,,,W0tpZCBLYXJ5bl0KTsOjbyB0ZW5obyBjZXJ0ZXphIGRvIHF1ZSB0ZW0gZGUgZXJyYWRvCmNvbSBhIEN1cmRpZS4gRGVzZGUgcXVlCmVsYSB2b2x0b3UsIGVsYSBmaWNhCmFzc3VzdGFkYSBzZW1wcmUgcXVlCnbDqiBvcyBzb2xkYWRvcyBuYSBjaWRhZGUu,,W0VsIG5pw7FvIEthcnluXQpBdW5xdWUgbm8gc8OpIHF1w6kgbGUgcGFzYQphIEN1cmRpZS4gRGVzZGUKcXVlIHJlZ3Jlc8OzLCBzZSBhc3VzdGEKY2FkYSB2ZXogcXVlIHZlCnNvbGRhZG9zIGVuIGxhIGNpdWRhZC4=
eNAbAQ,,W0tpZCBLYXJ5bl0KSSBwcm9taXNlIHRvIHRlbGwgbXkgZGFkCmFib3V0IHdoYXQgeW91IGRpZCBhZnRlciBoZQpjb21lcyBiYWNrIGZyb20gb3ZlcnNlYXMuClRoYW5rIHlvdSBmb3IgZXZlcnl0aGluZwp0aGF0IHlvdSBkaWQgZm9yIHVzIQ==,,,,,W0tpZCBLYXJ5bl0KUHJvbWV0byBxdWUgdm91IGNvbnRhciBhbyBtZXUgcGFpCnR1ZG8gbyBxdWUgdm9jw6ogZmV6IGRlcG9pcyBxdWUgZWxlCnZvbHRhciBkbyBleHRlcmlvci4KT2JyaWdhZG8gcG9yIHR1ZG8KcXVlIGZleiBwb3IgbsOzcyE=,,W0VsIG5pw7FvIEthcnluXQpQcm9tZXRvIGNvbnRhcmxlIGEgbWkgcGFww6EgCmxvIHF1ZSBoaWNpc3RlIGN1YW5kbwpyZWdyZXNlIGRlIHVsdHJhbWFyLgrCoUdyYWNpYXMgcG9yIHRvZG8KbG8gcXVlIGhpY2lzdGUgcG9yIG5vc290cm9zIQ==
edAbAQ,,W3swfV0KVW1tLi4uIEkgc2VlLi4uCkknbGwgY29tZSBieSBsYXRlcgp3aGVuIEN1cmRpZSdzIHJlbGVhc2VkCmZyb20gdGhlIGhvc3BpdGFsLg==,,,,,W3swfV0KSHVtLi4uIEVudGVuZGkuLi4KVm91IHZpc2l0YXIgdm9jw6pzIGRlcG9pcwpxdWUgYSBDdXJkaWUgZm9yIGxpYmVyYWRhCmRvIGhvc3BpdGFsLg==,,W3swfV0KTW1tLi4uIFlhIHZlby4uLgpQYXNhcsOpIG3DoXMgdGFyZGUKY3VhbmRvIGxlIGRlbiBlbCBhbHRhCmEgQ3VyZGllLg==
etAbAQ,,W0tpZCBLYXJ5bl0KWWVzLCBwbGVhc2UgZG8uCkkgcHJvbWlzZSB0byBoZWxwIHlvdQp3aGVuZXZlciB5b3UgbmVlZCBtZSE=,,,,,W0tpZCBLYXJ5bl0KU2ltLCBwb3IgZmF2b3IuClByb21ldG8gdGUgYWp1ZGFyCnNlbXByZSBxdWUgcHJlY2lzYXIgZGUgbWltIQ==,,W0VsIG5pw7FvIEthcnluXQpTw60sIHBvciBmYXZvci4KwqFQcm9tZXRvIGF5dWRhcnRlCnNpZW1wcmUgcXVlIG1lIG5lY2VzaXRlcyE=
e9AbAQ,,W3swfV0KSGFoYWhhaGEhCldlbGwuLi4gSSBndWVzcyB0aGF0J3MKcHJldHR5IHJlYXNzdXJpbmcuIFVudGlsIHRoZW4sCnRha2UgZ29vZCBjYXJlIG9mIHlvdXIgbW90aGVyCmFuZCBzaXN0ZXIuIFlvdSBnb3QgdGhhdD8=,,,,,W3swfV0KSGFoYWhhaGFoYSEKQm9tLi4uIEFjaG8gcXVlIGlzc28gw6kKYmFzdGFudGUgdHJhbnF1aWxpemFkb3IuIEF0w6kgbMOhLApjdWlkZSBiZW0gZGEgc3VhIG3Do2UKZSBkYSBzdWEgaXJtw6MuIEVudGVuZGV1Pw==,,W3swfV0KwqFKYSxqYSxqYSxqYSEKQnVlbm8uLi4gQ3JlbyBxdWUgZXNvIG1lCnRyYW5xdWlsaXphIGJhc3RhbnRlLiBIYXN0YSBlbnRvbmNlcywKY3VpZGEgYmllbiBkZSB0dSBtYWRyZQp5IHR1IGhlcm1hbmEuIMK/RW50ZW5kaWRvPw==
fNAbAQ,,W0tpZCBLYXJ5bl0KR290IGl0IQ==,,,,,W0tpZCBLYXJ5bl0KRW50ZW5kaSE=,,W0VsIG5pw7FvIEthcnluXQrCoUVudGVuZGlkbyE=
fdAbAQ,,W3swfV0KR29vZCwgZ29vZC4uLgpJdCdzIGEgcHJvbWlzZSwgdGhlbi4KSSdsbCBzZWUgeW91IGxhdGVyfg==,,,,,W3swfV0KQm9tLCBib20uLi4Kw4kgdW1hIHByb21lc3NhLCBlbnTDo28uClZlam8gdm9jw6ogZGVwb2lzIQ==,,W3swfV0KQmllbiwgYmllbi4uLgpFcyB1bmEgcHJvbWVzYSwgZW50b25jZXMuCk5vcyB2ZW1vcyBsdWVnby4=
ftAbAQ,,W0tpZCBLYXJ5bl0KT2gsIGhlbGxvISBUaGFuayB5b3UKc28gbXVjaCBmb3IgaGVscGluZyBtZQpsYXN0IHRpbWUhIFdoZW4gSSBnZXQKb2xkZXIsIEknbSBnb25uYSBkbyBteQpiZXN0IHRvIGhlbHAgeW91IHRoZSBzYW1lCndheSB0aGF0IHlvdSBoZWxwZWQgbWUh,,,,,W0tpZCBLYXJ5bl0KQWgsIG9sw6EhIApNdWl0byBvYnJpZ2FkbyBwb3IgbWUgYWp1ZGFyCmRhIMO6bHRpbWEgdmV6ISBRdWFuZG8gZXUgZmljYXIKZmljYXIgbWFpcyB2ZWxobywgZmFyZWkgbyBtZXUKbWVsaG9yIHBhcmEgdGUgYWp1ZGFyCmRhIG1lc21hIGZvcm1hIHF1ZSB2b2PDqiBtZSBhanVkb3Uh,,W0VsIG5pw7FvIEthcnluXQpBaCwgwqFob2xhISDCoU11Y2hhcwpncmFjaWFzIHBvciBheXVkYXJtZQpsYSBvdHJhIHZleiEgQ3VhbmRvIHNlYQpncmFuZGUsIMKhaGFyw6kgbG8gcG9zaWJsZQpwb3IgYXl1ZGFydGUgZGUgbGEgbWlzbWEKZm9ybWEgZW4gbGEgcXVlIG1lIGF5dWRhc3RlIGEgbcOtIQ==
f9AbAQ,,W0tpZCBLYXJ5bl0KSGkhIEl0J3MgZ29vZCB0byBzZWUKeW91IGFnYWluISBLdXJkaSBqdXN0IGNhbWUKYmFjayBob21lIGZyb20gdGhlIGhvc3BpdGFsLAphbmQgaXMgZ2V0dGluZyBiZXR0ZXIgZXZlcnlkYXkhCkFoLCBhbmQgSSd2ZSBiZWVuIHRha2luZyBjYXJlCm9mIGhlciwganVzdCBsaWtlIEkgcHJvbWlzZWR+,,,,,W0tpZCBLYXJ5bl0KT2khIMOJIGJvbSB2ZXIgdm9jw6ogZGUgbm92byEKQSBDdXJkaSBhY2Fib3UgZGUgCnZvbHRvdSBkbyBob3NwaXRhbCwKZSBlc3TDoSBtZWxob3JhbmRvIGEgY2FkYSBkaWEhCkFoLCBlIGV1IHRlbmhvIGN1aWRhZG8gZGVsYSwKZXhhdGFtZW50ZSBjb21vIHByb21ldGkh,,W0VsIG5pw7FvIEthcnluXQrCoUhvbGEhIMKhUXXDqSBidWVubyB2ZXJ0ZQpvdHJhIHZleiEgQ3VyZGllIGFjYWJhIGRlCnJlZ3Jlc2FyIGEgY2FzYSBkZWwgaG9zcGl0YWwKwqF5IGVzdMOhIGNhZGEgZMOtYSBtZWpvciEKQWgsIHkgbGEgZXN0dXZlIGN1aWRhbmRvLAp0YWwgY29tbyBwcm9tZXTDrS4=
gNAbAQ,,W3swfV0KUmVhbGx5PyBUaGF0J3MgZ29vZC4KWW91IHNob3VsZCBiZSBwcm91ZH4=,,,,,W3swfV0KU8OpcmlvPyBJc3NvIMOpIG11aXRvIGJvbS4KVm9jw6ogZGV2ZSBlc3RhciBvcmd1bGhvc28h,,W3swfV0Kwr9EZSB2ZXJkYWQ/IFF1w6kgYnVlbm8uCkRlYmVyw61hcyBlc3RhciBvcmd1bGxvc28u
gdAbAQ,,W0tpZCBLYXJ5bl0KXjY2NjY2NipCbHVzaCpeMDAwMDAwIEhlaCBoZWgh,,,,,W0tpZCBLYXJ5bl0KXjY2NjY2NipCbHVzaCpeMDAwMDAwIEhlaGUh,,W0VsIG5pw7FvIEthcnluXQpeNjY2NjY2KlJ1Ym9yKl4wMDAwMDAgwqFKZSxqZSE=
gtAbAQ,,W3swfV0KQW55d2F5LCBJIHdhcyB3b25kZXJpbmcKaWYgeW91IGNvdWxkIGhlbHAgbWUuCllvdXIgZGFkJ3MgYSBmaXNoZXJtYW4sCnJpZ2h0PyBXb3VsZCB5b3UgbWluZAphc2tpbmcgaGltIGlmIEkgY291bGQKYm9ycm93IGhpcyBib2F0Pw==,,,,,W3swfV0KRGUgcXVhbHF1ZXIgZm9ybWEsIGdvc3RhcmlhIGRlIHNhYmVyCnNlIHZvY8OqIHBvZGUgbWUgYWp1ZGFyLgpTZXUgcGFpIMOpIHBlc2NhZG9yLApjZXJ0bz8gVm9jw6ogc2UgaW1wb3J0YXJpYSBkZQpwZXJndW50YXIgYSBlbGUgc2UgZXUgcG9zc28KcGVnYXIgbyBiYXJjbyBkZWxlIGVtcHJlc3RhZG8/,,W3swfV0KRW4gZmluLCBxdWVyw61hIHNhYmVyCnNpIHBvZMOtYXMgYXl1ZGFybWUuClR1IHBhZHJlIGVzIHBlc2NhZG9yLArCv3ZlcmRhZD8gwr9UZSBpbXBvcnRhcsOtYQpwcmVndW50YXJsZSBzaSBwdWVkbwpwZWRpcmxlIHByZXN0YWRvIHN1IGJvdGU/
g9AbAQ,,W0tpZCBLYXJ5bl0KV2VsbC4uLiBBY3R1YWxseS4uLgpUaGUgcG9wZSBzYWlkIHRoYXQgbXkKZGFkIGlzbid0IGFsbG93ZWQgdG8gdXNlCmhpcyBib2F0IGZvciBhIHdoaWxlLi4uCkknbSBub3Qgc3VyZSB3aHku,,,,,W0tpZCBLYXJ5bl0KQm9tLi4uIE5hIHZlcmRhZGUuLi4KQSBQYXBpc2EgZGlzc2UgcXVlIG1ldQpwYWkgbsOjbyB0ZW0gcGVybWlzc8OjbyBwYXJhIHVzYXIKbyBiYXJjbyBwb3IgdW0gdGVtcG8uLi4KTsOjbyBzZWkgYmVtIHBvciBxdcOqLg==,,W0VsIG5pw7FvIEthcnluXQpCdWVuby4uLiBFbiByZWFsaWRhZC4uLgpMYSBwYXBpc2EgZGlqbyBxdWUgbWkKcGFww6Egbm8gcHVlZGUgdXNhcgpzdSBib3RlIHBvciB1biB0aWVtcG8uLi4KTm8gc8OpIHBvciBxdcOpLg==
hNAbAQ,,W0tpZCBLYXJ5bl0KU28geWVhaC4gRGFkJ3Mgbm90IGFsbG93ZWQKdG8gZ28gb3V0IHRvIHNlYSByaWdodCBub3cuCkJ1dCBpdCBzaG91bGQgYmUgb2theSBpZiBpdCdzCnlvdSwgcmlnaHQ/IEhleSwgeW91IGhlbHBlZAptZSwgc28gSSBoYWZ0YSBoZWxwIHlvdSwgcmlnaHQ/,,,,,W0tpZCBLYXJ5bl0KRW50w6NvLCBzaW0uIE8gUGFwYWkgbsOjbyB0ZW0gcGVybWlzc8OjbwpkZSBzYWlyIHBhcmEgbyBtYXIgbm8gbW9tZW50by4KTWFzIG7Do28gZGV2ZSB0ZXIgcHJvYmxlbWEgc2UgZm9yCnZvY8OqLCBjZXJ0bz8gVm9jw6ogbWUgYWp1ZG91LAplbnTDo28gZXUgdGVuaG8gcXVlIGFqdWRhciB2b2PDqiwgbsOjbyDDqSBtZXNtbz8=,,W0VsIG5pw7FvIEthcnluXQpBc8OtIHF1ZS4uLiBBIHBhcMOhIG5vIGxlIHBlcm1pdGVuCnNhbGlyIGFsIG1hciBhaG9yYSBtaXNtby4KUGVybyBubyBlc3RhcsOtYSBtYWwgc2kgbG8gaGFjZXMKdMO6LCDCv3ZlcmRhZD8gT3llLCB0w7ogbWUgYXl1ZGFzdGUsCmFzw60gcXVlIGFob3JhIHRlbmdvIHF1ZSBoYWNlcmxvIHlvLCDCv25vPw==
hdAbAQ,,W0tpZCBLYXJ5bl0KTXkgZGFkIGlzIHJlYWxseSBtYWQgdGhhdApoZSBjYW4ndCB1c2UgaGlzIGJvYXQgc28KbWF5YmUgd2UgYmV0dGVyIG5vdCB0ZWxsCmhpbSB5b3Ugd2FudCB0byB1c2UgaXQuIExldCdzCmtlZXAgaXQgb3VyIHNlY3JldCwgb2theT8=,,,,,W0tpZCBLYXJ5bl0KTWV1IHBhaSBlc3TDoSBtdWl0byBicmF2byBwb3JxdWUKZWxlIG7Do28gcG9kZSB1c2FyIG8gYmFyY28sIGVudMOjbwp0YWx2ZXogc2VqYSBtZWxob3IgbsOjbyBjb250YXIgcGFyYSBlbGUKcXVlIHZvY8OqIHF1ZXIgdXPDoS1sby4gVmFtb3MKbWFudGVyIGlzc28gZW0gc2VncmVkbywgdMOhIGJvbT8=,,W0VsIG5pw7FvIEthcnluXQpNaSBwYXDDoSBlc3TDoSBtdXkgZW5mYWRhZG8KcG9ycXVlIG5vIHB1ZWRlIHVzYXIgc3UgYm90ZSwKYXPDrSBxdWUgY3JlbyBxdWUgc2Vyw6EgbWVqb3IKbm8gZGVjaXJsZSBxdWUgcXVpZXJlcyB1c2FybG8uIFF1ZQpzZWEgbnVlc3RybyBzZWNyZXRvLCDCv3PDrT8=
htAbAQ,,W3swfV0KUy1zdXJlIHRoaW5nIQ==,,,,,W3swfV0KQ29tIGNlcnRlemEh,,W3swfV0KwqFDLWNsYXJvIQ==
h9AbAQ,,W0tpZCBLYXJ5bl0KQW55d2F5LCBoaXMgYm9hdCBpcyB0aGUKb25seSBvbmUgb24gdGhlIHNvdXRoIGJlYWNoCnNpbmNlIGFsbCB0aGUgb3RoZXIgZmlzaGVybWVuCmRvY2sgdGhlaXJzIGJvYXRzIGluIG90aGVyCnBsYWNlcy4gQWxzbywgbXkgZGFkJ3MgYm9hdAp3aWxsIHJ1c3QgaWYgbm8gb25lIHVzZXMgaXQu,,,,,W0tpZCBLYXJ5bl0KQ2VydG8sIG8gYmFyY28gZGVsZSDDqSBvCsO6bmljbyBuYSBwcmFpYSBkbyBzdWwsCmrDoSBxdWUgdG9kb3Mgb3Mgb3V0cm9zIHBlc2NhZG9yZXMKYXRyYWNhbSBzZXVzIGJhcmNvcyBlbQpvdXRyb3MgbHVnYXJlcy4gQWzDqW0gZGlzc28sIG8gYmFyY28gZG8gbWV1IHBhaQp2YWkgZW5mZXJydWphciBzZSBuaW5ndcOpbSBvIHVzYXIu,,W0VsIG5pw7FvIEthcnluXQpCdWVubywgc3UgYm90ZSBlcyBlbArDum5pY28gZGUgbGEgcGxheWEgZGVsIHN1ciwKeWEgcXVlIGxvcyBkZW3DoXMgcGVzY2Fkb3JlcwphdHJhY2FuIHN1cyBib3RlcyBlbiBvdHJvcwpsdWdhcmVzLiBBZGVtw6FzLCBlbCBib3RlIGRlIG1pIHBhcMOhIApzZSBveGlkYXLDoSBzaSBuYWRpZSBsbyB1c2Eu
iNAbAQ,,W3swfV0KR3JlYXQhIFRoYW5rcyBzbyBtdWNoCmZvciB5b3VyIGhlbHAsIEthcnlufgpJJ2xsIGJlIHN1cmUgdG8gdGFrZQpnb29kIGNhcmUgb2YgeW91ciBkYWQncwpib2F0LiBJIG9ubHkgbmVlZCBpdCBmb3IKYSBsaXR0bGUgd2hpbGUsIGFueXdheS4=,,,,,W3swfV0Kw5N0aW1vISBNdWl0byBvYnJpZ2Fkbwpwb3Igc3VhIGFqdWRhLCBLYXJ5biEKR2FyYW50byBxdWUgdm91CmN1aWRhciBiZW0gZG8gYmFyY28gZG8gc2V1IHBhaS4KU8OzIHByZWNpc28gZGVsZSBwb3IKcG91Y28gdGVtcG8sIGRlIHF1YWxxdWVyIGZvcm1hLg==,,W3swfV0KwqFHZW5pYWwhIMKhTXVjaGFzIGdyYWNpYXMKcG9yIHR1IGF5dWRhLCBLYXJ5bi4KTWUgYXNlZ3VyYXLDqSBkZQpjdWlkYXIgYmllbiBlbCBib3RlIGRlCnR1IHBhcMOhLiBTb2xvIGxvIG5lY2VzaXRvCnBvciB1biByYXRvLg==
idAbAQ,,W0tpZCBLYXJ5bl0KSGVoIGhlaCEgVGhhbmtzIQpJJ20gaGFwcHkgdGhhdApJIGNhbiBoZWxwIHlvdSB0b28h,,,,,W0tpZCBLYXJ5bl0KSGVoZSEgT2JyaWdhZG8hCkZpY28gZmVsaXoKcXVlIGV1IHBvc3NhIGFqdWRhciB2b2PDqiB0YW1iw6ltIQ==,,W0VsIG5pw7FvIEthcnluXQrCoUplLGplISDCoUdyYWNpYXMhCsKhTWUgYWxlZ3JhIHBvZGVyCmF5dWRhcnRlIHRhbWJpw6luIQ==
itAbAQ,,W0tpZCBLYXJ5bl0KSGkhIEhvdyBkbyB5b3UgbGlrZQpmaXNoaW5nIG9uIG15IGRhZCdzIGJvYXQ/Ck9oLCBhbmQgS3VyZGkgc2F5cyBoaSE=,,,,,W0tpZCBLYXJ5bl0KT2khIE8gcXVlIHZvY8OqIGFjaGEKZGUgcGVzY2FyIG5vIGJhcmNvIGRvIG1ldSBwYWk/CkFoLCBlIGEgQ3VyZGkgbWFuZG91IHVtIG9pIQ==,,W0VsIG5pw7FvIEthcnluXQrCoUhvbGEhIMK/VGUgZ3VzdGEKcGVzY2FyIGVuIGVsIGJvdGUgZGUgbWkgcGFww6E/CkFoLCDCoUN1cmRpZSB0ZSBtYW5kYSBzYWx1ZG9zIQ==
i9AbAQ,,W0tpZCBLYXJ5bl0KRGFkIHNheXMgdGhhdCBoZSdsbApiZSBhYmxlIHRvIGdvIGZpc2hpbmcKYWdhaW4gc29vbiEgSSBob3BlIHRoYXQKaGUnbGwgY2F0Y2ggYSBsb3Qgb2YgZmlzaCE=,,,,,W0tpZCBLYXJ5bl0KUGFwYWkgZGlzc2UgcXVlIGVsZSB2YWkKcG9kZXIgaXIgcGVzY2FyCmRlIG5vdm8gZW0gYnJldmUhIEVzcGVybyBxdWUKZWxlIHBlZ3VlIG11aXRvcyBwZWl4ZXMh,,W0VsIG5pw7FvIEthcnluXQrCoVBhcMOhIGRpY2UgcXVlCnByb250byBwb2Ryw6EgaXIgYQpwZXNjYXIgZGUgbnVldm8hIMKhRXNwZXJvIHF1ZQpwZXNxdWUgbXVjaG9zIHBlY2VzIQ==
jNAbAQ,,W0tpZCBLYXJ5bl0KXjMzMzMzMypTb2IqXjAwMDAwMC4uLgpeMzMzMzMzKlNvYipeMDAwMDAwLi4u,,,,,W0tpZCBLYXJ5bl0KXjMzMzMzMypTb2x1w6dvKl4wMDAwMDAuLi4KXjMzMzMzMypTb2x1w6dvKl4wMDAwMDAuLi4=,,W0VsIG5pw7FvIEthcnluXQpeMzMzMzMzKlNvbGxvemEqXjAwMDAwMC4uLgpeMzMzMzMzKlNvbGxvemEqXjAwMDAwMC4uLg==
jdAbAQ,,TGl0dGxlIEN1cmRpZQ==,,,,,UGVxdWVuYSBDdXJkaWU=,,UGVxdWXDsW8gQ3VyZGll
jtAbAQ,,XjMzNTVGRllvdSBjb21lIGFjcm9zcwphIGxpdHRsZSBnaXJsIGx5aW5nIG9uIHRoZQpncm91bmQgdW5jb25zY2lvdXMuXjAwMDAwMA==,,,,,XjMzNTVGRlZvY8OqIHNlIGRlcGFyYSBjb20KdW1hIGdhcm90aW5oYSBkZWl0YWRhIG5vIGNow6NvLAppbmNvbnNjaWVudGUuXjAwMDAwMA==,,XjMzNTVGRlRlIGVuY3VlbnRyYXMKY29uIHVuYSBuacOxaXRhIGluY29uc2NpZW50ZQp0dW1iYWRhIGVuIGVsIHN1ZWxvLl4wMDAwMDA=
j9AbAQ,,W3swfV0KSGV5LCBraWQhIFdha2UgdXAhCkNhbiB5b3UgaGVhciBtZT8=,,,,,W3swfV0KRWksIGdhcm90aW5oYSEgQWNvcmRlIQpFc3TDoSBtZSBvdXZpbmRvPw==,,W3swfV0KwqFPeWUsIG5pw7FhISDCoURlc3BpZXJ0YSEKwr9QdWVkZXMgZXNjdWNoYXJtZT8=
kNAbAQ,,XjMzNTVGRlNoZSBoYXMgYSBwdWxzZSwgYnV0CmRlc3BpdGUgeW91ciB2ZXJiYWwKZW50cmVhdGllcywgc2hlIHdvbid0Cm9wZW4gaGVyIGV5ZXMuIFlvdQpsaWdodGx5IHNsYXAgaGVyIGNoZWVrCnRvIHdha2UgaGVyIHVwLl4wMDAwMDA=,,,,,XjMzNTVGRkVsYSB0ZW0gcHVsc28sIG1hcwphcGVzYXIgZGFzIHN1YXMKc8O6cGxpY2FzLCBlbGEgbsOjbyAKYWJyZSBvcyBvbGhvcy4gVm9jw6oKZMOhIHVtIGxldmUgdGFwYSBlbSBzdWEgYm9jaGVjaGEKcGFyYSBhY29yZMOhLWxhLl4wMDAwMDA=,,XjMzNTVGRlRpZW5lIHB1bHNvLCBwZXJvLAphIHBlc2FyIGRlCnR1cyBsbGFtYWRvcywgbm8KYWJyZSBsb3Mgb2pvcy4gTGUKZGFzIHVuYSBwYWxtYWRpdGEKcGFyYSBkZXNwZXJ0YXJsYS5eMDAwMDAw
kdAbAQ,,W0xpdHRsZSBDdXJkaWVdCkh1aD8hCi4uLkFoLCBvd3d3d34KVy13YWFhYWFhYWFoIQ==,,,,,W1BlcXVlbmEgQ3VyZGllXQpIw6M/IQouLi5BaCwgb3d3d3chClctd2FhYWFhYWFhaCE=,,W1BlcXVlw7FhIEN1cmRpZV0KwqHCv0VoPyEKLi4uwqFBeSwgYXV1dXVjaCEKwqFCLWJ1YWFhYWFhIQ==
ktAbAQ,,W3swfV0KU29ycnkhIEkgZGlkbid0IG1lYW4KdG8gbWFrZSB5b3UgY3J5ISBBcmUuLi4KQXJlIHlvdSBhbHJpZ2h0Pw==,,,,,W3swfV0KTWUgZGVzY3VscGUhIEV1IG7Do28gcXVlcmlhCmZhemVyIHZvY8OqIGNob3JhciEgVm9jw6ouLi4KVm9jw6ogZXN0w6EgYmVtPw==,,W3swfV0KwqFMbyBzaWVudG8hIMKhTm8gcXVpc2UKaGFjZXJ0ZSBsbG9yYXIhIEVzdMOhcy4uLgrCv0VzdMOhcyBiaWVuPw==
k9AbAQ,,W0xpdHRsZSBDdXJkaWVdCkh1aD8gV2gtd2hvIGFyZSB5b3U/Ck9oIG5vLCB5b3UgaGF2ZSB0byBnZXQKb3V0IG9mIGhlcmUhIFlvdSdsbCBiZSBpbgp0cm91YmxlIGlmIHRoZXkgY2F0Y2ggeW91IQ==,,,,,W1BlcXVlbmEgQ3VyZGllXQpIw6M/IFF1ZW0gw6kgdm9jw6o/Ck9oIG7Do28sIHZvY8OqIHRlbSBxdWUKc2FpciBkYXF1aSEgVm9jw6ogZXN0YXLDoSBlbQphcHVyb3Mgc2UgZWxlcyBvIHBlZ2FyZW0h,,W1BlcXVlw7FhIEN1cmRpZV0Kwr9FaD8gwr9RLXF1acOpbiBlcmVzPwpBeSwgbm8sIMKhdGllbmVzIHF1ZSBzYWxpcgpkZSBhcXXDrSEgwqFFc3RhcsOhcyBlbgpwcm9ibGVtYXMgc2kgdGUgYXRyYXBhbiE=
lNAbAQ,,W3swfV0KQXJlIHlvdSBDdXJkaWU/CllvdXIgYnJvdGhlciBLYXJ5bgphc2tlZCBtZSB0byByZXNjdWUgeW91LgpDb21lIG9uLCB3ZSd2ZSBnb3QgdG8KZ2V0IHlvdSBvdXQgb2YgaGVyZS4=,,,,,W3swfV0KVm9jw6ogw6kgYSBDdXJkaWU/ClNldSBpcm3Do28gS2FyeW4KbWUgcGVkaXUgcGFyYSByZXNnYXTDoS1sYS4KVmFtb3MgbMOhLCB0ZW1vcyBxdWUKdGlyYXIgdm9jw6ogZGFxdWku,,W3swfV0Kwr9FcmVzIEN1cmRpZT8KVHUgaGVybWFubyBLYXJ5bgptZSBwaWRpw7MgcXVlIHRlIHJlc2NhdGFyYS4KVmFtb3MsIHRlbmVtb3MgcXVlCnNhY2FydGUgZGUgYXF1w60u
ldAbAQ,,W0xpdHRsZSBDdXJkaWVdCkthcnluLi4uPwpPaCwgb2ggbm8hIEkuLi4gVGhleQpsb2NrZWQgbWUgaW4gdGhlc2UKc2hhY2tsZXMgYW5kIEkgY2FuJ3QgbW92ZSEKWW91IGhhdmUgdG8gbGVhdmUgYmVmb3JlCnRob3NlIHNjYXJ5IG1lbiBjb21lIGJhY2sh,,,,,W1BlcXVlbmEgQ3VyZGllXQpLYXJ5bi4uLj8KT2gsIG9oIG7Do28hIEV1Li4uIEVsZXMKbWUgcHJlbmRlcmFtIG5lc3Nhcwpjb3JyZW50ZXMgZSBuw6NvIGNvbnNpZ28gbWUgbWV4ZXIhClZvY8OqIHRlbSBxdWUgc2FpciBhbnRlcwpxdWUgYXF1ZWxlcyBob21lbnMgYXNzdXN0YWRvcmVzIHZvbHRlbSE=,,W1BlcXVlw7FhIEN1cmRpZV0Kwr9LYXJ5bi4uLj8KwqFBeSEgwqFPaCwgbm8hIE1lLi4uIMKhTWUKZW5jYWRlbmFyb24gY29uIGVzdG9zCmdyaWxsZXRlcyB5IG5vIHB1ZWRvIG1vdmVybWUhCsKhVmV0ZSBhbnRlcyBkZSBxdWUgdnVlbHZhbgplc29zIGhvbWJyZXMgdGVycm9yw61maWNvcyE=
ltAbAQ,,W3swfV0KV2hhdC4uLj8hClRob3NlIGJhc3RhcmRzIQpUeWluZyB1cCBhIGxpdHRsZQpnaXJsIGxpa2UgdGhpcy4uLg==,,,,,W3swfV0KTyBxdcOqLi4uPyEKRXNzZXMgbWlzZXLDoXZlaXMhClByZW5kZXIgdW1hIGdhcm90aW5oYQpkZXNzZSBqZWl0by4uLg==,,W3swfV0KwqHCv1F1w6k/IQrCoUVzb3MgbWlzZXJhYmxlcyEKQXRhciBhc8OtIGEgdW5hCm5pw7FpdGEuLi4=
l9AbAQ,,W3swfV0KQXJnaCEgQW5kIEkgY2FuJ3QganVzdAp1c2UgYnJ1dGUgZm9yY2UgdG8gc2hhdHRlcgp0aGVzZSBzaGFja2xlcyEgSSBtaWdodAplbmQgdXAgaHVydGluZyB5b3UuLi4h,,,,,W3swfV0KQXJnaCEgRSBldSBuw6NvIHBvc3NvIHNpbXBsZXNtZW50ZQp1c2FyIGZvcsOnYSBicnV0YSBwYXJhIHF1ZWJyYXIKZXNzYXMgY29ycmVudGVzISBFdSBwb2RlcmlhCmFjYWJhciBtYWNodWNhbmRvIHZvY8OqLi4uIQ==,,W3swfV0KwqFHcnJyISDCoVkgbm8gcHVlZG8KdXNhciBsYSBmdWVyemEgYnJ1dGEgcGFyYSByb21wZXIKZXN0b3MgZ3JpbGxldGVzISDCoVB1ZWRvCmxhc3RpbWFydGUuLi4h
mNAbAQ,,W0xpdHRsZSBDdXJkaWVdCkRvbid0IHdvcnJ5IGFib3V0IG1lLi4uCkp1c3QgaHVycnkgYW5kIGxlYXZlIQpJLi4uIEknbGwgYmUgYWxyaWdodCEgTm93Cmh1cnJ5ISBTb21lb25lJ3MgY29taW5nIQ==,,,,,W1BlcXVlbmEgQ3VyZGllXQpOw6NvIHNlIHByZW9jdXBlIGNvbWlnby4uLgpBcGVuYXMgc2UgYXByZXNzZSBlIHbDoSBlbWJvcmEhCkV1Li4uIEV1IHZvdSBmaWNhciBiZW0hIApSw6FwaWRvISBBbGd1w6ltIGVzdMOhIGNoZWdhbmRvIQ==,,W1BlcXVlw7FhIEN1cmRpZV0KTm8gdGUgcHJlb2N1cGVzIHBvciBtw60uLi4KwqFEYXRlIHByaXNhIHkgdmV0ZSEKWW8uLi4gwqFFc3RhcsOpIGJpZW4hIEFob3JhLArCoWFww7pyYXRlISDCoVZpZW5lIGFsZ3VpZW4h
mdAbAQ,,W3swfV0KT2theSwgSSdsbCBnby4uLgpCdXQgc2l0IHRpZ2h0LCBhbmQKd2FpdCBmb3IgbWUgdG8gY29tZQpiYWNrLiBJJ2xsIGZpZ3VyZSBvdXQKc29tZSB3YXkgdG8gZnJlZSB5b3Uu,,,,,W3swfV0KQ2VydG8sIGV1IHZvdS4uLgpNYXMgZmlxdWUgY2FsbWEgZQplc3BlcmUgYXTDqSBxdWUgZXUgdm9sdGUuCkV1IHZvdSBkZXNjb2JyaXIKdW0gamVpdG8gZGUgdGUgbGliZXJ0YXIu,,W3swfV0KQnVlbm8sIG1lIGlyw6kuLi4KUGVybyBzw6kgcGFjaWVudGUgeQplc3BlcmEgYSBxdWUKcmVncmVzZS4gQXZlcmlndWFyw6kgCmVsIG1vZG8gZGUgbGliZXJhcnRlLg==
mtAbAQ,,W0xpdHRsZSBDdXJkaWVdCl4zMzMzMzMqU29iKl4wMDAwMDAgUi1yZWFsbHkuLi4/,,,,,W1BlcXVlbmEgQ3VyZGllXQpeMzMzMzMzKlNvbHXDp28qXjAwMDAwMCBTLXPDqXJpby4uLj8=,,W1BlcXVlw7FhIEN1cmRpZV0KXjMzMzMzMypTb2xsb3phKl4wMDAwMDAgwr9FLWVuIHNlcmlvLi4uPw==
m9AbAQ,,W3swfV0KSSBwcm9taXNlLgpJJ20gc3VyZSB0aGF0IHNvbWVvbmUKaW4gdG93biB3aWxsIGtub3cgb2YgYSB3YXkKdG8gdW5sb2NrIHlvdXIgc2hhY2tsZXMuCkknbGwgYmUgYmFjayBhcyBzb29uIGFzIEkgY2FuIQ==,,,,,W3swfV0KRXUgcHJvbWV0by4KVGVuaG8gY2VydGV6YSBkZSBxdWUgYWxndcOpbQpuYSBjaWRhZGUgc2FiZSBkZSB1bWEgbWFuZWlyYQpkZSBhYnJpciBlc3NhcyBjb3JyZW50ZXMuCkV1IHZvbHRvIGFzc2ltIHF1ZSBwdWRlciE=,,W3swfV0KTG8gcHJvbWV0by4KU2VndXJvIHF1ZSBhbGd1aWVuCmVuIGxhIGNpdWRhZCBjb25vY2UgYWxndW5hIG1hbmVyYQpkZSBhYnJpciBlc29zIGdyaWxsZXRlcy4KwqFWb2x2ZXLDqSBlbiBjdWFudG8gcHVlZGEh
nNAbAQ,,XjMzNTVGRlNvbWVvbmUgaW4gdG93bgptdXN0IGhhdmUgdGhlCmV4cGVydGlzZSB0byB1bmxvY2sKdGhlc2Ugc2hhY2tsZXMuIEl0J3MgeW91cgpvbmx5IGhvcGUgdG8gZnJlZSBDdXJkaWUKZnJvbSB0aGVzZSBjaGFpbnMuXjAwMDAwMA==,,,,,XjMzNTVGRkFsZ3XDqW0gbmEgY2lkYWRlCmRldmUgdGVyIG8KY29uaGVjaW1lbnRvIHBhcmEgYWJyaXIgZXNzYXMgY29ycmVudGVzLiDDiSBzdWEKw7puaWNhIGVzcGVyYW7Dp2EgZGUgbGliZXJ0YXIgYSBDdXJkaWUuCl4wMDAwMDA=,,XjMzNTVGRkFsZ3VpZW4gZW4gbGEgY2l1ZGFkCmRlYmUgZGUgdGVuZXIKZXhwZXJpZW5jaWEgZW4gYWJyaXIKZXN0b3MgZ3JpbGxldGVzLiBFcyB0dQrDum5pY2EgZXNwZXJhbnphIHBhcmEgbGliZXJhciBhIEN1cmRpZQpkZSBlc3RhcyBjYWRlbmFzLl4wMDAwMDA=
ndAbAQ,,XjMzNTVGRkN1cmRpZSBpcyBseWluZwpmZWVibHkgb24gdGhlIGdyb3VuZC5eMDAwMDAw,,,,,XjMzNTVGRkN1cmRpZSBlc3TDoSBkZWl0YWRhIG5vIGNow6NvLCBkZWJpbGl0YWRhLl4wMDAwMDAK,,XjMzNTVGRkN1cmRpZSBlc3TDoSB0aXJhZGEKZW4gZWwgc3VlbG8sIHNpbiBmdWVyemFzLl4wMDAwMDA=
ntAbAQ,,W0xpdHRsZSBDdXJkaWVdCkkgaGF0ZSB0aGUgbWV0YWwKY2xhbmdpbmcgc291bmRzLi4uClRoLXRoZSBzcGFya3MsCnRoZXkncmUuLi4gVGhleSdyZS4uLg==,,,,,W0xpdHRsZSBDdXJkaWVdCkV1IG9kZWlvIG8gYmFydWxobyBkbyBtZXRhbApyZXNzb2FuZG8uLi4KQXMgZmHDrXNjYXMsCmVsYXMgc8Ojby4uLiBFbGFzIHPDo28uLi4=,,W1BlcXVlw7FhIEN1cmRpZV0KT2RpbyBlbCBzb25pZG8KdGludGluZWFudGUgZGVsIG1ldGFsLi4uCkwtbGFzIGNoaXNwYXMKc29uLi4uIFNvbi4uLg==
n9AbAQ,,XjMzNTVGRkN1cmRpZSBpcyBjdXJsZWQgdXAgb24KdGhlIGdyb3VuZCwgZXllcyB0aWdodGx5CnNodXQsIGhlciBlbnRpcmUgYm9keQp0cmVtYmxpbmcgd2l0aCBmZWFyLl4wMDAwMDA=,,,,,XjMzNTVGRkN1cmRpZSBlc3TDoSBkZWl0YWRhIG5vIGNow6NvLApjb20gb3Mgb2xob3MgYmVtCmZlY2hhZG9zLCBzZXUgY29ycG8gaW50ZWlybwplc3TDoSB0cmVtZW5kbyBkZSBtZWRvLl4wMDAwMDA=,,XjMzNTVGRkN1cmRpZSBlc3TDoSBhY3VycnVjYWRhIGVuCmVsIHN1ZWxvLCBjb24gbG9zIG9qb3MgYmllbgpjZXJyYWRvcyB5IHRlbWJsYW5kbyBkZQpwaWVzIGEgY2FiZXphIGRlbCBtaWVkby5eMDAwMDAw
oNAbAQ,,XjMzNTVGRk9uIHRoZSBncm91bmQsIHlvdSBzZWUKc29tZSBlcXVpcG1lbnQgdGhhdCBsb29rcwpzaW1pbGFybHkgdG8gdGhhdCB1c2VkIGJ5CnRoZSBSYWNoZWwgc29sZGllcnMuXjAwMDAwMA==,,,,,XjMzNTVGRk5vIGNow6NvLCB2b2PDqiB2w6oKYWxndW5zIGVxdWlwYW1lbnRvcyBxdWUgc8OjbwpzZW1lbGhhbnRlIGFvcyB1c2Fkb3MgcGVsb3Mgc29sZGFkb3MgZGUgUmFjaGVsLl4wMDAwMDA=,,XjMzNTVGRkVuIGVsIHN1ZWxvLCB2ZXMKZXF1aXBhbWllbnRvIHF1ZSBzZSBwYXJlY2UKYWwgcXVlIHVzYW4gbG9zCnNvbGRhZG9zIGRlIFJhY2hlbC5eMDAwMDAw
odAbAQ,,XjMzNTVGRkl0IHNlZW1zIHRoYXQgc29tZW9uZQpoYXMgY29tZSBieSB0byBnaXZlCkN1cmRpZSBmb29kIGFuZCB3YXRlci5eMDAwMDAw,,,,,XjMzNTVGRlBhcmVjZSBxdWUgYWxndcOpbQphcGFyZWNldSBwYXJhIGRhciBjb21pZGEgZSDDoWd1YSBwYXJhCkN1cmRpZS5eMDAwMDAw,,XjMzNTVGRlBhcmVjZSBxdWUgYWxndWllbgp2aW5vIGEgZGFybGUKY29taWRhIHkgYWd1YSBhIEN1cmRpZS5eMDAwMDAw
otAbAQ,,XjMzNTVGRkN1cmRpZSBzcXVpbnRzIGF0IHlvdQphcyB5b3Ugd2FsayBieS4gSXQgc2VlbXMKdGhhdCBoZXIgdmlzaW9uIGdldHMgd29yc2UKdGhlIGxvbmdlciBzaGUncyBsb2NrZWQKdXAgaW4gdGhpcyBjYXZlLg==,,,,,XjMzNTVGRkN1cmRpZSBvbGhhIGNvbSBkaWZpY3VsZGFkZSBwYXJhIHZvY8OqCmVucXVhbnRvIHZvY8OqIHBhc3NhLiBQYXJlY2UgcXVlCmEgdmlzw6NvIGRlbGEgcGlvcmEKcXVhbnRvIG1haXMgdGVtcG8gZWxhIGZpY2EgdHJhbmNhZGEKbmVzc2EgY2F2ZXJuYS4=,,XjMzNTVGRkN1cmRpZSBlbnRyZWNpZXJyYSBsb3Mgb2pvcwpjdWFuZG8gcGFzYXMgY2VyY2EuIFBhcmVjZSBxdWUKc3UgdmlzacOzbiBlbXBlb3JhIGN1YW50bwptw6FzIHRpZW1wbyBwYXNhIGVuY2VycmFkYQplbiBlc3RhIGN1ZXZhLg==
o9AbAQ,,XjMzNTVGRllvdSdkIGJldHRlciBmaW5kIHRoZQpTaWxrIFNhbmQgQ2FtZWwgYW5kIGdldAp0aGUgc29hcCBpbmdyZWRpZW50cyBpZgp5b3UgcmVhbGx5IHdhbnQgdG8gZnJlZQpDdXJkaWUgZnJvbSBoZXIgc2hhY2tsZXMuXjAwMDAwMA==,,,,,XjMzNTVGRsOJIG1lbGhvciB2b2PDqiBlbmNvbnRyYXIgYSBDYW1lbGEgZGUgVmVsdWRvIGUgcGVnYXIKb3MgaW5ncmVkaWVudGVzIGRvIHNhYsOjbwpzZSB2b2PDqiBxdWlzZXIgbGliZXJ0YXIKYSBDdXJkaWUgZGVzc2FzIGNvcnJlbnRlcy5eMDAwMDAw,,XjMzNTVGRlNlcsOhIG1lam9yIGJ1c2NhciBhIGxhCmNhbWVsbGEgZGUgYXJlbmEgZGUgc2VkYSB5IG9idGVuZXIKbG9zIGluZ3JlZGllbnRlcyBwYXJhIGVsIGphYsOzbiBzaQpkZSB2ZXJhcyBxdWllcmVzIGxpYmVyYXIKYSBDdXJkaWUgZGUgZXNvcyBncmlsbGV0ZXMuXjAwMDAwMA==
pNAbAQ,,W3swfV0KSSdkIGJldHRlciBmaW5kIE1yLiBTYXJhbWFuJ3MKbG9zdCBjYW1lbCwgZmVlZCBpdCBjYW1lbAphcHBldGl0ZSBzdGltdWxhbnRzLCBhbmQKdGhlbiBnZXQgdGhlIHNvYXAgaW5ncmVkaWVudAphbmQgNSBsdW1wcyBvZiBjYW1lbCBkdW5nCmlmIEkgd2FudCB0byBmcmVlIEN1cmRpZS4=,,,,,W3swfV0Kw4kgbWVsaG9yIGV1IGVuY29udHJhciBhIGNhbWVsYSBwZXJkaWRhIGRvIFNyLiBTYXJhbWFuLAphbGltZW50w6EtbGEgY29tCmVzdGltdWxhbnRlcyBkZSBhcGV0aXRlIGRlIGNhbWVsbyBlCmRlcG9pcyBwZWdhciBvcyBpbmdyZWRpZW50ZXMgZG8gc2Fiw6NvCmUgNSBibG9jb3MgZGUgZXN0cnVtZSBkZSBjYW1lbG8Kc2UgZXUgcXVpc2VyIGxpYmVydGFyIGEgQ3VyZGllLg==,,W3swfV0KU2Vyw6EgbWVqb3IgZW5jb250cmFyIGEgbGEgY2FtZWxsYQpwZXJkaWRhIGRlbCBzZcOxb3IgU2FyYW1hbiB5IGRhcmxlCmVsIGVzdGltdWxhbnRlIGRlIGFwZXRpdG8gcGFyYQpvYnRlbmVyIGxvcyBpbmdyZWRpZW50ZXMgcGFyYSBlbCBqYWLDs24KeSA1IHRyb3pvcyBkZSBlc3Rpw6lyY29sIGRlIGNhbWVsbG8Kc2kgcXVpZXJvIGxpYmVyYXIgYSBDdXJkaWUu
pdAbAQ,,XjMzNTVGRllvdSBhbHJlYWR5IGZvdW5kIHRoZQpjYW1lbCwgc28geW91IG5lZWQgdG8gY29sbGVjdAp0aGUgc29hcCBpbmdyZWRpZW50cyBpZiB5b3UKd2FudCB0byBmcmVlIEN1cmRpZS5eMDAwMDAw,,,,,XjMzNTVGRlZvY8OqIGrDoSBlbmNvbnRyb3UgYSBjYW1lbGEsIGVudMOjbyB2b2PDqiBwcmVjaXNhIGNvbGV0YXIKb3MgaW5ncmVkaWVudGVzIGRvIHNhYsOjbyBzZSB2b2PDqgpxdWlzZXIgbGliZXJ0YXIgYSBDdXJkaWUuXjAwMDAwMA==,,XjMzNTVGRllhIGVuY29udHJhc3RlIGEgbGEKY2FtZWxsYS4gQWhvcmEgbmVjZXNpdGFzIHJlY29sZWN0YXIKbG9zIGluZ3JlZGllbnRlcyBwYXJhIGVsIGphYsOzbiBzaQpxdWllcmVzIGxpYmVyYXIgYSBDdXJkaWUuXjAwMDAwMA==
ptAbAQ,,W3swfV0KSSBtYW5hZ2VkIHRvIGdldCB0aGUgc29hcAppbmdyZWRpZW50czogNSBvZiB0aG9zZQpjYW1lbCBkdW5nIGx1bXBzLiBJIHNob3VsZApoZWFkIGJhY2sgdG8gTXIuIFNhcmFtYW4gdG8KdGVsbCBoaW0gd2hlcmUgaGlzIGNhbWVsIGlzLAphbmQgdGhlbiBnbyB0byBNcy4gSXZvcnku,,,,,W3swfV0KQ29uc2VndWkgb2J0ZXIgb3MgCmluZ3JlZGllbnRlcyBkbyBzYWLDo28gZSA1IGRlc3NlcwpibG9jb3MgZGUgZXN0cnVtZSBkZSBjYW1lbG8uIMOJIG1lbGhvcgpldSB2b2x0YXIgYXTDqSBvIFNyLiBTYXJhbWFuIHBhcmEKZGl6ZXIgYSBlbGUgb25kZSBlc3TDoSBzdWEgY2FtZWxhLAplIGRlcG9pcyBpciBhdMOpIGEgU3JhLiBJdm9yeS4=,,W3swfV0KTWUgbGFzIGFycmVnbMOpIHBhcmEgY29uc2VndWlyCmluZ3JlZGllbnRlczogNQp0cm96b3MgZGUgZXN0acOpcmNvbCBkZSBjYW1lbGxvLiBUZW5kcsOtYSBxdWUKdm9sdmVyIGNvbiBlbCBzZcOxb3IgU2FyYW1hbiBwYXJhCmRlY2lybGUgZMOzbmRlIGVzdMOhIHN1IGNhbWVsbGEKeSBsdWVnbyBpciBjb24gbGEgc2XDsW9yYSBJdm9yeS4=
p9AbAQ,,XjMzNTVGRllvdSBzaG91bGQgYmUgbGVhdmluZwp0byBzZWUgTXMuIEl2b3J5IG5vdyBpZgp5b3UgcmVhbGx5IHdhbnQgdG8gZnJlZQpDdXJkaWUgZnJvbSBoZXIgc2hhY2tsZXMuXjAwMDAwMA==,,,,,XjMzNTVGRlZvY8OqIGRldmVyaWEgZXN0YXIgc2FpbmRvIGFnb3JhCnBhcmEgdmVyIGEgU3JhLiBJdm9yeSAKc2Ugdm9jw6ogcmVhbG1lbnRlIHF1ZXIgbGliZXJ0YXIKQ3VyZGllIGRlc3NhcyBjb3JyZW50ZXMuXjAwMDAwMA==,,XjMzNTVGRkRlYmVyw61hcyBpciBhIHZlcgphIGxhIHNlw7FvcmEgSXZvcnkgYWhvcmEgc2kKZGUgdmVyYXMgcXVpZXJlcyBsaWJlcmFyCmEgQ3VyZGllIGRlIGVzb3MgZ3JpbGxldGVzLl4wMDAwMDA=
qNAbAQ,,XjMzNTVGRk5vdyB0aGF0IHlvdSBoYXZlIHRoZQpTaWxrIFNhbmQgQ2FtZWwgU29hcCwKeW91IHNob3VsZCBicmluZyBpdApvdmVyIHRvIE1yLiBMb2NrZW5sb2NrLl4wMDAwMDA=,,,,,XjMzNTVGRkFnb3JhIHF1ZSB2b2PDqiB0ZW0gbwpTYWLDo28gZGUgQ2FtZWxhIGRlIFZlbHVkbywKdm9jw6ogZGV2ZSBsZXbDoS1sbwpwYXJhIG8gU3IuIExvY2tlbmxvY2suXjAwMDAwMA==,,XjMzNTVGRkFob3JhIHF1ZSB0aWVuZXMgZWwKamFiw7NuIGRlIGNhbWVsbG8gZGUgYXJlbmEgZGUgc2VkYSwKZGViZXMgbGxldsOhcnNlbG8KYWwgc2XDsW9yIExvY2tlbmxvY2suXjAwMDAwMA==
qdAbAQ,,XjMzNTVGRkN1cmRpZSBpcyBleGFjdGx5CndoZXJlIHlvdSBsZWZ0IGhlci4KVGhlcmUncyBhIGJvd2wgb2YgY29sZApzb3VwIG5leHQgdG8gaGVyLCBzbyBpdCdzCmNsZWFyIHRoYXQgc29tZW9uZSBoYXMKYmVlbiBmZWVkaW5nIGhlci5eMDAwMDAw,,,,,XjMzNTVGRkEgQ3VyZGllIGVzdMOhIGV4YXRhbWVudGUKb25kZSB2b2PDqiBhIGRlaXhvdS4KSMOhIHVtYSB0aWdlbGEgZGUgc29wYSBmcmlhCmFvIGxhZG8gZGVsYSwgZW50w6NvIMOpCsOzYnZpbyBxdWUgYWxndcOpbSBkZXUgY29taWRhIGEgZWxhLl4wMDAwMDAK,,XjMzNTVGRkN1cmRpZSBlc3TDoSBlbiBlbCBtaXNtbwpsdWdhciBkb25kZSBsYSBkZWphc3RlLgpIYXkgdW4gdGF6w7NuIGRlIHNvcGEKZnLDrWEgYSBzdSBsYWRvLCBhc8OtIHF1ZSBubwpjYWJlIGR1ZGEgZGUgcXVlIGFsZ3VpZW4KbGUgZGlvIGRlIGNvbWVyLl4wMDAwMDA=
qtAbAQ,,XjMzNTVGRllvdSBwb3VyIHRoZSBzb2FwIGludG8KdGhlIHNoYWNrbGUncyBsb2NrIHRvIGNyZWF0ZQphIG1vbGQgdGhhdCBNci4gTG9ja2VubG9jawpjYW4gdXNlIHRvIG1ha2UgYSBrZXkuXjAwMDAwMA==,,,,,XjMzNTVGRlZvY8OqIGRlc3BlamEgbyBzYWLDo28KbmEgZmVjaGFkdXJhIGRhIGNvcnJlbnRlIHBhcmEgY3JpYXIKdW0gbW9sZGUgcXVlIG8gU3IuIExvY2tlbmxvY2sKcG9zc2EgdXNhciBwYXJhIGZhemVyIHVtYSBjaGF2ZS5eMDAwMDAw,,XjMzNTVGRlZpZXJ0ZXMgZWwgamFiw7NuIGVuIGxhCmNlcnJhZHVyYSBkZWwgZ3JpbGxldGUgcGFyYSBjcmVhcgp1biBtb2xkZSBxdWUgZWwgc2XDsW9yIExvY2tlbmxvY2sKcHVlZGEgdXNhciBwYXJhIGhhY2VyIGxhIGxsYXZlLl4wMDAwMDA=
q9AbAQ,,W0xpdHRsZSBDdXJkaWVdCldpbGwuLi4KV2lsbCBJIGFsd2F5cwpiZSBzdHVjayBoZXJlPwpJLi4uIEkgd2FudCBteSBtb21teS4uLg==,,,,,W1BlcXVlbmEgQ3VyZGllXQpTZXLDoSBxdWUuLi4KU2Vyw6EgcXVlIGV1IApmaWNhcmVpIHByZXNhIGFxdWkgcGFyYSBzZW1wcmU/CkV1Li4uIEV1IHF1ZXJvIG1pbmhhIG1hbcOjZS4uLg==,,W1BlcXVlw7FhIEN1cmRpZV0Kwr9Fc3RhcsOpLi4uCsK/RXN0YXLDqSBhdHJhcGFkYQphcXXDrSBwYXJhIHNpZW1wcmU/CllvLi4uIFF1aWVybyBhIG1pIG1hbWkuLi4=
rNAbAQ,,W3swfV0KT2guLi4gWW91J3JlIGF3YWtlPwpEb24ndCB3b3JyeSwgQ3VyZGllLApJJ20gc3VyZSB0aGF0IEknbGwgYmUKYWJsZSB0byBnZXQgeW91IGZyZWUgc29vbi4KVHJ5IHRvIGhvbGQgb24gYSBiaXQgbG9uZ2VyLg==,,,,,W3swfV0KQWguLi4gVm9jw6ogZXN0w6EgYWNvcmRhZGE/Ck7Do28gc2UgcHJlb2N1cGUsIEN1cmRpZSwKVGVuaG8gY2VydGV6YSBkZSBxdWUgCnF1ZSB2b3UgY29uc2VndWlyIHRlIGxpYmVydGFyIGVtIGJyZXZlLgpUZW50ZSBhZ3VlbnRhciBzw7MgbWFpcyB1bSBwb3Vjby4=,,W3swfV0KQWguLi4gwr9Fc3TDoXMgZGVzcGllcnRhPwpUcmFucXVpbGEsIEN1cmRpZSwKdGUgYXNlZ3VybyBxdWUgcG9kcsOpIApzYWNhcnRlIGRlIGFxdcOtIHByb250by4KSW50ZW50YSBhZ3VhbnRhciB1biBwb2NvIG3DoXMu
rdAbAQ,,W0xpdHRsZSBDdXJkaWVdCldoZW4gdGhlIGRvb3IgaXMgb3BlbiwKSSBzZWUgYmxhemluZyBmbGFtZXMuLi4KQW5kIEkgaGVhci4uLiB0aGUgc291bmQKb2YgbWFjaGluZXM/IFRoZXNlIG1lbgp3ZWFyaW5nIHRoZSBzYW1lIGNsb3RoZXMKa2VlcCBtYXJjaGluZyBwYXN0IG1lLi4u,,,,,W1BlcXVlbmEgQ3VyZGllXQpRdWFuZG8gYSBwb3J0YSBlc3TDoSBhYmVydGEsCmV1IHZlam8gY2hhbWFzIGFyZGVudGVzLi4uCkUgb3XDp28uLi4gbyBzb20KZGUgbcOhcXVpbmFzPyBFc3NlcyBob21lbnMKdmVzdGluZG8gYXMgbWVzbWFzIHJvdXBhcwpjb250aW51YW0gcGFzc2FuZG8gcG9yIG1pbS4uLg==,,W1BlcXVlw7FhIEN1cmRpZV0KQ3VhbmRvIGxhIHB1ZXJ0YSBlc3TDoSBhYmllcnRhLAp2ZW8gbGxhbWFzIGFyZGllbnRlcy4uLgpZIGVzY3VjaG8uLi4gwr9lbCBzb25pZG8KZGUgbcOhcXVpbmFzPyBVbm9zIGhvbWJyZXMKcXVlIGxsZXZhbiBsYSBtaXNtYSByb3BhCnBhc2FuIG1hcmNoYW5kbyBhIG1pIGxhZG8uLi4=
rtAbAQ,,W0xpdHRsZSBDdXJkaWVdCkkuLi4gVGhleSBzY2FyZSBtZSBzbyBtdWNoIQpUaC10aGUgbWFuIHRoYXQgYnJpbmdzIG1lCmZvb2Qgc2F5cyB0aGF0IHRoZXkgd29uJ3QKbGV0IG1lIGdvIGJlY2F1c2Ugb2Ygd2hhdApJIHNhdyBpbnNpZGUgdGhlcmUuIFRoZXkuLi4KVGhleSB3b24ndCBsZXQgYmUgZ28gaG9tZS4uLg==,,,,,W1BlcXVlbmEgQ3VyZGllXQpFdS4uLiBFbGVzIG1lIGFzc3VzdGFtIG11aXRvIQpPIGhvbWVtIHF1ZSBtZSB0cmF6CmNvbWlkYSBkaXogcXVlIGVsZXMgbsOjbyB2w6NvCm1lIGRlaXhhciBpciBlbWJvcmEgcG9yIGNhdXNhIGRvIHF1ZQpldSB2aSBsw6EgZGVudHJvLiBFbGVzLi4uCkVsZXMgbsOjbyBtZSBkZWl4YW0gaXIgcGFyYSBjYXNhLi4u,,W1BlcXVlw7FhIEN1cmRpZV0KTWUuLi4gwqFNZSBkYW4gdGFudG8gbWllZG8hCkUtZWwgaG9tYnJlIHF1ZSBtZSB0cmFlCmNvbWlkYSBkaWNlIHF1ZSBubyBtZQpkZWphcsOhbiBpciBwb3IgbG8gcXVlCnZpIGFsbMOtIGRlbnRyby4gTm8uLi4KTm8gbWUgZGVqYXLDoW4gaXIgYSBjYXNhLi4u
r9AbAQ,,XjMzNTVGRkN1cmRpZSdzIGV5ZXMgYXJlCmRpc2ZvY3VzZWQgYW5kIGFyZQpwb2ludGVkIGFib3ZlIHlvdXIgaGVhZC4KU2hlIG1pZ2h0IG5vdCBzdXJ2aXZlIGlmCnNoZSdzIGZvcmNlZCB0byByZW1haW4KaGVyZSBmb3IgbXVjaCBsb25nZXIuXjAwMDAwMA==,,,,,XjMzNTVGRk9zIG9saG9zIGRlIEN1cmRpZSBlc3TDo28KZGVzZm9jYWRvcyBlIGVzdMOjbwpvbGhhbmRvIHBhcmEgY2ltYSBkYSBzdWEgY2FiZcOnYS4KRWxhIHBvZGUgbsOjbyBzb2JyZXZpdmVyCnNlIGZvciBmb3LDp2FkYSBhIHBlcm1hbmVjZXIKYXF1aSBwb3IgbXVpdG8gbWFpcyB0ZW1wby5eMDAwMDAw,,XjMzNTVGRkN1cmRpZSB0aWVuZSBsYSB2aXN0YQpkZXNlbmZvY2FkYSB5IG1pcmEKcG9yIGVuY2ltYSBkZSB0dSBjYWJlemEuClB1ZWRlIHF1ZSBubyBzb2JyZXZpdmEgc2kKc2UgdmUgb2JsaWdhZGEgYSBlc3RhcgphcXXDrSBwb3IgbcOhcyB0aWVtcG8uXjAwMDAwMA==
sNAbAQ,,W3swfV0KRG9uJ3Qgd29ycnkuCkknbGwgY29tZSByZXNjdWUKeW91IGFzIHNvb24gYXMgSSBtYWtlCnRoZSBrZXkgdG8gdW5sb2NrIHRoZXNlCmF3ZnVsIHNoYWNrbGVzLiBEb24ndCB3b3JyeS4uLg==,,,,,W3swfV0KTsOjbyBzZSBwcmVvY3VwZS4KRXUgaXJlaSByZXNnYXTDoS1sYQphc3NpbSBxdWUgZXUgY29uc2VndWlyCmEgY2hhdmUgcGFyYSBkZXN0cmF2YXIgZXNzYXMKY29ycmVudGVzIGhvcnLDrXZlaXMuIE7Do28gc2UgcHJlb2N1cGUuLi4=,,W3swfV0KTm8gdGUgcHJlb2N1cGVzLgpWZW5kcsOpIGEgcmVzY2F0YXJ0ZQp0YW4gcHJvbnRvIGNvbW8gaGFnYQpsYSBsbGF2ZSBwYXJhIGFicmlyIGVzdG9zCmdyaWxsZXRlcyBob3JyaWJsZXMuIE5vIHRlIHByZW9jdXBlcy4uLg==
sdAbAQ,,W0xpdHRsZSBDdXJkaWVdCklmIEknbSBub3QgaGVyZSB0aGUKbmV4dCB0aW1lIHlvdSBjb21lLAp0aGVuIGp1c3QgcnVuIGF3YXkuCkRvbid0IGV2ZW4gdGVsbCBteSBicm90aGVyLgpHZXQgZmFyIGF3YXkgYmVmb3JlIHRoZXkKY2FuIGNhdGNoIHlvdS4gSS1JJ20gc2VyaW91cy4uLg==,,,,,W1BlcXVlbmEgQ3VyZGllXQpTZSBldSBuw6NvIGVzdGl2ZXIgYXF1aQpkYSBwcsOzeGltYSB2ZXogcXVlIHZvY8OqIHZpZXIsCmVudMOjbyB2w6EgZW1ib3JhLgpOZW0gY29udGUgbmFkYSBwYXJhIG8gbWV1IGlybcOjby4KVsOhIHBhcmEgYmVtIGxvbmdlIGFudGVzIHF1ZSBlbGVzCmNvbnNpZ2FtIHRlIHBlZ2FyLiBFc3RvdSBmYWxhbmRvIHPDqXJpby4uLg==,,W1BlcXVlw7FhIEN1cmRpZV0KU2kgbm8gZXN0b3kgYXF1w60gbGEKcHLDs3hpbWEgdmV6IHF1ZSB2ZW5nYXMsCnNvbG8gdmV0ZS4KTmkgc2lxdWllcmEgbGUgZGlnYXMgYSBtaSBoZXJtYW5vLgpWZXRlIGJpZW4gbGVqb3MgYW50ZXMgZGUKcXVlIHRlIGF0cmFwZW4uIEwtbG8gZGlnbyBlbiBzZXJpby4uLg==
stAbAQ,,W0xpdHRsZSBDdXJkaWVdCkV2ZW4gaWYgSSBkb24ndCBzZWUgeW91CmFnYWluLi4uIEkganVzdC4uLiBJIGp1c3QKd2FudCB0byB0aGFuayB5b3UgZm9yIGRvaW5nCnlvdXIgYmVzdCB0byBoZWxwIG1lLg==,,,,,W1BlcXVlbmEgQ3VyZGllXQpNZXNtbyBxdWUgZXUgbsOjbyB2ZWphIHZvY8OqCmRlIG5vdm8uLi4gRXUgc8OzLi4uIEV1IHPDswpxdWVybyB0ZSBhZ3JhZGVjZXIgcG9yIGZhemVyCm8gc2V1IG1lbGhvciBwYXJhIG1lIGFqdWRhci4=,,W1BlcXVlw7FhIEN1cmRpZV0KQXVucXVlIG5vIHRlIHZ1ZWx2YQphIHZlci4uLiBTb2xvLi4uIFNvbG8KcXVpZXJvIGFncmFkZWNlcnRlIHBvciBoYWNlcgpsbyBpbXBvc2libGUgcG9yIGF5dWRhcm1lLg==
s9AbAQ,,W3swfV0KRXZlcnl0aGluZyB3aWxsIGJlCmFscmlnaHQuIEkganVzdCBoYXZlCnRvIGh1cnJ5IGEgbGl0dGxlIGJpdC4KQWxyaWdodCwgaXQncyB0aW1lIHRvIGdvLg==,,,,,W3swfV0KVmFpIGZpY2FyIHR1ZG8gYmVtLgpFdSBzw7MgcHJlY2lzbwptZSBhcHJlc3NhciB1bSBwb3Vjby4KQ2VydG8sIMOpIGhvcmEgZGUgaXIu,,W3swfV0KVG9kbyBlc3RhcsOhIApiaWVuLiBTb2xvIHRlbmdvCnF1ZSBhcHVyYXJtZSB1biBwb2NvLgpCaWVuLCB0ZW5nbyBxdWUgaXJtZS4=
tNAbAQ,,XjMzNTVGRllvdSBleHRyYWN0IHRoZSBzb2FwCmZyb20gdGhlIGxvY2ssIGFuZApjYXJlZnVsbHkgd3JhcCBpdC4KTm93IHlvdSBuZWVkIHRvIHRha2UKdGhlIG1vbGQgYmFjayB0byB0b3duCnRvIE1yLiBMb2NrZW5sb2NrLl4wMDAwMDA=,,,,,XjMzNTVGRlZvY8OqIHJldGlyYSBvIHNhYsOjbwpkYSBmZWNoYWR1cmEgZQpvIGd1YXJkYSBjdWlkYWRvc2FtZW50ZS4KQWdvcmEgdm9jw6ogcHJlY2lzYSBsZXZhcgpvIG1vbGRlIGRlIHZvbHRhIMOgIGNpZGFkZQpwYXJhIG8gU3IuIExvY2tlbmxvY2suXjAwMDAwMA==,,XjMzNTVGRkV4dHJhZXMgZWwgamFiw7NuCmRlIGxhIGNlcnJhZHVyYSB5IGxvCmd1YXJkYXMgY29uIGN1aWRhZG8uCkFob3JhIHRpZW5lcyBxdWUgbGxldmFyCmVsIG1vbGRlIGEgbGEgY2l1ZGFkCmFsIHNlw7FvciBMb2NrZW5sb2NrLl4wMDAwMDA=
tdAbAQ,,XjMzNTVGRllvdSBoYXZlIHRvIGh1cnJ5IGJhY2sKdG8gdG93biBhbmQgYnJpbmcgdGhlCmtleSBtb2xkIHRvIE1yLiBMb2NrZW5sb2NrCnNvIHRoYXQgaGUgY2FuIG1ha2UgYSBrZXkKdG8gdW5sb2NrIEN1cmRpZSdzIHNoYWNrbGVzLl4wMDAwMDA=,,,,,XjMzNTVGRlZvY8OqIHByZWNpc2Egdm9sdGFyIGRlcHJlc3NhCnBhcmEgYSBjaWRhZGUgZSBsZXZhciBvIG1vbGRlCmRhIGNoYXZlIHBhcmEgbyBTci4gTG9ja2VubG9jawpmYXplciB1bWEgY2hhdmUKcGFyYSBkZXN0cmF2YXIgYXMgY29ycmVudGVzIGRhIEN1cmRpZS5eMDAwMDAw,,XjMzNTVGRkFwcmVzw7pyYXRlIHBhcmEgdm9sdmVyCmEgbGEgY2l1ZGFkIHkgbGxldmFybGUKZWwgbW9sZGUgZGUgbGEgbGxhdmUgYWwgc2XDsW9yIExvY2tlbmxvY2sKcGFyYSBxdWUgcHVlZGEgaGFjZXIgdW5hIGxsYXZlCnBhcmEgYWJyaXIgbG9zIGdyaWxsZXRlcyBkZSBDdXJkaWUuXjAwMDAwMA==
ttAbAQ,,W0xpdHRsZSBDdXJkaWVdClkteW91Li4uCklzIGl0IHJlYWxseSB5b3U/,,,,,W1BlcXVlbmEgQ3VyZGllXQpWLXZvY8OqLi4uCsOJIHJlYWxtZW50ZSB2b2PDqj8=,,W1BlcXVlw7FhIEN1cmRpZV0KVC10w7ouLi4Kwr9EZSB2ZXJkYWQgZXJlcyB0w7o/
t9AbAQ,,W3swfV0KSGFuZyBvbiwgQ3VyZGllIQpJIGhvcGUgdGhpcyBrZXkgd29ya3MuLi4=,,,,,W3swfV0KQWd1ZW50ZSBmaXJtZSwgQ3VyZGllIQpFc3Blcm8gcXVlIGVzc2EgY2hhdmUgZnVuY2lvbmUuLi4=,,W3swfV0KwqFBZ3VhbnRhLCBDdXJkaWUhCkVzcGVybyBxdWUgZXN0YSBsbGF2ZSBmdW5jaW9uZS4uLg==
uNAbAQ,,XjMzNTVGRllvdSB1bmxvY2sgdGhlCnNoYWNrbGVzIHdpdGgKTXIuIExvY2tlbmxvY2sncyBrZXkuXjAwMDAwMA==,,,,,XjMzNTVGRlZvY8OqIGRlc3RyYXZhIGFzCmNvcnJlbnRlcyBjb20KYSBjaGF2ZSBkbyBTci4gTG9ja2VubG9jay5eMDAwMDAw,,XjMzNTVGRkFicmVzIGxvcwpncmlsbGV0ZXMgY29uCmxhIGxsYXZlIGRlbCBzZcOxb3IgTG9ja2VubG9jay5eMDAwMDAw
udAbAQ,,XjMzMzMzMypDcmFjaypeMDAwMDAw,,,,,XjMzMzMzMypDcmFjaypeMDAwMDAw,,XjMzMzMzMypDcmFjKl4wMDAwMDA=
utAbAQ,,W0xpdHRsZSBDdXJkaWVdCkFhYWFoIQpNLW15Li4uIE15Li4uIQ==,,,,,W1BlcXVlbmEgQ3VyZGllXQpBYWFhaCEKTS1tZXUuLi4gTWV1Li4uIQ==,,W1BlcXVlw7FhIEN1cmRpZV0KwqFBYWFhaCEKTS1taXMuLi4gwqFNaXMuLi4h
u9AbAQ,,XjMzNTVGRkN1cmRpZSdzIGxlZ3MgYXJlCnN3b2xsZW4gZnJvbSB0aGUKd2VpZ2h0IGFuZCBwcmVzc3VyZQpvZiB3ZWFyaW5nIHRoZSBzaGFja2xlcwpmb3Igc3VjaCBhIGxvbmcgdGltZS5eMDAwMDAw,,,,,XjMzNTVGRkFzIHBlcm5hcyBkZSBDdXJkaWUgZXN0w6NvCmluY2hhZGFzIGRldmlkbyBhbwpwZXNvIGUgcHJlc3PDo28KZGUgdXNhciBhcyBjb3JyZW50ZXMKcG9yIHRhbnRvIHRlbXBvLl4wMDAwMDA=,,XjMzNTVGRkxhcyBwaWVybmFzIGRlIEN1cmRpZQplc3TDoW4gaGluY2hhZGFzIHBvcgplbCBwZXNvIHkgbGEgcHJlc2nDs24KZGUgbGxldmFyIGxvcyBncmlsbGV0ZXMKZHVyYW50ZSB0YW50byB0aWVtcG8uXjAwMDAwMA==
vNAbAQ,,W0xpdHRsZSBDdXJkaWVdCkkgY2FuJ3QgbW92ZSBteSBsZWdzIQ==,,,,,W1BlcXVlbmEgQ3VyZGllXQpOw6NvIGNvbnNpZ28gbWV4ZXIgbWluaGFzIHBlcm5hcyE=,,W1BlcXVlw7FhIEN1cmRpZV0KwqFObyBwdWVkbyBtb3ZlciBsYXMgcGllcm5hcyE=
vdAbAQ,,W3swfV0KV2VsbCwgdGhlcmUncyBubyBvdGhlcgpjaG9pY2UuIEN1cmRpZSwgSSdtCmdvaW5nIHRvIHNlbmQgeW91IGJhY2sgdG8KdG93biB3aXRoIGEgQnV0dGVyZmx5IFdpbmcuClRyeSBub3QgdG8gbW92ZSwgYWxyaWdodD8=,,,,,W3swfV0KQm9tLCBuw6NvIHRlbSBvdXRybyBqZWl0by4gQ3VyZGllLAp2b3UgbWFuZGFyIHZvY8OqIGRlIHZvbHRhIHBhcmEgYQpjaWRhZGUgY29tIHVtYSBBc2EgZGUgQm9yYm9sZXRhLgpUZW50ZSBuw6NvIHNlIG1leGVyLCBlc3TDoSBiZW0/,,W3swfV0KQnVlbm8sIG5vIHF1ZWRhIG90cmEKb3BjacOzbi4gQ3VyZGllLCB0ZQplbnZpYXLDqSBkZSB2dWVsdGEgYSBsYQpjaXVkYWQgY29uIEFsYXMgZGUgbWFyaXBvc2EuClRyYXRhIGRlIG5vIG1vdmVydGUsIMK/c8OtPw==
vtAbAQ,,W0xpdHRsZSBDdXJkaWVdCk9oISBUaGFuayB5b3UuLi4KSS4uLiBJIGNhbiBnbyBob21lLi4uClRoYW5rIHlvdSBzLXNvIG11Y2guLi4=,,,,,W1BlcXVlbmEgQ3VyZGllXQpBaCEgT2JyaWdhZGEuLi4KRXUuLi4gUG9zc28gaXIgcGFyYSBjYXNhLi4uCk11aXRvIG9icmlnYWRhLi4u,,W1BlcXVlw7FhIEN1cmRpZV0KwqFBaCEgR3JhY2lhcy4uLgpZby4uLiBQdWVkbyBpcm1lIGEgY2FzYS4uLgpNLW11Y2hhcyBncmFjaWFzLi4u
v9AbAQ,,XjMzNTVGRllvdSB1c2UgdGhlIHBvd2VyCm9mIGEgQnV0dGVyZmx5IFdpbmcgdG8Kc2VuZCBDdXJkaWUgYmFjayB0bwp0b3duLiBIb3BlZnVsbHksIHNoZSdsbAphcnJpdmUgc2FmZWx5IGFuZCBzZWUKaGVyIGJyb3RoZXIgS2FyeW4gYWdhaW4uXjAwMDAwMA==,,,,,XjMzNTVGRlZvY8OqIHVzYSBvIHBvZGVyCmRlIHVtYSBBc2EgZGUgQm9yYm9sZXRhIHBhcmEKZW52aWFyIEN1cmRpZSBkZSB2b2x0YSDDoApjaWRhZGUuIENvbSBzb3J0ZSwgZWxhCmNoZWdhcsOhIGVtIHNlZ3VyYW7Dp2EgZSB2ZXLDoQpzZXUgaXJtw6NvIEthcnluIG5vdmFtZW50ZS5eMDAwMDAw,,XjMzNTVGRlVzYXMgZWwgcG9kZXIKZGUgbGFzIEFsYXMgZGUgbWFyaXBvc2EgcGFyYQplbnZpYXIgYSBDdXJkaWUgZGUgdnVlbHRhIGEgbGEKY2l1ZGFkLiBFc3BlcmVtb3MgcXVlCmxsZWd1ZSBzYW5hIHkgc2FsdmEgeSB2ZWEKYSBzdSBoZXJtYW5vIEthcnluIG90cmEgdmV6Ll4wMDAwMDA=
wNAbAQ,,W3swfV0KV2hhdCBkaWQgc2hlIHNlZSBiZWhpbmQKdGhlIHN0ZWVsIGRvb3IgaW4gdGhpcyBvbGQKdm9sY2Fubz8gSXQgbXVzdCBoYXZlIGJlZW4KZGFuZ2Vyb3VzLi4uIFNvbWV0aGluZwpyZWxhdGVkIHRvIHRoZSBSYWNoZWwgQXJteS4uLg==,,,,,W3swfV0KTyBxdWUgZWxhIHZpdSBhdHLDoXMKZGEgcG9ydGEgZGUgYcOnbyBkZXNzZSBhbnRpZ28KdnVsY8Ojbz8gRGV2ZSB0ZXIgc2lkbyBhbGdvCnBlcmlnb3NvLi4uIEFsZ3VtYSBjb2lzYQpyZWxhY2lvbmFkYSBhbyBFeMOpcmNpdG8gZGUgUmFjaGVsLi4u,,W3swfV0Kwr9RdcOpIGhhYnLDoSB2aXN0byBkZXRyw6FzIGRlCmxhIHB1ZXJ0YSBkZSBhY2VybyBlbiBlc3RlIHZpZWpvCnZvbGPDoW4/IERlYmUgaGFiZXIgc2lkbwphbGdvIHBlbGlncm9zby4uLiBBbGdvCnZpbmN1bGFkbyBhbCBlasOpcmNpdG8gZGUgUmFjaGVsLi4u
wdAbAQ,,W0xpdHRsZSBDdXJkaWVdCiAuLi5AQEAuLi4u,,,,,W0xpdHRsZSBDdXJkaWVdCi4uLkBAQC4uLi4=,,W1BlcXVlw7FhIEN1cmRpZV0KIC4uLkBAQC4uLg==
wtAbAQ,,TG9ja2VubG9jaw==,,,,,TG9ja2VubG9jaw==,,Uml6YXI=
w9AbAQ,,W3swfV0KRXhjdXNlIG1lLi4uPw==,,,,,W3swfV0KQ29tIGxpY2Vuw6dhLi4uPw==,,W3swfV0Kwr9EaXNjdWxwYS4uLj8=
xNAbAQ,,W0xvY2tzbWl0aCBMb2NrZW5sb2NrXQpIdWg/IEFycnJnaC4uLgpNeSBoZWFkLi4uIFdoYXQKZG8geW91IHdhbnQ/,,,,,W0NoYXZlaXJvIExvY2tlbmxvY2tdCkjDoz8gQXJycmdoLi4uCk1pbmhhIGNhYmXDp2EuLi4gTyBxdWUgdm9jw6ogcXVlcj8K,,W0NlcnJhamVybyBMb2NrZW5sb2NrXQrCv0VoPyDCoUF5eXkhCk1pIGNhYmV6YS4uLiDCv1F1w6kgCnF1aWVyZXM/
xdAbAQ,,W3swfV0KT2gsIEknZCBsaWtlCnRvIG1ha2UgYSBrZXku,,,,,W3swfV0KQWgsIGV1IGdvc3RhcmlhCmRlIGZhemVyIHVtYSBjaGF2ZS4=,,W3swfV0KRWgsIHF1aXNpZXJhCmhhY2VyIHVuYSBsbGF2ZS4=
xtAbAQ,,W0xvY2tzbWl0aCBMb2NrZW5sb2NrXQpLZXlzPyBZZWFoLCB5ZWFoLi4uClRoYXQncyB3aGF0IEkgZG8uCklmIHlvdSd2ZSBnb3QgdGhlIGxvY2ssCml0J2xsIGJlIGEgcGllY2Ugb2YgY2FrZS4=,,,,,W0NoYXZlaXJvIExvY2tlbmxvY2tdCkNoYXZlcz8gU2ltLCBzaW0uLi4Kw4kgaXNzbyBxdWUgZXUgZmHDp28uClNlIHZvY8OqIHRpdmVyIGEgZmVjaGFkdXJhLAp2YWkgc2VyIG1vbGV6YS4=,,W0NlcnJhamVybyBMb2NrZW5sb2NrXQrCv0xsYXZlcz8gU8OtLCBzw60uLi4KRXNlIGVzIG1pIHRyYWJham8uClNpIHRpZW5lcyBsYSBjZXJyYWR1cmEsCnNlcsOhIHBhbiBjb21pZG8u
x9AbAQ,,W0xvY2tzbWl0aCBMb2NrZW5sb2NrXQpVZ2gsIGJ1dCBJJ20gc28gdGhpcnN0eQphbmQgdGhpcyBoZWFkYWNoZSBpcwpraWxsaW5nIG1lLiBZb3UgbWluZApicmluZ2luZyBtZSBhIFllbGxvdwpQb3Rpb24gZmlyc3Q/,,,,,W0NoYXZlaXJvIExvY2tlbmxvY2tdClVnaCwgbWFzIGVzdG91IGNvbSB0YW50YSBzZWRlCmUgZXNzYSBkb3IgZGUgY2FiZcOnYSBlc3TDoQptZSBtYXRhbmRvLiBWb2PDqiBzZSBpbXBvcnRhIGRlCmRlIG1lIHRyYXplciB1bWEKUG/Dp8OjbyBBbWFyZWxhIHByaW1laXJvPw==,,W0NlcnJhamVybyBMb2NrZW5sb2NrXQpVZmYsIHBlcm8gdGVuZ28gbXVjaGEgc2VkCnkgc2UgbWUgcGFydGUKbGEgY2FiZXphLiDCv1RlIGltcG9ydGFyw61hCnRyYWVybWUgdW5hIFBvY2nDs24KYW1hcmlsbGEgcHJpbWVybz8=
yNAbAQ,,W3swfV0KU3VyZSwgSSBndWVzcy4KSSBjYW4gcGFydCB3aXRoIGp1c3QKMSBZZWxsb3cgUG90aW9uLgpIZXJlIHlvdSBnby4=,,,,,W3swfV0KQ2xhcm8sIHNlbSBwcm9ibGVtYS4KUG9zc28gbWUgZGVzZmF6ZXIgZGUgYXBlbmFzCjEgUG/Dp8OjbyBBbWFyZWxhLgpBcXVpIGVzdMOhLg==,,W3swfV0KU8OtLCBjcmVvIHF1ZSBwdWVkbyBoYWNlcmxvLgpQdWVkbyBkZXNoYWNlcm1lIGRlCjEgUG9jacOzbiBhbWFyaWxsYS4KQXF1w60gdGllbmVzLg==
ydAbAQ,,W0xvY2tzbWl0aCBMb2NrZW5sb2NrXQpBaCwgdGhhdCBoaXQgdGhlIHNwb3QhCldhaXQsIHdhaXQuLi4gTm93IEkgZmVlbApkaXp6eS4uLiBXaGF0J3MgZ29pbmcuLi4KV2hhdCdzIGdvaW5nIG9uLi4uPw==,,,,,W1NlcnJhbGhlaXJvIExvY2tlbmxvY2tdCkFoLCBlc3NhIGFjZXJ0b3UgZW0gY2hlaW8hCkVzcGVyZSwgZXNwZXJlLi4uIEFnb3JhIGVzdG91IG1lIHNlbnRpbmRvCnRvbnRvLi4uIE8gcXVlIGVzdMOhIGFjb250ZWNlbmRvLi4uCk8gcXVlIGVzdMOhIGFjb250ZWNlbmRvLi4uPw==,,W0NlcnJhamVybyBMb2NrZW5sb2NrXQpBaCwgwqFwZXJmZWN0byEKVW4gbW9tZW50by4uLiBBaG9yYSBlc3RveQptYXJlYWRvLi4uIMK/UGVybyBxdcOpLi4uCsK/UXXDqSBwYXNhLi4uPw==
ytAbAQ,,W0xvY2tzbWl0aCBMb2NrZW5sb2NrXQpPa2F5LCBva2F5Li4uCkknbSBhbHJpZ2h0IG5vdy4KU28gd2hhdCdkIHlvdSBzYXkgeW91Cm5lZWRlZD8gQSBrZXk/IERpZCB5b3UKYnJpbmcgdGhlIGxvY2sgd2l0aCB5b3U/,,,,,W0xvY2tzbWl0aCBMb2NrZW5sb2NrXQpDZXJ0bywgY2VydG8uLi4KRXN0b3UgYmVtIGFnb3JhLgpFbnTDo28sIG8gcXVlIHZvY8OqIGRpc3NlIHF1ZQpwcmVjaXNhdmE/IERlIHVtYSBjaGF2ZT8gVm9jw6oKdHJvdXhlIGEgZmVjaGFkdXJhPw==,,W0NlcnJhamVybyBMb2NrZW5sb2NrXQpCdWVubywgYnVlbm8uLi4KWWEgZXN0b3kgYmllbi4KRW50b25jZXMsIMK/cXXDqSBkaWppc3RlIHF1ZQpuZWNlc2l0YWJhcz8gwr9VbmEgbGxhdmU/IMK/VHJhamlzdGUKbGEgY2VycmFkdXJhIGNvbnRpZ28/
y9AbAQ,,W0xvY2tzbWl0aCBMb2NrZW5sb2NrXQpJJ20gYW4gZXhwZXJ0IGluIGNyYWZ0aW5nCmtleXMgYW5kIGxvY2tzLiBIZWxsLCBteSBsb2NrcwphcmUgc3Ryb25nIGVub3VnaCB0byBob2xkIGRvd24KYSBkcmFnb24sIHlvdSBrbm93IHRoYXQ/IEknbGwKaGF2ZSB5b3Uga25vdyB0aGF0IHRoZSBSYWNoZWwKQXJteSdzIGEgcmVndWxhciBjdXN0b21lcn4=,,,,,W0NoYXZlaXJvIExvY2tlbmxvY2tdClNvdSBlc3BlY2lhbGlzdGEgZW0gY3JpYXIKY2hhdmVzIGUgZmVjaGFkdXJhcy4gRGlhYm9zLCBtaW5oYXMgZmVjaGFkdXJhcwpzw6NvIGZvcnRlcyBvIHN1ZmljaWVudGUgcGFyYSBzZWd1cmFyCnVtIGRyYWfDo28sIHNhYmlhIGRpc3NvPyBBdMOpIG8gRXjDqXJjaXRvIGRlIFJhY2hlbArDqSB1bSBjbGllbnRlIHJlZ3VsYXIh,,W0NlcnJhamVybyBMb2NrZW5sb2NrXQpTb3kgZXhwZXJ0byBlbiBmYWJyaWNhcgpsbGF2ZXMgeSBjZXJyYWR1cmFzLiBNaXMgY2VycmFkdXJhcwpzb24gdGFuIGZ1ZXJ0ZXMgcXVlIHB1ZWRlbiByZXRlbmVyCmhhc3RhIHVuIGRyYWfDs24sIMK/c2Fiw61hcz8gVGUKY3VlbnRvIHF1ZSBlbCBlasOpcmNpdG8gZGUgUmFjaGVsCmVzIHVuIGNsaWVudGUgaGFiaXR1YWwu
zNAbAQ,,W3swfV0KKF4zMzMzMzNUaGlzIGd1eSBtYWRlIGxvY2tzIGZvcgp0aGUgUmFjaGVsIGFybXk/ISBJdCBtaWdodApub3QgYmUgYSBnb29kIGlkZWEgdG8gbGV0IGhpbQprbm93IHRoYXQgSSdtIHRyeWluZyB0byBmcmVlCm9uZSBvZiB0aGVpciBwcmlzb25lcnMuIFdobwprbm93cyBpZiBoZSdzIGxveWFsIHRvIHRoZW0/XjAwMDAwMCk=,,,,,W3swfV0KKF4zMzMzMzNFc3NlIGNhcmEgZmV6IGZlY2hhZHVyYXMgcGFyYSBvCkV4w6lyY2l0byBkZSBSYWNoZWw/ISBUYWx2ZXoKbsOjbyBzZWphIHVtYSBib2EgaWRlaWEgZGVpeMOhLWxvCnNhYmVyIHF1ZSBlc3RvdSB0ZW50YW5kbyBsaWJlcnRhcgp1bWEgcHJpc2lvbmVpcmEgZGVsZXMuIApWYWkgc2FiZXIgc2UgZWxlIMOpIGxlYWwgYSBlbGVzP14wMDAwMDAp,,W3swfV0KKF4zMzMzMzPCocK/RXN0ZSB0aXBvIGhpem8gY2VycmFkdXJhcwpwYXJhIGVsIGVqw6lyY2l0byBkZSBSYWNoZWw/ISBFcyBwb3NpYmxlIHF1ZQpubyBzZWEgYnVlbmEgaWRlYSBkZWNpcmxlCnF1ZSBlc3RveSB0cmF0YW5kbyBkZSBsaWJlcmFyCmEgdW5hIGRlIHN1cyBwcmlzaW9uZXJhcy4gwr9RdWnDqW4Kc2FiZSBzaSBubyBsZXMgZXMgbGVhbD9eMDAwMDAwKS4=
zdAbAQ,,W3swfV0KU28gd2hhdCBoYXBwZW5lZCB3YXMuLi4KSSBsb3N0IG15IGtleSwgYnV0IEkgY2FuJ3QKYnJpbmcgdGhlIGxvY2sgaGVyZSB3aXRoIG1lLgpJIHRoaW5rIEknZCBlbmQgdXAgYnJlYWtpbmcKaXQgaWYgSSBicm91Z2h0IGl0IHdpdGggbWUu,,,,,W3swfV0KRW50w6NvLCBvIHF1ZSBhY29udGVjZXUgZm9pLi4uCkV1IHBlcmRpIG1pbmhhIGNoYXZlLCBtYXMgbsOjbyBwb3Nzbwp0cmF6ZXIgYSBmZWNoYWR1cmEgY29taWdvLgpBY2hvIHF1ZSBhY2FiYXJpYSBxdWVicmFuZG8Kc2UgYSB0cm91eGVzc2UgY29taWdvLg==,,W3swfV0KQnVlbm8sIGxvIHF1ZSBwYXPDsyBmdWUuLi4KcXVlIHBlcmTDrSBtaSBsbGF2ZSwgcGVybyBubyBwdWVkbwp0cmFlciBsYSBjZXJyYWR1cmEgYXF1w60uCkNyZW8gcXVlIGFjYWJhcsOtYSBwb3Igcm9tcGVybGEKc2kgbGEgdHJhaWdvLg==
ztAbAQ,,W0xvY2tzbWl0aCBMb2NrZW5sb2NrXQpPaCwgeWVhaD8gTm8gcHJvYmxlbS4KSnVzdCB0YWtlIG1lIHRvIHRoZSBsb2NrLgpJJ2xsIGNoYXJnZSB5b3UgZXh0cmEsIHRob3VnaCwKZXNwZWNpYWxseSBzaW5jZSBteSBrbmVlcwphcmUgZ29pbmcgYmFkLiBTbyB3aGVyZQphcmUgd2UgZ29pbmcgZXhhY3RseT8=,,,,,W0NoYXZlaXJvIExvY2tlbmxvY2tdCkFoLCDDqT8gTsOjbyB0ZW0gcHJvYmxlbWEuCkJhc3RhIG1lIGxldmFyIGF0w6kgYSBmZWNoYWR1cmEuCk1hcyB2b3UgY29icmFyIG1haXMsCmVzcGVjaWFsbWVudGUgcG9ycXVlIG1ldXMgam9lbGhvcwplc3TDo28gZmljYW5kbyBydWlucy4gRW50w6NvLCBwYXJhIG9uZGUKbsOzcyB2YW1vcyBleGF0YW1lbnRlPw==,,W0NlcnJhamVybyBMb2NrZW5sb2NrXQpBaCwgwr9zw60/IE5vIGhheSBwcm9ibGVtYS4KTGzDqXZhbWUgaGFzdGEgbGEgY2VycmFkdXJhLgpBdW5xdWUgdGUgY29icmFyw6kgdW4gZXh0cmEsCmVuIGVzcGVjaWFsIHBvcnF1ZSBtZSBkdWVsZW4KbGFzIHJvZGlsbGFzLiBEaW1lLCDCv2TDs25kZQp2YW1vcyBleGFjdGFtZW50ZT8=
z9AbAQ,,W3swfV0KV2FpdCEKV2UgY2FuJ3QgZG8gdGhhdCE=,,,,,W3swfV0KRXNwZXJlIQpOw6NvIHBvZGVtb3MgZmF6ZXIgaXNzbyE=,,W3swfV0KwqFFc3BlcmEhCsKhTm8gcG9kZW1vcyBoYWNlciBlc28h
0NAbAQ,,W0xvY2tzbWl0aCBMb2NrZW5sb2NrXQpXaGF0IGRvIHlvdSBtZWFuPwpZb3UncmUgbm90IHRyeWluZyB0bwpvcGVuIHVwIGEgYmFuayBzYWZlCm9yIHNvbWV0aGluZywgYXJlIHlvdT8=,,,,,W0NoYXZlaXJvIExvY2tlbmxvY2tdCk8gcXVlIHZvY8OqIHF1ZXIgZGl6ZXIgY29tIGlzc28/ClZvY8OqIG7Do28gZXN0w6EgdGVudGFuZG8KYWJyaXIgbyBjb2ZyZSBkZSB1bSBiYW5jbwpvdSBhbGdvIGFzc2ltLCBlc3TDoT8=,,W0NlcnJhamVybyBMb2NrZW5sb2NrXQrCv1F1w6kgcXVpZXJlcyBkZWNpcj8KTm8gaW50ZW50YXLDoXMKYWJyaXIgbGEgY2FqYSBmdWVydGUgZGUgdW4gYmFuY28KbyBhbGdvIGFzw60sIMK/bm8/
0dAbAQ,,W3swfV0KTm8sIGl0J3Mgbm90aGluZyBsaWtlCnRoYXQhIEl0J3MganVzdCB0aGF0IHRoZSBsb2NrCmlzIGluIGEgZGFuZ2Vyb3VzIHBsYWNlLgpUaGlzIGlzIHJlYWxseSBpbXBvcnRhbnQuLi4KUGxlYXNlLCB5b3UgaGF2ZSB0byBoZWxwIG1lIQ==,,,,,W3swfV0KTsOjbywgbsOjbyDDqSBuYWRhIGRpc3NvIQrDiSBxdWUgYSBmZWNoYWR1cmEKZXN0w6EgZW0gdW0gbG9jYWwgcGVyaWdvc28uCklzc28gw6kgbXVpdG8gaW1wb3J0YW50ZS4uLgpQb3IgZmF2b3IsIHZvY8OqIHByZWNpc2EgbWUgYWp1ZGFyIQ==,,W3swfV0KTm8sIMKhbm8gZXMgbmFkYSBkZQplc28hIEVzIHNvbG8gcXVlIGxhIGNlcnJhZHVyYQplc3TDoSBlbiB1biBsdWdhciBwZWxpZ3Jvc28uCkVzIG11eSBpbXBvcnRhbnRlLi4uCsKhUG9yIGZhdm9yLCBhecO6ZGFtZSE=
0tAbAQ,,W0xvY2tzbWl0aCBMb2NrZW5sb2NrXQpIdWguIFdlbGwsIGJvdHRvbSBsaW5lLApJIGNhbid0IG1ha2UgYSBrZXkgd2l0aG91dApsb29raW5nIGF0IHRoZSBsb2NrLiBMZXQgbWUKdGhpbmsgb2YgYSB3YXkgSSBjYW4gaGVscCB5b3UuCkdpdmUgbWUgYSBzZWNvbmQsIHdpbGwgeW91Pw==,,,,,W0NoYXZlaXJvIExvY2tlbmxvY2tdCkh1bS4gQm9tLCByZXN1bWluZG8sCmV1IG7Do28gcG9zc28gZmF6ZXIgdW1hIGNoYXZlIHNlbQpvbGhhciBwYXJhIGEgZmVjaGFkdXJhLiBEZWl4ZS1tZQpwZW5zYXIgZW0gdW1hIG1hbmVpcmEgZGUgYWp1ZMOhLWxvLgpTw7MgdW0gc2VndW5kbywgZXN0w6EgYmVtPw==,,W0NlcnJhamVybyBMb2NrZW5sb2NrXQpNbW0uIEJ1ZW5vLCBlbiByZXN1bWVuLApubyBwdWVkbyBoYWNlciB1bmEgbGxhdmUgc2luCm1pcmFyIGxhIGNlcnJhZHVyYS4gRMOpamFtZQpwZW5zYXIgY8OzbW8gcHVlZG8gYXl1ZGFydGUuCkRhbWUgdW4gbWludXRvLCDCv3PDrT8=
09AbAQ,,W0xvY2tzbWl0aCBMb2NrZW5sb2NrXQouLi4uLi4uLi4uLi4uLi4uLi4uLi4uLi4uLi4uLi4uCldlbGwsIEkgZ3Vlc3MgeW91IGNhbiB0cnkKdG8gbWFrZSBhIG1vbGQgb2YgdGhlIGxvY2suCkl0J2xsIGhhdmUgdG8gYmUgcGVyZmVjdCwgc28KdGhpcydsbCBnZXQgcHJldHR5IGV4cGVuc2l2ZS4=,,,,,W0NoYXZlaXJvIExvY2tlbmxvY2tdCi4uLi4uLi4uLi4uLi4uLi4uLi4uLi4uLi4uLi4uLi4KQ2VydG8sIGFjaG8gcXVlIHZvY8OqIHBvZGUgdGVudGFyCmZhemVyIHVtIG1vbGRlIGRhIGZlY2hhZHVyYS4KVmFpIHRlciBxdWUgc2VyIHBlcmZlaXRvLCBlbnTDo28KaXNzbyB2YWkgZmljYXIgYmVtIGNhcm8u,,W0NlcnJhamVybyBMb2NrZW5sb2NrXQouLi4uLi4uLi4uLi4uLi4uLi4uLi4uLi4uLi4uLi4uCkJ1ZW5vLCBwb2Ryw61hcyBpbnRlbnRhcgpoYWNlciB1biBtb2xkZSBkZSBsYSBjZXJyYWR1cmEuClRpZW5lIHF1ZSBlc3RhciBwZXJmZWN0bywKYXPDrSBxdWUgc2UgZW5jYXJlY2Vyw6Eu
1NAbAQ,,W0xvY2tzbWl0aCBMb2NrZW5sb2NrXQpHbyB0byB0aGUgbWFya2V0IGFuZApmaW5kIGEgbGFkeSBzZWxsaW5nIG9yZ2FuaWMKc29hcCBhbmQgZ2V0IGEgYm90dGxlIG9mCkNoYW1lbGVwdSBTb2FwLiBZb3Ugd2lsbApuZWVkIHRoYXQgZXhhY3QgdHlwZSBvZiBzb2FwOgpub3RoaW5nIGVsc2Ugd2lsbCBkby4=,,,,,W0NoYXZlaXJvIExvY2tlbmxvY2tdClbDoSBhdMOpIG8gbWVyY2FkbyBlCmVuY29udHJlIHVtYSBzZW5ob3JhIHZlbmRlbmRvIHNhYsOjbyBvcmfDom5pY28KZSBwZWd1ZSB1bWEgZ2FycmFmYSBkZQpTYWLDo28gQ2hhbWVsZXB1LiAKVm9jw6ogcHJlY2lzYSBleGF0YW1lbnRlIGRlc3NlIHRpcG8gZGUgc2Fiw6NvOgpuYWRhIG1haXMgdmFpIHNlcnZpci4=,,W0NlcnJhamVybyBMb2NrZW5sb2NrXQpWZSBhbCBtZXJjYWRvLCBidXNjYQphIHVuYSBkYW1hIHF1ZSB2ZW5kZQpqYWLDs24gb3Jnw6FuaWNvIHkgY8OzbXByYWxlIHVuYSBib3RlbGxhIGRlCmphYsOzbiBkZSBjaGFtZWxlcHUuIE5lY2VzaXRhcsOhcwplc2UgdGlwbyBleGFjdG8gZGUgamFiw7NuOgpuYWRhIG3DoXMgc2Vydmlyw6Eu
1dAbAQ,,W3swfV0KQ2hhbWVscHUgU29hcD8KV2hhdCBpcyB0aC0t,,,,,W3swfV0KU2Fiw6NvIENoYW1lbGVwdSA/Ck8gcXVlIMOpIGlzc28/,,W3swfV0Kwr9KYWLDs24gZGUgY2hhbWVsZXB1PwrCv1F1w6kgZXMgZWwgamEuLi4=
1tAbAQ,,W0xvY2tzbWl0aCBMb2NrZW5sb2NrXQpObyB0aW1lIHRvIGV4cGxhaW4uCllvdSdkIGJldHRlciBodXJyeSBhbmQKZmluZCBoZXIgYmVmb3JlIHNoZSBjbG9zZXMKc2hvcCBmb3IgdGhlIGRheS4gVGhlIHNob3AKb3duZXIncyBhIGJlYXV0eSwgc28gaXQnbGwKYmUgdG91Z2ggZm9yIHlvdSB0byBtaXNzIGhlci4=,,,,,W0NoYXZlaXJvIExvY2tlbmxvY2tdCk7Do28gaMOhIHRlbXBvIHBhcmEgZXhwbGljYXIuCsOJIG1lbGhvciB2b2PDqiBzZSBhcHJlc3NhciBlCmVuY29udHLDoS1sYSBhbnRlcyBxdWUgZWxhIGZlY2hlCmEgbG9qYSBwb3IgaG9qZS4gCkEgZG9uYSBkYSBsb2phIMOpIHVtYSBiZWxlemEsIGVudMOjbwp2YWkgc2VyIGbDoWNpbCBlbmNvbnRyw6EtbGEu,,W0NlcnJhamVybyBMb2NrZW5sb2NrXQpObyBoYXkgdGllbXBvIHBhcmEgZXhwbGljYXJsby4KTWVqb3IgYXByZXPDunJhdGUgeQplbmN1w6ludHJhbGEgYW50ZXMgZGUgcXVlIGNpZXJyZQpzdSB0aWVuZGEgcG9yIGhveS4gTGEgZHVlw7FhCmRlIGxhIHRpZW5kYSBlcyBiZWxsw61zaW1hLCBhc8OtIHF1ZQpsYSBlbmNvbnRyYXLDoXMgZsOhY2lsLg==
19AbAQ,,W3swfV0KLi4uLi4uLi4uLi4=,,,,,W3swfV0KLi4uLi4uLi4uLi4=,,W3swfV0KLi4uLi4uLi4uLi4=
2NAbAQ,,XjMzNTVGRkl0J3MgYSBkcnVua2FyZC4uLgpUaGlzIG1hbiBtdXN0IGJlIHRoZQpNci4gTG9ja2VubG9jayB0aGF0IHlvdSBzZWVrLgpZb3UnZCBiZXR0ZXIgZm9sbG93IFRvYnkncwphZHZpY2UgYW5kIGJyaW5nIHRoaXMgbWFuCmEgWWVsbG93IFBvdGlvbiBmaXJzdC5eMDAwMDAw,,,,,XjMzNTVGRsOJIHVtIGJlYnVtLi4uCkVzdGUgaG9tZW0gZGV2ZSBzZXIgbwpTci4gTG9ja2VubG9jayBxdWUgdm9jw6ogcHJvY3VyYS4Kw4kgbWVsaG9yIHZvY8OqIHNlZ3VpciBvIGNvbnNlbGhvIGRvIFRvYnkKZSBsZXZhciBwYXJhIGVzc2UgaG9tZW0KdW1hIFBvw6fDo28gQW1hcmVsYSBwcmltZWlyby5eMDAwMDAw,,XjMzNTVGRkVzIHVuIGJvcnJhY2hvLi4uCkVzdGUgaG9tYnJlIGRlYmUgZGUgc2VyIGVsCnNlw7FvciBMb2NrZW5sb2NrIHF1ZSBidXNjYXMuCk1lam9yIHNpZ3VlIGVsIGNvbnNlam8gZGUKVG9ieSB5IHRyw6FlbGUgYSBlc3RlIGhvbWJyZQp1bmEgUG9jacOzbiBhbWFyaWxsYSBwcmltZXJvLl4wMDAwMDA=
2dAbAQ,,XjMzNTVGRkl0J3MgYSBkcnVua2FyZC4uLgpUaGUgc2NlbnQgb2YgcHVyZQphbGNvaG9sIHdhZnRzIGFyb3VuZCBoaW0uClRoZXJlJ3MgYSBjZXJ0YWluIGJlYXV0eQp0byBoaXMgZGlzaGV2ZWxlZCBtaXNlcnkuXjAwMDAwMA==,,,,,XjMzNTVGRsOJIHVtIGJlYnVtLi4uCk8gY2hlaXJvIGRlIMOhbGNvb2wgcHVybwpwYWlyYSBhbyBzZXUgcmVkb3IuCkjDoSB1bWEgY2VydGEgYmVsZXphCmVtIHN1YSBtaXPDqXJpYSBkZXNvcmRlbmFkYS5eMDAwMDAw,,XjMzNTVGRkVzIHVuIGJvcnJhY2hvLi4uCkxvIHJvZGVhIHVuIGFyb21hCmRlIGFsY29ob2wgcHVyby4KSGF5IHVuYSBjaWVydGEgYmVsbGV6YQplbiBzdSBkZXNncmXDsWFkYSBtaXNlcmlhLl4wMDAwMDA=
2tAbAQ,,W0xvY2tzbWl0aCBMb2NrZW5sb2NrXQpHbyB0byB0aGUgbWFya2V0IGFuZApmaW5kIGEgbGFkeSBzZWxsaW5nIG9yZ2FuaWMKc29hcC4gWW91IG5lZWQgdG8gZ2V0IGEgYm90dGxlCm9mIENoYW1lbGVwdSBTb2FwLiBZb3Ugd2lsbApuZWVkIHRoYXQgZXhhY3QgdHlwZSBvZiBzb2FwOgpub3RoaW5nIGVsc2Ugd2lsbCBkby4=,,,,,W0NoYXZlaXJvIExvY2tlbmxvY2tdClbDoSBhdMOpIG8gbWVyY2FkbyBlCmVuY29udHJlIHVtYSBzZW5ob3JhIHZlbmRlbmRvIHNhYsOjbyBvcmfDom5pY28Kc2Fiw6NvIG9yZ8Oibmljby4gVm9jw6ogcHJlY2lzYSBwZWdhciB1bWEgZ2FycmFmYQpkZSBTYWLDo28gQ2hhbWVsZXB1LgpWb2PDqiBwcmVjaXNhIGV4YXRhbWVudGUgZGVzc2UgdGlwbyBkZSBzYWLDo286Cm5hZGEgbWFpcyB2YWkgc2VydmlyLg==,,W0NlcnJhamVybyBMb2NrZW5sb2NrXQpWZSBhbCBtZXJjYWRvLCBidXNjYQphIHVuYSBkYW1hIHF1ZSB2ZW5kZQpqYWLDs24uIFRpZW5lcyBxdWUgY29uc2VndWlyIHVuYSBib3RlbGxhCmRlIGphYsOzbiBkZSBjaGFtZWxlcHUuIE5lY2VzaXRhcsOhcwplc2UgdGlwbyBleGFjdG8gZGUgamFiw7NuOgpuYWRhIG3DoXMgc2Vydmlyw6Eu
29AbAQ,,W0xvY2tzbWl0aCBMb2NrZW5sb2NrXQpPaCwgc28geW91J3JlIGZpbmFsbHkKYmFjayB3aXRoIHRoZSBDaGFtZWxwdQpTb2FwLiBXaGF0IHRvb2sgc28gbG9uZz8KQWxsIHlvdSBoYWQgdG8gZG8gd2FzIGdvCnRvIHRoZSBtYXJrZXQgYW5kIGJ1eSBpdC4=,,,,,W0NoYXZlaXJvIExvY2tlbmxvY2tdCkFoLCBlbnTDo28gdm9jw6ogZmluYWxtZW50ZQp2b2x0b3UgY29tIG8gU2Fiw6NvIENoYW1lbGVwdQpQb3IgcXVlIGRlbW9yb3UgdGFudG8/ClR1ZG8gbyBxdWUgdm9jw6ogdGluaGEgcXVlIGZhemVyIGVyYSBpcgphbyBtZXJjYWRvIGUgY29tcHLDoS1sby4=,,W0NlcnJhamVybyBMb2NrZW5sb2NrXQpBaCwgYWwgZmluIHJlZ3Jlc2FzdGUKY29uIGVsIGphYsOzbiBkZQpjaGFtZWxlcHUuIMK/UG9yIHF1w6kgdGFyZGFzdGUgdGFudG8/ClNvbG8gdGVuw61hcyBxdWUgaXIKYWwgbWVyY2FkbyB5IGNvbXByYXJsby4=
3NAbAQ,,W3swfV0KLi4uLi4uLi4uLi4uLi4uLi4uLi4uLi4uLi4uLi4uLgouLi4uLi4uLi4uLi4uLi4uLi4uLi4uLi4uLi4uLi4uCi4uLi4uLi4uLi4uLi4uLi4uLi4uLi4uLi4uLi4uLi4KLi4uLi4uLi4uLi4uLi4uLi4uLi4uLi4uLi4uLi4uLgouLi4uLi4uLi4uLi4uLi4uLi4uLi4uLi4uLi4uLi4uCi4uLi4uLi4uLi4uLi4uLi4uLi4uLi4uLi4uLi4uLi4=,,,,,W3swfV0KLi4uLi4uLi4uLi4uLi4uLi4uLi4uLi4uLi4uLi4uLgouLi4uLi4uLi4uLi4uLi4uLi4uLi4uLi4uLi4uLi4uCi4uLi4uLi4uLi4uLi4uLi4uLi4uLi4uLi4uLi4uLi4KLi4uLi4uLi4uLi4uLi4uLi4uLi4uLi4uLi4uLi4uLgouLi4uLi4uLi4uLi4uLi4uLi4uLi4uLi4uLi4uLi4uCi4uLi4uLi4uLi4uLi4uLi4uLi4uLi4uLi4uLi4uLi4=,,W3swfV0KLi4uLi4uLi4uLi4uLi4uLi4uLi4uLi4uLi4uLi4uLgouLi4uLi4uLi4uLi4uLi4uLi4uLi4uLi4uLi4uLi4uCi4uLi4uLi4uLi4uLi4uLi4uLi4uLi4uLi4uLi4uLi4KLi4uLi4uLi4uLi4uLi4uLi4uLi4uLi4uLi4uLi4uLgouLi4uLi4uLi4uLi4uLi4uLi4uLi4uLi4uLi4uLi4uCi4uLi4uLi4uLi4uLi4uLi4uLi4uLi4uLi4uLi4uLi4=
3dAbAQ,,W0xvY2tzbWl0aCBMb2NrZW5sb2NrXQpVaCwgYW55d2F5LCBkaWQgTXMuIEl2b3J5CnRlbGwgeW91IGhvdyB0byB1c2UgdGhlIHNvYXA/CllvdSBqdXN0IHBvdXIgaXQgaW50byB0aGUKa2V5aG9sZSwgYW5kIHRoZW4gcG91ciB0aGUKc29hcCBiYWNrIGludG8gdGhlIGJvdHRsZS4KRG8gaXQgY2FyZWZ1bGx5IGFuZCBxdWlja2x5Lg==,,,,,W0NoYXZlaXJvIExvY2tlbmxvY2tdCkRlIHF1YWxxdWVyIGZvcm1hLCBhIFNyYS4gSXZvcnkKbGhlIGRpc3NlIGNvbW8gdXNhciBvIHNhYsOjbz8Kw4kgc8OzIGNvbG9jw6EtbG8gbm8gYnVyYWNvIGRhCmZlY2hhZHVyYSBlLCBlbSBzZWd1aWRhLCBkZXNwZWphciBvCnNhYsOjbyBkZSB2b2x0YSBuYSBnYXJyYWZhLgpGYcOnYSBpc3NvIHLDoXBpZG8gZSBjb20gY3VpZGFkby4=,,W0NlcnJhamVybyBMb2NrZW5sb2NrXQpVZiwgZW4gZmluLCDCv2xhIHNlw7FvciBJdm9yeQp0ZSBkaWpvIGPDs21vIHVzYXIgZWwgamFiw7NuPwpCYXN0YSBjb24gdmVydGVybG8gZW4gZWwKb2pvIGRlIGxhIGNlcnJhZHVyYSB5IGx1ZWdvCnZvbHZlciBhIHBvbmVybG8gZW4gbGEgYm90ZWxsYS4KSGF6bG8gcsOhcGlkbywgcGVybyBjb24gY3VpZGFkby4=
3tAbAQ,,W0xvY2tzbWl0aCBMb2NrZW5sb2NrXQpNYWtlIHN1cmUgeW91IGNsb3NlIHRoZQpib3R0bGUgdGlnaHRseSB3aGVuIHlvdSdyZQpkb25lIHNvIG5vIGFpciBnZXRzIGludG8gaXQuCklmIHlvdSB0YWtlIG1vcmUgdGhhbiB0aGlydHkKc2Vjb25kcywgdGhlIHNvYXAgd29uJ3QgcmV0YWluCnRoZSBsb2NrJ3Mgc2hhcGUgdmVyeSB3ZWxsLg==,,,,,W0NoYXZlaXJvIExvY2tlbmxvY2tdCkNlcnRpZmlxdWUtc2UgZGUgZmVjaGFyIGJlbSBhCmdhcnJhZmEgcXVhbmRvIHZvY8OqCnRlcm1pbmFyLCBwYXJhIHF1ZSBuw6NvIGVudHJlIGFyLgpTZSB2b2PDqiBkZW1vcmFyIG1haXMgZGUgdHJpbnRhCnNlZ3VuZG9zLCBvIHNhYsOjbyBuw6NvIHZhaSBtYW50ZXIKYSBmb3JtYSBkYSBmZWNoYWR1cmEgbXVpdG8gYmVtLg==,,W0NlcnJhamVybyBMb2NrZW5sb2NrXQpBc2Vnw7pyYXRlIGRlIGNlcnJhciBiaWVuIGxhCmJvdGVsbGEgY3VhbmRvCnRlcm1pbmVzIHBhcmEgcXVlIG5vIGVudHJlIGFpcmUuClNpIHRlIHRvbWEgbcOhcyBkZSB0cmVpbnRhCnNlZ3VuZG9zLCBlbCBqYWLDs24gbm8gY29uc2VydmFyw6EgCm11eSBiaWVuIGxhIGZvcm1hIGRlIGxhIGNlcnJhZHVyYS4=
39AbAQ,,W0xvY2tzbWl0aCBMb2NrZW5sb2NrXQpGaW5hbGx5LCBicmluZyB0aGUgYm90dGxlCmJhY2sgaGVyZSBmb3IgbWUgc28gdGhhdApJIGNhbiBtYWtlIHRoZSBrZXkuIEJ1dCB3aGVuCnlvdSBjb21lIGJhY2ssIEkgbmVlZCB0byBtYWtlCnN1cmUgdGhhdCB0aGUga2V5IHlvdSdyZSBtYWtpbmcKaXNuJ3QgZm9yIGFueXRoaW5nIGlsbGVnYWwuLi4=,,,,,W0NoYXZlaXJvIExvY2tlbmxvY2tdCkZpbmFsbWVudGUsIHRyYWdhIGEgZ2FycmFmYQphdMOpIGFxdWksIHBhcmEgcXVlCmV1IHBvc3NhIGZhemVyIGEgY2hhdmUuIE1hcwpxdWFuZG8gdm9jw6ogdm9sdGFyLCBwcmVjaXNvIHRlciBjZXJ0ZXphCmRlIHF1ZSBhIGNoYXZlIHF1ZSB2b2PDqiBlc3TDoSBmYXplbmRvCm7Do28gw6kgcGFyYSBuYWRhIGlsZWdhbC4uLg==,,W0NlcnJhamVybyBMb2NrZW5sb2NrXQpQb3Igw7psdGltbywgdnVlbHZlIGFxdcOtIApjb24gbGEgYm90ZWxsYSBwYXJhIHF1ZQpwdWVkYSBoYWNlciBsYSBsbGF2ZS4gUGVybyBjdWFuZG8KcmVncmVzZXMsIHRlbmdvIHF1ZSBhc2VndXJhcm1lCmRlIHF1ZSBsYSBsbGF2ZSBxdWUgcXVpZXJlcyBoYWNlcgpubyBzZWEgcGFyYSBhbGdvIGlsZWdhbC4uLg==
4NAbAQ,,W3swfV0KQWxyaWdodC4=,,,,,W3swfV0KVMOhIGJvbS4=,,W3swfV0KRGUgYWN1ZXJkby4=
4dAbAQ,,W0xvY2tzbWl0aCBMb2NrZW5sb2NrXQpPaCwgeW91J3JlIGJhY2suLi4KU28gZGlkIHlvdSBtYW5hZ2UKdG8gbWFrZSB0aGUga2V5IG1vbGQ/,,,,,W1NlcnJhbGhlaXJvIExvY2tlbmxvY2tdCkFoLCB2b2PDqiB2b2x0b3UuLi4KRW50w6NvLCB2b2PDqiBjb25zZWd1aXUKZmF6ZXIgbyBtb2xkZSBkYSBjaGF2ZT8=,,W0NlcnJhamVybyBMb2NrZW5sb2NrXQpBaCwgdm9sdmlzdGUuLi4Kwr9Mb2dyYXN0ZQpoYWNlciBlbCBtb2xkZSBkZSBsYSBsbGF2ZT8=
4tAbAQ,,W3swfV0KWWVzLCBJIGRpZC4gV291bGQgeW91CnBsZWFzZSBodXJyeT8gVGhpcyBpcyBhbgplbWVyZ2VuY3ksIGFuZCBpdCBjb3VsZApnZXQgcmVhbGx5IGJhZCBpZiBJIGRvbid0CmdldCB0aGlzIGtleSBtYWRlIHNvb24uLi4=,,,,,W3swfV0KU2ltLCBldSBjb25zZWd1aS4gVm9jw6ogcG9kZXJpYQpzZSBhcHJlc3Nhcj8gSXNzbyDDqSB1bWEKZW1lcmfDqm5jaWEsIGUgYSBzaXR1YcOnw6NvIHBvZGUKZmljYXIgbXVpdG8gcnVpbSBzZSBldSBuw6NvCmNvbnNlZ3VpciBmYXplciBlc3NhIGNoYXZlIGxvZ28uLi4=,,W3swfV0KU8OtLiDCv1BvZHLDrWFzCmRhcnRlIHByaXNhPyBTZSB0cmF0YSBkZSB1bmEKZW1lcmdlbmNpYSB5IHBvZHLDrWEKdGVybWluYXIgbXV5IG1hbCBzaSBubwp0ZW5nbyBlc3RhIGxsYXZlIHByb250by4uLg==
49AbAQ,,W0xvY2tzbWl0aCBMb2NrZW5sb2NrXQpMZXQgbWUgc2VlLi4uIFdlbGwsCml0J3Mgbm90IHJlYWxseSBwZXJmZWN0LCBidXQKSSBzaG91bGQgYmUgYWJsZSB0byBmYXNoaW9uCmEga2V5IGZvciB0aGlzIGxvY2suIE9vaC4uLgpCdXQgeW91IGtub3cgd2hhdD8gSSBkb24ndApoYXZlIGFueSBtYXRlcmlhbHMgb24gbWUu,,,,,W0NoYXZlaXJvIExvY2tlbmxvY2tdCkRlaXhlLW1lIHZlci4uLiBCb20sCm7Do28gZmljb3UgcGVyZmVpdG8sIG1hcwpldSBkZXZvIHNlciBjYXBheiBkZSBjcmlhcgp1bWEgY2hhdmUgcGFyYSBlc3NhIGZlY2hhZHVyYS4gQWguLi4KTWFzIHNhYmUgZGUgdW1hIGNvaXNhPyBFdSBuw6NvIHRlbmhvCm5lbmh1bSBtYXRlcmlhbCBjb21pZ28u,,W0NlcnJhamVybyBMb2NrZW5sb2NrXQpEw6lqYW1lIHZlci4uLiBCdWVubywKbm8gZXN0w6EgZGVsIHRvZG8gcGVyZmVjdG8sIHBlcm8KZGViZXLDrWEgcG9kZXIgY3JlYXIKdW5hIGxsYXZlIHBhcmEgZXN0YSBjZXJyYWR1cmEuIEFoLi4uCsK/UGVybyBzYWJlcyBxdcOpPyBObwp0ZW5nbyBuaW5nw7puIG1hdGVyaWFsIGFxdcOtLg==
5NAbAQ,,W0xvY2tzbWl0aCBMb2NrZW5sb2NrXQpJJ3ZlIGFscmVhZHkgbWFkZSBhbGwKdGhlIGtleXMgYW5kIGxvY2tzIGZvciB0aGlzCnRvd24sIHNvIG5vIG9uZSdzIHJlYWxseSBoYWQKdG8gc2VuZCBpbiBhbnkgb3JkZXJzIGxhdGVseS4KVGhhdCdzIHdoeSBJIGRpZG4ndCBoYXZlIGFueQptYXRlcmlhbHMgb25oYW5kLiBTb3JyeS4=,,,,,W0NoYXZlaXJvIExvY2tlbmxvY2tdCkV1IGrDoSBmaXogdG9kYXMKYXMgY2hhdmVzIGUgZmVjaGFkdXJhcyBwYXJhIGVzdGEKY2lkYWRlLCBlbnTDo28gbmluZ3XDqW0gcHJlY2lzb3UKZW52aWFyIHBlZGlkb3MgdWx0aW1hbWVudGUuCsOJIHBvciBpc3NvIHF1ZSBldSBuw6NvIHRpbmhhIG5lbmh1bQptYXRlcmlhbCDDoCBtw6NvLiBEZXNjdWxwZS4=,,W0NlcnJhamVybyBMb2NrZW5sb2NrXQpZYSBoaWNlIHRvZGFzCmxhcyBsbGF2ZXMgeSBjZXJyYWR1cmFzIGRlIGVzdGEKY2l1ZGFkLCBhc8OtIHF1ZSBoYWNlIHRpZW1wbwpxdWUgbmFkaWUgcGlkZSBuYWRhLgpQb3IgZXNvIG5vIHRlbsOtYSBuaW5nw7puCm1hdGVyaWFsIGEgbWFuby4gTG8gc2llbnRvLg==
5dAbAQ,,W0xvY2tzbWl0aCBMb2NrZW5sb2NrXQpBbGwgSSBuZWVkIGlzIF40RDRERkYxIFN0ZWVsXjAwMDAwMC4KSXQgd29uJ3QgdGFrZSBtZSBtb3JlCnRoYW4gZml2ZSBtaW51dGVzIHRvIG1ha2UKdGhlIGtleSwgc28gSSBjYW4gZ2V0IGl0IGRvbmUKYXMgc29vbiBhcyB5b3UgY2FuIGJyaW5nCm1lIHRoZSBTdGVlbC4gSSdsbCBiZSB3YWl0aW5nLg==,,,,,W0NoYXZlaXJvIExvY2tlbmxvY2tdClR1ZG8gbyBxdWUgcHJlY2lzbyDDqSBkZSBeNEQ0REZGMSBBw6dvXjAwMDAwMC4KTsOjbyBsZXZhcmVpIG1haXMgZG8gcXVlCmNpbmNvIG1pbnV0b3MgcGFyYSBmYXplcgphIGNoYXZlLiBQb3NzbyBmYXplciBpc3NvCmFzc2ltIHF1ZSB2b2PDqiBtZSB0cmF6ZXIKbyBBw6dvLiBFc3RhcmVpIGVzcGVyYW5kby4=,,W0NlcnJhamVybyBMb2NrZW5sb2NrXQpTb2xvIG5lY2VzaXRvIF40RDRERkYxIHVuaWRhZCBkZSBBY2Vyb14wMDAwMDAuCk5vIG1lIGxsZXZhcsOhIG3DoXMKZGUgY2luY29taW51dG9zIGhhY2VyCmxhIGxsYXZlLCBhc8OtIHF1ZSBsYSBoYXLDqSAKZW4gY3VhbnRvIHB1ZWRhcyB0cmFlcm1lCmVsIEFjZXJvLiBFc3RhcsOpIGVzcGVyYW5kby4=
5tAbAQ,,W3swfV0KSGVyZSdzIHRoZSBTdGVlbCB0aGF0CnlvdSBuZWVkLiBXb3VsZCB5b3UKcGxlYXNlIG1ha2UgdGhlIGtleSBub3c/,,,,,W3swfV0KQXF1aSBlc3TDoSBvIEHDp28gcXVlCnZvY8OqIHByZWNpc2EuIFZvY8OqIGNvbnNlZ3VlCmZhemVyIGEgY2hhdmUgYWdvcmE/,,W3swfV0KQXF1w60gZXN0w6EgZWwgQWNlcm8gcXVlCm5lY2VzaXRhcy4gwr9Qb2Ryw61hcwpoYWNlciBsYSBsbGF2ZT8=
59AbAQ,,W0xvY2tzbWl0aCBMb2NrZW5sb2NrXQouLi4uLi4uLi4uLi4uLi4uLi4uLi4uLi4uLi4uLi4uCkkndmUgYmVlbiBzdHVkeWluZwp0aGlzIGtleSBtb2xkLCBhbmQKSSBqdXN0IHJlYWxpemVkIHNvbWV0aGluZy4uLgpUZWxsIG1lIHJpZ2h0IG5vdzogd2hhdAphcmUgeW91IHVzaW5nIHRoaXMga2V5IGZvcj8=,,,,,W0NoYXZlaXJvIExvY2tlbmxvY2tdCi4uLi4uLi4uLi4uLi4uLi4uLi4uLi4uLi4uLi4uLi4KRXN0aXZlIGVzdHVkYW5kbwplc3NlIG1vbGRlIGRlIGNoYXZlIGUKYWNhYmVpIGRlIHBlcmNlYmVyIHVtYSBjb2lzYS4uLgpEaWdhLW1lIGFnb3JhIG1lc21vOiBwYXJhIHF1ZQp2b2PDqiB2YWkgdXNhciBlc3NhIGNoYXZlPw==,,W0NlcnJhamVybyBMb2NrZW5sb2NrXQouLi4uLi4uLi4uLi4uLi4uLi4uLi4uLi4uLi4uLi4uCkVzdHV2ZSBlc3R1ZGlhbmRvCmVsIG1vbGRlIGRlIGVzdGEgbGxhdmUgeQptZSBkaSBjdWVudGEgZGUgYWxnby4uLgpEaW1lIHlhIG1pc21vIHBhcmEgcXXDqSAKdXNhcsOhcyBlc3RhIGxsYXZlLg==
6NAbAQ,,W3swfV0KSHVoLi4uPwpXaGF0IGFyZSB5b3UuLi4/,,,,,W3swfV0KSMOjLi4uPwpPIHF1ZSB2b2PDqiBlc3TDoS4uLj8=,,W3swfV0Kwr9FaC4uLj8Kwr9RdcOpIGVzdMOhcy4uLj8=
6dAbAQ,,W0xvY2tzbWl0aCBMb2NrZW5sb2NrXQpJIGFza2VkIHlvdSBmaXJzdC4KVGVsbCBtZSB3aGF0IHlvdSBpbnRlbmQKdG8gZG8gd2l0aCB0aGlzIGtleSEgSWYgeW91CmRvbid0LCBJIGNhbid0IGhlbHAgeW91Lg==,,,,,W0NoYXZlaXJvIExvY2tlbmxvY2tdCkV1IHBlcmd1bnRlaSBwcmltZWlyby4KRGlnYS1tZSBvIHF1ZSBwcmV0ZW5kZQpmYXplciBjb20gZXNzYSBjaGF2ZSEgU2Ugdm9jw6oKbsOjbyBkaXNzZXIsIG7Do28gcG9kZXJlaSBhanVkw6EtbG8u,,W0NlcnJhamVybyBMb2NrZW5sb2NrXQpZbyB0ZSBwcmVndW50w6kgcHJpbWVyby4KwqFEaW1lIGxvIHF1ZSBwcmV0ZW5kZXMKaGFjZXIgY29uIGVzdGEgbGxhdmUhIFNpCm5vIGxvIGhhY2VzLCBubyB0ZSBheXVkYXLDqS4=
6tAbAQ,,W3swfV0KRG9uJ3QgbGllIHRvIG1lLgpUaGlzIG1vbGQuLi4gVGhpcyBpcwp0aGUgbG9jayBmb3IgdGhlIHNoYWNrbGVzCnRoYXQgSSd2ZSBtYWRlIHVuZGVyIHRoZQpvcmRlcnMgb2YgdGhlIFJhY2hlbCBBcm15LgpJIGhhdmUgdGhlIG1hc3RlciBrZXkgZm9yIHRoYXQu,,,,,W3swfV0KTsOjbyBtaW50YSBwYXJhIG1pbS4KRXNzZSBtb2xkZS4uLiBFc3RhIMOpCmEgZmVjaGFkdXJhIHBhcmEgYXMgY29ycmVudGVzCnF1ZSBldSBmaXogc29iIGFzCm9yZGVucyBkbyBFeMOpcmNpdG8gZGUgUmFjaGVsLgpFdSB0ZW5obyBhIGNoYXZlIG1lc3RyYSBwYXJhIGlzc28u,,W3swfV0KTm8gbWUgbWllbnRhcy4KRXN0ZSBtb2xkZS4uLiBFcwpsYSBjZXJyYWR1cmEgZGUgbG9zIGdyaWxsZXRlcwpxdWUgaGljZSBwb3Igw7NyZGVuZXMKZGVsIGVqw6lyY2l0byBkZSBSYWNoZWwuClRlbmdvIGxhIGxsYXZlIG1hZXN0cmEgcGFyYSBlc28u
69AbAQ,,W0xvY2tzbWl0aCBMb2NrZW5sb2NrXQpUaGVzZSBzaGFja2xlcyBhcmUgb25seQpzdXBwb3NlZCB0byBiZSB1c2VkIGZvcgpwcmlzb25lcnMhIElmIEkgcmVsZWFzZSBvbmUKb2YgdGhlbSwgdGhleSB3aWxsIGh1bnQgeW91CmRvd24gYW5kIGhvbGQgbWUgYWNjb3VudGFibGUu,,,,,W0NoYXZlaXJvIExvY2tlbmxvY2tdCkVzc2FzIGFsZ2VtYXMKZGV2ZXJpYW0gc2VyIHVzYWRhcyBhcGVuYXMgcGFyYQpwcmlzaW9uZWlyb3MhIFNlIGV1IHNvbHRhciB1bQpkZWxlcywgZWxlcyB2w6NvIGNhw6dhciB2b2PDqgplIG1lIHJlc3BvbnNhYmlsaXphcsOjbyBwb3IgaXNzby4=,,W0NlcnJhamVybyBMb2NrZW5sb2NrXQrCoVNlIHN1cG9uZSBxdWUgZXN0b3MgZ3JpbGxldGVzCnNvbG8gc2UgdXNhbiBwYXJhCnByaXNpb25lcm9zISBTaSBsaWJlcm8gYQphbGd1aWVuLCB0ZSBwZXJzZWd1aXLDoW4KeSBtZSBoYXLDoW4gcmVzcG9uc2FibGUu
7NAbAQ,,W3swfV0KVGhlIHRydXRoIGlzLi4uIEkgcmVhbGx5CmFtIHRyeWluZyB0byBmcmVlIHNvbWVib2R5CnRoZSBSYWNoZWwgQXJteSBpbXByaXNvbmVkLi4uClNoZSdzIEN1cmRpZSwgYSB5b3VuZyBnaXJsCnRoYXQgdGhleSBsb2NrZWQgdXAgaW4KVGhvciBWb2xjYW5vLi4u,,,,,W3swfV0KQSB2ZXJkYWRlIMOpIHF1ZS4uLiBFdSByZWFsbWVudGUKZXN0b3UgdGVudGFuZG8gbGliZXJ0YXIgYWxndcOpbQpxdWUgbyBFeMOpcmNpdG8gZGUgUmFjaGVsIGFwcmlzaW9ub3UuLi4KRWxhIHNlIGNoYW1hIEN1cmRpZSwgw6kgdW1hIGpvdmVtIGdhcm90YQpxdWUgZWxlcyBwcmVuZGVyYW0gbm8KVnVsY8OjbyBkZSBUaG9yLi4u,,W3swfV0KTGEgdmVyZGFkIGVzIHF1ZS4uLiBSZWFsbWVudGUsCmludGVudG8gbGliZXJhciBhIGFsZ3VpZW4KcXVlIGVsIGVqw6lyY2l0byBkZSBSYWNoZWwgY2FwdHVyw7MuLi4KU2UgbGxhbWEgQ3VyZGllLCBlcyB1bmEgbmnDsWEKcXVlIGVuY2VycmFyb24gZW4KZWwgdm9sY8OhbiBUaG9yLi4u
7dAbAQ,,W0xvY2tzbWl0aCBMb2NrZW5sb2NrXQpXaGF0Li4uPyEKQXJlIHlvdSBzZXJpb3VzPwpZLXlvdSdyZS4uLiBObyB3YXkuCllvdSdyZSBub3QgbHlpbmcuIFRoaXMuLi4KSSdtIHNvcnJ5LiBZb3Ugc2hvdWxkbid0CmhhdmUgZ290dGVuIGludm9sdmVkLCBidXQuLi4=,,,,,W0NoYXZlaXJvIExvY2tlbmxvY2tdCk8gcXXDqi4uLj8hClZvY8OqIGVzdMOhIGZhbGFuZG8gc8OpcmlvPwpWb2PDqiBlc3TDoS4uLiBEZSBqZWl0byBuZW5odW0uCk7Do28gZXN0w6EgbWVudGluZG8uIElzc28uLi4KRXUgc2ludG8gbXVpdG8uIFZvY8OqIG7Do28gZGV2ZXJpYQp0ZXIgc2UgZW52b2x2aWRvLCBtYXMuLi4=,,W0NlcnJhamVybyBMb2NrZW5sb2NrXQrCocK/UXXDqT8hCsK/RXMgZW4gc2VyaW8/CkUtZXN0w6FzLi4uIE5vIHB1ZWRlIHNlci4KTm8gZXN0w6FzIG1pbnRpZW5kby4gRXN0ZS4uLgpMbyBzaWVudG8uIE5vIGRlYmVyw61hcwpoYWJlcnRlIGludm9sdWNyYWRvLCBwZXJvLi4u
7tAbAQ,,W0xvY2tzbWl0aCBMb2NrZW5sb2NrXQpPaCBHb2QhClRoZXkuLi4gVGhleQpyZWFsbHkgaW1wcmlzb25lZAphbiBpbm5vY2VudCBjaGlsZD8h,,,,,W0NoYXZlaXJvIExvY2tlbmxvY2tdCk9oLCBEZXVzIQpFbGVzLi4uIEVsZXMKcmVhbG1lbnRlIGFwcmlzaW9uYXJhbQp1bWEgY3JpYW7Dp2EgaW5vY2VudGU/IQ==,,W0NlcnJhamVybyBMb2NrZW5sb2NrXQrCoVBvciBmYXZvciEKwqHCv1JlYWxtZW50ZS4uLiDCocK/UmVhbG1lbnRlCmVuY2FyY2VsYXJvbiBhCnVuYSBuacOxYSBpbm9jZW50ZT8h
79AbAQ,,W0xvY2tzbWl0aCBMb2NrZW5sb2NrXQpIZXJlLiBUYWtlIGl0LgpUYWtlIHRoZSBtYXN0ZXIga2V5LgpCcmluZyBpdCB0byBUaG9yIFZvbGNhbm8KYW5kIHJlc2N1ZSB0aGF0IHBvb3Iga2lkLgpXZSBjb3VsZCBnZXQgaW4gYSBsb3Qgb2YKdHJvdWJsZSBmb3IgZG9pbmcgdGhpcywgYnV0Li4u,,,,,W0NoYXZlaXJvIExvY2tlbmxvY2tdCkFxdWkuIFBlZ3VlLgpQZWd1ZSBhIGNoYXZlIG1lc3RyYS4KTGV2ZS1hIHBhcmEgbyBWdWxjw6NvIGRlIFRob3IKZSByZXNnYXRlIGVzc2EgcG9icmUgZ2Fyb3RhLgpQb2RlbW9zIG5vcyBtZXRlciBlbSB1bSBtb250ZSBkZQpwcm9ibGVtYXMgcG9yIGZhemVyIGlzc28sIG1hcy4uLg==,,W0NlcnJhamVybyBMb2NrZW5sb2NrXQpBcXXDrSB0aWVuZXMuIFTDs21hbGEuClRvbWEgbGEgbGxhdmUgbWFlc3RyYS4KTGzDqXZhbGEgYWwgdm9sY8OhbiBUaG9yCnkgcmVzY2F0YSBhIGVzYSBwb2JyZSBuacOxYS4KUG9kZW1vcyBtZXRlcm5vcyBlbiBtdWNob3MKcHJvYmxlbWFzIHBvciBoYWNlciBlc3RvLCBwZXJvLi4u
8NAbAQ,,W0xvY2tzbWl0aCBMb2NrZW5sb2NrXQpNeSBjb25zY2llbmNlIHdvbid0IGFsbG93CnRoZW0gdG8gZG8gc29tZXRoaW5nIGxpa2UKdGhpcy4gUmVzY3VlIHRoYXQga2lkLCBhbmQKdGhlbiB0aHJvdyB0aGUga2V5IGF3YXkKc29tZXdoZXJlIHdoZW4geW91J3JlIGRvbmUu,,,,,W0NoYXZlaXJvIExvY2tlbmxvY2tdCk1pbmhhIGNvbnNjacOqbmNpYSBuw6NvIHBlcm1pdGlyw6EKcXVlIGVsZXMgZmHDp2FtIGFsZ28gYXNzaW0uCmkgUmVzZ2F0ZSBlc3NhIGdhcm90YSBlCmRlcG9pcyBqb2d1ZSBhIGNoYXZlIGZvcmEKZW0gYWxndW0gbHVnYXIgcXVhbmRvIHRlcm1pbmFyLg==,,W0NlcnJhamVybyBMb2NrZW5sb2NrXQpNaSBjb25jaWVuY2lhIG5vIHBlcm1pdGlyw6EgCnF1ZSBoYWdhbiBhbGdvIGNvbW8KZXN0by4gUmVzY2F0YSBhIGVzYSBwZXF1ZcOxYSB5Cmx1ZWdvIHRpcmEgbGEgbGxhdmUKZW4gYWxnw7puIHNpdGlvIGN1YW5kbyB0ZXJtaW5lcy4=
8dAbAQ,,W0xvY2tzbWl0aCBMb2NrZW5sb2NrXQpUaGF0IHdheSwgaWYgdGhlIGFybXkKY29tZXMgdG8gaW50ZXJyb2dhdGUgbWUsCkknbGwganVzdCBzYXkgdGhhdCBpdCB3YXMKc3RvbGVuIGZyb20gbXkgc2hvcCBieQpzb21lIHRoaWVmLiBJIHNob3VsZCBnZXQKcmlkIG9mIGFsbCBteSBrZXlzIHRvby4uLg==,,,,,W0NoYXZlaXJvIExvY2tlbmxvY2tdCkRlc3NhIGZvcm1hLCBzZSBvIGV4w6lyY2l0bwp2aWVyIG1lIGludGVycm9nYXIsCmRpcmVpIGFwZW5hcyBxdWUgZWxhIGZvaQpyb3ViYWRhIGRhIG1pbmhhIGxvamEgcG9yCmFsZ3VtIGxhZHLDo28uIEV1IGRldmVyaWEgbWUgbGl2cmFyIGRlCnRvZGFzIGFzIG1pbmhhcyBjaGF2ZXMgdGFtYsOpbS4uLg==,,W0NlcnJhamVybyBMb2NrZW5sb2NrXQpBc8OtLCBzaSBlbCBlasOpcmNpdG8KdmllbmUgYSBpbnRlcnJvZ2FybWUsCmxlcyBkaXLDqSBxdWUgYWxnw7puIGxhZHLDs24KZW50csOzIGEgbWkgdGllbmRhIHkKbWUgbGEgcm9iw7MuIERlYmVyw61hIGRlc2hhY2VybWUKZGUgdG9kYXMgbWlzIGxsYXZlcyB0YW1iacOpbi4uLg==
8tAbAQ,,W0xvY2tzbWl0aCBMb2NrZW5sb2NrXQpIdXJyeSB1cCBhbmQgZ28hCk1ha2Ugc3VyZSB0aGF0IHlvdQpicmluZyB0aGF0IGNoaWxkIGJhY2sKc2FmZSB0byBoZXIgZmFtaWx5IQ==,,,,,W0NoYXZlaXJvIExvY2tlbmxvY2tdCkFwcmVzc2Utc2UgZSB2w6EhCkNlcnRpZmlxdWUtc2UgZGUgdHJhemVyIGVzc2EgY3JpYW7Dp2EgZGUgdm9sdGEKZW0gc2VndXJhbsOnYSBwYXJhIGEgZmFtw61saWEgZGVsYSE=,,W0NlcnJhamVybyBMb2NrZW5sb2NrXQrCoURhdGUgcHJpc2EgeSB2ZSEKwqFBc2Vnw7pyYXRlIGRlIHBvbmVyCmEgZXNhIG5pw7FhIGEgc2Fsdm8KY29uIHN1IGZhbWlsaWEh
89AbAQ,,W0xvY2tzbWl0aCBMb2NrZW5sb2NrXQpIZXksIHRoYXQga2lkIHlvdSBzYXZlZC4uLgpDdXJkaWUuIFNoZSdzIHNhZmVseSBiYWNrCmluIHRvd24uIEkgZmVlbCBzbyByZXNwb25zaWJsZQphYm91dCB3aGF0IGhhcHBlbmVkLiBJIG1lYW4sCnNoZSB3YXMgbG9ja2VkIHVwIGluIHNoYWNrbGVzCnRoYXQgSSBkZXNpZ25lZCBmb3IgdGhlIGFybXku,,,,,W0NoYXZlaXJvIExvY2tlbmxvY2tdCkVpLCBhcXVlbGEgZ2Fyb3RhIHF1ZSB2b2PDqiBzYWx2b3UuLi4KQ3VyZGllLiBFbGEgZXN0w6EgZGUgdm9sdGEgZW0gc2VndXJhbsOnYQrDoCBjaWRhZGUuIEV1IG1lIHNpbnRvIHTDo28gcmVzcG9uc8OhdmVsCnBlbG8gcXVlIGFjb250ZWNldS4gUXVlcm8gZGl6ZXIsCmVsYSBlc3RhdmEgcHJlc2EgY29tIGNvcnJlbnRlcwpxdWUgZXUgcHJvamV0ZWkgcGFyYSBvIGV4w6lyY2l0by4=,,W0NlcnJhamVybyBMb2NrZW5sb2NrXQpPeWUsIGVzYSBuacOxaXRhIHF1ZSBzYWx2YXN0ZS4uLgpDdXJkaWUuIFJlZ3Jlc8OzIHNhbmEgeSBzYWx2YQphIGxhIGNpdWRhZC4gTWUgc2llbnRvIHRhbiByZXNwb25zYWJsZQpwb3IgbG8gcXVlIHBhc8OzLiBFcyBkZWNpciwKbGEgZW5jYWRlbmFyb24gY29uIGdyaWxsZXRlcwpxdWUgeW8gZGlzZcOxw6kgcGFyYSBlbCBlasOpcmNpdG8u
9NAbAQ,,W0xvY2tzbWl0aCBMb2NrZW5sb2NrXQpBbnl3YXksIEknbSBwYWNraW5nIG15CnRoaW5ncy4gSSdtIHRoaW5raW5nIG9mCmxlYXZpbmcgdGhpcyB0b3duIGZvciBnb29kLgpUaGUgYXJteSdzIHJvdHRlbiB0byB0aGUgY29yZQpmb3IgZG9pbmcgc29tZXRoaW5nIGxpa2UgdGhpcy4=,,,,,W0NoYXZlaXJvIExvY2tlbmxvY2tdCkRlIHF1YWxxdWVyIGZvcm1hLCBlc3RvdSBhcnJ1bWFuZG8gbWluaGFzCmNvaXNhcy4gRXN0b3UgcGVuc2FuZG8gZW0KZGVpeGFyIGVzdGEgY2lkYWRlIHBhcmEgc2VtcHJlLgpPIGV4w6lyY2l0byBlc3TDoSB0b3RhbG1lbnRlIHBvZHJlCnBvciBmYXplciBhbGdvIGFzc2ltLg==,,W0NlcnJhamVybyBMb2NrZW5sb2NrXQpDb21vIHNlYSwgZXN0b3kgZW1wYWNhbmRvIG1pcwpjb3Nhcy4gUGllbnNvIGlybWUKZGUgZXN0YSBjaXVkYWQgcGFyYSBzaWVtcHJlLgpFbCBlasOpcmNpdG8gZXN0w6EgY29ycnVwdG8gaGFzdGEgbGEgbcOpZHVsYQphbCBoYWNlciBhbGdvIGFzw60u
9dAbAQ,,W0xvY2tzbWl0aCBMb2NrZW5sb2NrXQpZb3UncmUgYSByZWFsIGdvb2QgcGVyc29uLAphbmQgSSdtIGdsYWQgSSBnb3QgdG8ga25vdwp5b3UuIEkgZG9uJ3Qga25vdyBpZiB3ZSdsbApldmVyIG1lZXQgYWdhaW4sIGJ1dCBpdCdzCmdvb2QgdGhhdCB0aGVyZSBhcmUgcGVvcGxlCmxpa2UgeW91IGluIHRoaXMgd29ybGQu,,,,,W0NoYXZlaXJvIExvY2tlbmxvY2tdClZvY8OqIMOpIHVtYSBwZXNzb2EgbXVpdG8gYm9hLAplIGVzdG91IGZlbGl6IHBvciB0ZXIgdGUgY29uaGVjaWRvLgpOw6NvIHNlaSBzZSB2YW1vcyBub3MKZW5jb250cmFyIG5vdmFtZW50ZSwgbWFzIMOpCmJvbSBxdWUgZXhpc3RhbSBwZXNzb2FzCmNvbW8gdm9jw6ogbmVzdGUgbXVuZG8u,,W0NlcnJhamVybyBMb2NrZW5sb2NrXQpFcmVzIHVuYSBwZXJzb25hIG11eSBidWVuYQp5IG1lIGFsZWdybyBkZSBoYWJlcnRlCmNvbm9jaWRvLiBObyBzw6kgc2kgbm9zCnZvbHZlcmVtb3MgYSB2ZXIsIHBlcm8gZXMKYnVlbm8gcXVlIGhheWEgZ2VudGUKY29tbyB0w7ogZW4gZXN0ZSBtdW5kby4=
9tAbAQ,,W0xvY2tlbmxvY2tdClp6enouLi4KWnp6ei4uLiBBcmdoIQouLi5aenouLi4=,,,,,W0xvY2tlbmxvY2tdClp6enouLi4KWnp6ei4uLiBBcmdoIQouLi5aenouLi4=,,W0xvY2tlbmxvY2tdClp6enouLi4KWnp6ei4uLiDCoUFqIQouLi5aenouLi4=
99AbAQ,,XjMzNTVGRkhlJ3MgZHJ1bmsgYW5kCmZhc3QgYXNsZWVwLl4wMDAwMDA=,,,,,XjMzNTVGRkVsZSBlc3TDoSBiw6piYWRvIGUKZG9ybWluZG8gcHJvZnVuZGFtZW50ZS5eMDAwMDAw,,XjMzNTVGRkVzdMOhIGJvcnJhY2hvIHkKcHJvZnVuZGFtZW50ZSBkb3JtaWRvLl4wMDAwMDA=
+NAbAQ,,SXZvcnk=,,,,,SXZvcnk=,,TWFyZmls
+dAbAQ,,W09yZ2FuaWMgU29hcCBNYWtlciBJdm9yeV0KT2gsIEknbSBzb3JyeSwgYnV0IEknbQpjbG9zaW5nIHNob3AgcmlnaHQgbm93CmJlY2F1c2UgSSBqdXN0IHJhbiBvdXQgb2YKc29hcCBpbmdyZWRpZW50cy4gSWYgeW91Cm9yZGVyZWQgc29tZXRoaW5nLCB0aGVuIHlvdQpjb3VsZCBqdXN0IGNvbWUgYmFjayB0b21vcnJvdy4=,,,,,W0ZhYnJpY2FudGUgZGUgc2Fiw6NvIG9yZ8OibmljbyBJdm9yeV0KQWgsIGRlc2N1bHBlLCBtYXMgasOhIGVzdG91CmZlY2hhbmRvIGEgbG9qYQpwb3JxdWUgYWNhYmVpIGRlIGZpY2FyIHNlbQpvcyBpbmdyZWRpZW50ZXMgZG8gc2Fiw6NvLiBTZSB2b2PDqgplbmNvbWVuZG91IGFsZ28sIGVudMOjbyBwb2RlIHZvbHRhciBhbWFuaMOjLg==,,W01lcmNhZGVyIGRlIGphYsOzbiBJdm9yeV0KQXksIGxvIHNpZW50bywgcGVybwp5YSBlc3RveSBjZXJyYW5kbyBsYSB0aWVuZGEKcG9ycXVlIG1lIHF1ZWTDqSBzaW4KaW5ncmVkaWVudGVzIHBhcmEgamFiw7NuLiBTaQpwZWRpc3RlIGFsZ28sCnB1ZWRlcyB2b2x2ZXIgbWHDsWFuYS4=
+tAbAQ,,W3swfV0KVW0sIHRoaXMgaXMgYW4gZW1lcmdlbmN5IQpNci4gTG9ja2VubG9jayB0b2xkIG1lIHRvCmNvbWUgaGVyZSB0byBnZXQgc29tZSBraW5kCm9mIHNwZWNpYWwgc29hcC4gSSBuZWVkIGl0CnRvIG1ha2UgYSBtb2xkIGZvciBoaW0KdG8gbWFrZSBhIGtleSBmb3IgbWUuLi4=,,,,,W3swfV0KSHVtLCBpc3NvIMOpIHVtYSBlbWVyZ8OqbmNpYSEKTyBTci4gTG9ja2VubG9jayBtZSBkaXNzZSBwYXJhCnZpciBhcXVpIHBlZ2FyIHVtIHRpcG8gZGUKc2Fiw6NvIGVzcGVjaWFsLiBFdSBwcmVjaXNvIGRpc3NvCnBhcmEgZmF6ZXIgdW0gbW9sZGUgcGFyYSBlbGUKbWUgZmF6ZXIgdW1hIGNoYXZlLi4u,,W3swfV0KRWgsIMKhZXMgdW5hIGVtZXJnZW5jaWEhCkVsIHNlw7FvciBMb2NrZW5sb2NrIG1lIGRpam8gcXVlCnZpbmllcmEgYSBjb21wcmFyCnVuIGphYsOzbiBlc3BlY2lhbC4gTG8gbmVjZXNpdG8KcGFyYSBoYWNlciB1biBtb2xkZSB5CnF1ZSDDqWwgbWUgaGFnYSB1bmEgbGxhdmUuLi4=
+9AbAQ,,W09yZ2FuaWMgU29hcCBNYWtlciBJdm9yeV0KT2g/IFlvdSBsb2NrZWQgeW91cnNlbGYKb3V0PyBBaCwgTXIuIExvY2tlbmxvY2sKbXVzdCBoYXZlIGJlZW4gdGFsa2luZwphYm91dCBteSBvcmdhbmljIENoYW1lbGVwdQpzb2FwLiBJdCdzIGFuIGFydGlzdGljIHNvYXAKdGhhdCB5b3UgY2FuIHNoYXBlIGVhc2lseX4=,,,,,W0ZhYnJpY2FudGUgZGUgc2Fiw6NvIG9yZ8OibmljbyBJdm9yeV0KSMOjPyBWb2PDqiBzZSB0cmFuY291CnBhcmEgZm9yYT8gQWgsIG8gU3IuIExvY2tlbmxvY2sKZGV2aWEgZXN0YXIgZmFsYW5kbwpzb2JyZSBtZXUgU2Fiw6NvIENoYW1lbGVwdQpvcmfDom5pY28uIMOJIHVtIHNhYsOjbyBhcnTDrXN0aWNvCnF1ZSB2b2PDqiBwb2RlIG1vbGRhciBmYWNpbG1lbnRlLg==,,W01lcmNhZGVyIGRlIGphYsOzbiBJdm9yeV0Kwr9FaD8gwr9UZSBxdWVkYXN0ZQphZnVlcmE/IEFoLCBlbCBzZcOxb3IgTG9ja2VubG9jawpkZWJlIGhhYmVydGUgaGFibGFkbwpkZSBtaSBqYWLDs24gb3Jnw6FuaWNvIGRlCmNoYW1lbGVwdS4gRXMgdW4gamFiw7NuIGFydMOtc3RpY28KcXVlIGVzIGbDoWNpbCBkZSBtb2xkZWFyLg==
/NAbAQ,,W3swfV0KWWVzLCB0aGF0J3MgcmlnaHQhCkNoYW1lbGVwdSBTb2FwIQ==,,,,,W3swfV0KU2ltLCDDqSBpc3NvIG1lc21vIQpTYWLDo28gQ2hhbWVsZXB1IQ==,,W3swfV0KwqFTw60sIGFzw60gZXMhCsKhRWwgamFiw7NuIGRlIGNoYW1lbGVwdSE=
/dAbAQ,,W09yZ2FuaWMgU29hcCBNYWtlciBJdm9yeV0KTXkgQ2hhbWVsZXB1IFNvYXAKaXMgcHJldHR5IHBvcHVsYXIuIEl0J3MKYSBsaXF1aWQgc29hcCB0aGF0IHlvdSBjYW4KcG91ciBpbnRvIGFueXRoaW5nLCBhbmQgaXQnbGwKaGFyZGVuIGludG8gYW55IHNoYXBlIHRoYXQKeW91IHdhbnQuIE5lYXQsIGh1aD8=,,,,,W0ZhYnJpY2FudGUgZGUgc2Fiw6NvIG9yZ8OibmljbyBJdm9yeV0KTWV1IFNhYsOjbyBDaGFtZWxlcHUKw6kgYmFzdGFudGUgcG9wdWxhci4gRWxlIMOpCnVtIHNhYsOjbyBsw61xdWlkbyBxdWUgdm9jw6ogcG9kZQpkZXJyYW1hciBlbSBxdWFscXVlciBjb2lzYSwgZSBhw60gZWxlCmVuZHVyZWNlIGVtIHF1YWxxdWVyIGZvcm1hdG8gcXVlCnZvY8OqIHF1aXNlci4gTGVnYWwsIG7Do28gw6k/,,W01lcmNhZGVyIGRlIGphYsOzbiBJdm9yeV0KTWkgamFiw7NuIGRlIGNoYW1lbGVwdQplcyBiYXN0YW50ZSBwb3B1bGFyLiBFcwp1biBqYWLDs24gbMOtcXVpZG8gcXVlIHB1ZWRlcwp2ZXJ0ZXIgZW4gY3VhbHF1aWVyIGNvc2EgeSBzZQplbmR1cmVjZXLDoSBjb24gbGEgZm9ybWEgcXVlCnF1aWVyYXMuIEdlbmlhbCwgwr9ubz8=
/tAbAQ,,W09yZ2FuaWMgU29hcCBNYWtlciBJdm9yeV0KSWYgeW91IHJlYWxseSBuZWVkIGl0CnJpZ2h0IGF3YXksIEkgY2FuIHN0aWxsCm1ha2UgaXQgZm9yIHlvdSBpZiBjYW4KYnJpbmcgYWxsIHRoZSBpbmdyZWRpZW50cy4KVGhleSBtaWdodCBiZSBhIGJpdCBoYXJkCnRvIG9idGFpbiwgdGhvdWdoLi4u,,,,,W0ZhYnJpY2FudGUgZGUgc2Fiw6NvIG9yZ8OibmljbyBJdm9yeV0KU2Ugdm9jw6ogcHJlY2lzYSBkZWxlCmltZWRpYXRhbWVudGUsIGFpbmRhIHBvc3NvCmZhemVyIHBhcmEgdm9jw6ogc2UgcHVkZXIKdHJhemVyIHRvZG9zIG9zIGluZ3JlZGllbnRlcy4KTWFzIGVsZXMgcG9kZW0gc2VyIHVtIHBvdWNvIGRpZsOtY2VpcwpkZSBvYnRlci4uLg==,,W01lcmNhZGVyIGRlIGphYsOzbiBJdm9yeV0KU2kgcmVhbG1lbnRlIGxvIG5lY2VzaXRhcwpkZSBpbm1lZGlhdG8sIHB1ZWRvCmZhYnJpY8OhcnRlbG8gc2kgbWUgdHJhZXMKdG9kb3MgbG9zIGluZ3JlZGllbnRlcy4KQXVucXVlIHB1ZWRlbiBzZXIgdW4gcG9jbyBkaWbDrWNpbGVzCmRlIG9idGVuZXIuLi4=
/9AbAQ,,W3swfV0KVGhhdCdzIGZpbmUuIFRoZQppbXBvcnRhbnQgdGhpbmcgZm9yIG1lCmlzIHRvIGdldCB0aGlzIHNvYXAgYXMKc29vbiBhcyBJIHBvc3NpYmx5IGNhbiE=,,,,,W3swfV0KVHVkbyBiZW0uIE8KaW1wb3J0YW50ZSBwYXJhIG1pbQrDqSBjb25zZWd1aXIgZXNzZSBzYWLDo28KbyBtYWlzIHLDoXBpZG8gcG9zc8OtdmVsIQ==,,W3swfV0KRXN0w6EgYmllbi4gwqFMbwppbXBvcnRhbnRlIHBhcmEgbcOtIAplcyBjb25zZWd1aXIgZXN0ZSBqYWLDs24KbG8gYW50ZXMgcG9zaWJsZSE=
ANEbAQ,,W09yZ2FuaWMgU29hcCBNYWtlciBJdm9yeV0KQWxyaWdodCwgZmlyc3QgSSB3YW50CnlvdSB0byBicmluZyBtZSB0aGUgYmFzaWMKc3R1ZmYuIEJyaW5nIHRoZXNlIGl0ZW1zCmluIHRoZSBleGFjdCBhbW91bnRzIEkgYXNrCmZvciwgYWxyaWdodD8gUmF0aW9zIGFyZSBwcmV0dHkKaW1wb3J0YW50IGluIG1ha2luZyBzb2FwLg==,,,,,W0ZhYnJpY2FudGUgZGUgc2Fiw6NvIG9yZ8OibmljbyBJdm9yeV0KTXVpdG8gYmVtLCBwcmltZWlybyBxdWVybwpxdWUgdm9jw6ogbWUgdHJhZ2EgbyBiw6FzaWNvLgpUcmFnYSBlc3NlcyBpdGVucwpuYXMgcXVhbnRpZGFkZXMgZXhhdGFzCnF1ZSBldSBwZWRpciwgY2VydG8/IEFzIHByb3BvcsOnw7VlcyBzw6NvIG11aXRvCmltcG9ydGFudGVzIG5hIGZhYnJpY2HDp8OjbyBkZSBzYWLDo28u,,W01lcmNhZGVyIGRlIGphYsOzbiBJdm9yeV0KQmllbiwgcHJpbWVybyBxdWllcm8KcXVlIG1lIHRyYWlnYXMgbG8KYsOhc2ljby4gVHJhZSBlc3RvcyBvYmpldG9zCmVuIGxhcyBjYW50aWRhZGVzIGV4YWN0YXMKcXVlIHRlIHBpZG8sIMK/c8OtPyBMYXMgcHJvcG9yY2lvbmVzIHNvbiBtdXkKaW1wb3J0YW50ZXMgYWwgaGFjZXIgamFiw7NuLg==
AdEbAQ,,W09yZ2FuaWMgU29hcCBNYWtlciBJdm9yeV0KXjRENERGRjEwIE1pbGteMDAwMDAwLApeNEQ0REZGMTAwIEdyZWVuIEhlcmJzXjAwMDAwMCwKXjRENERGRjUwIEplbGxvcGllc14wMDAwMDAsIGFuZApeNEQ0REZGNSBFbXB0eSBCb3R0bGVzXjAwMDAwMC4KVGhlbiB3ZSBjYW4gbW92ZQpvbiB0byB0aGUgaGFyZCBwYXJ0Lg==,,,,,W0ZhYnJpY2FudGUgZGUgc2Fiw6NvIG9yZ8OibmljbyBJdm9yeV0KXjRENERGRjEwIExlaXRlc14wMDAwMDAsCl40RDRERkYxMDAgRXJ2YXMgdmVyZGVzXjAwMDAwMCwKXjRENERGRjUwIEplbGxvcGllc14wMDAwMDAsIGUKXjRENERGRjUgR2FycmFmYXMgdmF6aWFzXjAwMDAwMC4KRGVwb2lzIGRpc3NvIHBvZGVtb3MgcGFzc2FyCnBhcmEgYSBwYXJ0ZSBtYWlzIGRpZsOtY2lsLg==,,W01lcmNhZGVyIGRlIGphYsOzbiBJdm9yeV0KXjRENERGRjEwIHVuaWRhZGVzIGRlIExlY2hlXjAwMDAwMCwKXjRENERGRjEwMCBIaWVyYmFzIHZlcmRlc14wMDAwMDAsCl40RDRERkY1MCBKZWxsb3B5XjAwMDAwMCB5Cl40RDRERkY1IEJvdGVsbGFzIHZhY8OtYXNeMDAwMDAwLgpMdWVnbyBwb2RyZW1vcyBhdmFuemFyCmEgbGEgcGFydGUgZGlmw61jaWwu
AtEbAQ,,W09yZ2FuaWMgU29hcCBNYWtlciBJdm9yeV0KT2gsIGdyZWF0ISBZb3UgYnJvdWdodApldmVyeXRoaW5nISBOb3cuLi4gSXQncwp0aW1lIGZvciB5b3UgdG8gZG8gdGhlLAp1bSwgaGFyZCBwYXJ0Lg==,,,,,W0ZhYnJpY2FudGUgZGUgc2Fiw6NvIG9yZ8OibmljbyBJdm9yeV0KQWgsIMOzdGltbyEgVm9jw6ogdHJvdXhlCnR1ZG8hIEFnb3JhLi4uIMOJCmhvcmEgZGUgdm9jw6ogZmF6ZXIgYS4uLApodW0sIGEgcGFydGUgZGlmw61jaWwu,,W01lcmNhZGVyIGRlIGphYsOzbiBJdm9yeV0KQWgsIMKhZXhjZWxlbnRlISDCoVRyYWppc3RlCnRvZG8hIEFob3JhLi4uIEVzCmhvcmEgZGUgcXVlIGhhZ2FzLAplaCwgbGEgcGFydGUgZGlmw61jaWwu
A9EbAQ,,W3swfV0KLi4uLi4uLi4uLi4uLi4uLi4uLi4uLi4uLi4uLi4uLgouLi4uLi4uLi4uLi4uLi4uLi4uLi4uLi4uLi4uLi4uCi4uLi4uLi4uLi4uLi4uLi4uLi4uLi4uLi4uLi4uLi4=,,,,,W3swfV0KLi4uLi4uLi4uLi4uLi4uLi4uLi4uLi4uLi4uLi4uLgouLi4uLi4uLi4uLi4uLi4uLi4uLi4uLi4uLi4uLi4uCi4uLi4uLi4uLi4uLi4uLi4uLi4uLi4uLi4uLi4uLi4=,,W3swfV0KLi4uLi4uLi4uLi4uLi4uLi4uLi4uLi4uLi4uLi4uLgouLi4uLi4uLi4uLi4uLi4uLi4uLi4uLi4uLi4uLi4uCi4uLi4uLi4uLi4uLi4uLi4uLi4uLi4uLi4uLi4uLi4=
BNEbAQ,,W09yZ2FuaWMgU29hcCBNYWtlciBJdm9yeV0KUGxlYXNlIHRlbGwgdGhlClNpbGsgU2FuZCBDYW1lbCBmYXJtCm93bmVyIGluIHRvd24gdGhhdCBJIHNlbnQKeW91LCBhbmQgc2hvdyBoaW0gdGhlCmluZ3JlZGllbnRzIHRoYXQgeW91J3ZlCmdhdGhlcmVkIGZvciBtZSBzbyBmYXIu,,,,,W0ZhYnJpY2FudGUgZGUgc2Fiw6NvIG9yZ8OibmljbyBJdm9yeV0KUG9yIGZhdm9yLCBpbmZvcm1lIG8gZG9ubyBkYQpmYXplbmRhIGRlIENhbWVsb3MgZGUgVmVsdWRvCm5hIGNpZGFkZSBxdWUgZXUgZW52aWVpIHZvY8OqCmUgbW9zdHJlIGEgZWxlIG9zCmluZ3JlZGllbnRlcyBxdWUgdm9jw6oKcmV1bml1IHBhcmEgbWltIGF0w6kgYWdvcmEu,,W01lcmNhZGVyIGRlIGphYsOzbiBJdm9yeV0KRGlsZSBhbApkdWXDsW8gZGUgbGEgZ3JhbmphIGRlIGNhbWVsbG9zIGRlIGFyZW5hCmRlIHNlZGEgZGUgbGEgY2l1ZGFkIHF1ZSB5byB0ZSBlbnZpw6kgCnkgbXXDqXN0cmFsZQpsb3MgaW5ncmVkaWVudGVzIHF1ZQp0aWVuZXMgcGFyYSBtw60gaGFzdGEgYWhvcmEu
BdEbAQ,,W3swfV0KV2FpdC4uLgpXaHkgd291bGQgSSB3YW50CnRvIHNlZSB0aGUgZ3V5IHRoYXQKdGFrZXMgY2FyZSBvZiBTaWxrIFNhbmQKQ2FtZWxzPyBXaGF0IGRvZXMgaGUKaGF2ZSB0byBkbyB3aXRoIHNvYXA/,,,,,W3swfV0KRXNwZXJlLi4uClBvciBxdWUgZXUgaXJpYSBxdWVyZXIKdmVyIG8gY2FyYSBxdWUKY3VpZGEgZG9zCkNhbWVsb3MgZGUgVmVsdWRvPyBPIHF1ZSBlbGUKdGVtIGEgdmVyIGNvbSBzYWLDo28/,,W3swfV0KRXNwZXJhLi4uCsK/UG9yIHF1w6kgcXVlcnLDrWEKdmVyIGFsIHRpcG8gcXVlCmN1aWRhIGNhbWVsbG9zIGRlIGFyZW5hCmRlIHNlZGE/IMK/UXXDqSB0aWVuZSBxdWUKdmVyIMOpbCBjb24gZWwgamFiw7NuPw==
BtEbAQ,,W09yZ2FuaWMgU29hcCBNYWtlciBJdm9yeV0KRG9uJ3Qgc3dlYXQgaXQgZm9yIG5vdy4uLgpKdXN0IGdvIHZpc2l0IE1yLiBTYXJhbWFuLAp0aGUgQ2FtZWwgRmFybSBvd25lci4KSSBjYW4ndCB3YWl0IGZvciB5b3UgdGhhdCBsb25nLApzbyBwbGVhc2UgY29tZSBiYWNrIGhlcmUKYXMgc29vbiBhcyBwb3NzaWJsZS4=,,,,,W0ZhYnJpY2FudGUgZGUgc2Fiw6NvIG9yZ8OibmljbyBJdm9yeV0KTsOjbyBzZSBwcmVvY3VwZSBjb20gaXNzbyBwb3IgZW5xdWFudG8uLi4KQXBlbmFzIHbDoSB2aXNpdGFyIG8gU3IuIFNhcmFtYW4sCm8gcHJvcHJpZXTDoXJpbyBkYSBGYXplbmRhIGRlIENhbWVsb3MuCk7Do28gcG9zc28gZmljYXIgZXNwZXJhbmRvIHBvciB2b2PDqiwKZW50w6NvLCBwb3IgZmF2b3IsIHZvbHRlIGFxdWkKbyBtYWlzIHLDoXBpZG8gcG9zc8OtdmVsLg==,,W01lcmNhZGVyIGRlIGphYsOzbiBJdm9yeV0KTm8gdGUgcHJlb2N1cGVzIHBvciBhaG9yYS4uLgpWZSBhIHZlciBhbCBzZcOxb3IgU2FyYW1hbiwKZWwgZHVlw7FvIGRlIGxhIGdyYW5qYSBkZSBjYW1lbGxvcy4KTm8gcHVlZG8gZXNwZXJhcnRlIHRhbnRvLAphc8OtIHF1ZSB0ZSBwaWRvIHF1ZSByZWdyZXNlcwpsbyBhbnRlcyBwb3NpYmxlLg==
B9EbAQ,,W3swfV0KTXIuIFNhcmFtYW4uLi4/Ck9rYXksIHNvIEkgbmVlZCB0byB2aXNpdApoaW0gaWYgSSByZWFsbHkgbmVlZCB5b3UKdG8gbWFrZSB0aGUgc29hcC4uLg==,,,,,W3swfV0KU3IuIFNhcmFtYW4uLi4/CkNlcnRvLCBlbnTDo28gZXUgcHJlY2lzbyB2aXNpdMOhLWxvCnNlIGV1IHJlYWxtZW50ZSBwcmVjaXNhciBkZSB2b2PDqgpwYXJhIGZhemVyIG8gc2Fiw6NvLi4u,,W3swfV0Kwr9FbCBzZcOxb3IgU2FyYW1hbi4uLj8KQmllbiwgZW50b25jZXMgdGVuZ28gcXVlIGlyCmEgdmVybG8gc2kgZGUgdmVyZGFkIG5lY2VzaXRvCnF1ZSBtZSBoYWdhcyBlbCBqYWLDs24uLi4=
CNEbAQ,,W09yZ2FuaWMgU29hcCBNYWtlciBJdm9yeV0KSSBuZWVkIHRvIG1ha2UgbW9yZSBvZgpteSBzb2FwLCBidXQgSSd2ZSBydW4gb3V0Cm9mIGluZ3JlZGllbnRzLiBXZWxsLCB0aGVyZSdzCm5vdCBtdWNoIEkgY2FuIGRvIHdpdGhvdXQgdGhlbSwKc28gbWF5YmUgaXQnZCBiZSBiZXR0ZXIgaWYKSSBqdXN0IGNsb3NlIHVwIHNob3AgdG9kYXkuLi4=,,,,,W0ZhYnJpY2FudGUgZGUgc2Fiw6NvIG9yZ8OibmljbyBJdm9yeV0KUHJlY2lzbyBmYXplciBtYWlzIHNhYsOjbywgbWFzIGVzdG91IHNlbQppbmdyZWRpZW50ZXMuIEJvbSwKbsOjbyBow6EgbXVpdG8gcXVlIGV1IHBvc3NhIGZhemVyIHNlbSBlbGVzLAplbnTDo28gdGFsdmV6IHNlamEgbWVsaG9yCmZlY2hhciBhIGxvamEgaG9qZS4uLg==,,W01lcmNhZGVyIGRlIGphYsOzbiBJdm9yeV0KTmVjZXNpdG8gaGFjZXIgbcOhcwpqYWLDs24sIHBlcm8gbWUgcXVlZMOpIHNpbgppbmdyZWRpZW50ZXMuIEJ1ZW5vLCBubyBoYXkKbXVjaG8gcXVlIHB1ZWRhIGhhY2VyIHNpbiBlbGxvcywKYXPDrSBxdWUgdGFsIHZleiBzZWEgbWVqb3IKY2VycmFyIGxhIHRpZW5kYSBwb3IgaG95Li4u
CdEbAQ,,W09yZ2FuaWMgU29hcCBNYWtlciBJdm9yeV0KSG0sIGRpZCBTb29ueSBnaXZlIHlvdQphbnkgdHJvdWJsZT8gSSdtIGd1ZXNzaW5nCnRoYXQncyB3aHkgaXQncyBiZWVuIHRha2luZwp5b3Ugc28gbG9uZyB0byBnZXQgYWxsIHRoYXQKY2FtZWwgZHVuZyBvdmVyIGhlcmUu,,,,,W0ZhYnJpY2FudGUgZGUgc2Fiw6NvIG9yZ8OibmljbyBJdm9yeV0KSHVtLCBhIFNvb255IGVzdMOhIHRlIGNhdXNhbmRvIGFsZ3VtIHByb2JsZW1hPwpFdSBhY2hvCnF1ZSDDqSBwb3IgaXNzbyBxdWUgZXN0w6EgZGVtb3JhbmRvCnRhbnRvIHBhcmEgdm9jw6ogdHJhemVyIHRvZG8gZXNzZQplc3RydW1lIGRlIGNhbWVsbyBhdMOpIGFxdWku,,W01lcmNhZGVyIGRlIGphYsOzbiBJdm9yeV0KTW1tLCDCv1Nvb255IHRlIGRpbwphbGfDum4gcHJvYmxlbWE/IFN1cG9uZ28gcXVlCmVzIHBvciBlc28gcXVlIHRlIGxsZXbDsyAKdGFudG8gdGllbXBvIHRyYWVyIHRvZG8gZWwKZXN0acOpcmNvbCBkZSBjYW1lbGxvIGFxdcOtLg==
CtEbAQ,,W3swfV0KSXQgd2FzIGEgcHJldHR5IGJpZwpoYXNzbGUuLi4gQnV0IGhvcGVmdWxseSwKdGhpcyB3aWxsIGFsbCBiZSB3b3J0aCBpdC4KQW55d2F5LCB0YWtlIHRoaXMgY2FtZWwKZHVuZy4gSSBkb24ndCB3YW50IHRvCmhhbmRsZSBpdCBmb3IgbXVjaCBsb25nZXIu,,,,,W3swfV0KRm9pIHVtIGdyYW5kZQppbmPDtG1vZG8uLi4gTWFzIGVzcGVybyBxdWUKdHVkbyBpc3NvIHZhbGhhIGEgcGVuYS4KRGUgcXVhbHF1ZXIgZm9ybWEsIHBlZ3VlIGVzc2UKZXN0cnVtZSBkZSBjYW1lbG8uIEV1IG7Do28gcXVlcm8KZmljYXIgY29tIGlzc28gcG9yIG11aXRvIG1haXMgdGVtcG8u,,W3swfV0KRnVlIG11eQplbmdvcnJvc28uLi4gUGVybywgY29uIHN1ZXJ0ZSwKaGFicsOhIHZhbGlkbyBsYSBwZW5hLgpBcXXDrSB0aWVuZXMgZWwgZXN0acOpcmNvbApkZSBjYW1lbGxvLiBObyBxdWllcm8Kc2VndWlyIGxsZXbDoW5kb2xvLg==
C9EbAQ,,W09yZ2FuaWMgU29hcCBNYWtlciBJdm9yeV0KWWVzLCBJIGNhbiB1bmRlcnN0YW5kIHRoYXQuCkV2ZW4gdGhvdWdoIGl0J3MgaW4gYm90dGxlcywKaXQncyBwcmV0dHkgZ3Jvc3MgdGhhdCB0aGVzZQpib3R0bGVzIGFyZSBzdGlsbCB3YXJtLi4uCkFueXdheSwgd2UncmUgZ29vZCB0byBnby4KTGV0IG1lIG1ha2UgeW91IHNvbWUgc29hcH4=,,,,,W0ZhYnJpY2FudGUgZGUgc2Fiw6NvIG9yZ8OibmljbyBJdm9yeV0KU2ltLCBwb3NzbyBlbnRlbmRlciBpc3NvLgpNZXNtbyBxdWUgZXN0ZWphIG5hcyBnYXJyYWZhcywKw6kgbXVpdG8gbm9qZW50byBxdWUgZWxhcyBhaW5kYSBlc3RlamFtIHF1ZW50ZXMuLi4KRGUgcXVhbHF1ZXIgZm9ybWEsIGVzdGFtb3MgcHJvbnRvcy4KRGVpeGUtbWUgZmF6ZXIgdW0gc2Fiw6NvIHBhcmEgdm9jw6oh,,W01lcmNhZGVyIGRlIGphYsOzbiBJdm9yeV0KU8OtLCBsbyBlbnRpZW5kby4KQXVucXVlIGVzdMOpIGVtYm90ZWxsYWRvLAplcyBiYXN0YW50ZSBhc3F1ZXJvc28gcXVlIGxhcwpib3RlbGxhcyBlc3TDqW4gY2FsaWVudGVzLi4uCkRlIHRvZG9zIG1vZG9zLCB5YSBlc3RhbW9zIGxpc3Rvcy4KVGUgZmFicmljYXLDqSBhbGdvIGRlIGphYsOzbi4=
DNEbAQ,,W09yZ2FuaWMgU29hcCBNYWtlciBJdm9yeV0KWW91IHNwZW50IGEgbG90IG9mCnRpbWUgYW5kIGVuZXJneSB0byBnZXQKdGhlc2UsIHNvIEkgd29uJ3QgY2hhcmdlCnlvdSBmb3IgbXkgc2VydmljZS4gQmVzaWRlcywKeW91IGJyb3VnaHQgZW5vdWdoIG1hdGVyaWFscwp0aGF0IEknbGwgaGF2ZSBzb21lIGxlZnQgb3Zlci4=,,,,,W0ZhYnJpY2FudGUgZGUgc2Fiw6NvIG9yZ8OibmljbyBJdm9yeV0KVm9jw6ogZ2FzdG91IG11aXRvCnRlbXBvIGUgZW5lcmdpYSBwYXJhIGNvbnNlZ3Vpcgppc3NvLCBwb3J0YW50bywgbsOjbyBjb2JyYXJlaQpwZWxvIG1ldSBzZXJ2acOnby4gQWzDqW0gZGlzc28sCnZvY8OqIHRyb3V4ZSBtYXRlcmlhbCBzdWZpY2llbnRlCnBhcmEgcXVlIGV1IHRlbmhhIGFsZ3VucyBzb2JyYW5kby4=,,W01lcmNhZGVyIGRlIGphYsOzbiBJdm9yeV0KUGVyZGlzdGUgbXVjaG8KdGllbXBvIHkgZW5lcmfDrWEgcGFyYSBjb25zZWd1aXIKZXN0bywgYXPDrSBxdWUgbm8gdGUgY29icmFyw6kgCnBvciBtaSBzZXJ2aWNpby4gQWRlbcOhcywKdHJhamlzdGUgdGFudG8gbWF0ZXJpYWwKcXVlIG1lIHNvYnJhcsOhIHVuIHBvY28u
DdEbAQ,,XjMzNTVGRk1zLiBJdm9yeSBwdXQgb24gYSBwYWlyCm9mIGxvbmcgZ2xvdmVzLCBhbmQgbWl4ZWQKdGhlIGluZ3JlZGllbnRzLiBTaGUgdGhlbgpwbGFjZWQgdGhlbSBpbiBhIGNsZWFuIGJvdHRsZS5eMDAwMDAw,,,,,XjMzNTVGRkEgU3JhLiBJdm9yeSBjb2xvY291IHVtIHBhcgpkZSBsdXZhcyBsb25nYXMgZSBtaXN0dXJvdQpvcyBpbmdyZWRpZW50ZXMuIEVtIHNlZ3VpZGEsIGVsYSBvcyBjb2xvY291IGVtIHVtYSBnYXJyYWZhIGxpbXBhLl4wMDAwMDA=,,XjMzNTVGRkxhIHNlw7FvcmEgSXZvcnkgc2UgcG9uZSB1biBwYXIKZGUgZ3VhbnRlcyBsYXJnb3MgeSBtZXpjbGEKbG9zIGluZ3JlZGllbnRlcy4gTHVlZ28sCmxvcyBjb2xvY2EgZW4gdW5hIGJvdGVsbGEgbGltcGlhLl4wMDAwMDA=
DtEbAQ,,W09yZ2FuaWMgU29hcCBNYWtlciBJdm9yeV0KSGVyZSdzIHlvdXIgc29hcCEgQWZ0ZXIKeW91IHBvdXIgdGhlIHNvYXAgaW50bwpzb21ldGhpbmcsIGRvbid0IGZvcmdldAp0byBwdXQgaXQgaW50byBhIGxhcmdlciBib3R0bGUKYWZ0ZXIgYWJvdXQgdHdlbnR5IHNlY29uZHMu,,,,,W0ZhYnJpY2FudGUgZGUgc2Fiw6NvIG9yZ8OibmljbyBJdm9yeV0KQXF1aSBlc3TDoSBzZXUgc2Fiw6NvISBEZXBvaXMgZGUKZGVzcGVqYXIgbyBzYWLDo28gZW0KYWxnbywgbsOjbyBzZSBlc3F1ZcOnYQpkZSBjb2xvY8OhLWxvIGVtIHVtYSBnYXJyYWZhIG1haW9yCmFww7NzIGNlcmNhIGRlIHZpbnRlIHNlZ3VuZG9zLg==,,W01lcmNhZGVyIGRlIGphYsOzbiBJdm9yeV0KwqFBcXXDrSB0aWVuZXMgdHUgamFiw7NuISBEZXNwdcOpcwpkZSB2ZXJ0ZXIgZWwgamFiw7NuIGVuCmFsZ28sIG5vIG9sdmlkZXMKcG9uZXJsbyBlbiB1bmEgYm90ZWxsYSBtw6FzIGdyYW5kZQpsdWVnbyBkZSB1bm9zIHZlaW50ZXNlZ3VuZG9zLg==
D9EbAQ,,W09yZ2FuaWMgU29hcCBNYWtlciBJdm9yeV0KQW5kIHVtLi4uIERvbid0IGxldAphbnlvbmUgZWxzZSBrbm93IHdoYXQKSSB1c2UgdG8gbWFrZSB0aGlzIHNvYXAuClBlb3BsZSB3b24ndCBidXkgaXQgaWYgdGhleQprbmV3IHRoZXkgd2VyZSB3YXNoaW5nIHRoZWlyCmZhY2VzIHdpdGguLi4gWW91IGtub3cuLi4=,,,,,W0ZhYnJpY2FudGUgZGUgc2Fiw6NvIG9yZ8OibmljbyBJdm9yeV0KRS4uLiBIdW0uLi4gTsOjbyBkZWl4ZQpuaW5ndcOpbSBtYWlzIHNhYmVyIG8gcXVlCmV1IHVzbyBwYXJhIGZhemVyIGVzc2Ugc2Fiw6NvLgpBcyBwZXNzb2FzIG7Do28gdsOjbyBjb21wcmFyIHNlCnNvdWJlcmVtIHF1ZSBlc3TDo28gbGF2YW5kbwpzZXVzIHJvc3RvcyBjb20uLi4gVm9jw6ogc2FiZS4uLg==,,W01lcmNhZGVyIGRlIGphYsOzbiBJdm9yeV0KWSwgZWguLi4gTm8gbGUgZGlnYXMKYSBuYWRpZSBtw6FzIGxvIHF1ZQp1c28gcGFyYSBoYWNlciBlc3RlIGphYsOzbi4KTGEgZ2VudGUgbm8gbG8gY29tcHJhcsOhIHNpCnNhYmVuIGNvbiBsbyBxdWUgc2UgbGF2YW4KbG9zIHJvc3Ryb3MuLi4gwr9TYWJlcy4uLj8=
ENEbAQ,,W3swfV0KRG9uJ3Qgd29ycnksIEkgd29uJ3QKdGVsbCBhbnlvbmUuIFRoYW5rcwpmb3IgbWFraW5nIHRoZSBzb2FwISA=,,,,,W3swfV0KTsOjbyBzZSBwcmVvY3VwZSwgbsOjbyBjb250YXJlaSBhIG5pbmd1w6ltLgpPYnJpZ2Fkbwpwb3IgZmF6ZXIgbyBzYWLDo28h,,W3swfV0KUXXDqWRhdGUgdHJhbnF1aWxhIHF1ZSBubwpsZSBkaXLDqSBhIG5hZGllLiDCoUdyYWNpYXMKcG9yIGhhY2VyIGVsIGphYsOzbiEg
EdEbAQ,,XjMzNTVGRk5vdyB0aGF0IHlvdSBoYXZlIHRoZQpTaWxrIFNhbmQgQ2FtZWwgU29hcC4KeW91IHNob3VsZCBicmluZyBpdAp0byBNci4gTG9ja2VubG9jay5eMDAwMDAw,,,,,XjMzNTVGRkFnb3JhIHF1ZSB2b2PDqiB0ZW0gbwpTYWLDo28gZGUgQ2FtZWxhIGRlIFZlbHVkbywKdm9jw6ogZGV2ZSBsZXbDoS1sbwpwYXJhIG8gU3IuIExvY2tlbmxvY2suXjAwMDAwMA==,,XjMzNTVGRkFob3JhIHF1ZSB0aWVuZXMgZWwKRWwgamFiw7NuIGRlIGNhbWVsbG8gZGUgYXJlbmEgZGUgc2VkYS4KZGViZXMgbGxldsOhcnNlbG8KYWwgc2XDsW9yIExvY2tlbmxvY2suXjAwMDAwMA==
EtEbAQ,,W09yZ2FuaWMgU29hcCBNYWtlciBJdm9yeV0KXjMzMzMzMypQaGV3ISpeMDAwMDAwIEl0J3MgYmVlbgphIGxvbmcgZGF5LiBJIHRoaW5rCkknbGwgY2xvc2UgdXAgc2hvcCBub3d+,,,,,W0ZhYnJpY2FudGUgZGUgc2Fiw6NvIG9yZ8OibmljbyBJdm9yeV0KXjMzMzMzMypVZmEhKl4wMDAwMDAgRm9pCnVtIGxvbmdvIGRpYS4gQWNobyBxdWUKcXVlIHZvdSBmZWNoYXIgYSBsb2phIGFnb3JhLg==,,W01lcmNhZGVyIGRlIGphYsOzbiBJdm9yeV0KXjMzMzMzMyrCoVVmISpeMDAwMDAwIFBlcm8gcXXDqSAKZMOtYSBsYXJnby4gQ3JlbwpxdWUgZXMgaG9yYSBkZSBjZXJyYXIgbGEgdGllbmRhLg==
E9EbAQ,,W0JlYXV0aWZ1bCBMYWR5XQpIbT8gRGlkIHlvdSBuZWVkCnNvbWV0aGluZz8gSSdtIHN0aWxsCnNldHRpbmcgdXAgc2hvcCBub3cKc28gSSdtIG5vdCByZWFsbHkgcmVhZHkKdG8gc2VsbCBhbnl0aGluZyB5ZXQu,,,,,W0JlYXV0aWZ1bCBMYWR5XQpIdW0/IFZvY8OqIHByZWNpc2EKZGUgYWxndW1hIGNvaXNhPyBBaW5kYSBlc3RvdQptb250YW5kbyBhIGxvamEsCmVudMOjbyBuw6NvIGVzdG91IHByb250YQpwYXJhIHZlbmRlciBuYWRhIGFpbmRhLg==,,W0hlcm1vc2EgZGFtYV0Kwr9NbW0/IMK/TmVjZXNpdGFiYXMKYWxnbz8gQcO6bgplc3RveSBtb250YW5kbyBsYSB0aWVuZGEuCkHDum4gbm8gZXN0b3kgbGlzdGEKcGFyYSB2ZW5kZXIgbmFkYS4=
FNEbAQ,,U2FyYW1hbg==,,,,,U2FyYW1hbg==,,U2FyYW1hbg==
FdEbAQ,,W3swfV0KRXhjdXNlIG1lLiBIZWxsb34KTXMuIEl2b3J5IHNlbnQgbWUKaGVyZSB3aXRoIHRoZXNlIHNvYXAKaW5ncmVkaWVudHM/IFNoZSBzYWlkCkkgaGFkIHRvIGNvbWUgdG8geW91IGlmCkkgd2FudGVkIGhlciB0byBtYWtlIGl0Lg==,,,,,W3swfV0KQ29tIGxpY2Vuw6dhLiBPbMOhIQpBIFNyYS4gSXZvcnkgbWUgZW52aW91CmFxdWkgY29tIGVzc2VzCmluZ3JlZGllbnRlcyBkZSBzYWLDo28uIEVsYSBkaXNzZQpxdWUgZXUgdGluaGEgcXVlIHZpciBhdMOpIHZvY8OqIHNlCmV1IHF1aXNlc3NlIHF1ZSBlbGEgbyBmaXplc3NlLg==,,W3swfV0KRGlzY3VscGEuIEhvbGEuCk1lIGVudsOtYSBsYSBzZcOxb3JhIEl2b3J5CmNvbiBlc3RvcyBpbmdyZWRpZW50ZXMKcGFyYSBqYWLDs24uIERpam8gcXVlCnRlbsOtYSBxdWUgYWN1ZGlyIGEgdGkgc2kKcXVlcsOtYSBxdWUgbG8gaGljaWVyYS4=
FtEbAQ,,W0NhbWVsIEZhcm0gT3duZXIgU2FyYW1hbl0KU29hcCwgZWg/IE9oLCBJIHNlZS4KWW91IG11c3QgYmUgaGVyZSB0byBnZXQKc29tZSBmcmVzaCBjYW1lbCBkdW5nLg==,,,,,W1Byb3ByaWV0w6FyaW8gZGEgRmF6ZW5kYSBkZSBDYW1lbG9zIFNhcmFtYW5dClNhYsOjbywgw6k/IEFoLCBzaW0uClZvY8OqIGRldmUgZXN0YXIgYXF1aSBwYXJhIHBlZ2FyCnVtIHBvdWNvIGRlIGVzdHJ1bWUgZGUgY2FtZWxvIGZyZXNjby4=,,W0NyaWFjYW1lbGxvcyBTYXJhbWFuXQpKYWLDs24sIMK/ZWg/IEFoLCB5YSB2ZW8uClNlZ3VybyB2aW5pc3RlIHBhcmEgY29uc2VndWlyCmVzdGnDqXJjb2wgZnJlc2NvIGRlIGNhbWVsbG8u
F9EbAQ,,W3swfV0KV2gtd2hhdD8KTXkgR29kIQpBLWFyZSB5b3Ugc3VyZT8KVGVsbCBtZSB5b3UncmUgam9raW5nIQ==,,,,,W3swfV0KTyBxdcOqPwpNZXUgRGV1cyEKVGVtIGNlcnRlemE/Cklzc28gc8OzIHBvZGUgc2VyIGJyaW5jYWRlaXJhIQ==,,W3swfV0Kwr9RLXF1w6k/CsKhUXXDqSBhc2NvIQrCv0UtZXN0w6FzIHNlZ3Vybz8KwqFEaW1lIHF1ZSBubyBlcyBjaWVydG8h
GNEbAQ,,W0NhbWVsIEZhcm0gT3duZXIgU2FyYW1hbl0KU3VyZSBhcyBzaW4sIGFuZApob25lc3QgdG8gR29kLg==,,,,,W1Byb3ByaWV0w6FyaW8gZGEgRmF6ZW5kYSBkZSBDYW1lbG9zIFNhcmFtYW5dClBvZGUgYXBvc3RhciBxdWUgZXUgdGVuaG8gY2VydGV6YSE=,,W0NyaWFjYW1lbGxvcyBTYXJhbWFuXQpUYW4gY2llcnRvIGNvbW8gcXVlIG1lCmxsYW1vIFNhcmFtYW4u
GdEbAQ,,W0NhbWVsIEZhcm0gT3duZXIgU2FyYW1hbl0KWWVhaCwgdGhvc2UgaW5ncmVkaWVudHMKeW91IGJyb3VnaHQgbWU/IFRoZXkncmUgZm9yCm1ha2luZyBzb2FwIGFscmlnaHQuIF5GRjAwMDBUaGF0J3MKd2hhdCB3ZSBmZWVkIHRoZSBjYW1lbHNeMDAwMDAwIHNvCnRoYXQgdGhleSBtYWtlIG1ha2UgYSB3aG9sZQpsb3R0YSBkdW5nLiBEdW5nIHRvIG1ha2Ugc29hcC4=,,,,,W1Byb3ByaWV0w6FyaW8gZGEgRmF6ZW5kYSBkZSBDYW1lbG9zIFNhcmFtYW5dClNpbSwgZXNzZXMgaW5ncmVkaWVudGVzCnF1ZSB2b2PDqiBtZSB0cm91eGUgc8OjbyBwYXJhCmZhemVyIHNhYsOjby4gXkZGMDAwMElzc28gw6kKbyBxdWUgZGFtb3MgcGFyYSBvcyBjYW1lbG9zIGNvbWVyZW1eMDAwMDAwCnBhcmEgcXVlIGVsZXMgZmHDp2FtCmJhc3RhbnRlIGVzdHJ1bWUuIEVzdHJ1bWUgcGFyYSBmYXplciBzYWLDo28u,,W0NyaWFjYW1lbGxvcyBTYXJhbWFuXQpTw60sIGVzdG9zIGluZ3JlZGllbnRlcwpxdWUgbWUgdHJhamlzdGUgc29uIHBhcmEKaGFjZXIgamFiw7NuLiBeRkYwMDAwRXN0byBlcyBjb24gbG8KcXVlIGFsaW1lbnRhbW9zIGEgbG9zIGNhbWVsbG9zXjAwMDAwMApwYXJhIHF1ZSBoYWdhbiBlc3Rpw6lyY29sIGRlCmEgbW9udG9uZXMuIGVzdGnDqXJjb2wgcGFyYSBoYWNlciBqYWLDs24u
GtEbAQ,,W0NhbWVsIEZhcm0gT3duZXIgU2FyYW1hbl0KT2gsIGRvbid0IHdvcnJ5LiBDYW1lbApkdW5nIGlzIHN0ZXJpbGUsIGNvbXBsZXRlbHkKc2FmZS4gSW4gZmFjdCwgaXQgc21lbGxzIG5pY2UsCmhhcyBtZWRpY2luYWwgcHJvcGVydGllcywgYW5kCml0J3MgY29uc2lkZXJlZCBhIGRlbGljYWN5CmluIGNlcnRhaW4gY291bnRyaWVzLg==,,,,,W1Byb3ByaWV0w6FyaW8gZGEgRmF6ZW5kYSBkZSBDYW1lbG9zIFNhcmFtYW5dCkFoLCBuw6NvIHNlIHByZW9jdXBlLiBPIGVzdHJ1bWUgZGUgY2FtZWxvCsOpIGVzdMOpcmlsLCBjb21wbGV0YW1lbnRlCnNlZ3Vyby4gTmEgdmVyZGFkZSwgZWxlIHRlbSB1bSBjaGVpcm8gYWdyYWTDoXZlbCwKdGVtIHByb3ByaWVkYWRlcyBtZWRpY2luYWlzIGUKw6kgY29uc2lkZXJhZG8gdW1hIGlndWFyaWEKZW0gYWxndW5zIHBhw61zZXMu,,W0NyaWFjYW1lbGxvcyBTYXJhbWFuXQpPaCwgbm8gdGUgcHJlb2N1cGVzLiBFbCBlc3Rpw6lyY29sCmRlIGNhbWVsbG8gZXMgZXN0w6lyaWwgeSBjb21wbGV0YW1lbnRlCnNlZ3Vyby4gRGUgaGVjaG8sIGh1ZWxlIGJpZW4sCnRpZW5lIHByb3BpZWRhZGVzIG1lZGljaW5hbGVzIHkKc2UgY29uc2lkZXJhIHVuIG1hbmphcgplbiBjaWVydG9zIHBhw61zZXMu
G9EbAQ,,W0NhbWVsIEZhcm0gT3duZXIgU2FyYW1hbl0KU2FkbHksIFNpbGsgU2FuZCBDYW1lbHMKYXJlIGFsbW9zdCBleHRpbmN0LCBzbyBJIG9ubHkKaGF2ZSBvbmUgb24gdGhpcyBmYXJtLiBUaGF0J3MKd2h5IHdlIGhhdmUgYSBzcGVjaWFsIGNvbnRyYWN0XkZGRkZGRiAgICBeMDAwMDAwIHdpdGggTXMuIEl2b3J5IHRvIG1ha2UgaGVyIHNvYXAu,,,,,W1Byb3ByaWV0w6FyaW8gZGEgRmF6ZW5kYSBkZSBDYW1lbG9zIFNhcmFtYW5dCkluZmVsaXptZW50ZSwgb3MgQ2FtZWxvcyBkZSBWZWx1ZG8KZXN0w6NvIHF1YXNlIGV4dGludG9zLCBlbnTDo28gc8OzIHRlbmhvCnVtIG5lc3RhIGZhemVuZGEuIFBvciBpc3NvCm7Ds3MgdGVtb3MgdW0gY29udHJhdG8gZXNwZWNpYWxeRkZGRkZGIF4wMDAwMDAgY29tIGEgU3JhLiBJdm9yeSBwYXJhIGZhemVyIHNldSBzYWLDo28u,,W0NyaWFjYW1lbGxvcyBTYXJhbWFuXQpQb3IgZGVzZ3JhY2lhLCBsb3MgY2FtZWxsb3MgZGUgYXJlbmEgZGUgc2VkYQplc3TDoW4gY2FzaSBleHRpbnRvcywgYXPDrSBxdWUgc29sbwp0ZW5nbyB1bm8gZW4gZXN0YSBncmFuamEuIEVzIHBvciBlc28gcXVlCnRlbmVtb3MgdW4gY29udHJhdG8gZXNwZWNpYWxeRkZGRkZGICAgIF4wMDAwMDAgY29uIGxhIHNlw7FvcmEgSXZvcnkgcGFyYSBoYWNlciBzdSBqYWLDs24u
HNEbAQ,,W0NhbWVsIEZhcm0gT3duZXIgU2FyYW1hbl0KU2F5Li4uIEkgd2Fzbid0IGV4cGVjdGluZwpoZXIgdG8gc2VuZCBhIGRlbGl2ZXJ5bWFuCnVudGlsIHRvbW9ycm93LiBXaHkgYXJlCnlvdSBoZXJlIHNvIGVhcmx5IGFueXdheT8=,,,,,W1Byb3ByaWV0w6FyaW8gZGEgRmF6ZW5kYSBkZSBDYW1lbG9zIFNhcmFtYW5dCk1hcyBkaWdhLi4uIEV1IG7Do28gZXN0YXZhIGVzcGVyYW5kbwpxdWUgZWxhIGVudmlhc3NlIHVtIGVudHJlZ2Fkb3IKYXTDqSBhbWFuaMOjLiBQb3IgcXVlIHZvY8OqIHZlaW8gYXF1aSB0w6NvIGNlZG8/,,W0NyaWFjYW1lbGxvcyBTYXJhbWFuXQpEaW1lLi4uIE5vIGVzcGVyYWJhIHF1ZQplbnZpYXJhIGEgdW4gcmVwYXJ0aWRvcgpoYXN0YSBtYcOxYW5hLiDCv1BvciBxdcOpIAp2aW5pc3RlIHRhbiBwcm9udG8/
HdEbAQ,,W3swfV0KQWN0dWFsbHksIHRoaXMgaXMga2luZApvZiBhbiBlbWVyZ2VuY3kuIFlvdSBzZWUsCkkgbmVlZCB0aGUgc29hcCB0byBtYWtlIGEKa2V5IG1vbGQgYmVjYXVzZSBJIGxvc3QtLQ==,,,,,W3swfV0KTmEgdmVyZGFkZSwgaXNzbyDDqSBtZWlvIHF1ZSB1bWEgZW1lcmfDqm5jaWEuIFZlamEsCmV1IHByZWNpc28gZG8gc2Fiw6NvIHBhcmEgZmF6ZXIgdW0KbW9sZGUgZGUgY2hhdmUgcG9ycXVlIHBlcmRpLi4u,,W3swfV0KRW4gcmVhbGlkYWQsIHNlIHRyYXRhCmRlIHVuYSBlbWVyZ2VuY2lhLiBWZXLDoXMsCm5lY2VzaXRvIGVsIGphYsOzbiBwYXJhIGhhY2VyIHVuCm1vbGRlIGRlIGxsYXZlIHBvcnF1ZSBwZXJkw60uLi4=
HtEbAQ,,W0NhbWVsIEZhcm0gT3duZXIgU2FyYW1hbl0KTmV2ZXIgbWluZCwgbmV2ZXIgbWluZC4KSSdtIHNvcnJ5IEkgYXNrZWQhIFNvIHRoaXMKaXMgYSBwZXJzb25hbCBmYXZvciBmb3IgeW91LApodWg/IFdlbGwsIHRoZXJlJ3MgYSBiaXQgb2YKYSBwcm9ibGVtIHRoYXQgd2UgbmVlZCB0bwpzb2x2ZSBmaXJzdC4gTGlzdGVuIHVwLi4u,,,,,W1Byb3ByaWV0w6FyaW8gZGEgRmF6ZW5kYSBkZSBDYW1lbG9zIFNhcmFtYW5dCk7Do28gc2UgcHJlb2N1cGUsIG7Do28gaW1wb3J0YS4KTWUgZGVzY3VscGUgcG9yIHRlciBwZXJndW50YWRvISBFbnTDo28sIGlzc28Kw6kgdW0gZmF2b3IgcGVzc29hbCBwYXJhIHZvY8OqLApuw6NvIMOpPyBCZW0sIGjDoSB1bSBwZXF1ZW5vCnByb2JsZW1hIHF1ZSBwcmVjaXNhbW9zCnJlc29sdmVyIHByaW1laXJvLiBPdcOnYS4uLg==,,W0NyaWFjYW1lbGxvcyBTYXJhbWFuXQpPbHbDrWRhbG8sIG5vIGltcG9ydGEuCsKhU2llbnRvIGhhYmVyIHByZWd1bnRhZG8hIEVudG9uY2VzLAplcyB1biBmYXZvciBwZXJzb25hbCBwYXJhIHRpLArCv2VoPyBCdWVubywgaGF5IHVuIHBlcXVlw7FvCnByb2JsZW1hIHF1ZSB0ZW5lbW9zIHF1ZQpyZXNvbHZlciBwcmltZXJvLiBFc2N1Y2hhLi4u
H9EbAQ,,W0NhbWVsIEZhcm0gT3duZXIgU2FyYW1hbl0KV2UgY2FuIG9ubHkgZ2V0IGNhbWVsCmR1bmcgYWZ0ZXIgYSBjYW1lbCBlYXRzLApyaWdodD8gV2VsbCwgbXkgY2FtZWwgaXNuJ3QKdXNlZCB0byBlYXRpbmcgc28gbGF0ZSBpbiB0aGUKZGF5LiBFdmVuIGlmIHdlIHB1dCBmb29kIGluCmZyb250IG9mIGhlciwgc2hlIHdvbid0IGVhdCBpdC4=,,,,,W1Byb3ByaWV0w6FyaW8gZGEgRmF6ZW5kYSBkZSBDYW1lbG9zIFNhcmFtYW5dClPDsyBwb2RlbW9zIG9idGVyIGVzdHJ1bWUgZGUgY2FtZWxvCmRlcG9pcyBxdWUgbyBjYW1lbG8gY29tZSwKY2VydG8/IEJlbSwgbWluaGEgY2FtZWxhIG7Do28gZXN0w6EKYWNvc3R1bWFkYSBhIGNvbWVyIHTDo28gdGFyZGUgbm8KZGlhLiBNZXNtbyBzZSBjb2xvY2FybW9zIGNvbWlkYQpuYSBmcmVudGUgZGVsYSwgZWxhIG7Do28gdmFpIGNvbWVyLg==,,W0NyaWFjYW1lbGxvcyBTYXJhbWFuXQpTb2xvIHNlIGNvbnNpZ3VlIGVzdGnDqXJjb2wKZGUgY2FtZWxsbyBkZXNwdcOpcyBkZSBxdWUgY29tZW4sCsK/dmVyZGFkPyBCdWVubywgbWkgY2FtZWxsYSBubwpzdWVsZSBjb21lciB0YW4gdGFyZGUgZHVyYW50ZSBlbApkw61hLiBBdW5xdWUgcG9uZ2Ftb3MgY29taWRhCmZyZW50ZSBhIGVsbGEsIG5vIGxhIGNvbWVyw6Eu
INEbAQ,,W3swfV0KV2hhdD8gSXNuJ3QgdGhlcmUKc29tZXRoaW5nIHdlIGNhbiBkbz8KSSBtZWFuLCBJJ20gdGFsa2luZyBhYm91dAphIGxpZmUgb3IgZGVhdGggbWF0dGVyIQ==,,,,,W3swfV0KTyBxdcOqPwpFIG7Do28gdGVtIG5hZGEgcXVlIHBvZGVtb3MgZmF6ZXI/ClF1ZXJvIGRpemVyLMOpIHVtYSBxdWVzdMOjbyBkZSB2aWRhIG91IG1vcnRlIQ==,,W3swfV0Kwr9RdcOpPyDCv05vIGhheQpuYWRhIHF1ZSBwb2RhbW9zIGhhY2VyPwpBIHZlciwgwqFlcyB1bgphc3VudG8gZGUgdmlkYSBvIG11ZXJ0ZSE=
IdEbAQ,,W0NhbWVsIEZhcm0gT3duZXIgU2FyYW1hbl0KV2VsbCwgd2UgY2FuJ3QgZm9yY2VmZWVkCmhlciwgYnV0IHdlIGNhbiBnZXQgaGVyIHRvCm11bmNoIGEgYml0IG9uIHNvbWUgYXBwZXRpdGUKc3RpbXVsYW50LiBJIHVzdWFsbHkgdXNlIHRoYXQKaWYgc2hlJ3Mgc2ljaywgYnV0IGlmIHlvdSBzYXkKdGhhdCB0aGlzIGlzIGFuIGVtZXJnZW5jeS4uLg==,,,,,W1Byb3ByaWV0w6FyaW8gZGEgRmF6ZW5kYSBkZSBDYW1lbG9zIFNhcmFtYW5dCkJlbSwgbsOjbyBwb2RlbW9zIGZvcsOnw6EtbGEgYSBjb21lciwKbWFzIHBvZGVtb3MgZGFyIHBhcmEgZWxhCnVtIHBvdWNvIGRlIGVzdGltdWxhbnRlIGRlIGFwZXRpdGUuCkV1IGNvc3R1bW8gdXNhciBpc3NvCnF1YW5kbyBlbGEgZmljYSBkb2VudGUsIG1hcyBzZSB2b2PDqiBlc3TDoSBkaXplbmRvCnF1ZSBzZSB0cmF0YSBkZSB1bWEgZW1lcmfDqm5jaWEuLi4=,,W0NyaWFjYW1lbGxvcyBTYXJhbWFuXQpCdWVubywgbm8gcG9kZW1vcyBvYmxpZ2FybGEKYSBjb21lciwgcGVybyBwb2RlbW9zIGhhY2VyCnF1ZSBwaXF1ZSBhbGdvIGNvbiB1biBlc3RpbXVsYW50ZQpkZSBhcGV0aXRvLiBTdWVsbyB1c2FybG8gY3VhbmRvCmVzdMOhIGVuZmVybWEsIHBlcm8gc2kgZGljZXMKcXVlIGVzdG8gZXMgdW5hIGVtZXJnZW5jaWEuLi4=
ItEbAQ,,W0NhbWVsIEZhcm0gT3duZXIgU2FyYW1hbl0KQWxyaWdodCwgSSBndWVzcyB3ZQpjYW4gdHJ5IGl0LiBCdXQgSSB3YW50IHlvdQp0byBicmluZyBtZSB0aGUgaW5ncmVkaWVudHMuCkdldCBtZS4uLiBMZXQncyBzZWUgbm93Li4u,,,,,W1Byb3ByaWV0w6FyaW8gZGEgRmF6ZW5kYSBkZSBDYW1lbG9zIFNhcmFtYW5dClR1ZG8gYmVtLCBhY2hvIHF1ZSBwb2RlbW9zCnRlbnRhci4gTWFzIGV1IHF1ZXJvIHF1ZSB2b2PDqgptZSB0cmFnYSBvcyBpbmdyZWRpZW50ZXMuClRyYWdhLi4uIEFnb3JhIHZlamFtb3MuLi4=,,W0NyaWFjYW1lbGxvcyBTYXJhbWFuXQpFc3TDoSBiaWVuLCBjcmVvIHF1ZQpwb2RlbW9zIHByb2JhcmxvLiBQZXJvIHF1aWVybyBxdWUKbWUgdHJhaWdhcyBsb3MgaW5ncmVkaWVudGVzLgpDb25zw61ndWVtZS4uLiBWZWFtb3MuLi4=
I9EbAQ,,W0NhbWVsIEZhcm0gT3duZXIgU2FyYW1hbl0KXjRENERGRjEgVW5yaXBlIEFwcGxlXjAwMDAwMCwKXjRENERGRjUgTW9uc3RlcidzIEZlZWReMDAwMDAwLApeNEQ0REZGMSBFbXB0eSBCb3R0bGVeMDAwMDAwLCBhbmQKXjRENERGRjEgWWVsbG93IFBvdGlvbl4wMDAwMDAu,,,,,W1Byb3ByaWV0w6FyaW8gZGEgRmF6ZW5kYSBDYW1lbCBTYXJhbWFuXQpeNEQ0REZGMSBNYcOnw6MgVmVyZGVeMDAwMDAwLApeNEQ0REZGNSBSYcOnw7VlcyBwYXJhIE1vbnN0cm9eMDAwMDAwLApeNEQ0REZGMSBHYXJyYWZhIFZhemlhXjAwMDAwMCwgZQpeNEQ0REZGMSBQb8Onw6NvIEFtYXJlbGFeMDAwMDAwLg==,,W0NyaWFjYW1lbGxvcyBTYXJhbWFuXQpeNEQ0REZGMSBNYW56YW5hIGlubWFkdXJhXjAwMDAwMCwKXjRENERGRjUgQ29taWRhcyBwYXJhIG1vbnN0cnVvc14wMDAwMDAsCl40RDRERkYxIEJvdGVsbGEgdmFjw61hXjAwMDAwMCB5Cl40RDRERkYxIFBvY2nDs24gYW1hcmlsbGFeMDAwMDAwLg==
JNEbAQ,,W1NhcmFtYW5dClp6enp6Li4uClp6ei4uLiBaenp6enouLi4=,,,,,W1NhcmFtYW5dClp6enp6Li4uClp6ei4uLiBaenp6enouLi4=,,W1NhcmFtYW5dClp6enp6Li4uClp6ei4uLiBaenp6enouLi4=
JdEbAQ,,W0NhbWVsIEZhcm0gT3duZXIgU2FyYW1hbl0KT2ggZ29vZCwgeW91J3JlIGJhY2suCkRpZCB5b3UgYnJpbmcgZXZlcnl0aGluZz8KSGVyZSwgSSBuZWVkIHRvIG1peCBpdCBhbGwKdG9nZXRoZXIgZmlyc3QgYmVmb3JlIHlvdQpjYW4gZmVlZCBpdCB0byBteSBjYW1lbC4KSnVzdCBhIG1pbnV0ZSBub3cuLi4=,,,,,W1Byb3ByaWV0w6FyaW8gZGEgRmF6ZW5kYSBkZSBDYW1lbG9zIFNhcmFtYW5dCkFoLCBxdWUgYm9tLCB2b2PDqiB2b2x0b3UuClRyb3V4ZSB0dWRvPwpBcXVpLCBldSBwcmVjaXNvIG1pc3R1cmFyIHR1ZG8KcHJpbWVpcm8gYW50ZXMgZGUgdm9jw6oKYWxpbWVudGFyIGEgbWluaGEgY2FtZWxhLgpTw7MgdW0gbWludXRvIGFnb3JhLi4u,,W0NyaWFjYW1lbGxvcyBTYXJhbWFuXQpRdcOpIGJpZW4sIHZvbHZpc3RlLgrCv1RyYWppc3RlIHRvZG8/CkJpZW4sIHByaW1lcm8gdGVuZ28gcXVlIG1lemNsYXIKdG9kbyBhbnRlcyBkZSBxdWUKc2UgbG8gZGVzIGRlIGNvbWVyIGEgbWkgY2FtZWxsYS4KRGFtZSB1biBzZWd1bmRvLi4u
JtEbAQ,,XjMzNTVGRlNhcmFtYW4gbWl4ZWQgYWxsCm9mIHRoZSBpbmdyZWRpZW50cywKYW5kIGdpbmdlcmx5IHBvdXJlZAp0aGVtIGludG8gYSBib3R0bGUuXjAwMDAwMA==,,,,,XjMzNTVGRlNhcmFtYW4gbWlzdHVyb3UgdG9kb3MKb3MgaW5ncmVkaWVudGVzLAplIGdlbnRpbG1lbnRlIG9zIGNvbG9jb3UgZW0gdW1hIGdhcnJhZmEuCl4wMDAwMDA=,,XjMzNTVGRlNhcmFtYW4gbWV6Y2xhIHRvZG9zCmxvcyBpbmdyZWRpZW50ZXMKeSBsb3MgdmllcnRlIGNvbiBjdWlkYWRvCmVuIHVuYSBib3RlbGxhLl4wMDAwMDA=
J9EbAQ,,W0NhbWVsIEZhcm0gT3duZXIgU2FyYW1hbl0KQWxyaWdodCwgbm93IGJyaW5nCnRoaXMgdG8gdGhlIGNhbWVscyBvdmVyCnRoZXJlLiBPbmx5IG15IFNpbGsgU2FuZApDYW1lbCB3aWxsIGtub3cgdG8gZWF0IGl0LApzbyBzaGUnbGwgY29tZSBhZnRlciB5b3Uu,,,,,W1Byb3ByaWV0w6FyaW8gZGEgRmF6ZW5kYSBkZSBDYW1lbG9zIFNhcmFtYW5dCk11aXRvIGJlbSwgYWdvcmEgbGV2ZQppc3NvIHBhcmEgb3MgY2FtZWxvcyBhbGkuClNvbWVudGUgYSBtaW5oYSBDYW1lbGEgZGUgVmVsdWRvIHNhYmVyw6EgY29tbyBjb21lciBpc3NvLAplbnTDo28gZWxhIHZpcsOhIGF0csOhcyBkZSB2b2PDqi4=,,W0NyaWFjYW1lbGxvcyBTYXJhbWFuXQpCaWVuLCBhaG9yYSBsbMOpdmFsZXMKZXN0byBhIGxvcyBjYW1lbGxvcyBkZQphaMOtLiBTb2xvIG1pIGNhbWVsbGEgZGUgYXJlbmEKZGUgc2VkYSBzYWJyw6EgcXVlIHNlIGNvbWUsCmFzw60gcXVlIGlyw6EgaGFjaWEgdGku
KNEbAQ,,W0NhbWVsIEZhcm0gT3duZXIgU2FyYW1hbl0KT25jZSBzaGUgbmliYmxlcyB0aGlzCmFwcGV0aXRlIHN0aW11bGFudCwgc2hlJ2xsCmVhdCBoZXIgZmVlZCBsaWtlIGNyYXp5LgpUaGVuIHRoZSBkdW5nIHdpbGwgZmxvdwpsaWtlIGEgZmF1Y2V0LiBDb21lIG9uLAp3aHkgZG9uJ3QgeW91IGdpdmUgaXQgYSB0cnk/,,,,,W1Byb3ByaWV0w6FyaW8gZGEgRmF6ZW5kYSBkZSBDYW1lbG9zIFNhcmFtYW5dClF1YW5kbyBlbGEgbW9yZGVyIGVzc2UKZXN0aW11bGFudGUgZGUgYXBldGl0ZSwgZWxhCnZhaSBjb21lciBhIHJhw6fDo28gY29tbyB1bWEgbG91Y2EuCkVudMOjbyBvIGVzdHJ1bWUgZmx1aXLDoQpjb21vIHVtYSB0b3JuZWlyYS4gVmFtb3MgbMOhLApwb3IgcXVlIHZvY8OqIG7Do28gZXhwZXJpbWVudGE/,,W0NyaWFjYW1lbGxvcyBTYXJhbWFuXQpBcGVuYXMgbGUgZMOpIHVuIG1vcmRpc2NvCmFsIGVzdGltdWxhbnRlIGRlIGFwZXRpdG8sCmNvbWVyw6EgZWwgYWxpbWVudG8gY29tbyBsb2NhLgpMdWVnbywgZWwgZXN0acOpcmNvbCBzYWxkcsOhIApjb21vIGFndWEgZGUgZ3JpZm8uIFZhbW9zLArCv3BvciBxdcOpIG5vIGxvIGludGVudGFzPw==
KdEbAQ,,W0NhbWVsIEZhcm0gT3duZXIgU2FyYW1hbl0KT2gsIHJpZ2h0LiBZb3Ugc2hvdWxkCmJlIGFibGUgdG8gZ2V0IDUgbHVtcHMKb2YgY2FtZWwgZHVuZyB3aXRoIHRob3NlCmluZ3JlZGllbnRzLiBUaGF0J3MgYSBnb29kCmFtb3VudCB0byBjb2xsZWN0IHNpbmNlIHRoYXQncwp3aGF0IE1zLiBJdm9yeSB1c3VhbGx5IG9yZGVycy4=,,,,,W1Byb3ByaWV0w6FyaW8gZGEgRmF6ZW5kYSBkZSBDYW1lbG9zIFNhcmFtYW5dCkFoLCBjbGFyby4gVm9jw6ogZGV2ZQpzZXIgY2FwYXogZGUgb2J0ZXIgNSBibG9jb3MgZGUgZXN0cnVtZSBkZSBjYW1lbG8gY29tIGVzc2VzCmluZ3JlZGllbnRlcy4gRXNzYSDDqSB1bWEgYm9hCnF1YW50aWRhZGUgcGFyYSBjb2xldGFyLCBqw6EgcXVlIMOpCm8gcXVlIGEgU3JhLiBJdm9yeSBjb3N0dW1hIHBlZGlyLg==,,W0NyaWFjYW1lbGxvcyBTYXJhbWFuXQpFc3TDoSBiaWVuLiBUaWVuZXMgcXVlCnBvZGVyIGNvbnNlZ3VpciA1IHRyb3pvcwpkZSBlc3Rpw6lyY29sIGRlIGNhbWVsbG8gY29uIGVzb3MKaW5ncmVkaWVudGVzLiBFc2EgZXMgdW5hIGJ1ZW5hCmNhbnRpZGFkLCB5YSBxdWUgZXMgbG8gcXVlCnN1ZWxlIHBlZGlyIGxhIHNlw7FvcmEgSXZvcnku
KtEbAQ,,W3swfV0KTXIuIFNhcmFtYW4sIG5vbmUKb2YgdGhlIGNhbWVscyB3aWxsIGVhdAp0aGlzIGFwcGV0aXRlIHN0aW11bGFudC4uLgpBbSBJIGRvaW5nIHNvbWV0aGluZyB3cm9uZz8=,,,,,W3swfV0KU3IuIFNhcmFtYW4sIG5lbmh1bQpkb3MgY2FtZWxvcyBlc3TDoSBxdWVyZW5kbyBjb21lcgplc3NlIGVzdGltdWxhbnRlIGRlIGFwZXRpdGUuLi4KRXN0b3UgZmF6ZW5kbyBhbGdvIGVycmFkbz8=,,W3swfV0Kc2XDsW9yIFNhcmFtYW4sIG5pbmd1bm8KZGUgbG9zIGNhbWVsbG9zIGNvbWUKZWwgZXN0aW11bGFudGUgZGUgYXBldGl0by4uLgrCv0VzdG95IGhhY2llbmRvIGFsZ28gbWFsPw==
K9EbAQ,,W0NhbWVsIEZhcm0gT3duZXIgU2FyYW1hbl0KT2gsIHllcywgd2VsbC4uLgpPbmUgb2YgbXkgd29ya2VycwpqdXN0IGNhbWUgYnksIGFuZCB0b2xkIG1lCnRoYXQgbXkgU2lsayBTYW5kIENhbWVsCmRpc2FwcGVhcmVkIHNvbWV3aGVyZS4uLgpUaGlzIGlzIHRlcnJpYmxlIG5ld3Mh,,,,,W1Byb3ByaWV0w6FyaW8gZGEgRmF6ZW5kYSBkZSBDYW1lbG9zIFNhcmFtYW5dCkFoLCBzaW0sIGJlbS4uLgpVbSBkb3MgbWV1cyBmdW5jaW9uw6FyaW9zCmFjYWJvdSBkZSB2aXIgYXF1aSBlIGRpc3NlCnF1ZSBtaW5oYSBDYW1lbGEgZGUgVmVsdWRvCmRlc2FwYXJlY2V1IGVtIGFsZ3VtIGx1Z2FyLi4uCsOJIHVtYSBub3TDrWNpYSB0ZXJyw612ZWwh,,W0NyaWFjYW1lbGxvcyBTYXJhbWFuXQpBaCwgc8OtLCBidWVuby4uLgpVbm8gZGUgbWlzIHRyYWJhamFkb3JlcwphY2FiYSBkZSB2ZW5pciB5IG1lIGRpam8KcXVlIG1pIGNhbWVsbGEgZGUgYXJlbmEgZGUgc2VkYQpkZXNhcGFyZWNpw7MgZW4gYWxndW5hIHBhcnRlLi4uCsKhRXMgdW5hIG5vdGljaWEgdGVycmlibGUh
LNEbAQ,,W0NhbWVsIEZhcm0gT3duZXIgU2FyYW1hbl0KTXkgcHJlY2lvdXMgU2lsayBTYW5kCkNhbWVsLi4uIEl0J3MgbXkgYmlnZ2VzdApidXNpbmVzcyBpbnZlc3RtZW50ISBJJ20KcnVpbmVkIHdpdGhvdXQgaXQhIFBsZWFzZS4uLgpJJ2xsIHJld2FyZCB5b3UgaWYgeW91IGNhbgpmaW5kIG15IGNhbWVsIGZvciBtZSE=,,,,,W1Byb3ByaWV0w6FyaW8gZGEgRmF6ZW5kYSBkZSBDYW1lbG9zIFNhcmFtYW5dCk1pbmhhIHByZWNpb3NhIENhbWVsYSBkZSBWZWx1ZG8uLi4gw4kgbWV1IG1haW9yCmludmVzdGltZW50byBjb21lcmNpYWwhIEVzdG91CmFycnVpbmFkbyBzZW0gZWxhISBQb3IgZmF2b3IuLi4KRXUgbyByZWNvbXBlbnNhcmVpIHNlIHZvY8OqIHB1ZGVyCmVuY29udHJhciBtaW5oYSBjYW1lbGEh,,W0NyaWFjYW1lbGxvcyBTYXJhbWFuXQpNaSBwcmVjaW9zYSBjYW1lbGxhIGRlIGFyZW5hCmRlIHNlZGEuLi4gwqFFcyBtaSBtYXlvcgppbnZlcnNpw7NuIGNvbWVyY2lhbCEgwqFFc3RveQphcnJ1aW5hZG8gc2luIGVsbGEhIFBvciBmYXZvci4uLgrCoVRlIHJlY29tcGVuc2Fyw6kgc2kgcHVlZGVzCmVuY29udHJhciBhIG1pIGNhbWVsbGEh
LdEbAQ,,W0NhbWVsIEZhcm0gT3duZXIgU2FyYW1hbl0KRGFtbiBpdCEgTXkgc3R1cGlkIHdvcmtlcgpmb3Jnb3QgdG8gdGllIGhlciB1cCwgc28Kc2hlIGVuZGVkIHVwIHJ1bm5pbmcgYXdheSEKVWdoISBQbGVhc2UgaGVscCBtZSBmaW5kIGhlciEKV2l0aG91dCBoZXIsIHlvdSB3b24ndCBiZSBhYmxlCnRvIGdldCB5b3VyIHNwZWNpYWwgY2FtZWwgZHVuZy4=,,,,,W1Byb3ByaWV0w6FyaW8gZGEgRmF6ZW5kYSBkZSBDYW1lbG9zIFNhcmFtYW5dCkRyb2dhISBNZXUgZnVuY2lvbsOhcmlvIGVzdMO6cGlkbwplc3F1ZWNldSBkZSBhbWFycsOhLWxhLCBlbnTDo28KZWxhIGFjYWJvdSBmdWdpbmRvIQpVZ2ghIFBvciBmYXZvciwgbWUgYWp1ZGUgYSBlbmNvbnRyw6EtbGEhClNlbSBlbGEsIHZvY8OqIG7Do28gcG9kZXLDoQpvYnRlciBzZXUgZXN0cnVtZSBkZSBjYW1lbG8gZXNwZWNpYWwu,,W0NyaWFjYW1lbGxvcyBTYXJhbWFuXQrCoU1hbGRpdGEgc2VhISDCoU1pIGVzdMO6cGlkbyBlbXBsZWFkbwpvbHZpZMOzIGF0YXJsYSwgYXPDrSBxdWUKaHV5w7MhCsKhVWYhIMKhQXnDumRhbWUgYSBlbmNvbnRyYXJsYSEKU2luIGVsbGEsIG5vIHBvZHLDoXMKY29uc2VndWlyIGVsIGVzdGnDqXJjb2wgZXNwZWNpYWwgZGUgY2FtZWxsby4=
LtEbAQ,,W0NhbWVsIEZhcm0gT3duZXIgU2FyYW1hbl0KV2FpdCwgZG9uJ3QgcGFuaWMuLi4KSXQnbGwgYWxsIGJlIGFscmlnaHQuClRoaXMgY2FtZWwgbW92ZXMgdmVyeSBzbG93bHkKc28gc2hlIHNob3VsZG4ndCBiZSBmYXIgZnJvbQpoZXJlLiBQbGVhc2UgZmluZCBteSBjYW1lbApTb29ueSBhcyBzb29uIGFzIHlvdSBjYW4h,,,,,W1Byb3ByaWV0w6FyaW8gZGEgRmF6ZW5kYSBkZSBDYW1lbG9zIFNhcmFtYW5dCkVzcGVyZSwgbsOjbyBlbnRyZSBlbSBww6JuaWNvLi4uClZhaSBkYXIgdHVkbyBjZXJ0by4KRXNzYSBjYW1lbGEgc2UgbW92ZSBtdWl0byBkZXZhZ2FyLAplbnTDo28gZWxhIG7Do28gZGV2ZSBlc3RhciBsb25nZSBkYXF1aS4KUG9yIGZhdm9yLCBlbmNvbnRyZSBtaW5oYSBjYW1lbGEKU29vbnkgbyBtYWlzIHLDoXBpZG8gcG9zc8OtdmVsIQ==,,W0NyaWFjYW1lbGxvcyBTYXJhbWFuXQpFc3BlcmEsIG5vIHRlIGRlc2VzcGVyZXMuLi4KVG9kbyBlc3RhcsOhIGJpZW4uCkVzdGEgY2FtZWxsYSBjYW1pbmEgbXV5IGxlbnRvLAphc8OtIHF1ZSBubyBkZWJlcsOtYSBlc3RhciBsZWpvcyBkZQphcXXDrS4gwqFFbmN1ZW50cmEgYSBtaSBjYW1lbGxhLApTb29ueSwgbG8gYW50ZXMgcG9zaWJsZSE=
L9EbAQ,,W0NhbWVsIEZhcm0gT3duZXIgU2FyYW1hbl0KU29vbnkhIFNvb255Li4uIQpXaC13aGVyZSBhcmUgeW91PyE=,,,,,W1Byb3ByaWV0w6FyaW8gZGEgRmF6ZW5kYSBkZSBDYW1lbG9zIFNhcmFtYW5dClNvb255ISBTb29ueS4uLiEKT25kZSB2b2PDqiBlc3TDoT8h,,W0NyaWFjYW1lbGxvcyBTYXJhbWFuXQrCoVNvb255ISDCoVNvb255Li4uIQrCocK/RMOzLWTDs25kZSBlc3TDoXM/IQ==
MNEbAQ,,W0NhbWVsIEZhcm0gT3duZXIgU2FyYW1hbl0KUGxlYXNlLCBoZWxwIG1lIGZpbmQKbXkgU29vbnksIG15IFNpbGsgU2FuZApDYW1lbC4gWW91IHdvbid0IGJlIGFibGUgdG8KbWFrZSB5b3VyIHNvYXAgd2l0aG91dCBoZXIhCkFuZCBteSBidXNpbmVzcyBpcyByZWFsbHkKZGVwZW5kZW50IG9uIG15IFNvb255IQ==,,,,,W1Byb3ByaWV0w6FyaW8gZGEgRmF6ZW5kYSBkZSBDYW1lbG9zIFNhcmFtYW5dClBvciBmYXZvciwgbWUgYWp1ZGUgYSBlbmNvbnRyYXIKYSBTb29ueSwgbWluaGEgQ2FtZWxhIGRlIFZlbHVkby4gVm9jw6ogbsOjbyBjb25zZWd1aXLDoQpmYXplciBzZXUgc2Fiw6NvIHNlbSBlbGEhCkUgbWV1IG5lZ8OzY2lvIGRlcGVuZGUgbXVpdG8gZGEgbWluaGEgU29vbnkh,,W0NyaWFjYW1lbGxvcyBTYXJhbWFuXQpBecO6ZGFtZSBhIGVuY29udHJhciBhCm1pIFNvb255LCBtaSBjYW1lbGxhIGRlIGFyZW5hCmRlIHNlZGEuIMKhTm8gcG9kcsOhcwpoYWNlciBlbCBqYWLDs24gc2luIGVsbGEhCsKhWSBtaSBuZWdvY2lvIGRlcGVuZGUKbXVjaG8gZGUgbWkgU29vbnkh
MdEbAQ,,W0NhbWVsIEZhcm0gT3duZXIgU2FyYW1hbl0KT2gsIGl0J3MgeW91IQpEaWQgeW91IGZpbmQgbXkKU29vbnk/IFdoZXJlIGlzIHNoZT8KV2hhdCBoYXBwZW5lZCB0byBoZXI/Ck9oIEdvZCwgSSBkb24ndCBrbm93IHdoYXQKSSdsbCBkbyB3aXRob3V0IHRoYXQgY2FtZWwh,,,,,W1Byb3ByaWV0w6FyaW8gZGEgRmF6ZW5kYSBkZSBDYW1lbG9zIFNhcmFtYW5dCkFoLCDDqSB2b2PDqiEKVm9jw6ogZW5jb250cm91IG1pbmhhClNvb255PyBPbmRlIGVsYSBlc3TDoT8KTyBxdWUgYWNvbnRlY2V1IGNvbSBlbGE/Ck9oLCBEZXVzLCBuw6NvIHNlaSBvIHF1ZSB2b3UgZmF6ZXIgc2VtIGVzc2EgY2FtZWxhIQo=,,W0NyaWFjYW1lbGxvcyBTYXJhbWFuXQpBaCwgwqFlcmVzIHTDuiEKwr9FbmNvbnRyYXN0ZSBhIG1pClNvb255PyDCv0TDs25kZSBlc3TDoT8Kwr9RdcOpIGxlIHBhc8OzPwrCoUF5LCBwb3IgZmF2b3IsIG5vIHPDqSBxdcOpIApoYXLDqSBzaW4gZXNhIGNhbWVsbGEh
MtEbAQ,,W3swfV0KRG9uJ3Qgd29ycnksIE1yLiBTYXJhbWFuLApJIGZvdW5kIFNvb255IGF0IHRoZSBvdXRza2lydHMKb2YgdG93bi4gU2hlIGh1cnQgaGVyIGxlZyBzbwpJIHRoaW5rIGl0J2QgYmUgYSBnb29kIGlkZWEgaWYKeW91IHNlbnQgc29tZSBwZW9wbGUgdG8KaGVscCBicmluZyBoZXIgYmFjay4=,,,,,W3swfV0KTsOjbyBzZSBwcmVvY3VwZSwgU3IuIFNhcmFtYW4sCmV1IGVuY29udHJlaSBhIFNvb255IG5vcyBhcnJlZG9yZXMKZGEgY2lkYWRlLiBFbGEgbWFjaHVjb3UgYSBwZXJuYSwgZW50w6NvCmFjaG8gcXVlIHNlcmlhIHVtYSBib2EgaWRlaWEgc2UKdm9jw6ogZW52aWFzc2UgYWxndW1hcyBwZXNzb2FzIHBhcmEKYWp1ZGFyIGEgdHJhesOqLWxhIGRlIHZvbHRhLg==,,W3swfV0KVHJhbnF1aWxvLCBzZcOxb3IgU2FyYW1hbi4KRW5jb250csOpIGEgU29vbnkgZW4gbGFzIGFmdWVyYXMKZGUgbGEgY2l1ZGFkLiBTZSBsYXN0aW3DsyBsYSBwYXRhLCBhc8OtIHF1ZQpjcmVvIHF1ZSBzZXLDrWEgYnVlbm8gc2kKZW52aWFyYXMgYSBhbGd1bmFzIHBlcnNvbmFzIHBhcmEKcXVlIGxhIGF5dWRlbiBhIHZvbHZlci4=
M9EbAQ,,W0NhbWVsIEZhcm0gT3duZXIgU2FyYW1hbl0KVGhhbmsgZ29vZG5lc3MsIHlvdSBoYXZlCm5vIGlkZWEgaG93IHZhbHVhYmxlIHRoYXQKY2FtZWwgaXMhIEknbGwgc2VuZCBzb21lIG9mCm15IG1lbiB0byBicmluZyBoZXIgaG9tZQppbW1lZGlhdGVseSEgVGhhbmsgeW91LAp5b3UganVzdCBzYXZlZCBteSBidXNpbmVzcyE=,,,,,W1Byb3ByaWV0w6FyaW8gZGEgRmF6ZW5kYSBkZSBDYW1lbG9zIFNhcmFtYW5dCkdyYcOnYXMgYSBEZXVzLCB2b2PDqiBuw6NvIHRlbQppZGVpYSBkbyB2YWxvciBkZXNzYSBjYW1lbGEhIFZvdSBtYW5kYXIgYWxndW5zIGRlIG1ldXMKbWV1cyBob21lbnMgcGFyYSB0cmF6w6otbGEgcGFyYSBjYXNhCmltZWRpYXRhbWVudGUhIE11aXRvIG9icmlnYWRvLAp2b2PDqiBhY2Fib3UgZGUgc2FsdmFyIG1ldSBuZWfDs2NpbyE=,,W0NyaWFjYW1lbGxvcyBTYXJhbWFuXQrCoUdyYWNpYXMgYWwgY2llbG8sCm5pIHRlIGltYWdpbmFzIGxvIHZhbGlvc2EKcXVlIGVzIGVzYSBjYW1lbGxhISDCoUVudmlhcsOpIGEgYWxndW5vcwpkZSBtaXMgaG9tYnJlcyBwYXJhIHRyYWVybGEKYWhvcmEhIEdyYWNpYXMsCsKhYWNhYmFzIGRlIHNhbHZhciBtaSBuZWdvY2lvIQ==
NNEbAQ,,W0NhbWVsIEZhcm0gT3duZXIgU2FyYW1hbl0KSGVyZSwgSSB3YW50IHlvdSB0bwpoYXZlIHRoaXMuIENvbnNpZGVyIGl0CmEgbGl0dGxlIHRoYW5rIHlvdSBnaWZ0IGZvcgp3aGF0IHlvdSd2ZSBkb25lIGZvciBtZS4KR29vZCBsdWNrIHdpdGggZ2V0dGluZwp0aGF0IHNvYXAgeW91IHdhbnQgbWFkZS4=,,,,,W0Rvbm8gZGEgRmF6ZW5kYSBkZSBDYW1lbG9zIFNhcmFtYW5dCkFxdWksIGV1IHF1ZXJvIHF1ZSB2b2PDqgpmaXF1ZSBjb20gaXNzby4gQ29uc2lkZXJlCnVtIHBlcXVlbm8gcHJlc2VudGUgZGUgYWdyYWRlY2ltZW50bwpwZWxvIG8gcXVlIHZvY8OqIGZleiBwb3IgbWltLgpCb2Egc29ydGUgY29tIGEgcHJvZHXDp8OjbwpkYXF1ZWxlIHNhYsOjbyBxdWUgdm9jw6ogcXVlciBmYXplci4=,,W0NyaWFjYW1lbGxvcyBTYXJhbWFuXQpUb21hIGVzdG8sIHF1aWVybyBxdWUKbG8gdGVuZ2FzIHTDui4gQ29uc2lkw6lyYWxvCnVuIHBlcXVlw7FvIHJlZ2FsbyBkZSBhZ3JhZGVjaW1pZW50byBwb3IKbG8gcXVlIGhpY2lzdGUgcG9yIG3DrS4KQnVlbmEgc3VlcnRlIGNvbgplbCBqYWLDs24gcXVlIHF1aWVyZXMgY29uc2VndWlyLg==
NdEbAQ,,W0NhbWVsIEZhcm0gT3duZXIgU2FyYW1hbl0KVGhhbmsgeW91IGZvciBmaW5kaW5nIG15CnByZWNpb3VzIFNpbGsgU2FuZCBDYW1lbApTb29ueS4gQ29tZSBhZ2FpbiBzb21ldGltZSwKYW5kIG1heWJlIHdlIGNhbiBzcGVjaWFsIG15CnNwZWNpYWwgY2FtZWwgeW9ndXJ0IHRvZ2V0aGVyLg==,,,,,W1Byb3ByaWV0w6FyaW8gZGEgRmF6ZW5kYSBkZSBDYW1lbG9zIFNhcmFtYW5dCk9icmlnYWRvIHBvciBlbmNvbnRyYXIgbWluaGEgcHJlY2lvc2EgQ2FtZWxhIGRlIFZlbHVkbwpTb29ueS4gVm9sdGUgdW1hIG91dHJhIGhvcmEsCmUgdGFsdmV6IHBvc3NhbW9zIGZhemVyIGp1bnRvcyBtZXUKaW9ndXJ0ZSBlc3BlY2lhbCBkZSBjYW1lbG8u,,W0NyaWFjYW1lbGxvcyBTYXJhbWFuXQpHcmFjaWFzIHBvciBlbmNvbnRyYXIgYSBtaQpwcmVjaW9zYSBjYW1lbGxhIGRlIGFyZW5hIGRlIHNlZGEKU29vbnkuIFZ1ZWx2ZSBhbGd1bmEgdmV6CnkgcXVpesOhIHBvZGFtb3MgcHJvYmFyIGp1bnRvcwptaSB5b2d1ciBlc3BlY2lhbCBkZSBjYW1lbGxvLg==
NtEbAQ,,W1NhcmFtYW5dClp6ei4uLiBaenp+Clp6ei4uLg==,,,,,W1NhcmFtYW5dClp6ei4uLiBaenp+Clp6ei4uLg==,,W1NhcmFtYW5dClp6ei4uLiBaenouLi4KWnp6Li4u
N9EbAQ,,XjMzNTVGRldhdGNoaW5nIHRoaXMgbWFuCnNub3JlIGFsc28gbWFrZXMgeW91CndhbnQgdG8gdGFrZSBhIHNub296ZS5eMDAwMDAw,,,,,XjMzNTVGRk9ic2VydmFyIGVzc2UgaG9tZW0Kcm9uY2FyIHRhbWLDqW0gZmF6IHZvY8OqCnF1ZXJlciB0aXJhciB1bWEgc29uZWNhLl4wMDAwMDA=,,XjMzNTVGRlZlciBhIGVzdGUgaG9tYnJlCnJvbmNhciB0YW1iacOpbiB0ZSBoYWNlCnF1ZXJlciBlY2hhcnRlIHVuYSBzaWVzdGl0YS5eMDAwMDAw
ONEbAQ,,Q2FtZWw=,,,,,Q2FtZWxv,,Q2FtZWxsbw==
OdEbAQ,,XjMzNTVGRlRoZSBjYW1lbCBzbmlmZmVkIHRoZQphcHBldGl0ZSBzdGltdWxhbnQsIGJ1dApicnVzcXVlbHkgdHVybmVkIGl0cwpub3NlIGF3YXkgZnJvbSBpdC5eMDAwMDAw,,,,,XjMzNTVGRk8gY2FtZWxvIGNoZWlyb3Ugbwplc3RpbXVsYW50ZSBkZSBhcGV0aXRlLCBtYXMKZGVzdmlvdSBicnVzY2FtZW50ZSBvCm5hcml6IHBhcmEgbG9uZ2UgZGVsZS5eMDAwMDAw,,XjMzNTVGRkVsIGNhbWVsbG8gb2xmYXRlw7MgZWwKZXN0aW11bGFudGUgZGUgYXBldGl0bywgcGVybwphbGVqw7MgYnJ1c2NhbWVudGUKZWwgaG9jaWNvLl4wMDAwMDA=
OtEbAQ,,XjMzNTVGRlRoZSBjYW1lbCBzbmlmZmVkIHRoZQphcHBldGl0ZSBzdGltdWxhbnQsIGJ1dApicnVzcXVlbHkgdHVybmVkIGl0cwpub3NlIGF3YXkgZnJvbSBpdC4KVGhpcyBwcm9iYWJseSBpc24ndCB0aGUKY2FtZWwgeW91J3JlIGxvb2tpbmcgZm9yLl4wMDAwMDA=,,,,,XjMzNTVGRk8gY2FtZWxvIGNoZWlyb3Ugbwplc3RpbXVsYW50ZSBkZSBhcGV0aXRlLCBtYXMKdmlyb3UgYnJ1c2NhbWVudGUgbwpuYXJpeiBwYXJhIGxvbmdlIGRlbGUuCkVzc2UgcHJvdmF2ZWxtZW50ZSBuw6NvIMOpIG8gY2FtZWxvIHF1ZSB2b2PDqiBlc3TDoSBwcm9jdXJhbmRvLl4wMDAwMDAK,,XjMzNTVGRkVsIGNhbWVsbG8gb2xmYXRlw7MgZWwKZXN0aW11bGFudGUgZGUgYXBldGl0bywgcGVybwphbGVqw7MgYnJ1c2NhbWVudGUKZWwgaG9jaWNvLgpQcm9iYWJsZW1lbnRlIG5vIHNlYSBlbApjYW1lbGxvIHF1ZSBlc3TDoXMgYnVzY2FuZG8uXjAwMDAwMA==
O9EbAQ,,W0NhbWVsXQoqTmVpZ2gqIH4KKkNoZXcgQ2hldyo=,,,,,W0NhbWVsb10KKlJlbGluY2hhKiB+CipNYXN0aWdhKg==,,W0NhbWVsbG9dCipKaWlpKgoqw5FhbSwgw7FhbSo=
PNEbAQ,,W0NhbWVsXQoqTmVpZ2gqIH4KKkNoZXcgQ2hldyoKKlNwYXJrbGluZyBFeWVzKg==,,,,,W0NhbWVsb10KKlJlbGluY2hhKiB+CipNYXN0aWdhKgoqT2xob3MgQnJpbGhhbnRlcyo=,,W0NhbWVsbG9dCipKaWlpKgoqw5FhbSwgw7FhbSoKKlNlIGxlIGlsdW1pbmFuIGxvcyBvam9zKg==
PdEbAQ,,U2lsayBTYW5kIENhbWVs,,,,,Q2FtZWxhIGRlIFZlbHVkbw==,,U2VkYSBBcmVuYSBDYW1lbA==
PtEbAQ,,XjMzNTVGRlRoaXMgY2FtZWwncyBsZWcgaXMKd291bmRlZC4gQWx0aG91Z2ggaXQKc2VlbXMgaHVydCwgaXRzIG5vc3RyaWxzCmZsYXJlZCBhcyBzb29uIGFzIGl0IHNhdwp0aGUgY2FtZWwgYXBwZXRpdGUgc3RpbXVsYW50LAphbmQgaXQgc21hY2tlZCBpdHMgbGlwcy5eMDAwMDAw,,,,,XjMzNTVGRkEgcGVybmEgZGVzdGEgY2FtZWxhIGVzdMOhCmZlcmlkYS4gRW1ib3JhIGVsYQpwYXJlw6dhIG1hY2h1Y2FkYSwgc3VhcyBuYXJpbmFzCnNlIGluZmxhbWFyYW0gYXNzaW0gcXVlIGVsYSB2aXUKbyBlc3RpbXVsYW50ZSBkZSBhcGV0aXRlIGRlIGNhbWVsbywKZSBlc3RhbG91IG9zIGzDoWJpb3MuXjAwMDAwMA==,,XjMzNTVGRkxhIHBhdGEgZGVsIGNhbWVsbG8KdGllbmUgdW5hIGhlcmlkYS4gQXVucXVlIHBhcmVjZQpsYXN0aW1hZG8sIGxhcyBmb3NhcyBuYXNhbGVzCnNlIGxlIGVuc2FuY2hhcm9uIGFwZW5hcyB2aW8KZWwgZXN0aW11bGFudGUgZGUgYXBldGl0bywKeSBjaGFzcXVlw7MgbG9zIGxhYmlvcy5eMDAwMDAw
P9EbAQ,,W0NhbWVsXQpeMzMzMzMzKkNoZXcgQ2hld34qXjAwMDAwMApeMzMzMzMzKlNtYWNrcyBsaXBzKl4wMDAwMDA=,,,,,W0NhbWVsb10KXjMzMzMzMypNYXN0aWdhfipeMDAwMDAwCl4zMzMzMzMqRXN0YWxhIG9zIGzDoWJpb3MqXjAwMDAwMA==,,W0NhbWVsbG9dCl4zMzMzMzMqw5FhbSwgw7FhbSpeMDAwMDAwCl4zMzMzMzMqQ2hhc3F1ZWEgbG9zIGxhYmlvcypeMDAwMDAw
QNEbAQ,,XjMzNTVGRlRoZSBjYW1lbCBzdGFydGVkIG5pYmJsaW5nCnRoZSBzdGltdWxhbnQsIGJ1dCBpdHMgZWF0aW5nCmJlY2FtZSBxdWlja2VyIGFzIGl0IGF0ZQptb3JlIG9mIHRoZSBmZWVkIHVudGlsIGl0CndhcyBjb21wbGV0ZWx5IGNvbnN1bWVkLl4wMDAwMDA=,,,,,XjMzNTVGRkEgY2FtZWxhIGNvbWXDp291IGEgbW9yZGlzY2FyCm8gZXN0aW11bGFudGUsIG1hcyBzdWEgYWxpbWVudGHDp8OjbwpmaWNvdSBtYWlzIHLDoXBpZGEgw6AgbWVkaWRhIHF1ZSBjb21pYQptYWlzIGRhIHJhw6fDo28gYXTDqSBxdWUgZm9zc2UgY29tcGxldGFtZW50ZSBjb25zdW1pZGEuXjAwMDAwMAo=,,XjMzNTVGRkVsIGNhbWVsbG8gbW9yZGlzcXVlw7MgCmVsIGVzdGltdWxhbnRlLCBwZXJvIGVtcGV6w7MgYQpkZXZvcmFyIHRvZG8gbcOhcyByw6FwaWRvCmN1YW50byBtw6FzIGNvbcOtYSBoYXN0YQpxdWUgbm8gcXVlZMOzIG5hZGEuXjAwMDAwMA==
QdEbAQ,,W3swfV0KVGhpcyBtdXN0IGJlIHRoZQpTaWxrIFNhbmQgQ2FtZWwuLi4KSSBndWVzcyBhbGwgSSBuZWVkIHRvCmRvIGlzIGNvbGxlY3Qgc29tZSBvZgp0aGF0IHByZWNpb3VzIGNhbWVsIGR1bmcu,,,,,W3swfV0KRXN0YSBkZXZlIHNlcmEgQ2FtZWxhIGRlIFZlbHVkby4uLgpBY2hvIHF1ZSB0dWRvIG8gcXVlIGV1IHByZWNpc28KZmF6ZXIgw6kgY29sZXRhciB1bSBwb3VjbwpkYXF1ZWxlIHByZWNpb3NvIGVzdHJ1bWUgZGUgY2FtZWxvLg==,,W3swfV0KRXN0YSBkZWJlIGRlIHNlciBsYQpjYW1lbGxhIGRlIGFyZW5hIGRlIHNlZGEuLi4KQ3JlbyBxdWUgc29sbwp0ZW5nbyBxdWUgcmVjb2xlY3RhciBhbGdvIGRlCmVzZSB2YWxpb3NvIGVzdGnDqXJjb2wgZGUgY2FtZWxsby4=
QtEbAQ,,XjMzNTVGRlRoZSBjYW1lbCBjYW4gc21lbGwKdGhhdCB5b3UgaGF2ZSBmb29kIGZvcgppdCwgYW5kIHN0YXJ0ZWQgc2FsaXZhdGluZy4KWW91IG1heSBhcyB3ZWxsIGp1c3QgZmVlZCBpdC5eMDAwMDAw,,,,,XjMzNTVGRkEgY2FtZWxhIHBvZGUgc2VudGlyCnF1ZSB2b2PDqiB0ZW0gY29taWRhIHBhcmEgZWxhCmUgY29tZcOnYSBhIHNhbGl2YXIuCsOJIG1lbGhvciBhbGltZW50w6EtbGEuXjAwMDAwMA==,,XjMzNTVGRkVsIGNhbWVsbG8gcHVlZGUgb2xlcgpxdWUgdGllbmVzIGNvbWlkYSBwYXJhCmRhcmxlIHkgZW1waWV6YSBhIHNhbGl2YXIuClNlcsOhIG1lam9yIHF1ZSBsbyBhbGltZW50ZXMuXjAwMDAwMA==
Q9EbAQ,,W1NpbGsgU2FuZCBDYW1lbF0KXjMzMzMzMypDaGV3IENoZXd+Kl4wMDAwMDAKXjMzMzMzMypTbWFja3MgbGlwcypeMDAwMDAw,,,,,W0NhbWVsYSBkZSBWZWx1ZG9dCl4zMzMzMzMqTWFzdGlnYX4qXjAwMDAwMApeMzMzMzMzKkVzdGFsYSBvcyBsw6FiaW9zKl4wMDAwMDA=,,W0NhbWVsbG8gYXJlbmEgZGUgc2VkYV0KXjMzMzMzMyrDkWFtLCDDsWFtKl4wMDAwMDAKXjMzMzMzMypDaGFzcXVlYSBsb3MgbGFiaW9zKl4wMDAwMDA=
RNEbAQ,,XjMzNTVGRlRoZSBjYW1lbCBhdGUgZXZlcnl0aGluZywKYnV0IGl0IGRvZXNuJ3Qgc2VlbSBsaWtlCml0J2xsIGdvIHRocm91Z2ggYW55IGJvd2VsCm1vdmVtZW50cyBhbnl0aW1lIHNvb24uXjAwMDAwMA==,,,,,XjMzNTVGRkEgY2FtZWxhIGNvbWV1IHR1ZG8sCm1hcyBuw6NvIHBhcmVjZSBxdWUKdmFpIGRlZmVjYXIKdMOjbyBjZWRvLl4wMDAwMDA=,,XjMzNTVGRkVsIGNhbWVsbG8gc2UgY29tacOzIHRvZG8sCnBlcm8gbm8gcGFyZWNlIHF1ZSB2YXlhCmEgaGFjZXIgc3VzIG5lY2VzaWRhZGVzCnByb250by5eMDAwMDAw
RdEbAQ,,XjMzNTVGRlRoZSBjYW1lbCBncmltYWNlZAphcyBpZiBpdCB3ZXJlIHN1ZmZlcmluZwpmcm9tIGEgc3RvbWFjaGFjaGUuLi4KSHV6emFoISBZb3UgZ290IGEgbHVtcApvZiBzdGVhbWluZyBjYW1lbCBkdW5nIQpUaGlzIGlzIGNhdXNlIGZvciBjZWxlYnJhdGlvbiFeMDAwMDAw,,,,,XjMzNTVGRkEgY2FtZWxhIGZleiB1bWEgY2FyZXRhCmNvbW8gc2UgZXN0aXZlc3NlIHNvZnJlbmRvCmRlIHVtYSBkb3IgZGUgZXN0w7RtYWdvLi4uCkh1enphaCEgVm9jw6ogb2J0ZXZlIHVtIGJsb2NvIGRlIGVzdHJ1bWUgZGUgY2FtZWxvIGZ1bWVnYW50ZSEKSXNzbyDDqSBtb3Rpdm8gZGUgY29tZW1vcmHDp8OjbyFeMDAwMDAw,,XjMzNTVGRkVsIGNhbWVsbG8gaGFjZSB1bmEgbXVlY2EKY29tbyBzaSBlc3R1dmllcmEgc3VmcmllbmRvCmRlIHVuIGRvbG9yIGRlIGVzdMOzbWFnby4uLgrCoUh1cnJhISDCoVRpZW5lcyB1biB0cm96bwpkZSBlc3Rpw6lyY29sIGRlIGNhbWVsbG8gY2FsaWVudGUhCsKhRXN0byBlcyBwYXJhIGNlbGVicmFyIV4wMDAwMDA=
RtEbAQ,,W3swfV0KTm93IGFsbCBJIG5lZWQgaXMKanVzdCA0IG1vcmUgbHVtcHMKb2YgdGhpcyBuYXN0eSBvbGQgZHVuZy4=,,,,,W3swfV0KQWdvcmEgc8OzIHByZWNpc28gZGUKbWFpcyA0IGJsb2NvcwpkZXNzZSBlc3RydW1lIG5vamVudG8u,,W3swfV0KQWhvcmEgc29sbyBuZWNlc2l0bwo0IHRyb3pvcyBtw6FzIGRlCmVzdGUgZXN0acOpcmNvbCBhc3F1ZXJvc28u
R9EbAQ,,XjMzNTVGRlRoZSBjYW1lbCBncmltYWNlZAphcyBpZiBpdCB3ZXJlIHN1ZmZlcmluZwpmcm9tIGEgc3RvbWFjaGFjaGUuLi4KQW5kLi4uIE91dCBwb3BzIGEgU3dlZXQKUG90YXRvLiBJdCdzIHByb2JhYmx5CnNhZmUgdG8gZWF0Li4uIE1heWJlLl4wMDAwMDA=,,,,,XjMzNTVGRkEgY2FtZWxhIGZleiB1bWEgY2FyZXRhCmNvbW8gc2UgZXN0aXZlc3NlIHNvZnJlbmRvCmRlIHVtYSBkb3IgZGUgZXN0w7RtYWdvLi4uCkUuLi4gU2FpdSB1bWEgQmF0YXRhLWRvY2UuClByb3ZhdmVsbWVudGUgw6kKc2VndXJhIHBhcmEgY29tZXIuLi4gVGFsdmV6Ll4wMDAwMDA=,,XjMzNTVGRkVsIGNhbWVsbG8gaGFjZSB1bmEgbXVlY2EKY29tbyBzaSBlc3R1dmllcmEgc3VmcmllbmRvCmRlIHVuIGRvbG9yIGRlIGVzdMOzbWFnby4uLgpZLi4uIFNhbGUgdW5hCmJhdGF0YS4gVGFsIHZleiBzZQpwdWVkYSBjb21lci4uLiBRdWl6w6EuXjAwMDAwMA==
SNEbAQ,,W3swfV0KSSBuZWVkIHRvIGZlZWQgdGhpcyBjYW1lbCBpZgpJIGV2ZXIgd2FudCB0byBnZXQgYW55IGR1bmcKZnJvbSBpdC4gTGV0J3Mgc2VlLCBNci4gU2FyYW1hbgptZW50aW9uZWQgdGhhdCB0aGUgaXRlbXMgSSBnb3QKZm9yIE1zLiBJdm9yeSB3ZXJlIGFjdHVhbGx5CmNhbWVsIGZlZWQuIEkgbmVlZCB0byBoYXZlLi4u,,,,,W3swfV0KUHJlY2lzbyBhbGltZW50YXIgZXNzYSBjYW1lbGEgc2UKcXVpc2VyIG9idGVyIGFsZ3VtIGVzdHJ1bWUKZGVsYS4gVmFtb3MgdmVyLCBvIFNyLiBTYXJhbWFuCm1lbmNpb25vdSBxdWUgb3MgaXRlbnMgcXVlIHJlY2ViaQpkYSBTcmEuIEl2b3J5IGVyYW0sIG5hIHZlcmRhZGUKcmHDp8OjbyBkZSBjYW1lbG8uIEV1IHByZWNpc28gdGVyLi4u,,W3swfV0KTmVjZXNpdG8gYWxpbWVudGFyIGEgZXN0ZSBjYW1lbGxvIHNpCnF1aWVybyBjb25zZWd1aXIgYWxnbyBkZQplc3Rpw6lyY29sLiBWZWFtb3MsIGVsIHNlw7FvciBTYXJhbWFuCmRpam8gcXVlIGxvcyBvYmpldG9zIHF1ZSBjb25zZWd1w60gCnBhcmEgbGEgc2XDsW9yYSBJdm9yeSBlbiByZWFsaWRhZCBlcmFuCmNvbWlkYSBwYXJhIGNhbWVsbG9zLiBOZWNlc2l0byB0ZW5lci4uLg==
SdEbAQ,,W3swfV0KXjRENERGRjEwIE1pbGteMDAwMDAwLApeNEQ0REZGMTAwIEdyZWVuIEhlcmJzXjAwMDAwMCwKXjRENERGRjUwIEplbGxvcGllc14wMDAwMDAsIGFuZApeNEQ0REZGNSBFbXB0eSBCb3R0bGVzXjAwMDAwMC4=,,,,,W3swfV0KXjRENERGRjEwIExlaXRlc14wMDAwMDAsCl40RDRERkYxMDAgRXJ2YXMgdmVyZGVzXjAwMDAwMCwKXjRENERGRjUwIEplbGxvcGllc14wMDAwMDAsIGUKXjRENERGRjUgR2FycmFmYXMgdmF6aWFzXjAwMDAwMC4=,,W3swfV0KXjRENERGRjEwIHVuaWRhZGVzIGRlIExlY2hlXjAwMDAwMCwKXjRENERGRjEwMCBIaWVyYmFzIHZlcmRlc14wMDAwMDAsCl40RDRERkY1MCBKZWxsb3B5XjAwMDAwMCB5Cl40RDRERkY1IEJvdGVsbGFzIHZhY8OtYXNeMDAwMDAwLg==
StEbAQ,,W1NpbGsgU2FuZCBDYW1lbF0KKkNoZXcgQ2hldyoKKk5laWdoIE5laWdoKn4=,,,,,W0NhbWVsYSBkZSBWZWx1ZG9dCipNYXN0aWdhKgoqUmVsaW5jaGEqfg==,,W0NhbWVsbG8gYXJlbmEgZGUgc2VkYV0KKsORYW0sIMOxYW0qCipKaWlpLCBqaWlpKg==
S9EbAQ,,XjMzNTVGRlRoZSBjYW1lbCBncmltYWNlZAphcyBpZiBpdCB3ZXJlIHN1ZmZlcmluZwpmcm9tIGEgc3RvbWFjaGFjaGUuLi4KQW5kLi4uIE91dCBwb3BzIDIgU3dlZXQKUG90YXRvZXMuIFRoZXkncmUgcHJvYmFibHkKc2FmZSB0byBlYXQuLi4gSG9wZWZ1bGx5Ll4wMDAwMDA=,,,,,XjMzNTVGRkEgY2FtZWxhIGZleiB1bWEgY2FyZXRhCmNvbW8gc2UgZXN0aXZlc3NlIHNvZnJlbmRvCmRlIHVtYSBkb3IgZGUgZXN0w7RtYWdvLi4uCkUuLi4gU2HDrXJhbSAyIGJhdGF0YXMgZG9jZXMuCkVsYXMgcHJvdmF2ZWxtZW50ZSBzw6NvCnNlZ3VyYXMgcGFyYSBjb21lci4uLiBDb20gc29ydGUuXjAwMDAwMA==,,XjMzNTVGRkVsIGNhbWVsbG8gaGFjZSB1bmEgbXVlY2EKY29tbyBzaSBlc3R1dmllcmEgc3VmcmllbmRvCmRlIHVuIGRvbG9yIGRlIGVzdMOzbWFnby4uLgpZLi4uIFNhbGVuIDIKYmF0YXRhcy4gVGFsIHZleiBzZQpwdWVkYSBjb21lci4uLiBFc28gZXNwZXJvLl4wMDAwMDA=
TNEbAQ,,W3swfV0KTm93IGFsbCBJIG5lZWQgaXMKanVzdCAzIG1vcmUgbHVtcHMKb2YgdGhpcyBuYXN0eSBvbGQgZHVuZy4=,,,,,W3swfV0KQWdvcmEgc8OzIHByZWNpc28gZGUKbWFpcyAzIGJsb2NvcwpkZXNzZSBlc3RydW1lIG5vamVudG8u,,W3swfV0KQWhvcmEgc29sbyBuZWNlc2l0bwpTb2xvIDMgdHJvem9zIG3DoXMuCmVzdGUgZXN0acOpcmNvbCBhc3F1ZXJvc28u
TdEbAQ,,W3swfV0KRGlkIEkgcnVuIG91dCBvZiBmZWVkCmFscmVhZHk/IE51dHMsIGlmIEkgd2FudAp0byBmZWVkIHRoaXMgY2FtZWwgYWdhaW4sCnRoZW4gSSBuZWVkIHRvIGJyaW5nIGl0Li4u,,,,,W3swfV0KRXUgasOhIGZpcXVlaSBzZW0gcmHDp8Ojbz8KRHJvZ2EsIHNlIGV1IHF1aXNlcgphbGltZW50YXIgZXNzZSBjYW1lbG8gbm92YW1lbnRlLAplbnTDo28gcHJlY2lzbyBkZSBtYWlzLi4u,,W3swfV0Kwr9ZYSBtZSBxdWVkw6kgc2luIGNvbWlkYT8Kwr9UYW4gcsOhcGlkbz8gUmF5b3MsIHBhcmEgdm9sdmVyCmEgYWxpbWVudGFyIGEgZXN0ZSBjYW1lbGxvLApuZWNlc2l0byB0cmFlcmxlLi4u
TtEbAQ,,W3swfV0KTm93IGFsbCBJIG5lZWQgaXMKanVzdCAyIG1vcmUgbHVtcHMKb2YgdGhpcyBuYXN0eSBvbGQgZHVuZy4=,,,,,W3swfV0KQWdvcmEgc8OzIHByZWNpc28gZGUKbWFpcyAyIGJsb2NvcwpkZXNzZSBlc3RydW1lIG5vamVudG8u,,W3swfV0KQWhvcmEgc29sbyBuZWNlc2l0bwpTb2xvIDIgdHJvem9zIG3DoXMuCmVzdGUgZXN0acOpcmNvbCBhc3F1ZXJvc28u
T9EbAQ,,W3swfV0KTm93IGFsbCBJIG5lZWQgaXMKanVzdCAxIG1vcmUgbHVtcHMKb2YgdGhpcyBuYXN0eSBvbGQgZHVuZy4=,,,,,W3swfV0KQWdvcmEgc8OzIHByZWNpc28gZGUKbWFpcyAxIGJsb2NvCmRlc3NlIGVzdHJ1bWUgbm9qZW50by4=,,W3swfV0KQWhvcmEgc29sbyBuZWNlc2l0bwpTb2xvIDEgdHJvem8gbcOhcy4KZXN0ZSBlc3Rpw6lyY29sIGFzcXVlcm9zby4=
UNEbAQ,,W3swfV0KSW4gbXkgaGFuZHMuLi4KSSBhbSBob2xkaW5nCjUgbHVtcHMgb2YgY2FtZWwgZHVuZy4KVGhpcyBpcyBteSBmaW5lc3QgbW9tZW50Lg==,,,,,W3swfV0KRW0gbWluaGFzIG3Do29zLi4uCkVzdG91IHNlZ3VyYW5kbwo1IGJsb2NvcyBkZSBlc3RydW1lIGRlIGNhbWVsby4KRXN0ZSDDqSBvIG1ldSBtZWxob3IgbW9tZW50by4=,,W3swfV0KRW4gbGFzIG1hbm9zLi4uCnNvc3RlbmdvLi4uCjUgdHJvem9zIGRlIGVzdGnDqXJjb2wgZGUgY2FtZWxsby4KRXN0ZSBlcyBtaSBtZWpvciBtb21lbnRvLg==
UdEbAQ,,W3swfV0KTmV2ZXIsIGluIGFsbCBteSB5ZWFycwpvZiBhZHZlbnR1cmluZywgc2F2aW5nIHRoZQpvcHByZXNzZWQsIHByb3RlY3RpbmcgdGhlCmlubm9jZW50LCBkaWQgSSBkYXJlIGRyZWFtCnRoYXQgSSdkIGFjY29tcGxpc2ggc3VjaAphIG1hZ25pZmljZW50IGZlYXQu,,,,,W3swfV0KTnVuY2EsIGVtIHRvZG9zIG9zIG1ldXMgYW5vcwpkZSBhdmVudHVyYXMgc2FsdmFuZG8gb3MKb3ByaW1pZG9zIGUgcHJvdGVnZW5kbyBvcwppbm9jZW50ZXMsIGV1IG91c2VpIHNvbmhhcgpxdWUgY29uc2VndWlyaWEgcmVhbGl6YXIKdW0gZmVpdG8gdMOjbyBtYWduw61maWNvLg==,,W3swfV0KTnVuY2EsIGVuIHRvZG9zIG1pcyBhw7FvcwpkZSBhdmVudHVyYXMgc2FsdmFuZG8gYSBsb3MKb3ByaW1pZG9zIHkgcHJvdGVnaWVuZG8gYSBsb3MKaW5vY2VudGVzLCBwb2Ryw61hIGhhYmVyIHNvw7FhZG8KY29uIHF1ZSBsb2dyYXLDrWEgdGFsCm1hZ27DrWZpY2EgaGF6YcOxYS4=
UtEbAQ,,W3swfV0KSSBhbSBzbyBoYXBweS0tbmF5LS0KXjRENERGRnByb3VkXjAwMDAwMCB0aGF0IG15IHN0cmVuZ3RoLCBteQp2YWxvciwgYW5kIG15IGRldGVybWluYXRpb24Kd2FzIHVwIHRvIHRoaXMgdGFzay4gTWF5IHRoZQphbm5hbHMgb2YgaGlzdG9yeSBuZXZlciBmb3JnZXQKdGhpcyBkYXkhIExvbmcgbGl2ZSB7MH0h,,,,,W3swfV0KRXN0b3UgdMOjbyBmZWxpei4uLiBOw6NvLi4uCl40RDRERkZvcmd1bGhvc29eMDAwMDAwIHF1ZSBtaW5oYSBmb3LDp2EsIG1ldQp2YWxvciBlIG1pbmhhIGRldGVybWluYcOnw6NvCmVzdGF2YW0gw6AgYWx0dXJhIGRlc3NhIHRhcmVmYS4gUXVlIG9zCmFuYWlzIGRhIGhpc3TDs3JpYSBudW5jYSBlc3F1ZcOnYW0KZXN0ZSBkaWEhIFZpZGEgbG9uZ2EgYSB7MH0h,,W3swfV0KRXN0b3kgdGFuIGZlbGl6Li4uIMKhSXVqdSEKTWUgXjRENERGRmVub3JndWxsZWNlXjAwMDAwMCBxdWUgbWkgZnVlcnphLCBtaQp2YWxvciB5IG1pIGRldGVybWluYWNpw7NuCmVzdHV2aWVyYW4gYSBsYSBhbHR1cmEgZGUgZXN0YSB0YXJlYS4gwqFRdWUgbGEKaGlzdG9yaWEgamFtw6FzIHNlIG9sdmlkZSBkZQplc3RlIGTDrWEhIMKhTGFyZ2EgdmlkYSBhIHswfSE=
U9EbAQ,,XjMzNTVGRkl0J3MgdGltZSBmb3IgeW91IHRvCnJldHVybiB0byBNci4gU2FyYW1hbi5eMDAwMDAw,,,,,XjMzNTVGRkVzdMOhIG5hIGhvcmEgZGUgdm9jw6ogdm9sdGFyIHBhcmEgbyBTci4gU2FyYW1hbi5eMDAwMDAwCg==,,XjMzNTVGRkVzIGhvcmEgZGUgcXVlCnZ1ZWx2YXMgY29uIGVsIHNlw7FvciBTYXJhbWFuLl4wMDAwMDA=
VNEbAQ,,W1NpbGsgU2FuZCBDYW1lbF0KKk5laWdoIE5laWdoKn4=,,,,,W0NhbWVsYSBkZSBWZWx1ZG9dCipSZWxpbmNoYSp+,,W0NhbWVsbG8gYXJlbmEgZGUgc2VkYV0KKkppaWksIGppaWkq
VdEbAQ,,XjMzNTVGRlNpbGx5IGNhbWVsLl4wMDAwMDA=,,,,,XjMzNTVGRkNhbWVsYSB0b2xhLl4wMDAwMDA=,,XjMzNTVGRkNhbWVsbGEgdG9udGEuXjAwMDAwMA==
VtEbAQ,,WW91bmcgVG93biBOYXRpdmU=,,,,,Sm92ZW0gZGEgQ2lkYWRl,,Sm92ZW4gZGVsIGx1Z2Fy
V9EbAQ,,W05hdGl2ZSBZb3VuZyBNYW5dCk15IG5hbWUgaXMgVG9ieS4KSSB3YXMgYm9ybiBhbmQgcmFpc2VkIGhlcmUsCmFuZCBubyBvbmUga25vd3MgbW9yZSBhYm91dAp0aGlzIHRvd24gdGhhbiBtZS4gRmVlbCBmcmVlCnRvIGFzayBpZiB5b3UgbmVlZCB0byBmaW5kCnlvdXIgd2F5IGFyb3VuZCBoZXJlLg==,,,,,W0pvdmVtIG5hdGl2b10KTWV1IG5vbWUgw6kgVG9ieS4KTmFzY2kgZSBmdWkgY3JpYWRvIGFxdWksCmUgbmluZ3XDqW0gc2FiZSBtYWlzIHNvYnJlCmVzdGEgY2lkYWRlIGRvIHF1ZSBldS4gU2Ugdm9jw6ogcHJlY2lzYXIgc2Ugb3JpZW50YXIgcG9yIGFxdWksCnNpbnRhLXNlIMOgIHZvbnRhZGUgcGFyYSBtZSBwZXJndW50YXIu,,W0pvdmVuIGRlbCBsdWdhcl0KTWUgbGxhbW8gVG9ieS4KTmFjw60geSBjcmVjw60gYXF1w60sCnkgbmFkaWUgc2FiZSBtw6FzIHNvYnJlCmVzdGEgY2l1ZGFkIHF1ZSB5by4gTm8gZHVkZXMKZW4gcHJlZ3VudGFybWUgc2kgbmVjZXNpdGFzCmFicmlydGUgY2FtaW5vIHBvciBhcXXDrS4=
WNEbAQ,,W3swfV0KRXhjdXNlIG1lLCBidXQgZG8KeW91IGtub3cgd2hlcmUgSSBjYW4KZmluZCBhIGxvY2tzbWl0aD8=,,,,,W3swfV0KQ29tIGxpY2Vuw6dhLAp2b2PDqiBzYWJlIG9uZGUgcG9zc28KZW5jb250cmFyIHVtIGNoYXZlaXJvPw==,,W3swfV0KRGlzY3VscGEsCsK/c2FiZXMgZMOzbmRlIHB1ZWRvCmVuY29udHJhciBhIHVuIGNlcnJhamVybz8=
WdEbAQ,,W1RvYnldCk9mIGNvdXJzZSwgSSBkbyEKTXIuIExvY2tlbmxvY2sgaXMgYSBmYW1vdXMKbG9ja3NtaXRoLCBhbmQgaGUgbWFrZXMgYWxtb3N0CmFsbCB0aGUga2V5cyBhbmQgbG9ja3MgaW4gVmVpbnMKYW5kIGV2ZW4gaW4gUmFjaGVsLg==,,,,,W1RvYnldCkNsYXJvIHF1ZSBzaW0hCk8gU3IuIExvY2tlbmxvY2sgw6kgdW0gY2hhdmVpcm8KZmFtb3NvLCBlIGVsZSBmYXogcHJhdGljYW1lbnRlCnRvZGFzIGFzIGNoYXZlcyBlIGZlY2hhZHVyYXMgZGUgVmVpbnMKZSBhdMOpIG1lc21vIGRlIFJhY2hlbC4=,,W1RvYnldCsKhQ2xhcm8gcXVlIHPDrSEKRWwgc2XDsW9yIExvY2tlbmxvY2sgZXMgdW4gZmFtb3NvCmNlcnJhamVybyBxdWUgaGFjZSBjYXNpCnRvZGFzIGxhcyBsbGF2ZXMgeSBjZXJyYWR1cmFzIGRlIFZlaW5zCmUgaW5jbHVzbyBkZSBSYWNoZWwu
WtEbAQ,,W3swfV0KTXIuIExvY2tlbmxvY2ssIGVoPwpTbyB3aGVyZSBjYW4gSSBmaW5kIGhpbT8=,,,,,W3swfV0KU3IuIExvY2tlbmxvY2ssIMOpPwpFbnTDo28sIG9uZGUgcG9zc28gZW5jb250csOhLWxvPw==,,W3swfV0KQ29uIHF1ZSBlbCBzZcOxb3IgTG9ja2VubG9jay4uLgrCv0TDs25kZSBwdWVkbyBlbmNvbnRyYXJsbz8=
W9EbAQ,,W1RvYnldCk9oLCBoZSdzIGFsd2F5cyBzaXR0aW5nCnNvbWV3aGVyZSBpbiB0aGUgbWFya2V0CnN0cmVldC4gSGUgZHJpbmtzIGEgbG90LAp0aG91Z2gsIHNvIGhlIGRvZXNuJ3QgcmVhbGx5Cndvcmsgd2hlbiBoZSdzIGh1bmcgb3Zlci4=,,,,,W1RvYnldCkFoLCBlbGUgZXN0w6Egc2VtcHJlIHNlbnRhZG8KZW0gYWxndW0gbHVnYXIgbmEgcnVhIGRvIG1lcmNhZG8uCk1hcyBlbGUgYmViZSBiYXN0YW50ZSwKcG9yIGlzc28sIGVsZSBuw6NvIHRyYWJhbGhhCnF1YW5kbyBlc3TDoSBkZSByZXNzYWNhLg==,,W1RvYnldCkFoLCBzaWVtcHJlIGVzdMOhIHNlbnRhZG8KZW4gYWxnw7puIGx1Z2FyIGRlIGxhIGNhbGxlCmRlbCBtZXJjYWRvLiBQZXJvIGJlYmUgbXVjaG8sCnBvciBsbyBxdWUgbm8gc3VlbGUKdHJhYmFqYXIgY3VhbmRvIHRpZW5lIHJlc2FjYS4=
XNEbAQ,,W1RvYnldCkFoLCBidXQgeW91IGtub3cgd2hhdCdsbApzaG9jayBoaW0gYmFjayB0byBzb2JyaWV0eT8KQSBZZWxsb3cgUG90aW9uISBJdCBuZXZlcgpmYWlscyB3aXRoIHRoYXQgZ3V5IQ==,,,,,W1RvYnldCkFoLCBtYXMgdm9jw6ogc2FiZSBvIHF1ZSB2YWkKZmF6ZXIgZWxlIGZpY2FyIHPDs2JyaW8/ClVtYSBQb8Onw6NvIEFtYXJlbGEhIEVsYSBudW5jYQpmYWxoYSBjb20gZXNzZSBjYXJhIQ==,,W1RvYnldCkFoLCDCv3Blcm8gc2FiZXMgbG8gcXVlCmxvIGRldm9sdmVyw6EgYSBsYSBzb2JyaWVkYWQ/CsKhVW5hIFBvY2nDs24gYW1hcmlsbGEhIMKhTnVuY2EKZmFsbGEgY29uIGVzZSB0aXBvIQ==
XdEbAQ,,W3swfV0KSSBzZWUuClRoYW5rcyBmb3IKdGhlIGFkdmljZS4=,,,,,W3swfV0KRW50ZW5kaS4KT2JyaWdhZG8gcGVsbyBjb25zZWxoby4=,,W3swfV0KWWEgdmVvLgpHcmFjaWFzIHBvcgplbCBjb25zZWpvLg==
XtEbAQ,,W1RvYnldCllvdSdyZSBzbyB2ZXJ5CndlbGNvbWUhIEl0J3MganVzdC4uLgpBZnRlciBhbGwgdGhlc2UgeWVhcnMuLi4KSSdtIGZpbmFsbHkgdXNlZnVsIHRvIHNvbWVvbmUh,,,,,W1RvYnldCk7Do28gaMOhIGRlIHF1w6ohIMOJIHF1ZS4uLgpEZXBvaXMgZGUgdGFudG9zIGFub3MuLi4KRmluYWxtZW50ZSBzb3Ugw7p0aWwgcGFyYSBhbGd1w6ltIQ==,,W1RvYnldCsKhTm8gZXMgbmFkYSBlbgpsbyBhYnNvbHV0byEgRXMgcXVlLi4uCkRlc3B1w6lzIGRlIHRhbnRvcyBhw7Fvcy4uLgrCoVBvciBmaW4gbGUgc295IMO6dGlsIGEgYWxndWllbiE=
X9EbAQ,,W3swfV0KLi4uSGEuLi4/,,,,,W3swfV0KLi4uSMOjLi4uPw==,,W3swfV0Kwr8uLi5KYS4uLj8=
YNEbAQ,,XjMzNTVGRkZpbmQgTXIuIExvY2tlbmxvY2sKaW4gdGhlIG1hcmtldCBzdHJlZXQsIGFuZApicmluZyBoaW0gYSBZZWxsb3cgUG90aW9uLl4wMDAwMDA=,,,,,XjMzNTVGRkVuY29udHJlIG8gU3IuIExvY2tlbmxvY2sKbmEgcnVhIGRvIG1lcmNhZG8gZSBsZXZlIHVtYSBQb8Onw6NvIEFtYXJlbGEgcGFyYSBlbGUuXjAwMDAwMAo=,,XjMzNTVGRkJ1c2NhIGFsIHNlw7FvciBMb2NrZW5sb2NrCmVuIGxhIGNhbGxlIGRlbCBtZXJjYWRvIHkKbGzDqXZhbGUgdW5hIFBvY2nDs24gYW1hcmlsbGEuXjAwMDAwMA==
YdEbAQ,,W1RvYnldCkFmdGVyIGFsbCB0aGVzZSB5ZWFycy4uLgpJJ20gZmluYWxseSB1c2VmdWwgdG8gc29tZW9uZSE=,,,,,W1RvYnldCkRlcG9pcyBkZSB0YW50b3MgYW5vcy4uLgpGaW5hbG1lbnRlIHNvdSDDunRpbCBwYXJhIGFsZ3XDqW0h,,W1RvYnldCkRlc3B1w6lzIGRlIHRhbnRvcyBhw7Fvcy4uLgrCoVBvciBmaW4gbGUgc295IMO6dGlsIGEgYWxndWllbiE=
YtEbAQ,,W3swfV0KTm8sIHRoYW5rcy4=,,,,,W3swfV0KTsOjbywgb2JyaWdhZG8u,,W3swfV0KTm8sIGdyYWNpYXMu
Y9EbAQ,,W05hdGl2ZSBZb3VuZyBNYW5dCllvdSBkb24ndC4uLgpeMzMzMzMzKlNvYipeMDAwMDAwIFlvdSBkb24ndApuZWVkIG1lIGF0IGFsbD8=,,,,,W0pvdmVtIG5hdGl2b10KVm9jw6ogbsOjby4uLgpeMzMzMzMzKlNvbHXDp28qXjAwMDAwMCBWb2PDqiBuw6NvIHByZWNpc2EgZGUgbWltPwo=,,W0pvdmVuIGRlbCBsdWdhcl0Kwr9ObyBtZS4uLgpeMzMzMzMzKlNvbGxvemEqXjAwMDAwMCDCv05vIG1lCm5lY2VzaXRhcyBwYXJhIG5hZGE/
