ACChBw,,VW51c3VhbCBwZXJzb24=,,,,,UGVzc29hIEluY29tdW0=,,UGVyc29uYSBJbnVzdWFs
ASChBw,,W1NvbWVvbmUgY3JhenkgYWJvdXQgSnVub10KWXVub34gVmlzaXQgSnVub34gSWYgeW91IHdlcmUgYm9ybiBhcyBhIGh1bWFuLCBnbyB0byBKdW5vfiBJZiB5b3UgaGF2ZSBjb21lIHRvIFNjaHdhcnR6d2FsZCwgZ28gdG8gSnVub34gSWYgeW91IGFyZSBicmVhdGhpbmcsIGdvIHRvIEp1bm9+,,,,,W0FsZ3XDqW0gbG91Y28gcG9yIEp1bm9dCkp1bm8hIFZpc2l0ZSBKdW5vISBTZSB2b2PDqiBuYXNjZXUgdW0gc2VyIGh1bWFubywgdsOhIHBhcmEgSnVubyEgU2Ugdm9jw6ogdmVpbyBkZSBTY2h3YXJ0endhbGQsIHbDoSBwYXJhIEp1bm8hIFNlIHZvY8OqIHJlc3BpcmEsIHbDoSBwYXJhIEp1bm8h,,W0FsZ3VpZW4gcXVlIGFkb3JhIEp1bm9dCkp1bm9+LiBWaXNpdGEgSnVub34uIFNpIG5hY2lzdGUgY29tbyBodW1hbm8sIHZlIGEgSnVub34uIFNpIHZpbmlzdGUgYSBTY2h3YXJ6d2FsZCwgdmUgYSBKdW5vfi4gU2kgcmVzcGlyYXMsIHZlIGEgSnVub34u
AiChBw,,Wz8/P10KSnVub34gVmlzaXQgSnVub34gSWYgeW91IHdlcmUgYm9ybiBhcyBhIGh1bWFuLCBnbyB0byBKdW5vfiBJZiB5b3UgaGF2ZSBjb21lIHRvIFNjaHdhcnR6d2FsZCwgZ28gdG8gSnVub34gSWYgeW91IGFyZSBicmVhdGhpbmcsIGdvIHRvIEp1bm9+,,,,,Wz8/P10KSnVubyEgVmlzaXRlIEp1bm8hIFNlIHZvY8OqIG5hc2NldSB1bSBzZXIgaHVtYW5vLCB2w6EgcGFyYSBKdW5vISBTZSB2b2PDqiB2ZWlvIGRlIFNjaHdhcnR6d2FsZCwgdsOhIHBhcmEgSnVubyEgU2UgcmVzcGlyYSwgdsOhIHBhcmEgSnVubyE=,,W8K/wr/Cvz8/P10KSnVub34uIFZpc2l0YSBKdW5vfi4gU2kgbmFjaXN0ZSBjb21vIGh1bWFubywgdmUgYSBKdW5vfi4gU2kgdmluaXN0ZSBhIFNjaHdhcnp3YWxkLCB2ZSBhIEp1bm9+LiBTaSByZXNwaXJhcywgdmUgYSBKdW5vfi4=
AyChBw,,W3swfV0KVGhleSB0b2xkIG1lIHRvIG1lZXQgdGhlIGFnZW50IG9mIHRoZSBTZWNyZXQgV2luZ3MuIENvdWxkIGl0IGJlIHRoYXQgcGVyc29uPyBXZWxsLCBieSBubyBtZWFucy4uLg==,,,,,W3swfV0KTWUgZGlzc2VyYW0gcGFyYSBlbmNvbnRyYXIgbyBhZ2VudGUgZG8gVmVudG8gU2VjcmV0by4gU2Vyw6EgYXF1ZWxhIHBlc3NvYT8gTsOjbywgZGUgamVpdG8gbmVuaHVtLi4u,,W3swfV0KTWUgZGlqZXJvbiBxdWUgbWUgcmV1bmllcmEgY29uIGVsIGFnZW50ZSBkZWwgVmllbnRvIFNlY3JldG8uIMK/U2Vyw6EgZXNhIHBlcnNvbmE/IEJ1ZW5vLCBkZSBuaW5ndW5hIG1hbmVyYS4uLg==
BCChBw,,TG9va3MgbGlrZSBldmVyeSBtb21lbnQgd2lsbCBiZSBwYWluZnVsIGlmIEkgYW0gdG9nZXRoZXIgd2l0aCBoaW0uLiBJdCBtdXN0IG5vdCBiZSBoaW0u,,,,,UGFyZWNlIHF1ZSBjYWRhIG1vbWVudG8gcGVydG8gZGVsZSB2YWkgc2VyIGNoYXRvLi4uIG7Do28gZGV2ZSBzZXIgZWxlLiA=,,U2kgZXN0b3kgY29uIMOpbCwgY2FkYSBpbnN0YW50ZSBzZXLDoSB1biB0b3JtZW50by4uLiBObyBwdWVkZSBzZXIgw6lsLg==
BSChBw,,Wz8/P10KWW8hIE5pY2UgdG8gbWVldCB5b3Uh,,,,,Wz8/P10KRSBhw60hIFByYXplciBlbSBjb25oZWNlciB2b2PDqiE=,,W8K/wr/Cvz8/P10KwqFPeWUhIMKhVW4gcGxhY2VyIGNvbm9jZXJ0ZSE=
BiChBw,,W3swfV0KTm8sIGl0IHNob3VsZCBuZXZlciBiZSBoaW0uLi4gTGV0J3MgaWdub3JlIGhpbSBmb3Igbm93Lg==,,,,,W3swfV0KTsOjbywgbsOjbyBwb2RlIHNlciBlbGUgbnVuY2EuLi4gVm91IGlnbm9yw6EtbG8gcG9yIGVucXVhbnRvLg==,,W3swfV0KTm8sIG5vIHB1ZWRlIHNlciDDqWwuLi4gUG9yIGFob3JhLCBpZ25vcsOpbW9zbG8u
ByChBw,,Wz8/P10KQSBoZXJvbiBzd2FsbG93cyBhIGZpc2ggYWxvbmUu,,,,,Wz8/P10KVW1hIGdhcsOnYSBlbmdvbGUgdW0gcGVpeGUgc296aW5oYS4=,,W8K/wr/Cvz8/P10KTGEgZ2FyemEgc2UgdHJhZ2EgdW4gcGV6IHNvbGEu
CCChBw,,W3swfV0KSGVyb24gd2FudHMgdG8gZHJpbmsgd2F0ZXI/,,,,,W3swfV0KQSBnYXLDp2EgcXVlciBiZWJlciDDoWd1YT8=,,W3swfV0Kwr9MYSBnYXJ6YSBxdWllcmUgYmViZXIgYWd1YT8=
CSChBw,,Wz8/P10KSW4gdGhhdCBjYXNlLCB5b3Ugc2hvdWxkIHNheSAnQSBoZXJvbiBoaWRlcyBpdHMgc2VjcmV0IGluIHRoZSB3aW5ncycuIERpZG4ndCB5b3UgaGVhciB0aGF0IGJlZm9yZSBsZWF2aW5nPw==,,,,,Wz8/P10KTmVzc2UgY2Fzbywgdm9jw6ogZGV2ZXJpYSBkaXplciAnQSBnYXLDp2EgZXNjb25kZSBzZXUgc2VncmVkbyBuYXMgYXNhcycuIE7Do28gdGUgZGlzc2VyYW0gaXNzbyBhbnRlcyBkZSBzYWlyPw==,,W8K/wr/Cvz8/P10KRW4gZXNlIGNhc28sIGRlYmVyw61hcyBkZWNpcjog4oCcVW5hIGdhcnphIG9jdWx0YSBzdSBzZWNyZXRvIGVuIGxhcyBhbGFz4oCdLiDCv05vIG/DrXN0ZSBlc28gYW50ZXMgZGUgaXJ0ZT8=
CiChBw,,SSBtZWFuLCBteSBjb2RlIG5hbWUgaXMgSGVyb24u,,,,,UXVlciBkaXplciwgbWV1IGNvZGlub21lIMOpIEdhcsOnYS4=,,RXMgZGVjaXIsIG1pIG5vbWJyZSBlbiBjbGF2ZSBlcyDigJxHYXJ6YeKAnS4=
CyChBw,,W3swfV0KWW91IG11c3QgYmUgY29uZnVzaW5nIG1lIHdpdGggc29tZW9uZSBlbHNlLi4u,,,,,W3swfV0KVm9jw6ogZGV2ZSBlc3RhciBtZSBjb25mdW5kaW5kbyBjb20gYWxndcOpbS4uLg==,,W3swfV0KRGViZXMgZXN0YXIgY29uZnVuZGnDqW5kb21lIGNvbiBvdHJhIHBlcnNvbmEuLi4=
DCChBw,,Wz8/P10KezB9SXNuJ3QgaXQgeW91Li4uPyBJdCBtdXN0IGJlIHlvdSEgV2h5IGRvIHlvdSBwcmV0ZW5kIGFzIHlvdSBhcmUgbm90Pw==,,,,,Wz8/P10KezB9PyBOw6NvIMOpIHZvY8OqPyBUZW0gcXVlIHNlciB2b2PDqiEgUG9yIHF1ZSBmaW5nZSBxdWUgbsOjbyDDqT8=,,W8K/wr/Cvz8/P10KezB9LCDCv25vIGVyZXMgdMO6Li4uPyDCoVRpZW5lcyBxdWUgc2VyIHTDuiEgwr9Qb3IgcXXDqSBmaW5nZXMgcXVlIG5vIGxvIGVyZXM/
DSChBw,,W3swfV0KSSBhbSB7MH0gdGhhdCBwZXJzb24uIEJ1dC4uLg==,,,,,W3swfV0KTWV1IG5vbWUgw6kgezB9LCByZWFsbWVudGUsIG1hcy4uLg==,,W3swfV0KU295IHswfSwgZXNhIHBlcnNvbmEuIFBlcm8uLi4=
DiChBw,,Wz8/P10KQXJlIHlvdSBzdXJlIHlvdSBkb24ndCBrbm93IGFueXRoaW5nPyBNeSBuYW1lIGlzIF4wMDAwQ0RMZWl6aV4wMDAwMDAuIE9mIGNvdXJzZSBpdCdzIG5vdCBteSByZWFsIG5hbWUuIEZvciBub3csIHlvdSBjYW4ganVzdCByZW1lbWJlciB0aGF0IG5hbWUu,,,,,Wz8/P10KVGVtIGNlcnRlemEgZGUgcXVlIG7Do28gc2FiZSBkZSBuYWRhPyBNZXUgbm9tZSDDqSBeMDAwMENETmFsYW5kcm9eMDAwMDAwLiBDbGFybywgZXNzZSBuw6NvIMOpIG1ldSBub21lIHZlcmRhZGVpcm8uIFBvciBlbnF1YW50bywgYmFzdGEgbGVtYnJhciBlc3NlIG5vbWUu,,W8K/wr/Cvz8/P10Kwr9SZWFsbWVudGUgbm8gc2FiZXMgbmFkYT8gTWUgbGxhbW8gXjAwMDBDRExhenleMDAwMDAwLiBQb3Igc3VwdWVzdG8gcXVlIG5vIGVzIG1pIHZlcmRhZGVybyBub21icmUuIFBvciBhaG9yYSwgZXMgc3VmaWNpZW50ZSBjb24gcXVlIHJlY3VlcmRlcyBlc2Ugbm9tYnJlLg==
DyChBw,,Wz8/P10KSSBoYXZlIGJlZW4gYXNzaWduZWQgdG8gdGhpcyBtaXNzaW9uIHdpdGggeW91LiBXZSBoYXZlIHRvIGFzayB0aGUgUmViZWxsaW9uIGZvciBjb29wZXJhdGlvbi4=,,,,,Wz8/P10KRnVpIGRlc2lnbmFkbyBwYXJhIGVzc2EgbWlzc8OjbyBjb20gdm9jw6ouIFByZWNpc2Ftb3MgcGVkaXIgYSBjb2xhYm9yYcOnw6NvIGRhIFJlYmVsacOjby4=,,W8K/wr/Cvz8/P10KTWUgYXNpZ25hcm9uIGEgZXN0YSBtaXNpw7NuIGNvbnRpZ28uIFRlbmVtb3MgcXVlIHBlZGlyIGxhIGNvb3BlcmFjacOzbiBkZSBsYSBSZWJlbGnDs24u
ECChBw,,W3swfV0KSWYgeW91IGFyZSBMYXp5LCB5b3UgbXVzdCBiZSB0aGUgYWdlbnQgb2YgdGhlIFNlY3JldCBXaW5ncy4gUmlnaHQ/,,,,,W3swfV0KU2Ugc2V1IG5vbWUgw6kgTmFsYW5kcm8sIHZvY8OqIGRldmUgc2VyIG8gYWdlbnRlIGRvIFZlbnRvIFNlY3JldG8uIENlcnRvPw==,,W3swfV0KU2kgZXJlcyBMYXp5LCBkZWJlcyBzZXIgZWwgYWdlbnRlIGRlbCBWaWVudG8gU2VjcmV0by4gwr9WZXJkYWQ/
ESChBw,,W0xlaXppXQpQaXBlIGRvd25+IFlvdSBtdXN0IG5vdCBzYXkgdGhhdCB3b3JkIGluIGEgcHVibGljIHBsYWNlIGxpa2UgdGhpcyEgWW91IG11c3QgYWx3YXlzIGJlIGNhcmVmdWwhIFJlbWVtYmVyIHRoYXQgd2UgYXJlIGluIHRoZSBtaWRkbGUgb2YgYSBtaXNzaW9uIQ==,,,,,W05hbGFuZHJvXQpGYWxlIGJhaXhvISBWb2PDqiBuw6NvIGRldmUgZGl6ZXIgZXNzYSBwYWxhdnJhIGVtIHDDumJsaWNvISBEZXZlIHNlbXByZSB0ZXIgY3VpZGFkbyEgTGVtYnJlLXNlIGRlIHF1ZSBlc3RhbW9zIG5vIG1laW8gZGUgdW1hIG1pc3PDo28h,,W0xhenldCsKhQmFqYSBsYSB2b3p+ISDCoU5vIGRlYmVzIGRlY2lyIGVzYSBwYWxhYnJhIGVuIHVuIGx1Z2FyIHDDumJsaWNvIGNvbW8gZXN0ZSEgwqFTaWVtcHJlIGhheSBxdWUgdGVuZXIgY3VpZGFkbyEgUmVjdWVyZGEgcXVlIGVzdGFtb3MgZW4gbWVkaW8gZGUgdW5hIG1pc2nDs24u
EiChBw,,SSB0YXVnaHQgbXkgY29kZSBuYW1lICdIZXJvbicgdG8gdGhlbSBhbmQgeW91IGRvbid0IGtub3cgdGhhdCEgV2hvIHdhcyBpbiBjaGFyZ2Ugb2YgdGhpcyBjb21tdW5pY2F0aW9uPyBBIGRydWcgdXNlcj8=,,,,,RXUgZGlzc2UgbyBtZXUgY29kaW5vbWUsICdHYXLDp2EnIGUgdm9jw6ogbsOjbyBzYWJpYSEgUXVlbSBlc3RhdmEgZW5jYXJyZWdhZG8gZGEgY29tdW5pY2HDp8Ojbz8gVW0gYsOqYmFkbz8=,,TGVzIGVuc2XDscOpIG1pIG5vbWJyZSBlbiBjbGF2ZSDigJxHYXJ6YeKAnSwgwqF5IHTDuiBubyBsbyBzYWJlcyEgwr9RdWnDqW4gZXN0YWJhIGEgY2FyZ28gZGUgZXN0YSBjb211bmljYWNpw7NuPyDCv1VuIGJvcnJhY2hvPw==
EyChBw,,W3swfV0KWWVzLCBZZXMu,,,,,W3swfV0KU2ltLCBzaW0u,,W3swfV0KU8OtLCBzw60u
FCChBw,,W0xlaXppXQpKdXN0IGJ5IGxvb2tpbmcgYXQgeW91LCBJIGtub3cgdGhleSBoYXZlIGJyb3VnaHQgc29tZW9uZSB2ZXJ5IHNtYXJ0LiBBbmQgdGhlIGNhbGx1cyBpbiB5b3VyIGhhbmQgaW5kaWNhdGVzIHRoYXQgeW91IGFyZSBhIG1hbiBvZiB0aGUgd29ybGQu,,,,,W05hbGFuZHJvXQpTw7MgZGUgb2xoYXIgcHJhIHZvY8OqLCBqw6Egc2VpIHF1ZSB0cm91eGVyYW0gYWxndcOpbSBtdWl0byBpbnRlbGlnZW50ZS4gRSBzdWEgbcOjbyBjYWxlamFkYSBpbmRpY2EgcXVlIHZvY8OqIMOpIGV4cGVyaWVudGUu,,W0xhenldClNvbG8gY29uIG1pcmFydGUsIHPDqSBxdWUgZWxpZ2llcm9uIGEgYWxndWllbiBtdXkgaW50ZWxpZ2VudGUuIFkgZWwgY2FsbG8gZW4gdHUgbWFubyBpbmRpY2EgcXVlIGVyZXMgdW5hIHBlcnNvbmEgY29uIGV4cGVyaWVuY2lhIGVuIGVsIG11bmRvLg==
FSChBw,,W0xlaXppXQpZb3UgYXJlIGFsc28gdGFraW5nIHNvbWVvbmUgb2ZmIGhpcy9oZXIgZ3VhcmQgYnkgcHJldGVuZGluZyB0byBiZSBhIGxpdHRsZSBuYWl2ZS4gWW91IGRlc2VydmUgdG8gYmUgdHJ1c3RlZCBieSB0aGUgcm95YWwgZmFtaWxpZXMgb2YgUnVuZSBNaWRnYXJkLg==,,,,,W05hbGFuZHJvXQpWb2PDqiB0YW1iw6ltIGVzdMOhIGJhaXhhbmRvIGEgZ3VhcmRhIGRlIG91dHJhIHBlc3NvYSBhbyBmaW5naXIgbsOjbyBzYWJlciBkZSBuYWRhLiBSZWFsbWVudGUgbWVyZWNlIGEgY29uZmlhbsOnYSBkYXMgZmFtw61saWFzIHJlYWlzIGRlIFJ1bmUtTWlkZ2FyZC4=,,W0xhenldClRhbWJpw6luIGVzdMOhcyB0b21hbmRvIGEgYWxndWllbiBkZXNwcmV2ZW5pZG8gaGFjacOpbmRvdGUgcGFzYXIgcG9yIHVuYSBwZXJzb25hIHVuIHBvY28gaW5nZW51YS4gTWVyZWNlcyBsYSBjb25maWFuemEgZGUgbGFzIGZhbWlsaWFzIHJlYWxlcyBkZSBSdW5lIE1pZGdhcnRzLg==
FiChBw,,UGxlYXNlLCBsZXQgbXkgaGFuZCBnby4=,,,,,UG9yIGZhdm9yLCBsYXJndWUgbWluaGEgbcOjby4=,,UG9yIGZhdm9yLCBzdWVsdGEgbWkgbWFuby4=
FyChBw,,V2h5IGlzIHlvdXIgZmFjZSBnbG93IQ==,,,,,UG9yIHF1ZSBzZXUgcm9zdG8gZXN0w6EgdmVybWVsaG8/,,wr9Qb3IgcXXDqSB0aWVuZXMgbGEgY2FyYSByb2phPw==
GCChBw,,W0xlaXppXQpXaGVuIEkgcmVhZCBhYm91dCB5b3UgaW4gdGhlIHJlcG9ydCwgSSB0aG91Z2h0IHlvdSB3b3VsZCBsb29rIGEgYml0IHNjYXJ5LiBCdXQgYnkgc2VlaW5nIHlvdSBkaXJlY3RseSwgeW91IHNlZW0gdG8gYmUgZGlmZmVyZW50IGZyb20gd2hhdCBJIGhlYXJkLiBUaGF0J3Mgd2h5IHdlIGhhdmUgdG8gbWVldCBzb21lb25lIGRpcmVjdGx5IHRvIGtub3cgaGltL2hlciB3ZWxsLg==,,,,,W05hbGFuZHJvXQpRdWFuZG8gbGkgc29icmUgdm9jw6ogbm8gcmVsYXTDs3JpbywgYWNoZWkgcXVlIHN1YSBhcGFyw6puY2lhIHNlcmlhIG1laW8gYXNzdXN0YWRvcmEuIE1hcywgdmVuZG8gcGVzc29hbG1lbnRlLCB2b2PDqiBwYXJlY2UgZGlmZXJlbnRlLiDDiSBwb3IgaXNzbyBxdWUgdGVtb3MgcXVlIHZlciBhcyBwZXNzb2FzIHBlc3NvYWxtZW50ZSBwYXJhIGNvbmhlY8OqLWxhcyBtZWxob3Iu,,W0xhenldCkN1YW5kbyBsZcOtIHNvYnJlIHRpIGVuIGVsIGluZm9ybWUsIHBlbnPDqSBxdWUgZGFyw61hcyB1biBwb2NvIGRlIG1pZWRvLiBQZXJvLCBhaG9yYSBxdWUgdGUgdmVvLCBwYXJlY2VzIHNlciBkaWZlcmVudGUgZGUgbG8gcXVlIGhlIG/DrWRvLiBQb3IgZXNvLCBlcyBpbXBvcnRhbnRlIHZlciBhIGFsZ3VpZW4gZGlyZWN0YW1lbnRlIHBhcmEgY29ub2NlcmxvIGJpZW4u
GSChBw,,W0xlaXppXQpCeSB0aGUgd2F5LCBob3cgYXJlIHlvdT8gSGF2ZSB5b3UgYmVlbiB0byBBcnVuYWZlbHR6Pw==,,,,,W05hbGFuZHJvXQpBbGnDoXMsIGNvbW8gdm9jw6ogZXN0w6E/IFZvY8OqIGrDoSBlc3RldmUgZW0gQXJ1bmFmZWx0ej8=,,W0xhenldClBvciBjaWVydG8sIMK/Y8OzbW8gZXN0w6FzPyDCv0hhcyBlc3RhZG8gZW4gQXJ1bmFmZWx0ej8=
GiChBw,,W3swfV0KV2VsbCwgeWVzLiBLaW5kIG9mLi4u,,,,,W3swfV0KQmVtLCBzaW0uIE1haXMgb3UgbWVub3MuLi4=,,W3swfV0KQnVlbm8sIHPDrS4uLiBhbGdvIGFzw60uLi4=
GyChBw,,W0xlaXppXQpXb3ctIEhhdmUgeW91IG1ldCB0aGUgUG9wZT8gSGVyIGhpZ2huZXNzIGlzIGdyZWF0LiBJIHJlYWxseSBsaWtlIGhlci4=,,,,,W05hbGFuZHJvXQpVYXUhIFZvY8OqIGNvbmhlY2V1IGEgUGFwaXNhPyBTdWEgQWx0ZXphIMOpIGluY3LDrXZlbC4gRXUgYWRvcm8gZWxhLg==,,W0xhenldCkd1YXUsIMK/Y29ub2Npc3RlIGEgbGEgUGFwaXNhPyBTdSBhbHRlemEgZXMgZ2VuaWFsLiBNZSBjYWUgbXV5IGJpZW4u
HCChBw,,W0xlaXppXQpPaCwgUG9wZS4uLiAhIQ==,,,,,W05hbGFuZHJvXQpBaCwgUGFwaXNhLi4uICEh,,W0xhenldCsKhT2gsIFBhcGlzYS4uLiE=
HSChBw,,TXkgaGVhcnQgd2l0aCB0aGUgcmVkIGJsb29kIGJlbG9uZ3MgdG8gdGhlIFBvcGUuLi4=,,,,,TWV1IGNvcmHDp8OjbyBlIHNhbmd1ZSBwZXJ0ZW5jZW0gw6AgUGFwaXNhLi4u,,TWkgY29yYXrDs24sIGNvbiBzdSBzYW5ncmUgcm9qYSwgbGUgcGVydGVuZWNlIGEgbGEgUGFwaXNhLi4u
HiChBw,,W0xlaXppXQpJJ2QgcmVhbGx5IGxvdmUgdG8gbWVldCB0aGUgUG9wZS4gQnV0IEkgYW0gbm90IG1lbnRhbGx5IHJlYWR5IHRvIHNlZSB0aGUgaG9seSBmYWNlIG9mIGhlciBoaWdobmVzcy4gSSBndWVzcyBJIG1pZ2h0IGJsYWNrIG91dCBvbmNlIEkgc2VlIHRoZSBQb3BlLiBJZiB5b3UgaGF2ZSB0aW1lIGxhdGVyIG9uLCBwbGVhc2UgdGFrZSBtZSB0byB0aGUgUG9wZS4=,,,,,W05hbGFuZHJvXQpFdSBhZG9yYXJpYSBjb25oZWNlciBhIFBhcGlzYS4uLiBNYXMgbsOjbyBlc3RvdSBtZW50YWxtZW50ZSBwcmVwYXJhZG8gcGFyYSB2ZXIgYSBmYWNlIHNhZ3JhZGEgZGUgU3VhIEFsdGV6YS4gQWNobyBxdWUgcG9zc28gZGVzbWFpYXIgYW8gdmVyIGEgUGFwaXNhLCBtYXMgc2UgdGl2ZXIgdGVtcG8gZGVwb2lzLCBwb3IgZmF2b3IsIG1lIGxldmUgYXTDqSBlbGEu,,W0xhenldCk1lIGVuY2FudGFyw61hIGNvbm9jZXIgYSBsYSBQYXBpc2EuIFBlcm8gbm8gZXN0b3kgbWVudGFsbWVudGUgcHJlcGFyYWRvIHBhcmEgdmVyIGVsIHJvc3RybyBzYWdyYWRvIGRlIFN1IEFsdGV6YS4gQ3JlbyBxdWUgcG9kcsOtYSBkZXNtYXlhcm1lIGVuIGN1YW50byBsYSB2ZWEuIFNpIG3DoXMgdGFyZGUgdGllbmVzIHRpZW1wbywgcG9yIGZhdm9yIGxsw6l2YW1lIGEgY29ub2NlciBhIGxhIFBhcGlzYS4=
HyChBw,,W0xlaXppXQpCeSB0aGUgd2F5LCB3aGF0IGFyZSB3ZSBkb2luZyBoZXJlPyBBcmVuJ3Qgd2Ugc3VwcG9zZWQgdG8gbWVldCBpbiBeMDAwMENERWluYmVjaF4wMDAwMDA/IEkgaGF2ZSBiZWVuIHdhaXRpbmcgZm9yIGEgbG9uZyB0aW1lIGFuZCBjYW1lIGhlcmUuIEFuZCBJIGZvdW5kIHlvdSBoZXJlLg==,,,,,W05hbGFuZHJvXQpBbGnDoXMsIG8gcXVlIGVzdGFtb3MgZmF6ZW5kbyBhcXVpPyBOw6NvIGRldmVyw61hbW9zIHRlciBub3MgZW5jb250cmFkbyBlbSBeMDAwMENERWluYmVjaF4wMDAwMDA/IEV1IGVzcGVyZWkgcG9yIG11aXRvIHRlbXBvIGUgdmltIHBhcmEgY8OhLiBFIGVuY29udHJlaSB2b2PDqi4=,,W0xhenldClBvciBjaWVydG8sIMK/cXXDqSBoYWNlbW9zIGFxdcOtPyDCv05vIHNlIHN1cG9uw61hIHF1ZSBub3MgZW5jb250cmFyw61hbW9zIGVuIF4wMDAwQ0RFaW5iZWNoXjAwMDAwMD8gSGUgZXN0YWRvIGVzcGVyYW5kbyBtdWNobyB0aWVtcG8geSB2aW5lIGhhc3RhIGFxdcOtLi4uIHkgdGUgZW5jb250csOpIGFxdcOtLg==
ICChBw,,W3swfV0KVGhleSB0b2xkIG1lIHRvIGNvbWUgaGVyZS4=,,,,,W3swfV0KRWxlcyBtZSBkaXNzZXJhbSBwYXJhIHZpciBhdMOpIGFxdWku,,W3swfV0KTWUgZGlqZXJvbiBxdWUgdmluaWVyYSBhcXXDrS4=
ISChBw,,W0xlaXppXQpIZXl+IFdobz8gV2hvIHNhaWQgdGhhdD8gVGhlcmUgbXVzdCBoYXZlIGJlZW4gc29tZSBtaXN1bmRlcnN0YW5kaW5nIGR1cmluZyB0aGUgY29tbXVuaWNhdGlvbi4gV2UgbXVzdCBnbyB0byBFaW5iZWNoLg==,,,,,W05hbGFuZHJvXQpFaSEgUXVlbT8gUXVlbSBkaXNzZSBpc3NvPyBEZXZlIHRlciBoYXZpZG8gYWxndW0gbWFsLWVudGVuZGlkbyBkdXJhbnRlIGEgY29tdW5pY2HDp8Ojby4gRGV2ZW1vcyBpciBwYXJhIEVpbmJlY2gu,,W0xhenldCkV5fi4gwr9RdWnDqW4/IMK/UXVpw6luIGRpam8gZXNvPyBTZWd1cm8gaHVibyBhbGfDum4gbWFsZW50ZW5kaWRvIGR1cmFudGUgbGEgY29tdW5pY2FjacOzbi4gRGViZW1vcyBpciBhIEVpbmJlY2gu
IiChBw,,TWF5YmUgc29tZWJvZHkgd2FudGVkIHlvdSB0byBzdHJ1Z2dsZS4=,,,,,VGFsdmV6IGFsZ3XDqW0gcXVpcyBhdHJhcGFsaGFyIHZvY8OqLg==,,VGFsIHZleiwgYWxndWllbiBxdWVyw61hIHF1ZSB0ZSBlc2ZvcnphcmFzLg==
IyChBw,,W0xlaXppXQpXZWxsLCBzaW5jZSBJIGxpa2UgYSB0cmFpbiwgaXQgZG9lc24ndCBtYXR0ZXIgaG93IG1hbnkgdGltZXMgSSB0YWtlIGl0Lg==,,,,,W05hbGFuZHJvXQpCZW0sIGNvbW8gZXUgZ29zdG8gZGUgdHJlbnMsIG7Do28gaW1wb3J0YSBxdWFudGFzIHZlemVzIGV1IHBlZ3VlIHVtLg==,,W0xhenldCkJ1ZW5vLCBjb21vIG1lIGd1c3RhIGVsIHRyZW4sIG5vIGltcG9ydGEgY3XDoW50YXMgdmVjZXMgbG8gdG9tZS4=
JCChBw,,W0xlaXppXQpMZXQncyBodXJyeSB1cC4gV2UgaGF2ZSBhIGxvbmcgd2F5IHRvIGdvLg==,,,,,W05hbGFuZHJvXQpWYW1vcyBsb2dvLiBUZW1vcyB1bSBsb25nbyBjYW1pbmhvIHBlbGEgZnJlbnRlLg==,,W0xhenldCkTDqW1vbm9zIHByaXNhLiBOb3MgcXVlZGEgbXVjaG8gY2FtaW5vIHBvciByZWNvcnJlci4=
JSChBw,,W3swfV0KV2hlcmUgYXJlIHdlIGdvaW5nIG5vdz8=,,,,,W3swfV0KQW9uZGUgdmFtb3MgYWdvcmE/,,W3swfV0Kwr9BIGTDs25kZSB2YW1vcyBhaG9yYT8=
JiChBw,,W0xlaXppXQpUaGUgbW9zdCBkYW5nZXJvdXMgcGxhY2Uu,,,,,W05hbGFuZHJvXQpPIGx1Z2FyIG1haXMgcGVyaWdvc28gZGUgdG9kb3Mu,,W0xhenldCkFsIGx1Z2FyIG3DoXMgcGVsaWdyb3NvLg==
JyChBw,,W0xlaXppXQpDYWxtIGRvd24hIEknbSBqdXN0IGtpZGRpbmcuIFlvdSBhcmUgdG9vIHNlcmlvdXMuIFdlIGFyZSBqdXN0IGdvaW5nIHRvIHRoZSBzZWNyZXQgYmFzZSBvZiB0aGUgUmViZWxsaW9uIGluIEVpbmJlY2gu,,,,,W05hbGFuZHJvXQpBY2FsbWUtc2UhIEZvaSBzw7MgdW1hIGJyaW5jYWRlaXJhLiBWb2PDqiBsZXZhIHR1ZG8gYSBzw6lyaW8uIFZhbW9zIGFwZW5hcyBwYXJhIGEgYmFzZSBzZWNyZXRhIGRhIFJlYmVsacOjbyBlbSBFaW5iZWNoLg==,,W0xhenldCsKhQ8OhbG1hdGUhIFNvbG8gZXN0b3kgYnJvbWVhbmRvLiBObyB0ZSB0b21lcyB0b2RvIGVuIHNlcmlvLiBTb2xvIHZhbW9zIGEgbGEgYmFzZSBzZWNyZXRhIGRlIGxhIFJlYmVsacOzbiBlbiBFaW5iZWNoLg==
KCChBw,,WW91ciBmYWNlIGlzIHBhbGUgbm93LiBBcmUgeW91IGFsbCByaWdodD8gSWYgeW91IHdhbnQgdG8gdm9taXQsIHlvdSBjYW4gZG8gaXQgb3ZlciB0aGVyZS4=,,,,,U2V1IHJvc3RvIGVzdMOhIHDDoWxpZG8uIEVzdMOhIHR1ZG8gYmVtPyBTZSBxdWlzZXIsIHBvZGUgdm9taXRhciBhbGku,,VGllbmVzIGVsIHJvc3RybyBww6FsaWRvLiDCv0VzdMOhcyBiaWVuPyBTaSBxdWllcmVzIHZvbWl0YXIsIHB1ZWRlcyBoYWNlcmxvIGFsbMOtLg==
KSChBw,,W0xlaXppXQpJJ20ganVzdCBzYXlpbmcgdGhhdCBJIGZlZWwgbGlrZSBpdCBpcyBkYW5nZXJvdXMuIEkgZG9uJ3QgbWVhbiBpdCB3aWxsIHJlYWxseSBiZSBkYW5nZXJvdXMuIENhbG0gZG93bi4=,,,,,W05hbGFuZHJvXQpTw7MgZXN0b3UgZGl6ZW5kbyBxdWUgYWNobyBxdWUgw6kgcGVyaWdvc28uIE7Do28gc2lnbmlmaWNhIHF1ZSBpc3NvIMOpIHZlcmRhZGUuIEFjYWxtZS1zZS4=,,W0xhenldClNvbG8gZGlnbyBxdWUgbWUgcGFyZWNlIHBlbGlncm9zby4gTm8gc2lnbmlmaWNhIHF1ZSBzZWEgcmVhbG1lbnRlIHBlbGlncm9zby4gVHJhbnF1aWzDrXphdGUu
KiChBw,,W3swfV0KSWYgd2UgYXJlIG5lZ290aWF0aW5nIHdpdGggdGhlIFJlYmVsbGlvbiwgd2h5IGFyZSB3ZSBnb2luZyB0byBFaW5iZWNoIGluc3RlYWQgb2YgRWluYnJvY2g/,,,,,W3swfV0KU2UgdmFtb3MgbmVnb2NpYXIgY29tIGEgUmViZWxpw6NvLCBwb3IgcXVlIHZhbW9zIHBhcmEgRWluYmVjaCwgZSBuw6NvIEVpbmJyb2NoPw==,,W3swfV0KU2kgZXN0YW1vcyBuZWdvY2lhbmRvIGNvbiBsYSBSZWJlbGnDs24sIMK/cG9yIHF1w6kgdmFtb3MgYSBFaW5iZWNoIGVuIHZleiBkZSBhIEVpbmJyb2NoPw==
KyChBw,,W0xlaXppXQpIYXZlIHlvdSBoZWFyZCBvZiB0aGUgbWVyY2VuYXJ5IHJldm9sdCBpbiBTY2h3YXJ0endhbGQ/,,,,,W05hbGFuZHJvXQpWb2PDqiBqw6Egb3V2aXUgZmFsYXIgZGEgUmViZWxpw6NvIE1lcmNlbsOhcmlhIGVtIFNjaHdhcnR6d2FsZD8=,,W0xhenldCsK/SGFzIG/DrWRvIGhhYmxhciBkZSBsYSByZXZ1ZWx0YSBkZSBsb3MgbWVyY2VuYXJpb3MgZW4gU2Nod2FyendhbGQ/
LCChBw,,W0xlaXppXQpUbyB0ZWxsIHlvdSBicmllZmx5LCB0aGUgbWVyY2VuYXJpZXMgd2VyZSB1c2VkIGFzIGEgZ2Fycmlzb24gb2YgdGhlIHJlcHVibGljLiBCdXQgYXMgdGhlIHJlcHVibGljIGRldmVsb3BlZCBhIEd1YXJkaWFuLCB0aGV5IHdlcmUgYWJvdXQgdG8gYmUgYWJhbmRvbmVkLiBUaGVuIHRoZSBtZXJjZW5hcmllcyByb3NlIGluIHJldm9sdCBhbmQgd2VyZSBuZWFybHkgYW5uaWhpbGF0ZWQu,,,,,W05hbGFuZHJvXQpQYXJhIHJlc3VtaXIsIG9zIEp1c3RpY2Vpcm9zIGVyYW0gdXNhZG9zIGNvbW8gZ3Vhcm5pw6fDtWVzIGRhIHJlcMO6YmxpY2EuIE1hcywgY29tbyBhIHJlcMO6YmxpY2EgZGVzZW52b2x2ZXUgdW0gR3VhcmRpw6NvIEF1dG9tYXRpemFkbywgZWxlcyBlc3RhdmFtIHByZXN0ZXMgYSBzZXJlbSBhYmFuZG9uYWRvcy4gRW50w6NvIG9zIEp1c3RpY2Vpcm9zIHNlIHJldm9sdGFyYW0gZSBmb3JhbSBxdWFzZSBhbmlxdWlsYWRvcy4=,,W0xhenldClBhcmEgcmVzdW1pcnRlLCBsb3MgbWVyY2VuYXJpb3MgZnVlcm9uIHVzYWRvcyBjb21vIGd1YXJuaWNpw7NuIGRlIGxhIHJlcMO6YmxpY2EuIFBlcm8gY3VhbmRvIGxhIHJlcMO6YmxpY2EgZGVzYXJyb2xsw7MgdW4gR3VhcmRpw6FuLCBlc3RhYmFuIGEgcHVudG8gZGUgc2VyIGFiYW5kb25hZG9zLiBFbnRvbmNlcyBsb3MgbWVyY2VuYXJpb3Mgc2UgcmViZWxhcm9uIHkgZXN0dXZpZXJvbiBhIHB1bnRvIGRlIHNlciBhbmlxdWlsYWRvcy4=
LSChBw,,W0xlaXppXQpTb21lIG9mIHRoZSByZW1uYW50cyB3ZW50IHRvIEh1Z2VsLCBCdXQgdGhlIHJlc3Qgb2YgdGhlbSBnYXRoZXJlZCBpbiBFaW5iZWNoIGFuZCBFaW5icm9jaCB0byBvcmdhbml6ZSB0aGUgUmViZWxsaW9uLiBCeSB0aGUgd2F5LCBFaW5icm9jaCBpcyBhIGxhcmdlIGNpdHkgd2hlcmUgbWFueSBwZW9wbGUgbGl2ZSBhbnMgcGFzcyBieS4gSXNuJ3QgaXQ/,,,,,W05hbGFuZHJvXQpBbGd1bnMgcmVtYW5lc2NlbnRlcyBmb3JhbSBwYXJhIEh1Z2VsLCBtYXMgbyByZXN0YW50ZSByZXVuaXUtc2UgZW0gRWluYmVjaCBlIEVpbmJyb2NoIHBhcmEgb3JnYW5pemFyIGEgUmViZWxpw6NvLiBBbGnDoXMsIEVpbmJyb2NoIMOpIHVtYSBjaWRhZGUgZ3JhbmRlLCBvbmRlIG11aXRhIGdlbnRlIHZpdmUgZSB0cmFuc2l0YS4gTsOjbyDDqT8=,,W0xhenldCkFsZ3Vub3MgZGUgbG9zIHJlc3RvcyBzZSBkaXJpZ2llcm9uIGEgSHVnZWwsIHBlcm8gZWwgcmVzdG8gc2UgcmV1bmnDsyBlbiBFaW5iZWNoIHkgRWluYnJvY2ggcGFyYSBvcmdhbml6YXIgbGEgUmViZWxpw7NuLiBQb3IgY2llcnRvLCBFaW5icm9jaCBlcyB1bmEgZ3JhbiBjaXVkYWQgZG9uZGUgdml2ZSB5IHBhc2EgbXVjaGEgZ2VudGUsIMK/bm8gZXMgYXPDrT8=
LiChBw,,W0xlaXppXQpTbyB0aGUgUmViZWxsaW9uIHB1dCB0aGVpciBndWlsZCBpbiBFaW5icm9jaC4gVGhlIHJlc3Qgb2YgdGhlbSB3ZXJlIGhpZGluZyBzb21ld2hlcmUgZWxzZSBpbiBFaW5icm9jaC4gVGhhdCdzIHdoeSBJIHN1Z2dlc3RlZCB5b3UgdG8gbWVldCBpbiBFaW5iZWNoLi4=,,,,,W05hbGFuZHJvXQpFbnTDo28gb3MgSnVzdGljZWlyb3MgZXN0YWJlbGVjZXJhbSB1bWEgZ3VpbGRhIGVtIEVpbmJyb2NoLiBPIHJlc3RhbnRlIHNlIGVzY29uZGV1IGVtIGFsZ3VtIG91dHJvIGx1Z2FyIGRlIGzDoS4gUG9yIGlzc28sIHN1Z2VyaSBlbmNvbnRyYXIgdm9jw6ogZW0gRWluYmVjaC4uLg==,,W0xhenldCkFzw60gcXVlIFJlYmVsacOzbiBlc3RhYmxlY2nDsyBzdSBncmVtaW8gZW4gRWluYnJvY2guIEVsIHJlc3RvIGRlIGxvcyBtZXJjZW5hcmlvcyBzZSBlc2NvbmRpw7MgZW4gb3RybyBsdWdhciBkZSBFaW5icm9jaC4gUG9yIGVzbywgdGUgc3VnZXLDrSBxdWUgbm9zIHJldW5pw6lyYW1vcyBlbiBFaW5iZWNoLi4u
LyChBw,,W0xlaXppXQpBbnl3YXksIHRoZSBnb3Zlcm5tZW50IHdhcyBvdmVybG9va2luZyB0aGUgcmVtbmFudHMgZm9yIHZhcmlvdXMgcmVhc29ucy4gSSdtIHN1cmUgdGhlIGdvdmVybm1lbnQgaXMgc3RpbGwgdW5jb21mb3J0YWJsZSBhYm91dCBpdC4=,,,,,W05hbGFuZHJvXQpFbmZpbSwgbyBnb3Zlcm5vIGVzdGF2YSBuZWdsaWdlbmNpYW5kbyBvcyByZW1hbmVzY2VudGVzIHBvciB2w6FyaW9zIG1vdGl2b3MuIFRlbmhvIGNlcnRlemEgZGUgcXVlIG8gZ292ZXJubyBjb250aW51YSBkZXNjb25mb3J0w6F2ZWwgY29tIGlzc28u,,W0xhenldCkRlIHRvZG9zIG1vZG9zLCBlbCBnb2JpZXJubyBlc3RhYmEgcGFzYW5kbyBwb3IgYWx0byBsb3Mgc29icmV2aXZpZW50ZXMgcG9yIHZhcmlhcyByYXpvbmVzLiBFc3RveSBzZWd1cm8gZGUgcXVlIGVsIGdvYmllcm5vIGHDum4gc2Ugc2llbnRlIGluY8OzbW9kbyBjb24gZXN0by4=
MCChBw,,W0xlaXppXQpUaGF0J3Mgd2h5IHRoaXMgbmVnb3RpYXRpb24gaXMgc28gaW1wb3J0YW50LiBXZSBhcmUgZ29pbmcgdG8gYXNraW5nIGZvciBoZWxwIHRvIHRoZSBndXkgd2hvJ3MgYW5ncnkgYXQgbWUuIEl0IHdvbid0IGJlIGVhc3ku,,,,,W05hbGFuZHJvXQpFIMOpIHBvciBpc3NvIHF1ZSBlc3NhIG5lZ29jaWHDp8OjbyDDqSB0w6NvIGltcG9ydGFudGUuIFZhbW9zIHBlZGlyIGFqdWRhIGEgYWxndcOpbSBxdWUgdGVtIHJhaXZhIGRlIG1pbS4gTsOjbyBzZXLDoSBmw6FjaWwu,,W0xhenldClBvciBlc28sIGVzIHRhbiBpbXBvcnRhbnRlIGVzdGEgbmVnb2NpYWNpw7NuLiBQZWRpcmVtb3MgYXl1ZGEgYWwgdGlwbyBxdWUgZXN0w6EgZW5mYWRhZG8gY29ubWlnby4gTm8gc2Vyw6EgZsOhY2lsLg==
MSChBw,,W0xlaXppXQpXZSBzaG91bGQgdGhlbSBhIHNlbnNlIG9mIGFwb2xvZ3kgYW5kIGEgcHJvbWlzZSBvZiBob3BlIGluIHRoZSBmdXR1cmUuIEF0IHRoZSBzYW1lIHRpbWUsIF4wMDAwQ0R3ZSBoYXZlIHRvIHJlbGF4IHRoZWlyIG1pbmQgYW5kIHByb21pc2Ugd2l0aCB0aGVtIHRvIGNvb3BlcmF0ZSBpbiBmdXR1cmUgYWZmYWlyc14wMDAwMDAuLi4=,,,,,W05hbGFuZHJvXQpEZXZlbW9zIGRlc2N1bHBhcyBhIGVsZXMsIGp1bnRvIGEgdW1hIHByb21lc3NhIGRlIGVzcGVyYW7Dp2EgcGFyYSBvIGZ1dHVyby4gQW8gbWVzbW8gdGVtcG8sIF4wMDAwQ0RwcmVjaXNhbW9zIGFjYWxtw6EtbG9zIGUgcHJvbWV0ZXIgY29vcGVyYXIgZW0gYXNzdW50b3MgZnV0dXJvcy5eMDAwMDAw,,W0xhenldCkRlYmVtb3MgdHJhbnNtaXRpciB1bmEgbXVlc3RyYSBkZSBkaXNjdWxwYSB5IHVuYSBwcm9tZXNhIGRlIGVzcGVyYW56YSBlbiBlbCBmdXR1cm8uIEFsIG1pc21vIHRpZW1wbywgXjAwMDBDRHRlbmVtb3MgcXVlIHRyYW5xdWlsaXphcmxvcyB5IGNvbXByb21ldGVybm9zIGNvbiBlbGxvcyBhIGNvb3BlcmFyIGVuIGxvcyBhc3VudG9zIGZ1dHVyb3NeMDAwMDAwLi4u
MiChBw,,V2UgaGF2ZSB0byBkbyBpdCBhbG9uZS4=,,,,,UHJlY2lzYW1vcyBmYXplciBpc3NvIHNvemluaG9zLg==,,VGVuZW1vcyBxdWUgaGFjZXJsbyBwb3IgbnVlc3RyYSBjdWVudGEu
MyChBw,,W3swfV0KSnVzdCBieSBsaXN0ZW5pbmcgdG8gaXQsIGl0IHNvdW5kcyByZWFsbHkgZGlmZmljdWx0Lg==,,,,,W3swfV0KU8OzIGRlIG91dmlyLCBqw6EgcGFyZWNlIGJlbSBkaWbDrWNpbC4=,,W3swfV0KUGFyZWNlIGRpZsOtY2lsIGRlIHRhbiBzb2xvIGVzY3VjaGFybG8u
NCChBw,,W0xlaXppXQpUaGUgbW9zdCBkaWZmaWN1bHQgdGhpbmcgaXMgaG93IHRvIGVudGVyIHRoZSBeMDAwMENEc2VjcmV0IGJhc2VeMDAwMDAwIHJhdGhlciB0aGFuIHRhbGtpbmcgdG8gdGhlbS4=,,,,,W05hbGFuZHJvXQpPIG1haXMgZGlmw61jaWwgbsOjbyDDqSBmYWxhciBjb20gZWxlcywgbWFzIHNpbSBlbnRyYXIgbmEgXjAwMDBDRGJhc2Ugc2VjcmV0YV4wMDAwMDAu,,W0xhenldCkVzIG3DoXMgZGlmw61jaWwgZW50cmFyIGVuIGxhIF4wMDAwQ0RiYXNlIHNlY3JldGFeMDAwMDAwIHF1ZSBoYWJsYXIgY29uIGVsbG9zLg==
NSChBw,,W0xlaXppXQpBbnl3YXksIHdlIHdpbGwgdGhpbmsgYWJvdXQgdGhlIG1ldGhvZCBvbiBvdXIgd2F5IHRoZXJlLiBZb3UgSnVzdCB0cnVzdCBtZSBhbmQgZm9sbG93IG1lLiBOb3RoaW5nIGlzIGltcG9zc2libGUgYXMgbG9uZyBhcyB5b3UgdHJ1c3QgbWUuIFlvdSBjYW4gdHJ1c3QgbWUgaW4gYW55IHNpdHVhdGlvbi4=,,,,,W05hbGFuZHJvXQpFbmZpbSwgdmFtb3MgcGVuc2FyIHNvYnJlIGlzc28gbm8gY2FtaW5oby4gU2lnYS1tZSwgZSBjb25maWUgZW0gbWltLiBOYWRhIHNlcsOhIGltcG9zc8OtdmVsIHNlIHZvY8OqIGNvbmZpYXIgZW0gbWltLiBQb2RlIGNvbmZpYXIgZW0gbWltIHBhcmEgcXVhbHF1ZXIgY29pc2Eu,,W0xhenldCkRlIHRvZG9zIG1vZG9zLCB5YSBwZW5zYXJlbW9zIGVuIGPDs21vIGhhY2VybG8gZGUgY2FtaW5vLiBTb2xvIGNvbmbDrWEgZW4gbcOtIHkgc8OtZ3VlbWUuIE5hZGEgZXMgaW1wb3NpYmxlIG1pZW50cmFzIGNvbmbDrWVzIGVuIG3DrS4gUHVlZGVzIGNvbmZpYXIgZW4gbcOtIGVuIGN1YWxxdWllciBzaXR1YWNpw7NuLg==
NiChBw,,W3swfV0KSSBkb24ndCBoYXZlIG11Y2ggZmFpdGggaW4geW91Lg==,,,,,W3swfV0KTsOjbyB0ZW5obyBtdWl0YSBjb25maWFuw6dhIGVtIHZvY8OqLg==,,W3swfV0KTm8gdGVuZ28gbXVjaGEgZmUgZW4gdGku
NyChBw,,W0xlaXppXQpJdCdzIG9rYXksIGJlY2F1c2UgSSB0cnVzdCBteXNlbGYuIE91dCBvZiBhbGwgdGhlc2UgcGVvcGxlIGluIHRoaXMgbGFyZ2Ugd29ybGQsIEkgYW0gdGhlIG9ubHkgb25lIHdob20gSSB0cnVzdC4gU28geW91IGp1c3QgZm9sbG93IG1lLg==,,,,,W05hbGFuZHJvXQpUdWRvIGJlbSwgcG9ycXVlIGV1IGNvbmZpbyBlbSBtaW0gbWVzbW8uIERlIHRvZGFzIGFzIHBlc3NvYXMgZGVzc2UgbXVuZMOjbywgc291IGEgw7puaWNhIGVtIHF1ZSBjb25maW8uIEVudMOjbyBiYXN0YSBtZSBzZWd1aXIu,,W0xhenldCkVzdMOhIGJpZW4gcG9ycXVlIGNvbmbDrW8gZW4gbcOtIG1pc21vLiBEZSB0b2RhcyBlc3RhcyBwZXJzb25hcyBlbiBlc3RlIGdyYW4gbXVuZG8sIHNveSBlbCDDum5pY28gZW4gcXVpZW4gY29uZsOtby4gQXPDrSBxdWUgc8OtZ3VlbWUu
OCChBw,,W3swfV0KWW91IGhhdmUgZ3JlYXQgZmFpdGggaW4geW91cnNlbGYu,,,,,W3swfV0KVm9jw6ogdGVtIGJhc3RhbnRlIGF1dG9jb25maWFuw6dhLg==,,W3swfV0KVGllbmVzIG11Y2hhIGZlIGVuIHRpIG1pc21vLg==
OSChBw,,W0xlaXppXQpPZiBjb3Vyc2UuIElmIEkgZG9uJ3QgZmVlbCBjb25maWRlbnQgYWJvdXQgbXlzZWxmLCBJIGNhbid0IGRvIHRoaXMgam9iLg==,,,,,W05hbGFuZHJvXQpDbGFybyEgU2VtIGF1dG9jb25maWFuw6dhLCBuw6NvIHBvc3NvIGZhemVyIGVzc2UgdHJhYmFsaG8u,,W0xhenldClBvciBzdXB1ZXN0by4gTm8gcHVlZG8gaGFjZXIgZXN0ZSB0cmFiYWpvIHNpIG5vIG1lIHNpZW50byBzZWd1cm8gZGUgbcOtIG1pc21vLg==
OiChBw,,W0xlaXppXQpTb21ldGltZXMgSSBoYXZlIHRvIGZhY2Ugc29tZSB1bnBsZWFzYW50IHNpdHVhdGlvbiwgYW5kIGRvIHRoaW5ncyB0aGF0IGFyZSBub3Qgc29tZXRpbWVzIG1vcmFsLiBCdXQgZm9yIG15IHRhc2sgYW5kIHN1cnZpdmFsLCBJIG11c3Qgbm90IGhlc2l0YXRlIHRvIG1ha2UgbW9tZW50YXJ5IGRlY2lzaW9ucyBhbmQgZXhlY3V0ZSBteSBhY3Rpb25zLg==,,,,,W05hbGFuZHJvXQouLi7DgHMgdmV6ZXMsIHByZWNpc28gbGlkYXIgY29tIHNpdHVhw6fDtWVzIGRlc2FncmFkw6F2ZWlzIGUgZmF6ZXIgY29pc2FzIHF1ZSBlc3TDo28gw6AgbWFyZ2VtIGRhIG1vcmFsaWRhZGUuIE1hcywgZW0gbm9tZSBkYSBtaW5oYSBtaXNzw6NvIGUgc29icmV2aXbDqm5jaWEsIG7Do28gcG9zc28gaGVzaXRhciBlbSB0b21hciBkZWNpc8O1ZXMgZSBmYXplciBvIHF1ZSDDqSBwcmVjaXNvLg==,,W0xhenldCkEgdmVjZXMsIHRlbmdvIHF1ZSBlbmZyZW50YXJtZSBhIHNpdHVhY2lvbmVzIGRlc2FncmFkYWJsZXMgeSBoYWNlciBjb3NhcyBxdWUgbm8gc2llbXByZSBzb24gbW9yYWxlcy4gUGVybywgcG9yIGVsIGJpZW4gZGUgbWkgbWlzacOzbiB5IGRlIG1pIHN1cGVydml2ZW5jaWEsIG5vIGRlYm8gZHVkYXIgZW4gdG9tYXIgZGVjaXNpb25lcyBpbm1lZGlhdGFzIHkgZWplY3V0YXIgbWlzIGFjY2lvbmVzLg==
OyChBw,,W0xlaXppXQpBbmQgbGV0J3Mgc2F5IHlvdSBiZWdpbiB0byBkb3VidCBpdC4gT25jZSB5b3VyIG1pbmQgc3RhcnRzIHRvIHNoYWtlLCB0aGUgdGFzayB3aWxsIGJlIGluIGRhbmdlci4gVW53YXZlcmluZyBjb25maWRlbmNlIGlzIG1vcmUgaW1wb3J0YW50IHRoYW4gYW55dGhpbmcgZWxzZS4=,,,,,W05hbGFuZHJvXQpEaWdhbW9zIHF1ZSB2b2PDqiBjb21lY2UgYSB0ZXIgZMO6dmlkYXMuIFF1YW5kbyBzdWEgbWVudGUgY29tZcOnYSBhIGZyYXF1ZWphciwgYSBtaXNzw6NvIGNvcnJlIHBlcmlnby4gVW1hIGNvbmZpYW7Dp2EgaW5hYmFsw6F2ZWwgw6kgbyBtYWlzIGltcG9ydGFudGUu,,W0xhenldClkgZGlnYW1vcyBxdWUgZW1waWV6YXMgYSBkdWRhci4gRW4gY3VhbnRvIHR1IG1lbnRlIGVtcGllY2UgYSB0ZW1ibGFyLCBsYSBtaXNpw7NuIGVzdGFyw6EgZW4gcGVsaWdyby4gTGEgY29uZmlhbnphIGlucXVlYnJhbnRhYmxlIGVzIG3DoXMgaW1wb3J0YW50ZSBxdWUgY3VhbHF1aWVyIG90cmEgY29zYQ==
PCChBw,,W0xlaXppXQpPZiBjb3Vyc2UsIHlvdSBuZWVkIHRoZSBjYXBhYmlsaXR5IHRvIHN1cHBvcnQgeW91ciBjb25maWRlbmNlLiBZb3UgY2FuJ3QgdHJ1c3QgYW55dGhpbmcgd2l0aG91dCBldmlkZW5jZS4=,,,,,W05hbGFuZHJvXQpDbGFybywgw6kgcHJlY2lzbyB0ZXIgaGFiaWxpZGFkZXMgcXVlIHJlc3BhbGRlbSBzdWEgY29uZmlhbsOnYS4gTsOjbyBkw6EgcGFyYSBjb25maWFyIGVtIGFsZ28gc2VtIGV2aWTDqm5jaWFzLg==,,W0xhenldClBvciBzdXB1ZXN0bywgbmVjZXNpdGFzIGxhIGNhcGFjaWRhZCBwYXJhIHJlc3BhbGRhciB0dSBjb25maWFuemEuIE5vIHB1ZWRlcyBjb25maWFyIGVuIG5hZGEgc2luIGV2aWRlbmNpYS4=
PSChBw,,W3swfV0KQWZ0ZXIgbGlzdGVuaW5nIHRvIHdoYXQgeW91IHNhaWQsIEkgZG9uJ3QgZnVsbHkgdHJ1c3QgeW91LiBCdXQgSSBmZWVsIGxpa2UgaGF2aW5nIHRvIHRydXN0IHlvdS4=,,,,,W3swfV0KQXDDs3Mgb3V2aXIgbyBxdWUgdm9jw6ogZGlzc2UsIGV1IG7Do28gY29uZmlvIHRvdGFsbWVudGUgZW0gdm9jw6ouIE1hcyBldSBzaW50byBxdWUgcHJlY2lzbyBjb25maWFyLg==,,W3swfV0KRGVzcHXDqXMgZGUgZXNjdWNoYXIgbG8gcXVlIGRpamlzdGUsIG5vIGNvbmbDrW8gcGxlbmFtZW50ZSBlbiB0aS4gUGVybyBzaWVudG8gcXVlIHRlbmdvIHF1ZSBoYWNlcmxvLg==
PiChBw,,W0xlaXppXQpJdCdzIHF1aXRlIG5hdHVyYWwuIFZlcnkgZ29vZC4gR29vZCBsdWNrIGluIG91ciBtaXNzaW9uLiBNeSBnb2FsIGlzIHRvIGJ1aWxkIGEgcmVwdXRhdGlvbiBvZiBhIGZhbnRhc3RpYyBkdW8gd2l0aCB5b3Uu,,,,,W05hbGFuZHJvXQpNdWl0byBib20uIE1ldSBvYmpldGl2byDDqSBjb25zdHJ1aXIgYSByZXB1dGHDp8OjbyBkZSBxdWUgc29tb3MgdW1hIGR1cGxhIGZhbnTDoXN0aWNhLg==,,W0xhenldCkVzIGFsZ28gYmFzdGFudGUgbmF0dXJhbC4gTXV5IGJpZW4uIEJ1ZW5hIHN1ZXJ0ZSBlbiBudWVzdHJhIG1pc2nDs24uIE1pIG9iamV0aXZvIGVzIGNvbnN0cnVpciB1bmEgcmVwdXRhY2nDs24gY29tbyB1biBkw7pvIGZhbnTDoXN0aWNvIGNvbnRpZ28u
PyChBw,,W0xlaXppXQpMZXQncyBnZXQgZ29pbmcuIFRoaXMgd2F5Lg==,,,,,W05hbGFuZHJvXQpWYW1vcyBjb250aW51YXIuIFBvciBhcXVpLg==,,W0xhenldClBvbmfDoW1vbm9zIGVuIG1hcmNoYS4gUG9yIGFxdcOtLg==
QCChBw,,W3swfV0KVGhlIHRpY2tldCBnYXRlIGlzIG92ZXIgdGhlcmUhIFdlIGhhdmUgdG8gcGF5IGZvciB0aGUgdHJhaW4uIEFyZSB5b3Ugc2F5aW5nIHdlIHdpbGwgd2FsayB0aGVyZT8=,,,,,W3swfV0KQSBiaWxoZXRlcmlhIMOpIHBvciBhcXVpISBQcmVjaXNhbW9zIHBhZ2FyIGEgcGFzc2FnZW0uIEVzdMOhIGRpemVuZG8gcXVlIHByZWNpc2Ftb3MgYW5kYXIgYXTDqSBsw6E/,,W3swfV0KwqFMYSBib2xldGVyw61hIGVzdMOhIHBvciBhbGzDoSEgVGVuZW1vcyBxdWUgcGFnYXIgZWwgdHJlbi4gwr9Fc3TDoXMgZGljaWVuZG8gcXVlIGlyZW1vcyBjYW1pbmFuZG8/
QSChBw,,W0xlaXppXQpZaWtlcyEgUGlwZSBkb3duISEgT2YgY291cnNlIHdlIGFyZSB0YWtpbmcgYSB0cmFpbi4gSW4gYSBzcGVjaWFsIHBsYWNlIGFuZCBpbiBhIHNwZWNpYWwgd2F5Lg==,,,,,W05hbGFuZHJvXQpDYXJhbWJhISBGYWxlIGJhaXhvISEgw4kgY2xhcm8gcXVlIHZhbW9zIHBlZ2FyIHVtIHRyZW0uIEVtIHVtIGx1Z2FyIGVzcGVjaWFsLCBkZSB1bWEgZm9ybWEgZXNwZWNpYWwu,,W0xhenldCsKhQXkhIMKhQmFqYSBsYSB2b3ohIFBvciBzdXB1ZXN0byBxdWUgaXJlbW9zIGVuIHRyZW4uIEVuIHVuIGx1Z2FyIGVzcGVjaWFsIHkgZGUgdW5hIGZvcm1hIGVzcGVjaWFsLg==
QiChBw,,W3swfV0KQSBmcmVlIHJpZGU/IFdoeT8=,,,,,W3swfV0KVW1hIHZpYWdlbSBncmF0dWl0YT8gUG9yIHF1w6o/,,W3swfV0Kwr9VbiB2aWFqZSBncmF0aXM/IMK/UG9yIHF1w6k/
QyChBw,,UGxlYXNlIGRvbid0IGJyYW5kIGl0IGFzIGEgZnJlZSByaWRlLg==,,,,,UG9yIGZhdm9yLCBuw6NvIGRpZ2EgdmlhZ2VtIGdyYXR1aXRhLg==,,UG9yIGZhdm9yLCBubyBsbyBsbGFtZXMgdW4gdmlhamUgZ3JhdGlzLg==
RCChBw,,W0xlaXppXQpJZiB5b3Ugd2FudCB0byBjYWxsIGl0IGEgZnJlZSByaWRlLCBnbyBhaGVhZC4gQnV0IGRvIHlvdSByZWFsbHkgd2FudCB0byBkaXNjb3VudCB5b3VyIGFjdGlvbiBhcyBhICdmcmVlIHJpZGUnPyBZb3UgY2FuIHVzZWQgdGhlIGVsZWdhbnQgZXhwcmVzc2lvbiAnb2NjdXBhdGlvbiBhZnRlciBjbG9zZWQgaW5maWx0cmF0aW9uJy4=,,,,,W05hbGFuZHJvXQpTZSBxdWlzZXIgY2hhbWFyIGFzc2ltLCB2w6EgZW0gZnJlbnRlLiBNYXMgZGVzZWphIG1lc21vIGRlc21lcmVjZXIgc3VhIGF0dWHDp8OjbyBjb21vIHVtYSBtZXJhICd2aWFnZW0gZ3JhdHVpdGEnPyBWb2PDqiBwb2RlIHVzYXIgdW1hIGV4cHJlc3PDo28gZWxlZ2FudGUsIGNvbW8gJ29jdXBhw6fDo28gYXDDs3MgaW5maWx0cmHDp8Ojbycu,,W0xhenldClNpIHF1aWVyZXMgbGxhbWFybG8gdmlhamUgZ3JhdGlzLCBlc3TDoSBiaWVuLiBQZXJvLCDCv3JlYWxtZW50ZSBxdWllcmVzIHJlYmFqYXIgbG8gcXVlIGhpY2lzdGUgbGxhbcOhbmRvbG8gYXPDrT8gUHVlZGVzIHVzYXIgdW5hIGV4cHJlc2nDs24gbcOhcyBlbGVnYW50ZSBjb21vIOKAnG9jdXBhY2nDs24gdHJhcyB1bmEgaW5maWx0cmFjacOzbiBzZWNyZXRh4oCdLg==
RSChBw,,WWVzLiBZZXMuIEl0IHNvdW5kcyBncmVhdC4=,,,,,U2ltLiBTaW0uIFBhcmVjZSDDs3RpbW8u,,U8OtLiBTw60uIFN1ZW5hIG11eSBiaWVuLg==
RiChBw,,W0xlaXppXQpVc3VhbGx5LCB3ZSBjYW4gZmVlbCBidXkgdGlja2V0cywgc2F5IGhlbGxvIHRvIHRoZSBzdGF0aW9uIHN0YWZmIGVhdCBkZWxpY2lvdXMgc25hY2tzLCBhbmQgZW5qb3kgb3VyIHRyaXAu,,,,,W05hbGFuZHJvXQpOb3JtYWxtZW50ZSwgcG9kZXLDrWFtb3MgY29tcHJhciBiaWxoZXRlcywgZGl6ZXIgb2zDoSBwYXJhIG9zIGZ1bmNpb27DoXJpb3MgZGEgZXN0YcOnw6NvLCBjb21lciBwZXRpc2NvcyBkZWxpY2lvc29zIGUgY3VydGlyIGEgdmlhZ2VtLg==,,W0xhenldCk5vcm1hbG1lbnRlIGNvbXByYW1vcyBsb3MgYm9sZXRvcywgc2FsdWRhciBhbCBwZXJzb25hbCBkZSBsYSBlc3RhY2nDs24sIGNvbWVyIGJvY2FkaWxsb3MgZGVsaWNpb3NvcyB5IGRpc2ZydXRhciBkZSBudWVzdHJvIHZpYWplLg==
RyChBw,,W0xlaXppXQpCdXQgd2UgYXJlIGluIHRoZSBtaWRkbGUgb2YgYSBtaXNzaW9uLiBJdCdzIGFscmVhZHkgYmVndW4uIEl0J3Mga2luZCBvZiBhbiBlbWVyZ2VuY3kuIFNvIHdlIGhhdmUgdG8gYmUgdGVuc2Uu,,,,,W05hbGFuZHJvXQpNYXMgZXN0YW1vcyBubyBtZWlvIGRlIHVtYSBtaXNzw6NvLiBFbGEgasOhIGNvbWXDp291LiDDiSBtZWlvIHF1ZSB1bWEgZW1lcmfDqm5jaWEuIEVudMOjbyBwcmVjaXNhbW9zIGZpY2FyIGFwcmVlbnNpdm9zLg==,,W0xhenldClBlcm8gZXN0YW1vcyBlbiBwbGVuYSBtaXNpw7NuLiBZYSBlbXBlesOzLiBFcyB1bmEgZXNwZWNpZSBkZSBlbWVyZ2VuY2lhLCBhc8OtIHF1ZSB0ZW5lbW9zIHF1ZSBlc3RhciBhbGVydGFzLg==
SCChBw,,W3swfV0KSSByZWFsbHkgZG9uJ3QgdW5kZXJzdGFuZCB0aGUgcmVsYXRpb25zaGlwIGJldHdlZW4gYmVpbmcgdGVuc2UgYW5kIGZyZWUgcmlkaW5nLg==,,,,,W3swfV0KTsOjbyBjb25zaWdvIGVudGVuZGVyIGEgcmVsYcOnw6NvIGVudHJlIGZpY2FyIGFwcmVlbnNpdm8gZSB1bWEgdmlhZ2VtIGdyYXR1aXRhLg==,,W3swfV0KUmVhbG1lbnRlLCBubyBlbnRpZW5kbyBsYSByZWxhY2nDs24gZW50cmUgZXN0YXIgdGVuc28geSB2aWFqYXIgZ3JhdGlzLg==
SSChBw,,W0xlaXppXQpEbyB5b3UgcmVhbGx5IHRoaW5nIEknbSBqdXN0IHRyeWluZyB0byBzYXZlIDIwMCBaZW55PyBJIGtub3cgd2hhdCBJJ20gZG9pbmcuIFlvdSBqdXN0IGZvbGxvdyBtZSB3aXRob3V0IG5hZ2dpbmcuIFdlIGFyZSBpbiBhIGh1cnJ5Lg==,,,,,W05hbGFuZHJvXQpBY2hhIG1lc21vIHF1ZSBzw7MgZXN0b3UgdGVudGFuZG8gZWNvbm9taXphciAyMDAgemVueXM/IFNlaSBvIHF1ZSBlc3RvdSBmYXplbmRvLiBTw7MgbWUgc2lnYSwgZSBuw6NvIHJlY2xhbWUuIEVzdGFtb3MgY29tIHByZXNzYS4=,,W0xhenldCsK/RGUgdmVyZGFkIGNyZWVzIHF1ZSBzb2xvIGVzdG95IHRyYXRhbmRvIGRlIGFob3JyYXIgMjAwIHplbnk/IFPDqSBsbyBxdWUgaGFnby4gU29sbyBzw61ndWVtZSBzaW4gcXVlamFydGUuIFRlbmVtb3MgcHJpc2Eu
SiChBw,,W0xlaXppXQpXaHkgYXJlbid0IHlvdSBmb2xsb3dpbmcgbWU/IFdlIG1pZ2h0IG1pc3MgdGhlIHRyYWluIQ==,,,,,W05hbGFuZHJvXQpQb3IgcXVlIHZvY8OqIG7Do28gZXN0w6EgbWUgc2VndWluZG8/IFZhbW9zIHBlcmRlciBvIHRyZW0h,,W0xhenldCsK/UG9yIHF1w6kgbm8gbWUgZXN0w6FzIHNpZ3VpZW5kbz8gwqFQb2Ryw61hbW9zIHBlcmRlciBlbCB0cmVuIQ==
SyChBw,,W0xlaXppXQpBcmUgeW91IG9rYXkgdG8gYmUgaGVyZSBub3c/,,,,,W05hbGFuZHJvXQpFc3RhciBhcXVpIMOpIHVtIHByb2JsZW1hIHBhcmEgdm9jw6o/,,W0xhenldCsK/RXN0w6FzIGJpZW4gZXN0YW5kbyBhcXXDrSBhaG9yYT8=
TCChBw,,W0xlaXppXQpMb25nIHRpbWUgbm8gc2VlISBJJ20gZ29pbmcgdG8gYW5vdGhlciBtaXNzaW9uIHNwb3QuIEdvdCBpdD8gU2VlIHlvdSBsYXRlciE=,,,,,W05hbGFuZHJvXQpRdWFudG8gdGVtcG8hIFZvdSBwYXJhIG91dHJvIGxvY2FsIGRhIG1pc3PDo28uIEVudGVuZGV1PyBBdMOpIG1haXMgdGFyZGUh,,W0xhenldCsKhQ3XDoW50byB0aWVtcG8gc2luIHZlcnRlISBWb3kgYSBvdHJvIGx1Z2FyIGRlIGxhIG1pc2nDs24uIMK/RW50ZW5kaWRvPyDCoUhhc3RhIGx1ZWdvIQ==
TSChBw,,VmVyeSBzbWFsbCBob2xl,,,,,UGVxdWVubyBCdXJhY28=,,QWd1amVybyBQZXF1ZcOxbw==
TiChBw,,SXQgaXMgYSBzbWFsbCBob2xlIHdoZXJlIG9uZSBjYW4gYmFyZWx5IHBhc3MgdGhyb3VnaC4=,,,,,w4kgdW0gcGVxdWVubyBidXJhY28gb25kZSBtYWwgY2FiZSB1bWEgcGVzc29hLg==,,RXMgdW4gcGVxdWXDsW8gYWd1amVybyBwb3IgZWwgcXVlIGFwZW5hcyBzZSBwdWVkZSBwYXNhci4=
TyChBw,,WW91IHBhc3NlZCB0aHJvdWdoIHRoZSBob2xlIHdoZXJlIG9uZSBwZXJzb24gY2FuIGJhcmVseSBlbnRlci4=,,,,,Vm9jw6ogcGFzc291IHBlbG8gYnVyYWNvIG9uZGUgbWFsIGNhYmUgdW1hIHBlc3NvYS4=,,UGFzYXN0ZSBwb3IgZWwgYWd1amVybyBwb3IgZWwgcXVlIGFwZW5hcyBwdWVkZSBlbnRyYXIgdW5hIHBlcnNvbmEu
UCChBw,,TGVpemk=,,,,,TmFsYW5kcm8=,,TGF6eQ==
USChBw,,W0xlaXppXQpXZSBhcmUgZ29pbmcgdG8gdGFrZSBhIHRyYWluIGhlcmUuIERvIHlvdSBzZWUgXjAwMDBDRHZlcnkgc21hbGwgaG9sZV4wMDAwMDAgaW4gdGhlIHNld2VyIGRvd24gdGhlcmU/,,,,,W05hbGFuZHJvXQpWYW1vcyBwZWdhciB1bSB0cmVtIGFxdWkuIEVzdMOhIHZlbmRvIGFxdWVsZSBeMDAwMENEcGVxdWVubyBidXJhY29eMDAwMDAwIGFsaSBubyBlc2dvdG8/,,W0xhenldClRvbWFyZW1vcyB1biB0cmVuIGFxdcOtLiDCv1ZlcyB1biBeMDAwMENEYWd1amVybyBwZXF1ZcOxb14wMDAwMDAgZW4gbGEgYWxjYW50YXJpbGxhIGFsbMOtIGFiYWpvPw==
UiChBw,,W3swfV0KSXMgdGhpcy4uLiBhIF4wMDAwQ0Rkb2dob2xlXjAwMDAwMD8gSSBoZWFyZCB0aGUgU2VjcmV0IFdpbmdzIGlzIGFuIGV4ZWN1dGl2ZSBvZmZpY2Ugb2YgdGhlIFByZXNpZGVudC4gV2h5IGFyZSB5b3Ugc28gbmVlZHk/,,,,,W3swfV0KQXF1aWxvIMOpLi4uIHVtIF4wMDAwQ0RidXJhY28gZGUgZXNnb3RvXjAwMDAwMD8gTyBWZW50byBTZWNyZXRvIMOpIHVtIGdhYmluZXRlIGV4ZWN1dGl2byBkbyBQcmVzaWRlbnRlLiBQb3IgcXVlIGVzc2EgcG9icmV6YT8=,,W3swfV0Kwr9Fc3RvIGVzLi4uIHVuIF4wMDAwQ0RodWVjbyBkZSBhbGNhbnRhcmlsbGFeMDAwMDAwPyBIZSBvw61kbyBxdWUgZWwgVmllbnRvIFNlY3JldG8gZXMgdW5hIG9maWNpbmEgZWplY3V0aXZhIGRlbCBwcmVzaWRlbnRlLiDCv1BvciBxdcOpIGVyZXMgdGFuIGRlc2VzcGVyYWRvPw==
UyChBw,,SSBjYW4ndCBiZWxpZXZlIGl0LiBUaGlzIGlzIG5vdCB3aGF0IEkgaW1hZ2luZWQu,,,,,TsOjbyBwb3NzbyBhY3JlZGl0YXIuIElzc28gbsOjbyDDqSBjb21vIGV1IGltYWdpbmVpLg==,,Tm8gcHVlZG8gY3JlZXJsby4gRXN0byBubyBlcyBsbyBxdWUgaW1hZ2luYWJhLg==
VCChBw,,W0xlaXppXQpTaGgtLS0gSSB0b2xkIHlvdSBub3QgdG8gbWVudGlvbiB0aGF0IG5hbWUuIEJlIGNhcmVmdWwgZnJvbSBub3cgb24uIEkgZG9uJ3Qgd2FudCB0byBiZSBzdGFiYmVkIG9uIG15IGJhY2sgZm9yIHNvbWV0aGluZyBJIGRpZG4ndCBkby4gSWYgeW91IHJlYWxseSB3YW50IHRvIHNheSBpdCwgY2FsbCBpdCBIZXJvbi4=,,,,,W05hbGFuZHJvXQpYaXUhIEV1IGRpc3NlIHByYSB2b2PDqiBuw6NvIGZhbGFyIGVzc2Ugbm9tZS4gVGVuaGEgY3VpZGFkbyBkZSBhZ29yYSBlbSBkaWFudGUuIE7Do28gcXVlcm8gc2VyIGFwdW5oYWxhZG8gcGVsYXMgY29zdGFzIHBvciBhbGdvIHF1ZSBuw6NvIGZpei4gU2UgcXVlciBtZXNtbyBkaXplciwgY2hhbWUgZGUgR2Fyw6dhLg==,,W0xhenldClNoaC4uLiB0ZSBkaWplIHF1ZSBubyBtZW5jaW9uYXJhcyBlc2Ugbm9tYnJlLiBUZW4gY3VpZGFkbyBhIHBhcnRpciBkZSBhaG9yYS4gTm8gcXVpZXJvIHF1ZSBtZSBhcHXDsWFsZW4gcG9yIGxhIGVzcGFsZGEgcG9yIGFsZ28gcXVlIG5vIGhpY2UuIFNpIHJlYWxtZW50ZSBxdWllcmVzIGRlY2lybG8sIHVzYSBsYSBwYWxhYnJhIEdhcnphLg==
VSChBw,,WW91ciBpbWFnaW5hdGlvbj8gU2VlbXMgbGlrZSB5b3UndmUgcmVhZCB0b28gbXVjaCBub3ZlbHMu,,,,,U3VhIGltYWdpbmHDp8Ojbz8gQWNobyBxdWUgdm9jw6ogbGV1IHJvbWFuY2VzIGRlbWFpcy4=,,wr9UdSBpbWFnaW5hY2nDs24/IFBhcmVjZSBxdWUgbGXDrXN0ZSBkZW1hc2lhZGFzIG5vdmVsYXMu
ViChBw,,W3swfV0KSSBtZWFuLCB3aHkgZG8geW91IGhhdmUgdG8gZ28gdGhyb3VnaCBhIHBsYWNlIGxpa2UgdGhpcz8gRG9uJ3QgdGhleSBwYXkgeW91IGFueSBhY3Rpdml0eSBjb3N0PyBNYXliZSBoaXMgZXhjZWxsZW5jeSBkb2Vzbid0IGNhcmUgZm9yIGFsbCB5b3VyIGNvbWZvcnQu,,,,,W3swfV0KUXVlciBkaXplciwgcG9yIHF1ZSB2b2PDqiBwcmVjaXNhIHBhc3NhciBwb3IgdW0gbHVnYXIgYXNzaW0/IE5pbmd1w6ltIHBhZ2Egc2V1cyBnYXN0b3MgZGUgb3BlcmHDp8O1ZXM/IFRhbHZleiBTdWEgRXhjZWzDqm5jaWEgbsOjbyBzZSBpbXBvcnRlIGNvbSBvIHNldSBjb25mb3J0by4=,,W3swfV0KUXVpZXJvIGRlY2lyLCDCv3BvciBxdcOpIHRpZW5lcyBxdWUgcGFzYXIgcG9yIHVuIGx1Z2FyIGNvbW8gZXN0ZT8gwr9ObyB0ZSBwYWdhbiBwb3IgbGFzIGFjdGl2aWRhZGVzIHF1ZSBoYWNlcz8gUXVpesOhIGEgU3UgRXhjZWxlbmNpYSBubyBsZSBpbXBvcnRlIG5hZGEgdHUgY29tb2RpZGFkLg==
VyChBw,,W0xlaXppXQpJdCdzIG5vdCB0cnVlLiBXZSByZWNlaXZlIGEgZnJlZSBwYXNzIHRvIHVzZSBhbGwgbWVhbnMgb2YgdHJhbnNwb3J0YXRpb24gaW4gdGhpcyBjb250aW5lbnQuIFRoZXkgaW5jbHVkZXMgYWlyc2hpcCwgdHJhaW4gYW5kIHRlbGVwb3J0aW5nLCBldGMu,,,,,W05hbGFuZHJvXQpOw6NvIMOpIHZlcmRhZGUuIFJlY2ViZW1vcyB1bSBwYXNzZSBsaXZyZSBwYXJhIHVzYXIgcXVhbHF1ZXIgdGlwbyBkZSB0cmFuc3BvcnRlIG5lc3NlIGNvbnRpbmVudGUuIElzc28gaW5jbHVpIGFlcm9wbGFub3MsIHRyZW5zLCB0ZWxlcG9ydGVzLCBldGMu,,W0xhenldCk5vIGVzIHZlcmRhZC4gUmVjaWJpbW9zIHVuIHBhc2UgZ3JhdHVpdG8gcGFyYSB1c2FyIHRvZG9zIGxvcyBtZWRpb3MgZGUgdHJhbnNwb3J0ZSBkZSBlc3RlIGNvbnRpbmVudGUuIEluY2x1eWUgYWVyb25hdmVzLCB0cmVuZXMsIHRlbGV0cmFuc3BvcnRlLCBldGMu
WCChBw,,W3swfV0KVGhlbiB3aHkgZG8geW91IGhhdmUgdG8gZ28gdGhyb3VnaCBhIHBsYWNlIGxpa2UgdGhpcz8=,,,,,W3swfV0KRW50w6NvIHBvciBxdWUgdm9jw6ogcHJlY2lzYSBwYXNzYXIgcG9yIHVtIGx1Z2FyIGFzc2ltPw==,,W3swfV0KRW50b25jZXMsIMK/cG9yIHF1w6kgdGllbmVzIHF1ZSBwYXNhciBwb3IgdW4gbHVnYXIgY29tbyBlc3RlPw==
WSChBw,,W0xlaXppXQpCZWNhdXNlIHdlIGRvbid0IHdhbnQgdG8gbGVhdmUgdGhlIHJlY29yZHMuIFdlIG11c3Qgbm90IGJlIGRldGVjdGVkIGJ5IG90aGVycy4gQWx0aG91Z2ggd2UgZ2V0IGNhcHR1cmVkLCBvdXIgbW92aW5nIHJvdXRlIG11c3QgYmUgaGlkZGVuLiBUaGUgbW92aW5nIHJvdXRlcyBjYW4gYmUgYSBncmVhdCBjbHVlLg==,,,,,W05hbGFuZHJvXQpQb3JxdWUgbsOjbyBxdWVyZW1vcyBkZWl4YXIgcmFzdHJvcy4gTsOjbyBwb2RlbW9zIHNlciBkZXRlY3RhZG9zLiBNZXNtbyBzZSBmb3Jtb3MgY2FwdHVyYWRvcywgbm9zc2Egcm90YSBkZXZlIHBlcm1hbmVjZXIgb2N1bHRhLiBBcyByb3RhcyBkZSBsb2NvbW/Dp8OjbyBwb2RlbSBzZXIgcGlzdGFzIGltcG9ydGFudGVzLg==,,W0xhenldClBvcnF1ZSBubyBxdWVyZW1vcyBkZWphciByYXN0cm9zLiBObyBkZWJlbW9zIHNlciBkZXRlY3RhZG9zIHBvciBvdHJvcy4gQXVucXVlIG5vcyBjYXB0dXJlbiwgbnVlc3RyYSBydXRhIGRlIG1vdmltaWVudG9zIGRlYmUgcGVybWFuZWNlciBvY3VsdGEuIExhcyBydXRhcyBkZSBtb3ZpbWllbnRvcyBwdWVkZW4gc2VyIHVuYSBleGNlbGVudGUgcGlzdGEu
WiChBw,,W0xlaXppXQpObyB3b25kZXIgd2UgaGF2ZSB0aGUgd29yZCAnc2VjcmV0JyBpbiBvdXIgbmFtZS4gVGhhdCdzIHdoeSBJIG1vdmUgc28gY2FyZWZ1bGx5IGR1cmluZyBteSBtaXNzaW9uLg==,,,,,W05hbGFuZHJvXQpOw6NvIMOpIMOgIHRvYSBxdWUgdGVtb3MgYSBwYWxhdnJhICdzZWNyZXRvJyBubyBub3NzbyBub21lLiDDiSBwb3IgaXNzbyBxdWUgZXUgbWUgbG9jb21vdm8gZGUgZm9ybWEgdMOjbyBjdWlkYWRvc2EgZHVyYW50ZSBtaW5oYSBtaXNzw6NvLg==,,W0xhenldCk5vIGVzIGRlIGV4dHJhw7FhciBxdWUgdGVuZ2Ftb3MgbGEgcGFsYWJyYSDigJxzZWNyZXRv4oCdIGVuIG51ZXN0cm8gbm9tYnJlLiBQb3IgZXNvLCBtZSBtdWV2byBjb24gdGFudG8gY3VpZGFkbyBkdXJhbnRlIG1pIG1pc2nDs24u
WyChBw,,W0xlaXppXQpUbyBhdm9pZCBiZWluZyBkZXRlY3RlZCwgZHVjayB5b3Vyc2VsZiBhbmQgZm9sbG93IG1lLg==,,,,,W05hbGFuZHJvXQpQYXJhIGV2aXRhciBkZXRlY8Onw6NvLCBhYmFpeGUtc2UgZSBtZSBzaWdhLg==,,W0xhenldClBhcmEgbm8gc2VyIGRldGVjdGFkbywgYWfDoWNoYXRlIHkgc8OtZ3VlbWUu
XCChBw,,W0xlaXppXQpXaGF0IGFyZSB5b3UgZG9pbmc/IEkgdG9sZCB5b3UgdG8gZm9sbG93IG1lIQ==,,,,,W05hbGFuZHJvXQpPIHF1ZSBlc3TDoSBmYXplbmRvPyBFdSBkaXNzZSBwYXJhIG1lIHNlZ3VpciE=,,W0xhenldCsK/UXXDqSBlc3TDoXMgaGFjaWVuZG8/IMKhVGUgZGlqZSBxdWUgbWUgc2lndWllcmFzIQ==
XSChBw,,W0xlaXppXQpXaGF0IHRoZSBoZWxsIGFyZSB5b3UgZG9pbmcgaGVyZT8gWW91IG11c3Qgd29yayEgV29yayE=,,,,,W05hbGFuZHJvXQpPIHF1ZSB2b2PDqiBlc3TDoSBmYXplbmRvIGFxdWk/IFZvY8OqIHRlbSB0cmFiYWxobyBhIGZhemVyISBUcmFiYWxoZSE=,,W0xhenldCsK/UXXDqSBkZW1vbmlvcyBoYWNlcyBhcXXDrT8gwqFUaWVuZXMgcXVlIHRyYWJhamFyISDCoVRyYWJhamEh
XiChBw,,W0xlaXppXQpXZSBoYXZlIHRvIGdvIGJhY2sgdG8gdGhlIHRyYWluIHN0YXRpb24u,,,,,W05hbGFuZHJvXQpQcmVjaXNhbW9zIHZvbHRhciBwYXJhIGEgZXN0YcOnw6NvIGRlIHRyZW0u,,W0xhenldClRlbmVtb3MgcXVlIHZvbHZlciBhIGxhIGVzdGFjacOzbiBkZSB0cmVuLg==
XyChBw,,W0xlaXppXQpUaGlzIGlzIEVpbmJlY2guIFRoZSBsYXN0IHRpbWUgSSBjYW1lIGhlcmUsIEkgd2FzIGJlaW5nIGNoYXNlZCBieSAxNyBwdXJzdWVycy4=,,,,,W05hbGFuZHJvXQpBcXVpIMOpIEVpbmJlY2guIERhIMO6bHRpbWEgdmV6IGVtIHF1ZSBlc3RpdmUgYXF1aSwgZXN0YXZhIHNlbmRvIHBlcnNlZ3VpZG8gcG9yIDE3IHBlc3NvYXMu,,W0xhenldCkVzdG8gZXMgRWluYmVjaC4gTGEgw7psdGltYSB2ZXogcXVlIHZpbmUgYXF1w60sIG1lIHBlcnNlZ3XDrWFuIDE3IHBlcnNvbmFzLg==
YCChBw,,W0xlaXppXQpJJ20gc29ycnkgSSBjYW4ndCB0ZWxsIG1vcmUgdGhhbiB0aGF0LiBJdCdzIGNvbmZpZGVudGlhbC4=,,,,,W05hbGFuZHJvXQpEZXNjdWxwZSwgbsOjbyBwb3NzbyBjb250YXIgbWFpcyBkbyBxdWUgaXNzby4gw4kgY29uZmlkZW5jaWFsLg==,,W0xhenldCkxhbWVudG8gbm8gcG9kZXIgY29udGFyIG3DoXMgcXVlIGVzby4gRXMgY29uZmlkZW5jaWFsLg==
YSChBw,,SXQncyBhIG5hdGlvbmFsIHNlY3JldC4=,,,,,w4kgdW0gc2VncmVkbyBkZSBFc3RhZG8u,,RXMgdW4gc2VjcmV0byBkZSBFc3RhZG8u
YiChBw,,W3swfV0KLi4uLi4u,,,,,W3swfV0KLi4uLi4u,,W3swfV0KLi4u
YyChBw,,W0xlaXppXQpIZXkhIEkganVzdCBjcmFja2VkIGEgam9rZSBiZWZvcmUgc3RhcnRpbmcgb24gdGhlIG1pc3Npb24uIFlvdSBjYW4ndCBldmVuIGFjY2VwdD8=,,,,,W05hbGFuZHJvXQpFaSEgQWNhYmVpIGRlIGNvbnRhciB1bWEgcGlhZGEgYW50ZXMgZGEgbWlzc8Ojby4gRSB2b2PDqiBuw6NvIHZhaSBuZW0gc29ycmlyPw==,,W0xhenldCsKhT3llISBDb250w6kgdW4gY2hpc3RlIGFudGVzIGRlIGVtcGV6YXIgbGEgbWlzacOzbi4gwr9ZIG5pIHNpcXVpZXJhIHZhcyBhIHNvbnJlw61yPw==
ZCChBw,,TG9vayBhdCB5b3VyIGZhY2Ugbm93ISBEb24ndCBsb29rIGF0IG1lIGxpa2UgdGhhdH4=,,,,,T2xoYSBzw7MgYSBzdWEgY2FyYSBhZ29yYSEgTsOjbyBtZSBvbGhlIGFzc2ltLi4u,,wqFNaXJhIHR1IHJvc3RybyBhaG9yYSEgTm8gbWUgbWlyZXMgYXPDrX4u
ZSChBw,,W3swfV0KSSdtIGEgbGl0dGxlIG5lcnZvdXMuIEEgbmVnb3RpYXRpb24uLi4=,,,,,W3swfV0KRXN0b3Ugc2VudGluZG8gdW0gY2VydG8gbmVydm9zaXNtby4gVW1hIG5lZ29jaWHDp8Ojby4uLg==,,W3swfV0KUXXDqSBuZXJ2aW9zLiBVbmEgbmVnb2NpYWNpw7NuLi4u
ZiChBw,,W0xlaXppXQpZb3UgZG9uJ3QgaGF2ZSB0byBiZSBuZXJ2b3VzLiBJJ20gZ29pbmcgdG8gYmUgaW4gY2hhcmdlIG9mIHRhbGtpbmcgdG8gdGhlbS4gWW91IGp1c3QgYWRkIHNldmVyYWwgd29yZHMgYmVzaWRlIG1lLg==,,,,,W05hbGFuZHJvXQpOw6NvIGjDoSBuYWRhIGNvbSBvIHF1ZSBzZSBwcmVvY3VwYXIuIEV1IGZhbGFyZWkgY29tIGVsZXMuIFZvY8OqIHPDsyBwcmVjaXNhIGZpY2FyIGFvIG1ldSBsYWRvIGUgY29uY29yZGFyIGNvbWlnby4=,,W0xhenldCk5vIHRpZW5lcyBxdWUgcG9uZXJ0ZSBuZXJ2aW9zby4gTWUgZW5jYXJnYXLDqSBkZSBoYWJsYXIgY29uIGVsbG9zLiBUw7ogc29sbyBhw7FhZGUgdW5hcyBjdWFudGFzIHBhbGFicmFzIGEgbWkgbGFkby4=
ZyChBw,,QmVpbmcgbmVydm91cz8gWW91IGFyZSBjdXRlciB0aGFuIEkgdGhvdWdodC4=,,,,,QmF0ZXUgbyBuZXJ2b3Npc21vPyBWb2PDqiDDqSB1bWEgZ3Jhw6dhLg==,,wr9OZXJ2aW9zPyBFcmVzIG3DoXMgYWRvcmFibGUgZGUgbG8gcXVlIHBlbnNhYmEu
aCChBw,,W0xlaXppXQpJbiB0aGlzIG1pc3Npb24sIHRoZSB0cnVzdCBpcyBpbXBvcnRhbnQuIFRoZXJlIGlzIGEgcmVhc29uIHdoeSB0aGUgZ292ZXJubWVudCBhc3NpZ25lZCB5b3UgdG8gdGhpcyBtaXNzaW9uIGluIGFkZGl0aW9uIHRvIG1lLCBhIHByb2Zlc3Npb25hbCBuZWdvdGlhdG9yLg==,,,,,W05hbGFuZHJvXQpDb25maWFuw6dhIMOpIGltcG9ydGFudGUgcGFyYSBlc3NhIG1pc3PDo28uIMOJIHBvciBpc3NvIHF1ZSBvIGdvdmVybm8gZGVzaWdub3UgcXVlIGV1LCB1bSBuZWdvY2lhZG9yIHByb2Zpc3Npb25hbCwgYWNvbXBhbmhhc3NlIHZvY8OqLg==,,W0xhenldCkVuIGVzdGEgbWlzacOzbiwgbGEgY29uZmlhbnphIGVzIGltcG9ydGFudGUuIEhheSB1bmEgcmF6w7NuIHBvciBsYSBxdWUgZWwgZ29iaWVybm8gdGUgYXNpZ27DsyBhIGVzdGEgbWlzacOzbiBhZGVtw6FzIGRlIGEgbcOtLCBxdWUgc295IHVuIG5lZ29jaWFkb3IgcHJvZmVzaW9uYWwu
aSChBw,,SXQgaXMgZXh0cmVtZWx5IGhhcmQgdG8gYnVpbGQgdHJ1c3QgYWdhaW4uIEJ1dCB3aGF0IGVsc2UgY2FuIHdlIGRvPyBUaGV5IHdhbnQgdXMgdG8gc3RpY2sgdGhlIGJyb2tlbiBwYXJ0cy4=,,,,,w4kgbXVpdG8gZGlmw61jaWwgcmVjb25xdWlzdGFyIGNvbmZpYW7Dp2EuIE1hcyBvIHF1ZSBtYWlzIHBvZGVtb3MgZmF6ZXI/IFByZWNpc2Ftb3MgY29uc2VydGFyIGFzIGNvaXNhcy4=,,RXMgZXh0cmVtYWRhbWVudGUgZGlmw61jaWwgdm9sdmVyIGEgZ2VuZXJhciBjb25maWFuemEuIFBlcm8sIMK/cXXDqSBvdHJhIG9wY2nDs24gdGVuZW1vcz8gUXVpZXJlbiBxdWUgZW5tZW5kZW1vcyBsYSBzaXR1YWNpw7NuLg==
aiChBw,,W0xlaXppXQpZb3UgYXJlIGtub3duIGFzIGEgaGVybyBpbiB0aGlzIE1pZGdhcmQgY29udGluZW50IGFuZCBhIHN5bWJvbCBvZiB0cnVzdC4gSWYgeW91IGNvbWUgd2l0aCBtZSwgdGhlIFJlYmVsbGlvbiB3aWxsIGJlIGxlc3Mgc3R1YmJvcm4gdG8gdXMuIE9uY2Ugd2UgZ2V0IHRydXN0ZWQgYnkgdGhlbSwgZXZlcnl0aGluZyB3aWxsIHdvcmsgb3V0Lg==,,,,,W05hbGFuZHJvXQpPIGNvbnRpbmVudGUgZGUgTWlkZ2FyZCBpZG9sYXRyYSBlIGVueGVyZ2Egdm9jw6ogY29tbyB1bSBzw61tYm9sbyBkZSBjb25maWFuw6dhLiBTZSB2aWVyIGNvbWlnbywgYSBSZWJlbGnDo28gc2Vyw6EgbWFpcyBmbGV4w612ZWwuIFF1YW5kbyBnYW5oYXJtb3MgYSBjb25maWFuw6dhIGRlbGVzLCB0dWRvIHNlcsOhIG1haXMgZsOhY2lsLg==,,W0xhenldClRlIHBlcmNpYmVuIGNvbW8gdW4gaMOpcm9lIHkgdW4gc8OtbWJvbG8gZGUgY29uZmlhbnphIGVuIGVzdGUgY29udGluZW50ZSBkZSBNaWRnYXJkLiBTaSB2aWVuZXMgY29ubWlnbywgbGEgUmViZWxpw7NuIHNlcsOhIG3DoXMgZmxleGlibGUuIEN1YW5kbyBjb25mw61lbiBlbiBub3NvdHJvcywgdG9kbyBzYWxkcsOhIGJpZW4u
ayChBw,,W3swfV0KVGFsa2luZyBsaWtlIHRoYXQgaW4gdGhhdCBjbG90aGVzLCB5b3UgZG9uJ3QgbG9vayB2ZXJ5IHBlcnN1YXNpdmUu,,,,,W3swfV0KRmFsYW5kbyBhc3NpbSBlIGNvbSBlc3NhcyByb3VwYXMsIHZvY8OqIG7Do28gcGFyZWNlIG11aXRvIHBlcnN1YXNpdm8u,,W3swfV0KSGFibGFuZG8gYXPDrSwgY29uIGVzYSByb3BhLCBubyBjcmVvIHF1ZSBwdWVkYXMgcGVyc3VhZGlybG9zIG11Y2hvLg==
bCChBw,,W0xlaXppXQpUaGlzIGlzIG15IGNyaXRpY2FsIGNvc3R1bWUgSSBwcmVwYXJlZCBmb3IgdGhpcyBtaXNzaW9uLiBXaG8gd291bGQgZXZlciBmaW5kIGEgdG91cmlzdCBzdXNwaWNpb3VzPw==,,,,,W05hbGFuZHJvXQpFc3NlIMOpIG8gdHJhamUgZGUgZW1lcmfDqm5jaWEgcXVlIGV1IHByZXBhcmVpIHBhcmEgZXNzYSBtaXNzw6NvLiBRdWVtIGFjaGFyaWEgdW0gdHVyaXN0YSBzdXNwZWl0bz8=,,W0xhenldCkVzdGUgZXMgZWwgZGlzZnJheiBjbGF2ZSBxdWUgcHJlcGFyw6kgcGFyYSBlc3RhIG1pc2nDs24uIMK/UXVpw6luIHBvZHLDrWEgc29zcGVjaGFyIGRlIHVuIHR1cmlzdGE/
bSChBw,,QW5kIHRoZXNlIGFyZSBteSBzcGVjaWFsIHN1bmdsYXNzZXMu,,,,,RSBlc3NlcyBzw6NvIG1ldXMgw7NjdWxvcyBkZSBzb2wgZXNwZWNpYWlzLg==,,WSBlc3RhcyBzb24gbWlzIGdhZmFzIGRlIHNvbCBlc3BlY2lhbGVzLg==
biChBw,,W0xlaXppXQpBcyBJIG1lbnRpb25lZCBiZWZvcmUsIG91ciBncmVhdGVzdCBjaGFsbGVuZ2UgaXMgdG8gZW50ZXIgdGhlIFJlYmVsbGlvbidzIHNlY3JldCBiYXNlIHdpdGhvdXQgYW55IGFybWVkIGNvbmZsaWN0LiBUaGlzIGNvc3R1bWUgaXMgZm9yIHRoYXQgcHVycG9zZS4=,,,,,W05hbGFuZHJvXQpDb21vIGRpc3NlIGFudGVzLCBub3NzbyBtYWlvciBkZXNhZmlvIHNlcsOhIGVudHJhciBuYSBiYXNlIHNlY3JldGEgZGEgUmViZWxpw6NvIHNlbSBpbmljaWFyIHVtIGNvbmZsaXRvIGFybWFkby4gRXNzZSB0cmFqZSBzZXJ2ZSBwYXJhIGlzc28u,,W0xhenldCkNvbW8gZGlqZSBhbnRlcywgbnVlc3RybyBtYXlvciBkZXNhZsOtbyBlcyBlbnRyYXIgZW4gbGEgYmFzZSBzZWNyZXRhIGRlIGxhIFJlYmVsacOzbiBzaW4gcHJvdm9jYXIgdW4gY29uZmxpY3RvIGFybWFkby4gRXN0ZSB0cmFqZSBlcyBwYXJhIGVzZSBwcm9ww7NzaXRvLg==
byChBw,,W0xlaXppXQpBbmQgSnVubyBpcyBzdWNoIGEgbmljZSBwbGFjZS4gSSBoYXZlIGEgZHJlYW0gdG8gYnV5IGEgYnVpbGRpbmcgdGhlcmUgYWZ0ZXIgcmV0aXJlbWVudCBhbmQgc3BlbmQgbXkgZ29sZGVuIHllYXJzIGNvbWZvcnRhYmx5Lg==,,,,,W05hbGFuZHJvXQpFIEp1bm8gw6kgdW0gbHVnYXIgdMOjbyBsZWdhbC4gU29uaG8gZW0gY29tcHJhciB1bWEgY2FzYSBsw6EgZGVwb2lzIHF1ZSBtZSBhcG9zZW50YXIgZSBwYXNzYXIgYSB2ZWxoaWNlIGRlIGZvcm1hIGNvbmZvcnTDoXZlbC4=,,W0xhenldClkgSnVubyBlcyB1biBsdWdhciB0YW4gYWdyYWRhYmxlLiBTdWXDsW8gY29uIGNvbXByYXIgdW4gZWRpZmljaW8gYWxsw60gZGVzcHXDqXMgZGUganViaWxhcm1lIHkgcGFzYXIgbWlzIGHDsW9zIGRvcmFkb3MgY8OzbW9kYW1lbnRlIC4=
cCChBw,,SnVub34gVmlzaXQgSnVub34gSWYgeW91IHdlcmUgYm9ybiBhcyBhIGh1bWFuLCBnbyB0byBKdW5vfiBJZiB5b3UgaGF2ZSBjb21lIHRvIFNjaHdhcnR6d2FsZCwgZ28gdG8gSnVub34gSWYgeW91IGFyZSBicmVhdGhpbmcsIGdvIHRvIEp1bm9+,,,,,VmlzaXRlIEp1bm8hIFNlIHZvY8OqIHJlc3BpcmEsIHbDoSBwYXJhIEp1bm8h,,SnVub34uIFZpc2l0YSBKdW5vfi4gU2kgbmFjaXN0ZSBjb21vIGh1bWFubywgdmUgYSBKdW5vfi4gU2kgdmluaXN0ZSBhIFNjaHdhcnp3YWxkLCB2ZSBhIEp1bm9+LiBTaSByZXNwaXJhcywgdmUgYSBKdW5vfi4=
cSChBw,,W3swfV0KRG9uJ3QgdGhleSBub3JtYWxseSBjaG9vc2UgYSByZXNvcnQgbGlrZSBDb21vZG8gZm9yIGdvbGRlbiB5ZWFycz8=,,,,,W3swfV0KQXMgcGVzc29hcyBuw6NvIGVzY29saGVtIG5vcm1hbG1lbnRlIHVtIHJlc29ydCBlbSBDb21vZG8gcGFyYSBwYXNzYXIgYSB2ZWxoaWNlPw==,,W3swfV0Kwr9ObyBzdWVsZW4gZWxlZ2lyIHVuIHJlc29ydCBjb21vIENvbW9kbyBwYXJhIHBhc2FyIGxvcyBhw7FvcyBkb3JhZG9zPw==
ciChBw,,W0xlaXppXQpPaCwgSSBkb24ndCBsaWtlIGEgYmVhY2guIEkgc2F3IHRoZSBzZWEgZXZlcnkgc2luZ2xlIGRheSB3aGVuIEkgd2FzIHlvdW5nLiBOb3cgSSdtIHNpY2sgb2YgaXRzIHNhbHR5IHNtZWxsLiBUbyBsZWF2ZSB0aGUgc2VhLCBJIHVzZWQgdG8gaGF2ZSBhIGRyZWFtIHRvIGJlY29tZSBhIGNhcHRhaW4gb2YgYWlyc2hpcC4=,,,,,W05hbGFuZHJvXQpBaCwgZXUgbsOjbyBnb3N0byBkZSBwcmFpYS4gRXUgdmlhIG8gbWFyIHRvZG9zIG9zIGRpYXMgcXVhbmRvIGVyYSBqb3ZlbS4gQWdvcmEsIG7Do28gYWd1ZW50byBtYWlzIG8gY2hlaXJvIGRlIHNhbC4gUGFyYSBtZSBhZmFzdGFyIGRvIG1hciwgZXUgc29uaGF2YSBlbSBtZSB0b3JuYXIgdW0gY2FwaXTDo28gZGUgYWVyb3BsYW5vLg==,,W0xhenldCsKhQXksIG5vIG1lIGd1c3RhIGxhIHBsYXlhISBEZSBqb3ZlbiB2ZcOtYSBlbCBtYXIgdG9kb3MgbG9zIGTDrWFzLiBBaG9yYSBlc3RveSBoYXJ0byBkZSBzdSBvbG9yIHNhbGFkby4gUGFyYSBhbGVqYXJtZSBkZWwgbWFyLCBzb8OxYWJhIGNvbiBzZXIgY2FwaXTDoW4gZGUgdW5hIGFlcm9uYXZlLg==
cyChBw,,TG9vayBhdCB0aGVzZSBzdW5nbGFzc2VzLiBUaGV5IGFyZSBiZWxvdmVkIGJ5IGNhcHRhaW5zIG9mIGFpcnNoaXBzLg==,,,,,T2xoYSBzw7MgZXNzZXMgw7NjdWxvcyBkZSBzb2wuIEZhemVtIHN1Y2Vzc28gZW50cmUgY2FwaXTDo2VzIGRlIGFlcm9wbGFuby4=,,TWlyYSBlc3RhcyBnYWZhcyBkZSBzb2wuIFNvbiB0b2RvIHVuIMOpeGl0byBlbnRyZSBsb3MgY2FwaXRhbmVzIGRlIGFlcm9uYXZlcy4=
dCChBw,,W3swfV0KSWYgeW91IHdhbnRlZCB0byBiZWNvbWUgYSBwaWxvdCwgd2h5IGRpZCB5b3UgYmVjb21lIGEgc2VjcmV0IGFnZW50Pw==,,,,,W3swfV0KU2Ugdm9jw6ogc29uaGF2YSBlbSBzZXIgcGlsb3RvLCBwb3IgcXVlIHNlIHRvcm5vdSB1bSBhZ2VudGUgc2VjcmV0bz8=,,W3swfV0KU2kgcXVlcsOtYXMgc2VyIHBpbG90bywgwr9wb3IgcXXDqSB0ZSBjb252ZXJ0aXN0ZSBlbiBhZ2VudGUgc2VjcmV0bz8=
dSChBw,,W0xlaXppXQpJIGNhbid0IHRlbGwgeW91LiBJdCdzIGNvbmZpZGVudGlhbC4=,,,,,W05hbGFuZHJvXQpOw6NvIHBvc3NvIGxoZSBkaXplci4gw4kgY29uZmlkZW5jaWFsLg==,,W0xhenldCk5vIHB1ZWRvIGRlY8OtcnRlbG8uIEVzIGNvbmZpZGVuY2lhbC4=
diChBw,,W3swfV0KSSBzZWUu,,,,,W3swfV0KRW50ZW5kaS4=,,W3swfV0KWWEgdmVvLg==
dyChBw,,SSBuZXZlciBleHBlY3RlZC4=,,,,,TnVuY2EgZXNwZXJhcmlhIHBvciBpc3NvLg==,,Tm8gbWUgbG8gZXNwZXJhYmEu
eCChBw,,W0xlaXppXQpPaCwgd2hlbiB5b3UgZ2V0IGJhY2sgYWZ0ZXIgdGhlIG1pc3Npb24sIHlvdSBjYW4gcHVyY2hhc2UgYSB0cmFpbiB0aWNrZXQgYW5kIHNob3cgaXQgdG8gdGhlIGVtcGxveWVlIGluIHRoZSB0cmFpbiBzdGF0aW9uLiBCdXQgaXQncyBmcmVlIGZvciBtZS4=,,,,,W05hbGFuZHJvXQpBaCwgcXVhbmRvIHZvbHRhciBkYSBtaXNzw6NvLCB2b2PDqiBwb2RlIGNvbXByYXIgdW0gYmlsaGV0ZSBlIG1vc3RyYXIgcGFyYSBvIGZ1bmNpb27DoXJpbyBkYSBlc3Rhw6fDo28gZGUgdHJlbS4gTWFzLCBwYXJhIG1pbSwgw6kgZGUgZ3Jhw6dhLg==,,W0xhenldCk9oLCBjdWFuZG8gcmVncmVzZXMgZGVzcHXDqXMgZGUgbGEgbWlzacOzbiwgcHVlZGVzIGNvbXByYXIgdW4gYm9sZXRvIGRlIHRyZW4geSBtb3N0csOhcnNlbG8gYWwgZW1wbGVhZG8gZGUgbGEgZXN0YWNpw7NuLiBQZXJvIHBhcmEgbcOtIGVzIGdyYXRpcy4=
eSChBw,,SSBoYXZlIGEgZmF2b3IgdG8gYXNrIG9mIHlvdS4gUGxlYXNlIGxldCBtZSBoaXQgeW91IG9uY2Uu,,,,,RXUgdGVuaG8gdW0gZmF2b3IgYSBsaGUgcGVkaXIuIERlaXhlLW1lIGJhdGVyIGVtIHZvY8OqIHPDsyB1bWEgdmV6Lg==,,VGVuZ28gdW4gZmF2b3IgcXVlIHBlZGlydGUuIETDqWphbWUgZ29scGVhcnRlIHVuYSB2ZXou
eiChBw,,Tm8hIEkgY2Fubm90IGxldCB5b3UgaGl0IG1lLiBJJ20gc28gcHJlY2lvdXMu,,,,,TsOjbyEgTsOjbyBwb3NzbyBkZWl4YXIgdm9jw6ogZmF6ZXIgaXNzby4gU291IG11aXRvIHByZWNpb3NvLg==,,wqFObyEgTm8gcHVlZG8gZGVqYXIgcXVlIG1lIGdvbHBlZXMuIFNveSBkZW1hc2lhZG8gYmVsbG8u
eyChBw,,W3swfV0KV2VsbCwgd2hlcmUgc2hvdWxkIHdlIGdvIG5vdz8=,,,,,W3swfV0KQmVtLCBwYXJhIG9uZGUgdmFtb3MgYWdvcmE/,,W3swfV0KQnVlbm8sIMK/ZMOzbmRlIGlyZW1vcyBhaG9yYT8=
fCChBw,,W0xlaXppXQpXZSBoYXZlIGdvIHNvbWV3aGVyZSBkZWVwIGluc2lkZSB0aGUgdmlsbGFnZS4gRnJvbSBoZXJlIG9uLCBqdXN0IHRydXN0IG1lIGFuZCBmb2xsb3cgbWUuIFNpbmNlIHRoZSBwYXRoIGlzIGEgbGl0dGxlIGNvbXBsaWNhdGVkLCBJIHdpbGwgbGVhdmUgXjAwMDBDRHRyYWNlc14wMDAwMDAuIE1ha2Ugc3VyZSB5b3UgY2F0Y2ggdGhlbSB1cC4=,,,,,W05hbGFuZHJvXQpQcmVjaXNhbW9zIGlyIHBhcmEgbyBtZWlvIGRlIEVpbmJlY2guIERlIGFnb3JhIGVtIGRpYW50ZSwgY29uZmllIGVtIG1pbSBlIG1lIHNpZ2EuIErDoSBxdWUgbyBjYW1pbmhvIMOpIHVtIHBvdWNvIGNvbXBsaWNhZG8sIHZvdSBkZWl4YXIgXjAwMDBDRHJhc3Ryb3NeMDAwMDAwLiBOw6NvIGVzcXVlw6dhIGRlIGFwYW5ow6EtbG9zLg==,,W0xhenldCk5lY2VzaXRhbW9zIGlyIGFsIGNlbnRybyBkZSBFaW5iZWNoLiBEZSBhaG9yYSBlbiBhZGVsYW50ZSwgY29uZsOtYSBlbiBtw60geSBzw61ndWVtZS4gQ29tbyBlbCBjYW1pbm8gZXMgdW4gcG9jbyBjb21wbGljYWRvLCBkZWphcsOpIF4wMDAwQ0RyYXN0cm9zXjAwMDAwMC4gTm8gb2x2aWRlcyByZWNvZ2VybGFzLg==
fSChBw,,SSBjYW4gc21lbGwgc29tZXRoaW5nIGZyb20gdGhlIHRyYWNlcy4=,,,,,RXN0b3Ugc2VudGluZG8gdW0gY2hlaXJvIG5vcyByYXN0cm9zLg==,,UHVlZG8gcGVyY2liaXIgdW4gb2xlciBlbiBsb3MgcmFzdHJvcy4=
fiChBw,,W0xlaXppXQpXZSBhcmUgbm90IHN1cHBvc2VkIHRvIGJlIGhlcmUgbm93LiBXZSBtdXN0IGdvIHRvIHRoZSBSZWJlbGxpb24u,,,,,W05hbGFuZHJvXQpOw6NvIGRldsOtYW1vcyBlc3RhciBhcXVpLiBQcmVjaXNhbW9zIGlyIGF0w6kgYSBSZWJlbGnDo28u,,W0xhenldCk5vIGRlYmVyw61hbW9zIGVzdGFyIGFxdcOtIGFob3JhLiBEZWJlbW9zIGlyIGEgbGEgUmViZWxpw7NuLg==
fyChBw,,W0xlaXppXQpIZSB0b2xkIG1lIGhlJ2QgY29tZSBoZXJlLiBNYXliZSBoZSdzIHN0aWxsIGluIEVpbmJyb2NoIHRyYWluIHN0YXRpb24/IEkgaGF2ZSB0byBnbyB0aGVyZSBhZ2Fpbi4=,,,,,W05hbGFuZHJvXQpFbGUgbWUgZGlzc2UgcXVlIHZpcmlhIGF0w6kgYXF1aS4gU2Vyw6EgcXVlIGVsZSBhaW5kYSBlc3TDoSBuYSBlc3Rhw6fDo28gZGUgdHJlbSBlbSBFaW5icm9jaD8gUHJlY2lzbyBpciBhdMOpIGzDoSBub3ZhbWVudGUu,,W0xhenldCk1lIGRpam8gcXVlIHZlbmRyw61hIGFxdcOtLiDCv1F1aXrDoSBzaWd1ZSBlbiBsYSBFc3RhY2nDs24gZGUgdHJlbiBkZSBFaW5icm9jaD8gVGVuZ28gcXVlIGlyIGFsbMOtIG90cmEgdmV6Lg==
gCChBw,,W0xlaXppXQpXYWl0LiBTdG9wIHJpZ2h0IHRoZXJlLiBTb21lYm9keSBpcyBseWluZyBkb3duIGhlcmUuIERvbid0IHN0ZXAgb24gaXQuIEhleSwgd2F0Y2ggb3V0IQ==,,,,,W05hbGFuZHJvXQpFc3BlcmUuIFBhcmUgYcOtIG1lc21vLiBUZW0gYWxndcOpbSBkZWl0YWRvIGFxdWkuIE7Do28gcGlzZSBlbSBjaW1hIGRlbGUuIEVpLCBjdWlkYWRvIQ==,,W0xhenldCkVzcGVyYS4gRGV0ZW50ZSBqdXN0byBhaMOtLiBBbGd1aWVuIGVzdMOhIGFjb3N0YWRvIGFxdcOtLiBObyBsbyBwaXNlcy4gwqFFaCwgY3VpZGFkbyE=
gSChBw,,W3swfV0KSXMgdGhpcyBhIGh1bWFuPw==,,,,,W3swfV0KSXNzbyDDqSB1bWEgcGVzc29hPw==,,W3swfV0Kwr9FcyB1biBodW1hbm8/
giChBw,,SG93IGNvbWU/,,,,,TWFzIGNvbW8/,,wr9Dw7NtbyBlcyBwb3NpYmxlPw==
gyChBw,,W0xlaXppXQpJZiBJIGdldCByaWQgb2YgdGhpcyBhbmQgdGhhdC4uLiE=,,,,,W05hbGFuZHJvXQpTZSBldSB0aXJhciBpc3NvIGUgYXF1aWxvLi4u,,W0xhenldCsKhU2kgbWUgZGVzaGFnbyBkZSBlc3RvIHkgYXF1ZWxsby4uLiE=
hCChBw,,Q29tZSBhbmQgaGVscCBtZSE=,,,,,VmVuaGEgbWUgYWp1ZGFyIQ==,,wqFWZW4geSBhecO6ZGFtZSE=
hSChBw,,W0xlaXppXQpXb3cuLi4gSSB0aGluayB0b2RheSBpcyBhIGx1Y2t5IGRheS4gVGhpcyBtaXNzaW9uIGlzIGdvaW5nIHRvIGJlIGVhc2llciB0aGFuIHdlIHRob3VnaHQu,,,,,W05hbGFuZHJvXQpVYXUuLi4gQWNobyBxdWUgaG9qZSDDqSBub3NzbyBkaWEgZGUgc29ydGUuIEVzc2EgbWlzc8OjbyB2YWkgc2VyIG1haXMgZsOhY2lsIGRvIHF1ZSBwZW5zYW1vcy4=,,W0xhenldCkd1YXUuLi4gQ3JlbyBxdWUgaG95IGVzIHVuIGTDrWEgZGUgc3VlcnRlLiBFc3RhIG1pc2nDs24gc2Vyw6EgbcOhcyBmw6FjaWwgZGUgbG8gcXVlIHBlbnPDoWJhbW9zLg==
hiChBw,,W3swfV0KV2hhdCBhcmUgeW91IHRhbGtpbmcgYWJvdXQ/,,,,,W3swfV0KRG8gcXVlIHZvY8OqIGVzdMOhIGZhbGFuZG8/,,W3swfV0Kwr9EZSBxdcOpIGVzdMOhcyBoYWJsYW5kbz8=
hyChBw,,W0xlaXppXQpXaGF0J3Mgd3JpdHRlbiBvbiB0aGUgYm90dG9tPyBEeWluZyBtZXNzYWdlPyBBcmUgdGhleSB3b3Jkcz8gSG93IGNvbWUgaGUgbmV2ZXIgcHJhY3RpY2VkIHdyaXRpbmcgZXZlbiBpZiBoZSB3YXMgYSBHdW5zbGluZ2VyPw==,,,,,W05hbGFuZHJvXQpPIHF1ZSBlc3TDoSBlc2NyaXRvIG5vIGZ1bmRvPyBVbWEgbWVuc2FnZW0gYWdvbml6YW50ZT8gU8OjbyBwYWxhdnJhcz8gQ29tbyDDqSBxdWUgZWxlIG51bmNhIGFwcmVuZGV1IGEgZXNjcmV2ZXIsIG1lc21vIHNlbmRvIHVtIEluc3VyZ2VudGU/,,W0xhenldCsK/UXXDqSBlc3TDoSBlc2NyaXRvIGFiYWpvPyDCv1VuIG1lbnNhamUgYW50ZXMgZGUgbW9yaXI/IMK/U29uIHBhbGFicmFzPyDCv0PDs21vIGVzIHF1ZSBudW5jYSBwcmFjdGljw7MgbGEgZXNjcml0dXJhIGF1biBzaWVuZG8gUGlzdG9sZXJvPw==
iCChBw,,SGVsbG8/IFdvdWxkIHlvdSBwbGVhc2UgbGlzdGVuIHRvIG1lPw==,,,,,T2zDoT8gVm9jw6ogcG9kZXJpYSBtZSBlc2N1dGFyPw==,,wr9Ib2xhPyDCv1F1aWVyZXMgZXNjdWNoYXJtZSwgcG9yIGZhdm9yPw==
iSChBw,,W0xlaXppXQpBZHZlbnR1cmVyLCB0cnkgdG8gaGVhbCB0aGlzIG1hbi4gQWx0aG91Z2ggaGUgaGFzIGFuIGluanVyeSwgaXQncyBub3Qgc28gc2VyaW91cy4gU2luY2UgaGUncyBjb2xsYXBzZWQgZHVlIHRvIGFuIGV4aGF1c3Rpb24sIGhlJ2xsIHByb2JhYmx5IHJlY292ZXIgaGltc2VsZiBieSBhIHNpbXBsZSB0cmVhdG1lbnQuIE9uY2UgaGUgd2FrZXMgdXAsIEkgd2lsbCB0YWtlIGFsbCB0aGUgaW5mb3JtYXRpb24gZnJvbSBoaW0u,,,,,W05hbGFuZHJvXQpUZW50ZSBjdXJhciBlc3NlIGhvbWVtLiBFbGUgZXN0w6EgZmVyaWRvLCBtYXMgbsOjbyDDqSBuYWRhIHPDqXJpby4gRWxlIGRlc21haW91IGRlIGV4YXVzdMOjbywgbWFzIGRldmUgc2UgcmVjdXBlcmFyIGNvbSB1bSB0cmF0YW1lbnRvIHNpbXBsZXMuIFF1YW5kbyBlbGUgYWNvcmRhciwgdm91IGludGVycm9nw6EtbG8gcGFyYSBvYnRlciB0b2RhcyBhcyBpbmZvcm1hw6fDtWVzIG5lY2Vzc8Ohcmlhcy4=,,W0xhenldClRyb3RhbXVuZG9zLCBpbnRlbnRhIGN1cmFyIGEgZXN0ZSBob21icmUuIFNpIGJpZW4gdGllbmUgdW5hIGhlcmlkYSwgbm8gZXMgdGFuIGdyYXZlLiBDb21vIHNlIGhhIGRlc21heWFkbyBwb3IgYWdvdGFtaWVudG8sIHNlZ3VybyBzZSByZWN1cGVyYXLDoSBjb24gdW4gc2ltcGxlIHRyYXRhbWllbnRvLiBVbmEgdmV6IHF1ZSBkZXNwaWVydGUsIGxlIHNhY2Fyw6kgdG9kYSBsYSBpbmZvcm1hY2nDs24u
iiChBw,,QWxsIG9mIGEgc3VkZGVuPw==,,,,,QXNzaW0sIGRlIHJlcGVudGU/,,wr9Bc8OtIGRlIHJlcGVudGU/
iyChBw,,RXZlcnkgc2luZ2xlIG1vbWVudCBpcyB1bmV4cGVjdGVkLiBEbyBpdCBub3cu,,,,,Q2FkYSBtb21lbnRvIMOpIGltcHJldmlzw612ZWwuIEZhw6dhIGFnb3JhLg==,,Q2FkYSBtb21lbnRvIGVzIGluZXNwZXJhZG8uIEhhemxvIGFob3JhLg==
jCChBw,,W3swfV0KT2theS4uLg==,,,,,W3swfV0KVMOhLi4u,,W3swfV0KRGUgYWN1ZXJkby4uLg==
jSChBw,,W3swfV0KSG1tLi4uIEl0IGRvZXNuJ3Qgd29yayBub3cu,,,,,W3swfV0KSG1tLi4uIE7Do28gZXN0w6EgZnVuY2lvbmFuZG8gYWdvcmEu,,W3swfV0KTW1tLi4uIEFob3JhIG5vIGZ1bmNpb25hLg==
jiChBw,,W0xlaXppXQpXaGF0PyBZb3UndmUgcmVjZWl2ZWQgdGhlIHBvd2VyIG9mIHRoZSBnb2Qh,,,,,W05hbGFuZHJvXQpPIHF1w6o/IFZvY8OqIHJlY2ViZXUgbyBwb2RlciBkZSB1bSBkZXVzIQ==,,W0xhenldCsK/UXXDqT8gwqFSZWNpYmlzdGUgZWwgcG9kZXIgZGUgZGlvcyE=
jyChBw,,W3swfV0KSSBoYXZlIHJldml2ZWQgYSBkZWFkIHBlcnNvbiBvciBzb21lb25lIG5lYXJseSBkZWFkLiBCdXQgSSd2ZSBuZXZlciByZWNvdmVyZWQgc29tZW9uZSBjb2xsYXBzZWQgZHVlIHRvIGFuIGV4aGF1c3Rpb24u,,,,,W3swfV0KRXUgasOhIHJldml2aSB1bWEgcGVzc29hIG1vcnRhLCBvdSBxdWFzZSBtb3J0YS4gTWFzIG51bmNhIGN1cmVpIGFsZ3XDqW0gcXVlIGRlc21haW91IGRlIGV4YXVzdMOjby4=,,W3swfV0KSGUgcmV2aXZpZG8gYSBhbGd1aWVuIG11ZXJ0byBvIGNhc2kgbXVlcnRvLiBQZXJvIG51bmNhIHJlY3VwZXLDqSBhIGFsZ3VpZW4gZGVzbWF5YWRvIHBvciBhZ290YW1pZW50by4=
kCChBw,,W0xlaXppXQpEb24ndCBnbyBhcm91bmQgdGVsbGluZyBwZW9wbGUgdGhhdCB5b3UgcmVjZWl2ZWQgdGhlIHBvd2VyIG9mIHRoZSBnb2Qu,,,,,W05hbGFuZHJvXQpFbnTDo28gbsOjbyBzYWlhIHBvciBhw60gZGl6ZW5kbyBxdWUgdm9jw6ogcmVjZWJldSBvIHBvZGVyIGRlIHVtIGRldXMu,,W0xhenldCk5vIHZheWFzIHBvciBhaMOtIGRpY2llbmRvIGEgbGEgZ2VudGUgcXVlIHJlY2liaXN0ZSBlbCBwb2RlciBkZSBkaW9zLg==
kSChBw,,VGhlIGdvZCBtaWdodCBiZSBhbmdyeSB3aXRoIHlvdSBhbmQgaGl0IHlvdSB3aXRoIGEgdGh1bmRlci4=,,,,,RWxlIHBvZGUgZmljYXIgY29tIHJhaXZhIGUgbGFuw6dhciB1bSByYWlvIGVtIHZvY8OqLg==,,RWwgZGlvcyBwb2Ryw61hIGVuZmFkYXJzZSBjb250aWdvIHkgZ29scGVhcnRlIGNvbiB1biB0cnVlbm8u
kiChBw,,VGhlIGdvZCBpcyBub3Qgc28gbWVhbiE=,,,,,TyBtZXUgZGV1cyBuw6NvIGZ1bmNpb25hIGFzc2ltIQ==,,wqFFbCBkaW9zIG5vIGVzIHRhbiBjcnVlbCE=
kyChBw,,W3swfV0KSSBkb24ndCBrbm93IGhvdyB0byBoZWFsLg==,,,,,W3swfV0KTsOjbyBzZWkgY29tbyBjdXJhci4=,,W3swfV0KTm8gc8OpIGPDs21vIGN1cmFyLg==
lCChBw,,W0xlaXppXQpBcmVuJ3QgeW91IGFuIGFkdmVudHVyZXI/,,,,,W05hbGFuZHJvXQpWb2PDqiBuw6NvIMOpIHVtIGF2ZW50dXJlaXJvPw==,,W0xhenldCsK/Tm8gZXJlcyB1biB0cm90YW11bmRvcz8=
lSChBw,,W3swfV0KQWR2ZW50dXJlciBpcyBub3QgYWxtaWdodHku,,,,,W3swfV0KSXNzbyBuw6NvIHNpZ25pZmljYSBzZXIgdG9kby1wb2Rlcm9zby4=,,W3swfV0KRXNvIG5vIHNpZ25pZmljYSBzZXIgdG9kb3BvZGVyb3NvLg==
liChBw,,TXkgZ29kLiBZb3UncmUgdGhlIGxlYXN0IHBvd2VyZnVsIGFkdmVudHVyZXIgSSd2ZSBldmVyIG1ldC4=,,,,,TWV1IERldXMuIE51bmNhIHZpIHVtIGF2ZW50dXJlaXJvIHTDo28gZnJhY28gYXNzaW0u,,UG9yIHRvZG9zIGxvcyBkaW9zZXMuIEVyZXMgZWwgdHJvdGFtdW5kb3MgbWVub3MgcG9kZXJvc28gcXVlIGhlIGNvbm9jaWRvLg==
lyChBw,,V291bGQgeW91IHRoaW5rIGFib3V0IGl0IG9ubHkgaW5zaWRlIG91dD8=,,,,,Vm9jw6ogZXN0w6EgbWUganVsZ2FuZG8gcGVsYSBhcGFyw6puY2lhPw==,,wr9NZSBlc3TDoXMganV6Z2FuZG8gcG9yIG1pIGFwYXJpZW5jaWE/
mCChBw,,W0xlaXppXQpXZWxsLCBJIGhhdmUgbm8gb3RoZXIgY2hvaWNlLg==,,,,,W05hbGFuZHJvXQpCZW0sIG7Do28gdGVuaG8gb3V0cmEgZXNjb2xoYS4=,,W0xhenldCkJ1ZW5vLCBubyB0ZW5nbyBvdHJhIG9wY2nDs24u
mSChBw,,W0xlaXppXQpPZGluLCBGcmV5amEsIFRob3IgYW5kIGEgZ29kIG9mIGV4aGF1c3RlZCB0cmF2ZWxlci4gUGxlYXNlIHNob3cgdXMgYSBtZXJjeSE=,,,,,W05hbGFuZHJvXQpPZGluLCBGcmV5YSwgVGhvciBlIG8gZGV1cyBkb3MgdmlhamFudGVzIGV4YXVzdG9zLiBUZW5oYW0gcGllZGFkZSE=,,W0xhenldCsKhT2TDrW4sIEZyZXlqYSwgVGhvciB5IHTDuiwgZGlvcyBkZSBsb3MgdmlhamVyb3MgYWdvdGFkb3MsIHRlbiBwaWVkYWQgZGUgbm9zb3Ryb3Mh
miChBw,,W3swfV0KV293Li4uIFlvdSdyZSBhIHNlY3JldCBhZ2VudCBhbmQgeW91IGFsc28ga25vdyBob3cgdG8gaGVhbD8=,,,,,W3swfV0KVWF1Li4uIFZvY8OqIMOpIHVtIGFnZW50ZSBzZWNyZXRvIGRlIHZlcmRhZGUgZSBhaW5kYSBzYWJlIGNvbW8gY3VyYXI/,,W3swfV0KR3VhdS4uLiDCv0VyZXMgYWdlbnRlIHNlY3JldG8geSB0YW1iacOpbiBzYWJlcyBjdXJhcj8=
myChBw,,Tm93IHlvdSBsb29rIGRpZmZlcmVudC4=,,,,,QWdvcmEgdm9jw6ogZ2FuaG91IG1ldSByZXNwZWl0by4=,,QWhvcmEgdGUgaGFzIGdhbmFkbyBtaSByZXNwZXRvLg==
nCChBw,,W0xlaXppXQpPaCwgYWZ0ZXIgZXhwZXJpZW5jaW5nIHNvIG1hbnkgdGhpbmdzLCB5b3Ugc2hvdWxkIGRvIGl0IGFsbC4=,,,,,W05hbGFuZHJvXQpBaCwgZGVwb2lzIGRlIHBhc3NhciBwZWxhcyBjb2lzYXMgcXVlIHBhc3NlaSwgdm9jw6ogYXByZW5kZSBkZSB0dWRvIHVtIHBvdWNvLg==,,W0xhenldCkFoLCBkZXNwdcOpcyBkZSBwYXNhciBwb3IgdG9kbyBsbyBxdWUgcGFzw6ksIHVubyBhcHJlbmRlIHVuIHBvY28gZGUgdG9kby4=
nSChBw,,W0xlaXppXQpJJ2FtIHNvIGdvb2QgYXQgdmFyaW91cyBhcnRzIGFuZCBjcmFmdC4gSSBhbSBzdWNoIGEgZ3JlYXQgcGVyc29uLg==,,,,,W05hbGFuZHJvXQpTb3UgZXhjZWxlbnRlIGVtIHbDoXJpYXMgYXJ0ZXMgZSBvZsOtY2lvcy4gU291IHVtYSBwZXNzb2EgaW5jcsOtdmVsLg==,,W0xhenldClNveSBleGNlbGVudGUgZW4gdmFyaWFzIGFydGVzIHkgb2ZpY2lvcy4gU295IHVuYSBwZXJzb25hIGluY3Jlw61ibGUu
niChBw,,SSdtIHNvIGxvdmVseX4=,,,,,U291IHTDo28gYWRvcsOhdmVsLi4u,,U295IGVuY2FudGFkb3J+Lg==
nyChBw,,W0xlaXppXQpIZSB3b24ndCB3YWtlIHVwIGltbWVkaWF0ZWx5LCBidXQgaGUnbGwgc2F2ZSBoaXMgbGlmZSBhbnl3YXkuIElmIHdlIHdlcmUgdG9vIGxhdGUsIGhlIHdvdWxkIGhhdmUgZGllZC4=,,,,,W05hbGFuZHJvXQpFbGUgbsOjbyB2YWkgYWNvcmRhciBpbWVkaWF0YW1lbnRlLCBtYXMgc3VhIHZpZGEgZXN0w6Egc2FsdmEuIFNlIGNoZWfDoXNzZW1vcyB0YXJkZSBkZW1haXMsIGVsZSB0ZXJpYSBtb3JyaWRvLg==,,W0xhenldCk5vIGRlc3BlcnRhcsOhIGRlIGlubWVkaWF0bywgcGVybyBhdW4gYXPDrSBzYWx2YXLDoSBzdSB2aWRhLiBTaSBodWJpw6lyYW1vcyBsbGVnYWRvIGRlbWFzaWFkbyB0YXJkZSwgaGFicsOtYSBtdWVydG8u
oCChBw,,W0xlaXppXQpXaGF0IGFyZSB5b3UgZG9pbmc/IENhcnJ5IGhpbS4=,,,,,W05hbGFuZHJvXQpPIHF1ZSBlc3TDoSBmYXplbmRvPyBDYXJyZWd1ZS1vLg==,,W0xhenldCsK/UXXDqSBlc3TDoXMgaGFjaWVuZG8/IEPDoXJnYWxvLg==
oSChBw,,U2hvdWxkIEkgZG8gdGhhdD8=,,,,,RXUgZGV2ZXJpYSBmYXplciBpc3NvPw==,,wr9EZWJlcsOtYSBoYWNlcmxvPw==
oiChBw,,VGhlbiBzaG91bGQgST8gU2luY2UgeW91J3JlIGFuIGFkdmVudHVyZXIgd2hvIGNhcnJpZXMgMzAsMDAwIHZhcmlvdXMgaXRlbXMgaW4geW91ciBiYWcsIHlvdSBzaG91bGQgY2FycnkgaGltLg==,,,,,RSBldSBkZXZlcmlhPyBTZW5kbyB1bSB2aWFqYW50ZSBxdWUgY2FycmVnYSAzMCBtaWwgaXRlbnMgbmEgYm9sc2EsIHZvY8OqIGRldmVyaWEgY2FycmVnYXIgZWxlLg==,,wr9ZIHlvIGRlYmVyw61hPyBTaSBlcmVzIHVuIGF2ZW50dXJlcm8gcXVlIGNhcmdhIDMwIG1pbCBvYmpldG9zIGVuIGxhIG1vY2hpbGEsIHTDuiBkZWJlcsOtYXMgY2FyZ2FybG8u
oyChBw,,V2hlcmUgZGlkIHlvdSBoZWFyIHRoYXQgZmFsc2UgcnVtb3IuLi4=,,,,,T25kZSB2b2PDqiBvdXZpdSBlc3NlIGJvYXRvLi4uPw==,,wr9Ew7NuZGUgb8Otc3RlIGVzZSBmYWxzbyBydW1vci4uLj8=
pCChBw,,W3swfV0KQXJlIHdlIGNhcnJ5aW5nIGhpbT8gSSB0aG91Z2h0IHdlIHdlcmUgb24gYSBzZWNyZXQgbWlzc2lvbi4=,,,,,W3swfV0KVmFtb3MgY2FycmVnw6EtbG8/IEFjaGVpIHF1ZSBlc3TDoXZhbW9zIGVtIHVtYSBtaXNzw6NvIHNlY3JldGEu,,W3swfV0Kwr9WYW1vcyBhIGNhcmdhcmxvPyBQZW5zw6kgcXVlIGVzdMOhYmFtb3MgZW4gdW5hIG1pc2nDs24gc2VjcmV0YS4=
pSChBw,,W0xlaXppXQpXZSBeMDAwMENEbXVzdCBicmluZ14wMDAwMDAgaGltLiBObyBtYXR0ZXIgd2hhdCBoYXBwZW5zLCB3ZSBtdXN0IGJyaW5nIHRoaXMgbWFuLiBIZSB3aWxsIGJlIG91ciB0aWNrZXQgdG8gdGhlIGJhc2Uu,,,,,W05hbGFuZHJvXQpOw7NzIF4wMDAwQ0RwcmVjaXNhbW9zIGxldsOhLWxvXjAwMDAwMC4gSGFqYSBvIHF1ZSBob3V2ZXIsIHByZWNpc2Ftb3MgbGV2YXIgZXNzYSBob21lbS4gRWxlIHNlcsOhIG5vc3NhIHBvcnRhIGRlIGVudHJhZGEgcGFyYSBhIGJhc2Uu,,W0xhenldCk5vc290cm9zIF4wMDAwQ0RkZWJlbW9zIGxsZXZhcmxvXjAwMDAwMC4gUGFzZSBsbyBxdWUgcGFzZSwgZXN0ZSBob21icmUgc2Vyw6EgbnVlc3RyYSBwdWVydGEgZGUgZW50cmFkYS4=
piChBw,,VGlja2V0Pw==,,,,,UG9ydGEgZGUgZW50cmFkYT8=,,wr9QdWVydGEgZGUgZW50cmFkYT8=
pyChBw,,W3swfV0KV2hvJ3MgdGhpcyBtYW4/,,,,,W3swfV0KUXVlbSDDqSBlbGU/,,W3swfV0Kwr9RdWnDqW4gZXMgZXN0ZSBob21icmU/
qCChBw,,W0xlaXppXQpHb29kIHF1ZXN0aW9uLiBCdXQgc2luY2Ugd2UgZG9uJ3QgaGF2ZSBlbm91Z2ggdGltZSwgbGV0IG1lIGV4cGxhaW4gbGF0ZXIuIFdlIG11c3QgZGVsaXZlciBoaW0gYmVmb3JlIGhlIGRpZXMu,,,,,W05hbGFuZHJvXQpCb2EgcGVyZ3VudGEuIE1hcyBqw6EgcXVlIG7Do28gdGVtb3MgbXVpdG8gdGVtcG8sIGV1IGV4cGxpY28gZGVwb2lzLiBQcmVjaXNhbW9zIGxldsOhLWxvIGFudGVzIHF1ZSBlbGUgbW9ycmEu,,W0xhenldCkJ1ZW5hIHByZWd1bnRhLiBQZXJvLCBjb21vIG5vIHRlbmVtb3Mgc3VmaWNpZW50ZSB0aWVtcG8sIGTDqWphbWUgZXhwbGljYXJsbyBkZXNwdcOpcy4gRGViZW1vcyBlbnRyZWdhcmxvIGFudGVzIGRlIHF1ZSBtdWVyYS4=
qSChBw,,U28geW91IGp1c3Qga2VwdCBoaW0gYmFyZWx5IGFsaXZlPw==,,,,,RW50w6NvIHZvY8OqIG8gZGVpeG91IHByZXN0ZXMgYSBtb3JyZXI/,,RW50b25jZXMsIMK/bG8gbWFudHV2aXN0ZSBhcGVuYXMgY29uIHZpZGE/
qiChBw,,W0xlaXppXQpXaGF0IGFyZSB5b3UgZG9pbmcgaGVyZT8gV2UgYXJlIG5vdCBzdXBwb3NlZCB0byBtZWV0IGhlcmUuIEFyZSB3ZT8=,,,,,W05hbGFuZHJvXQpPIHF1ZSBlc3TDoSBmYXplbmRvIGFxdWk/IE7Do28gZGV2ZXLDrWFtb3MgdGVyIG5vcyBlbmNvbnRyYWRvIGFxdWkuIERldmVyw61hbW9zPw==,,W0xhenldCsK/UXXDqSBoYWNlcyBhcXXDrT8gU2Ugc3Vwb25lIHF1ZSBubyBkZWJlcsOtYW1vcyBlbmNvbnRyYXJub3MgYXF1w60uIMK/Tm8/
qyChBw,,RW5vcm1vdXMgc3RhY2s=,,,,,UGlsaGEgRW5vcm1l,,UGlsYSBFbm9ybWU=
rCChBw,,Q29sbGFwc2VkIHBlcnNvbg==,,,,,UGVzc29hIERlc21haWFkYQ==,,UGVyc29uYSBEZXNtYXlhZGE=
rSChBw,,Wz8/XQouLi4uLi4=,,,,,Wz8/XQouLi4uLi4=,,W8K/wr8/P10KLi4u
riChBw,,W0xlaXppXQpBcmUgeW91IGhlcmUgbm93Pw==,,,,,W05hbGFuZHJvXQpWb2PDqiBlc3TDoSBhcXVpIGFnb3JhPw==,,W0xhenldCsK/RXN0w6FzIGFxdcOtIGFob3JhPw==
ryChBw,,WW91IGFyZSBzbG93ZXIgdGhhbiBJIGV4cGVjdGVkLg==,,,,,Vm9jw6ogw6kgbWFpcyBkZXZhZ2FyIGRvIHF1ZSBldSBpbWFnaW5hdmEu,,QW5kYXMgbcOhcyBsZW50byBkZSBsbyBxdWUgcGVuc2FiYS4=
sCChBw,,SGV5ISBJIGhhdmUgYmVlbiBjYXJyeWluZyBhbiB1bmNvbnNjaW91cyBwZXJzb24h,,,,,RWkhIEV1IGVzdG91IGNhcnJlZ2FuZG8gdW1hIHBlc3NvYSBkZXNhY29yZGFkYSE=,,wqFPeWUhIMKhRXN0dXZlIGxsZXZhbmRvIGEgdW5hIHBlcnNvbmEgaW5jb25zY2llbnRlIQ==
sSChBw,,W0xlaXppXQpQdXQgZG93biB3aGF0IHlvdSBoYXZlIGNhcnJpZWQu,,,,,W05hbGFuZHJvXQpDb2xvcXVlIHN1YSBjYXJnYSBubyBjaMOjby4=,,W0xhenldCkRlamEgbGEgY2FyZ2EgZW4gZWwgc3VlbG8u
siChBw,,W3swfV0KQXJyZ2guLi4=,,,,,W3swfV0KQXJyZ2guLi4=,,W3swfV0KQXJyZ2guLi4=
syChBw,,T2gsIEkgZmVlbCBhbGl2ZSBub3cu,,,,,QWgsIG1lIHNpbnRvIHVtYSBub3ZhIHBlc3NvYSBhZ29yYS4=,,QWhvcmEgc2llbnRvIHF1ZSBwdWVkbyByZXNwaXJhci4=
tCChBw,,WW91IGFyZSBleGFnZ2VyYXRpbmcgeW91ciBwYWluLg==,,,,,Vm9jw6ogZXN0w6EgZXhhZ2VyYW5kby4=,,RXN0w6FzIGV4YWdlcmFuZG8gZWwgZG9sb3Iu
tSChBw,,W3swfV0KV2hlcmUgYW0gST8gVGhlcmUncyBub2JvZHkgaGVyZS4=,,,,,W3swfV0KT25kZSBlc3RhbW9zPyBOw6NvIGjDoSBuaW5ndcOpbSBhcXVpLg==,,W3swfV0Kwr9Ew7NuZGUgZXN0b3k/IEFxdcOtIG5vIGhheSBuYWRpZS4=
tiChBw,,W0xlaXppXQpZb3UgY2FuIHNlZSBhcyBtdWNoIGFzIHlvdSBrbm93LiBUaGF0J3Mgd2h5IEknbSBhbHdheXMgdGlyZWQuIFBlb3BsZSBhbGwgd2FudCBtZSB0byBsb29rIGF0IHRoZW0u,,,,,W05hbGFuZHJvXQpWb2PDqiBlbnhlcmdhIHRhbnRvIHF1YW50byBzYWJlIGRhcyBjb2lzYXMuIMOJIHBvciBpc3NvIHF1ZSBlc3RvdSBzZW1wcmUgdMOjbyBjYW5zYWRvLiBBcyBwZXNzb2FzIHNlbXByZSBxdWVyZW0gcXVlIGV1IG9saGUgcHJhIGVsYXMu,,W0xhenldClNvbG8gcHVlZGVzIHZlciBsbyBxdWUgc2FiZXMuIFBvciBlc28sIHNpZW1wcmUgZXN0b3kgY2Fuc2Fkby4gTGEgZ2VudGUgc2llbXByZSBxdWllcmUgcXVlIGxvcyBtaXJlLg==
tyChBw,,SSB3aWxsIGxvb2sgYXQgdGhlbSBsYXRlci4=,,,,,Vm91IG9saGFyIGRlcG9pcy4=,,TG9zIG1pcmFyw6kgbcOhcyB0YXJkZS4=
uCChBw,,W0xlaXppXQpBbnl3YXksIGxldCdzIGdldCBpbiBoZXJlLg==,,,,,W05hbGFuZHJvXQpFbmZpbSwgdmFtb3MgZW50cmFyLg==,,W0xhenldCkRlIHRvZG9zIG1vZG9zLCBlbnRyZW1vcyBhcXXDrS4=
uSChBw,,W3swfV0KU28sIHdoZXJlIGFtIEk/,,,,,W3swfV0KRW50w6NvLi4uIG9uZGUgZXN0YW1vcz8=,,W3swfV0KRW50b25jZXMsIMK/ZMOzbmRlIGVzdG95Pw==
uiChBw,,W0xlaXppXQpZb3UgdGFsayB0b28gbXVjaCEgSSB0b2xkIHlvdSB3ZSBkb24ndCBoYXZlIG11Y2ggdGltZS4gWW91IGNhbiBsaXN0ZW4gdG8gbXkgZXhwbGFuYXRpb24gbGF0ZXIuIFNvbWVvbmUgd2hvIHdhcyBzdGFuZGluZyBpbiBmcm9udCBvZiB0aGlzIGRldGVjdGVkIG1lIGFscmVhZHkgYW5kIHdlbnQgaW5zaWRlLiBXZSBkb24ndCBrbm93IHdoYXQgdGhleSB3aWxsIHByZXBhcmUu,,,,,W05hbGFuZHJvXQpWb2PDqiBmYWxhIGRlbWFpcyEgRXUgZGlzc2UgcXVlIG7Do28gdGVtb3MgbXVpdG8gdGVtcG8uIFZvY8OqIHBvZGUgb3V2aXIgbWluaGEgZXhwbGljYcOnw6NvIGRlcG9pcy4gQWxndcOpbSBxdWUgZXN0YXZhIGFxdWkgbmEgZnJlbnRlIG1lIGRldGVjdG91IGUgY29ycmV1IHBhcmEgZGVudHJvLiBOw6NvIHNhYmVtb3MgbyBxdWUgZXN0w6NvIHRyYW1hbmRvLg==,,W0xhenldCsKhSGFibGFzIGRlbWFzaWFkbyEgVGUgZGlqZSBxdWUgbm8gdGVuZW1vcyBtdWNobyB0aWVtcG8uIFB1ZWRlcyBlc2N1Y2hhciBtaSBleHBsaWNhY2nDs24gZGVzcHXDqXMuIEFsZ3VpZW4gcXVlIGVzdGFiYSBhcXXDrSBhZGVsYW50ZSBtZSBkZXRlY3TDsyB5IGNvcnJpw7MgYWRlbnRyby4gTm8gc2FiZW1vcyBxdcOpIGVzdMOhbiB0cmFtYW5kby4=
uyChBw,,V2VsbCwgeW91IGFyZSB0eXBlIG9mIGEgZ3V5IHdobyByZWFsbHkgbG92ZXMgZXhwbGFpbmluZyB0aGluZ3MgbGF0ZXIgb24h,,,,,SHVtLCBqw6EgdmkgcXVlIHZvY8OqIHJlYWxtZW50ZSBhZG9yYSBleHBsaWNhciBhcyBjb2lzYXMgZGVwb2lzIQ==,,SG1tLCB5YSB2ZW8gcXVlIHJlYWxtZW50ZSB0ZSBlbmNhbnRhIGV4cGxpY2FyIGxhcyBjb3NhcyBkZXNwdcOpcy4=
vCChBw,,W3swfV0KV2FpdCwgYXJlIHdlIGdvaW5nIHRvIGxlYXZlIGhpbSBoZXJlPw==,,,,,W3swfV0KRXNwZXJhLCB2YW1vcyBkZWl4YXIgZWxlIGFxdWk/,,W3swfV0KRXNwZXJhLCDCv3ZhbW9zIGEgZGVqYXJsbyBhcXXDrT8=
vSChBw,,W0xlaXppXQpZZWFoLiBJcyB0aGVyZSBhbnkgcHJvYmxlbT8gSXMgaXQgYSBwcm9ibGVtPyBDb3VsZCBpdCBiZSBhIHByb2JsZW0/,,,,,W05hbGFuZHJvXQpTaW0uIEFsZ3VtIHByb2JsZW1hPyBJc3NvIMOpIHVtIHByb2JsZW1hPyBTZXJpYSB1bSBwcm9ibGVtYT8=,,W0xhenldClPDrS4gwr9IYXkgYWxnw7puIHByb2JsZW1hPyDCv0VzIHVuIHByb2JsZW1hPyDCv1BvZHLDrWEgc2VyIHVuIHByb2JsZW1hPw==
viChBw,,W3swfV0KWW91IHNhaWQgdGhhdCB3ZSBzaG91bGQgYnJpbmcgdGhlIGluanVyZWQgbWFuLiBUaGVuIHlvdSB0b2xkIG1lIHRvIGNhcnJ5IGhpbSBhbGwgdGhlIHdheSBoZXJlLiBOb3cgeW91IGFyZSBhYmFuZG9uaW5nIGhpbSBoZXJlPw==,,,,,W3swfV0KVm9jw6ogZGlzc2UgcXVlIGRldmVyw61hbW9zIHRyYXplciBvIGhvbWVtIGZlcmlkby4gRGVwb2lzIG1lIGRpc3NlIHBhcmEgY2FycmVnw6EtbG8gYXTDqSBhcXVpLiBFIGFnb3JhIHZhaSBhYmFuZG9uw6EtbG8/,,W3swfV0KRGlqaXN0ZSBxdWUgZGViw61hbW9zIHRyYWVyIGFsIGhvbWJyZSBoZXJpZG8uIFkgZGVzcHXDqXMgbWUgZGlqaXN0ZSBxdWUgbG8gY2FyZ2FyYSBoYXN0YSBhcXXDrS4gwr9ZIGFob3JhIGxvIGFiYW5kb25hcyBhcXXDrT8=
vyChBw,,SSwgQ0FSUklFRCwgSElNLCBBTEwgVEhFIFdBWSBIRVJFLiBESUROJ1QgST8=,,,,,RVUuIENBUlJFR1VFSS4gRUxFLiBBVMOJLiBBUVVJLiBOw4NPIEZPST8=,,wqFZTyBMTyBDQVJHVcOJIFRPRE8gRUwgQ0FNSU5PIEhBU1RBIEFRVcONLCBOTyBMTyBISUNFPw==
wCChBw,,WW91IGNhbiBzYXkgYWxsIHlvdSB3YW50LiBJJ20gbm90IGFmcmFpZCBvZiB5b3Uu,,,,,UG9kZSBmYWxhciBvIHF1ZSBxdWlzZXIuIE7Do28gdGVuaG8gbWVkbyBkZSB2b2PDqi4=,,UHVlZGVzIGRlY2lyIHRvZG8gbG8gcXVlIHF1aWVyYXMuIE5vIHRlIHRlbmdvIG1pZWRvLg==
wSChBw,,W0xlaXppXQpEb24ndCB3b3JyeSBhYm91dCBoaW0uIEhlJ3Mgbm90IGdvaW5nIHRvIGRpZS4gSHVtYW5zIGRvIG5vdCBkaWUgc28gZWFzaWx5LiBUaGUgZmFjdCBJJ20gc3RpbGwgYWxpdmUgaXMgdGhlIGV2aWRlbmNlLg==,,,,,W05hbGFuZHJvXQpOw6NvIHNlIHByZW9jdXBlIGNvbSBlbGUuIEVsZSBuw6NvIHZhaSBtb3JyZXIuIEh1bWFub3MgbsOjbyBtb3JyZW0gdMOjbyBmYWNpbG1lbnRlLiBPIGZhdG8gZGUgZXUgYWluZGEgdGVyIHVtYSB2aWRhIMOpIGEgcHJvdmEu,,W0xhenldCk5vIHRlIHByZW9jdXBlcyBwb3Igw6lsLiBObyBtb3JpcsOhLiBMb3MgaHVtYW5vcyBubyBtdWVyZW4gdGFuIGbDoWNpbG1lbnRlLiBFbCBoZWNobyBkZSBxdWUgeW8gc2lnYSB2aXZvIGVzIGV2aWRlbmNpYSBzdWZpY2llbnRlLg==
wiChBw,,V2hhdCBraW5kIG9mIGxpZmUgd2FzIGl0Li4uPw==,,,,,UXVlIHRpcG8gZGUgdmlkYT8=,,wr9RdcOpIHRpcG8gZGUgdmlkYS4uLj8=
wyChBw,,W3swfV0KVGhhdCdzIG5vdCB0aGUgaXNzdWUgaGVyZS4=,,,,,W3swfV0KSXNzbyBuw6NvIHZlbSBhbyBjYXNvLg==,,W3swfV0KRXNlIG5vIGVzIGVsIHByb2JsZW1hIGFxdcOtLg==
xCChBw,,W0xlaXppXQpDb21lIG9uLCBsZXQncyBnZXQgaW4uIFdlIGRvbid0IGhhdmUgbXVjaCB0aW1lLiBMZXQncyB0YWxrIGluc2lkZS4gQXJlbid0IHlvdSBjdXJpb3VzIHRvIGtub3cgd2hhdCdzIGluIHRoZXJlPw==,,,,,W05hbGFuZHJvXQpWZW5oYSwgdmFtb3MgZW50cmFyLiBOw6NvIHRlbW9zIG11aXRvIHRlbXBvLiBGYWxhcmVtb3MgbMOhIGRlbnRyby4gVm9jw6ogbsOjbyB0ZW0gY3VyaW9zaWRhZGUgcGFyYSBzYWJlciBvIHF1ZSBow6EgbMOhPw==,,W0xhenldClZhbW9zLCBlbnRyZW1vcy4gTm8gdGVuZW1vcyBtdWNobyB0aWVtcG8uIEhhYmxlbW9zIGRlbnRyby4gwr9ObyB0aWVuZXMgY3VyaW9zaWRhZCBwb3Igc2FiZXIgcXXDqSBoYXkgYWjDrSBkZW50cm8/
xSChBw,,SSdtIGN1cmlvdXMhIEknbSBjdXJpb3VzISBJIHdhbnQgdG8ga25vdyE=,,,,,VGVuaG8gc2ltISBUZW5obyBzaW0hIEV1IHF1ZXJvIHNhYmVyIQ==,,wqFTw60gdGVuZ28hIMKhU8OtIHRlbmdvISDCoVF1aWVybyBzYWJlciE=
xiChBw,,W3swfV0KV2UgaGF2ZSB0byBzZWUgc29tZXRoaW5nIHRvIGdldCBpbiB0aGVyZS4=,,,,,W3swfV0KUHJlY2lzYXJlbW9zIGVueGVyZ2FyIGFsZ3VtYSBjb2lzYSBwYXJhIGVudHJhciBsw6Eu,,W3swfV0KVGVuZW1vcyBxdWUgdmVyIGFsZ28gcGFyYSBwb2RlciBlbnRyYXIu
xyChBw,,W0xlaXppXQpMb29rIGF0IHRoaXMuIFRoZXJlJ3MgYW4gZW50cmFuY2UgaGVyZS4gVGhpcyBpcyBeMDAwMENEYW4gZW50cmFuY2UgaGlkZGVuIGluIHRoZSB3YWxsIG9mIHRoZSBiZWFjaF4wMDAwMDAuIEl0IGlzIHNvIGZpc2h5LiBMZXQncyBnZXQgaW5zaWRlIGFuZCBjaGVjayB3aGF0J3MgdGhlcmUu,,,,,W05hbGFuZHJvXQpPbGhhIHPDsy4gVGVtIHVtYSBlbnRyYWRhIGFxdWkuIMOJIF4wMDAwQ0R1bWEgZW50cmFkYSBlc2NvbmRpZGEgbmEgcGFyZWRlIGRhcyBtYXJnZW5zIGRvIHJpb14wMDAwMDAuIFBhcmVjZSB0w6NvIHN1c3BlaXRvLiBWYW1vcyBlbnRyYXIgZSB2ZXIgbyBxdWUgaMOhIGzDoS4=,,W0xhenldCk1pcmEuIEhheSB1bmEgZW50cmFkYSBhcXXDrS4gRXMgXjAwMDBDRHVuYSBlbnRyYWRhIG9jdWx0YSBlbiBsYSBwYXJlZCBkZSBsYSBwbGF5YV4wMDAwMDAuIEVzIGRlbWFzaWFkbyBzb3NwZWNob3NvLiBFbnRyZW1vcyB5IHZlYW1vcyBxdWUgaGF5IGFow60u
yCChBw,,W0xlaXppXQpXaGF0IGFyZSB5b3UgZG9pbmc/IENvbWUgaW4h,,,,,W05hbGFuZHJvXQpPIHF1ZSBlc3TDoSBmYXplbmRvPyBWZW5oYSE=,,W0xhenldCsK/UXXDqSBlc3TDoXMgaGFjaWVuZG8/IMKhQWRlbGFudGUh
ySChBw,,W0xlaXppXQpBcmUgeW91IG9rYXkgdG8gYmUgaGVyZSBub3c/IENvbWUgb24sIGxldCdzIGdldCBpbnNpZGUh,,,,,W05hbGFuZHJvXQpFc3RhciBhcXVpIMOpIHVtIHByb2JsZW1hIHBhcmEgdm9jw6o/IFZlbmhhLCB2YW1vcyBlbnRyYXIh,,W0xhenldCsK/RXN0w6FzIGxpc3RvIHBhcmEgZXN0YXIgYXF1w60gYWhvcmE/IMKhVmFtb3MsIGVudHJlbW9zIQ==
yiChBw,,W0xlaXppXQpPaCEgV2UgbWVldCBhZ2FpbiEgSSBnb3QgY2FsbGVkIGFuZCB3b3VsZCBsaWtlIHRvIGdvIHNvbWV3aGVyZSBlbHNlLiBTZWUgeW91IGxhdGVyIQ==,,,,,W05hbGFuZHJvXQpBaCEgTm9zIGVuY29udHJhbW9zIGRlIG5vdm8hIEV1IGZ1aSBjaGFtYWRvIGUgZ29zdGFyaWEgZGUgaXIgcGFyYSBvdXRybyBsdWdhci4gQXTDqSBtYWlzIHRhcmRlIQ==,,W0xhenldCsKhQWghIMKhTm9zIHZvbHZlbW9zIGEgdmVyISBNZSBsbGFtYXJvbiB5IG1lIGd1c3RhcsOtYSBpciBhIG90cm8gc2l0aW8uIMKhTm9zIHZlbW9zIGx1ZWdvIQ==
yyChBw,,R29ueQ==,,,,,R29uaWU=,,R29uaWU=
zCChBw,,W0xlaXppXQpPdWNoISBUaGUgc3RvcmUgbG9va3Mgc21hbGxlciB0aGF0IGl0IGxvb2tzIGZyb20gb3V0c2lkZS4gSXMgdGhlcmUgYSBzcGFjZSBiZWhpbmQgdGhlIHBpbGxhcj8=,,,,,W05hbGFuZHJvXQpBaSEgQSBsb2phIHBhcmVjZSBtYWlvciBkZSBmb3JhLiBIw6EgdW0gZXNwYcOnbyBhdHLDoXMgZGEgZXN0YW50ZT8=,,W0xhenldCsKhQXkhIExhIHRpZW5kYSBwYXJlY2UgbcOhcyBwZXF1ZcOxbyBkZSBsbyBxdWUgc2UgdmUgZGVzZGUgZnVlcmEuIMK/SGF5IHVuIGVzcGFjaW8gZGV0csOhcyBkZWwgcGlsYXI/
zSChBw,,W3swfV0KSXMgdGhpcyBhIGZpcmVhcm0gc3RvcmU/,,,,,W3swfV0KSXNzbyDDqSB1bWEgbG9qYSBkZSBhcm1hcyBkZSBmb2dvPw==,,W3swfV0Kwr9FcyB1bmEgdGllbmRhIGRlIGFybWFzPw==
ziChBw,,V2h5IGFyZSB3ZSBpbiBhIGZpcmVhcm0gc3RvcmUuLj8gSSBhbHJlYWR5IGhhdmUgYSB3ZWFwb24u,,,,,UG9yIHF1ZSBlc3RhbW9zIGVtIHVtYSBsb2phIGRlIGFybWFzPyBFdSBqw6EgdGVuaG8gdW1hIGFybWEu,,wr9Qb3IgcXXDqSBlc3RhbW9zIGVuIHVuYSB0aWVuZGEgZGUgYXJtYXMuLi4/IFlhIHRlbmdvIHVuIGFybWEu
zyChBw,,W1Nob3BrZWVwZXJdCkEgcmVhbCBjdXN0b21lcj8=,,,,,W0xvamlzdGFdClVtIGNsaWVudGUgZGUgdmVyZGFkZT8=,,W1RlbmRlcm9dCsK/VW4gY2xpZW50ZSBkZSB2ZXJkYWQ/
0CChBw,,SSB0b2xkIHlvdSB0aGVyZSB3b3VsZCBiZSBhIGN1c3RvbWVyLg==,,,,,RXUgZGlzc2UgcXVlIHRlcsOtYW1vcyB1bSBjbGllbnRlLg==,,VGUgZGlqZSBxdWUgdGVuZHLDrWFtb3MgdW4gY2xpZW50ZS4=
0SChBw,,SSB0aG91Z2h0IGl0IHdhcyBzb21lb25lIHdobyBzdG9wcGVkIHRvIGFzayB0aGUgd2F5Lg==,,,,,QWNoZWkgcXVlIGVyYSBhbGd1w6ltIHBlZGluZG8gaW5mb3JtYcOnw7Vlcy4=,,Q3Jlw60gcXVlIGVyYSBhbGd1aWVuIHF1ZSBzZSBoYWLDrWEgZGV0ZW5pZG8gcGFyYSBwZWRpciBkaXJlY2Npb25lcy4=
0iChBw,,W1Nob3BrZWVwZXJdCldlbGNvbWUuIFRoaXMgaXMgXjAwMDBDRENsYW5hIE5lbWllcmleMDAwMDAwIGFuZCB3ZSBoYW5kbGUgdmFyaW91cyBmaXJlYXJtcy4=,,,,,W0xvamlzdGFdCkJvYXMtdmluZGFzLiBWb2PDqiBlc3TDoSBuYSBeMDAwMENEQ2xhbmEgTmVtaWVyaV4wMDAwMDAgZSBuw7NzIHZlbmRlbW9zIHbDoXJpYXMgYXJtYXMgZGUgZm9nby4=,,W1RlbmRlcm9dClRlIGRhbW9zIGxhIGJpZW52ZW5pZGEuIEVzdMOhcyBlbiBeMDAwMENEQ2xhbmEgTmVtaWVyaV4wMDAwMDAgeSB2ZW5kZW1vcyBkaXZlcnNhcyBhcm1hcyBkZSBmdWVnby4=
0yChBw,,W1Nob3BrZWVwZXJdClRha2UgYSBsb29rIGFyb3VuZCBhbmQgdGVsbCBtZSBpZiB0aGVyZSBpcyBhbnl0aGluZyB5b3UgYXJlIGxvb2tpbmcgZm9yLg==,,,,,W0xvamlzdGFdClBvZGUgb2xoYXIgdHVkbyDDoCB2b250YWRlIGUgbWUgZGlnYSBzZSBlc3RpdmVyIHByb2N1cmFuZG8gYWxndW1hIGNvaXNhIGVzcGVjw61maWNhLg==,,W1RlbmRlcm9dCkVjaGEgdW4gdmlzdGF6byB5IGRpbWUgc2kgaGF5IGFsZ28gcXVlIGVzdMOpcyBidXNjYW5kby4=
1CChBw,,RG9uJ3Qgd2UgaGF2ZSB0byBjYWxsIGluc2lkZT8=,,,,,TsOjbyBwcmVjaXNhbW9zIGF2aXNhciBsw6EgZGVudHJvPw==,,wr9ObyBuZWNlc2l0YW1vcyBhdmlzYXIgYWxsw6EgYWRlbnRybz8=
1SChBw,,Q2FsbSBkb3duLiBCZSBjb29sLg==,,,,,QWNhbG1lLXNlLiBOw6NvIHNlIHByZW9jdXBlLg==,,Q2FsbWEuIFJlbMOhamF0ZS4=
1iChBw,,W0xlaXppXQpZZWFoLi4gSSBob3BlIHdlIGhhdmUgd2hhdCB5b3UncmUgbG9va2luZyBmb3Iu,,,,,W05hbGFuZHJvXQpTaW0uLi4gRXNwZXJvIHF1ZSB0ZW5oYW1vcyBvIHF1ZSB2b2PDqiBlc3TDoSBwcm9jdXJhbmRvLg==,,W0xhenldClPDrS4uLiBlc3Blcm8gcXVlIHRlbmdhbW9zIGxvIHF1ZSBlc3TDoXMgYnVzY2FuZG8u
1yChBw,,W1Nob3BrZWVwZXJdCkJ5IHRoZSB3YXkuLi4gSG93IGRpZCB5b3UgZmluZCB1cz8gVGhpcyBpcyBhIHNtYWxsIHN0b3JlIHRoYXQgb25seSBsaW1pdGVkIHBlb3BsZSB2aXNpdC4=,,,,,W0xvamlzdGFdCkFsacOhcy4uLiBDb21vIHZvY8OqIG5vcyBlbmNvbnRyb3U/IEVzc2Egw6kgdW1hIGxvamEgcGVxdWVuYSwgZSBhcGVuYXMgYWxndW1hcyBwZXNzb2FzIGEgdmlzaXRhbS4=,,W1RlbmRlcm9dClBvciBjaWVydG8uLi4gwr9Dw7NtbyBub3MgZW5jb250cmFzdGU/IFNlIHRyYXRhIGRlIHVuYSB0aWVuZGEgcGVxdWXDsWEgcXVlIHNvbG8gdmlzaXRhbiB1bmFzIHBvY2FzIHBlcnNvbmFzLg==
2CChBw,,V2hhdCBhcmUgeW91IHNheWluZz8=,,,,,TyBxdWUgdm9jw6ogZXN0w6EgZGl6ZW5kbz8=,,wr9RdcOpIGVzdMOhcyBpbnNpbnVhbmRvPw==
2SChBw,,W0xlaXppXQpJIHdhbnRlZCB0byBidXkgYSBzZWxmLWRlZmVuc2UgZ3VuLiBBbmQgc29tZW9uZSByZWNvbW1lbmRlZCBtZSB0aGlzIHN0b3JlLg==,,,,,W05hbGFuZHJvXQpHb3N0YXJpYSBkZSBjb21wcmFyIHVtYSBhcm1hIHBhcmEgZGVmZXNhIHBlc3NvYWwuIEUgYWxndcOpbSBtZSByZWNvbWVuZG91IGVzc2EgbG9qYS4=,,W0xhenldClF1ZXLDrWEgY29tcHJhciB1biBhcm1hIGRlIGRlZmVuc2EgcGVyc29uYWwuIFkgYWxndWllbiBtZSByZWNvbWVuZMOzIGVzdGEgdGllbmRhLg==
2iChBw,,W1Nob3BrZWVwZXJdCldoby4uIHdhcyBpdD8=,,,,,W0xvamlzdGFdClF1ZW0uLi4gcXVlbSBmb2k/,,W1RlbmRlcm9dCsK/UXVpw6luLi4uIGZ1ZT8=
2yChBw,,W0xlaXppXQpXaGF0IHdvdWxkIHlvdSBkbyBpZiBJIHRlbGwgeW91IHdobyB0aGF0IHBlcnNvbiBpcz8=,,,,,W05hbGFuZHJvXQpPIHF1ZSBmYXJpYSBzZSBldSB0ZSBkaXNzZXNzZSBxdWVtIGZvaSBhIHBlc3NvYT8=,,W0xhenldCsK/UXXDqSBoYXLDrWFzIHNpIHRlIGRpZ28gcXVpw6luIGVzIGVzYSBwZXJzb25hPw==
3CChBw,,W0xlaXppXQpXb3csIHRoaXMgbG9va3MgY29vbC4gSXMgdGhpcyB0aGUgd2F5IHlvdSBob2xkIGl0Pw==,,,,,W05hbGFuZHJvXQpVYXUsIGlzc28gcGFyZWNlIGxlZ2FsLiDDiSBhc3NpbSBxdWUgc2VndXJhPw==,,W0xhenldClZheWEsIGVzdG8gZXMgZ2VuaWFsLiDCv0Fzw60gZXMgY29tbyBzZSBzb3N0aWVuZT8=
3SChBw,,W1Nob3BrZWVwZXJdClNpci4gVGhhdCBzdHVmZiBpcyBxdWl0ZSBzZW5zaXRpdmUgYW5kIHlvdSBzaG91bGRuJ3QgdG91Z2ggaXQgaW5jb25zaWRlcmF0ZWx5Lg==,,,,,W0xvamlzdGFdClNlbmhvci4gRXNzZSBlcXVpcGFtZW50byDDqSBkZWxpY2FkbywgcG9ydGFudG8gdm9jw6ogbsOjbyBkZXZlcmlhIG1hbnVzZWFyIGRlIHF1YWxxdWVyIGZvcm1hLg==,,W1RlbmRlcm9dClNlw7Fvci4gRXNvIGVzIGJhc3RhbnRlIGRlbGljYWRvIHkgc2UgZGViZSB1c2FyIGNvbiBjdWlkYWRvLg==
3iChBw,,UGxlYXNlIHRha2UgeW91ciBoYW5kcyBhd2F5IGZyb20gdGhlcmUu,,,,,UG9yIGZhdm9yLCBhZmFzdGUgc3VhcyBtw6NvcyBkYcOtLg==,,UG9yIGZhdm9yLCByZXRpcmUgbGFzIG1hbm9zIGRlIGFow60u
3yChBw,,W0xlaXppXQpEaWRuJ3QgeW91IHRlbGwgbWUgdG8gbG9vayBhbGwgSSB3YW50PyBUaGlzIGlzIHNvIHNtYWxsISBDYW4gaXQgZXZlciBmaXJlIGEgYnVsbGV0PyBMb29rIGF0IHRoZSBkdXN0IGhlcmUuIEkgZ3Vlc3MgeW91J3JlIG91dCBvZiBidXNpbmVzcyBoZXJlLg==,,,,,W05hbGFuZHJvXQpWb2PDqiBuw6NvIG1lIGRpc3NlIHBhcmEgb2xoYXIgw6Agdm9udGFkZT8gSXNzbyDDqSB0w6NvIHBlcXVlbm8hIENvbnNlZ3VlIGRpc3BhcmFyIHVtYSBiYWxhPyBPbGhhIHPDsyBhIHBvZWlyYSBhcXVpLiBQYXJlY2UgcXVlIG9zIG5lZ8OzY2lvcyBhcXVpIG7Do28gZXN0w6NvIGJvbnMu,,W0xhenldCsK/Tm8gbWUgZGlqaXN0ZSBxdWUgbWlyYXJhIHRvZG8gbG8gcXVlIHF1aXNpZXJhPyDCoVF1w6kgcGVxdWXDsWEhIMK/UHVlZGUgZGlzcGFyYXIgYWwgbWVub3MgdW5hIGJhbGE/IE1pcmEgZWwgcG9sdm8gYXF1w60uIFN1cG9uZ28gcXVlIGVzdMOhcyBmdWVyYSBkZSBuZWdvY2lvcyBhcXXDrS4=
4CChBw,,W1Nob3BrZWVwZXJdCk9oLi4gVGhhdCdzIG9uZSBvZiB0aGUgbW9zdCBwb3B1bGFyIHByb2R1Y3RzIGluIG91ciBzdG9yZS4=,,,,,W0xvamlzdGFdCkFoLi4uIEVzc2Ugw6kgdW0gZG9zIHByb2R1dG9zIG1haXMgcG9wdWxhcmVzIGRhIG5vc3NhIGxvamEu,,W1RlbmRlcm9dCk9oLi4uIGVzZSBlcyB1bm8gZGUgbG9zIHByb2R1Y3RvcyBtw6FzIHBvcHVsYXJlcyBkZSBudWVzdHJhIHRpZW5kYS4=
4SChBw,,W0xlaXppXQpJcyB0aGlzIGEgcG9wdWxhciBwcm9kdWN0PyBJIGNhbiBpbWFnaW5lIHRoZSBxdWFsaXR5IG9mIHRoaXMgc3RvcmUu,,,,,W05hbGFuZHJvXQpJc3NvIMOpIHVtIHByb2R1dG8gcG9wdWxhcj8gSsOhIGTDoSBwcmEgaW1hZ2luYXIgYSBxdWFsaWRhZGUgZGVzc2EgbG9qYS4=,,W0xhenldCsK/RXMgdW4gcHJvZHVjdG8gcG9wdWxhcj8gTWUgaW1hZ2lubyBsYSBjYWxpZGFkIGRlIGVzdGEgdGllbmRhLg==
4iChBw,,W1Nob3BrZWVwZXJdCldoYXQgZGlkIHlvdSBzYXk/IEFyZSB5b3UgaW5zdWx0aW5nIG15IGd1biBub3c/,,,,,W0xvamlzdGFdCk8gcXVlIHZvY8OqIGRpc3NlPyBBZ29yYSB2b2PDqiBlc3TDoSBpbnN1bHRhbmRvIG1pbmhhIGFybWE/,,W1RlbmRlcm9dCsK/UXXDqSBkaWppc3RlPyDCv0Fob3JhIGVzdMOhcyBpbnN1bHRhbmRvIG1pIGFybWE/
4yChBw,,SSB3b24ndCB0YWtlIGl0IGFueSBtb3JlISBMZWF2ZSBtZSBhbG9uZSE=,,,,,TsOjbyB2b3UgbWFpcyB0b2xlcmFyIGlzc28hIERlaXhlLW1lIGVtIHBheiE=,,wqFObyBsbyB0b2xlcmFyw6kgbcOhcyEgwqFWw6F5YW5zZSE=
5CChBw,,W0xlaXppXQpObywgSSBkb24ndCBtZWFuIGl0LiBCdXQgaWYgeW91IGhlYXJkIGl0IHRoYXQgd2F5LCB0aGVuIGl0J3MgYW4gaW5zdWx0Lg==,,,,,W05hbGFuZHJvXQpOw6NvLCBuw6NvIGZvaSBvIHF1ZSBldSBxdWlzIGRpemVyLiBNYXMgc2Ugdm9jw6ogZW50ZW5kZXUgYXNzaW0sIGVudMOjbyDDqSB1bSBpbnN1bHRvLg==,,W0xhenldCk5vLCBubyBsbyBkaWdvIGRlIGVzYSBtYW5lcmEuIFBlcm8gc2kgbG8gaW50ZXJwcmV0YXN0ZSBhc8OtLCBlbnRvbmNlcywgZXMgdW4gaW5zdWx0by4=
5SChBw,,W1Nob3BrZWVwZXJdCkNhbG0gZG93biwgTmVtaS4gSGUncyBhIGN1c3RvbWVyLg==,,,,,W0xvamlzdGFdCkFjYWxtZS1zZSwgTmVtaS4gRWxlIMOpIHVtIGNsaWVudGUu,,W1RlbmRlcm9dCkPDoWxtYXRlLCBOZW1pLiBFcyB1biBjbGllbnRlLg==
5iChBw,,U2lyLg==,,,,,U2VuaG9yLg==,,U2XDsW9yLg==
5yChBw,,W0xlaXppXQpIbW0uLi4gVGhpcyBsb29rcyBxdWl0ZSBnb29kLiBIb3cgbXVjaCBpcyBpdD8=,,,,,W05hbGFuZHJvXQpIbW0uLi4gSXNzbyBwYXJlY2UgYm9tLiBRdWFudG8gY3VzdGE/,,W0xhenldCk1tbS4uLiBFc3RhIGx1Y2UgYmllbi4gwr9DdcOhbnRvIGN1ZXN0YT8=
6CChBw,,W1Nob3BrZWVwZXJdCjMuNCBtaWxsaW9uIFplbnku,,,,,W0xvamlzdGFdCjMsNCBtaWxow7VlcyBkZSB6ZW55cy4=,,W1RlbmRlcm9dCjMuNCBtaWxsb25lcyBkZSB6ZW55Lg==
6SChBw,,W0xlaXppXQpUaGF0J3MgdGhlIHByaWNlIG9mIGEgc25hY2suIEdpdmUgbWUgb25lLg==,,,,,W05hbGFuZHJvXQrDiSBvIHByZcOnbyBkZSB1bSBqZWxsb3B5LiBWb3UgbGV2YXIgdW0u,,W0xhenldCkVzIGVsIHByZWNpbyBkZSB1biBqZWxsb3B5LiBEYW1lIHVuYS4=
6iChBw,,V2hpY2ggc25hY2sgaXMgdGhhdCBleHBlbnNpdmU/,,,,,TnVuY2EgdmkgdW0gamVsbG9weSB0w6NvIGNhcm8gYXNzaW0u,,TnVuY2EgaGUgdmlzdG8gdW4gamVsbG9weSB0YW4gY2Fyby4=
6yChBw,,W1Nob3BrZWVwZXJdClNpbmNlIGl0IGlzIGEgZGlzcGxheSBwcm9kdWN0LCB3ZSBoYXZlIHRvIHBsYWNlIGFuIG9yZGVyLiBUaGVyZSBhcmUgdG9vIG1hbnkgb3JkZXJzIGFuZCB5b3UgaGF2ZSB0byB3YWl0IGZvciBlaWdodCBtb250aHMuIENhbiB5b3Ugd2FpdD8=,,,,,W0xvamlzdGFdCkNvbW8gw6kgdW0gcHJvZHV0byBkZSBtb3N0cnXDoXJpbywgcHJlY2lzYXJlbW9zIGVuY29tZW5kw6EtbG8uIEjDoSBtdWl0b3MgcGVkaWRvcyBuYSBmcmVudGUsIGUgdmFpIGxldmFyIG9pdG8gbWVzZXMuIFZvY8OqIGNvbnNlZ3VlIGVzcGVyYXI/,,W1RlbmRlcm9dCkNvbW8gZXMgdW4gcHJvZHVjdG8gZGUgZXhwb3NpY2nDs24sIHRlbmVtb3MgcXVlIGhhY2VyIHVuIHBlZGlkby4gSGF5IGRlbWFzaWFkb3MgcGVkaWRvcyB5IHRpZW5lcyBxdWUgZXNwZXJhciBvY2hvIG1lc2VzLiDCv1B1ZWRlcyBlc3BlcmFyPw==
7CChBw,,W0xlaXppXQpJJ20gbm90IHRoZSBvbmUgd2hvJ3Mgc2hvcnQtdGVtcGVyZWQuIEkgZ3Vlc3MgaXQncyB5b3Uu,,,,,W05hbGFuZHJvXQpOw6NvIHNvdSBldSBxdWVtIHRlbSBvIHBhdmlvIGN1cnRvLiBQYXJlY2UgcXVlIMOpIHZvY8OqLg==,,W0xhenldCk5vIHNveSB5byBxdWllbiB0aWVuZSBlbCB0ZW1wZXJhbWVudG8gY29ydG8uIFBhcmVjZSBxdWUgZXJlcyB0w7ou
7SChBw,,SSBjYW4gd2FpdCBmb3IgZWlnaHQgbW9udGhzLg==,,,,,UG9zc28gZXNwZXJhciBvaXRvIG1lc2VzLg==,,UHVlZG8gZXNwZXJhciBvY2hvIG1lc2VzLg==
7iChBw,,QXJlIHlvdSBjb25kdWN0aW5nIHBzeWNob2xvZ2ljYWwgd2FyZmFyZT8=,,,,,RXN0w6EgdHJhdmFuZG8gdW1hIGd1ZXJyYSBwc2ljb2zDs2dpY2E/,,wr9Fc3RvIGVzIHVuYSBndWVycmEgcHNpY29sw7NnaWNhPw==
7yChBw,,W1Nob3BrZWVwZXJdCkNhbG0gZG93biwgTmVtaS4=,,,,,W0xvamlzdGFdCkFjYWxtZS1zZSwgTmVtaS4=,,W1RlbmRlcm9dCkPDoWxtYXRlLCBOZW1pLg==
8CChBw,,W0xlaXppXQpSYXRoZXIgdGhhbiB0aGVzZSwgc2hvdyBtZSB3aGF0IHlvdSBhY3R1YWxseSBzZWxsIGhlcmUuIEZvciBleGFtcGxlLCBeMDAwMENERmFzdCBHcmluZGVyIEN1dHRpbmcgdGhyb3VnaCB0aGUgV2luZF4wMDAwMDA/,,,,,W05hbGFuZHJvXQpBbMOpbSBkZXNzYXMgY29pc2FzLCBtb3N0cmUgbyBxdWUgdm9jw6ogcmVhbG1lbnRlIHZlbmRlIGFxdWkuIFBvciBleGVtcGxvLCB1bWEgXjAwMDBDRFJhc2dhZG9yYSBkZSBWZW50b14wMDAwMDA/,,W0xhenldCkVuIGx1Z2FyIGRlIGVzdG8sIG11w6lzdHJhbWUgbG8gcXVlIHJlYWxtZW50ZSB2ZW5kZXMgYXF1w60uIFBvciBlamVtcGxvLCBeMDAwMENEwr91bmEgVHJpdHVyYWRvcmEgdmVsb3ogY29ydGF0b2RvXjAwMDAwMD8=
8SChBw,,SXMgJ0dyaW5kZXInIHRoZSBuYW1lIG9mIGEgYnVsbGV0Pw==,,,,,J1Jhc2dhZG9yYScgw6kgdW0gdGlwbyBkZSBiYWxhPw==,,wr/igJxUcml0dXJhZG9yYeKAnSBlcyBlbCBub21icmUgZGUgdW5hIGJhbGE/
8iChBw,,W1Nob3BrZWVwZXJdCkhleSwgd2hvIHRoZSBoZWxsIGFyZSB5b3U/,,,,,W0xvamlzdGFdCkVpLCBxdWVtIGRpYWJvcyDDqSB2b2PDqj8=,,W1RlbmRlcm9dCk95ZSwgwr9xdWnDqW4gZGVtb25pb3MgZXJlcyB0w7o/
8yChBw,,SSByZWNvZ25pemVkIGl0IGF0IG9uY2Uh,,,,,RXUgcmVjb25oZWNpIG5hIGhvcmEh,,wqFMbyByZWNvbm9jw60gZW5zZWd1aWRhIQ==
9CChBw,,Q2FsbSBkb3duISBXZSBzaG91bGRuJ3QgbG9vayBzdXNwaWNpb3VzIQ==,,,,,QWNhbG1lLXNlISBOw6NvIGRldmVtb3MgbGV2YW50YXIgc3VzcGVpdGFzIQ==,,wqFDw6FsbWF0ZSEgwqFObyBkZWJlbW9zIGxldmFudGFyIHNvc3BlY2hhcyE=
9SChBw,,QnkgbG9va2luZyBhdCB5b3VyIHJlc3BvbnNlLCBpdCBkb2Vzbid0IGxvb2sgdGhlIG5hbWUgb2YgYSBidWxsZXQu,,,,,UGVsYSBzdWEgcmVzcG9zdGEsIG7Do28gcGFyZWNlIHVtIHRpcG8gZGUgYmFsYS4=,,UG9yIHR1IHJlc3B1ZXN0YSwgbm8gcGFyZWNlIGVsIG5vbWJyZSBkZSB1bmEgYmFsYS4=
9iChBw,,W0xlaXppXQpDYW4ndCB5b3Ugc2VlPyBJIGFtIGEgdG91cmlzdCBhbmQgdGhpcyBpcyBteSBzZWNyZXRhcnku,,,,,W05hbGFuZHJvXQpOw6NvIGVzdMOhIHZlbmRvPyBTb3UgdW0gdHVyaXN0YSwgZSBlc3NhIHBlc3NvYSBzZXJ2ZSBhIG1pbS4=,,W0xhenldCsK/Tm8gbG8gdmVzPyBTb3kgdW4gdHVyaXN0YSB5IGVsbGEgZXMgbWkgc2VjcmV0YXJpYS4=
9yChBw,,W3swfV0KU2VjLCBzZWNyZXRhcnkuLi4/,,,,,W3swfV0KU2VyLi4uIHNlcnZlIGEgdm9jw6o/,,W3swfV0Kwr9TLXNlY3JldGFyaWEuLi4/
+CChBw,,QW0gSSB5b3VyIHNlY3JldGFyeS4uISE/,,,,,RXN0w6EgbWUgY2hhbWFuZG8gZGUgc2VydmnDp2FsPyE=,,wqHCv1NveSB0dSBzZWNyZXRhcmlhLi4uPyE=
+SChBw,,SWYgeW91IGRvbid0IGxpa2UgdGhhdCB3b3JkLCB3aGF0IGFib3V0IGEgc2xhdmU/,,,,,U2UgbsOjbyBnb3N0YSBkZXNzYSBwYWxhdnJhLCBxdWUgdGFsIGVzY3Jhdm8/,,U2kgbm8gdGUgZ3VzdGEgZXNhIHBhbGFicmEsIMK/cHJlZmllcmVzIGVzY2xhdm8/
+iChBw,,SGV5LCB5b3UncmUgZ29pbmcgdG9vIGZhciE=,,,,,RWksIHZvY8OqIGVzdMOhIGluZG8gbG9uZ2UgZGVtYWlzIQ==,,wqFPeWUsIHRlIGVzdMOhcyBleGNlZGllbmRvIQ==
+yChBw,,W1Nob3BrZWVwZXJdCldoaWNoIHRvdXJpc3QgY29tZXMgYWxsIHRoZSB3YXkgdG8gdGhlIHdlYXBvbiBzdG9yZSBpbiBhIG1pbmluZyB2aWxsYWdlIHdoZXJlIHRoZXJlIGlzIG5vdGhpbmcgdG8gc2VlPyBXaGVyZSBkbyB5b3UgY29tZSBmcm9tPw==,,,,,W0xvamlzdGFdClF1ZSB0aXBvIGRlIHR1cmlzdGEgdmVtIGF0w6kgdW1hIGxvamEgZGUgYXJtYXMgZW0gdW1hIHZpbGEgZGUgbWluZXJhZG9yZXMsIG9uZGUgbsOjbyBow6EgbmFkYSBwYXJhIHZlcj8gRGUgb25kZSB2b2PDqiB2ZW0/,,W1RlbmRlcm9dCsK/UXXDqSB0dXJpc3RhIHZpZW5lIGhhc3RhIHVuIG1lcmNhZG8gZGUgYXJtYXMgZGUgdW5hIGFsZGVhIG1pbmVyYSBkb25kZSBubyBoYXkgbmFkYSBxdWUgdmVyPyDCv0RlIGTDs25kZSB2aWVuZXM/
/CChBw,,W0xlaXppXQpJIGp1c3QgYXJyaXZlZCBmcm9tIEp1bm8uIEkgd2VudCB0aGVyZSBhbmQgaXQgd2FzIHNvfiB3b25kZXJmdWwu,,,,,W05hbGFuZHJvXQpFdSBhY2FiZWkgZGUgY2hlZ2FyIGRlIEp1bm8uIEzDoSDDqSBtYXJhdmlsaG9zby4=,,W0xhenldCkFjYWJvIGRlIGxsZWdhciBkZSBKdW5vLiBGdWkgYWxsw60geSBmdWUgdGFufiBtYXJhdmlsbG9zby4=
/SChBw,,W1Nob3BrZWVwZXJdCkdvIGJhY2suIFdlIGRvbid0IGhhdmUgd2hhdCB5b3Ugd2FudC4=,,,,,W0xvamlzdGFdCkVudMOjbyB2b2x0ZS4gTsOjbyB0ZW1vcyBvIHF1ZSB2b2PDqiBxdWVyLg==,,W1RlbmRlcm9dClB1ZWRlcyB2b2x2ZXIuIE5vIHRlbmVtb3MgbG8gcXVlIHF1aWVyZXMu
/iChBw,,RXZlbiBpZiB3ZSBoYWQgb25lLCB3ZSB3b3VsZCBub3Qgc2VsbCBpdCB0byB5b3Uu,,,,,TWVzbW8gcXVlIHRpdsOpc3NlbW9zLCBldSBuw6NvIHZlbmRlcmlhIHBhcmEgdm9jw6ou,,WSwgYXVucXVlIHR1dmnDqXJhbW9zIHVuYSwgbm8gdGUgbGEgdmVuZGVyw61hbW9zLg==
/yChBw,,W0xlaXppXQpTbyB5b3UncmUga2lja2luZyB1cyBvdXQ/IE1yLiBOZW1pZXJpLiBZb3UgY2FuJ3QgZG8gdGhpcy4=,,,,,W05hbGFuZHJvXQpFc3TDoSBub3MgZXhwdWxzYW5kbz8gU3IuIE5lbWllcmkuIE7Do28gcG9kZSBmYXplciBpc3NvLg==,,W0xhenldCsK/QXPDrSBxdWUgbm9zIGVzdMOhbiBlY2hhbmRvPyBTZcOxb3IgTmVtaWVyaS4uLiBObyBwdWVkZSBoYWNlciBlc3RvLg==
ACGhBw,,W1Nob3BrZWVwZXJdCldoeSBjYW4ndCBJIGtpY2sgeW91IG91dD8gR28gYXdheSBiZWZvcmUgY2FsbCBzb21lb25lLg==,,,,,W0xvamlzdGFdClBvciBxdWUgbsOjbz8gU2FpYSBhbnRlcyBxdWUgZXUgY2hhbWUgYWxndcOpbS4=,,W1RlbmRlcm9dCsK/UG9yIHF1w6kgbm8gcHVlZG8gZWNoYXJsb3M/IFbDoXlhbnNlIGFudGVzIGRlIHF1ZSBsbGFtZSBhIGFsZ3VpZW4u
ASGhBw,,W0xlaXppXQpZb3UnZCBiZXR0ZXIgdGFrZSBhIGxvb2sgd2hvJ3Mgb3V0IHRoZXJlLiBIaXMgbmFtZSB3YXMuLi4gXjAwMDBDREdvbnleMDAwMDAwLiBSaWdodD8=,,,,,W05hbGFuZHJvXQrDiSBtZWxob3IgdmVyIGEgcGVzc29hIHF1ZSBlc3TDoSBsw6EgZm9yYS4gTyBub21lIGRlbGUgw6kuLi4gXjAwMDBDREdvbmllXjAwMDAwMC4gQ2VydG8/,,W0xhenldCk1pcmEgcXVpw6luIGVzdMOhIGFow60gZnVlcmEuIFN1IG5vbWJyZSBlcy4uLiBeMDAwMENER29uaWVeMDAwMDAwLiDCv1ZlcmRhZD8=
AiGhBw,,V2hvPw==,,,,,UXVlbT8=,,wr9RdWnDqW4/
AyGhBw,,W1Nob3BrZWVwZXJdCldoYXQgYXJlIHlvdSB0YWxraW5nIGFib3V0Pw==,,,,,W0xvamlzdGFdCkRvIHF1ZSB2b2PDqiBlc3TDoSBmYWxhbmRvPw==,,W1RlbmRlcm9dCsK/RGUgcXXDqSBlc3TDoXMgaGFibGFuZG8/
BCGhBw,,W0xlaXppXQpKdXN0IGdvIG91dHNpZGUgYW5kIGNoZWNrIGl0IHlvdXJzZWxmLg==,,,,,W05hbGFuZHJvXQpWw6EgbMOhIGZvcmEgZSB2ZWphIGNvbSBvcyBwcsOzcHJpb3Mgb2xob3Mu,,W0xhenldClNhbCB5IGNvbXBydcOpYmFsbyB0w7ogbWlzbW8u
BSGhBw,,W1Nob3BrZWVwZXJdCkkgd29uJ3QgdG9sZXJhdGUgeW91IGlmIHlvdSdyZSBwbGF5aW5nIHNoYWxsb3cgdHJpY2tzLg==,,,,,W0xvamlzdGFdCk7Do28gdG9sZXJhcmVpIHNlIHZvY8OqIGVzdGl2ZXIgdXNhbmRvIHRydXF1ZXMgYmFyYXRvcy4=,,W1RlbmRlcm9dCk5vIHRlIHRvbGVyYXLDqSBzaSBlc3TDoXMgaGFjaWVuZG8gdHJ1Y29zIGJhcmF0b3Mu
BiGhBw,,W0xlaXppXQpDYW4gaGUgY2FycnkgaGltIGFsb25lPw==,,,,,W05hbGFuZHJvXQpFbGUgcG9kZSBjYXJyZWfDoS1sbyBzb3ppbmhvPw==,,W0xhenldCsK/UHVlZGUgY2FyZ2FybG8gw6lsIHNvbG8/
ByGhBw,,W3swfV0KSXMgdGhlIGNvbGxhcHNlZCBndXkgZnJvbSBoZXJlPw==,,,,,W3swfV0KTyBjYXJhIGRlc21haWFkbyDDqSBkYXF1aT8=,,W3swfV0Kwr9FbCB0aXBvIGRlc21heWFkbyBlcyBkZSBhcXXDrT8=
CCGhBw,,SG93IGRvIHlvdSBrbm93IGhpcyBuYW1lPw==,,,,,Q29tbyBzYWJlIG8gbm9tZSBkZWxlPw==,,wr9Dw7NtbyBzYWJlcyBzdSBub21icmU/
CSGhBw,,W0xlaXppXQpEaWRuJ3QgeW91IGtub3c/IFRoYXQncyB3aHkgd2Ugc3RydWdnbGVkIHRvIGJyaW5nIGhpbSBhbGwgdGhlIHdheSBoZXJlLiBOb3cgbG9vay4gSGUgd2lsbCB1c2UgYSBtYWdpYyBhZnRlciBhIHNob3J0IHdoaWxlLg==,,,,,W05hbGFuZHJvXQpOw6NvIHNhYmlhPyBQb3IgaXNzbyBub3MgZXNmb3LDp2Ftb3MgcGFyYSB0cmF6w6otbG8gYXTDqSBhcXVpLiBBZ29yYSwgb2xoZS4gRWxlIHZhaSB1c2FyIHVtYSBtYWdpYSBkYXF1aSBhIHBvdWNvLg==,,W0xhenldCsK/Tm8gbG8gc2Fiw61hcz8gUG9yIGVzbywgbm9zIGNvc3TDsyB0cmFlcmxvIGhhc3RhIGFxdcOtLiBBaG9yYSBtaXJhLiBVc2Fyw6EgdW5hIG1hZ2lhIGRlbnRybyBkZSBwb2NvLg==
CiGhBw,,V2FzIGhlIGEgbWFnaWNpYW4/,,,,,RWxlIGVyYSB1bSBtYWdvPw==,,wr/DiWwgZXJhIHVuIG1hZ28/
CyGhBw,,Tm93IGl0IHR1cm5zIG91dCB0aGF0IHlvdS4uLiBObywgbmV2ZXIgbWluZC4=,,,,,QWdvcmEsIHBhcmVjZSBxdWUgdm9jw6ouLi4uIE7Do28sIGVzcXVlw6dhLg==,,QWhvcmEgcmVzdWx0YSBxdWUuLi4gTm8sIG9sdsOtZGFsby4=
DCGhBw,,V2hhdCEgV2hhdCBpcyBpdD8gV2h5IGRpZCB5b3Ugc3RvcCB0YWxraW5nPw==,,,,,UXXDqj8gTyBxdWUgZm9pPyBQb3IgcXVlIHBhcm91IGRlIGZhbGFyPw==,,wqFRdcOpISDCv1F1w6kgc3VjZWRlPyDCv1BvciBxdcOpIGRlamFzdGUgZGUgaGFibGFyPw==
DSGhBw,,W1Nob3BrZWVwZXJdCkFycmdoLi4u,,,,,W0xvamlzdGFdCkFycmdoLi4u,,W1RlbmRlcm9dCkFycmdoLi4u
DiGhBw,,W1Nob3BrZWVwZXJdCk9oLCBteSBnb29kbmVzcy4gR29ueSEgV2hhdCBoYXBwZW5lZCE=,,,,,W0xvamlzdGFdCkFoLCBtaW5oYSBub3NzYS4gR29uaWUhIE8gcXVlIGFjb250ZWNldT8=,,W1RlbmRlcm9dCkF5LCBwb3IgdG9kb3MgbG9zIGRpb3Nlcy4gwqFHb25pZSEgwr9RdcOpIHBhc8OzPw==
DyGhBw,,W1Nob3BrZWVwZXJdCkVyaS4gR28gYW5kIGJyaW5nIF4wMDAwQ0RSb29raWVeMDAwMDAwLg==,,,,,W0xvamlzdGFdCkVyaS4gVsOhIGUgdHJhZ2EgXjAwMDBDREx1Y2t5XjAwMDAwMC4=,,W1RlbmRlcm9dCkVyaS4gVmUgeSB0cmFlIGEgXjAwMDBDREx1Y2t5XjAwMDAwMC4=
ECGhBw,,W0xlaXppXQpSb29raWU/,,,,,W05hbGFuZHJvXQpMdWNreT8=,,W0xhenldCsK/THVja3k/
ESGhBw,,W1Nob3BrZWVwZXJdCkhleSwgd2hhdCBkaWQgeW91IHRvIHRoaXMgZ3V5Pw==,,,,,W0xvamlzdGFdCkVpLCBvIHF1ZSB2b2PDqiBmZXogY29tIGVsZT8=,,W1RlbmRlcm9dCk95ZSwgwr9xdcOpIGxlIGhpY2llcm9uIGEgZXN0ZSB0aXBvPw==
EiGhBw,,W0xlaXppXQpXZWxsLCB3ZSBkaWQgc29tZXRoaW5nLiBIZSB3YXMgbmVhcmx5IGRlYWQgYW5kIHdlIGJyb3VnaHQgaGltIGFsbCB0aGUgd2F5IGhlcmUgYnkga2VlcGluZyBoaW0gYWxpdmUuIFRoYXQgd2FzIGEgZ3JlYXQgam9iLg==,,,,,W05hbGFuZHJvXQpCZW0sIHJlYWxtZW50ZSBmaXplbW9zIGFsZ28uIEVsZSBlc3RhdmEgcXVhc2UgbW9ydG8sIGUgc2FsdmFtb3Mgc3VhIHZpZGEgZSBvIHRyb3V4ZW1vcyBhdMOpIGFxdWkuIEZvaSB1bSBleGNlbGVudGUgdHJhYmFsaG8u,,W0xhenldCkJ1ZW5vLCBoaWNpbW9zIGFsZ28uIEVzdGFiYSBjYXNpIG11ZXJ0byB5IGxvIHRyYWppbW9zIGhhc3RhIGFxdcOtIGNvbiB2aWRhLiBGdWUgdW4gZ3JhbiB0cmFiYWpvLg==
EyGhBw,,W1Nob3BrZWVwZXJdCkRpZG4ndCB5b3UgaHVydCBoaW0gdG8gdGFrZSBoaW0gYXMgYSBob3N0YWdlPw==,,,,,W0xvamlzdGFdClZvY8OqIG7Do28gbWFjaHVjb3UgZWxlIGUgbyBmZXogZGUgcmVmw6ltPw==,,W1RlbmRlcm9dCsK/Tm8gbGUgaGljaWVyb24gZGHDsW8gcGFyYSB0b21hcmxvIGNvbW8gcmVow6luPw==
FCGhBw,,V2hhdCBraW5kIG9mIHRodWcgZG8geW91IHRha2UgbWUgZm9yIQ==,,,,,RXN0w6EgbWUgY29tcGFyYW5kbyBhIHVtIGJhbmRpZG8gcXVhbHF1ZXI/,,wqHCv1RlIHBpZW5zYXMgcXVlIHNveSB1biBtYXTDs24/IQ==
FSGhBw,,QWR2ZW50dXJlciwgY2FsbSBkb3duLiBMZXQgbWUgdGFrZSBvZiB0aGlzLiBTYXZlIHlvdXIgc3RyZW5ndGgu,,,,,UG9yIGZhdm9yLCBhY2FsbWUtc2UuIERlaXhlLW1lIGN1aWRhciBkaXNzby4gUG91cGUgc3VhcyBmb3LDp2FzLg==,,VHJvdGFtdW5kb3MsIHRyYW5xdWlsby4gRMOpamFtZSBtYW5lamFyIGVzdG8uIEFow7NycmF0ZSBmdWVyemFzLg==
FiGhBw,,W0xlaXppXQpXaHkgd291bGQgSSBoYW5kIG92ZXIgdGhlIHBlcnNvbiBJIHRvb2sgaG9zdGFnZSB0byB5b3U/IElmIHlvdSByZWFsbHkgZG9uJ3Qga25vdyB3aGF0IGhhcHBlbmVkLCB3YWtlIGhpbSB1cCBhbmQgYXNrIGhpbS4gV2hhdCB3b3VsZCB5b3UgZG8gaWYgd2UgZGlkbid0IGh1cnQgaGltPw==,,,,,W05hbGFuZHJvXQpQb3IgcXVlIGV1IGVudHJlZ2FyaWEgYSB2b2PDqiBhIHBlc3NvYSBxdWUgZml6IGRlIHJlZsOpbT8gU2Ugdm9jw6ogcmVhbG1lbnRlIG7Do28gc2FiZSBvIHF1ZSBhY29udGVjZXUsIGFjb3JkZS1vIGUgcGVyZ3VudGUgYSBlbGUuIE8gcXVlIGZhcsOhIHNlIG7Ds3MgbsOjbyBvIHRpdmVybW9zIG1hY2h1Y2Fkbz8=,,W0xhenldCsK/UG9yIHF1w6kgdGUgZW50cmVnYXLDrWEgYSBsYSBwZXJzb25hIHF1ZSB0b23DqSBjb21vIHJlaMOpbj8gU2kgcmVhbG1lbnRlIG5vIHNhYmVzIHF1w6kgcGFzw7MsIGRlc3Bpw6lydGFsbyB5IHByZWfDum50YWxlLiDCv1F1w6kgc3VjZWRlcsOhIGN1YW5kbyB0ZSBlbnRlcmVzIGRlIHF1ZSBubyBsZSBoaWNpbW9zIGRhw7FvPw==
FyGhBw,,W0xlaXppXQpZb3UnbGwgYmUgc28gZW1iYXJyYXNzZWQsIHNvcnJ5IGFuZCBhc2hhbWVkLiBXb3VsZCB5b3UgZXZlbiBsaWZ0IHlvdXIgaGVhZCB1cD8=,,,,,W05hbGFuZHJvXQpWb2PDqiBzZW50aXLDoSB0YW50YSB2ZXJnb25oYSBlIGh1bWlsaGHDp8Ojby4gQ29tbyBwb2RlcsOhIGxldmFudGFyIGEgY2FiZcOnYSBkZSBub3ZvPw==,,W0xhenldClZhcyBhIGVzdGFyIHRhbiBhdmVyZ29uemFkbyB5IGFwZW5hZG8uLi4gwr9BY2FzbyBzaXF1aWVyYSBsZXZhbnRhcsOtYXMgbGEgY2FiZXphPw==
GCGhBw,,W0xlaXppXQpXaHkgYXJlIHlvdSBkb3VidGluZyB1cyBzbyBtdWNoPyBFbm91Z2ggaXMgZW5vdWdoLiBOb3QgbWFueSB2aWxsYWlucyB0cnkgdG8gc3dpbmRsZSB3aXRoIGFuIGluanVyZWQgcGVyc29uLg==,,,,,W05hbGFuZHJvXQpQb3IgcXVlIGR1dmlkYSB0YW50byBkZSBuw7NzPyBKw6EgY2hlZ2EuIE51bmNhIHZpIHVtIHZpbMOjbyB0ZW50YXIgZW5nYW5hciBhbGd1w6ltIGNvbSB1bWEgcGVzc29hIGZlcmlkYS4=,,W0xhenldCsK/UG9yIHF1w6kgZHVkYXMgdGFudG8gZGUgbm9zb3Ryb3M/IFlhIGJhc3RhLiBQb2NvcyB2aWxsYW5vcyBzZSBhdHJldmVyw61hbiBhIGVuZ2HDsWFyIGEgYWxndWllbiBoZXJpZG8u
GSGhBw,,UmlnaHQh,,,,,Q2VydG8h,,wqFDaWVydG8h
GiGhBw,,W0xlaXppXQpUaGlzIGlzIHVuZmFpci4gSSd2ZSBiZWVuIHZpY3RpbWl6ZWQhIEZhdGhlciEgTW90aGVyISE=,,,,,W05hbGFuZHJvXQpJc3NvIG7Do28gw6kganVzdG8uIFNvdSB1bWEgdsOtdGltYSEgUGFpISBNw6NlISE=,,W0xhenldCsKhRXN0byBubyBlcyBqdXN0byEgwqFTb3kgdW5hIHbDrWN0aW1hISDCoVBhcMOhISDCoU1hbcOhIQ==
GyGhBw,,W0x1Y2t5XQpOZW1pLCB3aGF0IGhhcHBlbmVkPyBJcyBHb255IGRlYWQ/,,,,,W0x1a2llXQpOZW1pLCBvIHF1ZSBhY29udGVjZXU/IEdvbmllIG1vcnJldT8=,,W0x1a2llXQpOZW1pLCDCv3F1w6kgcGFzw7M/IMK/RXN0w6EgbXVlcnRvIEdvbmllPw==
HCGhBw,,RGVhZD8gV2hhdCBhIGdvc3NpcC4=,,,,,TW9ycmV1PyBRdWUgZm9mb2NhLg==,,wr9NdWVydG8/IEN1w6FudG9zIGNoaXNtZXMu
HSGhBw,,W1Nob3BrZWVwZXJdCk5vLCBoZSdzIG5vdC4=,,,,,W0xvamlzdGFdCk7Do28sIGVsZSBuw6NvIG1vcnJldS4=,,W1RlbmRlcm9dCk5vLCBubyBlc3TDoSBtdWVydG8u
HiGhBw,,W0xlaXppXQpIZSB3YXMgbmVhcmx5IGRlYWQgYW5kIHdlIGJyb3VnaHQgaGltIGFsbCB0aGUgd2F5IGhlcmUgYnkga2VlcGluZyBoaW0gYWxpdmV+IEl0IHdhcyBzbyB0b3VnaH5+,,,,,W05hbGFuZHJvXQpFbGUgZXN0YXZhIHF1YXNlIG1vcnRvLCBlIG7Ds3MgbyB0cm91eGVtb3MgYXTDqSBhcXVpIHBhcmEgc2FsdsOhLWxvLiBGb2kgYmVtIHRyYWJhbGhvc28u,,W0xhenldCkVzdGFiYSBjYXNpIG11ZXJ0byB5IGxvIHRyYWppbW9zIGhhc3RhIGFxdcOtIGNvbiB2aWRhfi4gRnVlIG11eSBkaWbDrWNpbH5+Lg==
HyGhBw,,SSBzYXZlZCBoaXMgbGlmZSE=,,,,,RXUgc2FsdmVpIGEgdmlkYSBkZWxlIQ==,,wqFMZSBzYWx2w6kgbGEgdmlkYSE=
ICGhBw,,W0x1Y2t5XQpIZSdzIG5vdCBkb2luZyB2ZXJ5IHdlbGwuIFdlIGhhdmUgdG8gdGFrZSBoaW0gdGhlcmUgYW5kIGxheSBoaW0gZG93bi4gV2FrZSB1cCwgR29ueS4gQ2FuIHlvdSB3YWxrPw==,,,,,W0x1a2llXQpFbGUgbsOjbyBlc3TDoSBtdWl0byBiZW0uIFRlbW9zIHF1ZSBsZXbDoS1sbyBhdMOpIGFsaSBlIGRlaXTDoS1sby4gQWNvcmRlLCBHb25pZS4gQ29uc2VndWUgYW5kYXI/,,W0x1a2llXQpObyBlc3TDoSBtdXkgYmllbi4gVGVuZW1vcyBxdWUgbGxldmFybG8gYWxsw60geSBhY29zdGFybG8uIERlc3BpZXJ0YSwgR29uaWUuIMK/UHVlZGVzIGNhbWluYXI/
ISGhBw,,W0xlaXppXQpJdCB3aWxsIGJlIGRpZmZpY3VsdCBub3cuIFlvdSB3aWxsIGhhdmUgdG8gY2FycnkgaGltLiBJZiBpdCBpcyBoYXJkIGZvciB5b3UsIHlvdSBjYW4gb3JkZXIgbXkgc3Ryb25nIHNlY3JldGFyeSB0byBsaWZ0IGhpbX4=,,,,,W05hbGFuZHJvXQpWYWkgc2VyIGRpZsOtY2lsLiBWb2PDqiBwcmVjaXNhcsOhIGNhcnJlZ8OhLWxvLiBTZSBmb3IgbXVpdG8gdHJhYmFsaG9zbywgcG9kZSBtYW5kYXIgbWV1IHNlcnZpw6dhbCBjYXJyZWfDoS1sby4=,,W0xhenldCkFob3JhIHNlcsOhIGRpZsOtY2lsLiBUZW5kcsOhcyBxdWUgY2FyZ2FybG8uIFNpIHRlIHJlc3VsdGEgZGlmw61jaWwsIHB1ZWRlcyBwZWRpcmxlIGEgbWkgZnVlcnRlIHNlY3JldGFyaWEgcXVlIGxvIGxldmFudGV+Lg==
IiGhBw,,V2h5IG1lIGFnYWluIQ==,,,,,UG9yIHF1ZSBldSBkZSBub3ZvPw==,,wqFQb3IgcXXDqSB5byBvdHJhIHZleiE=
IyGhBw,,Wz8/XQpBcnJnaCwgeWVhaCEh,,,,,Wz8/XQpBcnJnaCwgc2ltISE=,,W8K/wr8/P10KwqFBcnJnaCwgc8OtIQ==
JCGhBw,,QnVtcCE=,,,,,UG91IQ==,,wqFCdW0h
JSGhBw,,W0dvbnldCi4uLi4h,,,,,W0dvbmllXQouLi4uIQ==,,W0dvbmllXQrCoS4uLiE=
JiGhBw,,W0xlaXppXQpPaCwgZGVhciEgWW91IGRyb3BwZWQgaGltLiBNYXliZSB5b3UgaGF2ZSBiZWVuIG92ZXJ3b3JraW5nLg==,,,,,W05hbGFuZHJvXQpNaW5oYSBub3NzYSEgVm9jw6ogZGVpeG91IGVsZSBjYWlyLiBUYWx2ZXogZXN0ZWphIHNlIGVzZm9yw6dhbmRvIGRlbWFpcy4=,,W0xhenldCsKhT2gsIHBvciBsb3MgZGlvc2VzISBMbyBkZWphc3RlIGNhZXIuIFF1aXrDoSB0cmFiYWphc3RlIGRlbWFzaWFkby4=
JyGhBw,,VGhhdCBtdXN0IGh1cnQuLi4=,,,,,SXNzbyBkZXZlIHRlciBkb8OtZG8uLi4=,,RXNvIGRlYmUgZG9sZXIuLi4=
KCGhBw,,W3swfV0KSGUgb3BlbmVkIGhpcyBleWVzISBMb29rcyBsaWtlIGhlIGlzIGNvbnNjaW91cyE=,,,,,W3swfV0KRWxlIGFicml1IG9zIG9saG9zISBQYXJlY2UgcXVlIGVzdMOhIGNvbnNjaWVudGUh,,W3swfV0KwqFBYnJpw7MgbG9zIG9qb3MhIMKhUGFyZWNlIHF1ZSBlc3TDoSBjb25zY2llbnRlIQ==
KSGhBw,,W0xlaXppXQpObywgaGUgb3BlbmVkIGhpcyBleWVzIGluc3RpbmN0aXZlbHkgZHVlIHRvIHRoZSBpbXBhY3QuIEhlJ3Mgc3RpbGwgdW5jb25zY2lvdXMu,,,,,W05hbGFuZHJvXQpOw6NvLCBmb2kgdW0gcmVmbGV4byBwb3IgY2F1c2EgZG8gaW1wYWN0by4gQWluZGEgZXN0w6EgaW5jb25zY2llbnRlLg==,,W0xhenldCk5vLCBhYnJpw7MgbG9zIG9qb3MgaW5zdGludGl2YW1lbnRlIHBvciBlbCBpbXBhY3RvLiBTaWd1ZSBpbmNvbnNjaWVudGUu
KiGhBw,,SXMgdGhhdCBwb3NzaWJsZT8=,,,,,SXNzbyDDqSBwb3Nzw612ZWw/,,wr9FcyBwb3NpYmxlPw==
KyGhBw,,Wz8/XQpHb255ISBBcmUgeW91IGFsbCByaWdodD8gU3RhbmQgdXAu,,,,,Wz8/XQpHb25pZSEgRXN0w6EgdHVkbyBiZW0/IExldmFudGUtc2Uu,,W8K/wr8/P10KwqFHb25pZSEgwr9Fc3TDoXMgYmllbj8gTGV2w6FudGF0ZS4=
LCGhBw,,W0xlaXppXQpNeSBnb2QhIFlvdSBkcm9wcGVkIGhpbSBhZ2Fpbi4gRG9uJ3Qgd29yayB0b28gaGFyZC4=,,,,,W05hbGFuZHJvXQpNZXUgRGV1cyEgVm9jw6ogZGVycnVib3UgZWxlIGRlIG5vdm8uIE7Do28gc2UgZXNmb3JjZSB0YW50by4=,,W0xhenldCsKhUG9yIHRvZG9zIGxvcyBkaW9zZXMhIExvIGRlamFzdGUgY2FlciBkZSBudWV2by4gTm8gdGUgZXNmdWVyY2VzIGRlbWFzaWFkby4=
LSGhBw,,U2hvdWxkbid0IHlvdSBnbyBhbmQgaGVscD8=,,,,,Vm9jw6ogbsOjbyBkZXZlcmlhIGlyIGFqdWRhcj8=,,wr9ObyBkZWJlcsOtYXMgaXIgYSBheXVkYXI/
LiGhBw,,T2guLiBTaG91bGQgST8=,,,,,QWguLi4gRXUgZGV2ZXJpYT8=,,QWguLi4gwr9EZWJlcsOtYT8=
LyGhBw,,Wz8/XQpHb255ISBXaGF0IGhhcHBlbmVkIHRvIHlvdT8gU3RhbmQgdXAgYWdhaW4u,,,,,Wz8/XQpHb25pZSEgTyBxdWUgYWNvbnRlY2V1IGNvbSB2b2PDqj8gTGV2YW50ZS1zZSBkZSBub3ZvLg==,,W8K/wr8/P10KwqFHb25pZSEgwr9RdcOpIHRlIHBhc8OzPyBMZXbDoW50YXRlIGRlIG51ZXZvLg==
MCGhBw,,W0dvbnldCi4uLi4uLiEh,,,,,W0dvbmllXQouLi4uLi4hIQ==,,W0dvbmllXQrCocKhLi4uISE=
MSGhBw,,W0xlaXppXQpHb3NoLCB3aHkgaXMgeW91ciBhcm0geW91IHNvIHdlYWs/IFNlZW1zIGxpa2UgdGhpcyBwbGFjZSBpcyBpbiB0cm91YmxlLiBZb3UgaGF2ZSBubyBtYW5wb3dlciBzbyB5b3UgaGlyZWQgc3VjaCBhIHdlYWsgcGVyc29uPyBNeSBnb2Qu,,,,,W05hbGFuZHJvXQpOb3NzYSwgdm9jw6ogbsOjbyB0ZW0gZm9yw6dhIG5vcyBicmHDp29zPyBQYXJlY2UgcXVlIGVzc2UgbHVnYXIgZXN0w6EgY29tIHByb2JsZW1hcy4gTsOjbyB0aW5oYSBtYWlzIG5pbmd1w6ltLCBlbnTDo28gdm9jw6ogY29udHJhdG91IGFsZ3XDqW0gZnJhY28gYXNzaW0sIMOpIGlzc28/IE1ldSBEZXVzLg==,,W0xhenldCkNpZWxvcywgwr9wb3IgcXXDqSB0dSBicmF6byBlc3TDoSB0YW4gZMOpYmlsPyBQYXJlY2UgcXVlIGVzdGUgbHVnYXIgdGllbmUgcHJvYmxlbWFzLiBDb21vIG5vIHRpZW5lcyBtYW5vIGRlIG9icmEsIMK/Y29udHJhdGFzdGUgYSB1bmEgcGVyc29uYSBhc8OtIGRlIGTDqWJpbD8gwqFQb3IgdG9kb3MgbG9zIGRpb3NlcyE=
MiGhBw,,TG9vayBhdCB0aGF0LiBHb255IG1pZ2h0IGRpZS4=,,,,,T2xoYSBzw7MgcHJhIGlzc28uIEdvbmllIHBvZGUgbW9ycmVyLg==,,TWlyYSBlc28uIEdvbmllIHBvZHLDrWEgbW9yaXIu
MyGhBw,,VGhpcyB0aW1lLCBoZSBjb3VsZCByZWFsbHkgZGllLg==,,,,,TW9ycmVyIHBhcmEgc2VtcHJlLg==,,RXN0YSB2ZXosIHBvZHLDrWEgbW9yaXIgZGUgdmVyZGFkLg==
NCGhBw,,Wz8/XQpJIGRvbid0IGtub3cgd2hvIHlvdSBhcmUuIEJ1dCBJIGhlYXIgd2hhdCB5b3UncmUgc2F5aW5nIQ==,,,,,Wz8/XQpOw6NvIHNlaSBxdWVtIHZvY8OqIMOpLiBNYXMgZXN0b3Ugb3V2aW5kbyBvIHF1ZSB2b2PDqiBkaXoh,,W8K/wr8/P10KTm8gc8OpIHF1acOpbiBlcmVzIHTDui4gUGVybyBvaWdvIGxvIHF1ZSBkaWNlcy4=
NSGhBw,,W0xlaXppXQpIZWFyIHdoYXQ/IEkgd2FzIGp1c3Qgc3BlYWtpbmcgaW5zaWRlIQ==,,,,,W05hbGFuZHJvXQpPdXZpbmRvIG8gcXXDqj8gRXUgZXN0YXZhIGFwZW5hcyBwZW5zYW5kbyBhbHRvIQ==,,W0xhenldCsK/T8OtciBxdcOpPyDCoUVzdGFiYSBoYWJsYW5kbyBwb3IgZGVudHJvIQ==
NiGhBw,,QXMgSSB0b2xkIHlvdSBlYXJsaWVyLCB5b3VyIGJpZyBtb3V0aCBpcyBhbHdheXMgYSBwcm9ibGVtLg==,,,,,SsOhIGRpc3NlLCBzdWEgYm9jYSBncmFuZGUgw6kgc2VtcHJlIHVtIHByb2JsZW1hLg==,,Q29tbyB0ZSBkaWplIGFudGVzLCB0dSBib2NhemEgc2llbXByZSBlcyB1biBwcm9ibGVtYS4=
NyGhBw,,W0dvbnldCi4uLi4hISEhIC4uLi4=,,,,,W0dvbmllXQouLi4uISEhISAuLi4u,,W0dvbmllXQrCocKhLi4uISE=
OCGhBw,,Wz8/XQpHb255ISBXaHkgYXJlIHlvdSBzbyBibG9vZHk/IERpZCB0aGV5IGF0dGFjayB5b3U/,,,,,Wz8/XQpHb25pZSEgUG9yIHF1ZSB2b2PDqiBlc3TDoSB0b2RvIGVuc2FuZ3VlbnRhZG8/IEVsZXMgYXRhY2FyYW0gdm9jw6o/,,W8K/wr8/P10KwqFHb25pZSEgwr9Qb3IgcXXDqSBlc3TDoXMgdG9kbyBlbnNhbmdyZW50YWRvPyDCv1RlIGF0YWNhcm9uPw==
OSGhBw,,SSB3YW50ZWQgdG8gZGVhbCB3aXRoIGN1c3RvbWVycy4gQnV0IEkgaGF2ZSBubyBjaG9pY2Ugbm93Lg==,,,,,RXUgcXVlcmlhIGxpZGFyIGNvbSBjbGllbnRlcy4gTWFzIG7Do28gdGVuaG8gZXNjb2xoYSBhZ29yYS4=,,UXVlcsOtYSBlbmNhcmdhcm1lIGRlIGxvcyBjbGllbnRlcy4gUGVybyBhaG9yYSBubyB0ZW5nbyBlbGVjY2nDs24u
OiGhBw,,W1Nob3BrZWVwZXJdCllvdSEgSXQncyBiZWNhdXNlIG9mIHlvdSEgWW91IGp1c3QgY2FuJ3QgbGlmdCBoaW0hIENvbWUgb24uIExldCdzIGNhcnJ5IGhpbSB0b2dldGhlci4gWW91IGFyZSBzbyB3ZWFrIHRoYXQgeW91IGNhbm5vdCBsaWZ0IGFueXRoaW5nIGhlYXZpZXIgdGhhbiBhIHNwb29uLg==,,,,,W0xvamlzdGFdClZvY8OqISDDiSBjdWxwYSBzdWEhIFZvY8OqIG5lbSBjb25zZWd1ZSBjYXJyZWfDoS1sbyEgVmVuaGEuIFZhbW9zIGNhcnJlZ8OhLWxvIGp1bnRvcy4gRG8gamVpdG8gcXVlIMOpLCB2b2PDqiBuw6NvIGNvbnNlZ3VlIGxldmFudGFyIG5lbSB1bWEgY29saGVyLg==,,W1RlbmRlcm9dCsKhVMO6ISDCoVRvZG8gZXN0byBlcyBwb3IgdHUgY3VscGEhIE5vIHB1ZWRlcyBsZXZhbnRhcmxvIHNvbG8uIFZhbW9zLCBjYXJndcOpbW9zbG8gZW50cmUgbG9zIGRvcy4gRXJlcyB0YW4gZMOpYmlsIHF1ZSBubyBwb2Ryw61hcyBsZXZhbnRhciBuaSB1bmEgY3VjaGFyYS4=
OyGhBw,,W1Nob3BrZWVwZXJdCkRvbid0IGdpdmUgTHVja3kgdG9vIG11Y2ggcHJlc3N1cmUu,,,,,W0xvamlzdGFdCk7Do28gcGVndWUgdMOjbyBwZXNhZG8gY29tIG8gTHVja3ku,,W1RlbmRlcm9dCk5vIHByZXNpb25lcyBkZW1hc2lhZG8gYSBMdWNreS4=
PCGhBw,,W0xlaXppXQpJIGJhcmVseSBzYXZlZCBoaXMgbGlmZSBhbmQgbm93IHlvdSdyZSB0cnlpbmcgdG8ga2lsbCBoaW0uIEl0J3MgYSBmb3J0dW5lIHRoYXQgaGUgaXMgdW5jb25zY2lvdXMgYW5kIGNhbm5vdCBmZWVsIHRoZSBwYWluLg==,,,,,W05hbGFuZHJvXQpFdSBtYWwgc2FsdmVpIGEgdmlkYSBkZWxlLCBlIGFnb3JhIHZvY8OqIGVzdMOhIHRlbnRhbmRvIG1hdMOhLWxvLiBQb3Igc29ydGUsIGVsZSBlc3TDoSBpbmNvbnNjaWVudGUgZSBuw6NvIHBvZGUgc2VudGlyIGEgZG9yLg==,,W0xhenldCkFwZW5hcyBwdWRlIHNhbHZhcmxlIGxhIHZpZGEgeSBhaG9yYSBpbnRlbnRhcyBtYXRhcmxvLiBUaWVuZSBzdWVydGUgZGUgZXN0YXIgaW5jb25zY2llbnRlIHkgbm8gc2VudGlyIGVsIGRvbG9yLg==
PSGhBw,,QnllIHRoZSB3YXksIGhlIGlzIHNvIGR1bGwgdGhhdCBoZSBkb2Vzbid0IHdha2UgdXAgaW4gdGhpcyBzaXR1YXRpb24u,,,,,QWxpw6FzLCBlbGUgZXN0w6EgdMOjbyBkb3JtZW50ZSBxdWUgbmVtIGFjb3Jkb3UgY29tIHRvZGEgZXNzYSBzaXR1YcOnw6NvLg==,,UG9yIGNpZXJ0bywgZXN0w6EgdGFuIGRvcm1pZG8gcXVlIG5pIHNpcXVpZXJhIHNlIGRlc3BlcnTDsyBjb24gdG9kYSBlc3RhIHNpdHVhY2nDs24u
PiGhBw,,UGVyaGFwcy4uLiBJcyBoZSBuZWFybHkgZGVhZD8=,,,,,VGFsdmV6Li4uIFNlcsOhIHF1ZSBlbGUgZXN0w6EgcXVhc2UgbW9ydG8/,,VGFsIHZlei4uLiDCv0VzdMOhIGNhc2kgbXVlcnRvPw==
PyGhBw,,TWF5YmUu,,,,,VGFsdmV6Lg==,,VGFsIHZlei4=
QCGhBw,,Wz8/XQpUaGFua3MsIE5lbWkuIEFycmdoLiBMZXQncyBicmluZyBoaW0gYW5kIGxheSBoaW0gZG93bi4=,,,,,Wz8/XQpBZ3JhZGXDp28sIE5lbWkuIEFycmdoLiBWYW1vcyBsZXbDoS1sbyBlIGRlaXTDoS1sby4=,,W8K/wr8/P10KR3JhY2lhcywgTmVtaS4gQXJyZ2guIFRyYWlnw6Ftb3NsbyB5IGFjb3N0w6ltb3Nsby4=
QSGhBw,,W0xlaXppXQpIZXkuIERvbid0IHlvdSBoYXZlIGFueXRoaW5nIHRvIHRlbGwgdXM/,,,,,W05hbGFuZHJvXQpFaS4gVm9jw6ogbsOjbyB0ZW0gbmFkYSBwYXJhIG5vcyBkaXplcj8=,,W0xhenldCk95ZS4gwr9ObyB0aWVuZXMgbmFkYSBxdWUgY29udGFybm9zPw==
QiGhBw,,Wz8/XQpPaCwgSSBoZWFyZCBhYm91dCB5b3UgYnJpZWZseS4gVGhhbmsgeW91IHZlcnkgbXVjaCBmb3Igc2F2aW5nIG15IGZyaWVuZCBhbmQgdGFraW5nIGhpbSBhbGwgdGhlIHdheSBoZXJlLiBUaGUgc2hvcCBvd25lciB3aWxsIGNvbXBlbnNhdGUgeW91Lg==,,,,,Wz8/XQpBaCwgb3V2aSBmYWxhciBicmV2ZW1lbnRlIGRlIHZvY8OqLiBBZ3JhZGXDp28gcG9yIHZvY8OqIHRlciBzYWx2byBtZXUgYW1pZ28gZSB0w6otbG8gdHJhemlkbyBhdMOpIGFxdWkuIE8gZG9ubyBkYSBsb2phIHJlY29tcGVuc2Fyw6Egdm9jw6ou,,W8K/wr8/P10KSGUgb8OtZG8gaGFibGFyIGFsZ3VuYXMgY29zYXMgc29icmUgdGkuIE11Y2hhcyBncmFjaWFzIHBvciBzYWx2YXIgYSBtaSBhbWlnbyB5IHRyYWVybG8gaGFzdGEgYXF1w60uIEVsIGR1ZcOxbyBkZSBsYSB0aWVuZGEgdGUgY29tcGVuc2Fyw6Eu
QyGhBw,,Wz8/XQpTZWUgeW91IGxhdGVyLg==,,,,,Wz8/XQpWZWpvIHZvY8OqIGRlcG9pcy4=,,W8K/wr8/P10KSGFzdGEgbHVlZ28u
RCGhBw,,W0xlaXppXQpXYWl0ISBUaGV5J3JlIHNlbmRpbmcgdXMgYXdheSBsaWtlIHRoaXM/IFNlZW1zIGxpa2UgdGhleSBhcmUuIERpZCBJIGdldCBpdCB3cm9uZz8=,,,,,W05hbGFuZHJvXQpFc3BlcmUhIEVzdMOjbyBub3MgbWFuZGFuZG8gZW1ib3JhIGRlc3NhIGZvcm1hPyBQYXJlY2UgcXVlIHNpbS4gU2Vyw6EgcXVlIGV1IGVudGVuZGkgZXJyYWRvPw==,,W0xhenldCsKhRXNwZXJhISDCv05vcyBlY2hhbiBhc8OtIHNpbiBtw6FzPyBQYXJlY2UgcXVlIHPDrS4gwr9FbnRlbmTDrSBtYWw/
RSGhBw,,W0xlaXppXQpPb3BzPyBUaGV5IHdlbnQgaW5zaWRlISBDb21lIG9uIQ==,,,,,W05hbGFuZHJvXQpPcHM/IEVsZXMgZm9yYW0gcGFyYSBkZW50cm8hIFZhbW9zIQ==,,W0xhenldCsK/VXk/IMKhRW50cmFyb24hIMKhVmFtb3Mh
RiGhBw,,W0xlaXppXQpZb3UgYXJlIHNlbmRpbmcgdXMgYmFjayBhZnRlciBnaXZpbmcgc29tZSBtb25leT8gWW91IGNhbid0IGRvIHRoaXMhIEF0IGxlYXN0LCB5b3Ugc2hvdWxkIGdpdmUgbWUgYSBjdXAgb2YgdGVhIQ==,,,,,W05hbGFuZHJvXQpTw7MgcG9ycXVlIG5vcyBkZXUgYWxndW0gZGluaGVpcm8sIHZvY8OqIGVzdMOhIG5vcyBtYW5kYW5kbyBkZSB2b2x0YT8gTsOjbyBwb2RlIGZhemVyIGlzc28hIFZvY8OqIGRldmVyaWEsIHBlbG8gbWVub3MsIG1lIG9mZXJlY2VyIHVtYSB4w61jYXJhIGRlIGNow6Eh,,W0xhenldCsK/Tm9zIGVzdMOhcyBtYW5kYW5kbyBkZSByZWdyZXNvIGRlc3B1w6lzIGRlIGRhcm5vcyBhbGdvIGRlIGRpbmVybz8gwqFObyBwdWVkZXMgaGFjZXIgZXN0byEgwqFBbCBtZW5vcyBkZWJlcsOtYXMgZGFybWUgdW5hIHRhemEgZGUgdMOpIQ==
RyGhBw,,W1Nob3BrZWVwZXJdClBsZWFzZSwgY3VzdG9tZXIuIFlvdSBzaG91bGRuJ3QgZG8gdGhpcy4=,,,,,W0xvamlzdGFdClBvciBmYXZvciwgY2xpZW50ZS4gVm9jw6ogbsOjbyBkZXZlcmlhIGZhemVyIGlzc28u,,W1RlbmRlcm9dClBvciBmYXZvciwgY2xpZW50ZS4gTm8gZGViZXLDrWFzIGhhY2VyIGVzdG8u
SCGhBw,,W0xlaXppXQpUaGVuIHRlbGwgdGhlbSB0byBjb21lIG91dCEgQ29tZSBvdXQgbm93ISBDb21lIG91dCEgQ29tZSBvdXQh,,,,,W05hbGFuZHJvXQpFbnTDo28gZGlnYSBwYXJhIGVsZXMgYXBhcmVjZXJlbSEgQXBhcmXDp2FtIGFnb3JhISBBcGFyZcOnYW0hIEFwYXJlw6dhbSE=,,W0xhenldCsKhRW50b25jZXMsIGRpbGVzIHF1ZSBzYWxnYW4hIMKhU2FsZ2FuIHlhISDCoVNhbGdhbiEgwqFTYWxnYW4h
SSGhBw,,V2h5IGNhbid0IHlvdSEh,,,,,UG9yIHF1ZSB2b2PDqnMgbsOjbyBhcGFyZWNlbT8/,,wqHCv1BvciBxdcOpIG5vIGxvIGhhY2VuPyE=
SiGhBw,,W3swfV0KSG1tLCBMZWl6aS4gVGhpcyBpcyBhIGxpdHRsZSBlbWJhcnJhc3NpbmcuIExldCdzIGdvIGJhY2sgbm93LiBXZSBoYXZlIGEgbWlzc2lvbi4=,,,,,W3swfV0KSG1tLCBOYWxhbmRyby4gSXNzbyDDqSB1bSBwb3VjbyBjb25zdHJhbmdlZG9yLiBWYW1vcyB2b2x0YXIgYWdvcmEuIFRlbW9zIHVtYSBtaXNzw6NvLg==,,W3swfV0KTW1tLCBMYXp5LiBFc3RvIGVzIHVuIHBvY28gdmVyZ29uem9zby4gVm9sdmFtb3MgYWhvcmEuIFRlbmVtb3MgdW5hIG1pc2nDs24u
SyGhBw,,W0xlaXppXQpOZXZlciEgSSBhbSBpbXBlcnZpb3VzIHRvIHNoYW1lIHNvIEkgd2lsbCBrZWVwIHNob3V0aW5nIHVudGlsIHRoZXkgY29tZSBvdXQhIEhleSEgUm9va2llISBDb21lIG91dCEgQ29tZSBvdXQh,,,,,W05hbGFuZHJvXQpOdW5jYSEgU291IGltdW5lIMOgIHZlcmdvbmhhLCBlbnTDo28gdm91IGNvbnRpbnVhciBncml0YW5kbyBhdMOpIGVsZXMgYXBhcmVjZXJlbSEgRWkhIEx1a2llISBBcGFyZcOnYSEgQXBhcmXDp2Eh,,W0xhenldCsKhTnVuY2EhIE5vIHRlbmdvIHZlcmfDvGVuemEsIMKhYXPDrSBxdWUgc2VndWlyw6kgZ3JpdGFuZG8gaGFzdGEgcXVlIHNhbGdhbiEgwqFPeWUhIMKhTHVraWUhIMKhU2FsZ2FuISDCoVNhbGdhbiE=
TCGhBw,,W3swfV0KSSdtIGZlZWxpbmcgYXNoYW1lZC4uLg==,,,,,W3swfV0KUXVlIHZlcmdvbmhhLi4u,,W3swfV0KTWUgZGEgdmVyZ8O8ZW56YS4uLg==
TSGhBw,,QXJlIHlvdSBhc2hhbWVkIG9mIG1lPw==,,,,,RXN0w6EgY29tIHZlcmdvbmhhIGRlIG1pbT8=,,wr9ZbyB0ZSBkb3kgdmVyZ8O8ZW56YT8=
TiGhBw,,W1Nob3BrZWVwZXJdCkJlIHF1aWV0LiBJZiB5b3Uga2VlcCBtYWtpbmcgYSBmdXNzLCBJIHdpbGwgY2FsbCBzb21lb25lIHRvIGdldCB5b3Ugb3V0IG9mIGhlcmUu,,,,,W0xvamlzdGFdClNpbMOqbmNpby4gU2UgY29udGludWFyIGNyaWFuZG8gY29uZnVzw6NvLCB2b3UgY2hhbWFyIGFsZ3XDqW0gcGFyYSB0aXJhciB2b2PDqiBkYXF1aS4=,,W1RlbmRlcm9dClNpbGVuY2lvLiBTaSBzaWd1ZXMgY2F1c2FuZG8gYWxib3JvdG8sIGxsYW1hcsOpIGEgYWxndWllbiBwYXJhIHF1ZSB0ZSBzYXF1ZSBkZSBhcXXDrS4=
TyGhBw,,W0xlaXppXQpXaG8ga2lja3MgbWUgb3V0ISBUaGF0J3MgaW1wb3NzaWJsZSEgSSB3aWxsIGxpZSBkb3duIGhlcmUhIENvbWUgb3V0IQ==,,,,,W05hbGFuZHJvXQpRdWVtIHZhaSBtZSBleHB1bHNhcj8gSXNzbyDDqSBpbXBvc3PDrXZlbCEgVm91IG1lIGRlaXRhciBhcXVpISBBcGFyZcOnYW0h,,W0xhenldCsKhwr9RdWnDqW4gbWUgZWNoYXLDoT8hIMKhRXNvIGVzIGltcG9zaWJsZSEgwqFNZSBhY29zdGFyw6kgYXF1w60hIMKhU2FsZ2FuIQ==
UCGhBw,,SSBhbSBzbyBhc2hhbWVkLi4u,,,,,Vm91IG1vcnJlciBkZSB2ZXJnb25oYS4uLg==,,VGVuZ28gdGFudGEgdmVyZ8O8ZW56YQ==
USGhBw,,W0x1Y2t5XQpQaGV3Li4u,,,,,W0x1a2llXQpBaSwgYWkuLi4=,,W0x1a2llXQpGaXUuLi4=
UiGhBw,,W0xlaXppXQpIZSdzIGhlcmUhISE=,,,,,W05hbGFuZHJvXQpFbGUgZXN0w6EgYXF1aSEhIQ==,,W0xhenldCsKhRXN0w6EgYXF1w60h
UyGhBw,,W0x1Y2t5XQpZb3VyIHZvaWNlIGlzIHNvIGxvdWQgdGhhdCBpdCBodXJ0cyBteSBlYXJzLiBOb3JtYWxseSwgc3R1cGlkIHBlb3BsZSBoYXZlIGh1Z2Ugdm9pY2VzLg==,,,,,W0x1a2llXQpTdWEgdm96IMOpIHTDo28gYWx0YSBxdWUgbWFjaHVjYSBtZXVzIG91dmlkb3MuIFBlc3NvYXMgaWRpb3RhcyBnZXJhbG1lbnRlIGZhbGFtIG11aXRvIGFsdG8u,,W0x1a2llXQpIYWJsYXMgdGFuIGZ1ZXJ0ZSBxdWUgbWUgZHVlbGVuIGxvcyBvw61kb3MuIE5vcm1hbG1lbnRlLCBsYXMgcGVyc29uYXMgZXN0w7pwaWRhcyBoYWJsYW4gYWx0by4=
VCGhBw,,V2hvJ3Mgc3R1cGlkPyBNZT8=,,,,,UXVlbSDDqSBpZGlvdGE/IEV1Pw==,,wr9RdWnDqW4gZXMgZXN0w7pwaWRvPyDCv1lvPw==
VSGhBw,,W0xlaXppXQpJIGNhbiBkbyBzb21ldGhpbmcgd29yc2Uu,,,,,W05hbGFuZHJvXQpQb3NzbyBmYXplciBwaW9yLg==,,W0xhenldClB1ZWRvIGhhY2VyIGFsZ28gcGVvci4=
ViGhBw,,TGVpemksIHBsZWFzZSBjYWxtIGRvd24h,,,,,TmFsYW5kcm8sIHNlIGFjYWxtZSE=,,wqFMYXp5LCBwb3IgZmF2b3IsIGPDoWxtYXRlIQ==
VyGhBw,,W0x1Y2t5XQpJIHNlZS4gQ29tZSBpbi4gV2UgY2FuIGdpdmUgeW91IGEgY3VwIG9mIHRlYSBhcyB5b3Ugd2lzaC4=,,,,,W0x1a2llXQpFbnRlbmRpLiBWZW5oYW0uIFBvZGVtb3Mgb2ZlcmVjZXIgYSB4w61jYXJhIGRlIGNow6EgcXVlIGRlc2VqYW0u,,W0x1a2llXQpZYSB2ZW8uIFBhc2EuIFBvZGVtb3MgZGFydGUgdW5hIHRhemEgZGUgdMOpIHNpIGxvIGRlc2Vhcy4=
WCGhBw,,W1Nob3BrZWVwZXJdCkFyZSB5b3Ugc3VyZSBpdCdzIG9rYXk/,,,,,W0xvamlzdGFdClRlbSBjZXJ0ZXphIGRlIHF1ZSBlc3TDoSB0dWRvIGJlbT8=,,W1RlbmRlcm9dCsK/RGUgdmVyZGFkIGVzdMOhIGJpZW4/
WSGhBw,,W0x1Y2t5XQpMb29rIGF0IGhpbS4gSGUgY2FuJ3QgZXZlbiBodXJ0IHVzLg==,,,,,W0x1a2llXQpPbGhlIHBhcmEgZWxlLiBOw6NvIMOpIGNhcGF6IGRlIG5vcyBmYXplciBtYWwu,,W0x1a2llXQpNw61yYWxvLiBOaSBzaXF1aWVyYSBwdWVkZSBoYWNlcm5vcyBkYcOxby4=
WiGhBw,,W0xlaXppXQpJIGZlZWwgd2VpcmQsIGJ1dCBJIHdpbGwgc2tpcCBpdC4gT2ghIEknbSBzbyB0aGlyc3R5fg==,,,,,W05hbGFuZHJvXQpTaW50byBhbGdvIGVzdHJhbmhvLCBtYXMgdm91IGlnbm9yYXIuIEFoISBFc3RvdSBjb20gdGFudGEgc2VkZS4=,,W0xhenldCk1lIHNpZW50byByYXJvLCBwZXJvIG5vIHBhc2EgbmFkYS4gwqFBaCEgVGVuZ28gbXVjaGEgc2Vkfi4=
WyGhBw,,UmVhbGx5PyBBcmUgeW91IHN1cmUgd2UgYXJlIGdvaW5nIGluIHRoZXJlPw==,,,,,U8OpcmlvPyBWYW1vcyBtZXNtbyBlbnRyYXIgbMOhPw==,,wr9EZSB2ZXJkYWQ/IMK/UmVhbG1lbnRlIHZhbW9zIGEgZW50cmFyIGFow60/
XCGhBw,,W0x1Y2t5XQpGb2xsb3cgbWUuIEl0J3MgdGhpcyB3YXku,,,,,W0x1a2llXQpTaWdhLW1lLiBQb3IgYXF1aS4=,,W0x1a2llXQpTw61ndWVtZS4gRXMgcG9yIGFjw6Eu
XSGhBw,,W0xlaXppXQpXZSBkb24ndCBoYXZlIHRpbWUgdG8gaGVzaXRhdGUuIEdldCBpbiB3aGlsZSB0aGV5IGFsbG93IHVzLiBJZiB5b3UgaGVzaXRhdGUsIHlvdSdsbCBtaXNzIHRoZSBvcHBvcnR1bml0eSE=,,,,,W05hbGFuZHJvXQpOw6NvIGjDoSB0ZW1wbyBwYXJhIGhlc2l0YXIuIEVudHJlIGVucXVhbnRvIGVsZXMgbm9zIHBlcm1pdGVtLiBTZSBoZXNpdGFyLCB2b2PDqiB2YWkgcGVyZGVyIGEgY2hhbmNlIQ==,,W0xhenldCk5vIHRlbmVtb3MgdGllbXBvIHBhcmEgZHVkYXIuIEVudHJhIG1pZW50cmFzIG5vcyBsbyBwZXJtaXRhbi4gU2kgZHVkYXMsIHBlcmRlcsOhcyBsYSBvcG9ydHVuaWRhZC4=
XiGhBw,,W0xlaXppXQpBcmUgeW91IG9rYXkgdG8gYmUgaGVyZSBub3c/IENvbWUgaW4u,,,,,W05hbGFuZHJvXQpFc3RhciBhcXVpIMOpIHVtIHByb2JsZW1hIHBhcmEgdm9jw6o/IFZlbmhhLg==,,W0xhenldCsK/RXN0w6FzIGJpZW4gcGFyYSBlc3RhciBhcXXDrSBhaG9yYT8gUGFzYS4=
XyGhBw,,W0dvbnldCi4uLi4uLg==,,,,,W0dvbmllXQouLi4uLi4=,,W0dvbmllXQouLi4=
YCGhBw,,TmVtaQ==,,,,,TmVtaQ==,,TmVtaQ==
YSGhBw,,W05lbWldCkEgcmVhbCBjdXN0b21lciEhIFdlIGhhdmUgYSBjdXN0b21lciBpbiB0aGlzIHBlcmlvZC4uLg==,,,,,W05lbWldClVtIGNsaWVudGUgZGUgdmVyZGFkZSEgVGVtb3MgdW0gY2xpZW50ZSBuZXNzYSDDqXBvY2EuLi4=,,W05lbWldCsKhVW4gY2xpZW50ZSBkZSB2ZXJkYWQhIFRlbmVtb3MgdW4gY2xpZW50ZSBlbiBlc3RlIG1vbWVudG8uLi4=
YiGhBw,,W05lbWldCkJlIHF1aXRlIHdoZW4gZW50ZXJpbmcu,,,,,W05lbWldCkVudHJlIGVtIHNpbMOqbmNpby4=,,W05lbWldCk5vIGhheSBxdWUgaGFjZXIgcnVpZG8gYWwgZW50cmFyLg==
YyGhBw,,W05lbWldCldlIGRvbid0IHdvcmsgdG9kYXkuIElmIHlvdSB2aXNpdCB1cyBuZXh0IHRpbWUsIHdlIHdpbGwgZ2V0IHdoYXQgeW91IG5lZWQu,,,,,W05lbWldCk7Do28gZXN0YW1vcyBhYmVydG9zIGhvamUuIERhIHByw7N4aW1hIHZleiBxdWUgbm9zIHZpc2l0YXIsIHRlcmVtb3MgbyBxdWUgdm9jw6ogcHJvY3VyYS4=,,W05lbWldCkhveSBubyB0cmFiYWphbW9zLiBMYSBwcsOzeGltYSB2ZXogcXVlIG5vcyB2aXNpdGVuLCBsZXMgY29uc2VndWlyZW1vcyBsbyBxdWUgbmVjZXNpdGFuLg==
ZCGhBw,,RXJp,,,,,RXJp,,RXJp
ZSGhBw,,W0VyaV0KT2gsIHdlbGNvbWUuIFRoaXMgaXMgYSB3ZWFwb24gc3RvcmUsIENsYW5hIE5lbWllcmku,,,,,W0VyaV0KQWgsIGJvYXMtdmluZGFzLiBFc3RhIMOpIHVtYSBsb2phIGRlIGFybWFzLCBDbGFuYSBOZW1pZXJpLg==,,W0VyaV0KQWgsIHRlIGRveSBsYSBiaWVudmVuaWRhLiBFc3RvIGVzIHVuIG1lcmNhZG8gZGUgYXJtYXMsIENsYW5hIE5lbWllcmku
ZiGhBw,,W0VyaV0KSW4gdGhpcyBzdG9yZSwgZXZlbiBhIHNtYWxsIHNvdW5kIGNyZWF0ZXMgYSBodWdlIHJlc29uYW50IGR1ZSB0byBpdHMgc3RydWN0dXJlLiBQbGVhc2UgYmUgcXVpdGUgd2hlbiBlbnRlcmluZyBoZXJlLg==,,,,,W0VyaV0KRGV2aWRvIMOgIGVzdHJ1dHVyYSBkZXN0YSBsb2phLCBhdMOpIG8gbWVub3IgZG9zIHNvbnMgcmVzc29hIG11aXRvIGFsdG8uIFBvciBmYXZvciwgZmHDp2FtIHNpbMOqbmNpbyBhbyBlbnRyYXIu,,W0VyaV0KRW4gZXN0ZSBtZXJjYWRvLCBpbmNsdXNvIHVuIHBlcXVlw7FvIHNvbmlkbyBnZW5lcmEgdW5hIGVub3JtZSByZXNvbmFuY2lhIHBvciBzdSBlc3RydWN0dXJhLiBObyBoYWdhbiBydWlkbyBhbCBlbnRyYXIgYXF1w60u
ZyGhBw,,W0VyaV0KV2UgZG9uJ3Qgd29yayB0b2RheS4gUGxlYXNlIHZpc2l0IHVzIG5leHQgdGltZS4=,,,,,W0VyaV0KTsOjbyBlc3RhbW9zIGFiZXJ0b3MgaG9qZS4gVmlzaXRlLW5vcyBvdXRybyBkaWEu,,W0VyaV0KSG95IG5vIHRyYWJhamFtb3MuIFZpc8OtdGFub3MgZW4gb3RyYSBvY2FzacOzbi4=
aCGhBw,,THVja3k=,,,,,THVraWU=,,THVraWU=
aSGhBw,,W0x1Y2t5XQpZb3Ugc2FpZCB5b3Ugd2FudGVkIGEgY3VwIG9mIHRlYS4gQXJlbid0IHlvdSBjb21pbmcgaW4/IElmIHlvdSBkb24ndCB3YW50IGl0LCBnb29kIGJ5ZX4=,,,,,W0x1a2llXQpWb2PDqiBkaXNzZSBxdWUgZ29zdGFyaWEgZGUgdW1hIHjDrWNhcmEgZGUgY2jDoS4gTsOjbyB2YWkgZW50cmFyPyBTZSBuw6NvIHF1aXNlciwgYXTDqSBtYWlzLg==,,W0x1a2llXQpEaWppc3RlIHF1ZSBxdWVyw61hcyB1bmEgdGF6YSBkZSB0w6kuIMK/Tm8gZW50cmFyw6FzPyBTaSBubyBsYSBxdWllcmVzLCBwdWVkZXMgaXJ0ZX4u
aiGhBw,,W0x1Y2t5XQpEb24ndCB5b3UgaGF2ZSBhIGJ1c2luZXNzIGluc2lkZT8=,,,,,W0x1a2llXQpWb2PDqiBuw6NvIHRlbSBuZWfDs2Npb3MgYXF1aSBkZW50cm8/,,W0x1a2llXQrCv05vIHRpZW5lcyB1biBuZWdvY2lvIGRlbnRybz8=
ayGhBw,,W0x1Y2t5XQpXaG8gYXJlIHlvdT8gVGhpcyBpcyBub3QgYSBwbGFjZSB3aGVyZSBhbnlvbmUgY2FuIGNvbWUgaW4uIFBsZWFzZSBsZWF2ZS4=,,,,,W0x1a2llXQpRdWVtIMOpIHZvY8OqPyBFc3NlIG7Do28gw6kgdW0gbHVnYXIgb25kZSB0b2RvcyBwb2RlbSBlbnRyYXIgw6Agdm9udGFkZS4gVsOhIGVtYm9yYS4=,,W0x1a2llXQrCv1F1acOpbiBlcmVzPyBBcXXDrSBubyBwdWVkZSBlbnRyYXIgY3VhbHF1aWVyYS4gVmV0ZSwgcG9yIGZhdm9yLg==
bCGhBw,,VGhhbmtzIGFnYWluIQ==,,,,,QWdyYWRlw6dvIG5vdmFtZW50ZSE=,,wqFHcmFjaWFzIGRlIG51ZXZvIQ==
bSGhBw,,V2hlbmV2ZXIgeW91IGNvbWUgaW4sIGJlIGF3YXJlIG9mIGEgdGFpbCE=,,,,,U2VtcHJlIHF1ZSBlbnRyYXIsIGZlY2hlIGEgcG9ydGEh,,Q3VhbmRvIGVudHJlcywgwqF0ZW4gY3VpZGFkbyBjb24gdW5hIGNvbGEh
biGhBw,,QnJ1c2ggdGhlIGRpcnQgb3V0IG9mIHlvdXIgc2hvZXMgYmVmb3JlIGNvbWluZyBpbi4=,,,,,TGltcGUgYSBzdWplaXJhIGRvcyBzYXBhdG9zIGFudGVzIGRlIGVudHJhci4=,,UXXDrXRhdGUgbGEgc3VjaWVkYWQgZGVsIGNhbHphZG8gYW50ZXMgZGUgZW50cmFyLg==
byGhBw,,U2luY2UgdGhlIHNvdW5kIGVjaG9lcyBoZXJlLCB3YWxrIHNpbGVudGx5LiBEb24ndCBydW4u,,,,,Q29tbyBvcyBzb25zIGVjb2FtIG11aXRvIGFxdWksIGFuZGUgZW0gc2lsw6puY2lvLiBOw6NvIGNvcnJhLg==,,Q29tbyBhcXXDrSBlbCBzb25pZG8gaGFjZSBlY28sIGNhbWluYSBlbiBzaWxlbmNpby4gTm8gY29ycmFzLg==
cCGhBw,,W0xlaXppXQpXaHkgZG8geW91IGhhdmUgc28gbWFueSB0aGluZ3MgaGVyZT8gWW91ciBiYWcgaGFzIHRvIGJlIGxpZ2h0IHRvIGNhcnJ5IGEgbG90IG9mIG5ldyBzdHVmZi4=,,,,,W05hbGFuZHJvXQpQb3IgcXVlIHZvY8OqIHRlbSB0YW50YXMgY29pc2FzIGFxdWk/IFN1YSBtb2NoaWxhIGRldmUgZXN0YXIgbGV2ZSBwYXJhIHZvY8OqIGNhcnJlZ2FyIHVtIG1vbnRlIGRlIGNvaXNhcyBub3Zhcy4=,,W0xhenldCsK/UG9yIHF1w6kgdGllbmVzIHRhbnRhcyBjb3NhcyBhcXXDrT8gVHUgYm9sc28gdGllbmUgcXVlIGVzdGFyIGxpdmlhbm8gcGFyYSBxdWUgcHVlZGFzIGxsZXZhciBtdWNoYXMgY29zYXMgbnVldmFzLg==
cSGhBw,,W0xlaXppXQpPaH4gSXQncyB3b25kZXJmdWwgaGVyZS4gSXQncyBzbyBjb3p5LiBeMDAwMENEV2hhdCBpcyB0aGlzIHBsYWNlIGZvcl4wMDAwMDA/IEkgd2FudCB0byBzdGF5IGhlcmUgZm9yIGEgZGF5Lg==,,,,,W05hbGFuZHJvXQpBaCEgQXF1aSDDqSB0w6NvIGJvbml0by4gVMOjbyBhY29uY2hlZ2FudGUuIF4wMDAwQ0RQYXJhIHF1ZSBzZXJ2ZSBlc3NlIGx1Z2FyXjAwMDAwMD8gUXVlcm8gcGFzc2FyIG8gZGlhIGFxdWku,,W0xhenldCsKhT2ghIFF1w6kgbWFyYXZpbGxhLiBFcyB0YW4gYWNvZ2Vkb3IuIMK/UGFyYSBxdcOpIHNpcnZlIGVzdGUgbHVnYXI/IE1lIGd1c3RhcsOtYSBxdWVkYXJtZSBhcXXDrSB1biBkw61hLg==
ciGhBw,,W3swfV0KSSBuZXZlciBpbWFnaW5lZCB0aGVyZSB3b3VsZCBiZSBhIHBsYWNlIGxpa2UgdGhpcyBiZWhpbmQgdGhlIHN0b3JlLi4uIFdoYXQncyB0aGlzPw==,,,,,W3swfV0KTnVuY2EgaW1hZ2luZWkgcXVlIGhhdmVyaWEgdW0gbHVnYXIgYXNzaW0gYXRyw6FzIGRhIGxvamEuIE8gcXVlIMOpIGlzc28/,,W3swfV0KTnVuY2EgaW1hZ2luw6kgcXVlIGhhYnLDrWEgdW4gbHVnYXIgYXPDrSBkZXRyw6FzIGRlbCBtZXJjYWRvLi4uIMK/UXXDqSBlcyBlc3RvPw==
cyGhBw,,RXhhY3RseS4gSSB0b2xkIHlvdSB0aGVyZSB3b3VsZCBiZSBhIHNwYWNlIGJlaGluZCB0aGUgcGlsbGFyLiBEaWRuJ3QgST8=,,,,,RXhhdGFtZW50ZS4gRXUgZGlzc2UgcXVlIGhhdmlhIHVtIGVzcGHDp28gYXRyw6FzIGRhIGVzdGFudGUuIE7Do28gZm9pPw==,,RXhhY3RhbWVudGUuIFRlIGRpamUgcXVlIGhhYsOtYSB1biBlc3BhY2lvIGRldHLDoXMgZGVsIHBpbGFyLiDCv05vPw==
dCGhBw,,W0x1Y2t5XQpBIHNhbmF0b3JpdW0gdGhhdCBsb29rcyBhZnRlciBub3ZpY2VzIGFuZCBzZW5pb3IgY2l0aXplbnMuIFRoZXJlIGlzIG5vdGhpbmcgdG8gc2VlIGhlcmUuIEFuZCBpdCdzIHRvbyBjb2xkIGluIGhlcmUgYW5kIHlvdXIgbW91dGggbWlnaHQgYmUgdHdpc3RlZCBpZiB5b3Ugc2xlZXAgaGVyZS4gVGhhdCdzIHdoeSB5b3UnZCBiZXR0ZXIgbGVhdmUgYWZ0ZXIgZHJpbmtpbmcgdGhlIHRlYS4=,,,,,W0x1a2llXQpVbWEgY2FzYSBkZSByZXBvdXNvIHBhcmEgY2lkYWTDo29zIGpvdmVucyBlIGlkb3Nvcy4gTsOjbyBow6EgbmFkYSBwYXJhIHZlciBhcXVpLiBFIGVzdMOhIG11aXRvIGZyaW8sIGVudMOjbyBzdWEgYm9jYSBwb2RlIGVudG9ydGFyIHNlIHZvY8OqIGRvcm1pciBhcXVpLiBQb3IgaXNzbywgw6kgbWVsaG9yIGlyIGVtYm9yYSBhcMOzcyB0ZXJtaW5hciBvIGNow6Eu,,W0x1a2llXQpVbiBzYW5hdG9yaW8gcXVlIGF0aWVuZGUgYSBqb3ZlbmVzIHkgYW5jaWFub3MuIEFxdcOtIG5vIGhheSBuYWRhIHF1ZSB2ZXIuIEFkZW3DoXMsIGhhY2UgZGVtYXNpYWRvIGZyw61vIHkgcG9kcsOtYXMgYW1hbmVjZXIgY29uIGxhIGJvY2EgdG9yY2lkYSBzaSBkdWVybWVzIGFxdcOtLiBQb3IgZXNvIGVzIG1lam9yIHF1ZSB0ZSB2YXlhcyBkZXNwdcOpcyBkZSB0b21hciBlbCB0w6ku
dSGhBw,,W0xlaXppXQpZb3UgYXJlIHRvbyBzdGluZ3kuIEhvdyBjYW4geW91IGRvIHRoaXMgdG8gbWUgYWZ0ZXIgSSBzYXZlZCBoaXMgbGlmZT8=,,,,,W05hbGFuZHJvXQpRdWUgZ3Jvc3NlcmlhLiBDb21vIHBvZGUgZmF6ZXIgaXNzbyBjb21pZ28gZGVwb2lzIHF1ZSBldSBzYWx2ZWkgYSB2aWRhIGRlbGU/,,W0xhenldCkVyZXMgZGVtYXNpYWRvIHRhY2HDsW8uIMK/Q8OzbW8gcHVlZGVzIGhhY2VybWUgZXN0byBkZXNwdcOpcyBkZSBoYWJlcmxlIHNhbHZhZG8gbGEgdmlkYT8=
diGhBw,,W0x1Y2t5XQpJIGdhdmUgeW91IGEgY3VwIG9mIHRlYSBhbmQgSSBwcm9taXNlZCB5b3UgdG8gY29tcGVuc2F0ZS4gV2hhdCBlbHNlIGRvIHlvdSBuZWVkPw==,,,,,W0x1a2llXQpFdSBsaGUgc2VydmkgdW1hIHjDrWNhcmEgZGUgY2jDoSwgZSBwcm9tZXRpIHJlY29tcGVuc2FyIHZvY8OqLiBPIHF1ZSBtYWlzIHZvY8OqIHF1ZXI/,,W0x1a2llXQpUZSBkaSB1bmEgdGF6YSBkZSB0w6kgeSBwcm9tZXTDrSBjb21wZW5zYXJ0ZS4gwr9RdcOpIG3DoXMgbmVjZXNpdGFzPw==
dyGhBw,,SWYgeW91IHdpc2ggdG9vIG11Y2gsIHlvdSBtYXkgZ2V0IGJvbGQu,,,,,U2VyaWEgZ2Fuw6JuY2lhIGRhIHN1YSBwYXJ0ZSBwZWRpciBkZW1haXMu,,U2kgZGVzZWFzIGRlbWFzaWFkbywgdGUgcHVlZGVzIHZvbHZlciBkZXNjYXJhZG8u
eCGhBw,,QXJlIHlvdSBsYXlpbmcgYSBjdXJzZSBvbiBtZT8gUGxlYXNlISBEb24ndCBtYWtlIG1lIGJvbGQh,,,,,RXN0w6EgbWUgYW1hbGRpw6dvYW5kbz8gUG9yIGZhdm9yISBOw6NvIG1lIHRyYW5zZm9ybWUgZW0gYWxndcOpbSBnYW5hbmNpb3NvIQ==,,wr9NZSBlc3TDoXMgbWFsZGljaWVuZG8/IMKhUG9yIGZhdm9yISDCoU5vIG1lIGNvbnZpZXJ0YXMgZW4gYWxndWllbiBjb2RpY2lvc28h
eSGhBw,,W0xlaXppXQpUaGVyZSBhcmUgdGhpbmdzIHlvdSBjYW5ub3QgYnV5Lg==,,,,,W05hbGFuZHJvXQpIw6EgY29pc2FzIHF1ZSB2b2PDqiBuw6NvIHBvZGUgY29tcHJhci4=,,W0xhenldCkhheSBjb3NhcyBxdWUgbm8gc2UgcHVlZGVuIGNvbXByYXIu
eiGhBw,,W0x1Y2t5XQpXZWxsLCB0aGVuLCB5b3UncmUgbGVhdmluZyBtZSB3aXRoIG15IGdyYXRpdHVkZS4=,,,,,W0x1a2llXQpCZW0sIGVudMOjbyB2b2PDqiBwYXJ0aXLDoSBjb20gYSBtaW5oYSBncmF0aWTDo28u,,W0x1a2llXQpCdWVubywgZW50b25jZXMgdGUgaXLDoXMgY29uIG1pIGdyYXRpdHVk
eyGhBw,,U291bmRzIGdvb2QuIFdlIGNhbiBzYXZlIG1vbmV5Lg==,,,,,UGFyZWNlIGJvbS4gQXNzaW0gZWNvbm9taXphbW9zIGRpbmhlaXJvLg==,,TWUgcGFyZWNlIGJpZW4uIEFzw60gYWhvcnJhbW9zIGRpbmVyby4=
fCGhBw,,W0xlaXppXQpOby4gQWNjb3JkaW5nIHRvIG15IGV4cGVyaWVuY2Ugc28gZmFyLCBldmVyeXRoaW5nIHRoYXQgSSBjYW5ub3QgYnV5IGlzIHVzZWxlc3Mu,,,,,W05hbGFuZHJvXQpOw6NvLiBBIGp1bGdhciBwZWxhIG1pbmhhIGV4cGVyacOqbmNpYSBhdMOpIGFnb3JhLCB0dWRvIG8gcXVlIGV1IG7Do28gcG9zc28gY29tcHJhciDDqSBpbsO6dGlsLg==,,W0xhenldCk5vLiBTZWfDum4gbWkgZXhwZXJpZW5jaWEgaGFzdGEgYWhvcmEsIHRvZG8gbG8gcXVlIG5vIHB1ZWRvIGNvbXByYXIgZXMgaW7DunRpbC4=
fSGhBw,,W0x1Y2t5XQpJIGNhbid0IGZpZ3VyZSBvdXQgd2hhdCB5b3Ugd2FudC4gSGF2ZSBhIHNpdCB0aGVyZSBhbnl3YXkuIEkgd2lsbCBnaXZlIHlvdSBhIGN1cCBvZiB0ZWEgdGhhdCB5b3UgZGVzaXJlZC4=,,,,,W0x1a2llXQpOw6NvIGNvbnNpZ28gY29tcHJlZW5kZXIgbyBxdWUgdm9jw6ogZGVzZWphLiBFbmZpbSwgc2VudGUtc2UgYWxpLiBWb3UgdHJhemVyIGEgc3VhIGRlc2VqYWRhIHjDrWNhcmEgZGUgY2jDoS4=,,W0x1a2llXQpObyBwdWVkbyBlbnRlbmRlciBsbyBxdWUgcXVpZXJlcy4gU2nDqW50YXRlIGFsbMOtIGRlIHRvZG9zIG1vZG9zLiBUZSBkYXLDqSBsYSB0YXphIGRlIHTDqSBxdWUgZGVzZWFiYXM=
fiGhBw,,W01hZ2VudGFdCkx1Y2t5fn5+IFdoZXJlIGhhdmUgeW91IGJlZW4hISBJJ3ZlIGJlZW4gd2FpdGluZyBmb3IgYSB3aGlsZSEgSSdtIGdvaW5nIG91dCBmb3IgYSBtaXNzaW9uIGFuZCB3aXNoIG1lIGEgZ29vZCBsdWNrLg==,,,,,W01hZ2VudGFdCkx1Y2t5ISBPbmRlIHZvY8OqIGVzdGV2ZT8gRXNwZXJlaSBwb3IgdGFudG8gdGVtcG8hIFZvdSBzYWlyIGVtIHVtYSBtaXNzw6NvLCBkZXNlamUtbWUgYm9hIHNvcnRlLg==,,W01hZ2VudGFdCkx1Y2t5fn5+IMK/RMOzbmRlIGhhcyBlc3RhZG8/IMKhVGUgaGUgZXN0YWRvIGVzcGVyYW5kbyB1biBtb250w7NuISBWb3kgYSBzYWxpciBhIHVuYSBtaXNpw7NuLCBkZXPDqWFtZSBidWVuYSBzdWVydGUu
fyGhBw,,Q29tZSBvbi4gVGhlIHNwZWxsIG9mIGZvcnR1bmV+,,,,,VmVuaGEuIE1lIGRlc2VqZSBib2Egc29ydGUu,,VmVuLiBEZXPDqWFtZSBidWVuYSBzdWVydGUu
gCGhBw,,W0Rlbm55XQpSb29raWUhISEhIEhlbHAgbWUgYXJyYW5nZSB0aGUgd2FyZWhvdXNlIHF1aWNrbHkuIFRoZXJlIGFyZSBidW5jaCBvZiB0aGVtIGFuZCBJIGNhbid0IGRvIGl0IGFsb25lLiBIdXJyeSB1cC4=,,,,,W0Rlbm55XQpMdWNreSEhISEgQWp1ZGUtbWUgYSBvcmdhbml6YXIgbyBhcm1hesOpbSByYXBpZGFtZW50ZS4gVGVtIHVtIG1vbnRlIGRlIGNvaXNhLCBlIG7Do28gY29uc2lnbyBkYXIgY29udGEgc296aW5oby4gUsOhcGlkby4=,,W0Rlbm55XQrCocKhTHVja3khISBBecO6ZGFtZSBhIG9yZ2FuaXphciBlbCBhbG1hY8OpbiByw6FwaWRvLiBIYXkgdW4gbW9udMOzbiBkZSBjb3NhcyB5IG5vIHB1ZWRvIGhhY2VybG8gc29sby4gwqFBcMO6cmF0ZSE=
gSGhBw,,SHVycnkgdXAhIExlbmQgbWUgeW91ciBtYWdpY2FsIGhhbmQh,,,,,UsOhcGlkbyEgTWUgYWp1ZGEgYSB0ZXIgb3JnYW5pemHDp8OjbyE=,,wqFSw6FwaWRvISDCoUF5w7pkYW1lIGEgb3JnYW5pemFybWUh
giGhBw,,W01hZ2VudGFdCkhleSwgSSBjYW1lIGJlZm9yZSB5b3UuIERpZG4ndCBJPw==,,,,,W01hZ2VudGFdCkVpLCBldSBjaGVndWVpIHByaW1laXJvLiBOw6NvIGZvaT8=,,W01hZ2VudGFdCsKhT3llLCB5byBsbGVndcOpIGFudGVzIHF1ZSB0w7ohIMK/TyBubz8=
gyGhBw,,W0Rlbm55XQpCdXQgSSdtIGluIGEgaHVycnkh,,,,,W0Rlbm55XQpNYXMgZXN0b3UgY29tIHByZXNzYSE=,,W0Rlbm55XQrCoVBlcm8gdGVuZ28gcHJpc2Eh
hCGhBw,,SWYgeW91J3JlIGluIGEgaHVycnksIHlvdSBzaG91bGQgaGF2ZSBjb21lIGVhcmxpZXIh,,,,,U2UgZXN0w6EgY29tIHByZXNzYSwgdm9jw6ogZGV2ZXJpYSB0ZXIgdmluZG8gbWFpcyBjZWRvIQ==,,U2kgdGVuw61hcyBwcmlzYSwgwqFkZWJlcsOtYXMgaGFiZXIgdmVuaWRvIGFudGVzIQ==
hSGhBw,,SSdtIG5vdCBmcmVlIGxpa2UgeW91LiBBIHN1cGVyc3RhciBpcyBhbHdheXMgYnVzeS4=,,,,,TsOjbyB0ZW5obyBvIHRlbXBvIGxpdnJlLCBjb21vIHZvY8OqLiBVbSBzdXBlcmFzdHJvIGVzdMOhIHNlbXByZSBvY3VwYWRvLg==,,Tm8gdGVuZ28gdGllbXBvIGxpYnJlIGNvbW8gdMO6LiBVbmEgc3VwZXJlc3RyZWxsYSBzaWVtcHJlIGFuZGEgb2N1cGFkYS4=
hiGhBw,,W0x1Y2t5XQpJIGhhdmUgYSBjdXN0b21lci4gSSB3aWxsIGdldCB0byB5b3UgYWZ0ZXIgZ2l2aW5nIHRoZW0gY3VwcyBvZiB0ZWEuIEJvdGggb2YgeW91LCBwbGVhc2Ugd2FpdCBhIG1pbnV0ZS4=,,,,,W0x1a2llXQpFdSBlc3RvdSBjb20gdW0gY2xpZW50ZS4gRmFsYXJlaSBjb20gdm9jw6pzIGFzc2ltIHF1ZSBlbnRyZWdhciBhIGVsZSB1bWEgeMOtY2FyYSBkZSBjaMOhLiBFc3BlcmVtIHVtIHBvdWNvLCBwb3IgZ2VudGlsZXphLg==,,W0x1a2llXQpUZW5nbyB1biBjbGllbnRlLiBWb3kgY29uIHVzdGVkZXMgZGVzcHXDqXMgZGUgZGFybGVzIGVsIHTDqS4gUG9yIGZhdm9yLCBlc3BlcmVuIHVuIG1vbWVudG8u
hyGhBw,,WW91IGNhbiB3YWl0LiBSaWdodD8=,,,,,Vm9jw6pzIHBvZGVtIGVzcGVyYXIuIENlcnRvPw==,,UHVlZGVzIGVzcGVyYXIuIMK/VmVyZGFkPw==
iCGhBw,,W0Rlbm55XQpJJ20gaW4gYSBodXJyeS4uLg==,,,,,W0Rlbm55XQpFc3RvdSBjb20gcHJlc3NhLi4u,,W0Rlbm55XQpUZW5nbyBwcmlzYS4uLg==
iSGhBw,,W01hZ2VudGFdCkkgY2FuIHdhaXQhIEkgY2Fubm90IHB1dCBwcmVzc3VyZSBvbiBMdWNreS4=,,,,,W01hZ2VudGFdCkV1IHBvc3NvIGVzcGVyYXIhIE7Do28gcG9zc28gYXByZXNzYXIgbyBMdWNreS4=,,W01hZ2VudGFdCsKhUHVlZG8gZXNwZXJhciEgTm8gcHVlZG8gYXB1cmFyIGEgTHVja3ku
iiGhBw,,W0Rlbm55XQpJIGNhbiB3YWl0IHRvbyE=,,,,,W0Rlbm55XQpUYW1iw6ltIHBvc3NvIGVzcGVyYXIh,,W0Rlbm55XQrCoVlvIHRhbWJpw6luIHB1ZWRvIGVzcGVyYXIh
iyGhBw,,RGlkbid0IHlvdSBzYXkgeW91IHdlcmUgaW4gYSBodXJyeT8=,,,,,Vm9jw6ogbsOjbyBkaXNzZSBxdWUgZXN0YXZhIGNvbSBwcmVzc2E/,,wr9ObyBkaWppc3RlIHF1ZSB0ZW7DrWFzIHByaXNhPw==
jCGhBw,,SGUgc2F5cyBoZSdzIGJ1c3kgbm93ISBJIHdpbGwgbGVhdmUgZmlyc3Qgc28geW91IGhhdmUgdG8gY29tZSB0byBtZSBmaXJzdCE=,,,,,RWxlIGRpc3NlIHF1ZSBlc3TDoSBvY3VwYWRvISBWb3Ugc2FpciBwcmltZWlybywgYXNzaW0gdm9jw6ogdmlyw6EgZmFsYXIgY29taWdvIHByaW1laXJvIQ==,,wqFEaWNlIHF1ZSBlc3TDoSBvY3VwYWRvIGFob3JhISDCoVlvIG1lIHZveSBwcmltZXJvLCBhc8OtIHF1ZSB0aWVuZXMgcXVlIHZlbmlyIGEgbcOtIHByaW1lcm8h
jSGhBw,,THVja3khIE1lIGZpcnN0ISEh,,,,,THVraWUhIFByaW1laXJvIGV1IQ==,,wqFMdWNreSEgwqFZbyBwcmltZXJvIQ==
jiGhBw,,W0xlaXppXQpUaGV5IGFyZSBsb29raW5nIGZvciB5b3UgZXZlcnl3aGVyZS4gWW91IGFyZSBzbyBwb3B1bGFyLiBBcmVuJ3QgeW91Pw==,,,,,W05hbGFuZHJvXQpUb2RvIG11bmRvIGVzdMOhIHByb2N1cmFuZG8gcG9yIHZvY8OqLiBWb2PDqiDDqSB0w6NvIHBvcHVsYXIuIE7Do28gw6k/,,W0xhenldClRvZG8gZWwgbXVuZG8gdGUgZXN0w6EgYnVzY2FuZG8uIEVyZXMgbXV5IHBvcHVsYXIsIMK/dmVyZGFkPw==
jyGhBw,,TWF5YmUgdGhhdCdzIHdoeSB5b3VyIG5hbWUgaXMgTHVja3k/,,,,,THVraWUuLi4gdGlwbywgdHJhZHXDp8OjbyBkZSBTb3J0ZT8gUG9ycXVlIG7Do28gU29ydGllPw==,,wr9RdWl6w6EgcG9yIGVzbyB0ZSBsbGFtYXMgTHVja3k/
kCGhBw,,W1Nlbmlvcl0KUm9va2llLCB3aGVyZSBoYXZlIHlvdSBiZWVuPyBFdmVyeW9uZSdzIGxvb2tpbmcgZm9yIHlvdS4=,,,,,W1ZldGVyYW5vXQpMdWtpZSwgb25kZSB2b2PDqiBlc3RldmU/IEVzdMOjbyB0b2RvcyBwZXJndW50YW5kbyBwb3Igdm9jw6ou,,W1ZldGVyYW5vXQpMdWtpZSwgwr9kw7NuZGUgaGFzIGVzdGFkbz8gVG9kbyBlbCBtdW5kbyB0ZSBlc3TDoSBidXNjYW5kby4=
kSGhBw,,W1Nlbmlvcl0KSGUgaGFzIGhlYWx0aHkgbGVncywgc28gaGUgY2FuIGdvIGFyb3VuZC4=,,,,,W1ZldGVyYW5vXQpFbGUgdGVtIHBlcm5hcyBzYXVkw6F2ZWlzLCBlbnTDo28gcG9kZSBhbmRhciBwb3IgYcOtLg==,,W1ZldGVyYW5vXQpUaWVuZSBsYXMgcGllcm5hcyBzYW5hcywgYXPDrSBxdWUgcHVlZGUgbW92ZXJzZQ==
kiGhBw,,V2hhdD8gSGUgaXMgb24gYSBkZXNrIGpvYi4gSGUncyBzdXBwb3NlZCB0byBiZSBvbiBoaXMgcG9zaXRpb24h,,,,,TyBxdcOqPyBFbGUgdHJhYmFsaGEgZW0gdW0gZXNjcml0w7NyaW8uIERldmVyaWEgZXN0YXIgZmF6ZW5kbyBzdWEgZnVuw6fDo28h,,wr9RdcOpPyDCocOJbCB0aWVuZSB1biB0cmFiYWpvIGRlIG9maWNpbmEhIMKhU2Ugc3Vwb25lIHF1ZSBkZWJlcsOtYSBlc3RhciBlbiBzdSBwdWVzdG8h
kyGhBw,,RG9uJ3QgeW91IGtub3cgUm9va2llIGlzIHRoZSBidXNpZXN0IHBlcnNvbiBoZXJlPw==,,,,,Vm9jw6ogbsOjbyBzYWJlIHF1ZSBMdWtpZSDDqSBhIHBlc3NvYSBtYWlzIG9jdXBhZGEgYXF1aT8=,,wr9ObyBzYWJlcyBxdWUgTHVraWUgZXMgbGEgcGVyc29uYSBtw6FzIG9jdXBhZGEgYXF1w60/
lCGhBw,,W1Nlbmlvcl0KTHVja3ksIGJyaW5nIGEgY3VwIG9mIHRlYS4=,,,,,W1ZldGVyYW5vXQpMdWNreSwgdHJhZ2EgdW1hIHjDrWNhcmEgZGUgY2jDoS4=,,W1ZldGVyYW5vXQpMdWNreSwgdHJhZSB1bmEgdGF6YSBkZSB0w6ku
lSGhBw,,TWluZSB0b28u,,,,,RXUgdGFtYsOpbSBxdWVyby4=,,WW8gdGFtYmnDqW4gcXVpZXJvLg==
liGhBw,,TG9vay4gWW91IGdpdmUgaGltIHRvbyBtdWNoIHdvcmsu,,,,,T2xoZS4gVm9jw6ogZMOhIG11aXRvIHRyYWJhbGhvIGEgZWxlLg==,,TWlyYS4gTGUgZGFzIG11Y2hvIHRyYWJham8u
lyGhBw,,V2hhdD8gWW91LCBzdGVwIG91dHNpZGUu,,,,,TyBxdcOqPyBWb2PDqiwgdsOhIGzDoSBmb3JhLg==,,wr9RdcOpPyBUw7osIHZldGUgZnVlcmEu
mCGhBw,,W1Nlbmlvcl0KTHVja3ksIHRoZXkgYXJlIHN0cmFuZ2Vycy4gV2hvIGFyZSB0aGV5Pw==,,,,,W1ZldGVyYW5vXQpMdWNreSwgc8OjbyBlc3RyYW5ob3MuIFF1ZW0gc8OjbyBlbGVzPw==,,W1ZldGVyYW5vXQpMdWNreSwgc29uIGV4dHJhw7Fvcy4gwr9RdWnDqW5lcyBzb24/
mSGhBw,,QSBjdXAgb2YgdGVhIGZvciBtZSB0b28u,,,,,VW1hIHjDrWNhcmEgZGUgY2jDoSBwYXJhIG1pbSB0YW1iw6ltLg==,,VW5hIHRhemEgZGUgdMOpIHBhcmEgbcOtIHRhbWJpw6luLg==
miGhBw,,V2h5IHNob3VsZCBJIGZvbGxvdyB5b3U/,,,,,UG9yIHF1ZSBldSBkZXZlcmlhIHNlZ3VpciB2b2PDqj8=,,wr9Qb3IgcXXDqSBkZWJlcsOtYSBzZWd1aXJ0ZT8=
myGhBw,,W0x1Y2t5XQpUaGV5IHNhdmVkIEdvbnkncyBsaWZlLiBUaGV5IGNhbWUgdG8gdGhpcyBxdWlldCBFaW5iZWNoLiBUaGV5IGZvdW5kIGluanVyZWQgR29ueSBeMDAwMENEYWNjaWRlbnRhbGx5XjAwMDAwMCBhbmQgaGVhbGVkIGhpbS4gVGhlbiB0aGV5IGJyb3VnaHQgaGltIF4wMDAwQ0RyaWdodF4wMDAwMDAgaGVyZS4=,,,,,W0x1a2llXQpFbGVzIHNhbHZhcmFtIGEgdmlkYSBkZSBHb25pZS4gVmllcmFtIGF0w6kgYSBzaWxlbmNpb3NhIEVpbmJlY2guIEVuY29udHJhcmFtIEdvbmllIF4wMDAwQ0RhY2lkZW50YWxtZW50ZV4wMDAwMDAgZSBvIGN1cmFyYW0uIEVudMOjbyB0cm91eGVyYW0gZWxlIF4wMDAwQ0RleGF0YW1lbnRlXjAwMDAwMCBhcXVpLg==,,W0x1Y2t5XQpTYWx2YXJvbiBsYSB2aWRhIGRlIEdvbmllLiBMbGVnYXJvbiBhIGVzdGUgdHJhbnF1aWxvIEVpbmJlY2guIEVuY29udHJhcm9uIGhlcmlkbyBhIEdvbmllIF4wMDAwQ0Rwb3IgYWNjaWRlbnRlXjAwMDAwMCB5IGxvIGN1cmFyb24uIEx1ZWdvLCBsbyB0cmFqZXJvbiBeMDAwMENEanVzdG9eMDAwMDAwIGFxdcOtLg==
nCGhBw,,TGV0IG1lIGdpdmUgeW91IGEgbGVzc29uIHRvZGF5IQ==,,,,,RGVpeGUtbWUgbGhlIGRhciB1bWEgbGnDp8OjbyBob2plIQ==,,wqFIb3kgdGUgdm95IGEgZGFyIHVuYSBsZWNjacOzbiE=
nSGhBw,,WW91IGd1eXMgYXJlIGZpZ2h0aW5nIGFnYWluPw==,,,,,Vm9jw6pzIGVzdMOjbyBsdXRhbmRvIGRlIG5vdm8/,,wr9TZSBlc3TDoW4gcGVsZWFuZG8gb3RyYSB2ZXo/
niGhBw,,W0xlaXppXQpZZXMuIEkgZGlkIGl0LiBJIGRpZCBpdCE=,,,,,W05hbGFuZHJvXQpTaW0uIENvbnNlZ3VpLiBDb25zZWd1aSE=,,W0xhenldClPDrS4gTG8gbG9ncsOpLiDCoUxvIGxvZ3LDqSE=
nyGhBw,,SSBzZWUuIEkgc2VlLiBMZXQgbWUgZHJpbmsgdGhlIHRlYSBmaXJzdC4gT2theT8gQ2FuIHlvdSB3YWl0Pw==,,,,,RW50ZW5kaS4gRW50ZW5kaS4gRGVpeGUtbWUgYmViZXIgbyBjaMOhIHByaW1laXJvLiBDZXJ0bz8gVm9jw6ogY29uc2VndWUgZXNwZXJhcj8=,,WWEgdmVvLCB5YSB2ZW8uIETDqWphbWUgdG9tYXIgZWwgdMOpIHByaW1lcm8sIMK/c8OtPyDCv1B1ZWRlcyBlc3BlcmFyPw==
oCGhBw,,WW91IGFsd2F5cyBnaXZlIGEgbGVzc29uIGZyb20geW91ciB0ZWV0aCBvdXR3YXJkLg==,,,,,U3VhcyBsacOnw7VlcyBzw6NvIHNlbXByZSBkYSBib2NhIHByYSBmb3JhLg==,,VHVzIGxlY2Npb25lcyBzaWVtcHJlIHNvbiBzb2xvIHBhbGFicmFzLg==
oSGhBw,,W3swfV0KWW91IHRha2UgdG9vIG11Y2ggY3JlZGl0IHRvIHlvdXJzZWxmIGFmdGVyIGhlbHBpbmcgc29tZW9uZS4=,,,,,W3swfV0KVm9jw6ogZXN0w6Egc2UgYWNoYW5kbyBkZW1haXMgc8OzIHBvcnF1ZSBzYWx2b3UgdW1hIHBlc3NvYS4=,,W3swfV0KVGUgZGFzIGRlbWFzaWFkbyBjcsOpZGl0byBkZXNwdcOpcyBkZSBheXVkYXIgYSBhbGd1aWVuLg==
oiGhBw,,QW5kIHdobyBhcmUgdGhleT8=,,,,,RSBxdWVtIHPDo28gZWxlcz8=,,wr9ZIHF1acOpbmVzIHNvbj8=
oyGhBw,,VGhleSBkb24ndCBzZWVtIHRvIGJlIG91ciBraWRzLg==,,,,,TsOjbyBzZSBwYXJlY2VtIGNvbSBub3NzYXMgY3JpYW7Dp2FzLg==,,Tm8gcGFyZWNlbiBzZXIgbnVlc3Ryb3MgbmnDsW9zLg==
pCGhBw,,W0xlaXppXQpZb3UgaGF2ZSB0byBleGFnZ2VyYXRlIHlvdXIgcGVyZm9ybWFuY2UuIFRoYXQncyB0aGUgd2F5IHRvIGJlIGFwcHJlY2lhdGVkIGJ5IG90aGVycy4=,,,,,W05hbGFuZHJvXQpWb2PDqiBwcmVjaXNhIGV4YWdlcmFyIHN1YSBwZXJmb3JtYW5jZS4gw4kgYXNzaW0gcXVlIHZvY8OqIGZheiBvcyBvdXRyb3MgZ29zdGFyZW0gZGUgdm9jw6ou,,W0xhenldClRpZW5lcyBxdWUgZXhhZ2VyYXIgbG8gcXVlIGhhY2VzLiBBc8OtIGxvZ3JhcyBxdWUgbG9zIGRlbcOhcyB0ZSBhcHJlY2llbi4=
pSGhBw,,SSBnZXQgaXQgd2hlbiBJIHNlZSBpdCwgdG9vLg==,,,,,RXUgdGFtYsOpbSBlbnRlbmRvIHF1YW5kbyB2ZWpvLg==,,WW8gdGFtYmnDqW4gbG8gZW50aWVuZG8gY3VhbmRvIGxvIHZlby4=
piGhBw,,VGhleSBsb29rIGxpa2UgTHVja3kncyBjdXN0b21lcnMu,,,,,RWxlcyBzZSBwYXJlY2VtIGNvbSBjbGllbnRlcyBkZSBMdWtpZS4=,,UGFyZWNlbiBzZXIgY2xpZW50ZXMgZGUgTHVja3ku
pyGhBw,,W0x1Y2t5XQpTbywgd2h5IGRpZCB5b3UgY29tZSBoZXJlPyBCeSB0aGUgd2F5LCB3aG8gYXJlIHlvdT8=,,,,,W0x1a2llXQpFbnTDo28gcG9yIHF1ZSB2ZWlvIGF0w6kgYXF1aT8gQWxpw6FzLCBxdWVtIMOpIHZvY8OqPw==,,W0x1Y2t5XQpFbnRvbmNlcywgwr9xdcOpIGxvcyB0cmFlIHBvciBhcXXDrT8gQWgsIHkgwr9xdWnDqW5lcyBzb24/
qCGhBw,,Um9va2llIGRvZXNuJ3Qga25vdyB0aGVtIGVpdGhlci4=,,,,,THVraWUgdGFtYsOpbSBuw6NvIGNvbmhlY2UgZWxlLg==,,THVraWUgdGFtcG9jbyBsYXMgY29ub2NlLg==
qSGhBw,,VGhlbiB3aG8gaW52aXRlZCB0aGVtPw==,,,,,RW50w6NvIHF1ZW0gb3MgY29udmlkb3U/,,RW50b25jZXMsIMK/cXVpw6luIGxvcyBpbnZpdMOzPw==
qiGhBw,,W0xlaXppXQpNZT8gTGVpemkuIEFsdGhvdWdoIGl0J3Mgbm90IG15IHJlYWwgbmFtZSwgY2FsbCBtZSBMZWl6aSBub3cu,,,,,W05hbGFuZHJvXQpFdT8gTmFsYW5kcm8uIEVzc2UgbsOjbyDDqSBtZXUgbm9tZSB2ZXJkYWRlaXJvLCBtYXMgcG9kZSBtZSBjaGFtYXIgZGUgTmFsYW5kcm8u,,W0xhenldCsK/WW8/IExhenkuIE5vIGVzIG1pIG5vbWJyZSBkZSB2ZXJkYWQsIHBlcm8gcG9yIGFob3JhIGxsw6FtYW1lIExhenku
qyGhBw,,W0xlaXppXQpJIGFtIGFuIF4wMDAwQ0RhZ2VudCBvZiBTZWNyZXQgV2luZ3NeMDAwMDAwLCBhbiBpbnN0aXR1dGlvbiBkaXJlY3RseSByZXNwb25zaWJsZSB0byB0aGUgUHJlc2lkZW50IG9mIFNjaHdhcnR6d2FsZC4=,,,,,W05hbGFuZHJvXQpTb3UgdW0gXjAwMDBDRGFnZW50ZSBkbyBWZW50byBTZWNyZXRvXjAwMDAwMCwgdW1hIG9yZ2FuaXphw6fDo28gZGlyZXRhbWVudGUgbGlnYWRhIGFvIFByZXNpZGVudGUgZGUgU2Nod2FydHp3YWxkLg==,,W0xhenldClNveSB1biBeMDAwMENEYWdlbnRlIGRlbCBWaWVudG8gU2VjcmV0b14wMDAwMDAsIHVuYSBpbnN0aXR1Y2nDs24gcXVlIHJlc3BvbmRlIGRpcmVjdGFtZW50ZSBhbCBQcmVzaWRlbnRlIGRlIFNjaHdhbHR6d2FsdC4=
rCGhBw,,V2hhdD8=,,,,,TyBxdcOqPw==,,wr9RdcOpPw==
rSGhBw,,W3swfV0KSGV5ISBXaHkgZGlkIHlvdSB0ZWxsIHRoZW0gd2hvIHlvdSBhcmUgYWxsIG9mIGEgc3VkZGVuPyBZb3Uga2VwdCB0ZWxsaW5nIG1lIG5vdCBldmVuIHRvIG1lbnRpb24gaXQuIEFuZCB5b3UgcmV2ZWFsZWQgaXQgb2ZmaWNpYWxseSE=,,,,,W3swfV0KRWkhIFBvciBxdWUgZGlzc2UgYSBlbGVzIHF1ZW0gZXJhIGFzc2ltIGRlIHJlcGVudGU/IFZvY8OqIG1lIGRpc3NlIG8gdGVtcG8gdG9kbyBwYXJhIG7Do28gbWVuY2lvbmFyIG5hZGEuIEUgYWdvcmEgcmV2ZWxvdSBvZmljaWFsbWVudGUh,,W3swfV0KwqFPeWUhIMK/UG9yIHF1w6kgZGUgcmVwZW50ZSBsZXMgZGlqaXN0ZSBxdWnDqW4gZXJlcz8gTWUgZXN0YWJhcyBkaWNpZW5kbyBxdWUgbmkgbG8gbWVuY2lvbmFyYSwgwqF5IGFob3JhIGxvIHJldmVsYXN0ZSBvZmljaWFsbWVudGUh
riGhBw,,SSB0aGluayBJIG1pc2hlYXJkIHNvbWV0aGluZyBub3cu,,,,,RGV2byB0ZXIgZW50ZW5kaWRvIGVycmFkby4=,,Q3JlbyBxdWUgYWNhYm8gZGUgb8OtciBtYWwu
ryGhBw,,W0xlaXppXQpJdCdzIGFsbCByaWdodC4gVGhpcyBpcyBvdXIgZGVzdGluYXRpb24uIF4wMDAwQ0RDbGFuYSBOZW1pZXJpXjAwMDAwMCwgdGhlIHN0cm9uZ2hvbGQgb2YgUmViZWxsaW9ucy4=,,,,,W05hbGFuZHJvXQpFc3TDoSB0dWRvIGJlbS4gQXF1aSDDqSBvIG5vc3NvIGRlc3Rpbm8uIF4wMDAwQ0RDbGFuYSBOZW1pZXJpXjAwMDAwMCwgbyBlc2NvbmRlcmlqbyBkYSBSZWJlbGnDo28u,,W0xhenldCkVzdMOhIGJpZW4uIEVzdGUgZXMgbnVlc3RybyBkZXN0aW5vLiBeMDAwMENEQ2xhbmEgTmVtaWVyaV4wMDAwMDAsIGxhIGZvcnRhbGV6YSBkZSBsYSBSZWJlbGnDs24u
sCGhBw,,SGUgc2FpZCBoZSBpcyBhbiBhZ2VudCBvZiBTZWNyZXQgV2luZ3MsIGFuIGluc3RpdHV0aW9uIGRpcmVjdGx5IHJlc3BvbnNpYmxlIHRvIHRoZSBQcmVzaWRlbnQgb2YgU2Nod2FydHp3YWxkISBJIGhlYXJkIGV2ZXJ5dGhpbmch,,,,,RWxlIGRpc3NlIHF1ZSDDqSB1bSBhZ2VudGUgZG8gVmVudG8gU2VjcmV0bywgdW1hIG9yZ2FuaXphw6fDo28gbGlnYWRhIGFvIFByZXNpZGVudGUgZGUgU2Nod2FydHp3YWxkISBFdSBvdXZpIHR1ZG8h,,wqFEaWpvIHF1ZSBlcyB1biBhZ2VudGUgZGVsIFZpZW50byBTZWNyZXRvLCB1bmEgaW5zdGl0dWNpw7NuIHF1ZSByZXNwb25kZSBkaXJlY3RhbWVudGUgYWwgUHJlc2lkZW50ZSBkZSBTY2h3YWx0endhbHQhIMKhRXNjdWNow6kgdG9kbyE=
sSGhBw,,W3swfV0KVGhlbiB0aGUgc3RvcmUgb3V0c2lkZSB0aGUgZG9vciB3YXMgYSBeMDAwMENEdHJpY2tlcnleMDAwMDAwLiBUaGUgY29sbGFwc2VkIG1hbiBpcyBhIG1lbWJlciBvZiBeMDAwMENEUmViZWxsaW9uXjAwMDAwMC4uLiBUaGF0J3Mgd2h5Li4u,,,,,W3swfV0KRW50w6NvIGEgbG9qYSBsw6EgZm9yYSBlcmEgdW1hIF4wMDAwQ0RmYXJzYV4wMDAwMDAuIE8gaG9tZW0gZGVzbWFpYWRvIMOpIHVtIG1lbWJybyBkYSBeMDAwMENEUmViZWxpw6NvXjAwMDAwMC4uLiDDiSBwb3IgaXNzbyBxdWUuLi4=,,W3swfV0KRW50b25jZXMsIGxhIHRpZW5kYSBhZnVlcmEgZGUgbGEgcHVlcnRhIGVyYSB1biBeMDAwMENEZW5nYcOxb14wMDAwMDAuIEVsIGhvbWJyZSBkZXNtYXlhZG8gZXMgdW4gbWllbWJybyBkZSBeMDAwMENEUmViZWxpw7NuXjAwMDAwMC4uLiBQb3IgZXNvLi4u
siGhBw,,WW91IG1lYW4sIHRoZSBjcm93cz8=,,,,,UXVlciBkaXplciwgb3MgY29ydm9zPw==,,wr9UZSByZWZpZXJlcyBhIGxvcyBjdWVydm9zPw==
syGhBw,,Q2xhbmsu,,,,,Q2xhbmsu,,KkNsYW5jKi4=
tCGhBw,,Q2xhbmsuCkNsYW5rLg==,,,,,Q2xhbmsuCkNsYW5rLg==,,KkNsYW5jKi4KKkNsYW5jKi4=
tSGhBw,,Q2xhbmsuCkNsYW5rLgpDbGFuay4=,,,,,Q2xhbmsuCkNsYW5rLgpDbGFuay4=,,KkNsYW5jKi4KKkNsYW5jKi4KKkNsYW5jKi4=
tiGhBw,,Q2xhbmsuCkNsYW5rLgpDbGFuay4KQ2xhbmsu,,,,,Q2xhbmsuCkNsYW5rLgpDbGFuay4KQ2xhbmsu,,KkNsYW5jKi4KKkNsYW5jKi4KKkNsYW5jKi4KKkNsYW5jKi4=
tyGhBw,,W1Nlbmlvcl0KR2V0IG91dCBvZiBoZXJlIG5vdyE=,,,,,W1ZldGVyYW5vXQpTYWlhIGRhcXVpIGFnb3JhIQ==,,W1ZldGVyYW5vXQrCoUZ1ZXJhIGRlIGFxdcOtLCBhaG9yYSE=
uCGhBw,,RG8geW91IGV2ZW4ga25vdyB3aGVyZSB5b3UgYXJlPw==,,,,,QW8gbWVub3Mgc2FiZSBvbmRlIGVzdMOhPw==,,wr9TYWJlcyBzaXF1aWVyYSBkw7NuZGUgZXN0w6FzPw==
uSGhBw,,RnJlZXplISE=,,,,,UGFyYWRvIQ==,,wqFRdWlldG9zIQ==
uiGhBw,,W1Nlbmlvcl0KV2UgZ2V0IHJpZCBvZiB0aGVtIQ==,,,,,W1ZldGVyYW5vXQpMaXZyZW0tc2UgZGVsZXMh,,W1ZldGVyYW5vXQrCoURlYmVtb3MgZGVzaGFjZXJub3MgZGUgZWxsb3Mh
uyGhBw,,Q2FsbCBmb3IgYSBiYWNrdXAh,,,,,Q2hhbWVtIHJlZm9yw6dvcyE=,,wqFQaWRlIHJlZnVlcnpvcyE=
vCGhBw,,V2UgZG9uJ3QgbmVlZCB0by4gV2UgY2FuIGRlZmVhdCB0aGVtIGJ5IG91cnNlbHZlcyE=,,,,,TsOjbyDDqSBwcmVjaXNvLiBQb2RlbW9zIGRlcnJvdMOhLWxvcyBzb3ppbmhvcyE=,,Tm8gaGFjZSBmYWx0YS4gwqFQb2RlbW9zIGRlcnJvdGFybG9zIG5vc290cm9zIHNvbG9zIQ==
vSGhBw,,W0x1Y2t5XQpIZXksIGNhbG0gZG93biBwbGVhc2UhIFB1dCB5b3VyIGd1bnMgaW4hIE5vIHdvbmRlciB5b3UgYXJlIGhvdCBoZWFkZWQgZWxkZXJzISE=,,,,,W0x1a2llXQpFaSwgYWNhbG1lbS1zZSwgcG9yIGZhdm9yISBHdWFyZGVtIHN1YXMgYXJtYXMhIFZvY8OqcyBzw6NvIG1lc21vIHVucyB2ZWxob3MgdGVtcGVyYW1lbnRhaXMh,,W0x1Y2t5XQrCoUV5LCBjw6FsbWVuc2UsIHBvciBmYXZvciEgwqFHdWFyZGVuIHN1cyBhcm1hcyEgwqFTb24gcmVhbG1lbnRlIHVub3Mgdmllam9zIHRlbXBlcmFtZW50YWxlcyE=
viGhBw,,W0x1Y2t5XQpBbHRob3VnaCB0aGV5IGhhdmUgY29tZSBoZXJlIHdpdGggYSBmaXNoeSBwdXJwb3NlLCBpdCdzIHRydWUgdGhhdCB0aGV5IGNhcnJpZWQgaW5qdXJlZCBHb255IGFsbCB0aGUgd2F5IGhlcmUuIEJlaGF2ZSB5b3Vyc2VsZiwgb2xkIG1lbi4=,,,,,W0x1a2llXQpBcGVzYXIgZGUgdGVyZW0gdmluZG8gY29tIHVtIHByb3DDs3NpdG8gc3VzcGVpdG8sIGVsZXMgcmVhbG1lbnRlIHRyb3V4ZXJhbSBHb25pZSBhdMOpIGFxdWkuIENvbXBvcnRlbS1zZSwgc2VuaG9yZXMu,,W0x1Y2t5XQpBIHBlc2FyIGRlIHF1ZSB2aW5pZXJvbiBjb24gdW4gcHJvcMOzc2l0byBzb3NwZWNob3NvLCByZWFsbWVudGUgdHJhamVyb24gYSBHb25pZSBoYXN0YSBhcXXDrS4gQ29tcMOzcnRlbnNlLCBzZcOxb3Jlcw==
vyGhBw,,RmlzaHkgcHJ1cG9zZSE=,,,,,UHJvcMOzc2l0byBzdXNwZWl0byE=,,wqFVbiBwcm9ww7NzaXRvIHNvc3BlY2hvc28h
wCGhBw,,V2h5IHNob3VsZCB3ZSBiZWhhdmUgb3Vyc2VsdmVzIQ==,,,,,UG9yIHF1ZSBkZXZlcsOtYW1vcyBub3MgY29tcG9ydGFyPyE=,,wqHCv1BvciBxdcOpIGRlYmVyw61hbW9zIGNvbXBvcnRhcm5vcz8h
wSGhBw,,W0xlaXppXQpZb3UgYXJlIG5vdCBzdXJwcmlzZWQ/IFNvIHlvdSBrbmV3IGl0Lg==,,,,,W05hbGFuZHJvXQpOw6NvIGVzdMOhIHN1cnByZXNvPyBFbnTDo28gdm9jw6ogc2FiaWEu,,W0xhenldCsK/Tm8gdGUgc29ycHJlbmRlPyBBc8OtIHF1ZSBsbyBzYWLDrWFzLg==
wiGhBw,,W0x1Y2t5XQpJIGRpZG4ndCBrbm93IHdobyB5b3Ugd2VyZS4gQnV0IEkga25ldyB5b3UgaGFkIGEgY2VydGFpbiBwdXJwb3NlLiBJIGhhZCBub3QgdG9sZCB5b3UgbXkgbmFtZSBidXQgeW91IHdlcmUgc2hvdXRpbmcgJ0NvbWUgb3V0IFJvb2tpZScuIFNvIEkgaGFkIGEgY2x1ZS4=,,,,,W0x1a2llXQpOw6NvIHNhYmlhIHF1ZW0gdm9jw6ogZXJhLiBNYXMgc2FiaWEgcXVlIHZvY8OqIHRpbmhhIHVtIGNlcnRvIHByb3DDs3NpdG8uIEV1IG7Do28gbGhlIGRpc3NlIG8gbWV1IG5vbWUsIG1hcyB2b2PDqiBlc3RhdmEgZ3JpdGFuZG8g,,W0x1Y2t5XQpObyBzYWLDrWEgcXVpw6luIGVyYXMuIFBlcm8gc2Fiw61hIHF1ZSB0ZW7DrWFzIHVuIHByb3DDs3NpdG8uIE5vIHRlIGhhYsOtYSBkaWNobyBtaSBub21icmUsIHBlcm8gdMO6IGVzdGFiYXMgZ3JpdGFuZG8gJ8KhU2FsLCBMdWtpZSEnLiBBc8OtIHF1ZSB0dXZlIHVuYSBwaXN0YS4=
wyGhBw,,W0xlaXppXQpJIGhlYXJkIHRoYXQgdGhlIGJyYWluIG9mIGEgUmViZWxsaW9uIGlzIGZpbGxlZCB3aXRoIGJ1bGxldHMsIGJ1dCBtYXliZSBub3QgZXZlcnkgUmViZWxsaW9uISBTbywgaXMgeW91ciBuYW1lIEx1Y2t5LCBvciBSb29raWU/,,,,,W05hbGFuZHJvXQpPdXZpIGRpemVyIHF1ZSBvIGPDqXJlYnJvIGRlIHVtIEluc3VyZ2VudGUgw6kgY2hlaW8gZGUgYmFsYXMsIG1hcyBwYXJlY2UgcXVlIG7Do28gdG9kb3MhIEVudMOjbyBzZXUgbm9tZSDDqSBMdWtpZT8=,,W0xhenldCkhlIG/DrWRvIHF1ZSBlbCBjZXJlYnJvIGRlIHVuIHJlYmVsZGUgZXN0w6EgbGxlbm8gZGUgYmFsYXMsIMKhcGVybyB0YWwgdmV6IG5vIHRvZG9zIGxvcyByZWJlbGRlcyEgRW50b25jZXMsIMK/dGUgbGxhbWFzIEx1Y2t5IG8gTHVraWU/
xCGhBw,,RGlkIGhlIGp1c3QgaW5zdWx0IHVzPw==,,,,,RWxlIGFjYWJvdSBkZSBub3MgaW5zdWx0YXI/,,wr9Ob3MgYWNhYmEgZGUgaW5zdWx0YXI/
xSGhBw,,QmUgcXVpdGUuIExldCdzIGxpc3RlbiB0byB3aGF0IHRoZXkgc2F5Lg==,,,,,U2lsw6puY2lvLiBWYW1vcyBvdXZpciBvIHF1ZSBlbGVzIGVzdMOjbyBkaXplbmRvLg==,,Q8OhbGxhdGUuIEVzY3VjaGVtb3MgbG8gcXVlIHRlbmdhbiBxdWUgZGVjaXIu
xiGhBw,,V2h5IHNob3VsZCB3ZSBsaXN0ZW4gdG8gdGhpcyBub25zZW5zZT8gR2V0IHRoZW0gb3V0IG9mIGhlcmUh,,,,,UG9yIHF1ZSBkZXZlcsOtYW1vcyBvdXZpciBlc3NhIGJlc3RlaXJhPyBUaXJlbSBlbGVzIGRhcXVpIQ==,,wr9Qb3IgcXXDqSBkZWJlcsOtYW1vcyBlc2N1Y2hhciBlc3RhcyB0b250ZXLDrWFzPyDCoVNhcXVlbmxvcyBkZSBhcXXDrSE=
xyGhBw,,W1Jvb2tpZV0KXjAwMDBDRFJvb2tpZV4wMDAwMDAuIEx1Y2t5IGlzIG15IG5pY2tuYW1lLg==,,,,,W0x1a2llXQpTSW0sIF4wMDAwQ0RMdWtpZV4wMDAwMDAuIE1ldSBhcGVsaWRvIMOpIEx1Y2t5LCBzaWduaWZpY2EgU29ydGUu,,W0x1a2llXQpeMDAwMENETHVraWVeMDAwMDAwLiBMdWNreSBlcyBtaSBhcG9kby4=
yCGhBw,,W1Nlbmlvcl0KUm9va2llISBZb3UgYWxyZWFkeSBrbmV3IHdobyBoZSB3YXMsIGFuZCB5b3UuLiEh,,,,,W1ZldGVyYW5vXQpMdWtpZSEgVm9jw6ogasOhIHNhYmlhIHF1ZW0gZWxlIGVyYSwgZSBhY2Fib3UgZGUuLi4=,,W1ZldGVyYW5vXQrCoUx1a2llISDCoVTDuiB5YSBzYWLDrWFzIHF1acOpbiBlcmEsIHkgdMO6Li4uIQ==
ySGhBw,,VGFrZSBoaW0gb3V0IGZpcnN0ISEh,,,,,QWNhYmUgY29tIGVsZSBwcmltZWlybyEhIQ==,,wqFTw6FxdWVubG8gcHJpbWVybyE=
yiGhBw,,W1Jvb2tpZV0KSSB0b2xkIHlvdSEgT2xkIG1lbiwgYXJlIHlvdSBkZWFmIG5vdz8gSSBkaWRuJ3Qga25vdyB3aG8gdGhleSB3ZXJlISBUaGlzIGlzIHVuZmFpciE=,,,,,W0x1a2llXQpFdSBqw6EgZGlzc2UhIFNldXMgdmVsaG90ZXMsIGVzdMOjbyBzdXJkb3MgYWdvcmE/IEV1IG7Do28gc2FiaWEgcXVlbSBlbGVzIGVyYW0hIElzc28gbsOjbyDDqSBqdXN0byE=,,W0x1a2llXQrCoVlhIGxvIGRpamUhIMKhVmllam9zLCDCv2FjYXNvIGVzdMOhbiBzb3Jkb3M/ISDCoU5vIHNhYsOtYSBxdWnDqW5lcyBlcmFuISDCoUVzdG8gZXMgaW5qdXN0byE=
yyGhBw,,SGUgc2F5cyBoZSBkaWRuJ3Qga25vdy4=,,,,,RWxlIGRpc3NlIHF1ZSBuw6NvIHNhYmlhLg==,,RGljZSBxdWUgbm8gbG8gc2Fiw61hLg==
zCGhBw,,VGhlbiB3aHkgZGlkIHlvdSBicmluZyB0aGVtIGluPw==,,,,,RW50w6NvIHBvciBxdWUgb3MgdHJvdXhlIGF0w6kgYXF1aT8=,,RW50b25jZXMsIMK/cG9yIHF1w6kgbG9zIHRyYWppc3RlPw==
zSGhBw,,W1Jvb2tpZV0KSWYgdGhleSBoYWQgYW4gaW50ZW50aW9uIHRvIGF0dGFjayB1cywgdGhleSB3b3VsZCBoYXZlIGRvbmUgaXQgYWxyZWFkeSwgcmF0aGVyIHRoYW4gYXNraW5nIGZvciB0ZWEuIEFuZCB3aGF0IGNhbiB0aGVzZSB0d28gZG8gYWdhaW5zdCBtYW55IG9mIHVzPw==,,,,,W0x1a2llXQpTZSBhIGludGVuw6fDo28gZGVsZXMgZm9zc2Ugbm9zIGF0YWNhciwgasOhIHRlcmlhbSBmZWl0byBpc3NvIGVtIHZleiBkZSBwZWRpciB1bWEgeMOtY2FyYSBkZSBjaMOhLiBFIG8gcXVlIGVzc2VzIGRvaXMgcG9kZW0gZmF6ZXIgY29udHJhIHRvZG9zIG7Ds3M/,,W0x1a2llXQpTaSBxdWlzaWVyYW4gYXRhY2Fybm9zLCB5YSBsbyBoYWJyw61hbiBoZWNobywgZW4gdmV6IGRlIHBlZGlyIHTDqS4gwr9ZIHF1w6kgcHVlZGVuIGhhY2VyIGVzdG9zIGRvcyBjb250cmEgbm9zb3Ryb3MsIHF1ZSBzb21vcyB0YW50b3M/
ziGhBw,,VGhleSBkb24ndCBsb29rIHNvIHN0cm9uZy4=,,,,,RWxlcyBuw6NvIHBhcmVjZW0gdMOjbyBmb3J0ZXMu,,Tm8gcGFyZWNlbiB0YW4gZnVlcnRlcy4=
zyGhBw,,WW91ciBjb21tZW50cyBhcmUgbWlzbGVhZGluZywgYnV0IEknbSBub3QgZ29pbmcgdG8gY29ycmVjdCB0aGVtIHJpZ2h0IG5vdy4=,,,,,U2V1cyBjb21lbnTDoXJpb3Mgc8OjbyBlbmdhbm9zb3MsIG1hcyBuw6NvIHZvdSBjb3JyaWdpLWxvcyBhZ29yYS4=,,VHVzIGNvbWVudGFyaW9zIHNvbiBlbmdhw7Fvc29zLCBwZXJvIG5vIHZveSBhIGNvcnJlZ2lybG9zIGFob3JhLg==
0CGhBw,,W1Jvb2tpZV0KV2hhdGV2ZXIgdGhleSBkbywgeW91IGFyZSBnb2luZyB0byBoYW5kbGUgdGhlbS4gQXJlbid0IHlvdT8gWW91IGFyZSBsZWdlbmRzIG9mIHRoZSBSZWJlbGxpb24u,,,,,W0x1a2llXQpPIHF1ZSBxdWVyIHF1ZSBmYcOnYW0sIHZvY8OqcyB2w6NvIGxpZGFyIGNvbSBlbGVzLiBOw6NvIMOpPyBWb2PDqnMgc8OjbyBsZW5kYXMgZGEgUmViZWxpw6NvLg==,,W0x1a2llXQpObyBpbXBvcnRhIGxvIHF1ZSBoYWdhbiwgdXN0ZWRlcyBzYWJlbiBjw7NtbyBlbmNhcmdhcnNlIGRlIGVsbG9zLiDCv08gbm8/IFNvbiBsZXllbmRhcyBkZSBsYSBSZWJlbGnDs24u
0SGhBw,,V2VsbC4uIEl0J3MgdHJ1ZS4=,,,,,QmVtLi4uIMOJIHZlcmRhZGUu,,QnVlbm8uLi4gRXMgdmVyZGFkLg==
0iGhBw,,VGhhdCdzIHdoeSB3ZSBhcmUgZG9pbmcgdGhpcyBub3cu,,,,,w4kgcG9yIGlzc28gcXVlIGVzdGFtb3MgZmF6ZW5kbyBpc3NvIGFnb3JhLg==,,UG9yIGVzbyBsbyBlc3RhbW9zIGhhY2llbmRvIGFob3JhLg==
0yGhBw,,W1Jvb2tpZV0KSSBkb24ndCBrbm93IHdoZXJlIHRoZXkgY29tZSBmcm9tLiBCdXQgYnkgdGhlIHRpbWUgdGhleSBjYW1lIGFsbCB0aGUgd2F5IGhlcmUsIHBlcmhhcHMgdGhleSBuZWVkIHRvIHRhbGsgdG8gdGhlIHNlbmlvcnMuIEkgd2lsbCBicmluZyB0aGUgdGVhIGFuZCBlbmpveSB0aGUgdGFsay4=,,,,,W0x1a2llXQpOw6NvIHNlaSBkZSBvbmRlIGVsZXMgdsOqbS4gTWFzLCBwZWxvIHRlbXBvIHF1ZSBsZXZhcmFtIHBhcmEgY2hlZ2FyIGF0w6kgYXF1aSwgdGFsdmV6IHByZWNpc2VtIGZhbGFyIGNvbSBvcyB2ZXRlcmFub3MuIFZvdSB0cmF6ZXIgbyBjaMOhIGUgZGVzZnJ1dGFyIGRhIGNvbnZlcnNhLg==,,W0x1a2llXQpObyBzw6kgZGUgZMOzbmRlIHZpZW5lbi4gUGVybyBkZXNwdcOpcyBkZSBoYWJlciBsbGVnYWRvIGhhc3RhIGFxdcOtLCBxdWl6w6EgbmVjZXNpdGVuIGhhYmxhciBjb24gbG9zIHZldGVyYW5vcy4gWW8gbGVzIHRyYWVyw6kgZWwgdMOpIHkgZGlzZnJ1dGFyw6kgZGUgbGEgY2hhcmxhLg==
1CGhBw,,V2hlcmUgYXJlIHlvdSBnb2luZyE=,,,,,QW9uZGUgdm9jw6ogdmFpPyE=,,wqHCv0EgZMOzbmRlIHZhcz8h
1SGhBw,,VGhhdCBndXkgaGFzIGEgZ3JlYXQgc2Vuc2UgYW5kICB3aXRzLg==,,,,,QXF1ZWxlIGNhcmEgw6kgbXVpdG8gZXNwZXJ0by4=,,RXNlIHRpcG8gdGllbmUgZ3JhbiBpbnR1aWNpw7NuIGUgaW5nZW5pby4=
1iGhBw,,W0xlaXppXQpIYWhhaGEhIE5pY2UgdG8gbWVldCB5b3UuIERpZCBJIHN1cnByaXNlIHlvdSBieSBjb21pbmcgaW4gYWxsIG9mIGEgc3VkZGVuIGluIGxlaXN1cmUgaG91cnM/,,,,,W05hbGFuZHJvXQpIYWhhaGEhIFByYXplciBlbSBjb25oZWNlciB2b2PDqnMuIFN1cnByZWVuZGkgdm9jw6pzIGNoZWdhbmRvIGRlIHJlcGVudGUgbm8gaG9yw6FyaW8gZGUgZGVzY2Fuc28/,,W0xhenldCsKhSmFqYWphISBNdWNobyBndXN0byBlbiBjb25vY2VybG9zLiDCv0xvcyBzb3JwcmVuZMOtIGxsZWdhbmRvIGFzw60gZGUgcmVwZW50ZSBlbiBzdSBob3JhIGRlIGRlc2NhbnNvPw==
1yGhBw,,W0xlaXppXQpCdXQgSSBhbSBub3QgYSBkYW5nZXJvdXMgcGVyc29uLCBzbyBwbGVhc2UgcmVsYXguIEFuZCB0aGlzIGFkdmVudHVyZXIgaXMgbXVjaCBsZXNzIGRhbmdlcm91cy4=,,,,,W05hbGFuZHJvXQpNYXMgbsOjbyBzb3UgcGVyaWdvc28sIGVudMOjbyByZWxheGUuIEUgZXNzYSBwZXNzb2EgYXF1aSDDqSBhaW5kYSBtZW5vcyBwZXJpZ29zYS4=,,W0xhenldClBlcm8gbm8gc295IHVuYSBwZXJzb25hIHBlbGlncm9zYSwgYXPDrSBxdWUgcmVsw6FqZW5zZS4gWSBlc3RlIHRyb3RhbXVuZG9zIGVzIG11Y2hvIG1lbm9zIHBlbGlncm9zby4=
2CGhBw,,WW91IGRvbid0IG5lZWQgdG8gdGFsayB0byB1cyE=,,,,,Vm9jw6ogbsOjbyBwcmVjaXNhIGZhbGFyIGNvbm9zY28h,,wqFObyBoYWNlIGZhbHRhIHF1ZSBoYWJsZXMgY29uIG5vc290cm9zIQ==
2SGhBw,,W0xlaXppXQpUaGlzIHBlcnNvbiBpcyBhbiBhZHZlbnR1cmVyIHdobyBzZXR0bGVkIHZhcmlvdXMgcHJvYmxlbXMgb2YgdGhlIGNvbnRpbmVudCwgaW5jbHVkaW5nIFNjaHdhcnR6d2FsZC4gVGhlIGFkdmVudHVyZXIgaXMgY3VycmVudGx5IHVuZGVyIHRoZSBwcm90ZWN0aW9uIG9mIFJ1bmUgTWlkZ2FyZCBLaW5nZG9tLCB7MH0u,,,,,W05hbGFuZHJvXQpFc3NhIHBlc3NvYSDDqSB1bSB2aWFqYW50ZSBxdWUgcmVzb2x2ZXUgZGl2ZXJzb3MgcHJvYmxlbWFzIGRvIGNvbnRpbmVudGUsIGluY2x1aW5kbyBTY2h3YXJ0endhbGQuIEVsYSBlc3TDoSBzb2IgYSBwcm90ZcOnw6NvIGRvIFJlaW5vIGRlIFJ1bmUtTWlkZ2FyZCBubyBtb21lbnRvLCB7MH0g,,W0xhenldCkVzdGEgcGVyc29uYSBlcyB1biB0cm90YW11bmRvcyBxdWUgc29sdWNpb27DsyB2YXJpb3MgcHJvYmxlbWFzIGRlbCBjb250aW5lbnRlLCBpbmNsdWlkbyBTY2h3YXJ6d2FsZC4gRWwgdHJvdGFtdW5kb3MgYWN0dWFsbWVudGUgdGllbmUgbGEgcHJvdGVjY2nDs24gZGVsIHJlaW5vIGRlIFJ1bmUtTWlkZ2FydHMsIHswfQ==
2iGhBw,,ezB9PyBZb3UgbXVzdCBiZSB0aGF0IHBlcnNvbiBpbiB0aGUgcm95YWwgcGFsYWNlIGluIFJ1bmUgTWlkZ2FyZC4uLg==,,,,,ezB9PyBWb2PDqiBkZXZlIHNlciBhcXVlbGEgcGVzc29hIG5vIHBhbMOhY2lvIHJlYWwgZW0gUnVuZS1NaWRnYXJkLi4u,,ezB9IMK/VHJvdGFtdW5kb3M/IFTDuiBkZWJlcyBzZXIgZXNhIHBlcnNvbmEgZW4gZWwgcGFsYWNpbyByZWFsIGVuIFJ1bmUtTWlkZ2FydHMuLi4=
2yGhBw,,W0xlaXppXQpBbmQgSSBhbSBhIG1lbWJlciBvZiBTZWNyZXQgV2luZ3MsIGFuIGluc3RpdHV0aW9uIGRpcmVjdGx5IHJlc3BvbnNpYmxlIHRvIHRoZSBQcmVzaWRlbnQgb2YgU2Nod2FydHp3YWxkIFJlcHVibGljLiBTaW5jZSB0aGUgUHJlc2lkZW50IGd1YXJhbnRlZXMgbXkgaWRlbnRpZmljYXRpb24sIHlvdSBkb24ndCBoYXZlIHRvIHdvcnJ5Lg==,,,,,W05hbGFuZHJvXQpFIGV1IHNvdSB1bSBhZ2VudGUgZG8gVmVudG8gU2VjcmV0bywgdW1hIG9yZ2FuaXphw6fDo28gZGlyZXRhbWVudGUgbGlnYWRhIGFvIFByZXNpZGVudGUgZGUgU2Nod2FydHp3YWxkLiBDb21vIG8gUHJlc2lkZW50ZSBnYXJhbnRlIG1pbmhhIGlkZW50aWZpY2HDp8Ojbywgdm9jw6ogbsOjbyBwcmVjaXNhIHNlIHByZW9jdXBhci4=,,W0xhenldClkgeW8gc295IG1pZW1icm8gZGVsIFZpZW50byBTZWNyZXRvLCB1bmEgaW5zdGl0dWNpw7NuIHF1ZSByZXNwb25kZSBkaXJlY3RhbWVudGUgYWwgUHJlc2lkZW50ZSBkZSBsYSBSZXDDumJsaWNhIGRlIFNjaHdhcnR6d2FsZC4gQ29tbyBlbCBQcmVzaWRlbnRlIGdhcmFudGl6YSBtaSBpZGVudGlkYWQsIG5vIHRpZW5lbiBkZSBxdcOpIHByZW9jdXBhcnNlLg==
3CGhBw,,SGEhISEgVGhhdCdzIG5vbnNlbnNlISE=,,,,,SGEhISEgUXVlIGNvbnZlcnNhIG1vbGUhIQ==,,wqFKYSEgwqFFc28gZXMgdW5hIHRvbnRlcsOtYSE=
3SGhBw,,W1Nlbmlvcl0KSG93IGNhbiBJIHRydXN0IHlvdT8=,,,,,W1ZldGVyYW5vXQpDb21vIGV1IHBvc3NvIGNvbmZpYXIgZW0gdm9jw6o/,,W1ZldGVyYW5vXQrCv0PDs21vIHB1ZWRvIGNvbmZpYXIgZW4gdGk/
3iGhBw,,SG93IGNhbiBJIHRydXN0IHlvdT8=,,,,,Q29tbyBldSBwb3NzbyBjb25maWFyIGVtIHZvY8OqPw==,,wr9Dw7NtbyBwdWVkbyBjb25maWFyIGVuIHRpPw==
3yGhBw,,W1Nlbmlvcl0KWW91IGFyZSB0aGUgbW9zdCBkYW5nZXJvdXMgZ3V5IGhlcmUh,,,,,W1ZldGVyYW5vXQpWb2PDqiDDqSBhIHBlc3NvYSBtYWlzIHBlcmlnb3NhIGFxdWkh,,W1ZldGVyYW5vXQrCoUVyZXMgZWwgdGlwbyBtw6FzIHBlbGlncm9zbyBhcXXDrSE=
4CGhBw,,SG93IGRhcmUgeW91ISBEbyB5b3Uga25vdyB3aGVyZSB5b3UgYXJlPw==,,,,,Q29tbyBvdXNhPyBTYWJlIG9uZGUgZXN0w6E/,,wqHCv0PDs21vIHRlIGF0cmV2ZXM/ISDCv1NhYmVzIGTDs25kZSBlc3TDoXM/
4SGhBw,,W1Nlbmlvcl0KUHJlc2lkZW50PyBTaW5jZSBJIGhlYXJkIHRoYXQgdW5wbGVhc2FudCB3b3JkLCBsZXQgbWUgd2FzaCBteSBlYXJzIQ==,,,,,W1ZldGVyYW5vXQpQcmVzaWRlbnRlPyBBZ29yYSBxdWUgb3V2aSBlc3NhIHBhbGF2cmEgZGVzYWdyYWTDoXZlbCwgdm91IGxhdmFyIG1ldXMgb3V2aWRvcyE=,,W1ZldGVyYW5vXQrCv1ByZXNpZGVudGU/IMKhQWhvcmEgcXVlIGVzY3VjaMOpIGVzYSBwYWxhYnJhIGRlc2FncmFkYWJsZSwgdm95IGEgbGF2YXJtZSBsb3Mgb8OtZG9zIQ==
4iGhBw,,SSBhbSBwcmVjaW91cywgc28gSSBzaG91bGQgc2VlIGFuZCBsaXN0ZW4gdG8gZ29vZCB0aGluZ3Mu,,,,,U291IHByZWNpb3NvLCBlbnTDo28gZGV2ZXJpYSB2ZXIgZSBvdXZpciBjb2lzYXMgYm9hcy4=,,U295IGFsZ3VpZW4gdmFsaW9zbywgYXPDrSBxdWUgc29sbyBkZWJvIHZlciB5IGVzY3VjaGFyIGNvc2FzIGJ1ZW5hcy4=
4yGhBw,,W1Nlbmlvcl0KV2hhdCBpcyBhIHNwb2lsZWQgY3JvdyBvZiB0aGUgUHJlc2lkZW50IGRvaW5nIGhlcmU/,,,,,W1ZldGVyYW5vXQpPIHF1ZSB1bSBjb3J2byBtaW1hZG8gZG8gUHJlc2lkZW50ZSBlc3TDoSBmYXplbmRvIGFxdWk/,,W1ZldGVyYW5vXQrCv1F1w6kgaGFjZSBhcXXDrSB1biBjdWVydm8gbWFsY3JpYWRvIGRlbCBwcmVzaWRlbnRlPw==
5CGhBw,,V2hhdD8gU3BvaWxlZC4uLj8=,,,,,TyBxdcOqPyBNaW1hZG8/,,wr9RdcOpPyDCv01hbGNyaWFkby4uLj8=
5SGhBw,,W0xlaXppXQpUaGF0J3Mgd2hhdCBJIGFtIGFib3V0IHRvIHRlbGwgeW91IG5vdy4gSGFoYS4gU28gcGxlYXNlIHB1dCB5b3VyIGd1bnMgZG93bi4uLiBMZXQncyBzaXQgZG93biBmaXJzdC4=,,,,,W05hbGFuZHJvXQrDiSBpc3NvIHF1ZSBlc3RvdSBwcmVzdGVzIGEgY29udGFyLiBIYWhhLiBFbnTDo28gYWJhaXhlbSBhcyBhcm1hcy4uLiBWYW1vcyBub3Mgc2VudGFyIHByaW1laXJvLg==,,W0xhenldCkVzbyBlcyBqdXN0YW1lbnRlIGxvIHF1ZSB2b3kgYSBjb250YXJsZXMgYWhvcmEuIEphamEuIEFzw60gcXVlIGJhamVuIGxhcyBhcm1hcy4uLiBWYW1vcyBhIHNlbnRhcm5vcyBwcmltZXJvLg==
5iGhBw,,W1Nlbmlvcl0KSGV5LCB5b3UgYXJlIHN0YW5kaW5nIHVwIHRvbyE=,,,,,W1ZldGVyYW5vXQpFaSwgdm9jw6ogdGFtYsOpbSBlc3TDoSBlbSBww6kh,,W1ZldGVyYW5vXQrCoUV5LCB0w7ogdGFtYmnDqW4gZXN0w6FzIGRlIHBpZSE=
5yGhBw,,SXMgaXQgYSBkaXJ0eSB0cmljaz8=,,,,,SXNzbyDDqSBhbGd1bSB0cnVxdWUgc3Vqbz8=,,wr9FcyB1biB0cnVjbyBzdWNpbz8=
6CGhBw,,W0xlaXppXQpBaGFoYS4gSSd2ZSBnb3QgYSBkaXNlYXNlIHRoYXQgSSBjYW4ndCBzaXQgZG93bi4gQnkgdGhlIHdheS4uLiBBcyBhIGd1ZXN0LCBJIGNvdWxkbid0IGNvbWUgaGVyZSB3aXRoIGVtcHR5IGhhbmRzLiBUaGlzIGlzIGEgc3BlY2lhbHR5IGdvb2Qgb2YgSnVuby4uLiBQbGVhc2UgaGF2ZSBzb21lLg==,,,,,W05hbGFuZHJvXQpBaGFoYS4gRXUgdGVuaG8gdW1hIGRvZW7Dp2EgcXVlIG1lIGltcGVkZSBkZSBzZW50YXIuIEFsacOhcy4uLiBDb21vIGNvbnZpZGFkbywgbsOjbyBwb2RlcmlhIHZpciBhcXVpIGNvbSBhcyBtw6NvcyBhYmFuYW5kby4gRXN0YSDDqSB1bWEgaWd1YXJpYSBlc3BlY2lhbCBkZSBKdW5vLi4uIFBvciBmYXZvciwgcHJvdmVtIHVtIHBvdWNvLg==,,W0xhenldCkphamFqYS4gVGVuZ28gdW5hIGVuZmVybWVkYWQgcXVlIG5vIG1lIGRlamEgc2VudGFybWUuIFBvciBjaWVydG8uLi4gQ29tbyBpbnZpdGFkbywgbm8gcG9kw61hIHZlbmlyIGNvbiBsYXMgbWFub3MgdmFjw61hcy4gRXN0byBlcyB1biBwcm9kdWN0byB0w61waWNvIGRlIEp1bm8uLi4gUG9yIGZhdm9yLCBwcnVlYmVuIHVuIHBvY28u
6SGhBw,,W1Nlbmlvcl0KR3Vlc3Q/IFlvdSdyZSBqdXN0IGEgamVyay4=,,,,,W1ZldGVyYW5vXQpDb252aWRhZG8/IFZvY8OqIMOpIGFwZW5hcyB1bSBiYWJhY2Eu,,W1ZldGVyYW5vXQrCv0ludml0YWRvPyBTaW1wbGVtZW50ZSwgZXJlcyB1biBpbWLDqWNpbC4=
6iGhBw,,R3Vlc3Q/IFlvdSdyZSBqdXN0IGEgamVyay4=,,,,,Q29udmlkYWRvPyBWb2PDqiDDqSBhcGVuYXMgdW0gYmFiYWNhLg==,,wr9JbnZpdGFkbz8gU2ltcGxlbWVudGUsIGVyZXMgdW4gaW1iw6ljaWwu
6yGhBw,,SGV5LCBsb29rIGF0IHlvdXIgbGFuZ3VhZ2Uh,,,,,RWksIG9saGUgZXNzZSBsaW5ndWFqYXIh,,wqFPeWUsIG1pcmEgY8OzbW8gaGFibGFzIQ==
7CGhBw,,W1Nlbmlvcl0KV2hhdCBkbyB5b3UgbWVhbiBieSBndWVzdD8gV2UgbmV2ZXIgaW52aXRlZCB5b3Uu,,,,,W1ZldGVyYW5vXQpDb21vIGFzc2ltLCB2b2PDqiBmb2kgY29udmlkYWRvPyBOaW5ndcOpbSBjb252aWRvdSB2b2PDqi4=,,W1ZldGVyYW5vXQrCv1F1w6kgcXVpZXJlcyBkZWNpciBjb24gaW52aXRhZG8/IE51bmNhIHRlIGludml0YW1vcy4=
7SGhBw,,Tm90IGV2ZXJ5IHZpc2l0b3IgaXMgYSBndWVzdC4=,,,,,TmVtIHRvZG8gdmlzaXRhbnRlIMOpIHVtIGNvbnZpZGFkby4=,,Tm8gdG9kb3MgbG9zIHZpc2l0YW50ZXMgc29uIGludml0YWRvcy4=
7iGhBw,,WW91IGFyZSByaWdodCE=,,,,,Vm9jw6ogdGVtIHJhesOjbyE=,,wqFUaWVuZXMgcmF6w7NuIQ==
7yGhBw,,W1Nlbmlvcl0KV2UgbmV2ZXIga25vdyB3aGF0IHlvdSBwdXQgb24gdGhpcyBmb29kISBUaGVyZSBpcyBub3RoaW5nIHdlIHdvdWxkIGxpa2UgdG8gaGVhciBmcm9tIHlvdS4gU28gZ2V0IG91dCBvZiBoZXJlIQ==,,,,,W1ZldGVyYW5vXQpOw6NvIHNhYmVtb3MgbyBxdWUgdm9jw6ogY29sb2NvdSBuZXNzYSBjb21pZGEhIE7Do28gcXVlcmVtb3Mgb3V2aXIgbmFkYSBkZSB2b2PDqi4gRW50w6NvIHN1bWEgZGFxdWkh,,W1ZldGVyYW5vXQrCoU5vIHNhYmVtb3MgcXXDqSBsZSBlY2hhc3RlIGEgZXN0YSBjb21pZGEhIE5vIHF1ZXJlbW9zIHNhYmVyIG5hZGEgZGUgdGkuIMKhQXPDrSBxdWUgdmV0ZSBkZSBhcXXDrSE=
8CGhBw,,UGxlYXNlLi4uIExldCdzIGp1c3QgdGFsay4uLg==,,,,,UG9yIGZhdm9yLi4uIFZhbW9zIGNvbnZlcnNhci4uLg==,,UG9yIGZhdm9yLi4uIGludGVudGVtb3MgaGFibGFyLi4u
8SGhBw,,W1Jvb2tpZV0KRHJpbmsgdGVhLCBwbGVhc2Uu,,,,,W0x1a2llXQpQb3IgZmF2b3IsIGJlYmEgbyBjaMOhLg==,,W0x1a2llXQpCZWJlIGVsIHTDqSwgcG9yIGZhdm9yLg==
8iGhBw,,W1Nlbmlvcl0KQXMgc29vbiBhcyB5b3UgZHJpbmsgdGhlIHRlYSwgbGVhdmUgYXQgb25jZX4gV2Ugd29uJ3Qgc2VlIHlvdSBvZmYh,,,,,W1ZldGVyYW5vXQpRdWFuZG8gdGVybWluYXIgbyBjaMOhLCB2w6EgZW1ib3JhLiBWb2PDqiBzYWJlIG9uZGUgZmljYSBhIHNhw61kYSE=,,W1ZldGVyYW5vXQpDdWFuZG8gdGVybWluZXMgdHUgdMOpLCBtw6FyY2hhdGUuIMKhWWEgc2FiZXMgZMOzbmRlIGVzdMOhIGxhIHNhbGlkYSE=
8yGhBw,,TGV0IHVzIGdvIG5vdy4=,,,,,QWdvcmEgdmFtb3Mu,,WWEgdsOhbW9ub3Mu
9CGhBw,,W1Jvb2tpZV0KV2hlcmUgYXJlIHlvdSBnb2luZz8gSSBicm91Z2h0IHRoZSB0ZWEgaW4gcmVmZXJlbmNlIHRvIHRoZSBudW1iZXIgb2YgcGVvcGxlIGhlcmUu,,,,,W0x1a2llXQpBb25kZSB2b2PDqnMgZXN0w6NvIGluZG8/IEV1IHRyb3V4ZSBjaMOhIHN1ZmljaWVudGUgcGFyYSB0b2RvcyBxdWUgZXN0w6NvIGFxdWku,,W0x1a2llXQrCv0EgZMOzbmRlIHNlIGVzdMOhbiB5ZW5kbz8gVHJhamUgc3VmaWNpZW50ZSB0w6kgcGFyYSB0b2RvcyBsb3MgcXVlIGVzdMOhbiBhcXXDrS4=
9SGhBw,,W1Nlbmlvcl0KSSBkb24ndCBkcmluayB0ZWEgaW4gdW5jb21mb3J0YWJsZSBwbGFjZS4gSSBkb24ndCB3YW50IHRvIGhhdmUgYW4gdXBzZXQgc3RvbWFjaCB3aGlsZSBkcmlua2luZyB0ZWEu,,,,,W1ZldGVyYW5vXQpOw6NvIGJlYm8gY2jDoSBlbSB1bSBsdWdhciBkZXNjb25mb3J0w6F2ZWwuIE7Do28gcXVlcm8gdGVyIHVtYSBkb3IgZGUgYmFycmlnYSBwb3IgdG9tYXIgY2jDoS4=,,W1ZldGVyYW5vXQpObyBiZWJvIHTDqSBlbiBsdWdhcmVzIGluY8OzbW9kb3MuIE5vIHF1aWVybyB0ZW5lciBkb2xvciBkZSBlc3TDs21hZ28gcG9yIHRvbWFyIHTDqS4=
9iGhBw,,SWYgeW91IGhhdmUgYW4gdXBzZXQgc3RvbWFjaCB3aGlsZSBkcmlua2luZyB0ZWEsIHRoZXJlIGlzIG5vIGN1cmUu,,,,,U2Ugc3VhIGJhcnJpZ2EgZMOzaSBhbyB0b21hciBjaMOhLCBlbnTDo28gdm9jw6ogbsOjbyB0ZW0gY3VyYS4=,,U2kgdGUgZHVlbGUgZWwgZXN0w7NtYWdvIG1pZW50cmFzIGJlYmVzIHTDqSwgbm8gaGF5IHJlbWVkaW8u
9yGhBw,,W1Jvb2tpZV0KQ29tZSBvbiwgd2hhdCdzIHdyb25nIHdpdGggeW91fiBZb3UgY2FuIGRyaW5rIGl0IHNvIHF1aWNrbHkuIEl0J3Mgbm90IGdvb2QgYWZ0ZXIgaXQgZ2V0cyBjb2xkLiBZb3VyIHN0b21hY2ggbXVzdCBoYXZlIGdvdCBjb2xkIGJ5IG5vdy4gWW91J3JlIG5vdCBzbyBoZWFsdGh5IGVpdGhlci4=,,,,,W0x1a2llXQpWYW1vcywgcXVhbCBvIHNldSBwcm9ibGVtYT8gVm9jw6ogcG9kZSBiZWJlciBtYWlzIHLDoXBpZG8uIE7Do28gw6kgYm9tIGRlcG9pcyBxdWUgZXNmcmlhLiBTZXUgZXN0w7RtYWdvIGRldmUgdGVyIGVzZnJpYWRvLiBWb2PDqiB0YW1iw6ltIG7Do28gw6kgbmFkYSBzYXVkw6F2ZWwu,,W0x1a2llXQpWYW1vcywgwr9xdcOpIHRlIHBhc2F+PyBQdWVkZXMgYmViZXJsbyB0YW4gcsOhcGlkby4gTm8gZXMgYnVlbm8gZGVzcHXDqXMgZGUgcXVlIHNlIGVuZnLDrWUuIFNlZ3VybyBxdWUgdHUgZXN0w7NtYWdvIHlhIGVzdMOhIGZyw61vLiBUYW1wb2NvIGVzdMOhcyB0YW4gc2FsdWRhYmxlLg==
+CGhBw,,W1Jvb2tpZV0KQ2FuJ3QgeW91IGp1c3QgZHJpbmsgdGhlIHRlYSBiZWZvcmUgbGVhdmluZz8gSSBzdHJ1Z2dsZWQgdG8gZ2V0IHRoaXMgdGVhLi4uIFlvdSBhbHNvIGxpa2VkIGl0Li4u,,,,,W0x1a2llXQpQb2RlbSBhbyBtZW5vcyBiZWJlciBvIGNow6EgYW50ZXMgZGUgcGFydGlyZW0/IEVzc2UgY2jDoSBkZXUgdW0gdHJhYmFsaMOjby4uLiBWb2PDqiB0YW1iw6ltIGdvc3RvdS4uLg==,,W0x1a2llXQrCv05vIHB1ZWRlcyBzaW1wbGVtZW50ZSB0b21hciBlbCB0w6kgYW50ZXMgZGUgaXJ0ZT8gTWUgY29zdMOzIGNvbnNlZ3VpcmxvLi4uIFkgYSB0aSB0YW1iacOpbiB0ZSBndXN0w7MuLi4=
+SGhBw,,W1Jvb2tpZV0KQW5kIGlmIHdlIGZlZWwgdW5jb21mb3J0YWJsZSwgdGhleSBhbHNvIGZlZWwgdW5jb21mb3J0YWJsZS4gU28gaXQncyBub3Qgc3VjaCBhIGJhZCBjb25kaXRpb24uIENvbWUgb24uIERyaW5raW5nIGEgY3VwIG9mIHRlYSBpcyBub3QgYSBoYXJkIHRoaW5nIHRvIGRvLg==,,,,,W0x1a2llXQpFLCBzZSBuw7NzIG5vcyBzZW50aW1vcyBkZXNjb25mb3J0w6F2ZWlzLCBlbnTDo28gZWxlcyB0YW1iw6ltIHNlIHNlbnRlbS4gRW50w6NvIG7Do28gw6kgdW1hIHNpdHVhw6fDo28gdMOjbyBydWltLiBWZW5oYS4gVG9tYXIgdW1hIHjDrWNhcmEgZGUgY2jDoSBuw6NvIMOpIGFsZ28gZGlmw61jaWwu,,W0x1a2llXQpZIHNpIG5vc290cm9zIG5vcyBzZW50aW1vcyBpbmPDs21vZG9zLCBlbGxvcyB0YW1iacOpbiBzZSBzaWVudGVuIGluY8OzbW9kb3MuIEFzw60gcXVlIG5vIGVzIHVuYSBzaXR1YWNpw7NuIHRhbiBtYWxhLiBWYW1vcywgdG9tYXIgdW5hIHRhemEgZGUgdMOpIG5vIGVzIGRpZsOtY2lsLg==
+iGhBw,,Q29tZSB0byB0aGluayBvZiBpdCwgeW91J3JlIHJpZ2h0Lg==,,,,,UGVuc2FuZG8gYmVtLCB2b2PDqiB0ZW0gcmF6w6NvLg==,,QWhvcmEgcXVlIGxvIHBpZW5zbywgdGllbmVzIHJhesOzbi4=
+yGhBw,,W1Nlbmlvcl0KSSBtZWFuLCB0aGUgc3BvaWxlZCBjcm93IG9mIHRoZSBQcmVzaWRlbnQt,,,,,W1ZldGVyYW5vXQpRdWVyIGRpemVyLCBvIGNvcnZvIG1pbWFkbyBkbyBQcmVzaWRlbnRlLi4u,,W1ZldGVyYW5vXQpNZSByZWZpZXJvIGFsIGN1ZXJ2byBtaW1hZG8gZGVsIFByZXNpZGVudGUuLi4=
/CGhBw,,VGhlIGNyb3cgaXMgc29ycnkgdG8gaGVhciB0aGF0Lg==,,,,,TyBjb3J2byBzZW50ZSBtdWl0byBlbSBvdXZpciBpc3NvLg==,,RWwgY3VlcnZvIGxhbWVudGEgb8OtciBlc28u
/SGhBw,,W1Jvb2tpZV0KUGxlYXNlLiBUaGUgdGVhIGlzIGlubm9jZW50LiBIYXZlIGEgcGVhY2VmdWwgdGVhIHRpbWUuIE5ldmVyIGZpZ2h0IGluIGZyb250IG9mIGZvb2QuIFlvdSB0YXVnaHQgbWUgYWxsIHRoZXNlIHdvcmRzLiBEaWRuJ3QgeW91Pw==,,,,,W0x1a2llXQpQb3IgZmF2b3IuIE8gY2jDoSBuw6NvIHRlbSBjdWxwYS4gVmFtb3MgZGVzZnJ1dGFyIGRlIHVtIG1vbWVudG8gdHJhbnF1aWxvLiBOdW5jYSBicmlndWUgbmEgZnJlbnRlIGRhIGNvbWlkYS4gVm9jw6ogbWUgZW5zaW5vdSBpc3NvLiBOw6NvIGZvaT8=,,W0x1a2llXQpQb3IgZmF2b3IuIEVsIHTDqSBubyB0aWVuZSBsYSBjdWxwYS4gRGlzZnJ1dGVtb3MgZGUgdW4gbW9tZW50byB0cmFucXVpbG8uIE51bmNhIHBlbGVlcyBmcmVudGUgYSBsYSBjb21pZGEuIFTDuiBtZSBlbnNlw7Fhc3RlIGVzbywgwr9ubz8=
/iGhBw,,W1Nlbmlvcl0KQWhlbSwgYWhlbS4=,,,,,W1ZldGVyYW5vXQpBaGVtLCBhaGVtLg==,,W1ZldGVyYW5vXQpFamVtLCBlamVtLg==
/yGhBw,,VGhlbiBJJ20gbGVhdmluZyBhZnRlciBkcmlua2luZyB0aGUgdGVhLg==,,,,,RW50w6NvIHZvdSBlbWJvcmEgZGVwb2lzIGRvIGNow6Eu,,RW50b25jZXMsIG1lIHZveSBkZXNwdcOpcyBkZSBiZWJlciBlbCB0w6ku
ACKhBw,,SXQncyBkZWxpY2lvdXMu,,,,,RXN0w6EgdMOjbyBkZWxpY2lvc28u,,RXN0w6EgZGVsaWNpb3NvLg==
ASKhBw,,W0xlaXppXQpXb3d+IFRoaXMgdGVhIGlzIGdyZWF0LiBJdCBtYXRjaGVzIHdlbGwgd2l0aCB0aGlzIHNwZWNpYWx0eSBnb29kLiBUcnkgaXQuIFRoZSBQcmVzaWRlbnQgcHJlcGFyZWQgaXQgZm9yIHlvdS4=,,,,,W05hbGFuZHJvXQpVYXUhIEVzc2UgY2jDoSDDqSBtYXJhdmlsaG9zby4gQ29tYmluYSBwZXJmZWl0YW1lbnRlIGNvbSBlc3NhIGlndWFyaWEuIEV4cGVyaW1lbnRlLiBPIFByZXNpZGVudGUgcHJlcGFyb3UgcGFyYSB2b2PDqi4=,,W0xhenldCsKhV293ISBFc3RlIHTDqSBlcyBtYXJhdmlsbG9zby4gQ29tYmluYSBwZXJmZWN0YW1lbnRlIGNvbiBlc3RhIGRlbGljaWEuIFBydcOpYmFsby4gRWwgUHJlc2lkZW50ZSBsbyBwcmVwYXLDsyBwYXJhIHRpLg==
AiKhBw,,W0xlaXppXQpQbGVhc2UgbGlzdGVuIHRvIG1lLiBJJ20gaGVyZSB0byBhc2sgeW91IGEgdmVyeSBkaWZmaWN1bHQgcmVxdWVzdC4=,,,,,W05hbGFuZHJvXQpQb3IgZmF2b3IsIG1lIGVzY3V0ZS4gRXN0b3UgYXF1aSBwYXJhIGZhemVyIHVtIHBlZGlkbyBtdWl0byBkaWbDrWNpbC4=,,W0xhenldClBvciBmYXZvciwgZXNjw7pjaGVubWUuIEVzdG95IGFxdcOtIHBhcmEgcGVkaXIgYWxnbyBtdXkgZGlmw61jaWwu
AyKhBw,,SSdtIGhlcmUgdG8gYXNrIHlvdSBhIHZlcnkgZGlmZmljdWx0IHJlcXVlc3Qu,,,,,RXN0b3UgYXF1aSBwYXJhIGZhemVyIHVtIHBlZGlkbyBtdWl0byBkaWbDrWNpbC4=,,RXN0b3kgYXF1w60gcGFyYSBwZWRpciBhbGdvIG11eSBkaWbDrWNpbC4=
BCKhBw,,W1Nlbmlvcl0KV2h5IHNob3VsZCB3ZSBhY2NlcHQgYSBkaWZmaWN1bHQgcmVxdWVzdD8=,,,,,W1ZldGVyYW5vXQpQb3IgcXVlIGRldmVyw61hbW9zIGFjZWl0YXIgdW0gcGVkaWRvIGRpZsOtY2lsPw==,,W1ZldGVyYW5vXQrCv1BvciBxdcOpIGRlYmVyw61hbW9zIGFjZXB0YXIgdW5hIHNvbGljaXR1ZCBkaWbDrWNpbD8=
BSKhBw,,UmlnaHQhIElmIHlvdSBrbm93IGl0J3MgZGlmZmljdWx0LCBkb24ndCBhc2sgdXMh,,,,,Q2VydG8hIFNlIMOpIGRpZsOtY2lsLCBuw6NvIG5vcyBwZcOnYSE=,,wqFDaWVydG8hIFNpIHNhYmVzIHF1ZSBlcyBkaWbDrWNpbCwgwqFubyBub3MgcHJlZ3VudGVzIQ==
BiKhBw,,SG9oby0gSXQncyBkZWxpY2lvdXMu,,,,,SGVoZS4uLiBlc3TDoSB1bWEgZGVsw61jaWEu,,wqFKb2pvISBFc3TDoSBkZWxpY2lvc28u
ByKhBw,,W0xlaXppXQpUaGF0J3Mgd2h5IEkgY2FtZSBoZXJlLiBUaGlzIG1pc3Npb24gY2Fubm90IGJlIGFjY29tcGxpc2hlZCBieSBhbnlvbmUgZXhjZXB0IFJlYmVsbGlvbi4gU28gdGhlIFByZXNpZGVudCBzZW50IG1lIGhlcmUu,,,,,W05hbGFuZHJvXQrDiSBwb3IgaXNzbyBxdWUgZXUgdmltIHBhcmEgY8OhLiBFc3NhIG1pc3PDo28gbsOjbyBwb2RlIHNlciByZWFsaXphZGEgcG9yIG5pbmd1w6ltIGFsw6ltIGRhIFJlYmVsacOjby4gUG9yIGlzc28sIG8gUHJlc2lkZW50ZSBtZSBlbnZpb3Uu,,W0xhenldClBvciBlc28sIHZpbmUgYXF1w60uIEVzdGEgbWlzacOzbiBzb2xvIGxhIHB1ZWRlIGN1bXBsaXIgbGEgUmViZWxpw7NuLiBBc8OtIHF1ZSBlbCBwcmVzaWRlbnRlIG1lIGVudmnDsyBhcXXDrS4=
CCKhBw,,W0xlaXppXQpJIHRoaW5rIGl0IHdpbGwgYmUgc3VjaCBhIGNvbmZpZGVudGlhbCBhbmQgY2F1dGlvdXMgc3RvcnkuIFBsZWFzZSB0YWtlIHRoaXMuLi4=,,,,,W05hbGFuZHJvXQpTaW50byBxdWUgc2Vyw6EgdW1hIGhpc3TDs3JpYSBjb25maWRlbmNpYWwgZSBjYXV0ZWxvc2EuIFBvciBmYXZvciwgYWNlaXRlIGlzc28uLi4=,,W0xhenldCkNyZW8gcXVlIHNlcsOhIHVuYSBoaXN0b3JpYSBiYXN0YW50ZSBjb25maWRlbmNpYWwgeSBjYXV0ZWxvc2EuIFBvciBmYXZvciwgdG9tYSBlc3RvLi4u
CSKhBw,,SXQgd2lsbCBtYXRjaCB3ZWxsIHdpdGggdGhlIHRlYS4=,,,,,Q29tYmluYSBwZXJmZWl0YW1lbnRlIGNvbSBvIGNow6Eu,,VmEgbXV5IGJpZW4gY29uIGVsIHTDqS4=
CiKhBw,,W1Nlbmlvcl0KSnVzdCB0ZWxsIHVzIHlvdXIgcG9pbnQu,,,,,W1ZldGVyYW5vXQpWw6EgZGlyZXRvIGFvIHBvbnRvLg==,,W1ZldGVyYW5vXQpEaW5vcyBsbyBxdWUgcXVpZXJlcyBkZWNpci4=
CyKhBw,,W0xlaXppXQpZZXMhIEFsdGhvdWdoIHlvdSBwcmV0ZW5kIG5vdCB0byBrbm93LCBpdCdzIHRoZSBzdG9yeSB5b3UgYWxsIGtub3cu,,,,,W05hbGFuZHJvXQpTaW0hIEFpbmRhIHF1ZSB2b2PDqnMgZmluamFtIG7Do28gc2FiZXIsIMOpIHVtYSBoaXN0w7NyaWEgcXVlIHRvZG9zIGNvbmhlY2VtLg==,,W0xhenldCsKhU8OtISBBdW5xdWUgZmluamFzIG5vIHNhYmVybG8sIGVzIGxhIGhpc3RvcmlhIHF1ZSB0b2RvcyB1c3RlZGVzIGNvbm9jZW4u
DCKhBw,,SSB3aWxsIGV4cGxhaW4gaXQgcmFwaWRseS4=,,,,,RXhwbGljYXJlaSByYXBpZGFtZW50ZS4=,,TG8gZXhwbGljYXLDqSByw6FwaWRhbWVudGUu
DSKhBw,,W0xlaXppXQpUaGUgUHJlc2lkZW50IGNlcnRhaW5seSByZWdyZXRzIHdoYXQgaGFwcGVuZWQgaW4gdGhlIHBhc3QuIEhpcyBleGNlbGxlbmN5IGhhcyBhbHdheXMgYmVlbiB0aGlua2luZyBhYm91dCB5b3UgYW5kIHdhbnRlZCB0byBzdGFydCBhIHRhbGsu,,,,,W05hbGFuZHJvXQpPIFByZXNpZGVudGUgc2UgYXJyZXBlbmRlIGRvIHF1ZSBhY29udGVjZXUgbm8gcGFzc2Fkby4gU3VhIEV4Y2Vsw6puY2lhIHNlbXByZSBwZW5zb3UgZW0gdm9jw6pzLCBlIGRlc2VqYSBpbmljaWFyIHVtIGRpw6Fsb2dvLg==,,W0xhenldCkVsIFByZXNpZGVudGUgcmVhbG1lbnRlIGxhbWVudGEgbG8gcXVlIHBhc8OzIGVuIGVsIHBhc2Fkby4gU3UgZXhjZWxlbmNpYSBzaWVtcHJlIGhhIGVzdGFkbyBwZW5zYW5kbyBlbiB1c3RlZGVzIHkgcXVlcsOtYSBlbnRhYmxhciB1bmEgY2hhcmxhLg==
DiKhBw,,W0xlaXppXQpVcG9uIHlvdXIgYXBwcm92YWwsIGhpcyBleGNlbGxlbmN5IHdhbnRzIHRvIG1lZXQgeW91IGluIHBlcnNvbiwgYXBvbG9naXplLCBhbmQgd2FudHMgdG8gaGF2ZSBhbiBvcHBvcnR1bml0eSB0byBoYXJtb25pemUgd2l0aCB5b3Uu,,,,,W05hbGFuZHJvXQpDb20gc2V1IGNvbnNlbnRpbWVudG8sIFN1YSBFeGNlbMOqbmNpYSBwcmV0ZW5kZSBlbmNvbnRyYXIgdm9jw6pzIHBlc3NvYWxtZW50ZSBwYXJhIHBlZGlyIGRlc2N1bHBhcyBlIHRlciB1bWEgb3BvcnR1bmlkYWRlIGRlIGZhemVyIGEgcGF6ZXMu,,W0xhenldCkNvbiBzdSBwZXJtaXNvLCBTdSBFeGNlbGVuY2lhIHF1aWVyZSByZXVuaXJzZSBjb24gdXN0ZWRlcyBlbiBwZXJzb25hLCBkaXNjdWxwYXJzZSB5IGFwcm92ZWNoYXIgbGEgb3BvcnR1bmlkYWQgcGFyYSBhY2VyY2Fyc2UgYSB1c3RlZGVzLg==
DyKhBw,,W0xlaXppXQpJIHdhcyBhbHNvIGV4dHJlbWVseSBzYWQgdG8gaGVhciB3aGF0IGhhcHBlbmVkIHRvIHlvdS4gQW5kIEkgd2FzIGxvb2tpbmcgZm9yIGEgY2hhbmNlIHRvIG1lZXQgeW91IGFuZCB0YWxrIHRvIHlvdS4=,,,,,W05hbGFuZHJvXQpFdSB0YW1iw6ltIGZpcXVlaSBtdWl0byB0cmlzdGUgcXVhbmRvIHNvdWJlIG8gcXVlIGFjb250ZWNldSBjb20gdm9jw6pzLiBFIGVzdGF2YSBhbnNpb3NvIHBvciB1bWEgY2hhbmNlIGRlIG5vcyBlbmNvbnRyYXJtb3MgcGFyYSBjb252ZXJzYXIu,,W0xhenldClRhbWJpw6luIG1lIHNlbnTDrSBleHRyZW1hZGFtZW50ZSB0cmlzdGUgYWwgZXNjdWNoYXIgbG8gcXVlIGxlcyBwYXPDsy4gWSBlc3RhYmEgYnVzY2FuZG8gbGEgb3BvcnR1bmlkYWQgZGUgZW5jb250cmFybG9zIHkgaGFibGFyIGNvbiB1c3RlZGVzLg==
ECKhBw,,W1Nlbmlvcl0KVGVsbCB1cyB5b3VyIHBvaW50IQ==,,,,,W1ZldGVyYW5vXQpWw6EgZGlyZXRvIGFvIHBvbnRvIQ==,,W1ZldGVyYW5vXQrCoVZlIGRpcmVjdG8gYWwgZ3Jhbm8h
ESKhBw,,W0xlaXppXQpZb3UgYXJlIHNvIGNvb2wuIEkgbGlrZSBpdC4gVGhlbiBJIHdpbGwgZ2V0IGRvd24gdG8gdGhlIGJ1c2luZXNzLg==,,,,,W05hbGFuZHJvXQpWb2PDqiDDqSBtdWl0byBsZWdhbC4gR29zdGVpIGRpc3NvLiBFbnTDo28gdm91IGRpcmV0byBhbyBwb250by4=,,W0xhenldCiJTb24gZ2VuaWFsZXMuIE1lIGd1c3RhLiBFbnRvbmNlcywgaXLDqSBhbCBncmFuby4=
EiKhBw,,WW91IGFyZSBzbyBjb29sLiBJIGxpa2UgaXQu,,,,,Vm9jw6ogw6kgbXVpdG8gbGVnYWwuIEdvc3RlaSBkaXNzby4=,,RXJlcyBnZW5pYWwuIE1lIGd1c3RhLg==
EyKhBw,,W0xlaXppIGJlZ2FuIHRvIHRhbGsgYWJvdXQgd2hhdCBoYXBwZW5lZCByZWNlbnRseSBhbmQgdGhlIHJlcXVlc3Qgb2YgdGhlIFByZXNpZGVudC5d,,,,,W05hbGFuZHJvIGNvbWXDp2EgYSBmYWxhciBzb2JyZSBvcyBhY29udGVjaW1lbnRvcyByZWNlbnRlcyBlIHNvYnJlIG8gcGVkaWRvIGRvIFByZXNpZGVudGUuXQ==,,W0xhenkgZW1wZXrDsyBhIGhhYmxhciBkZSBsbyBxdWUgaGFiw61hIG9jdXJyaWRvIHJlY2llbnRlbWVudGUgeSBkZSBsYSBzb2xpY2l0dWQgZGVsIHByZXNpZGVudGUuXQ==
FCKhBw,,W1Nlbmlvcl0KSSBzZWUuIEJ1dCBpdCdzIHlvdXIgYnVzaW5lc3MgYW5kIEkgZG9uJ3QgZ2V0IHdoeSB3ZSBzaG91bGQgaGVscCB5b3UuIERvIEk/,,,,,W1ZldGVyYW5vXQpFbnRlbmRpLiBNYXMgaXNzbyBuw6NvIMOpIHByb2JsZW1hIG5vc3NvLCBlIG7Do28gdmVqbyBwb3IgcXVlIGRldmVyw61hbW9zIGFqdWRhci4gTsOjbyDDqT8=,,W1ZldGVyYW5vXQpZYSB2ZW8uIFBlcm8gZXMgdHUgYXN1bnRvIHkgbm8gZW50aWVuZG8gcG9yIHF1w6kgZGViZXLDrWFtb3MgYXl1ZGFydGUuIMK/VmVyZGFkPw==
FSKhBw,,SSBkb24ndCBnZXQgd2h5IHdlIHNob3VsZCBoZWxwIHlvdS4gRG8gST8=,,,,,TsOjbyB2ZWpvIHBvciBxdWUgZGV2ZXLDrWFtb3MgYWp1ZGFyIHZvY8Oqcy4gTsOjbyDDqT8=,,Tm8gZW50aWVuZG8gcG9yIHF1w6kgZGViZXLDrWFtb3MgYXl1ZGFydGUuIMK/VmVyZGFkPw==
FiKhBw,,W1Nlbmlvcl0KWW91IGlnbm9yZWQgdXMgd2hlbiB3ZSB3ZXJlIGluIHRyb3VibGUuIEFuZCB5b3UgYXJlIGFza2luZyBmb3IgaGVscCBub3c/IEhvdyBjYW4geW91IGRvIHRoYXQ/,,,,,W1ZldGVyYW5vXQpWb2PDqnMgbm9zIGlnbm9yYXJhbSBxdWFuZG8gZXN0w6F2YW1vcyBlbSBhcHVyb3MuIEUgYWdvcmEsIGVzdMOjbyBwZWRpZG8gbm9zc2EgYWp1ZGE/IENvbW8gcG9kZW0gZmF6ZXIgaXNzbz8=,,W1ZldGVyYW5vXQpOb3MgaWdub3Jhc3RlIGN1YW5kbyB0ZW7DrWFtb3MgcHJvYmxlbWFzLiDCv1kgYWhvcmEgcGlkZXMgYXl1ZGE/IMK/Q8OzbW8gcHVlZGVzIGhhY2VyIGVzbz8=
FyKhBw,,WW91IHVzZWQgdG8gaWdub3JlIHVzIGFuZCB5b3UgYXJlIGFza2luZyBmb3IgaGVscCBub3c/IEhvdyBjYW4geW91IGRvIHRoYXQ/,,,,,Vm9jw6pzIG5vcyBpZ25vcmF2YW0gYW50ZXMsIGUgYWdvcmEgZXN0w6NvIHBlZGluZG8gbm9zc2EgYWp1ZGE/IENvbW8gcG9kZW0gZmF6ZXIgaXNzbz8=,,wr9BbnRlcyBub3MgaWdub3JhYmFzIHkgYWhvcmEgcGlkZXMgYXl1ZGE/IMK/Q8OzbW8gcHVlZGVzIGhhY2VyIGVzbz8=
GCKhBw,,W1Nlbmlvcl0KU291bmRzIGxpa2UgYSBidW5jaCBvZiBub25zZW5zZS4gSSBkb24ndCB3YW50IHRvIGxpc3RlbiBhbnkgbW9yZS4=,,,,,W1ZldGVyYW5vXQpQYXJlY2UgdW0gbW9udGUgZGUgYmVzdGVpcmEuIE7Do28gcXVlcm8gbWFpcyBvdXZpciBpc3NvLg==,,W1ZldGVyYW5vXQpQYXJlY2UgdW4gbW9udMOzbiBkZSB0b250ZXLDrWFzLiBObyBxdWllcm8gZXNjdWNoYXIgbcOhcy4=
GSKhBw,,V2UgZG9uJ3QgbmVlZCB0byBsaXN0ZW4gYW55IG1vcmUu,,,,,TsOjbyBwcmVjaXNhbW9zIG91dmlyIG1haXMu,,Tm8gaGFjZSBmYWx0YSBxdWUgc2lnYW1vcyBlc2N1Y2hhbmRvLg==
GiKhBw,,W0xlaXppXQpUaGF0IHdvbid0IGhhcm0geW91IHVuZGVyIGFueSBjaXJjdW1zdGFuY2VzIQ==,,,,,W05hbGFuZHJvXQpOYWRhIGRlIG1hdSBhY29udGVjZXLDoSBjb20gdm9jw6pzIHNvYiBuZW5odW1hIGNpcmN1bnN0w6JuY2lhIQ==,,W0xhenldCsKhRXNvIG5vIGxvcyBwZXJqdWRpY2Fyw6EgZGUgbmluZ3VuYSBtYW5lcmEh
GyKhBw,,W0xlaXppXQpUaGUgYWR2ZW50dXJlciBhcHByb3ZlZCBieSB0aGUgcm95YWwgZmFtaWx5IG9mIFJ1bmUgTWlkZ2FyZCBpcyB0b2dldGhlciB3aXRoIHVzIGluIHRoaXMgbWlzc2lvbi4=,,,,,W05hbGFuZHJvXQpFc3NhIHBlc3NvYSBmb2kgYXByb3ZhZGEgcGVsYSBmYW3DrWxpYSByZWFsIGRlIFJ1bmUtTWlkZ2FyZCBlIGVzdMOhIGp1bnRvIGNvbm9zY28gbmVzdGEgbWlzc8Ojby4=,,W0xhenldCkVsIHRyb3RhbXVuZG9zIGFwcm9iYWRvIHBvciBsYSBmYW1pbGlhIHJlYWwgZGUgUnVuZSBNaWRnYXJ0cyBlc3TDoSBjb24gbm9zb3Ryb3MgZW4gZXN0YSBtaXNpw7NuLg==
HCKhBw,,W0xlaXppXQpXaXRoIHRoZSBjb29wZXJhdGlvbiBvZiBTY2h3YXJ0endhbGQgUHJlc2lkZW50IGFuZCBSdW5lIE1pZGdhcmQgS2luZ2RvbSwgeW91IGNhbiBub3cgdXNlIHRoZSBwb3dlciBvZiB0aGUgYWR2ZW50dXJlci4=,,,,,W05hbGFuZHJvXQpDb20gYSBjb29wZXJhw6fDo28gZW50cmUgbyBQcmVzaWRlbnRlIGRlIFNjaHdhcnR6d2FsZCBlIG8gUmVpbm8gZGUgUnVuZS1NaWRnYXJkLCBhZ29yYSB2b2PDqiB0ZW0gbyBwb2RlciBkZSB1bSBhdmVudHVyZWlyby4=,,W0xhenldCkNvbiBsYSBjb29wZXJhY2nDs24gZGVsIHByZXNpZGVudGUgZGUgU2Nod2FyendhbGQgeSBkZWwgcmVpbm8gZGUgUnVuZS1NaWRnYXJ0cywgYWhvcmEgcHVlZGVuIGNvbnRhciBjb24gZWwgcG9kZXIgZGVsIHRyb3RhbXVuZG9zLg==
HSKhBw,,QWx0aG91Z2ggeW91IGRvbid0IHRydXN0IG1lLCBwbGVhc2UgdHJ1c3QgdGhlIGFkdmVudHVyZXIh,,,,,TWVzbW8gcXVlIG7Do28gY29uZmllIGVtIG1pbSwgY29uZmllIG5vIGF2ZW50dXJlaXJvIQ==,,QXVucXVlIG5vIGNvbmbDrWVuIGVuIG3DrSwgwqFwb3IgZmF2b3IsIGNvbmbDrWVuIGVuIGVsIHRyb3RhbXVuZG9zIQ==
HiKhBw,,W1Nlbmlvcl0KV2h5IHdvdWxkIHdlIG5lZWQgdGhlIHBvd2VyIG9mIHRoZSBhZHZlbnR1cmVyPw==,,,,,W1ZldGVyYW5vXQpQb3IgcXVlIHByZWNpc2Fyw61hbW9zIGRvIHBvZGVyIGRlIHVtIGF2ZW50dXJlaXJvPw==,,W1ZldGVyYW5vXQrCv1BhcmEgcXXDqSBuZWNlc2l0YW1vcyBlbCBwb2RlciBkZWwgdHJvdGFtdW5kb3M/
HyKhBw,,V2UgYXJlIGFsbCByaWdodCB3aXRoIG91ciBwb3dlciBvbmx5Lg==,,,,,RXN0YW1vcyBiZW0gY29tIG8gbm9zc28gcHLDs3ByaW8gcG9kZXIu,,RXN0YW1vcyBiaWVuIHNvbG8gY29uIG51ZXN0cm8gcG9kZXIu
ICKhBw,,W1Nlbmlvcl0KSG93IGNhbiB3ZSB0cnVzdCBhIHN0cmFuZ2VyPyBBcmUgeW91IGdvaW5nIHRvIHN0YWIgdXMgaW4gdGhlIGJhY2sgYWdhaW4/,,,,,W1ZldGVyYW5vXQpDb21vIHBvZGVtb3MgY29uZmlhciBlbSB1bSBlc3RyYW5obz8gVm9jw6pzIHbDo28gbm9zIGFwdW5oYWxhciBwZWxhcyBjb3N0YXMgbm92YW1lbnRlPw==,,W1ZldGVyYW5vXQrCv0PDs21vIHBvZGVtb3MgY29uZmlhciBlbiB1biBleHRyYcOxbz8gwr9WYW4gYSBhcHXDsWFsYXJub3MgcG9yIGxhIGVzcGFsZGEgb3RyYSB2ZXo/
ISKhBw,,WW91IGRpZCBpdCBvbmNlLiBIb3cgY2FuIHdlIGJlbGlldmUgdGhhdCB5b3Ugd29uJ3QgZG8gaXQgYWdhaW4/,,,,,SsOhIGZpemVyYW0gaXNzbyB1bWEgdmV6LiBDb21vIGFjcmVkaXRhciBxdWUgbsOjbyBvIGZhcsOjbyBkZSBub3ZvPw==,,WWEgbG8gaGljaWVyb24gdW5hIHZlei4gwr9Dw7NtbyBwb2RlbW9zIGNyZWVyIHF1ZSBubyBsbyBoYXLDoW4gZGUgbnVldm8/
IiKhBw,,W0xlaXppXQpUaGlzIGlzIHlvdXIgb3Bwb3J0dW5pdHkuIEFsb25nIHdpdGggdGhpcyBjb29wZXJhdGlvbiwgeW91IGNhbiBlbGltaW5hdGUgdGhlIGRpc2hvbm9yIQ==,,,,,W05hbGFuZHJvXQpFc3RhIMOpIHN1YSBjaGFuY2UuIENvbSBlc3NhIGNvb3BlcmHDp8Ojbywgdm9jw6pzIHBvZGVtIHNhaXIgZGEgZGVzb25yYSE=,,W0xhenldCsKhRXN0YSBlcyBzdSBvcG9ydHVuaWRhZCEgwqFTaSBjb29wZXJhbiwgcmVjdXBlcmFyw6FuIHN1IGhvbm9yIQ==
IyKhBw,,RG8gd2UgaGF2ZSBhbnkgZGlzaG9ub3I/,,,,,RXN0YW1vcyBlbSBkZXNvbnJhPw==,,wr9EZXNob25yYT8gwr9Ob3NvdHJvcz8=
JCKhBw,,V2hhdCB0aGUgaGVsbCBpcyBoZSB0YWxraW5nIGFib3V0Pw==,,,,,RG8gcXVlIGRpYWJvcyB2b2PDqiBlc3TDoSBmYWxhbmRvPw==,,wr9EZSBxdcOpIGRlbW9uaW9zIGVzdMOhcyBoYWJsYW5kbz8=
JSKhBw,,W0xlaXppXQpJZiB5b3UgY2Fubm90IHRydXN0IHRoZSBQcmVzaWRlbnQsIHBsZWFzZSB0cnVzdCB0aGUgYWR2ZW50dXJlciBhbmQgdGhlIHJveWFsIGZhbWlseSBvZiBSdW5lIE1pZGdhcmQuIFRoZXkgaGF2ZSBhbHJlYWR5IHByb21pc2VkIGEgZnVsbCBzdXBwb3J0Lg==,,,,,W05hbGFuZHJvXQpTZSB2b2PDqnMgbsOjbyBjb25maWFtIG5vIFByZXNpZGVudGUsIGNvbmZpZW0gbm8gYXZlbnR1cmVpcm8gZSBuYSBmYW3DrWxpYSByZWFsIGRlIFJ1bmUtTWlkZ2FyZC4gRWxlcyBqw6EgcHJvbWV0ZXJhbSB0b3RhbCBhcG9pby4=,,W0xhenldClNpIG5vIHB1ZWRlbiBjb25maWFyIGVuIGVsIHByZXNpZGVudGUsIGNvbmbDrWVuIGVuIGVsIHRyb3RhbXVuZG9zIHkgZW4gbGEgZmFtaWxpYSByZWFsIGRlIFJ1bmUtTWlkZ2FydHMuIFlhIGhhbiBwcm9tZXRpZG8gc3UgYXBveW8gdG90YWwu
JiKhBw,,W0xlaXppXQpDb21lIG9uLCBzYXkgc29tdGhpbmcu,,,,,W05hbGFuZHJvXQpWYW1vcywgZGlnYW0gYWxndW1hIGNvaXNhLg==,,W0xhenldClZhbW9zLCBkaWdhbiBhbGdvLg==
JyKhBw,,SGF2ZSBhIHNlbnNlIQ==,,,,,U2VqYW0gc2Vuc2F0b3Mh,,wqFTZWFuIHNlbnNhdG9zIQ==
KCKhBw,,W3swfV0KVGhhdCdzIHJpZ2h0ISBJZiB5b3UgbmVlZCBteSBoZWxwLCBJIHdpbGwgc3VwcG9ydCB5b3UgYWN0aXZlbHku,,,,,W3swfV0KSXNzbyBtZXNtbyEgU2UgcHJlY2lzYXJlbSBkYSBtaW5oYSBhanVkYSwgZXUgb3MgYXBvaWFyZWkgYXRpdmFtZW50ZS4=,,W3swfV0KwqFBc8OtIGVzISBTaSBuZWNlc2l0YW4gbWkgYXl1ZGEsIGxvcyBhcG95YXLDqSBhY3RpdmFtZW50ZS4=
KSKhBw,,WW91IGNhbiB1dGlsaXplIGV2ZXJ5dGhpbmcgSSBoYXZlIQ==,,,,,VHVkbyBvIHF1ZSB0ZW5obyBlc3TDoSBhIHNldSBkaXNwb3Ih,,wqFQdWVkZW4gdXNhciB0b2RvIGxvIHF1ZSB0ZW5nbyE=
KiKhBw,,W1Nlbmlvcl0KVGhpcyBpcyBub3QgYSBtYXR0ZXIgb2YgYmVuZWZpdHMuIEl0J3MgYWJvdXQgb3VyIGZlZWxpbmch,,,,,W1ZldGVyYW5vXQpOw6NvIMOpIHVtYSBxdWVzdMOjbyBkZSBiZW5lZsOtY2lvcy4gw4kgc29icmUgbm9zc29zIHNlbnRpbWVudG9zIQ==,,W1ZldGVyYW5vXQrCoUVzdG8gbm8gZXMgdW5hIGN1ZXN0acOzbiBkZSBiZW5lZmljaW9zLCBzaW5vIGRlIHNlbnRpbWllbnRvcyE=
KyKhBw,,W1Nlbmlvcl0KTHVja3ksIHRoYW5rcyBmb3IgdGhlIHRlYS4gU2VuZCB0aGVtIG5vdy4gTGV0IHRoZSBjcm93IGdvIGJhY2sgdG8gaXRzIG5lc3Qu,,,,,W1ZldGVyYW5vXQpMdWNreSwgYWdyYWRlw6dvIHBlbG8gY2jDoS4gQWdvcmEsIG1hbmRlLW9zIGVtYm9yYS4gRGVpeGUgbyBjb3J2byB2b2x0YXIgcGFyYSBvIHNldSBuaW5oby4=,,W1ZldGVyYW5vXQpMdWNreSwgZ3JhY2lhcyBwb3IgZWwgdMOpLiBNw6FuZGFsb3MgZGUgdnVlbHRhLiBRdWUgZWwgY3VlcnZvIHJlZ3Jlc2UgYSBzdSBuaWRvLg==
LCKhBw,,TWFrZSBzdXJlIHRoZXkgbmV2ZXIgY29tZSBiYWNrISE=,,,,,RSBjZXJ0aWZpcXVlLXNlIGRlIHF1ZSBlbGUgbnVuY2EgbWFpcyB2b2x0ZSE=,,wqFBc2Vnw7pyYXRlIGRlIHF1ZSBudW5jYSByZWdyZXNlbiE=
LSKhBw,,W1Nlbmlvcl0KV2Ugd2lsbCBuZXZlciBzZWUgdGhlbSBhZ2Fpbi4gU28gc2VuZCB0aGVtIGdlbnRseS4gUm9va2llLg==,,,,,W1ZldGVyYW5vXQpOw7NzIG51bmNhIG1haXMgb3MgdmVyZW1vcy4gRW50w6NvIG1hbmRlLW9zIGVtYm9yYSBnZW50aWxtZW50ZS4gTHVraWUu,,W1ZldGVyYW5vXQpOdW5jYSBsb3Mgdm9sdmVyZW1vcyBhIHZlci4gQXPDrSBxdWUgc8OhY2Fsb3MgYW1hYmxlbWVudGUuIEx1a2llLg==
LiKhBw,,RG8gbm90IG1ha2UgYW55IGZ1c3Mu,,,,,TsOjbyBjYXVzZSBwcm9ibGVtYXMu,,Tm8gaGFnYXMgbmluZ8O6biBhbGJvcm90by4=
LyKhBw,,W0xlaXppXQpQbGVhc2UsIHlvdSBjYW4ndCBsZWF2ZSBsaWtlIHRoaXMuLi4hISE=,,,,,W05hbGFuZHJvXQpQb3IgZmF2b3IsIG7Do28gcG9kZW0gaXIgZW1ib3JhIGFzc2ltISEh,,W0xhenldCsKhUG9yIGZhdm9yLCBubyBwdWVkZW4gaXJzZSBhc8OtLi4uIQ==
MCKhBw,,W0xlaXppXQpIbW0uLi4gSSBrbmV3IGl0IHdvdWxkIGJlIGRpZmZpY3VsdC4gQnV0IEknbSBzdXJwcmlzZWQgdGhhdCB0aGV5IGFyZSBub3QgZXZlbiBsaXN0ZW5pbmcgdG8gbWUu,,,,,W05hbGFuZHJvXQpIbW0uLi4gRXUgc2FiaWEgcXVlIHNlcmlhIGRpZsOtY2lsLiBNYXMgZXN0b3Ugc3VycHJlc28gcG9yIGVsZXMgbmVtIGFvIG1lbm9zIHRlcmVtIG1lIGVzY3V0YWRvLg==,,W0xhenldCkhtbS4uLiBTYWLDrWEgcXVlIHNlcsOtYSBkaWbDrWNpbC4gUGVybyBtZSBzb3JwcmVuZGUgcXVlIG5pIHNpcXVpZXJhIG1lIGVzY3VjaGVuLg==
MSKhBw,,W1Jvb2tpZV0KUGhldy4gVGhlc2Ugb2xkIG1lbiB3aWxsIG5ldmVyIGNoYW5nZS4=,,,,,W0x1a2llXQpBaSwgYWkuIEVzc2VzIHZlbGhvcyBudW5jYSB2w6NvIG11ZGFyLg==,,W0x1a2llXQpVZmYuIEVzdG9zIHZpZWpvcyBudW5jYSB2YW4gYSBjYW1iaWFyLg==
MiKhBw,,UGVyaGFwcyBhbiBpbmNvbnZlbmllbmNlIGlzIHRoZWlyIG1vdHRvLg==,,,,,VGFsdmV6IGVsZXMgZ29zdGVtIGRlIHNlciBpbmNvbnZlbmllbnRlcy4=,,UGFyZWNlIHF1ZSB2aXZpciBtb2xlc3RvcyBlcyBzdSBsZW1hLg==
MyKhBw,,W0xlaXppXQpZb3VyIG5hbWUgaXMgUm9va2llLiBSaWdodD8=,,,,,W05hbGFuZHJvXQpTZXUgbm9tZSDDqSBMdWtpZS4gQ2VydG8/,,W0xhenldClR1IG5vbWJyZSBlcyBMdWtpZS4gwr9jaWVydG8/
NCKhBw,,W1Jvb2tpZV0KWW91IGtub3cgaXQgYWxyZWFkeS4gV2h5IGRvIHlvdSBhc2s/,,,,,W0x1a2llXQpWb2PDqiBqw6Egc2FiZSBkaXNzby4gUG9yIHF1ZSBwZXJndW50YT8=,,W0x1a2llXQpZYSBsbyBzYWJlcy4gwr9Qb3IgcXXDqSBsbyBwcmVndW50YXM/
NSKhBw,,WW91IGhhdmUgYSBzdHJhbmdlIGhhYml0Lg==,,,,,Vm9jw6ogdGVtIHVtIGjDoWJpdG8gZXN0cmFuaG8u,,VGllbmVzIHVuYSBleHRyYcOxYSBjb3N0dW1icmUu
NiKhBw,,W0xlaXppXQpTb3JyeS4gSSBndWVzcyBJIG1hZGUgYSB3cm9uZyBqdWRnbWVudC4gSSBzaG91bGQgaGF2ZSBjb2xsZWN0ZWQgbW9yZSBhY2N1cmF0ZSBpbmZvcm1hdGlvbi4=,,,,,W05hbGFuZHJvXQpEZXNjdWxwZS4gQWNobyBxdWUgZW50ZW5kaSBlcnJhZG8uIERldmVyaWEgdGVyIGNvbGV0YWRvIGluZm9ybWHDp8O1ZXMgbWFpcyBwcmVjaXNhcy4=,,W0xhenldClBlcmTDs24uLi4gc3Vwb25nbyBxdWUgbG9zIGp1emd1w6kgbWFsLiBEZWJlcsOtYSBoYWJlciBidXNjYWRvIGluZm9ybWFjacOzbiBtw6FzIHByZWNpc2Eu
NyKhBw,,W3swfV0KV2hhdCdzIHdyb25nIHdpdGggeW91PyBZb3UgbWFrZSBtZSBuZXJ2b3VzLg==,,,,,W3swfV0KUXVhbCBvIHNldSBwcm9ibGVtYT8gRXN0b3UgY29tZcOnYW5kbyBhIHN1YXIgZGUgbmVydm9zaXNtby4=,,W3swfV0Kwr9RdcOpIHRlIHBhc2E/IMKhTWUgZGEgbmVydmlvcyE=
OCKhBw,,V2hlcmUncyB5b3VyIGNvbmZpZGVuY2Uh,,,,,T25kZSBlc3TDoSBzdWEgY29uZmlhbsOnYT8=,,wr9Ew7NuZGUgZXN0w6EgdHUgY29uZmlhbnphPw==
OSKhBw,,W0xlaXppXQpCZWZvcmUgSSBjYW1lIGhlcmUsIEkga25ldyBwZW9wbGUgd2hvIHdlcmUgc2l0dGluZyBoZXJlIGhhZCB0aGUgYXV0aG9yaXR5LCBidXQgSSBub3cgcmVhbGl6ZSB0aGF0IGl0IGlzIGEgbGl0dGxlIGRpZmZlcmVudC4=,,,,,W05hbGFuZHJvXQpBbnRlcyBkZSB2aXIsIGV1IGNvbmhlY2kgcGVzc29hcyBxdWUgYWNyZWRpdGF2YSB0ZXJlbSBhdXRvcmlkYWRlIGFxdWksIG1hcyBhZ29yYSBwZXJjZWJvIHF1ZSBhcyBjb2lzYXMgc8OjbyB1bSBwb3VjbyBkaWZlcmVudGUu,,W0xhenldCkFudGVzIGRlIHZlbmlyIGFxdcOtLCBzYWLDrWEgcXVlIGxhcyBwZXJzb25hcyBzZW50YWRhcyBlbiBlc3RlIGx1Z2FyIHRlbsOtYW4gbGEgYXV0b3JpZGFkLCBwZXJvIGFob3JhIG1lIGRveSBjdWVudGEgZGUgcXVlIGVzIHVuIHBvY28gZGlmZXJlbnRlLg==
OiKhBw,,W0xlaXppXQpVbmxlc3MgeW91IGxpdmUgaGVyZSwgaXQncyBoYXJkIHRvIGZpbmQgb3V0IHdobyBoYXMgdGhlIGF1dGhvcml0eS4=,,,,,W05hbGFuZHJvXQpOw6NvIMOpIHBvc3PDrXZlbCBzYWJlciBxdWVtIHRlbSBhdXRvcmlkYWRlIGEgbWVub3MgcXVlIHZvY8OqIHZpdmEgYXF1aS4=,,W0xhenldClNpIG5vIHZpdmVzIGFxdcOtLCBlcyBkaWbDrWNpbCBzYWJlciBxdWnDqW4gdGllbmUgcmVhbG1lbnRlIGxhIGF1dG9yaWRhZC4=
OyKhBw,,W1Jvb2tpZV0KSSBkb24ndCBrbm93IHdoYXQgeW91IGFyZSB0YWxraW5nIGFib3V0LiBJZiB5b3UgZmluaXNoZWQgZHJpbmtpbmcgdGhlIHRlYSwgcGxlYXNlIGxlYXZlLg==,,,,,W0x1a2llXQpOw6NvIHNlaSBkbyBxdWUgdm9jw6ogZXN0w6EgZmFsYW5kby4gU2UgasOhIHRlcm1pbm91IG8gc2V1IGNow6EsIHBvZGUgc2UgcmV0aXJhci4=,,W0x1a2llXQpObyBzw6kgZGUgcXXDqSBoYWJsYXMuIFNpIHlhIHRlcm1pbmFzdGUgZWwgdMOpLCB0ZSBwaWRvIHF1ZSB0ZSB2YXlhcy4=
PCKhBw,,SSBoYXZlIHNvIG1hbnkgdGhpbmdzIHRvIGRvLg==,,,,,VGVuaG8gbXVpdG8gbyBxdWUgZmF6ZXIu,,VGVuZ28gbXVjaGFzIGNvc2FzIHF1ZSBoYWNlci4=
PSKhBw,,W0xlaXppXQpSb29raWUsIHBsZWFzZSBoZWxwIHVzLiBJZiB5b3UgdGhpbmsgYWJvdXQgaXQsIHlvdSBjYW4gdGVsbCB0aGF0IGl0J3MgYSB3aW4td2luIHByb3Bvc2l0aW9uLiBZb3UgZG9uJ3Qgd2FudCB0byBoaWRlIHlvdXJzZWxmIGluIHRoaXMgY29ybmVyIG9mIHRoZSB3b29kcyBmb3JldmVyLCBkbyB5b3U/,,,,,W05hbGFuZHJvXQpMdWtpZSwgcG9yIGZhdm9yLCBub3MgYWp1ZGUuIFNlIHBlbnNhciBiZW0sIHBlcmNlYmVyw6EgcXVlIG7Do28gaMOhIG8gcXVlIHBlcmRlciBjb20gZXNzYSBwcm9wb3N0YS4gVm9jw6ogbsOjbyBxdWVyIGZpY2FyIHNlIGVzY29uZGVuZG8gbm8gbWVpbyBkbyBtYXRvIHBhcmEgc2VtcHJlLCBxdWVyPw==,,W0xhenldCkx1a2llLCBhecO6ZGFub3MuIHZlcsOhcyBxdWUgZXMgdW5hIHByb3B1ZXN0YSBlbiBsYSBxdWUgdG9kb3MgZ2FuYW1vcy4gTm8gcXVlcnLDoXMgZXNjb25kZXJ0ZSBwYXJhIHNpZW1wcmUgZW4gZXN0ZSByaW5jw7NuIGRlbCBib3NxdWUsIMK/dmVyZGFkPw==
PiKhBw,,W0xlaXppXQpZb3Uga25vdyB0aGF0IHRoaXMgaXMgdGhlIG9wcG9ydHVuaXR5IHRvIHRha2UgYWR2YW50YWdlIG9mIHRoZSBnb3Zlcm5tZW50J3Mgc3VwcG9ydCBhbmQgY29tcGFzc2lvbiBmb3IgeW91LiBJdCB3aWxsIHByb3ZpZGUgYmV0dGVyIGZ1bmRhbWVudGFscyBmb3IgUmViZWxsaW9ucy4=,,,,,W05hbGFuZHJvXQpTYWJlIHF1ZSBlc3NhIMOpIHVtYSBvcG9ydHVuaWRhZGUgZGUgYXByb3ZlaXRhciBvIGFwb2lvIGUgYSBjb21wYWl4w6NvIGRvIGdvdmVybm8gcG9yIHZvY8Oqcy4gSXNzbyBkYXLDoSBtYWlzIGZvcsOnYSBhb3MgSW5zdXJnZW50ZXMu,,W0xhenldClNhYmVzIHF1ZSBlc3RhIGVzIGxhIG9wb3J0dW5pZGFkIGRlIGFwcm92ZWNoYXIgZWwgYXBveW8geSBsYSBjb21wYXNpw7NuIHF1ZSB0ZSBlc3TDoSBvZnJlY2llbmRvIGVsIGdvYmllcm5vLiBFc28gbGVzIGRhcsOhIHVuYSBtZWpvciBiYXNlIHBhcmEgbGEgUmViZWxpw7NuLg==
PyKhBw,,W0xlaXppXQpJZiB0aGlzIHdvcmtzIHdlbGwuIHlvdSdsbCBiZSBmcmVlIHRvIHdvcmsgaW4gU2Nod2FydHp3YWxkIGFuZCBSdW5lIE1pZGdhcmQu,,,,,W05hbGFuZHJvXQpTZSB0dWRvIGNvcnJlciBiZW0sIHZvY8OqcyBzZXLDo28gbGl2cmVzIHBhcmEgdHJhYmFsaGFyIGVtIFNjaHdhcnR6d2FsZCBlIFJ1bmUtTWlkZ2FyZC4=,,W0xhenldClNpIGVzdG8gc2FsZSBiaWVuLCBwb2Ryw6FzIHRyYWJhamFyIGVuIFNjaHdhcnp3YWxkIHkgUnVuZS1NaWRnYXJ0cy4=
QCKhBw,,W0xlaXppXQpMb29rIGF0IHRoaXMgcGxhY2UuIEl0J3MganVzdCBhIHRpbnkgc2hvcC4gQ2FuIHlvdSBjYWxsIGl0IGhlYWRxdWFydGVycz8gRG9uJ3QgeW91IHdhbnQgdG8gcmVjbGFpbSB5b3VyIGdsb3J5Pw==,,,,,W05hbGFuZHJvXQpPbGhlIHBhcmEgZXN0ZSBsdWdhci4gw4kgYXBlbmFzIHVtYSBsb2phIG1pbsO6c2N1bGEuIENoYW1hIGlzc28gZGUgcXVhcnRlbC1nZW5lcmFsPyBWb2PDqiBuw6NvIGdvc3RhcmlhIGRlIHJlY29ucXVpc3RhciBzdWEgZ2zDs3JpYT8=,,W0xhenldCk1pcmEgZXN0ZSBsdWdhci4gRXMgc29sbyB1bmEgdGllbmRpdGEuIMK/UHVlZGVzIGxsYW1hcmxhIHVuIGN1YXJ0ZWwgZ2VuZXJhbD8gwr9ObyBxdWllcmVzIHJlY3VwZXJhciB0dSBnbG9yaWE/
QSKhBw,,SXQncyBmcnVzdHJhdGluZyB0byBsaXZlIGxpa2UgdGhpcy4gSXNuJ3QgaXQ/,,,,,w4kgZnJ1c3RyYW50ZSB2aXZlciBhc3NpbS4gTsOjbyDDqT8=,,RXMgZnJ1c3RyYW50ZSB2aXZpciBhc8OtLiDCv1ZlcmRhZCBxdWUgc8OtPw==
QiKhBw,,W1Jvb2tpZV0KQW5kIHdoZW4gd2UgYXJlIGluIHRyb3VibGUsIHlvdSdsbCBhYmFuZG9uIHVzIGFnYWluLiBUaGVyZSBhcmUgc3RpbGwgbWFueSBwZW9wbGUgd2hvIGhhdmVuJ3Qgd2FzaGVkIHRoZSB3b3VuZCBmcm9tIHdoYXQgaGFwcGVuZWQgaW4gdGhlIHBhc3QuIERvIHlvdSByZWFsbHkgdGhpbmsgdGhleSdsbCBoZWxwIHlvdT8=,,,,,W0x1a2llXQpFLCBxdWFuZG8gZXN0aXZlcm1vcyBlbSBhcHVyb3MsIHZvY8OqcyBub3MgYWJhbmRvbmFyw6NvIG5vdmFtZW50ZS4gQWluZGEgaMOhIHBlc3NvYXMgY29tIGZlcmlkYXMgcHJvZnVuZGFzIGdyYcOnYXMgYW8gcXVlIGFjb250ZWNldSBubyBwYXNzYWRvLiBBY2hhIG1lc21vIHF1ZSB2w6NvIGFqdWRhciB2b2PDqj8=,,W0x1a2llXQpZIGN1YW5kbyB0ZW5nYW1vcyBwcm9ibGVtYXMsIG5vcyBhYmFuZG9uYXLDoXMgb3RyYSB2ZXouIFRvZGF2w61hIGhheSBtdWNoYXMgcGVyc29uYXMgcXVlIG5vIGhhbiBzYW5hZG8gbGFzIGhlcmlkYXMgZGUgbG8gcXVlIHBhc8OzIGVuIGVsIHBhc2Fkby4gwr9EZSB2ZXJkYWQgY3JlZXMgcXVlIHRlIHZhbiBhIGF5dWRhcj8=
QyKhBw,,QWx0aG91Z2ggSSB3YXNuJ3QgZGlyZWN0bHkgaW52b2x2ZWQgaW4gaXQsIEkgZG9uJ3Qgd2FudCB0byBoZWxwIHlvdSBlaXRoZXIu,,,,,RXUgbsOjbyBlc3RpdmUgZGlyZXRhbWVudGUgZW52b2x2aWRvLCBtYXMgdGFtYsOpbSBuw6NvIHF1ZXJvIHRlIGFqdWRhci4=,,QXVucXVlIG5vIGVzdHV2ZSBkaXJlY3RhbWVudGUgaW1wbGljYWRvIGVuIGVzbywgdGFtcG9jbyBxdWllcm8gYXl1ZGFydGUu
RCKhBw,,W0xlaXppXQpUaGF0J3Mgd2h5IEkgYW0gYXNraW5nIGZvciB5b3VyIGhlbHAuIEkgZ3Vlc3MgeW91IGNhbiBjaGFuZ2UgdGhlaXIgbWluZCBieSBwZXJzdWFkaW5nIHRoZW0u,,,,,W05hbGFuZHJvXQrDiSBwb3IgaXNzbyBxdWUgZXN0b3UgcGVkaW5kbyBzdWEgYWp1ZGEuIEFjaG8gcXVlIHZvY8OqIHBvZGUgY29udmVuY8OqLWxvcy4=,,W0xhenldClBvciBlc28sIHRlIHBpZG8gYXl1ZGEuIFN1cG9uZ28gcXVlIHB1ZWRlcyBwZXJzdWFkaXJsb3MgcGFyYSBxdWUgY2FtYmllbiBkZSBvcGluacOzbi4=
RSKhBw,,W1Jvb2tpZV0KV2hvPyBNZT8=,,,,,W0x1a2llXQpRdWVtPyBFdT8=,,W0x1a2llXQrCv1F1acOpbj8gwr9Zbz8=
RiKhBw,,V2hvIGVsc2UgaXMgaGVyZT8=,,,,,UXVlbSBtYWlzIGVzdMOhIGFxdWk/,,wr9RdWnDqW4gbcOhcyBlc3TDoSBhcXXDrT8=
RyKhBw,,QWR2ZW50dXJlcj8=,,,,,VmlhamFudGU/,,wr9Ucm90YW11bmRvcz8=
SCKhBw,,SGFoYWhhLiBZb3UgaGF2ZSBhIGdyZWF0IHNlbnNlIG9mIGh1bW9yLiBIYWhhaGEu,,,,,SGFoYWhhLiBWb2PDqiDDqSBtdWl0byBlbmdyYcOnYWRvLiBIYWhhaGEu,,SmFqYWphLiBUaWVuZXMgdW4gZ3JhbiBzZW50aWRvIGRlbCBodW1vci4gSmFqYWphLg==
SSKhBw,,W0xlaXppXQpJbiBldmVyeSBwbGFjZSwgdGhlcmUgaXMgYSBoaWRkZW4ga2V5IHBlcnNvbiB3aG8gbW92ZXMgdGhlIHdob2xlIGdyb3VwIGV2ZW4gdGhvdWdoIHlvdSBjYW5ub3QgdGhhdCBwZXJzb24gZWFzaWx5LiBIZXJlLCBpdCdzIHlvdS4=,,,,,W05hbGFuZHJvXQpFbSBxdWFscXVlciBsdWdhciwgc2VtcHJlIGjDoSB1bWEgcGVzc29hIGltcG9ydGFudGUgcXVlIG1vdmUgdG9kbyBvIGdydXBvIGVtIHNlZ3JlZG8sIG1lc21vIHF1ZSBuw6NvIHNlamEgZsOhY2lsIGVuY29udHLDoS1sYS4gQXF1aSwgw6kgdm9jw6ou,,W0xhenldCkVuIHRvZG9zIGxvcyBsdWdhcmVzIGhheSB1bmEgcGVyc29uYSBjbGF2ZSBvY3VsdGEgcXVlIG11ZXZlIGEgdG9kbyBlbCBncnVwbywgYXVucXVlIG5vIHNlIG5vdGUgZsOhY2lsbWVudGUuIEFxdcOtLCBlc2EgcGVyc29uYSBlcmVzIHTDui4=
SiKhBw,,W1Jvb2tpZV0KV2VsbCwgSSBndWVzcyB5b3UgYXJlIG92ZXJyYXRpbmcgbWUuIFRoZXkgcmVnYXJkIG1lIGFzIGFuIHVuaW1wb3J0YW50IGd1eSBoZXJlLiBJIGRvbnQndCB0YWtlIGFueSBpbXBvcnRhbnQgbWlzc2lvbi4gQWxsIEkgZG8gaXMgZXJyYW5kcyBhbmQgY2xlYW4tdXBzLiBEbyB5b3UgaG9uZXN0bHkgdGhpbmsgSSdtIGEga2V5IHBlcnNvbj8=,,,,,W0x1a2llXQpBY2hvIHF1ZSB2b2PDqiBlc3TDoSBtZSBzdXBlcmVzdGltYW5kby4gRWxlcyBtZSB0cmF0YW0gY29tbyBhbGd1w6ltIHNlbSBpbXBvcnTDom5jaWEuIEV1IG7Do28gZmHDp28gbmVuaHVtYSBtaXNzw6NvIHZpdGFsLiBBcGVuYXMgcGVxdWVuYXMgdGFyZWZhcyBlIGxpbXBlemEuIEFjaGEgbWVzbW8gcXVlIHNvdSBhbGd1w6ltIGltcG9ydGFudGU/,,W0x1a2llXQpCdWVuby4uLiBjcmVvIHF1ZSBtZSBlc3TDoXMgc29icmV2YWxvcmFuZG8uIEVsbG9zIG1lIHZlbiBjb21vIGFsZ3VpZW4gc2luIGltcG9ydGFuY2lhIGFxdcOtLiBObyBtZSBhc2lnbmFuIG1pc2lvbmVzIGltcG9ydGFudGVzLiBUb2RvIGxvIHF1ZSBoYWdvIHNvbiBtYW5kYWRvcyB5IGxpbXBpZXphLiDCv0RlIHZlcmRhZCBjcmVlcyBxdWUgc295IHVuYSBwZXJzb25hIGNsYXZlPw==
SyKhBw,,W0xlaXppXQpObywgbm8uIFRoYXQncyBub3Qgd2hhdCBJIGFtIHRhbGtpbmcgYWJvdXQuIE5vcm1hbGx5IHRoZXkgY2FsbCBpdCBhIG1vb2QgbWFrZXIu,,,,,W05hbGFuZHJvXQpOw6NvLCBuw6NvLiBOw6NvIMOpIGRpc3NvIHF1ZSBlc3RvdSBmYWxhbmRvLiBOb3JtYWxtZW50ZSwgw6kgYWxndcOpbSBjYXBheiBkZSBjcmlhciB1bWEgYXRtb3NmZXJhIGRlIHNlZ3VyYW7Dp2Eu,,W0xhenldCk5vLCBuby4gTm8gbWUgcmVmaWVybyBhIGVzby4gTm9ybWFsbWVudGUgYSBlc28gc2UgbGUgbGxhbWEg4oCYZWwgcXVlIGFuaW1hIGVsIGFtYmllbnRl4oCZLg==
TCKhBw,,W0xlaXppXQpBIHdoaWxlIGFnbywgeW91IGNvbnZpbmNlZCB0aGUgb2xkIG1lbiB0byBsaXN0ZW4gdG8gbWUuIFRoYXQncyB3aGF0IEkgYW0gdGFsa2luZyBhYm91dC4gWW91IGhhdmUgc3VjaCBhYmlsaXRpZXMu,,,,,W05hbGFuZHJvXQpIw6EgcG91Y28sIHZvY8OqIGNvbnZlbmNldSBhcXVlbGVzIHZlbGhvcyBhIG1lIG91dmlyZW0uIMOJIGRpc3NvIHF1ZSBlc3RvdSBmYWxhbmRvLiBWb2PDqiB0ZW0gZXNzYSBoYWJpbGlkYWRlLg==,,W0xhenldCkhhY2UgdW4gcmF0bywgY29udmVuY2lzdGUgYSBsb3Mgdmllam9zIHBhcmEgcXVlIG1lIGVzY3VjaGFyYW4uIEEgZXNvIG1lIHJlZmllcm8uIFRpZW5lcyBlc2FzIGhhYmlsaWRhZGVzLg==
TSKhBw,,THVja3kgUm9va2llLiBUaGF0J3Mgd2h5IHRoZXkgY2FsbCB5b3UgJ0x1Y2t5Jy4gUmlnaHQ/,,,,,U2V1IG5vbWUgcmVhbG1lbnRlIGZheiBqdXMgw6Agc3VhIHNvcnRlLg==,,VHUgbm9tYnJlIHJlYWxtZW50ZSBoYWNlIGhvbm9yIGEgdHUgc3VlcnRlLg==
TiKhBw,,W1Jvb2tpZV0KSSBkb24ndCBrbm93IHdoYXQgeW91IG1lYW4gYnkgJ3N1Y2ggYWJpbGl0aWVzJy4gQnV0IEkgZ3Vlc3MgeW91IGhhdmUgbm90aGluZyB0byB0YWxrIGFib3V0IGJ5IG5vdy4gVGhlIHNlbmlvcnMgYXJlIGdvbmUu,,,,,W0x1a2llXQpOw6NvIHNlaSBvIHF1ZSBxdWVyIGRpemVyIGNvbSAnZXNzYSBoYWJpbGlkYWRlJy4gTWFzIGFjaG8gcXVlIHZvY8OqIG7Do28gdGVtIG1haXMgbyBxdWUgZmFsYXIuIE9zIHZldGVyYW5vcyBqw6Egc2UgZm9yYW0u,,W0x1a2llXQpObyBzw6kgYSBxdcOpIHRlIHJlZmllcmVzIGNvbiAnZXNhcyBoYWJpbGlkYWRlcycuIFBlcm8gc3Vwb25nbyBxdWUgeWEgbm8gdGllbmVzIG5hZGEgZGUgcXVlIGhhYmxhci4gTG9zIHZldGVyYW5vcyB5YSBzZSBmdWVyb24u
TyKhBw,,W0xlaXppXQpUaGF0J3Mgd2h5IEknbSB0cnlpbmcgdG8gaGVscCB5b3UuIFBsZWFzZSBjb252aW5jZSBvdGhlcnMu,,,,,W05hbGFuZHJvXQrDiSBwb3IgaXNzbyBxdWUgZXN0b3UgdGVudGFuZG8gdGUgYWp1ZGFyLiBQb3IgZmF2b3IsIGNvbnZlbsOnYSBvcyBvdXRyb3Mu,,W0xhenldClBvciBlc28gaW50ZW50byBheXVkYXJ0ZS4gUG9yIGZhdm9yLCBjb252ZW5jZSBhIGxvcyBkZW3DoXMu
UCKhBw,,W1Jvb2tpZV0KSSBoYXZlIG5vd2hlcmUgZWxzZSB0byBnby4gTmVpdGhlciBkb2VzIGV2ZXJ5b25lIGVsc2UgaGVyZS4gV2UgY2Fubm90IGp1c3QgaGVscCB5b3UgdHJ1c3RpbmcgeW91ciBwcm9taXNlLg==,,,,,W0x1a2llXQpOw6NvIHRlbmhvIG1haXMgcGFyYSBvbmRlIGlyLiBOZW0gb3Mgb3V0cm9zIGFxdWkuIE7Do28gcG9kZW1vcyB0ZSBhanVkYXIgYmFzZWFkb3MgYXBlbmFzIGVtIHVtYSBwcm9tZXNzYS4=,,W0x1a2llXQpObyB0ZW5nbyBhIGTDs25kZSBpci4gWSBuYWRpZSBhcXXDrSB0aWVuZSBvdHJvIGx1Z2FyLiBObyBwb2RlbW9zIHNpbXBsZW1lbnRlIGF5dWRhcnRlIGNvbmZpYW5kbyBlbiB0dSBwYWxhYnJhLg==
USKhBw,,WW91IGFyZSBhc2tpbmcgdG9vIG11Y2gu,,,,,Vm9jw6ogZXN0w6EgcGVkaW5kbyBtdWl0byBkZSBuw7NzLg==,,RXN0w6FzIHBpZGllbmRvIGRlbWFzaWFkby4=
UiKhBw,,W1Jvb2tpZV0KSXQgbWF5IGJlIGEgbWF0dGVyIG9mIGNvb3BlcmF0aW9uIGZvciB5b3UuIEJ1dCBmb3IgdXMsIGl0J3MgYSBtYXR0ZXIgb2Ygc3Vydml2YWwu,,,,,W0x1a2llXQpQb2RlIHNlciB1bWEgcXVlc3TDo28gZGUgY29vcGVyYcOnw6NvIHBhcmEgdm9jw6ouIE1hcyBwYXJhIG7Ds3MsIMOpIHVtYSBxdWVzdMOjbyBkZSBzb2JyZXZpdsOqbmNpYS4=,,W0x1a2llXQpQYXJhIHRpLCBwdWVkZSBzZXIgdW5hIGN1ZXN0acOzbiBkZSBjb29wZXJhY2nDs24uIFBlcm8sIHBhcmEgbm9zb3Ryb3MsIGVzIHVuYSBjdWVzdGnDs24gZGUgc3VwZXJ2aXZlbmNpYS4=
UyKhBw,,W0xlaXppXQpQbGVhc2UuIFdlIGFyZSBhbHNvIGRlc3BlcmF0ZS4gVGhlIGZhdGVzIG9mIHRoZSByb3lhbCBmYW1pbHkgYW5kIGFub3RoZXIgY291bnRyeSBhcmUgaW4gZGFuZ2VyLg==,,,,,W05hbGFuZHJvXQpQb3IgZmF2b3IuIFRhbWLDqW0gZXN0YW1vcyBkZXNlc3BlcmFkb3MuIE8gZGVzdGlubyBkZSB1bWEgZmFtw61saWEgcmVhbCBlIGRlIHVtIHBhw61zIGVzdMOjbyBlbSBqb2dvLg==,,W0xhenldClBvciBmYXZvci4gTm9zb3Ryb3MgdGFtYmnDqW4gZXN0YW1vcyBkZXNlc3BlcmFkb3MuIEVsIGRlc3Rpbm8gZGUgbGEgZmFtaWxpYSByZWFsIHkgZGUgdW4gcGHDrXMgZXN0w6EgZW4gcGVsaWdyby4=
VCKhBw,,W0xlaXppXQpCdXQgaWYgeW91IGhlbHAgdXMsIHdlIGNhbiBzb3J0IGl0IG91dC4gVGhhdCdzIHNvbWV0aGluZyBvbmx5IHlvdSBjYW4gZG8uIFdlIHJlYWxseSBuZWVkIHlvdXIgaGVscC4=,,,,,W05hbGFuZHJvXQpNYXMsIHNlIG5vcyBhanVkYXIsIHBvZGVyZW1vcyByZXNvbHZlciB0dWRvLiBJc3NvIMOpIGFsZ28gcXVlIGFwZW5hcyB2b2PDqnMgcG9kZW0gZmF6ZXIuIFByZWNpc2Ftb3MgbXVpdG8gZGEgc3VhIGFqdWRhLg==,,W0xhenldClBlcm8sIHNpIG5vcyBheXVkYXMsIHBvZGVtb3Mgc29sdWNpb25hcmxvLiBFc28gZXMgYWxnbyBxdWUgc29sbyB0w7ogcHVlZGVzIGhhY2VyLiBSZWFsbWVudGUsIG5lY2VzaXRhbW9zIHR1IGF5dWRhLg==
VSKhBw,,W1Jvb2tpZV0KSWYgeW91IHJlYWxseSBuZWVkIGhlbHAsIGdvIHRvIHNvbWVvbmUgZWxzZS4=,,,,,W0x1a2llXQpTZSBwcmVjaXNhIG1lc21vIGRlIGFqdWRhLCBwcm9jdXJlIGVtIG91dHJvIGx1Z2FyLg==,,W0x1a2llXQpTaSByZWFsbWVudGUgbmVjZXNpdGFzIGF5dWRhLCBidXNxdWVuIGEgb3RyYSBwZXJzb25hLg==
ViKhBw,,W0xlaXppXQpZb3UgYXJlIGFzIGNvbGQgYXMgaWNlLiBIb3cgbWVyY2lsZXNzLiBQbGVhc2Ugc2hvdyBzb21lIG1lcmN5IGFuZCBoZWxwIHVzLg==,,,,,W05hbGFuZHJvXQpWb2PDqiDDqSBmcmlvIGNvbW8gZ2Vsby4gUXVhbnRhIGNydWVsZGFkZS4gUG9yIGZhdm9yLCB0ZW5oYSBwaWVkYWRlIGUgbm9zIGFqdWRlLg==,,W0xhenldCkVyZXMgdGFuIGZyw61vIGNvbW8gZWwgaGllbG8uIFF1w6kgZGVzcGlhZGFkby4gUG9yIGZhdm9yLCBtdWVzdHJhIHVuIHBvY28gZGUgY29tcGFzacOzbiB5IGF5w7pkYW5vcy4=
VyKhBw,,UGxlYXNlIGRvbid0IGJlIHNvIG1lYW4u,,,,,TsOjbyBzZWphIHTDo28gY3J1ZWwu,,Tm8gc2VhcyB0YW4gbWFsby4=
WCKhBw,,W1Jvb2tpZV0KVGhlIHBlb3BsZSB3aG8gd2VyZSBzaXR0aW5nIGhlcmUgYXJlIHNlbmlvcnMuIFRoZXkgYXJlIGFuY2hvcnMgYW5kIHN5bWJvbHMgb2YgUmViZWxsaW9ucy4=,,,,,W0x1a2llXQpBcyBwZXNzb2FzIHF1ZSBlc3RhdmFtIGFxdWkgZXJhbSB2ZXRlcmFub3MuIEVsZXMgc8OjbyBpbnNwaXJhw6fDtWVzIGUgc8OtbWJvbG9zIHBhcmEgb3MgSW5zdXJnZW50ZXMu,,W0x1a2llXQpMYXMgcGVyc29uYXMgcXVlIGVzdGFiYW4gc2VudGFkYXMgYXF1w60gc29uIGxvcyB2ZXRlcmFub3MuIFNvbiBsb3MgcGlsYXJlcyB5IHPDrW1ib2xvcyBkZSBsb3MgbWllbWJyb3MgZGUgbGEgUmViZWxpw7NuLg==
WSKhBw,,W1Jvb2tpZV0KQnV0IGFzIHRoZXkgZ290IG9sZCwgdGhleSByZXRpcmVkIGZyb20gdGhlIGZyb250IGxpbmUuIE5vdyB0aGV5IGRyaW5rIHRlYSBhbmQgd2F0Y2ggdGhlIGp1bmlvciBSZWJlbGxpb25zIGdyb3cgdXAu,,,,,W0x1a2llXQpNYXMsIHF1YW5kbyBlbnZlbGhlY2VyYW0sIGRlaXhhcmFtIGEgbGluaGEgZGUgZnJlbnRlLiBBZ29yYSwgZWxlcyB0b21hbSBjaMOhIGUgc3VwZXJ2aXNpb25hbSBhIGZvcm1hw6fDo28gZGUgam92ZW5zIEp1c3RpY2Vpcm9zLg==,,W0x1a2llXQpQZXJvIGNvbW8gZW52ZWplY2llcm9uLCBzZSByZXRpcmFyb24gZGVsIGZyZW50ZS4gQWhvcmEgYmViZW4gdMOpIHkgdmVuIGNyZWNlciBhIGxvcyBtaWVtYnJvcyBtw6FzIHBlcXVlw7FvcyBkZSBsYSBSZWJlbGnDs24u
WiKhBw,,W1Jvb2tpZV0KU28gb3RoZXIgcGVvcGxlIGFyZSByZXNwb25zaWJsZSBmb3IgYWxsIHRoZSBpbnNpZGUgam9icy4gVGhleSBhcmUgdGhlIG9uZXMgXjAwMDBDRHdobyBtb3ZlIHRoZSBSZWJlbGxpb24gcHJhY3RpY2FsbHleMDAwMDAwLiBUaGV5IGFyZSBkZWNpc2lvbiBtYWtlcnMu,,,,,W0x1a2llXQpFbnTDo28gb3V0cmFzIHBlc3NvYXMgc8OjbyByZXNwb25zw6F2ZWlzIHBvciB0b2RvcyBvcyB0cmFiYWxob3MgaW50ZXJub3MuIFPDo28gZWxlcyBeMDAwMENEcXVlIG1vdmVtIGEgUmViZWxpw6NvIG5hIHByw6F0aWNhXjAwMDAwMC4gRWxlcyB0b21hbSBhcyBkZWNpc8O1ZXMu,,W0x1a2llXQpBc8OtIHF1ZSBvdHJhcyBwZXJzb25hcyBzZSBlbmNhcmdhbiBkZSB0b2RvIGVsIHRyYWJham8gaW50ZXJuby4gU29uIGVsbG9zIF4wMDAwQ0Rsb3MgcXVlIG1hbnRpZW5lbiBsYSBSZWJlbGnDs24gYWN0aXZhXjAwMDAwMC4gU29uIGxvcyBxdWUgdG9tYW4gbGFzIGRlY2lzaW9uZXMu
WyKhBw,,WWVhaCwgc28/,,,,,U2ltLCBlIGRhw60/,,U8OtLCDCv3k/
XCKhBw,,W1Jvb2tpZV0KSWYgeW91IGNvbnZpbmNlIHRoZW0sIHRoZSBwdWJsaWMgb3BpbmlvbiBjaGFuZ2UuIE9uY2UgdGhlIHB1YmxpYyBvcGluaW9uIGNoYW5nZXMsIHdoYXQgY2FuIHNlbmlvcnMgZG8gYWJvdXQgaXQ/,,,,,W0x1a2llXQpTZSBjb252ZW5jw6otbG9zLCB2b2PDqiBtdWRhcsOhIGEgb3BpbmnDo28gcMO6YmxpY2EuIFF1YW5kbyBpc3NvIGFjb250ZWNlciwgbyBxdWUgb3MgdmV0ZXJhbm9zIHBvZGVyw6NvIGZhemVyPw==,,W0x1a2llXQpTaSBsb3MgY29udmVuY2VzLCBsYSBvcGluacOzbiBww7pibGljYSBjYW1iaWFyw6EuIFksIHVuYSB2ZXogcXVlIGNhbWJpZSwgwr9xdcOpIHBvZHLDoW4gaGFjZXIgbG9zIGFuY2lhbm9zPw==
XSKhBw,,W0xlaXppXQpUaGFuayB5b3UuIEkgcHJlZmVyIHRob3NlIHdobyBhcmUgd2lzZSBhbmQgc21hcnQgbGlrZSB5b3Uu,,,,,W05hbGFuZHJvXQpPYnJpZ2Fkby4gUHJlZmlybyBhcXVlbGVzIHF1ZSBzw6NvIHPDoWJpb3MgZSBpbnRlbGlnZW50ZXMsIGNvbW8gdm9jw6ou,,W0xhenldCkdyYWNpYXMuIFByZWZpZXJvIGEgbGFzIHBlcnNvbmFzIHNhYmlhcyBlIGludGVsaWdlbnRlcyBjb21vIHTDui4=
XiKhBw,,U28gd2UndmUgYmVlbiB0YWxraW5nIHRvIHRoZSB3cm9uZyBwZW9wbGUu,,,,,RW50w6NvIGVzdMOhdmFtb3MgZmFsYW5kbyBjb20gYXMgcGVzc29hcyBlcnJhZGFzLg==,,QXPDrSBxdWUgaGVtb3MgZXN0YWRvIGhhYmxhbmRvIGNvbiBsYSBnZW50ZSBlcXVpdm9jYWRhLg==
XyKhBw,,W1Jvb2tpZV0KSW4gbXkgb3BpbmlvbiwgSSB0aGluayBpdCdzIGJldHRlciBmb3IgdXMgdG8gYmUgYWNjZXB0ZWQgaW4gYSB3aWRlIHdvcmxkIHJhdGhlciB0aGFuIGxpdmluZyBoZXJlIGxpa2UgdGhpcy4=,,,,,W0x1a2llXQpOYSBtaW5oYSBvcGluacOjbywgw6kgbWVsaG9yIHBhcmEgbsOzcyBzZXJtb3MgYWNlaXRvcyBwZWxvIHJlc3RvIGRvIG11bmRvIGRvIHF1ZSB2aXZlcm1vcyBhc3NpbS4=,,W0x1a2llXQpFbiBtaSBvcGluacOzbiwgZXMgbWVqb3IgcXVlIHNlIG5vcyBhY2VwdGUgZW4gZWwgcmVzdG8gZGVsIG11bmRvIHF1ZSB2aXZpciBhc8OtLg==
YCKhBw,,V2Ugd2lsbCBiZSBjb21wZXRpdGl2ZSBhbnl3aGVyZSB3ZSBnby4=,,,,,Q3JpYXJlbW9zIGNvbmNvcnLDqm5jaWEgZW0gcXVhbHF1ZXIgbHVnYXIu,,U2VyZW1vcyBjb21wZXRpdGl2b3MgZW4gY3VhbHF1aWVyIGx1Z2FyLg==
YSKhBw,,W0xlaXppXQpBZHZlbnR1cmVyLCBpdCdzIHRpbWUgZm9yIHlvdSB0byB0YWtlIGFuIGFjdGlvbi4gUGxlYXNlIHBlcnN1YWRlIHRoZW0u,,,,,W05hbGFuZHJvXQpIb3JhIGRlIHZvY8OqIGFnaXIuIENvbnZlbsOnYS1vcy4=,,W0xhenldClRyb3RhbXVuZG9zLCBlcyBob3JhIGRlIHF1ZSB0b21lcyBhY2Npw7NuLiBQb3IgZmF2b3IsIGNvbnbDqW5jZWxvcy4=
YiKhBw,,W3swfV0KU2hvdWxkIEk/,,,,,W3swfV0KRXUgZGV2ZXJpYT8=,,W3swfV0Kwr9EZWJlcsOtYT8=
YyKhBw,,W0xlaXppXQpEaWQgeW91IHNlZW4gdGhlIHJlc3BvbnNlIGZyb20gdGhlIHNlbmlvcnM/IE9uY2UgSSBpbnRyb2R1Y2UgbXlzZWxmLCB0aGV5IG1pZ2h0IHNob290IGF0IG1lIG1ha2UgZG96ZW5zIG9mIGhvbGVzIGluIG15IGJvZHku,,,,,W05hbGFuZHJvXQpWb2PDqiB2aXUgYSByZXNwb3N0YSBkb3MgdmV0ZXJhbm9zPyBTZSBldSBhcGFyZWNlciwgZWxlcyBwb2RlbSBtZSBlbmNoZXIgZGUgYmFsYXMu,,W0xhenldCsK/VmlzdGUgbGEgcmVhY2Npw7NuIGRlIGxvcyB2ZXRlcmFub3M/IFNpIG1lIHByZXNlbnRvLCBwb2Ryw61hbiBkaXNwYXJhcm1lIHkgaGFjZXIgZGVjZW5hcyBkZSBhZ3VqZXJvcyBlbiBtaSBjdWVycG8u
ZCKhBw,,SSB3YXMgc28gc2NhcmVkLg==,,,,,UXVhc2UgbW9ycm8gZGUgbWVkby4=,,RXN0YWJhIHRhbiBhc3VzdGFkby4=
ZSKhBw,,QnV0IHlvdSBsb29rZWQgc28gY2FsbSE=,,,,,TWFzIHZvY8OqIHBhcmVjaWEgdMOjbyBjYWxtbyE=,,wqFQZXJvIHRlIHZlw61hcyB0YW4gdHJhbnF1aWxvIQ==
ZiKhBw,,SSdtIHNlcmlvdXMuIFlvdSdkIG5ldmVyIGltYWdpbmUgaG93IG5lcnZvdXMgSSB3YXMu,,,,,RXN0b3UgZmFsYW5kbyBzw6lyaW8uIFZvY8OqIG7Do28gaW1hZ2luYSBvIHF1YW50byBldSBlc3RhdmEgbmVydm9zby4=,,TG8gZGlnbyBlbiBzZXJpby4gTmkgdGUgaW1hZ2luYXMgbG9zIG5lcnZpb3MgcXVlIHRlbsOtYS4=
ZyKhBw,,W0xlaXppXQpTaW5jZSB0aG9zZSBzZW5pb3JzIHdlcmUgcmVsYXRpdmVseSByYXRpb25hbCwgd2UgYXJlIGFsaXZlIGFuZCB0YWxraW5nIGxpa2UgdGhpcy4gSWYgb25seSB0aGVyZSB3YXMgb25lIHBlcnNvbiB3aXRoIGEgc2hvcnQtdGVtcGVyLi4uIFBoZXcuLi4=,,,,,W05hbGFuZHJvXQpDb21vIGFxdWVsZXMgdmV0ZXJhbm9zIGZvcmFtIG1pbmltYW1lbnRlIHJhY2lvbmFpcywgYWluZGEgZXN0YW1vcyB2aXZvcyBlIGNvbnZlcnNhbmRvLiBTZSBob3V2ZXNzZSB1bWEgw7puaWNhIHBlc3NvYSBkZSBwYXZpbyBjdXJ0by4uLiBBaSwgYWkuLi4=,,W0xhenldClNpIGVzb3MgdmV0ZXJhbm9zIGZ1ZXJhbiBtZW5vcyByYWNpb25hbGVzLCBubyBlc3RhcsOtYW1vcyB2aXZvcyBuaSBoYWJsYW5kbyBhc8OtLiBTaSB0YW4gc29sbyBodWJpZXJhIGhhYmlkbyBhbGd1aWVuIGRlIG1hbCBnZW5pby4uLiBQdWYuLi4=
aCKhBw,,VGhhdCdzIHJpZ2h0LiBZb3UgYXJlIGx1Y2t5IHRoYXQgdGhlIHBlcnNvbiB3aXRoIGEgcmVhbCBzaG9ydCB0ZW1wZXIgaXMgdXBzdGFpcnMgbm93Lg==,,,,,SXNzbyBtZXNtby4gVm9jw6ogdGVtIHNvcnRlLCBhIHBlc3NvYSBxdWUgcmVhbG1lbnRlIHRlbSB1bSBwYXZpbyBjdXJ0byBlc3TDoSBsw6EgZW0gY2ltYSBhZ29yYS4=,,QXPDrSBlcy4gVGllbmVzIHN1ZXJ0ZSBkZSBxdWUgbGEgcGVyc29uYSBkZSB2ZXJkYWRlcm8gbWFsIGdlbmlvIGVzdMOpIGVuIGVsIHBpc28gZGUgYXJyaWJhIGFob3JhLg==
aSKhBw,,W0xlaXppXQpBZHZlbnR1cmVyLiBZb3UgYXJlIGEgc3ltYm9sIG9mIGZhaXRoLiBQbGVhc2UgZ28gYW5kIHNob3cgdGhlbSB5b3VyIGZhaXRoLiBUaGF0IHdpbGwgdGFrZSBjYXJlIG9mIGV2ZXJ5dGhpbmcuIERpZCB5b3Ugc2VlIHdoYXQgSSBkaWQgYSBtb21lbnQgYWdvPyBEbyBhcyBJIGRpZC4=,,,,,W05hbGFuZHJvXQpWaWFqYW50ZS4gVm9jw6ogw6kgdW0gc8OtbWJvbG8gZGUgZsOpLiBQb3IgZmF2b3IsIHbDoSBhdMOpIGzDoSBlIG1vc3RyZSBpc3NvIGEgZWxlcy4gSXNzbyByZXNvbHZlcsOhIHR1ZG8uIFZpdSBvIHF1ZSBldSBmaXogYWdvcmEgaMOhIHBvdWNvPyBGYcOnYSBvIG1lc21vLg==,,W0xhenldClRyb3RhbXVuZG9zLiBFcmVzIHVuIHPDrW1ib2xvIGRlIGZlLiBQb3IgZmF2b3IsIHZlIHkgZGVtdcOpc3RyYWxlcyBlc28uIENvbiBlc28sIHNvbHVjaW9uYXJlbW9zIHRvZG8uIMK/VmlzdGUgbG8gcXVlIGhpY2UgaGFjZSB1biBtb21lbnRvPyBIYXogbG8gbWlzbW8gcXVlIHlvLg==
aiKhBw,,W3swfV0KV2VsbCwgbWF5YmUuLi4=,,,,,W3swfV0KQmVtLCB0YWx2ZXouLi4=,,W3swfV0KQnVlbm8sIHF1aXrDoS4uLg==
ayKhBw,,W1Jvb2tpZV0KVGhleSBhcmUgaW4gdGhlIF4wMDAwQ0QybmQgZmxvb3JeMDAwMDAwLiBZb3UgY2FuIGdvIHVwIGFuZCBtZWV0IHRoZW0u,,,,,W0x1a2llXQpFc3TDo28gbmEgXjAwMDBDRHNhbGEgbm8gMsK6IGFuZGFyXjAwMDAwMC4gVm9jw6ogcG9kZSBpciBlbmNvbnRyw6EtbG9zLg==,,W0x1a2llXQpFc3TDoW4gZW4gbGEgc2FsYSBkZWwgXjAwMDBDRHNlZ3VuZG8gcGlzb14wMDAwMDAuIFB1ZWRlcyBzdWJpciB5IHJldW5pcnRlIGNvbiBlbGxvcy4=
bCKhBw,,QXMgbG9uZyBhcyB5b3UgYmVoYXZlIHlvdXJzZWxmLCB0aGV5IHdvbid0IGJlIG1hZCBhdCB5b3UuIC4uLiBNYXliZS4=,,,,,U2Ugdm9jw6ogc2UgY29tcG9ydGFyLCBlbGVzIG7Do28gZmljYXLDo28gYnJhdm9zLiAuLi4gVGFsdmV6Lg==,,TWllbnRyYXMgdGUgY29tcG9ydGVzLCBubyBzZSBlbmZhZGFyw6FuIGNvbnRpZ28uLi4gdGFsIHZlei4=
bSKhBw,,W1Jvb2tpZV0KRG8geW91IHNlZSB0aGUgcm9vbXMgb24gdGhlIDJuZCBmbG9vcj8gSSBkb24ndCBrbm93IGhvdyBtYW55IG9mIHRoZW0gYXJlIHRoZXJlLiBCdXQgeW91IG9ubHkgaGF2ZSB0byBtZWV0IHRoZSBtb3N0IGltcG9ydGFudCBwZW9wbGUu,,,,,W0x1a2llXQpWw6ogYXMgc2FsYXMgbm8gMsK6IGFuZGFyPyBOw6NvIHNlaSBxdWFudG9zIGRlbGVzIGVzdMOjbyBsw6EuIE1hcyB2b2PDqiBzw7MgcHJlY2lzYSBlbmNvbnRyYXIgYSBwZXNzb2EgbWFpcyBpbXBvcnRhbnRlLg==,,W0x1a2llXQrCv1ZlcyBsYXMgc2FsYXMgZGVsIHNlZ3VuZG8gcGlzbz8gTm8gc8OpIGN1w6FudGFzIHNvbi4gUGVybyBzb2xvIHRpZW5lcyBxdWUgcmV1bmlydGUgY29uIGxhIGdlbnRlIG3DoXMgaW1wb3J0YW50ZS4=
biKhBw,,W1Jvb2tpZV0KTGV0J3Mgc2VlLi4uIFlvdSBtZWV0IF4wMDAwQ0RSdXBlcnReMDAwMDAwLCB0aGUgc3RyaWN0IGdlbnRsZW1hbiBhbmQgXjAwMDBDREVsZW5hXjAwMDAwMCwgdGhlIGh1bnRpbmcgZG9nIGZpcnN0Lg==,,,,,W0x1a2llXQpWZWphbW9zLi4uIEVuY29udHJlIHByaW1laXJvIF4wMDAwQ0RSdXBlcnReMDAwMDAwLCBvIGzDrWRlciBkb3MgSW5zdXJnZW50ZXMsIGUgXjAwMDBDREVsZW5hXjAwMDAwMCwgbyBjw6NvIGRlIGNhw6dhLg==,,W0x1a2llXQpWZWFtb3MuLi4gUHJpbWVybywgcmXDum5ldGUgY29uIF4wMDAwQ0RSdXBlcnReMDAwMDAwLCBlbCBjYWJhbGxlcm8gZXN0cmljdG8geSwgXjAwMDBDREVsZW5hXjAwMDAwMCwgbGEgcGVycmEgY2F6YWRvcmEu
byKhBw,,W1Jvb2tpZV0KQnkgdGhlIHdheSwgbmV2ZXIgY2FsbCBFbGVuYSAnaHVudGluZyBkb2cnIGluIGZyb250IG9mIGhlci4gU2hlJ3MgZ29pbmcgdG8gZGlzaW50ZWdyYXRlIHlvdS4=,,,,,W0x1a2llXQpBbGnDoXMsIG51bmNhIGNoYW1lIEVsZW5hIGRlICdjw6NvIGRlIGNhw6dhJyBuYSBmcmVudGUgZGVsYS4gT3UgZWxhIHZhaSBhbmlxdWlsYXIgdm9jw6ou,,W0x1a2llXQpQb3IgY2llcnRvLCBudW5jYSBsbGFtZXMgYSBFbGVuYSDigJxQZXJyYSBjYXphZG9yYeKAnSBkZWxhbnRlIGRlIGVsbGEuIFRlIHZhIGEgZGVzdHJvemFyLg==
cCKhBw,,W1Jvb2tpZV0KQW55b25lIGVsc2UuLi4/IE9oLCB0aGUgbmV4dCBvbmUgaXMgdGhlIGdvb2QtaGVhcnRlZCBeMDAwMENEb2xkIHdvbWVuLCBJIG1lYW4gbGFkaWVzXjAwMDAwMC4gVGhlbiB5b3UgbWVldCB0aGUgU3BlY2lhbCBGb3JjZSBDb21tYW5kZXIgXjAwMDBDREVzdF4wMDAwMDAuLi4=,,,,,W0x1a2llXQpNYWlzIGFsZ3XDqW0/IEFoLCBhcyBwcsOzeGltYXMgc8OjbyBhcyBeMDAwMENEdmVsaGFzLCBkaWdvLCBzZW5ob3Jhc14wMDAwMDAgZGUgYm9tIGNvcmHDp8Ojby4gRW0gc2VndWlkYSwgZW5jb250cmUgXjAwMDBDREVzdF4wMDAwMDAsIGEgQ29tYW5kYW50ZSBkYXMgRm9yw6dhcyBFc3BlY2lhaXMu,,W0x1a2llXQrCv0FsZ3VpZW4gbcOhcy4uLj8gQWgsIGxhIHNpZ3VpZW50ZSBlcyBsYSBib25kYWRvc2EgXjAwMDBDRGFuY2lhbmEsIHF1aWVybyBkZWNpciwgbGFzIGRhbWFzXjAwMDAwMC4gTHVlZ28gY29ub2NlcsOhcyBhbCBjb21hbmRhbnRlIGRlIGxhIEZ1ZXJ6YSBFc3BlY2lhbCBeMDAwMENERXN0XjAwMDAwMA==
cSKhBw,,VGhleSBhcmUgdG9vIG1hbnkh,,,,,UXVhbnRhIGdlbnRlIQ==,,wqFTb24gZGVtYXNpYWRvcyE=
ciKhBw,,VGhpcyBpcyBhIGh1Z2Ugc3lzdGVtIHRoYXQgY2Fubm90IGJlIG9wZXJhdGVkIGJ5IG9uZSBvciB0d28gbWVtYmVycy4gQW5kIHRoZXJlIGlzIG5vIG9uZSBlbHNlLg==,,,,,RXNzZSBzaXN0ZW1hIMOpIGVub3JtZSBlIG7Do28gcG9kZSBzZXIgb3BlcmFkbyBwb3IgdW1hIG91IGR1YXMgcGVzc29hcy4=,,RXN0ZSBlcyB1biBzaXN0ZW1hIGVub3JtZSBxdWUgbm8gcHVlZGUgc2VyIG1hbmVqYWRvIHBvciB1bm8gbyBkb3MgbWllbWJyb3MuIFkgbm8gaGF5IG5hZGllIG3DoXMu
cyKhBw,,W1Jvb2tpZV0KWW91IGNhbiBtZWV0IHRoZXNlIF4wMDAwQ0Rmb3VyIHRlYW1zXjAwMDAwMCBhbmQgdGFsayB0byB0aGVtLiBBcyBJIHRvbGQgeW91IGVhcmxpZXIsIGJlIGNhcmVmdWwgd2hlbiB5b3UgdGFsay4gU29tZSBvZiB0aGVtIGFyZSBzaG9ydC10ZW1wZXJlZC4=,,,,,W0x1a2llXQpWb2PDqiBwb2RlIGVuY29udHJhciBlc3NhcyBeMDAwMENENCBwZXNzb2FzXjAwMDAwMCBlIGZhbGFyIGNvbSBlbGVzLiBDb21vIGRpc3NlLCB0ZW5oYSBjdWlkYWRvIGFvIGZhbGFyLiBBbGd1bnMgZGVsZXMgdMOqbSBwYXZpbyBjdXJ0by4=,,W0x1a2llXQpQdWVkZXMgcmV1bmlydGUgY29uIGVzdGFzIF4wMDAwQ0Q0IHBlcnNvbmFzXjAwMDAwMCB5IGhhYmxhciBjb24gZWxsb3MuIENvbW8gdGUgZGlqZSBhbnRlcywgdGVuIGN1aWRhZG8gY3VhbmRvIGhhYmxlcy4gQWxndW5vcyB0aWVuZW4gbWFsIGdlbmlvLg==
dCKhBw,,SSBob3BlIHlvdSB3b24ndCBoYXZlIGEgaG9sZSBpbiB5b3VyIGhlYWQuLi4=,,,,,RXNwZXJvIHF1ZSB2b2PDqiBuw6NvIGFjYWJlIGNvbSB1bSBidXJhY28gbmEgY2FiZcOnYS4uLg==,,RXNwZXJvIHF1ZSBubyB0ZXJtaW5lcyBjb24gdW4gYWd1amVybyBlbiBsYSBjYWJlemEuLi4=
dSKhBw,,W0xlaXppXQpBZHZlbnR1cmVyLCBnb29kIGx1Y2shIEkgd2lsbCBiZSB0YWxraW5nIHRvIFJvb2tpZS4gQ2hlZXIgdXAu,,,,,W05hbGFuZHJvXQpCb2Egc29ydGUhIENvbnRpbnVhcmVpIGNvbnZlcnNhbmRvIGNvbSBMdWtpZS4gQW5pbWUtc2Uu,,W0xhenldClRyb3RhbXVuZG9zLCDCoWJ1ZW5hIHN1ZXJ0ZSEgSGFibGFyw6kgY29uIEx1a2llLiBBbsOtbWF0ZS4=
diKhBw,,Q29tZSBiYWNrIGFsaXZlIQ==,,,,,RSB2b2x0ZSBjb20gdmlkYSE=,,wqFWdWVsdmUgY29uIHZpZGEh
dyKhBw,,W0xlaXppXQpZb3UncmUgYmFjayEgU28sIGhhdmUgeW91IG1ldCB0aGVtPyBBcmUgdGhleSBnb2luZyB0byBoZWxwIHVzPw==,,,,,W05hbGFuZHJvXQpWb2PDqiB2b2x0b3UhIEVudMOjbyBlbmNvbnRyb3UgZWxlcz8gVsOjbyBub3MgYWp1ZGFyPw==,,W0xhenldCsKhVm9sdmlzdGUhIMK/VGUgcmV1bmlzdGUgY29uIGVsbG9zPyDCv05vcyBheXVkYXLDoW4/
eCKhBw,,W3swfV0KWWVzLi4uIFNldmVyYWwgdGhpbmdzIGhhcHBlbmVkLCBidXQgdGhleSB3ZXJlIG5vdCBiYWQu,,,,,W3swfV0KU2ltLi4uIEFjb250ZWNldSBtdWl0YSBjb2lzYSwgbWFzIGVsZXMgbsOjbyBmb3JhbSB0w6NvIG1hdXMu,,W3swfV0KU8OtLi4uIFBhc2Fyb24gdmFyaWFzIGNvc2FzLCBwZXJvIG5vIG5lY2VzYXJpYW1lbnRlIG1hbGFzLg==
eSKhBw,,W0xlaXppXQpObyB3b25kZXIgeW91IGFyZSBhIHN5bWJvbCBvZiBmYWl0aCEhIE5vdywgd2UgY2FuIHdhaXQgZm9yIHNlbmlvcnMgYW5kIHN0YWZmcy4gUmlnaHQ/,,,,,W05hbGFuZHJvXQpWb2PDqiBuw6NvIMOpIHVtIHPDrW1ib2xvIGRlIGbDqSDDoCB0b2EhIEFnb3JhLCBwb2RlbW9zIGVzcGVyYXIgcGVsb3MgdmV0ZXJhbm9zIGUgb3V0cm9zIG1lbWJyb3MuIENlcnRvPw==,,W0xhenldCsKhTm8gbWUgZXh0cmHDsWEgcXVlIHNlYXMgdW4gc8OtbWJvbG8gZGUgZmUhIEFob3JhIHBvZGVtb3MgZXNwZXJhciBhIGxvcyBhbmNpYW5vcyB5IGRlbcOhcyBtaWVtYnJvcywgwr9ubz8=
eiKhBw,,W0xlaXppXQpDb21lIG9uLiBTaXQgaGVyZSBhbmQgbGlzdGVuIHRvIFJvb2tpZSdzIHN0b3J5LiBJdCdzIHNvIGludGVyZXN0aW5nLg==,,,,,W05hbGFuZHJvXQpWZW5oYS4gU2VudGUtc2UgZSBlc2N1dGUgYSBoaXN0w7NyaWEgZGUgTHVraWUuIMOJIG11aXRvIGludGVyZXNzYW50ZS4=,,W0xhenldClZhbW9zLiBTacOpbnRhdGUgYXF1w60geSBlc2N1Y2hhIGxhIGhpc3RvcmlhIGRlIEx1a2llLiBFcyBtdXkgaW50ZXJlc2FudGUu
eyKhBw,,SSBrbm93IHlvdSd2ZSB0YWxrZWQgc28gbXVjaCB0aGF0IHlvdSBsb3N0IGEgbG90IG9mIG1vaXN0dXJlLiBEcmluayBzb21lIHRlYS4=,,,,,Vm9jw6ogY29udmVyc291IHRhbnRvIHF1ZSBkZXZlIGVzdGFyIGNvbSBhIGJvY2Egc2VjYS4gQmViYSB1bSBwb3VjbyBkZSBjaMOhLg==,,U8OpIHF1ZSBoYWJsYXN0ZSBtdWNobyB5IHF1ZSBwZXJkaXN0ZSBtdWNobyBsw61xdWlkby4gQmViZSB1biBwb2NvIGRlIHTDqS4=
fCKhBw,,W0xlaXppXQpTbywgd2h5IGRpZCB5b3UgbGVhdmUgeW91ciBob21lPw==,,,,,W05hbGFuZHJvXQpFbnTDo28gcG9yIHF1ZSB2b2PDqiBkZWl4b3Ugc2V1IGxhcj8=,,W0xhenldCkVudG9uY2VzLCDCv3BvciBxdcOpIHRlIGZ1aXN0ZSBkZSB0dSBob2dhcj8=
fSKhBw,,W1Jvb2tpZV0KSXQncyBxdWl0ZSBvYnZpb3VzLiBNeSBmYW1pbHkgaGFkIGEgc2Vjb25kaGFuZCBzdG9yZS4gQXMgeW91IGtub3csIHRoZSBhbW91bnQgaXJvbiBjb25zdW1wdGlvbiBpcyBzbyBncmVhdCBpbiB0aGlzIGFyZWEuIFNvbWUgcGVvcGxlIGpva2UgdGhhdCB0aGV5IHN0ZWFsIHlvdXIgc3Bvb24gd2hpbGUgeW91ciBleWVzIGFyZSBjbG9zZWQu,,,,,W0x1a2llXQrDiSBtZWlvIMOzYnZpby4uLiBNaW5oYSBmYW3DrWxpYSB0aW5oYSB1bWEgbG9qYSBkZSBzZWd1bmRhIG3Do28uIENvbW8gc2FiZSwgbyBjb25zdW1vIGRlIGZlcnJvIMOpIGFsdG8gbmVzc2EgcmVnacOjby4gQWxndW5zIGJyaW5jYW0sIGRpemVuZG8gcXVlIHJvdWJhcsOjbyBzdWEgY29saGVyIGVucXVhbnRvIHZvY8OqIGRvcm1lLg==,,W0x1a2llXQpFcyBiYXN0YW50ZSBldmlkZW50ZS4gTWkgZmFtaWxpYSB0ZW7DrWEgdW4gbWVyY2FkbyBkZSBzZWd1bmRhIG1hbm8uIENvbW8gc2FiZW4sIGxhIGRlbWFuZGEgZGUgaGllcnJvIGVzIG11eSBlbGV2YWRhIGVuIGVzdGEgem9uYS4gQWxndW5vcyBicm9tZWFuIGRpY2llbmRvIHF1ZSB0ZSBwdWVkZW4gcm9iYXIgdW5hIGN1Y2hhcmEgc2kgdGUgZGlzdHJhZXMu
fiKhBw,,QnV0IGl0J3MgYSBqb2tlLiBUaGV5IGRvbid0IGFjdHVhbGx5IHN0ZWFsIGFueXRoaW5nLg==,,,,,TWFzIMOpIHVtYSBwaWFkYS4gTmluZ3XDqW0gcm91YmEgbmFkYS4=,,UGVybyBlcyB1bmEgYnJvbWEuIEVuIHJlYWxpZGFkLCBubyByb2JhbiBuYWRhLg==
fyKhBw,,WWVhaCwgSSBrbm93Lg==,,,,,w4ksIGV1IHNlaS4=,,U8OtLCBsbyBzw6ku
gCKhBw,,W1Jvb2tpZV0KTm9ybWFsbHkgdGhleSB1c2UgdGhlIGlyb24gZHVnIGZyb20gbWluZXMuIEJ1dCBzaW5jZSBpdCBjYW5ub3QgbWVldCB0aGUgZGVtYW5kcywgYSBsb3Qgb2YgdXNlZCBpcm9uIGlzIGFsc28gY29uc3VtZWQuIE91ciBmYW1pbHkgYm91Z2h0IHRoZSBpcm9uIGFuZCByZXNvbGQgaXQu,,,,,W0x1a2llXQpOb3JtYWxtZW50ZSwgdXNhbSBvIGZlcnJvIHJldGlyYWRvIGRhcyBtaW5hcy4gTWFzIGNvbW8gbyBmb3JuZWNpbWVudG8gbsOjbyDDqSBzdWZpY2llbnRlIHBhcmEgc3VwcmlyIGFzIGRlbWFuZGFzLCBiYXN0YW50ZSBmZXJybyB1c2FkbyB0YW1iw6ltIMOpIGNvbnN1bWlkby4gTm9zc2EgZmFtw61saWEgY29tcHJvdSBvIGZlcnJvIGUgbyByZXZlbmRldS4=,,W0x1a2llXQpOb3JtYWxtZW50ZSwgdXNhbiBlbCBoaWVycm8gcXVlIHNlIGV4dHJhZSBkZSBsYXMgbWluYXMuIFBlcm8sIGNvbW8gbm8gYWxjYW56YSBwYXJhIHNhdGlzZmFjZXIgbGEgZGVtYW5kYSwgdGFtYmnDqW4gc2UgY29uc3VtZSBtdWNobyBoaWVycm8gdXNhZG8uIE51ZXN0cmEgZmFtaWxpYSBjb21wcmFiYSBoaWVycm8geSBsbyByZXZlbmTDrWEu
gSKhBw,,W0xlaXppXQpBbmQgeW91IHdlcmUgbm90IGFibGUgdG8gaGVscCB0aGVtPw==,,,,,W05hbGFuZHJvXQpFIHZvY8OqIG7Do28gcG9kaWEgYWp1ZMOhLWxvcz8=,,W0xhenldCsK/WSBubyBwdWRpc3RlIGF5dWRhcmxvcz8=
giKhBw,,VGhhdCdzIHJpZ2h0Lg==,,,,,SXNzbyBtZXNtby4=,,QXPDrSBlcy4=
gyKhBw,,W1Jvb2tpZV0KTXkgYnJvdGhlcnMgaGVscGVkIG15IHBhcmVudHMuIEFzIHlvdSBzZWUsIEknbSBzbyBzbWFsbCBhbmQgdXNlZCB0byBiZSBzaWNrIHdoZW4gSSB3YXMgYSBraWQu,,,,,W0x1a2llXQpNZXVzIGlybcOjb3MgYWp1ZGFyYW0gbWV1cyBwYWlzLiBFLCBjb21vIHBvZGUgdmVyLCBzb3UgcGVxdWVubyBlIGNvc3R1bWF2YSBhZG9lY2VyIGNvbSBmcmVxdcOqbmNpYSBxdWFuZG8gZXJhIGNyaWFuw6dhLg==,,W0x1a2llXQpNaXMgaGVybWFub3MgYXl1ZGFyb24gYSBtaXMgcGFkcmVzLiBDb21vIHZlbiwgc295IG11eSBwZXF1ZcOxbyB5IHNvbMOtYSBlbmZlcm1hcm1lIGEgbWVudWRvIGN1YW5kbyBlcmEgbmnDsW8=
hCKhBw,,W0xlaXppXQpPaCwgc28gdGhleSByZWdhcmRlZCB5b3UgYXMgYSB1c2VsZXNzIGtpZD8=,,,,,W05hbGFuZHJvXQpBaCwgZW50w6NvIHRlIGNvbnNpZGVyYXZhbSB1bWEgY3JpYW7Dp2EgaW7DunRpbD8=,,W0xhenldCsK/QXPDrSBxdWUgdGUgY29uc2lkZXJhYmFuIHVuIG5pw7FvIGluw7p0aWw/
hSKhBw,,SGF2ZSB5b3UgYmVlbiB0byBteSBob3VzZT8gSG93IGRvIHlvdSBrbm93IGl0IHNvIHdlbGw/,,,,,Vm9jw6ogasOhIGVzdGV2ZSBuYSBtaW5oYSBjYXNhPyBDb21vIHNhYmUgdGFudG8gc29icmUgaXNzbz8=,,wr9IYXMgZXN0YWRvIGVuIG1pIGhvZ2FyPyDCv0PDs21vIHNhYmVzIHRhbnRvIGRlIGVzbz8=
hiKhBw,,W1Jvb2tpZV0KSSBoYWQgbm8gb3RoZXIgY2hvaWNlLg==,,,,,W0x1a2llXQpOw6NvIHRpdmUgZXNjb2xoYS4=,,W0x1a2llXQpObyB0ZW7DrWEgb3RyYSBvcGNpw7NuLg==
hyKhBw,,W0xlaXppXQpJIGRvbid0IGFncmVlIHdpdGggeW91LiBFdmVyeW9uZSBoYXMgZGlmZmVyZW50IGFiaWxpdHkgYW5kIHlvdSBtdXN0IGJlIGdvb2QgYXQgc29tZXRoaW5nLiBZb3UganVzdCBkaWRuJ3QgZmluZCBpdCBlYXJsaWVyLiBBbnl3YXksIHdoYXQgaGFwcGVuZWQgbmV4dD8=,,,,,W05hbGFuZHJvXQpEaXNjb3JkbyBkZSB2b2PDqi4gVG9kb3MgdMOqbSB1bWEgaGFiaWxpZGFkZSwgZSB2b2PDqiBkZXZlIHNlciBib20gZW0gYWxndW1hIGNvaXNhLiBTw7MgbsOjbyBkZXNjb2JyaXUgYWluZGEuIEVuZmltLCBvIHF1ZSBhY29udGVjZXUgZGVwb2lzPw==,,W0xhenldCk5vIGVzdG95IGRlIGFjdWVyZG8uIENhZGEgdW5vIHRpZW5lIGhhYmlsaWRhZGVzIGRpZmVyZW50ZXMgeSBzZWd1cm8gcXVlIHTDuiBlcmVzIGJ1ZW5vIGVuIGFsZ28uIFNpbXBsZW1lbnRlIG5vIGxvIGRlc2N1YnJpc3RlIGFudGVzLiBFbiBmaW4sIMK/cXXDqSBwYXPDsyBkZXNwdcOpcz8=
iCKhBw,,W1Jvb2tpZV0KQXMgbXkgZmFtaWx5IGlnbm9yZWQgbWUsIEkgZGVjaWRlZCB0byBsZWF2ZSB0aGUgaG91c2UgdG8gZmluZCBzb21ldGhpbmcgSSBhbSBjYXBhYmxlIG9mLg==,,,,,W0x1a2llXQpDb21vIG1pbmhhIGZhbcOtbGlhIG1lIGlnbm9yYXZhLCBldSBkZWNpZGkgcGFydGlyIHBhcmEgZW5jb250cmFyIGFsZ28gcXVlIGZvc3NlIGNhcGF6IGRlIGZhemVyLg==,,W0x1a2llXQpDb21vIG1pIGZhbWlsaWEgbWUgaWdub3JhYmEsIGRlY2lkw60gaXJtZSBkZSBtaSBob2dhciBwYXJhIGVuY29udHJhciBhbGdvIHF1ZSBwdWRpZXJhIGhhY2VyIGJpZW4u
iSKhBw,,W0xlaXppXQpXZWxsIGRvbmUuIElmIHlvdSBzdGF5ZWQgdGhlcmUsIHlvdSB3b3VsZCBoYXZlIGJlY29tZSBzdWNoIGEgdXNlbGVzcyBwZXJzb24u,,,,,W05hbGFuZHJvXQpNdWl0byBiZW0uIFNlIHRpdmVzc2UgY29udGludWFkbyBsw6EsIHRlcmlhIHNlIHRvcm5hZG8gdW0gaW7DunRpbC4=,,W0xhenldCkJpZW4gaGVjaG8uIFNpIHRlIGh1YmllcmFzIHF1ZWRhZG8gYWxsw60sIHRlIGhhYnLDrWFzIGNvbnZlcnRpZG8gZW4gdW4gaW7DunRpbC4=
iiKhBw,,WW91IGFyZSBzbyBzbWFydCBhbmQgd2lzZS4=,,,,,Vm9jw6ogw6kgdMOjbyBpbnRlbGlnZW50ZSBlIHPDoWJpby4=,,RXJlcyBtdXkgaW50ZWxpZ2VudGUgeSBzYWJpby4=
iyKhBw,,W1Jvb2tpZV0KVGhlbiBJIG1ldCBHb255IGFuZCBjYW1lIGhlcmUuIEJ1dCBJIGZvdW5kIHRoYXQgdGhlcmUncyBub3RoaW5nIEkgY291bGQgZG8gaGVyZSBhcyB3ZWxsLg==,,,,,W0x1a2llXQpFbnTDo28gZW5jb250cmVpIEdvbmllIGUgdmltIHBhcmEgY8OhLiBNYXMgZGVzY29icmkgcXVlIG7Do28gcG9kaWEgZmF6ZXIgbmFkYSBhcXVpIHRhbWLDqW0u,,W0x1a2llXQpMdWVnbywgY29ub2PDrSBhIEdvbmllIHkgdmluZSBhcXXDrS4gUGVybyBkZXNjdWJyw60gcXVlIGFxdcOtIHRhbXBvY28gcG9kw61hIGhhY2VyIG5hZGEu
jCKhBw,,R29ueT8gVGhlIGd1eSB3aG8gd2FzIGJsb29keT8=,,,,,R29uaWU/IE8gY2FyYSBlbnNhbmd1ZW50YWRvPw==,,wr9Hb25pZT8gwr9FbCB0aXBvIHF1ZSBlc3RhYmEgbGxlbm8gZGUgc2FuZ3JlPw==
jSKhBw,,W0xlaXppXQpFdmVyeW9uZSBpcyBhIG1vbnN0ZXIgaGVyZS4gTG9vayBhdCBHb255LiBIZSB3YXMgYmxlZWRpbmcgYW5kIGFsbW9zdCBkZWFkLiBCdXQgSGUgd2FzIHN0aWxsIGFsaXZlLiBUaGUgdHJ1dGggaXMgdGhhdCBvdGhlciBndXlzIGFyZSBleHRyYW9yZGluYXJ5IGFuZCB5b3UgYXJlIG5vcm1hbC4=,,,,,W05hbGFuZHJvXQpUb2RvcyBhcXVpIHPDo28gbW9uc3Ryb3MuIE9saGUgcGFyYSBHb25pZS4gRWxlIGVzdGF2YSBzYW5ncmFuZG8gZSDDoCBiZWlyYSBkYSBtb3J0ZS4gTWFzIGFpbmRhIGVzdGF2YSB2aXZvLiBBIHZlcmRhZGUgw6kgcXVlIG91dHJhcyBwZXNzb2FzIHPDo28gZXh0cmFvcmRpbsOhcmlhcywgZSB2b2PDqiDDqSBub3JtYWwu,,W0xhenldCkFxdcOtIHRvZG8gZWwgbXVuZG8gZXMgdW4gbW9uc3RydW8uIE1pcmEgYSBHb25pZS4gRXN0YWJhIHNhbmdyYW5kbyB5IGNhc2kgbXVlcnRvLiBQZXJvIHNlZ3XDrWEgdml2by4gTGEgdmVyZGFkIGVzIHF1ZSBsb3MgZGVtw6FzIHNvbiBleHRyYW9yZGluYXJpb3MgeSB0w7ogZXJlcyBub3JtYWwu
jiKhBw,,W1Jvb2tpZV0KQnV0IEknbSBub3QgYXQgdGhlIGxldmVsIHRoZXkgcmVxdWlyZSBoZXJlLiBXaGVuZXZlciBJIGdldCBhIGd1biBpbiBteSBoYW5kLCBteSBleWVzIGFyZSBzb3JlIGFuZCBteSBoYW5kcyBhcmUgc2hha2luZy4gSSBjYW4ndCBhaW0gYSB0YXJnZXQgcHJvcGVybHkuLi4=,,,,,W0x1a2llXQpNYXMgbsOjbyB0ZW5obyBvIG7DrXZlbCBxdWUgZWxlcyBkZXNlamFtIGFxdWkuIFNlbXByZSBxdWUgZW1wdW5obyB1bWEgYXJtYSwgbWluaGEgdmlzdGEgZXNjdXJlY2UgZSBtaW5oYXMgbcOjb3MgdHJlbWVtLiBOw6NvIGNvbnNpZ28gbWlyYXIgZGlyZWl0by4uLg==,,W0x1a2llXQpQZXJvIG5vIGVzdG95IGFsIG5pdmVsIHF1ZSBleGlnZW4gYXF1w60uIENhZGEgdmV6IHF1ZSBzb3N0ZW5nbyB1biBhcm1hLCBtZSBkdWVsZW4gbG9zIG9qb3MgeSBtZSB0aWVtYmxhbiBsYXMgbWFub3MuIE5vIHB1ZWRvIGFwdW50YXIgYmllbi4uLg==
jyKhBw,,SXQncyBhIGxhY2sgb2Ygc2VsZi1jb25maWRlbmNlLg==,,,,,SXNzbyDDqSBmYWx0YSBkZSBhdXRvY29uZmlhbsOnYS4=,,RXMgcG9yIGZhbHRhIGRlIGNvbmZpYW56YS4=
kCKhBw,,SSBndWVzcyBzby4gV2hpbGUgSSB0cmFpbiwgSSBoYXZlIG5vIHByb2JsZW0u,,,,,QWNobyBxdWUgc2ltLiBOw6NvIHRlbmhvIHByb2JsZW1hcyBkdXJhbnRlIG9zIHRyZWlub3Mu,,U3Vwb25nbyBxdWUgc8OtLiBObyB0ZW5nbyBwcm9ibGVtYXMgY3VhbmRvIGVudHJlbm8u
kSKhBw,,W0xlaXppXQpTbyB5b3UgYXJlIGluIGNoYXJnZSBvZiB0aGUgaG91c2VrZWVwaW5nIGhlcmU/,,,,,W05hbGFuZHJvXQpFbnTDo28gdm9jw6ogZmF6IG8gc2VydmnDp28gZG9tw6lzdGljbyBwb3IgYXF1aT8=,,W0xhenldCsK/QXPDrSBxdWUgdMO6IHRlIGVuY2FyZ2FzIGRlIGxhcyB0YXJlYXMgZG9tw6lzdGljYXMgYXF1w60/
kiKhBw,,W1Jvb2tpZV0KTm90IGEgaG91c2VrZWVwaW5nLiBBIHNvcnQgb2YgY2xlYW5pbmctdXA/,,,,,W0x1a2llXQpOw6NvIMOpIHNlcnZpw6dvIGRvbcOpc3RpY28uIMOJIG1haXMgdW1hIGZheGluYS4=,,W0x1a2llXQpObyBzb24gdGFyZWFzIGRvbcOpc3RpY2FzLiDCv1VuIHRpcG8gZGUgbGltcGllemE/
kyKhBw,,W1Nlbmlvcl0KSGV5IFJvb2tpZS4gV2h5IGRpZCB5b3UgYnJpbmcgdGhvc2UgamVya3MgaW4gaGVyZT8gVGhleSBhcmUgd2FuZGVyaW5nIGFyb3VuZCBhbmQgaHVtaWxpYXRpbmcgdXMhIFJvb2tpZSwgYXJlIHlvdSBhIHNweSBmcm9tIHRoZSBnb3Zlcm5tZW50Pw==,,,,,W1ZldGVyYW5vXQpFaSwgTHVraWUuIFBvciBxdWUgdHJvdXhlIGVzc2VzIGJhYmFjYXMgcGFyYSBjw6E/IEVzdMOjbyBhbmRhbmRvIHBvciBhw60gbm9zIGh1bWlsaGFuZG8hIEx1a2llLCB2b2PDqiDDqSB1bSBlc3Bpw6NvIGRvIGdvdmVybm8/,,W1ZldGVyYW5vXQpFeSwgTHVraWUuIMK/UG9yIHF1w6kgdHJhamlzdGUgYSBlc29zIGltYsOpY2lsZXM/IMKhRXN0w6FuIGRhbmRvIHZ1ZWx0YXMgcG9yIGFxdcOtIHkgaHVtaWxsw6FuZG9ub3MhIEx1a2llLCDCv2VyZXMgdW4gZXNww61hIGRlbCBnb2JpZXJubz8=
lCKhBw,,VGhleSd2ZSBiZWVuIGV2ZXJ5d2hlcmUh,,,,,RWxlcyBlc3TDo28gcG9yIHRvZGEgcGFydGUh,,SGFuIGVzdGFkbyBlbiB0b2RhcyBwYXJ0ZXMu
lSKhBw,,W1Nlbmlvcl0KVGhlIGdvdmVybm1lbnQgaWdub3JlZCB1cyB3aGVuIHdlIHdlcmUgZHlpbmchIFdlIGNhbiBuZXZlciBoZWxwIHRoZW0h,,,,,W1ZldGVyYW5vXQpPIGdvdmVybm8gbm9zIGlnbm9yb3UgcXVhbmRvIGVzdMOhdmFtb3MgbW9ycmVuZG8hIE51bmNhIHZhbW9zIGFqdWTDoS1sb3Mh,,W1ZldGVyYW5vXQrCoUVsIGdvYmllcm5vIG5vcyBpZ25vcsOzIGN1YW5kbyBlc3TDoWJhbW9zIG11cmllbmRvISDCoU51bmNhIGxvcyBheXVkYXJlbW9zIQ==
liKhBw,,T3ZlciBteSBkZWFkIGJvZHkh,,,,,U8OzIHNvYnJlIG8gbWV1IGNhZMOhdmVyIQ==,,wqFTb2JyZSBtaSBjYWTDoXZlciE=
lyKhBw,,W1Nlbmlvcl0KSGF2ZSB5b3UgZm9yZ290dGVuIHdoeSB3ZSBhcmUgaGlkaW5nIGhlcmU/,,,,,W1ZldGVyYW5vXQpFc3F1ZWNldSBwb3IgcXVlIGVzdGFtb3Mgbm9zIGVzY29uZGVuZG8gYXF1aT8=,,W1ZldGVyYW5vXQrCv1RlIG9sdmlkYXN0ZSBlbCBtb3Rpdm8gcG9yIGVsIHF1ZSBub3MgZXNjb25kZW1vcyBhcXXDrT8=
mCKhBw,,SSBjYW4gbmV2ZXIgZm9yZ2V0IHRoYXQgZGF5IQ==,,,,,TnVuY2EgZXNxdWVjZXJlaSBkYXF1ZWxlIGRpYSE=,,TnVuY2EgcG9kcsOpIG9sdmlkYXIgZXNlIGTDrWEu
mSKhBw,,W1Nlbmlvcl0KVGhlIGdvdmVybm1lbnQgY2F1c2VkIHRoaXMgdHJhZ2VkeSE=,,,,,W1ZldGVyYW5vXQpPIGdvdmVybm8gY2F1c291IGVzc2EgdHJhZ8OpZGlhIQ==,,W1ZldGVyYW5vXQrCoUVsIGdvYmllcm5vIGNhdXPDsyBlc3RhIHRyYWdlZGlhIQ==
miKhBw,,VGhlIGdvdmVybm1lbnQgY2F1c2VkIHRoaXMgdHJhZ2VkeSE=,,,,,TyBnb3Zlcm5vIGNhdXNvdSBlc3NhIHRyYWfDqWRpYSE=,,wqFFbCBnb2JpZXJubyBjYXVzw7MgZXN0YSB0cmFnZWRpYSE=
myKhBw,,W1Jvb2tpZV0KRmluZS4gWW91IGxpdmUgZm9yZXZlciBpbiB0aGlzIGlzb2xhdGVkIHBsYWNlISBCdXQgd2hhdCBhYm91dCB0aGUgY2hpbGRyZW4gd2hvIGRvbid0IGtub3cgYW55dGhpbmcgYWJvdXQgaXQ/,,,,,W0x1a2llXQpRdWUgc2VqYS4gUG9kZSB2aXZlciBwYXJhIHNlbXByZSBuZXNzZSBsdWdhciBpc29sYWRvISBNYXMgZSBhcyBjcmlhbsOnYXMsIHF1ZSBuw6NvIHNhYmVtIG5hZGEgc29icmUgaXNzbz8=,,W0x1a2llXQpFc3TDoSBiaWVuLiDCoVB1ZWRlcyB2aXZpciBwYXJhIHNpZW1wcmUgZW4gZXN0ZSBsdWdhciBhaXNsYWRvISBQZXJvLCDCv3F1w6kgcGFzYSBjb24gbG9zIG5pw7FvcyBxdWUgbm8gc2FiZW4gbmFkYSBhbCByZXNwZWN0bz8=
nCKhBw,,W1Nlbmlvcl0KSGV5IGtpZCEgRG8geW91IGtub3cgaG93IG11Y2ggcGFpbiB3ZSBoYWQgb24gdGhhdCBkYXk/,,,,,W1ZldGVyYW5vXQpFaSwgZ2Fyb3RvISBTYWJlIG8gcXVhbnRvIHNvZnJlbW9zIG5hcXVlbGUgZGlhPw==,,W1ZldGVyYW5vXQrCoUV5LCBjaGljbyEgwr9TYWJlcyBjdcOhbnRvIGRvbG9yIHN1ZnJpbW9zIGVzZSBkw61hPw==
nSKhBw,,RXZlbiBjaGlsZHJlbiBtdXN0IGtub3cgdGhlIHRydXRoIQ==,,,,,QXTDqSBtZXNtbyBhcyBjcmlhbsOnYXMgcHJlY2lzYW0gc2FiZXIgYSB2ZXJkYWRlIQ==,,wqFJbmNsdXNvIGxvcyBuacOxb3MgZGViZW4gc2FiZXIgbGEgdmVyZGFkIQ==
niKhBw,,W1Jvb2tpZV0KSSBkb24ndCBrbm93ISBIb3dldmVyLCBubyBvbmUgZWxzZSB3aWxsIGtub3cgaXQgdW5sZXNzIHdlIHRhbGsgYWJvdXQgaXQuIEdvIG91dCB0aGVyZSBhbmQgYXNrIGFueW9uZS4=,,,,,W0x1a2llXQpFdSBuw6NvIHNlaSEgTWFzIG5pbmd1w6ltIG1haXMgdmFpIHNhYmVyIGEgbWVub3MgcXVlIGZhbGVtb3Mgc29icmUgaXNzby4gVsOhIGzDoSBmb3JhIGUgcGVyZ3VudGUgYSBxdWFscXVlciBwZXNzb2Eu,,W0x1a2llXQrCoU5vIGxvIHPDqSEgU2luIGVtYmFyZ28sIG5hZGllIG3DoXMgbG8gc2FicsOhLCBhIG1lbm9zIHF1ZSBoYWJsZW1vcyBkZSBlbGxvLiBTYWwgeSBwcmVnw7pudGFsZSBhIGN1YWxxdWllciBwZXJzb25hLg==
nyKhBw,,W1Jvb2tpZV0KQXNrIHRoZW0gaWYgdGhleSBrbm93IHRoYXQgaGFwcGVuZWQgb24gdGhhdCBkYXkuIEkgYmV0IG5vYm9keSBkb2VzLiBVbmxlc3Mgd2UgdGFsayBhYm91dCBpdCwgaG93IGNhbiBhbnlvbmUgZXZlciBmaW5kIGl0IG91dD8=,,,,,W0x1a2llXQpQZXJndW50ZSBzZSBlbGVzIHNhYmVtIG8gcXVlIGFjb250ZWNldSBuYXF1ZWxlIGRpYS4gQXBvc3RvIHF1ZSBuaW5ndcOpbSBzYWJlLiBBIG1lbm9zIHF1ZSBmYWxlbW9zIHNvYnJlIGlzc28sIGNvbW8gYWxndcOpbSBwb2RlIHNhYmVyPw==,,W0x1a2llXQpQcmVnw7pudGFsZXMgc2kgc2FiZW4gcXXDqSBvY3VycmnDsyBlc2UgZMOtYS4gQXB1ZXN0byBhIHF1ZSBuYWRpZSBsbyBzYWJlLiBTaSBubyBoYWJsYW1vcyBkZSBlbGxvLCDCv2PDs21vIGFsZ3VpZW4gcG9kcsOtYSBzYWJlciBsbyBxdWUgb2N1cnJpw7M/
oCKhBw,,V2hhdCBkb2VzIGl0IG1lYW4gZm9yIHVzIHRvIGxpdmUgbGlrZSB0aGlzPw==,,,,,TyBxdWUgc2lnbmlmaWNhIHBhcmEgbsOzcyB2aXZlciBkZXNzYSBmb3JtYT8=,,wr9RdcOpIHNpZ25pZmljYSBwYXJhIG5vc290cm9zIHZpdmlyIGFzw60/
oSKhBw,,W1Jvb2tpZV0KWW91IGhhdGUgdG8gaGVscCB0aGUgZ292ZXJubWVudCB0aGF0IG9uY2UgYWJhbmRvbmVkIHVzPyBJdCBzaG93cyB0aGF0IHdlIHVzZWQgdG8gYmUgbm90aGluZyBmb3IgdGhlbSwgYnV0IG5vdyB0aGV5IG91ciBoZWxwLiBEb2VzIHRoYXQgbWVhbiBzb21lIGNvbXBlbnNhdGlvbiBmb3IgdXM/,,,,,W0x1a2llXQpWb2PDqiBvZGlhcmlhIGFqdWRhciBvIGdvdmVybm8gcXVlIG5vcyBhYmFuZG9ub3UgdW1hIHZlej8gSXNzbyBtb3N0cmEgcXVlIG7Do28gw6lyYW1vcyBuYWRhIHBhcmEgZWxlcywgbWFzIGFnb3JhIHByZWNpc2FtIGRhIG5vc3NhIGFqdWRhLiBJc3NvIHNpZ25pZmljYSBxdWUgc2VyZW1vcyByZWNvbXBlbnNhZG9zPw==,,W0x1a2llXQrCv09kaWFyw61hcyBheXVkYXIgYWwgZ29iaWVybm8gcXVlIG5vcyBhYmFuZG9uw7MgdW5hIHZlej8gRXNvIGRlbXVlc3RyYSBxdWUgbm8gw6lyYW1vcyBuYWRhIHBhcmEgZWxsb3MsIHBlcm8gYWhvcmEgbmVjZXNpdGFuIG51ZXN0cmEgYXl1ZGEuIMK/U2lnbmlmaWNhIGVzbyBxdWUgc2VyZW1vcyByZWNvbXBlbnNhZG9zPw==
oiKhBw,,W1Jvb2tpZV0KSWYgdGhleSBuZWVkIG91ciBoZWxwLCB3ZSBjYW4ganVzdCB1c2UgdGhlbS4gV2UgYXJlIG5vdCBhcyB3ZWFrIGFzIHdlIHVzZWQgdG8u,,,,,W0x1a2llXQpTZSBwcmVjaXNhbSBkYSBub3NzYSBhanVkYSwgcG9kZW1vcyB1c8OhLWxvcy4gTsOjbyBzb21vcyBtYWlzIHTDo28gZnJhY29zIGNvbW8gw6lyYW1vcy4=,,W0x1a2llXQpTaSBuZWNlc2l0YW4gbnVlc3RyYSBheXVkYSwgcG9kZW1vcyBhcHJvdmVjaGFybG9zLiBZYSBubyBzb21vcyB0YW4gZMOpYmlsZXMgY29tbyBhbnRlcw==
oyKhBw,,W1Jvb2tpZV0KSWYgeW91IHdhbnQgYSByZXZlbmdlLCBtYXliZSB0aGlzIGlzIHRoZSBvcHBvcnR1bml0eSEgQSByZXZlbmdlIGRvZXNuJ3QgYWx3YXlzIG1lYW4gYW4gYXJtZWQgcmV2ZW5nZS4=,,,,,W0x1a2llXQpTZSBkZXNlamFtIHZpbmdhbsOnYSwgZXNzYSDDqSBhIGhvcmEhIFVtYSB2aW5nYW7Dp2EgbsOjbyBwcmVjaXNhIHNlciBhcm1hZGEu,,W0x1a2llXQpTaSBxdWllcmVzIHZlbmdhbnphLCDCoXF1aXrDoSBlc3RhIHNlYSBsYSBvcG9ydHVuaWRhZCEgVW5hIHZlbmdhbnphIG5vIHNpZW1wcmUgaW1wbGljYSB1c2FyIGFybWFzLg==
pCKhBw,,W1Nlbmlvcl0KWW91IGFyZSB5b3VuZyBhbmQgbm90IHdpc2UgZW5vdWdoLiBObyBtYXR0ZXIgd2hhdCBoYXBwZW5zLCB3ZSBhcmUgbmV2ZXIgaGVscGluZyB0aGUgZ292ZXJubWVudC4gTmV2ZXIh,,,,,W1ZldGVyYW5vXQpWb2PDqiDDqSBqb3ZlbSBlIG7Do28gc2FiZSBtdWl0YSBjb2lzYS4gTsOjbyBpbXBvcnRhIG8gcXVlIGFjb250ZWNlciwgbnVuY2EgYWp1ZGFyZW1vcyBvIGdvdmVybm8uIE51bmNhIQ==,,W1ZldGVyYW5vXQpFcmVzIGpvdmVuIHkgbm8gc2FiZXMgbXVjaG8uIFBhc2UgbG8gcXVlIHBhc2UsIGphbcOhcyBheXVkYXJlbW9zIGFsIGdvYmllcm5vLiDCoUphbcOhcyE=
pSKhBw,,VGhpcyBpcyBhIGNoYW5jZSB0byBraWNrIG91dCB0aGUgZ3V5cyB3aXRoIHRocmVhdGVuaW5nIGlkZW9sb2d5IQ==,,,,,RXNzYSDDqSBhIGNoYW5jZSBkZSBleHB1bHNhciBlc3NhcyBwZXNzb2FzIGNvbSB1bWEgaWRlb2xvZ2lhIHBlcmlnb3NhIQ==,,wqFFcyBudWVzdHJhIG9wb3J0dW5pZGFkIHBhcmEgZWNoYXIgYSBsb3MgcXVlIHZpZW5lbiBhcXXDrSBjb24gaWRlb2xvZ8OtYXMgYW1lbmF6YW50ZXMh
piKhBw,,SWYgeW91IGRvbid0IGxpa2UgaXQsIHdoeSBhcmUgeW91IGxpdmluZyBoZXJlIHdpdGggdXM/,,,,,U2UgbsOjbyBnb3N0YSwgcG9yIHF1ZSBlc3TDoSBtb3JhbmRvIGNvbm9zY28/,,U2kgbm8gdGUgZ3VzdGEsIMK/cG9yIHF1w6kgdml2ZXMgYXF1w60gY29uIG5vc290cm9zPw==
pyKhBw,,R2V0IHRoZW0gb3V0Lg==,,,,,RXhwdWxzZS1vcy4=,,U8OhY2Fsb3Mu
qCKhBw,,W1Jvb2tpZV0KR29ueT8=,,,,,W0x1a2llXQpHb25pZT8=,,W0x1a2llXQrCv0dvbmllPw==
qSKhBw,,VGhhdCdzIHRydWUuLi4=,,,,,w4kgdmVyZGFkZS4uLg==,,RXMgdmVyZGFkLi4u
qiKhBw,,W1Nlbmlvcl0KV2hhdCB0aGUgaGVsbCBpcyBoZSBzYXlpbmcgYWZ0ZXIgc2hvd2luZyB1cCBhbGwgb2YgYSBzdWRkZW4/,,,,,W1ZldGVyYW5vXQpPIHF1ZSByYWlvcyBlbGUgZXN0w6EgZGl6ZW5kbyBkZXBvaXMgZGUgYXBhcmVjZXIgZGUgcmVwZW50ZT8=,,W1ZldGVyYW5vXQrCv1F1w6kgZGVtb25pb3MgZXN0w6EgZGljaWVuZG8gZGVzcHXDqXMgZGUgYXBhcmVjZXIgZGUgcmVwZW50ZT8=
qyKhBw,,W1Nlbmlvcl0KQXJlIHlvdSBzdGlsbCBkb2luZyB0aGUgc2lsZW50IG1lZGl0YXRpb24/,,,,,W1ZldGVyYW5vXQpWb2PDqiBhaW5kYSBlc3TDoSBtZWRpdGFuZG8gZW0gc2lsw6puY2lvPw==,,W1ZldGVyYW5vXQrCv1RvZGF2w61hIHNpZ3VlcyBjb24gbGEgbWVkaXRhY2nDs24gc2lsZW5jaW9zYT8=
rCKhBw,,W1Jvb2tpZV0KUGxlYXNlLi4u,,,,,W0x1a2llXQpQb3IgZmF2b3IuLi4=,,W0x1a2llXQpQb3IgZmF2b3IuLi4=
rSKhBw,,W0xlaXppXQpEaWQgeW91IGhlYXIgdGhhdD8gSGUgaXMgaW4gdGhlIG1pZGRsZSBvZiBhIHNpbGVudCBtZWRpdGF0aW9uLiBIb3cgc3BpdGVmdWwh,,,,,W05hbGFuZHJvXQpPdXZpdSBpc3NvPyBFbGUgZXN0w6Egbm8gbWVpbyBkZSB1bWEgbWVkaXRhw6fDo28gc2lsZW5jaW9zYS4gUXVhbnRvIHJhbmNvciE=,,W0xhenldCsK/RXNjdWNoYXN0ZSBlc28/IEVzdMOhIGVuIG1lZGlvIGRlIHVuYSBtZWRpdGFjacOzbiBzaWxlbmNpb3NhLiDCoUN1w6FudG8gcmVzZW50aW1pZW50byE=
riKhBw,,SGEuLi4gVGhpcyBwbGFjZSBpcyBmdWxsIG9mIG1vbnN0ZXJzLg==,,,,,SGEuLi4gRXN0ZSBsdWdhciBlc3TDoSBjaGVpbyBkZSBtb25zdHJvcy4=,,SmEuLi4gRXN0ZSBsdWdhciBlc3TDoSBsbGVubyBkZSBtb25zdHJ1b3Mu
ryKhBw,,W3swfV0KQmUgcXVpZXQuIEkgaGVhciBpdCBhbGwu,,,,,W3swfV0KU2lsw6puY2lvLiBFdSBvdcOnbyB0dWRvLg==,,W3swfV0KU2lsZW5jaW8uIExvIG9pZ28gdG9kby4=
sCKhBw,,W1Jvb2tpZV0KLi4uIEdvbnkgc2F5cyB3ZSBoYXZlIHRvIHBheSBmb3IgdGhlIGZhdm9yIHRoZXkgZGlkIHRvIGhpbS4=,,,,,W0x1a2llXQouLi4gR29uaWUgZGlzc2UgcGFyYSByZXRyaWJ1aXJtb3MgbyBmYXZvciBxdWUgZml6ZXJhbSBhIGVsZS4=,,W0x1a2llXQouLi4gR29uaWUgZGljZSBxdWUgdGVuZW1vcyBxdWUgcGFnYXIgcG9yIGVsIGZhdm9yIHF1ZSBsZSBoaWNpZXJvbi4=
sSKhBw,,W1Nlbmlvcl0KV2VsbC4gVGhleSBkaWQgdGhlIGZhdm9yIGZvciB5b3UsIG5vdCBmb3IgdXMu,,,,,W1ZldGVyYW5vXQpCb20uIE8gZmF2b3IgZm9pIHBhcmEgdm9jw6osIG7Do28gcGFyYSBuw7NzLg==,,W1ZldGVyYW5vXQpCdWVuby4gVGUgaGljaWVyb24gZWwgZmF2b3IgYSB0aSwgbm8gYSBub3NvdHJvcy4=
siKhBw,,V2UgZG9uJ3Qgb3dlIHlvdSBhbnl0aGluZy4=,,,,,TsOjbyBsaGUgZGV2ZW1vcyBuYWRhLg==,,Tm8gbGVzIGRlYmVtb3MgbmFkYS4=
syKhBw,,VGhleSBhcmUgdGhlIG9uZXMgd2hvIG93ZSB5b3Uu,,,,,U8OjbyBlbGVzIHF1ZSBkZXZlbSBhIHZvY8OqLg==,,U29uIGVsbG9zIGxvcyBxdWUgZXN0w6FuIGVuIGRldWRhIGNvbnRpZ28u
tCKhBw,,W1Nlbmlvcl0KSWYgeW91IHdhbnQgdG8gaGVscCB0aGVtIHNvIGJhZGx5LCB5b3UgdHdvIGdvIGFuZCBoZWxwIHRoZW0uIEJ1dCBtYWtlIHN1cmUgeW91IHRha2UgdGhlIGNsb3RoZXMgb2ZmIQ==,,,,,W1ZldGVyYW5vXQpTZSBxdWVyZW0gdGFudG8gYWp1ZMOhLWxvcywgdm9jw6pzIGRvaXMgcG9kZW0gaXIuIE1hcyB0aXJlbSBzZXVzIHVuaWZvcm1lcyE=,,W1ZldGVyYW5vXQpTaSB0YW50byBxdWllcmVuIGF5dWRhcmxvcywgcHVlcyB2YXlhbiBjb24gZWxsb3MuIMKhUGVybyBxdcOtdGVuc2UgbG9zIHVuaWZvcm1lcyE=
tSKhBw,,RG9uJ3QgdGVsbCBhbnlvbmUgdGhhdCB5b3UgYXJlIGEgbWVtYmVyIG9mIHRoZSBSZWJlbGxpb24h,,,,,TsOjbyBjb250ZW0gYSBuaW5ndcOpbSBxdWUgc8OjbyBtZW1icm9zIGRhIFJlYmVsacOjbyE=,,wqFObyBsZSBkaWdhbiBhIG5hZGllIHF1ZSBzb24gbWllbWJyb3MgZGUgbGEgUmViZWxpw7NuIQ==
tiKhBw,,W0xlaXppXQpEaWQgeW91IGhlYXIgdGhhdD8gVGhleSBhcmUgc28gY29vbC4=,,,,,W05hbGFuZHJvXQpPdXZpdSBpc3NvPyBFbGVzIHPDo28gdMOjbyBsZWdhaXMu,,W0xhenldCsK/RXNjdWNoYXN0ZSBlc28/IFNvbiBnZW5pYWxlcy4=
tyKhBw,,SSBsaWtlIHRoZW0h,,,,,R29zdGVpIGRlbGVzIQ==,,wqFNZSBndXN0YW4h
uCKhBw,,W3swfV0KSSBoZWFyIGl0IGFsbC4=,,,,,W3swfV0KRXUgb3XDp28gdHVkby4=,,W3swfV0KTG8gb2lnbyB0b2RvLg==
uSKhBw,,QW5kIGl0J3Mgbm90IGxpa2UgdGhhdC4=,,,,,RSBuw6NvIMOpIGJlbSBhc3NpbS4=,,WSBubyBlcyBhc8OtLg==
uiKhBw,,UmVhbGx5PyBJIHRob3VnaHQgc28u,,,,,U8OpcmlvPyBGb2kgbyBxdWUgcGVuc2VpLg==,,wr9EZSB2ZXJkYWQ/IE1lIGxvIGltYWdpbmFiYS4=
uyKhBw,,W1Nlbmlvcl0KV2hhdCBkaWQgdGhhdCBndXkgc2F5Pw==,,,,,W1ZldGVyYW5vXQpPIHF1ZSBhcXVlbGUgY2FyYSBkaXNzZT8=,,W1ZldGVyYW5vXQrCv1F1w6kgZGlqbyBlc2UgdGlwbz8=
vCKhBw,,SG93IGRvZXMgaGUgdW5kZXJzdGFuZCBpdD8=,,,,,Q29tbyBlbGUgZW50ZW5kZT8=,,wr9Dw7NtbyBsbyBlbnRpZW5kZT8=
vSKhBw,,Um9va2llIGhhcyBhIGdyZWF0IGFiaWxpdHku,,,,,THVraWUgdGVtIHVtYSBncmFuZGUgaGFiaWxpZGFkZS4=,,THVraWUgdGllbmUgdW5hIGdyYW4gaGFiaWxpZGFkLg==
viKhBw,,W1Jvb2tpZV0KSGUgc2F5cyBldmVyeW9uZSBvbiB0aGUgMm5kIGZsb29yIGRlY2lkZWQgdG8gaGVscCB0aGVtLg==,,,,,W0x1a2llXQpFbGUgZGlzc2UgcXVlIHRvZG9zIG5vIDLCuiBhbmRhciBkZWNpZGlyYW0gYWp1ZMOhLWxvcy4=,,W0x1a2llXQpEaWNlIHF1ZSB0b2RvcyBsb3MgZGVsIHNlZ3VuZG8gcGlzbyBkZWNpZGllcm9uIGF5dWRhcmxvcy4=
vyKhBw,,W1Nlbmlvcl0KV2hhdD8gVGhlIGxhZGllcyBhbmQgUnVwZXJ0IGFzIHdlbGw/,,,,,W1ZldGVyYW5vXQpPIHF1w6o/IEFzIHNlbmhvcmFzIGUgUnVwZXJ0IHRhbWLDqW0/,,W1ZldGVyYW5vXQrCv1F1w6k/IMK/TGFzIGRhbWFzIHkgUnVwZXJ0IHRhbWJpw6luPw==
wCKhBw,,RXN0IGFuZCBFbGVuYT8gVGhhdCdzIGltcG9zc2libGUh,,,,,RXN0IGUgRWxlbmE/IElzc28gw6kgaW1wb3Nzw612ZWwh,,wr9Fc3QgeSBFbGVuYT8gwqFFc28gZXMgaW1wb3NpYmxlIQ==
wSKhBw,,W1Jvb2tpZV0KSWYgeW91IGFyZSBjdXJpb3VzLCBnbyB1cHN0YWlycyBhbmQgY2hlY2sgaXQuIFRoZXkgbWlnaHQgc2xhcCB5b3Ugb24gdGhlIGJhY2su,,,,,W0x1a2llXQpTZSBkdXZpZGEsIHBvZGUgaXIgbMOhIGNvbmZlcmlyLiDDiSBjYXBheiBxdWUgdm9jw6ogZ2FuaGUgdW0gdGFwaW5oYSBuYXMgY29zdGFzLg==,,W0x1a2llXQpTaSB0aWVuZXMgY3VyaW9zaWRhZCwgc3ViZSB5IGNvbXBydcOpYmFsby4gUXVpesOhIHRlIGRlbiB1bmEgcGFsbWFkYSBlbiBsYSBlc3BhbGRhLg==
wiKhBw,,U291bmRzIGxpa2UgZXZlcnlib2R5IGhlcmUgaXMgY29vbC4=,,,,,UGFyZWNlIHF1ZSB0b2RvIG11bmRvIGFxdWkgw6kgbGVnYWwu,,UGFyZWNlIHF1ZSBhcXXDrSB0b2RvIGVsIG11bmRvIGVzIGdlbmlhbC4=
wyKhBw,,W1Jvb2tpZV0KU2VlbXMgbGlrZSBtb3N0IG9mIHVzIGFncmVlLiBJIGRvbid0IHRoaW5rIGFueXRoaW5nIGdvb2Qgd2lsbCBoYXBwZW4gaWYgeW91J3JlIHN0aWxsIGFnYWluc3QgaXQu,,,,,W0x1a2llXQpQYXJlY2UgcXVlIGEgbWFpb3JpYSBkZSBuw7NzIGNvbmNvcmRhLiBBY2hvIHF1ZSBuYWRhIGRlIGJvbSB2YWkgYWNvbnRlY2VyIHNlIHZvY8OqIGFpbmRhIHNlIHJlY3VzYXIu,,W0x1a2llXQpZIHBhcmVjZSBxdWUgbGEgbWF5b3LDrWEgZXN0YW1vcyBkZSBhY3VlcmRvLiBObyBjcmVvIHF1ZSBvY3VycmEgbmFkYSBidWVubyBzaSBzaWd1ZXMgZW4gY29udHJhLg==
xCKhBw,,W0xlaXppXQpQaGV3Li4uIFNpciwgd2hhdCB3b3VsZCB5b3UgZG8gbm93PyBIZWhlLg==,,,,,W05hbGFuZHJvXQpBaSwgYWkuLi4gU2VuaG9yLCBvIHF1ZSB2YWkgZmF6ZXIgYWdvcmE/IEhlaGUu,,W0xhenldCkZpdS4uLiBTZcOxb3IsIMK/cXXDqSBoYXLDoSBhaG9yYT8gSmUsIGplLg==
xSKhBw,,U2VlbXMgbGlrZSB0aGUgZGVjaXNpb24gaGFzIGJlZW4gbWFkZS4=,,,,,UGFyZWNlIHF1ZSBhIGRlY2lzw6NvIGZvaSB0b21hZGEu,,UGFyZWNlIHF1ZSB5YSB0b21hcm9uIHVuYSBkZWNpc2nDs24u
xiKhBw,,RGlkIHlvdSBqdXN0IHNheSAnaGVoZSc/,,,,,Vm9jw6ogZGlzc2Ug,,wr9BY2FiYXMgZGUgZGVjaXIg4oCcamUsIGpl4oCdPw==
xyKhBw,,W1Nlbmlvcl0KT29wcy4uLiBXZSBoYXZlIG5vIG90aGVyIGNob2ljZSBpZiB0aGUgbGFkaWVzIGFuZCBSdXBlcnQgYWdyZWVkIHdpdGggdGhlbS4uLg==,,,,,W1ZldGVyYW5vXQpPcHMuLi4gTsOjbyB0ZW1vcyBlc2NvbGhhIHNlIGFzIHNlbmhvcmFzIGUgUnVwZXJ0IGNvbmNvcmRhcmFtLi4u,,W1ZldGVyYW5vXQpVeS4uLiBObyBub3MgcXVlZGEgb3RyYSBvcGNpw7NuIHNpIGxhcyBkYW1hcyB5IFJ1cGVydCBlc3TDoW4gZGUgYWN1ZXJkbyBjb24gZWxsb3MuLi4=
yCKhBw,,T29wcy4uLiBXZSBoYXZlIG5vIG90aGVyIGNob2ljZS4uLg==,,,,,T3BzLi4uIE7Do28gdGVtb3MgZXNjb2xoYS4uLg==,,VXkuLi4gTm8gdGVuZW1vcyBvdHJhIG9wY2nDs24uLi4=
ySKhBw,,SWYgZXZlcnlvbmUgdGhpbmtzIHRoYXQgd2F5Li4u,,,,,U2UgdG9kb3MgcGVuc2FtIGFzc2ltLi4u,,U2kgdG9kbyBlbCBtdW5kbyBwaWVuc2EgYXPDrS4uLg==
yiKhBw,,V2h5IGlzIGV2ZXJ5b25lIHBlcnN1YWRlZCBzbyBlYXNpbHk/,,,,,Q29tbyB0b2RvcyBmb3JhbSBjb252ZW5jaWRvcyB0w6NvIGZhY2lsbWVudGU/,,wr9Qb3IgcXXDqSB0b2RvcyBzb24gdGFuIGbDoWNpbGVzIGRlIHBlcnN1YWRpcj8=
yyKhBw,,W1Nlbmlvcl0KQnV0IEkgd2lsbCBuZXZlciB0cnVzdCB5b3UgZ3V5cyEgSSB3aWxsIGtlZXAgbXkgZXllcyBvbiB5b3UhISE=,,,,,W1ZldGVyYW5vXQpWb2PDqnMgbnVuY2EgdGVyw6NvIG1pbmhhIGNvbmZpYW7Dp2EhIE7Do28gdGlyYXJlaSBtZXVzIG9saG9zIGRlIHZvY8OqcyEhIQ==,,W1ZldGVyYW5vXQrCoVBlcm8gbnVuY2EgY29uZmlhcsOpIGVuIHVzdGVkZXMhIMKhVGVuZHLDqSBsb3Mgb2pvcyBwdWVzdG9zIGVuIHVzdGVkZXMh
zCKhBw,,W0xlaXppXQpPaCwgd2hhdCBhIHBhc3Npb25hdGUgcHJvcG9zZS4gSSd2ZSBuZXZlciBoYWQgYW55dGhpbmcgbGlrZSB0aGlzIGluIG15IGxpZmUuIEkgZmVlbCBhIGxpdHRsZSBzaHku,,,,,W05hbGFuZHJvXQpOb3NzYSwgcXVhbnRhIGRldGVybWluYcOnw6NvLiBOdW5jYSB0aXZlIG5hZGEgcGFyZWNpZG8uIEVzdG91IHVtIHBvdWNvIGVudmVyZ29uaGFkby4=,,W0xhenldClF1w6kgcHJvcHVlc3RhIHRhbiBhcGFzaW9uYWRhLiBOdW5jYSBtZSBoYW4gZGljaG8gYWxnbyBhc8OtIGVuIG1pIHZpZGEuIE1lIGRhIHZlcmfDvGVuemEu
zSKhBw,,VGhhdCdzIHNvIGNvb2wu,,,,,SXNzbyDDqSB0w6NvIGxlZ2FsLg==,,RXNvIGVzIGdlbmlhbC4=
ziKhBw,,W1Nlbmlvcl0KSSdtIG5vdCBsZWF2aW5nIHVudGlsIEkgY2xvc2UgaGlzIGJpZyBtb3V0aCEgSSdtIG5vdCBsZWF2aW5nIQ==,,,,,W1ZldGVyYW5vXQpOw6NvIHZvdSBlbWJvcmEgYXTDqSBmZWNoYXIgZXNzYSBtYXRyYWNhIGRlbGUgZGUgdW1hIHZleiEgTsOjbyB2b3UgZW1ib3JhIQ==,,W1ZldGVyYW5vXQrCoU5vIG1lIGlyw6kgaGFzdGEgY2VycmFybGUgbGEgYm9jb3RhISDCoU5vIG1lIGlyw6kh
zyKhBw,,SSdtIG5vdCBsZWF2aW5nIQ==,,,,,TsOjbyB2b3UgZW1ib3JhIQ==,,wqFObyBtZSBpcsOpIQ==
0CKhBw,,SGV5LCBiZWhhdmUgeW91cnNlbGYgYW5kIGxldCdzIGdvIGJhY2suIFdlIGhhdmUgdG8gc2V0IHVwIGEgY291bnRlcm1lYXN1cmUu,,,,,RWksIGNvbXBvcnRlLXNlIGUgdmFtb3Mgdm9sdGFyLiBQcmVjaXNhbW9zIG9yZ2FuaXphciB1bWEgY29udHJhbWVkaWRhLg==,,T3llLCBjb21ww7NydGF0ZSB5IHJlZ3Jlc2Vtb3MuIFRlbmVtb3MgcXVlIGVzdGFibGVjZXIgdW5hIGNvbnRyYW1lZGlkYS4=
0SKhBw,,V2VsbCwgSSBoYXZlIHRvIGNhcnJ5IGhpbS4=,,,,,QmVtLCB0ZXJlaSBxdWUgY2FycmVnw6EtbG8u,,QnVlbm8sIHRlbmdvIHF1ZSBsbGV2YXJsby4=
0iKhBw,,W1Jvb2tpZV0KWWVzLiBMZXQgbWUgaGFuZGxlIHRoaXMgcGxhY2UuIFlvdSBnbyBpbnNpZGUgYW5kIGdldCByZWFkeS4=,,,,,W0x1a2llXQpTaW0uIEV1IGN1aWRvIGRlc3RlIGx1Z2FyLiBWb2PDqiBlbnRyYSBlIHNlIHByZXBhcmEu,,W0x1a2llXQpTw60uIETDqWphbWUgbWFuZWphciBlc3RlIGx1Z2FyLiBFbnRyYSB5IHByZXDDoXJhdGUu
0yKhBw,,W0xlaXppXQpJJ3ZlIG5ldmVyIGltYWdpbmVkIHRoYXQgdGhpcyB3b3VsZCBiZSBkb25lIHNvIHBlcmZlY3RseS4gSSBvd2UgeW91IGZvciB0aGlzLiBUaGFua3Mu,,,,,W05hbGFuZHJvXQpOw6NvIGVzcGVyYXZhIHF1ZSBpc3NvIGFjYWJhcmlhIHTDo28gYmVtLiBFc3RvdSBlbSBkw612aWRhIGNvbSB2b2PDqi4gT2JyaWdhZG8u,,W0xhenldCk51bmNhIGltYWdpbsOpIHF1ZSBlc3RvIHNlIGhhcsOtYSBjb24gdGFudGEgcGVyZmVjY2nDs24uIFRlIGRlYm8gdW4gZmF2b3IuIEdyYWNpYXMu
1CKhBw,,VGhlIGhhcHBpbmVzcyBpcyBhbHdheXMgd2l0aCBtZS4=,,,,,QSBmZWxpY2lkYWRlIHNlbXByZSBtZSBhY29tcGFuaGEu,,TGEgZmVsaWNpZGFkIHNpZW1wcmUgZXN0w6EgY29ubWlnby4=
1SKhBw,,W0xlaXppXQpQbGVhc2UgZ28gYW5kIHNlbmQgdGhlbSBhIG1lc3NhZ2UuIFRlbGwgdGhlbSAnVGhlIEhlcm9uIHNwcmVhZCBpdHMgd2luZ3MnIGFuZCB0aGV5IHdpbGwgdW5kZXJzdGFuZC4=,,,,,W05hbGFuZHJvXQpQb3IgZmF2b3IsIHbDoSBlIGVudmllIHVtYSBtZW5zYWdlbS4gRGlnYSBxdWUgJ0EgR2Fyw6dhIGFicml1IHN1YXMgYXNhcycgZSBlbGVzIGVudGVuZGVyw6NvIHR1ZG8u,,W0xhenldClBvciBmYXZvciwgdmUgeSBlbnbDrWFsZXMgdW4gbWVuc2FqZS4gRGlsZXMg4oCcTGEgZ2FyemEgZGVzcGxlZ8OzIHN1cyBhbGFz4oCdIHkgbG8gZW50ZW5kZXLDoW4u
1iKhBw,,V2hhdCBpcyB0aGF0PyBIZXJvbj8=,,,,,TyBxdWUgw6kgaXNzbz8gR2Fyw6dhPw==,,wr9RdcOpIGVzIGVzbz8gwr9HYXJ6YT8=
1yKhBw,,Q3VyaW91cz8gQXJlIHlvdSByZWFsbHkgY3VyaW91cz8=,,,,,U8OpcmlvPyBRdWFudGEgY3VyaW9zaWRhZGUu,,wr9UaWVuZXMgY3VyaW9zaWRhZD8gwr9SZWFsbWVudGUgc2llbnRlcyBjdXJpb3NpZGFkPw==
2CKhBw,,W3swfV0KU2hvdWxkIEkgZ28gYWxvbmU/IERvbid0IHlvdSBoYXZlIHRvIHNlbmQgdGhlIG1lc3NhZ2UgZGlyZWN0bHk/,,,,,W3swfV0KRGV2byBpciBhIHPDs3M/IFZvY8OqIG7Do28gcHJlY2lzYSBlbnRyZWdhciBhIG1lbnNhZ2VtIHBlc3NvYWxtZW50ZT8=,,W3swfV0Kwr9EZWJlcsOtYSBpciBwb3IgbWkgY3VlbnRhPyDCv05vIHRpZW5lcyBxdWUgZW52aWFyIGVsIG1lbnNhamUgZGlyZWN0YW1lbnRlPw==
2SKhBw,,W0xlaXppXQpJIGFtIHN0YXlpbmcgaGVyZS4gSGFoYWhhLiBJIHJlYWxseSBsaWtlIHRoaXMgZmVsbG93IGFuZCB3ZSBjYW4gd29yayB0b2dldGhlci4=,,,,,W05hbGFuZHJvXQpWb3UgZmljYXIgYXF1aS4gSGFoYWhhLiBFdSBnb3N0byBkZXNzZSBzdWplaXRvLCBlIHBvZGVtb3MgdHJhYmFsaGFyIGp1bnRvcy4=,,W0xhenldCk1lIHF1ZWRvIGFxdcOtLiBKYSwgamEsIGphLiBNZSBhZ3JhZGEgbXVjaG8gZXN0ZSB0aXBvIHkgcG9kZW1vcyB0cmFiYWphciBqdW50b3Mu
2iKhBw,,V2hhdCBkbyB5b3UgdGhpbms/IFlvdSBsaWtlIGl0LiBEb24ndCB5b3U/,,,,,TyBxdWUgdm9jw6ogYWNoYT8gR29zdGEgZGEgaWRlaWEuIE7Do28gZ29zdGE/,,wr9RdcOpIG9waW5hcz8gVGUgYWdyYWRhLCDCv25vPw==
2yKhBw,,W1Jvb2tpZV0KV29yayB3aXRoIG1lPyBJIGRvbid0IHRoaW5rIEkgY2FuIGRvIGFueXRoaW5nIHVzZWZ1bCBmb3IgeW91Lg==,,,,,W0x1a2llXQpUcmFiYWxoYXIgY29taWdvPyBOw6NvIGFjaG8gcXVlIHRlcmVpIHV0aWxpZGFkZSBwYXJhIHZvY8OqLg==,,W0x1a2llXQrCv1RyYWJhamFyIGNvbm1pZ28/IE5vIGNyZW8gcXVlIHB1ZWRhIGhhY2VyIG5hZGEgw7p0aWwgcG9yIHRpLg==
3CKhBw,,W0xlaXppXQpFeGFjdGx5LiBUaGF0J3Mgc29tZXRoaW5nIHlvdSBzaG91bGQgY2hhbmdlLiBTZWxmLWNvbmZpZGVuY2UuIEluIHlvdXIgY2FzZSwgdGhlIGxhY2sgb2YgY29uZmlkZW5jZSBjYXVzZWQgdGhlIGxhY2sgb2Ygc2VsZi1jb25maWRlbmNlLg==,,,,,W05hbGFuZHJvXQpFeGF0YW1lbnRlLiBWb2PDqiBwcmVjaXNhIG11ZGFyIGlzc28uIEF1dG9jb25maWFuw6dhLiBObyBzZXUgY2FzbywgZmFsdGEgZGUgYXV0b2NvbmZpYW7Dp2Eu,,W0xhenldCkV4YWN0YW1lbnRlLiBFc28gZXMgYWxnbyBxdWUgZGViZXLDrWFzIGNhbWJpYXIuIExhIGNvbmZpYW56YSBlbiB1bm8gbWlzbW8uIEVuIHR1IGNhc28sIGVzIHVuIHByb2JsZW1hIGRlIGZhbHRhIGRlIGNvbmZpYW56YS4=
3SKhBw,,W0xlaXppXQpDb25maWRlbmNlIGNhbiBiZSBvYnRhaW5lZCBieSB5b3Vyc2VsZiwgdGhyb3VnaCBhbiBhY2hpZXZlbWVudCBvciBieSBiZWluZyBhcHByb3ZlZCBieSBzb21lb25lIGVsc2UgYSBwZXJzb24uIEl0J3MgaW1wb3NzaWJsZSBoZXJlLiBUaGlzIHBsYWNlIGlzIGxpa2UgYSBzdWl0IHRoYXQgZG9lcyBub3QgZml0IGZvciB5b3Uu,,,,,W05hbGFuZHJvXQpDb25maWFuw6dhIHBvZGUgc2VyIGFkcXVpcmlkYSBpbmRpdmlkdWFsbWVudGUsIHBvciBtZWlvIGRlIHVtYSBjb25xdWlzdGEgb3UgZGEgYXByb3Zhw6fDo28gZGUgb3V0cmEgcGVzc29hLiBBcXVpLCBpc3NvIMOpIGltcG9zc8OtdmVsLiBFc3NlIGx1Z2FyIMOpIGNvbW8gdW1hIGJvdGEgcXVlIG7Do28gY2FiZSBubyBww6ku,,W0xhenldCkxhIGNvbmZpYW56YSBsYSBwdWVkZXMgb2J0ZW5lciB0w7ogbWlzbW8gYSB0cmF2w6lzIGRlIHVuIGxvZ3JvIG8gcG9yIGxhIGFwcm9iYWNpw7NuIGRlIG90cmEgcGVyc29uYS4gQXF1w60gZXMgaW1wb3NpYmxlLiBFc3RlIGx1Z2FyIGVzIGNvbW8gdW4gdHJhamUgcXVlIG5vIHRlIHF1ZWRhIGJpZW4u
3iKhBw,,W0xlaXppXQpBcyBsb25nIGFzIHRoZXJlIGlzIGp1c3Qgb25lIHBlcnNvbiB3aG8gdHJ1c3RzIHlvdSwgeW91IGNhbiBncm93IHRvIGluZmluaXR5Lg==,,,,,W05hbGFuZHJvXQpTZSBhbyBtZW5vcyB1bWEgcGVzc29hIGNvbmZpYXIgZW0gdm9jw6osIHNldSBjcmVzY2ltZW50byBzZXLDoSBpbmZpbml0by4=,,W0xhenldCk1pZW50cmFzIGhheWEgdW5hIHNvbGEgcGVyc29uYSBxdWUgY29uZsOtZSBlbiB0aSwgcG9kcsOhcyBjcmVjZXIgaGFzdGEgZWwgaW5maW5pdG8u
3yKhBw,,W0xlaXppXQpZb3UgbWF5IG5vdCBoYXZlIHJlYWxpemVkIGl0LiBCdXQgeW91IGFyZSBhbHJlYWR5IGRvaW5nIGl0IHRvIGV2ZXJ5b25lIGhlcmUuIFRoZXkgYWxsIGNvdW50aW5nIG9uIHlvdS4gSnVzdCB0cnVzdCB5b3Vyc2VsZiBhIGxpdHRsZSBtb3JlLg==,,,,,W05hbGFuZHJvXQpUYWx2ZXogdm9jw6ogYWluZGEgbsOjbyB0ZW5oYSBwZXJjZWJpZG8uIE1hcyBqw6EgZXN0w6EgZmF6ZW5kbyBpc3NvIGNvbSB0b2RvcyBhcXVpLiBUb2RvcyBhcXVpIGRlcGVuZGVtIGRlIHZvY8OqLiBUZW5oYSBtYWlzIGNvbmZpYW7Dp2EgZW0gc2kgbWVzbW8u,,W0xhenldClF1aXrDoSBubyB0ZSBoYXlhcyBkYWRvIGN1ZW50YS4gUGVybyB5YSBsbyBlc3TDoXMgaGFjaWVuZG8gY29uIHRvZG8gZWwgbXVuZG8gYXF1w60uIFRvZG9zIGN1ZW50YW4gY29udGlnby4gQ29uZsOtYSB1biBwb2NvIG3DoXMgZW4gdGkgbWlzbW8u
4CKhBw,,W0xlaXppXQpJZiB5b3UgZG9uJ3QgZ2V0IGl0LCB0cnVzdCBtZS4gQmVjYXVzZSBJIHRydXN0IHlvdS4=,,,,,W05hbGFuZHJvXQpTZSBuw6NvIGVudGVuZGV1LCBjb25maWUgZW0gbWltLiBQb3JxdWUgZXUgY29uZmlvIGVtIHZvY8OqLg==,,W0xhenldClNpIG5vIGxvIGVudGllbmRlcywgY29uZsOtYSBlbiBtw60uIFBvcnF1ZSB5byBjb25mw61vIGVuIHRpLg==
4SKhBw,,VGhpcyBpcyBjYWxsZWQgJ2luZmluaXRlIGNvbmZpZGVuY2UnLg==,,,,,Q2hhbWFtIGlzc28gZGUgJ2NvbmZpYW7Dp2EgbcO6dHVhJy4=,,RXN0byBzZSBsbGFtYSDigJxjb25maWFuemEgaW5maW5pdGHigJ0u
4iKhBw,,W0xlaXppXQpOb3cgdGhlIGdlbmVyYXRpb24gaGFzIHNoaWZ0ZWQuIFRvZGF5IGlzIHRoZSBsYXN0IGRheSBmb3IgdGhlIG9sZCBnZW5lcmF0aW9uIGFuZCB0aGUgZmlyc3QgZGF5IGZvciB0aGUgbmV3IGdlbmVyYXRpb24uIEFuZCB5b3UgYXJlIHRoZSBsaW5rLg==,,,,,W05hbGFuZHJvXQpBZ29yYSwgYSBlcmEgc2UgdHJhbnNmb3Jtb3UuIEhvamUgw6kgbyDDumx0aW1vIGRpYSBkYSBhbnRpZ2EgZXJhLCBlIG8gcHJpbWVpcm8gZGEgbm92YS4gRSB2b2PDqiDDqSBvIGVsby4=,,W0xhenldCkFob3JhIGxhIGdlbmVyYWNpw7NuIGhhIGNhbWJpYWRvLiBIb3kgZXMgZWwgw7psdGltbyBkw61hIHBhcmEgbGEgdmllamEgZ2VuZXJhY2nDs24geSBlbCBwcmltZXJvIHBhcmEgbGEgbnVldmEuIFkgdMO6IGVyZXMgbGEgY29uZXhpw7NuLg==
4yKhBw,,W0xlaXppXQpZb3UncmUgdG9vIGdvb2QgdG8gd2FzdGUgeW91ciB0YWxlbnQgaGVyZS4=,,,,,W05hbGFuZHJvXQpWb2PDqiDDqSBib20gZGVtYWlzIHBhcmEgZGVzcGVyZGnDp2FyIHNldSB0YWxlbnRvIGFxdWku,,W0xhenldCkVyZXMgZGVtYXNpYWRvIGJ1ZW5vIHBhcmEgZGVzcGVyZGljaWFyIHR1IHRhbGVudG8gYXF1w60u
5CKhBw,,W0xlaXppXQpGaXJzdCwgeW91IGhhZCB0aGUgYWJpbGl0eSB0byBmaW5kIG91dCB0aGF0IEkgaGFkIGEgY2VydGFpbiBwdXJwb3NlLiBZb3Ugd2VyZSBhbHNvIGFibGUgdG8gZmluZCBvdXQgd2hhdCdzIGhlbHBmdWwgZm9yIFJlYmVsbGlvbnMuIFRoZW4geW91IGhhZCB0aGUgZ3V0cyB0byBpbXBsZW1lbnQgaXQuIFlvdSBhbHNvIGhhdmUgdGhlIGh1bWFuaXR5Li4u,,,,,W05hbGFuZHJvXQpQcmltZWlybywgdm9jw6ogZm9pIGNhcGF6IGRlIGRlc2NvYnJpciBxdWUgZXUgdGluaGEgdW0gcHJvcMOzc2l0by4gVm9jw6ogdGFtYsOpbSBjb25zZWd1aXUgZGVzY29icmlyIG8gcXVlIMOpIMO6dGlsIHBhcmEgSW5zdXJnZW50ZXMuIEVtIHNlZ3VpZGEsIHZvY8OqIHRldmUgYSBjb3JhZ2VtIGRlIGltcGxlbWVudGFyIHN1YSBkZXNjb2JlcnRhLiBWb2PDqiB0YW1iw6ltIHRlbSBodW1hbmlkYWRlLi4u,,W0xhenldCkVuIHByaW1lciBsdWdhciwgcHVkaXN0ZSBkYXJ0ZSBjdWVudGEgZGUgcXVlIHlvIHRlbsOtYSB1biBwcm9ww7NzaXRvIGVzcGVjw61maWNvLiBUYW1iacOpbiBsb2dyYXN0ZSBkZXNjdWJyaXIgcXXDqSBlcyDDunRpbCBwYXJhIGxhIFJlYmVsacOzbi4gTHVlZ28sIHR1dmlzdGUgZWwgdmFsb3IgZGUgcG9uZXJsbyBlbiBwcsOhY3RpY2EuIFRhbWJpw6luIHRpZW5lcyB1biBsYWRvIGh1bWFuby4uLg==
5SKhBw,,W0xlaXppXQpKdXN0IGEgbGl0dGxlIHBvbGlzaGluZyB3aWxsIGhlbHAgeW91IHNwcmVhZCB5b3VyIHdpbmdzLiBZb3UncmUgc3VwcG9zZWQgdG8gdXNlIHlvdXIgYnJhaW4uIFdoeSBkbyB5b3Ugc3VmZmVyIGJ5IHdvcmtpbmcgcGh5c2ljYWxseT8=,,,,,W05hbGFuZHJvXQpCYXN0YSB1bSBwb3VjbyBkZSBwcsOhdGljYSBwYXJhIHZvY8OqIGFicmlyIHN1YXMgYXNhcy4gVm9jw6ogZGV2ZXJpYSBlc3RhciB1c2FuZG8gc3VhIGludGVsaWfDqm5jaWEuIFBvciBxdWUgc29mcmUgZmF6ZW5kbyB0cmFiYWxobyBtYW51YWw/,,W0xhenldClNvbG8gaGFjZSBmYWx0YSBwdWxpciBhbGd1bm9zIGRldGFsbGVzIHkgcG9kcsOhcyBkZXNwbGVnYXIgdHVzIGFsYXMuIFNlIHN1cG9uZSBxdWUgZGViZXMgdXNhciBlbCBjZXJlYnJvLiDCv1BvciBxdcOpIHN1ZnJlcyB0cmFiYWphbmRvIGbDrXNpY2FtZW50ZT8=
5iKhBw,,V2luZ3M/IFNvIGl0J3Mgd2hhdCB5b3UgbWVhbnQgd2hlbiB5b3UgbWVudGlvbmVkIEhlcm9uPw==,,,,,QXNhcz8gRW50w6NvIMOpIGlzc28gcXVlIHZvY8OqIHF1aXMgZGl6ZXIgcXVhbmRvIG1lbmNpb25vdSB1bWEgR2Fyw6dhPw==,,wr9BbGFzPyDCv0Fzw60gcXVlIHRlIHJlZmVyw61hcyBhIGVzdG8gY3VhbmRvIG1lbmNpb25hc3RlIGxvIGRlIGxhIGdhcnphPw==
5yKhBw,,U3RyaWN0bHkgc3BlYWtpbmcsIG5vLiBCdXQgbGV0J3Mgc2F5IGl0IGlzIHNpbWlsYXIu,,,,,TmEgdmVyZGFkZSwgbsOjby4gTWFzIGRpZ2Ftb3MgcXVlIGZvaSBhbGdvIHNlbWVsaGFudGUu,,RXN0cmljdGFtZW50ZSBoYWJsYW5kbywgbm8uIFBlcm8gZGlnYW1vcyBxdWUgZXMgc2ltaWxhci4=
6CKhBw,,W0xlaXppXQpJZiB5b3Ugd2FudCwgSSBjYW4gaGVscCB5b3UuIFdoYXQgZG8geW91IHRoaW5rPyBJIG5lZWQgYSBwYXJ0bmVyIGFuZCBJJ20gc3VyZSB3ZSBjYW4gbWFrZSBhIGdyZWF0IGR1by4=,,,,,W05hbGFuZHJvXQpTZSBxdWlzZXIsIHBvc3NvIGFqdWRhci4gTyBxdWUgdm9jw6ogYWNoYT8gUHJlY2lzbyBkZSB1bSBwYXJjZWlybywgZSB0ZW5obyBjZXJ0ZXphIGRlIHF1ZSBmYXJlbW9zIHVtYSDDs3RpbWEgZHVwbGEu,,W0xhenldClNpIHF1aWVyZXMsIHB1ZWRvIGF5dWRhcnRlLiDCv1F1w6kgb3BpbmFzPyBOZWNlc2l0byB1biBjb21wYcOxZXJvIHkgZXN0b3kgc2VndXJvIGRlIHF1ZSBwb2RlbW9zIGhhY2VyIHVuIGdyYW4gZMO6by4=
6SKhBw,,WW91IHNhaWQgeW91J2QgbWFrZSBhIGR1byB3aXRoIG1lLg==,,,,,Vm9jw6ogZGlzc2UgcXVlIGZhcmlhIHVtYSBkdXBsYSBjb21pZ28u,,RGlqaXN0ZSBxdWUgaGFyw61hcyB1biBkw7pvIGNvbm1pZ28u
6iKhBw,,QWR2ZW50dXJlci4gSSBrbm93IHlvdSdkIGxlYXZlIG1lIHNvb24u,,,,,VmlhamFudGUuIEV1IHNlaSBxdWUgdm9jw6ogbG9nbyBtZSBkZWl4YXLDoS4=,,VHJvdGFtdW5kb3MuIFPDqSBxdWUgbWUgZGVqYXLDoXMgcHJvbnRvLg==
6yKhBw,,W1Jvb2tpZV0KT2gsIGNvdWxkIHlvdSBiZSBleHBsYWluIGl0IHRvIG1lIGluIGRldGFpbD8=,,,,,W0x1a2llXQpBaCwgcG9kZSBtZSBleHBsaWNhciBtZWxob3I/,,W0x1a2llXQrCv1BvZHLDrWFzIGV4cGxpY8Ohcm1lbG8gY29uIGRldGFsbGU/
7CKhBw,,W0xlaXppXQpTdXJlLiBJIGhhdmUgcGxlbnR5IG9mIHRpbWUuIEJ5IHRoZSB3YXksIGlzIGl0IG9rYXkgZm9yIG1lIHRvIHN0YXkgaGVyZSBjb250aW51b3VzbHk/,,,,,W05hbGFuZHJvXQpDbGFyby4gVGVuaG8gYmFzdGFudGUgdGVtcG8uIEFsacOhcywgdGVtIGFsZ3VtIHByb2JsZW1hIHNlIGV1IGZpY2FyIHBvciBhcXVpPw==,,W0xhenldCkNsYXJvLiBUZW5nbyB0aWVtcG8gZGUgc29icmEuIFBvciBjaWVydG8sIMK/ZXN0w6EgYmllbiBxdWUgbWUgcXVlZGUgYXF1w60gcGVybWFuZW50ZW1lbnRlPw==
7SKhBw,,W1Jvb2tpZV0KV2UgYXJlIG5vdyBjb29wZXJhdGluZywgYXJlbid0IHdlPw==,,,,,W0x1a2llXQpOw7NzIGVzdGFtb3MgY29vcGVyYW5kbywgbsOjbyDDqT8=,,W0x1a2llXQpBaG9yYSBlc3RhbW9zIGNvb3BlcmFuZG8sIMK/bm8/
7iKhBw,,V2U/IERpZCB5b3Ugc2F5ICd3ZSc/IFlvdSBwZW9wbGUgYXJlIHNvIGNvb2wu,,,,,TsOzcz8gVm9jw6ogZGlzc2UgTsOTUz8gVm9jw6pzIHPDo28gdMOjbyBsZWdhaXMu,,wr9Fc3RhbW9zPyDCv0RpamlzdGUg4oCcZXN0YW1vc+KAnT8gVXN0ZWRlcyBzb24gZ2VuaWFsZXMu
7yKhBw,,W3swfV0KRG9uJ3QgeW91IHRoaW5rIHlvdSdyZSBzY291dGluZyBoaW0gdG9vIHBsYWlubHkgaW4gc29tZW9uZSBlbHNlJ3MgaG91c2U/,,,,,W3swfV0KVm9jw6ogbsOjbyBhY2hhIHF1ZSDDqSBlcnJhZG8gcmVjcnV0YXIgZWxlIGFzc2ltLCBuYSBmcmVudGUgZGFzIG91dHJhcyBwZXNzb2FzPw==,,W3swfV0Kwr9ObyBjcmVlcyBxdWUgZXN0w6EgbWFsIHJlY2x1dGFybG8gYXPDrSwgZGVsYW50ZSBkZSBvdHJhcyBwZXJzb25hcz8=
8CKhBw,,W0xlaXppXQpJcyB0aGVyZSBhbnl0aGluZyB3cm9uZyB3aXRoIGl0PyBZb3UgaGF2ZSB0aGlzIHRhbGVudGVkIGd1eSBidXQgeW91IGFyZSBub3QgdXRpbGl6aW5nIGhpcyBhYmlsaXR5LiBBcmUgeW91PyBIZSdzIHNvIHRhbGVudGVkIQ==,,,,,W05hbGFuZHJvXQpPIHF1ZSBow6EgZGUgZXJyYWRvIG5pc3NvPyBUYW50byB0YWxlbnRvLCBlIG5pbmd1w6ltIHVzYSBzdWFzIGhhYmlsaWRhZGVzLiBVc2E/IEVsZSDDqSB0w6NvIHRhbGVudG9zbyE=,,W0xhenldCsK/UXXDqSB0aWVuZSBkZSBtYWxvPyDCoVRpZW5lIHRhbnRvIHRhbGVudG8geSBuYWRpZSBsbyBhcHJvdmVjaGEhIMK/TyBzw60/IMKhRXMgdGFuIHRhbGVudG9zbyE=
8SKhBw,,SSB0aGluayB5b3UgYXJlIHJlZ2FyZGluZyBoaW0gYXMgYW4gaXRlbS4=,,,,,UGFyZWNlIHF1ZSB2b2PDqiBjb25zaWRlcmEgZWxlIHVtIGl0ZW0u,,Q3JlbyBxdWUgZXN0w6FzIGhhYmxhbmRvIGNvbW8gc2kgZnVlcmEgdW4gb2JqZXRvLg==
8iKhBw,,QWxyZWFkeT8=,,,,,SsOhPw==,,wr9ZYT8=
8yKhBw,,W0xlaXppXQpXaGF0IGRpZCBoZSBzYXk/,,,,,W05hbGFuZHJvXQpPIHF1ZSBlbGUgZGlzc2U/,,W0xhenldCsK/UXXDqSBkaWpvPw==
9CKhBw,,W1Jvb2tpZV0KSGUgc2F5cyB3ZSBoYXZlIHByZXBhcmVkIHNvbWVvbmUgdG8gcHJvY2VlZCB0aGUgY29vcGVyYXRpb24uIElmIHlvdSBnbyB0byB0aGUgcGFzc2FnZSB0byB0aGUgc3RvcmUsIHlvdSBjYW4gbWVldCB0aGF0IHBlcnNvbi4=,,,,,W0x1a2llXQpFbGUgZGlzc2UgcXVlIHByZXBhcmFtb3MgYWxndcOpbSBwcmEgZGFyIGNvbnRpbnVpZGFkZSDDoCBjb29wZXJhw6fDo28uIFNlIGZvciBhdMOpIGEgcGFzc2FnZW0gZGEgbG9qYSwgdm9jw6ogZW5jb250cmFyw6EgZXNzYSBwZXNzb2Eu,,W0x1a2llXQpEaWNlIHF1ZSBwcmVwYXJhbW9zIGEgYWxndWllbiBwYXJhIHF1ZSBwcm9jZWRhIGNvbiBsYSBjb29wZXJhY2nDs24uIFNpIHZhcyBwb3IgZWwgcGFzYWplIGhhY2lhIGVsIG1lcmNhZG8sIHBvZHLDoXMgZW5jb250cmFydGUgY29uIGVzYSBwZXJzb25hLg==
9SKhBw,,VGhhbmtzLg==,,,,,VmFsZXUu,,R3JhY2lhcy4=
9iKhBw,,W3swfV0KWWVzLiBJIHdpbGwgbWVldCB0aGF0IHBlcnNvbiBhbmQgbGlzdGVuLg==,,,,,W3swfV0KU2ltLiBWYW1vcyBlbmNvbnRyYXIgZXNzYSBwZXNzb2EgZSBvdXZpciBvIHF1ZSBlbGEgdGVtIGEgZGl6ZXIu,,W3swfV0KU8OtLiBNZSByZXVuaXLDqSBjb24gZXNhIHBlcnNvbmEgeSBsYSBlc2N1Y2hhcsOpLg==
9yKhBw,,W0xlaXppXQpBZHZlbnR1cmVyLCBJIG5lZWQgdG8gaGF2ZSBhIGxvbmcgdGFsayBmcm9tIG5vdyBvbi4gU28gSSdtIGNvdW50aW5nIG9uIHlvdS4gV2hlbiB5b3UgZ28gdGhlcmUsIGRvbid0IGZvcmdldCB0byB1c2UgdGhhdCBwbGFjZS4gSSBtZWFuICd0aGF0IHBsYWNlJy4=,,,,,W05hbGFuZHJvXQpQcmVjaXNvIHRlciB1bWEgbG9uZ2EgY29udmVyc2EgYWdvcmEuIEVudMOjbyBjb250byBjb20gdm9jw6ouIFF1YW5kbyBmb3IgbMOhLCBuw6NvIGVzcXVlw6dhIGRlIHVzYXIgYXF1ZWxlIGx1Z2FyLiBRdWVybyBkaXplciAnYXF1ZWxlIGx1Z2FyJy4=,,W0xhenldClRyb3RhbXVuZG9zLCBuZWNlc2l0byB0ZW5lciB1bmEgbGFyZ2EgY2hhcmxhIGEgcGFydGlyIGRlIGFob3JhLiBBc8OtIHF1ZSBjdWVudG8gY29udGlnby4gQ3VhbmRvIHZheWFzLCBubyBvbHZpZGVzIHZpc2l0YXIgZXNlIGx1Z2FyLiBNZSByZWZpZXJvIGEg4oCcZXNlIGx1Z2Fy4oCdLg==
+CKhBw,,W3swfV0KUGFyZG9uPyBJIHNlZS4uIFNlZSB5b3UgbGF0ZXIu,,,,,W3swfV0KSGVpbj8gRW50ZW5kaS4uLiBWZWpvIHZvY8OqIGRlcG9pcy4=,,W3swfV0Kwr9QZXJkw7NuPyBZYSB2ZW8uLi4gSGFzdGEgbHVlZ28u
+SKhBw,,W0xlaXppXQpZaWtlcyEgV2FpdCBhIG1pbnV0ZSEgSSBhbG1vc3QgZm9yZ290LiBUaGlzIGlzIHRoZSByZXdhcmQgc3BlY2lhbGx5IHByZXBhcmVkIGZvciB0aGlzIG1pc3Npb24uIEkgYW0gZ2l2aW5nIGFsbCBvZiB0aGVtIHRvIHlvdS4gWW91IGNhbiBleGNoYW5nZSB0aGlzIHdpdGggc29tZXRoaW5nIHVzZWZ1bC4=,,,,,W05hbGFuZHJvXQpDYXJhbWJhISBFc3BlcmUgdW0gbWludXRvISBFdSBxdWFzZSBlc3F1ZWNpLiBFc3RhIMOpIGEgcmVjb21wZW5zYSBwcmVwYXJhZGEgZXNwZWNpYWxtZW50ZSBwYXJhIGVzc2EgbWlzc8Ojby4gRXN0b3UgZW50cmVnYW5kbyB0dWRvIGEgdm9jw6ouIFZvY8OqIHBvZGUgdHJvY2FyIGlzc28gcG9yIGFsZ28gw7p0aWwu,,W0xhenldCsKhVmF5YSEgwqFFc3BlcmEgdW4gbW9tZW50byEgQ2FzaSBsbyBvbHZpZG8uIEVzdGUgZXMgZWwgcHJlbWlvLCBwcmVwYXJhZG8gZXNwZWNpYWxtZW50ZSBwYXJhIGVzdGEgbWlzacOzbi4gVGUgZG95IHRvZG8gYSB0aS4gUHVlZGVzIGNhbWJpYXJsbyBwb3IgYWxnbyDDunRpbC4=
+iKhBw,,W3swfV0KVG9rZW4gb2YgSG9ub3I/,,,,,W3swfV0KQnJhc8OjbyBkZSBIb25yYT8=,,W3swfV0Kwr9Fc2N1ZG8gZGUgSG9ub3I/
+yKhBw,,W0xlaXppXQpTZWVtcyBsaWtlIHRoZSBkdWxsIG1pZGRsZS1hZ2VkIHBlcnNvbiBzdGFuZGluZyBiZXNpZGUgdGhlIHN0YWlycyByZWNlaXZlcyB0aGUgdG9rZW5zLiBIaXMgbmFtZSBpcyBTdHJhc3NlLiBJZiB5b3UgYXJlIGludGVyZXN0ZWQsIGdvLg==,,,,,W05hbGFuZHJvXQpQYXJlY2UgcXVlIGEgcGVzc29hIGRlIG1laWEtaWRhZGUgcXVlIGZpY2EgYW8gbGFkbyBkYXMgZXNjYWRhcyByZWNlYmUgb3MgQnJhc8O1ZXMuIE8gbm9tZSBkZWxlIMOpIFN0cmFzc2UuIFNlIGlzc28gdGUgaW50ZXJlc3NhciwgdsOhLg==,,W0xhenldClBhcmVjZSBxdWUgZWwgam92ZW4gYWJ1cnJpZG8gcXVlIGVzdMOhIGp1bnRvIGEgbGFzIGVzY2FsZXJhcyByZWNpYmUgbGFzIG11ZXN0cmFzLiBTZSBsbGFtYSBTdHJhc3NlLiBTaSB0ZSBpbnRlcmVzYSwgdmUu
/CKhBw,,W0xlaXppXQpJIGdhdmUgeW91IGV2ZXJ5dGhpbmcuIEJ5ZSBub3cuIFNheSBoZWxsbyB0byB0aGUgUHJlc2lkZW50ISE=,,,,,W05hbGFuZHJvXQpKw6EgZW50cmVndWVpIHR1ZG8gYSB2b2PDqi4gQWRldXMuIERpZ2Egb2kgcGFyYSBvIFByZXNpZGVudGUgcG9yIG1pbSE=,,W0xhenldClRlIGRpIHRvZG8uIEFkacOzcy4gwqFTYWx1ZGEgYWwgcHJlc2lkZW50ZSE=
/SKhBw,,VGVsbCBoaXMgZXhjZWxsZW5jeSB0byB3YWl0IGZvciBhIHdoaWxlIGV2ZW4gaWYgaGlzIGV4Y2VsbGVuY3kgbWlzc2VzIG1lLg==,,,,,RGlnYSBhIFN1YSBFeGNlbMOqbmNpYSBwYXJhIGVzcGVyYXIgdW0gcG91Y28gc2Ugc2VudGlyIG1pbmhhIGZhbHRhLg==,,RGlsZSBhIFN1IEV4Y2VsZW5jaWEgcXVlIGVzcGVyZSB1biBwb2NvLCBhdW5xdWUgbWUgZXh0cmHDsWUu
/iKhBw,,UGxlYXNlIHZpc2l0IHVzIGFnYWluLCBhZHZlbnR1cmVyLg==,,,,,UG9yIGZhdm9yLCB2aXNpdGUtbm9zIG5vdmFtZW50ZS4=,,VnVlbHZlIGEgdmlzaXRhcm5vcywgdHJvdGFtdW5kb3Mu
/yKhBw,,W0xlaXppXQpBZHZlbnR1cmVyISBIb3cgd2FzIGl0PyBZb3UgbWV0IGFsbCBvZiB0aGVtIGFuZCBwZXJzdWFkZWQgdGhlbT8gTm90IHlldD8gSSBndWVzcyBub3QuIElmIHlvdSBnbyB0byB0aGUgMm5kIGZsb29yLCB5b3UgY2FuIG1lZXQgYWxsIG9mIHRoZW0u,,,,,W05hbGFuZHJvXQpBdmVudHVyZWlybyEgQ29tbyBmb2k/IEVuY29udHJvdSB0b2RvcyBlIG9zIGNvbnZlbmNldT8gQWluZGEgbsOjbz8gQWNobyBxdWUgbsOjby4gU2UgZm9yIGF0w6kgbyAywrogYW5kYXIsIGVuY29udHJhcsOhIHRvZG9zIGVsZXMu,,W0xhenldCsKhVHJvdGFtdW5kb3MhIMK/Q8OzbW8gdGUgZnVlPyDCv1RlIHJldW5pc3RlIGNvbiB0b2RvcyB5IGxvcyBjb252ZW5jaXN0ZT8gwr9Ub2RhdsOtYSBubz8gU3Vwb25nbyBxdWUgbm8uIFNpIHZhcyBhbCBzZWd1bmRvIHBpc28sIHBvZHLDoXMgY29ub2NlcmxvcyBhIHRvZG9zLg==
ACOhBw,,W0xlaXppXQpJIHdpbGwgYmUgY2hlZXJpbmcgZm9yIHlvdS4gR28sIGFkdmVudHVyZXIh,,,,,W05hbGFuZHJvXQpFc3RvdSB0b3JjZW5kbyBwb3Igdm9jw6ouIEFnb3JhIHbDoSE=,,W0xhenldClRlIGVzdGFyw6kgYW5pbWFuZG8uIMKhVmFtb3MsIHRyb3RhbXVuZG9zIQ==
ASOhBw,,W0xlaXppXQpZbyEgV2VsY29tZSEgRG8geW91IHdhbnQgYSBjdXAgb2YgdGVhPyBEaWQgeW91IHNlbmQgdGhlIG1lc3NhZ2UgcHJvcGVybHk/,,,,,W05hbGFuZHJvXQpFIGHDrSEgQm9hcy12aW5kYXMhIEdvc3RhcmlhIGRlIHVtYSB4w61jYXJhIGRlIGNow6E/IFZvY8OqIGVudHJlZ291IGEgbWVuc2FnZW0gZGlyZWl0bz8=,,W0xhenldCsKhT3llISDCoUxsZWdhc3RlISDCv1F1aWVyZXMgdW5hIHRhemEgZGUgdMOpPyDCv0Vudmlhc3RlIGVsIG1lbnNhamUgY29ycmVjdGFtZW50ZT8=
AiOhBw,,U2VuaW9y,,,,,VmV0ZXJhbm8=,,VmV0ZXJhbm8=
AyOhBw,,Um9va2ll,,,,,THVraWU=,,THVraWU=
BCOhBw,,W1Jvb2tpZV0KV2h5IGRvIHlvdSBjYXJyeSBzbyBtYW55IHN0dWZmcz8gVW5sZXNzIHlvdSB3YW50IHRvIGdpdmUgdGhlbSBhd2F5LCBtYWtlIHlvdXIgYmFnIGxpZ2h0ZXIgYW5kIGNvbWUgYmFjay4=,,,,,W0x1a2llXQpQb3IgcXVlIHZvY8OqIGNhcnJlZ2EgdGFudGEgY29pc2E/IEEgbWVub3MgcXVlIHF1ZWlyYSBmYXplciB1bWEgZG9hw6fDo28sIGVzdmF6aWUgc3VhIG1vY2hpbGEgZSB2b2x0ZSBhcXVpLg==,,W0x1a2llXQrCv1BvciBxdcOpIGxsZXZhcyB0YW50YXMgY29zYXM/IEEgbWVub3MgcXVlIHF1aWVyYXMgcmVnYWxhcmxhcywgZGVzaGF6dGUgZGUgYWxndW5hcyBjb3NhcyB5IHJlZ3Jlc2Eu
BSOhBw,,W1Jvb2tpZV0KSWYgeW91IHZhbHVlIHlvdXIgbGlmZSwgZG9uJ3Qgc3RpbXVsYXRlIHRoZSBwZW9wbGUgaGVyZS4gTWFueSBvZiB0aGVtIGFyZSBzaG9ydC10ZW1wZXJlZC4=,,,,,W0x1a2llXQpTZSB0ZW0gYW1vciDDoCBzdWEgdmlkYSwgbsOjbyBwcm92b3F1ZSBhcyBwZXNzb2FzIGFxdWkuIFbDoXJpYXMgZGVsYXMgdMOqbSB1bSBwYXZpbyBjdXJ0by4=,,W0x1a2llXQpTaSBhcHJlY2lhcyB0dSB2aWRhLCBubyBwcm92b3F1ZXMgYSBsYSBnZW50ZSBkZSBhcXXDrS4gTXVjaG9zIHNvbiBtdXkgdGVtcGVyYW1lbnRhbGVzLg==
BiOhBw,,W1Jvb2tpZV0KQXMgeW91IHByb21pc2VkIG1lLCBqdXN0IGRyaW5rIGEgY3VwIG9mIHRlYSBhbmQgZ28gYmFjay4=,,,,,W0x1a2llXQpDb21vIHByb21ldGV1LCBhcGVuYXMgYmViYSB1bWEgeMOtY2FyYSBkZSBjaMOhIGUgdm9sdGUu,,W0x1a2llXQpDb21vIG1lIHByb21ldGlzdGUsIHTDs21hdGUgdW5hIHRhemEgZGUgdMOpIHkgcmVncmVzYS4=
ByOhBw,,W1Jvb2tpZV0KRGlkIHlvdSBtZWV0IGV2ZXJ5b25lIG9uIHRoZSAybmQgZmxvb3I/IEdyZWF0IGpvYi4gSXQgbXVzdCBoYXZlIGJlZW4gZnJpZ2h0ZW5pbmcu,,,,,W0x1a2llXQpWb2PDqiBlbmNvbnRyb3UgdG9kbyBtdW5kbyBubyAywrogYW5kYXI/IEJvbSB0cmFiYWxoby4gRGV2ZSB0ZXIgc2lkbyBhc3N1c3RhZG9yLg==,,W0x1a2llXQrCv0Nvbm9jaXN0ZSBhIHRvZG9zIGxvcyBkZWwgc2VndW5kbyBwaXNvPyBHcmFuIHRyYWJham8uIERlYmnDsyBkZSBzZXIgYXRlcnJhZG9yLg==
CCOhBw,,W1Jvb2tpZV0KQWx0aG91Z2ggdGhleSBhcmUgcXVpdGUgZnJpZ2h0ZW5pbmcuLi4gdGhleSBhcmUgYWxsIGdvb2QgcGVvcGxlLg==,,,,,W0x1a2llXQpFbGVzIHBvZGVtIHNlciBtZWlvIGFzc3VzdGFkb3Jlcy4uLiBtYXMgc8OjbyBib2FzIHBlc3NvYXMu,,W0x1a2llXQpBdW5xdWUgZGFuIGJhc3RhbnRlIG1pZWRvLi4uIHNvbiB0b2RvcyBidWVuYSBnZW50ZS4=
CSOhBw,,W1Jvb2tpZV0KRG9uJ3QgeW91IGhhdmUgdG8gcmVwb3J0IHRvIExlaXppIG5vdz8=,,,,,W0x1a2llXQpWb2PDqiBuw6NvIHByZWNpc2EgaXIgZmFsYXIgY29tIE5hbGFuZHJvIGFnb3JhPw==,,W0x1a2llXQrCv05vIHRpZW5lcyBxdWUgaW5mb3JtYXIgYSBMYXp5IGFob3JhPw==
CiOhBw,,W1Jvb2tpZV0KRGlkIHlvdSBtZWV0IGFsbCBvZiB0aGVtPyBUaGV5IG11c3QgYmUgb24gdGhlIDJuZCBmbG9vci4=,,,,,W0x1a2llXQpWb2PDqiBlbmNvbnRyb3UgdG9kb3MgZWxlcz8gRGV2ZW0gZXN0YXIgbm8gMsK6IGFuZGFyLg==,,W0x1a2llXQrCv0xvcyBjb25vY2lzdGUgYSB0b2Rvcz8gRGViZW4gZXN0YXIgZW4gZWwgc2VndW5kbyBwaXNvLg==
CyOhBw,,W1Jvb2tpZV0KQ2FuIHlvdSBzZWUgdGhlIGRvb3JzIG9uIHRoZSAybmQgZmxvb3I/IEp1c3QgdmlzaXQgZm91ciBvZiB0aGVtLg==,,,,,W0x1a2llXQpFc3TDoSB2ZW5kbyBhcyBwb3J0YXMgcGFyYSBvIDLCuiBhbmRhcj8gVsOhIHZpc2l0YXIgYXMgNCBwZXNzb2FzLg==,,W0x1a2llXQrCv1B1ZWRlcyB2ZXIgbGFzIHB1ZXJ0YXMgZGVsIHNlZ3VuZG8gcGlzbz8gU29sbyBoYXkgcXVlIHZpc2l0YXIgY3VhdHJvIGRlIGVsbGFzLg==
DCOhBw,,W1Jvb2tpZV0KQXMgbG9uZyBhcyB5b3UgYmVoYXZlIHlvdXJzZWxmLi4uIG5vdGhpbmcgYmFkIHdpbGwgaGFwcGVuLiBNYXliZS4uLj8=,,,,,W0x1a2llXQpDb250YW50byBxdWUgdm9jw6ogc2UgY29tcG9ydGUuLi4gbmFkYSBkZSBtYXUgdmFpIGFjb250ZWNlci4gVGFsdmV6Li4u,,W0x1a2llXQpNaWVudHJhcyB0ZSBjb21wb3J0ZXMuLi4gbm8gcGFzYXLDoSBuYWRhIG1hbG8uIMK/UXVpesOhLi4uPw==
DSOhBw,,W1Jvb2tpZV0KV2VsY29tZSwgYWR2ZW50dXJlci4=,,,,,W0x1a2llXQpCb2FzLXZpbmRhcywgYXZlbnR1cmVpcm8u,,W0x1a2llXQpIb2xhLCB0cm90YW11bmRvcy4=
DiOhBw,,W1Jvb2tpZV0KQWx0aG91Z2ggeW91IGRpZG4ndCBoYXZlIHRvIGNvbWUgaGVyZSwgeW91IHRvb2sgdGhlIHRyb3VibGUuIEkgbWVhbi4uLiBUaGFua3Mu,,,,,W0x1a2llXQpGb2kgYm9uZGFkZSBzdWEgdGVyIHZpbmRvIGF0w6kgYXF1aS4gUXVlcm8gZGl6ZXIuLi4gT2JyaWdhZG8u,,W0x1a2llXQpBdW5xdWUgbm8gdGVuw61hcyBwb3IgcXXDqSB2ZW5pciwgbG8gaGljaXN0ZS4gRXMgZGVjaXIuLi4gR3JhY2lhcy4=
DyOhBw,,W3swfV0KLi4uWW91IHRvbGQgbWUgSSBoYWQgdG8gY29tZSBoZXJlLCBkaWRuJ3QgeW91Pw==,,,,,W3swfV0KLi4uVm9jw6ogbWUgZGlzc2UgcGFyYSB2aXIgYXTDqSBhcXVpLCBuw6NvIGZvaT8=,,W3swfV0KLi4uTWUgZGlqaXN0ZSBxdWUgdGVuw61hIHF1ZSB2ZW5pciBhcXXDrSwgwr9ubz8=
ECOhBw,,W0Rlbm55XQpUaGF0J3MgcmlnaHQhIEkgdG9sZCB5b3UgdG8gY29tZSEhIQ==,,,,,W0Rlbm55XQpJc3NvIG1lc21vISBFdSBkaXNzZSBwYXJhIHZvY8OqIHZpciEhIQ==,,W0Rlbm55XQrCoUFzw60gZXMhIMKhVGUgZGlqZSBxdWUgdmluaWVyYXMh
ESOhBw,,W0Rlbm55XQpIZXJlIGNvbWUgRGVubnksIHRoZSBzdXBlcnN0YXIhISE=,,,,,W0Rlbm55XQpMw6EgdmVtIERlbm55LCBvIHN1cGVyYXN0cm8h,,W0Rlbm55XQrCoUFow60gdmllbmUgRGVubnksIGxhIHN1cGVyZXN0cmVsbGEh
EiOhBw,,W1Jvb2tpZV0KQ2FuJ3QgeW91IHBsZWFzZSBza2lwIHRoYXQgcGVyZm9ybWFuY2U/,,,,,W0x1a2llXQpWb2PDqiBwb2RlcmlhIHBhcmFyIGNvbSBhIGVuY2VuYcOnw6NvPw==,,W0x1a2llXQrCv05vIHB1ZWRlcyBvbWl0aXIgZXNhIGFjdHVhY2nDs24/
EyOhBw,,W0Rlbm55XQpBZHZlbnR1cmVyLCBkaWQgeW91IHJlc3Qgd2VsbD8gSSByZXN0ZWQgd2VsbCBhZnRlciBjb21wbGV0aW5nIHRoZSByZXBhaXIuIEkga25vdyB5b3UgYXJlIG5vdCBjdXJpb3VzIGFib3V0IGl0LCBidXQgSSdtIHRlbGxpbmcgeW91IGJlZm9yZSB5b3UgYXNrIG1lLg==,,,,,W0Rlbm55XQpWb2PDqiBkb3JtaXUgYmVtPyBFdSBkb3JtaSBiZW0sIGRlcG9pcyBkZSBjb25jbHVpciBvcyByZXBhcm9zLiBTZWkgcXVlIHZvY8OqIG7Do28gdGVtIGN1cmlvc2lkYWRlIGRlIHNhYmVyLCBtYXMgdm91IGRpemVyIG1lc21vIGFzc2ltLg==,,W0Rlbm55XQpUcm90YW11bmRvcywgwr9kZXNjYW5zYXN0ZSBiaWVuPyBEZXNjYW5zw6kgYmllbiBkZXNwdcOpcyBkZSB0ZXJtaW5hciBsYSByZXBhcmFjacOzbi4gU8OpIHF1ZSBubyB0aWVuZXMgY3VyaW9zaWRhZCwgcGVybyB0ZSBsbyBkaWdvIGFudGVzIGRlIHF1ZSBtZSBwcmVndW50ZXMu
FCOhBw,,W0Rlbm55XQpCdXQgdGhlcmUncyBzdGlsbCBzb21lIHdhdGVyIGxlYWthZ2UgaW4gdGhlIHBpcGUuIE9uY2UgSSByZXBhaXIgb25lIG9mIHRoZW0sIHRoZXJlJ3MgYW5vdGhlciB3YXRlciBsZWFrYWdlIGluIGFub3RoZXIgcGlwZS4uIEkgd2lzaCB3ZSBjb3VsZCByZXBsYWNlIHRoZW0gd2l0aCBicmFuZCBuZXcgcGlwZXMu,,,,,W0Rlbm55XQpNYXMgYWluZGEgaMOhIHVtIHZhemFtZW50byBubyBjYW5vLiBRdWFuZG8gZXUgY29uc2VydG8gdW0sIGFwYXJlY2Ugb3V0cm8gdmF6YW1lbnRvIGVtIHVtIGNhbm8gZGlmZXJlbnRlLi4uIEdvc3RhcmlhIGRlIHBvZGVyIHRyb2NhciB0b2RvcyBwb3IgY2Fub3Mgbm92b3Mu,,W0Rlbm55XQpUb2RhdsOtYSBoYXkgdW5hIHDDqXJkaWRhIGRlIGFndWEgZW4gbGEgdHViZXLDrWEuIENhZGEgdmV6IHF1ZSByZXBhcm8gdW5hIGRlIGVsbGFzLCBhcGFyZWNlIG90cmEgZW4gb3RyYSB0dWJlcsOtYS4uLiBPamFsw6EgcHVkacOpcmFtb3MgcmVlbXBsYXphcmxhcyBwb3IgdHViZXLDrWFzIG51ZXZhcy4=
FSOhBw,,W0Rlbm55XQpUaGF0J3Mgd2h5IG5lZWQgU3RlZWwgYW5kIFVzZWQgSXJvbiBQbGF0ZS4=,,,,,W0Rlbm55XQpFIMOpIHBvciBpc3NvIHF1ZSBwcmVjaXNvIGRlIEHDp28gZSBQbGFjYXMgZGUgRmVycm8gVXNhZGFzLg==,,W0Rlbm55XQpQb3IgZXNvLCBuZWNlc2l0YW1vcyBBY2VybyB5IFBsYWNhIGRlIEhpZXJybyBVc2FkYS4=
FiOhBw,,W0Rlbm55XQpQbGVhc2UgZGVmZWF0IHRoZSBeMDAwMENET2xkIFN0b3ZlXjAwMDAwMCBhbmQgYnJpbmcgXjAwMDBDRDUgU3RlZWwgYW5kIDE1IFVzZWQgSXJvbiBQbGF0ZXNeMDAwMDAwIQ==,,,,,W0Rlbm55XQpQb3IgZmF2b3IsIGRlcnJvdGUgYSBeMDAwMENERm9ybmFsaGEgVmVsaGFeMDAwMDAwIGUgdHJhZ2EgXjAwMDBDRDUgQcOnb3MgZSAxNSBQbGFjYXMgZGUgRmVycm8gVXNhZGFzXjAwMDAwMCE=,,W0Rlbm55XQrCoVBvciBmYXZvciwgZGVycm90YSBhbCBeMDAwMENERXN0dWZhIGRlIFJlc2lkdW9zXjAwMDAwMCB5IHRyYWUgXjAwMDBDRDUgQWNlcm9zIHkgMTUgUGxhY2FzIGRlIEhpZXJybyBVc2FkYV4wMDAwMDAh
FyOhBw,,W0Rlbm55XQpDaGVlciB1cCE=,,,,,W0Rlbm55XQpBbmltZS1zZSE=,,W0Rlbm55XQrCocOBbmltbyE=
GCOhBw,,W1Jvb2tpZV0KT3VjaCwgSSdtIHNvIGJ1c3kuIFNvcnJ5IHRvIHJlcXVlc3QgeW91IGFnYWluLiBHbywgYWR2ZW50dXJlciE=,,,,,W0x1a2llXQpQdXhhLCBlc3RvdSB0w6NvIG9jdXBhZG8uIERlc2N1bHBlIGRhciB0cmFiYWxobyBhIHZvY8OqIG5vdmFtZW50ZS4gQWdvcmEgdsOhIQ==,,W0x1a2llXQpBeSwgbm8gdGVuZ28gdGllbXBvLiBMYW1lbnRvIHBlZMOtcnRlbG8gZGUgbnVldm8uIMKhVmFtb3MsIHRyb3RhbXVuZG9zIQ==
GSOhBw,,W0Rlbm55XQpIZXJlIGNvbWUgRGVubnkgYWdhaW4sIHRoZSBzdXBlcnN0YXIhISE=,,,,,W0Rlbm55XQpMw6EgdmVtIERlbm55LCBvIHN1cGVyYXN0cm8sIG5vdmFtZW50ZSEhIQ==,,W0Rlbm55XQrCoUFxdcOtIHZpZW5lIERlbm55IGRlIG51ZXZvLCBsYSBzdXBlcmVzdHJlbGxhIQ==
GiOhBw,,W1Jvb2tpZV0KV2VsbCwgc3BlYWsgb2YgdGhlIGRldmlsLg==,,,,,W0x1a2llXQpCZW0sIGZhbGFuZG8gbm8gZGlhYm8u,,W0x1a2llXQpNaXJhIHF1aWVuIHNlIGFzb23DsyBjdWFuZG8gbG8gbm9tYnJhcm9uLg==
GyOhBw,,W0Rlbm55XQpZaWtlcyEgSXQncyBjb2xkIQ==,,,,,W0Rlbm55XQpDYXJhbWJhISBFc3TDoSBmcmlvIQ==,,W0Rlbm55XQrCoVZheWEhIMKhSGFjZSBmcsOtbyE=
HCOhBw,,W1Jvb2tpZV0KTXkgam9iIGlzIHRvIHByZXZlbnQgc3VjaCBhIGZvb2wgZnJvbSBkb2luZyBzaWxseSB0aGluZ3Mu,,,,,W0x1a2llXQpNZXUgdHJhYmFsaG8gw6kgaW1wZWRpciB1bSB0b2xvIGRlIGZhemVyIGNvaXNhcyB0b2xhcy4=,,W0x1a2llXQpNaSB0cmFiYWpvIGVzIGV2aXRhciBxdWUgdW4gdG9udG8gYXPDrSBoYWdhIHRvbnRlcsOtYXMu
HSOhBw,,W0Rlbm55XQpPaCwgY29tZSBvbiEgV2hvIGtlZXBzIHB1dHRpbmcgdGhlIGJ1Y2tldCBoZXJlPyBFdmVyeSB0aW1lIEkgdGFrZSBpdCBhd2F5LCBzb21lYm9keSBwdXRzIGl0IGhlcmUgYWdhaW4hIFdobyBpcyBpdD8gSXMgaXQgYSBwZXJ2ZXJ0IHdobyBlbmpveXMgd2F0Y2hpbmcgb3RoZXIgcGVvcGxlJ3MgZmVldCBnZXR0aW5nIHdldD8=,,,,,W0Rlbm55XQpPcmEsIHZhbW9zISBRdWVtIGZpY2EgY29sb2NhbmRvIG8gYmFsZGUgYXF1aT8gVG9kYSB2ZXogcXVlIGV1IHRpcm8sIGFsZ3XDqW0gY29sb2NhIGRlIG5vdm8hIFF1ZW0gw6k/IMOJIGFsZ3VtIHBlcnZlcnRpZG8gcXVlIGdvc3RhIGRlIHZlciBvdXRyYXMgcGVzc29hcyBtb2xoYXJlbSBvcyBww6lzPw==,,W0Rlbm55XQrCoUF5LCB2YW1vcyEgwr9RdWnDqW4gc2lndWUgcG9uaWVuZG8gbGEgY3ViZXRhIGFxdcOtPyDCoUNhZGEgdmV6IHF1ZSBsbyBxdWl0bywgYWxndWllbiBsbyB2dWVsdmUgYSBwb25lciEgwr9RdWnDqW4gZXM/IMK/RXMgYWxnw7puIHBlcnZlcnRpZG8gYWwgcXVlIGxlIGd1c3RhIHZlciBjw7NtbyBzZSBtb2phbiBsb3MgcGllcyBsb3MgZGVtw6FzPw==
HiOhBw,,W1Jvb2tpZV0KSXQncyBtZS4=,,,,,W0x1a2llXQpTb3UgZXUu,,W0x1a2llXQpTb3kgeW8u
HyOhBw,,W0Rlbm55XQpIZXkhIEhvdyBjYW4geW91IGRvIHRoaXMgdG8gbWU/,,,,,W0Rlbm55XQpFaSEgQ29tbyBwb2RlIGZhemVyIGlzc28gY29taWdvPw==,,W0Rlbm55XQrCoU95ZSEgwr9Dw7NtbyBwdWVkZXMgaGFjZXJtZSBlc3RvPw==
ICOhBw,,W1Jvb2tpZV0KQXMgbG9uZyBhcyB5b3UgXjAwMDBDRHdhbGsgb24gdGhlIHBpcGVeMDAwMDAwIGluc3RlYWQgb2YgdGhlIHN0YWlycywgaXQncyB5b3VyIGZhdWx0LiBUaGUgcGlwZSBpcyBpbm5vY2VudC4gSG93IGNhbiB5b3UgZG8gdGhhdCB0byB0aGUgcGlwZSE=,,,,,W0x1a2llXQpBIGN1bHBhIMOpIHN1YSBzZSB2b2PDqiBjb250aW51YSBeMDAwMENEZGVzY2VuZG8gcGVsbyBjYW5vXjAwMDAwMCBlIG7Do28gdXNhIGFzIGVzY2FkYXMuIE8gY2FubyDDqSBpbm9jZW50ZS4gQ29tbyBwb2RlIGZhemVyIGlzc28gY29tIGVsZT8=,,W0x1a2llXQpFcyB0dSBjdWxwYSBzaSBzaWd1ZXMgXjAwMDBDRGJhamFuZG8gcG9yIGxhIHR1YmVyw61hXjAwMDAwMCBlbiBsdWdhciBkZSB1c2FyIGxhcyBlc2NhbGVyYXMuIExhIHR1YmVyw61hIGVzIGlub2NlbnRlLiDCv0PDs21vIHB1ZWRlcyBoYWNlcmxlIGVzbyBhIGxhIHR1YmVyw61hPw==
ISOhBw,,W0Rlbm55XQpMb29rLiBUaGVyZSBhcmUgZm91ciB3YWxscyBhbmQgZm91ciBjb3JuZXJzLiBTbyB0aGVyZSBtdXN0IGJlIGZvdXIgc3RhaXJzLiBUaGVyZSBhcmUgb25seSB0d28gc3RhaXJzIGFuZCBpdCdzIHNvIGluY29udmVuaWVudCBvbiB0aGUgc2lkZXMgd2hlcmUgdGhlcmUgYXJlIG5vIHN0YWlycyE=,,,,,W0Rlbm55XQpPbGhlLiBIw6EgcXVhdHJvIHBhcmVkZXMgZSBxdWF0cm8gY2FudG9zLiBFbnTDo28gc8OjbyBuZWNlc3PDoXJpYXMgcXVhdHJvIGVzY2FkYXMuIFPDsyBow6EgZHVhcyBlc2NhZGFzLCBvIHF1ZSBjYXVzYSB1bSB0cmFuc3Rvcm5vIG5vcyBsb2NhaXMgZW0gcXVlIG7Do28gaMOhIGVzY2FkYXMh,,W0Rlbm55XQpNaXJhLiBIYXkgY3VhdHJvIHBhcmVkZXMgeSBjdWF0cm8gZXNxdWluYXMuIEFzw60gcXVlIGRlYmUgaGFiZXIgY3VhdHJvIGVzY2FsZXJhcy4gwqFTb2xvIGhheSBkb3MgZXNjYWxlcmFzIHkgZXMgbXV5IGluY8OzbW9kbyBlbiBsb3MgbGFkb3MgZG9uZGUgbm8gaGF5IGVzY2FsZXJhcyE=
IiOhBw,,W1Jvb2tpZV0KRG8gbm90IGNvbXBsYWluIGl0IHRvIG1lLiBUYWxrIHRvIHRoZSBvbmUgd2hvIGRlc2lnbmVkIHRoaXMgcGxhY2Uu,,,,,W0x1a2llXQpOw6NvIHJlY2xhbWUgY29taWdvLiBSZWNsYW1lIGNvbSBxdWVtIGNvbnN0cnVpdSBlc3NlIGx1Z2FyLg==,,W0x1a2llXQpObyBxdWllcm8gZXNjdWNoYXIgdHVzIHF1ZWphcy4gSGFibGEgY29uIGxhIHBlcnNvbmEgcXVlIGRpc2XDscOzIGVzdGUgbHVnYXIu
IyOhBw,,W0Rlbm55XQpXaGVyZSBpcyB0aGF0IHBlcnNvbiE=,,,,,W0Rlbm55XQpPbmRlIGVzdMOhIGVzc2EgcGVzc29hPw==,,W0Rlbm55XQrCv0TDs25kZSBlc3TDoSBlc2EgcGVyc29uYT8=
JCOhBw,,W1Jvb2tpZV0KSGUncyBkZWFkLiBOb3QgaGVyZS4=,,,,,W0x1a2llXQpFbGUgZXN0w6EgbW9ydG8uIE7Do28gZXN0w6EgYXF1aS4=,,W0x1a2llXQpFc3TDoSBtdWVydG8uIE5vIGVzdMOhIGFxdcOtLg==
JSOhBw,,W0Rlbm55XQouLi4uLi4gWW91IGFyZSBkb2luZyB0aGlzIHRvIG1lIG9uIHB1cnBvc2UsIGFyZW4ndCB5b3U/IFdoeSBkbyB5b3UgaGF0ZSBtdSBzbyBtdWNoPw==,,,,,W0Rlbm55XQouLi4uLi4gRXN0w6EgZmF6ZW5kbyBpc3NvIGRlIHByb3DDs3NpdG8sIG7Do28gw6k/IFBvciBxdWUgdm9jw6ogbWUgb2RlaWEgdGFudG8/,,W0Rlbm55XQouLi4gTG8gaGFjZXMgYSBwcm9ww7NzaXRvLCDCv3ZlcmRhZD8gwr9Qb3IgcXXDqSBtZSBvZGlhcyB0YW50bz8=
JiOhBw,,W1Jvb2tpZV0KV2h5IGRvIHlvdSB0aGluayBJIHB1dCB0aGlzIGJ1Y2tldCBoZXJlPw==,,,,,W0x1a2llXQpQb3IgcXVlIGFjaGEgcXVlIGV1IGNvbG9xdWVpIGVzc2UgYmFsZGUgYcOtPw==,,W0x1a2llXQrCv1BvciBxdcOpIGNyZWVzIHF1ZSBwdXNlIGVzdGEgY3ViZXRhIGFxdcOtPw==
JyOhBw,,W0Rlbm55XQpCZWNhdXNlIHlvdSBsaWtlIHRvIHNlZSBteSBmZWV0IGdldCB3ZXQu,,,,,W0Rlbm55XQpQb3JxdWUgdm9jw6ogZ29zdGEgZGUgbWUgdmVyIG1vbGhhciBvcyBww6lzLg==,,W0Rlbm55XQpQb3JxdWUgdGUgZ3VzdGEgdmVyIGPDs21vIG1lIG1vam8gbG9zIHBpZXMu
KCOhBw,,W1Jvb2tpZV0KSGV5ISEhIEFyZSB5b3Ugc2F5aW5nIEknbSBhIHBlcnZlcnQ/IFlvdSBrZWVwIHdhbGtpbmcgb24gdGhlIHBpcGUgZXZlcnkgZGF5IHdpdGggdGhhdCBodWdlIGJvZGF5LiBBcyBhIHJlc3VsdCwgdGhpcyBza2lubnkgcGlwZSBpcyBkYW1hZ2VkISBUaGVyZSEgQW5kIHRoZXJlISBDYW4geW91IHNlZSB0aGUgd2F0ZXIgbGVha2FnZT8=,,,,,W0x1a2llXQpFaSEhISBFc3TDoSBtZSBjaGFtYW5kbyBkZSBwZXJ2ZXJ0aWRvPyBWb2PDqiBjb250aW51YSBkZXNjZW5kbyBwZWxvIGNhbm8gY29tIGVzc2UgY29ycG8gZW5vcm1lLiBPIGNhbm8gw6kgZmlubywgZSBlc3TDoSBkYW5pZmljYWRvISBBbGkhIEUgYWxpISBOw6NvIGNvbnNlZ3VlIHZlciBvIHZhemFtZW50bz8=,,W0x1a2llXQrCocK/RWg/ISDCv01lIGVzdMOhcyBsbGFtYW5kbyBwZXJ2ZXJ0aWRvPyDCoVTDuiBzaWd1ZXMgYmFqYW5kbyBwb3IgbGEgdHViZXLDrWEgY29uIGVzZSBjdWVycG8gZW5vcm1lISDCoUxhIHR1YmVyw61hIGVzIGRlbGdhZGEgeSBlc3TDoSBkYcOxYWRhISDCoUFow60hIMKhWSBhaMOtISDCv05vIHB1ZWRlcyB2ZXIgbGEgZnVnYT8=
KSOhBw,,W0Rlbm55XQpPaCwgaXQncyB0cnVlLg==,,,,,W0Rlbm55XQpBaCwgw6kgdmVyZGFkZS4=,,W0Rlbm55XQpPaCwgZXMgdmVyZGFkLg==
KiOhBw,,W1Jvb2tpZV0KSSBwdXQgdGhlIGJ1Y2tldCB0aGVyZSB0byByZWNlaXZlIHRoZSBsZWFraW5nIHdhdGVyISBPbmNlIHRoZSBwaXBlIGlzIGVudGlyZWx5IGJyb2tlbiwgdGhlcmUgd2lsbCBiZSBhIGZsb29kIGluIHRoaXMgcGxhY2UhIERvbid0IHlvdSBoYXZlIHRoZSBicmFpbiB0byB0aGluayBvZiBpdD8=,,,,,W0x1a2llXQpFdSBjb2xvY28gbyBiYWxkZSBhbGkgcGFyYSBuw6NvIG1vbGhhciBvIGNow6NvISBRdWFuZG8gbyBjYW5vIHF1ZWJyYXIgY29tcGxldGFtZW50ZSwgZXNzZSBsdWdhciBzZXLDoSBpbnVuZGFkbyEgVm9jw6ogbsOjbyBjb25zZWd1ZSB1c2FyIGEgY2FiZcOnYT8=,,W0x1a2llXQrCoVB1c2UgbGEgY3ViZXRhIGFsbMOtIHBhcmEgY29udGVuZXIgbGEgZ290ZXJhISDCoUN1YW5kbyBsYSB0dWJlcsOtYSBlc3TDqSB0b3RhbG1lbnRlIHJvdGEsIGVzdGUgbHVnYXIgc2UgaW51bmRhcsOhISDCv05vIHRpZW5lcyBjZXJlYnJvIHBhcmEgcGVuc2FyIGVuIGVsbG8/
KyOhBw,,W0Rlbm55XQpXZWxsLCBJIGRpZG4ndCB0aGluayBhYm91dCBpdC4gV2h5IGRvbid0IHlvdSByZXBhaXIgdGhlIHBpcGU/,,,,,W0Rlbm55XQpCZW0sIGV1IG7Do28gcGVuc2VpIG5pc3NvLiBQb3IgcXVlIHZvY8OqIG7Do28gY29uc2VydGEgbyBjYW5vPw==,,W0Rlbm55XQpCdWVubywgbm8gbG8gcGVuc8OpLiDCv1BvciBxdcOpIG5vIHJlcGFyYXMgbGEgdHViZXLDrWE/
LCOhBw,,W1Jvb2tpZV0KVGhhdCdzIHdoeSBJJ3ZlIGJlZW4gd2FpdGluZyBoZXJlIQ==,,,,,W0x1a2llXQrDiSBwb3IgaXNzbyBxdWUgZXUgZXN0YXZhIGVzcGVyYW5kbyBhcXVpIQ==,,W0x1a2llXQrCoVBvciBlc28sIGhlIGVzdGFkbyBlc3BlcmFuZG8gYXF1w60h
LSOhBw,,W0Rlbm55XQpPaH4gSSBzZWUuIFRoZW4gSSdsbCBjb3VudCBvbiB5b3UhIE1ha2UgaXQgc29saWQhIElmIHlvdSBoYXZlIGVub3VnaCB0aW1lLCBwbGVhc2UgbWFrZSBzb21ldGhpbmcgSSBjYW4gaG9sZCBvbi4=,,,,,W0Rlbm55XQpBaC4gRW50ZW5kby4gRW50w6NvIGVzdG91IGNvbnRhbmRvIGNvbSB2b2PDqiEgRGVpeGUgZWxlIGJlbSBmaXJtZSEgRSwgc2Ugc29icmFyIHVtIHRlbXBpbmhvLCBjb2xvcXVlIGFsZ28gb25kZSBldSBwb3NzYSBtZSBhcG9pYXIu,,W0Rlbm55XQpBaC4gRW50aWVuZG8uIMKhRW50b25jZXMgY3VlbnRvIGNvbnRpZ28hIMKhQXNlZ8O6cmF0ZSBkZSBxdWUgZXN0w6kgYmllbiBmaXJtZSEgWSwgc2kgdGllbmVzIHVuIHJhdG8gbGlicmUsIHBvbiBhbGdvIGFow60gcGFyYSBxdWUgeW8gcHVlZGEgYWdhcnJhcm1lLg==
LiOhBw,,W1Jvb2tpZV0KTm8uIEkgd2lsbCBqdXN0IHN1cGVydmlzZSBpdC4=,,,,,W0x1a2llXQpOw6NvLiBWb3UgYXBlbmFzIHN1cGVydmlzaW9uYXIu,,W0x1a2llXQpObywgc29sbyBtZSBlbmNhcmdhcsOpIGRlIHN1cGVydmlzYXIgbGEgcmVwYXJhY2nDs24u
LyOhBw,,W0Rlbm55XQpUaGVuIHdobydzIGdvaW5nIHRvIHJlcGFpciBpdD8gVGhlcmUncyBub2JvZHkgaGVyZS4=,,,,,W0Rlbm55XQpFIHF1ZW0gdmFpIGNvbnNlcnRhcj8gTsOjbyBow6EgbmluZ3XDqW0gYXF1aS4=,,W0Rlbm55XQpFbnRvbmNlcywgwr9xdWnDqW4gbG8gaGFyw6E/IEFxdcOtIG5vIGhheSBuYWRpZS4=
MCOhBw,,W1Jvb2tpZV0KQXJlIHlvdSBzdXJlIHRoZXJlJ3Mgbm9ib2R5IGhlcmU/,,,,,W0x1a2llXQpUZW0gY2VydGV6YSBkZSBxdWUgbsOjbyBow6EgbmluZ3XDqW0/,,W0x1a2llXQrCv1NlZ3VybyBubyBoYXkgbmFkaWU/
MSOhBw,,W0Rlbm55XQpBZHZlbnR1cmVyPw==,,,,,W0Rlbm55XQpBdmVudHVyZWlybz8=,,W0Rlbm55XQrCv1Ryb3RhbXVuZG9zPw==
MiOhBw,,W1Jvb2tpZV0KTm8sIEkgY2FuJ3QgbWFrZSBvdXIgZ3Vlc3Qgd29yay4=,,,,,W0x1a2llXQpOw6NvIHBvc3NvIGZhemVyIG5vc3NhIHZpc2l0YSB0cmFiYWxoYXIu,,W0x1a2llXQpObywgbm8gcHVlZG8gcG9uZXIgYSB0cmFiYWphciBhIG51ZXN0cm8gaW52aXRhZG8u
MyOhBw,,W0Rlbm55XQpUaGVuPw==,,,,,W0Rlbm55XQpFIGVudMOjbz8=,,W0Rlbm55XQrCv0VudG9uY2VzPw==
NCOhBw,,W1Jvb2tpZV0KRG8geW91IGtub3cgd2hvIGl0IGlzPw==,,,,,W0x1a2llXQpWb2PDqiBzYWJlIHF1ZW0gw6k/,,W0x1a2llXQrCv1NhYmVzIHF1acOpbiBlcz8=
NSOhBw,,W0Rlbm55XQpPaC4uLiBtZT8=,,,,,W0Rlbm55XQpBaC4uLiBldT8=,,W0Rlbm55XQpPaC4uLiDCv3lvPw==
NiOhBw,,W1Jvb2tpZV0KRXhhY3RseSEgQXMgYSByZXdhcmQsIEkgd2lsbCBnaXZlIHlvdSBhbiBvcHBvcnR1bml0eSB0byBicmluZyB0aGUgcGFydHMgdG8gcmVwYWlyIHRoZSBwaXBlLg==,,,,,W0x1a2llXQpFeGF0YW1lbnRlISBDb21vIHJlY29tcGVuc2EsIHZvdSBsaGUgZGFyIHVtYSBjaGFuY2UgZGUgdHJhemVyIGFzIHBlw6dhcyBwYXJhIGNvbnNlcnRhciBvIGNhbm8u,,W0x1a2llXQrCoUV4YWN0byEgQ29tbyBwcmVtaW8sIHRlIGRhcsOpIGxhIG9wb3J0dW5pZGFkIGRlIHRyYWVyIGxhcyBwaWV6YXMgcGFyYSByZXBhcmFyIGxhIHR1YmVyw61hLg==
NyOhBw,,W0Rlbm55XQpXZWxsLCBJJ20gcXVpdGUgYnVzeS4uLg==,,,,,W0Rlbm55XQpCb20sIGV1IGVzdG91IG1laW8gb2N1cGFkby4uLi4=,,W0Rlbm55XQpCdWVubywgbm8gdGVuZ28gbXVjaG8gdGllbXBvLi4u
OCOhBw,,W1Jvb2tpZV0KSSBrbm93IHlvdSBhcmUgb2ZmLWR1dHkgdG9kYXku,,,,,W0x1a2llXQpTZWkgcXVlIHZvY8OqIGVzdMOhIGRlIGZvbGdhIGhvamUu,,W0x1a2llXQpTw6kgcXVlIGhveSBlc3TDoXMgZnVlcmEgZGUgc2VydmljaW8u
OSOhBw,,W0Rlbm55XQpJJ20gc28gaHVuZ3J5IGFuZCBoYXZlIHRvIGVhdC4uLiBJIHNob3VsZCB0YWtlIGNhcmUgb2YgbXkga2l0dHkuLi4gQW5kLi4u,,,,,W0Rlbm55XQpFc3RvdSBmYW1pbnRvLCBwcmVjaXNvIGNvbWVyLi4uIEV1IHByZWNpc28gY3VpZGFyIGRvIG1ldSBnYXRpbmhvLi4uIEUuLi4=,,W0Rlbm55XQpUZW5nbyB0YW50YSBoYW1icmUgeSB0ZW5nbyBxdWUgY29tZXIuLi4gRGViZXLDrWEgY3VpZGFyIGEgbWkgZ2F0aXRvLi4uIFkuLi4=
OiOhBw,,W1Jvb2tpZV0KWW91IGFyZSB0aGUgb25lIHdobyBkYW1hZ2VkIGl0LiBTbyB5b3UgbXVzdCByZXBhaXIgaXQu,,,,,W0x1a2llXQpGb2kgdm9jw6ogcXVlbSBxdWVicm91LiBFbnTDo28gdm9jw6ogZGV2ZSBjb25zZXJ0YXIu,,W0x1a2llXQpUw7ogZnVpc3RlIHF1aWVuIGxhIGRhw7HDsywgYXPDrSBxdWUgZGViZXMgcmVwYXJhcmxhLg==
OyOhBw,,W0Rlbm55XQpQbGVhc2UsIHBsZWFzZSEgVG8gcmVwYWlyIHRoaXMsIHdlIG5lZWQgc29tZSBtZXRhbCB0aGluZ3MuIFRvIGdldCB0aGVtLCBJIGhhdmUgdG8gZW50ZXIgdGhlIG1pbmUhIQ==,,,,,W0Rlbm55XQpQb3IgZmF2b3IsIGV1IGltcGxvcm8hIFBhcmEgY29uc2VydGFyIGlzc28sIHByZWNpc28gZGUgcGXDp2FzIGRlIG1ldGFsLiBFIHBhcmEgaXNzbyBwcmVjaXNvIGVudHJhciBuYSBtaW5hIQ==,,W0Rlbm55XQrCoVBvciBmYXZvciwgcG9yIGZhdm9yISBQYXJhIHJlcGFyYXIgZXN0bywgbmVjZXNpdGFtb3MgYWxndW5hcyBwaWV6YXMgbWV0w6FsaWNhcy4gwqFQYXJhIGNvbnNlZ3VpcmxhcywgdGVuZ28gcXVlIGVudHJhciBlbiBsYSBtaW5hIQ==
PCOhBw,,W1Jvb2tpZV0KVGhhdCdzIGNvcnJlY3QhIEdvIGdldCB0aGVtIG5vdy4=,,,,,W0x1a2llXQpJc3NvIG1lc21vISBWw6EgcGVnw6EtbGFzIGFnb3JhLg==,,W0x1a2llXQrCoUNvcnJlY3RvISBWZSBhIGJ1c2Nhcmxhcy4=
PSOhBw,,W0Rlbm55XQpJJ20gYWZyYWlkIG9mIHRoZSBtaW5lLiBQbGVhc2UgZG9uJ3Qgc2VuZCBtZSB0byB0aGUgbWluZS4gUGxlYXNlLi4uIEJyb3RoZXIsIHBsZWFzZS4uLg==,,,,,W0Rlbm55XQpFdSB0ZW5obyBtZWRvIGRhIG1pbmEuIFBvciBmYXZvciwgbsOjbyBtZSBtYW5kZSBwYXJhIGzDoS4gUG9yIGZhdm9yLi4uIElybcOjbywgcG9yIGZhdm9yLi4u,,W0Rlbm55XQpNZSBkYSBtaWVkbyBsYSBtaW5hLiBQb3IgZmF2b3IsIG5vIG1lIGVudsOtZXMgYWxsw60uIFBvciBmYXZvci4uLiBDb2xlZ2EsIHBvciBmYXZvci4uLg==
PiOhBw,,W1Jvb2tpZV0KT3VjaCwgeW91IGFyZSByaWdodC4gVGhlbiB3aGF0IHNoYWxsIHdlIGRvLi4uPyBXZSBuZWVkIHRvIHJlcGFpciBpdCBhcyBzb29uIGFzIHBvc3NpYmxlLg==,,,,,W0x1a2llXQpBaCwgdm9jw6ogdGVtIHJhesOjby4gRW50w6NvIG8gcXVlIGRldmVtb3MgZmF6ZXI/IFByZWNpc2Ftb3MgY29uc2VydGFyIGlzc28gbyBxdWFudG8gYW50ZXMu,,W0x1a2llXQpBeSwgdGllbmVzIHJhesOzbi4gRW50b25jZXMsIMK/cXXDqSBoYWNlbW9zLi4uPyBUZW5lbW9zIHF1ZSByZXBhcmFyIGxhIHR1YmVyw61hIGxvIGFudGVzIHBvc2libGUu
PyOhBw,,W0Rlbm55XQpXaGF0IGlmIHNvbWVvbmUgZWxzZSBicmluZ3MgdGhlIHBhcnRzIGFuZCBJIHJlcGFpciBpdD8=,,,,,W0Rlbm55XQpFIHNlIGFsZ3XDqW0gdHJvdXhlciBhcyBwZcOnYXMgcGFyYSBldSBjb25zZXJ0YXI/,,W0Rlbm55XQrCv1kgc2kgb3RyYSBwZXJzb25hIHRyYWUgbGFzIHBpZXphcyB5IHlvIGxhIHJlcGFybz8=
QCOhBw,,W0Rlbm55XQpQbGVhc2UgZG8gdGhpcyBmb3IgbWUsIGFkdmVudHVyZXIu,,,,,W0Rlbm55XQpQb3IgZmF2b3IsIG1lIGFqdWRlLg==,,W0Rlbm55XQpIYXpsbyBwb3IgbcOtLCB0cm90YW11bmRvcy4=
QSOhBw,,W1Jvb2tpZV0KSGV5ISBIb3cgY2FuIHlvdSBzYXkgdGhhdCB0byB0aGUgZ3Vlc3Qh,,,,,W0x1a2llXQpFaSEgQ29tbyBwb2RlIHBlZGlyIGlzc28gYSB1bWEgdmlzaXRhPw==,,W0x1a2llXQrCoU95ZSEgwqFDw7NtbyBwdWVkZXMgZGVjaXJsZSBlc28gYWwgaW52aXRhZG8h
QiOhBw,,W0Rlbm55XQpIZXksIHdoeSEgQWR2ZW50dXJlcnMgbm9ybWFsbHkgY2FycnkgYWJvdXQgMzAsMDAwIG1ldGFsIHRoaW5ncyBpbiB0aGVpciBwb2NrZXRzISBUaGF0J3Mgd2hhdCBJIGZvdW5kIGZyb20gbW9zdCBhZHZlbnR1cmVycyE=,,,,,W0Rlbm55XQpFaSwgcXVhbCBvIHByb2JsZW1hPyBBdmVudHVyZWlyb3Mgbm9ybWFsbWVudGUgY2FycmVnYW0gdW1hcyAzMC4wMDAgY29pc2FzIGRlIG1ldGFsIG5vcyBib2xzb3MhIEZvaSBpc3NvIHF1ZSBldSBvdXZpIGZhbGFyIQ==,,W0Rlbm55XQrCoUVoLCBwb3IgcXXDqSEgTG9zIHRyb3RhbXVuZG9zIHN1ZWxlbiBsbGV2YXIgdW5hcyAzMCAwMDAgY29zYXMgbWV0w6FsaWNhcyBlbiBsb3MgYm9sc2lsbG9zLiBFc28gZXMgbG8gcXVlIG1lIGhhbiBkaWNobyBsYSBtYXlvcsOtYSBkZSBlbGxvcy4=
QyOhBw,,W1Jvb2tpZV0KSXMgdGhhdC4uLiB0cnVlPw==,,,,,W0x1a2llXQpJc3NvLi4uIMOpIHZlcmRhZGU/,,W0x1a2llXQrCv0VzbyBlcy4uLiBjaWVydG8/
RCOhBw,,W3swfV0KTm8sIEkgbmV2ZXIgYnJpbmcgdGhhdCBtYW55Lg==,,,,,W3swfV0KTsOjbywgZXUgbnVuY2EgY2FycmVnbyB0YW50YXMgYXNzaW0u,,W3swfV0KTm8sIG51bmNhIGxsZXZvIHRhbnRhcyBjb3Nhcy4=
RSOhBw,,W1Jvb2tpZV0KSGV5LCBsb29rIGF0IHRoYXQh,,,,,W0x1a2llXQpFaSwgb2xoYSBzw7MgcHJhIGlzc28h,,W0x1a2llXQrCoUV5LCBtaXJhIGVzbyE=
RiOhBw,,W0Rlbm55XQpCdXQgeW91IGNhbiBnZXQgdGhlbSBzbyBlYXNpbHkhIFNpbmNlIHdlIGhhdmUgb25seSBoYW5kbGVkIHN0dWZmcyBsaWtlIGd1bnMsIGl0J3MgaGFyZCBmb3IgdXMgdG8gZ2V0IHRoZW0uIEkndmUgc2VlbiBtYW55IGFkdmVudHVyZXMgd2hvIGdldCB0aG9zZSBpdGVtcyBxdWl0ZSBlYXNpbHku,,,,,W0Rlbm55XQpNYXMgdm9jw6ogcG9kZSBjb25zZWd1aS1sYXMgdMOjbyBmYWNpbG1lbnRlISBKw6EgcXVlIHPDsyBtYW51c2VhbW9zIGNvaXNhcyBjb21vIGFybWFzLCDDqSBkaWbDrWNpbCBwYXJhIG7Ds3MgY29uc2VndWktbGFzLiBKw6EgdmkgbXVpdG9zIGF2ZW50dXJlaXJvcyBjb25zZWd1aXJlbSBlc3NlcyBpdGVucyBmYWNpbG1lbnRlLg==,,W0Rlbm55XQrCoVBlcm8gcHVlZGVzIGNvbnNlZ3VpcmxhcyBtdXkgZsOhY2lsbWVudGUhIENvbW8gc29sbyBtYW5pcHVsYW1vcyBvYmpldG9zIGNvbW8gYXJtYXMsIG5vcyByZXN1bHRhIGRpZsOtY2lsIGNvbnNlZ3Vpcmxhcy4gVmkgYSBtdWNob3MgY29uc2VndWlyIGVzb3Mgb2JqZXRvcyBjb24gYmFzdGFudGUgZmFjaWxpZGFkLg==
RyOhBw,,W3swfV0KTm8sIGl0IGlzbid0Li4u,,,,,W3swfV0KTsOjbyDDqSwgbsOjby4uLg==,,W3swfV0KTm8sIG5vIGVzLi4u
SCOhBw,,W0Rlbm55XQpFdmVyeW9uZSBzYXlzIG5vIHRvIHRoaXMgcXVlc3Rpb24uIEJ1dCB0aGV5IHN0aWxsIGdldCB0aGVtIGxpa2UgYSBwaWVjZSBvZiBjYWtlISBJIHNhdyB0aGVtIQ==,,,,,W0Rlbm55XQpUb2RvcyByZXNwb25kZW0gbsOjby4gTWFzIGFpbmRhIGFzc2ltIGFzIGNvbnNlZ3VlbSBuYSBtYWlvciBtb2xlemEhIEV1IGrDoSB2aSE=,,W0Rlbm55XQpUb2RvIGVsIG11bmRvIGRpY2UgcXVlIG5vIGEgZXN0YSBwcmVndW50YS4gwqFQZXJvIGF1biBhc8OtIGxhcyBjb25zaWd1ZW4gY29tbyBzaSBmdWVyYSBwYW4gY29taWRvISDCoUxvcyB2aSE=
SSOhBw,,W1Jvb2tpZV0KQWR2ZW50dXJlciwgSSBkb24ndCBrbm93IHdoZXRoZXIgaXQgaXMgdHJ1ZSBvciBub3QuIEJ1dCB3b3VsZCB5b3UgbWluZCBicmluZ2luZyB0aGVtIGZvciB1cz8=,,,,,W0x1a2llXQpCZW0sIG7Do28gc2VpIHNlIMOpIHZlcmRhZGUgb3UgbsOjby4gTWFzIHZvY8OqIHBvZGVyaWEgdHJhesOqLWxhcyBwYXJhIG7Ds3M/,,W0x1a2llXQpUcm90YW11bmRvcywgbm8gc8OpIHNpIGVzIGNpZXJ0byBvIG5vLiBQZXJvLCDCv3RlIGltcG9ydGFyw61hIHRyYcOpcm5vc2xvcz8=
SiOhBw,,W1Jvb2tpZV0KVGhpcyBwaXBlIHdpbGwgYmUgZGVzdHJveWVkIGNvbXBsZXRlbHkuIFRoZW4gdGhlcmUgd2lsbCBiZSBmbG9vZCBoZXJlLiBTaW5jZSB0aGlzIHBsYWNlIGlzIGEgaGlkZW91dCwgaXQgd2lsbCBiZSByZXZlYWxlZCBvbmNlIGl0IGlzIGZsb29kZWQuIFRoZW4uLi4gV2Ugd2lsbC4uLg==,,,,,W0x1a2llXQpFc3NlIGNhbm8gdmFpIHF1ZWJyYXIgY29tcGxldGFtZW50ZS4gRSBlbnTDo28gdGVyZW1vcyB1bWEgaW51bmRhw6fDo28uIENvbW8gZXNzZSBsdWdhciDDqSB1bSBlc2NvbmRlcmlqbywgc2Vyw6EgcmV2ZWxhZG8gc2UgZm9yIGludW5kYWRvLiBFbnTDo28uLi4gTsOzcyB2YW1vcy4uLg==,,W0x1a2llXQpFc3RhIHR1YmVyw61hIHF1ZWRhcsOhIHRvdGFsbWVudGUgZGVzdHJ1aWRhLiBFbnRvbmNlcywgaGFicsOhIHVuYSBpbnVuZGFjacOzbi4gQ29tbyBlc3RlIGx1Z2FyIGVzIHVuIGVzY29uZGl0ZSwgcXVlZGFyw6EgZXhwdWVzdG8gc2kgc2UgaW51bmRhLiBFbnRvbmNlcy4uLiBWYW1vcyBhLi4u
SyOhBw,,W0Rlbm55XQpJJ20gc28gc2FkLg==,,,,,W0Rlbm55XQpFc3RvdSB0w6NvIHRyaXN0ZS4=,,W0Rlbm55XQpFc3RveSBtdXkgdHJpc3RlLg==
TCOhBw,,W1Jvb2tpZV0KV2UgcmVhbGx5IGhhdmUgdG8gcmVwYWlyIGl0IHVyZ2VudGx5LiBCdXQgdGhpcyBndXkgY2Fubm90IGdvIHRvIHRoZSBtaW5lIGR1ZSB0byBhIGNlcnRhaW4gcmVhc29uLiBBbHNvLCBJIGNhbm5vdCBnbyB0byB0aGUgbWluZSBmb3Igb3RoZXIgam9iLiBXZSB3aWxsIGNlcnRhaW5seSBjb21wZW5zYXRlIGZvciB5b3VyIHN1cHBvcnQu,,,,,W0x1a2llXQpQcmVjaXNhbW9zIGNvbnNlcnRhciBpc3NvIHVyZ2VudGVtZW50ZS4gTWFzIGVzc2UgY2FyYSBuw6NvIHBvZGUgaXIgYXTDqSBhIG1pbmEgcG9yIHVtYSBjZXJ0YSByYXrDo28uIEV1IHRhbWLDqW0gbsOjbyBwb3NzbyBpciwgcG9ycXVlIHRlbmhvIG91dHJvIHRyYWJhbGhvLiBDZXJ0YW1lbnRlIHJlY29tcGVuc2FyZW1vcyB2b2PDqiBwb3Igc3VhIGFqdWRhLg==,,W0x1a2llXQpUZW5lbW9zIHF1ZSByZXBhcmFybGEgZGUgaW5tZWRpYXRvLiBQZXJvIGVzdGUgdGlwbyBubyBwdWVkZSBpciBhIGxhIG1pbmEgcG9yIHVuIG1vdGl2byBlbiBwYXJ0aWN1bGFyLiBBZGVtw6FzLCB5byB0YW1wb2NvIHB1ZWRvIGlyIHBvcnF1ZSB0ZW5nbyBvdHJvIHRyYWJham8gcXVlIGhhY2VyLiBTaW4gZHVkYSwgdGUgY29tcGVuc2FyZW1vcyBwb3IgdHUgYXBveW8u
TSOhBw,,W0Rlbm55XQpDb21wZW5zYXRlPyBZb3UgbmV2ZXIgdG9sZCBtZSBhYm91dCBpdCEgTGV0IG1lIGRvIGl0IQ==,,,,,W0Rlbm55XQpSZWNvbXBlbnNhcj8gVm9jw6ogbsOjbyBtZSBmYWxvdSBuYWRhIGRpc3NvISBFdSBmYcOnbyE=,,W0Rlbm55XQrCv1JlY29tcGVuc2E/IMKhTnVuY2EgbWUgZGlqaXN0ZSBlc28hIMKhRMOpamFtZSBoYWNlcmxvIQ==
TiOhBw,,W1Jvb2tpZV0KU28geW91J3JlIGdvaW5nIHRvIHRoZSBtaW5lPw==,,,,,W0x1a2llXQpFbnTDo28gdm9jw6ogdmFpIGVudHJhciBuYSBtaW5hPw==,,W0x1a2llXQrCv0Fzw60gcXVlIGlyw6FzIGEgbGEgbWluYT8=
TyOhBw,,W0Rlbm55XQpOby4uLg==,,,,,W0Rlbm55XQpOw6NvLi4u,,W0Rlbm55XQpOby4uLg==
UCOhBw,,W3swfV0KTm93IHRoYXQgeW91IG1lbnRpb24gaXQuLi4gSSB3aWxsIGdvLiBXaGF0IGRvIHlvdSBuZWVkPw==,,,,,W3swfV0KQWdvcmEgcXVlIHZvY8OqIG1lbmNpb25vdS4uLiBFdSB2b3UuIERvIHF1ZSB2b2PDqiBwcmVjaXNhPw==,,W3swfV0KQWhvcmEgcXVlIGxvIG1lbmNpb25hcy4uLiBJcsOpIHlvLiDCv1F1w6kgbmVjZXNpdGFuPw==
USOhBw,,W1Jvb2tpZV0KV2UgbmVlZCBeMDAwMENENSBTdGVlbCBhbmQgMTUgVXNlZCBJcm9uIFBsYXRlc14wMDAwMDAu,,,,,W0x1a2llXQpQcmVjaXNhbW9zIGRlIF4wMDAwQ0Q1IEHDp29zIGUgMTUgUGxhY2FzIGRlIEZlcnJvIFVzYWRhc14wMDAwMDAu,,W0x1a2llXQpOZWNlc2l0YW1vcyBeMDAwMENENSBBY2Vyb3MgeSAxNSBQbGFjYXMgZGUgSGllcnJvIFVzYWRhXjAwMDAwMC4=
UiOhBw,,W0Rlbm55XQpBbmQgcGxlYXNlIF4wMDAwQ0RkZWZlYXQgV2FzdGUgU3RvdmVzXjAwMDAwMC4gQWJvdXQgMTAgb2YgdGhlbSEgVGhpcyBpcyBteSBwZXJzb25hbCByZXF1ZXN0IQ==,,,,,W0Rlbm55XQpFLCBwb3IgZmF2b3IsIF4wMDAwQ0RlbGltaW5lIEZvcm5hbGhhIFZlbGhhXjAwMDAwMC4gTWFpcyBvdSBtZW5vcyB1bnMgMTAgZGVsYXMhIEVzc2Ugw6kgdW0gcGVkaWRvIHBlc3NvYWwh,,W0Rlbm55XQpZLCBwb3IgZmF2b3IsIF4wMDAwQ0RkZXJyb3RhIGEgbGFzIEVzdHVmYXMgZGUgUmVzaWR1b3NeMDAwMDAwLiDCoUFwcm94aW1hZGFtZW50ZSwgdW5hcyBkaWV6ISBFc2UgZXMgbWkgcGVkaWRvIHBlcnNvbmFsLg==
UyOhBw,,W3swfV0KSSBjYW4gZG8gdGhhdC4=,,,,,W3swfV0KUG9zc28gZmF6ZXIgaXNzby4=,,W3swfV0KUHVlZG8gaGFjZXJsby4=
VCOhBw,,W0Rlbm55XQpMb29rISBXaGF0IGRpZCBJIHNheT8gRXZlcnkgYWR2ZW50dXJlciBpcyBzdHJvbmch,,,,,W0Rlbm55XQpPbGhhIHPDsyEgTyBxdWUgZm9pIHF1ZSBldSBkaXNzZT8gQXZlbnR1cmVpcm9zIHPDo28gdMOjbyBmb3J0ZXMh,,W0Rlbm55XQrCoU1pcmEhIMK/UXXDqSB0ZSBkaWplPyDCoVRvZG9zIGxvcyB0cm90YW11bmRvcyBzb24gZnVlcnRlcyE=
VSOhBw,,W1Jvb2tpZV0KVGhhbmsgeW91IHNvIG11Y2guLi4=,,,,,W0x1a2llXQpNdWl0byBvYnJpZ2Fkby4uLg==,,W0x1a2llXQpNdWNoYXMgZ3JhY2lhcy4uLg==
ViOhBw,,W3swfV0KV2VsY29tZS4gU2VlIHlvdSBzb29uLg==,,,,,W3swfV0KQm9hcy12aW5kYXMuIFRlIHZlam8gZW0gYnJldmUu,,W3swfV0KRGUgbmFkYS4gSGFzdGEgcHJvbnRvLg==
VyOhBw,,W0Rlbm55XQpZZXMhIFdlIHdpbGwgYmUgd2FpdGluZyE=,,,,,W0Rlbm55XQpTaW0hIEVzdGFyZW1vcyBlc3BlcmFuZG8h,,W0Rlbm55XQrCoVPDrSEgwqFFc3RhcmVtb3MgZXNwZXJhbmRvIQ==
WCOhBw,,W1Jvb2tpZV0KQmUgY2FyZWZ1bCE=,,,,,W0x1a2llXQpUZW5oYSBjdWlkYWRvIQ==,,W0x1a2llXQrCoVRlbiBjdWlkYWRvIQ==
WSOhBw,,W0N5YW5dCllvdSd2ZSBjb21lLCBkZWFyISBZb3UgbWlzc2VkIG1lIHNvIG11Y2ghIFlvdSBoYXRlIHRvIHNlZSBtZSBnZXR0aW5nIG9sZCE=,,,,,W0N5YW5dClZvY8OqIHZlaW8sIG1ldSBiZW0hIFNlbnRpdSBtaW5oYSBmYWx0YSEgVm9jw6ogb2RlaWEgbWUgdmVyIGVudmVsaGVjZXIh,,W0N5YW5dCsKhVmluaXN0ZSwgY2FyacOxbyEgwqFNZSBleHRyYcOxYXN0ZSEgwqFPZGlhcyB2ZXJtZSBlbnZlamVjZXIh
WiOhBw,,W1Jvb2tpZV0KSSB0aG91Z2h0IHRvZGF5IHdhcyBhbiBleGNlcHRpb24uLi4=,,,,,W0x1a2llXQpBY2hlaSBxdWUgaG9qZSBlcmEgdW1hIGV4Y2XDp8Ojby4uLg==,,W0x1a2llXQpQZW5zw6kgcXVlIGhveSBlcmEgdW5hIGV4Y2VwY2nDs24uLi4=
WyOhBw,,W0N5YW5dCk5vIHdheSEgQXMgbG9uZyBhcyB5b3UgYXJlIGhlcmUu,,,,,W0N5YW5dCkRlIGZvcm1hIGFsZ3VtYSEgQ29udGFudG8gcXVlIHZvY8OqIGVzdGVqYSBhcXVpLg==,,W0N5YW5dCsKhRGUgbmluZ3VuYSBtYW5lcmEhIE1pZW50cmFzIGVzdMOpcyBhcXXDrS4=
XCOhBw,,W0N5YW5dClNvIHlvdSB3aWxsIGdldCB0aGVtIGZvciBtZSBhZ2Fpbj8gXjAwMDBDRDEwIEJ1cm50IFRyZWUgYW5kIDMgQ29hbF4wMDAwMDAuIEFuZCBkZWZlYXQgXjAwMDBDRE9sZCBTdG92ZV4wMDAwMDAuIEdvdCBpdD8=,,,,,W0N5YW5dCkVudMOjbyB2YWkgdHJhemVyIHR1ZG8gcGFyYSBtaW0gbm92YW1lbnRlPyBeMDAwMENEMTAgTWFkZWlyYXMgUXVlaW1hZGFzIGUgMyBDYXJ2w7Vlc14wMDAwMDAuIEFoLCBlIGVsaW1pbmUgXjAwMDBDREZvcm5hbGhhIFZlbGhhXjAwMDAwMC4gRW50ZW5kZXU/,,W0N5YW5dCkVudG9uY2VzLCDCv21lIGxvcyBjb25zZWd1aXLDoXMgb3RyYSB2ZXo/IF4wMDAwQ0QxMCDDgXJib2xlcyBRdWVtYWRvcyB5IDMgQ2FyYsOzbl4wMDAwMDAuIFkgZGVycm90YSBhIGxhcyBeMDAwMENERXN0dWZhIGRlIFJlc2lkdW9zXjAwMDAwMC4gwr9FbnRlbmRpZG8/
XSOhBw,,W1Jvb2tpZV0KQWR2ZW50dXJlciwgeW91IGRvbid0IGhhdmUgdG8gdGFrZSB0aGlzIHJlcXVlc3Qu,,,,,W0x1a2llXQpWb2PDqiBuw6NvIHByZWNpc2EgYWNlaXRhciBlc3RlIHBlZGlkby4=,,W0x1a2llXQpUcm90YW11bmRvcywgbm8gdGllbmVzIHF1ZSBhY2VwdGFyIGVzdGUgcGVkaWRvLg==
XiOhBw,,W3swfV0KSSB3aWxsIGRvIHRoaXMuIEl0J3Mgbm90IGEgaGFyZCBqb2IgZm9yIG1lLg==,,,,,W3swfV0KRmFyZWkgaXNzby4gTsOjbyDDqSB1bSB0cmFiYWxobyBkaWbDrWNpbCBwYXJhIG1pbS4=,,W3swfV0KTG8gaGFyw6kuIE5vIGVzIHVuIHRyYWJham8gZGlmw61jaWwgcGFyYSBtw60u
XyOhBw,,W0N5YW5dCk5vdywgSSB3aWxsIGJlIHNsZWVwaW5nIQ==,,,,,W0N5YW5dCkFnb3JhLCBlc3RhcmVpIGRvcm1pbmRvIQ==,,W0N5YW5dCsKhQWhvcmEgZG9ybWlyw6kh
YCOhBw,,W1Jvb2tpZV0KT3VjaCwgSG93IG5vaXN5LiBTb3JyeSB0byByZXF1ZXN0IHlvdSBhZ2Fpbi4=,,,,,W0x1a2llXQpBaSwgcXVlIGJhcnVsaGVpcmEuIERlc2N1bHBlIGRhciB0cmFiYWxobyBhIHZvY8OqIG5vdmFtZW50ZS4=,,W0x1a2llXQrCoUhheSBtdWNobyBydWlkbyEgTGFtZW50byBwZWTDrXJ0ZWxvIGRlIG51ZXZvLg==
YSOhBw,,W0N5YW5dCllpa2VzLCBpdCdzIHNvIGNvbGQh,,,,,W0N5YW5dCk5vc3NhLCBlc3TDoSB0w6NvIGZyaW8h,,W0N5YW5dCsKhVmF5YSwgaGFjZSBtdWNobyBmcsOtbyE=
YiOhBw,,W1Jvb2tpZV0KSSBoYXZlIHRvIGxpc3RlbiB0byBjb21wbGFpbnRzIG9mIGFsbCB0aGUgcGVvcGxlLiBUaGF0J3MgYSBwcm9ibGVtLg==,,,,,W0x1a2llXQpQcmVjaXNvIG91dmlyIGFzIHJlY2xhbWHDp8O1ZXMgZGUgdG9kbyBtdW5kby4gSXNzbyDDqSB1bSBwcm9ibGVtYS4=,,W0x1a2llXQpUZW5nbyBxdWUgZXNjdWNoYXIgbGFzIHF1ZWphcyBkZSB0b2RhIGxhIGdlbnRlLiBFc28gZXMgdW4gcHJvYmxlbWEu
YyOhBw,,W1Jvb2tpZV0KV2hhdCdzIHNvIGNvbGQ/IEl0J3MgdGhlIHNhbWUgYXMgeWVzdGVyZGF5,,,,,W0x1a2llXQpPIHF1ZSBlc3TDoSB0w6NvIGZyaW8/IEVzdMOhIGlndWFsIGEgb250ZW0u,,W0x1a2llXQrCv1F1w6kgY29zYSB0ZSBkYSBmcsOtbz8gRXN0w6EgaWd1YWwgcXVlIGF5ZXIu
ZCOhBw,,W0N5YW5dCkhleSwgbXkgZmVlbGluZyBpcyBzbyBhY2N1cmF0ZS4gSXQncyBjb2xkZXIgdG9kYXkuIExvb2suIFlvdSBwdXQgb24gbW9yZSBjbG90aGVzLg==,,,,,W0N5YW5dCkVpLCBtZXVzIHNlbnRpZG9zIHPDo28gYWd1w6dhZG9zLiBFc3TDoSBtYWlzIGZyaW8gaG9qZS4gT2xoZS4gVm9jw6ogZXN0w6EgdXNhbmRvIG1haXMgcm91cGFzLg==,,W0N5YW5dCk95ZSwgbWkgc2Vuc2FjacOzbiBlcyBtdXkgYWNlcnRhZGEuIEhveSBoYWNlIG3DoXMgZnLDrW8uIE1pcmEuIEVzdMOhcyB1c2FuZG8gbcOhcyByb3BhLg==
ZSOhBw,,W1Jvb2tpZV0KT2ghIFdoZW4gZGlkIEkgZ2V0IGRyZXNzZWQgbGlrZSB0aGlzIQ==,,,,,W0x1a2llXQpBaCEgUXVhbmRvIG1lIHZlc3RpIGFzc2ltPw==,,W0x1a2llXQrCoUFoISDCocK/Q3XDoW5kbyBtZSB2ZXN0w60gYXPDrT8h
ZiOhBw,,W0N5YW5dCkxldCdzIHNlZS4uLiBJIHRob3VnaHQgc28uIFRoZSBmaXJlcGxhY2UgaXMgd2Vha2VyIG5vdy4gTm8gZmlyZXdvb2Q/,,,,,W0N5YW5dClZlamFtb3MuLi4gRm9pIG8gcXVlIHBlbnNlaS4gQSBsYXJlaXJhIGVzdMOhIGFwYWdhbmRvLiBOw6NvIGjDoSBsZW5oYT8=,,W0N5YW5dClZlYW1vcy4uLiBNZSBsbyBpbWFnaW5hYmEuIEVsIGZ1ZWdvIGRlIGxhIGNoaW1lbmVhIGVzIG3DoXMgZMOpYmlsIGFob3JhLiDCv05vIGhheSBsZcOxYT8=
ZyOhBw,,W1Jvb2tpZV0KV2VsbCwgaXQncyB0cnVlLg==,,,,,W0x1a2llXQpCZW0sIGlzc28gw6kgdmVyZGFkZS4=,,W0x1a2llXQpFcyB2ZXJkYWQu
aCOhBw,,W0N5YW5dCk9uY2UgdGhpcyBsYXN0IGZpcmV3b29kIGlzIGJ1cm50IG91dCwgSSB3aWxsIGRpZS4uLiBMYXN0Li4uIGZpcmV3b29kLi4u,,,,,W0N5YW5dClF1YW5kbyBlc3RlIMO6bHRpbW8gcGVkYcOnbyBkZSBsZW5oYSBxdWVpbWFyLCBldSBtb3JyZXJlaS4uLiDDmmx0aW1hLi4uIGxlbmhhLi4uLg==,,W0N5YW5dCkN1YW5kbyBzZSBhcGFndWUgbGEgY2hpbWVuZWEsIG1vcmlyw6kuLi4gTG8gcXVlIHF1ZWRhIGRlLi4uIGxhIGxlw7FhLi4u
aSOhBw,,W1Jvb2tpZV0KV2hvIHRvbGQgeW91IHRoYXQgeW91J2QgZGllPyBZb3UncmUgc28gaGVhbHRoeSE=,,,,,W0x1a2llXQpRdWVtIGRpc3NlIHF1ZSB2b2PDqiB2YWkgbW9ycmVyPyBWb2PDqiDDqSB0w6NvIHNhdWTDoXZlbCE=,,W0x1a2llXQrCv1F1acOpbiB0ZSBkaWpvIHF1ZSBtb3JpcsOtYXM/IMKhVGUgdmVzIG11eSBzYWx1ZGFibGUh
aiOhBw,,W0N5YW5dCkNvbWUgb24sIEp1c3QgZWNobyBteSB3b3JkcyB3aGlsZSBJJ20gc2VudGltZW50YWwhIQ==,,,,,W0N5YW5dClZhbW9zLCBlbnRyZSBubyBjbGltYSBlbnF1YW50byBlc3RvdSBzZW50aW1lbnRhbCEh,,W0N5YW5dClZhbW9zLCDCoXPDrWd1ZW1lIGxhIGNvcnJpZW50ZSBtaWVudHJhcyBlc3RveSBzZW50aW1lbnRhbCE=
ayOhBw,,W1Jvb2tpZV0KT2gsIGRvbid0IGRpZS4gSWYgeW91IGRpZSwgd2hvJ3MgZ29pbmcgdG8gdGFrZSBjYXJlIG9mIHRob3NlIDEyIGtpZHMuIFBsZWFzZSBkb24ndCBkaWUu,,,,,W0x1a2llXQpBaCwgbsOjbyBtb3JyYS4gU2Ugdm9jw6ogbW9ycmVyLCBxdWVtIHZhaSBjdWlkYXIgZGFxdWVsYXMgMTIgY3JpYW7Dp2FzPyBQb3IgZmF2b3IsIG7Do28gbW9ycmEu,,W0x1a2llXQpObyB0ZSBtdWVyYXMuIFNpIG11ZXJlcywgwr9xdWnDqW4gY3VpZGFyw6EgYSBlc29zIDEyIG5pw7Fvcz8gUG9yIGZhdm9yLCBubyB0ZSBtdWVyYXMu
bCOhBw,,W0N5YW5dCkhleSEgV2hvIGFyZSBteSBraWRzISBBbmQgd2h5IGRvIEkgaGF2ZSB0byBmZWVkIHRoZW0/IFdoYXQgaGFwcGVuZWQ/,,,,,W0N5YW5dCkVpISBRdWVtIHPDo28gbWluaGFzIGNyaWFuw6dhcz8gRSBwb3IgcXVlIGRldm8gYWxpbWVudGEtbGFzPyBPIHF1ZSBhY29udGVjZXU/,,W0N5YW5dCsKhT3llISDCv1F1acOpbmVzIHNvbiBtaXMgaGlqb3M/IMK/WSBwb3IgcXXDqSB0ZW5nbyBxdWUgZGFybGVzIGRlIGNvbWVyPyDCv1F1w6kgc3VjZWRpw7M/
bSOhBw,,W1Jvb2tpZV0KWW91ciBzcG91c2UuLi4gZGllZCBkdXJpbmcgYSBtaXNzaW9uLg==,,,,,W0x1a2llXQpTZXUgY8O0bmp1Z2UuLi4gbW9ycmV1IGR1cmFudGUgdW1hIG1pc3PDo28u,,W0x1a2llXQpUdSBjw7NueXVnZS4uLiBtdXJpw7MgZHVyYW50ZSB1bmEgbWlzacOzbi4=
biOhBw,,W0N5YW5dCk15IGdvZCEgU28gd2hvJ3MgbXkgc3BvdXNlPw==,,,,,W0N5YW5dCk1ldSBEZXVzISBRdWVtIMOpIG1ldSBjw7RuanVnZT8=,,W0N5YW5dCsKhUG9yIHRvZG9zIGxvcyBjaWVsb3MhIMK/UXVpw6luIGVzIG1pIGPDs255dWdlPw==
byOhBw,,W1Jvb2tpZV0KV2VsbC4uLiBUaGUgVGVkZHkgYmVhcj8=,,,,,W0x1a2llXQpCZW0uLi4gTyB1cnNpbmhvIGRlIHBlbMO6Y2lhPw==,,W0x1a2llXQpCdWVuby4uLiDCv09zaXRvIGRlIHBlbHVjaGU/
cCOhBw,,W0N5YW5dCk9vcHMhIE5vISBMZXQncyBzYXkgdGhpcyBhZHZlbnR1cmVyIGlzIG15IHNwb3VzZS4=,,,,,W0N5YW5dCk9wcyEgTsOjbyEgRGlnYW1vcyBxdWUgbyBhdmVudHVyZWlybyDDqSBtZXUgY8O0bmp1Z2Uu,,W0N5YW5dCsKhVXkhIMKhTm8hIERpZ2Ftb3MgcXVlIGVzdGUgdHJvdGFtdW5kb3MgZXMgbWkgY8Ozbnl1Z2Uu
cSOhBw,,W1Jvb2tpZV0KSGV5ISBUaGF0J3MgcnVkZSE=,,,,,W0x1a2llXQpFaSEgUXVlIHJ1ZGUh,,W0x1a2llXQrCoU95ZSEgwqFRdcOpIGdyb3Nlcm8h
ciOhBw,,W0N5YW5dCkFkdmVudHVyZXJ+IEFyZW4ndCBpc24ndCBpdCBjb2xkIG5vdz8=,,,,,W0N5YW5dCkF2ZW50dXJlaXJvLi4uIG7Do28gZXN0w6EgZnJpbyBhZ29yYT8=,,W0N5YW5dClRyb3RhbXVuZG9zfiwgwr9ubyBoYWNlIGZyw61vIGFob3JhPw==
cyOhBw,,W3swfV0KV2VsbC4gTm90IHJlYWxseS4uLg==,,,,,W3swfV0KQm9tLiBOYSB2ZXJkYWRlLCBuw6NvLi4u,,W3swfV0KQnVlbm8uIEVuIHJlYWxpZGFkLCBuby4uLg==
dCOhBw,,W0N5YW5dCk9oLCB0aGlzIGphY2tldCBsb29rcyBnb29kLiBUaGF0J3Mgd2h5IHlvdSBkb24ndCBmZWVsIGNvbGQuIFdlIGFsd2F5cyByZWNlaXZlIGNoZWFwIGNsb3RoZXMgc28gd2UgY2FuIGVhc2lseSBmZWxsIHRoZSBjb2xkLg==,,,,,W0N5YW5dCkFoLCBlc3NlIGNhc2FjbyBwYXJlY2UgYm9tLiBQb3IgaXNzbyB2b2PDqiBuw6NvIGVzdMOhIGNvbSBmcmlvLiBTZW1wcmUgcmVjZWJlbW9zIHJvdXBhcyBiYXJhdGFzLCBwb3IgaXNzbyBzZW50aW1vcyBtdWl0byBmcmlvLg==,,W0N5YW5dCkVzdGEgY2hhcXVldGEgdGllbmUgYnVlbmEgcGludGEuIFBvciBlc28sIG5vIHNpZW50ZXMgZnLDrW8uIFNpZW1wcmUgcmVjaWJpbW9zIHJvcGEgYmFyYXRhIHksIHBvciBlc28sIHNlbnRpbW9zIHRhbnRvIGZyw61vLg==
dSOhBw,,W1Jvb2tpZV0KVGhlIGFkdmVudHVyZXIgaXMgYnVzeSBub3cuIFdoYXQgYXJlIHlvdSB0YWxraW5nIGFib3V0Pw==,,,,,W0x1a2llXQpPIGF2ZW50dXJlaXJvIGVzdMOhIG9jdXBhZG8gYWdvcmEuIERvIHF1ZSB2b2PDqiBlc3TDoSBmYWxhbmRvPw==,,W0x1a2llXQpFbCB0cm90YW11bmRvcyBubyB0aWVuZSB0aWVtcG8gYWhvcmEuIMK/RGUgcXXDqSBlc3TDoXMgaGFibGFuZG8/
diOhBw,,W0N5YW5dCkxpc3RlbiB0byBtZSBhbmQgbG9vayBhcm91bmQgaGVyZS4gVGhpcyBwbGFjZSBpcyBhIGNvbGQgYnVpbGRpbmcgbWFkZSBvZiBpcm9uIGFuZCBzdG9uZS4=,,,,,W0N5YW5dClByZXN0ZSBhdGVuw6fDo28gZSBvbGhlIGFvIHJlZG9yLiBFc3NlIMOpIHVtIHByw6lkaW8gZ2VsYWRvLCBmZWl0byBkZSBmZXJybyBlIHBlZHJhcy4=,,W0N5YW5dCkVzY8O6Y2hhbWUgeSBtaXJhIGEgdHUgYWxyZWRlZG9yLiBFc3RlIGx1Z2FyIGZyw61vIGVzIHVuIGVkaWZpY2lvIGNvbnN0cnVpZG8gY29uIGhpZXJybyB5IHBpZWRyYS4=
dyOhBw,,W0N5YW5dCkFuZCBzaW5jZSB3ZSBhcmUgaW4gYSBwbGFjZSBsb2NhdGVkIG5lYXJseSB1bmRlcmdyb3VuZCwgaXQncyBhbHdheXMgY29sZCBhbmQgZGFtcC4gWW91IGtub3cgdGhlIGZlZWxpbmc/IFRoZSBjb2xkIGFuZCBkYW1wIGFpciBraWxscyB1cy4=,,,,,W0N5YW5dCkUgY29tbyBlc3RhbW9zIHF1YXNlIG5vIHN1YnNvbG8sIMOpIHNlbXByZSBmcmlvIGUgw7ptaWRvLiBFbnRlbmRlIG8gcXVlIHF1ZXJvIGRpemVyPyBPIGZyaW8gZSBhIHVtaWRhZGUgZXN0w6NvIG5vcyBtYXRhbmRvLg==,,W0N5YW5dClksIGNvbW8gZXN0YW1vcyBlbiB1biBsdWdhciBxdWUgZXN0w6EgY2FzaSBiYWpvIHRpZXJyYSwgc2llbXByZSBlc3TDoSBow7ptZWRvIHkgZnLDrW8uIMK/Q29ub2NlcyBsYSBzZW5zYWNpw7NuPyBFbCBhaXJlIGZyw61vIHkgaMO6bWVkbyBub3MgbWF0YS4=
eCOhBw,,W0N5YW5dClRoYXQncyB3aHkgd2UgYWx3YXlzIG1ha2UgYSBmaXJlIGluIHRoZSBmaXJlcGxhY2UgdG8gd2FybSB0aGUgYWlyLCBib2lsIHRoZSB0ZWEgYW5kIGJha2Ugc29tZSBzd2VldCBwb3RhdG9lcy4uLg==,,,,,W0N5YW5dClBvciBpc3NvLCBzZW1wcmUgbWFudGVtb3MgdW1hIGxhcmVpcmEgYWNlc2EgcGFyYSBhcXVlY2VyIG8gYXIsIHByZXBhcmFyIG8gY2jDoSBlIGNvemluaGFyIGJhdGF0YXMtZG9jZXMu,,W0N5YW5dClBvciBlc28sIHNpZW1wcmUgZW5jZW5kZW1vcyBsYSBjaGltZW5lYSBwYXJhIGNhbGVudGFyIGVsIGFtYmllbnRlLCBoZXJ2aW1vcyBlbCB0w6kgeSBhc2Ftb3MgdW5hcyBiYXRhdGFzLi4u
eSOhBw,,W0N5YW5dCkluIGFueSBjYXNlLCB0aGF0IGZpcmVwbGFjZSBpcyBhIGJsZXNzaW5nIHRoYXQgZ3JhbnRzIHVzIHNvIG1hbnkgdGhpbmdzLiBCdXQgdGhlIGZpcmUgaXMgYWJvdXQgdG8gZ28gb3V0IGR1ZSB0byB0aGUgbGFjayBvZiBmaXJld29vZC4=,,,,,W0N5YW5dClNlamEgY29tbyBmb3IsIGEgbGFyZWlyYSDDqSB1bWEgYmVuw6fDo28gcXVlIG5vcyBjb25jZWRlIHRhbnRhcyBjb2lzYXMuIE1hcyBvIGZvZ28gZXN0w6EgcHJlc3RlcyBhIGFwYWdhciBwb3IgZmFsdGEgZGUgbGVuaGEu,,W0N5YW5dCkVuIHRvZG8gY2FzbywgZXNhIGNoaW1lbmVhIGVzIHVuYSBiZW5kaWNpw7NuIHF1ZSBub3MgYnJpbmRhIG11Y2hhcyBjb3Nhcy4gUGVybyBlbCBmdWVnbyBlc3TDoSBhIHB1bnRvIGRlIGFwYWdhcnNlIHBvcnF1ZSBubyBoYXkgbGXDsWEu
eiOhBw,,W0N5YW5dClNpbmNlIGl0J3MgdG9vIGNvbGQsIEkgY2FuJ3QgZ28gb3V0LiBTbyB3b3VsZCB5b3UgcGxlYXNlIGJyaW5nIG1lIHNvbWUgZmlyZXdvb2QsIG15IGRlYXI/,,,,,W0N5YW5dCkNvbW8gZXN0w6EgZnJpbywgbsOjbyBwb3NzbyBzYWlyLiBFbnTDo28gcG9kZXJpYSB0cmF6ZXIgdW0gcG91Y28gZGUgbGVuaGEsIG1ldSBiZW0/,,W0N5YW5dClksIGNvbW8gaGFjZSB0YW50byBmcsOtbywgbm8gcHVlZG8gc2FsaXIuIMK/UG9kcsOtYXMgdHJhZXJtZSBsZcOxYSwgY2FyacOxbz8=
eyOhBw,,W1Jvb2tpZV0KSGV5ISBZb3UncmUgYmVpbmcgcnVkZSB0byB0aGUgYWR2ZW50dXJlciEgSnVzdCBkaXN0aW5ndWlzaCB0aGUgcmVhbGl0eSBhbmQgZmFudGFzeSE=,,,,,W0x1a2llXQpFaSEgVm9jw6ogZXN0w6Egc2VuZG8gcnVkZSEgU2FpYmEgZGlmZXJlbmNpYXIgYSByZWFsaWRhZGUgZGEgZmFudGFzaWEh,,W0x1a2llXQrCoU95ZSEgwqFObyBwdWVkZXMgcGVkaXJsZSBlc28gYWwgdHJvdGFtdW5kb3MhIMKhQXByZW5kZSBhIGRpc3Rpbmd1aXIgbGEgcmVhbGlkYWQgZGUgbGEgZmFudGFzw61hIQ==
fCOhBw,,W0N5YW5dCldlbGwsIEkgZGlzdGluZ3Vpc2ggdGhlbSB0b28gd2VsbC4gUmF0aGVyIHRoYW4gbGl2aW5nIGluIHRoaXMgY29sZCBzdG9ueSByb29tLCBJIHdvdWxkIGxpa2UgdG8ganVtcCBpbnRvIHRoZSByaXZlciE=,,,,,W0N5YW5dCkV1IHNlaSBkaWZlcmVuY2nDoS1sYXMgbXVpdG8gYmVtLiBObyBsdWdhciBkZSB2aXZlciBuZXNzZSBjw7Rtb2RvIGZyaW8gZSByb2Nob3NvLCBldSBwcmVmZXJpcmlhIG1lcmd1bGhhciBubyByaW8h,,W0N5YW5dCkJ1ZW5vLCBsbyBoYWdvIGRlbWFzaWFkbyBiaWVuLiBFbiBsdWdhciBkZSB2aXZpciBlbiBlc3RhIHNhbGEgZGUgcGllZHJhIGZyw61hLCDCoW1lIGd1c3RhcsOtYSBsYW56YXJtZSBhbCByw61vIQ==
fSOhBw,,W3swfV0KSSBzZWUhIEkgZ290IGl0ISBTbyB5b3Ugd29uJ3QgY29tbWl0IGEgc3VpY2lkZSBpZiBJIGJyaW5nIHRoZSBmdWVsPw==,,,,,W3swfV0KU2ltISBFbnRlbmRpISBFbnTDo28sIHBhcmEgdm9jw6ogbsOjbyB0aXJhciBhIHByw7NwcmlhIHZpZGEsIGV1IHRyYWdvIGEgbGVuaGEh,,W3swfV0KwqFZYSB2ZW8hIMKhTG8gdGVuZ28hIEVudG9uY2VzLCDCv25vIHRlIHN1aWNpZGFyw6FzIHNpIHRyYWlnbyBsYSBsZcOxYT8=
fiOhBw,,W0N5YW5dCk9oIGRlYXIsIHlvdSBhcmUgc28ga2luZCBhbmQgbG92ZWx5Lg==,,,,,W0N5YW5dClZvY8OqIMOpIHTDo28gZ2VudGlsIGUgYW3DoXZlbC4=,,W0N5YW5dCk9oLCBlcmVzIHRhbiBhbWFibGUgeSBhZ3JhZGFibGUu
fyOhBw,,W1Jvb2tpZV0KWW91J3ZlIGRvbnQgaXQgYWdhaW4uIEkndmUgZ290dGEgaGFuZCBpdCB0byB5b3Uu,,,,,W0x1a2llXQpWb2PDqiBmZXogZGUgbm92by4gTWV1cyBwYXJhYsOpbnMu,,W0x1a2llXQpMbyBoaWNpc3RlIG90cmEgdmV6LiBUZW5nbyBxdWUgcmVjb25vY2VybG8u
gCOhBw,,W0N5YW5dCkkgbmVlZCBzb21lIEJ1cm50IFRyZWUuIEFib3V0IDEwIG9mIHRoZW0uIFNpbmNlIHRoZXkgYXJlIHdlbGwtZHJpZWQsIHRoZXkgd2lsbCBiZSBidXJudCB3ZWxsLiBBbmQgdGhlcmUncyBiZXR0ZXIgdGhhbiBjb2FsIHRvIGtlZXAgdGhlIGZpcmUgbG9uZy4gQnJpbmcgc29tZSBjb2FsIHBsZWFzZS4gVGhyZWUgb2YgdGhlbS4=,,,,,W0N5YW5dClByZWNpc28gZGUgdW0gcG91Y28gZGUgbWFkZWlyYSBxdWVpbWFkYS4gVW1hcyAxMC4gQ29tbyBlbGFzIHPDo28gbXVpdG8gc2VjYXMsIHF1ZWltYXLDo28gYmVtLiBFIHPDo28gbWVsaG9yZXMgZG8gcXVlIG8gY2FydsOjbyBwYXJhIHByZXNlcnZhciBvIGZvZ28gcG9yIG1haXMgdGVtcG8uIFBvciBmYXZvciwgdHJhZ2EgdW0gcG91Y28gZGUgY2FydsOjby4gVHLDqnMgZGVsZXMu,,W0N5YW5dCk5lY2VzaXRvIGFsZ3Vub3Mgw6FyYm9sZXMgcXVlbWFkb3MuIFVub3MgMTAuIENvbW8gZXN0w6FuIGJpZW4gc2Vjb3MsIHNlIHF1ZW1hcsOhbiBiaWVuLiBZIGVzIG1lam9yIHF1ZSBlbCBjYXJiw7NuIHBhcmEgbWFudGVuZXIgZWwgZnVlZ28gZW5jZW5kaWRvLiBUcmFlIGNhcmLDs24sIHBvciBmYXZvciwgMyB1bmlkYWRlcy4=
gSOhBw,,W1Jvb2tpZV0KQ29hbD8gV2h5PyBJdCBsZWF2ZXMgdG9vIG11Y2ggYXNoLg==,,,,,W0x1a2llXQpDYXJ2w6NvPyBQb3IgcXXDqj8gRGVpeGEgbXVpdGFzIGNpbnphcy4=,,W0x1a2llXQrCv0NhcmLDs24/IMK/UG9yIHF1w6k/IERlamEgbXVjaGEgY2VuaXphLg==
giOhBw,,W0N5YW5dClRvIG1lLCB0aGUgZWZmaWNpZW5jeSBpcyB0aGUgbW9zdCBpbXBvcnRhbnQhIFRoZSB3YXJtZXN0IGlzIHRoZSBiZXN0IQ==,,,,,W0N5YW5dCkEgZWZpY2nDqm5jaWEgw6kgbyBxdWUgaW1wb3J0YSBwYXJhIG1pbSEgUXVhbnRvIG1haXMgcXVlbnRlLCBtZWxob3Ih,,W0N5YW5dClBhcmEgbcOtLCBsYSBlZmljYWNpYSBlcyBsbyBtw6FzIGltcG9ydGFudGUuIMKhQ3VhbnRvIG3DoXMgY8OhbGlkbyBtZWpvciE=
gyOhBw,,W3swfV0KSSBzZWUuIFBsZWFzZSBzdG9wIGZpZ2h0aW5nLiBJIHdpbGwgYnJpbmcgdGhlbS4gXjAwMDBDRDEwIEJ1cm50IFRyZWUgYW5kIHRocmVlIGNvYWxeMDAwMDAwLiBSaWdodD8=,,,,,W3swfV0KRW50ZW5kaS4gUG9yIGZhdm9yLCBwYXJlbSBkZSBicmlnYXIuIFZvdSB0cmF6ZXIgdHVkby4gXjAwMDBDRDEwIE1hZGVpcmFzIFF1ZWltYWRhcyBlIDMgQ2FydsO1ZXNeMDAwMDAwLiBDZXJ0bz8=,,W3swfV0KWWEgdmVvLiBEZWplbiBkZSBwZWxlYXJzZS4gTG9zIHRyYWVyw6k6IF4wMDAwQ0QxMCDDgXJib2xlcyBRdWVtYWRvcyB5IDMgQ2FyYsOzbl4wMDAwMDAsIMK/bm8/
hCOhBw,,W0N5YW5dCk9vcHMhIEFuZCBkZWZlYXQgXjAwMDBDRDEwIE9sZCBTdG92ZV4wMDAwMDAh,,,,,W0N5YW5dCk9wcyEgRSBlbGltaW5lIF4wMDAwQ0QxMCBGb3JuYWxoYXMgVmVsaGFzXjAwMDAwMCE=,,W0N5YW5dCsKhVXkhIMKhWSBkZXJyb3RhIGEgXjAwMDBDRDEwIEVzdHVmYXMgZGUgUmVzaWR1b3NeMDAwMDAwIQ==
hSOhBw,,W1Jvb2tpZV0KV2h5Pw==,,,,,W0x1a2llXQpQb3IgcXXDqj8=,,W0x1a2llXQrCv1BvciBxdcOpPw==
hiOhBw,,W0N5YW5dCllvdSBuZWVkIHRvIGRlZmVhdCB0aGVtIHRvIGdldCB0aGUgYnVybnQgdHJlZSE=,,,,,W0N5YW5dClZvY8OqIHByZWNpc2Fyw6EgZWxpbWluw6EtbG9zIHBhcmEgb2J0ZXIgYSBtYWRlaXJhIQ==,,W0N5YW5dClRpZW5lcyBxdWUgZGVycm90YXJsYXMgcGFyYSBjb25zZWd1aXIgw6FyYm9sZXMgcXVlbWFkb3Mu
hyOhBw,,W1Jvb2tpZV0KQ29tZSBvbi4gVGhlIGFkdmVudHVyZXIga25vd3MgaXQgYWxyZWFkeS4=,,,,,W0x1a2llXQpPcmEsIHZhbW9zISBPIGF2ZW50dXJlaXJvIGrDoSBzYWJlIGRpc3NvLg==,,W0x1a2llXQpWYW1vcy4gRWwgdHJvdGFtdW5kb3MgeWEgbG8gc2FiZS4=
iCOhBw,,W0N5YW5dCkJlIGNhcmVmdWwsIG15IGRlYXJ+,,,,,W0N5YW5dClRlbmhhIGN1aWRhZG8sIG1ldSBiZW0h,,W0N5YW5dClRlbiBjdWlkYWRvLCBjYXJpw7Fvfi4=
iSOhBw,,W1Jvb2tpZV0KUGhldy4uLiBXZSB3aWxsIGNvdW50IG9uIHlvdSBhbnl3YXkuIFJlZ2FyZGxlc3Mgb2Ygd2hhdCB0aGF0IGZlbGxvdyB0b2xkIHlvdSwgZXZlcnlvbmUgd2lsbCBnZXQgYSBjb2xkIG9uY2UgdGhlIGZpcmUgZ29lcyBvdXQu,,,,,W0x1a2llXQpBaSwgYWkuLi4gQmVtLCBjb250YW1vcyBjb20gdm9jw6ouIE7Do28gaW1wb3J0YSBvIHF1ZSBhcXVlbGEgcGVzc29hIGRpc3NlLCB0b2RvcyBmaWNhcsOjbyBncmlwYWRvcyBzZSBvIGZvZ28gYXBhZ2FyLg==,,W0x1a2llXQpGaXUuLi4gQ29udGFtb3MgY29udGlnbyBkZSB0b2RvcyBtb2Rvcy4gSW5kZXBlbmRpZW50ZW1lbnRlIGRlIGxvIHF1ZSB0ZSBoYXlhIGRpY2hvIGVzZSB0aXBvLCB0b2RvIGVsIG11bmRvIHNlIHJlc2ZyaWFyw6EgY3VhbmRvIHNlIGFwYWd1ZSBlbCBmdWVnby4=
iiOhBw,,W01hZ2VudGFdCldhaXQhISEgQWR2ZW50dXJlciEgUGxlYXNlIHRhbGsgdG8gbWUh,,,,,W01hZ2VudGFdCkVzcGVyZSEhISBBdmVudHVyZWlybyEgRmFsZSBjb21pZ28sIHBvciBmYXZvciE=,,W01hZ2VudGFdCsKhRXNwZXJhISDCoVRyb3RhbXVuZG9zISDCoUjDoWJsYW1lLCBwb3IgZmF2b3Ih
iyOhBw,,W01hZ2VudGFdCkkgd291bGQgYmUgc28gc2FkIGlmIHlvdSBsZWF2ZSB3aXRob3V0IHNlZWluZyBtZS4gSSB0aG91Z2h0IG9mIGEgcGVyZmVjdCBkZXNpZ24gbGFzdCBuaWdodC4=,,,,,W01hZ2VudGFdCkZpY2FyZWkgdHJpc3RlIHNlIHZvY8OqIHBhcnRpciBzZW0gbWUgdmVyLiBFdSBpbnZlbnRlaSB1bSBwcm9qZXRvIHBlcmZlaXRvIG9udGVtIMOgIG5vaXRlLg==,,W01hZ2VudGFdCk1lIHBvbmRyw61hIG11eSB0cmlzdGUgc2kgdGUgdmFzIHNpbiB2ZXJtZS4gQW5vY2hlIHNlIG1lIG9jdXJyacOzIHVuIGRpc2XDsW8gcGVyZmVjdG8u
jCOhBw,,W01hZ2VudGFdCkFuZCBJIG1hZGUgdmFyaW91cyBzdHVmZnMgYW5kIG5vdyBJIHJhbiBvdXQgb2YgY3J5c3RhbHMuLi4gV291bGQgeW91IG1pbmQgaWYgSSBhc2sgeW91IHRvIGdldCB0aGVtPw==,,,,,W01hZ2VudGFdCkUgZml6IHbDoXJpYXMgY29pc2FzLCBtYXMgZW50w6NvIG1ldXMgY3Jpc3RhaXMgYWNhYmFyYW0uLi4gUG9kZXJpYSBwZWdhciBhbGd1bnMgcGFyYSBtaW0/,,W01hZ2VudGFdCkhpY2UgdmFyaWFzIGNvc2FzIHkgYWhvcmEgbWUgcXVlZMOpIHNpbiBjcmlzdGFsZXMuLi4gwr9UZSBwdWVkbyBwZWRpciBxdWUgbWUgdHJhaWdhcyBhbGd1bm9zPw==
jSOhBw,,W01hZ2VudGFdCkRlZmVhdCBeMDAwMENET2JzaWRpYW4gYW5kIE1pbmVyYWxeMDAwMDAwLiBUaGVuIGJyaW5nIG1lIF4wMDAwQ0QxMCBwaWVjZXMgb2YgY3J5c3RhbCBhbmQgMTAgcGllY2VzIG9mIGJsYWNrIGNyeXN0YWxeMDAwMDAwIHBsZWFzZS4=,,,,,W01hZ2VudGFdCkRlcnJvdGUgXjAwMDBDRE9ic2lkaWFuYXMgZSBNaW5lcmFpc14wMDAwMDAuIEVudMOjbyB0cmFnYSBeMDAwMENEMTAgRnJhZ21lbnRvcyBkZSBDcmlzdGFsIGUgMTAgRnJhZ21lbnRvcyBkZSBDcmlzdGFsIE5lZ3JvXjAwMDAwMC4=,,W01hZ2VudGFdCkRlcnJvdGEgYSBeMDAwMENET2JzaWRpYW5hIHkgTWluZXJhbF4wMDAwMDAuIEx1ZWdvLCB0csOhZW1lIF4wMDAwQ0QxMCBDcmlzdGFsZXMgeSAxMCBGcmFnbWVudG8gZGUgQ3Jpc3RhbCBPc2N1cm9eMDAwMDAwLg==
jiOhBw,,W01hZ2VudGFdCkVlZSB5b3UgbGF0ZXIhIEkgaGF2ZSB0byBnbyBhbmQgYXJyYW5nZSB0aGUgc3R1ZmZzIEkgbWFkZS4gSSB3aWxsIGNvdW50IG9uIHlvdSE=,,,,,W01hZ2VudGFdCkF0w6kgbWFpcyB0YXJkZSEgUHJlY2lzbyBvcmdhbml6YXIgYXMgY29pc2FzIHF1ZSBmaXouIEVzdG91IGNvbnRhbmRvIGNvbSB2b2PDqiE=,,W01hZ2VudGFdCsKhSGFzdGEgbHVlZ28hIERlYm8gaXIgYSBhcnJlZ2xhciBsYXMgY29zYXMgcXVlIGhpY2UuIMKhQ3VlbnRvIGNvbnRpZ28h
jyOhBw,,W1Jvb2tpZV0KT3VjaCwgU29ycnkgdG8gcmVxdWVzdCB5b3UgYWdhaW4uIEl0IG11c3QgYmUgdG91Z2ggZm9yIHlvdSBub3cu,,,,,W0x1a2llXQpBaS4uLiBkZXNjdWxwZSBkYXIgdHJhYmFsaG8gYSB2b2PDqiBub3ZhbWVudGUuIERldmUgZXN0YXIgc2VuZG8gZGlmw61jaWwu,,W0x1a2llXQpBeSwgbGFtZW50byBwZWTDrXJ0ZWxvIGRlIG51ZXZvLiBEZWJlIHNlciBkaWbDrWNpbCBwYXJhIHRpIGFob3JhLg==
kCOhBw,,W01hZ2VudGFdClR3aW5rbGUgdHdpbmtsZSBsaXR0bGUgc3Rhcn4gTXkgc2hvb3Rpbmcgc3RhciwgeW91IGFyZSBzdGlsbCBiZWF1dGlmdWwu,,,,,W01hZ2VudGFdCkJyaWxoYSwgYnJpbGhhLCBlc3RyZWxpbmhhLi4uIE1pbmhhIGVzdHJlbGEgY2FkZW50ZSwgdm9jw6ogY29udGludWEgbGluZGEu,,W01hZ2VudGFdCkVzdHJlbGxpdGEsIMK/ZMOzbmRlIGVzdMOhc34/IE1pIEVzdHJlbGxhIEZ1Z2F6LCBzaWd1ZXMgc2llbmRvIGhlcm1vc2Eu
kSOhBw,,W1Jvb2tpZV0KSXQncyB0byBtYWtlIHRob3NlIGtpZHMgcXVpZXQu,,,,,W0x1a2llXQrDiSBwYXJhIGFjYWxtYXIgZXNzYXMgY3JpYW7Dp2FzLg==,,W0x1a2llXQpFcyBwYXJhIGhhY2VyIGNhbGxhciBhIGVzb3MgbmnDsW9zLg==
kiOhBw,,W1Jvb2tpZV0KQXJlIHlvdSBmdW1ibGluZyBpdCBhZ2FpbiEgSXQgbWlnaHQgcnVuIGRvd24h,,,,,W0x1a2llXQpFc3TDoSBicmluY2FkbyBjb20gaXNzbyBkZSBub3ZvPyBWYWkgYWNhYmFyIGNhaW5kbyE=,,W0x1a2llXQrCoUxhIGVzdMOhcyBtb3ZpZW5kbyBjb24gdG9ycGV6YSBvdHJhIHZleiEgwqFTZSBwdWVkZSBkYcOxYXIh
kyOhBw,,W01hZ2VudGFdCkl0IHdhcyB5b3Ugd2hvIHRvbGQgbWUgdG8gcG9zc2VzcyBpdCBhbGwgdGhlIHRpbWUh,,,,,W01hZ2VudGFdCkZvaSB2b2PDqiBxdWVtIGRpc3NlIHBhcmEgZXUgY2FycmVnYXIgY29taWdvIG8gdGVtcG8gdG9kbyE=,,W01hZ2VudGFdCsKhRnVpc3RlIHTDuiBxdWllbiBtZSBkaWpvIHF1ZSBsbyB0dXZpZXJhIHNpZW1wcmUgY29ubWlnbyE=
lCOhBw,,W1Jvb2tpZV0KSSBkaWRuJ3QgbWVhbiB0byB3YXNoIGl0IGV2ZXJ5IGhvdXIhIFlvdSdyZSBzbyBzdHViYm9ybiE=,,,,,W0x1a2llXQpFdSBuw6NvIGRpc3NlIHBhcmEgbGF2YXIgYSB0b2RhIGhvcmEhIFF1YW50YSB0ZWltb3NpYSE=,,W0x1a2llXQrCoU5vIHF1aXNlIGRlY2lyIHF1ZSBsYSBsYXZhcmFzIGEgY2FkYSByYXRvISDCoUVyZXMgdGFuIHRlc3RhcnVkbyE=
lSOhBw,,W01hZ2VudGFdCkJ5IHRoZSB3YXksIHRoYXQncyBub3QgaW1wb3J0YW50LiBJIHRoaW5rIHRoZXJlIGlzIHNvbWV0aGluZyB0ZXJyaWJseSB3cm9uZyB3aXRoIG15IHNob290aW5nIHN0YXIu,,,,,W01hZ2VudGFdCkFsacOhcywgaXNzbyBuw6NvIMOpIGltcG9ydGFudGUuIEFjaG8gcXVlIHRlbSBhbGdvIGVycmFkbyBjb20gbWluaGEgZXN0cmVsaW5oYSBjYWRlbnRlLg==,,W01hZ2VudGFdCkVuIHRvZG8gY2FzbywgZXNvIG5vIGVzIGltcG9ydGFudGUuIENyZW8gcXVlIG1pIEVzdHJlbGxhIEZ1Z2F6IHRpZW5lIHVuIGVub3JtZSBkZWZlY3RvLg==
liOhBw,,W1Jvb2tpZV0KV2hhdD8gRmxhdz8gVGFsayB0byB0aGUgbWFzdGVyIHRoZXJlLi4u,,,,,W0x1a2llXQpPIHF1w6o/IFVtIGRlZmVpdG8/IEZhbGUgY29tIG8gbWVzdHJlIGFsaS4uLg==,,W0x1a2llXQrCv1F1w6k/IMK/Q3XDoWwgZGVmZWN0bz8gSGFibGEgY29uIGVsIG1hZXN0cm8gYWxsw60uLi4=
lyOhBw,,W01hZ2VudGFdCk5vLiBUaGF0J3Mgbm90IHRoZSBmbGF3IEkgYW0gdGFsa2luZyBhYm91dC4gQWx0aG91Z2ggaXRzIG5hbWUgaXMgU2hvb3RpbmcgU3RhciwgaXQgZG9lc24ndCB0d2lua2xlIGF0IGFsbC4=,,,,,W01hZ2VudGFdCk7Do28gw6kgZXNzZSB0aXBvIGRlIGRlZmVpdG8uIEFwZXNhciBkZSBzZSBjaGFtYXIgRXN0cmVsYSBDYWRlbnRlLCBlbGEgbnVuY2EgYnJpbGhhLg==,,W01hZ2VudGFdCk5vLCBubyBtZSByZWZpZXJvIGEgZXNlIGRlZmVjdG8uIEF1bnF1ZSBzdSBub21icmUgZXMgRXN0cmVsbGEgRnVnYXosIG5vIGJyaWxsYSBlbiBhYnNvbHV0by4=
mCOhBw,,W1Jvb2tpZV0KV2hhdCBraW5kIG9mIGZsYXcgaXMgdGhhdD8gSXQgZG9lc24ndCBtYXR0ZXIgaG93IGl0IGxvb2tzISBUaGUgcGVyZm9ybWFuY2UgbW9yZSBpbXBvcnRhbnQh,,,,,W0x1a2llXQpRdWUgdGlwbyBkZSBkZWZlaXRvIMOpIGVzc2U/IEEgYXBhcsOqbmNpYSBuw6NvIGltcG9ydGEhIE8gbWFpcyBpbXBvcnRhbnRlIMOpIG8gZGVzZW1wZW5obyE=,,W0x1a2llXQrCv1F1w6kgY2xhc2UgZGUgZGVmZWN0byBlcyBlc2U/IMKhTm8gaW1wb3J0YSBjw7NtbyBzZSB2ZWEhIMKhTG8gcXVlIGltcG9ydGEgZXMgZWwgcmVuZGltaWVudG8h
mSOhBw,,W01hZ2VudGFdCk9oLCBMdWNreS4uLiBMdWNreSwgTHVja3khIEFsdGhvdWdoIHlvdSBsaXZlIGluIGEgcGxhY2UgbGlrZSB0aGlzLCB5b3VyIHNlbnNlIGhhcyB0byBiZSB5b3V0aGZ1bC4gVGhhdCdzIHRoZSB3YXkgeW91IHN0YXkgeW91bmcuIEl0J3MgYXMgaW1wb3J0YW50IGFzIGJlaW5nIHBoeXNpY2FsbHkgaGVhbHRoeS4=,,,,,W01hZ2VudGFdCkFoLCBMdWNreS4uLiBMdWNreSwgTHVja3khIEFwZXNhciBkZSB2aXZlciBlbSB1bSBsdWdhciBhc3NpbSwgdm9jw6ogcHJlY2lzYSBtYW50ZXIgbyBlc3DDrXJpdG8gam92ZW0uIMOJIGFzc2ltIHF1ZSBzZSBjb250aW51YSBqb3ZlbS4gSXNzbyDDqSB0w6NvIGltcG9ydGFudGUgcXVhbnRvIGEgc2HDumRlIGbDrXNpY2Eu,,W01hZ2VudGFdCk9oLCBMdWNreS4uLiDCoUx1Y2t5LCBMdWNreSEgQXVucXVlIHZpdmFzIGVuIHVuIGx1Z2FyIGFzw60sIHR1IHNlbnRpZG8gY29tw7puIHRpZW5lIHF1ZSBzZXIganV2ZW5pbC4gQXPDrSBlcyBjb21vIHRlIG1hbnRpZW5lcyBqb3Zlbi4gRXMgdGFuIGltcG9ydGFudGUgY29tbyBlc3RhciBzYWx1ZGFibGUgZsOtc2ljYW1lbnRlLg==
miOhBw,,W1Jvb2tpZV0KV2h5IGlzIGl0IHNvIGltcG9ydGFudD8=,,,,,W0x1a2llXQpQb3IgcXVlIMOpIHTDo28gaW1wb3J0YW50ZT8=,,W0x1a2llXQrCv1BvciBxdcOpIGVzIHRhbiBpbXBvcnRhbnRlPw==
myOhBw,,W01hZ2VudGFdCk9rYXkuIEhlcmUncyBhbiBpdGVtIHdpdGggYSBnb29kIHBlcmZvcm1hbmNlIGFuZCBkdWxsIG91dHdhcmQuIEFuZCBoZXJlJ3MgYW5vdGhlciBvbmUgd2l0aCBhIGdvb2QgcGVyZm9ybWFuY2UgYW5kIGdvb2Qgb3V0d2FyZC4gV2hpY2ggb25lIHdvdWxkIHlvdSBjaG9vc2U/,,,,,W01hZ2VudGFdCkNlcnRvLiBBcXVpIGVzdMOhIHVtIGl0ZW0gY29tIHVtIGJvbSBkZXNlbXBlbmhvIGUgdW1hIGFwYXLDqm5jaWEgc2ltcGxlcy4gRSBhcXVpIGVzdMOhIG91dHJvIGNvbSB1bSBib20gZGVzZW1wZW5obyBlIHVtYSBib2EgYXBhcsOqbmNpYS4gUXVhbCB2b2PDqiBlc2NvbGhlcmlhPw==,,W01hZ2VudGFdCkNpZXJ0by4gQXF1w60gdGllbmVzIHVuIG9iamV0byBjb24gYnVlbiByZW5kaW1pZW50byB5IHVuYSBhcGFyaWVuY2lhIHNlbmNpbGxhLiBZIGFxdcOtIHRpZW5lcyBvdHJvIGNvbiBidWVuIHJlbmRpbWllbnRvIHkgYnVlbmEgYXBhcmllbmNpYS4gwr9DdcOhbCBlbGVnaXLDrWFzPw==
nCOhBw,,W1Jvb2tpZV0KSSBsaWtlIHNvbWV0aGluZyBkdWxsLg==,,,,,W0x1a2llXQpFdSBnb3N0byBkZSBjb2lzYXMgc2ltcGxlcy4=,,W0x1a2llXQpNZSBndXN0YW4gbGFzIGNvc2FzIHNlbmNpbGxhcw==
nSOhBw,,W01hZ2VudGFdCkxvb2sgYXQgeW91ciB0YXN0ZS4uLiBZb3UgcmVhbGx5IGRvbid0IGtub3cgdGhlIHRyZW5kLCBkbyB5b3U/,,,,,W01hZ2VudGFdClF1ZSBtYXUgZ29zdG8uLi4gVm9jw6ogcmVhbG1lbnRlIG7Do28gY29uaGVjZSBuYWRhIGRlIG1vZGEsIG7Do28gw6k/,,W01hZ2VudGFdCk1pcmEgdHVzIGd1c3Rvcy4uLiBEZSB2ZXJkYWQgcXVlIG5vIGVudGllbmRlcyBsYXMgdGVuZGVuY2lhcywgwr92ZXJkYWQ/
niOhBw,,W1Jvb2tpZV0KUmVnYXJkbGVzcyBvZiB0aGUgdHJlbmQsIGl0J3MgbXkgY29uc3RhbnQgdGFzdGUu,,,,,W0x1a2llXQpTZWphIHF1YWwgZm9yIGEgbW9kYSwgbWV1IGdvc3RvIMOpIHNlbXByZSBvIG1lc21vLg==,,W0x1a2llXQpTZWEgY3VhbCBzZWEgbGEgdGVuZGVuY2lhLCBtaSBndXN0byBzaWVtcHJlIGVzIGVsIG1pc21vLg==
nyOhBw,,W01hZ2VudGFdClllcywgSSBzZWUuIEkgcmVzcGVjdCB5b3VyIHRhc3RlLiBUaGVuIHBsZWFzZSByZXNwZWN0IG15IHRhc3RlIHRvby4=,,,,,W01hZ2VudGFdClNpbSwgZW50ZW5kby4gUmVzcGVpdG8gc2V1IGdvc3RvLiBFbnTDo28gcmVzcGVpdGUgbyBtZXUgdGFtYsOpbS4=,,W01hZ2VudGFdClPDrSwgeWEgdmVvLiBSZXNwZXRvIHR1cyBndXN0b3MuIEVudG9uY2VzLCBwb3IgZmF2b3IsIHRhbWJpw6luIHJlc3BldGEgbWlzIGd1c3Rvcy4=
oCOhBw,,W1Jvb2tpZV0KLi4uIEkgc2VlLg==,,,,,W0x1a2llXQouLi4gRW50ZW5kaS4=,,W0x1a2llXQouLi4gWWEgdmVvLg==
oSOhBw,,W01hZ2VudGFdCk9oLCB3aGF0IGNhbiBJIGRvPyBUaGlzIHBhcnQgaGFzIHRvIGJlIHRoaW4uLi4gUmlnaHQhIEkgd2FudCB0byBhZGQgc29tZSBnbGl0dGVycyB0byBhbW11bml0aW9ucy4=,,,,,W01hZ2VudGFdCkFoLCBvIHF1ZSBwb3NzbyBmYXplcj8gRXNzYSBwYXJ0ZSB0ZW0gcXVlIHNlciBmaW5hLi4uIENlcnRvISBRdWVybyBhZGljaW9uYXIgdW0gcG91Y28gZGUgcHVycHVyaW5hIG5hIG11bmnDp8Ojby4=,,W01hZ2VudGFdCsKhQXksIHF1w6kgcHVlZG8gaGFjZXIhIEVzdGEgcGFydGUgdGllbmUgcXVlIHNlciBmaW5hLi4uIMKhQ2xhcm8hIFF1aWVybyBhw7FhZGlybGUgYnJpbGxvIGEgbGFzIG11bmljaW9uZXMu
oiOhBw,,W1Jvb2tpZV0KV2h5IGRvIHlvdSBuZWVkIHRoZW0gZm9yIGFtbXVuaXRpb25zPw==,,,,,W0x1a2llXQpQb3IgcXVlIHByZWNpc2EgZGlzc28gbmEgbXVuacOnw6NvPw==,,W0x1a2llXQrCv1BvciBxdcOpIGxvcyBuZWNlc2l0YXMgcGFyYSBsYXMgbXVuaWNpb25lcz8=
oyOhBw,,W01hZ2VudGFdClNpbmNlIGl0J3MgU2hvb3RpbmcgU3RhciwgaXQgbXVzdCB0d2lua2xlISBUaGUgU2hvb3RpbmcgU3RhcnQgdGhhdCBnZW5lcmF0ZXMgaXRzIGxhc3QgbGlnaHQgYnkgYnVybmluZyBpdHNlbGYhIFRoZSBnbGl0dGVycyB3aWxsIGJlIHNwcmVhZC4uLiBKdXN0IGJ5IGltYWdpbmluZyBpdCwgaXQncyBzbyBiZWF1dGlmdWwu,,,,,W01hZ2VudGFdClNlIGVsYSDDqSB1bWEgRXN0cmVsYSBDYWRlbnRlLCBkZXZlIGJyaWxoYXIhIFVtYSBFc3RyZWxhIENhZGVudGUgZW1hbmEgc3VhIMO6bHRpbWEgbHV6IHF1ZWltYW5kbyBhIHNpIG1lc21hISBBIHB1cnB1cmluYSB2YWkgc2UgZXNwYWxoYXIuLi4gSsOhIMOpIGxpbmRvIHPDsyBkZSBpbWFnaW5hci4=,,W01hZ2VudGFdClNpIGVzIHVuYSBlc3RyZWxsYSBmdWdheiwgwqFkZWJlIGJyaWxsYXIhIFVuYSBlc3RyZWxsYSBmdWdheiBlbWl0ZSBzdSDDumx0aW1hIGx1eiwgZXh0aW5ndWnDqW5kb3NlLiBFbCBicmlsbG8gc2UgZGlzcGVyc2Fyw6EuLi4gRXMgaGVybW9zbyBzb2xvIGltYWdpbmFybG8u
pCOhBw,,W1Jvb2tpZV0KSWYgeW91IGRvIHRoYXQsIHlvdSB3aWxsIGdldCB0cmFja2VkLg==,,,,,W0x1a2llXQpTZSBmaXplciBpc3NvLCB2w6NvIHJhc3RyZWFyIHZvY8OqLg==,,W0x1a2llXQpTaSBsbyBoYWNlcywgdGUgcmFzdHJlYXLDoW4u
pSOhBw,,W01hZ2VudGFdCkl0J3Mgb2theS4gSSBjYW4gcHVibGljaXplIG15c2VsZiB0aHJvdWdoIHRoZSBlbnRpcmUgQ29udGluZW50LiBMZXQgbWUgZ3JpbmRlciBzb21ldGhpbmcgaGFyZCBhbmQgcHV0IGl0Li4u,,,,,W01hZ2VudGFdClR1ZG8gYmVtLiBQb3NzbyBtZSBwcm9tb3ZlciBwb3IgdG9kbyBvIENvbnRpbmVudGUuIERlaXhlLW1lIG1vZXIgYWxnbyBkdXJvIGUgY29sb2Nhci4uLg==,,W01hZ2VudGFdCkVzdMOhIGJpZW4uIFB1ZWRvIHByb21vY2lvbmFybWUgcG9yIHRvZG8gZWwgY29udGluZW50ZS4gRMOpamFtZSBtb2xlciBhbGdvIGR1cm8geSBwb25lcmxvLi4u
piOhBw,,W1Jvb2tpZV0KV2VsbC4gRG8gYXMgeW91IHdpc2guIElmIHlvdSBsaWtlIGNvbnZlcnRpbmcgc28gbXVjaCwgd2h5IGRvbid0IHlvdSBiZWNvbWUgYW4gYXNzaXN0YW50IG9mIHRoZSBtYXN0ZXIgdGhlcmU/,,,,,W0x1a2llXQpCb20uIEZhw6dhIGNvbW8gcXVpc2VyLiBTZSBnb3N0YSB0YW50byBhc3NpbSBkZSBjb252ZXJzw7VlcywgcG9yIHF1ZSBuw6NvIHRyYWJhbGhhIGNvbW8gYXNzaXN0ZW50ZSBwYXJhIG8gbWVzdHJlIGFsaT8=,,W0x1a2llXQpCdWVuby4gSGF6IGxvIHF1ZSBxdWllcmFzLiBTaSB0YW50byB0ZSBndXN0YSwgwr9wb3IgcXXDqSBubyB0cmFiYWphcyBjb21vIGFzaXN0ZW50ZSBkZWwgbWFlc3RybyBkZSBhbGzDoT8=
pyOhBw,,W01hZ2VudGFdCkkgcHJlZmVyIGJlaW5nIG9uIGFjdGl2ZSBkdXR5LiBCeSB0aGUgd2F5Li4uIEhvdyBkbyBJIGdldCB0aGVtPw==,,,,,W01hZ2VudGFdClByZWZpcm8gZmljYXIgbmEgYXRpdmEuIEFsacOhcy4uLiBDb21vIHBvc3NvIG9idMOqLWxvcz8=,,W01hZ2VudGFdClByZWZpZXJvIGVzdGFyIGVuIHNlcnZpY2lvIGFjdGl2by4gUG9yIGNpZXJ0by4uLiDCv0PDs21vIGxvcyBjb25zaWdvPw==
qCOhBw,,W1Jvb2tpZV0KV2hhdCBhcmUgeW91IHRhbGtpbmcgYWJvdXQ/IFlvdSBoYXZlIHRvIGdvIG91dCBhbmQgZ2V0IHRoZW0geW91cnNlbGYu,,,,,W0x1a2llXQpEbyBxdWUgdm9jw6ogZXN0w6EgZmFsYW5kbz8gVm9jw6ogcHJlY2lzYSBzYWlyIGUgaXIgbMOhIHBlZ8OhLWxvcyBwZXNzb2FsbWVudGUu,,W0x1a2llXQrCv0RlIHF1w6kgZXN0w6FzIGhhYmxhbmRvPyBUaWVuZXMgcXVlIHNhbGlyIGEgYnVzY2FybG9zIHBvciB0dSBjdWVudGEu
qSOhBw,,W01hZ2VudGFdCk5vLiBJIGhhdmUgdGhlc2UgbWFueSBzdHVmZnMgdG8gbG9vayBhZnRlci4gQmVzaWRlcywgSSBkb24ndCBoYXZlIGVub3VnaCB0aW1lLiBPaCwgYWR2ZW50dXJlciEgV2FpdCBwbGVhc2UhIFRhbGsgdG8gbWUgZm9yIGEgbWludXRlIQ==,,,,,W01hZ2VudGFdCk7Do28sIHRlbmhvIHF1ZSB0b21hciBjb250YSBkZSBtdWl0YXMgY29pc2FzLiBBbMOpbSBkaXNzbywgbsOjbyB0ZW5obyB0ZW1wby4gQWgsIGF2ZW50dXJlaXJvISBFc3BlcmUsIHBvciBmYXZvciEgVmFtb3MgY29udmVyc2FyIHVtIHBvdWNvIQ==,,W01hZ2VudGFdCk5vLCB0ZW5nbyBxdWUgaGFjZXJtZSBjYXJnbyBkZSBtdWNoYXMgY29zYXMuIEFkZW3DoXMsIG5vIHRlbmdvIHRpZW1wbyBzdWZpY2llbnRlLiDCoU9oLCB0cm90YW11bmRvcyEgwqFFc3BlcmEsIHBvciBmYXZvciEgwqFOZWNlc2l0byBoYWJsYXIgY29udGlnbyE=
qiOhBw,,W3swfV0KTWU/,,,,,W3swfV0KRXU/,,W3swfV0Kwr9Zbz8=
qyOhBw,,W01hZ2VudGFdClllcyEgWWVzISBJIHJlYWxseSBuZWVkIHlvdXIgaGVscCBub3chIEknbSBnbGFkIHlvdSBhcmUgaGVyZSBzbyB0aGF0IEkgY2FuIGFzayB5b3UgZm9yIGEgZmF2b3Iu,,,,,W01hZ2VudGFdClNpbSEgU2ltISBQcmVjaXNvIG11aXRvIGRhIHN1YSBhanVkYSBhZ29yYSEgRXN0b3UgZmVsaXogcG9yIHZvY8OqIGVzdGFyIGFxdWksIHBvaXMgcHJlY2lzbyBwZWRpciB1bSBmYXZvci4=,,W01hZ2VudGFdCsKhU8OtISDCoVPDrSEgwqFOZWNlc2l0byBxdWUgbWUgYXl1ZGVzIGNvbiBhbGdvIGFob3JhISBNZSBhbGVncm8gZGUgcXVlIGVzdMOpcyBhcXXDrSBwb3JxdWUgcHVlZG8gcGVkaXJ0ZSB1biBmYXZvci4=
rCOhBw,,W3swfV0KTWF5IEkgYXNrIHlvdSB3aGF0IGl0IGlzLi4uPw==,,,,,W3swfV0KUG9zc28gcGVyZ3VudGFyIG8gcXVlIMOpPw==,,W3swfV0Kwr9QdWVkbyBwcmVndW50YXIgcXXDqSBlcz8=
rSOhBw,,W01hZ2VudGFdCkRvIHlvdSBoYXZlIGFueSBoYXJkIGFuZCBnbGl0dGVyaW5nIHN0b25lPw==,,,,,W01hZ2VudGFdClZvY8OqIHRlbSBhbGd1bWEgcGVkcmEgZHVyYSBlIGJyaWxoYW50ZT8=,,W01hZ2VudGFdCsK/VGllbmVzIHVuYSBwaWVkcmEgcXVlIHNlYSBkdXJhIHkgYnJpbGxhbnRlPw==
riOhBw,,W3swfV0KSSBkb24ndCBoYXZlIGFueS4=,,,,,W3swfV0KTsOjbyB0ZW5obyBuZW5odW1hLg==,,W3swfV0KTm8gdGVuZ28gbmluZ3VuYS4=
ryOhBw,,W01hZ2VudGFdClNvIGl0IHdhcyBhIGZhbHNlIHJ1bW9yIHRoYXQgYWR2ZW50dXJlcnMgYnJpbmcgYWJvdXQgMzAsMDAwIGdlbXMgaW4gdGhlaXIgYmFncy4=,,,,,W01hZ2VudGFdCkVudMOjbyBlcmEgbWVudGlyYSBvIGJvYXRvIGRlIHF1ZSBhdmVudHVyZWlyb3MgY2FycmVnYW0gMzAuMDAwIGpvaWFzIG5hIG1vY2hpbGEu,,W01hZ2VudGFdCkFzw60gcXVlIGVyYSBmYWxzbyBlbCBydW1vciBkZSBxdWUgbG9zIHRyb3RhbXVuZG9zIGxsZXZhYmFuIHVuYXMgMzAgMDAwIGdlbWFzIGVuIHN1cyBib2xzb3Mu
sCOhBw,,W3swfV0KSSBkb24ndCBrbm93IHdoZXJlIHlvdSBoZWFyZCB0aGF0IHJ1bW9yIGZyb20u,,,,,W3swfV0KTsOjbyBzZWkgb25kZSB2b2PDqiBvdXZpdSBpc3NvLg==,,W3swfV0KTm8gc8OpIGTDs25kZSBvw61zdGUgZXNlIHJ1bW9yLg==
sSOhBw,,W01hZ2VudGFdCk15IGZyaWVuZCB0b2xkIG1lLiBIbW0uLiBXaGF0IGNhbiBJIGRvPyBDYW4gSSBhc2sgeW91IGZvciBhIGZhdm9yLCBhZHZlbnR1cmVyPw==,,,,,W01hZ2VudGFdClVtIGFtaWdvIG1lIGNvbnRvdS4gSG1tLi4gTyBxdWUgZXUgZmHDp28/IFBvc3NvIGxoZSBwZWRpciB1bSBmYXZvcj8=,,W01hZ2VudGFdCk1lIGxvIGRpam8gbWkgYW1pZ28uIE1tbS4uLiDCv1F1w6kgcHVlZG8gaGFjZXI/IMK/UHVlZG8gcGVkaXJ0ZSB1biBmYXZvciwgdHJvdGFtdW5kb3M/
siOhBw,,W1Jvb2tpZV0KT2gsIHlvdSBzaG91bGRuJ3QgYmUgYXNraW5nIHN1Y2ggYSB0aGluZy4gVGhlIGFkdmVudHVyZXIgaXMgb3VyIGd1ZXN0Lg==,,,,,W0x1a2llXQpBaCwgdm9jw6ogbsOjbyBkZXZlcmlhIHBlZGlyIGFsZ28gYXNzaW0uIE8gYXZlbnR1cmVpcm8gw6kgbm9zc2EgdmlzaXRhLg==,,W0x1a2llXQpPaCwgbm8gZGViZXLDrWFzIGVzdGFyIHBpZGllbmRvIGVzYXMgY29zYXMuIEVsIHRyb3RhbXVuZG9zIGVzIG51ZXN0cm8gaW52aXRhZG8u
syOhBw,,W3swfV0KVGhhdCdzIGFsbCByaWdodC4gV2hhdCB3b3VsZCB5b3UgbGlrZSB0byByZXF1ZXN0Pw==,,,,,W3swfV0KTsOjbyB0ZW0gcHJvYmxlbWEuIE8gcXVlIHZvY8OqIHByZWNpc2E/,,W3swfV0KRXN0w6EgYmllbi4gwr9RdcOpIHF1aWVyZXMgcGVkaXJtZT8=
tCOhBw,,W01hZ2VudGFdClNvIGl0J3MgdHJ1ZSB0aGF0IGFkdmVudHVyZXJzIGFyZSBraW5kIQ==,,,,,W01hZ2VudGFdCkVudMOjbyDDqSB2ZXJkYWRlIHF1ZSBhdmVudHVyZWlyb3Mgc8OjbyBib25kb3NvcyE=,,W01hZ2VudGFdCkVzIHZlcmRhZCBxdWUgbG9zIHRyb3RhbXVuZG9zIHNvbiBhbWFibGVzLg==
tSOhBw,,W01hZ2VudGFdCkkgbmVlZCBzb21lIGdsaXR0ZXJpbmcgc3R1ZmZzIHRvIGRlY29yYXRlIG15IFNob290aW5nIFN0YXIuIExldCBtZSBzZWUuLi4gSSBuZWVkIHBpZWNlcyBvZiBjcnlzdGFsIGFuZCBibGFjayBjcnlzdGFsIHRoYXQgdHdpbmtsZSB0cmFuc3BhcmVudGx5Lg==,,,,,W01hZ2VudGFdClByZWNpc28gZGUgY29pc2FzIGJyaWxoYW50ZXMgcGFyYSBkZWNvcmFyIG1pbmhhIEVzdHJlbGEgQ2FkZW50ZS4gRGVpeGUtbWUgdmVyLi4uIFByZWNpc28gZGUgRnJhZ21lbnRvcyBkZSBDcmlzdGFsIGUgZGUgQ3Jpc3RhbCBOZWdybyBxdWUgcG9zc3VhbSB1bSBicmlsaG8gdHJhbnNsw7pjaWRvLg==,,W01hZ2VudGFdCk5lY2VzaXRvIGNvc2l0YXMgYnJpbGxhbnRlcyBwYXJhIGRlY29yYXIgbWkgRXN0cmVsbGEgRnVnYXouIETDqWphbWUgdmVyLi4uIE5lY2VzaXRvIGNyaXN0YWxlcyB5IGNyaXN0YWxlcyBuZWdyb3MgdHJhbnNwYXJlbnRlcyB5IGJyaWxsYW50ZXMu
tiOhBw,,W01hZ2VudGFdCkkgd2lzaCBJIGNhbiBnbyBieSBteXNlbGYgYW5kIHBpY2sgdXAgZ29vZCBjcnlzdGFscyBvbmUgYnkgb25lLiBCdXQgc2luY2UgSSBoYXZlIHRvIGxvb2sgYWZ0ZXIgdGhlc2Ugc3R1ZmZzLCBJIGNhbm5vdC4gSSBuZWVkIHNvIG11Y2ggdGltZSB0byBjbGVhbiBhbmQgYXNzZW1ibGUgdGhlbS4uLiBQaGV3Li4u,,,,,W01hZ2VudGFdCkdvc3RhcmlhIGRlIHBvZGVyIGlyIHBlc3NvYWxtZW50ZSBlc2NvbGhlciBiZW0gY2FkYSBjcmlzdGFsLiBNYXMsIGNvbW8gdGVuaG8gcXVlIGN1aWRhciBkZXNzYXMgY29pc2FzLCBuw6NvIHBvc3NvLiBWb3UgcGFzc2FyIG11aXRvIHRlbXBvIGxpbXBhbmRvIGUgbW9udGFuZG8gZWxhcy4uLiBBaSwgYWkuLi4=,,W01hZ2VudGFdCk1lIGd1c3RhcsOtYSBwb2RlciBpciBwb3IgbWkgY3VlbnRhIHkgc2VsZWNjaW9uYXIgdW5vcyBidWVub3MuIFBlcm8gY29tbyB0ZW5nbyBxdWUgY3VpZGFyIGRlIGVzdGFzIGNvc2FzLCBubyBwdWVkby4gTmVjZXNpdG8gbXVjaG8gdGllbXBvIHBhcmEgbGltcGlhciB5IG1vbnRhciBlc3RvLi4uIEZpdS4uLg==
tyOhBw,,W01hZ2VudGFdCk9mIGNvdXJzZSBJIHdpbGwgY29tcGVuc2F0ZSB5b3UgZm9yIHlvdXIgc3VwcG9ydC4gUGxlYXNlIGhlbHAgbWUu,,,,,W01hZ2VudGFdCkNsYXJvLCBldSByZWNvbXBlbnNhcmVpIHZvY8OqIHBvciBzdWEgYWp1ZGEuIFBvciBmYXZvciwgbWUgYWp1ZGUu,,W01hZ2VudGFdClBvciBzdXB1ZXN0bywgdGUgY29tcGVuc2Fyw6kgcG9yIHR1IGFwb3lvLiBBecO6ZGFtZS4=
uCOhBw,,W01hZ2VudGFdClBsZWFzZSBicmluZyBeMDAwMENEIDEwIHBpZWNlcyBvZiBjcnlzdGFsIGFuZCAxMCBwaWVjZXMgb2YgYmxhY2sgY3J5c3RhbF4wMDAwMDAuIFlvdSBjYW4gZ2V0IHRoZW0gYnkgZGVmZWF0aW5nIF4wMDAwQ0RPYnNpZGlhbnMgYW5kIE1pbmVyYWxzXjAwMDAwMC4gQmUgY2FyZWZ1bCE=,,,,,W01hZ2VudGFdClRyYWdhIF4wMDAwQ0QxMCBGcmFnbWVudG9zIGRlIENyaXN0YWwgZSAxMCBGcmFnbWVudG9zIGRlIENyaXN0YWwgTmVncm9eMDAwMDAwLiBWb2PDqiBwb2RlIG9idMOqLWxvcyBkZXJyb3RhbmRvIF4wMDAwQ0RPYnNpZGlhbmFzIGUgTWluZXJhaXNeMDAwMDAwLiBUZW5oYSBjdWlkYWRvIQ==,,W01hZ2VudGFdClRyw6FlbWUgXjAwMDBDRDEwIENyaXN0YWxlcyB5IDEwIEZyYWdtZW50byBkZSBDcmlzdGFsIE9zY3Vyb14wMDAwMDAuIFB1ZWRlcyBjb25zZWd1aXJsYXMgZGVycm90YW5kbyBhIF4wMDAwQ0RPYnNpZGlhbmFzIHkgTWluZXJhbGVzXjAwMDAwMC4gwqFUZW4gY3VpZGFkbyE=
uSOhBw,,W1Jvb2tpZV0KUGhldywgaGUgZG9lc24ndCBrbm93IGhpcyBsZWZ0IGZyb20gaGlzIHJpZ2h0LiBBZHZlbnR1cmVyLCB3ZSB3aWxsIGNvdW50IG9uIHlvdS4gT3RoZXJ3aXNlIGhlIHdpbGwgYmUgdXBzZXQgYWxsIGRheSBsb25nLg==,,,,,W0x1a2llXQpBaSwgYWkuIEVsZSBuw6NvIGZheiBpZGVpYSBkbyBxdWUgZXN0w6EgZmF6ZW5kby4gQ29udGFtb3MgY29tIHZvY8OqLiBDYXNvIGNvbnRyw6FyaW8sIGVsZSBmaWNhcsOhIGlycml0YWRvIG8gZGlhIHRvZG8u,,W0x1a2llXQpVZiwgcGFyZWNlIHBlcmRpZG8uIFRyb3RhbXVuZG9zLCBjb250YW1vcyBjb250aWdvLiBEZSBsbyBjb250cmFyaW8sIGVzdGFyw6EgbW9sZXN0byB0b2RvIGVsIGTDrWEu
uiOhBw,,W1Jvb2tpZV0KQWR2ZW50dXJlcj8gSSB0b2xkIHlvdSB0byB0YWtlIGEgZ29vZCByZXN0LiBEaWRuJ3QgST8=,,,,,W0x1a2llXQpBdmVudHVyZWlybz8gRXUgZGlzc2UgcGFyYSB2b2PDqiBpciBkZXNjYW5zYXIuIE7Do28gZm9pPw==,,W0x1a2llXQrCv1Ryb3RhbXVuZG9zPyBUZSBkaWplIHF1ZSBkZXNjYW5zYXJhcyBiaWVuLiDCv05vPw==
uyOhBw,,W1Jvb2tpZV0KQXQgdGhpcyB0aW1lIG9mIHRoZSBkYXksIGV2ZXJ5b25lIGlzIHRha2luZyBhIHJlc3QuIFBsZWFzZSBnbyBiYWNrIGFuZCByZXN0Lg==,,,,,W0x1a2llXQpBIGVzc2EgaG9yYSwgdG9kb3MgZXN0w6NvIGRlc2NhbnNhbmRvLiBWb2x0ZSBlIGRlc2NhbnNlLg==,,W0x1a2llXQpBIGVzdGEgaG9yYSBkZWwgZMOtYSwgdG9kbyBlbCBtdW5kbyBlc3TDoSBkZXNjYW5zYW5kby4gUG9yIGZhdm9yLCByZWdyZXNhIHkgZGVzY2Fuc2Eu
vCOhBw,,W1Jvb2tpZV0KSSdtIGFmcmFpZCB5b3Ugd2lsbCBjb2xsYXBzZSBmcm9tIG92ZXJ3b3JrLiBUaGUgaGVhbHRoIGlzIHRoZSBtb3N0IGltcG9ydGFudC4gUGxlYXNlIHRha2Ugc29tZSByZXN0Lg==,,,,,W0x1a2llXQpBY2hvIHF1ZSB2b2PDqiB2YWkgZGVzbWFpYXIgZGUgdGFudG8gdHJhYmFsaGFyLiBTYcO6ZGUgw6kgbyBtYWlzIGltcG9ydGFudGUuIFBvciBmYXZvciwgdm9sdGUgZSBkZXNjYW5zZS4=,,W0x1a2llXQpObyBxdWllcm8gcXVlIGNvbGFwc2VzIHBvciBleGNlc28gZGUgdHJhYmFqby4gTGEgc2FsdWQgZXMgbG8gbcOhcyBpbXBvcnRhbnRlLiBQb3IgZmF2b3IsIGRlc2NhbnNhLg==
vSOhBw,,W1Jvb2tpZV0KV2VsY29tZSBiYWNrLCBhZHZlbnR1cmVyLiBUaGFuayB5b3UgZm9yIHlvdXIgc3VwcG9ydC4gVGhhdCBmbGFrZSBnYXZlIHlvdSBzb21lIHRyb3VibGUu,,,,,W0x1a2llXQpPbMOhIGRlIG5vdm8uIE9icmlnYWRvIHBlbGEgc3VhIGFqdWRhLiBBcXVlbGUgbWFsdWNvIGxoZSBjYXVzb3UgYWxndW5zIHByb2JsZW1hcy4=,,W0x1a2llXQpIb2xhIGRlIG51ZXZvLiBHcmFjaWFzIHBvciB0dSBheXVkYS4gRXNlIGxvY28gdGUgY2F1c8OzIGFsZ3Vub3MgcHJvYmxlbWFzLg==
viOhBw,,W01hZ2VudGFdCllvdSd2ZSBjb21lISBIYXZlIHlvdSBicm91Z2h0IGV2ZXJ5dGhpbmcgSSBhc2tlZCBmb3I/IExldCBtZSBzZWUh,,,,,W01hZ2VudGFdClZvY8OqIHZlaW8hIFRyb3V4ZSB0dWRvIG8gcXVlIHBlZGk/IFZhbW9zIHZlciE=,,W01hZ2VudGFdCsKhVmluaXN0ZSEgwr9UcmFqaXN0ZSB0b2RvIGxvIHF1ZSB0ZSBwZWTDrT8gwqFEw6lqYW1lIHZlciE=
vyOhBw,,W01hZ2VudGFdCllvdSBicm91Z2h0IHRoZW0gYWxsIGFnYWluISEhIEknbSBiZWdpbm5pbmcgdG8gcmVzcGVjdCB5b3Uh,,,,,W01hZ2VudGFdClZvY8OqIHRyb3V4ZSB0dWRvIGRlIG5vdm8hISEgRXN0b3UgY29tZcOnYW5kbyBhIHJlc3BlaXRhciB2b2PDqiE=,,W01hZ2VudGFdCsKhVHJhamlzdGUgdG9kbyBvdHJhIHZleiEgRXN0b3kgZW1wZXphbmRvIGEgcmVzcGV0YXJ0ZS4=
wCOhBw,,W01hZ2VudGFdClRoYW5rIHlvdSBzbyBtdWNoISBDYW4gSSBhc2sgeW91IGZvciBhIGZhdm9yIGFnYWluIG5leHQgdGltZT8gVGhpcyBpcyBncmVhdCEhIQ==,,,,,W01hZ2VudGFdCk11aXRvIG9icmlnYWRhISBQb3NzbyBwZWRpciBvdXRybyBmYXZvciBkYSBwcsOzeGltYSB2ZXo/IElzc28gw6kgaW5jcsOtdmVsISEh,,W01hZ2VudGFdCsKhTXVjaGFzIGdyYWNpYXMhIMK/UHVlZG8gdm9sdmVyIGEgcGVkaXJ0ZSB1biBmYXZvciBsYSBwcsOzeGltYSB2ZXo/IMKhRXN0byBlcyBnZW5pYWwh
wSOhBw,,W1Jvb2tpZV0KVGhlcmUgaGUgbGVhdmVzIGFnYWluIHdpdGhvdXQgc2F5aW5nIGdvb2RieWUgdG8geW91LiBTb3JyeSBhYm91dCBoaW0uIFNvbWUgb2Ygb3VyIGtpZHMgYXJlIHNwb2lsZWQuIEJ1dCBub3QgZXZlcnkgUmViZWxsaW9uIGlzIGxpa2UgdGhhdC4=,,,,,W0x1a2llXQpMw6EgdmFpIGVsZSBlbWJvcmEgZGUgbm92byBzZW0gc2UgZGVzcGVkaXIgZGUgdm9jw6ouIFNpbnRvIG11aXRvIHBvciBpc3NvLiBBbGd1bWFzIGRhcyBub3NzYXMgY3JpYW7Dp2FzIHPDo28gbWltYWRhcy4gTWFzIG5lbSB0b2RvIEluc3VyZ2VudGUgw6kgYXNzaW0u,,W0x1a2llXQpBbGzDrSBzZSB2YSBkZSBudWV2byBzaW4gZGVzcGVkaXJzZSBkZSB0aS4gTG8gc2llbnRvIHBvciDDqWwuIEFsZ3Vub3MgZGUgbG9zIG5pw7FvcyBzb24gdW5vcyBtYWxjcmlhZG9zLiBQZXJvIG5vIHRvZG9zIGxvcyBtaWVtYnJvcyBkZSBsYSBSZWJlbGnDs24gc29uIGFzw60u
wiOhBw,,W1Jvb2tpZV0KUGxlYXNlIHRha2UgYSBnb29kIHJlc3QgdG9kYXkuIFdlIHdpbGwgY291bnQgb24geW91IGFnYWluIHRvbW9ycm93Lg==,,,,,W0x1a2llXQpQb3IgZmF2b3IsIGRlc2NhbnNlIGJlbSBob2plLiBDb250YXJlbW9zIGNvbSB2b2PDqiBub3ZhbWVudGUgYW1hbmjDoy4=,,W0x1a2llXQpQb3IgZmF2b3IsIGRlc2NhbnNhIGJpZW4gaG95LiBFc3BlcmFtb3MgY29udGFyIGNvbnRpZ28gbWHDsWFuYSB0YW1iacOpbi4=
wyOhBw,,W01hZ2VudGFdCldlbGwsIHdlbGwuLi4uIFlvdSd2ZSBicm91Z2h0IHRoZSBwaWVjZXMgb2YgY3J5c3RhbC4uLiBCdXQgeW91IGRpZG4ndCBkZWZlYXQgZW5vdWdoIE9ic2lkaWFucyBhbmQgTWluZXJhbHMu,,,,,W01hZ2VudGFdCk9yYSwgb3JhLi4uIFZvY8OqIHRyb3V4ZSBvcyBGcmFnbWVudG9zIGRlIENyaXN0YWwuLi4gTWFzIG7Do28gZGVycm90b3UgT2JzaWRpYW5hcyBlIE1pbmVyYWlzIHN1ZmljaWVudGVzLg==,,W01hZ2VudGFdCkJ1ZW5vLCBidWVuby4uLiBUcmFqaXN0ZSBsb3MgQ3Jpc3RhbGVzLi4uIFBlcm8gbm8gZGVycm90YXN0ZSBzdWZpY2llbnRlcyBPYnNpZGlhbmFzIHkgTWluZXJhbGVzLg==
xCOhBw,,W01hZ2VudGFdCldlIG5lZWQgYSBzcGVjaWFsIHZpYnJhdGlvbiBnZW5lcmF0ZWQgd2hlbiBPYnNpZGlhbnMgYW5kIE1pbmVyYWxzIGRpZS4gVGhhdCB2aWJyYXRpb24gZW5hYmxlcyB0aGUgY3J5c3RhbCB0byBnZXQgYnJva2VuIGludG8gc21hbGxlciBwaWVjZXMuLi4=,,,,,W01hZ2VudGFdClByZWNpc2Ftb3MgZGEgdmlicmHDp8OjbyBlc3BlY2lhbCBxdWUgw6kgZ2VyYWRhIHF1YW5kbyBPYnNpZGlhbmFzIGUgTWluZXJhaXMgbW9ycmVtLiBFc3NhIHZpYnJhw6fDo28gcGVybWl0ZSBxdWUgbyBjcmlzdGFsIHF1ZWJyZSBlbSBmcmFnbWVudG9zIG1lbm9yZXMuLi4=,,W01hZ2VudGFdCk5lY2VzaXRhbW9zIHVuYSB2aWJyYWNpw7NuIGVzcGVjaWFsIHF1ZSBzZSBnZW5lcmEgY3VhbmRvIGxhcyBPYnNpZGlhbmFzIHkgbG9zIE1pbmVyYWxlcyBtdWVyZW4uIEVzYSB2aWJyYWNpw7NuIHBlcm1pdGUgcXVlIGVsIENyaXN0YWwgc2Ugcm9tcGEgZW4gZnJhZ21lbnRvcyBtw6FzIHBlcXVlw7Fvcy4uLg==
xSOhBw,,W01hZ2VudGFdClNvcnJ5IHRvIHJlcXVlc3QgeW91IGFnYWluLCBhZHZlbnR1cmVyLiBQbGVhc2UgZGVmZWF0IF4wMDAwQ0QxMCBPYnNpZGlhbnMgYW5kIDEwIE1pbmVyYWxzXjAwMDAwMC4gSSB3aWxsIGNvdW50IG9uIHlvdS4=,,,,,W01hZ2VudGFdCkRlc2N1bHBlIGRhciB0cmFiYWxobyBhIHZvY8OqIG5vdmFtZW50ZS4gUG9yIGZhdm9yLCBkZXJyb3RlIF4wMDAwQ0QxMCBPYnNpZGlhbmFzIGUgMTAgTWluZXJhaXNeMDAwMDAwLiBFc3RvdSBjb250YW5kbyBjb20gdm9jw6ou,,W01hZ2VudGFdCkxhbWVudG8gcGVkw61ydGVsbyBkZSBudWV2bywgdHJvdGFtdW5kb3MuIERlcnJvdGEgYSBeMDAwMENEMTAgT2JzaWRpYW5hcyB5IDEwIE1pbmVyYWxlc14wMDAwMDAuIEN1ZW50byBjb250aWdvLg==
xiOhBw,,W1Jvb2tpZV0KU29ycnkuIFNvbWUgb2Ygb3VyIGtpZHMgYXJlIHNwb2lsZWQuLi4gV2Ugd2lsbCBjb3VudCBvbiB5b3Uu,,,,,W0x1a2llXQpEZXNjdWxwZS4gQWxndW1hcyBkYXMgbm9zc2FzIGNyaWFuw6dhcyBzw6NvIG1pbWFkYXMuLi4uIEVzdGFtb3MgY29udGFuZG8gY29tIHZvY8OqLg==,,W0x1a2llXQpMbyBzaWVudG8uIEFsZ3Vub3MgZGUgbG9zIG5pw7FvcyBzb24gdW5vcyBtYWxjcmlhZG9zLi4uIENvbnRhbW9zIGNvbnRpZ28u
xyOhBw,,W01hZ2VudGFdCkFoISEhISBOb3QgZW5vdWdoIHF1YW50aXR5ISEhIEFkdmVudHVyZXIsIEkgdGhhbmsgeW91IGZvciBoZWxwaW5nIHVzLiBCdXQgdGhpcyBpcyBub3QgZW5vdWdoIQ==,,,,,W01hZ2VudGFdCkFoISEhISBBIHF1YW50aWRhZGUgw6kgaW5zdWZpY2llbnRlISEhIEFncmFkZcOnbyBwb3Igbm9zIGFqdWRhci4gTWFzIGlzc28gbsOjbyDDqSBvIGJhc3RhbnRlIQ==,,W01hZ2VudGFdCsKhT2ghIMKhTm8gZXMgc3VmaWNpZW50ZSEgVHJvdGFtdW5kb3MsIHRlIGRveSBsYXMgZ3JhY2lhcyBwb3IgYXl1ZGFybm9zLiBQZXJvIGVzdG8gbm8gbm9zIGFsY2FuemEu
yCOhBw,,W01hZ2VudGFdCldlIG5lZWQgXjAwMDBDRDEwIHBpZWNlcyBvZiBjcnlzdGFsIGFuZCAxMCBwaWVjZXMgb2YgYmxhY2sgY3J5c3RhbF4wMDAwMDAuIFBsZWFzZSBkb24ndCBmb3JnZXQgaXQgdGhpcyB0aW1lIQ==,,,,,W01hZ2VudGFdClByZWNpc2Ftb3MgZGUgXjAwMDBDRDEwIEZyYWdtZW50b3MgZGUgQ3Jpc3RhbCBlIDEwIEZyYWdtZW50b3MgZGUgQ3Jpc3RhbCBOZWdyb14wMDAwMDAuIE7Do28gc2UgZXNxdWXDp2EgZGVzc2EgdmV6IQ==,,W01hZ2VudGFdCk5lY2VzaXRhbW9zIF4wMDAwQ0QxMCBDcmlzdGFsZXMgeSAxMCBDcmlzdGFsZXMgbmVncm9eMDAwMDAwLiBObyB0ZSBvbHZpZGVzIGVzdGEgdmV6Lg==
ySOhBw,,W01hZ2VudGFdCllvdSBjYW4gZ2V0IHRoZW0gZnJvbSBPYnNpZGlhbnMgYW5kIE1pbmVyYWwuIFNvIGRlZmVhdCB0aGVtLiBJIGhhdmUgdG8gZ28gbm93LiBTZWUgeW91IQ==,,,,,W01hZ2VudGFdClZvY8OqIHBvZGUgb2J0w6otbG9zIGRlIE9ic2lkaWFuYXMgZSBNaW5lcmFpcy4gRW50w6NvIGRlcnJvdGUtb3MuIFByZWNpc28gaXIgYWdvcmEuIEF0w6kgbWFpcyE=,,W01hZ2VudGFdClB1ZWRlcyBjb25zZWd1aXJsYXMgZGUgT2JzaWRpYW5hcyB5IE1pbmVyYWxlcy4gRGViZXMgZGVycm90YXJsb3MuIFlhIGRlYm8gaXJtZS4gwqFOb3MgdmVtb3Mh
yiOhBw,,W1Jvb2tpZV0KV2VsY29tZSBiYWNrLCBhZHZlbnR1cmVyLiBUaGFuayB5b3UgZm9yIHlvdXIgc3VwcG9ydC4gT3VyIHNpbGx5IGtpZCBnYXZlIHlvdSBzb21lIHRyb3VibGUu,,,,,W0x1a2llXQpPbMOhIGRlIG5vdm8uIE9icmlnYWRvIHBlbGEgc3VhIGFqdWRhLiBOb3NzYSBjcmlhbsOnYSBicmluY2FsaG9uYSBsaGUgY2F1c291IGFsZ3VucyBwcm9ibGVtYXMu,,W0x1a2llXQpIb2xhIGRlIG51ZXZvLCB0cm90YW11bmRvcy4gR3JhY2lhcyBwb3IgdHUgYXBveW8uIEVzZSBuacOxbyBtYWxjcmlhZG8gdGUgZGlvIHByb2JsZW1hcy4=
yyOhBw,,W0N5YW5dCldoYXQ/IEFkdmVudHVyZXI/IE15IGRlYXI/,,,,,W0N5YW5dCk8gcXXDqj8gQXZlbnR1cmVpcm8/IE1ldSBiZW0/,,W0N5YW5dCsK/UXXDqT8gwr9Ucm90YW11bmRvcz8gwr9DYXJpw7FvPw==
zCOhBw,,W0N5YW5dCk15IGRlYXJ+fn4gWW91J3JlIGxhdGUhIEkndmUgYmVlbiB3YWl0aW5nIGZvciB5b3UgZm9yIGEgbG9uZyB0aW1lISBIYXZlIHlvdSBicm91Z2h0IHRoZSByaWdodCBvbmUgYWdhaW4/IEkgbWVhbiwgdGhlIGZpcmV3b29kLg==,,,,,W0N5YW5dCk1ldSBiZW0uLi4gVm9jw6ogc2UgYXRyYXNvdSEgRXN0aXZlIGVzcGVyYW5kbyBwb3IgdGFudG8gdGVtcG8hIFZvY8OqIHRyb3V4ZSBhIGNvaXNhIGNlcnRhIG5vdmFtZW50ZT8gRGlnbywgYSBsZW5oYS4=,,W0N5YW5dCkNhcmnDsW9+fn4uIMKhTGxlZ2FzIHRhcmRlISDCoUxsZXZvIG11Y2hvIHRpZW1wbyBlc3BlcsOhbmRvdGUhIMK/VHJhamlzdGUgZWwgY29ycmVjdG8gZGUgbnVldm8/IFF1aWVybyBkZWNpciwgbGEgbGXDsWEu
zSOhBw,,W0N5YW5dCkJ1cm50IFRyZWUgYW5kIGNvYWwsIHlvdSBoYXZlIGV2ZXJ5dGhpbmchIFRoYXQncyB3aHkgSSBsaWtlIHlvdSwgZGVhciE=,,,,,W0N5YW5dCk1hZGVpcmEgcXVlaW1hZGEgZSBjYXJ2w6NvLCB2b2PDqiB0cm91eGUgdHVkbyEgw4kgcG9yIGlzc28gcXVlIGdvc3RvIGRlIHZvY8OqLCBtZXUgYmVtIQ==,,W0N5YW5dCsOBcmJvbCBxdWVtYWRvIHkgY2FyYsOzbiwgwqF0aWVuZXMgdG9kbyEgwqFQb3IgZXNvLCBtZSBhZ3JhZGFzLCBjYXJpw7FvIQ==
ziOhBw,,W0N5YW5dCk9rYXkuIFB1dCB0aGUgd29vZCBhbmQgY29hbCBpbi4uLiBGaXJlISEhISEhISE=,,,,,W0N5YW5dCkNlcnRvLiBDb2xvcXVlIGEgbWFkZWlyYSBlIG8gY2FydsOjby4uLiBGb2dvISEhISEh,,W0N5YW5dCkJ1ZW5vLiBQb24gbGEgbGXDsWEgeSBlbCBjYXJiw7NuLi4uIMKhRnVlZ28h
zyOhBw,,W0N5YW5dCk9oLCBpdCdzIHdhcm0gbm93LiBBcyB3YXJtIGFzIHlvdXIgbG92ZX4=,,,,,W0N5YW5dCkFoLCBlc3TDoSBxdWVudGluaG8gYWdvcmEuIFTDo28gcXVlbnRlIHF1YW50byBzZXUgYW1vci4uLg==,,W0N5YW5dCk9oLCBhaG9yYSBzZSBzaWVudGUgZWwgY2Fsb3IuIFRhbiBjw6FsaWRvIGNvbW8gdHUgYW1vcn4u
0COhBw,,W0N5YW5dClRoYW5rIHlvdSBzbyBtdWNoISBJIHdpbGwgY291bnQgeW91IGFnYWluIGxhdGVyIG9uISBNWSBERUFSIQ==,,,,,W0N5YW5dCk11aXRvIG9icmlnYWRvISBDb250YXJlaSBjb20gdm9jw6ogbm92YW1lbnRlISBNRVUgQkVNIQ==,,W0N5YW5dCsKhTXVjaGFzIGdyYWNpYXMhIE5lY2VzaXRhcsOpIGRlIHR1IGF5dWRhIG3DoXMgYWRlbGFudGUuIMKhQ0FSScORTyE=
0SOhBw,,W0N5YW5dCk9oLCB5b3UgaGF2ZSB0aGUgZmlyZXdvb2QuLi4gV2hhdCBhYm91dCBPbGQgU3RvdmVzPyBZb3UgZGlkbid0IGRlZmVhdCB0aGVtPw==,,,,,W0N5YW5dCkFoLCB2b2PDqiB0cm91eGUgYSBsZW5oYS4uLiBNYXMgZSBhcyBGb3JuYWxoYXMgVmVsaGFzPyBOw6NvIG9zIGVsaW1pbm91Pw==,,W0N5YW5dCk9oLCB0cmFqaXN0ZSBsYSBsZcOxYS4uLiDCv1kgbGFzIEVzdHVmYXMgZGUgUmVzaWR1b3M/IMK/Tm8gbGFzIGRlcnJvdGFzdGU/
0iOhBw,,W0N5YW5dCllvdSBtdXN0IGdldCB0aGVtLCBkZWFyLiBPbGQgU3RvdmVzIHJlbGVhc2UgdGhlIGZpbmUgZmlyZXdvb2Qgb25seSBhZnRlciB0aGV5IGFyZSBzaGFrZW4gYWJvdXQgMSwwMDAgdGltZXMu,,,,,W0N5YW5dClZvY8OqIHByZWNpc2EgZWxpbWluw6EtbGFzLCBtZXUgYmVtLiBGb3JuYWxoYXMgVmVsaGFzIGxpYmVyYW0gbGVuaGEgZGUgcXVhbGlkYWRlIGFwZW5hcyBkZXBvaXMgZGUgc2VyZW0gc2FjdWRpZGFzIHVtYXMgMS4wMDAgdmV6ZXMu,,W0N5YW5dCkRlYmVzIGhhY2VybG8sIGNhcmnDsW8uIExhcyBFc3R1ZmFzIGRlIFJlc2lkdW9zIGJvdGFuIGxlw7FhIGZpbmEgc29sbyBkZXNwdcOpcyBkZSBxdWUgbGFzIGFnaXRlbiB1bmFzIDEgMDAwIHZlY2VzLg==
0yOhBw,,W0N5YW5dCkRlZmVhdCBeMDAwMENEMTAgT2xkIFN0b3Zlc14wMDAwMDAuIEkgd2lsbCBiZSBzbGVlcGluZyBpbiBieSBiZWQuIEl0J3Mgc28gY29sZCE=,,,,,W0N5YW5dCkVsaW1pbmUgXjAwMDBDRDEwIEZvcm5hbGhhcyBWZWxoYXNeMDAwMDAwLiBFc3RhcmVpIGRvcm1pbmRvIG5hIG1pbmhhIGNhbWEuIEVzdMOhIHTDo28gZnJpbyE=,,W0N5YW5dCkRlcnJvdGEgYSBeMDAwMENEMTAgRXN0dWZhcyBkZSBSZXNpZHVvc14wMDAwMDAuIERvcm1pcsOpIGVuIG1pIGNhbWEuIMKhSGFjZSBtdWNobyBmcsOtbyE=
1COhBw,,W0N5YW5dCk9oLCBpdCdzIG5vdCB0aGVyZS4gQW5kIGl0J3Mgbm90IGVub3VnaC4uLiBQZXJoYXBzIHlvdSBmb3Jnb3Qgd2hhdCB3ZSB0b2xkIHlvdSB0byBicmluZz8=,,,,,W0N5YW5dCkFoLCBuw6NvIGVzdMOhIGFxdWkuIEUgbsOjbyDDqSBvIGJhc3RhbnRlLiBTZXLDoSBxdWUgdm9jw6ogZXNxdWVjZXUgZG8gcXVlIHBlZGltb3MgcGFyYSB0cmF6ZXI/,,W0N5YW5dCk9oLCBubyBlc3TDoSBhaMOtLiBZIG5vIGVzIHN1ZmljaWVudGUuLi4gwr9RdWl6w6EgdGUgb2x2aWRhc3RlIGxvIHF1ZSB0ZSBkaWppbW9zIHF1ZSB0cmFqZXJhcz8=
1SOhBw,,W0N5YW5dCl4wMDAwQ0QxMCBCdXJudCBUcmVlIGFuZCB0aHJlZSBjb2FsXjAwMDAwMC4gSSBmZWVsIHNvIGNvbGQuIFNlZSB5b3UsIGRlYXIu,,,,,W0N5YW5dCl4wMDAwQ0QxMCBNYWRlaXJhcyBRdWVpbWFkYXMgZSAzIENhcnbDtWVzXjAwMDAwMC4gRXN0b3UgY29tIHRhbnRvIGZyaW8uIEF0w6kgbWFpcywgbWV1IGJlbS4=,,W0N5YW5dCl4wMDAwQ0QxMCDDgXJib2xlcyBRdWVtYWRvcyB5IDMgQ2FyYsOzbl4wMDAwMDAuIFRlbmdvIG11Y2hvIGZyw61vLiBOb3MgdmVtb3MsIGNhcmnDsW8u
1iOhBw,,W0N5YW5dCkFuZCBkb24ndCBmb3JnZXQgdG8gZGVmZWF0IGFib3V0IDEwIE9sZCBTdG92ZXMhIEkgd2lsbCBiZSBzbGVlcGluZyBpbiBieSBiZWQuIEl0J3Mgc28gY29sZCE=,,,,,W0N5YW5dCkUgbsOjbyBlc3F1ZcOnYSBkZSBlbGltaW5hciAxMCBGb3JuYWxoYXMgVmVsaGFzISBFc3RhcmVpIGRvcm1pbmRvIG5hIG1pbmhhIGNhbWEuIEVzdMOhIHTDo28gZnJpbyE=,,W0N5YW5dCsKhWSBubyB0ZSBvbHZpZGVzIGRlIGRlcnJvdGFyIGEgdW5hcyAxMCBFc3R1ZmFzIGRlIFJlc2lkdW9zISBEb3JtaXLDqSBlbiBtaSBjYW1hLiDCoUhhY2UgbXVjaG8gZnLDrW8h
1yOhBw,,W0Rlbm55XQpUaGUgYWR2ZW50dXJlciBpcyBoZXJlPw==,,,,,W0Rlbm55XQpPIGF2ZW50dXJlaXJvIGVzdMOhIGFxdWk/,,W0Rlbm55XQrCv0VsIHRyb3RhbXVuZG9zIGVzdMOhIGFxdcOtPw==
2COhBw,,W0Rlbm55XQpBZHZlbnR1cmVyISBIYXZlIHlvdSBicm91Z2h0IHRoZW0gYWxsPyBMZXQgbWUgc2VlLg==,,,,,W0Rlbm55XQpBdmVudHVyZWlybyEgVm9jw6ogdHJvdXhlIHR1ZG8/IERlaXhlLW1lIHZlci4=,,W0Rlbm55XQrCoVRyb3RhbXVuZG9zISDCv1RyYWppc3RlIHRvZG8/IETDqWphbWUgdmVyLg==
2SOhBw,,W0Rlbm55XQpXb3d+fn4gR3JlYXQhIFlvdSBuZXZlciBkaXNhcHBvaW50IG1lIQ==,,,,,W0Rlbm55XQpVYXUhIFF1ZSBsZWdhbCEgVm9jw6ogbnVuY2EgbWUgZGVzYXBvbnRhIQ==,,W0Rlbm55XQpHdWF1fn5+LiDCoUdlbmlhbCEgwqFOdW5jYSBtZSBkZWNlcGNpb25hcyE=
2iOhBw,,W0Rlbm55XQpMZXQgbWUgc3ByZWFkIHlvdXIgbGVnZW5kYXJ5IHN0b3J5IGFyb3VuZCB0aGUgZW50aXJlIGNvbnRpbmVudCEgRXZlcnlvbmUgbmVlZHMgdG8ga25vdyB0aGF0IQ==,,,,,W0Rlbm55XQpWb3UgZXNwYWxoYXIgc3VhIGxlbmRhIHBvciB0b2RvIG8gY29udGluZW50ZSEgVG9kb3MgcHJlY2lzYW0gc2FiZXIgZGlzc28h,,W0Rlbm55XQpQZXJtw610ZW1lIGVzcGFyY2lyIHR1IGhpc3RvcmlhIGxlZ2VuZGFyaWEgcG9yIHRvZG8gZWwgY29udGluZW50ZS4gwqFUb2RvIGVsIG11bmRvIGRlYmUgc2FiZXJsbyE=
2yOhBw,,W0Rlbm55XQpUaGVuIEkgd2lsbCBnbyBhbmQgcHJlcGFyZSBmb3IgcmVwYWlyaW5nISBJIHdpbGwgY291bnQgb24geW91IGFnYWluIQ==,,,,,W0Rlbm55XQpFbnTDo28gdm91IHByZXBhcmFyIG9zIHJlcGFyb3MhIENvbnRhcmVpIGNvbSB2b2PDqiBub3ZhbWVudGUh,,W0Rlbm55XQpFbnRvbmNlcywgwqFtZSBwcmVwYXJhcsOpIHBhcmEgbGEgcmVwYXJhY2nDs24hIMKhRXNwZXJvIHF1ZSBtZSBheXVkZXMgbnVldmFtZW50ZSE=
3COhBw,,W1Jvb2tpZV0KSGUgd2VudCBiYWNrIG9ubHkgYWZ0ZXIgc2F5aW5nIHdoYXQgaGUgd2FudHMuIEhvdyBzcG9pbGVkISBCdXQgSSBkaWRuJ3QgZWR1Y2F0ZSBoaW0gbGlrZSB0aGF0Lg==,,,,,W0x1a2llXQpFbGUgZm9pIGVtYm9yYSBzw7MgZGVwb2lzIGRlIGRpemVyIG8gcXVlIHF1ZXJpYS4gUXVlIGZhbHRhIGRlIGVkdWNhw6fDo28hIEV1IG7Do28gbyBlZHVxdWVpIGRlc3NhIGZvcm1hLg==,,W0x1a2llXQpSZWdyZXPDsyBzb2xvIGRlc3B1w6lzIGRlIGRlY2lyIGxvIHF1ZSBxdWVyw61hLiDCoVF1w6kgbWFsY3JpYWRvISBQZXJvIHlvIG5vIGxvIGVkdXF1w6kgYXPDrS4=
3SOhBw,,W1Jvb2tpZV0KUGxlYXNlIHRha2UgYSBnb29kIHJlc3QgdG9kYXkuIFdlIHdpbGwgY291bnQgb24geW91IGFnYWluIHRvbW9ycm93LiBZb3UgbXVzdCBiZSBleGhhdXN0ZWQu,,,,,W0x1a2llXQpQb3IgZmF2b3IsIGRlc2NhbnNlIGJlbSBob2plLiBDb250YXJlbW9zIGNvbSB2b2PDqiBub3ZhbWVudGUgYW1hbmjDoy4gQWNobyBxdWUgdm9jw6ogcHJlY2lzYSBkb3JtaXIu,,W0x1a2llXQpQb3IgZmF2b3IsIGRlc2NhbnNhIGJpZW4gaG95LiBFc3BlcmFtb3MgY29udGFyIGNvbnRpZ28gbWHDsWFuYSB0YW1iacOpbi4gRGViZXMgc2VudGlyIG11Y2hvIGNhbnNhbmNpby4=
3iOhBw,,W0Rlbm55XQpZb3UgaGF2ZSBicm91Z2h0IHRoZSBTdGVlbCBhbmQgVXNlZCBJcm9uIFBsYXRlLi4u,,,,,W0Rlbm55XQpWb2PDqiB0cm91eGUgQcOnbyBlIFBsYWNhcyBkZSBGZXJybyBVc2FkYXMuLi4=,,W0Rlbm55XQpUcmFqaXN0ZSBlbCBBY2VybyB5IGxhcyBQbGFjYXMgZGUgSGllcnJvIFVzYWRhLi4u
3yOhBw,,W0Rlbm55XQpBcHBhcmVudGx5LCB5b3UgZGlkIG5vdCBkZWZlYXQgXjAwMDBDRDEwIE9sZCBTdG92ZXNeMDAwMDAwLiBJIGNhbm5vdCBzbWVsbCB0aGUgaXJvbi4=,,,,,W0Rlbm55XQpQYXJlY2UgcXVlIHZvY8OqIG7Do28gZWxpbWlub3UgXjAwMDBDRDEwIEZvcm5hbGhhcyBWZWxoYXNeMDAwMDAwLiBOw6NvIHNpbnRvIG8gY2hlaXJvIGRvIGZlcnJvLg==,,W0Rlbm55XQpBbCBwYXJlY2VyLCBubyBkZXJyb3Rhc3RlIGEgXjAwMDBDRDEwRXN0dWZhcyBkZSBSZXNpZHVvc14wMDAwMDAuIE5vIHNlbnRpciBlbCBvbG9yIGRlbCBoaWVycm8u
4COhBw,,W0Rlbm55XQpBbHRob3VnaCBpdCBpcyBteSBwcml2YXRlIHJlcXVlc3QsIEkgd2lzaCB5b3UgY291bGQgZG8gaXQgZm9yIG1lLg==,,,,,W0Rlbm55XQpNZXNtbyBzZW5kbyB1bSBwZWRpZG8gcGVzc29hbCwgZ29zdGFyaWEgcXVlIGZpemVzc2UgaXNzbyBwb3IgbWltLg==,,W0Rlbm55XQpBdW5xdWUgZXMgdW4gcGVkaWRvIHBlcnNvbmFsLCBtZSBndXN0YXLDrWEgcXVlIHB1ZGllcmFzIGhhY2VybG8gcG9yIG3DrS4=
4SOhBw,,W0Rlbm55XQpTdXBlcnN0YXIgRGVubnkgaXMgZ29pbmcgaG9tZSBub3ch,,,,,W0Rlbm55XQpPIHN1cGVyYXN0cm8gRGVubnkgZXN0w6EgaW5kbyBwcmEgY2FzYSE=,,W0Rlbm55XQrCoUxhIHN1cGVyZXN0cmVsbGEgRGVubnkgc2UgdmEgYSBzdSBob2dhciBhaG9yYSE=
4iOhBw,,W1Jvb2tpZV0KV2hhdCBhIHNwb2lsZWQga2lkLiBJIGFwb2xvZ2l6ZSBvbiBiZWhhbGYgb2YgaGltLiBXZSB3aWxsIGNvdW50IG9uIHlvdSBmb3IgdGhlIHJlc3QgaXRlbXMu,,,,,W0x1a2llXQpRdWUgY3JpYW7Dp2EgbWltYWRhLiBQZcOnbyBkZXNjdWxwYXMgcG9yIGVsZS4gQ29udGFtb3MgY29tIHZvY8OqIHBhcmEgbyByZXN0byBkb3MgaXRlbnMu,,W0x1a2llXQrCoVF1w6kgbmnDsW8gbWltYWRvISBNZSBkaXNjdWxwbyBlbiBzdSBub21icmUuIENvbnRhbW9zIGNvbnRpZ28gcGFyYSBlbCByZXN0byBkZSBsb3Mgb2JqZXRvcy4=
4yOhBw,,W0Rlbm55XQpXZWxsLi4uIEFzIEkgdG9sZCB5b3UsIHBsZWFzZSBicmluZyBeMDAwMENENSBTdGVlbCBhbmQgMTUgVXNlZCBJcm9uIFBsYXRlXjAwMDAwMC4gV2UgbmVlZCB0aGVtIHRvIHJlcGFpciB0aGUgcGlwZS4=,,,,,W0Rlbm55XQpCZW0uLi4gQ29tbyBkaXNzZSwgdHJhZ2EgXjAwMDBDRDUgQcOnb3MgZSAxNSBQbGFjYXMgZGUgRmVycm8gVXNhZGFzXjAwMDAwMC4gUHJlY2lzYW1vcyBkaXNzbyBwYXJhIGNvbnNlcnRhciBvIGNhbm8u,,W0Rlbm55XQpCdWVuby4uLiBDb21vIHRlIGRpamUsIHRyw6FlbWUgXjAwMDBDRDUgQWNlcm9zIHkgMTUgUGxhY2FzIGRlIEhpZXJybyBVc2FkYV4wMDAwMDAuIExvcyBuZWNlc2l0YW1vcyBwYXJhIHJlcGFyYXIgbGEgdHViZXLDrWEu
5COhBw,,W0Rlbm55XQpBZHZlbnR1cmVyLCB5b3Uga25vdyBob3cgdG8gdGFrZSBzaG9ydGN1dHMuIEkgbGlrZSBpdC4=,,,,,W0Rlbm55XQpWb2PDqiBzYWJlIG1lc21vIGNvbW8gcGVnYXIgYXRhbGhvcy4gR29zdGVpIGRpc3NvLg==,,W0Rlbm55XQpTYWJlcyBjw7NtbyB0b21hciBhdGFqb3MuIE1lIGd1c3RhLg==
5SOhBw,,W0Rlbm55XQpCdXQgSSByZWFsbHkgbmVlZCB0aGVtLiBTbyBwbGVhc2UgYnJpbmcgdGhlbSB0byBtZS4gV2lsbCB5b3U/,,,,,W0Rlbm55XQpNYXMgZXUgcmVhbG1lbnRlIHByZWNpc28gZGlzc28uIEVudMOjbywgcG9yIGZhdm9yLCB0cmFnYSBwYXJhIG1pbS4gUG9kZSBzZXI/,,W0Rlbm55XQpQZXJvIHJlYWxtZW50ZSBsYXMgbmVjZXNpdG8uIEFzw60gcXVlLCBwb3IgZmF2b3IsIHRyw6FlbWVsYXMuIMK/TG8gaGFyw6FzPw==
5iOhBw,,W1Jvb2tpZV0KV2VsY29tZSBiYWNrLCBhZHZlbnR1cmVyLiBJIGtub3cgeW91IGFyZSBzdWZmZXJpbmcgZnJvbSB0aGUgd2VpcmQgZ3V5Lg==,,,,,W0x1a2llXQpPbMOhIGRlIG5vdm8uIFNlaSBxdWUgZXN0w6Egc29mcmVuZG8gcG9yIGNvbnRhIGRhcXVlbGUgY2FyYSBlc3RyYW5oby4=,,W0x1a2llXQpIb2xhIGRlIG51ZXZvLCB0cm90YW11bmRvcy4gU8OpIHF1ZSBlc3TDoXMgdGVuaWVuZG8gZGlmaWN1bHRhZGVzIHBvciBlbCB0aXBvIHJhcm8u
5yOhBw,,W01hZ2VudGFdCk9oLCB5b3UgYnJvdWdodCB0aGVtIGFsbCE=,,,,,W01hZ2VudGFdCkFoLCB2b2PDqiB0cm91eGUgdHVkbyE=,,W01hZ2VudGFdCsKhT2gsIHRyYWppc3RlIHRvZG8h
6COhBw,,W01hZ2VudGFdClNvIGl0IGlzIHRydWUgdGhhdCBhZHZlbnR1cmVycyBhcmUgc28gdGFsZW50ZWQuIEkgd2FzIGEgYml0IHdvcnJpZWQgd2hlbiBJIHdhcyByZXF1ZXN0aW5nLg==,,,,,W01hZ2VudGFdCkVudMOjbyDDqSB2ZXJkYWRlIHF1ZSBhdmVudHVyZWlyb3Mgc8OjbyB0w6NvIHRhbGVudG9zb3MuIEVzdGF2YSB1bSBwb3VjbyBhcHJlZW5zaXZhIGNvbSBvIG1ldSBwZWRpZG8u,,W01hZ2VudGFdCkFzw60gcXVlIGVzIHZlcmRhZCBxdWUgbG9zIHRyb3RhbXVuZG9zIHRpZW5lbiBtdWNobyB0YWxlbnRvLiBFc3RhYmEgdW4gcG9jbyBwcmVvY3VwYWRvIGN1YW5kbyB0ZSBsbyBwZWTDrS4=
6SOhBw,,W1Jvb2tpZV0KV2hlcmUgZGlkIHlvdSBwaWNrIHVwIHRoYXQgc3Rvcnk/,,,,,W0x1a2llXQpPbmRlIHZvY8OqIG91dml1IGlzc28/,,W0x1a2llXQrCv0TDs25kZSBlc2N1Y2hhc3RlIGVzYSBoaXN0b3JpYT8=
6iOhBw,,W01hZ2VudGFdClBpY2sgdXAgdGhhdCBzdG9yeT8gQXJlIHlvdSBzYXlpbmcgdGhlIGFkdmVudHVyZXIgaXMgbm90IHRhbGVudGVkPyBBZnRlciBzZWVpbmcgd2l0aCB5b3VyIGV5ZXM/,,,,,W01hZ2VudGFdCk9uZGUgb3V2aSBpc3NvPyBFc3TDoSBkaXplbmRvIHF1ZSBvIGF2ZW50dXJlaXJvIG7Do28gdGVtIHRhbGVudG8/IERlcG9pcyBxdWUgdml1IGNvbSBvcyBwcsOzcHJpb3Mgb2xob3M/,,W01hZ2VudGFdCsK/RXNjdWNoYXIgZXNhIGhpc3RvcmlhPyDCv0VzdMOhcyBkaWNpZW5kbyBxdWUgZWwgdHJvdGFtdW5kb3Mgbm8gdGllbmUgdGFsZW50bz8gwr9EZXNwdcOpcyBkZSB2ZXJsbyBjb24gdHVzIHByb3Bpb3MgbG9zIG9qb3M/
6yOhBw,,W1Jvb2tpZV0KTm8sIEkgbWVhbi4uLg==,,,,,W0x1a2llXQpOw6NvLCBkaWdvLi4u,,W0x1a2llXQpObywgcXVpZXJvIGRlY2lyLi4u
7COhBw,,W01hZ2VudGFdClNvcnJ5LiBMdWNreSBoYXMgc28gbWFueSB0aGluZ3MgdG8gZG8uLi4gSSBhcG9sb2dpemUgb24gYmVoYWxmIG9mIGhpbS4=,,,,,W01hZ2VudGFdCkRlc2N1bHBlLiBMdWNreSB0ZW0gbXVpdGEgY29pc2EgcHJhIGZhemVyLi4uIFBlw6dvIGRlc2N1bHBhcyBwb3IgZWxlLg==,,W01hZ2VudGFdCkxvIHNpZW50by4gTHVja3kgdGllbmUgdGFudGFzIGNvc2FzIHF1ZSBoYWNlci4uLiBNZSBkaXNjdWxwbyBlbiBzdSBub21icmUu
7SOhBw,,W3swfV0KTm8uIEl0J3Mgb2theS4=,,,,,W3swfV0KTsOjbyB0ZW0gcHJvYmxlbWEu,,W3swfV0KTm8uIEVzdMOhIGJpZW4u
7iOhBw,,W01hZ2VudGFdCkJ5IHRoZSB3YXksIGl0J3Mgc28gYmVhdXRpZnVsLCBXaGF0IGEgYnJpbGxpYW50IGxpZ2h0Li4uIEkgd291bGQgbGlrZSB0byBzdGFydCB3b3JraW5nIG5vdy4=,,,,,W01hZ2VudGFdCkFsacOhcywgw6kgdMOjbyBib25pdG8uIFF1ZSBsdXogYnJpbGhhbnRlLi4uLiBHb3N0YXJpYSBkZSBjb21lw6dhciBhIHRyYWJhbGhhciBhZ29yYS4=,,W01hZ2VudGFdClBvciBjaWVydG8sIGVzIHRhbiBoZXJtb3NvLCBxdcOpIGx1eiB0YW4gYnJpbGxhbnRlLi4uIE1lIGd1c3RhcsOtYSBlbXBlemFyIGEgdHJhYmFqYXIgeWEu
7yOhBw,,W01hZ2VudGFdCk9oLCBjb21lIHRvIHRoaW5rIG9mIGl0Li4uIEFkdmVudHVyZXIhIENhbiB5b3UgYnJpbmcgdGhlbSB0b21vcnJvdz8gVGhleSBhcmUgc28gYmVhdXRpZnVsIGFuZCBJIHdvdWxkIGxpa2UgdG8gdHJ5IGV2ZXJ5dGhpbmcu,,,,,W01hZ2VudGFdCkFoLCBwZW5zYW5kbyBiZW0uLi4gQXZlbnR1cmVpcm8hIFBvZGUgdHJhemVyIGFtYW5ow6M/IEVsZXMgc8OjbyB0w6NvIGJvbml0b3MsIGUgZXUgZ29zdGFyaWEgZGUgZXhwZXJpbWVudGFyIGRlIHR1ZG8u,,W01hZ2VudGFdCsKhQXksIGFob3JhIHF1ZSBsbyBwaWVuc28uLi4gVHJvdGFtdW5kb3MhIMK/UHVlZGVzIHRyYWVybG9zIG1hw7FhbmE/IFNvbiB0YW4gaGVybW9zb3MgeSBtZSBndXN0YXLDrWEgcHJvYmFybG9zIHRvZG9zLg==
8COhBw,,W1Jvb2tpZV0KVGhlIGFkdmVudHVyZXIgaXMgYnVzeS4=,,,,,W0x1a2llXQpPIGF2ZW50dXJlaXJvIHRlbSBtYWlzIG8gcXVlIGZhemVyLg==,,W0x1a2llXQpFbCB0cm90YW11bmRvcyBubyB0aWVuZSB0aWVtcG8u
8SOhBw,,W3swfV0KSSB3aWxsIGNvbWUgYmFjayBpZiBJIHJlbWVtYmVyIGl0Lg==,,,,,W3swfV0KVm9sdGFyZWkgYXF1aSBzZSBsZW1icmFyLg==,,W3swfV0KVm9sdmVyw6kgc2kgbWUgYWN1ZXJkby4=
8iOhBw,,W01hZ2VudGFdCkknbSBzbyBnbGFkISEhIEJ1dCBJIG1pZ2h0IGJlIG91dHNpZGUgZm9yIGEgbWlzc2lvbi4gSW4gdGhhdCBjYXNlLCBkb24ndCBwYW5pYyBhbmQgY29tZSBiYWNrIG5leHQgdGltZS4=,,,,,W01hZ2VudGFdCkVzdG91IHTDo28gZmVsaXohISEgTWFzIHRhbHZleiBldSBlc3RlamEgZm9yYSBlbSB1bWEgbWlzc8Ojby4gTmVzc2UgY2FzbywgbsOjbyBzZSBkZXNlc3BlcmUgZSB2b2x0ZSBkZXBvaXMu,,W01hZ2VudGFdCsKhUXXDqSBidWVubyEgUGVybyBxdWl6w6EgdGVuZ2EgcXVlIHNhbGlyIHBhcmEgdW5hIG1pc2nDs24uIEVuIGVzZSBjYXNvLCBubyB0ZSBhc3VzdGVzIHkgcmVncmVzYSBsYSBwcsOzeGltYSB2ZXou
8yOhBw,,W3swfV0KSSB3aWxsLg==,,,,,W3swfV0KRmFyZWkgaXNzby4=,,W3swfV0KTG8gaGFyw6ku
9COhBw,,W01hZ2VudGFdClRoYW5rIHlvdSBzbyBtdWNoISBJIHNob3VsZCBzdGFydCB3b3JraW5nLiBCZSBjYXJlZnVsIQ==,,,,,W01hZ2VudGFdCk11aXRvIG9icmlnYWRhISBFdSBkZXZlcmlhIGNvbWXDp2FyIGEgdHJhYmFsaGFyLiBUZW5oYSBjdWlkYWRvIQ==,,W01hZ2VudGFdCsKhTXVjaGFzIGdyYWNpYXMhIERlYmVyw61hIGVtcGV6YXIgYSB0cmFiYWphci4gwqFUZW4gY3VpZGFkbyE=
9SOhBw,,W1Jvb2tpZV0KVGhhdCBmZWxsb3cgaXMgcmVhbGx5IGxvdWQsIGlzbid0IGhlPyBJIGFwb2xvZ2l6ZSBvbiBiZWhhbGYgb2YgaGltLiBQbGVhc2UgdGFrZSBhIGdvb2QgcmVzdCBhbmQgY29tZSBiYWNrIF4wMDAwQ0RhZnRlciB0aGUgZGF3bl4wMDAwMDAu,,,,,W0x1a2llXQpBcXVlbGUgc3VqZWl0byBmYWxhIGJlbSBhbHRvLCBuw6NvIMOpPyBQZcOnbyBkZXNjdWxwYXMgcG9yIGVsZS4gUG9yIGZhdm9yLCBkZXNjYW5zZSBiZW0gZSB2b2x0ZSBeMDAwMENEYXDDs3MgbyBhbWFuaGVjZXJeMDAwMDAwLg==,,W0x1a2llXQpFc2UgdGlwbyBlcyBtdXkgcnVpZG9zbywgwr9ubz8gTWUgZGlzY3VscG8gZW4gc3Ugbm9tYnJlLiBEZXNjYW5zYSBiaWVuIHkgcmVncmVzYSBeMDAwMENEZGVzcHXDqXMgZGVsIGFtYW5lY2VyXjAwMDAwMC4=
9iOhBw,,W1Jvb2tpZV0KUGhldywgc28gY29tcGxpY2F0ZWQuIFdlIHdpbGwgY291bnQgb24geW91LiBUaGF0IGZlbGxvdyBpcyBzbyBwZXJzaXN0ZW50Lg==,,,,,W0x1a2llXQpBaSwgYWkuLi4gVMOjbyBjb21wbGljYWRvLiBFc3RhbW9zIGNvbnRhbmRvIGNvbSB2b2PDqi4gQXF1ZWxlIHN1amVpdG8gw6kgcGVyc2lzdGVudGUu,,W0x1a2llXQpVZiwgcXXDqSBjb21wbGljYWRvLiBDb250YW1vcyBjb250aWdvLiBFc2UgdGlwbyBlcyBtdXkgcGVyc2lzdGVudGUu
9yOhBw,,W01hZ2VudGFdCllvdSBjYW4gZ2V0IHRoZW0gZnJvbSBeMDAwMENET2JzaWRpYW5zIGFuZCBNaW5lcmFsXjAwMDAwMC4gU28gZGVmZWF0IHRoZW0uIEkgaGF2ZSB0byBnbyBub3cuIFNlZSB5b3Uh,,,,,W01hZ2VudGFdClZvY8OqIHBvZGUgb2J0w6otbG9zIGRlIF4wMDAwQ0RPYnNpZGlhbmFzIGUgTWluZXJhaXNeMDAwMDAwLiBFbnTDo28gZGVycm90ZS1vcy4gUHJlY2lzbyBpciBhZ29yYS4gQXTDqSBtYWlzIQ==,,W01hZ2VudGFdClB1ZWRlcyBjb25zZWd1aXJsb3MgZGUgXjAwMDBDRE9ic2lkaWFuYXMgeSBNaW5lcmFsZXNeMDAwMDAwLiBEZWJlcyBkZXJyb3Rhcmxvcy4gWWEgZGVibyBpcm1lLiDCoU5vcyB2ZW1vcyE=
+COhBw,,W1Jvb2tpZV0KQWR2ZW50dXJlciwgc2VlbXMgbGlrZSB5b3UgZ2F2ZSBzbyBtdWNoIGVmZm9ydCE=,,,,,W0x1a2llXQpQYXJlY2UgcXVlIHZvY8OqIHNlIGVzZm9yw6dvdSBtdWl0byE=,,W0x1a2llXQpUcm90YW11bmRvcywgwqFwYXJlY2UgcXVlIHRlIGVzZm9yemFzdGUgbXVjaG8h
+SOhBw,,W0N5YW5dCldlbGNvbWUgYmFjaywgZGVhciEhISBIYXZlIHlvdSBnb3QgdGhlbSBhbGwgZm9yIG1lPyBSaWdodD8=,,,,,W0N5YW5dCk9sw6EgZGUgbm92bywgbWV1IGJlbSEhISBUcm91eGUgdHVkbyBvIHF1ZSBwZWRpPyBDZXJ0bz8=,,W0N5YW5dCsKhSG9sYSBkZSBudWV2bywgY2FyacOxbyEgwr9Db25zZWd1aXN0ZSB0b2RvIHBhcmEgbcOtPyDCv1ZlcmRhZD8=
+iOhBw,,W0N5YW5dCldvdyEgWW91J3ZlIGJyb3VnaHQgYWxsIG9mIHRoZW0hIE15IGRlYXIsIHlvdSBhcmUgc28gcmVsaWFibGUh,,,,,W0N5YW5dClVhdSEgVm9jw6ogdHJvdXhlIHR1ZG8hIE1ldSBiZW0sIHZvY8OqIMOpIHTDo28gY29uZmnDoXZlbCE=,,W0N5YW5dCsKhR3VhdSEgwqFUcmFqaXN0ZSB0b2RvISDCoUNhcmnDsW8sIHNpbiBkdWRhLCBwdWVkbyBjb25maWFyIGVuIHRpIQ==
+yOhBw,,W1Jvb2tpZV0KQ291bGQgeW91IHBsZWFzZSBzdG9wIHNheWluZyAnZGVhcic/IFlvdSBhcmUgcmVwZWF0aW5nIG15IGpva2UgdG9vIG11Y2gu,,,,,W0x1a2llXQpQb2RlcmlhIHBhcmFyIGRlIGRpemVyICdtZXUgYmVtJz8gVm9jw6ogZXN0w6EgcmVwZXRpbmRvIGRlbWFpcyBtaW5oYSBwaWFkYS4=,,W0x1a2llXQrCv1BvZHLDrWFzIGRlamFyIGRlIGRlY2lyIOKAnGNhcmnDsW/igJ0/IEVzdMOhcyByZXBpdGllbmRvIGRlbWFzaWFkbyBtaSBjaGlzdGUu
/COhBw,,W0N5YW5dCkhleSEgWW91IHN0YXJ0ZWQh,,,,,W0N5YW5dCkVpISBGb2kgdm9jw6ogcXVlbSBjb21lw6dvdSE=,,W0N5YW5dCsKhT3llISDCoVTDuiBlbXBlemFzdGUh
/SOhBw,,W1Jvb2tpZV0KSXQgd2FzIGEgam9rZS4gSm9rZSEgSm9rZSEgSm9rZSE=,,,,,W0x1a2llXQpGb2kgdW1hIHBpYWRhLiBQaWFkYSEgUGlhZGEhIFBpYWRhIQ==,,W0x1a2llXQpFcmEgdW5hIGJyb21hLiDCoVVuYSBicm9tYSEgwqFVbmEgYnJvbWEhIMKhVW5hIGJyb21hIQ==
/iOhBw,,W0N5YW5dCkFueXdheSwgSSBsaWtlIHRoZSBhZHZlbnR1cmVyISBJIHdvbid0IGxldCB0aGUgYWR2ZW50dXJlciBnbyEgTmV2ZXIh,,,,,W0N5YW5dCkRlIHF1YWxxdWVyIG1vZG8sIGV1IGdvc3RvIGRvIGF2ZW50dXJlaXJvISBOw6NvIHZvdSBkZWl4YXIgZWxlIGlyISBOdW5jYSE=,,W0N5YW5dCkRlIHRvZG9zIG1vZG9zLCDCoW1lIGFncmFkYSBlbCB0cm90YW11bmRvcyEgwqFObyBkZWphcsOpIHF1ZSBlbCB0cm90YW11bmRvcyBzZSB2YXlhISDCoU51bmNhIQ==
/yOhBw,,W0N5YW5dClNvIG15IGRlYXIsIHdpbGwgeW91IGNvbWUgYmFjayB0b21vcnJvdz8=,,,,,W0N5YW5dCkVudMOjbywgbWV1IGJlbSwgdm9jw6ogdmFpIHZvbHRhciBhbWFuaMOjPw==,,W0N5YW5dCkVudG9uY2VzLCBjYXJpw7FvLCDCv3JlZ3Jlc2Fyw6FzIG1hw7FhbmE/
ACShBw,,W1Jvb2tpZV0KTm90IGFnYWluISEh,,,,,W0x1a2llXQpEZSBub3ZvLCBuw6NvISEh,,W0x1a2llXQrCoU90cmEgdmV6IG5vIQ==
ASShBw,,W0N5YW5dClRoZXNlIGFyZSBvbmx5IGVub3VnaCBmb3IgdG9kYXkuIE9mIGNvdXJzZSB3ZSBtdXN0IG1ha2UgYSBmaXJlIGV2ZXJ5IHNpbmdsZSBkYXkh,,,,,W0N5YW5dCklzc28gc8OzIMOpIHN1ZmljaWVudGUgcGFyYSB1bSBkaWEuIENsYXJvLCBwcmVjaXNhbW9zIGFjZW5kZXIgbyBmb2dvIHRvZG9zIG9zIGRpYXMh,,W0N5YW5dCkVzdG8gc29sbyBhbGNhbnphIHBhcmEgaG95LiDCoVRlbmVtb3MgcXVlIHByZW5kZXIgZWwgZnVlZ28gdG9kb3MgbG9zIGTDrWFzIQ==
AiShBw,,W3swfV0KT2gsIEkgc2VlLiBTdG9wIGZpZ2h0aW5nLiBJIHdpbGwgY29tZSBiYWNrIHRvbW9ycm93IGlmIEkgcmVtZW1iZXIu,,,,,W3swfV0KQWgsIGVudGVuZG8uIFBhcmVtIGRlIGJyaWdhci4gVm9sdGFyZWkgYW1hbmjDoywgc2UgbGVtYnJhci4=,,W3swfV0KT2gsIHlhIHZlby4gRGVqYSBkZSBwZWxlYXIuIFJlZ3Jlc2Fyw6kgbWHDsWFuYSBzaSBtZSBhY3VlcmRvLg==
AyShBw,,W0N5YW5dCk15IGRlYXIsIHlvdSBhcmUgc28ga2luZCEgQnV0IEkgbWF5IG5vdCBiZSBoZXJlIHRvbW9ycm93IGZvciBhIG1pc3Npb24uIFBsZWFzZSBkb24ndCBiZSBkaXNhcHBvaW50ZWQh,,,,,W0N5YW5dCk1ldSBiZW0sIHZvY8OqIMOpIHTDo28gZ2VudGlsISBNYXMgcG9zc28gZXN0YXIgZm9yYSBlbSB1bWEgbWlzc8OjbyBhbWFuaMOjLiBOw6NvIGZpcXVlIHRyaXN0ZSE=,,W0N5YW5dCsKhQ2FyacOxbywgZXJlcyB0YW4gYW1hYmxlISBQZXJvIHF1aXrDoSBubyBlc3TDqSBhcXXDrSBtYcOxYW5hIHBhcmEgdW5hIG1pc2nDs24uIMKhUG9yIGZhdm9yLCBubyB0ZSBkZWNlcGNpb25lcyE=
BCShBw,,W1Jvb2tpZV0KSSBkb24ndCB0aGluayB0aGUgYWR2ZW50dXJlciB3aWxsIGV2ZXIgYmUgZGlzYXBwb2ludGVkLg==,,,,,W0x1a2llXQpOw6NvIGFjaG8gcXVlIGlzc28gc2Vyw6EgbW90aXZvIGRlIHRyaXN0ZXphLg==,,W0x1a2llXQpObyBjcmVvIHF1ZSBlbCB0cm90YW11bmRvcyBzZSBkZWNlcGNpb25lLg==
BSShBw,,W0N5YW5dCk5vdyBJIHdpbGwgZ28gaW4gYW5kIHNsZWVwLiBTZWUgeW91IQ==,,,,,W0N5YW5dCkFnb3JhLCB2b3UgZW50cmFyIHBhcmEgZG9ybWlyLiBBdMOpIG1haXMh,,W0N5YW5dCkFob3JhIG1lIGlyw6kgYSBkb3JtaXIuIMKhTm9zIHZlbW9zIQ==
BiShBw,,W1Jvb2tpZV0KUGhldywgSSBhbSBleGhhdXN0ZWQgYXMgd2VsbC4gUGxlYXNlIHRha2UgYSBnb29kIHJlc3Qgbm93IGFuZCBjb21lIGJhY2sgYWZ0ZXIgdGhlIF4wMDAwQ0RkYXduXjAwMDAwMC4=,,,,,W0x1a2llXQpVZmEsIHRhbWLDqW0gZXN0b3UgZXhhdXN0by4gUG9yIGZhdm9yLCBkZXNjYW5zZSBiZW0gZSB2b2x0ZSBhcMOzcyBvIF4wMDAwQ0RhbWFuaGVjZXJeMDAwMDAwLg==,,W0x1a2llXQpVZiwgeW8gdGFtYmnDqW4gZXN0b3kgYWdvdGFkby4gRGVzY2Fuc2EgeSByZWdyZXNhIGRlc3B1w6lzIGRlbCBeMDAwMENEYW1hbmVjZXJeMDAwMDAwLg==
ByShBw,,W1Jvb2tpZV0KVGhhdCdzIHNvIHNwb2lsZWQuIEFkdmVudHVyZXIsIFdlIHdpbGwgY291bnQgb24geW91IGFnYWluLiBJZiB5b3UgZG9uJ3QgYnJpbmcgdGhlbSwgQ3lhbiB3aWxsIHBlc3RlciB5b3UgYWxsIGRheSBsb25nLg==,,,,,W0x1a2llXQpRdWFudG8gbWltby4gQ29udGFtb3MgY29tIHZvY8OqIG5vdmFtZW50ZS4gU2UgbsOjbyB0cm91eGVyIHR1ZG8sIEN5YW4gdmFpIGltcG9ydHVuYXIgdm9jw6ogbyBkaWEgaW50ZWlyby4=,,W0x1a2llXQpRdcOpIG1pbWFkb3MuIFRyb3RhbXVuZG9zLCB2b2x2ZXJlbW9zIGEgY29udGFyIGNvbnRpZ28uIFNpIG5vIGxvcyB0cmFlcywgQ3lhbiB0ZSBtb2xlc3RhcsOhIHRvZG8gZWwgZMOtYS4=
CCShBw,,W0N5YW5dCkFuZCBkb24ndCBmb3JnZXQgdG8gZGVmZWF0IGFib3V0IF4wMDAwQ0QxMCBPbGQgU3RvdmVzXjAwMDAwMCEgSSB3aWxsIGJlIHNsZWVwaW5nIGluIGJ5IGJlZC4gSXQncyBzbyBjb2xkIQ==,,,,,W0N5YW5dCkUgbsOjbyBlc3F1ZcOnYSBkZSBkZXJyb3RhciBeMDAwMENEMTAgRm9ybmFsaGFzIFZlbGhhc14wMDAwMDAhIEVzdGFyZWkgZG9ybWluZG8gbmEgbWluaGEgY2FtYS4gRXN0w6EgdMOjbyBmcmlvIQ==,,W0N5YW5dCsKhWSBubyB0ZSBvbHZpZGVzIGRlIGRlcnJvdGFyIHVuYXMgXjAwMDBDRDEwIEVzdHVmYXMgZGUgUmVzaWR1b3NeMDAwMDAwISBEb3JtaXLDqSBlbiBtaSBjYW1hLiDCoUhhY2UgbXVjaG8gZnLDrW8h
CSShBw,,W1Jvb2tpZV0KR3JlYXQgam9iLCBhZHZlbnR1cmVyLiBJIG11c3QgaGF2ZSBiZWVuIGhhcmQgZm9yIHlvdSB0byB0YWtlIHRoYXQgam9iIGFsbCBvZiBhIHN1ZGRlbi4=,,,,,W0x1a2llXQpCb20gdHJhYmFsaG8uIERldmUgdGVyIHNpZG8gZGlmw61jaWwgYWNlaXRhciBlc3NlIHRyYWJhbGhvIGRlIHJlcGVudGUu,,W0x1a2llXQpFeGNlbGVudGUgdHJhYmFqbywgdHJvdGFtdW5kb3MuIERlYmnDsyBzZXIgZGlmw61jaWwgcGFyYSB0aSBhY2VwdGFyIGVzZSB0cmFiYWpvIGRlIHJlcGVudGUu
CiShBw,,W0Rlbm55XQpXb3chIFlvdSd2ZSBicm91Z2h0IGFsbCBvZiB0aGVtISBJdCBpcyB0cnVlIHRoYXQgYWR2ZW50dXJlcnMgY2FuIGRvIGV2ZXJ5dGhpbmch,,,,,W0Rlbm55XQpVYXUhIFZvY8OqIHRyb3V4ZSB0dWRvISDDiSB2ZXJkYWRlIHF1ZSBhdmVudHVyZWlyb3MgcG9kZW0gZmF6ZXIgcXVhbHF1ZXIgY29pc2Eh,,W0Rlbm55XQrCoUd1YXUhIMKhVHJhamlzdGUgdG9kbyEgwqFFcyBjaWVydG8gcXVlIGxvcyB0cm90YW11bmRvcyBwdWVkZW4gaGFjZXJsbyB0b2RvIQ==
CyShBw,,W0Rlbm55XQpUaGFuayB5b3UgdmVyeSBtdWNoISEgUm9va2llPw==,,,,,W0Rlbm55XQpNdWl0byBvYnJpZ2FkbyEgTHVraWU/,,W0Rlbm55XQrCoU11Y2hhcyBncmFjaWFzISDCv0x1a2llPw==
DCShBw,,W1Jvb2tpZV0KWWVhaC4gV2hhdCBpcyBpdD8=,,,,,W0x1a2llXQpTaW0uIE8gcXVlIGZvaT8=,,W0x1a2llXQpTw60uIMK/UXXDqSBzdWNlZGU/
DSShBw,,W0Rlbm55XQpZb3Ugc2FpZCB5b3UnZCBjb21wZW5zYXRlIHRoZSBhZHZlbnR1cmVyLCBkaWRuJ3QgeW91Pw==,,,,,W0Rlbm55XQpWb2PDqiBkaXNzZSBxdWUgdGluaGEgdW1hIHJlY29tcGVuc2EgcGFyYSBvIGF2ZW50dXJlaXJvLCBuw6NvIGZvaT8=,,W0Rlbm55XQpEaWppc3RlIHF1ZSBjb21wZW5zYXLDrWFzIGFsIHRyb3RhbXVuZG9zLCDCv25vPw==
DiShBw,,W1Jvb2tpZV0KVGhpcyBpcyB0b28gbXVjaCEgSXQncyBub25lIG9mIHlvdXIgYnVzaW5lc3Mh,,,,,W0x1a2llXQpJc3NvIMOpIGRlbWFpcyEgTsOjbyDDqSBkYSBzdWEgY29udGEh,,W0x1a2llXQrCoUVzdG8gZXMgZGVtYXNpYWRvISDCoU5vIGVzIGFzdW50byB0dXlvIQ==
DyShBw,,W0Rlbm55XQpBZHZlbnR1cmVyLCBtYWtlIHN1cmUgeW91IHJlY2VpdmUgdGhlIGNvbXBlbnNhdGlvbiBmcm9tIFJvb2tpZT8gU3VwZXJzdGFyIERlbm55IHdpbGwgbGVhdmUgdG8gcHJlcGFyZSBmb3IgcmVwYWlyaW5nIQ==,,,,,W0Rlbm55XQpBdmVudHVyZWlybywgbsOjbyBlc3F1ZcOnYSBkZSBwZWdhciBzdWEgcmVjb21wZW5zYSBjb20gTHVraWUuIERlbm55LCBvIHN1cGVyYXN0cm8sIHZhaSBzZSBwcmVwYXJhciBwYXJhIG9zIHJlcGFyb3Mh,,W0Rlbm55XQpUcm90YW11bmRvcywgYXNlZ8O6cmF0ZSBkZSBxdWUgTHVraWUgdGUgcmVjb21wZW5zZS4gwqFMYSBzdXBlcmVzdHJlbGxhIERlbm55IHNlIGlyw6EgYSBwcmVwYXJhciBsYSByZXBhcmFjacOzbiE=
ECShBw,,W1Jvb2tpZV0KSGUgcmFuIGF3YXkgbGlrZSBhIHNxdWlycmVsLg==,,,,,W0x1a2llXQpFbGUgc2FpdSBjb3JyZW5kbyBjb21vIHVtIGVzcXVpbG8u,,W0x1a2llXQpIdXnDsyBjb21vIHVuYSBhcmRpbGxhLg==
ESShBw,,W1Jvb2tpZV0KQnkgdGhlIHdheSwgYWR2ZW50dXJlci4gV2UgdGhhbmsgeW91IGZvciB5b3VyIGVmZm9ydCB0b2RheS4gQ2FuIEkgYXNrIHlvdSBmb3IgdGhlIHNhbWUgdGhpbmcgdG9tb3Jyb3c/,,,,,W0x1a2llXQpBbGnDoXMuIEFncmFkZWNlbW9zIHBlbG8gc2V1IGVzZm9yw6dvIGhvamUuIFZvY8OqIHBvZGVyaWEgZmF6ZXIgbyBtZXNtbyBhbWFuaMOjPw==,,W0x1a2llXQpQb3IgY2llcnRvLCB0cm90YW11bmRvcy4gQWdyYWRlY2Vtb3MgdHUgZXNmdWVyem8gZGUgaG95LiDCv1B1ZWRvIHBlZGlydGUgbG8gbWlzbW8gbWHDsWFuYT8=
EiShBw,,W3swfV0KV2h5Pw==,,,,,W3swfV0KUG9yIHF1w6o/,,W3swfV0Kwr9Qb3IgcXXDqT8=
EyShBw,,W1Jvb2tpZV0KV2l0aCB0aGVzZSBpdGVtcywgd2UgY2FuIHJlcGFpciB0aGUgbGVha2luZyBwYXJ0IG5vdy4gQXMgYSBtYXR0ZXIgb2YgZmFjdCwgd2UgaGF2ZSB0byByZXBhaXIgdGhlIGVudGlyZSBwaXBlLiBUaGlzIGlzIHRvbyBvbGQu,,,,,W0x1a2llXQpDb20gZXNzZXMgaXRlbnMsIHBvZGVyZW1vcyBjb25zZXJ0YXIgbyB2YXphbWVudG8gYWdvcmEuIE5hIHZlcmRhZGUsIHByZWNpc2Ftb3MgY29uc2VydGFyIG8gY2FubyB0b2RvIGRlIHVtYSB2ZXouIEVsZSDDqSB2ZWxobyBkZW1haXMu,,W0x1a2llXQpDb24gZXN0b3Mgb2JqZXRvcywgeWEgcG9kZW1vcyByZXBhcmFyIGxhIGdvdGVyYS4gRGUgaGVjaG8sIHRlbmVtb3MgcXVlIHJlcGFyYXIgdG9kYSBsYSB0dWJlcsOtYS4gRXMgZGVtYXNpYWRvIHZpZWphLg==
FCShBw,,W1Jvb2tpZV0KQW5kIHRoZXJlIGFyZSBvdGhlciB0aGluZ3MgdGhhdCBJIHdvdWxkIGxpa2UgdG8gcmVxdWVzdCB5b3UuLi4=,,,,,W0x1a2llXQpFIGjDoSBvdXRyYXMgY29pc2FzIHF1ZSBnb3N0YXJpYSBkZSBwZWRpciBhIHZvY8OqLi4u,,W0x1a2llXQpZIGhheSBvdHJhcyBjb3NhcyBxdWUgbWUgZ3VzdGFyw61hIHBlZGlydGUuLi4=
FSShBw,,W3swfV0KSXQncyBub3Qgc28gZGlmZmljdWx0IGZvciBtZS4gSSB3aWxsIGNvbWUgYmFjayBpZiBJIHJlbWVtYmVyIGl0Lg==,,,,,W3swfV0KTsOjbyBzZXLDoSB1bSBwcm9ibGVtYSBwYXJhIG1pbS4gVm9sdGFyZWkgYXF1aSBzZSBsZW1icmFyLg==,,W3swfV0KUGFyYSBtw60sIG5vIGVzIHRhbiBkaWbDrWNpbC4gVm9sdmVyw6kgc2kgbWUgYWN1ZXJkby4=
FiShBw,,W1Jvb2tpZV0KWW91IGFyZSBzbyBjb29sLiBQbGVhc2UgdGFrZSBhIGdvb2QgcmVzdCB0b2RheSBhbmQgY29tZSBiYWNrIGFmdGVyIHRoZSBeMDAwMENEZGF3bl4wMDAwMDAu,,,,,W0x1a2llXQpWb2PDqiDDqSBtdWl0byBsZWdhbC4gUG9yIGZhdm9yLCBkZXNjYW5zZSBiZW0gaG9qZSBlIHZvbHRlIGFww7NzIG8gXjAwMDBDRGFtYW5oZWNlcl4wMDAwMDAu,,W0x1a2llXQpFcmVzIGdlbmlhbC4gRGVzY2Fuc2EgYmllbiBob3kgeSB2dWVsdmUgZGVzcHXDqXMgZGVsIF4wMDAwQ0RhbWFuZWNlcl4wMDAwMDAu
FyShBw,,W1Jvb2tpZV0KV2hhdCBraW5kIG9mIHN1cGVyc3RhciBpcyB0aGF0PyBBZnRlciBhbGwsIHdlIGFyZSBjb3VudGluZyBvbiB5b3UuIEhlIGlzIG1vcmUgcGVyc2lzdGVudCB0aGFuIGhlIGxvb2tzLiBTbyBJIGFtIHNheWluZyB0aGlzIGZvciB5b3Uu,,,,,W0x1a2llXQpRdWUgdGlwbyBkZSBzdXBlcmFzdHJvIMOpIGVzc2U/IEFpbmRhIGFzc2ltLCBlc3RhbW9zIGNvbnRhbmRvIGNvbSB2b2PDqi4gRWxlIMOpIG1haXMgcGVyc2lzdGVudGUgZG8gcXVlIHBhcmVjZS4gRW50w6NvIGVzdG91IGxoZSBkaXplbmRvIGlzc28u,,W0x1a2llXQrCv1F1w6kgY2xhc2UgZGUgc3VwZXJlc3RyZWxsYSBlcyBlc2E/IEVuIGZpbiwgY29udGFtb3MgY29udGlnby4gRXMgbcOhcyBwZXJzaXN0ZW50ZSBkZSBsbyBxdWUgcGFyZWNlLiBBc8OtIHF1ZSBkaWdvIGVzdG8gcG9yIHRpLg==
GCShBw,,W3swfV0KUm9va2llLCBob3cgaGF2ZSB5b3UgYmVlbj8=,,,,,W3swfV0KTHVraWUsIGNvbW8gdm9jw6ogZXN0w6E/,,W3swfV0KTHVraWUsIMK/Y8OzbW8gaGFzIGVzdGFkbz8=
GSShBw,,W1Jvb2tpZV0KQWR2ZW50dXJlciwgaG93IHdhcyB5b3VyIGJ1c2luZXNzPyBMZWl6aSB0b2xkIG1lIHRoYXQgSSBjb3VsZCBmdWxseSB0cnVzdCB5b3Uu,,,,,W0x1a2llXQpWaWFqYW50ZSwgY29tbyBmb3JhbSBzZXVzIG5lZ8OzY2lvcz8gTmFsYW5kcm8gZGlzc2UgcXVlIHBvc3NvIGNvbmZpYXIgdG90YWxtZW50ZSBlbSB2b2PDqi4=,,W0x1a2llXQpUcm90YW11bmRvcywgwr9xdcOpIHRhbD8gTGF6eSBtZSBkaWpvIHF1ZSBwb2TDrWEgY29uZmlhciBwbGVuYW1lbnRlIGVuIHRpLg==
GiShBw,,QnV0IEkgd2FzIHN0aWxsIHdvcnJpZWQgYWJvdXQgc2VuZGluZyB5b3UgYWxvbmUuLi4=,,,,,TWFzIGFpbmRhIGVzdGF2YSBwcmVvY3VwYWRvIGVtIG1hbmRhciB2b2PDqiBzZW0gbmluZ3XDqW0uLi4=,,QXVuIGFzw60gbWUgcHJlb2N1cGFiYSBlbnZpYXJ0ZSBzb2xvLi4u
GyShBw,,SGV5ISBUaGUgYWR2ZW50dXJlciBpcyBhIGhlcm8gd2hvIHNhdmVkIGEgbmF0aW9uIHdpdGhvdXQgYW55Ym9keSdzIGhlbHAuIFRydXN0IG1lIQ==,,,,,RWkhIFZvY8OqIGVzdMOhIGZhbGFuZG8gY29tIGFsZ3XDqW0gcXVlIGrDoSBzYWx2b3UgdW1hIG5hw6fDo28gc2VtIGEgYWp1ZGEgZGUgbmluZ3XDqW0uIENvbmZpZSBlbSBtaW0h,,wqFPeWUhIEVsIHRyb3RhbXVuZG9zIHNhbHbDsyBhIHVuYSBuYWNpw7NuIHNpbiBheXVkYSBkZSBuYWRpZS4gwqFDb25mw61hIGVuIG3DrSE=
HCShBw,,W1Jvb2tpZV0KQWxsIG9mIHVzIGFyZSBhbHNvIGVhZ2VyIGFuZCBwcmVwYXJpbmcgbWFueSB0aGluZ3MuIFdlIHNob3VsZCBub3QgZGlzYXBwb2ludCB0aGF0IHBlcnNvbn4=,,,,,W0x1a2llXQpUb2RvcyBuw7NzIHRhbWLDqW0gZXN0YW1vcyBhbnNpb3NvcyBlIHByZXBhcmFuZG8gbXVpdGFzIGNvaXNhcy4gTsOjbyBwb2RlbW9zIGRlc2Fwb250YXIgYXF1ZWxhIHBlc3NvYS4=,,W0x1a2llXQpOb3NvdHJvcyB0YW1iacOpbiBlc3RhbW9zIGFuc2lvc29zIHkgcHJlcGFyYW5kbyBtdWNoYXMgY29zYXMuIE5vIGRlYmVtb3MgZGVjZXBjaW9uYXIgYSBlc2EgcGVyc29uYX4u
HSShBw,,W3swfV0KSSB3aWxsIGRvIG15IGJlc3QuIFJvb2tpZSwgd2hhdCBoYXZlIHlvdSBiZWVuIGRvaW5nIHJlY2VudGx5PyBIb3cgd2FzIHlvdXIgdGFsayB3aXRoIExlaXppPw==,,,,,W3swfV0KRmFyZWkgbyBtZWxob3IgcXVlIHB1ZGVyLiBMdWtpZSwgbyBxdWUgdm9jw6ogdGVtIGZlaXRvPyBDb21vIGZvaSBzdWEgY29udmVyc2EgY29tIE5hbGFuZHJvPw==,,W3swfV0KSGFyw6kgbG8gcXVlIHB1ZWRhLiBMdWtpZSwgwr9xdcOpIGhhcyBlc3RhZG8gaGFjaWVuZG8gw7psdGltYW1lbnRlPyDCv0PDs21vIHRlIGZ1ZSBjb24gTGF6eT8=
HiShBw,,W0xlaXppXQpJJ20gc3RpbGwgaGVyZS4gVGhpcyBmZWxsb3cgY2Fubm90IGxlYXZlIGltbWVkaWF0ZWx5LiBOZWl0aGVyIGNhbiBJLg==,,,,,W05hbGFuZHJvXQpBaW5kYSBlc3RvdSBhcXVpLiBFc3NlIGNhbWFyYWRhIG7Do28gcG9kZSBwYXJ0aXIgZGUgaW1lZGlhdG8uIE5lbSBldS4=,,W0xhenldClNpZ28gYXF1w60uIEVzdGUgdGlwbyBubyBwdWVkZSBtYXJjaGFyc2UgdGFuIHLDoXBpZG8uIFlvIHRhbXBvY28u
HyShBw,,W1Jvb2tpZV0KV2hhdCBJJ3ZlIGJlZW4gZG9pbmcgcmVjZW50bHk/,,,,,W0x1a2llXQpPIHF1ZSBxdWVyIGZhemVyPw==,,W0x1a2llXQrCv1F1w6kgaGUgZXN0YWRvIGhhY2llbmRvIMO6bHRpbWFtZW50ZT8=
ICShBw,,QWNjZXB0Lg==,,,,,QWNlaXRhci4=,,QWNlcHRhci4=
ISShBw,,UmVqZWN0Lg==,,,,,UmVjdXNhci4=,,UmVjaGF6YXIu
IiShBw,,W1Jvb2tpZV0KSGV5LCB3b3VsZCB5b3UgcmVqZWN0IGl0IGluIGZyb250IG9mIHNvbWVvbmU/IEFkdmVudHVyZXI/IFlvdSBkb24ndCBoYXZlIHRvIGRvIHRoaXMu,,,,,W0x1a2llXQpFaSwgdm9jw6ogcmVjdXNhcmlhIG5hIGZyZW50ZSBkZSBhbGd1w6ltPyBWaWFqYW50ZT8gVm9jw6ogbsOjbyBwcmVjaXNhIGZhemVyIGlzc28u,,W0x1a2llXQpPeWUsIMK/bG8gcmVjaGF6YXLDrWFzIGRlbGFudGUgZGUgYWxndWllbj8gwr9Ucm90YW11bmRvcz8gTm8gdGllbmVzIHBvciBxdcOpIGhhY2VybG8u
IyShBw,,W3swfV0KSXQgd2lsbCBiZSBkaWZmaWN1bHQgZm9yIG1lLiBJJ20gc29ycnkgdGhhdCB5b3UgaGF2ZSB0byBmaW5kIHNvbWVvbmUgZWxzZS4=,,,,,W3swfV0KU2Vyw6EgZGlmw61jaWwgcGFyYSBtaW0uIFNpbnRvIG11aXRvLCBtYXMgdm9jw6ogcHJlY2lzYSBlbmNvbnRyYXIgb3V0cmEgcGVzc29hLg==,,W3swfV0KU2Vyw6EgZGlmw61jaWwgcGFyYSBtw60uIExhbWVudG8gcXVlIHRlbmdhcyBxdWUgYnVzY2FyIGEgb3RyYSBwZXJzb25hLg==
JCShBw,,W0Rlbm55XQpPaCwgd2h5ISEh,,,,,W0Rlbm55XQpQb3IgcXXDqj8hIQ==,,W0Rlbm55XQrCoU9oISDCv1BvciBxdcOpPw==
JSShBw,,W0Rlbm55XQpJJ20gc28gc2FkISEhISEh,,,,,W0Rlbm55XQpFc3RvdSB0w6NvIHRyaXN0ZSEhISE=,,W0Rlbm55XQrCoUVzdG95IG11eSB0cmlzdGUh
JiShBw,,W1Jvb2tpZV0KUGhldywgaGUncyBzbyBydWRlLiBXZSBoYXZlIG5vIGNob2ljZS4gSSB3aWxsIGxvb2sgZm9yIHNvbWVvbmUgZWxzZSB0byBkbyBpdC4gWW91IGRvbid0IGhhdmUgdG8gd29ycnkgYWJvdXQgdGhpcy4=,,,,,W0x1a2llXQpBaSwgYWkuIEVsZSDDqSB0w6NvIHJ1ZGUuIE7Do28gdGVtb3MgZXNjb2xoYS4gVm91IHBlZGlyIGEgb3V0cmEgcGVzc29hLiBOw6NvIHNlIHByZW9jdXBlIGNvbSBpc3NvLg==,,W0x1a2llXQpVZiwgw6lsIG5vIHRpZW5lIG1vZGFsZXMuIE5vIHRlbmVtb3MgZWxlY2Npw7NuLiBCdXNjYXLDqSBhIG90cmEgcGVyc29uYSBxdWUgbG8gaGFnYS4gTm8gdGllbmVzIHF1ZSBwcmVvY3VwYXJ0ZSBwb3IgZXN0by4=
JyShBw,,RG8geW91IG5lZWQgdGhlIGZ1ZWw/,,,,,Vm9jw6ogcHJlY2lzYSBkbyBjb21idXN0w612ZWw/,,wr9OZWNlc2l0YXMgZWwgY29tYnVzdGlibGU/
KCShBw,,SSBoYXZlIHRvIGxlYXZlIG5vdy4=,,,,,UHJlY2lzbyBwYXJ0aXIgYWdvcmEu,,VGVuZ28gcXVlIGlybWUgYWhvcmEu
KSShBw,,W0N5YW5dCkkgbmVlZCBzb21lIEJ1cm50IFRyZWVzLCBhYm91dCAxMCBvZiB0aGVtLiBTaW5jZSB0aGV5IGFyZSB3ZWxsLWRyaWVkLCB0aGV5IHdpbGwgYmUgYnVybnQgd2VsbC4gQW5kIHRoZXJlJ3MgYmV0dGVyIGNvYWwgdG8ga2VlcCB0aGUgZmlyZSBsb25nLiBCcmluZyBzb21lIGNvYWwgcGxlYXNlLCB0aHJlZSBvZiB0aGVtLg==,,,,,W0N5YW5dClByZWNpc28gZGUgdW0gcG91Y28gZGUgbWFkZWlyYSBxdWVpbWFkYS4gVW1hcyAxMC4gQ29tbyBlbGFzIHPDo28gbXVpdG8gc2VjYXMsIHF1ZWltYXLDo28gYmVtLiBFIHPDo28gbWVsaG9yZXMgZG8gcXVlIG8gY2FydsOjbyBwYXJhIHByZXNlcnZhciBvIGZvZ28gcG9yIG1haXMgdGVtcG8uIFBvciBmYXZvciwgdHJhZ2EgdW0gcG91Y28gZGUgY2FydsOjby4gVHLDqnMgZGVsZXMu,,W0N5YW5dCk5lY2VzaXRvIHVub3MgMTAgw4FyYm9sZXMgcXVlbWFkb3MuIENvbW8gZXN0w6FuIGJpZW4gc2Vjb3MsIHNlIHF1ZW1hcsOhbiBiaWVuLiBZIGVzIG1lam9yIHF1ZSBlbCBjYXJiw7NuIHBhcmEgbWFudGVuZXIgZWwgZnVlZ28gZW5jZW5kaWRvLiBUcmFlIDMgdW5pZGFkZXMgZGUgQ2FyYsOzbi4=
KiShBw,,W3swfV0KQ2FuIEkgbGVhdmUgbm93Pw==,,,,,W3swfV0KUG9zc28gaXIgYWdvcmE/,,W3swfV0Kwr9QdWVkbyBpcm1lIGFob3JhPw==
KyShBw,,W0N5YW5dCk15IGRlYXIsIGFyZSB5b3UgbGVhdmluZyBtZT8gSSdtIHN1ZmZlcmluZyBmcm9tIHRoZSBjb2xkIHdlYXRoZXIh,,,,,W0N5YW5dCk1ldSBiZW0sIGVzdMOhIG1lIGFiYW5kb25hbmRvPyBFc3RvdSBzb2ZyZW5kbyBjb20gbyBmcmlvIQ==,,W0N5YW5dCkNhcmnDsW8sIMK/dGUgdmFzPyDCoUVzdG95IHN1ZnJpZW5kbyBwb3IgZWwgZnLDrW8h
LCShBw,,W1Jvb2tpZV0KQWR2ZW50dXJlciwgZG9uJ3Qgd29ycnkgYWJvdXQgQ3lvbi4gSSB3aWxsIHRha2UgY2FyZSBvZiB0aGlzIGZlbGxvdy4=,,,,,W0x1a2llXQpOw6NvIHNlIHByZW9jdXBlIGNvbSBDeWFuLiBFdSBjdWlkYXJlaSBkZXNzZSBjYW1hcmFkYS4=,,W0x1a2llXQpUcm90YW11bmRvcywgbm8gdGUgcHJlb2N1cGVzIHBvciBDeWFuLiBZbyBtZSBvY3VwYXLDqS4=
LSShBw,,W0N5YW5dCk15IGRlYXIsIGNvbWUgYmFjayBpZiB5b3UgbWlzcyBtZSE=,,,,,W0N5YW5dCk1ldSBiZW0sIHZvbHRlIHNlIHNlbnRpciBtaW5oYSBmYWx0YSE=,,W0N5YW5dCsKhQ2FyacOxbywgcmVncmVzYSBzaSBtZSBleHRyYcOxYXMh
LiShBw,,W3swfV0KWWVzLiBJIHdpbGwu,,,,,W3swfV0KU2ltLiBGYXJlaSBpc3NvLg==,,W3swfV0KU8OtLiBMbyBoYXLDqS4=
LyShBw,,W1Jvb2tpZV0KLi4uIFJpZ2h0Lg==,,,,,W0x1a2llXQouLi4gQ2VydG8u,,W0x1a2llXQouLi4gQmllbi4=
MCShBw,,V2hhdCBpcyBpdD8=,,,,,TyBxdWUgZm9pPw==,,wr9RdcOpIHN1Y2VkZT8=
MSShBw,,SSdtIHF1aXRlIGJ1c3kuLi4=,,,,,VGVuaG8gbXVpdG8gbyBxdWUgZmF6ZXIuLi4=,,Tm8gdGVuZ28gbXVjaG8gdGllbXBvLi4u
MiShBw,,W1Jvb2tpZV0KUGhldy4gSGUncyBzbyBsb3VkLiBJIHdpbGwgY291bnQgb24geW91LCBhZHZlbnR1cmVyLg==,,,,,W0x1a2llXQpBaSwgYWkuIEVsZSBmYWxhIHTDo28gYWx0by4gQ29udG8gY29tIHZvY8OqLCBhdmVudHVyZWlyby4=,,W0x1a2llXQpVZmYuIEVzIHRhbiBydWlkb3NvLiBDdWVudG8gY29udGlnbywgdHJvdGFtdW5kb3Mu
MyShBw,,W3swfV0KSSdtIHF1aXRlIGJ1c3kuLi4=,,,,,W3swfV0KVGVuaG8gbXVpdG8gbyBxdWUgZmF6ZXIuLi4=,,W3swfV0KTm8gdGVuZ28gbXVjaG8gdGllbXBvLi4u
NCShBw,,W1Jvb2tpZV0KVGhlIGFkdmVudHVyZSBpcyBidXN5ISBZb3Ugc2hvdWxkbid0IGJlIGFza2luZyBzdWNoIGEgdGhpbmch,,,,,W0x1a2llXQpPIGF2ZW50dXJlaXJvIHRlbSBtYWlzIG8gcXVlIGZhemVyISBWb2PDqiBuw6NvIGRldmVyaWEgcGVkaXIgYWxnbyBhc3NpbSE=,,W0x1a2llXQrCoUVsIHRyb3RhbXVuZG9zIG5vIHRpZW5lIHRpZW1wbyEgwqFObyBkZWJlcsOtYXMgcHJlZ3VudGFyIGFsZ28gYXPDrSE=
NSShBw,,W01hZ2VudGFdCkkgc2VlLi4uIFBsZWFzZSBjb21lIGJhY2sgaWYgeW91IHJlbWVtYmVyIGl0IGxhdGVyIG9uLiBJIHdpbGwgYmUgd2FpdGluZyBmb3IgeW91LiBCeWUuLi4gdGhlbi4=,,,,,W01hZ2VudGFdCkVudGVuZG8uLi4gUG9yIGZhdm9yLCB2b2x0ZSBkZXBvaXMgc2UgbGVtYnJhci4gRXN0YXJlaSBlc3BlcmFuZG8gdm9jw6ouIEVudMOjby4uLiBhZGV1cy4=,,W01hZ2VudGFdCllhIHZlby4uLiBSZWdyZXNhIHNpIHRlIGFjdWVyZGFzIG3DoXMgYWRlbGFudGUuIFRlIGVzdGFyw6kgZXNwZXJhbmRvLiBBZGnDs3Mu
NiShBw,,W1Jvb2tpZV0KU2VlIHlvdSBsYXRlci4gQmUgY2FyZWZ1bC4=,,,,,W0x1a2llXQpWZWpvIHZvY8OqIGRlcG9pcy4gVGVuaGEgY3VpZGFkby4=,,W0x1a2llXQpIYXN0YSBsdWVnby4gVGVuIGN1aWRhZG8u
NyShBw,,W1Jvb2tpZV0KSG93IGRpZCB5b3UgZ2V0IGluIGhlcmU/IFVubGVzcyB5b3UgYXJlIGEgc3RhZmYsIHlvdSBtdXN0IGxlYXZlLg==,,,,,W0x1a2llXQpDb21vIHZvY8OqIGVudHJvdSBhcXVpPyBBIG1lbm9zIHF1ZSBmYcOnYSBwYXJ0ZSBkbyBxdWFkcm8gZGUgZnVuY2lvbsOhcmlvcywgdm9jw6ogZGV2ZSBpciBlbWJvcmEu,,W0x1a2llXQrCv0PDs21vIGVudHJhc3RlPyBBIG1lbm9zIHF1ZSBzZWFzIHBhcnRlIGRlbCBwZXJzb25hbCwgZGViZXMgaXJ0ZS4=
OCShBw,,RGVubnk=,,,,,RGVubnk=,,RGVubnk=
OSShBw,,Q3lhbg==,,,,,Q3lhbg==,,Q3lhbg==
OiShBw,,TWFnZW50YQ==,,,,,TWFnZW50YQ==,,TWFnZW50YQ==
OyShBw,,TWFzdGVy,,,,,Q2hlZmU=,,SmVmZQ==
PCShBw,,W01hc3Rlcl0KWW91IGhhdmUgdG9vIG1hbnkgaXRlbXMgaW4geW91ciBpbnZlbnRvcnkuIFdoeSBkb24ndCB5b3UgY29tZSBiYWNrIGFmdGVyIG1ha2luZyBpdCBsaWdodGVyPyBJdCBsb29rcyB0b28gaGVhdnku,,,,,W0NoZWZlXQpWb2PDqiB0ZW0gbXVpdG9zIGl0ZW5zIGVtIHNldSBpbnZlbnTDoXJpby4gUG9yIHF1ZSBuw6NvIHZvbHRhIGRlcG9pcyBxdWUgbGliZXJhciB1bSBwb3VjbyBkZSBlc3Bhw6dvPyBQYXJlY2UgdMOjbyBwZXNhZG8u,,W0plZmVdClRpZW5lcyBkZW1hc2lhZG9zIG9iamV0b3MgZW4gdHUgaW52ZW50YXJpby4gwr9Qb3IgcXXDqSBubyByZWdyZXNhcyBkZXNwdcOpcyBkZSBxdWl0YXIgYWxndW5hcyBjb3Nhcz8gUGFyZWNlIGRlbWFzaWFkbyBwZXNhZG8u
PSShBw,,W01hc3Rlcl0KQXV0aG9yaXplZCBQZXJzb25uZWwgT25seS4gU3RheSBhd2F5Lg==,,,,,W0NoZWZlXQpTb21lbnRlIHBlc3NvYXMgYXV0b3JpemFkYXMuIE7Do28gc2UgYXByb3hpbWUu,,W0plZmVdClNvbG8gcGVyc29uYWwgYXV0b3JpemFkby4gTWFudMOpbmdhc2UgYWxlamFkby4=
PiShBw,,W01hc3Rlcl0KV2VsY29tZSBiYWNrLCBhZHZlbnR1cmVyLiBEaWQgeW91IGhhdmUgYSBnb29kIHJlc3QgbWVudGFsbHkgYW5kIHBoeXNpY2FsbHk/,,,,,W0NoZWZlXQpPbMOhIGRlIG5vdm8uIERlc2NhbnNvdSBiZW0gc2V1IGNvcnBvIGUgc3VhIG1lbnRlPw==,,W0plZmVdCkhvbGEgZGUgbnVldm8sIHRyb3RhbXVuZG9zLiDCv0Rlc2NhbnNhc3RlIGJpZW4gbWVudGFsIHkgZsOtc2ljYW1lbnRlPw==
PyShBw,,W01hc3Rlcl0KTGFzdCBuaWdodCwgbWFueSB3ZWFwb25zIHdlcmUgbm90IHJldHVybmVkLiBJIHJlYWxseSBoYXZlIHRvIHRlYWNoIHRoZXNlIGd1eXMgc29tZSBsZXNzb24uLi4=,,,,,W0NoZWZlXQpWw6FyaWFzIGFybWFzIG7Do28gZm9yYW0gZGV2b2x2aWRhcyBvbnRlbSDDoCBub2l0ZS4gUHJlY2lzbyBlbnNpbmFyIHVtYSBsacOnw6NvIGEgZXNzYXMgcGVzc29hcy4uLg==,,W0plZmVdCkFub2NoZSBtdWNoYXMgYXJtYXMgbm8gc2UgZGV2b2x2aWVyb24uIFJlYWxtZW50ZSwgdGVuZ28gcXVlIGRhcmxlcyB1bmEgbGVjY2nDs24gYSBlc3RvcyB0aXBvcy4uLg==
QCShBw,,W01hc3Rlcl0KQW55d2F5LCBJIHdpbGwgY291bnQgb24geW91LiBeMDAwMENER28gZG93biBmcm9tIEVpbmJlY2ggYW5kIGZpbmQgU3VzcGljaW91cyBIZWFwIG9mIEVhcnRoXjAwMDAwMCBhbmQgaW52ZXN0aWdhdGUgaXQuIFRoZW4gXjAwMDBDRGJyaW5nIGFib3V0IHRocmVlIGJyb2tlbiBndW5zXjAwMDAwMCBwbGVhc2Uu,,,,,W0NoZWZlXQpEZSBxdWFscXVlciBmb3JtYSwgZXN0b3UgY29udGFuZG8gY29tIHZvY8OqLiBeMDAwMENEVsOhIHBhcmEgYmFpeG8gZGUgRWluYmVjaCwgZW5jb250cmUgdW0gTW9udGUgZGUgVGVycmEgU3VzcGVpdG9eMDAwMDAwIGUgaW52ZXN0aWd1ZS1vLiBFbSBzZWd1aWRhLCBeMDAwMENEdHJhZ2EgMyBBcm1hcyBRdWVicmFkYXNeMDAwMDAwLg==,,W0plZmVdCkRlIHRvZG9zIG1vZG9zLCBjdWVudG8gY29udGlnby4gXjAwMDBDRFZlIGFsIHN1ciBkZSBFaW5iZWNoLCBidXNjYSBlbCBtb250w61jdWxvIHNvc3BlY2hvc28gZGUgdGllcnJhXjAwMDAwMCB5IGF2ZXJpZ3VhIHF1w6kgaGF5IGFow60uIEx1ZWdvLCBeMDAwMENEdHJhZSB1bmFzIDMgQXJtYXMgUm90YXNeMDAwMDAwLg==
QSShBw,,W01hc3Rlcl0KQWR2ZW50dXJlciwgcGxlYXNlIHRha2UgYSBnb29kIHJlc3QgdG9kYXkuIFlvdSBtdXN0IHRha2Ugb2YgeW91cnNlbGYu,,,,,W0NoZWZlXQpBdmVudHVyZWlybywgZGVzY2Fuc2UgYmVtIGhvamUuIFZvY8OqIHByZWNpc2Egc2UgY3VpZGFyLg==,,W0plZmVdClRyb3RhbXVuZG9zLCBhcHJvdmVjaGEgaG95IHBhcmEgZGVzY2Fuc2FyLiBEZWJlcyBjdWlkYXJ0ZS4=
QiShBw,,W01hc3Rlcl0KSSB3aWxsIHNlZSB5b3UgdG9tb3Jyb3cu,,,,,W0NoZWZlXQpWZWpvIHZvY8OqIGFtYW5ow6Mu,,W0plZmVdClRlIHZlcsOpIG1hw7FhbmEu
QyShBw,,W01hc3Rlcl0KSGEuLi4uLi4uLi4uLiBUaGVyZSBhcmUgc28gbWFueSBndXlzIHdobyBkaWQgbm90IHJldHVybiB0aGVpciB3ZWFwb25zLg==,,,,,W0NoZWZlXQpIYS4uLiBNdWl0YXMgcGVzc29hcyBuw6NvIGRldm9sdmVyYW0gc3VhcyBhcm1hcy4=,,W0plZmVdCkphLi4uIEhheSBtdWNob3MgdGlwb3MgcXVlIG5vIGRldm9sdmllcm9uIHN1cyBhcm1hcy4=
RCShBw,,W3swfV0KV2VsbC4uLg==,,,,,W3swfV0KQmVtLi4u,,W3swfV0KQnVlbm8uLi4=
RSShBw,,W01hc3Rlcl0KV2VsY29tZSwgYWR2ZW50dXJlci4gWW91IGNhbWUgYmFjayBlYXJsaWVyIHRoYW4gd2UgZXhwZWN0ZWQuIERpZG4ndCB0aGUgR3J1ZGdlcyBhdHRhY2sgeW91Pw==,,,,,W0NoZWZlXQpCb2FzLXZpbmRhcywgdmlhamFudGUuIFZvY8OqIHZvbHRvdSBtYWlzIGNlZG8gZG8gcXVlIGVzcGVyw6F2YW1vcy4gT3MgUmFuY29yZXMgbsOjbyBhdGFjYXJhbSB2b2PDqj8=,,W0plZmVdCkhvbGEsIHRyb3RhbXVuZG9zLiBSZWdyZXNhc3RlIGFudGVzIGRlIGxvIHF1ZSBlc3BlcsOhYmFtb3MuIMK/Tm8gdGUgYXRhY2Fyb24gbG9zIFJlbmNvcmVzPw==
RiShBw,,W01hc3Rlcl0KU28geW91J3ZlIGJyb3VnaHQgd2hhdCBJIHRvbGQgeW91PyBMZXQncyBzZWUuLi4=,,,,,W0NoZWZlXQpFbnTDo28gdm9jw6ogdHJvdXhlIG8gcXVlIHBlZGk/IFZlamFtb3MuLi4=,,W0plZmVdCsK/VHJhamlzdGUgbG8gcXVlIHRlIGRpamU/IFZlYW1vcy4uLg==
RyShBw,,W01hc3Rlcl0KTXkgZ29kLi4uIEl0J3MgYW1hemluZy4gWW91J3ZlIHJlY2xhaW1lZCBhbGwgdGhlc2Ugd2VhcG9ucyBpbiB0aGF0IHNob3J0IHRpbWUuIFRoZXkndmUgYmVlbiBoaWRpbmcgc28gbWFueSB3ZWFwb25zIGV2ZXJ5d2hlcmUu,,,,,W0NoZWZlXQpNZXUgRGV1cy4uLiDDiSBpbmNyw612ZWwuIFZvY8OqIHJlY3VwZXJvdSB0b2RhcyBlc3NhcyBhcm1hcyBlbSB0w6NvIHBvdWNvIHRlbXBvLiBFbGVzIHbDqm0gZXNjb25kZW5kbyB2w6FyaWFzIGFybWFzIHBvciB0b2RhIHBhcnRlLg==,,W0plZmVdClBvciB0b2RvcyBsb3MgZGlvc2VzLi4uIEVzIGluY3Jlw61ibGUuIFJlY3VwZXJhc3RlIHRvZGFzIGVzdGFzIGFybWFzIGVuIHRhbiBwb2NvIHRpZW1wby4gSGFuIGVzdGFkbyBlc2NvbmRpZW5kbyBtdWNoYXMgYXJtYXMgcG9yIHRvZGFzIHBhcnRlcy4=
SCShBw,,W01hc3Rlcl0KV2hvIGRpZCB0aGlzPw==,,,,,W0NoZWZlXQpRdWVtIGZleiBpc3NvPw==,,W0plZmVdCsK/UXVpw6luIGhpem8gZXN0bz8=
SSShBw,,W01hc3Rlcl0KQ29tZSBoZXJlLg==,,,,,W0NoZWZlXQpWZW5oYSBhcXVpLg==,,W0plZmVdClZlbiBhcXXDrS4=
SiShBw,,W01hc3Rlcl0KV2UgY2FuIGZpbmQgd2hvIGRpZCBoZSBieSBpbnNwZWN0aW9uLiBOb3cgSSB3aWxsIGdpdmUgeW91IGEgY2hhbmNlIHRvIHN1cnJlbmRlciB5b3Vyc2VsZi4=,,,,,W0NoZWZlXQpQb2RlbW9zIGRlc2NvYnJpciBxdWVtIGZvaSBjb20gdW1hIGluc3Blw6fDo28uIERhcmVpIGEgdm9jw6ogdW1hIGNoYW5jZSBkZSBzZSBlbnRyZWdhci4=,,W0plZmVdClBvZGVtb3MgYXZlcmlndWFyIHF1acOpbiBsbyBoaXpvIG1lZGlhbnRlIHVuYSBpbnNwZWNjacOzbi4gQWhvcmEgdGUgZGFyw6kgbGEgb3BvcnR1bmlkYWQgZGUgZW50cmVnYXJ0ZS4=
SyShBw,,W0RhcnlsXQpJdCdzIG1lLi4u,,,,,W0RhcnlsXQpGdWkgZXUuLi4=,,W0RhcnlsXQpTb3kgeW8uLi4=
TCShBw,,W0RhcnlsXQpCdXQgbWFzdGVyLCBwbGVhc2UgbGlzdGVuIHRvIG1lLg==,,,,,W0RhcnlsXQpNYXMgY2hlZmUsIHBvciBmYXZvciwgbWUgZXNjdXRlLg==,,W0RhcnlsXQpQZXJvLCBqZWZlLCBlc2PDumNoZW1lLg==
TSShBw,,W0RhcnlsXQpUaGF0J3Mgc29tZXRoaW5nIEkgbG9zdCBsb25nIGFnby4gVHJ1c3QgbWUuIFBsZWFzZSBsaXN0ZW4gdG8gbWUu,,,,,W0RhcnlsXQpJc3NvIMOpIGFsZ28gcXVlIHBlcmRpIGjDoSBtdWl0byB0ZW1wby4gQWNyZWRpdGUgZW0gbWltLiBQb3IgZmF2b3IsIG1lIGVzY3V0ZS4=,,W0RhcnlsXQpFc28gZXMgYWxnbyBxdWUgcGVyZMOtIGhhY2UgbXVjaG8gdGllbXBvLiBDcsOpZW1lLiBQb3IgZmF2b3IsIGVzY8O6Y2hhbWUu
TiShBw,,W01hc3Rlcl0KVHJhaW5lZSEgRHJhZyBoaW0gb3V0Lg==,,,,,W0NoZWZlXQpBcHJlbmRpeiEgQXJyYXN0ZS1vIHBhcmEgZm9yYSBkYXF1aS4=,,W0plZmVdCsKhQXByZW5kaXohIFPDoWNhbG8u
TyShBw,,W0RhcnlsXQpObyEgRG9uJ3QgZG8gdGhpcyE=,,,,,W0RhcnlsXQpOw6NvISBOw6NvIGZhw6dhIGlzc28h,,W0RhcnlsXQrCoU5vISDCoU5vIGxvIGhhZ2FzIQ==
UCShBw,,W0RhcnlsXQpQbGVhc2UgbGlzdGVuIHRvIG1lISBUcnVzdCBtZSE=,,,,,W0RhcnlsXQpQb3IgZmF2b3IsIG1lIGVzY3V0ZSEgQ29uZmllIGVtIG1pbSE=,,W0RhcnlsXQrCoVBvciBmYXZvciwgZXNjw7pjaGFtZSEgwqFDb25mw61lIGVuIG3DrSE=
USShBw,,TGV0J3MgZ28u,,,,,VmFtb3Mu,,VmFtb3Mu
UiShBw,,WW91J2QgYmV0dGVyIGdvIHdpdGhvdXQgcmVzaXN0YW5jZS4=,,,,,IMOJIG1lbGhvciB2b2PDqiBuw6NvIHJlc2lzdGlyLg==,,U2Vyw6EgbWVqb3IgcXVlIHRlIHZheWFzIHNpbiBvcG9uZXIgcmVzaXN0ZW5jaWEu
UyShBw,,W01hc3Rlcl0KSSBkb24ndCBrbm93IHdoeSBoZSBkaWQgdGhhdC4gSGUgd2FzIHRvIGJlIGNhdWdodCBhbnl3YXku,,,,,W0NoZWZlXQpOw6NvIHNlaSBwb3IgcXVlIGVsZSBmZXogYXF1aWxvLiBTZXJpYSBkZXNjb2JlcnRvIGRlIHF1YWxxdWVyIGZvcm1hLg==,,W0plZmVdCk5vIHPDqSBwb3IgcXXDqSBsbyBoaXpvLiBEZSB0b2RhcyBmb3JtYXMsIGxvIGhhYnLDrWFuIGRlc2N1YmllcnRvLg==
VCShBw,,W01hc3Rlcl0KQWR2ZW50dXJlciwgeW91IG11c3QgYmUgdGlyZWQgdG9kYXkuIFRha2UgYSByZXN0IGFuZCBjb21lIGJhY2sgYWZ0ZXIgdGhlIF4wMDAwQ0RkYXduXjAwMDAwMCB0b21vcnJvdy4=,,,,,W0NoZWZlXQpBdmVudHVyZWlybywgbyBjYW5zYcOnbyBkZXZlIGVzdGFyIGJhdGVuZG8uIERlc2NhbnNlIGUgdm9sdGUgYW1hbmjDoyBhcMOzcyBvIF4wMDAwQ0RhbWFuaGVjZXJeMDAwMDAwLg==,,W0plZmVdClRyb3RhbXVuZG9zLCBzZWd1cm8gc2llbnRlcyBjYW5zYW5jaW8uIERlc2NhbnNhIHkgcmVncmVzYSBtYcOxYW5hIGRlc3B1w6lzIGRlbCBeMDAwMENEYW1hbmVjZXJeMDAwMDAwLg==
VSShBw,,W01hc3Rlcl0KVGhhbmsgeW91IHNvIG11Y2gu,,,,,W0NoZWZlXQpWb2PDqiB0ZW0gbWluaGEgZ3JhdGlkw6NvLg==,,W0plZmVdCk11Y2hhcyBncmFjaWFzLg==
ViShBw,,W01hc3Rlcl0KWW91J3ZlIGJyb3VnaHQgZW5vdWdoIGJyb2tlbiBndW5zLiBCdXQgd2UgY2Fubm90IHVzZSB0aGVtLg==,,,,,W0NoZWZlXQpWb2PDqiB0cm91eGUgYXJtYXMgcXVlYnJhZGFzIG8gc3VmaWNpZW50ZS4gTWFzIG7Do28gcG9kZW1vcyB1c8OhLWxhcy4=,,W0plZmVdCllhIHRyYWppc3RlIHN1ZmljaWVudGVzIEFybWFzIHJvdGFzLiBQZXJvIG5vIHBvZGVtb3MgdXNhcmxhcy4=
VyShBw,,W01hc3Rlcl0KSSBndWVzcyB5b3UgaGF2ZSB0byBzZWFyY2ggYXQgbGVhc3QgZml2ZSBIZWFwIG9mIEVhcnRoIGFuZCBkZWZlYXQgYWJvdXQgZml2ZSBHcnVkZ2Uu,,,,,W0NoZWZlXQpBY2hvIHF1ZSB2b2PDqiBwcmVjaXNhIGludmVzdGlnYXIgYW8gbWVub3MgY2luY28gTW9udGVzIGRlIFRlcnJhIGUgZGVycm90YXIgY2luY28gUmFuY29yZXMu,,W0plZmVdClN1cG9uZ28gcXVlIHRpZW5lcyBxdWUgcmV2aXNhciBhbCBtZW5vcyA1IE1vbnTDrWN1bG9zIGRlIFRpZXJyYSB5IGRlcnJvdGFyIGEgdW5vcyA1IFJlbmNvcmVzLg==
WCShBw,,W01hc3Rlcl0KSSBrbm93IHlvdSB3b3JrZWQgaGFyZCBmb3IgdXMgdG8gYnJpbmcgdGhlbS4gU29ycnkgdG8gYXNrIHlvdSBvbmNlIGFnYWluLg==,,,,,W0NoZWZlXQpTZWkgcXVlIHZvY8OqIHNlIGVzZm9yw6dvdSBwYXJhIHRyYXrDqi1sYXMuIFNpbnRvIG11aXRvIHBvciBwZWRpciBvdXRybyBmYXZvciBhIHZvY8OqLg==,,W0plZmVdClPDqSBxdWUgdHJhYmFqYXN0ZSBtdWNobyBwYXJhIHRyYWVybGFzLiBQZXJkb25hIHF1ZSB0ZSBsbyBwaWRhIHVuYSB2ZXogbcOhcy4=
WSShBw,,W01hc3Rlcl0KSG1tLi4gTm90IGVub3VnaC4gSSBhc2tlZCB5b3UgdG8gYnJpbmcgXjAwMDBDRHRocmVlIEJyb2tlbiBHdW5eMDAwMDAwLg==,,,,,W0NoZWZlXQpIbW0uLiBOw6NvIMOpIG8gYmFzdGFudGUuIFBlZGkgcGFyYSB2b2PDqiB0cmF6ZXIgXjAwMDBDRDMgQXJtYXMgUXVlYnJhZGFzXjAwMDAwMC4=,,W0plZmVdCk1tbS4uLiBObyBlcyBzdWZpY2llbnRlLiBUZSBwZWTDrSBxdWUgdHJhamVyYXMgXjAwMDBDRDMgQXJtYXMgUm90YXNeMDAwMDAwLg==
WiShBw,,W01hc3Rlcl0KXjAwMDBDREdvIGRvd24gZnJvbSBFaW5iZWNoXjAwMDAwMCBhbmQgaW52ZXN0aWdhdGUgU3VzcGljaW91cyBIZWFwIG9mIGVhcnRoXjAwMDAwMCBpbiBzZXZlcmFsIHBsYWNlcy4gVGhlbiB5b3UgY2FuIGZpbmQgdGhlbS4=,,,,,W0NoZWZlXQpeMDAwMENEVsOhIHBhcmEgYmFpeG8gZGUgRWluYmVjaF4wMDAwMDAgZSBpbnZlc3RpZ3VlIE1vbnRlcyBkZSBUZXJyYSBTdXNwZWl0b3NeMDAwMDAwIGVtIHbDoXJpb3MgbHVnYXJlcy4gQXNzaW0sIHZvY8OqIGFzIGVuY29udHJhcsOhLg==,,W0plZmVdCl4wMDAwQ0RWZSBhbCBzdXIgZGUgRWluYmVjaF4wMDAwMDAgZSBpbnZlc3RpZ2EgTW9udMOtY3Vsb3Mgc29zcGVjaG9zb3MgZGUgdGllcnJhXjAwMDAwMCBlbiB2YXJpb3MgbHVnYXJlcy4gQWjDrSBwb2Ryw6FzIGVuY29udHJhcmxhcy4=
WyShBw,,W01hc3Rlcl0KU2luY2UgdGhlcmUgYXJlIEdydWRnZXMsIEkga25vdyBpdCdzIG5vdCBlYXN5LiBCdXQgd2Ugd2lsbCBjb3VudCBvbiB5b3Uu,,,,,W0NoZWZlXQpDb20gb3MgUmFuY29yZXMsIGlzc28gbsOjbyBzZXLDoSBmw6FjaWwuIE1hcyBlc3RhbW9zIGNvbnRhbmRvIGNvbSB2b2PDqi4=,,W0plZmVdClPDqSBxdWUgbm8gc2Vyw6EgZsOhY2lsIHBvcnF1ZSB0ZSBlbmNvbnRyYXLDoXMgY29uIFJlbmNvcmVzLiBQZXJvIGNvbnRhbW9zIGNvbnRpZ28u
XCShBw,,W01hc3Rlcl0KV2VsY29tZSBiYWNrLiBIYXZlIHlvdSBicm91Z2h0IHdoYXQgSSBhc2sgeW91IGZvcj8=,,,,,W0NoZWZlXQpPbMOhIGRlIG5vdm8uIFRyb3V4ZSBvIHF1ZSBsaGUgcGVkaT8=,,W0plZmVdCkhvbGEgZGUgbnVldm8uIMK/VHJhamlzdGUgbG8gcXVlIHRlIHBlZMOtPw==
XSShBw,,W01hc3Rlcl0KWW91IGhhdmUgYnJvdWdodCBlbm91Z2ggYW1vdW50LiBUaGFuayB5b3Ugc28gbXVjaC4=,,,,,W0NoZWZlXQpWb2PDqiB0cm91eGUgbyBzdWZpY2llbnRlLiBWb2PDqiB0ZW0gbWluaGEgZ3JhdGlkw6NvLg==,,W0plZmVdClBhcmVjZSBxdWUgdHJhamlzdGUgbG8gc3VmaWNpZW50ZS4gTXVjaGFzIGdyYWNpYXMu
XiShBw,,W01hc3Rlcl0KQnkgdGhlIHdheSwgaGUgc2hvdWxkIGJlIGhlcmUgbm93Lg==,,,,,W0NoZWZlXQpGYWxhbmRvIG5pc3NvLCBlbGUgZGV2ZXJpYSBlc3RhciBhcXVpIGFnb3JhLg==,,W0plZmVdClBvciBjaWVydG8sIHlhIGRlYmVyw61hIGVzdGFyIGFxdcOtLg==
XyShBw,,W0RhcnlsXQpJJ20gaGVyZS4=,,,,,W0RhcnlsXQpFc3RvdSBhcXVpLg==,,W0RhcnlsXQpFc3RveSBhcXXDrS4=
YCShBw,,W01hc3Rlcl0KQW5kIHlvdXIgd2VhcG9uPw==,,,,,W0NoZWZlXQpFIHN1YSBhcm1hPw==,,W0plZmVdCsK/WSB0dSBhcm1hPw==
YSShBw,,W0RhcnlsXQpJIGRvbid0IGhhdmUgaXQu,,,,,W0RhcnlsXQpOw6NvIGVzdMOhIGNvbWlnby4=,,W0RhcnlsXQpObyBsYSB0ZW5nby4=
YiShBw,,W01hc3Rlcl0KV2h5IG5vdD8=,,,,,W0NoZWZlXQpQb3IgcXVlIG7Do28/,,W0plZmVdCsK/UG9yIHF1w6kgbm8/
YyShBw,,W0RhcnlsXQpJIGxvc3QgaXQu,,,,,W0RhcnlsXQpFdSBhIHBlcmRpLg==,,W0RhcnlsXQpMYSBwZXJkw60u
ZCShBw,,W01hc3Rlcl0KSGVjaywgZ29vZCBqb2Iu,,,,,W0NoZWZlXQpBaCwgcXVlIGJlbG8gdHJhYmFsaG8u,,W0plZmVdCkJ1ZW4gdHJhYmFqby4=
ZSShBw,,W0RhcnlsXQpXZWxsLCBub3Qgc3VjaCBhIGdvb2Qgam9iLg==,,,,,W0RhcnlsXQpCZW0sIG7Do28gZm9pIHTDo28gYmVsbyBhc3NpbS4=,,W0RhcnlsXQpCdWVubywgdW4gdHJhYmFqbyBubyB0YW4gYnVlbm8u
ZiShBw,,W01hc3Rlcl0KWW91IGRpZCBhIGdyZWF0IGpvYi4gU28geW91J2xsIGxvc2UgeW91ciB3ZWFwb24gYWdhaW4sIHdvbid0IHlvdT8=,,,,,W0NoZWZlXQpWb2PDqiBmZXogdW0gYm9tIHRyYWJhbGhvLiBFbnTDo28gdmFpIHBlcmRlciBzdWEgYXJtYSBub3ZhbWVudGUsIG7Do28gdmFpPw==,,W0plZmVdCkhpY2lzdGUgdW4gZ3JhbiB0cmFiYWpvLiBBc8OtIHF1ZSB2b2x2ZXLDoXMgYSBwZXJkZXIgdHUgYXJtYSwgwr9ubz8=
ZyShBw,,W0RhcnlsXQpOby4=,,,,,W0RhcnlsXQpOw6NvLg==,,W0RhcnlsXQpOby4=
aCShBw,,W01hc3Rlcl0KV2hhdCBkaWQgSSB0ZWxsIHlvdT8gWW91IGNhbiBsb3N0IHlvdXJzZWxmLCBidXQgbmV2ZXIgbG9zZSB5b3VyIHdlYXBvbiE=,,,,,W0NoZWZlXQpPIHF1ZSBldSBsaGUgZGlzc2U/IFZvY8OqIHBvZGUgcGVyZGVyIGF0w6kgc3VhIGNhYmXDp2EsIG1hcyBudW5jYSBwZXJjYSBzdWEgYXJtYSE=,,W0plZmVdCsK/UXXDqSB0ZSBkaWplPyBQdWVkZXMgcGVyZGVydGUgYSB0aSBtaXNtbywgwqFwZXJvIG51bmNhIHBpZXJkYXMgdHUgYXJtYSE=
aSShBw,,W0RhcnlsXQpTb3JyeS4=,,,,,W0RhcnlsXQpEZXNjdWxwZS4=,,W0RhcnlsXQpMbyBzaWVudG8u
aiShBw,,W01hc3Rlcl0KSXQgZG9lc24ndCBsb29rIGxpa2UgYW4gYXR0aXR1ZGUgb2Ygc29tZW9uZSB3aG8ncyBzb3JyeS4gWW91IGxvc3Qgc29tZXRoaW5nIHlvdSBib3Jyb3dlZC4gTm93IGdpdmUgbWUgeW91cnMu,,,,,W0NoZWZlXQpFc3NhIG7Do28gcGFyZWNlIGEgYXRpdHVkZSBkZSBhbGd1w6ltIHF1ZSBzZW50ZSBtdWl0by4gVm9jw6ogcGVyZGV1IGFsZ28gcXVlIHRpbmhhIHBlZ28gZW1wcmVzdGFkby4gQWdvcmEsIG1lIGTDqiBhIHN1YS4=,,W0plZmVdCk5vIHBhcmVjZSBsYSBhY3RpdHVkIGRlIGFsZ3VpZW4gcXVlIGxvIHNpZW50ZS4gUGVyZGlzdGUgYWxnbyBxdWUgdGUgcHJlc3Rhcm9uLiBBaG9yYSBkYW1lIGxhIHR1eWEu
ayShBw,,W0RhcnlsXQpObyEgTmV2ZXIhIERvbid0IHRvdWNoIG1lISBZaWtlcyE=,,,,,W0RhcnlsXQpOw6NvISBOdW5jYSEgTsOjbyBlbmNvc3RlIGVtIG1pbSEgQ2FyYW1iYSE=,,W0RhcnlsXQrCoU5vISDCoU51bmNhISDCoU5vIG1lIHRvcXVlcyEgwqFBeSE=
bCShBw,,W3swfV0KV2VsbC4uLiBDYW4gSSBsZWF2ZSBub3c/,,,,,W3swfV0KQmVtLi4uIFBvc3NvIGlyIGFnb3JhPw==,,W3swfV0KQnVlbm8uLi4gwr9QdWVkbyBpcm1lIGFob3JhPw==
bSShBw,,W0RhcnlsXQpObywgeW91IGNhbid0ISBJIGRvbid0IGtub3cgd2hvIHlvdSBhcmUuIEJ1dCBwbGVhc2Ugc2F2ZSBtZSE=,,,,,W0RhcnlsXQpOw6NvLCBuw6NvIHBvZGUhIE7Do28gc2VpIHF1ZW0gdm9jw6ogw6kuIE1hcyBtZSBzYWx2ZSwgcG9yIGZhdm9yIQ==,,W0RhcnlsXQrCoU5vLCBubyBwdWVkZXMhIE5vIHPDqSBxdWnDqW4gZXJlcyB0w7ouIMKhUGVybywgcG9yIGZhdm9yLCBzw6FsdmFtZSE=
biShBw,,W01hc3Rlcl0KUmlnaHQhIFdlIGhhdmUgdG8gY29tcGVuc2F0ZSB5b3UuIEZpcnN0LCBsZXQncyBzZWUgd2hvIHRocmV3IHRoaXMgYXdheS4=,,,,,W0NoZWZlXQpDZXJ0byEgUHJlY2lzYW1vcyByZWNvbXBlbnNhciB2b2PDqi4gUHJpbWVpcm8sIHZhbW9zIGRlc2NvYnJpciBxdWVtIGpvZ291IGlzc28gZm9yYS4=,,W0plZmVdCsKhQ2llcnRvISBUZW5lbW9zIHF1ZSBjb21wZW5zYXJ0ZS4gUHJpbWVybywgdmVhbW9zIHF1acOpbiB0aXLDsyBlc3RvLg==
byShBw,,W01hc3Rlcl0KTGV0J3Mgc2VlLi4uIFdobyB0aHJldyB0aGlzIGF3YXkuLj8gVGhlIHNlcmlhbCBudW1iZXJzIGFyZS4uLg==,,,,,W0NoZWZlXQpWZWphbW9zLi4uIFF1ZW0gam9nb3UgaXNzbyBmb3JhPyBPIG7Dum1lcm8gZGUgc8OpcmllIMOpLi4u,,W0plZmVdClZlYW1vcy4uLiDCv1F1acOpbiB0aXLDsyBlc3RvLi4uPyBMb3MgbsO6bWVyb3MgZGUgc2VyaWUgc29uLi4u
cCShBw,,W01hc3Rlcl0KLi4uIERhcnlsPw==,,,,,W0NoZWZlXQouLi4gRGFyeWw/,,W0plZmVdCi4uLiDCv0RhcnlsPw==
cSShBw,,W0RhcnlsXQpZZWFoLCBodWg/,,,,,W0RhcnlsXQpIbW0sIHNpbT8=,,W0RhcnlsXQpNbW0sIMK/c8OtPw==
ciShBw,,W01hc3Rlcl0KVGhlIHdlYXBvbiB5b3UgYm9ycm93ZWQgbGFzdCB0aW1lLi4gWW91IHNhaWQgeW91IGxvc3QgaXQsIGRpZG4ndCB5b3U/,,,,,W0NoZWZlXQpBIGFybWEgcXVlIHZvY8OqIHBlZ291IGVtcHJlc3RhZGEgZGEgw7psdGltYSB2ZXouLi4uIFZvY8OqIGRpc3NlIHF1ZSB0aW5oYSBwZXJkaWRvLCBuw6NvIGZvaT8=,,W0plZmVdCkVsIGFybWEgcXVlIHRvbWFzdGUgcHJlc3RhZGEgbGEgw7psdGltYSB2ZXouLi4gRGlqaXN0ZSBxdWUgbGEgaGFiw61hcyBwZXJkaWRvLCDCv25vPw==
cyShBw,,W0RhcnlsXQpNeSBnb2QuIFdoeSBpcyBpdCB0aGVyZS4uLg==,,,,,W0RhcnlsXQpNZXUgRGV1cy4gUG9yIHF1ZSBlc3TDoSBhbGk/,,W0RhcnlsXQpQb3IgdG9kb3MgbG9zIGRpb3Nlcy4gwr9Qb3IgcXXDqSBlc3TDoSBhaMOtLi4uPw==
dCShBw,,W01hc3Rlcl0KWW91IGJlZ2dlZCBtZSBmb3IgdGhlIHdlYXBvbiEhIEp1c3QgYmVjYXVzZSBpdCdzIG5vdCB5b3VycywgeW91IGJyb2tlIGl0IGxpa2UgdGhpcyBhbmQgdGhyZXcgaXQgYXdheT8gV2h5IGRpZG4ndCB5b3UgZG8gdGhpcyB0byB5b3VyIG93biB3ZWFwb24/,,,,,W0NoZWZlXQpWb2PDqiBtZSBpbXBsb3JvdSBwZWxhIGFybWEhISBTw7MgcG9ycXVlIG7Do28gw6kgc3VhLCB2b2PDqiBhIHF1ZWJyb3UgZGVzc2EgZm9ybWEgZSBqb2dvdSBmb3JhPyBQb3IgcXVlIG7Do28gZmV6IGlzc28gY29tIHN1YSBwcsOzcHJpYSBhcm1hPw==,,W0plZmVdCsKhTWUgc3VwbGljYXN0ZSBxdWUgdGUgZGllcmEgZWwgYXJtYSEgwr9Tb2xvIHBvcnF1ZSBubyBlcyB0dXlhIGxhIHJvbXBpc3RlIGFzw60geSBsYSB0aXJhc3RlPyDCv1BvciBxdcOpIG5vIGhpY2lzdGUgZXN0byBjb24gdHUgcHJvcGlhIGFybWE/
dSShBw,,W0RhcnlsXQpNeSBMYWR5ISEgSSBoYXZlIHRvIHRyZWFzdXJlIGl0ISEh,,,,,W0RhcnlsXQpNaW5oYSBEYW1hISEgUHJlY2lzbyBjdWlkYXIgZGVsYSEhIQ==,,W0RhcnlsXQrCoU1pIGRhbWEhIMKhVGVuZ28gcXVlIGN1aWRhcmxhIQ==
diShBw,,W01hc3Rlcl0KVGhpcyBpcyBub3QgdGhlIGZpcnN0IHRpbWUgYW5kIEkgaGF2ZSB0aGUgc21va2luZyBndW4gaGVyZS4gWW91IGhhdmUgbm90aGluZyB0byBzYXkgbm93IQ==,,,,,W0NoZWZlXQpFc3NhIG7Do28gw6kgYSBwcmltZWlyYSB2ZXosIGUgdGVuaG8gYSBhcm1hIGZ1bWVnYW50ZSBhcXVpLiBWb2PDqiBuw6NvIHRlbSBuYWRhIGEgZGl6ZXIgYWdvcmEh,,W0plZmVdCk5vIGVzIGxhIHByaW1lcmEgdmV6IHkgYXF1w60gdGVuZ28gbGEgZXZpZGVuY2lhLiDCoUFob3JhIG5vIHRpZW5lcyBuYWRhIHF1ZSBkZWNpciE=
dyShBw,,W01hc3Rlcl0KV2Ugd2lsbCBrZWVwIHlvdXIgTGFkeSBmb3IgYSB3aGlsZS4gWW91IHJlZmxlY3Qgb24geW91cnNlbGYgaW4gdGhlIHRyYWluaW5nIHJvb20gZm9yIHNvbWUgdGltZSE=,,,,,W0NoZWZlXQpWYW1vcyBmaWNhciBjb20gYSBzdWEgRGFtYSBwb3IgZW5xdWFudG8uIFBhc3NlIGFsZ3VtIHRlbXBvIHJlZmxldGluZG8gbmEgc2FsYSBkZSB0cmVpbmFtZW50byE=,,W0plZmVdCk5vcyBxdWVkYXJlbW9zIGNvbiB0dSBkYW1hIHBvciB1biB0aWVtcG8uIFJlZmxleGlvbmEgc29icmUgdHVzIGFjY2lvbmVzIGVuIGxhIHNhbGEgZGUgZW50cmVuYW1pZW50byBwb3IgdW4gcmF0by4=
eCShBw,,W01hc3Rlcl0KVHJhaW5lZXMhISE=,,,,,W0NoZWZlXQpBc3Npc3RlbnRlcyEhIQ==,,W0plZmVdCsKhQXByZW5kaWNlcyE=
eSShBw,,WWVzISE=,,,,,U2ltISE=,,wqFTw60h
eiShBw,,W01hc3Rlcl0KQ29tZSBhbmQgZHJhZyBoaW0gb3V0IQ==,,,,,W0NoZWZlXQpWZW5oYW0gYXJyYXN0w6EtbG8gcGFyYSBmb3JhIGRhcXVpIQ==,,W0plZmVdCsKhVmVuZ2FuIHkgbGzDqXZlbmxvIQ==
eyShBw,,W0RhcnlsXQpXaGF0Pz8/,,,,,W0RhcnlsXQpPIHF1w6o/Pz8=,,W0RhcnlsXQrCv1F1w6k/
fCShBw,,W0RhcnlsXQpObyEgTm90IHRoZSB0YXJnZXQgcGxlYXNlISBJIGRvbid0IHdhbnQgdG8gZGllIHlldCEhISBJJ20gc29ycnkhIEl0J3MgbXkgZmF1bHQhIEknbGwgbmV2ZXIgZG8gaXQgYWdhaW4h,,,,,W0RhcnlsXQpOw6NvISBPIGFsdm8gbsOjbywgcG9yIGZhdm9yISBBaW5kYSBuw6NvIHF1ZXJvIG1vcnJlciEhISBTaW50byBtdWl0byEgQSBjdWxwYSDDqSBtaW5oYSEgTsOjbyBmYXJlaSBpc3NvIGRlIG5vdm8h,,W0RhcnlsXQrCoU5vISDCoU5vIGVsIG9iamV0aXZvLCBwb3IgZmF2b3IhIMKhTm8gcXVpZXJvIG1vcmlyIHRvZGF2w61hISDCoUxvIHNpZW50byEgwqFFcyBtaSBjdWxwYSEgwqFOdW5jYSBsbyB2b2x2ZXLDqSBhIGhhY2VyIQ==
fSShBw,,VGhpcyB0aW1lLCBJIHdpbGwgbWFrZSBubyBtaXN0YWtlIGluIHNob290aW5nLg==,,,,,RGVzc2EgdmV6LCBuw6NvIGVycmFyZW1vcyBvIHRpcm8u,,RXN0YSB2ZXosIG5vIG1lIGVxdWl2b2NhcsOpIGFsIGRpc3BhcmFyLg==
fiShBw,,W01hc3Rlcl0KWW91IG11c3QgYmUgc28gdGlyZWQgYnkgbm93LiBUYWtlIHNvbWUgcmVzdC4gQ2FuIHdlIGNvdW50IG9uIHlvdSB0b21vcnJvdz8gSWYgeW91IGFyZSBpbnRlcmVzdGVkLCBjb21lIGJhY2sgdG8gdXMgYWZ0ZXIgdGhlIGRhd24u,,,,,W0NoZWZlXQpPIGNhbnNhw6dvIGRldmUgZXN0YXIgYmF0ZW5kbyBhZ29yYS4gRGVzY2Fuc2UgdW0gcG91Y28uIFBvZGVtb3MgY29udGFyIGNvbSB2b2PDqiBhbWFuaMOjPyBTZSB0aXZlciBpbnRlcmVzc2UsIHZlbmhhIGF0w6kgbsOzcyBkZXBvaXMgZG8gYW1hbmhlY2VyLg==,,W0plZmVdClNlZ3VybyBxdWUgeWEgbm8gdGUgcXVlZGEgZW5lcmfDrWEuIERlc2NhbnNhIHVuIHBvY28uIMK/UG9kZW1vcyBjb250YXIgY29udGlnbyBtYcOxYW5hPyBTaSB0ZSBpbnRlcmVzYSwgdnVlbHZlIGEgaGFibGFyIGNvbiBub3NvdHJvcyBkZXNwdcOpcyBkZWwgYW1hbmVjZXIu
fyShBw,,W01hc3Rlcl0KSG1tLi4gTm90IGVub3VnaC4gSSBhc2tlZCB5b3UgdG8gYnJpbmcgdGhyZWUgQnJva2VuIEd1bi4=,,,,,W0NoZWZlXQpIbW0uLiBOw6NvIMOpIG8gYmFzdGFudGUuIFBlZGkgcGFyYSB2b2PDqiB0cmF6ZXIgdHLDqnMgQXJtYXMgUXVlYnJhZGFzLg==,,W0plZmVdCk1tbS4uLiBObyBlcyBzdWZpY2llbnRlLiBUZSBwZWTDrSBxdWUgdHJhamVyYXMgMyBBcm1hcyBSb3Rhcy4=
gCShBw,,W01hc3Rlcl0KR28gZG93biBmcm9tIEVpbmJlY2ggYW5kIGludmVzdGlnYXRlIFN1c3BpY2lvdXMgSGVhcCBvZiBFYXJ0aCBpbiBzZXZlcmFsIHBsYWNlcy4gVGhlbiB5b3UgY2FuIGZpbmQgdGhlbS4=,,,,,W0NoZWZlXQpWw6EgcGFyYSBiYWl4byBkZSBFaW5iZWNoIGUgaW52ZXN0aWd1ZSBNb250ZXMgZGUgVGVycmEgU3VzcGVpdG9zIGVtIHbDoXJpb3MgbHVnYXJlcy4gQXNzaW0sIHZvY8OqIGFzIGVuY29udHJhcsOhLg==,,W0plZmVdClZlIGFsIHN1ciBkZSBFaW5iZWNoIGUgaW52ZXN0aWdhIE1vbnTDrWN1bG9zIHNvc3BlY2hvc29zIGRlIHRpZXJyYSBlbiB2YXJpb3MgbHVnYXJlcy4gQWjDrSBwb2Ryw6FzIGVuY29udHJhcmxhcy4=
gSShBw,,W3swfV0KSGVsbG8/IGNhbiBJIHRha2UgYSBsb29rIGFyb3VuZD8=,,,,,W3swfV0KT2zDoT8gUG9zc28gb2xoYXIgYW8gcmVkb3I/,,W3swfV0Kwr9Ib2xhPyDCv1B1ZWRvIGVjaGFyIHVuIHZpc3Rhem8/
giShBw,,W01hc3Rlcl0KT2gsIHlvdSBhcmUgdGhlIGZhbW91cyBhZHZlbnR1cmVyLg==,,,,,W0NoZWZlXQpBaCwgdm9jw6ogw6kgYSBwZXNzb2EgZmFtb3NhIHF1ZSBjaGFtYW0gZGUgYXZlbnR1cmVpcm8u,,W0plZmVdCk9oLCBlcmVzIGVsIGZhbW9zbyB0cm90YW11bmRvcy4=
gyShBw,,W3swfV0KV2hhdCBhbSBJIGZhbW91cyBmb3I/,,,,,W3swfV0KUXVhbCDDqSBhIG1pbmhhIGZhbWE/,,W3swfV0Kwr9Qb3IgcXXDqSBzb3kgZmFtb3NvPw==
hCShBw,,W01hc3Rlcl0KVGhleSBzYXkgd2UgaGFkIGFuIG91dHNpZGVyIGFmdGVyIGEgbG9uZyB0aW1lLiBBbmQgdGhlIG91dHNpZGVyIHBlcnN1YWRlZCB1cyB0byBjb29wZXJhdGUgd2l0aCB0aGUgZ292ZXJubWVudC4=,,,,,W0NoZWZlXQpEaXNzZXJhbSBxdWUgYWxndcOpbSBkZSBmb3JhIGNoZWdvdSBhcXVpIGRlcG9pcyBkZSBtdWl0byB0ZW1wbyBzZW0gdmlzaXRhcy4gRSBxdWUgZXNzYSBwZXNzb2Egbm9zIGNvbnZlbmNldSBhIGNvb3BlcmFyIGNvbSBvIGdvdmVybm8u,,W0plZmVdCkRpY2VuIHF1ZSB0dXZpbW9zIHVuIGZvcmFzdGVybyBkZXNwdcOpcyBkZSBtdWNobyB0aWVtcG8uIFkgcXVlIGVsIGZvcmFzdGVybyBub3MgcGVyc3VhZGnDsyBwYXJhIHF1ZSBjb29wZXLDoXJhbW9zIGNvbiBlbCBnb2JpZXJuby4=
hSShBw,,W3swfV0KSSBoYXZlbid0IGRvbmUgc28gbXVjaC4=,,,,,W3swfV0KTsOjbyBmaXogdHVkbyBpc3NvLg==,,W3swfV0KWW8gbm8gaGljZSB0b2RvIGVzby4=
hiShBw,,W01hc3Rlcl0KQnV0IHRoYXQncyB3aGF0IEkgaGVhcmQu,,,,,W0NoZWZlXQpNYXMgZm9pIGlzc28gbyBxdWUgb3V2aS4=,,W0plZmVdClBlcm8gZXNvIGVzIGxvIHF1ZSBvw60u
hyShBw,,W3swfV0KQnkgdGhlIHdheSwgd2hhdCBpcyB0aGlzIHBsYWNlPyBTaW5jZSB0aGVyZSBhcmUgc28gbWFueSBndW5zLCBJIGd1ZXNzIHRoaXMgaXMgYW4gYXJtb3J5Lg==,,,,,W3swfV0KRmFsYW5kbyBuaXNzbywgbyBxdWUgw6kgZXN0ZSBsdWdhcj8gQ29tIHRhbnRhcyBhcm1hcyBhc3NpbSwgaW1hZ2lubyBxdWUgc2VqYSB1bSBhcnNlbmFsLg==,,W3swfV0KUG9yIGNpZXJ0bywgwr9xdcOpIGVzIGVzdGUgbHVnYXI/IENvbW8gaGF5IHRhbnRhcyBhcm1hcywgc3Vwb25nbyBxdWUgZXN0byBlcyB1bmEgYXJtZXLDrWEu
iCShBw,,W01hc3Rlcl0KU29ydCBvZi4gV2UgbGVuZCB3ZWFwb25zIGZvciBSZWJlbGxpb25zIGhlcmUu,,,,,W0NoZWZlXQpNYWlzIG91IG1lbm9zLiBFbXByZXN0YW1vcyBhcm1hcyBwYXJhIEluc3VyZ2VudGVzIGFxdWku,,W0plZmVdCkFsZ28gYXPDrS4gQXF1w60gcHJlc3RhbW9zIGFybWFzIGEgbG9zIG1pZW1icm9zIGRlIGxhIFJlYmVsacOzbi4=
iSShBw,,W3swfV0KVGhleSBoYXZlIHRoZWlyIG93biB3ZWFwb25zLiBBbmQgeW91IGxlbmQgdGhlbSBtb3JlPw==,,,,,W3swfV0KRWxlcyBqw6EgcG9zc3VlbSBhcyBwcsOzcHJpYXMgYXJtYXMgZSB2b2PDqiBlbXByZXN0YSBtYWlzPw==,,W3swfV0KVGllbmVuIHN1cyBwcm9waWFzIGFybWFzLiDCv1kgbGVzIHByZXN0YXMgbcOhcz8=
iiShBw,,W01hc3Rlcl0KWW91IGFyZSByaWdodC4gQnV0IGFjY29yZGluZyB0byB0aGUgdGFzayBhbmQgY2lyY3Vtc3RhbmNlLCBzb21ldGltZXMgd2UgbmVlZCBhZGRpdGlvbmFsIHdlYXBvbnM=,,,,,W0NoZWZlXQpWb2PDqiB0ZW0gcmF6w6NvLiBNYXMsIGRlcGVuZGVuZG8gZGEgdGFyZWZhIG91IGRhcyBjaXJjdW5zdMOibmNpYXMsIMOgcyB2ZXplcyBwcmVjaXNhbW9zIGRlIG1haXMgYXJtYXMu,,W0plZmVdClPDrSwgYXPDrSBlcy4gUGVybywgc2Vnw7puIGxhIHRhcmVhIHkgbGFzIGNpcmN1bnN0YW5jaWFzLCBhIHZlY2VzLCBuZWNlc2l0YW1vcyBtw6FzIGFybWFzLg==
iyShBw,,W01hc3Rlcl0KQW5kIGZvciBuZXdiaWVzLCB3ZSBkb24ndCBrbm93IHdoaWNoIGd1biBpcyBzdWl0YWJsZSBmb3IgZWFjaCBvZiB0aGVtLiBTbyB0aGV5IGhhdmUgdG8gdHJ5IG1hbnkgZGlmZmVyZW50IGd1bnMu,,,,,W0NoZWZlXQpRdWFudG8gYW9zIG5vdmF0b3MsIG7Do28gc2FiZW1vcyBxdWUgdGlwbyBkZSBhcm1hIMOpIG1lbGhvciBwYXJhIGNhZGEgdW0gZGVsZXMuIFBvciBpc3NvLCBwcmVjaXNhbSB0ZXN0YXIgdsOhcmlhcyBhcm1hcyBkaWZlcmVudGVzLg==,,W0plZmVdClksIGVuIGVsIGNhc28gZGUgbG9zIHByaW5jaXBpYW50ZXMsIG5vIHNhYmVtb3MgcXXDqSBhcm1hIGVzIGFkZWN1YWRhIHBhcmEgY2FkYSB1bm8gZGUgZWxsb3MuIEFzw60gcXVlIHRpZW5lbiBxdWUgcHJvYmFyIG11Y2hhcyBhcm1hcyBkaWZlcmVudGVzLg==
jCShBw,,W3swfV0KU28gdGhleSBjYW4gYm9ycm93IHRoZW0gaGVyZS4=,,,,,W3swfV0KRSBlbGVzIHBlZ2FtIGVtcHJlc3RhZG8gZGFxdWku,,W3swfV0KUG9yIGVzbywgcHVlZGVuIHBlZGlybGFzIHByZXN0YWRhcyBhcXXDrS4=
jSShBw,,W01hc3Rlcl0KWWVzLiBUaGV5IG11c3Qgd3JpdGUgZG93biB0aGUgcGVyaW9kLCBuYW1lcyBhbmQgdGhlIHB1cnBvc2Ugb24gdGhlIGxlZGdlci4gV2hlbiByZXR1cm5pbmcgdGhlbSwgdGhleSBvbmx5IGhhdmUgdG8gc2lnbi4=,,,,,W0NoZWZlXQpTaW0uIEVsZXMgZGV2ZW0gYW5vdGFyIG8gcGVyw61vZG8sIHNldXMgbm9tZXMgZSBvIHByb3DDs3NpdG8gbm8gbGl2cm8gZGUgcmVnaXN0cm9zLiBBbyBkZXZvbHbDqi1sYXMsIHPDsyBwcmVjaXNhbSBhc3NpbmFyLg==,,W0plZmVdClPDrS4gRGViZW4gYW5vdGFyIGVsIHBlcsOtb2RvLCBsb3Mgbm9tYnJlcyB5IGVsIHByb3DDs3NpdG8gZW4gZWwgbGlicm8gZGUgcmVnaXN0cm8uIEFsIGRldm9sdmVybG9zLCBzb2xvIHRpZW5lbiBxdWUgZmlybWFyLg==
jiShBw,,W3swfV0KSXQncyBpbmNvbnZlbmllbnQuIEkgdGhvdWdodCB5b3Ugd291bGQganVzdCBsZW5kIHRoZW0gd2l0aG91dCBhbnkgcHJvY2VkdXJlLg==,,,,,W3swfV0KUXVlIHRyYWJhbGhvc28uIEFjaGVpIHF1ZSB2b2PDqiBhcyBlbnRyZWdhcmlhIHNlbSBuZW5odW1hIGJ1cm9jcmFjaWEu,,W3swfV0KTm8gZXMgbXV5IHByw6FjdGljby4gUGVuc8OpIHF1ZSBsYXMgcHJlc3RhYmFuIHNpbiBuaW5nw7puIHByb2NlZGltaWVudG8u
jyShBw,,W01hc3Rlcl0KT3JpZ2luYWxseSwgdGhleSB1c2VkIHRvIGJvcnJvdyBhbmQgcmV0dXJuZWQgZ3VucyB3aXRob3V0IGhhdmluZyB0byB3cml0ZSBhbnl0aGluZy4gQnV0IGFsbW9zdCBub2JvZHkgcmV0dXJuZWQgdGhlbS4gV2UgaGF2ZSBsaW1pdGVkIHJlc291cmNlcyBzbyB3ZSBjYW5ub3QganVzdCBrZWVwIHByb2R1Y2luZyBhbmQgcHVyY2hhc2luZyBvdXIgd2VhcG9ucy4=,,,,,W0NoZWZlXQpBbnRlcywgZWxlcyBjb3N0dW1hdmFtIHBlZ2FyIGFybWFzIGVtcHJlc3RhZGFzIGUgZGV2b2x2w6otbGFzIHNlbSByZWdpc3RyYXIgbmFkYS4gTWFzIHF1YXNlIG5pbmd1w6ltIGFzIGRldm9sdmlhLiBUZW1vcyByZWN1cnNvcyBsaW1pdGFkb3MsIGVudMOjbyBuw6NvIHBvZGVtb3MgZmljYXIgcHJvZHV6aW5kbyBlIGNvbXByYW5kbyBub3NzYXMgYXJtYXMgc2VtIHBhcmFyLg==,,W0plZmVdCkFsIHByaW5jaXBpbywgc2UgcHJlc3RhYmFuIHkgZGV2b2x2w61hbiBsYXMgYXJtYXMgc2luIHRlbmVyIHF1ZSBlc2NyaWJpciBuYWRhLiBQZXJvIGNhc2kgbmFkaWUgbGFzIGRldm9sdsOtYS4gVGVuZW1vcyByZWN1cnNvcyBsaW1pdGFkb3MsIGFzw60gcXVlIG5vIHBvZGVtb3Mgc2VndWlyIHByb2R1Y2llbmRvIHkgY29tcHJhbmRvIGFybWFzIGluZGVmaW5pZGFtZW50ZS4=
kCShBw,,W01hc3Rlcl0KVGhhdCdzIGhvdyB3ZSBkZXZlbG9wZWQgYSBzeXN0ZW0gbGlrZSB0aGlzLiBJdCdzIGR1ZSB0byB0aGUgZ3V5cyBsaXZpbmcgaGVyZS4=,,,,,W0NoZWZlXQpQb3IgaXNzbywgZGVzZW52b2x2ZW1vcyBlc3NlIHNpc3RlbWEuIElzc28gw6kgY3VscGEgZG9zIGNhcmFzIHF1ZSB2aXZlbSBhcXVpLg==,,W0plZmVdClBvciBlc28sIGRlc2Fycm9sbGFtb3MgdW4gc2lzdGVtYSBjb21vIGVzdGUuIEVzIHBvciBsb3MgdGlwb3MgcXVlIHZpdmVuIGFxdcOtLg==
kSShBw,,W3swfV0KVGhpcyBpcyB0aGUgbGVkZ2VyLi4u,,,,,W3swfV0KRXNzZSDDqSBvIGxpdnJvIGRlIHJlZ2lzdHJvcy4uLg==,,W3swfV0KRXN0ZSBlcyBlbCBsaWJybyBkZSByZWdpc3Ryby4uLg==
kiShBw,,W01hc3Rlcl0KRG9uJ3Qgc2NydXRpbml6ZSBpdC4gSnVzdCBpbiBjYXNlIHlvdSBmb3Jnb3QsIHlvdSBhcmUgYW4gb3V0c2lkZXIu,,,,,W0NoZWZlXQpOw6NvIG9saGUgdGFudG8gYXNzaW0uIENhc28gdGVuaGEgZXNxdWVjaWRvLCB2b2PDqiBuw6NvIMOpIGRhcXVpLg==,,W0plZmVdCk5vIGxvIGV4YW1pbmVzIHRhbiBkZSBjZXJjYS4gUG9yIHNpIGxvIG9sdmlkYXN0ZSwgZXJlcyB1biBmb3Jhc3Rlcm8u
kyShBw,,W01hc3Rlcl0KUGxlYXNlIGtlZXAgaW4gbWluZCB0aGF0IHdlIGhhdmUgYmVlbiB0aGUgbW9zdCBteXN0ZXJpb3VzIGFuZCBleGNsdXNpdmUgb3JnYW5pemF0aW9uIGluIFNjaHdhcnR6d2FsZCBsYXRlbHku,,,,,W0NoZWZlXQpMZW1icmUtc2UgZGUgcXVlIHNvbW9zIGEgb3JnYW5pemHDp8OjbyBtYWlzIG1pc3Rlcmlvc2EgZSBleGNsdXNpdmEgZGUgU2Nod2FydHp3YWxkIHVsdGltYW1lbnRlLg==,,W0plZmVdClRlbiBlbiBjdWVudGEgcXVlIMO6bHRpbWFtZW50ZSBzb21vcyBsYSBvcmdhbml6YWNpw7NuIG3DoXMgbWlzdGVyaW9zYSB5IGV4Y2x1c2l2YSBkZSBTY2h3YXJ0endhbGQu
lCShBw,,W3swfV0KSXQncyBhbWF6aW5nLiBXaGF0IGFyZSB0aGVzZSByZWQgbGluZXM/,,,,,W3swfV0Kw4kgaW5jcsOtdmVsLiBPIHF1ZSBzw6NvIGVzc2FzIGxpbmhhcyB2ZXJtZWxoYXM/,,W3swfV0KRXMgaW5jcmXDrWJsZS4gwr9RdcOpIHNvbiBlc2FzIGzDrW5lYXMgcm9qYXM/
lSShBw,,W01hc3Rlcl0KSGEuLi4uLi4uLi4uLi4uLi4uLi4uLi4uLi4uLi4uLi4uLi4uLi4uLi4=,,,,,W0NoZWZlXQpIYS4uLg==,,W0plZmVdCkphLi4u
liShBw,,W01hc3Rlcl0KVGhvc2Ugd2hvIGRpZCBub3QgcmV0dXJuIHdlYXBvbnMu,,,,,W0NoZWZlXQpTw6NvIGFzIHBlc3NvYXMgcXVlIG7Do28gZGV2b2x2ZXJhbSBhcyBhcm1hcy4=,,W0plZmVdCkxvcyBxdWUgbm8gZGV2b2x2aWVyb24gbGFzIGFybWFzLg==
lyShBw,,W3swfV0KU28gbWFueSBvZiB0aGVtLi4gRXZlbiBpZiB5b3UgbWFuYWdlIGl0IHRob3JvdWdobHk/,,,,,W3swfV0KSMOhIHRhbnRvcyBkZWxlcy4uLiBNZXNtbyBjb20gdm9jw6ogdG9tYW5kbyB0YW50byBjdWlkYWRvPw==,,W3swfV0KSGF5IG11Y2jDrXNpbW9zLi4uIMK/SW5jbHVzbyBzaWVuZG8gdGFuIGN1aWRhZG9zbz8=
mCShBw,,W01hc3Rlcl0KU2luY2UgdGhlc2UgYXJlIG5vdCB0aGVpciBwcml2YXRlIGZpcmVhcm1zLCB0aGV5IGhhbmRsZSB0aGVtIGNhcmVsZXNzbHkuIFRoZXkgZG9uJ3QgcmVhbGl6ZSB0aGF0IHRoZXkgaGF2ZSB0byBoYW5kbGUgdGhpbmdzIHdpdGggY2FyZS4=,,,,,W0NoZWZlXQpDb21vIGVzc2FzIG7Do28gc8OjbyBhcyBhcm1hcyBwZXNzb2FpcyBkZWxlcywgZWxlcyBhcyB0cmF0YW0gZGUgcXVhbHF1ZXIgamVpdG8uIE7Do28gcGVyY2ViZW0gcXVlIGRldmVtIG1hbnVzZcOhLWxhcyBjb20gY3VpZGFkby4=,,W0plZmVdCkNvbW8gbm8gc29uIHN1cyBhcm1hcyBwZXJzb25hbGVzLCBsYXMgbWFuZWphbiBjb24gZGVzY3VpZG8uIE5vIHNlIGRhbiBjdWVudGEgZGUgcXVlIGRlYmVuIHRyYXRhciBsYXMgY29zYXMgY29uIGN1aWRhZG8u
mSShBw,,W01hc3Rlcl0KT25jZSB0aGV5IGFyZSBicm9rZW4sIHRoZXkgbXVzdCBicmluZyB0aGVtIGhlcmUgdG8gcmVwYWlyLiBCdXQgdGhleSBqdXN0IHRocm93IHRoZW0gYXdheS4gVGhleSBkb24ndCBicmluZyB0aGVtIGJhY2sgaGVyZSBldmVuIHRob3VnaCB3ZSBnaXZlIHRoZW0gcGVuYWx0eSwgY2xhaW1pbmcgdGhhdCB0aGV5IGxvc3QgdGhlbS4=,,,,,W0NoZWZlXQpRdWFuZG8gYXMgYXJtYXMgcXVlYnJhbSwgw6kgcHJlY2lzbyB0cmF6w6otbGFzIGRlIHZvbHRhIHBhcmEgc2VyZW0gcmVwYXJhZGFzLiBNYXMgZWxlcyBzaW1wbGVzbWVudGUgYXMgam9nYW0gZm9yYS4gTsOjbyBhcyB0cmF6ZW0gYXTDqSBhcXVpIG1lc21vIHF1YW5kbyBpbXBvbW9zIHVtYSBwZW5hbGlkYWRlLCBkaXplbmRvIHF1ZSBhcyBhcm1hcyBmb3JhbSBwZXJkaWRhcy4=,,W0plZmVdClVuYSB2ZXogcXVlIHNlIHJvbXBlbiwgZGViZW4gdHJhZXJsYXMgYXF1w60gcGFyYSByZXBhcmFybGFzLiBQZXJvIHNpbXBsZW1lbnRlIGxhcyB0aXJhbi4gTm8gbGFzIHRyYWVuIGRlIHZ1ZWx0YSwgYXVucXVlIGxlcyBpbXBvbmdhbW9zIHVuYSBtdWx0YSwgYWxlZ2FuZG8gcXVlIGxhcyBoYW4gcGVyZGlkby4=
miShBw,,W01hc3Rlcl0KT2ghIEdyZWF0ISBBZHZlbnR1cmVyLCBpZiB5b3UgaGF2ZSB0aW1lLCBjb3VsZCB5b3UgaGVscCB1cz8=,,,,,W0NoZWZlXQpBaCEgw5N0aW1vISBTZSB0aXZlciB0ZW1wbywgcG9kZXJpYSBub3MgYWp1ZGFyPw==,,W0plZmVdCsKhQWghIMKhR2VuaWFsISBUcm90YW11bmRvcywgc2kgdGllbmVzIHRpZW1wbywgwr9wb2Ryw61hcyBheXVkYXJub3M/
myShBw,,SSBhbHdheXMgbGlrZSB3b3JraW5nLg==,,,,,RXUgc2VtcHJlIGdvc3RlaSBkZSB0cmFiYWxoYXIu,,U2llbXByZSBtZSBoYSBndXN0YWRvIHRyYWJhamFyLg==
nCShBw,,U29ycnkuIEkgY2FuJ3Q=,,,,,RGVzY3VscGUuIE7Do28gcG9zc28u,,TG8gc2llbnRvLiBObyBwdWVkby4=
nSShBw,,W3swfV0KQWxsIG9mIGEgc3VkZGVuPyBXZWxsLCBJIGFsd2F5cyBsaWtlIHdvcmtpbmcu,,,,,W3swfV0KQXNzaW0sIGRlIHJlcGVudGU/IEJvbSwgZXUgc2VtcHJlIGdvc3RlaSBkZSB0cmFiYWxoYXIu,,W3swfV0Kwr9Bc8OtIGRlIHJlcGVudGU/IEJ1ZW5vLCBzaWVtcHJlIG1lIGhhIGd1c3RhZG8gdHJhYmFqYXIu
niShBw,,W01hc3Rlcl0KSXQncyBnb29kIGF0dGl0dWRlLiBQbGVhc2UgdGFrZSBhIGxvb2sgdGhlIGd1eXMgd2l0aCByZWQgbGluZXMuIEFuZCByZWNsYWltIHRob3NlIHdlYXBvbnMgdGhhdCB0aGV5IHRocmV3IGF3YXku,,,,,W0NoZWZlXQpFc3NhIMOpIHVtYSBib2EgYXRpdHVkZS4gT2xoZSBwYXJhIGFzIHBlc3NvYXMgY29tIGxpbmhhcyB2ZXJtZWxoYXMuIEUgcmVjdXBlcmUgYXMgYXJtYXMgcXVlIGVsYXMgam9nYXJhbSBmb3JhLg==,,W0plZmVdCkVzIHVuYSBidWVuYSBhY3RpdHVkLiBFY2hhIHVuIHZpc3Rhem8gYSBsb3MgdGlwb3MgY29uIGzDrW5lYXMgcm9qYXMgeSByZWN1cGVyYSBsYXMgYXJtYXMgcXVlIHRpcmFyb24u
nyShBw,,W01hc3Rlcl0KV2hpbGUgdGhleSBhcmUgb24gbWlzc2lvbiwgbW9zdCBvZiB0aGVtIHJlY2xhaW0gdGhlaXIgd2VhcG9ucyBvbmNlIHRoZXkgYXJlIGJyb2tlbi4gQnkgdGhlIHRpbWUgdGhleSBhcnJpdmUgYXQgRWluYmVjaCwgdGhleSB0aGluayBvZiBtZSB3aG8gc2NvbGRzIHRoZW0gYW5kIGp1c3QgdGhyb3cgdGhlIHdlYXBvbnMgYXdheS4=,,,,,W0NoZWZlXQpFbnF1YW50byBlc3TDo28gZW0gdW1hIG1pc3PDo28sIGEgbWFpb3JpYSByZWN1cGVyYSBzdWFzIGFybWFzIHF1ZWJyYWRhcy4gUXVhbmRvIGNoZWdhbSBlbSBFaW5iZWNoLCBwZW5zYW0gbmEgYnJvbmNhIHF1ZSBkb3UgbmVsZXMgZSBqb2dhbSBhcyBhcm1hcyBmb3JhLg==,,W0plZmVdCk1pZW50cmFzIGVzdMOhbiBlbiB1bmEgbWlzacOzbiwgbGEgbWF5b3LDrWEgcmVjdXBlcmEgc3VzIGFybWFzIGN1YW5kbyBlc3TDoW4gcm90YXMuIFBhcmEgY3VhbmRvIGxsZWdhbiBhIEVpbmJlY2gsIHNlIGFjdWVyZGFuIGRlIG3DrSwgcXVlIGxvcyByZWdhw7FvLCB5IHNpbXBsZW1lbnRlIHRpcmFuIGxhcyBhcm1hcyBhIGxhIGJhc3VyYS4=
oCShBw,,W01hc3Rlcl0KU29tZXRpbWVzIEkgcmVjbGFpbSB0aGVtIHdoZW4gSSBoYXZlIHRpbWUuIFNvbWV0aW1lcyBJIHNlbmQgbmV3YmllcyB0byBicmluZyB0aGUuIEJ1dCBhcyB5b3Ugc2VlLCB3ZSBoYXZlIGJlZW4gcXVpdGUgYnVzeSBsYXRlbHku,,,,,W0NoZWZlXQrDgHMgdmV6ZXMsIGV1IGFzIHJlY3VwZXJvIHF1YW5kbyB0ZW5obyB0ZW1wby4gw4BzIHZlemVzLCBlbnZpbyBub3ZhdG9zIHBhcmEgdHJhesOqLWxhcy4gTWFzLCBjb21vIHBvZGUgdmVyLCBlc3RpdmVtb3MgbXVpdG8gb2N1cGFkb3MgdWx0aW1hbWVudGUu,,W0plZmVdCkEgdmVjZXMsIGxhcyByZWN1cGVybyBjdWFuZG8gdGVuZ28gdGllbXBvLiBFbiBvY2FzaW9uZXMsIG1hbmRvIGEgbG9zIHByaW5jaXBpYW50ZXMgYSBidXNjYXJsYXMuIFBlcm8sIGNvbW8gdmVzLCBoZW1vcyBlc3RhZG8gYmFzdGFudGUgb2N1cGFkb3Mgw7psdGltYW1lbnRlLg==
oSShBw,,W01hc3Rlcl0KQW5kIG9uY2UgeW91IHRvdWNoIHRoZSB3cmVja2FnZS4uLg==,,,,,W0NoZWZlXQpFIHF1YW5kbyB2b2PDqiB0b2NhIG5vcyBkZXN0cm/Dp29zLi4u,,W0plZmVdClkgdW5hIHZleiBxdWUgdG9jYXMgbG9zIHJlc3Rvcy4uLg==
oiShBw,,W3swfV0KV2hhdCBoYXBwZW5zPw==,,,,,W3swfV0KTyBxdWUgYWNvbnRlY2U/,,W3swfV0Kwr9RdcOpIG9jdXJyZT8=
oyShBw,,W01hc3Rlcl0KT2guLi4gR3J1ZGdlcyBvZiBndW5zIGNvbWUgb3V0IGFuZCBhdHRhY2sgeW91LiBZb3UgaGF2ZSB0byBzZWUgdGhlbSB5b3Vyc2VsZi4gU2VlaW5nIGlzIGJlbGlldmluZy4=,,,,,W0NoZWZlXQpBaC4uLiBSYW5jb3JlcyBkYXMgYXJtYXMgYXBhcmVjZW0gZSBhdGFjYW0gdm9jw6ouIMOJIHByZWNpc28gdmVyIGNvbSBvcyBwcsOzcHJpb3Mgb2xob3MuIFPDsyBhc3NpbSBwYXJhIGFjcmVkaXRhci4=,,W0plZmVdCk9oLi4uIExvcyBSZW5jb3JlcyBkZSBsYXMgYXJtYXMgc2FsZW4geSB0ZSBhdGFjYW4uIFRpZW5lcyBxdWUgdmVybG9zIHTDuiBtaXNtby4gVmVyIHBhcmEgY3JlZXIu
pCShBw,,W01hc3Rlcl0KR28gYXJvdW5kIF4wMDAwQ0RzZXZlcmFsIHBsYWNlcyBpbiB0aGUgZmllbGQgYmVsb3cgRWluYmVjaCBeMDAwMDAwIGFuZCByZWNsYWltIF4wMDAwQ0RCcm9rZW4gR3Vuc14wMDAwMDAgaW5zaWRlIFN1c3BpY2lvdXMgSGVhcCBvZiBFYXJ0aC4=,,,,,W0NoZWZlXQpBbmRlIHBvciBeMDAwMENEdsOhcmlvcyBsdWdhcmVzIG5vIGNhbXBvIGFiYWl4byBkZSBFaW5iZWNoXjAwMDAwMCBlIHJlY3VwZXJlIF4wMDAwQ0RBcm1hcyBRdWVicmFkYXNeMDAwMDAwIGRlbnRybyBkZSBNb250ZXMgZGUgVGVycmEgU3VzcGVpdG9zLg==,,W0plZmVdClJlY29ycmUgXjAwMDBDRHZhcmlvcyBsdWdhcmVzIGRlbCBjYW1wbyBhbCBzdXIgZGUgRWluYmVjaCBeMDAwMDAwIHkgcmVjdXBlcmEgXjAwMDBDREFybWFzIFJvdGFzXjAwMDAwMCBkZW50cm8gZGUgbG9zIE1vbnTDrWN1bG9zIHNvc3BlY2hvc29zIGRlIHRpZXJyYS4=
pSShBw,,W01hc3Rlcl0KTGV0IG1lIHNlZSBmcm9tIHRoZSBuZXdlc3Qgb25lLi4uIEJyaW5nIF4wMDAwQ0RhYm91dCB0aHJlZSBvZiB0aGVtXjAwMDAwMCBwbGVhc2UuIElmIHlvdSBicmluZyB0b28gbWFueSBvZiB0aGVtLCBpdCB3aWxsIGJlIGhhcmQgdG8gcmVwYWlyLg==,,,,,W0NoZWZlXQpEZWl4ZS1tZSB2ZXIgcGVsYSBtYWlzIG5vdmEuLi4gVHJhZ2EgXjAwMDBDRHRyw6pzIGRlbGFzXjAwMDAwMC4gU2UgdHJvdXhlciBhcm1hcyBkZW1haXMsIHNlcsOhIGRpZsOtY2lsIHJlcGFyYXIgdG9kYXMu,,W0plZmVdCkTDqWphbWUgdmVyIGRlbCBtw6FzIG51ZXZvLi4uIFRyYWUgXjAwMDBDRDMgZGUgZWxsYXNeMDAwMDAwLiBTaSBjYXJnYXMgZGVtYXNpYWRhcywgc2Vyw6EgZGlmw61jaWwgcmVwYXJhcmxhcy4=
piShBw,,W3swfV0KQWxsIG9mIGEgc3VkZGVuPyBNYXliZSBub3Qgbm93Li4u,,,,,W3swfV0KQXNzaW0sIGRlIHJlcGVudGU/IFRhbHZleiBkZXBvaXMuLi4=,,W3swfV0Kwr9Bc8OtIGRlIHJlcGVudGU/IFF1aXrDoSBtw6FzIHRhcmRlLi4u
pyShBw,,W01hc3Rlcl0KV2VsbCwgaXQncyBub3QgdXJnZW50LiBQbGVhc2UgZmluZCB0aGVtIHdoZW4geW91IGhhdmUgdGltZS4=,,,,,W0NoZWZlXQpCZW0sIG7Do28gw6kgdXJnZW50ZS4gRW5jb250cmUtYXMgcXVhbmRvIHRpdmVyIHRlbXBvLg==,,W0plZmVdCkJ1ZW5vLCBubyBlcyB1cmdlbnRlLiBQb3IgZmF2b3IsIGVuY3XDqW50cmFsYXMgY3VhbmRvIHRlbmdhcyB0aWVtcG8u
qCShBw,,RGFyeWw=,,,,,RGFyeWw=,,RGFyeWw=
qSShBw,,VHJhaW5lZQ==,,,,,QXNzaXN0ZW50ZQ==,,QXNpc3RlbnRl
qiShBw,,U3VzcGljaW91cyBIZWFwX29mX0VhcnRo,,,,,TW9udGUgZGUgVGVycmE=,,TW9udMOtY3VsbyBkZSBUaWVycmE=
qyShBw,,W3swfV0KWW91J3ZlIHJlY2xhaW1lZCBlbm91Z2ggb2YgdGhlbS4gTGV0J3MgZ28gYmFjayB0byB0aGUgTWFzdGVyLg==,,,,,W3swfV0KSsOhIHRlbmhvIG8gYmFzdGFudGUsIHZvdSB2b2x0YXIgcGFyYSBhIENoZWZlLg==,,W3swfV0KWWEgcmVjdXBlcmFzdGUgc3VmaWNpZW50ZXMuIFZvbHZhbW9zIGNvbiBsYSBKZWZhLg==
rCShBw,,SXQncyB0aGUgSGVhcCBvZiBFYXJ0aCB3aGVyZSBCcm9rZW4gR3VucyBoYXZlIGJlZW4gYnVyaWVkLiBMZXQncyBkaWcgaXQgYW5kIHJlY2xhaW0gdGhlIGd1bnMu,,,,,IEFjaG8gcXVlIMOpIGFxdWkgb25kZSBhcyBBcm1hcyBRdWVicmFkYXMgZm9yYW0gZW50ZXJyYWRhcy4gw4kgSG9yYSBkZSBjYXZhciE=,,RXMgZWwgTW9udMOzbiBkZSBUaWVycmEgZG9uZGUgaGFuIGVudGVycmFkbyBsYXMgQXJtYXMgUm90YXMuIEV4Y2F2ZW1vcyB5IHJlY3VwZXJlbW9zIGxhcyBhcm1hcy4=
rSShBw,,QXMgeW91IGF0dGVtcHRlZCB0byByZWNsYWltIHRoZSBCcm9rZW4gR3VuLCB0aGUgSGVhcCBvZiBFYXJ0aCBtb3ZlZCBhbmQgc29tZXRoaW5nIHBvcHBlZCBvdXQgc3VkZGVubHku,,,,,RW5xdWFudG8gdm9jw6ogdGVudGF2YSByZWN1cGVyYXIgYSBBcm1hIFF1ZWJyYWRhLCBvIE1vbnRlIGRlIFRlcnJhIHNlIG1vdmV1IGUgYWxnbyBzYWx0b3UgZGUgcmVwZW50ZS4=,,TWllbnRyYXMgaW50ZW50YWJhcyByZWN1cGVyYXIgZWwgQXJtYSBSb3RhLCBlbCBNb250w61jdWxvIGRlIHRpZXJyYSBzZSBtb3Zpw7MgeSBhbGdvIGFwYXJlY2nDsyBkZSByZXBlbnRlLg==
riShBw,,R3J1ZGdlIG9mIEJyb2tlbiBHdW4=,,,,,UmFuY29yIGRlIEFybWE=,,UmVuY29yIGRlIEFybWE=
ryShBw,,V2h5IGRpZCB5b3UgYWJhbmRvbiBtZSE=,,,,,UG9yIHF1ZSB2b2PDqiBtZSBhYmFuZG9ub3U/IQ==,,wr9Qb3IgcXXDqSBtZSBhYmFuZG9uYXN0ZT8=
sCShBw,,SSdtIGV4aGF1c3RlZC4uLiBJIHdpbGwgaGF2ZSBhIGxvbmcgc2xlZXAu,,,,,RXN0b3UgdMOjbyBjYW5zYWRvLi4uIERvcm1pcmVpIHBvciBtdWl0byB0ZW1wby4=,,Tm8gbWUgcXVlZGFuIGZ1ZXJ6YXMuLi4gRG9ybWlyw6kgdW4gYnVlbiByYXRvLg==
sSShBw,,WW91IHNhaWQgeW91J2Qgc3RheSB3aXRoIG1lIGZvcmV2ZXIh,,,,,Vm9jw6ogZGlzc2UgcXVlIGZpY2Fyw61hbW9zIGp1bnRvcyBwYXJhIHNlbXByZSE=,,wqFEaWppc3RlIHF1ZSB0ZSBxdWVkYXLDrWFzIGNvbm1pZ28gcGFyYSBzaWVtcHJlIQ==
siShBw,,SSB3aWxsIGZvbGxvdyB5b3UgdGlsbCB0aGUgZW5kISEhIQ==,,,,,U2VndWlyZWkgdm9jw6ogYXTDqSBvIGZpbSE=,,wqFUZSBzZWd1aXLDqSBoYXN0YSBlbCBmaW5hbCE=
syShBw,,RGlkIHlvdSBmZWVsIGNvbWZvcnRhYmxlIGFmdGVyIGFiYW5kb25pbmcuLi4gbWU/,,,,,Vm9jw6ogc2Ugc2VudGl1IGJlbSBkZXBvaXMgZGUgbWUuLi4gYWJhbmRvbmFyPw==,,wr9UZSBzZW50aXN0ZSBtZWpvciBkZXNwdcOpcyBkZSBhYmFuZG9uYXJtZT8=
tCShBw,,SSBjYW4gbmV2ZXIgZm9yZ2l2ZSB5b3Ugd2hvIGFiYW5kb25lZCBtZSEhIQ==,,,,,TnVuY2EgcGVyZG9hcmVpIHZvY8OqIHBvciB0ZXIgbWUgYWJhbmRvbmFkbyEhIQ==,,wqFOdW5jYSBwb2Ryw6kgcGVyZG9uYXIgYSBxdWllbiBtZSBhYmFuZG9uw7Mh
tSShBw,,WW91IGNhbWUgdG8gZmluZCBtZSBmb3IgeW91cnNlbGYhISBJIGNhbid0IGZvcmdpdmUgeW91ISE=,,,,,Vm9jw6ogdmVpbyBtZSBlbmNvbnRyYXIgcG9yIGludGVyZXNzZSBwcsOzcHJpbyEhIE7Do28gcG9zc28gbGhlIHBlcmRvYXIh,,wqFWaW5pc3RlIGEgYnVzY2FybWUgcG9yIHRpIG1pc21vISDCoU5vIHB1ZWRvIHBlcmRvbmFydGUh
tiShBw,,SXQncyBiZWVuIGNvbGQgYW5kIEkgd2FzIGxvbmVseSB3YWl0aW5nIGZvciB5b3UuLi4gTGV0IHVzIGRpZSB0b2dldGhlci4=,,,,,RXN0YXZhIGZyaW8sIGUgZXNwZXJlaSBwb3Igdm9jw6ogc29saXRhcmlhbWVudGUuLi4gVmFtb3MgbW9ycmVyIGp1bnRvcy4=,,SGl6byBmcsOtbyB5IGVzdHV2ZSBlbiBsYSBzb2xlZGFkIGVzcGVyw6FuZG90ZS4uLiBWYW1vcyBhIG1vcmlyIGp1bnRvcy4=
tyShBw,,TGV0IG1lIHNob3cgeW91IHdoYXQgYSBiaWxsZXIgZ3J1ZGdlIGlzIGFsbCBhYm91dCE=,,,,,RGVpeGUtbWUgbW9zdHJhciBvIHF1ZSDDqSB1bSByYW5jb3IgZGUgdmVyZGFkZSE=,,wqFEZWphIHF1ZSB0ZSBlbnNlw7FlIGPDs21vIGxvcyBSZW5jb3JlcyBwYXNhbW9zIGZhY3R1cmEh
uCShBw,,RGlkIHlvdSBmZWVsIGdvbyBhZnRlciBhYmFuZG9uaW5nIG1lIGhlcmU/,,,,,Vm9jw6ogc2Ugc2VudGl1IGJlbSBkZXBvaXMgZGUgbWUgYWJhbmRvbmFyIGFxdWk/,,wr9UZSBzZW50aXN0ZSBiaWVuIGRlc3B1w6lzIGRlIGFiYW5kb25hcm1lIGFxdcOtPw==
uSShBw,,SSB3YW50ZWQgdG8gZ28gaG9tZSB0b28hISE=,,,,,RXUgdGFtYsOpbSBxdWVyaWEgaXIgcGFyYSBjYXNhISEh,,wqFZbyB0YW1iacOpbiBxdWVyw61hIGlybWUgYSBjYXNhIQ==
uiShBw,,SnVzdCBsZWF2ZSBtZSBhbG9uZSE=,,,,,RGVpeGUtbWUgZW0gcGF6IQ==,,wqFTb2xvIGTDqWphbWUgZW4gcGF6IQ==
uyShBw,,SSBrbmV3IHdlIHdvdWxkIG1lZXQgYWdhaW4uIEkndmUgd2FpdGluZyBmb3IgdGhpcyBkYXkgdG8ga2lsbCB5b3Uu,,,,,U2FiaWEgcXVlIG5vcyBlbmNvbnRyYXLDrWFtb3MgZGUgbm92by4gRXN0YXZhIGVzcGVyYW5kbyBwb3IgZXN0ZSBkaWEgcGFyYSBtYXRhciB2b2PDqi4=,,U2Fiw61hIHF1ZSB2b2x2ZXLDrWFtb3MgYSB2ZXJub3MuIEVzdHV2ZSBlc3BlcmFuZG8gZXN0ZSBkw61hIHBhcmEgbWF0YXJ0ZS4=
vCShBw,,QWx0aG91Z2ggSSdtIGJyb2tlbiwgSSBjYW4gc3RpbGwgZmlnaHQhISE=,,,,,TWVzbW8gcXVlYnJhZGEsIGFpbmRhIHBvc3NvIGx1dGFyISEh,,QXVucXVlIGVzdG95IHJvdG8sIMKhdG9kYXbDrWEgcHVlZG8gcGVsZWFyIQ==
vSShBw,,U28geW91IGFyZSBhYmFuZG9uaW5nIG1lIGFnYWluPyBUaGVuIGxldCBtZSBraWxsIHlvdSBmaXJzdCE=,,,,,RXN0w6EgbWUgYWJhbmRvbmFuZG8gZGUgbm92bz8gRW50w6NvIHZvdSBtYXRhciB2b2PDqiBhbnRlcyE=,,wr9Bc8OtIHF1ZSBtZSBhYmFuZG9uYXMgb3RyYSB2ZXo/IEVudG9uY2VzLCDCoWTDqWphbWUgbWF0YXJ0ZSBwcmltZXJvIQ==
viShBw,,WW91IHNhaWQgeW91IG5lZWRlZCBtZSEhISBXaHkgZGlkIHlvdSBhYmFuZG9uIG1lISE=,,,,,Vm9jw6ogZGlzc2UgcXVlIHByZWNpc2F2YSBkZSBtaW0hISEgUG9yIHF1ZSBtZSBhYmFuZG9ub3U/IQ==,,wqFEaWppc3RlIHF1ZSBtZSBuZWNlc2l0YWJhcyEgwqHCv1BvciBxdcOpIG1lIGFiYW5kb25hc3RlPyE=
vyShBw,,RGFuYWU=,,,,,RGFuYWU=,,RGFuYWU=
wCShBw,,W0RhbmFlXQpUaGlzIGlzIGRlbGljaW91cy4gTm8gbWlzc2lvbiB5ZXQ/,,,,,W0RhbmFlXQpJc3NvIMOpIGRlbGljaW9zby4gQWluZGEgc2VtIG1pc3PDtWVzPw==,,W0RhbmFlXQpFc3RvIGVzdMOhIGRlbGljaW9zby4gwr9Bw7puIG5vIGhheSBtaXNpw7NuPw==
wSShBw,,W1RvbW15XQpZZWFoLiBUaGV5IHRvbGQgbWUgdG8gc3RhbmQgYnku,,,,,W1RvbW15XQpTaW0uIERpc3NlcmFtIHBhcmEgZXNwZXJhci4=,,W1RvbW15XQpTw60uIE1lIGRpamVyb24gcXVlIGVzcGVyYXJhLg==
wiShBw,,W0RhbmFlXQpPaCwgSSdtIHdhaXRpbmcgZm9yIG15IG9mZi1kdXR5IGRheS4gSSB3aWxsIGdvIHRvIEp1bm8gdG8gZWF0IHNvbWV0aGluZyBkZWxpY2lvdXMu,,,,,W0RhbmFlXQpBaCwgZXN0b3UgZXNwZXJhbmRvIG1ldSBkaWEgZGUgZm9sZ2EuIFZvdSBhdMOpIEp1bm8gY29tZXIgYWxnbyBkZWxpY2lvc28u,,W0RhbmFlXQpFc3RveSBlc3BlcmFuZG8gbWkgZMOtYSBsaWJyZS4gSXLDqSBhIEp1bm8gYSBjb21lciBhbGdvIGRlbGljaW9zby4=
wyShBw,,VG9tbXk=,,,,,VG9tbXk=,,VG9tbXk=
xCShBw,,W1RvbW15XQpXaHkgZG8geW91IGtlZXAgd2lwaW5nIGl0Pw==,,,,,W1RvbW15XQpQb3IgcXVlIGNvbnRpbnVhIGxpbXBhbmRvIGlzc28/,,W1RvbW15XQrCv1BvciBxdcOpIHNpZ3VlcyBsaW1wacOhbmRvbG8/
xSShBw,,W0RhbmFlXQpJIGFsd2F5cyBoYXZlIHRvIHRha2UgY2FyZSBvZiBpdC4=,,,,,W0RhbmFlXQpQcmVjaXNvIHNlbXByZSBkZWl4YXIgZW0gYm9tIGVzdGFkby4=,,W0RhbmFlXQpTaWVtcHJlIHRlbmdvIHF1ZSBvY3VwYXJtZSBkZSBlc3RvLg==
xiShBw,,W1RvbW15XQpZb3UncmUgc28gZGlsaWdlbnQu,,,,,W1RvbW15XQpWb2PDqiBzZSBlc2ZvcsOnYSB0YW50by4=,,W1RvbW15XQpFcmVzIG11eSBkaWxpZ2VudGUu
xyShBw,,R3JpbmRlcg==,,,,,R3JpbmRlcg==,,R3JpbmRlcg==
yCShBw,,W0dyaW5kZXJdCk9oLCBpdCB3YXMgc28gaGFyZC4gV2Fzbid0IGl0Pw==,,,,,W0dyaW5kZXJdCkFoLCBmb2kgdMOjbyBkaWbDrWNpbC4gTsOjbyBmb2k/,,W0dyaW5kZXJdCkZ1ZSBtdXkgZGlmw61jaWwuIMK/Tm8/
ySShBw,,W0ZhbmddCk5vdCB0aGF0IGhhcmQuIERpZCBJIHRlbGwgeW91IHRoZSBzdG9yeSB3aGVuIEkgd2VudCB0byBIZXJtZXMgRmxldHVlPw==,,,,,W0ZhbmddCk7Do28gZm9pIHTDo28gZGlmw61jaWwuIEV1IGrDoSBjb250ZWkgZGEgdmV6IGVtIHF1ZSBmdWkgYXTDqSBIZXJtZXMgRmxldHVlPw==,,W0ZhbmddCk5vIGVzIHRhbiBkaWbDrWNpbC4gwr9UZSBjb250w6kgbGEgaGlzdG9yaWEgZGUgY3VhbmRvIGZ1aSBhIEhlcm1lcyBGbGV0dWU/
yiShBw,,W0dyaW5kZXJdClllcywgeW91IGRpZC4gTW9yZSB0aGFuIHRob3VzYW5kIHRpbWVzLg==,,,,,W0dyaW5kZXJdCkNvbnRvdSBzaW0uIFVtYXMgbWlsIHZlemVzLg==,,W0dyaW5kZXJdClPDrSwgbG8gaGljaXN0ZS4gTcOhcyBkZSBtaWwgdmVjZXMu
yyShBw,,W0ZhbmddCkkgdG9sZCB5b3Ugbm90IHRvIGRyaW5rIHRoZSB0ZWEgd2hpbGUgeW91IGFyZSBob2xkaW5nIHRoZSBndW4uIFdoYXQgaWYgeW91IHNwaWxsIGl0IG9uIGl0Pw==,,,,,W0ZhbmddCkV1IGRpc3NlIHBhcmEgdm9jw6ogbsOjbyBiZWJlciBvIGNow6EgZW5xdWFudG8gZXN0w6EgY29tIHVtYSBhcm1hIG5hIG3Do28uIEUgc2UgZGVycmFtYXIgZW0gY2ltYSBkZWxhPw==,,W0ZhbmddClRlIGRpamUgcXVlIG5vIGJlYmllcmFzIHTDqSBtaWVudHJhcyBzb3N0aWVuZXMgZWwgYXJtYS4gwr9ZIHNpIGxvIGRlcnJhbWFzIHNvYnJlIGVsbGE/
zCShBw,,W0dyaW5kZXJdClllYWgsIEkgd2lsbCBmaW5pc2ggZHJpbmtpbmcgZmlyc3Qu,,,,,W0dyaW5kZXJdCiDDiSwgdm91IHRlcm1pbmFyIGRlIGJlYmVyIHByaW1laXJvLg==,,W0dyaW5kZXJdClPDrSwgdGVybWluYXLDqSBkZSBiZWJlciBwcmltZXJvLg==
zSShBw,,RmFuZw==,,,,,RmFuZw==,,RmFuZw==
ziShBw,,W0ZhbmddCkknbSBzbyB0aXJlZC4gSSB3aWxsIHNsZWVwIGFmdGVyIGRyaW5raW5nIGEgY3VwIG9mIHRlYS4=,,,,,W0ZhbmddClF1ZSBjYW5zYcOnby4gVm91IGRvcm1pciBkZXBvaXMgcXVlIGJlYmVyIHVtYSB4w61jYXJhIGRlIGNow6Eu,,W0ZhbmddCkVzdG95IGFnb3RhZG8uIERvcm1pcsOpIGRlc3B1w6lzIGRlIGJlYmVyIHVuYSB0YXphIGRlIHTDqS4=
zyShBw,,W0dyaW5kZXJdCllvdSBzYWlkIE5vLjEgcHJpb3JpdHkgaXMgcmVwb3J0aW5nIGFuZCBOby4yIGlzIHRoZSBndW4sIGFmdGVyIHRoZSBtaXNzaW9uLiBEaWRuJ3QgeW91Pw==,,,,,W0dyaW5kZXJdClZvY8OqIGRpc3NlIHF1ZSBkZXBvaXMgZGEgbWlzc8OjbyBhIHByaW9yaWRhZGUgTsK6IDEgw6kgbyByZWxhdMOzcmlvIGUgYSBOwrogMiDDqSBhIGFybWEuIE7Do28gZm9pPw==,,W0dyaW5kZXJdCkRpamlzdGUgcXVlIGRlc3B1w6lzIGRlIGxhIG1pc2nDs24sIGxhIHByaW9yaWRhZCBuw7ptZXJvIDEgZXMgZWwgaW5mb3JtZSB5IGxhIG7Dum1lcm8gMiBlbCBhcm1hLiDCv0NvcnJlY3RvPw==
0CShBw,,W0ZhbmddCkkgd2lsbCBkbyBpdCBhZnRlciBzbGVlcGluZy4=,,,,,W0ZhbmddClZvdSBmYXplciBpc3NvIGRlcG9pcyBxdWUgZG9ybWlyLg==,,W0ZhbmddCkxvIGhhcsOpIGRlc3B1w6lzIGRlIGRvcm1pci4=
0SShBw,,W0dyaW5kZXJdCk9oPyBZb3Ugb25jZSB0b2xkIG1lIEkgbXVzdCBkaWUgYWZ0ZXIgdGhvc2UgTm8uMSBhbmQgTm8uMiBqb2JzIQ==,,,,,W0dyaW5kZXJdCkjDoz8gVm9jw6ogbWUgZGlzc2UgdW1hIHZleiBxdWUgc8OzIHBvc3NvIG1vcnJlciBkZXBvaXMgZGVzc2FzIGR1YXMgcHJpb3JpZGFkZXMh,,W0dyaW5kZXJdCsK/RWg/IMKhVW5hIHZleiBtZSBkaWppc3RlIHF1ZSBkZWLDrWEgbW9yaXIgZGVzcHXDqXMgZGUgZXNvcyB0cmFiYWpvcyBuw7ptZXJvIDEgeSBuw7ptZXJvIDIh
0iShBw,,W0ZhbmddClRoYXQncyBvbmx5IGZvciBuZXdiaWVzLiBOb3QgZm9yIG1lLg==,,,,,W0ZhbmddCklzc28gw6kgYXBlbmFzIHBhcmEgYW1hZG9yZXMuIE7Do28gcGFyYSBtaW0u,,W0ZhbmddCkVzbyBlcyBzb2xvIHBhcmEgbm92YXRvcy4gTm8gcGFyYSBtw60u
0yShBw,,Q29yb25h,,,,,Q3JvbmE=,,Q29yb25h
1CShBw,,W0Nvcm9uYV0KVGhpcyBsaWdodCwgc28gYmVhdXRpZnVsLiBJdCdzIHBlcmZlY3Qh,,,,,W0Nyb25hXQpFc3NhIGx1eiDDqSB0w6NvIGJvbml0YS4gw4kgcGVyZmVpdGEh,,W0Nvcm9uYV0KRXN0YSBsdXosIHRhbiBoZXJtb3NhLiDCoUVzIHBlcmZlY3RhIQ==
1SShBw,,W0Nvcm9uYV0KTG9vayBhdCB0aGlzLiBJc24ndCB0aGlzIGxpZ2h0IGJlYXV0aWZ1bD8gSXQncyBnbGFuY2VkIG9uIHRoZSBsYW1wLg==,,,,,W0Nyb25hXQpPbGhhIHPDsy4gRXNzYSBsdXogbsOjbyDDqSBib25pdGE/IEVzdMOhIHJlbHV6aW5kbyBuYSBsw6JtcGFkYS4=,,W0Nvcm9uYV0KTWlyYS4gwr9ObyBlcyBoZXJtb3NhIGVzdGEgbHV6PyBBaMOtIGVuIGxhIGzDoW1wYXJhLg==
1iShBw,,W0Nvcm9uYV0KSGEuLiBUaGlzIGlzIHBlcmZlY3QuIEkgd2lsbCB3aXBlIGl0IG1vcmUgc28gdGhhdCB0aGVyZSB3aWxsIGJlIG1vcmUgYnJpbGxpYW50IGxpZ2h0Lg==,,,,,W0Nyb25hXQpIYS4uLiBJc3NvIMOpIHBlcmZlaXRvLiBWb3UgY29udGludWFyIGxpbXBhbmRvIHBhcmEgdGVyIGFpbmRhIG1haXMgbHV6ZXMgYnJpbGhhbnRlcy4=,,W0Nvcm9uYV0KSmEuLiBFcyBwZXJmZWN0YS4gTGEgbGltcGlhcsOpIG3DoXMgcGFyYSBxdWUgaGF5YSBtw6FzIGx1eiBicmlsbGFudGUu
1yShBw,,QmVu,,,,,QmVu,,QmVu
2CShBw,,W0Jlbl0KQWgsIEknbSBzbyBodW5ncnkuIE5vdGhpbmcgaGFwcGVuZWQgZHVyaW5nIG15IHBhdHJvbCB0b2RheS4=,,,,,W0Jlbl0KQWgsIHF1ZSBmb21lLiBOw6NvIGFjb250ZWNldSBuYWRhIGR1cmFudGUgbWluaGEgcGF0cnVsaGEgaG9qZS4=,,W0Jlbl0KQWgsIHRlbmdvIGRlbWFzaWFkYSBoYW1icmUuIE5vIHBhc8OzIG5hZGEgZHVyYW50ZSBtaSBwYXRydWxsYSBkZSBob3ku
2SShBw,,W0Jlbl0KV2hhdCB3YXMgZm9yIHRoZSBkaW5uZXI/,,,,,W0Jlbl0KTyBxdWUgdGV2ZSBwYXJhIGphbnRhcj8=,,W0Jlbl0Kwr9RdcOpIGh1Ym8gcGFyYSBjZW5hcj8=
2iShBw,,TWFya21hbg==,,,,,TWFya21hbg==,,TWFya21hbg==
2yShBw,,W01hcmttYW5dCkkgbG92ZSByZWFkaW5nIGJvb2tzIGR1cmluZyBteSBuaWdodCBkdXR5LiBXaGVyZSBpcyB0aGUgZXBpc29kZSAzPw==,,,,,W01hcmttYW5dCkV1IGFkb3JvIGxlciBsaXZyb3MgZHVyYW50ZSBtZXUgdHVybm8gZGEgbm9pdGUuIE9uZGUgZXN0w6EgbyBjYXDDrXR1bG8gMz8=,,W01hcmttYW5dCk1lIGVuY2FudGEgbGVlciBsaWJyb3MgZHVyYW50ZSBtaSB0dXJubyBkZSBub2NoZS4gwr9Ew7NuZGUgZXN0w6EgZWwgZXBpc29kaW8gMz8=
3CShBw,,W01hcmttYW5dClJvb2tpZSEgV2hlcmUgaXMgdGhlIGVwaXNvZGUgMz8gUm9va2llISBSb29raWUhIQ==,,,,,W01hcmttYW5dCkx1a2llISBPbmRlIGVzdMOhIG8gY2Fww610dWxvIDM/IEx1a2llISBMdWtpZSEh,,W01hcmttYW5dCsKhTHVraWUhIMK/RMOzbmRlIGVzdMOhIGVsIGVwaXNvZGlvIDM/IMKhTHVraWUhIMKhTHVraWUh
3SShBw,,TWF5bWF5,,,,,TWF5bWF5,,TWF5bWF5
3iShBw,,W01heW1heV0KT2gsIEkgaGF2ZSB0byBmaW5pc2ggdGhpcy4uLi4genp6eg==,,,,,W01heW1heV0KQWgsIHByZWNpc28gdGVybWluYXIgZXNzLi4uIHp6eno=,,W01heW1heV0KT2gsIHRlbmdvIHF1ZSB0ZXJtaW5hciBlc3RvLi4uICpaenp6Kg==
3yShBw,,VG90dA==,,,,,VG90dA==,,VG90dA==
4CShBw,,W1RvdHRdCk5pZ2h0IGZpc2hpbmcgaXMgdGhlIGJlc3QgZmlzaGluZyBvZiBhbGwuIFRoZSBzb3VuZCBvZiB3YXRlciwgc21hbGwgbGlnaHQgYW5kIHRoZSBmZWVsaW5nIG9mIGJlaW5nIGFsb25lIGF0IG5pZ2h0Lg==,,,,,W1RvdHRdClBlc2NhcmlhIG5vdHVybmEgw6kgYSBtZWxob3IgZGUgdG9kYXMuIE8gc29tIGRhIMOhZ3VhLCBwb3VjYSBsdXogZSBvIHNlbnRpbWVudG8gZGUgc29saWTDo28gw6Agbm9pdGUu,,W1RvdHRdCkxhIHBlc2NhIG5vY3R1cm5hIGVzIGxhIG1lam9yIGRlIHRvZGFzLiBFbCBzb25pZG8gZGVsIGFndWEsIGxhIGVzY2FzYSBsdXogeSBsYSBzZW5zYWNpw7NuIGRlIHNvbGVkYWQgcG9yIGxhIG5vY2hlLg==
4SShBw,,W1RvdHRdClNvIEkgY29tZSBvdXQgaGVyZSBxdWl0ZSBvZnRlbi4gVGhlIHdhdGVyIGlzIHNvIGRpcnR5IGhlcmUgdGhhdCB0aGVyZSBpcyBubyBmaXNoIGhlcmUuIEkganVzdCBlbmpveSB0aGUgZmVlbGluZy4=,,,,,W1RvdHRdClBvciBpc3NvLCB2ZW5obyBzZW1wcmUgYXF1aS4gQSDDoWd1YSDDqSB0w6NvIHN1amEgcXVlIG7Do28gdGVtIG5lbmh1bSBwZWl4ZS4gTWFzIGdvc3RvIGRlIGFwcm92ZWl0YXIgbyBjbGltYS4=,,W1RvdHRdCkFzw60gcXVlIHZlbmdvIGFxdcOtIGJhc3RhbnRlIGEgbWVudWRvLiBFbCBhZ3VhIGVzdMOhIHRhbiBzdWNpYSBxdWUgbm8gaGF5IHBlY2VzLiBTaW1wbGVtZW50ZSBkaXNmcnV0byBkZSBsYSBzZW5zYWNpw7NuLg==
4iShBw,,Um90dGVu,,,,,Um90dGVu,,Um90dGVu
4yShBw,,W1JvdHRlbl0KQWgsIEkgaGF0ZSBjbGVhbmluZy4gV2h5IGRvbid0IHRoZXkgZGV2ZWxvcCBhIG1hY2hpbmUgdGhhdCBkb2VzIHRoZSBjbGVhbmluZyBhdXRvbWF0aWNhbGx5Pw==,,,,,W1JvdHRlbl0KQWgsIGV1IG9kZWlvIGZhemVyIGxpbXBlemEuIFBvciBxdWUgbsOjbyBpbnZlbnRhbSB1bWEgbcOhcXVpbmEgcXVlIGZheiBhIGxpbXBlemEgYXV0b21hdGljYW1lbnRlPw==,,W1JvdHRlbl0KQWgsIG9kaW8gbGltcGlhci4gwr9Qb3IgcXXDqSBubyBmYWJyaWNhbiB1bmEgbcOhcXVpbmEgcXVlIGhhZ2EgbGEgbGltcGllemEgYXV0b23DoXRpY2FtZW50ZT8=
5CShBw,,VGhleSBtdXN0IGhhdmUgYmVlbiBpbiBhIGh1cnJ5LiBFdmVyeXRoaW5nIGlzIGxlZnQgaGVyZS4=,,,,,RGV2aWFtIGVzdGFyIGNvbSBwcmVzc2EuIERlaXhhcmFtIHR1ZG8gYXF1aS4=,,RGViw61hbiBkZSB0ZW5lciBwcmlzYS4gVG9kbyBxdWVkYSBhcXXDrS4=
5SShBw,,VGhpcyBwbGFjZSBoYXMgYmVlbiBvY2N1cGllZCBieSBTdXBlcnN0YXIgRGVubnkuIEdvIHNvbWV3aGVyZSBlbHNlIQ==,,,,,RXNzZSBsdWdhciBmb2kgb2N1cGFkbyBwb3IgRGVubnksIG8gc3VwZXJhc3Ryby4gUHJvY3VyZSBvdXRybyE=,,RXN0ZSBsdWdhciBsbyBvY3Vww7MgbGEgc3VwZXJlc3RyZWxsYSBEZW5ueS4gwqFWZXRlIGEgb3RyYSBwYXJ0ZSE=
5iShBw,,QXJyZ2guLi4gRXZlcnkgc2luZ2xlIHBhcnQgb2YgbXkgYm9keSBpcyBzb3JlLg==,,,,,QXJyZ2guLi4gQ2FkYSBwYXJ0ZSBkbyBtZXUgY29ycG8gZXN0w6EgZG9sb3JpZGEu,,R3Jyci4uLiBNZSBkdWVsZSB0b2RvIGVsIGN1ZXJwby4=
5yShBw,,QXMgdGhleSB0b2xkIG1lIHRvIHN0YW5kIGJ5LCBJIGNhbiBzaXQgaGVyZS4=,,,,,SsOhIHF1ZSBtZSBtYW5kYXJhbSBhZ3VhcmRhciwgcG9zc28gc2VudGFyIGFxdWku,,Q29tbyBtZSBkaWplcm9uIHF1ZSBlc3BlcmFyYSwgcHVlZG8gc2VudGFybWUgYXF1w60u
6CShBw,,VGhleSBhcmUgc28gYmFkLiBCdXQgSSBmZWVsIHN5bXBhdGh5IGF0IHRoZSBzYW1lIHRpbWUu,,,,,RWxlcyBzw6NvIHTDo28gbWF1cy4gTWFzIHNpbnRvIHBlbmEgYW8gbWVzbW8gdGVtcG8u,,U29uIG11eSBtYWxvcy4gUGVybywgYWwgbWlzbW8gdGllbXBvLCBzaWVudG8gY29tcGFzacOzbi4=
6SShBw,,QmUgY2FyZWZ1bCB3aGVuIHlvdSBwYXNzIHRoZXJlLiBUaGVyZSBpcyBzb21lIGhpZ2gtdm9sdGFnZSBjdXJyZW50Lg==,,,,,VGVuaGEgY3VpZGFkbyBxdWFuZG8gcGFzc2FyIGFsaS4gVGVtIGFsZ3VtIHRpcG8gZGUgY29ycmVudGUgZGUgYWx0YSB0ZW5zw6NvLg==,,VGVuIGN1aWRhZG8gY3VhbmRvIHBhc2VzIHBvciBhbGzDrS4gSGF5IHVuYSBjb3JyaWVudGUgZGUgYWx0byB2b2x0YWplLg==
6iShBw,,VGhhdCByYWlsIGxvb2tzIGxpdmUgYSBiYWNrYm9uZSBvZiBhIGh1Z2UgY3JlYXR1cmUu,,,,,QXF1ZWxlIHRyaWxobyBwYXJlY2UgYSBlc3BpbmhhIGRlIHVtYSBjcmlhdHVyYSBnaWdhbnRlc2NhLg==,,RXNhIGJhcmFuZGlsbGEgcGFyZWNlIGxhIGNvbHVtbmEgZGUgdW5hIGNyaWF0dXJhIGVub3JtZS4=
6yShBw,,QSByZXN0YXVyYW50IGluIHN1Y2ggYSBwbGFjZS4gSSB3b25kZXIgaWYgdGhleSBldmVyIG1hbmFnZWQgdG8gc3dhbGxvdyBmb29kLg==,,,,,VW0gcmVzdGF1cmFudGUgZW0gdW0gbHVnYXIgYXNzaW0uIEltYWdpbm8gc2UgYWxndcOpbSBjb25zZWd1aWEgZW5nb2xpciBhIGNvbWlkYS4=,,VW4gcmVzdGF1cmFudGUgZW4gdW4gbHVnYXIgYXPDrS4gTWUgcHJlZ3VudG8gc2kgYWxndW5hIHZleiBwdWRpZXJvbiB0cmFnYXIgbGEgY29taWRhLg==
7CShBw,,T2guLi4gaXQgZG9lc24ndCBzb3VuZCB2ZXJ5IG5pY2Uu,,,,,QWguLi4gaXNzbyBuw6NvIHNvYSBtdWl0byBiZW0u,,T2guLi4gbm8gc3VlbmEgbXV5IGJpZW4u
7SShBw,,U2VlbXMgbGlrZSB0aGUgc2l0dWF0aW9uIGhhcyBiZWVuIHNldHRsZWQgaGVyZS4gU2hhbGwgd2UgdGFrZSBhIGxvb2sgYXJvdW5kPw==,,,,,UGFyZWNlIHF1ZSBhIHNpdHVhw6fDo28gZm9pIHJlc29sdmlkYSBhcXVpLiBWYW1vcyBvbGhhciBhbyByZWRvcj8=,,UGFyZWNlIHF1ZSBsYSBzaXR1YWNpw7NuIHNlIHJlc29sdmnDsyBhcXXDrS4gwr9FY2hhbW9zIHVuIHZpc3Rhem8/
7iShBw,,QWx0aG91Z2ggd2UgbG9vayBhcm91bmQsIHdlIGtub3cgbm90aGluZy4=,,,,,TWVzbW8gcXVlIG9saGVtb3MgYW8gcmVkb3IsIG7Do28gc2FiZW1vcyBkZSBuYWRhLg==,,QXVucXVlIG1pcmVtb3MgYSBudWVzdHJvIGFscmVkZWRvciwgbm8gc2FiZW1vcyBuYWRhLg==
7yShBw,,TG9vayBhdCB0aGlzIG1hcmsuIFdoYXQgaGFwcGVuZWQ/,,,,,T2xoZSBlc3RhIG1hcmNhLiBPIHF1ZSBhY29udGVjZXU/,,TWlyYSBlc3RhIG1hcmNhLiDCv1F1w6kgc3VjZWRpw7M/
8CShBw,,RG9uJ3QgdGhpbmsgYWJvdXQgaXQu,,,,,TsOjbyBwZW5zZSBzb2JyZSBpc3NvLg==,,Tm8gcGllbnNlcyBlbiBlbGxvLg==
8SShBw,,SSBndWVzcyBpdCB3aWxsIGFwcGVhciBpbiBteSBkcmVhbSBmb3JldmVyLg==,,,,,QWNobyBxdWUgdm91IHNvbmhhciBjb20gaXNzbyBwYXJhIHNlbXByZS4=,,U3Vwb25nbyBxdWUgYXBhcmVjZXLDoSBlbiBtaXMgc3Vlw7FvcyBwYXJhIHNpZW1wcmUu
8iShBw,,Rm9jdXMhIEZvY3VzIGR1cmluZyB0aGUgbWlzc2lvbiE=,,,,,Q29uY2VudHJlLXNlISBDb25jZW50cmUtc2UgZHVyYW50ZSBhIG1pc3PDo28h,,wqFDb25jw6ludHJhdGUhIMKhQ29uY8OpbnRyYXRlIGR1cmFudGUgbGEgbWlzacOzbiE=
8yShBw,,QW55dGhpbmcgc3BlY2lhbD8=,,,,,QWxnbyBlbSBlc3BlY2lhbD8=,,wr9CdXNjYXMgYWxnbyBlbiBwYXJ0aWN1bGFyPw==
9CShBw,,WWVzLiBJJ3ZlIGNoZWNrZWQgdGhpcyBwbGFjZSBsYXRlbHku,,,,,U2ltLiBFdSBjb25mZXJpIGVzc2UgbHVnYXIgcmVjZW50ZW1lbnRlLg==,,U8OtLiBIZSByZXZpc2FkbyBlc3RlIGx1Z2FyIHJlY2llbnRlbWVudGUu
9SShBw,,R29vZC4gU3RhbmQgYnkgaGVyZSB1bnRpbCB5b3UgcmVjZWl2ZSB0aGUgbmV4dCBvcmRlci4=,,,,,TXVpdG8gYmVtLiBFc3BlcmUgYXF1aSBhdMOpIHJlY2ViZXIgYSBwcsOzeGltYSBvcmRlbS4=,,Qmllbi4gRXNwZXJhIGFxdcOtIGhhc3RhIHJlY2liaXIgZWwgc2lndWllbnRlIHBlZGlkby4=
9iShBw,,WW91IG9ubHkgc2VlIGEgY29sZCBhbmQgaGFyZCB3YWxsLg==,,,,,LSBWb2PDqiB2w6ogYXBlbmFzIHVtYSBwYXJlZGUgZHVyYSBlIGZyaWEuIC0g,,U29sbyB2ZXMgdW5hIHBhcmVkIGZyw61hIHkgZHVyYS4=
9yShBw,,LSBZb3UgYXJlIGNhcnJ5aW5nIHRvbyBtYW55IGl0ZW1zIHRvIHByb2NlZWQgd2l0aCB0aGlzIHF1ZXN0LiAt,,,,,LSBWb2PDqiBuw6NvIHBvZGUgcHJvc3NlZ3VpciBjb20gYSBtaXNzw6NvIHBvcnF1ZSB0ZW0gbXVpdG9zIGl0ZW5zLiAt,,LSBMbGV2YXMgZGVtYXNpYWRvcyBvYmpldG9zIHBhcmEgY29udGludWFyIGNvbiBlc3RhIG1pc2nDs24uLQ==
