IKDaCg,6rKM7J24,R2Fpbg==,,,,,R2Fpbg==,,R2Fpbg==
IaDaCg,W+uyhOyghOyytO2BrF3snbzro6jsoIQg6rK97ZeY7LmYKDMwJSkg7J2067Kk7Yq4IOuyhOyghA==,W1ZlcnNpb24gQ2hlY2tdIElsbHVzaW9uIEVYUCAoMzAlKSBFdmVudCBWZXJzaW9u,,,,,W1ZlcmlmaWNhw6fDo28gZGUgdmVyc8Ojb10gVmVyc8OjbyBkbyBldmVudG8gZGUgRVhQIGRlIElsdXPDo28gKDMwJSk=,,W1ZlcmlmaWNhY2nDs24gZGUgdmVyc2lvbmVzXVZlcnNpw7NuIGRlbCBldmVudG8gZGUgRVhQIGRlIElsdXNpw7NuICgzMCUp
IqDaCg,W+qyjOyduF0K7ZWY7JWELi4uIOyWtOynuOyEnCDsnbTqsoPsnbQg7KeA6riI7JeQ7JW8IOuwnOqyrOuQnCDqsbDsp4A/PwrsnojsnYQg7IiYIOyXhuuKlCDsnbzsnbTslbwsIOydtOqxtC4uLg==,W0dhaW5dCkhhYS4uLiBXaHkgd2FzIHRoaXMgb25seSBkaXNjb3ZlcmVkIG5vdz8/ClRoaXMgY2FuJ3QgYmUgaGFwcGVuaW5nLCB0aGlzLi4u,,,,,W0dhaW5dCkhhYWguLi4gcG9yIHF1ZSBpc3NvIHPDsyBmb2kgZGVzY29iZXJ0byBhZ29yYT8/Cklzc28uLi4gbsOjbyBwb2RlIHNlci4uLg==,,W0dhaW5dCkFoLi4uIMK/cG9yIHF1w6kgZXN0byBzZSBoYSBkZXNjdWJpZXJ0byByZWNpw6luIGFob3JhPwpObyBwdWVkZSBzZXIuLi4gZXN0by4uLg==
I6DaCg,LSDsnbQg7IKs656M7JeQ6rKM7IScIOyLrOqwge2VnCDqs6Drh4zqsIAg64qQ6ru07KeE64ukLiAxNDAg66CI67KoIOygleuPhOydmCDqsr3tl5jsnYQg7IyT7J2AIOuSpOyXkCDri6Tsi5wg7LC+7JWE7Jik64+E66GdIO2VmOyekC4gLQ==,LSBZb3UgY2FuIHNlbnNlIGRlZXAgYW5ndWlzaCBmcm9tIHRoaXMgcGVyc29uLiBDb21lIGJhY2sgYWZ0ZXIgeW91IGhhdmUgZ2FpbmVkIGV4cGVyaWVuY2UgdXAgdG8gYWJvdXQgbGV2ZWwgMTQwLiAt,,,,,LSBEw6EgcGFyYSBzZW50aXIgdW1hIGFuZ8O6c3RpYSBwcm9mdW5kYSBuZXN0YSBwZXNzb2EuIFZhbW9zIHZvbHRhciBkZXBvaXMgZGUgYWN1bXVsYXIgZXhwZXJpw6puY2lhIGF0w6kgcG9yIHZvbHRhIGRvIG7DrXZlbCAxNDAuIC0=,,LSBTZSBwZXJjaWJlIHVuYSBwcm9mdW5kYSBhbmd1c3RpYSBlbiBlc3RhIHBlcnNvbmEuIFZvbHZhbW9zIGEgYnVzY2FybGEgZGVzcHXDqXMgZGUgYWN1bXVsYXIgZXhwZXJpZW5jaWEgaGFzdGEgYXByb3hpbWFkYW1lbnRlIGVsIG5pdmVsIDE0MC4gLQ==
JKDaCg,7IaM7KeA7ZWY6rOgIOqzhOyLoCDslYTsnbTthZzsnZgg7IiY65+J7J20IOunjuyVhCDrjIDtmZTrpbwg7KeE7ZaJIO2VoCDsiJgg7JeG7Iq164uI64ukLgrslYTsnbTthZzsnYQg7KCV66as7ZWcIOuSpCDri6Tsi5wg7Iuc64+E7ZW0IOyjvOyLnOq4sCDrsJTrno3ri4jri6Qu,WW91IGhhdmUgdG9vIG1hbnkgaXRlbXMgaW4geW91ciBpbnZlbnRvcnksIHNvIHlvdSBjYW5ub3QgY29udGludWUgdGhlIGNvbnZlcnNhdGlvbi4KUGxlYXNlIG9yZ2FuaXplIHlvdXIgaXRlbXMgYW5kIHRyeSBhZ2Fpbi4=,,,,,Vm9jw6ogbsOjbyBwb2RlIGNvbnRpbnVhciBhIGNvbnZlcnNhIHBvcnF1ZSBlc3TDoSBjYXJyZWdhbmRvIG11aXRvcyBpdGVucy4KUG9yIGZhdm9yLCBvcmdhbml6ZSBzZXVzIGl0ZW5zIGUgdGVudGUgbm92YW1lbnRlLg==,,Tm8gcHVlZGVzIGNvbnRpbnVhciBsYSBjb252ZXJzYWNpw7NuIHBvcnF1ZSBsbGV2YXMgZGVtYXNpYWRvcyBvYmpldG9zLgpQb3IgZmF2b3IsIG9yZ2FuaXphIHR1cyBvYmpldG9zIGUgaW50w6ludGFsbyBkZSBudWV2by4=
JaDaCg,W+qyjOyduF0K6rOg66eI7JuM7JqUIOuqqO2XmOqwgOuLmC4=,W0dhaW5dClRoYW5rIHlvdSwgQWR2ZW50dXJlci4=,,,,,W0dhaW5dCk9icmlnYWRvLCBhdmVudHVyZWlyby4=,,W0dhaW5dCkdyYWNpYXMsIGF2ZW50dXJlcm8u
JqDaCg,W+qyjOyduF0K7Iuc66Oo65Oc66W8IOuLpOyLnCDrp4zrgqAg7IiYIOyeiOuLpOuLiCwg7KCV66eQIOq/iCDqsJnrhKTsmpQu,W0dhaW5dClRvIHRoaW5rIEkgY2FuIG1lZXQgU2lydWQgYWdhaW4uLi4gaXQgZmVlbHMgbGlrZSBhIGRyZWFtLg==,,,,,W0dhaW5dClBvZGVyIGVuY29udHJhciBTaXJ1ZCBkZSBub3ZvLi4uIHBhcmVjZSBtZXNtbyB1bSBzb25oby4=,,W0dhaW5dClBvZGVyIHZvbHZlciBhIHZlciBhIFNpcnVkLi4uIGRlIHZlcmRhZCBwYXJlY2UgdW4gc3Vlw7FvLg==
J6DaCg,66y07IqoIOqzoOuvvOydtOudvOuPhCDsnojsnLzsi6DqsIDsmpQ/,RG8geW91IGhhdmUgc29tZXRoaW5nIG9uIHlvdXIgbWluZD8=,,,,,RXN0w6EgY29tIGFsZ3VtYSBwcmVvY3VwYcOnw6NvPw==,,wr9UaWVuZSBhbGd1bmEgcHJlb2N1cGFjacOzbj8=
KKDaCg,W+qyjOyduF0K7JWELCDslYjrhZXtlZjshLjsmpQuLi4=,W0dhaW5dCkFoLCBoZWxsby4uLg==,,,,,W0dhaW5dCkFoLCBvbMOhLi4u,,W0dhaW5dCkFoLCBob2xhLi4u
KaDaCg,LSDqt7jripQg64Ka7Iuv64yA66W8IOyGkOyXkCDspZQg7LGE66GcIOuqueyLnCDslYjsoIjrtoDsoIgg66q77ZWY6rOgIOyeiOuLpC4g67O07JWE7ZWY64uIIOuCmuyLnOulvCDtlZjrn6wg7JioIOqygyDqsJnslYQg67O07J207KeA64qUIOyViuuKlOuLpC4gLQ==,LSBIZeKAmXMgZ3JpcHBpbmcgYSBmaXNoaW5nIHJvZCwgZmlkZ2V0aW5nIG5lcnZvdXNseS4gRnJvbSB0aGUgbG9vayBvZiBpdCwgaGUgZG9lc27igJl0IHNlZW0gdG8gYmUgaGVyZSB0byBmaXNoLiAt,,,,,LSBFbGUgZXN0w6Egc2VndXJhbmRvIGEgdmFyYSBkZSBwZXNjYSBlIHBhcmVjZSBtdWl0byBpbnF1aWV0by4gUGVsbyBqZWl0bywgbsOjbyBwYXJlY2UgdGVyIHZpbmRvIHBhcmEgcGVzY2FyLiAt,,LSBFc3TDoSBtdXkgaW5xdWlldG8sIGNvbiBsYSBjYcOxYSBkZSBwZXNjYXIgZW4gbGEgbWFuby4gUG9yIGxvIHF1ZSBzZSB2ZSwgbm8gcGFyZWNlIHF1ZSBoYXlhIHZlbmlkbyBhIHBlc2Nhci4gLQ==
KqDaCg,W+qyjOyduF0K7J20IOuCmuyLr+uMgOuKlCAz6rCc7JuUIOyghOyXkCDsi6TsooXrkJwg7KCcIOy5nOq1rCA8Rk9OVCBDT0xPUiA9IDRENERGRj48Rk9OVCBTSVpFID0gMTY+PEI+7Iuc66Oo65OcPC9GT05UPjwvRk9OVD48L0I+7J2YIOusvOqxtOyeheuLiOuLpCwg7Jes6riwIOyVniDtlbTsiJjrqbTsl5Ag65ag7Jik66W4IOqyg+ydhCDsoJzqsIAg67Cc6rKs7ZaI7Ja07JqUISEh,W0dhaW5dClRoaXMgZmlzaGluZyByb2QgYmVsb25ncyB0byBteSBmcmllbmQgPEZPTlQgQ09MT1IgPSA0RDRERkY+PEZPTlQgU0laRSA9IDE2PjxCPlNpcnVkPC9GT05UPjwvRk9OVD48L0I+LCB3aG8gd2VudCBtaXNzaW5nIHRocmVlIG1vbnRocyBhZ28uIEkgZm91bmQgaXQgZmxvYXRpbmcgb24gdGhlIHNlYSByaWdodCBpbiBmcm9udCBvZiBoZXJlISEh,,,,,W0dhaW5dCkVzdGEgdmFyYSBkZSBwZXNjYSBwZXJ0ZW5jZSBhbyBtZXUgYW1pZ28gPEZPTlQgQ09MT1IgPSA0RDRERkY+PEZPTlQgU0laRSA9IDE2PjxCPlNpcnVkPC9GT05UPjwvRk9OVD48L0I+LCBxdWUgZGVzYXBhcmVjZXUgaMOhIDMgbWVzZXMuIEV1IGEgZW5jb250cmVpIGZsdXR1YW5kbyBiZW0gYXF1aSwgbmEgc3VwZXJmw61jaWUgZG8gbWFyISEh,,W0dhaW5dCkVzdGEgY2HDsWEgZGUgcGVzY2FyIGVzIGRlIG1pIGFtaWdvIDxGT05UIENPTE9SID0gNEQ0REZGPjxGT05UIFNJWkUgPSAxNj48Qj5TaXJ1ZDwvRk9OVD48L0ZPTlQ+PC9CPiwgcXVlIGRlc2FwYXJlY2nDsyBoYWNlIDMgbWVzZXMuIMKhTGEgZW5jb250csOpIGZsb3RhbmRvIGFxdcOtLCBlbiBsYSBzdXBlcmZpY2llIGRlbCBtYXIsIGp1c3RvIGRlbGFudGUgZGUgbm9zb3Ryb3Mh
K6DaCg,7Iuk7KKF7J2065286rOg7JqUPw==,TWlzc2luZywgeW91IHNheT8=,,,,,RGVzYXBhcmVjaWRvPw==,,wr9EZXNhcGFyZWNpZG8/
LKDaCg,W+qyjOyduF0K64SkLi4uIOyLnOujqOuTnOuKlCDrjIDri6jtlZwg64Ka7Iuc6rSR7Jy866GcIOyDge2ZqeydhCDqsIDrpqzsp4Ag7JWK6rOgIO2LiOunjCDrgpjrqbQg64Ka7Iuc66W8IO2VmOufrCDsnbQg6rOz7Jy866GcIOyZlOyXiOyKteuLiOuLpC4=,W0dhaW5dClllcy4uLiBTaXJ1ZCB3YXMgYW4gaW5jcmVkaWJsZSBmaXNoaW5nIGZhbmF0aWMsIGFuZCB3aGVuZXZlciBoZSBoYWQgdGhlIGNoYW5jZSwgbm8gbWF0dGVyIHRoZSBzaXR1YXRpb24sIGhlIHdvdWxkIGNvbWUgaGVyZSB0byBmaXNoLg==,,,,,W0dhaW5dClNpbS4uLiBTaXJ1ZCBlcmEgdW0gZ3JhbmRlIGZhbsOhdGljbyBwb3IgcGVzY2EgZSwgbsOjbyBpbXBvcnRhdmEgYSBzaXR1YcOnw6NvLCBzZW1wcmUgcXVlIHRpbmhhIHVtIHRlbXBpbmhvIHZpbmhhIGF0w6kgYXF1aSBwYXJhIHBlc2Nhci4=,,W0dhaW5dClPDrS4uLiBTaXJ1ZCBlcmEgdW4gZ3JhbiBmYW7DoXRpY28gZGUgbGEgcGVzY2E7IHZpbmllcmEgY29tbyB2aW5pZXJhIGxhIHNpdHVhY2nDs24sIGVuIGN1YW50byB0ZW7DrWEgdW4gbW9tZW50byBsaWJyZSwgdmVuw61hIGEgZXN0ZSBsdWdhciBhIHBlc2Nhci4=
LaDaCg,W+qyjOyduF0K7Iuc66Oo65Oc7J2YIOyYge2WpeydhCDrsJvslYQg7Jqw66as65Ok64+EIOuCmuyLnOyXkCDruaDsp4Dqsowg65CY7JeI6rOgIOq3uOugh+qyjCDrhKQg66qF7J207IScIOymkOqxsOyatCDsi5zqsITsnYQg7KKF7KKFIOuztOuCtOqzpCDtlojsl4jslrTsmpQu,W0dhaW5dClVuZGVyIFNpcnVkJ3MgaW5mbHVlbmNlLCB3ZSBnb3QgaG9va2VkIG9uIGZpc2hpbmcgdG9vLCBhbmQgdGhlIGZvdXIgb2YgdXMgd291bGQgb2Z0ZW4gc3BlbmQgc29tZSBwbGVhc2FudCB0aW1lIHRvZ2V0aGVyLg==,,,,,W0dhaW5dClNvYiBhIGluZmx1w6puY2lhIGRlIFNpcnVkLCBuw7NzIHRhbWLDqW0gYWNhYmFtb3Mgbm9zIHZpY2lhbmRvIGVtIHBlc2NhLCBlIGFzc2ltIG7Ds3MgcXVhdHJvIGNvc3R1bcOhdmFtb3MgcGFzc2FyIG1vbWVudG9zIGFncmFkw6F2ZWlzIGRlIHZleiBlbSBxdWFuZG8u,,W0dhaW5dClBvciBsYSBpbmZsdWVuY2lhIGRlIFNpcnVkLCBub3NvdHJvcyB0YW1iacOpbiBub3MgZW5nYW5jaGFtb3MgYSBsYSBwZXNjYSwgeSBhc8OtLCBsb3MgY3VhdHJvIHNvbMOtYW1vcyBwYXNhciBidWVub3MgcmF0b3MgYSBtZW51ZG8u
LqDaCg,W+qyjOyduF0K7Iuc66Oo65Oc7J2YIOuCmuyLnCDsl7TsoJXsnYAg67mE67CU656M7J20IOuqsOyVhOyzkOuPhCDrgprsi5zrpbwg7ZWY65+sIOuCmOqwgOyekOqzoCDsoIDtnazrk6TsnYQg67O07LGMIOygleuPhOyYgOuKlOuNsOyalC4=,W0dhaW5dClNpcnVkIHdhcyBzbyBwYXNzaW9uYXRlIGFib3V0IGZpc2hpbmcgdGhhdCBldmVuIHdoZW4gd2luZCBhbmQgcmFpbiB3ZXJlIHJhZ2luZywgaGUgd291bGQgcGVzdGVyIHVzIHRvIGdvIG91dCBhbmQgZmlzaC4=,,,,,W0dhaW5dCkEgcGFpeMOjbyBwZWxhIHBlc2NhIGRlIFNpcnVkIGVyYSB0YW50YSBxdWUsIG1lc21vIGNvbSB2ZW50byBlIGNodXZhIGZvcnRlcywgZWxlIGluc2lzdGlhIHBhcmEgcXVlIGbDtHNzZW1vcyBwZXNjYXIu,,W0dhaW5dCkxhIHBhc2nDs24gcG9yIGxhIHBlc2NhIGRlIFNpcnVkIGVyYSB0YWwgcXVlLCBpbmNsdXNvIGN1YW5kbyBhcnJlY2lhYmFuIGVsIHZpZW50byB5IGxhIGxsdXZpYSwgbm9zIGluc2lzdMOtYSBwYXJhIHF1ZSBzYWxpw6lyYW1vcyBhIHBlc2Nhci4=
L6DaCg,W+qyjOyduF0K7Iuc66Oo65Oc6rCAIOyLpOyiheuQnCDrgqDsnYAg65SxIOq3uCDruYTrsJTrnozsnbQg66qw7JWE7LmY642YIOuCoOydtOyXiOyKteuLiOuLpC4g7Jqw7J2Y66W8IOyxmeqyqCDsnoXqs6Ag64Ka7Iuc66W8IO2VmOufrCDrgpjqsJTso6Au,W0dhaW5dClRoZSBkYXkgU2lydWQgd2VudCBtaXNzaW5nIHdhcyB0aGUgdmVyeSBkYXkgdGhhdCBzdG9ybSBoaXQuIEhlIHB1dCBvbiBoaXMgcmFpbiBnZWFyIGFuZCB3ZW50IG91dCB0byBmaXNoLg==,,,,,W0dhaW5dCk8gZGlhIGVtIHF1ZSBTaXJ1ZCBkZXNhcGFyZWNldSBmb2kgZXhhdGFtZW50ZSBhcXVlbGUgZW0gcXVlIGEgY2h1dmEgZSBvIHZlbnRvIGNhc3RpZ2F2YW0gdHVkby4gRWxlIHZlc3RpdSBhIGNhcGEgZGUgY2h1dmEgZSBzYWl1IHBhcmEgcGVzY2FyLg==,,W0dhaW5dCkVsIGTDrWEgcXVlIFNpcnVkIGRlc2FwYXJlY2nDsyBmdWUganVzdG8gYXF1ZWwgZW4gcXVlIGFycmVjaWFiYW4gZWwgdmllbnRvIHkgbGEgbGx1dmlhLiBTZSBwdXNvIGVsIGltcGVybWVhYmxlIHkgc2FsacOzIGEgcGVzY2FyLg==
MKDaCg,W+qyjOyduF0K7Jqw66as7JeQ6rKM64+EIOqwmeydtCDrgpjqsIDsnpDqs6Ag6raM7ZaI7KeA66eMIOuqqOuRkCDqsbDsoIjtlojslrTsmpQuIOu5hOuwlOuejOydtCDsnKDrj4Ug6rGw7IS8IOuCoOydtOyXiOqxsOuToOyalC4=,W0dhaW5dCkkgYXNrZWQgdGhlbSB0byBjb21lIHdpdGggdXMsIGJ1dCB0aGV5IGFsbCByZWZ1c2VkLiBUaGUgd2luZCBhbmQgcmFpbiB3ZXJlIGVzcGVjaWFsbHkgZmllcmNlIHRoYXQgZGF5Lg==,,,,,W0dhaW5dCkVsZSBub3MgY29udmlkb3UgcGFyYSBpcm1vcyBqdW50bywgbWFzIHRvZG9zIHJlY3VzYXJhbS4gRXJhIHVtIGRpYSBlbSBxdWUgbyB2ZW50byBlIGEgY2h1dmEgZXN0YXZhbSBlc3BlY2lhbG1lbnRlIGZvcnRlcy4=,,W0dhaW5dCk5vcyBpbnZpdMOzIGEgc2FsaXIgY29uIG5vc290cm9zLCBwZXJvIHRvZG9zIHNlIG5lZ2Fyb24uIEVyYSB1biBkw61hIGVuIHF1ZSBlbCB2aWVudG8geSBsYSBsbHV2aWEgc29wbGFiYW4gY29uIGVzcGVjaWFsIGZ1ZXJ6YS4=
MaDaCg,W+qyjOyduF0K7Iuc66Oo65Oc64qUIOq3uOugh+qyjCDtmLzsnpAg64Ka7Iuc66W8IO2VmOufrCDrgpjqsJTqs6Ag6re4IO2bhOuhnCDsmrDrpqzripQg6re466W8IOuzvCDsiJgg7JeG6rKMIOuQmOyXiOyKteuLiOuLpC4uLg==,W0dhaW5dClNpcnVkIHdlbnQgb3V0IGZpc2hpbmcgYWxvbmUgbGlrZSB0aGF0LCBhbmQgYWZ0ZXIgdGhhdCwgd2Ugd2VyZSBuZXZlciBhYmxlIHRvIHNlZSBoaW0gYWdhaW4uLi4=,,,,,W0dhaW5dClNpcnVkIHNhaXUgc296aW5obyBwYXJhIHBlc2NhciBlLCBkZXNkZSBlbnTDo28sIG7Do28gY29uc2VndWltb3MgbWFpcyB2w6otbG8uLi4=,,W0dhaW5dClNpcnVkIHNhbGnDsyBhIHBlc2NhciBzb2xvLCB5IGRlc2RlIGVudG9uY2VzIHlhIG5vIGhlbW9zIHBvZGlkbyB2b2x2ZXIgYSB2ZXJsby4uLg==
MqDaCg,W+qyjOyduF0K64KY6rCA7KeAIOuqu+2VmOuPhOuhnSDrp5DroKTslbwg7ZaI7JeI64qU642wLi4u,W0dhaW5dCkkgc2hvdWxkIGhhdmUgc3RvcHBlZCB5b3UgZnJvbSBsZWF2aW5nLi4u,,,,,W0dhaW5dCkV1IGRldmlhIHRlciBpbXBlZGlkbyBxdWUgZWxlIHNhw61zc2UuLi4=,,W0dhaW5dCkRlYmVyw61hIGhhYmVybG8gZGV0ZW5pZG8gcGFyYSBxdWUgbm8gc2FsaWVyYS4uLg==
M6DaCg,LSDqsozsnbjsnYAg7J6g7IucIOuIiOusvOydhCDtm5TsuZwg65Kk7JeQIOuLpOyLnCDsnbTslbzquLDrpbwg7J207Ja0IOuCmOqwlOuLpC4gLQ==,LSBBZnRlciBicmllZmx5IHdpcGluZyBhd2F5IHRlYXJzLCBHYWluIGNvbnRpbnVlZCBzcGVha2luZy4gLQ==,,,,,LSBHYWluIGVueHVnb3UgYXMgbMOhZ3JpbWFzIHBvciB1bSBpbnN0YW50ZSBlIGVudMOjbyBjb250aW51b3UgYSBoaXN0w7NyaWEuIC0=,,LSBHYWluIHNlIHNlY8OzIGxhcyBsw6FncmltYXMgdW4gbW9tZW50byB5IGx1ZWdvIGNvbnRpbnXDsyBoYWJsYW5kby4gLQ==
NKDaCg,W+qyjOyduF0K7Iuc66Oo65Oc7J2YIOyLpOyihSDshozsi53snYAg6rOn67CU66GcIOydtOymiOujqOuTnCDsoITsl63sl5Ag7JWM66Ck7KeA6rKMIOuQmOyXiOqzoCwg66eO7J2AIOyLnOqwhOqzvCDsnbjroKXsnYQg7Yis7J6Q7ZWY7JesIOuMgOuMgOyggeyduCDsiJjsg4kg7J6R7JeF7J20IO2OvOyzkOyhjOycvOuCmCDslrTrlqDtlZwg64uo7ISc64+EIOywvuyngCDrqrvtlZwg7LGE66GcIOyImOyDieydgCDsooXro4zqsIAg65CY7JeI7Iq164uI64ukLg==,W0dhaW5dCk5ld3Mgb2YgU2lydWQncyBkaXNhcHBlYXJhbmNlIHF1aWNrbHkgc3ByZWFkIHRocm91Z2hvdXQgSXpsdWRlLCBhbmQgYSBsYXJnZS1zY2FsZSBzZWFyY2ggd2FzIGNhcnJpZWQgb3V0IHdpdGggbXVjaCB0aW1lIGFuZCBtYW5wb3dlciBpbnZlc3RlZCwgYnV0IHRoZSBzZWFyY2ggZW5kZWQgd2l0aG91dCBmaW5kaW5nIGEgc2luZ2xlIGNsdWUu,,,,,W0dhaW5dCkEgbm90w61jaWEgZG8gZGVzYXBhcmVjaW1lbnRvIGRlIFNpcnVkIGxvZ28gc2UgZXNwYWxob3UgcG9yIHRvZGEgSXpsdWRlLCBlIHVtYSBncmFuZGUgb3BlcmHDp8OjbyBkZSBidXNjYSBmb2kgcmVhbGl6YWRhIGNvbSBtdWl0byB0ZW1wbyBlIG3Do28gZGUgb2JyYSBpbnZlc3RpZG9zLCBtYXMgYSBidXNjYSBmb2kgZW5jZXJyYWRhIHNlbSBxdWUgbmVuaHVtYSBwaXN0YSBmb3NzZSBlbmNvbnRyYWRhLg==,,W0dhaW5dCkxhIG5vdGljaWEgZGUgbGEgZGVzYXBhcmljacOzbiBkZSBTaXJ1ZCBzZSBkaWZ1bmRpw7MgZGUgaW5tZWRpYXRvIHBvciB0b2RvIEl6bHVkZSwgeSBhdW5xdWUgc2UgbGxldsOzIGEgY2FibyB1bmEgYsO6c3F1ZWRhIGEgZ3JhbiBlc2NhbGEgaW52aXJ0aWVuZG8gbXVjaG8gdGllbXBvIHkgcGVyc29uYWwsIGxhIGLDunNxdWVkYSB0ZXJtaW7DsyBzaW4gZW5jb250cmFyIG5pbmd1bmEgcGlzdGEu
NaDaCg,W+qyjOyduF0K6re4IO2bhOuhnOuPhCDsoIDtnazrgbzrpqwg66qo7JesIOyLnOujqOuTnOulvCDssL7quLAg7JyE7ZW0IOuwseuwqeycvOuhnCDrm7DslrTri6TrhZTsnLzrgpgg7ISx6rO864qUIOyghO2YgCDsl4bsl4jqs6Ag7J207KCcIOyKrOyKrCDtj6zquLDtlZjroKTrjZgg7LC47J207JeI7Ja07JqULg==,W0dhaW5dCkV2ZW4gYWZ0ZXIgdGhhdCwgd2UgZ2F0aGVyZWQgYW1vbmcgb3Vyc2VsdmVzIGFuZCBzZWFyY2hlZCBldmVyeXdoZXJlIGZvciBTaXJ1ZCwgYnV0IHdlIGhhZCBubyByZXN1bHRzIGF0IGFsbCwgYW5kIHdlIHdlcmUganVzdCBhYm91dCB0byBnaXZlIHVwLg==,,,,,W0dhaW5dCkRlcG9pcyBkaXNzbywgbsOzcyBub3MgcmV1bmltb3MgZSBjb3JyZW1vcyBwb3IgdG9kb3Mgb3MgbGFkb3MgcGFyYSBlbmNvbnRyYXIgU2lydWQsIG1hcyBuw6NvIHRpdmVtb3MgcmVzdWx0YWRvIGFsZ3VtLCBlIGrDoSBlc3TDoXZhbW9zIGNvbWXDp2FuZG8gYSBkZXNpc3Rpci4=,,W0dhaW5dCkRlc3B1w6lzIGRlIGVzbywgbm9zIHJldW5pbW9zIGVudHJlIG5vc290cm9zIHkgY29ycmltb3MgZGUgdW4gbGFkbyBhIG90cm8gYnVzY2FuZG8gYSBTaXJ1ZCBwb3IgdG9kb3MgbG9zIG1lZGlvcywgcGVybyBubyBvYnR1dmltb3MgbmluZ8O6biByZXN1bHRhZG8sIHkgeWEgZXN0w6FiYW1vcyBhIHB1bnRvIGRlIHJlbmRpcm5vcyBwb2NvIGEgcG9jby4=
NqDaCg,W+qyjOyduF0K6re465+w642wIOyngOq4iCDrsKnquIghIQ==,W0dhaW5dCkJ1dCBqdXN0IG5vdyEh,,,,,W0dhaW5dCk1hcyBhZ29yYSwgYmVtIGFnb3JhISE=,,W0dhaW5dCsKhUGVybyBqdXN0byBhaG9yYSBtaXNtbyEh
N6DaCg,W+qyjOyduF0KM+qwnOyblOydtCDsp4Drgpwg7KeA6riI7JeQIOyZgOyEnCEhIQ==,W0dhaW5dCkFuZCBub3csIGFmdGVyIDMgbW9udGhzISEh,,,,,W0dhaW5dCkUgc8OzIGFnb3JhLCBkZXBvaXMgZGUgMyBtZXNlcyEhIQ==,,W0dhaW5dCsKhwqHCoUFob3JhLCBkZXNwdcOpcyBkZSBxdWUgaGFuIHBhc2FkbyAzIG1lc2VzISEh
OKDaCg,W+qyjOyduF0K7Iuc66Oo65Oc7J2YIOuCmuyLr+uMgOqwgCDtlbTsiJjrqbQg7JyE66GcIOyYrOudvOyZlOuLpOuKlCDqsoPsnoXri4jri6QuIOyImOyDiSDsnpHsl4Ug65WM64qUIOyghO2YgCDssL7snYQg7IiYIOyXhuuNmCDqt7jsnZgg66y86rG07J20IOunkOydtOyXkOyalCE=,W0dhaW5dCkl0IG1lYW5zIEZpc2hpbmcgUm9kIG9mIFNpcnVkIGhhcyBzdXJmYWNlZCBhYm92ZSBzZWEgbGV2ZWwuIFRoZSB2ZXJ5IGl0ZW0gb2YgaGlzIHRoYXQgd2UgY291bGRu4oCZdCBmaW5kIGF0IGFsbCBkdXJpbmcgdGhlIHNlYXJjaCE=,,,,,W0dhaW5dCklzc28gcXVlciBkaXplciBxdWUgYSBWYXJhIGRlIFBlc2NhIGRlIFNpcm9vZHMgdmVpbyDDoCB0b25hIG5hIHN1cGVyZsOtY2llIGRvIG1hci4gQXF1ZWxlIGl0ZW0gZGVsZSBxdWUgbsOjbyBjb25zZWd1aW1vcyBlbmNvbnRyYXIgZGUgamVpdG8gbmVuaHVtIGR1cmFudGUgYXMgYnVzY2FzIQ==,,W0dhaW5dCsKhU2lnbmlmaWNhIHF1ZSBsYSBDYcOxYSBkZSBQZXNjYXIgZGUgU2lydWQgaGEgc2FsaWRvIGEgbGEgc3VwZXJmaWNpZSBkZWwgbWFyISDCoUVzYSBwZXJ0ZW5lbmNpYSBzdXlhIHF1ZSBubyBwdWRpbW9zIGVuY29udHJhciBlbiBhYnNvbHV0byBkdXJhbnRlIGxhIGLDunNxdWVkYSE=
OaDaCg,7J6QLCDsp4TsoJXtlZjsi5zqs6AuLiDsi5zro6jrk5zsnZgg64Ka7Iuv64yA6rCAIO2ZleyLpO2VtOyalD8=,Tm93LCBjYWxtIGRvd24uLi4gQXJlIHlvdSBzdXJlIGl04oCZcyBGaXNoaW5nIFJvZCBvZiBTaXJ1ZD8=,,,,,T3JhLCBhY2FsbWUtc2UuLi4gVGVtIGNlcnRlemEgZGUgcXVlIMOpIFZhcmEgZGUgUGVzY2EgZGUgU2lyb29kcz8=,,QmllbiwgY8OhbG1lc2UuLi4gwr9Fc3TDoSBzZWd1cm8gZGUgcXVlIGVzIENhw7FhIGRlIFBlc2NhciBkZSBTaXJ1ZD8=
OqDaCg,W+qyjOyduF0K64SkIO2ZleyLpO2VtOyalCEg64qYIOu0kOyZlOuNmCDrgprsi6/rjIDsnbjqsbjsmpQu,W0dhaW5dClllcywgSeKAmW0gc3VyZSEgSXTigJlzIHRoZSBmaXNoaW5nIHJvZCBJ4oCZdmUgYWx3YXlzIHNlZW4u,,,,,W0dhaW5dClNpbSwgdGVuaG8gY2VydGV6YSEgw4kgYSB2YXJhIGRlIHBlc2NhIHF1ZSBldSBzZW1wcmUgdmlhLg==,,W0dhaW5dCsKhU8OtLCBlc3RveSBzZWd1cm8hIEVzIGxhIGNhw7FhIGRlIHBlc2NhciBxdWUgc2llbXByZSBoZSB2aXN0by4=
O6DaCg,W+qyjOyduF0K7J20IOuCmuyLr+uMgOuKlCDsi5zro6jrk5zqsIAg7KeB7KCRIOygnOyeke2VnCDqsoPsnbTrnbwg7Jyg7J287ZWcIOuCmuyLr+uMgOyXkOyalC4g7Jes6riwIOyGkOyeoeydtOyXkCDsnbTri4jshZzrj4Qg67O07J207J6W7JWE7JqULCBTLlIuRCEh,W0dhaW5dClRoaXMgZmlzaGluZyByb2QgaXMgdGhlIG9ubHkgb25lIG9mIGl0cyBraW5kLCBtYWRlIGJ5IFNpcnVkIGhpbXNlbGYuIFNlZSB0aGUgaW5pdGlhbHMgb24gdGhlIGhhbmRsZT8gUy5SLkQhIQ==,,,,,W0dhaW5dCkVzdGEgdmFyYSBkZSBwZXNjYSDDqSDDum5pY2EsIHBvcnF1ZSBmb2kgZmVpdGEgcGVzc29hbG1lbnRlIHBvciBTaXJ1ZC4gT2xoZSwgZMOhIGF0w6kgcGFyYSB2ZXIgYXMgaW5pY2lhaXMgYXF1aSBubyBjYWJvLCBTLlIuRCEh,,W0dhaW5dCkVzdGEgY2HDsWEgZGUgcGVzY2FyIGVzIMO6bmljYSwgcG9ycXVlIFNpcnVkIGxhIGZhYnJpY8OzIHBlcnNvbmFsbWVudGUuIE1pcmEsIGFxdcOtIGVuIGVsIG1hbmdvIHRhbWJpw6luIHNlIHZlbiBsYXMgaW5pY2lhbGVzLCDCoVMuUi5EISE=
PKDaCg,7JWXLCDqt7jroIfri6TrqbQg7JmcIOydtOygnOyEnOyVvC4uLg==,QWgsIHRoZW4gd2h5IG9ubHkgbm93Li4uPw==,,,,,QWgsIGVudMOjbyBwb3IgcXVlIHPDsyBhZ29yYS4uLg==,,QWgsIGVudG9uY2VzIMK/cG9yIHF1w6kgaGFzdGEgYWhvcmEuLi4/
PaDaCg,W+qyjOyduF0K7KCA64+EIOyngOq4iCDrhIjrrLQg64aA656N6rOgIO2ZqeuLue2VtOyEnCDslrTsqZQg7KSEIOuqqOultOqyoOuEpOyalC4=,W0dhaW5dCknigJltIHNvIHNob2NrZWQgYW5kIGNvbmZ1c2VkIHJpZ2h0IG5vdywgSSBkb27igJl0IGV2ZW4ga25vdyB3aGF0IHRvIGRvLg==,,,,,W0dhaW5dCkV1IHRhbWLDqW0gZXN0b3UgdMOjbyBzdXJwcmVzbyBlIHNlbSBzYWJlciBvIHF1ZSBmYXplciBxdWUgbmVtIHNlaSBjb21vIHJlYWdpci4=,,W0dhaW5dCllvIHRhbWJpw6luIGVzdG95IHRhbiBzb3JwcmVuZGlkbyB5IGRlc2NvbmNlcnRhZG8gYWhvcmEgbWlzbW8gcXVlIG5vIHPDqSBxdcOpIGhhY2VyLg==
PqDaCg,LSDqt7jrn7DrjbAg64Ka7Iuv64yA66W8IOyekOyEuO2eiCDrs7Tri4gg662U6rCAIOydtOyniOqwkOydtCDripDqu7Tsp4Tri6QuIOuCmOustOuhnCDrp4zrk6TslrTsp4Qg7J20IOuCmuyLr+uMgOqwgCDrrLTroKQgM+qwnOyblOqwhCDrrLzsl5Ag67mg7KC47J6I7JeI64qU642w64+EIOybkO2YlSDqt7jrjIDroZzsnZgg66qo7Iq17J20IOyVhOuLjOqwgCwg6rKM64uk6rCAIOyVveqwhCDrsJjsp53qsbDrpqzripQg6rSR7YOd64+EIOuKkOq7tOyngOuKlOuNsC4uLiAt,LSBCdXQgbG9va2luZyBjbG9zZWx5IGF0IHRoZSBmaXNoaW5nIHJvZCwgc29tZXRoaW5nIGZlZWxzIG9mZi4gVGhpcyB3b29kZW4gcm9kIHdhcyBzdWJtZXJnZWQgZm9yIGEgZnVsbCB0aHJlZSBtb250aHMsIHlldCBpdCBzdGlsbCBsb29rcyBleGFjdGx5IHRoZSBzYW1lIGFzIGJlZm9yZS4gV2hhdOKAmXMgbW9yZSwgaXQgZXZlbiBzZWVtcyB0byBoYXZlIGEgZmFpbnQsIHNoaW1tZXJpbmcgc2hlZW4uLi4gLQ==,,,,,LSBNYXMsIGFvIG9ic2VydmFyIGEgdmFyYSBkZSBwZXNjYSBjb20gYXRlbsOnw6NvLCBzaW50byBhbGdvIGVzdHJhbmhvLiBFc3RhIHZhcmEgZmVpdGEgZGUgbWFkZWlyYSBmaWNvdSBzdWJtZXJzYSBwb3IgbmFkYSBtZW5vcyBxdWUgMyBtZXNlcyBlLCBhaW5kYSBhc3NpbSwgZXN0w6EgZXhhdGFtZW50ZSBjb21vIGVyYTsgYWzDqW0gZGlzc28sIHBhcmVjZSBhdMOpIHRlciB1bSBsZXZlIGJyaWxoby4uLiAt,,LSBQZXJvIGFsIG1pcmFyIGxhIGNhw7FhIGRlIHBlc2NhciBjb24gYXRlbmNpw7NuLCBzZSBzaWVudGUgYWxnbyBleHRyYcOxby4gRXN0YSBjYcOxYSBoZWNoYSBkZSBtYWRlcmEgZXN0dXZvIHN1bWVyZ2lkYSBlbiBlbCBhZ3VhIGR1cmFudGUgbmFkYSBtZW5vcyBxdWUgMyBtZXNlcywgeSBhdW4gYXPDrSBjb25zZXJ2YSBzdSBmb3JtYSBvcmlnaW5hbC4gQWRlbcOhcywgcGFyZWNlIHRlbmVyIHVuIGJyaWxsbyB0ZW51ZS4uLiAt
P6DaCg,7KCA6riwIOydtCDrgprsi6/rjIAsIOyigCDsnbTsg4HtlZjsp4Ag7JWK7JWE7JqUPw==,RG9lc27igJl0IHRoYXQgZmlzaGluZyByb2Qgb3ZlciB0aGVyZSBzZWVtIGEgYml0IHN0cmFuZ2U/,,,,,RWksIGVzc2EgdmFyYSBkZSBwZXNjYXIuLi4gbsOjbyBwYXJlY2UgbWVpbyBlc3RyYW5oYT8=,,T2lnYSwgwr9ubyBsZSBwYXJlY2UgdW4gcG9jbyByYXJhIGVzdGEgY2HDsWEgZGUgcGVzY2FyPw==
QKDaCg,W+qyjOyduF0K7J207IOB7ZWY64uk64uILCDrrZDqsIDsmpQ/,W0dhaW5dClN0cmFuZ2U/IFdoYXQgZG8geW91IG1lYW4/,,,,,W0dhaW5dCkVzdHJhbmhvPyBPIHF1w6o/,,W0dhaW5dCsK/UXVlIGVzIGV4dHJhw7FvPyDCv1F1w6kgY29zYT8=
QaDaCg,W+qyjOyduF0K7Ja0Li4u,W0dhaW5dClVoLi4u,,,,,W0dhaW5dCkFoLi4u,,W0dhaW5dCkVoLi4u
QqDaCg,W+qyjOyduF0K7Ja0Li4uLi4/Pw==,W0dhaW5dClVoLi4uPz8=,,,,,W0dhaW5dCkjDoy4uLi4uPz8=,,W0dhaW5dCkVoLi4uLi4/Pw==
Q6DaCg,W+qyjOyduF0KM+qwnOyblCDrj5nslYgg66y87JeQIOu5oOyguOyeiOyXiOuKlOuNsOuPhC4uLiDsoITtmIAg67aA7Iud65CY7KeAIOyViuyVmOyWtOyalCwg7JmE7KCEIOupgOypoe2VnOqxuOyalD8/,W0dhaW5dCkV2ZW4gdGhvdWdoIGl0IHdhcyBzdWJtZXJnZWQgZm9yIHRocmVlIG1vbnRocy4uLiBpdCBkaWRu4oCZdCBjb3Jyb2RlIGF0IGFsbC4gSXTigJlzIGluIHBlcmZlY3QgY29uZGl0aW9uPz8=,,,,,W0dhaW5dCk1lc21vIHRlbmRvIGZpY2FkbyBzdWJtZXJzbyBwb3IgMyBtZXNlcy4uLiBuw6NvIGNvcnJvZXUgbmVtIHVtIHBvdWNvLCBlc3TDoSB0b3RhbG1lbnRlIGludGFjdG8/Pw==,,W0dhaW5dCkF1bnF1ZSBlc3R1dm8gc3VtZXJnaWRvIGVuIGVsIGFndWEgZHVyYW50ZSAzIG1lc2VzLi4uIG5vIHNlIG94aWTDsyBlbiBhYnNvbHV0bywgwqFlc3TDoSBjb21vIG51ZXZvIQ==
RKDaCg,W+qyjOyduF0K7J2MLi4uIOq3uOumrOqzoCDrr7jrrJjtlZjqsowg67mb64KY6rOgIOyeiOuKlCDripDrgozrj4Qg7J6I64qUIOqygyDqsJnsnYDrjbAuLi4g64Ka7Iuv64yA6rCAIOy9lO2MheuQmOyWtCDsnojripQg6rKDIOqwmeydgCDripDrgozsnbTrnoTquYzsmpQ/,W0dhaW5dCkhtbS4uLiBBbmQgaXQgYWxzbyBmZWVscyBsaWtlIGl04oCZcyBmYWludGx5IGdsb3dpbmcuLi4gTGlrZSB0aGUgZmlzaGluZyByb2QgaGFzIHNvbWUga2luZCBvZiBjb2F0aW5nIG9uIGl0Pw==,,,,,W0dhaW5dCkh1bS4uLiBFIHRhbWLDqW0gcGFyZWNlIHF1ZSBlc3TDoSBicmlsaGFuZG8gZGUgbGV2ZS4uLiBUYWx2ZXogc2VqYSBjb21vIHNlIGEgdmFyYSBkZSBwZXNjYXIgZXN0aXZlc3NlIHJldmVzdGlkYT8=,,W0dhaW5dCk1tbS4uLiBZIGFkZW3DoXMsIHBhcmVjZSBxdWUgYnJpbGxhIHN1dGlsbWVudGUuLi4gwr9Db21vIHNpIGxhIGNhw7FhIGRlIHBlc2NhciBlc3R1dmllcmEgcmVjdWJpZXJ0YT8=
RaDaCg,IC0g7JiG7JeQ7IScIOydtOyVvOq4sOulvCDrk6Pqs6Ag7J6I642YIOqyjOyduOydmCDsuZzqtazroZwg67O07J2064qUIOyekOqwgCDsnoXsnYQg7Je07JeI64ukLiAt,LSBTb21lb25lIHdobyBzZWVtZWQgdG8gYmUgYSBmcmllbmQgb2YgR2Fpbiwgd2hvIGhhZCBiZWVuIGxpc3RlbmluZyBuZWFyYnksIHNwb2tlIHVwLiAt,,,,,LSBVbSBzdWplaXRvIHF1ZSBwYXJlY2lhIHNlciBhbWlnbyBkZSBHYWluLCBxdWUgZXN0YXZhIG91dmluZG8gYSBjb252ZXJzYSBhbyBsYWRvLCBhYnJpdSBhIGJvY2EuIC0=,,LSBFbCBxdWUgcGFyZWPDrWEgc2VyIHVuIGFtaWdvIGRlIEdhaW4sIHF1ZSBlc3RhYmEgZXNjdWNoYW5kbyBsYSBjb252ZXJzYWNpw7NuIGEgdW4gbGFkbywgYWJyacOzIGxhIGJvY2EuIC0=
RqDaCg,W+udvOy8gF0K7Ja065SU7Ja065SULCDrgpjrj4Qg67O8656YISEg662Q6rCAIOusuOygnOyduOqxsOyVvD8/,W1Jha2VdCkxldCBtZSBzZWUsIGxldCBtZSBzZWUhIFdoYXQgZGlkIEphbmUgc2F5Pz8=,,,,,W1Jha2VdCk9uZGUsIG9uZGU/IEV1IHRhbWLDqW0gcXVlcm8gdmVyISEgTyBxdWUgw6kgcXVlIGEgSmFuZSBlc3TDoSBwZXJndW50YW5kbz8/,,W1Jha2VdCsKhQSB2ZXIsIGEgdmVyLCB5byB0YW1iacOpbiBxdWllcm8gdmVybG8hIMK/UXXDqSBlcyBsbyBxdWUgZGljZSBKYW5lPz8=
R6DaCg,W+qyjOyduF0K7J20IOuCmuyLr+uMgCDrp5DsnbTslbwuLi4gM+qwnOyblCDrj5nslYgg66y87JeQIOu5oOyguCDsnojsl4jrjZgg64Ka7Iuv64yA7J24642wIOybkO2YlSDqt7jrjIDroZwsIOyVhOuLiCDrjZTsmrEg7IOk67Cp7IOk67Cp7ZWcIOyDge2DnOuhnCDrsJzqsqzrkJjsl4jslrQu,W0dhaW5dClRoaXMgZmlzaGluZyByb2QuLi4gaXQgd2FzIHN1Ym1lcmdlZCBmb3IgdGhyZWUgbW9udGhzLCBidXQgaXQgd2FzIGZvdW5kIGluIHBlcmZlY3Qgc2hhcGXigJRubywgaW4gYW4gZXZlbiBtb3JlIHNwYXJrbGluZyBjb25kaXRpb24u,,,,,W0dhaW5dCkVzc2EgdmFyYSBkZSBwZXNjYXIuLi4gZmljb3Ugc3VibWVyc2EgcG9yIDMgbWVzZXMsIG1hcyBmb2kgZW5jb250cmFkYSBpbnRhY3RhLi4uIG7Do28sIGVtIHVtIGVzdGFkbyBhaW5kYSBtYWlzIHJlbHV6ZW50ZS4=,,W0dhaW5dCkVzdGUgc2VkYWwuLi4gRXMgdW4gc2VkYWwgcXVlIGVzdHV2byBzdW1lcmdpZG8gZW4gZWwgYWd1YSBkdXJhbnRlIDMgbWVzZXMsIHBlcm8gbG8gZW5jb250cmFyb24gZW4gc3UgZm9ybWEgb3JpZ2luYWwuLi4gbm8sIGVuIHVuIGVzdGFkbyBhw7puIG3DoXMgcmVsdWNpZW50ZS4=
SKDaCg,W+udvOy8gF0K7Jy87Jy87J2MLi4u,W1Jha2VdCk1tbS4uLg==,,,,,W1Jha2VdCkhtbW0uLi4=,,W1Jha2VdCk1tbS4uLg==
SaDaCg,W+udvOy8gF0K7J2MLi4uLi4=,W1Jha2VdClVtLi4uLi4=,,,,,W1Jha2VdCkh1bS4uLi4u,,W1Jha2VdCk1tbS4uLi4u
SqDaCg,LSDrnbzsvIDripQg7Je07Ius7Z6IIOuCmuyLr+uMgOulvCDsgrTtjrQg67O06rOgIOuCmOyEnCDqsozsnbjsl5Dqsowg64yA64u17ZWY7JiA64ukLiAt,LSBBZnRlciBjYXJlZnVsbHkgZXhhbWluaW5nIHRoZSBmaXNoaW5nIHJvZCwgUmFrZSByZXBsaWVkIHRvIEdhaW4uIC0=,,,,,LSBEZXBvaXMgZGUgZXhhbWluYXIgY3VpZGFkb3NhbWVudGUgYSB2YXJhIGRlIHBlc2NhLCBSYWtlIHJlc3BvbmRldSBhIEdhaW4uIC0=,,LSBSYWtlIGV4YW1pbsOzIGNvbiBhdGVuY2nDs24gbGEgY2HDsWEgZGUgcGVzY2FyIHkgbHVlZ28gbGUgcmVzcG9uZGnDsyBhIEdhaW4uIC0=
S6DaCg,W+udvOy8gF0K64KY64+EIOyemCDrqqjrpbTqsqDripTrjbA/,W1Jha2VdCknigJltIG5vdCByZWFsbHkgc3VyZSBlaXRoZXIu,,,,,W1Jha2VdCkV1IHRhbWLDqW0gbsOjbyBzZWkgZGlyZWl0bywgc2FiaWE/,,W1Jha2VdCllvIHRhbXBvY28gbG8gc8OpIG11eSBiaWVuLCDCv3NhYmVzPw==
TKDaCg,W+qyjOyduF0K64u57Jew7ZWY7KeAISEg64K06rCAIOuqqOultOuKlOuNsCDrhIjqsIAg7JWM6rKg7Ja0Pw==,W0dhaW5dCk9mIGNvdXJzZSEhIElmIEkgZG9uJ3Qga25vdywgaG93IHdvdWxkIHlvdT8=,,,,,W0dhaW5dCkNsYXJvIHF1ZSBzaW0hISBTZSBldSBuw6NvIHNlaSwgdm9jw6ogw6kgcXVlIHZhaSBzYWJlcj8=,,W0dhaW5dCsKhwqFDbGFybyBxdWUgc8OtISEgU2kgeW8gbm8gbG8gc8OpLCDCv2NyZWVzIHF1ZSB0w7ogbG8gdmFzIGEgc2FiZXI/
TaDaCg,W+udvOy8gF0K7J2MLi4uIO2VmOyngOunjCDsnbQg64Ka7Iuv64yA7JeQIOuMgO2VtCDsobDquIgg7JWM6rOgIOyeiOycvOyLpCDrp4ztlZwg67aE7J2AIOuCtOqwgCDslYzqs6Ag7J6I7Ja0Lg==,W1Jha2VdCkhtbS4uLiBCdXQgSSBkbyBrbm93IHNvbWVvbmUgd2hvIG1pZ2h0IGtub3cgYSBiaXQgYWJvdXQgdGhpcyBmaXNoaW5nIHJvZC4=,,,,,W1Jha2VdCkh1bS4uLiBtYXMgZXUgY29uaGXDp28gYWxndcOpbSBxdWUgdGFsdmV6IHNhaWJhIHVtIHBvdWNvIHNvYnJlIGVzdGEgdmFyYSBkZSBwZXNjYXIu,,W1Jha2VdCk1tbS4uLiBQZXJvIGNvbm96Y28gYSBhbGd1aWVuIHF1ZSBxdWl6w6Egc2VwYSB1biBwb2NvIHNvYnJlIGVzdGEgY2HDsWEgZGUgcGVzY2FyLg==
TqDaCg,W+qyjOyduF0K64iE6rWw642wPz8=,W0dhaW5dCldobyBhcmUgeW91Pz8=,,,,,W0dhaW5dClF1ZW0gw6kgdm9jw6o/Pw==,,W0dhaW5dCsK/UXVpw6luIGVyZXM/Pw==
T6DaCg,64iE6rWs7J246rCA7JqUPw==,V2hvIGFyZSB5b3U/,,,,,UXVlbSDDqSB2b2PDqj8=,,wr9RdWnDqW4gZXM/
UKDaCg,W+udvOy8gF0K7ZW07JaR7ZWZ7J6QIDxGT05UIENPTE9SID0gNEQ0REZGPjxGT05UIFNJWkUgPSAxNj48Qj7soJzrpqzrqqw8L0ZPTlQ+PC9GT05UPjwvQj7ri5jsnbTsi63ri4jri6QuIOyasOumrCDslYTrsoTsp4DsmYAg7Lmc67aE7J20IOyeiOycvOyFlOyEnCDrqocg67KIIOu1jCDsoIHsnbQg7J6I7Ja07JqULiDtmITsnqzripQg7ZSE66Gg7YWM65287J2YIOuPmeyqvSDrj4TshJzqtIDsl5Ag6rOE7IugIOqyg+ycvOuhnCDslYzqs6Ag7J6I7Ja07JqULg==,W1Jha2VdClRoaXMgaXMgdGhlIG9jZWFub2dyYXBoZXIgPEZPTlQgQ09MT1IgPSA0RDRERkY+PEZPTlQgU0laRSA9IDE2PjxCPkplcmltb248L0ZPTlQ+PC9GT05UPjwvQj4uIEhl4oCZcyBhY3F1YWludGVkIHdpdGggbXkgZmF0aGVyLCBzbyBJ4oCZdmUgbWV0IGhpbSBhIGZldyB0aW1lcy4gQXMgZmFyIGFzIEkga25vdywgaGXigJlzIGN1cnJlbnRseSBhdCB0aGUgbGlicmFyeSBlYXN0IG9mIFByb250ZXJhLg==,,,,,W1Jha2VdCkVzdGUgw6kgbyBvY2VhbsOzZ3JhZm8gPEZPTlQgQ09MT1IgPSA0RDRERkY+PEZPTlQgU0laRSA9IDE2PjxCPkplcmltb248L0ZPTlQ+PC9GT05UPjwvQj4uIEVsZSDDqSBhbWlnbyBkbyBtZXUgcGFpLCBlbnTDo28gasOhIG8gZW5jb250cmVpIGFsZ3VtYXMgdmV6ZXMuIFBlbG8gcXVlIHNlaSwgbm8gbW9tZW50byBlbGUgZXN0w6EgbmEgYmlibGlvdGVjYSBkbyBsZXN0ZSBkZSBQcm9udGVyYS4=,,W1Jha2VdCkVzIGVsIG9jZWFuw7NncmFmbyA8Rk9OVCBDT0xPUiA9IDRENERGRj48Rk9OVCBTSVpFID0gMTY+PEI+SmVyaW1vbjwvRk9OVD48L0ZPTlQ+PC9CPi4gQ29tbyBlcyBhbWlnbyBkZSBtaSBwYWRyZSwgbG8gaGUgdmlzdG8gdW5hcyBjdWFudGFzIHZlY2VzLiBTZWfDum4gdGVuZ28gZW50ZW5kaWRvLCBhaG9yYSBlc3TDoSBlbiBsYSBiaWJsaW90ZWNhIGRlbCBlc3RlIGRlIFByb250ZXJhLg==
UaDaCg,W+qyjOyduF0K7JWXLCDslYQuLi4g6re465+s66m0Li4g7KCA6riwIOuqqO2XmOqwgOuLmCEhIOy0iOuptOyXkCDso4TshqHtlZjsp4Drp4wg67aA7YOB7J2EIOuTnOugpOuPhCDrkKDquYzsmpQ/PyDsoIDtnazqsIAg7IKs7KCVIOyDgSDsl6zquLAg7J207KaI66Oo65Oc7JeQ7IScIOuyl+yWtOuCoCDsiJjqsIAg7JeG7Ja07ISc7JqULi4u,W0dhaW5dCkFoLCBhaC4uLiB0aGVuLi4uIHVtLCBBZHZlbnR1cmVyISEgU29ycnkgdG8gYXNrIHlvdSB0aGlzIHdoZW4gd2XigJl2ZSBqdXN0IG1ldCwgYnV0IGNvdWxkIEkgYXNrIHlvdSBhIGZhdm9yPz8gV2UgY2Fu4oCZdCBsZWF2ZSBJemx1ZGUgZHVlIHRvIG91ciBjaXJjdW1zdGFuY2VzLi4u,,,,,W0dhaW5dCkFoLCBhaC4uLiBlbnTDo28uLi4gZWksIGF2ZW50dXJlaXJvISEgRGVzY3VscGUgcGVsYSBvdXNhZGlhLCBtYXMgcG9zc28gbGhlIHBlZGlyIHVtIGZhdm9yPz8gUG9yIGNhdXNhIGRlIGNlcnRhcyBjaXJjdW5zdMOibmNpYXMsIG7Do28gY29uc2VndWltb3Mgc2FpciBkYXF1aSBkZSBJemx1ZGUuLi4=,,W0dhaW5dCkFoLCBhaC4uLiBlbnRvbmNlcy4uLiDCocKhb2lnYSwgYXZlbnR1cmVybyEhIFBlcmTDs24gcG9yIHBlZGlybGUgZXN0byBuYWRhIG3DoXMgY29ub2NlcmxlLCDCv3BvZHLDrWEgaGFjZXJtZSB1biBmYXZvcj8/IEVzIHF1ZSwgcG9yIGNpZXJ0YXMgY2lyY3Vuc3RhbmNpYXMsIG5vIHBvZGVtb3Mgc2FsaXIgZGUgYXF1w60sIGRlIEl6bHVkZS4uLg==
UqDaCg,W+qyjOyduF0K7KCA7Z2sIOuMgOyLoCDsoJzrpqzrqqwg64uY7J2EIOywvuyVhOqwgOyFlOyEnCDsnbQg64Ka7Iuv64yA66W8IOuztOyXrOyjvOyEuOyalC4uLiDsgqzshoztlZwg6rKD7J20652864+EIOyii+ycvOuLiC4uLuygleuztOqwgCDsobDquIjsnbTrnbzrj4Qg7J6I7JeI7Jy866m0IO2VqeuLiOuLpC4u,W0dhaW5dClBsZWFzZSBnbyBmaW5kIEplcmltb24gZm9yIHVzIGFuZCBzaG93IGhpbSB0aGlzIGZpc2hpbmcgcm9kLi4uIEV2ZW4gdGhlIHNtYWxsZXN0IHRoaW5nIHdpbGwgZG8uLi4gSSBqdXN0IGhvcGUgd2UgY2FuIGdldCBldmVuIGEgbGl0dGxlIGluZm9ybWF0aW9uLi4u,,,,,W0dhaW5dClBvciBmYXZvciwgdsOhIG5vIGx1Z2FyIGRlIG7Ds3MgZSBwcm9jdXJlIG8oYSkgSmVyaW1vbiwgZSBtb3N0cmUgYSBlbGUoYSkgZXN0YSB2YXJhIGRlIHBlc2Nhci4uLiBRdWFscXVlciBjb2lzYSwgcG9yIG1lbm9yIHF1ZSBzZWphLi4uIEVzcGVybyBxdWUgaGFqYSBhbyBtZW5vcyB1bSBwb3VjbyBkZSBpbmZvcm1hw6fDo28uLg==,,W0dhaW5dCkVuIG51ZXN0cm8gbHVnYXIsIHZheWEgYSBidXNjYXIgYSBKZXJpbW9uIHkgbXXDqXN0cmVsZSBlc3RhIGNhw7FhIGRlIHBlc2Nhci4uLiBBdW5xdWUgc2VhIGFsZ28gaW5zaWduaWZpY2FudGUuLi4gZXNwZXJhbW9zIHF1ZSBoYXlhIGF1bnF1ZSBzZWEgdW4gcG9jbyBkZSBpbmZvcm1hY2nDs24uLg==
U6DaCg,7KKL7Iq164uI64ukLiDri6TrhYDsmKTrj4TroZ0g7ZWY7KOgLg==,QWxsIHJpZ2h0LiBJ4oCZbGwgYmUgb24gbXkgd2F5Lg==,,,,,TXVpdG8gYmVtLiBFbnTDo28sIHZvdSBpbmRvLg==,,RGUgYWN1ZXJkby4gRW50b25jZXMgaXLDqS4=
VKDaCg,7KOE7Iah7ZWp64uI64ukLiDsp4DquIjsnYAg7KCc6rCAIOyhsOq4iCDrsJTruaDshJwuLi4=,SeKAmW0gc29ycnkuIEnigJltIGEgYml0IGJ1c3kgcmlnaHQgbm93Li4u,,,,,RGVzY3VscGUuIEFnb3JhIGVzdG91IHVtIHBvdWNvIG9jdXBhZG8uLi4=,,TG8gc2llbnRvLiBBaG9yYSBtaXNtbyBlc3RveSB1biBwb2NvIG9jdXBhZG8uLi4=
VaDaCg,W+qyjOyduF0K7Ja07JeHLi4uIOqwkOyCrO2VqeuLiOuLpCE=,W0dhaW5dCk9oLi4uIHRoYW5rIHlvdSE=,,,,,W0dhaW5dCkFoLi4uIG9icmlnYWRvIQ==,,W0dhaW5dCsKhT2guLi4gZ3JhY2lhcyE=
VqDaCg,W+qyjOyduF0KXjRENERGRuygnOumrOuqrF4wMDAwMDAg64uY7J2AIOyVhOyngSDtlITroaDthYzrnbzsnZggPE5BVkk+W+uPmeyqvSDrj4TshJzqtIBdPElORk8+cHJvbnRlcmEsMTkyLDI2NCw8L0lORk8+PC9OQVZJPuyXkCDqs4Tsi6Qg6rGw7JeQ7JqULg==,W0dhaW5dCl40RDRERkZKZXJpbW9uXjAwMDAwMCBzaG91bGQgc3RpbGwgYmUgYXQgdGhlIDxOQVZJPltFYXN0IExpYnJhcnldPElORk8+cHJvbnRlcmEsMTkyLDI2NCw8L0lORk8+PC9OQVZJPiBpbiBQcm9udGVyYS4=,,,,,W0dhaW5dCl40RDRERkZKZXJpbW9uXjAwMDAwMCBhaW5kYSBkZXZlIGVzdGFyIG5hIDxOQVZJPltCaWJsaW90ZWNhIGRvIExlc3RlXTxJTkZPPnByb250ZXJhLDE5MiwyNjQsPC9JTkZPPjwvTkFWST4gZGUgUHJvbnRlcmEu,,W0dhaW5dCl40RDRERkZKZXJpbW9uXjAwMDAwMCBhw7puIGVzdGFyw6EgZW4gbGEgPE5BVkk+PElORk8+cHJvbnRlcmEsMTkyLDI2NCw8L0lORk8+W0JpYmxpb3RlY2EgZGVsIEVzdGVdPC9OQVZJPiBkZSBQcm9udGVyYS4=
V6DaCg,W+qyjOyduF0K7J6QIOyXrOq4sCDsi5zro6jrk5zsnZgg7Jyg7ZKI7J24IOuCmuyLr+uMgOulvCDrk5zrpqzqsqDsirXri4jri6QuIOyemCDrtoDtg4Hrk5zrpr3ri4jri6QuLi4=,W0dhaW5dCkFsbCByaWdodCwgaGVyZSBpcyB0aGUgZmlzaGluZyByb2QgdGhhdCBiZWxvbmdlZCB0byBTaXJ1ZC4gUGxlYXNlIHRha2UgZ29vZCBjYXJlIG9mIGl0Li4u,,,,,W0dhaW5dCkFxdWkgZXN0w6EuIFZvdSBsaGUgZW50cmVnYXIgYSB2YXJhIGRlIHBlc2NhciwgdW0gcGVydGVuY2UgZGVpeGFkbyBwb3IgU2lydWQuIENvbnRvIGNvbSB2b2PDqi4uLg==,,W0dhaW5dCkJpZW4sIGFxdcOtIGxlIGVudHJlZ2Fyw6kgbGEgY2HDsWEgZGUgcGVzY2FyLCB1bmEgcmVsaXF1aWEgZGUgU2lydWQuIExlIGFncmFkZXpjbyBkZSBhbnRlbWFuby4uLg==
WKDaCg,W+udvOy8gF0K662QPz8/IOycoO2SiOydtOudvOuLiCEhIOyLnOujqOuTnOqwgCDso73sl4jripTsp4Ag7IK07JWE7J6I64qU7KeA64+EIOuqqOultOuptOyEnCEh,W1Jha2VdCldoYXQ/ISBIaXMgYmVsb25naW5ncz8hIFdlIGRvbid0IGV2ZW4ga25vdyB3aGV0aGVyIFNpcnVkIGlzIGRlYWQgb3IgYWxpdmUhIQ==,,,,,W1Jha2VdCk8gcXXDqj8/PyBQZXJ0ZW5jZXMgcGVzc29haXM/ISBTZW0gbmVtIHNhYmVyIHNlIFNpcnVkIGVzdMOhIG1vcnRvIG91IHZpdm8hIQ==,,W1Jha2VdCsK/UXXDqT8gwqHCv1VuYSByZWxpcXVpYT8hIMKhwqFTaW4gc2FiZXIgc2lxdWllcmEgc2kgU2lydWQgZXN0w6EgbXVlcnRvIG8gdml2byEh
WaDaCg,W+qyjOyduF0K7Jy87JeHLi4uIOq3uOuemCDrgrTqsIAg66eQIOyLpOyImOulvCDtlojslrQsIOyLnOujqOuTnOqwgCDrgqjquLDqs6Ag6rCEIOuCmuyLr+uMgOyeheuLiOuLpC4g7JWE66y07Kq866GdIOyemCDrtoDtg4Hrk5zrpr3ri4jri6Qu,W0dhaW5dClVnaC4uLiBZZWFoLCBJIG1pc3Nwb2tlLiBJdOKAmXMgdGhlIGZpc2hpbmcgcm9kIFNpcnVkIGxlZnQgYmVoaW5kLiBQbGVhc2UgdGFrZSBnb29kIGNhcmUgb2YgaXQu,,,,,W0dhaW5dClVnaC4uLiBUw6EsIGV1IG1lIGVuZ2FuZWkgYW8gZmFsYXIuIMOJIGEgdmFyYSBkZSBwZXNjYXIgcXVlIFNpcnVkIGRlaXhvdSBwYXJhIHRyw6FzLiBEZSBxdWFscXVlciBmb3JtYSwgY29udG8gY29tIHZvY8OqLg==,,W0dhaW5dClVnaC4uLiBTw60sIG1lIGVxdWl2b3F1w6kgYWwgaGFibGFyOyBlcyBsYSBjYcOxYSBkZSBwZXNjYXIgcXVlIGRlasOzIFNpcnVkLiBFbiBmaW4sIHRlIGxhIGVuY2FyZ28u
WqDaCg,W+udvOy8gF0K7KCc6rCAIOyVhOuyhOyngOulvCDthrXtlbQg7ZW064u5IOuCtOyaqeyXkCDrjIDtlbQg66+466asIOygnOumrOuqrOuLmOyXkOqyjCDsoITri6zsnYQg65Oc66as64+E66GdIO2VoOqyjOyalCE=,W1Jha2VdCkknbGwgaGF2ZSBteSBmYXRoZXIgcGFzcyB0aGlzIGFsb25nIHRvIEplcmltb24gaW4gYWR2YW5jZSE=,,,,,W1Jha2VdClZvdSBwZWRpciBhbyBtZXUgcGFpIHBhcmEgYXZpc2FyIG8oYSkgSmVyaW1vbiBzb2JyZSBpc3NvIGNvbSBhbnRlY2Vkw6puY2lhIQ==,,W1Jha2VdCkhhcsOpIHF1ZSBtaSBwYWRyZSBsZSB0cmFuc21pdGEgY29uIGFudGVsYWNpw7NuIGVzdGUgYXN1bnRvIGEgSmVyaW1vbiE=
W6DaCg,W+qyjOyduCAmIOudvOy8gCAmIOyKpO2UhF0K6re465+8IOyemCDrtoDtg4Hrk5zrpr3ri4jri6QhISE=,W0dhaW4gJiBSYWtlICYgU3BydV0KVGhlbiBJ4oCZbGwgYmUgY291bnRpbmcgb24geW91ISEh,,,,,W0dhaW4gJiBSYWtlICYgU3BydV0KRW50w6NvIGNvbnRvIGNvbSB2b2PDqnMhISE=,,W0dhaW4gJiBSYWtlICYgU3BydV0KwqFFbnRvbmNlcywgY3VlbnRvIGNvbiB1c3RlZGVzISEh
XKDaCg,W+qyjOyduF0K7JWE64uILi4uIOygleunkOydtOyLoOqwgOyalD8=,W0dhaW5dCk5vLi4uIElzIHRoYXQgcmVhbGx5IHRydWU/,,,,,W0dhaW5dCk7Do28uLi4gw6kgdmVyZGFkZSBtZXNtbz8=,,W0dhaW5dCk5vLi4uIMK/ZGUgdmVyZGFkPw==
XaDaCg,W+qyjOyduF0K7J20IOqwgOyKtCDslYTtlIgg7IKs7Jew6rO8IOyImOyImOq7mOuBvOydmCDri6jshJzsl5Ag64yA7ZWcIOuCtOyaqeydhCDrk6TsnLzsi5zqs6Drj4Qg65Kk64+M7JWE7IScIOqwgOyLnOuKlCDqsbTqsIDsmpQuLi4=,W0dhaW5dCkV2ZW4gYWZ0ZXIgaGVhcmluZyB0aGlzIGhlYXJ0YnJlYWtpbmcgc3RvcnkgYW5kIHRoZSBjbHVlcyB0byB0aGUgbXlzdGVyeSwgYXJlIHlvdSByZWFsbHkgZ29pbmcgdG8gdHVybiB5b3VyIGJhY2sgYW5kIHdhbGsgYXdheS4uLj8=,,,,,W0dhaW5dCk1lc21vIGRlcG9pcyBkZSBvdXZpciBlc3RhIGhpc3TDs3JpYSB0w6NvIGRvbG9yb3NhIGUgYXMgcGlzdGFzIGRvIG1pc3TDqXJpbywgdm9jw6ogdmFpIG1lc21vIGRhciBhcyBjb3N0YXMgZSBpciBlbWJvcmEuLi4/,,W0dhaW5dCsK/RGUgdmVyZGFkIHZhcyBhIGRhcnRlIGxhIHZ1ZWx0YSBlIGlydGUgaW5jbHVzbyBkZXNwdcOpcyBkZSBvw61yIGVzdGEgdHJpc3RlIGhpc3RvcmlhIHkgbGFzIHBpc3RhcyBkZWwgbWlzdGVyaW8uLi4/
XqDaCg,W+qyjOyduF0K65287LyA6rCAIOyVjOugpOykrOuNmCDrjIDroZwg7ZSE66Gg7YWM65287J2YIDxOQVZJPlvrj5nsqr0g64+E7ISc6rSAXTxJTkZPPnByb250ZXJhLDE5MiwyNjQsPC9JTkZPPjwvTkFWST7snLzroZwg6rCA7Iuc66m0IOuQqeuLiOuLpC4=,W0dhaW5dCkp1c3QgYXMgUmFrZSB0b2xkIHlvdSwgaGVhZCB0byB0aGUgRWFzdCBMaWJyYXJ5IGluIFByb250ZXJhIGF0IDxOQVZJPltFYXN0IExpYnJhcnldPElORk8+cHJvbnRlcmEsMTkyLDI2NCw8L0lORk8+PC9OQVZJPi4=,,,,,W0dhaW5dCkNvbW8gUmFrZSBkaXNzZSwgYmFzdGEgaXIgYXTDqSBhIDxOQVZJPltCaWJsaW90ZWNhIGRvIExlc3RlXTxJTkZPPnByb250ZXJhLDE5MiwyNjQsPC9JTkZPPjwvTkFWST4gZW0gUHJvbnRlcmEu,,W0dhaW5dClRhbCBjb21vIHRlIGRpam8gUmFrZSwgdmUgYSBsYSA8TkFWST5bQmlibGlvdGVjYSBkZWwgRXN0ZV08SU5GTz5wcm9udGVyYSwxOTIsMjY0LDwvSU5GTz48L05BVkk+IGRlIFByb250ZXJhLg==
X6DaCg,W+qyjOyduF0K66q4IOyhsOyLrO2eiCDri6TrhYDsmKTshLjsmpQhISDslYTso7wg7J6R7J2AIOuLqOyEnOudvOuPhCDrgpjsmZTsnLzrqbQg7KKL6rKg64Sk7JqULi4u,W0dhaW5dCkJlIGNhcmVmdWwgb3V0IHRoZXJlISEgSSBob3BlIHlvdSBmaW5kIGV2ZW4gdGhlIHNtYWxsZXN0IGNsdWUuLi4=,,,,,W0dhaW5dClZvbHRlIGVtIHNlZ3VyYW7Dp2EhISBFc3Blcm8gcXVlIGFwYXJlw6dhIG5lbSBxdWUgc2VqYSB1bWEgcGlzdGEgYmVtIHBlcXVlbmEuLi4=,,W0dhaW5dCsKhVnVlbHZlIGNvbiBjdWlkYWRvISDCoU9qYWzDoSBlbmNvbnRyZW1vcyBhdW5xdWUgc2VhIHVuYSBwaXN0YSBtdXkgcGVxdWXDsWEuLi4h
YKDaCg,W+qyjOyduF0K7JWELCDsmKTshajqtbDsmpQhISE=,W0dhaW5dCkFoLCB5b3XigJlyZSBoZXJlISEh,,,,,W0dhaW5dCkFoLCB2b2PDqiBjaGVnb3UhISE=,,W0dhaW5dCsKhQWgsIHlhIGhhcyBsbGVnYWRvISDCocKhwqFCaWVudmVuaWRvISEh
YaDaCg,W+qyjOyduF0K7Iuc66Oo65Oc7JeQIOuMgO2VnCDsoJXrs7TqsIAg7KGw6riIIOyeiOuNmOqwgOyalD8/,W0dhaW5dCkRpZCB5b3UgZmluZCBvdXQgYW55dGhpbmcgYWJvdXQgU2lydWQ/Pw==,,,,,W0dhaW5dClRlbSBhbGd1bWEgaW5mb3JtYcOnw6NvIHNvYnJlIFNpcnVkPz8=,,W0dhaW5dCsK/VGVuw61hcyBhbGdvIGRlIGluZm9ybWFjacOzbiBzb2JyZSBTaXJ1ZD8/
YqDaCg,LSDsoJzrpqzrqqzsl5Dqsowg65Ok7J2AIOuCtOyaqeydhCDqt7jrjIDroZwg7KCE64us7ZWY7JiA64ukLiAt,LSBZb3UgcmVsYXllZCBleGFjdGx5IHdoYXQgeW91IGhlYXJkIGZyb20gSmVyaW1vbi4gLQ==,,,,,LSBUcmFuc21pdGkgZXhhdGFtZW50ZSBvIHF1ZSBvdXZpIGRlIEplcmltb24uIC0=,,LSBUcmFuc21pdGlzdGUgdGFsIGN1YWwgbG8gcXVlIG/DrXN0ZSBkZSBKZXJpbW9uLiAt
Y6DaCg,W+qyjOyduF0K7JWELi4uIOq3uOugh+q1sOyalCwg7ZW06rWs7JeQIOuMgO2VtOyEnOuKlCDsoIDrj4Qg7LKY7J2MIOuTo+uEpOyalC4=,W0dhaW5dCkFoLi4uIEkgc2VlLiBUaGlzIGlzIG15IGZpcnN0IHRpbWUgaGVhcmluZyBhYm91dCB0aGUgdHJlbmNoLCB0b28u,,,,,W0dhaW5dCkFoLi4uIGVudGVuZG8sIHRhbWLDqW0gw6kgYSBwcmltZWlyYSB2ZXogcXVlIG91w6dvIGZhbGFyIGRhIEZvc3NhIE9jZcOibmljYS4=,,W0dhaW5dCkFoLi4uIHlhIHZlbywgeW8gdGFtYmnDqW4gb2lnbyBoYWJsYXIgcG9yIHByaW1lcmEgdmV6IGRlIGxhIGZvc2Egb2Nlw6FuaWNhLg==
ZKDaCg,W+qyjOyduF0K7J207KaI66Oo65OcIOq3vOyymOyXkCDqt7jroIfqsozrgpgg7YGs6rOgIOq5iuydgCDtlbTqtazqsIAg7J6I64uk64uILi4u,W0dhaW5dClRvIHRoaW5rIHRoZXJl4oCZcyBzdWNoIGEgaHVnZSwgZGVlcCB0cmVuY2ggbmVhciBJemx1ZGUuLi4=,,,,,W0dhaW5dClBlcnRvIGRlIEl6bHVkZSBleGlzdGUgdW1hIGZvc3NhIG9jZcOibmljYSB0w6NvIGdyYW5kZSBlIHByb2Z1bmRhIGFzc2ltLi4u,,W0dhaW5dClF1ZSBoYXlhIHVuYSBmb3NhIHRhbiBncmFuZGUgeSBwcm9mdW5kYSBjZXJjYSBkZSBJemx1ZGUuLi4=
ZaDaCg,W+qyjOyduF0K7JWXLCDqt7jrn7DrjbAg7Jes6riw66GcIOuLpOyLnCDsmKTsi6Ag6rKD7J2AIOy2lOqwgOuhnCDrjZQg7ZWE7JqU7ZWY7IugIOqyg+ydtCDsnojripQg6rG06rCA7JqUPw==,W0dhaW5dCk9oLCBidXQgZGlkIHlvdSBjb21lIGJhY2sgaGVyZSBiZWNhdXNlIHlvdSBuZWVkIHNvbWV0aGluZyBlbHNlIGFzIHdlbGw/,,,,,W0dhaW5dCkFoLCBtYXMgbyBmYXRvIGRlIHZvY8OqIHRlciB2b2x0YWRvIGFxdWkgc2lnbmlmaWNhIHF1ZSBwcmVjaXNhIGRlIG1haXMgYWxndW1hIGNvaXNhPw==,,W0dhaW5dCkFoLCBwZXJvIHF1ZSBoYXlhcyB2dWVsdG8gYXF1w60uLi4gwr9lcyBwb3JxdWUgbmVjZXNpdGFzIGFsZ28gbcOhcz8=
ZqDaCg,64Ka7Iuv64yAIOyZuOyXkCDrmJAg67Cc6rKs65CcIOusvOqxtOydtCDsl4bsnYTquYwg7ZW07ISc7JqULg==,SSB3YXMgd29uZGVyaW5nIGlmIHlvdSBmb3VuZCBhbnl0aGluZyBlbHNlIGJlc2lkZXMgdGhlIGZpc2hpbmcgcm9kLg==,,,,,U2Vyw6EgcXVlIG7Do28gZW5jb250cmFyYW0gbWFpcyBuYWRhIGFsw6ltIGRhIHZhcmEgZGUgcGVzY2FyPw==,,TWUgcHJlZ3VudGFiYSBzaSBubyBzZSBoYWJyw61hIGVuY29udHJhZG8gYWxnw7puIG90cm8gb2JqZXRvIGFkZW3DoXMgZGUgbGEgY2HDsWEgZGUgcGVzY2FyLg==
Z6DaCg,W+qyjOyduF0K7JWEIOunnuuLpCEh,W0dhaW5dCk9oLCByaWdodCEh,,,,,W0dhaW5dCkFoLCDDqSB2ZXJkYWRlISE=,,W0dhaW5dCsKhwqFBaCwgY2llcnRvISE=
aKDaCg,W+qyjOyduF0K64Ka7Iuv64yA6rCAIOuwnOqyrOuQnCDqs7Mg6re87LKY7JeQ7IScIOucsOyxhOuhnCDqsbTsoLjrgrgg642p7Ja066as7JeQ7JqULg==,W0dhaW5dClRoaXMgaXMgYSBsdW1wIEkgc2Nvb3BlZCB1cCB3aXRoIGEgbmV0IG5lYXIgd2hlcmUgdGhlIGZpc2hpbmcgcm9kIHdhcyBmb3VuZC4=,,,,,W0dhaW5dCsOJIHVtIHZvbHVtZSBxdWUgZm9pIHJlY29saGlkbyBjb20gdW1hIHJlZGUgZGUgcGVzY2EgcGVydG8gZG8gbG9jYWwgb25kZSBhIHZhcmEgZGUgcGVzY2FyIGZvaSBlbmNvbnRyYWRhLg==,,W0dhaW5dCkVzIHVuIGJ1bHRvIHF1ZSBzYXF1w6kgY29uIGxhIHJlZCBjZXJjYSBkZWwgbHVnYXIgZG9uZGUgc2UgZW5jb250csOzIGxhIGNhw7FhIGRlIHBlc2Nhci4=
aaDaCg,IC0g7J20IOuNqeyWtOumrOuKlCDsoJzrpqzrqqzsnbQg66eQ7ZWcCl40RDRERkbsi6zsl7DsnZgg7KCV7IiYXjAwMDAwMOqwgCDti4Drprzsl4bripQg65OvIO2VmOuLpC4gLQ==,IC0gVGhpcyBsdW1wIG11c3QgYmUgdGhlIF40RDRERkZFc3NlbmNlIG9mIEFieXNzXjAwMDAwMCB0aGF0IEplcmltb24gbWVudGlvbmVkLiAt,,,,,IC0gRXN0ZSBmcmFnbWVudG8gcGFyZWNlIHNlciwgc2VtIGTDunZpZGEsCmEgXjRENERGRkVzc8OqbmNpYSBBYmlzc2FsXjAwMDAwMCBkZSBxdWUgSmVyaW1vbiBmYWxvdS4gLQ==,,IC0gUGFyZWNlIHF1ZSBlc3RlIGZyYWdtZW50byBlcyBzaW4gZHVkYSBsYQpeNEQ0REZGRXNlbmNpYSBkZWwgQWJpc21vXjAwMDAwMCBkZSBsYSBxdWUgaGFibMOzIEplcmltb24uIC0=
aqDaCg,W+qyjOyduF0K662U6rCAIOuwmOynneqxsOumrOuKlCDqsoPsnbQg7Iuc66Oo65Oc7J2YIOuCmuyLr+uMgCDripDrgozsnbQg7KKAIOyeiOyWtOyEnCDsnbzri6gg7ZmV67O066W8IO2VtCDrkZDsl4jsirXri4jri6QuCuydtCDrjanslrTrpqzqsIAg64+E7JuA7J20IOuQoCDsiJgg7J6I7J2E6rmM7JqUPw==,W0dhaW5dCkl0IHdhcyBnbGl0dGVyaW5nLCBhbmQgaXQgZmVsdCBhIGJpdCBsaWtlIEZpc2hpbmcgUm9kIG9mIFNpcnVkLCBzbyBJIHNlY3VyZWQgaXQgZm9yIG5vdy4KRG8geW91IHRoaW5rIHRoaXMgY2h1bmsgY291bGQgYmUgb2YgaGVscD8=,,,,,W0dhaW5dCkNvbW8gdGluaGEgdW0gY2VydG8gYnJpbGhvIGUgbGVtYnJhdmEgdW0gcG91Y28gVmFyYSBkZSBQZXNjYSBkZSBTaXJvb2RzLCBwb3IgZW5xdWFudG8gZXUgYSBndWFyZGVpLgpTZXLDoSBxdWUgZXN0ZSBwZWRhw6dvIHBvZGUgYWp1ZGFyPw==,,W0dhaW5dCkNvbW8gdGVuw61hIGFsZ28gZGUgYnJpbGxvIHkgc2UgcGFyZWPDrWEgdW4gcG9jbyBhIENhw7FhIGRlIFBlc2NhciBkZSBTaXJ1ZCwgcG9yIGFob3JhIGxvIGhlIGd1YXJkYWRvLgrCv0NyZWVzIHF1ZSBlc3RlIHRyb3pvIHBvZHLDrWEgc2VyIGRlIGF5dWRhPw==
a6DaCg,6rOg66eZ7Iq164uI64ukLCDtgbAg64+E7JuA7J20IOuQoCDqsbDsl5DsmpQu,VGhhbmsgeW91LiBUaGlzIHdpbGwgYmUgYSBiaWcgaGVscC4=,,,,,T2JyaWdhZG8sIGlzc28gdmFpIHNlciBkZSBncmFuZGUgYWp1ZGEu,,R3JhY2lhcywgc2Vyw6EgZGUgZ3JhbiBheXVkYS4=
bKDaCg,W+qyjOyduF0K64uk7IucIOygnOumrOuqrOuLmOq7mCDqsIDsi5zripTqsbTqsIDsmpQ/IOu2gOuUlCDsobDsi6ztnogg64uk64WA7Jik7IS47JqULg==,W0dhaW5dCkFyZSB5b3UgZ29pbmcgdG8gc2VlIEplcmltb24gYWdhaW4/IFBsZWFzZSBiZSBjYXJlZnVsIG9uIHlvdXIgd2F5Lg==,,,,,W0dhaW5dClZhaSB2b2x0YXIgYXTDqSBKZXJpbW9uPyBQb3IgZmF2b3IsIHbDoSBjb20gY3VpZGFkby4=,,W0dhaW5dCsK/VmFzIGEgdmVyIGRlIG51ZXZvIGEgSmVyaW1vbj8gUG9yIGZhdm9yLCB2ZSBjb24gY3VpZGFkby4=
baDaCg,W+qyjOyduF0K64Ka7Iuv64yA6rCAIOupgOypoe2VmOqyjCDrgpjtg4Drgpwg6rKDIOyymOufvCDsi5zro6jrk5zrj4Qg66mA7Kmh7ZWcIOuqqOyKteycvOuhnCDsmrDrpqwg7JWe7JeQIOuCmO2DgOuCrOycvOuptCDsoovqsqDrhKTsmpQuLi4=,W0dhaW5dCkkgaG9wZSBTaXJ1ZCB3aWxsIGFwcGVhciBiZWZvcmUgdXMgc2FmZSBhbmQgc291bmQgYXMgd2VsbCwganVzdCBsaWtlIHRoZSBmaXNoaW5nIHJvZCBzaG93ZWQgdXAgaW4gcGVyZmVjdCBjb25kaXRpb24uLi4=,,,,,W0dhaW5dClRvbWFyYSBxdWUsIGFzc2ltIGNvbW8gYSB2YXJhIGRlIHBlc2NhciBhcGFyZWNldSBpbnRhY3RhLCBTaXJ1ZCB0YW1iw6ltIGFwYXJlw6dhIGRpYW50ZSBkZSBuw7NzIHPDo28gZSBzYWx2by4uLg==,,W0dhaW5dCk9qYWzDoSBxdWUsIGFzw60gY29tbyBsYSBjYcOxYSBkZSBwZXNjYXIgYXBhcmVjacOzIGludGFjdGEsIFNpcnVkIHRhbWJpw6luIHNlIHByZXNlbnRlIGFudGUgbm9zb3Ryb3Mgc2FubyB5IHNhbHZvLi4u
bqDaCg,W+qyjOyduF0K7IOI66Gc7Jq0IOygleuztOqwgCDsg53quLDrqbQg7KCA7JeQ6rKMIOq8rSDslYzroKTso7zshLjsmpQh,W0dhaW5dCklmIHlvdSBsZWFybiBhbnl0aGluZyBuZXcsIHBsZWFzZSBiZSBzdXJlIHRvIGxldCBtZSBrbm93IQ==,,,,,W0dhaW5dClNlIHN1cmdpciBhbGd1bWEgaW5mb3JtYcOnw6NvIG5vdmEsIHBvciBmYXZvciBtZSBhdmlzZSBjb20gY2VydGV6YSE=,,W0dhaW5dCsKhU2kgc3VyZ2UgbnVldmEgaW5mb3JtYWNpw7NuLCBwb3IgZmF2b3IgYXbDrXNhbWUgc2luIGZhbHRhIQ==
b6DaCg,W+qyjOyduF0K7ZeJLi4u7ZeJLi4u7JWI64WV7ZWY7IS47JqUIOuqqO2XmOqwgOuLmCwg7ZelLi4u7ZelLi4uIOyngOyzkOyEnCDsm4Dsp4Hsnbwg7IiY6rCAIOyXhuuEpOyalC4uLg==,W0dhaW5dCkh1ZmYuLi4gaHVmZi4uLiBIZWxsbywgQWR2ZW50dXJlciwgaHVmZi4uLiBodWZmLi4uIEknbSBzbyBleGhhdXN0ZWQgSSBjYW4ndCBldmVuIG1vdmUuLi4=,,,,,W0dhaW5dCkh1ZmYuLi4gaHVmZi4uLiBPbMOhLCBhdmVudHVyZWlybywgaHVmZi4uLiBodWZmLi4uIGVzdG91IHTDo28gZXhhdXN0byBxdWUgbsOjbyBjb25zaWdvIG1lIG1leGVyLi4u,,W0dhaW5dCkphZGVvLi4uIGphZGVvLi4uIEhvbGEsIGF2ZW50dXJlcm8sIGphZGVvLi4uIGphZGVvLi4uIGVzdG95IHRhbiBjYW5zYWRvIHF1ZSBubyBwdWVkbyBtb3Zlcm1lLi4u
cKDaCg,65287LyA,UmFrZQ==,,,,,UmFrZQ==,,UmFrZQ==
caDaCg,W+udvOy8gF0K7KCV66eQIOqzoOunmeyKteuLiOuLpCEh,W1Jha2VdClRoYW5rIHlvdSBzbyBtdWNoISE=,,,,,W1Jha2VdCk11aXRvIG9icmlnYWRvISE=,,W1Jha2VdCsKhwqFEZSB2ZXJkYWQsIG11Y2hhcyBncmFjaWFzISE=
cqDaCg,W+udvOy8gF0K7J207KCcIOuLpOyLnCDsi5zro6jrk5zsmYAg64Ka7Iuc66W8IO2VoCDsiJgg7J6I6rKMIOuQmOyXiOuEpOyalC4=,W1Jha2VdCk5vdyB5b3UgY2FuIGZpc2ggd2l0aCBTaXJ1ZCBhZ2Fpbi4=,,,,,W1Jha2VdCkFnb3JhIHZvY8OqIHBvZGUgdm9sdGFyIGEgcGVzY2FyIGNvbSBTaXJ1ZC4=,,W1Jha2VdCkFob3JhIHlhIHB1ZWRvIHZvbHZlciBhIHBlc2NhciBjb24gU2lydWQu
c6DaCg,W+udvOy8gF0K7KCV66eQIOuLpO2WieydtOyVvC4uLg==,W1Jha2VdCldoYXQgYSByZWxpZWYuLi4=,,,,,W1Jha2VdCkFpbmRhIGJlbS4uLg==,,W1Jha2VdCk1lbm9zIG1hbC4uLg==
dKDaCg,W+udvOy8gF0K7ZeJ7ZeJLi4uIO2VnOuwlO2DlSDtnpjsnYQg7JOw64uIIOuEiOustCDtnpjrk6TslrTsmpQuLi4=,W1Jha2VdClBhbnQuLi4gQWZ0ZXIgYWxsIHRoYXQgZWZmb3J0LCBJ4oCZbSBleGhhdXN0ZWQuLi4=,,,,,W1Jha2VdCk9mZWdhbnRlLi4uIERlcG9pcyBkZSBmYXplciB0YW50YSBmb3LDp2EsIGVzdG91IGV4YXVzdG8uLi4=,,W1Jha2VdCkphZGVvLi4uIERlc3B1w6lzIGRlIGVzZm9yemFybWUgdGFudG8sIGVzdG95IGFnb3RhZG8uLi4=
daDaCg,W+udvOy8gF0K7ZWY7KeA66eMIOyLnOujqOuTnOulvCDsnITtlbTshJztlZjrqbQg7Ja866eI65Og7KeALi4u,W1Jha2VdCkJ1dCBpZiBpdOKAmXMgZm9yIFNpcnVkLCBJ4oCZbGwgZG8gYXMgbXVjaCBhcyB5b3Ugd2FudC4uLg==,,,,,W1Jha2VdCk1hcywgc2UgZm9yIHBlbG8gU2lydWQsIGV1IGZhw6dvIG8gcXVhbnRvIGZvciBwcmVjaXNvLi4u,,W1Jha2VdClBlcm8gc2kgZXMgcG9yIFNpcnVkLCBsbyBxdWUgc2VhLi4u
dqDaCg,W+udvOy8gF0K7Iuc66Oo65Oc6rCAIOyLpOyiheuQmOqzoCDrgpjshJwg65SxIDPqsJzsm5TsnbQg7KeA64KcIOyYpOuKmC4=,W1Jha2VdCkl0IGhhcyBiZWVuIGV4YWN0bHkgdGhyZWUgbW9udGhzIHNpbmNlIFNpcnVkIHdlbnQgbWlzc2luZywgYXMgb2YgdG9kYXku,,,,,W1Jha2VdCkhvamUsIGV4YXRhbWVudGUgMyBtZXNlcyBkZXBvaXMgZG8gZGVzYXBhcmVjaW1lbnRvIGRlIFNpcnVkLg==,,W1Jha2VdCkhveSwganVzdG8gMyBtZXNlcyBkZXNwdcOpcyBkZSBsYSBkZXNhcGFyaWNpw7NuIGRlIFNpcnVkLg==
d6DaCg,W+udvOy8gF0K7Iuc66Oo65Oc7J2YIOuCmuyLr+uMgOqwgCDrsJzqsqzrkJjsl4jrhKTsmpQu,W1Jha2VdCkxvb2tzIGxpa2UgRmlzaGluZyBSb2Qgb2YgU2lydWQgaGFzIGJlZW4gZm91bmQu,,,,,W1Jha2VdClZhcmEgZGUgUGVzY2EgZGUgU2lyb29kcyBmb2kgZW5jb250cmFkYS4=,,W1Jha2VdClBhcmVjZSBxdWUgc2UgaGEgZW5jb250cmFkbyBDYcOxYSBkZSBQZXNjYXIgZGUgU2lydWQu
eKDaCg,W+udvOy8gF0K7KCA64qUIOq3uOufsCDsg53qsIHsnbQg65Ok642U65286rOg7JqULg==,W1Jha2VdCkkgZm91bmQgbXlzZWxmIHRoaW5raW5nIHRoYXQgd2F5Lg==,,,,,W1Jha2VdCkV1IGFjYWJlaSBwZW5zYW5kbyBuaXNzby4=,,W1Jha2VdCk1lIHZpbm8gZXNlIHBlbnNhbWllbnRvLg==
eaDaCg,7Ja065akIOyDneqwgeydtOyalD8=,V2hhdCBkbyB5b3UgbWVhbj8=,,,,,UXVlIHRpcG8gZGUgcGVuc2FtZW50bz8=,,wr9FbiBxdcOpIGVzdMOhcyBwZW5zYW5kbz8=
eqDaCg,W+udvOy8gF0K7JmcIOydtOygnOyEnOyVvCDrsJzqsqzrkJjsl4jsnYTquYzsmpQsIOydtOqyg+ydgCDriITqtbDqsIDqsIAg67O064K064qUIOuplOyEuOyngOqwgCDslYTri5DquYzsmpQ/,W1Jha2VdCldoeSB3YXMgaXQgb25seSBkaXNjb3ZlcmVkIG5vdz8gQ291bGQgdGhpcyBiZSBhIG1lc3NhZ2Ugc29tZW9uZSBzZW50Pw==,,,,,W1Jha2VdClBvciBxdWUgc8OzIGZvaSBkZXNjb2JlcnRvIGFnb3JhPyBTZXLDoSBxdWUgaXN0byBuw6NvIMOpIHVtYSBtZW5zYWdlbSBlbnZpYWRhIHBvciBhbGd1w6ltPw==,,W1Jha2VdCsK/UG9yIHF1w6kgc2UgZGVzY3VicmnDsyByZWNpw6luIGFob3JhPyDCv05vIHNlcsOhIHVuIG1lbnNhamUgZW52aWFkbyBwb3IgYWxndWllbj8=
e6DaCg,65Oj6rOgIOuztOuLiCDsnbzrpqzqsIAg7JeG7KeA64qUIOyViuuEpOyalC4=,Tm93IHRoYXQgSSBoZWFyIGl0LCB5b3UgZG8gaGF2ZSBhIHBvaW50Lg==,,,,,T3V2aW5kbyBhc3NpbSwgbsOjbyBkZWl4YSBkZSBmYXplciBzZW50aWRvLg==,,QWhvcmEgcXVlIGxvIGRpY2VzLCBubyBkZWphIGRlIHRlbmVyIHNlbnRpZG8u
fKDaCg,W+udvOy8gF0K7ZWYLi4uIOq3uOuDpSDsoIDsnZgg66ed7IOB7J28IOu/kOydtOyXkOyalC4g7Jik64qY65Sw6528IOycoOuCnO2eiCDqt7gg7JWE7J206rCAIOuztOqzoCDsi7bsirXri4jri6Qu,W1Jha2VdClNpZ2guLi4gSXTigJlzIGp1c3QgbXkgaW1hZ2luYXRpb24uIEZvciBzb21lIHJlYXNvbiB0b2RheSwgSSByZWFsbHkgbWlzcyB0aGF0IGNoaWxkLg==,,,,,W1Jha2VdCkFoLi4uIMOpIHPDsyBpbWFnaW5hw6fDo28gbWluaGEuIEhvamUsIHBvciBhbGd1bSBtb3Rpdm8sIHNpbnRvIG11aXRhIHZvbnRhZGUgZGUgdmVyIGFxdWVsYSBjcmlhbsOnYS4=,,W1Jha2VdCkFoLi4uIHNvbG8gZXMgbWkgaW1hZ2luYWNpw7NuLiBIb3ksIHBvciBhbGd1bmEgcmF6w7NuLCB0ZW5nbyBtdWNoYXMgZ2FuYXMgZGUgdmVyIGEgZXNlIG5pw7FvLg==
faDaCg,7Iqk7ZSE,U3BydQ==,,,,,U3BydQ==,,U3BydQ==
fqDaCg,W+yKpO2UhF0K7Iuc66Oo65Oc6rCAIOyasOumrCDqs4HsnLzroZwg64+M7JWE7JmU7Ja07JqULg==,W1NwcnVdClNpcnVkIGhhcyByZXR1cm5lZCB0byBvdXIgc2lkZS4=,,,,,W1NwcnVdClNpcnVkIHZvbHRvdSBwYXJhIG8gbm9zc28gbGFkby4=,,W1NwcnVdClNpcnVkIGhhIHZ1ZWx0byBhIG51ZXN0cm8gbGFkby4=
f6DaCg,W+yKpO2UhF0K66qo7ZeY6rCA64uYIOuNleu2hOyeheuLiOuLpC4g7KCV66eQIOqwkOyCrOuTnOugpOyalC4=,W1NwcnVdCkl04oCZcyBhbGwgdGhhbmtzIHRvIHlvdSwgQWR2ZW50dXJlci4gVGhhbmsgeW91IHNvIG11Y2gu,,,,,W1NwcnVdCsOJIGdyYcOnYXMgYSB2b2PDqiwgYXZlbnR1cmVpcm8uIE11aXRvIG9icmlnYWRvKGEpLg==,,W1NwcnVdCkVzIGdyYWNpYXMgYSB1c3RlZCwgYXZlbnR1cmVyby4gRGUgdmVyZGFkLCBtdWNoYXMgZ3JhY2lhcy4=
gKDaCg,W+yKpO2UhF0K7KCA7J2YIOyYqCDtnpjsnYQg64uk7ZaI7Iq164uI64ukLg==,W1NwcnVdCkkgZ2F2ZSBpdCBldmVyeXRoaW5nIEkgaGFkLg==,,,,,W1NwcnVdCkRlaSB0dWRvIGRlIG1pbS4=,,W1NwcnVdCkhlIGRhZG8gdG9kbyBsbyBxdWUgdGVuw61hLg==
gaDaCg,W+yKpO2UhF0K7Iuc66Oo65Oc64qUIOustOyCrO2eiCDrj4zslYTsmKTqsqDso6A/,W1NwcnVdClNpcnVkIHdpbGwgY29tZSBiYWNrIHNhZmVseSwgcmlnaHQ/,,,,,W1NwcnVdCk8gU2lydWQgdmFpIHZvbHRhciBlbSBzZWd1cmFuw6dhLCBuw6NvIHZhaT8=,,W1NwcnVdCsK/U2lydWQgdm9sdmVyw6Egc2FubyB5IHNhbHZvLCB2ZXJkYWQ/
gqDaCg,W+yKpO2UhF0K7JWI64WV7ZWY7IS47JqULCDsi6TsooXrkJwg7Iuc66Oo65Oc7J2YIOy5nOq1rCDsiqTtlITrnbzqs6Ag7ZWp64uI64ukLg==,W1NwcnVdCkhlbGxvLCBJJ20gU3BydSwgYSBmcmllbmQgb2YgdGhlIG1pc3NpbmcgU2lydWQu,,,,,W1NwcnVdCk9sw6EsIHNvdSBTcHJ1LCBhbWlnbyBkbyBTaXJ1ZCBxdWUgZGVzYXBhcmVjZXUu,,W1NwcnVdCkhvbGEsIHNveSBTcHJ1LCBhbWlnbyBkZSBTaXJ1ZCwgcXVpZW4gaGEgZGVzYXBhcmVjaWRvLg==
g6DaCg,W+yKpO2UhF0K7KCA7JmAIOyLnOujqOuTnCwg65287LyALCDqsozsnbgg7J2066CH6rKMIOuEt+ydtOyEnCDsooXsooUg64Ka7Iuc66W8IOymkOqyvOyXiOyWtOyalC4=,W1NwcnVdClNpcnVkLCBSYWtlLCBHYWluLCBhbmQgSeKAlHRoZSBmb3VyIG9mIHVz4oCUb2Z0ZW4gZW5qb3llZCBmaXNoaW5nIHRvZ2V0aGVyLg==,,,,,W1NwcnVdCkV1LCBTaXJ1ZCwgUmFrZSBlIEdhaW4sIG7Ds3MgcXVhdHJvLCBjb3N0dW3DoXZhbW9zIHBlc2NhciBkZSB2ZXogZW0gcXVhbmRvLg==,,W1NwcnVdCkEgbWVudWRvLCBTaXJ1ZCwgUmFrZSwgR2FpbiB5IHlvLCBsb3MgY3VhdHJvLCBkaXNmcnV0w6FiYW1vcyBkZSBsYSBwZXNjYS4=
hKDaCg,W+yKpO2UhF0K6re4IOu5hOuwlOuejOydtCDrqrDslYTss6TrjZgg64KgLi4uIOyLnOujqOuTnOqwgCDrgprsi5ztlZjrn6wg64KY6rCA64qUIOqyg+ydhCDrp5Drpqzsp4Ag7JWK7JWY642YIOqyg+yXkCDrjIDtlbQg7YGwIOyjhOyxheqwkOydhCDqsIDsp4Dqs6Ag7KeA64K07JmU7Ja07JqULg==,W1NwcnVdClRoYXQgZGF5IHRoZSBzdG9ybSByYWdlZC4uLiBJJ3ZlIGJlZW4gbGl2aW5nIHdpdGggdGVycmlibGUgZ3VpbHQgZm9yIG5vdCBzdG9wcGluZyBTaXJ1ZCBmcm9tIGdvaW5nIG91dCB0byBmaXNoLg==,,,,,W1NwcnVdCk5hcXVlbGUgZGlhIGVtIHF1ZSBhIHRlbXBlc3RhZGUgY2FpdSBjb20gdHVkby4uLiB2ZW5obyB2aXZlbmRvIGNvbSB1bSBncmFuZGUgc2VudGltZW50byBkZSBjdWxwYSBwb3IgbsOjbyB0ZXIgaW1wZWRpZG8gU2lydWQgZGUgc2FpciBwYXJhIHBlc2Nhci4=,,W1NwcnVdCkFxdWVsIGTDrWEgZW4gcXVlIGFycmVjaWFiYSBsYSB0b3JtZW50YS4uLiBoZSB2aXZpZG8gY29uIHVuYSBncmFuIGN1bHBhIHBvciBubyBoYWJlciBpbXBlZGlkbyBxdWUgU2lydWQgc2FsaWVyYSBhIHBlc2Nhci4=
haDaCg,W+yKpO2UhF0K7Iuc66Oo65Oc7J2YIOuCmuyLr+uMgOqwgCDrsJzqsqzrkJjsl4jri6TripQg7J207JW86riw66W8IOuTo+qzoCDrtoDrpqzrgpjsvIAg65uw7LOQIOuCmOyZlOyKteuLiOuLpC4=,W1NwcnVdCkkgaGVhcmQgdGhhdCBGaXNoaW5nIFJvZCBvZiBTaXJ1ZCBoYWQgYmVlbiBmb3VuZCwgc28gSSBjYW1lIHJ1bm5pbmcgcmlnaHQgYXdheS4=,,,,,W1NwcnVdCkFvIG91dmlyIHF1ZSBWYXJhIGRlIFBlc2NhIGRlIFNpcm9vZHMgZm9pIGVuY29udHJhZGEsIHNhw60gY29ycmVuZG8gw6BzIHByZXNzYXMu,,W1NwcnVdCkFsIG/DrXIgcXVlIHNlIGhhYsOtYSBlbmNvbnRyYWRvIGxhIENhw7FhIGRlIFBlc2NhciBkZSBTaXJ1ZCwgc2Fsw60gY29ycmllbmRvIGRlIGlubWVkaWF0by4=
hqDaCg,W+yKpO2UhF0K66y07JeH7J246rCAIOuLqOyEnOqwgCDsnojqsqDso6A/,W1NwcnVdClRoZXJlIG11c3QgYmUgc29tZSBraW5kIG9mIGNsdWUsIHJpZ2h0Pw==,,,,,W1NwcnVdCkRldmUgaGF2ZXIgYWxndW1hIHBpc3RhLCBuw6NvIMOpPw==,,W1NwcnVdCsK/SGFicsOhIGFsZ3VuYSBwaXN0YT8=
h6DaCg,7KCc66as66qs,SmVyaW1vbg==,,,,,SmVyaW1vbg==,,SmVyaW1vbg==
iKDaCg,W+ygnOumrOuqrF0K7J2MLi4uLiDsnLzsnYwuLi4=,W0plcmltb25dClVtLi4uIE1tbS4uLg==,,,,,W0plcmltb25dCkh1bS4uLi4gSHVtbS4uLg==,,W0plcmltb25dCk1tbS4uLiBFamVtLi4u
iaDaCg,W+ygnOumrOuqrF0K7Ja066ebLCDquZzsp53snbTslbwhIQ==,W0plcmltb25dCk9oIG15LCB5b3Ugc3RhcnRsZWQgbWUhIQ==,,,,,W0plcmltb25dCk5vc3NhLCBxdWUgc3VzdG8hIQ==,,W0plcmltb25dCsKhQXksIHF1w6kgc3VzdG8hIQ==
iqDaCg,W+ygnOumrOuqrF0K66y07IqoIOydvOydtOyLnOyjoD8g7KCc6rCAIOyngOq4iCDrsJTsgZjri4gg7J207JW86riw64qUIOuCmOykkeyXkCDrk6PqsqDsirXri4jri6Qu,W0plcmltb25dCldoYXQgaXMgaXQ/IEknbSBidXN5IHJpZ2h0IG5vdywgc28gSSdsbCBoZWFyIHlvdSBvdXQgbGF0ZXIu,,,,,W0plcmltb25dCk8gcXVlIGZvaT8gRXN0b3Ugb2N1cGFkbyBhZ29yYSwgZW50w6NvIG91dmlyZWkgc3VhIGhpc3TDs3JpYSBtYWlzIHRhcmRlLg==,,W0plcmltb25dCsK/UXXDqSBzdWNlZGU/IEFob3JhIGVzdG95IG9jdXBhZG8sIGFzw60gcXVlIGVzY3VjaGFyw6kgdHUgaGlzdG9yaWEgbcOhcyB0YXJkZS4=
i6DaCg,W+ygnOumrOuqrF0K66y07IqoIOydvOydtOyLnOyjoD8g7KCc6rCAIOyngOq4iOydgCDsooAg67CU7IGc642wLi4u,W0plcmltb25dCldoYXQgaXMgaXQ/IEknbSBhIGJpdCBidXN5IHJpZ2h0IG5vdy4uLg==,,,,,W0plcmltb25dCk8gcXVlIGZvaT8gTm8gbW9tZW50byBlc3RvdSB1bSBwb3VjbyBvY3VwYWRvLi4u,,W0plcmltb25dCsK/UXXDqSBzdWNlZGU/IEFob3JhIG1pc21vIGVzdG95IHVuIHBvY28gb2N1cGFkby4uLg==
jKDaCg,W+ygnOumrOuqrF0K7JWE7JWELCDrnbzsvIDsnZgg7IaM6rCc66GcIOyYpOyLoCDrtoTsnbTqtbDsmpQuIOq4sOuLpOumrOqzoCDsnojsl4jsirXri4jri6QuCuydvOuLqCDrgprsi6/rjIDrpbwg7KCA7JeQ6rKMIOuztOyXrOyjvOyLnOqyoOyWtOyalD8=,W0plcmltb25dCkFoLCB5b3UgbXVzdCBiZSB0aGUgb25lIFJha2UgdG9sZCBtZSBhYm91dC4gSeKAmXZlIGJlZW4gZXhwZWN0aW5nIHlvdS4KRmlyc3QsIGNvdWxkIHlvdSBzaG93IG1lIHlvdXIgZmlzaGluZyByb2Q/,,,,,W0plcmltb25dCkFoLCBlbnTDo28gdm9jw6ogdmVpbyBwb3IgaW5kaWNhw6fDo28gZGUgUmFrZS4gRXUgZXN0YXZhIGVzcGVyYW5kby4KUHJpbWVpcm8sIHBvZGVyaWEgbWUgbW9zdHJhciBhIHZhcmEgZGUgcGVzY2FyPw==,,W0plcmltb25dCkFoLCBhc8OtIHF1ZSB2aWVuZXMgcG9yIHJlY29tZW5kYWNpw7NuIGRlIFJha2UuIFRlIGVzdGFiYSBlc3BlcmFuZG8uClBhcmEgZW1wZXphciwgwr9wb2Ryw61hcyBtb3N0cmFybWUgbGEgY2HDsWEgZGUgcGVzY2FyPw==
jaDaCg,IC0g7KCc66as66qs7J2AIOuCmuyLr+uMgOulvCDrqbTrsIDtlZjqsowg6rSA7LCw7ZWY6riwIOyLnOyeke2WiOuLpC4gLQ==,LSBKZXJpbW9uIGJlZ2FuIHRvIGNhcmVmdWxseSBleGFtaW5lIHRoZSBmaXNoaW5nIHJvZC4gLQ==,,,,,IC0gSmVyaW1vbiBjb21lw6dvdSBhIG9ic2VydmFyIGEgdmFyYSBkZSBwZXNjYSBhdGVudGFtZW50ZS4gLQ==,,IC0gSmVyaW1vbiBlbXBlesOzIGEgb2JzZXJ2YXIgZGV0ZW5pZGFtZW50ZSBsYSBjYcOxYSBkZSBwZXNjYXIuIC0=
jqDaCg,Lg==,Lg==,,,,,Lg==,,Lg==
j6DaCg,Li4=,Li4=,,,,,Li4=,,Li4=
kKDaCg,Li4u,Li4u,,,,,Li4u,,Li4u
kaDaCg,Li4uLg==,Li4uLg==,,,,,Li4uLg==,,Li4uLg==
kqDaCg,Li4uLi4=,Li4uLi4=,,,,,Li4uLi4=,,Li4uLi4=
k6DaCg,W+ygnOumrOuqrF0K6re4656YLCDrp57slYQuLi4g7J20IOusvOyniOydgCDrsJTroZwg6re46rGw7JW8Li4uIOydtOugh+qyjCDrmJAg67Cc6rKs7ZWY6rKMIOuQmOuLpOuLiC4uLg==,W0plcmltb25dClllcywgdGhhdOKAmXMgcmlnaHQuLi4gVGhpcyBzdWJzdGFuY2UgaXMgdGhlIHJlYWwgdGhpbmcuLi4gVG8gdGhpbmsgSeKAmWQgZmluZCBpdCBhZ2FpbiBsaWtlIHRoaXMuLi4=,,,,,W0plcmltb25dClNpbSwgw6kgaXNzbyBtZXNtby4uLiBFc3RhIHN1YnN0w6JuY2lhIMOpIGV4YXRhbWVudGUgYXF1ZWxhLi4uIHBlbnNhciBxdWUgZXUgYSBlbmNvbnRyYXJpYSBkZSBub3ZvIGFzc2ltLi4u,,W0plcmltb25dClPDrSwgYXPDrSBlcy4uLiBFc3RhIHN1c3RhbmNpYSBlcyBqdXN0byBlc2EuLi4gUXVlIGxhIGhheWEgdnVlbHRvIGEgZW5jb250cmFyIGFzw60uLi4=
lKDaCg,7Ja065akIOusvOyniOydhCDrp5DslIDtlZjsi5zripTqsbTqsIDsmpQ/Pw==,V2hhdCBraW5kIG9mIG1hdGVyaWFsIGFyZSB5b3UgdGFsa2luZyBhYm91dD8/,,,,,RGUgcXVlIHN1YnN0w6JuY2lhIHZvY8OqIGVzdMOhIGZhbGFuZG8/Pw==,,wr9BIHF1w6kgc3VzdGFuY2lhIHNlIHJlZmllcmU/
laDaCg,W+ygnOumrOuqrF0K66qo7ZeY6rCA64uYLCDrsJTri6Tsl5DshJwg6rCA7J6lIOq5iuydgCDqs7PsnbQg7Ja065SU7J247KeAIOyVhOyLnOuCmOyalD8=,W0plcmltb25dCkFkdmVudHVyZXIsIGRvIHlvdSBrbm93IHdoZXJlIHRoZSBkZWVwZXN0IHBhcnQgb2YgdGhlIHNlYSBpcz8=,,,,,W0plcmltb25dCkF2ZW50dXJlaXJvLCB2b2PDqiBzYWJlIG9uZGUgZmljYSBvIGx1Z2FyIG1haXMgcHJvZnVuZG8gZG8gbWFyPw==,,W0plcmltb25dCkF2ZW50dXJlcm8sIMK/c2FiZSBjdcOhbCBlcyBlbCBsdWdhciBtw6FzIHByb2Z1bmRvIGRlbCBtYXI/
lqDaCg,6riA7I6E7JqULi4uPz8=,V2VsbC4uLj8/,,,,,U2VpIGzDoS4uLj8/,,UHVlcy4uLiDCv8K/Pz8=
l6DaCg,W+ygnOumrOuqrF0K67CU66GcIF40RDRERkbtlbTqtaxeMDAwMDAw65286rOgIOu2iOumrOyasOuKlCDqs7PsnbjrjbDsmpQsIOyJveqyjCDrp5DtlZjrqbQg67CU64ukIOyGjeyXkCDsnojripQg6rmK7J2AIOuCreuWoOufrOyngOudvOqzoCDrs7Tsi5zrqbQg65Cp64uI64ukLg==,W0plcmltb25dCkl04oCZcyBhIHBsYWNlIGNhbGxlZCB0aGUgXjRENERGRlRyZW5jaF4wMDAwMDAsIGFuZCBzaW1wbHkgcHV0LCB5b3UgY2FuIHRoaW5rIG9mIGl0IGFzIGEgZGVlcCBjbGlmZiBkb3duIGluIHRoZSBzZWEu,,,,,W0plcmltb25dCsOJIHVtIGx1Z2FyIGNoYW1hZG8gXjRENERGRkZvc3NhIE9jZcOibmljYV4wMDAwMDA7IGVtIG91dHJhcyBwYWxhdnJhcywgcG9kZSBwZW5zYXIgbmlzc28gY29tbyB1bSBwcm9mdW5kbyBwcmVjaXDDrWNpbyBubyBmdW5kbyBkbyBtYXIu,,W0plcmltb25dCkVzIHVuIGx1Z2FyIGxsYW1hZG8gXjRENERGRkZvc2EgT2Nlw6FuaWNhXjAwMDAwMDsgZW4gcG9jYXMgcGFsYWJyYXMsIHB1ZWRlcyB2ZXJsbyBjb21vIHVuIHByb2Z1bmRvIHByZWNpcGljaW8gYmFqbyBlbCBtYXIu
mKDaCg,W+ygnOumrOuqrF0K7KCEIOyEuOqzhOydmCDrsJTri6Tsl5DripQg64uk7JaR7ZWcIO2Yle2DnOydmCDtlbTqtazqsIAg7IiY67CxIOqwnCDsnbTsg4Eg7KG07J6s7ZWc64uk6rOgIOyVjOugpOyguCDsnojslrTsmpQu,W0plcmltb25dCkl04oCZcyBzYWlkIHRoYXQgdGhlcmUgYXJlIGh1bmRyZWRzIG9mIG9jZWFuIHRyZW5jaGVzIG9mIG1hbnkgZGlmZmVyZW50IGtpbmRzIGFjcm9zcyB0aGUgc2VhcyBvZiB0aGUgd29ybGQu,,,,,W0plcmltb25dCkRpemVtIHF1ZSBleGlzdGVtIG1haXMgZGUgY2VudGVuYXMgZGUgZm9zc2FzIG9jZcOibmljYXMgZGUgdsOhcmlvcyB0aXBvcyBub3MgbWFyZXMgZG8gbXVuZG8gaW50ZWlyby4=,,W0plcmltb25dClNlIGRpY2UgcXVlIGVuIGxvcyBtYXJlcyBkZSB0b2RvIGVsIG11bmRvIGV4aXN0ZW4gbcOhcyBkZSBjaWVudG9zIGRlIGZvc2FzIG9jZcOhbmljYXMgZGUgZGl2ZXJzYXMgZm9ybWFzLg==
maDaCg,W+ygnOumrOuqrF0K6re4IOykkeyXkOyEnCDqsIDsnqUg64ST6rOgIOq5iuydgCDtlbTqtazroZwg7JWM66Ck7KeEIOqzs+ydtCDrsJTroZwg7J207KaI66Oo65OcIOq3vOyymOyXkCDsobTsnqztlZjripQgXjRENERGRuuwlOydtOyVhOuegCDtlbTqtaxeMDAwMDAw7J6F64uI64ukLg==,W0plcmltb25dClRoZSB3aWRlc3QgYW5kIGRlZXBlc3QgdHJlbmNoIGFtb25nIHRoZW0gaXMgdGhlIF40RDRERkZCeWFsYW4gVHJlbmNoXjAwMDAwMCwgbG9jYXRlZCBuZWFyIEl6bHVkZS4=,,,,,W0plcmltb25dCkRlbnRyZSBlbGFzLCBhIHF1ZSDDqSBjb25oZWNpZGEgY29tbyBhIGZvc3NhIG1haXMgbGFyZ2EgZSBwcm9mdW5kYSDDqSBhIF40RDRERkZGb3NzYSBkZSBCeWFsYW5eMDAwMDAwLCBxdWUgZmljYSBwZXJ0byBkZSBJemx1ZGUu,,W0plcmltb25dCkRlIGVudHJlIGVsbG9zLCBlbCBxdWUgc2UgY29ub2NlIGNvbW8gbGEgZm9zYSBtw6FzIGFuY2hhIHkgcHJvZnVuZGEgZXMgbGEgXjRENERGRkZvc2EgQnlhbGFuXjAwMDAwMCwgcXVlIGV4aXN0ZSBjZXJjYSBkZSBJemx1ZGUu
mqDaCg,W+ygnOumrOuqrF0K7ZW06rWs7J2YIOuwkSDrsJTri6Ug7Kq97JeQ64qUIO2drOq3gO2VnCDsg53rqoXssrTrk6TsnbQg7KG07J6s7ZWY6rOgIOyeiOyWtOyEnCDsoIDsmYAg6rCZ7J2AIO2VtOyWkSDqtIDroKgg7ZWZ7J6Q65Ok7J2AIOqxsOq4sOyXkCDtgbAg6rSA7Ius7J2EIOuztOyXrOyZlOqzoCDtg5Dsg4nsnYQg7ZW0IOyZlOyjoC4=,W0plcmltb25dCkRvd24gYXQgdGhlIHZlcnkgYm90dG9tIG9mIHRoZSB0cmVuY2gsIHJhcmUgbGlmZWZvcm1zIGV4aXN0LCBzbyBtYXJpbmUgc2Nob2xhcnMgbGlrZSBtZSBoYXZlIGxvbmcgdGFrZW4gYSBncmVhdCBpbnRlcmVzdCBpbiBpdCBhbmQgaGF2ZSBiZWVuIGV4cGxvcmluZyBpdC4=,,,,,W0plcmltb25dCk5vIGZ1bmRvIGRhcyBwcm9mdW5kZXphcyBkbyBtYXIsIGV4aXN0ZW0gY3JpYXR1cmFzIHJhcmFzLCBlIGVzdHVkaW9zb3MgZG8gbWFyIGNvbW8gZXUgc2VtcHJlIGRlbW9uc3RyYXJhbSBncmFuZGUgaW50ZXJlc3NlIHBvciBpc3NvIGUgdMOqbSBleHBsb3JhZG8gbyBsb2NhbC4=,,W0plcmltb25dCkVuIGVsIGZvbmRvIGRlbCBhYmlzbW8gbWFyaW5vIGV4aXN0ZW4gY3JpYXR1cmFzIHJhcmFzLCBhc8OtIHF1ZSBsb3MgZXN0dWRpb3NvcyBkZWwgbWFyIGNvbW8geW8gc2llbXByZSBoZW1vcyBtb3N0cmFkbyB1biBncmFuIGludGVyw6lzIHkgbG8gaGVtb3MgZXhwbG9yYWRvLg==
m6DaCg,W+ygnOumrOuqrF0K6re464KY66eIIOq5iuydtOqwgCDslpXsnYAg7ZW06rWs64qUIOyWtOuKkOygleuPhCDtg5Dsg4ntlaAg7IiY6rCAIOyeiOyKteuLiOuLpC4=,W0plcmltb25dCldlIGNhbiBleHBsb3JlIHRoZSBzaGFsbG93ZXIgdHJlbmNoZXMgdG8gc29tZSBleHRlbnQu,,,,,W0plcmltb25dClBlbG8gbWVub3MgYXMgZm9zc2FzIG9jZcOibmljYXMgbWFpcyByYXNhcyBwb2RlbSBzZXIgZXhwbG9yYWRhcyBhdMOpIGNlcnRvIHBvbnRvLg==,,W0plcmltb25dCkFsIG1lbm9zLCBsYXMgZm9zYXMgbWFyaW5hcyBkZSBtZW5vciBwcm9mdW5kaWRhZCBzZSBwdWVkZW4gZXhwbG9yYXIgaGFzdGEgY2llcnRvIHB1bnRvLg==
nKDaCg,W+ygnOumrOuqrF0K7ZWY7KeA66eMIOuwlOydtOyVhOuegCDtlbTqtawg6rCZ7J2AIOqyveyasOyXkOuKlCDrp5Drj4Qg7JWI65CY6rKMIOq5iuydgCDqs7PsnbTrnbwg6rO87ZWZ7KCB7Jy866Gc64qUIOq3uCDslrTrlqQg7IOd66qF7LK064+EIOyhtOyerO2VoCDsiJgg7JeG64uk64qUIOqyg+ydtCDtlZnsnpDrk6TsnZgg6rOE7IKw7J207JeI64qU642w7JqULg==,W0plcmltb25dCkJ1dCBpbiB0aGUgY2FzZSBvZiB0aGUgQnlhbGFuIFRyZW5jaCwgaXQgd2FzIHNvIGltcG9zc2libHkgZGVlcCB0aGF0IHNjaG9sYXJzIGNhbGN1bGF0ZWQgdGhhdCwgc2NpZW50aWZpY2FsbHksIG5vIGxpdmluZyBjcmVhdHVyZSBjb3VsZCBleGlzdCB0aGVyZS4=,,,,,W0plcmltb25dCk1hcywgbm8gY2FzbyBkYSBGb3NzYSBkZSBCeWFsYW4sIMOpIHVtIGx1Z2FyIGFic3VyZGFtZW50ZSBwcm9mdW5kbywgZW50w6NvLCBzZWd1bmRvIG9zIGPDoWxjdWxvcyBkb3MgZXN0dWRpb3NvcywgY2llbnRpZmljYW1lbnRlIG5lbmh1bWEgZm9ybWEgZGUgdmlkYSBwb2RlcmlhIGV4aXN0aXIgbMOhLg==,,W0plcmltb25dClBlcm8gZW4gZWwgY2FzbyBkZSBsYSBmb3NhIG1hcmluYSBkZSBCeWFsYW4sIGVzIHVuIGx1Z2FyIGFic3VyZGFtZW50ZSBwcm9mdW5kbywgYXPDrSBxdWUsIHNlZ8O6biBsb3MgY8OhbGN1bG9zIGRlIGxvcyBlcnVkaXRvcywgY2llbnTDrWZpY2FtZW50ZSBubyBwb2Ryw61hIGV4aXN0aXIgYWxsw60gbmluZ8O6biBzZXIgdml2by4=
naDaCg,W+ygnOumrOuqrF0K7KCc6rCAIOy1nOq3vOyXkCDrsJTsnbTslYTrnoAg7ZW06rWs7JeQIOyDneuqheyytOqwgCDsobTsnqztlZzri6TripQg6rKD7J2EIOyVjOyVhOuCtOyXiOyWtOyalC4=,W0plcmltb25dCkkgcmVjZW50bHkgZm91bmQgb3V0IHRoYXQgdGhlcmUgYXJlIGxpdmluZyBjcmVhdHVyZXMgaW4gdGhlIEJ5YWxhbiBUcmVuY2gu,,,,,W0plcmltb25dCkRlc2NvYnJpIHJlY2VudGVtZW50ZSBxdWUgZXhpc3RlbSBzZXJlcyB2aXZvcyBubyBtYXIgZGUgQnlhbGFuLg==,,W0plcmltb25dCkhhY2UgcG9jbyBkZXNjdWJyw60gcXVlIGV4aXN0ZW4gc2VyZXMgdml2b3MgZW4gbGEgZm9zYSBtYXJpbmEgZGUgQnlhbGFuLg==
nqDaCg,7Ja065a76rKMIOq3uOqyg+ydhCDslYwg7IiY6rCAIOyeiOuKlOqxsOyjoD8/,SG93IGNhbiB5b3Uga25vdyB0aGF0Pz8=,,,,,Q29tbyDDqSBxdWUgdm9jw6ogcG9kZSBzYWJlciBkaXNzbz8/,,wr/Cv0PDs21vIHB1ZWRlcyBzYWJlciBlc28/Pw==
n6DaCg,W+ygnOumrOuqrF0K7KCA7J2YIOuniOugpeydtCDri7TquLQg64+M66GcIOyVjCDsiJgg7J6I7Ja07JqULg==,W0plcmltb25dCllvdSBjYW4gdGVsbCBieSB0aGUgc3RvbmUgaW5mdXNlZCB3aXRoIG15IG1hZ2ljLg==,,,,,W0plcmltb25dCkTDoSBwYXJhIHNhYmVyIHBlbGEgcGVkcmEgcXVlIGNvbnTDqW0gYSBtaW5oYSBtYWdpYS4=,,W0plcmltb25dClB1ZWRlcyBzYWJlcmxvIGNvbiB1bmEgcGllZHJhIHF1ZSBjb250aWVuZSBtaSBwb2RlciBtw6FnaWNvLg==
oKDaCg,66eI66Cl7J20IOuLtOq4tCDrj4zsmpQ/,QSBzdG9uZSBpbmZ1c2VkIHdpdGggbWFnaWM/,,,,,VW1hIHBlZHJhIGltYnXDrWRhIGRlIG1hZ2lhPw==,,wr9VbmEgcGllZHJhIGNvbiBwb2RlciBtw6FnaWNvPw==
oaDaCg,W+ygnOumrOuqrF0K64SkLCDsoIDripQg66eI67KV7IKsIOy2nOyLoCDtlbTslpHtlZnsnpDsl5DsmpQuIO2VtOyWke2VmeydhCDsnITtlbQg66eI67KV7J2EIOuwsOyboOyngOyalC4=,W0plcmltb25dClllcywgSSdtIGFuIG9jZWFub2dyYXBoZXIgd2hvIHVzZWQgdG8gYmUgYSBNYWdlLiBJIGxlYXJuZWQgbWFnaWMgZm9yIHRoZSBzYWtlIG9mIG9jZWFub2dyYXBoeS4=,,,,,W0plcmltb25dClNpbSwgZXUgc291IHVtIG9jZWFuw7NncmFmbyBxdWUgdmVpbyBkYSBjbGFzc2UgZGUgTWFnby4gQXByZW5kaSBtYWdpYSBwb3IgY2F1c2EgZGEgb2NlYW5vZ3JhZmlhLg==,,W0plcmltb25dClPDrSwgc295IHVuIG9jZWFuw7NncmFmbyBxdWUgdmllbmUgZGUgc2VyIG1hZ28uIEFwcmVuZMOtIG1hZ2lhIHBhcmEgZGVkaWNhcm1lIGEgbGEgb2NlYW5vZ3JhZsOtYS4=
oqDaCg,W+ygnOumrOuqrF0K7Luk64uk656AIOuPjOupqeydtOyXkCDrp4jrspXsnYQg6rG47Ja0IOuGk+qzoCDtlbTqtazqsIAg7KG07J6s7ZWY64qUIOyImOuptOycvOuhnCDruaDrnKjrpr3ri4jri6Qu,W0plcmltb25dCkVuY2hhbnQgYSBsYXJnZSBzdG9uZSwgdGhlbiBkcm9wIGl0IGludG8gdGhlIHdhdGVyIHdoZXJlIHRoZSB0cmVuY2ggbGllcy4=,,,,,W0plcmltb25dCkVuY2FudGUgdW1hIGdyYW5kZSBwZWRyYSBlIGpvZ3VlLWEgbmEgc3VwZXJmw61jaWUgZGEgw6FndWEgb25kZSBleGlzdGUgYSBmb3NzYSBvY2XDom5pY2Eu,,W0plcmltb25dCkVuY2FudGEgdW5hIGdyYW4gcm9jYSB5IGxhIGRlamEgY2FlciBlbiBsYSBzdXBlcmZpY2llIGRlbCBhZ3VhIGRvbmRlIGV4aXN0ZSBsYSBmb3NhIG9jZcOhbmljYS4=
o6DaCg,W+ygnOumrOuqrF0K67mg65yo66awIOuPjOupqeydtOyXkCDqsbjrprAg66eI66Cl7J2AIOyggOyZgCDsl7DqsrDrkJjslrQg7J6I6riwIOuVjOusuOyXkCDqsbDrpqzrpbwg7Lih7KCV7ZWo7Jy866Gc7I2oIOq5iuydtOqwgCDslrTripDsoJXrj4Tsnbjsp4Ag64+M66mp7J207J2YIOq3vOyymOyXkOyEnCDslrTrlqQg7ZiE7IOB7J20IOydvOyWtOuCmOqzoCDsnojripTsp4Ag7KGw6riI7J2AIOyVjCDsiJgg7J6I7KOgLg==,W0plcmltb25dClNpbmNlIHRoZSBtYWdpYyBib3VuZCB0byB0aGUgc3RvbmUgSSBkcm9wcGVkIGlzIGxpbmtlZCB0byBtZSwgYnkgbWVhc3VyaW5nIHRoZSBkaXN0YW5jZSBJIGNhbiBnZXQgYSByb3VnaCBpZGVhIG9mIGhvdyBkZWVwIGl0IGlzLCBhbmQgd2hhdCBraW5kIG9mIHBoZW5vbWVub24gaXMgaGFwcGVuaW5nIG5lYXIgdGhlIHN0b25lLg==,,,,,W0plcmltb25dCkNvbW8gYSBlbmVyZ2lhIG3DoWdpY2EgcHJlc2EgbmEgcGVkcmEgcXVlIGRlaXhlaSBwYXJhIHRyw6FzIGVzdMOhIGxpZ2FkYSBhIG1pbSwgYW8gbWVkaXIgYSBkaXN0w6JuY2lhIGNvbnNpZ28gdGVyIHVtYSBub8Onw6NvIGRhIHByb2Z1bmRpZGFkZSBlIGVudGVuZGVyIHVtIHBvdWNvIGRvIHF1ZSBlc3TDoSBhY29udGVjZW5kbyBwZXJ0byBkYSBwZWRyYS4=,,W0plcmltb25dCkNvbW8gbGEgbWFnaWEgYXRyYXBhZGEgZW4gbGEgcGllZHJhIHF1ZSBkZWrDqSBhdHLDoXMgZXN0w6EgY29uZWN0YWRhIGNvbm1pZ28sIGFsIG1lZGlyIGxhIGRpc3RhbmNpYSBwdWVkbyBzYWJlciBtw6FzIG8gbWVub3MgcXXDqSB0YW4gcHJvZnVuZG8gZXMgeSBxdcOpIGNsYXNlIGRlIGZlbsOzbWVubyBlc3TDoSBvY3VycmllbmRvIGNlcmNhIGRlIGxhIHBpZWRyYS4=
pKDaCg,W+ygnOumrOuqrF0K6re466CH6rKMIO2VtOyEnCDslYzslYTrgrgg7KCV67O066W8IOunkOyUgOuTnOumrOyekOuptC4uLg==,W0plcmltb25dClNvLCBhYm91dCB0aGUgaW5mb3JtYXRpb24gSSBmb3VuZCBvdXQuLi4=,,,,,W0plcmltb25dCkVudMOjbywgc29icmUgYXMgaW5mb3JtYcOnw7VlcyBxdWUgZGVzY29icmkuLi4=,,W0plcmltb25dClkgbG8gcXVlIGRlc2N1YnLDrSBjb24gZXNhIGluZm9ybWFjacOzbiBlcy4uLg==
paDaCg,W+ygnOumrOuqrF0K7J2867CYIOuwlOuLt+usvOqzvCDsi6ztlbQg67CU64u366y87J2YIOyEseu2hCDssKjsnbTripQg6rGw7J2YIOu5hOyKt+2VtOyalC4g6re465+w642wIOycoOydvO2VmOqyjCDrsJTsnbTslYTrnoAg7ZW06rWs7J2YIOyLrO2VtOuKlCDri6zrnpDslrTsmpQu,W0plcmltb25dClRoZSBkaWZmZXJlbmNlIGluIGNvbXBvc2l0aW9uIGJldHdlZW4gbm9ybWFsIHNlYXdhdGVyIGFuZCBkZWVwLXNlYSB3YXRlciBpcyBhbG1vc3QgdGhlIHNhbWUuIEJ1dCB0aGUgZGVlcCBzZWEgaW4gdGhlIEJ5YWxhbiBUcmVuY2ggd2FzIHRoZSBvbmx5IGV4Y2VwdGlvbi4=,,,,,W0plcmltb25dCkEgZGlmZXJlbsOnYSBkZSBjb21wb3Npw6fDo28gZW50cmUgYSDDoWd1YSBkbyBtYXIgY29tdW0gZSBhIGRvIG1hciBwcm9mdW5kbyDDqSBxdWFzZSBhIG1lc21hLiBNYXMsIGEgw6FndWEgZGFzIHByb2Z1bmRlemFzIGRhIGZvc3NhIGRlIEJ5YWxhbiBlcmEgYSDDum5pY2EgZGlmZXJlbnRlLg==,,W0plcmltb25dCkxhIGRpZmVyZW5jaWEgZGUgY29tcG9zaWNpw7NuIGVudHJlIGVsIGFndWEgZGUgbWFyIGNvbcO6biB5IGxhIGRlIGxhcyBwcm9mdW5kaWRhZGVzIGVzIGNhc2kgbGEgbWlzbWEuIFBlcm8sIGxvIMO6bmljbyBkaXN0aW50byBlcmEgZWwgYWd1YSBkZSBsYXMgcHJvZnVuZGlkYWRlcyBkZSBsYSBmb3NhIEJ5YWxhbi4=
pqDaCg,W+ygnOumrOuqrF0K66y86rO8IOq4sOumhCDqsJnri6Tqs6Ag7ZW07JW8IO2VoOq5jCwg7ISc66GcIOygiOuMgCDshJ7snbTsp4Ag7JWK64qUIOq1rOqwhOydtCDsobTsnqztlZjrjZTqtbDsmpQu,W0plcmltb25dCkxpa2Ugd2F0ZXIgYW5kIG9pbCwgSSBzdXBwb3NlLi4uIHRoZXJlIGFyZSBwYXJ0cyB0aGF0IHNpbXBseSBuZXZlciBtaXgu,,,,,W0plcmltb25dCkRldm8gZGl6ZXIgcXVlIMOpIGNvbW8gw6FndWEgZSDDs2xlby4uLiBleGlzdGUgdW0gcG9udG8gZW0gcXVlIHNpbXBsZXNtZW50ZSBudW5jYSBzZSBtaXN0dXJhbS4=,,W0plcmltb25dCsK/RGViZXLDrWEgZGVjaXIgcXVlIGVzIGNvbW8gZWwgYWd1YSB5IGVsIGFjZWl0ZT8gUGFyZWNlIHF1ZSBoYXkgdW5hIHBhcnRlIGVuIGxhIHF1ZSBudW5jYSBzZSBtZXpjbGFuLg==
p6DaCg,W+ygnOumrOuqrF0K7ISc66GcIOunnuuLpeucqOumsCDqs7Psl5Ag6rCV7ZWcIOqyveqzhOqwgCDsnbTro6jslrTsoYzripTrjbAg7J2MIOq3uOqyg+ydgCDrp4jsuZgg6re4IOq1rOqwhOydmCDsi6ztlbTsiJjqsIAg7JyE7JeQ7IScIOuCtOugpOyYpOuKlCDrsJTri7frrLzsnYQg7ZWE7IKs7KCB7Jy866GcIOunieuKlCDripDrgozsnbTsl4jslrTsmpQu,W0plcmltb25dCkEgc3Ryb25nIGJvdW5kYXJ5IGZvcm1lZCB3aGVyZSB0aGV5IG1ldC4uLiBJdCBmZWx0IGxpa2UgdGhlIGRlZXAgc2VhIHdhdGVyIGluIHRoYXQgYXJlYSB3YXMgZGVzcGVyYXRlbHkgaG9sZGluZyBiYWNrIHRoZSBzZWF3YXRlciBjb21pbmcgZG93biBmcm9tIGFib3ZlLg==,,,,,W0plcmltb25dCk5vIGx1Z2FyIG9uZGUgc2UgZW5jb250cmFyYW0sIGZvcm1vdS1zZSB1bWEgZm9ydGUgYmFycmVpcmEuLi4gSG1tLCBlcmEgY29tbyBzZSBhIMOhZ3VhIGRhcyBwcm9mdW5kZXphcyBkYXF1ZWxhIMOhcmVhIGVzdGl2ZXNzZSBkZXNlc3BlcmFkYW1lbnRlIGJsb3F1ZWFuZG8gYSDDoWd1YSBkbyBtYXIgcXVlIGRlc2NpYSBkZSBjaW1hLg==,,W0plcmltb25dCkVuIGVsIGx1Z2FyIGRvbmRlIHNlIGVuY29udHJhcm9uLCBzZSBmb3Jtw7MgdW5hIGZ1ZXJ0ZSBiYXJyZXJhOyBtbW0uLi4gZXJhIGNvbW8gc2kgZWwgYWd1YSBkZSBsYXMgcHJvZnVuZGlkYWRlcyBkZSBlc2Egem9uYSBlc3R1dmllcmEgYmxvcXVlYW5kbyBkZXNlc3BlcmFkYW1lbnRlIGVsIGFndWEgZGVsIG1hciBxdWUgY2HDrWEgZGVzZGUgYXJyaWJhLg==
qKDaCg,W+ygnOumrOuqrF0K7IiY7JWVIOuYkO2VnCDsnbzrsJgg67CU64u366y867O064ukIOunpOyasCDrgq7slYTshJwg7IOd66qF7LK06rCAIOyCtOq4sOyXkCDsoovsnYAg7ZmY6rK97J2EIOqwgOyngOqzoCDsnojri6QuLiDrnbzqs6Ag7LaU7Lih7ZWY6rOgIOyeiOyKteuLiOuLpC4=,W0plcmltb25dCldlIHN1c3BlY3QgdGhhdCB0aGUgd2F0ZXIgcHJlc3N1cmUgaXMgYWxzbyBtdWNoIGxvd2VyIHRoYW4gbm9ybWFsIHNlYXdhdGVyLCBtYWtpbmcgaXQgYSBnb29kIGVudmlyb25tZW50IGZvciBsaXZpbmcgY3JlYXR1cmVzLi4u,,,,,W0plcmltb25dClRhbWLDqW0gc2Ugc3Vww7VlIHF1ZSBhIHByZXNzw6NvIGRhIMOhZ3VhIMOpIG11aXRvIG1haXMgYmFpeGEgZG8gcXVlIGEgZGEgw6FndWEgZG8gbWFyIGNvbXVtLCBjcmlhbmRvIHVtIGFtYmllbnRlIGJvbSBwYXJhIG9zIHNlcmVzIHZpdm9zLi4u,,W0plcmltb25dClRhbWJpw6luIHNlIHN1cG9uZSBxdWUgbGEgcHJlc2nDs24gZGVsIGFndWEgZXMgbXVjaG8gbcOhcyBiYWphIHF1ZSBsYSBkZWwgYWd1YSBkZSBtYXIgY29tw7puLCBwb3IgbG8gcXVlIG9mcmVjZSB1biBlbnRvcm5vIGZhdm9yYWJsZSBwYXJhIHF1ZSB2aXZhbiBsb3Mgc2VyZXMgdml2b3MuLi4gZXNvIGVzIGxvIHF1ZSBzZSBlc3RpbWEu
qaDaCg,W+ygnOumrOuqrF0K7Jqw66as64qUIOq3uOqyg+ydhCBeNEQ0REZG7Ius7Jew7J2YIO2VtOyImF4wMDAwMDDrnbzqs6Ag67aA66W06rOgIOyeiOyWtOyalC4=,W0plcmltb25dCldlIGNhbGwgaXQgdGhlIF40RDRERkZBYnlzc2FsIFNlYXdhdGVyXjAwMDAwMC4=,,,,,W0plcmltb25dCk7Ds3MgY2hhbWFtb3MgaXNzbyBkZSBeNEQ0REZGw4FndWEgZG8gTWFyIGRvIEFiaXNtb14wMDAwMDAu,,W0plcmltb25dCk5vc290cm9zIGxvIGxsYW1hbW9zIF40RDRERkZBZ3VhIG1hcmluYSBkZWwgYWJpc21vXjAwMDAwMC4=
qqDaCg,7J20IOq0ke2DneydtCDrp5DslIDtlZjsi6Ag64K07Jqp6rO8IOyXsOq0gOydtCDsnojripQg6rG06rCA7JqUPw==,SXMgdGhpcyBsdXN0ZXIgcmVsYXRlZCB0byB3aGF0IHlvdSBtZW50aW9uZWQ/,,,,,RXN0ZSBicmlsaG8gdGVtIGFsZ3VtYSByZWxhw6fDo28gY29tIG8gcXVlIHZvY8OqIG1lbmNpb25vdT8=,,wr9Fc3RlIGJyaWxsbyB0aWVuZSByZWxhY2nDs24gY29uIGxvIHF1ZSBtZW5jaW9uYXN0ZT8=
q6DaCg,W+ygnOumrOuqrF0K64SkISDrp57slYTsmpQhIQrrsJTsnbTslYTrnoAg7ZW06rWsIOq5iuyIme2VnCDqs7Psl5Ag7J6I64qUIOyLrOyXsOydmCDtlbTsiJjsnZgg7KG07J6s66eMIO2MjOyVhe2WiOqzoCDsg5jtlIzsnYQg6rWs7ZWY6riw6rCAIOq1ieyepe2eiCDslrTroKTsm6DslrTsmpQsIOydtCDrgprsi6/rjIDsl5DripQg7IOB64u57Z6IIOunjuydgCDslpHsnZgg7Ius7Jew7J2YIO2VtOyImOqwgCDrrLvslrTsnojripTrjbAuLi4=,W0plcmltb25dClllcyEgVGhhdOKAmXMgcmlnaHQhIQpXZSBvbmx5IGNvbmZpcm1lZCB0aGUgZXhpc3RlbmNlIG9mIEFieXNzYWwgU2Vhd2F0ZXIgZGVlcCB3aXRoaW4gdGhlIEJ5YWxhbiBUcmVuY2gsIGFuZCBpdCB3YXMgZXh0cmVtZWx5IGRpZmZpY3VsdCB0byBvYnRhaW4gYSBzYW1wbGUsIGJ1dCB0aGlzIGZpc2hpbmcgcm9kIGhhcyBhIGNvbnNpZGVyYWJsZSBhbW91bnQgb2YgQWJ5c3NhbCBTZWF3YXRlciBvbiBpdC4uLg==,,,,,W0plcmltb25dClNpbSEgSXNzbyBtZXNtbyEhClPDsyBjb25zZWd1aW1vcyBjb25maXJtYXIgYSBleGlzdMOqbmNpYSBkYSDDgWd1YSBkbyBNYXIgQWJpc3NhbCBuYXMgcHJvZnVuZGV6YXMgZG8gQWJpc21vIGRlIEJ5YWxhbiwgZSBmb2kgZXh0cmVtYW1lbnRlIGRpZsOtY2lsIGNvbnNlZ3VpciB1bWEgYW1vc3RyYS4gTWFzIGVzdGEgdmFyYSBkZSBwZXNjYXIgZXN0w6EgY29tIHVtYSBxdWFudGlkYWRlIGNvbnNpZGVyw6F2ZWwgZGUgw4FndWEgZG8gTWFyIEFiaXNzYWwuLi4=,,W0plcmltb25dCsKhU8OtISDCoUFzw60gZXMhIQpTb2xvIGxvZ3JhbW9zIGNvbmZpcm1hciBsYSBleGlzdGVuY2lhIGRlbCBBZ3VhIE1hcmluYSBBYmlzYWwgZW4gbG8gbcOhcyBwcm9mdW5kbyBkZSBsYSBGb3NhIGRlIEJ5YWxhbiwgeSBlcmEgbXV5IGRpZsOtY2lsIGNvbnNlZ3VpciB1bmEgbXVlc3RyYSwgcGVybyBlc3RhIGNhw7FhIGRlIHBlc2NhciB0aWVuZSBhZGhlcmlkYSB1bmEgY2FudGlkYWQgY29uc2lkZXJhYmxlIGRlIEFndWEgTWFyaW5hIEFiaXNhbC4uLg==
rKDaCg,W+ygnOumrOuqrF0K7J20IOuCmuyLr+uMgOulvCDsoIDsl5Dqsowg66eh6rKoIOyjvOyLnOqyoOyWtOyalD8g7J20IO2VtOyImOulvCDstpTstpztlZjsl6wg7KCV7IiY66GcIOunjOuTpOuptCDrrLTsl4fsnbjqsIDrpbwg7JWM7JWE64K8IOyImCDsnojsnYQg6rKDIOqwmeyVhOyalC4=,W0plcmltb25dCkNvdWxkIHlvdSBsZWF2ZSB0aGlzIGZpc2hpbmcgcm9kIHdpdGggbWU/IElmIEkgZXh0cmFjdCB0aGlzIHNlYXdhdGVyIGFuZCBwdXJpZnkgaXQsIEkgdGhpbmsgSSBtaWdodCBiZSBhYmxlIHRvIGZpbmQgc29tZXRoaW5nIG91dC4=,,,,,W0plcmltb25dClZvY8OqIHBvZGVyaWEgbWUgY29uZmlhciBlc3RhIHZhcmEgZGUgcGVzY2E/IFNlIGV1IGV4dHJhaXIgZXN0YSDDoWd1YSBkbyBtYXIgZSB0cmFuc2Zvcm3DoS1sYSBlbSDDoWd1YSBwdXJpZmljYWRhLCBhY2hvIHF1ZSBwb2RlcmVpIGRlc2NvYnJpciBhbGd1bWEgY29pc2Eu,,W0plcmltb25dCsK/UG9kcsOtYSBjb25maWFybWUgZXN0YSBjYcOxYSBkZSBwZXNjYXI/IFNpIGV4dHJhaWdvIGVzdGEgYWd1YSBkZSBtYXIgeSBsYSBjb252aWVydG8gZW4gYWd1YSBwdXJpZmljYWRhLCBjcmVvIHF1ZSBwb2Ryw6kgYXZlcmlndWFyIGFsZ28u
raDaCg,W+ygnOumrOuqrF0K7JWEIOq3uOumrOqzoCDrgprsi6/rjIDqsIAg7Jik64qYIOuwnOqyrOuQmOyXiOuLpOqzoCDrk6Tsl4jripTrjbAg6re87LKYIO2VtOyDgeyXkCDrmJAg65ag7Jik66W4IOusvOyniOydtCDsl4bripTsp4Ag7ZmV7J247J2EIOyigCDrtoDtg4Hrk5zroKTrj4Qg65Cg6rmM7JqUPw==,W0plcmltb25dCk9oLCBhbmQgSSBoZWFyZCB0aGUgZmlzaGluZyByb2Qgd2FzIGZvdW5kIHRvZGF5LiBDb3VsZCB5b3UgcGxlYXNlIGNoZWNrIHdoZXRoZXIgYW55dGhpbmcgZWxzZSBoYXMgc3VyZmFjZWQgaW4gdGhlIG5lYXJieSB3YXRlcnM/,,,,,W0plcmltb25dCkFoLCBlIHRhbWLDqW0gb3V2aSBkaXplciBxdWUgYSB2YXJhIGRlIHBlc2NhciBmb2kgZW5jb250cmFkYSBob2plLiBTZXLDoSBxdWUgdm9jw6ogcG9kZXJpYSB2ZXJpZmljYXIgc2UgbsOjbyBow6EgbWFpcyBuZW5odW0gbWF0ZXJpYWwgZmx1dHVhbmRvIG5vIG1hciBwb3IgcGVydG8/,,W0plcmltb25dCkFoLCB5IHRhbWJpw6luIG/DrSBxdWUgaG95IHNlIGVuY29udHLDsyBsYSBjYcOxYSBkZSBwZXNjYXI7IMK/cG9kcsOtYXMgY29tcHJvYmFyIHNpIG5vIGhhIGFwYXJlY2lkbyBhbGfDum4gb3RybyBvYmpldG8gZmxvdGFuZG8gZW4gZWwgbWFyIGNlcmNhbm8/
rqDaCg,7KKL7Iq164uI64ukLCDri6TrhYDsmKzqsozsmpQu,QWxsIHJpZ2h0LCBJ4oCZbGwgYmUgYmFjay4=,,,,,Q2VydG8sIHZvdSBpbmRvLg==,,RGUgYWN1ZXJkbywgaXLDqSB5IHZvbHZlcsOpLg==
r6DaCg,7JWEIOyngOq4iOydgCDsooAg67CU67mg7IScLi4u,QWgsIEnigJltIGEgYml0IGJ1c3kgcmlnaHQgbm93Li4u,,,,,QWgsIGFnb3JhIGVzdG91IHVtIHBvdWNvIG9jdXBhZG8uLi4=,,QWgsIGFob3JhIGVzdG95IHVuIHBvY28gb2N1cGFkby4uLg==
sKDaCg,W+ygnOumrOuqrF0K64SkLCDsnpgg67aA7YOB65Oc66a964uI64ukISDquLDri6Trpqzqs6Ag7J6I7J2E6rKM7JqUISE=,W0plcmltb25dClllcywgSeKAmW0gY291bnRpbmcgb24geW91ISBJ4oCZbGwgYmUgd2FpdGluZyEh,,,,,W0plcmltb25dClNpbSwgY29udG8gY29tIHZvY8OqISBWb3UgZmljYXIgZXNwZXJhbmRvISE=,,W0plcmltb25dCsKhU8OtLCBjdWVudG8gY29udGlnbyEgwqFUZSBlc3RhcsOpIGVzcGVyYW5kbyEh
saDaCg,W+ygnOumrOuqrF0K67CU7IGcIOydvCDrgZ3rgpjsi5zrqbQg6rytIOuLpOyLnCDsoIDrpbwg7LC+7JWE7JmAIOyjvOyEuOyalCE=,W0plcmltb25dCldoZW4geW91J3JlIGRvbmUgd2l0aCB5b3VyIGJ1c2luZXNzLCBwbGVhc2UgY29tZSBmaW5kIG1lIGFnYWluIQ==,,,,,W0plcmltb25dClF1YW5kbyB0ZXJtaW5hciBvIHF1ZSBlc3TDoSBmYXplbmRvLCBwb3IgZmF2b3IgdmVuaGEgbWUgcHJvY3VyYXIgZGUgbm92byE=,,W0plcmltb25dCsKhQ3VhbmRvIHRlcm1pbmVzIGNvbiB0dXMgYXN1bnRvcywgYXNlZ8O6cmF0ZSBkZSB2b2x2ZXIgYSBidXNjYXJtZSE=
sqDaCg,W+ygnOumrOuqrF0K7JWELCDslrTshJzsmKTshLjsmpQuIOuqqO2XmOqwgOuLmCE=,W0plcmltb25dCkFoLCB3ZWxjb21lLiBBZHZlbnR1cmVyIQ==,,,,,W0plcmltb25dCkFoLCBzZWphIGJlbS12aW5kby4gQXZlbnR1cmVpcm8h,,W0plcmltb25dCkFoLCBiaWVudmVuaWRvLiDCoUF2ZW50dXJlcm8h
s6DaCg,W+ygnOumrOuqrF0K7KGw7IKs64qUIOyInOyhsOuhreqyjCDsp4Ttlokg7KSR7J207JeQ7JqUfgrsnpAsIOydtOqyg+ydhCDrtJAg7KO87Iuc6rKg7Ja07JqUPw==,W0plcmltb25dClRoZSBpbnZlc3RpZ2F0aW9uIGlzIGdvaW5nIHNtb290aGx5fgpOb3csIGNvdWxkIHlvdSB0YWtlIGEgbG9vayBhdCB0aGlzPw==,,,,,W0plcmltb25dCkEgaW52ZXN0aWdhw6fDo28gZXN0w6EgY29ycmVuZG8gYmVtfgpCZW0sIHBvZGVyaWEgZGFyIHVtYSBvbGhhZGEgbmlzdG8/,,W0plcmltb25dCkxhIGludmVzdGlnYWNpw7NuIGF2YW56YSBzaW4gcHJvYmxlbWFzfgpCaWVuLCDCv3BvZHLDrWFzIGVjaGFybGUgdW4gdmlzdGF6byBhIGVzdG8/
tKDaCg,W+ygnOumrOuqrF0K7Jes6riwIOyekeydgCDrrLzrs5EgMuqwnOqwgCDrs7TsnbTsi5zso6A/,W0plcmltb25dCllvdSBzZWUgdGhlc2UgdHdvIHNtYWxsIHdhdGVyIGJvdHRsZXMgaGVyZSwgcmlnaHQ/,,,,,W0plcmltb25dCkVzdMOhIHZlbmRvIDIgZ2FycmFmaW5oYXMgZGUgw6FndWEgYXF1aT8=,,W0plcmltb25dCsK/VmUgZXNvcyAyIGZyYXNxdWl0b3MgZGUgYWd1YT8=
taDaCg,W+ygnOumrOuqrF0K7ZWcIOyqveyXkOuKlCDsnbzrsJgg7ZW07IiYLCDri6Trpbgg7ZWcIOyqveyXkOuKlCDrgprsi6/rjIDsl5Ag66y77Ja0IOyeiOuNmCDsi6zsl7DsnZgg7ZW07IiY66W8IOyEnuydgCDrsJTri7frrLzsnoXri4jri6QuIOydtCDrkZAg6rCA7KeAIOusvOydhCDshJ7slrQg67O86rKM7JqULg==,W0plcmltb25dCk9uIG9uZSBzaWRlIGlzIG9yZGluYXJ5IHNlYXdhdGVyLCBhbmQgb24gdGhlIG90aGVyIGlzIHNlYXdhdGVyIG1peGVkIHdpdGggQWJ5c3Mgc2Vhd2F0ZXIgdGhhdCB3YXMgc3R1Y2sgdG8gdGhlIGZpc2hpbmcgcm9kLiBJJ2xsIHRyeSBtaXhpbmcgdGhlc2UgdHdvIHdhdGVycy4=,,,,,W0plcmltb25dCkRlIHVtIGxhZG8sIMOhZ3VhIGRvIG1hciBjb211bTsgZG8gb3V0cm8sIMOhZ3VhIGRvIG1hciBtaXN0dXJhZGEgY29tIGEgw6FndWEgbWFyaW5oYSBkbyBBYmlzbW8gcXVlIGVzdGF2YSBncnVkYWRhIG5hIHZhcmEgZGUgcGVzY2FyLiBWb3UgbWlzdHVyYXIgZXNzYXMgZHVhcyDDoWd1YXMu,,W0plcmltb25dCkVuIHVuIGxhZG8gaGF5IGFndWEgZGUgbWFyIG5vcm1hbCwgeSBlbiBlbCBvdHJvIGhheSBhZ3VhIGRlIG1hciBtZXpjbGFkYSBjb24gZWwgQWd1YSBNYXJpbmEgZGVsIEFiaXNtbyBxdWUgZXN0YWJhIHBlZ2FkYSBhIGxhIGNhw7FhIGRlIHBlc2Nhci4gVm95IGEgbWV6Y2xhciBlc3RhcyBkb3MgYWd1YXMu
tqDaCg,IC0g7KCc66as66qs7J2AIOuRkCDqsIDsp4DsnZgg66y87J2EIO2VnCDsqr3snZgg67OR7JeQIOuqqOuRkCDrhKPsnYAg65Kk7JeQIO2dlOuTpOyWtCDshJ7quLAg7Iuc7J6R7ZaI64ukLiAt,IC0gSmVyaW1vbiBwb3VyZWQgYm90aCB3YXRlcnMgaW50byBvbmUgYm90dGxlLCB0aGVuIGJlZ2FuIHNoYWtpbmcgaXQgdG8gbWl4IHRoZW0uIC0=,,,,,IC0gSmVyaW1vbiBjb2xvY291IGFzIGR1YXMgw6FndWFzIGVtIHVtIMO6bmljbyBmcmFzY28gZSBjb21lw6dvdSBhIGFnaXRhciBwYXJhIG1pc3R1csOhLWxhcy4gLQ==,,IC0gSmVyaW1vbiBlbXBlesOzIGEgYWdpdGFyIHkgbWV6Y2xhciBkZXNwdcOpcyBkZSB2ZXJ0ZXIgYW1iYXMgYWd1YXMgZW4gdW5hIHNvbGEgYm90ZWxsYS4gLQ==
t6DaCg,W+ygnOumrOuqrF0K7J6QLCDrs7TshLjsmpQuIOyggOuyiOyXkCDrp5DslIDrk5zroLjri6Tsi5ztlLwg7KCE7ZiAIOyEnuydtOyngCDslYrso6A/,W0plcmltb25dCk5vdywgdGFrZSBhIGxvb2suIEp1c3QgbGlrZSBJIHRvbGQgeW91IGJlZm9yZSwgaXQgZG9lc27igJl0IG1peCBhdCBhbGwsIHJpZ2h0Pw==,,,,,W0plcmltb25dCk9yYSwgdmVqYS4gQ29tbyBldSBkaXNzZSBkYSDDumx0aW1hIHZleiwgbsOjbyBzZSBtaXN0dXJhIG5lbSB1bSBwb3VjbywgY2VydG8/,,W0plcmltb25dCkJpZW4sIG1pcmUuIENvbW8gbGUgZGlqZSBsYSDDumx0aW1hIHZleiwgbm8gc2UgbWV6Y2xhIGVuIGFic29sdXRvLCDCv3ZlcmRhZD8=
uKDaCg,W+ygnOumrOuqrF0K7J206rKD7J2ELi4uLiDsnbTqsoPsnYQhIQ==,W0plcmltb25dClRoaXMuLi4gdGhpcyEh,,,,,W0plcmltb25dCklzdG8uLi4gaXN0byEh,,W0plcmltb25dCsKhRXN0by4uLiBlc3RvISE=
uaDaCg,W+ygnOumrOuqrF0K66+47Lmg65Ov7ZWcIOyGjeuPhOuhnCDtnZTrk6TrqbQhIQ==,W0plcmltb25dCklmIHlvdSBzaGFrZSBpdCBhdCBhIGNyYXp5IHNwZWVkISE=,,,,,W0plcmltb25dClNlIHZvY8OqIHNhY3VkaXIgYSB1bWEgdmVsb2NpZGFkZSBpbnNhbmEhIQ==,,W0plcmltb25dCsKhwqFTaSBsbyBhZ2l0YXMgYSB1bmEgdmVsb2NpZGFkIGRlIGxvY3VyYSEh
uqDaCg,W+ygnOumrOuqrF0KPEZPTlQgQ09MT1IgPSBFNjhGOEY+PEZPTlQgU0laRSA9IDE2PjxCPuyZgOyekOyekOyekOyekOyekOyekOyekOyekOyekOyekOyekOyekOyekOyekOyekOyekOyepCEhISEhITwvRk9OVD48L0ZPTlQ+PC9CPg==,W0plcmltb25dCjxGT05UIENPTE9SID0gRTY4RjhGPjxGT05UIFNJWkUgPSAxNj48Qj5XYWFhYXJnaGhoaGhoaGhoaGhoaGhoaGhoaCEhISEhITwvRk9OVD48L0ZPTlQ+PC9CPg==,,,,,W0plcmltb25dCjxGT05UIENPTE9SID0gRTY4RjhGPjxGT05UIFNJWkUgPSAxNj48Qj5VYWFhYWFhYWFhcmdoISEhISEhPC9GT05UPjwvRk9OVD48L0I+,,W0plcmltb25dCjxGT05UIENPTE9SID0gRTY4RjhGPjxGT05UIFNJWkUgPSAxNj48Qj7CocKhwqHCocKhV2FqYWphamFqYWphamFqYWphamFqYWphamFqYWphamFqYWphamEhISEhISE8L0ZPTlQ+PC9GT05UPjwvQj4=
u6DaCg,W+ygnOumrOuqrF0KPEZPTlQgQ09MT1IgPSBFNjhGOEY+PEZPTlQgU0laRSA9IDE2PjxCPuycvOuhuOywqOywqOyVhOyVhOuhuOywqOyVhOyVhOyVhOyVhOyasOyZgOyVhOyVheyVl+yVhCEhISEhITwvRk9OVD48L0ZPTlQ+PC9CPg==,W0plcmltb25dCjxGT05UIENPTE9SID0gRTY4RjhGPjxGT05UIFNJWkUgPSAxNj48Qj5VcmFhYWgtY2hhYWFoISBVcmFhYWgtY2hhYWFoISBBYWFhaCEgVXdhYWFhaCEgQWFhYWghISEhISE8L0ZPTlQ+PC9GT05UPjwvQj4=,,,,,W0plcmltb25dCjxGT05UIENPTE9SID0gRTY4RjhGPjxGT05UIFNJWkUgPSAxNj48Qj5VcnLDoS10Y2hhdGNow6HDocOhIHVycsOhLXRjaGFhw6HDocOhw6EgdXVhYWFhaGthdHNhISEhISEhPC9GT05UPjwvRk9OVD48L0I+,,W0plcmltb25dCjxGT05UIENPTE9SID0gRTY4RjhGPjxGT05UIFNJWkUgPSAxNj48Qj7CocKhwqHCocKhwqFVcm9hY2hhY2hhYWF1cm9hY2hhYWFhYWFhdXdhYWFha2FhISEhISEhPC9GT05UPjwvRk9OVD48L0I+
vKDaCg,W+ygnOumrOuqrF0KPEZPTlQgQ09MT1IgPSBFNjhGOEY+PEZPTlQgU0laRSA9IDE2PjxCPuyVhOudvOyekOyekOyekOyekOyepOycvOyZgOyVhOyVhOyVhOyVhOyVhOyVmeyVhOyVhOyVmCEhISEhITwvRk9OVD48L0ZPTlQ+PC9CPg==,W0plcmltb25dCjxGT05UIENPTE9SID0gRTY4RjhGPjxGT05UIFNJWkUgPSAxNj48Qj5BcmFqYS1qYS1qYS1qYS4uLiBaenouLi4gV2FhYWFhYWFoaGghISEhISE8L0ZPTlQ+PC9GT05UPjwvQj4=,,,,,W0plcmltb25dCjxGT05UIENPTE9SID0gRTY4RjhGPjxGT05UIFNJWkUgPSAxNj48Qj5BcmFyYWphamFqYWrDocOhw6HDocOhw6HDocOhw6HDocOhw6HDocOhw6HDoSEhISEhITwvRk9OVD48L0ZPTlQ+PC9CPg==,,W0plcmltb25dCjxGT05UIENPTE9SID0gRTY4RjhGPjxGT05UIFNJWkUgPSAxNj48Qj7CocKhwqHCocKhQXJhYWF6YXphemF6YXphemF6YXphemF6YXphemF6YWFhYWFhISEhISE8L0ZPTlQ+PC9GT05UPjwvQj4=
vaDaCg,W+ygnOumrOuqrF0K7JWE64uk65Sw65Sw65Sw65WEISEg7JWE7LW47JikISEg7Jy865+IISEg7LyBLCDsu6TslrTsl4nslrYuLi4=,W0plcmltb25dCkEtZGEtZGEtZGEtZGF0ISEgQWNob28hISBIeWFhYWghISBLZWgsIGt1dXV1Z2guLi4=,,,,,W0plcmltb25dCkFkYWRhZGFkYWTDoSEhIEF0Y2jDtMO0ISEgVXJyw6EhISBDb2YsIGt1dXV1Z2guLi4=,,W0plcmltb25dCsKhwqFBZGFkYWRhZGFkw6EhISDCocKhQWNow7NvISEgwqHCoVVyeWF0ISEgS2VrLCBrZW9vb25neWVvay4uLg==
vqDaCg,7JWE7J206rOgIOyCrOuejCDsnqHqsqDrhKQsIOq0nOywruyVhOyalD8/,R29vZG5lc3MsIGFyZSB5b3UgdHJ5aW5nIHRvIGdldCBzb21lb25lIGtpbGxlZD8gQXJlIHlvdSBhbHJpZ2h0Pz8=,,,,,QWksIGlzc28gdmFpIGFjYWJhciBtYXRhbmRvIGFsZ3XDqW0uLi4gVm9jw6ogZXN0w6EgYmVtPz8=,,QXksIGVzdG8gdmEgYSBtYXRhciBhIGFsZ3VpZW4uLi4gwr9Fc3TDoXMgYmllbj8/
v6DaCg,W+ygnOumrOuqrF0K64GE7JWNLi4uIO2bhOyasC4uLiDtm4TsmrAuLi4g64SkIOydtOygnCDqtJzssK7sirXri4jri6Qu,W0plcmltb25dCktnaC4uLiBIb28uLi4gaG9vLi4uIFllcywgSSdtIGZpbmUgbm93Lg==,,,,,W0plcmltb25dCktycmdoLi4uIFVmYS4uLiBVZmEuLi4gU2ltLCBhZ29yYSBlc3RvdSBiZW0u,,W0plcmltb25dClVnaC4uLiB1Zi4uLiB1Zi4uLiBTw60sIGFob3JhIGVzdG95IGJpZW4u
wKDaCg,LSDsoJzrpqzrqqzsnbQg65Ok6rOgIOyeiOuKlCDrs5Eg7JWI7J2EIOuztOuLiCDshozsmqnrj4zsnbTsnZgg66qo7Iq17J20IOyEoOuqhe2VmOqyjCDrs7TsmIDri6QuIC0=,LSBMb29raW5nIGludG8gdGhlIGJvdHRsZSBKZXJpbW9uIGlzIGhvbGRpbmcsIHlvdSBjYW4gY2xlYXJseSBzZWUgYSBzd2lybGluZyB2b3J0ZXguIC0=,,,,,LSBBbyBvbGhhciBwYXJhIGRlbnRybyBkbyBmcmFzY28gcXVlIEplcmltb24gZXN0w6Egc2VndXJhbmRvLCBhIGZvcm1hIGRlIHVtIHJlZGVtb2luaG8gcG9kaWEgc2VyIHZpc3RhIGNvbSBjbGFyZXphLiAt,,LSBBbCBtaXJhciBkZW50cm8gZGUgbGEgYm90ZWxsYSBxdWUgc29zdGllbmUgSmVyaW1vbiwgc2UgdmXDrWEgY29uIGNsYXJpZGFkIGxhIGZvcm1hIGRlIHVuIHJlbW9saW5vLiAt
waDaCg,W+ygnOumrOuqrF0K7J6QLCDrs7TsnbTsi5zrgpjsmpQ/IOydtCDshozsmqnrj4zsnbQg66eQ7J207JeQ7JqUISEg7J206rKD7J20IOuwlOuhnCDrsJTsnbTslYTrnoAg7ZW06rWs7J2YIOy1nO2VmOuLqOqzvCDsl7DqsrDtlZjripQg7Ya166Gc6rCAIOuQqeuLiOuLpCE=,W0plcmltb25dCk5vdywgZG8geW91IHNlZSBpdD8gVGhpcyB3aGlybHBvb2whISBUaGlzIGlzIHRoZSBwYXNzYWdlIHRoYXQgY29ubmVjdHMgdG8gdGhlIHZlcnkgYm90dG9tIG9mIHRoZSBCeWFsYW4gVHJlbmNoIQ==,,,,,W0plcmltb25dCkJlbSwgZXN0w6EgdmVuZG8/IEVzdGUgcmVkZW1vaW5obyEhIEVsZSDDqSBhIHBhc3NhZ2VtIHF1ZSBjb25lY3RhIGFvIHBvbnRvIG1haXMgcHJvZnVuZG8gZGEgRm9zc2EgZGUgQnlhbGFuIQ==,,W0plcmltb25dCkJpZW4sIMK/bG8gdmU/IMKhRXN0ZSByZW1vbGlubyEgwqFFc3RlIGVzIGVsIHBhc2FqZSBxdWUgY29uZWN0YSBjb24gZWwgZm9uZG8gZGUgbGEgZm9zYSBCeWFsYW4h
wqDaCg,Pz8/IOq3uOuDpSDtnZTrk6TslrTshJwg7IOd6ri0IOyGjOyaqeuPjOydtCDslYTri4zqsIDsmpQ/,Pz8/IElzbuKAmXQgaXQganVzdCBhIHdoaXJscG9vbCBjYXVzZWQgYnkgc2hha2luZyBpdD8=,,,,,Pz8/IE7Do28gw6kgYXBlbmFzIHVtIHJlZGVtb2luaG8gcXVlIHNlIGZvcm1vdSBhbyBzYWN1ZGlyPw==,,wr/Cv8K/Tm8gZXMgc29sbyB1biByZW1vbGlubyBxdWUgc2UgZm9ybcOzIGFsIGFnaXRhcmxvPw==
w6DaCg,W+ygnOumrOuqrF0K7JWE64uZ64uI64ukLiDsnbTqsoPsnYAg7KCA7J2YIOuniOugpeydtCDri7TquLQg64+M7J24642w7JqULCDsnpAg7J206rKD7J2EIOuztOyLnOyjoC4=,W0plcmltb25dCk5vLiBUaGlzIGlzIGEgc3RvbmUgaW5mdXNlZCB3aXRoIG15IG1hZ2ljIHBvd2VyLiBOb3csIHRha2UgYSBsb29rIGF0IHRoaXMu,,,,,W0plcmltb25dCk7Do28uIEVzdGEgw6kgdW1hIHBlZHJhIHF1ZSBjb250w6ltIG8gbWV1IHBvZGVyIG3DoWdpY28uIEFxdWksIHZlamEgaXN0by4=,,W0plcmltb25dCk5vLiBFc3RhIGVzIHVuYSBwaWVkcmEgcXVlIGNvbnRpZW5lIG1pIHBvZGVyIG3DoWdpY287IGJpZW4sIG1pcmUgZXN0by4=
xKDaCg,IC0g7KCc66as66qs7J2AIOu5m+uCmOuKlCDrj4zrqansnbTrpbwg67OR7JeQIOuEo+yXiOuLpC4g6re4IOu5m+uCmOuKlCDrj4zsnYAg67ORIOyViOydmCDshozsmqnrj4zsnbTsl5Ag67mo66CkIOuTpOyWtOqwgCDtnZTsoIHrj4Qg7JeG7J20IOyCrOudvOyhjOuLpCEgLQ==,IC0gSmVyaW1vbiBwdXQgdGhlIHNoaW5pbmcgc3RvbmUgaW50byB0aGUgYm90dGxlLiBUaGUgc2hpbmluZyBzdG9uZSB3YXMgc3Vja2VkIGludG8gdGhlIHZvcnRleCBpbnNpZGUgdGhlIGJvdHRsZSBhbmQgdmFuaXNoZWQgd2l0aG91dCBhIHRyYWNlISAt,,,,,IC0gSmVyaW1vbiBjb2xvY291IGEgcGVkcmEgYnJpbGhhbnRlIGRlbnRybyBkYSBnYXJyYWZhLiBBIHBlZHJhIGJyaWxoYW50ZSBmb2kgc3VnYWRhIHBlbG8gcmVkZW1vaW5obyBkZW50cm8gZGEgZ2FycmFmYSBlIGRlc2FwYXJlY2V1IHNlbSBkZWl4YXIgdmVzdMOtZ2lvcyEgLQ==,,IC0gSmVyaW1vbiBtZXRpw7MgbGEgcGllZHJhIGJyaWxsYW50ZSBlbiBsYSBib3RlbGxhLiDCoUxhIHBpZWRyYSBicmlsbGFudGUgZnVlIGFic29yYmlkYSBwb3IgZWwgcmVtb2xpbm8gZGVudHJvIGRlIGxhIGJvdGVsbGEgeSBkZXNhcGFyZWNpw7Mgc2luIGRlamFyIHJhc3RybyEgLQ==
xaDaCg,7JWE64uILCDsnbTrn7TsiJjqsIA/Pw==,Tm8sIGhvdyBjb3VsZCB0aGlzIGJlPz8=,,,,,TsOjbywgY29tbyBpc3NvIMOpIHBvc3PDrXZlbD8/,,wqFObywgwr9jw7NtbyBwdWVkZSBzZXI/Pw==
xqDaCg,W+ygnOumrOuqrF0K7KCcIOuniOugpeydtCDri7TquLQg64+M66mp7J2064qUIOyggOyZgOydmCDqsbDrpqzrpbwg7Lih7KCV7ZWY64qUIOqyg+ydtCDqsIDriqXtlZjri6Tqs6Ag66eQ7JSAIOuTnOumsOyggeydtCDsnojso6A/,W0plcmltb25dCkkgdG9sZCB5b3UgdGhhdCB0aGUgc3RvbmUgaW5mdXNlZCB3aXRoIG15IG1hZ2ljIGNhbiBtZWFzdXJlIHRoZSBkaXN0YW5jZSBiZXR3ZWVuIHlvdSBhbmQgbWUsIHJpZ2h0Pw==,,,,,W0plcmltb25dCkV1IGrDoSBkaXNzZSBxdWUgYSBwZWRyaW5oYSBpbWJ1w61kYSBjb20gYSBtaW5oYSBtYWdpYSBjb25zZWd1ZSBtZWRpciBhIGRpc3TDom5jaWEgZW50cmUgbsOzcywgbsOjbyBmb2k/,,W0plcmltb25dCsK/UmVjdWVyZGFzIHF1ZSB0ZSBkaWplIHF1ZSBsYSBwaWVkcmVjaXRhIGltcHJlZ25hZGEgY29uIG1pIHBvZGVyIG3DoWdpY28gcHVlZGUgbWVkaXIgbGEgZGlzdGFuY2lhIGVudHJlIHTDuiB5IHlvPw==
x6DaCg,W+ygnOumrOuqrF0K7KCA67KI7JeQIOuwlOydtOyVhOuegCDtlbTqtazroZwg64+M66mp7J2066W8IOynkeyWtCDrhKPsl4jsnYQg65WM7JmAIOuYkeqwmeydgCDripDrgozsnbTsl5DsmpQuLgrsnbQg7IaM7Jqp64+M7J2066W8IOuUsOudvOqwgOuptCDrgprsi6/rjIDsnZgg7KO87J247J2EIOywvuydhCDsiJgg7J6I7J2E7KeA64+EIOuqqOumheuLiOuLpC4=,W0plcmltb25dCkl0IGZlZWxzIGp1c3QgbGlrZSB3aGVuIEkgdG9zc2VkIGEgc3RvbmUgaW50byB0aGUgQnlhbGFuIFRyZW5jaCBsYXN0IHRpbWUuLi4KSWYgd2UgZm9sbG93IHRoaXMgd2hpcmxwb29sLCB3ZSBtaWdodCBiZSBhYmxlIHRvIGZpbmQgdGhlIG93bmVyIG9mIHRoZSBmaXNoaW5nIHJvZC4=,,,,,W0plcmltb25dCsOJIGEgbWVzbWEgc2Vuc2HDp8OjbyBkZSBxdWFuZG8gY29sb2NhbW9zIHVtYSBwZWRyYSBubyBtYXIgZGUgQnlhbGFuIGRhIMO6bHRpbWEgdmV6Li4KU2Ugc2VndWlyIGVzdGUgcmVkZW1vaW5obywgdGFsdmV6IGNvbnNpZ2EgZW5jb250cmFyIG8gZG9ubyBkYSB2YXJhIGRlIHBlc2Nhci4=,,W0plcmltb25dCkVzIGxhIG1pc21hIHNlbnNhY2nDs24gcXVlIGN1YW5kbyBsYSBvdHJhIHZleiBhcnJvasOpIHVuYSBwaWVkcmEgYWwgYWJpc21vIG1hcmlubyBkZSBCeWFsYW4uLi4KU2kgc2lndWVzIGVzdGUgcmVtb2xpbm8sIHF1aXrDoSBwdWVkYXMgZW5jb250cmFyIGFsIGR1ZcOxbyBkZSBsYSBjYcOxYSBkZSBwZXNjYXIu
yKDaCg,W+ygnOumrOuqrF0K66y47KCc64qULi4uIOuCmuyLr+uMgOyXkCDrrLvslrQg7J6I64qUIOygleyImOydmCDslpHsnLzroZzripQg7IKs656M7J20IOuTpOyWtOqwiCDrp4ztlZwg7YGwIOyGjOyaqeuPjOydtOulvCDrp4zrk6Qg7IiY6rCAIOyXhuyWtOyalC4=,W0plcmltb25dClRoZSBwcm9ibGVtIGlzLi4uIHRoZXJlIGlzbuKAmXQgZW5vdWdoIGVzc2VuY2Ugb24gdGhlIGZpc2hpbmcgcm9kIHRvIGNyZWF0ZSBhIHdoaXJscG9vbCBiaWcgZW5vdWdoIGZvciBhIHBlcnNvbiB0byBlbnRlci4=,,,,,W0plcmltb25dCk8gcHJvYmxlbWEgw6kgcXVlLi4uIGNvbSBhIHF1YW50aWRhZGUgZGUgZXNzw6puY2lhIGdydWRhZGEgbmEgdmFyYSBkZSBwZXNjYXIsIG7Do28gZMOhIHBhcmEgY3JpYXIgdW0gcmVkZW1vaW5obyBncmFuZGUgbyBiYXN0YW50ZSBwYXJhIHVtYSBwZXNzb2EgZW50cmFyLg==,,W0plcmltb25dCkVsIHByb2JsZW1hIGVzIHF1ZS4uLiBjb24gbGEgY2FudGlkYWQgZGUgZXNlbmNpYSBxdWUgcXVlZGEgZW4gbGEgY2HDsWEgZGUgcGVzY2FyIG5vIHNlIHB1ZWRlIGNyZWFyIHVuIHJlbW9saW5vIGxvIGJhc3RhbnRlIGdyYW5kZSBjb21vIHBhcmEgcXVlIGVudHJlIHVuYSBwZXJzb25hLg==
yaDaCg,7J20IOygleuPhOydmCDslpHsnLzroZzripQg6rSc7LCu7J2E6rmM7JqUPw==,V291bGQgdGhpcyBhbW91bnQgYmUgZW5vdWdoPw==,,,,,RXNzYSBxdWFudGlkYWRlIGVzdMOhIGJvYT8=,,wr9Db24gZXN0YSBjYW50aWRhZCBzZXLDoSBzdWZpY2llbnRlPw==
yqDaCg,IC0g6rKM7J247Jy866Gc67aA7YSwIOuwm+ydgCBeNEQ0REZG7Ius7Jew7J2YIOygleyImF4wMDAwMDDrpbwg7KCc66as66qs7JeQ6rKMIOuztOyXrOyjvOyXiOuLpC4gLQ==,IC0gWW91IHNob3dlZCB0aGUgXjRENERGRkVzc2VuY2Ugb2YgQWJ5c3NeMDAwMDAwIHlvdSByZWNlaXZlZCBmcm9tIEdhaW4gdG8gSmVyaW1vbi4gLQ==,,,,,IC0gTW9zdHJlaSBhIF40RDRERkZFc3PDqm5jaWEgQWJpc3NhbF4wMDAwMDAgcXVlIHJlY2ViaSBkZSBHYWluIHBhcmEgSmVyaW1vbi4gLQ==,,IC0gTGUgbW9zdHJhc3RlIGEgSmVyaW1vbiBsYSBeNEQ0REZGRXNlbmNpYSBkZWwgQWJpc21vXjAwMDAwMCBxdWUgcmVjaWJpc3RlIGRlIEdhaW4uIC0=
y6DaCg,W+ygnOumrOuqrF0K7JikLCDtmLnsi5zrgpgg7ZW07IScIOu2gO2DgeuTnOuguOuNmCDqsoPsnbjrjbAg7KCV66eQ66GcIOuwnOqyrOuQmOyXiOq1sOyalCE=,W0plcmltb25dCk9oLCBJIGFza2VkIGp1c3QgaW4gY2FzZSwgYnV0IHlvdSByZWFsbHkgZm91bmQgaXQh,,,,,W0plcmltb25dCkFoLCBldSBwZWRpIHPDsyBwb3IgcHJlY2F1w6fDo28sIG1hcyByZWFsbWVudGUgZm9pIGVuY29udHJhZG8h,,W0plcmltb25dCk9oLCBsbyBwZWTDrSBwb3Igc2kgYWNhc28sIMKhcGVybyBkZSB2ZXJkYWQgbG8gaGFuIGVuY29udHJhZG8h
zKDaCg,W+ygnOumrOuqrF0K7J20IOygleuPhOydmCDslpHsnbTrqbQg7J2867CYIOyCrOuejOydtCDstpzsnoUg6rCA64ql7ZWcIOq3oOyXtOydmCDshozsmqnrj4zsnbTrpbwg66eM65OkIOyImCDsnojsnYQg6rKDIOqwmeyVhOyalC4g7KCA7JeQ6rKMIOuEmOqyqOyjvOyLnOuptCDrkJjqsqDsirXri4jri6Qu,W0plcmltb25dCldpdGggdGhpcyBhbW91bnQsIEkgdGhpbmsgd2UgY2FuIGNyZWF0ZSBhIHJpZnQgdm9ydGV4IHRoYXQgb3JkaW5hcnkgcGVvcGxlIGNhbiBwYXNzIHRocm91Z2guIFlvdSBjYW4gaGFuZCBpdCBvdmVyIHRvIG1lIG5vdy4=,,,,,W0plcmltb25dCkNvbSBlc3NhIHF1YW50aWRhZGUsIGFjaG8gcXVlIGTDoSBwYXJhIGNyaWFyIHVtIHJlZGVtb2luaG8gZGEgZmVuZGEgcGVsbyBxdWFsIHVtYSBwZXNzb2EgY29tdW0gcG9zc2EgZW50cmFyIGUgc2Fpci4gUG9kZSBtZSBlbnRyZWdhciwgcG9yIGZhdm9yLg==,,W0plcmltb25dCkNvbiBlc3RhIGNhbnRpZGFkLCBjcmVvIHF1ZSBwb2Ryw6kgY3JlYXIgdW4gdsOzcnRpY2UgZGUgbGEgZ3JpZXRhIHBvciBlbCBxdWUgcHVlZGEgcGFzYXIgdW5hIHBlcnNvbmEgbm9ybWFsLiBFbnRvbmNlcywgZW50csOpZ3VlbWVsby4=
zaDaCg,W+ygnOumrOuqrF0K7J20IOygleuPhOydmCDrtoTrn4nsnYQg7Jes6riw7IScIO2VmOq4sOyXkOuKlCDsnqXshozqsIAg7ZiR7IaM7ZWY64uIIOydtOymiOujqOuTnOyXkOyEnCDsp4TtlontlZjrj4TroZ0g7ZWY7Iuc7KOgLiDqt7jsqr0g7Lmc6rWs65Ok7J2YIOuPhOybgOuPhCDrsJvsnYQg6rK4Lgrqt7jrn7wg7J207KaI66Oo65Oc7JeQ7IScIOunjOuCmOyalCEh,W0plcmltb25dClRoaXMgaXMgdG9vIG11Y2ggdG8gaGFuZGxlIGhlcmXigJR0aGUgcGxhY2UgaXMgdG9vIGNyYW1wZWQsIFNvaGEsIHNvIGxldOKAmXMgZG8gaXQgaW4gSXpsdWRlLiBXZSBjYW4gZ2V0IHNvbWUgaGVscCBmcm9tIHRoZSBmcmllbmRzIG92ZXIgdGhlcmUsIHRvby4KVGhlbiBJ4oCZbGwgc2VlIHlvdSBpbiBJemx1ZGUhIQ==,,,,,W0plcmltb25dClBhcmEgZmF6ZXIgaXNzbyBuZXNzYSBxdWFudGlkYWRlIGFxdWksIG8gbHVnYXIgw6kgbWVpbyBhcGVydGFkbywgZW50w6NvIHZhbW9zIHByb3NzZWd1aXIgZW0gSXpsdWRlLiBBcHJvdmVpdGFtb3MgZSBwZWRpbW9zIGFqdWRhIGFvcyBhbWlnb3MgZGUgbMOhLgpFbnTDo28sIG5vcyB2ZW1vcyBlbSBJemx1ZGUhIQ==,,W0plcmltb25dCkNvbiBlc3RlIHZvbHVtZW4gZGUgdHJhYmFqbywgZXN0ZSBsdWdhciBlcyBkZW1hc2lhZG8gZXN0cmVjaG9Tb2hhLCBhc8OtIHF1ZSBoYWfDoW1vc2xvIGVuIEl6bHVkZS4gRGUgcGFzbywgcmVjaWJpcmVtb3MgbGEgYXl1ZGEgZGUgbG9zIGFtaWdvcyBkZSBhbGzDrS4KRW50b25jZXMsIMKhbm9zIHZlbW9zIGVuIEl6bHVkZSEh
zqDaCg,W+ygnOumrOuqrF0K6re465+8IOydtOymiOujqOuTnOyXkOyEnCDrp4zrgqAg7IiYIOyeiOuPhOuhnSDtlbTsmpQhIQ==,W0plcmltb25dClRoZW4gbGV0J3MgbWVldCBpbiBJemx1ZGUhIQ==,,,,,W0plcmltb25dCkVudMOjbywgdmFtb3Mgbm9zIGVuY29udHJhciBlbSBJemx1ZGUhIQ==,,W0plcmltb25dCsKhRW50b25jZXMsIGhhZ2Ftb3MgcGFyYSBwb2RlciB2ZXJub3MgZW4gSXpsdWRlISE=
z6DaCg,W+ygnOumrOuqrF0K67KI6rGw66Gc7Jqw7Iuc6rKg7KeA66eMIOu2gO2DgeuTnOumrOqyoOyKteuLiOuLpC4g7KCA64qUIOyXrOq4sOyEnCDquLDri6Trpqzqs6Ag7J6I7J2E6rKM7JqULg==,W0plcmltb25dClNvcnJ5IHRvIHRyb3VibGUgeW91LCBidXQgSSBtdXN0IGFzayB0aGlzIG9mIHlvdS4gSSdsbCBiZSB3YWl0aW5nIGhlcmUu,,,,,W0plcmltb25dCkRlc2N1bHBlIGluY29tb2RhciwgbWFzIHBlw6dvIHF1ZSBmYcOnYSBpc3NvLiBWb3UgZmljYXIgZXNwZXJhbmRvIGFxdWku,,W0plcmltb25dClPDqSBxdWUgZXMgdW5hIG1vbGVzdGlhLCBwZXJvIHRlIGxvIHJ1ZWdvLiBFc3RhcsOpIGVzcGVyYW5kbyBhcXXDrS4=
0KDaCg,W+ygnOumrOuqrF0K7JWE7JWEIOyYpOyFqOyKteuLiOq5jCEh,W0plcmltb25dCkFoLCB5b3XigJl2ZSBjb21lISE=,,,,,W0plcmltb25dCkFoLCB2b2PDqiBjaGVnb3UhIQ==,,W0plcmltb25dCsKhwqFBaCwgwr9oYWLDqWlzIHZlbmlkbyEh
0aDaCg,W+ygnOumrOuqrF0K66qo7ZeY6rCA64uY7J20IOyYpOyLnOuKlCDrj5nslYgg7KCA7Z2s6rCAIOunjOuwmOydmCDspIDruYTrpbwg64ukIOuniOyzpOuLteuLiOuLpC4=,W0plcmltb25dCldl4oCZdmUgZmluaXNoZWQgYWxsIG91ciBwcmVwYXJhdGlvbnMgd2hpbGUgeW91IHdlcmUgb24geW91ciB3YXksIEFkdmVudHVyZXIu,,,,,W0plcmltb25dCkVucXVhbnRvIG8gYXZlbnR1cmVpcm8gdmluaGEgcGFyYSBjw6EsIG7Ds3MgasOhIGRlaXhhbW9zIHR1ZG8gdG90YWxtZW50ZSBwcmVwYXJhZG8u,,W0plcmltb25dCk1pZW50cmFzIHZlbsOtYXMsIGF2ZW50dXJlcm8sIG5vc290cm9zIHlhIHRlcm1pbmFtb3MgZGUgcHJlcGFyYXIgdG9kby4=
0qDaCg,IC0g6rKM7J247J2AIOuRkCDsuZzqtazrk6Tqs7wg7Iio7J2EIO2XkOuWoeydtOupsCDsnbjsgqzrpbwg7ZWc64ukLiAt,IC0gR2FpbiBncmVldHMgdGhlIHR3byBmcmllbmRzLCBwYW50aW5nIGZvciBicmVhdGguIC0=,,,,,IC0gR2FpbiBjdW1wcmltZW50YSBvcyBkb2lzIGFtaWdvcywgb2ZlZ2FudGUuIC0=,,IC0gR2FpbiBzYWx1ZGEgYSBkb3MgYW1pZ29zLCBqYWRlYW5kby4gLQ==
06DaCg,W+qyjOyduF0K7ZWY7JWFLCDtlZjslYUsLCwg7ZeJLi4g7ZeJLi4uLiDslZcg66qo7ZeY6rCA64uYIOyWtOyEnOyYpOyEuOyalC4=,W0dhaW5dCkh1ZmYsIGh1ZmYuLi4gKmdhc3AqLi4uICpnYXNwKi4uLi4gQWgsIEFkdmVudHVyZXIsIHdlbGNvbWUu,,,,,W0dhaW5dCkhhYWgsIGhhYWgsLCwgaHVmZi4uIGh1ZmYuLi4uIEFoLCBhdmVudHVyZWlybywgc2VqYSBiZW0tdmluZG8u,,W0dhaW5dCkphZGVvLCBqYWRlbywsLCB1Zi4uIHVmLi4uLiBBaCwgYXZlbnR1cmVybywgYmllbnZlbmlkby4=
1KDaCg,W+qyjOyduF0K7Ja065akIOybkOumrOyduOyngOuKlCDsnpgg66qo66W06rKg7KeA66eMIOygnOumrOuqrOuLmOydtCDsi5ztgqTripQg64yA66GcIOyXtOyLrO2eiCDtnJjsoIDsl4jsirXri4jri6QhIQ==,W0dhaW5dCknigJltIG5vdCBzdXJlIGhvdyBpdCB3b3JrcywgYnV0IEkgc3RpcnJlZCBpdCBoYXJkIGp1c3QgbGlrZSBKZXJpbW9uIHRvbGQgbWUgdG8hIQ==,,,,,W0dhaW5dCk7Do28gc2VpIGJlbSBxdWFsIMOpIG8gcHJpbmPDrXBpbywgbWFzIG1leGkgY29tIHZvbnRhZGUsIGRvIGplaXRvIHF1ZSBKZXJpbW9uIG1hbmRvdSEh,,W0dhaW5dCk5vIHPDqSBiaWVuIGN1w6FsIGVzIGVsIHByaW5jaXBpbywgwqFwZXJvIGxvIHJlbW92w60gY29uIHRvZGFzIG1pcyBmdWVyemFzIHRhbCBjb21vIG1lIGxvIGluZGljw7MgSmVyaW1vbiEh
1aDaCg,W+udvOy8gCAmIOyKpO2UhF0K7Z6I7J21Li4uIO2XpS4uIO2XpS4uLi4g7JWELi4uIOyViOuFle2VmOyEuOyalC4=,W1Jha2UgJiBTcHJ1XQpFZWsuLi4gaHVmZi4uLiBodWZmLi4uLiBBaC4uLiBoZWxsby4=,,,,,W1Jha2UgJiBTcHJ1XQpIaWlpYy4uLiBIZWMuLiBIZWMuLi4uIEFoLi4uIG9sw6Eu,,W1Jha2UgJiBTcHJ1XQrCoUhpaWlrLi4uIGh1ZmYuLiBodWZmLi4uLiBBaC4uLiBob2xhLg==
1qDaCg,W+ygnOumrOuqrF0=,W0plcmltb25d,,,,,W0plcmltb25d,,W0plcmltb25d
16DaCg,7J6QLCDsnbTsoJwg7Iuc7J6R7ZW0IOuzvOq5jOyalD8=,QWxsIHJpZ2h0LCBzaGFsbCB3ZSBiZWdpbiBub3c/,,,,,RW50w6NvLCB2YW1vcyBjb21lw6dhciBhZ29yYT8=,,Qmllbiwgwr9lbXBlemFtb3MgYWhvcmE/
2KDaCg,W+ygnOumrOuqrF0K7J207KCcIOqzpyDshozsmqnrj4zsnbTqsIAg7IOd7ISx65CgIOqxsOyXkOyalC4=,W0plcmltb25dCkEgdm9ydGV4IHdpbGwgZm9ybSBzb29uLg==,,,,,W0plcmltb25dCkVtIGJyZXZlLCB1bSByZWRlbW9pbmhvIHNlcsOhIGNyaWFkby4=,,W0plcmltb25dClByb250byBzZSBmb3JtYXLDoSB1biByZW1vbGluby4=
2aDaCg,W+ygnOumrOuqrF0K7KCc6rCAIOyLoO2YuOulvCDrk5zrpqzrqbQg7KCcIOyGkOydhCDsnqHslYTso7zshLjsmpQhIQ==,W0plcmltb25dCldoZW4gSSBnaXZlIHlvdSB0aGUgc2lnbmFsLCBncmFiIG15IGhhbmQhIQ==,,,,,W0plcmltb25dClF1YW5kbyBldSBkZXIgbyBzaW5hbCwgc2VndXJlIGEgbWluaGEgbcOjbyEh,,W0plcmltb25dCsKhwqFDdWFuZG8gdGUgZMOpIGxhIHNlw7FhbCwgYWdhcnJhIG1pIG1hbm8hIQ==
2qDaCg,7JWE64uILCDsnqDquZDrp4zsmpQuIOyngOq4iCDrsJTroZwg6rCA64qU6rKB64uI6rmMPw==,Tm8sIHdhaXQgYSBtb21lbnQuIEFyZSB5b3UgbGVhdmluZyByaWdodCBub3c/,,,,,TsOjbywgZXNwZXJlIHVtIG1vbWVudG8uIFZhaSBzYWlyIGFnb3JhIG1lc21vPw==,,Tm8sIGVzcGVyZSB1biBtb21lbnRvLiDCv1NlIHZhIGFob3JhIG1pc21vPw==
26DaCg,W+ygnOumrOuqrF0K64Sk64SkLCDsnbzri6gg64SY7Ja06rCA7IScIOyDneqwge2VmOyLnOyjoCEg7KCA66eMIOuvv+ycvOyEuOyalH5+ISE=,W0plcmltb25dClllcywgeWVzLCBsZXTigJlzIG1vdmUgb24gZm9yIG5vdyBhbmQgdGhpbmsgYWJvdXQgaXQgbGF0ZXIhIEp1c3QgdHJ1c3QgbWV+fiEh,,,,,W0plcmltb25dClNpbSwgc2ltLCBwb3IgZW5xdWFudG8gdmFtb3Mgc2VndWlyIGVtIGZyZW50ZSBlIHBlbnNhciBuaXNzbyBkZXBvaXMhIFBvZGUgY29uZmlhciBlbSBtaW1+fiEh,,W0plcmltb25dClPDrSwgc8OtLCBwb3IgYWhvcmEgc2lnYW1vcyBhZGVsYW50ZSB5IGxvIHBlbnNhbW9zIGx1ZWdvLiDCoUNvbmbDrWUgZW4gbcOtfn4hIQ==
3KDaCg,W+ygnOumrOuqrF0K7J6QLCDsp4DquIjsnoXri4jri6QuIOygnCDshpDsnYQg7J6h7JWE7JqUIQ==,W0plcmltb25dCk5vdyEgVGFrZSBteSBoYW5kIQ==,,,,,W0plcmltb25dCkFnb3JhLCDDqSBhIGhvcmEuIFNlZ3VyZSBtaW5oYSBtw6NvIQ==,,W0plcmltb25dCkJpZW4sIGVzIGFob3JhLiDCoVRvbWEgbWkgbWFubyE=
3aDaCg,W+ygnOumrOuqrF0K7Jy87JmTISDruZnquIDruZnquIAg64+I64uk7JWEfn4hIQ==,W0plcmltb25dClctV2hvYSEgRXZlcnl0aGluZ+KAmXMgc3Bpbm5pbuKAmSBhcm91bmR+fiEh,,,,,W0plcmltb25dClVhYWFoISBUw6EgdHVkbyBnaXJhbmRvb29+fiEh,,W0plcmltb25dCsKhVWFhYWghIMKhRXN0b3kgZGFuZG8gdnVlbHRhcyB5IHZ1ZWx0YXN+fiEh
3qDaCg,W+ygnOumrOuqrF0K7JWI64WV7ZWY7IS47JqUISE=,W0plcmltb25dCkhlbGxvISE=,,,,,W0plcmltb25dCk9sw6EhIQ==,,W0plcmltb25dCsKhwqFIb2xhISE=
36DaCg,W+ygnOumrOuqrF0K66qo7ZeY6rCA64uYIOuNleu2hOyXkCDtlZjro6jtlZjro6gg7ISk66CI6rOgIOymkOqxsOyatCDsi5zqsITsnYQg67O064K06rOgIOyeiOuLteuLiOuLpC4=,W0plcmltb25dClRoYW5rcyB0byB5b3UsIEFkdmVudHVyZXIsIGVhY2ggZGF5IGhhcyBiZWVuIGZpbGxlZCB3aXRoIGV4Y2l0ZW1lbnQgYW5kIGpveS4=,,,,,W0plcmltb25dCkdyYcOnYXMgYSB2b2PDqiwgYXZlbnR1cmVpcm8sIHRlbmhvIHBhc3NhZG8gZGlhcyBjaGVpb3MgZGUgZW1vw6fDo28gZSBtb21lbnRvcyBhZ3JhZMOhdmVpcy4=,,W0plcmltb25dCkdyYWNpYXMgYSB0aSwgYXZlbnR1cmVybywgcGFzbyBjYWRhIGTDrWEgY29uIGlsdXNpw7NuIHkgbW9tZW50b3MgYWdyYWRhYmxlcy4=
4KDaCg,W+ygnOumrOuqrF0K7Ius7ZW066GcIOuLpOyLnCDrlqDrgpjsi5zqsqDsirXri4jquYw/IOyggOuPhCDqsJnsnbQg65Sw65286rCA6rKg7Iq164uI64ukISE=,W0plcmltb25dCldvdWxkIHlvdSBsaWtlIHRvIGhlYWQgYmFjayB0byB0aGUgZGVlcCBzZWE/IEkgd2lsbCBnbyB3aXRoIHlvdSB0b28hIQ==,,,,,W0plcmltb25dClZhaSBwYXJ0aXIgbm92YW1lbnRlIHBhcmEgbyBmdW5kbyBkbyBtYXI/IEV1IHRhbWLDqW0gaXJlaSBqdW50byEh,,W0plcmltb25dCsK/VmFzIGEgcGFydGlyIGRlIG51ZXZvIGhhY2lhIGxhcyBwcm9mdW5kaWRhZGVzIGRlbCBtYXI/IMKhwqFZbyB0YW1iacOpbiB0ZSBhY29tcGHDsWFyw6khIQ==
4aDaCg,67aA7YOB65Oc66a964uI64ukLg==,UGxlYXNlLg==,,,,,UG9yIGZhdm9yLg==,,U2UgbG8gcnVlZ28u
4qDaCg,64uk7J2M7JeQIOqwgOqyoOyKteuLiOuLpC4=,SSdsbCBnbyBuZXh0IHRpbWUu,,,,,Vm91IG5hIHByw7N4aW1hLg==,,SXLDqSBsYSBwcsOzeGltYSB2ZXou
46DaCg,7KKL7Iq164uI64ukLg==,VmVyeSB3ZWxsLg==,,,,,TXVpdG8gYmVtLg==,,TXV5IGJpZW4u
5KDaCg,W+ygnOumrOuqrF0K7J6QISDqsJHsi5zri6R+fiEhIOydtOyVvOyVhOyVhOyVlyEh,W0plcmltb25dCkFsbCByaWdodCEgTGV0J3MgZ29+fiEhIEh5YWFhYWghIQ==,,,,,W0plcmltb25dClZhbW9zISBWYW1vcyBsw6F+fiEhIElhYWFoISE=,,W0plcmltb25dCsKhVmFtb3MhIMKhwqFWw6Ftb25vc35+ISEgwqHCoVlhYWFoISE=
5aDaCg,W+ygnOumrOuqrF0K7Z2RLi4uIOq3uOufvCDquLDri6Trpqzqs6Ag7J6I6rKg7Iq164uI64ukLg==,W0plcmltb25dClVnaC4uLiBUaGVuIEknbGwgYmUgd2FpdGluZy4=,,,,,W0plcmltb25dCkhuZy4uLiBlbnTDo28gdm91IGZpY2FyIGVzcGVyYW5kby4=,,W0plcmltb25dClVnaC4uLiBFbnRvbmNlcyBlc3RhcsOpIGVzcGVyYW5kby4=
5qDaCg,7Iuc66Oo65Oc,U2lydWQ=,,,,,U2lydWQ=,,U2lydWQ=
56DaCg,W+yLnOujqOuTnF0K66qo7ZeY6rCA64uYLCDsoJXrp5Ag6rCQ7IKs65Oc66Ck7JqULg==,W1NpcnVkXQpBZHZlbnR1cmVyLCB0aGFuayB5b3Ugc28gbXVjaC4=,,,,,W1NpcnVkXQpBdmVudHVyZWlybywgbXVpdG8gb2JyaWdhZG8gbWVzbW8u,,W1NpcnVkXQpBdmVudHVyZXJvLCBkZSB2ZXJkYWQgc2UgbG8gYWdyYWRlemNvLg==
6KDaCg,W+yLnOujqOuTnF0K64uk7Iuc64qUIOuPjOyVhOyYpOyngCDrqrvtlaAg7KSEIOyVjOyVmOuKlOuNsC4uLg==,W1NpcnVkXQpJIHRob3VnaHQgSeKAmWQgbmV2ZXIgYmUgYWJsZSB0byBjb21lIGJhY2suLi4=,,,,,W1NpcnVkXQpBY2hlaSBxdWUgbnVuY2EgbWFpcyBjb25zZWd1aXJpYSB2b2x0YXIuLi4=,,W1NpcnVkXQpQZW5zw6kgcXVlIG5vIHBvZHLDrWEgdm9sdmVyIG51bmNhLi4u
6aDaCg,7KCc7J24,SmFuZQ==,,,,,SmFuZQ==,,SmFuZQ==
6qDaCg,Wz8/P10K7JWI64WV7ZWY7IS47JqULg==,Wz8/P10KSGVsbG8u,,,,,Wz8/P10KT2zDoS4=,,Wz8/P10KSG9sYS4=
66DaCg,64u57Iug7J20IOyLnOujqOuTnOyduOqwgOyalD8=,QXJlIHlvdSBTaXJ1ZD8=,,,,,Vm9jw6ogw6kgU2lydWQ/,,wr9FcmVzIFNpcnVkPw==
7KDaCg,W+ygnOyduF0K7JWE64uI7JqULCDsoIDripQg7KCc7J247J2065286rOgIO2VtOyalC4=,W0phbmVdCk5vLCBteSBuYW1lIGlzIEphbmUu,,,,,W0phbmVdCk7Do28sIGV1IG1lIGNoYW1vIEphbmUu,,W0phbmVdCk5vLCBtZSBsbGFtbyBKYW5lLg==
7aDaCg,W+ygnOyduF0K7Iuc66Oo65OcLi4uPwrslrTrlJTshJwg65Ok7Ja067O4IOydtOumhOyduCDqsoMg6rCZ7J2A642wLi4u,W0phbmVdClNpcnVkLi4uPwpJIGZlZWwgbGlrZSBJJ3ZlIGhlYXJkIHRoYXQgbmFtZSBzb21ld2hlcmUuLi4=,,,,,W0phbmVdClNpcnVkLi4uPwpBY2hvIHF1ZSDDqSB1bSBub21lIHF1ZSBqw6Egb3V2aSBlbSBhbGd1bSBsdWdhci4uLg==,,W0phbmVdCsK/U2lydWQuLi4/Ck1lIHN1ZW5hIGEgdW4gbm9tYnJlIHF1ZSBoZSBvw61kbyBlbiBhbGd1bmEgcGFydGUuLi4=
7qDaCg,W+ygnOyduF0K7JWI64WV7ZWY7IS47JqULCDsl6zquLDroZwg7Jik7Iug7KeAIOyWvOuniCDrkJjsp4Ag7JWK7Jy87IugIOqygyDqsJnsnYDrjbAuLi4=,W0phbmVdCkhlbGxvLCBpdCBzZWVtcyB5b3UgaGF2ZW4ndCBiZWVuIGhlcmUgZm9yIHZlcnkgbG9uZy4uLg==,,,,,W0phbmVdCk9sw6EsIHBhcmVjZSBxdWUgdm9jw6ogbsOjbyBjaGVnb3UgYXF1aSBmYXogbXVpdG8gdGVtcG8uLi4=,,W0phbmVdCkhvbGEsIHBhcmVjZSBxdWUgbm8gaGFjZSBtdWNobyBxdWUgaGFzIGxsZWdhZG8gcG9yIGFxdcOtLi4u
76DaCg,W+ygnOyduF0K7Ja065ag7IS47JqUPyDsnbQg6rOz64+EIOq9pOuCmCDrp6TroKXsoIHsnbgg7J6l7IaM7J207KeAIOyViuuCmOyalD8=,W0phbmVdCkhvdyBpcyBpdD8gSXNu4oCZdCB0aGlzIHBsYWNlIHF1aXRlIGNoYXJtaW5nLCB0b28/,,,,,W0phbmVdCk8gcXVlIGFjaGE/IEVzdGUgbHVnYXIgdGFtYsOpbSBuw6NvIMOpIGJlbSBlbmNhbnRhZG9yPw==,,W0phbmVdCsK/UXXDqSBsZSBwYXJlY2U/IMK/Tm8gZXMgZXN0ZSBsdWdhciBiYXN0YW50ZSBlbmNhbnRhZG9yPw==
8KDaCg,W+ygnOyduF0K6rOg7Zal7Jy866GcIOuPjOyVhOqwgOq4tCDtlbTslbwg7ZWY64qU642wLi4u,W0phbmVdCkkgc2hvdWxkIGdvIGJhY2sgdG8gbXkgaG9tZXRvd24sIGJ1dC4uLg==,,,,,W0phbmVdCkV1IHByZWNpc28gdm9sdGFyIHBhcmEgbWluaGEgdGVycmEgbmF0YWwsIG1hcy4uLg==,,W0phbmVdClRlbmdvIHF1ZSB2b2x2ZXIgYSBtaSBob2dhciwgcGVyby4uLg==
8aDaCg,64uJ,Tmljaw==,,,,,Tmljaw==,,Tmljaw==
8qDaCg,Wz8/P10K7JWE64uIPyEg7IOI66Gc7Jq0IOu2hOydtCDrmJAg7Jik7IWo6rWw7JqULg==,Wz8/P10KV2hhdD8hIEFub3RoZXIgbmV3IHBlcnNvbiBoYXMgY29tZS5g,,,,,Wz8/P10KTsOjbz8hIEVudMOjbyBtYWlzIHVtYSBwZXNzb2Egbm92YSBjaGVnb3Uu,,Wz8/P10Kwr/CoVF1w6khPyBQYXJlY2UgcXVlIGhhIGxsZWdhZG8gb3RyYSBwZXJzb25hIG51ZXZhLg==
86DaCg,W+uLiV0K7KCA64qUIOuLieydtOyXkOyalC4g7Iuc66Oo65Oc652866m0Li4uIDPqsJzsm5Qg7KCE7JeQIOydtOyqveycvOuhnCDsnKDsnoXrkJjsi6Ag6re4IOu2hOyduCDqsoMg6rCZ7J2A642wLi4u,W05pY2tdCkknbSBOaWNrLiBJZiB5b3UncmUgU2lydWQuLi4gSSB0aGluayB5b3UgbWlnaHQgYmUgdGhlIG9uZSB3aG8gY2FtZSBpbiB0aGlzIHdheSB0aHJlZSBtb250aHMgYWdvLi4u,,,,,W05pY2tdCkV1IHNvdSBOaWNrLiBTZSBmb3IgU2lydWQuLi4gYWNobyBxdWUgw6kgYXF1ZWxhIHBlc3NvYSBxdWUgdmVpbyBwYXJhIGVzdGUgbGFkbyBow6EgMyBtZXNlcy4uLg==,,W05pY2tdClNveSBOaWNrLiBTaSBlcyBTaXJ1ZC4uLiBjcmVvIHF1ZSBlcyBlc2EgcGVyc29uYSBxdWUgbGxlZ8OzIHBvciBhcXXDrSBoYWNlIDMgbWVzZXMuLi4=
9KDaCg,W+uLiV0K7Ja065WM7JqUPyDsnbTqs7Psl5DshJzripQg7KeA64K866eM7ZWY7Iug6rCA7JqUPw==,W05pY2tdCkhvdyBpcyBpdD8gQXJlIHlvdSBzZXR0bGluZyBpbiB3ZWxsIGhlcmU/,,,,,W05pY2tdCkUgZW50w6NvPyBEw6EgcGFyYSB2aXZlciBiZW0gcG9yIGFxdWk/,,W05pY2tdCsK/UXXDqSB0YWw/IMK/U2UgcHVlZGUgcXVlZGFyIGFxdcOtIHNpbiBwcm9ibGVtYXM/
9aDaCg,W+uLiV0K7Jes6riw64qUIOq3uCDslrTrlJTrs7Tri6Trj4Qg6rmK7J2AIOqzs+yduOuNsCwg7Iio7J2EIOyekOycoOuhnOydtCDsibQg7IiYIOyeiOuKlCDqsoPsnYAg7LC4IOyLoOq4sO2VtOyalC4K7Ja07Ke47IScIOq3uOqyjCDqsIDriqXtlZzsp4DripQg7KCA64+EIOyemCDrqqjrpbTqsqDsirXri4jri6Qu,W05pY2tdClRoaXMgcGxhY2UgaXMgZGVlcGVyIHRoYW4gYW55d2hlcmUgZWxzZSwgeWV0IHlvdSBjYW4gYnJlYXRoZSBmcmVlbHkgaGVyZS4uLiBJdCdzIHRydWx5IHN0cmFuZ2UuCkkgZG9uJ3QgcmVhbGx5IGtub3cgaG93IHRoYXQncyBwb3NzaWJsZSwgZWl0aGVyLg==,,,,,W05pY2tdCkVzdGUgbHVnYXIgw6kgbWFpcyBwcm9mdW5kbyBkbyBxdWUgcXVhbHF1ZXIgb3V0cm8sIGUgYWluZGEgYXNzaW0gw6kgbXVpdG8gY3VyaW9zbyBwb2RlciByZXNwaXJhciBsaXZyZW1lbnRlIGFxdWkuClBvciBxdWUgaXNzbyDDqSBwb3Nzw612ZWwsIGV1IHRhbWLDqW0gbsOjbyBzZWkgbXVpdG8gYmVtLg==,,W05pY2tdCkVzdGUgbHVnYXIgZXMgbcOhcyBwcm9mdW5kbyBxdWUgY3VhbHF1aWVyIG90cm8sIHkgYXVuIGFzw60gZXMgaW5jcmXDrWJsZSBwb2RlciByZXNwaXJhciBsaWJyZW1lbnRlLgpObyBzw6kgbXV5IGJpZW4gcG9yIHF1w6kgZXNvIGVzIHBvc2libGUu
9qDaCg,7ISg66aw,U3Vucmlu,,,,,U3Vucmlu,,U3Vucmlu
96DaCg,Wz8/P10K7Iuc66Oo65Oc652864qUIOyCrOuejOydhCDssL7snLzrn6wg7Jik7IWo64uk6rOg7JqUPw==,Wz8/P10KWW91IGNhbWUgbG9va2luZyBmb3Igc29tZW9uZSBuYW1lZCBTaXJ1ZD8=,,,,,Wz8/P10KVm9jw6ogdmVpbyBwcm9jdXJhciB1bWEgcGVzc29hIGNoYW1hZGEgU2lydWQ/,,Wz8/P10Kwr9IYXMgdmVuaWRvIGEgYnVzY2FyIGEgYWxndWllbiBsbGFtYWRvIFNpcnVkPw==
+KDaCg,W+yEoOumsF0K7KCA64qUIOyEoOumsOydtOudvOqzoCDtlbTsmpQu,W1N1bnJpbl0KTXkgbmFtZSBpcyBTdW5yaW4u,,,,,W1N1bnJpbl0KRXUgbWUgY2hhbW8gU3VucmluLg==,,W1N1bnJpbl0KTWUgbGxhbW8gU3VucmluLg==
+aDaCg,W+yEoOumsF0K7Iuc66Oo65Oc6528Li4uIOyVhOyVhCwg64iE6rWw7KeAIOyVjCDqsoMg6rCZ7Iq164uI64ukLg==,W1N1bnJpbl0KU2lydWQuLi4gQWgsIHllcywgSSB0aGluayBJIGtub3cgd2hvIHRoYXQgaXMu,,,,,W1N1bnJpbl0KU2lydWQuLi4gQWgsIGFjaG8gcXVlIHNlaSBxdWVtIMOpLg==,,W1N1bnJpbl0KU2lydWQuLi4gQWgsIGNyZW8gcXVlIHPDqSBxdWnDqW4gZXMu
+qDaCg,W+yEoOumsF0K7Jm87Kq97Jy866GcIOytiOyasSDqsIDsi5zrqbQsIOq3uCDsnpDrpbwg66eM64KY67O8IOyImCDsnojsnYTqsbDsl5DsmpQu,W1N1bnJpbl0KSWYgeW91IGtlZXAgZ29pbmcgc3RyYWlnaHQgdG8gdGhlIGxlZnQsIHlvdSBzaG91bGQgYmUgYWJsZSB0byBtZWV0IHRoYXQgcGVyc29uLg==,,,,,W1N1bnJpbl0KU2Ugdm9jw6ogc2VndWlyIHJldG8gcGFyYSBhIGVzcXVlcmRhLCB2YWkgY29uc2VndWlyIGVuY29udHJhciBhcXVlbGUgc3VqZWl0by4=,,W1N1bnJpbl0KU2kgc2lndWVzIHRvZG8gcmVjdG8gaGFjaWEgbGEgaXpxdWllcmRhLCBwb2Ryw6FzIGVuY29udHJhcnRlIGNvbiBlc2Ugc3VqZXRvLg==
+6DaCg,W+yEoOumsF0K6re465+8IOyYpOuKmOuPhCDsoovsnYAg7ZWY66OoIOuQmOyEuOyalCEh,W1N1bnJpbl0KVGhlbiBoYXZlIGEgZ3JlYXQgZGF5IHRvZGF5LCB0b28hIQ==,,,,,W1N1bnJpbl0KRW50w6NvIHRlbmhhIHVtIMOzdGltbyBkaWEgaG9qZSB0YW1iw6ltISE=,,W1N1bnJpbl0KwqHCoUVudG9uY2VzLCBxdWUgdGVuZ2FzIHVuIGJ1ZW4gZMOtYSBob3kgdGFtYmnDqW4hIQ==
/KDaCg,W+yEoOumsF0K7Jes6riwIOyeiOuKlCDsgqzrnozrk6TsnYAg66qo65GQIOycoOyeheuQmOyWtCDsoJXssKntlZwg7IKs656M65Ok7J6F64uI64ukLg==,W1N1bnJpbl0KRXZlcnlvbmUgaGVyZSBjYW1lIGZyb20gZWxzZXdoZXJlIGFuZCBzZXR0bGVkIGRvd24gaGVyZS4=,,,,,W1N1bnJpbl0KVG9kYXMgYXMgcGVzc29hcyBhcXVpIHZpZXJhbSBkZSBmb3JhIGUgc2UgZXN0YWJlbGVjZXJhbS4=,,W1N1bnJpbl0KVG9kYXMgbGFzIHBlcnNvbmFzIHF1ZSBlc3TDoW4gYXF1w60gc29uIGdlbnRlIHF1ZSBsbGVnw7MgZGUgZnVlcmEgeSBzZSBlc3RhYmxlY2nDsyBhcXXDrS4=
/aDaCg,W+yEoOumsF0K67O07Iuc64uk7Iuc7ZS8IOydtCDquYrsnYAg6rOz7JeQIOusuOuqheydmCDtnZTsoIHsnbQg67O07J207KeA66eMIOyXrOq4sCDsnojripQg7IKs656M65Ok7J2AIOuqqOuRkCDsmbjrtoDsnbjsnbTsl4jri6Tqs6Ag67O07Iuc66m0IOuQoCDqsbDsl5DsmpQu,W1N1bnJpbl0KQXMgeW91IGNhbiBzZWUsIHRoZXJlIGFyZSB0cmFjZXMgb2YgY2l2aWxpemF0aW9uIGRlZXAgaW4gaGVyZSwgYnV0IHlvdSBjYW4gYXNzdW1lIGV2ZXJ5b25lIGhlcmUgd2FzIGFuIG91dHNpZGVyLg==,,,,,W1N1bnJpbl0KQ29tbyBwb2RlIHZlciwgaMOhIHZlc3TDrWdpb3MgZGUgY2l2aWxpemHDp8OjbyBuZXN0ZSBsdWdhciB0w6NvIHByb2Z1bmRvLCBtYXMgcG9kZSBjb25zaWRlcmFyIHF1ZSB0b2RvcyBvcyBxdWUgZXN0YXZhbSBhcXVpIGVyYW0gZm9yYXN0ZWlyb3Mu,,W1N1bnJpbl0KQ29tbyBwdWVkZXMgdmVyLCBlbiBlc3RlIGx1Z2FyIHRhbiBwcm9mdW5kbyBzZSB2ZW4gcmFzdHJvcyBkZSBjaXZpbGl6YWNpw7NuLCBwZXJvIHB1ZWRlcyBwZW5zYXIgcXVlIHRvZG9zIGxvcyBxdWUgZXN0w6FuIGFxdcOtIGVyYW4gZm9yYXN0ZXJvcy4=
/qDaCg,W+yEoOumsF0K64u57Iug64+EIOqzpyDsnbXsiJntlbTsp4Dsi6Qg6rKB64uI64ukLg==,W1N1bnJpbl0KWW914oCZbGwgZ2V0IHVzZWQgdG8gaXQgc29vbiBlbm91Z2gu,,,,,W1N1bnJpbl0KVm9jw6ogbG9nbyB2YWkgc2UgYWNvc3R1bWFyIHRhbWLDqW0u,,W1N1bnJpbl0KVMO6IHRhbWJpw6luIHRlIGFjb3N0dW1icmFyw6FzIHByb250by4=
/6DaCg,W+yEoOumsF0K7ZW07JaRIOq0tOusvOuTpOydtCDqsITtmLkg642k67mE6riw64qUIO2VmOyngOunjCwg6re4IOygleuPhCDsr6TsnbTslbwuLi4=,W1N1bnJpbl0KU2VhIG1vbnN0ZXJzIHNvbWV0aW1lcyBhdHRhY2ssIGJ1dCB0aGF0IG11Y2ggaXMgbm90aGluZy4uLg==,,,,,W1N1bnJpbl0Kw4BzIHZlemVzLCBvcyBtb25zdHJvcyBtYXJpbmhvcyBhdGFjYW0sIG1hcyBpc3NvIG7Do28gw6kgbmFkYSBkZW1haXMuLi4=,,W1N1bnJpbl0KQXVucXVlIGEgdmVjZXMgbG9zIG1vbnN0cnVvcyBtYXJpbm9zIHNlIGFiYWxhbnphbiBzb2JyZSBub3NvdHJvcywgZXNvIG5vIGVzIHBhcmEgdGFudG8uLi4=
AKHaCg,66y47KeA6riw,R2F0ZWtlZXBlcg==,,,,,UG9ydGVpcm8=,,UG9ydGVybw==
AaHaCg,W+usuOyngOq4sF0K7ZWY7Li17Jy866GcIOqxtOuEiOqwgOyLnOq4sOyXkOuKlCDri7nsi6DsnZgg7Z6Y7J20IOyhsOq4iCDrtoDsobHtlanri4jri6Qu,W0dhdGVrZWVwZXJdCllvdSBhcmUgYSBsaXR0bGUgdG9vIHdlYWsgdG8gY3Jvc3Mgb3ZlciB0byB0aGUgbG93ZXIgbGV2ZWwu,,,,,W1BvcnRlaXJvXQpQYXJhIGF0cmF2ZXNzYXIgYXTDqSBvIGFuZGFyIGluZmVyaW9yLCBzdWEgZm9yw6dhIMOpIHVtIHBvdWNvIGluc3VmaWNpZW50ZS4=,,W1BvcnRlaXJvXQpQYXJhIGNydXphciBhbCBuaXZlbCBpbmZlcmlvciwgdGUgZmFsdGEgdW4gcG9jbyBkZSBmdWVyemEu
AqHaCg,W+usuOyngOq4sF0K7KCB7Ja064+EIDE4MOugiOuyqCDsnbTsg4HsnbQg65CcIO2bhOyXkCDri6Tsi5wg7LC+7JWE7JmAIOyjvOyLnOq4uCDrsJTrno3ri4jri6Qu,W0dhdGVrZWVwZXJdClBsZWFzZSBjb21lIGJhY2sgYWZ0ZXIgeW91IGhhdmUgcmVhY2hlZCBhdCBsZWFzdCBsZXZlbCAxODAu,,,,,W1BvcnRlaXJvXQpQb3IgZmF2b3IsIHZvbHRlIGRlcG9pcyBkZSBhbGNhbsOnYXIgcGVsbyBtZW5vcyBvIG7DrXZlbCAxODAu,,W1BvcnRlcm9dClBvciBmYXZvciwgdnVlbHZlIGEgdmVybWUgY3VhbmRvIGhheWFzIGFsY2FuemFkbyBhbCBtZW5vcyBlbCBuaXZlbCAxODAu
A6HaCg,W+usuOyngOq4sF0K7ZWY7Li17Jy866GcIOuCtOugpOqwgOyLnOuptCDsg4Hri7ntnogg64Kc7Y+t7ZWcIOyWtOulmOuTpOqzvCDrp4jso7zsuaAg7IiYIOyeiOuKlOuNsCDqtJzssK7snLzsi5zqsqDsirXri4jquYw/,W0dhdGVrZWVwZXJdCklmIHlvdSBnbyBkb3duIHRvIHRoZSBsb3dlciBsZXZlbCwgeW91IG1heSBydW4gaW50byBzb21lIHJhdGhlciB2aWNpb3VzIGZpc2guIEFyZSB5b3Ugc3VyZSB5b3UnbGwgYmUgYWxsIHJpZ2h0Pw==,,,,,W1BvcnRlaXJvXQpTZSBkZXNjZXIgcGFyYSBvIGFuZGFyIGluZmVyaW9yLCBwb2RlcsOhIHNlIGRlcGFyYXIgY29tIHBlaXhlcyBiYXN0YW50ZSBhZ3Jlc3Npdm9zLiBUZW0gY2VydGV6YSBkZSBxdWUgZXN0w6EgYmVtIGNvbSBpc3NvPw==,,W1BvcnRlcm9dClNpIGJhamFzIGFsIG5pdmVsIGluZmVyaW9yLCBwb2Ryw61hcyBlbmNvbnRyYXJ0ZSBjb24gcGVjZXMgYmFzdGFudGUgYWdyZXNpdm9zLiDCv0VzdMOhcyBiaWVuIGNvbiBlc28/
BKHaCg,66y866Gg7J2064ukLg==,T2YgY291cnNlLg==,,,,,Q2xhcm8u,,UG9yIHN1cHVlc3RvLg==
BaHaCg,64uk7J2M7JeQIOyYpOqyoOuLpC4=,SSdsbCBjb21lIGJhY2sgbGF0ZXIu,,,,,Vm9sdGFyZWkgZGVwb2lzLg==,,Vm9sdmVyw6kgbGEgcHLDs3hpbWEgdmV6Lg==
BqHaCg,W+usuOyngOq4sF0K6re465+8IOyhsOyLrO2eiCDri6TrhYDsmKTsi63si5zsmKQu,W0dhdGVrZWVwZXJdClRoZW4gcGxlYXNlIHRha2UgY2FyZSBvbiB5b3VyIHdheS4=,,,,,W1BvcnRlaXJvXQpFbnTDo28sIHbDoSBjb20gY3VpZGFkby4=,,W1BvcnRlcm9dCkVudG9uY2VzLCB2YXlhIGNvbiBjdWlkYWRvLg==
B6HaCg,W+usuOyngOq4sF0K6rG064SI6rCIIOykgOu5hOqwgCDrkJjsi5zrqbQg66eQ7J2EIOuLpOyLnCDqsbjslrQg7KO87Iuc6ri4IOuwlOuejeuLiOuLpC4=,W0dhdGVrZWVwZXJdCklmIHlvdSdyZSByZWFkeSB0byBjcm9zcywgcGxlYXNlIHNwZWFrIHRvIG1lIGFnYWluLg==,,,,,W0d1YXJkYSBkbyBQb3J0w6NvXQpRdWFuZG8gZXN0aXZlciBwcm9udG8gcGFyYSBhdHJhdmVzc2FyLCBwb3IgZmF2b3IgZmFsZSBjb21pZ28gbm92YW1lbnRlLg==,,W1BvcnRlcm9dClNpIGVzdMOhcyBsaXN0byBwYXJhIGNydXphciwgcG9yIGZhdm9yIGjDoWJsYW1lIGRlIG51ZXZvLg==
CKHaCg,W+usuOyngOq4sF0K7JWI64WV7ZWY7IS47JqULCDsg4HsuLXsnLzroZwg64uk7IucIOyYrOudvOqwgOyLnOqyoOyKteuLiOq5jD8=,W0dhdGVrZWVwZXJdCkhlbGxvLiBXb3VsZCB5b3UgbGlrZSB0byBnbyBiYWNrIHVwIHRvIHRoZSB1cHBlciBsZXZlbD8=,,,,,W1BvcnRlaXJvXQpPbMOhLCBkZXNlamEgc3ViaXIgbm92YW1lbnRlIHBhcmEgbyBhbmRhciBzdXBlcmlvcj8=,,W1BvcnRlcm9dCkhvbGEsIMK/ZGVzZWFzIHZvbHZlciBhIHN1YmlyIGFsIHBpc28gc3VwZXJpb3I/
CaHaCg,64SkLg==,WWVzLg==,,,,,U2ltLg==,,U8OtLg==
CqHaCg,7JWE64uI7JikLg==,Tm8u,,,,,TsOjby4=,,Tm8u
C6HaCg,W+usuOyngOq4sF0K6rG064SI6rCIIOykgOu5hOqwgCDrkJjrqbQg66eQ7J2EIOuLpOyLnCDqsbjslrQg7KO87Iuc6ri4IOuwlOuejeuLiOuLpC4=,W0dhdGVrZWVwZXJdCldoZW4geW91J3JlIHJlYWR5IHRvIGNyb3NzLCBwbGVhc2Ugc3BlYWsgdG8gbWUgYWdhaW4u,,,,,W1BvcnRlaXJvXQpRdWFuZG8gZXN0aXZlciBwcm9udG8gcGFyYSBhdHJhdmVzc2FyLCBwb3IgZmF2b3IgZmFsZSBjb21pZ28gbm92YW1lbnRlLg==,,W1BvcnRlcm9dCkN1YW5kbyBlc3TDqXMgbGlzdG8gcGFyYSBjcnV6YXIsIHBvciBmYXZvciBow6FibGFtZSBkZSBudWV2by4=
DKHaCg,W+yLnOujqOuTnF0K7JWI64WV7ZWY7IS47JqULCDrqqjtl5jqsIDri5gu,W1NpcnVkXQpIZWxsbywgYWR2ZW50dXJlci4=,,,,,W1NpcnVkXQpPbMOhLCBhdmVudHVyZWlyby4=,,W1NpcnVkXQpIb2xhLCBhdmVudHVyZXJvLg==
DaHaCg,IC0g7Iuc66Oo65Oc64qUIOq4sOuLpOumrOqzoCDsnojsl4jri6TripQg65Ov7J20IOyduOyCrOulvCDqsbTrhKTsmZTri6QuIC0=,IC0gU2lydWQgZ3JlZXRlZCB5b3UgYXMgaWYgaGUgaGFkIGJlZW4gd2FpdGluZy4gLQ==,,,,,IC0gU2lydWQgY3VtcHJpbWVudG91IGNvbW8gc2UgZXN0aXZlc3NlIGVzcGVyYW5kby4gLQ==,,LSBTaXJ1ZCB0ZSBzYWx1ZMOzIGNvbW8gc2kgaHViaWVyYSBlc3RhZG8gZXNwZXJhbmRvLiAt
DqHaCg,W+yLnOujqOuTnF0K7KCc6rCAIOuztOuDiOuNmCDrqZTshLjsp4DqsIAg7J207KaI66Oo65Oc7JeQIOuLv+yVmOuCmCDrs7TrhKTsmpQsIOygleunkCDri6TtlonsnbTsl5DsmpQuLi4=,W1NpcnVkXQpJdCBzZWVtcyB0aGUgbWVzc2FnZSBJIHNlbnQgcmVhY2hlZCBJemx1ZGUuIFdoYXQgYSByZWxpZWYuLi4=,,,,,W1NpcnVkXQpQYXJlY2UgcXVlIGEgbWVuc2FnZW0gcXVlIGVudmllaSBjaGVnb3UgYSBJemx1ZGUsIGFpbmRhIGJlbS4uLg==,,W1NpcnVkXQpQYXJlY2UgcXVlIGVsIG1lbnNhamUgcXVlIGVudmnDqSBsbGVnw7MgYSBJemx1ZGUsIG1lIGFsZWdyYSBtdWNoby4uLg==
D6HaCg,W+yLnOujqOuTnF0KM+qwnOyblCDsoITsr6TsnbTsl4jrgpguLi4g67mE67CU656M7J20IOuqsOyVhOy5mOuNmCDrgqDsl5Ag7KCA64qUIOuCmuyLnOulvCDtlZjrn6wg64KY6rCU7JeI7Ja07JqULg==,W1NpcnVkXQpXYXMgaXQgYWJvdXQgdGhyZWUgbW9udGhzIGFnby4uLj8gT24gYSBkYXkgd2hlbiB0aGUgd2luZCBhbmQgcmFpbiB3ZXJlIHJhZ2luZywgSSB3ZW50IG91dCB0byBmaXNoLg==,,,,,W1NpcnVkXQpGb2kgaMOhIHVucyAzIG1lc2VzLi4uIE51bSBkaWEgZW0gcXVlIG8gdmVudG8gZSBhIGNodXZhIGNhc3RpZ2F2YW0sIGV1IHNhw60gcGFyYSBwZXNjYXIu,,W1NpcnVkXQrCv0hhYnLDoSBzaWRvIGhhY2UgdW5vcyAzIG1lc2VzLi4uPyBVbiBkw61hIGVuIHF1ZSBhcnJlY2lhYmFuIGVsIHZpZW50byB5IGxhIGxsdXZpYSwgc2Fsw60gYSBwZXNjYXIu
EKHaCg,W+yLnOujqOuTnF0K7LKrIOusvOqzoOq4sOulvCDrgprsnYAg7ZuE7JeQLCDrnLDssYTroZwg6rG07KC464K066Ck64uk6rCAIOuwnOydhCDtl5vrlJTrjozshJwg66y87JeQIOu5oOyngOqzoCDrp5DslZjsl4jso6Au,W1NpcnVkXQpBZnRlciBJIGNhdWdodCBteSBmaXJzdCBmaXNoLCBJIHRyaWVkIHRvIHNjb29wIGl0IHVwIHdpdGggYSBuZXQsIGJ1dCBJIGxvc3QgbXkgZm9vdGluZyBhbmQgZmVsbCBpbnRvIHRoZSB3YXRlci4=,,,,,W1NpcnVkXQpEZXBvaXMgZGUgcGVzY2FyIG8gcHJpbWVpcm8gcGVpeGUsIGV1IGlhIHRpcsOhLWxvIGNvbSBhIHJlZGUsIG1hcyBlc2NvcnJlZ3VlaSBlIGFjYWJlaSBjYWluZG8gbmEgw6FndWEu,,W1NpcnVkXQpEZXNwdcOpcyBkZSBwZXNjYXIgZWwgcHJpbWVyIHBleiwgYWwgaW50ZW50YXIgc2FjYXJsbyBjb24gbGEgcmVkLCByZXNiYWzDqSB5IGFjYWLDqSBjYXllbmRvIGFsIGFndWEu
EaHaCg,W+yLnOujqOuTnF0K7KO97J2EIO2emOydhCDri6TtlbQg7Zek7JeE7LOQ7IScIOu5oOyguOuCmOyYpOugpOqzoCDtlZjripTrjbAg66y07JeH7J246rCA6rCAIOyggOulvCDqsJXtlZwg7Z6Y7Jy866GcIOuBjOyWtOuTpOydtOuKlCDqsoPsnbQg64qQ6ru07KGM7Ja07JqULg==,W1NpcnVkXQpJIHRyaWVkIHRvIHN3aW0gb3V0IHdpdGggYWxsIG15IHN0cmVuZ3RoLCBidXQgSSBmZWx0IHNvbWV0aGluZyBwdWxsaW5nIG1lIGluIHdpdGggdHJlbWVuZG91cyBmb3JjZS4=,,,,,W1NpcnVkXQpFdSBlc3RhdmEgbmFkYW5kbyBjb20gdG9kYXMgYXMgbWluaGFzIGZvcsOnYXMgcGFyYSB0ZW50YXIgZXNjYXBhciwgbWFzIHNlbnRpIHF1ZSBhbGdvIG1lIHB1eGF2YSBjb20gdW1hIGZvcsOnYSBlbm9ybWUu,,W1NpcnVkXQpJbnRlbnTDqSBzYWxpciBuYWRhbmRvIGNvbiB0b2RhcyBtaXMgZnVlcnphcywgcGVybyBzZW50w60gcXVlIGFsZ28gbWUgYXJyYXN0cmFiYSBjb24gdW5hIGZ1ZXJ6YSBlbm9ybWUu
EqHaCg,W+yLnOujqOuTnF0K66y07IqoLCDshozsmqnrj4zsnbQg6rCZ7JWY64qU642wLi4uIOq3uOugh+qyjCDrgpwg7KO964KY67O064ukLi4g7ZWY6rOgIOygleyLoOydhCDssKjroKTrs7Tri4gg7J206rOz7J207JeI7Iq164uI64ukLg==,W1NpcnVkXQpJdCB3YXMgbGlrZSBzb21lIGtpbmQgb2Ygd2hpcmxwb29sLi4uIEkgdGhvdWdodCwgIlNvIHRoaXMgaXMgaG93IEkgZGllLi4uIiBUaGVuIHdoZW4gSSBjYW1lIHRvIG15IHNlbnNlcywgSSB3YXMgaGVyZS4=,,,,,W1NpcnVkXQpQYXJlY2lhIHVtIHJlZGVtb2luaG8uLi4gRXUgcGVuc2VpOiAiRW50w6NvIMOpIGFzc2ltIHF1ZSBldSBtb3Jyby4uLiIgZSwgcXVhbmRvIHJlY29icmVpIGEgY29uc2Npw6puY2lhLCBldSBlc3RhdmEgYXF1aS4=,,W1NpcnVkXQpFcmEgY29tbyB1biByZW1vbGluby4uLiBQZW5zw6k6ICJBc8OtIHF1ZSBhc8OtIG11ZXJvLi4uIiB5IGN1YW5kbyByZWNvYnLDqSBlbCBzZW50aWRvLCBlc3RhYmEgYXF1w60u
E6HaCg,W+yLnOujqOuTnF0K7Iio7J20IOyJrOyWtOyngOuKlCDqsoPrj4QsIOuoueyngCDslYrslYTrj4Qg67Cw6rCAIOqzoO2UhOyngCDslYrsnYAg6rKD64+ELCDslrTsp7jshJzsnbjsp4DripQg7KCA64+EIOyemCDrqqjrpbTqsqDsirXri4jri6Qu,W1NpcnVkXQpJIGRvIG5vdCByZWFsbHkga25vdyB3aHksIGJ1dCBJIGNhbiBicmVhdGhlLCBhbmQgSSBkbyBub3QgZmVlbCBodW5ncnkgZXZlbiBpZiBJIGRvIG5vdCBlYXQu,,,,,W1NpcnVkXQpOw6NvIHNlaSBiZW0gcG9yIHF1w6osIG1hcyBjb25zaWdvIHJlc3BpcmFyIGUgbsOjbyBzaW50byBmb21lIG1lc21vIHNlbSBjb21lci4=,,W1NpcnVkXQpObyBzw6kgbXV5IGJpZW4gcG9yIHF1w6ksIHBlcm8gcHVlZG8gcmVzcGlyYXIsIHkgYXVucXVlIG5vIGNvbWEsIG5vIHNpZW50byBoYW1icmUu
FKHaCg,W+yLnOujqOuTnF0K6re466as6rOgIOyXrOq4sOyEnCDqsIDrp4ztnogg7KO867OA7J2EIOq0gOywsO2VmOuLpOuztOuLiCDsnpHsnYAg7IaM7Jqp64+M7J206rCAIOqwgOuBlOyUqSDtmJXshLHrkJjripQg6rKD7J2EIOuzvCDsiJjqsIAg7J6I7JeI7Ja07JqULg==,W1NpcnVkXQpBbmQgYXMgSSBzdGF5ZWQgaGVyZSBhbmQgd2F0Y2hlZCB0aGUgYXJlYSwgSSBjb3VsZCBzZWUgc21hbGwgd2hpcmxwb29scyBmb3JtaW5nIGZyb20gdGltZSB0byB0aW1lLg==,,,,,W1NpcnVkXQpFLCBmaWNhbmRvIGFxdWkgcGFyYWRvIGUgb2JzZXJ2YW5kbyBhbyByZWRvciwgZXUgcHVkZSB2ZXIgcXVlLCBkZSB2ZXogZW0gcXVhbmRvLCBzZSBmb3JtYXZhIHVtIHBlcXVlbm8gcmVkZW1vaW5oby4=,,W1NpcnVkXQpZIGFsIHF1ZWRhcm1lIGFxdcOtIG9ic2VydmFuZG8gbG9zIGFscmVkZWRvcmVzLCBwdWRlIHZlciBxdWUgYSB2ZWNlcyBzZSBmb3JtYWJhIHVuIHBlcXVlw7FvIHJlbW9saW5vLg==
FaHaCg,W+yLnOujqOuTnF0K7KCc6rCAIO2cqeyTuOugpOyYqCDshozsmqnrj4zsnbTsmYAg6rCZ7J2AIOu2gOulmOydmCDqsoPsnbTrnbzqs6Ag7KeB6rCQ7ZWgIOyImCDsnojsl4jslrTsmpQu,W1NpcnVkXQpJIGNvdWxkIHRlbGwgcmlnaHQgYXdheSBpdCB3YXMgdGhlIHNhbWUga2luZCBvZiB2b3J0ZXggdGhhdCBzd2VwdCBtZSBhd2F5Lg==,,,,,W1NpcnVkXQpFdSBwdWRlIHNlbnRpciwgcG9yIGluc3RpbnRvLCBxdWUgZXJhIGRvIG1lc21vIHRpcG8gcXVlIG8gcmVkZW1vaW5obyBxdWUgbWUgYXJyYXN0b3UgYXTDqSBhcXVpLg==,,W1NpcnVkXQpQdWRlIGludHVpciBxdWUgZXJhIGRlbCBtaXNtbyB0aXBvIHF1ZSBlbCByZW1vbGlubyBxdWUgbWUgYXJyYXN0csOzIGFxdcOtLg==
FqHaCg,W+yLnOujqOuTnF0K7IaM7Jqp64+M7J206rCAIOycoOyngOuQmOuKlCDsi5zqsITsnYAg66ek7JqwIOynp+yVhOyEnCDsoJwg7J2066aE7J20IOygge2YgCDsnojripQg64Ka7Iuv64yA66W8IOq3uCDshozsmqnrj4zsnbQg7JWI7JeQIOynkeyWtOuEo+uKlCDrjbDsl5Drp4wgMuqwnOyblOydmCDsi5zqsITsnbQg6rG466C47Iq164uI64ukLg==,W1NpcnVkXQpUaGUgd2hpcmxwb29sIHN0YXlzIG9wZW4gZm9yIG9ubHkgYSB2ZXJ5IHNob3J0IHRpbWUsIHNvIGl0IHRvb2sgbWUgdHdvIG1vbnRocyBqdXN0IHRvIHB1dCB0aGUgZmlzaGluZyByb2Qgd2l0aCBteSBuYW1lIG9uIGl0IGludG8gdGhhdCB3aGlybHBvb2wu,,,,,W1NpcnVkXQpPIHRlbXBvIGVtIHF1ZSBvIHJlZGVtb2luaG8gc2UgbWFudMOpbSDDqSBtdWl0byBjdXJ0bywgZW50w6NvIGxldmVpIDIgbWVzZXMgc8OzIHBhcmEgY29sb2NhciBkZW50cm8gZGVsZSBhIHZhcmEgZGUgcGVzY2FyIGNvbSBvIG1ldSBub21lIGVzY3JpdG8u,,W1NpcnVkXQpDb21vIGVsIHJlbW9saW5vIHNlIG1hbnRpZW5lIHBvciBtdXkgcG9jbyB0aWVtcG8sIG1lIHRvbcOzIDIgbWVzZXMgc29sbyBtZXRlciBkZW50cm8gZGUgZXNlIHJlbW9saW5vIGxhIGNhw7FhIGRlIHBlc2NhciBjb24gbWkgbm9tYnJlIGVzY3JpdG8u
F6HaCg,W+yLnOujqOuTnF0K64iE6rWw6rCAIOuwnOqyrO2VmOqyjCDrkJjquLDrpbwg6riw64uk66as66m07IScIOunkOydtOyjoC4uLg==,W1NpcnVkXQpXaGlsZSB3YWl0aW5nIGZvciBzb21lb25lIHRvIGZpbmQgaXQuLi4=,,,,,W1NpcnVkXQpFbnF1YW50byBlc3Blcm8gcXVlIGFsZ3XDqW0gbyBlbmNvbnRyZS4uLg==,,W1NpcnVkXQpNaWVudHJhcyBlc3Blcm8gYSBxdWUgYWxndWllbiBsbyBkZXNjdWJyYS4uLg==
GKHaCg,W+yLnOujqOuTnF0K6re4IOuCmuyLr+uMgOulvCDsi6Trp4jrpqzroZwg7KCA66W8IOywvuyVhOyYpOyLoCDqsoPsnbQg66ee7Jy87Iuc7KOgPw==,W1NpcnVkXQpZb3UgY2FtZSB0byBmaW5kIG1lIGJlY2F1c2Ugb2YgdGhhdCBmaXNoaW5nIHJvZCwgcmlnaHQ/,,,,,W1NpcnVkXQpGb2kgcG9yIGNhdXNhIGRlc3NhIHZhcmEgZGUgcGVzY2FyIHF1ZSB2b2PDqiB2ZWlvIG1lIHByb2N1cmFyLCBjZXJ0bz8=,,W1NpcnVkXQrCv0VzIGNvcnJlY3RvIHF1ZSBtZSBlbmNvbnRyYXN0ZSBzaWd1aWVuZG8gbGEgcGlzdGEgZGUgZXNhIGNhw7FhIGRlIHBlc2Nhcj8=
GaHaCg,66ee7Iq164uI64ukLg==,VGhhdCdzIHJpZ2h0Lg==,,,,,SXNzbyBtZXNtby4=,,QXPDrSBlcy4=
GqHaCg,W+yLnOujqOuTnF0K7JWE7JWEIOuLpO2WieydtOyXkOyalC4uIOuqqO2XmOqwgOuLmOydtCDtlbTsg4HsnLzroZwg64+M7JWE6rCA7IukIOuVjCwg7KCA64+EIOq8rSDqsJnsnbQg642w66Ck6rCA7KO87Iuc66m0IOqwkOyCrO2VmOqyoOyKteuLiOuLpC4=,W1NpcnVkXQpBaCwgd2hhdCBhIHJlbGllZi4uLiBXaGVuIHlvdSByZXR1cm4gYnkgc2VhLCBBZHZlbnR1cmVyLCBJIHdvdWxkIGJlIGdyYXRlZnVsIGlmIHlvdSBjb3VsZCB0YWtlIG1lIHdpdGggeW91Lg==,,,,,W1NpcnVkXQpBaCwgcXVlIGFsw612aW8uLi4gUXVhbmRvIG8gYXZlbnR1cmVpcm8gdm9sdGFyIHBlbG8gbWFyLCBldSBhZ3JhZGVjZXJpYSBzZSBtZSBsZXZhc3NlIGp1bnRvLCBwb3IgZmF2b3Iu,,W1NpcnVkXQpBaCwgbWVub3MgbWFsLi4uIEN1YW5kbyByZWdyZXNlIHBvciBtYXIsIGF2ZW50dXJlcm8sIGxlIGFncmFkZWNlcsOtYSBxdWUgbWUgbGxldmFyYSBjb24gdXN0ZWQu
G6HaCg,IC0g7Iuc66Oo65Oc66W8IO2VtOyDgeycvOuhnCDrs7TrgrTquLAg7JyE7ZWcIOyekeyXheqzvCDqtIDroKjrkJwg64K07Jqp7Jy866GcIOygnOumrOuqrOqzvCDrjIDtmZTrpbwg7ZW0IOu0kOyVvCDtlaAg6rKDIOqwmeuLpC4gLQ==,LSBJIHNob3VsZCBwcm9iYWJseSBzcGVhayB3aXRoIEplcmltb24gYWJvdXQgdGhlIHdvcmsgbmVlZGVkIHRvIHNlbmQgU2lydWQgYnkgc2VhLiAt,,,,,IC0gUGFyZWNlIHF1ZSBwcmVjaXNvIGNvbnZlcnNhciBjb20gSmVyaW1vbiBzb2JyZSBvIHRyYWJhbGhvIHJlbGFjaW9uYWRvIGFvIGVudmlvIGRlIFNpcnVkIHBvciB2aWEgbWFyw610aW1hLiAt,,LSBQYXJlY2UgcXVlIHRlbmRyw6kgcXVlIGhhYmxhciBjb24gSmVyaW1vbiBzb2JyZSBlbCB0cmFiYWpvIHBhcmEgZW52aWFyIGEgU2lydWQgcG9yIG1hci4gLQ==
HKHaCg,W+yLnOujqOuTnF0K66qo7ZeY6rCA64uYLCDtlbTsg4HsnLzroZwg64uk7IucIOuQmOuPjOyVhOqwgOyLpCDrlYwg7KCA64+EIOq8rSDrjbDroKTqsIDso7zshLjsmpQu,W1NpcnVkXQpBZHZlbnR1cmVyLCB3aGVuIHlvdSBoZWFkIGJhY2sgb3V0IHRvIHNlYSwgcGxlYXNlIGJlIHN1cmUgdG8gdGFrZSBtZSB3aXRoIHlvdS4=,,,,,W1NpcnVkXQpBdmVudHVyZWlybywgcXVhbmRvIHZvbHRhciBwZWxvIG1hciwgcG9yIGZhdm9yLCBsZXZlLW1lIGp1bnRvIHRhbWLDqW0u,,W1NpcnVkXQpBdmVudHVyZXJvLCBjdWFuZG8gcmVncmVzZXMgcG9yIG1hciwgcG9yIGZhdm9yIGxsw6l2YW1lIGNvbnRpZ28u
HaHaCg,W+ygnOumrOuqrF0K7JmA7JWELi4uIOydtCDrs7Trno/ruZsg67CU64ukLi4uIOygleunkCDtmZjsg4HsoIHsnbTsl5DsmpQhISE=,W0plcmltb25dCldvdy4uLiB0aGlzIHB1cnBsZSBzZWEuLi4gaXQncyB0cnVseSBmYW50YXN0aWMhISE=,,,,,W0plcmltb25dClVhdS4uLiBlc3RlIG1hciB2aW9sZXRhLi4uIMOpIHJlYWxtZW50ZSBmYW50w6FzdGljbyEhIQ==,,W0plcmltb25dCsKhR3VhdS4uLiBlc3RlIG1hciB2aW9sZXRhLi4uIGVzIHJlYWxtZW50ZSBmYW50w6FzdGljbyEhIQ==
HqHaCg,W+ygnOumrOuqrF0K7JWE6rCA66+4IOyXhuydtCDsmrDrpqzqsIAg7Iio7J2EIOyJtCDsiJgg7J6I64qUIOqyg+uPhCDrhIjrrLQg7Iug6riw7ZWY6rOgLCDtlbTsiJjsnZgg7JWV66Cl7J20IOyXhuuKlCDqsoPrj4QsIOq3uOumrOqzoCDrgpzsg50g7LKY7J2MIOuztOuKlCDtlbTslpEg7IOd66y865Ok6rmM7KeALi4uISEh,W0plcmltb25dCkl04oCZcyBhbWF6aW5nIHRoYXQgd2UgY2FuIGJyZWF0aGUgd2l0aG91dCBnaWxscywgdGhhdCB0aGVyZeKAmXMgbm8gcHJlc3N1cmUgZnJvbSB0aGUgc2Vhd2F0ZXIsIGFuZCBldmVuIHRoZXNlIHNlYSBjcmVhdHVyZXMgSeKAmXZlIG5ldmVyIHNlZW4gaW4gbXkgbGlmZS4uLiEhIQ==,,,,,W0plcmltb25dCsOJIGluY3LDrXZlbCBwb2Rlcm1vcyByZXNwaXJhciBzZW0gZ3VlbHJhcywgbsOjbyBzZW50aXIgYSBwcmVzc8OjbyBkbyBtYXIgZSBhaW5kYSB2ZXIgY3JpYXR1cmFzIG1hcmluaGFzIHF1ZSBudW5jYSB2aSBuYSB2aWRhLi4uISEh,,W0plcmltb25dCkVzIGluY3Jlw61ibGUgcXVlIHBvZGFtb3MgcmVzcGlyYXIgc2luIGJyYW5xdWlhcywgcXVlIG5vIGV4aXN0YSBsYSBwcmVzacOzbiBkZWwgYWd1YSBkZSBtYXIgeSwgYWRlbcOhcywgwqFoYXN0YSB2ZXIgY3JpYXR1cmFzIG1hcmluYXMgcXVlIG51bmNhIGhhYsOtYSB2aXN0byBlbiBtaSB2aWRhLi4uISEh
H6HaCg,W+ygnOumrOuqrF0K7KGw7IKs7ZW07JW8IO2VoCDqsoPsnbQg7ZWc65GQIOqwgOyngOqwgCDslYTri4jqtbDsmpQsIOyVnuycvOuhnCDrsJTruaDsp4DqsqDslrTsmpQuCuyZgOyVhC4uLiDrhIjrrLQg7Iug64Kc64ukISEhIO2VtOyWkSDtlZnsnpDroZzshJzsnZggMTTrhYQg7Jm46ri4IOyduOyDneyXkOyEnCDqsIDsnqUg6rCQ6rKp7Iqk65+s7Jq0IOyInOqwhOyduCDqsoMg6rCZ7JWE7JqUIQ==,W0plcmltb25dClRoZXJl4oCZcyBtb3JlIHRoYW4gb25lIG9yIHR3byB0aGluZ3MgdG8gaW52ZXN0aWdhdGUuIEnigJlsbCBiZSBidXN5IGZyb20gaGVyZSBvbiBvdXQuClctV293Li4uIEnigJltIHNvIGV4Y2l0ZWQhISEgVGhpcyBtaWdodCBiZSB0aGUgbW9zdCB0aHJpbGxpbmcgbW9tZW50IGluIG15IDE0IHllYXJzIGFzIGEgbWFyaW5lIHNjaG9sYXIh,,,,,W0plcmltb25dCk7Do28gw6kgdW1hIG91IGR1YXMgY29pc2FzIHF1ZSBwcmVjaXNhbW9zIGludmVzdGlnYXIuLi4gVm91IGZpY2FyIG9jdXBhZG8gZGFxdWkgcHJhIGZyZW50ZS4KVWF1Li4uIEVzdG91IHTDo28gYW5pbWFkbyEhISBBY2hvIHF1ZSBlc3RlIMOpIG8gbW9tZW50byBtYWlzIGVtb2Npb25hbnRlIGRvcyBtZXVzIDE0IGFub3MgZGUgdmlkYSBkZWRpY2Fkb3MgYSBzZXIgdW0gZXN0dWRpb3NvIGRvIG1hciE=,,W0plcmltb25dCk5vIGVzIHF1ZSBoYXlhIHVuYSBvIGRvcyBjb3NhcyBxdWUgaW52ZXN0aWdhcjsgYSBwYXJ0aXIgZGUgYWhvcmEgZXN0YXLDqSBvY3VwYWRvLgrCoUd1YXUuLi4hISEgwqFFc3RveSB0YW4gZW1vY2lvbmFkbyEgwqFDcmVvIHF1ZSBlcyBlbCBtb21lbnRvIG3DoXMgY29ubW92ZWRvciBlbiBtaXMgMTQgYcOxb3MgZGUgdmlkYSBkZWRpY2Fkb3Mgw7puaWNhbWVudGUgYSBzZXIgdW4gZXN0dWRpb3NvIGRlbCBtYXIh
IKHaCg,W+ygnOumrOuqrF0K66Ow66Oo656E6528fn5+,W0plcmltb25dCkxhLWxhLWxhfn5+,,,,,W0plcmltb25dCkzDoSBsw6EgbMOhfn5+,,W0plcmltb25dCkxhbGFsw6F+fn4=
IaHaCg,7JWEIOyggOq4sCwg7KCA64qUIOyLnOujqOuTnOulvCDssL7snLzrn6wg7JmU7Iq164uI64uk66eMLi4u,VW0sIGV4Y3VzZSBtZSwgSSBjYW1lIGxvb2tpbmcgZm9yIFNpcnVkLCBidXQuLi4=,,,,,QWgsIGNvbSBsaWNlbsOnYSwgZXUgdmltIHByb2N1cmFyIFNpcnVkLCBtYXMuLi4=,,QWgsIGRpc2N1bHBlLCBoZSB2ZW5pZG8gYSBidXNjYXIgYSBTaXJ1ZCwgcGVyby4uLg==
IqHaCg,W+ygnOumrOuqrF0K7JWXLCDslYQuLi4g6re4LCDqt7jroIfso6A/IOq3uOqyjCDsmrDshKDsi5wg65CY7Ja07JW87KOgLg==,W0plcmltb25dCkFoLCB1aC4uLiBZLXllcywgb2YgY291cnNlLiBUaGF0IHNob3VsZCBjb21lIGZpcnN0Lg==,,,,,W0plcmltb25dCkFoLCBhaC4uLiBzLXNpbSwgY2xhcm8uIElzc28gZGV2ZSB2aXIgZW0gcHJpbWVpcm8gbHVnYXIu,,W0plcmltb25dCkFoLCBhaC4uLiBlLWVzbywgwr92ZXJkYWQ/IEVzbyBkZWJlIHNlciBsbyBwcmltZXJvLg==
I6HaCg,W+ygnOumrOuqrF0K7Iuc66Oo65Oc66W8IOuLpOyLnCDtlbTsg4HsnLzroZwg7Jis66as6riwIOychO2VtOyEnOuKlCBeNEQ0REZG7Ius7Jew7J2YIOygleyImF4wMDAwMDDqsIAg7LaU6rCA66GcIO2VhOyalO2VtOyalCwg66y47KCc64qUIOq3uOqyg+ydhCDslrTrlrvqsowg6rWs7ZWY64qQ64OQ7J24642wLi4u,W0plcmltb25dClRvIHJhaXNlIFNpcnVkIGJhY2sgdG8gdGhlIHN1cmZhY2UsIHdl4oCZbGwgbmVlZCBeNEQ0REZGRXNzZW5jZSBvZiBBYnlzc14wMDAwMDAgYXMgd2VsbC4gVGhlIHByb2JsZW0gaXMuLi4gaG93IGRvIHdlIGdldCBpdD8=,,,,,W0plcmltb25dClBhcmEgY29sb2NhciBTaXJ1ZCBkZSB2b2x0YSBubyBtYXIsIHZvdSBwcmVjaXNhciBkZSBtYWlzIF40RDRERkZFc3PDqm5jaWEgQWJpc3NhbF4wMDAwMDAuIE8gcHJvYmxlbWEgw6kgY29tbyBjb25zZWd1aXIgaXNzby4uLg==,,W0plcmltb25dClBhcmEgdm9sdmVyIGEgcG9uZXIgYSBmbG90ZSBhIFNpcnVkLCBuZWNlc2l0byBhZGVtw6FzIF40RDRERkZFc2VuY2lhIGRlbCBBYmlzbW9eMDAwMDAwLiBFbCBwcm9ibGVtYSBlcyBjw7NtbyBjb25zZWd1aXJsYS4uLg==
JKHaCg,W+ygnOumrOuqrF0K7Jes6riw7JeQIOyeiOuKlCDsi6ztlbQg7IOd66y865Ok7J2EIOycoOyLrO2eiCDrtKTripTrjbAsIOuqh+uqhyDsg53rrLzrk6Tsl5DqsozshJwg7Ius7Jew7J2YIOygleyImOydmCDruZvsnbQg64KY64qUIOqyg+ydhCDrtKTsirXri4jri6QuCuqyjOuLpOqwgCDqsITtmLkg7Jqw66as66W8IOychO2Yke2VmOq4sOuPhCDtlZjripQg6rKDIOqwmeqzoOyalC4=,W0plcmltb25dCkkgdG9vayBhIGNsb3NlIGxvb2sgYXQgdGhlIGRlZXAtc2VhIGNyZWF0dXJlcyBoZXJlLCBhbmQgSSBzYXcgc29tZSBvZiB0aGVtIGdpdmluZyBvZmYgdGhlIGxpZ2h0IG9mIEVzc2VuY2Ugb2YgQWJ5c3MuCk9uIHRvcCBvZiB0aGF0LCBpdCBzZWVtcyB0aGV5IHNvbWV0aW1lcyB0cnkgdG8gdGhyZWF0ZW4gdXMu,,,,,W0plcmltb25dCk9ic2VydmVpIGF0ZW50YW1lbnRlIGFzIGNyaWF0dXJhcyBkYXMgcHJvZnVuZGV6YXMgZGFxdWkgZSB2aSBxdWUgYWxndW1hcyBkZWxhcyBlbWl0ZW0gbyBicmlsaG8gZGEgRXNzw6puY2lhIEFiaXNzYWwuCkFsw6ltIGRpc3NvLCBwYXJlY2UgcXVlIMOgcyB2ZXplcyBlbGFzIHRhbWLDqW0gdGVudGFtIG5vcyBhbWVhw6dhci4=,,W0plcmltb25dCkhlIG9ic2VydmFkbyBhdGVudGFtZW50ZSBhIGxhcyBjcmlhdHVyYXMgZGUgbGFzIHByb2Z1bmRpZGFkZXMgbWFyaW5hcyBkZSBhcXXDrSwgeSBoZSB2aXN0byBxdWUgYWxndW5hcyBkZSBlbGxhcyBlbWl0ZW4gZWwgYnJpbGxvIGRlIEVzZW5jaWEgZGVsIEFiaXNtby4KQWRlbcOhcywgcGFyZWNlIHF1ZSBhIHZlY2VzIHRhbWJpw6luIG5vcyBhbWVuYXphbi4=
JaHaCg,W+ygnOumrOuqrF0K6re465+wIOydmOuvuOuhnCDsi6ztlbQg7IOd66y865Ok7J2EIOyhsOq4iCDsspjrpqztlbQg7KO87IukIOyImCDsnojsnYTquYzsmpQ/IOq3uOqyg+uTpOuhnOu2gO2EsCBeNEQ0REZG7Ius7Jew7J2YIOygleyImF4wMDAwMDDrpbwg7Ja77J2EIOyImCDsnojsnYTsp4Drj4Qg66qw65287JqULg==,W0plcmltb25dCkluIHRoYXQgY2FzZSwgY291bGQgeW91IHRha2UgY2FyZSBvZiBzb21lIGRlZXAtc2VhIGNyZWF0dXJlcyBmb3IgbWU/IFlvdSBtaWdodCBiZSBhYmxlIHRvIG9idGFpbiBeNEQ0REZGRXNzZW5jZSBvZiBBYnlzc14wMDAwMDAgZnJvbSB0aGVtLg==,,,,,W0plcmltb25dCk5lc3NlIGNhc28sIHBvZGVyaWEgZWxpbWluYXIgdW0gcG91Y28gZGFzIGNyaWF0dXJhcyBkYXMgcHJvZnVuZGV6YXM/IFRhbHZleiB2b2PDqiBjb25zaWdhIG9idGVyIF40RDRERkZFc3PDqm5jaWEgQWJpc3NhbF4wMDAwMDAgZGVsYXMu,,W0plcmltb25dCkVuIGVzZSBzZW50aWRvLCDCv3BvZHLDrWFzIGVuY2FyZ2FydGUgZGUgYWxndW5hcyBjcmlhdHVyYXMgZGUgbGFzIHByb2Z1bmRpZGFkZXM/IFB1ZWRlIHF1ZSBjb25zaWdhcyBeNEQ0REZGRXNlbmNpYSBkZWwgQWJpc21vXjAwMDAwMCBkZSBlbGxhcy4=
JqHaCg,W+ygnOumrOuqrF0KXjRENERGRuyLrO2VtOydmCDsiqTroZztj6xeMDAwMDAw7JmAIF40RDRERkbsi6ztlbTsnZgg642w67mE7Jqw7IqkXjAwMDAwMCDqt7jrpqzqs6AgXjRENERGRuyLrO2VtOydmCDrp4jrpbTsiqReMDAwMDAw66W8IOqwgeqwgSAxMOuniOumrOyUqSDsspjrpqwg67aA7YOB65Oc66a964uI64ukLg==,W0plcmltb25dClBsZWFzZSB0YWtlIGNhcmUgb2YgMTAgZWFjaCBvZiBeNEQ0REZGQWJ5c21hbCBTcm9waG9eMDAwMDAwLCBeNEQ0REZGQWJ5c21hbCBEZXZpYWNlXjAwMDAwMCwgYW5kIF40RDRERkZBYnlzbWFsIE1hcnNlXjAwMDAwMC4=,,,,,W0plcmltb25dClBvciBmYXZvciwgZWxpbWluZSAxMCBkZSBjYWRhOiBeNEQ0REZGU3JvcGhvIEFiaXNtYWxeMDAwMDAwLCBeNEQ0REZGRGV2aWFjZSBBYmlzbWFsXjAwMDAwMCBlIF40RDRERkZNYXJzZSBBYmlzbWFsXjAwMDAwMC4=,,W0plcmltb25dClRlIHBpZG8gcXVlIGVsaW1pbmVzIDEwIGRlIF40RDRERkZTcm9waG8gYWJpc21hbF4wMDAwMDAsIDEwIGRlIF40RDRERkZEZXZpYWNlIGFiaXNtYWxeMDAwMDAwIHkgMTAgZGUgXjRENERGRk1hcnNlIGFiaXNtYWxeMDAwMDAwLg==
J6HaCg,7JWM6rKg7Iq164uI64ukLg==,QWxsIHJpZ2h0Lg==,,,,,RW50ZW5kaWRvLg==,,RGUgYWN1ZXJkby4=
KKHaCg,64uk7J2M7JeQIO2VmOqyoOyKteuLiOuLpC4=,SeKAmWxsIGRvIGl0IG5leHQgdGltZS4=,,,,,RmFyZWkgaXNzbyBkYSBwcsOzeGltYSB2ZXou,,TG8gaGFyw6kgbGEgcHLDs3hpbWEgdmV6Lg==
KaHaCg,W+ygnOumrOuqrF0K64Sk64SkfiDsoIDripQg7Jes6riw7IScIOq4sOuLpOumrOqzoCDsnojqsqDsirXri4jri6Qh,W0plcmltb25dClllcywgeWVzfiBJ4oCZbGwgYmUgd2FpdGluZyBoZXJlIQ==,,,,,W0plcmltb25dClNpbSwgc2ltfiBWb3UgZmljYXIgZXNwZXJhbmRvIGFxdWkh,,W0plcmltb25dCsKhU8OtLCBzw61+ISDCoUVzdGFyw6kgZXNwZXJhbmRvIGFxdcOtIQ==
KqHaCg,W+ygnOumrOuqrF0K7KCA64qUIOyXrOq4sOyEnCDquLDri6Trpqzqs6Ag7J6I6rKg7Iq164uI64ukLg==,W0plcmltb25dCkknbGwgYmUgd2FpdGluZyBoZXJlLg==,,,,,W0plcmltb25dClZvdSBmaWNhciBlc3BlcmFuZG8gYXF1aS4=,,W0plcmltb25dCk1lIHF1ZWRhcsOpIGVzcGVyYW5kbyBhcXXDrS4=
K6HaCg,W+ygnOumrOuqrF0K7IiY6rOgIOunjuycvOyFqOyKteuLiOuLpCwgXjRENERGRuyLrOyXsOydmCDsoJXsiJheMDAwMDAwIOuYkO2VnCDqsIDsoLjsmKTshajqtbDsmpQhISDsl63si5wsIOygnCDsmIjsg4HsnbQg66ee7JWY7Iq164uI64ukLg==,W0plcmltb25dCllvdeKAmXZlIHdvcmtlZCBoYXJkLCBhbmQgeW91IGJyb3VnaHQgXjRENERGRkVzc2VuY2Ugb2YgQWJ5c3NeMDAwMDAwIGFzIHdlbGwhISBKdXN0IGFzIEkgdGhvdWdodCwgSSB3YXMgcmlnaHQu,,,,,W0plcmltb25dClZvY8OqIHNlIGVzZm9yw6dvdSBiYXN0YW50ZS4gRSBhaW5kYSB0cm91eGUgXjRENERGRkVzc8OqbmNpYSBBYmlzc2FsXjAwMDAwMCB0YW1iw6ltISEgQ29tbyBldSBlc3BlcmF2YSwgZXUgZXN0YXZhIGNlcnRvLg==,,W0plcmltb25dCkhhcyB0cmFiYWphZG8gbXVjaG87IMKhdGFtYmnDqW4gaGFzIHRyYcOtZG8gXjRENERGRkVzZW5jaWEgZGVsIEFiaXNtb14wMDAwMDAhISBUYWwgY29tbyBlc3BlcmFiYSwgZXN0YWJhIGVuIGxvIGNpZXJ0by4=
LKHaCg,W+ygnOumrOuqrF0K7Iuc66Oo65Oc66W8IO2VtOyDgeycvOuhnCDrj4zroKQg67O064K06riwIOychO2VtOyEnOuKlCBeNEQ0REZG7Ius7Jew7J2YIOygleyImF4wMDAwMDAgMTDqsJwg7KCV64+E66eMIOyeiOycvOuptCDrkKAg6rKDIOqwmeyKteuLiOuLpC4=,W0plcmltb25dClRvIHNlbmQgU2lydWQgYmFjayBieSBzZWEsIEkgdGhpbmsgYWJvdXQgMTAgXjRENERGRkVzc2VuY2Ugb2YgQWJ5c3NeMDAwMDAwIHNob3VsZCBiZSBlbm91Z2gu,,,,,W0plcmltb25dClBhcmEgbWFuZGFyIFNpcnVkIGRlIHZvbHRhIHBlbG8gbWFyLCBhY2hvIHF1ZSBiYXN0YW0gY2VyY2EgZGUgMTAgXjRENERGRkVzc8OqbmNpYSBBYmlzc2FsXjAwMDAwMC4=,,W0plcmltb25dClBhcmEgZGV2b2x2ZXIgYSBTaXJ1ZCBwb3IgbWFyLCBwYXJlY2UgcXVlIGJhc3RhcsOhIGNvbiB0ZW5lciB1bmFzIDEwIF40RDRERkZFc2VuY2lhIGRlbCBBYmlzbW9eMDAwMDAwLg==
LaHaCg,W+ygnOumrOuqrF0K66qo7JWEIOyYpOyLoOuLpOuptCDshozsmqnrj4zsnbTrpbwg7IOd7ISx7ZW0IOuTnOumrOuPhOuhnSDtlZjqsqDsirXri4jri6Qu,W0plcmltb25dCklmIHlvdSBicmluZyB0aGVtIGFsbCwgSSB3aWxsIGNyZWF0ZSBhIHZvcnRleCBmb3IgeW91Lg==,,,,,W0plcmltb25dClNlIHZvY8OqIHRyb3V4ZXIsIGNyaWFyZWkgbyByZWRlbW9pbmhvIHBhcmEgdm9jw6ou,,W0plcmltb25dClNpIGxvcyByZcO6bmUsIGNyZWFyw6kgZWwgcmVtb2xpbm8gcGFyYSB1c3RlZC4=
LqHaCg,W+ygnOumrOuqrF0K7JWEIOq3uOumrOqzoCDsnbTqsbQg7KCc6rCAIOyhsOyCrO2VmOuLpOqwgCDrsJzqsqztlZwg64+M7J24642w7JqULCDrqqjtl5jqsIDri5jsl5Dqsowg7JOw7J28IOyImCDsnojripQg66y86rG0IOqwmeyVhCDrs7TqtIDtlbQg65GQ6rOgIOyeiOyXiOycvOuLiCDrsJvslYTrkZDshLjsmpQu,W0plcmltb25dCk9oLCBhbmQgdGhpcyBpcyBhIHN0b25lIEkgZm91bmQgd2hpbGUgaW52ZXN0aWdhdGluZy4gSXQgc2VlbWVkIGxpa2Ugc29tZXRoaW5nIHlvdSBjb3VsZCB1c2UsIEFkdmVudHVyZXIsIHNvIEkga2VwdCBpdCBzYWZl4oCUcGxlYXNlIHRha2UgaXQu,,,,,W0plcmltb25dCkFoLCBlIGVzdGEgw6kgdW1hIHBlZHJhIHF1ZSBlbmNvbnRyZWkgZW5xdWFudG8gaW52ZXN0aWdhdmEuIFBhcmVjZXUtbWUgYWxnbyBxdWUgcG9kZSBzZXIgw7p0aWwgcGFyYSBvIGF2ZW50dXJlaXJvLCBlbnTDo28gZXUgYSBndWFyZGVpLiBBY2VpdGUtYS4=,,W0plcmltb25dCkFoLCB5IGVzdGEgZXMgdW5hIHBpZWRyYSBxdWUgZW5jb250csOpIG1pZW50cmFzIGludmVzdGlnYWJhLiBNZSBwYXJlY2nDsyBxdWUgcG9kcsOtYSBzZXJ0ZSDDunRpbCwgYXZlbnR1cmVybywgYXPDrSBxdWUgbGEgZ3VhcmTDqTsgcmVjw61iZWxhLg==
L6HaCg,W+ygnOumrOuqrF0K6re465+8IOyhsOyLrO2eiCDri6TrhYDsmKTshLjsmpQhIQ==,W0plcmltb25dClRoZW4gdGFrZSBjYXJlIG91dCB0aGVyZSEh,,,,,W0plcmltb25dCkVudMOjbywgdsOhIGNvbSBjdWlkYWRvISE=,,W0plcmltb25dCsKhRW50b25jZXMsIHZlIGNvbiBjdWlkYWRvISDCoVF1ZSB0ZSB2YXlhIGJpZW4hIQ==
MKHaCg,W+ygnOumrOuqrF0K6rOg7IOdIOunjuycvOyFqOyKteuLiOuLpCEhIF40RDRERkbsi6zsl7DsnZgg7KCV7IiYXjAwMDAwMCAxMOqwnOulvCDqsIDsoLjsmKTshajqtbDsmpQu,W0plcmltb25dCllvdeKAmXZlIHdvcmtlZCBoYXJkISEgWW91IGJyb3VnaHQgMTAgXjRENERGRkVzc2VuY2Ugb2YgQWJ5c3NeMDAwMDAwLg==,,,,,W0plcmltb25dClZvY8OqIHNlIGVzZm9yw6dvdSBiYXN0YW50ZSEhIFZvY8OqIHRyb3V4ZSAxMCBeNEQ0REZGRXNzw6puY2lhIEFiaXNzYWxeMDAwMDAwLg==,,W0plcmltb25dCsKhwqFIYXMgdHJhYmFqYWRvIGR1cm8hISBIYXMgdHJhw61kbyAxMCBeNEQ0REZGRXNlbmNpYSBkZWwgQWJpc21vXjAwMDAwMC4=
MaHaCg,W+ygnOumrOuqrF0K7KeA6riIIO2VtOyDgeycvOuhnCDsmKzrnbzqsIDsi5zqsqDsirXri4jquYw/Pw==,W0plcmltb25dCldvdWxkIHlvdSBsaWtlIHRvIGdvIHVwIHRvIHRoZSBzdXJmYWNlIG5vdz8/,,,,,W0plcmltb25dClZhaSBzdWJpciBwYXJhIGEgc3VwZXJmw61jaWUgYWdvcmE/Pw==,,W0plcmltb25dCsK/VmFzIGEgc3ViaXIgYSBsYSBjdWJpZXJ0YSBhaG9yYT8/
MqHaCg,7ZW07IOB7Jy866GcIOyYrOudvOqwhOuLpC4=,SGVhZCB1cCB0byB0aGUgc3VyZmFjZS4=,,,,,Vm91IHN1YmlyIHBhcmEgYSBzdXBlcmbDrWNpZS4=,,U3ViZSBhIGxhIHN1cGVyZmljaWUu
M6HaCg,7KeA6riI7J2AIOyYrOudvOqwgOyngCDslYrripTri6Qu,WW91IGNhbid0IGdvIHVwIHJpZ2h0IG5vdy4=,,,,,QWdvcmEgbsOjbyBkw6EgcGFyYSBzdWJpci4=,,QWhvcmEgbm8gc2UgcHVlZGUgc3ViaXIu
NKHaCg,W+ygnOumrOuqrF0K66qo7ZeY6rCA64uY7J2EIOq4sOuLpOumrOuKlCDrj5nslYgg7J206rKD7J2EIOuYkCDrsJzqsqztlojslrTsmpQuIOuwm+yVhOyjvOyEuOyalCEh,W0plcmltb25dCldoaWxlIEkgd2FzIHdhaXRpbmcgZm9yIHlvdSwgQWR2ZW50dXJlciwgSSBmb3VuZCB0aGlzIGFnYWluLiBQbGVhc2UgdGFrZSBpdCEh,,,,,W0plcmltb25dCkVucXVhbnRvIGVzcGVyYXZhIHBvciB2b2PDqiwgYXZlbnR1cmVpcm8sIGVuY29udHJlaSBpc3RvIGRlIG5vdm8uIEFjZWl0ZSwgcG9yIGZhdm9yISE=,,W0plcmltb25dCk1pZW50cmFzIGxvIGVzcGVyYWJhLCBhdmVudHVyZXJvLCBlbmNvbnRyw6kgZXN0byBvdHJhIHZlei4gwqFQb3IgZmF2b3IsIGFjw6lwdGVsbyE=
NaHaCg,W+ygnOumrOuqrF0K7J6QIOq3uOufvCwg7J206rKD7J2EIOydkey2lSDsi5zsvJzshJwuLi4u,W0plcmltb25dCkFsbCByaWdodCwgdGhlbi4gTGV04oCZcyBjb25kZW5zZSB0aGlzLi4uLg==,,,,,W0plcmltb25dCkVudMOjbywgdmFtb3MgY29uZGVuc2FyIGlzdG8uLi4u,,W0plcmltb25dCkJpZW4sIGVudG9uY2VzLCB2YW1vcyBhIGNvbmNlbnRyYXIgZXN0by4uLi4=
NqHaCg,W+ygnOumrOuqrF0K7Z2Q7J2NLi4uLiEh,W0plcmltb25dCkhuZ2guLi4hIQ==,,,,,W0plcmltb25dClVnaC4uLi4hIQ==,,W0plcmltb25dCsKhSG5nLi4uISE=
N6HaCg,W+ygnOumrOuqrF0K7J6QLCDrqqjtl5jqsIDri5jqs7wg7Iuc66Oo65Oc64uYISEg7KKAIOuPhOyZgOyjvOyLnOqyoOyWtOyalD8/IOycvOudvOywqOyVl+yVlyEhISE=,W0plcmltb25dCkhleSwgQWR2ZW50dXJlciBhbmQgU2lydWQhISBDb3VsZCB5b3UgZ2l2ZSBtZSBhIGhhbmQ/PyBIcnJycmFhYWFoISEhIQ==,,,,,W0plcmltb25dCkVudMOjbywgYXZlbnR1cmVpcm8gZSBTaXJ1ZCEhIFBvZGVtIG1lIGFqdWRhciB1bSBwb3Vjbz8/IFVyYWNoYWFhISEhIQ==,,W0plcmltb25dCsKhT2lnYSwgYXZlbnR1cmVybyB5IHNlw7FvciBTaXJ1ZCEgwr9Qb2Ryw61hbiBlY2hhcm5vcyB1bmEgbWFubz8/IMKhwqFVcmFjaGFhYWF0ISE=
OKHaCg,IC0g7KCc66as66qsIOyVnuyXkCDqsbDrjIDtlZwg7IaM7Jqp64+M7J206rCAIOunjOuTpOyWtOyhjOuLpCEgLQ==,IC0gQSBtYXNzaXZlIHdoaXJscG9vbCBoYXMgZm9ybWVkIGluIGZyb250IG9mIEplcmltb24hIC0=,,,,,IC0gVW0gZW5vcm1lIHJlZGVtb2luaG8gc2UgZm9ybW91IGRpYW50ZSBkZSBKZXJpbW9uISAt,,LSDCoVNlIGhhIGZvcm1hZG8gdW4gZW5vcm1lIHJlbW9saW5vIGZyZW50ZSBhIEplcmltb24hIC0=
OaHaCg,W+ygnOumrOuqrF0K6re465+8IOyggCDrqLzsoIAg6rG064SI6rCR64uI64ukISEhIOyhsOyLrO2eiCDrlLDrnbwg7Jik7IS47JqUIQ==,W0plcmltb25dClRoZW4gSeKAmWxsIGNyb3NzIGZpcnN0ISEhIEZvbGxvdyBjYXJlZnVsbHkh,,,,,W0plcmltb25dCkVudMOjbyBldSB2b3UgYXRyYXZlc3NhciBwcmltZWlybyEhISBWZW5oYSBhdHLDoXMgY29tIGN1aWRhZG8h,,W0plcmltb25dCsKhRW50b25jZXMgY3J1emFyw6kgcHJpbWVybyEgwqFTw61nYW5tZSBjb24gY3VpZGFkbyE=
OqHaCg,W+ygnOumrOuqrF0K7ZW07IOB7Jy866GcIOyYrOudvOqwiCDspIDruYTqsIAg65CY66m0IOyggOyXkOqyjCDrp5DsnYQg6rG47Ja07KO87IS47JqUIQ==,W0plcmltb25dCldoZW4geW91J3JlIHJlYWR5IHRvIGhlYWQgdXAgdG8gdGhlIHN1cmZhY2UsIHRhbGsgdG8gbWUh,,,,,W0plcmltb25dClF1YW5kbyBlc3RpdmVyIHByb250byBwYXJhIHN1YmlyIHBlbG8gbWFyLCBmYWxlIGNvbWlnbyE=,,W0plcmltb25dCsKhQ3VhbmRvIGVzdMOpcyBsaXN0byBwYXJhIHN1YmlyIHBvciBtYXIsIGjDoWJsYW1lIQ==
O6HaCg,W+ygnOumrOuqrF0KXjRENERGRuyLrOyXsOydmCDsoJXsiJheMDAwMDAwIDEw6rCc66W8IOu2gO2DgeuTnOumveuLiOuLpC4=,W0plcmltb25dClBsZWFzZSBicmluZyBtZSAxMCBeNEQ0REZGRXNzZW5jZSBvZiBBYnlzc14wMDAwMDAu,,,,,W0plcmltb25dClBvciBmYXZvciwgdHJhZ2EgMTAgXjRENERGRkVzc8OqbmNpYSBBYmlzc2FsXjAwMDAwMC4=,,W0plcmltb25dClRlIHBpZG8gMTAgXjRENERGRkVzZW5jaWEgZGVsIEFiaXNtb14wMDAwMDAu
PKHaCg,W+ygnOumrOuqrF0K7KCc6rCAIOyngeygkSDqtaztlZjqs6Ag7Iu27KeA66eMIOuztOyLnOuLpOyLnO2UvCDsoJzqsIAg7Jew7JW97ZWp64uI64ukLCDtnZHtnZEu,W0plcmltb25dCkkgd2FudCB0byBmaW5kIGl0IG15c2VsZiwgYnV0IGFzIHlvdSBjYW4gc2VlLCBJJ20gd2Vhay4uLiAqc29iKg==,,,,,W0plcmltb25dCkV1IHF1ZXJpYSBwcm9jdXJhciBwZXNzb2FsbWVudGUsIG1hcyBjb21vIHBvZGUgdmVyLCBzb3UgZnJhY28uLi4gYnXDocOhLg==,,W0plcmltb25dClF1aXNpZXJhIHJlc2NhdGFybG8geW8gbWlzbW8sIHBlcm8gY29tbyB2ZXMsIHNveSBkw6liaWwuLi4gc25pZmYu
PaHaCg,Xjk5OTk5OeyLrOyXsOydmCDsoJXsiJgg7IiY7KeRIC0g64yA6riw7KSRXjAwMDAwMA==,Xjk5OTk5OUNvbGxlY3RpbmcgRXNzZW5jZSBvZiBBYnlzcyAtIFdhaXRpbmdeMDAwMDAw,,,,,Xjk5OTk5OUNvbGV0YSBkZSBFc3PDqm5jaWEgQWJpc3NhbCAtIEVtIGVzcGVyYV4wMDAwMDA=,,Xjk5OTk5OVJlY29sZWNjacOzbiBkZSBFc2VuY2lhIGRlbCBBYmlzbW8gLSBFbiBlc3BlcmFeMDAwMDAw
PqHaCg,7Ius7Jew7J2YIOygleyImCDsiJjsp5EgLSDsmYTro4w=,Q29sbGVjdCBFc3NlbmNlIG9mIEFieXNzIC0gQ29tcGxldGU=,,,,,Q29sZXRhIGRlIEVzc8OqbmNpYSBBYmlzc2FsIC0gQ29uY2x1w61kYQ==,,UmVjb2xlY2Npw7NuIGRlIEVzZW5jaWEgZGVsIEFiaXNtbyAtIENvbXBsZXRhZG8=
P6HaCg,7Ius7Jew7J2YIOygleyImCDsiJjsp5EgLSDsp4TtlonspJE=,Q29sbGVjdGluZyBFc3NlbmNlIG9mIEFieXNzIC0gSW4gUHJvZ3Jlc3M=,,,,,Q29sZXRhciBFc3PDqm5jaWEgQWJpc3NhbCAtIEVtIGFuZGFtZW50bw==,,UmVjb2xlY2Npw7NuIGRlIEVzZW5jaWEgZGVsIEFiaXNtbyAtIEVuIHByb2dyZXNv
QKHaCg,7Ius7Jew7J2YIOygleyImCDsiJjsp5E=,Q29sbGVjdCBFc3NlbmNlIG9mIEFieXNz,,,,,Q29sZXRhciBFc3PDqm5jaWEgQWJpc3NhbA==,,UmVjb2xlY2Npw7NuIGRlIEVzZW5jaWEgZGVsIEFiaXNtbw==
QaHaCg,Xjk5OTk5OeyLrO2VtCDsg53rrLwg7LKY7LmYIC0g64yA6riw7KSRXjAwMDAwMA==,Xjk5OTk5OURlZmVhdCBEZWVwLVNlYSBDcmVhdHVyZXMgLSBXYWl0aW5nXjAwMDAwMA==,,,,,Xjk5OTk5OURlcnJvdGUgY3JpYXR1cmFzIGRhcyBwcm9mdW5kZXphcyAtIEFndWFyZGFuZG9eMDAwMDAw,,Xjk5OTk5OUVsaW1pbmFjacOzbiBkZSBjcmlhdHVyYXMgZGUgbGFzIHByb2Z1bmRpZGFkZXMgbWFyaW5hcyAtIEVuIGVzcGVyYV4wMDAwMDA=
QqHaCg,7Ius7ZW0IOyDneusvCDsspjsuZggLSDsp4TtlonspJE=,RGVlcC1TZWEgQ3JlYXR1cmUgSHVudCAtIEluIFByb2dyZXNz,,,,,RGVycm90ZSBjcmlhdHVyYXMgZGFzIHByb2Z1bmRlemFzIC0gRW0gYW5kYW1lbnRv,,RWxpbWluYWNpw7NuIGRlIGNyaWF0dXJhcyBkZSBsYXMgcHJvZnVuZGlkYWRlcyBtYXJpbmFzIC0gRW4gcHJvZ3Jlc28=
Q6HaCg,7Ius7ZW0IOyDneusvCDsspjsuZggLSDsmYTro4w=,RGVlcC1TZWEgQ3JlYXR1cmUgRGVmZWF0IC0gQ29tcGxldGU=,,,,,RGVycm90ZSBjcmlhdHVyYXMgZGFzIHByb2Z1bmRlemFzIC0gQ29uY2x1w61kbw==,,RGVycm90YSBhIGxhcyBjcmlhdHVyYXMgZGUgbGFzIHByb2Z1bmRpZGFkZXMgbWFyaW5hcyAtIENvbXBsZXRhZG8=
RKHaCg,7Ius7ZW0IOyDneusvCDsspjsuZg=,RGVmZWF0IERlZXAtU2VhIENyZWF0dXJlcw==,,,,,RGVycm90ZSBjcmlhdHVyYXMgZGFzIHByb2Z1bmRlemFzIGRvIG1hcg==,,RGVycm90YSBhIGxhcyBjcmlhdHVyYXMgZGUgbGFzIHByb2Z1bmRpZGFkZXMgbWFyaW5hcw==
RaHaCg,W+ygnOumrOuqrF0K7Jik64qYIOyhsOyCrOyXkCDtlYTsmpTtlZwg6rKD7J2AIOuqqOuRkCDqsJbst4TsirXri4jri6QsIOqwkOyCrOuTnOugpOyalCEh,W0plcmltb25dCkkgaGF2ZSBldmVyeXRoaW5nIEkgbmVlZCBmb3IgdG9kYXnigJlzIGludmVzdGlnYXRpb24uIFRoYW5rIHlvdSEh,,,,,W0plcmltb25dCkrDoSB0ZW5obyB0dWRvIG8gcXVlIHByZWNpc28gcGFyYSBhIGludmVzdGlnYcOnw6NvIGRlIGhvamUsIG11aXRvIG9icmlnYWRvISE=,,W0plcmltb25dCllhIHRlbmdvIHRvZG8gbG8gbmVjZXNhcmlvIHBhcmEgbGEgaW52ZXN0aWdhY2nDs24gZGUgaG95LCDCoW11Y2hhcyBncmFjaWFzISE=
RqHaCg,W+ygnOumrOuqrF0K67O87J287J2AIOuLpCDrs7Tsi6Ag6rKDIOqwmeydgOuNsCDsnbTspojro6jrk5zroZwg7J2064+Z7ZWY7Iuc6rKg7Ja07JqUPw==,W0plcmltb25dCkxvb2tzIGxpa2UgeW914oCZcmUgYWxsIGRvbmUuIFdvdWxkIHlvdSBsaWtlIHRvIG1vdmUgdG8gSXpsdWRlPw==,,,,,W0plcmltb25dClBhcmVjZSBxdWUgasOhIHRlcm1pbm91IG8gcXVlIHRpbmhhIHBhcmEgZmF6ZXIuIFF1ZXIgc2UgZGVzbG9jYXIgcGFyYSBJemx1ZGU/,,W0plcmltb25dClBhcmVjZSBxdWUgeWEgdGVybWluYXN0ZSB0dXMgYXN1bnRvcywgwr9xdWllcmVzIHRyYXNsYWRhcnRlIGEgSXpsdWRlPw==
R6HaCg,7J2064+Z7ZWc64ukLg==,TW92ZS4=,,,,,Vm91IG1lIG1vdmVyLg==,,TWUgbXVldm8u
SKHaCg,7J2064+Z7ZWY7KeAIOyViuuKlOuLpC4=,SSB3b24ndCBtb3ZlLg==,,,,,TsOjbyBzZSBtb3ZlLg==,,Tm8gc2UgbXVldmUu
SaHaCg,W+ygnOumrOuqrF0K7JWM6rKg7Iq164uI64ukLiDtnZDsnY0h,W0plcmltb25dCkFsbCByaWdodC4gSG1waCE=,,,,,W0plcmltb25dCkVudGVuZGlkby4gSHVwIQ==,,W0plcmltb25dCkVudGVuZGlkby4gwqFIdXAh
SqHaCg,W+ygnOumrOuqrF0K6rG064SI6rCE64ukfn7slZchIQ==,W0plcmltb25dCkNyb3NzaW5nIG92ZXJ+fkFjayEh,,,,,W0plcmltb25dClZvdSBhdHJhdmVzc2Fyfn5BaCEh,,W0plcmltb25dCsKhQ3J1em9+fmFoISE=
S6HaCg,W+ygnOumrOuqrF0K64+E7JuA7J20IO2VhOyalO2VmOyLnOuptCDslrjsoJzrk6Ag66eQ7JSAIOyjvOyEuOyalH4h,W0plcmltb25dCklmIHlvdSBuZWVkIGFueSBoZWxwLCBqdXN0IGxldCBtZSBrbm93IGFueXRpbWV+IQ==,,,,,W0plcmltb25dClNlIHByZWNpc2FyIGRlIGFqdWRhLCDDqSBzw7MgbWUgY2hhbWFyIGEgcXVhbHF1ZXIgaG9yYX4h,,W0plcmltb25dCsKhU2kgbmVjZXNpdGEgYXl1ZGEsIGTDrWdhbWVsbyBjdWFuZG8gcXVpZXJhfiE=
TKHaCg,W+ygnOumrOuqrF0K7JWI64WV7ZWY7IS47JqULCDsl7DqtazripQg7Iic7KGw66Gt6rKMIOuQmOqzoCDsnojsirXri4jri6Qu,W0plcmltb25dCkhlbGxvLCB0aGUgcmVzZWFyY2ggaXMgZ29pbmcgc21vb3RobHku,,,,,W0plcmltb25dCk9sw6EsIGEgcGVzcXVpc2EgZXN0w6EgaW5kbyBiZW0u,,W0plcmltb25dCkhvbGEsIGxhIGludmVzdGlnYWNpw7NuIHZhIHNpbiBwcm9ibGVtYXMu
TaHaCg,W+ygnOumrOuqrF0K7J6Y66eMIO2VmOuptCDsl6zquLDsmYAg7J207KaI66Oo65Oc66W8IOyXsOqysO2VmOuKlCDshozsmqnrj4zsnbTrpbwg7JiB6rWs7KCB7Jy866GcIOyngOyGjeuQmOqyjCDtlaAg7IiYIOyeiOydhOyngOuPhCDrqrDrnbzsmpQh,W0plcmltb25dCklmIHRoaW5ncyBnbyB3ZWxsLCB3ZSBtaWdodCBiZSBhYmxlIHRvIGtlZXAgdGhlIHZvcnRleCBjb25uZWN0aW5nIGhlcmUgYW5kIEl6bHVkZSBnb2luZyBwZXJtYW5lbnRseSE=,,,,,W0plcmltb25dClNlIHR1ZG8gY29ycmVyIGJlbSwgdGFsdmV6IHNlamEgcG9zc8OtdmVsIG1hbnRlciBwZXJtYW5lbnRlbWVudGUgbyByZWRlbW9pbmhvIHF1ZSBsaWdhIGVzdGUgbHVnYXIgYSBJemx1ZGUh,,W0plcmltb25dCsKhU2kgc2FsZSBiaWVuLCBxdWl6w6EgcG9kYW1vcyBoYWNlciBxdWUgZWwgcmVtb2xpbm8gcXVlIGNvbmVjdGEgZXN0ZSBsdWdhciBjb24gSXpsdWRlIHNlIG1hbnRlbmdhIGRlIGZvcm1hIHBlcm1hbmVudGUh
TqHaCg,W+ygnOumrOuqrF0K6re4656Y7IScIOunkOyduOuNsOyalCwg7KCA66W8IOyhsOq4iCDrjZQg64+E7JmA7KO87IukIOyImCDsnojsnYTquYzsmpQ/,W0plcmltb25dClNvLCBjb3VsZCB5b3UgaGVscCBtZSBhIGxpdHRsZSBtb3JlPw==,,,,,W0plcmltb25dCkVudMOjby4uLiBzZXLDoSBxdWUgdm9jw6ogcG9kZXJpYSBtZSBhanVkYXIgdW0gcG91Y28gbWFpcz8=,,W0plcmltb25dCkVudG9uY2VzLi4uIMK/cG9kcsOtYXMgYXl1ZGFybWUgdW4gcG9jbyBtw6FzPw==
T6HaCg,W+ygnOumrOuqrF0KXjRENERGRuyLrOyXsOydmCDsoJXsiJheMDAwMDAw6rCAIOy2lOqwgOuhnCDrjZQg7ZWE7JqU7ZW07JqULCDqt7jrpqzqs6Ag7Jew6rWs7ZWY64qU642wIOuwqe2VtOqwgCDrkJjripQgXjRENERGRuyLrO2VtCDsg53rrLxeMDAwMDAw64+EIOyigCDsspjrpqztlbQg7KO87IWo7Jy866m0IOyii+qyoOyKteuLiOuLpC4=,W0plcmltb25dCkkgbmVlZCBzb21lIG1vcmUgXjRENERGRkVzc2VuY2Ugb2YgQWJ5c3NeMDAwMDAwLCBhbmQgSeKAmWQgYWxzbyBsaWtlIHlvdSB0byB0YWtlIGNhcmUgb2YgdGhlIF40RDRERkZkZWVwLXNlYSBjcmVhdHVyZXNeMDAwMDAwIHRoYXQgYXJlIGdldHRpbmcgaW4gdGhlIHdheSBvZiBteSByZXNlYXJjaC4=,,,,,W0plcmltb25dClByZWNpc28gZGUgbWFpcyBeNEQ0REZGRXNzw6puY2lhIEFiaXNzYWxeMDAwMDAwLCBlIHRhbWLDqW0gZ29zdGFyaWEgcXVlIHZvY8OqIGVsaW1pbmFzc2UgYWxndW5zIF40RDRERkZjcmlhdHVyYXMgZGFzIHByb2Z1bmRlemFzXjAwMDAwMCBxdWUgYXRyYXBhbGhhbSBhIHBlc3F1aXNhLg==,,W0plcmltb25dCk5lY2VzaXRvIG3DoXMgXjRENERGRkVzZW5jaWEgZGVsIEFiaXNtb14wMDAwMDAsIHkgdGFtYmnDqW4gbWUgZ3VzdGFyw61hIHF1ZSB0ZSBlbmNhcmdhcmFzIGRlIGFsZ3Vub3MgXjRENERGRm1vbnN0cnVvcyBkZSBsYXMgcHJvZnVuZGlkYWRlc14wMDAwMDAgcXVlIGVzdG9yYmFuIGxhIGludmVzdGlnYWNpw7NuLg==
UKHaCg,7J207KaI66Oo65Oc66GcIOuPjOyVhOqwgOqzoCDsi7bsirXri4jri6Qu,SSB3YW50IHRvIHJldHVybiB0byBJemx1ZGUu,,,,,UXVlcm8gdm9sdGFyIHBhcmEgSXpsdWRlLg==,,UXVpZXJvIHZvbHZlciBhIEl6bHVkZS4=
UaHaCg,W+ygnOumrOuqrF0K6rCQ7IKs7ZWp64uI64ukISEg7Ja065akIOqyg+ydhCDtlbTso7zsi6Qg7IiYIOyeiOuCmOyalD8=,W0plcmltb25dClRoYW5rIHlvdSEhIFdoYXQgY2FuIHlvdSBkbyBmb3IgbWU/,,,,,W0plcmltb25dCk9icmlnYWRvISEgTyBxdWUgdm9jw6ogcG9kZSBmYXplciBwb3IgbWltPw==,,W0plcmltb25dCsKhwqFHcmFjaWFzISEgwr9RdcOpIHB1ZWRlcyBoYWNlciBwb3IgbcOtPw==
UqHaCg,64uk7J2M7JeQIOyYqOuLpC4=,Q29tZSBhZ2Fpbi4=,,,,,Vm9sdGUgZGVwb2lzLg==,,VnVlbHZlIGxhIHByw7N4aW1hIHZlei4=
U6HaCg,W+ygnOumrOuqrF0K7Jik64qYIO2VhOyalO2VnCDrtoTrn4nsnYAg66qo65GQIOqwluy3hOyKteuLiOuLpCwg64K07J28IOuLpOyLnCDssL7slYTsmYAg7KO87IS47JqUfg==,W0plcmltb25dClRoYXTigJlzIGFsbCBJIG5lZWQgZm9yIHRvZGF5LiBQbGVhc2UgY29tZSBiYWNrIHRvbW9ycm93fg==,,,,,W0plcmltb25dCkrDoSByZXVuaSB0b2RhIGEgcXVhbnRpZGFkZSBuZWNlc3PDoXJpYSBwb3IgaG9qZSwgdm9sdGUgYW1hbmjDoywgcG9yIGZhdm9yfg==,,W0plcmltb25dCllhIHRlbmVtb3MgdG9kbyBsbyBuZWNlc2FyaW8gcG9yIGhveSwgdnVlbHZlIGEgdmVybWUgbWHDsWFuYX4=
VKHaCg,W+ygnOumrOuqrF0KXjRENERGRuyLrOyXsOydmCDsoJXsiJheMDAwMDAw64qUIOydtCDqs7Psl5Ag7J6I64qUIOuqqOuToCDsi6ztlbQg7IOd66y865Ok66Gc67aA7YSwIOyWu+ydhCDsiJgg7J6I7Iq164uI64ukLgrtmITsnqwgMTDqsJzqsIAg7ZWE7JqU7ZW07JqULg==,W0plcmltb25dCllvdSBjYW4gb2J0YWluIF40RDRERkZFc3NlbmNlIG9mIEFieXNzXjAwMDAwMCBmcm9tIGFsbCB0aGUgZGVlcC1zZWEgY3JlYXR1cmVzIGluIHRoaXMgYXJlYS4KUmlnaHQgbm93LCB5b3UgbmVlZCAxMCBvZiB0aGVtLg==,,,,,W0plcmltb25dCl40RDRERkZFc3PDqm5jaWEgQWJpc3NhbF4wMDAwMDAgcG9kZSBzZXIgb2J0aWRhIGRlIHRvZGFzIGFzIGNyaWF0dXJhcyBkYXMgcHJvZnVuZGV6YXMgcXVlIHZpdmVtIGFxdWkuCk5vIG1vbWVudG8sIHByZWNpc28gZGUgMTAu,,W0plcmltb25dCl40RDRERkZQdWVkZXMgb2J0ZW5lciBFc2VuY2lhIGRlbCBBYmlzbW9eMDAwMDAwIGRlIHRvZGFzIGxhcyBjcmlhdHVyYXMgZGUgbGFzIHByb2Z1bmRpZGFkZXMgbWFyaW5hcyBxdWUgaGF5IGVuIGVzdGUgbHVnYXIuCkFob3JhIG1pc21vIG5lY2VzaXRhcyAxMC4=
VaHaCg,W+ygnOumrOuqrF0K6re465+8IOyhsOyLrO2eiCDri6TrhYDsmKTshLjsmpR+fiEh,W0plcmltb25dClRoZW4gdGFrZSBjYXJlIG91dCB0aGVyZX5+ISE=,,,,,W0plcmltb25dCkVudMOjbyB2w6EgY29tIGN1aWRhZG9+fiEh,,W0plcmltb25dCsKhRW50b25jZXMsIHZlIGNvbiBjdWlkYWRvfn4hIQ==
VqHaCg,W+ygnOumrOuqrF0K7Ius7Jew7J2YIOygleyImOulvCDrqqjrkZAg66qo7JWE7Jik7IWo6rWw7JqUISE=,W0plcmltb25dCllvdeKAmXZlIGdhdGhlcmVkIGFsbCB0aGUgRXNzZW5jZSBvZiBBYnlzcyEh,,,,,W0plcmltb25dClZvY8OqIHJldW5pdSB0b2RhcyBhcyBFc3PDqm5jaWEgQWJpc3NhbCEh,,W0plcmltb25dCsKhSGFzIHJldW5pZG8gdG9kYXMgbGFzIEVzZW5jaWEgZGVsIEFiaXNtbyE=
V6HaCg,W+ygnOumrOuqrF0K6rCQ7IKs7ZWp64uI64ukLCDsl7Dqtazsl5Ag7J6YIOyTsOuPhOuhnSDtlZjqsqDsirXri4jri6Qu,W0plcmltb25dClRoYW5rIHlvdS4gSeKAmWxsIHB1dCBpdCB0byBnb29kIHVzZSBpbiBteSByZXNlYXJjaC4=,,,,,W0plcmltb25dCk9icmlnYWRvLCB2b3UgdXNhciBiZW0gaXN0byBuYSBwZXNxdWlzYS4=,,W0plcmltb25dCkdyYWNpYXMsIGxvIHVzYXLDqSBiaWVuIHBhcmEgbGEgaW52ZXN0aWdhY2nDs24u
WKHaCg,W+ygnOumrOuqrF0KXjRENERGRuyLrOyXsOydmCDsoJXsiJheMDAwMDAwIDEw6rCc6rCAIO2VhOyalO2VqeuLiOuLpC4=,W0plcmltb25dCllvdSBuZWVkIDEwIF40RDRERkZFc3NlbmNlIG9mIEFieXNzXjAwMDAwMC4=,,,,,W0plcmltb25dClPDo28gbmVjZXNzw6FyaWFzIDEwIHVuaWRhZGVzIGRlIF40RDRERkZFc3PDqm5jaWEgQWJpc3NhbF4wMDAwMDAu,,W0plcmltb25dClNlIG5lY2VzaXRhbiAxMCBeNEQ0REZGRXNlbmNpYSBkZWwgQWJpc21vXjAwMDAwMC4=
WaHaCg,W+ygnOumrOuqrF0K7KCV7IiY66W8IOuqqOuRkCDrqqjsnLzsi5zrqbQg7KCA66W8IOuLpOyLnCDssL7slYTsmYAg7KO87IS47JqUIQ==,W0plcmltb25dCk9uY2UgeW914oCZdmUgZ2F0aGVyZWQgYWxsIHRoZSBlc3NlbmNlcywgcGxlYXNlIGNvbWUgYmFjayBhbmQgc2VlIG1lIGFnYWluIQ==,,,,,W0plcmltb25dClF1YW5kbyByZXVuaXIgdG9kYXMgYXMgZXNzw6puY2lhcywgdmVuaGEgbWUgcHJvY3VyYXIgbm92YW1lbnRlIQ==,,W0plcmltb25dCsKhQ3VhbmRvIGhheWFzIHJldW5pZG8gdG9kYXMgbGFzIGVzZW5jaWFzLCB2dWVsdmUgYSBidXNjYXJtZSE=
WqHaCg,W+ygnOumrOuqrF0K7Jik64qY7J2AIOydtCDsoJXrj4TrqbQg65CcIOqygyDqsJnsirXri4jri6Qu,W0plcmltb25dCkkgdGhpbmsgdGhpcyB3aWxsIGJlIGVub3VnaCBmb3IgdG9kYXku,,,,,W0plcmltb25dCkFjaG8gcXVlIHBvciBob2plIGrDoSBlc3TDoSBib20gYXNzaW0u,,W0plcmltb25dCkNyZW8gcXVlIHBvciBob3kgZXMgc3VmaWNpZW50ZS4=
W6HaCg,W+ygnOumrOuqrF0K64+E7JuA7J20IO2VhOyalO2VmOuptCDri6Tsi5wg66eQ7JSA65Oc66as6rKg7Iq164uI64ukLCDqsJDsgqztlanri4jri6QhIQ==,W0plcmltb25dCklmIEkgbmVlZCBoZWxwLCBJ4oCZbGwgc3BlYWsgdG8geW91IGFnYWluLiBUaGFuayB5b3UhIQ==,,,,,W0plcmltb25dClNlIGV1IHByZWNpc2FyIGRlIGFqdWRhLCBmYWxhcmVpIGNvbSB2b2PDqiBub3ZhbWVudGUuIE9icmlnYWRvISE=,,W0plcmltb25dClNpIG5lY2VzaXRvIGF5dWRhLCB2b2x2ZXLDqSBhIGRlY8OtcnRlbG8uIMKhwqFHcmFjaWFzISE=
XKHaCg,W+ygnOumrOuqrF0K7J20IOq3vOuwqeydhCDtnJjsoJPqs6Ag64uk64uI64qUIF40RDRERkbsi6ztlbTsnZgg7Iqk66Gc7Y+sXjAwMDAwMCwgXjRENERGRuyLrO2VtOydmCDrjbDruYTsmrDsiqReMDAwMDAwIOq3uOumrOqzoCBeNEQ0REZG7Ius7ZW07J2YIOuniOultOyKpF4wMDAwMDDrpbwg6rCB6rCBIDEw66eI66as7JSpIOyymOy5mCDrtoDtg4Hrk5zrpr3ri4jri6Qu,W0plcmltb25dClBsZWFzZSBkZWZlYXQgMTAgZWFjaCBvZiBeNEQ0REZGQWJ5c21hbCBTcm9waG9eMDAwMDAwLCBeNEQ0REZGQWJ5c21hbCBEZXZpYWNlXjAwMDAwMCwgYW5kIF40RDRERkZBYnlzbWFsIE1hcnNlXjAwMDAwMCB0aGF0IGFyZSByb2FtaW5nIGFyb3VuZCB0aGlzIGFyZWEu,,,,,W0plcmltb25dClBvciBmYXZvciwgZWxpbWluZSAxMCBkZSBjYWRhIHVtOiBeNEQ0REZGU3JvcGhvIEFiaXNtYWxeMDAwMDAwLCBeNEQ0REZGRGV2aWFjZSBBYmlzbWFsXjAwMDAwMCBlIF40RDRERkZNYXJzZSBBYmlzbWFsXjAwMDAwMCwgcXVlIGFuZGFtIGNhdXNhbmRvIGNvbmZ1c8OjbyBwb3IgZXN0YXMgcmVkb25kZXphcy4=,,W0plcmltb25dClRlIHBpZG8gcXVlIGVsaW1pbmVzIDEwIGRlIGNhZGEgdW5vIGRlIGxvcyBxdWUgcm9uZGFuIHBvciBlc3RhIHpvbmE6IF40RDRERkZTcm9waG8gYWJpc21hbF4wMDAwMDAsIF40RDRERkZEZXZpYWNlIGFiaXNtYWxeMDAwMDAwIHkgXjRENERGRk1hcnNlIGFiaXNtYWxeMDAwMDAwLg==
XaHaCg,W+ygnOumrOuqrF0K7Ius7ZW0IOyDneusvOuTpOydhCDrqqjrkZAg7LKY66as7ZWY6rOgIOyYpOyFqOq1sOyalCwg7IiY6rOgIOunjuycvOyFqOyKteuLiOuLpC4=,W0plcmltb25dClNvIHlvdeKAmXZlIHRha2VuIGNhcmUgb2YgYWxsIHRoZSBkZWVwLXNlYSBjcmVhdHVyZXMuIFlvdeKAmXZlIGRvbmUgd2VsbC4=,,,,,W0plcmltb25dClZvY8OqIHZvbHRvdSBkZXBvaXMgZGUgbGlkYXIgY29tIHRvZGFzIGFzIGNyaWF0dXJhcyBkYXMgcHJvZnVuZGV6YXMsIMOzdGltbyB0cmFiYWxoby4=,,W0plcmltb25dCllhIGhhcyBhY2FiYWRvIGNvbiB0b2RhcyBsYXMgY3JpYXR1cmFzIGRlIGxhcyBwcm9mdW5kaWRhZGVzLCBoYXMgdHJhYmFqYWRvIGR1cm8u
XqHaCg,W+ygnOumrOuqrF0K64+E7JuA7J20IO2VhOyalO2VmOqyjCDrkJjrqbQg64uk7IucIOunkOyUgOuTnOumrOqyoOyKteuLiOuLpC4g6rCQ7IKs7ZWp64uI64ukISE=,W0plcmltb25dCklmIEkgbmVlZCBoZWxwIGFnYWluLCBJ4oCZbGwgbGV0IHlvdSBrbm93LiBUaGFuayB5b3UhIQ==,,,,,W0plcmltb25dClNlIGV1IHByZWNpc2FyIGRlIGFqdWRhLCBmYWxhcmVpIGNvbSB2b2PDqiBub3ZhbWVudGUuIE9icmlnYWRvISE=,,W0plcmltb25dClNpIHZ1ZWx2byBhIG5lY2VzaXRhciBheXVkYSwgc2UgbG8gZGlyw6kgZGUgbnVldm8uIMKhwqFHcmFjaWFzISE=
X6HaCg,W+ygnOumrOuqrF0KXjRENERGRuyLrO2VtOydmCDsiqTroZztj6xeMDAwMDAw7JmAIF40RDRERkbsi6ztlbTsnZgg642w67mE7Jqw7IqkXjAwMDAwMCwg6re466as6rOgIF40RDRERkbsi6ztlbTsnZgg66eI66W07IqkXjAwMDAwMOulvCDqsIHqsIEgMTDrp4jrpqzslKkg7LKY7LmYIOu2gO2DgeuTnOumveuLiOuLpC4=,W0plcmltb25dClBsZWFzZSBkZWZlYXQgMTAgZWFjaCBvZiBeNEQ0REZGQWJ5c21hbCBTcm9waG9eMDAwMDAwLCBeNEQ0REZGQWJ5c21hbCBEZXZpYWNlXjAwMDAwMCwgYW5kIF40RDRERkZBYnlzbWFsIE1hcnNlXjAwMDAwMC4=,,,,,W0plcmltb25dClBvciBmYXZvciwgZGVycm90ZSAxMCBkZSBjYWRhOiBeNEQ0REZGU3JvcGhvIEFiaXNtYWxeMDAwMDAwLCBeNEQ0REZGRGV2aWFjZSBBYmlzbWFsXjAwMDAwMCBlIF40RDRERkZNYXJzZSBBYmlzbWFsXjAwMDAwMC4=,,W0plcmltb25dClBvciBmYXZvciwgZWxpbWluYSAxMCBkZSBeNEQ0REZGU3JvcGhvIGFiaXNtYWxeMDAwMDAwLCAxMCBkZSBeNEQ0REZGRGV2aWFjZSBhYmlzbWFsXjAwMDAwMCB5IDEwIGRlIF40RDRERkZNYXJzZSBhYmlzbWFsXjAwMDAwMC4=
YKHaCg,W+ygnOumrOuqrF0K67aA7YOB65Oc66a0IOyCrOuejOydgCDri7nsi6Ag67CW7JeQIOyXhuuKlOuNsC4uLi4=,W0plcmltb25dCllvdeKAmXJlIHRoZSBvbmx5IG9uZSBJIGNhbiBhc2suLi4u,,,,,W0plcmltb25dCk7Do28gdGVuaG8gbWFpcyBuaW5ndcOpbSBhIHF1ZW0gcGVkaXIuLi4gc8OzIHZvY8OqLi4uLg==,,W0plcmltb25dCk5vIHRlbmdvIGEgbmFkaWUgbcOhcyBhIHF1aWVuIHBlZMOtcnNlbG8uLi4u
YaHaCg,W+ygnOumrOuqrF0K7IOd6rCB7J20IOuwlOuAjOuptCDslrjsoJzrk6Dsp4Ag66eQ7JSA7ZW07KO87IS47JqUISE=,W0plcmltb25dCklmIHlvdSBjaGFuZ2UgeW91ciBtaW5kLCBqdXN0IGxldCBtZSBrbm93IGFueXRpbWUhIQ==,,,,,W0plcmltb25dClNlIG11ZGFyIGRlIGlkZWlhLCBmYWxlIGNvbWlnbyBhIHF1YWxxdWVyIG1vbWVudG8hIQ==,,W0plcmltb25dCsKhwqFTaSBjYW1iaWFzIGRlIGlkZWEsIGTDrW1lbG8gY3VhbmRvIHF1aWVyYXMhIQ==
YqHaCg,W+ygnOumrOuqrF0K7KCA64qUIOyXrOq4sOyXkCDri7nrtoTqsIQg6rOE7IaNIOyeiOydhCDsmIjsoJXsnbTri4gg7IOd6rCB7J20IOuwlOuAjOuptCDrp5DslIAg67aA7YOB65Oc66Ck7JqUISE=,W0plcmltb25dCkknbGwgYmUgc3RheWluZyBoZXJlIGZvciBhIHdoaWxlLCBzbyBpZiB5b3UgY2hhbmdlIHlvdXIgbWluZCwgcGxlYXNlIGxldCBtZSBrbm93ISE=,,,,,W0plcmltb25dClZvdSBmaWNhciBhcXVpIHBvciBlbnF1YW50bywgZW50w6NvLCBzZSBtdWRhciBkZSBpZGVpYSwgcG9yIGZhdm9yIG1lIGF2aXNlISE=,,W0plcmltb25dClZveSBhIHF1ZWRhcm1lIGFxdcOtIHBvciB1biB0aWVtcG8sIMKhYXPDrSBxdWUgc2kgY2FtYmlhcyBkZSBvcGluacOzbiwgZMOtbWVsbyBwb3IgZmF2b3IhIQ==
Y6HaCg,7LyA64KY,S2VuYQ==,,,,,S2VuYQ==,,S2VuYQ==
ZKHaCg,Xjk5OTk5OeyLrO2VtCDsg53rrLwg7LKY7LmYIC0g64yA6riw7KSRXjAwMDAwMA==,Xjk5OTk5OURlZmVhdCBEZWVwLVNlYSBDcmVhdHVyZXMgLSBXYWl0aW5nXjAwMDAwMA==,,,,,Xjk5OTk5OURlcnJvdGFyIGNyaWF0dXJhIGRhcyBwcm9mdW5kZXphcyAtIEFndWFyZGFuZG9eMDAwMDAw,,Xjk5OTk5OUVsaW1pbmFjacOzbiBkZSBjcmlhdHVyYXMgZGUgbGFzIHByb2Z1bmRpZGFkZXMgbWFyaW5hcyAtIEVuIGVzcGVyYV4wMDAwMDA=
ZaHaCg,7Ius7ZW0IOyDneusvCDsspjsuZggLSDsp4TtlonspJE=,RGVlcC1TZWEgQ3JlYXR1cmUgSHVudCAtIEluIFByb2dyZXNz,,,,,RGVycm90ZSBjcmlhdHVyYXMgZGFzIHByb2Z1bmRlemFzIC0gRW0gYW5kYW1lbnRv,,RGVycm90YSBhIGxhcyBjcmlhdHVyYXMgZGUgbGFzIHByb2Z1bmRpZGFkZXMgbWFyaW5hcyAtIEVuIHByb2dyZXNv
ZqHaCg,7Ius7ZW0IOyDneusvCDsspjsuZggLSDsmYTro4w=,RGVlcC1TZWEgQ3JlYXR1cmUgSHVudCAtIENvbXBsZXRl,,,,,RGVycm90ZSBjcmlhdHVyYXMgZGFzIHByb2Z1bmRlemFzIC0gQ29uY2x1w61kbw==,,RGVycm90YSBhIGNyaWF0dXJhcyBkZSBsYXMgcHJvZnVuZGlkYWRlcyBtYXJpbmFzIC0gQ29tcGxldGFkbw==
Z6HaCg,7Ius7ZW0IOyDneusvCDsspjsuZg=,RGVmZWF0IERlZXAtU2VhIENyZWF0dXJlcw==,,,,,RWxpbWluYXIgY3JpYXR1cmFzIGRhcyBwcm9mdW5kZXphcyBkbyBtYXI=,,RGVycm90YSBhIGxhcyBjcmlhdHVyYXMgZGUgbGFzIHByb2Z1bmRpZGFkZXMgbWFyaW5hcw==
aKHaCg,Xjk5OTk5OeyLrO2VtCDslrTsnbjsobEg7LKY7LmYIC0g64yA6riw7KSRXjAwMDAwMA==,Xjk5OTk5OURlZmVhdCBEZWVwIFNlYSBNZXJtYW4gVHJpYmUgLSBXYWl0aW5nXjAwMDAwMA==,,,,,Xjk5OTk5OURlcnJvdGUgb3MgVHJpdMO1ZXMgZGFzIFByb2Z1bmRlemFzIC0gQWd1YXJkYW5kb14wMDAwMDA=,,Xjk5OTk5OURlcnJvdGEgYSBsb3MgaG9tYnJlcyBwZXogZGUgbGFzIHByb2Z1bmRpZGFkZXMgLSBFbiBlc3BlcmFeMDAwMDAw
aaHaCg,7Ius7ZW0IOyWtOyduOyhsSDsspjsuZggLSDsp4TtlonspJE=,RGVmZWF0IERlZXAgU2VhIE1lcm1hbiAtIEluIFByb2dyZXNz,,,,,RGVycm90ZSBvcyBUcml0w7VlcyBkYXMgUHJvZnVuZGV6YXMgLSBFbSBhbmRhbWVudG8=,,RGVycm90YSBhIGxvcyBUcml0b25lcyBkZSBsYXMgUHJvZnVuZGlkYWRlcyAtIEVuIHByb2dyZXNv
aqHaCg,7Ius7ZW0IOyWtOyduOyhsSDsspjsuZggLSDsmYTro4w=,RGVlcCBTZWEgTWVybWFuIFRyaWJlIERlZmVhdCAtIENvbXBsZXRl,,,,,RGVycm90ZSBvcyBUcml0w7VlcyBkbyBGdW5kbyBkbyBNYXIgLSBDb25jbHXDrWRv,,RGVycm90YSBhIGxvcyBUcml0b25lcyBkZSBsYXMgUHJvZnVuZGlkYWRlcyAtIENvbXBsZXRhZG8=
a6HaCg,7Ius7ZW0IOyWtOyduOyhsSDsspjsuZg=,RGVmZWF0IERlZXAgU2VhIE1lcm1hbiBUcmliZQ==,,,,,RGVycm90ZSBvcyBUcml0w7VlcyBkYXMgUHJvZnVuZGV6YXM=,,RGVycm90YSBhIGxvcyBtZXJtYW5vcyBkZSBsYXMgcHJvZnVuZGlkYWRlcyBtYXJpbmFz
bKHaCg,W+y8gOuCmF0K7IiY6rOg7ZWY7IWo7Iq164uI64ukLiDsmKTripjsnYAg7ZG5IOyJrOyLnOqzoCDrgrTsnbwg67Cp66y47ZW07KO87IS47JqULg==,W0tlbmFdCkdvb2Qgd29yay4gR2V0IHBsZW50eSBvZiByZXN0IHRvZGF5LCBhbmQgcGxlYXNlIGNvbWUgYmFjayB0b21vcnJvdy4=,,,,,W0tlbmFdCkJvbSB0cmFiYWxoby4gRGVzY2Fuc2UgYmVtIGhvamUgZSB2ZW5oYSBub3MgdmlzaXRhciBhbWFuaMOjLg==,,W0tlbmFdCkJ1ZW4gdHJhYmFqby4gUG9yIGhveSBkZXNjYW5zZSBiaWVuIHkgdnVlbHZhIG1hw7FhbmEu
baHaCg,W+y8gOuCmF0K7JWI64WV7ZWY7IS47JqULCDrqqjtl5jqsIDri5gu,W0tlbmFdCkhlbGxvLCBhZHZlbnR1cmVyLg==,,,,,W0tlbmFdCk9sw6EsIGF2ZW50dXJlaXJvLg==,,W0tlbmFdCkhvbGEsIGF2ZW50dXJlcm8u
bqHaCg,W+y8gOuCmF0K7ZWY7Li17JeQ64qUIOychO2XmO2VnCDsi6ztlbQg7IOd66y87J20IOunjuuLpOqzoCDrk6Tsl4jripTrjbAg7KeB7KCRIOyZgCDrs7Tri4gg7KCc6rCAIOyDneqwge2VnCDqsoMg7J207IOB7Jy866GcIOychO2XmO2VmOq1sOyalC4=,W0tlbmFdCkkgaGVhcmQgdGhlcmUgYXJlIG1hbnkgZGFuZ2Vyb3VzIGRlZXAtc2VhIGNyZWF0dXJlcyBvbiB0aGUgbG93ZXIgbGV2ZWwsIGJ1dCBub3cgdGhhdCBJ4oCZbSBoZXJlLCBpdOKAmXMgZXZlbiBtb3JlIGRhbmdlcm91cyB0aGFuIEkgdGhvdWdodC4=,,,,,W0tlbmFdCk91dmkgZGl6ZXIgcXVlIG5vIGFuZGFyIGluZmVyaW9yIGjDoSBtdWl0YXMgY3JpYXR1cmFzIHBlcmlnb3NhcyBkYXMgcHJvZnVuZGV6YXMsIG1hcyB2aW5kbyBhcXVpIHBlc3NvYWxtZW50ZSwgw6kgYWluZGEgbWFpcyBwZXJpZ29zbyBkbyBxdWUgZXUgaW1hZ2luYXZhLg==,,W0tlbmFdCkhlIG/DrWRvIHF1ZSBlbiBlbCBuaXZlbCBpbmZlcmlvciBoYXkgbXVjaGFzIGNyaWF0dXJhcyBwZWxpZ3Jvc2FzIGRlIGxhcyBwcm9mdW5kaWRhZGVzIG1hcmluYXMsIHBlcm8gYWwgdmVuaXIgZW4gcGVyc29uYSB2ZW8gcXVlIGVzIG3DoXMgcGVsaWdyb3NvIGRlIGxvIHF1ZSBpbWFnaW5hYmEu
b6HaCg,W+y8gOuCmF0K7Ja866eIIOyghOyXkOuPhCDtlZjsuLXsl5Ag7J6I642YIOyDneusvCDtlZjrgpjqsIAg7IOB7Li17Jy866GcIOyYrOudvOyYpOuKlCDrsJTrnozsl5Ag7JeE7LKtIOuCnOumrOqwgCDrgqzsl4jslrTsmpQu,W0tlbmFdCk5vdCBsb25nIGFnbywgb25lIG9mIHRoZSBjcmVhdHVyZXMgZnJvbSB0aGUgbG93ZXIgbGV2ZWwgY2FtZSB1cCB0byB0aGUgdXBwZXIgbGV2ZWwsIGFuZCBpdCBjYXVzZWQgYSBodWdlIGNvbW1vdGlvbi4=,,,,,W0tlbmFdCkjDoSBwb3VjbyB0ZW1wbywgdW1hIGNyaWF0dXJhIHF1ZSBlc3RhdmEgbm8gYW5kYXIgaW5mZXJpb3IgYWNhYm91IHN1YmluZG8gcGFyYSBvIGFuZGFyIHN1cGVyaW9yLCBlIGZvaSB1bWEgY29uZnVzw6NvIGVub3JtZS4=,,W0tlbmFdCkhhY2UgcG9jbywgdW5hIGRlIGxhcyBjcmlhdHVyYXMgcXVlIGVzdGFiYSBlbiBlbCBuaXZlbCBpbmZlcmlvciBzdWJpw7MgYWwgbml2ZWwgc3VwZXJpb3IgeSBzZSBhcm3DsyB1biBncmFuIGFsYm9yb3RvLg==
cKHaCg,W+y8gOuCmF0K7Ius7ZW0IOyDneusvOuTpOydmCDqsJzssrQg7IiY6rCAIOygkOygkCDripjslrTrgpjqs6Ag7J6I64qUIOy2lOyEuOyduOuNsCDrqqjtl5jqsIDri5gsIOuPhOybgOydhCDssq3tlbTrj4Qg65Cg6rmM7JqUPw==,W0tlbmFdClRoZSBudW1iZXIgb2YgZGVlcC1zZWEgY3JlYXR1cmVzIGtlZXBzIGluY3JlYXNpbmcsIEFkdmVudHVyZXIuIENvdWxkIEkgYXNrIGZvciB5b3VyIGhlbHA/,,,,,W0tlbmFdCkEgcXVhbnRpZGFkZSBkZSBjcmlhdHVyYXMgZGFzIHByb2Z1bmRlemFzIGVzdMOhIGF1bWVudGFuZG8gYW9zIHBvdWNvcy4uLiBhdmVudHVyZWlybywgcG9zc28gcGVkaXIgc3VhIGFqdWRhPw==,,W0tlbmFdClBhcmVjZSBxdWUgbGEgY2FudGlkYWQgZGUgY3JpYXR1cmFzIGRlIGxhcyBwcm9mdW5kaWRhZGVzIGVzdMOhIGF1bWVudGFuZG8gcG9jbyBhIHBvY28uIEF2ZW50dXJlcm8sIMK/cG9kcsOtYSBwZWRpcnRlIGF5dWRhPw==
caHaCg,W+y8gOuCmF0K6rCQ7IKs7ZWp64uI64ukLCDsi6ztlbQg7IOd66y865OkIOuYkOuKlCDslrTsnbjsobEg7LKY7LmY66W8IOuPhOyZgOyjvOyLnOuptCDqsJDsgqztlZjqsqDsirXri4jri6Qu,W0tlbmFdClRoYW5rIHlvdS4gSSB3b3VsZCBhcHByZWNpYXRlIGl0IGlmIHlvdSBjb3VsZCBoZWxwIGJ5IGRlZmVhdGluZyB0aGUgZGVlcC1zZWEgY3JlYXR1cmVzIG9yIHRoZSBtZXJtYW4gcmFjZS4=,,,,,W0tlbmFdCk9icmlnYWRvLiBGaWNhcmVpIGdyYXRvIHNlIHB1ZGVyIG5vcyBhanVkYXIgYSBlbGltaW5hciBhcyBjcmlhdHVyYXMgZGFzIHByb2Z1bmRlemFzIG91IG9zIEFxdcOhdGljb3Mu,,W0tlbmFdCkdyYWNpYXMuIFRlIGFncmFkZWNlcsOtYSBxdWUgbm9zIGF5dWRhcmFzIGEgZWxpbWluYXIgYSBsYXMgY3JpYXR1cmFzIGRlIGxhcyBwcm9mdW5kaWRhZGVzIG8gYSBsb3MgaG9tYnJlcyBwZXou
cqHaCg,W+y8gOuCmF0K7Ja065akIOqyg+ydhCDtlZjsi5zqsqDslrTsmpQ/,W0tlbmFdCldoYXQgd291bGQgeW91IGxpa2UgdG8gZG8/,,,,,W0tlbmFdCk8gcXVlIHZvY8OqIGdvc3RhcmlhIGRlIGZhemVyPw==,,W0tlbmFdCsK/UXXDqSB0ZSBndXN0YXLDrWEgaGFjZXI/
c6HaCg,W+y8gOuCmF0K7Jik64qY7J2AIOydtCDsoJXrj4TroZwg7Lap67aE7ZWcIOqygyDqsJnsirXri4jri6QsIOuCtOydvCDri6Tsi5wg67Cp66y47ZW07KO87IS47JqULg==,W0tlbmFdCkkgdGhpbmsgdGhpcyBpcyBlbm91Z2ggZm9yIHRvZGF5LiBQbGVhc2UgY29tZSBiYWNrIHRvbW9ycm93Lg==,,,,,W0tlbmFdCkFjaG8gcXVlIHBvciBob2plIGrDoSDDqSBvIHN1ZmljaWVudGUuIFBvciBmYXZvciwgdm9sdGUgYW1hbmjDoy4=,,W0tlbmFdClBvciBob3ksIGNyZW8gcXVlIGVzIHN1ZmljaWVudGUuIFBvciBmYXZvciwgdnVlbHZlIGEgdmlzaXRhcm1lIG1hw7FhbmEu
dKHaCg,W+y8gOuCmF0KXjRENERGRuyLrO2VtOydmCDshozrk5wg7ZS87ImsXjAwMDAwMOyZgCBeNEQ0REZG7Ius7ZW07J2YIO2cgF4wMDAwMDAsIOq3uOumrOqzoCBeNEQ0REZG7Ius7ZW07J2YIO2CuSDrk5zrnbzrqqheMDAwMDAw66W8IOqwgeqwgSAxMOuniOumrOyUqSDsspjsuZgg67aA7YOB65Oc66a964uI64ukLg==,W0tlbmFdClBsZWFzZSBkZWZlYXQgMTAgZWFjaCBvZiBeNEQ0REZGQWJ5c21hbCBTd29yZGZpc2heMDAwMDAwLCBeNEQ0REZGQWJ5c21hbCBQaGVuXjAwMDAwMCwgYW5kIF40RDRERkZBYnlzbWFsIEtpbmcgRHJhbW9oXjAwMDAwMC4=,,,,,W0tlbmFdClBvciBmYXZvciwgZGVycm90ZSAxMCBkZSBjYWRhOiBeNEQ0REZGUGVpeGUgQWJpc21hbF4wMDAwMDAsIF40RDRERkZGZW4gQWJpc21hbF4wMDAwMDAgZSBeNEQ0REZGRHJhbW9oIEFiaXNtYWxeMDAwMDAwLg==,,W0tlbmFdClBvciBmYXZvciwgZWxpbWluYSAxMCBkZSBeNEQ0REZGUGV6IGVzcGFkYSBhYmlzbWFsXjAwMDAwMCwgMTAgZGUgXjRENERGRlBoZW4gYWJpc21hbF4wMDAwMDAgeSAxMCBkZSBeNEQ0REZGUmV5IEtyYXkgYWJpc21hbF4wMDAwMDAu
daHaCg,W+y8gOuCmF0K7KCc67KVIOyCrOuCmOyatCDrqqzsiqTthLDrk6TsnbTri4gg6rCB67OE7Z6IIOyjvOydmO2VtOyjvOyEuOyalC4=,W0tlbmFdClRoZXnigJlyZSBxdWl0ZSBmaWVyY2UgbW9uc3RlcnMsIHNvIHBsZWFzZSBiZSBlc3BlY2lhbGx5IGNhcmVmdWwu,,,,,W0tlbmFdClPDo28gbW9uc3Ryb3MgYmVtIGZlcm96ZXMsIGVudMOjbyB0ZW5oYSBjdWlkYWRvIHJlZG9icmFkby4=,,W0tlbmFdClNvbiBtb25zdHJ1b3MgYmFzdGFudGUgZmVyb2NlcywgYXPDrSBxdWUgdGVuIG11Y2hvIGN1aWRhZG8u
dqHaCg,W+y8gOuCmF0K6rCQ7IKs7ZWp64uI64ukLg==,W0tlbmFdClRoYW5rIHlvdS4=,,,,,W0tlbmFdCk9icmlnYWRvLg==,,W0tlbmFdCkdyYWNpYXMu
d6HaCg,W+y8gOuCmF0K66qo65GQIOyymOy5mO2VmOqzoCDsmKTshajqtbDsmpQsIOygleunkCDsiJjqs6Ag66eO7Jy87IWo7Iq164uI64ukLg==,W0tlbmFdCllvdeKAmXZlIGRlZmVhdGVkIHRoZW0gYWxsIGFuZCByZXR1cm5lZC4gWW914oCZdmUgZG9uZSB2ZXJ5IHdlbGwu,,,,,W0tlbmFdClZvY8OqIGRlcnJvdG91IHRvZG9zLCBlbnTDo28uIE11aXRvIGJlbSwgdm9jw6ogc2UgZXNmb3LDp291IGJhc3RhbnRlLg==,,W0tlbmFdCkhhcyB2ZW5pZG8gdHJhcyBkZXJyb3RhcmxvcyBhIHRvZG9zLCBkZSB2ZXJkYWQgaGFzIHRyYWJhamFkbyBkdXJvLg==
eKHaCg,W+y8gOuCmF0K7Iuc6rCE7J20IOuQmOyLoOuLpOuptCDrgrTsnbwg64uk7IucIOuTpOufrOyjvOyEuOyalC4g6riw64uk66as6rOgIOyeiOqyoOyKteuLiOuLpC4=,W0tlbmFdCklmIHlvdSBoYXZlIHRpbWUsIHBsZWFzZSBzdG9wIGJ5IGFnYWluIHRvbW9ycm93LiBJ4oCZbGwgYmUgd2FpdGluZy4=,,,,,W0tlbmFdClNlIHRpdmVyIHRlbXBvLCB2b2x0ZSBhbWFuaMOjLiBFc3RhcmVpIGVzcGVyYW5kby4=,,W0tlbmFdClNpIHRpZW5lIHRpZW1wbywgdnVlbHZhIGEgcGFzYXIgbWHDsWFuYS4gTG8gZXN0YXLDqSBlc3BlcmFuZG8u
eaHaCg,W+y8gOuCmF0KXjRENERGRuyLrO2VtOydmCDshozrk5wg7ZS87ImsXjAwMDAwMOyZgCBeNEQ0REZG7Ius7ZW07J2YIO2cgF4wMDAwMDAsIOq3uOumrOqzoCBeNEQ0REZG7Ius7ZW07J2YIO2CuSDrk5zrnbzrqqheMDAwMDAw7J6F64uI64ukLg==,W0tlbmFdCkl04oCZcyBeNEQ0REZGQWJ5c21hbCBTd29yZGZpc2heMDAwMDAwLCBeNEQ0REZGQWJ5c21hbCBQaGVuXjAwMDAwMCwgYW5kIF40RDRERkZBYnlzbWFsIEtpbmcgRHJhbW9oXjAwMDAwMC4=,,,,,W0tlbmFdClPDo28gXjRENERGRlBlaXhlIEFiaXNtYWxeMDAwMDAwLCBeNEQ0REZGRmVuIEFiaXNtYWxeMDAwMDAwIGUgXjRENERGRkRyYW1vaCBBYmlzbWFsXjAwMDAwMC4=,,W0tlbmFdClNvbiBeNEQ0REZGUGV6IGVzcGFkYSBhYmlzbWFsXjAwMDAwMCwgXjRENERGRlBoZW4gYWJpc21hbF4wMDAwMDAgeSBeNEQ0REZGUmV5IEtyYXkgYWJpc21hbF4wMDAwMDAu
eqHaCg,W+y8gOuCmF0K6rCB6rCBIDEw66eI66as7JSpIOyymOy5mCDrtoDtg4Hrk5zrpr3ri4jri6Qu,W0tlbmFdClBsZWFzZSBkZWZlYXQgMTAgb2YgZWFjaC4=,,,,,W0tlbmFdClBvciBmYXZvciwgZGVycm90ZSAxMCBkZSBjYWRhLg==,,W0tlbmFdClRlIHBpZG8gcXVlIGRlcnJvdGVzIDEwIGRlIGNhZGEgdW5vLg==
e6HaCg,W+y8gOuCmF0KXjRENERGRuyLrO2VtOydmCDshLjrj4TrnbxeMDAwMDAw7JmAIF40RDRERkbsi6ztlbTsnZgg7Iqk7Yq465287Jqw7ZSEXjAwMDAwMOulvCDqsIHqsIEgMTXrp4jrpqzslKkg7LKY66asIOu2gO2DgeuTnOumveuLiOuLpC4=,W0tlbmFdClBsZWFzZSB0YWtlIGNhcmUgb2YgMTUgXjRENERGRmFieXNtYWwgU2Vkb3JhXjAwMDAwMCBhbmQgMTUgXjRENERGRkFieXNtYWwgU3Ryb3VmXjAwMDAwMC4=,,,,,W0tlbmFdClBvciBmYXZvciwgZWxpbWluZSAxNSBkZSBjYWRhOiBeNEQ0REZGU2Vkb3JhIEFiaXNtYWxeMDAwMDAwIGUgXjRENERGRlN0cm91ZiBBYmlzbWFsXjAwMDAwMC4=,,W0tlbmFdClBvciBmYXZvciwgZW5jw6FyZ2F0ZSBkZSBlbGltaW5hciBhIDE1IF40RDRERkZTZWRvcmEgYWJpc21hbF4wMDAwMDAgeSAxNSBeNEQ0REZGU3Ryb3VmIEFiaXNtYWxeMDAwMDAwLg==
fKHaCg,W+y8gOuCmF0K7KCc67KVIOyEseqwgOyLoCDrhojrk6TsnbTri4gg7KGw7Ius7ZW07IScIOuLpOuFgOyYpOyLreyLnOyYpC4=,W0tlbmFdClRoZXnigJlyZSBxdWl0ZSBhIHRyb3VibGVzb21lIGJ1bmNoLCBzbyBwbGVhc2UgYmUgY2FyZWZ1bCBvdXQgdGhlcmUu,,,,,W0tlbmFdClPDo28gc3VqZWl0b3MgYmVtIGluY8O0bW9kb3MsIGVudMOjbyB2w6EgY29tIGN1aWRhZG8u,,W0tlbmFdClNvbiB1bm9zIHRpcG9zIGJhc3RhbnRlIG1vbGVzdG9zLCBhc8OtIHF1ZSB0ZW5nYSBjdWlkYWRvIGFsIGlyIHkgdmVuaXIu
faHaCg,W+y8gOuCmF0K7Iuc6rCE7J20IOuQmOyLnOuptCDrgrTsnbwg64uk7IucIOuTpOufrOyjvOyEuOyalC4g6riw64uk66as6rOgIOyeiOqyoOyKteuLiOuLpC4=,W0tlbmFdCklmIHlvdSBoYXZlIHRpbWUsIHBsZWFzZSBzdG9wIGJ5IGFnYWluIHRvbW9ycm93LiBJ4oCZbGwgYmUgd2FpdGluZy4=,,,,,W0tlbmFdClF1YW5kbyBjaGVnYXIgYSBob3JhLCB2b2x0ZSBhbWFuaMOjLiBFc3RhcmVpIGVzcGVyYW5kby4=,,W0tlbmFdClNpIHRpZW5lIHRpZW1wbywgdnVlbHZhIGEgcGFzYXIgbWHDsWFuYS4gTG8gZXN0YXLDqSBlc3BlcmFuZG8u
fqHaCg,W+y8gOuCmF0K7J2065+wLi4u,W0tlbmFdCk9oIG5vLi4u,,,,,W0tlbmFdClB1eGEuLi4=,,W0tlbmFdClZheWEuLi4=
f6HaCg,W+y8gOuCmF0K7J2064yA66GcIOuwqey5mO2VmOuptCDsnITtl5jtlbTsp4jthZDrjbAuLi4=,W0tlbmFdCklmIHdlIGxlYXZlIGl0IGxpa2UgdGhpcywgaXQgY291bGQgZ2V0IGRhbmdlcm91cy4uLg==,,,,,W0tlbmFdClNlIGRlaXhhcm1vcyBhc3NpbSwgdmFpIGZpY2FyIHBlcmlnb3NvLi4u,,W0tlbmFdClNpIGxvIGRlamFtb3MgYXPDrSwgc2Ugdm9sdmVyw6EgcGVsaWdyb3NvLi4u
gKHaCg,7Zi466CM,SG9yZW4=,,,,,SG9yZW4=,,SG9yZW4=
gaHaCg,W+2YuOugjF0K7JWI64WV7ZWY7IS47JqULiDsnbQg6rOz7JeQ7IScIOyWu+ydhCDsiJgg7J6I64qUIOynhOq3gO2VnCDsnqzro4zrk6TsnYQg6rCA7KeA6rOgIOqzhOyLnOuLpOuptCDsnqXruYTrpbwg6rCV7ZmU7ZW065Oc66a0IOyImCDsnojsirXri4jri6Qu,W0hvcmVuXQpIZWxsby4gSWYgeW91IGhhdmUgYW55IHJhcmUgbWF0ZXJpYWxzIHlvdSBjYW4gb2J0YWluIGhlcmUsIEkgY2FuIHVwZ3JhZGUgeW91ciBlcXVpcG1lbnQgZm9yIHlvdS4=,,,,,W0hvcmVuXQpPbMOhLiBTZSB2b2PDqiB0aXZlciBtYXRlcmlhaXMgcmFyb3MgcXVlIHBvZGVtIHNlciBvYnRpZG9zIGFxdWksIHBvc3NvIGFwcmltb3JhciBzZXUgZXF1aXBhbWVudG8u,,W0hvcmVuXQpIb2xhLiBTaSB0aWVuZXMgbWF0ZXJpYWxlcyByYXJvcyBxdWUgc2UgcHVlZGVuIG9idGVuZXIgZW4gZXN0ZSBsdWdhciwgcHVlZG8gcmVmb3J6YXIgdHUgZXF1aXBvLg==
gqHaCg,W+2YuOugjF0K6rCV7ZmUIOqwgOuKpe2VnCDsnqXruYTrpbwg6rWs6rK97ZWY7Iuc6rKg7Iq164uI6rmMPw==,W0hvcmVuXQpXb3VsZCB5b3UgbGlrZSB0byB0YWtlIGEgbG9vayBhdCBlcXVpcG1lbnQgdGhhdCBjYW4gYmUgdXBncmFkZWQ/,,,,,W0hvcmVuXQpHb3N0YXJpYSBkZSB2ZXIgb3MgZXF1aXBhbWVudG9zIHF1ZSBwb2RlbSBzZXIgYXByaW1vcmFkb3M/,,W0hvcmVuXQrCv1F1aWVyZXMgdmVyIGVsIGVxdWlwbyBxdWUgc2UgcHVlZGUgcmVmaW5hcj8=
g6HaCg,W+2YuOugjF0K7KKF66WY64qUIOunjuycvOuLiCDsspzsspztnogg6rWs6rK97ZWY7IS47JqULCDsm5DtlZjsi5zripQg6rKD7J20IOyeiOycvOyLnOuptCDrsJTroZwg6rCV7ZmUIOqwgOuKpe2VqeuLiOuLpC4=,W0hvcmVuXQpUaGVyZSBhcmUgbWFueSB0eXBlcywgc28gdGFrZSB5b3VyIHRpbWUgbG9va2luZyBhcm91bmQuIElmIHlvdSBmaW5kIHNvbWV0aGluZyB5b3Ugd2FudCwgSSBjYW4gZW5oYW5jZSBpdCByaWdodCBhd2F5Lg==,,,,,W0hvcmVuXQpIw6EgbXVpdG9zIHRpcG9zLCBlbnTDo28gZMOqIHVtYSBvbGhhZGEgY29tIGNhbG1hLiBTZSBob3V2ZXIgYWxnbyBxdWUgcXVlaXJhLCBwb3NzbyByZWZvcsOnYXIgbmEgaG9yYS4=,,W0hvcmVuXQpIYXkgbXVjaG9zIHRpcG9zLCBhc8OtIHF1ZSBtaXJlIGNvbiBjYWxtYS4gU2kgaGF5IGFsZ28gcXVlIHF1aWVyYSwgcHVlZG8gcmVmb3J6YXJsbyBkZSBpbm1lZGlhdG8u
hKHaCg,W+2YuOugjF0K6rSA7Ius7J20IOyDneq4sOyLnOuptCDri6Tsi5wg7LC+7JWE7JmAIOyjvOyEuOyalC4=,W0hvcmVuXQpJZiB5b3UgYmVjb21lIGludGVyZXN0ZWQsIHBsZWFzZSBjb21lIGJhY2sgYW5kIHNlZSBtZS4=,,,,,W0hvcmVuXQpTZSBmaWNhciBpbnRlcmVzc2Fkbywgdm9sdGUgYXF1aSBub3ZhbWVudGUu,,W0hvcmVuXQpTaSBsZSBpbnRlcmVzYSwgdnVlbHZhIGEgdmlzaXRhcm1lLg==
haHaCg,7Ius7ZW07J2YIOuniOuFgOqwgCDrsJTri7fsho3snYQg6rGw64uQ6rOgIOyeiOyKteuLiOuLpCEh,QWJ5c21hbCBXaXRjaCBpcyByb2FtaW5nIGJlbmVhdGggdGhlIHNlYSEh,,,,,QnJ1eGEgZG8gQWJpc21hbCBlc3TDoSB2YWdhbmRvIHBlbG8gZnVuZG8gZG8gbWFyISE=,,QnJ1amEgYWJpc21hbCBlc3TDoSBjYW1pbmFuZG8gcG9yIGVsIGZvbmRvIGRlbCBtYXIhIQ==
hqHaCg,7Ius7ZW07J2YIO2BrOudvOy8hOydtCDrsJTri7fsho3snYQg6rGw64uQ6rOgIOyeiOyKteuLiOuLpCEh,QWJ5c21hbCBLcmFrZW4gaXMgcm9hbWluZyB0aGUgZGVwdGhzIG9mIHRoZSBzZWEhIQ==,,,,,S3Jha2VuIEFiaXNtYWwgZXN0w6EgdmFnYW5kbyBwZWxvIGZ1bmRvIGRvIG1hciEh,,wqHCoURlbW9uaW8gY2FsYW1hciBhYmlzbWFsIGVzdMOhIG1lcm9kZWFuZG8gcG9yIGVsIGZvbmRvIGRlbCBtYXIhIQ==
