wObOBw,,U2NydWJieQ==,,,,,RXNmcmlnYQ==,,RXhmb2xpYWRvcg==
webOBw,,W1NjcnViYnldCllvdSBhcHBlYXIgdG8gbGFjayBzdWZmaWNpZW50IGV4cGVyaWVuY2UgdG8gdXNlIHRoZSBiYXRoaG91c2UuIFlvdSBtYXkgc3VmZmVyIGJ1cm5zIGZyb20gdGhlIGhpZ2ggdGVtcGVyYXR1cmVzLCBzbyBwbGVhc2UgcmV0dXJuIGFmdGVyIGdhaW5pbmcgZW5vdWdoIGV4cGVyaWVuY2UgdG8gZW5kdXJlIGl0Lg==,,,,,W0VzZnJpZ2FdClZvY8OqIG7Do28gcG9zc3VpIGV4cGVyacOqbmNpYSBwYXJhIHVzYXIgbyBiYW5oby4gQSBhbHRhIHRlbXBlcmF0dXJhIHBvZGUgY2F1c2FyIHF1ZWltYWR1cmFzLCBwb3J0YW50byByZXRvcm5lIGFww7NzIGFkcXVpcmlyIGV4cGVyacOqbmNpYSBzdWZpY2llbnRlIHBhcmEgc3Vwb3J0w6EtbGEu,,W0V4Zm9saWFkb3JdClBhcmVjZSBxdWUgbGUgZmFsdGEgYWxnbyBkZSBleHBlcmllbmNpYSBwYXJhIHVzYXIgbG9zIGJhw7Fvcy4gUG9kcsOtYSBzdWZyaXIgcXVlbWFkdXJhcyBjb24gZWwgY2Fsb3IsIGFzw60gcXVlIHZ1ZWx2YSBjdWFuZG8gaGF5YSBhY3VtdWxhZG8gc3VmaWNpZW50ZSBleHBlcmllbmNpYSBwYXJhIHNvcG9ydGFybG8u
wubOBw,,LSBUaGlzIHF1ZXN0IGlzIGF2YWlsYWJsZSBmcm9tIExldmVsIDEzMC4gLQ==,,,,,LSBNaXNzw6NvIGRpc3BvbsOtdmVsIGEgcGFydGlyIGRvIG7DrXZlbCAxMzAuIC0=,,LSBNaXNpw7NuIGRpc3BvbmlibGUgYSBwYXJ0aXIgZGVsIG5pdmVsIDEzMC4gLQ==
w+bOBw,,W1NjcnViYnldCldlIGFwb2xvZ2l6ZS4gSXQgaXMgdGhlIHBvbGljeSBvZiB0aGUgVmFybXVudCBNYW5zaW9uIHRvIGlzb2xhdGUgZ3Vlc3RzIGZyb20gXjAwMDBDRGRhbmdlcm91cyBzaXR1YXRpb25zXjAwMDAwMC4gUGxlYXNlIHdhaXQgYSBsaXR0bGUgbG9uZ2VyLg==,,,,,W0VzZnJpZ2FdCkRlc2N1bHBlLiDDiSBhIHBvbMOtdGljYSBkYSBNYW5zw6NvIFZhcm11bnQgaXNvbGFyIG9zIGNsaWVudGVzIGRlIF4wMDAwQ0RzaXR1YWPMp2/Mg2VzIHBlcmlnb3Nhc14wMDAwMDAuIFBvciBmYXZvciwgYWd1YXJkZS4=,,W0V4Zm9saWFkb3JdCkxvIHNpZW50by4gTGEgcG9sw610aWNhIGRlIGxhIG1hbnNpw7NuIFZhcm11bnQgZXMgYWlzbGFyIGEgbG9zIGh1w6lzcGVkZXMgZGUgXjAwMDBDRHNpdHVhY2lvbmVzIHBlbGlncm9zYXNeMDAwMDAwLiBQb3IgZmF2b3IsIGVzcGVyZSB1biBwb2NvIG3DoXMu
xObOBw,,V2h5IGlzIHRoZSBzZWFyY2ggdGFraW5nIHNvIGxvbmc/IExldCB1cyBpbi4gV2UgY2FuIGZpbmQgaXQgZmFzdGVyLg==,,,,,RGVpeGUtbm9zIGVudHJhciE=,,wr9Qb3IgcXXDqSB0YXJkYW4gdGFudG8gZW4gcmVnaXN0cmFyPyBEw6lqZW5vcyBlbnRyYXIuIEFzw60gcG9kcmVtb3MgZW5jb250cmFybG8gbcOhcyByw6FwaWRvLg==
xebOBw,,V2UgYXJlIGV4cGVydHMgaW4gdGhpcyBmaWVsZC4=,,,,,UG9kZW1vcyBhanVkYXIh,,U29tb3MgZXhwZXJ0b3MgZW4gZXN0ZSBjYW1wby4=
xubOBw,,W01hZ2VudGFdCkRvIG5vdCBrZWVwIHRoZSBuYXR1cmUgb2YgdGhhdCBkYW5nZXIgdG8geW91cnNlbGYuIExldCB1cyBrbm93IGFzIHdlbGwu,,,,,W01hZ2VudGFdCk7Do28gZXNjb25kYSBhIHNpdHVhw6fDo28gZGUgbsOzcy4gRGVzZWJ1Y2hhIQ==,,W01hZ2VudGFdCk5vIHRlIGd1YXJkZXMgcGFyYSB0aSBxdcOpIGVzIGVzZSBwZWxpZ3JvOyBkaW5vcyBhbGdvIGEgbm9zb3Ryb3MgdGFtYmnDqW4u
x+bOBw,,VGltZSBpcyBwYXNzaW5nIGV2ZW4gYXMgeW91IGJsb2NrIHVzIGhlcmUu,,,,,TyB0ZW1wbyBlc3TDoSBwYXNzYW5kbyE=,,TWllbnRyYXMgbm9zIGRldGllbmVuIGFxdcOtLCBlbCB0aWVtcG8gc2lndWUgY29ycmllbmRvLg==
yObOBw,,W1NjcnViYnldCldlIGFwb2xvZ2l6ZS4gSXQgaGFzIG5vdCB5ZXQgYmVlbiBpZGVudGlmaWVkLiBEZXRlcm1pbmluZyB3aGV0aGVyIGEgaGF6YXJkIGV4aXN0cyBpcyBvbmUgb2YgdGhlIG9iamVjdGl2ZXMgb2YgdGhpcyBzZWFyY2guIFBsZWFzZSB3YWl0IGEgbGl0dGxlIGxvbmdlci4gV2UgYXNrIGZvciB5b3VyIHVuZGVyc3RhbmRpbmcgYXMgdGhpcyBpcyBwcm9jZWR1cmUu,,,,,W0VzZnJpZ2FdCkFpbmRhIG7Do28gaWRlbnRpZmljYW1vcy4gVW0gZG9zIG9iamV0aXZvcyBkZXN0YSBidXNjYSDDqSBhdmVyaWd1YXIgYSBzZWd1cmFuw6dhLiBUcmF0YS1zZSBkZSB1bSBwcm9jZWRpbWVudG8sIHBlZGltb3Mgc3VhIGNvbXByZWVuc8Ojby4=,,W0V4Zm9saWFkb3JdCkxvIHNpZW50by4gQcO6biBubyBzZSBoYSBkZXRlcm1pbmFkby4gVW5vIGRlIGxvcyBvYmpldGl2b3MgZGUgZXN0YSBiw7pzcXVlZGEgZXMgaW52ZXN0aWdhciBzaSBleGlzdGUgYWxnw7puIGZhY3RvciBkZSByaWVzZ28uIFBvciBmYXZvciwgZXNwZXJlIHVuIHBvY28gbcOhcy4gRXMgZWwgcHJvY2VkaW1pZW50bywgYXPDrSBxdWUgbGUgcnVlZ28gcXVlIGxvIGNvbXByZW5kYS4=
yebOBw,,SWYgc29tZXRoaW5nIGhhcHBlbnMgdG8gb3VyIGNvbXBhbmlvbiwgd2Ugd2lsbCBob2xkIHlvdSByZXNwb25zaWJsZSE=,,,,,RSBzZSBhbGdvIGFjb250ZWNlciBjb20gZWxlPyE=,,wqFTaSBhIG51ZXN0cm8gbmnDsW8gbGUgcGFzYSBhbGdvLCBsZXMgcGVkaXLDqSBjdWVudGFzIQ==
yubOBw,,V2UgaGF2ZSBvdXIgb3duIHByb2NlZHVyZXMgdG9vISBZb3UgYXJlIGludGVyZmVyaW5nIHdpdGggdXMh,,,,,TsOzcyB0YW1iw6ltIHRlbW9zIHByb2NlZGltZW50b3Mh,,wqFOb3NvdHJvcyB0YW1iacOpbiB0ZW5lbW9zIGVzZSBwcm9jZWRpbWllbnRvISDCoU5vcyBlc3TDoW4gZXN0b3JiYW5kbyE=
y+bOBw,,W1NjcnViYnldCkFzIHN0YXRlZCBiZWZvcmUsIHlvdSBjYW5ub3QgZW50ZXIgdW50aWwgc2FmZXR5IGhhcyBiZWVuIGNvbmZpcm1lZC4gSWYgdGhlcmUgaXMgYW55IG5ld3MgcmVnYXJkaW5nIHlvdXIgXjAwMDBDRGNvbXBhbmlvbl4wMDAwMDAsIHdlIHdpbGwgZXNjb3J0IHlvdSBpbW1lZGlhdGVseS4=,,,,,W0VzZnJpZ2FdClJlaXRlcm8gcXVlLCBlbnF1YW50byBuw6NvIGZvciBzZWd1cm8sIG7Do28gcG9kZXLDo28gZW50cmFyLiBBc3NpbSBxdWUgaG91dmVyIF4wMDAwQ0Rub3TDrWNpYXMgZG8gc2V1IGFtaWdvXjAwMDAwMCwgaXJlbW9zIGluZm9ybcOhLWxvcy4=,,W0V4Zm9saWFkb3JdClNlIGxvIHJlcGl0byB1bmEgdmV6IG3DoXM6IG5vIHB1ZWRlIGVudHJhciBtaWVudHJhcyBubyBzZSBjb25maXJtZSBsYSBzZWd1cmlkYWQuIEVuIGN1YW50byB0ZW5nYW1vcyBeMDAwMENEbm90aWNpYXMgZGUgc3UgY29tcGHDsWVyb14wMDAwMDAsIHNlIGxvIGhhcsOpIHNhYmVyIGRlIGlubWVkaWF0by4=
zObOBw,,W1Jvb2tpZV0KV2Ugd2VyZSB0b2xkIHRvIGNvb3BlcmF0ZSB3aXRoIHRoZSBtYW5zaW9uJ3MgQXV0b21hdGEgd2l0aG91dCBmcmljdGlvbiwgYnV0IGlmIHRoZXkgcmVmdXNlIHRvIHN0ZXAgYXNpZGUgdG8gdGhlIGVuZCwgd2UgbWF5IGhhdmUgbm8gY2hvaWNlIGJ1dCB0byB1c2UgZm9yY2Uu,,,,,W0x1a2llXQpEaXNzZXJhbSBwYXJhIGNvb3BlcmFybW9zIGNvbSBhcyBBdXTDtG1hdGFzLCBtYXMgc2UgbsOjbyBzYcOtcmVtIGRvIGNhbWluaG8sIG7Do28gdGVyZW1vcyBlc2NvbGhhIHNlbsOjbyB1c2FyIGEgZm9yw6dhLCBlbnRlbmRlcmFtPw==,,W0x1a2llXQpNZSBkaWplcm9uIHF1ZSBjb29wZXJhcmEgY29uIGxvcyBhdXTDs21hdGFzIGRlIGxhIG1hbnNpw7NuIHNpbiBmcmljY2lvbmVzLCBwZXJvIHNpIG5vIHNlIGFwYXJ0YW4gaGFzdGEgZWwgZmluYWwsIMK/bm8gbm9zIHF1ZWRhcsOhIG3DoXMgcmVtZWRpbyBxdWUgdXNhciBsYSBmdWVyemE/
zebOBw,,Um9va2llPyBXaGF0IGlzIGdvaW5nIG9uPw==,,,,,TyBxdWUgZXN0w6EgYWNvbnRlY2VuZG8/,,wr9TZcOxb3JpdGEgTHVraWU/IMK/UXXDqSBvY3VycmU/
zubOBw,,SXQgbG9va3MgY29tcGxpY2F0ZWQuIExldCB1cyBqdXN0IG1vdmUgYWxvbmcu,,,,,Vm91IGlnbm9yYXIgZXNzZSBjYW9zLg==,,UGFyZWNlIGFsZ28gY29tcGxpY2FkbzsgbWVqb3IgcGFzZW1vcyBkZSBsYXJnby4=
z+bOBw,,W1NjcnViYnldCklmIGl0IGNvbWVzIHRvIHRoYXQsIHdlIHdpbGwgaGF2ZSBubyBjaG9pY2UgYnV0IHRvIGNhbGwgdGhlIGd1YXJkcyBhcyB3ZWxsLg==,,,,,W0VzZnJpZ2FdCk5lc3NlIGNhc28sIG7Do28gdGVyZW1vcyBhbHRlcm5hdGl2YSBzZW7Do28gY2hhbWFyIG9zIGd1YXJkYXMu,,W0V4Zm9saWFkb3JdClNpIGVzIGFzw60sIG5vc290cm9zIHRhbWJpw6luIG5vIHRlbmRyZW1vcyBtw6FzIHJlbWVkaW8gcXVlIGxsYW1hciBhIGxvcyBndWFyZGlhcy4=
0ObOBw,,W1Jvb2tpZV0KSG1tLi4uIFdoYXQgc2hvdWxkIHdlIGRvPw==,,,,,W0x1a2llXQpIbW0uLi4gbyBxdWUgZmF6ZW1vcyBhZ29yYT8=,,W0x1a2llXQpIbW0uLi4gwr9RdcOpIGhhY2Vtb3MgY29uIGVzdG8/
0ebOBw,,W1Jvb2tpZV0KQWgsIEFkdmVudHVyZXIsIHlvdSBhcmUgaGVyZSBhcyB3ZWxsLiBJZiB5b3UgY2FtZSB0byBiYXRoZSwgSSByZWdyZXQgdG8gaW5mb3JtIHlvdSB0aGF0IGl0IHdpbGwgYmUgdW5hdmFpbGFibGUgZm9yIHRoZSB0aW1lIGJlaW5nLiBMb29rIG92ZXIgdGhlcmUuIFRoYXQgQXV0b21hdHJvbiBpcyBzdGFuZGluZyBmaXJtbHkgaW4gZnJvbnQgb2YgdGhlIGRvb3Iu,,,,,W0x1a2llXQpBaCwgdmlhamFudGUsIHZvY8OqIGVzdMOhIGFxdWkuIFNlIHZlaW8gdG9tYXIgYmFuaG8sIG7Do28gZMOhLiBBcXVlbGEgQXV0w7RtYXRhIGVzdMOhIGJsb3F1ZWFuZG8gYSBwb3J0YS4=,,W0x1a2llXQpBaCwgdXN0ZWQgdGFtYmnDqW4gaGEgdmVuaWRvLCB0cm90YW11bmRvcy4gU2kgaGEgdmVuaWRvIGEgYmHDsWFyc2UsIHBvciBkZXNncmFjaWEgbm8gcG9kcsOhIHVzYXJsbyBwb3IgdW4gdGllbXBvLiBNaXJlIGVzby4gRXNlIGF1dMOzbWF0YSBzZSBwbGFudMOzIGp1c3RvIGRlbGFudGUgZGUgbGEgcHVlcnRhIHkgbGEgYmxvcXVlYS4=
0ubOBw,,W1NjaW9uXQpUaGV5IHNheSBhIGdob3N0IGFwcGVhcnMgaGVyZS4gQmUgY2FyZWZ1bCBhcyB3ZWxsLg==,,,,,W0N5YW5dCkRpemVtIHF1ZSBow6EgdW0gZmFudGFzbWEgYXF1aS4=,,W1NjaW9uXQpEaWNlbiBxdWUgYXF1w60gYXBhcmVjZSB1biBmYW50YXNtYS4gVGVuIGN1aWRhZG8gdMO6IHRhbWJpw6luLg==
0+bOBw,,QSBnaG9zdD8/,,,,,RmFudGFzbWE/Pw==,,wr/Cv1VuIGZhbnRhc21hPz8=
1ObOBw,,W1Jvb2tpZV0KV2UgZG8gbm90IHlldCBrbm93IGl0cyBpZGVudGl0eS4gQXMgeW91IGtub3csIG9uY2Ugd2UgZW50ZXJlZCB0aGUgbWFuc2lvbiwgZXZlcnlvbmUgZGlzcGVyc2VkIHRvIHN1cnZleSB0aGUgZmFjaWxpdGllcy4KVGhlIHNjb3V0aW5nIHBhcnR5IHRoYXQgd2VudCB0byBjaGVjayBmb3IgYW55IHJlbWFpbmluZyBJbGx1c2lvbiBmb3JjZXMgaW4gdGhlIGJhdGggcmV0dXJuZWQgaG9ycmlmaWVkLCBzYXlpbmcgXjAwMDBDRHRoZXJlIGlzIHNvbWV0aGluZyBpbiB0aGUgYmF0aGhvdXNlXjAwMDAwMC4=,,,,,W0x1a2llXQpBaW5kYSBuw6NvIHNhYmVtb3MgbyBxdWUgw6kuIEFzc2ltIHF1ZSBlbnRyYW1vcyBuYSBtYW5zw6NvLCB0b2RvcyBzZSBkaXNwZXJzYXJhbS4KVW1hIGVxdWlwZSBmb2kgaW52ZXN0aWdhciBwZXNzb2FzIGRhIElsdXNpw7NuIG5hIHNhdW5hIGUgdm9sdG91IHDDoWxpZGEsIGRpemVuZG8gcXVlIF4wMDAwQ0Row6EgYWxnbyBlc3RyYW5ob14wMDAwMDAu,,W0x1a2llXQpBw7puIG5vIHNhYmVtb3MgcXXDqSBlcywgcGVyby4uLiBDb21vIHVzdGVkIHNhYmUsIHRyb3RhbXVuZG9zLCBlbiBjdWFudG8gZW50cmFtb3MgZW4gbGEgbWFuc2nDs24gdG9kb3Mgc2UgZGlzcGVyc2Fyb24gcGFyYSByZWNvbm9jZXIgbGFzIGluc3RhbGFjaW9uZXMuCkVsIGdydXBvIGRlIGV4cGxvcmFjacOzbiBxdWUgc2FsacOzIGEgY29tcHJvYmFyIHNpIHF1ZWRhYmFuIHJlc3RvcyBkZSBJbGx1c2lvbiBlbiBsb3MgYmHDsW9zIHZvbHZpw7MgcMOhbGlkby4gRGljZW4gcXVlIF4wMDAwQ0RoYXkgYWxnbyBlbiBsb3MgYmHDsW9zXjAwMDAwMC4=
1ebOBw,,SXQgaXMgbm90IGEgZ2hvc3QsIGJ1dCBhIGNvbnNwaXJhY3kgc3Vycm91bmRpbmcgdGhlIG1hbnNpb24h,,,,,TsOjbyBhY3JlZGl0byBlbSBmYW50YXNtYXMh,,Tm8gc2Vyw6EgdW4gZmFudGFzbWEsIHNpbm8gdW5hIGNvbnNwaXJhY2nDs24gcXVlIHJvZGVhIGxhIG1hbnNpw7NuLg==
1ubOBw,,SXQgaXMgYSBnaG9zdCEgSXQgaGFzIHRvIGJlIQ==,,,,,w4kgZmFudGFzbWEgc2ltIQ==,,wr9FcyB1biBmYW50YXNtYT8gwqFUaWVuZSBxdWUgc2VyIHVuIGZhbnRhc21hIQ==
1+bOBw,,VGhlcmUgaXMgc29tZXRoaW5nLiBUaGF0IGlzIHF1aXRlIGEgZnJpZ2h0ZW5pbmcgdGhpbmcgdG8gc2F5LiBJdCBpcyB0aHJpbGxpbmcgYXMgd2VsbC4=,,,,,QXTDqSBhcnJlcGllaSE=,,SGF5IGFsZ28uIFF1w6kgZnJhc2UgdGFuIGF0ZXJyYWRvcmEuIFRhbWJpw6luIGVtb2Npb25hLg==
2ObOBw,,W1Jvb2tpZV0KV2UgbmVlZCB0byBkZXRlcm1pbmUgd2hldGhlciBzb21ldGhpbmcgdHJ1bHkgYXBwZWFycyBvciBpZiBpdCBpcyBhbm90aGVyIHN0cmFuZ2UgdHJpY2sgYnkgSWxsdXNpb24sIHNvIHRoaXMgdGltZSBeMDAwMENER29uaSB3ZW50IGluXjAwMDAwMC4gVGhlcmUgaXMgbm8gb25lIGJldHRlciBzdWl0ZWQgdG8gbW92ZSBxdWlldGx5IGFsb25lLg==,,,,,W0x1a2llXQpQcmVjaXPDoXZhbW9zIGNvbmZpcm1hciBzZSBhIElsdXNpw7NuIGVzdMOhIGVudm9sdmlkYSBuaXNzbywgZW50w6NvLCBeMDAwMENER29uaWUgZm9pIGludmVzdGlnYXJeMDAwMDAwLiBFbGUgw6kgaWRlYWwgZW0gc2UgbW92ZXIgc296aW5obyBlIGVtIHNpbMOqbmNpby4=,,W0x1a2llXQpDb21vIGRlYmVtb3MgYXZlcmlndWFyIHNpIGRlIHZlcmRhZCBhcGFyZWNpw7MgYWxnbyBvIHNpIGVzIGFsZ3VuYSBleHRyYcOxYSBicm9tYSBkZSBJbGx1c2lvbiwgZXN0YSB2ZXogZnVlIF4wMDAwQ0RHb25pXjAwMDAwMC4gRXMgcGVyZmVjdG8gcGFyYSBtb3ZlcnNlIGVuIHNpbGVuY2lvIGEgc29sYXMu
2ebOBw,,VGhlbiB3aGVyZSBpcyBoZS4uLj8=,,,,,RSBjYWTDqiBlbGUuLi4/,,UGVybyDCv3BvciBxdcOpIGFxdcOtLi4uPw==
2ubOBw,,W1Jvb2tpZV0KV2VsbC4uLiBJdCBoYXMgYmVlbiBxdWl0ZSBzb21lIHRpbWUgc2luY2UgR29uaSBlbnRlcmVkLCBhbmQgdGhlcmUgaGFzIGJlZW4gbm8gc2lnbiBvZiByZXR1cm4uIElmIHNvbWVvbmUgb2YgR29uaSdzIGNhcGFiaWxpdHkgZG9lcyBub3QgY29tZSBiYWNrIHdpdGhpbiB0aGUgZXhwZWN0ZWQgdGltZSwgaXQgbWVhbnMgYSBwcm9ibGVtIGhhcyBvY2N1cnJlZC4=,,,,,W0x1a2llXQpCZW0uLi4gasOhIGZheiB1bSBib20gdGVtcG8gZGVzZGUgcXVlIGVsZSBhaW5kYSBuw6NvIHNhaXUuIFNlIGVsZSBuw6NvIHJldG9ybmEgZGVudHJvIGRvIHRlbXBvLWxpbWl0ZSwgc2lnbmlmaWNhIHF1ZSBob3V2ZSB1bSBwcm9ibGVtYS4=,,W0x1a2llXQpFc28gZXMgcXVlLi4uIEhhIHBhc2FkbyBiYXN0YW50ZSB0aWVtcG8gZGVzZGUgcXVlIEdvbmkgZW50csOzIHkgbm8gaGEgc2FsaWRvLiBTaSBhbGd1aWVuIGNvbiBsYSBjYXBhY2lkYWQgZGUgR29uaSBubyBzYWxlIGluY2x1c28gZGVzcHXDqXMgZGUgcXVlIHBhc2UgZWwgdGllbXBvIGzDrW1pdGUsIHNpZ25pZmljYSBxdWUgaGEgb2N1cnJpZG8gdW4gcHJvYmxlbWEu
2+bOBw,,W1Jvb2tpZV0KSXQgaXMgY2VydGFpbiB0aGF0IHRoZXJlIGlzIGFuIHVuaWRlbnRpZmllZCBoYXphcmQsIHNvIHdlIGNhbWUgdG8gZGV0ZXJtaW5lIHdoYXQgaXQgaXMgYWNjb3JkaW5nIHRvIHByb2NlZHVyZS4gV2UgY2Fubm90IGFsbG93IGFuIHVua25vd24gdGhyZWF0IHRvIGludGVyZmVyZSB3aXRoIG91ciBtaXNzaW9uIGluIHRoaXMgbWFuc2lvbi4=,,,,,W0x1a2llXQpTYWJlbW9zIHF1ZSBleGlzdGUgdW0gcGVyaWdvc28sIGVudMOjbyB2aWVtb3MgaWRlbnRpZmljw6EtbG8uIE7Do28gcG9kZW1vcyBwZXJtaXRpciBxdWUgdW0gcmlzY28gZGVzY29uaGVjaWRvIGludGVyZmlyYSBuYSBtaXNzw6NvLg==,,W0x1a2llXQpFcyBzZWd1cm8gcXVlIGhheSB1biBmYWN0b3IgZGUgcmllc2dvIGRlc2Nvbm9jaWRvLCBhc8OtIHF1ZSwgc2lndWllbmRvIGVsIHByb2NlZGltaWVudG8sIGhlbW9zIHZlbmlkbyBhIGF2ZXJpZ3VhciBxdcOpIGVzIGVsIG9iamV0byBwZWxpZ3Jvc28uIE5vIHBvZGVtb3MgcGVybWl0aXIgcXVlIHVuIGZhY3RvciBkZSByaWVzZ28gZGVzY29ub2NpZG8gaW50ZXJmaWVyYSBjb24gbGEgbWlzacOzbiBlbiBlc3RhIG1hbnNpw7NuLg==
3ObOBw,,RG8geW91IHRoaW5rIHRoZXJlIHJlYWxseSBpcyBzb21ldGhpbmc/,,,,,U2Vyw6EgcXVlIHJlYWxtZW50ZSBleGlzdGUgdW0gcGVyaWdvPw==,,wr9EZSB2ZXJkYWQgaGFicsOhIGFsZ28/
3ebOBw,,W1Jvb2tpZV0KVGhlIGRlcGxveWVkIGFzc2V0IGhhcyBiZWVuIGxvc3QuLi4gc28gd2UgbXVzdCBwcm9jZWVkIHdpdGggZXZlbiBncmVhdGVyIGNhdXRpb24uIEFzIHlvdSBjYW4gc2VlLCB0aGV5IGFyZSBibG9ja2luZyB1cy4=,,,,,W0x1a2llXQpQZXJkZW1vcyBjb250YXRvIGNvbSBlbGUuLi4gZW50w6NvIHF1ZXJlbW9zIGVudHJhciwgbWFzcy4uLiBjb21vIHBvZGUgdmVyLCBlc3TDo28gbm9zIGltcGVkaW5kby4=,,W0x1a2llXQpMYSBmdWVyemEgZGVzcGxlZ2FkYSBoYSBzdWZyaWRvIHDDqXJkaWRhcy4uLiBhc8OtIHF1ZSBkZWJlbW9zIHNlciBhw7puIG3DoXMgY2F1dGVsb3Nvcy4gUGVybywgY29tbyB2ZSwgbm9zIGVzdMOhbiBibG9xdWVhbmRvLg==
3ubOBw,,SXMgR29uaSBtZXJlbHkgYSBkZXBsb3llZCBhc3NldD8gWW91IHNheSBsb3N0LCB5ZXQgeW91IHJlbWFpbiBzbyBjYWxtIGV2ZW4gbm93Lg==,,,,,TsOjbyB2YW1vcyBhYmFuZG9uYXIgR29uaWUh,,wr9Hb25pIGVzIHNvbG8gdW5hIGZ1ZXJ6YSBkZXNwbGVnYWRhPyBEaWNlcyBxdWUgc3VmcmnDsyBww6lyZGlkYXMuLi4gRXJlcyBkZW1hc2lhZG8gZnLDrW8gaW5jbHVzbyBlbiBlc3RhIHNpdHVhY2nDs24u
3+bOBw,,R29uaSBpcyBhbGl2ZS4gSSBoYXZlIGEgZmVlbGluZy4=,,,,,RXNwZXJvIHF1ZSBlc3RlamEgdml2byE=,,RXN0w6Egdml2byB5IGJpZW4uIE1pIGluc3RpbnRvIG1lIGxvIGRpY2Uu
4ObOBw,,TGV0IHVzIGdvIGluIHF1aWNrbHkgYW5kIGZpbmQgR29uaS4gV2l0aCB0aGUgQWR2ZW50dXJlciBoZXJlLCB3ZSBjYW4gZmluZCBHb25pIGZhc3RlciE=,,,,,VmFtb3MgZm9yw6dhciBhIGVudHJhZGEh,,RW50cmVtb3MgcsOhcGlkbyB5IGJ1c3F1w6ltb3Nsby4gwqFDb21vIHRhbWJpw6luIHZpbm8gZWwgdHJvdGFtdW5kb3MsIHBvZHJlbW9zIGVuY29udHJhcmxvIG3DoXMgcsOhcGlkbyE=
4ebOBw,,W1NjcnViYnldCldlIGFwb2xvZ2l6ZS4gVGhlIHNlYXJjaCBpcyBjdXJyZW50bHkgdW5kZXJ3YXkuIFBsZWFzZSB3YWl0IGZvciB0aGUgcmVzdWx0cyBhbmQgdGhlbiBtYWtlIHlvdXIgZGVjaXNpb24u,,,,,W0VzZnJpZ2FdClBlZGltb3MgZGVzY3VscGFzLiBOb3NzYSBlcXVpcGUgZGUgYnVzY2EgZXN0w6EgZW0gYW5kYW1lbnRvOyBhZ3VhcmRlbSBvIHTDqXJtaW5vIGUgZW50w6NvIGRlY2lkYW0gYXDDs3Mgb3V2aXIgbyByZXN1bHRhZG8u,,W0V4Zm9saWFkb3JdCkxvIHNpZW50by4gQWhvcmEgZXN0YW1vcyByZWdpc3RyYW5kbywgYXPDrSBxdWUgY3VhbmRvIHRlcm1pbmUsIGVzY3VjaGUgZWwgcmVzdWx0YWRvIHkgZGVjaWRhLg==
4ubOBw,,W1Jvb2tpZV0KVGhlcmUgaXMgY2VydGFpbmx5IGEgaGF6YXJkIHdpdGhpbiB0aGlzIG1hbnNpb24gcmlnaHQgbm93LiBXaGV0aGVyIGl0IGlzIG9ubHkgdGhhdCBvciBzb21ldGhpbmcgbW9yZSBpcyBhIG1hdHRlciBvZiBncmVhdCBpbXBvcnRhbmNlIHRvIHVzLg==,,,,,W0x1a2llXQpIw6EgZGVmaW5pdGl2YW1lbnRlIGFsZ28gZXN0cmFuaG8gZGVudHJvIGRlc3NhIHNhdW5hLiBTYWJlciBvIHF1ZSDDqSBzaWduaWZpY2EgbXVpdG8gcGFyYSBuw7NzLg==,,W0x1a2llXQpBaG9yYSBtaXNtbywgZW4gZXN0YSBtYW5zacOzbiBoYXkgc2luIGR1ZGEgdW4gZmFjdG9yIGRlIHJpZXNnby4gU2kgZXMgc29sbyBlc28gbyBzaSBoYXkgYWxnbyBtw6FzLCBwYXJhIG5vc290cm9zIGVzIHVuIGFzdW50byBtdXkgaW1wb3J0YW50ZS4=
4+bOBw,,W1Jvb2tpZV0KV2UgbXVzdCBmaXJzdCBjb25maXJtIHdoZXRoZXIgdGhhdCBkYW5nZXIgaXMgc3VwZXJuYXR1cmFsIG9yIF4wMDAwQ0RJbGx1c2lvbl4wMDAwMDAuIFNoYWxsIEkgZWxhYm9yYXRlPyBJdCBpcyBwb3NzaWJsZSB0aGF0IElsbHVzaW9uIGNhbWUgdG8gdGhpcyBtYW5zaW9uIHByZWNpc2VseSBiZWNhdXNlIG9mIHRoYXQgaGF6YXJkLgpFdmVuIGlmIG5vdCwgdGhlcmUgaXMgYSBwb3NzaWJpbGl0eSBpdCBjb3VsZCBmYWxsIGludG8gSWxsdXNpb24ncyBoYW5kcy4=,,,,,W0x1a2llXQpQcmltZWlybywgcHJlY2lzYW1vcyBjb25maXJtYXIgc2UgZXNzZSBwZXJpZ28gw6kgc29icmVuYXR1cmFsIG91IHNlIMOpIGEgXjAwMDBDRElsdXNpw7NuXjAwMDAwMC4gUGlvciEgUG9kZSBzZXIgcXVlIGEgSWx1c2nDs24gdGVuaGEgdmluZG8gYXRyw6FzIGRlc3NlIHNlciBzb2JyZW5hdHVyYWwuCk91IGVudMOjbywgaMOhIGEgY2hhbmNlIGRlIHF1ZSBpc3NvIGNhaWEgbmFzIG3Do29zIGRhIElsdXNpw7NuLg==,,W0x1a2llXQpQcmltZXJvIGRlYmVtb3MgY29uZmlybWFyIHNpIGVzZSBwZWxpZ3JvIGVzIGFsZ28gc29icmVuYXR1cmFsIG8gc2kgZXMgXjAwMDBDRElsbHVzaW9uXjAwMDAwMC4gwr9RdWllcmUgcXVlIGRpZ2EgbcOhcz8gUHVlZGUgcXVlLCBwb3IgZXNlIGZhY3RvciBkZSByaWVzZ28sIElsbHVzaW9uIGhheWEgdmVuaWRvIGEgZXN0YSBtYW5zacOzbiBwYXJhIGlyIHRyYXMgZWxsby4KWSBhdW5xdWUgbm8gc2VhIGFzw60sIGV4aXN0ZSBsYSBwb3NpYmlsaWRhZCBkZSBxdWUgZXNvIGNhaWdhIGVuIG1hbm9zIGRlIElsbHVzaW9uLg==
5ObOBw,,W1NjcnViYnldCkkgZnVsbHkgdW5kZXJzdGFuZCB3aGF0IHlvdSBhcmUgc2F5aW5nLiBIb3dldmVyLCBwcm9jZWR1cmUuLi4KQWghIEl0IHNlZW1zIHRob3NlIHdobyB3ZW50IHRvIHNlYXJjaCBoYXZlIHJldHVybmVkLiBQbGVhc2Ugc3BlYWsgd2l0aCB0aGVtLg==,,,,,W0VzZnJpZ2FdCkNvbXByZWVuZG8gbyBxdWUgZGl6LiBDb250dWRvLCBvIHByb2NlZGltZW50by4uLgpPcGEhIFBhcmVjZSBxdWUgbm9zc2EgZXF1aXBlIHZvbHRvdS4gQ29udmVyc2VtIGNvbSBlbGFzLg==,,W0V4Zm9saWFkb3JdCkVudGllbmRvIHBlcmZlY3RhbWVudGUgbG8gcXVlIGRpY2UuIFNpbiBlbWJhcmdvLCBlbCBwcm9jZWRpbWllbnRvLi4uCsKhQWghIEp1c3RvIGRpY2VuIHF1ZSB2aWVuZW4gbG9zIHF1ZSBmdWVyb24gYSByZWdpc3RyYXIuIEhhYmxlIGNvbiBlbGxvcy4=
5ebOBw,,W0JvaWxhXQpXcm9uZy4gQWxsIHdyb25nLiBUaGVyZSBpcyBub3RoaW5nIGRhbmdlcm91cyBhbnl3aGVyZS4=,,,,,W0NhbGRpcmFdCkVycmFkbywgdHVkbyBlcnJhZG8hIE7Do28gaMOhIG5hZGEgcGVyaWdvc28gbMOhIGRlbnRyby4=,,W0NhbGRlcmFdCk5vLCBlc3TDoSBtYWwsIHRvZG8gZXN0w6EgbWFsLiDCv0TDs25kZSB2YSBhIGhhYmVyIGFsZ28gcGVsaWdyb3NvPw==
5ubOBw,,W1N3aXNoaWVdClRoZXJlIHdhcyBubyBtaXNzaW5nIGd1ZXN0IGVpdGhlci4gRGlkIGFueW9uZSB0cnVseSBlbnRlcj8=,,,,,W1ZhaGlkYV0KVGFtYsOpbSBuw6NvIGhhdmlhIG5lbmh1bSBow7NzcGVkZSBkZXNhcGFyZWNpZG8uIFNlcsOhIHF1ZSBlbGUgcmVhbG1lbnRlIGVudHJvdT8=,,W1N3aXNoaWVdClRhbXBvY28gaGFiw61hIG5pbmfDum4gaHXDqXNwZWQgcXVlIHNlIGRpamVyYSBxdWUgaGFiw61hIGRlc2FwYXJlY2lkby4gwr9EZSB2ZXJkYWQgZXMgY2llcnRvIHF1ZSBlbnRyw7M/
5+bOBw,,Tm8hIEhvdyBjb3VsZCB5b3Ugbm90IGtub3cgYWJvdXQgYSBkYW5nZXIgd2l0aGluIHdoYXQgeW91IG1hbmFnZSE=,,,,,Q29tbyBhc3NpbT8h,,wqFOb29vISDCocK/Q8OzbW8/ISDCocK/Q8OzbW8gcHVlZGVuIG5vIHNhYmVyIHNpcXVpZXJhIGVsIHBlbGlncm8gcXVlIGhheSBlbiBsbyBxdWUgdXN0ZWRlcyBhZG1pbmlzdHJhbj8h
6ObOBw,,TW9yZSB0aGFuIG9uZSBwZXJzb24gc2F3IGl0Lg==,,,,,TWFpcyBkZSB1bWEgcGVzc29hIHZpdSE=,,Tm8gaGFuIHNpZG8gdW5hIG8gZG9zIHBlcnNvbmFzIGxhcyBxdWUgbG8gaGFuIHZpc3RvLg==
6ebOBw,,W1Jvb2tpZV0KQXJlIHlvdSBjZXJ0YWluIHRoZXJlIHdhcyBubyBtaXNzaW5nIHBlcnNvbiBpbnNpZGU/,,,,,W0x1a2llXQpSZWFsbWVudGUgbsOjbyBoYXZpYSBuZW5odW0gZGVzYXBhcmVjaWRvIGzDoSBkZW50cm8/,,W0x1a2llXQrCv0RlIHZlcmRhZCBubyBoYWLDrWEgbmluZ8O6biBkZXNhcGFyZWNpZG8gYWjDrSBkZW50cm8/
6ubOBw,,W1N3aXNoaWVdCkNvdWxkIHRoZXkgaGF2ZSBmbGVkPw==,,,,,W1ZhaGlkYV0KU2Vyw6EgcXVlIG7Do28gZnVnaXU/,,W1N3aXNoaWVdCsK/WSBzaSBubyBzZSBoYWJyw6EgZGFkbyBhIGxhIGZ1Z2E/
6+bOBw,,SGF2ZSB5b3UgYmVlbiBkZWNlaXZlZCBhbGwgeW91ciBsaWZlPw==,,,,,Vm9jw6ogbsOjbyBzZSBlbmdhbm91Pw==,,wr9IYXMgdml2aWRvIGVuZ2HDsWFkbyB0b2RvIGVzdGUgdGllbXBvPw==
7ObOBw,,W1Jvb2tpZV0KSWYgdGhhdCB3ZXJlIHRoZSBjYXNlLCB0aGV5IHdvdWxkIGhhdmUgcmV0dXJuZWQgbG9uZyBhZ28uIEV2ZW4gaWYgbm90LCB3ZSB3b3VsZCBoYXZlIHJlY2VpdmVkIHdvcmQgZnJvbSBvdXIgbWVtYmVycyBzdGF0aW9uZWQgZGVuc2VseSBhcm91bmQgdGhlIG1hbnNpb24u,,,,,W0x1a2llXQpTZSB0aXZlc3NlIGZ1Z2lkbywgdGVyaWEgcmV0b3JuYWRvIHBhcmEgbsOzcy4gTm9zc29zIG1lbWJyb3MgasOhIHRlcmlhbSBpbmZvcm1hZG8u,,W0x1a2llXQpTaSBodWJpZXJhIHNpZG8gYXPDrSwgaGFicsOtYSB2dWVsdG8gaGFjZSB0aWVtcG8uIFkgYXVucXVlIG5vIGZ1ZXJhIGVzbywgbm9zIGhhYnLDrWEgbGxlZ2FkbyBhdmlzbyBkZSBudWVzdHJvcyBtaWVtYnJvcyBkZXNwbGVnYWRvcyBkZW5zYW1lbnRlIGFscmVkZWRvciBkZSBsYSBtYW5zacOzbi4=
7ebOBw,,RG8geW91IGhhdmUgYW55IHN1c3BpY2lvbnM/,,,,,TyBxdWUgdm9jw6pzIHN1c3BlaXRhbT8=,,wr9IYXkgYWxndW5hIHNpdHVhY2nDs24gcXVlIHNvc3BlY2hlbj8=
7ubOBw,,W1NjcnViYnldCkFtb25nIHdoYXQgeW91IGhhdmUgc2FpZCwgdGhlIG1vc3Qgc3VzcGljaW91cyBwb3NzaWJpbGl0eSB3b3VsZCBiZSB0aGUgYWN0aW9uIG9mIGFuIGludHJ1ZGVyLg==,,,,,W0VzZnJpZ2FdCkVudHJlIGFzIHBvc3NpYmlsaWRhZGVzIG1lbmNpb25hZGFzLCBhIGHDp8OjbyBkZSB1bSBpbnRydXNvIMOpIGEgbWFpcyBhZ3JhdmFudGUu,,W0V4Zm9saWFkb3JdCkRlIGxvIHF1ZSBoYSBtZW5jaW9uYWRvLCBsbyBtw6FzIHNvc3BlY2hvc28gcGFyZWNlIHNlciBvYnJhIGRlIHVuIGludHJ1c28u
7+bOBw,,W0JvaWxhXQpTY3J1YmJ5LCBjb3VsZCBpdCBiZSByZWxhdGVkIHRvIHRoYXQgdmVyeSBsb25nLCBkYXJrIGdyZWVuIF4wMDAwQ0RIYWlyXjAwMDAwMD8gSXQgaGFzIGJlZW4gYXBwZWFyaW5nIGZvciBhIHZlcnkgbG9uZyB0aW1lLg==,,,,,W0NhbGRpcmFdCkVzZnJpZ2EsIHNlcsOhIHF1ZSBlcmEgYXF1ZWxlIF4wMDAwQ0RjYWJlbG9eMDAwMDAwPyBUZW0gdW5zIHRlbXBvcyBxdWUgdW0gY2FiZWxvIG11aXRvIGxvbmdvLCBkZSB2ZXJkZSBpbnRlbnNvLCBmaWNhIGFwYXJlY2VuZG8u,,W0NhbGRlcmFdCkV4Zm9saWFkb3IsIMK/bm8gc2Vyw6EgZXNvPyBeMDAwMENEQ2FiZWxsb14wMDAwMDAuIFVuIGNhYmVsbG8gdmVyZGUgb3NjdXJvLCBtdXkgbGFyZ28uIExsZXZhIGFwYXJlY2llbmRvIGRlc2RlIGhhY2UgbXVjaMOtc2ltbyB0aWVtcG8u
8ObOBw,,SGFpci4uLiBUaGF0IGlzIHBvc3NpYmxlLg==,,,,,Q2FiZWxvIHZlcmRlLi4uPyDDiSBwb3Nzw612ZWwu,,Q2FiZWxsby4uLiB0YW1iacOpbiBlcyBwb3NpYmxlLiBObyBjb2luY2lkZSBjb24gbmFkYSBkZSBsbyBxdWUgaGF5IGVuIGVsIGJhw7FvLg==
8ebOBw,,SGFpcj8=,,,,,Q2FiZWxvIHZlcmRlPw==,,wr9DYWJlbGxvPw==
8ubOBw,,W1NjcnViYnldCkp1c3QgYXMgQm9pbGVyIHNhaWQuIEZvciBhIGxvbmcgdGltZSwgaGFpciBvZiB1bmtub3duIG9yaWdpbiBoYXMgb2NjYXNpb25hbGx5IGJlZW4gZGlzY292ZXJlZC4gSXQgaXMgcHJlc3VtZWQgdGhhdCB0aGlzIGhhaXIgbWF5IGJlIGlkZW50aWNhbCB0byB0aGUgaGF6YXJkIHdpdGhpbiB0aGUgYmF0aGhvdXNlLg==,,,,,W0VzZnJpZ2FdCkNvbW8gZGlzc2UgQ2FsZGlyYSwgaMOhIG11aXRvIHRlbXBvLCBjYWJlbG9zIGRlIG9yaWdlbSBkZXNjb25oZWNpZGEgYXBhcmVjZW0gZGUgdmV6IGVtIHF1YW5kby4gU3Vwb21vcyBxdWUgZXNzZSBjYWJlbG8gcG9zc2Egc2VyIGEgb3JpZ2VtIGRvIGZhbnRhc21hIGRlc3RhIHNhdW5hLg==,,W0V4Zm9saWFkb3JdClRhbCBjb21vIGRpY2UgQ2FsZGVyYS4gRGVzZGUgaGFjZSBtdWNow61zaW1vIHRpZW1wbywgYSB2ZWNlcyBzZSBoYSBlbmNvbnRyYWRvIGNhYmVsbG8gY3V5byBvcmlnZW4gc2UgZGVzY29ub2NlLiBTZSBzb3NwZWNoYSBxdWUgZXNlIGNhYmVsbG8geSBlbCBmYWN0b3IgZGUgcGVsaWdybyBkZSBlc3RlIGJhw7FvIHBvZHLDrWFuIHNlciBsbyBtaXNtby4=
8+bOBw,,V2h5IG1lbnRpb24gdGhhdCBvbmx5IG5vdz8=,,,,,U8OzIGFnb3JhIHZvY8OqcyBmYWxhbSBpc3NvPw==,,wr9ZIHBvciBxdcOpIGRpY2VzIGVzbyByZWNpw6luIGFob3JhPw==
9ObOBw,,WW91IHNhaWQgeW91IGRpZCBub3Qga25vdyB0aGUgaGF6YXJkLg==,,,,,Vm9jw6pzIGRpemlhbSBxdWUgbsOjbyBzYWJpYW0gcXVhbCBlcmEgbyBwZXJpZ28h,,RGVjw61hcyBxdWUgbm8gY29ub2PDrWFzIGVsIGZhY3RvciBkZSBwZWxpZ3JvLg==
9ebOBw,,W1N3aXNoaWVdCkl0IG1heSBiZSBiZXN0IHRvIGFsbG93IHRoZSBodW1hbiBndWVzdHMgdG8gZW50ZXIgYW5kIGNvbmR1Y3QgdGhlIHNlYXJjaCB0aGVtc2VsdmVzLgpXZSB3ZXJlIHVuYWJsZSB0byBkZXRlY3QgYW55IGRhbmdlciwgbm9yIGRpZCB3ZSBmaW5kIHRoZSBodW1hbiBndWVzdC4gUGVyaGFwcyBiZWNhdXNlIHdlIGFyZSBub3QgaHVtYW4sIHRoZXJlIGFyZSB0aGluZ3Mgd2UgY2Fubm90IHNlbnNlIG9yIGZpbmQu,,,,,W1ZhaGlkYV0KVGFsdmV6IHNlamEgbWVsaG9yIGF1dG9yaXphciBhIGVudHJhZGEgcGFyYSBxdWUgZWxlcyBpbnZlc3RpZ3VlbS4KTsOjbyBkZXRlY3RhbW9zIHBlcmlnbyBhbGd1bSBuZW0gZW5jb250cmFtb3MgbyB2aXNpdGFudGUgaHVtYW5vLiBUYWx2ZXosIHBvciBuw6NvIHNlcm1vcyBodW1hbmFzLCBuw6NvIGNvbnNpZ2Ftb3Mgc2VudGlyIGFsZ28u,,W1N3aXNoaWVdClBhcmVjZSBxdWUgc2Vyw61hIG1lam9yIGRlamFyIGVudHJhciBhIGh1w6lzcGVkZXMgaHVtYW5vcyB5IHF1ZSByZWdpc3RyZW4gZGlyZWN0YW1lbnRlLgpOb3NvdHJvcyBuaSBkZXRlY3RhbW9zIGVsIHBlbGlncm8gbmkgZW5jb250cmFtb3MgYWwgaHXDqXNwZWQgaHVtYW5vLiBUYWwgdmV6IHNlYSBwb3JxdWUgbm8gc29tb3MgaHVtYW5vcyB5IG5vIHBvZGVtb3Mgc2VudGlybG8gbyBlbmNvbnRyYXJsby4=
9ubOBw,,W0JvaWxhXQpJbmRlZWQuIEh1bWFucyBwb3NzZXNzIHNlbnNlcy4gVGhleSBtYXkgZmluZCB3aGF0IHdlIEF1dG9tYXRhIG92ZXJsb29rLiBQZXJoYXBzIHRoaXMgdGltZSB3ZSBtYXkgZXZlbiB1bmNvdmVyIHRoZSB0cnVlIGlkZW50aXR5IG9mIHRoYXQgaGFpci4=,,,,,W0NhbGRpcmFdCkRlIGZhdG8uIEh1bWFub3MgcG9zc3VlbSBzZW50aWRvcy4gVGFsdmV6IGVuY29udHJlbSBvIHF1ZSBuw7NzLCBBdXTDtG1hdGFzLCBkZWl4YW1vcyBwYXNzYXIuIFF1ZW0gc2FiZSBkZXN0YSB2ZXogZGVzY29icmltb3MgbWFpcyBzb2JyZSBhcXVlbGUgY2FiZWxvLg==,,W0NhbGRlcmFdCkVzIGNpZXJ0by4gTG9zIGh1bWFub3MgdGllbmVuIGVzbyBxdWUgbGxhbWFuIHNlbnRpZG9zLiBQdWVkZSBxdWUgZW5jdWVudHJlbiBsbyBxdWUgbm9zb3Ryb3MsIGF1dMOzbWF0YXMsIHBhc2Ftb3MgcG9yIGFsdG8uIFF1aXrDoSBlc3RhIHZleiBwb3IgZmluIHBvZGFtb3MgZGVzY3VicmlyIHRhbWJpw6luIGxhIHZlcmRhZGVyYSBpZGVudGlkYWQgZGUgZXNlIGNhYmVsbG8u
9+bOBw,,W1N3aXNoaWVdCldlIGhlYXJkIHRoZSBjaGFyYWN0ZXJpc3RpY3Mgb2YgdGhlIG1pc3NpbmcgcGVyc29uLCBidXQgdGhlIGh1bWFuIGd1ZXN0cyBsaWtlbHkga25vdyBldmVuIG1vcmUgZGlzdGluZ3Vpc2hpbmcgdHJhaXRzLg==,,,,,W1ZhaGlkYV0KT3MgaMOzc3BlZGVzIHByb3ZhdmVsbWVudGUgY29uaGVjZW0gbWVsaG9yIG8gcmFwYXogcXVlIGRlc2FwYXJlY2V1Lg==,,W1N3aXNoaWVdCkhlbW9zIG/DrWRvIGxhcyBjYXJhY3RlcsOtc3RpY2FzIGRlbCBkZXNhcGFyZWNpZG8sIHBlcm8gbG9zIGh1w6lzcGVkZXMgaHVtYW5vcyBzZWd1cmFtZW50ZSBjb25vY2Vyw6FuIG3DoXMgcmFzZ29zIHF1ZSBwdWVkYW4gbm90YXIgbWVqb3Iu
+ObOBw,,U28gdGhlcmUgYXJlIEF1dG9tYXRhIGhlcmUgdGhhdCBjYW4gdGhpbmsu,,,,,RmluYWxtZW50ZSBhbGd1w6ltIHF1ZSBwZW5zYSE=,,VmF5YSwgYXF1w60gdGFtYmnDqW4gaGFiw61hIHVuIGF1dMOzbWF0YSBxdWUgc2FiZSBwZW5zYXIu
+ebOBw,,W1NjcnViYnldCi4uLlRoYXQgaXMgYSByZWFzb25hYmxlIHBvaW50LiBWZXJ5IHdlbGwuCldlIHdpbGwgbm93IG9wZW4gdGhlIGJhdGhob3VzZSB0byB0aGUgZ3Vlc3RzLiBBcyB0aGVyZSBhcmUgY2lyY3Vtc3RhbmNlcyBhbmQgdGVzdGltb25pZXMgc3VnZ2VzdGluZyB0aGUgcHJlc2VuY2Ugb2YgYW4gdW5pZGVudGlmaWVkIGJlaW5nLCBwbGVhc2UgZXhlcmNpc2UgdXRtb3N0IGNhdXRpb24gZHVyaW5nIHRoZSBzZWFyY2gu,,,,,W0VzZnJpZ2FdCi4uLiDDiSB1bSBhcmd1bWVudG8gdsOhbGlkby4gTXVpdG8gYmVtLgpBIHBhcnRpciBkZSBhZ29yYSwgYWJyaXJlbW9zIGEgc2F1bmEuIEjDoSB0ZXN0ZW11bmhvcyBxdWUgaW5kaWNhbSBhIHBvc3PDrXZlbCBwcmVzZW7Dp2EgZGUgdW1hIGVudGlkYWRlIG7Do28gaWRlbnRpZmljYWRhLCBwb3J0YW50byB0ZW5oYW0gY3VpZGFkby4=,,W0V4Zm9saWFkb3JdCi4uLi4uLlRpZW5lIHNlbnRpZG8uIERlIGFjdWVyZG8uCkEgcGFydGlyIGRlIGFob3JhLCBhYnJpcmVtb3MgZWwgYmHDsW8gYSBsb3MgaHXDqXNwZWRlcy4gSGF5IGluZGljaW9zIHkgdGVzdGltb25pb3MgcXVlIGhhY2VuIHNvc3BlY2hhciBsYSBwcmVzZW5jaWEgZGUgdW5hIGNyaWF0dXJhIG5vIGlkZW50aWZpY2FkYSwgYXPDrSBxdWUgbGVzIHJvZ2Ftb3MgZXh0cmVtYXIgbGFzIHByZWNhdWNpb25lcyBkdXJhbnRlIGxhIGLDunNxdWVkYS4=
+ubOBw,,W1NjcnViYnldCklmIHlvdSB3aXRuZXNzIGEgTXV0YW50IENyZWF0dXJlIHdoaWxlIHVzaW5nIHRoZSBmYWNpbGl0eSwgZG8gbm90IG1ha2UgY29udGFjdCByYXNobHkgYW5kIGluZm9ybSBhIG5lYXJieSBhdHRlbmRhbnQuIEFkZGl0aW9uYWxseSwgcGxlYXNlIG5vdGlmeSB1cyBpZiB5b3UgcmVxdWlyZSBhc3Npc3RhbmNlIHVwb24gZGlzY292ZXJpbmcgdGhlIG1pc3NpbmcgcGVyc29uLg==,,,,,W0VzZnJpZ2FdClNlIGF2aXN0YXJlbSBhbGdvIGRlc2NvbmhlY2lkbywgbsOjbyBzZSBhcHJveGltZW0gZSBpbmZvcm1lbSB1bWEgZnVuY2lvbsOhcmlhIHByw7N4aW1hLiBDYXNvIGVuY29udHJlbSBvIGRlc2FwYXJlY2lkbyBlIHByZWNpc2VtIGRlIGFqdWRhLCB0YW1iw6ltIG5vcyBpbmZvcm1lbS4=,,W0V4Zm9saWFkb3JdClNpIGR1cmFudGUgZWwgdXNvIGxsZWdhbiBhIGF2aXN0YXIgYSBDcmlhdHVyYSBNdXRhbnRlLCBubyBlbnRyZW4gZW4gY29udGFjdG8gYSBsYSBsaWdlcmEgeSBhdmlzZW4gYWwgcGVyc29uYWwgY2VyY2Fuby4gQXNpbWlzbW8sIHNpIGFsIGVuY29udHJhciBhbCBkZXNhcGFyZWNpZG8gbmVjZXNpdGFuIGF5dWRhLCBow6FnYW5sbyBzYWJlci4=
++bOBw,,W1NjcnViYnldClRoZW4sIGFsbG93IG1lIHRvIGVzY29ydCB5b3UgaW5zaWRlLg==,,,,,W0VzZnJpZ2FdCkVudMOjbywgZW50cmVtIHBvciBhcXVpLg==,,W0V4Zm9saWFkb3JdCkVudG9uY2VzLCBsZXMgYWNvbXBhw7FhcsOpIGFsIGludGVyaW9yLg==
/ObOBw,,VGhleSB3ZXJlIGFyZ3VpbmcgYW1vbmcgdGhlbXNlbHZlcyBhbmQgc3VkZGVubHkgbWFkZSBhIGRlY2lzaW9uLg==,,,,,Qm9yYSB0cm9wYSEh,,U2UgcGVsZWFyb24gZW50cmUgdXN0ZWRlcyB5IGRlIHJlcGVudGUgeWEgbG8gZGVjaWRpZXJvbi4=
/ebOBw,,W1NjcnViYnldCkJlZm9yZSB5b3UgZW50ZXIsIHRoZXJlIGlzIG9uZSBtYXR0ZXIgdG8gaW5mb3JtIHlvdS4gQXQgTWVkaXRhdGlvIEJhdGhob3VzZSwgaW4gb3JkZXIgdG8gcHJvdGVjdCBhbmQgbWFpbnRhaW4gdGhlIGZhY2lsaXRpZXMsIHNraWxscyB0aGF0IHVzZSB3YXRlciwgc3VjaCBhcyBeRUUwMDAwV2F0ZXIgQmFsbCBhbmQgSG9seSBXYXRlciBDcmVhdGlvbl4wMDAwMDAsIGFyZSBwcm9oaWJpdGVkLgpXZSBhc2sgZm9yIHlvdXIgdW5kZXJzdGFuZGluZy4=,,,,,W0VzZnJpZ2FdCkFoLCBhbnRlcyBkZSBlbnRyYXIsIHVtIGF2aXNvLiBOYSBTYXVuYSBNZWRpdGF0aW8sIG8gdXNvIGRlIF5FRTAwMDBFc2ZlcmEgZCfDgWd1YSBlIEFxdWEgQmVuZWRpY3RhXjAwMDAwMCDDqSBwcm9pYmlkby4KQ29udGFtb3MgY29tIHN1YSBjb21wcmVlbnPDo28u,,W0V4Zm9saWFkb3JdCkFoLCBhbnRlcyBkZSBlbnRyYXIsIHF1aXNpZXJhIHBlZGlybGVzIGFsZ28uIEVuIGVzdGEgU2F1bmEgTWRpdGF0aW8sIHBhcmEgcHJvdGVnZXIgeSBhZG1pbmlzdHJhciBsYXMgaW5zdGFsYWNpb25lcywgZXN0w6FuIHByb2hpYmlkYXMgbGFzIGhhYmlsaWRhZGVzIHF1ZSB1c2FuIGFndWEsIGNvbW8gXkVFMDAwMFdhdGVyIEJhbGwgeSBDcmVhY2nDs24gZGUgQWd1YSBCZW5kaXRhXjAwMDAwMC4KTGVzIHBlZGltb3Mgc3UgY29tcHJlbnNpw7NuLg==
/ubOBw,,W01hZ2VudGFdClVtLi4uIHlvdSBrbm93LCBMdWNreS4gUGxlYXNlIGRvIG5vdCBtaXN1bmRlcnN0YW5kIG1lLiBXb3VsZCBpdCBub3QgYmUgYmV0dGVyIGZvciB5b3UgdG8gcmVtYWluIGhlcmU/,,,,,W01hZ2VudGFdCkVpLi4uICBMdWNreS4gSG0uLi4gbsOjbyBtZSBlbnRlbmRhIG1hbCwgbWFzLi4uIG7Do28gc2VyaWEgbWVsaG9yIHZvY8OqIGZpY2FyIGFxdWk/,,W01hZ2VudGFdCk95ZS4uLiB5YSBzYWJlcywgTHVraWUuIEVoLi4uIGVoLi4uIEVzY8O6Y2hhbWUgc2luIG1hbGludGVycHJldGFybWUuIMK/Tm8gY3JlZXMgcXVlIHNlcsOtYSBtZWpvciBxdWUgTHVraWUgc2UgcXVlZGFyYSBhcXXDrT8=
/+bOBw,,WWVzLCB0aGF0IGlzIHJpZ2h0LiBXZSB3aWxsIGxvb2sgZm9yIEdvbmkuIEl0IHdvdWxkIGJlIGJldHRlciBmb3IgeW91IHRvIHN0YXkgaGVyZS4=,,,,,TsOzcyBwcm9jdXJhbW9zIEdvbmllLiBWb2PDqiBmaWNhIGFxdWku,,U8OtLCBlc28gZXMuIE5vc290cm9zIGJ1c2NhcmVtb3MgYSBHb25pLiBTZXLDoSBtZWpvciBxdWUgdMO6IHRlIHF1ZWRlcyBhcXXDrS4=
AOfOBw,,W1Jvb2tpZV0KV2hhdCBhcmUgeW91IHNheWluZz8gSSBhbSBnb29kIGF0IGZpbmRpbmcgbG9zdCB0aGluZ3MuIEkgbWF5IGJlIGxhY2tpbmcgaW4gZXh0ZXJuYWwgbWlzc2lvbnMsIGJ1dCBJIGNhbiBhdCBsZWFzdCBwcm90ZWN0IG15c2VsZi4gRG8geW91IGZpbmQgbWUgdGhhdCB1bnJlbGlhYmxlPw==,,,,,W0x1a2llXQpEbyBxdWUgZXN0w6NvIGZhbGFuZG8/IFNvdSDDs3RpbW8gZW0gZW5jb250cmFyIHBlc3NvYXMgZGVzYXBhcmVjaWRhcy4gUG9zc28gbsOjbyBzZXIgbyBtZWxob3IgZW0gbWlzc8O1ZXMgZXh0ZXJuYXMsIG1hcyBzZWkgbWUgcHJvdGVnZXIuIE7Do28gY29uZmlhIGVtIG1pbT8=,,W0x1a2llXQrCv1F1w6kgZXN0w6FzIGRpY2llbmRvPyBTZSBtZSBkYSBiaWVuIGVuY29udHJhciBjb3NhcyBwZXJkaWRhcywgwr9zYWJlcz8gUHVlZGUgcXVlIG5vIHNlYSBzdWZpY2llbnRlIHBhcmEgbWlzaW9uZXMgZnVlcmEsIHBlcm8gcHVlZG8gcHJvdGVnZXJtZSBhbCBtZW5vcyBhIG3DrSBtaXNtby4gwr9ObyBjb25mw61hcyBlbiBtw60/
AefOBw,,W01hZ2VudGFdCk5vISEgTHVja3kgaXMgYW1hemluZyEgVGhlIGJlc3QhISBXZSBjYW5ub3QgbGl2ZSB3aXRob3V0IEx1Y2t5ISBCdXQuLi4=,,,,,W01hZ2VudGFdCk7Do28hISBMdWNreSDDqSBpbmNyw612ZWwhIE8gbWVsaG9yISEgTsOjbyB2aXZlbW9zIHNlbSB2b2PDqiEgTWFzLi4u,,W01hZ2VudGFdCsKhwqFObyEhIMKhwqFMdWtpZSBlcyByZWFsbWVudGUgZ2VuaWFsISEgwqHCoUVzIGVsIG1lam9yISEgwqFTYWJlcyBxdWUgbm8gcG9kZW1vcyB2aXZpciBzaW4gTHVraWUhIFBlcm8uLi4=
AufOBw,,W1Jvb2tpZV0KSG9uZXN0bHkuIFdlIGFyZSBvbmx5IHN1cnZleWluZy4gRmluZS4gVGhlbiBJIHdpbGwgZm9jdXMgb24gdGhlIGFyZWEgbmVhciB0aGUgZW50cmFuY2UuIFdlIG5lZWQgdG8gbW9uaXRvciB3aG8gZW50ZXJzIGFuZCBleGl0cyBhbnl3YXkuIFRoZXJlIGlzIG9ubHkgb25lIGVudHJhbmNlLg==,,,,,W0x1a2llXQpPcmEgZXNzYS4gVmFtb3MgYXBlbmFzIGRhciB1bWEgb2xoYWRhLiBFdSB2b3UgdmVyaWZpY2FyIGEgZW50cmFkYS4gUHJlY2lzYW1vcyBzYWJlciBxdWVtIGVudHJhIGUgcXVlbSBzYWkuIERpc3NlcmFtIHF1ZSBow6EgYXBlbmFzIHVtIGFjZXNzby4=,,W0x1a2llXQpWYXlhLiBTb2xvIGVzIGVjaGFyIHVuIHZpc3Rhem8uIEVzdMOhIGJpZW4uIEVudG9uY2VzIHJldmlzYXLDqSBzb2JyZSB0b2RvIGFscmVkZWRvciBkZSBsYSBlbnRyYWRhLiBEZSB0b2RvcyBtb2RvcywgdGFtYmnDqW4gaGF5IHF1ZSBjb21wcm9iYXIgcXVpw6luIGVudHJhIHkgc2FsZS4gRGlqZXJvbiBxdWUgc29sbyBoYXkgdW5hIGVudHJhZGEu
A+fOBw,,SSB3aWxsIGdvIHdpdGggeW91Lg==,,,,,RXUgdm91IGp1bnRvLg==,,WW8gdGFtYmnDqW4gaXLDqS4=
BOfOBw,,W1Jvb2tpZV0KV2l0aCB0aGUgQWR2ZW50dXJlciBhY2NvbXBhbnlpbmcgdXMsIHdlIGZlZWwgcmVhc3N1cmVkLiBMZXQgdXMgaGVhZCA8TkFWST5bSW5zaWRlXTxJTkZPPmJhX2JhdGgsMTY1LDQzLDAsMTAxLDA8L0lORk8+PC9OQVZJPi4gV2Ugd2lsbCBzZW5kIGEgc2lnbmFsIGlmIHdlIGRpc2NvdmVyIGFueXRoaW5nLgpUaGVuLCB3ZSB3aWxsIGFzc2VtYmxlIGluc2lkZS4=,,,,,W0x1a2llXQrDk3RpbW8hIFZhbW9zIGVudHJhciBuYSA8TkFWST5bU2F1bmEgTWVkaXRhdGlvXTxJTkZPPmJhX2JhdGgsMTY1LDQzLDAsMTAxLDA8L0lORk8+PC9OQVZJPi4gU2UgZW5jb250cmFybW9zIGFsZ28sIGVudmlhcmVtb3MgdW0gc2luYWwuClZhbW9zIG5vcyByZXVuaXIgbMOhIGRlbnRyby4=,,W0x1a2llXQpTaSBlbCB0cm90YW11bmRvcyBub3MgYWNvbXBhw7FhLCBub3Mgc2VudGltb3MgbcOhcyB0cmFucXVpbG9zLiBWYW1vcywgZW50cmVtb3MgPE5BVkk+W0FkZW50cm9dPElORk8+YmFfYmF0aCwxNjUsNDMsMCwxMDEsMDwvSU5GTz48L05BVkk+LiBTaSBlbmNvbnRyYW1vcyBhbGdvLCBhY29yZGVtb3MgZW52aWFyIHVuYSBzZcOxYWwuCkVudG9uY2VzLCByZXVuw6Ftb25vcyBhZGVudHJvLg==
BefOBw,,W1NjcnViYnldCldlbGNvbWUuIFBsZWFzZSByZWxheCBhbmQgcmVsaWV2ZSB0aGUgZmF0aWd1ZSBvZiB0aGUgZGF5Lg==,,,,,W0VzZnJpZ2FdCkJvYXMtdmluZGFzIMOgIFNhdW5hIE1lZGl0YXRpby4gUmVsYXhlbSBlIGFwcm92ZWl0ZW0u,,W0V4Zm9saWFkb3JdCkJ1ZW5vcyBkw61hcy4gUG9yIGZhdm9yLCDDunNlbG8gY29uIGNvbW9kaWRhZCB5IGFsaXZpZSBlbCBjYW5zYW5jaW8gZGVsIGTDrWEu
BufOBw,,XkVFMDAwMFsqTm90aWNlKl1eMDAwMDAwCkF0IE1lZGl0YXRpbyBCYXRoaG91c2UsIGluIG9yZGVyIHRvIHByb3RlY3QgYW5kIG1haW50YWluIHRoZSBmYWNpbGl0aWVzLCBza2lsbHMgdGhhdCB1c2Ugd2F0ZXIsIHN1Y2ggYXMgXkVFMDAwMFdhdGVyIEJhbGwgYW5kIEhvbHkgV2F0ZXIgQ3JlYXRpb25eMDAwMDAwLCBhcmUgcHJvaGliaXRlZC4=,,,,,XkVFMDAwMFvDuCBBdmlzbyDDuF1eMDAwMDAwCk5hIFNhdW5hIE1lZGl0YXRpbywgbyB1c28gZGUgXkVFMDAwMEVzZmVyYSBkJ8OBZ3VhIGUgQXF1YSBCZW5lZGljdGFeMDAwMDAwIMOpIHByb2liaWRvLg==,,XkVFMDAwMFsqUHJlY2F1Y2lvbmVzKl1eMDAwMDAwCkVuIGVzdGEgU2F1bmEgTWVkaXRhdGlvLCBwYXJhIHByb3RlZ2VyIHkgYWRtaW5pc3RyYXIgbGFzIGluc3RhbGFjaW9uZXMsIGVzdMOhbiBwcm9oaWJpZGFzIGxhcyBoYWJpbGlkYWRlcyBxdWUgdXNhbiBhZ3VhLCBjb21vIF5FRTAwMDBXYXRlciBCYWxsIHkgQ3JlYWNpw7NuIGRlIEFndWEgQmVuZGl0YV4wMDAwMDAu
B+fOBw,,W1NjcnViYnldClBsZWFzZSBwcm9jZWVkIGluc2lkZSBhbmQgY29udGludWUgeW91ciBkaXNjdXNzaW9uLg==,,,,,W0VzZnJpZ2FdCkVudHJlIGUgY29udGludWUgYSBjb252ZXJzYSBsw6EgZGVudHJvLg==,,W0V4Zm9saWFkb3JdClBvciBmYXZvciwgZW50cmVuIHkgY29udGluw7plbiBjb252ZXJzYW5kby4=
COfOBw,,W1NjcnViYnldClBsZWFzZSA8TkFWST5bSW5zaWRlXTxJTkZPPmJhX2JhdGgsMTY1LDQzLDAsMTAxLDA8L0lORk8+PC9OQVZJPi4gSWYgeW91IHdpdG5lc3MgYSBNdXRhbnQgQ3JlYXR1cmUgd2hpbGUgdXNpbmcgdGhlIGZhY2lsaXR5LCBkbyBub3QgbWFrZSBjb250YWN0IHJhc2hseSBhbmQgaW5mb3JtIGEgbmVhcmJ5IGF0dGVuZGFudC4=,,,,,W0VzZnJpZ2FdClBvciBmYXZvciwgZW50cmUgbmEgPE5BVkk+W1NhdW5hIE1lZGl0YXRpb108SU5GTz5iYV9iYXRoLDE2NSw0MywwLDEwMSwwPC9JTkZPPjwvTkFWST4uIFNlIGF2aXN0YXJlbSBhbGdvIHNvYnJlbmF0dXJhbCwgbsOjbyBzZSBhcHJveGltZW0gZSBpbmZvcm1lbSB1bWEgZnVuY2lvbsOhcmlhIHByw7N4aW1hLg==,,W0V4Zm9saWFkb3JdClBvciBmYXZvciwgZW50cmVuIDxOQVZJPltBZGVudHJvXTxJTkZPPmJhX2JhdGgsMTY1LDQzLDAsMTAxLDA8L0lORk8+PC9OQVZJPi4gU2kgZHVyYW50ZSBzdSB1c28gbGxlZ2FuIGEgYXZpc3RhciBhIHVuYSBDcmlhdHVyYSBNdXRhbnRlLCBubyBpbnRlbnRlbiBhY2VyY2Fyc2UgaW1wcnVkZW50ZW1lbnRlIHkgYXZpc2VuIGFsIHBlcnNvbmFsIGNlcmNhbm8u
CefOBw,,W1NjcnViYnldCldlIGFwb2xvZ2l6ZSwgYnV0IHRoZSBiYXRoaG91c2UgaXMgY3VycmVudGx5IGNsb3NlZCBkdWUgdG8gaW50ZXJuYWwgY2lyY3Vtc3RhbmNlcywgYW5kIHdlIGNhbm5vdCBwcm92aWRlIGFuIGVzdGltYXRlZCB0aW1lIGZvciBub3JtYWxpemF0aW9uLiBXZSBraW5kbHkgYXNrIHRoYXQgeW91IHZpc2l0IGFnYWluIGF0IGEgbGF0ZXIgZGF0ZS4KSWYgeW91IGRlc2lyZSBhIHF1aWV0IGJhdGgsIHBsZWFzZSB1c2UgdGhlIHByaXZhdGUgYmF0aHJvb20gYXR0YWNoZWQgdG8geW91ciByb29tLg==,,,,,W0VzZnJpZ2FdClBlZGltb3MgZGVzY3VscGFzLCBtYXMgYSBzYXVuYSBlc3TDoSB0ZW1wb3JhcmlhbWVudGUgZmVjaGFkYSBkZXZpZG8gYSBjaXJjdW5zdMOibmNpYXMgaW50ZXJuYXMsIGUgbsOjbyBwb2RlbW9zIGluZm9ybWFyIHF1YW5kbyBvIGFjZXNzbyBzZXLDoSBub3JtYWxpemFkby4gUGVkaW1vcyBxdWUgcmV0b3JuZW0gZW0gb3V0cmEgb2Nhc2nDo28uClNlIGRlc2VqYXJlbSB1bSBiYW5obyBxdWVudGUsIHVzZW0gbyBiYW5oZWlybyBwcml2YXRpdm8gZGFzIGFjb21vZGHDp8O1ZXMu,,W0V4Zm9saWFkb3JdCkxvIHNpZW50bywgcGVybyBhY3R1YWxtZW50ZSBlbCBiYcOxbyBww7pibGljbyBlc3TDoSBjZXJyYWRvIHBvciBsYSBzaXR1YWNpw7NuIGludGVybmEsIHkgbm8gcG9kZW1vcyBwcm9tZXRlciB1bmEgaG9yYSBkZSBub3JtYWxpemFjacOzbi4gTGVzIHJvZ2Ftb3MgcXVlIHZ1ZWx2YW4gbcOhcyBhZGVsYW50ZS4KU2kgZGVzZWFuIHVuIGJhw7FvIHRyYW5xdWlsbywgdXRpbGljZW4gZWwgYmHDsW8gcHJpdmFkbyBhZGp1bnRvIGEgbGEgaGFiaXRhY2nDs24u
CufOBw,,Qm9pbGVy,,,,,Q2FsZGlyYQ==,,Q2FsZGVyYQ==
C+fOBw,,U3dpc2hpZQ==,,,,,VmFoaWRh,,U3dpc2hpZQ==
DOfOBw,,Um9va2ll,,,,,THVraWU=,,THVraWU=
DefOBw,,RGVubnk=,,,,,RGVubnk=,,RGVubnk=
DufOBw,,TWFnZW50YQ==,,,,,TWFnZW50YQ==,,TWFnZW50YQ==
D+fOBw,,U2Npb24=,,,,,Q3lhbg==,,U2Npb24=
EOfOBw,,TW9sYXI=,,,,,TW9sYXI=,,TW9sYXI=
EefOBw,,RmFuZw==,,,,,Q2FuaW4=,,Q29sbWlsbG8=
EufOBw,,RGFuYWU=,,,,,RGFuYWU=,,RGFuYWU=
E+fOBw,,WW91IGNhbm5vdCBwcm9jZWVkIHdpdGggdGhlIGNvbnZlcnNhdGlvbiBiZWNhdXNlIHlvdSBhcmUgY2FycnlpbmcgdG9vIG1hbnkgaXRlbXMuClBsZWFzZSBvcmdhbml6ZSB5b3VyIGl0ZW1zIGFuZCB0cnkgYWdhaW4u,,,,,Vm9jw6ogbsOjbyBwb2RlIHByb3NzZWd1aXIgY29tIG8gZGnDoWxvZ28gcG9ycXVlIGVzdMOhIGNhcnJlZ2FuZG8gbXVpdG9zIGl0ZW5zLgpPcmdhbml6ZSBzZXVzIGl0ZW5zIGUgdGVudGUgbm92YW1lbnRlLg==,,Tm8gc2UgcHVlZGUgY29udGludWFyIGxhIGNvbnZlcnNhY2nDs24gcG9ycXVlIGxsZXZhcyBkZW1hc2lhZG9zIG9iamV0b3MuClBvciBmYXZvciwgb3JnYW5pemEgdHVzIG9iamV0b3MgZSBpbnTDqW50YWxvIGRlIG51ZXZvLg==
FOfOBw,,W1NjcnViYnldCldlbGNvbWUuIFlvdXIgY29tcGFuaW9ucyBoYXZlIGFscmVhZHkgYXJyaXZlZC4=,,,,,W0VzZnJpZ2FdCkJvYXMtdmluZGFzLiBTZXUgZ3J1cG8gasOhIGVzdMOhIGFxdWku,,W0V4Zm9saWFkb3JdCkJpZW52ZW5pZG8uIFN1IGdydXBvIHlhIGhhIGxsZWdhZG8u
FefOBw,,W1Jvb2tpZV0KSXMgZXZlcnlvbmUgaGVyZT8gRm9ybSBwYWlycyBhbmQgZm9sbG93IHRoZSBwcm9jZWR1cmUgdG8gc2VhcmNoIGZvciBoYXphcmRzIGFuZCB0aGUgbWlzc2luZyBwZXJzb24uIFNlbmQgYSBzaWduYWwgdXBvbiBkaXNjb3ZlcnksIGFuZCB0aGUgYXNzZW1ibHkgcG9pbnQgaXMgdGhlIGxvdW5nZS4=,,,,,W0x1a2llXQpUb2RvcyByZXVuaWRvcz8gRm9ybWVtIGR1cGxhcyBlIHByb2N1cmVtIHBlbG8gZWxlbWVudG8gcGVyaWdvc28gZSBwZWxvIGRlc2FwYXJlY2lkby4gQW8gZW5jb250cmFyIGFsZ28sIGVudmllbSB1bSBzaW5hbC4gTyBwb250byBkZSBlbmNvbnRybyDDqSBvIFZlc3Rpw6FyaW8u,,W0x1a2llXQrCv1lhIGVzdGFtb3MgdG9kb3M/IFNvbG8gaGF5IHF1ZSBzZWd1aXIgZWwgcHJvY2VkaW1pZW50byBkZSBiw7pzcXVlZGEgZGUgbWF0ZXJpYWxlcyBwZWxpZ3Jvc29zIHkgZGUgYsO6c3F1ZWRhIGRlIGRlc2FwYXJlY2lkb3MgZW4gZXF1aXBvcyBkZSAyLiBTaSBlbmN1ZW50cmFuIGFsZ28sIGVudsOtZW4gdW5hIHNlw7FhbCwgeSBlbCBwdW50byBkZSByZXVuacOzbiBlcyBsYSBzYWxhIGRlIGRlc2NhbnNvLg==
FufOBw,,W1Jvb2tpZV0KUHJpb3JpdGl6ZSB0aGUgc2VhcmNoIGZvciBoYXphcmRzIG92ZXIgdGhlIG1pc3NpbmcgcGVyc29uLiBUaGUgaWRlbnRpdHkgb2YgdGhlIGhhemFyZCBoYXMgbm90IGJlZW4gcmV2ZWFsZWQsIGFuZCBiYXNlZCBvbiB2YXJpb3VzIHRlc3RpbW9uaWVzIGFuZCBjaXJjdW1zdGFuY2VzLCBpdCBtYXkgYmUgYSBodW1hbiwgYSBtb25zdGVyLCBhbiBBdXRvbWF0cm9uLCBvciBhIHN1cGVybmF0dXJhbCBiZWluZy4=,,,,,W0x1a2llXQpOb3NzYSBwcmlvcmlkYWRlIMOpIG8gZWxlbWVudG8gcGVyaWdvc28gZW0gdmV6IGRvIGRlc2FwYXJlY2lkby4gTsOjbyBzYWJlbW9zIG8gcXVlIMOpLiBQb2RlIHNlciBodW1hbm8sIG1vbnN0cm8sIEF1dMO0bWF0YSBvdSBzZXIgc29icmVuYXR1cmFsLg==,,W0x1a2llXQpEZWJlbW9zIGNlbnRyYXJub3MgbcOhcyBlbiBsYSBiw7pzcXVlZGEgZGUgbWF0ZXJpYWxlcyBwZWxpZ3Jvc29zIHF1ZSBlbiBsYSBkZSBkZXNhcGFyZWNpZG9zLiBMYSBpZGVudGlkYWQgZGUgbG9zIG1hdGVyaWFsZXMgcGVsaWdyb3NvcyBubyBzZSBoYSByZXZlbGFkbywgeSBzZWfDum4gdmFyaW9zIHRlc3RpbW9uaW9zIHkgY2lyY3Vuc3RhbmNpYXMsIHNlIGVzdGltYSBxdWUgcG9kcsOtYW4gc2VyIGh1bWFub3MsIG1vbnN0cnVvcywgYXV0w7NtYXRhcyBvIHNlcmVzIHNvYnJlbmF0dXJhbGVzLg==
F+fOBw,,W1Jvb2tpZV0KSWYgaHVtYW4sIGl0IG1heSBiZSBhIHJlbW5hbnQgb2YgSWxsdXNpb24gb3IgYSB0aGlyZCBwYXJ0eSwgZWl0aGVyIGFsb25lIG9yIGluIGEgZ3JvdXAuIFRoZXkgbWF5IHVzZSBhbiBleGl0IG90aGVyIHRoYW4gdGhlIGtub3duIG9uZSwgc28gZm9jdXMgb24gaW5zcGVjdGluZyB0aGUgZmFjaWxpdGllcy4gRGVubnkgYW5kIEZhbmcgd2lsbCBoYW5kbGUgdGhpcy4=,,,,,W0x1a2llXQpTZSBmb3IgaHVtYW5vLCBwb2RlIHNlciBhbGd1w6ltIGRhIElsdXNpw7NuIG91IGRlIG91dHJvIGdydXBvLiBQb2RlIGhhdmVyIG91dHJvIGFjZXNzbyBhbMOpbSBkbyBjb25oZWNpZG8uIERlbm55IGUgQ2FuaW4sIMOpIGNvbSB2b2PDqnMu,,W0x1a2llXQpMb3MgaHVtYW5vcyBwb2Ryw61hbiBzZXIgcmVtYW5lbnRlcyBkZSBJbGx1c2lvbiBvIHVuIHRlcmNlcm87IHBvZHLDrWFuIHNlciBpbmRpdmlkdW9zIG8gdW4gZ3J1cG8uIFBvZHLDrWFuIGVzdGFyIHVzYW5kbyB1bmEgc2FsaWRhIGRpc3RpbnRhIGEgbGEgY29ub2NpZGEsIGFzw60gcXVlIHJldmlzZW4gcHJpbmNpcGFsbWVudGUgbGFzIGluc3RhbGFjaW9uZXMuIEVzbyBsbyBoYXLDoW4gRGVubnkgeSBDb2xtaWxsby4=
GOfOBw,,VW5kZXJzdG9vZC4=,,,,,RW50ZW5kaWRvLg==,,RW50ZW5kaWRvLg==
GefOBw,,TGV0IHVzIGdvLg==,,,,,VmFtb3Mu,,VmFtb3Mu
GufOBw,,W1Jvb2tpZV0KTmV4dCwgbW9uc3RlcnMuIEFzIHRoaXMgaXMgYSBiYXRoaG91c2UsIHRoZSBtb25zdGVyIGlzIHByZXN1bWVkIHRvIGJlIGFxdWF0aWMgb3Igc2ltaWxhciwgc28gaW5zcGVjdCB0aGUgYmF0aHMgYW5kIHBpcGVzLiBTY2lvbiBhbmQgRGFuYWUsIHRha2UgY2FyZSBvZiB0aGlzLg==,,,,,W0x1a2llXQpBZ29yYSwgbyBtb25zdHJvLiBTZW5kbyB1bWEgc2F1bmEsIHByZXN1bWUtc2UgcXVlIHNlamEgdW1hIGNyaWF0dXJhIGFxdcOhdGljYSwgZW50w6NvIHZlcmlmaXF1ZW0gYXMgcGlzY2luYXMgZSBvcyBjYW5vcy4gQ3lhbiBlIERhbmFlLCBleGFtaW5lbS4=,,W0x1a2llXQpTaWd1aWVudGUsIGxvcyBtb25zdHJ1b3MuIENvbW8gZXMgdW4gYmHDsW8sIHNlIGVzdGltYSBxdWUgbG9zIG1vbnN0cnVvcyBzZXLDoW4gY3JpYXR1cmFzIGFjdcOhdGljYXMgbyBzaW1pbGFyZXMsIGFzw60gcXVlIHJldmlzZW4gcHJpbmNpcGFsbWVudGUgbGFzIGJhw7FlcmFzIG8gbGFzIHR1YmVyw61hcy4gU2Npb24geSBEYW5hZSwgcmV2aXNlbiB1c3RlZGVzLg==
G+fOBw,,TGVhdmUgaXQgdG8gdXMu,,,,,RGVpeGEgY29tIGEgZ2VudGUu,,RMOpamFtZWxvIGEgbcOtLg==
HOfOBw,,QWxsIHJpZ2h0IQ==,,,,,Q2VydG8h,,wqFCaWVuIQ==
HefOBw,,W1Jvb2tpZV0KSWYgaXQgaXMgYSBtYWxmdW5jdGlvbmluZyBBdXRvbWF0cm9uLCBpdCB3b3VsZCBiZSBmYW1pbGlhciB3aXRoIHRoaXMgbWFuc2lvbiwgc28gd2Ugc2hvdWxkIGZpcnN0IHNwZWFrIHdpdGggdGhlIGJhdGggYXR0ZW5kYW50cy4gSSB3aWxsIGhhbmRsZSB0aGlzLg==,,,,,W0x1a2llXQpTZSBmb3IgdW1hIGF1dMO0bWF0YSBxdWVicmFkYSwgcHJlY2lzYW1vcyBlbnRyZXZpc3RhciBhcyBmdW5jaW9uw6FyaWFzIGRhIHNhdW5hLiBFdSBjdWlkYXJlaSBkaXNzby4=,,W0x1a2llXQpTaSBzZSB0cmF0YSBkZSB1biBhdXTDs21hdGEgYXZlcmlhZG8sIGNvbm9jZXLDoSBiaWVuIGVzdGEgbWFuc2nDs24sIGFzw60gcXVlIHByaW1lcm8gZGViZW1vcyBlc2N1Y2hhciBsbyBxdWUgZGlnYW4gbG9zIGVuY2FyZ2Fkb3MgZGVsIGJhw7FvLiBFc3RvIGxvIGhhcsOpIHlvLg==
HufOBw,,W1Jvb2tpZV0KTGFzdGx5LCB0aG91Z2ggdGhlIHBvc3NpYmlsaXR5IGlzIGxvdywgaWYgaXQgaXMgYSBnaG9zdC4uLg==,,,,,W0x1a2llXQpQb3IgZmltLCBlbWJvcmEgaW1wcm92w6F2ZWwsIHNlIGZvciB1bSBmYW50YXNtYS4uLg==,,W0x1a2llXQpQb3Igw7psdGltbywgYXVucXVlIGVzIHBvY28gcHJvYmFibGUsIHNpIGZ1ZXJhIHVuIGZhbnRhc21hLi4u
H+fOBw,,W01hZ2VudGFdCkkga25vdyEhIFRoZSBjZWlsaW5nISBUaGUgZHJhaW5zISBJIHdpbGwgY2hlY2sh,,,,,W01hZ2VudGFdCkV1IHNlaSBvIHF1ZSBmYXplciEhIENvbmhlw6dvIHRvZG9zIG9zIHJpdHVhaXMgZGUgaW52b2Nhw6fDo28gZGEgTG9pcmEgZG8gQmFuaGVpcm8h,,W01hZ2VudGFdCsKhwqFZbyBzw6khISDCoUVsIHRlY2hvISDCoUVsIGRlc2Fnw7xlISDCoVlvIGxvIHJldmlzYXLDqSE=
IOfOBw,,W1Jvb2tpZV0KLi4uVmVyeSB3ZWxsLiBNYWdlbnRhLiBNb2xhciwgZ28gd2l0aCBoZXIu,,,,,W0x1a2llXQouLi4gRXN0w6EgYmVtLCBNYWdlbnRhLiBNb2xhciB2YWkgY29tIHZvY8OqLg==,,W0x1a2llXQouLi4gRGUgYWN1ZXJkby4gTWFnZW50YS4gTW9sYXIgdGFtYmnDqW4gaXLDoSBjb250aWdvLg==
IefOBw,,VW5kZXJzdG9vZC4=,,,,,Q29tYmluYWRvIQ==,,RGUgYWN1ZXJkby4=
IufOBw,,W1Jvb2tpZV0KQWR2ZW50dXJlciwgYWNjb21wYW55IG1lIHRvIG1lZXQgdGhlIGF0dGVuZGFudHMgYW5kIGNvbmZpcm0gd2hldGhlciB0aGVyZSB3ZXJlIGFueSBzdXNwaWNpb3VzIHNpZ25zIGFtb25nIHRoZSBvdGhlciBBdXRvbWF0YS4gV2UgbXVzdCBvYnRhaW4gdGhlIGJsdWVwcmludHMgZmlyc3QuLi4=,,,,,W0x1a2llXQpWaWFqYW50ZSwgdmVuaGEgY29taWdvIGVuY29udHJhciBhcyBmdW5jaW9uw6FyaWFzIHBhcmEgdmVyaWZpY2FyIGF0aXR1ZGVzIHN1c3BlaXRhcy4gUHJlY2lzYW1vcyBvYnRlciBpbmZvcm1hw6fDtWVzIHByaW1laXJvLi4u,,W0x1a2llXQpUcm90YW11bmRvcywgdmVuZ2EgY29ubWlnbyBhIHZlciBhIGxvcyBlbmNhcmdhZG9zIHkgYSBjb25maXJtYXIgc2kgaGFiw61hIGFsZ28gc29zcGVjaG9zbyBlbiBsb3Mgb3Ryb3MgYXV0w7NtYXRhcy4gUHJpbWVybyBkZWJlbW9zIGNvbnNlZ3VpciBsb3MgcGxhbm9zLCBwZXJvLi4u
I+fOBw,,SGlzcy0=,,,,,RnNzc34=,,Q2hpaWlrLQ==
JOfOBw,,W1Jvb2tpZV0KQnV0IGZpcnN0LCB3ZSBuZWVkIHRvIGRvIHNvbWV0aGluZyBhYm91dCB0aGlzIF4wMDAwQ0RzdGVhbV4wMDAwMDAuIEl0IGlzIHRvbyBoYXp5IHRvIHNlZSBhbnl0aGluZy4=,,,,,W0x1a2llXQpNYXMgYW50ZXMsIHByZWNpc2Ftb3MgcmVzb2x2ZXIgZXN0ZSBeMDAwMENEdmFwb3JeMDAwMDAwLiBNYWwgZMOhIHByYSB2ZXIgYWxndW1hIGNvaXNhIGFxdWkgZGVudHJvLg==,,W0x1a2llXQpQZXJvIMK/cXXDqSBoYWNlbW9zIGNvbiBlc3RlIF4wMDAwQ0R2YXBvcl4wMDAwMDA/IEVzdMOhIHRhbiBib3Jyb3NvIHF1ZSBubyBzZSB2ZSBuYWRhLg==
JefOBw,,SSB3aWxsIGdvIHRvIHRoZSBib2lsZXIgcm9vbS4=,,,,,RXUgdm91IGF0w6kgYSBzYWxhIGRhIGNhbGRlaXJhLg==,,SXLDqSBhIGxhIHNhbGEgZGUgY2FsZGVyYXMu
JufOBw,,W1Jvb2tpZV0KV2lsbCB5b3U/IEkgd2lsbCByZWNlaXZlIHRoZSBibHVlcHJpbnRzIGZyb20gdGhlIFNjcnViYnkgaGVyZS4gUGxlYXNlIGhlYWQgdG8gdGhlIDxOQVZJPltCb2lsZXIgUm9vbV08SU5GTz5iYV9iYXRoLDI4Niw2OCwwLDEwMSwwPC9JTkZPPjwvTkFWST4gYW5kIGFzayB0aGVtIHRvIHN0b3AgdGhlIGJvaWxlci4gSSB3aWxsIGZvbGxvdyBzaG9ydGx5Lg==,,,,,W0x1a2llXQpWYWkgbWVzbW8/IEV1IGZpY2FyZWkgYXF1aSBwYXJhIGVudHJldmlzdGFyIEVzZnJpZ2EuIFBlw6dhIHBhcmEgQ2FsZGlyYSBkZXNsaWdhciBvIGFxdWVjZWRvciBkYSBzYXVuYSBsw6EgbmEgPE5BVkk+W1NhbGEgZGEgQ2FsZGVpcmFdPElORk8+YmFfYmF0aCwyODYsNjgsMCwxMDEsMDwvSU5GTz48L05BVkk+LiBFdSBpcmVpIGxvZ28gZW0gc2VndWlkYS4=,,W0x1a2llXQrCv0xvIGhhcsOhPyBZbyBtZSBxdWVkYXLDqSBhcXXDrSBwYXJhIHJlY2liaXIgbG9zIHBsYW5vcyBkZWwgY2FiYWxsZXJvLiBVc3RlZCB2YXlhIGEgPE5BVkk+W3NhbGEgZGUgY2FsZGVyYXNdPElORk8+YmFfYmF0aCwyODYsNjgsMCwxMDEsMDwvSU5GTz48L05BVkk+IHkgcGlkYSBxdWUgZGV0ZW5nYW4gZWwgZnVuY2lvbmFtaWVudG8gZGUgQ2FsZGVyYS4gSXLDqSBlbnNlZ3VpZGEu
J+fOBw,,W1Jvb2tpZV0KSSB3aWxsIHJlY2VpdmUgdGhlIGJsdWVwcmludHMgZnJvbSB0aGUgU2NydWJieSBoZXJlLiBQbGVhc2UgaGVhZCB0byB0aGUgPE5BVkk+W0JvaWxlciBSb29tXTxJTkZPPmJhX2JhdGgsMjg2LDY4LDAsMTAxLDA8L0lORk8+PC9OQVZJPiBhbmQgYXNrIHRoZW0gdG8gc3RvcCB0aGUgYm9pbGVyLiBJIHdpbGwgZm9sbG93IHNob3J0bHku,,,,,W0x1a2llXQpFc3RvdSBhcXVpIHBhcmEgZW50cmV2aXN0YXIgRXNmcmlnYS4gIFBlw6dhIHBhcmEgQ2FsZGlyYSBkZXNsaWdhciBvIGFxdWVjZWRvciBkYSBzYXVuYSBsw6EgbmEgPE5BVkk+W1NhbGEgZGEgQ2FsZGVpcmFdPElORk8+YmFfYmF0aCwyODYsNjgsMCwxMDEsMDwvSU5GTz48L05BVkk+LiBFdSBpcmVpIGxvZ28gZW0gc2VndWlkYS4=,,W0x1a2llXQpZbyBtZSBxdWVkYXLDqSBhcXXDrSBwYXJhIHJlY2liaXIgbG9zIHBsYW5vcyBkZWwgY2FiYWxsZXJvLiBVc3RlZCB2YXlhIGEgPE5BVkk+W3NhbGEgZGUgY2FsZGVyYXNdPElORk8+YmFfYmF0aCwyODYsNjgsMCwxMDEsMDwvSU5GTz48L05BVkk+IHkgcGlkYSBxdWUgZGV0ZW5nYW4gZWwgZnVuY2lvbmFtaWVudG8gZGUgQ2FsZGVyYS4gSXLDqSBlbnNlZ3VpZGEu
KOfOBw,,W1Jvb2tpZV0KSSBoYXZlIGdvbmUgb24gbWlzc2lvbnMgYWxvbmUgYmVmb3JlLCBidXQgdGhlcmUgaGFzIG5ldmVyIGJlZW4gYSB0aW1lIHdoZW4gdGhlcmUgd2FzIG5vIG5ld3MgZm9yIHRoaXMgbG9uZy4gVGhhdCBpcyB3aHkgZXZlcnlvbmUgaXMgc28gd29ycmllZCBhbmQgc2VhcmNoaW5nLiBTb21ldGhpbmcgbXVzdCBoYXZlIGhhcHBlbmVkLiBUcnkgdG8gdGhpbmsgb2YgYW55dGhpbmcsIHF1aWNrbHku,,,,,W0x1a2llXQpHb25pZSBjb3N0dW1hIHNhaXIgc296aW5obyBlbSBtaXNzw7VlcywgbWFzIG51bmNhIGZpY2Ftb3MgdGFudG8gdGVtcG8gc2VtIG5vdMOtY2lhcyBkZWxlLiDDiSBwb3IgaXNzbyBxdWUgdG9kb3MgZXN0w6NvIHTDo28gcHJlb2N1cGFkb3MuIEFsZ28gZGV2ZSB0ZXIgYWNvbnRlY2lkby4=,,W0x1a2llXQpBdW5xdWUgc3VlbG8gc2FsaXIgc29sYSBhIGN1bXBsaXIgbWlzaW9uZXMsIG51bmNhIGhhYsOtYSBwYXNhZG8gdGFudG8gdGllbXBvIHNpbiBub3RpY2lhcy4gUG9yIGVzbyB0b2RvcyBlc3TDoW4gYXPDrSBkZSBwcmVvY3VwYWRvcyB5IGJ1c2PDoW5kb2xvLiBFcyBxdWUgaGEgcGFzYWRvIGFsZ28uIFBpZW5zZSByw6FwaWRvIGVuIGFsZ28gbcOhcy4=
KefOBw,,W1NjcnViYnldCkV2ZW4gaWYgeW91IHNheSB0aGF0LCBJIGhhdmUgbm90aGluZyBmdXJ0aGVyIHRvIGFkZC4=,,,,,W0VzZnJpZ2FdCk1lc21vIHF1ZSBkaWdhIGlzc28sIG7Do28gdGVuaG8gbWFpcyBuYWRhIGEgYWNyZXNjZW50YXIu,,W0V4Zm9saWFkb3JdCkF1bnF1ZSBtZSBsbyBkaWdhIGFzw60sIG5vIHRlbmdvIG5hZGEgbcOhcyBxdWUgYcOxYWRpci4=
KufOBw,,W1Jvb2tpZV0KSG0/IEFkdmVudHVyZXI/IEl0IHNlZW1zIHRoZSBib2lsZXIgaGFzIGJlZW4gc3RvcHBlZCwgYnV0IHdoZXJlIGFyZSB5b3UgZ29pbmc/,,,,,W0x1a2llXQpIw6M/IFBhcmVjZSBxdWUgbyBhcXVlY2Vkb3IgasOhIHBhcm91LCBwYXJhIG9uZGUgZXN0w6EgaW5kbz8=,,W0x1a2llXQrCv0VoPyDCv1Ryb3RhbXVuZG9zPyBQYXJlY2UgcXVlIENhbGRlcmEgeWEgZXN0w6EgZGV0ZW5pZGEsIHBlcm8gwr9hZMOzbmRlIHZhPw==
K+fOBw,,WW91IHRvbGQgbWUgdG8gZ28gdG8gdGhlIGVudHJhbmNlLg==,,,,,Vm9jw6ogcGVkaXUgcGFyYSB2b2x0YXIgcGFyYSBhIGVudHJhZGEu,,TWUgZGlqbyBxdWUgZnVlcmEgYWwgbGFnby4=
LOfOBw,,W1Jvb2tpZV0KV2hvIGRpZD8gLi4uTWU/IEFkdmVudHVyZXIsIGFyZSB5b3Ugc3VyZSB5b3UgXjAwMDBDRHNhdyBtZSB5b3Vyc2VsZl4wMDAwMDA/,,,,,W0x1a2llXQpQaXJvdT8gLi4uIEV1PyBWaWFqYW50ZSwgdGVtIGNlcnRlemEgZGUgcXVlIF4wMDAwQ0RlcmEgcmVhbG1lbnRlIGV1XjAwMDAwMD8=,,W0x1a2llXQrCv1F1acOpbj8gLi4uIMK/WW8/IFRyb3RhbXVuZG9zLCDCv2RlIHZlcmRhZCBeMDAwMENEbWUgdmlvIGEgbcOtXjAwMDAwMD8=
LefOBw,,Tm93IHRoYXQgSSB0aGluayBhYm91dCBpdC4uLg==,,,,,UGFyYW5kbyBwcmEgcGVuc2FyLi4u,,QWhvcmEgcXVlIGxvIHBpZW5zby4uLg==
LufOBw,,W1Jvb2tpZV0KVGhlIHRvbmUgd2FzIHN0aWZmIGFuZCBzZWVtZWQgZmx1c3RlcmVkLi4uIEl0IGNlcnRhaW5seSBeMDAwMENEd2FzIG5vdCBtZV4wMDAwMDAuIFRoYXQgbXVzdCBiZSB0aGUgdW5pZGVudGlmaWVkIGJlaW5nIHNhaWQgdG8gYXBwZWFyIGluIHRoaXMgYmF0aGhvdXNlLgpUaGlzIGhhcyBiZWNvbWUgdHJvdWJsZXNvbWUuIFRvIGFwcGVhciBpbiB0aGUgZXhhY3Qgc2FtZSBmb3JtIGFzIHNvbWVvbmUgZWxzZS4gTm8sIHBlcmhhcHMgdGhpcyBpcyByYXRoZXIgZm9ydHVuYXRlLg==,,,,,W0x1a2llXQpFdSBmYWxhdmEgZGUgdW0gamVpdG8gZGlmZXJlbnRlLi4uPyBEZWZpbml0aXZhbWVudGUgXjAwMDBDRG7Do28gZXJhIGV1XjAwMDAwMC4gRGV2ZSBzZXIgYSBlbnRpZGFkZSBzb2JyZW5hdHVyYWwgcXVlIGRpemVtIGFwYXJlY2VyIGFxdWkuClF1ZSBzaXR1YcOnw6NvLiBFbnTDo28gZWxhIGFzc3VtZSBhIGFwYXLDqm5jaWEgZGUgb3V0cmEgcGVzc29hLiBQZW5zYW5kbyBiZW0sIHRhbHZleiBpc3NvIGF0w6kgc2VqYSBtZWxob3Iu,,W0x1a2llXQpTdSBmb3JtYSBkZSBoYWJsYXIgZXJhIHLDrWdpZGEgeSBwYXJlY8OtYSBlc3RhciBuZXJ2aW9zYS4uLiBEZXNkZSBsdWVnbyBeMDAwMENEbm8gZXJhIHlvXjAwMDAwMC4gRGViZSBkZSBzZXIgZXNhIHByZXNlbmNpYSBkZXNjb25vY2lkYSBxdWUgZGljZW4gcXVlIGFwYXJlY2UgZW4gZXN0ZSBiYWxuZWFyaW8uCkVzdG8gc2UgaGEgY29tcGxpY2Fkby4gSnVzdG8gdGVuw61hIHF1ZSBhcGFyZWNlciBjb24gZWwgbWlzbW8gYXNwZWN0byBxdWUgb3RyYSBwZXJzb25hLiBObywgc2kgbG8gbWlyYXMgZGUgb3RybyBtb2RvLCBjYXNpIG1lam9yIGFzw60u
L+fOBw,,W1Jvb2tpZV0KSWYgaXQgdG9sZCB5b3UgdG8gZ28gdG8gdGhlIGVudHJhbmNlLCBpdCBtdXN0IGhhdmUgYmVlbiB0cnlpbmcgdG8gZHJpdmUgeW91IG91dCBvZiB0aGUgYmF0aGhvdXNlIHNvbWVob3cuIFRoYXQgbWVhbnMgaXQgaXMgbm90IGEgc3VwZXJuYXR1cmFsIGJlaW5nLg==,,,,,W0x1a2llXQpTZSBtYW5kb3Ugdm9jw6ogaXIgcGFyYSBhIGVudHJhZGEsIGZvaSB1bWEgZm9ybWEgZGUgdGUgZXhwdWxzYXIgZGEgc2F1bmEuIEVudMOjbyBuw6NvIHBhcmVjZSBhbGdvIHNvYnJlbmF0dXJhbC4=,,W0x1a2llXQpTaSBsZSBkaWpvIHF1ZSBmdWVyYSBhbCBsYWdvLCBwYXJlY2UgcXVlIGludGVudGFiYSBzYWNhcmxvIGRlbCBiYWxuZWFyaW8gY29tbyBmdWVyYS4gRW50b25jZXMgbm8gZXMgdW4gc2VyIHNvYnJlbmF0dXJhbC4=
MOfOBw,,W1Jvb2tpZV0KV2hhdGV2ZXIgaXQgaXMsIHdlIG11c3QgcmVzb2x2ZSB0aGlzIGJlZm9yZSBncmVhdGVyIGNvbmZ1c2lvbiBhcmlzZXMu,,,,,W0x1a2llXQpTZWphIG8gcXVlIGZvciwgcHJlY2lzYW1vcyByZXNvbHZlciBpc3NvIGFudGVzIHF1ZSBjYXVzZSBtYWlzIGNvbmZ1c8Ojby4=,,W0x1a2llXQpTZWEgY29tbyBzZWEsIGRlYm8gYXJyZWdsYXJsbyBhbnRlcyBkZSBxdWUgY2FpZ2Ftb3MgZW4gdW5hIGNvbmZ1c2nDs24gbWF5b3Iu
MefOBw,,QmVlcOKAlA==,,,,,QmlpaXAtLQ==,,UGlpaWlpaS0=
MufOBw,,W1Jvb2tpZV0KQWR2ZW50dXJlciwgaGVhZCB0byB0aGUgPE5BVkk+W0xvdW5nZV08SU5GTz5iYV9iYXRoLDIwMyw1OCwwLDEwMSwwPC9JTkZPPjwvTkFWST4gYXMgd2VsbC4=,,,,,W0x1a2llXQpWaWFqYW50ZSwgc2lnYSBwYXJhIG8gPE5BVkk+W1Zlc3Rpw6FyaW9dPElORk8+YmFfYmF0aCwyMDMsNTgsMCwxMDEsMDwvSU5GTz48L05BVkk+Lg==,,W0x1a2llXQpVc3RlZCB0YW1iacOpbiB2YXlhIGEgPE5BVkk+W3NhbGEgZGUgZGVzY2Fuc29dPElORk8+YmFfYmF0aCwyMDMsNTgsMCwxMDEsMDwvSU5GTz48L05BVkk+Lg==
M+fOBw,,W1NjcnViYnldCllvdXIgY29tcGFuaW9ucyBoYXZlIGdvbmUgdG8gdGhlIDxOQVZJPltMb3VuZ2VdPElORk8+YmFfYmF0aCwyMDMsNTgsMCwxMDEsMDwvSU5GTz48L05BVkk+Lg==,,,,,W0VzZnJpZ2FdClNldSBncnVwbyBmb2kgcGFyYSBvIDxOQVZJPltWZXN0acOhcmlvXTxJTkZPPmJhX2JhdGgsMjAzLDU4LDAsMTAxLDA8L0lORk8+PC9OQVZJPi4=,,W0V4Zm9saWFkb3JdClN1IGFjb21wYcOxYW50ZSBmdWUgYSA8TkFWST5bc2FsYSBkZSBkZXNjYW5zb108SU5GTz5iYV9iYXRoLDIwMyw1OCwwLDEwMSwwPC9JTkZPPjwvTkFWST4u
NOfOBw,,W1NjcnViYnldCklzIHRoZSBzZWFyY2ggZm9yIHRoZSBNdXRhbnQgQ3JlYXR1cmUgcHJvY2VlZGluZyB3ZWxsPw==,,,,,W0VzZnJpZ2FdCkEgYnVzY2EgcGVsbyBzZXIgc29icmVuYXR1cmFsIGVzdMOhIHByb2dyZWRpbmRvPw==,,W0V4Zm9saWFkb3JdCsK/TGEgYsO6c3F1ZWRhIGRlIENyaWF0dXJhIE11dGFudGUgdmEgYmllbj8=
NefOBw,,W1NjcnViYnldCkFyZSB5b3Ugbm90IGluIHRoZSBtaWRzdCBvZiBjYXJyeWluZyBvdXQgeW91ciBvcGVyYXRpb24/,,,,,W0VzZnJpZ2FdCk7Do28gZXN0w6EgYWp1ZGFuZG8gbmEgb3BlcmHDp8Ojbz8=,,W0V4Zm9saWFkb3JdCsK/Tm8gZXN0w6EgZW4gbWVkaW8gZGUgbGEgb3BlcmFjacOzbj8=
NufOBw,,W1NjcnViYnldCkNsZWFuaW5nIGlzIGN1cnJlbnRseSBpbiBwcm9ncmVzcy4gUGxlYXNlIHJldHVybiBhZnRlciBpdCBoYXMgYmVlbiBjb21wbGV0ZWQu,,,,,W0VzZnJpZ2FdCk5vIG1vbWVudG8gZXN0YW1vcyByZWFsaXphbmRvIHVtYSBsaW1wZXphLiBSZXRvcm5lIGFww7NzIGEgY29uY2x1c8Ojby4=,,W0V4Zm9saWFkb3JdCkFob3JhIGVzdGFtb3MgbGltcGlhbmRvLiBWdWVsdmEgYSB2aXNpdGFybm9zIGN1YW5kbyB0ZXJtaW5lIGxhIGxpbXBpZXphLg==
N+fOBw,,W1NjcnViYnldCllvdSBoYXZlIHdvcmtlZCBoYXJkIG9uIHRoZSBjbGVhbmluZy4gSSBzaGFsbCBncmFudCB5b3UgdGhlIGVmZmVjdCBvZiBCYXRoIEFkZGl0aXZlLg==,,,,,W0VzZnJpZ2FdClZlam8gcXVlIHNlIGRlZGljb3UgYmFzdGFudGUuIFZvdSBsaGUgZW1wcmVzdGFyIHVtIFNhbCBkZSBCYW5oby4=,,W0V4Zm9saWFkb3JdClNlIGhhIGVzZm9yemFkbyBlbiBsYSBsaW1waWV6YS4gTGUgY29uY2VkZXLDqSBlbCBlZmVjdG8gZGUgQWRpdGl2byBkZSBCYcOxby4=
OOfOBw,,W1NjcnViYnldCllvdSBoYXZlIHdvcmtlZCBoYXJkIG9uIHRoZSBjbGVhbmluZy4gSSBzaGFsbCBncmFudCB5b3UgdGhlIGVmZmVjdCBvZiBCYXRoIEFkZGl0aXZlLCB0aG91Z2ggdGhlIHByZXZpb3VzIGVmZmVjdCBzdGlsbCByZW1haW5zLiBXaGF0IHdvdWxkIHlvdSBsaWtlIHRvIGRvPw==,,,,,W0VzZnJpZ2FdClZlam8gcXVlIHNlIGRlZGljb3Ugw6AgbGltcGV6YS4gRXUgaWEgbGhlIGVtcHJlc3RhciB1bSBTYWwgZGUgQmFuaG8sIG1hcyBvIGVmZWl0byBhbnRlcmlvciBhaW5kYSBlc3TDoSBhdGl2by4gTyBxdWUgZGVzZWphIGZhemVyPw==,,W0V4Zm9saWFkb3JdClNlIGhhIGVzbWVyYWRvIGVuIGxhIGxpbXBpZXphLiBRdWlzaWVyYSBkYXJsZSBlbCBlZmVjdG8gZGUgQWRpdGl2byBkZSBCYcOxbywgcGVybyBhw7puIGxlIHF1ZWRhIGVsIGVmZWN0byBhbnRlcmlvci4gwr9RdcOpIGRlc2VhIGhhY2VyPw==
OefOBw,,SSB3aWxsIGNvbWUgYmFjayBsYXRlci4=,,,,,Vm9sdGFyZWkgbWFpcyB0YXJkZS4=,,Vm9sdmVyw6kgbcOhcyB0YXJkZS4=
OufOBw,,SSB3b3VsZCBzdGlsbCBsaWtlIHRvIHJlY2VpdmUgaXQu,,,,,UXVlcm8gcmVjZWJlciBtZXNtbyBhc3NpbS4=,,QXVuIGFzw60sIHF1aWVybyByZWNpYmlybG8u
O+fOBw,,W1NjcnViYnldClZlcnkgd2VsbC4gUGxlYXNlIG5vdGUgdGhhdCB0aGUgZHVyYXRpb24gb2YgdGhlIEJhdGggQWRkaXRpdmUgZWZmZWN0IGlzIG5vdCB2ZXJ5IGxvbmcu,,,,,W0VzZnJpZ2FdCkVudGVuZGlkby4gYSBkdXJhw6fDo28gZG8gU2FsIGRlIEJhbmhvIG7Do28gw6kgbXVpdG8gbG9uZ2EsIHRlbmhhIGlzc28gZW0gbWVudGUu,,W0V4Zm9saWFkb3JdCkVudGVuZGlkby4gRWwgdGllbXBvIGR1cmFudGUgZWwgY3VhbCBwdWVkbyBkYXJsZSBlbCBlZmVjdG8gZGUgQWRpdGl2byBkZSBCYcOxbyBubyBlcyBtdXkgbGFyZ28sIGFzw60gcXVlIHTDqW5nYWxvIGVuIGN1ZW50YSBhbCB1c2FybG8u
POfOBw,,W1NjcnViYnldClVuZGVyc3Rvb2QuIFBsZWFzZSBtYWtlIHVzZSBvZiBpdCBhZ2FpbiBhZnRlciBjbGVhbmluZy4=,,,,,W0VzZnJpZ2FdCkVudGVuZGlkby4gVmVuaGEgbm92YW1lbnRlIGFww7NzIGEgcHLDs3hpbWEgbGltcGV6YS4=,,W0V4Zm9saWFkb3JdCkVudGVuZGlkby4gVnVlbHZhIGEgdXRpbGl6YXJsbyBkZXNwdcOpcyBkZSBsYSBsaW1waWV6YS4=
PefOBw,,W1NjcnViYnldCllvdSBoYXZlIHB1dCBncmVhdCBlZmZvcnQgaW50byBjbGVhbmluZyB0aGUgYmF0aC4gSSBzaGFsbCBncmFudCB5b3UgdGhlIGVmZmVjdCBvZiBCYXRoIEFkZGl0aXZlLg==,,,,,W0VzZnJpZ2FdClZlam8gcXVlIHNlIGRlZGljb3UgYmFzdGFudGUgbmEgbGltcGV6YS4gVm91IGxoZSBlbXByZXN0YXIgdW0gU2FsIGRlIEJhbmhvLg==,,W0V4Zm9saWFkb3JdClNlIGhhIGVzZm9yemFkbyBtdWNobyBlbiBsYSBsaW1waWV6YSBkZWwgYmHDsW8uIExlIGRhcsOpIGVsIGVmZWN0byBkZSBBZGl0aXZvIGRlIEJhw7FvLg==
PufOBw,,W1NjcnViYnldCllvdSBoYXZlIHB1dCBncmVhdCBlZmZvcnQgaW50byBjbGVhbmluZyB0aGUgYmF0aC4gSSBzaGFsbCBncmFudCB5b3UgdGhlIGVmZmVjdCBvZiBCYXRoIEFkZGl0aXZlLCB0aG91Z2ggdGhlIHByZXZpb3VzIGVmZmVjdCBzdGlsbCByZW1haW5zLiBXaGF0IHdvdWxkIHlvdSBsaWtlIHRvIGRvPw==,,,,,W0VzZnJpZ2FdClZlam8gcXVlIHNlIGRlZGljb3Ugw6AgbGltcGV6YS4gRXUgbGhlIGVtcHJlc3RhcmlhIHVtIFNhbCBkZSBCYW5obywgbWFzIG8gZWZlaXRvIGFudGVyaW9yIGFpbmRhIGVzdMOhIGF0aXZvLiBPIHF1ZSBkZXNlamEgZmF6ZXI/,,W0V4Zm9saWFkb3JdClNlIGhhIGVzZm9yemFkbyBtdWNobyBlbiBsYSBsaW1waWV6YSBkZWwgYmHDsW8uIFF1aXNpZXJhIGRhcmxlIGVsIGVmZWN0byBkZSBBZGl0aXZvIGRlIEJhw7FvLCBwZXJvIGHDum4gbGUgcXVlZGEgZWwgZWZlY3RvIGFudGVyaW9yLiDCv1F1w6kgZGVzZWEgaGFjZXI/
P+fOBw,,W1NjcnViYnldCllvdSBoYXZlIGV4ZXJ0ZWQgbXVjaCBlZmZvcnQgaW4gY2xlYW5pbmcgdGhlIGJhdGguIFRoYW5rcyB0byB5b3UsIHRoZSBiYXRoaG91c2UgaXMgbm93IHZlcnkgY2xlYW4uIEkgc2hhbGwgZ3JhbnQgeW91IHRoZSBlZmZlY3Qgb2YgQmF0aCBBZGRpdGl2ZS4=,,,,,W0VzZnJpZ2FdClZlam8gcXVlIHNlIGRlZGljb3UgYmFzdGFudGUgbmEgbGltcGV6YS4gTXVpdG8gb2JyaWdhZGEuIFZvdSBsaGUgZW1wcmVzdGFyIHVtIFNhbCBkZSBCYW5oby4=,,W0V4Zm9saWFkb3JdClNlIGhhIGVzZm9yemFkbyBtdWNobyBlbiBsYSBsaW1waWV6YSBkZWwgYmHDsW8uIEdyYWNpYXMgYSB1c3RlZCwgZWwgYmHDsW8gaGEgcXVlZGFkbyBtdXkgbGltcGlvLiBMZSBkYXLDqSBlbCBlZmVjdG8gZGUgQWRpdGl2byBkZSBCYcOxby4=
QOfOBw,,W1NjcnViYnldCllvdSBoYXZlIGV4ZXJ0ZWQgbXVjaCBlZmZvcnQgaW4gY2xlYW5pbmcgdGhlIGJhdGguIFRoYW5rcyB0byB5b3UsIHRoZSBiYXRoaG91c2UgaXMgbm93IHZlcnkgY2xlYW4uIEkgc2hhbGwgZ3JhbnQgeW91IHRoZSBlZmZlY3Qgb2YgQmF0aCBBZGRpdGl2ZSwgdGhvdWdoIHRoZSBwcmV2aW91cyBlZmZlY3Qgc3RpbGwgcmVtYWlucy4gV2hhdCB3b3VsZCB5b3UgbGlrZSB0byBkbz8=,,,,,W0VzZnJpZ2FdClZlam8gcXVlIHNlIGRlZGljb3Ugw6AgbGltcGV6YS4gTXVpdG8gb2JyaWdhZGEuIEV1IGxoZSBlbXByZXN0YXJpYSB1bSBTYWwgZGUgQmFuaG8sIG1hcyBvIGVmZWl0byBhbnRlcmlvciBhaW5kYSBlc3TDoSBhdGl2by4gTyBxdWUgZGVzZWphIGZhemVyPw==,,W0V4Zm9saWFkb3JdClNlIGhhIGVzZm9yemFkbyBtdWNobyBlbiBsYSBsaW1waWV6YSBkZWwgYmHDsW8uIEdyYWNpYXMgYSB1c3RlZCwgZWwgYmHDsW8gaGEgcXVlZGFkbyBtdXkgbGltcGlvLiBRdWlzaWVyYSBkYXJsZSBlbCBlZmVjdG8gZGUgQWRpdGl2byBkZSBCYcOxbywgcGVybyBhw7puIGxlIHF1ZWRhIGVsIGVmZWN0byBhbnRlcmlvci4gwr9RdcOpIGRlc2VhIGhhY2VyPw==
QefOBw,,W1NjcnViYnldCldlIGFwb2xvZ2l6ZSwgYnV0IHdlIGNhbm5vdCBncmFudCB0aGUgQmF0aCBBZGRpdGl2ZSBlZmZlY3QgYXQgdGhpcyB0aW1lLiBQbGVhc2UgcmV0dXJuIGFmdGVyIHRoZSBjbGVhbmluZyBoYXMgYmVlbiBjb21wbGV0ZWQuIElzIHRoZXJlIGFueSBvdGhlciBpbmNvbnZlbmllbmNlIGluIHVzaW5nIHRoZSBiYXRoaG91c2U/,,,,,W0VzZnJpZ2FdCkxhbWVudG8sIG1hcyBubyBtb21lbnRvIG7Do28gcG9zc28gZW1wcmVzdGFyIHVtIFNhbCBkZSBCYW5oby4gUmV0b3JuZSBhcMOzcyBhIGNvbmNsdXPDo28gZGEgbGltcGV6YS4gSMOhIGFsZ3VtIGluY29udmVuaWVudGUgbmEgc2F1bmE/,,W0V4Zm9saWFkb3JdCkxvIHNpZW50bywgcGVybyBhaG9yYSBubyBwdWVkbyBkYXJsZSBlbCBlZmVjdG8gZGUgQWRpdGl2byBkZSBCYcOxby4gVnVlbHZhIGEgdmlzaXRhcm5vcyBjdWFuZG8gdGVybWluZSBsYSBsaW1waWV6YS4gwr9UaWVuZSBhbGfDum4gaW5jb252ZW5pZW50ZSBhbCB1c2FyIGVsIGJhw7FvPw==
QufOBw,,W1NjcnViYnldCklzIHRoZXJlIGFueSBpbmNvbnZlbmllbmNlIGluIHVzaW5nIHRoZSBiYXRoaG91c2U/,,,,,W0VzZnJpZ2FdCkVzdMOhIGFwcm92ZWl0YW5kbyBhIHNhdW5hPw==,,W0V4Zm9saWFkb3JdCsK/VGllbmUgYWxnw7puIGluY29udmVuaWVudGUgYWwgdXNhciBlbCBiYcOxbz8=
Q+fOBw,,W1NjcnViYnldClRoaXMgYmF0aGhvdXNlIG9mIFZhcm11bnQgTWFuc2lvbiBoYXMgYmVlbiByZW5vd25lZCBzaW5jZSBsb25nIGFnby4gTG9yZCBWYXJtdW50IGdyZWF0bHkgdmFsdWVkIHRha2luZyByZXN0IGF0IHRoZSBlbmQgb2YgYSB3ZWFyeSBkYXku,,,,,W0VzZnJpZ2FdCkEgc2F1bmEgZGEgTWFuc8OjbyBWYXJtdW50IMOpIG11aXRvIGNvbmhlY2lkYS4gTyBzZW5ob3IgVmFybXVudCB2YWxvcml6YXZhIHByb2Z1bmRhbWVudGUgbyBkZXNjYW5zbyBhbyBmaW5hbCBkZSB1bSBkaWEgZXhhdXN0aXZvLg==,,W0V4Zm9saWFkb3JdCkVzdGUgYmHDsW8gZGUgbGEgbWFuc2nDs24gVmFybXVudCBoYSBzaWRvIG11eSBmYW1vc28gZGVzZGUgaGFjZSBtdWNobyB0aWVtcG8uIEVsIHNlw7FvciBWYXJtdW50IGVyYSBhbGd1aWVuIHF1ZSBjb25zaWRlcmFiYSBtdXkgaW1wb3J0YW50ZSBkZXNjYW5zYXIgYWwgZmluYWwgZGUgdW4gZMOtYSBhZ290YWRvci4=
ROfOBw,,W1NjcnViYnldCkhlIGVuam95ZWQgYmF0aCB0aW1lIHRvIHJlbGlldmUgdGhlIGZhdGlndWUgb2YgdGhlIGRheSwgZ2FpbiBlbmVyZ3kgZm9yIHRvbW9ycm93LCBvcmdhbml6ZSBoaXMgdGhvdWdodHMsIGltcHJvdmUgYmxvb2QgY2lyY3VsYXRpb24sIGFuZCByZXBsZW5pc2ggbW9pc3R1cmUu,,,,,W0VzZnJpZ2FdCkVsZSB1c2F2YSBvIGJhbmhvIHBhcmEgYWxpdmlhciBvIGNhbnNhw6dvLCByZW5vdmFyIGFzIGVuZXJnaWFzLCBvcmdhbml6YXIgb3MgcGVuc2FtZW50b3MsIG1lbGhvcmFyIGEgY2lyY3VsYcOnw6NvIHNhbmd1w61uZWEgZSB0YW1iw6ltIGhpZHJhdGFyLXNlLg==,,W0V4Zm9saWFkb3JdCkxlIGd1c3RhYmEgZWwgdGllbXBvIGRlIGJhw7FvLCBxdWUgc2lydmUgcGFyYSBhbGl2aWFyIGVsIGNhbnNhbmNpbyBkZWwgZMOtYSB5IG9idGVuZXIgZW5lcmfDrWEgcGFyYSBtYcOxYW5hLCBvcmRlbmFyIGxvcyBwZW5zYW1pZW50b3MsIG1lam9yYXIgbGEgY2lyY3VsYWNpw7NuIHNhbmd1w61uZWEgeSB0YW1iacOpbiByZXBvbmVyIGzDrXF1aWRvcy4=
RefOBw,,W1NjcnViYnldCkhlIHRvb2sgZ3JlYXQgaW50ZXJlc3QgaW4gYmF0aGluZyBtZXRob2RzIGZyb20gdmFyaW91cyBwbGFjZXMsIGFuZCB3aGlsZSBleHBhbmRpbmcgdGhlIGJhdGhzLCBpdCBiZWNhbWUgc3VjaCBhIGxhcmdlIGJhdGhpbmcgZmFjaWxpdHkgYXMgdGhpcywgQm9ubmllLiBIZSB3b3VsZCBvZnRlbiByZWNvbW1lbmQgaXQgdG8gZ3Vlc3RzIHZpc2l0aW5nIHRoZSBtYW5zaW9uIGFuZCBuZXZlciBzcGFyZWQgcHJhaXNlIGZvciBpdHMgZmFjaWxpdGllcy4=,,,,,W0VzZnJpZ2FdCkludGVyZXNzYWRvIGVtIGRpdmVyc29zIG3DqXRvZG9zIGRlIGJhbmhvLCBzZW5ob3IgVmFybXVudCBhbXBsaW91IGFzIMOhcmVhcyBhdMOpIHF1ZSBzZSB0b3JuYXNzZSB1bSBncmFuZGUgc2Fsw6NvIGNvbW8gZXN0ZS4gUG9yIGlzc28sIGFvIGNvbnZpZGFyIG9zIHZpc2l0YW50ZXMgcGFyYSBhIHNhdW5hLCBlbG9naWF2YSBtdWl0byBvIGVzcGHDp28u,,W0V4Zm9saWFkb3JdClRhbWJpw6luIHNlIGludGVyZXNhYmEgbXVjaG8gcG9yIGxvcyBtw6l0b2RvcyBkZSBiYcOxbyBkZSBkaXN0aW50b3MgbHVnYXJlcywgeSBhbCBhbXBsaWFyIGxhcyBiYcOxZXJhcywgQm9ubmllIHNlIGNvbnZpcnRpw7MgZW4gdW4gYmHDsW8gZGUgZXN0YSBncmFuIGVzY2FsYS4gUG9yIGVzbywgdGFtYmnDqW4gaGFjw61hIHF1ZSBsb3MgaW52aXRhZG9zIHF1ZSB2aXNpdGFiYW4gbGEgbWFuc2nDs24gbG8gdXNhcmFuLCB5IG5vIGVzY2F0aW1hYmEgZWxvZ2lvcyBwYXJhIGxhcyBpbnN0YWxhY2lvbmVzIGRlIGVzdGUgYmHDsW8u
RufOBw,,W1NjcnViYnldCkFzIGEgcmVzdWx0LCB0aGUgYmF0aGhvdXNlIG9mIHRoaXMgbWFuc2lvbiBiZWNhbWUgdmVyeSBmYW1vdXMuIFdlIGhvcGUgeW91IHdpbGwgcmVsaWV2ZSBhbGwgeW91ciBmYXRpZ3VlIGluIHRoaXMgaGlzdG9yaWMgYmF0aGhvdXNlLg==,,,,,W0VzZnJpZ2FdCkFzc2ltLCBhIHNhdW5hIGRlc3RhIG1hbnPDo28gdG9ybm91LXNlIGV4dHJlbWFtZW50ZSBmYW1vc2EuIEVzcGVyYW1vcyBxdWUgYWxpdmllIHRvZG8gbyBzZXUgY2Fuc2HDp28gbmVzdGUgaGlzdMOzcmljbyBlc3RhYmVsZWNpbWVudG8u,,W0V4Zm9saWFkb3JdClBvciBlc28sIGVsIGJhw7FvIGRlIGVzdGEgbWFuc2nDs24gc2UgaGl6byBzdW1hbWVudGUgZmFtb3NvLiBFc3Blcm8gcXVlIGVuIGVzdGUgYmHDsW8gZGUgdGFudGEgaGlzdG9yaWEgcHVlZGEgYWxpdmlhciBwb3IgY29tcGxldG8gc3UgZmF0aWdhIGFudGVzIGRlIG1hcmNoYXJzZS4=
R+fOBw,,W0JvaWxhXQpPaCwgaHVtYW4gZ3Vlc3RzIGFyZSBub3Qgc3VwcG9zZWQgdG8gZW50ZXIgaGVyZSBjYXJlbGVzc2x5LiBUaGUgdGVtcGVyYXR1cmUgaXMgbm90IHZlcnkgZ29vZC4=,,,,,W0NhbGRpcmFdCkVpLCB2b2PDqnMgbsOjbyBkZXZlcmlhbSBlbnRyYXIgYXF1aSBzZW0gcGVybWlzc8Ojby4gQSB0ZW1wZXJhdHVyYSBuw6NvIMOpIGRhcyBtZWxob3Jlcy4=,,W0NhbGRlcmFdCkVoLCBsb3MgaHXDqXNwZWRlcyBodW1hbm9zIG5vIGRlYmVyw61hbiBlbnRyYXIgYXF1w60gYSBsYSBsaWdlcmEuIE5vIGVzIG11eSByZXNpc3RlbnRlLg==
SOfOBw,,SSBoYXZlIGJ1c2luZXNzIGhlcmUu,,,,,VGVuaG8gdW0gYXNzdW50byBhIHRyYXRhci4=,,VGVuZ28gdW4gYXN1bnRvLg==
SefOBw,,W0JvaWxhXQpIbW0uLi4gSXQgY2Fubm90IGJlIGhlbHBlZC4gQnV0IGJlIGNhcmVmdWwgb2YgdGhlIHBpcGVzLiBJZiB5b3UgdG91Y2ggdGhlbSwgdGhleSB3aWxsIG92ZXJoZWF0LgpCeSB0aGUgd2F5LCB3aGF0IGlzIHlvdXIgYnVzaW5lc3M/IEkgZG8gbm90IGhhdmUgbXVjaCB0aW1lLg==,,,,,W0NhbGRpcmFdCkNlcnRvLi4uIHPDsyBuw6NvIHRvcXVlIG5vcyBjYW5vcywgZWxlcyBlc3TDo28gbXVpdG8gcXVlbnRlcy4KUXVhbCDDqSBvIGFzc3VudG8/IE7Do28gcG9zc28gcGVyZGVyIG11aXRvIHRlbXBvLg==,,W0NhbGRlcmFdCk1tbS4uLiBubyBoYXkgbcOhcyByZW1lZGlvLiBQZXJvIGN1aWRhZG8gY29uIGxhcyB0dWJlcsOtYXMuIFNpIGxhcyB0b2NhcyBtYWwsIHNlIG94aWRhbi4KRW50b25jZXMsIMK/Y3XDoWwgZXMgZWwgYXN1bnRvPyBObyBwdWVkbyBzYWNhciBtdWNobyB0aWVtcG8u
SufOBw,,UGxlYXNlIHN0b3AgdGhlIGJvaWxlci4=,,,,,RGVzbGlndWUgYSBjYWxkZWlyYSwgQ2FsZGlyYQ==,,UG9yIGZhdm9yLCBkZXRlbmdhIGVsIGZ1bmNpb25hbWllbnRvIGRlIENhbGRlcmEu
S+fOBw,,W0JvaWxhXQpUaGUgQm9pbGVyPyBJIGhhdmUgXjAwMDBDRGFscmVhZHkgc3RvcHBlZCBpdF4wMDAwMDAuIFN0cmFuZ2UuIFRoZSBzdGVhbSBpcyBzdGlsbCBjb21pbmcgb3V0PyBUaGUgYm9pbGVyIGlzIG5vdCBydW5uaW5nLiBMb29rIGhlcmUuIEkgd2FzIGluc3BlY3RpbmcgaXQgd2hpbGUgaXQgd2FzIHBhdXNlZC4KSXMgaXQgYmVjYXVzZSB0aGUgd2F0ZXIgaGFzIG5vdCBjb29sZWQgeWV0PyBJbiBhbnkgY2FzZSwgdGhlIGJvaWxlciBpcyB0dXJuZWQgb2ZmLg==,,,,,W0NhbGRpcmFdClXDqT8gYSBeMDAwMENEY2FsZGVpcmEgZXN0w6EgZGVzbGlnYWRhXjAwMDAwMC4gRXN0cmFuaG8uIE8gdmFwb3IgY29udGludWEgc2FpbmRvPwpUYWx2ZXogc2VqYSBwb3JxdWUgYSDDoWd1YSBhaW5kYSBuw6NvIGVzZnJpb3UuIERlIHF1YWxxdWVyIGZvcm1hLCBhIGNhbGRlaXJhIGVzdMOhIGRlc2xpZ2FkYS4=,,W0NhbGRlcmFdCsK/Q2FsZGVyYT8gXjAwMDBDRFlhIGxvIGRldHV2ZV4wMDAwMDAsIMK/ZWg/IFF1w6kgcmFyby4gwr9EaWNlIHF1ZSBlbCB2YXBvciBzaWd1ZSBzYWxpZW5kbz8gQ2FsZGVyYSBubyBlc3TDoSBmdW5jaW9uYW5kby4gTWlyZS4gQXByb3ZlY2hhbmRvIHF1ZSBzZSBkZXR1dm8gdW4gbW9tZW50bywgZXN0YWJhIGhhY2llbmRvIHVuYSByZXZpc2nDs24uCsK/U2Vyw6EgcG9ycXVlIGVsIGFndWEgYcO6biBubyBzZSBoYSBlbmZyaWFkbz8gRW4gZmluLCBDYWxkZXJhIGVzdMOhIGFwYWdhZG8u
TOfOBw,,W0JvaWxhXQpUaGlzIHdvdWxkIGZpdCBwZXJmZWN0bHkgaGVyZS4gT2guLi4gbm90IHBlcmZlY3QsIGJ1dCBpdCBpcyB1c2VmdWwu,,,,,W0NhbGRpcmFdCklzc28gcGFyZWNlIHNlIGVuY2FpeGFyIGFxdWkuIE9oLi4uIG7Do28gZW5jYWl4YSwgbWFzIHNlcnZpdS4=,,W0NhbGRlcmFdClNpIGxvIHVzbyBhcXXDrSwgcGFyZWNlIHF1ZSBlbmNhamFyw6EgcGVyZmVjdG8uIE9oLi4uIE5vIGVzIHBlcmZlY3RvLCBwZXJvIHNpcnZlLg==
TefOBw,,W0JvaWxhXQpEaWQgeW91IHNlZSBtYW55IG9mIHRoZXNlIG9uIHlvdXIgd2F5IGhlcmU/,,,,,W0NhbGRpcmFdClBvciBhY2FzbyB2b2PDqiB2aXUgbXVpdG8gZGlzc28gYXF1aSBubyBjYW1pbmhvPw==,,W0NhbGRlcmFdCsK/UG9yIGNhc3VhbGlkYWQgdmlzdGUgbXVjaGFzIGNvc2FzIGNvbW8gZXN0YSBkZSBjYW1pbm8gYXF1w60/
TufOBw,,Tm8uIEl0IGlzIG15IGZpcnN0IHRpbWUgc2VlaW5nIGl0Lg==,,,,,TsOjby4gw4kgYSBwcmltZWlyYSB2ZXogcXVlIHZlam8u,,Tm8uIEVzIGxhIHByaW1lcmEgdmV6IHF1ZSBsbyB2ZW8u
T+fOBw,,W0JvaWxhXQpIbW0uLi4gSSBwaWNrZWQgaXQgdXAgb24gdGhlIHdheSBoZXJlLiBJdCBzZWVtcyBsaWtlIGFuIEF1dG9tYXRyb24gcGFydC4gVGhlcmUgYXJlIHNvIG1hbnkgb3V0c2lkZSwgc28gSSBwaWNrIGl0IHVwIHRvIHVzZSBmb3IgcmVwYWlycy4=,,,,,W0NhbGRpcmFdCkFobi4uLiBlbmNvbnRyZWkgZXNzYSBQZcOnYSBkZSBBdXTDtG1hdGEgUXVlYnJhZGEgcG9yIGHDrS4gQ29tbyBow6EgbXVpdGFzIGzDoSBmb3JhLCBwZW5zZWkgZW0gcmVjb2xoZXIgcGFyYSB1c2FyIG5vcyByZXBhcm9zLg==,,W0NhbGRlcmFdCk1tbS4uLiBMbyByZWNvZ8OtIGRlIGNhbWlubyBhcXXDrSwgeSBwb3IgbcOhcyBxdWUgbG8gbWlyZSBwYXJlY2UgdW5hIHBpZXphIGRlIHVuIGF1dMOzbWF0YS4gQ29tbyBhZnVlcmEgaGF5IHRhbnTDrXNpbW9zLCBwZW5zw6kgcXVlIHNvbG8gZXN0YWJhIHRpcmFkbyBwb3IgYWjDrS4gU2kgZXN0YWJhIHRpcmFkbywgaWJhIGEgcmVjb2dlcmxvIHBhcmEgdXNhcmxvIGVuIHJlcGFyYWNpb25lcy4=
UOfOBw,,W0JvaWxhXQpObyBtYXR0ZXIgaG93IG11Y2ggd2UgY2xlYXIgb3V0IHRoZSBicm9rZW4gb25lcywgbW9yZSBrZWVwIGFwcGVhcmluZy4gRXZlbiBhZnRlciByZXBhaXJpbmcgYW5kIHJlbW92aW5nIHRoZW0sIGJyb2tlbiBBdXRvbWF0YSBjb250aW51ZSB0byBlbWVyZ2UuIFdoeSBpcyB0aGF0PyBJcyBvbmUgb2YgdGhlIGVycm9ycyBzZWxmLXJlcGxpY2F0aW9uPwpIb25lc3RseSwgU3dpc2hpZSBkb2VzIG5vdCBjbGVhbiBwcm9wZXJseS4gU3RpbGwsIGl0IHdhcyBzb21ldGhpbmcgd2UgbmVlZGVkLiBJIHNob3VsZCBzYXkgdGhhbmsgeW91Lg==,,,,,W0NhbGRpcmFdCkFsacOhcywgbWVzbW8gY29uc2VydGFuZG8gYXMgcXVlYnJhZGFzLCBjb250aW51YW0gYXBhcmVjZW5kbyBtYWlzLiBQb3IgcXXDqj8KU2luY2VyYW1lbnRlLCBWYWhpZGEgbsOjbyB2YXJyZSBkaXJlaXRvLCBtYXMgcHJlY2lzbyBkZWxhLiBEZXZvIGFncmFkZWNlci4=,,W0NhbGRlcmFdClkgYXVuIGFzw60sIHBvciBtw6FzIHF1ZSBvcmRlbmUgYSBsb3MgcXVlIGVzdMOhbiBhdmVyaWFkb3MsIHNpZ3VlbiBhcGFyZWNpZW5kby4gQXVucXVlIGxvcyBhcnJlZ2xlIHkgbG9zIHF1aXRlLCBzaWd1ZW4gc3VyZ2llbmRvIGF1dMOzbWF0YXMgYXZlcmlhZG9zLiDCv1BvciBxdcOpIHNlcsOhPyDCv1VubyBkZSBsb3MgZXJyb3JlcyBlcyBsYSBhdXRvcnJlcGxpY2FjacOzbj8KRW4gZmluLiBTd2lzaGllIHRhbXBvY28gbGltcGlhIGNvbW8gZXMgZGViaWRvLiBQZXJvLCBkZSB0b2RvcyBtb2RvcywgZXJhIGFsZ28gcXVlIG5lY2VzaXRhYmEuIFN1cG9uZ28gcXVlIGRlYm8gZGFydGUgbGFzIGdyYWNpYXMu
UefOBw,,Q2xlYW5pbmcgaXMgZnJlcXVlbnQsIGJ1dCB0aGVyZSBhcmUgdG9vIG1hbnkgb2YgdGhlbS4=,,,,,TGltcGFtb3MgYmFzdGFudGUsIG1hcyBow6EgbXVpdG8gbyBxdWUgZmF6ZXIu,,TGltcGlvIGEgbWVudWRvLCBwZXJvIGVzb3Mgc29uIGRlbWFzaWFkb3Mu
UufOBw,,W0JvaWxhXQouLi5XaHkgYXJlIHlvdSBub3QgbGVhdmluZz8gVGhlIGJvaWxlciBpcyBvZmYuIERpZCB5b3Ugbm90IGNvbWUgdG8gdGVsbCBtZSB0aGF0Pw==,,,,,W0NhbGRpcmFdCi4uLiBWYWkgZmljYXIgYcOtPyBBIGNhbGRlaXJhIGrDoSBmb2kgZGVzbGlnYWRhLiBOw6NvIHZlaW8gZGl6ZXIgaXNzbz8=,,W0NhbGRlcmFdCi4uLiBQZXJvIMK/bm8gdGUgdmFzPyBBcGFndcOpIENhbGRlcmEuIMK/Tm8gdmluaXN0ZSBhIGRlY2lyIGVzbz8=
U+fOBw,,Q291bGQgaXQgYmUgYW4gQXV0b21hdHJvbj8=,,,,,TyBmYW50YXNtYSBzZXJpYSB1bWEgQXV0w7RtYXRhPw==,,wr9ObyBzZXLDoSB1biBhdXTDs21hdGE/
VOfOBw,,W0JvaWxhXQpXaGF0PyBUaGUgc3RyYW5nZSBjcmVhdHVyZT8=,,,,,W0NhbGRpcmFdCk8gcXXDqj8gTyBzZXIgc29icmVuYXR1cmFsPw==,,W0NhbGRlcmFdCsK/UXXDqT8gwr9VbmEgY3JpYXR1cmEgbW9uc3RydW9zYT8=
VefOBw,,W1N3aXNoaWVdClRoYXQgaXMgdW5saWtlbHkuIElmIGl0IHdlcmUsIHdlIHdvdWxkIGhhdmUgbm90aWNlZCBmaXJzdCwgaGF2ZSB5b3Ugbm90IGNvbnNpZGVyZWQgdGhhdD8=,,,,,W1ZhaGlkYV0KRHV2aWRvLiBTZSBmb3NzZSwgasOhIHRlcsOtYW1vcyBwZXJjZWJpZG8gcHJpbWVpcm8u,,W1N3aXNoaWVdCk5vIHNlcsOhIGVzby4gU2kgbG8gZnVlcmEsIMK/bm8gc2UgdGUgb2N1cnJpw7MgcGVuc2FyIHF1ZSBub3NvdHJvcyBsbyBoYWJyw61hbW9zIG5vdGFkbyBwcmltZXJvPw==
VufOBw,,W0JvaWxhXQpUaG9zZSBvdXRzaWRlIGFyZSBiZWNhdXNlIG9mIHRoZSBpbnRydWRlcnMuLi4gSXQgaXMgbm90IGFzIGlmIHRoZXkgd2lzaCB0byBiZSBsaWtlIHRoYXQu,,,,,W0NhbGRpcmFdCkFzIGF1dMO0bWF0YXMgZXN0w6NvIHF1ZWJyYW5kbyBwb3IgY2F1c2EgZG9zIGludHJ1c29zLi4uIG7Do28gw6kgY3VscGEgZGVsYXMu,,W0NhbGRlcmFdCkxvIGRlIGFmdWVyYSBlcyBwb3IgY3VscGEgZGUgbG9zIGludHJ1c29zLCBzdXBvbmdvLi4uIE5vIGVzIHF1ZSBlbGxvcyBlc3TDqW4gYXPDrSBwb3JxdWUgcXVpZXJhbi4=
V+fOBw,,VGhlIG1hZCBpbnRydWRlcnMuIFRoZXkgZGVzdHJveWVkIHNvbWUgb2YgdXMuIFJlcGFpcnMgYXJlIG9uZ29pbmcu,,,,,RWxlcyBxdWVicmFyYW0gbXVpdGFzIGF1dMO0bWF0YXMu,,SW50cnVzb3MgZW5sb3F1ZWNpZG9zLiBMb3MgaW50cnVzb3MgZGVzdHJ1eWVyb24gbXVjaG9zIGx1Z2FyZXMgeSBhbGd1bm9zIGRlIG5vc290cm9zIGZ1aW1vcyBkZXN0cnVpZG9zLiBFc3RhbW9zIHJlcGFyYW5kbywgcGVyby4uLg==
WOfOBw,,VGhlbiB3aGF0IGRvIHlvdSB0aGluayB0aGUgTXV0YW50IENyZWF0dXJlIGlzPw==,,,,,RW50w6NvLCBvIHF1ZSBhY2hhIHF1ZSDDqSBDcmlhdHVyYSBNdXRhbnRlPw==,,RW50b25jZXMsIMK/cXXDqSBjcmVlIHF1ZSBlcyBDcmlhdHVyYSBNdXRhbnRlPw==
WefOBw,,W0JvaWxhXQpJdCBtaWdodCBiZSB0aGUgXjAwMDBDRGdob3N0IGF0dGFjaGVkIHRvIHRoaXMgYm9pbGVyXjAwMDAwMC4=,,,,,W0NhbGRpcmFdCk5hIG1pbmhhIG9waW5pw6NvLCBhY3JlZGl0byBxdWUgc2VqYSBvIF4wMDAwQ0Rlc3DDrXJpdG8gZGEgY2FsZGVpcmFeMDAwMDAwLg==,,W0NhbGRlcmFdCkVzbyBxdWl6w6Egc2VhIHVuIF4wMDAwQ0Rlc3DDrXJpdHUgYWRoZXJpZG8gYSBDYWxkZXJhXjAwMDAwMC4=
WufOBw,,W1N3aXNoaWVdCldoYXQgYXJlIHlvdSBzYXlpbmc/,,,,,W1ZhaGlkYV0KRG8gcXVlIGVzdMOhIGZhbGFuZG8/,,W1N3aXNoaWVdCsK/RGUgcXXDqSBlc3TDoXMgaGFibGFuZG8/
W+fOBw,,W0JvaWxhXQpBIGdob3N0LiBZb3UgZG8gbm90IGtub3c/IHswfSwgeW91IGtub3csIHJpZ2h0PyBXaGVuIHNvbWV0aGluZyBkaWVzIGFuZCB3aGF0IGR3ZWxsZWQgd2l0aGluIGxpbmdlcnMgd2l0aG91dCBmb3JtLgpXaGF0IGhhcHBlbnMgaGVyZSBpcyB2ZXJ5IHNpbWlsYXIgdG8gd2hhdCBodW1hbnMgZGVzY3JpYmUgYXMgdGhlIHdvcmsgb2YgYSBnaG9zdC4=,,,,,W0NhbGRpcmFdCkVzcMOtcml0by4gVm9jw6ogc2FiZSBvIHF1ZSDDqSB1bSBlc3DDrXJpdG8sIHswfT8gw4kgYWxnbyBxdWUgbW9ycmV1LCBtYXMgY29udGludWEgdml2by4KUGVsbyBtZW5vcyDDqSBvIHF1ZSBlbnRlbmRpIGxlbmRvIHVtIGxpdnJvLg==,,W0NhbGRlcmFdCkRpZ28gdW4gZXNww61yaXR1LiDCv05vIHNhYmVzIGxvIHF1ZSBlcyB1biBlc3DDrXJpdHU/IHswfSBzw60gbG8gc2FiZSwgwr92ZXJkYWQ/IEVzIGFsZ28gcXVlIG11cmnDsyB5IGxvIHF1ZSBlc3RhYmEgYWxsw60sIHNpbiBmb3JtYSwgdmFnYS4KTG8gcXVlIG9jdXJyZSBhcXXDrSBzZSBwYXJlY2UgbXVjaMOtc2ltbyBhIGxvIHF1ZSBsb3MgaHVtYW5vcyBjdWVudGFuIHF1ZSBoYWNlbiBsb3MgZXNww61yaXR1cy4=
XOfOBw,,VGhlbiBpdCByZWFsbHkgaXMgYSBnaG9zdC4uLg==,,,,,RW50w6NvIMOpIG1lc21vIHVtIGZhbnRhc21hLi4uPw==,,RW50b25jZXMsIGFsIGZpbmFsIHN1IHZlcmRhZGVyYSBpZGVudGlkYWQgZXMgdW4gZmFudGFzbWEuLi4=
XefOBw,,W0JvaWxhXQpIbW0uLi4gSSBkbyBub3QgdGhpbmsgc28uIEFofiB5b3UgdGhvdWdodCBpdCB3YXMgYSBodW1hbiBnaG9zdC4gTm90IHRoYXQuIEkgbWVhbiB0aGUgQXV0b21hdHJvbiB0aGF0IG1hbmFnZWQgdGhlIEJvaWxlciBoZXJlIGxvbmcgYmVmb3JlIEkgY2FtZS4KQmFjayB0aGVuLCBpdCB3YXMgYSBzbWFsbCBib2lsZXIgZm9yIGEgc2luZ2xlIGJhdGgsIHNvIHN1cHBseWluZyB3YXRlciB0byBzbyBtYW55IGJhdGhzIGNhdXNlZCBmcmVxdWVudCBvdmVybG9hZHMuIEl0IGNvdWxkIG5vdCB3aXRoc3RhbmQgdGhlIGhpZ2ggcHJlc3N1cmUgYW5kIHRlbXBlcmF0dXJlLg==,,,,,W0NhbGRpcmFdCkjDoy4uLiBuw6NvIGV4YXRhbWVudGUuIEFofiBOw6NvIMOpIHVtIGVzcMOtcml0byBodW1hbm8uIEFudGVzIGRlIGV1IGNoZWdhciwgaGF2aWEgb3V0cmEgQXV0w7RtYXRhIHF1ZSBjdWlkYXZhIGRhIGNhbGRlaXJhLgpOYSDDqXBvY2EgZXJhIHVtYSBjYWxkZWlyYSBtZW5vciwgZSBhw60gc29icmVjYXJyZWdhdmEgbXVpdG8gcsOhcGlkby4gTsOjbyBzdXBvcnRhdmEgYWx0YSBwcmVzc8OjbyBlIHRlbXBlcmF0dXJhLg==,,W0NhbGRlcmFdCk1tbS4uLiBObywgY3JlbyBxdWUgbm8uIEFofiBQZW5zYXN0ZSBxdWUgZXJhIHVuIGVzcMOtcml0dSBodW1hbm8uIE5vIGVzIGVzbzsgbWUgcmVmaWVybyBhbCBhdXTDs21hdGEgcXVlIGFkbWluaXN0cmFiYSBDYWxkZXJhIGFxdcOtLCBoYWNlIG11Y2hvLCBhbnRlcyBkZSBxdWUgeW8gdmluaWVyYS4KRW4gYXF1ZWwgZW50b25jZXMgZXJhIHVuYSBjYWxkZXJhIHBhcmEgdW4gYmHDsW8gcGVxdWXDsW8sIGFzw60gcXVlIGFsIGFiYXN0ZWNlciBkZSBhZ3VhIGEgdGFudG9zIGJhw7FvcyBjb21vIGFob3JhLCBzZSBzb2JyZWNhcmdhYmEgYSBtZW51ZG8uIE5vIHNvcG9ydGFiYSBsYSBhbHRhIHByZXNpw7NuIHkgbGEgYWx0YSB0ZW1wZXJhdHVyYS4=
XufOBw,,W0JvaWxhXQpBbnl3YXksIHdoaWxlIHJlcGFpcmluZyBpdCwgaXQgZXhwbG9kZWQgYW5kIGJ1cm5lZCwgYW5kIHRoZSBBdXRvbWF0cm9uIHdhcyBjb21wbGV0ZWx5IGRlc3Ryb3llZCBhcyB3ZWxsLiBJIHRoaW5rIGl0IG1pZ2h0IGJlIHRoYXQgQXV0b21hdHJvbi4KUGVyaGFwcyBieSBzb21lIHVua25vd24gbWV0aG9kLCBpdHMgZGF0YSB3YXMgaW1wcmludGVkIG9udG8gdGhpcyBib2lsZXIu,,,,,W0NhbGRpcmFdCkVucXVhbnRvIHRlbnRhdmFtIGNvbnNlcnTDoS1sYSwgZWxhIGV4cGxvZGl1LiBBIEF1dMO0bWF0YSBmb2kgdG90YWxtZW50ZSBkZXN0cnXDrWRhLiBUYWx2ZXogZWxhIG8gZXNww61yaXRvLgpBY2hvIHF1ZSwgZGUgYWxndW1hIGZvcm1hLCBzZXVzIGRhZG9zIGZpY2FyYW0gZ3JhdmFkb3MgbmVzdGEgY2FsZGVpcmEgbWFpb3Iu,,W0NhbGRlcmFdCkVuIGZpbiwgbWllbnRyYXMgbG8gcmVwYXJhYmFuLCBleHBsb3TDsyB5IHNlIGluY2VuZGnDsywgeSBlbCBhdXTDs21hdGEgdGFtYmnDqW4gcXVlZMOzIGNvbXBsZXRhbWVudGUgY2FsY2luYWRvLiBDcmVvIHF1ZSBwcm9iYWJsZW1lbnRlIHNlYSBlc2UgYXV0w7NtYXRhLgpQaWVuc28gcXVlLCBwb3IgYWxnw7puIG3DqXRvZG8gZGVzY29ub2NpZG8sIHNlIGdyYWJhcm9uIGRhdG9zIGVuIGVzdGEgQ2FsZGVyYS4=
X+fOBw,,W0JvaWxhXQpUaGlzIGJvaWxlciBzb21ldGltZXMgb3BlcmF0ZXMgb24gaXRzIG93biB3aXRob3V0IGFueW9uZSB0b3VjaGluZyBpdC4gSSBiZWxpZXZlIHRoZSBkYXRhIG9mIHRoYXQgcGFzdCBBdXRvbWF0cm9uIHJlbWFpbnMgYW5kIGNvbnRpbnVlcyBleGVjdXRpbmcgaXRzIGNvbW1hbmRzLgpUaGVuIGl0IG1ha2VzIHNlbnNlIHRoYXQgd2UgaGVhciBzb3VuZHMgYW5kIHNlbnNlIHByZXNlbmNlIHdpdGhvdXQgZm9ybS4gSXQgYWxzbyBlbWl0cyBzdGVhbSwgc28gc3RyYW5nZSBzaGFwZXMgbWF5IGFwcGVhci4=,,,,,W0NhbGRpcmFdCsOAcyB2ZXplcywgYSBjYWxkZWlyYSBzZSBtb3ZlIHNvemluaGEuIEFjaG8gcXVlIG9zIGRhZG9zIGRhIGFudGlnYSBBdXTDtG1hdGEgcGVybWFuZWNlbSBleGVjdXRhbmRvIGNvbWFuZG9zLgpBc3NpbSBmYXogc2VudGlkbyBvdXZpciBzb25zIGUgdmVyIHZ1bHRvcy4gVGFtYsOpbSBsaWJlcmEgdmFwb3IsIGVudMOjbyBwb2RlbSBzdXJnaXIgZm9ybWFzIGVzdHJhbmhhcy4=,,W0NhbGRlcmFdCkVzdGEgQ2FsZGVyYSBhIHZlY2VzIHNlIG11ZXZlIHNvbGEgYXVucXVlIG5hZGllIGxhIHRvcXVlLCB5IHBvciBsbyBxdWUgdmVvLCBwYXJlY2UgcXVlIHF1ZWRhcm9uIGxvcyBkYXRvcyBkZSBhcXVlbCBhdXTDs21hdGEgZGVsIHBhc2FkbyB5IHNpZ3VlIGVqZWN1dGFuZG8gw7NyZGVuZXMuCkVudG9uY2VzIHRpZW5lIHNlbnRpZG8gcXVlLCBzaW4gZm9ybWEsIHNlIG9pZ2FuIHNvbmlkb3MgeSBzZSBwZXJjaWJhIHVuYSBwcmVzZW5jaWEuIENvbW8gdGFtYmnDqW4gZXhwdWxzYSB2YXBvciwgaW5jbHVzbyBwb2Ryw61hIHZlcnNlIHVuYSBmaWd1cmEgZXh0cmHDsWEu
YOfOBw,,VGhhdCBpcyByYXRoZXIgZnJpZ2h0ZW5pbmcu,,,,,RXNzYSBoaXN0w7NyaWEgw6kgYXNzdXN0YWRvcmEu,,RXNvIGRhIHVuIHBvY28gZGUgbWllZG8u
YefOBw,,W0JvaWxhXQpGcmlnaHRlbmluZz8gVGhlIFZhbHZlIGhlcmUgdGhpbmtzIGl0IGlzIHRoZSBib2lsZXIuIElzIHRoYXQgZnJpZ2h0ZW5pbmcgdG9vPyBWYWx2ZSwgbG9vayBvdmVyIGhlcmUu,,,,,W0NhbGRpcmFdCkFzc3VzdGFkb3JhPyBBIFZhbHZpbGEgYXF1aSBhY2hhIHF1ZSDDqSB1bWEgY2FsZGVpcmEhIFZhbHZpbGEsIHZlbSBhcXVpLg==,,W0NhbGRlcmFdCkRhIG1pZWRvLCBzw60uIExhIFbDoWx2dWxhIGRlIGFxdcOtIGNyZWUgcXVlIGVzIGxhIGNhbGRlcmE7IMK/ZXN0YSB0YW1iacOpbiBkYSBtaWVkbz8gVsOhbHZ1bGEsIG1pcmEgYXF1w60u
YufOBw,,W1ZhbHZlXQpIaXNz4oCU,,,,,W1ZhbHZpbGFdCkJlZWVwLS0=,,W1bDoWx2dWxhXQpDaGlpaWst
Y+fOBw,,W1N3aXNoaWVdCkEgZ2hvc3Qgb2YgdGhlIGJvaWxlcj8gRG8geW91IHRydWx5IHRoaW5rIHRoYXQgbWFrZXMgc2Vuc2U/IEl0IG11c3QgYmUgYSBwcm9ibGVtIHdlIGhhdmUgeWV0IHRvIGRpc2NvdmVyLiBQZXJoYXBzIGJlY2F1c2Ugd2UgYXJlIEF1dG9tYXRhLg==,,,,,W1ZhaGlkYV0KVW0gZXNww61yaXRvIGRhIGNhbGRlaXJhPyBJc3NvIG5lbSBmYXogc2VudGlkby4gRGV2ZSBoYXZlciB1bSBwcm9ibGVtYSBxdWUgYWluZGEgbsOjbyBkZXRlY3RhbW9zLiBUYWx2ZXogcG9yIHNlcm1vcyBBdXTDtG1hdGFzLg==,,W1N3aXNoaWVdCsK/RGUgdmVyZGFkIGNyZWVzIHF1ZSB0aWVuZSBzZW50aWRvIGRlY2lyIHF1ZSBlcyBlbCBlc3BlY3RybyBkZSBDYWxkZXJhPyBTZXLDoSBwb3IgYWxnw7puIHByb2JsZW1hIHF1ZSBhw7puIG5vIGhlbW9zIGRlc2N1YmllcnRvLiBQZXJvIHByb2JhYmxlbWVudGUgcG9ycXVlIHNvbW9zIGF1dMOzbWF0YXMu
ZOfOBw,,W1N3aXNoaWVdCldlIGNhbm5vdCBoZWFyIHRoZSBwcmVzZW5jZSBvciBzb3VuZHMgdGhhdCBodW1hbiBndWVzdHMgaGVhciBhbmQgc2Vuc2UsIHNvIHRoZXJlIG11c3QgY2VydGFpbmx5IGJlIHRoaW5ncyB3ZSBhcmUgbWlzc2luZy4=,,,,,W1ZhaGlkYV0KQ29tbyBuw6NvIG91dmltb3MgbmVtIHNlbnRpbW9zIHByZXNlbsOnYXMgb3Ugc29ucyBjb21vIG9zIGh1bWFub3MsIGNlcnRhbWVudGUgaMOhIGFsZ28gcXVlIGRlaXhhbW9zIHBhc3Nhci4=,,W1N3aXNoaWVdCkNyZW8gcXVlIHNpbiBkdWRhIGhheSBhbGdvIHF1ZSBzZSBub3MgZXNjYXBhLCBwb3JxdWUgbm8gcG9kZW1vcyBvw61yIGxhIHByZXNlbmNpYSBuaSBsb3Mgc29uaWRvcyBxdWUgbG9zIGh1w6lzcGVkZXMgaHVtYW5vcyBveWVuIHkgc2llbnRlbi4=
ZefOBw,,W1N3aXNoaWVdCkluIHRoZSBlbmQsIHdlIGNvdWxkIG5vdCBldmVuIHBlcmNlaXZlIHRoZSBleGlzdGVuY2Ugb2YgdGhlIHByb2JsZW0uIFBlcmhhcHMgdGhlcmUgYXJlIGlzc3VlcyB3ZSBmYWlsIHRvIGRpc2NvdmVyIGR1ZSB0byB0aGUgbGltaXRzIG9mIG91ciBvcmlnaW4uClRoYXQgaXMgd2h5IHdlIHByb3Bvc2VkIHRvIGRpc2NvdmVyIHRoZSBwcm9ibGVtIHRvZ2V0aGVyIHdpdGggdGhlIGd1ZXN0cy4=,,,,,W1ZhaGlkYV0KTm8gZmltLCBuZW0gc2VxdWVyIHBlcmNlYmVtb3MgYSBleGlzdMOqbmNpYSBkbyBwcm9ibGVtYS4gVGFsdmV6IGhhamEgcXVlc3TDtWVzIHF1ZSBuw6NvIGNvbnNlZ3VpbW9zIGRldGVjdGFyIHBvciBsaW1pdGHDp8O1ZXMgZGUgbm9zc2EgcHLDs3ByaWEgbmF0dXJlemEuClBvciBpc3NvIHN1Z2VyaSBxdWUgYnVzY8Ohc3NlbW9zIGEgc29sdcOnw6NvIGp1bnRvIGFvcyB2aXNpdGFudGVzLg==,,W1N3aXNoaWVdClBlcm8gYWwgZmluYWwgbmkgc2lxdWllcmEgbm9zIGRpbW9zIGN1ZW50YSBkZSBsYSBleGlzdGVuY2lhIGRlbCBwcm9ibGVtYS4gUHJvYmFibGVtZW50ZSwgcHJvYmxlbWFzIHF1ZSBubyBwb2RlbW9zIGRlc2N1YnJpciBwb3IgbGFzIGxpbWl0YWNpb25lcyBkZSBudWVzdHJvIG9yaWdlbi4KUG9yIGVzbyBwcm9wdXNlIHF1ZSBkZXNjdWJyacOpcmFtb3MgZWwgcHJvYmxlbWEganVudG8gY29uIGxvcyBodcOpc3BlZGVzLg==
ZufOBw,,W1N3aXNoaWVdClRvIGJlIGhvbmVzdCwgdGhlcmUgaGFkIGJlZW4gbm8gdmlzaXRvcnMgZm9yIGEgbG9uZyB0aW1lLCBzbyB3ZSBkaWQgbm90IGtub3cgd2hhdCB3YXMgYWJub3JtYWwuIFRoZSBpc3N1ZSB3YXMgcmFpc2VkIG9ubHkgYWZ0ZXIgaHVtYW4gZ3Vlc3RzIGVudGVyZWQsIHNvIHdvdWxkIGl0IG5vdCBiZSByZWFzb25hYmxlIHRvIGZvY3VzIG9uIHRoZSBkaWZmZXJlbmNlcyBiZXR3ZWVuIGh1bWFucyBhbmQgdXMgQXV0b21hdGE/,,,,,W1ZhaGlkYV0KUGFyYSBzZXIgc2luY2VyYSwgY29tbyBuw6NvIGhhdmlhIHZpc2l0YW50ZXMgaMOhIG11aXRvIHRlbXBvLCBuw6NvIG5vdGFtb3MgbmFkYSBlc3RyYW5oby4gQSBxdWVzdMOjbyBzw7Mgc3VyZ2l1IGFww7NzIGEgZW50cmFkYSBkb3MgaHVtYW5vcywgZW50w6NvIMOpIHJhem/DoXZlbCBmb2NhciBuYXMgZGlmZXJlbsOnYXMgZW50cmUgaHVtYW5vcyBlIGF1dMO0bWF0YXMu,,W1N3aXNoaWVdClNpbmNlcmFtZW50ZSwgY29tbyBubyBodWJvIHVzdWFyaW9zIGR1cmFudGUgbXVjaG8gdGllbXBvLCBubyBzYWLDrWFtb3MgcXXDqSBlcmEgbG8gZXh0cmHDsW8uIFBlcm8gY29tbyBlcyB1biBwcm9ibGVtYSBwbGFudGVhZG8gc29sbyBkZXNwdcOpcyBkZSBxdWUgZW50cmFyYW4gaHXDqXNwZWRlcyBodW1hbm9zLCDCv25vIGVzIHJhem9uYWJsZSBmaWphcnNlIGVuIGxhcyBkaWZlcmVuY2lhcyBlbnRyZSBsb3MgaHVtYW5vcyB5IG51ZXN0cm9zIGF1dMOzbWF0YXM/
Z+fOBw,,W1N3aXNoaWVdCkkgaGF2ZSBoZWFyZCB0aGF0IGh1bWFucyBwb3NzZXNzIGhpZ2hseSBkZXZlbG9wZWQgc2Vuc2VzIGFuZCBlbW90aW9ucy4gQW5kIGV2ZW4gdGhlIHJlYXNvbmluZyBhYmlsaXR5IHRvIHN5bnRoZXNpemUgYWxsIG9mIHRoZW0uCldlIGNvbXBpbGUgaW5mb3JtYXRpb24gdG8gcmVhY2ggY29uY2x1c2lvbnMsIGJ1dCBodW1hbnMgYXJlIGRpZmZlcmVudC4gSSBoYXZlIGhlYXJkIHRoZXkgaW5jb3Jwb3JhdGUgcGVyc29uYWwgZXhwZXJpZW5jZSwgdGhvdWdodHMsIGFuZCBpbWFnaW5hdGlvbiB3aGVuIGRyYXdpbmcgY29uY2x1c2lvbnMu,,,,,W1ZhaGlkYV0KT3V2aSBkaXplciBxdWUgb3MgaHVtYW5vcyBwb3NzdWVtIHNlbnRpZG9zIGRlc2Vudm9sdmlkb3MgZSBlbW/Dp8O1ZXMuIEUgYWluZGEgYSBjYXBhY2lkYWRlIGRlIHJhY2lvY8OtbmlvIHF1ZSBpbnRlZ3JhIHR1ZG8gaXNzby4KTsOzcyBhcGVuYXMgY29tcGlsYW1vcyBpbmZvcm1hw6fDtWVzLCBtYXMgb3MgaHVtYW5vcyBzw6NvIGRpZmVyZW50ZXMuIEVsZXMgY29uc2lkZXJhbSBleHBlcmnDqm5jaWFzIHBlc3NvYWlzIGUgYXTDqSBpbWFnaW5hw6fDo28u,,W1N3aXNoaWVdCkhlIG/DrWRvIHF1ZSBsb3MgaHVtYW5vcyB0aWVuZW4gc2VudGlkb3MgeSBlbW9jaW9uZXMgZGVzYXJyb2xsYWRvcy4gWSBoYXN0YSBjYXBhY2lkYWQgZGUgcGVuc2FtaWVudG8gcGFyYSBpbnRlZ3JhciB0b2RvIGVzby4KTm9zb3Ryb3Mgc29sbyByZXVuaW1vcyBpbmZvcm1hY2nDs24geSBzYWNhbW9zIHVuYSBjb25jbHVzacOzbiwgcGVybyBsb3MgaHVtYW5vcyBzb24gZGlzdGludG9zLiBIZSBvw61kbyBxdWUsIGFsIHNhY2FyIGNvbmNsdXNpb25lcywgaW50ZWdyYW4gdGFtYmnDqW4gZXhwZXJpZW5jaWFzIHBlcnNvbmFsZXMsIHBlbnNhbWllbnRvcyBlIGltYWdpbmFjacOzbi4=
aOfOBw,,W1N3aXNoaWVdCkkgc2luY2VyZWx5IGhvcGUgdGhlIHByb2JsZW0gY2FuIGJlIHJlc29sdmVkLg==,,,,,W1ZhaGlkYV0KRXNwZXJvIHNpbmNlcmFtZW50ZSBxdWUgY29uc2lnYW0gcmVzb2x2ZXIgbyBwcm9ibGVtYS4=,,W1N3aXNoaWVdCkVzcGVybyBxdWUgcHVlZGFzIHJlc29sdmVyIGVsIHByb2JsZW1hLg==
aefOBw,,W0JvaWxhXQpTaW5jZSB0aGUgYm9pbGVyIGlzIG9mZiwgcGxlYXNlIGluZm9ybSB0aGUgPE5BVkk+W290aGVyIGd1ZXN0c108SU5GTz5iYV9iYXRoLDI3MCw5NCwwLDEwMSwwPC9JTkZPPjwvTkFWST4gdGhhdCB0aGV5IG1heSBzZWFyY2ggYXQgZWFzZS4=,,,,,W0NhbGRpcmFdCkNvbW8gYSBjYWxkZWlhIGVzdMOhIGRlc2xpZ2FkYSwgdm9jw6ogasOhIHBvZGUgYXZpc2FyIDxOQVZJPltzZXVzIGFtaWdvc108SU5GTz5iYV9iYXRoLDI3MCw5NCwwLDEwMSwwPC9JTkZPPjwvTkFWST4u,,W0NhbGRlcmFdCkNvbW8geWEgYXBhZ3XDqSBDYWxkZXJhLCBkw61nYWxlcyBhIGxvcyA8TkFWST5bb3Ryb3MgaHXDqXNwZWRlc108SU5GTz5iYV9iYXRoLDI3MCw5NCwwLDEwMSwwPC9JTkZPPjwvTkFWST4gcXVlIHB1ZWRlbiBidXNjYXIgY29uIHRyYW5xdWlsaWRhZC4=
aufOBw,,W0JvaWxhXQpHbyBtZWV0IFN3aXNoaWUgb3IgdGhlIDxOQVZJPltvdGhlciBndWVzdHNdPElORk8+YmFfYmF0aCwyNzAsOTQsMCwxMDEsMDwvSU5GTz48L05BVkk+LiBJIG11c3QgY29udGludWUgZ3VhcmRpbmcgdGhlIGJvaWxlci4gSWYgeW91IGxlYXJuIGFueXRoaW5nLCBjb21lIGJhY2sgaGVyZSBhbmQgYmUgc3VyZSB0byB0ZWxsIG1lLiBJIGFtIGN1cmlvdXMu,,,,,W0NhbGRpcmFdClbDoSBlbmNvbnRyYXIgVmFoaWRhIG91IG9zIDxOQVZJPltzZXVzIGFtaWdvc108SU5GTz5iYV9iYXRoLDI3MCw5NCwwLDEwMSwwPC9JTkZPPjwvTkFWST4uIEV1IHByZWNpc28gY29udGludWFyIGFxdWkgdmlnaWFuZG8gYSBjYWxkZWlyYS4gU2UgZGVzY29icmlyIGFsZ28sIHZvbHRlIGFxdWkgZSBtZSBpbmZvcm1lLg==,,W0NhbGRlcmFdClZlIGEgdmVyIGEgU3dpc2hpZSBvIGEgbG9zIDxOQVZJPltvdHJvcyBodcOpc3BlZGVzXTxJTkZPPmJhX2JhdGgsMjcwLDk0LDAsMTAxLDA8L0lORk8+PC9OQVZJPi4gWW8gdGVuZ28gcXVlIHNlZ3VpciB2aWdpbGFuZG8gZGVsYW50ZSBkZSBDYWxkZXJhLiBTaSBhdmVyaWd1YXMgYWxnbywgdmVuIGFxdcOtIHkgZMOtbWVsbywgwr9zw60/IFRlbmdvIGN1cmlvc2lkYWQu
a+fOBw,,W0JvaWxhXQpJdCB3b3VsZCBiZSBiZXR0ZXIgdG8gbG9vayBlbHNld2hlcmUgcmF0aGVyIHRoYW4gaGVyZS4=,,,,,W0NhbGRpcmFdClNlcmlhIG1lbGhvciBpbnZlc3RpZ2FyIGVtIG91dHJvIGx1Z2FyLg==,,W0NhbGRlcmFdClNlcsOtYSBtZWpvciByZXZpc2FyIG90cm9zIGx1Z2FyZXMgcXVlIGVzdGUu
bOfOBw,,W0JvaWxhXQpJdCBzb3VuZHMgbm9pc3kgb3ZlciB0aGVyZS4gU2hvdWxkIHlvdSBub3QgZ28gYW5kIGNoZWNrPw==,,,,,W0NhbGRpcmFdCkVzdMOhIGJhcnVsaGVudG8gYWxpLCBuw6NvIGRldmVyaWEgaXIgdmVyaWZpY2FyPw==,,W0NhbGRlcmFdCkFsbMOtIGVzdMOhIHRvZG8gYWxib3JvdGFkbywgwr9ubyBkZWJlcsOtYXMgaXIgYSB2ZXI/
befOBw,,SXQncyBvdmVyIGFuZCBkb25lISE=,,,,,SsOhIGVzdMOhIHR1ZG8gcHJvbnRvISE=,,wr9ZYSBzZSBoYSBpbmZ1c2lvbmFkbyB0b2RvISE=
bufOBw,,W0JvaWxhXQpXaGF0IGFyZSB5b3UgY3VyaW91cyBhYm91dD8gSXMgdGhlcmUgc29tZXRoaW5nIGFib3V0IHVzIHRoYXQgaW50ZXJlc3RzIHlvdT8=,,,,,W0NhbGRpcmFdCk8gcXVlIHZlaW8gcGVyZ3VudGFyPyBIw6EgYWxnbyBzb2JyZSBuw7NzIHF1ZSBxdWVpcmEgc2FiZXI/,,W0NhbGRlcmFdCsK/UXXDqSB0ZSB0cmFlIHBvciBhcXXDrT8gwr9IYXkgYWxnbyBxdWUgdGUgZMOpIGN1cmlvc2lkYWQgZGUgbm9zb3Ryb3M/
b+fOBw,,QWJvdXQgdGhlIGJvaWxlci4uLg==,,,,,U29icmUgYSBjYWxkZWlyYS4uLg==,,Q2FsZGVyYS4uLg==
cOfOBw,,SGVyYnMgYW5kIHN1Y2guLi4=,,,,,U29icmUgZXJ2YXMgZGUgYmFuaG8uLi4=,,Q29zYXMgY29tbyBoaWVyYmFzIG1lZGljaW5hbGVzLi4u
cefOBw,,W0JvaWxhXQpUaGUgQm9pbGVyPyBBcmUgeW91IGN1cmlvdXMgYWJvdXQgdGhlIEJvaWxlcj8gV2h5PyBBcmUgeW91IHRyeWluZyB0byBzdGVhbCB0aGUgQm9pbGVyPw==,,,,,W0NhbGRpcmFdClBvciBxdWUgcXVlciBzYWJlciBzb2JyZSBhIGNhbGRlaXJhPyBOw6NvIHZhaSB0ZW50YXIgcm91YsOhLWxhLCB2YWk/,,W0NhbGRlcmFdCsK/Q2FsZGVyYT8gwr9UZSBkYSBjdXJpb3NpZGFkIENhbGRlcmE/IMK/UG9yIHF1w6k/IMK/QWNhc28gcXVpZXJlcyByb2JhcnRlIENhbGRlcmE/
cufOBw,,U3RlYWwgdGhlIEJvaWxlcj8=,,,,,Um91YmFyIGEgY2FsZGVpcmE/,,wr9Sb2JhciBDYWxkZXJhPw==
c+fOBw,,W0JvaWxhXQpBaCwgbm8/IFRoZSBpbnRydWRlciBzaG93ZWQgZ3JlYXQgaW50ZXJlc3QgaW4gdGhlIEJvaWxlciBhbmQgdGhlIHN1cHBseSBzeXN0ZW0uIEFuZCB0aGVuIHRoZXkgc3RvbGUgdGhlIEJvaWxlci4gV2l0aG91dCBteSBrbm93bGVkZ2UuCkJ1dCB7MH0gZG9lcyBub3Qgc2VlbSBpbnRlcmVzdGVkIGluIHN1Y2ggdGhpbmdzLiBJIHdvbmRlcmVkIGlmIHlvdSB3YW50ZWQgdG8gdGFrZSB0aGUgQm9pbGVyLiBJZiBub3QsIHRoZW4gbmV2ZXIgbWluZC4=,,,,,W0NhbGRpcmFdCkFoLCBuw6NvPyBPcyBpbnZhc29yZXMgZGVtb25zdHJhcmFtIGVub3JtZSBpbnRlcmVzc2Ugbm8gc2lzdGVtYSBkZSBhYmFzdGVjaW1lbnRvLiBEZXBvaXMgcm91YmFyYW0gYSBjYWxkZWlyYS4gU2VtIHF1ZSBldSBwZXJjZWJlc3NlLgpNYXMgdm9jw6ogbsOjbyB0ZW0gaW50ZXJlc3NlIG5pc3NvLiBQZW5zZWkgcXVlIHRhbHZleiBxdWlzZXNzZSBsZXbDoS1sYS4gU2UgbsOjbywgdHVkbyBiZW0u,,W0NhbGRlcmFdCkFoLCDCv25vPyBFcyBxdWUgZWwgaW50cnVzbyBtb3N0csOzIG11Y2jDrXNpbW8gaW50ZXLDqXMgcG9yIENhbGRlcmEgeSBlbCBzaXN0ZW1hIGRlIHN1bWluaXN0cm8uIFkgbHVlZ28gc2Ugcm9iw7MgQ2FsZGVyYS4gU2luIHF1ZSB5byBtZSBkaWVyYSBjdWVudGEuClBlcm8gY29tbyB7MH0gcGFyZWNlIHF1ZSBubyBzZSBpbnRlcmVzYXLDrWEgcG9yIGVzdGFzIGNvc2FzLCBwZW5zw6kgcXVlIHF1aXrDoSBxdWVyw61hcyBsbGV2YXJ0ZSBDYWxkZXJhLiBTaSBubywgZW50b25jZXMgbm8u
dOfOBw,,W0JvaWxhXQpXaGF0IHdlcmUgdGhleSBwbGFubmluZyB0byBkbyB3aXRoIGl0PyBCdWlsZCBhbiBvcGVuLWFpciBiYXRoIHBlcmhhcHM/CkhtbS4uLiBJIGNhbm5vdCBxdWl0ZSBpbWFnaW5lIHdoYXQgY2FuIGJlIGRvbmUgd2l0aCBhIEJvaWxlci4gQ2FuIGh1bWFucyBtYWtlIHNvbWV0aGluZyB3aXRoIGl0PyBJcyBpdCB0aGUgc2FtZSBmb3IgeW91LCB7MH0/,,,,,W0NhbGRpcmFdCk1hcyBvIHF1ZSBwcmV0ZW5kaWFtIGZhemVyIGNvbSBlbGE/IENvbnN0cnVpciB1bWEgc2F1bmEgY29uY29ycmVudGU/CkhtLi4uIG7Do28gY29uc2lnbyBpbWFnaW5hciBvIHF1ZSBmYXJpYW0gY29tIGEgY2FsZGVpcmEuIEh1bWFub3MgY29uc2VndWVtIGNyaWFyIGFsZ28gY29tIGlzc28/IFZvY8OqIHNhYmUsIHswfT8=,,W0NhbGRlcmFdClBlcm8gZW50b25jZXMsIMK/cGFyYSBxdcOpIHNlIGxsZXbDsyBlc28gZXNlIGludHJ1c28/IMK/UXVlcsOtYSBoYWNlciBhdW5xdWUgZnVlcmEgdW4gYmHDsW8gYWwgYWlyZSBsaWJyZT8KSG1tLi4uIE5vIHNlIG1lIG9jdXJyZSBiaWVuIHF1w6kgc2UgcG9kcsOtYSBoYWNlciBjb24gQ2FsZGVyYS4gwr9QYXJlY2UgcXVlIGxvcyBodW1hbm9zIHB1ZWRlbiBmYWJyaWNhciBhbGdvPyDCv0EgdXN0ZWQgdGFtYmnDqW4gbGUgcGFzYSwgezB9Pw==
defOBw,,V2hhdCBlbHNlIGRpZCB0aGV5IGRvPw==,,,,,TyBxdWUgbWFpcyBvcyBpbnZhc29yZXMgZml6ZXJhbT8=,,wr9RdcOpIG3DoXMgaGljaWVyb24gZWxsb3M/
dufOBw,,W0JvaWxhXQpIbW0uLi4gVGhleSBlbmpveWVkIHNvYWtpbmcsIGJ1dCB0aGV5IHdlcmUgZXZlbiBtb3JlIG9ic2Vzc2VkIHdpdGggdGhlIEJvaWxlci4gVGhleSBhbHNvIHNlZW1lZCBpbnRlcmVzdGVkIGluIHRoZSBwdXJpZmljYXRpb24gZmFjaWxpdGllcy4=,,,,,W0NhbGRpcmFdCkjDoy4uLiBnb3N0YXZhbSBkZSBzZSBiYW5oYXIsIG1hcyBlcmFtIGFpbmRhIG1haXMgb2JjZWNhZG9zIHBlbGEgY2FsZGVpcmEuIFRhbWLDqW0gcGFyZWNpYW0gaW50ZXJlc3NhZG9zIG5hIHB1cmlmaWNhw6fDo28gZGUgw6FndWEu,,W0NhbGRlcmFdCk1tbS4uLiBUYW1iacOpbiBsZSBndXN0YWJhIHN1bWVyZ2lyc2UsIHBlcm8gbcOhcyBxdWUgZXNvLCBlc3RhYmEgbcOhcyBvYnNlc2lvbmFkbyBjb24gQ2FsZGVyYS4gWSBwYXJlY8OtYSBxdWUgdGFtYmnDqW4gbGUgaW50ZXJlc2FiYSBsYSBpbnN0YWxhY2nDs24gZGUgcHVyaWZpY2FjacOzbi4=
d+fOBw,,W0JvaWxhXQpJIHdhcyBleGNpdGVkIGFuZCBleHBsYWluZWQgZXZlcnl0aGluZy4gSSBuZXZlciBleHBlY3RlZCB0aGVtIHRvIHN0ZWFsIHRoZSBCb2lsZXIuIFRydWx5IG5ldmVyLiBJcyB0aGF0IHdoYXQgdGhleSBjYWxsIGh1bWFuIHdoaW0/,,,,,W0NhbGRpcmFdCkZpcXVlaSBhbmltYWRhIGUgZXhwbGlxdWVpIHR1ZG8gcHJhIGVsZXMuIE1hcyBuw6NvIGltYWdpbmVpIHF1ZSByb3ViYXJpYW0gYSBjYWxkZWlyYS4gSXNzbyDDqSBhIGZhbW9zYSBpbm9jw6puY2lhIGh1bWFuYT8=,,W0NhbGRlcmFdCllvLCBlbW9jaW9uYWRvLCBzZSBsbyBleHBsaXF1w6kuIFBlcm8gbm8gcGVuc8OpIHF1ZSBmdWVyYW4gYSByb2JhciBDYWxkZXJhLiBEZSB2ZXJ+ZGFkIHF1ZSBubyBsbyBwZW5zw6kuIMK/RXNvIGVzIGxvIHF1ZSBsbGFtYW4gZWwgZmFtb3NvIGNhcHJpY2hvIGh1bWFubz8=
eOfOBw,,W0JvaWxhXQpEbyB5b3UgYWxzbyBoYXZlIHdoaW1zLCB7MH0/IFRoZXJlIGlzIHN0aWxsIG11Y2ggSSBkbyBub3QgdW5kZXJzdGFuZCBhYm91dCBodW1hbnMuIFRoZXJlIHNlZW1zIHRvIGJlIG11Y2ggSSBtdXN0IGxlYXJuLiBTbyB0aGF0IEkgY2FuIHByZXBhcmUuIFNvIGl0IHdpbGwgbmV2ZXIgYmUgc3RvbGVuIGFnYWluLg==,,,,,W0NhbGRpcmFdClZvY8OqIHNlIGNvbnNpZGVyYSBpbm9jZW50ZSwgezB9PyBBaW5kYSBow6EgY29pc2FzIHF1ZSBuw6NvIHNlaSBzb2JyZSBodW1hbm9zLiBQYXJlY2UgcXVlIHByZWNpc28gYXByZW5kZXIgbWFpcy4gQXNzaW0gcG9kZXJlaSBtZSBwcmVwYXJhci4gUGFyYSBxdWUgbnVuY2EgbWFpcyBtZSByb3ViZW0u,,W0NhbGRlcmFdCsK/VXN0ZWQgdGFtYmnDqW4gdGllbmUgY2FwcmljaG9zLCB7MH0/IEHDum4gaGF5IG11Y2hhcyBjb3NhcyBxdWUgbm8gc8OpIHNvYnJlIGxvcyBodW1hbm9zLiBQYXJlY2UgcXVlIGhheSBtdWNobyBxdWUgZGVibyBzYWJlci4gQXPDrSBwb2Ryw6kgZXN0YXIgcHJlcGFyYWRvLiBQYXJhIHF1ZSBubyB2dWVsdmFuIGEgcm9iYXJsbyBudW5jYSBtw6FzLg==
eefOBw,,W0JvaWxhXQpGb3IgZXhhbXBsZS4gV2hlbiBteSBtYXN0ZXIgc29ha2VkIGluIHRoZSBiYXRoLCBoZSBzYWlkIGl0IHdhcyByZWZyZXNoaW5nLiBJdCB3YXMgY2xlYXJseSBleHRyZW1lbHkgaG90IHdhdGVyLiBJIHdvbmRlcmVkIGlmIEkgaGFkIHNldCB0aGUgdGVtcGVyYXR1cmUgaW5jb3JyZWN0bHkuIEJ1dCBJIGhhZCBub3Qu,,,,,W0NhbGRpcmFdClBvciBleGVtcGxvLCBub3NzbyBtZXN0cmUgZGl6aWEgcXVlIGEgw6FndWEgZXN0YXZhIHJlZnJlc2NhbnRlIHF1YW5kbyBlbnRyYXZhIG5vIGJhbmhvLiBNYXMgZXN0YXZhIGV4dHJlbWFtZW50ZSBxdWVudGUuIFBlbnNlaSBxdWUgdGl2ZXNzZSBhanVzdGFkbyBhIHRlbXBlcmF0dXJhIGVycmFkbywgbWFzIG7Do28u,,W0NhbGRlcmFdClBvciBlamVtcGxvLiBNaSBhbW8gZGlqbyBxdWUgZXJhIHJlZnJlc2NhbnRlIGN1YW5kbyBzZSBzdW1lcmfDrWEgZW4gZWwgYmHDsW8uIFBlcm8gZXJhLCBzaW4gZHVkYSwgdW4gYWd1YSB0cmVtZW5kYW1lbnRlIGNhbGllbnRlLiBQZW5zw6k6IMKrwr9NZSBoYWJyw6kgZXF1aXZvY2FkbyBjb24gbGEgdGVtcGVyYXR1cmE/LCBwZXJvIG5vIGVyYSBlc28u
eufOBw,,W0JvaWxhXQpZZXQgaGUgc2FpZCBpdCB3YXMgcmVmcmVzaGluZy4gV2hhdCBkb2VzIHRoYXQgbWVhbj8gQW0gSSBtaXN1bmRlcnN0YW5kaW5nIHNvbWV0aGluZz8=,,,,,W0NhbGRpcmFdCk1lc21vIGFzc2ltLCBlbGUgZGlzc2UgcXVlIGVzdGF2YSByZWZyZXNjYW50ZS4gTyBxdWUgaXNzbyBzaWduaWZpY2E/IEVzdG91IGludGVycHJldGFuZG8gZXJyYWRvPw==,,W0NhbGRlcmFdClkgYXVuIGFzw60gZGlqbyBxdWUgZXJhIHJlZnJlc2NhbnRlLiDCv1F1w6kgc2lnbmlmaWNhIGVzbz8gwr9FcyBxdWUgeW8gbG8gZW50aWVuZG8gbWFsPw==
e+fOBw,,W0JvaWxhXQpBbHNvLiBXaGVuIHRoZXNlIGRyaWVkIGhlcmJzIGFyZSBzdGVlcGVkIGluIGhvdCB3YXRlciwgdGhlaXIgY29tcG9uZW50cyBhcmUgZXh0cmFjdGVkLiBUaGF0IGlzIGFsbC4KWWV0IHRoZXkgc2F5IGl0IGlzIGdvb2QgZm9yIHRoZSBib2R5IGFuZCBpbnN0cnVjdCB1cyB0byBmaWxsIGV2ZXJ5IGJhdGggd2l0aCB3YXRlciBpbmZ1c2VkIHdpdGggdmFyaW91cyBoZXJicy4gRG8gaHVtYW5zIGJyZWF0aGUgdGhyb3VnaCB0aGVpciBza2luPyBPciBkbyB0aGV5IGRyaW5rIHRoZSB3YXRlciB0aHJvdWdoIGl0Pw==,,,,,W0NhbGRpcmFdCkUgbWFpcy4gUXVhbmRvIHNlIGluZnVuZGVtIGVzc2FzIGVydmFzIHNlY2FzIGVtIMOhZ3VhIHF1ZW50ZSwgb3MgY29tcG9uZW50ZXMgc8OjbyBsaWJlcmFkb3MuIE1hcyDDqSBzw7MgaXNzby4KQWluZGEgYXNzaW0sIGRpemVtIHF1ZSBmYXogYmVtIGFvIGNvcnBvIGUgbWFuZGFtIGVuY2hlciB0b2RhcyBhcyBwaXNjaW5hcyBjb20gZXJ2YXMuIEh1bWFub3MgcmVzcGlyYW0gcGVsYSBwZWxlPyBPdSBiZWJlbSBlc3NhIMOhZ3VhIHBlbGEgcGVsZT8=,,W0NhbGRlcmFdClkgYWRlbcOhcy4gU2kgc2UgaW5mdXNpb25hbiBlc3RhcyBoaWVyYmFzIHNlY2FzIGVuIGFndWEgY2FsaWVudGUsIHN1cyBjb21wb25lbnRlcyBzZSBleHRyYWVuLiBQZXJvIHNvbG8gZXMgZXNvLgpBdW4gYXPDrSwgZGljZW4gcXVlIGVzIGJ1ZW5vIHBhcmEgZWwgY3VlcnBvIHkgcXVlIGhheSBxdWUgbGxlbmFyIHRvZG9zIGxvcyBiYcOxb3MgY29uIGFndWEgaW5mdXNpb25hZGEgY29uIGRpdmVyc2FzIGhpZXJiYXMgbWVkaWNpbmFsZXMuIMK/TG9zIGh1bWFub3MgcmVzcGlyYW4gcG9yIGxhIHBpZWw/IMK/TyBiZWJlbiBlc2EgYWd1YSBwb3IgbGEgcGllbD8=
fOfOBw,,W0JvaWxhXQpIdW1hbnMgaW1tZXJzZSB0aGVtc2VsdmVzIGluIHRoYXQgd2F0ZXIgYW5kIHJlam9pY2UuIFdoeSBpcyB0aGF0Pw==,,,,,W0NhbGRpcmFdCkh1bWFub3MgcGFyZWNlbSBmZWxpemVzIGFvIHNlIGJhbmhhciBuZXNzYSDDoWd1YS4gUG9yIHF1w6o/,,W0NhbGRlcmFdCkxvcyBodW1hbm9zIHNlIGFsZWdyYW4gbWllbnRyYXMgc2Ugc3VtZXJnZW4gZW4gZXNhIGFndWEuIMK/UG9yIHF1w6kgc2Vyw6E/
fefOBw,,W0JvaWxhXQpBaCwgYW5kIGFub3RoZXIgdGhpbmchIFdoeSBkbyB0aGV5IGdyaW5kIHNlYXdlZWQgcGxhY2VkIGFyb3VuZCB0aGUgYmF0aCBhbmQgYXBwbHkgaXQgdG8gdGhlaXIgZmFjZXMgaW5zdGVhZCBvZiBzdGVlcGluZyBpdCBpbiB3YXRlcj8KSSB0cmllZCBpdCBteXNlbGYgb3V0IG9mIGN1cmlvc2l0eSwgYnV0IEkgY291bGQgbm90IHRlbGwgd2hhdCBpdCB3YXMgZ29vZCBmb3IuIFBlcmhhcHMgaXQgaXMgYmVjYXVzZSBJIGFtIGFuIEF1dG9tYXRyb24/,,,,,W0NhbGRpcmFdCkFoLCB0ZW0gbWFpcyEgUG9yIHF1ZSBhcyBhbGdhcyBuw6NvIHPDo28gaW5mdW5kaWRhcyBuYSDDoWd1YSwgbWFzIGFwbGljYWRhcyBubyByb3N0bz8KRmlxdWVpIHTDo28gY3VyaW9zYSBxdWUgZXhwZXJpbWVudGVpIHRhbWLDqW0sIG1hcyBuw6NvIHBlcmNlYmkgYmVuZWbDrWNpbyBhbGd1bS4gVGFsdmV6IHNlamEgcG9ycXVlIHNvdSB1bWEgQXV0w7RtYXRhLg==,,W0NhbGRlcmFdCkFoLCDCoXkgaGF5IG3DoXMhIMK/UG9yIHF1w6kgbGFzIGFsZ2FzIG1vbGlkYXMgcXVlIGVzdMOhbiBjb2xvY2FkYXMgcG9yIGFxdcOtIHkgcG9yIGFsbMOhIGVuIGVsIGJhw7FvIG5vIHNlIHBvbmVuIGVuIGVsIGFndWEgcGFyYSBpbmZ1c2lvbmFybGFzLCBzaW5vIHF1ZSBzZSBhcGxpY2FuIGVuIGxhIGNhcmE/ClRlbsOtYSB0YW50YSBjdXJpb3NpZGFkIHF1ZSB5byB0YW1iacOpbiBsbyBwcm9iw6ksIHBlcm8gbm8gc8OpIGJpZW4gcGFyYSBxdcOpIGVzIGJ1ZW5vLiDCv1NlcsOhIHBvcnF1ZSBzb3kgdW4gYXV0w7NtYXRhPw==
fufOBw,,W0JvaWxhXQpJZiBJIHBvc3Nlc3NlZCB0aGUgZml2ZSBzZW5zZXMgbGlrZSBodW1hbnMsIEkgbWlnaHQgdW5kZXJzdGFuZCB0aGVtIGJldHRlci4gV2h5IGRpZCBteSBtYXN0ZXIgbm90IGdyYW50IHVzIHN1Y2ggdGhpbmdzPw==,,,,,W0NhbGRpcmFdClNlIGV1IHRpdmVzc2Ugb3MgY2luY28gc2VudGlkb3MgY29tbyBvcyBodW1hbm9zLCBwb2RlcmlhIGVudGVuZMOqLWxvcyBtZWxob3IuIFBvciBxdWUgbm9zc28gbWVzdHJlIG7Do28gbm9zIGNvbmNlZGV1IGlzc28/,,W0NhbGRlcmFdClNpIHlvIHRhbWJpw6luIHR1dmllcmEgZXNvIHF1ZSBsbGFtYW4gbG9zIGNpbmNvIHNlbnRpZG9zLCBjb21vIGxvcyBodW1hbm9zLCBwb2Ryw61hIGVudGVuZGVybG9zIG1lam9yLiDCv1BvciBxdcOpIG1pIGFtbyBubyBub3MgZGlvIGFsZ28gYXPDrT8=
f+fOBw,,W0JvaWxhXQpIZXJicz8gQXJlIHlvdSBjdXJpb3VzIGFib3V0IHRoZSBoZXJicyBzdXBwbGllZCB0byB0aGUgYmF0aHM/IFdoeT8gRG8geW91IG5vdCBsaWtlIHRoZSB3YXRlciBzdXBwbGllZCB0byB0aGUgYmF0aHM/,,,,,W0NhbGRpcmFdCkVydmFzPyBUZW0gY3VyaW9zaWRhZGUgc29icmUgYXMgZXJ2YXMgZm9ybmVjaWRhcyBuYSBzYXVuYT8gUG9yIHF1w6o/IE7Do28gZ29zdGEgZGEgw6FndWEgcXVlIMOpIGZvcm5lY2lkYT8=,,W0NhbGRlcmFdCsK/SGllcmJhcyBtZWRpY2luYWxlcz8gwr9MZSBkYW4gY3VyaW9zaWRhZCBsYXMgaGllcmJhcyBtZWRpY2luYWxlcyBxdWUgc2Ugc3VtaW5pc3RyYW4gYWwgYmHDsW8/IMK/UG9yIHF1w6k/IMK/Tm8gbGUgZ3VzdGEgZWwgYWd1YSBxdWUgc2Ugc3VtaW5pc3RyYSBhbCBiYcOxbz8=
gOfOBw,,SSB0cnVseSBsaWtlIGl0Lg==,,,,,UG9ycXVlIHPDo28gZXJ2YXMgYm9hcy4=,,UG9ycXVlIG1lIGVuY2FudGEu
gefOBw,,W0JvaWxhXQpBaCwgSSBzZWUuIE15IG1hc3RlciBjYXJlZnVsbHkgaW5zdHJ1Y3RlZCB3aGljaCBoZXJicyBzaG91bGQgYmUgdXNlZC4gRXZlcnlvbmUgc2VlbXMgdG8gZW5qb3kgdGhlbS4gQnV0IEkgZG8gbm90IHF1aXRlIHVuZGVyc3RhbmQu,,,,,W0NhbGRpcmFdCkFoLCDDqSBtZXNtbz8gTm9zc28gbWVzdHJlIGVzY29saGV1IGN1aWRhZG9zYW1lbnRlIHF1YWlzIGVydmFzIGRldmVyaWFtIHNlciB1c2FkYXMuIFRvZG9zIGdvc3RhbS4gTWFzIGV1IG7Do28gZW50ZW5kby4=,,W0NhbGRlcmFdCkFoaCwgwr92ZXJkYWQ/IEVzIHBvcnF1ZSBtaSBhbW8sIGNvbiBtdWNow61zaW1vIGN1aWRhZG8sIG1lIGluZGljw7MgbGFzIGhpZXJiYXMgbWVkaWNpbmFsZXMgcXVlIGRlYsOtYSB1c2FyLiBBIHRvZG9zIGxlcyBndXN0YS4gUGVybyB5byBubyBsbyBlbnRpZW5kbyBiaWVuLg==
gufOBw,,W0JvaWxhXQpJIHN0ZWVwIHRoZSBoZXJicyBwZXJmZWN0bHkgYW5kIHN1cHBseSB0aGVtIHRvIHRoZSBiYXRocyBleGFjdGx5IGFzIGluc3RydWN0ZWQgYnkgbXkgbWFzdGVyLCBidXQgd2h5IGRvIHdlIHN0ZWVwIGhlcmJzIGF0IGFsbD8=,,,,,W0NhbGRpcmFdCkV1IHByZXBhcm8gYXMgZXJ2YXMgcGVyZmVpdGFtZW50ZSBjb21vIG8gbWVzdHJlIGVuc2lub3UgZSBqb2dvIG5hIMOhZ3VhIGNvbSBwcmVjaXPDo28sIG1hcyBwb3IgcXVlIGluZnVuZGlyIGVydmFzPw==,,W0NhbGRlcmFdCkluZnVzaW9ubyBwZXJmZWN0YW1lbnRlIGxhcyBoaWVyYmFzIG1lZGljaW5hbGVzIHRhbCBjb21vIG1pIGFtbyBtZSBpbmRpY8OzIHkgbGFzIHN1bWluaXN0cm8gY29uIHByZWNpc2nDs24gYWwgYmHDsW8sIHBlcm8gwr9wb3IgcXXDqSBzZSBpbmZ1c2lvbmFuIGxhcyBoaWVyYmFzIG1lZGljaW5hbGVzPw==
g+fOBw,,W0JvaWxhXQpXaGVuIHRoZXNlIGRyaWVkIGhlcmJzIGFyZSBzdGVlcGVkIGluIGhvdCB3YXRlciwgdGhlaXIgY29tcG9uZW50cyBhcmUgZXh0cmFjdGVkLiBUaGF0IGlzIGFsbC4KWWV0IHRoZXkgc2F5IGl0IGlzIGdvb2QgZm9yIHRoZSBib2R5IGFuZCBpbnN0cnVjdCB1cyB0byBmaWxsIGV2ZXJ5IGJhdGggd2l0aCB3YXRlciBpbmZ1c2VkIHdpdGggdmFyaW91cyBoZXJicy4gRG8gaHVtYW5zIGJyZWF0aGUgdGhyb3VnaCB0aGVpciBza2luPyBPciBkbyB0aGV5IGRyaW5rIHRoZSB3YXRlciB0aHJvdWdoIGl0Pw==,,,,,W0NhbGRpcmFdClF1YW5kbyBzZSBpbmZ1bmRlbSBlc3NhcyBlcnZhcyBzZWNhcyBlbSDDoWd1YSBxdWVudGUsIG9zIGNvbXBvbmVudGVzIHPDo28gbGliZXJhZG9zLiBNYXMgw6kgc8OzIGlzc28uCkFpbmRhIGFzc2ltLCBkaXplbSBxdWUgZmF6IGJlbSBhbyBjb3JwbyBlIG1hbmRhbSBlbmNoZXIgdG9kYXMgYXMgcHNpY2luYXMgY29tIGVydmFzLiBIdW1hbm9zIHJlc3BpcmFtIHBlbGEgcGVsZT8gT3UgYmViZW0gZXNzYSDDoWd1YSBwZWxhIHBlbGU/,,W0NhbGRlcmFdClNpIHNlIGluZnVzaW9uYW4gZXN0YXMgaGllcmJhcyBzZWNhcyBlbiBhZ3VhIGNhbGllbnRlLCBzdXMgY29tcG9uZW50ZXMgc2UgZXh0cmFlbi4gUGVybyBzb2xvIGVzIGVzby4KQXVuIGFzw60sIGRpY2VuIHF1ZSBlcyBidWVubyBwYXJhIGVsIGN1ZXJwbyB5IHF1ZSBoYXkgcXVlIGxsZW5hciB0b2RvcyBsb3MgYmHDsW9zIGNvbiBhZ3VhIGluZnVzaW9uYWRhIGNvbiBkaXZlcnNhcyBoaWVyYmFzIG1lZGljaW5hbGVzLiDCv0xvcyBodW1hbm9zIHJlc3BpcmFuIHBvciBsYSBwaWVsPyDCv08gYmViZW4gZXNhIGFndWEgcG9yIGxhIHBpZWw/
hOfOBw,,W0JvaWxhXQpBaCwgYW5kIGFub3RoZXIgdGhpbmchIFdoeSBkbyB0aGV5IGdyaW5kIHNlYXdlZWQgcGxhY2VkIGFyb3VuZCB0aGUgYmF0aCBhbmQgYXBwbHkgaXQgdG8gdGhlaXIgZmFjZXMgaW5zdGVhZCBvZiBzdGVlcGluZyBpdCBpbiB3YXRlcj8=,,,,,W0NhbGRpcmFdCkFoLCB0ZW0gbWFpcyEgUG9yIHF1ZSBhcyBhbGdhcyBuw6NvIHPDo28gaW5mdW5kaWRhcyBuYSDDoWd1YSwgbWFzIGFwbGljYWRhcyBubyByb3N0bz8=,,W0NhbGRlcmFdCkFoLCDCoXkgaGF5IG3DoXMhIMK/UG9yIHF1w6kgbGFzIGFsZ2FzIG1vbGlkYXMgcXVlIGVzdMOhbiBjb2xvY2FkYXMgcG9yIGFxdcOtIHkgcG9yIGFsbMOhIGVuIGVsIGJhw7FvIG5vIHNlIHBvbmVuIGVuIGVsIGFndWEgcGFyYSBpbmZ1c2lvbmFybGFzLCBzaW5vIHF1ZSBzZSBhcGxpY2FuIGVuIGxhIGNhcmE/
hefOBw,,W0JvaWxhXQpXaGVuIG15IG1hc3RlciBzb2FrZWQgaW4gdGhlIGJhdGgsIGhlIHNhaWQgaXQgd2FzIHJlZnJlc2hpbmcuIEl0IHdhcyBjbGVhcmx5IGV4dHJlbWVseSBob3Qgd2F0ZXIuIEkgd29uZGVyZWQgaWYgSSBoYWQgc2V0IHRoZSB0ZW1wZXJhdHVyZSBpbmNvcnJlY3RseS4gQnV0IEkgaGFkIG5vdC4KWWV0IGhlIHNhaWQgaXQgd2FzIHJlZnJlc2hpbmcuIFdoYXQgZG9lcyB0aGF0IG1lYW4/IEFtIEkgbWlzdW5kZXJzdGFuZGluZyBzb21ldGhpbmc/,,,,,W0NhbGRpcmFdCk5vc3NvIG1lc3RyZSBkaXppYSBxdWUgYSDDoWd1YSBlc3RhdmEgcmVmcmVzY2FudGUgcXVhbmRvIGVudHJhdmEgbm8gYmFuaG8uIE1hcyBlc3RhdmEgZXh0cmVtYW1lbnRlIHF1ZW50ZS4gUGVuc2VpIHF1ZSB0aXZlc3NlIGFqdXN0YWRvIGEgdGVtcGVyYXR1cmEgZXJyYWRvLCBtYXMgbsOjby4KTWVzbW8gYXNzaW0sIGRpc3NlIHF1ZSBlc3RhdmEgcmVmcmVzY2FudGUuIE8gcXVlIGlzc28gc2lnbmlmaWNhPyBFc3RvdSBpbnRlcnByZXRhbmRvIGVycmFkbz8=,,W0NhbGRlcmFdCk1pIGFtbyBkaWpvIHF1ZSBlcmEgcmVmcmVzY2FudGUgY3VhbmRvIHNlIHN1bWVyZ8OtYSBlbiBlbCBiYcOxby4gUGVybyBlcmEsIHNpbiBkdWRhLCB1biBhZ3VhIHRyZW1lbmRhbWVudGUgY2FsaWVudGUuIFBlbnPDqTogwqvCv01lIGhhYnLDqSBlcXVpdm9jYWRvIGNvbiBsYSB0ZW1wZXJhdHVyYT8sIHBlcm8gbm8gZXJhIGVzby4KWSBhdW4gYXPDrSBkaWpvIHF1ZSBlcmEgcmVmcmVzY2FudGUuIMK/UXXDqSBzaWduaWZpY2EgZXNvPyDCv0VzIHF1ZSB5byBsbyBlbnRpZW5kbyBtYWw/
hufOBw,,W0JvaWxhXQpIdW1hbnMgYXJlIHRydWx5IGluY29tcHJlaGVuc2libGUuIFBlcmhhcHMgaXQgaXMgYmVjYXVzZSBJIGFtIGFuIEF1dG9tYXRyb24uIFN0aWxsLCB3aGVuIGl0IGNvbWVzIHRvIHRoZSBCb2lsZXIsIEkga25vdyBpdCB3ZWxsLg==,,,,,W0NhbGRpcmFdCkh1bWFub3Mgc8OjbyByZWFsbWVudGUgZGlmw61jZWlzIGRlIGVudGVuZGVyLiBUYWx2ZXogc2VqYSBwb3JxdWUgc291IHVtYSBBdXTDtG1hdGEuIEFpbmRhIGFzc2ltLCBxdWFuZG8gc2UgdHJhdGEgZGEgY2FsZGVpcmEsIGV1IGVudGVuZG8u,,W0NhbGRlcmFdCkRlIHZlcmRhZCBxdWUgbm8gc2UgcHVlZGUgZW50ZW5kZXIgYSBsb3MgaHVtYW5vcy4gwr9TZXLDoSBwb3JxdWUgc295IHVuIGF1dMOzbWF0YT8gQXVuIGFzw60sIHNpIHNlIHRyYXRhIGRlIENhbGRlcmEsIHlvIHPDrSBxdWUgbG8gc8OpIGJpZW4u
h+fOBw,,W0JvaWxhXQpCdXQgZG8gaHVtYW5zIG91dHNpZGUgbm90IHVzZSBhIEJvaWxlciBsaWtlIHRoaXM/IFRoZSBpbnRydWRlcnMgc2hvd2VkIHRyZW1lbmRvdXMgaW50ZXJlc3QgaW4gdGhlIEJvaWxlciBhbmQgdGhlIHN1cHBseSBzeXN0ZW0uIFRoZW4gdGhleSBldmVuIHN0b2xlIHRoZSBCb2lsZXIuIFdpdGhvdXQgbXkga25vd2xlZGdlLgpXaGF0IHdlcmUgdGhvc2UgaW50cnVkZXJzIHRyeWluZyB0byBkbyB3aXRoIGl0PyBXZXJlIHRoZXkgcGxhbm5pbmcgdG8gYnVpbGQgYW4gb3Blbi1haXIgYmF0aD8=,,,,,W0NhbGRpcmFdCk1hcyBvcyBodW1hbm9zIGzDoSBmb3JhIG7Do28gdXNhbSBjYWxkZWlyYXM/IE9zIGludmFzb3JlcyBkZW1vbnN0cmFyYW0gZW5vcm1lIGludGVyZXNzZSBubyBzaXN0ZW1hIGRlIGFiYXN0ZWNpbWVudG8uIERlcG9pcyByb3ViYXJhbSBhIGNhbGRlaXJhLiBTZW0gcXVlIGV1IHBlcmNlYmVzc2UuCk8gcXVlIHByZXRlbmRpYW0gZmF6ZXIgY29tIGVsYT8gQ29uc3RydWlyIHVtYSBzYXVuYSBjb25jb3JyZW50ZT8=,,W0NhbGRlcmFdClBlcm8gwr9sb3MgaHVtYW5vcyBkZSBhZnVlcmEgbm8gdXNhbiBhbGdvIGNvbW8gQ2FsZGVyYT8gTG9zIGludHJ1c29zIG1vc3RyYXJvbiBtdWNow61zaW1vIGludGVyw6lzIHBvciBDYWxkZXJhIHkgcG9yIGVsIHNpc3RlbWEgZGUgc3VtaW5pc3Ryby4gWSBlbnRvbmNlcyB0YW1iacOpbiByb2Jhcm9uIENhbGRlcmEuIFNpbiBxdWUgeW8gbWUgZGllcmEgY3VlbnRhLgrCv1BhcmEgcXXDqSBzZSBsbGV2w7MgZXNvIGVzZSBpbnRydXNvIGFsIGFycmFuY2FybG8/IMK/UXVlcsOtYSBoYWNlciBhdW5xdWUgZnVlcmEgdW4gYmHDsW8gYWwgYWlyZSBsaWJyZT8=
iOfOBw,,W0JvaWxhXQpIbW0uLi4gSSBjYW5ub3QgcXVpdGUgaW1hZ2luZSB3aGF0IG9uZSBjb3VsZCBkbyB3aXRoIGEgQm9pbGVyLiBQZXJoYXBzIGh1bWFucyBjYW4gY3JlYXRlIHNvbWV0aGluZyB3aXRoIGl0PyBJcyB0aGF0IHNvIGZvciB5b3UgYXMgd2VsbCwgezB9Pw==,,,,,W0NhbGRpcmFdCkhtLi4uIG7Do28gY29uc2lnbyBpbWFnaW5hciBvIHF1ZSBmYXJpYW0gY29tIGEgY2FsZGVpcmEuIFZvY8OqIHNhYmVyaWEgZGl6ZXIsIHswfT8=,,W0NhbGRlcmFdCk1tbS4uLiBObyBzZSBtZSBvY3VycmUgYmllbiBxdcOpIHNlIHBvZHLDrWEgaGFjZXIgY29uIENhbGRlcmEuIMK/UGFyZWNlIHF1ZSBsb3MgaHVtYW5vcyBwdWVkZW4gZmFicmljYXIgYWxnbyBjb24gZXNvLCBubz8gwr9BIHswfSB0YW1iacOpbiBsZSBwYXNhPw==
iefOBw,,Tm8uIEkgYW0gbm90IHBhcnRpY3VsYXJseSBpbnRlcmVzdGVkLg==,,,,,TsOjby4gTsOjbyB0ZW5obyBpbnRlcmVzc2Uu,,Tm8uIE5vIG1lIGludGVyZXNhIG11Y2hvLg==
iufOBw,,W0JvaWxhXQpJIHRob3VnaHQgc28uIHswfSBkb2VzIG5vdCBzZWVtIGludGVyZXN0ZWQgaW4gc3VjaCB0aGluZ3MuIEJ1dCBzaW5jZSBJIGRvIG5vdCBmdWxseSB1bmRlcnN0YW5kIGh1bWFucywgSSB3b25kZXJlZCBpZiBwZXJoYXBzIHlvdSBhbHNvIHdpc2hlZCB0byB0YWtlIHRoZSBCb2lsZXIuIElmIG5vdCwgdGhlbiBuZXZlciBtaW5kLg==,,,,,W0NhbGRpcmFdCkV1IGltYWdpbmVpLiB7MH0gbsOjbyB0ZW0gaW50ZXJlc3NlIG5pc3NvLiBNYXMgcGVuc2VpIHF1ZSB0YWx2ZXogezB9IHRhbWLDqW0gcXVpc2Vzc2UgbGV2YXIgYSBjYWxkZWlyYSBlbWJvcmEuIFNlIG7Do28sIHR1ZG8gYmVtLg==,,W0NhbGRlcmFdCk1lIGxvIGltYWdpbmFiYS4gUGFyZWNlcyBhbGd1aWVuIGEgcXVpZW4gbm8gbGUgaW50ZXJlc2FuIGVzdGFzIGNvc2FzLCB7MH0uIFBlcm8gY29tbyBubyBjb25vemNvIGJpZW4gYSBsb3MgaHVtYW5vcy4uLiBwZW5zw6kgcXVlIHF1aXrDoSB7MH0gdGFtYmnDqW4gcXVlcnLDrWEgbGxldmFyc2UgQ2FsZGVyYS4gU2kgbm8sIHB1ZXMgbmFkYS4=
i+fOBw,,W1ZhbHZlXQpJdCBoYXMgZnVsbHkgc3RlZXBlZC4gTm93IGl0IG11c3QgYmUgZHJ1bmsu,,,,,W1ZhbHZpbGFdCkFzIGVydmFzIGrDoSBlc3TDo28gYmVtIG1pc3R1cmFkYXMuIEFnb3JhIMOpIHByZWNpc28gYmViZXIu,,W1bDoWx2dWxhXQpZYSBoYSBpbmZ1c2lvbmFkbyB0b2RvLiBBaG9yYSBoYXkgcXVlIGJlYmVybG8u
jOfOBw,,W0JvaWxhXQpObyBvbmUgaXMgZ29pbmcgdG8gZHJpbmsgaXQu,,,,,W0NhbGRpcmFdCk7Do28gdm91IGJlYmVyLiBOaW5ndcOpbSB2YWkgYmViZXIu,,W0NhbGRlcmFdCk5vIGxvIHZveSBhIGJlYmVyLiBOYWRpZSBsbyB2YSBhIGJlYmVyLg==
jefOBw,,W1ZhbHZlXQpIYXMgaXQgbm90IHN0ZWVwZWQgZW5vdWdoIHlldD8gQ2FuIGl0IG5vdCBiZSBkcnVuayBhcyBpdCBpcz8gSWYgc3F1ZWV6ZWQgZmlybWx5LCB0aGUgZXh0cmFjdCB3aWxsIGNvbWUgb3V0Lg==,,,,,W1ZhbHZpbGFdCkFpbmRhIG7Do28gbWlzdHVyb3UgbyBzdWZpY2llbnRlPyBOw6NvIHBvZGUgYmViZXIgYXNzaW0gbWVzbW8/IFNlIGVzcHJlbWVyIGJlbSwgbyBleHRyYXRvIHZhaSBzYWlyLg==,,W1bDoWx2dWxhXQrCv0HDum4gbm8gaGEgaW5mdXNpb25hZG8gbG8gc3VmaWNpZW50ZT8gwr9ObyBzZSBwdWVkZSBiZWJlciBtw6FzIG8gbWVub3MgYXPDrT8gU2kgbG8gZXhwcmltZXMgYmllbiwgc2FsZHLDoSBlbCBleHRyYWN0byBjb25jZW50cmFkby4=
jufOBw,,W0JvaWxhXQpWYWx2ZS4gSHVtYW5zIGFyZSBub3QgdGVhYmFncy4gSSBoYXZlIHRvbGQgeW91IHRoaXMgbXVjaCBhbHJlYWR5LCBzbyB0cnkgdG8gcmVtZW1iZXIu,,,,,W0NhbGRpcmFdClZhbHZpbGEuIEh1bWFub3MgbsOjbyBzw6NvIHNhcXVpbmhvcyBkZSBjaMOhLiBKw6EgZmFsZWkgaXNzbyBkaXZlcnNhcyB2ZXplcywgbWVtb3JpemUu,,W0NhbGRlcmFdClbDoWx2dWxhLiBMb3MgaHVtYW5vcyBubyBzb24gYm9sc2l0YXMgZGUgdMOpLiBZYSBoZW1vcyBoYWJsYWRvIGJhc3RhbnRlLCBhc8OtIHF1ZSByZWN1w6lyZGFsby4=
j+fOBw,,W1ZhbHZlXQpCb2lsZXIgb25seSBuZWVkcyB0byBib2lsIHRoZSB3YXRlciBwcm9wZXJseS4=,,,,,W1ZhbHZpbGFdCkEgY2FsZGVpcmEgc8OzIHByZWNpc2EgZmVydmVyIGJlbSBhIMOhZ3VhLg==,,W1bDoWx2dWxhXQpDb24gQ2FsZGVyYSBiYXN0YSBjb24gaGVydmlyIGJpZW4gZWwgYWd1YS4=
kOfOBw,,W1ZhbHZlXQpUaGUgdGVtcGVyYXR1cmUgbXVzdCBiZSByYWlzZWQgZnVydGhlci4gU28gdGhhdCBpdCBzdGVlcHMgYmV0dGVyLg==,,,,,W1ZhbHZpbGFdCsOJIHByZWNpc28gYXVtZW50YXIgYSB0ZW1wZXJhdHVyYS4gUGFyYSBtaXN0dXJhciBtZWxob3Iu,,W1bDoWx2dWxhXQpIYXkgcXVlIHN1YmlyIG3DoXMgbGEgdGVtcGVyYXR1cmEuIFBhcmEgcXVlIGluZnVzaW9uZSBtZWpvci4=
kefOBw,,W0JvaWxhXQpJIHRvbGQgeW91IG5vdCB0byB0b3VjaCB0aGUgQm9pbGVyLg==,,,,,W0NhbGRpcmFdCkV1IGRpc3NlIHBhcmEgTsODTyBNRVhFUiBOQSBDQUxERUlSQSE=,,W0NhbGRlcmFdClRlIGRpamUgcXVlIG5vIGRlYmVzIHRvY2FyIENhbGRlcmEu
kufOBw,,LSBDbGFuZyEgLQ==,,,,,LSBQw4EhIC0=,,LSDCoUNsYW5nISAt
k+fOBw,,W0JvaWxhXQpTdG9wIHRoYXQgYW5kIGNvbWUgaGVyZS4=,,,,,W0NhbGRpcmFdClBhcmUgY29tIGlzc28gZSB2ZW5oYSBwYXJhIGPDoS4=,,W0NhbGRlcmFdCkJhc3RhLCB2ZW4gYXF1w60u
lOfOBw,,W0JvaWxhXQpUaGlzIHdheSBpdCB3aWxsIHN0YXkgcXVpZXQgZm9yIGEgd2hpbGUsIHNvIGl0IGlzIGZpbmUu,,,,,W0NhbGRpcmFdCkVsYSBmaWNhcsOhIHF1aWV0YSBwb3IgdW0gdGVtcG8sIGVudMOjbyBlc3TDoSB0dWRvIGJlbS4=,,W0NhbGRlcmFdCkFzw60gZXN0YXLDoSB0cmFucXVpbG8gcG9yIHVuIHRpZW1wbywgYXPDrSBxdWUgZXN0w6EgYmllbi4=
lefOBw,,SXQgbG9va3MgZGFuZ2Vyb3VzLiBTaG91bGQgaXQgbm90IGJlIGRpc3Bvc2VkIG9mLi4uPw==,,,,,Vm9jw6ogcXVlYnJvdSBhIFZhbHZpbGEuLi4/,,UGFyZWNlIHBlbGlncm9zbywgcGVybyBkZXNlY2hhcmxvLi4u
lufOBw,,W0JvaWxhXQpEaXNwb3NlZCBvZj8gV2h5IHdvdWxkIHdlIGRvIHRoYXQhIElmIHJlcGFpcmVkLCBpdCBpcyBzdGlsbCB1c2FibGUuIElmIFZhbHZlIGlzIGRpc3Bvc2VkIG9mLCB3aG8gYW0gSSBzdXBwb3NlZCB0byB3b3JrIHdpdGg/IEkgZG8gbm90IGxpa2UgdW5mYW1pbGlhciBvbmVzLg==,,,,,W0NhbGRpcmFdClF1ZWJyZWk/IEZvaSBzw7MgdW1hIHN1cnJhIGRlIGxldmUuIFNlIHF1ZWJyYXJlbSBhIFZhbHZpbGEsIGNvbSBxdWVtIHZvdSB0cmFiYWxoYXI/IE7Do28gZ29zdG8gZGUgZ2VudGUgcXVlIGVzdMOhIGNvbWXDp2FuZG8u,,W0NhbGRlcmFdCsKhwr9Qb3IgcXXDqSBkZXNlY2hhcmxvPyEgU2kgbG8gYXJyZWdsYXMsIHRvZGF2w61hIHNlcnZpcsOhLiBTaSBkZXNlY2hhcyBWw6FsdnVsYSwgwr9jb24gcXVpw6luIHZveSBhIHRyYWJhamFyPyBObyBtZSBndXN0YW4gbG9zIGRlc2Nvbm9jaWRvcy4=
l+fOBw,,VGhlbiB3aHkgbm90IHJlcGFpciBpdD8=,,,,,RSBwb3IgcXVlIHZvY8OqIG7Do28gc2FpIGRhcXVpPw==,,RW50b25jZXMsIMK/cG9yIHF1w6kgbm8gbG8gYXJyZWdsYXM/
mOfOBw,,W0JvaWxhXQpCZWNhdXNlIEkgY2Fubm90IHRha2UgbXkgaGFuZHMgb2ZmIHRoZSBCb2lsZXIuIFRoZSBpbnRydWRlcnMgc3Rvcm1lZCBpbiwgZGFtYWdlZCB0aGUgQm9pbGVyIGFuZCBWYWx2ZSwgYW5kIGJlZm9yZSBJIGhhZCB0aW1lIHRvIHJlcGFpciB0aGVtLCBndWVzdHMgZmxvb2RlZCBpbi4=,,,,,W0NhbGRpcmFdClBvcnF1ZSBuw6NvIHBvc3NvIG1lIGFmYXN0YXIgZGEgY2FsZGVpcmEuIE9zIGludmFzb3JlcyBkYW5pZmljYXJhbSBtdWl0YSBjb2lzYSwgZSBhbnRlcyBxdWUgZXUgcHVkZXNzZSBjb25zZXJ0YXIsIG9zIHZpc2l0YW50ZXMgY29tZcOnYXJhbSBhIGNoZWdhci4=,,W0NhbGRlcmFdClB1ZXMgcG9ycXVlIG5vIHB1ZWRvIGFwYXJ0YXJtZSBkZSBDYWxkZXJhLiBMb3MgaW50cnVzb3MgaXJydW1waWVyb24geSBzZSBlc3Ryb3Blw7MgQ2FsZGVyYSB5IHRhbWJpw6luIHNlIGVzdHJvcGXDsyBWw6FsdnVsYSwgcGVybyBzaW4gdGllbXBvIHBhcmEgYXJyZWdsYXIgbmFkYSwgwr9ubyBlbXBlemFyb24gYSBsbGVnYXIgbG9zIGNsaWVudGVzIGVuIG1hc2E/
mefOBw,,W0JvaWxhXQpUaGVyZSBpcyBvbmx5IG9uZSBvZiBtZSwgeWV0IHRoZSBib2lsZXIgcm9vbSByZXF1aXJlcyB0d28gdG8gb3BlcmF0ZS4gV2hlbiB3b3VsZCBJIGhhdmUgdGltZSB0byByZXBhaXIgaXQ/IEV2ZW4gaWYgSSB0cmllZCB0byBzZW5kIGl0IGVsc2V3aGVyZSwgSSB3b3VsZCBiZSBmb3J0dW5hdGUgaWYgaXRzIGRhdGEgd2VyZSBub3QgZGVsZXRlZC4KSXQgaXMgbm90IGEgc2V2ZXJlIGNhc2UsIHNvIEkgY2FuIHJlcGFpciBpdCBzbG93bHkuICBJIG1heSBub3Qga25vdyBodW1hbnMgd2VsbCwgYnV0IEkgZG8ga25vdyBoZXJicyBhbmQgdGhlIEJvaWxlci4=,,,,,W0NhbGRpcmFdClNvdSBzw7MgdW1hIGUgYSBzYWxhIGRhIGNhbGRlaXJhIHByZWNpc2EgZGUgZHVhcyBwYXJhIG9wZXJhci4gT25kZSBhcnJhbmpvIHRlbXBvIHBhcmEgc2Fpcj8KTsOjbyBzw6NvIHByb2JsZW1hcyBncmF2ZXMsIGVudMOjbyBwb3NzbyBjb25zZXJ0YXIgYW9zIHBvdWNvcy4gUG9zc28gbsOjbyBlbnRlbmRlciBkZSBodW1hbm9zLCBtYXMgZGUgZXJ2YXMgZSBkZSBjYWxkZWlyYSBldSBlbnRlbmRvLg==,,W0NhbGRlcmFdCllvIHNveSB1bmEgc29sYSB5IGxhIHNhbGEgZGUgY2FsZGVyYXMgaGF5IHF1ZSBsbGV2YXJsYSBlbnRyZSBkb3MsIHBlcm8gc29sbyBlc3RveSB5by4gwr9EZSBkw7NuZGUgdm95IGEgc2FjYXIgdGllbXBvIHBhcmEgYXJyZWdsYXJsbz8gQXVucXVlIGludGVudGFyYSBlbnZpYXJsbyBhIG90cm8gc2l0aW8sIGNvbiBxdWUgbm8gYm9ycmVuIGxvcyBkYXRvcyB5YSBzZXLDrWEgc3VlcnRlLgpObyBlcyBncmF2ZSwgYXPDrSBxdWUgcHVlZG8gYXJyZWdsYXJsbyBwb2NvIGEgcG9jby4gTm8gZXMgbWFsby4gU29sbyBxdWUgYSB2ZWNlcyB0b2NhIENhbGRlcmEuIEF1bnF1ZSBubyBjb25vemNhIGJpZW4gYSBsb3MgaHVtYW5vcywgZGUgaGllcmJhcyBtZWRpY2luYWxlcyB5IGRlIENhbGRlcmEgc8OtIHF1ZSBzw6ku
mufOBw,,W0JvaWxhXQpTdGlsbCwgaXQgZG9lcyBuZWVkIHRvIGJlIHJlcGFpcmVkLi4uCkhtbS4uLiB7MH0/IEFyZSB5b3UgZnJlZT8=,,,,,W0NhbGRpcmFdCkFpbmRhIGFzc2ltLCBwcmVjaXNvIGNvbnNlcnRhci4uLgpIbS4uLiB7MH0/IEVzdMOhIGxpdnJlPw==,,W0NhbGRlcmFdCkF1biBhc8OtLCBoYWJyw6EgcXVlIGFycmVnbGFybG8uLi4KTW1tLi4uIMK/ezB9PyDCv0VzdMOhcyBsaWJyZT8=
m+fOBw,,WWVzPw==,,,,,U2ltPw==,,wr9FaD8=
nOfOBw,,W0JvaWxhXQpJZiB5b3UgYXJlIGZyZWUsIHBsZWFzZSBoZWxwIG1lLiBJIGFtIHNob3J0IG9uIGhhbmRzLiBJIG11c3QgcmVwYWlyIFZhbHZlIGFuZCB0aGUgQm9pbGVyLiBUaGUgbWFsZnVuY3Rpb25pbmcgY2xlYW5lcnMga2VlcCBpbnRlcmZlcmluZywgYW5kIEkgYW0gb25seSBvbmUuIFRoZSBndWFyZHMgYXJlIGJ1c3kgYXMgd2VsbC4KSXQgd291bGQgYmUgaWRlYWwgaWYgdGhlcmUgd2VyZSB0d28gb2YgbWUuIFdvdy4uLiBub3cgdGhhdCBJIHRoaW5rIGFib3V0IGl0LCB0aGF0IHdvdWxkIGJlIHdvbmRlcmZ1bC4gSWYgdGhlcmUgd2VyZSB0d28gb2YgbWUsIHRoaXMgd291bGQgYmVjb21lIHRoZSBmaW5lc3QgYm9pbGVyIHJvb20u,,,,,W0NhbGRpcmFdClByZWNpc28gY29uc2VydGFyIGFzIEVtcHJlZ2FkYXMgUXVlYnJhZGFzLiBTb3UgYXBlbmFzIHVtYSBlIGFzIGd1YXJkYXMgZXN0w6NvIG9jdXBhZGFzLgpTZXJpYSDDs3RpbW8gc2UgZXUgZm9zc2UgZHVhcy4gVWF1Li4uIHBlbnNhbmRvIGJlbSwgc2VyaWEgcGVyZmVpdG8uIFNlIGV1IGZvc3NlIGR1YXMsIGVzdGEgc2VyaWEgYSBtZWxob3IgZnVuY2lvbsOhcmlhIQ==,,W0NhbGRlcmFdClNpIGVzdMOhcyBsaWJyZSwgYXnDumRhbWUgdW4gcG9jby4gTWUgZmFsdGEgbWFubyBkZSBvYnJhLiBQZXJvIHRlbmdvIHF1ZSBhcnJlZ2xhciBsYSBWw6FsdnVsYSB5IHRhbWJpw6luIGxhIENhbGRlcmEuIExvcyBhc2lzdGVudGVzIGF2ZXJpYWRvcyBubyBkZWphbiBkZSBlc3RvcmJhciwgcGVybyB5byBzb2xvIHNveSB1bm8geSBsb3MgZ3VhcmRpYXMgZXN0w6FuIG9jdXBhZG9zLgpPamFsw6EgZnVlcmEgZG9zLiBWYXlhLi4uIGFob3JhIHF1ZSBsbyBwaWVuc28sIMK/c2Vyw61hIGdlbmlhbCwgbm8/IFNpIGZ1ZXJhIGRvcywgZXN0ZSBjdWFydG8gZGUgY2FsZGVyYXMgc2Vyw61hIGVsIG1lam9yLCDCv25vPw==
nefOBw,,W0JvaWxhXQpJIHNob3VsZCBhc2sgQWxwaGEgdG8gZHVwbGljYXRlIG1lLiBJIGRvIG5vdCBrbm93IGlmIGl0IHdvdWxkIGFncmVlLCBidXQgbG9naWNhbGx5LCBpdCB3b3VsZCBkZXRlcm1pbmUgdGhhdCB0d28gb2YgbWUgYXJlIG1vcmUgZWZmaWNpZW50LgpIb3dldmVyLCBJIGFtIG5vdCB0d28gcmlnaHQgbm93LCBzbyB3aGF0IGNhbiBJIGRvPyBJIG11c3QgYXNrIGZvciBoZWxwLiBTbyBpZiB5b3UgYXJlIGZyZWUsIHBsZWFzZSBhc3Npc3QgbWUu,,,,,W0NhbGRpcmFdClZvdSBwZWRpciBhIEFscGhhIHF1ZSBtZSBkdXBsaXF1ZS4gTsOjbyBzZWkgc2UgYWNlaXRhcsOhLCBtYXMgbG9naWNhbWVudGUgZHVhc3MgZGUgbWltIHNlcmlhbSBtYWlzIGVmaWNpZW50ZXMuCk1hcyBjb21vIGFnb3JhIHNvdSBhcGVuYXMgdW1hLCBwcmVjaXNvIGRlIGFqdWRhLiBTZSBlc3RpdmVyIGxpdnJlLCBtZSBhanVkZS4=,,W0NhbGRlcmFdCkRlYmVyw61hIHBlZGlybGUgYSBBbHBoYSBxdWUgbWUgY2xvbmUuIE5vIHPDqSBzaSBsbyBoYXLDoSwgcGVybyBzaSBsbyBwaWVuc2EgbMOzZ2ljYW1lbnRlLCBkZWNpZGlyw6EgcXVlIGVzIG3DoXMgZWZpY2llbnRlIHF1ZSB5byBzZWEgZG9zLgpQZXJvIGNvbW8gYWhvcmEgbWlzbW8gbm8gc295IGRvcywgwr9xdcOpIHNlIGxlIHZhIGEgaGFjZXI/IFRlbmdvIHF1ZSByZWNpYmlyIGF5dWRhLiBBc8OtIHF1ZSwgc2kgZXN0w6FzIGxpYnJlLCBhecO6ZGFtZS4=
nufOBw,,SSB3aWxsIGhlbHAu,,,,,Vm91IGFqdWRhci4=,,VGUgYXl1ZGFyw6ku
n+fOBw,,SSBuZWVkIHRvIGdvIGJhdGhlLg==,,,,,Vm91IHRvbWFyIGJhbmhvLg==,,VGVuZ28gcXVlIGlyIGEgYmHDsWFybWUu
oOfOBw,,W0JvaWxhXQpJcyB0aGF0IHNvPyBUaGVuIGl0IGNhbm5vdCBiZSBoZWxwZWQuIFlvdSBsb29rIHRpcmVkLCBzbyBJIHdpbGwgc2VuZCBtb3JlIGhlcmJhbCB3YXRlciBlc3BlY2lhbGx5IGZvciB5b3UuIEZhcmV3ZWxsLg==,,,,,W0NhbGRpcmFdClPDqXJpbz8gRW50w6NvIHbDoS4gVm9jw6ogZXN0w6EgdW0gYmFnYcOnbyBtZXNtby4gRW52aWFyZWkgZXJ2YXMgZXh0cmFzIHBhcmEgdm9jw6ouIEF0w6kgbG9nby4=,,W0NhbGRlcmFdCsK/QWgsIHPDrT8gRW50b25jZXMgbm8gaGF5IG3DoXMgcmVtZWRpby4gQ29tbyB0ZSB2ZXMgY2Fuc2FkbywgdGUgZW52aWFyw6kgdW4gcG9jbyBtw6FzIGRlIGFndWEgZGUgaGllcmJhcywgZXNwZWNpYWxtZW50ZS4gRW50b25jZXMsIGFkacOzcy4=
oefOBw,,W0JvaWxhXQpUaGFuayB5b3UuIFRoZW4gY291bGQgeW91IGhhbmRsZSBhYm91dCBeMDAwMENEMjAgQnJva2VuIEFzc2lzdGFudF4wMDAwMDA/IEkgYWxzbyBuZWVkIGFib3V0IF4wMDAwQ0Q1IEJyb2tlbiBBdXRvbWF0cm9uIFBhcnRzXjAwMDAwMC4=,,,,,W0NhbGRpcmFdCk9icmlnYWRhLiBFbnTDo28gcG9kZXJpYSBkZXN0cnVpciBeMDAwMENEMjB4IEVtcHJlZ2FkYSBRdWVicmFkYV4wMDAwMDA/IEUgdGFtYsOpbSBwcmVjaXNvIGRlIF4wMDAwQ0Q1eCBQZcOnYSBkZSBBdXTDtG1hdGEgUXVlYnJhZGFeMDAwMDAwLg==,,W0NhbGRlcmFdCkPDs21vIHB1ZWRlIGV4aXN0aXIgdW4gaHVtYW5vIHRhbiBkaWxpZ2VudGUuIEVudG9uY2VzLCBlbmPDoXJnYXRlIGRlIF4wMDAwQ0QyMHggQXNpc3RlbnRlIFJvdGFeMDAwMDAwIHkgdHJhZSB0YW1iacOpbiBeMDAwMENENSBwaWV6YXMgZGUgQXV0w7NtYXRhIFJvdGFeMDAwMDAwLg==
oufOBw,,T2YgY291cnNlLg==,,,,,Q2xhcm8u,,UG9yIHN1cHVlc3RvLg==
o+fOBw,,W0JvaWxhXQpWZXJ5IHdlbGwuIEkgbGVhdmUgaXQgdG8geW91Lg==,,,,,W0NhbGRpcmFdCkNlcnRvLiBFbnTDo28gY29udG8gY29tIHZvY8OqLg==,,W0NhbGRlcmFdCkJpZW4uIEVudG9uY2VzIHRlIGxvIGVuY2FyZ28u
pOfOBw,,W0JvaWxhXQpXaGF0IGJyaW5ncyB5b3UgaGVyZSB0b2RheT8gQWgsIHBlcmhhcHMgdG8gaGVscCB3aXRoIHRoZSB3b3JrPw==,,,,,W0NhbGRpcmFdCk8gcXVlIHRyYXogdm9jw6ogYXF1aSBob2plPyBBaCwgdmVpbyBhanVkYXIgbm8gbWV1IHRyYWJhbGhvPw==,,W0NhbGRlcmFdCsK/QSBxdcOpIGhhcyB2ZW5pZG8gaG95PyBBaCwgwr9hY2FzbyBoYXMgdmVuaWRvIGEgYXl1ZGFyIGNvbiBlbCB0cmFiYWpvPw==
pefOBw,,SSB3aWxsIGhlbHAgd2l0aCB0aGUgd29yay4=,,,,,Vm91IGFqdWRhciBubyB0cmFiYWxobw==,,TGUgYXl1ZGFyw6kgY29uIGVsIHRyYWJham8u
pufOBw,,SSBzdG9wcGVkIGJ5IHRvIGdyZWV0IHlvdS4=,,,,,UGFzc2VpIHBhcmEgY3VtcHJpbWVudGFy,,SGUgcGFzYWRvIGEgc2FsdWRhci4=
p+fOBw,,W0JvaWxhXQpUcnVseT8gQWdhaW4/IEkgd2lsbCBub3QgcmVmdXNlLiBUaGVuIHBsZWFzZSBoYW5kbGUgYWJvdXQgXjAwMDBDRDIwIEJyb2tlbiBBc3Npc3RhbnReMDAwMDAwIGFuZCBicmluZyBeMDAwMENENSBCcm9rZW4gQXV0b21hdHJvbiBQYXJ0c14wMDAwMDAuIEhtbS4uLiB0aGFuayB5b3Uu,,,,,W0NhbGRpcmFdClPDqXJpbz8gRGUgbm92bz8gTsOjbyB2b3UgcmVjdXNhci4gRW50w6NvIGVsaW1pbmUgXjAwMDBDRDIweCBFbXByZWdhZGEgUXVlYnJhZGFeMDAwMDAwIGUgdHJhZ2EgXjAwMDBDRDV4IFBlw6dhIGRlIEF1dMO0bWF0YSBRdWVicmFkYV4wMDAwMDAuLi4gb2JyaWdhZGEu,,W0NhbGRlcmFdCsK/RGUgdmVyZGFkPyDCv090cmEgdmV6PyBObyBsbyByZWNoYXphcsOpLiBFbnRvbmNlcywgZW5jw6FyZ2F0ZSBkZSBkZXN0cnVpciBeMDAwMENEMjB4IEFzaXN0ZW50ZSBSb3RhXjAwMDAwMCB5IHRyw6FlbWUgdGFtYmnDqW4gXjAwMDBDRDUgcGllemFzIGRlIGF1dMOzbWF0YSBhdmVyaWFkb14wMDAwMDAuIE1tbS4uLiBncmFjaWFzLg==
qOfOBw,,W0JvaWxhXQpJIHNlZS4gSSBkbyBub3Qga25vdyB3aGF0IGdyZWV0aW5nIHlvdSBhcmUgY3VyaW91cyBhYm91dCwgYnV0IHdlIGFyZSBhbHdheXMgaGVyZSBoYW5kbGluZyB0aGUgQm9pbGVyLiBOb3RoaW5nIGhhcyBjaGFuZ2VkLg==,,,,,W0NhbGRpcmFdCkVudGVuZG8uIE7Do28gc2VpIHF1ZSB0aXBvIGRlIGN1bXByaW1lbnRvIGRlc2VqYSwgbWFzIGVzdGFtb3Mgc2VtcHJlIGFxdWkgbWV4ZW5kbyBuYSBjYWxkZWlyYS4gTmFkYSBtdWRvdS4=,,W0NhbGRlcmFdCkJ1ZW5vLiBObyBzw6kgcXXDqSBzYWx1ZG8gdGUgaW50ZXJlc2EsIHBlcm8gbm9zb3Ryb3Mgc2llbXByZSBlc3RhbW9zIGFxdcOtIHRvY2FuZG8gbGEgQ2FsZGVyYS4gTm8gaGEgY2FtYmlhZG8gbmFkYS4=
qefOBw,,W0JvaWxhXQpXaGF0IGJyaW5ncyB5b3UgaGVyZSB0b2RheT8gQWgsIHBlcmhhcHMgZm9yIHdvcms/,,,,,W0NhbGRpcmFdCk8gcXVlIHRlIHRyYXogYXF1aSBob2plPyBBaCwgcG9yIGNhdXNhIGRlIHRyYWJhbGhvPw==,,W0NhbGRlcmFdCsK/QSBxdcOpIGhhcyB2ZW5pZG8gaG95PyBBaCwgwr9wb3IgZWwgdHJhYmFqbywgcXVpesOhPw==
qufOBw,,SSB3aWxsIGhlbHAgd2l0aCB0aGUgd29yay4=,,,,,Vm91IGFqdWRhciBubyB0cmFiYWxobw==,,TGUgYXl1ZGFyw6kgY29uIGVsIHRyYWJham8u
q+fOBw,,XkFBQUFBQUkgd2lsbCBoZWxwIHdpdGggdGhlIHdvcmsuIC0gV2FpdGluZ14wMDAwMDA=,,,,,XkFBQUFBQVtFc3BlcmFdIFZvdSBhanVkYXIgbm8gdHJhYmFsaG9eMDAwMDAw,,XkFBQUFBQUxlIGF5dWRhcsOpIGNvbiBlbCB0cmFiYWpvLiAtIEVuIGVzcGVyYV4wMDAwMDA=
rOfOBw,,SSBoYXZlIGZpbmlzaGVkIHRoZSB3b3JrLg==,,,,,VGVybWluZWkgbyB0cmFiYWxoby4=,,SGUgdGVybWluYWRvIGVsIHRyYWJham8u
refOBw,,XkFBQUFBQUkgd2lsbCBoZWxwIHdpdGggdGhlIHdvcmsgLSBJbiBQcm9ncmVzc14wMDAwMDA=,,,,,XkFBQUFBQVtFbSBjdXJzb10gVm91IGFqdWRhciBubyB0cmFiYWxob14wMDAwMDA=,,XkFBQUFBQUxlIGF5dWRhcsOpIGNvbiBlbCB0cmFiYWpvIC0gRW4gY3Vyc29eMDAwMDAw
rufOBw,,W0JvaWxhXQpUbyB0aGluayBzdWNoIGEgZGlsaWdlbnQgaHVtYW4gZXhpc3RzLiBUaGVuIHBsZWFzZSBoYW5kbGUgYWJvdXQgXjAwMDBDRDIwIEJyb2tlbiBBc3Npc3RhbnReMDAwMDAwIGFuZCBicmluZyBeMDAwMENENSBCcm9rZW4gQXV0b21hdHJvbiBQYXJ0c14wMDAwMDAu,,,,,W0NhbGRpcmFdClZvY8OqIMOpIGluY3LDrXZlbC4gRW50w6NvIGVsaW1pbmUgXjAwMDBDRDIweCBFbXByZWdhZGEgUXVlYnJhZGFeMDAwMDAwIGUgdHJhZ2EgXjAwMDBDRDV4IFBlw6dhIGRlIEF1dMO0bWF0YSBRdWVicmFkYV4wMDAwMDAu,,W0NhbGRlcmFdCkPDs21vIHB1ZWRlIGV4aXN0aXIgdW4gaHVtYW5vIHRhbiBkaWxpZ2VudGUuIEVudG9uY2VzLCBlbmPDoXJnYXRlIGRlIF4wMDAwQ0QyMHggQXNpc3RlbnRlIFJvdGFeMDAwMDAwIHkgdHLDoWVtZSB0YW1iacOpbiBeMDAwMENENSBwaWV6YXMgZGUgQXV0w7NtYXRhIFJvdGFeMDAwMDAwLg==
r+fOBw,,SSB3aWxsIGJyaW5nIHRoZW0u,,,,,Vm91IHRyYXplci4=,,TG9zIHRyYWVyw6ku
sOfOBw,,SSB3b3VsZCBsaWtlIHRvIHJlc3QgdG9kYXkuLi4=,,,,,SG9qZSBxdWVybyBkZXNjYW5zYXIuLi4=,,SG95IHF1aWVybyBkZXNjYW5zYXIuLi4=
sefOBw,,W0JvaWxhXQpUaGVuIGdvb2QgbHVjayE=,,,,,W0NhbGRpcmFdCkVudMOjbyBib20gdHJhYmFsaG8h,,W0NhbGRlcmFdCkVudG9uY2VzLCDCoWJ1ZW4gdHJhYmFqbyE=
sufOBw,,W0JvaWxhXQpTdHJhbmdlLiBEaWQgeW91IG5vdCBjb21lIGJlY2F1c2UgeW91IHdpc2hlZCB0byB3b3JrPyBWZXJ5IHdlbGwu,,,,,W0NhbGRpcmFdCkVzdHJhbmhvLiBOw6NvIHZlaW8gYXTDqSBtaW0gcG9ycXVlIHF1ZXJpYSB0cmFiYWxoYXI/IE7Do28gZW50ZW5kaS4=,,W0NhbGRlcmFdClF1w6kgZXh0cmHDsW8uIMK/UXVlIGhheWFzIHZlbmlkbyBhIGJ1c2Nhcm1lIG5vIHNpZ25pZmljYSBxdWUgcXVpZXJlcyB0cmFiYWphcj8gRGUgYWN1ZXJkby4=
s+fOBw,,W0JvaWxhXQpIbW0uLi4gYnV0IEkgaGVhcmQgdGhhdCBodW1hbnMgbWFsZnVuY3Rpb24gaWYgdGhleSBkbyBub3QgcmVzdC4gR28gYW5kIHJlc3QsIHRoZW4gcmV0dXJuIGFmdGVyIGRhd24gaGFzIHBhc3NlZC4=,,,,,W0NhbGRpcmFdCkhtLi4uIG1hcyBvdXZpIGRpemVyIHF1ZSBodW1hbm9zIHF1ZWJyYW0gc2UgbsOjbyBkZXNjYW5zYXJlbS4gVsOhIGRlc2NhbnNhciBlIHZvbHRlIGRlcG9pcyBxdWUgYW1hbmhlY2VyLg==,,W0NhbGRlcmFdCk1tbS4uLiBQZXJvIGhlIG/DrWRvIHF1ZSBsb3MgaHVtYW5vcyBzZSBlc3Ryb3BlYW4gc2kgbm8gZGVzY2Fuc2FuLiBWZSBhIGRlc2NhbnNhciB1biBwb2NvIHkgdnVlbHZlIGRlc3B1w6lzIGRlIHF1ZSBwYXNlIGVsIGFtYW5lY2VyLg==
tOfOBw,,W0JvaWxhXQpIYXZlIHlvdSBmaW5pc2hlZCBhbGwgdGhlIHdvcms/,,,,,W0NhbGRpcmFdCkrDoSB0ZXJtaW5vdSBvIHRyYWJhbGhvPw==,,W0NhbGRlcmFdCsK/WWEgdGVybWluYXN0ZSB0b2RvIGVsIHRyYWJham8/Pw==
tefOBw,,W0JvaWxhXQpZb3UgaGF2ZSBicm91Z2h0IHF1aXRlIGEgbG90LiBWZXJ5IHdlbGwsIEkgd2lsbCBleGNoYW5nZSB0aGVtIGZvciBWYXJtZWFsIHRpY2tldHMuIFRoYW5rIHlvdS4=,,,,,W0NhbGRpcmFdClRyb3V4ZSBiYXN0YW50ZS4gQXF1aSBlc3TDoSBvIFZhbGUgVmFybWlkYS4gT2JyaWdhZGEu,,W0NhbGRlcmFdCkhhcyB0cmHDrWRvIHVuIG1vbnTDs24uIEJpZW4sIGVudG9uY2VzIGPDoW1iaWFsbyBwb3IgZWwgVmFsZSBWYXJtaWRhLiBHcmFjaWFzLg==
tufOBw,,W0JvaWxhXQpXaGVyZSBhcmUgdGhleT8gSSBkbyBub3Qgc2VlIDUgQnJva2VuIEF1dG9tYXRyb24gUGFydHMuIFBlcmhhcHMgdGhlcmUgaXMgYSBob2xlIGluIHlvdXIgYmFnLiBQbGVhc2UgY2hlY2su,,,,,W0NhbGRpcmFdCk9uZGU/IE7Do28gdmVqbyA1IFBlw6dhcyBkZSBBdXTDtG1hdGEgUXVlYnJhZGEuIFZlcmlmaXF1ZS4=,,W0NhbGRlcmFdCsK/RMOzbmRlPyBGYWx0YW4gNSBwaWV6YXMgZGUgQXV0w7NtYXRhIFJvdGEuIFBhcmVjZSBxdWUgdHUgYm9sc2EgdGllbmUgdW4gYWd1amVyby4gQ29tcHJ1w6liYWxvLg==
t+fOBw,,W0JvaWxhXQpUcnVseT8gQWdhaW4/IEkgd2lsbCBub3QgcmVmdXNlLiBUaGVuIHBsZWFzZSBoYW5kbGUgYWJvdXQgXjAwMDBDRDIwIEJyb2tlbiBBc3Npc3RhbnReMDAwMDAwIGFuZCBicmluZyBeMDAwMENENSBCcm9rZW4gQXV0b21hdHJvbiBQYXJ0c14wMDAwMDAuIEhtbS4uLiB0aGFuayB5b3Uu,,,,,W0NhbGRpcmFdClZvY8OqIMOpIGluY3LDrXZlbC4gRW50w6NvIGVsaW1pbmUgXjAwMDBDRDIweCBFbXByZWdhZGEgUXVlYnJhZGFeMDAwMDAwIGUgdHJhZ2EgXjAwMDBDRDV4IFBlw6dhIGRlIEF1dMO0bWF0YSBRdWVicmFkYV4wMDAwMDAu,,W0NhbGRlcmFdCkPDs21vIHB1ZWRlIGV4aXN0aXIgdW4gaHVtYW5vIHRhbiBkaWxpZ2VudGUuIEVudG9uY2VzLCBlbmPDoXJnYXRlIGRlIHVub3MgXjAwMDBDRDIweCBBc2lzdGVudGUgUm90YV4wMDAwMDAgeSB0cmFlIHRhbWJpw6luIF4wMDAwQ0Q1IHBpZXphcyBkZSBBdXTDs21hdGEgUm90YV4wMDAwMDAu
uOfOBw,,W0JvaWxhXQpPaCwgaHVtYW4gZ3Vlc3RzIHNob3VsZCBub3QgZW50ZXIgaGVyZSBjYXJlbGVzc2x5LiBUaGUgdGVtcGVyYXR1cmUgaXMgbm90IHZlcnkgZ29vZC4gU3RlcCBiYWNrLg==,,,,,W0NhbGRpcmFdCkVpLCB2b2PDqnMgbsOjbyBkZXZlcmlhbSBlbnRyYXIgYXF1aSBzZW0gcGVybWlzc8Ojby4gQSB0ZW1wZXJhdHVyYSBuw6NvIMOpIGRhcyBtZWxob3Jlcy4gQWZhc3RlLXNlLg==,,W0NhbGRlcmFdCkVoLCBsb3MgY2xpZW50ZXMgaHVtYW5vcyBubyBkZWJlcsOtYW4gZW50cmFyIGFxdcOtIGEgbGEgbGlnZXJhLiBObyB0aWVuZW4gYnVlbmEgZHVyYWJpbGlkYWQuIFJldMOtcmF0ZS4=
uefOBw,,VmFsdmU=,,,,,VmFsdmlsYQ==,,VsOhbHZ1bGE=
uufOBw,,SGlzc+KAlCBIYXMgaXQgZnVsbHkgc3RlZXBlZD8=,,,,,QmVlZXAtIErDoSBtaXN0dXJvdSB0dWRvPw==,,Q2hpaWlrLSDCv1lhIHNlIGhhIGluZnVzaW9uYWRvIHRvZG8/
u+fOBw,,W1N3aXNoaWVdCldoYXQgaXMgdGhlIG1hdHRlcj8gSWYgeW91IGhhdmUgY29tZSBhbGwgdGhlIHdheSBoZXJlLCBkbyB5b3Ugbm90IGhhdmUgYnVzaW5lc3Mgd2l0aCBCb2lsZXI/,,,,,W1ZhaGlkYV0KTyBxdWUgaG91dmU/IFNlIHZlaW8gYXTDqSBhcXVpLCBuw6NvIHRlbSBhbGdvIGEgdHJhdGFyIGNvbSBDYWxkaXJhPw==,,W1N3aXNoaWVdCsK/UXXDqSBzdWNlZGU/IFNpIGhhcyB2ZW5pZG8gaGFzdGEgYXF1w60sIMK/bm8gc2Vyw6EgcXVlIHRpZW5lcyBhbGdvIHF1ZSB2ZXIgY29uIENhbGRlcmE/
vOfOBw,,W1N3aXNoaWVdClRoZSBCb2lsZXIgaGFzIGFscmVhZHkgYmVlbiBzdG9wcGVkLiBJcyB0aGF0IG5vdCB3aHkgeW91IGNhbWU/IFNob3VsZCB5b3Ugbm90IHJlcG9ydCBiYWNrPw==,,,,,W1ZhaGlkYV0KQSBjYWxkZWlyYSBqw6EgZm9pIGRlc2xpZ2FkYSwgbsOjbyBmb2k/IE7Do28gdmVpbyBwb3IgY2F1c2EgZGlzc28/IE7Do28gZGV2ZXJpYSBpciByZXBvcnRhcj8=,,W1N3aXNoaWVdCsK/Q2FsZGVyYSB5YSBzZSBkZXR1dm8/IMK/Tm8gaGFzIHZlbmlkbyBwb3IgZXNvPyDCv05vIGRlYmVyw61hcyBpciBhIGluZm9ybWFyPw==
vefOBw,,W1N3aXNoaWVdCldoYXQgaXMgdGhlIG1hdHRlcj8gSXMgdGhlcmUgc3RpbGwgc29tZXRoaW5nIGxlZnQgdG8gZGlzY3Vzcz8gSGF2ZSBhbGwgcXVlc3Rpb25zIHJlZ2FyZGluZyB0aGUgTXV0YW50IENyZWF0dXJlIG5vdCBiZWVuIHJlc29sdmVkPw==,,,,,W1ZhaGlkYV0KTyBxdWUgaG91dmU/IEFpbmRhIGjDoSBhbGdvIGEgb3V2aXI/IE7Do28gZXNjbGFyZWNldSB0b2RhcyBhcyBkw7p2aWRhcyBzb2JyZSBvIGVsZW1lbnRvIHBlcmlnb3NvPw==,,W1N3aXNoaWVdCsK/UXXDqSBzdWNlZGU/IMK/QcO6biB0ZSBxdWVkYSBhbGdvIHBvciBvw61yPyDCv05vIGhhcyByZXN1ZWx0byB5YSB0b2RhcyB0dXMgZHVkYXMgc29icmUgbGEgQ3JpYXR1cmEgTXV0YW50ZT8=
vufOBw,,SSB3aXNoZWQgdG8gdGFsay4=,,,,,UXVlcm8gY29udmVyc2FyIHVtIHBvdWNvLg==,,UXVpZXJvIGhhYmxhciB1biBwb2NvLg==
v+fOBw,,W1N3aXNoaWVdCldoYXQgaXMgaXQgeW91IHdpc2ggdG8gZGlzY3Vzcz8gSSBoYXZlIGxpdHRsZSB0byBzcGVhayBvZiBiZXlvbmQgY2xlYW5pbmcuIEFyZSB5b3UgcGVyaGFwcyBjdXJpb3VzIGFib3V0IGNsZWFuaW5nPwpBcyB0aGlzIGlzIGEgYmF0aGhvdXNlLCBoeWdpZW5lIGlzIG9mIHV0bW9zdCBpbXBvcnRhbmNlLiBJbiBhZGRpdGlvbiB0byBkYWlseSBzY2hlZHVsZWQgY2xlYW5pbmcsIHdlIGFsc28gY2xlYW4gYXMgbmVlZGVkLg==,,,,,W1ZhaGlkYV0KU29icmUgbyBxdWUgZGVzZWphIGNvbnZlcnNhcj8gU8OzIHNlaSB2YXJyZXIuIFF1ZXIgc2FiZXIgYWxnbyBzb2JyZSBsaW1wZXphPwpDb21vIMOpIHVtYSBzYXVuYSwgYSBoaWdpZW5lIMOpIGV4dHJlbWFtZW50ZSBpbXBvcnRhbnRlLiBBbMOpbSBkYSBsaW1wZXphIGRpw6FyaWEsIHJlYWxpemFtb3MgbGltcGV6YXMgYWRpY2lvbmFpcyBjb25mb3JtZSBuZWNlc3PDoXJpby4=,,W1N3aXNoaWVdCsK/UXXDqSBxdWllcmVzIGhhYmxhcj8gWW8gbm8gdGVuZ28gbmFkYSBxdWUgaGFibGFyIHNhbHZvIHNvYnJlIGxhIGxpbXBpZXphLiDCv0FjYXNvIHRpZW5lcyBjdXJpb3NpZGFkIHNvYnJlIGxhIGxpbXBpZXphPwpDb21vIGVzdG8gZXMgdW5hIGNhc2EgZGUgYmHDsW9zLCBsYSBoaWdpZW5lIGVzIG11eSBpbXBvcnRhbnRlLiBBZGVtw6FzIGRlIGxhIGxpbXBpZXphIHJlZ3VsYXIgZGlhcmlhLCB0YW1iacOpbiBsYSBoYWNlbW9zIGN1YW5kbyBlcyBuZWNlc2FyaW8u
wOfOBw,,W1N3aXNoaWVdClRoZSBjbGVhbmluZyBBdXRvbWF0YSBwYXRyb2wgdGhlIGVudGlyZSBhcmVhIGFuZCBzd2VlcCBhd2F5IGZvcmVpZ24gc3Vic3RhbmNlcyBhbmQgZmlsdGggYXQgb25jZS4gRHVyaW5nIGNsZWFuaW5nLCBpdCBpcyBzdGFuZGFyZCBwb2xpY3kgdG8gZXNjb3J0IGFsbCBndWVzdHMgb3V0c2lkZSwgYnV0IGlmIHRoZXkgd2lzaCB0byBjb250aW51ZSBiYXRoaW5nLCB3ZSBkbyBub3QgaW50ZXJmZXJlLg==,,,,,W1ZhaGlkYV0KQXMgYXV0w7RtYXRhcyB2YXJyZW0gc3VqZWlyYXMgZGUgdW1hIHPDsyB2ZXouIER1cmFudGUgYSBsaW1wZXphLCBhIHBvbMOtdGljYSDDqSByZXRpcmFyIHRvZG9zIG9zIHZpc2l0YW50ZXMsIG1hcyBzZSBkZXNlamFyZW0gY29udGludWFyIG5hIHNhdW5hLCBuw6NvIGludGVyZmVyaW1vcy4=,,W1N3aXNoaWVdCkxvcyBtdcOxZWNvcyBhdXRvbcOhdGljb3MgZGUgbGltcGllemEgcmVjb3JyZW4gdG9kYSBsYSB6b25hIHkgYmFycmVuIGRlIHVuYSBzb2xhIHZleiBsb3MgY3VlcnBvcyBleHRyYcOxb3MgeSBsYSBzdWNpZWRhZC4gRHVyYW50ZSBsYSBsaW1waWV6YSwgbGEgbm9ybWEgYsOhc2ljYSBlcyBzYWNhciBhIHRvZG9zIGxvcyBjbGllbnRlcyBhZnVlcmEsIHBlcm8gc2kgcXVpZXJlcyBzZWd1aXIgYmHDscOhbmRvdGUsIG5vIHRlIGxvIGltcGVkaW1vcy4=
wefOBw,,W1N3aXNoaWVdCkhvd2V2ZXIsIHRoZSBBdXRvbWF0YSBkZXBsb3llZCBmb3IgY2xlYW5pbmcgb3BlcmF0ZSBzb2xlbHkgZm9yIHRoYXQgcHVycG9zZSBhbmQgYXJlIGhpZ2hseSBkYW5nZXJvdXMsIHNvIHdlIGFkdmlzZSB5b3Ugbm90IHRvIGFwcHJvYWNoIHRoZW0uCkluIHRydXRoLCB0aGUgQ2xlYW5pbmcgUm9ib3Qgd2FzIG5vdCB0aGlzIHBvd2VyZnVsIGJlZm9yZS4gSXQgd2FzIGEgbWVhc3VyZSB0YWtlbiBkdWUgdG8gdGhlIGludHJ1ZGVycy4=,,,,,W1ZhaGlkYV0KTm8gZW50YW50bywgYXMgYXV0w7RtYXRhcyBlbnZpYWRhcyBwYXJhIGxpbXBlemEgdMOqbSBjb21vIMO6bmljbyBwcm9ww7NzaXRvIGxpbXBhciBlIHPDo28gbXVpdG8gcGVyaWdvc2FzLCBwb3J0YW50byByZWNvbWVuZGFtb3MgcXVlIG7Do28gc2UgYXByb3hpbWVtLgpOYSB2ZXJkYWRlLCBvcyByb2LDtHMgZGUgbGltcGV6YSBuw6NvIGVyYSB0w6NvIGZvcnRlcyBjb21vIGFnb3JhLiBGb2kgdW1hIG1lZGlkYSBpbmV2aXTDoXZlbCBkZXZpZG8gYW9zIGludmFzb3Jlcy4=,,W1N3aXNoaWVdClNpbiBlbWJhcmdvLCBsb3MgbXXDsWVjb3MgYXV0b23DoXRpY29zIHF1ZSBzYWxlbiBwYXJhIGxpbXBpYXIgc29uIG11eSBwZWxpZ3Jvc29zLCBwdWVzIHN1IMO6bmljbyBwcm9ww7NzaXRvIGVzIGxhIGxpbXBpZXphLCBhc8OtIHF1ZSB0ZSByZWNvbWllbmRvIHF1ZSBubyB0ZSBhY2VycXVlcyBsbyBtw6FzIHBvc2libGUuCkVuIHJlYWxpZGFkLCBSb2JvdCBkZSBMaW1waWV6YSBubyBlcmEgdGFuIGZ1ZXJ0ZSBjb21vIGFob3JhLiBFcyB1bmEgbWVkaWRhIGluZXZpdGFibGUgcG9yIGN1bHBhIGRlIGxvcyBpbnRydXNvcy4=
wufOBw,,QmVjYXVzZSBvZiB0aGUgaW50cnVkZXJzPw==,,,,,UG9yIGNhdXNhIGRvcyBpbnZhc29yZXM/,,wr9Qb3IgY3VscGEgZGUgbG9zIGludHJ1c29zPw==
w+fOBw,,W1N3aXNoaWVdCkhhdmUgeW91IHNlZW4gdGhvc2UgaW50cnVkZXJzIGJlZm9yZT8gVXBvbiBsZWFybmluZyB0aGVyZSB3YXMgYSBiYXRoaG91c2UsIHRoZXkgcnVzaGVkIGluIGdyb3VwcyB3aXRoIGV5ZXMgYWZsYW1lLiBXaGVuIHdlIHByZXZlbnRlZCB0aGVpciBlbnRyeSwgdGhleSBmb3JjZWQgdGhlaXIgd2F5IGluLg==,,,,,W1ZhaGlkYV0KSsOhIHZpdSBhcXVlbGVzIGludmFzb3JlcyBhbnRlcz8gQW8gc2FiZXJlbSBkYSBleGlzdMOqbmNpYSBkYSBzYXVuYSwgdmllcmFtIGVtIG1hc3NhLCBlbmxvdXF1ZWNpZG9zLiBRdWFuZG8gdGVudGFtb3MgaW1wZWRpciBhIGVudHJhZGEsIHVzYXJhbSBmb3LDp2EgcGFyYSBpbnZhZGlyLg==,,W1N3aXNoaWVdCsK/SGFzIHZpc3RvIGEgYXF1ZWwgaW50cnVzbyBkZSBoYWNlIHBvY28/IEFsIGVudGVyYXJzZSBkZSBxdWUgaGFiw61hIHVuYSBiYcOxZXJhLCBzZSBsZXMgZnVlcm9uIGxvcyBvam9zIHkgdmluaWVyb24gZW4gZ3J1cG8uIENvbW8gbm8gbGVzIGRlamFtb3MgZW50cmFyLCBlbnRyYXJvbiB1c2FuZG8gbGEgZnVlcnphLg==
xOfOBw,,W1N3aXNoaWVdClRoZXkgZW50ZXJlZCB0aHJvdWdoIGFueSBwbGFjZSB3aGVyZSB0aGV5IGNvdWxkIHdlZGdlIHRoZWlyIGJvZGllcywgc3VjaCBhcyB3YXRlciBwaXBlcyBhbmQgZHJhaW5zLiBBcyBhIHJlc3VsdCwgZXZlbiBmaXNoIGZyb20gdGhlIGxha2UgZmxvd2VkIGluLgpDbGVhbmluZyBiZWNhbWUgZmFyIG1vcmUgZGlmZmljdWx0LiBUaGUgaW50cnVkZXJzIGV2ZW4gaW50ZXJmZXJlZCB3aXRoIGNsZWFuaW5nIGFuZCBvZmZlcmVkIG5vIGNvb3BlcmF0aW9uIHdoYXRzb2V2ZXIu,,,,,W1ZhaGlkYV0KRW50cmFyYW0gcG9yIHF1YWxxdWVyIGx1Z2FyIG9uZGUgcHVkZXNzZW0gc2UgZW5maWFyLCBjb21vIHR1YnVsYcOnw7VlcyBlIHJhbG9zLiBDb20gaXNzbywgYXTDqSBwZWl4ZXMgZG9zIGFycmVkb3JlcyBkYSBtYW5zw6NvIGFjYWJhcmFtIGVudHJhbmRvLgpJc3NvIHRvcm5vdSBhIGxpbXBlemEgYWluZGEgbWFpcyBkaWbDrWNpbC4gT3MgaW52YXNvcmVzIGF0w6kgYXRyYXBhbGhhdmFtIGEgbGltcGV6YSwgbsOjbyBjb29wZXJhdmFtIGRlIGZvcm1hIGFsZ3VtYS4=,,W1N3aXNoaWVdCkVudHJhcm9uIHBvciBjdWFscXVpZXIgc2l0aW8gZG9uZGUgcHVkaWVyYW4gZW5jYWphciBlbCBjdWVycG8sIGNvbW8gbGFzIHR1YmVyw61hcyB5IGxvcyBkZXNhZ8O8ZXMuIFBvciBlc28gdGFtYmnDqW4gc2UgY29sYXJvbiBsb3MgcGVjZXMgZGVsIGxhZ28uCkdyYWNpYXMgYSBlc28sIGxpbXBpYXIgc2Ugdm9sdmnDsyBtw6FzIGRpZsOtY2lsLiBFc2UgaW50cnVzbyBpbmNsdXNvIGVzdG9yYsOzIGxhIGxpbXBpZXphLiBObyBjb29wZXLDsyBlbiBhYnNvbHV0byBjb24gbGEgbGltcGllemEu
xefOBw,,W1N3aXNoaWVdClRoaXMgaXMgYSBiYXRoaG91c2UuIEh5Z2llbmUgbXVzdCB0YWtlIHByaW9yaXR5LiBOYXR1cmFsbHksIHRoZSBmdW5jdGlvbnMgb2YgdGhlIGNsZWFuaW5nIEF1dG9tYXRhIHdlcmUgcmVpbmZvcmNlZC4=,,,,,W1ZhaGlkYV0KQXF1aSDDqSB1bWEgc2F1bmEuIEEgaGlnaWVuZSBkZXZlIHNlciBwcmlvcmlkYWRlIG3DoXhpbWEuIENvbW8gY29uc2VxdcOqbmNpYSBuYXR1cmFsLCByZWZvcsOnYW1vcyBhcyBmdW7Dp8O1ZXMgZGFzIEF1dMO0bWF0YXMgZGUgbGltcGV6YS4=,,W1N3aXNoaWVdCkVzdGUgbHVnYXIgZXMgdW4gYmHDsW8uIExhIGhpZ2llbmUgZGViZSBzZXIgbGEgbcOheGltYSBwcmlvcmlkYWQuIENvbW8gcGFzbyBuYXR1cmFsLCBzZSByZWZvcnphcm9uIGxhcyBmdW5jaW9uZXMgZGUgbGFzIG11w7FlY2FzIGF1dG9tw6F0aWNhcyBxdWUgcmVhbGl6YW4gbGEgbGltcGllemEu
xufOBw,,W1N3aXNoaWVdClRoZSBpbnRydWRlcnMgaGF2ZSByZXRyZWF0ZWQgc29tZXdoYXQgYnV0IGhhdmUgbm90IGJlZW4gY29tcGxldGVseSBlcmFkaWNhdGVkLiBUaGVyZWZvcmUsIHRoZSBDbGVhbmluZyBSb2JvdCBtdXN0IHJlbWFpbiBhcyBpdCBpcy4gRXhlcmNpc2UgY2F1dGlvbiB3aGVuIGl0IGlzIGNsZWFuaW5nIHRpbWUu,,,,,W1ZhaGlkYV0KT3MgaW52YXNvcmVzIHJlY3VhcmFtLCBtYXMgbsOjbyBmb3JhbSBjb21wbGV0YW1lbnRlIGVsaW1pbmFkb3MuIFBvciBpc3NvLCBuw6NvIHBvZGVtb3MgcmVtb3ZlciBhcyBlbXByZWdhZGFzLiBRdWFuZG8gZm9yIGhvcmEgZGEgbGltcGV6YSwgdGVuaGEgY3VpZGFkby4=,,W1N3aXNoaWVdCkVsIGludHJ1c28gcmV0cm9jZWRpw7MgdW4gcGFzbywgcGVybyBubyBmdWUgZXJyYWRpY2FkbyBwb3IgY29tcGxldG8uIFBvciBlc28sIG5vIHF1ZWRhIG3DoXMgcmVtZWRpbyBxdWUgZGVqYXIgYSBSb2JvdCBkZSBMaW1waWV6YSB0YWwgY29tbyBlc3TDoS4gQXPDrSBxdWUsIGN1YW5kbyBzZWEgaG9yYSBkZSBsaW1waWFyLCBoYXkgcXVlIHRlbmVyIGN1aWRhZG8u
x+fOBw,,RGlkIHRoZXkgY2F1c2UgbXVjaCBpbnRlcmZlcmVuY2U/,,,,,TyBxdWUgZWxlcyBxdWVyaWFtPw==,,wr9Fc3RvcmLDsyBtdWNobz8=
yOfOBw,,W1N3aXNoaWVdCkkgZG8gbm90IHVuZGVyc3RhbmQgaHVtYW4gZGVzaXJlLgpJIG9ubHkga25vdyB0aGF0IGh1bWFucyByZXF1aXJlIGJhdGhpbmcsIGFuZCB0aGF0IGJhdGhpbmcgcmVxdWlyZXMgc3BhY2UgYW5kIGNsZWFuaW5nLiBUaGUgdGFzayBhc3NpZ25lZCB0byBtZSBpcyBjbGVhbmluZy4gVGhhdCBpcyBhbGwgSSBrbm93Lg==,,,,,W1ZhaGlkYV0KTsOjbyBzZWkgbyBxdWUgcXVlcmlhbS4KQXBlbmFzIHNlaSBxdWUgaHVtYW5vcyBwcmVjaXNhbSBkZSBiYW5obywgcXVlIG8gYmFuaG8gcHJlY2lzYSBkZSBlc3Bhw6dvIGUgbGltcGV6YSwgZSBxdWUgbWluaGEgbWlzc8OjbyDDqSB2YXJyZXIuIMOJIHPDsyBpc3NvIHF1ZSBzZWku,,W1N3aXNoaWVdCk5vIGNvbm96Y28gbG9zIGRlc2VvcyBkZSBsb3MgaHVtYW5vcy4KU29sbyBzw6kgcXVlIGxvcyBodW1hbm9zIG5lY2VzaXRhbiBiYcOxYXJzZSwgeSBxdWUgcGFyYSBiYcOxYXJzZSBzZSBuZWNlc2l0YSB1biBlc3BhY2lvIHkgbGltcGllemEuIExhIG1pc2nDs24gcXVlIHNlIG1lIGhhIGRhZG8gZXMgbGltcGlhci4gRXNvIGVzIHRvZG8gbG8gcXVlIHPDqS4=
yefOBw,,W1N3aXNoaWVdClRoZSBpbnRydWRlcnMgd2VyZSBvZiB0d28gdHlwZXMuIFRob3NlIG9ic2Vzc2VkIHdpdGggYmF0aGluZywgYW5kIHRob3NlIG9ic2Vzc2VkIHdpdGggdGhlIGZhY2lsaXRpZXMuIFdoYXQgdGhleSBzaGFyZWQgaW4gY29tbW9uIHdhcyBvYnNlc3Npb24u,,,,,W1ZhaGlkYV0KSGF2aWEgZG9pcyB0aXBvcyBkZSBpbnZhc29yZXMuIE9zIG9iY2VjYWRvcyBwb3IgYmFuaG8gZSBvcyBvYmNlY2Fkb3MgcGVsYSBzYXVuYS4gTyBwb250byBlbSBjb211bSBlcmEgYSBvYnNlc3PDo28u,,W1N3aXNoaWVdCkxvcyBpbnRydXNvcyBlcmFuIGRlIGRvcyB0aXBvcy4gTG9zIHF1ZSBzZSBvYnNlc2lvbmFiYW4gY29uIGVsIGJhw7FvLCBvIGxvcyBxdWUgc2Ugb2JzZXNpb25hYmFuIGNvbiBsYXMgaW5zdGFsYWNpb25lcy4gTG8gcXVlIGFtYm9zIHRlbsOtYW4gZW4gY29tw7puIGVyYSBxdWUgc2Ugb2JzZXNpb25hYmFuIGNvbiBhbGdvLg==
yufOBw,,W1N3aXNoaWVdClRob3NlIG9ic2Vzc2VkIHdpdGggYmF0aGluZyBkaWQgbm90IGNvb3BlcmF0ZSB3aXRoIGNsZWFuaW5nLCBhbmQgdGhvc2Ugb2JzZXNzZWQgd2l0aCB0aGUgZmFjaWxpdGllcyBkZXN0cm95ZWQgdGhlIGZhY2lsaXRpZXMgYW5kIHRoZSBBdXRvbWF0YS4KVGhleSBkaXNtYW50bGVkIHRoZSBCb2lsZXIsIGRhbWFnZWQgdGhlIHBpcGVzLCBhbmQgZGlzYXNzZW1ibGVkIEF1dG9tYXRhLiBJdCBpcyBzYWlkIHRoYXQgbm8gb25lIGtub3dzIGhvdyBsb25nIHJlc3RvcmF0aW9uIHdpbGwgdGFrZS4gT3RoZXIgYXJlYXMgYXJlIGluIGEgc2ltaWxhciBzdGF0ZSwgYW5kIHRoZSBlbnRpcmUgbWFuc2lvbiBpcyBsaWtlIHRoaXMu,,,,,W1ZhaGlkYV0KT3Mgb2JjZWNhZG9zIHBvciBiYW5obyBuw6NvIGNvb3BlcmF2YW0gY29tIGEgbGltcGV6YSwgZSBvcyBvYmNlY2Fkb3MgcGVsYSBzYXVuYSBkZXN0cnXDrWFtIGVzdHJ1dHVyYXMgZSBhdXTDtG1hdGFzLgpEZXNtb250YXJhbSBhIGNhbGRlaXJhLCBkYW5pZmljYXJhbSB0dWJ1bGHDp8O1ZXMgZSBkZXNtYW50ZWxhcmFtIEF1dMO0bWF0YXMuIERpemVtIHF1ZSBuw6NvIHNhYmVtIHF1YW50byB0ZW1wbyBsZXZhcsOhIHBhcmEgcmVzdGF1cmFyLiBBIHNpdHVhw6fDo28gbsOjbyDDqSBtdWl0byBkaWZlcmVudGUgZW0gb3V0cm9zIGxvY2FpcywgdG9kYSBhIG1hbnPDo28gZXN0w6EgYXNzaW0u,,W1N3aXNoaWVdCkxvcyBodW1hbm9zIG9ic2VzaW9uYWRvcyBjb24gZWwgYmHDsW8gbm8gY29vcGVyYWJhbiBjb24gbGEgbGltcGllemEsIHkgbG9zIGh1bWFub3Mgb2JzZXNpb25hZG9zIGNvbiBsYXMgaW5zdGFsYWNpb25lcyBkZXN0cnXDrWFuIGxhcyBpbnN0YWxhY2lvbmVzIHkgbGFzIG11w7FlY2FzIGF1dG9tw6F0aWNhcy4KVGFtYmnDqW4gc2UgbGxldmFyb24gQ2FsZGVyYSwgZGHDsWFyb24gbGFzIHR1YmVyw61hcyB5IGRlc21hbnRlbGFyb24gbGFzIG11w7FlY2FzIGF1dG9tw6F0aWNhcy4gRGljZW4gcXVlIG5vIHNhYmVuIGN1w6FudG8gdGFyZGFyw6EgbGEgcmVzdGF1cmFjacOzbi4gTGEgc2l0dWFjacOzbiBlbiBvdHJvcyBsdWdhcmVzIHRhbXBvY28gZXMgbXV5IGRpc3RpbnRhOyBkaWplcm9uIHF1ZSB0b2RhIGxhIG1hbnNpw7NuIGVzdMOhIGVuIGVzdGUgZXN0YWRvLg==
y+fOBw,,W1N3aXNoaWVdCldoYXQgaXMgdGhlIGdyZWF0ZXN0IGRpc3Rpbmd1aXNoaW5nIGZlYXR1cmUgYmV0d2VlbiBndWVzdHMgYW5kIGludHJ1ZGVycz8gV2h5IGRvIHRoZWlyIGJlaGF2aW9yYWwgcGF0dGVybnMgZGlmZmVyPyBIb3cgZG8gaHVtYW5zIGRpc3Rpbmd1aXNoIGJldHdlZW4gdGhlIHR3bz8=,,,,,W1ZhaGlkYV0KUG9yIHF1ZSBvcyBpbnZhc29yZXMgbsOjbyBzw6NvIGNvbW8gb3MgdmlzaXRhbnRlcz8gUG9yIHF1ZSBzZXVzIHBhZHLDtWVzIGRlIGNvbXBvcnRhbWVudG8gc8OjbyBkaWZlcmVudGVzPyBDb21vIG9zIGh1bWFub3MgZGlzdGluZ3VlbSBlc3NlcyBkb2lzPw==,,W1N3aXNoaWVdCsK/Q3XDoWwgZXMgbGEgY2FyYWN0ZXLDrXN0aWNhIG3DoXMgZ3JhbmRlIHF1ZSBkaXN0aW5ndWUgYSBsb3MgaHXDqXNwZWRlcyBkZSBsb3MgaW50cnVzb3M/IMK/UG9yIHF1w6kgbG9zIGh1w6lzcGVkZXMgeSBsb3MgaW50cnVzb3MgdGllbmVuIHBhdHJvbmVzIGRlIGNvbmR1Y3RhIGRpc3RpbnRvcz8gwr9Dw7NtbyBkaXN0aW5ndWVuIGxvcyBodW1hbm9zIGxhIGRpZmVyZW5jaWEgZW50cmUgYW1ib3M/
zOfOBw,,W1N3aXNoaWVdCldlIEF1dG9tYXRhIGhhdmUgb25seSBpbnRlcmFjdGVkIHdpdGggZ3Vlc3RzLCBzbyBpdCBpcyBuYXR1cmFsIHRoYXQgd2UgZG8gbm90IGZ1bGx5IHVuZGVyc3RhbmQuCkFyZSB3ZSBub3QgdW5hYmxlIHRvIHBlcmNlaXZlIHdoYXQgaHVtYW5zIG5hdHVyYWxseSBmZWVsPyBXZSBjYW5ub3QgZXZlbiBzZW5zZSB0aGUgdGV4dHVyZSB3aGVyZSBvdXIgZmluZ2VydGlwcyB0b3VjaC4=,,,,,W1ZhaGlkYV0KTsOzcywgQXV0w7RtYXRhcywgc8OzIHRpdmVtb3MgY29udGF0byBjb20gdmlzaXRhbnRlcyBhdMOpIGFnb3JhLCBlbnTDo28gw6kgbmF0dXJhbCBxdWUgbsOjbyBzYWliYW1vcy4KTsOjbyBjb25zZWd1aW1vcyBzZW50aXIgY29pc2FzIHF1ZSBodW1hbm9zIGNvbnNpZGVyYW0gbmF0dXJhaXMuIE5lbSBtZXNtbyBhIHNlbnNhw6fDo28gZG8gdG9xdWUgbmEgcG9udGEgZG9zIGRlZG9zLg==,,W1N3aXNoaWVdCkNyZW8gcXVlIGVzIG5hdHVyYWwgcXVlIG5vIGxvIHNlcGFtb3MgYmllbiwgeWEgcXVlIGxhcyBtdcOxZWNhcyBhdXRvbcOhdGljYXMgY29tbyBub3NvdHJvcyBzb2xvIGhlbW9zIHRlbmlkbyBjb250YWN0byBjb24gbG9zIGh1w6lzcGVkZXMgaGFzdGEgYWhvcmEuCk5vc290cm9zIG5vIHBvZGVtb3Mgc2VudGlyIGNvc2FzIHF1ZSBsb3MgaHVtYW5vcyBwdWVkZW4gZGFyIHBvciBzZW50YWRhcy4gTmkgc2lxdWllcmEgY29ub2NlbW9zIGxhIHNlbnNhY2nDs24gYWwgdGFjdG8gZGUgdW5hIHBhcnRlIGNvbW8gZXN0YSwgZG9uZGUgbGEgcHVudGEgZGUgbG9zIGRlZG9zIGxsZWdhIGEgdG9jYXIu
zefOBw,,W1N3aXNoaWVdCkhvd2V2ZXIsIGV2ZW4gd2l0aG91dCBrbm93aW5nIHN1Y2ggdGhpbmdzLCBpdCBkb2VzIG5vdCBoaW5kZXIgbXkgd29yay4gSSBjbGVhbi4gSSBwZXJmb3JtIHRoZSB0YXNrIGFzc2lnbmVkIHRvIG1lLiBXaGF0ZXZlciBpcyBkZXNpZ25hdGVkIGFzIHdhc3RlLCBJIHN3ZWVwIGF3YXkgYXMgaXQgYXBwZWFycy4=,,,,,W1ZhaGlkYV0KTWFzIG1lc21vIHNlbSBpc3NvLCBtZXUgdHJhYmFsaG8gbsOjbyDDqSBhZmV0YWRvLiBFdSB2YXJyby4gQ3VtcHJvIGEgbWlzc8OjbyBxdWUgbWUgZm9pIGRhZGEu,,W1N3aXNoaWVdClBlcm8gYXVucXVlIG5vIHNlcGEgZXNhcyBjb3Nhcywgbm8gYWZlY3RhIGEgbWkgdHJhYmFqby4gU29sbyB0ZW5nbyBxdWUgbGltcGlhci4gU29sbyB0ZW5nbyBxdWUgY3VtcGxpciBsYSBtaXNpw7NuIHF1ZSBzZSBtZSBoYSBkYWRvLiBMbyBxdWUgZXN0w6kgZGVzaWduYWRvIGNvbW8gYmFzdXJhLCBsbyBiYXJybyBlbiBjdWFudG8gbG8gdmVvLg==
zufOBw,,W1N3aXNoaWVdCkh1bWFucyBhcyBodW1hbnMsIEF1dG9tYXRhIGFzIEF1dG9tYXRhLg==,,,,,W1ZhaGlkYV0KSHVtYW5vcyBzw6NvIGh1bWFub3MuIEF1dMO0bWF0YXMgc8OjbyBBdXTDtG1hdGFzLg==,,W1N3aXNoaWVdCkxvcyBodW1hbm9zIGNvbW8gaHVtYW5vcywgeSBsYXMgbXXDsWVjYXMgYXV0b23DoXRpY2FzIGNvbW8gbXXDsWVjYXMgYXV0b23DoXRpY2FzLg==
z+fOBw,,W1N3aXNoaWVdCkhtbS4uLiBob3dldmVyLCBpZiB5b3UsIGh1bWFuIGd1ZXN0IHswfSwgd291bGQgYXNzaXN0IHdpdGggb25lIG1hdHRlciwgaXQgd291bGQgYmUgYXBwcmVjaWF0ZWQuIEFyZSB5b3UgaW50ZXJlc3RlZD8=,,,,,W1ZhaGlkYV0KSG0uLi4gbm8gZW50YW50bywgaMOhIGFsZ28gZW0gcXVlIGdvc3RhcmlhIHF1ZSB7MH0gYWp1ZGFzc2UuIFRlbSBpbnRlcmVzc2U/,,W1N3aXNoaWVdCkhtbS4uLiBQZXJvIGhheSBhbGdvIGVuIGxvIHF1ZSBtZSBndXN0YXLDrWEgcXVlIGVsIGh1w6lzcGVkIGh1bWFubyB7MH0gbWUgYXl1ZGFyYS4gwr9UZSBpbnRlcmVzYT8=
0OfOBw,,R2xhZGx5Lg==,,,,,Q29tIHByYXplci4=,,Q29uIGd1c3RvLg==
0efOBw,,SSBhbSByYXRoZXIgYnVzeS4=,,,,,RXN0b3Ugc2VtIHRlbXBvLg==,,RXN0b3kgdW4gcG9jbyBvY3VwYWRvLg==
0ufOBw,,W1N3aXNoaWVdCkkgc2VlLiBVbmRlcnN0b29kLiBJIHdhcyB0YXVnaHQgbm90IHRvIGRldGFpbiBidXN5IGd1ZXN0cy4=,,,,,W1ZhaGlkYV0KRW50ZW5kby4gQXByZW5kaSBxdWUgbsOjbyBzZSBkZXZlIHJldGVyIHZpc2l0YW50ZXMgb2N1cGFkb3Mu,,W1N3aXNoaWVdCsK/QWgsIHPDrT8gRW50ZW5kaWRvLiBBcHJlbmTDrSBxdWUgbm8gc2UgZGViZSByZXRlbmVyIGEgdW4gaHXDqXNwZWQgb2N1cGFkby4=
0+fOBw,,W1N3aXNoaWVdClRoZW4gSSByZXF1ZXN0IHRoZSBlbGltaW5hdGlvbiBvZiBeMDAwMENEMTUgQm9pbGluZyBNYXJjIGFuZCAxNSBCb2lsaW5nIFBpcmFuaGFeMDAwMDAwLiBUaGV5IGFyZSB0aGUgcHJpbWFyeSBjYXVzZSBvZiB0aGUgYmF0aGhvdXNlIGJlY29taW5nIHVuY2xlYW4u,,,,,W1ZhaGlkYV0KUGXDp28gcXVlIGVsaW1pbmUgXjAwMDBDRDE1eCBNYXJjIEVzY2FsZGFkbyBlIDE1eCBDYXJwYSBFc2NhbGRhZGFeMDAwMDAwLiBFbGVzIHPDo28gYSBwcmluY2lwYWwgY2F1c2EgZGEgc3VqZWlyYSBubyBiYW5oby4=,,W1N3aXNoaWVdCkVudG9uY2VzLCB0ZSBwaWRvIHF1ZSBlbGltaW5lcyBeMDAwMENEMTUgTWFyYyBkZSBBZ3VhIENhbGllbnRlIHkgMTUgUGlyYcOxYSBkZSBhZ3VhIGNhbGllbnRlXjAwMDAwMC4gU29uIGxhIHByaW5jaXBhbCBjYXVzYSBkZSBxdWUgZWwgYmHDsW8gc2UgZW5zdWNpZS4=
1OfOBw,,W1N3aXNoaWVdCk90aGVyIGFyZWFzIG9mIHRoZSBtYW5zaW9uIGFsc28gbGFjayByZXNvdXJjZXMsIHNvIHdlIG11c3QgaGFuZGxlIGl0IG91cnNlbHZlcy4gV2UgY2xlYW4gd2hlbmV2ZXIgd2Ugc2VlIHRoZW0sIGJ1dCB0aGVpciBudW1iZXJzIGFyZSB0b28gZ3JlYXQuIEl0IGNvbmNlcm5zIGh5Z2llbmUgYW5kIHNhZmV0eSwgc28gaXQgY2Fubm90IGJlIHBvc3Rwb25lZC4gSSBsZWF2ZSBpdCB0byB5b3Uu,,,,,W1ZhaGlkYV0KT3V0cmFzIMOhcmVhcyBkYSBtYW5zw6NvIHRhbWLDqW0gZXN0w6NvIGNvbSBwb3Vjb3MgcmVjdXJzb3MsIGVudMOjbyBwcmVjaXNhbW9zIGxpZGFyIGNvbSBpc3NvIGludGVybmFtZW50ZS4gTGltcGFtb3Mgc2VtcHJlIHF1ZSB2ZW1vcywgbWFzIHPDo28gbXVpdG9zLiDDiSBxdWVzdMOjbyBkZSBoaWdpZW5lIGUgc2VndXJhbsOnYSwgbsOjbyBwb2RlIHNlciBhZGlhZG8uIENvbnRvIGNvbSB2b2PDqi4=,,W1N3aXNoaWVdCkVuIG90cmFzIHBhcnRlcyBkZSBsYSBtYW5zacOzbiB0YW1iacOpbiBmYWx0YW4gcmVjdXJzb3MsIGFzw60gcXVlIGRlYmVtb3MgaGFjZXJsbyBub3NvdHJvcyBtaXNtb3MuIExpbXBpYW1vcyBjYWRhIHZleiBxdWUgbG9zIHZlbW9zLCBwZXJvIHNvbiBkZW1hc2lhZG9zLiBDb21vIGVzIHVuIGFzdW50byBkZSBoaWdpZW5lIHkgc2VndXJpZGFkLCBubyBzZSBwdWVkZSBwb3Nwb25lci4gRW50b25jZXMsIHRlIGxvIGVuY2FyZ28u
1efOBw,,W1N3aXNoaWVdCldoYXQgaXMgdGhlIG1hdHRlcj8gUGVyaGFwcyB5b3UgaGF2ZSBjb21lIHRvIGhlbHA/,,,,,W1ZhaGlkYV0KTyBxdWUgZGVzZWphPyBWZWlvIGFqdWRhcj8=,,W1N3aXNoaWVdCsK/UXXDqSBvY3VycmU/IMK/QWNhc28gdmFzIGEgYXl1ZGFyPw==
1ufOBw,,SSB3aWxsIHRha2UgY2FyZSBvZiB0aGUgZmlzaC4=,,,,,VmltIGVsaW1pbmFyIG9zIHBlaXhlcw==,,TWUgZW5jYXJnYXLDqSBkZSBsb3MgcGVjZXMu
1+fOBw,,SSB3YXMgY3VyaW91cyBhYm91dCB0aGUgY2xlYW5pbmcu,,,,,VGVuaG8gY3VyaW9zaWRhZGUgc29icmUgYSBsaW1wZXph,,VGVuZ28gY3VyaW9zaWRhZCBwb3IgbGEgbGltcGllemEu
2OfOBw,,W1N3aXNoaWVdCk15IGdyYXRpdHVkZSBmb3IgeW91ciBhc3Npc3RhbmNlLiBUaGVuIEkgcmVxdWVzdCB0aGUgZWxpbWluYXRpb24gb2YgXjAwMDBDRDE1IEJvaWxpbmcgTWFyYyBhbmQgMTUgQm9pbGluZyBQaXJhbmhhXjAwMDAwMC4=,,,,,W1ZhaGlkYV0KQWdyYWRlw6dvIGEgYWp1ZGEuIEVudMOjbyBwZcOnbyBxdWUgZWxpbWluZSBeMDAwMENEMTV4IE1hcmMgRXNjYWxkYWRvIGUgMTV4IENhcnBhIEVzY2FsZGFkYV4wMDAwMDAu,,W1N3aXNoaWVdCkFncmFkZXpjbyB0dSBheXVkYS4gRW50b25jZXMsIHRlIHBpZG8gcXVlIGVsaW1pbmVzIF4wMDAwQ0QxNSBNYXJjIGRlIEFndWEgQ2FsaWVudGUgeSAxNSBQaXJhw7FhIGRlIGFndWEgY2FsaWVudGVeMDAwMDAwLg==
2efOBw,,W1N3aXNoaWVdCkNsZWFuaW5nIHByb2NlZWRzIGFzIHVzdWFsLiBJdCBpcyBtZXJlbHkgZGlmZmljdWx0IGR1ZSB0byBudW1lcm91cyBvYnN0YWNsZXMu,,,,,W1ZhaGlkYV0KQSBsaW1wZXphIHNlZ3VlIGNvbW8gc2VtcHJlLiBBcGVuYXMgaMOhIG11aXRvcyBvYnN0w6FjdWxvcy4=,,W1N3aXNoaWVdCkxhIGxpbXBpZXphIGxhIGhhZ28gY29tbyBzaWVtcHJlLiBTb2xvIHF1ZSBoYXkgbXVjaG9zIG9ic3TDoWN1bG9zIHkgcG9yIGVzbyBlcyBkaWbDrWNpbC4=
2ufOBw,,SSB3aWxsIHRha2UgY2FyZSBvZiB0aGUgZmlzaC4=,,,,,VmltIGVsaW1pbmFyIG9zIHBlaXhlcw==,,TWUgZW5jYXJnYXLDqSBkZSBsb3MgcGVjZXMu
2+fOBw,,XkFBQUFBQUZpc2ggRXh0ZXJtaW5hdGlvbiAtIFdhaXRpbmdeMDAwMDAw,,,,,XkFBQUFBQVtFc3BlcmFdIFZpbSBlbGltaW5hciBvcyBwZWl4ZXNeMDAwMDAw,,XkFBQUFBQVByb2Nlc2FtaWVudG8gZGUgcGVjZXMgLSBFbiBlc3BlcmFeMDAwMDAw
3OfOBw,,SSB3aWxsIHRha2UgY2FyZSBvZiB0aGUgZmlzaC4u,,,,,VmltIGVsaW1pbmFyIG9zIHBlaXhlcw==,,TWUgZW5jYXJnYXLDqSBkZSBsb3MgcGVjZXMuLg==
3efOBw,,SSBoYXZlIHRha2VuIGNhcmUgb2YgdGhlIGZpc2gu,,,,,RWxpbWluZWkgb3MgcGVpeGVzLg==,,TWUgZW5jYXJndcOpIGRlIGxvcyBwZWNlcy4=
3ufOBw,,XkFBQUFBQUZpc2ggRXh0ZXJtaW5hdGlvbiAtIEluIFByb2dyZXNzXjAwMDAwMA==,,,,,XkFBQUFBQVtFbSBjdXJzb10gVmltIGVsaW1pbmFyIG9zIHBlaXhlc14wMDAwMDA=,,XkFBQUFBQVByb2Nlc2FtaWVudG8gZGUgcGVjZXMgLSBFbiBjdXJzb14wMDAwMDA=
3+fOBw,,VW5kZXJzdG9vZC4=,,,,,RW50ZW5kaS4=,,RGUgYWN1ZXJkby4=
4OfOBw,,W1N3aXNoaWVdClRoZW4gSSBzaGFsbCB3YWl0Lg==,,,,,W1ZhaGlkYV0KRW50w6NvIGFndWFyZGFyZWku,,W1N3aXNoaWVdCkVudG9uY2VzLCBlc3RhcsOpIGVzcGVyYW5kby4=
4efOBw,,W1N3aXNoaWVdClVuZGVyc3Rvb2QuIEkgaGF2ZSBoZWFyZCB0aGF0IGh1bWFucyBtdXN0IHJlc3QgZnJlcXVlbnRseS4=,,,,,W1ZhaGlkYV0KRW50ZW5kaWRvLiBPdXZpIGRpemVyIHF1ZSBodW1hbm9zIHByZWNpc2FtIGRlc2NhbnNhciBjb20gZnJlcXXDqm5jaWEu,,W1N3aXNoaWVdCkVudGllbmRvLiBIZSBvw61kbyBxdWUgbG9zIGh1bWFub3MgZGViZW4gZGVzY2Fuc2FyIGNvbiBmcmVjdWVuY2lhLg==
4ufOBw,,W1N3aXNoaWVdCkhvd2V2ZXIsIGl0IHdvdWxkIGJlIGJlc3QgdG8gcmVzdCBicmllZmx5LiBSZXR1cm4gYWZ0ZXIgZGF3biBoYXMgcGFzc2VkLg==,,,,,W1ZhaGlkYV0KTWFzIHNlcmlhIG1lbGhvciBkZXNjYW5zYXIgdW0gcG91Y28uIFZvbHRlIGFww7NzIG8gYW1hbmhlY2VyLg==,,W1N3aXNoaWVdClBlcm8gc2Vyw6EgbWVqb3IgcXVlIGRlc2NhbnNlcyB1biBwb2NvLiBWdWVsdmUgYSBidXNjYXJtZSBkZXNwdcOpcyBkZSBxdWUgcGFzZSBlbCBhbWFuZWNlci4=
4+fOBw,,W1N3aXNoaWVdCkhhdmUgdGhleSBhbGwgYmVlbiBlbGltaW5hdGVkPw==,,,,,W1ZhaGlkYV0KRWxpbWlub3UgdG9kb3M/,,W1N3aXNoaWVdCsK/TG9zIGhhcyBlbGltaW5hZG8gYSB0b2Rvcz8=
5OfOBw,,W1N3aXNoaWVdClBlcmZlY3QuIE15IHNpbmNlcmUgdGhhbmtzLiBJIHdvdWxkIGJlIGZ1cnRoZXIgZ3JhdGVmdWwgaWYgeW91IHdvdWxkIHJldHVybiBhZnRlciBkYXduIGhhcyBwYXNzZWQu,,,,,W1ZhaGlkYV0KUGVyZmVpdG8uIE11aXRvIG9icmlnYWRhLiBGaWNhcmVpIGFpbmRhIG1haXMgZ3JhdGEgc2UgcmV0b3JuYXIgYXDDs3MgbyBhbWFuaGVjZXIu,,W1N3aXNoaWVdClBlcmZlY3RvLiBNdWNoYXMgZ3JhY2lhcy4gVGUgYWdyYWRlY2Vyw61hIGHDum4gbcOhcyBzaSB2dWVsdmVzIGEgYnVzY2FybWUgZGVzcHXDqXMgZGUgcXVlIHBhc2UgZWwgYW1hbmVjZXIu
5efOBw,,W1N3aXNoaWVdCkhtbS4uLiBpdCBpcyBzdGlsbCBpbnN1ZmZpY2llbnQuIEkgcmVxdWVzdCB0aGUgZWxpbWluYXRpb24gb2YgXjAwMDBDRDE1IEJvaWxpbmcgTWFyYyBhbmQgMTUgQm9pbGluZyBQaXJhbmhhXjAwMDAwMC4gVGhleSBhcmUgZXhjZWVkaW5nbHkgb2JzdHJ1Y3RpdmUu,,,,,W1ZhaGlkYV0KSG0uLi4gYWluZGEgw6kgaW5zdWZpY2llbnRlLiBQZcOnbyBxdWUgZWxpbWluZSBeMDAwMENEMTV4IE1hcmMgRXNjYWxkYWRvIGUgMTV4IENhcnBhIEVzY2FsZGFkYV4wMDAwMDAuIEVzdMOjbyByZWFsbWVudGUgYXRyYXBhbGhhbmRvLg==,,W1N3aXNoaWVdCkhtbS4uLiBhw7puIG5vIGVzIHN1ZmljaWVudGUuIFRlIHBpZG8gcXVlIGVsaW1pbmVzIF4wMDAwQ0QxNSBNYXJjIGRlIEFndWEgQ2FsaWVudGUgeSAxNSBQaXJhw7FhIGRlIGFndWEgY2FsaWVudGVeMDAwMDAwLiBObyBkZWphbiBkZSBlc3RvcmJhci4=
5ufOBw,,W1N3aXNoaWVdCkRvIHlvdSBzdGlsbCBoYXZlIGJ1c2luZXNzIGhlcmU/IFdhcyB0aGVyZSBub3Qgc29tZXRoaW5nIHlvdSBuZWVkZWQgdG8gZG8/,,,,,W1ZhaGlkYV0KQWluZGEgaMOhIGFsZ28gYSBmYXplciBhcXVpPyBOw6NvIHRpbmhhIG91dHJhIHRhcmVmYT8=,,W1N3aXNoaWVdCsK/QcO6biB0ZSBxdWVkYSBhbGdvIHF1ZSBoYWNlciBhcXXDrT8gwr9ObyB0ZW7DrWFzIGFsZ28gcXVlIGhhY2VyPw==
5+fOBw,,W1N3aXNoaWVdCldoZW4gY29uZHVjdGluZyBhIG1ham9yIGNsZWFuaW5nLCBpdCBpcyBiZXN0IHRvIGV4ZXJjaXNlIHBhcnRpY3VsYXIgY2F1dGlvbi4gSXQgaXMgaGlnaGx5IGRhbmdlcm91cy4=,,,,,W1ZhaGlkYV0KRHVyYW50ZSBhIGxpbXBlemEgIGdlcmFsLCDDqSBtZWxob3IgdGVyIGN1aWRhZG8gcmVkb2JyYWRvLiDDiSBtdWl0byBwZXJpZ29zby4=,,W1N3aXNoaWVdCkN1YW5kbyBoYWdhcyB1bmEgZ3JhbiBsaW1waWV6YSwgZXMgbWVqb3IgcXVlIHRlbmdhcyBlc3BlY2lhbCBjdWlkYWRvLiBFcyBtdXkgcGVsaWdyb3NvLg==
6OfOBw,,W1Jvb2tpZV0KLi4uVW0sIGV4Y3VzZSBtZS4uLg==,,,,,W0x1a2llXQouLi4gRWksIHR1IGHDrS4uLg==,,W0x1a2llXQouLi5FaCwgZXN0by4uLg==
6efOBw,,Um9va2llPw==,,,,,THVraWU/,,wr9TZcOxb3IgTHVraWU/
6ufOBw,,W1Jvb2tpZV0KWWVzPyBZZXMuIFVtLi4uIHRoZXJlIGlzIG5vdGhpbmcgaGVyZS4gUmF0aGVyLCBwbGVhc2UgZ28gdG8gdGhlIF4wMDAwQ0RsYWtlXjAwMDAwMC4=,,,,,W0x1a2llXQpFdSwgw6k/IMOJLCDDqSBldSBzaW0uIMOTIHPDsy4uLiBhcXVpIG51bSB0ZW0gbmFkYSBwcmEgdsOqLiDDiSBtZWxow7MgY8OqIF4wMDAwQ0R2b2x0YXIgcGFyYSBhIGVudHJhZGFeMDAwMDAwLg==,,W0x1a2llXQrCv1F1w6k/IFPDrS4gRXN0by4uLiBBcXXDrSBubyBoYXkgbmFkYS4gTcOhcyBiaWVuLCB2YXlhIGFsIF4wMDAwQ0RsYWdvXjAwMDAwMC4=
6+fOBw,,VGhlIGxha2U/,,,,,UGFyYSBhIGVudHJhZGE/,,wr9BbCBsYWdvPw==
7OfOBw,,W1Jvb2tpZV0KRHVyaW5nIGNsZWFuaW5nLCBhbGwgZHJhaW5zIGFyZSBvcGVuZWQsIGFuZCBpZiBvbmUgc3RlcHMgb24gdGhlIHdyb25nIGRyYWluLCBpdCBpcyBzYWlkIHRoYXQgb25lIG1heSBmYWxsIGludG8gdGhlIGxha2UgaW5zdGVhZCBvZiB0aGUgU2V3YWdlIFRyZWF0bWVudCBQbGFudC4gVGhhdCBpcyB3aHkgSSBzdWdnZXN0IHlvdSBnby4=,,,,,W0x1a2llXQpDw6ogc2FiaWEgcXVlIGFxdWkgdGVtIHJhbG8gYWJlcnRvIGRlIGVzZ290bywgdmlzc2U/IFNlIHR1IHBpc2FyIGVycmFkbywgcG9kZSBjYWlyIG5hIHR1YnVsYcOnw6NvLCBpbmRvIGRpcmV0byBwcm8gZXNnb3RvLCBwacOhLiDDiSBtZWxow7Mgdm9sdGFyIHByYSBlbnRyYWRhLCBzw7Qu,,W0x1a2llXQpEdXJhbnRlIGxhIGxpbXBpZXphLCBhYnJlbiB0b2RvcyBsb3MgZGVzYWfDvGVzLCB5IGRpY2VuIHF1ZSBhIHZlY2VzLCBzaSBwaXNhcyBtYWwgdW5vIGRlIGVzb3MgZGVzYWfDvGVzLCBlbiB2ZXogZGUgY2FlciBlbiBQbGFudGEgZGUgVHJhdGFtaWVudG8gZGUgQWd1YXMgUmVzaWR1YWxlcyB0ZXJtaW5hcyBjYXllbmRvIGFsIGxhZ28sIGFzw60gcXVlIHRlIGRpY2VuIHF1ZSB2YXlhcyBhIHZlcmxvLg==
7efOBw,,W1Jvb2tpZV0KVGhlcmUgbWF5IGJlIHNvbWV0aGluZyA8TkFWST5bdGhlcmVdPElORk8+YmFfYmF0aCwxNjUsNDMsMCwxMDEsMDwvSU5GTz48L05BVkk+LiBQbGVhc2UgaW52ZXN0aWdhdGUu,,,,,W0x1a2llXQpPeGUsIHBvZGUgc8OqIHF1ZSB0ZW5oYSBhbGdvIDxOQVZJPltsw6FdPElORk8+YmFfYmF0aCwxNjUsNDMsMCwxMDEsMDwvSU5GTz48L05BVkk+LiBFc3BpYSBzw7Mu,,W0x1a2llXQpQdWVkZSBxdWUgaGF5YSBhbGdvIGVuIDxOQVZJPlthbGzDrV08SU5GTz5iYV9iYXRoLDE2NSw0MywwLDEwMSwwPC9JTkZPPjwvTkFWST4uIEV4YW3DrW5hbG8u
7ufOBw,,Um9va2llIzE3MmJhMDM=,,,,,THVraWUjMTcyYmEwMw==,,THVraWUjMTcyYmEwMw==
7+fOBw,,W01hZ2VudGFdCkx1Y2t5ISBZb3UncmUgc2FmZSEgWW91IHdlbnQgb2ZmIGFsb25lLCBzbyBJIHRob3VnaHQgc29tZXRoaW5nIG1pZ2h0J3ZlIGhhcHBlbmVkIQ==,,,,,W01hZ2VudGFdCkx1Y2t5ISBWb2PDqiBlc3TDoSBiZW0hIEFuZGFuZG8gc296aW5obyBhc3NpbSwgYWNoZWkgcXVlIGFsZ28gdGl2ZXNzZSBhY29udGVjaWRvIQ==,,W01hZ2VudGFdCsKhUXXDqSBzdWVydGUhIMKhRXN0w6FzIGEgc2Fsdm8hIENvbW8gYW5kYWJhcyBzb2xvLCBwZW5zw6kgcXVlIHRlIGhhYsOtYSBwYXNhZG8gYWxnby4=
8OfOBw,,W1Jvb2tpZV0KWW91IHNhdyBtZSB0b28/,,,,,W0x1a2llXQpWb2PDqiB0YW1iw6ltIG1lIHZpdT8=,,W0x1a2llXQrCv1TDuiB0YW1iacOpbiBtZSB2aXN0ZT8=
8efOBw,,W0Rlbm55XQpSb29raWU/IFlvdSBjYWxsZWQgbWU/IEkgd2FzIGp1c3QgYWJvdXQgdG8gaGVhZCB0byB0aGUgbGFrZSBsaWtlIHlvdSBzYWlkLCBzbyB3aHkgYXJlIHlvdSBjYWxsaW5nPw==,,,,,W0Rlbm55XQpMdWtpZT8gRXUgZXN0YXZhIGluZG8gcGFyYSBhIGVudHJhZGEgY29tbyB2b2PDqiBkaXNzZSwgcG9yIHF1ZSBjaGFtb3U/,,W0Rlbm55XQrCv0x1a2llPyDCv1TDuiBtZSBsbGFtYXN0ZT8gSWJhIGEgaXIgYWwgbGFnbywgY29tbyBkaWppc3RlLCDCv3Blcm8gcG9yIHF1w6kgbWUgbGxhbWFzPw==
8ufOBw,,W1NjaW9uXQpIZXksIGhvdyBkaWQgeW91IGdldCBoZXJlIGJlZm9yZSBtZT8=,,,,,W0N5YW5dCkNvbW8gY2hlZ291IGFudGVzIGRlIG1pbT8=,,W1NjaW9uXQpPeWUsIMK/Y8OzbW8gbGxlZ2FzdGUgYW50ZXMgcXVlIHlvPw==
8+fOBw,,W1Jvb2tpZV0KV2FpdCwgY2FsbSBkb3duLiBBbGwgb2YgeW91IHNhdyBtZSBvdXRzaWRlLCByaWdodD8=,,,,,W0x1a2llXQpFc3BlcmVtLCBhY2FsbWVtLXNlLiBUb2RvcyB2b2PDqnMgbWUgdmlyYW0gbMOhIGRlbnRybywgY2VydG8/,,W0x1a2llXQpFc3BlcmEsIGPDoWxtYXRlLiDCv1RvZG9zIHVzdGVkZXMgbWUgdmllcm9uIGFmdWVyYSwgdmVyZGFkPw==
9OfOBw,,W0Rlbm55XQpPZiBjb3Vyc2UhIElmIFJvb2tpZSBpc24ndCBSb29raWUsIHRoZW4gd2hvIGlzPw==,,,,,W0Rlbm55XQpDbGFybyEgU2UgbsOjbyBlcmEgTHVraWUsIGVudMOjbyBxdWVtIHNlcmlhPw==,,W0Rlbm55XQrCoUNsYXJvISBTaSBubyBlcyBMdWtpZSwgZW50b25jZXMgwr9xdWnDqW4gZXM/
9efOBw,,WW91IHRoaW5rIEknZCBsaWUgYWJvdXQgdGhhdD8=,,,,,RXUgbWVudGlyaWEgcG9yIGFjYXNvPw==,,wr9BY2FzbyBpYmEgYSBtZW50aXI/
9ufOBw,,W1Jvb2tpZV0KVGhlbiBpdCBzZWVtcyBpdCdzIG5vdCBhbW9uZyB1cy4KTGlzdGVuIGNhcmVmdWxseS4gV2Ugc3RpbGwgZG9uJ3Qga25vdyB0aGUgaWRlbnRpdHkgb2YgdGhlIHRocmVhdCBoZXJlLiBCdXQgaXQncyBub3QgYW4gYXV0b21hdHJvbiBvciBhIGdob3N0LiBOb3QgYSBiZWFzdC10eXBlIG1vbnN0ZXIsIGVpdGhlci4gTm9yIGEgc3VwZXJuYXR1cmFsIGJlaW5nLg==,,,,,W0x1a2llXQpFbnTDo28gcGFyZWNlIHF1ZSBlbGEgbsOjbyBlc3TDoSBlbnRyZSBuw7NzLgpPdcOnYW0gYmVtLiBBaW5kYSBuw6NvIHNhYmVtb3MgYSBpZGVudGlkYWRlIGRvIGVsZW1lbnRvIHBlcmlnb3NvIGFxdWkuIE1hcyBuw6NvIMOpIHVtYSBBdXTDtG1hdGEsIG5lbSB1bSBmYW50YXNtYS4gVGFtYsOpbSBuw6NvIMOpIHVtIG1vbnN0cm8gaXJyYWNpb25hbC4gTmVtIHVtYSBlbnRpZGFkZSBzb2JyZW5hdHVyYWwu,,W0x1a2llXQpFbnRvbmNlcyBwYXJlY2UgcXVlIG5vIGVzdMOhIGVudHJlIHVzdGVkZXMuCkVzY3VjaGVuIGJpZW4uIEHDum4gbm8gc8OpIHF1w6kgZXMgZWwgZWxlbWVudG8gcGVsaWdyb3NvIHF1ZSBoYXkgYXF1w60uIFBlcm8gbm8gZXMgdW4gYXV0w7NtYXRhIG5pIHVuIGZhbnRhc21hLiBUYW1wb2NvIGVzIHVuIG1vbnN0cnVvIGRlIHRpcG8gYmVzdGlhLiBOaSB1bmEgZXhpc3RlbmNpYSBzb2JyZW5hdHVyYWwu
9+fOBw,,VGhlbiB3aGF0IGlzIGl0Pw==,,,,,RW50w6NvIG8gcXVlIMOpPw==,,RW50b25jZXMsIMK/cXXDqSBlcz8=
+OfOBw,,W0Rlbm55XQpXYWl0LCBob3cgZGlkIHlvdSBmaWd1cmUgdGhhdCBvdXQ/,,,,,W0Rlbm55XQpDb21vIHZvY8OqIGRlc2NvYnJpdSBpc3NvPw==,,W0Rlbm55XQpObywgwr95IGPDs21vIGF2ZXJpZ3Vhc3RlIGVzbz8=
+efOBw,,W1Jvb2tpZV0KQWxsIG9mIHlvdSBlbmNvdW50ZXJlZCBpdCBhdCBsZWFzdCBvbmNlLiBZb3Ugc2F3IG1lIG91dHNpZGUsIHJpZ2h0PyBUaGUgb25lIHdobyB0b2xkIHlvdSB0byBnbyB0byB0aGUgbGFrZS4gRGlkbid0IHlvdSBmaW5kIHRoYXQgc3RyYW5nZT8gVGhhdCB3YXMgYSBmYWtlIGltaXRhdGluZyBteSBhcHBlYXJhbmNlLg==,,,,,W0x1a2llXQpUb2RvcyB2b2PDqnMgasOhIGVuY29udHJhcmFtIGNvbSBlbGEuIFZvY8OqcyBtZSB2aXJhbSBsw6EgZGVudHJvLCBuw6NvIHZpcmFtPyBOw6NvIGFjaGFyYW0gZXN0cmFuaG8/IEVyYSB1bSBpbXBvc3RvciBpbWl0YW5kbyBtaW5oYSBhcGFyw6puY2lhLg==,,W0x1a2llXQpUb2RvcyBzZSBlbmNvbnRyYXJvbiBjb24gw6lsIGFsIG1lbm9zIHVuYSB2ZXouIE1lIHZpZXJvbiBhZnVlcmEsIMK/dmVyZGFkPyBBbCB5byBxdWUgbGVzIGRpam8gYWTDs25kZSBpci4gwr9ObyBub3Rhcm9uIG5hZGEgZXh0cmHDsW8/IEVzZSBlcyB1biBpbXBvc3RvciBxdWUgaW1pdMOzIG1pIGFwYXJpZW5jaWEu
+ufOBw,,W01hZ2VudGFdCldoYXQ/PyBUaGF0IHdhc24ndCB0aGUgcmVhbCBMdWNreT8=,,,,,W01hZ2VudGFdCk8gcXXDqj8/IE7Do28gZXJhIG8gTHVja3kgZGUgdmVyZGFkZT8=,,W01hZ2VudGFdCsK/UXXDqT8/IMK/RW50b25jZXMgbm8gZXJhIGVsIHZlcmRhZGVybyBMdWtpZT8=
++fOBw,,QnV0IGl0IGxvb2tlZCBleGFjdGx5IHRoZSBzYW1lPw==,,,,,TWFzIGVyYSBpZMOqbnRpY28h,,wqFTZSB2ZcOtYSBleGFjdGFtZW50ZSBpZ3VhbCE=
/OfOBw,,WS1ZZWFoLCB0aGF0J3MgcmlnaHQhIEl0IHRvbGQgbWUgdG8gZ28gdG8gdGhlIGxha2UgdG9vIQ==,,,,,TWFzIGZhbGF2YSBjb20gc290YXF1ZSE=,,wqFTLXPDrSwgY2llcnRvISDCoUEgbcOtIHRhbWJpw6luIG1lIGRpam8gcXVlIGZ1ZXJhIGFsIGxhZ28h
/efOBw,,W1Jvb2tpZV0KSSB3YXMgd2l0aCB0aGUgUnViYmVyIHRoZSBlbnRpcmUgdGltZS4gVGhhdCBhZHZlbnR1cmVyIG92ZXIgdGhlcmUgYWxtb3N0IGZvbGxvd2VkIHRoZSBmYWtlIGFsbCB0aGUgd2F5IHRvIHRoZSBsYWtlLgpKdWRnaW5nIGJ5IHRoZSBjaXJjdW1zdGFuY2VzLCBpdCdzIGFuIGludGVsbGlnZW50IGxpZmUtZm9ybSBhbmQgZG9lc24ndCBpbnRlbmQgdG8gaGFybSB1cy4gSXQncyBzaW1wbHkgdHJ5aW5nIHRvIGRyaXZlIHVzIG91dCBvZiBoZXJlLiBUaGVyZSdzIGEgaGlnaCBjaGFuY2UgdGhhdCBHb25pIGlzIHNhZmUgYXMgd2VsbC4=,,,,,W0x1a2llXQpFdSBlc3RpdmUgbyB0ZW1wbyB0b2RvIGNvbSBhIEVzZnJpZ2EuIEVzc2UgZmFsc28gTHVraWUgYXTDqSBlbmdhbm91IG5vc3NvIHZpYWphbnRlLgpQZWxhcyBjaXJjdW5zdMOibmNpYXMsIMOpIHVtIHNlciBpbnRlbGlnZW50ZSBlIG7Do28gcHJldGVuZGUgbm9zIGZlcmlyLiBBcGVuYXMgZXN0w6EgdGVudGFuZG8gbm9zIGV4cHVsc2FyIGRhcXVpLiBIw6EgZ3JhbmRlIGNoYW5jZSBkZSBxdWUgR29uaWUgZXN0ZWphIGEgc2Fsdm8u,,W0x1a2llXQpZbyBlc3R1dmUgdG9kbyBlbCB0aWVtcG8gY29uIGVsIHNlw7FvciBzYWNlcmRvdGUuIFkgZXNlIHRyb3RhbXVuZG9zIGRlIGFsbMOtIHRhbWJpw6luIHNlIHRvcMOzIGNvbiBlc2UgaW1wb3N0b3IgeSBjYXNpIHZhIHkgdnVlbHZlIGRlbCBsYWdvLgpQb3IgdmFyaWFzIGNpcmN1bnN0YW5jaWFzLCBlc28gZXMgdW4gc2VyIHZpdm8gY29uIGludGVsaWdlbmNpYSB5IG5vIHByZXRlbmRlIGhhY2Vybm9zIGRhw7FvLiBTb2xvIGludGVudGEgc2FjYXJub3MgZGUgZXN0ZSBsdWdhci4gVGFtYmnDqW4gZXMgbXV5IHByb2JhYmxlIHF1ZSBHb25pIGVzdMOpIGEgc2Fsdm8u
/ufOBw,,W01hZ2VudGFdClNvIEkgd2FzIGRlY2VpdmVkIGJ5IGEgZmFrZT8gSSBkb24ndCBrbm93IHdobyBpdCBpcywgYnV0IEknbGwgdHJhY2sgaXQgZG93biB0byB0aGUgZW5kLg==,,,,,W01hZ2VudGFdCkVudMOjbyBldSBmdWkgZW5nYW5hZG8gcG9yIHVtIGltcG9zdG9yPyBTZWphIHF1ZW0gZm9yLCB2b3UgZW5jb250csOhLWxvIGF0w6kgbyBmaW0u,,W01hZ2VudGFdCsK/RGljZXMgcXVlIG1lIGVuZ2HDscOzIHVuIGltcG9zdG9yPyBObyBzw6kgcXVpw6luIHNlcsOhLCBwZXJvIGxvIGVuY29udHJhcsOpIGhhc3RhIGVsIGZpbmFsLg==
/+fOBw,,SXQgdHJpY2tlZCBtZS4uLg==,,,,,RWxlIG1lIGVuZ2Fub3UuLi4=,,TWUgZW5nYcOxw7MuLi4=
AOjOBw,,SGEsIHVuYmVsaWV2YWJsZS4=,,,,,QmVtIHF1ZSBldSBwZXJjZWJpIG8gc290YXF1ZS4=,,SmEsIHZheWEuIE1lIGRlamFzIHNpbiBwYWxhYnJhcy4=
AejOBw,,W1Jvb2tpZV0KVGhlIG9wcG9uZW50IGtub3dzIHRoaXMgYmF0aGhvdXNlIHdlbGwuIENvbnNpZGVyaW5nIGl0IGtub3dzIGFib3V0IHRoZSBsYWtlIHdoZXJlIHRoZSBiYXRod2F0ZXIgaXMgb2NjYXNpb25hbGx5IGRyYWluZWQsIHRoZXJlIG1heSBldmVuIGJlIGEgc2VjcmV0IHBhc3NhZ2Uu,,,,,W0x1a2llXQpBIGNyaWF0dXJhIGNvbmhlY2UgYmVtIGVzdGEgc2F1bmEuIFBlbG8gZmF0byBkZSBzYWJlciBkYSBleGlzdMOqbmNpYSBkbyBsYWdvIG9uZGUgYSDDoWd1YSDDqSBkcmVuYWRhLCB0YWx2ZXogaGFqYSBhdMOpIHVtYSBwYXNzYWdlbSBzZWNyZXRhLg==,,W0x1a2llXQpFbCBvcG9uZW50ZSBjb25vY2UgYmllbiBlc3RlIGJhw7FvLiBQb3IgbG8gcXVlIHBhcmVjZSBzYWJlciBkZSBsYSBleGlzdGVuY2lhIGRlbCBsYWdvIGFsIHF1ZSBzZSBkcmVuYSBlbCBhZ3VhIGRlbCBiYcOxbyBkZSBmb3JtYSBpbnRlcm1pdGVudGUsIHF1aXrDoSB0YW1iacOpbiBoYXlhIHVuIHBhc2FkaXpvIHNlY3JldG8u
AujOBw,,W1Jvb2tpZV0KSXQgbXVzdCBiZSBmYW1pbGlhciB3aXRoIHdhdGVyLiBBbmQuLi4gc3RlYW0uIFllcywgaXQga25vd3MgaG93IHRvIHVzZSBzdGVhbS4gSSdtIG5vdCBzdXJlIHdoYXQgZWZmZWN0IHRoZSBzdGVhbSBoYXMsIGJ1dCB0aGVyZSBtdXN0IGJlIHNvbWV0aGluZyBtb3JlIHRoYW4ganVzdCBvYnN0cnVjdGluZyB2aXNpb24uIFNvIGJlIGNhcmVmdWwu,,,,,W0x1a2llXQpEZXZlIGVzdGFyIGFjb3N0dW1hZG8gw6Agw6FndWEuIEUuLi4gdmFwb3IuIFNpbSwgc2FiZSB1c2FyIG8gdmFwb3IuIE7Do28gc2VpIHF1ZSBlZmVpdG8gZWxlIHRlbSBhbMOpbSBkZSBhdHJhcGFsaGFyIGEgdmlzw6NvLCBtYXMgZGV2ZSBoYXZlciBhbGdvIG1haXMuIFBvcnRhbnRvLCBjdWlkYWRvLg==,,W0x1a2llXQpFc3RhcsOhIGFjb3N0dW1icmFkbyBhbCBhZ3VhLiBZLi4uIHZhcG9yLiBTw60sIHNhYmUgdXNhciBlbCB2YXBvci4gTm8gc8OpIHF1w6kgZWZlY3RvIHRpZW5lIGVsIHZhcG9yLCBhcGFydGUgZGUgZW50b3JwZWNlciBsYSB2aXNpw7NuLCBwZXJvIGRlYmUgZGUgaGFiZXIgYWxnbyBtw6FzLiBBc8OtIHF1ZSB0ZW4gY3VpZGFkby4=
A+jOBw,,W1Jvb2tpZV0KSXQnbGwgYmUgZXh0cmVtZWx5IGZhc3QgaGVyZSB3aGVyZSB0aGVyZSdzIHdhdGVyLiBMaWtlIGFuIGFxdWF0aWMgY3JlYXR1cmUu,,,,,W0x1a2llXQpBcXVpLCBvbmRlIGjDoSDDoWd1YSwgZWxlIGRldmUgc2VyIG11aXRvIHLDoXBpZG8uIENvbW8gdW1hIGNyaWF0dXJhIGFxdcOhdGljYS4=,,W0x1a2llXQpBcXXDrSwgZG9uZGUgaGF5IGFndWEsIGVsIG9wb25lbnRlIHNlcsOhIG11eSByw6FwaWRvLiBDb21vIHVuYSBjcmlhdHVyYSBhY3XDoXRpY2Eu
BOjOBw,,W01hZ2VudGFdClRoZW4gd2UganVzdCBoYXZlIHRvIHByZXZlbnQgaXQgZnJvbSB1c2luZyB0aGUgd2F0ZXIu,,,,,W01hZ2VudGFdCkVudMOjbyDDqSBzw7MgaW1wZWRpciBxdWUgdXNlIGEgw6FndWEu,,W01hZ2VudGFdCkVudG9uY2VzLCBiYXN0YXLDoSBjb24gaW1wZWRpcmxlIHF1ZSB1c2UgZWwgYWd1YS4=
BejOBw,,VGhlbiBhIHJhY2Nvb24gd2lsbCBkby4=,,,,,VmFtb3Mgc2VjYXIgYSDDoWd1YSE=,,RW50b25jZXMsIGJhc3RhcsOhIGNvbiB1biBtYXBhY2hlLg==
BujOBw,,WWVhaCwgbGV0J3MgZHJpdmUgaXQgb3V0IQ==,,,,,SXNzbywgdmFtb3MgYWZvZ8OhLWxvIG5vIHNlY28h,,U8OtLCDCoXZhbW9zIGEgYWNvcnJhbGFybG8h
B+jOBw,,W1Jvb2tpZV0KRGVubnksIHNldCB1cCB0cmFwcy4gRGVuc2VseS4=,,,,,W0x1a2llXQpEZW5ueSwgaW5zdGFsZSBhcm1hZGlsaGFzLiBCZW0gZGVuc2FzLg==,,W0x1a2llXQpEZW5ueSwgaW5zdGFsYSB0cmFtcGFzLiBCaWVuIHR1cGlkYXMu
COjOBw,,SSBjYW4ndCBiZWxpZXZlIHdlJ3JlIHVzaW5nIHRyYXBzIGhlcmUgdG9vLiBHb29kIHRoaW5nIEkgYnJvdWdodCB0aGVtLg==,,,,,TnVuY2EgcGVuc2VpIHF1ZSB1c2FyaWEgYXJtYWRpbGhhcyBhcXVpLiBBaW5kYSBiZW0gcXVlIHRyb3V4ZS4=,,wr9IYXN0YSBhcXXDrSBzYWJlcyB1c2FyIHRyYW1wYXM/IE1lbm9zIG1hbCBxdWUgbGFzIHRyYWppbW9zLg==
CejOBw,,W1Jvb2tpZV0KTWFnZW50YSwgYmxvY2sgdGhlIGRyYWlucyBhbmQgY3V0IG9mZiBpdHMgZXNjYXBlLg==,,,,,W0x1a2llXQpNYWdlbnRhLCBibG9xdWVpZSBvcyByYWxvcyBwYXJhIGNvcnRhciBhIHJvdGEgZGUgZnVnYS4=,,W0x1a2llXQpNYWdlbnRhLCBibG9xdWVhIGVsIGRlc2Fnw7xlIHkgY29ydGEgc3UgdsOtYSBkZSBlc2NhcGUu
CujOBw,,SSBjaGVja2VkIHRoZW0gYWxsIGVhcmxpZXIh,,,,,SsOhIGZpeiE=,,wqFZYSBsbyB2aSB0b2RvIGFudGVzIQ==
C+jOBw,,W1Jvb2tpZV0KTmV4dCwgd2UnbGwgaGVyZCBpdCBmcm9tIG9uZSBzaWRlIGFuZCB1c2Ugc21va2UgYm9tYnMgYW5kIGZlYXIgcm91bmRzLiBTaW5jZSB0aGVyZSdzIGEgbG90IG9mIHdhdGVyIGFuZCBzdGVhbSwgbWFrZSBzdXJlIHRoZSBhbW11bml0aW9uIGRvZXNuJ3QgZ2V0IHdldC4gQW5kIGRvbid0IGRhbWFnZSB0aGUgYmF0aGhvdXNlIGZhY2lsaXRpZXMu,,,,,W0x1a2llXQpEZXBvaXMsIHZhbW9zIGF2YW7Dp2FyIGUgdXNhciBncmFuYWRhcyBkZSBmdW1hw6dhLiBDb21vIGjDoSBtdWl0YSDDoWd1YSBlIHZhcG9yLCBjdWlkYWRvIHBhcmEgcXVlIGEgbXVuacOnw6NvIG7Do28gbW9saGUuIEUgbsOjbyBkYW5pZmlxdWVtIGFzIHBpc2NpbmFzLg==,,W0x1a2llXQpMdWVnbywgYWNvcnLDoWxhbG8gZGVzZGUgdW4gbGFkbyB5IHVzYSBncmFuYWRhcyBkZSBodW1vIHkgZGlzcGFyb3MgZGUgZm9ndWVvLiBDb21vIGhheSBtdWNoYSBhZ3VhIHkgdmFwb3IsIHRlbiBjdWlkYWRvIGRlIHF1ZSBsYSBtdW5pY2nDs24gbm8gc2UgbW9qZS4gWSBwcm9jdXJhIG5vIGRhw7FhciBsYXMgaW5zdGFsYWNpb25lcyBkZWwgYmHDsW8u
DOjOBw,,W1Jvb2tpZV0KSG1tLi4uIFNpbmNlIHRoZXJlJ3Mgd2F0ZXIsIHdlIHNob3VsZCBtYWtlIHVzZSBvZiBpdC4gSWYgd2UgYmluZCBpdHMgZmVldCB3aXRoIGljZS4uLiBDYW4gd2UgdXNlIG91ciBpY2UgdHJhcHM/,,,,,W0x1a2llXQpIdW0uLi4gasOhIHF1ZSBow6Egw6FndWEsIHBvZGVtb3MgdXNhciBhcm1hZGlsaGFzIGRlIGdlbG8/IEUgc2UgY29uZ2VsYXJtb3MgYXMgcGlzY2luYXMuLi4gPw==,,W0x1a2llXQpNbW0uLi4gQ29tbyBoYXkgYWd1YSwgc2Vyw61hIGJ1ZW5vIGFwcm92ZWNoYXJsYS4gU2kgbGUgYXRhbW9zIGxvcyBwaWVzIGNvbiBoaWVsby4uLiDCv3BvZGVtb3MgdXNhciBudWVzdHJhcyB0cmFtcGFzIGRlIGhpZWxvPw==
DejOBw,,W0Rlbm55XQpJIGJyb3VnaHQgdGhlbSBhbGwuIExldCdzIHNlZS4uLiBIZXJlIHRoZXkgYXJlLg==,,,,,W0Rlbm55XQpEZWl4ZS1tZSB2ZXIuLi4gYXMgYXJtYWRpbGhhcyBlc3TDo28gYXF1aS4=,,W0Rlbm55XQpMbyB0cmFqZSB0b2RvLiBBIHZlci4uLiBhcXXDrSBlc3TDoS4=
DujOBw,,W1Jvb2tpZV0KQWR2ZW50dXJlciwgaXQncyBhIF4wMDAwQ0RGcmVlemluZyBUcmFwXjAwMDAwMC4gUGxlYXNlIGluc3RhbGwgaXQgYXQgZWFjaCA8TkFWST5bbWFya2VkIGxvY2F0aW9uXTxJTkZPPmJhX2JhdGgsNTUsNTUsMCwxMDEsMDwvSU5GTz48L05BVkk+LiBKdXN0IHBsYWNlIGl0IGFuZCBzZWN1cmUgaXQgZmlybWx5IHNvIGl0IGRvZXNuJ3QgbW92ZS4gWW91IG11c3QgaHVycnku,,,,,W0x1a2llXQpWaWFqYW50ZSwgaXNzbyDDqSB1bWEgXjAwMDBDREFybWFkaWxoYSBDb25nZWxhZG9yYV4wMDAwMDAuIEluc3RhbGUtYSBlbSBjYWRhIDxOQVZJPltwcm9udG8gbWFyY2Fkb108SU5GTz5iYV9iYXRoLDU1LDU1LDAsMTAxLDA8L0lORk8+PC9OQVZJPi4gUsOhcGlkby4=,,W0x1a2llXQpUcm90YW11bmRvcywgZXMgdW5hIF4wMDAwQ0RUcmFtcGEgZGUgQ29uZ2VsYWNpw7NuXjAwMDAwMC4gUG9yIGZhdm9yLCBpbnN0w6FsYWxhIGVuIGNhZGEgPE5BVkk+W2x1Z2FyIG1hcmNhZG9dPElORk8+YmFfYmF0aCw1NSw1NSwwLDEwMSwwPC9JTkZPPjwvTkFWST4uIFNvbG8gdGllbmVzIHF1ZSBkZWphcmxhIGVuIHN1IHNpdGlvIHkgZmlqYXJsYSBwYXJhIHF1ZSBubyBzZSBtdWV2YS4gRGViZXMgZGFydGUgcHJpc2Eu
D+jOBw,,W1Jvb2tpZV0KQWxyaWdodCwgdG8geW91ciBwb3NpdGlvbnMh,,,,,W0x1a2llXQpNdWl0byBiZW0sIHRvZG9zIMOgcyBzdWFzIHBvc2nDp8O1ZXMh,,W0x1a2llXQpCaWVuLCDCoWNhZGEgdW5vIGEgc3UgcG9zaWNpw7NuIQ==
EOjOBw,,W1Jvb2tpZV0KQWR2ZW50dXJlciwgaXQncyBhIEZyZWV6aW5nIFRyYXAuIFBsZWFzZSBpbnN0YWxsIGl0IGF0IHRoZSA8TkFWST5bbWFya2VkIGxvY2F0aW9uXTxJTkZPPmJhX2JhdGgsNTUsNTUsMCwxMDEsMDwvSU5GTz48L05BVkk+LiBKdXN0IHBsYWNlIGl0IGFuZCBzZWN1cmUgaXQgZmlybWx5IHNvIGl0IGRvZXNuJ3QgbW92ZS4gWW91IG11c3QgaHVycnkuClRoZSBib2lsZXIgYW5kIGRyYWlucyBhcmUgYWxsIHJlYWR5LiBXZSdsbCBsZWF2ZSBpdCB0byB5b3Uh,,,,,W0x1a2llXQpWaWFqYW50ZSwgaXNzbyDDqSB1bWEgXjAwMDBDREFybWFkaWxoYSBDb25nZWxhZG9yYV4wMDAwMDAuIEluc3RhbGUtYSBlbSBjYWRhIDxOQVZJPltwcm9udG8gbWFyY2Fkb108SU5GTz5iYV9iYXRoLDU1LDU1LDAsMTAxLDA8L0lORk8+PC9OQVZJPi4gUsOhcGlkby4KQ2FsZGlyYSwgRXNmcmlnYSBlIFZhaGlkYSBjb250YW0gY29tIHZvY8OqIQ==,,W0x1a2llXQpUcm90YW11bmRvcywgZXMgdW5hIHRyYW1wYSBkZSBjb25nZWxhY2nDs24uIFBvciBmYXZvciwgaW5zdMOhbGFsYSBlbiA8TkFWST5bbHVnYXIgbWFyY2Fkb108SU5GTz5iYV9iYXRoLDU1LDU1LDAsMTAxLDA8L0lORk8+PC9OQVZJPi4gU29sbyB0aWVuZXMgcXVlIGRlamFybGEgZW4gc3Ugc2l0aW8geSBmaWphcmxhIHBhcmEgcXVlIG5vIHNlIG11ZXZhLiBEZWJlcyBkYXJ0ZSBwcmlzYS4KWWEgZXN0w6FuIGxpc3RvcyBsYSBjYWxkZXJhIHkgZWwgZGVzYWfDvGUuIEVudG9uY2VzLCDCoXRlIGxvIGVuY2FyZ28h
EejOBw,,TWFya2VkIFNwb3Q=,,,,,TG9jYWwgTWFyY2Fkbw==,,THVnYXIgTWFyY2Fkbw==
EujOBw,,SHVoLi4uPyBXaGVyZSBkaWQgSSBwbGFjZSB0aGUgRnJlZXppbmcgVHJhcD8=,,,,,VcOpLi4uPyBPbmRlIGNvbG9xdWVpIGEgQXJtYWRpbGhhIENvbmdlbGFkb3JhPw==,,wr9FaC4uLj8gwr9Ew7NuZGUgZGVqw6kgbGEgdHJhbXBhIGRlIGNvbmdlbGFjacOzbj8=
E+jOBw,,SXQgbXVzdCBiZSBoZXJlLiBBcyBJIHNlY3VyZWQgdGhlIHRyYXAsIGEgY2hpbGwgZmxvd2VkIG91dC4gTGV0J3MgbW92ZSB0byB0aGUgbmV4dCBsb2NhdGlvbi4=,,,,,QW8gZml4YXIgYSBhcm1hZGlsaGEsIHVtIGFyIGdlbGFkbyBmbHVpdS4gVmFtb3MgcGFyYSBvIHByw7N4aW1vIGxvY2FsLg==,,UGFyZWNlIHF1ZSBlcyBhcXXDrS4gQWwgZmlqYXIgbGEgdHJhbXBhLCBzYWxpw7MgdW4gZnLDrW8gaGVsYWRvLiBWYXlhbW9zIGFsIHNpZ3VpZW50ZSBsdWdhci4=
FOjOBw,,VGhlIHRyYXAgd2FzIHNlY3VyZWQgYXQgdGhlIGxvY2F0aW9uIFJvb2tpZSBtZW50aW9uZWQuIExldCdzIG1vdmUgdG8gdGhlIG5leHQgbG9jYXRpb24u,,,,,Rml4ZWkgYSBhcm1hZGlsaGEuIFZhbW9zIHBhcmEgbyBwcsOzeGltby4=,,Rmlqw6kgbGEgdHJhbXBhIGVuIGVsIGx1Z2FyIGRlbCBxdWUgaGFibMOzIEx1a2llLiBWYXlhbW9zIGFsIHNpZ3VpZW50ZSBsdWdhci4=
FejOBw,,VGhlIHRyYXAgd2FzIHBsYWNlZCBhbmQgZmlybWx5IHNlY3VyZWQgYXQgdGhlIG1hcmtlZCBsb2NhdGlvbi4gTGV0J3MgbW92ZSB0byB0aGUgbmV4dCBsb2NhdGlvbi4=,,,,,Q29sb3F1ZWkgYSBhcm1hZGlsaGEgY29uZ2VsYWRvcmEuIFZhbW9zIHBhcmEgbyBwcsOzeGltbyBsb2NhbC4=,,Q29sb3F1w6kgbGEgdHJhbXBhIGVuIGVsIGx1Z2FyIGluZGljYWRvIHkgbGEgZmlqw6kgZmlybWVtZW50ZS4gVmF5YW1vcyBhbCBzaWd1aWVudGUgbHVnYXIu
FujOBw,,VGhlIGxhc3QgdHJhcCB3YXMgcGxhY2VkIGFuZCBzZWN1cmVkLiBXaGVyZSBzaG91bGQgSSBnbyBub3c/,,,,,Q29sb3F1ZWkgZSBmaXhlaSBhIMO6bHRpbWEgYXJtYWRpbGhhLiBQYXJhIG9uZGUgdm91IGFnb3JhPw==,,UG9yIMO6bHRpbW8sIGNvbG9xdcOpIGxhIHRyYW1wYSB5IGxhIGZpasOpLiBBaG9yYSwgwr9hZMOzbmRlIHZveT8=
F+jOBw,,QWR2ZW50dXJlciwgaGF2ZSB5b3UgaW5zdGFsbGVkIGFsbCB0aGUgdHJhcHM/IEl0J3MgYWxyZWFkeSBiZWd1biBoZXJlLiBIdXJyeSBvdmVyLg==,,,,,VmlhamFudGUsIGrDoSBpbnN0YWxvdSB0b2RhcyBhcyBhcm1hZGlsaGFzPyBBcHJlc3NlLXNlLg==,,VHJvdGFtdW5kb3MsIMK/eWEgaW5zdGFsYXN0ZSB0b2RhcyBsYXMgdHJhbXBhcz8gUG9yIGFxdcOtIHlhIGVtcGV6w7MuIERhdGUgcHJpc2EgeSBtdcOpdmV0ZS4=
GOjOBw,,SXMgaXQgaGVyZS4uLj8gV2hhdCBpcyB0aGF0Pw==,,,,,w4kgYXF1aS4uLj8gTyBxdWUgw6kgYXF1aWxvPw==,,wr9FcyBhcXXDrS4uLj8gwr9RdcOpIGVzIGVzbz8=
GejOBw,,TXV0YW50IENyZWF0dXJl,,,,,Q3JpYXR1cmEgQXF1w6F0aWNh,,Q3JpYXR1cmEgTXV0YW50ZQ==
GujOBw,,W1Jvb2tpZV0KQWR2ZW50dXJlciwgeW91IGFycml2ZWQganVzdCBpbiB0aW1lLgpBbHJpZ2h0LCBpdCdzIGFoZWFkLiBFdmVyeW9uZSwgYmUgY2FyZWZ1bC4=,,,,,W0x1a2llXQpWaWFqYW50ZSwgY2hlZ291IG5hIGhvcmEgY2VydGEuCsOJIGxvZ28gw6AgZnJlbnRlLiBUb2RvcywgY3VpZGFkby4=,,W0x1a2llXQpUcm90YW11bmRvcywgbGxlZ2FzdGUganVzdG8gYSB0aWVtcG8uCkJpZW4sIGVzIHBvciBhcXXDrSBkZWxhbnRlLiBUZW5nYW4gY3VpZGFkbyB0b2Rvcy4=
G+jOBw,,VGhpcyBzdGVhbSBpcyBkZWZpbml0ZWx5Li4u,,,,,RXN0ZSB2YXBvciDDqSBjZXJ0YW1lbnRlLi4u,,RXN0ZSBodW1vIGVzIHNpbiBkdWRhLi4u
HOjOBw,,W0Rlbm55XQpJc24ndCB0aGF0IEdvbmk/PyBBbmQgUm9va2llLi4uIHRoZXJlIGFyZSB0d28gb2YgdGhlbT8=,,,,,W0Rlbm55XQpBcXVlbGUgbsOjbyDDqSBHb25pZT8/IEUgYWluZGEgcG9yIGNpbWEuLi4gaMOhIGRvaXMgTHVraWU/,,W0Rlbm55XQrCv0VzbyBubyBlcyBHb25pPz8gWSBhZGVtw6FzIEx1a2llLi4uIMK/c29uIGRvcz8=
HejOBw,,THVja3kuLi4/,,,,,THVja3kuLi4/,,wr9MdWtpZS4uLj8=
HujOBw,,V2hpY2ggb25lIGlzIHJlYWw/,,,,,UXVhbCDDqSBvIHZlcmRhZGVpcm8/,,wr9RdWnDqW4gZXMgZWwgdmVyZGFkZXJvPw==
H+jOBw,,W1Jvb2tpZV0KT2YgY291cnNlIGl0J3MgbWUhIFdobyBkaWQgeW91IGNvbWUgYWxsIHRoaXMgd2F5IHdpdGg/IFdlJ3JlIGhlcmUgdG8gY2F0Y2ggdGhhdCBmYWtlLg==,,,,,W0x1a2llXQpDbGFybyBxdWUgc291IGV1ISBDb20gcXVlbSB2b2PDqnMgdmllcmFtIGF0w6kgYXF1aT8gVmllbW9zIGNhcHR1cmFyIGFxdWVsZSBpbXBvc3Rvci4=,,W0x1a2llXQrCoUNsYXJvIHF1ZSB5byEgwr9Db24gcXVpw6luIHZpbmllcm9uIHVzdGVkZXMgaGFzdGEgYXF1w60/IFZpbmllcm9uIGEgYXRyYXBhciBhIGVzZSBmYWxzbywgwr9ubz8=
IOjOBw,,VGhpcyBvbmUgbXVzdCBiZSBSb29raWUuIFJpZ2h0Lg==,,,,,RXN0ZSDDqSBvIHZlcmRhZGVpcm8gTHVraWUsIGNlcnRvPw==,,RXN0ZSBkZSBhcXXDrSBlcyBMdWtpZS4gU8OtLCBlcyDDqWwu
IejOBw,,T2YgY291cnNlIGl0J3MgbWUh,,,,,Q2xhcm8gcXVlIHNvdSBldSE=,,wqFDbGFybyBxdWUgeW8h
IujOBw,,W1Jvb2tpZV0KSSBkb24ndCBrbm93IHdobyB5b3UgYXJlLCBidXQgdGhlcmUncyBub3doZXJlIGxlZnQgdG8gcnVuLiBZb3UnZCBiZXR0ZXIgbm90IHRyeSBhbnl0aGluZyBmb29saXNoLiBUaGlzIHBsYWNlIGlzIHN1cnJvdW5kZWQgdGhyZWVmb2xkLiBEZW5ueSwgTWFnZW50YS4gQ29uZmlybS4=,,,,,W0x1a2llXQpOw6NvIHNlaSBxdWVtIHZvY8OqIMOpLCBtYXMgbsOjbyBow6EgbWFpcyBwYXJhIG9uZGUgZnVnaXIuIEVzdGUgbHVnYXIgZXN0w6EgY2VyY2FkbyEuIERlbm55LCBNYWdlbnRhLiBBbsOhbGlzZS4=,,W0x1a2llXQpObyBzw6kgcXVpw6luIHNlYXMsIHBlcm8geWEgbm8gdGllbmVzIGFkw7NuZGUgaHVpciwgYXPDrSBxdWUgc2Vyw6EgbWVqb3IgcXVlIG5vIHBpZW5zZXMgdG9udGVyw61hcy4gRXN0ZSBsdWdhciBlc3TDoSByb2RlYWRvIHBvciB0cmlwbGljYWRvLiBEZW5ueSwgTWFnZW50YS4gQ29uZmlybWVuLg==
I+jOBw,,Wz8/Pz8/P10KLi4uLi4u,,,,,Wz8/Pz8/P10KLi4uLi4u,,Wz8/Pz8/P10KLi4uLi4u
JOjOBw,,Li4uLi4uLg==,,,,,Li4uLi4uLg==,,Li4uLi4uLg==
JejOBw,,W0Rlbm55XQpHb25pIGlzIGJyZWF0aGluZy4gTm8gZXh0ZXJuYWwgaW5qdXJpZXMu,,,,,W0Rlbm55XQpHb25pZSBhaW5kYSByZXNwaXJhLiBOw6NvIGjDoSBmZXJpbWVudG9zIGV4dGVybm9zLg==,,W0Rlbm55XQpHb25pLCBzaWd1ZSBjb24gdmlkYS4gTm8gdGllbmUgaGVyaWRhcyBleHRlcm5hcy4=
JujOBw,,W1Jvb2tpZV0KRXZlcnlvbmUsIHRha2Ugb3V0IGFsbCB0aGUgcG90aW9ucyB5b3UgaGF2ZS4=,,,,,W0x1a2llXQpUb2RvcywgcGVndWVtIHRvZGFzIGFzIHBvw6fDtWVzIHF1ZSB0aXZlcmVtLg==,,W0x1a2llXQpTYXF1ZW4gdG9kYXMgbGFzIHBvY2lvbmVzIHF1ZSB0ZW5nYW4u
J+jOBw,,W01hZ2VudGFdCklzIHRoYXQgbmVjZXNzYXJ5PyBJZiB3ZSBzcGxhc2ggc29tZSB3YXRlciBhbmQgc2xhcCB0aGVpciBjaGVla3MgYSBmZXcgdGltZXMsIHRoZXknbGwgd2FrZSB1cCBpbiBubyB0aW1lLg==,,,,,W01hZ2VudGFdClByZWNpc2EgbWVzbW8/IFNlIGpvZ2FyIMOhZ3VhIGUgZGFyIHVucyB0YXBhcywgZWxlIGFjb3JkYSByw6FwaWRvLg==,,W01hZ2VudGFdCsK/SGFjZSBmYWx0YT8gU2kgbGUgZWNoYW1vcyBhZ3VhIHkgbGUgZGFtb3MgdW5hcyBib2ZldGFkYXMsIHNlIGRlc3BlcnRhcsOhIGVuc2VndWlkYS4=
KOjOBw,,SGV5LCBkaWRuJ3QgSSB0ZWxsIHlvdSB0byBzdG9wIHJlYWRpbmcgc3B5IG5vdmVscz8=,,,,,TWV1IGRldXMsIE1hZ2VudGEh,,VMO6LCDCv25vIHRlIGRpamUgcXVlIGRlamFyYXMgZGUgbGVlciBub3ZlbGFzIGRlIGVzcMOtYXM/
KejOBw,,W1Jvb2tpZV0KR29uaSwgR29uaT8gVHJ5IGRyaW5raW5nIHRoaXMuIENhbiB5b3Ugc3dhbGxvdyBpdD8=,,,,,W0x1a2llXQpHb25pZSwgR29uaWU/IEJlYmEgaXN0by4gQ29uc2VndWUgYmViZXI/,,W0x1a2llXQpHb25pLCBHb25pPyBQcnVlYmEgYSBiZWJlciBlc3RvLiDCv0NyZWVzIHF1ZSBwb2Ryw6FzIGJlYmVybG8/
KujOBw,,Um9va2llLCB5b3Ugc2hvdWxkIHN0ZXAgYmFjayBhIGxpdHRsZS4gSWYgeW91IGdldCBhbnkgY2xvc2VyLCBpdCdsbCBiZSBoYXJkIHRvIHRlbGwgd2hvJ3Mgd2hvLg==,,,,,THVraWUsIHNlIGFmYXN0ZS4gU2UgY2hlZ2FyIHBlcnRvLCBmaWNhcsOhIGRpZsOtY2lsIGRpc3Rpbmd1aXIu,,THVraWUsIHNlcsOhIG1lam9yIHF1ZSB0ZSBhcGFydGVzIHVuIHBvY28uIFNpIHRlIGFjZXJjYXMgbcOhcywgY3JlbyBxdWUgbWUgY29uZnVuZGlyw6kgc29icmUgcXVpw6luIGVzIHF1acOpbi4=
K+jOBw,,W01hZ2VudGFdCkx1Y2t5LCBzdGVwIGJhY2sgZm9yIGEgbW9tZW50LiBJcyB0aGF0IHJlYWxseSBHb25pPyBJdCdzIG5vdCBhbm90aGVyIGZha2UsIGlzIGl0PyBMZXQncyBtYWtlIHN1cmUu,,,,,W01hZ2VudGFdCkx1Y2t5LCByZWN1ZSB1bSBwb3Vjby4gVGVtb3MgY2VydGV6YSBkZSBxdWUgw6kgbWVzbW8gR29uaWU/IE7Do28gw6kgb3V0cm8gaW1wb3N0b3I/IFZhbW9zIGNvbmZpcm1hci4=,,W01hZ2VudGFdCkx1a2llLCByZXRyb2NlZGUgdW4gcG9jby4gwr9EZSB2ZXJkYWQgZXNlIGVzIEdvbmk/IMK/Tm8gc2Vyw6Egb3RybyBmYWxzbz8gVmFtb3MgYSBjb21wcm9iYXJsby4=
LOjOBw,,W1Jvb2tpZV0KVGhlcmUncyBhbHJlYWR5IGEgZmFrZSBtZSBvdmVyIHRoZXJlLiBIb3cgY291bGQgdGhpcyBub3QgYmUgR29uaT8=,,,,,W0x1a2llXQpTZSBow6EgdW0gZmFsc28gZXUgYWxpLCBjb21vIGlzc28gbsOjbyBzZXJpYSBHb25pZT8=,,W0x1a2llXQpTaSBhaMOtIGhheSB1biB5byBmYWxzbywgwr9jw7NtbyBlcyBwb3NpYmxlIHF1ZSBlc3RlIG5vIHNlYSBHb25pPw==
LejOBw,,W0dvbmldCi4uLi4uLiEh,,,,,W0dvbmllXQouLi4uLi4hIQ==,,W0dvbmldCi4uLi4uLiEh
LujOBw,,W1Jvb2tpZV0KR29uaT8gQXJlIHlvdSBjb21pbmcgdG8geW91ciBzZW5zZXM/IEFyZSB5b3UgYWxyaWdodD8=,,,,,W0x1a2llXQpHb25pZT8gSsOhIHZvbHRvdSBhIHNpPyBFc3TDoSBiZW0/,,W0x1a2llXQrCv0dvbmk/IMK/WWEgaGFzIHZ1ZWx0byBlbiB0aT8gwr9Fc3TDoXMgYmllbj8=
L+jOBw,,W1Jvb2tpZV0KRXZlcnlvbmUsIHByb3ZpZGUgY292ZXIhIEFkdmVudHVyZXIsIHlvdSB0b28h,,,,,W0x1a2llXQpUb2RvcywgZGVlbSBjb2JlcnR1cmEhIFZpYWphbnRlLCB2b2PDqiB0YW1iw6ltIQ==,,W0x1a2llXQrCoVRvZG9zLCBjdWJyaWRsbyEgwqFVc3RlZCB0YW1iacOpbiwgdHJvdGFtdW5kb3Mh
MOjOBw,,WWVzISE=,,,,,U2ltISE=,,wqHCoVPDrSEh
MejOBw,,W0Rlbm55XQpObywgZXZlbiBpZiB5b3Ugc2F5IHByb3ZpZGUgY292ZXIuLi4=,,,,,W0Rlbm55XQpOw6NvLCBtZXNtbyBxdWUgZGlnYSBwYXJhIGRhciBjb2JlcnR1cmEuLi4=,,W0Rlbm55XQpObywgYXVucXVlIGRpZ2FzIHF1ZSBsbyBjdWJyYW1vcy4uLg==
MujOBw,,W1Jvb2tpZV0KQWghIFRoZSBzdGVhbSBhZ2FpbiEhIQ==,,,,,W0x1a2llXQpBaCEgTWFpcyB2YXBvciEhIQ==,,W0x1a2llXQrCoUFoISDCoU90cmEgdmV6IGVsIGh1bW8hISE=
M+jOBw,,W0Rlbm55XQpOb3cgR29uaS4uLiB0aGVyZSBhcmUgdHdvLg==,,,,,W0Rlbm55XQpBZ29yYS4uLiBow6EgZG9pcyBHb25pZS4=,,W0Rlbm55XQpBaG9yYSBHb25pLi4uIHNlIGhhIGNvbnZlcnRpZG8gZW4gZG9zLg==
NOjOBw,,SGV5LCBMdWNreS4gR29uaSBkb2Vzbid0IGtub3cgdGhlIHBhc3N3b3JkLCBzbyB3aGF0IGRvIHdlIGRvPw==,,,,,RWksIEx1Y2t5LiBUZW0gMiBHb25pZSwgbyBxdWUgZmF6ZW1vcz8=,,T3llLCBMdWtpZS4gR29uaSBuaSBzaXF1aWVyYSBjb25vY2UgbGEgY29udHJhc2XDsWEsIMK/cXXDqSBoYWNlbW9zPw==
NejOBw,,RG9lc24ndCB0aGUgb25lIG9uIHRoZSBsZWZ0IGxvb2sgbGlrZSBHb25pPyBUaGUgd2F5IHRoZXkncmUgYnJlYXRoaW5nIGlzIHRvdGFsbHkgR29uaS4=,,,,,TyBkYSBlc3F1ZXJkYSBwYXJlY2UgbyBHb25pZSwgYXTDqSBhIHJlc3BpcmHDp8OjbyDDqSBpZ3VhbC4=,,wr9ObyB0ZSBwYXJlY2UgcXVlIGVsIGRlIGxhIGl6cXVpZXJkYSBlcyBHb25pPyBIYXN0YSBzdSBmb3JtYSBkZSByZXNwaXJhciBlcyB0b3RhbG1lbnRlIGRlIEdvbmku
NujOBw,,QW55b25lIGNhbiBzZWUgdGhlIG9uZSBvbiB0aGUgcmlnaHQgaXMgR29uaS4gSnVzdCBsb29rIGF0IHRob3NlIGV5ZXMu,,,,,TyBkYSBkaXJlaXRhIMOpIG8gR29uaWUuIFZlamEgYXF1ZWxlcyBvbGhvcyBzb2ZyaWRvcy4=,,U2kgbG8gbWlyYXMsIGVsIGRlIGxhIGRlcmVjaGEgZXMgR29uaS4gTWlyYSBlc29zIG9qb3Mu
N+jOBw,,W1Jvb2tpZV0KRXZlcnlvbmUsIHF1aWV0LiBXZSBoYXZlIGEgc2ltcGxlIGFuZCBjZXJ0YWluIHdheSB0byBpZGVudGlmeSB0aGUgcmVhbCBHb25pLgpHb25pPyBXaGljaCBvZiB5b3UgaXMgdGhlIHJlYWwgR29uaT8=,,,,,W0x1a2llXQpTaWzDqm5jaW8uIFRlbW9zIHVtIG3DqXRvZG8gc2ltcGxlcyBlIGluZmFsw612ZWwgcGFyYSByZWNvbmhlY2VyIG8gdmVyZGFkZWlybyBHb25pZS4KR29uaWU/IFF1YWwgZG9zIGRvaXMgw6kgdm9jw6o/,,W0x1a2llXQpUb2Rvcywgc2lsZW5jaW8uIFRlbmVtb3MgdW4gbcOpdG9kbyBmw6FjaWwgeSBzZWd1cm8gcGFyYSByZWNvbm9jZXIgYWwgdmVyZGFkZXJvIEdvbmkuCsK/R29uaT8gwr9DdcOhbCBkZSBsb3MgZG9zIGVzIGVsIHZlcmRhZGVybyBHb25pPw==
OOjOBw,,W0dvbmldCi4uLi4uLg==,,,,,W0dvbmllXQouLi4uLi4=,,W0dvbmldCi4uLi4uLg==
OejOBw,,Li4uLi4u,,,,,Li4uLi4u,,Li4uLi4u
OujOBw,,W0dvbmldCk9mIGNvdXJzZSBpdCdzIG1lLg==,,,,,W0dvbmllXQpDbGFybyBxdWUgc291IGV1Lg==,,W0dvbmldClBvciBzdXB1ZXN0bywgeW8u
O+jOBw,,T2YgY291cnNlIGl0J3MgbWUu,,,,,Q2xhcm8gcXVlIHNvdSBldS4=,,UG9yIHN1cHVlc3RvLCB5by4=
POjOBw,,W1NjaW9uXQpXb3cuLi4gWW91J3JlIHJpZ2h0LiBUaGF0IHdhcyB0b28gZWFzeS4gRXZlbiBhIGNoaWxkIGJvcm4geWVzdGVyZGF5IGNvdWxkJ3ZlIGd1ZXNzZWQu,,,,,W0N5YW5dClVhdS4uLiDDqSBtZXNtby4gRsOhY2lsIGRlbWFpcy4gQXTDqSBhbGd1w6ltIG5hc2NpZG8gb250ZW0gYWNlcnRhcmlhLg==,,W1NjaW9uXQpWYXlhLi4uIEVzIGNpZXJ0by4gRXMgZGVtYXNpYWRvIGbDoWNpbC4gSGFzdGEgdW4gYmViw6kgcmVjacOpbiBuYWNpZG8gcG9kcsOtYSBhY2VydGFybG8u
PejOBw,,RGVubnksIE1hZ2VudGEuIEhvbGQgdGhlbSB0aWdodC4=,,,,,RGVubnksIE1hZ2VudGEuIFNlZ3VyZW0gbyBpbXBvc3RvciE=,,RGVubnksIE1hZ2VudGEuIFN1amV0YWRsbyBiaWVuLg==
PujOBw,,W0dvbmldCldoYXQncyB0aGUgbWVhbmluZyBvZiB0aGlzPyBMZXQgbWUgZ28hIFRoYXQncyB0aGUgZmFrZSE=,,,,,W0dvbmllXQpPIHF1ZSDDqSBpc3NvPyBTb2x0ZW0hIEFxdWVsZSDDqSBvIGltcG9zdG9yIQ==,,W0dvbmldCsK/UXXDqSBwYXNhPyDCoVN1w6lsdGFtZSEgwqFFc2UgZXMgZWwgZmFsc28h
P+jOBw,,TGV0IG1lIGdvISBUaGF0J3MgdGhlIGZha2Uh,,,,,U29sdGVtISBBcXVlbGUgw6kgbyBpbXBvc3RvciE=,,wqFTdcOpbHRhbWUhIMKhRXNlIGVzIGVsIGZhbHNvIQ==
QOjOBw,,W1Jvb2tpZV0KQWR2ZW50dXJlciwgY2FuIHlvdSB0ZWxsIHdoaWNoIG9uZSBpcyByZWFsPw==,,,,,W0x1a2llXQpWaWFqYW50ZSwgY29uc2VndWUgZGl6ZXIgcXVhbCDDqSBvIHZlcmRhZGVpcm8/,,W0x1a2llXQrCv1NhYmUsIHRyb3RhbXVuZG9zLCBjdcOhbCBkZSBsb3MgZG9zIGVzIGVsIHZlcmRhZGVybz8=
QejOBw,,VGhlIG9uZSB3aG8gc2F5cyBub3RoaW5nLg==,,,,,TyBxdWUgZXN0w6EgZW0gc2lsw6puY2lvLg==,,RWwgcXVlIG5vIGRpY2UgbmFkYS4=
QujOBw,,VGhlIG9uZSBjbGFpbWluZyB0byBiZSByZWFsLg==,,,,,TyBxdWUgZmFsYSBzZXIgbyB2ZXJkYWRlaXJvLg==,,RWwgcXVlIGFmaXJtYSBzZXIgZWwgdmVyZGFkZXJvLg==
Q+jOBw,,W1NjaW9uXQpNeSBkZWFyLCB5b3UndmUgZ290IGEga2VlbiBleWUu,,,,,W0N5YW5dClZpYWphbnRlcyBzw6NvIG1haXMgaW50ZWxpZ2VudGVzIGRvIHF1ZSBldSBwZW5zYXZhLg==,,W1NjaW9uXQpDYXJpw7FvLCB0aWVuZXMgYnVlbiBvam8u
ROjOBw,,W1NjaW9uXQpNeSBkZWFyLCBJJ20gZGlzYXBwb2ludGVkISBBZnRlciBhbGwgd2UndmUgYmVlbiB0aHJvdWdoIHRvZ2V0aGVyIGFuZCB5b3Ugc3RpbGwgZG9uJ3Qga25vdyB3aHku,,,,,W0N5YW5dClZpYWphbnRlcyBzw6NvIG1haXMgYnVycm9zIGRvIHF1ZSBldSBwZW5zYXZhLg==,,W1NjaW9uXQrCoVF1w6kgZGVjZXBjacOzbiwgY2FyacOxbyEgRGVzcHXDqXMgZGUgaXIgY29uIG5vc290cm9zIGFzw60geSBhw7puIG5vIGxvIHNhYmVzLCDCv3BvciBxdcOpPw==
RejOBw,,W1NjaW9uXQpHb25pLCBjb21lIGhlcmUu,,,,,W0N5YW5dCkdvbmllLCB2ZW5oYSBwYXJhIGPDoS4=,,W1NjaW9uXQpHb25pLCB2ZW4gYXF1w60u
RujOBw,,W01hZ2VudGFdCkhhaGFoYSEgRmFrZSBHb25pIGlzIGluIHNpbGVudCB0cmFpbmluZyByaWdodCBub3chIQ==,,,,,W01hZ2VudGFdCkhhaGFoYSEgTyBmYWxzbyBHb25pZSBlc3TDoSBlbSB2b3RvIGRlIHNpbMOqbmNpbyBhZ29yYSEh,,W01hZ2VudGFdCsKhSmEsIGphLCBqYSEgwqFGYWxzbyBHb25pIGVzdMOhIGFob3JhIGVuIGVudHJlbmFtaWVudG8gZGUgc2lsZW5jaW8hIQ==
R+jOBw,,UmV2ZWFsIHlvdXIgdHJ1ZSBmb3JtLCB2aWxsYWluISEh,,,,,TU9TVFJBIEEgVFVBIENBUkEhISE=,,wqFSZXZlbGEgdHUgaWRlbnRpZGFkISDCoU1hbHZhZG8hISE=
SOjOBw,,U2Npb24sIHlvdSBsb29rIG1vcmUgbGlrZSB0aGUgdmlsbGFpbi4uLg==,,,,,Q3lhbiwgaXNzbyBuw6NvIMOpIHVtYSBub3ZlbGEuLi4=,,U2Npb24sIHTDuiBwYXJlY2VzIG3DoXMgZWwgbWFsdmFkby4uLg==
SejOBw,,Wz8/Pz8/P10KSGFhaC4uLiBJdCBzZWVtcyBJIGRlbGF5ZWQgdG9vIGxvbmcuIEkgc2hvdWxkIGhhdmUgd2l0aGRyYXduIGF0IG9uY2UuLi4KSSBldmVuIHRyZWF0ZWQgdGhhdCBwZXJzb24ncyBpbmp1cmllcy4uLiBTaW5jZSB3ZSBkaWQgbm90aGluZyB0byBlYWNoIG90aGVyLCBob3cgYWJvdXQgd2UgcGFydCB3YXlzIGhlcmU/,,,,,Wz8/Pz8/P10KRHJvZ2EuLi5kZW1vcmVpIGRlbWFpcy4gRGV2ZXJpYSB0ZXIgZnVnaWRvLi4uCkV1IGF0w6kgdHJhdGVpIG9zIGZlcmltZW50b3MgZGVzc2UgbW/Dp28uLi4gasOhIHF1ZSBuw6NvIGZpemVtb3MgbmFkYSB1bSBhbyBvdXRybywgcXVlIHRhbCBlbmNlcnJhcm1vcyBhcXVpPw==,,Wz8/Pz8/P10KVWYuLi4gUGFyZWNlIHF1ZSBoZSBwZXJkaWRvIGRlbWFzaWFkbyB0aWVtcG8uIERlYmVyw61hIGhhYmVybWUgYXBhcnRhZG8gZGUgaW5tZWRpYXRvLi4uCllvLi4uIHRhbWJpw6luIGN1csOpIGxhcyBoZXJpZGFzIGRlIGVzZSBzdWpldG8uLi4geS4uLiBjb21vIG5pbmd1bm8gZGUgbG9zIGRvcyBoZW1vcyBoZWNobyBuYWRhLCDCv3F1w6kgdGFsIHNpIG5vcyBzZXBhcmFtb3MgYXPDrT8=
SujOBw,,W1Jvb2tpZV0KVGhhdCdzIG5vdCBwb3NzaWJsZS4gVGhlcmUncyBhIHZpY3RpbSBoZXJlLiBSaWdodCwgR29uaT8=,,,,,W0x1a2llXQpJc3NvIG7Do28gc2Vyw6EgcG9zc8OtdmVsLiBIw6EgdW1hIHbDrXRpbWEgYXF1aS4gTsOjbyDDqSwgR29uaWU/,,W0x1a2llXQpFc28gbm8gcHVlZGUgc2VyLiBBcXXDrSBoYXkgdW5hIHbDrWN0aW1hLiDCv1ZlcmRhZCwgR29uaT8=
S+jOBw,,W1Jvb2tpZV0KVGhhdCdzIHdoYXQgdGhleSBzYXkuIE5vdyB0aGVuLCBzaGFsbCB3ZSB0YWxrPyBXaG8gYXJlIHlvdT8=,,,,,W0x1a2llXQpFbGUgY29uZmlybWEuIEVudMOjbyB2YW1vcyBjb252ZXJzYXIuIFF1ZW0gw6kgdm9jw6o/,,W0x1a2llXQpFc28gZGljZS4gRW50b25jZXMsIMK/aGFibGFtb3MgYWhvcmE/IMK/UXVpw6luIGVzIHVzdGVkPw==
TOjOBw,,Wz8/Pz8/P10KQmVmb3JlIHRoYXQuLi4=,,,,,Wz8/Pz8/P10KQW50ZXMgZGlzc28uLi4=,,Wz8/Pz8/P10KQW50ZXMgZGUgZXNvLi4u
TejOBw,,Wz8/Pz8/P10KQmVmb3JlIHRoYXQsIGRvIG5vdCBsYXkgYSBoYW5kIG9uIG1lLiBJIHdpbGwgbm90IGF0dGFjay4gU2ltcGx5IGxldCBtZSBsZWF2ZSBhcyBJIGFtLiBJZiB5b3UgZG8sIEkgc2hhbGwgbm90IGhhcm0geW91LgpJIHJldHVybmVkIHRoYXQgcGVyc29uLCBkaWQgSSBub3Q/IFdhcyB0aGF0IG5vdCB3aGF0IHlvdSBzb3VnaHQ/IElmIHlvdSBsZXQgbWUgZ28sIHlvdSBzaGFsbCByZWNlaXZlIGdyZWF0IGZvcnR1bmUgaW4gdGhlIGZ1dHVyZS4=,,,,,Wz8/Pz8/P10KQW50ZXMgZGlzc28sIG7Do28gbWUgdG9xdWVtLiBOw6NvIGF0YWNhcmVpLiBBcGVuYXMgZGVpeGVtLW1lIHBhcnRpci4gU2UgYXNzaW0gZml6ZXJlbSwgbsOjbyBmZXJpcmVpIG5pbmd1w6ltLgpFdSBkZXZvbHZpIEdvbmllLCBuw6NvIGZvaSBlbGUgcXVlIHZpZXJhbSBidXNjYXI/IFNlIG1lIGRlaXhhcmVtIGlyLCByZWNlYmVyw6NvIHVtYSBncmFuZGUgYsOqbsOnw6NvIG5vIGZ1dHVyby4=,,Wz8/Pz8/P10KQW50ZXMgZGUgZXNvLCBubyBtZSB0b3F1w6lpcy4gTm8gYXRhY2Fyw6kuIFNvbG8gZGVqYWRtZSBpciBhc8OtLiBTaSBsbyBoYWPDqWlzLCBubyBvcyBoYXLDqSBkYcOxby4KT3MgbG8gaGUgZGV2dWVsdG8uIMK/Tm8gZXJhIGVzbyBsbyBxdWUgYnVzY2FiYWlzPyBTaSBtZSBkZWrDoWlzIGlyIGFzw60sIHZvc290cm9zIHJlY2liaXLDqWlzIHVuYSBncmFuIGJlbmRpY2nDs24gZW4gZWwgZnV0dXJvLg==
TujOBw,,V2hvIGRvIHlvdSB0aGluayB5b3UncmUgaGFybWluZz8gWW91IHJlYWxseSBkb24ndCB1bmRlcnN0YW5kIHRoZSBzaXR1YXRpb24sIGRvIHlvdT8=,,,,,UGFyZWNlIHF1ZSBuw6NvIHZvY8OqIGVudGVuZGV1IGEgc2l0dWHDp8Ojby4=,,wr9RdWnDqW4gdmEgYSBoYWNlciBkYcOxbyBhIHF1acOpbj8gwr9QYXJlY2UgcXVlIG5vIGVudGllbmRlcyBsYSBzaXR1YWNpw7NuPw==
T+jOBw,,W1Jvb2tpZV0KSXQncyB0cnVlIHdlIHdlcmUgbG9va2luZyBmb3IgR29uaSwgYnV0IHRoYXQgd2Fzbid0IGFsbC4gV2UgY2FtZSBmb3IgdGhlIG9uZSB3aG8gcHV0IEdvbmkgaW4gZGFuZ2VyLiBZb3UgbWlnaHQgaGFybSBvdGhlcnMgYXMgd2VsbC4KV2UgY2Fubm90IHNpbXBseSBsZXQgYSB0aHJlYXQgd2FsayBmcmVlLiBXZSBuZWVkIHRvIGludmVzdGlnYXRlLi4u,,,,,W0x1a2llXQrDiSB2ZXJkYWRlIHF1ZSB2aWVtb3MgcHJvY3VyYXIgR29uaWUsIG1hcyB2aWVtb3MgYXRyw6FzIGRvIHF1ZSBvIGNvbG9jb3UgZW0gcGVyaWdvLiBKw6EgcXVlIHBvZGUgYWNhYmFyIGZlcmluZG8gb3V0cmFzIHBlc3NvYXMgdGFtYsOpbS4KTsOjbyBwb2RlbW9zIHNpbXBsZXNtZW50ZSBkZWl4YXIgdW0gZWxlbWVudG8gcGVyaWdvc28gaXIgZW1ib3JhLiBQcmVjaXNhbW9zIGludmVzdGlnYXIuLi4=,,W0x1a2llXQpFcyBjaWVydG8gcXVlIGJ1c2PDoWJhbW9zIGEgR29uaSwgcGVybyBubyBzb2xvIGVzby4gVmluaW1vcyBhIGJ1c2NhciBsbyBxdWUgcHVzbyBhIEdvbmkgZW4gcGVsaWdyby4gUG9ycXVlIHBvZHLDrWEgaGFjZXIgZGHDsW8gaW5jbHVzbyBhIG90cmFzIHBlcnNvbmFzLgpObyBwb2RlbW9zIGRlamFyIHF1ZSB1biBlbGVtZW50byBwZWxpZ3Jvc28gc2UgdmF5YSBhc8OtLiBUYW1iacOpbiB0ZW5lbW9zIHF1ZSBpbnZlc3RpZ2FyLi4u
UOjOBw,,QW5kIGhvdyBhcmUgd2Ugc3VwcG9zZWQgdG8ganVzdCBsZXQgeW91IGdvIG5pY2VseSE=,,,,,TsOjbyB2YW1vcyBkZWl4YXIgdm9jw6ogaXIgZW0gcGF6IQ==,,wqFQZXJvLCDCv2PDs21vIHZveSBhIGRlamFydGUgaXIgdGFuIGbDoWNpbG1lbnRlIQ==
UejOBw,,Wz8/Pz8/P10KSSBzaGFsbCBkbyBub3RoaW5nIGZ1cnRoZXIsIHNvIHdpdGhkcmF3LiBJIGFtIG5vdCBhbiBldmlsIHBlcnNvbi4=,,,,,Wz8/Pz8/P10KTsOjbyBmYXJlaSBtYWlzIG5hZGEsIGVudMOjbyBtZSBkZWl4ZW0gaXIuIE7Do28gc291IHVtYSBwZXNzb2EgbcOhLg==,,Wz8/Pz8/P10KRS1lc3RvLi4uIE5vIGhhcsOpIG5hZGEgbcOhcywgYXPDrSBxdWUgcmV0w61yYXRlIHlhLiBObyBzb3kgdW4gbWFsaGVjaG9yLg==
UujOBw,,T2ggcGxlYXNlfiBOb3QgY3VyaW91cyBhdCBhbGx+,,,,,QWksIHF1ZXJvIHNhYmVyIHF1ZW0gw6l+,,QXksIG5vfiBObyBtZSBpbnRlcmVzYSBlbiBhYnNvbHV0b34=
U+jOBw,,RG8gdGhleSBhbGwgbGVhcm4gdGhvc2UgbGluZXMgc29tZXdoZXJlPyBUaGV5J3JlIGFsbCB0aGUgc2FtZS4=,,,,,VG9kbyBtdW5kbyBmYWxhIHF1ZSDDqSBib256aW5obyBxdWFuZG8gdMOhIGluZG8gcHJlc28u,,UGFyZWNlIHF1ZSB0b2RvcyBhcHJlbmRlbiBlc2FzIGZyYXNlcyBlbiBhbGfDum4gc2l0aW8uIFNvbiB0b2RhcyBpZ3VhbGVzLg==
VOjOBw,,SWYgc3VjaCBhIHBsYWNlIGV4aXN0cywgSSdkIGxpa2UgdG8ga25vdy4gSSdkIGdyaW5kIGl0IHRvIGR1c3Qu,,,,,U2UgbsOjbyDDqSBtw6EsIHBvcnF1ZSBuw6NvIHNlIGFwcmVzZW50YT8=,,U2kgZXhpc3RpZXJhIHVuIGx1Z2FyIGFzw60sIG1lIGd1c3RhcsOtYSBzYWJlcmxvLiBQYXJhIHJlZHVjaXJsbyB0b2RvIGEgcG9sdm8u
VejOBw,,W1NjcnViYnldCldoYXQgaXMgYWxsIHRoaXMgY29tbW90aW9uPyBDb3VsZCBpdCBiZSBhbiBhY2NpZGVudC4uLgpUd28gR29uaS4uLj8gVGhlbiBpcyB0aGlzIHdoYXQgezB9IG1lbnRpb25lZD8=,,,,,W0VzZnJpZ2FdClF1ZSBhbHZvcm/Dp28gw6kgZXNzZT8gQWNvbnRlY2V1IGFsZ3VtIGluY2lkZW50ZS4uLj8KRG9pcyBHb25pZXMuLi4/IEVudMOjbyBzZXJpYSBpc3RvIHF1ZSB7MH0gbWVuY2lvbm91Pw==,,W0V4Zm9saWFkb3JdCsK/UXXDqSBhbGJvcm90byBlcyBlc3RlPyDCv0hhIG9jdXJyaWRvIGFsZ8O6biBhY2NpZGVudGUuLi4/CsK/RWwgc2XDsW9yIEdvbmkgY29uIGRvcyBwZXJzb25hcy4uLj8gRW50b25jZXMsIMK/YWNhc28gZXN0byBlcyBkZSBsbyBxdWUgaGFibMOzIHswfT8=
VujOBw,,R29vZG5lc3MuLi4gRXZlbiBhbiBhdXRvbWF0cm9uLi4u,,,,,T3JhLi4uIGF0w6kgYXMgQXV0w7RtYXRhcy4uLg==,,RXN0by4uLiBoYXN0YSB1biBhdXTDs21hdGEuLi4=
V+jOBw,,WWVzLiBUaGF0IHBlcnNvbiBpcyB0aGUgZmFrZS4=,,,,,U2ltLiBBcXVlbGEgcGVzc29hIMOpIGEgZmFsc2Eu,,U8OtLiBFc2EgcGVyc29uYSBlcyBsYSBmYWxzYS4=
WOjOBw,,W1NjcnViYnldClBsZWFzZSB3YWl0IGEgbW9tZW50LiBJIHNoYWxsIGhhbmRsZSB0aGlzLgpXaG8gYXJlIHlvdT8gU3RhdGUgeW91ciBpZGVudGl0eS4gV2h5IGFyZSB5b3UgaGFyYXNzaW5nIG15IG1hc3RlcidzIGd1ZXN0cyBoZXJlPw==,,,,,W0VzZnJpZ2FdCkFndWFyZGVtIHVtIG1vbWVudG8uIEV1IGN1aWRhcmVpIGRpc3NvLgpRdWVtIMOpIHZvY8OqPyBJZGVudGlmaXF1ZS1zZS4gUG9yIHF1ZSBlc3TDoSBwZXJ0dXJiYW5kbyBvcyBjb252aWRhZG9zIGRlIG5vc3NvIHNlbmhvcj8=,,W0V4Zm9saWFkb3JdCkVzcGVyZSB1biBtb21lbnRvLiBZbyBtZSBlbmNhcmdhcsOpLgrCv1F1acOpbiBlcyB1c3RlZD8gSWRlbnRpZsOtcXVlc2UuIMK/UG9yIHF1w6kgZXN0w6EgbW9sZXN0YW5kbyBhcXXDrSBhIGxvcyBpbnZpdGFkb3MgZGVsIGFtbz8=
WejOBw,,W1Jvb2tpZV0KV2FpdCBhIG1vbWVudC4gQXJlIHlvdSBnb2luZyB0byBjb250aW51ZSBzcGVha2luZyBpbiB0aGF0IGZvcm0/IEl0J3MgY29uZnVzaW5nLCBzbyB3b3VsZG4ndCBpdCBiZSBiZXR0ZXIgdG8gc3BlYWsgaW4geW91ciBvcmlnaW5hbCBmb3JtPw==,,,,,W0x1a2llXQpFc3BlcmUsIHZhaSBjb250aW51YXIgZmFsYW5kbyBjb20gZXNzYSBhcGFyw6puY2lhPyBOw6NvIHNlcmlhIG1lbGhvciBjb252ZXJzYXIgZW0gc3VhIGZvcm1hIG9yaWdpbmFsPw==,,W0x1a2llXQpVbiBtb21lbnRvLCBwZXJvIMK/dmEgYSBzZWd1aXIgaGFibGFuZG8gY29uIGVzZSBhc3BlY3RvPyBDb21vIGNvbmZ1bmRlLCDCv25vIHNlcsOtYSBtZWpvciBoYWJsYXIgY29uIHN1IGFzcGVjdG8gb3JpZ2luYWw/
WujOBw,,Wz8/Pz8/P10KSWYgdGhhdCBpcyB0aGUgY2FzZS4uLiBWZXJ5IHdlbGwsIGJ1dCBJIHdvdWxkIGFwcHJlY2lhdGUgaXQgaWYgeW91IGxvd2VyZWQgdGhhdCBndW4uIEkgaGF2ZSBubyBpbnRlbnRpb24gb2YgZmxlZWluZyBvciBoYXJtaW5nIGFueW9uZS4=,,,,,Wz8/Pz8/P10KU2Ugw6kgYXNzaW0uLi4gZW50w6NvLCBhbyBtZW5vcyBhYmFpeGVtIGFzIGFybWFzLiBOw6NvIGZ1Z2lyZWkgbmVtIGZhcmVpIG1hbC4=,,Wz8/Pz8/P10KRXNvLi4uIFlhIGxvIGVudGllbmRvLCBwZXJvIG1lIGd1c3RhcsOtYSBxdWUgYmFqYXJhIGVzYSBwaXN0b2xhLiBObyBodWlyw6kgbmkgaGFyw6kgZGHDsW8gYSBuYWRpZS4=
W+jOBw,,Wz8/Pz8/P10KVGhpcyBpcyBteSB0cnVlIGZvcm0u,,,,,Wz8/Pz8/P10KRXN0YSDDqSBtaW5oYSB2ZXJkYWRlaXJhIGZvcm1hLg==,,Wz8/Pz8/P10KRXN0YSBlcyBtaSB2ZXJkYWRlcmEgYXBhcmllbmNpYS4=
XOjOBw,,QSBtZXJtYWlkPw==,,,,,VW1hIHNlcmVpYT8=,,wr9TaXJlbmE/
XejOBw,,Wz8/Pz8/P10KSXMgdGhhdCBub3QgYSBodW1hbiB0ZXJtIG1lYW5pbmcgaGFsZi1odW1hbiBmaXNoPyBJdCBpcyBhIGRlcm9nYXRvcnkgdGVybSwgYW5kIEkgYW0gbm90IGVudGlyZWx5IHRoZSBzYW1lIHNwZWNpZXMgYXMgdGhlIG1lcmZvbGsgaGVyZS4=,,,,,Wz8/Pz8/P10KU2VyZWlhIMOpIHVtIHRlcm1vIG9mZW5zaXZvIHBhcmEgbWltLiBOw6NvIHBlcnRlbsOnbyDDoCBlc3DDqWNpZSBkYXMgc2VyZWlhcyBkZXNzZSBjb250aW5lbnRlLg==,,Wz8/Pz8/P10Kwr9ObyBlcyBlc28sIGVuIHBhbGFicmFzIGRlIGxvcyBodW1hbm9zLCBsbyBxdWUgc2lnbmlmaWNhIHBleiBodW1hbm8/IEVzIHVuIHTDqXJtaW5vIGRlc3BlY3Rpdm8sIHkgYWRlbcOhcyBsYXMgc2lyZW5hcyBkZSBhcXXDrSB5IHlvIG5pIHNpcXVpZXJhIHNvbW9zIGV4YWN0YW1lbnRlIGRlIGxhIG1pc21hIGVzcGVjaWUu
XujOBw,,Wz8/Pz8/P10KSG93ZXZlciwgZXhwbGFpbmluZyBteSBraW5kIHdvdWxkIGJlIGNvbXBsaWNhdGVkLCBzbyBjYWxsIG1lIGFzIHlvdSBwbGVhc2UuCkV2ZW4gaWYgSSBwZXJtaXR0ZWQgaXQsIHRoZXJlIGlzIG5vIG9uZSBoZXJlIHdobyB3b3VsZCB0YWtlIGlzc3VlLiBBYm92ZSBhbGwsIGFyZSB3ZSBub3QgYm90aCBndWVzdHMgb2YgVmFybXVudD8=,,,,,Wz8/Pz8/P10KTWFzIGV4cGxpY2FyIG1pbmhhIGVzcMOpY2llIHNlcmlhIGNvbXBsZXhvLCBlbnTDo28gY2hhbWVtIGNvbW8gcXVpc2VyZW0uCk7Do28gdm91IGNyaWFyIGNvbmZsaXRvIHBvciBpc3NvLiBBY2ltYSBkZSB0dWRvLCBuw6NvIHNvbW9zIGFtYm9zIGNvbnZpZGFkb3MgZGUgVmFybXVudD8=,,Wz8/Pz8/P10KUGVybyBlcyBjb21wbGljYWRvIGV4cGxpY2FyIHNvYnJlIG51ZXN0cmEgcmF6YSwgYXPDrSBxdWUgbGzDoW1lbWUgY29tbyBsZSByZXN1bHRlIG3DoXMgY8OzbW9kby4KRGUgdG9kb3MgbW9kb3MsIGF1bnF1ZSBwZXJtaXRpZXJhIHF1ZSBtZSBsbGFtYXJhbiBhc8OtLCBhcXXDrSBubyBoYXkgbmFkaWUgcXVlIHZlbmdhIGEgYnVzY2FyIHBlbGVhLiBTb2JyZSB0b2RvLCBubyBzb21vcyBpbnZpdGFkb3MgZGVsIG1pc21vIFZhcm11bnQu
X+jOBw,,W1NjcnViYnldCllvdSBjbGFpbSB0byBiZSBvdXIgbWFzdGVyJ3MgZ3Vlc3TigJRMb3JkIFZhcm11bnQncyBndWVzdD8gSWYgc28sIHBsZWFzZSBzdGF0ZSB5b3VyIG5hbWUu,,,,,W0VzZnJpZ2FdCkFsZWdhIHNlciByZWFsbWVudGUgY29udmlkYWRhIGRlIG5vc3NvIHNlbmhvciwgVmFybXVudD8gRW50w6NvIGRpZ2Egc2V1IG5vbWUu,,W0V4Zm9saWFkb3JdCsK/RGUgdmVyZGFkIHVzdGVkIGVzIHVuIGludml0YWRvIGRlbCBhbW8sIGVzIGRlY2lyLCBkZWwgc2XDsW9yIFZhcm11bnQ/IEVudG9uY2VzLCBkw61nYW1lIHN1IG5vbWJyZS4=
YOjOBw,,Wz8/Pz8/P10KSXMgaXQgdGltZSBmb3IgaW50cm9kdWN0aW9ucz8gSSBoYXZlIGhlYXJkIHRoYXQgcGVvcGxlIGhlcmUgaW50cm9kdWNlIHRoZW1zZWx2ZXMgZmlyc3QgdG8gYnVpbGQgYWNxdWFpbnRhbmNlLiBJIGFtIGNhbGxlZCBQcmluY2Vzcy4gSSBjb21lIGZyb20gQXp1cmUu,,,,,Wz8/Pz8/P10KSG9yYSBkYXMgYXByZXNlbnRhw6fDtWVzPyBPdXZpIGRpemVyIHF1ZSBhcXVpIHNlIGFwcmVzZW50YW0gYW50ZXMgZGUgY3JpYXIgbGHDp29zLiBNZSBjaGFtbyBQcmluY2VzYS4gVmVuaG8gZGUgQXp1cmUu,,Wz8/Pz8/P10Kwr9Ib3JhIGRlIHByZXNlbnRhcnNlPyBIZSBvw61kbyBxdWUgbGEgZ2VudGUgZGUgYXF1w60gcHJpbWVybyBzZSBwcmVzZW50YSBwYXJhIGVudGFibGFyIGFtaXN0YWQuIFNveSBsYSBQcmluY2VzYS4gVmVuZ28gZGUgQXp1cmUu
YejOBw,,W1NjcnViYnldClBsZWFzZSB3YWl0IGEgbW9tZW50LiBJIHNoYWxsIHZlcmlmeSB0aGF0Lg==,,,,,W0VzZnJpZ2FdCkFndWFyZGUgdW0gbW9tZW50by4gSXJlaSB2ZXJpZmljYXIu,,W0V4Zm9saWFkb3JdCkVzcGVyZSB1biBtb21lbnRvLiBMbyBjb21wcm9iYXLDqS4=
YujOBw,,V2hlcmUgaXMgQXp1cmU/IEkndmUgbmV2ZXIgaGVhcmQgb2YgaXQu,,,,,TWFzIG9uZGUgZmljYSBBenVyZT8gTnVuY2Egb3V2aSBmYWxhci4=,,UGVybywgwr9kw7NuZGUgcXVlZGEgQXp1cmU/IE51bmNhIGxvIGhhYsOtYSBvw61kby4=
Y+jOBw,,W01hZ2VudGFdCklmIHlvdSdyZSBhIHByaW5jZXNzLCB3aHkgYXJlIHlvdSBhY3RpbmcgbGlrZSB0aGlzIGhlcmU/,,,,,W01hZ2VudGFdClNlIMOpIHVtYSBwcmluY2VzYSwgcG9yIHF1ZSBlc3TDoSBhcXVpPw==,,W01hZ2VudGFdClNpIGVzIHVuYSBwcmluY2VzYSwgwr9wb3IgcXXDqSBlc3TDoSBoYWNpZW5kbyBlc3RvIGFxdcOtPw==
ZOjOBw,,W1ByaW5jZXNzXQpUaC1UaGF0IGlzIG5vdCB3aGF0IEkgbWVhbnQuLi4gVGhpcyBpcyB3aHkgSSBkaWQgbm90IHdpc2ggdG8gcmV2ZWFsIG15c2VsZiBiZWZvcmUgbXkgcGVvcGxlLi4uCkRvIG5vdCBsb29rIGF0IG1lIHRoYXQgd2F5LiBJIGhhdmUgaGVhcmQgd2hhdCBteSBuYW1lIG1lYW5zIGFtb25nIGh1bWFucywgYnV0IHdoZXJlIEkgd2FzIGJvcm4gYW5kIHJhaXNlZCwgaXQgaG9sZHMgYW4gZW50aXJlbHkgZGlmZmVyZW50IG1lYW5pbmcu,,,,,W1ByaW5jZXNhXQpOLW7Do28gw6kgZXNzZSBvIHNpZ25pZmljYWRvLi4uIMOJIHBvciBpc3NvIHF1ZSBuw6NvIHF1ZXJpYSBtb3N0cmFyLW1lIGRpYW50ZSBkZSB2b2PDqnMuLi4KTsOjbyBtZSBvbGhlbSBhc3NpbS4gU2VpIG8gcXVlIG1ldSBub21lIHNpZ25pZmljYSBlbnRyZSBodW1hbm9zLCBtYXMgb25kZSBuYXNjaSB0ZW0gb3V0cm8gc2lnbmlmaWNhZG8u,,W1ByaW5jZXNhXQpFLWVzdG8uLi4gZXN0by4uLiBubyBlcmEgZXNvIGxvIHF1ZSBxdWVyw61hIGRlY2lyLiAuLi5Qb3IgZXNvIG5vIHF1ZXLDrWEgbW9zdHJhcm1lIGFudGUgbWkgZ2VudGUuLi4KTm8gbWUgbWlyZSBjb24gZXNhIGNhcmEuIEhlIG/DrWRvIGxvIHF1ZSBzaWduaWZpY2EgbWkgbm9tYnJlIGVudHJlIGxvcyBodW1hbm9zLCBwZXJvIGVuIGVsIGx1Z2FyIGRvbmRlIG5hY8OtIHkgY3JlY8OtIHNpZ25pZmljYSBhbGdvIGNvbXBsZXRhbWVudGUgZGlzdGludG8u
ZejOBw,,T2gsIHNvIHlvdXIgbmFtZSBpcyBQcmluY2Vzcywgbm90IHRoYXQgeW91J3JlIHJveWFsdHku,,,,,QWgsIGVudMOjbyBuw6NvIMOpIHTDrXR1bG8gZGUgcHJpbmNlc2EsIMOpIG8gbm9tZSBQcmluY2VzYS4=,,QWgsIG8gc2VhIHF1ZSB0dSBlc3RhdHVzIG5vIGVzIGVsIGRlIHVuYSBwcmluY2VzYSwgc2lubyBxdWUgdHUgbm9tYnJlIGVzIFByaW5jZXNhLg==
ZujOBw,,V2VsbCwgc29tZW9uZSB3aG8gbWlzdGFrZXMgYSBiYXRoIGF0dGVuZGFudCBmb3IgYSBTY3J1YmJ5Li4uIE5vLCBuZXZlciBtaW5kLg==,,,,,Q29uc2lkZXJhbmRvIHF1ZSBjb25mdW5kZW0gRXNmcmVnYWRvcmEgY29tIEVzZnJpZ2EuLi4=,,QnVlbm8sIHNpIGhhc3RhIGNyZWUgcXVlIHVuIGV4Zm9saWFkb3IgZXMgdW4gY2FiYWxsZXJvLi4uIE5vLCBuYWRhLg==
Z+jOBw,,SXQgYWN0dWFsbHkgc3VpdHMgeW91Lg==,,,,,TWFzIGNvbWJpbmEgY29tIHZvY8OqLg==,,UGVybywgZGUgYWxnw7puIG1vZG8sIGVsIG5vbWJyZSB0ZSBxdWVkYSBiaWVuLg==
aOjOBw,,SXMgdGhhdCBzbz8gRG8gSSB0cnVseSBsb29rIGxpa2UgYSBzdHVyZHkgcGlsbGFyIGNhcGFibGUgb2Ygc3VwcG9ydGluZyBldmVyeXRoaW5nPw==,,,,,U8OpcmlvPyBQYXJlw6dvIHVtIHBpbGFyIGZvcnRlIHF1ZSBzdXN0ZW50YSB0dWRvPw==,,wr9EZSB2ZXJkYWQ/IMK/RGUgdmVyZGFkIHBhcmV6Y28gdW4gcGlsYXIgdGFuIGZpcm1lIGNvbW8gcGFyYSBzb3N0ZW5lcmxvIHRvZG8/
aejOBw,,Li4uVGhhdCB3YXMgdGhlIG1lYW5pbmc/,,,,,Li4uIEVyYSBlc3NlIG8gc2lnbmlmaWNhZG8/,,Li4uwr9Fc28gc2lnbmlmaWNhYmE/
aujOBw,,Li4uU28gdGhhdCBpcyB0aGUgbWVhbmluZy4=,,,,,Li4uIFNpbS4=,,Li4uRXNvIHNpZ25pZmljYWJhLg==
a+jOBw,,W1NjcnViYnldCk15IGFwb2xvZ2llcywgYnV0IEkgaGF2ZSBjaGVja2VkIHRoZSByZWdpc3RyeSBhZ2FpbiBhbmQgY2Fubm90IGZpbmQgeW91ciBuYW1lLiBXb3VsZCB5b3UgcGxlYXNlIHN0YXRlIGl0IG9uY2UgbW9yZT8=,,,,,W0VzZnJpZ2FdClBlw6dvIGRlc2N1bHBhcywgbWFzIHZlcmlmaXF1ZWkgbm92YW1lbnRlIGEgbGlzdGEgZSBzZXUgbm9tZSBuw6NvIGNvbnN0YS4gUG9kZXJpYSByZXBldGlyPw==,,W0V4Zm9saWFkb3JdCkxvIHNpZW50bywgcGVybyBoZSB2dWVsdG8gYSBjb21wcm9iYXIgbGEgbGlzdGEgeSBubyBhcGFyZWNlLiDCv1BvZHLDrWEgZGVjaXJtZSBzdSBub21icmUgdW5hIHZleiBtw6FzPw==
bOjOBw,,W1ByaW5jZXNzXQpJdCB3aWxsIGxpa2VseSBub3QgYmUgb24gdGhlIGxpc3QuIEkgcmVxdWVzdGVkIGFzIG11Y2guCkkgaGFkIGxlZnQgbXkgaG9tZWxhbmQgYW5kIHdhcyB3YW5kZXJpbmcgd2l0aG91dCBkZXN0aW5hdGlvbi4gS25vd2luZyBteSBjaXJjdW1zdGFuY2VzLCBWYXJtdW50IGFsbG93ZWQgbWUgdG8gdXNlIHRoZSBiYXRoaG91c2Ugb2YgdGhpcyBlc3RhdGUgd2l0aG91dCBjb250YWN0IHdpdGggb3RoZXJzLg==,,,,,W1ByaW5jZXNhXQpQcm92YXZlbG1lbnRlIG7Do28gZXN0YXLDoSBuYSBsaXN0YS4gRm9pIGEgbWV1IHBlZGlkby4KRXUgZGVpeGVpIG1pbmhhIHRlcnJhIG5hdGFsIGUgdmFndWVpIHNlbSBkZXN0aW5vLiBBbyBzYWJlciBkaXNzbywgVmFybXVudCBwZXJtaXRpdSBxdWUgZXUgdXNhc3NlIGFzIMOhZ3VhcyBkZXN0YSBzYXVuYSBzZW0gY29udGF0byBjb20gb3V0cm9zLg==,,W1ByaW5jZXNhXQpQcm9iYWJsZW1lbnRlIG5vIGVzdMOpIGVuIGxhIGxpc3RhLiBZbyBsbyBwZWTDrSBhc8OtLgpEZWrDqSBtaSB0aWVycmEgbmF0YWwgeSB2YWdhYmEgc2luIHJ1bWJvLiBWYXJtdW50LCBhbCBjb25vY2VyIG1pIHNpdHVhY2nDs24sIGhpem8gcG9zaWJsZSBxdWUgcHVkaWVyYSB1c2FyIGVsIGJhw7FvIGRlIGVzdGEgbWFuc2nDs24gc2luIHF1ZSBuYWRpZSBtZSBjb250YWN0YXJhLg==
bejOBw,,W1ByaW5jZXNzXQpJdCBoYXMgYmVlbiBzbyBsb25nIHRoYXQgSSBkbyBub3QgcmVjYWxsIHRoZSBleGFjdCB0aW1lLi4uIEl0IHdhcyBiZWZvcmUgVmFybXVudCBjZWFzZWQgYXBwZWFyaW5nIGZvciBzdWNoIGEgbG9uZyB3aGlsZS4=,,,,,W1ByaW5jZXNhXQpGYXogdGFudG8gdGVtcG8gcXVlIG7Do28gbGVtYnJvIGV4YXRhbWVudGUgcXVhbmRvLi4uIG1hcyBlc3RvdSBhcXVpIGRlc2RlIGFudGVzIGRlIFZhcm11bnQgZGVpeGFyIGRlIGFwYXJlY2VyLg==,,W1ByaW5jZXNhXQpIYSBwYXNhZG8gdGFudG8gdGllbXBvIHF1ZSBubyByZWN1ZXJkbyBsYSBmZWNoYSBleGFjdGEuLi4gUGVybyB5YSB2ZW7DrWEgZGVzZGUgYW50ZXMgZGUgcXVlIFZhcm11bnQgZGVqYXJhIGRlIG1vc3RyYXJzZSBkdXJhbnRlIG11Y2hvIHRpZW1wby4=
bujOBw,,W1NjcnViYnldClRoZW4geW91IGhhdmUgYmVlbiB2aXNpdGluZyB0aGlzIGJhdGhob3VzZSBmb3IgcXVpdGUgc29tZSB0aW1lLiBIb3dldmVyLCB3ZSBtdXN0IGNvbmZpcm0gd2hldGhlciB5b3UgYXJlIHRydWx5IG91ciBtYXN0ZXIncyBndWVzdCBhcyB5b3UgY2xhaW0u,,,,,W0VzZnJpZ2FdCkVudMOjbyBmcmVxdWVudGEgZXN0YSBzYXVuYSBow6EgYmFzdGFudGUgdGVtcG8uIEFpbmRhIGFzc2ltLCBwcmVjaXNhbW9zIGNvbmZpcm1hciBzZSDDqSByZWFsbWVudGUgY29udmlkYWRhIGRvIG1lc3RyZS4=,,W0V4Zm9saWFkb3JdCkVudG9uY2VzIGxsZXZhIGJhc3RhbnRlIHRpZW1wbyBlbnRyYW5kbyB5IHNhbGllbmRvIGRlIGVzdGUgYmHDsW8uIFBlcm8gZGViZW1vcyBjb25maXJtYXIgc2kgcmVhbG1lbnRlIGVzIHVuYSBpbnZpdGFkYSBkZWwgc2XDsW9yLCBjb21vIHVzdGVkIGFmaXJtYS4=
b+jOBw,,W1NjcnViYnldCkFzIG91ciBtYXN0ZXIgbGVmdCB1cyBubyBzcGVjaWZpYyBpbnN0cnVjdGlvbnMsIHdlIG11c3QgZm9sbG93IG5lY2Vzc2FyeSB2ZXJpZmljYXRpb24gcHJvY2VkdXJlcy4gRG8geW91IHBvc3Nlc3MgYW55IHRva2VuIG9yIG1lc3NhZ2UgZ2l2ZW4gYnkgaGltPw==,,,,,W0VzZnJpZ2FdCkNvbW8gbyBtZXN0cmUgbsOjbyBub3MgZGVpeG91IGluc3RydcOnw7VlcyBlc3BlY8OtZmljYXMsIHByZWNpc2Ftb3Mgc2VndWlyIG8gcHJvdG9jb2xvLiBWb2PDqiBwb3NzdWkgYWxndW0gc8OtbWJvbG8gb3UgbWVuc2FnZW0gZGVpeGFkYSBwb3IgZWxlPw==,,W0V4Zm9saWFkb3JdCkNvbW8gZWwgc2XDsW9yIG5vIG5vcyBoYSBkYWRvIG5pbmd1bmEgaW5kaWNhY2nDs24gZXNwZWNpYWwsIGVzIHVuIHByb2NlZGltaWVudG8gZGUgdmVyaWZpY2FjacOzbiBuZWNlc2FyaW87IGxlIHJvZ2Ftb3MgcXVlIGxvIGNvbXByZW5kYS4gwr9ObyB0aWVuZSBhbGfDum4gZGlzdGludGl2byBvIG1lbnNhamUgcXVlIGVsIHNlw7FvciBsZSBoYXlhIGRhZG8/
cOjOBw,,W1ByaW5jZXNzXQpSZWdyZXR0YWJseSwgSSBkbyBub3QuIEl0IHdhcyBhcnJhbmdlZCBzbyB0aGF0IEkgbWlnaHQgdXNlIGl0IHF1aWV0bHkgZnJvbSB0aGUgYmVnaW5uaW5nLg==,,,,,W1ByaW5jZXNhXQpJbmZlbGl6bWVudGUgbsOjby4gSnVzdGFtZW50ZSBwb3JxdWUgZXJhIHBhcmEgc2VyIGRpc2NyZXRhLg==,,W1ByaW5jZXNhXQpMYW1lbnRhYmxlbWVudGUsIG5vIHRlbmdvIG5hZGEgZGUgZXNvLiBEZXNkZSBlbCBwcmluY2lwaW8gZnVlIHVuYSBjb25zaWRlcmFjacOzbiBwYXJhIHF1ZSBsbyB1c2FyYSBlbiBzaWxlbmNpby4=
cejOBw,,W1ByaW5jZXNzXQpJIHdhcyBzdGF5aW5nIG5lYXIgdGhlIHdhdGVycyBhcm91bmQgaGVyZSB3aGVuIEkgZW5jb3VudGVyZWQgVmFybXVudCBzdHJvbGxpbmcgb3V0c2lkZSB0aGUgZXN0YXRlLgpBZnRlciBoZWFyaW5nIG15IGNpcmN1bXN0YW5jZXMsIGhlIGtpbmRseSBpbnZpdGVkIG1lIGFuZCBwZXJtaXR0ZWQgbWUgdG8gdXNlIHRoZSBiYXRoaG91c2Ugd2hlbmV2ZXIgSSB3aXNoZWQu,,,,,W1ByaW5jZXNhXQpFdSBwZXJtYW5lY2lhIG5hcyDDoWd1YXMgcHLDs3hpbWFzLiBVbSBkaWEgZW5jb250cmVpIFZhcm11bnQgcGFzc2VhbmRvIGZvcmEgZGEgbWFuc8Ojby4KQW8gc2FiZXIgZGUgbWluaGEgc2l0dWHDp8OjbywgY29udmlkb3UtbWUgZ2VudGlsbWVudGUgYSB1c2FyIGEgc2F1bmEgc2VtcHJlIHF1ZSBxdWlzZXNzZS4=,,W1ByaW5jZXNhXQpNZSBlc3RhYmEgcXVlZGFuZG8gY2VyY2EgZGUgbGEgb3JpbGxhIGRlIGVzdGFzIGFndWFzLiBFbnRvbmNlcyBtZSBlbmNvbnRyw6kgY29uIFZhcm11bnQsIHF1ZSBwYXNlYWJhIGZ1ZXJhIGRlIGxhIG1hbnNpw7NuLgpWYXJtdW50LCBhbCBjb25vY2VyIG1pIHNpdHVhY2nDs24sIGZ1ZSBtdXkgYW1hYmxlOiBtZSBpbnZpdMOzIGEgc3UgbWFuc2nDs24geSBtZSBwZXJtaXRpw7MgdXNhciBlbCBiYcOxbyBjdWFuZG8gcXVpc2llcmEu
cujOBw,,W1ByaW5jZXNzXQpJbiBjb25zaWRlcmF0aW9uIG9mIG15IHdhcmluZXNzIHRvd2FyZCBvdGhlcnMsIGhlIGFsbG93ZWQgbWUgdG8gdXNlIGl0IGRpc2NyZWV0bHkgd2l0aG91dCBpbmZvcm1pbmcgYW55b25lLiBFc3BlY2lhbGx5IHNvIHRoYXQgSSB3b3VsZCBub3QgZW5jb3VudGVyIHRoZSBhdXRvbWF0cm9ucyB0aGF0IGNhcnJ5IGEgcHJlc2VuY2UgdW5saWtlIGxpdmluZyBiZWluZ3MuCkV2ZW4gdGhlIHBhdGggbGVhZGluZyBpbnRvIHRoaXMgYmF0aGhvdXNlIHdhcyBzcGVjaWFsbHkgYXJyYW5nZWQgYnkgVmFybXVudC4=,,,,,W1ByaW5jZXNhXQpQb3IgY29uc2lkZXJhw6fDo28gw6AgbWluaGEgbmF0dXJlemEgY2F1dGVsb3NhLCBwZXJtaXRpdS1tZSBlbnRyYXIgc2VtIHF1ZSBuaW5ndcOpbSBzb3ViZXNzZSwgZXNwZWNpYWxtZW50ZSBldml0YW5kbyBjb250YXRvIGNvbSBhcyBBdXTDtG1hdGFzLgpBdMOpIG8gY2FtaW5obyBwYXJhIGVzdGEgc2F1bmEgZm9pIHByZXBhcmFkbyBwb3IgVmFybXVudC4=,,W1ByaW5jZXNhXQpQb3IgY29uc2lkZXJhY2nDs24gYSBtaSBzaXR1YWNpw7NuLCBlbiBsYSBxdWUgZGVzY29uZsOtbyBkZSBsYSBnZW50ZSwgbWUgcGVybWl0acOzIHVzYXJsbyBlbiBzaWxlbmNpbyBzaW4gZGVjw61yc2VsbyBhIG5hZGllLiBTb2JyZSB0b2RvLCBwYXJhIHF1ZSBubyBtZSBlbmNvbnRyYXJhIGNvbiBsb3MgYXV0w7NtYXRhcywgcXVlIGVtaXRlbiB1bmEgcHJlc2VuY2lhIGRpc3RpbnRhIGEgbGEgZGUgbG9zIHNlcmVzIHZpdm9zLgpJbmNsdXNvIGVsIGNhbWlubyBwYXJhIGVudHJhciBhIGVzdGUgYmHDsW8gZnVlIHVuYSBjb25zaWRlcmFjacOzbiBlc3BlY2lhbCBkZSBWYXJtdW50Lg==
c+jOBw,,W1NjcnViYnldCkluZGVlZCwgaGFkIGFuIG91dHNpZGVyIGVudGVyZWQgYnkgb3JkaW5hcnkgbWVhbnMsIHRoZSBzZWN1cml0eSB3b3VsZCBoYXZlIGJlZW4gdHJpZ2dlcmVkLiBWZXJ5IHdlbGwuIE15IGFwb2xvZ2llcyBmb3IgdGhlIGRpc2NvdXJ0ZXN5LiBJIHNoYWxsIG5vdyByZWdpc3RlciB5b3UgYXMgYSBndWVzdCBzbyB0aGF0IHlvdSBtYXkgdXNlIHRoZSBmYWNpbGl0aWVzIHdpdGhvdXQgaW5jb252ZW5pZW5jZS4=,,,,,W0VzZnJpZ2FdCkRlIGZhdG8sIHNlIHRpdmVzc2UgZW50cmFkbyBwZWxvcyBtZWlvcyBjb211bnMsIG9zIGd1YXJkYXMgdGVyaWFtIHNpZG8gYWNpb25hZG9zLiBFbnRlbmRvLiBQZcOnbyBkZXNjdWxwYXMuIEZhcmVtb3Mgc2V1IHJlZ2lzdHJvIGNvbW8gY29udmlkYWRhIHBhcmEgZXZpdGFyIGluY29udmVuaWVudGVzLg==,,W0V4Zm9saWFkb3JdCkNpZXJ0YW1lbnRlLCBzaSB1biBmb3Jhc3Rlcm8gZW50cmFyYSBlbiBsYSBtYW5zacOzbiBwb3IgZWwgbcOpdG9kbyBoYWJpdHVhbCwgbGEgZ3VhcmRpYSBzZSBoYWJyw61hIGFjdGl2YWRvLiBFbnRpZW5kby4gRGlzY3VscGUgbGFzIG1vbGVzdGlhcy4gRW50b25jZXMsIGxvIHJlZ2lzdHJhcsOpIGFob3JhIGNvbW8gaW52aXRhZGEgcGFyYSBxdWUgbm8gdGVuZ2EgaW5jb252ZW5pZW50ZXMgYWwgdXNhcmxvLg==
dOjOBw,,W1ByaW5jZXNzXQpJcyB0aGF0IHRydWx5IG5lY2Vzc2FyeT8=,,,,,W1ByaW5jZXNhXQrDiSByZWFsbWVudGUgbmVjZXNzw6FyaW8/,,W1ByaW5jZXNhXQpFLWVoLCDCv2RlIHZlcmRhZCB0aWVuZSBxdWUgc2VyIGFzw60/
dejOBw,,W1NjcnViYnldCklmIHlvdSBjb250aW51ZSB1c2luZyBpdCB3aXRob3V0IHJlZ2lzdHJhdGlvbiwgaXQgbWF5IGNhdXNlIHVubmVjZXNzYXJ5IG1pc3VuZGVyc3RhbmRpbmdzIGFtb25nIHRoZSBvdGhlciBzdGFmZi4gSXQgd291bGQgYmUgYmVzdCB0byByZWdpc3RlciwgZXNwZWNpYWxseSBzaW5jZSBvdXIgbWFzdGVyIGlzIG5vdCBjdXJyZW50bHkgcHJlc2VudC4=,,,,,W0VzZnJpZ2FdClNlbSByZWdpc3RybyBwb2RlIGhhdmVyIG1hbC1lbnRlbmRpZG9zLiBDb21vIG8gbWVzdHJlIG7Do28gZXN0w6EgcHJlc2VudGUsIMOpIG1lbGhvciBmb3JtYWxpemFyLg==,,W0V4Zm9saWFkb3JdClNpIGxvIHVzYSBhc8OtIHNpbiByZWdpc3RyYXJzZSwgcG9kcsOtYSBwcm92b2NhciBtYWxlbnRlbmRpZG9zIGlubmVjZXNhcmlvcyBjb24gb3Ryb3Mgc2lydmllbnRlcywgYXPDrSBxdWUgZXMgbWVqb3IgcXVlIGFsIG1lbm9zIHF1ZWRlIHJlZ2lzdHJhZGEuIEFkZW3DoXMsIGFob3JhIGVsIHNlw7FvciBubyBlc3TDoS4=
dujOBw,,W1ByaW5jZXNzXQpWZXJ5IHdlbGwuLi4gSSB1bmRlcnN0YW5kLg==,,,,,W1ByaW5jZXNhXQpOZXNzZSBjYXNvLi4uIGVudGVuZG8u,,W1ByaW5jZXNhXQpFbiBlc2UgY2Fzby4uLiBkZSBhY3VlcmRvLg==
d+jOBw,,W1NjcnViYnldCkl0IHdpbGwgYmUgZG9uZSBzaG9ydGx5LiBQbGVhc2Ugc3RhdGUgeW91ciBuYW1lIG9uY2UgbW9yZS4=,,,,,W0VzZnJpZ2FdCkZhcmVpIGltZWRpYXRhbWVudGUuIERpZ2Egbm92YW1lbnRlIHNldSBub21lLg==,,W0V4Zm9saWFkb3JdCkxvIHRyYW1pdGFyw6kgZW5zZWd1aWRhLiBQb3IgZmF2b3IsIGTDrWdhbWUgc3Ugbm9tYnJlIHVuYSB2ZXogbcOhcy4=
eOjOBw,,W1ByaW5jZXNzXQpJIGFtIFByaW5jZXNzIG9mIEF6dXJlLCBmcm9tIHRoZSBFYXN0ZXJuIFNlYS4=,,,,,W1ByaW5jZXNhXQpQcmluY2VzYSwgdmluZGEgZGUgQXp1cmUsIG5vIE1hciBkbyBMZXN0ZS4=,,W1ByaW5jZXNhXQpEaWNlbiBxdWUgZXMgdW5hIHByaW5jZXNhIGxsZWdhZGEgZGUgQXp1cmUsIGVuIGVsIG1hciBkZWwgZXN0ZS4=
eejOBw,,W1Jvb2tpZV0KVGhlbiBpcyBpdCBvdXIgdHVybiBub3c/IFdoaWxlIHRoZSByZWdpc3RyYXRpb24gaXMgYmVpbmcgcHJvY2Vzc2VkLCBzaGFsbCB3ZSB0YWxrPw==,,,,,W0x1a2llXQpFbnTDo28gw6kgbm9zc2EgdmV6IGRlIGNvbnZlcnNhcj8gRW5xdWFudG8gcmVnaXN0cmFtLCBwb2RlbW9zIGZhemVyIGFsZ3VtYXMgcGVyZ3VudGFzPw==,,W0x1a2llXQpFbnRvbmNlcywgwr9haG9yYSBub3MgdG9jYSBhIG5vc290cm9zPyBNaWVudHJhcyBzZSByZWFsaXphIGVsIHJlZ2lzdHJvLCDCv2hhYmxhbW9zIHVuIHBvY28/
eujOBw,,W1ByaW5jZXNzXQpXaGF0IGlzIGl0IHRoYXQgeW91IHdpc2ggdG8ga25vdz8=,,,,,W1ByaW5jZXNhXQpPIHF1ZSBkZXNlamFtIHNhYmVyPw==,,W1ByaW5jZXNhXQrCv1F1w6kgZXMgbG8gcXVlIGRlc2VhcyBzYWJlcj8=
e+jOBw,,W1Jvb2tpZV0KV2UgdW5kZXJzdGFuZCB3aHkgeW91IGFyZSBoZXJlLiBCdXQgd2h5IGRpZCB5b3UgYXR0YWNrIHRoZSBwZW9wbGU/IFlvdSBtdXN0IGhhdmUga25vd24gdGhleSBoYWQgbm8gaW50ZW50aW9uIG9mIGhhcm1pbmcgeW91Lg==,,,,,W0x1a2llXQpFbnRlbmRlbW9zIHBvciBxdWUgZXN0w6EgYXF1aS4gTWFzIHBvciBxdWUgYXRhY291IGFzIHBlc3NvYXM/IFZvY8OqIGRldmlhIHNhYmVyIHF1ZSBuw6NvIHRpbmhhbSBpbnRlbsOnw6NvIGRlIGZlcmktbGEu,,W0x1a2llXQpZYSBlbnRlbmTDrSBwb3IgcXXDqSBlc3TDoSBhcXXDrS4gUGVybyDCv3BvciBxdcOpIGF0YWPDsyBhIGxhIGdlbnRlPyBEZWJpw7MgZGUgcG9kZXIgZGFyc2UgY3VlbnRhIGRlIHF1ZSBubyB0ZW7DrWFuIGludGVuY2nDs24gZGUgaGFjZXJsZSBkYcOxbywgwr9ubz8=
fOjOBw,,W1ByaW5jZXNzXQpMZXQgbWUgbWFrZSBvbmUgdGhpbmcgY2xlYXLigJRJIGRpZCBub3QgYXR0YWNrLiBUaGF0IG9uZSBkaXNjb3ZlcmVkIG1lIGFuZCBmb2xsb3dlZCBtZSBmb3IgYSBsb25nIHRpbWUuIFRoZW4gYnkgYWNjaWRlbnQuLi4KSSB0cmVhdGVkIHRoZSBvbmUgd2hvIGZhaW50ZWQgYW5kIGludGVuZGVkIHRvIHNlbmQgdGhlbSBhd2F5IHByb3Blcmx5LCBidXQgdGhhdCB3YXMgcHJlY2lzZWx5IHdoZW4geW91IGFycml2ZWQuLi4=,,,,,W1ByaW5jZXNhXQpRdWUgZmlxdWUgY2xhcm86IGV1IG7Do28gYXRhcXVlaS4gRWxlIG1lIHNlZ3VpdS4gRW50w6NvLCBmb2kgdW0gYWNpZGVudGUuLi4KRXUgaWEgY3VpZGFyIGRvIGRlc21haWFkbyBlIG1hbmTDoS1sbyBlbWJvcmEsIG1hcyB2b2PDqnMgY2hlZ2FyYW0u,,W1ByaW5jZXNhXQpQcmltZXJvLCBkZWplbW9zIGFsZ28gY2xhcm86IHlvIG5vIGF0YXF1w6kuIEVzZSBzdWpldG8gbWUgZGVzY3VicmnDsyB5IG1lIHNpZ3Vpw7MgZHVyYW50ZSBtdWNow61zaW1vIHRpZW1wby4gWSBlbnRvbmNlcywgcG9yIGFjY2lkZW50ZS4uLgpJYmEgYSBjdXJhciBhbCBxdWUgc2UgZGVzbWF5w7MgeSBkZWphcmxvIG1hcmNoYXIgc2luIGRhw7FvLCBwZXJvIGp1c3RvIGVuIGVzZSBtb21lbnRvIHVzdGVkZXMgZW50cmFyb24uLi4=
fejOBw,,W1ByaW5jZXNzXQpJIG9ubHkgdHJpZWQgdG8gc2VuZCBwZW9wbGUgYXdheSBhcyBJIGFsd2F5cyBkbywgYnV0IGl0IGRpZCBub3QgZ28gd2VsbC4gSSBoYWQgbm8gaW50ZW50aW9uIG9mIGhhcm1pbmcgYW55b25lLiBJIGF2b2lkIGNvbnRhY3Qgd2l0aCBvdGhlcnMgYWx0b2dldGhlci4KVGhhdCBpcyB3aHkgVmFybXVudCBzaG93ZWQgbWUgY29uc2lkZXJhdGlvbi4gQWZ0ZXIgYmVpbmcgY2hhc2VkIGZvciBzbyBsb25nLCB3aGVuIEkgc2F3IGhpbSBhbmQgSSByZWFjdGVkIHJlZmxleGl2ZWx5Li4uIFN1Y2ggaXMgbXkgYW54aWV0eS4=,,,,,W1ByaW5jZXNhXQpTZW1wcmUgdGVudGVpIGFwZW5hcyBhZmFzdGFyIGFzIHBlc3NvYXMuIE7Do28gcXVpcyBmZXJpciBuaW5ndcOpbS4gRXZpdG8gY29udGF0by4KVmFybXVudCBjb21wcmVlbmRldSBpc3NvLiBNYXMgYXDDs3MgdGFudG8gdGVtcG8gc2VuZG8gcGVyc2VndWlkYSwgcmVhZ2kgcG9yIHJlZmxleG8uLi4gbWluaGEgYW5zaWVkYWRlIMOpIGFzc2ltLg==,,W1ByaW5jZXNhXQpJYmEgYSBoYWNlcmxvcyBtYXJjaGFyLCBjb21vIHNpZW1wcmUsIHBlcm8gbm8gc2FsacOzIGJpZW4uIE5vIHRlbsOtYSBpbnRlbmNpw7NuIGRlIGhhY2VyIGRhw7FvLiBEZXNkZSBlbCBwcmluY2lwaW8sIG1lIGluY29tb2RhIGVudHJhciBlbiBjb250YWN0byBjb24gbmFkYS4KUG9yIGVzbyBWYXJtdW50IHRhbWJpw6luIGZ1ZSBjb25zaWRlcmFkbyBjb25taWdvLCBwZXJvIHRyYXMgbXVjaG8gdGllbXBvIHNpZW5kbyBwZXJzZWd1aWRhLCBCb25uaWUgcmVhY2Npb27DsyBwb3IgcmVmbGVqbyB5Li4uIE1pIGFuc2llZGFkIGVzIGFzw60u
fujOBw,,V2h5IGRvIHlvdSBhdm9pZCBvdGhlcnM/,,,,,UG9yIHF1ZSBldml0YSBjb250YXRvPw==,,wr9Qb3IgcXXDqSBsZSBpbmNvbW9kYT8=
f+jOBw,,W1ByaW5jZXNzXQpJdCBpcyBteSBuYXR1cmUuIEJlY2F1c2Ugb2YgaXQsIEkgd2FzIHRvcm1lbnRlZCBpbiBteSBob21lbGFuZCBhbmQgZm9yY2VkIHRvIGxlYXZlLiBUaHVzLCB3aGVuIEkgZW5jb3VudGVyIG90aGVycywgSSBpbnN0aW5jdGl2ZWx5IGJlY29tZSB3YXJ5LgpJZiBhbnlvbmUgd2FzIGhhcm1lZCBiZWNhdXNlIG9mIG1lLCBJIGFtIHRydWx5IHNvcnJ5LiBUaG91Z2ggdW5pbnRlbmRlZCwgSSBhY3RlZCB0byBwcm90ZWN0IG15c2VsZi4gSSBhc2sgZm9yIHlvdXIgZm9yZ2l2ZW5lc3Mu,,,,,W1ByaW5jZXNhXQrDiSBtaW5oYSBuYXR1cmV6YS4gU29mcmkgbXVpdG8gZW0gbWluaGEgdGVycmEgbmF0YWwgZSB0aXZlIGRlIHBhcnRpci4gUXVhbmRvIGVudHJvIGVtIGNvbnRhdG8gY29tIG91dHJvcywgZmljbyBhbGVydGEgc2VtIHBlcmNlYmVyLgpTZSBjYXVzZWkgZGFubywgcGXDp28gcGVyZMOjby4gRm9pIHBhcmEgbWUgcHJvdGVnZXIu,,W1ByaW5jZXNhXQpFcyBtaSBuYXR1cmFsZXphLiBQb3IgZXN0YSBuYXR1cmFsZXphLCB0YW1iacOpbiBzdWZyw60gYWNvc28gZW4gbWkgdGllcnJhIG5hdGFsIHkgbm8gdHV2ZSBtw6FzIHJlbWVkaW8gcXVlIG1hcmNoYXJtZS4gUG9yIGVzbywgY3VhbmRvIGVudHJvIGVuIGNvbnRhY3RvIGNvbiBvdHJvcywgc2luIGRhcm1lIGN1ZW50YSBtZSBwb25nbyBlbiBndWFyZGlhLgpTaSBhbGd1aWVuIHJlc3VsdMOzIGhlcmlkbyBwb3IgbWkgY3VscGEsIGxvIGxhbWVudG8gZGUgdmVyZGFkLiBFc3Blcm8gcXVlIG1lIHBlcmRvbmVuIHBvciBsbyBxdWUgaGljZSBzaW4gcXVlcmVyIHBhcmEgcHJvdGVnZXJtZS4=
gOjOBw,,W1Jvb2tpZV0KV2VsbC4uLiBHb25pIHdhcyBpbmp1cmVkLCBidXQgeW91IHNheSBpdCB3YXMgbm90IGludGVudGlvbmFsLCBhbmQgeW91IGNsYWltIHRvIGJlIGEgZ3Vlc3Qgb2YgdGhpcyBlc3RhdGUuCklmIHlvdSBmaXJtbHkgcHJvbWlzZSBub3QgdG8gaW50ZXJmZXJlIHdpdGggb3IgaGFybSB1cywgd2UgYXJlIHdpbGxpbmcgdG8gd2l0aGRyYXcgaGVyZS4gV2hhdCBkbyB5b3Ugc2F5Pw==,,,,,W0x1a2llXQpCZW0uLi4gR29uaWUgc2UgZmVyaXUsIG1hcyBkaXogcXVlIG7Do28gZm9pIGludGVuY2lvbmFsLCBlIHNlbmRvIGNvbnZpZGFkYSBkYSBtYW5zw6NvLi4uClNlIHByb21ldGVyIG7Do28gbm9zIHByZWp1ZGljYXIsIHBvZGVtb3MgZW5jZXJyYXIgcG9yIGFxdWku,,W0x1a2llXQpCdWVuby4uLiBHb25pIHPDrSByZXN1bHTDsyBoZXJpZG8sIHBlcm8gZGljZW4gcXVlIG5vIGZ1ZSBpbnRlbmNpb25hbCwgeSBhZGVtw6FzIGVzIHVuYSBpbnZpdGFkYSBkZSBlc3RhIG1hbnNpw7NuLgpTaSBwcm9tZXRlIGNvbiBmaXJtZXphIHF1ZSBubyBub3Mgb2JzdGFjdWxpemFyw6Egbmkgbm9zIGhhcsOhIGRhw7FvLCBub3NvdHJvcyB0YW1iacOpbiBwZW5zYW1vcyByZXRpcmFybm9zIHBvciBhcXXDrS4gwr9RdcOpIGxlIHBhcmVjZT8=
gejOBw,,W1ByaW5jZXNzXQpPZiBjb3Vyc2UuIEkgc3dlYXIgdXBvbiBteSBob25vci4=,,,,,W1ByaW5jZXNhXQpQcm9tZXRvIHBvciBtaW5oYSBob25yYS4=,,W1ByaW5jZXNhXQpQb3Igc3VwdWVzdG8uIExvIHByb21ldG8gcG9uaWVuZG8gZW4ganVlZ28gbWkgaG9ub3Iu
gujOBw,,W1Jvb2tpZV0KVGhlbiB3ZSBzaGFsbCB0cnVzdCBpbiB5b3VyIHByb21pc2Ugc3dvcm4gdXBvbiB5b3VyIGhvbm9yIGFuZCBjb25jbHVkZSB0aGlzIG1hdHRlciBoZXJlLg==,,,,,W0x1a2llXQpFbnTDo28gY29uZmlhbW9zIG5hIGhvbnJhIGRhIHNlbmhvcml0YSBQcmluY2VzYSBlIGVuY2VycmFtb3Mu,,W0x1a2llXQpFbnRvbmNlcyBub3NvdHJvcyB0YW1iacOpbiBjb25maWFyZW1vcyBlbiBsYSBwcm9tZXNhIGhlY2hhIGVuIG5vbWJyZSBkZWwgaG9ub3IgZGUgbGEgcHJpbmNlc2EgeSBsbyBkZWphcmVtb3MgYXF1w60sIHkgbm9zIHJldGlyYXJlbW9zLg==
g+jOBw,,W1NjcnViYnldClRoYW5rIHlvdSBmb3IgeW91ciBwYXRpZW5jZS4gUHJpbmNlc3Mgb2YgQXp1cmUuIFlvdXIgcmVnaXN0cmF0aW9uIGFzIGEgZ3Vlc3Qgb2YgdGhlIFZhcm11bnQgRXN0YXRlIGhhcyBiZWVuIGNvbXBsZXRlZC4gQ29tbXVuaWNhdGlvbiB3YXMgdW5zdGFibGUsIHNvIGl0IHRvb2sgc29tZSB0aW1lLiBNeSBhcG9sb2dpZXMuCllvdSBtYXkgbm93IHJlbWFpbiBpbiB0aGlzIGVzdGF0ZSBhcyBMb3JkIFZhcm11bnQncyBndWVzdC4gUGxlYXNlIG1ha2UgeW91cnNlbGYgY29tZm9ydGFibGUu,,,,,W0VzZnJpZ2FdCkFncmFkZcOnbyBhIGVzcGVyYS4gUHJpbmNlc2EgZGUgQXp1cmUsIHNldSByZWdpc3RybyBjb21vIGNvbnZpZGFkYSBkYSBNYW5zw6NvIFZhcm11bnQgZm9pIGNvbmNsdcOtZG8uIEhvdXZlIGluc3RhYmlsaWRhZGUgbmEgY29tdW5pY2HDp8OjbywgZGVzY3VscGUgYSBkZW1vcmEuCkFnb3JhIHBvZGUgcGVybWFuZWNlciBjb21vIGNvbnZpZGFkYS4gU2ludGEtc2Ugw6Agdm9udGFkZS4=,,W0V4Zm9saWFkb3JdCkdyYWNpYXMgcG9yIGVzcGVyYXIuIFByaW5jZXNhIGRlIEF6dXJlLiBIZW1vcyB0ZXJtaW5hZG8gZWwgcmVnaXN0cm8gY29tbyBpbnZpdGFkYSBkZSBsYSBtYW5zacOzbiBkZSBWYXJtdW50LiBMYSBjb211bmljYWNpw7NuIGVyYSBpbmVzdGFibGUsIGFzw60gcXVlIHRvbcOzIGFsZ28gZGUgdGllbXBvLiBMbyBzaWVudG8uCkFob3JhLCBwcmluY2VzYSwgcHVlZGUgcGVybWFuZWNlciBlbiBlc3RhIG1hbnNpw7NuIGNvbW8gaW52aXRhZGEgZGVsIHNlw7FvciBWYXJtdW50LiBQb3IgZmF2b3IsIMO6c2VsYSBjb24gdHJhbnF1aWxpZGFkLg==
hOjOBw,,W1ByaW5jZXNzXQpUaGVyZSBpcyBzb21ldGhpbmcgSSBhbSBjdXJpb3VzIGFib3V0Li4uIFZhcm11bnQuIEhhcyBoZSBiZWVuIHZlcnkgYnVzeSBvZiBsYXRlPyBJIGhhdmUgY29tZSBvZnRlbiwgeWV0IGhhdmUgbm90IHNlZW4gaGltIGZvciBxdWl0ZSBzb21lIHRpbWUuCk1heSBJIGFzc3VtZSBoZSB3aWxsIG5vdCBhcHBlYXIgZm9yIHNvbWUgdGltZSBzdGlsbD8=,,,,,W1ByaW5jZXNhXQpUZW5obyB1bWEgZMO6dmlkYS4uLiBWYXJtdW50IGFuZGEgbXVpdG8gb2N1cGFkbz8gTsOjbyBvIHZlam8gaMOhIHRlbXBvcy4KUG9zc28gc3Vwb3IgcXVlIGNvbnRpbnVhcsOhIGF1c2VudGU/,,W1ByaW5jZXNhXQpUZW5nbyBhbGdvIHF1ZSBtZSBpbnRyaWdhLi4uIE1lIHJlZmllcm8gYSBWYXJtdW50LiDCv8OabHRpbWFtZW50ZSBlc3TDoSBtdXkgb2N1cGFkbz8gTm8gcHVlZG8gdmVybG8gZW4gYWJzb2x1dG8sIGFzw60gcXVlIGhlIHZlbmlkbyBhIGJ1c2NhcmxvIHVuYSB5IG90cmEgdmV6LCBwZXJvIG5vIGFwYXJlY2UgZGVzZGUgaGFjZSBtdWNoby4Kwr9QdWVkbyBwZW5zYXIgcXVlLCBwb3IgdW4gdGllbXBvLCBWYXJtdW50IG5vIGFwYXJlY2Vyw6E/
hejOBw,,W1NjcnViYnldCk91ciBtYXN0ZXIgY291bGQgcmV0dXJuIGFzIHNvb24gYXMgdG9tb3Jyb3csIGJ1dCBpdCBpcyBwcmVkaWN0ZWQgdGhhdCBoZSB3aWxsIG5vdCBkbyBzbyBmb3Igc29tZSB0aW1lLg==,,,,,W0VzZnJpZ2FdClBvZGUgcmV0b3JuYXIgYSBxdWFscXVlciBtb21lbnRvLCBtYXMgcHJldsOqLXNlIHF1ZSBwZXJtYW5lY2Vyw6EgYXVzZW50ZSBwb3IgYWxndW0gdGVtcG8u,,W0V4Zm9saWFkb3JdCkVsIGFtbyBwb2Ryw61hIHJlZ3Jlc2FyIGluY2x1c28gbWHDsWFuYSBtaXNtbywgcGVybyBzZSBwcmV2w6kgcXVlIG5vIGxvIGhhcsOhIHBvciB1biB0aWVtcG8u
hujOBw,,W1ByaW5jZXNzXQpJbiB0aGF0IGNhc2UuLi4gTWF5IEkgdXNlIHRoaXMgYmF0aGhvdXNlIGFzIG15IGJhc2UsIHRvIGJ1aWxkIGFuZCBleHBhbmQgbXkgZm9yY2VzPw==,,,,,W1ByaW5jZXNhXQpFbnTDo28gcG9zc28gdXNhciBlc3RhIHNhdW5hIGNvbW8gYmFzZSBwYXJhIHJldW5pciBmb3LDp2FzIGUgZXhwYW5kaXIgbWV1IHBvZGVyPw==,,W1ByaW5jZXNhXQpFbnRvbmNlcywgwr9wdWVkbyB0b21hciBlc3RvcyBiYcOxb3MgY29tbyBtaSBiYXNlIHkgdXNhcmxvcyBwYXJhIGZvcm1hciB5IGV4cGFuZGlyIG1pcyBmdWVyemFzPw==
h+jOBw,,W1NjcnViYnldCkkgYmVnIHlvdXIgcGFyZG9u4oCUd2hhdCBkbyB5b3UgbWVhbj8=,,,,,W0VzZnJpZ2FdClBlcmTDo28sIGNvbW8gYXNzaW0/,,W0V4Zm9saWFkb3JdCkxvIHNpZW50bywgcGVybyDCv2EgcXXDqSBzZSByZWZpZXJlIGNvbiBlc28/
iOjOBw,,W1ByaW5jZXNzXQpJIGludGVuZCB0byBmb3JtIGEgbmV3IHBvd2VyIGFuZCB0YWtlIHJldmVuZ2UgdXBvbiB0aG9zZSBvZiBteSBob21lbGFuZC4gRm9yIHRoYXQsIEkgcmVxdWlyZSBhIGJhc2UgdG8gZ2F0aGVyIHN0cmVuZ3RoLgpJIGhhdmUgZnJlcXVlbnRlZCB0aGlzIHBsYWNlIGZvciBtYW55IHllYXJzLCB5ZXQgY29taW5nIGFuZCBnb2luZyBoYXMgZ3Jvd24gdHJvdWJsZXNvbWUuIEFzIFZhcm11bnQgaGFzIGJlZW4gYWJzZW50IGZvciBzbyBsb25nLCBJIHNoYWxsIGFzc3VtZSBvd25lcnNoaXAgaW4gaGlzIHN0ZWFkLg==,,,,,W1ByaW5jZXNhXQpQcmV0ZW5kbyBmb3JtYXIgdW1hIG5vdmEgZm9yw6dhIGUgdmluZ2FyLW1lIGRlIG1ldSBwb3ZvLiBQYXJhIGlzc28gcHJlY2lzbyBkZSB1bWEgYmFzZS4KRnJlcXVlbnRvIGVzdGUgbG9jYWwgaMOhIGFub3MsIGUgasOhIHF1ZSBWYXJtdW50IGVzdMOhIGF1c2VudGUsIGFzc3VtaXJlaS4=,,W1ByaW5jZXNhXQpQcmV0ZW5kbyBjcmVhciB1bmEgbnVldmEgZmFjY2nDs24geSB2ZW5nYXJtZSBkZSBsYSBnZW50ZSBkZSBtaSB0aWVycmEgbmF0YWwuIFBhcmEgZXNvLCDCv25vIG5lY2VzaXRvIHVuYSBiYXNlIGRvbmRlIHJldW5pciBmdWVyemFzPwpZYSBoZSBlbnRyYWRvIHkgc2FsaWRvIGRlIGFxdcOtIGR1cmFudGUgbXVjaG9zIGHDsW9zLCBwZXJvIGNvbW8gc2VndWlyIHllbmRvIHkgdmluaWVuZG8gZXJhIGVuZ29ycm9zbywgeSBqdXN0byBWYXJtdW50IGhhIGVzdGFkbyBhdXNlbnRlIHBvciBsYXJnbyB0aWVtcG8sIGRpZ28gcXVlIGxvIHBvc2VlcsOpIHlvIGVuIHN1IGx1Z2FyLg==
iejOBw,,V2hhdCBpcyBzaGUgc2F5aW5nPw==,,,,,TyBxdcOqPyE=,,wr9RdcOpIGVzdMOhIGRpY2llbmRvPw==
iujOBw,,RG9lcyB0aGF0IG1ha2UgYW55IHNlbnNlPw==,,,,,SXNzbyBmYXogc2VudGlkbz8h,,wr9Fc28gdGllbmUgc2VudGlkbz8=
i+jOBw,,SSBoYXZlIG5ldmVyIGhlYXJkIHN1Y2ggbG9naWMgYmVmb3JlLg==,,,,,RWxhIHTDoSBsb3VjYSE=,,Tm8gc8OpLi4uIEVzIHVuYSBsw7NnaWNhIHF1ZSBvaWdvIHBvciBwcmltZXJhIHZlei4=
jOjOBw,,W1N3aXNoaWVdCldoYXQgaXMgdGhpcyBJIGhlYXIgdGhlIG1vbWVudCBJIGFycml2ZT8=,,,,,W1ZhaGlkYV0KUXVlIGJhcnVsaG8gw6kgZXNzZT8=,,W1N3aXNoaWVdCsK/UXXDqSBlcyBlc2Ugc29uaWRvIHF1ZSBzZSBveWUgbmFkYSBtw6FzIGxsZWdhcj8=
jejOBw,,W0JvaWxhXQpXaGF0IGFyZSB5b3UgdGFsa2luZyBhYm91dD8gVGhpcyBpcyBjbGVhcmx5IHRoZSBiYXRoaG91c2Ugd2l0aGluIExvcmQgVmFybXVudCdzIGVzdGF0ZS4=,,,,,W0NhbGRpcmFdClF1ZSBncml0YXJpYSDDqSBlc3NhPyBJc3RvIGFxdWkgdMOhIHBhcmVjZW5kbyB1bWEgZmVpcmEu,,W0NhbGRlcmFdCsK/UXXDqSBlc3TDoSBkaWNpZW5kbz8gRXN0byBlcywgc2luIGx1Z2FyIGEgZHVkYXMsIGVsIGJhw7FvIGRlbnRybyBkZSBsYSBtYW5zacOzbiBkZWwgc2XDsW9yIFZhcm11bnQu
jujOBw,,W1ByaW5jZXNzXQpWYXJtdW50IHdvdWxkIHVuZGVyc3RhbmQuIEhlIGlzIGJyb2FkLW1pbmRlZC4gSnVzdCBhcyBoZSBoZWxwZWQgbWUgaGlkZSB3aGlsZSB1c2luZyB0aGUgYmF0aGhvdXNlLCBoZSB3b3VsZCBzdXJlbHkgZ3JhbnQgdGhpcyBwbGFjZSB0byBvbmUgc3VjaCBhcyBJLCB3aG8gd2FuZGVycyB3aXRob3V0IGEgaG9tZS4gV2lsbGluZ2x5Lg==,,,,,W1ByaW5jZXNhXQpBdMOpIG8gVmFybXVudCBlbnRlbmRlcmlhLiBFbGUgw6kgdW0gaG9tZW0gZGUgZ3JhbmRlIGNvbXByZWVuc8OjbywgZW50w6NvIGNlcnRhbWVudGUgcGVybWl0aXJpYSBxdWUgZXUgZmljYXNzZSBhcXVpLCBldSBxdWUgdmFnYXZhIGFww7NzIHBlcmRlciBtZXUgbGFyLCBhc3NpbSBjb21vIHBhcmVjZSB0ZXIgYWp1ZGFkbyBhbGd1w6ltIGEgc2UgZXNjb25kZXIgZW5xdWFudG8gdXNhdmEgYSBzYXVuYS4gQ29tIHByYXplci4=,,W1ByaW5jZXNhXQpWYXJtdW50IHRhbWJpw6luIGxvIGVudGVuZGVyw6EuIEVzIHVuIGhvbWJyZSBkZSBtZW50ZSBhbXBsaWE7IGFzw60gY29tbyBtZSBheXVkw7MgYSBvY3VsdGFyIG1pIGN1ZXJwbyB1c2FuZG8gZWwgYmHDsW8sIHRhbWJpw6luIHBlcm1pdGlyw6EgcXVlIHlvLCBxdWUgaGUgcGVyZGlkbyBtaSByZWZ1Z2lvIHkgZGVhbWJ1bG8sIHBlcm1hbmV6Y2EgYXF1w60uIENvbiBndXN0by4=
j+jOBw,,W1NjcnViYnldCk91ciBtYXN0ZXIgcGVybWl0dGVkIHlvdXIgdmlzaXRzLCBhbmQgaGUgaXMgaW5kZWVkIGdlbmVyb3VzLCBidXQgdGhhdCB3YXMgYW4gZXhwcmVzc2lvbiBvZiBjb3VydGVzeSBhbmQgZ29vZHdpbGwgdG93YXJkIGEgZ3Vlc3QuClBsZWFzZSBkbyBub3QgZGlzcmVnYXJkIExvcmQgVmFybXVudCdzIHNpbmNlcml0eSBhbmQgaG9zcGl0YWxpdHku,,,,,W0VzZnJpZ2FdCk8gbWVzdHJlIHBlcm1pdGl1IGEgdmlzaXRhIGRlIFZvc3NhIEFsdGV6YSwgZSBkZSBmYXRvIMOpIGdlbmVyb3NvIGNvbW8gZGlzc2UsIG1hcyBpc3NvIGZvaSwgYWNpbWEgZGUgdHVkbywgdW1hIGRlbW9uc3RyYcOnw6NvIGRlIHNpbmNlcmlkYWRlIGUgYm9hIHZvbnRhZGUgcGFyYSBjb20gdW1hIGNvbnZpZGFkYS4KUGXDp28gcXVlIG7Do28gZGVzY29uc2lkZXJlIGEgZ2VudGlsZXphIGRvIHNlbmhvciBWYXJtdW50LCBxdWUgdHJhdGEgb3MgY29udmlkYWRvcyBjb20gZGVkaWNhw6fDo28gZSBjb3J0ZXNpYS4=,,W0V4Zm9saWFkb3JdCkVsIHNlw7FvciBpbmNsdXNvIHBlcm1pdGnDsyBxdWUgc3UgYWx0ZXphIG5vcyB2aXNpdGFyYSwgeSBhdW5xdWUgZXMgZ2VuZXJvc28gY29tbyB1c3RlZCBkaWNlLCBlc28gZXMsIGhhc3RhIGVsIGZpbmFsLCB1bmEgbXVlc3RyYSBkZSBzaW5jZXJpZGFkIHkgYnVlbmEgdm9sdW50YWQgaGFjaWEgdW5hIGludml0YWRhLgpMZSBydWVnbyBxdWUgbm8gaWdub3JlIGxhIGJ1ZW5hIHZvbHVudGFkIGRlbCBzZcOxb3IgVmFybXVudCwgcXVlIGxlIGJyaW5kYSBkZWRpY2FjacOzbiB5IGNvcnRlc8OtYSBhIHVuYSBpbnZpdGFkYS4=
kOjOBw,,QWNxdWlyaW5nIHByb3BlcnR5IGZyb20gb25lIHVuYWJsZSB0byBleHByZXNzIGludGVudCBpcyB1bmxhd2Z1bCBzZWl6dXJlLg==,,,,,RWxhIHTDoSBxdWVyZW5kbyBzZXIgYSByYWluaGEgZGEgc2F1bmEu,,QWRxdWlyaXIgdW4gaW5tdWVibGUgZGUgYWxndWllbiBxdWUgbm8gcHVlZGUgZXhwcmVzYXIgc3Ugdm9sdW50YWQgZXMgdW5hIGV4cHJvcGlhY2nDs24gaWxlZ2FsLg==
kejOBw,,W1ByaW5jZXNzXQpUaGF0IGlzIG5vdCBzby4gSWYgb25lIHJlc2lkZXMgbG9uZy10ZXJtIHdpdGhpbiBhIHByb3BlcnR5IG93bmVkIGJ5IGFub3RoZXIsIHRoYXQgcHJvcGVydHkgYmVjb21lcyB0aGUgcmVzaWRlbnQncy4gVGhhdCBpcyBob3cgc2V0dGxlbWVudHMgYXJlIG1hZGUuCk9yIGhvdyBhYm91dCB0aGlzPyBSZWNvZ25pemUgbWUgYXMgdGhlIHNvbGUgbGVnaXRpbWF0ZSBoZWlyIHRvIFZhcm11bnQncyBsZWdhY3kuIFRoZW4gZHVyaW5nIGhpcyBhYnNlbmNlLCBjb3VsZCBJIG5vdCBjbGFpbSByaWdodGZ1bCBvd25lcnNoaXA/,,,,,W1ByaW5jZXNhXQpOw6NvIMOpIGlzc28uIFNlIGFsZ3XDqW0gbW9yYSBwb3IgbXVpdG8gdGVtcG8gZW0gdW0gaW3Ds3ZlbCwgZW50w6NvIGVzc2UgaW3Ds3ZlbCBwYXNzYSBhIHNlciBkbyBtb3JhZG9yLiDDiSBhc3NpbSBxdWUgZnVuY2lvbmEuCk91IGVudMOjbywgcXVlIHRhbCBpc3RvPyBSZWNvbmhlw6dhbS1tZSBjb21vIGEgw7puaWNhIGhlcmRlaXJhIGxlZ8OtdGltYSBlIG9maWNpYWwgZGEgaGVyYW7Dp2EgZGUgVmFybXVudC4gQXNzaW0sIGR1cmFudGUgYSBhdXPDqm5jaWEgZGUgVmFybXVudCwgZXUgcG9kZXJpYSByZWl2aW5kaWNhciBhIHBvc3NlIGRlIGZvcm1hIGxlZ8OtdGltYSwgbsOjbyBwb2RlcmlhPw==,,W1ByaW5jZXNhXQpObyBlcyBhc8OtLiBTaSB1bm8gaGEgcmVzaWRpZG8gZHVyYW50ZSBsYXJnbyB0aWVtcG8gZW4gdW4gaW5tdWVibGUgZXNwZWPDrWZpY28gcXVlIHRpZW5lIGR1ZcOxbywgZXNlIGlubXVlYmxlIHBhc2EgYSBzZXIgZGVsIHJlc2lkZW50ZS4gQXPDrSBlcyBjb21vIHRvZG9zIHNlIGVzdGFibGVjZW4geSB2aXZlbi4Kwr9PIHF1w6kgbGUgcGFyZWNlIGVzdG8/IFJlY29uw7N6Y2FubWUgY29tbyBsYSDDum5pY2EgaGVyZWRlcmEgbGVnw610aW1hIGRlIGxhIGhlcmVuY2lhIGRlIFZhcm11bnQuIEVudG9uY2VzLCBkdXJhbnRlIGxhIGF1c2VuY2lhIGRlIFZhcm11bnQsIMK/bm8gcG9kcsOtYSByZWNsYW1hciB1bmEgcG9zZXNpw7NuIGxlZ8OtdGltYT8=
kujOBw,,V2FpdCwgaXMgbXkgY29tbW9uIHNlbnNlIHdyb25nPyBJcyB0aGF0IG5vcm1hbD8=,,,,,RWxhIHBlcmRldSBhIG5vw6fDo28/IQ==,,RXNwZXJhLCDCv21pIHNlbnRpZG8gY29tw7puIGVzdMOhIG1hbD8gwr9Fc28gZXMgbm9ybWFsPw==
k+jOBw,,SXQgc291bmRzIHBsYXVzaWJsZSwgYnV0IHRoZSBtb3JlIHlvdSBsaXN0ZW4sIHRoZSBzdHJhbmdlciBpdCBnZXRzLiBEaWQgc2hlIGp1c3QgYXNrIHRvIGJlIGFkb3B0ZWQgYnkgVmFybXVudD8=,,,,,RWxhIHF1ZXIgYSBoZXJhbsOnYSBkZSBWYXJtdW50PyE=,,U3VlbmEgcGxhdXNpYmxlLCBwZXJvIHNpIGxvIGVzY3VjaGFzIGJpZW4gZXMgcmFyby4gwr9BY2FiYSBkZSBkZWNpciBxdWUgVmFybXVudCBsYSBhZG9wdGU/
lOjOBw,,SSBzdXBwb3NlLi4uIHNvPw==,,,,,TWV0ZXUgYSBsZWkgZGUgdXN1Y2FwacOjbyBuYSBjYXJhIGR1cmEh,,wr9Fc28uLi4gY3Jlbz8=
lejOBw,,W1NjcnViYnldClRoZSByaWdodGZ1bCBvd25lciBvZiB0aGlzIGVzdGF0ZSBhbmQgYmF0aGhvdXNlIGlzIExvcmQgVmFybXVudCwgYW5kIGV2ZW4gYSBsb25nLXRlcm0gcmVzaWRlbnQgY2Fubm90IGNsYWltIG93bmVyc2hpcC4KVGhhdCBtYXR0ZXIgc2hvdWxkIGJlIGRpc2N1c3NlZCBkaXJlY3RseSB3aXRoIExvcmQgVmFybXVudCB1cG9uIGhpcyByZXR1cm4uIEl0IGlzIG5vdCBmb3IgdXMgbWVyZSBzZXJ2YW50cyB0byBkZWNpZGUu,,,,,W0VzZnJpZ2FdCk8gbGVnw610aW1vIHByb3ByaWV0w6FyaW8gZGVzdGEgbWFuc8OjbyBlIGRlc3RhIHNhdW5hIMOpIG8gc2VuaG9yIFZhcm11bnQsIGUgbWVzbW8gdW0gbW9yYWRvciBkZSBsb25nYSBkYXRhIG7Do28gcG9kZSByZWl2aW5kaWNhciBhIHByb3ByaWVkYWRlLgpFc3NhIHF1ZXN0w6NvIHNlcsOhIGRpc2N1dGlkYSBkaXJldGFtZW50ZSBjb20gbyBzZW5ob3IgVmFybXVudCBxdWFuZG8gZWxlIHJldG9ybmFyLiBOw6NvIGNhYmUgYSBuw7NzLCBtZXJhcyBlbXByZWdhZGFzLCBkZWNpZGlyIGlzc28u,,W0V4Zm9saWFkb3JdCkVsIGxlZ8OtdGltbyBkdWXDsW8gZGUgZXN0YSBtYW5zacOzbiB5IGRlIGVzdGUgYmHDsW8gZXMgZWwgc2XDsW9yIFZhcm11bnQsIHkgYXVucXVlIHNlIHJlc2lkYSBhcXXDrSBwb3IgbGFyZ28gdGllbXBvLCBubyBzZSBwdWVkZSByZWNsYW1hciBsYSBwcm9waWVkYWQuCkVzZSBhc3VudG8gc2UgZGlzY3V0aXLDoSBkaXJlY3RhbWVudGUgY3VhbmRvIGVsIHNlw7FvciBWYXJtdW50IHJlZ3Jlc2UuIE5vIGVzIGFsZ28gc29icmUgbG8gcXVlIGRlYmFtb3MgaGFibGFyIG5vc290cm9zLCBxdWUgbm8gc29tb3MgbcOhcyBxdWUgc2lydmllbnRlcy4=
lujOBw,,UmVhbCBlc3RhdGUgaXMgZnJpZ2h0ZW5pbmdseSB0ZW1wdGluZy4=,,,,,VG9kbyBtdW5kbyBxdWVyIHVtIHRlcnJlbm8sIG7DqSBtZW5pbmE/,,TG9zIGlubXVlYmxlcyBkYW4gdW4gbWllZG8gZGUgbG8gY29kaWNpYWJsZXMgcXVlIHNvbi4=
l+jOBw,,UGVvcGxlIGxpa2UgdXMgbXVzdCBmb2xsb3cgdGhlIHdheSBvZiBjb21pbmcgZW1wdHktaGFuZGVkIGFuZCBsZWF2aW5nIGVtcHR5LWhhbmRlZC4=,,,,,RSBhIGdlbnRlIGNvbSB1bWEgbcOjbyBuYSBmcmVudGUgZSBvdXRyYSBhdHLDoXMu,,TG9zIGRlIG51ZXN0cmEgY2xhc2UgZGViZW1vcyBzZWd1aXIgZXNvIGRlIHZlbmlyIGNvbiBsYXMgbWFub3MgdmFjw61hcyBlIGlybm9zIGNvbiBsYXMgbWFub3MgdmFjw61hcy4=
mOjOBw,,V2h5IGFyZSB5b3UgdHJ5aW5nIHRvIHRha2UgcHJvcGVydHkgd2hlbiB0aGUgbWFzdGVyIGlzbid0IGV2ZW4gaGVyZT8gUmlkaWN1bG91cy4=,,,,,UHJhIHF1w6ogc2UgYXBvc3NhciBkZSBjb2lzYXMgcXVlIG7Do28gc8OjbyBzdWFzPw==,,RWwgc2XDsW9yIG5vIGVzdMOhLCDCv3kgcG9yIHF1w6kgaW5zaXN0ZSBlbiBsbGV2YXJzZSBsYSBwcm9waWVkYWQ/IFF1w6kgcmlkw61jdWxvLg==
mejOBw,,VGhlcmUgaXMgbmVpdGhlciBsb2dpYyBub3Igc29saWQgYmFzaXMgaW4gdGhhdCBjbGFpbS4=,,,,,TsOjbyBow6EgbMOzZ2ljYSBuYSBhbGVnYcOnw6NvLCBlIGEgZnVuZGFtZW50YcOnw6NvIMOpIGZyYWNhLg==,,TGEgYWZpcm1hY2nDs24gbm8gdGllbmUgbMOzZ2ljYSB5IHN1cyBmdW5kYW1lbnRvcyBzb24gZW5kZWJsZXMu
mujOBw,,W1ByaW5jZXNzXQpTZWNyZXRzIGxpZSBoaWRkZW4gdGhyb3VnaG91dCB0aGlzIGVzdGF0ZS4gVGhpcyBiYXRoaG91c2UgaXMgbm8gZXhjZXB0aW9uLiBUaG91Z2ggaXQgbWF5IGFwcGVhciBoYXBoYXphcmRseSBidWlsdCBhY2NvcmRpbmcgdG8gcGFzc2luZyBpbnRlcmVzdHMgYW5kIHRhc3RlcywgdGhlcmUgaXMgYSBjZXJ0YWluIG9yZGVyIHRvIGl0LgpJdCBtYXkgc2VlbSB0aGF0IHRoZSBwYXRocyBhcmUgYXJyYW5nZWQgYWNjb3JkaW5nIHRvIGJhdGhpbmcgc2VxdWVuY2UgYW5kIHdhdGVyIHRlbXBlcmF0dXJlLCB5ZXQgYXMgd2l0aCBhbGwgdGhpbmdzIGluIHRoaXMgZXN0YXRlLCBldmVuIHRoYXQgZmxvdyBpcyBpdHNlbGYgYSBtZWFuaW5nZnVsIGFjdC4=,,,,,W1ByaW5jZXNhXQpIw6Egc2VncmVkb3MgZXNjb25kaWRvcyBwb3IgdG9kYSBlc3RhIG1hbnPDo28uIEVzdGEgc2F1bmEgbsOjbyDDqSBkaWZlcmVudGUuIMOAIHByaW1laXJhIHZpc3RhLCBwYXJlY2UgZGVzb3JkZW5hZGEsIG1hcyB0ZW0gc3VhcyBwcsOzcHJpYXMgcmVncmFzLgpQYXJlY2UgcXVlIGFzIHJvdGFzIGZvcmFtIHRyYcOnYWRhcyBjb25mb3JtZSBhIG9yZGVtIGRhIHNhdW5hIGUgYSB0ZW1wZXJhdHVyYSBkYSDDoWd1YS4gVHVkbyBuZXN0YSBtYW5zw6NvIMOpIGNoZWlvIGRlIHNpZ25pZmljYWRvcy4=,,W1ByaW5jZXNhXQpFbiBjYWRhIHJpbmPDs24gZGUgZXN0YSBtYW5zacOzbiBzZSBlc2NvbmRlbiBzZWNyZXRvcy4gRXN0ZSBiYcOxbyB0YW1iacOpbi4gQSBzaW1wbGUgdmlzdGEgcGFyZWNlIGNvbnN0cnVpZG8gZGUgZm9ybWEgY2HDs3RpY2EsIHNlZ8O6biBlbCBmbHVqbyBkZSBndXN0b3MgZSBpbnRlcmVzZXMsIHBlcm8gdGllbmUgc3VzIHByb3BpYXMgcmVnbGFzLgpQYXJlY2UgcXVlIGxhcyBydXRhcyBlc3TDoW4gdHJhemFkYXMgc2Vnw7puIGVsIG9yZGVuIGRlbCBiYcOxbywgc2Vnw7puIGxhIHRlbXBlcmF0dXJhIGRlbCBhZ3VhLCBwZXJvLCBjb21vIHRvZG8gZW4gZXN0YSBtYW5zacOzbiwgaW5jbHVzbyBlc2FzIHJ1dGFzIHNvbiB1biBhY3RvIGNvbiBzaWduaWZpY2Fkby4=
m+jOBw,,W1ByaW5jZXNzXQpQbGFjZXMgdGhhdCByZWNlaXZlIHN1bmxpZ2h0IGFuZCBtb29ubGlnaHQsIGNlaWxpbmdzIHdoZXJlIHRoYXQgbGlnaHQgc2hpbW1lcnMgdXBvbiB0aGUgd2F0ZXIuIEFuZCB0aG9zZSBkcmFpbmFnZSBwaXBlcy4uLiBUaGV5IHdlcmUgYnVpbHQgZm9yIHNvbWUgZ3JhbmQgcmVzZWFyY2ggYmV5b25kIGNvbW1vbiB1bmRlcnN0YW5kaW5nLiBUaGlzIGlzIG5vIG1lcmUgYmF0aGhvdXNlLg==,,,,,W1ByaW5jZXNhXQpVbSBsdWdhciBxdWUgcG9kZSByZWNlYmVyIGEgbHV6IGRvIHNvbCBlIGRhIGx1YSwgbyB0ZXRvIG9uZGUgZXNzYSBsdXogc2UgcmVmbGV0ZSBuYSDDoWd1YS4gQWzDqW0gZGlzc28sIGFxdWVsZXMgY2Fub3MgZGUgZHJlbmFnZW0uLi4gZm9yYW0gZmVpdG9zIHBhcmEgYWxndW1hIGdyYW5kZSBwZXNxdWlzYS4gT3Ugc2VqYSwgbsOjbyDDqSB1bWEgc2ltcGxlcyBzYXVuYS4=,,W1ByaW5jZXNhXQpVbiBsdWdhciBkb25kZSBwdWVkZSByZWNpYmlyIGxhIGx1eiBkZWwgc29sIHkgZGUgbGEgbHVuYSwgdW4gdGVjaG8gZG9uZGUgZXNhIGx1eiBzZSByZWZsZWphIHkgdGl0aWxhIHNvYnJlIGVsIGFndWEuIFkgYWRlbcOhcywgZXNvcyB0dWJvcyBkZSBkZXNhZ8O8ZS4uLiBTb24gY29zYXMgaGVjaGFzIHBhcmEgYWxnw7puIGdyYW4gZXN0dWRpbyBxdWUgdW4gY3JpbWluYWwgbm8gcG9kcsOtYSBjb21wcmVuZGVyLiBObyBlcyB1biBzaW1wbGUgYmHDsW8u
nOjOBw,,W1ByaW5jZXNzXQpJcyB0aGVyZSBldmVuIG9uZSBhbW9uZyB5b3Ugd2hvIHVuZGVyc3RhbmRzIGV2ZW4gYSBzaW5nbGUgcGFydCBvZiBhbGwgdGhpcz8gVmFybXVudCB3b3VsZCBub3Qgd2lzaCB0aGlzIGJhdGhob3VzZSB0byBiZSBhYmFuZG9uZWQgYW5kIGZvcmdvdHRlbiBmb3IgbG9uZy4KV2l0aGluIHRoaXMgcGxhY2UgbGllcyB0aGUgcG93ZXIgdG8gcmVwYXkgdGhlIGh1bWlsaWF0aW9uIEkgaGF2ZSBlbmR1cmVkIGluIG15IGxpZmV0aW1lLiBXaHkgc2hvdWxkIEkgbm90IG1ha2UgdXNlIG9mIGl0Pw==,,,,,W1ByaW5jZXNhXQpIw6EgYWxndcOpbSBhcXVpLCBlbnRyZSBuw7NzLCBxdWUgY29tcHJlZW5kYSBhbyBtZW5vcyB1bWEgw7puaWNhIGNvaXNhIGRlIHR1ZG8gaXN0bz8gTmVtIG8gVmFybXVudCBkZXNlamFyaWEgcXVlIGVzdGEgc2F1bmEgcGVybWFuZWNlc3NlIGFiYW5kb25hZGEgZSBxdWUgc3VhIGV4aXN0w6puY2lhIGZvc3NlIGVzcXVlY2lkYSBwb3IgdGFudG8gdGVtcG8uCkFxdWkgdGVtIHVtIHBvZGVyIGNhcGF6IGRlIHJldHJpYnVpciB0b2RhIGEgaHVtaWxoYcOnw6NvIHF1ZSBzb2ZyaSBuYSB2aWRhLiBQb3IgcXVlIGV1IG7Do28gcG9kZXJpYSB1c8OhLWxvPw==,,W1ByaW5jZXNhXQrCv0hheSBhbGd1aWVuIGFxdcOtIHF1ZSBlbnRpZW5kYSBhdW5xdWUgc2VhIHVuYSBzb2xhIGRlIHRvZGFzIGVzdGFzIGNvc2FzPyBWYXJtdW50IHRhbXBvY28gZGVzZWFyw6EgcXVlIGVzdGUgYmHDsW8gcXVlZGUgYWJhbmRvbmFkbyB5IHF1ZSBzdSBzaWduaWZpY2FkbyBzZWEgb2x2aWRhZG8gZHVyYW50ZSB0YW50byB0aWVtcG8uCkFxdcOtIGhheSB1biBwb2RlciBjYXBheiBkZSBkZXZvbHZlciBsYSBodW1pbGxhY2nDs24gcXVlIGhlIHJlY2liaWRvIGVuIHZpZGEuIMK/UXXDqSByYXrDs24gaGFicsOtYSBwYXJhIG5vIHVzYXJsbz8=
nejOBw,,W1NjcnViYnldCkkgc2hhbGwgc2F5IHRoaXMgb25jZSBtb3JlLiBBbGwgZGVjaXNpb25zIG11c3QgYmUgbWFkZSBieSBMb3JkIFZhcm11bnQgaGltc2VsZi4gTmVpdGhlciB3ZSBzZXJ2YW50cyBub3IgeW91LCBQcmluY2VzcywgbWF5IGRlY2lkZSBzdWNoIG1hdHRlcnMu,,,,,W0VzZnJpZ2FdClJlcGV0aW5kby4gVG9kYXMgYXMgZGVjaXPDtWVzIGRldmVtIHNlciB0b21hZGFzIGRpcmV0YW1lbnRlIHBlbG8gc2VuaG9yIFZhcm11bnQuIE7Do28gw6kgYWxnbyBxdWUgbsOzcywgZW1wcmVnYWRhcywgbmVtIFZvc3NhIEFsdGV6YSwgY29tbyBjb252aWRhZGEsIHBvc3NhbW9zIGRlY2lkaXIu,,W0V4Zm9saWFkb3JdClNlIGxvIHJlcGl0byB1bmEgdmV6IG3DoXMuIFRvZGFzIGxhcyBkZWNpc2lvbmVzIGRlYmUgdG9tYXJsYXMgZWwgc2XDsW9yIFZhcm11bnQgZW4gcGVyc29uYS4gTm8gZXMgdW4gYXN1bnRvIHF1ZSBkZWJhbW9zIGRlY2lkaXIgbm9zb3Ryb3MsIHN1cyBzaXJ2aWVudGVzLCBuaSBzdSBhbHRlemEsIHF1ZSBlcyB1bmEgaW52aXRhZGEu
nujOBw,,SG93IGRvIHlvdSBpbnRlbmQgdG8gZ2F0aGVyIHlvdXIgZm9yY2VzPw==,,,,,RSBjb21vIHByZXRlbmRlIHNlIHZpbmdhcj8=,,wr9ZIGPDs21vIHBpZW5zYSByZXVuaXIgZnVlcnphcz8=
n+jOBw,,W1ByaW5jZXNzXQpXb3VsZCBpdCBub3Qgc3VmZmljZSB0byBwZXJzdWFkZSB0aGUgc3Ryb25nIHdobyBjb21lIGhlcmU/IEFzIGl0IGhhcHBlbnMsIHNvbWUgc3RhbmQgYmVmb3JlIG1lIG5vdy4=,,,,,W1ByaW5jZXNhXQrDiSBzw7MgY29udmVuY2VyIHZvY8OqcyBhIG1lIG9iZWRlY2VyZW0sIG7Do28/IFZvY8OqcyBzw6NvIG9zIGNvbWJhdGVudGVzIG1haXMgZm9ydGVzIHF1ZSBjb25oZWNpLg==,,W1ByaW5jZXNhXQrCv05vIGJhc3RhIGNvbiBhdHJhZXIgYSBsb3MgZnVlcnRlcyBlbnRyZSBxdWllbmVzIGhhbiB2ZW5pZG8gYSBlc3RlIGx1Z2FyPyBKdXN0byBhaG9yYSB0ZW5nbyBhIHVubyBkZWxhbnRlIGRlIG1pcyBvam9zLg==
oOjOBw,,W1Jvb2tpZV0KSG93IGRvIHlvdSBpbnRlbmQgdG8gbWFrZSB1cyB5b3VyIHN1Ym9yZGluYXRlcz8gWW91IHNob3VsZCBzdHJlbmd0aGVuIHlvdXJzZWxmIGZpcnN0LgpJZiB5b3UgZm9ybSBhIGZhY3Rpb24gYmVmb3JlIGdhaW5pbmcgc3RyZW5ndGgsIGl0IHdpbGwgb25seSBjcnVtYmxlIG9yIGJlIHRha2VuIGZyb20geW91Lg==,,,,,W0x1a2llXQpDb21vIGEgUHJpbmNlc2EgcHJldGVuZGUgbm9zIHRvcm5hciBzZXVzIHN1Ym9yZGluYWRvcz8gQWNobyBxdWUgc2VyaWEgbWVsaG9yIHByaW1laXJvIHNlciBtYWlzIGZvcnRlIHF1ZSBuw7NzLgpTZSBhbGd1w6ltIGZvciBtYWlzIGZvcnRlIHF1ZSB2b2PDqiwgw6kgY2FwYXogZGUgdm9jw6ogc2VyIHN1Ym9yZGluYWRhIGEgZWxlLCBuw6NvIGNvbmNvcmRhPw==,,W0x1a2llXQrCv0PDs21vIHByZXRlbmRlIGNvbnZlcnRpcm5vcyBlbiBzdXMgc3Vib3JkaW5hZG9zPyBDcmVvIHF1ZSBwcmltZXJvIHNlcsOtYSBtZWpvciBxdWUgZm9ydGFsZWNpZXJhIHN1IHBvZGVyLgpBdW5xdWUgZm9ybWUgdW5hIGZhY2Npw7NuIGFudGVzIGRlIHRlbmVyIHBvZGVyLCDCv25vIGFjYWJhcsOtYSBwb3IgZGVzbW9yb25hcnNlIGbDoWNpbG1lbnRlIG8gcG9yIHNlciBhcnJlYmF0YWRhPw==
oejOBw,,W1ByaW5jZXNzXQouLi5UaGVyZSBpcyBubyBuZWVkIHRvIHB1dCBpdCBzbyBibHVudGx5LiBJIGtub3cgd2VsbCB0aGF0IEkgYW0gd2Vhay4gWWV0IEkgZG8gbm90IGtub3cgd2hhdCBJIHNob3VsZCBkby4=,,,,,W1ByaW5jZXNhXQouLi4gRXUgc2VpIG11aXRvIGJlbSBxdWUgc291IGZyYWNhLiBNYXMgbsOjbyBzZWkgbyBxdWUgZGV2byBmYXplci4=,,W1ByaW5jZXNhXQouLi4gSW5jbHVzbyBzaW4gcXVlIGxvIGRpZ2FzIGFzw60sIHPDqSBiaWVuIHF1ZSBzb3kgZMOpYmlsLiBQZXJvIG5vIHPDqSBxdcOpIGRlYm8gaGFjZXIu
oujOBw,,V2hldy4uLiBXaGF0IGlzIHRoaXMgYXRtb3NwaGVyZS4uLg==,,,,,w4kuLi4gbsOjbyBmaWNhIGFzc2ltIG7Do28uLi4gcHJpbmNlc2E=,,R3VhdS4uLiDCv3F1w6kgZXMgZXN0ZSBhbWJpZW50ZS4uLj8=
o+jOBw,,WW91IGNvdWxkIHVuZGVyZ28gdHJhaW5pbmcu,,,,,QmFzdGEgdHJlaW5hci4=,,U2kgcmVjaWJlIGVudHJlbmFtaWVudG8sIGJhc3RhcsOhLg==
pOjOBw,,W1ByaW5jZXNzXQpUcmFpbmluZy4uLj8gQnV0IHdpdGggd2hvbS4uLiBBaC4uLiE=,,,,,W1ByaW5jZXNhXQpUcmVpbmFyLi4uPyBNYXMgY29tIHF1ZW0uLi4gQWguLi4h,,W1ByaW5jZXNhXQrCv0VudHJlbmFtaWVudG8uLi4/IFBlcm8gwr9jb24gcXVpw6luLi4uIGFoLi4uIQ==
pejOBw,,SSBzdWRkZW5seSBoYXZlIGEgYmFkIGZlZWxpbmcgYWJvdXQgdGhpcy4=,,,,,SWlpaCwgbMOhIHZlbS4=,,RGUgcmVwZW50ZSB0ZW5nbyB1bmEgc2Vuc2FjacOzbiBpbnF1aWV0YW50ZS4=
pujOBw,,V2h5IGlzIHNoZSBsb29raW5nIGF0IHVzIGxpa2UgdGhhdD8=,,,,,UG9yIHF1ZSBlbGEgdMOhIG9saGFuZG8gYXNzaW0gcHJhIGdlbnRlPw==,,wr9Qb3IgcXXDqSBub3MgbWlyYSBhc8OtPw==
p+jOBw,,W1ByaW5jZXNzXQpZb3UgYWxsIGFwcGVhciBxdWl0ZSBzdHJvbmcuIFdvdWxkIHlvdSBzcGFyIHdpdGggbWU/IEkgaGF2ZSBubyBtZWFucyB0byBwcm90ZWN0IG15c2VsZi4gSSBzdXJ2aXZlZCBvbmx5IGJlY2F1c2UgSSB3YXMgdGhlIHdlYWtlc3QuClNvIHBsZWFzZSB0ZWFjaCBtZSBob3cgdG8gc3Vydml2ZSBhbmQgZmlnaHQu,,,,,W1ByaW5jZXNhXQpWb2PDqnMgcGFyZWNlbSBtdWl0byBmb3J0ZXMuLi4gbsOjbyBhY2VpdGFyaWFtIHRyZWluYXIgY29taWdvPyBFdSBuZW0gc2VxdWVyIHRlbmhvIG1laW9zIGRlIG1lIHByb3RlZ2VyLCBlIHNvYnJldml2aSBhcGVuYXMgZnVnaW5kby4KUG9yIGlzc28sIGV1IGdvc3RhcmlhIHF1ZSBtZSBlbnNpbmFzc2VtIGEgbHV0YXIu,,W1ByaW5jZXNhXQpVc3RlZGVzIHNlIHZlbiBtdXkgZnVlcnRlcywgwr9ubyBxdWVycsOtYW4gZW50cmVuYXIgY29ubWlnbz8gTm8gdGVuZ28gbWVkaW9zIHBhcmEgcHJvdGVnZXJtZSwgeSBzaSBoZSBzb2JyZXZpdmlkbyBlcyBwb3JxdWUgZXJhIGVsIG3DoXMgZMOpYmlsLgpBc8OtIHF1ZSBxdWlzaWVyYSBxdWUgbWUgZW5zZcOxYXJhbiBjw7NtbyBzb2JyZXZpdmlyIHkgbHVjaGFyLg==
qOjOBw,,QXMgZXhwZWN0ZWQuLi4=,,,,,RXUgc2FiaWEuLi4=,,Q29tbyBlcmEgZGUgZXNwZXJhci4uLg==
qejOBw,,W01hZ2VudGFdClRoYXQgc291bmRzIGZ1bi4gUHJpbmNlc3MsIHdpbGwgeW91IHVzZSBhIGd1biB0b28/IFdlIG9ubHkga25vdyBob3cgdG8gc2hvb3QgZ3Vuc+KAlHdvdWxkIHRoYXQgYmUgYWxyaWdodD8gSSdtIGZpbmUgd2l0aCBpdC4gRnJvbSByZXZvbHZlcnMgdG8gR2F0bGluZ3MsIHdlIGhhdmUgYSB2YXJpZXR5LiBUYWtlIHlvdXIgcGljay4=,,,,,W01hZ2VudGFdCklzc28gcGFyZWNlIGRpdmVydGlkby4gQSBzZW5ob3JpdGEgcHJpbmNlc2Egc2FiZSBhdGlyYXI/IE7Ds3MgdGVtb3MgcmV2w7NsdmVyLCBlc2NvcGV0YSwgcmlmbGUsIG1ldHJhbGhhZG9yYSwgbGFuw6dhLWdyYW5hZGFzLCDDqSBzw7MgZXNjb2xoZXIgbyBxdWUgcHJlZmVyaXIu,,W01hZ2VudGFdCkVzbyBzdWVuYSBkaXZlcnRpZG8uIMK/TGEgc2XDsW9yaXRhIHByaW5jZXNhIHRhbWJpw6luIHZhIGEgZGlzcGFyYXI/IE5vc290cmFzIHNvbG8gc2FiZW1vcyBkaXNwYXJhciwgwr9lc3RhcsOhIGJpZW4/IEEgbcOtIG1lIGRhIGlndWFsLiBEZXNkZSByZXbDs2x2ZXIgaGFzdGEgZ2F0bGluZywgaGF5IHZhcmllZGFkLCBlbGlqYSBhIHN1IGd1c3RvLg==
qujOBw,,W1Jvb2tpZV0KRm9yIHNvbWVvbmUgd2hvIGxpdmVzIHByaW1hcmlseSBpbiB3YXRlciwgY29tYmF0IHVzaW5nIGFtbXVuaXRpb24gd291bGQgbm90IHN1aXQgeW91LiBJdCB3b3VsZCBiZSBiZXR0ZXIgdG8gc2VlayBhc3Npc3RhbmNlIGZyb20gdGhlIEFkdmVudHVyZXIgcmF0aGVyIHRoYW4gdXMu,,,,,W0x1a2llXQpQYXJhIGFsZ3XDqW0gcXVlIHZpdmUgbmEgw6FndWEsIGFybWFzIG7Do28gY29tYmluYW0uIEVudMOjbywgZW0gdmV6IGRlIG7Ds3MsIHNlcmlhIG1lbGhvciBwZWRpciBhanVkYSBhbyB2aWFqYW50ZS4=,,W0x1a2llXQpQYXJhIGFsZ3VpZW4gcXVlIHZpdmUgcHJpbmNpcGFsbWVudGUgZW4gZWwgYWd1YSwgdW4gY29tYmF0ZSB1c2FuZG8gbXVuaWNpw7NuIG5vIGVzIGFkZWN1YWRvLiBBc8OtIHF1ZSBzZXLDrWEgbWVqb3IgcXVlLCBlbiBsdWdhciBkZSBub3NvdHJhcywgbGUgcGlkaWVyYSBheXVkYSBhbCB0cm90YW11bmRvcy4=
q+jOBw,,W1ByaW5jZXNzXQpJcyB0aGF0IHNvLi4uPyBBZHZlbnR1cmVyLCBpZiB5b3UgYXJlIHdpbGxpbmcsIHdvdWxkIHlvdSBzcGFyIHdpdGggbWUgZnJvbSB0aW1lIHRvIHRpbWU/,,,,,W1ByaW5jZXNhXQpTw6lyaW8uLi4/IFNlIG8gdmlhamFudGUgbsOjbyBzZSBpbXBvcnRhciwgZXUgZ29zdGFyaWEgcXVlLCBkZSB2ZXogZW0gcXVhbmRvLCB0cmVpbmFzc2UgY29taWdvLiBPIHF1ZSBhY2hhPw==,,W1ByaW5jZXNhXQrCv0Vzby4uLj8gU2kgYSB0aSwgdHJvdGFtdW5kb3MsIG5vIHRlIGltcG9ydGEsIG1lIGd1c3RhcsOtYSBxdWUgZGUgdmV6IGVuIGN1YW5kbyBlbnRyZW5hcmFzIGNvbm1pZ28sIMK/cXXDqSBkaWNlcz8=
rOjOBw,,VmVyeSB3ZWxsLiBJdCBpcyBubyBkaWZmaWN1bHQgdGFzay4=,,,,,VHVkbyBiZW0uIE7Do28gw6kgbmFkYSBkaWbDrWNpbC4=,,SGFnw6Ftb3Nsby4gTm8gZXMgYWxnbyBkaWbDrWNpbC4=
rejOBw,,W1ByaW5jZXNzXQpJIGFtIHRydWx5IGdyYXRlZnVsLiBJIHNoYWxsIGxvb2sgZm9yd2FyZCB0byBtZWV0aW5nIHlvdS4KQW5kIEkgYXBvbG9naXplIGZvciB0aGUgdW5pbnRlbmRlZCB0cm91YmxlIEkgY2F1c2VkIHlvdS4gWWV0IGlzIGl0IG5vdCBzYWlkIHRoYXQgZnJpZW5kc2hpcCBmb3JnZWQgdGhyb3VnaCBjb25mbGljdCBncm93cyBzdHJvbmdlcj8gQXJlIHdlIG5vdCBmZWxsb3cgZ3Vlc3RzIG9mIFZhcm11bnQ/,,,,,W1ByaW5jZXNhXQpTb3UgcmVhbG1lbnRlIGdyYXRhLiBGaWNhcmVpIGFndWFyZGFuZG8gbm9zc28gZW5jb250cm8uCkFsw6ltIGRpc3NvLCBhY2FiZWkgY2F1c2FuZG8gdHJhbnN0b3JubyBhIHZvY8OqcyBzZW0gcXVlcmVyLiBQZXJkb2VtLW1lLiBNYXMgbsOjbyDDqSB2ZXJkYWRlIHF1ZSBhIGFtaXphZGUgc2UgdG9ybmEgYWluZGEgbWFpcyBmb3J0ZSBlbSBtZWlvIGEgY29uZmxpdG9zPyBBZmluYWwsIHNvbW9zIHRvZG9zIGNvbnZpZGFkb3MgZG8gbWVzbW8gVmFybXVudC4=,,W1ByaW5jZXNhXQpEZSB2ZXJkYWQsIG11Y2hhcyBncmFjaWFzLiBFc3Blcm8gY29uIGFuc2lhcyBudWVzdHJvIGVuY3VlbnRyby4KQWRlbcOhcywgc2luIHF1ZXJlciBsZXMgaGUgY2F1c2FkbyBtb2xlc3RpYXMuIFBlcmTDs25lbm1lLiBQZXJvIGxhIGFtaXN0YWQgcXVlIHNlIGNvbXBhcnRlIGVudHJlIGFtaWdvcywgwr9ubyBzZSB2dWVsdmUgbcOhcyBmaXJtZSBlbiBtZWRpbyBkZSBsYXMgZGlzcHV0YXM/IFNvbW9zIGh1w6lzcGVkZXMgZGVsIG1pc21vIFZhcm11bnQsIMK/bm8/
rujOBw,,RnJpZW5kcz8gU2luY2Ugd2hlbj8=,,,,,QW1pemFkZT8gRGVzZGUgcXVhbmRvPw==,,wr9BbWlnb3M/IMK/RGVzZGUgY3XDoW5kbz8=
r+jOBw,,W1NjcnViYnldCkhhdmUgeW91IGNvbmNsdWRlZCB5b3VyIGRpc2N1c3Npb24/IHswfSwgdGhhbmsgeW91IHNpbmNlcmVseSBmb3IgeW91ciBhc3Npc3RhbmNlLiBQbGVhc2UgYWNjZXB0IHRoaXMgc21hbGwgdG9rZW4gb2YgYXBwcmVjaWF0aW9uLg==,,,,,W0VzZnJpZ2FdCkrDoSB0ZXJtaW5hcmFtIGRlIGNvbnZlcnNhcj8gT2JyaWdhZGEgcG9yIHR1ZG8sIHswfS4gSXN0byDDqSB1bWEgcGVxdWVuYSByZWNvbXBlbnNhLg==,,W0V4Zm9saWFkb3JdCsK/WWEgaGFuIHRlcm1pbmFkbyBkZSBoYWJsYXI/IHswfSwgbXVjaGFzIGdyYWNpYXMgcG9yIHN1IGF5dWRhIGVuIG11Y2hvcyBhc3BlY3Rvcy4gRXN0byBlcyB1bmEgcGVxdWXDsWEgbXVlc3RyYSBkZSBhZ3JhZGVjaW1pZW50by4=
sOjOBw,,V2h5IGRvbid0IHdlIGdldCBhbnl0aGluZz8=,,,,,RSBhIGdlbnRlIG7Do28gZ2FuaGEgbmFkYT8=,,wr9ZIGEgbm9zb3Ryb3MgcG9yIHF1w6kgbm8gbm9zIGRhbj8=
sejOBw,,V2Ugb25seSBkaWQgd2hhdCB3ZSB3ZXJlIHN1cHBvc2VkIHRvLiBUaGUgQWR2ZW50dXJlciBpcyB0aGUgb25lIHdobyBoZWxwZWQu,,,,,QSBnZW50ZSDDqSB1bSBOUEMsIGNhcmEu,,Tm9zb3Ryb3Mgc29sbyBoaWNpbW9zIG51ZXN0cm8gdHJhYmFqby4gRWwgdHJvdGFtdW5kb3MgZnVlIHF1aWVuIGF5dWTDsy4=
sujOBw,,W0JvaWxhXQpBZHZlbnR1cmVyLCBjb21lIHRvIHRoZSBib2lsZXIgcm9vbSB3aGVuIHlvdSBhcmUgZnJlZS4gTGV0IHVzIGRvIGEgdGFzayB0b2dldGhlci4KV2Ugc2hhbGwgdGFrZSBvdXIgbGVhdmUgbm93Lg==,,,,,W0NhbGRpcmFdClZpYWphbnRlLCBxdWFuZG8gdGl2ZXIgdW0gdGVtcG8sIHZlbmhhIMOgIHNhbGEgZGEgY2FsZGVpcmEuIFZhbW9zIHRyYWJhbGhhciBqdW50b3MuCkVudMOjbywgbsOzcyB2YW1vcyBpbmRvLg==,,W0NhbGRlcmFdClRyb3RhbXVuZG9zLCBjdWFuZG8gdGVuZ2EgdGllbXBvLCB2ZW5nYSBhIGxhIHNhbGEgZGUgY2FsZGVyYXMuIEhhZ2Ftb3MgdW4gdHJhYmFqbyBqdW50b3MuCkVudG9uY2VzLCBub3NvdHJvcyBub3MgaXJlbW9zIHlhLg==
s+jOBw,,W1NjcnViYnldCklmIHlvdSByZXF1aXJlIGFueXRoaW5nLCBwbGVhc2Ugc2VlayB1cyBhdCBhbnkgdGltZS4gQW5kIG15IGFwb2xvZ2llcyBvbmNlIG1vcmUgdG8gYWxsIG9mIHlvdSBmb3IgdGhlIHVuaW50ZW5kZWQgZGlzY291cnRlc3ku,,,,,W0VzZnJpZ2FdClNlIHByZWNpc2FyZW0gZGUgYWxnbywgcG9yIGZhdm9yLCB2ZW5oYW0gbm9zIHByb2N1cmFyIGEgcXVhbHF1ZXIgbW9tZW50by4gVGFtYsOpbSBwZcOnbyBkZXNjdWxwYXMgcG9yIHF1YWxxdWVyIGZhbHRhIGRlIGNvcnRlc2lhIHBhcmEgY29tIG9zIGNvbnZpZGFkb3Mu,,W0V4Zm9saWFkb3JdCkVudG9uY2VzLCBzaSBuZWNlc2l0YSBhbGdvLCBwb3IgZmF2b3IgdmVuZ2EgY3VhbmRvIHF1aWVyYS4gVGFtYmnDqW4gYSB1c3RlZGVzLCBlc3RpbWFkb3MgaHXDqXNwZWRlcywgbGVzIGhlIGZhbHRhZG8gYWwgcmVzcGV0byBzaW4gcXVlcmVyIGVuIG11Y2hhcyBvY2FzaW9uZXMu
tOjOBw,,W1Jvb2tpZV0KV2UgZm91bmQgR29uaSBhbmQgY29uZmlybWVkIHRoZXJlIGlzIG5vIGRhbmdlciBpbiB0aGUgYmF0aGhvdXNlLCBzbyBsZXQgdXMgYmUgb24gb3VyIHdheS4KQWR2ZW50dXJlciwgdGhhbmsgeW91IHNpbmNlcmVseSBmb3IgaGVscGluZyB3aXRoIHRoZSBzZWFyY2ggZm9yIEdvbmku,,,,,W0x1a2llXQpFbmNvbnRyYW1vcyBvIEdvbmllIGUgdGFtYsOpbSBjb25maXJtYW1vcyBxdWUgbsOjbyBow6EgcGVyaWdvIG5hIHNhdW5hLCBlbnTDo28gdmFtb3MgaW5kby4KVmlhamFudGUsIG11aXRvIG9icmlnYWRvIHBvciBhanVkYXIgbmEgYnVzY2EgcG9yIEdvbmllLg==,,W0x1a2llXQpZYSBoZW1vcyBlbmNvbnRyYWRvIGEgR29uaSB5IHRhbWJpw6luIGhlbW9zIGNvbmZpcm1hZG8gcXVlIG5vIGhheSBwZWxpZ3JvIGVuIGxvcyBiYcOxb3MsIGFzw60gcXVlIHbDoW1vbm9zIHlhLgpUcm90YW11bmRvcywgbXVjaGFzIGdyYWNpYXMgcG9yIGF5dWRhcm5vcyBlbiBsYSBiw7pzcXVlZGEgZGUgR29uaS4=
tejOBw,,U2VlIHlvdSBhZ2FpbiwgZGVhciE=,,,,,QXTDqSBicmV2ZSEh,,Q2FyacOxbywgwqFub3MgdmVtb3Mgb3RyYSB2ZXoh
tujOBw,,W1ByaW5jZXNzXQpZb3Ugc2hvdWxkIGJlIG9uIHlvdXIgd2F5IGFzIHdlbGwuIFVudGlsIG5leHQgdGltZS4=,,,,,W1ByaW5jZXNhXQpFdSB0YW1iw6ltIGRldm8gaXIgYWdvcmEuIEF0w6kgYSBwcsOzeGltYS4=,,W1ByaW5jZXNhXQpTZXLDoSBtZWpvciBxdWUgdMO6IHRhbWJpw6luIHRlIHZheWFzIHlhLiBOb3MgdmVyZW1vcyBkZSBudWV2byBsYSBwcsOzeGltYSB2ZXou
t+jOBw,,W01lcm1haWRdClRoaXMgc3BhciB3YXMgZW5qb3lhYmxlIGFzIHdlbGwuIEkgYW0gZ2xhZCBJIHJlZ2lzdGVyZWQgYXMgYSBndWVzdC4gUGxlYXNlIGFjY2VwdCB0aGlzIHNtYWxsIHRva2VuIGZyb20gbWUu,,,,,W1ByaW5jZXNhXQpFc3RlIHRyZWlubyB0YW1iw6ltIGZvaSBwcmF6ZXJvc28uIEFjaG8gcXVlIGZpeiBiZW0gZW0gYWNlaXRhciBzdWEgYWp1ZGEuIElzdG8gw6kgdW1hIHBlcXVlbmEgcHJvdmEgZGUgY29uc2lkZXJhw6fDo28gcGFyYSB2b2PDqi4=,,W1ByaW5jZXNhXQpUYW1iacOpbiBoZSBkaXNmcnV0YWRvIGRlIGVzdGUgZHVlbG8uIENyZW8gcXVlIGhpY2UgYmllbiBlbiByZWdpc3RyYXJ0ZSBjb21vIGh1w6lzcGVkLiBFc3RvIGVzIHVuYSBwZXF1ZcOxYSBtdWVzdHJhIGRlIG1pIGdyYXRpdHVkIHBhcmEgdGku
uOjOBw,,W01lcm1haWRdClRoaXMgc3BhciB3YXMgZW5qb3lhYmxlIGFzIHdlbGwuIEkgYW0gZ2xhZCBJIHJlZ2lzdGVyZWQgYXMgYSBndWVzdC4gSSB3b3VsZCBvZmZlciB5b3UgYSBzbWFsbCB0b2tlbiwgYnV0IGl0IHNlZW1zIHlvdSBoYXZlIGFscmVhZHkgcmVjZWl2ZWQgaXQu,,,,,W1ByaW5jZXNhXQpFc3RlIHRyZWlubyB0YW1iw6ltIGZvaSBwcmF6ZXJvc28uIEV1IHF1ZXJpYSBsaGUgb2ZlcmVjZXIgdW1hIHBlcXVlbmEgcHJvdmEgZGUgY29uc2lkZXJhw6fDo28uLi4gbWFzIHBhcmVjZSBxdWUgdm9jw6ogasOhIHJlY2ViZXUsIG7Do28gw6k/,,W1ByaW5jZXNhXQpUYW1iacOpbiBoZSBkaXNmcnV0YWRvIGRlIGVzdGUgZHVlbG8uIENyZW8gcXVlIGhpY2UgYmllbiBlbiByZWdpc3RyYXJ0ZSBjb21vIGh1w6lzcGVkLiBRdWlzaWVyYSBvZnJlY2VydGUgdW5hIHBlcXVlw7FhIG11ZXN0cmEgZGUgbWkgZ3JhdGl0dWQsIMK/cGVybyBwYXJlY2UgcXVlIHlhIGxhIGhhcyByZWNpYmlkbz8=
uejOBw,,W01lcm1haWRdClZlcnkgd2VsbC4gSG93ZXZlciwgSSBzaGFsbCBub3QgcmVtYWluIGZvciBsb25nLCBzbyBkbyBjb21lIHF1aWNrbHku,,,,,W1ByaW5jZXNhXQpNdWl0byBiZW0uIFBvcsOpbSwgbsOjbyBmaWNhcmVpIGFxdWkgcG9yIHRhbnRvIHRlbXBvLCBlbnTDo28gdmVuaGEgbG9nby4=,,W1ByaW5jZXNhXQpIYXpsby4gUGVybyBjb21vIGVsIHRpZW1wbyBxdWUgcGVybWFuZWNlcsOpIGFxdcOtIG5vIHNlcsOhIG11eSBsYXJnbywgdmVuIGEgYnVzY2FybWUgZGVwcmlzYS4=
uujOBw,,W01lcm1haWRdClVuZGVyc3Rvb2QuIEkgaG9wZSB0byBzZWUgeW91IGF0IG91ciBuZXh0IHNwYXIu,,,,,W1ByaW5jZXNhXQpFbnRlbmRvLiBFdSBnb3N0YXJpYSBkZSBwb2RlciB2ZXIgdm9jw6ogbm8gcHLDs3hpbW8gdHJlaW5vLg==,,W1ByaW5jZXNhXQpFbnRlbmRpZG8uIE9qYWzDoSBwdWVkYSB2ZXJ0ZSBlbiBlbCBwcsOzeGltbyBkdWVsby4=
u+jOBw,,W01lcm1haWRdCkV2ZW4gaWYgeW91IGNvbWUgdG8gbWUgbm93LCB0aGVyZSBpcyBub3RoaW5nIEkgY2FuIG9mZmVyIHlvdS4=,,,,,W1ByaW5jZXNhXQpQb3Igb3JhLCBtZXNtbyBxdWUgdmVuaGEgbWUgcHJvY3VyYXIsIG7Do28gaMOhIG5hZGEgcXVlIGV1IHBvc3NhIGZhemVyIHBvciB2b2PDqi4=,,W1ByaW5jZXNhXQpBaG9yYSwgYXVucXVlIHZlbmdhcyBhIHZlcm1lLCBubyBoYXkgbmFkYSBxdWUgcHVlZGEgaGFjZXIgcG9yIHRpLg==
vOjOBw,,W01lcm1haWRdCkFoLi4uIEkgYXBwZWFyIHRvIGhhdmUgdGFrZW4gdGhlIHdyb25nIHBhdGguIEZvcmdpdmUgbWUgZm9yIGludHJ1ZGluZyB1cG9uIGFub3RoZXIncyBob21lLg==,,,,,W1ByaW5jZXNhXQpBaC4uLiDDqSwgw6kuLi4gYWNobyBxdWUgcGVndWVpIG8gY2FtaW5obyBlcnJhZG8uIERlc2N1bHBlIGFwYXJlY2VyIGRlIHJlcGVudGUu,,W1ByaW5jZXNhXQpBaC4uLiBlLWVzdG8uLi4gcGFyZWNlIHF1ZSBtZSBoZSBlcXVpdm9jYWRvIGRlIGNhbWluby4gTGFtZW50byBoYWJlciBpcnJ1bXBpZG8gZGUgcmVwZW50ZSBlbiBjYXNhIGFqZW5hLg==
vejOBw,,R29uaQ==,,,,,R29uaWU=,,R29uaQ==
vujOBw,,VGhlIE1lcm1haWQgaXMgYXQ=,,,,,QSBQcmluY2VzYSBBenVyZSBlc3TDoSBlbQ==,,TGEgUHJpbmNlc2EgQXp1cmUgZXN0w6E=
v+jOBw,,YmFfYmF0aC5nYXQgezB9IHsxfQ==,,,,,YmFfYmF0aC5nYXQgezB9IHsxfQ==,,YmFfYmF0aC5nYXQgezB9IHsxfeyXkCDsnojsnYw=
wOjOBw,,VGhlIE1lcm1haWQgaXMgZ29uZS4gU2hlIHdhcyBkZWZlYXRlZCBhdCB7MH0u,,,,,QSBQcmluY2VzYSBBenVyZSBtb3JyZXUgw6BzIHswfS4=,,Tm8gaGF5IFByaW5jZXNhIEF6dXJlLiBNdXJpw7MgYSBsYXMgezB9Lg==
wejOBw,,QSBidWZmIG11c3QgYmUgYWN0aXZlIG5vdy4=,,,,,VW0gYnVmZiBlc3TDoSBzZW5kbyBkYWRvLg==,,QWhvcmEgZGViZXLDrWEgZXN0YXIgZGFuZG8gZWwgYnVmZi4=
wujOBw,,Tm8gYnVmZiBpcyBhY3RpdmUgbm93Lg==,,,,,VW0gYnVmZiBOw4NPIGVzdMOhIHNlbmRvIGRhZG8u,,QWhvcmEgbm8gZGEgZWwgYnVmZi4=
w+jOBw,,V291bGQgeW91IGxpa2UgdG8gZXhwZXJpZW5jZSB0aGUgYnVmZj8=,,,,,UXVlciBleHBlcmltZW50YXIgbyBidWZmPw==,,wr9RdWllcmVzIHByb2JhciBlbCBidWZmPw==
xOjOBw,,Tm8=,,,,,TsOjbw==,,Tm8=
xejOBw,,WWVz,,,,,U2lt,,U8Ot
xujOBw,,VW5kZXJzdG9vZC4=,,,,,RW50ZW5kaS4=,,RGUgYWN1ZXJkby4=
x+jOBw,,UHlvcm9yb25n,,,,,VGNoYXJhbSE=,,UHlvcm9yb25n
yOjOBw,,UHJpbmNlc3Mgb2YgQXp1cmU=,,,,,UHJpbmNlc2EgQXp1cmU=,,UHJpbmNlc2EgQXp1cmU=
yejOBw,,TWVybWFpZDogU3BhciB3aXRoIG1lLg==,,,,,UHJpbmNlc2EgQXp1cmU6IFRyZWluZSBjb21pZ28u,,UHJpbmNlc2EgQXp1cmU6IEJhdMOtb3MgY29ubWlnby4=
yujOBw,,TWVybWFpZDogVGhpcyBzcGFyIHdhcyBlbmpveWFibGUgYXMgd2VsbC4gQ29tZSB0byByZWNlaXZlIGEgc21hbGwgdG9rZW4gZnJvbSBtZS4=,,,,,UHJpbmNlc2EgQXp1cmU6IE8gdHJlaW5vIGZvaSBkaXZlcnRpZG8uIFZlbmhhIG1lIHByb2N1cmFyIHBhcmEgdW1hIHJlY29tcGVuc2Eu,,UHJpbmNlc2EgQXp1cmU6IFRhbWJpw6luIGhlIGRpc2ZydXRhZG8gZGUgZXN0ZSBkdWVsby4gUXVpc2llcmEgbW9zdHJhcm9zIHVuYSBwZXF1ZcOxYSBtdWVzdHJhIGRlIG1pIGdyYXRpdHVkLCBhc8OtIHF1ZSB2ZW5pZCBhIHZlcm1lLg==
y+jOBw,,Q2xlYW5pbmcgd2lsbCBiZWdpbi4gUGxlYXNlIHJlbW92ZSBhbnkgV2F0ZXJ3ZWVkIHlvdSBzZWUu,,,,,RGFyZW1vcyBpbsOtY2lvIMOgIGxpbXBlemEuIFJlbW92YSB0b2RvIG8gbG9kbyBxdWUgZW5jb250cmFyLg==,,Q29tZW56YXJlbW9zIGxhIGxpbXBpZXphLiBFbGltaW5hZCB0b2RhIGxhIEhpZXJiYSBBY3XDoXRpY2EgcXVlIHZlw6Fpcy4=
zOjOBw,,Q2xlYW5pbmcgUm9ib3Q=,,,,,R2VyZW50ZSBkYSBTYXVuYQ==,,Um9ib3QgZGUgTGltcGllemE=
zejOBw,,U2NydWJieTogQ2xlYW5pbmcgaXMgY29tcGxldGUuIENvbWUgdG8gbWUgYW5kIEkgd2lsbCBncmFudCB5b3UgdGhlIEJhdGggQWRkaXRpdmUgZWZmZWN0IGZvciBhIHNob3J0IHRpbWUu,,,,,RXNmcmlnYTogTGltcGV6YSBjb25jbHXDrWRhLiBWZW5oYSByZWNlYmVyIGFsZ3VucyBTYWlzIGRlIEJhbmhvLg==,,RXhmb2xpYWRvciA6IExhIGxpbXBpZXphIGhhIHRlcm1pbmFkby4gU2kgdmVuw61zIGEgdmVybWUsIG9zIG90b3JnYXLDqSBwb3IgdW4gbW9tZW50byBlbCBlZmVjdG8gZGUgQWRpdGl2byBkZSBCYcOxby4=
zujOBw,,SXQgaXMgY3VycmVudGx5IHswfS4KMCA6IENsZWFuaW5nIGF2YWlsYWJsZQoxfjUwIE1vbnN0ZXJzIGRlZmVhdGVkCjEwMCBDbGVhbmluZyBSb2JvdCBhcHBlYXJzCjEwMSBCYXRoIEFkZGl0aXZlIEEKMTAyIEJhdGggQWRkaXRpdmUgQgoxMDMgQmF0aCBBZGRpdGl2ZSBDCjEwNSBDb29sZG93biBhZnRlciBidWZmIGVuZHM=,,,,,VmFsb3IgYXR1YWw6IHswfS4KMDogTGltcGV6YSBkaXNwb27DrXZlbAoxfjUwOiBNb25zdHJvcyBtb3J0b3MKMTAwOiBHZXJlbnRlIGFwYXJlY2UKMTAxOiBTYWlzIGRlIEJhbmhvIEEKMTAyOiBTYWlzIGRlIEJhbmhvIEIKMTAzOiBTYWlzIGRlIEJhbmhvIEMKMTA1OiBUZW1wbyBkZSBlc3BlcmE=,,QWhvcmEgZXMgezB9LgowIDogU2UgcHVlZGUgbGltcGlhcgoxfjUwIE1vbnN0cnVvcyBkZXJyb3RhZG9zCjEwMDogQXBhcmVjZSBSb2JvdCBkZSBMaW1waWV6YQoxMDE6IFNhbGVzIGRlIEJhw7FvIEEKMTAyOiBTYWxlcyBkZSBCYcOxbyBCCjEwMzogU2FsZXMgZGUgQmHDsW8gQwoxMDU6IFRpZW1wbyBkZSBlc3BlcmE=
z+jOBw,,V2F0ZXJ3ZWVk,,,,,TG9kbw==,,SGllcmJhIEFjdcOhdGljYQ==
0OjOBw,,V2F0ZXJ3ZWVkIGRvZXMgbm90IHB1bGwgb3V0IGVhc2lseS4gVHJ5IGFnYWluLg==,,,,,TyBsb2RvIG7Do28gc2FpdSBjb20gZmFjaWxpZGFkZS4gVmFtb3MgdGVudGFyIGRlIG5vdm8u,,Tm8gc2UgYXJyYW5jYSBiaWVuIGxhIEhpZXJiYSBBY3XDoXRpY2EuIEludGVudMOpbW9zbG8gZGUgbnVldm8u
0ejOBw,,V2F0ZXJ3ZWVkIGhhcyBiZWVuIHJlbW92ZWQuIFNlYXJjaCBmb3IgYW5vdGhlciBXYXRlcndlZWQu,,,,,TyBsb2RvIGZvaSByZW1vdmlkby4gVmFtb3MgcHJvY3VyYXIgb3V0cm9zIGxvZG9zLg==,,U2UgaGEgYXJyYW5jYWRvIGxhIEhpZXJiYSBBY3XDoXRpY2EuIEJ1c3F1ZW1vcyBvdHJhIEhpZXJiYSBBY3XDoXRpY2Eu
0ujOBw,,xaBwcmluZyBvZiBXaXNkb20=,,,,,xpJvbnRlIGRhIMWgYWJlZG9yaWE=,,TWFuYW50aWFsIGRlIGxhIFNhYmlkdXLDrWE=
0+jOBw,,XjMzMDAzM+KAuSDFoHByaW5nIG9mIFdpc2RvbSAtIEdyYW5kIMOfYXRoIOKAul4wMDAwMDAKXjMzMDAzM1RoZSBvbGRlc3QgYW5kIG1vc3QgcmVub3duZWQgYmF0aCBpbiB0aGUgVmFybXVudCBFc3RhdGUuIEltbWVyc2UgeW91cnNlbGYgYW5kIGNvbnRlbXBsYXRlIHRoZSBkZWVwZXN0IGFuZCBtb3N0IGRpZmZpY3VsdCBtYXR0ZXJzIG9mIHlvdXIgaGVhcnQuIFN1cmVseSB0aGUgYW5zd2VyIHdpbGwgY29tZSB0byB5b3UuXjAwMDAwMA==,,,,,XjMzMDAzM+KAuSDGkm9udGUgZGEgxaBhYmVkb3JpYSDigLpeMDAwMDAwCl4zMzAwMzPDiSBhIHBpc2NpbmEgbWFpcyBhbnRpZ28gZSBtYWlzIGZhbW9zYSBkYSBtYW5zw6NvIGRlIFZhcm11bnQuIE1lcmd1bGhlIG5lc3RhIGdyYW5kZSBwaXNjaW5hIGUgcmVmbGl0YSwgbm8gZnVuZG8gZG8gc2V1IGNvcmHDp8Ojbywgc29icmUgYXMgY29pc2FzIG1haXMgcHJvZnVuZGFzIGUgbWFpcyBkaWbDrWNlaXMuIENlcnRhbWVudGUsIGEgcmVzcG9zdGEgc3VyZ2lyw6EuXjAwMDAwMA==,,XjMzMDAzM+KAuSBNYW5hbnRpYWwgZGUgbGEgU2FiaWR1csOtYSAtIEdyYW4gYmHDsW8g4oC6XjAwMDAwMApeMzMwMDMzRXMgZWwgYmHDsW8gbcOhcyBhbnRpZ3VvIHkgbcOhcyBmYW1vc28gZGUgbGEgbWFuc2nDs24gZGUgVmFybXVudC4gU3VtZXJnw61vcyBlbiBlc3RlIGdyYW4gYmHDsW8geSBwZW5zYWQgZW4gbG8gbcOhcyBwcm9mdW5kbyBkZSB2dWVzdHJvIGNvcmF6w7NuLCBlbiBsYXMgY29zYXMgbcOhcyBkaWbDrWNpbGVzLiBTaW4gZHVkYSwgbGEgcmVzcHVlc3RhIG9zIHZlbmRyw6EgYSBsYSBtZW50ZS5eMDAwMDAw
1OjOBw,,xaBwcmluZyBvZiBDb2xkIFJlYXNvbg==,,,,,xpJvbnRlIGRhIFJhesOjbyBGcmlh,,TWFuYW50aWFsIGRlIGxhIFJhesOzbiBGcsOtYQ==
1ejOBw,,XjAwMDBDROKAuSDFoHByaW5nIG9mIENvbGQgUmVhc29uIC0gQ29sZCDDn2F0aOKAul4wMDAwMDAKXjAwMDBDRElmIHlvdSB3aXNoIHRvIHNoYXJwZW4geW91ciByZWFzb24gdG8gYW4gaWN5IGVkZ2UsIGltbWVyc2UgeW91cnNlbGYgaW4gdGhpcyBjb2xkIGJhdGguIFRoZSBjaGlsbGluZyB3YXRlcnMgd2lsbCBnYXRoZXIgeW91ciBzY2F0dGVyZWQgbWluZC5eMDAwMDAw,,,,,XjAwMDBDROKAuSDGkm9udGUgZGEgUmF6w6NvIEZyaWEg4oC6XjAwMDAwMApeMDAwMENEU2UgZGVzZWphIG1lcmd1bGhhciBuZXN0YSBwaXNjaW5hIGZyaWEgZSBjb3J0YW50ZSBjb21vIG8gZ2VsbywgZmHDp2Etby4gTyBmcmlvIHF1ZSBoYWJpdGEgZXN0YSBwaXNjaW5hIHJldW5pcsOhIHN1YSBtZW50ZSBkaXNwZXJzYSBlbSB1bSBzw7MgbHVnYXIuXjAwMDAwMA==,,XjAwMDBDROKAuSBNYW5hbnRpYWwgZGUgbGEgUmF6w7NuIEZyw61hIC0gQmHDsW8gZnLDrW8g4oC6IF4wMDAwMDAKXjAwMDBDRFNpIHF1ZXLDqWlzIGFmaWxhciB2dWVzdHJhIHJhesOzbiBoYXN0YSBxdWUgc2VhIHRhbiBmcsOtYSBjb21vIHBhcmEgaGVsYXIgeSB0YW4gYWd1ZGEgY29tbyBlbCBoaWVsbywgc3VtZXJnw61vcyBlbiBlc3RlIGJhw7FvIGZyw61vLiBFbCBmcsOtbyBxdWUgaGFiaXRhIGVuIGVsIGJhw7FvIHJldW5pcsOhIHZ1ZXN0cmEgbWVudGUgZGlzcGVyc2EuXjAwMDAwMA==
1ujOBw,,xaBwcmluZyBvZiBTdGFycw==,,,,,Rm9udGUgZGFzIOKCrHN0cmVsYXM=,,TWFuYW50aWFsIGRlIGxhcyBFc3RyZWxsYXM=
1+jOBw,,4oC5IMWgcHJpbmcgb2YgU3RhcnMgLSBUZXBpZCDDn2F0aCDigLoKV2UgY2Fubm90IHRvdWNoIHRoZSBzdGFycyB0aGF0IGhhbmcgaW4gdGhlIG5pZ2h0IHNreS4gWWV0IG1lcmVseSBnYXppbmcgdXBvbiB0aGVtIGFsbG93cyB1cyB0byBmZWVsIHRoZSB3YXJtdGggb2YgdGhlaXIgYmVhdXR5LiBUaGUgc2hpbW1lcmluZyByZWZsZWN0aW9ucyBzY2F0dGVyZWQgdXBvbiB0aGUgd2F0ZXIncyBzdXJmYWNlIHdpbGwgZ3JhbnQgeW91IG1hbnkgaW5zcGlyYXRpb25zLg==,,,,,4oC5IMaSb250ZSBkYXMg4oKsc3RyZWxhcyDigLoKTsOjbyBwb2RlbW9zIHRvY2FyIGFzIGVzdHJlbGFzIHF1ZSBmbHV0dWFtIG5hcXVlbGUgY8OpdSBub3R1cm5vLiBNYXMgYXBlbmFzIGFvIGNvbnRlbXBsw6EtbGFzLCBwb2RlbW9zIHNlbnRpciBhIHRlbXBlcmF0dXJhIGRlIHN1YSBiZWxlemEuIE8gYnJpbGhvIGNpbnRpbGFudGUgZGFzIGVzdHJlbGFzLCBmcmFnbWVudGFkbyBlIG9uZHVsYW5kbyBzb2JyZSBhIHN1cGVyZsOtY2llIGRhIMOhZ3VhLCBsaGUgdHJhcsOhIGRpdmVyc2FzIGluc3BpcmHDp8O1ZXMu,,4oC5IE1hbmFudGlhbCBkZSBsYXMgRXN0cmVsbGFzIC0gQmHDsW8gdGVtcGxhZG8g4oC6Ck5vIHBvZGVtb3MgdG9jYXIgbGFzIGVzdHJlbGxhcyBxdWUgZmxvdGFuIGVuIGVsIGNpZWxvIG5vY3R1cm5vLiBQZXJvIGNvbiBzb2xvIG1pcmFybGFzLCBwb2RlbW9zIHNlbnRpciBsYSB0ZW1wZXJhdHVyYSBkZSBzdSBiZWxsZXphLiBFbCBicmlsbG8gZGUgbGFzIGVzdHJlbGxhcywgaGVjaG8gYcOxaWNvcyB5IG9uZHVsYW50ZSBzb2JyZSBsYSBzdXBlcmZpY2llIGRlbCBhZ3VhLCBvcyBkYXLDoSBkaXZlcnNhcyBpbnNwaXJhY2lvbmVzLg==
2OjOBw,,xaBwcmluZyBvZiBCZW5ldm9sZW5jZQ==,,,,,xpJvbnRlIGRhIMOfZW5ldm9sw6puY2lh,,TWFuYW50aWFsIGRlIGxhIEJlbmV2b2xlbmNpYQ==
2ejOBw,,XkNDMDBDQ+KAuSDFoHByaW5nIG9mIEJlbmV2b2xlbmNlIC0gV2FybSDDn2F0aCDigLpeMDAwMDAwCl5DQzAwQ0NJZiB5b3VyIGhlYXJ0IGlzIHRyb3VibGVkIGFuZCB3ZWFyeSwgYW5kIHlvdSBoYXZlIGV2ZXIgd2lzaGVkIHRvIGxlYW4gdXBvbiBhIGdlbnRsZSB3YXJtdGgsIHRoZW4gY29tZSBub3cuIEF0IHRoZSBtb3N0IHN1aXRhYmxlIHRlbXBlcmF0dXJlLCB3ZSBvZmZlciBjb21mb3J0IHRvIGJvdGggYm9keSBhbmQgbWluZC5eMDAwMDAw,,,,,XkNDMDBDQ+KAuSDGkm9udGUgZGEgw59lbmV2b2zDqm5jaWEg4oC6XjAwMDAwMApeQ0MwMENDU2UgasOhIGRlc2Vqb3UgcG9kZXIgc2UgYXBvaWFyIGVtIHVtIHBvbnRvIGRlIGNhbG9yIHF1YW5kbyBvIGNvcmHDp8OjbyBlc3TDoSBjb25mdXNvIGUgc29mcmlkbywgZW50w6NvIHZlbmhhIGFnb3JhLiBBanVkYXJlbW9zIGEgZXN0YWJpbGl6YXIgY29ycG8gZSBtZW50ZSBuYSB0ZW1wZXJhdHVyYSBtYWlzIGFkZXF1YWRhLl4wMDAwMDA=,,XkNDMDBDQ+KAuSBNYW5hbnRpYWwgZGUgbGEgQmVuZXZvbGVuY2lhIC0gQmHDsW8gY2FsaWVudGUg4oC6XjAwMDAwMApeQ0MwMENDU2kgYWxndW5hIHZleiBoYWLDqWlzIGRlc2VhZG8gcG9kZXIgYXBveWFyb3MgZW4gdW4gcHVudG8gZGUgY2FsaWRleiBjdWFuZG8gZWwgY29yYXrDs24gZXN0w6EgY29uZnVzbyB5IGxvIGVzdMOhaXMgcGFzYW5kbyBtYWwsIHkgc2kgZXNlIG1vbWVudG8gZXMgYWhvcmEsIHZlbmlkLiBPcyBheXVkYXJlbW9zIGEgY2FsbWFyIGN1ZXJwbyB5IG1lbnRlIGNvbiBsYSB0ZW1wZXJhdHVyYSBtw6FzIGFkZWN1YWRhLl4wMDAwMDA=
2ujOBw,,xaBwcmluZyBvZiBQYXRpZW5jZQ==,,,,,xpJvbnRlIGRhIFBhY2nDqm5jaWE=,,TWFuYW50aWFsIGRlIGxhIFBhY2llbmNpYQ==
2+jOBw,,XkZGMzMwMOKAuSDFoHByaW5nIG9mIFBhdGllbmNlIC0gSG90IMOfYXRoIOKAul4wMDAwMDAKXkZGMzMwMFBhdGllbmNlIGlzIGJpdHRlciwgeWV0IGl0cyBmcnVpdCBpcyBzd2VldC4gSW1tZXJzZSB5b3Vyc2VsZiBpbiB0aGlzIGhvdCBiYXRoIGFuZCBlbmR1cmUsIHJlbGVhc2luZyBhbmQgYnVybmluZyBhd2F5IGFsbCB0aGF0IGhhcyBhY2N1bXVsYXRlZCB3aXRoaW4geW91LiBXaGVuIHlvdSBlbWVyZ2UsIHlvdSBzaGFsbCBmZWVsIGxpZ2h0ZXIuXjAwMDAwMA==,,,,,XkZGMzMwMOKAuSDGkm9udGUgZGEgUGFjacOqbmNpYSDigLpeMDAwMDAwCl5GRjMzMDBBIHByZXNzYSDDqSBhIGluaW1pZ2EgZGEgcGVyZmVpw6fDo28uIE1lcmd1bGhlIG5lc3RhIHBpc2NpbmEgZXNjYWxkYW50ZSBlIGxpYmVyZSB0dWRvIG8gcXVlIHNlIGFjdW11bG91IGRlbnRybyBkbyBzZXUgY29ycG8sIHF1ZWltYW5kby1vIHBvciBjb21wbGV0by4gQW8gc2Fpciwgdm9jw6ogc2Ugc2VudGlyw6EgbXVpdG8gbWFpcyBsZXZlLl4wMDAwMDA=,,XkZGMzMwMOKAuSBNYW5hbnRpYWwgZGUgbGEgUGFjaWVuY2lhIC0gQmHDsW8gbXV5IGNhbGllbnRlIOKAul4wMDAwMDAKXkZGMzMwMExhIHBhY2llbmNpYSBlcyBhbWFyZ2EgeSBzdSBmcnV0byBlcyBkdWxjZS4gU3VtZXJnw61vcyBlbiBlbCBiYcOxbyBtdXkgY2FsaWVudGUsIHNvcG9ydGFkbG8geSBsaWJlcmFkIHkgcXVlbWFkIHRvZG8gbG8gYWN1bXVsYWRvIGVuIHZ1ZXN0cm8gaW50ZXJpb3IuIEN1YW5kbyBzYWxnw6FpcyBkZWwgYmHDsW8sIG9zIHNlbnRpcsOpaXMgbcOhcyBsaWdlcm9zLl4wMDAwMDA=
3OjOBw,,xaBwcmluZyBvZiBIdW1pbGl0eQ==,,,,,xpJvbnRlIGRhIEh1bWlsZGFkZQ==,,TWFuYW50aWFsIGRlIGxhIEh1bWlsZGFk
3ejOBw,,XkVFMDAwMOKAuSDFoHByaW5nIG9mIEh1bWlsaXR5IC0gU2NhbGRpbmcgw59hdGgg4oC6XjAwMDAwMApeRUUwMDAwV2FybmluZyEgSW4gdGVzdGluZyB5b3VyIGxpbWl0cywgeW91IG1heSBjb21lIHRvIGxlYXJuIGh1bWlsaXR5Ll4wMDAwMDA=,,,,,XkVFMDAwMOKAuSDGkm9udGUgZGEgSHVtaWxkYWRlIOKAul4wMDAwMDAKXkVFMDAwMEF2aXNvISBBbyB0ZW50YXIgdGVzdGFyIHNldXMgbGltaXRlcywgdm9jw6ogcG9kZSBhY2FiYXIgYXByZW5kZW5kbyBodW1pbGRhZGUuXjAwMDAwMA==,,XkVFMDAwMOKAuSBNYW5hbnRpYWwgZGUgbGEgSHVtaWxkYWQgLSBCYcOxbyBzdXBlcmNhbGllbnRlIOKAul4wMDAwMDAKXkVFMDAwMMKhQWR2ZXJ0ZW5jaWEhIFNpIGludGVudGFzIHBvbmVyIGEgcHJ1ZWJhIHR1cyBsw61taXRlcywgcG9kcsOtYXMgYWNhYmFyIGFwcmVuZGllbmRvIGh1bWlsZGFkLl4wMDAwMDA=
3ujOBw,,Rm9vdMOfYXRo,,,,,TGF2YS3DvsOpcw==,,QmHDsW8gZGUgUGllcw==
3+jOBw,,4oC5IEZvb3TDn2F0aCDigLoKSXQgbmVlZCBub3QgYmUgZ3JhbmQuIEF0IGxlYXN0IHNvYWsgeW91ciBmZWV0IGJlZm9yZSB5b3UgZ28u,,,,,4oC5IExhdmEtw77DqXMg4oC6CsOJIHVtYSBwc2ljaW5hIGRlIMOhZ3VhIHJhc2EgcGFyYSBtb2xoYXIgb3MgcMOpcyBhbnRlcyBkZSBpciBlbWJvcmEu,,4oC5IEJhw7FvIGRlIFBpZXMg4oC6Ck5vIGhhY2UgZmFsdGEgbmFkYSBncmFuZGlvc28uIEFsIG1lbm9zLCBzdW1lcmdlIGxvcyBwaWVzIGFudGVzIGRlIGlydGUu
4OjOBw,,TmFtZWxlc3MgxaBwcmluZw==,,,,,xpJvbnRlIMOQZXNjb25oZWNpZGE=,,TWFuYW50aWFsIFNpbiBOb21icmU=
4ejOBw,,XjAwNjYwMOKAuSBOYW1lbGVzcyDFoHByaW5nIOKAul4wMDAwMDAKXjAwNjYwMFdoZW4geW91IHdpc2ggdG8gY2FzdCBldmVyeXRoaW5nIGFzaWRlIGFuZCByZXR1cm4gdG8gbmF0dXJlJ3MgZW1icmFjZSwgeWV0IGNpcmN1bXN0YW5jZXMgZG8gbm90IHBlcm1pdCBpdCwgY29tZSBoZXJlLl4wMDAwMDA=,,,,,XjAwNjYwMOKAuSDGkm9udGUgw5Blc2NvbmhlY2lkYSDigLpeMDAwMDAwCl4wMDY2MDBRdWFuZG8gcXVpc2VyIHNlIGxpdnJhciBkZSB0dWRvIGUgdm9sdGFyIGFvIGFicmHDp28gZGEgbmF0dXJlemEsIG1hcyBhcyBjaXJjdW5zdMOibmNpYXMgbsOjbyBwZXJtaXRpcmVtLCBlbnRyZSBuZXN0YXMgw6FndWFzIGRlc2NvbmhlY2lkYXMuXjAwMDAwMA==,,XjAwNjYwMOKAuSBNYW5hbnRpYWwgU2luIE5vbWJyZSDigLpeMDAwMDAwCl4wMDY2MDBDdWFuZG8gcXVpZXJhcyBzYWN1ZGlydGUgdG9kbyB5IHZvbHZlciBhbCByZWdhem8gZGUgbGEgbmF0dXJhbGV6YSwgcGVybyBsYXMgY2lyY3Vuc3RhbmNpYXMgbm8gdGUgbG8gcGVybWl0YW4sIHZlbiBhIHZpc2l0YXJub3MuXjAwMDAwMA==
