ALGe,6rWt7Iic7IiY,R3VrIFN1bnN1,,6Z6g6aG65rSZ,,R3VrIFN1bnN1,,,R3VrIFN1bnN1,R3VrIFN1bnN1,R3VrIFN1bnN1,R3VrIFN1bnN1,R3VrIFN1bnN1
AbGe,6rWt7Iic7IiYIDog7Jqw66asIO2KueygnCDsmqnsiJjsl7wg6rWt7IiY6rCAIOynhOynnCDsm5DsobAg7L2U66qo64+EIOyghO2GteyalOumrOudvOqzoCEg7KeB7ZmUIOu4jOugiOyKpCDrp4zrkZA/IOq3uOufsCDqsbQg65Ok7Ja067O07KeA64+EIOuqu+2WiOuLpCE=,R3VrIFN1bnN1IE91ciBTcGVjaWFsIERyYWdvbiBCZWFyZCBOb29kbGVzIGFyZSB0aGUgdHJ1ZSwgb3JpZ2luYWwgdHJhZGl0aW9uYWwgZGlzaCBvZiBDb21vZG8hIENoYXJjb2FsLUJyb2lsZWQgQnJlYXRoIER1bXBsaW5nPyBJ4oCZdmUgbmV2ZXIgZXZlbiBoZWFyZCBvZiBzdWNoIG5vbnNlbnNlIQ==,,6Z6g6aG65rSZOiDmiJHku6znmoTnibnliLbpvpnpobvmsaTpnaLmiY3mmK/nnJ/mraPmraPlrpfnmoTlhYvprZTlspvkvKDnu5/mlpnnkIbvvIHnm7TngavnhY7ng6TppbrlrZDvvJ/pgqPnp43kuJzopb/miJHlkKzpg73msqHlkKzov4fvvIE=,,R3VrIFN1bnN1IDogRHJhZ29uIEJlYXJkIE5vb2RsZXMg4LiC4Lit4LiH4LiC4LmJ4Liy4LiZ4Li14LmI4LmB4Lir4Lil4LiwIOC4hOC4t+C4reC4reC4suC4q+C4suC4o+C4lOC4seC5ieC4h+C5gOC4lOC4tOC4oeC5geC4l+C5iSDguYYg4LiC4Lit4LiHIENvbW9kbyEg4LmA4LiB4Li14LmK4Lii4Lin4LiZ4Li24LmI4LiH4LmE4Lif4LmB4Lij4LiH4Lit4Liw4LmE4Lij4LiZ4Lix4LmI4LiZIOC4guC5ieC4suC5hOC4oeC5iOC5gOC4hOC4ouC5hOC4lOC5ieC4ouC4tOC4meC4iuC4t+C5iOC4reC4lOC5ieC4p+C4ouC4i+C5ieC4syE=,,,R3VrIFN1bnN1OiDCoU51ZXN0cm9zIEZpZGVvcyBkZSBiYXJiYSBkZSBkcmFnw7NuIGVzcGVjaWFsZXMgc29uIGxhIGF1dMOpbnRpY2EgZXNwZWNpYWxpZGFkIHRyYWRpY2lvbmFsIGRlIENvbW9kbyEgwr9NYW5kdSBkZSBhbGllbnRvIGEgbGEgcGFycmlsbGE/IMKhTmkgc2lxdWllcmEgaGUgb8OtZG8gaGFibGFyIGRlIGVzbyE=,R3VrIFN1bnN1IDogVW5zZXJlIFNwZXppYWwtRHJhY2hlbmJhcnQtTnVkZWxuIHNpbmQgZGFzIGVpbnppZyB3YWhyZSBPcmlnaW5hbCB1bnRlciBDb21vZG9zIFRyYWRpdGlvbnNnZXJpY2h0ZW4hIE1hbmR1IOKAnkZsYW1tZW5hdGVt4oCcPyBTbyB3YXMgaGFiIGljaCBqYSBub2NoIG5pZSBnZWjDtnJ0IQ==,R3VrIFN1bnN1IDogTm9zIE5vdWlsbGVzIHNww6ljaWFsZXMgw6AgbGEgYmFyYmUgZGUgZHJhZ29uLCBj4oCZZXN0IGxhIHZyYWllIHJlY2V0dGUgdHJhZGl0aW9ubmVsbGUgZGUgQ29tb2RvICEgRGVzIFJhdmlvbGlzIGdyaWxsw6lzIMOgIGxhIGZsYW1tZSA/IEphbWFpcyBlbnRlbmR1IHBhcmxlciAh,R3VrIFN1bnN1OiBTcGVjaWFsIERyYWdvbiBCZWFyZCBOb29kbGVzIGthbWkgYWRhbGFoIGhpZGFuZ2FuIG5hc2lvbmFsIGFzbGkgQ29tb2RvISBDaGFyY29hbC1Ccm9pbGVkIEJyZWF0aCBEdW1wbGluZz8gQWt1IHRpZGFrIHBlcm5haCBkZW5nYXIh,R3VrIFN1bnN1IDogQml6aW0gw5Z6ZWwgRWpkZXJoYSBTYWthbMSxIEVyacWfdGVzaSBnZXLDp2VrIGFzxLFsIENvbW9kbyBnZWxlbmVrc2VsIHllbWXEn2lkaXIhIEvDtm3DvHJkZSBJemdhcmEgTmVmZXMgTWFudMSxc8SxIG3EsT8gw5Z5bGUgYmlyIMWfZXlpIGR1eW1hZMSxbSBiaWxlIQ==
ArGe,W+q1reyInOyImF0K7JWE64uIIOq3uOufrOuLiOq5jCDsoJwg66eQIOyigCDrk6TslrTrs7QuLi4g7JWELCDslYTsp4Eg66qo7ZeYIOykkeydtOyLoCDrtoTsnbTsi5zqtazroKQuIOu2hOuegOyXkCDtnJjrp5Drpqzqsowg7ZWgIOyImOuKlCDsl4bqsqDrhKTsmpQuIOyCtO2OtCDqsIDsi63sh7wh,W0d1ayBTdW5zdV0KTm8sIGxpc3RlbiB0byBtZSBmb3IgYSBtb21l4oCUYWgsIEkgc2VlIHlvdeKAmXJlIHN0aWxsIG9uIGFuIGFkdmVudHVyZS4KSSBjYW7igJl0IGRyYWcgeW91IGludG8gdGhpcyBtZXNzLiBTYWZlIHRyYXZlbHMh,,W+meoOmhuua0mV0K5LiN5piv77yM5oiR5piv6K+05YWI5ZCs5oiR6K+0Li4u5ZWK77yM5L2g6L+Y5Zyo5YaS6Zmp5Lit5ZWK44CC6YKj5Y+v5LiN6IO95oqK5L2g5Y236L+b57q35LqJ6YeM44CC6Lev5LiK5bCP5b+D77yB,,W0d1ayBTdW5zdV0K4LmA4LiU4Li14LmL4Lii4Lin4LiB4LmI4Lit4LiZIOC4n+C4seC4h+C4guC5ieC4suC4geC5iOC4reC4meC4quC4tOKApuC4reC5ieC4rSDguYDguIjguYnguLLguKLguLHguIfguK3guKLguLnguYjguKPguLDguKvguKfguYjguLLguIfguIHguLLguKPguJzguIjguI3guKDguLHguKLguKrguLTguJnguLAg4LiC4LmJ4Liy4LiE4LiH4LiU4Li24LiH4LmA4LiI4LmJ4Liy4LmA4LiC4LmJ4Liy4Lih4Liy4Lii4Li44LmI4LiH4LmE4Lih4LmI4LmE4LiU4LmJIOC5gOC4lOC4tOC4meC4l+C4suC4h+C4m+C4peC4reC4lOC4oOC4seC4ouC4peC5iOC4sA==,,,W0d1ayBTdW5zdV0KTm8sIGVzY3VjaGUgbG8gcXVlIGxlIGRpZ28uLi4gQWgsIHRvZGF2w61hIGFuZGEgZGUgYXZlbnR1cmFzLiBObyBwdWVkbyBtZXRlcmxlIGVuIHVuYSBkaXNwdXRhLiDCoVZheWEgY29uIGN1aWRhZG8h,W0d1ayBTdW5zdV0KTmVpbiwgYWxzbywgaMO2cnQgbWlyIGRvY2ggZXJzdCBtYWwgenUuLi4gQWgsIElociBzZWlkIG5vY2ggbWl0dGVuIGltIEFiZW50ZXVlciwgd2FzPyBEYSBrYW5uIGljaCBFdWNoIG5pY2h0IGluIHNvIGVpbmVuIFN0cmVpdCBoaW5laW56aWVoZW4uIFNlaHQgRXVjaCBydWhpZyB1bSE=,W0d1ayBTdW5zdV0KTm9uLCDDqWNvdXRlei1tb2kgdW4gcGV1Li4uIEFoLCB2b3VzIMOqdGVzIGVuY29yZSBlbiBwbGVpbmUgYXZlbnR1cmUuIEplIG5lIHBldXggcGFzIHZvdXMgbcOqbGVyIMOgIGNlIGTDqXNvcmRyZS4gQm9ubmUgcm91dGUh,W0d1ayBTdW5zdV0KQnVrYW4sIGRlbmdhcmthbiBkdWx1IGthdGEta2F0YWt1Li4uIEFoLCBydXBhbnlhIGthbXUgc2VkYW5nIGJlcnBldHVhbGFuZy4gQWt1IHRhayBiaXNhIG1lbnllcmV0bXUgZGFsYW0ga2VyaWJ1dGFuIGluaS4gU2VsYW1hdCBqYWxhbiE=,W0d1ayBTdW5zdV0KSGF5xLFyLCB5YW5pIHPDtnrDvG3DvCBiaXIgZGlubGUuLi4gQWgsIGjDomzDoiBtYWNlcmEgcGXFn2luZGVzaW5peiBkZW1lay4gU2l6aSBiaXIga2FyZ2HFn2F5YSBidWxhxZ90xLFyYW1hbS4gWW9sdW51emEgYmFrxLFuIQ==
A7Ge,IC0gMzDroIjrsqgg7J207IOBIOyImO2WiSDqsIDriqXtlZwg7YCY7Iqk7Yq47J6F64uI64ukIC0=,LSBRdWVzdCBhdmFpbGFibGUgZm9yIGNoYXJhY3RlcnMgTHYuIDMwIG9yIGhpZ2hlciAt,,Lei/meaYrzMw57qn5Lul5LiK5Y+v6L+b6KGM55qE5Lu75YqhLQ==,,LSDguYDguITguKfguKrguJXguYzguJnguLXguYnguKrguLLguKHguLLguKPguJbguJfguLPguYTguJTguYnguYDguKHguLfguYjguK3guYDguKXguYDguKfguKUgMzAg4LiC4Li24LmJ4LiZ4LmE4LibIC0=,,,IC0gRXMgdW5hIG1pc2nDs24gZGlzcG9uaWJsZSBhIHBhcnRpciBkZWwgbml2ZWwgMzAgLQ==,LSBRdWVzdCB2ZXJmw7xnYmFyIGFiIExldmVsIDMwIC0=,LSBRdcOqdGUgcsOpYWxpc2FibGUgw6AgcGFydGlyIGR1IG5pdmVhdSAzMCAt,LSBRdWVzdCB0ZXJzZWRpYSB1bnR1ayBMdi4zMCBrZSBhdGFzIC0=,LSAzMC4gc2V2aXllIHZlIMO8emVyaSBpw6dpbiB5YXDEsWxhYmlsaXIgYmlyIGfDtnJldmRpciAt
BLGe,66eM64uk66awIDog7KCAIOyCrOuejOuTpCDslYTquYzrtoDthLAg7Iu47JuMISDrqbHsgrQg7J6h6rKg64SkIQ==,TWFuZGFyaW4gVGhleeKAmXZlIGJlZW4gYXJndWluZyBub25zdG9wISBMb29rcyBsaWtlIGl04oCZcyBhYm91dCB0byBnZXQgcGh5c2ljYWwh,,5pu86L6+5p6XOiDpgqPkupvkurrku47liJrmiY3lsLHkuIDnm7TlnKjlkLXvvIHpg73lv6vopoHmj6rooaPpoobkuobvvIE=,,TWFuZGFyaW4gOiDguJ7guKfguIHguJnguLHguYnguJnguJfguLDguYDguKXguLLguLDguIHguLHguJnguKHguLLguJXguLHguYnguIfguYHguJXguYjguYDguKHguLfguYjguK3guIHguLXguYnguYHguKXguYnguKfguJnguLAg4LiU4Li54LiX4LmI4Liy4LiI4Liw4LiW4Li24LiH4LiC4Lix4LmJ4LiZ4Lil4LiH4LmE4Lih4LmJ4Lil4LiH4Lih4Li34Lit4LmB4Lil4LmJ4Lin,,,TWFuZGFyaW46IMKhRXNvcyBsbGV2YW4gcGVsZcOhbmRvc2UgZGVzZGUgaGFjZSByYXRvISDCoVZhbiBhIGFjYWJhciBhZ2FycsOhbmRvc2UgZGVsIGN1ZWxsbyE=,TWFuZGFyaW4gOiBEaWUgc3RyZWl0ZW4gc2Nob24gc2VpdCB2b3JoaW4hIEdsZWljaCBwYWNrZW4gZGllIHNpY2ggYW0gS3JhZ2VuIQ==,TWFuZGFyaW4gOiBJbHMgc2UgYmF0dGVudCBkZXB1aXMgdG91dCDDoCBs4oCZaGV1cmUgISBJbHMgdm9udCBmaW5pciBwYXIgc+KAmcOpdHJpcGVyICE=,TWFuZGFyaW4gOiBNZXJla2EgYmVydGVuZ2thciBzZWphayB0YWRpISBTZXBlcnRpbnlhIGJha2FsIGphZGkgYmFrdSBoYW50YW0h,TWFuZGFyaW4gOiDFnnUgaW5zYW5sYXIgYXogw7ZuY2UgZGUga2F2Z2EgZWRpeW9yZHUhIEF6IGthbHPEsW4geWFrYXPEsW5hIHlhcMSxxZ9hY2FrIQ==
BbGe,6rWt7Iic7IiYIDog7J20IOunjOuRkOqwmeydtCDqsonqs7wg7IaN7J20IOuLpOuluCDrhogh,R3VrIFN1bnN1IFlvdSB0d28tZmFjZWQsIGR1bXBsaW5nLWxvb2tpbmcgZnJhdWQh,,6Z6g6aG65rSZOiDkvaDov5nlrrbkvJnlsLHlg4/ljIXlrZDkuIDmoLfvvIzooajph4zkuI3kuIDvvIE=,,R3VrIFN1bnN1IDog4LmA4LiI4LmJ4Liy4LiZ4Lix4LmI4LiZ4Lih4Lix4LiZ4LmA4Lir4Lih4Li34Lit4LiZ4LmA4LiB4Li14LmK4Lii4Lin4LmE4Lih4LmI4Lih4Li14Lic4Li04LiUIOC4geC4peC4p+C4h+C4l+C4seC5ieC4h+C4meC4reC4geC4l+C4seC5ieC4h+C5g+C4mSE=,,,R3VrIFN1bnN1OiDCoUVyZXMgdW4gZmFsc28sIGNvbW8gdW4gbWFuZHU6IHVuYSBjb3NhIHBvciBmdWVyYSB5IG90cmEgcG9yIGRlbnRybyE=,R3VrIFN1bnN1IDogRHUgZmFsc2NoZXIgSHVuZCwgZ2VuYXUgd2llIHNvIGVpbiBNYW5kdSDigJMgYXXDn2VuIGh1aSwgaW5uZW4gcGZ1aSE=,R3VrIFN1bnN1IDogSHlwb2NyaXRlICEgQ29tbWUgdW4gcmF2aW9saSA6IGRpZmbDqXJlbnQgZGVob3JzIGV0IGRlZGFucyAh,R3VrIFN1bnN1IDogRGFzYXIgbWFuZHUgYmVybXVrYSBkdWEh,R3VrIFN1bnN1IDogxZ51IG1hbnTEsSBnaWJpIGTEscWfxLEgYmHFn2thIGnDp2kgYmHFn2thIGhlcmlmIQ==
BrGe,66Gc66Oo7YOAIDog64iE6rCAIOyigCDrp5DroKTrtJDslbwg7ZWY64qUIOqxsCDslYTri4zqsIA/,TG9ydXRhIFNob3VsZG7igJl0IHNvbWVvbmUgc3RlcCBpbiBhbmQgc3RvcCB0aGVtPw==,,5rSb6bKB5aGUOiDkuI3or6XmnInkurrljrvlip3lip3lkJfvvJ8=,,TG9ydXRhIDog4LmE4Lih4LmI4Lih4Li14LmD4LiE4Lij4LiE4Li04LiU4LiI4Liw4Lir4LmJ4Liy4Lih4Lir4LiZ4LmI4Lit4Lii4Lir4Lij4Li34Lit,,,TG9ydXRhOiDCv05vIGRlYmVyw61hIGFsZ3VpZW4gZGV0ZW5lcmxvcz8=,TG9ydXRhIDogU29sbHRlIG5pY2h0IGplbWFuZCBkYXp3aXNjaGVuZ2VoZW4/,TG9ydXRhIDogUXVlbHF1J3VuIG5lIGRldnJhaXQgcGFzIGxlcyBhcnLDqnRlcj8=,TG9ydXRhIDogQnVrYW5rYWggc2ViYWlrbnlhIGFkYSB5YW5nIG1lbGVyYWkgbWVyZWthPw==,TG9ydXRhIDogQmlyaW5pbiBidW5hIGVuZ2VsIG9sbWFzxLEgZ2VyZWttaXlvciBtdT8=
B7Ge,66eM7Yis7JeQIDog7J20IOq1reyImOqwmeydtCDrp6XslYTrpqwg7JeG64qUIOuGiCE=,TWFudHVlIFlvdSBsaW1wIG5vb2RsZSBvZiBhIG1hbiE=,,5pu85Zu+5Z+DOiDkvaDov5nlrrbkvJnlsLHlg4/pnaLmnaHkuIDmoLfvvIzova/otrTotrTmsqHlirLvvIE=,,TWFudHVlIDog4LmA4LiI4LmJ4Liy4LiZ4Li14LmI4LiB4LmH4LiU4Li54Lib4Lin4LiB4LmA4Lib4Li14Lii4LiB4LmA4Lir4Lih4Li34Lit4LiZ4LmA4Liq4LmJ4LiZ4Lia4Liw4Lir4Lih4Li14LmIIOC5hOC4oeC5iOC4oeC4teC4meC5ieC4s+C4ouC4suC5gOC4reC4suC5gOC4quC4teC4ouC5gOC4peC4oiE=,,,TWFudHVlOiDCoUVyZXMgdW4gaW7DunRpbCBzaW4gZnVlcnphLCBjb21vIGVzb3MgZmlkZW9zIQ==,TWFudHVlIDogRHUga3JhZnRsb3NlIE51ZGVsIQ==,TWFudHVlIDogRXNww6hjZSBkZSBtb2xsYXNzb24sIGNvbW1lIGRlcyBub3VpbGxlcyAh,TWFudHVlIDogRGFzYXIgbWllIGxveW8h,TWFudHVlIDogxZ51IGVyacWfdGUgZ2liaSBjxLFsxLF6IGhlcmlmIQ==
CLGe,6rO17IaQ7ZWYIDog64SI66y0IOyLnOuBhOufveq1sC4uLiDqt7jrp4wg64+M7JWE6rCI6rmMLg==,R29uZ3N1bmhhIFRoaXMgaXMgZ2V0dGluZyBmYXIgdG9vIG5vaXN54oCmIHBlcmhhcHMgd2Ugc2hvdWxkIGxlYXZlLg==,,5YWs5a2Z5aSPOiDlpKrlkLXkuoYuLi7opoHkuI3lsLHlm57ljrvlkKfjgII=,,R29uZ3N1bmhhIDog4Lir4LiZ4Lin4LiB4Lir4Li54LmA4LiB4Li04LiZ4LmE4Lib4LmB4Lil4LmJ4LinLi4uIOC5gOC4o+C4suC4geC4peC4seC4muC4geC4seC4meC5gOC4luC4reC4sCE=,,,R29uZ3N1bmhhOiBRdcOpIGVzY8OhbmRhbG8uLi4gwr9EZWJlcsOtYW1vcyB2b2x2ZXIgeWE/,R29uZ3N1bmhhIDogVmllbCB6dSBsYXV0Li4uIFNvbGxlbiB3aXIgZWluZmFjaCB6dXLDvGNrZ2VoZW4/,R29uZ3N1bmhhIDogVHJvcCBkZSBicnVpdC4uLiBPbiByZW50cmUgPw==,R29uZ3N1bmhhIDogVGVybGFsdSBiZXJpc2lrLi4uIG11bmdraW4gc2ViYWlrbnlhIGtpdGEgcHVsYW5nLg==,R29uZ3N1bmhhIDogRmF6bGEgZ8O8csO8bHTDvGzDvC4uLiBHZXJpIG1pIGTDtm5zZWsu
CbGe,W3swfV0K7Ja0Li4uIO2doO2doCwg64SI66y0IOyLuOyasOyngOuTpCDrp4jshLjsmpQuIOustOyKqCDsnbzroZwg6re465+s7Iut64uI6rmMPw==,W3swfV0KVWjigKYgYWhlbS4gUGxlYXNlIGNhbG0gZG93bi4gV2hhdCBzZWVtcyB0byBiZSB0aGUgcHJvYmxlbSBoZXJlPw==,,W3swfV0K5ZGDLi4u5ZKz5ZKz77yM5Yir5ZC15b6X5aSq5Y6J5a6z44CC5Yiw5bqV5piv5oCO5LmI5Zue5LqL77yf,,W3swfV0K4LmA4Lit4LmI4LitIOC5geC4ruC5iOC4oSDguYYg4Lit4Lii4LmI4Liy4LiX4Liw4LmA4Lil4Liy4Liw4LiB4Lix4LiZ4LmA4Lil4LiiIOC5gOC4geC4tOC4lOC4reC4sOC5hOC4o+C4guC4tuC5ieC4meC4geC4seC4meC5geC4meC5iA==,,,W3swfV0KRWguLi4gZWplbSwgbm8gZGlzY3V0w6FpcyB0YW50by4gwr9RdcOpIG9jdXJyZT8=,W3swfV0Kw4RoLi4uIGjDvHN0ZWwsIHN0cmVpdGV0IEV1Y2ggZG9jaCBuaWNodCBzby4gV29ydW0gZ2VodCBlcyBkZW5uIGVpZ2VudGxpY2g/,W3swfV0KRXVoLi4uIEh1bSBodW0sIG5lIHZvdXMgYmF0dGV6IHBhcyBhdXRhbnQuIFF1J2VzdC1jZSBxdWkgc2UgcGFzc2UgPw==,W3swfV0KVWguLi4gYWhlbSwgaGFyYXAgdGVuYW5nLiBBZGEgbWFzYWxhaCBhcGEgc2ViZW5hcm55YT8=,W3swfV0KRWUuLi4gw7Zow7ZtLCBsw7x0ZmVuIGJ1IGthZGFyIGthdmdhIGV0bWV5aW4uIE5lIG9sZHUgZGEgYsO2eWxlIHlhcMSxeW9yc3VudXo/
CrGe,W+q1reyInOyImF0K7JWE64uILCDqtIDqtJHqsJ3snbTsi5zsmKQ/IOuqqO2XmOqwgOyLoOqwgCEg7JWE7J206rOgIOyemOuQkOuEpC4g66qo7ZeY6rCA66m0IOyXrOq4sOyggOq4sCDqt4Drj4Qg67Cd6rOgIOqyrOusuOuPhCDrhJPsnLzsi6Qg6rGwIOyVhOuHqC4g7Jqw66asIO2VtOujoeuLmCDsoITshKQg7JWE7Iuc7KOgPw==,W0d1ayBTdW5zdV0KT2g/IEEgVG91cmlzdD8gTm8sIGFuIGFkdmVudHVyZXIhIFBlcmZlY3QgdGltaW5nIQpBZHZlbnR1cmVycyBoZWFyIG1hbnkgdGFsZXMgYW5kIHNlZSBtdWNoIG9mIHRoZSB3b3JsZCwgZG9u4oCZdCB0aGV5PwpZb3Uga25vdyB0aGUgbGVnZW5kIG9mIG91ciBTZWEgRHJhZ29uLCBkb27igJl0IHlvdT8=,,W+meoOmhuua0mV0K5ZKm77yM5L2g5piv5ri45a6i5ZCX77yf5piv5YaS6Zmp6ICF5ZWK77yB5ZOO5ZGA77yM5aSq5aW95LqG44CC5pei54S25piv5YaS6Zmp6ICF77yM6IKv5a6a6ICz6IGq55uu5piO44CB6KeB5aSa6K+G5bm/5ZCn44CC5L2g55+l6YGT5oiR5Lus5rW36b6Z5aSn5Lq655qE5Lyg6K+05ZCn77yf,,W0d1ayBTdW5zdV0K4LmC4Lit4LmJIOC4meC4seC4geC4l+C5iOC4reC4h+C5gOC4l+C4teC5iOC4ouC4p+C4q+C4o+C4t+C4rT8g4LmE4Lih4LmI4Liq4Li0IOC4meC4seC4geC4nOC4iOC4jeC4oOC4seC4ouC4quC4tOC4meC4sCDguJTguLXguYDguKXguKIhIOC4luC5ieC4suC5gOC4m+C5h+C4meC4meC4seC4geC4nOC4iOC4jeC4oOC4seC4ouC4geC5h+C4hOC4h+C4o+C4ueC5ieC5gOC4o+C4t+C5iOC4reC4h+C4o+C4suC4p+C4leC5iOC4suC4hyDguYYg4Lih4Liy4LiB4Lih4Liy4LiiIOC4o+C4ueC5ieC4iOC4seC4geC5gOC4o+C4t+C5iOC4reC4h+C4leC4s+C4meC4suC4meC4oeC4seC4h+C4geC4o+C4l+C4sOC5gOC4peC4guC4reC4h+C4nuC4p+C4geC5gOC4o+C4suC5g+C4iuC5iOC5hOC4q+C4oQ==,,,W0d1ayBTdW5zdV0KVmF5YSwgwr9lcyB1c3RlZCB0dXJpc3RhPyDCocK/VmlhamEgZW4gYnVzY2EgZGUgYXZlbnR1cmFzPyEgwqFBeSwgcXXDqSBiaWVuISBFbiBlc2UgY2Fzbywgc2VndXJvIHF1ZSBoYSBvw61kbyBtdWNoYXMgY29zYXMgeSBoYSB2aXN0byBtdWNobyBtdW5kby4gQ29ub2NlcsOhIGxhIGxleWVuZGEgZGUgbnVlc3RybyBEcmFnw7NuIE1hcmlubywgwr92ZXJkYWQ/,W0d1ayBTdW5zdV0KV2llPyBTZWlkIElociBlaW4gVG91cmlzdD8gTmVpbiwgZWluIEFiZW50ZXVyZXIhIEFjaCwgdW1zbyBiZXNzZXIuIEFscyBBYmVudGV1cmVyIGhhYnQgSWhyIGRvY2ggw7xiZXJhbGwgZGllIE9ocmVuIG9mZmVuIHVuZCBzY2hvbiBhbGxlcmhhbmQgZ2VzZWhlbi4gSWhyIGtlbm50IGRvY2ggZGllIExlZ2VuZGUgdW5zZXJlcyBTZWVkcmFjaGVuaGVycm4sIG9kZXI/,W0d1ayBTdW5zdV0KT2gsIHVuIFRvdXJpc3RlID8gVW4gYXZlbnR1cmllciAhIFRhbnQgbWlldXguIEVuIHZveWFnZSwgb24gZW50ZW5kIHRvdXQgZXQgb24gYXBwcmVuZCBiZWF1Y291cC4gVm91cyBjb25uYWlzc2V6IGxhIGzDqWdlbmRlIGRlIG5vdHJlIFNlaWduZXVyIERyYWdvbiBkZSBNZXIgPw==,W0d1ayBTdW5zdV0KT2g/IFR1cmlzPyBCdWthbiwgc2VvcmFuZyBBZHZlbnR1cmVyISBLZWJldHVsYW4gc2VrYWxpLiBBZHZlbnR1cmVyIHBhc3RpIGJhbnlhayBtZW5kZW5nYXIgZG9uZ2VuZyBkYW4gbWVsaWhhdCBkdW5pYSwgJ2thbj8gS2FtdSB0YWh1IHRlbnRhbmcgbGVnZW5kYSBuYWdhIGxhdXQga2FtaSwgJ2thbj8=,W0d1ayBTdW5zdV0KWW9rc2Egc2l6IFR1cmlzdCBtaXNpbml6PyBCaXIgbWFjZXJhY8SxIG3EsXPEsW7EsXohIEFoLCBuZSBpeWkgb2xkdS4gTWFkZW0gbWFjZXJhY8Sxc8SxbsSxeiwgaGVyIHllcmRlIGt1bGHEn8SxbsSxeiBrZXNraW5kaXIsIGfDtnJnw7xuw7x6IGRlIGdlbmnFn3RpciwgZGXEn2lsIG1pLiBCaXppbSBEZW5peiBFamRlcmhhc8SxIEVmZW5kaW1peiBlZnNhbmVzaW5pIGJpbGl5b3JzdW51eiwgZGXEn2lsIG1pPw==
C7Ge,7JWV64uI64ukLg==,SSBrbm93Lg==,,55+l6YGT44CC,,4Lij4Li54LmJ,,,TGEgY29ub3pjby4=,SmEsIGljaCBrZW5uZSBzaWUu,SmUgY29ubmFpcy4=,QWt1IHRhaHUu,QmlsaXlvcnVtLg==
DLGe,66qo66aF64uI64ukLg==,SSBkb27igJl0IGtub3cu,,5LiN55+l6YGT44CC,,4LmE4Lih4LmI4Lij4Li54LmJ,,,Tm8gbGEgY29ub3pjby4=,TmVpbiwgaWNoIGtlbm5lIHNpZSBuaWNodC4=,SmUgbmUgY29ubmFpcyBwYXMu,QWt1IHRpZGFrIHRhaHUu,QmlsbWl5b3J1bS4=
DbGe,7L2U66qo64+EIOuniOuFgCDsoITshKTsnYAg7JWE64qU642wLi4u,SSBrbm93IHRoZSBDb21vZG8gV2l0Y2ggbGVnZW5k4oCm,,5oiR55+l6YGT5YWL6a2U5bKb55qE5aWz5ber5Lyg6K+077yM5L2G5pivLi4u,,4Lij4Li54LmJ4LmB4LiV4LmI4LiV4Liz4LiZ4Liy4LiZ4LmB4Lih4LmI4Lih4LiUIENvbW9kby4uLg==,,,Q29ub3pjbyBsYSBsZXllbmRhIGRlIGxhIGJydWphIGRlIENvbW9kbywgcGVyby4uLg==,RGllIEhleGVubGVnZW5kZSB2b24gQ29tb2RvIGtlbm5lIGljaCwgYWJlci4uLg==,SmUgY29ubmFpcyBsYSBsw6lnZW5kZSBkZSBsYSBzb3JjacOocmUgZGUgQ29tb2RvLi4u,QWt1IGhhbnlhIHRhaHUgbGVnZW5kYSBwZW55aWhpciBDb21vZG8uLi4=,Q29tb2RvIGNhZMSxIGVmc2FuZXNpbmkgYmlsaXlvcnVtIGFtYS4uLg==
DrGe,W+q1reyInOyImF0K6re465+s66+E7JqUISDrtoTrqoXtnogg7JWE7IukIOqxsOudvOqzoCDsg53qsIHtlojslrTsmpQuIOyasOumrCDsvZTrqqjrj4TqsIAg64SI66y0IOyCtOq4sCDsoovslYTshJwsIOyXrOq4sCDrkaXsp4Drpbwg65SxIO2KuOyLoCDtlbTro6Eg7Yis66W07YyMIOuLmCDrqqnqtazrqY0g7JWI7JeQIOuUsSDrk6TslrTslYnslYQg7J6I64uk64qULCDqt7gg7KCE7ISkIOunkOydtOyjoC4=,W0d1ayBTdW5zdV0KT2YgY291cnNlIHlvdSBkbyEgSSBrbmV3IGl0IQpUaGUgbGVnZW5kIHNheXMgQ29tb2RvIGlzIHNvIHBsZWFzYW50IHRvIGxpdmUgaW4gdGhhdCB0aGUgU2VhIERyYWdvbiBUdXJwYSBjaG9zZSB0byBzZXR0bGUgcmlnaHQgaW5zaWRlIGl0cyB0aHJvYXQh,,W+meoOmhuua0mV0K6YKj5b2T54S277yB5oiR5bCx55+l6YGT5L2g6IKv5a6a55+l6YGT44CC5bCx5piv6YKj5Liq5Lyg6K+077yM6K+05oiR5Lus5YWL6a2U5bKb5aSq6YCC5ZCI5bGF5L2P5LqG77yM5omA5Lul5Zyo6L+Z6YeM5a6J5a6255qE5rW36b6Z5Zu+5bCU5biV5aSn5Lq677yM5bCx5oqK5oiR5Lus56iz56iz5Zyw5ZCr5Zyo5ZaJ5ZKZ6YeM44CC,,W0d1ayBTdW5zdV0K4LmB4LiZ4LmI4LiZ4Lit4LiZ4Liq4Li0ISDguILguYnguLLguIHguYfguITguLTguJTguKfguYjguLLguYDguIjguYnguLLguJXguYnguK3guIfguKPguLnguYnguYHguJnguYgg4LmGIOC4leC4s+C4meC4suC4meC4geC4peC5iOC4suC4p+C4p+C5iOC4siDguYDguKHguLfguK3guIcgQ29tb2RvIOC4meC5iOC4suC4reC4ouC4ueC5iOC4oeC4suC4geC4iOC4meC4oeC4teC4oeC4seC4h+C4geC4o+C4oeC4suC4leC4seC5ieC4h+C4o+C4geC4o+C4suC4geC4reC4ouC4ueC5iOC4l+C4teC5iOC4meC4teC5iCDguYHguKXguYnguKfguJ7guKfguIHguYDguKPguLLguIHguYfguYDguKvguKHguLfguK3guJnguK3guLLguKjguLHguKLguK3guKLguLnguYjguYPguJnguKXguLPguITguK3guILguK3guIfguJfguYjguLLguJnguKHguLHguIfguIHguKPguJnguLHguYjguJnguYHguKvguKXguLA=,,,W0d1ayBTdW5zdV0KwqFFc28gZXMhIFNhYsOtYSBxdWUgbGEgY29ub2NlcsOtYS4gWWEgc2FiZSwgbGEgbGV5ZW5kYSBzZWfDum4gbGEgY3VhbCBudWVzdHJvIENvbW9kbyBlc3TDoSBzaXR1YWRvIG5hZGEgbWVub3MgcXVlIGRlbnRybyBkZSBsYSBnYXJnYW50YSBkZWwgRHJhZ8OzbiBNYXJpbm8gVHVycGEsIHF1ZSBoaXpvIGFxdcOtIHN1IG5pZG8gcG9ycXVlIGVyYSB1biBsdWdhciBlc3R1cGVuZG8gcGFyYSB2aXZpci4=,W0d1ayBTdW5zdV0KQWJlciBuYXTDvHJsaWNoISBJY2ggaGFiIG1pciBkb2NoIGdlZGFjaHQsIGRhc3MgSWhyIHNpZSBrZW5udC4gTmEsIGRpZSBMZWdlbmRlIGViZW46IFVuc2VyIENvbW9kbyBzb2xsIHNvIGVpbiBoZXJybGljaGVyIE9ydCB6dW0gTGViZW4gc2VpbiwgZGFzcyBlcyBzaWNoIGdsYXR0IGltIFJhY2hlbiB2b24gVHVycGEsIHVuc2VyZW0gU2VlZHJhY2hlbmhlcnJuLCBuaWVkZXJnZWxhc3NlbiBoYXQu,W0d1ayBTdW5zdV0KTWFpcyBvdWkhIEplIHBlbnNhaXMgYmllbiBxdWUgdm91cyBsZSBzYXVyaWV6LiBDZXR0ZSBsw6lnZW5kZSBzZWxvbiBsYXF1ZWxsZSBub3RyZSBDb21vZG8gZXN0IHNpIGFncsOpYWJsZSDDoCB2aXZyZSBxdWUgbGUgZHJhZ29uIGRlIG1lciwgU2VpZ25ldXIgVG91cnBhLCB5IGEgY2FycsOpbWVudCBmYWl0IHNvbiBuaWQsIGV0IHF1ZSBub3VzIHNvbW1lcyBpbnN0YWxsw6lzIGJpZW4gYXUgZm9uZCBkZSBzYSBnb3JnZSwgdm91cyB2b3llei4=,W0d1ayBTdW5zdV0KVGVudHUgc2FqYSEgU3VkYWgga3VkdWdhIQpLb25vbiBrYXRhbnlhLCBDb21vZG8gYmVnaXR1IG55YW1hbiBkaXRpbmdnYWxpIHNhbXBhaSBOYWdhIExhdXQgVHVycGEgbWVtaWxpaCB0aW5nZ2FsIGRpIGRhbGFtIHRlbmdnb3Jva2FubnlhIQ==,W0d1ayBTdW5zdV0KRWxiZXR0ZSEgS2VzaW4gYmlsaXJzaW5peiBkaXllIGTDvMWfw7xubcO8xZ90w7xtLiBCaXppbSBDb21vZG8gw7Z5bGUgeWHFn2FtYXPEsSBnw7x6ZWwgYmlyIHllciBraSwgYnVyYWRhIHl1dmFzxLFuxLEga3VyYW4gRGVuaXogRWpkZXJoYXPEsSBUdXJwYSBFZmVuZGkgbmluIGJvxJ9hesSxbsSxbiBpw6dpbmUgdGFtIHllcmxlxZ9tacWfIG9sZHXEn3VtdXosIG8gZWZzYW5lIGnFn3RlLg==
D7Ge,W+q1reyInOyImF0K7JWELi4uIOuqqOultOyLnOuCmD8g6rSc7LCu7JWE7JqUISDrqqjrpbwg7IiY64+EIOyeiOyngC4g7KSR7JqU7ZWcIOusuOygnOuKlCDqt7jqsowg7JWE64uI6rGw65Og7JqULg==,W0d1ayBTdW5zdV0KQWjigKYgeW91IGRvbuKAmXQga25vdz8gVGhhdOKAmXMgZmluZSEKVGhhdOKAmXMgbm90IHRoZSByZWFsIGlzc3VlIGhlcmUu,,W+meoOmhuua0mV0K5ZWKLi4u5L2g5LiN55+l6YGT5ZCX77yf5rKh5YWz57O777yB5Lmf5Y+v6IO95LiN55+l6YGT5Zib44CC6YeN6KaB55qE6Zeu6aKY5LiN5Zyo6YKj5YS/44CC,,W0d1ayBTdW5zdV0K4Lit4LmI4Liy4oCm4LmE4Lih4LmI4Lij4Li54LmJ4Lir4Lij4Li34LitPyDguYTguKHguYjguYDguJvguYfguJnguYTguKMg4LmE4Lih4LmI4Lij4Li54LmJ4LiB4LmH4LmE4LiU4LmJIOC5gOC4o+C4t+C5iOC4reC4h+C4quC4s+C4hOC4seC4jeC4oeC4seC4meC5hOC4oeC5iOC5g+C4iuC5iOC4leC4o+C4h+C4meC4seC5ieC4mQ==,,,W0d1ayBTdW5zdV0KQWguLi4gwr9ObyBsYSBjb25vY2U/IMKhTm8gcGFzYSBuYWRhISBFcyBub3JtYWwgbm8gc2FiZXJsby4gTG8gaW1wb3J0YW50ZSBubyBlcyBlc28u,W0d1ayBTdW5zdV0KQWguLi4gSWhyIGtlbm50IHNpZSBuaWNodD8gU2Nob24gZ3V0ISBNYW4ga2FubiBqYSBuaWNodCBhbGxlcyB3aXNzZW4uIERhcyBlaWdlbnRsaWNoZSBQcm9ibGVtIGlzdCBuw6RtbGljaCBldHdhcyBhbmRlcmVzLg==,W0d1ayBTdW5zdV0KQWguLi4gVm91cyBuZSBzYXZleiBwYXM/IENlIG4nZXN0IHBhcyBncmF2ZSEgT24gcGV1dCBuZSBwYXMgbGUgc2F2b2lyLiBMZSBwcm9ibMOobWUgaW1wb3J0YW50IG4nZXN0IHBhcyBsw6Au,W0d1ayBTdW5zdV0KQWguLi4gS2FtdSB0aWRhayB0YWh1PyBUaWRhayBhcGEhCkJ1a2FuIGl0dSBtYXNhbGFoIHNlc3VuZ2d1aG55YS4=,W0d1ayBTdW5zdV0KQWEuLi4gQmlsbWl5b3IgbXVzdW51ej8gU29ydW4gZGXEn2lsISBCaWxtZXllYmlsaXJzaW5pei4gWmF0ZW4gw7ZuZW1saSBtZXNlbGUgbyBkZcSfaWwu
ELGe,W+q1reyInOyImF0K66eI64WAIOyghOyEpD8gLi4u7JWELCDqt7gg64+Z6rW0IOyViOyXkCDrp4jrhYDqsIAg7IKw64uk64qUIOydtOyVvOq4sCDrp5DsnbTsmKQuIOyXrOq4sOuKlCDtlbTro6Hri5gg66qp6rWs66mNIOyViOydtOuLiOq5jCDrp4jrhYDrj4Qg7IK0IOyImCDsnojqs6Ag64+E6rmo67mE64+EIOyCtCDsiJgg7J6I6rOgIOq3uOugh+qyoOyjoC4g7Iug67mE7ZWcIOqzsyDslYTri4jqsqDsirXri4jquYwu,W0d1ayBTdW5zdV0KVGhlIFdpdGNoIGxlZ2VuZD8gQWgsIHRoZSB0YWxlIGFib3V0IGEgd2l0Y2ggbGl2aW5nIGluIHRoZSBjYXZlLgpTaW5jZSB0aGlzIGlzIHRoZSBTZWEgRHJhZ29u4oCZcyB0aHJvYXQsIEkgc3VwcG9zZSB3aXRjaGVzIGFuZCBEb2tlYmkgY291bGQgbGl2ZSBoZXJlIHRvby4KQSBteXN0ZXJpb3VzIHBsYWNlLCBpc27igJl0IGl0Pw==,,W+meoOmhuua0mV0K5aWz5ber5Lyg6K+077yfLi4u5ZWK77yM5bCx5piv6K+05rSe56qf6YeM5L2P552A5aWz5ber55qE5pWF5LqL44CC6L+Z6YeM5piv5rW36b6Z5aSn5Lq655qE5ZaJ5ZKZ6YeM77yM5omA5Lul5aWz5ber5Lmf6IO95L2P77yM5Zyf5Lq65Lmf6IO95L2P5LmL57G755qE5ZCn44CC5LiN5piv5b6I56We56eY55qE5Zyw5pa55ZCX44CC,,W0d1ayBTdW5zdV0K4LiV4Liz4LiZ4Liy4LiZ4LmB4Lih4LmI4Lih4LiU4Lir4Lij4Li34LitPyDigKbguK3guYnguK0g4LmA4Lij4Li34LmI4Lit4LiH4LiX4Li14LmI4Lin4LmI4Liy4LmB4Lih4LmI4Lih4LiU4Lit4Liy4Lio4Lix4Lii4Lit4Lii4Li54LmI4LmD4LiZ4LiW4LmJ4Liz4LiZ4Lix4LmI4LiZ4LiZ4LmI4LiwIOC5gOC4oeC4t+C4reC4h+C4meC4teC5ieC5gOC4q+C4oeC4t+C4reC4meC4reC4ouC4ueC5iOC5g+C4meC4peC4s+C4hOC4reC4guC4reC4h+C4l+C5iOC4suC4meC4oeC4seC4h+C4geC4oyDguIjguLDguKHguLXguJfguLHguYnguIfguYHguKHguYjguKHguJTguKvguKPguLfguK3guKDguLnguJXguJzguLXguIHguYfguKLguYjguK3guKHguYTguKHguYjguYPguIrguYjguYDguKPguLfguYjguK3guIfguYHguJvguKXguIEg4LmA4Lib4LmH4LiZ4Liq4LiW4Liy4LiZ4LiX4Li14LmI4Lil4Li24LiB4Lil4Lix4Lia4LiU4Li14LmD4LiK4LmI4LmE4Lir4Lih4LmA4Lil4LmI4Liy,,,W0d1ayBTdW5zdV0Kwr9MYSBsZXllbmRhIGRlIGxhIGJydWphPyAuLi5BaCwgbGEgaGlzdG9yaWEgZGUgcXVlIHVuYSBicnVqYSB2aXZlIGVuIGVzYSBjdWV2YS4gQ29tbyBlc3RvIGVzdMOhIGRlbnRybyBkZSBsYSBnYXJnYW50YSBkZWwgRHJhZ8OzbiBNYXJpbm8sIHN1cG9uZ28gcXVlIHB1ZWRlbiB2aXZpciB0YW50byBicnVqYXMgY29tbyBEb2tlYmkuIEVzIHVuIGx1Z2FyIG1pc3Rlcmlvc28sIMK/bm8gbGUgcGFyZWNlPw==,W0d1ayBTdW5zdV0KRGllIEhleGVubGVnZW5kZT8gLi4uQWNoLCBkaWUgR2VzY2hpY2h0ZSwgZGFzcyBpbiBkZXIgSMO2aGxlIGVpbmUgSGV4ZSBsZWJlbiBzb2xsLiBEYXMgaGllciBpc3Qgc2NobGllw59saWNoIGRlciBSYWNoZW4gdW5zZXJlcyBTZWVkcmFjaGVuaGVycm4sIGFsc28ga8O2bm50ZW4gaGllciBnZW5hdXNvIGd1dCBIZXhlbiBsZWJlbiwgRG9rZWJpIHVuZCB3YXMgd2Vpw58gaWNoIG5pY2h0IG5vY2ggYWxsZXMuIElzdCBkYXMgbmljaHQgZWluIGdlaGVpbW5pc3ZvbGxlciBPcnQ/,W0d1ayBTdW5zdV0KTGEgbMOpZ2VuZGUgZGUgbGEgc29yY2nDqHJlID8gLi4uQWgsIGzigJloaXN0b2lyZSBk4oCZdW5lIHNvcmNpw6hyZSBxdWkgdml2cmFpdCBkYW5zIGxhIGdyb3R0ZS4gSWNpLCBvbiBlc3QgZGFucyBsYSBnb3JnZSBkdSBTZWlnbmV1ciBEcmFnb24gZGUgTWVyIDogdW5lIHNvcmNpw6hyZSBwZXV0IHkgdml2cmUsIGV0IG3Dqm1lIGRlcyBEb2tlYmkuIFVuIGxpZXUgbXlzdMOpcmlldXgsIHBhcyB2cmFpID8=,W0d1ayBTdW5zdV0KTGVnZW5kYSBwZW55aWhpcj8gQWgsIGNlcml0YSB0ZW50YW5nIHBlbnlpaGlyIHlhbmcgdGluZ2dhbCBkaSBkYWxhbSBndWEuIApLYXJlbmEgaW5pIHRlbmdnb3Jva2FuIE5hZ2EgTGF1dCwga3VyYXNhIHBlbnlpaGlyIGRhbiBEb2tlYmkgcHVuIGJpc2EgdGluZ2dhbCBkaSBzaW5pLiAKVGVtcGF0IHlhbmcgbWlzdGVyaXVzLCBidWthbj8=,W0d1ayBTdW5zdV0KQ2FkxLEgZWZzYW5lc2kgbWk/IC4uLkFoLCDFn3UgbWHEn2FyYW7EsW4gacOnaW5kZSBiaXIgY2FkxLFuxLFuIHlhxZ9hZMSxxJ/EsSBoaWvDonllLCBkZcSfaWwgbWkuIEJ1cmFzxLEgRGVuaXogRWpkZXJoYXPEsSBFZmVuZGltaXogaW4gYm/En2F6xLFuxLFuIGnDp2kgb2xkdcSfdW5hIGfDtnJlLCBjYWTEsSBkYSB5YcWfYXlhYmlsaXIsIERva2ViaSBkZSB5YcWfYXlhYmlsaXIsIMO2eWxlIGRlxJ9pbCBtaS4gR2l6ZW1saSBiaXIgeWVyIGRlxJ9pbCBtaS4=
EbGe,W+q1reyInOyImF0K6re8642wIOyVhOustO2KvCDspJHsmpTtlZwg66y47KCc64qUIOunkOyeheuLiOuLpCE=,W0d1ayBTdW5zdV0KQnV0IGFueXdheSwgdGhlIHJlYWwgaXNzdWUgaXMgdGhpcyE=,,W+meoOmhuua0mV0K5LiN6L+H5oC75LmL77yM6YeN6KaB55qE6Zeu6aKY5piv77yB,,W0d1ayBTdW5zdV0K4LmB4LiV4LmI4LmA4Lit4Liy4LmA4Lib4LmH4LiZ4Lin4LmI4LiyIOC4m+C4o+C4sOC5gOC4lOC5h+C4meC4quC4s+C4hOC4seC4jeC4oeC4seC4meC4reC4ouC4ueC5iOC4leC4o+C4h+C4meC4teC5iSE=,,,W0d1ayBTdW5zdV0KUGVybywgZW4gZmluLCDCoWVsIHByb2JsZW1hIGltcG9ydGFudGUgZXMgZXN0ZSE=,W0d1ayBTdW5zdV0KQWJlciBudW4gbWFsIHp1bSBlaWdlbnRsaWNoZW4gUHJvYmxlbSE=,W0d1ayBTdW5zdV0KTWFpcyBlbmZpbiwgbGUgcHJvYmzDqG1lIGltcG9ydGFudCwgY+KAmWVzdCDDp2EgIQ==,W0d1ayBTdW5zdV0KVGFwaSBiYWdhaW1hbmFwdW4ganVnYSwgbWFzYWxhaCB1dGFtYW55YSBhZGFsYWggaW5pIQ==,W0d1ayBTdW5zdV0KQW1hIGhlciBuZXlzZSwgw7ZuZW1saSBtZXNlbGUgxZ91ZHVyIQ==
ErGe,W+q1reyInOyImF0K7JWELCDqt7jrn6zrr4TsmpQuIOygnOqwgCDspJHsmpTtlZwg66y47KCc7JeQIOuMgO2VtCDrp5DslIDrk5zrprQg6rKB64uI64ukLiDsnpgg65Ok7Ja07KO87Iut7Ie8Lg==,W0d1ayBTdW5zdV0KWWVzLCBpbmRlZWQuIEnigJltIGFib3V0IHRvIHRlbGwgeW91IHNvbWV0aGluZyB2ZXJ5IGltcG9ydGFudCwgc28gbGlzdGVuIGNhcmVmdWxseS4=,,W+meoOmhuua0mV0K5ZWK77yM6YKj5b2T54S244CC5oiR5bCx6KaB6Lef5L2g6K+06YeN6KaB55qE6Zeu6aKY5LqG44CC5aW95aW95ZCs552A44CC,,W0d1ayBTdW5zdV0K4LmD4LiK4LmI4LmB4Lil4LmJ4LinIOC4guC5ieC4suC4iOC4sOC4nuC4ueC4lOC4luC4tuC4h+C5gOC4o+C4t+C5iOC4reC4h+C4quC4s+C4hOC4seC4jSDguJ/guLHguIfguYPguKvguYnguJTguLXguKXguYjguLA=,,,W0d1ayBTdW5zdV0KQWgsIGNsYXJvLiBWb3kgYSBoYWJsYXJsZSBkZWwgcHJvYmxlbWEgaW1wb3J0YW50ZS4gRXNjw7pjaGVtZSBiaWVuLg==,W0d1ayBTdW5zdV0KQWgsIGdlbmF1LiBJY2ggd2VyZGUgRXVjaCBqZXR6dCB2b24gZGVtIHdpY2h0aWdlbiBQcm9ibGVtIGVyesOkaGxlbi4gSMO2cnQgZ3V0IHp1LCBiaXR0ZS4=,W0d1ayBTdW5zdV0KQWgsIG1haXMgb3VpLiBKZSB2YWlzIHZvdXMgcGFybGVyIGR1IHByb2Jsw6htZSBpbXBvcnRhbnQuIMOJY291dGV6IGJpZW4sIGplIHZvdXMgcHJpZS4=,W0d1ayBTdW5zdV0KWWEsIGJlbmFyLiBBa3UgYWthbiBtZW5nYXRha2FuIHNlc3VhdHUgeWFuZyBzYW5nYXQgcGVudGluZywgamFkaSBkZW5nYXJrYW4gYmFpay1iYWlrLg==,W0d1ayBTdW5zdV0KQWgsIGVsYmV0dGUuIFNpemUgw7ZuZW1saSBtZXNlbGV5aSBhbmxhdGFjYcSfxLFtLiDEsHlpIGRpbmxleWluIGzDvHRmZW4u
E7Ge,W+q1reyInOyImF0K7Jqw66asIO2VtOujoSDtiKzrpbTtjIwg64uY7J2EIOyDgeynle2VmOuKlCDsvZTrqqjrj4Qg64yA7ZGcIOyalOumrOqwgCDrp5DsnoXri4jri6QsIO2doO2doC4g67CU66GcIOyasOumrCDqsIDqsozsl5DshJwg66eM65Oc64qUIOyCrOultOultCDtirnsoJwg7Jqp7IiY7Je8IOq1reyImOyeheyjoC4=,W0d1ayBTdW5zdV0KVGhlIHNpZ25hdHVyZSBkaXNoIHRoYXQgcmVwcmVzZW50cyBvdXIgU2VhIERyYWdvbiBUdXJwYSBhbmQgQ29tb2RvIGlz4oCUCmFoZW3igJRvdXIgdmVyeSBvd24gU3BlY2lhbCBEcmFnb24gQmVhcmQgTm9vZGxlcyE=,,W+meoOmhuua0mV0K6LGh5b6B5oiR5Lus5rW36b6Z5Zu+5bCU5biV5aSn5Lq655qE5YWL6a2U5bKb5oub54mM5paZ55CG5ZWK77yM5ZO85ZO844CC5bCx5piv5oiR5Lus5bqX5YGa55qE77yM5YWl5Y+j5Y2z5YyW55qE54m55Yi26b6Z6aG75rGk6Z2i44CC,,W0d1ayBTdW5zdV0K4Lit4Liy4Lir4Liy4Lij4LiC4Li24LmJ4LiZ4LiK4Li34LmI4Lit4LiC4Lit4LiHIENvbW9kbyDguJfguLXguYjguYDguJvguYfguJnguKrguLHguI3guKXguLHguIHguKnguJPguYzguILguK3guIfguKHguLHguIfguIHguKPguJnguLHguYnguJnigKYg4Lit4Liw4LmB4Liu4LmI4LihIOC4geC5h+C4hOC4t+C4rSBEcmFnb24gQmVhcmQgTm9vZGxlcyDguILguK3guIfguKPguYnguLLguJnguILguYnguLLguYDguK3guIc=,,,W0d1ayBTdW5zdV0KRWwgcGxhdG8gcmVwcmVzZW50YXRpdm8gZGUgQ29tb2RvIHF1ZSBzaW1ib2xpemEgYSBudWVzdHJvIERyYWfDs24gTWFyaW5vIFR1cnBhIGVzLCBlamVtLCBsb3Mgc3VhdmVzIEZpZGVvcyBkZSBiYXJiYSBkZSBkcmFnw7NuIGVzcGVjaWFsZXMgcXVlIHByZXBhcmFtb3MgZW4gbnVlc3RyYSB0aWVuZGEu,W0d1ayBTdW5zdV0KRGFzIHJlcHLDpHNlbnRhdGl2ZSBHZXJpY2h0IHZvbiBDb21vZG8sIGRhcyB1bnNlcmVuIFNlZWRyYWNoZW5oZXJybiBUdXJwYSBzeW1ib2xpc2llcnQsIGlzdCwgcsOkdXNwZXIsIG5hdMO8cmxpY2ggZGllIFNwZXppYWwtRHJhY2hlbmJhcnQtTnVkZWxuIGF1cyBtZWluZW0gTGFkZW4u,W0d1ayBTdW5zdV0KTGUgcGxhdCBlbWJsw6ltYXRpcXVlIGRlIENvbW9kbywgc3ltYm9sZSBkZSBub3RyZSBTZWlnbmV1ciBEcmFnb24gZGUgTWVyIFRvdXJwYS4uLiBIdW0gaHVtLiBD4oCZZXN0IG5vcyBub3VpbGxlcyBzcMOpY2lhbGVzIMOgIGxhIGJhcmJlIGRlIGRyYWdvbiAh,W0d1ayBTdW5zdV0KSGlkYW5nYW4ga2hhcyB5YW5nIG1ld2FraWxpIE5hZ2EgTGF1dCBUdXJwYSBkYW4gQ29tb2RvIGFkYWxhaOKAlAplaGVt4oCUU3BlY2lhbCBEcmFnb24gQmVhcmQgTm9vZGxlcyBrYW1pIQ==,W0d1ayBTdW5zdV0KRGVuaXogRWpkZXJoYXPEsSBUdXJwYSBFZmVuZGkgbWl6aSBzaW1nZWxleWVuIENvbW9kbyBudW4gbWXFn2h1ciB5ZW1lxJ9pIHZhciB5YSwgw7Zow7ZtLiDEsMWfdGUgbywgdGFtIGRhIGJpemltIGTDvGtrw6JuZGEgeWFwdMSxxJ/EsW3EsXogc2Fyc8SxbGEgc2Fyc8SxbGEgw5Z6ZWwgRWpkZXJoYSBTYWthbMSxIEVyacWfdGVzaWRpci4=
FLGe,W+q1reyInOyImF0K7L2U66qo64+E7JeQIOyYpOyLnOuptCDqvK0g65Oc7IWU7JW8IO2VmOuKlCDsoITthrXsnojripQg7JqU66as7KeA7JqULiDsoIDtnawg7ZWg66i464uY7J2YIO2VoOuouOuLmOydmCDtlaDrqLjri5gg64yA67aA7YSwIOyghO2VtCDrgrTroKTsmKTripQg6rKB64uI64ukLiDtlbTro6Hri5jsnZgg64SY7Iuk64SY7Iuk7ZWcIOyImOyXvOydhCDrs7jrlLDshJwg66eM65OgIOq4uOqzoCDqsIDripDri6TrnoAg6rWt7IiY66W8IOyVhOumhOuLteqyjCDrp5DslYTrgrTshJwuLi4=,W0d1ayBTdW5zdV0KQSB0cmFkaXRpb25hbCBkaXNoIHlvdSBzaW1wbHkgbXVzdCB0cnkgd2hlbiB2aXNpdGluZyBDb21vZG8uCkl04oCZcyBiZWVuIHBhc3NlZCBkb3duIHNpbmNlIG15IGdyYW5kbW90aGVy4oCZcyBncmFuZG1vdGhlcuKAmXMgZ3JhbmRtb3RoZXIhCkxvbmcsIHRoaW4gbm9vZGxlcyBpbnNwaXJlZCBieSB0aGUgZmxvd2luZyBiZWFyZCBvZiB0aGUgU2VhIERyYWdvbiwgYmVhdXRpZnVsbHkgdHdpcmxlZCBhbmQgc2VydmVk4oCm,,W+meoOmhuua0mV0K5p2l5Yiw5YWL6a2U5bKb5LiA5a6a6KaB5ZCD55qE5Lyg57uf5paZ55CG44CC5piv5LuO5oiR5aW25aW255qE5aW25aW255qE5aW25aW26YKj5LiA5Luj5Lyg5LiL5p2l55qE44CC5Lu/54Wn5rW36b6Z5aSn5Lq66aOY6I2h6LW35LyP55qE6IOh6aG777yM5YGa5oiQ6ZW/6ICM57uG55qE6Z2i5p2h77yM5YaN5ryC5Lqu5Zyw5Y236LW35p2l56uv5LiK5p2lLi4u,,W0d1ayBTdW5zdV0K4LiW4LmJ4Liy4Lih4LiyIENvbW9kbyDguJXguYnguK3guIfguKXguK3guIfguYPguKvguYnguYTguJTguYkg4LmA4Lib4LmH4LiZ4Lit4Liy4Lir4Liy4Lij4LiX4Li14LmI4Liq4Li34Lia4LiX4Lit4LiU4Lih4Liy4LiV4Lix4LmJ4LiH4LmB4LiV4LmI4Lij4Li44LmI4LiZ4LiE4Li44LiT4LiX4Lin4LiU4LiC4Lit4LiH4LiE4Li44LiT4LiX4Lin4LiU4LiC4Lit4LiH4LiC4LmJ4LiyIOC4l+C4s+C4iOC4suC4geC5gOC4quC5ieC4meC4ouC4suC4p+C5gOC4o+C4teC4ouC4pyDguYDguKXguLXguKLguJnguYHguJrguJrguKvguJnguKfguJTguJ7guKXguLTguYnguKfguYTguKvguKfguILguK3guIfguJfguYjguLLguJnguKHguLHguIfguIHguKMg4LiW4Li54LiB4Lih4LmJ4Lin4LiZ4Lit4Lit4LiB4Lih4Liy4Lit4Lii4LmI4Liy4LiH4LiH4LiU4LiH4Liy4Lih4oCm,,,W0d1ayBTdW5zdV0KRXMgdW4gcGxhdG8gdHJhZGljaW9uYWwgcXVlIGRlYmUgcHJvYmFyIGN1YW5kbyB2ZW5nYSBhIENvbW9kby4gU2UgaGEgdHJhbnNtaXRpZG8gZGVzZGUgbG9zIHRpZW1wb3MgZGUgbGEgYWJ1ZWxhIGRlIGxhIGFidWVsYSBkZSBtaSBhYnVlbGEuIFByZXBhcmFtb3MgY29uIGVzbWVybyB1bm9zIGZpZGVvcyBsYXJnb3MgeSBmaW5vcywgaW5zcGlyYWRvcyBlbiBsYSBvbmR1bGFudGUgYmFyYmEgZGVsIERyYWfDs24gTWFyaW5vLi4u,W0d1ayBTdW5zdV0KV2VubiBJaHIgbmFjaCBDb21vZG8ga29tbXQsIG3DvHNzdCBJaHIgZGllc2VzIHRyYWRpdGlvbnNyZWljaGUgR2VyaWNodCB1bmJlZGluZ3QgcHJvYmllcmVuLiBFcyB3aXJkIHNjaG9uIHNlaXQgZGVuIFRhZ2VuIGRlciBVci1Vci1Vcmdyb8OfbXV0dGVyIG1laW5lciBHcm/Dn211dHRlciDDvGJlcmxpZWZlcnQuIExhbmdlLCBmZWluZSBOdWRlbG4sIGt1bnN0dm9sbCBhdWZnZXJvbGx0IHVuZCBkZW0gc2FuZnQgd29nZW5kZW4gQmFydCB1bnNlcmVzIFNlZWRyYWNoZW5oZXJybiBuYWNoZW1wZnVuZGVuLi4u,W0d1ayBTdW5zdV0KUXVhbmQgdm91cyB2ZW5leiDDoCBDb21vZG8sIGMnZXN0IHVuIHBsYXQgdHJhZGl0aW9ubmVsIHF1ZSB2b3VzIGRldmV6IGFic29sdW1lbnQgZ2/Du3Rlci4gSWwgc2UgdHJhbnNtZXQgZGVwdWlzIGwnw6lwb3F1ZSBkZSBsJ2FycmnDqHJlLWFycmnDqHJlLWFycmnDqHJlLWdyYW5kLW3DqHJlIGRlIG5vdHJlIGdyYW5kLW3DqHJlLiBOb3VzIGVucm91bG9ucyBhdmVjIMOpbMOpZ2FuY2UgZGUgbG9uZ3VlcyBub3VpbGxlcyBmaW5lcywgaW5zcGlyw6llcyBkZSBsYSBiYXJiZSBvbmRveWFudGUgZHUgU2VpZ25ldXIgZHJhZ29uIGRlIG1lci4uLg==,W0d1ayBTdW5zdV0KSGlkYW5nYW4gdHJhZGlzaW9uYWwgeWFuZyB3YWppYiBkaWNvYmEgc2FhdCBiZXJrdW5qdW5nIGtlIENvbW9kby4KUmVzZXBueWEgZGl3YXJpc2thbiBkYXJpIG5lbmVrbnlhIG5lbmVrIGJ1eXV0a3UhCk1pIHBhbmphbmcgZGFuIHRpcGlzIHlhbmcgdGVyaW5zcGlyYXNpIGRhcmkgamFuZ2d1dCBOYWdhIExhdXQgeWFuZyBtZWxhbWJhaSwgZGlwaWxpbiBpbmRhaCBsYWx1IGRpc2FqaWthbuKApg==,W0d1ayBTdW5zdV0KQ29tb2RveWEgZ2VsaXJzZW5peiBtdXRsYWthIHllbWVuaXogZ2VyZWtlbiwga8O2a2zDvCBiaXIgeWVtZWt0aXIuIEJpemltIGLDvHnDvGthbm5lbWluIGLDvHnDvGthbm5lc2luaW4gYsO8ecO8a2FubmVzaW5kZW4gYmVyaSBha3RhcsSxbMSxci4gRGVuaXogRWpkZXJoYXPEsSBFZmVuZGltaXogaW4gZGFsZ2FsYW5hbiBzYWthbMSxbsSxIMO2cm5layBhbGFyYWsgeWFwxLFsYW4gdXp1biwgaW5jZSBlcmnFn3RlbGVyaSBnw7x6ZWxjZSBzYXLEsXAuLi4=
FbGe,W+unjO2IrOyXkCDtg4DrnbxdCuydtCDslrTrpqzshJ3snYAg7J6Q6rCAIOuYkCDsgqzquLDrpbwg7LmY6rOgIOyeiOq1sCEg7KCcIOydtOyVvOq4sOulvCDrk6TslrQg67O07Iut7Iuc7JikLCDrqqjtl5jqsIDri5guIOy9lOuqqOuPhOyXkOyEnCDsnKDsnbztlZjqsowg7Yis66W07YyMIOuLmOq7mCDsnbjsoJXrsJvsnYAg64yA7ZGcIOyalOumrOuKlCDsoIAg7IiY7Je8IOq1reyImCDqsJnsnYAg6rKMIOyVhOuLiOudvCDrsJTroZwg7KCc6rCAIOunjOuTnOuKlCDsp4HtmZQg67iM66CI7IqkIOunjOuRkOyeheuLiOuLpC4=,W01hbnRvZSBUYXJhXQpUaGlzIGZvb2wgaXMgc3Bpbm5pbmcgbGllcyBhZ2FpbiEKQWR2ZW50dXJlciwgcGxlYXNlIGhlYXIgbXkgc2lkZS4KVGhlIG9ubHkgZGlzaCB0cnVseSBhY2tub3dsZWRnZWQgYnkgTG9yZCBUdXJwYSBpbiBDb21vZG8gaXMgbm90IHRob3NlIGJlYXJkIG5vb2RsZXMsCmJ1dCB0aGUgQ2hhcmNvYWwtQnJvaWxlZCBCcmVhdGggRHVtcGxpbmcgdGhhdCBJIG1ha2Uh,,W+abvOaJmMK35aGU5ouJXQrov5nkuKrmhJrooKLnmoTlrrbkvJnlj4jlnKjooYzpqpfkuobvvIHor7flkKzmiJHor7TvvIzlhpLpmanogIXjgILlhYvprZTlspvllK/kuIDlvpfliLDlm77lsJTluJXlpKfkurrorqTlj6/nmoTmi5vniYzmlpnnkIbvvIzkuI3mmK/ku4DkuYjog6HpobvpnaLvvIzogIzmmK/miJHlgZrnmoTnm7TngavnhY7ng6TppbrlrZDjgII=,,W01hbnRvZSBUYXJhXQrguYDguIjguYnguLLguYLguIfguYjguJnguLHguYjguJnguKHguLHguJnguKvguKXguK3guIHguITguJnguK3guLXguIHguYHguKXguYnguKchIOC4l+C5iOC4suC4meC4meC4seC4geC4nOC4iOC4jeC4oOC4seC4oiDguYTguJTguYnguYLguJvguKPguJTguJ/guLHguIfguILguYnguLIg4Lit4Liy4Lir4Liy4Lij4LmA4LiU4Li14Lii4Lin4LiX4Li14LmI4LiX4LmI4Liy4LiZ4Lih4Lix4LiH4LiB4Lij4Lii4Lit4Lih4Lij4Lix4LiaIOC5hOC4oeC5iOC5g+C4iuC5iOC4muC4sOC4q+C4oeC4teC5iOC4q+C4meC4p+C4lOC4reC4sOC5hOC4o+C4meC4seC5iOC4mSDguYHguJXguYjguYDguJvguYfguJkgRmlyZS1CcmVhdGhlIER1bXBsaW5nIOC4guC4reC4h+C4guC5ieC4suC4leC5iOC4suC4h+C4q+C4suC4gSE=,,,W01hbnR1ZSBUYXJhXQrCoUVzdGUgbmVjaW8gdnVlbHZlIGEgZXN0YWZhciEgRXNjdWNoZSBtaSBoaXN0b3JpYSwgQXZlbnR1cmVyby4gRWwgw7puaWNvIHBsYXRvIHJlcHJlc2VudGF0aXZvIGRlIENvbW9kbyByZWNvbm9jaWRvIHBvciBUdXJwYSBubyBlcyBlc2UgdGlwbyBkZSBmaWRlb3MgZGUgYmFyYmEsIHNpbm8gbG9zIE1hbmR1IGRlIGFsaWVudG8gYSBsYSBwYXJyaWxsYSBxdWUgcHJlcGFybyB5by4=,W01hbnR1ZSBUYXJhXQpEaWVzZXIgTmFyciB2ZXJzdWNodCBzY2hvbiB3aWVkZXIsIGFsbGUgw7xiZXJzIE9ociB6dSBoYXVlbiEgSMO2cnQgbWlyIHp1LCBBYmVudGV1cmVyLiBEYXMgZWluemlnZSByZXByw6RzZW50YXRpdmUgR2VyaWNodCB2b24gQ29tb2RvLCBkYXMgdm9uIFR1cnBhIGjDtmNoc3RwZXJzw7ZubGljaCBhbmVya2FubnQgd3VyZGUsIGlzdCBuaWNodCBzbyBlaW4gQmFydG51ZGVsemV1Zywgc29uZGVybiBtZWluIE1hbmR1IOKAnkZsYW1tZW5hdGVt4oCcIQ==,W01hbnR1ZSBUYXJhXQpDZXQgaWRpb3QgZXNzYWllIGVuY29yZSBk4oCZYXJuYXF1ZXIgbGVzIGdlbnMgISDDiWNvdXRlei1tb2ksIGF2ZW50dXJpZXIuIMOAIENvbW9kbywgbGUgc2V1bCBwbGF0IGVtYmzDqW1hdGlxdWUgcmVjb25udSBwYXIgbGUgU2VpZ25ldXIgVG91cnBhLCBjZSBuZSBzb250IHBhcyBzZXMgbm91aWxsZXMgOiBjZSBzb250IG1lcyBSYXZpb2xpcyBncmlsbMOpcyDDoCBsYSBmbGFtbWUgIQ==,W01hbnRvZSBUYXJhXQpPcmFuZyBpbmkgbWVuZ2FyYW5nIGxhZ2khCkFkdmVudHVyZXIsIHRvbG9uZyBkZW5nYXJrYW4gdmVyc2lrdS4KU2F0dS1zYXR1bnlhIGhpZGFuZ2FuIHlhbmcgYmVuYXItYmVuYXIgZGlha3VpIG9sZWggTG9yZCBUdXJwYSBkaSBDb21vZG8gYnVrYW4gbWkgamFuZ2d1dCBpdHUsCm1lbGFpbmthbiBDaGFyY29hbC1Ccm9pbGVkIEJyZWF0aCBEdW1wbGluZyBidWF0YW5rdSE=,W01hbnRvZSBUYXJhXQpCdSBhaG1hayB5aW5lIGRvbGFuZMSxcsSxY8SxbMSxayB5YXDEsXlvciEgU8O2esO8bcO8IGRpbmxleWluLCBtYWNlcmFjxLEuIENvbW9kb2RhIFR1cnBhIEVmZW5kaSB0YXJhZsSxbmRhbiBrYWJ1bCBnw7ZybcO8xZ8gdGVrIG1lxZ9odXIgeWVtZWssIMWfdSBzYWthbCBlcmnFn3Rlc2kgZ2liaSBiaXIgxZ9leSBkZcSfaWw7IGJlbmltIHlhcHTEscSfxLFtIEvDtm3DvHJkZSBJemdhcmEgTmVmZXMgTWFudMSxc8SxZMSxci4=
FrGe,W+unjO2IrOyXkCDtg4DrnbxdCuyggO2drCDtlaDrqLjri4jsnZgg7ZWg66i464uI7J2YIO2VoOuouOuLiOq7mOyEnCDtlbTro6Hri5jqu5gg7KCE7IiY67Cb7J2AIOqwleugpe2VnCDtmZTroKXsnLzroZwg6rWs7JuM64K07IScIOqyieydgCDrsJTsgq0sIOyGjeydgCDstInstIntlZjqsowg7Jyh7KaZ7J20IOyehSDslYjsl5Ag7Y+t7Y+s7IiY7LKY65+8Li4u,W01hbnRvZSBUYXJhXQpHcmlsbGVkIHdpdGggdGhlIG1pZ2h0eSBmbGFtZXMgcGFzc2VkIGRvd24gZnJvbSBteSBncmFuZG1vdGhlcuKAmXMgZ3JhbmRtb3RoZXLigJlzIGdyYW5kbW90aGVyLAp0YXVnaHQgZGlyZWN0bHkgYnkgdGhlIFNlYSBEcmFnb24gaGltc2VsZiEKQ3Jpc3B5IG91dHNpZGUsIGp1aWN5IGluc2lkZeKAlHRoZSBqdWljZXMgYnVyc3QgaW4geW91ciBtb3V0aCBsaWtlIGEgd2F0ZXJmYWxsIQ==,,W+abvOaJmMK35aGU5ouJXQrnlKjmiJHlpbblpbbnmoTlpbblpbbnmoTlpbblpbbku47mtbfpvpnlpKfkurrpgqPph4zkvKDmjojnmoTlvLrlpKfngavlipvng6Tlh7rmnaXvvIzlpJbnmq7phaXohIbvvIzlhoXph4zmub/mtqbvvIzogonmsYHlnKjlmLTph4zlg4/ngJHluIPkuIDmoLcuLi4=,,W01hbnRvZSBUYXJhXQrguKrguLnguJXguKPguJnguLXguYnguKrguLfguJrguJfguK3guJTguKHguLLguIjguLLguIHguJrguKPguKPguJ7guJrguLjguKPguLjguKnguJfguLXguYjguYTguJTguYnguKPguLHguJrguKfguLTguIrguLLguIjguLLguIHguJfguYjguLLguJnguKHguLHguIfguIHguKMg4LmD4LiK4LmJ4LmE4Lif4LmB4Lij4LiH4Lii4LmI4Liy4LiH4LiI4LiZ4LiB4Lij4Lit4Lia4LiZ4Lit4LiBIOC4ieC5iOC4s+C5g+C4mSDguJnguYnguLPguIvguLjguJvguYTguKvguKXguJfguLDguKXguLHguIHguYDguKvguKHguLfguK3guJnguJnguYnguLPguJXguIHguYPguJnguJvguLLguIHigKY=,,,W01hbnR1ZSBUYXJhXQpMb3MgYXNhbW9zIGNvbiBlbCBwb3RlbnRlIGZ1ZWdvIHF1ZSBsYSBhYnVlbGEgZGUgbGEgYWJ1ZWxhIGRlIGxhIGFidWVsYSBkZSBudWVzdHJhIEFidWVsYSBhcHJlbmRpw7MgZGVsIERyYWfDs24gTWFyaW5vLCBkZWrDoW5kb2xvcyBjcnVqaWVudGVzIHBvciBmdWVyYSB5IGp1Z29zb3MgcG9yIGRlbnRybywgY29uIHVuIGp1Z28gcXVlIGludW5kYSBsYSBib2NhIGNvbW8gdW5hIGNhc2NhZGEuLi4=,W01hbnR1ZSBUYXJhXQpNaXQgZGVyIGdld2FsdGlnZW4gSGl0emUsIGRpZSBzY2hvbiBkaWUgVXItVXItVXJncm/Dn211dHRlciBtZWluZXIgR3Jvw59tdXR0ZXIgdm9tIFNlZWRyYWNoZW5oZXJybiDDvGJlcmxpZWZlcnQgYmVrYW0sIHdlcmRlbiBzaWUgZ2VicmF0ZW46IGF1w59lbiBrbnVzcHJpZywgaW5uZW4gc2FmdGlnLCB1bmQgZGVyIEZsZWlzY2hzYWZ0IGVyZ2llw590IHNpY2ggaW0gTXVuZCB3aWUgZWluIFdhc3NlcmZhbGwuLi4=,W01hbnR1ZSBUYXJhXQpKZSBsZXMgZ3JpbGxlIGF2ZWMgdW4gZmV1IHJlZG91dGFibGUgdHJhbnNtaXMgZGVwdWlzIGzigJlhcnJpw6hyZS1hcnJpw6hyZS1hcnJpw6hyZS1ncmFuZC1tw6hyZSBkZSBtYSBncmFuZC1tw6hyZSAhIENyb3VzdGlsbGFudHMgZGVob3JzLCBqdXRldXggZGVkYW5zLi4uIHVuZSB2cmFpZSBjYXNjYWRlIGRlIGp1cyAh,W01hbnRvZSBUYXJhXQpEaXBhbmdnYW5nIGRlbmdhbiBhcGkgZGFoc3lhdCB5YW5nIGRpd2FyaXNrYW4gZGFyaSBuZW5la255YSBuZW5layBidXl1dGt1LApkaWFqYXJrYW4gbGFuZ3N1bmcgb2xlaCBOYWdhIExhdXQhClJlbnlhaCBkaSBsdWFyLCBsZW1idXQgZGkgZGFsYW3igJRzYXJpbnlhIG1lbGVkYWsgZGkgbXVsdXQgc2VwZXJ0aSBhaXIgdGVyanVuIQ==,W01hbnRvZSBUYXJhXQpCw7x5w7xrYW5uZW1pbiBiw7x5w7xrYW5uZXNpbmluIGLDvHnDvGthbm5lc2luaW4gRGVuaXogRWpkZXJoYXPEsSBFZmVuZGltaXogZGVuIMO2xJ9yZW5kacSfaSBnw7zDp2zDvCBhdGXFnyBnw7xjw7x5bGUgcGnFn2lyaWxpcjsgZMSxxZ/EsSDDp8SxdMSxciwgacOnaSBzdWx1LCBldCBzdXl1IGHEn3rEsW4gacOnaW5kZSDFn2VsYWxlIGdpYmkuLi4=
F7Ge,W+q1reyInOyImF0K7KCAIOuGiOydtCDqt7gg7KSR7JqU7ZWcIOusuOygnOyeheuLiOuLpCEg7KCAIOyCrOq4sOq+vOydtCDsnpDquLDrhKTqsIAg7KeE7KecIOybkOyhsOudvOuptOyEnCDsnpDqvrgg7Iuc67mE66W8IOqxuOyngCDslYrqsqDsirXri4jquYwuIOuCtCDsmKTripjsnYAg6re4656Y7IScIOydtCDrqrvrkJwg64WA7ISd7J2YIOyhsOuPmeyVhOumrOulvCDslrTrlrvqsozrk6Ag64uk66y86rKMIO2VtOyVvC4uLg==,W0d1ayBTdW5zdV0KVGhlcmUhIFRoYXQgbWFuIHJpZ2h0IHRoZXJlIGlzIHRoZSBwcm9ibGVtIQpUaGF0IHN3aW5kbGVyIGtlZXBzIGNsYWltaW5nIGhpcyBkaXNoIGlzIHRoZSBvcmlnaW5hbC4KVG9kYXksIEkgc3dlYXIgSeKAmWxsIG1ha2UgdGhhdCBjcm9va2VkIG1vdXRoIG9mIGhpcyBzaHV0IGZvciBnb29kIQ==,,W+meoOmhuua0mV0K6YKj5a625LyZ5bCx5piv6YeN6KaB55qE6Zeu6aKY77yB6YKj5Liq6aqX5a2Q5LiN5piv6ICB6K+05LuW5Lus5omN5piv55yf5q2j55qE5q2j5a6X77yM6L+Y6ICB5p2l5om+6Iys5ZCX44CC5LuK5aSp5oiR5bCx5piv6KaB5oOz5Yqe5rOV6K6p6L+Z5Z2P5a625LyZ55qE6Iet5Zi05peg6K665aaC5L2V6YO96Zet5LiKLi4u,,W0d1ayBTdW5zdV0K4LmA4LiI4LmJ4Liy4LiZ4Lix4LmI4LiZ4LmB4Lir4Lil4Liw4LiE4Li34Lit4Lib4Lix4LiN4Lir4LiyISDguYTguK3guYnguJ7guKfguIHguKvguKXguK3guIHguKXguKfguIfguJfguLXguYjguIrguK3guJrguK3guYnguLLguIfguKfguYjguLLguYDguJvguYfguJnguJXguYnguJnguJXguLPguKPguLHguJog4LiC4LmJ4Liy4LiI4Liw4LiV4LmJ4Lit4LiH4LiX4Liz4LmD4Lir4LmJ4Lih4Lix4LiZ4Lir4Li44Lia4Lib4Liy4LiB4LmD4Lir4LmJ4LmE4LiU4LmJ4LmD4LiZ4Lin4Lix4LiZ4LiZ4Li14LmJIQ==,,,W0d1ayBTdW5zdV0KwqFFc2UgdGlwbyBlcyBlbCB2ZXJkYWRlcm8gcHJvYmxlbWEhIEVzZSBlc3RhZmFkb3Igbm8gZGVqYSBkZSBidXNjYXIgcGVsZWEgZGljaWVuZG8gcXVlIGxvcyBhdXTDqW50aWNvcyBjcmVhZG9yZXMgc29uIGVsbG9zLiDCoUhveSB0ZW5nbyBxdWUgaGFjZXIgcXVlIGVzdGUgbWFsZGl0byBjaWVycmUgZWwgcGljbyBkZSB1bmEgdmV6IHBvciB0b2Rhcy4uLiE=,W0d1ayBTdW5zdV0KRGVyIGRhIGlzdCBkYXMgd2ljaHRpZ2UgUHJvYmxlbSEgRGllc2VyIEJldHLDvGdlciBmw6RuZ3Qgc3TDpG5kaWcgU3RyZWl0IGFuLCB3ZWlsIGVyIGJlaGF1cHRldCwgc2llIHNlaWVuIGRhcyBlY2h0ZSBPcmlnaW5hbC4gRGFydW0gbXVzcyBpY2ggaGV1dGUgaXJnZW5kd2llIGRpZXNlbSBiw7ZzZW4gS2VybCBkYXMgTWF1bCBzdG9wZmVuLi4u,W0d1ayBTdW5zdV0KQydlc3QgbHVpLCBsZSBwcm9ibMOobWUgaW1wb3J0YW50ISBDZXQgZXNjcm9jIG5lIGNlc3NlIHBhcyBkZSBjaGVyY2hlciBsYSBiYWdhcnJlIGVuIHByw6l0ZW5kYW50IHF1ZSBjaGV6IGV1eCwgYydlc3QgbGEgdnJhaWUgcmVjZXR0ZSBkJ29yaWdpbmUuIEFsb3JzIGF1am91cmQnaHVpLCBqZSBkb2lzIGFic29sdW1lbnQgbHVpIGZhaXJlIGZlcm1lciBzb24gY2xhcGV0Li4u,W0d1ayBTdW5zdV0KSXR1IGRpYSEgT3JhbmcgaXR1IHN1bWJlciBtYXNhbGFobnlhIQpQZW5pcHUgaXR1IHRlcnVzIG1lbmdrbGFpbSBoaWRhbmdhbm55YSB5YW5nIGFzbGkuCkhhcmkgaW5pLCBha3UgYmVyc3VtcGFoIGFrYW4gbWVtYnVuZ2thbSBtdWx1dG55YSB1bnR1ayBzZWxhbWFueWEh,W0d1ayBTdW5zdV0KxLDFn3RlIMO2bmVtbGkgbWVzZWxlIG8gaGVyaWYhIMWedSBkb2xhbmTEsXLEsWPEsSwga2VuZGlsZXJpbmluIGdlcsOnZWsgYXPEsWwgb2xkdcSfdW51IHPDtnlsZXlpcCBkdXJhcmFrIHPDvHJla2xpIHNhdGHFn23EsXlvciBtdS4gQmVuIGRlIGJ1Z8O8biwgYnUga8O2dMO8IGhlcmlmaW4gw6dlbmVzaW5pIGJpciDFn2VraWxkZSBrYXBhdG1hbMSxecSxbS4uLg==
GLGe,66eM64uk66awIDog66eQ7J20IOyLrO2VmOuEpC4uLg==,TWFuZGFyaW4gVGhhdOKAmXMgYSBiaXQgaGFyc2jigKY=,,5pu86L6+5p6XOiDor53or7TlvpflpKrov4fliIbkuoYuLi4=,,TWFuZGFyaW4gOiDguJ7guLnguJTguYHguKPguIfguYTguJvguYHguKXguYnguKfguJnguLAuLi4=,,,TWFuZGFyaW46IFRlIGhhcyBwYXNhZG8gdW4gcG9jby4uLg==,TWFuZGFyaW4gOiBEYXMgaXN0IHNjaG9uIHppZW1saWNoIGhlZnRpZy4uLg==,TWFuZGFyaW4gOiBWb3VzIGV4YWfDqXJlei4uLg==,TWFuZGFyaW4gOiBJdHUgc2VkaWtpdCBrZXRlcmxhbHVhbi4uLg==,TWFuZGFyaW4gOiBTw7Z6bGVyaW4gYcSfxLFyLi4u
GbGe,66Gc66Oo7YOAIDog64KcIOuRmCDri6Qg66eb7J6I642Y642wLiDsm5DsobDqsIAg7KSR7JqU7ZWc6rCAPw==,TG9ydXRhIEhvbmVzdGx5LCBib3RoIHRhc3RlIGdyZWF0LiBEb2VzIHRoZSBvcmlnaW5hbCByZWFsbHkgbWF0dGVyPw==,,5rSb6bKB5aGUOiDmiJHop4nlvpfkuKTkuKrpg73lpb3lkIPjgILmraPlrpfph43opoHlkJfvvJ8=,,TG9ydXRhIDog4LiC4LmJ4Liy4Lin4LmI4Liy4Lih4Lix4LiZ4LiB4LmH4Lit4Lij4LmI4Lit4Lii4LiX4Lix4LmJ4LiH4LiE4Li54LmIIOC4iOC4sOC5gOC4m+C5h+C4meC4leC5ieC4meC4leC4s+C4o+C4seC4muC5hOC4m+C4l+C4s+C5hOC4oQ==,,,TG9ydXRhOiBBIG3DrSBtZSBndXN0YWJhbiBsb3MgZG9zLiDCv1RhbiBpbXBvcnRhbnRlIGVzIHF1acOpbiBmdWUgZWwgcHJpbWVybz8=,TG9ydXRhIDogSWNoIGZhbmQgYmVpZGUgbGVja2VyLiBJc3QgZGFzIE9yaWdpbmFsIHNvIHdpY2h0aWc/,TG9ydXRhIDogTW9pLCBqJ2FpIHRyb3V2w6kgbGVzIGRldXggZMOpbGljaWV1eC4gTCdvcmlnaW5lLCBjJ2VzdCBzaSBpbXBvcnRhbnQ/,TG9ydXRhIDogTWVudXJ1dGt1IGR1YS1kdWFueWEgZW5hay4gTWVtYW5nbnlhIHBlbnRpbmcgeWFuZyBhc2xpPw==,TG9ydXRhIDogQmVuY2UgaWtpc2kgZGUgbGV6emV0bGl5ZGkuIEFzxLFsIG9sYW7EsW4gbmUgw7ZuZW1pIHZhcj8=
GrGe,6rO17IaQ7ZWYIDog66y066GA7ZWcIOyekOuTpOydtOuhnOuLpC4=,R29uZ3N1bmhhIFN1Y2ggZGlzY291cnRlb3VzIGJlaGF2aW9yLg==,,5YWs5a2Z5aSPOiDnnJ/mmK/kupvml6DnpLzkuYvlvpLjgII=,,R29uZ3N1bmhhIDog4LiK4LmI4Liy4LiH4LmE4Lij4LmJ4Lih4Liy4Lij4Lii4Liy4LiX4LmA4Liq4Li14Lii4LiI4Lij4Li04LiH,,,R29uZ3N1bmhhOiBRdcOpIGdlbnRlIHRhbiBtYWxlZHVjYWRhLg==,R29uZ3N1bmhhIDogV2llIHVuZ2Vob2JlbHQgZGllc2UgTGV1dGUgZG9jaCBzaW5kLg==,R29uZ3N1bmhhIDogUXVlbHMgaW1wdWRlbnRzLg==,R29uZ3N1bmhhIDogT3Jhbmctb3JhbmcgeWFuZyB0aWRhayBiZXJhZGFiLg==,R29uZ3N1bmhhIDogTmUga2FkYXIgZGEga2FiYSBpbnNhbmxhci4=
G7Ge,W+unjO2IrOyXkCDtg4DrnbxdCuydtCDrrLTroYDtlZwg7J6Q6rCAIOuIhOq1tCDrs7Tqs6Ag7IKs6riw6r687J20656YISDslaDstIjsl5Ag7ZW066Oh64uYIOyImOyXvCDqta3siJjrnbzripQg6rKMIOunkOydtCDrkJjrgpghIO2VtOujoeuLmCDsiJjsl7wg672R7JWE64ukIOq1reyImCDrp5Dqsow/IOuqqO2XmOqwgOuLmC4g7KCcIOydtOyVvOq4sCDsooAg65Ok7Ja0IOyjvOyLreyLnOyYpC4=,W01hbnRvZSBUYXJhXQpXaG8gYXJlIHlvdSBjYWxsaW5nIGEgc3dpbmRsZXI/IQpEcmFnb24gQmVhcmQgTm9vZGxlcyBkb27igJl0IGV2ZW4gbWFrZSBzZW5zZSEKQXJlIHlvdSBwbHVja2luZyB0aGUgU2VhIERyYWdvbuKAmXMgYmVhcmQgdG8gbWFrZSBub29kbGVzPwpBZHZlbnR1cmVyLCBwbGVhc2UgbGlzdGVuIHRvIG1lIQ==,,W+abvOaJmMK35aGU5ouJXQrkvaDov5nml6DnpLzkuYvlvpLnnIvnnYDosIHor7TpqpflrZDlkaLvvIHkuIDlvIDlp4vlsLHor7Tku4DkuYjmtbfpvpnlpKfkurrnmoTog6HpobvpnaLvvIzov5nlg4/or53lkJfvvIHpmr7pgZPopoHmi5TmtbfpvpnlpKfkurrnmoTog6HpobvmnaXlgZrpnaLlkJfvvJ/lhpLpmanogIXjgILor7flkKzmiJHor7Tlh6Dlj6XjgII=,,W01hbnRvZSBUYXJhXQrguYDguIjguYnguLLguIHguKXguYnguLLguJTguLXguK3guKLguYjguLLguIfguYTguKPguYDguKPguLXguKLguIHguILguYnguLLguKfguYjguLLguITguJnguYLguIHguIchIOC4muC4sOC4q+C4oeC4teC5iOC4q+C4meC4p+C4lOC4oeC4seC4h+C4geC4o+C4reC4sOC5hOC4o+C4meC4seC5iOC4meC4oeC4seC4meC4iOC4sOC5gOC4m+C5h+C4meC5hOC4m+C5hOC4lOC5ieC4q+C4o+C4t+C4rSDguIjguLDguYTguJvguJbguK3guJnguKvguJnguKfguJTguJfguYjguLLguJnguKHguLHguIfguIHguKPguKHguLLguJfguLPguYDguKrguYnguJnguKvguKPguLfguK3guK3guKLguYjguLLguIfguYTguKMg4LiX4LmI4Liy4LiZ4LiZ4Lix4LiB4Lic4LiI4LiN4Lig4Lix4LiiIOC4n+C4seC4h+C4guC5ieC4suC4geC5iOC4reC4mSE=,,,W01hbnR1ZSBUYXJhXQrCoUluc29sZW50ZSEgwr9BIHF1acOpbiBsbGFtYXMgZXN0YWZhZG9yPyBQYXJhIGVtcGV6YXIsIMK/dGllbmUgc2VudGlkbyBlc28gZGUgbG9zIGZpZGVvcyBkZSBiYXJiYSBkZWwgRHJhZ8OzbiBNYXJpbm8/IMK/VmFzIGEgYXJyYW5jYXJsZSBsYSBiYXJiYSBhbCBEcmFnw7NuIE1hcmlubyBwYXJhIGhhY2VyIGZpZGVvcz8gQXZlbnR1cmVybywgZXNjdWNoZSBtaSBoaXN0b3JpYS4=,W01hbnR1ZSBUYXJhXQpXZW4gbmVubnQgZGllc2VyIHVudmVyc2Now6RtdGUgS2VybCBoaWVyIGVpbmVuIEJldHLDvGdlcj8hIEVyZ2lidCBkYXMgbWl0IGRlbiBTZWVkcmFjaGVuYmFydC1OdWRlbG4gZGVubiDDvGJlcmhhdXB0IFNpbm4/IFNvbGwgbWFuIGRlbSBTZWVkcmFjaGVuIGV0d2EgZGVuIEJhcnQgYXVzcmVpw59lbiB1bmQgZGFyYXVzIE51ZGVsbiBtYWNoZW4/IEFiZW50ZXVyZXIsIGjDtnJ0IGV1Y2ggYml0dGUgbWVpbmUgR2VzY2hpY2h0ZSBhbi4=,W01hbnR1ZSBUYXJhXQpRdWkgdHUgdHJhaXRlcyBk4oCZZXNjcm9jID8hIERlcyBub3VpbGxlcyDDoCBsYSBiYXJiZSBkdSBTZWlnbmV1ciBEcmFnb24gZGUgTWVyLCDDp2EgYSBkdSBzZW5zID8hIE9uIGx1aSBhcnJhY2hlIGxhIGJhcmJlIHBvdXIgZmFpcmUgZGVzIG5vdWlsbGVzID8hIEF2ZW50dXJpZXIsIMOpY291dGV6LW1vaS4=,W01hbnR1ZSBUYXJhXQpTaWFwYSB5YW5nIEthbXUgc2VidXQgcGVuaXB1PyEKTWkgamFuZ2d1dCBuYWdhIGl0dSB0aWRhayBtYXN1ayBha2FsIQpNZW1hbmdueWEgS2FtdSBtZW5jYWJ1dCBqYW5nZ3V0IG5hZ2EgbGF1dCB1bnR1ayBtZW1idWF0IG1pPwpBZHZlbnR1cmVyLCB0b2xvbmcgZGVuZ2Fya2FuIGFrdSE=,W01hbnRvZSBUYXJhXQpCdSBrYWJhIGhlcmlmIGtpbWUgZG9sYW5kxLFyxLFjxLEgZGl5b3JtdcWfISBFbiBiYcWfdGEgRGVuaXogRWpkZXJoYXPEsSBFZmVuZGnigJluaW4gQsSxecSxayBFcmnFn3Rlc2kgZGl5ZSBiaXIgxZ9leSBvbHVyIG11ISBEZW5peiBFamRlcmhhc8SxIEVmZW5kaeKAmW5pbiBixLF5xLHEn8SxbsSxIHlvbHVwIGRhIGVyacWfdGUgbWkgeWFwYWNhaz8gTWFjZXJhY8SxLCBsw7x0ZmVuIHPDtnrDvG3DvCBiaXJheiBkaW5sZXlpbi4=
HLGe,W+y9lOuqqOu5hF0K7Z2gLCDtnaAuIOyekOuEpOuTpCDrmJAg7Iu47Jqw64qU6rCAPw==,W0tvbW9iaV0KQWhlbS4gQXJlIHlvdSBsb3QgZmlnaHRpbmcgYWdhaW4/,,W+enkeiOq+avlF0K5ZO877yM5ZO844CC5L2g5Lus5Y+I5Zyo5ZC15p625ZCX77yf,,W0tvbW9iaV0K4Lit4Li34LihIOC5hiDguJ7guKfguIHguYDguIjguYnguLLguJfguLDguYDguKXguLLguLDguIHguLHguJnguK3guLXguIHguYHguKXguYnguKfguKvguKPguLfguK0=,,,W0tvbW9iaV0KRWplbSwgZWplbS4gwr9PdHJhIHZleiBlc3TDoWlzIHBlbGVhbmRvPw==,W0tvbW9iaV0KSG0sIGhtLiBTdHJlaXRldCBpaHIgc2Nob24gd2llZGVyPw==,W0tvbW9iaV0KSHVtLCBodW0uIFZvdXMgdm91cyBkaXNwdXRleiBlbmNvcmU/,W0tvbW9iaV0KQWhlbS4gS2FsaWFuIGJlcnRlbmdrYXIgbGFnaT8=,W0tvbW9iaV0KSMSxbSwgaMSxbS4gU2l6IHlpbmUgbWkga2F2Z2EgZWRpeW9yc3VudXo/
HbGe,W+q1reyInOyImF0K7ZeJLCDsvZTrqqjruYQg7Ja066W07IugISDslYjrhZXtlZjsi63ri4jquYzsmpQuCuyVhOydtOqzoCwg7Iuc64GE65+96rKMIO2VtCDrk5zroKTshJwg7J206rGwIOuptOuqqeydtCDsl4bqtb3sh7wuIOyYpOuKmCDsoJzqsIAg6riw7ZWE7L2UIOyggOuGiOydhCDrsJTsgq3rsJTsgq0uLi4=,W0d1ayBTdW5zdV0KRy1HcmVldGluZ3MsIEVsZGVyIEtvbW9iaSEKTXkgYXBvbG9naWVzIGZvciB0aGUgbm9pc2UuClRvZGF5LCBJIHdhcyBqdXN0IGFib3V0IHRvIG1ha2UgdGhpcyBzY291bmRyZWwgZXh0cmEgY3Jpc3B54oCU,,W+meoOmhuua0mV0K5ZOI77yM56eR6I6r5q+U6ICB5Lq65a6277yB5oKo5aW95ZCX44CCCuWTjuWRgO+8jOiuqeaCqOWQrOWIsOi/meS5iOWQte+8jOecn+aYr+i/h+aEj+S4jeWOu+OAguS7iuWkqeaIkeS4gOWumuimgeaKiumCo+WutuS8meeLoOeLoOW5suiEhi4uLg==,,W0d1ayBTdW5zdV0K4LmC4Lit4LmK4LiwIOC4l+C5iOC4suC4mSBLb21vYmkhIOC4quC4p+C4seC4quC4lOC4teC4guC4reC4o+C4seC4miDguILguYnguLLguILguK3guK3guKDguLHguKLguJfguLXguYjguJfguLPguYPguKvguYnguKfguLjguYjguJnguKfguLLguKIg4Lin4Lix4LiZ4LiZ4Li14LmJ4LiC4LmJ4Liy4LiI4Liw4LiI4Lix4LiU4LiB4Liy4Lij4LmA4LiI4LmJ4Liy4Lir4Lih4Lit4LiZ4Li14LmI4LmD4Lir4LmJ4Lij4Li54LmJ4LmA4Lij4Li34LmI4Lit4LiH4oCm,,,W0d1ayBTdW5zdV0KwqFBaCwgdmVuZXJhYmxlIEtvbW9iaSEgwr9Dw7NtbyBlc3TDoT8KQXksIHF1w6kgdmVyZ8O8ZW56YSBoYWNlciB0YW50byBydWlkby4gwqFIb3kgdm95IGEgZGVqYXIgYSBzZW1lamFudGUgc2ludmVyZ8O8ZW56YSBiaWVuIGNydWppZW50ZS4uLiE=,W0d1ayBTdW5zdV0KSHVjaCwgw4RsdGVzdGVyIEtvbW9iaSEgU2VpZCBnZWdyw7zDn3QuCkFjaCBqZSwgZXMgdHV0IG1pciBmdXJjaHRiYXIgbGVpZCwgZGFzcyB3aXIgc29sY2hlbiBMw6RybSBtYWNoZW4uIERhcyBpc3QgbWlyIHdpcmtsaWNoIHBlaW5saWNoLiBBYmVyIGhldXRlIHdlcmRlIGljaCBkaWVzZW4gS2VybCBnYW56IHNpY2hlciBzY2jDtm4ga251c3ByaWcuLi4=,W0d1ayBTdW5zdV0KT2ggISBBbmNpZW4gS29tb2JpICEKRMOpc29sw6kgcG91ciB0b3V0IGNlIHZhY2FybWUuIEF1am91cmTigJlodWksIGplIHZhaXMgbGUgcsOpZHVpcmUgZW4gbWlldHRlcy4uLg==,W0d1ayBTdW5zdV0KU2FsYW0sIFRldHVhIEtvbW9iaSEKTWFhZiBhdGFzIGtlcmlidXRhbiBpbmkuCkhhcmkgaW5pLCBha3UgaGFtcGlyIHNhamEgbWVtYnVhdCBvcmFuZyBpbmkgbWVuamFkaSBla3N0cmEgcmVueWFo4oCU,W0d1ayBTdW5zdV0KSMSxaywgS29tb2JpIGLDvHnDvMSfw7xtISBOYXPEsWxzxLFuxLF6LgpBaCwgc2l6aSByYWhhdHPEsXogZXR0acSfaW1peiBpw6dpbiB5w7x6w7xtIHlvay4gQnVnw7xuIG11dGxha2EgbyBoZXJpZmkgw6fEsXTEsXIgw6fEsXTEsXIuLi4=
HrGe,W+unjO2IrOyXkCDtg4DrnbxdCuy9lOuqqOu5hCDslrTrpbTsi6AhIOyjhOyGoe2VqeuLiOuLpCwg7Iuc64GE65+s7Jqw7IWo7KeA7JqUPyDqsbHsoJUg66eI7Iut7Iuc7JikLiDsoJzqsIAg7Jik64qY7J2AIOq8rSDslrTrpqzshJ3snYAg7J6Q7J2YIOyImOyXvOydhCDrvZHslYTshJwg6rWt7IiY66W8Li4u,W01hbnRvZSBUYXJhXQpFbGRlciBLb21vYmkhIFBsZWFzZSBmb3JnaXZlIHVzIGZvciB0aGUgZGlzdHVyYmFuY2UuCkRvIG5vdCB3b3JyeSwgSSB3YXMgbWVyZWx5IGFib3V0IHRvIHBsdWNrIHRoaXMgZm9vbOKAmXMgYmVhcmQgYW5kIHR1cm4gaXQgaW50byBub29kbGVz4oCU,,W+abvOaJmMK35aGU5ouJXQrnp5Hojqvmr5TogIHkurrlrrbvvIHlr7nkuI3otbfvvIzlkLXliLDmgqjkuoblkKfvvJ/or7fliKvmi4Xlv4PjgILku4rlpKnmiJHkuIDlrpropoHmi5TkuIvpgqPmhJrooKLkuYvlvpLnmoTog6HpobvmnaXlgZrpnaIuLi4=,,W01hbnRvZSBUYXJhXQrguJfguYjguLLguJkgS29tb2JpIOC4guC4reC4reC4oOC4seC4ouC4l+C4teC5iOC4o+C4muC4geC4p+C4mSDguKfguLHguJnguJnguLXguYnguILguYnguLLguIjguLDguJbguK3guJnguKvguJnguKfguJTguYDguIjguYnguLLguYLguIfguYjguJnguLXguYjguKHguLLguJfguLPguJrguLDguKvguKHguLXguYjguYPguKvguYnguJTguLnigKY=,,,W01hbnR1ZSBUYXJhXQrCoVZlbmVyYWJsZSBLb21vYmkhIExvIHNpZW50bywgwr9sZSBoZW1vcyBtb2xlc3RhZG8/IE5vIHNlIHByZW9jdXBlLiBIb3kgbWlzbW8gbGUgYXJyYW5jYXLDqSBsYSBiYXJiYSBhIHNlbWVqYW50ZSBpZGlvdGEgeSBoYXLDqSB1bm9zIGZpZGVvcyBjb24gZWxsYS4uLg==,W01hbnR1ZSBUYXJhXQrDhGx0ZXN0ZXIgS29tb2JpISBWZXJ6ZWlodCwgd2lyIHdhcmVuIHdvaGwgZXR3YXMgbGF1dCwgbmljaHQgd2Focj8gS2VpbmUgU29yZ2UuIEhldXRlIHJ1cGZlIGljaCBkaWVzZW0gTmFycmVuIGdhbnogYmVzdGltbXQgZGVuIEJhcnQgYXVzIHVuZCBtYWNoZSBkYXJhdXMgTnVkZWxuLi4u,W01hbnR1ZSBUYXJhXQpBbmNpZW4gS29tb2JpICEgRMOpc29sw6kgcG91ciBjZSB2YWNhcm1lLgpOZSB2b3VzIGlucXVpw6l0ZXogcGFzIDogYXVqb3VyZOKAmWh1aSwgamUgdmFpcyBsdWkgYXJyYWNoZXIgbGEgYmFyYmUgcG91ciBlbiBmYWlyZSBkZXMgbm91aWxsZXMuLi4=,W01hbnR1ZSBUYXJhXQpUZXR1YSBLb21vYmkhIE1hYWZrYW4ga2VyaWJ1dGFuIGthbWkuIApUZW5hbmcgc2FqYSwgYWt1IGhhbnlhIG1hdSBtZW5jYWJ1dCBqYW5nZ3V0IGRpYSB1bnR1ayBkaWJ1YXQgbWnigJQ=,W01hbnRvZSBUYXJhXQpLb21vYmkgYsO8ecO8xJ/DvG0hIMOWesO8ciBkaWxlcmltLCBnw7xyw7xsdMO8IG3DvCB5YXB0xLFrPyBNZXJhayBldG1leWluLiBCdWfDvG4gbXV0bGFrYSBvIGFwdGFsxLFuIGLEsXnEscSfxLFuxLEgeW9sdXAgZGEgZXJpxZ90ZXlpLi4u
H7Ge,6rWt7Iic7IiYIDog7J2064aIISDsnbQg66eM65GQ7ZS87JeQIOyLuCDrsoTrprQg64aIIQ==,R3VrIFN1bnN1IFlvdSByYXNjYWwhIEnigJlsbCB3cmFwIHlvdSB1cCBpbiBkdW1wbGluZyBza2luIQ==,,6Z6g6aG65rSZOiDkvaDov5nlrrbkvJnvvIHnnIvmiJHmiorkvaDljIXov5vov5nljIXlrZDnmq7ph4zvvIE=,,R3VrIFN1bnN1IDog4LmE4Lit4LmJ4LiZ4Li14LmIISDguYDguJTguLXguYvguKLguKfguILguYnguLLguIjguLDguYDguK3guLLguYDguIjguYnguLLguYTguJvguKvguYjguK3guYDguJvguYfguJnguYTguKrguYnguYDguIHguLXguYrguKLguKfguYDguKrguLXguKLguYDguKXguKIh,,,R3VrIFN1bnN1OiDCoVTDuiEgwqFUZSBlbnZvbHZlcsOpIGVuIG1hc2EgZGUgTWFuZHUh,R3VrIFN1bnN1IDogRHUgTWlzdGtlcmwhIERpY2ggd2lja2VsIGljaCBnbGVpY2ggaW4gTWFuZHUtVGVpZyBlaW4h,R3VrIFN1bnN1IDogRXNww6hjZSBkZS4uLiBKZSB2YWlzIHTigJllbnZlbG9wcGVyIGRhbnMgY2V0dGUgcMOidGUgw6AgcmF2aW9saSE=,R3VrIFN1bnN1IDogS3VyYW5nIGFqYXIhIEt1YnVuZ2t1cyBLYW11IGRlbmdhbiBrdWxpdCBwYW5nc2l0IQ==,R3VrIFN1bnN1IDogU2VuaSBnaWRpIHNlbmkhIFNlbmkgxZ91IG1hbnTEsSBoYW11cnVuYSBzYXJhY2HEn8SxbSE=
ILGe,66eM7Yis7JeQIDog7J20IOq1reyImOulvCDrp5DslYQg67KE66a0IOyekCDqsJnsnLzri4gh,TWFudHVlIEnigJlsbCByb2xsIHlvdSB1cCBsaWtlIGEgbm9vZGxlIQ==,,5pu85Zu+5Z+DOiDkvaDov5nlrrbkvJnvvIHnnIvmiJHmiorkvaDljbfov5vov5npnaLph4zvvIE=,,TWFudHVlIDog4LmA4LiI4LmJ4Liy4LiZ4Li14LmIISDguJnguYjguLLguIjguLDguYDguK3guLLguYTguJvguKHguYnguKfguJnguYDguJvguYfguJnguYDguKrguYnguJnguJrguLDguKvguKHguLXguYjguYPguKvguYnguKvguKHguJQh,,,TWFudHVlOiDCoVkgdMO6IGFjYWJhcsOhcyBlbnJvbGxhZG8gZW4gZXN0b3MgZmlkZW9zIQ==,TWFudHVlIDogRGljaCByb2xsIGljaCBnbGVpY2ggaW4gZGllc2UgTnVkZWxuIGVpbiE=,TWFudHVlIDogRXNww6hjZSBkZS4uLiBKZSB2YWlzIHTigJllbnJvdWxlciBkYW5zIGNlcyBub3VpbGxlcyE=,TWFudHVlIDogQWt1IGFrYW4gbWVuZ2d1bHVuZ211IHNlcGVydGkgbWkh,TWFudHVlIDogU2VuaSBnaWRpIHNlbmkhIFNlbmkgxZ91IGVyacWfdGV5ZSBzYXJhY2HEn8SxbSE=
IbGe,W+y9lOuqqOu5hF0K6re466eM65OkIO2VmOyLnOqyjCEK7J6Q64Sk65Ok7J20IOunpOydvCDsnbTroIfqsowg7Iu47JuM64yA64uIIOy9lOuqqOuPhOyXkCDrsKnrrLjtlZjsi6Ag7IaQ64uY65Ok66eI7KCAIOu2iO2OuO2VtO2VmOyngCDslYrripTqsIAu,W0tvbW9iaV0KRW5vdWdoIQpZb3VyIGRhaWx5IGJpY2tlcmluZyBpcyBtYWtpbmcgZXZlbiBvdXIgdmlzaXRvcnMgdW5jb21mb3J0YWJsZS4=,,W+enkeiOq+avlF0K6YO957uZ5oiR5L2P5omL77yBCuS9oOS7rOavj+Wkqei/meagt+WQteadpeWQteWOu++8jOi/nuadpeWFi+mtlOWym+iuv+mXrueahOWuouS6uumDveinieW+l+S4jeiIkuacjeS6hu+8jOS4jeaYr+WQl+OAgg==,,W0tvbW9iaV0K4Lie4Lit4LmE4LiU4LmJ4LmB4Lil4LmJ4LinISDguJ7guKfguIHguYDguIjguYnguLLguJfguLDguYDguKXguLLguLDguIHguLHguJnguJfguLjguIHguKfguLHguJnguYHguJrguJrguJnguLXguYkg4LmB4LiC4LiB4LiX4Li14LmI4Lih4Liy4LmA4Lii4Li34Lit4LiZ4LiB4LmH4Lil4Liz4Lia4Liy4LiB4LmD4LiI4LiZ4Liw,,,W0tvbW9iaV0KwqFEZWphZGxvIHlhIQpTaSBvcyBwZWxlw6FpcyBhc8OtIHRvZG9zIGxvcyBkw61hcywgwr9ubyBjcmXDqWlzIHF1ZSBoYXN0YSBsb3MgdmlzaXRhbnRlcyBkZSBDb21vZG8gc2Ugc2llbnRlbiBpbmPDs21vZG9zPw==,W0tvbW9iaV0KU2NobHVzcyBqZXR6dCEKV2VubiBpaHIgamVkZW4gVGFnIHNvIGzDpHJtdCB1bmQgc3RyZWl0ZXQsIHdlcmRlbiBhbSBFbmRlIHNvZ2FyIHVuc2VyZSBCZXN1Y2hlciBpbiBDb21vZG8gbm9jaCB2ZXJncmF1bHQu,W0tvbW9iaV0Kw4dhIHN1ZmZpdCAhClZvdXMgdm91cyBiYXR0ZXogdG91cyBsZXMgam91cnMuIE3Dqm1lIGxlcyB2aXNpdGV1cnMgZGUgQ29tb2RvIGVuIHNvbnQgZ8OqbsOpcy4=,W0tvbW9iaV0KQ3VrdXAhClBlcnRlbmdrYXJhbiBrYWxpYW4gc2V0aWFwIGhhcmkgbWVtYnVhdCB0dXJpcyB0aWRhayBueWFtYW4u,W0tvbW9iaV0KWWV0ZXIgYXJ0xLFrIQpTaXogaGVyIGfDvG4gYsO2eWxlIGthdmdhIGVkaXAgZHVydW5jYSBDb21vZG/igJl5dSB6aXlhcmV0IGVkZW4gbWlzYWZpcmxlciBiaWxlIHJhaGF0c8SxeiBvbG11eW9yIG11Pw==
IrGe,W+y9lOuqqOu5hF0K64K0IOyDneqwgeydtCDsnojsnLzri4gsIOuCtCDsnbTslbzquLDrpbwg7KKAIOuTpOyWtOuztOyLnOqyjC4=,W0tvbW9iaV0KSSBoYXZlIGFuIGlkZWEuIExpc3RlbiBjYXJlZnVsbHkgdG8gd2hhdCBJIGhhdmUgdG8gc2F5Lg==,,W+enkeiOq+avlF0K5oiR5pyJ5Liq5oOz5rOV77yM5L2g5Lus5YWI5ZCs5oiR6K+06K+044CC,,W0tvbW9iaV0K4LiC4LmJ4Liy4LiE4Li04LiU4LmE4Lin4LmJ4LmB4Lil4LmJ4LinIOC4peC4reC4h+C4n+C4seC4h+C4guC5ieC4suC4geC5iOC4reC4mQ==,,,W0tvbW9iaV0KVGVuZ28gdW5hIGlkZWEsIGFzw60gcXVlIGVzY3VjaGFkbWUgdW4gbW9tZW50by4=,W0tvbW9iaV0KSWNoIGhhYmUgZGEgZWluZW4gR2VkYW5rZW4sIGFsc28gaMO2cnQgbWlyIGJpdHRlIGt1cnogenUu,W0tvbW9iaV0KSuKAmWFpIHVuZSBpZMOpZS4gw4ljb3V0ZXotbW9pLg==,W0tvbW9iaV0KQWt1IHB1bnlhIGlkZS4gRGVuZ2Fya2FuIGFrdSBzZWJlbnRhci4=,W0tvbW9iaV0KQmlyIGTDvMWfw7xuY2VtIHZhciwgbyB5w7x6ZGVuIHPDtnrDvG3DvCBiaXJheiBkaW5sZXlpbi4=
I7Ge,W+q1reyInOyImF0K6rWt7IiYIO2VnCDqt7jrpocg65Oc7Iuc66C164uI6rmMPw==,W0d1ayBTdW5zdV0KV291bGQgeW91IGxpa2UgYSBib3dsIG9mIG5vb2RsZXM/,,W+meoOmhuua0mV0K6KaB5p2l5LiA56KX6Z2i5ZCX77yf,,W0d1ayBTdW5zdV0K4Liq4LiZ4LmD4LiI4Lia4Liw4Lir4Lih4Li14LmI4Liq4Lix4LiB4LiK4Liy4Lih4Lir4Lij4Li34Lit4LmE4Lih4LmI,,,W0d1ayBTdW5zdV0Kwr9MZSBhcGV0ZWNlIHVuIGN1ZW5jbyBkZSBmaWRlb3M/,W0d1ayBTdW5zdV0KTcO2Y2h0ZXQgSWhyIGVpbmUgU2Now7xzc2VsIE51ZGVsbj8=,W0d1ayBTdW5zdV0KVm91bGV6LXZvdXMgdW4gYm9sIGRlIG5vdWlsbGVzPw==,W0d1ayBTdW5zdV0KS2FtdSBtYXUgc2VtYW5na3VrIG1pZT8=,W0d1ayBTdW5zdV0KQmlyIGthc2UgZXJpxZ90ZSBpc3RlciBtaXNpbml6Pw==
JLGe,W+q1reyInOyImF0K7L2U66qo64+E7JeQIOyYpOyLnOuptCDqvK0g65Oc7IWU7JW8IO2VmOuKlCDsoITthrXsnojripQg7JqU66as7KeA7JqULiDsoIDtnawg7ZWg66i464uY7J2YIO2VoOuouOuLmOydmCDtlaDrqLjri5gg64yA67aA7YSwIOyghO2VtCDrgrTroKTsmKTripQg6rKB64uI64ukLiDtlbTro6Hri5jsnZgg7IiY7Je87J2EIOuzuOuUsOyEnCDrp4zrk6Ag6ri46rOgIOqwgOuKkOuLpOuegCDqta3siJjrpbwg7JWE66aE64u16rKMIOunkOyVhOuCtOyEnC4uLg==,W0d1ayBTdW5zdV0KV2hlbiB5b3UgdmlzaXQgQ29tb2RvLCB0aGlzIGlzIGEgdHJhZGl0aW9uYWwgZGlzaCB5b3Ugc2ltcGx5IG11c3QgdHJ5LgpJdOKAmXMgYmVlbiBwYXNzZWQgZG93biBzaW5jZSBteSBncmFuZG1vdGhlcuKAmXMgZ3JhbmRtb3RoZXLigJlzIGdyYW5kbW90aGVyIQpMb25nLCB0aGluIG5vb2RsZXMgaW5zcGlyZWQgYnkgdGhlIFNlYSBEcmFnb27igJlzIGJlYXJkLCBjYXJlZnVsbHkgdHdpcmxlZCBhbmQgc2VydmVk4oCm,,W+meoOmhuua0mV0K5p2l5Yiw5YWL6a2U5bKb5LiA5a6a6KaB5ZCD55qE5Lyg57uf5paZ55CG44CC5piv5LuO5oiR5aW25aW255qE5aW25aW255qE5aW25aW26YKj5LiA5Luj5Lyg5LiL5p2l55qE44CC5oqK5Lu/54Wn5rW36b6Z5aSn5Lq66IOh6aG75YGa5oiQ55qE5Y+I6ZW/5Y+I57uG55qE6Z2i5p2h5ryC5Lqu5Zyw5Y236LW35p2l56uv5LiK5p2lLi4u,,W0d1ayBTdW5zdV0K4Lir4Liy4LiB4Lih4LiyIENvbW9kbyDguYHguKXguYnguKcg4LiV4LmJ4Lit4LiH4Lil4Lit4LiH4LmD4Lir4LmJ4LmE4LiU4LmJIOC5gOC4m+C5h+C4meC4reC4suC4q+C4suC4o+C4lOC4seC5ieC4h+C5gOC4lOC4tOC4oeC4l+C4teC5iOC4quC4t+C4muC4l+C4reC4lOC4oeC4suC4leC4seC5ieC4h+C5geC4leC5iOC4o+C4uOC5iOC4meC4hOC4uOC4k+C4l+C4p+C4lOC4guC4reC4h+C4hOC4uOC4k+C4l+C4p+C4lOC4guC4reC4h+C4guC5ieC4siDguYDguKrguYnguJnguKLguLLguKfguYDguKPguLXguKLguKcg4LmA4Lil4Li14Lii4LiZ4LmB4Lia4Lia4Lir4LiZ4Lin4LiU4LiC4Lit4LiH4LiX4LmI4Liy4LiZ4Lih4Lix4LiH4LiB4Lij4LiX4Liw4LmA4LilIOC4oeC5ieC4p+C4meC4reC4reC4geC4oeC4suC4reC4ouC5iOC4suC4h+C4h+C4lOC4h+C4suC4oS4uLg==,,,W0d1ayBTdW5zdV0KRXMgdW4gcGxhdG8gdHJhZGljaW9uYWwgcXVlIGRlYmUgcHJvYmFyIHNpIHZpc2l0YSBDb21vZG8uIFNlIGhhIHRyYW5zbWl0aWRvIGRlc2RlIGxhIMOpcG9jYSBkZSBsYSBhYnVlbGEgZGUgbGEgYWJ1ZWxhIGRlIG1pIGFidWVsYS4gRW5yb2xsYW1vcyBjb24gZXNtZXJvIHVub3MgZmlkZW9zIGxhcmdvcyB5IGZpbm9zIGluc3BpcmFkb3MgZW4gbGEgQmFyYmEgZGVsIERyYWfDs24gTWFyaW5vLi4u,W0d1ayBTdW5zdV0KV2VubiBJaHIgbmFjaCBDb21vZG8ga29tbXQsIG3DvHNzdCBJaHIgZGllc2VzIHRyYWRpdGlvbnNyZWljaGUgR2VyaWNodCB1bmJlZGluZ3QgcHJvYmllcmVuLiBFcyB3aXJkIHNjaG9uIHNlaXQgZGVuIFplaXRlbiBkZXIgVXItVXItVXItR3Jvw59tdXR0ZXIgbWVpbmVyIEdyb8OfbXV0dGVyIHdlaXRlcmdlZ2ViZW4uIExhbmdlLCBmZWluZSBOdWRlbG4sIGRlbSBCYXJ0IGRlcyBTZWVkcmFjaGVuIG5hY2hlbXBmdW5kZW4sIHdlcmRlbiBrdW5zdHZvbGwgYXVmZ2Vyb2xsdCBzZXJ2aWVydOKApg==,W0d1ayBTdW5zdV0KUXVhbmQgdm91cyB2ZW5leiDDoCBDb21vZG8sIGPigJllc3QgdW4gcGxhdCB0cmFkaXRpb25uZWwgcXVlIHZvdXMgZGV2ZXogYWJzb2x1bWVudCBnb8O7dGVyLiBJbCBzZSB0cmFuc21ldCBkZXB1aXMgbOKAmWFycmnDqHJlLWFycmnDqHJlLWFycmnDqHJlLWdyYW5kLW3DqHJlIGRlIG1hIGdyYW5kLW3DqHJlLiBOb3VzIGVucm91bG9ucyBqb2xpbWVudCBkZSBsb25ndWVzIG5vdWlsbGVzIGZpbmVzLCBmYWl0ZXMgw6AgbOKAmWltYWdlIGRlcyBtb3VzdGFjaGVzIGR1IFNlaWduZXVyIERyYWdvbiBkZSBNZXIuLi4=,W0d1ayBTdW5zdV0KSGlkYW5nYW4gdHJhZGlzaW9uYWwgeWFuZyB3YWppYiBkaWNvYmEgc2FhdCBiZXJrdW5qdW5nIGtlIENvbW9kby4KUmVzZXBueWEgZGl3YXJpc2thbiBkYXJpIG5lbmVrbnlhIG5lbmVrIGJ1eXV0a3UhCk1pIHBhbmphbmcgZGFuIHRpcGlzIHlhbmcgdGVyaW5zcGlyYXNpIGRhcmkgamFuZ2d1dCBOYWdhIExhdXQgeWFuZyBtZWxhbWJhaSwgZGlwaWxpbiBpbmRhaCBsYWx1IGRpc2FqaWthbuKApg==,W0d1ayBTdW5zdV0KQ29tb2Rv4oCZeWEgZ2VsaXJzZW5peiBtdXRsYWthIHllbWVuaXogZ2VyZWtlbiwga8O2a2zDvCBiaXIgZ2VsZW5layB5ZW1lxJ9pZGlyLiBCaXppbSBiw7x5w7xrYW5uZW1pbiBiw7x5w7xrYW5uZXNpbmluIGLDvHnDvGthbm5lc2luZGVuIGJlcmkgYWt0YXLEsWzEsXIuIERlbml6IEVqZGVyaGFzxLEgRWZlbmRp4oCZbmluIGLEsXnEscSfxLFuxLEgw7ZybmVrIGFsYXJhayB5YXDEsWxhbiB1enVuIHZlIGluY2UgZXJpxZ90ZWxlcmkgZ8O8emVsY2Ugc2FyxLFwLi4u
JbGe,W+unjO2IrOyXkCDtg4DrnbxdCuydtCDqsbDsp5Prp5Dsn4HsnbQhIO2VtOujoeuLmCDsiJjsl7wg6rWt7IiY652864uIIOunkOydtCDrkJjrg5AhIO2VtOujoeuLmCDsiJjsl7wg672R7JWE64ukIOq1reyImCDrvZHqsow/IOuqqO2XmOqwgOuLmC4g7KCcIOydtOyVvOq4sCDsooAg65Ok7Ja0IOyjvOyLreyLnOyYpC4=,W01hbnRvZSBUYXJhXQpZb3UgbGlhciEgU2VhIERyYWdvbiBiZWFyZCBub29TdXJhZGxlcz8gVGhhdCBtYWtlcyBubyBzZW5zZSEKWW914oCZcmUgdGVsbGluZyBtZSB5b3UgcGx1Y2sgdGhlIFNlYSBEcmFnb27igJlzIGJlYXJkIHRvIG1ha2Ugbm9vZGxlcz8KQWR2ZW50dXJlciwgcGxlYXNlIGxpc3RlbiB0byBteSBzaWRlLg==,,W+abvOaJmMK35aGU5ouJXQrkvaDov5npqpflrZDvvIHku4DkuYjmtbfpvpnlpKfkurrnmoTog6HpobvpnaLvvIzlg4/or53lkJfvvIHpmr7pgZPopoHmi5TmtbfpvpnlpKfkurrnmoTog6HpobvmnaXmi4npnaLlkJfvvJ/lhpLpmanogIXjgILor7flkKzmiJHor7Tlh6Dlj6XjgII=,,W01hbnRvZSBUYXJhXQrguYTguK3guYnguITguJnguYLguIHguKvguIEhIOC4muC4sOC4q+C4oeC4teC5iOC4q+C4meC4p+C4lOC4oeC4seC4h+C4geC4o+C4reC4sOC5hOC4o+C4meC4seC5iOC4meC4iOC4sOC5gOC4m+C5h+C4meC5hOC4m+C5hOC4lOC5ieC4ouC4seC4h+C5hOC4hyDguIjguLDguYTguJvguJbguK3guJnguKvguJnguKfguJTguJfguYjguLLguJnguKHguLHguIfguIHguKPguKHguLLguJfguLPguYDguKrguYnguJnguKvguKPguLfguK3guKLguLHguIfguYTguIcg4LiX4LmI4Liy4LiZ4LiZ4Lix4LiB4Lic4LiI4LiN4Lig4Lix4LiiIOC4n+C4seC4h+C4guC5ieC4suC4geC5iOC4reC4meC5gOC4luC4tOC4lA==,,,W01hbnR1ZSBUYXJhXQrCoU1lbnRpcm9zbyEgwr9Dw7NtbyB2YSBhIHRlbmVyIHNlbnRpZG8gZXNvIGRlIGxvcyBmaWRlb3MgZGUgQmFyYmEgZGVsIERyYWfDs24gTWFyaW5vPyDCv1ZhcyBhIGFycmFuY2FybGUgbGEgQmFyYmEgYWwgRHJhZ8OzbiBNYXJpbm8gcGFyYSBoYWNlciBmaWRlb3M/IEF2ZW50dXJlcm8sIGVzY3VjaGUgbWkgaGlzdG9yaWEu,W01hbnR1ZSBUYXJhXQpEdSBMw7xnbmVyISBTZWVkcmFjaGVuYmFydC1OdWRlbG4sIHNvbGwgZGFzIGV0d2EgU2lubiBlcmdlYmVuPyEgU29sbCBtYW4gZGVtIFNlZWRyYWNoZW4gZGVuIEJhcnQgYXVzcmVpw59lbiwgdW0gZGFyYXVzIE51ZGVsbiB6dSBtYWNoZW4/IEFiZW50ZXVyZXIsIGjDtnJ0IGV1Y2ggYml0dGUgbWVpbmUgR2VzY2hpY2h0ZSBhbi4=,W01hbnR1ZSBUYXJhXQpFc3DDqGNlIGRlIG1lbnRldXIhIERlcyBub3VpbGxlcyBhdXggbW91c3RhY2hlcyBkdSBTZWlnbmV1ciBEcmFnb24gZGUgTWVyLCDDp2EgYSBkdSBzZW5zPyEgT24gbHVpIGFycmFjaGUgbGVzIG1vdXN0YWNoZXMgcG91ciBlbiBmYWlyZSBkZXMgbm91aWxsZXM/ISBBdmVudHVyaWVyLiBKZSB2b3VzIGVuIHByaWUsIMOpY291dGV6IG1vbiBoaXN0b2lyZS4=,W01hbnR1ZSBUYXJhXQpEYXNhciBwZW1ib2hvbmchIE1pIGphbmdndXQgbmFnYT8gaXR1IHRpZGFrIG1hc3VrIGFrYWwhCk1lbWFuZ255YSBLYW11IG1lbmNhYnV0IGphbmdndXQgbmFnYSBsYXV0IHVudHVrIG1lbWJ1YXQgbWk/CkFkdmVudHVyZXIsIHRvbG9uZyBkZW5nYXJrYW4gYWt1IQ==,W01hbnRvZSBUYXJhXQpTZW5pIHlhbGFuY8SxISBEZW5peiBFamRlcmhhc8SxIEVmZW5kaeKAmW5pbiBCxLF5xLFrIEVyacWfdGVzaSBkZSBuZXltacWfLCBvbHVyIG11IMO2eWxlIMWfZXkhIERlbml6IEVqZGVyaGFzxLEgRWZlbmRp4oCZbmluIGLEsXnEscSfxLFuxLEgeW9sdXAgZGEgZXJpxZ90ZSBtaSDDp2VrZWNlaz8gTWFjZXJhY8SxLCBsw7x0ZmVuIHPDtnrDvG3DvCBiaXJheiBkaW5sZXlpbi4=
JrGe,W+q1reyInOyImF0K6rWt7IiYIO2VnCDqt7jrpocg66eb67O07Iuc6rKMIOuTnOumtOq5jOyalD8=,W0d1ayBTdW5zdV0KQ2FyZSB0byBoYXZlIGEgdGFzdGUgb2Ygb3VyIG5vb2RsZXM/,,W+meoOmhuua0mV0K6KaB5LiN6KaB6K6p5oKo5bCd5LiA56KX6Z2i77yf,,W0d1ayBTdW5zdV0K4LmD4Lir4LmJ4LiC4LmJ4Liy4LiX4Liz4LmD4Lir4LmJ4LmA4LiI4LmJ4Liy4LiK4Li04Lih4Liq4Lix4LiB4LiK4Liy4Lih4LmE4Lir4Lih4LmA4Lil4LmI4Liy,,,W0d1ayBTdW5zdV0Kwr9MZSBndXN0YXLDrWEgcHJvYmFyIHVuIGN1ZW5jbyBkZSBmaWRlb3M/,W0d1ayBTdW5zdV0KU29sbCBpY2ggRXVjaCBlaW5lIFNjaMO8c3NlbCBOdWRlbG4genVtIFByb2JpZXJlbiBzZXJ2aWVyZW4/,W0d1ayBTdW5zdV0KUHVpcy1qZSB2b3VzIGZhaXJlIGdvw7t0ZXIgdW4gYm9sIGRlIG5vdWlsbGVzPw==,W0d1ayBTdW5zdV0KTWF1IGNvYmEgbWkgYnVhdGFuIGthbWk/,W0d1ayBTdW5zdV0KQmlyIGthc2UgZXJpxZ90ZXlpIHRhdG1hbsSxemEgaXppbiB2ZXJleWltIG1pPw==
J7Ge,W+q1reyInOyImF0K66qo7ZeY6rCA64uY7J20IOuPhOyZgOyjvOyLnOq4sOunjCDtlZjrqbQg66eM65GQ64qUIOyMiCDsi7jrk6/snbQg7Iu466i57Ja067KE66as6rOgIOygnOqwgCDsnbTquLgg6rKB64uI64uk7JqULg==,W0d1ayBTdW5zdV0KSWYgeW91IGhlbHAgbWUgb3V0LCBJ4oCZbGwgd3JhcCB0aG9zZSBkdW1wbGluZ3MgdXAgbGlrZSBhIHdyYXAgYW5kIHdpbiB0aGlzIGZvciBzdXJlIQ==,,W+meoOmhuua0mV0K5Y+q6KaB5YaS6Zmp6ICF6IKv5biu5b+Z77yM5oiR5bCx5Lya5YOP5YyF6I+c5LiA5qC35oqK5YyF5a2Q5YyF6LW35p2l5ZCD5o6J77yM54S25ZCO5oiR5bCx6IO96LWi5LqG44CC,,W0d1ayBTdW5zdV0K4Lir4Liy4LiB4LmA4LiI4LmJ4Liy4LiK4LmI4Lin4Lii4LiC4LmJ4LiyIOC4guC5ieC4suC4iOC4sOC4iOC4seC4lOC4geC4suC4o+C5gOC4iOC5ieC4suC5gOC4geC4teC5iuC4ouC4p+C4meC4seC5iOC4meC5gOC4quC4teC4oiDguYHguKXguYnguKfguIrguLHguKLguIrguJnguLDguIHguYfguIjguLDguJXguIHguYDguJvguYfguJnguILguK3guIfguILguYnguLLguK3guKLguYjguLLguIfguYHguJnguYjguJnguK3guJkh,,,W0d1ayBTdW5zdV0KU2kgZWwgQXZlbnR1cmVybyBtZSBheXVkYSwgbWUgbWVyZW5kYXLDqSBsb3MgTWFuZHUgeSBnYW5hcsOpLg==,W0d1ayBTdW5zdV0KV2VubiBJaHIgbWlyIG51ciBoZWxmdCwgd2lja2VsIGljaCBkaWVzZSBNYW5kdSBlaW4sIGFscyB3w6RyJ3MgZ2FyIG5pY2h0cywgdW5kIGRhbm4gZ2V3aW5uZSBpY2gh,W0d1ayBTdW5zdV0KU2kgdm91cyBt4oCZYWlkZXosIGplIGxlcyBwbGllIGNvbW1lIHVuIHNzYW0sIGV0IGplIGdhZ25lICE=,W0d1ayBTdW5zdV0KS2FsYXUga2FtdSBtZW1iYW50dWt1LCBha3UgamFtaW4gYWt1IHBhc3RpIGFrYW4gbWVuYW5nIQ==,W0d1ayBTdW5zdV0KTWFjZXJhY8SxIGJhbmEgeWFyZMSxbSBlZGVyc2VuaXosIG1hbnTEsXnEsSBkw7xyw7xtIGdpYmkgc2FyxLFwIHllcmltIGRlIGJlbiBrYXphbsSxcsSxbS4=
KLGe,W+q1reyInOyImF0K7JiIISDrqqjtl5jqsIDri5gsIOyggO2drOqwgCDquYrsnYAg7J207JW86riw64+EIO2VnCDsgqzsnbQg7JWE64uZ64uI6rmMLiDqvK0g67aA7YOB7J20IOyeiOyKteuLiOuLpC4g7KCA7Z2sIOq1reyImOulvCDrp4zrk5zripQg642wIOq8rSDtlYTsmpTtlZwg66eb7J2EIOyijOyasO2VmOuKlCDsnqzro4zqsIAg7KeR6rKM67Cc7J24642wLCDsp4DquIgg67O07KG07Jqp7Jy866GcIOunkOugpCDrkZQg6rKD67CW7JeQIOyXhuyKteuLiOuLpOyalC4=,W0d1ayBTdW5zdV0KWWVzLCBhZHZlbnR1cmVyISBXZeKAmXZlIHNoYXJlZCBxdWl0ZSBhIHN0b3J5IGFscmVhZHksIGhhdmVu4oCZdCB3ZT8KSSBoYXZlIGEgZmF2b3IgdG8gYXNrLiBUaGUga2V5IGluZ3JlZGllbnQgdGhhdCBkZWZpbmVzIHRoZSBmbGF2b3Igb2Ygb3VyIG5vb2RsZXMgaXMgTmlwcGVyLApidXQgcmlnaHQgbm93IEkgb25seSBoYXZlIGRyaWVkIHN0b2NrIGZvciBwcmVzZXJ2YXRpb24u,,W+meoOmhuua0mV0K5piv77yB5YaS6Zmp6ICF77yM5oiR5Lus5LiN5piv5Lmf6IGK6L+H5LiN5bCR5LqG5ZCX44CC5LiA5a6a5pyJ5Lu25LqL5oOz5ouc5omY5oKo44CC5oiR5Lus5YGa6Z2i5pe25b+F5LiN5Y+v5bCR44CB5Yaz5a6a5ZGz6YGT55qE5p2Q5paZ5piv6ZKz5a2Q77yM5Y+v546w5Zyo5Y+q5pyJ5Li65LqG5L+d5a2Y6ICM5pmS5bmy55qE44CC,,W0d1ayBTdW5zdV0K4LmA4Lit4Liy4Lil4LmI4LiwIOC4l+C5iOC4suC4meC4meC4seC4geC4nOC4iOC4jeC4oOC4seC4oiEg4Lie4Lin4LiB4LmA4Lij4Liy4LiB4LmH4LiW4Li34Lit4Lin4LmI4Liy4LmE4LiU4LmJ4LiE4Li44Lii4LiB4Lix4LiZ4Lil4Li24LiB4LiL4Li24LmJ4LiH4Lie4Lit4Liq4Lih4LiE4Lin4LijIOC4guC5ieC4suC4oeC4teC5gOC4o+C4t+C5iOC4reC4h+C4iOC4sOC4guC4reC4o+C5ieC4reC4hyDguKfguLHguJXguJbguLjguJTguLTguJrguKrguLPguITguLHguI3guJfguLXguYjguYDguJvguYfguJnguJXguLHguKfguIrguLnguKPguKrguIrguLLguJXguLTguILguK3guIfguJrguLDguKvguKHguLXguYjguILguYnguLLguIHguYfguITguLfguK0gTmlwcGVyIOC5geC4leC5iOC4leC4reC4meC4meC4teC5ieC5gOC4q+C4peC4t+C4reC5gOC4nuC4teC4ouC4h+C5geC4muC4muC4leC4suC4geC5geC4q+C5ieC4h+C5gOC4geC5h+C4muC5hOC4p+C5ieC5gOC4l+C5iOC4suC4meC4seC5ieC4mQ==,,,W0d1ayBTdW5zdV0KwqFTw60hIEF2ZW50dXJlcm8sIHlhIGhlbW9zIGhhYmxhZG8gbGFyZ28geSB0ZW5kaWRvLCDCv25vPyBUZW5nbyB1biBmYXZvciBxdWUgcGVkaXJsZS4gTGFzIHBpbnphcyBkZSBjYW5ncmVqbyBzb24gZWwgaW5ncmVkaWVudGUgZXNlbmNpYWwgcXVlIGRldGVybWluYSBlbCBzYWJvciBkZSBudWVzdHJvcyBmaWRlb3MsIHBlcm8gYWhvcmEgc29sbyBub3MgcXVlZGFuIGxhcyBxdWUgaGVtb3Mgc2VjYWRvIHBhcmEgY29uc2VydmFybGFzLg==,W0d1ayBTdW5zdV0KSmEhIEFiZW50ZXVyZXIsIHdpciBoYWJlbiBkb2NoIHNjaG9uIGVpbmlnZXMgbWl0ZWluYW5kZXIgZHVyY2hnZXN0YW5kZW4uIEljaCBow6R0dGUgZGEgZWluZSBncm/Dn2UgQml0dGUuIEVpbmUgZ2FueiB3aWNodGlnZSBadXRhdCwgZGllIMO8YmVyIGRlbiBHZXNjaG1hY2sgdW5zZXJlciBOdWRlbG4gZW50c2NoZWlkZXQsIGlzdCBkaWUgR3JlaWZ6YW5nZSDigJMgYWJlciBpbSBNb21lbnQgaGFiZSBpY2ggbnVyIGdldHJvY2tuZXRlIGF1ZiBWb3JyYXQu,W0d1ayBTdW5zdV0KT3VpICEgQXZlbnR1cmllciwgb24gYSBiaWVuIHBhcmzDqSwgbm9uID8gSuKAmWFpIHVuZSBmYXZldXIgw6Agdm91cyBkZW1hbmRlci4KTOKAmWluZ3LDqWRpZW50IGNsw6kgZGUgbm9zIG5vdWlsbGVzLCBj4oCZZXN0IGxhIFBpbmNlIGRlIGNyYWJlLCBtYWlzIGzDoOKApiBvbiBu4oCZYSBxdWUgZHUgc3RvY2sgc8OpY2jDqS4=,W0d1ayBTdW5zdV0KWWEsIEFkdmVudHVyZXIhIEtpdGEgc3VkYWggYmVyYmFnaSBiYW55YWsgY2VyaXRhLCBidWthbj8KQWt1IHB1bnlhIHNhdHUgcGVybWludGFhbi4gQmFoYW4gdXRhbWEgeWFuZyBtZW5lbnR1a2FuIHJhc2EgbWkga2FtaSBhZGFsYWggTmlwcGVyLAp0YXBpIHNhYXQgaW5pIHlhbmcga3VtaWxpa2kgaGFueWEgc3RvayBrZXJpbmcgeWFuZyBkaWF3ZXRrYW4u,W0d1ayBTdW5zdV0KRXZldCEgTWFjZXJhY8SxLCBiaXogZGVyaW4gc29oYmV0bGVyIGRlIGV0bWnFnyBkZcSfaWwgbWl5aXouIFNpemRlbiBtdXRsYWthIGJpciByaWNhbSB2YXIuIEVyacWfdGVtaXppIHlhcGFya2VuIHRhZMSxIGJlbGlybGV5ZW4sIG11dGxha2EgZ2VyZWtsaSBtYWx6ZW1lIFBlbsOnZSBFdGksIGFtYSDFn3UgYW4gZWxpbWl6ZGUgeWFsbsSxemNhIHNha2xhbWFrIGnDp2luIGt1cnV0dWxtdcWfIG9sYW7EsSB2YXIu
KbGe,W+q1reyInOyImF0K7Y+J7IaMIOunjOuTnOuKlCDqta3siJjripQg7J206rG466Gc64+EIOq5iuydgCDrp5vsnbQg7Jqw65+s64KY7KeA66eMIOyngOq4iOydgCDstZzqs6DsnZgg7ZWcIOq3uOumh+ydhCDrp4zrk6TslrTslbwg7ZWY64uI6rmM7JqULiDrqqjtl5jqsIDri5gsIOyggOulvCDrj4TsmYDso7zshZTshJwgPElURU0+W+ynkeqyjOuwnF08SU5GTz45NjA8L0lORk8+PC9JVEVNPiAy6rCc66eMIOq1rO2VtOuLpCDso7zsi6Qg7IiYIOyeiOydhOq5neyHvD8=,W0d1ayBTdW5zdV0KSXQgc3RpbGwgYnJpbmdzIG91dCBhIGRlZXAgZmxhdm9yLCBidXQgdG9kYXkgSSBuZWVkIHRvIG1ha2UgdGhlIGJlc3QgYm93bCBwb3NzaWJsZS4KQWR2ZW50dXJlciwgY291bGQgeW91IGhlbHAgbWUgYnkgYnJpbmdpbmcganVzdCAyIDxJVEVNPltOaXBwZXJdPElORk8+OTYwPC9JTkZPPjwvSVRFTT4/,,W+meoOmhuua0mV0K5bmz5pe25YGa55qE6Z2i55So6L+Z5Liq5Lmf6IO954as5Ye65rWT6YOB55qE5ZGz6YGT77yM5L2G546w5Zyo5b+F6aG75YGa5Ye65pyA5qOS55qE5LiA56KX44CC5YaS6Zmp6ICF77yM5L2g6IO95biu5oiR5Y+q5Y675om+5p2lPElURU0+W+mSs+WtkF08SU5GTz45NjA8L0lORk8+PC9JVEVNPjLkuKrlkJfvvJ8=,,W0d1ayBTdW5zdV0K4Lib4LiB4LiV4Li04LmD4LiK4LmJ4LmB4Lia4Lia4LiZ4Li14LmJ4LiB4LmH4LmD4Lir4LmJ4Lij4Liq4LiK4Liy4LiV4Li04Lil4LmJ4Liz4Lil4Li24LiB4Lit4Lii4Li54LmI4LmB4Lil4LmJ4LinIOC5geC4leC5iOC4hOC4o+C4seC5ieC4h+C4meC4teC5ieC4guC5ieC4suC4leC5ieC4reC4h+C4geC4suC4o+C4o+C4seC4h+C4quC4o+C4o+C4hOC5jOC4muC4sOC4q+C4oeC4teC5iOC4iuC4suC4oeC4l+C4teC5iOC4ouC4reC4lOC5gOC4ouC4teC5iOC4ouC4oeC4l+C4teC5iOC4quC4uOC4lCDguJfguYjguLLguJnguJnguLHguIHguJzguIjguI3guKDguLHguKIg4LiK4LmI4Lin4Lii4LmE4Lib4Lir4LiyIDxJVEVNPltOaXBwZXJdPElORk8+OTYwPC9JTkZPPjwvSVRFTT4gMiDguIrguLTguYnguJnguKHguLLguYPguKvguYnguILguYnguLLguYTguJTguYnguKvguKPguLfguK3guYTguKHguYg=,,,W0d1ayBTdW5zdV0KTG9zIGZpZGVvcyBxdWUgc29sZW1vcyBoYWNlciB0YW1iacOpbiBhZHF1aWVyZW4gdW4gc2Fib3IgaW50ZW5zbyBjb24gZXN0bywgcGVybyBhaG9yYSBuZWNlc2l0byBwcmVwYXJhciBlbCBtZWpvciBjdWVuY28uIEF2ZW50dXJlcm8sIMK/cG9kcsOtYSBheXVkYXJtZSB5IGNvbnNlZ3VpciA8SVRFTT5bUGluemFdPElORk8+OTYwPC9JTkZPPjwvSVRFTT4gMiB1bmlkYWRlcz8=,W0d1ayBTdW5zdV0KRsO8ciBkaWUgTnVkZWxuLCBkaWUgaWNoIHNvbnN0IG1hY2hlLCByZWljaHQgZGFzIGF1cyB1bmQgYnJpbmd0IGF1Y2ggZWluZW4gc2Now7ZuZW4gdGllZmVuIEdlc2NobWFjayBoZXJ2b3IuIEFiZXIgZGllc21hbCBtdXNzIGVzIGRpZSBiZXN0ZSBTY2jDvHNzZWwgw7xiZXJoYXVwdCB3ZXJkZW4uIEFiZW50ZXVyZXIsIGvDtm5udCBJaHIgbWlyIGhlbGZlbiB1bmQgMiA8SVRFTT5bR3JlaWZ6YW5nZV08SU5GTz45NjA8L0lORk8+PC9JVEVNPiBiZXNvcmdlbj8=,W0d1ayBTdW5zdV0KROKAmWhhYml0dWRlLCDDp2Egc3VmZml04oCmIG1haXMgbMOgLCBpbCBtZSBmYXV0IGxlIG1laWxsZXVyIGJvbC4KQXZlbnR1cmllciwgdm91cyBwb3V2ZXogbWUgcmFwcG9ydGVyIDxJVEVNPltQaW5jZSBkZSBjcmFiZV08SU5GTz45NjA8L0lORk8+PC9JVEVNPiB4MiA/,W0d1ayBTdW5zdV0KTWFzaWggY3VrdXAgdW50dWsgbWVuZ2hhc2lsa2FuIHJhc2EgeWFuZyBkYWxhbSwgdGFwaSBha3UgaGFydXMgbWVtYnVhdCB5YW5nIHRlcmJhaWsgaGFyaSBpbmkuCkFkdmVudHVyZXIsIHRvbG9uZyBiYW50dSBha3UgZGVuZ2FuIG1lbWJhd2FrYW4gMiA8SVRFTT5bTmlwcGVyXTxJTkZPPjk2MDwvSU5GTz48L0lURU0+Pw==,W0d1ayBTdW5zdV0KTm9ybWFsZGUgeWFwdMSxxJ/EsW3EsXogZXJpxZ90ZSBidW51bmxhIGRhIGRlcmluIGJpciB0YXQgdmVyaXIgYW1hIMWfaW1kaSBlbiBpeWkga2FzZXlpIHlhcG1hbSBnZXJla2l5b3IuIE1hY2VyYWPEsSwgYmFuYSB5YXJkxLFtIGVkaXAgPElURU0+W1BlbsOnZSBFdGldPElORk8+OTYwPC9JTkZPPjwvSVRFTT4gMiB0YW5lIGJ1bHVwIGdldGlyZWJpbGlyIG1pc2luaXo/
KrGe,W+q1reyInOyImF0K7KeR6rKM67Cc7J2AIDxOQVZJPlvqsoxdPElORk8+Q1JBQiwwLDAsMywtMjIyLDE8L0lORk8+PC9OQVZJPuulvCDsnqHsnLzrqbQg7Ja77J2EIOyImCDsnojsirXri4jri6TsmpQu,W0d1ayBTdW5zdV0KWW91IGNhbiBvYnRhaW4gTmlwcGVyIGJ5IGRlZmVhdGluZyA8TkFWST5bQ3JhYl08SU5GTz5DUkFCLDAsMCwzLC0yMjIsMTwvSU5GTz48L05BVkk+Lg==,,W+meoOmhuua0mV0K6ZKz5a2Q5Y+q6KaB5omT5YCSPE5BVkk+W+WNoeaLieifuV08SU5GTz7ljaHmi4non7ksMCwwLDMsLTIyMiwxPC9JTkZPPjwvTkFWST7lsLHog73ojrflvpfjgII=,,W0d1ayBTdW5zdV0KTmlwcGVyIOC5hOC4lOC5ieC4oeC4suC4iOC4suC4gSA8TkFWST5bQ3JhYl08SU5GTz5DUkFCLDAsMCwzLC0yMjIsMTwvSU5GTz48L05BVkk+,,,W0d1ayBTdW5zdV0KUHVlZGUgb2J0ZW5lciBQaW56YSBhbCBkZXJyb3RhciBhIDxOQVZJPltDYW5ncmVqb108SU5GTz5DUkFCLDAsMCwzLC0yMjIsMTwvSU5GTz48L05BVkk+Lg==,W0d1ayBTdW5zdV0KR3JlaWZ6YW5nZSBiZWtvbW10IElociwgd2VubiBJaHIgPE5BVkk+W0tyYWJiZV08SU5GTz5DUkFCLDAsMCwzLC0yMjIsMTwvSU5GTz48L05BVkk+IGJlc2llZ3Qu,W0d1ayBTdW5zdV0KVm91cyBwb3V2ZXogb2J0ZW5pciBbUGluY2UgZGUgY3JhYmVdIGVuIGF0dHJhcGFudCA8TkFWST5bQ3JhYmVdPElORk8+Q1JBQiwwLDAsMywtMjIyLDE8L0lORk8+PC9OQVZJPi4=,W0d1ayBTdW5zdV0KTmlwcGVyIGJpc2EgZGlkYXBhdCBkZW5nYW4gbWVuZ2FsYWhrYW4gPE5BVkk+W0NyYWJdPElORk8+Q1JBQiwwLDAsMywtMjIyLDE8L0lORk8+PC9OQVZJPi4=,W0d1ayBTdW5zdV0KUGVuw6dlIEV0aSA8TkFWST5bWWVuZ2XDp108SU5GTz5DUkFCLDAsMCwzLC0yMjIsMTwvSU5GTz48L05BVkk+IHlha2FsYXJzYW7EsXogZWxkZSBlZGViaWxpcnNpbml6Lg==
K7Ge,6re465+s7KOgLg==,U3VyZS4=,,5aW95ZWK44CC,,4LiV4LiB4Lil4LiH,,,RGUgYWN1ZXJkby4=,TWFjaGVuIHdpciBzby4=,VG91dCDDoCBmYWl0Lg==,VGVudHUu,UGVraS4=
LLGe,7JWIIO2VqeuLiOuLpC4=,Tm8gdGhhbmtzLg==,,5LiN5YGa44CC,,4Lib4LiP4Li04LmA4Liq4LiY,,,Tm8gbG8gaGFyw6ku,TmVpbi4=,w4dhIG5lIHZhIHBhcy4=,VGlkYWssIHRlcmltYSBrYXNpaC4=,WWFwbWF5YWNhxJ/EsW0u
LbGe,W+q1reyInOyImF0K7J206rKDIOywuCwg7Zek7ZekLiDsoJXrp5Ag6rCQ7IKs7ZWp64uI64ukLiDsoIDripQg64uk66W4IOykgOu5hOulvCDtlZjrqbTshJwg6riw64uk66as6rOgIOyeiOqyoOyKteuLiOuLpCE=,W0d1ayBTdW5zdV0KT2ggbXksIGhhaGEhIFRoYW5rIHlvdSBzbyBtdWNoLgpJ4oCZbGwgd2FpdCBoZXJlIHdoaWxlIEkgdGFrZSBjYXJlIG9mIHRoZSBvdGhlciBwcmVwYXJhdGlvbnMh,,W+meoOmhuua0mV0K5ZOO5ZGA77yM5Zi/5Zi/44CC55yf55qE6Z2e5bi45oSf6LCi44CC5oiR5Lya5LiA6L655YGa5YW25LuW5YeG5aSH5LiA6L65562J5L2g77yB,,W0d1ayBTdW5zdV0K4Liu4LmI4LiyIOC5hiDguILguK3guJrguYPguIjguKHguLLguIEg4LiC4LmJ4Liy4LiI4Liw4LmE4Lib4LmA4LiV4Lij4Li14Lii4Lih4Lit4Lii4LmI4Liy4LiH4Lit4Li34LmI4LiZ4LmD4LiZ4Lij4Liw4Lir4Lin4LmI4Liy4LiH4Lij4Lit,,,W0d1ayBTdW5zdV0KVmF5YSwgamVqZS4gwqFNdWNoYXMgZ3JhY2lhcyEgwqFFc3BlcmFyw6kgbWllbnRyYXMgcHJlcGFybyBsYXMgZGVtw6FzIGNvc2FzIQ==,W0d1ayBTdW5zdV0KSGVoZSwgdmllbGVuIGhlcnpsaWNoZW4gRGFuay4gSWNoIHdhcnRlIGRhbm4gaGllciB1bmQgZXJsZWRpZ2UgaW4gZGVyIFp3aXNjaGVuemVpdCBkaWUgcmVzdGxpY2hlbiBWb3JiZXJlaXR1bmdlbiE=,W0d1ayBTdW5zdV0KRWggYmllbiwgaMOpaMOpLiBNZXJjaSBiZWF1Y291cC4gSmUgdmFpcyB2b3VzIGF0dGVuZHJlIGVuIHByw6lwYXJhbnQgbGUgcmVzdGUh,W0d1ayBTdW5zdV0KV2FoLCB0ZXJpbWEga2FzaWggYmFueWFrLiAKQWt1IGFrYW4gbWVudW5nZ3UgZGkgc2luaSBzYW1iaWwgbWVueWlhcGthbiB5YW5nIGxhaW4h,W0d1ayBTdW5zdV0KVmF5IGNhbsSxbmEsIGhlaGUuIEdlcsOnZWt0ZW4gdGXFn2Vra8O8ciBlZGVyaW0uIEJlbiBkZSBkacSfZXIgaGF6xLFybMSxa2xhcsSxIHlhcGFya2VuIGJla2xpeW9yIG9sYWNhxJ/EsW0h
LrGe,W+q1reyInOyImF0K7JWE7J20IOywuCwg7J206rGwIOywuC4uLiDqs6TrnoDtlZzrjbAuIOydtOqyjCDsl4bsnLzrqbQg7JmE67K97ZWcIO2KueygnCDsmqnsiJjsl7wg6rWt7IiY66W8IOunjOuTpCDsiJgg7JeG64qU642wIOunkOyeheuLiOuLpC4uLg==,W0d1ayBTdW5zdV0KQWgsIGRlYXIgbWXigKYgdGhpcyBpcyB0cm91YmxpbmcuCldpdGhvdXQgaXQsIEkgY2Fu4oCZdCBtYWtlIHRoZSBwZXJmZWN0IFNwZWNpYWwgRHJhZ29uIEJlYXJkIE5vb2RsZXPigKY=,,W+meoOmhuua0mV0K5ZOO5ZGA77yM55yf5piv55qELi4u6L+Z5Y+v5Li66Zq+5LqG44CC5rKh5pyJ6L+Z5Liq5bCx5YGa5LiN5Ye65a6M576O55qE54m55Yi26b6Z6aG75rGk6Z2i5ZWKLi4u,,W0d1ayBTdW5zdV0K4LmA4Liu4LmJ4LitIOC5geC4muC4muC4meC4teC5ieC4peC4s+C4muC4suC4geC4meC4seC4gSDguKvguLLguIHguYTguKHguYjguKHguLXguKfguLHguJXguJbguLjguJTguLTguJrguJnguLXguYkg4LiC4LmJ4Liy4LiE4LiH4LiX4Liz4Lia4Liw4Lir4Lih4Li14LmI4Liq4Li54LiV4Lij4Lie4Li04LmA4Lio4Lip4LmD4Lir4LmJ4Lit4Lit4LiB4Lih4Liy4Liq4Lih4Lia4Li54Lij4LiT4LmM4LmE4Lih4LmI4LmE4LiU4LmJ,,,W0d1ayBTdW5zdV0KQXksIHZheWEuLi4gRXN0byBlcyB1biBwcm9ibGVtYS4gU2luIGVzdG8gbm8gcHVlZG8gcHJlcGFyYXIgdW4gRmlkZW9zIGRlIGJhcmJhIGRlIGRyYWfDs24gZXNwZWNpYWxlcyBwZXJmZWN0by4uLg==,W0d1ayBTdW5zdV0KQWNoIGpl4oCmIGRhcyBpc3QgZWNodCDDvGJlbC4gT2huZSBkaWUgR3JlaWZ6YW5nZSBrcmllZyBpY2gga2VpbmUgcGVyZmVrdGVuIFNwZXppYWwtRHJhY2hlbmJhcnRudWRlbG4gaGlu4oCm,W0d1ayBTdW5zdV0KQWggbMOgIGzDoC4uLiBRdWVsIHByb2Jsw6htZS4gU2FucyDDp2EsIGltcG9zc2libGUgZGUgZmFpcmUgZGVzIE5vdWlsbGVzIHNww6ljaWFsZXMgw6AgbGEgYmFyYmUgZGUgZHJhZ29uIHBhcmZhaXRlcy4uLg==,W0d1ayBTdW5zdV0KQWR1aCwgaW5pIGdhd2F0LiBUYW5wYSBpbmksIGFrdSB0aWRhayBiaXNhIG1lbWJ1YXQgU3BlY2lhbCBEcmFnb24gQmVhcmQgTm9vZGxlcyB5YW5nIHNlbXB1cm5hLi4u,W0d1ayBTdW5zdV0KQWgsIGFtYW4uLi4gQnUgaGnDpyBpeWkgb2xtYWTEsS4gQnUgb2xtYWRhbiBrdXN1cnN1eiDDlnplbCBFamRlcmhhIFNha2FsxLEgRXJpxZ90ZXNpIHlhcGFtYW0ga2kuLi4=
L7Ge,W+q1reyInOyImF0K6rWt7IiYIO2VnCDqt7jrpocg65Oc7IWU67O07Iuc66C164uI6rmMPw==,W0d1ayBTdW5zdV0KV291bGQgeW91IGxpa2UgdG8gdHJ5IGEgYm93bCBvZiBub29kbGVzPw==,,W+meoOmhuua0mV0K6KaB5LiN6KaB5p2l5bCd5LiA56KX6Z2i77yf,,W0d1ayBTdW5zdV0K4LiI4Liw4Lil4Lit4LiH4LiK4Li04Lih4Lia4Liw4Lir4Lih4Li14LmI4Liq4Lix4LiB4LiK4Liy4Lih4Lir4Lij4Li34Lit4LmE4Lih4LmI,,,W0d1ayBTdW5zdV0Kwr9MZSBhcGV0ZWNlIHVuIGN1ZW5jbyBkZSBmaWRlb3M/,W0d1ayBTdW5zdV0KTcO2Y2h0ZXQgSWhyIGVpbmUgU2Now7xzc2VsIE51ZGVsbiBwcm9iaWVyZW4/,W0d1ayBTdW5zdV0KVm91bGV6LXZvdXMgbWFuZ2VyIHVuIGJvbCBkZSBub3VpbGxlcyA/,W0d1ayBTdW5zdV0KTWF1IGNvYmEgc2VtYW5na3VrIG1pPw==,W0d1ayBTdW5zdV0KQmlyIGthc2UgZXJpxZ90ZSBkZW5lbWVrIGlzdGVyIG1pc2luaXo/
MLGe,W+q1reyInOyImF0K7KeR6rKM67CcIDLqsJwsIOyemCDrtoDtg4Hrk5zrpr3ri4jri6QhIOyLoOyEoO2VnCDsp5HqsozrsJzsnbQg65Ok7Ja06rCA66m0IOyggO2drCDtirnsoJwg7Jqp7IiY7Je8IOq1reyImCDrp5vsnbQg64uk7ISvIOuwsOuKlCDrjZQg7KKL7JWE7KeA6rGw65Og7JqULiDqt7jslbzrp5DroZwg7ZmU66Oh7KCQ7KCV7J2YIOunm+ydtOuejeuLiOuLpC4g7Zek7ZekLg==,W0d1ayBTdW5zdV0KUGxlYXNlIGRvbuKAmXQgZm9yZ2V0IHRoZSAyIHBpZWNlcyBvZiBOaXBwZXIhCldpdGggZnJlc2ggTmlwcGVyLCBvdXIgU3BlY2lhbCBEcmFnb24gQmVhcmQgTm9vZGxlcyB0YXN0ZSBmaXZlIHRpbWVzIGJldHRlci4KSXTigJlzIHRoZSBmaW5hbCB0b3VjaCB0aGF0IG1ha2VzIGFsbCB0aGUgZGlmZmVyZW5jZSwgaGVoZS4=,,W+meoOmhuua0mV0K6ZKz5a2QMuS4qu+8jOWwseaLnOaJmOS9oOS6hu+8geWPquimgeaUvuWFpeaWsOmynOeahOmSs+WtkO+8jOaIkeS7rOeJueWItum+memhu+axpOmdoueahOWRs+mBk+WwseS8muWlveS4iuS6lOWAjeWRouOAgumCo+aJjeaYr+ecn+ato+eUu+m+meeCueedm+eahOWRs+mBk+OAguWYv+WYv+OAgg==,,W0d1ayBTdW5zdV0K4Lid4Liy4LiBIE5pcHBlciAyIOC4iuC4tOC5ieC4meC4lOC5ieC4p+C4ouC4peC5iOC4sCEg4Lir4Liy4LiB4LmE4LiU4LmJ4LiC4Lit4LiH4Liq4LiUIOC4o+C4quC4iuC4suC4leC4tOC4iOC4sOC4lOC4teC4guC4tuC5ieC4meC4luC4tuC4h+C4q+C5ieC4suC5gOC4l+C5iOC4siDguYDguKPguLXguKLguIHguYTguJTguYnguKfguYjguLLguYDguJXguLTguKHguYDguJXguYfguKHguITguKfguLLguKHguKrguKHguJrguLnguKPguJPguYzguYHguJrguJrguYDguKXguKIg4Liu4LmI4LiyIOC5hiA=,,,W0d1ayBTdW5zdV0KwqEyIHVuaWRhZGVzIGRlIFBpbnphLCBwb3IgZmF2b3IhIFNpIGxhIFBpbnphIGVzdMOhIGZyZXNjYSwgZWwgc2Fib3IgZGUgbnVlc3RybyBGaWRlb3MgZGUgYmFyYmEgZGUgZHJhZ8OzbiBlc3BlY2lhbGVzIG1lam9yYSA1IHZlY2VzLiBFcyBlbCB0b3F1ZSBmaW5hbCBwZXJmZWN0by4gSmUsIGplLg==,W0d1ayBTdW5zdV0KMiBHcmVpZnphbmdlbiwgaWNoIHrDpGhsIGF1ZiBFdWNoISBNaXQgZnJpc2NoZXIgR3JlaWZ6YW5nZSBzY2htZWNrZW4gdW5zZXJlIFNwZXppYWwtRHJhY2hlbmJhcnQtTnVkZWxuIGdsZWljaCBmw7xuZm1hbCBiZXNzZXIuIERhcyBpc3Qgd2lya2xpY2ggZGVyIGtyw7ZuZW5kZSBBYnNjaGx1c3MgZGVzIEdlc2NobWFja3MsIGhlaGUu,W0d1ayBTdW5zdV0KSmUgY29tcHRlIHN1ciB2b3VzIHBvdXIgUGluY2UgZGUgY3JhYmUgeDIgISBBdmVjIGRlcyBwaW5jZXMgZGUgY3JhYmUgZnJhw65jaGVzLCBub3MgTm91aWxsZXMgc3DDqWNpYWxlcyDDoCBsYSBiYXJiZSBkZSBkcmFnb24gc29udCBjaW5xIGZvaXMgbWVpbGxldXJlcy4gTGEgdG91Y2hlIGZpbmFsZSwgaMOpaMOpLg==,W0d1ayBTdW5zdV0KVG9sb25nIGphbmdhbiBsdXBhIG1lbWJhd2EgMiBOaXBwZXIhIApEZW5nYW4gTmlwcGVyIHNlZ2FyLCBTcGVjaWFsIERyYWdvbiBCZWFyZCBOb29kbGVzIGFrYW4gamFkaSBsaW1hIGthbGkgbGViaWggZW5hay4gCkl0dSBzZW50dWhhbiBha2hpciB5YW5nIGFrYW4gbWVtYnVhdCBwZXJiZWRhYW4sIGhlaGUu,W0d1ayBTdW5zdV0KUGVuw6dlIEV0aSAyIGFkZXQsIGzDvHRmZW4hIFRhemUgUGVuw6dlIEV0aSBnaXJpbmNlIGJpemltIMOWemVsIEVqZGVyaGEgU2FrYWzEsSBFcmnFn3Rlc2luaW4gdGFkxLEgYmXFnyBrYXQgZGFoYSBnw7x6ZWxsZcWfaXlvci4gVGFtIGRhIGxlenpldGluIHNvbiBkb2t1bnXFn3Ugb2x1eW9yLiBIZWhlLg==
MbGe,W+q1reyInOyImF0K7KeR6rKM67Cc7J2AIOqyjO2VnO2FjOyEnCDslrvsnLzsi6Qg7IiYIOyeiOyKteyjoC4g6rKM64qUIOyalCDslZ4g7ZW067OA7JeQ64+EIOyeiOuKlOuNsCDtlbTrs4Dsl5Ag7JyE7ZeY7ZWcIOyDneusvOydtCDrp47snLzri4jquYwg7KGw7Ius7ZWY7IWU7JW8IO2VqeuLiOuLpOyalC4=,W0d1ayBTdW5zdV0KWW91IGNhbiBnZXQgTmlwcGVyIGZyb20gY3JhYnMuClRoZXJlIGFyZSBzb21lIHJpZ2h0IGFsb25nIHRoZSBuZWFyYnkgYmVhY2gsIGJ1dCBiZSBjYXJlZnVs4oCUdGhlcmUgYXJlIGRhbmdlcm91cyBjcmVhdHVyZXMgYXJvdW5kLg==,,W+meoOmhuua0mV0K6ZKz5a2Q5Y+v5Lul5LuO5Y2h5ouJ6J+56Lqr5LiK6I635b6X44CC5YmN6Z2i55qE5rW36L655Lmf5pyJ5Y2h5ouJ6J+577yM5L2G5rW36L655Y2x6Zmp55qE55Sf54mp5b6I5aSa77yM5L2g6KaB5bCP5b+D44CC,,W0d1ayBTdW5zdV0KTmlwcGVyIOC4q+C4suC5hOC4lOC5ieC4iOC4suC4gSBDcmFiIOC5geC4luC4p+C4iuC4suC4ouC4q+C4suC4lOC4lOC5ieC4suC4meC4q+C4meC5ieC4suC4geC5h+C4oeC4tSDguYHguJXguYjguKHguLXguKrguLHguJXguKfguYzguK3guLHguJnguJXguKPguLLguKLguK3guKLguLnguYjguKHguLLguIEg4Lij4Liw4Lin4Lix4LiH4LiV4Lix4Lin4LiU4LmJ4Lin4Lii,,,W0d1ayBTdW5zdV0KUHVlZGUgY29uc2VndWlyIFBpbnphIGRlIGxvcyBjYW5ncmVqb3MuIFRhbWJpw6luIGhheSBjYW5ncmVqb3MgZW4gbGEgcGxheWEgZGUgYXF1w60gbWlzbW8sIHBlcm8gdGVuZ2EgY3VpZGFkbywgcHVlcyBoYXkgbXVjaGFzIGNyaWF0dXJhcyBwZWxpZ3Jvc2FzIGVuIGxhIHBsYXlhLg==,W0d1ayBTdW5zdV0KR3JlaWZ6YW5nZSBiZWtvbW10IElociB2b24gS3JhYmJlbi4gRGlyZWt0IHZvcm5lIGFtIFN0cmFuZCBnaWJ04oCZcyB3ZWxjaGUg4oCTIGFiZXIgZGEgd2ltbWVsdOKAmXMgYXVjaCB2b24gZ2Vmw6RocmxpY2hlbSBaZXVnLiBBbHNvIHBhc3N0IGF1Zi4=,W0d1ayBTdW5zdV0KVm91cyB0cm91dmVyZXogZGUgbGEgUGluY2UgZGUgY3JhYmUgc3VyIGxlcyBjcmFiZXMuIElsIHkgZW4gYSBzdXIgbGEgcGxhZ2UganVzdGUgZGV2YW50LCBtYWlzIGF0dGVudGlvbiA6IGPigJllc3QgZGFuZ2VyZXV4Lg==,W0d1ayBTdW5zdV0KTmlwcGVyIGJpc2EgZGlkYXBhdGthbiBkYXJpIENyYWIuIENyYWIganVnYSBhZGEgZGkgcGFudGFpIGRpIGRla2F0IHNpbmkuIApUYXBpIGhhdGktaGF0aSwgYmFueWFrIG1ha2hsdWsgYmVyYmFoYXlhIGJlcmtlbGlhcmFuLg==,W0d1ayBTdW5zdV0KUGVuw6dlIEV0aW5pIHllbmdlw6dsZXJkZW4gZWxkZSBlZGViaWxpcnNpbml6LiBZZW5nZcOnbGVyIMWfdSBpbGVyaWRla2kgc2FoaWxkZSBkZSB2YXIgYW1hIHNhaGlsZGUgdGVobGlrZWxpIHlhcmF0xLFrbGFyIMOnb2ssIGRpa2thdGxpIG9sbWFuxLF6IGdlcmVraXIu
MrGe,W+q1reyInOyImF0K7KeR6rKM67Cc7J2EIOqwgOyngOqzoCDsmYAg7KO87IWo6rWw7JqUISDsnbQg6rWs7IiY7ZWcIOuDhOyDiCwg7KuA7KuA7ZWcIO2DhOugpS4uLiDqt7nsg4HtkojsnbTrhKTsmpQsIOq3ueyDge2SiCE=,W0d1ayBTdW5zdV0KWW91IGJyb3VnaHQgdGhlIE5pcHBlciEKVGhpcyByaWNoIGFyb21hLCB0aGF0IHNwcmluZ3kgdGV4dHVyZeKApiB0b3AtZ3JhZGUsIGFic29sdXRlbHkgdG9wLWdyYWRlIQ==,,W+meoOmhuua0mV0K5L2g5oqK6ZKz5a2Q5bim5p2l5LqG5ZWK77yB6L+Z6IKh6YaH6aaZ55qE5rCU5ZGz77yM6L+Z57Sn5a6e55qE5by55oCnLi4u5piv5p6B5ZOB5ZWK77yM5p6B5ZOB77yB,,W0d1ayBTdW5zdV0K4LmA4LiI4LmJ4Liy4LiZ4Liz4Lih4Liy4LmB4Lil4LmJ4Lin4Lir4Lij4Li34LitISDguIHguKXguLTguYjguJnguKvguK3guKHguYHguJrguJrguJnguLXguYkg4LmA4LiZ4Li34LmJ4Lit4LmA4LiU4LmJ4LiH4LmB4LiZ4LmI4LiZ4LmB4Lia4Lia4LiZ4Li14LmJ4oCmIOC4guC4reC4h+C4iuC4seC5ieC4meC4ouC4reC4lOC4iOC4o+C4tOC4hyDguYYgIQ==,,,W0d1ayBTdW5zdV0KwqFIYSB0cmHDrWRvIFBpbnphISBFc2UgYXJvbWEgc2Ficm9zbywgZXNhIHRleHR1cmEgZWzDoXN0aWNhLi4uIMKhRXMgZGUgcHJpbWVyYSBjYWxpZGFkLCBkZSBwcmltZXJhIGNhbGlkYWQh,W0d1ayBTdW5zdV0KSWhyIGhhYnQgZGllIEdyZWlmemFuZ2VuIG1pdGdlYnJhY2h0ISBEaWVzZXIgaGVyemhhZnRlIER1ZnQsIGRpZXNlIGhlcnJsaWNoIGZlc3RlIFRleHR1cuKApiBFcnN0a2xhc3NpZ2UgV2FyZSwgYWxsZXJlcnN0ZSBTYWhuZSE=,W0d1ayBTdW5zdV0KVm91cyBhdmV6IGFwcG9ydMOpIGRlcyBQaW5jZSBkZSBjcmFiZSAhIENldHRlIGJvbm5lIG9kZXVyLCBjZXR0ZSB0ZXh0dXJlIGJpZW4gZmVybWUuLi4gRGUgbGEgcXVhbGl0w6kgc3Vww6lyaWV1cmUgIQ==,W0d1ayBTdW5zdV0KTmlwcGVyIQpBcm9tYSB5YW5nIGtheWEsIHRla3N0dXJueWEgeWFuZyBrZW55YWzigKYgVGVyYmFpaywgYmVuYXItYmVuYXIga2VsYXMgYXRhcyE=,W0d1ayBTdW5zdV0KUGVuw6dlIEV0aSBnZXRpcm1pxZ9zaW5peiEgxZ51IG5lZmlzIGtva3UsIG8gc8Sxa8SxIGVzbmVrbGlrLi4uIEVuIGthbGl0ZWxpLCBlbiBrYWxpdGVsaSE=
M7Ge,W+q1reyInOyImF0K66qo7ZeY6rCA64uY7J20IOydtOugh+qyjCDsoIDtnazrpbwg64+E7JmA7KO87IukIOykhCDslYzslZjri6Tri4jquYwuLi4g7KCV66eQIOqwkOyCrO2VqeuLiOuLpOyalCwg64KY7Jy866asLgrsoIDtnazripQg7J207KCcIOuniOustOumrOunjCDtlZjrqbQg64Gd64Kp64uI64uk7JqUISDsvZTrqqjruYQg7Ja066W07Iug6ruYIOq3uOugh+qyjCDsooAg66eQ7JSA65Oc66CkIOyjvOyLreyHvC4=,W0d1ayBTdW5zdV0KSSBuZXZlciB0aG91Z2h0IHlvdeKAmWQgaGVscCB1cyBsaWtlIHRoaXPigKYgdGhhbmsgeW91IHNvIG11Y2gsIHNpci4KV2UganVzdCBuZWVkIHRvIGZpbmlzaCB0aGluZ3MgdXAgbm93IQpQbGVhc2UgbGV0IEVsZGVyIEtvbW9iaSBrbm93IGZvciBtZS4=,,W+meoOmhuua0mV0K5rKh5oOz5Yiw5YaS6Zmp6ICF5Lya6L+Z5qC35biu5Yqp5oiR5LusLi4u55yf55qE6Z2e5bi45oSf6LCi77yM6ICB54i344CCCuaIkeS7rOeOsOWcqOWPquimgeaUtuWwvuWwsee7k+adn+S6hu+8geivt+S9oOS5n+i3n+enkeiOq+avlOiAgeS6uuWutui/meS5iOivtOS4gOWjsOOAgg==,,W0d1ayBTdW5zdV0K4LiC4LmJ4Liy4Lij4Li54LmJ4Lit4Lii4Li54LmI4LmB4Lil4LmJ4Lin4Lin4LmI4Liy4LiX4LmI4Liy4LiZ4LiI4Liw4LiK4LmI4Lin4Lii4LiC4LmJ4LiyIOC4guC4reC4muC5g+C4iOC4iOC4o+C4tOC4hyDguYYg4LiV4Lit4LiZ4LiZ4Li14LmJ4LmA4Lir4Lil4Li34Lit4LmB4LiE4LmI4LiC4Lix4LmJ4LiZ4LiV4Lit4LiZ4Liq4Li44LiU4LiX4LmJ4Liy4LiiIOC4neC4suC4geC5hOC4m+C4muC4reC4geC4l+C5iOC4suC4mSBLb21vYmkg4LiU4LmJ4Lin4Lii,,,W0d1ayBTdW5zdV0KWWEgc2Fiw61hIHF1ZSB1biBhdmVudHVyZXJvIGNvbW8gdXN0ZWQgbm9zIGF5dWRhcsOtYSBhc8OtLi4uIE11Y2hhcyBncmFjaWFzLCBzZcOxb3IuCsKhQWhvcmEgc29sbyBub3MgcXVlZGEgdGVybWluYXIhIEjDoWdhbGUgc2FiZXIgZXNvIGFsIGFuY2lhbm8gS29tb2JpLg==,W0d1ayBTdW5zdV0KSWNoIHd1c3N0ZSBkb2NoLCBkYXNzIElociB1bnMgc28gaGVsZmVuIHfDvHJkZXQuLi4gVmllbGVuIGhlcnpsaWNoZW4gRGFuaywgTXlsb3JkLgpXaXIgbcO8c3NlbiBqZXR6dCBudXIgbm9jaCBkZW4gbGV0enRlbiBTY2hsaWZmIGVybGVkaWdlbiwgZGFubiBzaW5kIHdpciBmZXJ0aWchIEJpdHRlIHNhZ3Qgw4RsdGVzdGVyIEtvbW9iaSBnZW5hdSBkYXMu,W0d1ayBTdW5zdV0KSmUgc2F2YWlzIHF1ZSB2b3VzIG5vdXMgYWlkZXJpZXouLi4gTWVyY2kgYmVhdWNvdXAuCklsIG5lIHJlc3RlIHBsdXMgcXXigJnDoCBmaW5pciAhIEFsbGV6IGxlIGRpcmUgw6AgbOKAmWFuY2llbiBLb21vYmksIGplIHZvdXMgcHJpZS4=,W0d1ayBTdW5zdV0KQWt1IHRpZGFrIG1lbnlhbmdrYSBrYW11IGFrYW4gbWVtYmFudHUga2FtaSBzZXBlcnRpIGluaeKApiB0ZXJpbWEga2FzaWggYmFueWFrLCB0dWFuLgpTZWthcmFuZyBrYW1pIHRpbmdnYWwgaGFueWEgcGVybHUgbWVueWVsZXNhaWthbm55YSEKVG9sb25nIHNhbXBhaWthbiBwYWRhIFRldHVhIEtvbW9iaS4=,W0d1ayBTdW5zdV0KTWFjZXJhY8SxIGJleWVmZW5kaW5pbiBiaXplIGLDtnlsZSB5YXJkxLFtIGVkZWNlxJ9pbmkgYmlsaXlvcmR1bS4uLiBHZXLDp2VrdGVuIHRlxZ9la2vDvHIgZWRlcmltLCBlZmVuZGltLgpBcnTEsWsgc2FkZWNlIHNvbiBkb2t1bnXFnyBrYWxkxLEsIG8gemFtYW4gYml0ZWNlayEgS29tb2JpIGLDvHnDvMSfw7xtw7x6ZSBidW51IHPDtnlsZXlpdmVyaW4gbMO8dGZlbi4=
NLGe,W+q1reyInOyImF0K7Zek7ZekLi4uIOuKmCDqsJDsgqztlanri4jri6QuIOuzhOqxtCDslYTri4jsp4Drp4wg7J2065+wIOqxsOudvOuPhCDsooAg67Cb7JWEIOyjvOyLreyLnOyYpC4=,W0d1ayBTdW5zdV0KSGVoZeKApiBhcyBhbHdheXMsIHRoYW5rIHlvdS4KSXTigJlzIG5vdGhpbmcgc3BlY2lhbCwgYnV0IHBsZWFzZSBhY2NlcHQgdGhpcyBhcyBhIHRva2VuIG9mIG15IGdyYXRpdHVkZS4=,,W+meoOmhuua0mV0K5Zi/5Zi/Li4u5LiA55u06YO95b6I5oSf6LCi44CC6Jm954S25LiN5piv5LuA5LmI5aSn5LiN5LqG55qE5Lic6KW/77yM5Lmf6K+35L2g5pS25LiL6L+Z5Liq44CC,,W0d1ayBTdW5zdV0K4Liu4LmI4LiyIOC5hiDguILguK3guJrguYPguIjguYDguIjguYnguLLguKHguLLguIEg4LiW4Li24LiH4Liq4Li04LmI4LiH4LiZ4Li14LmJ4LiI4Liw4LmE4Lih4LmI4Lie4Li04LmA4Lio4Lip4LiZ4Lix4LiBIOC5geC4leC5iOC4geC5h+C4o+C4seC4muC4meC4teC5iOC5hOC4p+C5ieC5gOC4luC4tOC4lA==,,,W0d1ayBTdW5zdV0KSmUsIGplLi4uIEdyYWNpYXMgcG9yIHRvZG8uIE5vIGVzIGdyYW4gY29zYSwgcGVybyBhY2VwdGUgYWwgbWVub3MgZXN0by4=,W0d1ayBTdW5zdV0KSGVoZeKApiB3aWUgaW1tZXIgdmllbGVuIERhbmsuIEVzIGlzdCBuaWNodHMgQmVzb25kZXJlcywgYWJlciBiaXR0ZSBuZWhtdCB3ZW5pZ3N0ZW5zIGRhcyBoaWVyIGFuLg==,W0d1ayBTdW5zdV0KSMOpaMOpLi4uIE1lcmNpLCBjb21tZSB0b3Vqb3Vycy4gQ2Ugbidlc3QgcGFzIGdyYW5kLWNob3NlLCBtYWlzIGFjY2VwdGV6IGF1IG1vaW5zIGNlY2ku,W0d1ayBTdW5zdV0KSGVoZS4uLiBTZXBlcnRpIGJpYXNhLCB0ZXJpbWEga2FzaWguIApJbmkgbWVtYW5nIGJ1a2FuIGFwYS1hcGEsIHRhcGkgdGVyaW1hbGFoIHVuZ2thcGFuIHRlcmltYSBrYXNpaGt1Lg==,W0d1ayBTdW5zdV0KSGVoZS4uLiBIZXIgemFtYW4gdGXFn2Vra8O8ciBlZGVyaW0uIFBlayBiaXIgxZ9leSBkZcSfaWwgYW1hIMWfdW51IGRhIGthYnVsIGVkaW4gbMO8dGZlbi4=
NbGe,W+q1reyInOyImF0K6re466as6rOgIOqwgOyLnOuKlCDquYDsl5Ag7KCAIOunjOuRkCDruZrripQg7J6Q6rCAIOutmCDslrzrp4jrgpgg7ZWY6rOgIOyeiOuKlOyngCDsooAg67SQ7KO87Iuc6rKg7Iq164uI6rmM7JqUPwrri6ghIOuPhOyZgOyjvOyLnOuKlCDqsbQg7KCA66eMIO2VtOyjvOyFlOyVvCDtlanri4jri6Qh,W0d1ayBTdW5zdV0KQW5kIHdoaWxlIHlvdeKAmXJlIGF0IGl0LCBjb3VsZCB5b3UgdGFrZSBhIHF1aWNrIGxvb2sgYXQgd2hhdCB0aGF0IGR1bXBsaW5nIGd1eSBpcyB1cCB0bz8KQnV0ISBZb3UgbXVzdCBoZWxwIG9ubHkgbWUsIGFsbCByaWdodD8=,,W+meoOmhuua0mV0K6L+Y5pyJ77yM5L2g6aG66Lev55qE6K+d6IO95LiN6IO95biu5oiR55yL55yL5peB6L656YKj5Liq5YyF5YyF5a2Q55qE5a625LyZ5Yiw5bqV5Zyo5YGa5LuA5LmI77yfCuS9huaYr++8geS9oOWPquiDveW4ruaIke+8gQ==,,W0d1ayBTdW5zdV0K4LmB4Lil4LmJ4Lin4Lij4Liw4Lir4Lin4LmI4Liy4LiH4LiX4Liy4LiHIOC4iuC5iOC4p+C4ouC5hOC4m+C4quC4t+C4muC4lOC4ueC4q+C4meC5iOC4reC4ouC4p+C5iOC4suC5gOC4iOC5ieC4suC4hOC4meC4l+C4s+C5gOC4geC4teC5iuC4ouC4p+C4meC4seC5iOC4meC4geC4s+C4peC4seC4h+C4l+C4s+C4reC4sOC5hOC4o+C4reC4ouC4ueC5iCDguYHguJXguYjguIjguLPguYTguKfguYnguJnguLAg4LiX4LmI4Liy4LiZ4LiV4LmJ4Lit4LiH4LiK4LmI4Lin4Lii4LmB4LiV4LmI4LiC4LmJ4Liy4LmA4LiX4LmI4Liy4LiZ4Lix4LmJ4LiZIQ==,,,W0d1ayBTdW5zdV0KWSwgeWEgcXVlIHZhIGRlIGNhbWlubywgwr9wb2Ryw61hIGVjaGFyIHVuIHZpc3Rhem8gYSBjdcOhbnRvIGhhIGF2YW56YWRvIGVzZSBxdWUgcHJlcGFyYSBNYW5kdT8KwqFQZXJvISBTb2xvIGRlYmUgYXl1ZGFybWUgYSBtw60u,W0d1ayBTdW5zdV0KVW5kIHdlbm4gSWhyIHNjaG9uIGRyw7xiZW4gc2VpZCwga8O2bm50IElociBiaXR0ZSBtYWwgbmFjaHNlaGVuLCB3YXMgZGVyIGRhIG1pdCBzZWluZW4gTWFuZHUgc28gdHJlaWJ0PwpBYmVyISBIZWxmZW4gZMO8cmZ0IElociBudXIgbWlyIQ==,W0d1ayBTdW5zdV0KRXQgdGFudCBxdWUgdm91cyB5IMOqdGVzLCBhbGxleiB2b2lyIGNlIHF1ZSB0cmFmaXF1ZSBjZSB0eXBlIGF1eCByYXZpb2xpcy4KTWFpcyAhIFZvdXMgbuKAmWFpZGV6IHF1ZSBtb2kgIQ==,W0d1ayBTdW5zdV0KU2VrYWxpYW4sIGJpc2FrYWgga2FtdSBsaWhhdCBhcGEgeWFuZyBzZWRhbmcgZGlsYWt1a2FuIHNpIHBlbWJ1YXQgcGFuZ3NpdD8KVGFwaSBpbmdhdCwga2FtdSBoYW55YSBib2xlaCBtZW1iYW50dWt1LCB5YT8=,W0d1ayBTdW5zdV0KR2lkZXJrZW4gxZ91IG1hbnTEsSB5YXBhbsSxbiBuZSBrYWRhciBuZSB5YXB0xLHEn8SxbsSxIGRhIGJpciBrb250cm9sIGVkZXIgbWlzaW5pej8KQW1hISBZYXJkxLFtIGVkZWNlxJ9pbml6IGtpxZ9pIHlhbG7EsXpjYSBiZW4gb2xtYWzEsXnEsW0h
NrGe,W+q1reyInOyImF0K7L2U66qo67mEIOyWtOultOyLoOq7mCDsoIDripQg7KSA67mE6rCAIOuLpCDrkJDri6Tqs6Ag66eQ7JSA65Oc66as66m0IOuQmOqyoOyKteuLiOuLpOyalC4=,W0d1ayBTdW5zdV0KSnVzdCB0ZWxsIEVsZGVyIEtvbW9iaSB0aGF0IEnigJltIGZ1bGx5IHByZXBhcmVkLg==,,W+meoOmhuua0mV0K5Y+q6KaB6Lef56eR6I6r5q+U6ICB5Lq65a626K+05oiR5bey57uP6YO95YeG5aSH5aW95LqG5bCx6KGM5LqG44CC,,W0d1ayBTdW5zdV0K4Lid4Liy4LiB4Lia4Lit4LiB4LiX4LmI4Liy4LiZIEtvbW9iaSDguJTguYnguKfguKLguKfguYjguLLguILguYnguLLguYDguJXguKPguLXguKLguKHguYDguKrguKPguYfguIjguYHguKXguYnguKc=,,,W0d1ayBTdW5zdV0KQmFzdGFyw6EgY29uIGRlY2lybGUgYWwgYW5jaWFubyBLb21vYmkgcXVlIHlhIGxvIHRlbmdvIHRvZG8gcHJlcGFyYWRvLg==,W0d1ayBTdW5zdV0KU2FndCDDhGx0ZXN0ZXIgS29tb2JpLCBkYXNzIGljaCBmZXJ0aWcgYmluIHVuZCBhbGxlcyBiZXJlaXQgaXN0Lg==,W0d1ayBTdW5zdV0KSmUgbuKAmWFpIHF14oCZw6AgZGlyZSDDoCBs4oCZYcOubsOpIEtvbW9iaSBxdWUgamUgc3VpcyBwcsOqdCwgY+KAmWVzdCDDp2EgPw==,W0d1ayBTdW5zdV0KU2FtcGFpa2FuIHNhamEgcGFkYSBUZXR1YSBLb21vYmksIGFrdSBzdWRhaCBzaWFwLg==,W0d1ayBTdW5zdV0KS29tb2JpIGLDvHnDvMSfw7xtw7x6ZSBiZW5pbSB0w7xtIGhhesSxcmzEsWtsYXLEsW3EsW4gdGFtYW0gb2xkdcSfdW51IHPDtnlsZW1lbml6IHlldGVybGkgb2x1ci4=
N7Ge,W+q1reyInOyImF0K7JiG7JeQIOunjOuRkCDruZrripQg7J6Q6rCAIOutkCDtlZjqs6Ag7J6I64qU7KeAIOyCtOynnSDrtJAg7KO87Iut7Iuc7JikLgrri6gg64+E7JmA7KO87Iuc64qUIOqxtCDsoIDrp4wg7ZW07KO87IWU7JW8IO2VqeuLiOuLpOyalC4=,W0d1ayBTdW5zdV0KUGxlYXNlIHRha2UgYSBwZWVrIGF0IHdoYXQgdGhlIGR1bXBsaW5nIG1ha2VyIG5leHQgZG9vciBpcyBkb2luZy4KQnV0IHJlbWVtYmVyLCB5b3XigJlyZSBvbmx5IGhlbHBpbmcgbWUu,,W+meoOmhuua0mV0K6K+35L2g56iN5b6u55yL55yL5peB6L656YKj5Liq5YyF5YyF5a2Q55qE5a625LyZ5Zyo5YGa5LuA5LmI44CCCuS9huaYr+S9oOWPquiDveW4ruaIkeOAgg==,,W0d1ayBTdW5zdV0K4LmB4Lit4Lia4LmE4Lib4LiU4Li54LmD4Lir4LmJ4Lir4LiZ4LmI4Lit4Lii4Lin4LmI4Liy4LmA4LiI4LmJ4Liy4LiZ4Lix4LmI4LiZ4LiX4Liz4Lit4Liw4LmE4Lij4Lit4Lii4Li54LmIIOC5geC4leC5iOC4q+C5ieC4suC4oeC4iuC5iOC4p+C4ouC4oeC4seC4meC4peC5iOC4sA==,,,W0d1ayBTdW5zdV0KUG9yIGZhdm9yLCBlY2hlIHVuIHZpc3Rhem8gYSBxdcOpIGVzdMOhIGhhY2llbmRvIGVsIHF1ZSBwcmVwYXJhIE1hbmR1IGRlIGFsIGxhZG8uClBlcm8gc29sbyBkZWJlIGF5dWRhcm1lIGEgbcOtLg==,W0d1ayBTdW5zdV0KQml0dGUgc2NoYXV0IGt1cnogbmFjaCwgd2FzIGRlciBkYSBkcsO8YmVuIHNvIHRyZWlidCwgZGVyIGRpZSBNYW5kdSBmb3JtdC4KQWJlciBoZWxmZW4gZMO8cmZ0IElociBudXIgbWlyLg==,W0d1ayBTdW5zdV0KSmV0ZXogdW4gxZNpbCDDoCBjZSBxdWUgZmFpdCBsZSB0eXBlIHF1aSBmYcOnb25uZSBkZXMgcmF2aW9saXMsIGp1c3RlIMOgIGPDtHTDqS4KTWFpcyBuZSBs4oCZYWlkZXogcGFzIDogYWlkZXotbW9pLCBtb2kgc2V1bC4=,W0d1ayBTdW5zdV0KTGloYXRsYWggYXBhIHlhbmcgc2VkYW5nIGRpbGFrdWthbiBzaSBwZW1idWF0IHBhbmdzaXQgZGkgc2ViZWxhaD8KVGFwaSBpbmdhdCwga2FtdSBoYW55YSBib2xlaCBtZW1iYW50dWt1LCB5YT8=,W0d1ayBTdW5zdV0KWWFuIHRhcmFmdGEgbWFudMSxIHlhcGFuxLFuIG5lIHlhcHTEscSfxLFuxLEgxZ/DtnlsZSBiaXIga29udHJvbCBlZGluIGzDvHRmZW4uCkFtYSB5YXJkxLFtIGVkZWNlxJ9pbml6IGtpxZ9pIHlhbG7EsXpjYSBiZW4gb2xtYWzEsXnEsW0u
OLGe,W+q1reyInOyImF0K6rWt7IiYIO2VnCDqt7jrpocg66eb67O07Iuc66C164uI6rmMPw==,W0d1ayBTdW5zdV0KV291bGQgeW91IGxpa2UgdG8gdHJ5IGEgYm93bCBvZiBub29kbGVzPw==,,W+meoOmhuua0mV0K6KaB5LiN6KaB5bCd5LiA56KX6Z2i77yf,,W0d1ayBTdW5zdV0K4Liq4LiZ4LmD4LiI4Lil4Lit4LiH4LiK4Li04Lih4Liq4Lix4LiB4LiK4Liy4Lih4LmE4Lir4LihPw==,,,W0d1ayBTdW5zdV0Kwr9MZSBhcGV0ZWNlIHByb2JhciB1biBjdWVuY28gZGUgZmlkZW9zPw==,W0d1ayBTdW5zdV0KTcO2Y2h0ZXQgSWhyIGVpbmUgU2Now7xzc2VsIE51ZGVsbiBwcm9iaWVyZW4/,W0d1ayBTdW5zdV0KVm91bGV6LXZvdXMgZ2/Du3RlciB1biBib2wgZGUgbm91aWxsZXMgPw==,W0d1ayBTdW5zdV0KTWF1IGNvYmEgc2VtYW5na3VrIG1pPw==,W0d1ayBTdW5zdV0KQmlyIGthc2UgZXJpxZ90ZW5pbiB0YWTEsW5hIGJha21hayBpc3RlciBtaXNpbml6Pw==
ObGe,W+q1reyInOyImF0K7L2U66qo67mEIOyWtOultOyLoOq7mCDspIDruYTqsIAg64ukIOuQkOuLpOqzoCDrp5DslIDrk5zrpqzrqbQg65CY6rKg7Iq164uI64uk7JqULg==,W0d1ayBTdW5zdV0KWW91IGp1c3QgbmVlZCB0byB0ZWxsIEVsZGVyIEtvbW9iaSB0aGF0IEnigJltIGFsbCBzZXQu,,W+meoOmhuua0mV0K5Y+q6KaB6Lef56eR6I6r5q+U6ICB5Lq66K+05oiR6L+Z6L656YO95YeG5aSH5aW95LqG5bCx6KGM5LqG44CC,,W0d1ayBTdW5zdV0K4Lia4Lit4LiB4LiX4LmI4Liy4LiZIEtvbW9iaSDguYTguJTguYnguYDguKXguKLguKfguYjguLLguILguYnguLLguJ7guKPguYnguK3guKHguYHguKXguYnguKc=,,,W0d1ayBTdW5zdV0KQmFzdGFyw6EgY29uIGRlY2lybGUgYWwgYW5jaWFubyBLb21vYmkgcXVlIHlhIGxvIHRlbmdvIHRvZG8gcHJlcGFyYWRvLg==,W0d1ayBTdW5zdV0KU2FndCDDhGx0ZXN0ZXIgS29tb2JpLCBkYXNzIGljaCBtaXQgZGVuIFZvcmJlcmVpdHVuZ2VuIGZlcnRpZyBiaW4u,W0d1ayBTdW5zdV0KRGl0ZXMganVzdGUgw6AgbOKAmWHDrm7DqSBLb21vYmkgcXVlIHRvdXQgZXN0IHByw6p0Lg==,W0d1ayBTdW5zdV0KU2FtcGFpa2FuIHNhamEgcGFkYSBUZXR1YSBLb21vYmksIGFrdSBzdWRhaCBzaWFwLg==,W0d1ayBTdW5zdV0KS29tb2JpIGLDvHnDvMSfw7xtw7x6ZSBoYXrEsXJsxLFrbGFyxLFuIHRhbWFtIG9sZHXEn3VudSBzw7Z5bGVtZW5peiB5ZXRlcmxpIG9sdXIu
OrGe,W+q1reyInOyImF0K7Ja07JygLCDri7nsl7Dtnogg7KCc6rCAIOydtOq4sOyngOyalC4g66eb7J207JqUPyDri7nsl7Dtnogg7J6I7KeA7JqUISDsl63sgqzsmYAg7KCE7Ya17J2YIOunmyE=,W0d1ayBTdW5zdV0KT2gsIG9mIGNvdXJzZSBJ4oCZbGwgd2luLiBUaGUgdGFzdGU/Ck5hdHVyYWxseSEgQSBmbGF2b3IgYmFja2VkIGJ5IGhpc3RvcnkgYW5kIHRyYWRpdGlvbiE=,,W+meoOmhuua0mV0K5ZOO5ZOf77yM6YKj5b2T54S25piv5oiR6LWi5ZWK44CC5ZGz6YGT77yf5b2T54S25pyJ5ZWK77yB5Y6G5Y+y5LiO5Lyg57uf55qE5ZGz6YGT77yB,,W0d1ayBTdW5zdV0K4LmB4LiZ4LmI4LiZ4Lit4LiZ4Liq4Li0ISDguYHguJnguYjguJnguK3guJnguKfguYjguLLguILguYnguLLguJXguYnguK3guIfguIrguJnguLAhIOC5gOC4o+C4t+C5iOC4reC4h+C4o+C4quC4iuC4suC4leC4tOC4meC5iOC4sOC4q+C4o+C4t+C4rT8g4LiZ4Li14LmI4LiE4Li34Lit4Lij4Liq4LiK4Liy4LiV4Li04LmB4Lir4LmI4LiH4Lib4Lij4Liw4Lin4Lix4LiV4Li04Lio4Liy4Liq4LiV4Lij4LmMIQ==,,,W0d1ayBTdW5zdV0KQ2xhcm8gcXVlIGdhbmFyw6kgeW8uIMK/UXVlIHNpIHRpZW5lIHNhYm9yPyDCoUNsYXJvIHF1ZSBzw60hIMKhRWwgc2Fib3IgZGUgbGEgaGlzdG9yaWEgeSBsYSB0cmFkaWNpw7NuIQ==,W0d1ayBTdW5zdV0KT2gsIG5hdMO8cmxpY2ggZ2V3aW5uZSBpY2guIERlciBHZXNjaG1hY2s/IE5hdMO8cmxpY2ggaXN0IGVyIGRhISBFaW4gR2VzY2htYWNrIHZvbGxlciBHZXNjaGljaHRlIHVuZCBUcmFkaXRpb24h,W0d1ayBTdW5zdV0KT2gsIMOpdmlkZW1tZW50IHF1ZSBqZSBnYWduZS4gTGUgZ2/Du3QgPyDDiXZpZGVtbWVudCAhIExlIGdvw7t0IGRlIGzigJloaXN0b2lyZSBldCBkZSBsYSB0cmFkaXRpb24gIQ==,W0d1ayBTdW5zdV0KVGVudHUgc2FqYSBha3UgYWthbiBtZW5hbmcuIFJhc2FueWE/ClRlbnR1IHNhamEhIFN1ZGFoIGRpYnVrdGlrYW4gc2VqYXJhaCBkYW4gdHJhZGlzaSE=,W0d1ayBTdW5zdV0KQWgsIGVsYmV0dGUgYmVuIGthemFuxLFyxLFtLiBUYWTEsW5hIG3EsT8gRWxiZXR0ZSB2YXIhIFRhcmloaSB2ZSBnZWxlbmXEn2kgb2xhbiBiaXIgdGF0IQ==
O7Ge,W+q1reyInOyImF0K67aALCDrtoDrgYTrn6zsmrDri4jquYzsmpQuLi4g64SI66y0IOunkCDqsbjqs6Ag6re465+s7KeAIOunkOyVhOyjvOyLreyHvC4uLiDrhKQu,W0d1ayBTdW5zdV0KSS1J4oCZbSBlbWJhcnJhc3NlZCwgeW91IHNlZeKApgpQbGVhc2UgZG9u4oCZdCB0YWxrIHRvIG1lIHRvbyBtdWNo4oCmIHllcy4=,,W+meoOmhuua0mV0K5Zug44CB5Zug5Li65b6I5a6z576e5ZibLi4u5Yir6ICB6Lef5oiR5pCt6K+d6KGM5LiN6KGMLi4u5piv44CC,,W0d1ayBTdW5zdV0K4Lit4LiwIOC5gOC4reC5iOC4reKApuC4guC5ieC4suC5gOC4guC4tOC4meC4meC4seC4gSDguK3guKLguYjguLLguJ7guLnguJTguIHguLHguJrguILguYnguLLguKHguLLguIHguJnguLHguIHguYDguKXguKI=,,,W0d1ayBTdW5zdV0KRS1lcyBxdWUgbWUgZGEgdmVyZ8O8ZW56YS4uLiBObyBtZSBoYWJsZSB0YW50bywgcG9yIGZhdm9yLi4uIFPDrS4=,W0d1ayBTdW5zdV0KRXMgaXN0IG1pci4uLiBtaXIgbnVyIHBlaW5saWNoLi4uIEFsc28gc3ByZWNodCBtaWNoIGJpdHRlIG5pY2h0IHp1IG9mdCBhbi4uLiBqYT8=,W0d1ayBTdW5zdV0KQywgY+KAmWVzdCBlbWJhcnJhc3NhbnQuLi4gQWxvcnMgbmUgbWUgcGFybGV6IHBhcyB0cm9wLCBz4oCZaWwgdm91cyBwbGHDrnQuLi4gT3VpLg==,W0d1ayBTdW5zdV0KQS1ha3UgbWFsdS4uLgpUb2xvbmcgamFuZ2FuIGJpY2FyYSBkZW5nYW5rdS4uLg==,W0d1ayBTdW5zdV0KxZ4sIMWfZXkuLi4gVXRhbsSxeW9ydW0uLi4gTMO8dGZlbiBiZW5pbWxlIGZhemxhIGtvbnXFn21hecSxbi4uLiBFdmV0Lg==
PLGe,W+q1reyInOyImF0K7ZW066OhIO2IrOultO2MjCDri5gg7KCE7ISk7J20IOynhOynnOqwgCDslYTri4jsl4jri6Tri4guLi4g7Lap6rKp7J6F64uI64uk7JqULi4uCu2VmOyngOunjCDsp4Tsp5zqsIAg7JWE64uI652864+EIOygnCDsmqnsiJjsl7wg6rWt7IiY7J2YIOunm+ydgCDsp4Tsp5wg7L2U66qo64+EIOuqheusvOuhnCDrp4zrk6Qg6rKB64uI64ukLiDrsJjrk5zsi5zsmpQh,W0d1ayBTdW5zdV0KVG8gdGhpbmsgdGhlIGxlZ2VuZCBvZiBTZWEgRHJhZ29uIFR1cnBhIHdhc27igJl0IHJlYWzigKYKVGhhdOKAmXMgcXVpdGUgYSBzaG9ja+KApgpCdXQgcmVhbCBvciBub3QsIEnigJlsbCBtYWtlIG15IERyYWdvbiBCZWFyZCBOb29kbGVzIGEgdHJ1ZSBDb21vZG8gc3BlY2lhbHR5LgpJIHN3ZWFyIGl0IQ==,,W+meoOmhuua0mV0K5rW36b6Z5Zu+5bCU5biV5aSn5Lq655qE5Lyg6K+05bGF54S25LiN5piv55yf55qELi4u5aSq6ZyH5oOK5LqGLi4uCuS4jei/h+Wwseeul+S4jeaYr+ecn+eahO+8jOaIkeS5n+imgeaKiuaIkeeahOm+memhu+axpOmdouWBmuaIkOecn+ato+eahOWFi+mtlOWym+WQjeS6p+OAguS4gOWumu+8gQ==,,W0d1ayBTdW5zdV0K4LiV4Liz4LiZ4Liy4LiZ4Lih4Lix4LiH4LiB4Lij4LmE4Lih4LmI4LmD4LiK4LmI4LmA4Lij4Li34LmI4Lit4LiH4LiI4Lij4Li04LiH4LiH4Lix4LmJ4LiZ4Lir4Lij4Li34Lit4oCm4LiC4LmJ4Liy4LiV4LiB4LmD4LiI4LiZ4Lix4LiB4oCmIOC5geC4leC5iOC4luC4tuC4h+C4iOC4sOC5hOC4oeC5iOC4iOC4o+C4tOC4hyDguJrguLDguKvguKHguLXguYjguILguK3guIfguILguYnguLLguIjguLDguJXguYnguK3guIfguIHguKXguLLguKLguYDguJvguYfguJnguILguK3guIfguILguLbguYnguJnguIrguLfguYjguK3guYHguKvguYjguIcgQ29tb2RvIOC5g+C4q+C5ieC5hOC4lOC5iSEg4Lit4Lii4LmI4Liy4LiH4LmB4LiZ4LmI4LiZ4Lit4LiZISE=,,,W0d1ayBTdW5zdV0KUXVlIGxhIGxleWVuZGEgZGVsIERyYWfDs24gTWFyaW5vIFR1cnBhIG5vIGZ1ZXJhIHJlYWwuLi4gRXMgaW1wYWN0YW50ZS4uLgpQZXJvLCBhdW5xdWUgbm8gc2VhIHJlYWwsIGhhcsOpIGRlIG1pcyBmaWRlb3MgZGUgYmFyYmEgZGUgZHJhZ8OzbiB1bmEgYXV0w6ludGljYSBlc3BlY2lhbGlkYWQgZGUgQ29tb2RvLiDCoVNpbiBmYWx0YSE=,W0d1ayBTdW5zdV0KRGFzcyBkaWUgTGVnZW5kZSB2b24gU2VlZHJhY2hlIFR1cnBhIGdhciBuaWNodCBlY2h0IHdhcuKApiBkYXMgaGF1dCByZWlu4oCmCkFiZXIgc2VsYnN0IHdlbm7igJlzIG51ciDigJluZSBTdG9yeSBpc3Q6IE1laW5lIERyYWNoZW5iYXJ0bnVkZWxuIG1hY2ggaWNoIHRyb3R6ZGVtIHp1ciBlY2h0ZW4gU3BlemlhbGl0w6R0IHZvbiBDb21vZG8uIEdhbnogc2ljaGVyIQ==,W0d1ayBTdW5zdV0KTGEgbMOpZ2VuZGUgZGUgVHVycGEsIGxlIERyYWdvbiBkZSBNZXIsIMOpdGFpdCBkb25jIGZhdXNzZS4uLiBRdWVsIGNob2MuLi4KTWFpcyB2cmFpZSBvdSBwYXMsIG1lcyBOb3VpbGxlcyBzcMOpY2lhbGVzIMOgIGxhIGJhcmJlIGRlIGRyYWdvbiBkZXZpZW5kcm9udCBsYSBzcMOpY2lhbGl0w6kgZGUgQ29tb2RvLiBD4oCZZXN0IGp1csOpICE=,W0d1ayBTdW5zdV0KTGVnZW5kYSBOYWdhIExhdXQgVHVycGEgdGlkYWsgbnlhdGEuLi4KSXR1IG1lbmdlanV0a2FuLi4uClRhcGkgbnlhdGEgYXRhdSB0aWRhaywgU3BlY2lhbCBEcmFnb24gQmVhcmQgTm9vZGxlcyBha2FuIGt1amFkaWthbiBoaWRhbmdhbiBuYXNpb25hbCBDb21vZG8hCkFrdSBiZXJzdW1wYWgh,W0d1ayBTdW5zdV0KRGVuaXogRWpkZXJpIFR1cnBhIGVmZW5kaW5pbiBlZnNhbmVzaSBnZXLDp2VrIGRlxJ9pbG1pxZ8uLi4gxZ5vayBvbGR1bS4uLgpBbWEgZ2Vyw6dlayBvbG1hc2EgYmlsZSBiZW5pbSBEcmFnb24gQmVhcmQgTm9vZGxlcyB0YWTEsW0gZ2Vyw6dlayBiaXIgQ29tb2RvIG1lxZ9odXJ1IG9sYWNhay4gTXV0bGFrYSE=
PbGe,66eM7Yis7JeQIO2DgOudvA==,TWFudG9lIFRhcmE=,,5pu85Zu+5Z+DwrfloZTmi4k=,,TWFudHVlIFRhcmE=,,,TWFudHVlIFRhcmE=,TWFudHVlIFRhcmE=,TWFudHVlIFRhcmE=,TWFudG9lIFRhcmE=,TWFudHVlIFRhcmE=
PrGe,66eM7Yis7JeQIDog6reAIOyemCDtjIzqs6Ag65Ok7Ja06528ISDsp4HtmZQg67iM66CI7IqkIOunjOuRkOuKlCDtlbTro6Hri5jqu5gg7KeB7KCRIOyghOyImOuwm+ydgCDqsbDslbwhIOyWtOuUlCDqsJDtnogg7JuQ7KGw66W8IOyCrOy5re2VtD8=,TWFudHVlTGlzdGVuIGNsb3NlbHkhIENoYXJjb2FsLUJyb2lsZWQgQnJlYXRoIER1bXBsaW5nIHdhcyBwYXNzZWQgZG93biBkaXJlY3RseSBmcm9tIHRoZSBTZWEgRHJhZ29uIGhpbXNlbGYhIEhvdyBkYXJlIHlvdSBjbGFpbSB5b3UncmUgdGhlIG9yaWdpbmFsPyE=,,5pu85Zu+5Z+DOiDnu5nmiJHnq5botbfogLPmnLXlkKzlpb3kuobvvIHnm7TngavnhY7ng6TppbrlrZDmmK/mtbfpvpnlpKfkurrkurLoh6rkvKDmjojnu5nmiJHnmoTvvIHkvaDkuZ/mlaLlhpLlhYXmraPlrpfvvJ8=,,TWFudHVlIDog4Lif4Lix4LiH4LmD4Lir4LmJ4LiU4Li1ISBGaXJlLUJyZWF0aGUgRHVtcGxpbmcg4LiZ4Li14LmJIOC4guC5ieC4suC5hOC4lOC5ieC4o+C4seC4muC4geC4suC4o+C4luC5iOC4suC4ouC4l+C4reC4lOC4oeC4suC4iOC4suC4geC4l+C5iOC4suC4meC4oeC4seC4h+C4geC4o+C4l+C4sOC5gOC4peC5guC4lOC4ouC4leC4o+C4hyEg4LmA4LiI4LmJ4Liy4LiB4Lil4LmJ4Liy4LiU4Li14Lit4Lii4LmI4Liy4LiH4LmE4Lij4Lih4Liy4Lit4LmJ4Liy4LiH4Lin4LmI4Liy4LmA4Lib4LmH4LiZ4LiV4LmJ4LiZ4LiV4Liz4Lij4Lix4LiaIQ==,,,TWFudHVlOiDCoUFicmUgYmllbiBsYXMgb3JlamFzIHkgZXNjdWNoYSEgTWFuZHUgZGUgYWxpZW50byBhIGxhIHBhcnJpbGxhIG1lIGZ1ZSB0cmFuc21pdGlkbyBkaXJlY3RhbWVudGUgcG9yIGVsIFNlw7FvciBEcmFnw7NuIE1hcmluby4gwr9Dw7NtbyB0ZSBhdHJldmVzIGEgaGFjZXJ0ZSBwYXNhciBwb3IgZWwgb3JpZ2luYWw/,TWFudHVlIDogU3BpdHogZGllIE9ocmVuISBNYW5kdSDigJ5GbGFtbWVuYXRlbeKAnCB3dXJkZSBkaXJla3Qgdm9tIFNlZWRyYWNoZW5oZXJybiDDvGJlcmxpZWZlcnQhIFdpZSBrYW5uc3QgZHUgZXMgd2FnZW4sIGRhcyBPcmlnaW5hbCB6dSBmw6Rsc2NoZW4/,TWFudHVlIDogT3V2cmV6IGdyYW5kIHZvcyBvcmVpbGxlcyAhIExlcyBSYXZpb2xpcyBncmlsbMOpcyDDoCBsYSBmbGFtbWUgbeKAmW9udCDDqXTDqSB0cmFuc21pcyBkaXJlY3RlbWVudCBwYXIgbGUgRHJhZ29uIGRlIE1lciAhIENvbW1lbnQgb3Nlei12b3VzIHZvdXMgZmFpcmUgcGFzc2VyIHBvdXIgbOKAmWF1dGhlbnRpcXVlID8=,TWFudHVlIDogRGVuZ2Fya2FuIGJhaWstYmFpayEgQ2hhcmNvYWwtQnJvaWxlZCBCcmVhdGggRHVtcGxpbmcgZGl3YXJpc2thbiBsYW5nc3VuZyBvbGVoIE5hZ2EgTGF1dCEgQmVyYW5pbnlhIGthbXUgbWVuZ2FrdSBzZWJhZ2FpIHlhbmcgYXNsaT8=,TWFudHVlIDogS3VsYWtsYXLEsW7EsSBpeWkgYcOnISBLw7Ztw7xyZGUgSXpnYXJhIE5lZmVzIE1hbnTEsXPEsW7EsSBEZW5peiBFamRlcmkgZWZlbmRpZGVuIGJpenphdCDDtsSfcmVuZGltISBTZW4gZGUga2ltc2luIGtpIGFzbMSxIHRha2xpdCBldG1leWUgY8O8cmV0IGVkaXlvcnN1bj8=
P7Ge,W+unjO2IrOyXkCDtg4DrnbxdCuuqqO2XmOqwgOuLmCwg7KCcIOydtOyVvOq4sOulvCDsooAuLi4g7JWELCDslYTsp4Eg7IiY66CoIOykkeydtOyLoCDrqqjtl5jqsIDsi5zqtbDsmpQuIOq0nO2VnCDsnbzroZwg66eQ7J2EIOqxuOyWtCDso4TshqHtlanri4jri6Qu,W01hbnRvZSBUYXJhXQpBZHZlbnR1cmVyLCBwbGVhc2UgaGVhciBtZSBvdXTigKYgYWgsIHlvdeKAmXJlIHN0aWxsIGluIHRyYWluaW5nLgpTb3JyeSB0byBib3RoZXIgeW91IHdpdGggc3VjaCBtYXR0ZXJzLg==,,W+abvOaJmMK35aGU5ouJXQrlhpLpmanogIXvvIzor7flkKzmiJHor7TngrkuLi7llYrvvIzkvaDov5jmmK/lnKjkv67ngrzkuK3nmoTlhpLpmanogIXllYrjgILmiJHkuI3or6XkuLrov5nnp43kuovot5/kvaDmkK3or53vvIznnJ/mirHmrYnjgII=,,W01hbnRvZSBUYXJhXQrguJfguYjguLLguJnguJnguLHguIHguJzguIjguI3guKDguLHguKIg4Lif4Lix4LiH4LiC4LmJ4Liy4Liq4Lix4LiB4oCm4Lit4LmJ4LitIOC5gOC4iOC5ieC4suC4ouC4seC4h+C4reC4ouC4ueC5iOC4o+C4sOC4q+C4p+C5iOC4suC4h+C4neC4tuC4geC4neC4meC4quC4tOC4meC4sCDguILguYnguLLguILguK3guK3guKDguLHguKLguJfguLXguYjguKPguJrguIHguKfguJk=,,,W01hbnR1ZSBUYXJhXQpBdmVudHVyZXJvLCBxdWVyw61hIGNvbnRhcmxlIGFsZ28uLi4gQWgsIGHDum4gZXN0w6EgZW50cmVuYW5kby4gUGVyZG9uZSBxdWUgbGUgaGF5YSBtb2xlc3RhZG8gcG9yIHVuYSB0b250ZXLDrWEu,W01hbnR1ZSBUYXJhXQpBYmVudGV1cmVyLCBow7ZydCBldWNoIGJpdHRlIG1laW5lIEdlc2NoaWNodGUgYW7igKYgQWgsIGlociBzZWlkIHdvaGwgbm9jaCBlaW4gQWJlbnRldXJlciBpbiBBdXNiaWxkdW5nLiBWZXJ6ZWlodCwgZGFzcyBpY2ggZXVjaCBtaXQgc28gZXR3YXMgYmVoZWxsaWd0IGhhYmUu,W01hbnR1ZSBUYXJhXQpBdmVudHVyaWVyLCDDqWNvdXRleiBtb24gaGlzdG9pcmUsIGplIHZvdXMuLi4gQWgsIHZvdXMgw6p0ZXMgZW5jb3JlIGVuIGVudHJhw65uZW1lbnQsIGF2ZW50dXJpZXIuIETDqXNvbMOpIGRlIHZvdXMgYXZvaXIgYWJvcmTDqSBwb3VyIHJpZW4u,W01hbnR1ZSBUYXJhXQpBZHZlbnR1cmVyLCBkZW5nYXJrYW4gYWt1Li4uIEFoLCBrYW11IG1hc2loIGJlcmxhdGloLiAKTWFhZiBrYXJlbmEgc3VkYWggbWVuZ2dhbmdndW11Lg==,W01hbnRvZSBUYXJhXQpNYWNlcmFjxLEgYmV5ZWZlbmRpLCBiZW5pbSBzw7Z6w7xtw7wgYmlyYXouLi4gQWgsIGjDomzDoiBlxJ9pdGltZGUgb2xhbiBiaXIgbWFjZXJhY8SxeW3EscWfc8SxbsSxei4gQm/FnyB5ZXJlIGxhZiBhdMSxcCByYWhhdHPEsXogZXR0acSfaW0gacOnaW4gw7Z6w7xyIGRpbGVyaW0u
QLGe,W+unjO2IrOyXkCDtg4DrnbxdCuyVhOuLiCwg6rSA6rSR6rCd7J207IS47JqUPyDrqqjtl5jqsIDsi6DqsIAhIOydtOqxsCDsnpgg65CQ7Iq164uI64ukLiDrqqjtl5jqsIDrqbQg7Jes6riw7KCA6riwIOq3gOuPhCDrsJ3qs6Ag6rKs66y464+EIOuEk+ycvOyLpCDqsbAg7JWE64uZ64uI6rmMLiDsvZTrqqjrj4Qg7ZW066OhIOyghOyEpCDslYTsi5zsp4DsmpQ/,W01hbnRvZSBUYXJhXQpPaCwgYXJlIHlvdSBhIFRvdXJpc3Q/IEFuIGFkdmVudHVyZXIhClRoYXTigJlzIHBlcmZlY3QuIEFkdmVudHVyZXJzIGhhdmUgc2hhcnAgZWFycyBhbmQgYnJvYWQga25vd2xlZGdlLCBkb27igJl0IHRoZXk/CllvdSBrbm93IHRoZSBTZWEgRHJhZ29uIGxlZ2VuZCBvZiBDb21vZG8sIHJpZ2h0Pw==,,W+abvOaJmMK35aGU5ouJXQrkuI3vvIzkvaDmmK/muLjlrqLlkJfvvJ/mmK/lhpLpmanogIXllYrvvIHpgqPlj6/lpKrlpb3kuobjgILlhpLpmanogIXkuI3mmK/liLDlpITot5HvvIzogLPmnLXkuZ/ngbXjgIHop4Hor4bkuZ/lub/lkJfjgILkvaDnn6XpgZPlhYvprZTlspvmtbfpvpnkvKDor7TlkKfvvJ8=,,W01hbnRvZSBUYXJhXQrguKvguKPguLfguK3guYDguIjguYnguLLguYDguJvguYfguJnguJnguLHguIHguJfguYjguK3guIfguYDguJfguLXguYjguKLguKc/IOC5hOC4oeC5iOC4quC4tCDguJnguLHguIHguJzguIjguI3guKDguLHguKLguKrguLTguJnguLAg4LiU4Li14LmA4Lil4LiiIOC4reC4ouC5iOC4suC4h+C5gOC4iOC5ieC4suC4hOC4h+C4o+C4ueC5ieC5gOC4o+C4t+C5iOC4reC4h+C4leC5iOC4suC4hyDguYYg4Lih4Liy4LiB4Lih4Liy4LiiIOC4reC4ouC5iOC4suC4h+C5gOC4o+C4t+C5iOC4reC4h+C4leC4s+C4meC4suC4meC4oeC4seC4h+C4geC4o+C5geC4q+C5iOC4hyBDb21vZG8g4LmA4LiI4LmJ4Liy4LiB4LmH4Lij4Li54LmJ4LmD4LiK4LmI4LmE4Lir4LihPw==,,,W01hbnR1ZSBUYXJhXQrCv0VzIHR1cmlzdGE/IMKhQWgsIGVzIGF2ZW50dXJlcm8hIFF1w6kgYmllbi4gU2llbmRvIGF2ZW50dXJlcm8sIHRlbmRyw6EgYnVlbiBvw61kbyB5IGhhYnLDoSB2aXN0byBtdW5kby4gwr9Db25vY2UgbGEgbGV5ZW5kYSBkZWwgRHJhZ8OzbiBNYXJpbm8gZGUgQ29tb2RvPw==,W01hbnR1ZSBUYXJhXQpOZWluLCBzZWlkIElociBlaW4gVG91cmlzdD8gQWNoLCBlaW4gQWJlbnRldXJlciEgRGFzIHBhc3N0IGphIHBlcmZla3QuIEFscyBBYmVudGV1cmVyIGhhYnQgSWhyIGRvY2ggc2ljaGVyIMO8YmVyYWxsIGRpZSBPaHJlbiBvZmZlbiB1bmQgZWluZSBNZW5nZSBnZXNlaGVuLCBvZGVyIG5pY2h0PyBJaHIga2VubnQgZG9jaCBkaWUgU2VlZHJhY2hlbi1MZWdlbmRlIHZvbiBDb21vZG8sIG9kZXI/,W01hbnR1ZSBUYXJhXQpOb24uLi4gdm91cyDDqnRlcyBUb3VyaXN0ZSA/IEFoLCB1biBhdmVudHVyaWVyICEgVGFudCBtaWV1eC4gVW4gYXZlbnR1cmllciBhIGzigJlvcmVpbGxlIGZpbmUgZXQgbOKAmWVzcHJpdCBvdXZlcnQsIG5vbiA/IFZvdXMgY29ubmFpc3NleiBsYSBsw6lnZW5kZSBkdSBEcmFnb24gZGUgTWVyIGRlIENvbW9kbywgbuKAmWVzdC1jZSBwYXMgPw==,W01hbnR1ZSBUYXJhXQpPaCwga2FtdSB0dXJpcz8gQWR2ZW50dXJlciEgQmFndXMuIEFkdmVudHVyZXIgdGVudHUgYmVyd2F3YXNhbiBsdWFzLCBidWthbj8gCkthbXUgdGFodSBsZWdlbmRhIE5hZ2EgTGF1dCBkaSBDb21vZG8sICdrYW4/,W01hbnRvZSBUYXJhXQpIYXnEsXIsIFR1cmlzdCBtaXNpbml6PyBNYWNlcmFjxLEgbcSxc8SxbsSxeiEgQnUgaXlpIG9sZHUuIE1hY2VyYWPEsXlzYW7EsXogaGVyIHllcmRlIGt1bGHEn8SxbsSxeiBkZWxpaywgZ8O2cmfDvG7DvHogZGUgZ2VuacWfdGlyLCBkZcSfaWwgbWkuIENvbW9kbyBEZW5peiBFamRlcmkgZWZzYW5lc2luaSBiaWxpeW9yc3VudXpkdXI/
QbGe,W+unjO2IrOyXkCDtg4DrnbxdCuq3uOuemOyalCEg67aE66qF7Z6IIOyVhOyLpCDqsbDrnbzqs6Ag7IOd6rCB7ZaI7Ja07JqULiDsmrDrpqwg7L2U66qo64+E6rCAIOyXrOq4sOyEnCDsnqDrk6TslrQg67CU7JyE7IKw7J20IOuQmOyWtCDrsoTrpqzsi6Ag7ZW066OhIO2IrOultO2MjCDri5jsnZgg7J6FIOyGjeyXkCDsnojri6TripQsIOq3uCDsoITshKQg66eQ7J207KeA7JqULg==,W01hbnRvZSBUYXJhXQpFeGFjdGx5ISBJIGtuZXcgeW914oCZZCBrbm93LgpUaGUgbGVnZW5kIHRoYXQgQ29tb2RvIGxpZXMgd2l0aGluIHRoZSB0aHJvYXQgb2YgU2VhIERyYWdvbiBUdXJwYSwKd2hvIGZlbGwgYXNsZWVwIGhlcmUgYW5kIHR1cm5lZCBpbnRvIHN0b25lLg==,,W+abvOaJmMK35aGU5ouJXQrlr7nlkKfvvIHmiJHlsLHnn6XpgZPkvaDkuIDlrprnn6XpgZPjgILlsLHmmK/pgqPkuKrkvKDor7TvvIzor7TmiJHku6zlhYvprZTlspvlnKjov5nph4zmsonnnaHjgIHlj5jmiJDlsqnlsbHnmoTmtbfpvpnlm77lsJTluJXlpKfkurrnmoTlmLTph4zjgII=,,W01hbnRvZSBUYXJhXQrguYPguIrguYjguYHguKXguYnguKchIOC4guC5ieC4suC4hOC4tOC4lOC4p+C5iOC4suC5gOC4iOC5ieC4suC4leC5ieC4reC4h+C4o+C4ueC5iSDguJXguLPguJnguLLguJnguJfguLXguYjguKfguYjguLLguYDguKHguLfguK3guIcgQ29tb2RvIOC4meC4seC5ieC4meC4reC4ouC4ueC5iOC4oOC4suC4ouC5g+C4meC4m+C4suC4geC4guC4reC4h+C4l+C5iOC4suC4meC4oeC4seC4h+C4geC4oyDguJzguLnguYnguKvguKXguLHguJrguYPguKvguKXguIjguJnguKPguYjguLLguIfguIHguKXguLLguKLguYDguJvguYfguJnguKDguLnguYDguILguLLguKvguLTguJk=,,,W01hbnR1ZSBUYXJhXQrCoUVzbyBlcyEgWWEgc2Fiw61hIHF1ZSBsYSBjb25vY8OtYS4gTGEgbGV5ZW5kYSBkZSBxdWUgQ29tb2RvIGVzdMOhIGRlbnRybyBkZSBsYSBib2NhIGRlbCBzZcOxb3IgRHJhZ8OzbiBNYXJpbm8gVHVycGEsIHF1ZSBzZSBxdWVkw7MgZG9ybWlkbyBhcXXDrSB5IHNlIGNvbnZpcnRpw7MgZW4gdW5hIG1vbnRhw7FhIHJvY29zYS4=,W01hbnR1ZSBUYXJhXQpHZW5hdSEgSWNoIGRhY2h0ZSBtaXIgZG9jaCwgZGFzcyBpaHIgc2llIGtlbm50LiBEaWVzZSBMZWdlbmRlLCBkYXNzIHVuc2VyIENvbW9kbyBzaWNoIGltIE1hdWwgZGVzIFNlZWRyYWNoZW5oZXJybiBUdXJwYSBiZWZpbmRldCwgZGVyIGhpZXIgZWluZ2VzY2hsYWZlbiB1bmQgenUgZWluZW0gRmVsc2JlcmcgZ2V3b3JkZW4gaXN0Lg==,W01hbnR1ZSBUYXJhXQpWb2lsw6AhIEplIG1lIGRpc2FpcyBiaWVuIHF1ZSB2b3VzIGxhIGNvbm5haXNzaWV6LiBDZXR0ZSBsw6lnZW5kZSBzZWxvbiBsYXF1ZWxsZSBub3RyZSBDb21vZG8gc2UgdHJvdXZlIGRhbnMgbGEgYm91Y2hlIGRlIFR1cnBhLCBsZSBEcmFnb24gZGUgTWVyLCBxdWkgc+KAmWVzdCBlbmRvcm1pIGljaSBldCBlc3QgZGV2ZW51IHVuZSBtb250YWduZSByb2NoZXVzZS4=,W01hbnR1ZSBUYXJhXQpUZW50dSBzYWphISBTdWRhaCBrdWR1Z2EhCktvbm9uIGthdGFueWEsIENvbW9kbyBiZXJhZGEgZGkgZGFsYW0gdGVuZ2dvcm9rYW4gTmFnYSBMYXV0IFR1cnBhIHlhbmcgdGVydGlkdXIgZGFuIG1lbmphZGkgYmF0dS4=,W01hbnRvZSBUYXJhXQpFdmV0ISBLZXNpbmxpa2xlIGJpbGRpxJ9pbml6aSBkw7zFn8O8bm3DvMWfdMO8bS4gQml6aW0gQ29tb2RvbnVuLCBidXJhZGEgdXl1eXVwIGtheWFsxLFrIGRhxJ9hIGTDtm7DvMWfZW4gRGVuaXogRWpkZXJpIFR1cnBhIGVmZW5kaW5pbiBhxJ96xLFuxLFuIGnDp2luZGUgb2xkdcSfdW5hIGRhaXIgbyBlZnNhbmUgacWfdGUu
QrGe,W+unjO2IrOyXkCDtg4DrnbxdCuyVhC4uLiDrqqjrpbTsi5zrgpg/IOq0nOywruyVhOyalCwg66qo66W8IOyImOuPhCDsnojsp4DsmpQuIOykkeyalO2VnCDqsbQg6re46rKMIOyVhOuLiOqxsOuToOyalC4=,W01hbnRvZSBUYXJhXQpPaOKApiB5b3UgZG9u4oCZdCBrbm93PyBUaGF04oCZcyBmaW5lLCBub3QgZXZlcnlvbmUgZG9lcy4KVGhhdOKAmXMgbm90IHRoZSBpbXBvcnRhbnQgcGFydCBhbnl3YXku,,W+abvOaJmMK35aGU5ouJXQrllYouLi7kvaDkuI3nn6XpgZPlkJfvvJ/msqHlhbPns7vvvIzkuZ/lj6/og73kuI3nn6XpgZPjgILph43opoHnmoTkuI3mmK/pgqPkuKrjgII=,,W01hbnRvZSBUYXJhXQrguK3guYjguLLigKbguYTguKHguYjguKPguLnguYnguKvguKPguLfguK0g4LmE4Lih4LmI4LmA4Lib4LmH4LiZ4LmE4LijIOC5gOC4o+C4t+C5iOC4reC4h+C4meC4seC5ieC4meC5hOC4oeC5iOC4quC4s+C4hOC4seC4jQ==,,,W01hbnR1ZSBUYXJhXQpBaC4uLiDCv05vIGxhIGNvbm9jZT8gTm8gcGFzYSBuYWRhLCBwdWVkZSBxdWUgbm8gbGEgY29ub3pjYS4gTG8gaW1wb3J0YW50ZSBubyBlcyBlc28u,W01hbnR1ZSBUYXJhXQpBaC4uLiBJaHIga2VubnQgc2llIG5pY2h0PyBTY2hvbiBndXQsIGRhcyBrYW5uIGphIHNlaW4uIFdpY2h0aWcgaXN0IGRhcyBuw6RtbGljaCBuaWNodC4=,W01hbnR1ZSBUYXJhXQpBaC4uLiBWb3VzIG5lIGxhIGNvbm5haXNzZXogcGFzPyBDZSBu4oCZZXN0IHBhcyBncmF2ZSwgw6dhIGFycml2ZS4gQ2UgbuKAmWVzdCBwYXMgw6dhIHF1aSBjb21wdGUu,W01hbnR1ZSBUYXJhXQpPaC4uLiBLYW11IHRpZGFrIHRhaHU/IFRpZGFrIGFwYS1hcGEsIHRpZGFrIHNlbXVhIG9yYW5nIHRhaHUuIApZYW5nIHBhbGluZyBwZW50aW5nIGJ1a2FuIGl0dS4=,W01hbnRvZSBUYXJhXQpBaC4uLiBCaWxtaXlvciBtdXN1bnV6PyBTb3J1biBkZcSfaWwsIGJpbG1leWViaWxpcnNpbml6LiDDlm5lbWxpIG9sYW4gYnUgZGXEn2lsIHphdGVuLg==
Q7Ge,W+unjO2IrOyXkCDtg4DrnbxdCuuniOuFgCDsoITshKQ/IC4uLuyVhCwg6re4IOuPmeq1tCDslYjsl5Ag66eI64WA6rCAIOyCsOuLpOuKlCDsnbTslbzquLAg66eQ7J206rWw7JqULiDtiKzrpbTtjIwg64uY7J2YIOq4sOyatOydhCDrsJvsnLzrn6wg66eI64WA64+EIOyYrCDsiJgg7J6I6rOgIOq0tOusvOuPhCDsmKwg7IiYIOyeiOqzoCDqt7jroIfqsqDso6AuIOyLoOu5hO2VnCDqs7Mg7JWE64uI6rKg7Iq164uI6rmMLg==,W01hbnRvZSBUYXJhXQpUaGUgd2l0Y2ggbGVnZW5kPwpBaCwgdGhlIHN0b3J5IGFib3V0IGEgd2l0Y2ggbGl2aW5nIGluIHRoYXQgY2F2ZS4KV2l0Y2hlcywgbW9uc3RlcnPigJRhbnlvbmUgY291bGQgYmUgZHJhd24gYnkgVHVycGHigJlzIHBvd2VyLgpJc27igJl0IGl0IGEgbXlzdGVyaW91cyBwbGFjZT8=,,W+abvOaJmMK35aGU5ouJXQrlpbPlt6vkvKDor7TvvJ8uLi7llYrvvIzlsLHmmK/or7TmtJ7nqp/ph4zkvY/nnYDlpbPlt6vnmoTmlYXkuovlkKfjgILkuLrkuoblvpfliLDlm77lsJTluJXlpKfkurrnmoTmsJTmga/vvIzlpbPlt6vkuZ/lj6/og73kvJrmnaXvvIzmgKrniankuZ/lj6/og73kvJrmnaXkuYvnsbvnmoTjgILkuI3mmK/lvojnpZ7np5jlkJfjgII=,,W01hbnRvZSBUYXJhXQrguJXguLPguJnguLLguJnguYHguKHguYjguKHguJTguKvguKPguLfguK3igKYg4LiB4LmH4LmA4Lij4Li34LmI4Lit4LiH4LiX4Li14LmI4Lin4LmI4Liy4LmB4Lih4LmI4Lih4LiU4Lit4Liy4Lio4Lix4Lii4LmD4LiZ4LiW4LmJ4Liz4LiZ4Lix4LmI4LiZIOC4quC4luC4suC4meC4l+C4teC5iOC4l+C4teC5iOC5hOC4lOC5ieC4o+C4seC4muC4nuC4peC4seC4h+C4iOC4suC4geC4l+C5iOC4suC4meC4oeC4seC4h+C4geC4oyDguIjguLDguKHguLXguJfguLHguYnguIfguYHguKHguYjguKHguJTguKvguKPguLfguK3guK3guKrguLnguKPguIHguYfguYTguKHguYjguYHguJvguKXguIHguKvguKPguK3guIEg4LmA4Lib4LmH4LiZ4LiX4Li14LmI4Lil4Li24LiB4Lil4Lix4Lia4LiU4Li14LmE4Lih4LmI4LmD4LiK4LmI4Lir4Lij4Li34Lit,,,W01hbnR1ZSBUYXJhXQrCv0xhIGxleWVuZGEgZGUgbGEgYnJ1amE/IC4uLkFoLCBzZSByZWZpZXJlIGEgbGEgaGlzdG9yaWEgZGUgcXVlIHZpdmUgdW5hIGJydWphIGVuIGVzYSBjdWV2YS4gUHVlZGUgcXVlIHZlbmdhIHVuYSBicnVqYSBhIHJlY2liaXIgbGEgZW5lcmfDrWEgZGVsIHNlw7FvciBUdXJwYSwgbyB0YW1iacOpbiBhbGfDum4gbW9uc3RydW8uIMK/Tm8gZXMgdW4gbHVnYXIgbWlzdGVyaW9zbz8=,W01hbnR1ZSBUYXJhXQpEaWUgSGV4ZW5sZWdlbmRlPyAuLi4gQWgsIGlociBtZWludCBkaWUgR2VzY2hpY2h0ZSwgZGFzcyBpbiBkaWVzZXIgSMO2aGxlIGVpbmUgSGV4ZSB3b2huZW4gc29sbC4gS2xhciwgdW0gVHVycGFzIEF1cmEgenUgc3DDvHJlbiwga8O2bm5lbiBIZXhlbiBrb21tZW4g4oCTIHVuZCBNb25zdGVyIG5hdMO8cmxpY2ggYXVjaC4gTXlzdGlzY2gsIG9kZXI/,W01hbnR1ZSBUYXJhXQpMYSBsw6lnZW5kZSBkZSBsYSBzb3JjacOocmUgPyAuLi5BaCwgbOKAmWhpc3RvaXJlIGTigJl1bmUgc29yY2nDqHJlIHF1aSB2aXZyYWl0IGRhbnMgY2V0dGUgZ3JvdHRlLiBTb3JjacOocmUgb3UgbW9uc3RyZXMsIHRvdXMgcGV1dmVudCB2ZW5pciB5IHB1aXNlciBs4oCZw6luZXJnaWUgZGUgVHVycGEsIGrigJlpbWFnaW5lLiBVbiBsaWV1IG15c3TDqXJpZXV4LCBub24gPw==,W01hbnR1ZSBUYXJhXQpMZWdlbmRhIHBlbnlpaGlyPyAuLi5BaCwgbWFrc3VkIGthbXUgY2VyaXRhIGJhaHdhIGFkYSBwZW55aWhpciB5YW5nIHRpbmdnYWwgZGkgZGFsYW0gZ3VhIGl0dS4gUGVueWloaXIgYmlzYSBkYXRhbmcgdW50dWsgbWVuZXJpbWEgZW5lcmdpIFR1YW4gVHVycGEsIGRhbiBtb25zdGVyIGp1Z2EgYmlzYSBkYXRhbmcsIGJlZ2l0dSwga2FuLiBCdWthbmthaCBpdHUgdGVtcGF0IHlhbmcgbWlzdGVyaXVzLg==,W01hbnRvZSBUYXJhXQpDYWTEsSBlZnNhbmVzaSBtaT8gLi4uQWgsIMWfdSBtYcSfYXJhbsSxbiBpw6dpbmRlIGJpciBjYWTEsW7EsW4geWHFn2FkxLHEn8SxIGhpa8OieWUsIMO2eWxlIG1pPyBUdXJwYSBFZmVuZGknbmluIGt1ZHJldGluaSBhbG1heWEgY2FkxLEgZGEgZ2VsZWJpbGlyLCBjYW5hdmFyIGRhIGdlbGViaWxpciwgw7Z5bGUgZGXEn2lsIG1pLiBHaXplbWxpIGJpciB5ZXIgZGXEn2lsIG1pIHphdGVuLg==
RLGe,W+unjO2IrOyXkCDtg4DrnbxdCuq3vOuNsCDslYTrrLTtirwg7KSR7JqU7ZWcIOydtOyVvOq4sOuKlCDrp5DsnoXri4jri6Qh,W01hbnRvZSBUYXJhXQpCdXQgYW55d2F5LCB0aGUgaW1wb3J0YW50IG1hdHRlciBpcyB0aGlzIQ==,,W+abvOaJmMK35aGU5ouJXQrkuI3ov4fmgLvkuYvvvIzph43opoHnmoTor53mmK/ov5nkuKrvvIE=,,W01hbnRvZSBUYXJhXQrguYHguJXguYjguYDguKPguLfguYjguK3guIfguKrguLPguITguLHguI3guIHguYfguITguLfguK0h,,,W01hbnR1ZSBUYXJhXQpQZXJvLCBlbiBmaW4sIMKhbG8gaW1wb3J0YW50ZSBlcyBlc3RvIQ==,W01hbnR1ZSBUYXJhXQpBYmVyIGVnYWwg4oCTIGpldHp0IGtvbW10IGRhcyBXaWNodGlnZSE=,W01hbnR1ZSBUYXJhXQpNYWlzIGVuZmluLCBs4oCZaW1wb3J0YW50LCBj4oCZZXN0IGNlY2kgIQ==,W01hbnR1ZSBUYXJhXQpZYW5nIHRlcnBlbnRpbmcgYWRhbGFoIGluaSE=,W01hbnRvZSBUYXJhXQpBbWEgaGVyIG5leXNlLCBhc8SxbCDDtm5lbWxpIG9sYW4gxZ91ZHVyIQ==
RbGe,W+unjO2IrOyXkCDtg4DrnbxdCuyVhCwg6re4656Y7JqULiDsoJzqsIAg7KSR7JqU7ZWcIOydtOyVvOq4sOulvCDtlbQg65Oc66as6rKg7Iq164uI64ukLiDsnpgg65Ok7Ja07KO87IS47JqULg==,W01hbnRvZSBUYXJhXQpZZXMsIEnigJlsbCBleHBsYWluIHRoZSBpbXBvcnRhbnQgcGFydCBub3cuIFBsZWFzZSBsaXN0ZW4gY2FyZWZ1bGx5Lg==,,W+abvOaJmMK35aGU5ouJXQrllYrvvIzmmK/nmoTjgILmiJHmnaXot5/kvaDor7Tph43opoHnmoTkuovvvIzor7fku5Tnu4blkKzjgII=,,W01hbnRvZSBUYXJhXQrguYPguIrguYgg4LiC4LmJ4Liy4LiI4Liw4LmA4Lil4LmI4Liy4LmA4Lij4Li34LmI4Lit4LiH4Liq4Liz4LiE4Lix4LiNIOC4n+C4seC4h+C5g+C4q+C5ieC4lOC4tQ==,,,W01hbnR1ZSBUYXJhXQpBaCwgc8OtLiBWb3kgYSBjb250YXJsZSBsbyBpbXBvcnRhbnRlLiBFc2N1Y2hlIGF0ZW50YW1lbnRlLg==,W01hbnR1ZSBUYXJhXQpBaCwgamEuIEljaCB3ZXJkZSBldWNoIGV0d2FzIFdpY2h0aWdlcyBlcnrDpGhsZW4uIEjDtnJ0IGd1dCB6dS4=,W01hbnR1ZSBUYXJhXQpBaCwgZOKAmWFjY29yZC4gSmUgdmFpcyB2b3VzIGRpcmUgY2UgcXVpIGVzdCBpbXBvcnRhbnQuIMOJY291dGV6IGJpZW4u,W01hbnR1ZSBUYXJhXQpZYSwgYWt1IGFrYW4gbWVuamVsYXNrYW4gYmFnaWFuIHBlbnRpbmdueWEuIFRvbG9uZyBkZW5nYXJrYW4gYmFpay1iYWlrLg==,W01hbnRvZSBUYXJhXQpBaCwgw7Z5bGUgbWkuIE8gaMOibGRlIHNpemUgw7ZuZW1saSBiaXIgxZ9leSBhbmxhdGFjYcSfxLFtLiDEsHlpIGRpbmxleWluLg==
RrGe,W+unjO2IrOyXkCDtg4DrnbxdCuy9lOuqqOuPhCDtlbTro6Eg7KCE7ISk6rO8IO2VqOq7mCDsoITtlbQg64K066Ck7Jik64qUIOy9lOuqqOuPhCDrjIDtkZwg7JqU66as6rCAIOuwlOuhnCDsmrDrpqwg6rCA6rKM7JeQ7IScIOunjOuTnOuKlCDtmZTrpbTrpbQg7KeB7ZmUIOu4jOugiOyKpCDrp4zrkZDsnoXri4jri6Qu,W01hbnRvZSBUYXJhXQpUaGUgc2lnbmF0dXJlIGRpc2ggcGFzc2VkIGRvd24gd2l0aCB0aGUgU2VhIERyYWdvbiBsZWdlbmQgb2YgQ29tb2RvCmlzIHRoZSBibGF6aW5nIENoYXJjb2FsLUJyb2lsZWQgQnJlYXRoIER1bXBsaW5nIG1hZGUgYXQgbXkgc2hvcC4=,,W+abvOaJmMK35aGU5ouJXQrkuI7lhYvprZTlspvmtbfpvpnkvKDor7TkuIDlkIzmtYHkvKDkuIvmnaXnmoTlhYvprZTlspvku6PooajmlpnnkIbvvIzlsLHmmK/miJHku6zlupfph4zlgZrnmoTngavng63nmoTnm7TngavnhY7ng6TppbrlrZDjgII=,,W01hbnRvZSBUYXJhXQrguK3guLLguKvguLLguKPguILguLbguYnguJnguIrguLfguYjguK3guILguK3guIcgQ29tb2RvIOC4l+C4teC5iOC4quC4t+C4muC4l+C4reC4lOC4oeC4suC4nuC4o+C5ieC4reC4oeC4leC4s+C4meC4suC4meC4oeC4seC4h+C4geC4oyDguIHguYfguITguLfguK0gRmlyZS1CcmVhdGhlIER1bXBsaW5nIOC4guC4reC4h+C4o+C5ieC4suC4meC4guC5ieC4suC4meC4teC5iOC5gOC4reC4hw==,,,W01hbnR1ZSBUYXJhXQpFbCBwbGF0byBlbWJsZW3DoXRpY28gZGUgQ29tb2RvIHF1ZSBzZSBoYSB0cmFuc21pdGlkbyBqdW50byBhIGxhIGxleWVuZGEgZGVsIERyYWfDs24gTWFyaW5vIGRlIENvbW9kbyBlcyBwcmVjaXNhbWVudGUgZWwgTWFuZHUgZGUgYWxpZW50byBhIGxhIHBhcnJpbGxhIHF1ZSBwcmVwYXJhbW9zIGVuIG51ZXN0cmEgdGllbmRhLg==,W01hbnR1ZSBUYXJhXQpEYXMgcmVwcsOkc2VudGF0aXZlIEdlcmljaHQgdm9uIENvbW9kbywgZGFzIHp1c2FtbWVuIG1pdCBkZXIgU2VlZHJhY2hlbi1MZWdlbmRlIMO8YmVybGllZmVydCB3aXJkLCBpc3QgdW5zZXIgTWFuZHUg4oCeRmxhbW1lbmF0ZW3igJwsIGRhcyB3aXIgaGllciBpbiB1bnNlcmVtIExhZGVuIG1hY2hlbi4=,W01hbnR1ZSBUYXJhXQpMZSBwbGF0IGVtYmzDqW1hdGlxdWUgZGUgQ29tb2RvLCB0cmFuc21pcyBhdmVjIGxhIGzDqWdlbmRlIGR1IERyYWdvbiBkZSBNZXIsIGNlIHNvbnQgbm9zIFJhdmlvbGlzIGdyaWxsw6lzIMOgIGxhIGZsYW1tZSAh,W01hbnR1ZSBUYXJhXQpIaWRhbmdhbiBraGFzIHlhbmcgZGl3YXJpc2thbiBiZXJzYW1hIGxlZ2VuZGEgTmFnYSBMYXV0IGRhcmkgQ29tb2RvCmFkYWxhaCBDaGFyY29hbC1Ccm9pbGVkIEJyZWF0aCBEdW1wbGluZyBkYXJpIHRva29rdS4=,W01hbnRvZSBUYXJhXQpDb21vZG8gZGVuaXogZWpkZXJoYXPEsSBlZnNhbmVzaXlsZSBiaXJsaWt0ZSBuZXNpbGRlbiBuZXNpbGUgYWt0YXLEsWxhbiBDb21vZG8nbnVuIG1lxZ9odXIgeWVtZcSfaSwgdGFtIGRhIGJpemltIGTDvGtrw6JuZGEgeWFwdMSxxJ/EsW3EsXogaGFyxLFsIGhhcsSxbCBLw7Ztw7xyZGUgSXpnYXJhIE5lZmVzIE1hbnTEsXPEsWTEsXIu
R7Ge,W+unjO2IrOyXkCDtg4DrnbxdCuy9lOuqqOuPhOyXkCDsmKTshZTshJwg7JWIIOuTnOyLnOuptCDtm4TtmoztlZjsp4DsmpQuIOuMgOuMgOuhnCDsoIDtnawg6rCA66y47JeQIOyghO2VtCDrgrTroKTsmKTripQg7KCE7Ya1IOyalOumrOyeheuLiOuLpC4g7ZW066OhIO2IrOultO2MjCDri5jsnZgg67iM66CI7Iqk66W8IOuLqOuPhSDsoITsiJjrsJvslYQg6rCV66Cs7ZWcIOu2iOq9g+ycvOuhnCDrp4zrkZAg7ZGc66m07J2EIOuwlOyCre2VmOqyjCDqtazsm4wuLi4=,W01hbnRvZSBUYXJhXQpZb3XigJlsbCByZWdyZXQgaXQgaWYgeW91IHZpc2l0IENvbW9kbyBhbmQgZG9u4oCZdCB0cnkgaXQuCkl04oCZcyBhIHRyYWRpdGlvbmFsIGRpc2ggaGFuZGVkIGRvd24gdGhyb3VnaCBnZW5lcmF0aW9ucyBvZiBteSBmYW1pbHkuClVzaW5nIHRoZSBwb3dlcmZ1bCBicmVhdGggdGF1Z2h0IGRpcmVjdGx5IGJ5IFNlYSBEcmFnb24gVHVycGEsCndlIHNlYXIgdGhlIGR1bXBsaW5nIHN1cmZhY2UgdG8gYSBwZXJmZWN0IGNyaXNw4oCm,,W+abvOaJmMK35aGU5ouJXQrmnaXliLDlhYvprZTlspvkuI3lkIPnmoTor53kvJrlkI7mgpTnmoTjgILov5nmmK/miJHku6zlrrbml4/kuJbku6Pnm7jkvKDnmoTkvKDnu5/mlpnnkIbjgILmiJHni6zoh6rkvKDmib/kuobmtbfpvpnlm77lsJTluJXlpKfkurrnmoTlkJDmga/vvIznlKjlvLrng4jnmoTngavnhLDmiorljIXlrZDooajpnaLng6TlvpfphaXohIYuLi4=,,W01hbnRvZSBUYXJhXQrguKvguLLguIHguKHguLIgQ29tb2RvIOC5geC4peC5ieC4p+C5hOC4oeC5iOC5hOC4lOC5ieC4peC4reC4hyDguYDguIjguYnguLLguIjguLDguJXguYnguK3guIfguYDguKrguLXguKLguYPguIgg4Lih4Lix4LiZ4LmA4Lib4LmH4LiZ4Lit4Liy4Lir4Liy4Lij4Lib4Lij4Liw4LiI4Liz4LiV4Lij4Liw4LiB4Li54Lil4LiX4Li14LmI4Liq4Li34Lia4LiX4Lit4LiU4LiB4Lix4LiZ4Lih4LiyIOC5g+C4iuC5ieC5gOC4hOC4peC5h+C4lOC4p+C4tOC4iuC4suC5gOC4nuC4peC4tOC4h+C4iOC4suC4geC4l+C5iOC4suC4meC4oeC4seC4h+C4geC4oyDguKLguYjguLLguIfguJTguYnguKfguKLguYDguJ7guKXguLTguIfguKHguLHguIfguIHguKPguKPguYnguK3guJnguYHguKPguIfguIjguJnguJzguLTguKfguYDguIHguLXguYrguKLguKfguIHguKPguK3guJouLi4=,,,W01hbnR1ZSBUYXJhXQpTaSB2aWVuZSBhIENvbW9kbyB5IG5vIGxvIHBydWViYSwgc2UgYXJyZXBlbnRpcsOhLiBFcyB1bmEgcmVjZXRhIHRyYWRpY2lvbmFsIHRyYW5zbWl0aWRhIGVuIG51ZXN0cmEgZmFtaWxpYSBkZSBnZW5lcmFjacOzbiBlbiBnZW5lcmFjacOzbi4gSGVtb3MgaGVyZWRhZG8gZW4gZXhjbHVzaXZhIGVsIGFsaWVudG8gZGVsIHNlw7FvciBUdXJwYSwgZWwgRHJhZ8OzbiBNYXJpbm8sIHkgYXNhbW9zIGxhIHN1cGVyZmljaWUgZGUgbG9zIG1hbmR1IGNvbiB1bmFzIGxsYW1hcyBpbnRlbnNhcyBoYXN0YSBxdWUgcXVlZGEgY3J1amllbnRlLi4u,W01hbnR1ZSBUYXJhXQpXZW5uIGlociBuYWNoIENvbW9kbyBrb21tdCB1bmQgZGFzIG5pY2h0IHByb2JpZXJ0LCB3ZXJkZXQgaWhyIGVzIGJlcmV1ZW4uIEVzIGlzdCBlaW4gVHJhZGl0aW9uc2dlcmljaHQsIGRhcyBzZWl0IEdlbmVyYXRpb25lbiBpbiB1bnNlcmVyIEZhbWlsaWUgd2VpdGVyZ2VnZWJlbiB3aXJkLiBJY2ggYWxsZWluIGhhYmUgZGVuIEF0ZW0gdm9uIFNlZWRyYWNoZSBUdXJwYSDDvGJlcmxpZWZlcnQgYmVrb21tZW4sIHVuZCBkYW1pdCByw7ZzdGUgaWNoIGRpZSBPYmVyZmzDpGNoZSBkZXIgTWFuZHUgw7xiZXIgc3RhcmtlciBGbGFtbWUgaGVycmxpY2gga251c3ByaWfigKY=,W01hbnR1ZSBUYXJhXQrDgCBDb21vZG8sIHNpIHZvdXMgbuKAmWVuIG1hbmdleiBwYXMsIHZvdXMgbGUgcmVncmV0dGVyZXouIFVuZSByZWNldHRlIGRlIGZhbWlsbGUsIHRyYW5zbWlzZSBkZSBnw6luw6lyYXRpb24gZW4gZ8OpbsOpcmF0aW9uLiBFdCBncsOiY2UgYXUgc291ZmZsZSBkZSBUdXJwYSwgamUgc2Fpc2lzIGxlcyByYXZpb2xpcyDDoCBsYSBmbGFtbWUgcG91ciB1bmUgY3Jvw7t0ZSBiaWVuIGNyb3VzdGlsbGFudGUuLi4=,W01hbnR1ZSBUYXJhXQpLYW11IGFrYW4gbWVueWVzYWwga2FsYXUgZGF0YW5nIGtlIENvbW9kbyB0YXBpIHRpZGFrIG1lbmNvYmFueWEuCkluaSBoaWRhbmdhbiB0cmFkaXNpb25hbCB5YW5nIGRpd2FyaXNrYW4gdHVydW4tdGVtdXJ1biBkaSBrZWx1YXJnYWt1LgpEZW5nYW4gaGVtYnVzYW4gbmFwYXMgZGFoc3lhdCB5YW5nIGRpYWphcmthbiBsYW5nc3VuZyBvbGVoIE5hZ2EgTGF1dCBUdXJwYSwKcGVybXVrYWFuIHBhbmdzaXQgZGlwYW5nZ2FuZyBoaW5nZ2EgcmVueWFoIHNlbXB1cm5h4oCm,W01hbnRvZSBUYXJhXQpDb21vZG8neWEgZ2VsaXAgZGUgeWVtZXpzZW5peiBwacWfbWFuIG9sdXJzdW51ei4gTmVzaWxkZW4gbmVzaWxlIGFpbGVtaXplIGFrdGFyxLFsYW4gZ2VsZW5la3NlbCBiaXIgeWVtZWt0aXIuIERlbml6IGVqZGVyaGFzxLEgVHVycGEgRWZlbmRpJ25pbiBuZWZlc2luaSB0ZWsgYmHFn8SxbWEgZGV2cmFsxLFwIGfDvMOnbMO8IGFsZXZsZXJsZSBtYW50xLFuxLFuIHnDvHpleWluaSDDp8SxdMSxciDDp8SxdMSxciBrxLF6YXJ0YXJhay4uLg==
SLGe,W+q1reyInOyImF0K7J2064aILCDsnbQg66eM65GQIOuGiOydtCDrmJAg7IKs6riw66W8IOy5mOqzoCDsnojrhKQhIOyXrOuztOyLnOyYpCwg66qo7ZeY6rCA64uYLiDsvZTrqqjrj4Tsl5DshJwg7Jyg7J287ZWY6rKMIOyduOygleuwm+ydgCDrjIDtkZwg7JqU66as64qUIOyggOuGiOydmCDtg5zsmrQg66eM65GQIOqwmeydgCDqsowg7JWE64uI6528IOuwlOuhnCDtirnsoJwg7Jqp7IiY7Je8IOq1reyImOuejeuLiOuLpC4=,W0d1ayBTdW5zdV0KWW91IHNjb3VuZHJlbCwgbHlpbmcgYWdhaW4gd2l0aCB0aG9zZSBkdW1wbGluZ3MhCkFkdmVudHVyZXIsIGxpc3RlbiB0byBtZS4KVGhlIG9ubHkgZGlzaCBldmVyIHRydWx5IHJlY29nbml6ZWQgaW4gQ29tb2RvCmlzbuKAmXQgdGhhdCBidXJudCBkdW1wbGluZyBub25zZW5zZSwKaXTigJlzIG91ciBTcGVjaWFsIERyYWdvbiBCZWFyZCBOb29kbGVzIQ==,,W+meoOmhuua0mV0K6L+Z5a625LyZ77yM6L+Z5YyF5a2Q5a625LyZ5Y+I5Zyo6KGM6aqX5LqG77yB5ZaC77yM5YaS6Zmp5a6244CC5YWL6a2U5bKb5ZSv5LiA6KKr6K6k5Y+v55qE5Luj6KGo5paZ55CG77yM5Y+v5LiN5piv6YKj5a625LyZ6YKj56eN54Ok54Sm55qE5YyF5a2Q77yM6ICM5piv54m55Yi26b6Z6aG75rGk6Z2i44CC,,W0d1ayBTdW5zdV0K4LmE4Lit4LmJ4Lir4Lih4Lit4LiZ4Li14LmIIOC5gOC4iOC5ieC4suC5gOC4geC4teC5iuC4ouC4p+C4meC4seC5iOC4meC4oeC4seC4meC4guC4teC5ieC5guC4geC4h+C4reC4teC4geC5geC4peC5ieC4pyEg4LiX4LmI4Liy4LiZ4LiZ4Lix4LiB4Lic4LiI4LiN4Lig4Lix4LiiIOC4reC4suC4q+C4suC4o+C4guC4tuC5ieC4meC4iuC4t+C5iOC4reC5gOC4nuC4teC4ouC4h+C4q+C4meC4tuC5iOC4h+C5gOC4lOC4teC4ouC4p+C4guC4reC4hyBDb21vZG8g4Lih4Li04LmD4LiK4LmI4LmA4LiB4Li14LmK4Lii4Lin4LmE4Lir4Lih4LmJIOC5hiDguILguK3guIfguKHguLHguJkg4LmB4LiV4LmI4LiE4Li34LitIERyYWdvbiBCZWFyZCBOb29kbGVzIOC4quC4ueC4leC4o+C4nuC4tOC5gOC4qOC4qeC4guC4reC4h+C4guC5ieC4suC4leC5iOC4suC4h+C4q+C4suC4gQ==,,,W0d1ayBTdW5zdV0KwqFFc2UgdGlwbywgZWwgZGUgbG9zIG1hbmR1LCBlc3TDoSBlc3RhZmFuZG8gb3RyYSB2ZXohIE9pZ2EsIEF2ZW50dXJlcm8uIEVsIMO6bmljbyBwbGF0byBlbWJsZW3DoXRpY28gcmVjb25vY2lkbyBkZSBDb21vZG8gbm8gZXMgYWxnbyBjb21vIGxvcyBtYW5kdSBxdWVtYWRvcyBkZSBlc2UgdGlwbywgc2lubyBwcmVjaXNhbWVudGUgRmlkZW9zIGRlIGJhcmJhIGRlIGRyYWfDs24gZXNwZWNpYWxlcy4=,W0d1ayBTdW5zdV0KRGllc2VyIEtlcmwsIGRpZXNlciBNYW5kdS1UeXAsIHppZWh0IHNjaG9uIHdpZWRlciBzbyBlaW5lbiBCZXRydWcgYWIhIEjDtnJ0IG1hbCwgQWJlbnRldXJlci4gRGFzIGVpbnppZyB3aXJrbGljaCBhbmVya2FubnRlIFRyYWRpdGlvbnNnZXJpY2h0IGluIENvbW9kbyBpc3QgbmljaHQgc28gZWluIHZlcmJyYW5udGVzIE1hbmR1IHZvbiBkZW0gZGEsIHNvbmRlcm4gdW5zZXJlIFNwZXppYWwtRHJhY2hlbmJhcnQtTnVkZWxuLg==,W0d1ayBTdW5zdV0KUmVnYXJkZXotbW9pIGNlIHNhbGUgZXNjcm9jLCBpbCByZWNvbW1lbmNlICEgSMOpLCBhdmVudHVyaWVyLiDDgCBDb21vZG8sIGxlIHNldWwgcGxhdCB2cmFpbWVudCByZWNvbm51LCBjZSBuZSBzb250IHBhcyBzZXMgcmF2aW9saXMgY3JhbcOpcywgbWFpcyBsZXMgTm91aWxsZXMgc3DDqWNpYWxlcyDDoCBsYSBiYXJiZSBkZSBkcmFnb24gIQ==,W0d1ayBTdW5zdV0KRGFzYXIgcGVuaXB1LCBtYXNpaCBzYWphIGJlcmJvaG9uZyBzb2FsIHBhbmdzaXQgaXR1IQpBZHZlbnR1cmVyLCBkZW5nYXJrYW4gYWt1LgpTYXR1LXNhdHVueWEgaGlkYW5nYW4geWFuZyBsYXlhayBkaWFrdWkgZGkgQ29tb2RvCmJ1a2FuIHBhbmdzaXQgZ29zb25nIGl0dSwKdGFwaSBTcGVjaWFsIERyYWdvbiBCZWFyZCBOb29kbGVzIGthbWkh,W0d1ayBTdW5zdV0KVWxhbiwgxZ91IG1hbnTEsWPEsSB5aW5lIG1pbGxldGkga2FuZMSxcsSxeW9yISBIZXksIG1hY2VyYWPEsS4gQ29tb2RvJ2RhIHRlayBrYWJ1bCBnw7ZyZW4gbWXFn2h1ciB5ZW1laywgb251biB5YW7EsWsgbWFudMSxc8SxIGdpYmkgYmlyIMWfZXkgZGXEn2lsOyDDlnplbCBFamRlcmhhIFNha2FsxLEgRXJpxZ90ZXNpZGlyLg==
SbGe,W+q1reyInOyImF0K7Jqw66asIO2VoOuouOuLiOydmCDtlaDrqLjri4jsnZgg7ZWg66i464uI6ruY7IScIO2VtOujoeuLmOq7mCDsoITsiJjrsJvsnYAg7JWE66aE64uk7Jq0IOyghO2GtSDquLDsiKDroZwg6rWt7IiY66W8IOyaqeydmCDsiJjsl7zsspjrn7wg6rCA64qY6rKMIOu9keyVhOuCtOyEnCDqt7jrg6Ug7JWE7KO8IOyCrOultOultC4uLiDtlZjslYQuLi4=,W0d1ayBTdW5zdV0KTXkgZ3JhbmRtb3RoZXLigJlzIGdyYW5kbW90aGVy4oCZcyBncmFuZG1vdGhlciBsZWFybmVkIGEgYmVhdXRpZnVsIHRyYWRpdGlvbmFsIHRlY2huaXF1ZQpkaXJlY3RseSBmcm9tIHRoZSBTZWEgRHJhZ29uLApkcmF3aW5nIHRoZSBub29kbGVzIGFzIHRoaW4gYXMgZHJhZ29uIHdoaXNrZXJzLApzbyBkZWxpY2F0ZSB0aGV5IGp1c3QgbWVsdCBhd2F54oCmIGhhYeKApg==,,W+meoOmhuua0mV0K5oiR5aW25aW255qE5aW25aW255qE5aW25aW277yM55So5LuO5rW36b6Z5aSn5Lq66YKj6YeM5Lyg5LiL5p2l55qE576O5Li95Lyg57uf5oqA6Im677yM5oqK6Z2i5ouJ5b6X5YOP6b6Z55qE6IOh6aG75LiA5qC357uG77yM5bCx6YKj5qC35LiA5LiL5a2Q5bCx5ruR5rqc5rqc5ZywLi4u5ZOI5ZWKLi4u,,W0d1ayBTdW5zdV0K4Lin4Li04LiK4Liy4LiZ4Li14LmJ4Liq4Li34Lia4LiX4Lit4LiU4Lih4Liy4LiV4Lix4LmJ4LiH4LmB4LiV4LmI4Lij4Li44LmI4LiZ4LiE4Li44LiT4LiX4Lin4LiU4LiC4Lit4LiH4LiE4Li44LiT4LiX4Lin4LiU4LiC4Lit4LiH4LiC4LmJ4LiyIOC5hOC4lOC5ieC4o+C4seC4muC5gOC4hOC4peC5h+C4lOC4peC4seC4muC4oeC4suC4iOC4suC4geC4l+C5iOC4suC4meC4oeC4seC4h+C4geC4oyDguYDguKrguYnguJnguJrguLDguKvguKHguLXguYjguJbguLnguIHguJTguLbguIfguK3guK3guIHguKHguLLguJrguLLguIfguKPguLLguKfguIHguLHguJrguKvguJnguKfguJTguKHguLHguIfguIHguKMg4Lie4Lit4LmA4LiC4LmJ4Liy4Lib4Liy4LiB4LiB4LmH4Lil4Liw4Lil4Liy4LiiLi4uIOC4ruC5ieC4si4uLg==,,,W0d1ayBTdW5zdV0KQ29uIGxhIGhlcm1vc2EgdMOpY25pY2EgdHJhZGljaW9uYWwgcXVlIGxhIGFidWVsYSBkZSBsYSBhYnVlbGEgZGUgbWkgYWJ1ZWxhIGhlcmVkw7MgZGVsIHNlw7FvciBEcmFnw7NuIE1hcmlubywgZXN0aXJhbW9zIGxvcyBmaWRlb3MgdGFuIGZpbm9zIGNvbW8gbGEgYmFyYmEgZGUgdW4gZHJhZ8OzbiB5IHNlIGRlc2hhY2VuIHN1YXZlbWVudGUuLi4gQWFhaC4uLg==,W0d1ayBTdW5zdV0KTWl0IGRlciB3dW5kZXJzY2jDtm5lbiB0cmFkaXRpb25lbGxlbiBUZWNobmlrLCBkaWUgc2Nob24gZGVyIFVyLVVyLVVyLUdyb8OfbXV0dGVyIG1laW5lciBHcm/Dn211dHRlciB2b20gU2VlZHJhY2hlbi1IZXJybiDDvGJlcmxpZWZlcnQgd3VyZGUsIHppZWhlbiB3aXIgZGllIE51ZGVsbiBzbyBmZWluIHdpZSBlaW5lbiBEcmFjaGVuYmFydCwgdW5kIGRhbm4gemVyZ2VoZW4gc2llIGVpbmZhY2ggYXVmIGRlciBadW5nZeKApiBIYWHigKY=,W0d1ayBTdW5zdV0KTGEgZ3JhbmQtbcOocmUgZGUgbGEgZ3JhbmQtbcOocmUgZGUgbWEgZ3JhbmQtbcOocmUgYSByZcOndSBkdSBEcmFnb24gZGUgTWVyIHVuZSB0ZWNobmlxdWUgYW5jZXN0cmFsZSA6IMOpdGlyZXIgbGVzIG5vdWlsbGVzIGF1c3NpIGZpbmVzIHF1ZSBkZXMgbW91c3RhY2hlcyBkZSBkcmFnb24uLi4gZXQgZWxsZXMgZm9uZGVudCBlbiBib3VjaGUuLi4gSGFhLi4u,W0d1ayBTdW5zdV0KTmVuZWtueWEgbmVuZWsgYnV5dXRrdSBiZWxhamFyIGxhbmdzdW5nIGRhcmkgU2FuZyBOYWdhIExhdXQsCm1lbmFyaWsgbWkgc2V0aXBpcyBrdW1pcyBuYWdhLApiZWdpdHUgbGVtYnV0IHNhbXBhaSBzZW9sYWggbWVsZWxlaOKApiBoYWHigKY=,W0d1ayBTdW5zdV0KQsO8ecO8a2FubmVtaW4gYsO8ecO8a2FubmVzaW5pbiBiw7x5w7xrYW5uZXNpLCBkZW5peiBlamRlcmhhc8SxIGVmZW5kaWRlbiBkZXZyYWxkxLHEn8SxIGfDvHplbCBiaXIgZ2VsZW5la3NlbCB0ZWtuaWtsZSBlcmnFn3RleWkgZWpkZXJoYSBzYWthbMSxIGdpYmkgaW5jZWNpayDDp2VrZXJkaTsgw7Z5bGUgYmlyIGVyaXIga2kuLi4gSGFhLi4u
SrGe,W+unjO2IrOyXkCDtg4DrnbxdCuydtCDrhYDshJ0sIOynhOynnCDsoITthrXsnYQg7J207Ja0IOyYpOuKlCDsnbQg66q47J20IOykkeyalO2VnCDsnbTslbzquLDspJHsnbTsi6DrjbAg65iQIOuwqe2VtOuDkCEg7KCAIOyCrOq4sOq+vOydtCDrrLjsoJzsnoXri4jri6QuIOyekOq4sOuEpOqwgCDsp4Tsp5wg7JuQ7KGw652866m07IScIOyekOq+uCDsi5zruYTrpbwg6rG47KeAIOyViuqyoOyKteuLiOq5jC4=,W01hbnRvZSBUYXJhXQpZb3UgZm9vbCEgSeKAmW0gaW4gdGhlIG1pZGRsZSBvZiBleHBsYWluaW5nIHRydWUgdHJhZGl0aW9uLAphbmQgeW91IGludGVycnVwdCBhZ2Fpbj8KVGhhdCBmcmF1ZCBrZWVwcyBwaWNraW5nIGZpZ2h0cywgY2xhaW1pbmcgdG8gYmUgdGhlIG9yaWdpbmFsIQ==,,W+abvOaJmMK35aGU5ouJXQrov5nlrrbkvJnvvIzmiJHmraPlnKjorrLph43opoHnmoTkuovvvIznnJ/mraPkvKDmib/kvKDnu5/nmoTmiJHvvIzlsYXnhLblj4jmnaXmjaPkubHvvIHpl67popjlsLHlnKjpgqPkuKrpqpflrZDjgILku5bov5jor7Tku5bku6zmiY3mmK/nnJ/mraPnmoTmraPlrpfvvIzogIHmmK/mnaXmib7ojKzkuI3mmK/lkJfjgII=,,W01hbnRvZSBUYXJhXQrguYDguIjguYnguLLguKvguKHguK3guJnguLXguYghIOC4guC5ieC4suC4geC4s+C4peC4seC4h+C4nuC4ueC4lOC5gOC4o+C4t+C5iOC4reC4h+C4quC4s+C4hOC4seC4jeC5g+C4meC4kOC4suC4meC4sOC4nOC4ueC5ieC4quC4t+C4muC4l+C4reC4lOC5geC4l+C5iSDguYYg4Lit4Lii4Li54LmIIOC4ouC4seC4h+C4iOC4sOC4oeC4suC4guC4seC4lOC4reC4teC4geC4q+C4o+C4t+C4rSEg4Lib4Lix4LiN4Lir4Liy4LiE4Li34Lit4LmE4Lit4LmJ4Lie4Lin4LiB4Lir4Lil4Lit4LiB4Lil4Lin4LiH4LiZ4Lix4LmI4LiZIOC4oeC4seC4meC5gOC4reC4suC5geC4leC5iOC4geC4peC5iOC4suC4p+C4reC5ieC4suC4h+C4p+C5iOC4suC4leC4meC4hOC4t+C4reC4guC4reC4h+C5geC4l+C5ieC5geC4peC5ieC4p+C4oeC4suC4q+C4suC5gOC4o+C4t+C5iOC4reC4h+C4guC5ieC4sg==,,,W01hbnR1ZSBUYXJhXQrCoU95ZSEgWW8sIHF1ZSBtYW50ZW5nbyB2aXZhIGxhIHZlcmRhZGVyYSB0cmFkaWNpw7NuLCBlc3RveSBjb250YW5kbyB1bmEgaGlzdG9yaWEgaW1wb3J0YW50ZSwgwqHCv3kgdnVlbHZlcyBhIGludGVycnVtcGlybWU/ISBFbCBwcm9ibGVtYSBlcyBlc2UgZXN0YWZhZG9yLiBObyBkZWphIGRlIGJ1c2NhciBwZWxlYSBkaWNpZW5kbyBxdWUgZWxsb3Mgc29uIGxvcyBhdXTDqW50aWNvcyBvcmlnaW5hbGVzLg==,W01hbnR1ZSBUYXJhXQpEaWVzZXIgQmVuZ2VsISBXw6RocmVuZCBpY2gsIGRlciBkaWUgZWNodGUgVHJhZGl0aW9uIGZvcnRmw7xocnQsIGdlcmFkZSBldHdhcyBXaWNodGlnZXMgZXJ6w6RobGUsIHN0w7Zyc3QgZHUgc2Nob24gd2llZGVyISBEaWVzZXIgQmV0csO8Z2VyIGlzdCBkYXMgUHJvYmxlbS4gRXIgZsOkbmd0IHN0w6RuZGlnIFN0cmVpdCBhbiB1bmQgYmVoYXVwdGV0LCBzaWUgc2VpZW4gZGFzIGVjaHRlIE9yaWdpbmFsLg==,W01hbnR1ZSBUYXJhXQpDZSB2YXVyaWVuLi4uIEFsb3JzIHF1ZSBtb2ksIHF1aSBwZXJww6l0dWUgbGEgdsOpcml0YWJsZSB0cmFkaXRpb24sIGplIHN1aXMgZW4gdHJhaW4gZGUgcGFybGVyIGRlIGNob3NlcyBpbXBvcnRhbnRlcywgaWwgdmllbnQgZW5jb3JlIG0naW50ZXJyb21wcmUhIExlIHByb2Jsw6htZSwgYydlc3QgY2V0IGVzY3JvYy4gSWwgbmUgY2Vzc2UgcGFzIGRlIGNoZXJjaGVyIHF1ZXJlbGxlIGVuIHByw6l0ZW5kYW50IHF1ZSBsZXMgc2llbnMgc29udCBsZXMgdnJhaXMgb3JpZ2luYXV4Lg==,W01hbnR1ZSBUYXJhXQpEYXNhciBib2RvaCEgQWt1IHNlZGFuZyBtZW5qZWxhc2thbiB0cmFkaXNpIHlhbmcgc2ViZW5hcm55YSwKZGFuIEthbXUgbWFsYWggbWVueWVsYSBsYWdpPwpQZW5pcHUgaXR1IHRlcnVzIG1lbmNhcmkgbWFzYWxhaCwgbWVuZ2FrdSBzZWJhZ2FpIHlhbmcgYXNsaSE=,W01hbnRvZSBUYXJhXQpCdSB2ZWxldCwgYmVuIGJ1cmFkYSBnZXLDp2VrIGdlbGVuZcSfaSBzw7xyZMO8cmVuIGJpcmkgb2xhcmFrIMO2bmVtbGkgYmlyIMWfZXkgYW5sYXTEsXJrZW4geWluZSBtaSBlbmdlbCBvbHV5b3IhIFNvcnVuIMWfdSBkb2xhbmTEsXLEsWPEsWRhLiBLZW5kaWxlcmluaW4gZ2Vyw6dlayBhc8SxbCBrYXluYWsgb2xkdcSfdW51IHPDtnlsZXlpcCBkdXJ1eW9yLCBkdXJkdWsgeWVyZSBzYXRhxZ9txLF5b3IgbXUu
S7Ge,W+q1reyInOyImF0K7J2064aI7J20IOuIhOq1tCDrs7Tqs6Ag7IKs6riw6r687J20656YISDtlbTro6Hri5gg67iM66CI7IqkIOunjOuRkOudvOuLiCDslrTrlJQg6rCQ7Z6IIO2VtOujoeuLmOydhCDsgqzsua3tlbQ/IOyVhCwg66qo7ZeY6rCA64uYLiDrgrQg7J207JW86riw7KKAIOuTpOyWtCDso7zsi63sh7wu,W0d1ayBTdW5zdV0KV2hvIGFyZSB5b3UgY2FsbGluZyBhIGZyYXVkPyEKRHJhZ29uIEJyZWF0aCBEdW1wbGluZ3MsIG15IGZvb3QhCkhvdyBkYXJlIHlvdSBpbXBlcnNvbmF0ZSB0aGUgU2VhIERyYWdvbiEKQWgsIGFkdmVudHVyZXIsIHBsZWFzZSBsaXN0ZW4gdG8gbXkgc2lkZSBhcyB3ZWxsLg==,,W+meoOmhuua0mV0K5L2g6K+06LCB5piv6aqX5a2Q77yB5rW36b6Z5aSn5Lq65ZG85ZC45YyF5a2Q77yf5L2g5Lmf5pWi5YaS5YWF5rW36b6Z5aSn5Lq677yf5ZWK77yM5YaS6Zmp5a6244CC6K+35ZCs5oiR6K+06K+044CC,,W0d1ayBTdW5zdV0K4LmA4LiI4LmJ4Liy4LiB4Lil4LmJ4Liy4LiU4Li14Lii4Lix4LiH4LmE4LiH4Lih4Liy4Lir4Liy4Lin4LmI4Liy4LiC4LmJ4Liy4LmC4LiB4Lir4LiBISDguYDguIHguLXguYrguKLguKfguKXguKHguKvguLLguKLguYPguIjguKHguLHguIfguIHguKPguIfguLHguYnguJnguKvguKPguLfguK0g4LiB4Lil4LmJ4Liy4LiU4Li14Lit4Lii4LmI4Liy4LiH4LmE4Lij4LiW4Li24LiH4Lit4LmJ4Liy4LiH4LiK4Li34LmI4Lit4LiX4LmI4Liy4LiZ4Lih4Lix4LiH4LiB4LijISDguJfguYjguLLguJnguJnguLHguIHguJzguIjguI3guKDguLHguKIg4Lif4Lix4LiH4LiC4LmJ4Liy4LiB4LmI4Lit4LiZ4LmA4LiW4Li04LiU,,,W0d1ayBTdW5zdV0KwqHCv0EgcXVpw6luIGxsYW1hcyBlc3RhZmFkb3I/ISDCv01hbmR1IGFsIHZhcG9yIGRlbCBzZcOxb3IgRHJhZ8OzbiBNYXJpbm8/IMKhQ8OzbW8gdGUgYXRyZXZlcyBhIGhhY2VydGUgcGFzYXIgcG9yIGVsIHNlw7FvciBEcmFnw7NuIE1hcmlubyEgQWgsIEF2ZW50dXJlcm8uIEVzY3VjaGUgbWkgaGlzdG9yaWEsIHBvciBmYXZvci4=,W0d1ayBTdW5zdV0KV2VuIG5lbm5zdCBkdSBoaWVyIGVpbmVuIEJldHLDvGdlciEgTWFuZHUg4oCeRmxhbW1lbmF0ZW3igJw/IFdpZSBrYW5uc3QgZHUgZXMgd2FnZW4sIGRlbiBTZWVkcmFjaGVuLUhlcnJuIHNvIGRyZWlzdCBuYWNoenVhaG1lbj8gQWgsIEFiZW50ZXVyZXIsIGjDtnJ0IGV1Y2ggYml0dGUgbWVpbmUgR2VzY2hpY2h0ZSBhbi4=,W0d1ayBTdW5zdV0KUXVpIHRyYWl0ZS10LWlsIGQnZXNjcm9jPyEgUmF2aW9saSBkZSBzb3VmZmxlIGR1IERyYWdvbiBkZXMgbWVycywgdnJhaW1lbnQ/IENvbW1lbnQgb3Nlei12b3VzIHVzdXJwZXIgbCdpZGVudGl0w6kgZHUgRHJhZ29uIGRlcyBtZXJzPyEgQWgsIEF2ZW50dXJpZXIuIMOJY291dGV6IG1vbiBoaXN0b2lyZSwgamUgdm91cyBlbiBwcmllLg==,W0d1ayBTdW5zdV0KU2lhcGEgeWFuZyBLYW11IHNlYnV0IHBlbmlwdT8hCkRyYWdvbiBCcmVhdGggRHVtcGxpbmdzIGFwYT8KQmVyYW5pbnlhIEthbXUgbWVuaXJ1IE5hZ2EgTGF1dCEKQWR2ZW50dXJlciwgdG9sb25nIGRlbmdhcmthbiBha3Uu,W0d1ayBTdW5zdV0KS2ltZSBkb2xhbmTEsXLEsWPEsSBkaXlvcnN1biBzZW4hIERlbml6IGVqZGVyaGFzxLEgZWZlbmRpbmluIE5lZmVzIE1hbnTEsXPEsSBtxLEsIHNlbiBkZSBraW1zaW4gZGUgZGVuaXogZWpkZXJoYXPEsSBlZmVuZGl5ZSDDtnplbml5b3JzdW4/IEFoLCBtYWNlcmFjxLEuIEJpciBkZSBiZW5pbSBzw7Z6w7xtw7wgZGlubGV5aW4gbMO8dGZlbi4=
TLGe,W+unjO2IrOyXkCDtg4DrnbxdCuunjOuRkOqwgCDrsJTsgq3rsJTsgq3tlanri4jri6QuIO2VnCDsoJHsi5wg65Oc66a06rmM7JqUPw==,W01hbnRvZSBUYXJhXQpDcmlzcHkgZHVtcGxpbmdzLCBmcmVzaCBvZmYgdGhlIGZpcmUuIENhcmUgZm9yIGEgcGxhdGU/,,W+abvOaJmMK35aGU5ouJXQrljIXlrZDlvojphaXohIbjgILopoHnu5nkvaDmnaXkuIDnm5jlkJfvvJ8=,,W01hbnRvZSBUYXJhXQrguYDguIHguLXguYrguKLguKfguILguK3guIfguILguYnguLLguIHguKPguK3guJrguJnguYjguLLguIHguLTguJnguJnguLHguIEg4LmA4Lit4Liy4Liq4Lix4LiB4LiI4Liy4LiZ4LmE4Lir4Lih,,,W01hbnR1ZSBUYXJhXQpMb3MgbWFuZHUgZXN0w6FuIGNydWppZW50ZXMuIMK/TGUgc2lydm8gdW4gcGxhdG8/,W01hbnR1ZSBUYXJhXQpEaWUgTWFuZHUgc2luZCBoZXJybGljaCBrbnVzcHJpZy4gU29sbCBpY2ggZXVjaCBlaW5lbiBUZWxsZXIgc2VydmllcmVuPw==,W01hbnR1ZSBUYXJhXQpMZXMgcmF2aW9saXMgc29udCBiaWVuIGNyb3VzdGlsbGFudHMuIFZvdWxlei12b3VzIHVuZSBhc3NpZXR0ZT8=,W01hbnR1ZSBUYXJhXQpQYW5nc2l0IHJlbnlhaCwgYmFydSBtYXRhbmcuIE1hdSBjb2JhPw==,W01hbnRvZSBUYXJhXQpNYW50xLEgw6fEsXTEsXIgw6fEsXTEsXJkxLFyLiBCaXIgdGFiYWsgdmVyZXlpbSBtaT8=
TbGe,W+unjO2IrOyXkCDtg4DrnbxdCuy9lOuqqOuPhOyXkCDsmKTshZTshJwg7JWIIOuTnOyLnOuptCDtm4TtmoztlZjsp4DsmpQuIOuMgOuMgOuhnCDsoIDtnawg6rCA66y47JeQIOyghO2VtCDrgrTroKTsmKTripQg7KCE7Ya1IOyalOumrOyeheuLiOuLpC4g7ZW066Oh64uY7J2YIOu4jOugiOyKpOulvCDsoITsiJjrsJvslYQg6rCV66Cs7ZWcIOu2iOq9g+ycvOuhnCDrp4zrkZAg7ZGc66m07J2EIOuwlOyCre2VmOqyjCDqtazsm4wuLi4=,W01hbnRvZSBUYXJhXQpZb3XigJlsbCByZWdyZXQgaXQgaWYgeW91IHZpc2l0IENvbW9kbyBhbmQgZG9u4oCZdCB0cnkgdGhlc2UuIFRoaXMgaXMgYSB0cmFkaXRpb25hbCBkaXNoIHBhc3NlZCBkb3duIHRocm91Z2ggb3VyIGZhbWlseSBmb3IgZ2VuZXJhdGlvbnMuIFVzaW5nIHRoZSBTZWEgRHJhZ29u4oCZcyBicmVhdGgsIHdlIHNlYXIgdGhlIGR1bXBsaW5nIHNraW5zIHRvIGEgcGVyZmVjdCBjcmlzcCB3aXRoIGJsYXppbmcgZmxhbWVzLi4u,,W+abvOaJmMK35aGU5ouJXQrmnaXliLDlhYvprZTlspvkuI3lkIPnmoTor53kvJrlkI7mgpTnmoTjgILov5nmmK/miJHku6zlrrbml4/kuJbku6Pnm7jkvKDnmoTkvKDnu5/mlpnnkIbjgILmiJHkvKDmib/kuobmtbfpvpnlpKfkurrnmoTlkJDmga/vvIznlKjlvLrng4jnmoTngavnhLDmiorljIXlrZDooajpnaLng6TlvpfphaXohIYuLi4=,,W01hbnRvZSBUYXJhXQrguKvguLLguIHguKHguLIgQ29tb2RvIOC5geC4peC5ieC4p+C5hOC4oeC5iOC5hOC4lOC5ieC4peC4reC4hyDguYDguIjguYnguLLguIjguLDguJXguYnguK3guIfguYDguKrguLXguKLguYPguIgg4Lih4Lix4LiZ4LmA4Lib4LmH4LiZ4Lit4Liy4Lir4Liy4Lij4Lib4Lij4Liw4LiI4Liz4LiV4Lij4Liw4LiB4Li54Lil4LiX4Li14LmI4Liq4Li34Lia4LiX4Lit4LiU4LiB4Lix4LiZ4Lih4LiyIOC5g+C4iuC5ieC5gOC4hOC4peC5h+C4lOC4p+C4tOC4iuC4suC5gOC4nuC4peC4tOC4h+C4iOC4suC4geC4l+C5iOC4suC4meC4oeC4seC4h+C4geC4oyDguKLguYjguLLguIfguJTguYnguKfguKLguYDguJ7guKXguLTguIfguKHguLHguIfguIHguKPguKPguYnguK3guJnguYHguKPguIfguIjguJnguJzguLTguKfguYDguIHguLXguYrguKLguKfguIHguKPguK3guJouLi4=,,,W01hbnR1ZSBUYXJhXQpTaSB2aWVuZSBhIENvbW9kbyB5IG5vIGxvIHBydWViYSwgc2UgYXJyZXBlbnRpcsOhLiBFcyB1bmEgcmVjZXRhIHRyYWRpY2lvbmFsIHRyYW5zbWl0aWRhIGVuIG51ZXN0cmEgZmFtaWxpYSBkZSBnZW5lcmFjacOzbiBlbiBnZW5lcmFjacOzbi4gSGVtb3MgaGVyZWRhZG8gZWwgYWxpZW50byBkZWwgc2XDsW9yIERyYWfDs24gTWFyaW5vIHkgYXNhbW9zIGxhIHN1cGVyZmljaWUgZGUgbG9zIG1hbmR1IGNvbiB1bmFzIGxsYW1hcyBpbnRlbnNhcyBoYXN0YSBxdWUgcXVlZGEgY3J1amllbnRlLi4u,W01hbnR1ZSBUYXJhXQpXZW5uIElociBuYWNoIENvbW9kbyBrb21tdCB1bmQgZGFzIG5pY2h0IHByb2JpZXJ0LCB3ZXJkZXQgSWhyIGVzIGJlcmV1ZW4uIERpZXNlcyBUcmFkaXRpb25zZ2VyaWNodCB3aXJkIGluIHVuc2VyZXIgRmFtaWxpZSBzZWl0IEdlbmVyYXRpb25lbiB3ZWl0ZXJnZWdlYmVuLiBJY2ggaGFiZSBkZW4gQXRlbSBkZXMgU2VlZHJhY2hlbiDDvGJlcmxpZWZlcnQgYmVrb21tZW4gdW5kIGJhY2tlIGRhbWl0IGRpZSBPYmVyZmzDpGNoZSBkZXIgTWFuZHUgbWl0IGxvZGVybmRlbiBGbGFtbWVuIGhlcnJsaWNoIGtudXNwcmlnIC4uLg==,W01hbnR1ZSBUYXJhXQrDgCBDb21vZG8sIHNpIHZvdXMgbuKAmWVuIG1hbmdleiBwYXMsIHZvdXMgbGUgcmVncmV0dGVyZXouIFVuZSByZWNldHRlIGRlIGZhbWlsbGUsIHRyYW5zbWlzZSBkZSBnw6luw6lyYXRpb24gZW4gZ8OpbsOpcmF0aW9uLiBBdmVjIGxlIHNvdWZmbGUgZHUgRHJhZ29uIGRlIE1lciwgamUgc2Fpc2lzIGxlcyByYXZpb2xpcyDDoCBsYSBmbGFtbWUgcG91ciB1bmUgY3Jvw7t0ZSBiaWVuIGNyb3VzdGlsbGFudGUuLi4=,W01hbnR1ZSBUYXJhXQpLYW11IGFrYW4gbWVueWVzYWwga2FsYXUgZGF0YW5nIGtlIENvbW9kbyB0YXBpIHRpZGFrIG1lbmNvYmFueWEuCkluaSBoaWRhbmdhbiB0cmFkaXNpb25hbCB5YW5nIGRpd2FyaXNrYW4gdHVydW4tdGVtdXJ1biBkaSBrZWx1YXJnYWt1LgpEZW5nYW4gaGVtYnVzYW4gbmFwYXMgZGFoc3lhdCB5YW5nIGRpYWphcmthbiBsYW5nc3VuZyBvbGVoIE5hZ2EgTGF1dCBUdXJwYSwKcGVybXVrYWFuIHBhbmdzaXQgZGlwYW5nZ2FuZyBoaW5nZ2EgcmVueWFoIHNlbXB1cm5h4oCm,W01hbnRvZSBUYXJhXQpDb21vZG8neWEgZ2VsaXAgZGUgeWVtZXpzZW5peiBwacWfbWFuIG9sdXJzdW51ei4gTmVzaWxkZW4gbmVzaWxlIGFpbGVtaXplIGFrdGFyxLFsYW4gZ2VsZW5la3NlbCBiaXIgeWVtZWt0aXIuIERlbml6IGVqZGVyaGFzxLEgZWZlbmRpbmluIG5lZmVzaW5pIGRldnJhbMSxcCBnw7zDp2zDvCBhbGV2bGVybGUgbWFudMSxbsSxbiB5w7x6ZXlpbmkgw6fEsXTEsXIgw6fEsXTEsXIga8SxemFydGFyYWsuLi4=
TrGe,W+q1reyInOyImF0K7IKs6riwIOq3uOunjCDss5DrnbwsIOydtCDsgqzquLDqvrwg64aI7JWEISDtlbTro6Eg67iM66CI7IqkIOunjOuRkOudvOuLiCDslrTrlJQg6rCQ7Z6IIO2VtOujoSDtiKzrpbTtjIwg64uY7J2EIOyCrOy5re2VtD8g7JWELCDrqqjtl5jqsIDri5guIOuCtCDsnbTslbzquLDsooAg65Ok7Ja0IOyjvOyLreyHvC4=,W0d1ayBTdW5zdV0KQ3V0IHRoZSBzY2FtIGFscmVhZHksIHlvdSBmcmF1ZCEgU2VhIERyYWdvbiBicmVhdGggZHVtcGxpbmdzPyBIb3cgZGFyZSB5b3UgaW1wZXJzb25hdGUgTG9yZCBUdXJwYSEgQWR2ZW50dXJlciwgcGxlYXNl4oCUaGVhciBtZSBvdXQu,,W+meoOmhuua0mV0K5Yir5YaN6KGM6aqX5LqG77yM5L2g6L+Z6aqX5a2Q5a625LyZ77yB5rW36b6Z5ZG85ZC45YyF5a2Q77yf5L2g5Lmf5pWi5YaS5YWF5rW36b6Z5Zu+5bCU5biV5aSn5Lq677yf5ZWK77yM5YaS6Zmp5a6244CC6K+35ZCs5oiR6K+06K+044CC,,W0d1ayBTdW5zdV0K4Lir4Lii4Li44LiU4LmC4LiB4Lir4LiB4LmA4Liq4Li14Lii4LiX4Li1IOC5hOC4reC5ieC4hOC4meC4q+C4peC4reC4geC4peC4p+C4hyEg4LmA4LiB4Li14LmK4Lii4Lin4Lil4Lih4Lir4Liy4Lii4LmD4LiI4Lih4Lix4LiH4LiB4Lij4LiH4Lix4LmJ4LiZ4Lir4Lij4Li34LitIOC4geC4peC5ieC4suC4lOC4teC4reC4ouC5iOC4suC4h+C5hOC4o+C4luC4tuC4h+C5geC4reC4muC4reC5ieC4suC4h+C4meC4suC4oeC4l+C5iOC4suC4meC4oeC4seC4h+C4geC4oyEg4LiX4LmI4Liy4LiZ4LiZ4Lix4LiB4Lic4LiI4LiN4Lig4Lix4LiiIOC4n+C4seC4h+C4guC5ieC4suC4geC5iOC4reC4meC5gOC4luC4tOC4lA==,,,W0d1ayBTdW5zdV0KwqFEZWphIGRlIGVzdGFmYXIsIG1hbGRpdG8gZXN0YWZhZG9yISDCv01hbmR1IGFsIHZhcG9yIGRlbCBEcmFnw7NuIE1hcmlubz8gwqFDw7NtbyB0ZSBhdHJldmVzIGEgaGFjZXJ0ZSBwYXNhciBwb3IgZWwgc2XDsW9yIFR1cnBhLCBlbCBEcmFnw7NuIE1hcmlubyEgQWgsIEF2ZW50dXJlcm8uIEVzY3VjaGUgbWkgaGlzdG9yaWEsIHBvciBmYXZvci4=,W0d1ayBTdW5zdV0KSMO2ciBhdWYgbWl0IGRlaW5lbSBCZXRydWcsIGR1IGVsZW5kZXIgU2Nod2luZGxlciEgU2VlZHJhY2hlbi1BdGVtLU1hbmR1PyBXaWUga2FubnN0IGR1IGVzIHdhZ2VuLCBkZW4gU2VlZHJhY2hlbiBUdXJwYSB6dSBpbWl0aWVyZW4/IEFoLCBBYmVudGV1cmVyLiBIw7ZydCBFdWNoIGJpdHRlIG1laW5lIEdlc2NoaWNodGUgYW4u,W0d1ayBTdW5zdV0KQXJyw6p0ZSBkZSBtZW50aXIsIGVzcMOoY2UgZCdlc2Nyb2MhIFJhdmlvbGkgZGUgc291ZmZsZSBkdSBEcmFnb24gZGVzIG1lcnMsIHZyYWltZW50PyBDb21tZW50IG9zZXotdm91cyB1c3VycGVyIGwnaWRlbnRpdMOpIGRlIERhbWUgVHVycGEsIGxlIERyYWdvbiBkZXMgbWVycz8hIEFoLCBBdmVudHVyaWVyLiDDiWNvdXRleiBtb24gaGlzdG9pcmUsIGplIHZvdXMgZW4gcHJpZS4=,W0d1ayBTdW5zdV0KQmVyaGVudGkgYmVyYm9ob25nLCBkYXNhciBwZW5pcHUhIERyYWdvbiBCcmVhdGggRHVtcGxpbmdzPyBCZXJhbmlueWEgS2FtdSBtZW5pcnUgc2FuZyBOYWdhIExhdXQgVHVycGEhIEFkdmVudHVyZXIsIHRvbG9uZyBkZW5nYXJrYW4gYWt1Lg==,W0d1ayBTdW5zdV0KRG9sYW5kxLFyxLFjxLFsxLHEn8SxIGLEsXJhaywgc2VuaSBkb2xhbmTEsXLEsWPEsSBoZXJpZiEgRGVuaXogZWpkZXJoYXPEsSBOZWZlcyBNYW50xLFzxLEgbcSxLCBzZW4gZGUga2ltc2luIGRlIGRlbml6IGVqZGVyaGFzxLEgVHVycGEgRWZlbmRpJ3llIMO2emVuaXlvcnN1bj8gQWgsIG1hY2VyYWPEsS4gQmlyIGRlIGJlbmltIHPDtnrDvG3DvCBkaW5sZXlpbiBsw7x0ZmVuLg==
T7Ge,W+unjO2IrOyXkCDtg4DrnbxdCuunjOuRkOqwgCDrsJTsgq3rsJTsgq3tlanri4jri6QuIO2VnCDsoJHsi5wg66eb67O07Iuc6rKMIOuTnOumtOq5jOyalD8=,W01hbnRvZSBUYXJhXQpDcmlzcHkgZHVtcGxpbmdz4oCUd291bGQgeW91IGxpa2UgdG8gaGF2ZSBhIHRhc3RlPw==,,W+abvOaJmMK35aGU5ouJXQrljIXlrZDlvojphaXohIbjgILopoHnu5nkvaDlsJ3kuIDnm5jlkJfvvJ8=,,W01hbnRvZSBUYXJhXQrguYDguIHguLXguYrguKLguKfguIHguKPguK3guJog4LmGIOC4meC4teC5iSDguKXguK3guIfguIrguLTguKHguKrguLHguIHguIjguLLguJnguYTguKvguKHguYDguKXguYjguLI=,,,W01hbnR1ZSBUYXJhXQpMb3MgbWFuZHUgZXN0w6FuIGNydWppZW50ZXMuIMK/TGUgc2lydm8gdW4gcGxhdG8gcGFyYSBxdWUgbG9zIHBydWViZT8=,W01hbnR1ZSBUYXJhXQpEaWUgTWFuZHUgc2luZCBzY2jDtm4ga251c3ByaWcuIFNvbGwgaWNoIEV1Y2ggZWluZW4gVGVsbGVyIHp1bSBQcm9iaWVyZW4gc2VydmllcmVuPw==,W01hbnR1ZSBUYXJhXQpMZXMgcmF2aW9saXMgc29udCBiaWVuIGNyb3VzdGlsbGFudHMuIEplIHZvdXMgZW4gc2VycyB1bmUgYXNzaWV0dGUgPw==,W01hbnR1ZSBUYXJhXQpQYW5nc2l0IHJlbnlhaC4gTWF1IGNvYmE/,W01hbnRvZSBUYXJhXQpNYW50xLEgw6fEsXTEsXIgw6fEsXTEsXJkxLFyLiBCaXIgdGFiYWsgdGFkxLFuYSBiYWttYW7EsXogacOnaW4gdmVyZXlpbSBtaT8=
ULGe,W+unjO2IrOyXkCDtg4DrnbxdCuuNlCDrp5DtlaAg6rKD64+EIOyXhuyngOyalC4g66qo7ZeY6rCA64uY7J20IOuPhOyZgOyjvOyLoOuLpOuptCDsoIAg67aI7Ja0IO2EsOynhCDsiJjsl7zsnYAg7ZWcIOyehSDqsbDrpqzrj4Qg7JWE64uZ64uI64ukLg==,W01hbnRvZSBUYXJhXQpUaGVyZeKAmXMgbm90aGluZyBtb3JlIHRvIHNheS4gSWYgdGhlIGFkdmVudHVyZXIgaGVscHMgbWUsIHRoYXQgcHVmZmVkLXVwIGJlYXJkIHdvbuKAmXQgZXZlbiBiZSB3b3J0aCBhIHNpbmdsZSBiaXRlLg==,,W+abvOaJmMK35aGU5ouJXQrmsqHku4DkuYjlpb3lho3or7TnmoTkuobjgILlj6ropoHlhpLpmanlrrbmhL/mhI/luK7lv5nvvIzpgqPohqjog4DnmoTog6Hpobvov57kuIDlj6Ppg73kuI3lpJ/loZ7niZnnvJ3jgII=,,W01hbnRvZSBUYXJhXQrguYTguKHguYjguJXguYnguK3guIfguJ7guLnguJTguYDguKLguK3guLAg4Lir4Liy4LiB4LiX4LmI4Liy4LiZ4Lii4Lit4Lih4LiK4LmI4Lin4Lii4LiC4LmJ4LiyIOC5hOC4reC4muC4sOC4q+C4oeC4teC5iOC4meC4tOC5iOC4oeC5gOC4peC4sOC4meC4seC5iOC4meC5hOC4oeC5iOC4oeC4teC4l+C4suC4h+C4iOC4sOC5gOC4l+C4teC4ouC4muC4geC4seC4muC4reC4suC4q+C4suC4o+C4guC4reC4h+C4guC5ieC4suC5hOC4lOC5ieC5gOC4peC4oiE=,,,W01hbnR1ZSBUYXJhXQpObyBoYXkgbmFkYSBtw6FzIHF1ZSBkZWNpci4gU2kgZWwgQXZlbnR1cmVybyBtZSBheXVkYSwgZXNhIGJhcmJhIHJlYmxhbmRlY2lkYSBubyBzZXLDoSByaXZhbCBwYXJhIG5vc290cm9zLg==,W01hbnR1ZSBUYXJhXQpEYSBnaWJ0IGVzIG5pY2h0IG1laHIgdmllbCB6dSBzYWdlbi4gV2VubiBJaHIgbWlyIGhlbGZ0LCBpc3QgZGllc2VyIGF1ZmdlYmxhc2VuZSBCYXJ0IG5pY2h0IG1hbCBlaW5lbiBCaXNzZW4gd2VydC4=,W01hbnR1ZSBUYXJhXQpJbnV0aWxlIGTigJllbiBkaXJlIHBsdXMuIEF2ZWMgdm90cmUgYWlkZSwgYXZlbnR1cmllciwgY2V0dGUgYmFyYmUgdG91dGUgZ29uZmzDqWUgbmUgZmVyYSBwYXMgbGUgcG9pZHMu,W01hbnR1ZSBUYXJhXQpUaWRhayBhZGEgbGFnaSB5YW5nIHBlcmx1IGRpa2F0YWthbi4gSmlrYSBBZHZlbnR1cmVyIG1lbWJhbnR1a3UsIGphbmdndXQgbWVuZ2VtYmFuZyBpdHUgdGlkYWsgYWthbiBsYXlhayBkaWNvYmEgc2VnaWdpdCBwdW4h,W01hbnRvZSBUYXJhXQpEYWhhIGZhemxhIHPDtnplIGdlcmVrIHlvay4gTWFjZXJhY8SxLCBzaXogeWFyZMSxbSBlZGVyc2VuaXogbyDFn2nFn21pxZ8gc2FrYWwgYmlyIGxva21hIGJpbGUgZXRtZXou
UbGe,W+unjO2IrOyXkCDtg4DrnbxdCuuqqO2XmOqwgOuLmCwg64uk66aE7J20IOyVhOuLiOudvCDsgqzsi6Qg7KCA7Z2sIOunjOuRkOyXkOuKlCDslLnripQg66eb7J2EIOyCtOumrOq4sCDsnITtlbQg6rytIOuTpOyWtOqwgOyVvCDtlZjripQg7J6s66OM6rCAIOyeiOyKteuLiOuLpC4=,W01hbnRvZSBUYXJhXQpBY3R1YWxseSwgQWR2ZW50dXJlciwgdGhlcmXigJlzIGFuIGluZ3JlZGllbnQgb3VyIGR1bXBsaW5ncyBhYnNvbHV0ZWx5IG5lZWQgdG8gYnJpbmcgb3V0IHRoYXQgcGVyZmVjdCB0ZXh0dXJlLg==,,W+abvOaJmMK35aGU5ouJXQrlhpLpmanlrrbvvIzkuovmg4XmmK/ov5nmoLfnmoTvvIzlhbblrp7miJHku6znmoTljIXlrZDph4zmnInkuIDnp43kuLrkuobkv53nlZnlmrzlirLogIzkuIDlrpropoHmlL7nmoTmnZDmlpnjgII=,,W01hbnRvZSBUYXJhXQrguJfguYjguLLguJnguJnguLHguIHguJzguIjguI3guKDguLHguKIg4LmB4LiX4LmJ4LiI4Lij4Li04LiH4LmB4Lil4LmJ4Lin4LmA4LiB4Li14LmK4Lii4Lin4LiC4Lit4LiH4LiC4LmJ4Liy4Lih4Li14Lin4Lix4LiV4LiW4Li44LiU4Li04Lia4Liq4Liz4LiE4Lix4LiNIOC4l+C4teC5iOC4iuC5iOC4p+C4ouC5gOC4nuC4tOC5iOC4oeC4o+C4quC4quC4seC4oeC4nOC4seC4quC5g+C4meC4geC4suC4o+C5gOC4hOC4teC5ieC4ouC4pw==,,,W01hbnR1ZSBUYXJhXQpBdmVudHVyZXJvLCB2ZXLDoSwgbnVlc3Ryb3MgbWFuZHUgbGxldmFuIHVuIGluZ3JlZGllbnRlIGltcHJlc2NpbmRpYmxlIHBhcmEgZGFybGVzIHVuYSBidWVuYSB0ZXh0dXJhIGFsIG1hc3RpY2FybG9zLg==,W01hbnR1ZSBUYXJhXQpBYmVudGV1cmVyLCBlcyBpc3QgbsOkbWxpY2ggc286IEbDvHIgdW5zZXJlIE1hbmR1IGdpYnQgZXMgZWluZSBadXRhdCwgZGllIHVuYmVkaW5ndCBoaW5laW5tdXNzLCBkYW1pdCBzaWUgZGVuIHJpY2h0aWdlbiBCaXNzIGJla29tbWVuLg==,W01hbnR1ZSBUYXJhXQpBdmVudHVyaWVyLCBlbiBmYWl0LCBub3MgcmF2aW9saXMgb250IHVuIGluZ3LDqWRpZW50IHF1aSBkb2l0IGFic29sdW1lbnQgeSBlbnRyZXIgcG91ciBwcsOpc2VydmVyIGxhIHRleHR1cmUgZW4gYm91Y2hlLg==,W01hbnR1ZSBUYXJhXQpBZHZlbnR1cmVyLCBzZWJlbmFybnlhLCBhZGEgYmFoYW4geWFuZyBkaXBlcmx1a2FuIHVudHVrIG1lbmRhcGF0a2FuIHRla3N0dXIgc2VtcHVybmEu,W01hbnRvZSBUYXJhXQpNYWNlcmFjxLEsIGFzbMSxbmRhIGJpemltIG1hbnTEsW3EsXpkYSDDp2nEn25lbWUgdGFkxLFuxLEgb3J0YXlhIMOnxLFrYXJtYWsgacOnaW4gbXV0bGFrYSBnaXJtZXNpIGdlcmVrZW4gYmlyIG1hbHplbWUgdmFyLg==
UrGe,W+unjO2IrOyXkCDtg4DrnbxdCjxJVEVNPlvsg4jsi7ldPElORk8+NzExPC9JTkZPPjwvSVRFTT7snbQg6re46rKD7J207KeA7JqULiDsg4jsi7nsnYQg64Sj7Jy866m0IOyrhOq5g+2VnCDrp4zrkZAg7IaN7JeQIOyVhOyCreyVhOyCre2VmOqyjCDslLntnojripQg7IOI7Iu57J2YIO2SjeuvuOqwgCDsoJXrp5Ag64Gd64K07KO86rGw65Og7JqULgo8TkFWST5b7YyM656AIO2SgF08SU5GTz5CTFVFX1BMQU5ULDAsMCwzLC0yMjIsMTwvSU5GTz48L05BVkk+LCA8TkFWST5b67mo6rCEIO2SgF08SU5GTz5SRURfUExBTlQsMCwwLDMsLTIyMiwxPC9JTkZPPjwvTkFWST4sIDxOQVZJPlvrhbjrnoAg7ZKAXTxJTkZPPllFTExPV19QTEFOVCwwLDAsMywtMjIyLDE8L0lORk8+PC9OQVZJPuyXkOqyjOyEnCDslrvsnYQg7IiYIOyeiOyKteuLiOuLpC4=,W01hbnRvZSBUYXJhXQpUaGF0IHdvdWxkIGJlIDxJVEVNPltTaG9vdF08SU5GTz43MTE8L0lORk8+PC9JVEVNPi4gQWRkIHNwcm91dHMsIGFuZCB0aGUgY2hld3kgZmlsbGluZyBnZXRzIHRoYXQgY3Jpc3AsIHJlZnJlc2hpbmcgY3J1bmNo4oCUc2ltcGx5IGlycmVzaXN0aWJsZS4KWW91IGNhbiBvYnRhaW4gdGhlbSBmcm9tIDxOQVZJPltCbHVlIFBsYW50XTxJTkZPPkJMVUVfUExBTlQsMCwwLDMsLTIyMiwxPC9JTkZPPjwvTkFWST4sIDxOQVZJPltSZWQgUGxhbnRdPElORk8+UkVEX1BMQU5ULDAsMCwzLC0yMjIsMTwvSU5GTz48L05BVkk+LCBvciA8TkFWST5bWWVsbG93IFBsYW50XTxJTkZPPllFTExPV19QTEFOVCwwLDAsMywtMjIyLDE8L0lORk8+PC9OQVZJPi4=,,W+abvOaJmMK35aGU5ouJXQo8SVRFTT5b6Iq96IuXXTxJTkZPPjcxMTwvSU5GTz48L0lURU0+5bCx5piv6YKj5Liq44CC5pS+5YWl6Iq96IuX55qE6K+d77yM5Zyo5Yqy6YGT55qE5YyF5a2Q6aaF6YeM6IO95Zq85Yiw54i96ISG55qE6Iq96IuX6aOO5ZGz77yM55yf55qE57ud5LqG44CCCuWPr+S7peS7jjxOQVZJPlvok53ojYldPElORk8+QkxVRV9QTEFOVCwwLDAsMywtMjIyLDE8L0lORk8+PC9OQVZJPiw8TkFWST5b57qi6I2JXTxJTkZPPlJFRF9QTEFOVCwwLDAsMywtMjIyLDE8L0lORk8+PC9OQVZJPiw8TkFWST5b6buE6I2JXTxJTkZPPllFTExPV19QTEFOVCwwLDAsMywtMjIyLDE8L0lORk8+PC9OQVZJPumCo+mHjOiOt+W+l+OAgg==,,W01hbnRvZSBUYXJhXQrguIvguLbguYjguIfguJnguLHguYjguJnguIHguYfguITguLfguK0gPElURU0+W1Nob290XTxJTkZPPjcxMTwvSU5GTz48L0lURU0+IOC4meC4seC5iOC4meC5gOC4reC4hyDguYDguKHguLfguYjguK3guYPguKrguYggU2hvb3Qg4Lil4LiH4LmD4LiZ4LmE4Liq4LmJ4LmA4LiB4Li14LmK4Lii4Lin4Lit4Lix4LiZ4LiZ4Li44LmI4Lih4Lir4LiZ4Li24Lia4LmB4Lil4LmJ4LinIOC4ouC4suC4oeC5gOC4hOC4teC5ieC4ouC4p+C4geC5h+C4iOC4sOC5hOC4lOC5ieC4quC4seC4oeC4nOC4seC4quC4geC4o+C4uOC4muC4geC4o+C4reC4miDguJ7guKPguYnguK3guKHguIHguKXguLTguYjguJnguKPguKrguK3guLHguJnguYDguJvguYfguJnguYDguK3guIHguKXguLHguIHguKnguJPguYwg4LiK4LmI4Liy4LiH4Lii4Lit4LiU4LmA4Lii4Li14LmI4Lii4Lih4LiZ4Lix4LiBIOC4quC4suC4oeC4suC4o+C4luC4q+C4suC4oeC4seC4meC5hOC4lOC5ieC4iOC4suC4gSA8TkFWST5bQmx1ZSBQbGFudF08SU5GTz5CTFVFX1BMQU5ULDAsMCwzLC0yMjIsMTwvSU5GTz48L05BVkk+LCA8TkFWST5bUmVkIFBsYW50XTxJTkZPPlJFRF9QTEFOVCwwLDAsMywtMjIyLDE8L0lORk8+PC9OQVZJPiwgPE5BVkk+W1llbGxvdyBQbGFudF08SU5GTz5ZRUxMT1dfUExBTlQsMCwwLDMsLTIyMiwxPC9JTkZPPjwvTkFWST4=,,,W01hbnR1ZSBUYXJhXQo8SVRFTT5bQnJvdGVdPElORk8+NzExPC9JTkZPPjwvSVRFTT4gZXMganVzdG8gbG8gcXVlIG5lY2VzaXRhbW9zLiBBbCBhw7FhZGlyIGJyb3RlcywgZWwgY29udHJhc3RlIGVudHJlIGVsIHJlbGxlbm8gZWzDoXN0aWNvIGRlIGxvcyBtYW5kdSB5IGVsIGNydWppZW50ZSBkZSBsb3MgYnJvdGVzIGVzIHNlbmNpbGxhbWVudGUgaW5jcmXDrWJsZS4KU2UgcHVlZGVuIGNvbnNlZ3VpciBkZSA8TkFWST5bUGxhbnRhIEF6dWxdPElORk8+QkxVRV9QTEFOVCwwLDAsMywtMjIyLDE8L0lORk8+PC9OQVZJPiwgPE5BVkk+W1BsYW50YSBSb2phXTxJTkZPPlJFRF9QTEFOVCwwLDAsMywtMjIyLDE8L0lORk8+PC9OQVZJPiwgPE5BVkk+W1BsYW50YSBBbWFyaWxsYV08SU5GTz5ZRUxMT1dfUExBTlQsMCwwLDMsLTIyMiwxPC9JTkZPPjwvTkFWST4u,W01hbnR1ZSBUYXJhXQo8SVRFTT5bU3Byb3NzXTxJTkZPPjcxMTwvSU5GTz48L0lURU0+IGlzdCBnZW5hdSBkaWUgWnV0YXQuIEdpYnQgbWFuIFNwcm9zc2VuIGhpbmVpbiwgc29yZ2VuIHNpZSBpbiBkZXIgc2Now7ZuIHrDpGhlbiBNYW5kdS1Gw7xsbHVuZyBmw7xyIGVpbmVuIGhlcnJsaWNoIGtuYWNraWdlbiBCaXNzIOKAkyBkZXIgR2VzY2htYWNrIGlzdCBlaW5mYWNoIHVuc2NobGFnYmFyLgpNYW4ga2FubiBzaWUgdm9uIDxOQVZJPltCbGF1ZSBQZmxhbnplXTxJTkZPPkJMVUVfUExBTlQsMCwwLDMsLTIyMiwxPC9JTkZPPjwvTkFWST4sIDxOQVZJPltSb3RlIFBmbGFuemVdPElORk8+UkVEX1BMQU5ULDAsMCwzLC0yMjIsMTwvSU5GTz48L05BVkk+IHVuZCA8TkFWST5bR2VsYmUgUGZsYW56ZV08SU5GTz5ZRUxMT1dfUExBTlQsMCwwLDMsLTIyMiwxPC9JTkZPPjwvTkFWST4gZXJoYWx0ZW4u,W01hbnR1ZSBUYXJhXQpD4oCZZXN0IGRlIGxhPElURU0+W0pldW5lIHBvdXNzZV08SU5GTz43MTE8L0lORk8+PC9JVEVNPi4gQXZlYyBkZSBsYSBqZXVuZSBwb3Vzc2UsIGxhIGZhcmNlIHJlc3RlIGJpZW4gbW9lbGxldXNlLCBldCBsZSBjcm9xdWFudCBlc3QganVzdGUgcGFyZmFpdC4KVm91cyBwb3V2ZXogZW4gb2J0ZW5pciBkYW5zIGxlcyA8TkFWST5bUGxhbnRlIGJsZXVlXTxJTkZPPkJMVUVfUExBTlQsMCwwLDMsLTIyMiwxPC9JTkZPPjwvTkFWST4sIDxOQVZJPltQbGFudGUgcm91Z2VdPElORk8+UkVEX1BMQU5ULDAsMCwzLC0yMjIsMTwvSU5GTz48L05BVkk+LCA8TkFWST5bUGxhbnRlIGphdW5lXTxJTkZPPllFTExPV19QTEFOVCwwLDAsMywtMjIyLDE8L0lORk8+PC9OQVZJPi4=,W01hbnR1ZSBUYXJhXQpCYWhhbiBpdHUgYWRhbGFoIDxJVEVNPltTaG9vdF08SU5GTz43MTE8L0lORk8+PC9JVEVNPi4gRGVuZ2FuIFNwcm91dCwgaXNpYW4geWFuZyBrZW55YWwsIG1lbmRhcGF0a2FuIHRla3N0dXIgZ2FyaW5nIHlhbmcgc2VnYXIuIFN1bmdndWggbWVuZ2dvZGEuCkJpc2EgZGlkYXBhdGthbiBkYXJpIDxOQVZJPltCbHVlIFBsYW50XTxJTkZPPkJMVUVfUExBTlQsMCwwLDMsLTIyMiwxPC9JTkZPPjwvTkFWST4sIDxOQVZJPltSZWQgUGxhbnRdPElORk8+UkVEX1BMQU5ULDAsMCwzLC0yMjIsMTwvSU5GTz48L05BVkk+LCBvciA8TkFWST5bWWVsbG93IFBsYW50XTxJTkZPPllFTExPV19QTEFOVCwwLDAsMywtMjIyLDE8L0lORk8+PC9OQVZJPi4=,W01hbnRvZSBUYXJhXQo8SVRFTT5bRmlkZV08SU5GTz43MTE8L0lORk8+PC9JVEVNPiBpxZ90ZSBvZHVyLiBGaWRlIGVrbGVyc2VuaXosIMOnacSfbmVuZWJpbGlyIG1hbnTEsSBpw6dpbmluIGnDp2luZGUgw6fEsXTEsXIgw6fEsXTEsXIgZ2VsZW4gRmlkZSBhcm9tYXPEsSBnZXLDp2VrdGVuIGhhcmlrYWTEsXIuCjxOQVZJPltNYXZpIEJpdGtpXTxJTkZPPkJMVUVfUExBTlQsMCwwLDMsLTIyMiwxPC9JTkZPPjwvTkFWST4sIDxOQVZJPltLxLFybcSxesSxIEJpdGtpXTxJTkZPPlJFRF9QTEFOVCwwLDAsMywtMjIyLDE8L0lORk8+PC9OQVZJPiwgPE5BVkk+W1NhcsSxIEJpdGtpXTxJTkZPPllFTExPV19QTEFOVCwwLDAsMywtMjIyLDE8L0lORk8+PC9OQVZJPiB0YXJhZsSxbmRhbiBlbGRlIGVkaWxlYmlsaXIu
U7Ge,W+unjO2IrOyXkCDtg4DrnbxdCjxOQVZJPlvtjpjsnbTsmpgg64+Z6rW0IDHsuLVdPElORk8+cGF5X2FyY2hlLDQwLDEzMCwwLDEwMSwwPC9JTkZPPjwvTkFWST7sl5Ag6rCA66m0IOunjuuLpOqzoCDtlZjripTrjbAuLi4g7KCc6rCAIOqxsOq4sOq5jOyngCDqsIgg7YuI7J20IOuCmOyVvCDrp5DsnbTsp4DsmpQuIOyigCDrtoDtg4Hrk5zrpr3ri4jri6Qu,W01hbnRvZSBUYXJhXQpUaGV5IHNheSB0aGVyZSBhcmUgcGxlbnR5IGFyb3VuZCA8TkFWST5bUGF5b24gQ2F2ZSBGbG9vciAxXTxJTkZPPnBheV9hcmNoZSw0MCwxMzAsMCwxMDEsMDwvSU5GTz48L05BVkk+Li4uIGJ1dCBJIGp1c3QgZG9u4oCZdCBoYXZlIHRoZSB0aW1lIHRvIGdvIG15c2VsZi4gSeKAmWQgYXBwcmVjaWF0ZSB5b3VyIGhlbHAu,,W+abvOaJmMK35aGU5ouJXQrlkKzor7Tljrs8TkFWST5b5paQ5oms5rSe56m0MealvF08SU5GTz5wYXlfYXJjaGUsNDAsMTMwLDAsMTAxLDA8L0lORk8+PC9OQVZJPuWwseacieW+iOWkmi4uLuWPr+aIkeS5n+aKveS4jeWHuuepuuWOu+mCo+S5iOi/nOOAguWwseaLnOaJmOS9oOS6huOAgg==,,W01hbnRvZSBUYXJhXQrguYTguJTguYnguKLguLTguJnguKfguYjguLLguJfguLXguYggPE5BVkk+W1BheW9uIENhdmUgMUZdPElORk8+cGF5X2FyY2hlLDQwLDEzMCwwLDEwMSwwPC9JTkZPPjwvTkFWST4g4Lih4Li14LmA4Lii4Lit4Liw4LmB4Lii4Liw4LmA4Lil4LiiLi4uIOC5geC4leC5iOC4guC5ieC4suC4iOC4sOC4oeC4teC5gOC4p+C4peC4suC4p+C5iOC4suC4h+C5hOC4m+C4luC4tuC4h+C4l+C4teC5iOC4meC4seC5iOC4meC5hOC4lOC5ieC4ouC4seC4h+C5hOC4h+C4peC5iOC4sCDguIjguLbguIfguK3guKLguLLguIHguILguK3guKPguYnguK3guIfguJfguYjguLLguJnguKrguLHguIHguKvguJnguYjguK3guKI=,,,W01hbnR1ZSBUYXJhXQpEaWNlbiBxdWUgaGF5IG11Y2hvcyBlbiA8TkFWST5bQ3VldmEgZGUgUGF5b24sIHBpc28gMV08SU5GTz5wYXlfYXJjaGUsNDAsMTMwLDAsMTAxLDA8L0lORk8+PC9OQVZJPi4uLiBwZXJvIG5vIHRlbmdvIHRpZW1wbyBwYXJhIGlyIGhhc3RhIGFsbMOtLiBMZSBydWVnbyBxdWUgbWUgYXl1ZGUu,W01hbnR1ZSBUYXJhXQpNYW4gc2FndCwgaW4gPE5BVkk+W1BheW9uLUjDtmhsZSBVMV08SU5GTz5wYXlfYXJjaGUsNDAsMTMwLDAsMTAxLDA8L0lORk8+PC9OQVZJPiBnw6RiZSBlcyBqZWRlIE1lbmdlIGRhdm9uIC4uLiBBYmVyIGljaCBmaW5kZSBlaW5mYWNoIGtlaW5lIFplaXQsIHNlbGJzdCBkb3J0aGluIHp1IGdlaGVuLiBJY2ggYml0dGUgRXVjaCB1bSBIaWxmZS4=,W01hbnR1ZSBUYXJhXQpPbiBkaXQgcXXigJlpbCB5IGVuIGEgYmVhdWNvdXAgc2kgdm91cyBhbGxleiDDoCA8TkFWST5bR3JvdHRlIGRlIFBheW9uIOKAkyBTUzFdPElORk8+cGF5X2FyY2hlLDQwLDEzMCwwLDEwMSwwPC9JTkZPPjwvTkFWST4uLi4gTWFpcyBqZSBu4oCZYWkgcGFzIGxlIHRlbXBzIGTigJlhbGxlciBqdXNxdWUtbMOgLiBKZSB2b3VzIGVuIHByaWUu,W01hbnRvZSBUYXJhXQpLYXRhbnlhLCBiYW55YWsgeWFuZyB0dW1idWggZGkgPE5BVkk+W1BheW9uIENhdmUgRmxvb3IgMV08SU5GTz5wYXlfYXJjaGUsNDAsMTMwLDAsMTAxLDA8L0lORk8+PC9OQVZJPi4uLiB0YXBpIGFrdSB0YWsgc2VtcGF0IGtlIHNhbmEuIEFrdSBha2FuIHNhbmdhdCBiZXJ0ZXJpbWEga2FzaWgu,W01hbnRvZSBUYXJhXQo8TkFWST5bUGF5b24gTWHEn2FyYXPEsSAxRl08SU5GTz5wYXlfYXJjaGUsNDAsMTMwLDAsMTAxLDA8L0lORk8+PC9OQVZJPiB0YXJhZsSxbmRhIMOnb2sgb2xkdcSfdW51IHPDtnlsw7x5b3JsYXIgYW1hLi4uIEJlbmltIG9yYXlhIGthZGFyIGdpZGVjZWsgdmFrdGltIG9sbWFsxLEgeWEuIFJpY2EgZWRpeW9ydW0u
VLGe,W+unjO2IrOyXkCDtg4DrnbxdCuq3uOufsOuNsCDsp4DquIgg7KCc7LKg7J20IOyVhOuLiOudvC4uLiDsg4jsi7kg64yA7IugIOustOulvCDsk7Dqs6Ag7J6I7JeI64qU642wLCDslYTrrLTrnpjrj4Qg6re4IOunm+ydtCDrjZwg64Kp64uI64ukLgrqsIDshJwg7IOI7Iu57J2EIOyigCDqtaztlbTso7zsi6Qg7IiYIOyeiOycvOyLnOqyoOyKteuLiOq5jD8gMuqwnOunjCDqtaztlbTri6Qg7KO87Iuc66m0IOqwkOyCrO2VqeuLiOuLpC4=,W01hbnRvZSBUYXJhXQpSaWdodCBub3cgSeKAmXZlIGJlZW4gdXNpbmcgcmFkaXNoZXMgaW5zdGVhZCBvZiBTaG9vdOKAlG5vdCBDaGVvbC1pLCBJIG1lYW7igJRidXQgdGhlIGZsYXZvciBqdXN0IGlzbuKAmXQgdGhlIHNhbWUuCkNvdWxkIHlvdSBmZXRjaCBzb21lIFNob290IGZvciBtZT8gSnVzdCB0d28gd2lsbCBkbywgYW5kIEnigJlkIGJlIHZlcnkgZ3JhdGVmdWwu,,W+abvOaJmMK35aGU5ouJXQrkuI3ov4fnjrDlnKjkuI3mmK/lvZPlraMuLi7miJHkuIDnm7TnlKjokJ3ljZzmnaXku6Pmm7/oir3oi5fvvIzkvYblkbPpgZPmnpznhLblt67kuobngrnjgIIK5L2g6IO95Y675biu5oiR5byE54K56Iq96IuX5p2l5ZCX77yf5Y+q6KaB5biu5oiR5bim5p2lMuS4quWwseaEn+a/gOS4jeWwveS6huOAgg==,,W01hbnRvZSBUYXJhXQrguJXguK3guJnguJnguLXguYnguYTguKHguYjguYPguIrguYjguKTguJTguLnguILguK3guIfguKHguLHguJnguJ7guK3guJTguLUg4LiC4LmJ4Liy4LmA4Lil4Lii4LmD4LiK4LmJ4Lir4Lix4Lin4LmE4LiK4LmA4LiX4LmJ4Liy4LmB4LiX4LiZIOC5geC4leC5iOC4lOC4ueC5gOC4q+C4oeC4t+C4reC4meC4o+C4quC4iuC4suC4leC4tOC4iOC4sOC4ouC4seC4h+C4quC4ueC5ieC5hOC4oeC5iOC5hOC4lOC5iSDguIrguYjguKfguKLguYTguJvguKvguLIgU2hvb3Qg4Lih4Liy4LmD4Lir4LmJ4LiC4LmJ4LiyIDIg4LiK4Li04LmJ4LiZ4LmE4LiU4LmJ4Lir4Lij4Li34Lit4LmE4Lih4LmI,,,W01hbnR1ZSBUYXJhXQpQZXJvIGFob3JhIG5vIGVzIHRlbXBvcmFkYS4uLiBhc8OtIHF1ZSBlc3RhYmEgdXNhbmRvIHLDoWJhbm8gZW4gbHVnYXIgZGUgYnJvdGVzLCBwZXJvIGVsIHNhYm9yIG5vIGVzIGVsIG1pc21vLgrCv1BvZHLDrWEgaXIgYSBjb25zZWd1aXJtZSBhbGd1bm9zIGJyb3Rlcz8gTGUgYWdyYWRlY2Vyw61hIHF1ZSBtZSB0cmFqZXJhIHNvbG8gMi4=,W01hbnR1ZSBUYXJhXQpBYmVyIGdlcmFkZSBoYWJlbiBzaWUga2VpbmUgU2Fpc29uIC4uLiBEZXNoYWxiIGhhYmUgaWNoIHN0YXR0IFNwcm9zc2VuIFJldHRpY2ggdmVyd2VuZGV0LCBkb2NoIGdlc2NobWFja2xpY2ggaXN0IGRhcyBlaW5mYWNoIG5pY2h0IGRhc3NlbGJlLgpLw7ZubnRldCBJaHIgbG9zZ2VoZW4gdW5kIG1pciBlaW4gcGFhciBTcHJvc3NlbiBiZXNvcmdlbj8gSWNoIHfDpHJlIEV1Y2ggc2Nob24gZsO8ciBudXIgMiBTdMO8Y2sgc2VociBkYW5rYmFyLg==,W01hbnR1ZSBUYXJhXQpNYWlzIGNlIG7igJllc3QgcGFzIGxhIHNhaXNvbuKApiBK4oCZYWkgdXRpbGlzw6kgZHUgcmFkaXMgw6AgbGEgcGxhY2UsIG1haXMgbGUgZ2/Du3QgbuKAmXkgZXN0IHBhcy4KUG91cnJpZXotdm91cyBt4oCZYXBwb3J0ZXIgMiBqZXVuZXMgcG91c3NlcyA/IE1lcmNpLg==,W01hbnR1ZSBUYXJhXQpTZWthcmFuZyBha3UgbWVtYWthaSBsb2JhaywgYnVrYW4gU2hvb3QsIHRhcGkgcmFzYW55YSB0aWRhayBzYW1hLgpCaXNha2FoIGthbXUgbWVtYmF3YWthbmt1IFNob290PyBEdWEgc2FqYSBjdWt1cC4gQWt1IGFrYW4gc2FuZ2F0IGJlcnRlcmltYSBrYXNpaC4=,W01hbnRvZSBUYXJhXQpBbWEgxZ91IGFuIG1ldnNpbWkgZGXEn2lsLi4uIEJ1IHnDvHpkZW4gRmlkZSB5ZXJpbmUgdHVycCBrdWxsYW7EsXlvcmR1bSwgYW1hIG5lZGVuc2UgdGFkxLEgZGFoYSB6YXnEsWYga2FsxLF5b3IuCkdpZGlwIGJpcmF6IEZpZGUgYnVsYWJpbGlyIG1pc2luaXo/IFNhZGVjZSAyIHRhbmUgZ2V0aXJpcnNlbml6IHNldmluaXJpbS4=
VbGe,7KKL7Iq164uI64ukLg==,WWVzLg==,,5aW955qE44CC,,4LiV4LiB4Lil4LiH,,,RGUgYWN1ZXJkby4=,R3V0Lg==,Qmllbi4=,QmFpay4=,xLB5aS4=
VrGe,7Iur7Iq164uI64ukLg==,Tm8u,,5LiN5Zac5qyi44CC,,4Lib4LiP4Li04LmA4Liq4LiY,,,Tm8u,TmVpbi4=,SmUgbuKAmWFpbWUgcGFzLg==,VGlkYWsgbWF1Lg==,xLBzdGVtaXlvcnVtLg==
V7Ge,W+unjO2IrOyXkCDtg4DrnbxdCuygleunkCDqsJDsgqztlanri4jri6QhIOuqqO2XmOqwgOuLmOydmCDrj4Tsm4DsnbQg7Zeb65CY7KeAIOyViuqyjCDqvK0g7J206rKoIOuztOydtOqyoOyKteuLiOuLpC4K7IOI7Iu5IDLqsJwsIOu2gO2DgeuTnOumveuLiOuLpCE=,W01hbnRvZSBUYXJhXQpUaGFuayB5b3Ugc28gbXVjaCEgSSB3b24ndCBsZXQgeW91ciBoZWxwIGdvIHRvIHdhc3Rl4oCUSSB3aWxsIG1ha2Ugc3VyZSB0byB3aW4uIFBsZWFzZSBnZXQgbWUgMiBTaG9vdCE=,,W+abvOaJmMK35aGU5ouJXQrnnJ/nmoTpnZ7luLjmhJ/osKLvvIHmiJHkuIDlrprkvJrotaLvvIzorqnlhpLpmanlrrbnmoTluK7liqnkuI3nmb3otLnjgIIK5ouc5omY57uZ5oiR6Iq96IuXMuS4qu+8gQ==,,W01hbnRvZSBUYXJhXQrguILguK3guJrguYPguIjguKHguLLguIEg4LiC4LmJ4Liy4LiI4Liw4LiK4LiZ4Liw4LmD4Lir4LmJ4LmE4LiU4LmJ4LmA4Lie4Li34LmI4Lit4LmE4Lih4LmI4LmD4Lir4LmJ4LiE4Lin4Liy4Lih4LiK4LmI4Lin4Lii4LmA4Lir4Lil4Li34Lit4LiC4Lit4LiH4LiX4LmI4Liy4LiZ4Liq4Li54LiN4LmA4Lib4Lil4LmI4LiyIOC4neC4suC4gSBTaG9vdCAyIOC4iuC4tOC5ieC4meC4lOC5ieC4p+C4ouC4meC4sA==,,,W01hbnR1ZSBUYXJhXQrCoU11Y2jDrXNpbWFzIGdyYWNpYXMhIEhhcsOpIHF1ZSBzdSBheXVkYSBubyBoYXlhIHNpZG8gZW4gdmFubyB5IGNvbnNlZ3VpcsOpIGxhIHZpY3RvcmlhLgrCoTIgYnJvdGVzLCBwb3IgZmF2b3Ih,W01hbnR1ZSBUYXJhXQpWaWVsZW4gRGFuayEgSWNoIHdlcmRlIGF1ZiBqZWRlbiBGYWxsIGdld2lubmVuLCBkYW1pdCBFdXJlIEhpbGZlIG5pY2h0IHVtc29uc3Qgd2FyLgpCaXR0ZSBicmluZ3QgbWlyIDIgU3Byb3NzZW4h,W01hbnR1ZSBUYXJhXQpNZXJjaSBiZWF1Y291cCAhIEplIHZhaXMgZ2FnbmVyLCBqZSB2b3VzIGxlIHByb21ldHMuCjIgSmV1bmVzIHBvdXNzZXMsIHPigJlpbCB2b3VzIHBsYcOudCAh,W01hbnR1ZSBUYXJhXQpUZXJpbWEga2FzaWghIEFrdSB0YWsgYWthbiBzaWEtc2lha2FuIGJhbnR1YW5tdS4gQWt1IHBhc3RpIG1lbmFuZy4KVG9sb25nIGJhd2FrYW4gYWt1IDIgU2hvb3Qh,W01hbnRvZSBUYXJhXQpHZXLDp2VrdGVuIMOnb2sgdGXFn2Vra8O8ciBlZGVyaW0hIE1hY2VyYWPEsSwgeWFyZMSxbcSxbsSxeiBib8WfYSBnaXRtZXNpbiBkaXllIG11dGxha2Ega2F6YW5hY2HEn8SxbS4KRmlkZSAyIGFkZXQsIGzDvHRmZW4h
WLGe,W+unjO2IrOyXkCDtg4DrnbxdCuyVhC4uLiDslrQsIOyWtOyplCDsiJgg7JeG7KeA7JqULiDqt7jrnpjrj4Qg7Z6Y64K067O06rKg7Iq164uI64ukLi4u,W01hbnRvZSBUYXJhXQpPaC4uLiB3ZWxsLCBJIHN1cHBvc2UgSSBoYXZlIG5vIGNob2ljZS4gSSdsbCBnaXZlIGl0IG15IGJlc3QuLi4=,,W+abvOaJmMK35aGU5ouJXQrllYouLi7kuZ/jgIHkuZ/msqHlip7ms5XlkaLjgILljbPkvr/lpoLmraTmiJHkuZ/kvJrliqDmiorlirLnmoQuLi4=,,W01hbnRvZSBUYXJhXQrguK3guYjguLLigKbguIHguYfguITguIfguIrguYjguKfguKLguYTguKHguYjguYTguJTguYkg4LiC4LmJ4Liy4LiI4Liw4Lie4Lii4Liy4Lii4Liy4Lih4LmA4Lit4LiH,,,W01hbnR1ZSBUYXJhXQpBaC4uLiBCLWJ1ZW5vLCBubyBoYXkgbcOhcyByZW1lZGlvLiBBdW4gYXPDrSwgaGFyw6kgbG8gcG9zaWJsZS4uLg==,W01hbnR1ZSBUYXJhXQpBaC4uLiBuYSwgbmEgZ3V0LiBFcyBsw6Rzc3Qgc2ljaCB3b2hsIG5pY2h0IMOkbmRlcm4uIFRyb3R6ZGVtIHdlcmRlIGljaCBtZWluIEJlc3RlcyBnZWJlbi4uLg==,W01hbnR1ZSBUYXJhXQpBaC4uLiBldWgsIGplIG4nYWkgcGFzIGxlIGNob2l4LiBKZSB2YWlzIHF1YW5kIG3Dqm1lIGZhaXJlIGRlIG1vbiBtaWV1eC4uLg==,W01hbnR1ZSBUYXJhXQpZYWguLi4gbWF1IGJhZ2FpbWFuYSBsYWdpLiBNZXNraSBiZWdpdHUsIGFrdSBha2FuIHRldGFwIGJlcnVzYWhhLi4u,W01hbnRvZSBUYXJhXQpBaC4uLiDFni3Fn2V5LCB5YXBhY2FrIGJpciDFn2V5IHlvay4gWWluZSBkZSBlbGltZGVuIGdlbGVuaSB5YXBhY2HEn8SxbS4uLg==
WbGe,W+unjO2IrOyXkCDtg4DrnbxdCuunjOuRkOqwgCDrsJTsgq3rsJTsgq3tlanri4jri6QuIOuUsOucu+2VoCDrlYwg7ZWcIOygkeyLnCDrk5zrprTquYzsmpQ/,W01hbnRvZSBUYXJhXQpUaGUgZHVtcGxpbmdzIGFyZSBjcmlzcHkuIFNoYWxsIEkgc2VydmUgYSB3YXJtIHBsYXRlPw==,,W+abvOaJmMK35aGU5ouJXQrljIXlrZDlvojphaXohIbjgILotoHng63nu5nkvaDmnaXkuIDnm5jlkJfvvJ8=,,W01hbnRvZSBUYXJhXQrguKPguLHguJrguYDguIHguLXguYrguKLguKfguIHguKPguK3guJog4LmGIOC4o+C5ieC4reC4mSDguYYg4Liq4Lix4LiB4LiI4Liy4LiZ4LmE4Lir4Lih,,,W01hbnR1ZSBUYXJhXQpMb3MgTWFuZHUgZXN0w6FuIGJpZW4gY3J1amllbnRlcy4gwr9MZSBzaXJ2byB1biBwbGF0byBtaWVudHJhcyBlc3TDoW4gY2FsaWVudGVzPw==,W01hbnR1ZSBUYXJhXQpEaWUgTWFuZHUgc2luZCBzY2jDtm4ga251c3ByaWcuIFNvbGwgaWNoIEV1Y2ggZWluZW4gVGVsbGVyIHNlcnZpZXJlbiwgc29sYW5nZSBzaWUgbm9jaCB3YXJtIHNpbmQ/,W01hbnR1ZSBUYXJhXQpMZXMgcmF2aW9saXMgc29udCBiaWVuIGNyb3VzdGlsbGFudHMuIFVuZSBhc3NpZXR0ZSwgdGFudCBxdWUgY+KAmWVzdCBjaGF1ZCA/,W01hbnR1ZSBUYXJhXQpNYW5kdSByZW55YWguIE1hdSBjb2JhIHNlcGlyaW5nPw==,W01hbnRvZSBUYXJhXQpNYW50xLEgw6fEsXTEsXIgw6fEsXTEsXIuIFPEsWNha2tlbiBzaXplIGJpciB0YWJhayB2ZXJleWltIG1pPw==
WrGe,W+unjO2IrOyXkCDtg4DrnbxdCuyggO2drCDsp4HtmZQg67iM66CI7IqkIOunjOuRkOulvCDsmYTshLHtlZjquLAg7JyE7ZW07ISc64qUIOyDiOyLueydmCDslLnripQg66eb7J20IOq8rSDtlYTsmpTtlanri4jri6QuCjLqsJzrp4wg6rytIOu2gO2DgeuTnOumveuLiOuLpCwg66qo7ZeY6rCA64uYIQ==,W01hbnRvZSBUYXJhXQpUbyBjb21wbGV0ZSBvdXIgQ2hhcmNvYWwtQnJvaWxlZCBCcmVhdGggRHVtcGxpbmcsIHRoZSBjcnVuY2ggZnJvbSBTaG9vdCBpcyBhYnNvbHV0ZWx5IGVzc2VudGlhbC4gUGxlYXNlIGJyaW5nIG1lIDIsIGFkdmVudHVyZXIh,,W+abvOaJmMK35aGU5ouJXQrkuLrkuoblrozmiJDmiJHku6znmoTnm7TngavnhY7ng6TppbrlrZDvvIzoir3oi5fnmoTlmrzlirLmmK/lv4XkuI3lj6/lsJHnmoTjgIIK5Y+q6KaBMuS4qu+8jOWKoeW/heaLnOaJmOS6hu+8jOWGkumZqeWutu+8gQ==,,W01hbnRvZSBUYXJhXQrguYDguJ7guLfguYjguK3guYPguKvguYkgRmlyZS1CcmVhdGhlIER1bXBsaW5nIOC4guC4reC4h+C4guC5ieC4suC4quC4oeC4muC4ueC4o+C4k+C5jCDguJXguYnguK3guIfguKHguLXguKrguLHguKHguJzguLHguKrguIHguKPguLjguJrguIHguKPguK3guJrguILguK3guIcgU2hvb3Qg4LiK4LmI4Lin4Lii4Lir4LiyIFNob290IOC4oeC4siAyIOC4iuC4tOC5ieC4meC5gOC4luC4tOC4lA==,,,W01hbnR1ZSBUYXJhXQpQYXJhIGNvbXBsZXRhciBudWVzdHJvIE1hbmR1IGRlIGFsaWVudG8gYSBsYSBwYXJyaWxsYSwgbmVjZXNpdGFtb3Mgc2luIGZhbHRhIGxhIHRleHR1cmEgY3J1amllbnRlIGRlIGxvcyBicm90ZXMuCsKhU29sbyAyLCBwb3IgZmF2b3IsIGF2ZW50dXJlcm8h,W01hbnR1ZSBUYXJhXQpVbSB1bnNlciBNYW5kdSDigJ5GbGFtbWVuYXRlbeKAnCB6dSB2b2xsZW5kZW4sIGJyYXVjaGVuIHdpciB1bmJlZGluZ3QgZGVuIGtuYWNraWdlbiBCaXNzIGRlciBTcHJvc3Nlbi4KQml0dGUgYnJpbmd0IG1pciBudXIgMiBTdMO8Y2ssIEFiZW50ZXVyZXIh,W01hbnR1ZSBUYXJhXQpQb3VyIHLDqXVzc2lyIG5vcyBSYXZpb2xpcyBncmlsbMOpcyDDoCBsYSBmbGFtbWUsIGxlIGNyb3F1YW50IGRlcyBqZXVuZXMgcG91c3NlcyBlc3QgaW5kaXNwZW5zYWJsZS4KSmUgdm91cyBlbiBwcmllLCBhcHBvcnRlei1lbiAyLCBhdmVudHVyaWVyICE=,W01hbnR1ZSBUYXJhXQpVbnR1ayBtZW55ZW1wdXJuYWthbiBDaGFyY29hbC1Ccm9pbGVkIEJyZWF0aCBEdW1wbGluZyBrYW1pLCBrZXJlbnlhaGFuIGRhcmkgU2hvb3Qgc2FuZ2F0bGFoIHBlbnRpbmcuIFRvbG9uZyBiYXdha2FuIDIgdW50dWtrdSwgQWR2ZW50dXJlciE=,W01hbnRvZSBUYXJhXQpCaXppbSBLw7Ztw7xyZGUgSXpnYXJhIE5lZmVzIE1hbnTEsXPEsSB0YW1hbWxhbWFrIGnDp2luIEZpZGUgw6dpxJ9uZW1lIGhpc3NpIG11dGxha2EgZ2VyZWtsaS4KU2FkZWNlIDIgYWRldCwgbMO8dGZlbiwgbWFjZXJhY8SxIQ==
W7Ge,W+unjO2IrOyXkCDtg4DrnbxdCuydtOqygyDssLgsIOunm+yeiOyWtCDrs7TsnbTripQg7IOI7Iu57J2064Sk7JqUIQrsnbTsoJwg7KCA64qUIOykgOu5hOqwgCDrgZ3rgqzsirXri4jri6QhIO2VmO2VmCwg642V67aE7JeQIOyKueumrOuKlCDsoJwg6rKD7J6F64uI64ukLg==,W01hbnRvZSBUYXJhXQpBaCwgd2hhdCBhIHRhc3R5LWxvb2tpbmcgU2hvb3QhIE5vdyBJJ20gcmVhZHkhIEhhaGEsIHRoYW5rcyB0byB5b3UsIHZpY3Rvcnkgd2lsbCBiZSBtaW5lLg==,,W+abvOaJmMK35aGU5ouJXQrlk47lkYDvvIzov5noir3oi5fnnIvotbfmnaXnnJ/lpb3lkIPvvIEK546w5Zyo5oiR5bey57uP5YeG5aSH5aW95LqG77yB5ZOI5ZOI77yM5aSa5LqP5LqG5L2g77yM6IOc5Yip5piv5oiR55qE44CC,,W01hbnRvZSBUYXJhXQrguYLguK3guYkgU2hvb3Qg4LiZ4Li14LmI4LiU4Li54LiU4Li14LiZ4Lix4LiBIOC4leC4reC4meC4meC4teC5ieC4guC5ieC4suC4nuC4o+C5ieC4reC4oeC5geC4peC5ieC4pyDguK7guYjguLIg4LmGIOC4iuC4seC4ouC4iuC4meC4sOC4leC5ieC4reC4h+C5gOC4m+C5h+C4meC4guC4reC4h+C4guC5ieC4suC5geC4meC5iA==,,,W01hbnR1ZSBUYXJhXQrCoVZheWEsIHF1w6kgYnJvdGVzIHRhbiBhcGV0aXRvc29zIQrCoVlhIGVzdG95IGxpc3RvISBKYSwgamEsIGphLCBncmFjaWFzIGEgdXN0ZWQsIGxhIHZpY3RvcmlhIHNlcsOhIG3DrWEu,W01hbnR1ZSBUYXJhXQpPaCwgZGllIHNlaGVuIGphIGvDtnN0bGljaCBhdXMg4oCTIHdpcmtsaWNoIGF1c2dlemVpY2huZXRlIFNwcm9zc2VuIQpKZXR6dCBiaW4gaWNoIGJlcmVpdCEgSGFoYSwgZGFuayBFdWNoIGdlaMO2cnQgZGVyIFNpZWcgbWlyIQ==,W01hbnR1ZSBUYXJhXQpPaCAhIFZvaWzDoCBkZSBiZWxsZXMgUG91c3NlcyAhCkplIHN1aXMgcHLDqnQgISBIYWhhLCBncsOiY2Ugw6Agdm91cywgbGEgdmljdG9pcmUgZXN0IMOgIG1vaSAh,W01hbnR1ZSBUYXJhXQpTaG9vdCB5YW5nIHRhbXBhayBsZXphdCEgU2VrYXJhbmcgYWt1IHNpYXAhIEhhaGEsIGJlcmthdCBkaXJpbXUsIGtlbWVuYW5nYW4gYWRhIGRpIHRhbmdhbmt1Lg==,W01hbnRvZSBUYXJhXQpWYXkgY2FuxLFuYSwgbmUgZGUgbGV6emV0bGkgZ8O2csO8bmVuIGJpciBGaWRlIQpBcnTEsWsgYmVuIGhhesSxcsSxbSEgSGFoYSwgc2l6aW4gc2F5ZW5pemRlIHphZmVyIGJlbmltZGlyLg==
XLGe,W+unjO2IrOyXkCDtg4DrnbxdCuy9lOuqqOu5hCDslrTrpbTsi6Dqu5gg7KSA67mE6rCAIOuBneuCrOuLpOqzoCDsoITtlbQg7KO87Iuc6rKg7Iq164uI6rmMPwrslYQsIOq3uCDsoITsl5AuLi4=,W01hbnRvZSBUYXJhXQpDb3VsZCB5b3UgdGVsbCBLb21vYmkgdGhhdCBJJ20gcmVhZHk/IEFoLCBidXQgZmlyc3QuLi4=,,W+abvOaJmMK35aGU5ouJXQrog73mm7/miJHovazlkYrnp5Hojqvmr5TogIHkurrlrrbvvIzmiJHlt7Lnu4/lh4blpIflpb3kuoblkJfvvJ8K5ZWK77yM5Zyo6YKj5LmL5YmNLi4u,,W01hbnRvZSBUYXJhXQrguJ3guLLguIHguYTguJvguJrguK3guIHguJfguYjguLLguJkgS29tb2JpIOC4p+C5iOC4suC4guC5ieC4suC4nuC4o+C5ieC4reC4oeC5geC4peC5ieC4pyDguYHguJXguYjguIHguYjguK3guJnguK3guLfguYjguJkuLi4=,,,W01hbnR1ZSBUYXJhXQrCv1BvZHLDrWEgZGVjaXJsZSBhbCBhbmNpYW5vIEtvbW9iaSBxdWUgeWEgZXN0b3kgbGlzdG8/CkFoLCBwZXJvIGFudGVzLi4u,W01hbnR1ZSBUYXJhXQpXw7xyZGV0IElociBLb21vYmkgYml0dGUgYXVzcmljaHRlbiwgZGFzcyBpY2ggZmVydGlnIGJpbj8KQWgsIGFiZXIgdm9yaGVyIC4uLg==,W01hbnR1ZSBUYXJhXQpQb3Vycmllei12b3VzIGRpcmUgw6AgS29tb2JpIHF1ZSBqZSBzdWlzIHByw6p0ID8KQWgsIGF2YW50IMOnYS4uLg==,W01hbnR1ZSBUYXJhXQpCaXNha2FoIGthbXUgc2FtcGFpa2FuIHBhZGEgS29tb2JpIGJhaHdhIGFrdSBzaWFwPyBUYXBpIHNlYmVsdW1ueWEuLi4=,W01hbnRvZSBUYXJhXQpLb21vYmkgYsO8ecO8xJ9lIGhhesSxcmzEsWtsYXLEsW3EsW4gYml0dGnEn2luaSBpbGV0aXIgbWlzaW5pej8KQWgsIG9uZGFuIMO2bmNlLi4u
XbGe,W+unjO2IrOyXkCDtg4DrnbxdCuqwkOyCrCDsnbjsgqzrtoDthLAg65Oc66Ck7JW87KeA7JqUIQrsoJXrp5Ag6rCQ7IKs7ZWp64uI64ukLiDqt7jrpqzqs6Ag7JWe7Jy866Gc64+EIOyemCDrtoDtg4Hrk5zrpr3ri4jri6Qu,W01hbnRvZSBUYXJhXQpJIHNob3VsZCBvZmZlciBteSB0aGFua3MgZmlyc3QhIFRydWx5LCB0aGFuayB5b3UsIGFuZCBJIGxvb2sgZm9yd2FyZCB0byB5b3VyIGNvbnRpbnVlZCBzdXBwb3J0Lg==,,W+abvOaJmMK35aGU5ouJXQrlvpflhYjlkJHkvaDpgZPosKLmiY3ooYzvvIEK55yf55qE6Z2e5bi45oSf6LCi44CC5LuK5ZCO5Lmf6K+35aSa5aSa5YWz54Wn44CC,,W01hbnRvZSBUYXJhXQrguILguYnguLLguJXguYnguK3guIfguILguK3guILguK3guJrguYPguIjguYDguIjguYnguLLguKHguLLguIEg4LiI4Liy4LiB4LiZ4Li14LmJ4LiB4LmH4Lid4Liy4LiB4LiV4Lix4Lin4LiU4LmJ4Lin4Lii,,,W01hbnR1ZSBUYXJhXQrCoVByaW1lcm8gZGVibyBkYXJsZSBsYXMgZ3JhY2lhcyEKTXVjaMOtc2ltYXMgZ3JhY2lhcy4gWSBlc3Blcm8gcG9kZXIgc2VndWlyIGNvbnRhbmRvIGNvbiB1c3RlZC4=,W01hbnR1ZSBUYXJhXQpJY2ggc29sbHRlIG1pY2ggenVlcnN0IGJlaSBFdWNoIGJlZGFua2VuIQpWaWVsZW4gRGFuay4gVW5kIGljaCBob2ZmZSwgYXVjaCB3ZWl0ZXJoaW4gYXVmIEV1cmUgVW50ZXJzdMO8dHp1bmcgesOkaGxlbiB6dSBkw7xyZmVuLg==,W01hbnR1ZSBUYXJhXQpE4oCZYWJvcmQsIGplIGRvaXMgdm91cyByZW1lcmNpZXIgIQpNZXJjaSBiZWF1Y291cC4gRXQgamUgY29tcHRlIHN1ciB2b3VzIHBvdXIgbGEgc3VpdGUu,W01hbnR1ZSBUYXJhXQpBa3UgaGFydXMgYmVydGVyaW1hIGthc2loIGRhaHVsdSEgVGVyaW1hIGthc2loIHVudHVrIGR1a3VuZ2FubXUu,W01hbnRvZSBUYXJhXQrDlm5jZSB0ZcWfZWtrw7xyIGV0bWVsaXlpbSEKR2Vyw6dla3RlbiB0ZcWfZWtrw7xyIGVkZXJpbS4gVmUgYnVuZGFuIHNvbnJhIGRhIHNpemRlbiByaWNhbWTEsXIu
XrGe,W+unjO2IrOyXkCDtg4DrnbxdCuq3uOumrOqzoC4uLiDsoIAg7Kq97J2YIOq1reyImCDslpHrsJjsnYAg662YIO2VmOqzoCDsnojripTsp4Ag7KKAIOu0kCDso7zsi63si5zsmKQuCu2YueyLnCDrrZAg64yA64uo7ZWcIOqxsOudvOuPhCDtlojsnYQg66as64qUIOyXhuyngOunjCwg66eM7J2YIO2VmOuCmOudvOuPhCDrjIDruYTripQg7ZW07JW87KOgLg==,W01hbnRvZSBUYXJhXQpBbmQuLi4gcGxlYXNlIGtlZXAgYW4gZXllIG9uIHRoYXQgbm9vZGxlIGZlbGxvdyBvdmVyIHRoZXJlLiBIZSBwcm9iYWJseSBpc27igJl0IGRvaW5nIGFueXRoaW5nIHJlbWFya2FibGUsIGJ1dCBqdXN0IGluIGNhc2UsIHdlIG5lZWQgdG8gYmUgcHJlcGFyZWQu,,W+abvOaJmMK35aGU5ouJXQrov5jmnIkuLi7or7fkvaDljrvnnIvnnIvpgqPovrnnmoTpnaLmnaHlrrbkvJnlnKjlgZrku4DkuYjjgIIK5LuW5LiN5aSq5Y+v6IO95YGa5Ye65LuA5LmI5LqG5LiN6LW355qE5LqL77yM5L2G5Lmf5b6X5Lul6Ziy5LiH5LiA44CC,,W01hbnRvZSBUYXJhXQrguYHguKXguYnguKfguIHguYfigKbguIrguYjguKfguKLguYTguJvguJTguLnguYDguIjguYnguLLguITguJnguJfguLPguJrguLDguKvguKHguLXguYjguJnguLHguYjguJnguKvguJnguYjguK3guKLguKfguYjguLLguIHguLPguKXguLHguIfguJfguLPguK3guLDguYTguKMg4LiW4Li24LiH4LiI4Liw4LmE4Lih4LmI4LiZ4LmI4Liy4Lih4Li14Lit4Liw4LmE4LijIOC5geC4leC5iOC4geC4seC4meC5hOC4p+C5ieC4geC5iOC4reC4mQ==,,,W01hbnR1ZSBUYXJhXQpZLi4uIGNvbXBydWViZSBxdcOpIGVzdMOhIGhhY2llbmRvIGVzZSBzZcOxb3IgZGUgbG9zIGZpZGVvcy4KTm8gY3JlbyBxdWUgaGF5YSBoZWNobyBuYWRhIGV4dHJhb3JkaW5hcmlvLCBwZXJvIGRlYmVtb3MgZXN0YXIgcHJlcGFyYWRvcyBwb3Igc2kgYWNhc28u,W01hbnR1ZSBUYXJhXQpVbmQgLi4uIHNlaHQgZG9jaCBiaXR0ZSBtYWwgbmFjaCwgd2FzIGRlciBOdWRlbG1hbm4gZGEgZHLDvGJlbiB0cmVpYnQuCldhaHJzY2hlaW5saWNoIGhhdCBlciBuaWNodHMgQmVzb25kZXJlcyB6dXN0YW5kZSBnZWJyYWNodCwgYWJlciBmw7xyIGFsbGUgRsOkbGxlIHNvbGx0ZSBtYW4gdm9yYmVyZWl0ZXQgc2Vpbi4=,W01hbnR1ZSBUYXJhXQpFdCBwdWlzLi4uIHN1cnZlaWxsZXogbGUgZ2FycyBhdXggbm91aWxsZXMsIGzDoC1iYXMuIFZveWV6IGNlIHF14oCZaWwgbWlqb3RlLgpJbCBhIHPDu3JlbWVudCByaWVuIGZhaXQgZOKAmWluY3JveWFibGUsIG1haXMgb24gbuKAmWVzdCBqYW1haXMgdHJvcCBwcnVkZW50Lg==,W01hbnR1ZSBUYXJhXQpEYW4uLi4gdG9sb25nIGxpaGF0IGFwYSB5YW5nIGRpbGFrdWthbiB0dWthbmcgbWkgaXR1LiBNdW5na2luIHRhayBhZGEgeWFuZyBpc3RpbWV3YSwgdGFwaSBsZWJpaCBiYWlrIGJlcmphZ2EtamFnYS4=,W01hbnRvZSBUYXJhXQpWZS4uLiDFn3VyYWRha2kgZXJpxZ90ZWNpIGFkYW3EsW4gbmUgeWFwdMSxxJ/EsW7EsSBkYSBiaXIga29udHJvbCBlZGVyIG1pc2luaXouClBlayDDtnlsZSBiw7x5w7xrIGJpciDFn2V5IHlhcG3EscWfIG9sYW1heiBhbWEsIGlodGltYWxlIGthcsWfxLEgaGF6xLFybMSxa2zEsSBvbG1hbMSxecSxei4=
X7Ge,W+unjO2IrOyXkCDtg4DrnbxdCuydtOygnCDsoIDripQg7KSA67mE6rCAIOuBneuCrOyKteuLiOuLpCEg7ZWY7ZWYLCDrjZXrtoTsl5Ag7Iq566as64qUIOygnCDqsoPsnoXri4jri6QuCuy9lOuqqOu5hCDslrTrpbTsi6Dqu5gg7KSA67mE6rCAIOuBneuCrOuLpOqzoCDsoITtlbQg7KO87Iuc6rKg7Iq164uI6rmMPw==,W01hbnRvZSBUYXJhXQpOb3cgSSBhbSByZWFkeSEgSGFoYSwgdGhhbmtzIHRvIHlvdSwgdmljdG9yeSBpcyBtaW5lLiBDb3VsZCB5b3UgdGVsbCBLb21vYmkgSSdtIHJlYWR5Pw==,,W+abvOaJmMK35aGU5ouJXQrnjrDlnKjmiJHlt7Lnu4/lh4blpIflpb3kuobvvIHlk4jlk4jvvIzlpJrkuo/kuobkvaDvvIzog5zliKnmmK/miJHnmoTjgIIK6IO95pu/5oiR6L2s5ZGK56eR6I6r5q+U6ICB5Lq65a6277yM5oiR5bey57uP5YeG5aSH5aW95LqG5ZCX77yf,,W01hbnRvZSBUYXJhXQrguJXguK3guJnguJnguLXguYnguILguYnguLLguJ7guKPguYnguK3guKHguYHguKXguYnguKcg4Liu4LmI4LiyIOC5hiDguIrguLHguKLguIrguJnguLDguYDguJvguYfguJnguILguK3guIfguILguYnguLIg4Lid4Liy4LiB4LmE4Lib4Lia4Lit4LiB4LiX4LmI4Liy4LiZIEtvbW9iaSDguJTguYnguKfguKI=,,,W01hbnR1ZSBUYXJhXQrCoUhlIHRlcm1pbmFkbyBkZSBwcmVwYXJhcm1lISBKYSwgamEsIGphLiBHcmFjaWFzIGEgdXN0ZWQsIGxhIHZpY3RvcmlhIHNlcsOhIG3DrWEuCsK/UG9kcsOtYSBkZWNpcmxlIGEgS29tb2JpIHF1ZSBoZSB0ZXJtaW5hZG8gZGUgcHJlcGFyYXJtZT8=,W01hbnR1ZSBUYXJhXQpKZXR6dCBiaW4gaWNoIGJlcmVpdCEgSGFoYSwgZGFuayBFdWNoIGdlaMO2cnQgZGVyIFNpZWcgbWlyIQpXw7xyZGV0IElociBLb21vYmkgYml0dGUgYXVzcmljaHRlbiwgZGFzcyBpY2ggZmVydGlnIGJpbj8=,W01hbnR1ZSBUYXJhXQpKZSBzdWlzIGVuZmluIHByw6p0ZSAhIEhhaGEsIGdyw6JjZSDDoCB2b3VzLCBsYSB2aWN0b2lyZSBlc3Qgw6AgbW9pLgpQb3Vycmllei12b3VzIGluZm9ybWVyIGzigJlhw65uw6kgS29tb2JpIHF1ZSBqZSBzdWlzIHByw6p0ID8=,W01hbnR1ZSBUYXJhXQpTZWthcmFuZyBha3Ugc2lhcCEgSGFoYSwgYmVya2F0IGRpcmltdSwga2VtZW5hbmdhbiBkaSB0YW5nYW5rdS4gQmlzYWthaCBrYW11IHNhbXBhaWthbiBwYWRhIEtvbW9iaSBiYWh3YSBha3Ugc3VkYWggc2lhcD8=,W01hbnRvZSBUYXJhXQpBcnTEsWsgYmVuIGhhesSxcsSxbSEgSGFoYSwgc2l6aW4gc2F5ZW5pemRlIHphZmVyIGJlbmltZGlyLgpLb21vYmkgYsO8ecO8xJ9lIGhhesSxcmzEsWtsYXLEsW3EsW4gYml0dGnEn2luaSBpbGV0aXIgbWlzaW5pej8=
YLGe,W+unjO2IrOyXkCDtg4DrnbxdCuq3uC4uLiDsoIAg7Kq97J2YIOq1reyImCDslpHrsJjsnYAg662YIO2VmOqzoCDsnojripTsp4Ag7KKAIOu0kCDso7zsi63si5zsmKQuCu2YueyLnCDrrZAg64yA64uo7ZWcIOqxsOudvOuPhCDtlojsnYQg66as64qUIOyXhuyngOunjCwg66eM7J2YIO2VmOuCmOudvOuPhCDrjIDruYTripQg7ZW07JW87KOgLg==,W01hbnRvZSBUYXJhXQpVaC4uLiBwbGVhc2UgY2hlY2sgb24gdGhhdCBub29kbGUgZmVsbG93IG92ZXIgdGhlcmUuIEhlIHByb2JhYmx5IGlzbuKAmXQgZG9pbmcgYW55dGhpbmcgcmVtYXJrYWJsZSwgYnV0IGp1c3QgaW4gY2FzZSwgd2UgbXVzdCBiZSBwcmVwYXJlZC4=,,W+abvOaJmMK35aGU5ouJXQrpgqMuLi7or7fkvaDljrvnnIvnnIvpgqPovrnnmoTpnaLmnaHlrrbkvJnlnKjlgZrku4DkuYjjgIIK5LuW5LiN5aSq5Y+v6IO95YGa5Ye65LuA5LmI5LqG5LiN6LW355qE5LqL77yM5L2G5Lmf5b6X5Lul6Ziy5LiH5LiA44CC,,W01hbnRvZSBUYXJhXQrguYDguK3guYjguK3igKbguIrguYjguKfguKLguYTguJvguJTguLnguKvguJnguYjguK3guKLguKfguYjguLLguYDguIjguYnguLLguITguJnguJfguLPguJrguLDguKvguKHguLXguYjguJ3guLHguYjguIfguYLguJnguYnguJnguIHguLPguKXguLHguIfguJfguLPguK3guLDguYTguKPguK3guKLguLnguYgg4LiW4Li24LiH4Lih4Lix4LiZ4LmE4Lih4LmI4LiZ4LmI4Liy4LiI4Liw4Lih4Li14Lit4Liw4LmE4Lij4LmA4Lib4LmH4LiZ4Lie4Li04LmA4Lio4LipIOC5geC4leC5iOC4geC4seC4meC4nuC4peC4suC4lOC5hOC4p+C5ieC4geC5iOC4reC4meC4ouC5iOC4reC4oeC4lOC4teC4geC4p+C5iOC4sg==,,,W01hbnR1ZSBUYXJhXQpFaC4uLiBjb21wcnVlYmUgcXXDqSBlc3TDoSBoYWNpZW5kbyBlc2Ugc2XDsW9yIGRlIGxvcyBmaWRlb3MuCk5vIGNyZW8gcXVlIGhheWEgaGVjaG8gbmFkYSBleHRyYW9yZGluYXJpbywgcGVybyBkZWJlbW9zIGVzdGFyIHByZXBhcmFkb3MgcG9yIHNpIGFjYXNvLg==,W01hbnR1ZSBUYXJhXQrDhGggLi4uIHNlaHQgZG9jaCBiaXR0ZSBtYWwgbmFjaCwgd2FzIGRlciBOdWRlbG1hbm4gZGEgZHLDvGJlbiB0cmVpYnQuCldhaHJzY2hlaW5saWNoIGhhdCBlciBuaWNodHMgQmVzb25kZXJlcyB6dXN0YW5kZSBnZWJyYWNodCwgYWJlciBmw7xyIGFsbGUgRsOkbGxlIHNvbGx0ZSBtYW4gdm9yYmVyZWl0ZXQgc2Vpbi4=,W01hbnR1ZSBUYXJhXQpFdWguLi4gdmV1aWxsZXogamV0ZXIgdW4gxZNpbCDDoCBjZSBtb25zaWV1ciBkZXMgbm91aWxsZXMsIGzDoC1iYXMsIHBvdXIgdm9pciBjZSBxdSdpbCBmYWl0LgpJbCBlc3QgcGV1IHByb2JhYmxlIHF1J2lsIGFpdCBmYWl0IHF1ZWxxdWUgY2hvc2UgZCdleHRyYW9yZGluYWlyZSwgbWFpcyBpbCBmYXV0IHNlIHByw6lwYXJlciBhdSBjYXMgb8O5Lg==,W01hbnR1ZSBUYXJhXQpEYW4uLi4gdG9sb25nIGxpaGF0IGFwYSB5YW5nIGRpbGFrdWthbiB0dWthbmcgbWkgaXR1LiBNdW5na2luIHRhayBhZGEgeWFuZyBpc3RpbWV3YSwgdGFwaSBsZWJpaCBiYWlrIGJlcmphZ2EtamFnYS4=,W01hbnRvZSBUYXJhXQrFni3Fn2V5Li4uIMWfdXJhZGFraSBlcmnFn3RlY2kgYWRhbcSxbiBuZSB5YXB0xLHEn8SxbsSxIGRhIGJpciBrb250cm9sIGVkZXIgbWlzaW5pei4KUGVrIMO2eWxlIGLDvHnDvGsgYmlyIMWfZXkgeWFwbcSxxZ8gb2xhbWF6IGFtYSwgaWh0aW1hbGUga2FyxZ/EsSBoYXrEsXJsxLFrbMSxIG9sbWFsxLF5xLF6Lg==
YbGe,W+unjO2IrOyXkCDtg4DrnbxdCuunjOuRkOqwgCDrsJTsgq3rsJTsgq3tlanri4jri6QuIO2VnCDsoJHsi5wg65Oc7IWU67O07Iuc6rKg7Iq164uI6rmMPw==,W01hbnRvZSBUYXJhXQpUaGUgZHVtcGxpbmdzIGFyZSBjcmlzcHkuIFdvdWxkIHlvdSBsaWtlIHRvIHRyeSBhIHBsYXRlPw==,,W+abvOaJmMK35aGU5ouJXQrljIXlrZDlvojphaXohIbjgILopoHkuI3opoHmnaXkuIDnm5jlsJ3lsJ3vvJ8=,,W01hbnRvZSBUYXJhXQrguYDguIHguLXguYrguKLguKfguILguK3guIfguILguYnguLLguIHguKPguK3guJrguJnguYjguLLguIHguLTguJnguJnguLHguIEg4LiI4Liw4Lil4Lit4LiH4LiK4Li04Lih4Liq4Lix4LiB4LiI4Liy4LiZ4Lir4Lij4Li34Lit4LmE4Lih4LmI,,,W01hbnR1ZSBUYXJhXQpMb3MgTWFuZHUgZXN0w6FuIGJpZW4gY3J1amllbnRlcy4gwr9RdWllcmUgcHJvYmFyIHVuIHBsYXRvPw==,W01hbnR1ZSBUYXJhXQpEaWUgTWFuZHUgc2luZCBzY2jDtm4ga251c3ByaWcuIE3DtmNodGV0IElociBlaW5lbiBUZWxsZXIgZGF2b24gcHJvYmllcmVuPw==,W01hbnR1ZSBUYXJhXQpMZXMgcmF2aW9saXMgc29udCBiaWVuIGNyb3VzdGlsbGFudHMuIFZvdWxlei12b3VzIGVuIGdvw7t0ZXIgdW5lIGFzc2lldHRlID8=,W01hbnR1ZSBUYXJhXQpNYW5kdSByZW55YWguIE1hdSBjb2JhIHNlcGlyaW5nPw==,W01hbnRvZSBUYXJhXQpNYW50xLEgw6fEsXTEsXIgw6fEsXTEsXIuIEJpciB0YWJhayB0YWTEsW5hIGJha21hayBpc3RlciBtaXNpbml6Pw==
YrGe,W+unjO2IrOyXkCDtg4DrnbxdCuydtOygnCDsoIDripQg7KSA67mE6rCAIOuBneuCrOyKteuLiOuLpCEg7ZWY7ZWYLCDrjZXrtoTsl5Ag7Iq566as64qUIOygnCDqsoPsnoXri4jri6QuCuy9lOuqqOu5hCDslrTrpbTsi6Dqu5gg7KSA67mEIOuBneuCrOuLpOqzoCDsoITtlbQg7KO87Iuc6rKg7Iq164uI6rmMPw==,W01hbnRvZSBUYXJhXQpOb3cgSSBhbSByZWFkeSEgSGFoYSwgdGhhbmtzIHRvIHlvdSwgdmljdG9yeSBpcyBtaW5lLiBDb3VsZCB5b3UgdGVsbCBLb21vYmkgSSdtIHJlYWR5Pw==,,W+abvOaJmMK35aGU5ouJXQrnjrDlnKjmiJHlt7Lnu4/lh4blpIflpb3kuobvvIHlk4jlk4jvvIzlpJrkuo/kuobkvaDvvIzog5zliKnmmK/miJHnmoTjgIIK6IO95pu/5oiR6L2s5ZGK56eR6I6r5q+U6ICB5Lq65a6277yM5oiR5bey57uP5YeG5aSH5aW95LqG5ZCX77yf,,W01hbnRvZSBUYXJhXQrguJXguK3guJnguJnguLXguYnguILguYnguLLguYDguJXguKPguLXguKLguKHguJ7guKPguYnguK3guKHguYHguKXguYnguKchIOC4ruC5iOC4siDguYYg4LiK4Lix4Lii4LiK4LiZ4Liw4Lii4LmI4Lit4Lih4LmA4Lib4LmH4LiZ4LiC4Lit4LiH4LiC4LmJ4LiyIOC4neC4suC4geC5hOC4m+C4muC4reC4geC4l+C5iOC4suC4mSBLb21vYmkg4LiU4LmJ4Lin4Lii4Lin4LmI4Liy4LiC4LmJ4Liy4Lie4Lij4LmJ4Lit4Lih4LmB4Lil4LmJ4Lin,,,W01hbnR1ZSBUYXJhXQrCoUhlIHRlcm1pbmFkbyBkZSBwcmVwYXJhcm1lISBKYSwgamEsIGphLiBHcmFjaWFzIGEgdXN0ZWQsIGxhIHZpY3RvcmlhIHNlcsOhIG3DrWEuCsK/UG9kcsOtYSBkZWNpcmxlIGEgS29tb2JpIHF1ZSBoZSB0ZXJtaW5hZG8gZGUgcHJlcGFyYXJtZT8=,W01hbnR1ZSBUYXJhXQpKZXR6dCBiaW4gaWNoIGJlcmVpdCEgSGFoYSwgZGFuayBFdWNoIGdlaMO2cnQgZGVyIFNpZWcgbWlyIQpXw7xyZGV0IElociBLb21vYmkgYml0dGUgYXVzcmljaHRlbiwgZGFzcyBpY2ggZmVydGlnIGJpbj8=,W01hbnR1ZSBUYXJhXQpKZSBzdWlzIGVuZmluIHByw6p0ICEgSGFoYSwgZ3LDomNlIMOgIHZvdXMsIGxhIHZpY3RvaXJlIGVzdCDDoCBtb2kuClBvdXJyaWV6LXZvdXMgaW5mb3JtZXIgbOKAmWHDrm7DqSBLb21vYmkgcXVlIGplIHN1aXMgcHLDqnQgPw==,W01hbnR1ZSBUYXJhXQpTZWthcmFuZyBha3Ugc2lhcCEgSGFoYSwgYmVya2F0IGRpcmltdSwga2VtZW5hbmdhbiBkaSB0YW5nYW5rdS4gQmlzYWthaCBrYW11IHNhbXBhaWthbiBwYWRhIEtvbW9iaSBiYWh3YSBha3Ugc3VkYWggc2lhcD8=,W01hbnRvZSBUYXJhXQpBcnTEsWsgYmVuIGhhesSxcsSxbSEgSGFoYSwgc2l6aW4gc2F5ZW5pemRlIHphZmVyIGJlbmltZGlyLgpLb21vYmkgYsO8ecO8xJ9lIGhhesSxcmzEsWtsYXLEsW4gYml0dGnEn2luaSBpbGV0aXIgbWlzaW5pej8=
Y7Ge,W+unjO2IrOyXkCDtg4DrnbxdCu2VmO2VmCwg66qo7ZeY6rCA64uY7J20IOuPhOyZgOyjvOyLoCDrjZXrtoTsl5Ag7KCcIOyKueumrOuKlCDtlZjripjsnZgg67OE7LKY65+8IOuanOugt+2VqeuLiOuLpC4K66eM65GQIOunm+uztOyFqOyngOyalD8g7Ja065ag7IWo7Iq164uI6rmMPw==,W01hbnRvZSBUYXJhXQpIYWhhLCB0aGFua3MgdG8geW91ciBoZWxwLCBteSB2aWN0b3J5IHNoaW5lcyBsaWtlIHRoZSBzdGFycy4gSGF2ZSB5b3UgdHJpZWQgdGhlIGR1bXBsaW5ncz8gSG93IGRvIHRoZXkgdGFzdGU/,,W+abvOaJmMK35aGU5ouJXQrlk4jlk4jvvIzlpJrkuo/kuoblhpLpmanlrrbkvaDnmoTluK7liqnvvIzmiJHnmoTog5zliKnlsLHlg4/lpKnkuIrnmoTmmJ/mmJ/kuIDmoLfmuIXmmbDlj6/op4HjgIIK5L2g5bCd6L+H5YyF5a2Q5LqG5ZCn77yf5oSf6KeJ5aaC5L2V77yf,,W01hbnRvZSBUYXJhXQrguK7guYjguLIg4LmGIOC5gOC4nuC4o+C4suC4sOC5gOC4iOC5ieC4suC5g+C4q+C5ieC4hOC4p+C4suC4oeC4iuC5iOC4p+C4ouC5gOC4q+C4peC4t+C4rSDguIrguLHguKLguIrguJnguLDguILguK3guIfguILguYnguLLguIjguLbguIfguIrguLHguJTguYDguIjguJnguJTguLjguIjguJTguKfguIfguJTguLLguKfguJrguJnguJfguYnguK3guIfguJ/guYnguLIg4LmA4LiI4LmJ4Liy4LmE4LiU4LmJ4LiK4Li04Lih4LmA4LiB4Li14LmK4Lii4Lin4LmB4Lil4LmJ4Lin4LmD4LiK4LmI4Lir4Lij4Li34LitIOC5gOC4m+C5h+C4meC4reC4ouC5iOC4suC4h+C5hOC4o+C4muC5ieC4suC4hw==,,,W01hbnR1ZSBUYXJhXQpKYSwgamEsIGphLCBncmFjaWFzIGEgc3UgYXl1ZGEsIG1pIHZpY3RvcmlhIGVzdMOhIHRhbiBjbGFyYSBjb21vIGxhcyBlc3RyZWxsYXMgZGVsIGNpZWxvLgpIYSBwcm9iYWRvIGxvcyBNYW5kdSwgwr92ZXJkYWQ/IMK/UXXDqSBsZSBoYW4gcGFyZWNpZG8/,W01hbnR1ZSBUYXJhXQpIYWhhLCBkYW5rIEV1cmVyIEhpbGZlIGlzdCBtZWluIFNpZWcgc28gZGV1dGxpY2ggd2llIGRpZSBTdGVybmUgYW0gSGltbWVsLgpJaHIgaGFidCBkaWUgTWFuZHUgcHJvYmllcnQsIG5pY2h0IHdhaHI/IFdpZSB3YXJlbiBzaWU/,W01hbnR1ZSBUYXJhXQpIYWhhLCBncsOiY2Ugw6Agdm91cywgYXZlbnR1cmllciwgbWEgdmljdG9pcmUgZXN0IMOpY3JpdGUgZGFucyBsZXMgw6l0b2lsZXMuClZvdXMgYXZleiBnb8O7dMOpIGxlcyByYXZpb2xpcywgaGVpbiA/IEFsb3JzLCB2ZXJkaWN0ID8=,W01hbnR1ZSBUYXJhXQpIYWhhLCBiZXJrYXQgYmFudHVhbm11LCBrZW1lbmFuZ2FuIHN1ZGFoIGRpIGRlcGFuIG1hdGEuCkthbXUgc3VkYWggY29iYSBwYW5nc2l0bnlhLCBidWthbj8gQmFnYWltYW5hIHJhc2FueWE/,W01hbnRvZSBUYXJhXQpIYWhhLCBtYWNlcmFjxLEsIHNpemluIHlhcmTEsW3EsW7EsXogc2F5ZXNpbmRlIHphZmVyaW0gZ8O2a3Rla2kgecSxbGTEsXpsYXIgZ2liaSBhcGHDp8Sxay4KTWFudMSxbsSxbiB0YWTEsW5hIGJha3TEsW7EsXosIGRlxJ9pbCBtaT8gTmFzxLFsZMSxPw==
ZLGe,W+unjO2IrOyXkCDtg4DrnbxdCuuEiOustOuCmCDrtoDrgYTrn73qs6AuLi4g66q4IOuRmCDrsJTrpbwg66qo66W06rKg7Iq164uI64ukLg==,W01hbnRvZSBUYXJhXQpJJ20gc28gZW1iYXJyYXNzZWQuLi4gSSBkb24ndCBldmVuIGtub3cgd2hlcmUgdG8gbG9vay4=,,W+abvOaJmMK35aGU5ouJXQrlpKrnvp7mhKfkuoYuLi7miJHpg73kuI3nn6XpgZPor6Xmioroh6rlt7HmlL7lk6rlhL/kuobjgII=,,W01hbnRvZSBUYXJhXQrguILguYnguLLigKbguIrguYjguLLguIfguJnguYjguLLguK3guLHguJrguK3guLLguKLguJnguLHguIEg4LmE4Lih4LmI4Lij4Li54LmJ4LiI4Liw4LmA4Lit4Liy4Lir4LiZ4LmJ4Liy4LmE4Lib4LmE4Lin4LmJ4LiX4Li14LmI4LmD4LiU,,,W01hbnR1ZSBUYXJhXQpNZSBkYSBtdWNow61zaW1hIHZlcmfDvGVuemEuLi4gTm8gc8OpIGTDs25kZSBtZXRlcm1lLg==,W01hbnR1ZSBUYXJhXQpEYXMgaXN0IG1pciBzbyBwZWlubGljaC4uLiBpY2ggd2Vpw58gZ2FyIG5pY2h0LCB3b2hpbiBtaXQgbWlyLg==,W01hbnR1ZSBUYXJhXQpK4oCZYWkgdGVsbGVtZW50IGhvbnRlLi4uIEplIG5lIHNhaXMgcGx1cyBvw7kgbWUgbWV0dHJlLg==,W01hbnR1ZSBUYXJhXQpBa3UgbWFsdS4uLiBzYW1wYWkgdGlkYWsgdGFodSBoYXJ1cyBtZWxpaGF0IGtlIG1hbmEu,W01hbnRvZSBUYXJhXQrDh29rIHV0YW7EsXlvcnVtLi4uIE5lIHlhcGFjYcSfxLFtxLEgYmlsZW1peW9ydW0u
ZbGe,W+unjO2IrOyXkCDtg4DrnbxdCuydtOygnOuKlCDrsJjshLHtlojsirXri4jri6QuIOyghO2GteydhCDsp4DtgqTripQg6rKD64+EIOyii+yngOunjCDslZ7snLzroZwg64KY7JWE6rCA7JW866eMIO2VnOuLpOuKlCDqsoPsnYQg6rmo64us7JWY7Iq164uI64ukLg==,W01hbnRvZSBUYXJhXQpJJ3ZlIHJlZmxlY3RlZCBvbiBteSBhY3Rpb25zLiBLZWVwaW5nIHRyYWRpdGlvbiBpcyBmaW5lLCBidXQgd2UgbXVzdCBhbHNvIG1vdmUgZm9yd2FyZC4=,,W+abvOaJmMK35aGU5ouJXQrmiJHnjrDlnKjlt7Lnu4/lj43nnIHkuobjgILlrojmiqTkvKDnu5/lm7rnhLblvojlpb3vvIzkvYbmiJHkuZ/mmI7nmb3kuoblv4XpobvlkJHliY3ov4jov5vjgII=,,W01hbnRvZSBUYXJhXQrguJXguK3guJnguJnguLXguYnguILguYnguLLguYTguJTguYnguKrguLPguJnguLbguIHguYHguKXguYnguKcg4LmB4Lih4LmJ4LiB4Liy4Lij4Lij4Lix4LiB4Lip4Liy4LiY4Lij4Lij4Lih4LmA4LiZ4Li14Lii4Lih4LiI4Liw4Liq4Liz4LiE4Lix4LiNIOC5geC4leC5iOC4geC5h+C4leC5ieC4reC4h+C4geC5ieC4suC4p+C5hOC4m+C4guC5ieC4suC4h+C4q+C4meC5ieC4suC4lOC5ieC4p+C4og==,,,W01hbnR1ZSBUYXJhXQpIZSByZWNhcGFjaXRhZG8uIEhlIGNvbXByZW5kaWRvIHF1ZSwgYXVucXVlIHByZXNlcnZhciBsYSB0cmFkaWNpw7NuIGVzIGltcG9ydGFudGUsIHRhbWJpw6luIGhheSBxdWUgYXZhbnphci4=,W01hbnR1ZSBUYXJhXQpKZXR6dCBoYWJlIGljaCBlcyBlaW5nZXNlaGVuLiBUcmFkaXRpb24genUgYmV3YWhyZW4gaXN0IGd1dCwgYWJlciBpY2ggaGFiZSB2ZXJzdGFuZGVuLCBkYXNzIG1hbiB2b3JhbnNjaHJlaXRlbiBtdXNzLg==,W01hbnR1ZSBUYXJhXQpKZSBtZSBzdWlzIHJlcGVudGksIMOgIHByw6lzZW50LiBQcsOpc2VydmVyIGxhIHRyYWRpdGlvbiwgY+KAmWVzdCBiaWVuLCBtYWlzIGrigJlhaSBjb21wcmlzIHF14oCZaWwgZmF1dCBhdXNzaSBhbGxlciBkZSBs4oCZYXZhbnQu,W01hbnR1ZSBUYXJhXQpBa3Ugc3VkYWggbWVyZW51bmdrYW4gdGluZGFrYW5rdS4gTWVuamFnYSB0cmFkaXNpIGl0dSBiYWlrLCB0YXBpIGtpdGEganVnYSBoYXJ1cyBtYWp1Lg==,W01hbnRvZSBUYXJhXQpBcnTEsWsgcGnFn21hbiBvbGR1bS4gR2VsZW5lxJ9pIGtvcnVtYWsgZ8O8emVsIGFtYSwgaWxlcmxlbWVrIHpvcnVuZGEgb2xkdcSfdW11enUgYW5sYWTEsW0u
ZrGe,W+unjO2IrOyXkCDtg4DrnbxdCuuYkCDsmYDso7zsi63si5zsmKQsIOuqqO2XmOqwgOuLmC4g6re465WM64qUIOynhOynnCDrp5vsnojslrTshJwg7Iq57LKc7ZWgIOqygyDqsJnsnYAg66eM65GQ66W8IOuoueyXrOuTnOumrOyjoCE=,W01hbnRvZSBUYXJhXQpDb21lIGFnYWluLCBhZHZlbnR1cmVyLiBOZXh0IHRpbWUsIEnigJlsbCBzZXJ2ZSBkdW1wbGluZ3Mgc28gZGVsaWNpb3VzIHRoZXnigJlsbCBmZWVsIGxpa2UgdGhleSBhc2NlbmQgdG8gdGhlIGhlYXZlbnMh,,W+abvOaJmMK35aGU5ouJXQror7flho3mnaXlkKfvvIzlhpLpmanlrrbjgILliLDml7blgJnmiJHkvJrorqnkvaDlkIPliLDlpb3lkIPlvpfku7/kvZvopoHljYflpKnnmoTljIXlrZDvvIE=,,W01hbnRvZSBUYXJhXQrguYDguIrguLTguI3guYHguKfguLDguKHguLLguK3guLXguIHguJnguLAg4LiX4LmI4Liy4LiZ4LiZ4Lix4LiB4Lic4LiI4LiN4Lig4Lix4LiiIOC4hOC4o+C4suC4p+C4q+C4meC5ieC4siDguILguYnguLLguIjguLDguYPguKvguYnguJfguYjguLLguJnguYTguJTguYnguKXguLTguYnguKHguKPguKrguYDguIHguLXguYrguKLguKfguJfguLXguYjguK3guKPguYjguK3guKLguIjguJnguYHguJfguJrguKXguK3guKLguILguLbguYnguJnguKrguKfguKPguKPguITguYzguYDguKXguKLguJfguLXguYDguJTguLXguKLguKch,,,W01hbnR1ZSBUYXJhXQpWdWVsdmEgYSB2aXNpdGFybWUuIMKhRW50b25jZXMgbGUgZGFyw6kgdW5vcyBNYW5kdSB0YW4gZGVsaWNpb3NvcyBxdWUgc2VudGlyw6EgcXVlIGFzY2llbmRlIGFsIGNpZWxvIQ==,W01hbnR1ZSBUYXJhXQpLb21tdCB3aWVkZXIsIEFiZW50ZXVyZXIuIERhbm4gc2VydmllcmUgaWNoIEV1Y2ggTWFuZHUsIGRpZSBzbyBsZWNrZXIgc2luZCwgZGFzcyBJaHIgZ2xhdHQgaW4gZGVuIEhpbW1lbCBhdWZmYWhydCE=,W01hbnR1ZSBUYXJhXQpSZXZlbmV6IG1lIHZvaXIsIGF2ZW50dXJpZXIuIExhIHByb2NoYWluZSBmb2lzLCBqZSB2b3VzIHNlcnZpcmFpIGRlcyByYXZpb2xpcyBzaSBib25zIHF1ZSB2b3VzIGF1cmV6IGzigJlpbXByZXNzaW9uIGRlIHZvdXMgZW52b2xlciAh,W01hbnR1ZSBUYXJhXQpNYW1waXJsYWggbGFnaSwgQWR2ZW50dXJlci4gTGFpbiBrYWxpLCBha3UgYWthbiBzYWppa2FuIHBhbmdzaXQgeWFuZyBiZWdpdHUgbGV6YXQgc2FtcGFpIHNlcGVydGkgbmFpayBrZSBzdXJnYSE=,W01hbnRvZSBUYXJhXQpZaW5lIGdlbGluLCBtYWNlcmFjxLEuIE8gemFtYW4gc2l6ZSBnZXLDp2VrdGVuIGxlenpldGluZGVuIGfDtsSfZSDDp8Sxa2FjYWttxLHFnyBnaWJpIG1hbnTEsSB5ZWRpcmlyaW0h
Z7Ge,66eP7YOI656AIO2DgOudvA==,TWF0YWxsYW4gVGFyYQ==,,6ams5aGU5YWwwrfloZTmi4k=,,TWF0YWxsYW4gVGFyYQ==,,,TWF0YWxsYW4gVGFyYQ==,TWF0YWxsYW4gVGFyYQ==,TWF0YWxsYW4gVGFyYQ==,TWF0YWxsYW4gVGFyYQ==,TWF0YWxsYW4gVGFyYQ==
aLGe,W+unj+2DiOuegCDtg4DrnbxdCuyghOyEpOydmCDtlbTro6Hri5jsnbQg7KCV66eQIOyeiOycvOuptCDsoovqsqDqtazrgpguIO2VmOyngOunjCDsl4bslrTrj4Qg6rSc7LCu7JWELg==,W01hdGFsbGFuIFRhcmFdCkkgaG9wZSB0aGUgbGVnZW5kYXJ5IHNlYSBkcmFnb24gdHJ1bHkgZXhpc3RzLiBCdXQgaWYgbm90LCB0aGF04oCZcyBhbHJpZ2h0Lg==,,W+mprOWhlOWFsMK35aGU5ouJXQrnnJ/luIzmnJvkvKDor7TkuK3nmoTmtbfpvpnlpKfkurrnnJ/nmoTlrZjlnKjjgILkuI3ov4flsLHnrpfmsqHmnInkuZ/msqHlhbPns7vjgII=,,W01hdGFsbGFuIFRhcmFdCuC4luC5ieC4suC4l+C5iOC4suC4meC4oeC4seC4h+C4geC4o+C5g+C4meC4leC4s+C4meC4suC4meC4oeC4teC4reC4ouC4ueC5iOC4iOC4o+C4tOC4h+C4geC5h+C4hOC4h+C4lOC4teC5hOC4oeC5iOC4meC5ieC4reC4oiDguYHguJXguYjguJbguLbguIfguYTguKHguYjguKHguLXigKbguIHguYfguYTguKHguYjguYDguJvguYfguJnguYTguKPguKvguKPguK3guIE=,,,W01hdGFsbGFuIFRhcmFdCk9qYWzDoSBleGlzdGllcmEgZGUgdmVyZGFkIGVsIGxlZ2VuZGFyaW8gU2XDsW9yIERyYWfDs24gTWFyaW5vLiBQZXJvLCBhdW5xdWUgbm8gZXhpc3RhLCBubyBwYXNhIG5hZGEu,W01hdGFsbGFuIFRhcmFdCkljaCB3w7xuc2NodGUsIGVzIGfDpGJlIGRlbiBsZWdlbmTDpHJlbiBTZWVkcmFjaGVuIHdpcmtsaWNoLiBBYmVyIGF1Y2ggd2VubiBuaWNodCwgaXN0IGVzIGluIE9yZG51bmcu,W01hdGFsbGFuIFRhcmFdCkonYWltZXJhaXMgdGFudCBxdWUgbGUgbMOpZ2VuZGFpcmUgRHJhZ29uIGRlIE1lciBleGlzdGUgdnJhaW1lbnQuIE1haXMgbcOqbWUgcydpbCBuJ2V4aXN0ZSBwYXMsIGNlIG4nZXN0IHBhcyBncmF2ZS4=,W01hdGFsbGFuIFRhcmFdCkFuZGFpIHNhamEgTmFnYSBMYXV0IGl0dSBiZW5hci1iZW5hciBhZGEuIFRhcGkga2FsYXUgcHVuIHRpZGFrIGFkYSwgdGlkYWsgYXBhLWFwYS4=,W01hdGFsbGFuIFRhcmFdCkVmc2FuZXZpIGRlbml6IGVqZGVyaGFzxLEgZ2Vyw6dla3RlbiBvbHNhIG5lIGl5aSBvbHVyZHUuIEFtYSBvbG1hc2EgZGEgc29ydW4gZGXEn2lsLg==
abGe,W+y9lOuqqOu5hF0KLi4uLi4u6re4656Y7IScIOydtOufsCDsnbzsnbQg7J6I7JeI64u164uI64ukLg==,W0tvbW9iaV0KLi4uYW5kIHNvLCB0aGlzIGlzIHdoYXQgaGFwcGVuZWQu,,W+enkeiOq+avlF0KLi4uLi4u5omA5Lul5bCx5Y+R55Sf5LqG6L+Z5qC355qE5LqL44CC,,W0tvbW9iaV0K4oCm4LiB4LmH4LmA4Lil4Lii4LiB4Lil4Liy4Lii4LmA4Lib4LmH4LiZ4LmA4Lij4Li34LmI4Lit4LiH4LmB4Lia4Lia4LiZ4Li14LmJ4LiC4Li24LmJ4LiZ4Lih4Liy,,,W0tvbW9iaV0KLi4uLi4uWSBlc28gZnVlIGxvIHF1ZSBvY3VycmnDsy4=,W0tvbW9iaV0KLi4uLi4uVW5kIHNvIGlzdCBkYXMgYWxzbyBwYXNzaWVydC4=,W0tvbW9iaV0KLi4uLi4uRXQgYydlc3QgYWluc2kgcXVlIHRvdXQgY2VsYSBlc3QgYXJyaXbDqS4=,W0tvbW9iaV0KLi4uamFkaSwgYmVnaXR1bGFoIHlhbmcgdGVyamFkaS4=,W0tvbW9iaV0KLi4uLi4uxLDFn3RlIGLDtnlsZSBiaXIgxZ9leSBvbGR1Lg==
arGe,W+unj+2DiOuegCDtg4DrnbxdCuyWtOuouOuCmC4uLiDtlbTro6Eg7Yis66W07YyMIOuLmOq7mCDsnbjsoJXrsJvsnYAg66eM65GQ652864uILiDrp4ztiKzsl5DslbwsIO2VtOujoeuLmOydgCDqt7jrg6Ug7J207JW86riw656A64ukLg==,W01hdGFsbGFuIFRhcmFdCk9oIG15Li4uIGR1bXBsaW5ncyByZWNvZ25pemVkIGJ5IFR1cnBhIGhpbXNlbGY/IE1hbnR1ZSwgaXQncyBqdXN0IGEgc3Rvcnku,,W+mprOWhlOWFsMK35aGU5ouJXQrlk47lkYAuLi7nq5/nhLbmmK/ooqvmtbfpvpnlm77lsJTluJXlpKfkurrorqTlj6/nmoTljIXlrZDjgILmm7zlm77ln4PllYrvvIzmtbfpvpnlpKfkurrlj6rmmK/kuKrmlYXkuovnvaLkuobjgII=,,W01hdGFsbGFuIFRhcmFdCuC5guC4reC5ieC5guC4ri4uLiDguYDguIHguLXguYrguKLguKfguJfguLXguYjguYTguJTguYnguKPguLHguJrguIHguLLguKPguKLguK3guKHguKPguLHguJrguIjguLLguIHguJfguYjguLLguJnguKHguLHguIfguIHguKPguIfguLHguYnguJnguKPguLYgTWFudHVlIOC5gOC4reC5i+C4oiDguYDguKPguLfguYjguK3guIfguILguK3guIfguKHguLHguIfguIHguKPguJfguLDguYDguKXguJnguLHguYjguJnguIHguYfguYHguITguYjguJnguLTguJfguLLguJnguYDguJfguYjguLLguJnguLHguYnguJk=,,,W01hdGFsbGFuIFRhcmFdClZheWEuLi4gwr9Vbm9zIE1hbmR1IHJlY29ub2NpZG9zIHBvciBlbCBzZcOxb3IgVHVycGEsIGVsIERyYWfDs24gTWFyaW5vPyBNYW50dWUsIGVsIERyYWfDs24gTWFyaW5vIHNvbG8gZXMgdW5hIGxleWVuZGEu,W01hdGFsbGFuIFRhcmFdCkFjaCBkdSBtZWluZSBHw7x0ZSAuLi4gTWFuZHUsIGRpZSB2b20gU2VlZHJhY2hlbiBUdXJwYSBhbmVya2FubnQgd3VyZGVuLiBNYW50dWUsIGRlciBTZWVkcmFjaGUgaXN0IG51ciBlaW5lIEdlc2NoaWNodGUu,W01hdGFsbGFuIFRhcmFdCk9oIGzDoCBsw6AuLi4gRGVzIHJhdmlvbGlzIMKrIHJlY29ubnVzIMK7IHBhciBUdXJwYSwgbGUgRHJhZ29uIGRlIE1lciA/IE1hbnR1ZSwgbGUgRHJhZ29uIGRlIE1lciBu4oCZZXN0IHF14oCZdW5lIGzDqWdlbmRlLg==,W01hdGFsbGFuIFRhcmFdCllhIGFtcHVuLi4uIFBhbmdzaXQgeWFuZyBkaWFrdWkgb2xlaCBOYWdhIExhdXQgVHVycGE/IE1hbnR1ZSwgTmFnYSBMYXV0IGl0dSBoYW55YSBkb25nZW5nLg==,W01hdGFsbGFuIFRhcmFdCkFtYW4uLi4gRGVuaXogRWpkZXJpIFR1cnBhIEVmZW5kaSB0YXJhZsSxbmRhbiBrYWJ1bCBnw7ZybcO8xZ8gYmlyIG1hbnR1IGRlbWVrLiBNYW50dWUsIERlbml6IEVqZGVyaSBFZmVuZGkgc2FkZWNlIGJpciBoaWvDonllZGlyLg==
a7Ge,66eM7Yis7JeQIDog7ZWYLCDtlaDrqLjri4ghIO2VtOujoeuLmOydgCDsnojri6Tqs6Ag7ZWY7IWo7J6W7JWE7JqUIQ==,TWFudHVlIEdyLWdyYW5kbWEhIFlvdSBzYWlkIFR1cnBhIHJlYWxseSBleGlzdHMh,,5pu85Zu+5Z+DOiDlk4jvvIzlpbblpbbvvIHkvaDkuI3mmK/or7TmtbfpvpnlpKfkurrlrZjlnKjlkJfvvIE=,,TWFudHVlIDog4LiX4LmI4Liy4LiZ4Lii4LmI4LiyISDguIHguYfguJfguYjguLLguJnguYDguITguKLguJrguK3guIHguKfguYjguLLguKHguLXguK3guKLguLnguYjguIjguKPguLTguIfguYTguKHguYjguYPguIrguYjguKvguKPguLfguK0h,,,TWFudHVlOiDCoUEtQWJ1ZWxhISDCoURpamlzdGUgcXVlIGVsIERyYWfDs24gTWFyaW5vIGV4aXN0w61hIQ==,TWFudHVlIDogRy1Hcm/Dn211dHRlciEgRHUgaGFzdCBkb2NoIGdlc2FndCwgZXMgZ2lidCBkZW4gU2VlZHJhY2hlbiE=,TWFudHVlIDogTSwgbWFtaWUhIFZvdXMgYXZpZXogZGl0IHF1ZSBsZSBEcmFnb24gZGUgTWVyIGV4aXN0ZSE=,TWFudHVlIDogTi1uZW5layEgTmVuZWsgYmlsYW5nIE5hZ2EgTGF1dCBpdHUgYWRhIQ==,TWFudHVlIDogQiwgYsO8ecO8a2FubmUhIERlbml6IEVqZGVyaSBFZmVuZGkgdmFyIGRlbWnFn3Rpbml6IHlhIQ==
bLGe,66eP7YOI656AIDog6re47JW8IOyeiOuLpOqzoCDtlojsp4AuIOq3uOuVjCDrhIjripQg64uk7ISvIOyCtOydtOyXiOyeluuLiC4=,TWF0YWxsYW4gVGFyYSBPZiBjb3Vyc2UgaGUgZG9lcy4gWW91IHdlcmUgb25seSBmaXZlIGJhY2sgdGhlbi4=,,6ams5aGU5YWwOiDmmK/llYrvvIzmiJHmmK/or7Tov4fmnInjgILpgqPml7blgJnkvaDmiY3kupTlsoHlkaLjgII=,,TWF0YWxsYW4gOiDguILguYnguLLguIHguYfguJrguK3guIHguKfguYjguLLguKHguLXguKrguLQg4LiV4Lit4LiZ4LiZ4Lix4LmJ4LiZ4LmA4LiI4LmJ4Liy4Lii4Lix4LiH4Lit4Liy4Lii4Li44Lir4LmJ4Liy4LiC4Lin4Lia4Lit4Lii4Li54LmI4LmA4Lil4Lii4LmE4Lih4LmI4LmD4LiK4LmI4Lir4Lij4Li34Lit,,,TWF0YWxsYW46IENsYXJvIHF1ZSBkaWplIHF1ZSBleGlzdMOtYS4gVGVuw61hcyBjaW5jbyBhw7FvcyBlbnRvbmNlcy4=,TWF0YWxsYW4gOiBOYXTDvHJsaWNoIGhhYmUgaWNoIGRhcy4gRGFtYWxzIHdhcnN0IGR1IGRvY2ggZsO8bmYu,TWF0YWxsYW4gOiBCaWVuIHPDu3IgcXVlIGrigJlhaSBkaXQgw6dhLiDDgCBs4oCZw6lwb3F1ZSwgdHUgYXZhaXMgY2lucSBhbnMu,TWF0YWxsYW4gOiBUZW50dSBzYWphLiBXYWt0dSBpdHUgdW11cm11IG1hc2loIGxpbWEgdGFodW4u,TWF0YWxsYW4gOiBFbGJldHRlIHZhciBkZW1pxZ90aW0uIE8gemFtYW4gc2VuIGJlxZ8geWHFn8SxbmRheWTEsW4geWEu
bbGe,W+q1reuLqOyngF0K6re4656YLiDqt7gg6rWt7IiY64qULi4uIOq3uOumrOqzoCDrp4zrkZDrj4QuIOyasOumrOqwgCDslYTsp4Eg6rKw7Zi87ZWY6riwIOyghOyXkCDtlITroaDthYzrnbzsnZgg7JqU66as7LGF7J2EIOuztOqzoCDrp4zrk6TslrQg64K4IOyalOumrOyVvC4=,W0d1ayBEYW5qaV0KWWVzLiBUaGF0IG5vb2RsZS4uLiBhbmQgdGhlIGR1bXBsaW5ncyB0b28uIFdlIGNyZWF0ZWQgdGhlIGRpc2hlcyBieSBmb2xsb3dpbmcgYSBjb29rYm9vayBmcm9tIFByb250ZXJhIGJlZm9yZSB3ZSBldmVuIGdvdCBtYXJyaWVkLg==,,W+meoOS4ueiKnV0K5piv5ZWK44CC6YKj56KX6Z2iLi4u6L+Y5pyJ5YyF5a2Q5Lmf5piv44CC6YKj5piv5oiR5Lus6L+Y5rKh57uT5ama5LmL5YmN77yM55yL5LqG5pmu6ZqG5b635ouJ55qE6aOf6LCx5YGa5Ye65p2l55qE5paZ55CG44CC,,W0d1ayBEYW5qaV0K4LmD4LiK4LmI4LmB4Lil4LmJ4LinIOC4muC4sOC4q+C4oeC4teC5iOC4meC4seC5iOC4meKApiDguYHguKXguYnguKfguIHguYfguYDguIHguLXguYrguKLguKfguJTguYnguKfguKIg4Lie4Lin4LiB4LiC4LmJ4Liy4LiX4Liz4LiI4Liy4LiB4LiV4Liz4Lij4Liy4Lit4Liy4Lir4Liy4Lij4LiC4Lit4LiHIFByb250ZXJhIOC4oeC4suC4leC4seC5ieC4h+C5geC4leC5iOC4quC4oeC4seC4ouC4geC5iOC4reC4meC5geC4leC5iOC4h+C4h+C4suC4meC5guC4meC5iOC4meC5geC4q+C4meC5iOC4sA==,,,W0d1ayBEYW5qaV0KU8OtLiBFc29zIGZpZGVvcy4uLiB5IHRhbWJpw6luIGVsIE1hbmR1LiBTb24gcGxhdG9zIHF1ZSBjcmVhbW9zIGFudGVzIGRlIGNhc2Fybm9zLCBzaWd1aWVuZG8gdW4gbGlicm8gZGUgY29jaW5hIGRlIFByb250ZXJhLg==,W0d1ayBEYW5qaV0KSmEuIERpZXNlIE51ZGVsbiAuLi4gdW5kIGF1Y2ggZGllIE1hbmR1LiBEYXMgc2luZCBHZXJpY2h0ZSwgZGllIHdpciBub2NoIHZvciB1bnNlcmVyIEhvY2h6ZWl0IG5hY2ggZWluZW0gS29jaGJ1Y2ggYXVzIFByb250ZXJhIGdlbWFjaHQgaGFiZW4u,W0d1ayBEYW5qaV0KT3VpLiBDZXMgbm91aWxsZXMuLi4gZXQgbGVzIHJhdmlvbGlzIGF1c3NpLiBDJ2VzdCB1biBwbGF0IHF1ZSBub3VzIGF2b25zIGludmVudMOpIGVuIHJlZ2FyZGFudCB1biBsaXZyZSBkZSBjdWlzaW5lIGRlIFByb250ZXJhLCBhdmFudCBxdWUgbm91cyBub3VzIG1hcmlpb25zLg==,W0d1ayBEYW5qaV0KQmVuYXIuIE1pIGl0dS4uLiBkYW4gcGFuZ3NpdG55YSBqdWdhLiBJdHUgbWFzYWthbiB5YW5nIGthbWkgYnVhdCBkZW5nYW4gbWVuZ2lrdXRpIGJ1a3UgbWFzYWsgZGFyaSBQcm9udGVyYSBzZWJlbHVtIG1lbmlrYWgu,W0d1ayBEYW5qaV0KRXZldC4gTyBlcmnFn3RlLi4uIHZlIG1hbnR1IGRhLiBCaXogZGFoYSBldmxlbm1lZGVuIMO2bmNlIFByb250ZXJhIHllbWVrIGtpdGFixLFuYSBiYWvEsXAgb3J0YXlhIMOnxLFrYXJkxLHEn8SxbcSxeiBiaXIgeWVtZWt0aXIu
brGe,W+unj+2DiOuegCDtg4DrnbxdCuq3uOumrOqzoCDtiKzrpbTtjIwg64uYIOyghOyEpOydgC4uLiDtlZjsnbTrhKQg6rCA7J2YIOyWtOumsCDrj4TroKjri5jsnbQg66eM65Ok7Ja0IOyjvOqzoCDqsIDsi6Ag6rGw7J6W64uILg==,W01hdGFsbGFuIFRhcmFdCkFuZCB0aGUgVHVycGEgbGVnZW5kLi4uIHdhcyBzb21ldGhpbmcgdGhlIHlvdW5nIG1hc3RlciBvZiB0aGUgSGVpbmUgZmFtaWx5IHByZXBhcmVkIGFuZCBsZWZ0IGZvciB1cy4=,,W+mprOWhlOWFsMK35aGU5ouJXQrov5jmnInlm77lsJTluJXlpKfkurrnmoTkvKDor7QuLi7kuI3kuZ/mmK/mtbfmtoXlrrbnmoTlsI/lsJHniLfnvJblh7rmnaXlkI7nlZnkuIvnmoTlkJfjgII=,,W01hdGFsbGFuIFRhcmFdCuC5geC4peC5ieC4p+C4leC4s+C4meC4suC4meC4guC4reC4h+C4oeC4seC4h+C4geC4o+C4meC4seC5iOC4meKApiDguIHguYfguYDguJvguYfguJnguYDguKPguLfguYjguK3guIfguJfguLXguYjguITguLjguJPguKvguJnguLnguJXguKPguLDguIHguLnguKUgSGVpbmUg4LmB4LiV4LmI4LiH4LiC4Li24LmJ4LiZ4Lih4Liy4LmA4Lit4LiH4LmE4Lih4LmI4LmD4LiK4LmI4Lir4Lij4Li34Lit,,,W01hdGFsbGFuIFRhcmFdClkgbGEgbGV5ZW5kYSBkZWwgc2XDsW9yIFR1cnBhLi4uIGxhIGludmVudMOzIGVsIGpvdmVuIHNlw7Fvcml0byBkZSBsYSBmYW1pbGlhIEhlaW5lLCDCv25vIGVzIGFzw60/,W01hdGFsbGFuIFRhcmFdClVuZCBkaWUgTGVnZW5kZSB2b24gVHVycGEuLi4gZGllIGhhdCBkb2NoIGRlciBqdW5nZSBIZXJyIGF1cyBkZW0gSGF1c2UgSGVpbmUgZsO8ciB1bnMgZXJmdW5kZW4gdW5kIGRhZ2VsYXNzZW4sIG5pY2h0IHdhaHI/,W01hdGFsbGFuIFRhcmFdCkV0IGxhIGzDqWdlbmRlIGRlIFR1cnBhLi4uIGMnZXN0IGxlIGpldW5lIG1hw650cmUgZGUgbGEgZmFtaWxsZSBIZWluZSBxdWkgbCdhIGludmVudMOpZSBldCBub3VzIGwnYSBsYWlzc8OpZSwgbidlc3QtY2UgcGFzPw==,W01hdGFsbGFuIFRhcmFdCkRhbiBsZWdlbmRhIFR1cnBhIGl0dS4uLiBkaWJ1YXQgZGFuIGRpd2FyaXNrYW4gb2xlaCB0dWFuIG11ZGEgZGFyaSBLZWx1YXJnYSBIZWluZS4=,W01hdGFsbGFuIFRhcmFdClZlIFR1cnBhIEVmZW5kaSBlZnNhbmVzaSBkZS4uLiBIYWluZSBhaWxlc2luaW4ga8O8w6fDvGsgZ2Vuw6cgZWZlbmRpc2kgdXlkdXJ1cCBixLFyYWvEsXAgZ2l0bWnFn3RpIHlhLg==
b7Ge,66eM64uk66awIDog7JelPyDsp4Tsp5wg7KCE7ISk7J20IOyVhOuLiOyXkOyalD8=,TWFuZGFyaW4gSHVoPyBUaGUgbGVnZW5kIGlzbuKAmXQgcmVhbD8=,,5pu86L6+5p6XOiDor7bvvJ/kuI3mmK/nnJ/mraPnmoTkvKDor7TlkJfvvJ8=,,TWFuZGFyaW4gOiDguYDguK3guYrguLA/IOC4leC4s+C4meC4suC4meC4meC4seC5iOC4meC5hOC4oeC5iOC5g+C4iuC5iOC5gOC4o+C4t+C5iOC4reC4h+C4iOC4o+C4tOC4h+C4q+C4o+C4reC4geC4q+C4o+C4t+C4rT8=,,,TWFuZGFyaW46IMK/RWg/IMK/Tm8gZXJhIHVuYSBsZXllbmRhIGRlIHZlcmRhZD8=,TWFuZGFyaW4gOiBIw6Q/IElzdCBkYXMgd2lya2xpY2gga2VpbmUgTGVnZW5kZT8=,TWFuZGFyaW4gOiBIZWluPyBDZSBuJ2VzdCBwYXMgdW5lIHZyYWllIGzDqWdlbmRlPw==,TWFuZGFyaW4gOiBIYWg/IEl0dSBidWthbiBsZWdlbmRhIHN1bmdndWhhbj8=,TWFuZGFyaW4gOiBIYT8gR2Vyw6dlayBiaXIgZWZzYW5lIGRlxJ9pbCBtaT8=
cLGe,7Jyg7Jqw7KeAIDog7IS47IOB7JeQLCDsoITtmIAg66qw656Q7Ja0Lg==,WXV1amkgV293LCBJIGhhZCBubyBpZGVhLg==,,5LyY5Y+4OiDlpKnlk6rvvIzmiJHlrozlhajkuI3nn6XpgZPjgII=,,WXV1amkgOiDguYLguK3guYnguJ7guKPguLDguYDguIjguYnguLIg4LiC4LmJ4Liy4LmE4Lih4LmI4Lij4Li54LmJ4Lih4Liy4LiB4LmI4Lit4LiZ4LmA4Lil4Lii,,,WXV1Smk6IE1hZHJlIG3DrWEsIG5vIHRlbsOtYSBuaSBpZGVhLg==,WXV1amkgOiBNZWluIEdvdHQsIGRhcyB3dXNzdGUgaWNoIMO8YmVyaGF1cHQgbmljaHQu,WXV1amkgOiBNb24gRGlldSwgamUgbmUgbGUgc2F2YWlzIHBhcyBkdSB0b3V0Lg==,WXV1amkgOiBXYWgsIGFrdSBzYW1hIHNla2FsaSB0aWRhayB0YWh1Lg==,WXV1amkgOiBBbWFuIFRhbnLEsW0sIGhpw6cgYmlsbWl5b3JkdW0u
cbGe,66eM7Yis7JeQIDog6re46rKMIOynhOynnOyYiOyalCwg7ZWg66i464uIPyE=,TWFudHVlIElzIHRoYXQgdHJ1ZSwgR3JhbmRtYT8h,,5pu85Zu+5Z+DOiDpgqPmmK/nnJ/nmoTlkJfvvIzlpbblpbbvvJ/vvIE=,,TWFudHVlIDog4LmA4Lij4Li34LmI4Lit4LiH4LiI4Lij4Li04LiH4Lir4Lij4Li34LitIOC4l+C5iOC4suC4meC4ouC5iOC4sj8h,,,TWFudHVlOiDCocK/RXMgdmVyZGFkLCBBYnVlbGE/IQ==,TWFudHVlIDogSXN0IGRhcyB3aXJrbGljaCB3YWhyLCBHcm/Dn211dHRlcj8h,TWFudHVlIDogQydlc3QgdnJhaSwgbWFtaWU/IQ==,TWFudHVlIDogQXBhIGl0dSBiZW5hciwgTmVuZWs/IQ==,TWFudHVlIDogQnUgZ2Vyw6dlayBtaSwgYsO8ecO8a2FubmU/IQ==
crGe,W+unj+2DiOuegCDtg4DrnbxdCi4uLi4uLuyVhOustOuPhCDrqrDrnpDrjZgg6rKM7JW8Pw==,W01hdGFsbGFuIFRhcmFdCi4uLlNvIG5vYm9keSBrbmV3IGFib3V0IGl0Pw==,,W+mprOWhlOWFsMK35aGU5ouJXQouLi4uLi7ljp/mnaXosIHpg73kuI3nn6XpgZPlkJfvvJ8=,,W01hdGFsbGFuIFRhcmFdCuKApuC5hOC4oeC5iOC4oeC4teC5g+C4hOC4o+C4o+C4ueC5ieC5gOC4peC4ouC4q+C4o+C4t+C4reC5gOC4meC4teC5iOC4oj8=,,,W01hdGFsbGFuIFRhcmFdCi4uLi4uLsK/TmFkaWUgbG8gc2Fiw61hPw==,W01hdGFsbGFuIFRhcmFdCi4uLi4uLld1c3N0ZSBkYXMgd2lya2xpY2ggbmllbWFuZD8=,W01hdGFsbGFuIFRhcmFdCi4uLi4uLlBlcnNvbm5lIG5lIGxlIHNhdmFpdD8=,W01hdGFsbGFuIFRhcmFdCi4uLkphZGksIHRpZGFrIGFkYSB5YW5nIHRhaHU/,W01hdGFsbGFuIFRhcmFdCi4uLi4uLktpbXNlIGJpbG1peW9yIG11eWR1Pw==
c7Ge,W+q1reuLqOyngF0K64KY656RIOyXrOq4sCDrp4/tg4jrnoDsnbQg7Ja066C47J2EIOuVjOyYgOuLqOuLpC4g6re465WM64qUIOy9lOuqqOuPhOuPhCDtm6jslKwg7J6R7J2AIOuniOydhOydtOyXiOqzoCwg6rSA6rSR7KeA65286rOg64qUIO2VmOyngOunjCDqtIDqtJHqsJ3rs7Tri6TripQg7Ja067aA7JmAIO2VtOuFgOqwgCDrjZQg66eO7JWY7KeALg==,W0d1ayBEYW5qaV0KSXQgd2FzIHdoZW4gTWF0YWxsYW4gYW5kIEkgd2VyZSB5b3VuZy4gQmFjayB0aGVuLCBDb21vZG8gd2FzIGEgbXVjaCBzbWFsbGVyIHZpbGxhZ2UsIGFuZCB0aG91Z2ggaXQgd2FzIGEgdG91cmlzdCBzcG90LCB0aGVyZSB3ZXJlIG1vcmUgZmlzaGVybWVuIGFuZCBoYWVueWVvIHRoYW4gVG91cmlzdC4=,,W+meoOS4ueiKnV0K6YKj5piv5oiR5ZKM6L+Z6YeM55qE6ams5aGU5YWw6L+Y5bCP55qE5pe25YCZ44CC6YKj5pe25YWL6a2U5bKb6L+Y5piv5Liq5bCP5b6X5aSa55qE5p2R5a2Q77yM6Jm96K+05piv5peF5ri45Zyw77yM5L2G5q+U6LW35ri45a6i77yM5riU5aSr5ZKM5rW35aWz5pu05aSa44CC,,W0d1ayBEYW5qaV0K4LiV4Lit4LiZ4LiX4Li14LmI4LiC4LmJ4Liy4LiB4Lix4LiaIE1hdGFsbGFuIOC4ouC4seC4h+C5gOC4lOC5h+C4gSBDb21vZG8g4Lii4Lix4LiH4LmA4Lib4LmH4LiZ4Lir4Lih4Li54LmI4Lia4LmJ4Liy4LiZ4LmA4Lil4LmH4LiBIOC5hiDguYHguKHguYnguIjguLDguYDguJvguYfguJnguYHguKvguKXguYjguIfguJfguYjguK3guIfguYDguJfguLXguYjguKLguKcg4LmB4LiV4LmI4LiB4LmH4Lih4Li14LiK4Liy4Lin4Lib4Lij4Liw4Lih4LiH4LiB4Lix4Lia4LiZ4Lix4LiB4LiU4Liz4LiZ4LmJ4Liz4Lih4Liy4LiB4LiB4Lin4LmI4Liy4LiZ4Lix4LiB4LiX4LmI4Lit4LiH4LmA4LiX4Li14LmI4Lii4Lin4LmA4Liq4Li14Lii4Lit4Li14LiB,,,W0d1ayBEYW5qaV0KRnVlIGN1YW5kbyBNYXRhbGxhbiB5IHlvIMOpcmFtb3MgasOzdmVuZXMuIFBvciBhcXVlbCBlbnRvbmNlcywgQ29tb2RvIGVyYSB1biBwdWVibG8gbXVjaG8gbcOhcyBwZXF1ZcOxbyB5LCBhdW5xdWUgZXJhIHVuIGRlc3Rpbm8gdHVyw61zdGljbywgaGFiw61hIG3DoXMgcGVzY2Fkb3JlcyB5IGJ1Y2VhZG9yYXMgcXVlIHR1cmlzdGFzLg==,W0d1ayBEYW5qaV0KRGFzIHdhciwgYWxzIE1hdGFsbGFuIHVuZCBpY2ggbm9jaCBqdW5nIHdhcmVuLiBEYW1hbHMgd2FyIENvbW9kbyBub2NoIGVpbiB2aWVsIGtsZWluZXJlcyBEb3JmLCB1bmQgb2J3b2hsIGVzIHNjaG9uIGFscyBUb3VyaXN0ZW56aWVsIGdhbHQsIGdhYiBlcyBkb3J0IG1laHIgRmlzY2hlciB1bmQgSGFlbnllbyBhbHMgVG91cmlzdGVuLg==,W0d1ayBEYW5qaV0KQ+KAmcOpdGFpdCBxdWFuZCBNYXRhbGxhbiBldCBtb2kgw6l0aW9ucyBqZXVuZXMuIMOAIGzigJnDqXBvcXVlLCBDb21vZG8gw6l0YWl0IHVuIHZpbGxhZ2UgYmllbiBwbHVzIHBldGl0IGV0LCBtw6ptZSBzaSBj4oCZw6l0YWl0IGTDqWrDoCB1biBsaWV1IHRvdXJpc3RpcXVlLCBpbCB5IGF2YWl0IHBsdXMgZGUgcMOqY2hldXJzIGV0IGRlIHBsb25nZXVzZXMgcXVlIGRlIFRvdXJpc3RlLg==,W0d1ayBEYW5qaV0KV2FrdHUgaXR1LCBNYXRhbGxhbiBkYW4gYWt1IG1hc2loIG11ZGEuIFNhYXQgaXR1LCBDb21vZG8gbWFzaWggZGVzYSBrZWNpbCwgZGFuIG1lc2tpIHN1ZGFoIG1lbmphZGkgdGVtcGF0IHdpc2F0YSwganVtbGFoIG5lbGF5YW4gZGFuIHBlbnllbGFtIGxlYmloIGJhbnlhayBkYXJpcGFkYSB0dXJpcy4=,W0d1ayBEYW5qaV0KQmVuaW1sZSBidXJhZGFraSBNYXRhbGxhbiBnZW7Dp2tlbiBvbG11xZ90dS4gTyB6YW1hbmxhciBDb21vZG8gZGEgw6dvayBkYWhhIGvDvMOnw7xrIGJpciBrw7Z5ZMO8IHZlIHR1cmlzdGlrIHllciBkZW5pcmRpIGFtYSBUdXJpc3R0YW4gw6dvayBiYWzEsWvDp8SxIHZlIGRhbGfEscOnIGthZMSxbiB2YXJkxLEu
dLGe,W+q1reuLqOyngF0K6re465WMIOy9lOuqqOuPhOyXkCDsi5zssLAg64KY7Jik7IWo642YIOq8rOuniCDrj4TroKjri5jsnbQuLi4g64KY64+EIOq4sOyWteydtCDqsIDrrLzqsIDrrLztlbTsoLjshJzsnbjsp4Ag7ISx7ZWo7J20IOyemCDquLDslrXsnbQg7JWIIOuCmOuEpC4g7ZWY7J2064SkIOqwgCDrj4TroKjri5jsnbQg66eQ7J2064ukLiDtlbTro6Eg7J207JW86riw66W8IO2VtCDso7zshajri6jri6Qu,W0d1ayBEYW5qaV0KVGhlIGxpdHRsZSBtYXN0ZXIgd2hvIGNhbWUgdG8gaW5zcGVjdCBDb21vZG8uLi4gSSBiYXJlbHkgcmVtZW1iZXIgdGhlIG5hbWUgbm93LiBJdCB3YXMgdGhlIHlvdW5nIG1hc3RlciBvZiB0aGUgSGVpbmUgZmFtaWx5LiBIZSB0b2xkIHVzIHRoZSBzdG9yeSBhYm91dCB0aGUgc2VhIGRyYWdvbi4=,,W+meoOS4ueiKnV0K6YKj5pe25YCZ5p2l5YWL6a2U5bKb6KeG5a+f55qE5bCP5bCR54i34oCm4oCm5oiR5Lmf6K6w5LiN5aSq5riF5LqG77yM5ZCN5a2X6YO95oOz5LiN6LW35p2l5LqG44CC5bCx5piv5rW35raF5a6255qE5bCR54i344CC5LuW6L+Y57uZ5oiR5Lus6K6y5LqG5rW36b6Z55qE5pWF5LqL44CC,,W0d1ayBEYW5qaV0K4LiV4Lit4LiZ4LiZ4Lix4LmJ4LiZ4Lih4Li14LiE4Li44LiT4Lir4LiZ4Li54LiV4Lix4Lin4LiZ4LmJ4Lit4Lii4Lih4Liy4LiU4Li54LiH4Liy4LiZ4LiX4Li14LmIIENvbW9kb+KApiDguILguYnguLLguIHguYfguYDguKPguLTguYjguKHguIjguLPguIrguLfguYjguK3guYTguKHguYjguITguYjguK3guKLguYTguJTguYnguYHguKXguYnguKcg4LmB4LiV4LmI4LmA4Lib4LmH4LiZ4LiE4Li44LiT4Lir4LiZ4Li54LiV4Lij4Liw4LiB4Li54LilIEhlaW5lIOC5gOC4guC4suC5gOC4peC5iOC4suC5gOC4o+C4t+C5iOC4reC4h+C4oeC4seC4h+C4geC4o+C4l+C4sOC5gOC4peC5g+C4q+C5ieC4n+C4seC4hw==,,,W0d1ayBEYW5qaV0KRWwgcGVxdWXDsW8gc2XDsW9yaXRvIHF1ZSB2aW5vIGEgaW5zcGVjY2lvbmFyIENvbW9kbyBlbnRvbmNlcy4uLiBTZXLDoSBxdWUgbWkgbWVtb3JpYSB5YSBmYWxsYSwgcGVybyBubyByZWN1ZXJkbyBiaWVuIHN1IG5vbWJyZS4gRXJhIGVsIGpvdmVuIHNlw7Fvcml0byBkZSBsYSBmYW1pbGlhIEhlaW5lLiBOb3MgY29udMOzIGxhIGhpc3RvcmlhIGRlbCBEcmFnw7NuIE1hcmluby4=,W0d1ayBEYW5qaV0KRGFtYWxzIGthbSBlaW4ga2xlaW5lciBqdW5nZXIgSGVyciB6dXIgSW5zcGVrdGlvbiBuYWNoIENvbW9kbyAuLi4gTWVpbmUgRXJpbm5lcnVuZyBpc3Qgd29obCBhdWNoIG5pY2h0IG1laHIgZGllIGJlc3RlLCBzZWluZW4gTmFtZW4gd2Vpw58gaWNoIG5pY2h0IG1laHIgZ2VuYXUuIEplZGVuZmFsbHMgd2FyIGVzIGVpbiBqdW5nZXIgSGVyciBhdXMgZGVtIEhhdXNlIEhlaW5lLiBFciBoYXQgdW5zIGRpZSBHZXNjaGljaHRlIHZvbSBTZWVkcmFjaGVuIGVyesOkaGx0Lg==,W0d1ayBEYW5qaV0KTGUgcGV0aXQgamV1bmUgbWHDrnRyZSBxdWkgw6l0YWl0IHZlbnUgaW5zcGVjdGVyIENvbW9kbyDDoCBsJ8OpcG9xdWUuLi4gTWEgbcOpbW9pcmUgc2UgZmFpdCB2YWd1ZSwgYWxvcnMgamUgbmUgbWUgc291dmllbnMgcGx1cyB0csOocyBiaWVuIGRlIHNvbiBub20uIEMnw6l0YWl0IGxlIGpldW5lIG1hw650cmUgZGUgbGEgZmFtaWxsZSBIZWluZS4gSWwgbm91cyBhdmFpdCBwYXJsw6kgZHUgU2VpZ25ldXIgRHJhZ29uIGRlcyBNZXJzLg==,W0d1ayBEYW5qaV0KVHVhbiBtdWRhIHlhbmcgZGF0YW5nIG1lbmd1bmp1bmdpIENvbW9kby4uLiBha3UgaGFtcGlyIGx1cGEgbmFtYW55YS4gRGlhIHR1YW4gbXVkYSBkYXJpIEtlbHVhcmdhIEhlaW5lLiBEaWEgYmVyY2VyaXRhIHRlbnRhbmcgTmFnYSBMYXV0Lg==,W0d1ayBEYW5qaV0KTyB6YW1hbiBDb21vZG95YSB0ZWZ0acWfZSBnZWxlbiBrw7zDp8O8ayBnZW7DpyBlZmVuZGkuLi4gQmVuaW0gZGUgaGFmxLF6YW0gYnVsYW7EsWtsYcWfdMSxIGdhbGliYSwgYWTEsW7EsSBwZWsgaGF0xLFybGF5YW3EsXlvcnVtLiBIYWluZSBhaWxlc2luaW4gZ2Vuw6cgZWZlbmRpc2kgacWfdGUuIERlbml6IEVqZGVyaSBoaWvDonllc2luaSBhbmxhdG3EscWfdMSxLg==
dbGe,W+unj+2DiOuegCDtg4DrnbxdCuyasOumrOuKlCDqt7jqsowg7KeE7Kec7J24IOykhCDslYzqs6Ag7Jqw66asIOuniOydhOydtCDqt7jroIfqsowg7IK06riwIOyii+ydgCDqs7PsnbTrnbzripQg7IKs7Iuk7JeQIOq4sOu7kO2WiOuKlOuNsCwg6riA7I6EIOq3uOqyjCDrj4TroKjri5jsnbQg6r6466mw64K4IOydtOyVvOq4sOudvOyLnOyngCDslYrrjZTrg5Au,W01hdGFsbGFuIFRhcmFdCldlIHRob3VnaHQgaXQgd2FzIHRydWUgYW5kIHdlcmUgaGFwcHkgdGhhdCBvdXIgdmlsbGFnZSB3YXMgc3VjaCBhIGdyZWF0IHBsYWNlIHRvIGxpdmUsIGJ1dCBpdCB0dXJucyBvdXQgdGhlIHlvdW5nIG1hc3RlciBoYWQgbWFkZSB1cCB0aGUgc3Rvcnku,,W+mprOWhlOWFsMK35aGU5ouJXQrmiJHku6zov5jku6XkuLrpgqPmmK/nnJ/nmoTvvIzkuLrmiJHku6znmoTmnZHlrZDmmK/kuKrov5nkuYjlrpzlsYXnmoTlnLDmlrnogIzpq5jlhbTvvIzosIHnn6XpgZPpgqPnq5/nhLbmmK/lsJHniLfnvJblh7rmnaXnmoTmlYXkuovjgII=,,W01hdGFsbGFuIFRhcmFdCuC4nuC4p+C4geC4guC5ieC4suC4meC4tuC4geC4p+C5iOC4suC5gOC4m+C5h+C4meC5gOC4o+C4t+C5iOC4reC4h+C4iOC4o+C4tOC4hyDguJTguLXguYPguIjguYDguKrguLXguKLguK3guLXguIHguJfguLXguYjguKvguKHguLnguYjguJrguYnguLLguJnguILguK3guIfguYDguKPguLLguJnguYjguLLguK3guKLguLnguYjguJbguLbguIfguILguLHguYnguJnguJnguLHguYnguJkg4LmB4LiV4LmI4LmB4LiX4LmJ4LiI4Lij4Li04LiH4LmB4Lil4LmJ4Lin4Lih4Lix4LiZ4LmA4Lib4LmH4LiZ4LmA4Lij4Li34LmI4Lit4LiH4LiX4Li14LmI4LiE4Li44LiT4Lir4LiZ4Li54LmB4LiV4LmI4LiH4LiC4Li24LmJ4LiZ4Lih4Liy4LiV4LmI4Liy4LiH4Lir4Liy4LiB,,,W01hdGFsbGFuIFRhcmFdCkNyZcOtbW9zIHF1ZSBlcmEgdmVyZGFkIHkgbm9zIGFsZWdyYW1vcyBkZSBxdWUgbnVlc3RybyBwdWVibG8gZnVlcmEgdW4gbHVnYXIgdGFuIGJ1ZW5vIHBhcmEgdml2aXIsIHBlcm8gcmVzdWx0YSBxdWUgZXJhIHVuYSBoaXN0b3JpYSBpbnZlbnRhZGEgcG9yIGVsIHNlw7Fvcml0bywgwr9ubz8=,W01hdGFsbGFuIFRhcmFdCldpciBkYWNodGVuLCBkYXMgc2VpIGFsbGVzIHdhaHIsIHVuZCBmcmV1dGVuIHVucyBkYXLDvGJlciwgZGFzcyB1bnNlciBEb3JmIHNvIGVpbiBsZWJlbnN3ZXJ0ZXIgT3J0IHdhci4gVW5kIGRhbm4gc3RlbGx0ZSBzaWNoIGhlcmF1cywgZGFzcyBkZXIganVuZ2UgSGVyciBzaWNoIGRpZSBHZXNjaGljaHRlIG51ciBhdXNnZWRhY2h0IGhhdHRlLg==,W01hdGFsbGFuIFRhcmFdCk5vdXMgcGVuc2lvbnMgcXVlIGMnw6l0YWl0IHZyYWkgZXQgbm91cyBub3VzIHLDqWpvdWlzc2lvbnMgcXVlIG5vdHJlIHZpbGxhZ2Ugc29pdCB1biBlbmRyb2l0IHNpIGFncsOpYWJsZSDDoCB2aXZyZSwgbWFpcyBmaWd1cmV6LXZvdXMgcXVlIGMnw6l0YWl0IHVuZSBoaXN0b2lyZSBpbnZlbnTDqWUgcGFyIGxlIGpldW5lIG1hw650cmUu,W01hdGFsbGFuIFRhcmFdCkthbWkgbWVuZ2lyYSBpdHUgc3VuZ2d1aGFuIGRhbiBzZW5hbmcga2FyZW5hIGRlc2Ega2FtaSB0ZXJueWF0YSB0ZW1wYXQgeWFuZyBueWFtYW4gdW50dWsgZGl0aW5nZ2FsaSwgdGFwaSB0ZXJueWF0YSBpdHUgY3VtYSBjZXJpdGEgeWFuZyBkaWthcmFuZyBvbGVoIHR1YW4gbXVkYS4=,W01hdGFsbGFuIFRhcmFdCkJpeiBkZSBidW51biBnZXLDp2VrIG9sZHXEn3VudSBzYW7EsXAga8O2ecO8bcO8esO8biBidSBrYWRhciB5YcWfYW1hc8SxIGfDvHplbCBiaXIgeWVyIG9sbWFzxLFuYSBzZXZpbm1pxZ90aWsgYW1hIG1lxJ9lciBvLCBnZW7DpyBlZmVuZGluaW4gdXlkdXJkdcSfdSBiaXIgaGlrw6J5ZXltacWfLg==
drGe,W+unj+2DiOuegCDtg4DrnbxdCuq3uOuDpSDshpDri5jsnYQg67aA66W064qUIOqyg+uztOuLpOuKlCDqt7jrn7Ag7J6s66+47J6I64qUIOydtOyVvOq4sOqwgCDsnojripQg7Kq97J20IOuNlCDsoovsp4Ag7JWK64OQ66m07IScIOydtOyVvOq4sOulvCDtlbQg7KO87Iuc6rOgIOqwgOyFqOyngC4=,W01hdGFsbGFuIFRhcmFdCkhlIHNhaWQgaXTigJlzIGJldHRlciB0byB0ZWxsIGFuIGludGVyZXN0aW5nIHN0b3J5IHRoYW4ganVzdCBjYWxsIGluIGN1c3RvbWVycywgYW5kIHRoZW4gaGUgbGVmdC4=,,W+mprOWhlOWFsMK35aGU5ouJXQrku5bor7TkuI7lhbblj6rmmK/mi5vmj73lrqLkurrvvIzkuI3lpoLmnInov5nnp43mnInotqPnmoTmlYXkuovmm7Tlpb3vvIzlsLHorrLlrozmlYXkuovotbDkuobjgII=,,W01hdGFsbGFuIFRhcmFdCuC5gOC4guC4suC4muC4reC4geC4p+C5iOC4siDguKHguLXguJXguLPguJnguLLguJnguKrguJnguLjguIEg4LmGIOC5geC4muC4muC4meC4seC5ieC4meC4iOC4sOC4lOC4tuC4h+C4lOC4ueC4lOC4nOC4ueC5ieC4hOC4meC5hOC4lOC5ieC4lOC4teC4geC4p+C5iOC4siDguYHguKXguYnguKfguIHguYfguYDguKXguYjguLLguYDguKPguLfguYjguK3guIfguJnguLXguYnguJfguLTguYnguIfguYTguKfguYnguIHguYjguK3guJnguIjguLLguIHguYTguJs=,,,W01hdGFsbGFuIFRhcmFdCk5vcyBsYSBjb250w7MgYW50ZXMgZGUgaXJzZSwgZGljaWVuZG8gcXVlIGVyYSBtZWpvciB0ZW5lciB1bmEgaGlzdG9yaWEgZGl2ZXJ0aWRhIGNvbW8gZXNhIHF1ZSBsaW1pdGFyc2UgYSBhdHJhZXIgdmlzaXRhbnRlcy4=,W01hdGFsbGFuIFRhcmFdCkVyIGVyesOkaGx0ZSB1bnMgZGllc2UgR2VzY2hpY2h0ZSB1bmQgbWVpbnRlLCBzbyBldHdhcyBTcGFubmVuZGVzIHNlaSBkb2NoIHZpZWwgYmVzc2VyLCBhbHMgZWluZmFjaCBudXIgR8Okc3RlIGFuenVsb2NrZW4sIHVuZCBkYW5uIGdpbmcgZXIgd2llZGVyLg==,W01hdGFsbGFuIFRhcmFdCklsIGEgZGl0IHF1J2F1IGxpZXUgZGUgc2ltcGxlbWVudCBhdHRpcmVyIGRlcyBjbGllbnRzLCBjZSBzZXJhaXQgbWlldXggZCdhdm9pciB1bmUgaGlzdG9pcmUgYW11c2FudGUgY29tbWUgY2VsbGUtbMOgLCBwdWlzIGlsIGVzdCByZXBhcnRpIGFwcsOocyBub3VzIGwnYXZvaXIgcmFjb250w6llLg==,W01hdGFsbGFuIFRhcmFdCkRpYSBiaWxhbmcsIGxlYmloIGJhaWsgbWVuY2VyaXRha2FuIGtpc2FoIG1lbmFyaWsgZGFyaXBhZGEgc2VrYWRhciBtZW1hbmdnaWwgdHVyaXMsIGxhbHUgZGlhIHBlcmdpLg==,W01hdGFsbGFuIFRhcmFdClNhZGVjZSBtaXNhZmlyIMOnYcSfxLFybWFrdGFuc2EgYsO2eWxlIGXEn2xlbmNlbGkgYmlyIGhpa8OieWUgb2xtYXPEsW7EsW4gZGFoYSBpeWkgb2xkdcSfdW51IHPDtnlsZXlpcCBhbmxhdG3EscWfIHZlIGdpdG1pxZ90aS4=
d7Ge,W+q1reuLqOyngF0K7L2U66qo64+E7JeQIOyghO2VtCDrgrTroKTsmKTripQg7KCE7ISk7J20IOyXhuuKlCDqsoPsnYAg7JWE64uI656A64ukLiDsnbTqs7PsnYAg7JiI7KCE7JeQIOuniOuFgOqwgCDsgrTslZjrjZgg6rOz7J2065286rOgIO2VtC4g6re4IOydtOyVvOq4sOuPhCDri6Trk6Qg7JWM7KeAPw==,W0d1ayBEYW5qaV0KSXTigJlzIG5vdCB0aGF0IHRoZXJlIGFyZSBubyBsZWdlbmRzIGluIENvbW9kby4gVGhpcyBwbGFjZSB3YXMgc2FpZCB0byBoYXZlIG9uY2UgaG91c2VkIGEgd2l0Y2guIEV2ZXJ5b25lIGtub3dzIHRoYXQgc3RvcnksIHJpZ2h0Pw==,,W+meoOS4ueiKnV0K5YWL6a2U5bKb5Lmf5LiN5piv5rKh5pyJ5rWB5Lyg5LiL5p2l55qE5Lyg6K+044CC5ZCs6K+06L+Z6YeM5Lul5YmN5L2P6L+H5aWz5ber44CC6YKj5Liq5pWF5LqL5aSn5a625Lmf6YO955+l6YGT5ZCn77yf,,W0d1ayBEYW5qaV0K4LmE4Lih4LmI4LmD4LiK4LmI4Lin4LmI4LiyIENvbW9kbyDguIjguLDguYTguKHguYjguKHguLXguJXguLPguJnguLLguJnguJnguLAg4LiX4Li14LmI4LiZ4Li14LmI4LmA4LiE4Lii4LmA4Lib4LmH4LiZ4LiX4Li14LmI4Lit4Lii4Li54LmI4LiC4Lit4LiH4LmB4Lih4LmI4Lih4LiU4Lih4Liy4LiB4LmI4Lit4LiZIOC5gOC4o+C4t+C5iOC4reC4h+C4meC4seC5ieC4meC4nuC4p+C4geC5gOC4iOC5ieC4suC4geC5h+C4o+C4ueC5ieC4geC4seC4meC4lOC4teC5hOC4oeC5iOC5g+C4iuC5iOC4q+C4o+C4t+C4rQ==,,,W0d1ayBEYW5qaV0KTm8gZXMgcXVlIENvbW9kbyBubyB0ZW5nYSBsZXllbmRhcyB0cmFuc21pdGlkYXMgZGUgZ2VuZXJhY2nDs24gZW4gZ2VuZXJhY2nDs24uIERpY2VuIHF1ZSBlc3RlIGx1Z2FyIGVzdHV2byBoYWJpdGFkbyBwb3IgdW5hIGJydWphIGhhY2UgbXVjaG8gdGllbXBvLiBUb2RvcyBjb25vY8OpaXMgZXNhIGhpc3RvcmlhLCDCv3ZlcmRhZD8=,W0d1ayBEYW5qaV0KRXMgaXN0IG5pY2h0IHNvLCBkYXNzIGVzIGluIENvbW9kbyBrZWluZSDDvGJlcmxpZWZlcnRlbiBMZWdlbmRlbiBnw6RiZS4gTWFuIHNhZ3QsIGhpZXIgaGFiZSBmcsO8aGVyIGVpbmUgSGV4ZSBnZWxlYnQuIERpZXNlIEdlc2NoaWNodGUga2VubnQgaWhyIGRvY2ggYWxsZSwgb2Rlcj8=,W0d1ayBEYW5qaV0KQ2Ugbidlc3QgcGFzIGNvbW1lIHMnaWwgbid5IGF2YWl0IGF1Y3VuZSBsw6lnZW5kZSB0cmFuc21pc2Ugw6AgQ29tb2RvLiBPbiBkaXQgcXUnYXV0cmVmb2lzLCB1bmUgc29yY2nDqHJlIHZpdmFpdCBpY2kuIFRvdXQgbGUgbW9uZGUgY29ubmHDrnQgYXVzc2kgY2V0dGUgaGlzdG9pcmUsIG4nZXN0LWNlIHBhcyA/,W0d1ayBEYW5qaV0KQnVrYW4gYmVyYXJ0aSB0aWRhayBhZGEgbGVnZW5kYSBkaSBDb21vZG8uIEtvbm9uLCBhZGEgcGVueWloaXIgeWFuZyBwZXJuYWggdGluZ2dhbCBkaSBzaW5pLiBTZW11YSB0YWh1IGNlcml0YSBpdHUsICdrYW4/,W0d1ayBEYW5qaV0KQ29tb2RvZGEgbmVzaWxkZW4gbmVzaWxlIGFrdGFyxLFsYW4gaGnDpyBlZnNhbmUgeW9rIGRlxJ9pbGRpci4gQnVyYXPEsSBlc2tpZGVuIGJpciBjYWTEsW7EsW4geWHFn2FkxLHEn8SxIHllciBkZXJsZXIuIE8gaGlrw6J5ZXlpIGRlIGhlcmtlcyBiaWxpeW9yLCBkZcSfaWwgbWk/
eLGe,W+q1reuLqOyngF0K7ZWY7KeA66eMIOuniOuFgCDsnbTslbzquLDrpbwg65Oj6rOgIOywvuyVhOyYpOuKlCDqtIDqtJHqsJ3snYAg6re464uk7KeAIOunjuyngCDslYrslZjri6jri6QuIO2VmOyngOunjCDtlbTro6Hri5gg7J207JW86riw64qUIOunjuydgCDsgqzrnozrk6TsnbQg7KKL7JWE7ZaI7Ja0LiDsnbTroIfqsowg7KKL7J2AIOqzs+ydtOudvOuKlCDqsoPsnYQg7ZW066Oh64uY64+EIOyduOygle2WiOuLpOuKlCDquLDrtoTsnbQg65Ok7Ja07ISc7J286rmMPw==,W0d1ayBEYW5qaV0KQnV0IHRoZXJlIHdlcmVu4oCZdCBtYW55IFRvdXJpc3Qgd2hvIGNhbWUgYmVjYXVzZSBvZiB0aGUgd2l0Y2ggc3RvcnkuIFRoZSBzZWEgZHJhZ29uIHN0b3J5LCBob3dldmVyLCB3YXMgcG9wdWxhci4gUGVyaGFwcyBpdCBtYWRlIHBlb3BsZSBmZWVsIHRoZSBkcmFnb24gYXBwcm92ZWQgb2YgaG93IHdvbmRlcmZ1bCB0aGlzIHBsYWNlIGlzLg==,,W+meoOS4ueiKnV0K5LiN6L+H77yM5ZCs5LqG5aWz5ber5pWF5LqL5bCx5p2l5om+5ri45a6i55qE5bm25LiN5aSa44CC5L2G5rW36b6Z5aSn5Lq655qE5pWF5LqL5b6I5aSa5Lq65Zac5qyi44CC5piv5Zug5Li66KeJ5b6X6L+e5rW36b6Z5aSn5Lq66YO96K6k5Y+v6L+Z6YeM5piv5Liq5aW95Zyw5pa55ZCX77yf,,W0d1ayBEYW5qaV0K4LmB4LiV4LmI4LmB4LiX4Lia4LmE4Lih4LmI4Lih4Li14LiZ4Lix4LiB4LiX4LmI4Lit4LiH4LmA4LiX4Li14LmI4Lii4Lin4Lih4Liy4LmA4Lie4Lij4Liy4Liw4LmA4Lij4Li34LmI4Lit4LiH4LmB4Lih4LmI4Lih4LiU4LmA4Lil4LiiIOC4l+C4p+C5iOC4suC4leC4s+C4meC4suC4meC4oeC4seC4h+C4geC4o+C4l+C4sOC5gOC4peC4geC4peC4seC4muC5gOC4m+C5h+C4meC4l+C4teC5iOC4iuC4t+C5iOC4meC4iuC4reC4muC4guC4reC4h+C4nOC4ueC5ieC4hOC4meC4oeC4suC4gSDguK3guLLguIjguYDguJ7guKPguLLguLDguKHguLHguJnguJfguLPguYPguKvguYnguKPguLnguYnguKrguLbguIHguKfguYjguLIg4LmB4Lih4LmJ4LmB4LiV4LmI4Lih4Lix4LiH4LiB4Lij4LiB4LmH4Lii4Lix4LiH4Lii4Lit4Lih4Lij4Lix4Lia4Lin4LmI4Liy4LiX4Li14LmI4LiZ4Li14LmI4Lii4Lit4LiU4LmA4Lii4Li14LmI4Lii4Lih4LmB4LiE4LmI4LmE4Lir4LiZ,,,W0d1ayBEYW5qaV0KUGVybyBubyB2ZW7DrWFuIG11Y2hvcyB0dXJpc3RhcyBwb3IgbGEgaGlzdG9yaWEgZGUgbGEgYnJ1amEuIEVuIGNhbWJpbywgYSBtdWNoYSBnZW50ZSBsZSBndXN0YWJhIGxhIGhpc3RvcmlhIGRlbCBEcmFnw7NuIE1hcmluby4gwr9TZXLDoSBwb3JxdWUgbGVzIGhhY8OtYSBzZW50aXIgcXVlIGhhc3RhIGVsIERyYWfDs24gTWFyaW5vIHJlY29ub2PDrWEgcXVlIGVzdGUgZXJhIHVuIGx1Z2FyIHRhbiBidWVubz8=,W0d1ayBEYW5qaV0KQWJlciB3ZWdlbiBkZXIgSGV4ZW5nZXNjaGljaHRlIGthbWVuIG5pY2h0IGJlc29uZGVycyB2aWVsZSBUb3VyaXN0ZW4gaGVyLiBEaWUgR2VzY2hpY2h0ZSB2b20gU2VlZHJhY2hlbiBkYWdlZ2VuIG1vY2h0ZW4gdmllbGUgTGV1dGUuIFZpZWxsZWljaHQsIHdlaWwgZXMgc2ljaCBhbmbDvGhsdGUsIGFscyBow6R0dGUgc2VsYnN0IGRlciBTZWVkcmFjaGUgYW5lcmthbm50LCB3YXMgZsO8ciBlaW4gc2Now7ZuZXIgT3J0IGRhcyBoaWVyIGlzdD8=,W0d1ayBEYW5qaV0KTWFpcyBwZXUgZGUgVG91cmlzdGUgdmVuYWllbnQgcG91ciBs4oCZaGlzdG9pcmUgZGUgbGEgc29yY2nDqHJlLiBFbiByZXZhbmNoZSwgYmVhdWNvdXAgZGUgZ2VucyBhaW1haWVudCBjZWxsZSBkdSBTZWlnbmV1ciBEcmFnb24gZGVzIE1lcnMuIFBldXQtw6p0cmUgcGFyY2UgcXVlIMOnYSBkb25uYWl0IGzigJlpbXByZXNzaW9uIHF1ZSBtw6ptZSBsZSBTZWlnbmV1ciBEcmFnb24gZGVzIE1lcnMgcmVjb25uYWlzc2FpdCBxdWUgY+KAmWVzdCB1biBlbmRyb2l0IG1lcnZlaWxsZXV4ID8=,W0d1ayBEYW5qaV0KVGFwaSBUb3VyaXN0IHlhbmcgZGF0YW5nIGthcmVuYSBtZW5kZW5nYXIgY2VyaXRhIHBlbnlpaGlyIHRpZGFrIHRlcmxhbHUgYmFueWFrLiBTZWRhbmdrYW4sIGNlcml0YSBOYWdhIExhdXQgZGlzdWthaSBiYW55YWsgb3JhbmcuIE11bmdraW4ga2FyZW5hIGtlc2FubnlhIHNlcGVydGkgTmFnYSBMYXV0IG1lbmdha3VpIGJldGFwYSBpbmRhaG55YSB0ZW1wYXQgaW5pLg==,W0d1ayBEYW5qaV0KQW1hIGNhZMSxIGhpa8OieWVzaW5pIGR1eXVwIGdlbGVuIFR1cmlzdCBwZWsgZmF6bGEgZGXEn2lsZGkuIE95c2EgRGVuaXogRWpkZXJpIEVmZW5kaSBoaWvDonllc2luaSBiaXLDp29rIGtpxZ9pIHNldmRpLiBCw7Z5bGUgZ8O8emVsIGJpciB5ZXJpIERlbml6IEVqZGVyaSBFZmVuZGkgZGUga2FidWwgZXRtacWfIGdpYmkgaGlzc2V0dGlyZGnEn2kgacOnaW4gbWkgYWNhYmE/
ebGe,W+y9lOuqqOu5hF0K6re465+s6rOgIOuztOuLiC4uLiDrgpjrj4Qg7Ja066a0IOyggeyXkOuKlCDrp4jrhYAg7J207JW86riw66eMIOuTpOydgCDqsoMg6rCZ7Jy87J20LiDtlbTro6Hri5gg7J207JW86riw64qUIOuTpOydgCDquLDslrXsnbQg7JWIIOuCmOuKlOq1rOuCmC4=,W0tvbW9iaV0KQ29tZSB0byB0aGluayBvZiBpdC4uLiBJIG9ubHkgcmVtZW1iZXIgaGVhcmluZyB0aGUgd2l0Y2ggc3RvcnkgYXMgYSBjaGlsZC4gSSBkb27igJl0IHJlY2FsbCBoZWFyaW5nIGFib3V0IHRoZSBzZWEgZHJhZ29uLg==,,W+enkeiOq+avlF0K6L+Z5LmI5LiA5oOz4oCm4oCm5oiR5bCP5pe25YCZ5aW95YOP5Lmf5Y+q5ZCs6L+H5aWz5ber55qE5pWF5LqL44CC5rW36b6Z5aSn5Lq655qE5pWF5LqL5oiR5LiN6K6w5b6X5ZCs6L+H44CC,,W0tvbW9iaV0K4Lie4Lit4LiE4Li04LiU4LiU4Li54LmB4Lil4LmJ4Lin4oCmIOC4leC4reC4meC5gOC4lOC5h+C4geC4guC5ieC4suC4geC5h+C5gOC4hOC4ouC5hOC4lOC5ieC4ouC4tOC4meC5geC4leC5iOC5gOC4o+C4t+C5iOC4reC4h+C5geC4oeC5iOC4oeC4lOC5gOC4q+C4oeC4t+C4reC4meC4geC4seC4mSDguYDguKPguLfguYjguK3guIfguKHguLHguIfguIHguKPguJfguLDguYDguKXguJnguLXguYjguIjguLPguYTguKHguYjguYTguJTguYnguYDguKXguKI=,,,W0tvbW9iaV0KQWhvcmEgcXVlIGxvIHBpZW5zby4uLiBjcmVvIHF1ZSBkZSBqb3ZlbiBzb2xvIG/DrSBsYSBoaXN0b3JpYSBkZSBsYSBicnVqYS4gTm8gcmVjdWVyZG8gaGFiZXIgb8OtZG8gbGEgZGVsIERyYWfDs24gTWFyaW5vLg==,W0tvbW9iaV0KV2VubiBpY2ggc28gZGFyw7xiZXIgbmFjaGRlbmtlIC4uLiBhbHMgaWNoIGtsZWluIHdhciwgaGFiZSBpY2ggd29obCBhdWNoIG51ciBkaWUgSGV4ZW5nZXNjaGljaHRlIGdlaMO2cnQuIEljaCBrYW5uIG1pY2ggbmljaHQgZGFyYW4gZXJpbm5lcm4sIGplIGV0d2FzIHZvbiBkZXIgR2VzY2hpY2h0ZSB2b20gU2VlZHJhY2hlbiBnZWjDtnJ0IHp1IGhhYmVuLg==,W0tvbW9iaV0KTWFpbnRlbmFudCBxdWUgaid5IHBlbnNlLi4uIFF1YW5kIGonw6l0YWlzIHBldGl0LCBqZSBjcm9pcyBuJ2F2b2lyIGVudGVuZHUgcXVlIGwnaGlzdG9pcmUgZGUgbGEgc29yY2nDqHJlLiBKZSBuZSBtZSBzb3V2aWVucyBwYXMgYXZvaXIgZW50ZW5kdSBsJ2hpc3RvaXJlIGR1IFNlaWduZXVyIERyYWdvbiBkZXMgTWVycy4=,W0tvbW9iaV0KS2FsYXUgZGlwaWtpci1waWtpci4uLiBzYWF0IGtlY2lsLCBzZXBlcnRpbnlhIGFrdSBoYW55YSBtZW5kZW5nYXIgY2VyaXRhIHBlbnlpaGlyLiBBa3UgdGlkYWsgaW5nYXQgcGVybmFoIG1lbmRlbmdhciBjZXJpdGEgdGVudGFuZyBOYWdhIExhdXQu,W0tvbW9iaV0KxZ5pbWRpIGTDvMWfw7xuw7xuY2UuLi4gQmVuIGRlIGvDvMOnw7xra2VuIHNhZGVjZSBjYWTEsSBoaWvDonllc2luaSBkdXltdcWfIGdpYml5aW0uIERlbml6IEVqZGVyaSBFZmVuZGkgaGlrw6J5ZXNpbmkgZHV5ZHXEn3VtdSBoYXTEsXJsYW3EsXlvcnVtLg==
erGe,W+unj+2DiOuegCDtg4DrnbxdCuq3uOyVvCDqt7jrlYzripQg7ZW066Oh64uYIOydtOyVvOq4sOuKlCDsl4bsl4jsnLzri4jquYwg66eQ7J207KeALiDqt7jrpqzqs6Ag64KY7JmAIOyXrOq4sCDri6jsp4Drj4Qg7ZWY7J2064SkIOqwgCDrj4TroKjri5jsnbQg7ZWY7IugIOqyg+yymOufvCDsnqzrr7jsnojripQg7J207JW86riw66W8IOu2meyduCDsnYzsi53snYQg7YyU6riw66GcIO2VmOqzoCwg6re4IOydjOyLneuTpOydhCDrp4zrk6Ag6rGw656A64ukLg==,W01hdGFsbGFuIFRhcmFdCldlbGwsIGF0IHRoYXQgdGltZSwgdGhlcmUgd2FzIG5vIHNlYSBkcmFnb24gc3RvcnkgeWV0LiBTbyBJIGFuZCB0aGUgZ3JvdXAgZGVjaWRlZCB0byBjcmVhdGUgZnVuIHN0b3JpZXMgbGlrZSB0aGUgeW91bmcgbWFzdGVyIG9mIHRoZSBIZWluZSBmYW1pbHkgZGlkLCBhbmQgd2UgYnVpbHQgZGlzaGVzIGFyb3VuZCB0aG9zZSBzdG9yaWVzLg==,,W+mprOWhlOWFsMK35aGU5ouJXQrpgqPmmK/lm6DkuLrpgqPml7blgJnov5jmsqHmnInmtbfpvpnlpKfkurrnmoTmlYXkuovjgILogIzkuJTmiJHlkozov5nph4znmoTkuLnoip3kuZ/lhrPlrprlg4/mtbfmtoXlrrbnmoTlsJHniLfpgqPmoLfvvIzljZbkupvliqDkuIrmnInotqPmlYXkuovnmoTpo5/nianvvIzmiYDku6XmiY3lgZrlh7rkuobpgqPkupvpo5/nianjgII=,,W01hdGFsbGFuIFRhcmFdCuC4geC5h+C5gOC4nuC4o+C4suC4sOC4leC4reC4meC4meC4seC5ieC4meC4ouC4seC4h+C5hOC4oeC5iOC4oeC4teC5gOC4o+C4t+C5iOC4reC4h+C4oeC4seC4h+C4geC4o+C4l+C4sOC5gOC4peC4ouC4seC4h+C5hOC4h+C4peC5iOC4sCDguILguYnguLLguIHguLHguJogRGFuamkg4LmA4Lil4Lii4LmB4LiV4LmI4LiH4LmA4Lij4Li34LmI4Lit4LiH4Liq4LiZ4Li44LiBIOC5hiDguILguLbguYnguJnguKHguLLguYDguKvguKHguLfguK3guJnguK3guKLguYjguLLguIfguITguLjguJPguKvguJnguLnguJXguKPguLDguIHguLnguKUgSGVpbmUg4LmB4Lil4LmJ4Lin4LiB4LmH4LiX4Liz4Lit4Liy4Lir4Liy4Lij4LmD4Lir4LmJ4LmA4LiC4LmJ4Liy4LiB4Lix4Lia4LmA4Lij4Li34LmI4Lit4LiH4Lie4Lin4LiB4LiZ4Lix4LmJ4LiZ,,,W01hdGFsbGFuIFRhcmFdCkNsYXJvLCBwb3JxdWUgZW50b25jZXMgbm8gZXhpc3TDrWEgbGEgaGlzdG9yaWEgZGVsIERyYWfDs24gTWFyaW5vLiBBZGVtw6FzLCBEYW5qaSB5IHlvIGRlY2lkaW1vcyB2ZW5kZXIgcGxhdG9zIGNvbiBoaXN0b3JpYXMgZGl2ZXJ0aWRhcywgY29tbyBoaXpvIGVsIGpvdmVuIHNlw7Fvcml0byBkZSBsYSBmYW1pbGlhIEhlaW5lLCB5IGFzw60gY3JlYW1vcyBlc29zIHBsYXRvcy4=,W01hdGFsbGFuIFRhcmFdCk5hIGtsYXIg4oCTIGRhbWFscyBnYWIgZXMgZGllIEdlc2NoaWNodGUgdm9tIFNlZWRyYWNoZW4gamEgbm9jaCBnYXIgbmljaHQuIEFsc28gYmVzY2hsb3NzZW4gRGFuamkgdW5kIGljaCwgZ2VuYXUgd2llIGRlciBqdW5nZSBIZXJyIGF1cyBkZW0gSGF1c2UgSGVpbmUsIEdlcmljaHRlIG1pdCBlaW5lciBuZXR0ZW4gR2VzY2hpY2h0ZSBkcnVtIGhlcnVtIHp1IHZlcmthdWZlbi4gVW5kIHNvIGVudHN0YW5kZW4gZGllc2UgU3BlaXNlbi4=,W01hdGFsbGFuIFRhcmFdCkMnZXN0IHBhcmNlIHF1J8OgIGwnw6lwb3F1ZSwgaWwgbid5IGF2YWl0IHBhcyBkJ2hpc3RvaXJlIGR1IFNlaWduZXVyIERyYWdvbiBkZXMgTWVycy4gRXQgbW9pLCBhaW5zaSBxdWUgRGFuamkgaWNpLCBhdm9ucyBkw6ljaWTDqSBkZSB2ZW5kcmUgZGVzIHBsYXRzIGFncsOpbWVudMOpcyBkJ2hpc3RvaXJlcyBhbXVzYW50ZXMsIGNvbW1lIGwnYXZhaXQgZmFpdCBsZSBqZXVuZSBtYcOudHJlIGRlIGxhIGZhbWlsbGUgSGVpbmUsIGV0IGMnZXN0IGFpbnNpIHF1ZSBub3VzIGF2b25zIGNyw6nDqSBjZXMgcGxhdHMu,W01hdGFsbGFuIFRhcmFdCldha3R1IGl0dSBiZWx1bSBhZGEgY2VyaXRhIE5hZ2EgTGF1dC4gSmFkaSBha3UgZGFuIHRlbWFuLXRlbWFua3UgbWVuZ2FyYW5nIGNlcml0YSBtZW5hcmlrIHNlcGVydGkgeWFuZyBkaWxha3VrYW4gdHVhbiBtdWRhIEtlbHVhcmdhIEhlaW5lLCBsYWx1IG1lbmNpcHRha2FuIGhpZGFuZ2FuIGJlcmRhc2Fya2FuIGNlcml0YSBpdHUu,W01hdGFsbGFuIFRhcmFdCsOHw7xua8O8IG8gemFtYW5sYXIgRGVuaXogRWpkZXJpIEVmZW5kaSBoaWvDonllc2kgeW9rdHUuIFNvbnJhIGJlbiB2ZSBidXJhZGFraSBEYW5qaSBkZSwgSGFpbmUgYWlsZXNpbmluIGdlbsOnIGVmZW5kaXNpbmluIHlhcHTEscSfxLEgZ2liaSBlxJ9sZW5jZWxpIGJpciBoaWvDonllIGVrbGVubWnFnyB5ZW1la2xlciBzYXRtYXlhIGthcmFyIHZlcmlwIG8geWVtZWtsZXJpIHlhcHTEsWsu
e7Ge,W+q1reuLqOyngF0K6riw7KG07JeQIOyeiOuKlCDsmpTrpqzrnpEg67mE7Iq37ZWcIOqyjCDri7nsl7DtlZjsp4AuIOu2gOuBhOufveyngOunjCDqt7jqsbgg67O06rOgIOunjOuTpOyXiOycvOuLiOq5jC4=,W0d1ayBEYW5qaV0KT2YgY291cnNlIGl04oCZcyBzaW1pbGFyIHRvIGV4aXN0aW5nIGRpc2hlcy4gRW1iYXJyYXNzaW5nIGFzIGl0IGlzLCB3ZSBiYXNlZCBpdCBvbiB3aGF0IHdlIHNhdy4=,,W+meoOS4ueiKnV0K5b2T54S25Lya5ZKM5Y6f5pys55qE5paZ55CG5b6I5YOP44CC6K+05p2l5oOt5oSn77yM5Zug5Li65piv54Wn552A6YKj5Liq5YGa55qE44CC,,W0d1ayBEYW5qaV0K4LiB4LmH4Lii4LmI4Lit4Lih4LiE4Lil4LmJ4Liy4Lii4LiB4Lix4Lia4Lit4Liy4Lir4Liy4Lij4LiX4Li14LmI4Lih4Li14Lit4Lii4Li54LmI4LmA4LiU4Li04LihIOC4luC4tuC4h+C4iOC4sOC4meC5iOC4suC4reC4suC4oiDguYHguJXguYjguJ7guKfguIHguILguYnguLLguIHguYfguJfguLPguK3guLLguKvguLLguKPguJXguLLguKHguJfguLXguYjguYDguITguKLguYDguKvguYfguJnguKHguLI=,,,W0d1ayBEYW5qaV0KRXMgbm9ybWFsIHF1ZSBzZSBwYXJlemNhbiBhIHBsYXRvcyBxdWUgeWEgZXhpc3TDrWFuLiBNZSBkYSB2ZXJnw7xlbnphLCBwZXJvIGxvcyBoaWNpbW9zIHRvbcOhbmRvbG9zIGNvbW8gbW9kZWxvLg==,W0d1ayBEYW5qaV0KS2xhciBpc3QgZGFzIGRlbiBhbHRlbiBHZXJpY2h0ZW4gw6RobmxpY2guIElzdCBtaXIgamEgcGVpbmxpY2gsIGFiZXIgd2lyIGhhYmVu4oCZcyB1bnMgZGF2b24gYWJnZXNjaGF1dC4=,W0d1ayBEYW5qaV0KQydlc3Qgbm9ybWFsIHF1ZSBjZSBzb2l0IHNpbWlsYWlyZSBhdXggcGxhdHMgZXhpc3RhbnRzLiBDJ2VzdCBlbWJhcnJhc3NhbnQsIG1haXMgamUgbGVzIGFpIGZhaXRzIGVuIG0nZW4gaW5zcGlyYW50Lg==,W0d1ayBEYW5qaV0KV2FqYXIga2FsYXUgbWlyaXAgZGVuZ2FuIG1hc2FrYW4geWFuZyBzdWRhaCBhZGEuIE1lbWFuZyBtZW1hbHVrYW4sIHRhcGkga2FtaSBtZW1idWF0bnlhIGJlcmRhc2FyIHlhbmcga2FtaSBsaWhhdC4=,W0d1ayBEYW5qaV0KTWV2Y3V0IHllbWVrbGVyZSBiZW56ZW1lc2kgZWxiZXR0ZSBub3JtYWwuIFV0YW7EsXlvcnVtIGFtYSBvbmEgYmFrYXJhayB5YXB0xLFrLg==
fLGe,W+unj+2DiOuegCDtg4DrnbxdCi4uLi4uLuq3uOuemCwg7KeA6riI7J2AIOu2gOuBhOufveqyjCDsg53qsIHtlZzri6jri6QuIOq3uOuVjOuPhCDqs6DsuZjroKTqs6Ag7JWg64qUIOyNvOyngC4uLiDsnpgg65CY7KeA64qUIOyViuydgCDqsoMg6rCZ64uk66eMLiDrhIjtnawg7JqU66as66W8IOuztOuLiCDrp5DsnbTri6Qu,W01hdGFsbGFuIFRhcmFdCi4uLlllcywgSSBmZWVsIGEgYml0IGVtYmFycmFzc2VkIG5vdy4gV2UgdHJpZWQgdG8gaW1wcm92ZSBiYWNrIHRoZW4gdG9vLi4uIGl0IGRpZG7igJl0IHR1cm4gb3V0IHBlcmZlY3RseS4gQnV0IHNlZWluZyB5b3VyIGRpc2hlcyBub3cuLi4=,,W+mprOWhlOWFsMK35aGU5ouJXQrigKbigKbmmK/llYrvvIznjrDlnKjmg7Pmg7PnnJ/kuKLkurrjgILpgqPml7blgJnkuZ/liqrlipvmg7PmlLnigKbigKbkvYblpb3lg4/msqHmlLnlpb3jgILnnIvkvaDku6znmoTmlpnnkIblsLHnn6XpgZPkuobjgII=,,W01hdGFsbGFuIFRhcmFdCuKApuC5g+C4iuC5iCDguJXguK3guJnguJnguLXguYnguILguYnguLLguIHguYfguKPguLnguYnguKrguLbguIHguKXguLDguK3guLLguKIg4LiV4Lit4LiZ4LiZ4Lix4LmJ4LiZ4LiB4LmH4Lie4Lii4Liy4Lii4Liy4Lih4LmB4LiB4LmJ4LmE4LiC4LmB4Lil4LmJ4LinIOC5geC4leC5iOC4lOC4ueC5gOC4q+C4oeC4t+C4reC4meC4iOC4sOC5hOC4oeC5iOC4hOC5iOC4reC4ouC5hOC4lOC5ieC4nOC4peC5gOC4l+C5iOC4suC5hOC4o+KApiDguJ7guK3guJTguLnguK3guLLguKvguLLguKPguILguK3guIfguJ7guKfguIHguYDguIjguYnguLLguYHguKXguYnguKcuLi4=,,,W01hdGFsbGFuIFRhcmFdCi4uLi4uLlPDrSwgYWhvcmEgbWUgYXZlcmfDvGVuem8gZGUgZWxsby4gRW50b25jZXMgdGFtYmnDqW4gaW50ZW50w6kgbWVqb3Jhcmxvcy4uLiBwZXJvLCB2aWVuZG8gdnVlc3Ryb3MgcGxhdG9zLCBwYXJlY2UgcXVlIG5vIG1lIHNhbGnDsyBtdXkgYmllbi4=,W01hdGFsbGFuIFRhcmFdCi4uLi4uLkphLCBqZXR6dCBzY2jDpG1lIGljaCBtaWNoIGRhZsO8ci4gRGFtYWxzIGhhYmUgaWNoIGF1Y2ggdmVyc3VjaHQsIGVzIHp1IHZlcmJlc3Nlcm4gLi4uIGFiZXIgc28gcmVjaHQgZ2VrbGFwcHQgaGF0IGVzIHdvaGwgbmljaHQsIHdlbm4gaWNoIG1pciBldXJlIEdlcmljaHRlIHNvIGFuc2VoZS4=,W01hdGFsbGFuIFRhcmFdCi4uLi4uLk91aSwgbWFpbnRlbmFudCwgaidlbiBhaSBob250ZS4gw4AgbCfDqXBvcXVlIGF1c3NpLCBqJ2FpIGVzc2F5w6kgZGUgY29ycmlnZXIgw6dhLi4uIG1haXMgaWwgc2VtYmxlIHF1ZSDDp2EgbidhaXQgcGFzIHRyw6hzIGJpZW4gbWFyY2jDqS4gUXVhbmQgamUgdm9pcyB2b3RyZSBjdWlzaW5lLCBlbiB0b3V0IGNhcy4=,W01hdGFsbGFuIFRhcmFdCi4uLllhLCBzZWthcmFuZyBha3Ugc2VkaWtpdCBtYWx1LiBXYWt0dSBpdHUgYWt1IGp1Z2EgYmVydXNhaGEgbWVtcGVyYmFpa2lueWEuLi4gdGFwaSBzZXBlcnRpbnlhIHRpZGFrIGJlcmhhc2lsLiBUYXBpIG1lbGloYXQgbWFzYWthbiBrYWxpYW4gc2VrYXJhbmcuLi4=,W01hdGFsbGFuIFRhcmFdCi4uLi4uLkV2ZXQsIMWfaW1kaSB1dGFuxLF5b3J1bS4gTyB6YW1hbiBkYSBkw7x6ZWx0bWV5ZSDDp2FsxLHFn3TEsW0uLi4gYW1hIHBlayBpeWkgb2xtYW3EscWfIGdpYmkuIFNpemluIHllbWVrbGVyaW5pemUgYmFrxLFuY2Eu
fbGe,6rWt64uo7KeA,R3VrIERhbmpp,,6Z6g5Li56Iqd,,R3VrIERhbmpp,,,R3VrIERhbmpp,R3VrIERhbmpp,R3VrIERhbmpp,R3VrIERhbmpp,R3VrIERhbmpp
frGe,W+q1reuLqOyngF0K7L2U66qo64+E64qUIOywuCDsoovsnYAg66eI7J2E7J207KeALiDqt7jqsbQg6rytIO2VtOujoeuLmOydtCDspp3rqoXtlbQg7KO87KeAIOyViuyVhOuPhCDslYwg7IiYIOyeiOuLqOuLpC4=,W0d1ayBEYW5qaV0KQ29tb2RvIGlzIHRydWx5IGEgd29uZGVyZnVsIHZpbGxhZ2UuIFlvdSBkb27igJl0IGV2ZW4gbmVlZCB0aGUgc2VhIGRyYWdvbiB0byBwcm92ZSBpdC4=,,W+meoOS4ueiKnV0K5YWL6a2U5bKb55yf5piv5Liq5aW95p2R5a2Q44CC6L+Z54K55bCx566X5LiN6Z2g5rW36b6Z5aSn5Lq65p2l6K+B5piO77yM5Lmf6IO955+l6YGT44CC,,W0d1ayBEYW5qaV0KQ29tb2RvIOC5gOC4m+C5h+C4meC4q+C4oeC4ueC5iOC4muC5ieC4suC4meC4l+C4teC5iOC4lOC4teC4iOC4o+C4tOC4hyDguYYg4LiZ4LiwIOC4leC5iOC4reC5g+C4q+C5ieC5hOC4oeC5iOC4oeC4teC4l+C5iOC4suC4meC4oeC4seC4h+C4geC4o+C4l+C4sOC5gOC4peC4oeC4suC4ouC4t+C4meC4ouC4seC4mSDguJfguLjguIHguITguJnguIHguYfguKrguLHguKHguJzguLHguKrguYTguJTguYk=,,,W0d1ayBEYW5qaV0KQ29tb2RvIGVzIHVuIHB1ZWJsbyBtYXJhdmlsbG9zby4gTm8gaGFjZSBmYWx0YSBxdWUgZWwgRHJhZ8OzbiBNYXJpbm8gbG8gZGVtdWVzdHJlIHBhcmEgc2FiZXJsby4=,W0d1ayBEYW5qaV0KQ29tb2RvIGlzdCB3aXJrbGljaCBlaW4gd3VuZGVyYmFyZXMgRG9yZi4gRGFmw7xyIGJyYXVjaHQgZXMga2VpbmVuIFNlZWRyYWNoZW4sIGRlciBlcyBlcnN0IGJld2Vpc2VuIG11c3Mu,W0d1ayBEYW5qaV0KQ29tb2RvIGVzdCB2cmFpbWVudCB1biBib24gdmlsbGFnZS4gT24gcGV1dCBsZSBzYXZvaXIgbcOqbWUgc2FucyBxdWUgbGUgU2VpZ25ldXIgRHJhZ29uIGRlcyBNZXJzIGxlIHByb3V2ZS4=,W0d1ayBEYW5qaV0KQ29tb2RvIG1lbWFuZyBkZXNhIHlhbmcgc2FuZ2F0IGluZGFoLiBUYWsgcGVybHUgTmFnYSBMYXV0IHVudHVrIG1lbWJ1a3Rpa2FubnlhLg==,W0d1ayBEYW5qaV0KQ29tb2RvIGdlcsOnZWt0ZW4gw6dvayBnw7x6ZWwgYmlyIGthc2FiYS4gQnVudSwgRGVuaXogRWpkZXJoYXPEsSBFZmVuZGkga2FuxLF0bGFtYXNhIGJpbGUgYW5sYXlhYmlsaXJzaW5pei4=
f7Ge,W+unj+2DiOuegCDtg4DrnbxdCuyngOq4iOydgCDrtoDrgYTrn73qsowg7IOd6rCB7ZWc64uo64ukLi4uIOq3uOufsOuNsCDrp4ztiKzsl5DslbwhIOyngOq4iCDrqLnslrTrs7Tri4gg64SI64qUIOuCtOqwgCDrp4jsp4Drp4nsnLzroZwg66eM65Ok7Ja064aT7J2AIOqxuCDsobDquIjrj4Qg6rCc65+J7ZWY7KeAIOyViuyVmOq1rOuCmCE=,W01hdGFsbGFuIFRhcmFdCknigJltIGEgYml0IGVtYmFycmFzc2VkIG5vdy4uLiBidXQgTWFudHVlISBUYXN0aW5nIHlvdXIgZGlzaCBub3csIEkgc2VlIHlvdSBoYXZlbuKAmXQgY2hhbmdlZCBhIHRoaW5nIGZyb20gdGhlIGxhc3Qgb25lIEkgbWFkZSE=,,W+mprOWhlOWFsMK35aGU5ouJXQrnjrDlnKjmg7Pmg7PnnJ/kuKLkurrigKbigKbkuI3ov4fmm7zlm77ln4PllYrvvIHmiJHliJrlkIPkuobvvIzkvaDkuIDngrnpg73msqHmiormiJHmnIDlkI7lgZrlh7rmnaXnmoTpgqPkuKrmlLnoia/ov4fllYrvvIE=,,W01hdGFsbGFuIFRhcmFdCuC4leC4reC4meC4meC4teC5ieC4guC5ieC4suC4geC5h+C4o+C4ueC5ieC4quC4tuC4geC4reC4suC4ouKApiDguYHguJXguYggTWFudHVlIOC5gOC4reC5i+C4oiEg4Lie4Lit4Lil4Lit4LiH4LiK4Li04Lih4LiU4Li54LmB4Lil4LmJ4LinIOC5gOC4iOC5ieC4suC4geC4peC4seC4muC5hOC4oeC5iOC5hOC4lOC5ieC4m+C4o+C4seC4muC4m+C4o+C4uOC4h+C4quC4ueC4leC4o+C4l+C4teC5iOC4guC5ieC4suC4l+C4s+C5hOC4p+C5ieC5gOC4m+C5h+C4meC4hOC4o+C4seC5ieC4h+C4quC4uOC4lOC4l+C5ieC4suC4ouC5gOC4peC4ouC4quC4seC4geC4meC4tOC4lCE=,,,W01hdGFsbGFuIFRhcmFdCkFob3JhIG1lIGF2ZXJnw7xlbnpvIGRlIGVsbG8uLi4gwqFQZXJvLCBNYW50dWUhIMKhQWhvcmEgcXVlIGxvIHBydWVibywgbm8gaGFzIG1lam9yYWRvIGVuIGFic29sdXRvIGxvIMO6bHRpbW8gcXVlIHByZXBhcsOpIQ==,W01hdGFsbGFuIFRhcmFdCkpldHp0IGlzdCBlcyBtaXIgcGVpbmxpY2ggLi4uIEFiZXIgTWFudHVlISBKZXR6dCwgd28gaWNoIGVzIHByb2JpZXJ0IGhhYmUsIG1lcmtlIGljaDogRHUgaGFzdCBkYXMsIHdhcyBpY2ggenVsZXR6dCBnZW1hY2h0IGhhYmUsIGtlaW4gYmlzc2NoZW4gdmVyYmVzc2VydCE=,W01hdGFsbGFuIFRhcmFdCkrigJllbiBhaSBob250ZSwgbWFpbnRlbmFudC4uLiBNYWlzIE1hbnR1ZSAhIEVuIGdvw7t0YW50LCBqZSB2b2lzIHF1ZSB0dSBu4oCZYXMgcGFzIGR1IHRvdXQgYW3DqWxpb3LDqSBtYSBkZXJuacOocmUgcmVjZXR0ZSAh,W01hdGFsbGFuIFRhcmFdClNla2FyYW5nIGFrdSBzZWRpa2l0IG1hbHUuLi4gdGFwaSBzZXRlbGFoIG1lbmNpY2lwaSBtYXNha2FuIE1hbnR1ZSwgdGVybnlhdGEgcmFzYW55YSB0YWsgYmVydWJhaCBzZWRpa2l0IHB1biE=,W01hdGFsbGFuIFRhcmFdCsWeaW1kaSBkw7zFn8O8bsO8bmNlIHV0YW7EsXlvcnVtLi4uCkFtYSBNYW50dWUhIMWeaW1kaSB0YWTEsW5hIGJha8SxbmNhIGfDtnLDvHlvcnVtIGtpLCBzZW4gYmVuaW0gZW4gc29uIHlhcHTEscSfxLFtxLEgemVycmUga2FkYXIgYmlsZSBnZWxpxZ90aXJtZW1pxZ9zaW4h
gLGe,W+unj+2DiOuegCDtg4DrnbxdCuuCtOqwgCDsspjsnYwg66eM65Ok7JeI642YIOynge2ZlCDruIzroIjsiqQg66eM65GQ7JmAIOuniOyngOunieycvOuhnCDrp4zrk6Ag7KeB7ZmUIOu4jOugiOyKpCDrp4zrkZDripQg7I2pIOuLrOuekOuLqOuLpC4g6re465+w642wIOuEpOqwgCDrp4zrk6Ag6rG0IOuCtOqwgCDrp4jsp4Drp4nsnLzroZwg66eM65OgIOqyg+qzvCDrmJHqsJnqtazrgpgu,W01hdGFsbGFuIFRhcmFdClRoZSB2ZXJ5IGZpcnN0IENoYXJjb2FsLUJyb2lsZWQgQnJlYXRoIER1bXBsaW5nIEkgbWFkZSBhbmQgdGhlIGxhc3Qgb25lIEkgbWFkZSB3ZXJlIHF1aXRlIGRpZmZlcmVudC4gWWV0IHdoYXQgeW91IG1hZGUgaXMgZXhhY3RseSB0aGUgc2FtZSBhcyBteSBsYXN0IG9uZS4=,,W+mprOWhlOWFsMK35aGU5ouJXQrmiJHmnIDliJ3lgZrnmoTnm7TngavnhY7ng6TppbrlrZDlkozmnIDlkI7lgZrnmoTnm7TngavnhY7ng6TppbrlrZDlt67liKvlj6/lpKfkuobjgILlj6/kvaDlgZrnmoTljbTlkozmiJHmnIDlkI7lgZrnmoTkuIDmqKHkuIDmoLfjgII=,,W01hdGFsbGFuIFRhcmFdCkZpcmUtQnJlYXRoZSBEdW1wbGluZyDguJfguLXguYjguILguYnguLLguJfguLPguITguKPguLHguYnguIfguYHguKPguIHguIHguLHguJrguITguKPguLHguYnguIfguKrguLjguJTguJfguYnguLLguKLguJnguLHguYnguJnguJXguYjguLLguIfguIHguLHguJnguKHguLLguIEg4LmB4LiV4LmI4LiC4Lit4LiH4LmA4LiI4LmJ4Liy4LiB4Lil4Lix4Lia4LmA4Lir4Lih4Li34Lit4LiZ4LiB4Lix4Lia4Liq4Li54LiV4Lij4Liq4Li44LiU4LiX4LmJ4Liy4Lii4LiC4Lit4LiH4LiC4LmJ4Liy4LmA4Lib4LmK4Liw,,,W01hdGFsbGFuIFRhcmFdCkVsIE1hbmR1IGRlIGFsaWVudG8gYSBsYSBwYXJyaWxsYSBxdWUgcHJlcGFyw6kgYWwgcHJpbmNpcGlvIHkgZWwgTWFuZHUgZGUgYWxpZW50byBhIGxhIHBhcnJpbGxhIHF1ZSBoaWNlIGFsIGZpbmFsIGVyYW4gbXV5IGRpc3RpbnRvcy4gU2luIGVtYmFyZ28sIGVsIHF1ZSB0w7ogaGFzIGhlY2hvIGVzIGlndWFsIGFsIMO6bHRpbW8gcXVlIHByZXBhcsOpLg==,W01hdGFsbGFuIFRhcmFdCkRhcyBNYW5kdSDigJ5GbGFtbWVuYXRlbeKAnCwgZGFzIGljaCBhbmZhbmdzIGdlbWFjaHQgaGFiZSwgdW5kIGRhcywgd2FzIGljaCBhbSBFbmRlIGdlbWFjaHQgaGFiZSwgd2FyZW4gZ2FueiBzY2jDtm4gdW50ZXJzY2hpZWRsaWNoLiBBYmVyIGRlaW5zIGlzdCBleGFrdCB3aWUgbWVpbmUgbGV0enRlIFZlcnNpb24u,W01hdGFsbGFuIFRhcmFdCkxlcyBSYXZpb2xpcyBncmlsbMOpcyDDoCBsYSBmbGFtbWUgcXVlIGrigJlhaSBmYWl0cyBhdSBkw6lidXQgZXQgY2V1eCBxdWUgauKAmWFpIGZhaXRzIMOgIGxhIGZpbiBu4oCZYXZhaWVudCByaWVuIMOgIHZvaXIuIFBvdXJ0YW50LCBsZXMgdGllbnMgc29udCBleGFjdGVtZW50IGNvbW1lIGxlcyBkZXJuaWVycyBxdWUgauKAmWFpIGZhaXRzLg==,W01hdGFsbGFuIFRhcmFdCkNoYXJjb2FsLUJyb2lsZWQgQnJlYXRoIER1bXBsaW5nIHlhbmcgcGVydGFtYSBkYW4gdGVyYWtoaXIga3VidWF0IGN1a3VwIGJlcmJlZGEsLiBUYXBpIGJ1YXRhbiBrYWxpYW4gc2FtYSBwZXJzaXMgZGVuZ2FuIGJ1YXRhbiB0ZXJha2hpcmt1Lg==,W01hdGFsbGFuIFRhcmFdCkJlbmltIGlsayB5YXB0xLHEn8SxbSBLw7Ztw7xyZGUgSXpnYXJhIE5lZmVzIE1hbnTEsXPEsSBpbGUgZW4gc29uIHlhcHTEscSfxLFtIEvDtm3DvHJkZSBJemdhcmEgTmVmZXMgTWFudMSxc8SxIGVwZXkgZmFya2zEsXlkxLEuIEFtYSBzZW5pbiB5YXB0xLHEn8SxbiwgYmVuaW0gZW4gc29uIHlhcHTEscSfxLFtbGEgYXluxLEu
gbGe,W+q1reuLqOyngF0K7Iic7IiY7JW8LiDrhKQg7JqU66as64+EIOuCtOqwgCDslYzqs6Ag7J6I64qUIOunm+ydtOyeluuLiC4=,W0d1ayBEYW5qaV0KUHVyZSBza2lsbC4gWW91ciBjb29raW5nIHRhc3RlcyBqdXN0IGxpa2UgSSByZW1lbWJlci4=,,W+meoOS4ueiKnV0K5aSq5Y2V57qv5LqG44CC5L2g55qE5paZ55CG5Lmf5piv5oiR55+l6YGT55qE6YKj5Liq5ZGz6YGT5ZWK44CC,,W0d1ayBEYW5qaV0KU3Vuc3Ug4LmA4Lit4LmL4LiiIOC4reC4suC4q+C4suC4o+C4guC4reC4h+C5gOC4iOC5ieC4suC4geC5h+C5gOC4m+C5h+C4meC4o+C4quC4iuC4suC4leC4tOC4l+C4teC5iOC4guC5ieC4suC4hOC4uOC5ieC4meC5gOC4hOC4ouC5gOC4q+C4oeC4t+C4reC4meC4geC4seC4mQ==,,,W0d1ayBEYW5qaV0KU3Vuc3UuIFR1IGNvY2luYSB0YW1iacOpbiB0aWVuZSBlbCBzYWJvciBxdWUgY29ub3pjbywgwr92ZXJkYWQ/,W0d1ayBEYW5qaV0KU3Vuc3UuIERlaW4gRXNzZW4gc2NobWVja3QgZG9jaCBhdWNoIGdlbmF1c28sIHdpZSBpY2ggZXMgaW4gRXJpbm5lcnVuZyBoYWJlLg==,W0d1ayBEYW5qaV0KQ+KAmWVzdCBkdSBwdXIgdHJhZGl0aW9ubmVsLiBUYSBjdWlzaW5lIGEgbGUgZ2/Du3QgcXVlIGplIGNvbm5haXMu,W0d1ayBEYW5qaV0KTXVybmkgc2tpbGwuIE1hc2FrYW5tdSBwZXJzaXMgc2VwZXJ0aSB5YW5nIGt1aW5nYXQu,W0d1ayBEYW5qaV0KU3Vuc3UuIFNlbmluIHllbWXEn2luIGRlIGJlbmltIGJpbGRpxJ9pbSB0YXQsIGRlxJ9pbCBtaS4=
grGe,W+q1reuLqOyngF0K7ISk66eIIOq3uOuPmeyViCDsoITthrUsIOyghO2GtSDtlZjrqbTshJwg7KGw6riI64+EIOuNlCDrp5vsnojqsowg7ZWgIOuFuOugpeydhCDtlZjsp4Ag7JWK7J2AIOqyjOyVvD8=,W0d1ayBEYW5qaV0KWW91IGRpZG7igJl0IHRyeSB0byBtYWtlIGl0IHRhc3RpZXIgd2hpbGUgaW5zaXN0aW5nIG9uIHRyYWRpdGlvbiBhbGwgdGhpcyB0aW1lLCBkaWQgeW91Pw==,,W+meoOS4ueiKnV0K6Zq+6YGT5L2g6L+Z5q615pe26Ze05LiA55u05ZaK552A5Lyg57uf44CB5Lyg57uf77yM5Y205LiA54K56YO95rKh5Yqq5Yqb6K6p5a6D5pu05aW95ZCD5ZCX77yf,,W0d1ayBEYW5qaV0K4Lit4Lii4LmI4Liy4Lia4Lit4LiB4LiZ4Liw4Lin4LmI4Liy4LiX4Li14LmI4Lic4LmI4Liy4LiZ4Lih4Liy4LmA4Lit4Liy4LmB4LiV4LmI4Lii4Li24LiU4LiV4Li04LiU4LiB4Lix4Lia4LiE4Liz4Lin4LmI4LiyIOKAnOC4lOC4seC5ieC4h+C5gOC4lOC4tOC4oeKAnSDguYLguJTguKLguYTguKHguYjguJ7guKLguLLguKLguLLguKHguJvguKPguLHguJrguJvguKPguLjguIfguYPguKvguYnguK3guKPguYjguK3guKLguILguLbguYnguJnguYDguKXguKLguKvguKPguLfguK0/,,,W0d1ayBEYW5qaV0Kwr9ObyBtZSBkaWdhcyBxdWUsIGVzY3Vkw6FuZG90ZSB0b2RvIGVzdGUgdGllbXBvIGVuIGxhIHRyYWRpY2nDs24sIGxhIHRyYWRpY2nDs24sIG5vIGhhcyBoZWNobyBuaW5nw7puIGVzZnVlcnpvIHBvciBtZWpvcmFybG8/,W0d1ayBEYW5qaV0KSGFzdCBkdSBldHdhIGRpZSBnYW56ZSBaZWl0IOKAnlRyYWRpdGlvbiwgVHJhZGl0aW9u4oCcIGdlc2FndCB1bmQgZGljaCBrZWluIGJpc3NjaGVuIGJlbcO8aHQsIGVzIG5vY2ggbGVja2VyZXIgenUgbWFjaGVuPw==,W0d1ayBEYW5qaV0KTmUgbWUgZGlzIHBhcyBxdWUgcGVuZGFudCB0b3V0IGNlIHRlbXBzLCDDoCByw6lww6l0ZXIgwqsgdHJhZGl0aW9uLCB0cmFkaXRpb24gwrssIHR1IG7igJlhcyBwYXMgZmFpdCBsZSBtb2luZHJlIGVmZm9ydCBwb3VyIGzigJlhbcOpbGlvcmVyID8=,W0d1ayBEYW5qaV0KSmFuZ2FuLWphbmdhbiBzZWxhbWEgaW5pIGthbXUgdGlkYWsgYmVydXNhaGEgbWVtYnVhdG55YSBsZWJpaCBlbmFrIHNhbWEgc2VrYWxpPw==,W0d1ayBEYW5qaV0KWW9rc2EgYnVuY2EgemFtYW4g4oCcZ2VsZW5laywgZ2VsZW5la+KAnSBkZXlpcCwgYmlyYXogb2xzdW4gZGFoYSBsZXp6ZXRsaSB5YXBtYWsgacOnaW4gaGnDpyDDp2FiYSBnw7ZzdGVybWVkaW4gbWk/
g7Ge,W+q1reyInOyImF0K6re4Li4uIOq3uOqyjC4uLg==,W0d1ayBTdW5zdV0KVGgtVGgtVGhhdOKAmXMuLi4=,,W+meoOmhuua0mV0K6YKjLi4u6YKj5LiqLi4u,,W0d1ayBTdW5zdV0K4LiE4Li34Lit4oCmIOC4hOC4t+C4reC4p+C5iOC4suKApg==,,,W0d1ayBTdW5zdV0KRS4uLiBlc28uLi4=,W0d1ayBTdW5zdV0KRC1kYXMgLi4u,W0d1ayBTdW5zdV0KSmUuLi4gamUuLi4=,W0d1ayBTdW5zdV0KSXR1Li4uIGl0dS4uLg==,W0d1ayBTdW5zdV0KxZ5leS4uLiBvLi4u
hLGe,W+unj+2DiOuegCDtg4DrnbxdCuunjO2IrOyXkOyVvCwg7Jqw66asIOqwgOqyjCDrp4zrkZDrpbwg642UIOunm+yeiOqyjCDrp4zrk6Qg7IOd6rCB7J2AIOyViCDtlZwg6rGw64uIPw==,W01hdGFsbGFuIFRhcmFdCk1hbnR1ZSwgZGlkbuKAmXQgeW91IHRoaW5rIGFib3V0IG1ha2luZyBvdXIgZHVtcGxpbmdzIGV2ZW4gdGFzdGllcj8=,,W+mprOWhlOWFsMK35aGU5ouJXQrmm7zlm77ln4PllYrvvIzkvaDlsLHmsqHmg7Pov4fmiormiJHku6zlupfnmoTljIXlrZDlgZrlvpfmm7Tlpb3lkIPlkJfvvJ8=,,W01hdGFsbGFuIFRhcmFdCk1hbnR1ZSDguYDguK3guYvguKIg4LmE4Lih4LmI4LiE4Li04LiU4LiI4Liw4LiX4Liz4LmD4Lir4LmJ4LmA4LiB4Li14LmK4Lii4Lin4LiC4Lit4LiH4Lij4LmJ4Liy4LiZ4LmA4Lij4Liy4Lit4Lij4LmI4Lit4Lii4LiC4Li24LmJ4LiZ4LmA4Lil4Lii4Lir4Lij4Li34Lit4LmE4LiHPw==,,,W01hdGFsbGFuIFRhcmFdCk1hbnR1ZSwgwr9ubyBwZW5zYXN0ZSBlbiBoYWNlciBtw6FzIHJpY29zIGxvcyBtYW5kdXMgZGUgbnVlc3RyYSB0aWVuZGE/,W01hdGFsbGFuIFRhcmFdCk1hbnR1ZSwgaGFzdCBkdSBuaWNodCBkYXJhbiBnZWRhY2h0LCBkaWUgTWFuZHUgYXVzIHVuc2VyZW0gTGFkZW4gbm9jaCBsZWNrZXJlciB6dSBtYWNoZW4/,W01hdGFsbGFuIFRhcmFdCk1hbnR1ZSwgdHUgbuKAmWFzIGphbWFpcyBwZW5zw6kgw6AgcmVuZHJlIGxlcyByYXZpb2xpcyBkZSBub3RyZSBib3V0aXF1ZSBlbmNvcmUgcGx1cyBkw6lsaWNpZXV4Pw==,W01hdGFsbGFuIFRhcmFdCk1hbnR1ZSwgYXBhIGthbXUgdGFrIG1hdSBtZW1idWF0IHBhbmdzaXQga2l0YSBsZWJpaCBlbmFrPw==,W01hdGFsbGFuIFRhcmFdCk1hbnR1ZSwgYml6aW0gZMO8a2vDom7EsW4gbWFudMSxc8SxbsSxIGRhaGEgbGV6emV0bGkgeWFwbWF5xLEgaGnDpyBkw7zFn8O8bm1lZGluIG1pPw==
hbGe,W+unjO2IrOyXkCDtg4DrnbxdCuqwgCwg6rCALCDqsJDtnogg7KCE7Ya17J2YIOunm+ydhCDrsJTqvrjroKTqs6Ag7IOd6rCB7J2EIOuquyDtlojsirXri4jri6QuLi4g66m066qpIOyXhuyKteuLiOuLpC4=,W01hbnRvZSBUYXJhXQpJLUksIEktSSBjb3VsZG7igJl0IGRhcmUgYWx0ZXIgdGhlIHRyYWRpdGlvbmFsIGZsYXZvci4uLiBNeSBhcG9sb2dpZXMu,,W+abvOaJmMK35aGU5ouJXQrmiJHjgIHmiJHjgIHmiJHmgI7mlaLmg7PnnYDmlLnlj5jkvKDnu5/nmoTlkbPpgZMuLi7ml6Dpopzku6Xlr7njgII=,,W01hbnRvZSBUYXJhXQrguILguLAg4LiC4LmJ4Liy4oCm4LmE4Lih4LmI4LiB4Lil4LmJ4Liy4LiE4Li04LiU4LiI4Liw4LmA4Lib4Lil4Li14LmI4Lii4LiZ4Lij4Liq4LiU4Lix4LmJ4LiH4LmA4LiU4Li04Lih4oCmIOC4guC5ieC4suC4peC4sOC4reC4suC4ouC4ouC4tOC5iOC4h+C4meC4seC4gQ==,,,W01hbnR1ZSBUYXJhXQrCoU4tbm8gbWUgYXRyZXbDrSBhIHBlbnNhciBlbiBjYW1iaWFyIGVsIHNhYm9yIHRyYWRpY2lvbmFsLi4uISBObyB0ZW5nbyBwZXJkw7NuLg==,W01hbnR1ZSBUYXJhXQpJLWljaC4uLiBpY2ggaGFiZSBlcyBuaWNodCBlaW5tYWwgZ2V3YWd0LCBhdWNoIG51ciBkYXJhbiB6dSBkZW5rZW4sIGRlbiB0cmFkaXRpb25lbGxlbiBHZXNjaG1hY2sgenUgdmVyw6RuZGVybi4uLiBWZXJ6ZWlodCBtaXIu,W01hbnR1ZSBUYXJhXQpKZS4uLiBqZS4uLiBqZSBu4oCZYWkgcGFzIG9zw6kgcGVuc2VyIMOgIGNoYW5nZXIgbGUgZ2/Du3QgZGUgbGEgdHJhZGl0aW9uLi4uIEplIG7igJlhaSBwYXMgZOKAmWV4Y3VzZS4=,W01hbnR1ZSBUYXJhXQpBLWFrdSB0YWsgYmVyYW5pIG1lbmd1YmFoIHJhc2EgYXNsaW55YS4uLiBNYWFma2FuIGFrdS4=,W01hbnRvZSBUYXJhXQpCZSwgYmUsIGJlbi4uLiBoYWRkaW1lIGTDvMWfbWV6LCBnZWxlbmXEn2luIHRhZMSxbsSxIGRlxJ9pxZ90aXJtZXlpIGTDvMWfw7xuZW1lZGltLi4uClnDvHrDvG0geW9rLg==
hrGe,W+unjO2IrOyXkCDtg4DrnbxdCu2VmCwg7ZWY7KeA66eMIOydtOygnOuKlCEg64W466Cl7ZW07IScIOuNlCDsnbTsg4Eg7KCE7Ya17J2EIO2VhOyalOuhnCDtlZjsp4Ag7JWK64qULCDsg4gg7KCE7Ya17J20IOuQoCDqsoHri4jri6QuIOygnOqwgCDrp5DsnoXri4jri6Qh,W01hbnRvZSBUYXJhXQpCLUJ1dCBub3chIFdpdGggZWZmb3J0LCBpdCB3aWxsIGJlY29tZSBhIG5ldyB0cmFkaXRpb24gdGhhdCBubyBsb25nZXIgcmVsaWVzIG9uIHRoZSBvbGQgb25lLiBUaGF04oCZcyBteSBwcm9taXNlIQ==,,W+abvOaJmMK35aGU5ouJXQrlj6/jgIHlj6/mmK/njrDlnKjotbfvvIHmiJHkvJrliqrlipvvvIzorqnlroPmiJDkuLrkuI3lho3pnIDopoHkvKDnu5/nmoTlhajmlrDkvKDnu5/jgILor7TnmoTlsLHmmK/miJHvvIE=,,W01hbnRvZSBUYXJhXQrguJXguLAg4LmB4LiV4LmI4LiI4Liy4LiB4LiZ4Li14LmJ4LmE4LibIOC4guC5ieC4suC4iOC4sOC4quC4o+C5ieC4suC4h+C4leC4s+C4meC4suC4meC4muC4l+C5g+C4q+C4oeC5iCDguJfguLXguYjguYTguKHguYjguJXguYnguK3guIfguJ7guLbguYjguIfguITguLPguKfguYjguLLguJTguLHguYnguIfguYDguJTguLTguKHguYDguK3guIch,,,W01hbnR1ZSBUYXJhXQpQLXBlcm8sIMKhYSBwYXJ0aXIgZGUgYWhvcmEhIE1lIGVzZm9yemFyw6kgcGFyYSBjcmVhciB1bmEgbnVldmEgdHJhZGljacOzbiBxdWUgeWEgbm8gbmVjZXNpdGUgZGVwZW5kZXIgZGUgbGEgYW50aWd1YS4gwqFZbyBsbyBoYXLDqSE=,W01hbnR1ZSBUYXJhXQpBLWFiZXIgdm9uIGpldHp0IGFuISBJY2ggd2VyZGUgbWljaCBhbnN0cmVuZ2VuIHVuZCBzZWxic3QgenUgZWluZXIgbmV1ZW4gVHJhZGl0aW9uIHdlcmRlbiwgZGllIHNpY2ggbmljaHQgbWVociBudXIgYXVmIGRpZSBhbHRlIFRyYWRpdGlvbiBzdMO8dHplbiBtdXNzIQ==,W01hbnR1ZSBUYXJhXQpNLW1haXMgbWFpbnRlbmFudCAhIEplIHZhaXMgZmFpcmUgZGVzIGVmZm9ydHMsIGV0IMOnYSBkZXZpZW5kcmEgdW5lIG5vdXZlbGxlIHRyYWRpdGlvbiBxdWkgbuKAmWF1cmEgcGx1cyBiZXNvaW4gZGUgbOKAmWFuY2llbm5lIHRyYWRpdGlvbi4gTW9pLCBqZSB2b3VzIGxlIGRpcyEg,W01hbnR1ZSBUYXJhXQpUYS10YXBpIG11bGFpIHNla2FyYW5nLCBha3UgYWthbiBiZXJ1c2FoYSBtZW5qYWRpa2FubnlhIHRyYWRpc2kgeWFuZyB0YWsgdGVyaWthdCBtYXNhIGxhbHUuIEFrdSBiZXJqYW5qaSE=,W01hbnRvZSBUYXJhXQpBLCBhbWEgYXJ0xLFrIQrDh2FiYWxhecSxcCwgYXJ0xLFrIGdlbGVuZcSfZSBpaHRpeWHDpyBkdXltYXlhbiwgeWVuaSBiaXIgZ2VsZW5layBvbGFjYcSfxLFtLiBCZW4geWFuaSE=
h7Ge,W+q1reyInOyImF0K7JiILi4uIOyggOuPhCwg642UIOuFuOugpe2VtOyEnCDrjZQg7ZuM66Wt7ZWcIOunm+ycvOuhnCDrp4jsnYTqs7wg6rSA6rSR6rCd65Ok7JeQ6rKMIOyekOuekeyKpOufrOyatCDqsIDqsozrpbwg66eM65Ok6rKg7Iq164uI64uk7JqULg==,W0d1ayBTdW5zdV0KWWVzLi4uIEkgd2lsbCBhbHNvIHdvcmsgaGFyZGVyIHRvIGNyZWF0ZSBhIHNob3Agb3VyIHZpbGxhZ2UgYW5kIFRvdXJpc3QgY2FuIGJlIHByb3VkIG9mLCB3aXRoIGFuIGV2ZW4gcmljaGVyIGZsYXZvci4=,,W+meoOmhuua0mV0K5pivLi4u5oiR5Lmf5Lya5pu05Yqg5Yqq5Yqb77yM5YGa5Ye65pu05Ye66Imy55qE5ZGz6YGT77yM5omT6YCg5LiA5a626IO96K6p5p2R5a2Q5ZKM5ri45a6i5Lus5byV5Lul5Li65YKy55qE5bqX44CC,,W0d1ayBTdW5zdV0K4LiC4LmJ4Liy4LmA4Lit4LiH4LiB4LmH4LiI4Liw4Lie4Lii4Liy4Lii4Liy4Lih4LmA4LiK4LmI4LiZ4LiB4Lix4LiZIOC4iOC4sOC4l+C4s+C5g+C4q+C5ieC4o+C4quC4iuC4suC4leC4tOC4lOC4teC4ouC4tOC5iOC4h+C4guC4tuC5ieC4meC4iOC4meC5gOC4m+C5h+C4meC4o+C5ieC4suC4meC4l+C4teC5iOC4q+C4oeC4ueC5iOC4muC5ieC4suC4meC5geC4peC4sOC4meC4seC4geC4l+C5iOC4reC4h+C5gOC4l+C4teC5iOC4ouC4p+C4oOC4ueC4oeC4tOC5g+C4iA==,,,W0d1ayBTdW5zdV0KU8OtLi4uIFlvIHRhbWJpw6luIG1lIGVzZm9yemFyw6kgbcOhcyBwYXJhIGNvbnZlcnRpciBudWVzdHJhIHRpZW5kYSBlbiB1biBvcmd1bGxvIHBhcmEgZWwgcHVlYmxvIHkgbG9zIHR1cmlzdGFzLCBjb24gdW4gc2Fib3IgYcO6biBtw6FzIGV4Y2VsZW50ZS4=,W0d1ayBTdW5zdV0KSmEgLi4uIGljaCB3ZXJkZSBtaWNoIGViZW5mYWxscyBub2NoIG1laHIgYW5zdHJlbmdlbiB1bmQgbWl0IG5vY2ggYmVzc2VyZW0gR2VzY2htYWNrIGVpbmVuIExhZGVuIGRhcmF1cyBtYWNoZW4sIGF1ZiBkZW4gZGFzIERvcmYgdW5kIGRpZSBUb3VyaXN0ZW4gc3RvbHogc2VpbiBrw7ZubmVuLg==,W0d1ayBTdW5zdV0KT3VpLi4uIG1vaSBhdXNzaSwgamUgZmVyYWkgZGVzIGVmZm9ydHMuIEplIGZlcmFpIHVuZSBib3V0aXF1ZSBkb250IGxlIHZpbGxhZ2UgZXQgbGVzIFRvdXJpc3RlIHNlcm9udCBmaWVycywgYXZlYyB1biBnb8O7dCBlbmNvcmUgbWVpbGxldXIu,W0d1ayBTdW5zdV0KWWEuLi4gYWt1IGp1Z2EgYWthbiBiZXJ1c2FoYSBsZWJpaCBrZXJhcywgZGFuIG1lbWJ1YXQgdG9rbyB5YW5nIGJpc2EgZGliYW5nZ2FrYW4gb2xlaCBkZXNhIGRhbiB0dXJpcyBkZW5nYW4gcmFzYSB5YW5nIGxlYmloIGtheWEu,W0d1ayBTdW5zdV0KRXZldC4uLiBiZW4gZGUgZGFoYSDDp29rIMOnYWJhbGF5xLFwLCBkYWhhIGRhIG3DvGtlbW1lbCBiaXIgdGF0bGEga2FzYWJheWEgdmUgVHVyaXN0bGVyZSBndXJ1ciBkdXl1bGFjYWsgYmlyIGTDvGtrw6JuIHlhcGFjYcSfxLFtLg==
iLGe,W+unj+2DiOuegCDtg4DrnbxdCu2YuO2YuC4uLiDqt7jrnpguIOq3uCDrp5DsnbQg65Oj6rOgIOyLtuyXiOyngC4g7Jik656c66eM7JeQIOuCmOuTpOydtOulvCDrgpjsmKgg67O0656M7J20IOyeiOq1rOuCmC4=,W01hdGFsbGFuIFRhcmFdCkhvaG8uLi4gVGhhdOKAmXMgd2hhdCBJIHdhbnRlZCB0byBoZWFyLiBXb3J0aCB0aGUgdHJpcCBhZnRlciBzbyBsb25nLg==,,W+mprOWhlOWFsMK35aGU5ouJXQrlkbXlkbUuLi7lpb3jgILlsLHmmK/mg7PlkKzkvaDov5nkuYjor7TjgILpmr7lvpflh7rmnaXotbDotbDvvIzkuZ/nrpflgLzlvpfkuobjgII=,,W01hdGFsbGFuIFRhcmFdCuC5guC4ruC4sOC5guC4ruC4sOKApiDguJTguLXguKXguYjguLAg4LiC4LmJ4Liy4Lit4Lii4Liy4LiB4LmE4LiU4LmJ4Lii4Li04LiZ4LiE4Liz4LiZ4Li14LmJ4LmB4Lir4Lil4LiwIOC4reC4reC4geC4oeC4suC5gOC4l+C4teC5iOC4ouC4p+C4hOC4o+C4suC4p+C4meC4teC5ieC4hOC4uOC5ieC4oeC4hOC5iOC4suC5geC4peC5ieC4p+C4iOC4o+C4tOC4hyDguYY=,,,W01hdGFsbGFuIFRhcmFdCkpvLCBqby4uLiBTw60uIEVzbyBlcmEgbG8gcXVlIHF1ZXLDrWEgb8Otci4gSGEgdmFsaWRvIGxhIHBlbmEgc2FsaXIgZGUgcGFzZW8gZGVzcHXDqXMgZGUgdGFudG8gdGllbXBvLg==,W01hdGFsbGFuIFRhcmFdCkhvaG8uLi4gSmEuIERhcyB3b2xsdGUgaWNoIGjDtnJlbi4gRXMgaGF0IHNpY2ggZ2Vsb2hudCwgbmFjaCBsYW5nZXIgWmVpdCBtYWwgd2llZGVyIGF1c3p1Z2VoZW4u,W01hdGFsbGFuIFRhcmFdCkhvaG8uLi4gQmllbi4gQ+KAmWVzdCBjZSBxdWUgamUgdm91bGFpcyBlbnRlbmRyZS4gQ2VsYSB2YWxhaXQgbGEgcGVpbmUgZGUgc29ydGlyIG1lIHByb21lbmVyIGFwcsOocyBzaSBsb25ndGVtcHMu,W01hdGFsbGFuIFRhcmFdCkhvaG8uLi4gSXR1IHlhbmcgaW5naW4ga3VkZW5nYXIuIEFkYSBndW5hbnlhIGFrdSBrZWx1YXIgc2V0ZWxhaCBzZWtpYW4gbGFtYS4=,W01hdGFsbGFuIFRhcmFdCkhvaG8uLi4gxLB5aS4gRHV5bWFrIGlzdGVkacSfaW0gc8O2eiBidXlkdS4gVXp1biB6YW1hbiBzb25yYSBkxLHFn2FyxLEgw6fEsWttYW1hIGRlxJ9kaS4=
ibGe,W+q1reuLqOyngF0K64KY656RIOunj+2DiOuegOydgCDqt7jrn7wg7J2066eMIOuTpOyWtOqwgCDrs7Trp4guIOq3uOufvCDrgpjriITsi5zrjZgg7J207JW86riwIOqzhOyGjSDrgpjriITshLjsmpQu,W0d1ayBEYW5qaV0KVGhlbiBNYXRhbGxhbiBhbmQgSSB3aWxsIGhlYWQgaW5zaWRlLiBZb3UgY29udGludWUgeW91ciBkaXNjdXNzaW9uLg==,,W+meoOS4ueiKnV0K6YKj5oiR5ZKM6ams5aGU5YWw5bCx5YWI6L+b5Y675ZCn44CC5L2g5Lus57un57ut6IGK5Yia5omN55qE6K+d6aKY44CC,,W0d1ayBEYW5qaV0K4LiC4LmJ4Liy4LiB4Lix4LiaIE1hdGFsbGFuIOC4guC4reC4leC4seC4p+C4geC4peC4seC4muC4geC5iOC4reC4mSDguJ7guKfguIHguYDguIjguYnguLLguIHguYfguITguLjguKLguIHguLHguJnguJXguYjguK3guYDguJbguK3guLA=,,,W0d1ayBEYW5qaV0KTWF0YWxsYW4geSB5byBub3MgcmV0aXJhcmVtb3MgeWEuIFNlZ3VpZCBjb24gbGEgY29udmVyc2FjacOzbiBxdWUgZXN0YWJhaXMgdGVuaWVuZG8u,W0d1ayBEYW5qaV0KTWF0YWxsYW4gdW5kIGljaCBnZWhlbiBkYW5uIG1hbCB3aWVkZXIgaGluZWluLiBEYW5uIHJlZGV0IHJ1aGlnIHdlaXRlci4=,W0d1ayBEYW5qaV0KQWxvcnMsIE1hdGFsbGFuIGV0IG1vaSwgbm91cyBhbGxvbnMgcmVudHJlci4gQ29udGludWV6IGRvbmMgdm90cmUgY29udmVyc2F0aW9uLg==,W0d1ayBEYW5qaV0KS2FsYXUgYmVnaXR1LCBha3UgZGFuIE1hdGFsbGFuIGFrYW4gbWFzdWsgZHVsdS4gU2lsYWthbiBsYW5qdXRrYW4gZGlza3VzaSBrYWxpYW4u,W0d1ayBEYW5qaV0KQmVuIHZlIE1hdGFsbGFuIG8gaMOibGRlIGFydMSxayBpw6dlcmkgZ2XDp2VsaW0uIFNpeiBkZSBrb251xZ90dcSfdW51eiDFn2V5aSBrb251xZ9tYXlhIGRldmFtIGVkaW4u
irGe,W+y9lOuqqOu5hF0K7JiILCDrk6TslrTqsIDsi63si5zsmKQg7Ja066W07Iug65OkLgouLi7rrZAsIOydtOufsCDsnbTslbzquLDqsIAg65CY7JeI6rWw7JqULg==,W0tvbW9iaV0KWWVzLCBwbGVhc2UgY29tZSBpbiwgZWxkZXJzLiAuLi5XZWxsLCB0aGF04oCZcyBob3cgaXQgd2VudC4=,,W+enkeiOq+avlF0K5piv77yM6K+36L+b77yM6ZW/6L6I5Lus44CCCi4uLuWXr++8jOS6i+aDheWwseWPmOaIkOi/meagt+S6huOAgg==,,W0tvbW9iaV0K4LmA4LiK4Li04LiN4LiB4Lil4Lix4Lia4LmE4Lib4Lie4Lix4LiB4LmA4LiW4Lit4LiwIOC4l+C5iOC4suC4meC4nOC4ueC5ieC5gOC4kuC5iOC4sgrigKbguYDguKPguLfguYjguK3guIfguKPguLLguKfguJnguLXguYnguIHguYfguKXguIfguYDguK3guKLguYHguJrguJrguJnguLXguYnguKrguLTguJnguLA=,,,W0tvbW9iaV0KU8OtLCB2dWVsdmFuIGNvbiBjdWlkYWRvLCBzZcOxb3Jlcy4KLi4uQnVlbm8sIGFzw60gZXMgY29tbyBoYSBhY2FiYWRvIGVzdGEgaGlzdG9yaWEu,W0tvbW9iaV0KSmEsIGJpdHRlIGdlaHQgbnVyIGhpbmVpbiwgaWhyIGJlaWRlbiDDhGx0ZXN0ZW4uCi4uLlRqYSwgamV0enQgaXN0IGRhcmF1cyBhbHNvIHNvIGVpbmUgR2VzY2hpY2h0ZSBnZXdvcmRlbi4=,W0tvbW9iaV0KT3VpLCByZW50cmV6LCBjaGVycyBhw65uw6lzLgouLi5FaCBiaWVuLCB2b2lsw6Agb8O5IGNldHRlIGhpc3RvaXJlIG5vdXMgYSBtZW7DqXMu,W0tvbW9iaV0KWWEsIHNpbGFrYW4sIHBhcmEgdGV0dWEuCi4uLkphZGksIGJlZ2l0dWxhaC4=,W0tvbW9iaV0KRXZldCwgYnV5dXJ1biBpw6dlcmksIGLDvHnDvGtsZXIuCi4uLkRlbWVrIGnFnyBidXJheWEgdmFyZMSxLg==
i7Ge,W+y9lOuqqOu5hF0K65GQIOu2hCDslrTrpbTsi6Ag66eQ7JSA7J2EIOuTo+qzoCDrgpjri4gsIOydtOygnOyVvCDslrTrlrvqsowg65CcIOqxtOyngCDslYzqsqDsirXri4jri6QuCuq1reyInOyImCDslKgsIOq3uOumrOqzoCDrp4ztiKzsl5Ag7YOA6528IOyUqC4g7J207KCc64qUIOqysOqzvOyXkCDsirnrs7XtlZjsi6Qg7IiYIOyeiOyKteuLiOq5jD8=,W0tvbW9iaV0KQWZ0ZXIgaGVhcmluZyBib3RoIG9mIHlvdSwgSSBmaW5hbGx5IHVuZGVyc3RhbmQuIEd1ayBTdW5zdSwgYW5kIE1hbnRvZSBUYXJhLCBjYW4geW91IGFjY2VwdCB0aGUgb3V0Y29tZSBub3c/,,W+enkeiOq+avlF0K5ZCs5LqG5Lik5L2N6ZW/6L6I55qE6K+d77yM5oiR546w5Zyo5omN5piO55m95piv5oCO5LmI5Zue5LqL44CCCumeoOmhuua0me+8jOi/mOacieabvOWbvuWfg8K35aGU5ouJ44CC546w5Zyo5L2g5Lus6IO95o6l5Y+X57uT5p6c5LqG5ZCX77yf,,W0tvbW9iaV0K4Lie4Lit4LmE4LiU4LmJ4Lif4Lix4LiH4LmA4Lij4Li34LmI4Lit4LiH4Lij4Liy4Lin4LiI4Liy4LiB4LiX4Lix4LmJ4LiH4Liq4Lit4LiH4Lid4LmI4Liy4LiiIOC4guC5ieC4suC4geC5h+C5gOC4guC5ieC4suC5g+C4iOC4l+C4uOC4geC4reC4ouC5iOC4suC4h+C5geC4peC5ieC4pwpHdWsgU3Vuc3Ug4LmB4Lil4LiwIE1hbnR1ZSBUYXJhIOC4nuC4p+C4geC5gOC4iOC5ieC4suC4ouC4reC4oeC4o+C4seC4muC4nOC4peC4leC4seC4lOC4quC4tOC4meC5hOC4lOC5ieC4q+C4o+C4t+C4reC5hOC4oeC5iA==,,,W0tvbW9iaV0KRGVzcHXDqXMgZGUgZXNjdWNoYXIgYSBsYXMgZG9zIHBlcnNvbmFzIG1heW9yZXMsIHBvciBmaW4gZW50aWVuZG8gbG8gb2N1cnJpZG8uCkd1ayBTdW5zdSB5IE1hbnR1ZSBUYXJhLCDCv3B1ZWRlbiBhY2VwdGFyIHlhIGVsIHJlc3VsdGFkbz8=,W0tvbW9iaV0KTmFjaGRlbSBpY2ggZGVuIFdvcnRlbiBkZXIgYmVpZGVuIMOEbHRlc3RlbiB6dWdlaMO2cnQgaGFiZSwgdmVyc3RlaGUgaWNoIGVuZGxpY2gsIHdpZSBlcyBkYXp1IGdla29tbWVuIGlzdC4KR3VrIFN1bnN1LCB1bmQgSWhyLCBNYW50dWUgVGFyYS4gS8O2bm50IElociBkYXMgRXJnZWJuaXMgbnVuIGFremVwdGllcmVuPw==,W0tvbW9iaV0KQXByw6hzIGF2b2lyIGVudGVuZHUgbGVzIHBhcm9sZXMgZGUgdm91cyBkZXV4LCBjaGVycyBhw65uw6lzLCBqZSBjb21wcmVuZHMgZW5maW4gY2UgcXVpIHPigJllc3QgcGFzc8OpLgpHdWsgU3Vuc3UsIGV0IE1hbnR1ZSBUYXJhLiDDgCBwcsOpc2VudCwgcG91dmV6LXZvdXMgYWNjZXB0ZXIgbGUgcsOpc3VsdGF0Pw==,W0tvbW9iaV0KU2V0ZWxhaCBtZW5kZW5nYXIga2FsaWFuIGJlcmR1YSwgYWtoaXJueWEgYWt1IG1lbmdlcnRpLiBHdWsgU3Vuc3UgZGFuIE1hbnR1ZSBUYXJhLCBhcGEga2FsaWFuIG1lbmVyaW1hIGhhc2lsbnlhPw==,W0tvbW9iaV0KxLBraSBiw7x5w7zEn8O8biBzw7Z6bGVyaW5pIGRpbmxleWluY2UsIGFuY2FrIMWfaW1kaSBuZSBvbGR1xJ91bnUgYW5sYWTEsW0uCkd1ayBTdW5zdSBiZXkgdmUgTWFudHVlIFRhcmEgYmV5LiBBcnTEsWsgc29udWNhIHJhesSxIG9sYWJpbGVjZWsgbWlzaW5pej8=
jLGe,6rWt7Iic7IiYIDog7JiILi4uIOyYiOyXkC4=,R3VrIFN1bnN1IFllcy4uLiB5ZXMu,,6Z6g6aG65rSZOiDmmK8uLi7mmK/nmoTjgII=,,R3VrIFN1bnN1IDog4LiC4Liw4oCm4LiC4LmJ4Liy4Lii4Lit4Lih4Lij4Lix4Lia,,,R3VrIFN1bnN1OiBTw60uLi4gU8OtLg==,R3VrIFN1bnN1IDogSmEgLi4uIGotamEu,R3VrIFN1bnN1IDogT3VpLi4uIG91aS4=,R3VrIFN1bnN1IDogWWEuLi4geWEu,R3VrIFN1bnN1IDogRXZldC4uLiBldmV0Lg==
jbGe,66eM7Yis7JeQIDog7Iq567O17ZWp64uI64ukLi4uIQ==,TWFudHVlIEkgYWNjZXB0Li4uIQ==,,5pu85Zu+5Z+DOiDmiJHmjqXlj5cuLi7vvIE=,,TWFudHVlIDog4LiC4LmJ4Liy4Lii4Lit4Lih4Lij4Lix4Lia,,,TWFudHVlOiDCoUxvIGFjZXB0by4uLiE=,TWFudHVlIDogSWNoIGbDvGdlIG1pY2ggLi4uIQ==,TWFudHVlIDogSmUgbOKAmWFjY2VwdGUuLi4h,TWFudHVlIDogQWt1IG1lbmVyaW1hbnlhLi4uIQ==,TWFudHVlIDogUmF6xLF5xLFtLi4uIQ==
jrGe,W+y9lOuqqOu5hF0K7KeEIOyqveydtCDqsIDqsozrpbwg64ur7JWE7JW8IO2VnOuLpOqxsOuCmCwg6re465+wIOqwgO2Yue2VnCDsp5PsnYAg7ZWY7KeAIOyViuqyoOyKteuLiOuLpC4g65GQIOu2hOydmCDsmpTrpqzrpbwg7KKL7JWE7ZWY64qUIOu2hOuTpOuPhCDrtoTrqoUg7J6I7Jy864uI6rmM7JqULg==,W0tvbW9iaV0KVGhlIGxvc2luZyBzaWRlIHdvbuKAmXQgaGF2ZSB0byBjbG9zZSB0aGVpciBzaG9wIG9yIGZhY2UgaGFyc2ggY29uc2VxdWVuY2VzLiBUaGVyZSBhcmUgY2VydGFpbmx5IHBhdHJvbnMgd2hvIGxvdmUgYm90aCBjdWlzaW5lcy4=,,W+enkeiOq+avlF0K5oiR5LiN5Lya5YGa6YKj56eN5q6L6YW355qE5LqL77yM5q+U5aaC6L6T55qE5LiA5pa55bCx5b6X5YWz5bqX5LmL57G755qE44CC5q+V56uf5Lmf5LiA5a6a5pyJ5Lq65Zac5qyi5Lik5L2N5YGa55qE5paZ55CG44CC,,W0tvbW9iaV0K4LiC4LmJ4Liy4LiI4Liw4LmE4Lih4LmI4LiX4Liz4LmA4Lij4Li34LmI4Lit4LiH4LmC4Lir4LiU4Lij4LmJ4Liy4Lii4Lit4Lii4LmI4Liy4LiH4LmD4Lir4LmJ4Lid4LmI4Liy4Lii4LiX4Li14LmI4LmB4Lie4LmJ4LiV4LmJ4Lit4LiH4Lib4Li04LiU4Lij4LmJ4Liy4LiZ4Lir4Lij4Lit4LiBIOC5gOC4nuC4o+C4suC4sOC4ouC5iOC4reC4oeC4oeC4teC4hOC4meC4l+C4teC5iOC4iuC4reC4muC4reC4suC4q+C4suC4o+C4guC4reC4h+C4nuC4p+C4geC5gOC4iOC5ieC4suC4reC4ouC4ueC5iOC5geC4meC5iOC4meC4reC4mQ==,,,W0tvbW9iaV0KTm8gaGFyw6kgbmFkYSB0YW4gY3J1ZWwgY29tbyBvYmxpZ2FyIGEgcXVpZW4gaGF5YSBwZXJkaWRvIGEgY2VycmFyIHN1IHRpZW5kYS4gU2VndXJvIHF1ZSBoYXkgZ2VudGUgYSBsYSBxdWUgbGUgZ3VzdGEgbGEgY29jaW5hIGRlIGFtYm9zLg==,W0tvbW9iaV0KSWNoIHdlcmRlIG5pY2h0cyBzbyBHcmF1c2FtZXMgdHVuLCB3aWUgZGFzcyBkaWUgdW50ZXJsZWdlbmUgU2VpdGUgZGVuIExhZGVuIHNjaGxpZcOfZW4gbXVzcy4gRXMgZ2lidCBiZXN0aW1tdCBhdWNoIExldXRlLCBkaWUgZXVyZSBLw7xjaGUgbcO2Z2VuLg==,W0tvbW9iaV0KSmUgbmUgZmVyYWkgcGFzIHF1ZWxxdWUgY2hvc2UgZOKAmWF1c3NpIGNydWVsIHF1ZSBk4oCZb2JsaWdlciBsZSBwZXJkYW50IMOgIGZlcm1lciBib3V0aXF1ZS4gSWwgeSBhIGZvcmPDqW1lbnQgZGVzIGdlbnMgcXVpIGFpbWVudCBsYSBjdWlzaW5lIGRlIHZvdXMgZGV1eC4=,W0tvbW9iaV0KQWt1IHRhayBha2FuIG1lbWFrc2EgeWFuZyBrYWxhaCBtZW51dHVwIHRva29ueWEuIFBhc3RpIGFkYSBwZWxhbmdnYW4geWFuZyBzdWthIGtlZHVhIG1hc2FrYW4u,W0tvbW9iaV0KS2F5YmVkZW4gdGFyYWbEsW4gZMO8a2vDom7EsSBrYXBhdG1hc8SxIGdpYmksIMO2eWxlIGFjxLFtYXPEsXogYmlyIMWfZXkgeWFwbWF5YWNhxJ/EsW0uIMOHw7xua8O8IGlraW5pemluIHllbWXEn2luaSBzZXZlbmxlciBkZSBtdXRsYWthIHZhcmTEsXIu
j7Ge,W+y9lOuqqOu5hF0K65GQIOu2hCDri6Qg7JWe7Jy866GcIOuNlCDsoovsnYAg6rCA6rKM66W8IOunjOuTpOyWtOyjvOyLpOqxsOudvCDrr7/sirXri4jri6QuCuq3uOufvCDrqqjtl5jqsIDri5gsIOyXrOq4sOq5jOyngCDtlajqu5gg7ZW0IOyjvOyFlOyEnCDqsJDsgqztlanri4jri6Qu,W0tvbW9iaV0KSSBiZWxpZXZlIGJvdGggb2YgeW91IHdpbGwgY29udGludWUgdG8gY3JlYXRlIGV2ZW4gYmV0dGVyIHNob3BzLiBBZHZlbnR1cmVyLCB0aGFuayB5b3UgZm9yIGJlaW5nIHBhcnQgb2YgdGhpcy4=,,W+enkeiOq+avlF0K5oiR55u45L+h5Lik5L2N5LuK5ZCO6YO95Lya5oqK5bqX5YGa5b6X5pu05aW944CCCumCo+S5iO+8jOWGkumZqeWutu+8jOaEn+iwouS9oOmZquaIkeS7rOi1sOWIsOi/memHjOOAgg==,,W0tvbW9iaV0K4LiC4LmJ4Liy4LmA4LiK4Li34LmI4Lit4Lin4LmI4Liy4Lie4Lin4LiB4LmA4LiI4LmJ4Liy4LiX4Lix4LmJ4LiH4Liq4Lit4LiH4LiI4Liw4Lie4Lix4LiS4LiZ4Liy4Lij4LmJ4Liy4LiZ4LmD4Lir4LmJ4LiU4Li14Lii4Li04LmI4LiH4LiC4Li24LmJ4LiZ4LmE4LiU4LmJCuC4l+C5iOC4suC4meC4meC4seC4geC4nOC4iOC4jeC4oOC4seC4oiDguILguK3guJrguITguLjguJPguJfguLXguYjguYDguILguYnguLLguKHguLLguKHguLXguKrguYjguKfguJnguKPguYjguKfguKHguIHguLHguJrguYDguKPguLfguYjguK3guIfguYPguJnguITguKPguLHguYnguIfguJnguLXguYk=,,,W0tvbW9iaV0KQ29uZsOtbyBlbiBxdWUgbG9zIGRvcyBjcmVhcsOhbiBtZWpvcmVzIHRpZW5kYXMgZGUgYWhvcmEgZW4gYWRlbGFudGUuClkgYSB1c3RlZCwgQXZlbnR1cmVybywgZ3JhY2lhcyBwb3IgYWNvbXBhw7Fhcm5vcyBoYXN0YSBhcXXDrS4=,W0tvbW9iaV0KSWNoIGdsYXViZSwgZGFzcyBJaHIgYmVpZGUgdm9uIG51biBhbiBub2NoIGJlc3NlcmUgTMOkZGVuIGbDvGhyZW4gd2VyZGV0LgpVbmQgRXVjaCwgQWJlbnRldXJlciwgZGFua2UgaWNoLCBkYXNzIElociB1bnMgYmlzIGhpZXJoZXIgYmVnbGVpdGV0IGhhYnQu,W0tvbW9iaV0KSmUgY3JvaXMgcXVlIHZvdXMgZGV1eCBmZXJleiwgw6AgbOKAmWF2ZW5pciwgdW5lIGJvdXRpcXVlIGVuY29yZSBtZWlsbGV1cmUuCkFsb3JzLCBBdmVudHVyaWVyLCBtZXJjaSBkZSBub3VzIGF2b2lyIGFjY29tcGFnbsOpcyBqdXNxdeKAmWljaS4=,W0tvbW9iaV0KQWt1IHBlcmNheWEga2FsaWFuIGJlcmR1YSBha2FuIG1lbWJ1YXQgdG9rbyB5YW5nIGxlYmloIGJhaWsga2UgZGVwYW5ueWEuCkFkdmVudHVyZXIsIHRlcmltYSBrYXNpaCBzdWRhaCBpa3V0IGFtYmlsIGJhZ2lhbi4=,W0tvbW9iaV0KxLBraW5pemluIGRlIGJ1bmRhbiBzb25yYSBkYWhhIGl5aSBiaXIgZMO8a2vDom4geWFwYWNhxJ/EsW7EsXphIGluYW7EsXlvcnVtLgpPIGjDomxkZSBtYWNlcmFjxLEsIGJ1cmF5YSBrYWRhciBiaXJsaWt0ZSBnZWxkacSfaW5peiBpw6dpbiB0ZcWfZWtrw7xyIGVkZXJpbS4=
kLGe,W+y9lOuqqOu5hF0K7IiY6rOg7ZW07KO87IugIOuNsCDrjIDtlbQg6rCQ7IKs7J2YIO2RnOyLnOulvCDsobDquIgg7ZW0IOuTnOumrOqyoOyKteuLiOuLpC4K7L2U66qo64+E7JeQIOuYkCDsmYDshJwsIOyVnuycvOuhnCDrjZQg66eb7J6I7Ja07KeIIOyggO2drOydmCDsg4jroZzsmrQg7KCE7Ya1IOyalOumrOulvCDrk5zshZQg7KO87IS47JqULg==,W0tvbW9iaV0KQXMgYSB0b2tlbiBvZiBhcHByZWNpYXRpb24sIGhlcmXigJlzIGEgc21hbGwgZ2lmdC4gQ29tZSBhZ2FpbiB0byBDb21vZG8gYW5kIGVuam95IG91ciBuZXcgdHJhZGl0aW9uYWwgZGlzaGVzIGFzIHRoZXkgZ2V0IGV2ZW4gdGFzdGllci4=,,W+enkeiOq+avlF0K5Li65LqG5oSf6LCi5L2g55qE6L6b5Yqz77yM5oiR5Lya57uZ5L2g5LiA54K56LCi5oSP44CCCuS5n+ivt+S9oOWGjeadpeWFi+mtlOWym++8jOWTgeWwneaIkeS7rOS7iuWQjuS8muWPmOW+l+abtOe+juWRs+eahOWFqOaWsOS8oOe7n+aWmeeQhuOAgg==,,W0tvbW9iaV0K4LmA4Lie4Li34LmI4Lit4LmA4Lib4LmH4LiZ4LiB4Liy4Lij4LiC4Lit4Lia4LiE4Li44LiTIOC4guC5ieC4suC4guC4reC4oeC4reC4muC4guC4reC4h+C4leC4reC4muC5geC4l+C4meC5gOC4peC5h+C4gSDguYYg4LiZ4LmJ4Lit4LiiIOC5hiDguYPguKvguYkK4LmB4Lin4Liw4LiB4Lil4Lix4Lia4Lih4LiyIENvbW9kbyDguK3guLXguIHguJnguLAg4LmB4Lil4LmJ4Lin4Lih4Liy4Lil4Lit4LiH4LiK4Li04Lih4Lit4Liy4Lir4Liy4Lij4LiU4Lix4LmJ4LiH4LmA4LiU4Li04Lih4LiC4Lit4LiH4Lie4Lin4LiB4LmA4Lij4LiyIOC4l+C4teC5iOC4iOC4sOC4reC4o+C5iOC4reC4ouC4ouC4tOC5iOC4h+C4guC4tuC5ieC4meC5hOC4m+C4reC4teC4geC5g+C4meC4oOC4suC4ouC4q+C4meC5ieC4sg==,,,W0tvbW9iaV0KTGUgZGFyw6kgdW5hIHBlcXVlw7FhIG11ZXN0cmEgZGUgYWdyYWRlY2ltaWVudG8gcG9yIHN1cyBlc2Z1ZXJ6b3MuClZ1ZWx2YSBhIENvbW9kbyB5IHBydWViZSBudWVzdHJhcyBudWV2YXMgcmVjZXRhcyB0cmFkaWNpb25hbGVzLCBxdWUgc2Vyw6FuIGHDum4gbcOhcyBzYWJyb3Nhcy4=,W0tvbW9iaV0KQWxzIGtsZWluZXMgWmVpY2hlbiBkZXMgRGFua2VzIGbDvHIgRXVyZSBNw7xoZSBtw7ZjaHRlIGljaCBFdWNoIGV0d2FzIGdlYmVuLgpLb21tdCB3aWVkZXIgbmFjaCBDb21vZG8gdW5kIHByb2JpZXJ0IHVuc2VyZSBuZXVlbiB0cmFkaXRpb25lbGxlbiBHZXJpY2h0ZSwgZGllIGvDvG5mdGlnIG5vY2ggYmVzc2VyIHNjaG1lY2tlbiB3ZXJkZW4u,W0tvbW9iaV0KSmUgdmFpcyB2b3VzIG9mZnJpciB1biBwZXRpdCBnZXN0ZSBwb3VyIHZvdXMgcmVtZXJjaWVyLgpSZXZlbmV6IMOgIENvbW9kbyBnb8O7dGVyIG5vdHJlIG5vdXZlbGxlIHRyYWRpdGlvbiBjdWxpbmFpcmUuIEVsbGUgc2VyYSBlbmNvcmUgbWVpbGxldXJlIGxhIHByb2NoYWluZSBmb2lzLg==,W0tvbW9iaV0KU2ViYWdhaSB0YW5kYSB0ZXJpbWEga2FzaWgsIGFrdSBpbmdpbiBtZW1iZXJpIHNlc3VhdHUuCk1hbXBpcmxhaCBsYWdpIGtlIENvbW9kbyBkYW4gY2ljaXBpIG1hc2FrYW4gdHJhZGlzaW9uYWwgYmFydSBrYW1pIHlhbmcgYWthbiBsZWJpaCBsZXphdC4=,W0tvbW9iaV0KRW1lxJ9pbml6IGnDp2luIHRlxZ9la2vDvHIgbmnFn2FuZXNpIG9sYXJhayBzaXplIGvDvMOnw7xrIGJpciDFn2V5IHZlcmVjZcSfaW0uCkNvbW9kb3lhIHlpbmUgZ2VsaW4gZGUsIGJ1bmRhbiBzb25yYSBkYWhhIGRhIGxlenpldGxpIG9sYWNhayB5ZW5pIGdlbGVuZWsgeWVtZcSfaW1pemkgdGFkxLFuLg==
kbGe,7L2U66qo67mE,S29tb2Jp,,56eR6I6r5q+U,,S29tb2Jp,,,S29tb2Jp,S29tb2Jp,S29tb2Jp,S29tb2Jp,S29tb2Jp
krGe,W+y9lOuqqOu5hF0K6rCA67Cp7J20IOqwgOuTnSDssKgg67KE66as7IWo6rWw7JqULiDqsIDshJwg7KKAIOu5hOyasOqzoCDsmKTsi5zripQg6rKD7J2AIOyWtOuWoO2VmOyLnOyYpD8=,W0tvbW9iaV0KWW91ciBiYWcgbXVzdCBiZSBmdWxsIGJ5IG5vdy4gSG93IGFib3V0IGVtcHR5aW5nIHNvbWUgc3BhY2UgYmVmb3JlIGNvbnRpbnVpbmc/,,W+enkeiOq+avlF0K5L2g55qE6IOM5YyF5bey57uP5ruh5LqG5ZWK44CC6KaB5LiN6KaB5YWI5Y675riF55CG5LiA5LiL5YaN5Zue5p2l77yf,,W0tvbW9iaV0K4LiB4Lij4Liw4LmA4Lib4LmL4Liy4LmA4LiI4LmJ4Liy4LiU4Li54LiI4Liw4LmA4LiV4LmH4Lih4LmB4Lil4LmJ4Lin4LiZ4LiwIOC5hOC4m+C5gOC4hOC4peC4teC4ouC4o+C5jOC4guC4reC4h+C4reC4reC4geC4quC4seC4geC4q+C4meC5iOC4reC4ouC4lOC4teC4q+C4o+C4t+C4reC5hOC4oeC5iA==,,,W0tvbW9iaV0KUGFyZWNlIHF1ZSBzdSBib2xzYSBlc3TDoSBsbGVuYS4gwr9RdcOpIGxlIHBhcmVjZSBpciBhIHZhY2lhcmxhIHVuIHBvY28geSB2b2x2ZXIgZGVzcHXDqXM/,W0tvbW9iaV0KRXVyZSBUYXNjaGUgaXN0IGdhbnogdm9sbCBnZXdvcmRlbi4gV2llIHfDpHJlIGVzLCB3ZW5uIElociBlcnN0IGV0d2FzIFBsYXR6IHNjaGFmZnQgdW5kIGRhbm4gd2llZGVya29tbXQ/,W0tvbW9iaV0KVm90cmUgc2FjIGVzdCBwbGVpbi4gUXVlIGRpcmllei12b3VzIGTigJlhbGxlciBsZSB2aWRlciB1biBwZXUgZXQgZGUgcmV2ZW5pcj8=,W0tvbW9iaV0KVGFzbXUgc3VkYWggcGVudWguIEJhZ2FpbWFuYSBrYWxhdSBrYW11IGtvc29uZ2thbiBkdWx1Pw==,W0tvbW9iaV0Kw4dhbnRhbsSxeiBkb2x1cCB0YcWfbcSxxZ8uIEdpZGlwIGJpcmF6IGJvxZ9hbHTEsXAgZ2VsbWVuaXogbmFzxLFsIG9sdXI/
k7Ge,W+y9lOuqqOu5hF0K7KCAIOuRkCDsi53ri7nsl5DshJwg7ZWY66Oo6rCAIOupgOuLpCDtlZjqs6Ag64iE6rCAIOuMgO2RnOuEpCDriITqsIAg7KeE7KecIOyghO2GteydtCDsnojrhKQg64iE6rCAIO2VoOuouOuLiOuEpCDrqbDripDrpqzrhKQg7Iu47JuM64yA7IScLi4uIOu2hOychOq4sOulvCDrp53suZjqs6Ag7J6I7Ja0IOqxseygleydtOudvOyYpC4=,W0tvbW9iaV0KVGhvc2UgdHdvIHJlc3RhdXJhbnRzIGhhdmUgYmVlbiBiaWNrZXJpbmcgZGFpbHkgb3ZlciB3aG9zZSBkaXNoIGlzIHRoZSByZXByZXNlbnRhdGl2ZSwgd2hvc2UgdHJhZGl0aW9uIGlzIHJlYWwsIHdob3NlIGdyYW5kbW90aGVy4oCZcyByZWNpcGUgaXMgYmV0dGVyLi4uIHJ1aW5pbmcgdGhlIGF0bW9zcGhlcmUsIEkgd29ycnku,,W+enkeiOq+avlF0K6YKj5Lik5a626aSQ6aaG5Yeg5LmO5aSp5aSp6YO95Zyo5ZC177yM5LuA5LmI6LCB5piv5Luj6KGo44CB6LCB5omN5piv55yf5q2j55qE5Lyg57uf44CB6LCB5piv5aW25aW244CB6LCB5piv5aqz5aaH4oCm4oCm5oqK5rCU5rCb6YO95pCe5Z2P5LqG77yM5oiR5b6I5ouF5b+D5ZWK44CC,,W0tvbW9iaV0K4Lij4LmJ4Liy4LiZ4Lit4Liy4Lir4Liy4Lij4Liq4Lit4LiH4Lij4LmJ4Liy4LiZ4LiZ4Lix4LmJ4LiZ4LmA4LiW4Li14Lii4LiH4LiB4Lix4LiZ4LmB4LiX4Lia4LiX4Li44LiB4Lin4Lix4LiZ4Lin4LmI4Liy4LmD4LiE4Lij4LmA4Lib4LmH4LiZ4LiV4Lix4Lin4LmB4LiX4LiZIOC5g+C4hOC4o+C4hOC4t+C4reC4guC4reC4h+C4lOC4seC5ieC4h+C5gOC4lOC4tOC4oSDguYPguITguKPguYDguJvguYfguJnguKrguLnguJXguKPguILguK3guIfguKLguYjguLIg4LiC4Lit4LiH4Liq4Liw4LmD4Lig4LmJLi4uIOC4iOC4meC4muC4o+C4o+C4ouC4suC4geC4suC4qOC5gOC4quC4teC4oiDguILguYnguLLguYDguK3guIfguIHguYfguK3guJTguYDguJvguYfguJnguKvguYjguKfguIfguYTguKHguYjguYTguJTguYk=,,,W0tvbW9iaV0KRXNvcyBkb3MgcmVzdGF1cmFudGVzIHNlIHBhc2FuIGVsIGTDrWEgZGlzY3V0aWVuZG8gc29icmUgcXVpw6luIGVzIGVsIHJlcHJlc2VudGFudGUsIHF1acOpbiB0aWVuZSBsYSB2ZXJkYWRlcmEgdHJhZGljacOzbiB5IHF1acOpbiBlcyBsYSBhYnVlbGEgbyBsYSBudWVyYSBkZSBxdWnDqW4uLi4gTWUgcHJlb2N1cGEgcXVlIGVzdMOpbiBlY2hhbmRvIGEgcGVyZGVyIGVsIGFtYmllbnRlLg==,W0tvbW9iaV0KSW4gZGllc2VuIGJlaWRlbiBSZXN0YXVyYW50cyBzdHJlaXRlbiBzaWUgZmFzdCBqZWRlbiBUYWcgZGFyw7xiZXIsIHdlciBudW4gZGFzIEF1c2jDpG5nZXNjaGlsZCBpc3QsIHdlciBkaWUgd2FocmUgVHJhZGl0aW9uIGhhdCwgd2VyIGRpZSBHcm/Dn211dHRlciBpc3QgdW5kIHdlciBkaWUgU2Nod2llZ2VydG9jaHRlciAuLi4gRGFzIHZlcmRpcmJ0IGRpZSBTdGltbXVuZywgdW5kIGRhcyBiZXJlaXRldCBtaXIgU29yZ2VuLg==,W0tvbW9iaV0KQ2VzIGRldXggcmVzdGF1cmFudHMgc2UgZGlzcHV0ZW50IHNhbnMgYXJyw6p0LCDDoCBzYXZvaXIgcXVpIGVzdCBsZSByZXByw6lzZW50YW50LCBxdWkgYSBsYSB2cmFpZSB0cmFkaXRpb24sIHF1aSBlc3QgbGEgZ3JhbmQtbcOocmUsIHF1aSBlc3QgbGEgYmVsbGUtZmlsbGUuLi4gQ2VsYSBnw6JjaGUgbOKAmWFtYmlhbmNlLCBldCBjZWxhIG3igJlpbnF1acOodGUu,W0tvbW9iaV0KRHVhIHJlc3RvcmFuIGl0dSBzZXRpYXAgaGFyaSBiZXJzZWxpc2loIHNvYWwgc2lhcGEgd2FraWwgeWFuZyBzZWphdGksIHRyYWRpc2kgc2lhcGEgeWFuZyBhc2xpLCByZXNlcCBuZW5layBzaWFwYSB5YW5nIGxlYmloIGJhaWvigKYgc2FtcGFpIG1lcnVzYWsgc3Vhc2FuYS4=,W0tvbW9iaV0KxZ51IGlraSBsb2thbnRhLCBuZXJlZGV5c2UgaGVyIGfDvG4ga2ltaW4gdGVtc2lsY2kgb2xkdcSfdSwga2ltaW4gZ2Vyw6dla3RlbiBnZWxlbmVrbGkgb2xkdcSfdSwga2ltaW4gYsO8ecO8a2FubmUgb2xkdcSfdSwga2ltaW4gZ2VsaW4gb2xkdcSfdSBkaXllIGRpZGnFn2lwIGR1cnV5b3IuLi4gT3J0YW3EsSBib3p1eW9ybGFyIGRpeWUgZW5kacWfZWxpeWltLg==
lLGe,W+y9lOuqqOu5hF0K6re464+Z7JWIIOuRkCDsi53ri7nsnbQg7ZmU7ZWp7ZWY7JesIO2VqOq7mCDsvZTrqqjrj4Qg7Iud66y47ZmU66W8IOuwnOyghOyLnO2CpOq4sOulvCDrsJTrnbzripQg66eI7J2M7Jy866GcIOyhsOyaqe2eiCDsnojsl4jrhKTrp4wsIOuNlCDsnbTsg4HsnYAg65GQ6rOgIOuzvCDsiJjqsIAg7JeG64SkLiDsnbTsoJwg7Iuc67mE66W8IOqwgOugpOyVvCDtlaAg65WM6rCAIOyYqCDqsoMg6rCZ7Jy87J20IQ==,W0tvbW9iaV0KSSBzdGF5ZWQgcXVpZXQsIGhvcGluZyBib3RoIHNob3BzIHdvdWxkIGNvb3BlcmF0ZSBhbmQgZ3JvdyB0aGUgQ29tb2RvIGN1bGluYXJ5IGN1bHR1cmUgdG9nZXRoZXIsIGJ1dCBJIGNhbiBubyBsb25nZXIgaG9sZCBiYWNrLiBUaGUgdGltZSBoYXMgY29tZSB0byBzZXR0bGUgdGhpcyE=,,W+enkeiOq+avlF0K6L+Z5q615pe26Ze05oiR5LiA55u05a6J6Z2Z5peB6KeC77yM5Y+q55u85Lik5a626aSQ6aaG6IO95ZKM552m55u45aSE77yM5LiA6LW35Y+R5bGV5YWL6a2U5bKb55qE6aWu6aOf5paH5YyW77yM5L2G5oiR5bey57uP5LiN6IO95YaN5Z2Q6KeG5LiN566h5LqG44CC55yL5p2l5piv5pe25YCZ5YiG5Liq6auY5LiL5LqG77yB,,W0tvbW9iaV0K4LiX4Li14LmI4Lic4LmI4Liy4LiZ4Lih4LiyIOC4guC5ieC4suC5gOC4neC5ieC4suC4lOC4ueC5gOC4h+C4teC4ouC4miDguYYg4Lir4Lin4Lix4LiH4LmD4Lir4LmJ4LiX4Lix4LmJ4LiH4Liq4Lit4LiH4Lij4LmJ4Liy4LiZ4Lij4LmI4Lin4Lih4Lih4Li34Lit4LiB4Lix4LiZ4Lie4Lix4LiS4LiZ4Liy4Lin4Lix4LiS4LiZ4LiY4Lij4Lij4Lih4Lit4Liy4Lir4Liy4Lij4LiC4Lit4LiHIENvbW9kbyDguYHguJXguYjguJXguK3guJnguJnguLXguYnguJvguKXguYjguK3guKLguYTguKfguYnguYTguKHguYjguYTguJTguYnguYHguKXguYnguKcg4LiW4Li24LiH4LmA4Lin4Lil4Liy4LiV4Lix4LiU4Liq4Li04LiZ4LmD4Lir4LmJ4Lij4Li54LmJ4LiU4Liz4Lij4Li54LmJ4LmB4LiU4LiH4LiB4Lix4LiZ4LmE4Lib4LmA4Lil4Lii,,,W0tvbW9iaV0KSGUgZ3VhcmRhZG8gc2lsZW5jaW8gaGFzdGEgYWhvcmEsIGNvbiBsYSBlc3BlcmFuemEgZGUgcXVlIGFtYm9zIHJlc3RhdXJhbnRlcyBzZSByZWNvbmNpbGlhcmFuIHkgZGVzYXJyb2xsYXJhbiBqdW50b3MgbGEgY3VsdHVyYSBnYXN0cm9uw7NtaWNhIGRlIENvbW9kbywgcGVybyB5YSBubyBwdWVkbyBxdWVkYXJtZSBkZSBicmF6b3MgY3J1emFkb3MuIMKhQ3JlbyBxdWUgaGEgbGxlZ2FkbyBlbCBtb21lbnRvIGRlIHphbmphciBlc3RhIGRpc3B1dGEh,W0tvbW9iaV0KQmlzaGVyIGhhYmUgaWNoIHN0aWxsZ2VoYWx0ZW4sIGluIGRlciBIb2ZmbnVuZywgZGFzcyBkaWUgYmVpZGVuIFJlc3RhdXJhbnRzIHNpY2ggenVzYW1tZW5yYXVmZW4gdW5kIGdlbWVpbnNhbSBkaWUgRXNza3VsdHVyIHZvbiBDb21vZG8gd2VpdGVyZW50d2lja2Vsbi4gQWJlciBpY2gga2FubiBuaWNodCBsw6RuZ2VyIHRhdGVubG9zIHp1c2VoZW4uIEVzIGlzdCB3b2hsIGFuIGRlciBaZWl0LCBkZW4gU3RyZWl0IGVpbiBmw7xyIGFsbGUgTWFsIHp1IGVudHNjaGVpZGVuIQ==,W0tvbW9iaV0KSnVzcXXigJnDoCBwcsOpc2VudCwgamUgc3VpcyByZXN0w6kgZGlzY3JldCBlbiBlc3DDqXJhbnQgcXVlIGxlcyBkZXV4IHJlc3RhdXJhbnRzIHPigJl1bmlzc2VudCBldCBkw6l2ZWxvcHBlbnQgZW5zZW1ibGUgbGEgY3VsdHVyZSBjdWxpbmFpcmUgZGUgQ29tb2RvLCBtYWlzIGplIG5lIHBldXggcGx1cyByZXN0ZXIgw6AgcmVnYXJkZXIuIElsIG1lIHNlbWJsZSBxdWUgbGUgbW9tZW50IGVzdCB2ZW51IGRlIHRyYW5jaGVyIGxlIGRpZmbDqXJlbmQh,W0tvbW9iaV0KU2VsYW1hIGluaSBha3UgZGlhbSBzYWphIGRlbmdhbiBoYXJhcGFuIGtlZHVhIHJlc3RvcmFuIGl0dSBiZXJkYW1haSBkYW4gYmVyc2FtYS1zYW1hIG1lbmdlbWJhbmdrYW4gYnVkYXlhIGt1bGluZXIgQ29tb2RvLCB0YXBpIGFrdSB0YWsgYmlzYSB0ZXJ1cyBtZW1iaWFya2FubnlhLiBUaWJhIHNhYXRueWEgdW50dWsgbWVtdXR1c2thbiE=,W0tvbW9iaV0KQnVuY2EgemFtYW5kxLFyIGlraSBsb2thbnRhbsSxbiB1emxhxZ/EsXAgYmlybGlrdGUgQ29tb2RvIHllbWVrIGvDvGx0w7xyw7xuw7wgZ2VsacWfdGlybWVzaW5pIGRpbGV5ZXJlayBzZXNzaXoga2FsZMSxbSBhbWEgYXJ0xLFrIGRhaGEgZmF6bGEgc2V5aXJjaSBrYWxhbWFtLiBHw7Zyw7xuw7zFn2UgZ8O2cmUgYXJ0xLFrIGtpbWluIGhha2zEsSBvbGR1xJ91bmEga2FyYXIgdmVybWUgdmFrdGkgZ2VsZGkh
lbGe,W+q1reyInOyImF0K66m0LCDrqbTrqqkg7JeG7Iq164uI64uk7JqULi4uCuq3uOufsOuNsCDslrTrlrvqsowg6rCA66as7Iuc66Ck6rOgIO2VmOyLreuLiOq5jOyalD8=,W0d1ayBTdW5zdV0KSS1J4oCZbSBzb3JyeS4uLiBCdXQgaG93IHdpbGwgeW91IGp1ZGdlIHRoaXM/,,W+meoOmhuua0mV0K5oiR44CB5oiR5a6e5Zyo5rKh6IS46KeB5Lq64oCm4oCmCuS4jei/h+aCqOaJk+eul+aAjuS5iOWIhui+qOWRou+8nw==,,W0d1ayBTdW5zdV0K4LiC4LiwLi4uIOC4guC5ieC4suC4peC4sOC4reC4suC4ouC5g+C4iOC4ouC4tOC5iOC4h+C4meC4seC4gS4uLgrguYHguKXguYnguKfguIjguLDguJXguLHguJTguKrguLTguJnguIHguLHguJnguK3guKLguYjguLLguIfguYTguKPguKvguKPguLfguK0=,,,W0d1ayBTdW5zdV0KTm8sIG5vIHRlbmdvIHBlcmTDs24uLi4KUGVybyDCv2PDs21vIHBpZW5zYSBkZWNpZGlybG8/,W0d1ayBTdW5zdV0KTS1tZWluZSBFbnRzY2h1bGRpZ3VuZy4uLgpBYmVyIHdpZSB3b2xsdCBJaHIgZGFyw7xiZXIgZW50c2NoZWlkZW4/,W0d1ayBTdW5zdV0KSmUuLi4gamUgbuKAmWFpIGF1Y3VuZSBleGN1c2UuLi4KTWFpcyBjb21tZW50IGNvbXB0ZXotdm91cyB0cmFuY2hlciA/,W0d1ayBTdW5zdV0KTS1tYWFmLCB0YXBpIGJhZ2FpbWFuYSBrYW11IGFrYW4gbWVuaWxhaW55YT8=,W0d1ayBTdW5zdV0KWcO8esO8bSB5b2suLi4KQW1hIG5hc8SxbCBhecSxcnQgZXRtZXlpIGTDvMWfw7xuw7x5b3JzdW51ej8=
lrGe,W+y9lOuqqOu5hF0K6re46rG0IOuLueyXsO2eiCDrp5vsnbzshLghCuyghO2GteydtOqzoCDrjIDtkZzrnbzrqbQg64u57Jew7Z6IIOqzvOqxsOyXkOyEnOu2gO2EsCDrp5vsnbQg7J6I7Ja07IScIOyngOq4iOq5jOyngCDsp4DsvJzsp4Dqs6Ag7KCE7ZW07KC4IOuCtOugpOyYqCDqsoPsnbwg7YWM7JW8Lg==,W0tvbW9iaV0KT2YgY291cnNlLCBieSB0YXN0ZSEgVHJhZGl0aW9uIGFuZCByZXByZXNlbnRhdGlvbiBtZWFuIHRoZSBmbGF2b3JzIGhhdmUgYmVlbiBwcmVzZXJ2ZWQgYW5kIHBhc3NlZCBkb3duIHRocm91Z2ggdGltZS4=,,W+enkeiOq+avlF0K6YKj5b2T54S25piv5ZGz6YGT77yBCuaXoueEtuivtOaYr+S8oOe7n+OAgeaYr+S7o+ihqO+8jOmCo+W/heeEtuaYr+S7jui/h+WOu+i1t+WwseWRs+mBk+WHuuS8l++8jOaJjeiDveS4gOebtOiiq+WuiOaKpOW5tuS8oOaJv+iHs+S7iuOAgg==,,W0tvbW9iaV0K4LiB4LmH4LiV4LmJ4Lit4LiH4LmA4Lib4LmH4LiZIOC4o+C4quC4iuC4suC4leC4tOC5geC4meC5iOC4meC4reC4mQrguJbguYnguLLguYDguJvguYfguJnguILguK3guIfguJTguLHguYnguIfguYDguJTguLTguKHguKvguKPguLfguK3guYDguJvguYfguJnguJXguLHguKfguYHguJfguJkg4LiB4LmH4LiV4LmJ4Lit4LiH4Lit4Lij4LmI4Lit4Lii4LiV4Lix4LmJ4LiH4LmB4LiV4LmI4Lit4LiU4Li14LiV4Liq4Li34Lia4LiX4Lit4LiU4Lih4Liy4LiI4LiZ4LiW4Li24LiH4Lib4Lix4LiI4LiI4Li44Lia4Lix4LiZ,,,W0tvbW9iaV0KwqFQb3IgZWwgc2Fib3IsIG5hdHVyYWxtZW50ZSEKU2kgZXMgdHJhZGljaW9uYWwgeSByZXByZXNlbnRhdGl2bywgc2Vyw6EgcG9ycXVlIGhhIHRlbmlkbyBidWVuIHNhYm9yIGRlc2RlIGFudGHDsW8geSBzZSBoYSBjb25zZXJ2YWRvIHkgdHJhbnNtaXRpZG8gaGFzdGEgaG95Lg==,W0tvbW9iaV0KTmF0w7xybGljaCBkdXJjaCBkZW4gR2VzY2htYWNrIQpXZW5uIGVzIFRyYWRpdGlvbiBpc3QgdW5kIGVpbiBBdXNow6RuZ2VzY2hpbGQsIGRhbm4gbXVzcyBlcyB2b24gZnLDvGhlciBoZXIgZ3V0IGdlc2NobWVja3QgaGFiZW4sIHNvZGFzcyBlcyBiaXMgaGV1dGUgYmV3YWhydCB1bmQgd2VpdGVyZ2VnZWJlbiB3dXJkZS4=,W0tvbW9iaV0KQ+KAmWVzdCDDqXZpZGVtbWVudCBsZSBnb8O7dCEKU2kgY+KAmWVzdCB1bmUgdHJhZGl0aW9uIGV0IHVuIHBsYXQgcmVwcsOpc2VudGF0aWYsIGPigJllc3QgZm9yY8OpbWVudCBwYXJjZSBxdWUgY+KAmcOpdGFpdCBib24gZGVwdWlzIGxlIHBhc3PDqSwgZXQgcXVlIGNlbGEgYSDDqXTDqSBwcsOpc2VydsOpIGV0IHRyYW5zbWlzIGp1c3F14oCZw6AgYXVqb3VyZOKAmWh1aS4=,W0tvbW9iaV0KVGVudHUgc2FqYSBkYXJpIHJhc2EhClRyYWRpc2kgZGFuIHJlcHJlc2VudGFzaSBiZXJhcnRpIHJhc2FueWEgdGFrIGxla2FuZyBvbGVoIHdha3R1Lg==,W0tvbW9iaV0KRWxiZXR0ZSBsZXp6ZXRsZSEKR2VsZW5layB2ZSB0ZW1zaWwgZGVuaXlvcnNhLCBlbGJldHRlIGdlw6dtacWfdGVuIGJlcmkgbGV6emV0bGkgb2xkdcSfdSBpw6dpbiBidWfDvG5lIGRlayBrb3J1bnVwIGFrdGFyxLFsbcSxxZ8gb2xtYWzEsS4=
l7Ge,W+y9lOuqqOu5hF0K66eb64+EIOyXhuuKlOuNsCDqt7jrg6Ug7Jik656Y65CY6riw66eMIO2VnCDqsbQg7KCE7Ya1IOyalOumrOqwgCDslYTri4jrnbwg6re464OlIOyYpOuemCDrkJwg7J2M7IudIOyVhOuLiOqyoOuCmC4=,W0tvbW9iaV0KSWYgaXQgdGFzdGVzIGJhZCBhbmQgb25seSBhZ2VkLCB0aGF04oCZcyBub3QgdHJhZGl0aW9uYWwgY3Vpc2luZSwgaXTigJlzIGp1c3Qgb2xkIGZvb2Qu,,W+enkeiOq+avlF0K5rKh5ZGz6YGT5Y205Y+q5piv5bm05Luj5LmF6L+c55qE77yM6YKj5LiN5piv5Lyg57uf5paZ55CG77yM5Y+q5piv6ICB5pen55qE6aOf54mp572i5LqG77yM5LiN5piv5ZCX77yf,,W0tvbW9iaV0K4LiW4LmJ4Liy4LmE4Lih4LmI4Lit4Lij4LmI4Lit4Lii4LmB4LiV4LmI4LmB4LiE4LmI4Lit4Lii4Li54LmI4Lih4Liy4LiZ4Liy4LiZ4Lit4Lii4LmI4Liy4LiH4LmA4LiU4Li14Lii4LinIOC4meC4seC5iOC4meC5hOC4oeC5iOC5g+C4iuC5iOC4reC4suC4q+C4suC4o+C4lOC4seC5ieC4h+C5gOC4lOC4tOC4oSDguYHguJXguYjguYDguJvguYfguJnguYHguITguYjguK3guLLguKvguLLguKPguYDguIHguYjguLIg4LmGIOC5gOC4l+C5iOC4suC4meC4seC5ieC4mQ==,,,W0tvbW9iaV0KU2kgbm8gc2FiZSBiaWVuIHkgc29sbyBlcyBhbnRpZ3VvLCBubyBlcyBjb2NpbmEgdHJhZGljaW9uYWwsIHNpbm8gc2ltcGxlbWVudGUgY29taWRhIHZpZWphLg==,W0tvbW9iaV0KRXR3YXMsIGRhcyBuaWNodCBzY2htZWNrdCB1bmQgbnVyIGFsdCBpc3QsIGlzdCBrZWluIHRyYWRpdGlvbmVsbGVzIEdlcmljaHQsIHNvbmRlcm4gZWluZmFjaCBudXIgYWx0ZXMgRXNzZW4sIG9kZXIgbmljaHQ/,W0tvbW9iaV0KU2kgY2UgbuKAmWVzdCBwYXMgYm9uIGV0IHF1ZSBj4oCZZXN0IGp1c3RlIHZpZXV4LCBjZSBu4oCZZXN0IHBhcyB1biBwbGF0IHRyYWRpdGlvbm5lbC4gQ+KAmWVzdCBqdXN0ZSB1biB2aWV1eCBwbGF0LCBub24gPw==,W0tvbW9iaV0KS2FsYXUgcmFzYW55YSB0aWRhayBlbmFrIGRhbiBjdW1hIHR1YSBzYWphLCBpdHUgYnVrYW4gbWFzYWthbiB0cmFkaXNpb25hbCwgdGFwaSBoYW55YSBtYWthbmFuIHR1YSwgYnVrYW4/,W0tvbW9iaV0KTGV6emV0aSB5b2sgZGEgc2FkZWNlIGVza2l5c2UsIG8gZ2VsZW5layB5ZW1lxJ9pIGRlxJ9pbCwgc2FkZWNlIGVza2kgYmlyIHllbWVrIGRlxJ9pbCBtaWRpcj8=
mLGe,W+unjO2IrOyXkCDtg4DrnbxdCuq3uCwg6re465+87JqULiDsoITthrXsnojripQg7KCA7Z2sIOunjOuRkOuKlCDri7nsl7Dtnogg6riw67O47KCB7Jy866GcIOunm+ydtCDsoovsp4DsmpQh,W01hbnRvZSBUYXJhXQpPZiBjb3Vyc2UuIE91ciB0cmFkaXRpb25hbCBkdW1wbGluZ3MgYXJlIGRlbGljaW91cyBieSBkZWZhdWx0IQ==,,W+abvOaJmMK35aGU5ouJXQrpgqMuLumCo+W9k+eEtuOAguaIkeS7rOacieS8oOe7n+eahOWMheWtkO+8jOWfuuacrOS4iuW9k+eEtuW+iOWlveWQg++8gQ==,,W01hbnRvZSBUYXJhXQrguJnguLAuLuC5geC4meC5iOC4meC4reC4meC4reC4ouC4ueC5iOC5geC4peC5ieC4pyDguYDguIHguLXguYrguKLguKfguKrguLnguJXguKPguJTguLHguYnguIfguYDguJTguLTguKHguILguK3guIfguJ7guKfguIHguILguYnguLLguKLguYjguK3guKHguJXguYnguK3guIfguK3guKPguYjguK3guKLguK3guKLguLnguYjguYHguKXguYnguKfguKrguLQh,,,W01hbnR1ZSBUYXJhXQrCoUMtY2xhcm8hIMKhUG9yIHN1cHVlc3RvIHF1ZSBudWVzdHJvcyBNYW5kdSB0cmFkaWNpb25hbGVzIGVzdMOhbiBkZWxpY2lvc29zIQ==,W01hbnR1ZSBUYXJhXQpKLWphLCBuYXTDvHJsaWNoLiBVbnNlcmUgdHJhZGl0aW9uZWxsZW4gTWFuZHUgc2NobWVja2VuIHNlbGJzdHZlcnN0w6RuZGxpY2ggdm9uIEdydW5kIGF1ZiBndXQh,W01hbnR1ZSBUYXJhXQpPLW91aS4gTm9zIHJhdmlvbGlzLCBxdWkgb250IHVuZSB2cmFpZSB0cmFkaXRpb24sIHNvbnQgw6l2aWRlbW1lbnQgYm9ucywgw6AgbGEgYmFzZSAh,W01hbnR1ZSBUYXJhXQpUZW50dSBzYWphLiBQYW5nc2l0IHRyYWRpc2lvbmFsIGthbWkgcGFkYSBkYXNhcm55YSBzdWRhaCBlbmFrIQ==,W01hbnRvZSBUYXJhXQrFni3Fn2V5LCBlbGJldHRlLiBHZWxlbmVrbGkgbWFudMSxbcSxesSxbiB0ZW1lbCBvbGFyYWsgbGV6emV0bGkgb2xtYXPEsSB6YXRlbiBkb8SfYWwh
mbGe,W+y9lOuqqOu5hF0K6re465+s64uIIOyXrOq4sCDqs4Tsi6Ag7L2U66qo64+EIOuwqeusuOqwneuTpOqzvCDrp4jsnYQg7IKs656M65Ok6ruYIOuRkCDqsIDqsozsnZgg7JqU66asIOyLnOyLneydhCDrtoDtg4Hrk5zrpqzqs6Ag642UIOunm+yeiOuLpOqzoCDripDqu7Tsp4Qg7Kq97J2EIOynhOynnCDsvZTrqqjrj4Qg64yA7ZGcIOyalOumrOuhnCDsnbjsoJXtlZjrj4TroZ0g7ZWY6rKg64SkLg==,W0tvbW9iaV0KU28gSSB3aWxsIGFzayB0aGUgdmlzaXRvcnMgb2YgQ29tb2RvIGFuZCB0aGUgdmlsbGFnZXJzIHRvIHNhbXBsZSBib3RoIHNob3Bz4oCZIGRpc2hlcy4gV2hpY2hldmVyIGlzIHByZWZlcnJlZCB3aWxsIGJlIHJlY29nbml6ZWQgYXMgdGhlIHRydWUgcmVwcmVzZW50YXRpdmUgY3Vpc2luZSBvZiBDb21vZG8u,,W+enkeiOq+avlF0K5omA5Lul5oiR5oOz6K+35Zyo5Zy655qE5YWL6a2U5bKb6K6/5a6i5ZKM5p2R5rCR5Lus5ZOB5bCd5Lik5a625bqX55qE5paZ55CG77yM5bm25oqK6KeJ5b6X5pu05aW95ZCD55qE5LiA5pa577yM6K6k5a6a5Li655yf5q2j55qE5YWL6a2U5bKb5Luj6KGo5paZ55CG44CC,,W0tvbW9iaV0K4LmA4Lie4Lij4Liy4Liw4LiJ4Liw4LiZ4Lix4LmJ4LiZIOC4geC5h+C5g+C4q+C5ieC4l+C4seC5ieC4h+C4meC4seC4geC4l+C5iOC4reC4h+C5gOC4l+C4teC5iOC4ouC4p+C5geC4peC4sOC4iuC4suC4p+C4muC5ieC4suC4meC4peC4reC4h+C4iuC4tOC4oeC4reC4suC4q+C4suC4o+C4guC4reC4h+C4l+C4seC5ieC4h+C4quC4reC4h+C4o+C5ieC4suC4mSDguYHguKXguYnguKfguJ3guYjguLLguKLguYPguJTguJfguLXguYjguK3guKPguYjguK3guKLguIHguKfguYjguLLguIHguYfguIjguLDguJbguLnguIHguKLguK3guKHguKPguLHguJrguKfguYjguLLguYDguJvguYfguJnguJXguLHguKfguYHguJfguJnguILguK3guIcgQ29tb2Rv,,,W0tvbW9iaV0KUG9yIGVzbywgcGVkaXLDqSBhIGxvcyB2aXNpdGFudGVzIGRlIENvbW9kbyB5IGEgbG9zIGhhYml0YW50ZXMgZGVsIHB1ZWJsbyBxdWUgZXN0w6FuIGFxdcOtIHF1ZSBwcnVlYmVuIGxhIGNvbWlkYSBkZSBhbWJvcyBsb2NhbGVzLCB5IHJlY29ub2NlcmVtb3MgY29tbyBlbCBhdXTDqW50aWNvIHBsYXRvIHJlcHJlc2VudGF0aXZvIGRlIENvbW9kbyBlbCBxdWUgbGVzIHBhcmV6Y2EgbcOhcyBzYWJyb3NvLg==,W0tvbW9iaV0KRGFydW0gd2VyZGUgaWNoIGRpZSBCZXN1Y2hlciB2b24gQ29tb2RvIHVuZCBkaWUgRG9yZmJld29obmVyIGhpZXIgYml0dGVuLCBkaWUgR2VyaWNodGUgYmVpZGVyIEzDpGRlbiB6dSBrb3N0ZW4sIHVuZCBkaWUgU2VpdGUsIGRlcmVuIFNwZWlzZW4gYmVzc2VyIGFua29tbWVuLCBhbHMgZGVuIHdhaHJlbiBWZXJ0cmV0ZXIgZGVyIEvDvGNoZSB2b24gQ29tb2RvIGFuZXJrZW5uZW4u,W0tvbW9iaV0KQWxvcnMsIGplIHZhaXMgZGVtYW5kZXIgYXV4IHZpc2l0ZXVycyBkZSBDb21vZG8gcHLDqXNlbnRzIGljaSwgYWluc2kgcXXigJlhdXggaGFiaXRhbnRzIGR1IHZpbGxhZ2UsIGRlIGdvw7t0ZXIgbGVzIHBsYXRzIGRlcyBkZXV4IGJvdXRpcXVlcywgZXQgamUgZmVyYWkgcmVjb25uYcOudHJlIGNvbW1lIGxlIHbDqXJpdGFibGUgcGxhdCByZXByw6lzZW50YXRpZiBkZSBDb21vZG8gY2VsdWkgcXVpIGxldXIgc2VtYmxlcmEgbGUgcGx1cyBkw6lsaWNpZXV4Lg==,W0tvbW9iaV0KSmFkaSwgYWt1IGFrYW4gbWVtaW50YSBwYXJhIHBlbmd1bmp1bmcgQ29tb2RvIGRhbiBwZW5kdWR1ayBkZXNhIHVudHVrIG1lbmNpY2lwaSBoaWRhbmdhbiBkYXJpIGtlZHVhIHJlc3RvcmFuLiBNYW5hIHlhbmcgbGViaWggZGlzdWthaSBha2FuIGRpYWt1aSBzZWJhZ2FpIGhpZGFuZ2FuIHBlcndha2lsYW4gc2VqYXRpIENvbW9kby4=,W0tvbW9iaV0KQnUgecO8emRlbiBidXJhZGFraSBDb21vZG8geml5YXJldMOnaWxlcmluZGVuIHZlIGvDtnkgaGFsa8SxbmRhbiBpa2kgZMO8a2vDom7EsW4geWVtZWtsZXJpbmkgdGF0bWFsYXLEsW7EsSByaWNhIGVkZWNlxJ9pbSB2ZSBkYWhhIGxlenpldGxpIGJ1bGR1a2xhcsSxIHRhcmFmxLEgZ2Vyw6dlayBDb21vZG8gdGVtc2lsIHllbWXEn2kgb2xhcmFrIGthYnVsIGVkZWNlxJ9pbS4=
mrGe,W+y9lOuqqOu5hF0K6re465+wIOydmOuvuOyXkOyEnCwg6rOB7JeQIOqzhOyLoCDrtoQsIOuTo+yekO2VmOuLiCDsl6zrn6wg7ZeY7KeA66W8IOuTnOuCmOuTnOyLoCDrqqjtl5jqsIDri5jsnbTrnbzqs6Ag7ZWY7Iuc642U7J2064ukLg==,W0tvbW9iaV0KT24gdGhhdCBub3RlLCBJIGhlYXIgdGhlIHBlcnNvbiBiZXNpZGUgeW91IGlzIGFuIGFkdmVudHVyZXIgd2hvIGhhcyB0cmF2ZWxlZCBtYW55IGRhbmdlcm91cyBsYW5kcy4=,,W+enkeiOq+avlF0K6K+05Yiw6L+Z6YeM77yM5peB6L656L+Z5L2N77yM5ZCs6K+05L2g5piv57uP5bi45Ye65YWl5ZCE56eN6Zmp5Zyw55qE5YaS6Zmp5a6244CC,,W0tvbW9iaV0K4LmB4Lil4Liw4LiX4LmI4Liy4LiZ4Lic4Li54LmJ4LiZ4Li14LmJIOC4guC5ieC4suC5hOC4lOC5ieC4ouC4tOC4meC4oeC4suC4p+C5iOC4suC5gOC4m+C5h+C4meC4meC4seC4geC4nOC4iOC4jeC4oOC4seC4ouC4l+C4teC5iOC4nOC5iOC4suC4meC5gOC4o+C4t+C5iOC4reC4h+C4o+C4suC4p+C4oeC4suC4oeC4suC4geC4oeC4suC4og==,,,W0tvbW9iaV0KRW4gZXNlIHNlbnRpZG8sIGhlIG/DrWRvIHF1ZSBxdWllbiBlc3TDoSBhcXXDrSBhIG51ZXN0cm8gbGFkbyBlcyB1bmEgcGVyc29uYSBhdmVudHVyZXJhIHF1ZSBoYSByZWNvcnJpZG8gbXVjaGFzIHRpZXJyYXMgcGVsaWdyb3Nhcy4=,W0tvbW9iaV0KSW4gZGllc2VtIFNpbm5lOiBXaWUgaWNoIGjDtnJ0ZSwgc2VpZCBJaHIgZGVyIEFiZW50ZXVyZXIgZG9ydCBhbiBtZWluZXIgU2VpdGUsIGRlciBzY2hvbiB2aWVsZSBnZWbDpGhybGljaGUgT3J0ZSBiZXJlaXN0IGhhdC4=,W0tvbW9iaV0Kw4AgY2UgcHJvcG9zLCB2b3VzIHF1aSDDqnRlcyDDoCBjw7R0w6ksIGrigJlhaSBlbnRlbmR1IGRpcmUgcXVlIHZvdXMgw6l0aWV6IHVuIGF2ZW50dXJpZXIgcXVpIGEgcGFyY291cnUgYmllbiBkZXMgdGVycmVzIGRhbmdlcmV1c2VzLg==,W0tvbW9iaV0KT21vbmctb21vbmcsIGt1ZGVuZ2FyIG9yYW5nIGRpIHNhbXBpbmdtdSBhZGFsYWggQWR2ZW50dXJlciB5YW5nIHN1ZGFoIG1lbGV3YXRpIGJhbnlhayB0ZW1wYXQgYmVyYmFoYXlhLg==,W0tvbW9iaV0KQnUgdmVzaWxleWxlLCB5YW7EsW1kYWtpIGtpxZ9pOyBkdXlkdcSfdW1hIGfDtnJlIHTDvHJsw7wgdGVobGlrZWxpIHllcmxlcmUgZ2lyaXAgw6fEsWthbiBiaXIgbWFjZXJhY8SxeW3EscWfc8SxbsSxei4=
m7Ge,W+y9lOuqqOu5hF0K66eO7J2AIOusuOusvOydhCDsoJHtlZjqs6Ag66eO7J2AIOydjOyLneydhCDrk5zshZQg67O07IWo7J2EIOuqqO2XmOqwgOuLmOq7mOuPhCDsnbQg7JqU66asIOuMgOqysOydmCDsi6zsgqzrpbwg67aA7YOB65Oc66as6rOgIOyLtuyGjC4=,W0tvbW9iaV0KSGF2aW5nIGV4cGVyaWVuY2VkIG11Y2ggY3VsdHVyZSBhbmQgdGFzdGVkIG1hbnkgZGlzaGVzLCBhZHZlbnR1cmVyLCBJIHdvdWxkIGxpa2UgeW91IHRvIGp1ZGdlIHRoaXMgY3VsaW5hcnkgZHVlbCBhcyB3ZWxsLg==,,W+enkeiOq+avlF0K5Lmf5oOz6K+36KeB5aSa6K+G5bm/44CB5bCd6L+H6K645aSa576O6aOf55qE5YaS6Zmp5a625L2g77yM5p2l5ouF5Lu76L+Z5Zy65paZ55CG5a+55Yaz55qE6K+E5a6h44CC,,W0tvbW9iaV0K4Lic4Li54LmJ4LiX4Li14LmI4LmE4LiU4LmJ4Lie4Lia4LmA4Lir4LmH4LiZ4Liq4Li04LmI4LiH4LiV4LmI4Liy4LiHIOC5hiDguYHguKXguLDguKXguLTguYnguKHguKXguK3guIfguK3guLLguKvguLLguKPguKHguLLguKHguLLguIHguKHguLLguKLguK3guKLguYjguLLguIfguYDguIjguYnguLIg4LiC4LmJ4Liy4Lit4Lii4Liy4LiB4LmD4Lir4LmJ4LiK4LmI4Lin4Lii4LmA4Lib4LmH4LiZ4LiB4Lij4Lij4Lih4LiB4Liy4Lij4LiV4Lix4LiU4Liq4Li04LiZ,,,W0tvbW9iaV0KVGFtYmnDqW4gbWUgZ3VzdGFyw61hIHBlZGlybGUgcXVlIGp1emdhcmEgZXN0ZSBkdWVsbyBjdWxpbmFyaW8sIHB1ZXMgaGFicsOhIGNvbm9jaWRvIG11Y2hhcyBjdWx0dXJhcyB5IHByb2JhZG8gbXVjaG9zIHBsYXRvcy4=,W0tvbW9iaV0KQXVjaCBFdWNoLCBBYmVudGV1cmVyLCBkZXIgSWhyIHdvaGwgc2Nob24gdmllbGUgS3VsdHVyZW4ga2VubmVuZ2VsZXJudCB1bmQgdmllbGUgU3BlaXNlbiBwcm9iaWVydCBoYWJ0LCBtw7ZjaHRlIGljaCBiaXR0ZW4sIGRpZXNlcyBLb2NoZHVlbGwgenUgYmV1cnRlaWxlbi4=,W0tvbW9iaV0KSuKAmWFpbWVyYWlzIGF1c3NpIGRlbWFuZGVyIMOgIHVuIGF2ZW50dXJpZXIgY29tbWUgdm91cywgcXVpIGEgdnUgdGFudCBkZSBjaG9zZXMgZXQgZ2/Du3TDqSB0YW50IGRlIHBsYXRzLCBkZSBqdWdlciBjZSBjb25jb3VycyBjdWxpbmFpcmUu,W0tvbW9iaV0KS2FyZW5hIHBlbmdhbGFtYW5tdSBtZXJhc2FrYW4gYmVyYWdhbSBidWRheWEsIEFkdmVudHVyZXIsIGFrdSBtaW50YSBLYW11IGp1Z2EgbWVuamFkaSBqdXJpLg==,W0tvbW9iaV0KUGVrIMOnb2sgxZ9leWkgZ8O2cm3DvMWfLCBwZWsgw6dvayB5ZW1layB0YXRtxLHFnyBvbGFiaWxlY2VrIG1hY2VyYWPEsWRhbiBkYSBidSB5ZW1layBkw7xlbGxvc3VudW4gasO8cmkgw7x5ZWxpxJ9pbmkgcmljYSBldG1layBpc3RlcmltLg==
nLGe,7KCc6rCAIOuwlOuhnCDspIDruYTrkJwg7Ius7IKs7JyE7JuQ7J6F64uI64ukIQ==,SSBhbSByZWFkeSB0byBqdWRnZSE=,,5oiR5bCx5piv5YeG5aSH5bCx57uq55qE6K+E5a6h5ZGY77yB,,4LiC4LmJ4Liy4LiI4Liw4LmA4Lib4LmH4LiZ4Lic4Li54LmJ4LiV4Lix4LiU4Liq4Li04LiZ4LmA4Lit4LiHIQ==,,,wqFFc3RveSBwcmVwYXJhZG8gcGFyYSBzZXIganVleiE=,SWNoIGJpbiBnZW5hdSBkZXIgcmljaHRpZ2UgSnVyb3IgZGFmw7xyIQ==,SmUgc3VpcyBsZSBqdWdlIHF14oCZaWwgdm91cyBmYXV0ICE=,QWt1IHNpYXAgbWVuamFkaSBqdXJpIQ==,QmVuIHRhbSBkYSBoYXrEsXIgYmlyIGrDvHJpIMO8eWVzaXlpbSE=
nbGe,7KCA64qUIOq3uOufsCDqsbQg7J6YIOuqqOumheuLiOuLpC4=,SSBkb27igJl0IHJlYWxseSBrbm93IGFib3V0IHN1Y2ggdGhpbmdzLg==,,5oiR5LiN5aSq5oeC6L+Z5Lqb44CC,,4LiC4LmJ4Liy4LmE4Lih4LmI4LiE4LmI4Lit4Lii4Lij4Li54LmJ4LmA4Lij4Li34LmI4Lit4LiH4Lie4Lin4LiB4LiZ4Li14LmJ4LmA4LiX4LmI4Liy4LmE4Lij,,,Tm8gc8OpIG11Y2hvIGRlIGVzYXMgY29zYXMu,SWNoIGtlbm5lIG1pY2ggbWl0IHNvIGV0d2FzIG5pY2h0IGd1dCBhdXMu,SmUgbmUgbeKAmXkgY29ubmFpcyBwYXMgdnJhaW1lbnQu,QWt1IHRhayB0YWh1IGJhbnlhayBzb2FsIGl0dS4=,QmVuIMO2eWxlIMWfZXlsZXJkZW4gcGVrIGFubGFtYW0u
nrGe,W+y9lOuqqOu5hF0K7J6Q7Iug6rCQIOuEmOy5mOuKlCDrqqjsirXsnbQg67O06riwIOyii+ycvOyLnOyYpC4=,W0tvbW9iaV0KSXTigJlzIGdvb2QgdG8gc2VlIHN1Y2ggY29uZmlkZW5jZSBpbiB5b3Uu,,W+enkeiOq+avlF0K5L2g6L+Z6Ieq5L+h5ruh5ruh55qE5qC35a2Q77yM55yL552A55yf5LiN6ZSZ44CC,,W0tvbW9iaV0K4LiX4LmI4Liy4LiX4Li14Lih4Lix4LmI4LiZ4LmD4LiI4LmA4LiK4LmI4LiZ4LiZ4Lix4LmJ4LiZ4LiZ4LmI4Liy4LiK4Li34LmI4LiZ4LiK4Lih4Lih4Liy4LiB4LiX4Li14LmA4LiU4Li14Lii4Lin,,,W0tvbW9iaV0KTWUgYWxlZ3JhIHZlciB0YW50YSBjb25maWFuemEgZW4gdXN0ZWQu,W0tvbW9iaV0KRXVlciBzZWxic3RiZXd1c3N0ZXMgQXVmdHJldGVuIGdlZsOkbGx0IG1pci4=,W0tvbW9iaV0KVm90cmUgYXNzdXJhbmNlIGZhaXQgcGxhaXNpciDDoCB2b2lyLg==,W0tvbW9iaV0KU2VuYW5nIG1lbGloYXRtdSBiZWdpdHUgcGVyY2F5YSBkaXJpLg==,W0tvbW9iaV0KS2VuZGluZGVuIGVtaW4gaMOibGluaXppIGfDtnJtZWsgZ8O8emVsLg==
n7Ge,W+y9lOuqqOu5hF0K6rK47IaQ7J20IOyngOuCmOyLnOy5mOyYpC4g6re465+s64KYIOq3uCDrqqjsirXsl5Ag642UIOuvv+ydjOydtCDqsIDripTqtbAu,W0tvbW9iaV0KWW91ciBodW1pbGl0eSBpcyBhZG1pcmFibGUsIHlldCBpdCBhbHNvIG1ha2VzIHlvdSBtb3JlIHRydXN0d29ydGh5Lg==,,W+enkeiOq+avlF0K5L2g5aSq6LCm6Jma5LqG44CC5LiN6L+H5L2g6L+Z5qC35Y+N6ICM5pu06K6p5Lq65L+h5pyN44CC,,W0tvbW9iaV0K4LmA4LiI4LmJ4Liy4LiW4LmI4Lit4Lih4LiV4LiZ4LmA4LiB4Li04LiZ4LmE4Lib4LmB4Lil4LmJ4LinIOC4meC4teC5iOC4geC4peC4seC4muC4l+C4s+C5g+C4q+C5ieC4guC5ieC4suC5gOC4iuC4t+C5iOC4reC5g+C4iOC4ouC4tOC5iOC4h+C4geC4p+C5iOC4suC5gOC4lOC4tOC4oQ==,,,W0tvbW9iaV0KRXMgdXN0ZWQgZGVtYXNpYWRvIG1vZGVzdG8uIFBlcm8gZXNvIG1lIGluc3BpcmEgYcO6biBtw6FzIGNvbmZpYW56YS4=,W0tvbW9iaV0KRXVyZSBCZXNjaGVpZGVuaGVpdCBnZWh0IGZhc3Qgc2Nob24genUgd2VpdC4gQWJlciBnZXJhZGUgZGVzaGFsYiBzZXR6ZSBpY2ggdW1zbyBtZWhyIEdsYXViZSBpbiBFdWNoLg==,W0tvbW9iaV0KVm91cyDDqnRlcyBiaWVuIHRyb3AgbW9kZXN0ZS4gTWFpcyBjZWxhIHJlbmZvcmNlIGVuY29yZSBtYSBGb2kgZW4gdm91cy4=,W0tvbW9iaV0KS2VyZW5kYWhhbiBoYXRpbXUgbWVuZ2FndW1rYW4uIFRhcGkgaXR1IG1lbWJ1YXRrdSBzZW1ha2luIHlha2luLg==,W0tvbW9iaV0KQWzDp2FrZ8O2bsO8bGzDvGzDvMSfw7xuw7x6IGZhemxhLiBBbWEgYnUgaMOibGluaXogZGFoYSBkYSBnw7x2ZW4gdmVyaXlvci4=
oLGe,7ZeI7ZeILCDqt7jrn7wg7J6YIOu2gO2DgeuTnOumveuLiOuLpC4=,SGVoLCB3ZWxsIHRoZW4sIEkgbG9vayBmb3J3YXJkIHRvIHdvcmtpbmcgd2l0aCB5b3Uu,,5ZG15ZG177yM6YKj5bCx5ouc5omY5L2g5LqG44CC,,4Liu4LmI4LiyIOC5hiDguIfguLHguYnguJnguIHguYfguILguK3guJ3guLLguIHguJTguYnguKfguKLguYHguKXguYnguKfguIHguLHguJk=,,,SmUsIGplLCBlbnRvbmNlcyBjdWVudG8gY29uIHVzdGVkLg==,SGFoYSwgZGFubiB6w6RobGUgaWNoIGF1ZiBFdWNoLg==,SMOpIGjDqSwgZGFucyBjZSBjYXMsIGplIGNvbXB0ZSBzdXIgdm91cy4=,SGVoZSwga2FsYXUgYmVnaXR1LCBtb2hvbiBiYW50dWFubnlhLg==,SGVoZSwgbyBow6JsZGUgc2l6ZSB6YWhtZXQgb2xhY2FrLg==
obGe,W+unjO2IrOyXkCDtg4DrnbxdCuyggCwg66qo7ZeY6rCA64uYISDrtoDtg4HsnbQg7J6I7Iq164uI64ukLiDsnqDquZAg7J207Kq97Jy866GcIOyCtOynnSDsmKTshZTshJwg66eQIOyigC4uLg==,W01hbnRvZSBUYXJhXQpBZHZlbnR1cmVyISBJIGhhdmUgYSBmYXZvciB0byBhc2suIENvdWxkIHlvdSBjb21lIGp1c3QgYSBiaXQgY2xvc2VyIGZvciBhIG1vbWVudD8=,,W+abvOaJmMK35aGU5ouJXQrmiJEuLuWGkumZqeiAhe+8geacieS4quivt+axguOAguivt+S9oOeojeW+ruWIsOi/mei+ueadpeS4gOS4i++8jOi3n+S9oOivtOWHoOWPpS4uLg==,,W01hbnRvZSBUYXJhXQrguJfguLAuLi4g4LiX4LmI4Liy4LiZ4LiZ4Lix4LiB4Lic4LiI4LiN4Lig4Lix4LiiISDguILguYnguLLguKHguLXguYDguKPguLfguYjguK3guIfguK3guKLguLLguIHguILguK3guKPguYnguK3guIfguJnguLTguJTguKvguJnguYjguK3guKIg4LiC4Lit4LmA4LiK4Li04LiN4Lih4Liy4LiE4Li44Lii4LiB4Lix4LiZ4LiX4Liy4LiH4LiZ4Li14LmJ4Liq4Lix4LiB4LiE4Lij4Li54LmI,,,W01hbnR1ZSBUYXJhXQrCoUVoLCBhdmVudHVyZXJvISBUZW5nbyB1bmEgcGV0aWNpw7NuLiBBY8OpcnF1ZXNlIHVuIG1vbWVudG8gcGFyYSBxdWUgcG9kYW1vcyBoYWJsYXIuLi4=,W01hbnR1ZSBUYXJhXQrDhGguLi4gQWJlbnRldXJlciEgSWNoIGhhYmUgZWluZSBCaXR0ZS4gS8O2bm50IElociBiaXR0ZSBrdXJ6IGhlcmtvbW1lbj8gSWNoIG3DtmNodGUgRXVjaCBldHdhcyBzYWdlbi4uLg==,W01hbnR1ZSBUYXJhXQpIw6ksIEF2ZW50dXJpZXIgISBK4oCZYWkgdW5lIGZhdmV1ciDDoCB2b3VzIGRlbWFuZGVyLiBWZW5leiBwYXIgaWNpLCBkZXV4IHNlY29uZGVzLi4uIGplIGRvaXMgdm91cyBwYXJsZXIu,W01hbnR1ZSBUYXJhXQpBZHZlbnR1cmVyLCBha3UgaW5naW4gbWludGEgdG9sb25nLiBCaXNhIG1lbmRla2F0IHNlYmVudGFyPw==,W01hbnRvZSBUYXJhXQrFni3Fn2V5LCBtYWNlcmFjxLEhIEJpciByaWNhbSB2YXIuIMWew7Z5bGUgYXrEsWPEsWsgYnUgdGFyYWZhIGdlbGlwIGJpciBrb251xZ9hYmlsaXIgbWlzaW5pei4uLg==
orGe,6rWt7Iic7IiYIDog7J2064aIISDsnbQg7LCc6riw7JeQIOyqhCDrsoTrprQg64aIIQ==,R3VrIFN1bnN1IFlvdSByYXNjYWwhIEnigJlsbCBzdGVhbSB5b3UgaW4gdGhpcyBwb3Qh,,6Z6g6aG65rSZOiDkvaDov5nlrrbkvJnvvIHmiJHopoHmiorkvaDkuKLov5vov5nokrjnrLzph4zokrjkuobvvIE=,,R3VrIFN1bnN1IDog4LmA4LiI4LmJ4Liy4Lia4LmJ4Liy4LiZ4Li14LmIISDguILguYnguLLguIjguLDguIjguLHguJrguYDguIjguYnguLLguYLguKLguJnguKXguIfguKvguKHguYnguK3guJnguLbguYjguIfguYPguKvguYnguJTguLkh,,,R3VrIFN1bnN1OiDCoUNhbmFsbGEhIMKhVGUgdm95IGEgY29jZXIgYWwgdmFwb3IgZW4gZXN0YSB2YXBvcmVyYSE=,R3VrIFN1bnN1IDogRHUgQmVuZ2VsISBJY2ggZMOkbXBmZSBkaWNoIGluIGRpZXNlbSBEYW1wZmdhcmVyIQ==,R3VrIFN1bnN1IDogVG9pICEgSmUgdmFpcyB0ZSBmYWlyZSBjdWlyZSDDoCBsYSB2YXBldXIgIQ==,R3VrIFN1bnN1IDogS3VyYW5nIGFqYXIhIEFrYW4ga3VrdWt1cyBLYW11IHNhbXBhaSBtYXRhbmcgZGkgcGFuY2kgaW5pIQ==,R3VrIFN1bnN1IDogU2VuaSBnaWRpISBTZW5pIMWfdSBidWhhcmRhIHBpxZ9pcmlyaW0h
o7Ge,66eM7Yis7JeQIDog7J20IOucqOqxsOyatCDqta3rrLzsl5Ag7Yag66C07J2EIO2VoCDsnpAg6rCZ7Jy864uIIQ==,TWFudHVlIFlvdeKAmWQgYmV0dGVyIGhhbmRsZSB0aGlzIGhvdCBicm90aCBwcm9wZXJseSE=,,5pu85Zu+5Z+DOiDnnIvkvaDlg4/mmK/opoHlnKjov5nmu5rng6vnmoTmsaTph4zmtq7kuIDmtq7vvIE=,,TWFudHVlIDog4LiH4Lix4LmJ4LiZ4LiC4LmJ4Liy4LiI4Liw4LiI4Lix4Lia4LmA4LiI4LmJ4Liy4Lil4Lin4LiB4LmD4LiZ4LiZ4LmJ4Liz4LiL4Li44Lib4Lij4LmJ4Lit4LiZIOC5hiDguYDguKrguLXguKLguYDguKXguKIh,,,TWFudHVlOiDCoVRlIHZveSBhIGVzY2FsZGFyIGVuIGVzdGUgY2FsZG8gaGlydmllbmRvIQ==,TWFudHVlIDogRHUgc2llaHN0IGF1cywgYWxzIG3DvHNzdGUgaWNoIGRpY2ggbWFsIGluIGRpZXNlIGhlacOfZSBCcsO8aGUgdHVua2VuIQ==,TWFudHVlIDogRXNww6hjZSBkZSB2YXVyaWVuICEgSmUgdmFpcyB0ZSBwbG9uZ2VyIGRhbnMgY2UgYm91aWxsb24gYnLDu2xhbnQgIQ==,TWFudHVlIDogS3VoYXJhcCBLYW11IGt1YXQgbWVuZ2hhZGFwaSBrdWFoIHBhbmFzIGluaSE=,TWFudHVlIDogU2VuaSBnaWRpLCDFn3Ugc8SxY2FrIMOnb3JiYWRhIHRlcmJpeWUgZWRlY2XEn2ltIHNhbmtpIQ==
pLGe,W+q1reyInOyImF0K66eM65GQ64aI7JWEISDrgrTqsIAg66i87KCA64ukLCDrqqjtl5jqsIDri5gsIOyHpOuEpOqwgCDsnbTsqr3snLzroZwg7J6g7IucIOuqqOyLreyngOyalCE=,W0d1ayBTdW5zdV0KRHVtcGxpbmchIEkgZ28gZmlyc3QsIGFkdmVudHVyZXIuIFBsZWFzZSwgbGV0IG1lIGxlYWQgdGhpcyBwYXJ0IQ==,,W+meoOmhuua0mV0K5L2g6L+Z5YyF5a2Q77yB5oiR5YWI5p2l77yM5YaS6Zmp6ICF77yM5oiR5YWI5oqK5L2g6K+35Yiw6L+Z6L655LiA5Lya5YS/77yB,,W0d1ayBTdW5zdV0K4LmE4Lit4LmJ4Lie4Lin4LiB4LmA4LiB4Li14LmK4Lii4LinISDguILguYnguLLguIHguYjguK3guJnguKrguLQg4LiX4LmI4Liy4LiZ4LiZ4Lix4LiB4Lic4LiI4LiN4Lig4Lix4LiiIOC5gOC4iuC4tOC4jeC4oeC4suC4l+C4suC4h+C4meC4teC5ieC4geC5iOC4reC4meC5gOC4luC4tOC4lA==,,,W0d1ayBTdW5zdV0KwqFNYWxkaXRvIE1hbmR1ISDCoVlvIHByaW1lcm8hIEF2ZW50dXJlcm8sIGVzdGUgaHVtaWxkZSBzZXJ2aWRvciBsZSBhY29tcGHDsWFyw6EgdW4gbW9tZW50byBwb3IgZXN0ZSBsYWRvLg==,W0d1ayBTdW5zdV0KRHUgTWFuZHUtTMO8bW1lbCEgSWNoIGJpbiB6dWVyc3QgZHJhbi4gQWJlbnRldXJlciwgZXJsYXVidCBtaXIsIEV1Y2gga3VyeiBoaWVyaGVyenViaXR0ZW4h,W0d1ayBTdW5zdV0KRXNww6hjZSBk4oCZYW1hdGV1ciBkZSByYXZpb2xpcyAhIEplIHBhc3NlIGTigJlhYm9yZCAhIEF2ZW50dXJpZXIsIHZlbmV6IHBhciBpY2kgdW4gaW5zdGFudCAh,W0d1ayBTdW5zdV0KUGFuZ3NpdCEgQWt1IGR1bHVhbi4gQWR2ZW50dXJlciwgdG9sb25nIGJpYXJrYW4gYWt1IG1lbWltcGluIGJhZ2lhbiBpbmkh,W0d1ayBTdW5zdV0KVWxhbiBtYW50dWN1ISDDlm5jZSBiZW4hIE1hY2VyYWPEsSwgc2l6aSDFn8O2eWxlIGJpciBhbmzEscSfxLFuYSBidSB0YXJhZmEgYnV5dXIgZWRleWltIQ==
pbGe,7L2U66qo67mEIDog7Zy07JqwLi4uIOunpOydvOqwmeydtCDsnbQg66qo7JaR7J2065287JikLg==,S29tb2JpIFNpZ2guLi4gaXTigJlzIGxpa2UgdGhpcyBldmVyeSBkYXku,,56eR6I6r5q+UOiDlkbwuLi7mr4/lpKnpg73ov5nmoLfllYrjgII=,,S29tb2JpIDog4LmA4Liu4LmJ4LitLi4uIOC5gOC4m+C5h+C4meC5geC4muC4muC4meC4teC5ieC4l+C4uOC4geC4p+C4seC4mQ==,,,S29tb2JpOiBVZi4uLiBUb2RvcyBsb3MgZMOtYXMgZXN0w6FuIGlndWFsLg==,S29tb2JpIDogUHVoIC4uLiBKZWRlbiBUYWcgaXN0IGRhcyBkYXNzZWxiZS4=,S29tb2JpIDogUGZpb3UuLi4gQydlc3QgY29tbWUgw6dhIHRvdXMgbGVzIGpvdXJzLg==,S29tb2JpIDogSGFoLi4uIFNldGlhcCBoYXJpIHNlbGFsdSBiZWdpbmku,S29tb2JpIDogSHV1Li4uIEhlciBnw7xuIGF5bsSxIG1hbnphcmEu
prGe,W+y9lOuqqOu5hF0KLi4u65GQIOyLneuLuSDrtoTrk6TsnbQg7ZWY7IukIOunkOyUgOydtCDsnojsnLzsi6DqsIAg67O07JikLiDqsIDshJwg7J207JW86riw66W8IOyigCDrk6TslrQg7KO87Iuc6rKg7IaMPwrsi6zsgqzrpbwg7J6YIOu2gO2DgeuTnOumrOyYpC4=,W0tvbW9iaV0KLi4uSXQgc2VlbXMgYm90aCByZXN0YXVyYW50IHRlYW1zIGhhdmUgc29tZXRoaW5nIHRvIHNheS4gUGxlYXNlIGxpc3RlbiB0byB0aGVtLiBJIGFzayB5b3UgdG8ganVkZ2UgY2FyZWZ1bGx5Lg==,,W+enkeiOq+avlF0KLi4u55yL5p2l5Lik5a626aSQ6aaG55qE5Lq66YO95pyJ6K+d6KaB6K+044CC5L2g5Y675ZCs5ZCs5LuW5Lus6K+05LuA5LmI5ZCn77yfCuivhOWuoeWwseaLnOaJmOS9oOS6huOAgg==,,W0tvbW9iaV0KLi4u4LiU4Li54LmA4Lir4Lih4Li34Lit4LiZ4LiX4Lix4LmJ4LiH4Liq4Lit4LiH4Lij4LmJ4Liy4LiZ4LiV4LmI4Liy4LiH4Lih4Li14LmA4Lij4Li34LmI4Lit4LiH4LiI4Liw4Lie4Li54LiUIOC5hOC4m+C4n+C4seC4h+C4nuC4p+C4geC5gOC4guC4suC4q+C4meC5iOC4reC4ouC5hOC4lOC5ieC4q+C4o+C4t+C4reC5hOC4oeC5iArguILguK3guJ3guLLguIHguIHguLLguKPguJXguLHguJTguKrguLTguJnguJTguYnguKfguKLguJnguLA=,,,W0tvbW9iaV0KLi4uUGFyZWNlIHF1ZSBsb3MgZGUgYW1ib3MgcmVzdGF1cmFudGVzIHRpZW5lbiBhbGdvIHF1ZSBkZWNpcmxlLiDCv1BvZHLDrWEgaXIgYSBlc2N1Y2hhcmxlcz8KTGUgcnVlZ28gcXVlIGp1emd1ZSBiaWVuLg==,W0tvbW9iaV0KLi4uRXMgc2NoZWludCwgYWxzIGjDpHR0ZW4gZGllIExldXRlIGF1cyBkZW4gYmVpZGVuIFJlc3RhdXJhbnRzIEV1Y2ggZXR3YXMgenUgc2FnZW4uIEdlaHQgZG9jaCBiaXR0ZSBoaW4gdW5kIGjDtnJ0IHNpZSBFdWNoIGFuLgpJY2ggYml0dGUgRXVjaCB1bSBlaW4gZmFpcmVzIFVydGVpbC4=,W0tvbW9iaV0KLi4uT24gZGlyYWl0IHF1ZSBsZXMgZ2VucyBkZXMgZGV1eCByZXN0YXVyYW50cyBvbnQgcXVlbHF1ZSBjaG9zZSDDoCB2b3VzIGRpcmUuIEFsbGV6IGxlcyDDqWNvdXRlciB1biBwZXUsIHZvdWxlei12b3VzID8KSmUgdm91cyBwcmllIGRlIGJpZW4ganVnZXIu,W0tvbW9iaV0KLi4uU2VwZXJ0aW55YSBrZWR1YSBwZW1pbGlrIHJlc3RvcmFuIGl0dSBpbmdpbiBtZW55YW1wYWlrYW4gc2VzdWF0dS4gVG9sb25nIGRlbmdhcmthbiBtZXJla2EgZGFuIGJlcmkgcGVuaWxhaWFuIGRlbmdhbiBiYWlrLg==,W0tvbW9iaV0KLi4uR8O2csO8bsO8xZ9lIGfDtnJlIGlraSBsb2thbnRhbsSxbiBkYSBzw7Z5bGV5ZWNla2xlcmkgdmFyLiBHaWRpcCBiaXJheiBkaW5sZXIgbWlzaW5pej8KRGXEn2VybGVuZGlybWVuaXppIHJpY2EgZWRlcmltLg==
p7Ge,W+y9lOuqqOu5hF0K65GQIOqwgOqyjCDrqqjrkZAg7Je07Ius7Z6IIOykgOu5hO2VmOqzoCDsnojripQg66qo7JaR7J2066Gc6rWw7JqULgrrqqjtl5jqsIDri5jsnbQg64+M7JWE67O06rOgIOqzhOyLreuLiOq5jD8=,W0tvbW9iaV0KQm90aCBzaG9wcyBzZWVtIHRvIGJlIHdvcmtpbmcgZGlsaWdlbnRseS4gQXJlIHlvdSBvYnNlcnZpbmcsIGFkdmVudHVyZXI/,,W+enkeiOq+avlF0K5Lik5a625bqX5Ly85LmO6YO95Zyo5Yqq5Yqb5YeG5aSH5ZGi44CCCuWGkumZqeiAhe+8jOS9oOWcqOWbm+WkhOafpeeci+WQl++8nw==,,W0tvbW9iaV0K4LiU4Li54LmA4Lir4Lih4Li34Lit4LiZ4LiX4Lix4LmJ4LiH4Liq4Lit4LiH4Lij4LmJ4Liy4LiZ4LiV4LmI4Liy4LiH4LmA4LiV4Lij4Li14Lii4Lih4LiV4Lix4Lin4LiB4Lix4LiZ4LmA4LiV4LmH4Lih4LiX4Li14LmICuC5gOC4iOC5ieC4suC4geC4s+C4peC4seC4h+C5gOC4lOC4tOC4meC4leC4o+C4p+C4iOC4lOC4ueC4reC4ouC4ueC5iOC4q+C4o+C4t+C4rT8=,,,W0tvbW9iaV0KUGFyZWNlIHF1ZSBhbWJhcyB0aWVuZGFzIHNlIGVzdMOhbiBwcmVwYXJhbmRvIGNvbiBtdWNobyBlbXBlw7FvLgrCv0xhcyBlc3TDoSB2aXNpdGFuZG8sIEF2ZW50dXJlcm8/,W0tvbW9iaV0KRXMgc2llaHQgZ2FueiBzbyBhdXMsIGFscyB3w7xyZGVuIGJlaWRlIEzDpGRlbiBzaWNoIGVpZnJpZyB2b3JiZXJlaXRlbi4KU2VodCBJaHIgRXVjaCBnZXJhZGUgYWxsZXMgYW4sIEFiZW50ZXVyZXI/,W0tvbW9iaV0KT24gZGlyYWl0IHF1ZSBsZXMgZGV1eCDDqXRhYmxpc3NlbWVudHMgc2UgcHLDqXBhcmVudCBhdmVjIHPDqXJpZXV4LgpBdmVudHVyaWVyLCB2b3VzIGZhaXRlcyBsZSB0b3VyID8=,W0tvbW9iaV0KU2VwZXJ0aW55YSBrZWR1YSB0b2tvIHNhbWEtc2FtYSBzZXJpdXMuCkFwYSBLYW11IGxpaGF0LCBBZHZlbnR1cmVyPw==,W0tvbW9iaV0KxLBraSBkw7xra8OibiBkYSDDp29rIMOnYWzEscWfYXJhayBoYXrEsXJsYW7EsXlvciBnaWJpIGfDtnLDvG7DvHlvci4KTWFjZXJhY8SxLCBldHJhZsSxIGRvbGHFn8SxeW9yIG11c3VudXo/
qLGe,W+y9lOuqqOu5hF0K65GQIOqzsyDri6Qg7KSA67mE6rCAIOuQnCDrqqjslpHsnbTqtbDsmpQuCuyasOumrCDsvZTrqqjrj4TripQg7KCE7ISkIOyGjeyXkCDrgrTroKTsmKTripQg7ZW066OhIO2IrOultO2MjCDri5jsnbQg7JWE66aE64uk7JuA6rO8IOyCtOq4sCDsoovsnYzsl5Ag67CY7ZW0IOyYgeybkO2eiCDthLDrpbwg7J6h7Jy87IWo7J2EIOygleuPhOuhnCDrqYvsp4Qg6rOz7J6F64uI64ukLg==,W0tvbW9iaV0KQm90aCBwbGFjZXMgYXBwZWFyIHJlYWR5LiBPdXIgQ29tb2RvIGlzIGEgbWFnbmlmaWNlbnQgdG93biwgd2hlcmUgdGhlIGxlZ2VuZGFyeSBzZWEgZHJhZ29uIFR1cnBhIGNob3NlIHRvIHNldHRsZSwgY2hhcm1lZCBieSBpdHMgYmVhdXR5IGFuZCBsaXZhYmlsaXR5Lg==,,W+enkeiOq+avlF0K5Lik6L655Ly85LmO6YO95YeG5aSH5aW95LqG44CCCuaIkeS7rOWFi+mtlOWym+aYr+S4quW+iOajkueahOWcsOaWue+8jOS8oOivtOS4reeahOa1t+m+meWbvuWwlOW4leWkp+S6uumDveWboOi/memHjOeahOe+juS4veS4juWunOWxheiAjOedgOi/t++8jOeUmuiHs+awuOi/nOWcqOatpOWumuWxheOAgg==,,W0tvbW9iaV0K4LiX4Lix4LmJ4LiH4Liq4Lit4LiH4Lid4LmI4Liy4Lii4Lie4Lij4LmJ4Lit4Lih4LmB4Lil4LmJ4Lin4Liq4Li04LiZ4LiwCkNvbW9kbyDguILguK3guIfguYDguKPguLLguJnguLHguYnguJnguIfguJTguIfguLLguKHguJnguLHguIEg4LiW4Li24LiH4LiC4LiZ4Liy4LiU4LiX4Li14LmI4LiX4LmI4Liy4LiZ4Lih4Lix4LiH4LiB4Lij4LiX4Liw4LmA4Lil4LmD4LiZ4LiV4Liz4LiZ4Liy4LiZ4Lii4Lix4LiH4Lir4Lil4LiH4LmD4Lir4LilIOC5geC4peC4sOC4leC4seC5ieC4h+C4o+C4geC4o+C4suC4geC4reC4ouC4ueC5iOC4l+C4teC5iOC4meC4teC5iOC4leC4peC4reC4lOC4geC4suC4pQ==,,,W0tvbW9iaV0KUGFyZWNlIHF1ZSBhbWJvcyBsdWdhcmVzIHlhIGVzdMOhbiBsaXN0b3MuCk51ZXN0cm8gQ29tb2RvIGVzIHVuIGx1Z2FyIHRhbiBtYXJhdmlsbG9zbyBxdWUgZWwgbGVnZW5kYXJpbyBkcmFnw7NuIG1hcmlubyBUdXJwYSBzZSBlc3RhYmxlY2nDsyBhcXXDrSBwYXJhIHNpZW1wcmUsIGNhdXRpdmFkbyBwb3Igc3UgYmVsbGV6YSB5IGxvIGFncmFkYWJsZSBxdWUgZXMgdml2aXIgYXF1w60u,W0tvbW9iaV0KRXMgc2NoZWludCwgYWxzIHfDpHJlbiBiZWlkZSBTZWl0ZW4gYmVyZWl0LgpVbnNlciBDb21vZG8gaXN0IGVpbiB3YWhyaGFmdCB3dW5kZXJiYXJlciBPcnQuIFNvIHd1bmRlcnZvbGwgc29nYXIsIGRhc3MgZGVyIGxlZ2VuZMOkcmUgU2VlZHJhY2hlIFR1cnBhIGF1cyBhbHRlciBTYWdlIHZvbiBzZWluZXIgU2Now7ZuaGVpdCB1bmQgTGViZW5zcXVhbGl0w6R0IHNvIGFuZ2V0YW4gZ2V3ZXNlbiBzZWluIHNvbGwsIGRhc3MgZXIgc2ljaCBoaWVyIGbDvHIgYWxsZSBaZWl0ZW4gbmllZGVybGllw58u,W0tvbW9iaV0KT24gZGlyYWl0IHF1ZSBsZXMgZGV1eCBjw7R0w6lzIHNvbnQgcHLDqnRzLgpOb3RyZSBDb21vZG8gZXN0IHVuIGVuZHJvaXQgbWFnbmlmaXF1ZSwgYXUgcG9pbnQgcXVlIGxlIGRyYWdvbiBtYXJpbiBUdXJwYSwgdHJhbnNtaXMgcGFyIGxlcyBsw6lnZW5kZXMsIGEgw6l0w6kgc8OpZHVpdCBwYXIgc2EgYmVhdXTDqSBldCBzYSBkb3VjZXVyIGRlIHZpdnJlIGV0IHMneSBlc3Qgw6l0YWJsaSBwb3VyIGwnw6l0ZXJuaXTDqS4=,W0tvbW9iaV0KU2VwZXJ0aW55YSBrZWR1YW55YSBzdWRhaCBzaWFwLgpDb21vZG8ga2l0YSBhZGFsYWgga290YSBsdWFyIGJpYXNhLCB0ZW1wYXQgTmFnYSBMYXV0IFR1cnBhIG1lbWlsaWggbWVuZXRhcCBrYXJlbmEgdGVycGlrYXQgb2xlaCBrZWluZGFoYW4gZGFuIGtlbnlhbWFuYW5ueWEu,W0tvbW9iaV0KxLBraSB0YXJhZiBkYSBoYXrEsXIgZ2liaSBnw7Zyw7xuw7x5b3IuCkJpemltIENvbW9kbywgZWZzYW5lbGVyZGUgYW5sYXTEsWxhbiBkZW5peiBlamRlcmhhc8SxIFR1cnBhIEhhenJldGxlcmnigJluaW4gZ8O8emVsbGnEn2luZSB2ZSB5YcWfYW5hYmlsaXJsacSfaW5lIHZ1cnVsdXAgc29uc3V6YSBkZWsgYnVyYXlhIHllcmxlxZ9lY2VrIGthZGFyIGhhcmlrYSBiaXIgeWVyZGlyLg==
qbGe,W+y9lOuqqOu5hF0K7L2U66qo64+E7J2YIOuMgO2RnCDsnYzsi53snLzroZwg7IOI66Gc7Jq0IOyghO2GteydtCDrkKAg7J2M7Iud7J2EIOqysOygle2VtCDrs7Trj4TroZ0g7ZWp7Iuc64ukLgrrqqjtl5jqsIDri5jrj4Qg7KCA66W8IOuPhOyZgOyEnCDsnYzsi53snYQg7KKAIOuCmOuIhOyWtOyjvOyLnOqyoOyKteuLiOq5jD8g7J207Kq97J2AIOygnOqwgCDrp6HsnYQg7YWM64uIIOyggOyqvSDshLgg67aE6ruYIOqwgOyguOuLpOyjvOyEuOyalC4=,W0tvbW9iaV0KTGV04oCZcyBkZWNpZGUgd2hpY2ggZGlzaCB3aWxsIGJlY29tZSB0aGUgbmV3IHRyYWRpdGlvbiBhcyB0aGUgcmVwcmVzZW50YXRpdmUgY3Vpc2luZSBvZiBDb21vZG8uIEFkdmVudHVyZXIsIHBsZWFzZSBoZWxwIGRpc3RyaWJ1dGUgdGhlIGZvb2QuIEkgd2lsbCBoYW5kbGUgdGhpcyBzaWRlLCBhbmQgcGxlYXNlIGRlbGl2ZXIgdG8gdGhlIG90aGVyIHRocmVlLg==,,W+enkeiOq+avlF0K6K6p5oiR5Lus5p2l5Yaz5a6a6IO95oiQ5Li65YWL6a2U5bKb5Luj6KGo5paZ55CG44CB5bm25oiQ5Li65paw5Lyg57uf55qE6aOf54mp5ZCn44CCCuWGkumZqeiAhe+8jOS9oOS5n+adpeW4ruaIkeaKiumjn+eJqeWIhuS4gOWIhuWlveWQl++8n+i/mei+ueeUseaIkei0n+i0o++8jOivt+aKiumCo+i+ueeahOaLv+e7memCo+S4ieS9jeOAgg==,,W0tvbW9iaV0K4Lih4Liy4LiV4Lix4LiU4Liq4Li04LiZ4LiB4Lix4LiZ4Lin4LmI4Liy4Lit4Liy4Lir4Liy4Lij4LiI4Liy4LiZ4LmE4Lir4LiZ4LiI4Liw4LmE4LiU4LmJ4LmA4Lib4LmH4LiZ4LiV4Lix4Lin4LmB4LiX4LiZIOC5geC4peC4sOC4geC4peC4suC4ouC5gOC4m+C5h+C4meC4leC4s+C4meC4suC4meC4muC4l+C5g+C4q+C4oeC5iOC4guC4reC4hyBDb21vZG8K4LmA4LiI4LmJ4Liy4LiK4LmI4Lin4Lii4LiC4LmJ4Liy4LmB4LiI4LiB4LiI4LmI4Liy4Lii4Lit4Liy4Lir4Liy4Lij4LmE4LiU4LmJ4Lir4Lij4Li34Lit4LmE4Lih4LmIIOC4guC5ieC4suC4iOC4sOC4lOC4ueC4l+C4suC4h+C4meC4teC5iSDguKrguYjguKfguJnguYDguIjguYnguLLguIrguYjguKfguKLguJnguLPguYTguJvguYPguKvguYnguKrguLLguKHguITguJnguJnguLHguYnguJk=,,,W0tvbW9iaV0KRGVjaWRhbW9zIGN1w6FsIHNlcsOhIGVsIHBsYXRvIGVtYmxlbcOhdGljbyBkZSBDb21vZG8geSBkYXLDoSBjb21pZW56byBhIHVuYSBudWV2YSB0cmFkaWNpw7NuLgrCv1BvZHLDrWEgYXl1ZGFybWUgYSByZXBhcnRpciBsYSBjb21pZGEsIEF2ZW50dXJlcm8/IFlvIG1lIGVuY2FyZ2Fyw6kgZGUgZXN0YSBwYXJ0ZSwgYXPDrSBxdWUgbGzDqXZlbGEgYSBlc2FzIHRyZXMgcGVyc29uYXMu,W0tvbW9iaV0KTGFzc3QgdW5zIGVudHNjaGVpZGVuLCB3ZWxjaGVzIEdlcmljaHQgYWxzIENvbW9kb3MgcmVwcsOkc2VudGF0aXZlIFNwZWlzZSB6dSBlaW5lciBuZXVlbiBUcmFkaXRpb24gd2VyZGVuIHNvbGwuCkFiZW50ZXVyZXIsIHfDvHJkZXQgSWhyIG1pciBoZWxmZW4gdW5kIGV0d2FzIHZvbSBFc3NlbiBhdXN0ZWlsZW4/IEljaCBrw7xtbWVyZSBtaWNoIHVtIGRpZXNlIFNlaXRlLCBhbHNvIGJyaW5ndCBkYXMgYml0dGUgenUgZGVuIGRyZWkgZG9ydCBkcsO8YmVuLg==,W0tvbW9iaV0KQ2hvaXNpc3NvbnMgbGUgcGxhdCBxdWkgZGV2aWVuZHJhIGxhIG5vdXZlbGxlIHNww6ljaWFsaXTDqSBkZSBDb21vZG8uCkF2ZW50dXJpZXIsIHBvdXJyaWV6LXZvdXMgbeKAmWFpZGVyIMOgIGRpc3RyaWJ1ZXIgbGVzIGFzc2lldHRlcyA/IEplIG3igJlvY2N1cGUgZOKAmWljaSwgYXBwb3J0ZXogY2VsbGVzLWzDoCBhdXggdHJvaXMgcGVyc29ubmVzIGzDoC1iYXMu,W0tvbW9iaV0KTWFyaSBraXRhIHB1dHVza2FuIG1ha2FuYW4geWFuZyBha2FuIG1lbmphZGkgbWFrYW5hbiBraGFzIENvbW9kbyB5YW5nIGJhcnUuCkFkdmVudHVyZXIsIG1hdWthaCBrYW11IG1lbWJhbnR1a3UgbWVtYmFnaWthbiBtYWthbmFuPyBBa3UgYWthbiB1cnVzIHNpc2kgaW5pLCB0b2xvbmcgdXJ1cyB0aWdhIGxhaW5ueWEu,W0tvbW9iaV0KQ29tb2RvbnVuIHRlbXNpbMOuIHllbWXEn2kgb2xhcmFrIHllbmkgYmlyIGdlbGVuZWsgb2xhY2FrIHllbWXEn2kgYmVsaXJsZXllbGltLgpNYWNlcmFjxLEsIGJhbmEgeWFyZMSxbSBlZGlwIHllbWVrbGVyaSBiaXJheiBkYcSfxLF0xLFyIG3EsXPEsW7EsXo/IEJ1IHRhcmFmxLEgYmVuIGhhbGxlZGVjZcSfaW0sIHNpeiBkZSDFn3UgdGFyYWZ0YWtpIMO8w6cga2nFn2l5ZSBnw7Z0w7xyw7xuLg==
qrGe,7J2066asIOyjvOyLreyLnOyYpC4=,UGxlYXNlIGhhbmQgaXQgb3Zlci4=,,6K+357uZ5oiR5ZCn44CC,,4LmA4Lit4Liy4Lih4Liy4LmD4Lir4LmJ4LiC4LmJ4Liy,,,RMOpbWVsbywgcG9yIGZhdm9yLg==,R2VidCBlcyBiaXR0ZSBtaXIu,RG9ubmV6LW1vaSDDp2EsIHPigJlpbCB2b3VzIHBsYcOudC4=,U2VyYWhrYW4gcGFkYWt1Lg==,TMO8dGZlbiB2ZXJpbi4=
q7Ge,7KCA64qUIOyLrOyCrOychOybkOydtOuLiOq5jCDrqLnquLDrp4wg7ZWgIOqygeuLiOuLpC4=,SeKAmW0ganVzdCBhIGp1ZGdlLCBzbyBJ4oCZbGwgb25seSB0YXN0ZS4=,,5oiR5piv6K+E5a6h5aeU5ZGY77yM5omA5Lul5oiR5Y+q5Lya5ZCD44CC,,4LiC4LmJ4Liy4LmA4Lib4LmH4LiZ4Lic4Li54LmJ4LiV4Lix4LiU4Liq4Li04LiZIOC4oeC4teC4q+C4meC5ieC4suC4l+C4teC5iOC4iuC4tOC4oeC4reC4ouC5iOC4suC4h+C5gOC4lOC4teC4ouC4pw==,,,U29sbyB2b3kgYSBjb21lciwgcG9ycXVlIHNveSBqdWV6Lg==,SWNoIGJpbiBzY2hsaWXDn2xpY2ggSnVyb3IsIGFsc28gd2VyZGUgaWNoIG51ciBlc3Nlbi4=,SmUgc3VpcyBqdXLDqSwgamUgdmFpcyBqdXN0ZSBtYW5nZXIu,QWt1IGp1cmksIGphZGkgYWt1IGhhbnlhIGFrYW4gbWVuY2ljaXBpLg==,QmVuIGrDvHJpIMO8eWVzaXlpbSwgc2FkZWNlIHlpeWVjZcSfaW0u
rLGe,W+y9lOuqqOu5hF0K7KKL7Iq164uI64ukLiDsnbTrqqjsoIDrqqgg64+E7JmA7KO87IWU7IScIOygleunkCDqsJDsgqztlanri4jri6QuIOygnOqwgCDsmZwg7J2065+wIOydvOq5jOyngCDrtoDtg4Hrk5zrpqzripTsp4Ag7J2066+4IOyVjOqzoCDqs4Tsi5zripQg64iI67mb7J206rWw7JqULg==,W0tvbW9iaV0KRXhjZWxsZW50LiBUaGFuayB5b3UgZm9yIGFzc2lzdGluZyBpbiBldmVyeSB3YXkuIEkgc2VlIHlvdXIgZXllcyBhbHJlYWR5IHVuZGVyc3RhbmQgd2h5IEkgYW0gYXNraW5nIHRoaXMu,,W+enkeiOq+avlF0K5b6I5aW944CC55yf55qE6Z2e5bi45oSf6LCi5L2g5Zyo5ZCE5pa56Z2i5biu5b+Z44CC55yL5L2g55qE55y856We77yM5Ly85LmO5bey57uP55+l6YGT5oiR5Li65LuA5LmI6L+e6L+Z56eN5LqL6YO96KaB5ouc5omY5L2g5LqG44CC,,W0tvbW9iaV0K4LiU4Li14Lih4Liy4LiBIOC4guC4reC4muC5g+C4iOC4l+C4teC5iOC4iuC5iOC4p+C4ouC5gOC4q+C4peC4t+C4reC4l+C4uOC4geC4reC4ouC5iOC4suC4h+C4meC4sCDguJTguLnguIjguLLguIHguKrguLLguKLguJXguLLguYHguKXguYnguKcg4LmA4LiI4LmJ4Liy4LiE4LiH4LmA4LiC4LmJ4Liy4LmD4LiI4Lin4LmI4Liy4LiX4Liz4LmE4Lih4LiC4LmJ4Liy4LiW4Li24LiH4LiV4LmJ4Lit4LiH4LiC4Lit4LmA4LiK4LmI4LiZ4LiZ4Li14LmJ,,,W0tvbW9iaV0KTXV5IGJpZW4uIE11Y2hhcyBncmFjaWFzIHBvciBheXVkYXJtZSBjb24gdGFudGFzIGNvc2FzLiBQb3Igc3UgbWlyYWRhLCBkaXLDrWEgcXVlIHlhIHNhYmUgcG9yIHF1w6kgbGUgcGlkbyBoYXN0YSBlc3RlIHRpcG8gZGUgZmF2b3Jlcy4=,W0tvbW9iaV0KU2VociBndXQuIEhhYnQgdmllbGVuIERhbmssIGRhc3MgSWhyIG1pciBpbiBzbyB2aWVsZXIgSGluc2ljaHQgaGVsZnQuCkV1ZXIgQmxpY2sgdmVycsOkdCBtaXIsIGRhc3MgSWhyIHdvaGwgc2Nob24gYWhudCwgd2FydW0gaWNoIEV1Y2ggc29nYXIgdW0gc28gZXR3YXMgYml0dGUu,W0tvbW9iaV0KVHLDqHMgYmllbi4gTWVyY2kgYmVhdWNvdXAgZGUgbm91cyBhaWRlciBkZSB0YW50IGRlIGZhw6dvbnMuIEplIHZvaXMgw6Agdm90cmUgcmVnYXJkIHF1ZSB2b3VzIHNhdmV6IGTDqWrDoCBwb3VycXVvaSBqZSB2b3VzIGRlbWFuZGUgbcOqbWUgY2UgZ2VucmUgZGUgY2hvc2Uu,W0tvbW9iaV0KQmFpay4gVGVyaW1hIGthc2loIGJhbnlhayBzdWRhaCBtZW1iYW50dSBkYWxhbSBiYW55YWsgaGFsLiBEYXJpIHRhdGFwYW5tdSwgc2VwZXJ0aW55YSBrYW11IG1lbmdlcnRpIGtlbmFwYSBha3UgbWludGEgdG9sb25nLg==,W0tvbW9iaV0KR8O8emVsLiDFnnVyYWRhIGJ1cmFkYSB5YXJkxLFtIGV0dGnEn2luaXogacOnaW4gZ2Vyw6dla3RlbiB0ZcWfZWtrw7xyIGVkZXJpbS4gTmVkZW4gYsO2eWxlIGJpciDFn2V5aSBiaWxlIHJpY2EgZXR0acSfaW1pIHphdGVuIGJpbGRpxJ9pbml6aSBzw7Z5bGV5ZW4gYmlyIGJha8SxxZ/EsW7EsXogdmFyLg==
rbGe,W+y9lOuqqOu5hF0K7ZeI7ZeILi4uIOq3uOuemOyEnOuKlCDri6Trpbgg7IKs656M65Ok7J2YIOydmOqyrOydhCDrsJjsmIHtlZjquLAg7Ja066C17KeAIOyViuqyoOyKteuLiOq5jD8=,W0tvbW9iaV0KSGVoLi4uIG90aGVyd2lzZSwgaXQgd291bGQgYmUgZGlmZmljdWx0IHRvIGNvbnNpZGVyIHRoZSBvcGluaW9ucyBvZiBvdGhlcnMu,,W+enkeiOq+avlF0K5ZG15ZG1Li4u6YKj5qC355qE6K+d77yM5LiN5bCx5b6I6Zq+5Y+N5pig5YW25LuW5Lq655qE5oSP6KeB5LqG5ZCX77yf,,W0tvbW9iaV0K4Liu4LmI4LiyIOC5hiDguJbguYnguLLguYDguJvguYfguJnguYDguIrguYjguJnguJnguLHguYnguJkg4LiI4Liw4Lij4Lix4Lia4Lif4Lix4LiH4LiE4Lin4Liy4Lih4LmA4Lir4LmH4LiZ4Lic4Li54LmJ4Lit4Li34LmI4LiZ4LmE4LiU4LmJ4Lit4Lii4LmI4Liy4LiH4LmE4Lij4LmA4Lil4LmI4Liy,,,W0tvbW9iaV0KSmUsIGplLi4uIMK/Tm8gc2Vyw61hIGRpZsOtY2lsIHRlbmVyIGVuIGN1ZW50YSBsYSBvcGluacOzbiBkZSBsb3MgZGVtw6FzIGRlIGVzZSBtb2RvPw==,W0tvbW9iaV0KSGVoZSAuLi4gU28gZMO8cmZ0ZSBlcyBkb2NoIHNjaHdlcmZhbGxlbiwgZGllIE1laW51bmdlbiBkZXIgYW5kZXJlbiBhbmdlbWVzc2VuIHp1IGJlcsO8Y2tzaWNodGlnZW4sIG1laW50IElociBuaWNodD8=,W0tvbW9iaV0KSMOpIGjDqS4uLiBEYW5zIGNlIGNhcywgZGlmZmljaWxlIGRlIHByZW5kcmUgZW4gY29tcHRlIGzigJlhdmlzIGRlcyBhdXRyZXMsIG5vbiA/,W0tvbW9iaV0KS2FsYXUgdGlkYWsgYmVnaXR1LCBha2FuIHN1bGl0IG1lbmltYmFuZyBwZW5kYXBhdCBvcmFuZyBsYWluLg==,W0tvbW9iaV0KSMO2aMO2Li4uIMOWeWxlIG9sdXJzYSBiYcWfa2FsYXLEsW7EsW4gZ8O2csO8xZ9sZXJpbmkgeWFuc8SxdG1hayB6b3Igb2xtYXogbcSxPw==
rrGe,W+y9lOuqqOu5hF0K7KCR7Iuc66W8IOuCmOuIhOyWtOyjvOyLnOuptOyEnCDshpDri5jrk6TsnZgg7ZGc7KCVLCDrsJjsnZEsIOq4sOuMgOqwkC4uLiDqt7jrn7Ag66qo65OgIOqyg+ydhCDrs7Tqs6Ag7JmAIOyjvOyLreyLnOyYpC4K7J6QLCDri6TrhYDsmKTsi5zsp4DsmpQu,W0tvbW9iaV0KV2hpbGUgZGlzdHJpYnV0aW5nIHRoZSBwbGF0ZXMsIG9ic2VydmUgdGhlIGd1ZXN0c+KAmSBleHByZXNzaW9ucywgcmVhY3Rpb25zLCBleHBlY3RhdGlvbnMuLi4gVGFrZSBub3RlIG9mIGV2ZXJ5dGhpbmcuIE5vdywgb2ZmIHlvdSBnby4=,,W+enkeiOq+avlF0K5YiG55uY5a2Q55qE5pe25YCZ77yM6K+35oqK5a6i5Lq655qE6KGo5oOF44CB5Y+N5bqU44CB5pyf5b6F5oSfLi4u6L+Z5Lqb5YWo6YOo6YO955yL5LiA55yL5YaN5Zue5p2l44CCCumCo+S5iO+8jOWOu+WQp+OAgg==,,W0tvbW9iaV0K4Lij4Liw4Lir4Lin4LmI4Liy4LiH4LmB4LiI4LiB4LiI4Liy4LiZ4Lit4Liy4Lir4Liy4LijIOC4iOC4h+C4quC4seC4h+C5gOC4geC4leC4quC4teC4q+C4meC5ieC4siDguJvguI/guLTguIHguLTguKPguLTguKLguLIg4LmB4Lil4Liw4LiE4Lin4Liy4Lih4LiE4Liy4LiU4Lir4Lin4Lix4LiH4LiC4Lit4LiH4Lic4Li54LmJ4LiE4LiZIOC5geC4peC5ieC4p+C4geC4peC4seC4muC4oeC4suC4muC4reC4geC4guC5ieC4sg==,,,W0tvbW9iaV0KTWllbnRyYXMgcmVwYXJ0ZSBsb3MgcGxhdG9zLCBmw61qZXNlIGVuIGxhcyBleHByZXNpb25lcywgcmVhY2Npb25lcyB5IGV4cGVjdGF0aXZhcyBkZSBsb3MgaW52aXRhZG9zLi4uIE9ic2VydmUgdG9kbyBlc28geSB2dWVsdmEuCkJpZW4sIHZheWEu,W0tvbW9iaV0KV8OkaHJlbmQgSWhyIGRpZSBUZWxsZXIgdmVydGVpbHQsIGFjaHRldCBiaXR0ZSBhdWYgZGllIEdlc2ljaHRlciBkZXIgR8Okc3RlLCBpaHJlIFJlYWt0aW9uZW4sIGlocmUgVm9yZnJldWRlIC4uLiBhdWYgYWxsIGRhcy4KTnVuIGdlaHQgbnVyLg==,W0tvbW9iaV0KRW4gZGlzdHJpYnVhbnQgbGVzIGFzc2lldHRlcywgb2JzZXJ2ZXogbGVzIGV4cHJlc3Npb25zLCBsZXMgcsOpYWN0aW9ucywgbGVzIGF0dGVudGVzLi4uIHRvdXQuIFB1aXMgcmV2ZW5leiBtZSBkaXJlLgpBbGxlei15Lg==,W0tvbW9iaV0KU2FtYmlsIG1lbWJhZ2lrYW4gcGlyaW5nLCBsaWhhdGxhaCBla3NwcmVzaSBwYXJhIHRhbXUuIFJlYWtzaSwgZWtzcGVrdGFzaSwgcGVyaGF0aWthbiBzZW11YW55YS4KU2VsYW1hdCBtZW1iYWdpa2FuLg==,W0tvbW9iaV0KVGFiYWtsYXLEsSBkYcSfxLF0xLFya2VuIG3DvMWfdGVyaWxlcmluIHnDvHogaWZhZGVsZXJpbmksIHRlcGtpbGVyaW5pLCBiZWtsZW50aWxlcmluaS4uLiBoZXBzaW5pIGfDtnLDvHAgZ2VsaW4uCkhheWRpLCBnaWRpbi4=
r7Ge,W+y9lOuqqOu5hF0K7KCR7Iuc66W8IOuCmOuIhOyWtOyjvOyLnOuptOyEnCDshpDri5jrk6TsnZgg7ZGc7KCVLCDrsJjsnZEsIOq4sOuMgOqwkC4uLiDqt7jrn7Ag66qo65OgIOqyg+ydhCDrs7Tqs6Ag7JmAIOyjvOyLreyLnOyYpC4K6re466as6rOgIO2VqOq7mCDsi5zsi53tlZjsi63si5zri6Qu,W0tvbW9iaV0KV2hpbGUgZGlzdHJpYnV0aW5nIHRoZSBwbGF0ZXMsIG9ic2VydmUgdGhlIGd1ZXN0c+KAmSBleHByZXNzaW9ucywgcmVhY3Rpb25zLCBleHBlY3RhdGlvbnMuLi4gVGFrZSBub3RlIG9mIGV2ZXJ5dGhpbmcuIEFuZCB0aGVuLCB0YXN0ZSB0b2dldGhlci4=,,W+enkeiOq+avlF0K5YiG55uY5a2Q55qE5pe25YCZ77yM6K+35oqK5a6i5Lq655qE6KGo5oOF44CB5Y+N5bqU44CB5pyf5b6F5oSfLi4u6L+Z5Lqb5YWo6YOo6YO955yL5LiA55yL5YaN5Zue5p2l44CCCueEtuWQjuaIkeS7rOS4gOi1t+ivleWQg+WQp+OAgg==,,W0tvbW9iaV0K4Lij4Liw4Lir4Lin4LmI4Liy4LiH4LmB4LiI4LiB4LiI4Liy4LiZ4Lit4Liy4Lir4Liy4LijIOC4iOC4h+C4quC4seC4h+C5gOC4geC4leC4quC4teC4q+C4meC5ieC4siDguJvguI/guLTguIHguLTguKPguLTguKLguLIg4LmB4Lil4Liw4LiE4Lin4Liy4Lih4LiE4Liy4LiU4Lir4Lin4Lix4LiH4LiC4Lit4LiH4Lic4Li54LmJ4LiE4LiZIOC4q+C4peC4seC4h+C4iOC4suC4geC4meC4seC5ieC4mSDguITguYjguK3guKLguIHguKXguLHguJrguKHguLLguKXguK3guIfguIrguLTguKHguJ7guKPguYnguK3guKHguILguYnguLI=,,,W0tvbW9iaV0KTWllbnRyYXMgcmVwYXJ0ZSBsb3MgcGxhdG9zLCBmw61qZXNlIGVuIGxhcyBleHByZXNpb25lcywgcmVhY2Npb25lcyB5IGV4cGVjdGF0aXZhcyBkZSBsb3MgaW52aXRhZG9zLi4uIE9ic2VydmUgdG9kbyBlc28geSB2dWVsdmEuClkgZGVzcHXDqXMsIGxhIHByb2JhcmVtb3MgZW4gY29tcGHDscOtYS4=,W0tvbW9iaV0KV8OkaHJlbmQgSWhyIGRpZSBUZWxsZXIgdmVydGVpbHQsIGFjaHRldCBiaXR0ZSBhdWYgZGllIEdlc2ljaHRlciBkZXIgR8Okc3RlLCBpaHJlIFJlYWt0aW9uZW4sIGlocmUgVm9yZnJldWRlIC4uLiBhdWYgYWxsIGRhcy4KVW5kIGRhbmFjaCBsYXNzdCB1bnMgZ2VtZWluc2FtIGtvc3Rlbi4=,W0tvbW9iaV0KRW4gZGlzdHJpYnVhbnQgbGVzIGFzc2lldHRlcywgb2JzZXJ2ZXogbGVzIGV4cHJlc3Npb25zLCBsZXMgcsOpYWN0aW9ucywgbGVzIGF0dGVudGVz4oCmIHRvdXQgY2VsYSwgcHVpcyByZXZlbmV6LgpFdCBnb8O7dG9ucyBlbnNlbWJsZS4=,W0tvbW9iaV0KU2FtYmlsIG1lbWJhZ2lrYW4gcGlyaW5nLCBsaWhhdGxhaCBla3NwcmVzaSBwYXJhIHRhbXUuIFJlYWtzaSwgZWtzcGVrdGFzaSwgcGVyaGF0aWthbiBzZW11YW55YS4KU2VrYXJhbmcsIHNlbGFtYXQgbWVuY2ljaXBpLg==,W0tvbW9iaV0KVGFiYWtsYXLEsSBkYcSfxLF0xLFya2VuIG3DvMWfdGVyaWxlcmluIHnDvHogaWZhZGVsZXJpbmksIHRlcGtpbGVyaW5pLCBiZWtsZW50aWxlcmluaS4uLiBoZXBzaW5pIGfDtnLDvHAgZ2VsaW4uClNvbnJhIGJpcmxpa3RlIHRhZMSxbmEgYmFrYWzEsW0u
sLGe,W+y9lOuqqOu5hF0K7J2065+wLCDtmLnsi5wg7J2M7Iud7J20IOuNlCDtlYTsmpTtlZjsi63ri4jquYw/,W0tvbW9iaV0KT2g/IERvIHlvdSBuZWVkIG1vcmUgZm9vZD8=,,W+enkeiOq+avlF0K5ZOO5ZGA77yM5L2g6L+Y6ZyA6KaB5pu05aSa6aOf54mp5ZCX77yf,,W0tvbW9iaV0K4Lit4Li34LihIOC4leC5ieC4reC4h+C4geC4suC4o+C4reC4suC4q+C4suC4o+C5gOC4nuC4tOC5iOC4oeC4q+C4o+C4t+C4reC5hOC4oeC5iA==,,,W0tvbW9iaV0KVmF5YSwgwr9uZWNlc2l0YSBtw6FzIGNvbWlkYT8=,W0tvbW9iaV0KT2ggd2VoLCBicmF1Y2h0IElociB2aWVsbGVpY2h0IG5vY2ggbWVociBFc3Nlbj8=,W0tvbW9iaV0KT2jigKYgaWwgdm91cyBlbiBmYXV0IGVuY29yZSA/,W0tvbW9iaV0KQXBhIG1ha2FuYW5ueWEgbWFzaWgga3VyYW5nPw==,W0tvbW9iaV0KQW1hbiwgeW9rc2EgZGFoYSBmYXpsYSB5ZW1lxJ9lIG1pIGlodGl5YWPEsW7EsXogdmFyPw==
sbGe,7JWE64uZ64uI64ukLg==,Tm8sIGl0IGlzbuKAmXQu,,5LiN5piv44CC,,4LmE4Lih4LmI4LiV4LmJ4Lit4LiH,,,Tm8u,TmVpbi4=,Tm9uLg==,VGlkYWsu,SGF5xLFyLCBkZcSfaWwu
srGe,7ZWY64KYIOuqqOyekOuejeuLiOuLpC4=,T25lIGlzIG1pc3Npbmcu,,6L+Y5beu5LiA5Liq44CC,,4LiC4Liy4LiU4Lir4LiZ4Li24LmI4LiH,,,RmFsdGEgdW5vLg==,RWlucyBmZWhsdC4=,SWwgZW4gbWFucXVlIHVuZS4=,S3VyYW5nIHNhdHUu,QmlyIHRhbmUgZWtzaWsu
s7Ge,65GQIOqwnCDrqqjsnpDrno3ri4jri6Qu,VHdvIGFyZSBtaXNzaW5nLg==,,6L+Y5beu5Lik5Liq44CC,,4LiC4Liy4LiU4Liq4Lit4LiH,,,RmFsdGFuIGRvcy4=,WndlaSBmZWhsZW4u,SWwgZW4gbWFucXVlIGRldXgu,S3VyYW5nIGR1YS4=,xLBraSB0YW5lIGVrc2lrLg==
tLGe,7IS4IOqwnCDrqqjsnpDrno3ri4jri6Qu,VGhyZWUgYXJlIG1pc3Npbmcu,,6L+Y5beu5LiJ5Liq44CC,,4LiC4Liy4LiU4Liq4Liy4Lih,,,RmFsdGFuIHRyZXMu,RHJlaSBmZWhsZW4u,SWwgZW4gbWFucXVlIHRyb2lzLg==,S3VyYW5nIHRpZ2Eu,w5zDpyB0YW5lIGVrc2lrLg==
tbGe,W+y9lOuqqOu5hF0K7Ja07IScIOqwgOyEnCDrp4jsoIAg64KY64ig7KO87Iut7Iuc7JikLCDrqqjtl5jqsIDri5gu,W0tvbW9iaV0KR28gYWhlYWQgYW5kIGZpbmlzaCBkaXN0cmlidXRpbmcgdGhlIGRpc2hlcywgYWR2ZW50dXJlci4=,,W+enkeiOq+avlF0K5b+r5Y675oqK5Ymp5LiL55qE5YiG5Y+R5a6M5ZCn77yM5YaS6Zmp6ICF44CC,,W0tvbW9iaV0K4Lij4Li14Lia4LmE4Lib4LmB4LiI4LiB4LiV4LmI4Lit4LmA4LiW4Li04LiUIOC4meC4seC4geC4nOC4iOC4jeC4oOC4seC4og==,,,W0tvbW9iaV0KVmF5YSBlbnNlZ3VpZGEgYSByZXBhcnRpciBlbCByZXN0bywgcG9yIGZhdm9yLg==,W0tvbW9iaV0KR2VodCBudXIgc2NobmVsbCB1bmQgdmVydGVpbHQgZGVuIFJlc3QsIEFiZW50ZXVyZXIu,W0tvbW9iaV0KRMOpcMOqY2hlei12b3VzIGTigJlhbGxlciBkaXN0cmlidWVyIGxlIHJlc3RlLCBBdmVudHVyaWVyLg==,W0tvbW9iaV0KQ2VwYXQgYmFnaWthbiBtYWthbmFubnlhLCBBZHZlbnR1cmVyLg==,W0tvbW9iaV0Kw4dhYnVrIGdpZGlwIGthbGFuxLFuxLEgZGHEn8SxdMSxbiwgTWFjZXJhY8SxLg==
trGe,W+y9lOuqqOu5hF0K7Jy87J2MLi4uIOyGkOuLmOuTpOq7mCDrgpjriKDrk5zrpqzquLDrpbwg67aA7YOB65Oc66C4642YIOydjOyLneydhCDsnoPslrTrsoTrpqzsi5zri6Tri4jsmpQuCuydjOyLneydhCDri6Tsi5wg66eM65Ok66Ck66m0IOynkeqyjOuwnOqzvCDsg4jsi7nsnbQg642UIO2VhOyalO2VmOuLiCwg7ZWY64KY7JSpIOuLpOyLnCDso7zsi63si5zsmKQu,W0tvbW9iaV0KSG1tLi4uIHlvdSBsb3N0IHRoZSBmb29kIHlvdSB3ZXJlIHN1cHBvc2VkIHRvIGRpc3RyaWJ1dGUgdG8gdGhlIGd1ZXN0cz8gVG8gcmVtYWtlIHRoZSBkaXNoZXMsIHlvdSdsbCBuZWVkIG1vcmUgTmlwcGVyIGFuZCBTaG9vdC4gUGxlYXNlIGdpdmUgbWUgb25lIG9mIGVhY2gu,,W+enkeiOq+avlF0K5ZSULi4u5L2g56uf54S25oqK5ouc5omY5L2g5YiG57uZ5a6i5Lq655qE6aOf54mp5byE5Lii5LqG44CCCuimgemHjeaWsOWBmumjn+eJqe+8jOi/mOmcgOimgeabtOWkmumSs+WtkOWSjOiKveiLl++8jOivt+WQhOWGjee7meaIkeS4gOS4quOAgg==,,W0tvbW9iaV0K4Lit4Li34LihLi4uIOC4reC4suC4q+C4suC4o+C4l+C4teC5iOC4guC5ieC4suC4neC4suC4geC5hOC4m+C5geC4iOC4gSDguYDguIjguYnguLLguJfguLPguKvguLLguKLguIfguLHguYnguJnguKvguKPguLfguK0K4LiW4LmJ4Liy4LiI4Liw4LiX4Liz4LmD4Lir4Lih4LmIIOC4leC5ieC4reC4h+C5g+C4iuC5iSBOaXBwZXIg4LiB4Lix4LiaIFNob290IOC5gOC4nuC4tOC5iOC4oeC4reC4ouC5iOC4suC4h+C4peC4sOC4q+C4meC4tuC5iOC4h+C4oeC4suC5g+C4q+C5ieC4guC5ieC4sg==,,,W0tvbW9iaV0KTW1tLi4uIEhhIHBlcmRpZG8gbGEgY29taWRhIHF1ZSBsZSBwZWTDrSBxdWUgcmVwYXJ0aWVyYSBlbnRyZSBsb3MgaW52aXRhZG9zLgpQYXJhIHByZXBhcmFyIGxhIGNvbWlkYSBkZSBudWV2bywgbmVjZXNpdGFtb3MgdW5hIFBpbnphIHkgdW4gYnJvdGUgbcOhcywgYXPDrSBxdWUgZW50csOpZ3VlbWUgdW5vIGRlIGNhZGEu,W0tvbW9iaV0KSG0uLi4gSWhyIGhhYnQgYWxzbyBkYXMgRXNzZW4gdmVybG9yZW4sIGRhcyBpY2ggRXVjaCB6dW0gVmVydGVpbGVuIGFuIGRpZSBHw6RzdGUgYW52ZXJ0cmF1dCBoYWJlLgpXZW5uIHdpciBlcyBub2NoIGVpbm1hbCB6dWJlcmVpdGVuIHNvbGxlbiwgYnJhdWNoZW4gd2lyIHdpZWRlciBlaW5lIEdyZWlmemFuZ2UgdW5kIGVpbmVuIFNwcm9zcy4gQnJpbmd0IG1pciBhbHNvIGJpdHRlIHZvbiBiZWlkZW0gamUgZWlucy4=,W0tvbW9iaV0KSG1t4oCmIFZvdXMgYXZleiBwZXJkdSBsYSBub3Vycml0dXJlIHF1ZSBqZSB2b3VzIGF2YWlzIGRlbWFuZMOpIGRlIGRpc3RyaWJ1ZXIgYXV4IGNsaWVudHMuClBvdXIgZW4gcmVmYWlyZSwgaWwgbWUgZmF1dCBlbmNvcmUgUGluY2UgZGUgY3JhYmUgZXQgcG91c3NlLiBSZWRvbm5lei1t4oCZZW4gdW5lIGRlIGNoYXF1ZS4=,W0tvbW9iaV0KTWFrYW5hbiB5YW5nIHNlaGFydXNueWEgdW50dWsgdGFtdSBoaWxhbmc/ClVudHVrIGtlbWJhbGkgbWVtYnVhdG55YSwgYWt1IGJ1dHVoIE5pcHBlciBkYW4gU2hvb3QgbGFnaS4gSmFkaSwgYmVyaWthbiBwYWRha3UgbWFzaW5nLW1hc2luZyBzYXR1IGxhZ2ku,W0tvbW9iaV0KSMSxbW0uLi4gTcO8xZ90ZXJpbGVyZSBkYcSfxLF0bWFuxLF6xLEgcmljYSBldHRpxJ9pbSB5ZW1lxJ9pIGtheWJldG1pxZ8gb2xtYW7EsXphIGluYW5hbcSxeW9ydW0uClllbWXEn2kgeWVuaWRlbiB5YXBtYWsgacOnaW4gUGVuw6dlIEV0aSB2ZSBGaWRlIGRhaGEgZ2VyZWtpeW9yLCBiaXJlciB0YW5lIHRla3JhciB2ZXJpbi4=
t7Ge,65Oc66as6rKg7Iq164uI64ukLg==,SSB3aWxsIGdpdmUgdGhlbS4=,,5oiR5Lya57uZ5L2g44CC,,4LiC4LmJ4Liy4Lih4Lit4Lia4LmD4Lir4LmJ4LmA4Lit4LiH,,,U2UgbG9zIGRhcsOpLg==,SWNoIGdlYmUgZXMgRXVjaC4=,SmUgdm91cyBsZXMgZG9ubmUu,QWthbiBrdWJlcmlrYW4u,VmVyZWNlxJ9pbS4=
uLGe,6rWs7ZW0IOyYpOqyoOyKteuLiOuLpC4=,SSB3aWxsIGJyaW5nIHRoZW0gYmFjay4=,,5oiR5Lya5om+5p2l44CC,,4LiC4LmJ4Liy4LiI4Liw4LmE4Lib4Lir4Liy4Lih4Liy4LmD4Lir4LmJ,,,SXLDqSBhIGJ1c2Nhcmxvcy4=,SWNoIHdlcmRlIHNpZSBiZXNvcmdlbi4=,SmUgdmFpcyBsZXMgY2hlcmNoZXIu,QWthbiBrdWNhcmku,QnVsdXAgZ2V0aXJlY2XEn2ltLg==
ubGe,W+y9lOuqqOu5hF0K7JWE7KeBIOuqqOyekOudvOuKlOq1sOyalC4g7KeR6rKM67Cc6rO8IOyDiOyLuSwg7ZWcIOqwnOyUqeyeheuLiOuLpC4=,W0tvbW9iaV0KU3RpbGwgbm90IGVub3VnaC4gT25lIG1vcmUgTmlwcGVyIGFuZCBTaG9vdCBlYWNoLg==,,W+enkeiOq+avlF0K6L+Y5LiN5aSf5ZGi44CC6ZKz5a2Q5ZKM6Iq96IuX77yM5ZCE5LiA5Liq44CC,,W0tvbW9iaV0K4Lii4Lix4LiH4LmE4Lih4LmI4Lie4LitIE5pcHBlciDguIHguLHguJogU2hvb3Qg4Lit4Lii4LmI4Liy4LiH4Lil4Liw4Lir4LiZ4Li24LmI4LiH,,,W0tvbW9iaV0KQcO6biBmYWx0YSB1bmEgUGluemEgeSB1biBicm90ZS4=,W0tvbW9iaV0KRGEgZmVobHQgbm9jaCB3YXMuIEdyZWlmemFuZ2UgdW5kIFNwcm9zcyDigJMgdm9uIGJlaWRlbSBqZSBlaW5zLg==,W0tvbW9iaV0KSWwgZW4gbWFucXVlIGVuY29yZS4gUGluY2UgZGUgY3JhYmUgZXQgcG91c3NlIDogdW5lIGRlIGNoYXF1ZS4=,W0tvbW9iaV0KTWFzaWggdGlkYWsgY3VrdXAuIE5pcHBlciBkYW4gU2hvb3QsIG1hc2luZy1tYXNpbmcgc2F0dS4=,W0tvbW9iaV0KSMOibMOiIGVrc2lrLiBQZW7Dp2UgRXRpIHZlIEZpZGUsIGJpcmVyIHRhbmUu
urGe,W+y9lOuqqOu5hF0K7Jik7JikLCDsl6zquLAg7Jqp7IiY7Je8IOq1reyImOyZgCDruIzroIjsiqQg66eM65GQ66W8IO2VmOuCmOyUqSDrjZQg65Oc66as6rKg7Iq164uI64ukLiDrp4jsoIAg64KY64iE7Ja07KO86rOgIOyZgCDso7zsi63si5zsmKQu,W0tvbW9iaV0KT2ghIEhlcmUgYXJlIG9uZSBtb3JlIERyYWdvbiBCZWFyZCBOb29kbGVzIGFuZCBvbmUgbW9yZSBDaGFyY29hbC1Ccm9pbGVkIEJyZWF0aCBEdW1wbGluZy4gR28gZmluaXNoIGRpc3RyaWJ1dGluZyB0aGVtLg==,,W+enkeiOq+avlF0K5ZOm5ZOm77yM6YKj5oiR5YaN57uZ5L2g5ZCE5LiA5Liq6b6Z6aG75rGk6Z2i5ZKM5ZG85ZC45YyF5a2Q44CC5oqK5Ymp5LiL55qE5YiG5Y+R5a6M5YaN5Zue5p2l5ZCn44CC,,W0tvbW9iaV0K4LmC4Lit4LmJIOC4meC4teC5iCDguYDguK3guLIgRHJhZ29uIEJlYXJkIE5vb2RsZXMg4LiB4Lix4LiaIEZpcmUtQnJlYXRoZSBEdW1wbGluZyDguYTguJvguYDguJ7guLTguYjguKHguK3guKLguYjguLLguIfguKXguLDguKvguJnguLbguYjguIcg4LmA4Lit4Liy4LmE4Lib4LmB4Lia4LmI4LiH4LmD4Lir4LmJ4LiE4LiZ4Lit4Li34LmI4LiZ4LiV4LmI4Lit4LmB4Lil4LmJ4Lin4LiB4Lil4Lix4Lia4Lih4Liy4Lir4Liy4LiC4LmJ4Liy4LiU4LmJ4Lin4Lii4Lil4LmI4Liw,,,W0tvbW9iaV0KT2gsIGxlIGRhcsOpIHVuYSByYWNpw7NuIG3DoXMgZGUgZmlkZW9zIGRlIGJpZ290ZSBkZSBkcmFnw7NuIHkgb3RyYSBkZSBNYW5kdSBhbCB2YXBvci4gVmF5YSBhIHJlcGFydGlyIGVsIHJlc3RvIHkgdnVlbHZhLg==,W0tvbW9iaV0KT2gsIGhpZXIgYmVrb21tdCBJaHIgbm9jaCBqZSBlaW5lIFBvcnRpb24gRHJhY2hlbmJhcnQtTnVkZWxuIHVuZCBNYW5kdSDigJ5GbGFtbWVuYXRlbeKAnC4gVmVydGVpbHQgZGVuIFJlc3QgdW5kIGtvbW10IGRhbm4gd2llZGVyLg==,W0tvbW9iaV0KT2ggISBKZSB2b3VzIGRvbm5lIGVuY29yZSB1bmUgcG9ydGlvbiBkZSBub3VpbGxlcyBCYXJiZS1kZS1EcmFnb24gZXQgdW4gcmF2aW9saSBkdSBzb3VmZmxlLiBBbGxleiBkaXN0cmlidWVyIGxlIHJlc3RlLCBwdWlzIHJldmVuZXou,W0tvbW9iaV0KU2F0dSBTcGVjaWFsIERyYWdvbiBCZWFyZCBOb29kbGVzIGRhbiBzYXR1IENoYXJjb2FsLUJyb2lsZWQgQnJlYXRoIER1bXBsaW5nLiBDZXBhdCBiYWdpa2FuLg==,W0tvbW9iaV0KT28sIGJ1cmFkYSBEcmFnb24gQmVhcmQgTm9vZGxlcyB2ZSBOZWZlcyBNYW50xLFzxLFuZGFuIGJpcmVyIHRhbmUgZGFoYSB2ZXJlY2XEn2ltLiBLYWxhbsSxbsSxIGRhIGRhxJ/EsXTEsXAgZ2VsaW5pei4=
u7Ge,W+y9lOuqqOu5hF0K6re465+8IOuLpOuFgOyYpOyLreyLnOyYpC4=,W0tvbW9iaV0KVGhlbiBvZmYgeW91IGdvLg==,,W+enkeiOq+avlF0K6YKj5LmI5L2g5Y675ZCn44CC,,W0tvbW9iaV0K4LmE4Lib4LmA4LiW4Li04LiU,,,W0tvbW9iaV0KRW50b25jZXMsIHZheWEu,W0tvbW9iaV0KRGFubiBnZWh0IG51biBiaXR0ZS4=,W0tvbW9iaV0KQWxvcnMsIGFsbGV6LXku,W0tvbW9iaV0KUGVyZ2lsYWgu,W0tvbW9iaV0Kw5Z5bGV5c2UgZ2lkaXAgZ2VsaW5pei4=
vLGe,W+y9lOuqqOu5hF0K7Jy87J2MLi4uIOyGkOuLmOuTpOq7mCDrgpjriKDrk5zrpqzquLDrpbwg67aA7YOB65Oc66C4642YIOydjOyLneydhCDsnoPslrTrsoTrpqzsi5zri6Tri4jsmpQuCuydjOyLneydhCDri6Tsi5wg66eM65Ok66Ck66m0IOynkeqyjOuwnOqzvCDsg4jsi7nsnbQg642UIO2VhOyalO2VmOuLiCwg65GQIOqwnOyUqSDri6Tsi5wg7KO87Iut7Iuc7JikLg==,W0tvbW9iaV0KSG1tLi4uIHlvdSBsb3N0IHRoZSBmb29kIHlvdSB3ZXJlIHN1cHBvc2VkIHRvIGRpc3RyaWJ1dGUgdG8gdGhlIGd1ZXN0cz8gVG8gcmVtYWtlIHRoZSBkaXNoZXMsIHlvdSdsbCBuZWVkIG1vcmUgTmlwcGVyIGFuZCBTaG9vdC4gUGxlYXNlIGdpdmUgbWUgdHdvIG9mIGVhY2gu,,W+enkeiOq+avlF0K5ZSULi4u5L2g56uf54S25oqK5ouc5omY5L2g5YiG57uZ5a6i5Lq655qE6aOf54mp5byE5Lii5LqG44CCCuimgemHjeaWsOWBmumjn+eJqe+8jOi/mOmcgOimgeabtOWkmumSs+WtkOWSjOiKveiLl++8jOivt+WQhOWGjee7meaIkeS4pOS4quOAgg==,,W0tvbW9iaV0K4Lit4Li34LihLi4uIOC4reC4suC4q+C4suC4o+C4l+C4teC5iOC4guC5ieC4suC4neC4suC4geC5hOC4m+C5geC4iOC4gSDguYDguIjguYnguLLguJfguLPguKvguLLguKLguIfguLHguYnguJnguKvguKPguLfguK0K4LiW4LmJ4Liy4LiI4Liw4LiX4Liz4LmD4Lir4Lih4LmIIOC4leC5ieC4reC4h+C5g+C4iuC5iSBOaXBwZXIg4LiB4Lix4LiaIFNob290IOC5gOC4nuC4tOC5iOC4oeC4reC4ouC5iOC4suC4h+C4peC4sCAyIOC4oeC4suC5g+C4q+C5ieC4guC5ieC4sg==,,,W0tvbW9iaV0KTW1tLi4uIMK/SGEgcGVyZGlkbyBsYSBjb21pZGEgcXVlIGxlIHBlZMOtIHF1ZSByZXBhcnRpZXJhIGVudHJlIGxvcyBpbnZpdGFkb3M/ClBhcmEgcHJlcGFyYXJsYSBkZSBudWV2bywgbmVjZXNpdGFtb3MgbcOhcyBQaW56YSB5IGJyb3RlcywgYXPDrSBxdWUgdHLDoWlnYW1lIGRvcyBkZSBjYWRhIHVuby4=,W0tvbW9iaV0KSG0gLi4uIElociBoYWJ0IGFsc28gdGF0c8OkY2hsaWNoIGRhcyBFc3NlbiB2ZXJsb3JlbiwgZGFzIGljaCBFdWNoIHp1bSBWZXJ0ZWlsZW4gYW4gZGllIEfDpHN0ZSBnZWdlYmVuIGhhdHRlLgpXZW5uIGljaCBlcyBub2NoIGVpbm1hbCB6dWJlcmVpdGVuIHNvbGwsIGJyYXVjaGUgaWNoIG1laHIgR3JlaWZ6YW5nZW4gdW5kIFNwcm9zc2VuLiBCcmluZ3QgbWlyIGFsc28gYml0dGUgdm9uIGJlaWRlbSBub2NoIGVpbm1hbCBqZSB6d2VpLg==,W0tvbW9iaV0KSG1t4oCmIFZvdXMgYXZleiBwZXJkdSBsYSBub3Vycml0dXJlIHF1ZSBqZSB2b3VzIGF2YWlzIGRlbWFuZMOpIGRlIGRpc3RyaWJ1ZXIgYXV4IGNsaWVudHMuClBvdXIgZW4gcmVmYWlyZSwgaWwgbWUgZmF1dCBlbmNvcmUgUGluY2UgZGUgY3JhYmUgZXQgcG91c3NlLiBSZWRvbm5lei1t4oCZZW4gZGV1eCBkZSBjaGFxdWUu,W0tvbW9iaV0KTWFrYW5hbiB5YW5nIHNlaGFydXNueWEgdW50dWsgdGFtdSBoaWxhbmc/ClVudHVrIGtlbWJhbGkgbWVtYnVhdG55YSwgYWt1IGJ1dHVoIE5pcHBlciBkYW4gU2hvb3QgbGFnaS4gSmFkaSwgYmVyaWthbiBwYWRha3UgbWFzaW5nLW1hc2luZyBkdWEgbGFnaS4=,W0tvbW9iaV0KSMSxbW0uLi4gTcO8xZ90ZXJpbGVyZSBkYcSfxLF0bWFuxLF6xLEgcmljYSBldHRpxJ9pbSB5ZW1lxJ9pIGtheWJldG1pxZ8gb2xtYW7EsXphIGluYW5hbcSxeW9ydW0uClllbWXEn2kgeWVuaWRlbiB5YXBtYWsgacOnaW4gZGFoYSBmYXpsYSBQZW7Dp2UgRXRpIHZlIEZpZGUgZ2VyZWtpeW9yLCBvIHnDvHpkZW4gaWtpxZ9lciB0YW5lIHRla3JhciBnZXRpcmluaXou
vbGe,W+y9lOuqqOu5hF0K7JWE7KeBIOuqqOyekOudvOuKlOq1sOyalC4g7KeR6rKM67Cc6rO8IOyDiOyLuSwg65GQIOqwnOyUqeyeheuLiOuLpC4=,W0tvbW9iaV0KU3RpbGwgbm90IGVub3VnaC4gVHdvIG1vcmUgTmlwcGVyIGFuZCBTaG9vdCBlYWNoLg==,,W+enkeiOq+avlF0K6L+Y5LiN5aSf5ZGi44CC6ZKz5a2Q5ZKM6Iq96IuX77yM5ZCE5Lik5Liq44CC,,W0tvbW9iaV0K4Lii4Lix4LiH4LmE4Lih4LmI4Lie4LitIE5pcHBlciDguIHguLHguJogU2hvb3Qg4Lit4Lii4LmI4Liy4LiH4Lil4LiwIDI=,,,W0tvbW9iaV0KQcO6biBubyBlcyBzdWZpY2llbnRlLiBEb3MgUGluemFzIHkgZG9zIGJyb3Rlcy4=,W0tvbW9iaV0KRXMgZmVobHQgbm9jaCBldHdhcy4gR3JlaWZ6YW5nZW4gdW5kIFNwcm9zc2VuLCB2b24gYmVpZGVtIGplIHp3ZWku,W0tvbW9iaV0KSWwgZW4gbWFucXVlIGVuY29yZS4gUGluY2UgZGUgY3JhYmUgZXQgcG91c3NlIDogZGV1eCBkZSBjaGFxdWUu,W0tvbW9iaV0KTWFzaWggdGlkYWsgY3VrdXAuIE5pcHBlciBkYW4gU2hvb3QsIG1hc2luZy1tYXNpbmcgZHVhLg==,W0tvbW9iaV0KSMOibMOiIGVrc2lrLiBQZW7Dp2UgRXRpIHZlIEZpZGUsIGlracWfZXIgdGFuZS4=
vrGe,W+y9lOuqqOu5hF0K7Jik7JikLCDsl6zquLAg7Jqp7IiY7Je8IOq1reyImOyZgCDruIzroIjsiqQg66eM65GQ66W8IOuRkCDqsJzslKkg642UIOuTnOumrOqyoOyKteuLiOuLpC4g66eI7KCAIOuCmOuIhOyWtOyjvOqzoCDsmYAg7KO87Iut7Iuc7JikLg==,W0tvbW9iaV0KT2ghIEhlcmUgYXJlIHR3byBtb3JlIERyYWdvbiBCZWFyZCBOb29kbGVzIGFuZCB0d28gbW9yZSBDaGFyY29hbC1Ccm9pbGVkIEJyZWF0aCBEdW1wbGluZy4gR28gZmluaXNoIGRpc3RyaWJ1dGluZyB0aGVtLg==,,W+enkeiOq+avlF0K5ZOm5ZOm77yM6YKj5oiR5YaN57uZ5L2g5ZCE5Lik5Liq6b6Z6aG75rGk6Z2i5ZKM5ZG85ZC45YyF5a2Q44CC5oqK5Ymp5LiL55qE5YiG5Y+R5a6M5YaN5Zue5p2l5ZCn44CC,,W0tvbW9iaV0K4LmC4Lit4LmJIOC4meC4teC5iCDguYDguK3guLIgRHJhZ29uIEJlYXJkIE5vb2RsZXMg4LiB4Lix4LiaIEZpcmUtQnJlYXRoZSBEdW1wbGluZyDguYTguJvguYDguJ7guLTguYjguKHguK3guKLguYjguLLguIfguKXguLAgMiDguYDguK3guLLguYTguJvguYHguJrguYjguIfguYPguKvguYnguITguJnguK3guLfguYjguJnguJXguYjguK3guYHguKXguYnguKfguIHguKXguLHguJrguKHguLLguKvguLLguILguYnguLLguJTguYnguKfguKLguKXguYjguLA=,,,W0tvbW9iaV0KT2gsIGFxdcOtIHRpZW5lIGRvcyBtw6FzIGRlIGZpZGVvcyBkZSBiYXJiYSBkZSBkcmFnw7NuIHkgZGUgTWFuZHUgYWwgdmFwb3IuIFRlcm1pbmUgZGUgcmVwYXJ0aXJsb3MgeSB2dWVsdmEu,W0tvbW9iaV0KT2ghIERhbm4gYmVrb21tdCBJaHIgbm9jaCBqZSB6d2VpIFBvcnRpb25lbiBEcmFjaGVuYmFydC1OdWRlbG4gdW5kIE1hbmR1IOKAnkZsYW1tZW5hdGVt4oCcLiBWZXJ0ZWlsdCBkZW4gUmVzdCB1bmQga29tbXQgZGFubiB3aWVkZXIu,W0tvbW9iaV0KT2ggISBKZSB2b3VzIGRvbm5lIGVuY29yZSBkZXV4IHBvcnRpb25zIGRlIG5vdWlsbGVzIEJhcmJlLWRlLURyYWdvbiBldCBkZXV4IHJhdmlvbGlzIGR1IHNvdWZmbGUuIEFsbGV6IGRpc3RyaWJ1ZXIgbGUgcmVzdGUsIHB1aXMgcmV2ZW5lei4=,W0tvbW9iaV0KRHVhIFNwZWNpYWwgRHJhZ29uIEJlYXJkIE5vb2RsZXMgZGFuIGR1YSBDaGFyY29hbC1Ccm9pbGVkIEJyZWF0aCBEdW1wbGluZy4gQ2VwYXQgYmFnaWthbi4=,W0tvbW9iaV0KT28sIGJ1cmFkYSBEcmFnb24gQmVhcmQgTm9vZGxlcyB2ZSBOZWZlcyBNYW50xLFzxLFuZGFuIGlracWfZXIgdGFuZSBkYWhhIHZlcmVjZcSfaW0uIEthbGFuxLFuxLEgZGEgZGHEn8SxdMSxcCBnZWxpbml6Lg==
v7Ge,W+y9lOuqqOu5hF0K7Jy87J2MLi4uIOyGkOuLmOuTpOq7mCDrgpjriKDrk5zrpqzquLDrpbwg67aA7YOB65Oc66C4642YIOydjOyLneydhCDsnoPslrTrsoTrpqzsi5zri6Tri4jsmpQuCuydjOyLneydhCDri6Tsi5wg66eM65Ok66Ck66m0IOynkeqyjOuwnOqzvCDsg4jsi7nsnbQg642UIO2VhOyalO2VmOuLiCwg7IS4IOqwnOyUqSDri6Tsi5wg7KO87Iut7Iuc7JikLg==,W0tvbW9iaV0KSG1tLi4uIHlvdSBsb3N0IHRoZSBmb29kIHlvdSB3ZXJlIHN1cHBvc2VkIHRvIGRpc3RyaWJ1dGUgdG8gdGhlIGd1ZXN0cz8gVG8gcmVtYWtlIHRoZSBkaXNoZXMsIHlvdSdsbCBuZWVkIG1vcmUgTmlwcGVyIGFuZCBTaG9vdC4gUGxlYXNlIGdpdmUgbWUgdGhyZWUgb2YgZWFjaC4=,,W+enkeiOq+avlF0K5ZevLi4u5L2g56uf54S25oqK5oiR5ouc5omY5L2g5YiG57uZ5a6i5Lq655qE6aOf54mp5byE5Lii5LqG44CCCuimgemHjeaWsOWBmueahOivne+8jOi/mOmcgOimgeabtOWkmumSs+WtkOWSjOiKveiLl++8jOivt+WGjee7meaIkeWQhOS4ieS4quOAgg==,,W0tvbW9iaV0K4Lit4Li34LihLi4uIOC4reC4suC4q+C4suC4o+C4l+C4teC5iOC4guC5ieC4suC4neC4suC4geC5hOC4m+C5geC4iOC4gSDguYDguIjguYnguLLguJfguLPguKvguLLguKLguIfguLHguYnguJnguKvguKPguLfguK0K4LiW4LmJ4Liy4LiI4Liw4LiX4Liz4LmD4Lir4Lih4LmIIOC4leC5ieC4reC4h+C5g+C4iuC5iSBOaXBwZXIg4LiB4Lix4LiaIFNob290IOC5gOC4nuC4tOC5iOC4oeC4reC4ouC5iOC4suC4h+C4peC4sCAzIOC4oeC4suC5g+C4q+C5ieC4guC5ieC4sg==,,,W0tvbW9iaV0KTW1tLi4uIMK/SGEgcGVyZGlkbyBsYSBjb21pZGEgcXVlIGxlIHBlZMOtIHF1ZSByZXBhcnRpZXJhIGVudHJlIGxvcyBpbnZpdGFkb3M/ClBhcmEgcHJlcGFyYXJsYSBkZSBudWV2bywgbmVjZXNpdGFtb3MgbcOhcyBQaW56YXMgeSBicm90ZXMsIGFzw60gcXVlIHRyw6FpZ2FtZSB0cmVzIGRlIGNhZGEgdW5vLg==,W0tvbW9iaV0KSG0gLi4uIElociBoYWJ0IGFsc28gdGF0c8OkY2hsaWNoIGRhcyBFc3NlbiB2ZXJsb3JlbiwgZGFzIGljaCBFdWNoIHp1bSBWZXJ0ZWlsZW4gYW4gZGllIEfDpHN0ZSBnZWdlYmVuIGhhdHRlLgpXZW5uIGljaCBlcyBub2NoIGVpbm1hbCB6dWJlcmVpdGVuIHNvbGwsIGJyYXVjaGUgaWNoIG1laHIgR3JlaWZ6YW5nZW4gdW5kIFNwcm9zc2VuLiBCcmluZ3QgbWlyIGFsc28gYml0dGUgdm9uIGJlaWRlbSBub2NoIGVpbm1hbCBqZSBkcmVpLg==,W0tvbW9iaV0KSG1t4oCmIFZvdXMgYXZleiBwZXJkdSBsYSBub3Vycml0dXJlIHF1ZSBqZSB2b3VzIGF2YWlzIGRlbWFuZMOpIGRlIGRpc3RyaWJ1ZXIgYXV4IGNsaWVudHMuClBvdXIgZW4gcmVmYWlyZSwgaWwgbWUgZmF1dCBlbmNvcmUgUGluY2UgZGUgY3JhYmUgZXQgcG91c3NlLiBEb25uZXotbeKAmWVuIHRyb2lzIGRlIGNoYXF1ZS4=,W0tvbW9iaV0KTWFrYW5hbiB5YW5nIHNlaGFydXNueWEgdW50dWsgdGFtdSBoaWxhbmc/ClVudHVrIGtlbWJhbGkgbWVtYnVhdG55YSwgYWt1IGJ1dHVoIE5pcHBlciBkYW4gU2hvb3QgbGFnaS4gSmFkaSwgYmVyaWthbiBwYWRha3UgbWFzaW5nLW1hc2luZyB0aWdhIGxhZ2ku,W0tvbW9iaV0KSMSxbW0uLi4gTcO8xZ90ZXJpbGVyZSBkYcSfxLF0bWFuxLF6xLEgcmljYSBldHRpxJ9pbSB5ZW1lxJ9pIGtheWJldG1pxZ8gb2xtYW7EsXphIGluYW5hbcSxeW9ydW0uClllbWXEn2kgeWVuaWRlbiB5YXBtYWsgacOnaW4gZGFoYSBmYXpsYSBQZW7Dp2UgRXRpIHZlIEZpZGUgZ2VyZWtpeW9yLCBvIHnDvHpkZW4gw7zDp2VyIHRhbmUgdGVrcmFyIGdldGlyaW5pei4=
wLGe,W+y9lOuqqOu5hF0K7JWE7KeBIOuqqOyekOudvOuKlOq1sOyalC4g7KeR6rKM67Cc6rO8IOyDiOyLuSwg7IS4IOqwnOyUqeyeheuLiOuLpC4=,W0tvbW9iaV0KU3RpbGwgbm90IGVub3VnaC4gVGhyZWUgbW9yZSBOaXBwZXIgYW5kIFNob290IGVhY2gu,,W+enkeiOq+avlF0K6L+Y5LiN5aSf5ZGi44CC6ZKz5a2Q5ZKM6Iq96IuX77yM5ZCE5LiJ5Liq44CC,,W0tvbW9iaV0K4Lii4Lix4LiH4LmE4Lih4LmI4Lie4LitIE5pcHBlciDguIHguLHguJogU2hvb3Qg4Lit4Lii4LmI4Liy4LiH4Lil4LiwIDM=,,,W0tvbW9iaV0KQcO6biBubyBlcyBzdWZpY2llbnRlLiBUcmVzIFBpbnphcyB5IHRyZXMgYnJvdGVzLg==,W0tvbW9iaV0KRXMgZmVobHQgbm9jaCBldHdhcy4gR3JlaWZ6YW5nZW4gdW5kIFNwcm9zc2VuLCB2b24gYmVpZGVtIGplIGRyZWku,W0tvbW9iaV0KSWwgZW4gbWFucXVlIGVuY29yZS4gUGluY2UgZGUgY3JhYmUgZXQgcG91c3NlIDogdHJvaXMgZGUgY2hhcXVlLg==,W0tvbW9iaV0KTWFzaWggdGlkYWsgY3VrdXAuIE5pcHBlciBkYW4gU2hvb3QsIG1hc2luZy1tYXNpbmcgdGlnYS4=,W0tvbW9iaV0KSMOibMOiIGVrc2lrLiBQZW7Dp2UgRXRpIHZlIEZpZGUsIMO8w6dlciB0YW5lLg==
wbGe,W+y9lOuqqOu5hF0K7Jik7JikLCDsl6zquLAg7Jqp7IiY7Je8IOq1reyImOyZgCDruIzroIjsiqQg66eM65GQ66W8IOyEuCDqsJzslKkg642UIOuTnOumrOqyoOyKteuLiOuLpC4g66eI7KCAIOuCmOuIhOyWtOyjvOqzoCDsmYAg7KO87Iut7Iuc7JikLg==,W0tvbW9iaV0KT2ghIEhlcmUgYXJlIHRocmVlIG1vcmUgRHJhZ29uIEJlYXJkIE5vb2RsZXMgYW5kIHRocmVlIG1vcmUgQ2hhcmNvYWwtQnJvaWxlZCBCcmVhdGggRHVtcGxpbmcuIEdvIGZpbmlzaCBkaXN0cmlidXRpbmcgdGhlbS4=,,W+enkeiOq+avlF0K5ZOm5ZOm77yM5oiR5YaN57uZ5L2g6b6Z6aG75rGk6Z2i5ZKM5ZG85ZC45YyF5a2Q5ZCE5LiJ5Liq44CC5YiG5a6M5ZCO5YaN5Zue5p2l5ZCn44CC,,W0tvbW9iaV0K4LmC4Lit4LmJIOC4meC4teC5iCDguYDguK3guLIgRHJhZ29uIEJlYXJkIE5vb2RsZXMg4LiB4Lix4LiaIEZpcmUtQnJlYXRoZSBEdW1wbGluZyDguK3guKLguYjguLLguIfguKXguLAgMyDguYDguJ7guLTguYjguKEg4LmA4Lit4Liy4LmE4Lib4LmB4Lia4LmI4LiH4LmD4Lir4LmJ4LiE4LiZ4Lit4Li34LmI4LiZ4LiV4LmI4Lit4LmB4Lil4LmJ4Lin4LiB4Lil4Lix4Lia4Lih4Liy4Lir4Liy4LiC4LmJ4Liy4LiU4LmJ4Lin4Lii4Lil4LmI4Liw,,,W0tvbW9iaV0KT2gsIGFxdcOtIHRpZW5lIHRyZXMgcmFjaW9uZXMgbcOhcyBkZSBmaWRlb3MgZGUgYmFyYmEgZGUgZHJhZ8OzbiB5IG90cmFzIHRyZXMgZGUgTWFuZHUgYWwgdmFwb3IuIFRlcm1pbmUgZGUgcmVwYXJ0aXJsYXMgeSB2dWVsdmEu,W0tvbW9iaV0KT2ghIERhbm4gYmVrb21tdCBJaHIgbm9jaCBqZSBkcmVpIFBvcnRpb25lbiBEcmFjaGVuYmFydC1OdWRlbG4gdW5kIE1hbmR1IOKAnkZsYW1tZW5hdGVt4oCcLiBWZXJ0ZWlsdCBkZW4gUmVzdCB1bmQga29tbXQgZGFubiB3aWVkZXIu,W0tvbW9iaV0KT2ggISBKZSB2b3VzIGRvbm5lIGVuY29yZSB0cm9pcyBwb3J0aW9ucyBkZSBub3VpbGxlcyBCYXJiZS1kZS1EcmFnb24gZXQgdHJvaXMgcmF2aW9saXMgZHUgc291ZmZsZS4gQWxsZXogZGlzdHJpYnVlciBsZSByZXN0ZSwgcHVpcyByZXZlbmV6Lg==,W0tvbW9iaV0KVGlnYSBTcGVjaWFsIERyYWdvbiBCZWFyZCBOb29kbGVzIGRhbiB0aWdhIENoYXJjb2FsLUJyb2lsZWQgQnJlYXRoIER1bXBsaW5nLiBDZXBhdCBiYWdpa2FuLg==,W0tvbW9iaV0KT28sIGJ1cmFkYSBEcmFnb24gQmVhcmQgTm9vZGxlcyB2ZSBOZWZlcyBNYW50xLFzxLFuZGFuIMO8w6dlciB0YW5lIGRhaGEgdmVyZWNlxJ9pbS4gS2FsYW7EsW7EsSBkYSBkYcSfxLF0xLFwIGdlbGluaXou
wrGe,W+y9lOuqqOu5hF0K64ukIOuCmOuIoOyjvOqzoCDsmKTshajsirXri4jquYwuIOq4sOuLpOumrOuKlOuNsCDrsLDqsIAg6rOg7YyMIO2YvOuCrOyKteuLiOuLpC4g7ZWY7ZWYLg==,W0tvbW9iaV0KSGF2ZSB5b3UgZmluaXNoZWQgZGlzdHJpYnV0aW5nIGV2ZXJ5dGhpbmc/IEkgd2FzIHdhaXRpbmcgYW5kIGdvdCBodW5ncnkuIEhhaGEu,,W+enkeiOq+avlF0K6YO95YiG5a6M5Zue5p2l5LqG77yf5oiR562J5b6X6YO96aW/5Z2P5LqG44CC5ZOI5ZOI44CC,,W0tvbW9iaV0K4LmB4LiI4LiB4Lir4Lih4LiU4LmB4Lil4LmJ4Lin4Lir4Lij4Li34LitIOC4guC5ieC4suC4o+C4reC4iOC4meC4q+C4tOC4p+C5geC4l+C4muC5geC4ouC5iCDguK7guYjguLIg4LmG,,,W0tvbW9iaV0Kwr9ZYSBsbyBoYSByZXBhcnRpZG8gdG9kbz8gTWllbnRyYXMgZXNwZXJhYmEsIG1lIGhhIGVudHJhZG8gdW4gaGFtYnJlIHRlcnJpYmxlLiBKYSwgamEu,W0tvbW9iaV0KSGFidCBJaHIgYWxsZXMgdmVydGVpbHQgdW5kIHNlaWQgenVyw7xjaz8KV8OkaHJlbmQgaWNoIGdld2FydGV0IGhhYmUsIGhhdCBtaXIgZGVyIEh1bmdlciBnYW56IHNjaMO2biB6dWdlc2V0enQuIEhhaGEu,W0tvbW9iaV0KVm91cyBhdmV6IHRvdXQgZGlzdHJpYnXDqSA/IErigJlhaSBldSBmYWltIMOgIGZvcmNlIGTigJlhdHRlbmRyZS4gSGEgaGEgIQ==,W0tvbW9iaV0KU3VkYWggc2VsZXNhaSBtZW1iYWdpa2FuIHNlbXVhbnlhPyBBa3Ugc2FtcGFpIGtlbGFwYXJhbiBtZW51bmdndS4gSGFoYS4=,W0tvbW9iaV0KSGVwc2luaSBkYcSfxLF0xLFwIGdlbGRpbml6IG1pPyBCZWtsZXJrZW4gYcOnbMSxa3RhbiBwZXJpxZ9hbiBvbGR1bS4gSGFoYS4=
w7Ge,W+q1reyInOyImF0K7JWE7J206rOgLCDqt7jrn6zrr4Qg7Ja866W4IOyggO2drCDqsIDqsozsnZgg7JWE66aE64uk7Jq0IOq1reyImOqwgCDsi53quLAg7KCE7JeQIOytiSDrk6TsnbTtgqTsi63sh7wh,W0d1ayBTdW5zdV0KT2ghIFRoZW4gcXVpY2tseSBlbmpveSBvdXIgYmVhdXRpZnVsIG5vb2RsZXMgYmVmb3JlIHRoZXkgZ2V0IGNvbGQh,,W+meoOmhuua0mV0K5ZOO5ZOf77yM6YKj5bCx6LaB5oiR5Lus5bqX6YeM6L+Z576O5ZGz55qE6Z2i6L+Y5rKh5YeJ77yM6LW257Sn5LiA5Y+j5rCU5ZC45rqc5LiL5Y675ZCn77yB,,W0d1ayBTdW5zdV0K4LiW4LmJ4Liy4LmA4LiK4LmI4LiZ4LiZ4Lix4LmJ4LiZIOC4o+C4teC4muC4i+C4lOC5gOC4quC5ieC4meC4guC4reC4h+C4o+C5ieC4suC4meC4guC5ieC4suC4geC5iOC4reC4meC4l+C4teC5iOC4oeC4seC4meC4iOC4sOC5gOC4ouC5h+C4meC5gOC4luC4tOC4lA==,,,W0d1ayBTdW5zdV0KwqFBeSwgZW50b25jZXMgZGVzZSBwcmlzYSB5IHNvcmJhIG51ZXN0cm9zIG1hcmF2aWxsb3NvcyBmaWRlb3MgYW50ZXMgZGUgcXVlIHNlIGVuZnLDrWVuIQ==,W0d1ayBTdW5zdV0KTWVpbmUgR8O8dGUsIGRhbm4gc2NobMO8cmZ0IHNjaG5lbGwgdW5zZXJlIGhlcnJsaWNoZW4gTnVkZWxuIHJ1bnRlciwgYmV2b3Igc2llIGthbHQgd2VyZGVuIQ==,W0d1ayBTdW5zdV0KQcOvZSwgYWxvcnMgZMOpcMOqY2hlei12b3VzIGTigJlhdmFsZXIgZOKAmXVuIHRyYWl0IG5vcyBtYWduaWZpcXVlcyBub3VpbGxlcyBhdmFudCBxdeKAmWVsbGVzIG5lIHJlZnJvaWRpc3NlbnQgIQ==,W0d1ayBTdW5zdV0KS2FsYXUgYmVnaXR1LCBjZXBhdCBoYWJpc2thbiBtaSBsZXphdCBrYW1pIHNlYmVsdW0gZGluZ2luIQ==,W0d1ayBTdW5zdV0KQW1hbiwgw7Z5bGV5c2UgYml6aW0gZMO8a2vDom7EsW4gZ8O8emVsIGVyacWfdGVzaSBzb8SfdW1hZGFuIGhlbWVuIGjDvHBsZXRpbml6IQ==
xLGe,W+unjO2IrOyXkCDtg4DrnbxdCuuwlOyCreqxsOumrOuKlCDrp4zrkZDsnZgg7Iud6rCQ7J2EIOuovOyggCDripDqu7Tso7zsi5zrqbQg7Ja065a77Iq164uI6rmMPyDsmKTrnpgg65GQ66m0IOuIheuIhe2VtOyngOuLiCDrp5DsnoXri4jri6Qu,W01hbnRvZSBUYXJhXQpXaHkgbm90IHNhdm9yIHRoZSBjcmlzcHkgZHVtcGxpbmdzIGZpcnN0PyBUaGV5IGdldCBzb2dneSBpZiBsZWZ0IHRvbyBsb25nLg==,,W+abvOaJmMK35aGU5ouJXQropoHkuI3opoHlhYjmhJ/lj5fkuIDkuIvphaXohIbljIXlrZDnmoTlj6PmhJ/vvJ/mlL7kuYXkuoblsLHkvJrlj5jova/nmoTjgII=,,W01hbnRvZSBUYXJhXQrguKXguK3guIfguIrguLTguKHguITguKfguLLguKHguIHguKPguK3guJrguILguK3guIfguYDguIHguLXguYrguKLguKfguIHguYjguK3guJnguYDguJbguLTguJQg4LiX4Li04LmJ4LiH4LmE4Lin4LmJ4LiZ4Liy4LiZ4LiI4Liw4LmE4Lih4LmI4Lit4Lij4LmI4Lit4Lii4LiZ4Liw,,,W01hbnR1ZSBUYXJhXQrCv1F1w6kgbGUgcGFyZWNlIHNpIHByaW1lcm8gZGlzZnJ1dGEgZGUgbGEgdGV4dHVyYSBjcnVqaWVudGUgZGUgbG9zIE1hbmR1PyBTaSBsb3MgZGVqYSBtdWNobyB0aWVtcG8sIHNlIHJlYmxhbmRlY2VuLg==,W01hbnR1ZSBUYXJhXQpXaWUgd8OkcmUgZXMsIHdlbm4gU2llIHp1ZXJzdCBkaWUga251c3ByaWdlIFRleHR1ciBkZXIgTWFuZHUgZ2VuaWXDn2VuPyBMw6Rzc3QgbWFuIHNpZSB6dSBsYW5nZSBzdGVoZW4sIHdlcmRlbiBzaWUgbsOkbWxpY2ggd2VpY2gu,W01hbnR1ZSBUYXJhXQpFdCBzaSB2b3VzIGNvbW1lbmNpZXogcGFyIGxlIGNyb3VzdGlsbGFudCBkZXMgcmF2aW9saXMgPyBTaSB2b3VzIGF0dGVuZGV6LCDDp2EgcmFtb2xsaXQu,W01hbnR1ZSBUYXJhXQpLZW5hcGEgdGFrIGNvYmEgcGFuZ3NpdCByZW55YWgga2FtaSBkdWx1PwpLYWxhdSB0ZXJsYWx1IGxhbWEsIG5hbnRpIGphZGkgbHVuYWsu,W01hbnRvZSBUYXJhXQrDlm5jZSDDp8SxdMSxciBtYW50xLFuxLFuIGRva3VzdW51IGhpc3NldHNlbml6IG5hc8SxbCBvbHVyPyBVenVuIHPDvHJlIGJla2xlcnNlIHl1bXXFn2F5xLFwIG5lbWxlbmlyIGRlLg==
xbGe,6rWt7Iic7IiYIDog6rWt7IiY6rCAIOuovOyggOuLpCE=,R3VrIFN1bnN1IE5vb2RsZXMgZmlyc3Qh,,6Z6g6aG65rSZOiDlhYjlkIPpnaLvvIE=,,R3VrIFN1bnN1IDog4Lia4Liw4Lir4Lih4Li14LmI4LiB4LmI4Lit4LiZIQ==,,,R3VrIFN1bnN1OiDCoVByaW1lcm8gbG9zIGZpZGVvcyE=,R3VrIFN1bnN1OiBEaWUgTnVkZWxuIHp1ZXJzdCE=,R3VrIFN1bnN1IDogTGVzIG5vdWlsbGVzIGTigJlhYm9yZCAh,R3VrIFN1bnN1IDogTWkgZHVsdWFuIQ==,R3VrIFN1bnN1IDogw5ZuY2UgZXJpxZ90ZSE=
xrGe,66eM7Yis7JeQIDog66eM65GQ6rCAIOuovOyggOuLpCE=,TWFudHVlIER1bXBsaW5ncyBmaXJzdCE=,,5pu85Zu+5Z+DOiDlhYjlkIPljIXlrZDvvIE=,,TWFudHVlIDog4LmA4LiB4Li14LmK4Lii4Lin4LiB4LmI4Lit4LiZIQ==,,,TWFudHVlOiDCoVByaW1lcm8gbG9zIE1hbmR1IQ==,TWFudHVlOiBEaWUgTWFuZHUgenVlcnN0IQ==,TWFudHVlIDogTGVzIHJhdmlvbGlzIGTigJlhYm9yZCAh,TWFudHVlIDogUGFuZ3NpdCBkdWx1YW4h,TWFudHVlIDogw5ZuY2UgbWFudMSxIQ==
x7Ge,W+y9lOuqqOu5hF0K6re465+s66m0IOuTnOyFlCDrs7Tsi5zqsqDshow/IOunm+yeiOyWtCDrs7TsnbTripTqtbDsmpQu,W0tvbW9iaV0KVGhlbiBwbGVhc2UgdGFzdGUgdGhlbS4gVGhleSBsb29rIGRlbGljaW91cy4=,,W+enkeiOq+avlF0K6YKj5bCx5bCd5bCd55yL5ZCn77yf55yL6LW35p2l5b6I5aW95ZCD5ZGi44CC,,W0tvbW9iaV0K4LiH4Lix4LmJ4LiZ4Lil4Lit4LiH4LiK4Li04Lih4LiU4Li5IOC4meC5iOC4suC4geC4tOC4meC5hOC4oeC5iOC4meC5ieC4reC4og==,,,W0tvbW9iaV0KRW50b25jZXMsIMK/cXVpZXJlIHByb2Jhcmxvcz8gVGllbmVuIGJ1ZW5hIHBpbnRhLg==,W0tvbW9iaV0KTnVuIGRlbm4sIHdvbGx0IElociBlaW5tYWwga29zdGVuPyBFcyBzaWVodCBrw7ZzdGxpY2ggYXVzLg==,W0tvbW9iaV0KQWxvcnMsIHZvdXMgdm91bGV6IGdvw7t0ZXIgPyDDh2EgYSBs4oCZYWlyIGTDqWxpY2lldXgu,W0tvbW9iaV0KS2FsYXUgYmVnaXR1LCBjb2JhbGFoLiBLZWxpaGF0YW5ueWEgZW5hay4=,W0tvbW9iaV0Kw5Z5bGV5c2UgdGFkxLFuYSBiYWthY2FrIG3EsXPEsW7EsXo/IExlenpldGxpIGfDtnLDvG7DvHlvci4=
yLGe,W+y9lOuqqOu5hF0K7JWE64uILCDsnYzsi53snYQg64KY64ig7KO87Iuc64uk6rCAIOuqqO2XmOqwgOuLmCDrqqvquYzsp4Ag66qo65GQIOuCmOuIoOuTnOumsCDqsozsmpQ/CuyXrOq4sCDtlZwg7KCR7IucIOuTnOumtCDthYzri4gg65Oc7IWU67O07Iut7Iuc7JikLg==,W0tvbW9iaV0KV2FpdCwgZGlkIHlvdSBkaXN0cmlidXRlIGFsbCB0aGUgZm9vZCBhbmQgbGVhdmUgbm9uZSBmb3IgeW91cnNlbGY/IEhlcmXigJlzIGEgcGxhdGUgZm9yIHlvdSB0byB0cnku,,W+enkeiOq+avlF0K5LiN77yM5L2g5Zyo5YiG6aOf54mp55qE5pe25YCZ77yM6L+e5YaS6Zmp5a626YKj5Lu95Lmf5YWo6YO95YiG5Ye65Y675LqG77yfCuaIkee7meS9oOS4gOebmO+8jOS9oOWwneWwneWQp+OAgg==,,W0tvbW9iaV0K4Lit4Liw4LmE4Lij4LiB4Lix4LiZIOC5gOC4iOC5ieC4suC4meC4s+C4quC5iOC4p+C4meC4guC4reC4h+C5gOC4iOC5ieC4suC5hOC4m+C5geC4iOC4geC4iOC4meC4q+C4oeC4lOC5gOC4peC4ouC4q+C4o+C4t+C4rSDguYDguK3guYnguLLguJnguLXguYgg4LmA4Lit4Liy4LmE4Lib4Lit4Li14LiB4LiI4Liy4LiZIOC4peC4reC4h+C4iuC4tOC4oeC4lOC4uQ==,,,W0tvbW9iaV0Kwr9RdcOpPyDCv0FsIHJlcGFydGlyIGxhIGNvbWlkYSwgaGEgcmVwYXJ0aWRvIHRhbWJpw6luIHN1IHByb3BpYSBwb3JjacOzbj8KQXF1w60gdGllbmUgdW4gcGxhdG8uIFBydcOpYmVsby4=,W0tvbW9iaV0KV2FzPyBCZWltIFZlcnRlaWxlbiBoYWJ0IElociBzb2dhciBFdXJlbiBlaWdlbmVuIEFudGVpbCBtaXQgd2VnZ2VnZWJlbj8KSGllciwgaWNoIGdlYmUgRXVjaCBlaW5lbiBUZWxsZXIsIGFsc28ga29zdGV0IGRvY2ggZWlubWFsLg==,W0tvbW9iaV0KUXVvaSA/IEVuIGRpc3RyaWJ1YW50LCB2b3VzIGF2ZXogbcOqbWUgZG9ubsOpIHZvdHJlIHBhcnQgPwpUZW5leiwgamUgdm91cyBlbiBkb25uZSB1bmUgYXNzaWV0dGUuIEdvw7t0ZXogZG9uYy4=,W0tvbW9iaV0KQXBhPyBLYW11IG1lbWJhZ2lrYW4gbWFrYW5hbiBzYW1wYWkgdGlkYWsga2ViYWdpYW4/IEluaSBzZXBpcmluZyB1bnR1ayBrYW11IGNvYmEu,W0tvbW9iaV0KWW9rc2EgeWVtZcSfaSBkYcSfxLF0xLFya2VuIG1hY2VyYWPEsSBiZXllZmVuZGluaW4gcGF5xLFuxLEgZGEgbcSxIHRhbWFtZW4gZGHEn8SxdHTEsW7EsXo/CsSwxZ90ZSBzaXplIGJpciB0YWJhayB2ZXJlY2XEn2ltLCB0YWTEsW5hIGJha8SxbsSxei4=
ybGe,66eM65GQ66W8IOyUueuKlOuLpC4=,Qml0ZSB0aGUgZHVtcGxpbmcu,,5ZKA5Zq85YyF5a2Q44CC,,4LmA4LiE4Li14LmJ4Lii4Lin4LmA4LiB4Li14LmK4Lii4Lin,,,TXVlcmRlcyB1biBNYW5kdS4=,TWFuIGJlacOfdCBpbiBlaW5lbiBNYW5kdS4=,Vm91cyBjcm9xdWV6IGRhbnMgdW4gcmF2aW9saS4=,Q29iYSBwYW5nc2l0Lg==,TWFudMSxecSxIMOnacSfbmVyLg==
yrGe,6rWt7IiY66W8IOunm+uzuOuLpC4=,VGFzdGUgdGhlIG5vb2RsZXMu,,5ZOB5bCd6Z2i5p2h44CC,,4LiK4Li04Lih4LmA4Liq4LmJ4LiZ4Lia4Liw4Lir4Lih4Li14LmI,,,UHJ1ZWJhcyBsb3MgZmlkZW9zLg==,TWFuIHByb2JpZXJ0IGRpZSBOdWRlbG4u,Vm91cyBnb8O7dGV6IGxlcyBub3VpbGxlcy4=,Q29iYSBtaS4=,RXJpxZ90ZWRlbiB0YWRhci4=
y7Ge,W3swfV0KIC0g7J20LCDsnbQg66eb7J2AISEgLQ==,W3swfV0KLSBUaC10aGlzIHRhc3RlISEgLQ==,,W3swfV0KLei/meOAgei/meWRs+mBk+aYr++8ge+8gS0=,,W3swfV0KLSDguJnguLXguYjguKHguLHguJnguKPguKrguIrguLLguJXguLTguK3guLDguYTguKPguIHguLHguJkhISAt,,,W3swfV0KIC0gwqFFLWVzdGUgc2Fib3IhIC0=,W3swfV0KLSBELURpZXNlciBHZXNjaG1hY2shISAt,W3swfV0KIC0gQy0gY2UgZ2/Du3QgISEgLQ==,W3swfV0KLSBSLXJhc2EgaW5pISEgLQ==,W3swfV0KIC0gQnUsIGJ1IHRhdCEhIC0=
zLGe,W3swfV0KIC0g6rmo64GX7ZWY6rOgIOqzoOyGjO2VnCDquLDrpoQg66eb7J20IO2YgOulvCDquajsmrDrqbQg7J20IOuBneyXkOyEnCDrsJTsgq3tlZjqsowg67aA7ISc7KeA64qUIOunjOuRkO2UvOqwgCDsi53smpXsnYQg7J6Q6re57ZWY6rOgLi4uIC0=,W3swfV0KLSBUaGUgY2xlYW4sIHNhdm9yeSBvaWwgYXdha2VucyB0aGUgdG9uZ3VlLCB3aGlsZSB0aGUgY3Jpc3B5IGR1bXBsaW5nIHNraW4gYXQgdGhlIGVkZ2UgZXhjaXRlcyB0aGUgYXBwZXRpdGUuLi4gLQ==,,W3swfV0KLea4heeIveWPiOmmmea1k+eahOayuemmmeWUpOmGkuiIjOWwlu+8jOaOpeedgOWcqOacq+err+mFpeiEhueijuijgueahOWMheWtkOearuWIuua/gOedgOmjn+assi4uLi0=,,W3swfV0KLSDguIHguKXguLTguYjguJnguJnguYnguLPguKHguLHguJnguKvguK3guKHguKrguLDguK3guLLguJTguJvguKXguLjguIHguKXguLTguYnguJnguYPguKvguYnguJXguLfguYjguJnguILguLbguYnguJkg4LmA4Lib4Lil4Li34Lit4LiB4LmA4LiB4Li14LmK4Lii4Lin4LiB4Lij4Lit4Lia4LmB4LiV4LiB4Lia4LiZ4Lib4Lil4Liy4Lii4Lil4Li04LmJ4LiZIOC4iuC4p+C4meC5g+C4q+C5ieC5gOC4iOC4o+C4tOC4jeC4reC4suC4q+C4suC4oy4uLiAt,,,W3swfV0KIC0gQ3VhbmRvIGVsIHNhYm9yIHB1cm8geSBzYWJyb3NvIGRlbCBhY2VpdGUgZGVzcGllcnRhIGxhIGxlbmd1YSwgbGEgbWFzYSBkZWwgTWFuZHUgc2UgcXVpZWJyYSBjb24gdW4gY3J1amlkbyB5IGVzdGltdWxhIGVsIGFwZXRpdG8uLi4gLQ==,W3swfV0KLSBTb2JhbGQgZGVyIHJlaW5lLCBudXNzaWdlIMOWbGdlc2NobWFjayBkaWUgWnVuZ2Ugd2Vja3QsIHJlZ3QgZGllIGFtIEVuZGUga251c3ByaWcgemVyYnJlY2hlbmRlIE1hbmR1LUjDvGxsZSBkZW4gQXBwZXRpdCBhbiAuLi4gLQ==,W3swfV0KIC0gVW5lIGh1aWxlIHB1cmUgZXQgcGFyZnVtw6llIHLDqXZlaWxsZSBsYSBsYW5ndWXigKYgcHVpcyBsYSBww6J0ZSBkdSByYXZpb2xpIGNyb3VzdGlsbGUgZXQgc2UgYnJpc2UsIGF0dGlzYW50IGzigJlhcHDDqXRpdOKApiAt,W3swfV0KLSBNaW55YWsgeWFuZyBiZXJzaWggZGFuIGd1cmloIG1lbWJhbmdraXRrYW4gc2VsZXJhLCBzZW1lbnRhcmEga3VsaXQgcGFuZ3NpdCB5YW5nIHJlbnlhaCBkaSBwaW5nZ2lybnlhIHNlbWFraW4gbWVuZ2d1Z2FoIG5hZnN1IG1ha2Fu4oCmIC0=,W3swfV0KIC0gVGVtaXogdmUgbmVmaXMgeWHEnyB0YWTEsSBkaWxpbWkgdXlhbmTEsXLEsW5jYSwgdWN1bmRhIMOnxLF0xLFyIMOnxLF0xLFyIGvEsXLEsWxhbiBtYW50xLEgaGFtdXJ1IGnFn3RhaMSxIGvEscWfa8SxcnTEsXlvci4uLiAt
zbGe,W3swfV0KIC0g6rOn67CU66GcIOyehSDslYjsnYQg6rCA65OdIOyxhOyasOuKlCDqs6DquLDsnZgg6rCQ7Lmg66eb6rO8IOycoeymmeydtCDqt7jslbzrp5DroZwg7ZmU66Oh7KCQ7KCVISDsnbTqsoPsnbTslbzrp5DroZwg7L2U66qo64+E7J2YIOynhOygle2VnCDsg4Hsp5XsnbTrnbwg67aI66a0IOunjC4uLiAt,W3swfV0KLSBUaGUgbWVhdOKAmXMgdW1hbWkgYW5kIGp1aWN5IHJpY2huZXNzIGltbWVkaWF0ZWx5IGZpbGwgdGhlIG1vdXRoIOKAlCBhIHRydWUgZmluaXNoaW5nIHRvdWNoISBUaGlzIGlzIHRydWx5IHRoZSBzeW1ib2wgb2YgQ29tb2RvLi4uIC0=,,W3swfV0KLeeri+WIu+WFhea7oeWPo+iFlOeahOiCiemmmemynOWRs+S4juiCieaxge+8jOeugOebtOaYr+eUu+m+meeCueedm++8gei/meaJjemFjeW+l+S4iuiiq+ensOS4uuWFi+mtlOWym+ecn+ato+eahOixoeW+gS4uLi0=,,W3swfV0KLSDguIjguLLguIHguJnguLHguYnguJnguKPguKrguK3guLnguKHguLLguKHguLTguILguK3guIfguYDguJnguLfguYnguK3guYHguKXguLDguJnguYnguLPguInguYjguLPguJfguLDguKXguLHguIHguYDguJXguYfguKHguJvguLLguIEg4LiZ4Li14LmI4LmB4Lir4Lil4Liw4LiE4Li34Lit4LiI4Li44LiU4Liq4Li44LiU4Lii4Lit4LiUIOC4hOC4p+C4o+C4hOC5iOC4suC5geC4geC5iOC4geC4suC4o+C5gOC4m+C5h+C4meC4quC4seC4jeC4peC4seC4geC4qeC4k+C5jOC4guC4reC4hyBDb21vZG8uLi4gLQ==,,,W3swfV0KIC0gwqFZIGVsIHVtYW1pIGRlIGxhIGNhcm5lIHkgbG9zIGp1Z29zIHF1ZSBlbnNlZ3VpZGEgbGxlbmFuIGxhIGJvY2Egc29uIGxhIGd1aW5kYSBkZWwgcGFzdGVsISBFc3RvIHPDrSBxdWUgbWVyZWNlIHNlciBsbGFtYWRvIGVsIHZlcmRhZGVybyBzw61tYm9sbyBkZSBDb21vZG8uLi4gLQ==,W3swfV0KLSBHbGVpY2ggZGFyYXVmIGbDvGxsZW4gZGFzIGhlcnpoYWZ0ZSBVbWFtaSBkZXMgRmxlaXNjaGVzIHVuZCBkZXIgRmxlaXNjaHNhZnQgZGVuIGdhbnplbiBNdW5kIOKAkyB3YWhybGljaCBkYXMgaS1Uw7xwZmVsY2hlbiEgRGFzIGhpZXIga8O2bm50ZSBtYW4gZ2xhdHQgQ29tb2RvcyB3YWhyZXMgU3ltYm9sIG5lbm5lbiAuLi4gLQ==,W3swfV0KIC0gRXQgbMOgLCBsYSB2aWFuZGUgOiB1bWFtaSwganV0ZXVzZSwgZWxsZSByZW1wbGl0IGxhIGJvdWNoZeKApiBMYSB0b3VjaGUgZmluYWxlICEgRGUgcXVvaSBkZXZlbmlyIGxlIHZyYWkgc3ltYm9sZSBkZSBDb21vZG/igKYgLQ==,W3swfV0KLSBVbWFtaSBkYW4ga2VsZXphdGFuIGRhZ2luZyBsYW5nc3VuZyBtZW1lbnVoaSBtdWx1dCDigJQgc2VudHVoYW4gYWtoaXIgeWFuZyBzZW1wdXJuYSEgSW5pIGJlbmFyLWJlbmFyIG1ld2FraWxpIENvbW9kb+KApiAt,W3swfV0KIC0gQXJkxLFuZGFuIGHEn3rEsSBoZW1lbiBkb2xkdXJhbiBldGluIHVtYW1pIGxlenpldGkgdmUgc3V5dSwgdGFtIGFubGFtxLF5bGEgc29uIGRva3VudcWfISDEsMWfdGUgYnVuYSBDb21vZG9udW4gZ2Vyw6dlayBzaW1nZXNpIGRlbm1leWUgZGXEn2VyLi4uIC0=
zrGe,W3swfV0KIC0gLi4u7ZWY7KeA64qUIOyViuqzoCwg6re464OlIOq1sOunjOuRkCDrp5vsnbTri6QuIOq3uOufvCDqta3siJjrj4Qg66i57Ja0IOuzvOq5jD8gLQ==,W3swfV0KLSAuLi5vciBub3QsIGp1c3QgdGFzdGVzIGxpa2UgYSBwbGFpbiBkdW1wbGluZy4gU2hhbGwgSSB0cnkgdGhlIG5vb2RsZXMgbm93PyAt,,W3swfV0KLeKApuKApuW5tuS4jeaYr+mCo+agt++8jOWPquaYr+aZrumAmueahOWMheWtkOWRs+mBk+iAjOW3suOAgumCo+S5iO+8jOimgeS4jeimgeS5n+WwneWwnemdouWRou+8ny0=,,W3swfV0KLSAuLi7guJfguLXguYjguIjguKPguLTguIfguIHguYfguYTguKHguYjguJbguLbguIfguILguJnguLLguJTguJnguLHguYnguJkg4LmB4LiE4LmI4LmA4LiB4Li14LmK4Lii4Lin4LiX4Lit4LiU4LiY4Lij4Lij4Lih4LiU4LiyIOC4h+C4seC5ieC4meC4peC4reC4h+C4muC4sOC4q+C4oeC4teC5iOC4leC5iOC4rSAt,,,W3swfV0KIC0gLi4ucGVybyBubywgc29sbyBzYWJlIGEgTWFuZHUgZnJpdG8uIMK/UHJvYmFtb3MgdGFtYmnDqW4gbG9zIGZpZGVvcz8gLQ==,W3swfV0KLSAuLi5uYSBqYSwgZWlnZW50bGljaCBuaWNodC4gU2NobWVja3QgZWluZmFjaCBudXIgbmFjaCBnZWJyYXRlbmVuIE1hbmR1LiBEYW5uIHByb2JpZXIgaWNoIHdvaGwgYXVjaCBtYWwgZGllIE51ZGVsbi4gLQ==,W3swfV0KIC0g4oCmRW5maW4gbm9uLiDDh2EgYSBqdXN0ZSBsZSBnb8O7dCBk4oCZdW4gbWFuZHUgZ3JpbGzDqS4gQm9uLCBvbiBnb8O7dGUgYXVzc2kgbGVzIG5vdWlsbGVzID8gLQ==,W3swfV0KLSAuLi5hdGF1IHRpZGFrLCByYXNhbnlhIHNlcGVydGkgcGFuZ3NpdCBiaWFzYS4gQXBhIGluaSBzYWF0bnlhIGFrdSBtZW5jb2JhIG1pPyAt,W3swfV0KIC0gLi4uw7Z5bGUgZGXEn2lsIGRlLCBzYWRlY2Uga8SxemFybcSxxZ8gbWFudMSxIHRhZMSxLiBPIHphbWFuIGVyacWfdGV5aSBkZSBkZW5lc2VtIG1pPyAt
z7Ge,W3swfV0KIC0g7J206rKD64+EIOq3uOuDpSDqta3siJgg66eb7J2064ukLiAt,W3swfV0KLSBKdXN0IHRoZSByZWd1bGFyIG5vb2RsZXMuIC0=,,W3swfV0KLei/meS4quS5n+WPquaYr+aZrumAmueahOmdouWRs+mBk+iAjOW3suOAgi0=,,W3swfV0KLSDguJnguLXguYjguIHguYfguYHguITguYjguYDguKrguYnguJnguJrguLDguKvguKHguLXguYjguJjguKPguKPguKHguJTguLIg4LmGIC0=,,,W3swfV0KIC0gRXN0byB0YW1iacOpbiBzYWJlIHNvbG8gYSBmaWRlb3MuIC0=,W3swfV0KLSBEYXMgc2NobWVja3QgYXVjaCBlaW5mYWNoIG51ciBuYWNoIE51ZGVsbi4gLQ==,W3swfV0KIC0gUGFyZWlsLiBKdXN0ZSBkZXMgbm91aWxsZXMuIC0=,W3swfV0KLSBIYW55YSBtaSBiaWFzYS4gLQ==,W3swfV0KIC0gQnUgZGEgc2FkZWNlIGVyacWfdGUgdGFkxLEuIC0=
0LGe,W3swfV0KIC0g7Jio6rCWIOyerOujjOulvCDsoJXshLHqu48g6rOg7JWE64K0IOq5iuqzoCDqsJDsuaDrp5sg64SY7LmY64qUIOunm+ydmCDtj63tj6zsiJjsmYDrj4Qg6rCZ7J2AIOq1reusvCEgLQ==,W3swfV0KLSBUaGUgYnJvdGggaXMgYSB3YXRlcmZhbGwgb2YgcmljaCwgdW1hbWkgZmxhdm9yLCBjcmFmdGVkIHdpdGggY2FyZSBmcm9tIGFsbCBpbmdyZWRpZW50cyEgLQ==,,W3swfV0KLeWwhuWQhOenjemjn+adkOeyvuW/g+eGrOeFruiAjOaIkO+8jOa3seWOmuWPiOmynOe+ju+8jOS7v+S9m+WRs+mBk+eAkeW4g+iIrOeahOaxpOWktO+8gS0=,,W3swfV0KLSDguJnguYnguLPguIvguLjguJvguYDguITguLXguYjguKLguKfguIjguLLguIHguKfguLHguJXguJbguLjguJTguLTguJrguKrguLLguKPguJ7guLHguJTguIrguJnguLTguJQg4Lij4Liq4LiK4Liy4LiV4Li04Lil4Li24LiB4LiL4Li24LmJ4LiH4LiU4Lix4LmI4LiH4Liq4Liy4Lii4LiY4Liy4Lij4LiZ4LmJ4Liz4LiV4LiB4LmB4Lir4LmI4LiH4LiE4Lin4Liy4Lih4Lit4Lij4LmI4Lit4LiiISAt,,,W3swfV0KIC0gwqFVbiBjYWxkbyBjb21vIHVuYSBjYXNjYWRhIGRlIHNhYm9yIHByb2Z1bmRvIHkgcmVib3NhbnRlIGRlIHVtYW1pLCBlbGFib3JhZG8gY29uIGVzbWVybyBhIGZ1ZWdvIGxlbnRvIGNvbiB0b2RhIGNsYXNlIGRlIGluZ3JlZGllbnRlcyEgLQ==,W3swfV0KLSBFaW5lIEJyw7xoZSB3aWUgZWluIFdhc3NlcmZhbGwgdm9sbGVyIFRpZWZlIHVuZCBVbWFtaSwgc29yZ3NhbSBhdXMgYWxsZW4gbcO2Z2xpY2hlbiBadXRhdGVuIGF1c2dla29jaHQhIC0=,W3swfV0KIC0gVW4gYm91aWxsb24gcHJvZm9uZCwgcmljaGUgZW4gdW1hbWnigKYgdW5lIHZyYWllIGNhc2NhZGUgZGUgc2F2ZXVycywgbWlqb3TDqWUgYXZlYyBzb2luICEgLQ==,W3swfV0KLSBLdWFobnlhIGJhZ2FpIGFpciB0ZXJqdW4gY2l0YSByYXNhIHVtYW1pLCBkaWJ1YXQgZGVuZ2FuIG1lcmVidXMgYW5la2EgYmFoYW4gZGVuZ2FuIHNlcGVudWggaGF0aSEgLQ==,W3swfV0KIC0gSGVyIHTDvHJsw7wgbWFsemVtZSDDtnplbmxlIGtheW5hdMSxbMSxcCBkZXJpbiB2ZSBpxZ90YWggYcOnxLFjxLEgbGV6emV0bGUgZG9sdSwgYWRldGEgYmlyIGxlenpldCDFn2VsYWxlc2kgZ2liaSBiaXIgw6dvcmJhIHN1eXUhIC0=
0bGe,W3swfV0KIC0g6rCA64qQ64uk656X6rKMIOyekOuluCDruYTri6jqsrDqsJnsnbQg67aA65Oc65+96rKMIOuqqeycvOuhnCDtnZjrn6zrk6TslrTqsIDripQg66ek64GE65+s7Jq0IOuptOuwnOydmCDsobDtmZTqsIAg6re47JW866eQ66GcIOyynOyngO2VqeydvCEg7J206rKD7J207JW866eQ66GcIOy9lOuqqOuPhOydmCDrjIDtkZwg7J2M7Iud7J206528IOu2iOugpCDrp4jrlYUuLi4gLQ==,W3swfV0KLSBUaGUgbm9vZGxlcyBnbGlkZSBkb3duIHRoZSB0aHJvYXQgc21vb3RobHkgbGlrZSBmaW5lIHNpbGsuIFRoZSBjb21iaW5hdGlvbiBpcyBoZWF2ZW5seSEgVGhpcyBpcyB0cnVseSB0aGUgcmVwcmVzZW50YXRpdmUgZGlzaCBvZiBDb21vZG8uLi4gLQ==,,W3swfV0KLee7hue7huWIh+aIkOWmguS4nee7uOiIrOaflOi9r+OAgemhuua7keWcsOa7keWFpeWWieWSmeeahOmdouadoe+8jOS4juS5i+S6pOe7h+eahOWSjOiwkOeugOebtOaYr+WkqeWcsOWQiOS4gO+8gei/meaJjemFjeW+l+S4iuiiq+ensOS4uuWFi+mtlOWym+eahOS7o+ihqOe+jumjn+KApuKApi0=,,W3swfV0KLSDguYDguKrguYnguJnguJrguLLguIfguJnguLjguYjguKHguJTguLjguIjguYHguJ7guKPguYTguKvguKEg4Lil4Li34LmI4LiZ4LmE4Lir4Lil4Lil4LiH4LiE4Lit4Lit4Lii4LmI4Liy4LiH4Liq4Lih4Lia4Li54Lij4LiT4LmM4LmB4Lia4LiaIOC4lOC4uOC4iOC4nOC4t+C4meC4n+C5ieC4suC4geC4seC4muC5geC4nOC5iOC4meC4lOC4tOC4meC4q+C4peC4reC4oeC4o+C4p+C4oeC4geC4seC4mSDguKrguKHguITguKfguKPguYDguJvguYfguJnguK3guLLguKvguLLguKPguJXguLHguKfguYHguJfguJnguILguK3guIcgQ29tb2RvLi4uIC0=,,,W3swfV0KIC0gwqFMYSBhcm1vbsOtYSBkZSB1bm9zIGZpZGVvcyBzdWF2ZXMgY29tbyBsYSBzZWRhLCBmaW5hbWVudGUgY29ydGFkb3MgeSBxdWUgc2UgZGVzbGl6YW4gcG9yIGxhIGdhcmdhbnRhLCBlcyBsYSB1bmnDs24gZGVsIGNpZWxvIHkgbGEgdGllcnJhISBFc3RvIHPDrSBxdWUgbWVyZWNlIGxsYW1hcnNlIGVsIHBsYXRvIHJlcHJlc2VudGF0aXZvIGRlIENvbW9kby4uLiAt,W3swfV0KLSBEaWUgSGFybW9uaWUgZGllc2VyIGdsYXR0ZW4sIGZlaW4gZ2VzY2huaXR0ZW5lbiBOdWRlbG4sIHNlaWRlbndlaWNoIHVuZCBzYW5mdCBkaWUgS2VobGUgaGluYWJnbGVpdGVuZCwgaXN0IHdhaHJsaWNoIGRpZSBWZXJlaW5pZ3VuZyB2b24gSGltbWVsIHVuZCBFcmRlISBEYXMgaGllciB2ZXJkaWVudCBlcyBnZXJhZGV6dSwgQ29tb2RvcyByZXByw6RzZW50YXRpdmVzIEdlcmljaHQgZ2VuYW5udCB6dSB3ZXJkZW4gLi4uIC0=,W3swfV0KIC0gRGVzIG5vdWlsbGVzIGxpc3NlcywgZmluZXMgY29tbWUgZGUgbGEgc29pZSwgcXVpIGdsaXNzZW50IGRhbnMgbGEgZ29yZ2XigKYgSGFybW9uaWUgcGFyZmFpdGUsIHVuaW9uIGR1IGNpZWwgZXQgZGUgbGEgdGVycmUgISBMZSBwbGF0IGVtYmzDqW1hdGlxdWUgZGUgQ29tb2RvLCBzYW5zIGNvbnRlc3Rl4oCmIC0=,W3swfV0KLSBNaSB5YW5nIG1lbHVuY3VyIG11bHVzIGRpIHRlbmdnb3Jva2FuIHNlcGVydGkgc3V0cmEuIFBlcnBhZHVhbm55YSBiYWdhaSBuaWttYXQgc3VyZ2F3aSEgSGlkYW5nYW4gaW5pIGJlbmFyLWJlbmFyIG1ld2FraWxpIENvbW9kb+KApiAt,W3swfV0KIC0gxLBuY2VjaWsga2VzaWxtacWfLCBpcGVrIGdpYmkgeXVtdcWfYWvDp2EgYm/En2F6ZGFuIHPDvHrDvGzDvHAgZ2lkZW4gcMO8csO8enPDvHogZXJpxZ90ZWxlcmluIHV5dW11LCBnZXLDp2VrdGVuIGRlIHllcmxlIGfDtsSfw7xuIGJpciBvbG1hc8SxIGdpYmkhIMSwxZ90ZSBidSwgQ29tb2RvbnVuIHRlbXNpbMOuIHllbWXEn2kgZGVubWV5aSBmYXpsYXPEsXlsYSBoYWsgZWQuLi4gLQ==
0rGe,W3swfV0KIC0gLi4u7ZWY7KeA64qUIOyViuqzoCwg6re464OlIOyelOy5mOq1reyImCDrp5vsnbTri6QuIOq3uOufvCDrp4zrkZDrj4Qg66i57Ja0IOuzvOq5jD8gLQ==,W3swfV0KLSAuLi5vciBub3QsIGp1c3QgdGFzdGVzIGxpa2UgYmFucXVldCBub29kbGVzLiBTaGFsbCBJIHRyeSB0aGUgZHVtcGxpbmdzIG5vdz8gLQ==,,W3swfV0KLeKApuKApuW5tuS4jeaYr+mCo+agt++8jOWPquaYr+aZrumAmueahOWutOW4ree0oOmdouWRs+mBk+iAjOW3suOAgumCo+S5iO+8jOimgeS4jeimgeS5n+WwneWwneWMheWtkOWRou+8ny0=,,W3swfV0KLSAuLi7guIHguYfguYTguKHguYjguJbguLbguIfguILguJnguLLguJTguJnguLHguYnguJkg4LmB4LiE4LmI4Lia4Liw4Lir4Lih4Li14LmI4LiB4Li04LiZ4LmA4Lil4Li14LmJ4Lii4LiH4LiX4Lix4LmI4Lin4LmE4LibIOC4h+C4seC5ieC4meC4peC4reC4h+C5gOC4geC4teC5iuC4ouC4p+C4reC4teC4geC4l+C4tSAt,,,W3swfV0KIC0gLi4ucGVybyBubywgc2ltcGxlbWVudGUgc2FiZSBhIGZpZGVvcyBkZSBiYW5xdWV0ZS4gwr9Qcm9iYW1vcyB0YW1iacOpbiBsb3MgbWFuZHU/IC0=,W3swfV0KLSAuLi5uYSBqYSwgZWlnZW50bGljaCBuaWNodC4gU2NobWVja3QgZWluZmFjaCBudXIgd2llIGdhbnogbm9ybWFsZSBGZXN0dGFnc251ZGVsbi4gRGFubiBwcm9iaWVyIGljaCB3b2hsIGF1Y2ggbWFsIGRpZSBNYW5kdS4gLQ==,W3swfV0KIC0g4oCmRW5maW4gbm9uLiDDh2EgYSBqdXN0ZSBsZSBnb8O7dCBkZSBub3VpbGxlcyBkZSBmw6p0ZS4gQm9uLCBvbiBnb8O7dGUgYXVzc2kgbGVzIG1hbmR1ID8gLQ==,W3swfV0KLSAuLi5hdGF1IHRpZGFrLCByYXNhbnlhIHNlcGVydGkgbWkgYmlhc2EuIEFwYSBpbmkgc2FhdG55YSBha3UgbWVuY29iYSBwYW5nc2l0IGp1Z2E/IC0=,W3swfV0KIC0gLi4uw7Z5bGUgZGXEn2lsIGRlLCBzYWRlY2UgZMO8xJ/DvG4gZXJpxZ90ZXNpIHRhZMSxLiBPIHphbWFuIG1hbnTEsXnEsSBkYSBkZW5lc2VtIG1pPyAt
07Ge,W3swfV0KIC0gLi4uLi4u7J206rKD64+EIOq3uOuDpSDrp4zrkZAg66eb7J2064ukLiAt,W3swfV0KLSAuLi50aGVzZSBqdXN0IHRhc3RlIGxpa2Ugbm9ybWFsIGR1bXBsaW5ncy4gLQ==,,W3swfV0KLeKApuKApui/meS4quS5n+WPquaYr+aZrumAmueahOWMheWtkOWRs+mBk+iAjOW3suOAgi0=,,W3swfV0KLSAuLi4uLi7guJnguLXguYjguIHguYfguYDguIHguLXguYrguKLguKfguJjguKPguKPguKHguJTguLLguK3guLXguIEgLQ==,,,W3swfV0KIC0gLi4uLi4uRXN0byB0YW1iacOpbiBzYWJlIHNvbG8gYSBtYW5kdS4gLQ==,W3swfV0KLSAuLi4gRGFzIHNjaG1lY2t0IGF1Y2ggZWluZmFjaCBudXIgbmFjaCBNYW5kdS4gLQ==,W3swfV0KIC0g4oCm4oCmUGFyZWlsLiBKdXN0ZSB1biBtYW5kdS4gLQ==,W3swfV0KLSAuLi5pbmkganVnYSBoYW55YSBwYW5nc2l0IGJpYXNhLiAt,W3swfV0KIC0gLi4uLi4uQnUgZGEgc2FkZWNlIG1hbnTEsSB0YWTEsS4gLQ==
1LGe,W3swfV0KIC0g7KO867OA7J2EIOuRmOufrOuztOuLiCDslrTsqZDsp4Ag64uk65OkIOu5hOyKt+2VnCDtkZzsoJXsnbTri6QuIOq1reyInOyImCDslKjsmYAg66eM7Yis7JeQIO2DgOudvCDslKjrpbwg7KCc7Jm47ZWY66m0LiAt,W3swfV0KLSBMb29raW5nIGFyb3VuZCwgZXZlcnlvbmUgc2VlbXMgdG8gaGF2ZSBzaW1pbGFyIGV4cHJlc3Npb25zLiBFeGNlcHQgZm9yIEd1ayBTdW5zdSBhbmQgTWFudG9lIFRhcmEuIC0=,,W3swfV0KLeeOr+mhvuWbm+WRqO+8jOS4jeefpeS4uuS9leWkp+WutueahOihqOaDhemDveW3ruS4jeWkmuOAgumZpOS6humeoOmhuua0meWSjOabvOWbvuWfg8K35aGU5ouJ5LmL5aSW44CCLQ==,,W3swfV0KLSDguJ7guK3guKHguK3guIfguYTguJvguKPguK3guJog4LmGIOC4l+C4uOC4geC4hOC4meC4geC5h+C4l+C4s+C4q+C4meC5ieC4suC5gOC4q+C4oeC4t+C4reC4meC4geC4seC4meC4q+C4oeC4lCDguKLguIHguYDguKfguYnguJnguKrguK3guIfguITguJnguJnguLHguYnguJkgLQ==,,,W3swfV0KIC0gQWwgbWlyYXIgYSBtaSBhbHJlZGVkb3IsIHRvZG9zIHBhcmVjZW4gdGVuZXIgbcOhcyBvIG1lbm9zIGxhIG1pc21hIGV4cHJlc2nDs24uIEV4Y2VwdG8gR3VrIFN1bnN1IHkgTWFudHVlIFRhcmEuIC0=,W3swfV0KLSBXZW5uIGljaCBtaWNoIHNvIHVtc2VoZSAuLi4gaXJnZW5kd2llIGhhYmVuIGFsbGUgZGVuc2VsYmVuIEdlc2ljaHRzYXVzZHJ1Y2suIEF1w59lciBHdWsgU3Vuc3UgdW5kIE1hbnR1ZSBUYXJhLiAt,W3swfV0KIC0gVm91cyByZWdhcmRleiBhdXRvdXIgZGUgdm91c+KApiBPbiBkaXJhaXQgcXVlIHRvdXQgbGUgbW9uZGUgZmFpdCBsYSBtw6ptZSB0w6p0ZS4gU2F1ZiBHdWsgU3Vuc3UgZXQgTWFudHVlIFRhcmEuIC0=,W3swfV0KLSBTYWF0IG1lbGloYXQgc2VrZWxpbGluZywgZW50YWgga2VuYXBhIGVrc3ByZXNpIHNlbXVhIG9yYW5nIHNhbWEuIEtlY3VhbGkgR3VrIFN1bnN1IGRhbiBNYW50dWUgVGFyYS4gLQ==,W3swfV0KIC0gRXRyYWZhIGJha8SxbmNhLCBuZWRlbnNlIGhlcmtlc2luIHnDvHogaWZhZGVzaSBiaXJiaXJpbmUgYmVueml5b3IuIEd1ayBTdW5zdSBiZXkgdmUgTWFudHVlIFRhcmEgYmV5IGhhcmnDpy4gLQ==
1bGe,W+y9lOuqqOu5hF0K7ZeI7ZeILi4uIOyWtOypkOyngCwg6re4IO2RnOygleyXkCDrp47snYAg6rKD7J20IOuLtOqyqCDsnojsnLzsi63ri4jri6QuLi4=,W0tvbW9iaV0KSGVoIGhlaC4uLiBTb21laG93LCB0aGF0IGV4cHJlc3Npb24gb2YgeW91cnMgc2F5cyBhIGxvdC4uLg==,,W+enkeiOq+avlF0K5ZG15ZG14oCm4oCm5oC76KeJ5b6X77yM5L2g55qE6KGo5oOF6YeM5YyF5ZCr5LqG5b6I5aSa5Lic6KW/4oCm4oCm,,W0tvbW9iaV0K4Liu4LmI4LiyIOC5hiDguKrguLXguKvguJnguYnguLLguILguK3guIfguYDguIjguYnguLLguKHguLHguJnguJ/guYnguK3guIfguJfguLjguIHguK3guKLguYjguLLguIc=,,,W0tvbW9iaV0KSmUsIGplLi4uIFBhcmVjZSBxdWUgZXNhIGV4cHJlc2nDs24gZGljZSBtdWNoYXMgY29zYXMuLi4=,W0tvbW9iaV0KSGVoZSAuLi4gaXJnZW5kd2llIGxpZWd0IGluIEV1cmVtIEdlc2ljaHRzYXVzZHJ1Y2sgc28gdmllbGVzIC4uLg==,W0tvbW9iaV0KSG8gaG8uLi4gT24gZGlyYWl0IHF1ZSBjZXR0ZSBleHByZXNzaW9uIGVuIGRpdCBsb25nLi4u,W0tvbW9iaV0KSGVoZS4uLiBFbnRhaCBrZW5hcGEsIGVrc3ByZXNpbXUgbWVueWlyYXRrYW4gYmFueWFrIGhhbC4uLg==,W0tvbW9iaV0KSGVoZS4uLiBOZWRlbnNlLCBvIHnDvHogaWZhZGVuaXpkZSBwZWsgw6dvayDFn2V5IHNha2zEsS4uLg==
1rGe,W+y9lOuqqOu5hF0K6re465+8IO2VnCDrsogg642UIOyLrOyCrOychOybkOuTpOydmCDsnZjqsqzsnYQg65Ok7Ja0IOuzvOq5jOyalD8g66qo7ZeY6rCA64uYLCDsobDquIgg7KCE7JeQIOygkeyLnOulvCDrgpjriKDrk5zrpqzqs6Ag7JioIOu2hOuTpOq7mCDqsIDshJwg6re467aE65Ok7J2YIOqwkOyDgeydhCDrk6Pqs6Ag7JmAIOyjvOyLreyLnOyYpC4=,W0tvbW9iaV0KU2hhbGwgd2UgaGVhciB0aGUgb3BpbmlvbnMgb2YgdGhlIGp1ZGdlcyBvbmNlIG1vcmU/IEFkdmVudHVyZXIsIHBsZWFzZSBnbyBhbmQgYXNrIHRob3NlIHlvdSBqdXN0IGRlbGl2ZXJlZCB0aGUgcGxhdGVzIHRvIGFib3V0IHRoZWlyIGltcHJlc3Npb25zLg==,,W+enkeiOq+avlF0K6YKj5LmI77yM5YaN5ZCs5LiA5qyh6K+E5a6h5Lus55qE5oSP6KeB5ZCn77yf5YaS6Zmp6ICF77yM5L2g5Y675om+5Yia5omN5oiR5YiG5Y+R55uY5a2Q5pe25ouc5omY55qE6YKj5Lqb5Lq677yM5ZCs5ZCs5LuW5Lus55qE5oSf5oOz5ZCO5YaN5Zue5p2l44CC,,W0tvbW9iaV0K4LiH4Lix4LmJ4LiZ4LmE4Lib4Lif4Lix4LiH4LiE4Lin4Liy4Lih4LmA4Lir4LmH4LiZ4LiB4Lix4LiZ4Lit4Li14LiB4LiE4Lij4Lix4LmJ4LiH4LiB4Lix4LiZIOC4iuC5iOC4p+C4ouC4geC4peC4seC4muC5hOC4m+C4luC4suC4oeC4hOC4meC4l+C4teC5iOC5gOC4iOC5ieC4suC4nuC4tuC5iOC4h+C5geC4iOC4geC4reC4suC4q+C4suC4o+C5g+C4q+C5ieC4q+C4meC5iOC4reC4ouC5gOC4luC4tOC4lA==,,,W0tvbW9iaV0KRW50b25jZXMsIMK/ZXNjdWNoYW1vcyB1bmEgdmV6IG3DoXMgbGEgb3BpbmnDs24gZGUgbG9zIGp1ZWNlcz8gQXZlbnR1cmVybywgdmF5YSBhIGhhYmxhciBjb24gbGFzIHBlcnNvbmFzIGEgbGFzIHF1ZSBhY2FiYSBkZSByZXBhcnRpciBsb3MgcGxhdG9zIHkgdnVlbHZhIGRlc3B1w6lzIGRlIGVzY3VjaGFyIHN1cyBpbXByZXNpb25lcywgcG9yIGZhdm9yLg==,W0tvbW9iaV0KRGFubiB3b2xsZW4gd2lyIHVucyBkaWUgTWVpbnVuZyBkZXIgSnVyb3JlbiBub2NoIGVpbm1hbCBhbmjDtnJlbiwgamE/CkFiZW50ZXVyZXIsIGdlaHQgYml0dGUgenUgZGVuIExldXRlbiwgZGVuZW4gSWhyIHZvcmhpbiBkaWUgVGVsbGVyIGF1c2dldGVpbHQgaGFidCwgdW5kIGjDtnJ0IEV1Y2ggaWhyZSBFaW5kcsO8Y2tlIGFuLg==,W0tvbW9iaV0KQmllbi4gw4ljb3V0b25zIGVuY29yZSBs4oCZYXZpcyBkZXMganVnZXMuCkF2ZW50dXJpZXIsIGFsbGV6IHZvaXIgbGVzIGdlbnMgw6AgcXVpIHZvdXMgdmVuZXogZGUgZG9ubmVyIGxlcyBhc3NpZXR0ZXMsIGV0IHJldmVuZXogYXZlYyBsZXVycyBpbXByZXNzaW9ucy4=,W0tvbW9iaV0KS2FsYXUgYmVnaXR1LCBtYXJpIGRlbmdhciBwZW5kYXBhdCBwYXJhIGp1cmkgc2VrYWxpIGxhZ2kuIEFkdmVudHVyZXIsIGhhbXBpcmlsYWggb3Jhbmctb3JhbmcgeWFuZyB0YWRpIEthbXViZXJpIG1ha2FuYW4sIGxhbHUgZGVuZ2Fya2FuIGtlc2FuIG1lcmVrYS4=,W0tvbW9iaV0KTyBow6JsZGUgYmlyIGtleiBkYWhhIGrDvHJpIMO8eWVsZXJpbmluIGfDtnLDvMWfbGVyaW5pIGRpbmxleWVsaW0gbWk/IE1hY2VyYWPEsSwgYXogw7ZuY2UgdGFiYWsgZGHEn8SxdHTEscSfxLFuxLF6IGtpxZ9pbGVyaW4geWFuxLFuYSBnaWRpcCBvbmxhcsSxbiBpemxlbmltbGVyaW5pIGRpbmxleWlwIGdlbGlyIG1pc2luaXo/
17Ge,64uk64WA7Jik6rKg7Iq164uI64ukLg==,SSB3aWxsIGdvLg==,,5oiR6L+Z5bCx5Y6744CC,,4LiC4LmJ4Liy4LiI4Liw4LmE4Lib4LmA4LiU4Li14LmL4Lii4Lin4LiZ4Li14LmJ,,,Vm9sdmVyw6kgZW5zZWd1aWRhLg==,SWNoIGJpbiBnbGVpY2ggd2llZGVyIGRhLg==,SmUgdmFpcyB5IGFsbGVyLg==,QmFpa2xhaC4=,R2lkaXAgZ2VsZWNlxJ9pbS4=
2LGe,W+y9lOuqqOu5hF0K7KKL7Iq164uI64ukLiDshpTsp4HtlZwg7J2Y6rKs7J2EIOqyveyyre2VmOqzoCDsmKTsi5zquLAg67CU656N64uI64ukLiDtnpgg64KY7Iuc65286rOgLCDsobDquIgg6riw7Jq07J2EIOu2geuPi+yVhOuTnOumrOqyoOyKteuLiOuLpC4=,W0tvbW9iaV0KVmVyeSB3ZWxsLiBMaXN0ZW4gY2FyZWZ1bGx5IHRvIHRoZWlyIGhvbmVzdCBvcGluaW9ucy4gQW5kIHRvIGxpZnQgeW91ciBzcGlyaXRzLCBJ4oCZbGwgZ2l2ZSB5b3UgYSBsaXR0bGUgZW5jb3VyYWdlbWVudC4=,,W+enkeiOq+avlF0K5b6I5aW944CC6K+35Y676K6k55yf5ZCs5Y+W5LuW5Lus5Z2m546H55qE5oSP6KeB44CC5Li65LqG6K6p5L2g5omT6LW357K+56We77yM5oiR57uZ5L2g56iN5b6u6byT6byT5Yqy44CC,,W0tvbW9iaV0K4LiU4Li1IOC4iOC4h+C5hOC4m+C4n+C4seC4h+C4hOC4p+C4suC4oeC5gOC4q+C5h+C4meC4reC4ouC5iOC4suC4h+C4leC4o+C4h+C5hOC4m+C4leC4o+C4h+C4oeC4siDguILguYnguLLguIjguLDguIrguYjguKfguKLguYDguJvguYfguJnguIHguLPguKXguLHguIfguYPguIjguYPguKvguYnguYDguIjguYnguLI=,,,W0tvbW9iaV0KTXV5IGJpZW4uIEVzY3VjaGEgYXRlbnRhbWVudGUgc3VzIG9waW5pb25lcyBzaW5jZXJhcy4gUGFyYSBhbmltYXJ0ZSB1biBwb2NvLCB0ZSBkYXLDqSBmdWVyemFzLg==,W0tvbW9iaV0KU2VociBndXQuIEjDtnJ0IEV1Y2ggaWhyZSBlaHJsaWNoZSBNZWludW5nIGJpdHRlIGF1Zm1lcmtzYW0gYW4uCkRhbWl0IElociBkYWJlaSBuaWNodCBzY2hsYXBwbWFjaHQsIGhlbGZlIGljaCBFdXJlbiBLcsOkZnRlbiBlaW4gd2VuaWcgbmFjaC4=,W0tvbW9iaV0KVHLDqHMgYmllbi4gw4ljb3V0ZXogbGV1cnMgYXZpcywgc2FucyBkw6l0b3VyLgpQb3VyIHZvdXMgcmVtb3RpdmVyLCBqZSB2b3VzIHJlbmRzIHVuIHBldSBk4oCZw6luZXJnaWUu,W0tvbW9iaV0KQmFndXMuIERlbmdhcmthbiBwZW5kYXBhdCBqdWp1ciBtZXJla2EuIEFnYXIga2FtdSBsZWJpaCBiZXJzZW1hbmdhdCwgYWthbiBrdWJlcmkgc2VkaWtpdCBkb3Jvbmdhbi4=,W0tvbW9iaV0KR8O8emVsLiBEw7xyw7xzdCBnw7Zyw7zFn2xlcmkgZGlra2F0bGUgZGlubGV5aXAgZ2VsbWVuaXppIGlzdGVyaW0uIEfDvMOnIHRvcGxhbWFuxLF6IGnDp2luLCBiaXJheiBtb3JhbCB2ZXJlY2XEn2ltLg==
2bGe,W+y9lOuqqOu5hF0K7KGw6riIIOuniOydjOydtCDsg4HtlZjsi6Ag65OvIOuztOyeheuLiOuLpOunjC4uLiDtl4jtl4guLi4K6re4656Y64+EIOuniOyngOunieq5jOyngCDtlajqu5jtlbQg7KO87Iuc66m0IOyii+qyoOyKteuLiOuLpC4=,W0tvbW9iaV0KWW91IHNlZW0gYSBiaXQgdXBzZXQuLi4gaGVoIGhlaC4uLiBidXQgcGxlYXNlIHN0YXkgd2l0aCB1cyB1bnRpbCB0aGUgdmVyeSBlbmQu,,W+enkeiOq+avlF0K55yL6LW35p2l5L2g5Ly85LmO5pyJ5Lqb5Y+X5Lyk4oCm4oCm5ZG15ZG14oCm4oCmCuS4jei/h++8jOi/mOaYr+W4jOacm+S9oOiDvemZquaIkeS7rOWIsOacgOWQjuOAgg==,,W0tvbW9iaV0K4LiU4Li54LmA4Lir4Lih4Li34Lit4LiZ4LmA4LiI4LmJ4Liy4LiI4Liw4Lic4Li04LiU4Lir4Lin4Lix4LiH4LmA4Lil4LmH4LiB4LiZ4LmJ4Lit4Lii4Liq4Li04LiZ4LiwLi4uIOC4ruC5iOC4siDguYYg4LiW4Li24LiH4Lit4Lii4LmI4Liy4LiH4LmE4Lij4LiB4LmH4LiK4LmI4Lin4Lii4Lit4Lii4Li54LmI4Lij4LmI4Lin4Lih4LiI4LiZ4LiI4Lia4LmA4LiW4Lit4Liw,,,W0tvbW9iaV0KUGFyZWNlIHF1ZSB0ZSBoYSBkb2xpZG8gdW4gcG9jby4uLiBKZSwgamUuLi4KQXVuIGFzw60sIGVzcGVybyBxdWUgbm9zIGFjb21wYcOxZXMgaGFzdGEgZWwgZmluYWwu,W0tvbW9iaV0KRXMgc2NoZWludCwgYWxzIHfDpHJldCBJaHIgZWluIHdlbmlnIGdla25pY2t0IC4uLiBoZWhlIC4uLgpEZW5ub2NoIHfDvHJkZSBlcyBtaWNoIGZyZXVlbiwgd2VubiBJaHIgdW5zIGJpcyB6dW0gU2NobHVzcyBiZWdsZWl0ZXQu,W0tvbW9iaV0KVm91cyBhdmV6IGzigJlhaXIgdW4gcGV1IGNvbnRyYXJpw6nigKYgSMOpIGjDqeKApgpNYWlzIGrigJlhaW1lcmFpcyBxdWUgdm91cyByZXN0aWV6IGF2ZWMgbm91cyBqdXNxdeKAmWF1IGJvdXQu,W0tvbW9iaV0KU2VwZXJ0aW55YSBrYW11IGFnYWsgbWFyYWguLi4gaGVoIGhlaC4uLgpUYXBpIHRldGFwbGFoIGJlcnNhbWEga2FtaSBoaW5nZ2EgYWtoaXIu,W0tvbW9iaV0KQmlyYXoga2FsYmluaXoga8SxcsSxbG3EscWfIGdpYmkgZ8O2csO8bsO8eW9yIGFtYS4uLiBoZWhlLi4uCllpbmUgZGUgc29udW5hIGthZGFyIGJpemltbGUgb2xzYW7EsXogaXlpIG9sdXIu
2rGe,W+y9lOuqqOu5hF0K7KGw6riIIOyghCDsoJHsi5zrpbwg64KY64ig65Oc66C4642YIOyEuCDrtoQg66qo65GQ7JeQ6rKMIOqwgOyFlOyEnCDsnZjqsqzsnYQg65Ok7Ja0IOyjvOyLreyLnOyYpC4=,W0tvbW9iaV0KR28gc3BlYWsgdG8gYWxsIHRocmVlIGd1ZXN0cyB5b3Ugc2VydmVkIHRoZSBwbGF0ZXMgdG8gYW5kIGdhdGhlciB0aGVpciBmZWVkYmFjay4=,,W+enkeiOq+avlF0K6K+35Y675om+5Yia5omN5oiR5YiG5Y+R55uY5a2Q55qE6YKj5LiJ5L2N77yM5ZCs5Y+W5LuW5Lus55qE5oSP6KeB44CC,,W0tvbW9iaV0K4LmE4Lib4LiW4Liy4Lih4LiX4Lix4LmJ4LiH4Liq4Liy4Lih4LiE4LiZ4LiX4Li14LmI4LmA4Lit4Liy4LmE4Lib4LmB4LiI4LiB4LmD4Lir4LmJ4LiE4Lij4Lia,,,W0tvbW9iaV0KVmUgYSBoYWJsYXIgY29uIGxhcyB0cmVzIHBlcnNvbmFzIGEgbGFzIHF1ZSBhY2FiYXMgZGUgcmVwYXJ0aXIgbG9zIHBsYXRvcyB5IGVzY3VjaGEgc3VzIG9waW5pb25lcy4=,W0tvbW9iaV0KQml0dGUgZ2VodCB6dSBhbGxlbiBkcmVpIFBlcnNvbmVuLCBkZW5lbiBJaHIgdm9yaGluIGRpZSBUZWxsZXIgYXVzZ2V0ZWlsdCBoYWJ0LCB1bmQgaMO2cnQgRXVjaCBpaHJlIE1laW51bmcgYW4u,W0tvbW9iaV0KQWxsZXogdm9pciBsZXMgdHJvaXMgcGVyc29ubmVzIMOgIHF1aSB2b3VzIGF2ZXogZGlzdHJpYnXDqSBsZXMgYXNzaWV0dGVzIHRvdXQgw6AgbOKAmWhldXJlLCBldCDDqWNvdXRleiBsZXVyIGF2aXMu,W0tvbW9iaV0KSGFtcGlyaWxhaCB0aWdhIG9yYW5nIHlhbmcgdGFkaSBrYW11IGJlcmkgbWFrYW5hbiwgbGFsdSBkZW5nYXJrYW4ga2VzYW4gbWVyZWthLg==,W0tvbW9iaV0KQXogw7ZuY2UgdGFiYWsgZGHEn8SxdHTEscSfxLFuxLF6IMO8w6cga2nFn2luaW4gZGUgeWFuxLFuYSBnaWRpcCBnw7Zyw7zFn2xlcmluaSBkaW5sZXlpbiBsw7x0ZmVuLg==
27Ge,W+y9lOuqqOu5hF0K7J2MLi4uIOyXreyLnCwg7J2Y6rKs7J20IOuLpCDruYTsirftlZjqtbDsmpQuCuunjuydtCDqs6Dsi6ztlojsp4Drp4wg6rKw6rWt7J2AIOuqqOuRkCDsg53qsIHsnbQg7J287LmY7ZW07IScIOydtOugh+qyjCDqsrDroaDrgrwg7IiY67CW7JeQIOyXhuyXiOyKteuLiOuLpC4=,W0tvbW9iaV0KSG1tLi4uIGFzIGV4cGVjdGVkLCB0aGVpciBvcGluaW9ucyBhcmUgYWxsIHZlcnkgc2ltaWxhci4KVGhleSBwb25kZXJlZCBhIGxvdCwgYnV0IGluIHRoZSBlbmQsIGV2ZXJ5b25lIGFncmVlZCwgYW5kIHdlIGhhdmUgbm8gY2hvaWNlIGJ1dCB0byBjb25jbHVkZSBhcyBzdWNoLg==,,W+enkeiOq+avlF0K5Zev4oCm4oCm5p6c54S277yM5oSP6KeB6YO95beu5LiN5aSa44CCCuaIkeiLpuaAneiuuOS5he+8jOS9huacgOe7iOWkp+WutuaDs+azleS4gOiHtO+8jOWPquiDveW+l+WHuui/meagt+eahOe7k+iuuuOAgg==,,W0tvbW9iaV0K4Lit4Li34LihLi4uIOC4hOC4p+C4suC4oeC5gOC4q+C5h+C4meC4l+C4seC5ieC4h+C4q+C4oeC4lOC5gOC4m+C5h+C4meC5gOC4quC4teC4ouC4h+C5gOC4lOC4teC4ouC4p+C4geC4seC4mSDguJ7guLTguIjguLLguKPguJPguLLguYHguKXguYnguKfguIjguLbguIfguYTguJTguYnguILguYnguK3guKrguKPguLjguJvguYDguIrguYjguJnguJnguLXguYk=,,,W0tvbW9iaV0KTW1tLi4uIENvbW8gZXJhIGRlIGVzcGVyYXIsIHRvZGFzIGxhcyBvcGluaW9uZXMgc29uIGJhc3RhbnRlIHNpbWlsYXJlcy4KTG8gaGVtb3MgcGVuc2FkbyBtdWNobywgcGVybyBhbCBmaW5hbCB0b2RvcyBjb2luY2lkaW1vcyB5IG5vIG5vcyBxdWVkYSBtw6FzIHJlbWVkaW8gcXVlIGxsZWdhciBhIGVzdGEgY29uY2x1c2nDs24u,W0tvbW9iaV0KSG0uLi4gV2llIGVyd2FydGV0LCBzaW5kIGRpZSBNZWludW5nZW4gYWxsZSB6aWVtbGljaCDDpGhubGljaC4KSWNoIGhhYmUgbGFuZ2UgZGFyw7xiZXIgbmFjaGdlZGFjaHQsIGFiZXIgYW0gRW5kZSB3YXJlbiBzaWNoIGFsbGUgZWluaWcsIGFsc28gYmxpZWIgbWlyIG5pY2h0cyBhbmRlcmVzIMO8YnJpZywgYWxzIHp1IGRpZXNlbSBTY2hsdXNzIHp1IGtvbW1lbi4=,W0tvbW9iaV0KSG1t4oCmIE91aSwgbGVzIGF2aXMgc2UgcmVzc2VtYmxlbnQuCkrigJlhaSBsb25ndWVtZW50IHLDqWZsw6ljaGksIG1haXMgYXUgZmluYWwsIHRvdXQgbGUgbW9uZGUgZXN0IGTigJlhY2NvcmQuIEltcG9zc2libGUgZOKAmcOpdml0ZXIgY2V0dGUgY29uY2x1c2lvbi4=,W0tvbW9iaV0KSG1tLi4uIHNlc3VhaSBkdWdhYW4sIHNlbXVhIGJlcnBlbmRhcGF0IG1pcmlwLgpTZW11YSBzdWRhaCBtZW1wZXJ0aW1iYW5na2FuLCB0YXBpIHBhZGEgYWtoaXJueWEgc2VtdWEgc2VwYWthdCwgZGFuIGthbWkgdGFrIHB1bnlhIHBpbGloYW4gc2VsYWluIG1lbmdhbWJpbCBrZXNpbXB1bGFuIGluaS4=,W0tvbW9iaV0KSG0uLi4gRGVtZWsga2ksIGfDtnLDvMWfbGVyaW4gaGVwc2kgZ2Vyw6dla3RlbiBkZSBiaXJiaXJpbmUgYmVueml5b3IuCsOHb2sgZMO8xZ/DvG5kw7xtIGFtYSBzb251bmRhIGhlcmtlc2luIGZpa3JpIGF5bsSxIG9sZHXEn3UgacOnaW4gYnUgc29udWNhIHZhcm1ha3RhbiBiYcWfa2Egw6dhcmUgeW9rdHUu
3LGe,W+y9lOuqqOu5hF0K6rWt7Iic7IiYIOyEoOyDnSwg66eM7Yis7JeQIO2DgOudvCDshKDsg50uCuuRkCDrtoQg66qo65GQIOyXtOyLrO2eiCDtlbTso7zsi6Ag6rKD7J2AIOyVjOqyoOyKteuLiOuLpC4g66qo7ZeY6rCA64uY6ruY64+EIOuTpOyXiOyngOyalC4=,W0tvbW9iaV0KTXIuIEd1ayBTdW5zdSwgTXIuIE1hbnRvZSBUYXJhLiBJIGFja25vd2xlZGdlIGJvdGggb2YgeW91ciBlZmZvcnRzLiBJ4oCZdmUgYWxzbyBoZWFyZCBmcm9tIHRoZSBhZHZlbnR1cmVyLg==,,W+enkeiOq+avlF0K6Z6g6aG65rSZ6ICB5biI77yM5pu85Zu+5Z+DwrfloZTmi4nogIHluIjjgIIK5oiR55+l6YGT5Lik5L2N6YO95b6I5Yqq5Yqb44CC5YaS6Zmp6ICF5Lmf6Lef5oiR6K+06L+H5LqG44CC,,W0tvbW9iaV0K4LiX4LmI4Liy4LiZIEd1ayBTdW5zdSDguJfguYjguLLguJkgTWFudHVlIFRhcmEg4LiC4LmJ4Liy4Lij4Li54LmJ4Lin4LmI4Liy4Lie4Lin4LiB4LmA4LiI4LmJ4Liy4Lie4Lii4Liy4Lii4Liy4Lih4Lih4Liy4LiBIOC4l+C5iOC4suC4meC4meC4seC4geC4nOC4iOC4jeC4oOC4seC4ouC5gOC4peC5iOC4suC5g+C4q+C5ieC4guC5ieC4suC4n+C4seC4h+C5geC4peC5ieC4pw==,,,W0tvbW9iaV0KR3VrIFN1bnN1LCBNYW50dWUgVGFyYS4KU8OpIHF1ZSBzZSBoYW4gZXNmb3J6YWRvIG11Y2hvLiBUYW1iacOpbiBtZSBsbyBoYSBjb250YWRvIGVsIEF2ZW50dXJlcm8u,W0tvbW9iaV0KSGVyciBHdWsgU3Vuc3UsIEhlcnIgTWFudHVlIFRhcmEuCkljaCB3ZWnDnywgZGFzcyBJaHIgYmVpZGUgRXVjaCBzZWhyIGJlbcO8aHQgaGFidC4gRGFzIGhhYmUgaWNoIGF1Y2ggdm9tIEFiZW50ZXVyZXIgZ2Vow7ZydC4=,W0tvbW9iaV0KTWHDrnRyZSBHdWsgU3Vuc3UsIG1hw650cmUgTWFudHVlIFRhcmEuCkplIHNhaXMgcXVlIHZvdXMgYXZleiB0b3VzIGxlcyBkZXV4IHRyYXZhaWxsw6kgZHVyLiBKZSBs4oCZYWkgYXVzc2kgZW50ZW5kdSBkZSBs4oCZYXZlbnR1cmllci4=,W0tvbW9iaV0KR3VrIFN1bnN1LCBNYW50dWUgVGFyYS4KQWt1IG1lbmdlcnRpIGthbGlhbiBzdWRhaCBiZWtlcmphIGtlcmFzLiBBa3UganVnYSBzdWRhaCBtZW5kZW5nYXJueWEgZGFyaSBBZHZlbnR1cmVyLg==,W0tvbW9iaV0KR3VrIFN1bnN1IMO2xJ9yZXRtZW4sIE1hbnR1ZSBUYXJhIMO2xJ9yZXRtZW4uCsSwa2luaXppbiBkZSDDp29rIMOnYWzEscWfdMSxxJ/EsW7EsSBiaWxpeW9ydW0uIE1hY2VyYWPEsWRhbiBkYSBkdXlkdW0u
3bGe,W+y9lOuqqOu5hF0K6re465+s64KYIOyVhOustOuemOuPhCDrkZAg67aE7J2YIOydjOyLneydtCDsvZTrqqjrj4Trpbwg64yA7ZGc7ZWY6riw7JeQ64qUIOuqqOyekOudvOuLpOqzoCDsg53qsIHtlanri4jri6QuCuydtCDrjIDtmozsnZgg7Iq57J6Q64qUIOyXhuyWtOyalC4=,W0tvbW9iaV0KSG93ZXZlciwgSSBzdGlsbCBiZWxpZXZlIG5laXRoZXIgb2YgeW91ciBkaXNoZXMgZnVsbHkgcmVwcmVzZW50cyBDb21vZG8uIFRoaXMgY29udGVzdCBoYXMgbm8gd2lubmVyLg==,,W+enkeiOq+avlF0K5LiN6L+H77yM5oiR6KeJ5b6X5Lik5L2N55qE5paZ55CG5Ly85LmO5LiN6Laz5Lul5Luj6KGo5YWL6a2U5bKb44CCCui/meWcuuWkp+i1m+ayoeacieiDnOiAheOAgg==,,W0tvbW9iaV0K4LmB4LiV4LmI4Lit4Liy4Lir4Liy4Lij4LiC4Lit4LiH4Lie4Lin4LiB4LmA4LiI4LmJ4Liy4Lii4Lix4LiH4LmE4Lih4LmI4LiU4Li14Lie4Lit4LiI4Liw4LmA4Lib4LmH4LiZ4LiV4Lix4Lin4LmB4LiX4LiZIENvbW9kbyDguIHguLLguKPguYHguILguYjguIfguILguLHguJnguJnguLXguYnguYTguKHguYjguKHguLXguJzguLnguYnguIrguJnguLA=,,,W0tvbW9iaV0KUGVybyBjcmVvIHF1ZSBsYSBjb21pZGEgZGUgbmluZ3VubyBkZSBsb3MgZG9zIGJhc3RhIHBhcmEgcmVwcmVzZW50YXIgYSBDb21vZG8uCk5vIGhhYnLDoSBnYW5hZG9yIGVuIGVzdGUgY29uY3Vyc28u,W0tvbW9iaV0KQWJlciBpY2ggZsO8cmNodGUsIEV1cmUgR2VyaWNodGUgcmVpY2hlbiB3b2hsIG5pY2h0IGF1cywgdW0gQ29tb2RvIHp1IHJlcHLDpHNlbnRpZXJlbi4KRGllc2VyIFdldHRiZXdlcmIgaGF0IGtlaW5lbiBTaWVnZXIu,W0tvbW9iaV0KTWFpcyB2b3MgcGxhdHMgbmUgc3VmZmlzZW50IHBhcyDDoCByZXByw6lzZW50ZXIgQ29tb2RvLgpDZSBjb25jb3VycyBu4oCZYSBwYXMgZGUgdmFpbnF1ZXVyLg==,W0tvbW9iaV0KTmFtdW4sIGJhZ2FpbWFuYXB1biBqdWdhIGt1cmFzYSBtYWthbmFuIGthbGlhbiBiZXJkdWEgdGFrIGJpc2EgbWV3YWtpbGkgQ29tb2RvLgpUaWRhayBhZGEgcGVtZW5hbmcgZGFsYW0ga29tcGV0aXNpIGluaS4=,W0tvbW9iaV0KQW1hIG5lIHlhesSxayBraSwgaWtpbml6aW4geWVtZcSfaW5pbiBDb21vZG95dSB0ZW1zaWwgZXRtZXllIHlldG1lZGnEn2luaSBkw7zFn8O8bsO8eW9ydW0uCkJ1IHlhcsSxxZ9tYW7EsW4ga2F6YW5hbsSxIHlvay4=
3rGe,W+q1reyInOyImF0K7JiIPyDqt7jqsowg66y07IqoIOunkOyUgOydtOyLreuLiOq5jOyalD8=,W0d1ayBTdW5zdV0KRWg/IFdoYXQgZG8geW91IG1lYW4gYnkgdGhhdD8=,,W+meoOmhuua0mV0K5ZWK77yf6L+Z5piv5LuA5LmI5oSP5oCd77yf,,W0d1ayBTdW5zdV0K4Lir4LiyPyDguKvguKHguLLguKLguITguKfguLLguKHguKfguYjguLLguKLguLHguIfguYTguIfguIHguLHguJk/,,,W0d1ayBTdW5zdV0Kwr9FaD8gwr9RdcOpIHF1aWVyZSBkZWNpciBjb24gZXNvPw==,W0d1ayBTdW5zdV0KV2llIGJpdHRlPyBXYXMgbWVpbmVuIFNpZSBkYW1pdD8=,W0d1ayBTdW5zdV0KSGVpbiA/IFF1ZSB2b3VsZXotdm91cyBkaXJlIHBhciBsw6AgPw==,W0d1ayBTdW5zdV0KSGFoPyBNYWtzdWQgYXBhIG1ha3N1ZG11Pw==,W0d1ayBTdW5zdV0KTmU/IEJ1IG5lIGRlbWVrIG9sdXlvcj8=
37Ge,W+unjO2IrOyXkCDtg4DrnbxdCuq3uOufsCDqsrDsoJXsnYQg67Cb7JWE65Ok7J28IOyImOuKlCDsl4bsirXri4jri6Qh,W01hbnRvZSBUYXJhXQpXZSBjYW5ub3QgYWNjZXB0IHRoYXQgZGVjaXNpb24h,,W+abvOaJmMK35aGU5ouJXQrmiJHml6Dms5XmjqXlj5fov5nmoLfnmoTlhrPlrprvvIE=,,W01hbnRvZSBUYXJhXQrguILguYnguLLguKLguK3guKHguKPguLHguJrguIHguLLguKPguJXguLHguJTguKrguLTguJnguYDguIrguYjguJnguJnguLHguYnguJnguYTguKHguYjguYTguJTguYkh,,,W01hbnR1ZSBUYXJhXQrCoU5vIHB1ZWRvIGFjZXB0YXIgZXNhIGRlY2lzacOzbiE=,W01hbnR1ZSBUYXJhXQpEaWVzZSBFbnRzY2hlaWR1bmcga2FubiBpY2ggbmljaHQgYWt6ZXB0aWVyZW4h,W01hbnR1ZSBUYXJhXQpKZSBuZSBwZXV4IHBhcyBhY2NlcHRlciB1bmUgdGVsbGUgZMOpY2lzaW9uICE=,W01hbnR1ZSBUYXJhXQpBa3UgdGlkYWsgYmlzYSBtZW5lcmltYSBrZXB1dHVzYW4gaXR1IQ==,W01hbnRvZSBUYXJhXQpCw7Z5bGUgYmlyIGthcmFyxLEga2FidWwgZWRlbWVtIQ==
4LGe,W+ycoOyasOyngF0K7JWE66y066asIOyDneqwge2VtOuPhCDsnbQg6rWt7IiYIOyWtOuUlOyEnCDrqLnslrTrs7gg66eb7J207JeQ7JqULiDrp5vsl4bripQg6rG0IOyVhOuLiOyngOunjC4uLiDsvZTrqqjrj4Trp4zsnZgg7J2M7Iud7J2065286riw7JeQ64qUIOustOumrOuEpOyalC4=,W1l1dWppXQpObyBtYXR0ZXIgaG93IEkgdGhpbmsgYWJvdXQgaXQsIHRoaXMgbm9vZGxlIHRhc3RlcyBmYW1pbGlhci4gSXTigJlzIG5vdCBiYWQsIGJ1dC4uLiBpdCBjYW7igJl0IGJlIGNvbnNpZGVyZWQgYSB1bmlxdWUgQ29tb2RvIGRpc2gu,,W+S8mOWPuF0K5LiN566h5oCO5LmI5oOz77yM6L+Z56KX6Z2i6YO95piv5oiR5Zyo5ZOq5YS/5ZCD6L+H55qE5ZGz6YGT44CC5LiN5piv6Zq+5ZCD77yM5L2G5piv4oCm4oCm6KaB6K+05piv5Y+q5pyJ5YWL6a2U5bKb5omN5pyJ55qE5paZ55CG77yM6L+Y5piv5aSq5YuJ5by65LqG44CC,,W1l1dWppXQrguITguLTguJTguK3guKLguYjguLLguIfguYTguKPguIHguYfguYDguKvguKHguLfguK3guJnguYDguITguKLguIHguLTguJnguJfguLXguYjguYTguKvguJnguKrguLHguIHguYHguKvguYjguIcg4LmE4Lih4LmI4LmD4LiK4LmI4Lin4LmI4Liy4LmE4Lih4LmI4Lit4Lij4LmI4Lit4LiiIOC5geC4leC5iOC4luC5ieC4suC5g+C4q+C5ieC5gOC4o+C4teC4ouC4geC4p+C5iOC4suC5gOC4m+C5h+C4meC5gOC4reC4geC4peC4seC4geC4qeC4k+C5jOC4guC4reC4hyBDb21vZG8g4LiE4LiH4LiI4Liw4Lii4Liy4LiB,,,W1l1dUppXQpQb3IgbcOhcyBxdWUgbG8gcGllbnNvLCBlbCBzYWJvciBkZSBlc3RvcyBmaWRlb3MgbWUgcmVzdWx0YSBmYW1pbGlhci4gTm8gZXN0w6FuIG1hbG9zLCBwZXJvLi4uIGN1ZXN0YSBjb25zaWRlcmFybG9zIHVuIHBsYXRvIHByb3BpbyBkZSBDb21vZG8u,W1l1dWppXQpFZ2FsLCB3aWUgaWNo4oCZcyBhdWNoIGRyZWhlOiBEaWUgTnVkZWxuIHNjaG1lY2tlbiwgYWxzIGjDpHR0ZSBpY2ggc2llIGlyZ2VuZHdvIHNjaG9uIG1hbCBnZWdlc3Nlbi4gTmljaHQsIGRhc3Mgc2llIHNjaGxlY2h0IHfDpHJlbiwgYWJlciAuLi4gYWxzIGV0d2FzLCBkYXMgbnVyIGbDvHIgQ29tb2RvIHN0ZWh0LCBpc3QgZGFzIHdvaGwgc2Nod2llcmlnLg==,W1l1dWppXQpKJ3kgcGVuc2UgZW5jb3JlLCBtYWlzIGNlcyBub3VpbGxlcyBvbnQgdW4gZ2/Du3QgcXVlIGonYWkgZMOpasOgIG1hbmfDqSBxdWVscXVlIHBhcnQuIENlIG4nZXN0IHBhcyBtYXV2YWlzLCBtYWlzLi4uIGMnZXN0IGRpZmZpY2lsZSBkZSBkaXJlIHF1ZSBjJ2VzdCB1biBwbGF0IHByb3ByZSDDoCBDb21vZG8u,W1l1dWppXQpCYWdhaW1hbmEgcHVuIGt1cGlraXJrYW4sIG1pIGluaSB0ZXJhc2EgZmFtaWxpYXIuIFRpZGFrIGJ1cnVrLCB0YXBp4oCmIHRpZGFrIGJpc2EgZGlhbmdnYXAgc2ViYWdhaSBoaWRhbmdhbiBraGFzIENvbW9kby4=,W1l1dWppXQpOZSBrYWRhciBkw7zFn8O8bnNlbSBkZSBidSBlcmnFn3RlbmluIHRhZMSxbsSxIGRhaGEgw7ZuY2UgYmlyIHllcmRlIHllbWnFn2ltLiBLw7Z0w7wgZGXEn2lsIGFtYS4uLiBDb21vZG95YSDDtnpnw7wgYmlyIHllbWVrIGRlbWVrIHpvci4=
4bGe,W+unjOuLpOumsF0K66eM65GQ64+EIOuniOywrOqwgOyngOyXkOyalC4g6re464OlIO2PieuylO2VnOuNsD8g7KCA64qUIOqzoOyGjO2VmOqzoCDrsJTsgq3tlbTshJwg7KKL7JWE7ZWY7KeA66eM7JqULCDtirnrs4TtlZwg66eb7J2064OQIO2VmOuptCDsl63si5wg7Y+J67KULg==,W01hbmRhcmluXQpUaGUgZHVtcGxpbmdzIGFyZSB0aGUgc2FtZS4gSnVzdCBvcmRpbmFyeS4gSSBsaWtlIHRoZW0gZm9yIHRoZWlyIHNhdm9yeSwgY3Jpc3AgdGV4dHVyZSwgYnV0IGFzIGEgc3BlY2lhbCB0YXN0ZT8gT3JkaW5hcnkgYXMgd2VsbC4=,,W+abvOi+vuael10K5YyF5a2Q5Lmf5LiA5qC344CC5bCx5piv5b6I5pmu6YCa5ZWK77yf5oiR5Zac5qyi5a6D6aaZ6aaZ55qE5Y+I6YWl6ISG77yM5LiN6L+H6KaB6K+054m55Yir55qE5ZGz6YGT77yM5p6c54S26L+Y5piv5pmu6YCa44CC,,W01hbmRhcmluXQrguYDguIHguLXguYrguKLguKfguIHguYfguYDguKvguKHguLfguK3guJnguIHguLHguJkg4LiY4Lij4Lij4Lih4LiU4LiyIOC4guC5ieC4suC4iuC4reC4muC4l+C4teC5iOC4oeC4seC4meC4geC4o+C4reC4muC4q+C4reC4oSDguYHguJXguYjguJbguYnguLLguIjguLDguYPguKvguYnguJrguK3guIHguKfguYjguLLguJ7guLTguYDguKjguKkg4LiB4LmH4LmE4Lih4LmI4LiW4Li24LiH4LiC4LiZ4Liy4LiU4LiZ4Lix4LmJ4LiZ4LiZ4Liw,,,W01hbmRhcmluXQpDb24gbG9zIG1hbmR1IHBhc2EgbG8gbWlzbW8uIFNvbiBub3JtYWxlcywgwr9ubz8gTWUgZ3VzdGFuIHBvcnF1ZSBzb24gc2Ficm9zb3MgeSBjcnVqaWVudGVzLCBwZXJvIMK/dGllbmVuIGFsZ28gZXNwZWNpYWw/IFB1ZXMgbGEgdmVyZGFkIGVzIHF1ZSBubyBkZWphbiBkZSBzZXIgYmFzdGFudGUgbm9ybWFsZXMu,W01hbmRhcmluXQpCZWkgZGVuIE1hbmR1IGlzdCBlcyBnZW5hdXNvLiBTaWUgc2luZCBlaW5mYWNoIGdhbnogZ2V3w7ZobmxpY2gsIG9kZXI/IEljaCBtYWcgc2llLCB3ZWlsIHNpZSBoZXJ6aGFmdCB1bmQga251c3ByaWcgc2luZCwgYWJlciBvYiBkZXIgR2VzY2htYWNrIGV0d2FzIEJlc29uZGVyZXMgaXN0PyBFaGVyIG5pY2h0Lg==,W01hbmRhcmluXQpQYXJlaWwgcG91ciBsZXMgcmF2aW9saXMuIEPigJllc3QgYm9uLCBjcm91c3RpbGxhbnTigKYgbWFpcyDDp2EgcmVzdGUgYmFuYWwuIFBhcyB2cmFpbWVudCDigJxzcMOpY2lhbCBDb21vZG/igJ0u,W01hbmRhcmluXQpQYW5nc2l0IGp1Z2Egc2FtYSwgYmlhc2Egc2FqYS4gQWt1IHN1a2Ega2FyZW5hIGd1cmloIGRhbiByZW55YWgsIHRhcGkgdGV0YXAgc2FqYSByYXNhbnlhIGJpYXNhLCB0YWsgYmlzYSBkaWJpbGFuZyBpc3RpbWV3YS4=,W01hbmRhcmluXQpNYW50xLEgZGEgYXluxLEuIFNhZGVjZSBzxLFyYWRhbiwgZGXEn2lsIG1pPyBCZW4geWHEn2zEsSB2ZSDDp8SxdMSxciBvbGR1xJ91IGnDp2luIHNldml5b3J1bSBhbWEsIMO2emVsIGJpciB0YXQgbcSxIGRlcnNlbml6LCB5aW5lIHPEsXJhZGFuLg==
4rGe,W+q1reyInOyImF0K7J20LCDsnbTrn7AuLi4g66eb7J2EIOuqqOultOuKlCDsgqzrnozrk6Qg6rCZ7Jy864uIIQrsmrDrpqwg7ZWg66i464uI6rCAIOuTpOycvOyLnOuptCDtmZTrpbwg64K07IukIOqyjOyVvCE=,W0d1ayBTdW5zdV0KVC10aGlzLi4uIGhvdyBjYW4gdGhleSBub3QgcmVjb2duaXplIHRoZSBmbGF2b3IhIE15IGdyYW5kbW90aGVyIHdvdWxkIGJlIGZ1cmlvdXMgaWYgc2hlIGhlYXJkIHRoaXMh,,W+meoOmhuua0mV0K6L+Z44CB6L+Z4oCm4oCm5L2g5Lus6L+Z5Lqb5LiN5oeC5ZGz6YGT55qE5Lq677yBCuimgeaYr+iuqeaIkeWltuWltuWQrOingeS6hu+8jOWlueS4gOWumuS8mueUn+awlOeahO+8gQ==,,W0d1ayBTdW5zdV0K4LiZ4Li14LmI4Lih4Lix4LiZLi4uIOC4nuC4p+C4geC5gOC4iOC5ieC4suC4iuC5iOC4suC4h+C5hOC4oeC5iOC4o+C4ueC5ieC4o+C4quC5gOC4reC4suC5gOC4quC4teC4ouC5gOC4peC4oiDguJbguYnguLLguKLguYjguLLguILguYnguLLguYTguJTguYnguKLguLTguJnguJXguYnguK3guIfguYLguIHguKPguJjguYHguJnguYg=,,,W0d1ayBTdW5zdV0KwqFQLXBlcm8gYnVlbm8uLi4hIMKhTm8gdGVuw6lpcyBwYWxhZGFyIQrCoU1pIGFidWVsYSBzZSBlbmZhZGFyw61hIHNpIG9zIG95ZXJhIQ==,W0d1ayBTdW5zdV0KRC1EYXMgLi4uISBJaHIgQmFuYXVzZW4gaGFidCBqYSBrZWluZSBBaG51bmcgdm9uIEdlc2NobWFjayEKV2VubiBtZWluZSBHcm/Dn211dHRlciBkYXMgaMO2cnQsIHdpcmQgc2llIGZ1Y2hzdGV1ZmVsc3dpbGQh,W0d1ayBTdW5zdV0KTS0gbWFpc+KApiB2b3VzIG7igJlhdmV6IGRvbmMgYXVjdW4gZ2/Du3QgIQpTaSBtYSBncmFuZC1tw6hyZSBlbnRlbmQgw6dhLCBlbGxlIHZhIHNlIGbDomNoZXIgIQ==,W0d1ayBTdW5zdV0KSS1pbmkuLi4gS2FsaWFuIHNlcGVydGkgb3JhbmcgeWFuZyB0aWRhayBwdW55YSBzZWxlcmEhCkthbGF1IG5lbmVrIGthbWkgbWVuZGVuZ2FybnlhLCBiZWxpYXUgcGFzdGkgbWFyYWgh,W0d1ayBTdW5zdV0KQiwgYsO2eWxlLi4uIERlbWVrIHRhZMSxIGJpbG1leWVuIGluc2FubGFyc8SxbsSxeiEKQnVudSBiw7x5w7xrYW5uZW0gZHV5c2Egw7Zma2VsZW5pciE=
47Ge,W+unjOuLpOumsF0K7JWE64uILCDshpDri5jsl5Dqsowg6re46rKMIOustOyKqCDrp53rsJzsnbTsl5DsmpQ/,W01hbmRhcmluXQpObywgd2hhdCBub25zZW5zZSBhcmUgeW91IHRlbGxpbmcgYSBndWVzdD8=,,W+abvOi+vuael10K5ZaC77yM5a+55a6i5Lq66K+06L+Z56eN6K+d566X5LuA5LmI6IOh6KiA5Lmx6K+t77yf,,W01hbmRhcmluXQrguYDguIjguYnguLLguJ7guLnguJTguYDguIrguYjguJnguJnguLHguYnguJnguIHguLHguJrguKXguLnguIHguITguYnguLLguYTguJTguYnguK3guKLguYjguLLguIfguYTguKM=,,,W01hbmRhcmluXQpQZXJvIMK/Y8OzbW8gcHVlZGUgZGVjaXJsZSBhbGdvIGFzw60gYSB1biBjbGllbnRlPw==,W01hbmRhcmluXQpIZXksIHdhcyBzb2xsIGRpZXNlIFVudmVyc2Now6RtdGhlaXQgZ2VnZW7DvGJlciBlaW5lbSBHYXN0Pw==,W01hbmRhcmluXQpIw6kgISBD4oCZZXN0IHF1b2ksIGNldHRlIGluc29sZW5jZSBlbnZlcnMgdW4gY2xpZW50ID8=,W01hbmRhcmluXQpIZWksIGphbmdhbiBiaWNhcmEgc2VwZXJ0aSBpdHUgcGFkYSB0YW11Lg==,W01hbmRhcmluXQpIYXnEsXIsIG1pc2FmaXJlIGLDtnlsZSBiaXIgc2F5Z8Sxc8SxemzEsWsgZGEgbmUgZGVtZWs/
5LGe,W+unjO2IrOyXkCDtg4DrnbxdCuyghO2GteydmCDrp5vsnYQg66qo66W064qUIOqxsOyalCE=,W01hbnRvZSBUYXJhXQpUaGV5IGp1c3QgZG9u4oCZdCB1bmRlcnN0YW5kIHRoZSB0cmFkaXRpb25hbCB0YXN0ZSE=,,W+abvOaJmMK35aGU5ouJXQrkvaDku6zmmK/kuI3mh4LkvKDnu5/nmoTlkbPpgZPvvIE=,,W01hbnRvZSBUYXJhXQrguJ7guKfguIHguYDguIjguYnguLLguJXguYjguLLguIfguKvguLLguIHguJfguLXguYjguYTguKHguYjguKPguLnguYnguIjguLHguIHguKPguKrguIrguLLguJXguLTguJTguLHguYnguIfguYDguJTguLTguKE=,,,W01hbnR1ZSBUYXJhXQrCoUVzIHF1ZSBubyBzYWJlIGFwcmVjaWFyIGVsIHNhYm9yIGRlIGxhIHRyYWRpY2nDs24h,W01hbnR1ZSBUYXJhXQpJaHIga2VubnQgZGVuIEdlc2NobWFjayBkZXIgVHJhZGl0aW9uIG5pY2h0IQ==,W01hbnR1ZSBUYXJhXQpWb3VzIG5lIGNvbm5haXNzZXogcGFzIGxlIGdvw7t0IGRlIGxhIHRyYWRpdGlvbiAh,W01hbnR1ZSBUYXJhXQpLYWxpYW4gdGlkYWsgdGFodSByYXNhIHRyYWRpc2lvbmFsIQ==,W01hbnRvZSBUYXJhXQpHZWxlbmVrc2VsIHRhZMSxIGJpbG1peW9yc3VudXoh
5bGe,W+unj+2DiOuegCDtg4DrnbxdCuyVhOuLiC4uLiDsnbTqsowg66y07IqoIOyGjOuegOydtOyVvD8g67CW7J20IOyLnOuBhOufrOybjOyEnCDrgpjsmYAg67Sk642U64uIIOyZnCDsl6zquLAg7J2066CH6rKMIOuqqOyXrCDsi7jsmrDqs6Ag7J6I64qUIOqyjOyVvC4=,W01hdGFsbGFuIFRhcmFdCldoYXQuLi4gd2hhdCBpcyBhbGwgdGhpcyBjb21tb3Rpb24/IEkgY2FtZSBvdXQgYmVjYXVzZSBpdCB3YXMgbm9pc3kgb3V0c2lkZSwgYW5kIHdoeSBpcyBldmVyeW9uZSBnYXRoZXJlZCBoZXJlIGZpZ2h0aW5nPw==,,W+mprOWhlOWFsMK35aGU5ouJXQrlloLigKbigKbov5nmmK/mgI7kuYjlm57kuovvvJ/lpJbpnaLlkLXlvpflvojvvIzmiJHlh7rmnaXnnIvnnIvvvIzmgI7kuYjpg73ogZrlnKjov5nph4zlkLXotbfmnaXkuobjgII=,,W01hdGFsbGFuIFRhcmFdCuC4meC4teC5iOC4oeC4seC4meC5gOC4o+C4t+C5iOC4reC4h+C4reC4sOC5hOC4o+C4geC4seC4mSDguYDguKrguLXguKLguIfguJTguLHguIfguIjguJnguILguYnguLLguJXguYnguK3guIfguK3guK3guIHguKHguLLguJTguLkg4LiX4Liz4LmE4Lih4LiW4Li24LiH4LiX4Liw4LmA4Lil4Liy4Liw4LiB4Lix4LiZ4LmA4LiK4LmI4LiZ4LiZ4Li14LmJ,,,W01hdGFsbGFuIFRhcmFdClBlcm8uLi4gwr9hIHF1w6kgdmllbmUgdGFudG8gYWxib3JvdG8/IEhlIHNhbGlkbyBhbCBvw61yIGVsIHJ1aWRvIGRlIGZ1ZXJhIHkgbWUgZW5jdWVudHJvIGNvbiBxdWUgZXN0w6FpcyB0b2RvcyBhcXXDrSBwZWxlw6FuZG9vcy4=,W01hdGFsbGFuIFRhcmFdCldhcyAuLi4gd2FzIHNvbGwgZGVyIEtyYWNoPyBEcmF1w59lbiB3YXLigJlzIHNvIGxhdXQsIGRhc3MgaWNoIHJhdXNtdXNzdGUuIFdhcnVtIHN0ZWh0IGlociBoaWVyIGFsbGUgcnVtIHVuZCB6YW5rdCBldWNoPw==,W01hdGFsbGFuIFRhcmFdCk1haXPigKYgY+KAmWVzdCBxdW9pLCB0b3V0IGNlIHZhY2FybWUgPyBK4oCZZW50ZW5kYWlzIGR1IGJydWl0IGRlaG9ycywgYWxvcnMgamUgc3VpcyBzb3J0aWUuIFBvdXJxdW9pIHZvdXMgZGlzcHV0ZXotdm91cyB0b3VzIGljaSA/,W01hdGFsbGFuIFRhcmFdCkFwYS4uLiBBZGEga2VyaWJ1dGFuIGFwYSBpbmk/IERpIGx1YXIgYmVyaXNpaywgamFkaSBha3Uga2VsdWFyIHVudHVrIG1lbGloYXQsIHRhcGkga2VuYXBhIGthbGlhbiBiZXJ0ZW5na2FyIHNlcGVydGkgaW5pPw==,W01hdGFsbGFuIFRhcmFdCkhhecSxci4uLiBCdSBnw7xyw7xsdMO8IGRlIG5lPyBExLHFn2FyxLFzxLEgZ8O8csO8bHTDvGzDvCBkaXllIGJpciBiYWthecSxbSBkZWRpbTsgbmVkZW4gYnVyYWRhIGLDtnlsZSB0b3BsYW7EsXAga2F2Z2EgZWRpeW9yc3VudXo/
5rGe,W+q1reuLqOyngF0K7J206rKMIOustOyKqCDsnbzsnbTslbwsIOuCnOyVhOqwgCDrhKTqsIAg66y07IqoIOuMgO2ajOulvCDtlZzri6Tqs6Ag7ZW07IScIOq1rOqyvSDrgpjsmZTripTrjbAuLi4g7JqU66asIOuMgO2ajOqwgCDslYTri4jrnbwg7Iu47JuAIOuMgO2ajOyYgOuLiD8=,W0d1ayBEYW5qaV0KV2hhdOKAmXMgZ29pbmcgb24/IEkgY2FtZSB0byB3YXRjaCBiZWNhdXNlIG9mIGEgY29tcGV0aXRpb24geW91IG1lbnRpb25lZC4uLiBXYXMgdGhpcyBhIGNvb2tpbmcgY29udGVzdCBvciBhIGJyYXdsPw==,,W+meoOS4ueiKnV0K6L+Z5piv5oCO5LmI5Zue5LqL77yM6aG65rSZ5ZWK77yM5L2g6K+06KaB5Yqe5LuA5LmI5aSn6LWb5oiR5omN5Ye65p2l55yL55yL4oCm4oCm6L+Z5LiN5piv5paZ55CG5aSn6LWb77yM5piv5ZC15p625aSn6LWb5ZCX77yf,,W0d1ayBEYW5qaV0K4LiZ4Li14LmI4Lih4Lix4LiZ4LmA4Lij4Li34LmI4Lit4LiH4Lit4Liw4LmE4LijIOC4guC5ieC4suC5hOC4lOC5ieC4ouC4tOC4meC4p+C5iOC4suC4iOC4sOC4oeC4teC4geC4suC4o+C5geC4guC5iOC4h+C4guC4seC4meC5gOC4peC4ouC4reC4reC4geC4oeC4suC4lOC4uSDguYHguJXguYjguJnguLXguYjguKHguLHguJnguYHguILguYjguIfguJfguLDguYDguKXguLLguLDguIHguLHguJnguKvguKPguLfguK0=,,,W0d1ayBEYW5qaV0Kwr9RdcOpIG9jdXJyZT8gTmFuYSwgaGUgdmVuaWRvIGEgdmVyIGxhIGNvbXBldGljacOzbiBxdWUgaWJhcyBhIGNlbGVicmFyLi4uIMK/UGVybyBlc3RvIGVyYSB1biB0b3JuZW8gZGUgbHVjaGEgeSBubyB1biBjb25jdXJzbyBkZSBjb2NpbmE/,W0d1ayBEYW5qaV0KV2FzIGlzdCBkZW5uIGhpZXIgbG9zPyBOYW5hZ2EsIGR1IG1laW50ZXN0IGRvY2gsIGhpZXIgZ8OkYmUgZXMgZWluZW4gV2V0dGJld2VyYiwgYWxzbyBiaW4gaWNoIHp1bSBadXNjaGF1ZW4gZ2Vrb21tZW4gLi4uIGFiZXIgZGFzIGlzdCBoaWVyIHdvaGwgZWhlciBlaW4gU3RyZWl0IGFscyBlaW4gS29jaHdldHRiZXdlcmIsIGhtPw==,W0d1ayBEYW5qaV0KUXXigJllc3QtY2UgcXVpIHNlIHBhc3NlID8gTmFuYWdhLCB0dSBt4oCZYXMgZGl0IHF14oCZaWwgeSBhdmFpdCB1biBjb25jb3VycywgYWxvcnMgamUgc3VpcyB2ZW51ZSB2b2ly4oCmIEPigJllc3QgdW4gY29uY291cnMgZGUgY3Vpc2luZSwgb3UgZGUgYmFnYXJyZSA/,W0d1ayBEYW5qaV0KQWRhIGFwYSBpbmk/IEFrdSBkYXRhbmcga2FyZW5hIGFkYSBrb21wZXRpc2kuIEFwYWthaCBpbmkga29tcGV0aXNpIG1lbWFzYWsgYXRhdSBiZXJrZWxhaGk/,W0d1ayBEYW5qaV0KQnUgZGEgbmUgYsO2eWxlPyBOYW5hLCBzZW4gYmlyIHlhcsSxxZ9tYSB5YXDEsXlvcnN1biBkaXllIGl6bGVtZXllIGdlbG1pxZ90aW0uLi4gWWVtZWsgeWFyxLHFn21hc8SxIGRlxJ9pbCBkZSBrYXZnYSB5YXLEscWfbWFzxLEgbcSxeWTEsT8=
57Ge,W+q1reyInOyImF0K7ZWYLCDtlaDrqLjri4gh,W0d1ayBTdW5zdV0KRy1ncmFuZG1vdGhlciE=,,W+meoOmhuua0mV0K5aW244CB5aW25aW277yB,,W0d1ayBTdW5zdV0K4Lii4LiwIOC4ouC5iOC4siE=,,,W0d1ayBTdW5zdV0KwqFBLUFidWVsYSE=,W0d1ayBTdW5zdV0KRy1Hcm/Dn211dHRlciE=,W0d1ayBTdW5zdV0KRy1ncmFuZC1tw6hyZSAh,W0d1ayBTdW5zdV0KTmUtbmVuZWsh,W0d1ayBTdW5zdV0KQiwgYsO8ecO8a2FubmUh
6LGe,W+unjO2IrOyXkCDtg4DrnbxdCu2VoOuouOuLmCEg66y07IqoIOydvOuhnCDrgpjsmKTshajslrTsmpQ/,W01hbnRvZSBUYXJhXQpHcmFuZG1vdGhlciEgV2hhdCBicmluZ3MgeW91IG91dCBoZXJlPw==,,W+abvOaJmMK35aGU5ouJXQrlpbblpbbvvIHmgqjmgI7kuYjlh7rmnaXkuobvvJ8=,,W01hbnRvZSBUYXJhXQrguJfguYjguLLguJnguKLguYjguLIg4LmA4Lir4LiV4Li44LmD4LiU4LiI4Li24LiH4Lit4Lit4LiB4Lih4Liy4LmA4Lil4LmI4Liy,,,W01hbnR1ZSBUYXJhXQrCoUFidWVsYSEgwr9Qb3IgcXXDqSBoYSBzYWxpZG8/,W01hbnR1ZSBUYXJhXQpHcm/Dn211dHRlciEgV2FzIGbDvGhydCBFdWNoIGRlbm4gaGllcmhlcj8=,W01hbnR1ZSBUYXJhXQpHcmFuZC1tw6hyZSAhIFF14oCZZXN0LWNlIHF1aSB2b3VzIGFtw6huZSA/,W01hbnR1ZSBUYXJhXQpOZW5layEgS2VuYXBhIGthbXUga2VsdWFyPw==,W01hbnRvZSBUYXJhXQpCw7x5w7xrYW5uZSEgTmUgb2xkdSBkYSBkxLHFn2FyxLEgw6fEsWt0xLFuxLF6Pw==
6bGe,W+y9lOuqqOu5hF0K7JikLi4uIOuRkCDslrTrpbTsi6DsnbQg64KY7Jik7IWo6rWw7JqULiDsnpgg65CQ64Sk7JqULiDssKjrnbzrpqwg7KeB7KCRIOyXrOytiOyWtCDrtIXsi5zri6QuCuuqqO2XmOqwgOuLmCwg65GQIOu2hOq7mCDsl6zsrYjslrQg7KO87Iuc6rKg7Iq164uI6rmMPw==,W0tvbW9iaV0KQWguLi4gdGhlIHR3byBlbGRlcnMgaGF2ZSBjb21lIG91dC4gR29vZCB0aW1pbmcuIExldOKAmXMgYXNrIHRoZW0gZGlyZWN0bHkuCkFkdmVudHVyZXIsIHBsZWFzZSBzcGVhayB0byBib3RoIG9mIHRoZW0u,,W+enkeiOq+avlF0K5ZOm4oCm4oCm5Lik5L2N6ZW/6L6I5Ye65p2l5LqG5ZWK44CC5q2j5aW944CC5bmy6ISG55u05o6l6Zeu6Zeu5ZCn44CCCuWGkumZqeiAhe+8jOiDveivt+S9oOabv+aIkemXrumXruS4pOS9jeWQl++8nw==,,W0tvbW9iaV0K4LmC4Lit4LmJIOC4l+C5iOC4suC4meC4nOC4ueC5ieC5gOC4kuC5iOC4suC4l+C4seC5ieC4h+C4quC4reC4h+C4reC4reC4geC4oeC4suC4nuC4reC4lOC4tSDguYDguIrguYjguJnguJnguLHguYnguJnguYPguKvguYnguJbguLLguKHguJXguKPguIcg4LmGIOC5gOC4peC4ogrguJfguYjguLLguJnguJnguLHguIHguJzguIjguI3guKDguLHguKIg4LiK4LmI4Lin4Lii4LiW4Liy4Lih4LmB4LiX4LiZ4LiC4LmJ4Liy4LiX4Li14LmA4LiW4Li04LiU,,,W0tvbW9iaV0KT2guLi4gSGFuIHNhbGlkbyBsYXMgZG9zIHNlw7FvcmFzLiBRdcOpIGJpZW4uIFNlcsOhIG1lam9yIHF1ZSBsZXMgcHJlZ3VudGVtb3MgZGlyZWN0YW1lbnRlLgpBdmVudHVyZXJvLCDCv3BvZHLDrWEgcHJlZ3VudGFybGVzPw==,W0tvbW9iaV0KT2ggLi4uIGRpZSBiZWlkZW4gw4RsdGVzdGVuIHNpbmQgZ2Vrb21tZW4uIERhcyBwYXNzdCBndXQuIEZyYWdlbiB3aXIgc2llIGRvY2ggZWluZmFjaCBkaXJla3QuCkFiZW50ZXVyZXIsIHfDvHJkZXQgSWhyIGRpZSBiZWlkZW4gYml0dGUgZnJhZ2VuPw==,W0tvbW9iaV0KT2jigKYgbGVzIGRldXggYcOubsOpZXMgc29udCBsw6AuIFRhbnQgbWlldXguIERlbWFuZG9ucy1sZXVyIGRpcmVjdGVtZW50LgpBdmVudHVyaWVyLCBwb3V2ZXotdm91cyBsZXVyIGRlbWFuZGVyID8=,W0tvbW9iaV0KT2guLi4gRHVhIG9yYW5nIHR1YSBpdHUgc3VkYWgga2VsdWFyLiBCYWd1cy4gTGViaWggYmFpayBraXRhIHRhbnlha2FuIGxhbmdzdW5nLgpBZHZlbnR1cmVyLCBiaXNha2FoIGthbXUgbWVuYW55YWthbm55YSBrZXBhZGEgbWVyZWthIGJlcmR1YT8=,W0tvbW9iaV0KT2guLi4gxLBraSBiw7x5w7zEn8O8bcO8eiBkZSBnZWxtacWfLiDEsHlpIG9sZHUuIEVuIGl5aXNpIGRvxJ9ydWRhbiBzb3JhbMSxbS4KTWFjZXJhY8SxLCBpa2lzaW5lIGRlIHNvcmFyIG3EsXPEsW7EsXo/
6rGe,W+y9lOuqqOu5hF0K6re47KCAIOyYpOuemCDrkJwg6rKD66eMIOqwgOyngOqzoOuKlCDsoITthrXsnbTrnbzqs6Ag7ZWgIOyImCDsl4bsp4DsmpQuCuqwgOy5mOuhreq4sCDrlYzrrLjsl5Ag67mE66Gc7IaMIOydtOyWtOyggCDrgrTroKTsmKgg6rKD7J20IOyghO2GtSDslYTri4jqsqDsirXri4jquYwu,W0tvbW9iaV0KSnVzdCBiZWluZyBvbGQgaXNu4oCZdCBlbm91Z2ggdG8gY2FsbCBzb21ldGhpbmcgdHJhZGl0aW9uLgpJdCBpcyB0aGUgdmFsdWUgYmVoaW5kIGl0IHRoYXQgbWFrZXMgaXQgYSB0cnVlIHRyYWRpdGlvbi4=,,W+enkeiOq+avlF0K5YWJ5piv5bm05Luj5LmF6L+c77yM5bm25LiN6IO956ew5Li65Lyg57uf44CCCuato+WboOS4uuacieS7t+WAvO+8jOaJjeiDveS8oOaJv+S4i+adpe+8jOmCo+aJjeaYr+S8oOe7n++8jOS4jeaYr+WQl+OAgg==,,W0tvbW9iaV0K4LmA4Lie4Li14Lii4LiH4LmB4LiE4LmI4LmA4LiB4LmI4Liy4LmB4LiB4LmIIOC4geC5h+C5hOC4oeC5iOC4reC4suC4iOC5gOC4o+C4teC4ouC4geC4p+C5iOC4suC4quC4tOC5iOC4h+C4lOC4seC5ieC4h+C5gOC4lOC4tOC4oeC5hOC4lOC5ieC4q+C4o+C4reC4geC4oeC4tOC5g+C4iuC5iOC4q+C4o+C4t+C4rQrguIHguYfguYDguJ7guKPguLLguLDguKHguLXguITguLjguJPguITguYjguLIg4LiI4Li24LiH4LmE4LiU4LmJ4Lij4Lix4Lia4LiB4Liy4Lij4Liq4Li34Lia4LiX4Lit4LiU4LiV4LmI4Lit4LiB4Lix4LiZ4Lih4Liy4LiI4LiZ4LiB4Lil4Liy4Lii4LmA4Lib4LmH4LiZ4Lib4Lij4Liw4LmA4Lie4LiT4Li14Lih4Li04LmD4LiK4LmI4Lir4Lij4Li34Lit,,,W0tvbW9iaV0KTm8gc2UgcHVlZGUgbGxhbWFyIHRyYWRpY2nDs24gYSBhbGdvIHNvbG8gcG9yIHNlciBhbnRpZ3VvLgpVbmEgdHJhZGljacOzbiBzZSBoYSB0cmFuc21pdGlkbyBwcmVjaXNhbWVudGUgcG9ycXVlIHRpZW5lIHZhbG9yLCDCv25vIGxlIHBhcmVjZT8=,W0tvbW9iaV0KTnVyIHdlaWwgZXR3YXMgYWx0IGlzdCwga2FubiBtYW4gZXMgbm9jaCBsYW5nZSBuaWNodCBUcmFkaXRpb24gbmVubmVuLgpJc3QgVHJhZGl0aW9uIG5pY2h0IGdlcmFkZSBkYXMsIHdhcyB3ZWl0ZXJnZWdlYmVuIHd1cmRlLCB3ZWlsIGVzIHdpcmtsaWNoIHdlcnR2b2xsIGlzdD8=,W0tvbW9iaV0KQ2UgbuKAmWVzdCBwYXMgcGFyY2UgcXVlIGPigJllc3QgYW5jaWVuIHF1ZSBj4oCZZXN0IHVuZSB0cmFkaXRpb24uClVuZSB0cmFkaXRpb24sIMOnYSBzZSB0cmFuc21ldCBwYXJjZSBxdWUgw6dhIGEgZGUgbGEgdmFsZXVyLg==,W0tvbW9iaV0KSGFueWEga2FyZW5hIHR1YSwgc2VzdWF0dSB0aWRhayBiaXNhIGRpc2VidXQgdHJhZGlzaS4KQnVrYW5rYWggc2VzdWF0dSBkaXNlYnV0IHRyYWRpc2kga2FyZW5hIGJlcmhhcmdhLCBzZWhpbmdnYSBkaXdhcmlza2FuIHR1cnVuLXRlbXVydW4/,W0tvbW9iaV0KU8SxcmYgZXNraSBvbG1hc8SxLCBvbnVuIGdlbGVuZWsgc2F5xLFsbWFzxLEgacOnaW4geWV0bWV6LgpEZcSfZXJsaSBvbGR1xJ91IGnDp2luIG5lc2lsZGVuIG5lc2lsZSBha3RhcsSxbG3EscWfIG9sYW4gxZ9leWUgZ2VsZW5layBkZW5tZXogbWk/
67Ge,7Jyg7Jqw7KeA,WXV1amk=,,5LyY5Y+4,,WXV1amk=,,,WXV1Smk=,WXV1amk=,WXV1amk=,WXV1amk=,WXV1amk=
7LGe,W+ycoOyasOyngF0K7Zy07JaR7KeA7J2YIOuwseuvuOuKlCDrp5vsnojripQg7J2M7Iud7J207J6W7JWE7JqULCDqt7jrn6zri4jquYwg6re464OlIOyXrOufrCDqsIDqsozqsIAg7KCE67aAIOuLpCDsmIHsl4XtlojsnLzrqbQg7KKL6rKg7Ja07JqULg==,W1l1dWppXQpUaGUgYmVzdCBwYXJ0IG9mIGEgcmVzb3J0IGlzIHRoZSBkZWxpY2lvdXMgZm9vZCwgcmlnaHQ/IFNvIEkgd2lzaCBhbGwgdGhlIHNob3BzIGNvdWxkIGp1c3Qgc3RheSBvcGVuLg==,,W+S8mOWPuF0K5bqm5YGH6IOc5Zyw55qE57K+6auT5bCx5piv576O5ZGz55qE6aOf54mp5Zib77yM5omA5Lul5oiR5biM5pyb5omA5pyJ5bqX6ZO66YO96IO95q2j5bi46JCl5Lia44CC,,W1l1dWppXQrguKrguJbguLLguJnguJfguLXguYjguJ7guLHguIHguJzguYjguK3guJkg4LiI4Li44LiU4LmA4LiU4LmI4LiZ4LiB4LmH4LiE4Li34Lit4Lit4Liy4Lir4Liy4Lij4Lit4Lij4LmI4Lit4Lii4LmE4Lih4LmI4LmD4LiK4LmI4Lij4Li2IOC4guC5ieC4suC4p+C5iOC4suC4luC5ieC4suC4o+C5ieC4suC4meC4q+C4peC4suC4oiDguYYg4Lij4LmJ4Liy4LiZ4LmA4Lib4Li04LiU4Lie4Lij4LmJ4Lit4Lih4LiB4Lix4LiZ4Lir4Lih4LiU4LiB4LmH4LiZ4LmI4Liy4LiI4Liw4LiU4Li14LiZ4Liw,,,W1l1dUppXQpMbyBtZWpvciBkZSB1biBsdWdhciBkZSB2YWNhY2lvbmVzIGVzIGxhIGJ1ZW5hIGNvbWlkYSwgYXPDrSBxdWUgb2phbMOhIHRvZGFzIGxhcyB0aWVuZGFzIGVzdHV2aWVyYW4gYWJpZXJ0YXMu,W1l1dWppXQpEYXMgQmVzdGUgYW4gZWluZW0gVXJsYXVic29ydCBpc3QgZG9jaCBsZWNrZXJlcyBFc3Nlbi4gRGFydW0gZsOkbmRlIGljaCBlcyBndXQsIHdlbm4gZWluZmFjaCBhbGxlIEzDpGRlbiBnZcO2ZmZuZXQgaMOkdHRlbi4=,W1l1dWppXQpEYW5zIHVuZSBzdGF0aW9uIGJhbG7DqWFpcmUsIGxlIG1laWxsZXVyLCBj4oCZZXN0IGxhIGJvbm5lIGJvdWZmZSwgbm9uID8gQWxvcnMsIGrigJlhaW1lcmFpcyBxdWUgdG91cyBsZXMgc3RhbmRzIHJlc3RlbnQgb3V2ZXJ0cy4=,W1l1dWppXQpCYWdpYW4gdGVyYmFpayBkYXJpIHJlc29yIGFkYWxhaCBtYWthbmFuIHlhbmcgbGV6YXQsIGphZGkgYWt1IGJlcmhhcmFwIHNlbXVhIHRva28gYmlzYSB0ZXJ1cyBidWthLg==,W1l1dWppXQpUYXRpbCB5ZXJpbmluIGVuIGfDvHplbCB5YW7EsSBsZXp6ZXRsaSB5ZW1la2xlcmRpcjsgbyB5w7x6ZGVuIGtlxZ9rZSBiw7x0w7xuIGTDvGtrw6JubGFyIGhlcCBhw6fEsWsgb2xzYS4=
7bGe,W+ycoOyasOyngF0K7Iu47Jqw7KeAIOunkOqzoCwg642UIOunm+yeiOuKlCDsnYzsi53snYQg66eM65Ok66m0IOqysOq1rSDqt7gg6rCA6rKM66GcIOyCrOuejOuTpOydtCDqsIDsp4Ag7JWK6rKg7Ja07JqUPyDrhIjrrLQg7J207IOB7KCB7J24IOydtOyVvOq4sOyduOqwgD8=,W1l1dWppXQpJZiB0aGV5IHN0b3AgZmlnaHRpbmcgYW5kIGp1c3QgbWFrZSB0YXN0aWVyIGZvb2QsIHBlb3BsZSB3aWxsIG5hdHVyYWxseSBnbyB0byB0aGF0IHNob3AsIHdvbuKAmXQgdGhleT8gVG9vIGlkZWFsaXN0aWMsIHBlcmhhcHM/,,W+S8mOWPuF0K5Yir5omT5p6277yM5YGa5Ye65pu05aW95ZCD55qE6aOf54mp55qE6K+d77yM5aSn5a625pyA5ZCO5LiN5bCx5Lya5Y676YKj5a625bqX5LqG5ZCX77yf5piv5LiN5piv5aSq55CG5oOz5YyW5LqG77yf,,W1l1dWppXQrguYTguKHguYjguJXguYnguK3guIfguJfguLDguYDguKXguLLguLDguIHguLHguJkg4LmB4LiE4LmI4LiX4Liz4Lit4Liy4Lir4Liy4Lij4LmD4Lir4LmJ4Lit4Lij4LmI4Lit4Lii4LiC4Li24LmJ4LiZIOC4quC4uOC4lOC4l+C5ieC4suC4ouC4nOC4ueC5ieC4hOC4meC4geC5h+C4iOC4sOC5hOC4m+C4l+C4teC5iOC4o+C5ieC4suC4meC4meC4seC5ieC4meC5gOC4reC4h+C5hOC4oeC5iOC5g+C4iuC5iOC4q+C4o+C4t+C4rSDguYDguKPguLfguYjguK3guIfguKHguLHguJnguJTguLnguYDguJ7guYnguK3guJ3guLHguJnguYTguJvguKvguJnguYjguK3guKLguKvguKPguLfguK3guYDguJvguKXguYjguLLguJnguLA=,,,W1l1dUppXQpFbiB2ZXogZGUgcGVsZWFyLCBzaSBwcmVwYXJhbiBjb21pZGEgbcOhcyByaWNhLCBhbCBmaW5hbCBsYSBnZW50ZSBpcsOhIGEgZXNhIHRpZW5kYSwgwr9ubyBjcmVlPyDCv0VzIHVuYSBpZGVhIGRlbWFzaWFkbyBpZGVhbGlzdGE/,W1l1dWppXQpTdGF0dCB6dSBzdHJlaXRlbjogV2VubiBtYW4gYmVzc2VyZXMgRXNzZW4gbWFjaHQsIGdlaGVuIGRpZSBMZXV0ZSBhbSBFbmRlIGRvY2ggenUgZGllc2VtIExhZGVuLCBvZGVyPyBJc3QgZGFzIHp1IGlkZWFsaXN0aXNjaD8=,W1l1dWppXQpBdSBsaWV1IGRlIHZvdXMgYmF0dHJlLCBmYWl0ZXMganVzdGUgbGEgbWVpbGxldXJlIGN1aXNpbmUuIExlcyBnZW5zIHZpZW5kcm9udCwgbm9uID8gQ+KAmWVzdCB0cm9wIGlkw6lhbGlzdGUgPw==,W1l1dWppXQpLYWxhdSBtZXJla2EgYmVyaGVudGkgYmVydGVuZ2thciBkYW4gZm9rdXMgbWVtYnVhdCBtYWthbmFuIHlhbmcgbGViaWggZW5haywgb3Jhbmctb3JhbmcgcGFzdGkgYWthbiBkYXRhbmcgZGVuZ2Egc2VuZGlyaW55YSwgYnVrYW4/IEF0YXUgbXVuZ2tpbiwgdGVybGFsdSBpZGVhbGlzPw==,W1l1dWppXQpLYXZnYSBldG1leWlwIGRhaGEgbGV6emV0bGkgeWVtZWsgeWFwYXJzYW7EsXosIHNvbnVuZGEgaW5zYW5sYXIgbyBkw7xra8OibmEgZ2l0bWV6IG1pPyBGYXpsYSBtxLEgaWRlYWxpc3TDp2Ugb2xkdT8=
7rGe,W+ycoOyasOyngF0K7Ja0LCDsoIAg7J2M7Iud7J2EIOuCmOuIhOyWtOyjvOufrCDsmKTsi6Ag6rGwIOyVhOuLiOyXiOuCmOyalD8K7Zi57IucIOu5vOuGk+qzoCDsmKTshajsnLzrqbQg7KCA6riwIOy9lOuqqOu5hCDslKjqu5gg6rCA67O07IS47JqULg==,W1l1dWppXQpVaCwgd2VyZW7igJl0IHlvdSBoZXJlIHRvIHNlcnZlIHRoZSBkaXNoZXM/IElmIHlvdSBtaXNzZWQgYW55LCBnbyBjaGVjayB3aXRoIE1yLiBLb21vYmku,,W+S8mOWPuF0K5ZGD77yM5L2g5LiN5piv5p2l5YiG5Y+R6aOf54mp55qE5ZCX77yfCuWmguaenOS9oOW/mOS6huW4pu+8jOWwseWOu+mCo+i+ueaJvuenkeiOq+avlOWQp+OAgg==,,W1l1dWppXQrguYDguK3guYrguLAg4LmA4LiI4LmJ4Liy4LiI4Liw4Lih4Liy4LmB4LiI4LiB4Lit4Liy4Lir4Liy4Lij4LmE4Lih4LmI4LmD4LiK4LmI4Lir4Lij4Li34LitCuC4luC5ieC4suC4peC4t+C4oeC4peC5iOC4sOC4geC5hyDguKXguK3guIfguYTguJvguKvguLLguJfguYjguLLguJkgS29tb2JpIOC4l+C4suC4h+C5guC4meC5ieC4meC4lOC4ueC4quC4tA==,,,W1l1dUppXQpFaCwgwr9ubyB2ZW7DrWEgdXN0ZWQgYSByZXBhcnRpciBlc2EgY29taWRhPwpTaSBzZSBsZSBoYSBvbHZpZGFkbywgdmF5YSBhIHZlciBhbCBzZcOxb3IgS29tb2JpLg==,W1l1dWppXQrDhGgsIHNlaWQgSWhyIG5pY2h0IGhlcmdla29tbWVuLCB1bSBkYXMgRXNzZW4genUgdmVydGVpbGVuPwpGYWxscyBJaHIgamVtYW5kZW4gYXVzZ2VsYXNzZW4gaGFidCwgZ2VodCBkYSBkcsO8YmVuIG5vY2ggbWFsIHp1IEtvbW9iaS4=,W1l1dWppXQpFdWjigKYgdm91cyBu4oCZw6p0ZXMgcGFzIHZlbnUgcG91ciBkaXN0cmlidWVyIGxlIHJlcGFzID8KU2kgdm91cyBs4oCZYXZleiBvdWJsacOpLCBhbGxleiB2b2lyIEtvbW9iaSwgbMOgLWJhcy4=,W1l1dWppXQpFaCwgYnVrYW5rYWgga2FtdSBkYXRhbmcgdW50dWsgbWVtYmFnaWthbiBtYWthbmFuPwpLYWxhdSBrYW11IGx1cGEgbWVtYmF3YW55YSwgY29iYSB0ZW11aSBLb21vYmku,W1l1dWppXQrFnmV5LCBzaXogeWVtZcSfaSBwYXlsYcWfdMSxcm1heWEgZ2VsbWVtacWfIG1peWRpbml6PwpZYW7EsW7EsXphIGFsbWF5xLEgdW51dHR1eXNhbsSxeiwgxZ91cmFkYWtpIEtvbW9iaSBhZGzEsSBracWfaXllIGdpZGluLg==
77Ge,W+ycoOyasOyngF0K7JmAISDqsJDsgqztlanri4jri6QuIOuRmOuLpCDrg4Tsg4jqsIAg7KKL64Sk7JqUfiEg7J6YIOuoueqyoOyKteuLiOuLpCE=,W1l1dWppXQpXb3chIFRoYW5rIHlvdS4gQm90aCBzbWVsbCBhbWF6aW5nfiEgSeKAmWxsIGVuam95IHRoZW0h,,W+S8mOWPuF0K5ZOH77yB6LCi6LCi5L2g44CC5Lik5Lu96Ze76LW35p2l6YO95b6I6aaZ5ZGifu+8geaIkeW8gOWKqOS6hu+8gQ==,,W1l1dWppXQrguKfguYnguLLguKchIOC4guC4reC4muC5g+C4iOC4meC4sCDguKvguK3guKHguJfguLHguYnguIfguKrguK3guIfguK3guKLguYjguLLguIfguYDguKXguKJ+ISDguILguYnguLLguIjguLDguIHguLTguJnguYPguKvguYnguK3guKPguYjguK3guKLguYDguKXguKIh,,,W1l1dUppXQrCoUd1YXUhIEdyYWNpYXMuIMKhQW1ib3MgaHVlbGVuIGRlIG1hcmF2aWxsYSEgwqFNZSBsb3MgY29tZXLDqSBjb24gZ3VzdG8h,W1l1dWppXQpXb3csIGRhbmtlISBCZWlkZSByaWVjaGVuIHJpY2h0aWcgZ3V0fiEgTGFzcyBpY2ggbWlyIHNjaG1lY2tlbiE=,W1l1dWppXQpXYW91aCAhIE1lcmNpLiDDh2Egc2VudCBib24sIGxlcyBkZXV4fiAhIEplIHZhaXMgbWUgcsOpZ2FsZXIgIQ==,W1l1dWppXQpXYWghIFRlcmltYSBrYXNpaC4gS2VkdWFueWEgaGFydW0gc2VrYWxpfiEgQWthbiBrdW5pa21hdGkh,W1l1dWppXQpWYXkhIFRlxZ9la2vDvHIgZWRlcmltLiDEsGtpc2luaW4gZGUga29rdXN1IMOnb2sgZ8O8emVsfiEgQWZpeWV0bGUgeWl5ZWNlxJ9pbSE=
8LGe,7J207KCcIOyLrOyCrOulvCDsi5zsnpHtlZzrjIDsmpQhIOuqqO2XmOqwgOuLmCwg7L2U66qo67mE64uY6ruYIOqwgCDrs7TshLjsmpQu,VGhlIGp1ZGdpbmcgaXMgYWJvdXQgdG8gc3RhcnQhIEFkdmVudHVyZXIsIHBsZWFzZSBoZWFkIG92ZXIgdG8gTXIuIEtvbW9iaS4=,,546w5Zyo6KaB5byA5aeL6K+E5a6h5LqG77yB5YaS6Zmp5a6277yM5Y675om+56eR6I6r5q+U5ZCn44CC,,4LiB4Liy4Lij4LiV4Lix4LiU4Liq4Li04LiZ4LiB4Liz4Lil4Lix4LiH4LiI4Liw4LmA4Lij4Li04LmI4Lih4LmB4Lil4LmJ4LinISDguJfguYjguLLguJnguJnguLHguIHguJzguIjguI3guKDguLHguKIg4Lij4Li14Lia4LmE4Lib4Lir4Liy4LiX4LmI4Liy4LiZIEtvbW9iaSDguYDguJbguK3guLA=,,,wqFEaWNlbiBxdWUgdmFuIGEgZW1wZXphciBsYSBldmFsdWFjacOzbiEgQXZlbnR1cmVybywgdmF5YSBhIHZlciBhbCBzZcOxb3IgS29tb2JpLg==,SmV0enQgZ2VodCdzIG1pdCBkZXIgQmV3ZXJ0dW5nIGxvcyEgQWJlbnRldXJlciwgZ2VodCB6dSBLb21vYmku,T24gZGlyYWl0IHF1ZSBs4oCZw6l2YWx1YXRpb24gY29tbWVuY2UgISBBdmVudHVyaWVyLCBhbGxleiB2b2lyIEtvbW9iaS4=,UGVuaWxhaWFuIGFrYW4gZGltdWxhaSEgQWR2ZW50dXJlciwgcGVyZ2lsYWggdGVtdWkgS29tb2JpLg==,xZ5pbWRpIGRlxJ9lcmxlbmRpcm1leWUgYmHFn2xheWFjYWtsYXJtxLHFnyEgTWFjZXJhY8SxLCBLb21vYmkneWUgYmlyIGdpdC4=
8bGe,W+ycoOyasOyngF0K66qo7ZeY6rCA64uY7J20IOyngeygkSDqsIDsoLjri6Qg7KO87IWU7IScIOyWtOypkOyngCDrjZQg66eb7J6I64qUIOqxsCDqsJnslYR+CuuLpOuluCDsgqzrnozrk6Tsl5Dqsozrj4Qg7ISc67mZ7ZWY65+sIOqwgOyLnOuKlCDqsbDso6A/,W1l1dWppXQpJdCBzb21laG93IHRhc3RlcyBldmVuIGJldHRlciBiZWNhdXNlIHlvdeKAmXJlIGRlbGl2ZXJpbmcgaXQgeW91cnNlbGZ+IFlvdeKAmWxsIGdvIHNlcnZlIHRoZSBvdGhlcnMgdG9vLCByaWdodD8=,,W+S8mOWPuF0K5YaS6Zmp5a625Lqy6Ieq6YCB5p2l77yM5LiN55+l5oCO5LmI5oSf6KeJ5pu05aW95ZCD5LqGfgrkvaDov5jopoHljrvnu5nlhbbku5bkurrkuIroj5zlkKfvvJ8=,,W1l1dWppXQrguJ7guK3guYDguIjguYnguLLguYDguK3guLLguKHguLLguYPguKvguYnguYDguK3guIcg4Lij4Li54LmJ4Liq4Li24LiB4Lin4LmI4Liy4Lit4Lij4LmI4Lit4Lii4LiC4Li24LmJ4LiZ4Lii4Lix4LiH4LmE4LiH4LmE4Lih4LmI4Lij4Li54LmJfgrguYDguIjguYnguLLguIjguLDguYTguJvguYDguKrguLTguKPguYzguJ/guYPguKvguYnguITguJnguK3guLfguYjguJnguJXguYjguK3guYPguIrguYjguYTguKvguKE/,,,W1l1dUppXQpDb21vIG1lIGxvIGhhIHRyYcOtZG8gdXN0ZWQgZW4gcGVyc29uYSwgZGUgYWxnw7puIG1vZG8gY3JlbyBxdWUgc2FiZSBhw7puIG1lam9yfgrCv1RhbWJpw6luIHZhIGEgc2VydmlyIGEgbG9zIGRlbcOhcz8=,W1l1dWppXQpXZWlsIElociBlcyBtaXIgcGVyc8O2bmxpY2ggZ2VicmFjaHQgaGFidCwgc2NobWVja3QgZXMgaXJnZW5kd2llIG5vY2ggYmVzc2VyfgpJaHIgZ2VodCBqZXR6dCBkb2NoIGF1Y2ggZGVuIGFuZGVyZW4gZXR3YXMgc2VydmllcmVuLCBvZGVyPw==,W1l1dWppXQpDb21tZSB2b3VzIG1lIGzigJlhcHBvcnRleiBlbiBwZXJzb25uZSwgY+KAmWVzdCBlbmNvcmUgbWVpbGxldXJ+ClZvdXMgYWxsZXogYXVzc2kgc2VydmlyIGxlcyBhdXRyZXMsIG5vbiA/,W1l1dWppXQpLYXJlbmEgQWR2ZW50dXJlciB5YW5nIG1lbmdhbnRhcmthbm55YSBsYW5nc3VuZywgZW50YWgga2VuYXBhIHJhc2FueWEgamFkaSBsZWJpaCBlbmFrfgpLYW11IGp1Z2EgYWthbiBwZXJnaSBtZW55YWppa2FubnlhIGtlcGFkYSB5YW5nIGxhaW4sICdrYW4/,W1l1dWppXQpNYWNlcmFjxLEgYml6emF0IGdldGlyaW5jZSBuZWRlbnNlIGRhaGEgbGV6emV0bGkgZ2liaX4KRGnEn2VyIGluc2FubGFyYSBkYSBzZXJ2aXMgZXRtZXllIGdpZGVjZWtzaW5peiwgZGXEn2lsIG1pPw==
8rGe,W+ycoOyasOyngF0K7J207KCcIOyLrOyCrOulvCDsi5zsnpHtlZzrjIDsmpQhIOuqqO2XmOqwgOuLmCwg7L2U66qo67mE64uY6ruYIOqwgCDrs7TshLjsmpQu,W1l1dWppXQpUaGUganVkZ2luZyBpcyBhYm91dCB0byBzdGFydCEgQWR2ZW50dXJlciwgcGxlYXNlIGhlYWQgb3ZlciB0byBNci4gS29tb2JpLg==,,W+S8mOWPuF0K546w5Zyo6KaB5byA5aeL6K+E5a6h5LqG77yB5YaS6Zmp5a6277yM5Y675om+56eR6I6r5q+U5ZCn44CC,,W1l1dWppXQrguIHguLLguKPguJXguLHguJTguKrguLTguJnguIHguLPguKXguLHguIfguIjguLDguYDguKPguLTguYjguKHguYHguKXguYnguKchIOC4l+C5iOC4suC4meC4meC4seC4geC4nOC4iOC4jeC4oOC4seC4oiDguYTguJvguKvguLLguJfguYjguLLguJkgS29tb2JpIOC5gOC4luC4reC4sA==,,,W1l1dUppXQrCoURpY2VuIHF1ZSB2YW4gYSBlbXBlemFyIGxhIGV2YWx1YWNpw7NuISBBdmVudHVyZXJvLCB2YXlhIGEgdmVyIGFsIHNlw7FvciBLb21vYmku,W1l1dWppXQpKZXR6dCBnZWh0J3MgbWl0IGRlciBCZXdlcnR1bmcgbG9zISBBYmVudGV1cmVyLCBnZWh0IHp1IEtvbW9iaS4=,W1l1dWppXQpPbiBkaXQgcXXigJlpbHMgdm9udCBjb21tZW5jZXIgbOKAmcOpdmFsdWF0aW9uICEgQXZlbnR1cmllciwgYWxsZXogdm9pciBLb21vYmku,W1l1dWppXQpLYXRhbnlhIHBlbmlsYWlhbiBha2FuIGRpbXVsYWkgc2VrYXJhbmchIEFkdmVudHVyZXIsIHBlcmdpbGFoIG1lbmVtdWkgS29tb2JpLg==,W1l1dWppXQrFnmltZGkgZGXEn2VybGVuZGlybWV5ZSBiYcWfbGF5YWNha2xhcm3EscWfISBNYWNlcmFjxLEsIEtvbW9iaSd5ZSBiaXIgZ2l0Lg==
87Ge,W+ycoOyasOyngF0K7Jqw66y87Jqw66y8LCDrg6Drg6AuLi4g7JWELCDrp4jsi6Qg6rKD64+EIOyigCDrtoDtg4HtlaDqsbgu,W1l1dWppXQpNdW5jaCBtdW5jaC4uLiBvaCwgSSBzaG91bGTigJl2ZSBhc2tlZCBmb3Igc29tZXRoaW5nIHRvIGRyaW5rIHRvby4=,,W+S8mOWPuF0K5Zq85Zq877yM5ZWK5ZGc5ZWK5ZGcLi4u5ZWK77yM5pep55+l6YGT5Lmf5ouc5omY5L2g5bim54K55Zad55qE5LqG44CC,,W1l1dWppXQrguIfguLHguYjguKHguIfguLHguYjguKEg4LiH4LmI4Liz4LiH4LmI4LizLi4uIOC4reC4siDguJnguYjguLLguIjguLDguILguK3guYDguITguKPguLfguYjguK3guIfguJTguLfguYjguKHguKHguLLguJTguYnguKfguKLguJnguLA=,,,W1l1dUppXQpNbW0sIMOxYW0gw7FhbS4uLiBBaCwgZGViZXLDrWEgaGFiZXIgcGVkaWRvIGFsZ28gZGUgYmViZXIgdGFtYmnDqW4u,W1l1dWppXQpNYW1wZiwgbWFtcGYuLi4gQWgsIGljaCBow6R0dGUgYXVjaCB1bSBldHdhcyB6dSB0cmlua2VuIGJpdHRlbiBzb2xsZW4u,W1l1dWppXQpNaWFtIG1pYW0sIG5vbSBub23igKYgQWgsIGrigJlhdXJhaXMgZMO7IGRlbWFuZGVyIHVuZSBib2lzc29uIGF1c3NpLg==,W1l1dWppXQpLdW55YWgga3VueWFoLCBueWFtIG55YW0uLi4gQWgsIHNlaGFydXNueWEgYWt1IG1pbnRhIG1pbnVtYW4ganVnYS4=,W1l1dWppXQrDh2nEn25lIMOnacSfbmUsIMWfYXDEsXIgxZ9hcMSxci4uLiBBaCwgacOnZWNlayBkZSBpc3Rlc2V5ZGltLg==
9LGe,W+ycoOyasOyngF0K7J2MLi4uLi4uCuycvOydjC4uLi4uLgrsnbTsg4HtlZjrhKTsmpQu,W1l1dWppXQpIbW0uLi4KSG1tLi4uClRoYXTigJlzIG9kZC4=,,W+S8mOWPuF0K5ZevLi4uLi4uCuWUlOWXry4uLi4uLgrnnJ/lpYfmgKrjgII=,,W1l1dWppXQrguK3guLfguKEuLi4uLi4K4Lit4Li34Lih4LihLi4uLi4uCuC5geC4m+C4peC4geC4iOC4seC4h+C4meC4sA==,,,W1l1dUppXQpNbW0uLi4KTW1tLi4uClF1w6kgZXh0cmHDsW8u,W1l1dWppXQpIbS4uLi4uLgpIbW1tLi4uLi4uCkRhcyBpc3Qgc2VsdHNhbS4=,W1l1dWppXQpIbW0uLi4uLi4KSG1tbS4uLi4uLgpD4oCZZXN0IMOpdHJhbmdlLg==,W1l1dWppXQpIbW0uLi4uLi4KSG1tbS4uLi4uLgpBbmVoIHlhLg==,W1l1dWppXQpIbW0uLi4uLi4KSMSxbW0uLi4uLi4KR2FyaXAu
9bGe,W+ycoOyasOyngF0K67CU64u36rCA7JeQ7IScIOyLpOy7tyDrrLzsnqXqtazsuZjrqbTshJwg64aA64ukIOyZgOyEnCDrqLnsl4jsnYQg65WM64qUIOuRmOuLpCDrhIjrrLQg66eb7J6I7JeI64qU642wLiDsnbTroIfqsowg66mN7ISd7J2EIOq5lOyVhOuGk+qzoCDrqLnsnLzri4gg67OE66GcIO2KueuzhO2VoCDqsoMg7JeG64qUIOunm+ycvOuhnCDripDqu7TsoLjsmpQuLi4=,W1l1dWppXQpXaGVuIEkgcGxheWVkIGluIHRoZSB3YXRlciBhdCB0aGUgYmVhY2ggYW5kIGF0ZSwgYm90aCBkaXNoZXMgd2VyZSBhbWF6aW5nLiBCdXQgZWF0aW5nIGhlcmUgb24gdGhpcyBzZXR1cCwgaXQganVzdCBkb2VzbuKAmXQgZmVlbCBhbGwgdGhhdCBzcGVjaWFsLi4u,,W+S8mOWPuF0K5Zyo5rW36L655bC95oOF546p5rC05Zue5p2l5YaN5ZCD55qE5pe25YCZ77yM5Lik5Lu96YO954m55Yir5aW95ZCD44CC5Y+v5YOP6L+Z5qC35pGG5byA5p625Yq/5p2l5ZCD77yM5oSf6KeJ5bCx5piv5rKh5LuA5LmI54m55Yir55qE5ZGz6YGTLi4u,,W1l1dWppXQrguJXguK3guJnguIHguLTguJnguKvguKXguLHguIfguIjguLLguIHguYDguKXguYjguJnguJnguYnguLPguJfguLDguYDguKXguKHguLLguKXguYnguLIg4LmGIOC4reC4o+C5iOC4reC4ouC4l+C4seC5ieC4h+C4hOC4ueC5iOC5gOC4peC4ouC5geC4l+C5iSDguYYgCuC5geC4leC5iOC4nuC4reC4oeC4suC4meC4seC5iOC4h+C4geC4tOC4meC4iOC4o+C4tOC4h+C4iOC4seC4h+C5geC4muC4muC4meC4teC5iSDguIHguKXguLHguJrguKPguLnguYnguKrguLbguIHguKfguYjguLLguKPguKrguIrguLLguJXguLTguJjguKPguKPguKHguJTguLLguYTguKHguYjguYTguJTguYnguJ7guLTguYDguKjguKnguK3guLDguYTguKPguYDguKXguKIuLi4=,,,W1l1dUppXQpDdWFuZG8gbG9zIGNvbcOtIGRlc3B1w6lzIGRlIGp1Z2FyIGNoYXBvdGVhbmRvIHRvZG8gbG8gcXVlIHF1aXNlIGVuIGxhIHBsYXlhLCBhbWJvcyBlc3RhYmFuIHJpcXXDrXNpbW9zLiBQZXJvIGFsIGNvbWVybG9zIGFzw60sIGNvbiB0b2RvIHByZXBhcmFkbywgbWUgcGFyZWNlbiBzYWJvcmVzIHNpbiBuYWRhIGVzcGVjaWFsLi4u,W1l1dWppXQpBbHMgaWNoIHNpZSBuYWNoIGVpbmVyIGF1c2dpZWJpZ2VuIFJ1bmRlIFBsYW5zY2hlbiBhbSBTdHJhbmQgZ2VnZXNzZW4gaGFiZSwgd2FyZW4gYmVpZGUgcmljaHRpZyBsZWNrZXIuIEFiZXIgc28sIHdlbm4gYWxsZXMgZXh0cmEgZsO8ciBlaW5lbiBhdWZnZXRpc2NodCB3aXJkLCBzY2htZWNrdCBlcyBpcmdlbmR3aWUgZ2FyIG5pY2h0IG1laHIgc28gYmVzb25kZXJzIC4uLg==,W1l1dWppXQpRdWFuZCBqZSBsZXMgbWFuZ2VhaXMgYXByw6hzIG3igJnDqnRyZSDDqWJyb3XDqSBkYW5zIGxhIG1lciwgY+KAmcOpdGFpdCB0cm9wIGJvbi4gTWFpcyBsw6AsIGF2ZWMgdG91dCBjZSBjw6lyw6ltb25pYWzigKYgw6dhIGEganVzdGUgdW4gZ2/Du3QgYmFuYWzigKYu,W1l1dWppXQpXYWt0dSBtZW1ha2FubnlhIHNldGVsYWggcHVhcyBiZXJtYWluIGNpcHJhdC1jaXByYXRhbiBhaXIgZGkgcGFudGFpLCBrZWR1YW55YSBzYW5nYXQgZW5hay4gVGFwaSBrYWxhdSBkaW1ha2FuIGJlZ2luaSBzZXRlbGFoIGRpZ2VsYXIgdGlrYXIsIHJhc2FueWEgamFkaSBzZXBlcnRpIHRpZGFrIGFkYSB5YW5nIGlzdGltZXdhLi4u,W1l1dWppXQpTYWhpbGRlIGRveWFzxLF5YSBzdXlsYSBveW5hecSxcCBnZWxkaWt0ZW4gc29ucmEgeWVkacSfaW1kZSBpa2lzaSBkZSDDp29rIGxlenpldGxpeWRpLiBCw7Z5bGUgaGVya2VzaW4gw7Zuw7xuZGUgeWl5aW5jZSwgcGVrIGRlIMO2emVsIG9sbWF5YW4gYmlyIHRhdCBnaWJpIGdlbGl5b3IuLi4=
9rGe,7JWE66y07Yq8IOydtOygnCDsi6zsgqzqsIAg64Gd64KcIOqygyDqsJnsnLzri4gg7KCA6riwIOy9lOuqqOu5hCDslrTrpbTsi6Dqu5gg64+M7JWE6rCAIOuztOyEuOyalC4=,QW55d2F5LCBpdCBzZWVtcyB0aGUganVkZ2luZyBpcyBkb25lLCBzbyBwbGVhc2UgcmV0dXJuIHRvIE1yLiBLb21vYmku,,5oC75LmL6K+E5a6h5aW95YOP57uT5p2f5LqG77yM5L2g5Zue6YKj6L655Y675om+56eR6I6r5q+U6ICB5Lq65a625ZCn44CC,,4Lii4Lix4LiH4LmE4LiH4LiB4LmH4LmA4Lir4Lih4Li34Lit4LiZ4LiB4Liy4Lij4LiV4Lix4LiU4Liq4Li04LiZ4LiI4Liw4LiI4Lia4Lil4LiH4LmB4Lil4LmJ4LinIOC4geC4peC4seC4muC5hOC4m+C4q+C4suC4l+C5iOC4suC4mSBLb21vYmkg4LiX4Liy4LiH4LmC4LiZ4LmJ4LiZ4LmA4LiW4Lit4Liw,,,RW4gZmluLCBwYXJlY2UgcXVlIGxhIGV2YWx1YWNpw7NuIGhhIHRlcm1pbmFkbywgYXPDrSBxdWUgdnVlbHZhIGNvbiBlbCBhbmNpYW5vIEtvbW9iaS4=,SmVkZW5mYWxscyBzY2hlaW50IGRpZSBCZXdlcnR1bmcgamV0enQgdm9yYmVpIHp1IHNlaW4sIGFsc28gZ2VodCBkb3J0IGRyw7xiZW4genVyw7xjayB6dSBLb21vYmku,QnJlZiwgbOKAmcOpdmFsdWF0aW9uIHNlbWJsZSB0ZXJtaW7DqWUuIFJldG91cm5leiB2b2lyIE0uIEtvbW9iaSwgbMOgLWJhcy4=,QmFnYWltYW5hcHVuLCBzZXBlcnRpbnlhIHBlbmlsYWlhbm55YSBzdWRhaCBzZWxlc2FpLCBqYWRpIGtlbWJhbGlsYWgga2UgS29tb2JpIHlhbmcgdHVhIGRpIHNhbmEu,SGVyIG5leXNlLCBhcnTEsWsgZGXEn2VybGVuZGlybWUgYml0bWnFnyBnaWJpIGfDtnLDvG7DvHlvciwgbyB5w7x6ZGVuIMWfdXJhZGFraSBLb21vYmkgYsO8ecO8xJ/DvG4geWFuxLFuYSBnZXJpIGTDtm7DvG4u
97Ge,W+ycoOyasOyngF0K7KCEIOyXrOq4sCDrp4zrkZDrnpEg6rWt7IiYIOuRmCDri6Qg7KKL7JWE7ZW07JqULiDrsJTri6Tsl5DshJwg7Iuk7Lu3IOusvOyepeq1rOy5mOuLpCDrqLnsnLzrqbQg65Sw64GI7ZWY6rOgIOunm+yeiOqxsOuToOyalCE=,W1l1dWppXQpJIGxpa2UgYm90aCB0aGUgZHVtcGxpbmdzIGFuZCB0aGUgbm9vZGxlcyBoZXJlLiBBZnRlciBzcGxhc2hpbmcgaW4gdGhlIHNlYSwgdGhleeKAmXJlIHdhcm0gYW5kIHRhc3R5IQ==,,W+S8mOWPuF0K5oiR5b6I5Zac5qyi6L+Z6YeM55qE5YyF5a2Q5ZKM6Z2i5p2h44CC5Zyo5rW36YeM5bC95oOF546p5rC05ZCO5YaN5ZCD77yM5Y+I54Ot5LmO5Y+I5aW95ZCD77yB,,W1l1dWppXQrguILguYnguLLguIrguK3guJrguJfguLHguYnguIfguYDguIHguLXguYrguKLguKfguYHguKXguLDguJrguLDguKvguKHguLXguYjguJnguLAg4Lie4Lit4LmE4LiU4LmJ4LiB4Li04LiZ4Lir4Lil4Lix4LiH4LiI4Liy4LiB4LmE4Lib4LmA4Lil4LmI4LiZ4LiZ4LmJ4Liz4LiX4Liw4LmA4Lil4Lih4LiyIOC4oeC4seC4meC4l+C4seC5ieC4h+C4reC4uOC5iOC4meC5geC4peC4sOC4reC4o+C5iOC4reC4ouC4oeC4suC4geC5gOC4peC4oiEg,,,W1l1dUppXQpNZSBndXN0YW4gdGFudG8gbG9zIE1hbmR1IGNvbW8gbG9zIGZpZGVvcyBkZSBhcXXDrS4gwqFEZXNwdcOpcyBkZSBjaGFwb3RlYXIgYSBndXN0byBlbiBlbCBtYXIsIGVzdMOhbiBjYWxpZW50ZXMgeSBkZWxpY2lvc29zIQ==,W1l1dWppXQpJY2ggbWFnIGhpZXIgc293b2hsIGRpZSBUZWlndGFzY2hlbiBhbHMgYXVjaCBkaWUgTnVkZWxuLiBXZW5uIG1hbiBzaWUgbmFjaCBhdXNnZWxhc3NlbmVtIFBsYW5zY2hlbiBpbSBNZWVyIGlzc3QsIHNpbmQgc2llIHdhcm0gdW5kIGxlY2tlciE=,W1l1dWppXQpK4oCZYWltZSBhdXRhbnQgbGVzIHJhdmlvbGlzIHF1ZSBsZXMgbm91aWxsZXMuIEFwcsOocyBhdm9pciBqb3XDqSBkYW5zIGxhIG1lciwgY+KAmWVzdCBiaWVuIGNoYXVkIGV0IGTDqWxpY2lldXggIQ==,W1l1dWppXQpBa3Ugc3VrYSBkdWEtZHVhbnlhLCBwYW5nc2l0IGRhbiBtaSBkaSBzaW5pLiBLYWxhdSBkaW1ha2FuIHNldGVsYWggcHVhcyBiZXJtYWluIGNpcHJhdC1jaXByYXRhbiBhaXIgZGkgbGF1dCwgaGFuZ2F0IGRhbiBlbmFrIQ==,W1l1dWppXQpCZW4gYnVyYWRhIGhlbSBtYW50xLF5xLEgaGVtIGRlIGVyacWfdGV5aSBzZXZpeW9ydW0uIERlbml6ZGUgZG95YXPEsXlhIHN1IHPEscOncmF0dMSxa3RhbiBzb25yYSB5aXlpbmNlIHPEsWNhY8SxayB2ZSBsZXp6ZXRsaSBvbHV5b3Ih
+LGe,W+ycoOyasOyngF0K67CU64uk7JeQ7IScIOywqOqwgOybjOynhCDrqrjsnYQg65Sw64GI7ZWY6rKMIO2VtCDspJjshJwsIOuYkCDrrLzsnqXqtazsuZjrn6wg65uw7Ja065OkIOyImCDsnojslrTsmpQh,W1l1dWppXQpUaGV5IHdhcm0gdXAgeW91ciBib2R5IGFmdGVyIGJlaW5nIGNoaWxsZWQgYnkgdGhlIHNlYSwgc28geW91IGNhbiBqdW1wIGJhY2sgaW4gZm9yIG1vcmUgc3BsYXNoaW5nIQ==,,W+S8mOWPuF0K6IO95oqK5Zyo5rW36YeM5Y+Y5Ya355qE6Lqr5L2T5pqW5ZKM6LW35p2l77yM54S25ZCO5Y+I6IO96Lez5LiL5Y6757un57ut546p5rC077yB,,W1l1dWppXQrguIrguYjguKfguKLguJfguLPguYPguKvguYnguKPguYjguLLguIfguIHguLLguKLguJfguLXguYjguYDguKLguYfguJnguIjguLLguIHguJnguYnguLPguJfguLDguYDguKXguK3guLjguYjguJnguILguLbguYnguJkg4LmB4Lil4LmJ4Lin4LiB4LmH4LiI4Liw4LmE4LiU4LmJ4LiB4Lij4Liw4LmC4LiU4LiU4Lil4LiH4LmE4Lib4LmA4Lil4LmI4LiZ4Liq4Liy4LiU4LiZ4LmJ4Liz4LiV4LmI4Lit4Lii4Lix4LiH4LmE4LiH4Lil4LmI4LiwIQ==,,,W1l1dUppXQpMZSBjYWxpZW50YW4gZWwgY3VlcnBvIHRyYXMgZW5mcmlhcnNlIGVuIGVsIG1hciwgwqFhc8OtIHB1ZWRlIHZvbHZlciBhIGxhbnphcnNlIGEgY2hhcG90ZWFyIQ==,W1l1dWppXQpTaWUgd8Okcm1lbiBkZW4gdm9tIE1lZXIgYXVzZ2Vrw7xobHRlbiBLw7ZycGVyIHdpZWRlciBhdWYsIGRhbWl0IG1hbiBnbGVpY2ggd2llZGVyIHJlaW5zcHJpbmdlbiB1bmQgd2VpdGVycGxhbnNjaGVuIGthbm4h,W1l1dWppXQrDh2EgcsOpY2hhdWZmZSBsZSBjb3JwcyByZWZyb2lkaSBwYXIgbGEgbWVyLCBldCBvbiBwZXV0IHkgcmV0b3VybmVyIHBvdXIgcmVqb3VlciAh,W1l1dWppXQpLYXJlbmEgbWVuZ2hhbmdhdGthbiB0dWJ1aCB5YW5nIGtlZGluZ2luYW4gZGkgbGF1dCwgYWt1IGJpc2EgbWVsb21wYXQgbWFzdWsgbGFnaSB1bnR1ayBiZXJtYWluIGNpcHJhdC1jaXByYXRhbiBhaXIh,W1l1dWppXQpEZW5pemRlIMO8xZ/DvHllbiBiZWRlbmltaSDEsXPEsXTEsXlvciwgc29ucmEgeWluZSBzdSBzxLHDp3JhdG1heWEga2/Fn3VwIGF0bGF5YWJpbGl5b3J1bSE=
+bGe,6rO17IaQ7ZWY,R29uZ3N1bmhh,,5YWs5a2Z5aSP,,R29uZ3N1bmhh,,,R29uZ3N1bmhh,R29uZ3N1bmhh,R29uZ3N1bmhh,R29uZ3N1bmhh,R29uZ3N1bmhh
+rGe,W+qzteyGkO2VmF0K7Iuc64GE65+s7Jq0IOyekOuTpOydtOuhnOuLpC4uLiDsiJjroKjsnbQg67aA7KGx7ZWY6rWw7JqULg==,W0dvbmdzdW5oYV0KU3VjaCBub2lzZeKApiB5b3VyIHRyYWluaW5nIGlzIGxhY2tpbmcu,,W+WFrOWtmeWkj10K5ZC16Ze555qE5a625LyZ5LusLi4u5L+u6KGM6L+Y5LiN5aSf5ZWK44CC,,W0dvbmdzdW5oYV0K4Lie4Lin4LiB4LiX4Li14LmI4LmA4Lit4Liw4Lit4Liw4LmC4Lin4Lii4Lin4Liy4LiiLi4uIOC4ouC4seC4h+C4neC4tuC4geC4neC4meC5hOC4oeC5iOC4nuC4reC4quC4tOC4meC4sA==,,,W0dvbmdzdW5oYV0KUXXDqSBnZW50ZSB0YW4gcnVpZG9zYS4uLiBMZXMgZmFsdGEgZGlzY2lwbGluYS4=,W0dvbmdzdW5oYV0KV2FzIGbDvHIgZWluIGzDpHJtZW5kZXMgUGFjayAuLi4gZXVjaCBmZWhsdCBlcyBhbiBEaXN6aXBsaW4u,W0dvbmdzdW5oYV0KUXVlbCB2YWNhcm1l4oCmIFZvdXMgbWFucXVleiBk4oCZZW50cmHDrm5lbWVudC4=,W0dvbmdzdW5oYV0KT3Jhbmctb3JhbmcgeWFuZyBiZXJpc2lrLi4uIExhdGloYW5ueWEga3VyYW5nLg==,W0dvbmdzdW5oYV0KTmUgZ8O8csO8bHTDvGPDvCBraW1zZWxlci4uLiBFxJ9pdGltaW5peiB5ZXRlcnNpei4=
+7Ge,W+qzteyGkO2VmF0K7Iud7IKs66W8IOykgOu5hO2VtOyjvOyLnOuKlCDqsoMg7JWE64uI7JeI7IaMPyDtmLnsi5wg67m864aT6rOgIOyYpOyFqOycvOuptCwg7KCAIOyqveydmCDsvZTrqqjruYQg6rO16ruYIOuLpOyLnCDqsIDrs7Tsi63si5zsmKQu,W0dvbmdzdW5oYV0KV2VyZW7igJl0IHlvdSBzdXBwb3NlZCB0byBiZSBicmluZ2luZyB0aGUgbWVhbD8KSWYgeW91IGZvcmdvdCBpdCwgcmV0dXJuIHRvIEtvbW9iaSBvdmVyIHRoZXJlLg==,,W+WFrOWtmeWkj10K5LiN5piv6K+06KaB5YeG5aSH6aSQ6aOf5ZCX77yf6KaB5piv5L2g5b+Y5LqG5bim5p2l77yM5bCx5YaN5Y676YKj6L655om+56eR6I6r5q+U5YWs5ZCn44CC,,W0dvbmdzdW5oYV0K4LmE4Lih4LmI4LmE4LiU4LmJ4Lih4Liy4LiI4Lix4LiU4LmA4LiV4Lij4Li14Lii4Lih4Lit4Liy4Lir4Liy4Lij4LmD4Lir4LmJ4Lir4Lij4Li34LitPyDguKvguLLguIHguKXguLfguKHguYDguK3guLLguKHguLIg4LiB4LmH4LiB4Lil4Lix4Lia4LmE4Lib4Lir4LiyIEtvbW9iaSDguJfguYjguLLguJnguJXguKPguIfguJnguLHguYnguJnguK3guLXguIHguITguKPguLHguYnguIfguYDguJbguLTguJQ=,,,W0dvbmdzdW5oYV0Kwr9ObyBpYmEgdXN0ZWQgYSBwcmVwYXJhciBsYSBjb21pZGE/IFNpIHNlIGxhIGhhIGRlamFkbywgdnVlbHZhIGEgdmVyIGFsIHNlw7FvciBLb21vYmkgZGUgYWxsw60u,W0dvbmdzdW5oYV0KV2FydCBJaHIgbmljaHQgaGllciwgdW0gZGFzIEVzc2VuIHp1IGJyaW5nZW4/IEZhbGxzIElociBqZW1hbmRlbiBhdXNnZWxhc3NlbiBoYWJ0LCBnZWh0IGRvcnQgZHLDvGJlbiBub2NoIGVpbm1hbCB6dSBLb21vYmku,W0dvbmdzdW5oYV0KVm91cyBu4oCZw6l0aWV6IHBhcyBjZW5zw6kgcHLDqXBhcmVyIGxlIHJlcGFzID8gU2kgdm91cyBs4oCZYXZleiBvdWJsacOpLCByZXRvdXJuZXogdm9pciBzaXJlIEtvbW9iaSwgbMOgLWJhcy4=,W0dvbmdzdW5oYV0KQnVrYW5rYWgga2FtdSB5YW5nIG1lbnlpYXBrYW4gaGlkYW5nYW5ueWE/IEppa2Ega2FtdSBsdXBhIG1lbWJhd2FueWEsIHBlcmdpbGFoIGxhZ2kgbWVuZW11aSBLb21vYmkgZGkgc2FuYS4=,W0dvbmdzdW5oYV0KWWVtZcSfaSBoYXrEsXJsYXlhY2FrdMSxbsSxeiwgZGXEn2lsIG1pPyBFxJ9lciB1bnV0dXAgZ2VsZGl5c2VuaXosIMWfdSB0YXJhZnRha2kgS29tb2JpIGJleWluIHlhbsSxbmEgdGVrcmFyIGdpZGluLg==
/LGe,W+qzteyGkO2VmF0K7KCA64qUIOunm+ydmCDqs6DsnqXsl5DshJwg7JioIOyCrOuejOyeheuLiOuLpC4g6re4IOyWtOuWpCDsnYzsi53snbTrnbzrj4Qg7KCcIO2YgOulvCDsho3snbwg7IiY64qUIOyXhuyjoC4=,W0dvbmdzdW5oYV0KSSBjb21lIGZyb20gYSBsYW5kIG9mIGZpbmUgY3Vpc2luZS4gTm8gZGlzaCBjYW4gZGVjZWl2ZSBteSB0b25ndWUu,,W+WFrOWtmeWkj10K5oiR5piv5LuO576O5ZGz5LmL5Lmh5p2l55qE5Lq644CC5peg6K665LuA5LmI6aOf54mp77yM6YO96aqX5LiN6L+H5oiR55qE6IiM5aS044CC,,W0dvbmdzdW5oYV0K4LiC4LmJ4Liy4Lih4Liy4LiI4Liy4LiB4LiU4Li04LiZ4LmB4LiU4LiZ4LmB4Lir4LmI4LiH4Lij4Liq4LiK4Liy4LiV4Li0IOC4reC4suC4q+C4suC4o+C5g+C4lOC4geC5h+C4q+C4peC4reC4geC4peC4tOC5ieC4meC4guC4reC4h+C4guC5ieC4suC5hOC4oeC5iOC5hOC4lOC5iQ==,,,W0dvbmdzdW5oYV0KVmVuZ28gZGUgdW5hIHRpZXJyYSBmYW1vc2EgcG9yIHN1cyBzYWJvcmVzLiBOaW5nw7puIHBsYXRvIHB1ZWRlIGVuZ2HDsWFyIGEgbWkgcGFsYWRhci4=,W0dvbmdzdW5oYV0KSWNoIHN0YW1tZSBhdXMgZWluZXIgSGVpbWF0IGRlcyBndXRlbiBHZXNjaG1hY2tzLiBLZWluIEdlcmljaHQga2FubiBtZWluZSBadW5nZSB0w6R1c2NoZW4u,W0dvbmdzdW5oYV0KSmUgdmllbnMgZHUgcGF5cyBkZXMgc2F2ZXVycy4gQXVjdW4gcGxhdCBuZSBwZXV0IHRyb21wZXIgbWEgbGFuZ3VlLg==,W0dvbmdzdW5oYV0KQWt1IGJlcmFzYWwgZGFyaSBuZWdlcmkgY2l0YSByYXNhLiBNYWthbmFuIGFwYSBwdW4gdGFrIGFrYW4gYmlzYSBtZW5pcHUgbGlkYWhrdS4=,W0dvbmdzdW5oYV0KQmVuIGxlenpldGluIGRpeWFyxLFuZGFuIGdlbGVuIGJpcml5aW0uIEhpw6diaXIgeWVtZWsgZGlsaW1pIGthbmTEsXJhbWF6Lg==
/bGe,6rOnIOyLrOyCrOulvCDsi5zsnpHtlaAg6rKDIOqwmeq1sC4g64u57Iug64+EIOuPjOyVhOqwgCDrs7Tsi63si5zsmKQu,VGhlIGp1ZGdpbmcgd2lsbCBiZWdpbiBzaG9ydGx5LiBZb3Ugc2hvdWxkIGhlYWQgYmFjayBhcyB3ZWxsLg==,,55yL5p2l6ams5LiK5bCx6KaB5byA5aeL6K+E5a6h5LqG44CC5L2g5Lmf5Zue5Y6755yL55yL5ZCn44CC,,4LmD4LiB4Lil4LmJ4LiI4Liw4LmA4Lij4Li04LmI4Lih4LiB4Liy4Lij4LiV4Lix4LiU4Liq4Li04LiZ4LmB4Lil4LmJ4LinIOC5gOC4iOC5ieC4suC4geC5h+C4geC4peC4seC4muC5hOC4m+C5gOC4luC4reC4sA==,,,UGFyZWNlIHF1ZSBsYSBldmFsdWFjacOzbiB2YSBhIGNvbWVuemFyIHByb250by4gVXN0ZWQgdGFtYmnDqW4gZGViZXLDrWEgdm9sdmVyLg==,RXMgc2llaHQgc28gYXVzLCBhbHMgd8O8cmRlIGRpZSBCZXdlcnR1bmcgZ2xlaWNoIGJlZ2lubmVuLiBLZWhydCBhdWNoIElociB6dXLDvGNrLg==,TOKAmcOpdmFsdWF0aW9uIHZhIGJpZW50w7R0IGNvbW1lbmNlci4gVm91cyBhdXNzaSwgcmV0b3VybmV6LXku,U2VwZXJ0aW55YSBwZW5pbGFpYW4gYWthbiBzZWdlcmEgZGltdWxhaS4gS2FtdSBqdWdhIGtlbWJhbGlsYWgu,WWFrxLFuZGEgZGXEn2VybGVuZGlybWV5ZSBiYcWfbGF5YWNhayBnaWJpLiBTaXogZGUgZ2VyaSBkw7Zuw7xuLg==
/rGe,W+qzteyGkO2VmF0K7KCA64qUIOunm+ydmCDqs6DsnqXsl5DshJwg7JioIOyCrOuejOyeheuLiOuLpC4g6re4IOyWtOuWpCDsnYzsi53snbTrnbzrj4Qg7KCcIO2YgOulvCDsho3snbwg7IiY64qUIOyXhuyjoC4K6re4IOunm+ydmCDshLjsm5TsobDssKgg7J297Ja064K8IOqyg+yeheuLiOuLpC4=,W0dvbmdzdW5oYV0KSSBjb21lIGZyb20gYSBsYW5kIG9mIGZpbmUgY3Vpc2luZS4gTm8gZGlzaCBjYW4gZGVjZWl2ZSBteSB0b25ndWUuCkkgY2FuIGV2ZW4gdGFzdGUgdGhlIHllYXJzIHdpdGhpbiBpdC4=,,W+WFrOWtmeWkj10K5oiR5piv5LuO576O5ZGz5LmL5Lmh5p2l55qE5Lq644CC5peg6K665LuA5LmI6aOf54mp77yM6YO96aqX5LiN6L+H5oiR55qE6IiM5aS044CCCui/numCo+WRs+mBk+ayiea3gOeahOWygeaciO+8jOaIkeS5n+iDveWTgeWHuuadpeOAgg==,,W0dvbmdzdW5oYV0K4LiC4LmJ4Liy4Lih4Liy4LiI4Liy4LiB4LiU4Li04LiZ4LmB4LiU4LiZ4LmB4Lir4LmI4LiH4Lij4Liq4LiK4Liy4LiV4Li0IOC4reC4suC4q+C4suC4o+C5g+C4lOC4geC5h+C4q+C4peC4reC4geC4peC4tOC5ieC4meC4guC4reC4h+C4guC5ieC4suC5hOC4oeC5iOC5hOC4lOC5iQrguYHguKHguYnguYHguJXguYjguJvguKPguLDguKfguLHguJXguLTguKjguLLguKrguJXguKPguYzguILguK3guIfguK3guLLguKvguLLguKPguJnguLHguYnguJkg4LmGIOC4guC5ieC4suC4geC5h+C4quC4suC4oeC4suC4o+C4luC4o+C4seC4muC4o+C4ueC5ieC5hOC4lOC5iQ==,,,W0dvbmdzdW5oYV0KVmVuZ28gZGUgdW5hIHRpZXJyYSBmYW1vc2EgcG9yIHN1cyBzYWJvcmVzLiBOaW5nw7puIHBsYXRvIHB1ZWRlIGVuZ2HDsWFyIGEgbWkgcGFsYWRhci4KSW5jbHVzbyBwb2Ryw6kgZGlzY2VybmlyIGxhIGFudGlnw7xlZGFkIGRlIGVzZSBzYWJvci4=,W0dvbmdzdW5oYV0KSWNoIHN0YW1tZSBhdXMgZWluZXIgSGVpbWF0IGRlcyBndXRlbiBHZXNjaG1hY2tzLiBLZWluIEdlcmljaHQga2FubiBtZWluZSBadW5nZSB0w6R1c2NoZW4uClNlbGJzdCBkaWUgSmFocmUsIGRpZSBpbiBkaWVzZW0gR2VzY2htYWNrIGxpZWdlbiwgd2VyZGUgaWNoIGhlcmF1c2xlc2VuLg==,W0dvbmdzdW5oYV0KSmUgdmllbnMgZHUgcGF5cyBkZXMgc2F2ZXVycy4gQXVjdW4gcGxhdCBuZSBwZXV0IHRyb21wZXIgbWEgbGFuZ3VlLgpKZSBwZXV4IG3Dqm1lIGxpcmUgbGVzIGFubsOpZXMgZGFucyBjZSBnb8O7dC4=,W0dvbmdzdW5oYV0KQWt1IGJlcmFzYWwgZGFyaSBuZWdlcmkgY2l0YSByYXNhLiBNYWthbmFuIGFwYSBwdW4gdGFrIGFrYW4gYmlzYSBtZW5pcHUgbGlkYWhrdS4KQmFoa2FuIHVzaWEgZGFyaSByYXNhIGl0dSBwdW4gYWthbiBha3UgYmFjYS4=,W0dvbmdzdW5oYV0KQmVuIGxlenpldGluIGRpeWFyxLFuZGFuIGdlbGVuIGJpcml5aW0uIEhpw6diaXIgeWVtZWsgZGlsaW1pIGthbmTEsXJhbWF6LgpPIGxlenpldGluIHnEsWxsYXLEsW7EsSBiaWxlIG9rdXlhY2HEn8SxbS4=
/7Ge,W+qzteyGkO2VmF0K7KCA64qUIOqzteygle2VnCDtj4nqsIDrpbwg7ZWgIOykgOu5hOqwgCDrkJjsl4jsirXri4jri6QuIOqzpyDsi6zsgqzrpbwg7Iuc7J6R7ZWgIOqygyDqsJnqtbAuIOuLueyLoOuPhCDrj4zslYTqsIAg67O07Iut7Iuc7JikLg==,W0dvbmdzdW5oYV0KSSBhbSByZWFkeSB0byBnaXZlIGEgZmFpciBldmFsdWF0aW9uLiBUaGUganVkZ2luZyB3aWxsIGJlZ2luIHNvb24uIFlvdSBzaG91bGQgcmV0dXJuLg==,,W+WFrOWtmeWkj10K5oiR5bey57uP5YeG5aSH5aW95YGa5Ye65YWs5q2j55qE6K+E5Lu35LqG44CC55yL5p2l6ams5LiK5bCx6KaB5byA5aeL6K+E5a6h5LqG44CC5L2g5Lmf5Zue5Y6755yL55yL5ZCn44CC,,W0dvbmdzdW5oYV0K4LiC4LmJ4Liy4LmA4LiV4Lij4Li14Lii4Lih4Lie4Lij4LmJ4Lit4Lih4Liq4Liz4Lir4Lij4Lix4Lia4LiB4Liy4Lij4LiV4Lix4LiU4Liq4Li04LiZ4Lit4Lii4LmI4Liy4LiH4Lii4Li44LiV4Li04LiY4Lij4Lij4Lih4LmB4Lil4LmJ4LinIOC4lOC4ueC5gOC4q+C4oeC4t+C4reC4meC4iOC4sOC5gOC4o+C4tOC5iOC4oeC5g+C4meC5hOC4oeC5iOC4iuC5ieC4siDguYDguIjguYnguLLguIHguYfguIHguKXguLHguJrguYTguJvguYDguJbguK3guLA=,,,W0dvbmdzdW5oYV0KRXN0b3kgcHJlcGFyYWRvIHBhcmEgZXZhbHVhciBjb24gaW1wYXJjaWFsaWRhZC4gUGFyZWNlIHF1ZSBsYSBldmFsdWFjacOzbiB2YSBhIGNvbWVuemFyIHByb250by4gVXN0ZWQgdGFtYmnDqW4gZGViZXLDrWEgdm9sdmVyLg==,W0dvbmdzdW5oYV0KSWNoIGJpbiBiZXJlaXQsIGVpbmUgZmFpcmUgQmV3ZXJ0dW5nIHZvcnp1bmVobWVuLiBFcyBzaWVodCBzbyBhdXMsIGFscyB3w7xyZGUgZGllIEJld2VydHVuZyBnbGVpY2ggYmVnaW5uZW4uIEtlaHJ0IGF1Y2ggSWhyIHp1csO8Y2su,W0dvbmdzdW5oYV0KSmUgc3VpcyBwcsOqdCBwb3VyIHVuZSDDqXZhbHVhdGlvbiBpbXBhcnRpYWxlLiBM4oCZw6l2YWx1YXRpb24gdmEgYmllbnTDtHQgY29tbWVuY2VyLiBWb3VzIGF1c3NpLCByZXRvdXJuZXoteS4=,W0dvbmdzdW5oYV0KQWt1IHN1ZGFoIHNpYXAgbWVsYWt1a2FuIHBlbmlsYWlhbiB5YW5nIGFkaWwuIFNlcGVydGlueWEgcGVuaWxhaWFuIGFrYW4gc2VnZXJhIGRpbXVsYWkuIEthbXUganVnYSBrZW1iYWxpbGFoLg==,W0dvbmdzdW5oYV0KQmVuIGFkaWwgYmlyIGRlxJ9lcmxlbmRpcm1lIHlhcG1heWEgaGF6xLFyxLFtLiBZYWvEsW5kYSBkZcSfZXJsZW5kaXJtZXllIGJhxZ9sYXlhY2FrIGdpYmkuIFNpeiBkZSBnZXJpIGTDtm7DvG4u
ALKe,W+qzteyGkO2VmF0K7J2MLi4uIOydtCDrp5vsnYAh,W0dvbmdzdW5oYV0KSG1t4oCmIHRoaXMgZmxhdm9yIQ==,,W+WFrOWtmeWkj10K5ZSULi4u6L+Z5ZGz6YGT5piv77yB,,W0dvbmdzdW5oYV0K4Lit4Li34LihLi4uIOC4o+C4quC4iuC4suC4leC4tOC4meC4teC5iSE=,,,W0dvbmdzdW5oYV0KTW1tLi4uIMKhRXN0ZSBzYWJvciE=,W0dvbmdzdW5oYV0KSG0gLi4uIGRpZXNlciBHZXNjaG1hY2sgLi4uIQ==,W0dvbmdzdW5oYV0KSHVt4oCmIENlIGdvw7t0ICE=,W0dvbmdzdW5oYV0KSG1tLi4uIHJhc2EgaW5pIQ==,W0dvbmdzdW5oYV0KSMSxbS4uLiBCdSBsZXp6ZXQh
AbKe,W+qzteyGkO2VmF0K65GY64ukIOyLpOqyqeyeheuLiOuLpC4g7KGw6riI64+EIOyaqeydmCDtkojqsqnsnbQg64qQ6ru07KeA7KeAIOyViuyGjC4K7J206rG0IOyghO2GteydmCDrp5vsnbQg7JWE64uI7JW8LiDquLDqu4/tlbTslbwgNDXrhYQ/IC4uLuyVhOuLiCwgMzDrhYQg7KCV64+E64+EIOyVhOq5neyKteuLiOuLpC4=,W0dvbmdzdW5oYV0KQm90aCBhcmUgZGlzcXVhbGlmaWVkLiBJIGZlZWwgbm90IGV2ZW4gYSB0cmFjZSBvZiBkcmFjb25pYyBkaWduaXR5LgpUaGlzIGlzIG5vdCBhIHRyYWRpdGlvbmFsIHRhc3RlLiBGb3J0eS1maXZlIHllYXJzIGF0IGJlc3Q/IOKApk5vLCBldmVuIHRoaXJ0eSB3b3VsZCBiZSB0b28gZ2VuZXJvdXMu,,W+WFrOWtmeWkj10K5Lik6ICF6YO95LiN5ZCI5qC844CC5LiA54K55Lmf5oSf6KeJ5LiN5Yiw6b6Z55qE5ZOB5qC844CCCui/meS4jeaYr+S8oOe7n+eahOWRs+mBk+OAgumhtuWkmuS5n+WwsTQ15bm077yfLi4u5LiN77yM6L+eMzDlubTlt6blj7Ppg73lq4zmtarotLnjgII=,,W0dvbmdzdW5oYV0K4LiX4Lix4LmJ4LiH4LiE4Li54LmI4LmE4Lih4LmI4Lic4LmI4Liy4LiZIOC5hOC4oeC5iOC4oeC4teC4hOC4p+C4suC4oeC4quC4h+C5iOC4suC4h+C4suC4oeC4guC4reC4h+C4oeC4seC4h+C4geC4o+C5geC4oeC5ieC5geC4leC5iOC4meC5ieC4reC4ogrguJnguLXguYjguYTguKHguYjguYPguIrguYjguKPguKrguIrguLLguJXguLTguYHguKvguYjguIfguJXguLPguJnguLLguJkg4Lit4Lii4LmI4Liy4LiH4Lih4Liy4LiB4LiB4LmHIDQ1IOC4m+C4tT8gLi4u4LmE4Lih4LmI4Liq4Li0IDMwIOC4m+C4teC4ouC4seC4h+C4meC5iOC4suC5gOC4quC4teC4ouC4lOC4suC4og==,,,W0dvbmdzdW5oYV0KQW1ib3MgcXVlZGFuIGRlc2NhbGlmaWNhZG9zLiBObyB0cmFuc21pdGVuIG5pIHVuIMOhcGljZSBkZSBsYSBkaWduaWRhZCBkZSB1biBkcmFnw7NuLgpFc3RlIG5vIGVzIHVuIHNhYm9yIHRyYWRpY2lvbmFsLiDCv0NvbW8gbXVjaG8gNDUgYcOxb3M/IC4uLk5vLCBoYXN0YSAzMCBhw7FvcyBzZXLDrWEgZGVtYXNpYWRvIGdlbmVyb3NvLg==,W0dvbmdzdW5oYV0KQmVpZGUgc2luZCBkaXNxdWFsaWZpemllcnQuIE5pY2h0IGltIEdlcmluZ3N0ZW4gaXN0IGRhcmluIGRpZSBXw7xyZGUgZWluZXMgRHJhY2hlbiB6dSBzcMO8cmVuLgpEYXMgaXN0IG5pY2h0IGRlciBHZXNjaG1hY2sgZGVyIFRyYWRpdGlvbi4gSMO2Y2hzdGVucyA0NSBKYWhyZT8gLi4uTmVpbiwgc2VsYnN0IDMwIEphaHJlIHfDpHJlbiBkYWbDvHIgbm9jaCB6dSBzY2hhZGUu,W0dvbmdzdW5oYV0KVm91cyDDqnRlcyBkaXNxdWFsaWZpw6lzLCB0b3VzIGxlcyBkZXV4LiBKZSBuZSBzZW5zIHBhcyBsYSBtb2luZHJlIHByZXN0YW5jZSBkZSBkcmFnb24uCkNlIG7igJllc3QgcGFzIHVuIGdvw7t0IHRyYWRpdGlvbm5lbC4gQXUgbWlldXgsIDQ1IGFucyA/4oCmIE5vbiwgbcOqbWUgMzAgYW5zLCBj4oCZZXN0IHRyb3Au,W0dvbmdzdW5oYV0KS2VkdWFueWEgZGlkaXNrdWFsaWZpa2FzaS4gU2VkaWtpdCBwdW4gdGlkYWsgdGVyYXNhIG1hcnRhYmF0IG5hZ2EuCkluaSBidWthbiByYXNhIHRyYWRpc2kuIFBhbGluZyBiYW50ZXIgNDUgdGFodW4/IC4uLlRpZGFrLCBiYWhrYW4gc2VraXRhciAzMCB0YWh1biBwdW4gc2F5YW5nLg==,W0dvbmdzdW5oYV0KxLBraXNpIGRlIGVsZW5kaS4gRW4gdWZhayBiaXIgZWpkZXJoYSBhc2FsZXRpIGhpc3NlZGlsbWl5b3IuCkJ1LCBnZWxlbmXEn2luIHRhZMSxIGRlxJ9pbC4gRW4gZmF6bGEgNDUgecSxbD8gLi4uSGF5xLFyLCAzMCB5xLFsIGthZGFyIGJpbGUgeWF6xLFrLg==
ArKe,W+qzteyGkO2VmF0K7Jik656YIOusteydgCDrp5vsnbzsp4Drj4Qg66qo66W06rKg7Iq164uI64ukLiDtlZjsp4Drp4wg7ZW066Oh7J2YIOyghOyEpOydhCDri7TslZjri6TquLDsl5DripQg7JWE7Im96riwIOynneydtCDsl4bshowu,W0dvbmdzdW5oYV0KSXQgbWF5IGJlIGFuIGFnZWQgZmxhdm9yLiBTdGlsbCwgaXQgZmFsbHMgZmFyIHNob3J0IG9mIGNhcnJ5aW5nIHRoZSBsZWdlbmQgb2YgdGhlIFNlYSBEcmFnb24u,,W+WFrOWtmeWkj10K5oiW6K645piv6ZmI5bm055qE5ZGz6YGT44CC5L2G6KaB6K+06JW05ZCr5LqG5rW36b6Z55qE5Lyg6K+077yM5a6e5Zyo5piv5beu5b6X6L+c44CC,,W0dvbmdzdW5oYV0K4Lit4Liy4LiI4LmA4Lib4LmH4LiZ4Lij4Liq4LiK4Liy4LiV4Li04LiU4Lix4LmJ4LiH4LmA4LiU4Li04Lih4LiB4LmH4LiI4Lij4Li04LiHCuC5geC4leC5iOC4iOC4sOC4muC4reC4geC4p+C5iOC4suC4oeC4teC4leC4s+C4meC4suC4meC4oeC4seC4h+C4geC4o+C4l+C4sOC5gOC4peC4reC4ouC4ueC5iOC5g+C4meC4meC4seC5ieC4mSDguKLguLHguIfguKvguYjguLLguIfguYTguIHguKXguJnguLHguIE=,,,W0dvbmdzdW5oYV0KUHVlZGUgcXVlIHNlYSB1biBzYWJvciBhw7Flam8uIFBlcm8gZGlzdGEgbXVjaG8gZGUgZXN0YXIgYSBsYSBhbHR1cmEgZGUgbGEgbGV5ZW5kYSBkZWwgRHJhZ8OzbiBNYXJpbm8u,W0dvbmdzdW5oYV0KTWFnIHNlaW4sIGRhc3MgZGFzIGxhbmdlIGdlcmVpZnQgaXN0LiBBYmVyIGRhZsO8ciwgZGFzcyBlcyBkaWUgTGVnZW5kZSBkZXMgU2VlZHJhY2hlbiBpbiBzaWNoIHRyYWdlbiBzb2xsLCBpc3QgZGFzIHNjaGxpY2h0IGVudHTDpHVzY2hlbmQu,W0dvbmdzdW5oYV0KQ+KAmWVzdCBwZXV0LcOqdHJlIHVuIGdvw7t0IGJpZW4gdmllaWxsaS4gTWFpcyBwb3VyIGxhIGzDqWdlbmRlIGR1IGRyYWdvbiBkZXMgbWVyc+KApiBj4oCZZXN0IHRyb3AgbMOpZ2VyLg==,W0dvbmdzdW5oYV0KTXVuZ2tpbiBpbmkgcmFzYSB5YW5nIHN1ZGFoIGxhbWEgdGVyc2ltcGFuLiBOYW11biwgdW50dWsgZGlrYXRha2FuIG1lbXVhdCBsZWdlbmRhIE5hZ2EgTGF1dCwgaW5pIHN1bmdndWggamF1aCBkYXJpIGN1a3VwLg==,W0dvbmdzdW5oYV0KVXp1biB5xLFsbGFyIGJla2xlbWnFnyBiaXIgdGF0IG9sYWJpbGlyLiBBbWEgZGVuaXogZWpkZXJoYXPEsW7EsW4gZWZzYW5lc2luaSB0YcWfxLFkxLHEn8SxIHPDtnlsZW5lbWV6OyDDp29rIHlhesSxay4=
A7Ke,7J207KCcIOy9lOuqqOu5hCDqs7Xqu5gg64+M7JWE6rCAIOuztOuPhOuhnSDtlZjsi5zsmKQu,Tm93LCByZXR1cm4gdG8gS29tb2JpLg==,,546w5Zyo5Zue5Y675om+56eR6I6r5q+U5YWs5ZCn44CC,,4LiB4Lil4Lix4Lia4LmE4Lib4Lir4Liy4LiX4LmI4Liy4LiZIEtvbW9iaSDguYDguJbguK3guLA=,,,VnVlbHZhIGFob3JhIGNvbiBlbCBzZcOxb3IgS29tb2JpLg==,S2VocnQgbnVuIHp1IEtvbW9iaSB6dXLDvGNrLg==,UmV0b3VybmV6IG1haW50ZW5hbnQgdm9pciBzaXJlIEtvbW9iaS4=,U2VrYXJhbmcga2VtYmFsaWxhaCBrZXBhZGEgS29tb2JpLg==,xZ5pbWRpIEtvbW9iaSBiZXlpbiB5YW7EsW5hIGdlcmkgZMO2bsO8bi4=
BLKe,W+qzteyGkO2VmF0K6rWz7J20IOyghO2GteydhCDqs6Dsp5HtlZjsp4Ag7JWK64qU64uk66m07JW8LCDtj4nrspTtlZwg66eb7J20652864+EIOqwgOy5mOuhreyngCDslYrqsqDshozsnbTquYwu,W0dvbmdzdW5oYV0KSWYgb25lIGRvZXMgbm90IGNsaW5nIHRvIHRyYWRpdGlvbiwgZXZlbiBhbiBvcmRpbmFyeSB0YXN0ZSBtYXkgc3RpbGwgaG9sZCB2YWx1ZS4=,,W+WFrOWtmeWkj10K5aaC5p6c5LiN5b+F5omn552A5LqO5Lyg57uf55qE6K+d77yM5bCx566X5piv5bmz5Yeh55qE5ZGz6YGT77yM5Lmf5pyq5b+F5rKh5pyJ5Lu35YC85ZCn44CC,,W0dvbmdzdW5oYV0K4Lir4Liy4LiB4LmE4Lih4LmI4Lii4Li24LiU4LiV4Li04LiU4LiB4Lix4Lia4LiE4Liz4Lin4LmI4Liy4Lib4Lij4Liw4LmA4Lie4LiT4Li1IOC4o+C4quC4iuC4suC4leC4tOC4mOC4o+C4o+C4oeC4lOC4suC4geC5h+C4ouC4seC4h+C4oeC4teC4hOC4uOC4k+C4hOC5iOC4suC5hOC4oeC5iOC5g+C4iuC5iOC4q+C4o+C4t+C4rQ==,,,W0dvbmdzdW5oYV0KU2kgbm8gc2UgZW1wZcOxYSBlbiBsYSB0cmFkaWNpw7NuLCBoYXN0YSB1biBzYWJvciBjb3JyaWVudGUgcHVlZGUgdGVuZXIgdmFsb3IsIMK/bm8gY3JlZT8=,W0dvbmdzdW5oYV0KV2VubiBtYW4gbmljaHQga3JhbXBmaGFmdCBhbiBkZXIgVHJhZGl0aW9uIGjDpG5ndCwga2FubiBzZWxic3QgZWluIGdhbnogZ2V3w7ZobmxpY2hlciBHZXNjaG1hY2sgZXR3YXMgd2VydCBzZWluLCBuaWNodCB3YWhyPw==,W0dvbmdzdW5oYV0KU2kgdm91cyBuZSB0ZW5leiBwYXMgdGFudCDDoCBsYSB0cmFkaXRpb24sIG3Dqm1lIHVuIGdvw7t0IG9yZGluYWlyZSBhIHNhIHZhbGV1ci4=,W0dvbmdzdW5oYV0KSmlrYSB0aWRhayBwZXJsdSBiZXJzaWtlcmFzIHBhZGEgdHJhZGlzaSwgYnVrYW5rYWggcmFzYSB5YW5nIGJpYXNhIHB1biB0ZXRhcCBiZXJuaWxhaT8=,W0dvbmdzdW5oYV0KxLBsbGUgZGUgZ2VsZW5lxJ9lIHR1dHVubWF5YWNha3NhbsSxeiwgc8SxcmFkYW4gYmlyIHRhdCBiaWxlIGRlxJ9lcmxpIGRlxJ9pbCBtaWRpcj8=
BbKe,W+qzteyGkO2VmF0K7Yq57Z6IIOydtOufsCDrsJTri7fqsIDsl5DshJzripQg65Og65Og7ZWY6rOgIOuUsOyKpO2VnCDsnYzsi53snbQg66eM7ZWc7KCE7ISd67O064uk64+EIOuNlCDqt4DtlZjsmKQu,W0dvbmdzdW5oYV0KRXNwZWNpYWxseSBieSB0aGUgc2VhLCBhIGhlYXJ0eSwgd2FybSBtZWFsIGlzIG1vcmUgcHJlY2lvdXMgdGhhbiBhIGxhdmlzaCBiYW5xdWV0Lg==,,W+WFrOWtmeWkj10K5bCk5YW25piv5Zyo6L+Z56eN5rW36L6577yM6LiP5a6e5Y+I5rip5pqW55qE6aOf54mp77yM5q+U5ruh5rGJ5YWo5bit6L+Y6KaB54+N6LS144CC,,W0dvbmdzdW5oYV0K4LmC4LiU4Lii4LmA4LiJ4Lie4Liy4Liw4LiX4Li14LmI4LiK4Liy4Lii4LiX4Liw4LmA4Lil4LmA4LiK4LmI4LiZ4LiZ4Li14LmJIOC4reC4suC4q+C4suC4o+C4reC4uOC5iOC4mSDguYYg4Lit4Li04LmI4Lih4LiX4LmJ4Lit4LiHIOC4oeC4teC4hOC5iOC4suC4oeC4suC4geC4geC4p+C5iOC4suC4h+C4suC4meC5gOC4peC4teC5ieC4ouC4h+C4q+C4o+C4ueC5gOC4quC4teC4ouC4reC4teC4gQ==,,,W0dvbmdzdW5oYV0KU29icmUgdG9kbyBlbiB1bmEgY29zdGEgY29tbyBlc3RhLCB1bmEgY29taWRhIHJlY29uZm9ydGFudGUgeSBjYWxpZW50ZSBlcyBtw6FzIHZhbGlvc2EgaW5jbHVzbyBxdWUgdW4gYmFucXVldGUgbWFuY2jDui1oYW4u,W0dvbmdzdW5oYV0KR2VyYWRlIGFuIGVpbmVtIE9ydCB3aWUgZGllc2VtIGFtIE1lZXIgaXN0IGVpbiBzw6R0dGlnZW5kZXMsIHdhcm1lcyBFc3NlbiBrb3N0YmFyZXIgYWxzIHNlbGJzdCBlaW4gw7xwcGlnZXMgRmVzdG1haGwu,W0dvbmdzdW5oYV0KU3VydG91dCBhdSBib3JkIGRlIGxhIG1lciwgdW4gcGxhdCBjaGF1ZCBldCBjb25zaXN0YW50IHZhdXQgbWlldXggcXXigJl1biBncmFuZCBiYW5xdWV0Lg==,W0dvbmdzdW5oYV0KVGVydXRhbWEgZGkgcGFudGFpIHNlcGVydGkgaW5pLCBtYWthbmFuIHlhbmcgbWVuZ2VueWFuZ2thbiBkYW4gaGFuZ2F0IGxlYmloIGJlcmhhcmdhIGRhcmlwYWRhIGphbXVhbiBtZXdhaC4=,W0dvbmdzdW5oYV0Kw5Z6ZWxsaWtsZSBiw7Z5bGUgYmlyIHNhaGlsZGUsIGRveXVydWN1IHZlIHPEsWNhayBiaXIgeWVtZWssIGfDtnJrZW1saSBiaXIgeml5YWZldHRlbiBiaWxlIGRhaGEga8SxeW1ldGxpZGlyLg==
BrKe,66Gc66Oo7YOAIO2VmOunjA==,TG9ydXRhIEhhbWFu,,5rSb6bKB5aGU5ZOI5pu8,,TG9ydXRhIEhhbWFu,,,TG9ydXRhIEhhbWFu,TG9ydXRhIEhhbWFu,TG9ydXRhIEhhbWFu,TG9ydXRhIEhhbWFu,TG9ydXRhIEhhbWFu
B7Ke,W+uhnOujqO2DgCDtlZjrp4xdCuydjH4g7KCA66CH6rKMIOyLnOuBhOufveqyjCDqtbTslrTshJwg642UIOunm+yeiOyWtOyngOuptCDsoovsp4Drp4wsIOuCmOuKlCDrp6Tsnbwg66i57Jy864uI6rmMIOyigCDsp4jrpqzripQg6rCQ7J20IOuTnOuEpC4=,W0xvcnV0YSBIYW1hbl0KSGVofiBpZiBiZWluZyBsb3VkIG1hZGUgZm9vZCB0YXN0ZSBiZXR0ZXIsIHRoYXTigJlkIGJlIGdyZWF0LCBidXQgSSBlYXQgdGhpcyBldmVyeSBkYXksIHNvIGl0IGdldHMgYSBiaXQgb2xkLg==,,W+a0m+mygeWhlOWTiOabvF0K5ZSUfuimgeaYr+mXueW+l+i/meS5iOWQteiDveiuqeWRs+mBk+abtOWlveWwseWlveS6hu+8jOWPr+aIkeavj+WkqemDveWQg++8jOaAu+inieW+l+acieeCueiFu+S6huOAgg==,,W0xvcnV0YSBIYW1hbl0K4Lit4Li34LihfiDguJbguYnguLLguYDguKrguLXguKLguIfguYDguK3guLDguK3guLDguJ7guKfguIHguJnguLHguYnguJnguJfguLPguYPguKvguYnguK3guLLguKvguLLguKPguK3guKPguYjguK3guKLguILguLbguYnguJnguIHguYfguITguIfguJTguLUg4LmB4LiV4LmI4LiC4LmJ4Liy4LiB4Li04LiZ4LiX4Li44LiB4Lin4Lix4LiZ4LiI4LiZ4LmA4Lij4Li04LmI4Lih4LmA4Lia4Li34LmI4Lit4LmB4Lil4LmJ4Lin4Lil4LmI4Liw,,,W0xvcnV0YSBIYW1hbl0KTW1tfiBPamFsw6Egc2Ugdm9sdmllcmEgbcOhcyBzYWJyb3NvIHBvciB0YW50byBhbGJvcm90bywgcGVybyBjb21vIGxvIGNvbW8gdG9kb3MgbG9zIGTDrWFzLCB5YSBtZSBlc3RveSBjYW5zYW5kbyB1biBwb2NvLg==,W0xvcnV0YSBIYW1hbl0KSG1+IFNjaMO2biB3w6RyJ3MgamEsIHdlbm4gZXMgZHVyY2ggZGFzIGdhbnplIGxhdXRlIEdldHVlIG5vY2ggYmVzc2VyIHNjaG1lY2tlbiB3w7xyZGUuIEFiZXIgaWNoIGVzc2UgZGFzIGplZGVuIFRhZywgZGEgaMOkbmd0IGVzIG1pciBsYW5nc2FtIGVpbiBiaXNzY2hlbiB6dW0gSGFscyByYXVzLg==,W0xvcnV0YSBIYW1hbl0KTW1ofiBTaSB0b3V0IGNlIHZhY2FybWUgcmVuZGFpdCDDp2EgbWVpbGxldXLigKYgbWFpcyBq4oCZZW4gbWFuZ2UgdG91cyBsZXMgam91cnMsIGFsb3JzIMOnYSBmaW5pdCBwYXIgbGFzc2VyLg==,W0xvcnV0YSBIYW1hbl0KSG1tfiBLYWxhdSBzYWphIGJlcmlzaWsgYmVnaXR1IGJpc2EgbWVtYnVhdG55YSBqYWRpIGxlYmloIGVuYWssIHRhcGkgYWt1IG1lbWFrYW5ueWEgc2V0aWFwIGhhcmksIGphZGkgcmFzYW55YSBhZ2FrIGJvc2FuLg==,W0xvcnV0YSBIYW1hbl0KSMSxbX4gQsO2eWxlIGfDvHLDvGx0w7wgeWFwxLFuY2EgZGFoYSBkYSBsZXp6ZXRsaSBvbHNhIGl5aSBvbHVyZHUgYW1hIGJlbiBoZXIgZ8O8biB5ZWRpxJ9pbSBpw6dpbiBiaXJheiBixLFra8SxbmzEsWsgZ2VsaXlvci4=
CLKe,W+uhnOujqO2DgCDtlZjrp4xdCuyWtOudvCwg7Iud7IKs64qUIOyWtOuUlCDqsJTslrTsmpQ/IOu5vOuGk+qzoCDsmKgg6rGw66m0IOy9lOuqqOu5hCDslrTrpbTsi6Dqu5gg64+M7JWE6rCA7IScIOyXrOytpCDrtJDsmpQu,W0xvcnV0YSBIYW1hbl0KSHVoPyBXaGVyZeKAmXMgdGhlIG1lYWw/CklmIHlvdSBmb3Jnb3QgaXQsIGdvIGJhY2sgYW5kIGFzayBFbGRlciBLb21vYmku,,W+a0m+mygeWhlOWTiOabvF0K5ZKm77yM6aSQ6aOf5Y675ZOq5LqG77yf6KaB5piv5L2g5b+Y5LqG5bim5p2l77yM5bCx5Zue5Y676Zeu6Zeu56eR6I6r5q+U6ICB5Lq65a625ZCn44CC,,W0xvcnV0YSBIYW1hbl0K4LmA4Lit4LmK4LiwIOC4reC4suC4q+C4suC4o+C4reC4ouC4ueC5iOC5hOC4q+C4mQrguJbguYnguLLguKXguLfguKHguKXguYjguLDguIHguYcg4LmE4Lib4LiW4Liy4Lih4LiX4LmI4Liy4LiZIEtvbW9iaSDguKrguLQ=,,,W0xvcnV0YSBIYW1hbl0KVmF5YSwgwr9kw7NuZGUgZXN0w6EgbGEgY29taWRhPyBTaSBzZSBsYSBoYSBkZWphZG8sIHZ1ZWx2YSBjb24gZWwgc2XDsW9yIEtvbW9iaSB5IHByZWfDum50ZWxlLg==,W0xvcnV0YSBIYW1hbl0KSHVjaCwgd28gaXN0IGRlbm4gZGFzIEVzc2VuIGdlYmxpZWJlbj8gV2VubiBkdSBqZW1hbmRlbiBhdXNnZWxhc3NlbiBoYXN0LCBnZWggenVyw7xjayB6dSBLb21vYmkgdW5kIGZyYWcgbmFjaC4=,W0xvcnV0YSBIYW1hbl0KSGVpbiA/IE/DuSBlc3QgbGUgcmVwYXMgPyBTaSB2b3VzIGzigJlhdmV6IG91Ymxpw6ksIHJldG91cm5leiB2b2lyIE0uIEtvbW9iaSBldCBkZW1hbmRlei1sdWku,W0xvcnV0YSBIYW1hbl0KTGhvLCBoaWRhbmdhbm55YSBrZSBtYW5hPyBLYWxhdSBsdXBhIG1lbWJhd2FueWEsIGtlbWJhbGkgc2FqYSBkYW4gdGFueWFrYW4gcGFkYSBLb21vYmkgeWFuZyB0dWEgaXR1Lg==,W0xvcnV0YSBIYW1hbl0KQWEsIHllbWVrIG5lcmVkZT8gVW51dHVwIGdlbGRpeXNlbml6IEtvbW9iaSBiw7x5w7zEn8O8biB5YW7EsW5hIGTDtm7DvHAgc29ydW4u
CbKe,W+uhnOujqO2DgCDtlZjrp4xdCuuCmOuKlCDsnpDso7wg66i57J2AIOydjOyLneydtOyngOunjCwg7Jik64qY7J2AIO2KueuzhO2eiCDrjZQg7Je07Ius7Z6IIOunjOuTpOyXiOqyoOyngD8g7KKAIOq4sOuMgOqwgCDrkJjrhKR+,W0xvcnV0YSBIYW1hbl0KSSBlYXQgdGhpcyBvZnRlbiwgYnV0IEkgYmV0IHRoZXkgcHV0IGluIGV4dHJhIGVmZm9ydCB0b2RheS4KSeKAmW0ga2luZCBvZiBsb29raW5nIGZvcndhcmQgdG8gaXR+,,W+a0m+mygeWhlOWTiOabvF0K6Jm954S25piv5oiR5bi45ZCD55qE6aOf54mp77yM5L2G5LuK5aSp5bqU6K+l54m55Yir55So5b+D5YGa5LqG5ZCn77yf5pyJ54K55pyf5b6F5ZGifg==,,W0xvcnV0YSBIYW1hbl0K4LmB4Lih4LmJ4LiI4Liw4LmA4Lib4LmH4LiZ4Lit4Liy4Lir4Liy4Lij4LiX4Li14LmI4LiC4LmJ4Liy4LiB4Li04LiZ4Lit4Lii4Li54LmI4Lia4LmI4Lit4LiiIOC5hiDguYHguJXguYjguKfguLHguJnguJnguLXguYnguITguIfguJXguLHguYnguIfguYPguIjguJfguLPguYDguJvguYfguJnguJ7guLTguYDguKjguKnguKrguLTguJnguLA/IOC4iuC4seC4geC4iOC4sOC5gOC4o+C4tOC5iOC4oeC4hOC4suC4lOC4q+C4p+C4seC4h+C4guC4tuC5ieC4meC4oeC4suC5geC4peC5ieC4p+C4quC4tH4=,,,W0xvcnV0YSBIYW1hbl0KRXMgdW5hIGNvbWlkYSBxdWUgY29tbyBhIG1lbnVkbywgcGVybyBob3kgc2VndXJvIHF1ZSBsYSBoYW4gcHJlcGFyYWRvIGNvbiBlc3BlY2lhbCBlc21lcm8sIMK/dmVyZGFkPyBUZW5nbyBnYW5hcyBkZSBwcm9iYXJsYX4=,W0xvcnV0YSBIYW1hbl0KSWNoIGVzc2UgZXMgendhciBvZnQsIGFiZXIgaGV1dGUgaGF0IG1hbiBlcyBiZXN0aW1tdCBiZXNvbmRlcnMgc29yZ2bDpGx0aWcgZ2VtYWNodCwgb2Rlcj8gSWNoIGZyZXVlIG1pY2ggc2Nob25+,W0xvcnV0YSBIYW1hbl0KSuKAmWVuIG1hbmdlIHNvdXZlbnQsIG1haXMgYXVqb3VyZOKAmWh1aSwgaWxzIG9udCBkw7sgbWV0dHJlIGxlcyBib3VjaMOpZXMgZG91Ymxlcywgbm9uID8gSuKAmWFpIGjDonRlfg==,W0xvcnV0YSBIYW1hbl0KQWt1IG1lbWFuZyBzZXJpbmcgbWVtYWthbm55YSwgdGFwaSBoYXJpIGluaSBwYXN0aSBkaWJ1YXQgZGVuZ2FuIGxlYmloIHN1bmdndWgtc3VuZ2d1aCwga2FuPyBKYWRpIGFnYWsgbWVuYW50aWthbm55YX4=,W0xvcnV0YSBIYW1hbl0KU8SxayB5ZWRpxJ9pbSBiaXIgeWVtZWsgYW1hIGJ1Z8O8biDDtnplbGxpa2xlIGRhaGEgZGEgw7Z6ZW5sZSB5YXBtxLHFn2xhcmTEsXIsIGRlxJ9pbCBtaT8gQmlyYXogYmVrbGVudGl5ZSBnaXJkaW1+
CrKe,7J207KCcIOy9lOuqqOu5hCDslrTrpbTsi6Dqu5jroZwg64+M7JWE6rCAIOu0kOyalC4g64uk65OkIOuoueq4sCDsi5zsnpHtlZjroKTrgpgg67SQLg==,TG9va3MgbGlrZSBldmVyeW9uZeKAmXMgc3RhcnRpbmcgdG8gZWF0LiBMZXTigJlzIGhlYWQgYmFjayB0byBFbGRlciBLb21vYmku,,546w5Zyo5Zue56eR6I6r5q+U6ICB5Lq65a626YKj6YeM5ZCn44CC5aSn5a625aW95YOP6YO95byA5aeL5ZCD5LqG44CC,,4LmE4Lib4Lir4Liy4LiX4LmI4Liy4LiZIEtvbW9iaSDguYDguJbguK3guLAg4LmA4Lir4Lih4Li34Lit4LiZ4LiX4Li44LiB4LiE4LiZ4LiI4Liw4LmA4Lij4Li04LmI4Lih4LiB4Li04LiZ4LmB4Lil4LmJ4Lin,,,QWhvcmEgdnVlbHZhIGNvbiBlbCBzZcOxb3IgS29tb2JpLiBQYXJlY2UgcXVlIHRvZG9zIHZhbiBhIGVtcGV6YXIgYSBjb21lci4=,R2VoIGpldHp0IHp1csO8Y2sgenUgS29tb2JpLiBTaWVodCBhdXMsIGFscyB3w7xyZGVuIGFsbGUgZ2xlaWNoIG1pdCBkZW0gRXNzZW4gYW5mYW5nZW4u,UmV0b3VybmV6IHZvaXIgTS4gS29tb2JpLiBPbiBkaXJhaXQgcXVlIHRvdXQgbGUgbW9uZGUgY29tbWVuY2Ugw6AgbWFuZ2VyLg==,U2VrYXJhbmcsIGtlbWJhbGlsYWgga2VwYWRhIHRldHVhIEtvbW9iaS4gU2VwZXJ0aW55YSBzZW11YSBvcmFuZyBzdWRhaCBtdWxhaSBtYWthbi4=,xZ5pbWRpIEtvbW9iaSBiw7x5w7zEn8O8biB5YW7EsW5hIGdlcmkgZMO2bsO8bi4gSGVya2VzIHllbWV5ZSBiYcWfbGFtxLHFnyBvbG1hbMSxLg==
C7Ke,W+uhnOujqO2DgCDtlZjrp4xdCuuCmOuKlCDsnpDso7wg66i57J2AIOydjOyLneydtOyngOunjCwg7Jik64qY7J2AIO2KueuzhO2eiCDrjZQg7Je07Ius7Z6IIOunjOuTpOyXiOqyoOyngD8=,W0xvcnV0YSBIYW1hbl0KSSBlYXQgdGhpcyBhbGwgdGhlIHRpbWUsIGJ1dCB0aGV5IHByb2JhYmx5IHdvcmtlZCBoYXJkZXIgdGhhbiB1c3VhbCB0b2RheS4=,,W+a0m+mygeWhlOWTiOabvF0K5oiR57uP5bi45ZCD6L+Z6aOf54mp77yM5LiN6L+H5LuK5aSp5bqU6K+l54m55Yir5pu055So5b+D5YGa5LqG5ZCn77yf,,W0xvcnV0YSBIYW1hbl0K4LmB4Lih4LmJ4LiI4Liw4LmA4Lib4LmH4LiZ4Lit4Liy4Lir4Liy4Lij4LiX4Li14LmI4LiC4LmJ4Liy4LiB4Li04LiZ4Lit4Lii4Li54LmI4Lia4LmI4Lit4LiiIOC5hiDguYHguJXguYjguKfguLHguJnguJnguLXguYnguITguIfguJXguLHguYnguIfguYPguIjguJfguLPguYDguJvguYfguJnguJ7guLTguYDguKjguKnguKrguLTguJnguLA=,,,W0xvcnV0YSBIYW1hbl0KQXVucXVlIGVzIGNvbWlkYSBxdWUgc3VlbG8gdG9tYXIsIGhveSBsYSBoYWJyw6FuIHByZXBhcmFkbyBjb24gZXNwZWNpYWwgZXNtZXJvLCDCv3ZlcmRhZD8=,W0xvcnV0YSBIYW1hbl0KSWNoIGVzc2UgZXMgendhciBvZnQsIGFiZXIgaGV1dGUgaGF0IG1hbiBlcyBiZXN0aW1tdCBiZXNvbmRlcnMgc29yZ2bDpGx0aWcgZ2VtYWNodCwgb2Rlcj8=,W0xvcnV0YSBIYW1hbl0KSuKAmWVuIG1hbmdlIHNvdXZlbnQsIG1haXMgYXVqb3VyZOKAmWh1aSwgdm91cyBhdmV6IGTDuyB5IG1ldHRyZSBlbmNvcmUgcGx1cyBkZSBjxZN1ciwgbm9uID8=,W0xvcnV0YSBIYW1hbl0KQWt1IG1lbWFuZyBzZXJpbmcgbWVtYWthbm55YSwgdGFwaSBoYXJpIGluaSBwYXN0aSBkaWJ1YXQgZGVuZ2FuIGxlYmloIHN1bmdndWgtc3VuZ2d1aCwgeWE/,W0xvcnV0YSBIYW1hbl0KQnVudSBzxLFrIHPEsWsgeWVkacSfaW0gYmlyIHllbWVrIGFtYSBidWfDvG4gw7Z6ZWxsaWtsZSBkYWhhIGRhIMO2emVubGUgeWFwbcSxxZ8gb2xtYWzEsSwgZGXEn2lsIG1pPw==
DLKe,W+uhnOujqO2DgCDtlZjrp4xdCuydtOygnCDsvZTrqqjruYQg7Ja066W07Iug6ruY66GcIOuPjOyVhOqwgCDrtJDsmpQuIOuLpOuTpCDrqLnquLAg7Iuc7J6R7ZWY66Ck64KYIOu0kC4=,W0xvcnV0YSBIYW1hbl0KTGV04oCZcyBoZWFkIGJhY2sgdG8gRWxkZXIgS29tb2JpLiBMb29rcyBsaWtlIGV2ZXJ5b25l4oCZcyBhYm91dCB0byBzdGFydCBlYXRpbmcu,,W+a0m+mygeWhlOWTiOabvF0K546w5Zyo5Zue56eR6I6r5q+U6ICB5Lq65a626YKj6YeM5ZCn44CC5aSn5a625aW95YOP6YO95byA5aeL5ZCD5LqG44CC,,W0xvcnV0YSBIYW1hbl0K4LmE4Lib4Lir4Liy4LiX4LmI4Liy4LiZIEtvbW9iaSDguYDguJbguK3guLAg4LmA4Lir4Lih4Li34Lit4LiZ4LiX4Li44LiB4LiE4LiZ4LiI4Liw4LmA4Lij4Li04LmI4Lih4LiB4Li04LiZ4LmB4Lil4LmJ4Lin,,,W0xvcnV0YSBIYW1hbl0KVnVlbHZhIGNvbiBlbCBzZcOxb3IgS29tb2JpLiBQYXJlY2UgcXVlIHRvZG9zIGVzdMOhbiBhIHB1bnRvIGRlIGVtcGV6YXIgYSBjb21lci4=,W0xvcnV0YSBIYW1hbl0KR2VoIGpldHp0IHp1csO8Y2sgenUgS29tb2JpLiBTaWVodCBhdXMsIGFscyB3w7xyZGVuIGFsbGUgZ2xlaWNoIG1pdCBkZW0gRXNzZW4gYW5mYW5nZW4u,W0xvcnV0YSBIYW1hbl0KUmV0b3VybmV6IHZvaXIgTS4gS29tb2JpLiBPbiBkaXJhaXQgcXVlIHRvdXQgbGUgbW9uZGUgY29tbWVuY2Ugw6AgbWFuZ2VyLg==,W0xvcnV0YSBIYW1hbl0KU2VrYXJhbmcsIGtlbWJhbGlsYWgga2VwYWRhIHRldHVhIEtvbW9iaS4gU2VwZXJ0aW55YSBzZW11YSBvcmFuZyBzdWRhaCBtdWxhaSBtYWthbi4=,W0xvcnV0YSBIYW1hbl0KxZ5pbWRpIEtvbW9iaSBiw7x5w7zEn8O8biB5YW7EsW5hIGdlcmkgZMO2bsO8bi4gSGVya2VzIHllbWV5ZSBiYcWfbGFtxLHFnyBvbG1hbMSxLg==
DbKe,W+uhnOujqO2DgCDtlZjrp4xdCuyWtOuouCwg65yo6rGw7JuM6528ISDtlZjsp4Drp4wg67CU7IKt67CU7IKt7ZW0IQ==,W0xvcnV0YSBIYW1hbl0KT2ggbXksIGl04oCZcyBob3QhIEJ1dCBpdOKAmXMgbmljZSBhbmQgY3Jpc3B5IQ==,,W+a0m+mygeWhlOWTiOabvF0K5ZOO5ZGA77yM5aW954Or77yB5LiN6L+H6ISG6ISG55qE77yB,,W0xvcnV0YSBIYW1hbl0K4LmC4Lit4LmK4LiiIOC4o+C5ieC4reC4mSEg4LmB4LiV4LmI4LiB4Lij4Lit4Lia4LiU4Li1IQ==,,,W0xvcnV0YSBIYW1hbl0KwqFBeSwgcXXDqSBjYWxpZW50ZSEgwqFQZXJvIGVzdMOhIGNydWppZW50ZSE=,W0xvcnV0YSBIYW1hbl0KT2ggamUsIGlzdCBkYXMgaGVpw58hIEFiZXIgc2Now7ZuIGtudXNwcmlnIQ==,W0xvcnV0YSBIYW1hbl0KT2gsIGPigJllc3QgY2hhdWQgISBNYWlzIGPigJllc3QgY3JvdXN0aWxsYW50ICE=,W0xvcnV0YSBIYW1hbl0KQWR1aCwgcGFuYXMhIFRhcGkgcmVueWFoIQ==,W0xvcnV0YSBIYW1hbl0KQW1hbiwgbmUgc8SxY2FrISBBbWEgw6fEsXTEsXIgw6fEsXTEsXIh
DrKe,W+uhnOujqO2DgCDtlZjrp4xdCuydjH4g6re464OlIOunpOydvCDrqLnrjZgg6re4IOunm+ydtOuEpOyalC4g66eb7J6I7KeA64+EIOunm+yXhuyngOuPhCDslYrqs6Au,W0xvcnV0YSBIYW1hbl0KTW1tfiBpdOKAmXMganVzdCB0aGUgc2FtZSB0YXN0ZSBJIGFsd2F5cyBoYXZlLgpOb3QgZ3JlYXQsIG5vdCBiYWQu,,W+a0m+mygeWhlOWTiOabvF0K5ZevfuWwseaYr+avj+WkqeWQg+eahOmCo+S4quWRs+mBk+WRouOAguS4jeeul+WlveWQg+S5n+S4jeeul+mavuWQg+OAgg==,,W0xvcnV0YSBIYW1hbl0K4Lit4Li34LihfiDguIHguYfguYDguKvguKHguLfguK3guJnguYDguJTguLTguKHguJfguLXguYjguIHguLTguJnguJfguLjguIHguKfguLHguJnguJnguLHguYjguJnguYHguKvguKXguLAg4LmE4Lih4LmI4LmE4LiU4LmJ4Lit4Lij4LmI4Lit4Lii4LmA4Lib4LmH4LiZ4Lie4Li04LmA4Lio4LipIOC5hOC4oeC5iOC5hOC4lOC5ieC5geC4ouC5iA==,,,W0xvcnV0YSBIYW1hbl0KTW1tfiBTYWJlIGNvbW8gc2llbXByZS4gTmkgZXN0w6EgcmljbyBuaSBlc3TDoSBtYWxvLg==,W0xvcnV0YSBIYW1hbl0KSG1+IERhcyBpc3QgZWluZmFjaCBkZXIgR2VzY2htYWNrLCBkZW4gaWNoIGplZGVuIFRhZyBrZW5uZS4gV2VkZXIgYmVzb25kZXJzIGxlY2tlciBub2NoIHdpcmtsaWNoIHNjaGxlY2h0Lg==,W0xvcnV0YSBIYW1hbl0KTW1ofiBMZSBnb8O7dCBkZSB0b3VzIGxlcyBqb3Vycy4gTmkgYm9uIG5pIG1hdXZhaXMu,W0xvcnV0YSBIYW1hbl0KSG1tfiBSYXNhbnlhIHNlcGVydGkgeWFuZyBiaWFzYSBrdW1ha2FuIHNldGlhcCBoYXJpLiBUaWRhayBlbmFrIGp1Z2EgdGlkYWsgbGV6YXQu,W0xvcnV0YSBIYW1hbl0KSMSxbX4gSGVyIGfDvG4geWVkacSfaW0gbyB0YXQgacWfdGUuIE5lIMOnb2sgbGV6emV0bGkgbmUgZGUgbGV6emV0c2l6Lg==
D7Ke,W+uhnOujqO2DgCDtlZjrp4xdCuuCmOuKlCDsl6zquLAg7J2M7Iud65Ok66GcIOyLneyCrO2VmOuKlCDqsowg7KKL7JWE7JqULiDtnaAsIO2BsCDrj4Tsm4DsnbQg65CY64qUIOqwkOyDgeydtCDslYTri4jrnbwg66+47JWI7ZWY64SkLg==,W0xvcnV0YSBIYW1hbl0KSSBsaWtlIGVhdGluZyB0aGUgZm9vZCBhcm91bmQgaGVyZS4KU29ycnksIHRoYXTigJlzIHByb2JhYmx5IG5vdCB2ZXJ5IGhlbHBmdWwgZmVlZGJhY2su,,W+a0m+mygeWhlOWTiOabvF0K5oiR5Zac5qyi55So6L+Z6YeM55qE6aOf54mp5ZCD6aWt44CC5Zev77yM6L+Z5oSf5oOz5biu5LiN5LiK5LuA5LmI5b+Z77yM5oqx5q2J5ZWK44CC,,W0xvcnV0YSBIYW1hbl0K4LiC4LmJ4Liy4LiK4Lit4Lia4LiB4Li04LiZ4Lit4Liy4Lir4Liy4Lij4LiC4Lit4LiH4LiX4Li14LmI4LiZ4Li14LmI4LiZ4LiwIOC5geC4leC5iOC4hOC4s+C4p+C4tOC4iOC4suC4o+C4k+C5jOC4guC4reC4h+C4guC5ieC4suC4reC4suC4iOC4iuC5iOC4p+C4ouC4reC4sOC5hOC4o+C5hOC4oeC5iOC5hOC4lOC5ieC4oeC4suC4gSDguJXguYnguK3guIfguILguK3guK3guKDguLHguKLguJTguYnguKfguKIK,,,W0xvcnV0YSBIYW1hbl0KTWUgZ3VzdGEgY29tZXIgbG9zIHBsYXRvcyBkZSBhcXXDrS4gTW1tLCBkaXNjdWxwZSwgbm8gZXMgdW5hIG9waW5pw7NuIGRlIG11Y2hhIGF5dWRhLg==,W0xvcnV0YSBIYW1hbl0KSWNoIGVzc2UgaGllciBlaW5mYWNoIGdlcm4uIEhtIC4uLiBzb3JyeSwgZGFzIGlzdCB3b2hsIGtlaW5lIGJlc29uZGVycyBoaWxmcmVpY2hlIEVpbnNjaMOkdHp1bmcu,W0xvcnV0YSBIYW1hbl0KSuKAmWFpbWUgYmllbiBtYW5nZXIgbGEgY3Vpc2luZSBk4oCZaWNpLiBIbW3igKYgZMOpc29sw6ksIGNlIG7igJllc3QgcGFzIHRyw6hzIHV0aWxlIGNvbW1lIGF2aXMu,W0xvcnV0YSBIYW1hbl0KQWt1IHN1a2EgbWFrYW4gZGVuZ2FuIG1ha2FuYW4gZGkgc2luaS4gSG1tLCBtYWFmLCBpdHUgYnVrYW4ga2VzYW4geWFuZyBzYW5nYXQgbWVtYmFudHUu,W0xvcnV0YSBIYW1hbl0KQnVyYWRha2kgeWVtZWtsZXJsZSBrYXJuxLFtxLEgZG95dXJtYXnEsSBzZXZpeW9ydW0uIEjEsW0sIHBlayBkZSBpxZ9lIHlhcmFyIGJpciBkZcSfZXJsZW5kaXJtZSBkZcSfaWw7IGt1c3VyYSBiYWttYXnEsW4u
ELKe,7J207KCcIOutlOqwgCDrmJAg7ZWY66Ck64KY67SQ7JqULiDsvZTrqqjruYQg7Ja066W07Iug6ruYIOqwgCDrs7TshLjsmpQu,TG9va3MgbGlrZSBzb21ldGhpbmcgZWxzZSBpcyBhYm91dCB0byBoYXBwZW4uIEdvIHNlZSBFbGRlciBLb21vYmku,,546w5Zyo5aW95YOP5Y+I6KaB5YGa54K55LuA5LmI5LqG44CC5Y6756eR6I6r5q+U6ICB5Lq65a626YKj6YeM55yL55yL5ZCn44CC,,4LmA4Lir4Lih4Li34Lit4LiZ4LiI4Liw4Lih4Li14Lit4Liw4LmE4Lij4LiV4LmI4LitIOC5hOC4m+C4q+C4suC4l+C5iOC4suC4mSBLb21vYmkg4LmA4LiW4Lit4Liw,,,UGFyZWNlIHF1ZSBhaG9yYSB2YW4gYSBoYWNlciBhbGdvIG3DoXMuIFZheWEgYSB2ZXIgYWwgYW5jaWFubyBLb21vYmku,U2llaHQgYXVzLCBhbHMgd8O8cmRlIGdsZWljaCB3aWVkZXIgd2FzIHBhc3NpZXJlbi4gR2VoIHp1IEtvbW9iaS4=,T24gZGlyYWl0IHF14oCZaWwgdmEgZW5jb3JlIHNlIHBhc3NlciBxdWVscXVlIGNob3NlLiBBbGxleiB2b2lyIEtvbW9iaS4=,U2VwZXJ0aW55YSBha2FuIG1lbGFrdWthbiBzZXN1YXR1IGxhZ2kuIFBlcmdpbGFoIG1lbmVtdWkgdGV0dWEgS29tb2JpLg==,xZ5pbWRpIHlpbmUgYmlyIMWfZXkgeWFwYWNhayBnaWJpLiBLb21vYmkgYsO8ecO8xJ/DvG4geWFuxLFuYSBnaWRpbi4=
EbKe,W+uhnOujqO2DgCDtlZjrp4xdCuuCmOuKlCDsmKTripgg7KCA64WB64+EIOyXrOq4sCDqta3siJjrpbwg66i57J2EIOqxsOyYiOyalC4K7Zi87J6QIOyCtOuLpCDrs7Tri4gsIOuwpSDtlZjquLDqsIAg67KI6rGw66Gc7JuM7IScLg==,W0xvcnV0YSBIYW1hbl0KSeKAmWxsIGJlIGhhdmluZyBub29kbGVzIGhlcmUgYWdhaW4gdG9uaWdodC4KTGl2aW5nIGFsb25lLCBjb29raW5nIGlzIHN1Y2ggYSBoYXNzbGUu,,W+a0m+mygeWhlOWTiOabvF0K5oiR5LuK5aSp5pma5LiK5Lmf5Lya5Zyo6L+Z6YeM5ZCD6Z2i44CCCuS4gOS4quS6uuS9j+eahOivne+8jOWBmumlreWkqum6u+eDpuS6huOAgg==,,W0xvcnV0YSBIYW1hbl0K4LiE4Li34LiZ4LiZ4Li14LmJ4LiC4LmJ4Liy4LiB4LmH4LiI4Liw4Lih4Liy4LiB4Li04LiZ4Lia4Liw4Lir4Lih4Li14LmI4LiX4Li14LmI4LiZ4Li14LmI4Lit4Li14LiBCuC5gOC4nuC4o+C4suC4sOC4reC4ouC4ueC5iOC4hOC4meC5gOC4lOC4teC4ouC4pyDguIHguLLguKPguJfguLPguK3guLLguKvguLLguKPguYDguK3guIfguKHguLHguJnguKLguLjguYjguIfguKLguLLguIHguJnguYjguLA=,,,W0xvcnV0YSBIYW1hbl0KRXN0YSBub2NoZSB0YW1iacOpbiBjb21lcsOpIGxvcyBmaWRlb3MgZGUgYXF1w60uCkNvbW8gdml2byBwb3IgbWkgY3VlbnRhLCBjb2NpbmFyIGVzIHVuIGVuZ29ycm8u,W0xvcnV0YSBIYW1hbl0KSWNoIHdlcmRlIGhldXRlIEFiZW5kIGF1Y2ggd2llZGVyIGhpZXIgTnVkZWxuIGVzc2VuLgpXZW5uIG1hbiBhbGxlaW4gbGVidCwgaXN0IGVzIGVpbmZhY2ggdW1zdMOkbmRsaWNoLCBmw7xyIHNpY2ggc2VsYnN0IHp1IGtvY2hlbi4=,W0xvcnV0YSBIYW1hbl0KQ2Ugc29pciBhdXNzaSwgamUgdmFpcyBtYW5nZXIgbGVzIG5vdWlsbGVzIGTigJlpY2kuCkNvbW1lIGplIHZpcyBzZXVsLCBjdWlzaW5lciBlc3QgY29udHJhaWduYW50Lg==,W0xvcnV0YSBIYW1hbl0KQWt1IGp1Z2EgYWthbiBtYWthbiBtaSBkaSBzaW5pIG1hbGFtIGluaS4KS2FyZW5hIGhpZHVwIHNlbmRpcmksIG1lbWFzYWsgaXR1IG1lcmVwb3RrYW4u,W0xvcnV0YSBIYW1hbl0KQnUgYWvFn2FtIGRhIGJ1cmFkYSBlcmnFn3RlIHlpeWVjZcSfaW0uClRlayBiYcWfxLFtYSB5YcWfYXnEsW5jYSwgeWVtZWsgeWFwbWFrIHphaG1ldGxpIG9sdXlvci4=
ErKe,W+uhnOujqO2DgCDtlZjrp4xdCuq3uOuftCDrlYwg67aA64u07JeG7J20IOqwgOyEnCDtlZwg6re466aHIOuUsOucu+2VmOqyjCDrqLnsnYQg7IiYIOyeiOuKlCDsnbQg6rCA6rKM65Ok7J20IOyii+yVhOyalCwg64KY64qULg==,W0xvcnV0YSBIYW1hbl0KVGhhdOKAmXMgd2h5IEkgbGlrZSB0aGVzZSBwbGFjZXPigJQgd2hlcmUgeW91IGNhbiBjYXN1YWxseSBkcm9wIGluIGFuZCBlbmpveSBhIHdhcm0gYm93bC4=,,W+a0m+mygeWhlOWTiOabvF0K5oiR5Zac5qyi6L+Z56eN5bqX77yM5oOz5Y6755qE5pe25YCZ5bCx6IO95q+r5peg6LSf5ouF5Zyw5Y6777yM54Ot5LmO5LmO5Zyw5ZCD5LiK5LiA56KX44CC,,W0xvcnV0YSBIYW1hbl0K4LiZ4Li14LmI4LmB4Lir4Lil4Liw4Liq4Liy4LmA4Lir4LiV4Li44LiX4Li14LmI4LiC4LmJ4Liy4LiK4Lit4Lia4Lij4LmJ4Liy4LiZ4LmB4Lia4Lia4LiZ4Li14LmJIOC5gOC4guC5ieC4suC5hOC4m+C4geC4tOC4meC4reC4sOC5hOC4o+C4reC4uOC5iOC4mSDguYYg4Liq4Lia4Liy4LiiIOC5hiDguKHguLHguJnguKrguLDguJTguKfguIHguJTguLXguKrguLPguKvguKPguLHguJrguILguYnguLI=,,,W0xvcnV0YSBIYW1hbl0KUG9yIGVzbyBtZSBndXN0YW4gZXN0b3MgbG9jYWxlcywgZG9uZGUgcHVlZG8gaXIgc2luIHByZW9jdXBhcm1lIHkgdG9tYXIgdW4gY3VlbmNvIGRlIGNvbWlkYSBjYWxpZW50ZS4=,W0xvcnV0YSBIYW1hbl0KSWNoIG1hZyBzb2xjaGUgTMOkZGVuLCB3byBtYW4gb2huZSBTdHJlc3MgaGluZ2VoZW4gdW5kIHNpY2ggc2NobmVsbCBlaW5lIHdhcm1lIFNjaMO8c3NlbCByZWluemllaGVuIGthbm4u,W0xvcnV0YSBIYW1hbl0KRGFucyBjZXMgY2FzLWzDoCwgauKAmWFpbWUgY2VzIMOpY2hvcHBlcyBvw7kgbOKAmW9uIHBldXQgcGFzc2VyIHNhbnMgc2UgcHJlbmRyZSBsYSB0w6p0ZSBldCBtYW5nZXIgdW4gYm9sIGJpZW4gY2hhdWQu,W0xvcnV0YSBIYW1hbl0KU2FhdCBzZXBlcnRpIGl0dSwgYWt1IHN1a2Ega2VkYWkta2VkYWkgaW5pLCB5YW5nIGJpc2EgZGlkYXRhbmdpIHRhbnBhIGJlYmFuIHVudHVrIG1ha2FuIHNlbWFuZ2t1ayBoYW5nYXQu,W0xvcnV0YSBIYW1hbl0KQsO2eWxlIHphbWFubGFyZGEsIHJhaGF0w6dhIGdpZGlwIGJpciBrw6JzZSBzxLFjYWsgc8SxY2FrIHlpeWViaWxlY2XEn2ltIGJ1IGTDvGtrw6JubGFyxLEgc2V2aXlvcnVtIGJlbi4=
E7Ke,66eM64uk66aw,TWFuZGFyaW4=,,5pu86L6+5p6X,,TWFuZGFyaW4=,,,TWFuZGFyaW4=,TWFuZGFyaW4=,TWFuZGFyaW4=,TWFuZGFyaW4=,TWFuZGFyaW4=
FLKe,66eM64uk66awIDog64KY64qUIOunjOuRkOqwgCDsoovslYQh,TWFuZGFyaW4gSSBsaWtlIGR1bXBsaW5ncyE=,,5pu86L6+5p6XOiDmiJHllpzmrKLljIXlrZDvvIE=,,TWFuZGFyaW4gOiDguIrguK3guJrguYDguIHguLXguYrguKLguKch,,,TWFuZGFyaW4gOiDCoU1lIGd1c3RhIGVsIE1hbmR1IQ==,TWFuZGFyaW46IEljaCBtYWcgTWFuZHUh,TWFuZGFyaW4gOiBKJ2FpbWUgbGVzIHJhdmlvbGlzICE=,TWFuZGFyaW4gOiBBa3Ugc3VrYSBtYW5kdSE=,TWFuZGFyaW4gOiBNYW50xLF5xLEgc2V2ZXJpbSE=
FbKe,W+unjOuLpOumsF0K66eM65GQISDrp4zrkZAg64SI66y0IOyii+yVhCEg67CU7IKt67CU7IKtIOy0iey0iS4uLiDtlbTrs4Dsl5Ag67Cc7J2EIOuLtOq3uOqzoCDrqLnsnLzrqbQg642UIOunm+yeiOyWtCE=,W01hbmRhcmluXQpEdW1wbGluZ3MhIEkgbG9vb3ZlIGR1bXBsaW5ncyEgQ3Jpc3B5IG91dHNpZGUsIGp1aWN5IGluc2lkZeKApiB0aGV5IHRhc3RlIGV2ZW4gYmV0dGVyIHdoZW4geW91IGVhdCB0aGVtIHdpdGggeW91ciBmZWV0IGluIHRoZSBzZWEh,,W+abvOi+vuael10K5YyF5a2Q77yB5oiR6LaF5Zac5qyi5YyF5a2Q77yB6ISG6ISG55qE5Y+I5rm/5ramLi4u5oqK6ISa5rOh5Zyo5rW36L655ZCD5Lya5pu05aW95ZCD77yB,,W01hbmRhcmluXQrguYDguIHguLXguYrguKLguKchIOC4guC5ieC4suC4iuC4reC4muC5gOC4geC4teC5iuC4ouC4p+C4oeC4suC4gSEg4LiB4Lij4Lit4Lia4LiZ4Lit4LiB4LiJ4LmI4Liz4LmD4LiZLi4uIOC4ouC4tOC5iOC4h+C5geC4iuC5iOC5gOC4l+C5ieC4suC5g+C4meC4l+C4sOC5gOC4peC5hOC4m+C4geC4tOC4meC5hOC4m+C4ouC4tOC5iOC4h+C4reC4o+C5iOC4reC4oiE=,,,W01hbmRhcmluXQrCoU1hbmR1ISDCoU1lIGd1c3RhIG11Y2jDrXNpbW8gZWwgTWFuZHUhIMKhQ3J1amllbnRlIHkganVnb3NvLi4uISDCoVNhYmUgYcO6biBtZWpvciBzaSBsbyBjb21lcyBjb24gbG9zIHBpZXMgZW4gbGEgUGxheWEh,W01hbmRhcmluXQpNYW5kdSEgSWNoIGxpZWJlIE1hbmR1ISBLbnVzcHJpZyB1bmQgc2FmdGlnIC4uLiB1bmQgd2VubiBtYW4gZGFiZWkgYW0gU3RyYW5kIGRpZSBGw7zDn2UgaW5zIFdhc3NlciBow6RsdCwgc2NobWVja3QncyBub2NoIGJlc3NlciE=,W01hbmRhcmluXQpEZXMgcmF2aW9saXMgISBK4oCZYWRvcmUgbGVzIHJhdmlvbGlzICEgQ3JvdXN0aWxsYW50cywgbW9lbGxldXjigKYgRXQgY+KAmWVzdCBlbmNvcmUgbWVpbGxldXIgbGVzIHBpZWRzIGRhbnMgbOKAmWVhdSAh,W01hbmRhcmluXQpNYW5kdSEgQWt1IHN1a2Egc2VrYWxpIG1hbmR1ISBSZW55YWggZGFuIGxlbWJhcC4uLiBLYWxhdSBkaW1ha2FuIHNhbWJpbCBtZXJlbmRhbSBrYWtpIGRpIHBhbnRhaSwgbGViaWggZW5hayE=,W01hbmRhcmluXQpNYW50xLEhIE1hbnTEsXnEsSDDp29rIHNldml5b3J1bSEgw4fEsXTEsXIgw6fEsXTEsXIsIHN1bHUgc3VsdS4uLiBTYWhpbGRlIGF5YWtsYXLEsW7EsSBzdXlhIHNva3VwIHllcnNlbiBkYWhhIGRhIGxlenpldGxpIQ==
FrKe,W+unjOuLpOumsF0K7KeE7KecIOy1nOqzoOqxsOuToCEg64KcIOyXrOq4sCDsmKTrqbQg64qYIOynge2ZlCDruIzroIjsiqQg66eM65GQ66eMIOuoueyWtC4g7KeE7KecIOy1nOqzoOyngCE=,W01hbmRhcmluXQpUaGV54oCZcmUgc2VyaW91c2x5IHRoZSBiZXN0ISBXaGVuZXZlciBJIGNvbWUgaGVyZSwgSSBhbHdheXMgZ2V0IHRoZSBDaGFyY29hbC1Ccm9pbGVkIEJyZWF0aCBEdW1wbGluZy4gSXTigJlzIGp1c3QgdW5iZWF0YWJsZSE=,,W+abvOi+vuael10K55yf55qE5pyA5qOS5LqG77yB5oiR5p2l6L+Z6YeM5oC75piv5Y+q5ZCD55u054Gr54WO54Ok6aW65a2Q44CC55yf55qE5pyA5qOS77yB,,W01hbmRhcmluXQrguKHguLHguJnguKrguLjguJTguKLguK3guJTguIjguKPguLTguIcg4LmGICEg4Lih4Liy4LiX4Li14LmI4LiZ4Li14LmI4LiX4Li14LmE4LijIOC4guC5ieC4suC4geC4tOC4meC5geC4leC5iCBGaXJlLUJyZWF0aGUgRHVtcGxpbmcg4LiV4Lil4Lit4LiU4LmA4Lil4LiiIOC4quC4uOC4lOC4ouC4reC4lOC4iOC4o+C4tOC4hyE=,,,W01hbmRhcmluXQrCoURlIHZlcmRhZCBlcyBsbyBtZWpvciEgQ3VhbmRvIHZlbmdvIGFxdcOtLCBzaWVtcHJlIGNvbW8gc29sbyBNYW5kdSBkZSBhbGllbnRvIGEgbGEgcGFycmlsbGEuIMKhRXMgbG8gbWVqb3IgZGUgdmVyZGFkIQ==,W01hbmRhcmluXQpEYXMgaXN0IGVjaHQgZGFzIEJlc3RlISBXZW5uIGljaCBoZXJrb21tZSwgZXNzIGljaCBudXIgTWFuZHUg4oCeRmxhbW1lbmF0ZW3igJwuIERhcyBpc3QgZWluZmFjaCB1bnNjaGxhZ2JhciE=,W01hbmRhcmluXQpD4oCZZXN0IHZyYWltZW50IGxlIG1laWxsZXVyICEgUXVhbmQgamUgdmllbnMgaWNpLCBqZSBuZSBtYW5nZSBxdWUgZGVzIHJhdmlvbGlzIGdyaWxsw6lzIMOgIGxhIGZsYW1tZS4gQ+KAmWVzdCBsZSB0b3AgIQ==,W01hbmRhcmluXQpCZW5hci1iZW5hciB5YW5nIHRlcmJhaWshIEthbGF1IGFrdSBkYXRhbmcga2Ugc2luaSwgYWt1IHNlbGFsdSBtYWthbiBNYW5kdSBOYWZhcyBBcGkgc2FqYS4gQmVuYXItYmVuYXIgeWFuZyB0ZXJiYWlrIQ==,W01hbmRhcmluXQpHZXLDp2VrdGVuIGVuIGl5aXNpISBCZW4gYnVyYXlhIGdlbGluY2UgaGVwIHNhZGVjZSBLw7Ztw7xyZGUgSXpnYXJhIE5lZmVzIE1hbnTEsXPEsSB5ZXJpbS4gR2Vyw6dla3RlbiBlbiBpeWlzaSE=
F7Ke,7ISx7ISx7YyM7ZWc,U3VuZ3N1biBQYWhhbg==,,5Zyj5ZaE5biV5rGJ,,U3VuZ3N1biBQYWhhbg==,,,U3VuZ3N1biBQYWhhbg==,U3VuZ3N1biBQYWhhbg==,U3VuZ3N1biBQYWhhbg==,U3VuZ3N1biBQYWhhbg==,U3VuZ3N1biBQYWhhbg==
GLKe,7ISx7ISx7YyM7ZWcIDog7ZuELi4uIOqzoOuPheydhCDtm4Tro6jro6kg7IK87YKk64qUIOupi+ynhCDrgpgu,U3VuZ3N1biBQYWhhbiBIYeKApiB3aGF0IGEgd29uZGVyZnVsIHNpZ2h0LCBtZSBzbHVycGluZyBkb3duIG15IHNvbGl0dWRlLg==,,5Zyj5ZaE5biV5rGJOiDlkbwuLi7miorlraTni6zlkLjmupzlkJ7kuIvnmoTluIXmsJTnmoTmiJHjgII=,,U3VuZ3N1biBQYWhhbiA6IOC5gOC4ruC5ieC4rS4uLiDguILguYnguLLguJzguLnguYnguIHguKXguLfguJnguIHguLTguJnguITguKfguLLguKHguYLguJTguJTguYDguJTguLXguYjguKLguKfguK3guKLguYjguLLguIfguKrguIfguYjguLLguIfguLLguKE=,,,U3VuZ3N1biBQYWhhbiA6IEJ1Zi4uLiBRdcOpIGdlbmlhbCBzb3ksIHRyYWfDoW5kb21lIGxhIHNvbGVkYWQgZGUgdW4gc29yYm8u,U3VuZ3N1biBQYWhhbjogSGFjaCAuLi4gd2llIGdyb8OfYXJ0aWcgaWNoIGJpbiwgd2VubiBpY2ggZGllIEVpbnNhbWtlaXQgc2NobMO8cmZlbmQgaGludW50ZXJzY2hsaW5nZS4=,U3VuZ3N1biBQYWhhbiA6IFBmZuKApiBNb2ksIHNpIGNsYXNzZSwgw6AgYXZhbGVyIGxhIHNvbGl0dWRlIMOgIGdyYW5kZXMgZ29yZ8OpZXMu,U3VuZ3N1biBQYWhhbiA6IEh1aC4uLiBBa3UgeWFuZyBrZXJlbiwgbWVuZWxhbiBrZXNlcGlhbiBkZW5nYW4gc2x1cnAu,U3VuZ3N1biBQYWhhbiA6IEh1aC4uLiBZYWxuxLF6bMSxxJ/EsSDFn8SxcMSxciDFn8SxcMSxciB5dXRhbiBoYXJpa2EgYmVuLg==
GbKe,W+yEseyEse2MjO2VnF0K6rWt7IiY6rCAIOyii+uLpC4g64GK7J6E7JeG7J20IOydtOyWtOyngOuKlCDrqbTrsJzsnYAg64KY7J2YIOyCtuyXkOydmCDquLDrgpjquLQg7ZqM6rOgLg==,W1N1bmdzdW4gUGFoYW5dCk5vb2RsZXMgYXJlIGdvb2QuIFRoZSBlbmRsZXNzbHkgc3RyZXRjaGluZyBzdHJhbmRzIHJlbWluZCBtZSBvZiB0aGUgbG9uZyBqb3VybmV5IG9mIG15IGxpZmUu,,W+Wco+WWhOW4leaxiV0K5oiR5Zac5qyi6Z2i5p2h44CC5LiN5pat5bu25Ly455qE6Z2i5p2h77yM5bCx5YOP5oiR5a+55Lq655Sf55qE5ryr6ZW/5Zue6aG+44CC,,W1N1bmdzdW4gUGFoYW5dCuC4guC5ieC4suC4iuC4reC4muC4muC4sOC4q+C4oeC4teC5iCDguYDguKrguYnguJnguJfguLXguYjguKLguLLguKfguYTguKHguYjguKrguLTguYnguJnguKrguLjguJQg4LmA4Lib4Lij4Li14Lii4Lia4LmA4Liq4Lih4Li34Lit4LiZ4LiB4Liy4Lij4Lir4Lin4LiZ4Lij4Liz4Lil4Li24LiB4LiW4Li24LiH4LiK4Li14Lin4Li04LiV4LiC4Lit4LiH4LiC4LmJ4Liy,,,W1N1bmdzdW4gUGFoYW5dCk1lIGd1c3RhbiBsb3MgZmlkZW9zLiBTdXMgaGVicmFzIHF1ZSBzZSBwcm9sb25nYW4gc2luIGNlc2FyIHNvbiB1bmEgbGFyZ2EgcmVmbGV4acOzbiBzb2JyZSBtaSB2aWRhLg==,W1N1bmdzdW4gUGFoYW5dCk51ZGVsbiBzaW5kIGd1dC4gRGllIGVuZGxvcyBzaWNoIHppZWhlbmRlbiBTdHLDpG5nZSBzaW5kIGVpbiBsYW5nZXIgUsO8Y2tibGljayBhdWYgbWVpbiBMZWJlbi4=,W1N1bmdzdW4gUGFoYW5dCkonYWltZSBsZXMgbm91aWxsZXMuIENlcyBmaWxzIGRlIG5vdWlsbGVzIHF1aSBuJ2VuIGZpbmlzc2VudCBwYXMgc29udCB1bmUgbG9uZ3VlIHLDqXRyb3NwZWN0aXZlIGRlIG1hIHZpZS4=,W1N1bmdzdW4gUGFoYW5dCk1pIGt1YWggaXR1IGVuYWsuIFVudGFpYW4gbWkgeWFuZyB0ZXJ1cyBiZXJzYW1idW5nIGFkYWxhaCByZW51bmdhbiBwYW5qYW5nIHRlbnRhbmcgaGlkdXBrdS4=,W1N1bmdzdW4gUGFoYW5dCkVyacWfdGUgaXlpZGlyLiBEdXJtYWtzxLF6xLFuIHV6YXnEsXAgZ2lkZW4gZXJpxZ90ZSB0ZWxsZXJpLCBoYXlhdMSxbWEgZGFpciB1enVuIGJpciBnZXJpIGJha8SxxZ8u
GrKe,W+yEseyEse2MjO2VnF0K6re4IOyGjeyXkOyEnCDsgqzsg4nsl5Ag7J6g6rKoIOuptOuwnOydhCDruajslYTrk6TsnbTripQg64KY7J2YIOuqqOyKteydgCDrp4jsuZgg7J2A67mbIOq5g+2OnOydhCDrrLgg6rmM66eI6reALi4uIO2BrCwg7KCV66eQIOuqheyLnOuLpC4g7J206rG0IOyggeyWtOuRrOyVvOqyoOyWtC4=,W1N1bmdzdW4gUGFoYW5dCkFuZCB0aGVyZSBJIGFtLCBsb3N0IGluIHRob3VnaHQgYXMgSSBzbHVycCB0aGVtIHVwLCBsaWtlIGEgcmF2ZW4gaG9sZGluZyBhIHNpbHZlciBxdWlsbOKApgpIYSwgcHVyZSBwb2V0cnkuIEkgbXVzdCB3cml0ZSB0aGlzIGRvd24u,,W+Wco+WWhOW4leaxiV0K5rKJ5rW45Zyo5oCd57Si5Lit5ZC4552A6Z2i5p2h55qE5oiR77yM566A55u05bCx5YOP5Y+8552A6ZO26Imy57695q+b56yU55qE5LmM6bimLi4u5ZG177yM55yf5piv5ZCN5Y+l44CC6L+Z5b6X6K6w5LiL5p2l44CC,,W1N1bmdzdW4gUGFoYW5dCuC4iOC4oeC4reC4ouC4ueC5iOC5g+C4meC4oOC4p+C4seC4h+C4hOC5jCDguYDguITguLXguYnguKLguKfguYDguKrguYnguJnguK3guKLguYjguLLguIfguKXguLjguYjguKHguKXguLbguIEg4Lij4Liy4Lin4LiB4Lix4Lia4Lit4Li14LiB4Liy4LiX4Li14LmI4LiE4Liy4Lia4Lib4Liy4LiB4LiB4Liy4LiC4LiZ4LiZ4LiB4Liq4Li14LmA4LiH4Li04LiZLi4uIOC4ruC4tuC5iOC4oSDguJnguLXguYjguKHguLHguJnguJrguJfguIHguKfguLXguIrguLHguJQg4LmGIOC4leC5ieC4reC4h+C4iOC4lOC5hOC4p+C5ieC5gOC4quC4teC4ouC4q+C4meC5iOC4reC4og==,,,W1N1bmdzdW4gUGFoYW5dCk1pIGZpZ3VyYSwgYWJzb3J0YSBlbiBwZW5zYW1pZW50b3MgbWllbnRyYXMgc29yYm8gbG9zIGZpZGVvcywgZXMgY29tbyB1biBjdWVydm8gcXVlIHNvc3RpZW5lIHVuYSBwbHVtYSBkZSBwbGF0YSBlbiBlbCBwaWNvLi4uIEJ1ZiwgcXXDqSBncmFuIHBvZW1hLiBUZW5nbyBxdWUgYXB1bnRhcmxvLg==,W1N1bmdzdW4gUGFoYW5dCldpZSBpY2ggZGFiZWksIGluIEdlZGFua2VuIHZlcnN1bmtlbiwgZGllIE51ZGVsbiBlaW5zYXVnZSwgZ2xlaWNoZSBpY2ggZWluZW0gUmFiZW4gbWl0IGVpbmVyIHNpbGJlcm5lbiBGZWRlciBpbSBTY2huYWJlbCAuLi4gSGFjaCwgd2FocmxpY2ggZWluIGdyb8OfYXJ0aWdlciBWZXJzLiBEYXMgbXVzcyBpY2ggbWlyIGF1ZnNjaHJlaWJlbi4=,W1N1bmdzdW4gUGFoYW5dCkV0IG1vaSwgYWJzb3Jiw6kgZGFucyBtZXMgcGVuc8OpZXMsIGFzcGlyYW50IGxlcyBub3VpbGxlcywgamUgcmVzc2VtYmxlIMOgIHVuIGNvcmJlYXUgdGVuYW50IHVuZSBwbHVtZSBkJ2FyZ2VudC4uLiBLcnIsIHF1ZWwgdmVycyBtYWduaWZpcXVlLiBKZSBkb2lzIGxlIG5vdGVyLg==,W1N1bmdzdW4gUGFoYW5dClNvc29ra3UgeWFuZyB0ZW5nZ2VsYW0gZGFsYW0gcGVyZW51bmdhbiBzYW1iaWwgbWVueWVydXB1dCBtaSBpdHUgYmFnYWlrYW4gZ2FnYWsgeWFuZyBtZW5nZ2lnaXQgcGVuYSBidWx1IHBlcmFrLi4uIEhtLCBiZW5hci1iZW5hciBiYWl0IHlhbmcgaW5kYWguIEluaSBoYXJ1cyBrdXR1bGlzLg==,W1N1bmdzdW4gUGFoYW5dCk9udW4gacOnaW5kZSBkw7zFn8O8bmNlbGVyZSBkYWzEsXAgZXJpxZ90ZXlpIGnDp2ltZSDDp2VracWfaW0sIHNhbmtpIGfDvG3DvMWfIGJpciB0w7x5IGthbGVtaSBhxJ96xLFuZGEgdHV0YW4gYmlyIGthcmdhLi4uIEhhaCwgZ2Vyw6dla3RlbiBkZSBnw7x6ZWwgYmlyIGRpemUuIEJ1bnUgbm90IGV0bWVsaXlpbS4=
G7Ke,6rWt64KY656A,R3VrIE5hcmFu,,6Z6g5aic5YWw,,R3VrIE5hcmFu,,,R3VrIE5hcmFu,R3VrIE5hcmFu,R3VrIE5hcmFu,R3VrIE5hcmFu,R3VrIE5hcmFu
HLKe,6rWt64KY656AIDog7Jqw66asIO2VoOuouOuLiOuKlCDrrZDrk6Dsp4Ag64ukIOyVjOyVhOyalCE=,R3VrIE5hcmFuIE15IGdyYW5kbWEga25vd3MgZXZlcnl0aGluZyE=,,5oiR5aW25aW25LuA5LmI6YO955+l6YGT77yB,,R3VrIE5hcmFuIDog4LiE4Li44LiT4Lii4LmI4Liy4LiC4Lit4LiH4LiC4LmJ4Liy4Lij4Li54LmJ4LiX4Li44LiB4Lit4Lii4LmI4Liy4LiH4LmA4Lil4LiiIQ==,,,R3VrIE5hcmFuIDogwqFNaSBBYnVlbGEgbG8gc2FiZSB0b2RvIQ==,R3VrIE5hcmFuIDogTWVpbmUgT21hIHdlacOfIGVpbmZhY2ggYWxsZXMh,R3VrIE5hcmFuIDogTWEgZ3JhbmQtbcOocmUgc2FpdCB0b3V0IQ==,R3VrIE5hcmFuIDogTmVuZWtrdSB0YWh1IHNlZ2FsYW55YSE=,R3VrIE5hcmFuIDogQml6aW0gYsO8ecO8a2FubmVtIGhlciDFn2V5aSBiaWxpciE=
HbKe,W+q1reuCmOuegF0K7JWE67mg656RIOunjOuRkCDqsIDqsowg7JWE7KCA7JSo656RIOyLuOybjOyalD8K7Iu47Jqw66m0IOyEoOyDneuLmO2VnO2FjCDtmLzrgpjripTrjbAu,W0d1ayBOYXJhbl0KQXJlIERhZCBhbmQgdGhlIGR1bXBsaW5nIHNob3AgbWFuIGZpZ2h0aW5nPwpJZiB5b3UgZmlnaHQsIHRoZSB0ZWFjaGVyIGdldHMgbWFkIGF0IHlvdS4=,,W+meoOWonOWFsF0K54i454i45ZKM5YyF5a2Q5bqX55qE5aSn5Y+U5Zyo5ZC15p625ZCX77yfCuWQteaetueahOivneS8muiiq+iAgeW4iOmqgueahOOAgg==,,W0d1ayBOYXJhbl0K4Lie4LmI4Lit4LiB4Lix4Lia4Lil4Li44LiH4Lij4LmJ4Liy4LiZ4LmA4LiB4Li14LmK4Lii4Lin4LiB4Liz4Lil4Lix4LiH4LiX4Liw4LmA4Lil4Liy4Liw4LiB4Lix4LiZ4Lir4Lij4Li34LitCuC4luC5ieC4suC4l+C4sOC5gOC4peC4suC4sOC4geC4seC4meC4iOC4sOC5guC4lOC4meC4hOC4o+C4ueC4lOC4uOC4meC4sA==,,,W0d1ayBOYXJhbl0Kwr9NaSBwYXDDoSBlc3TDoSBwZWxlYW5kbyBjb24gZWwgU2XDsW9yIGRlIGxhIHRpZW5kYSBkZSBNYW5kdT8KUGVybyBzaSBwZWxlYXMsIGVsIHByb2Zlc29yIHRlIHJlZ2HDsWEu,W0d1ayBOYXJhbl0KU3RyZWl0ZW4gUGFwYSB1bmQgZGVyIE9ua2VsIHZvbSBNYW5kdS1MYWRlbj8KV2VubiBtYW4gc2ljaCBzdHJlaXRldCwgd2lyZCBtYW4gdm9tIExlaHJlciBhdXNnZXNjaGltcGZ0Lg==,W0d1ayBOYXJhbl0KUGFwYSBzZSBkaXNwdXRlIGF2ZWMgTW9uc2lldXIgZHUgbWFnYXNpbiBkZSByYXZpb2xpcyA/ClNpIG9uIHNlIGRpc3B1dGUsIGxhIG1hw650cmVzc2Ugbm91cyBncm9uZGUu,W0d1ayBOYXJhbl0KQXlhaCBiZXJ0ZW5na2FyIGRlbmdhbiBwYW1hbiBwZW1pbGlrIHRva28gcGFuZ3NpdD8KS2FsYXUgYmVydGVuZ2thciwgbmFudGkgZGltYXJhaGkgZ3VydS4=,W0d1ayBOYXJhbl0KQmFiYW1sYSBtYW50xLEgZMO8a2vDom7EsW5kYWtpIGFtY2Ega2F2Z2EgbcSxIGVkaXlvcj8KS2F2Z2EgZWRlcnNlbiDDtsSfcmV0bWVuIGF6YXJsYXIu
HrKe,W+q1reuCmOuegF0K7Iu47Jqw64qUIOqxsCDslYTri4jsl5DsmpQ/Cu2VoOuouOuLiO2VnO2FjCDsl6zsraTrs7Trn6wg6rCA7JW86rKg64ukLg==,W0d1ayBOYXJhbl0KWW914oCZcmUgbm90IGZpZ2h0aW5nPwpUaGVuIEkgc2hvdWxkIGdvIGFzayBHcmFuZG1hLg==,,W+meoOWonOWFsF0K5LiN5piv5Zyo5ZC15p625ZCX77yfCuaIkeW+l+WOu+mXrumXruWltuWltuOAgg==,,W0d1ayBOYXJhbl0K4LmE4Lih4LmI4LmE4LiU4LmJ4LiX4Liw4LmA4Lil4Liy4Liw4LiB4Lix4LiZ4Lir4Lij4Li34LitCuC4h+C4seC5ieC4meC4guC5ieC4suC4iOC4sOC5hOC4m+C4luC4suC4oeC4hOC4uOC4k+C4ouC5iOC4suC4lOC4uQ==,,,W0d1ayBOYXJhbl0Kwr9ObyBlc3TDoW4gcGVsZWFuZG8/ClRlbmdvIHF1ZSBpciBhIHByZWd1bnRhcmxlIGEgbWkgQWJ1ZWxhLg==,W0d1ayBOYXJhbl0KU3RyZWl0ZXQgaWhyIGdhciBuaWNodD8KRGFubiBnZWggaWNoIGxpZWJlciB6dXIgT21hIHVuZCBmcmFnIHNpZS4=,W0d1ayBOYXJhbl0KVm91cyBuZSB2b3VzIGRpc3B1dGV6IHBhcyA/CkplIHZhaXMgYWxsZXIgZGVtYW5kZXIgw6AgZ3JhbmQtbcOocmUu,W0d1ayBOYXJhbl0KQnVrYW4gYmVydGVuZ2thcj8KQWt1IGhhcnVzIHBlcmdpIGJlcnRhbnlhIHBhZGEgTmVuZWsu,W0d1ayBOYXJhbl0KS2F2Z2EgZXRtaXlvciBtdXN1bnV6PwpCw7x5w7xrYW5uZXllIHNvcm1heWEgZ2l0bWVsaXlpbS4=
H7Ke,7IS466W067CY,U2VydmFu,,5aGe5bCU5LiH,,U2VydmFu,,,U2VydmFu,U2VydmFu,U2VydmFu,U2VydmFu,U2VydmFu
ILKe,W+yEuOultOuwmF0K64Kg7JSoIOyii+uLpC4g7Jes6riw64qUIOuwlOuLt+qwgOyngOunjCDsl6zrpoTsnbTrnbzrj4Qg65yo6rKB6rKMIOuNpeyngCDslYrslYTshJwg7KCV66eQIOyii+yVhOyalC4=,W1NlcnZhbl0KU3VjaCBuaWNlIHdlYXRoZXIuIEl04oCZcyB0aGUgc2Vhc2lkZSwgYnV0IGV2ZW4gaW4gc3VtbWVyIGl04oCZcyBub3QgdW5iZWFyYWJseSBob3QgaGVyZS4gSSByZWFsbHkgbGlrZSB0aGF0Lg==,,W+WhnuWwlOS4h10K5aSp5rCU55yf5aW944CC6L+Z6YeM5piv5rW36L6577yM5bCx566X5piv5aSP5aSp5Lmf5LiN5Lya54Ot5b6X5Y+R54Or77yM55yf5piv5aSq5aW95LqG44CC,,W1NlcnZhbl0K4Lit4Liy4LiB4Liy4Lio4LiU4Li14LiZ4Lix4LiBIOC4l+C4teC5iOC4meC4teC5iOC5gOC4m+C5h+C4meC4iuC4suC4ouC4l+C4sOC5gOC4peC5geC4leC5iOC4luC4tuC4h+C5gOC4m+C5h+C4meC4q+C4meC5ieC4suC4o+C5ieC4reC4meC4geC5h+C5hOC4oeC5iOC5hOC4lOC5ieC4o+C5ieC4reC4meC4iOC4seC4lCDguILguYnguLLguIrguK3guJrguKHguLLguIE=,,,W1NlcnZhbl0KSGFjZSBidWVuIHRpZW1wby4gQXVucXVlIGVzdGFtb3MganVudG8gYWwgbWFyLCBuaSBzaXF1aWVyYSBlbiB2ZXJhbm8gaGFjZSB1biBjYWxvciBzb2ZvY2FudGUsIHkgZXNvIGVzdMOhIG11eSBiaWVuLg==,W1NlcnZhbl0KU2Now7ZuZXMgV2V0dGVyLiBIaWVyIGlzdCB6d2FyIGRpZSBLw7xzdGUsIGFiZXIgc2VsYnN0IGltIFNvbW1lciBpc3QgZXMgbmljaHQgYnLDvHRlbmQgaGVpw58sIGRhcyBnZWbDpGxsdCBtaXIgd2lya2xpY2gu,W1NlcnZhbl0KUXVlbCBiZWF1IHRlbXBzLiBJY2ksIGMnZXN0IGxlIGJvcmQgZGUgbWVyLCBtYWlzIG3Dqm1lIGVuIMOpdMOpIGlsIG5lIGZhaXQgcGFzIHVuZSBjaGFsZXVyIMOpdG91ZmZhbnRlLCBjJ2VzdCB2cmFpbWVudCBhZ3LDqWFibGUu,W1NlcnZhbl0KQ3VhY2FueWEgYmFndXMuIEluaSBtZW1hbmcgcGFudGFpLCB0YXBpIGJhaGthbiBzYWF0IG11c2ltIHBhbmFzIHB1biB0aWRhayBwYW5hcyBtZW55ZW5nYXQsIGphZGkgYWt1IHNhbmdhdCBzdWthLg==,W1NlcnZhbl0KSGF2YSBnw7x6ZWwuIEJ1cmFzxLEgZGVuaXoga8SxecSxc8SxIGFtYSB5YXogb2xzYSBiaWxlIGthdnVydWN1IGRlcmVjZWRlIHPEsWNhayBvbG1hZMSxxJ/EsSBpw6dpbiBnZXLDp2VrdGVuIMOnb2sgaXlpLg==
IbKe,W+yEuOultOuwmF0K7ZW066Oh7J2AIOuCoOyUqOqwgCDsoovslYTshJwg7Jes6riwIOuouOusvOuggOuLpOyngOunjCwg7Jes6riwIO2VtOujoeydtCDrqLjrrLTrpbgg642V67aE7JeQIOyasOumrOuPhCDrsJTri6Tsl5DshJwg64aA6riw6rCAIOuNlCDsoovslYTsoYzrhKTsmpQu,W1NlcnZhbl0KVGhleSBzYXkgdGhlIFNlYSBEcmFnb24gc3RheWVkIGhlcmUgYmVjYXVzZSBvZiB0aGUgcGxlYXNhbnQgd2VhdGhlciwKYW5kIHRoYW5rcyB0byB0aGF0LCB3ZSBnZXQgdG8gZW5qb3kgdGhlIG9jZWFuIGV2ZW4gbW9yZS4=,,W+WhnuWwlOS4h10K5rW36b6Z6K+05piv5Zug5Li65aSp5rCU5aW95omN55WZ5Zyo6L+Z6YeM77yM5L2G5Lmf5aSa5LqP5rW36b6Z55WZ5Zyo6L+Z5YS/77yM5oiR5Lus5Zyo5rW36YeM546p5Lmf5pu05byA5b+D5LqG44CC,,W1NlcnZhbl0K4LmE4LiU4LmJ4Lii4Li04LiZ4Lin4LmI4Liy4LiX4LmI4Liy4LiZ4Lih4Lix4LiH4LiB4Lij4LiX4Liw4LmA4Lil4LiV4Lix4LiU4Liq4Li04LiZ4LmD4LiI4Lit4Lii4Li54LmI4LiX4Li14LmI4LiZ4Li14LmI4LmA4Lie4Lij4Liy4Liw4Lit4Liy4LiB4Liy4Lio4LiU4Li1IOC5geC4leC5iOC5gOC4nuC4o+C4suC4sOC4l+C5iOC4suC4meC4oeC4seC4h+C4geC4o+C4l+C4sOC5gOC4peC4reC4ouC4ueC5iOC4l+C4teC5iOC4meC4teC5iCDguJ7guKfguIHguYDguKPguLLguIHguYfguYDguKXguKLguKLguLTguYjguIfguIrguK3guJrguJfguLDguYDguKXguKHguLLguIHguILguLbguYnguJnguYTguJvguK3guLXguIHguYDguKXguKLguKXguYjguLA=,,,W1NlcnZhbl0KRGljZW4gcXVlIGVsIERyYWfDs24gTWFyaW5vIHNlIHF1ZWTDsyBhcXXDrSBwb3IgZWwgYnVlbiB0aWVtcG8sIHBlcm8gZ3JhY2lhcyBhIHF1ZSBzZSBoYSBxdWVkYWRvLCB0YW1iacOpbiBub3NvdHJvcyBwb2RlbW9zIGRpc2ZydXRhciBtw6FzIGRlbCBtYXIu,W1NlcnZhbl0KTWFuIHNhZ3QsIGRlciBTZWVkcmFjaGUgc2VpIHdlZ2VuIGRlcyBzY2jDtm5lbiBXZXR0ZXJzIGhpZXJnZWJsaWViZW4uIEFiZXIgd2VpbCBkZXIgU2VlZHJhY2hlIGhpZXIgdmVyd2VpbHRlLCBpc3QgZXMgYXVjaCBmw7xyIHVucyBub2NoIHNjaMO2bmVyIGdld29yZGVuLCBpbSBNZWVyIHp1IHNwaWVsZW4u,W1NlcnZhbl0KT24gZGl0IHF1ZSBsZSBkcmFnb24gZGVzIG1lcnMgZXN0IHJlc3TDqSBpY2kgcGFyY2UgcXXigJlpbCBmYWl0IGJlYXUuIEV0IGdyw6JjZSDDoCBsdWksIG5vdXMgYXVzc2ksIG9uIHByb2ZpdGUgZW5jb3JlIHBsdXMgZGUgbGEgbWVyLg==,W1NlcnZhbl0KS2F0YW55YSBOYWdhIExhdXQgdGluZ2dhbCBkaSBzaW5pIGthcmVuYSBjdWFjYW55YSBiYWd1cywgdGFwaSBiZXJrYXQgTmFnYSBMYXV0IHlhbmcgdGluZ2dhbCBkaSBzaW5pLCBrYW1pIGp1Z2EgamFkaSBsZWJpaCBzZW5hbmcgYmVybWFpbiBkaSBsYXV0Lg==,W1NlcnZhbl0KRGVuaXogZWpkZXJoYXPEsSBoYXZhIGfDvHplbCBkaXllIGJ1cmFkYSBrYWxtxLHFnyBkZXJsZXIgYW1hLCBkZW5peiBlamRlcmhhc8SxIGJ1cmFkYSBrYWxkxLHEn8SxIGnDp2luIGJpemltIGRlIGRlbml6ZGUgZcSfbGVubWVtaXogZGFoYSBkYSBnw7x6ZWwgb2xkdS4=
IrKe,7IKs7YOV6rCA6rKMIOqzoOyWkeydtA==,Q2FuZHkgU2hvcCBDYXQ=,,57OW5p6c5bqX54yr5ZKq,,Q2FuZHkgU2hvcCBDYXQ=,,,R2F0byBkZSBsYSBUaWVuZGEgZGUgRHVsY2Vz,U8O8w593YXJlbmxhZGVuLUthdHpl,Q2hhdCBkZSBsYSBjb25maXNlcmll,Q2FuZHkgU2hvcCBDYXQ=,xZ5la2VyY2kgS2VkaQ==
I7Ke,7IKs7YOV6rCA6rKMIDog64Ol64OlLCDsnbTqsoMg7LC4IOqzpOuegO2VmOuLpOuDpS4g64SI66y0IOuwlOyBmOuLpOuDpS4=,Q2FuZHkgU2hvcCBOeWFuIG55YW4sIHRoaXMgaXMgc3VjaCBhIHByb2JsZW0sIG55YW4uIEnigJltIHNvb28gYnVzeSwgbnlhbi4=,,57OW5p6c5bqXOiDllrXllrXvvIzov5nlj6/nnJ/kuLrpmr7llrXjgILlpKrlv5nkuobllrXjgII=,,Q2FuZHkgU2hvcCA6IOC5gOC4q+C4oeC4teC4ouC4p+C5gOC4q+C4oeC4teC4ouC4pyDguKXguLPguJrguLLguIHguIjguKPguLTguIfguYDguKvguKHguLXguKLguKcg4Lii4Li44LmI4LiH4Lih4Liy4LiB4LmA4Lir4Lih4Li14Lii4Lin,,,VGllbmRhIGRlIER1bGNlczogTWlhdSwgbWlhdSwgZXN0byBzw60gcXVlIGVzIHVuIHByb2JsZW1hLCBtaWF1LiBObyBkb3kgYWJhc3RvLCBtaWF1Lg==,U8O8w593YXJlbmxhZGVuOiBOeWFuLW55YW4sIGRhcyBpc3QgZWNodCB1bmVycXVpY2tsaWNoLCBueWEuIEljaCBiaW4gc29vbyBiZXNjaMOkZnRpZ3QsIG55YS4=,Q2hhdCBkZSBsYSBjb25maXNlcmllIDogTWlhb3UsIGPigJllc3QgZW1iYXJyYXNzYW50LCBtaWFvdS4gVHJvcCBvY2N1cMOpLCBtaWFvdS4=,VG9rbyBQZXJtZW4gOiBOeWEtbnlhLCBpbmkgbWVyZXBvdGthbiwgbnlhLiBUZXJsYWx1IHNpYnVrLCBueWEu,xZ5la2VyY2kgZMO8a2thbsSxIDogTWl5YXYgbWl5YXYsIGJ1IGdlcsOnZWt0ZW4gZGUgem9yIGJpciBkdXJ1bSBtaXlhdi4gw4dvayBtZcWfZ3Vsw7xtIG1peWF2Lg==
JLKe,W+yCrO2DleqwgOqyjCDqs6DslpHsnbRdCuqwgOuwqSDrubXrubXtlZjri6Trg6UuIOuEiOuPhCDrsJTsgZjqsowg64+M7JWE64uk64uI64KYIOuztOuLpOuDpS4K6rCA67CpIOyigCDsoJXrpqztlZjqs6Ag7JmA7IScIOuCmCDsooAg64+E7JmA7KSY7JaRLg==,W0NhbmR5IFNob3AgQ2F0XQpZb3VyIGJhZ+KAmXMgYWxsIHN0dWZmZWQsIG55YW4uIFlvdeKAmXZlIGJlZW4gcnVubmluZyBhcm91bmQgYnVzeSB0b28sIGh1aCwgbnlhbj8KR28gdGlkeSB1cCB5b3VyIGJhZyBhbmQgdGhlbiBjb21lIGhlbHAgbWUgb3V0LCBueWF+,,W+ezluaenOW6l+eMq+WSql0K5YyF5YyF6byT6byT55qE5Za144CC5L2g5Lmf5Zyo5b+Z552A5Yiw5aSE6LeR5ZCn5Za144CCCuWFiOWOu+aVtOeQhuS4gOS4i+WMheWMhe+8jOWGjeWbnuadpeW4ruW4ruaIkeWWteOAgg==,,W0NhbmR5IFNob3AgQ2F0XQrguIHguKPguLDguYDguJvguYvguLLguYDguIjguYnguLLguIHguYfguYDguJXguYfguKHguYDguK3guLXguYnguKLguJTguYDguKXguKLguYDguKHguLXguYrguKLguKcg4LiU4Li54LiX4LmI4Liy4LiI4Liw4Lin4Li04LmI4LiH4Lin4Li44LmI4LiZ4LmE4Lih4LmI4LmB4Lie4LmJ4LiB4Lix4LiZCuC5hOC4m+C4iOC4seC4lOC4geC4o+C4sOC5gOC4m+C5i+C4suC4oeC4suC5g+C4q+C5ieC5gOC4o+C4teC4ouC4muC4o+C5ieC4reC4oiDguYHguKXguYnguKfguKHguLLguIrguYjguKfguKLguILguYnguLLguKvguJnguYjguK3guKLguKrguLTguYDguKHguLXguYrguKLguKc=,,,W0dhdG8gZGUgbGEgVGllbmRhIGRlIER1bGNlc10KVGllbmVzIGxhIGJvbHNhIGEgcmV2ZW50YXIsIG1pYXUuIFBhcmVjZSBxdWUgdMO6IHRhbWJpw6luIGFuZGFzIGRlIHVuIGxhZG8gcGFyYSBvdHJvIHNpbiBwYXJhciwgbWlhdS4KT3JkZW5hIHVuIHBvY28gdHUgYm9sc2EgeSB2dWVsdmUgcGFyYSBheXVkYXJtZSwgbWlhdS4=,W1PDvMOfd2FyZW5sYWRlbi1LYXR6ZV0KRGVpbmUgVGFzY2hlIGlzdCBqYSByYW5kdm9sbCwgbnlhLiBEdSBiaXN0IHdvaGwgYXVjaCBnYW56IHNjaMO2biBiZXNjaMOkZnRpZ3QgdW50ZXJ3ZWdzLCBueWEuClLDpHVtIGRlaW5lIFRhc2NoZSBlaW4gYmlzc2NoZW4gYXVmIHVuZCBrb21tIGRhbm4gd2llZGVyLCB1bSBtaXIgenUgaGVsZmVuLCBueWEu,W0NoYXQgZGUgbGEgY29uZmlzZXJpZV0KVG9uIHNhYyBlc3QgYmllbiBwbGVpbiwgbWlhb3UuIFRvaSBhdXNzaSwgdHUgY291cnMgcGFydG91dCwgbWlhb3UuClZhIGZhaXJlIHVuIHBldSBkZSBwbGFjZSBldCB2aWVucyBt4oCZYWlkZXIsIG1pYW91Lg==,W0t1Y2luZyBUb2tvIFBlcm1lbl0KVGFzbXUgcGVudWgsIG55YS4gU2VwZXJ0aW55YSBrYW11IGp1Z2Egc2lidWsgYmVya2VsaWxpbmcsIG55YS4KUmFwaWthbiB0YXNtdSBkdWx1IGxhbHUgZGF0YW5nIGJhbnR1IGFrdSwgbnlhLg==,W8WeZWtlcmNpIEtlZGldCsOHYW50YW4gdMSxa2EgYmFzYSBkb2x1IG1peWF2LiBTZW4gZGUga2/Fn3R1cnVwIGR1cnV5b3JzdW4gYW5sYcWfxLFsYW4gbWl5YXYuCsOHYW50YW7EsSBiaXJheiBkw7x6ZW5sZXlpcCBnZWwgZGUgYmFuYSBiaXJheiB5YXJkxLFtIGV0IG1peWF2Lg==
JbKe,W+yCrO2DleqwgOqyjCDqs6DslpHsnbRdCuuDpeuDpSwg64SI66y064SI66y0IOuwlOyBmOuLpOuDpS4g7ZWY7KeA66eMIOyVhOq4sCDrqqjtl5jqsIDsl5Dqsowg7Ius67aA66aE7J2EIOyLnO2CrCDsiJjripQg7JeG7KeA64OlLiDqsIDshJwg66qo7ZeY7ZWY652864OlLg==,W0NhbmR5IFNob3AgQ2F0XQpOeWFuIG55YW4sIEnigJltIHNvb28sIHNvb28gYnVzeSwgbnlhbi4gQnV0IEkgY2Fu4oCZdCBzZW5kIGEgbGl0dGxlIGJhYnkgYWR2ZW50dXJlciBvbiBlcnJhbmRzLCBueWFuLgpHbyBoYXZlIGFkdmVudHVyZXMgaW5zdGVhZCwgbnlhbi4=,,W+ezluaenOW6l+eMq+WSql0K5Za15Za177yM5aSqLi7lpKouLi7lpKrlv5nkuobllrXjgILkvYbkuZ/kuI3og73orqnlsI/lsI/lhpLpmanlrrbljrvot5Hohb/llrXjgILljrvlhpLpmanlkKfllrXjgII=,,W0NhbmR5IFNob3AgQ2F0XQrguYDguKHguLXguYrguKLguKfguYDguKHguLXguYrguKLguKcg4Lii4Li44LmI4LiH4Lih4Liy4LiB4LiI4Lij4Li04LiHIOC5hiDguYDguKHguLXguYrguKLguKcg4LmB4LiV4LmI4LiI4Liw4LmD4LiK4LmJ4LiZ4Lix4LiB4Lic4LiI4LiN4Lig4Lix4Lii4LmE4Lib4Lin4Li04LmI4LiH4LiY4Li44Lij4Liw4LiB4LmH4LmE4Lih4LmI4LmE4LiU4LmJCuC5hOC4m+C4reC4reC4geC4nOC4iOC4jeC4oOC4seC4ouC4guC4reC4h+C5gOC4iOC5ieC4suC5gOC4luC4reC4sOC5gOC4q+C4oeC4teC4ouC4pw==,,,W0dhdG8gZGUgbGEgVGllbmRhIGRlIER1bGNlc10KTWlhdSwgbWlhdSwgbm8gZG95IGFiYXN0bywgbWlhdS4gUGVybyBubyBwdWVkbyBtYW5kYXJ0ZSBhIGhhY2VyIHJlY2Fkb3Mgc2llbmRvIHRhbiBqb3ZlbiwgbWlhdS4gVmUgYSB2aXZpciBhdmVudHVyYXMsIG1pYXUu,W1PDvMOfd2FyZW5sYWRlbi1LYXR6ZV0KTnlhbi1ueWFuLCBpY2ggYmluIHNvLCBzbyBiZXNjaMOkZnRpZ3QsIG55YS4gQWJlciBpY2gga2FubiBlaW5lbSBrbGVpbmVuIEFiZW50ZXVyZXIga2VpbmUgQm90ZW5nw6RuZ2UgYXVmdHJhZ2VuLCBueWEuIEdlaCB1bmQgZXJsZWJlIEFiZW50ZXVlciwgbnlhLg==,W0NoYXQgZGUgbGEgY29uZmlzZXJpZV0KTWlhb3UgbWlhb3UsIGplIHN1aXMgdGVsbGVtZW50LCB0ZWxsZW1lbnQgb2NjdXDDqSwgbWlhb3UuIE1haXMgamUgbmUgcGV1eCBwYXMgZW52b3llciB1biBiw6liw6kgYXZlbnR1cmllciBmYWlyZSBkZXMgY291cnNlcywgbWlhb3UuIFZhIMOgIGzigJlhdmVudHVyZSwgbWlhb3Uu,W0t1Y2luZyBUb2tvIFBlcm1lbl0KTnlhLW55YSwgYWt1IHNhbmdhdCwgc2FuZ2F0IHNpYnVrLCBueWEuIFRhcGkgYWt1IHRhayBiaXNhIG1lbnl1cnVoLW55dXJ1aCBBZHZlbnR1cmVyIGtlY2lsLCBueWEuIFBlcmdpIGJlcnBldHVhbGFuZ2xhaCwgbnlhLg==,W8WeZWtlcmNpIEtlZGldCk1peWF2IG1peWF2LCDDp29rIMOnb2sgbWXFn2d1bMO8bSBtaXlhdi4gQW1hIGvDvMOnw7xrIGJpciBtYWNlcmFjxLF5YSBhbmdhcnlhIHlhcHTEsXJhbWFtIG1peWF2LiBHaXQsIG1hY2VyYXlhIGF0xLFsIG1peWF2Lg==
JrKe,W+yCrO2DleqwgOqyjCDqs6DslpHsnbRdCuuDpeuDpSwg67CU7IGY64uk64OlLCDrhIjrrLTrhIjrrLQg67CU7IGY64uk64OlLgrqs6DslpHsnbQg7IaQ7J20652864+EIOu5jOumrOqzoCDsi7bsnYDrjbAg7KeA6riIIOqzoOyWkeydtCDshpDrj4Qg64SI66y0IOuwlOyBmOuLpOuDpS4=,W0NhbmR5IFNob3AgQ2F0XQpOeWFuIG55YW4sIGJ1c3ksIG55YW4sIHNvb28gYnVzeSwgbnlhbi4KSeKAmWQgYm9ycm93IGEgY2F04oCZcyBwYXcgaWYgSSBjb3VsZCwgYnV0IGV2ZW4gbXkgY2F0IHBhd3MgYXJlIGJ1c3kgcmlnaHQgbm93LCBueWFuLg==,,W+ezluaenOW6l+eMq+WSql0K5Za15Za177yM5b+Z5q275LqG5Za177yM5aSqLi7lpKouLi7lpKrlv5nkuobllrXjgIIK5oiR6YO95oOz5YCf5Y+q54yr5omL5LqG77yM5Y+v546w5Zyo6L+e54yr5omL5Lmf5aSq5b+Z5LqG5Za144CC,,W0NhbmR5IFNob3AgQ2F0XQrguYDguKHguLXguYrguKLguKcg4Lii4Li44LmI4LiH4Lih4Liy4LiBIOC4ouC4uOC5iOC4h+C4quC4uOC4lCDguYYg4LmA4Lih4Li14LmK4Lii4LinCuC4reC4ouC4suC4geC4ouC4t+C4oeC4oeC4t+C4reC5geC4oeC4p+C4quC4seC4geC4guC5ieC4suC4hyDguYHguJXguYjguJXguK3guJnguJnguLXguYnguYHguKHguYnguYHguJXguYjguKHguLfguK3guYHguKHguKfguIHguYfguKLguLHguIfguKLguLjguYjguIfguK3guKLguLnguYjguYDguKXguKLguYDguKvguKHguLXguKLguKc=,,,W0dhdG8gZGUgbGEgVGllbmRhIGRlIER1bGNlc10KTWlhdSwgbWlhdSwgbm8gcGFybywgbWlhdSwgbm8gZG95IGFiYXN0bywgbWlhdS4KTWUgdmVuZHLDrWEgYmllbiBxdWUgbWUgZWNoYXJhbiB1bmEgbWFubywgYXVucXVlIGZ1ZXJhIHVuYSBwYXRhIGRlIGdhdG8sIHBlcm8gYWhvcmEgaGFzdGEgbGFzIHBhdGFzIGRlIGdhdG8gZXN0w6FuIHJlcXVldGVvY3VwYWRhcywgbWlhdS4=,W1PDvMOfd2FyZW5sYWRlbi1LYXR6ZV0KTnlhbi1ueWFuLCBpY2ggYmluIGJlc2Now6RmdGlndCwgbnlhLCBzb29vIGJlc2Now6RmdGlndCwgbnlhLgpJY2ggd8O8cmRlIGphIHNvZ2FyIGVpbmUgS2F0emVucGZvdGUgenVyIEhpbGZlIG5laG1lbiwgYWJlciBzZWxic3QgZGllIEthdHplbnBmb3RlbiBzaW5kIGdlcmFkZSB2aWVsIHp1IGJlc2Now6RmdGlndCwgbnlhLg==,W0NoYXQgZGUgbGEgY29uZmlzZXJpZV0KTWlhb3UsIHRyb3Agb2NjdXDDqSwgbWlhb3UsIHZyYWltZW50IHRyb3Agb2NjdXDDqSwgbWlhb3UuCkrigJlhaW1lcmFpcyBlbXBydW50ZXIgdW5lIHBhdHRlIGRlIGNoYXQsIG1haXMgbcOqbWUgbGVzIHBhdHRlcyBzb250IHRyb3Agb2NjdXDDqWVzLCBtaWFvdS4=,W0t1Y2luZyBUb2tvIFBlcm1lbl0KTnlhLW55YSwgc2lidWssIG55YSwgc2FuZ2F0LXNhbmdhdCBzaWJ1aywgbnlhLgpBa3Ugc2FtcGFpIGluZ2luIG1lbWluamFtIHRhbmdhbiBrdWNpbmcsIHRhcGkgc2VrYXJhbmcgYmFoa2FuIHRhbmdhbiBrdWNpbmcganVnYSBzYW5nYXQgc2lidWssIG55YS4=,W8WeZWtlcmNpIEtlZGldCk1peWF2IG1peWF2LCBtZcWfZ3Vsw7xtIG1peWF2LCDDp29rIMOnb2sgbWXFn2d1bMO8bSBtaXlhdi4KS2VkaSBlbGkgYmlsZSDDtmTDvG7DpyBhbG1hayBpc3RlcmRpbSBhbWEgxZ91IGFuIGtlZGkgZWxpIGRlIMOnb2sgbWXFn2d1bCBtaXlhdi4=
J7Ke,W+yCrO2DleqwgOqyjCDqs6DslpHsnbRdCuyWtOudvCwg64SIISDsnpgg66eM64Ks64uk64OlLiDrqqjtl5jqsIAg7JWE64uI64OlPw==,W0NhbmR5IFNob3AgQ2F0XQpPaCEgWW91IHRoZXJlLCBueWFuISBQZXJmZWN0IHRpbWluZywgbnlhbi4gWW914oCZcmUgYW4gYWR2ZW50dXJlciwgYXJlbuKAmXQgeW91LCBueWFuPw==,,W+ezluaenOW6l+eMq+WSql0K5ZKm77yM5piv5L2g5Za177yB5q2j5aW96YGH5Yiw5L2g5Za144CC5L2g5LiN5piv5YaS6Zmp5a625ZCX5Za177yf,,W0NhbmR5IFNob3AgQ2F0XQrguK3guYrguLAg4LmA4LiI4LmJ4LiyISDguYDguIjguK3guIHguLHguJnguJ7guK3guJTguLXguYDguKXguKLguYDguKHguLXguYrguKLguKcg4LmA4LiI4LmJ4Liy4LmA4Lib4LmH4LiZ4LiZ4Lix4LiB4Lic4LiI4LiN4Lig4Lix4Lii4LmD4LiK4LmI4LmE4Lir4LihPw==,,,W0dhdG8gZGUgbGEgVGllbmRhIGRlIER1bGNlc10KwqFBbmRhLCB0w7ohIFF1w6kgc3VlcnRlIGVuY29udHJhcnRlLCBtaWF1LiDCv05vIGVyZXMgQXZlbnR1cmVybz8=,W1PDvMOfd2FyZW5sYWRlbi1LYXR6ZV0KT2gsIGR1ISBHdXQsIGRhc3MgaWNoIGRpY2ggdHJlZmZlLCBueWEuIER1IGJpc3QgZG9jaCBlaW4gQWJlbnRldXJlciwgbnlhPw==,W0NoYXQgZGUgbGEgY29uZmlzZXJpZV0KT2gsIHRvaSAhIFF1ZWxsZSByZW5jb250cmUsIG1pYW91LiBUdSBlcyB1biBhdmVudHVyaWVyLCBub24sIG1pYW91ID8=,W0t1Y2luZyBUb2tvIFBlcm1lbl0KT2gsIGthbXUhIFBhcyBzZWthbGksIG55YS4gS2FtdSBBZHZlbnR1cmVyLCBidWthbiwgbnlhPw==,W8WeZWtlcmNpIEtlZGldCkFhLCBzZW4hIFRhbSBkYSBpeWkgZGVuayBnZWxkaW4gbWl5YXYuIE1hY2VyYWPEsSBkZcSfaWwgbWlzaW4gbWl5YXY/
KLKe,66ee7JWE7JqULg==,VGhhdOKAmXMgcmlnaHQu,,5rKh6ZSZ44CC,,4LmD4LiK4LmI,,,U8OtLCBsbyBzb3ku,SmEu,Q+KAmWVzdCB2cmFpLg==,QmVuYXIu,RXZldC4=
KbKe,7KCIIOyVhOyEuOyalD8=,RG8geW91IGtub3cgbWU/,,5L2g6K6k6K+G5oiR5ZCX77yf,,4LmA4LiI4LmJ4Liy4Lij4Li54LmJ4LiI4Lix4LiB4LiC4LmJ4Liy4Lir4Lij4Li34Lit,,,wr9NZSBjb25vY2VzPw==,S2VubmVuIFNpZSBtaWNoPw==,Vm91cyBtZSBjb25uYWlzc2V6ID8=,S2FtdSBtZW5nZW5hbGt1Pw==,QmVuaSB0YW7EsXlvciBtdXN1bnV6Pw==
KrKe,W+yCrO2DleqwgOqyjCDqs6DslpHsnbRdCu2VmO2VmCwg6re465+8LiDri7nsl7DtlZjsp4AsIOuDpSEg64KYIOuzuCDsoIEg7J6I7KeAIOyViuuDpS4KLi4uLi4u7JeG64OlPyDsl4bslrTrj4Qg7IOB6rSA7JeG64OlLiDsnbTqsoPrj4Qg7J247Jew7J24642wLCDrgpgg7KKAIOuPhOyZgOyjvOudvOuDpS4=,W0NhbmR5IFNob3AgQ2F0XQpIYWhhLCBvZiBjb3Vyc2UgSSBkbywgbnlhbiEgWW914oCZdmUgc2VlbiBtZSBiZWZvcmUsIHJpZ2h0LCBueWFuPwrigKZObywgbnlhbj8gRXZlbiBpZiBub3QsIGl04oCZcyBmaW5lLCBueWFuLiBUaGlzIG11c3QgYmUgZmF0ZSwgc28gaGVscCBtZSBvdXQsIG55YW4u,,W+ezluaenOW6l+eMq+WSql0K5ZOI5ZOI77yM6YKj5b2T54S25Za177yB5L2g6KeB6L+H5oiR5ZCn5Za144CCCi4uLi4uLuayoeingei/h+WWte+8n+ayoeingei/h+S5n+ayoeWFs+ezu+WWteOAgui/meS5n+aYr+e8mOWIhu+8jOW4ruaIkeS4quW/meWWteOAgg==,,W0NhbmR5IFNob3AgQ2F0XQrguK7guYjguLIg4LmGIOC5geC4meC5iOC4meC4reC4meC4quC4tOC5gOC4oeC4teC5iuC4ouC4pyDguILguYnguLLguYDguITguKLguYDguKvguYfguJnguYDguIjguYnguLLguKHguLLguIHguYjguK3guJnguYPguIrguYjguYTguKvguKHguKXguYjguLDguYDguKHguLXguYrguKLguKcKLi4uLi4u4LmE4Lih4LmI4LmA4LiE4Lii4Lir4Lij4Li34Lit4LmA4Lih4Li14LmK4Lii4LinPyDguYTguKHguYjguYDguJvguYfguJnguYTguKPguYDguKHguLXguYrguKLguKcg4LiW4Li34Lit4Lin4LmI4Liy4LmA4Lib4LmH4LiZ4Lin4Liy4Liq4LiZ4Liy4LmB4Lil4LmJ4LinIOC4oeC4suC4iuC5iOC4p+C4ouC4guC5ieC4suC4q+C4meC5iOC4reC4ouC5gOC4luC4reC4sOC5gOC4oeC4teC5iuC4ouC4pw==,,,W0dhdG8gZGUgbGEgVGllbmRhIGRlIER1bGNlc10KSmEsIGphLCBjbGFybyBxdWUgc8OtLCBtaWF1LiBNZSBoYXMgdmlzdG8gYW50ZXMsIMK/dmVyZGFkLCBtaWF1PwouLi4uLi7Cv05vLCBtaWF1PyBBdW5xdWUgbm8gbWUgaGF5YXMgdmlzdG8sIGRhIGlndWFsLCBtaWF1LiBZYSBxdWUgZWwgZGVzdGlubyBub3MgaGEgdW5pZG8sIGF5w7pkYW1lIHVuIHBvY28sIG1pYXUu,W1PDvMOfd2FyZW5sYWRlbi1LYXR6ZV0KSGFoYSwgbmEga2xhci4gTmF0w7xybGljaCwgbnlhISBEdSBoYXN0IG1pY2ggZG9jaCBzY2hvbiBtYWwgZ2VzZWhlbiwgbnlhLgouLi4uLi5OaWNodCwgbnlhPyBNYWNodCBuaWNodHMsIGF1Y2ggd2VubiBuaWNodCwgbnlhLiBJc3Qgd29obCB0cm90emRlbSBTY2hpY2tzYWwsIGFsc28gaGlsZiBtaXIgZWluIGJpc3NjaGVuLCBueWEu,W0NoYXQgZGUgbGEgY29uZmlzZXJpZV0KSGFoYSwgYmllbiBzw7tyLCBueWEgISBUdSBt4oCZYXMgZMOpasOgIHZ1LCBueWEuCuKApiBOb24sIG55YSA/IEJhaCwgcGV1IGltcG9ydGUsIG55YS4gQ+KAmWVzdCBsZSBkZXN0aW4sIGFsb3JzIGFpZGUtbW9pIHVuIHBldSwgbnlhLg==,W0t1Y2luZyBUb2tvIFBlcm1lbl0KSGFoYSwgYmVnaXR1LiBUZW50dSBzYWphLCBueWEhIEthbXUgcGVybmFoIG1lbGloYXRrdSwgbnlhLgouLi4uLi5UaWRhaywgbnlhPyBUaWRhayBhcGEtYXBhLCBueWEuIEluaSBqdWdhIHNlYnVhaCBwZXJ0ZW11YW4sIGphZGkgdG9sb25nIGJhbnR1IGFrdSwgbnlhLg==,W8WeZWtlcmNpIEtlZGldCkhhaGEsIGVsYmV0dGUuIFRhYmlpIGtpLCBtaXlhdiEgQmVuaSBnw7ZybcO8xZ9zw7xuZMO8ciBtaXlhdi4KLi4uLi4uR8O2cm1lZGluIG1pIG1peWF2PyBHw7ZybWVzZW4gZGUgZmFyayBldG1leiBtaXlhdi4gQnUgZGEgYmlyIGthZGVyLCBiYW5hIGJpcmF6IHlhcmTEsW0gZXQgbWl5YXYu
K7Ke,W+yCrO2DleqwgOqyjCDqs6DslpHsnbRdCuuDkOuKlCDsl6zquLAg7L2U66qo64+E7JeQ7IScIOyaqeyImOyXvCDsgqztg5XsnYQg7YyQ64uk64OlLgrqv4DsnYQg67CY7KO97ZW07IScIOqwgOuKkOuLpOuegCDqsIDri6XsnLzroZwg7Jes65+sIOqyuSDrvZHslYTshJwg66eM65Oc64qUIOyErOyEuO2VnCDsgqztg5XsnbTslpEu,W0NhbmR5IFNob3AgQ2F0XQpJIHNlbGwgRHJhZ29uIEJlYXJkIENhbmR5IGhlcmUgaW4gQ29tb2RvLCBueWFuLgpJdOKAmXMgYSBkZWxpY2F0ZSBjYW5keSBtYWRlIGJ5IHN0cmV0Y2hpbmcgaG9uZXkgZG91Z2ggaW50byBzdXBlciB0aGluIHN0cmFuZHMsIGxheWVyIGFmdGVyIGxheWVyLCBueWF+,,W+ezluaenOW6l+eMq+WSql0K5oiR5Zyo6L+Z6YeM5YWL6a2U5bKb5Y2W6b6Z6aG757OW5Za144CCCuaKiuicguicnOaPieaIkOmdouWbou+8jOWGjeaLieaIkOe7hue7hueahOS4ne+8jOS4gOWxguWxguaLieWHuuadpeWBmuaIkOeahOeyvuiHtOezluaenOWWteOAgg==,,W0NhbmR5IFNob3AgQ2F0XQrguILguYnguLLguILguLLguKIgRHJhZ29uIE11c3RhY2hlIENhbmR5IOC4reC4ouC4ueC5iOC4l+C4teC5iCBDb21vZG8g4LmA4Lih4Li14LmK4Lii4LinCuC5gOC4m+C5h+C4meC4guC4reC4h+C4q+C4p+C4suC4meC4l+C4s+C4iOC4suC4geC4meC5ieC4s+C4nOC4tuC5ieC4h+C5geC4peC5ieC4p+C4lOC4tuC4h+C5gOC4m+C5h+C4meC5gOC4quC5ieC4meC4muC4suC4hyDguYYg4LiL4LmJ4Lit4LiZ4LiB4Lix4LiZ4Lir4Lil4Liy4Lii4LiK4Lix4LmJ4LiZ4LmA4Lih4Li14LmK4Lii4Lin,,,W0dhdG8gZGUgbGEgVGllbmRhIGRlIER1bGNlc10KWW8gdmVuZG8gQ2FyYW1lbG8gZGUgYmFyYmEgZGUgZHJhZ8OzbiBhcXXDrSBlbiBDb21vZG8sIG1pYXUuCkVzIHVuIGRlbGljYWRvIENhcmFtZWxvIGVsYWJvcmFkbyBhbWFzYW5kbyBNaWVsIHkgZXN0aXLDoW5kb2xhIGVuIGZpbm9zIGhpbG9zIHN1cGVycHVlc3RvcywgbWlhdS4=,W1PDvMOfd2FyZW5sYWRlbi1LYXR6ZV0KSWNoIHZlcmthdWZlIGhpZXIgaW4gQ29tb2RvIERyYWNoZW5iYXJ0LUJvbmJvbiwgbnlhLgpEYXMgaXN0IGVpbmUgZmVpbmUsIGZpbGlncmFuZSBTw7zDn2lna2VpdDogTWFuIGtuZXRldCBIb25pZyB1bmQgemllaHQgaWhuIGluIHZpZWxlbiBTY2hpY2h0ZW4genUgZMO8bm5lbiBGw6RkZW4sIG55YS4=,W0NoYXQgZGUgbGEgY29uZmlzZXJpZV0KTW9pLCBqZSB2ZW5kcyBkZSBsYSBCYXJiZSBkZSBkcmFnb24gZW4gc3VjcmUgaWNpLCDDoCBDb21vZG8sIG55YS4KVW4gYm9uYm9uIGTDqWxpY2F0IDogZHUgbWllbCBww6l0cmksIHB1aXMgw6l0aXLDqSBlbiBmaW5lcyBmaWJyZXMsIGNvdWNoZSBhcHLDqHMgY291Y2hlLg==,W0t1Y2luZyBUb2tvIFBlcm1lbl0KQWt1IG1lbmp1YWwgRHJhZ29uIEJlYXJkIENhbmR5IGRpIENvbW9kbywgbnlhLgpJbmkgcGVybWVuIHlhbmcgaGFsdXMsIGRpYnVhdCBkZW5nYW4gbWVuZ3VsZW5pIG1hZHUgbGFsdSBtZW5hcmlrbnlhIG1lbmphZGkgaGVsYWktaGVsYWkgdGlwaXMgYmVybGFwaXMtbGFwaXMsIG55YS4=,W8WeZWtlcmNpIEtlZGldCkJlbiBidXJhZGEgQ29tb2RvZGEgRWpkZXJoYSBTYWthbMSxIMWeZWtlcmkgc2F0YXLEsW0gbWl5YXYuCkJhbMSxIHlvxJ91cnVwIGluY2VjaWsgaXBsaWsgZ2liaSBrYXQga2F0IMOnZWtlcmVrIHlhcMSxbGFuIG5hcmluIGJpciDFn2VrZXIgbWl5YXYu
LLKe,W+yCrO2DleqwgOqyjCDqs6DslpHsnbRdCuydtOqxsCDrqLnsnLzrqbQg64+E67CV7J6l7JeQ7IScIO2BrOqyjCDrlLgg7IiYIOyeiOuLpOuDpS4K6re465+wIOuIiOycvOuhnCDrs7Tsp4Ag66eQ652864OlLiDsoJXrp5DsnbTslpEu,W0NhbmR5IFNob3AgQ2F0XQpJZiB5b3UgZWF0IHRoaXMsIHlvdSBjYW4gd2luIGJpZyBhdCB0aGUgZ2FtYmxpbmcgaGFsbCwgbnlhbi4KRG9u4oCZdCBsb29rIGF0IG1lIGxpa2UgdGhhdCwgbnlhbi4gSXTigJlzIHRydWUsIG55YSE=,,W+ezluaenOW6l+eMq+WSql0K5ZCD5LqG6L+Z5Liq77yM5Zyo6LWM5Zy65bCx6IO95aSn6LWi5Za144CCCuWIq+eUqOmCo+enjeecvOelnueci+aIkeWWteOAguaYr+ecn+eahOWWteOAgg==,,W0NhbmR5IFNob3AgQ2F0XQrguIHguLTguJnguJnguLXguYjguYHguKXguYnguKfguIjguLDguIrguJnguLDguJ7guJnguLHguJnguIHguYnguK3guJnguYLguJXguYPguJkgQ2FzaW5vIOC5hOC4lOC5ieC5gOC4oeC4teC5iuC4ouC4pwrguK3guKLguYjguLLguKHguK3guIfguILguYnguLLguYHguJrguJrguJnguLHguYnguJnguKrguLTguYDguKHguLXguYrguKLguKcg4LmA4Lij4Li34LmI4Lit4LiH4LiI4Lij4Li04LiH4LiZ4Liw,,,W0dhdG8gZGUgbGEgVGllbmRhIGRlIER1bGNlc10KU2kgY29tZXMgZXN0bywgcHVlZGVzIGdhbmFyIGEgbG8gZ3JhbmRlIGVuIGVsIENhc2lubywgbWlhdS4KTm8gbWUgbWlyZXMgYXPDrSwgbWlhdS4gRXMgdmVyZGFkLCBtaWF1Lg==,W1PDvMOfd2FyZW5sYWRlbi1LYXR6ZV0KV2VubiBtYW4gZGFzIGlzc3QsIGthbm4gbWFuIGltIFNwaWVsY2FzaW5vIGdyb8OfIGdld2lubmVuLCBueWEuClNjaGF1IG1pY2ggbmljaHQgbWl0IHNvIGVpbmVtIEJsaWNrIGFuLCBueWEuIEVzIHN0aW1tdCB3aXJrbGljaCwgbnlhLg==,W0NoYXQgZGUgbGEgY29uZmlzZXJpZV0KU2kgdm91cyBtYW5nZXogw6dhLCB2b3VzIHBvdXZleiBnYWduZXIgZ3JvcyBhdSBjYXNpbm8sIG55YS4KTmUgbWUgcmVnYXJkZXogcGFzIGNvbW1lIMOnYSwgbnlhLiBDJ2VzdCB2cmFpLCBueWEu,W0t1Y2luZyBUb2tvIFBlcm1lbl0KS2FsYXUgbWFrYW4gaW5pLCBrYW11IGJpc2EgbWVuYW5nIGJlc2FyIGRpIHRlbXBhdCBqdWRpLCBueWEuCkphbmdhbiBsaWhhdCBha3UgZGVuZ2FuIHRhdGFwYW4gc2VwZXJ0aSBpdHUsIG55YS4gSW5pIGJlbmFyLCBueWEu,W8WeZWtlcmNpIEtlZGldCkJ1bnUgeWVyc2VuIGt1bWFyaGFuZWRlIGLDvHnDvGsga2F6YW5hYmlsaXJzaW4gbWl5YXYuCsOWeWxlIGJha21hIG1peWF2LiBHZXLDp2VrdGVuIG1peWF2Lg==
LbKe,7IKs7YOV6rCA6rKMIDog6re4LCDqt7jrn7Ag64iI7Jy866GcIOuztOyngCDrp5Drnbzrg6Uh,Q2FuZHkgU2hvcCBELWRvbuKAmXQgbG9vayBhdCBtZSBsaWtlIHRoYXQsIG55YW4h,,57OW5p6c5bqX77ya5Yir44CB5Yir55So6YKj56eN55y856We55yL5oiR5Za177yB,,Q2FuZHkgU2hvcCA6IOC4reC4sCDguK3guKLguYjguLLguKHguK3guIfguYHguJrguJrguJnguLHguYnguJnguKrguLTguYDguKHguLXguYrguKLguKch,,,VGllbmRhIGRlIER1bGNlczogwqFOLW5vIG1lIG1pcmVzIGFzw60sIG1pYXUh,U8O8w593YXJlbmxhZGVuOiBELWR1IHNvbGxzdCBtaWNoIG5pY2h0IG1pdCBzbyBlaW5lbSBCbGljayBhbnNlaGVuLCBueWEh,Q2hhdCBkZSBsYSBjb25maXNlcmllIDogTi1uZSBtZSByZWdhcmRleiBwYXMgY29tbWUgw6dhLCBueWEgIQ==,VG9rbyBQZXJtZW4gOiBKYSwgamFuZ2FuIGxpaGF0IGFrdSBkZW5nYW4gdGF0YXBhbiBzZXBlcnRpIGl0dSwgbnlhIQ==,xZ5la2VyY2kgZMO8a2thbsSxIDogw5YtIMO2eWxlIGJha21hIG1peWF2IQ==
LrKe,W+yCrO2DleqwgOqyjCDqs6DslpHsnbRdCuynhOynnCDrlLQg7IKs656M64+EIOyeiOuLqCDrp5DsnbTslpEhCuyVhOustO2KvCDqt7jrnpjshJwsIOuPhOuwleyCrOuTpOydtCDsmqnsiJjsl7wg7IKs7YOV7J2EIOyelOucqSDso7zrrLjtlbTshJwg66eQ7J2064OlLCDrgpjripQg7J206rG4IOunjOuTnOuKkOudvCDrsLDri6ztlZjrn6wg6rCIIOynrOydtCDslYgg64Kc64uk64OlLg==,W0NhbmR5IFNob3AgQ2F0XQpUaGVyZSByZWFsbHkgYXJlIHBlb3BsZSB3aG8gd2luLCBueWEhCkFueXdheSwgYmVjYXVzZSBvZiB0aGF0LCBHYW1ibGVyIGZvbGtzIG9yZGVyZWQgdG9ucyBvZiBEcmFnb24gQmVhcmQgQ2FuZHksIG55YW4sCnNvIEnigJltIHRvbyBidXN5IG1ha2luZyBpdCB0byBnbyBkZWxpdmVyIGl0IG15c2VsZiwgbnlhbi4=,,W+ezluaenOW6l+eMq+WSql0K55yf55qE5Lmf5pyJ5Lq66LWi6L+H5Za177yBCuaAu+S5i+WwseaYr+i/meagt++8jOi1jOW+kuS7rOS4gOS4i+WtkOiuouS6huWlveWkmum+memhu+ezluWWte+8jOaIkeWFiemhvuedgOWBmui/meS4qu+8jOagueacrOayoeepuuWOu+mAgei0p+WWteOAgg==,,W0NhbmR5IFNob3AgQ2F0XQrguKHguLXguITguJnguJfguLXguYjguIrguJnguLDguIjguKPguLTguIcg4LmGIOC4meC4sOC5gOC4oeC4teC5iuC4ouC4pyEK4LmA4Lit4Liy4LmA4Lib4LmH4LiZ4Lin4LmI4LiyIOC4nuC4p+C4geC4meC4seC4geC4nuC4meC4seC4meC4quC4seC5iOC4hyBEcmFnb24gTXVzdGFjaGUgQ2FuZHkg4LiB4Lix4LiZ4LmA4Lii4Lit4Liw4Lih4Liy4LiBCuC4guC5ieC4suC5gOC4peC4ouC4oeC4seC4p+C5geC4leC5iOC4l+C4syDguYTguKHguYjguKHguLXguYDguKfguKXguLLguYTguJvguKrguYjguIfguYDguKXguKLguYDguKHguLXguYrguKLguKc=,,,W0dhdG8gZGUgbGEgVGllbmRhIGRlIER1bGNlc10KwqFEZSB2ZXJkYWQgaGF5IGdlbnRlIHF1ZSBoYSBnYW5hZG8sIG1pYXUhCkVuIGZpbiwgbG9zIGp1Z2Fkb3JlcyBoYW4gcGVkaWRvIHVuIG1vbnTDs24gZGUgQ2FyYW1lbG8gZGUgYmFyYmEgZGUgZHJhZ8OzbiwgYXPDrSBxdWUgZXN0b3kgdGFuIG9jdXBhZG8gaGFjacOpbmRvbG9zIHF1ZSBubyB0ZW5nbyB0aWVtcG8gcGFyYSBpciBhIHJlcGFydGlybG9zLCBtaWF1Lg==,W1PDvMOfd2FyZW5sYWRlbi1LYXR6ZV0KRXMgZ2lidCB3aXJrbGljaCBMZXV0ZSwgZGllIGRhbWl0IGFiZ2Vyw6R1bXQgaGFiZW4sIG55YSEKVW5kIGdlbmF1IGRlc2hhbGIgYmVzdGVsbGVuIGRpZSBHbMO8Y2tzc3BpZWxlciBtYXNzZW5oYWZ0IERyYWNoZW5iYXJ0LUJvbmJvbiwgbnlhLiBJY2ggaMOkbmdlIG51ciBub2NoIGluIGRlciBQcm9kdWt0aW9uIGZlc3Qg4oCTIHp1bSBBdXNsaWVmZXJuIGtvbW0gaWNoIG5pY2h0LCBueWEu,W0NoYXQgZGUgbGEgY29uZmlzZXJpZV0KU2kgc2ksIHkgZW4gYSBxdWkgb250IHZyYWltZW50IGdhZ27DqSwgbnlhICEKQnJlZiwgcGx1c2lldXJzIEpvdWV1ciBvbnQgY29tbWFuZMOpIHBsZWluIGRlIEJhcmJlIGRlIGRyYWdvbiBlbiBzdWNyZSwgZXQgamUgbuKAmWFpIHBhcyBsZSB0ZW1wcyBkZSBsaXZyZXIgOiBqZSBzdWlzIGNvaW5jw6kgw6AgZW4gZmFicmlxdWVyLCBueWEu,W0t1Y2luZyBUb2tvIFBlcm1lbl0KQWRhIG9yYW5nIHlhbmcgYmVuYXItYmVuYXIgbWVuYW5nLCBueWEhClBva29rbnlhLCBqYWRpIGJlZ2luaSwgcGFyYSBHYW1ibGVyIG1lbWVzYW4gRHJhZ29uIEJlYXJkIENhbmR5IGRhbGFtIGp1bWxhaCBiYW55YWssIG55YSwgamFkaSBha3Ugc2lidWsgbWVtYnVhdG55YSBzYW1wYWkgdGlkYWsgcHVueWEgd2FrdHUgdW50dWsgbWVuZ2FudGFya2FubnlhLCBueWEu,W8WeZWtlcmNpIEtlZGldCkdlcsOnZWt0ZW4ga2F6YW5hbiBpbnNhbmxhciBkYSB2YXIgbWl5YXYhCkhlciBuZXlzZSwgYnUgecO8emRlbiBLdW1hcmJhemxhciBFamRlcmhhIFNha2FsxLEgxZ5la2VyaSB5xLHEn8SxbmxhIHNpcGFyacWfIGV0dGkgbWl5YXYsIGJlbiBkZSBidW51IHlhcG1ha2xhIHXEn3JhxZ/EsXJrZW4gdGVzbGltYXRhIGdpZGVjZWsgdmFrdGltIG9sbXV5b3IgbWl5YXYu
L7Ke,W+yCrO2DleqwgOqyjCDqs6DslpHsnbRdCuq3uCDslpHrsJjrk6TsnYAg7Lm07KeA64W47JeQIO2LgOyWtOuwle2YgOyEnCwg7KCI64yA66GcIOyViCDrgpjsmKTri4jquYzrg6UuLi4=,W0NhbmR5IFNob3AgQ2F0XQpUaG9zZSBndXlzIGFyZSBob2xlZCB1cCBpbiB0aGUgQ2FzaW5vIGFuZCBuZXZlciBjb21lIG91dCwgbnlhbuKApg==,,W+ezluaenOW6l+eMq+WSql0K6YKj5Lqb5a625LyZ6YO956qd5Zyo6LWM5Zy66YeM77yM57ud5a+55LiN5Lya5Ye65p2l5Za1Li4u,,W0NhbmR5IFNob3AgQ2F0XQrguJ7guKfguIHguJnguLHguYnguJnguILguLHguIfguJXguLHguKfguK3guKLguLnguYjguYPguJkgQ2FzaW5vIOC5geC4peC5ieC4p+C5hOC4oeC5iOC4ouC4reC4oeC4reC4reC4geC4oeC4suC5gOC4peC4ouC5gOC4q+C4oeC4teC4ouC4py4uLg==,,,W0dhdG8gZGUgbGEgVGllbmRhIGRlIER1bGNlc10KRXNvcyBzZcOxb3JlcyBlc3TDoW4gZW5jZXJyYWRvcyBlbiBlbCBDYXNpbm8geSBubyBzYWxlbiBudW5jYSwgbWlhdS4uLg==,W1PDvMOfd2FyZW5sYWRlbi1LYXR6ZV0KRGllc2UgSGVycnNjaGFmdGVuIGhvY2tlbiBpbSBDYXNpbm8gZmVzdCB1bmQga29tbWVuIGFic29sdXQgbmljaHQgcmF1cywgbnlhLi4u,W0NoYXQgZGUgbGEgY29uZmlzZXJpZV0KQ2VzIHR5cGVzIHJlc3RlbnQgY29pbmPDqXMgYXUgY2FzaW5vLCBhbG9ycyBpbHMgbmUgc29ydGVudCBqYW1haXMsIG55YS4uLg==,W0t1Y2luZyBUb2tvIFBlcm1lbl0KT3Jhbmctb3JhbmcgaXR1IG1lbmd1cnVuZyBkaXJpIGRpIENhc2lubywgZGFuIHNhbWEgc2VrYWxpIHRpZGFrIHBlcm5haCBrZWx1YXIsIG55YS4uLg==,W8WeZWtlcmNpIEtlZGldCk8gaGVyaWZsZXIgS3VtYXJoYW5leWUga2FwYW7EsXAsIGFzbGEgZMSxxZ9hcsSxIMOnxLFrbcSxeW9ybGFyIG1peWF2Li4u
MLKe,W+yCrO2DleqwgOqyjCDqs6DslpHsnbRdCuydtOqxsCDsubTsp4Drhbjsl5Ag67Cw64usIOyigCDtlbQg7KSE656Y64OlPyDshLgg7IKs656M7ZWc7YWM66eMIOuwsOuLrO2VtCDso7zrqbQg65Cc64uk64OlLgrrsLDri6ztlbQg7KO866m0IOyImOqzoO2WiOuLpOqzoCDrrZDrnbzrj4Qg7KSEIO2FkOuNsCwg6re46rG0IOuEiCDqsIDsoLjrg6Uu,W0NhbmR5IFNob3AgQ2F0XQpDb3VsZCB5b3UgZGVsaXZlciB0aGlzIHRvIHRoZSBDYXNpbm8gZm9yIG1lLCBueWFuPwpKdXN0IHRocmVlIHBlb3BsZSwgbnlhbi4gSWYgeW91IGRvIGl0LCBJ4oCZbGwgZ2l2ZSB5b3Ugc29tZXRoaW5nIGFzIHRoYW5rc+KAlCBhbmQgeW91IGNhbiBrZWVwIGl0LCBueWEh,,W+ezluaenOW6l+eMq+WSql0K5L2g6IO95biu5oiR5oqK6L+Z5Liq6YCB5Yiw6LWM5Zy65ZCX5Za177yf5Y+q6KaB6YCB57uZ5LiJ5Liq5Lq65bCx6KGM5Za144CCCuS9oOW4ruaIkemAgeeahOivne+8jOS7luS7rOS8mue7meS9oOeCuei+m+iLpui0ueS5i+exu+eahO+8jOmCo+WwseW9kuS9oOWWteOAgg==,,W0NhbmR5IFNob3AgQ2F0XQrguIrguYjguKfguKLguYDguK3guLLguYTguJvguKrguYjguIfguJfguLXguYggQ2FzaW5vIOC4q+C4meC5iOC4reC4ouC5hOC4lOC5ieC5hOC4q+C4oeC5gOC4oeC4teC5iuC4ouC4pwrguYHguITguYjguKrguLLguKHguITguJnguYDguK3guIcg4LiW4LmJ4Liy4Liq4LmI4LiH4LmD4Lir4LmJ4LmB4Lil4LmJ4LinIOC4guC5ieC4suC4oeC4teC4guC4reC4h+C4leC4reC4muC5geC4l+C4meC5g+C4q+C5ieC4meC4sCDguYDguKHguLXguYrguKLguKc=,,,W0dhdG8gZGUgbGEgVGllbmRhIGRlIER1bGNlc10Kwr9Qb2Ryw61hcyBsbGV2YXIgZXN0byBhbCBDYXNpbm8sIG1pYXU/IFNvbG8gdGllbmVzIHF1ZSBlbnRyZWfDoXJzZWxvIGEgdHJlcyBwZXJzb25hcywgbWlhdS4KU2kgbG8gcmVwYXJ0ZXMsIHNlZ3VyYW1lbnRlIHRlIGRhcsOhbiBhbGdvIHBvciBsYXMgbW9sZXN0aWFzLCBhc8OtIHF1ZSBxdcOpZGF0ZWxvIHTDuiwgbWlhdS4=,W1PDvMOfd2FyZW5sYWRlbi1LYXR6ZV0KS2FubnN0IGR1IGRhcyBiaXR0ZSBpbnMgQ2FzaW5vIGxpZWZlcm4sIG55YT8gRHUgbXVzc3QgZXMgbnVyIGFuIGRyZWkgUGVyc29uZW4gYXVzbGllZmVybiwgbnlhLgpXZW5uIGR1J3MgYWJsaWVmZXJzdCwgZ2ViZW4gc2llIGRpciBiZXN0aW1tdCBpcmdlbmR3YXMgYWxzIERhbmssIHVuZCBkYXMga2FubnN0IGR1IGJlaGFsdGVuLCBueWEu,W0NoYXQgZGUgbGEgY29uZmlzZXJpZV0KVHUgcGV1eCBsaXZyZXIgw6dhIGF1IGNhc2lubywgbnlhID8gSnVzdGUgw6AgdHJvaXMgcGVyc29ubmVzLCBueWEuCkVuIMOpY2hhbmdlLCBpbHMgdGUgZG9ubmVyb250IHPDu3JlbWVudCB1biB0cnVjLiBHYXJkZS1sZSBwb3VyIHRvaSwgbnlhLg==,W0t1Y2luZyBUb2tvIFBlcm1lbl0KTWF1a2FoIGthbXUgbWVuZ2FudGFya2FuIGluaSBrZSBDYXNpbm8sIG55YT8gS2FtdSBoYW55YSBwZXJsdSBtZW5nYW50YXJrYW5ueWEga2VwYWRhIHRpZ2Egb3JhbmcsIG55YS4KS2FsYXUga2FtdSBtZW5nYW50YXJrYW5ueWEsIG1lcmVrYSBha2FuIG1lbWJlcmltdSBzZXN1YXR1IHNlYmFnYWkgdWNhcGFuIHRlcmltYSBrYXNpaCwgamFkaSBhbWJpbCBpdHUgdW50dWttdSwgbnlhLg==,W8WeZWtlcmNpIEtlZGldCkJ1bnUgS3VtYXJoYW5leWUgYmlyYXogdGVzbGltIGVkZXIgbWlzaW4gbWl5YXY/IFNhZGVjZSDDvMOnIGtpxZ9peWUgdGVzbGltIGV0bWVuIHlldGVyIG1peWF2LgpUZXNsaW0gZWRlcnNlbiBlbWVrIHZlcmRpbiBkaXllIGJpciDFn2V5bGVyIHZlcmVjZWtsZXIsIG9udSBzZW4gYWwgbWl5YXYu
MbKe,7ZWg6rKM64OlIQ==,SeKAmWxsIGRvIGl0LCBueWFuIQ==,,5oiR5p2l5YGa5Za177yB,,4LiX4Liz4LmA4Lih4Li14LmK4Lii4LinIQ==,,,wqFMbyBoYXLDqSwgbWlhdSE=,TWFjaCBpY2gsIG55YSE=,SmUgdmFpcyBsZSBmYWlyZSwgbnlhICE=,QWthbiBrdWxha3VrYW4sIG55YSE=,WWFwYWNhxJ/EsW0gbWl5YXYh
MrKe,7JWI7ZW064OlLg==,Tm8gd2F5LCBueWFuLg==,,5LiN5YGa5Za144CC,,4LmE4Lih4LmI4LiX4Liz4LmA4Lih4Li14LmK4Lii4Lin,,,Tm8gbG8gaGFyw6ksIG1pYXUu,TWFjaCBpY2ggbmljaHQsIG55YS4=,SmUgbmUgbGUgZmFpcyBwYXMsIG55YS4=,VGlkYWsgbWF1LCBueWEu,WWFwbWF5YWNhxJ/EsW0sIG55YS4=
M7Ke,W+yCrO2DleqwgOqyjCDqs6DslpHsnbRdCuyemCDsg53qsIHtlojri6Trg6UuIOyVhOywuCwg6riw7Ja17ZW065Gs7JW8IO2VoCDqsowg7J6I64uk64OlLgrqsIDshJwg67Cw64us7ZW07KO866m07IScIOydtOugh+qyjCDrp5DtlbTspJjrg6Uu,W0NhbmR5IFNob3AgQ2F0XQpHb29kIGNob2ljZSwgbnlhLiBPaCwgYW5kIHRoZXJl4oCZcyBzb21ldGhpbmcgeW91IGdvdHRhIHJlbWVtYmVyLCBueWFuLgpXaGVuIHlvdSBkZWxpdmVyIGl0LCBzYXkgdGhpcyBleGFjdGx5LCBueWEu,,W+ezluaenOW6l+eMq+WSql0K5oOz5b6X5aW95Za144CC5a+55LqG77yM6L+Y5pyJ5Lu26KaB6K6w5L2P55qE5LqL5Za144CCCuS9oOWOu+mAgei0p+eahOaXtuWAme+8jOimgei/meagt+ivtOWWteOAgg==,,W0NhbmR5IFNob3AgQ2F0XQrguITguLTguJTguJTguLXguYHguKXguYnguKfguYDguKHguLXguYrguKLguKcg4Lit4LmJ4LitIOC4oeC4teC4quC4tOC5iOC4h+C4l+C4teC5iOC4leC5ieC4reC4h+C4iOC4s+C4lOC5ieC4p+C4ouC5gOC4oeC4teC5iuC4ouC4pwrguYDguKfguKXguLLguYTguJvguKrguYjguIcg4LmD4Lir4LmJ4Lie4Li54LiU4LmB4Lia4Lia4LiZ4Li14LmJ4LiU4LmJ4Lin4Lii4LmA4Lih4Li14LmK4Lii4Lin,,,W0dhdG8gZGUgbGEgVGllbmRhIGRlIER1bGNlc10KQmllbiBwZW5zYWRvLCBtaWF1LiBBaCwgaGF5IGFsZ28gcXVlIGRlYmVzIHJlY29yZGFyLCBtaWF1LgpWZSBhIGVudHJlZ2FybG8geSBkaSBlc3RvLCBtaWF1Lg==,W1PDvMOfd2FyZW5sYWRlbi1LYXR6ZV0KR3V0IGVudHNjaGllZGVuLCBueWEuIEFjaCBqYSwgZWlucyBtdXNzdCBkdSBkaXIgbWVya2VuLCBueWEuCldlbm4gZHUncyBhYmxpZWZlcnN0LCBkYW5uIHNhZyBnZW5hdSBkYXMgaGllciwgbnlhLg==,W0NoYXQgZGUgbGEgY29uZmlzZXJpZV0KQm9uIGNob2l4LCBueWEuIEFoLCBldCByZXRpZW5zIGJpZW4gw6dhLCBueWEuClF1YW5kIHR1IGxpdnJlcmFzLCBkaXMtbGV1ciBleGFjdGVtZW50IMOnYSwgbnlhLg==,W0t1Y2luZyBUb2tvIFBlcm1lbl0KS2VwdXR1c2FuIHlhbmcgYmFndXMsIG55YS4gT2ggeWEsIGFkYSB5YW5nIGhhcnVzIGthbXUgaW5nYXQsIG55YS4KU2FhdCBrYW11IHBlcmdpIG1lbmdhbnRhcmthbm55YSwgdG9sb25nIGthdGFrYW4gYmVnaW5pLCBueWEu,W8WeZWtlcmNpIEtlZGldCsSweWkgZMO8xZ/DvG5kw7xuw7x6LCBueWEuIEFoLCBiaXIgZGUgYWtsxLFuxLF6ZGEgdHV0bWFuxLF6IGdlcmVrZW4gYmlyIMWfZXkgdmFyLCBueWEuCkdpZGlwIHRlc2xpbSBlZGVya2VuIMWfw7Z5bGUgZGV5aW4sIG55YS4=
NLKe,W+yCrO2DleqwgOqyjCDqs6DslpHsnbRdCl4wMDAwQ0TtlbTro6Hri5gg6rCA7Zi4IOuwm+ycvOyEuOyWkV4wMDAwMDAK7J2066CH6rKMIOunkO2VtOyjvOuptCDrj7zslpEuIO2VnCDquIDsnpDrj4Qg7YuA66as7KeAIOunkOqzoCDrmJDrsJXrmJDrsJUg66eQ7ZW07KO8652864OlLg==,W0NhbmR5IFNob3AgQ2F0XQpeMDAwMENETWF5IHRoZSBTZWEgRHJhZ29uIGJsZXNzIHlvdSwgbnlhIV4wMDAwMDAKVGhhdOKAmXMgd2hhdCB5b3Ugc2F5LCBueWEuIE5vdCBhIHNpbmdsZSB3b3JkIHdyb25n4oCUbmljZSBhbmQgY2xlYXIsIG55YW4u,,W+ezluaenOW6l+eMq+WSql0KXjAwMDBDROaEv+a1t+m+meWkp+S6uui1kOS6iOS9oOWKoOaKpOWWte+8gV4wMDAwMDAK5bCx6L+Z5qC36K+05bCx6KGM5Za144CC5LiA5Liq5a2X6YO95Yir6ZSZ77yM6KaB5riF5riF5qWa5qWa5Zyw6K+05Za144CC,,W0NhbmR5IFNob3AgQ2F0XQpeMDAwMENE4LiC4Lit4Lie4Lij4LiI4Liy4LiB4LiX4LmI4Liy4LiZ4Lih4Lix4LiH4LiB4Lij4LiX4Liw4LmA4Lil4LiI4LiH4Liq4LiW4Li04LiV4LiB4Lix4Lia4LmA4LiI4LmJ4Liy4LmA4Lih4Li14LmK4Lii4LinXjAwMDAwMArguJ7guLnguJTguYHguJrguJrguJnguLXguYnguYDguJvguYrguLAg4LmGIOC4q+C5ieC4suC4oeC4nOC4tOC4lOC4quC4seC4geC4hOC4s+C5gOC4peC4ouC4meC4sOC5gOC4oeC4teC5iuC4ouC4pw==,,,W0dhdG8gZGUgbGEgVGllbmRhIGRlIER1bGNlc10KXjAwMDBDRFF1ZSByZWNpYmFzIGxhIGJlbmRpY2nDs24gZGVsIFNlw7FvciBEcmFnw7NuIE1hcmlub14wMDAwMDAKRXNvIGVzIGxvIHF1ZSB0aWVuZXMgcXVlIGRlY2lyLCBtaWF1LiBObyB0ZSBlcXVpdm9xdWVzIG5pIGVuIHVuYSBsZXRyYSB5IGRpbG8gYmllbiBjbGFybywgbWlhdS4=,W1PDvMOfd2FyZW5sYWRlbi1LYXR6ZV0KXjAwMDBDRE3DtmdlIGRlciBTZWVkcmFjaGUgZGljaCBzZWduZW5eMDAwMDAwCkdlbmF1IHNvIG11c3N0IGR14oCZcyBzYWdlbiwgbnlhLiBLZWluIGVpbnppZ2VyIEJ1Y2hzdGFiZSBmYWxzY2gg4oCTIHNjaMO2biBkZXV0bGljaCwgbnlhLg==,W0NoYXQgZGUgbGEgY29uZmlzZXJpZV0KXjAwMDBDRFF1ZSBsYSBiw6luw6lkaWN0aW9uIGR1IERyYWdvbiBkZXMgbWVycyBzb2l0IGF2ZWMgdm91cywgbnlhICFeMDAwMDAwClZvdXMgbuKAmWF2ZXogcXXigJnDoCBkaXJlIMOnYSwgbnlhLiBOZSB2b3VzIHRyb21wZXogcGFzIGTigJl1bmUgc2V1bGUgbGV0dHJlLCBldCBkaXRlcy1sZSBiaWVuIGRpc3RpbmN0ZW1lbnQsIG55YS4=,W0t1Y2luZyBUb2tvIFBlcm1lbl0KXjAwMDBDRFNlbW9nYSBOYWdhIExhdXQgbWVtYmVya2F0aW11LCBueWEhXjAwMDAwMApLYW11IGN1a3VwIG1lbmdhdGFrYW5ueWEgYmVnaXR1LCBueWEuIEphbmdhbiBzYWxhaCBzYXR1IGh1cnVmIHB1biwgZGFuIHVjYXBrYW4gZGVuZ2FuIGplbGFzLCBueWEu,W8WeZWtlcmNpIEtlZGldCl4wMDAwQ0REZW5peiBFamRlcmhhc8SxIHNlbmkga3V0c2FzxLFuLCBueWEhXjAwMDAwMApCw7Z5bGUgc8O2eWxlbWVuaXogeWV0ZXJsaSwgbnlhLiBUZWsgYmlyIGhhcmZpbmkgYmlsZSB5YW5sxLHFnyBzw7Z5bGVtZXlpbiwgdGFuZSB0YW5lIHPDtnlsZXlpbiwgbnlhLg==
NbKe,W+yCrO2DleqwgOqyjCDqs6DslpHsnbRdCuyghO2VtOykmOyVvCDtlZjripQg64+E67CV7IKs65OkIOydtOumhOydgCBeMDAwMENE7IS466W07Yag656RLCDtmY3ruYQsIOy9lOultO2IrF4wMDAwMDAg7IS4IOyCrOuejOydtOyWkS4K6rCA7IScIOq8rSBeMDAwMENE7ZW066Oh64uYIOqwgO2YuCDrsJvsnLzshLjslpFeMDAwMDAwIO2VmOqzoCDrp5DtlbTrg6Uu,W0NhbmR5IFNob3AgQ2F0XQpUaGUgR2FtYmxlcnMgeW91IG5lZWQgdG8gZGVsaXZlciB0byBhcmUgXjAwMDBDRFNlcnRvcmFuZywgSG9uZ2JpLCBhbmQgQ29ydHVeMDAwMDAwLCBueWEuCkdvIHRoZXJlIGFuZCBiZSBzdXJlIHRvIHNheSBeMDAwMENETWF5IHRoZSBTZWEgRHJhZ29uIGJsZXNzIHlvdSwgbnlhIV4wMDAwMDAsIG9rYXksIG55YW4u,,W+ezluaenOW6l+eMq+WSql0K6KaB6L2s6L6+55qE6LWM5b6S5ZCN5a2X5pivXjAwMDBDROWhnuWwlOaJmOaclyzmtKrmr5Qs56eR5bCU5Zu+XjAwMDAwMOi/meS4ieS4quS6uuWWteOAggrkvaDljrvkuobkuIDlrpropoHor7ReMDAwMENE5oS/5rW36b6Z5aSn5Lq66LWQ5LqI5L2g5Yqg5oqk5Za177yBXjAwMDAwMOWWteOAgg==,,W0NhbmR5IFNob3AgQ2F0XQrguIrguLfguYjguK3guITguJnguJfguLXguYjguJXguYnguK3guIfguKrguYjguIfguITguLfguK0gXjAwMDBDRFNlcnRvcmFuZywgSG9uZ2JpLCBDb3J0dV4wMDAwMDAg4LiX4Lix4LmJ4LiH4Liq4Liy4Lih4LiE4LiZ4LmA4Lih4Li14LmK4Lii4LinCuC5hOC4m+C5geC4peC5ieC4p+C4leC5ieC4reC4h+C4nuC4ueC4lOC4p+C5iOC4siBeMDAwMENE4LiC4Lit4Lie4Lij4LiI4Liy4LiB4LiX4LmI4Liy4LiZ4Lih4Lix4LiH4LiB4Lij4LiX4Liw4LmA4Lil4LiI4LiH4Liq4LiW4Li04LiV4LiB4Lix4Lia4LmA4LiI4LmJ4Liy4LmA4Lih4Li14LmK4Lii4LinXjAwMDAwMCDguJTguYnguKfguKLguJnguLDguYDguKHguLXguYrguKLguKc=,,,W0dhdG8gZGUgbGEgVGllbmRhIGRlIER1bGNlc10KTG9zIHRyZXMganVnYWRvcmVzIGEgbG9zIHF1ZSBkZWJlcyBlbnRyZWdhcmxvIHNvbiBeMDAwMENEU2VydG9yYW5nLCBIb25nYmkgeSBDb3J0dV4wMDAwMDAuClZlIHkgYXNlZ8O6cmF0ZSBkZSBkZWNpciBeMDAwMENEUXVlIHJlY2liYXMgbGEgYmVuZGljacOzbiBkZWwgU2XDsW9yIERyYWfDs24gTWFyaW5vXjAwMDAwMCwgbWlhdS4=,W1PDvMOfd2FyZW5sYWRlbi1LYXR6ZV0KRGllIGRyZWkgR2zDvGNrc3NwaWVsZXIsIGRlbmVuIGR1IGRhcyDDvGJlcmJyaW5nZW4gc29sbHN0LCBoZWnDn2VuIF4wMDAwQ0RTZXJ0b3JhbmcsIEhvbmdiaSB1bmQgQ29ydHVeMDAwMDAwIG55YS4KR2VoIGhpbiB1bmQgc2FnIGF1ZiBqZWRlbiBGYWxsOiBeMDAwMENETcO2Z2UgZGVyIFNlZWRyYWNoZSBkaWNoIHNlZ25lbl4wMDAwMDAsIG55YS4=,W0NoYXQgZGUgbGEgY29uZmlzZXJpZV0KTGVzIG5vbXMgZGVzIEpvdWV1ciBjb25jZXJuw6lzIHNvbnQgXjAwMDBDRFNlcnRvcmFuZywgSG9uZ2JpLCBDb3J0dV4wMDAwMDAsIG55YS4KQWxsZXoteSBldCBkaXRlcyBiaWVuIDogXjAwMDBDRFF1ZSBsYSBiw6luw6lkaWN0aW9uIGR1IERyYWdvbiBkZXMgbWVycyBzb2l0IGF2ZWMgdm91cywgbnlhICFeMDAwMDAwLg==,W0t1Y2luZyBUb2tvIFBlcm1lbl0KTmFtYSBwYXJhIEdhbWJsZXIgeWFuZyBoYXJ1cyBrYW11IHRlbXVpIGFkYWxhaCBeMDAwMENEU2VydG9yYW5nLCBIb25nYmksIENvcnR1XjAwMDAwMCwgdGlnYSBvcmFuZywgbnlhLgpQZXJnaSBkYW4gcGFzdGlrYW4ga2FtdSBtZW5nYXRha2FuIF4wMDAwQ0RTZW1vZ2EgTmFnYSBMYXV0IG1lbWJlcmthdGltdSwgbnlhIV4wMDAwMDAsIG55YS4=,W8WeZWtlcmNpIEtlZGldCsSwbGV0bWVuaXogZ2VyZWtlbiBLdW1hcmJhemxhcsSxbiBpc2ltbGVyaSBeMDAwMENEU2VydG9yYW5nLCBIb25nYmksIENvcnR1XjAwMDAwMCwgw7zDpyBracWfaSwgbnlhLgpHaWRpcCBtdXRsYWthIF4wMDAwQ0REZW5peiBFamRlcmhhc8SxIHNlbmkga3V0c2FzxLFuLCBueWEhXjAwMDAwMCBkaXllIHPDtnlsZXlpbiwgbnlhLg==
NrKe,W+yCrO2DleqwgOqyjCDqs6DslpHsnbRdCuyViO2VmOuDpT8g7J2A6re8IOyaqeuPiOuyjOydtCDrkKAg7YWQ642wLiDsl6zsnKDqsIAg7J6I64KY67O064uk64OlLgrrg5DripQg7Jqp7IiY7Je8IOyCrO2DlSDtjJTslYTshJwg64+I7J2AIOunjuydtCDrsozsl4jripTrjbAsIOyLnOqwhOydtCDsl4bri6Trg6UuIOyVhO2YuS4uLg==,W0NhbmR5IFNob3AgQ2F0XQpZb3Ugd29u4oCZdCBkbyBpdCwgbnlhbj8gVGhhdOKAmXMgZWFzeSBwb2NrZXQgbW9uZXksIG55YS4KR3Vlc3MgeW914oCZdmUgZ290IHRpbWUgdG8gc3BhcmUsIG55YW4uCkkgbWFrZSBwbGVudHkgc2VsbGluZyBEcmFnb24gQmVhcmQgQ2FuZHksIGJ1dCBJ4oCZdmUgZ290IG5vIHRpbWUgYXQgYWxsLCBueWHigKYgYWNrLg==,,W+ezluaenOW6l+eMq+WSql0K5LiN5YGa5Za177yf6L+Z5Y+v5piv6IO95oKE5oKE6LWa54K56Zu26Iqx6ZKx55qE5Za144CC55yL5p2l5L2g5b6I5a696KOV5Za144CCCuaIkeWNlum+memhu+ezluaYr+i1muS6huS4jeWwkemSseWWte+8jOWPr+WwseaYr+ayoeaXtumXtOWWteOAguWViuWRnC4uLg==,,W0NhbmR5IFNob3AgQ2F0XQrguYTguKHguYjguJfguLPguKvguKPguLfguK3guYDguKHguLXguYrguKLguKcg4LiH4Liy4LiZ4LiZ4Li14LmJ4LmE4LiU4LmJ4LmA4LiH4Li04LiZ4LmA4Lil4LmH4LiB4LiZ4LmJ4Lit4Lii4LiU4LmJ4Lin4Lii4LiZ4LiwIOC4lOC4ueC5gOC4q+C4oeC4t+C4reC4meC5gOC4iOC5ieC4suC4iOC4sOC4oeC4teC5gOC4p+C4peC4suC4p+C5iOC4suC4h+C4quC4tOC4meC4sOC5gOC4oeC4teC5iuC4ouC4pwrguILguYnguLLguILguLLguKLguKXguLnguIHguIHguKfguLLguJTguYTguJTguYnguYDguIfguLTguJnguYDguKLguK3guLAg4LmB4LiV4LmI4LmE4Lih4LmI4Lih4Li14LmA4Lin4Lil4Liy4LmA4Lil4Lii4LmA4Lih4Li14LmK4Lii4LinIOC4reC4si4uLg==,,,W0dhdG8gZGUgbGEgVGllbmRhIGRlIER1bGNlc10Kwr9ObyBsbyBoYXLDoXMsIG1pYXU/IFBvZHLDrWFzIHNhY2FydGUgdW4gZGluZXJpbGxvIGV4dHJhLiBQYXJlY2UgcXVlIHRpZW5lcyB0aWVtcG8gZGUgc29icmEsIG1pYXUuCkhlIGdhbmFkbyBtdWNobyBkaW5lcm8gdmVuZGllbmRvIENhcmFtZWxvIGRlIGJhcmJhIGRlIGRyYWfDs24sIHBlcm8gbm8gdGVuZ28gdGllbXBvLCBtaWF1LiBBeS4uLg==,W1PDvMOfd2FyZW5sYWRlbi1LYXR6ZV0KV2lsbHN0IGR1IG5pY2h0LCBueWE/IERhYmVpIHfDpHIgZGFzIGVpbiBuZXR0ZXIgTmViZW52ZXJkaWVuc3QsIG55YS4gRHUgaGFzdCB3b2hsIHJlaWNobGljaCBaZWl0LCBueWEuCkljaCB2ZXJkaWVuIG1pdCBEcmFjaGVuYmFydC1Cb25ib24gendhciBndXQgR2VsZCwgYWJlciBpY2ggaGFiIGtlaW5lIFplaXQsIG55YS4gQWNoLi4u,W0NoYXQgZGUgbGEgY29uZmlzZXJpZV0KVm91cyBuZSBsZSBmYWl0ZXMgcGFzLCBueWEgPyDDh2EgZmVyYWl0IHVuIHBldSBk4oCZYXJnZW50IGRlIHBvY2hlLiBWb3VzIGF2ZXogbOKAmWFpciBk4oCZYXZvaXIgZHUgdGVtcHMsIG55YS4KTW9pLCBqZSBnYWduZSBiaWVuIGVuIHZlbmRhbnQgZGUgbGEgQmFyYmUgZGUgZHJhZ29uIGVuIHN1Y3JlLCBtYWlzIGplIG7igJlhaSBwYXMgbGUgdGVtcHMsIG55YS4gQWhvay4uLg==,W0t1Y2luZyBUb2tvIFBlcm1lbl0KVGlkYWsgbWF1LCBueWE/IEluaSBiaXNhIGphZGkgY2FyYSBoYWx1cyB1bnR1ayBkYXBhdCB1YW5nIHNha3UsIG55YS4gU2VwZXJ0aW55YSBrYW11IHB1bnlhIHdha3R1IGx1YW5nLCBueWEuCkFrdSBzdWRhaCBkYXBhdCBiYW55YWsgdWFuZyBkYXJpIG1lbmp1YWwgRHJhZ29uIEJlYXJkIENhbmR5LCB0YXBpIGFrdSB0aWRhayBwdW55YSB3YWt0dSwgbnlhLiBBaG9rLi4u,W8WeZWtlcmNpIEtlZGldCllhcG1heWFjYWsgbcSxc8SxbsSxeiwgbnlhPyBBeiBkYSBvbHNhIGhhcsOnbMSxayBvbHVyZHUuIERlbWVrIHZha3Rpbml6IHZhciwgbnlhLgpOeWEsIEVqZGVyaGEgU2FrYWzEsSDFnmVrZXJpIHNhdGFyYWsgw6dvayBwYXJhIGthemFuZMSxbSBhbWEgdmFrdGltIHlvaywgbnlhLiBBaGguLi4=
N7Ke,W+yCrO2DleqwgOqyjCDqs6DslpHsnbRdCuuDpS4uLiDsgqztg5Ug7J6D7Ja067KE66C464OlPyDrqLnslrTrsoTroLjrg6U/CuyVhOuLiOuptCDrsLDri6ztlaAg7IKs656M7J20656RIOyjvOydmOyCrO2VrSDsnorslrTrsoTroLjrg6U/,W0NhbmR5IFNob3AgQ2F0XQpOeWFu4oCmIGRpZCB5b3UgbG9zZSB0aGUgY2FuZHksIG55YT8KT3IgZGlkIHlvdSBlYXQgaXQsIG55YW4/Ck9yIG1heWJlIHlvdSBmb3Jnb3Qgd2hvIHRvIGRlbGl2ZXIgdG8gYW5kIHdoYXQgdG8gc2F5LCBueWE/,,W+ezluaenOW6l+eMq+WSql0K5Za1Li4u5L2g5oqK57OW5p6c5byE5Lii5LqG5Za1P+WQg+aOieS6huWWtT8K6L+Y5piv5b+Y5LqG6KaB6YCB57uZ6LCB77yM6L+Y5pyJ5rOo5oSP5LqL6aG55Za1Pw==,,W0NhbmR5IFNob3AgQ2F0XQrguYDguKHguLXguYrguKLguKcuLi4g4LmA4LiI4LmJ4Liy4LiX4Liz4Lil4Li54LiB4LiB4Lin4Liy4LiU4Lir4Liy4Lii4Lir4Lij4Li34Lit4LmA4Lih4Li14LmK4Lii4LinPyDguKvguKPguLfguK3guIHguLTguJnguYTguJvguYHguKXguYnguKfguYDguKHguLXguYrguKLguKc/CuC4q+C4o+C4t+C4reC4iOC4s+C4iuC4t+C5iOC4reC4hOC4meC4geC4seC4muC5gOC4h+C4t+C5iOC4reC4meC5hOC4guC5hOC4oeC5iOC5hOC4lOC5ieC5geC4peC5ieC4p+C5gOC4oeC4teC5iuC4ouC4pz8=,,,W0dhdG8gZGUgbGEgVGllbmRhIGRlIER1bGNlc10KTWlhdS4uLiDCv0hhcyBwZXJkaWRvIGVsIENhcmFtZWxvPyDCv1RlIGxvIGhhcyBjb21pZG8sIG1pYXU/CsK/TyBoYXMgb2x2aWRhZG8gYSBxdWnDqW4gZW50cmVnYXJsbyB5IGxhcyBpbmRpY2FjaW9uZXMsIG1pYXU/,W1PDvMOfd2FyZW5sYWRlbi1LYXR6ZV0KTnlhLi4uIEhhc3QgZHUgZGllIEJvbmJvbnMgdmVybG9yZW4sIG55YT8gT2RlciBzaWUgYXVmZ2VnZXNzZW4sIG55YT8KT2RlciBoYXN0IGR1IHZlcmdlc3NlbiwgYW4gd2VuIGR1IGxpZWZlcm4gc29sbHN0IHVuZCB3b3JhdWYgZHUgYWNodGVuIG11c3N0LCBueWE/,W0NoYXQgZGUgbGEgY29uZmlzZXJpZV0KTWlhb3UuLi4gVm91cyBhdmV6IHBlcmR1IGxlcyBib25ib25zID8gVm91cyBsZXMgYXZleiBtYW5nw6lzID8KT3Ugdm91cyBhdmV6IG91Ymxpw6kgbGEgcGVyc29ubmUgw6AgbGl2cmVyIGV0IGxlcyBwcsOpY2F1dGlvbnMgw6AgcHJlbmRyZSA/,W0t1Y2luZyBUb2tvIFBlcm1lbl0KTnlhLi4uIFBlcm1lbm55YSBoaWxhbmcgbnlhPyBEaW1ha2FuIG55YT8KQXRhdSBsdXBhIHNpYXBhIHlhbmcgaGFydXMgbWVuZ2FudGFyIGRhbiBoYWwtaGFsIHlhbmcgcGVybHUgZGlwZXJoYXRpa2FuIG55YT8=,W8WeZWtlcmNpIEtlZGldCk55YS4uLiDFn2VrZXJpIG1pIGtheWJldHRpbml6LCBueWE/IFllZGluaXogbWksIG55YT8KWW9rc2EgdGVzbGltIGVkZWNlayBracWfaXlpIHZlIGRpa2thdCBlZGlsbWVzaSBnZXJla2VubGVyaSBtaSB1bnV0dHVudXosIG55YT8=
OLKe,6re464OlIOuTpOuggOuLpOuDpS4=,SnVzdCBzdG9wcGVkIGJ5LCBueWEu,,5Y+q5piv6aG66Lev5p2l55yL55yL5Za144CC,,4LmB4Lin4Liw4Lih4Liy4LmA4LiJ4LiiIOC5hiDguYDguKHguLXguYrguKLguKc=,,,U29sbyBlc3RhYmEgZGUgcGFzbywgbWlhdS4=,SWNoIGJpbiBudXIga3VyeiB2b3JiZWlnZWtvbW1lbiwgbnlhLg==,SmUgcGFzc2FpcyBqdXN0ZSwgbWlhb3Uu,Q3VtYSBtYW1waXIgbnlhLg==,U2FkZWNlIHXEn3JhZMSxbSwgbnlhLg==
ObKe,7IKs7YOVIOyeg+yWtOuyhOuguOuLpOuDpS4=,SSBsb3N0IHRoZSBjYW5keSwgbnlhLg==,,57OW5p6c5byE5Lii5LqG5Za144CC,,4LiX4Liz4LiC4LiZ4Lih4Lir4Lin4Liy4LiZ4Lir4Liy4Lii4LmA4Lih4Li14LmK4Lii4Lin,,,SGUgcGVyZGlkbyBlbCBDYXJhbWVsbywgbWlhdS4=,SWNoIGhhYmUgZGllIEJvbmJvbnMgdmVybG9yZW4sIG55YS4=,SidhaSBwZXJkdSBsZXMgYm9uYm9ucywgbWlhb3Uu,UGVybWVubnlhIGhpbGFuZyBueWEu,xZ5la2VyaSBrYXliZXR0aW0sIG55YS4=
OrKe,67Cw64us7ZWgIOyCrOuejCDquYzrqLnsl4jri6Trg6Uu,SSBmb3Jnb3Qgd2hvIHRvIGRlbGl2ZXIgdG8sIG55YS4=,,5b+Y5LqG6KaB6YCB57uZ6LCB5Za144CC,,4Lil4Li34Lih4LiE4LiZ4LiX4Li14LmI4LiI4Liw4Liq4LmI4LiH4LmA4Lih4Li14LmK4Lii4Lin,,,SGUgb2x2aWRhZG8gYSBxdWnDqW4gZW50cmVnYXJsbywgbWlhdS4=,SWNoIGhhYmUgdmVyZ2Vzc2VuLCBhbiB3ZW4gaWNoIGxpZWZlcm4gc29sbCwgbnlhLg==,SidhaSBvdWJsacOpIGxlIGxpdnJldXIsIG1pYW91Lg==,THVwYSBvcmFuZyB5YW5nIGhhcnVzIG1lbmdhbnRhciBueWEu,VGVzbGltIGVkaWxlY2VrIGtpxZ9peWkgdW51dHR1bSwgbnlhLg==
O7Ke,W+yCrO2DleqwgOqyjCDqs6DslpHsnbRdCuyii+yVhOyii+yVhCwg7J6YIOu2gO2DgeuTnOumsOuLpOuDpS4K6rCA7IScIOyWvOuluCDrp4jsoIAg67Cw64us7ZW07JaRLg==,W0NhbmR5IFNob3AgQ2F0XQpBbHJpZ2h0LCBhbHJpZ2h0LCBueWFuLiBJ4oCZbSBjb3VudGluZyBvbiB5b3UsIG55YS4KR28gb24gYW5kIGZpbmlzaCB0aGUgZGVsaXZlcmllcywgbnlhbi4=,,W+ezluaenOW6l+eMq+WSql0K5aW95aW95aW977yM5bCx5ouc5omY5L2g5LqG5Za144CCCuW/q+WOu+aKiuWJqeS4i+eahOmAgeWujOWWteOAgg==,,W0NhbmR5IFNob3AgQ2F0XQrguJTguLUg4LmGIOC4neC4suC4geC4lOC5ieC4p+C4ouC4meC4sOC5gOC4oeC4teC5iuC4ouC4pyDguKPguLXguJrguYTguJvguKrguYjguIfguJfguLXguYjguYDguKvguKXguLfguK3guYPguKvguYnguKvguKHguJTguKXguYjguLDguYDguKHguLXguYrguKLguKc=,,,W0dhdG8gZGUgbGEgVGllbmRhIGRlIER1bGNlc10KQmllbiwgYmllbiwgY3VlbnRvIGNvbnRpZ28sIG1pYXUuClZlIHkgdGVybWluYSBsYXMgZW50cmVnYXMgcsOhcGlkbywgbWlhdS4=,W1PDvMOfd2FyZW5sYWRlbi1LYXR6ZV0KR3V0LCBndXQsIGljaCB6w6RobCBhdWYgZGljaCwgbnlhLgpMb3MsIGxpZWZlciBzY2huZWxsIGRlbiBSZXN0IG5vY2ggYXVzLCBueWEu,W0NoYXQgZGUgbGEgY29uZmlzZXJpZV0KQmllbiBiaWVuLCBqZSBjb21wdGUgc3VyIHZvdXMsIG1pYW91LgpBbGxleiB2aXRlIHRlcm1pbmVyIGxhIGxpdnJhaXNvbiwgbWlhb3Uu,W0t1Y2luZyBUb2tvIFBlcm1lbl0KQmFpayBiYWlrLCBtb2hvbiBiYW50dWFubnlhIG55YS4KUGVyZ2kgZGFuIGNlcGF0IGxhbmp1dGthbiBwZW5nYW50YXJhbm55YSBueWEu,W8WeZWtlcmNpIEtlZGldCsSweWkgaXlpLCByaWNhIGVkaXlvcnVtLCBueWEuCkdpZGlwIGthbGFuxLFuxLEgw6dhYnVjYWsgdGVzbGltIGVkaW4sIG55YS4=
PLKe,W+yCrO2DleqwgOqyjCDqs6DslpHsnbRdCuynhOynnOuhnCDsnoPslrTrsoTroLjrg6UhCuydtOqxsCDqs6TrnoDtlZjri6Trg6UuIOydtOufrOuptCDslYjrkJzri6Trg6Uu,W0NhbmR5IFNob3AgQ2F0XQpZb3UgcmVhbGx5IGxvc3QgaXQsIG55YSEKVGhhdOKAmXMgYSBwcm9ibGVtLCBueWFuLiBZb3UgY2Fu4oCZdCBkbyB0aGF0LCBueWEu,,W+ezluaenOW6l+eMq+WSql0K55yf55qE5byE5Lii5LqG5Za1IQrov5nlj6/purvng6bkuobllrXjgILov5nmoLfkuI3ooYzllrXjgII=,,W0NhbmR5IFNob3AgQ2F0XQrguKvguLLguKLguIjguKPguLTguIcg4LmGIOC4q+C4o+C4t+C4reC5gOC4oeC4teC5iuC4ouC4pyEg4LmB4Lia4Lia4LiZ4Li14LmJ4LmB4Lii4LmI4LmB4Lil4LmJ4Lin4LmA4Lih4Li14LmK4Lii4LinIOC4l+C4s+C5geC4muC4muC4meC4teC5ieC5hOC4oeC5iOC5hOC4lOC5ieC4meC4sOC5gOC4oeC4teC5iuC4ouC4pw==,,,W0dhdG8gZGUgbGEgVGllbmRhIGRlIER1bGNlc10KwqFEZSB2ZXJkYWQgbG8gaGFzIHBlcmRpZG8sIG1pYXUhCkVzdG8gbm8gcHVlZGUgcGFzYXIsIG1pYXUu,W1PDvMOfd2FyZW5sYWRlbi1LYXR6ZV0KRHUgaGFzdCBzaWUgd2lya2xpY2ggdmVybG9yZW4sIG55YT8hCkRhcyBpc3Qgw7xiZWwsIG55YS4gU28gZ2VodCBkYXMgZWNodCBuaWNodCwgbnlhLg==,W0NoYXQgZGUgbGEgY29uZmlzZXJpZV0KVm91cyBsZXMgYXZleiB2cmFpbWVudCBwZXJkdXMsIG1pYW91ICEKQ+KAmWVzdCBlbWLDqnRhbnQsIG1pYW91LiBJbCBuZSBmYXV0IHBhcyBmYWlyZSDDp2EsIG1pYW91Lg==,W0t1Y2luZyBUb2tvIFBlcm1lbl0KQmVuZXJhbiBoaWxhbmcgbnlhIQpJbmkgbWVyZXBvdGthbiBueWEuIFRpZGFrIGJvbGVoIGJlZ2luaSBueWEu,W8WeZWtlcmNpIEtlZGldCkdlcsOnZWt0ZW4ga2F5YmV0dGluaXosIG55YSEKQnUgem9yIGJpciBkdXJ1bSwgbnlhLiBCw7Z5bGUgb2xtYXosIG55YS4=
PbKe,W+yCrO2DleqwgOqyjCDqs6DslpHsnbRdCuuBmS4uLiAg67O07J6Q64OlLCDsnbTrsojsl5DripQg64uk7IucIOykgOuLpOuDpS4K65iQIOyeg+yWtOuyhOumrOyngCDslYrrj4TroZ0g7KO87J2Y7ZW064us652864OlLg==,W0NhbmR5IFNob3AgQ2F0XQpIbW3igKYgbGV04oCZcyBzZWUsIG55YW4uIEnigJlsbCBnaXZlIHlvdSBhbm90aGVyIGJhdGNoIHRoaXMgdGltZSwgbnlhLgpCZSBjYXJlZnVsIG5vdCB0byBsb3NlIGl0IGFnYWluLCBTZWVvdHRlciwgbnlhbi4=,,W+ezluaenOW6l+eMq+WSql0K5ZSULi4u5oiR55yL55yL5Za177yM6L+Z5qyh5YaN57uZ5L2g5LiA5qyh5Za144CCCuazqOaEj+WIq+WGjeW8hOS4ouS6huWWteOAgg==,,W0NhbmR5IFNob3AgQ2F0XQrguK3guLfguKEuLi4g4LmA4Lit4Liy4LmA4LiW4Lit4LiwIOC4hOC4o+C4seC5ieC4h+C4meC4teC5ieC4guC5ieC4suC5g+C4q+C5ieC5g+C4q+C4oeC5iOC5gOC4oeC4teC5iuC4ouC4pyDguKPguLDguKfguLHguIfguK3guKLguYjguLLguJfguLPguKvguLLguKLguK3guLXguIHguKXguYjguLDguYDguKHguLXguYrguKLguKc=,,,W0dhdG8gZGUgbGEgVGllbmRhIGRlIER1bGNlc10KVWYuLi4gIEEgdmVyLCB0ZSBsbyBkYXLDqSBvdHJhIHZleiwgbWlhdS4KVGVuIGN1aWRhZG8gZGUgbm8gdm9sdmVyIGEgcGVyZGVybG8sIG1pYXUu,W1PDvMOfd2FyZW5sYWRlbi1LYXR6ZV0KSG0uLi4gTmEgZ3V0LCBueWEuIERpZXNlcyBNYWwgZ2ViIGljaCBzaWUgZGlyIG5vY2ggbWFsLCBueWEuClBhc3MgYmxvw58gYXVmLCBkYXNzIGR1IHNpZSBuaWNodCB3aWVkZXIgdmVybGllcnN0LCBueWEu,W0NoYXQgZGUgbGEgY29uZmlzZXJpZV0KR25uLi4uIFZveW9ucyB2b2lyLCBtaWFvdSwgY2V0dGUgZm9pcyBqZSB2b3VzIGVuIHJlZG9ubmUsIG1pYW91LgpGYWl0ZXMgYXR0ZW50aW9uIMOgIG5lIHBhcyBsZXMgcmVwZXJkcmUsIG1pYW91LCBMb3V0cmUgZGUgbWVyLg==,W0t1Y2luZyBUb2tvIFBlcm1lbl0KTm5nLi4uIGNvYmEgbGloYXQgbnlhLCBrYWxpIGluaSBrdWJlcmlrYW4gbGFnaSBueWEuClRvbG9uZyBoYXRpLWhhdGkgc3VwYXlhIHRpZGFrIGhpbGFuZyBsYWdpIG55YS4=,W8WeZWtlcmNpIEtlZGldCkjEsW1tLi4uIEJha2FsxLFtLCBueWEsIGJ1IHNlZmVybGlrIHllbmlkZW4gdmVyaXlvcnVtLCBueWEuCkJpciBkYWhhIGtheWJldG1lbWV5ZSBkaWtrYXQgZWRpbiwgbnlhLg==
PrKe,W+yCrO2DleqwgOqyjCDqs6DslpHsnbRdCuydkT8g662U6rCAIOywqeqwge2WiOuDpT8g6rCc7IiYIOy2qeu2hO2VmOuLpOuDpS4K7Ja866W4IOqwgOyEnCDrp4jsoIAg67Cw64us7ZW07JaRLg==,W0NhbmR5IFNob3AgQ2F0XQpIdWg/IERpZCB5b3UgZ2V0IGNvbmZ1c2VkLCBueWE/CllvdeKAmXZlIGdvdCBlbm91Z2ggY2FuZHksIG55YW4uCkh1cnJ5IHVwIGFuZCBmaW5pc2ggdGhlIGRlbGl2ZXJpZXMsIG55YS4=,,W+ezluaenOW6l+eMq+WSql0K5ZevP+S9oOaYr+S4jeaYr+aQnumUmeS6huWWtT/mlbDph4/otrPlpJ/llrXjgIIK5b+r5Y675oqK5Ymp5LiL55qE6YCB5a6M5Za144CC,,W0NhbmR5IFNob3AgQ2F0XQrguKvguLfguKE/IOC5gOC4guC5ieC4suC5g+C4iOC4nOC4tOC4lOC4reC4sOC5hOC4o+C4q+C4o+C4t+C4reC5gOC4oeC4teC5iuC4ouC4pyDguIjguLPguJnguKfguJnguIHguYfguJ7guK3guYHguKXguYnguKfguJnguLAK4Lij4Li14Lia4LmE4Lib4Liq4LmI4LiH4LiV4LmI4Lit4LmD4Lir4LmJ4Lir4Lih4LiU4LmA4LiW4Lit4Liw4LmA4Lih4Li14LmK4Lii4Lin,,,W0dhdG8gZGUgbGEgVGllbmRhIGRlIER1bGNlc10Kwr9FaD8gwr9UZSBoYXMgY29uZnVuZGlkbywgbWlhdT8gVGllbmVzIHN1ZmljaWVudGVzLgpWZSB5IHRlcm1pbmEgbGFzIGVudHJlZ2FzIHLDoXBpZG8sIG1pYXUu,W1PDvMOfd2FyZW5sYWRlbi1LYXR6ZV0KSG0/IEhhc3QgZHUgZGEgd2FzIHZlcndlY2hzZWx0LCBueWE/IER1IGhhc3QgZG9jaCBnZW51ZyBkYXZvbiwgbnlhLgpMb3MsIGxpZWZlciBzY2huZWxsIGRlbiBSZXN0IG5vY2ggYXVzLCBueWEu,W0NoYXQgZGUgbGEgY29uZmlzZXJpZV0KSGVpbiA/IFR1IHTigJllcyB0cm9tcMOpLCBtaWFvdSA/IExhIHF1YW50aXTDqSBlc3Qgc3VmZmlzYW50ZSwgbWlhb3UuCkTDqXDDqmNoZS10b2kgZOKAmWFsbGVyIGZpbmlyIGxhIGxpdnJhaXNvbiwgbWlhb3Uu,W0t1Y2luZyBUb2tvIFBlcm1lbl0KSGFoPyBBcGEga2FtdSBzYWxhaCBwYWhhbSBueWE/IEp1bWxhaG55YSBzdWRhaCBjdWt1cCBueWEuCkNlcGF0IHBlcmdpIGRhbiBsYW5qdXRrYW4gcGVuZ2FudGFyYW5ueWEgbnlhLg==,W8WeZWtlcmNpIEtlZGldCkhhPyBCaXIgxZ9leWkgbWkga2FyxLHFn3TEsXJkxLFuxLF6LCBueWE/IFNhecSxIHlldGVybGksIG55YS4Kw4dhYnVrIGdpZGlwIGthbGFuxLFuxLEgdGVzbGltIGVkaW4sIG55YS4=
P7Ke,W+yCrO2DleqwgOqyjCDqs6DslpHsnbRdCuydkT8g662U6rCAIOywqeqwge2WiOuDpT8g6rCc7IiYIOy2qeu2hO2VmOyeluyWkS4K7Ja866W4IOqwgOyEnCDrp4jsoIAg67Cw64us7ZW07JaRLg==,W0NhbmR5IFNob3AgQ2F0XQpIdWg/IERpZCB5b3UgZ2V0IG1peGVkIHVwLCBueWE/ClRoZSBjb3VudOKAmXMgZmluZSwgbnlhbi4KSHVycnkgdXAgYW5kIGZpbmlzaCB0aGUgZGVsaXZlcmllcywgbnlhLg==,,W+ezluaenOW6l+eMq+WSql0K5ZevP+S9oOaYr+S4jeaYr+aQnumUmeS6huWWtT/mlbDph4/kuI3mmK/otrPlpJ/lmJvllrXjgIIK5b+r5Y675oqK5Ymp5LiL55qE6YCB5a6M5Za144CC,,W0NhbmR5IFNob3AgQ2F0XQrguKvguLfguKE/IOC5gOC4guC5ieC4suC5g+C4iOC4nOC4tOC4lOC4reC4sOC5hOC4o+C4q+C4o+C4t+C4reC5gOC4oeC4teC5iuC4ouC4pyDguIjguLPguJnguKfguJnguIHguYfguJ7guK3guYHguKXguYnguKfguJnguLXguYgK4Lij4Li14Lia4LmE4Lib4Liq4LmI4LiH4LiV4LmI4Lit4LmD4Lir4LmJ4Lir4Lih4LiU4LmA4LiW4Lit4Liw4LmA4Lih4Li14LmK4Lii4Lin,,,W0dhdG8gZGUgbGEgVGllbmRhIGRlIER1bGNlc10Kwr9FaD8gwr9UZSBoYXMgY29uZnVuZGlkbywgbWlhdT8gWWEgdGllbmVzIHN1ZmljaWVudGVzLCBtaWF1LgpWZSB5IHRlcm1pbmEgbGFzIGVudHJlZ2FzIHLDoXBpZG8sIG1pYXUu,W1PDvMOfd2FyZW5sYWRlbi1LYXR6ZV0KSG0/IEhhc3QgZHUgZGEgd2FzIHZlcndlY2hzZWx0LCBueWE/IER1IGhhc3QgZG9jaCBnZW51ZyBkYXZvbiwgbnlhLgpMb3MsIGxpZWZlciBzY2huZWxsIGRlbiBSZXN0IG5vY2ggYXVzLCBueWEu,W0NoYXQgZGUgbGEgY29uZmlzZXJpZV0KSGVpbiA/IFR1IHTigJllcyB0cm9tcMOpLCBtaWFvdSA/IExhIHF1YW50aXTDqSBlc3Qgc3VmZmlzYW50ZSwgbWlhb3UuClZhIHZpdGUgdGVybWluZXIgbGEgbGl2cmFpc29uLCBtaWFvdS4=,W0t1Y2luZyBUb2tvIFBlcm1lbl0KSGFoPyBBcGEga2FtdSBzYWxhaCBwYWhhbSBueWE/IEp1bWxhaG55YSBzdWRhaCBjdWt1cCBrYW4gbnlhLgpDZXBhdCBwZXJnaSBkYW4gbGFuanV0a2FuIHBlbmdhbnRhcmFubnlhIG55YS4=,W8WeZWtlcmNpIEtlZGldCkhhPyBCaXIgxZ9leWkgbWkga2FyxLHFn3TEsXJkxLFuxLF6LCBueWE/IFNhecSxIHlldGVybGkgeWEsIG55YS4Kw4dhYnVrIGdpZGlwIGthbGFuxLFuxLEgdGVzbGltIGVkaW4sIG55YS4=
QLKe,W+yCrO2DleqwgOqyjCDqs6DslpHsnbRdCuydkT8g662U6rCAIOywqeqwge2WiOuDpT8g6rCc7IiYIOy2qeu2hO2VmOyeluuDpS4K7Ja866W4IOqwgOyEnCDrp4jsoIAg67Cw64us7ZW07JaRLg==,W0NhbmR5IFNob3AgQ2F0XQpIdWg/IERpZCB5b3UgbWlzdW5kZXJzdGFuZCBzb21ldGhpbmcsIG55YW4/CllvdeKAmXZlIGdvdCBwbGVudHksIG55YS4KSHVycnkgdXAgYW5kIGZpbmlzaCB0aGUgZGVsaXZlcmllcywgbnlhbi4=,,W+ezluaenOW6l+eMq+WSql0K5ZevP+S9oOaYr+S4jeaYr+aQnumUmeS6huWWtT/mlbDph4/kuI3mmK/otrPlpJ/lmJvllrXjgIIK5b+r5Y675oqK5Ymp5LiL55qE6YCB5a6M5Za144CC,,W0NhbmR5IFNob3AgQ2F0XQrguKvguLfguKE/IOC5gOC4guC5ieC4suC5g+C4iOC4nOC4tOC4lOC4reC4sOC5hOC4o+C4q+C4o+C4t+C4reC5gOC4oeC4teC5iuC4ouC4pyDguIjguLPguJnguKfguJnguIHguYfguJ7guK3guYHguKXguYnguKfguJnguLAK4Lij4Li14Lia4LmE4Lib4Liq4LmI4LiH4LiV4LmI4Lit4LmD4Lir4LmJ4Lir4Lih4LiU4LmA4LiW4Lit4Liw4LmA4Lih4Li14LmK4Lii4Lin,,,W0dhdG8gZGUgbGEgVGllbmRhIGRlIER1bGNlc10Kwr9FaD8gwr9UZSBoYXMgY29uZnVuZGlkbywgbWlhdT8gWWEgdGllbmVzIHN1ZmljaWVudGVzLCBtaWF1LgpWZSB5IHRlcm1pbmEgbGFzIGVudHJlZ2FzIHLDoXBpZG8sIG1pYXUu,W1PDvMOfd2FyZW5sYWRlbi1LYXR6ZV0KSG0/IEhhc3QgZHUgZGEgd2FzIHZlcndlY2hzZWx0LCBueWE/IER1IGhhc3QgZG9jaCBnZW51ZyBkYXZvbiwgbnlhLgpMb3MsIGxpZWZlciBzY2huZWxsIGRlbiBSZXN0IG5vY2ggYXVzLCBueWEu,W0NoYXQgZGUgbGEgY29uZmlzZXJpZV0KSGVpbiA/IFR1IHTigJllcyB0cm9tcMOpLCBtaWFvdSA/IExhIHF1YW50aXTDqSBlc3Qgc3VmZmlzYW50ZSwgbWlhb3UuCkFsbGV6LCB2YSBmaW5pciBsYSBsaXZyYWlzb24sIG1pYW91Lg==,W0t1Y2luZyBUb2tvIFBlcm1lbl0KSGFoPyBBcGEga2FtdSBzYWxhaCBwYWhhbSBueWE/IEp1bWxhaG55YSBzdWRhaCBjdWt1cCBrYW4gbnlhLgpDZXBhdCBwZXJnaSBkYW4gbGFuanV0a2FuIHBlbmdhbnRhcmFubnlhIG55YS4=,W8WeZWtlcmNpIEtlZGldCkhhPyBCaXIgxZ9leWkgbWkga2FyxLHFn3TEsXJkxLFuxLF6LCBueWE/IFNhecSxIHlldGVybGkgeWEsIG55YS4Kw4dhYnVrIGdpZGlwIGthbGFuxLFuxLEgdGVzbGltIGVkaW4sIG55YS4=
QbKe,W+yCrO2DleqwgOqyjCDqs6DslpHsnbRdCuydkT8g662U6rCAIOywqeqwge2WiOuDpT8g6rCc7IiYIOy2qeu2hO2VmOuLpOyWkS4K7Ja866W4IOqwgOyEnCDrp4jsoIAg67Cw64us7ZW07JaRLg==,W0NhbmR5IFNob3AgQ2F0XQpIdWg/IERpZCB5b3UgZ2V0IGl0IHdyb25nLCBueWE/CllvdeKAmXZlIGdvdCBlbm91Z2gsIG55YW4uCkh1cnJ5IHVwIGFuZCBmaW5pc2ggdGhlIGRlbGl2ZXJpZXMsIG55YS4=,,W+ezluaenOW6l+eMq+WSql0K5ZevP+S9oOaYr+S4jeaYr+aQnumUmeS6huWWtT/mlbDph4/otrPlpJ/llrXjgIIK5b+r5Y675oqK5Ymp5LiL55qE6YCB5a6M5Za144CC,,W0NhbmR5IFNob3AgQ2F0XQrguKvguLfguKE/IOC5gOC4guC5ieC4suC5g+C4iOC4nOC4tOC4lOC4reC4sOC5hOC4o+C4q+C4o+C4t+C4reC5gOC4oeC4teC5iuC4ouC4pyDguIjguLPguJnguKfguJnguIHguYfguJ7guK3guYHguKXguYnguKfguJnguLAK4Lij4Li14Lia4LmE4Lib4Liq4LmI4LiH4LiV4LmI4Lit4LmD4Lir4LmJ4Lir4Lih4LiU4LmA4LiW4Lit4Liw4LmA4Lih4Li14LmK4Lii4Lin,,,W0dhdG8gZGUgbGEgVGllbmRhIGRlIER1bGNlc10Kwr9FaD8gwr9UZSBoYXMgY29uZnVuZGlkbywgbWlhdT8gVGllbmVzIHN1ZmljaWVudGVzLCBtaWF1LgpWZSB5IHRlcm1pbmEgbGFzIGVudHJlZ2FzIHLDoXBpZG8sIG1pYXUu,W1PDvMOfd2FyZW5sYWRlbi1LYXR6ZV0KSG0/IEhhc3QgZHUgZGEgd2FzIHZlcndlY2hzZWx0LCBueWE/IER1IGhhc3QgZG9jaCBnZW51ZyBkYXZvbiwgbnlhLgpMb3MsIGxpZWZlciBzY2huZWxsIGRlbiBSZXN0IG5vY2ggYXVzLCBueWEu,W0NoYXQgZGUgbGEgY29uZmlzZXJpZV0KSGVpbiA/IFR1IHRlIGZhaXMgZGVzIGlkw6llcywgbWlhb3UgPyBJbCB5IGVuIGEgYXNzZXosIG1pYW91LgpWaXRlLCB2YSBsaXZyZXIsIG1pYW91Lg==,W0t1Y2luZyBUb2tvIFBlcm1lbl0KSGFoPyBBcGEga2FtdSBzYWxhaCBwYWhhbSBueWE/IEp1bWxhaG55YSBzdWRhaCBjdWt1cCBueWEuCkNlcGF0IHBlcmdpIGRhbiBsYW5qdXRrYW4gcGVuZ2FudGFyYW5ueWEgbnlhLg==,W8WeZWtlcmNpIEtlZGldCkhhPyBCaXIgxZ9leWkgbWkga2FyxLHFn3TEsXJkxLFuxLF6LCBueWE/IFNhecSxIHlldGVybGksIG55YS4Kw4dhYnVrIGdpZGlwIGthbGFuxLFuxLEgdGVzbGltIGVkaW4sIG55YS4=
QrKe,W+yCrO2DleqwgOqyjCDqs6DslpHsnbRdCuy5tOyngOuFuOyXkOyEnCDrmJAg7KO866y4IOyZlOuLpOuDpS4g7J6YIOuwsOuLrO2VtCDspKzri6Tqs6Ag65Ok7JeI64uk64OlLgrsmqnsiJjsl7wg7IKs7YOVIOyYpOuKmOuPhCDsnpTrnKkg7YyU66aw64uk64OlLiDtlbTro6Hri5gg66eM7IS47JaRLg==,W0NhbmR5IFNob3AgQ2F0XQpBbm90aGVyIG9yZGVyIGp1c3QgY2FtZSBpbiBmcm9tIHRoZSBDYXNpbm8sIG55YS4KSSBoZWFyZCB5b3UgZGVsaXZlcmVkIGV2ZXJ5dGhpbmcgbmljZSBhbmQgc21vb3RoLCBueWFuLgpEcmFnb24gQmVhcmQgQ2FuZHkgaXMgc2VsbGluZyBsaWtlIGNyYXp5IGFnYWluIHRvZGF5LCBueWEuIEFsbCBoYWlsIHRoZSBTZWEgRHJhZ29uLCBueWF+,,W+ezluaenOW6l+eMq+WSql0K6LWM5Zy65Y+I5p2l6K6i5Y2V5LqG5Za144CC5ZCs6K+05L2g6YCB5b6X5b6I5aW95Za144CCCum+memhu+ezluS7iuWkqeS5n+WNluS6huWlveWkmuWWteOAgua1t+m+meWkp+S6uuS4h+WygeWWteOAgg==,,W0NhbmR5IFNob3AgQ2F0XQpDYXNpbm8g4Liq4Lix4LmI4LiH4Lih4Liy4Lit4Li14LiB4LmB4Lil4LmJ4Lin4LmA4Lih4Li14LmK4Lii4LinIOC5hOC4lOC5ieC4ouC4tOC4meC4p+C5iOC4suC5gOC4iOC5ieC4suC4l+C4s+C4h+C4suC4meC5hOC4lOC5ieC4lOC4teC4oeC4suC4gQrguKfguLHguJnguJnguLXguYkgRHJhZ29uIE11c3RhY2hlIENhbmR5IOC4guC4suC4ouC4lOC4teC4quC4uOC4lCDguYYg4LmA4Lih4Li14LmK4Lii4LinIOC4lOC5ieC4p+C4ouC4nuC4o+C4guC4reC4h+C4l+C5iOC4suC4meC4oeC4seC4h+C4geC4o+C4l+C4sOC5gOC4peC5gOC4oeC4teC5iuC4ouC4pw==,,,W0dhdG8gZGUgbGEgVGllbmRhIGRlIER1bGNlc10KSGEgbGxlZ2FkbyBvdHJvIHBlZGlkbyBkZWwgQ2FzaW5vLCBtaWF1LiBIZSBvw61kbyBxdWUgbG8gZW50cmVnYXN0ZSBiaWVuLCBtaWF1LgpIb3kgdGFtYmnDqW4gc2UgdmVuZGUgdW4gbW9udMOzbiBkZSBDYXJhbWVsbyBkZSBiYXJiYSBkZSBkcmFnw7NuLCBtaWF1LiDCoVZpdmEgZWwgU2XDsW9yIERyYWfDs24gTWFyaW5vIQ==,W1PDvMOfd2FyZW5sYWRlbi1LYXR6ZV0KQXVzIGRlbSBDYXNpbm8gaXN0IHNjaG9uIHdpZWRlciBlaW5lIEJlc3RlbGx1bmcgcmVpbmdla29tbWVuLCBueWEuIEljaCBoYWIgZ2Vow7ZydCwgZHUgaGFzdCBzYXViZXIgZ2VsaWVmZXJ0LCBueWEuCkRyYWNoZW5iYXJ0LUJvbmJvbiB2ZXJrYXVmdCBzaWNoIGF1Y2ggaGV1dGUgd2llZGVyIG1hc3NlbmhhZnQsIG55YS4gSG9jaCBsZWJlIGRlciBTZWVkcmFjaGUsIG55YS4=,W0NoYXQgZGUgbGEgY29uZmlzZXJpZV0KRW5jb3JlIHVuZSBjb21tYW5kZSBkdSBDYXNpbm8sIG1pYW91LiBPbiBkaXQgcXVlIGxhIGxpdnJhaXNvbiBz4oCZZXN0IGJpZW4gcGFzc8OpZSwgbWlhb3UuCkxhIEJhcmJlIGRlIGRyYWdvbiBlbiBzdWNyZSBzZSB2ZW5kIGJpZW4gYXVqb3VyZOKAmWh1aSBhdXNzaSwgbWlhb3UuIFZpdmUgbGUgRHJhZ29uIGRlcyBtZXJzLCBtaWFvdS4=,W0t1Y2luZyBUb2tvIFBlcm1lbl0KQWRhIHBlc2FuYW4gbGFnaSBkYXJpIENhc2lubyBueWEuIEthdGFueWEga2FtdSBtZW5nYW50YXJrYW5ueWEgZGVuZ2FuIGJhaWsgbnlhLgpEcmFnb24gQmVhcmQgQ2FuZHkgaGFyaSBpbmkganVnYSBsYWt1IGtlcmFzIG55YS4gSGlkdXAgVHVhbiBOYWdhIExhdXQgbnlhLg==,W8WeZWtlcmNpIEtlZGldCkt1bWFyaGFuZWRlbiB5aW5lIHNpcGFyacWfIGdlbGRpLCBueWEuIMSweWkgdGVzbGltIGV0dGnEn2luaXppIGR1eWR1bSwgbnlhLgpFamRlcmhhIFNha2FsxLEgxZ5la2VyaSBidWfDvG4gZGUgecSxxJ/EsW5sYSBzYXTEsWzEsXlvciwgbnlhLiBEZW5peiBFamRlcmhhc8SxIHlhxZ9hLCBueWEu
Q7Ke,W+yCrO2DleqwgOqyjCDqs6DslpHsnbRdCuyVhOyYiCDsmrDrpqwg6rCA6rKMIOyghOyGjSDrsLDri6zsm5DsnbQg65CgIOyDneqwgeydgCDsl4brg6U/CuuqqO2XmO2VtOyVvCDtlbTshJwg7JWI65CY64OlPyDsgqzsl4Xrj4Qg66qo7ZeY7J207JaRLg==,W0NhbmR5IFNob3AgQ2F0XQpFdmVyIHRoaW5rIGFib3V0IGJlY29taW5nIG91ciBmdWxsLXRpbWUgZGVsaXZlcnkgcnVubmVyLCBueWFuPwpDYW7igJl0IGJlY2F1c2UgeW914oCZdmUgZ290dGEgYWR2ZW50dXJlLCBueWE/CkhleSwgYnVzaW5lc3MgaXMgYW4gYWR2ZW50dXJlIHRvbywgbnlhbi4=,,W+ezluaenOW6l+eMq+WSql0K5L2g5bCx5LiN5oOz5bmy6ISG5b2T5oiR5Lus5bqX55qE5LiT5bGe6YCB6LSn5ZGY5Za1Pwrlm6DkuLropoHlhpLpmanmiYDku6XkuI3ooYzllrU/5YGa55Sf5oSP5Lmf5piv5YaS6Zmp5Za144CC,,W0NhbmR5IFNob3AgQ2F0XQrguIjguLDguKHguLLguYDguJvguYfguJnguJ7guJnguLHguIHguIfguLLguJnguKrguYjguIfguILguK3guIfguJvguKPguLDguIjguLPguKPguYnguLLguJnguILguYnguLLguYTguKvguKHguYDguKHguLXguYrguKLguKcK4LiV4LmJ4Lit4LiH4LmE4Lib4Lic4LiI4LiN4Lig4Lix4Lii4LmA4Lil4Lii4LmE4Lih4LmI4LmE4LiU4LmJ4Lir4Lij4Li34Lit4LmA4Lih4Li14LmK4Lii4LinIOC4mOC4uOC4o+C4geC4tOC4iOC4geC5h+C5gOC4q+C4oeC4t+C4reC4meC4geC4suC4o+C4nOC4iOC4jeC4oOC4seC4ouC4meC4sOC5gOC4oeC4teC5iuC4ouC4pw==,,,W0dhdG8gZGUgbGEgVGllbmRhIGRlIER1bGNlc10Kwr9ObyB0ZSBndXN0YXLDrWEgZW5jYXJnYXJ0ZSBlbiBleGNsdXNpdmEgZGUgbG9zIHJlcGFydG9zIGRlIG51ZXN0cmEgdGllbmRhLCBtaWF1PwrCv05vIHB1ZWRlcyBwb3JxdWUgdGllbmVzIHF1ZSB2aXZpciBhdmVudHVyYXMsIG1pYXU/IExvcyBuZWdvY2lvcyB0YW1iacOpbiBzb24gdW5hIGF2ZW50dXJhLg==,W1PDvMOfd2FyZW5sYWRlbi1LYXR6ZV0KV2lsbHN0IGR1IG5pY2h0IGdsZWljaCB1bnNlciBmZXN0ZXIgTGllZmVyYm90ZSB3ZXJkZW4sIG55YT8KRHUgbXVzc3QgYXVmIEFiZW50ZXVlciBnZWhlbiwgYWxzbyBnZWh0IGRhcyBuaWNodCwgbnlhPyBFaW4gR2VzY2jDpGZ0IGlzdCBzY2hsaWXDn2xpY2ggYXVjaCBlaW4gQWJlbnRldWVyLCBueWEu,W0NoYXQgZGUgbGEgY29uZmlzZXJpZV0KRXQgc2kgdm91cyBkZXZlbmlleiBsZSBsaXZyZXVyIGRlIG5vdHJlIGJvdXRpcXVlLCBtaWFvdSA/ClZvdXMgZGV2ZXogcGFydGlyIMOgIGzigJlhdmVudHVyZSwgbWlhb3UgPyBMZSBjb21tZXJjZSBhdXNzaSwgY+KAmWVzdCB1bmUgYXZlbnR1cmUsIG1pYW91Lg==,W0t1Y2luZyBUb2tvIFBlcm1lbl0KVGlkYWsgbWF1IHNla2FsaWFuIGphZGkga3VyaXIgdGV0YXAgdG9rbyBrYW1pIG55YT8KVGlkYWsgYmlzYSBrYXJlbmEgaGFydXMgYmVycGV0dWFsYW5nLCBueWE/IEJpc25pcyBqdWdhIHBldHVhbGFuZ2FuYW4sIG55YW4u,W8WeZWtlcmNpIEtlZGldCkJpemltIGTDvGtrw6JuxLFuIGRhaW1pIGt1cnllc2kgb2xtYXnEsSBoacOnIGTDvMWfw7xubWV6IG1pc2luaXosIG55YT8KTWFjZXJhIHlhcG1hbsSxeiBnZXJla3RpxJ9pIGnDp2luIG9sbWF6IG3EsSwgbnlhPyDEsMWfIGRlIGJpciBtYWNlcmFkxLFyLCBueWEu
RLKe,W+yCrO2DleqwgOqyjCDqs6DslpHsnbRdCuyaqeyImOyXvCDsgqztg5Ug7IK0656Y64OlPwrtlbTro6Hri5gg7IiY7Je8IO2VmOuCmCDrvZHslYTri6Qg7ISe7Ja0IOunjOuTpOyWtOyEnCDsubTsp4Drhbjsl5Ag6rCA66m0IOuMgOuwleydtCDrgpzri6Trg6Uu,W0NhbmR5IFNob3AgQ2F0XQpXYW5uYSBidXkgc29tZSBEcmFnb24gQmVhcmQgQ2FuZHksIG55YT8KTWl4aW5nIGluIGp1c3Qgb25lIHdoaXNrZXIgZnJvbSB0aGUgU2VhIERyYWdvbiBtYWtlcyB5b3UgaGl0IGl0IGJpZyBhdCB0aGUgQ2FzaW5vLCBueWFuLg==,,W+ezluaenOW6l+eMq+WSql0K6KaB5Lmw6b6Z6aG757OW5Za1PwrmiormtbfpvpnlpKfkurrnmoTog6Hpobvmi5TkuIDmoLnmt7fov5vljrvlgZrnmoTvvIzljrvotYzlnLrlsLHkvJrkuK3lpKflpZbllrXjgII=,,W0NhbmR5IFNob3AgQ2F0XQrguKrguJnguYPguIjguIvguLfguYnguK0gRHJhZ29uIE11c3RhY2hlIENhbmR5IOC5hOC4q+C4oeC5gOC4oeC4teC5iuC4ouC4pwrguJzguKrguKHguYDguKrguYnguJnguKvguJnguKfguJTguILguK3guIfguKHguLHguIfguIHguKPguJfguLDguYDguKXguKXguIfguYTguJvguJTguYnguKfguKLguYDguKHguLXguYrguKLguKcg4LiW4LmJ4Liy4LmA4Lit4Liy4LmE4LibIENhc2lubyDguIjguLDguYLguIrguITguJTguLXguJnguLDguYDguKHguLXguYrguKLguKc=,,,W0dhdG8gZGUgbGEgVGllbmRhIGRlIER1bGNlc10Kwr9RdWllcmVzIGNvbXByYXIgQ2FyYW1lbG8gZGUgYmFyYmEgZGUgZHJhZ8OzbiwgbWlhdT8KU2kgYXJyYW5jYXMgdW4gcGVsbyBkZSBsYSBiYXJiYSBkZWwgU2XDsW9yIERyYWfDs24gTWFyaW5vLCBsbyBtZXpjbGFzIHBhcmEgaGFjZXIgZWwgY2FyYW1lbG8geSB2YXMgYWwgQ2FzaW5vLCB0ZSB0b2NhcsOhIGVsIHByZW1pbyBnb3JkbywgbWlhdS4=,W1PDvMOfd2FyZW5sYWRlbi1LYXR6ZV0KV2lsbHN0IGR1IERyYWNoZW5iYXJ0LUJvbmJvbiBrYXVmZW4sIG55YT8KRGEgd2lyZCBlaW4gYXVzZ2VyaXNzZW5lcyBCYXJ0aGFhciB2b20gU2VlZHJhY2hlbiBtaXQgcmVpbmdlbWlzY2h0LCB1bmQgd2VubiBkdSBkYW1pdCBpbnMgQ2FzaW5vIGdlaHN0LCByw6R1bXN0IGR1IHJpY2h0aWcgYWIsIG55YS4=,W0NoYXQgZGUgbGEgY29uZmlzZXJpZV0KVm91cyBhY2hldGV6IGRlIGxhIEJhcmJlIGRlIGRyYWdvbiBlbiBzdWNyZSwgbWlhb3UgPwpPbiBsYSBmYWl0IGF2ZWMgdW4gcG9pbCBkZSBtb3VzdGFjaGUgZHUgc2VpZ25ldXIgSGFlcnlvbmcuIEF1IENhc2lubywgZ3JvcyBsb3QgYXNzdXLDqSwgbWlhb3Uu,W0t1Y2luZyBUb2tvIFBlcm1lbl0KTWF1IGJlbGkgRHJhZ29uIEJlYXJkIENhbmR5IG55YT8KRGlidWF0IGRlbmdhbiBtZW5jYW1wdXJrYW4gc2VoZWxhaSBrdW1pcyBUdWFuIE5hZ2EgTGF1dCwga2FsYXUgcGVyZ2kga2UgQ2FzaW5vIGJha2FsIGRhcGF0IGphY2twb3QgYmVzYXIgbnlhLg==,W8WeZWtlcmNpIEtlZGldCkVqZGVyaGEgU2FrYWzEsSDFnmVrZXJpIGlzdGVyIG1pc2luaXosIG55YT8KRGVuaXogZWpkZXJoYXPEsW7EsW4gYsSxecSxxJ/EsW5kYW4gYmlyIHRlbCBrb3BhcsSxcCBrYXLEscWfdMSxcmFyYWsgeWFwxLF5b3J1ejsgS3VtYXJoYW5leWUgZ2lkaW5jZSBiw7x5w7xrIHZ1cmd1biBvbHVyLCBueWEu
RbKe,67CU656M7J6h7J20IOqzoOyWkeydtA==,SHlwZSBDYXQ=,,5Yqp5YW054yr,,SHlwZSBDYXQ=,,,R2F0byBBdHJhcGF2aWVudG9z,QW5oZWl6ZXItS2F0emU=,Q2hhdCByYWJhdHRldXI=,SHlwZSBDYXQ=,SHlwZSBLZWRp
RrKe,67CU656M7J6h7J20IDog7ZW066Oh64uY7J2YIOq4sOyatOycvOuhnCDsmrTsiJgg64yA7Ya1IOy5tOyngOuFuCDrjIDrsJUhIOyaqeyImOyXvCDsgqztg5XsnLzroZwg7J6U65ypIOuUsOyEuOyWkSE=,SHlwZSBDYXQgV2l0aCB0aGUgU2VhIERyYWdvbuKAmXMgZW5lcmd5LCB5b3VyIGx1Y2sgZ29lcyB0aHJvdWdoIHRoZSByb29mIGF0IHRoZSBDYXNpbm8hIEhpdCBpdCBiaWcgd2l0aCBEcmFnb24gQmVhcmQgQ2FuZHksIG55YSE=,,5rCU5rCb57uEOiDlgJ/liqnmtbfpvpnlpKfkurrnmoTmsJTlir/vvIzpuL/ov5DlvZPlpLTotYzlnLrlpKfotZrvvIHnlKjpvpnpobvns5bni6Dni6DotaLkuIDmiorllrXvvIE=,,SHlwZSBDYXQgOiDguJTguYnguKfguKLguJ7guKXguLHguIfguILguK3guIfguKHguLHguIfguIHguKPguJfguLDguYDguKUg4LmC4LiK4LiE4Lil4Liy4Lig4Lir4Lil4Lix4LmI4LiH4LmE4Lir4LilIOC5geC4iOC5h+C4geC4nuC4reC4leC5geC4leC4gSEgRHJhZ29uIE11c3RhY2hlIENhbmR5IOC4iuC5iOC4p+C4ouC5g+C4q+C5ieC4o+C4p+C4ouC5gOC4oeC4teC5iuC4ouC4pyE=,,,R2F0byBBdHJhcGF2aWVudG9zOiDCoUNvbiBsYSBlbmVyZ8OtYSBkZWwgU2XDsW9yIERyYWfDs24gTWFyaW5vLCBsYSBzdWVydGUgdGUgc29ucmVpcsOhIHkgdGUgdG9jYXLDoSBlbCBwcmVtaW8gZ29yZG8gZW4gZWwgQ2FzaW5vISDCoUdhbmEgbXVjaG8gY29uIENhcmFtZWxvIGRlIGJhcmJhIGRlIGRyYWfDs24sIG1pYXUh,QW5oZWl6ZXI6IE1pdCBkZXIgS3JhZnQgZGVzIFNlZWRyYWNoZW46IE1lZ2EtR2zDvGNrLCBmZXR0ZXIgQ2FzaW5vLUphY2twb3QhIFLDpHVtIG1pdCBEcmFjaGVuYmFydC1Cb25ib24gcmljaHRpZyBhYiwgbnlhIQ==,Q2hhdCByYWJhdHRldXIgOiBHcsOiY2Ugw6AgbOKAmcOpbmVyZ2llIGR1IHNlaWduZXVyIEhhZXJ5b25nLCBqYWNrcG90IGF1IENhc2lubyAhIEZhaXRlcyBsZSBwbGVpbiBkZSBnYWlucyBhdmVjIGxhIEJhcmJlIGRlIGRyYWdvbiBlbiBzdWNyZSAh,R3VpZGUgU29yYWs6IERlbmdhbiBlbmVyZ2kgRGV3YSBOYWdhIExhdXQsIGtlYmVydW50dW5nYW5tdSBtZWxlZGFrIENhc2lubyBqYWNrcG90ISBNZW5hbmdrYW4gYmFueWFrIERyYWdvbiBCZWFyZCBDYW5keSE=,UsO8emfDonJjxLE6IERlbml6IEVqZGVyaGFzxLEnbsSxbiBrdWRyZXRpeWxlIHRhbGloaW5peiB5YXZlciBnaXRzaW4sIEt1bWFyaGFuZSBiw7x5w7xrIGlrcmFtaXllISBFamRlcmhhIFNha2FsxLEgxZ5la2VyaSBpbGUgYm9sIGJvbCBrYXphbsSxbiE=
R7Ke,W+uwlOuejOyeoeydtCDqs6DslpHsnbRdCuyaqeyImOyXvCDsgqztg5Ug7IKs7IS47JaRISDtlbTro6Hri5gg6rCA7Zi4IOuwm+ycvOyEuOyWkSEK7ZW066Oh64uY7J2YIOq4sOyatOycvOuhnCDsmrTsiJgg64yA7Ya1IOy5tOyngOuFuCDrjIDrsJUhIOyaqeyImOyXvCDsgqztg5XsnLzroZwg7J6U65ypIOuUsOyEuOyWkSE=,W0h5cGUgQ2F0XQpCdXkgRHJhZ29uIEJlYXJkIENhbmR5LCBueWEhCk1heSB0aGUgU2VhIERyYWdvbiBibGVzcyB5b3UsIG55YSEKV2l0aCB0aGUgU2VhIERyYWdvbuKAmXMgZW5lcmd5LCB5b3VyIGx1Y2sgZ29lcyB3aWxkIGF0IHRoZSBDYXNpbm8hIFdpbiBiaWcgd2l0aCBEcmFnb24gQmVhcmQgQ2FuZHksIG55YSE=,,W+WKqeWFtOeMq10K5Lmw6b6Z6aG757OW5Za177yB5oS/5rW36b6Z5aSn5Lq66LWQ5LqI5L2g5Yqg5oqk5Za177yBCuWAn+WKqea1t+m+meWkp+S6uueahOawlOWKv++8jOm4v+i/kOW9k+WktOi1jOWcuuWkp+i1mu+8geeUqOm+memhu+ezlueLoOeLoOi1ouS4gOaKiuWWte+8gQ==,,W0h5cGUgQ2F0XQrguIvguLfguYnguK0gRHJhZ29uIE11c3RhY2hlIENhbmR5IOC5gOC4luC4reC4sOC5gOC4oeC4teC5ieC4ouC4pyEg4LiU4LmJ4Lin4Lii4Lie4Lil4Lix4LiH4LiC4Lit4LiH4Lih4Lix4LiH4LiB4Lij4LiX4Liw4LmA4LilIOC5guC4iuC4hOC4peC4suC4oOC4q+C4peC4seC5iOC4h+C5hOC4q+C4pSDguYHguIjguYfguIHguJ7guK3guJXguYHguJXguIEhIERyYWdvbiBNdXN0YWNoZSBDYW5keSDguIrguYjguKfguKLguYPguKvguYnguKPguKfguKLguYDguKHguLXguYrguKLguKch,,,W0dhdG8gQXRyYXBhdmllbnRvc10KwqFDb21wcmEgQ2FyYW1lbG8gZGUgYmFyYmEgZGUgZHJhZ8OzbiwgbWlhdSEgwqFSZWNpYmUgbGEgYmVuZGljacOzbiBkZWwgU2XDsW9yIERyYWfDs24gTWFyaW5vIQrCoUNvbiBsYSBlbmVyZ8OtYSBkZWwgU2XDsW9yIERyYWfDs24gTWFyaW5vLCB0ZW5kcsOhcyB1bmEgc3VlcnRlIGluY3Jlw61ibGUgeSBnYW5hcsOhcyBhIGxvIGdyYW5kZSBlbiBlbCBDYXNpbm8hIMKhR2FuYSB1biBtb250w7NuIGNvbiBDYXJhbWVsbyBkZSBiYXJiYSBkZSBkcmFnw7NuLCBtaWF1IQ==,W0FuaGVpemVyLUthdHplXQpLYXVmIERyYWNoZW5iYXJ0LUJvbmJvbiwgbnlhISBNw7ZnZSBkZXIgU2VlZHJhY2hlIGRpY2ggc2VnbmVuLCBueWEhCk1pdCBkZXIgS3JhZnQgZGVzIFNlZWRyYWNoZW46IE1lZ2EtR2zDvGNrLCBmZXR0ZXIgQ2FzaW5vLUphY2twb3QhIFLDpHVtIG1pdCBEcmFjaGVuYmFydC1Cb25ib24gcmljaHRpZyBhYiwgbnlhIQ==,W0NoYXQgcmFiYXR0ZXVyXQpCYXJiZSBkZSBkcmFnb24gZW4gc3VjcmUgISBRdWUgbGEgYsOpbsOpZGljdGlvbiBkdSBEcmFnb24gZGVzIG1lcnMgc29pdCBhdmVjIHZvdXMsIG55YSAhCkF2ZWMgbCfDqW5lcmdpZSBkdSBEcmFnb24gZGVzIG1lcnMgOiBncm9zIGphY2twb3QgYXUgQ2FzaW5vICEgRmFpdGVzIGxlIHBsZWluIGF2ZWMgbGEgQmFyYmUgZGUgZHJhZ29uIGVuIHN1Y3JlICE=,W0h5cGUgQ2F0XQpCZWxpIERyYWdvbiBCZWFyZCBDYW5keSEgU2Vtb2dhIE5hZ2EgTGF1dCBtZW1iZXJrYXRpbXUsIG55YSEKRGVuZ2FuIGVuZXJnaSBEZXdhIE5hZ2EgTGF1dCwga2ViZXJ1bnR1bmdhbm11IG1lbGVkYWsgQ2FzaW5vIGphY2twb3QhIE1lbmFuZ2thbiBiYW55YWsgRHJhZ29uIEJlYXJkIENhbmR5IQ==,W0h5cGUgS2VkaV0KRWpkZXJoYSBTYWthbMSxIMWeZWtlcmkgYWzEsW4hIERlbml6IEVqZGVyaGFzxLEgc2VuaSBrdXRzYXPEsW4sIG55YSEKRGVuaXogRWpkZXJoYXPEsSduxLFuIGt1ZHJldGl5bGUgdGFsaWhpbml6IHlhdmVyIGdpdHNpbiwgS3VtYXJoYW5lIGLDvHnDvGsgaWtyYW1peWUhIEVqZGVyaGEgU2FrYWzEsSDFnmVrZXJpIGlsZSBib2wgYm9sIGthemFuxLFuIQ==
SLKe,W3swfV0K7Jes6riwIOu5iCDqs6DslpHsnbQg7IaQIOyeiOuKlCDqsbAg7JWE64uI7JeQ7JqUPw==,W3swfV0KSXNu4oCZdCB0aGVyZSBhIHNwYXJlIGNhdCBwYXcgYXJvdW5kIGhlcmUgdG8gaGVscCBvdXQ/,,W3swfV0K6L+Z6YeM5rKh5pyJ56m6552A55qE54yr5omL5ZCn77yf,,W0h5cGUgQ2F0XQrguJfguLXguYjguJnguLXguYjguYTguKHguYjguKHguLXguYHguKHguKfguKHguLfguK3guKfguYjguLLguIcg4LmGIOC5gOC4peC4ouC4q+C4o+C4t+C4rT8=,,,W3swfV0Kwr9ObyBoYXkgcG9yIGFxdcOtIHVuYSBwYXRhIGRlIGdhdG8gbGlicmU/,W3swfV0KR2lidCdzIGhpZXIgbmljaHQgaXJnZW5kd28gZWluZSBmcmVpZSBLYXR6ZSwgZGllIGF1c2hlbGZlbiBrYW5uPw==,W3swfV0KSWwgbuKAmXkgYSBwYXMgdW5lIHBhdHRlIGRlIGNoYXQgbGlicmUgaWNpID8=,W3swfV0KRGkgc2luaSBhZGEgdGFuZ2FuIGt1Y2luZyBrb3NvbmcsIHlhPw==,W3swfV0KQnVyYWRhIGJvxZ8ga2VkaSBwYXRpc2kgeW9rLCBkZcSfaWwgbWk/
SbKe,W+yCrO2DleqwgOqyjCDqs6DslpHsnbRdCuuwlOuejOyeoeydtOuDpT8g6rGU64qUIOyViOuPvOyWkS4K67Cw64usIOyLnO2CpOuptCDsiKjslrTshJwg7J6Q6riw6rCAIOuLpCDrqLnqs6Ag7Jio64uk64OlLiDriIjsl5Ag67O07J2064qUIOuNsCDrkazslbwg7ZW07JaRLg==,W0NhbmR5IFNob3AgQ2F0XQpUaGF0IGh5cGUgY2F0LCBueWE/IE5vIHdheSwgbnlhbi4KSWYgSSBzZW5kIHRoYXQgb25lIHRvIGRlbGl2ZXIsIGl04oCZbGwganVzdCBoaWRlIHNvbWV3aGVyZSBhbmQgZWF0IGV2ZXJ5dGhpbmcsIG55YS4KSSBnb3R0YSBrZWVwIGl0IHdoZXJlIEkgY2FuIHNlZSBpdCwgbnlhbi4=,,W+ezluaenOW6l+eMq+WSql0K5rCU5rCb57uE5Za177yf6YKj5a625LyZ5LiN6KGM5Za144CCCuiuqeS7luWOu+mAgei0p+eahOivne+8jOS8mui6sui1t+adpeiHquW3seWFqOWQg+S6huWWteOAguW+l+aUvuWcqOeci+W+l+ingeeahOWcsOaWueWWteOAgg==,,W0NhbmR5IFNob3AgQ2F0XQrguYHguKHguKfguYDguKPguLXguKLguIHguKXguLnguIHguITguYnguLLguKvguKPguLfguK3guYDguKHguLXguYrguKLguKc/IOC5gOC4iOC5ieC4suC4meC4seC5iOC4meC5hOC4oeC5iOC5hOC4lOC5ieC5gOC4o+C4t+C5iOC4reC4h+C5gOC4oeC4teC5iuC4ouC4pwrguJbguYnguLLguYPguKvguYnguYTguJvguKrguYjguIcg4LiC4Lit4LiH4LiI4Liw4LmC4LiU4LiZ4LmB4Lit4Lia4LiB4Li04LiZ4Lir4Lih4LiUIOC4leC5ieC4reC4h+C5g+C4q+C5ieC4reC4ouC4ueC5iOC5g+C4meC4quC4suC4ouC4leC4suC4meC4teC5iOC5geC4q+C4peC4sOC5gOC4oeC4teC5iuC4ouC4pw==,,,W0dhdG8gZGUgbGEgVGllbmRhIGRlIER1bGNlc10Kwr9FbCBHYXRvIEF0cmFwYXZpZW50b3M/IEVzZSBubywgbWlhdS4KU2kgbGUgZW5jYXJnbyB1biByZXBhcnRvLCBzZSBlc2NvbmRlIHkgc2UgbG8gY29tZSB0b2RvLCBtaWF1LiBIYXkgcXVlIHRlbmVybG8gYSBsYSB2aXN0YSwgbWlhdS4=,W1PDvMOfd2FyZW5sYWRlbi1LYXR6ZV0KRWluIEFuaGVpemVyLCBueWE/IE5lZSwgZGVyIGdlaHQgbmljaHQsIG55YS4KV2VubiBtYW4gZGVuIHdhcyBhdXNsaWVmZXJuIGzDpHNzdCwgdmVya3LDvG1lbHQgZXIgc2ljaCB1bmQgZnJpc3N0IGFtIEVuZGUgYWxsZXMgc2VsYnN0LCBueWEuIERlbiBtdXNzIG1hbiBkYSBiZWhhbHRlbiwgd28gbWFuIGlobiBpbSBCbGljayBoYXQsIG55YS4=,W0NoYXQgZGUgbGEgY29uZmlzZXJpZV0KTGUgcmFiYXR0ZXVyLCBueWE/IEx1aSwgY+KAmWVzdCBub24sIG55YS4KU2kgdm91cyBsdWkgZGVtYW5kZXogdW5lIGxpdnJhaXNvbiwgaWwgc2UgY2FjaGUgZXQgbWFuZ2UgdG91dCBsdWktbcOqbWUsIG55YS4gSWwgZmF1dCBsZSBsYWlzc2VyIGzDoCBvw7kgb24gcGV1dCBsZSB2b2lyLCBueWEu,W0t1Y2luZyBUb2tvIFBlcm1lbl0KR3VpZGUgc29yYWssIG55YT8gRGlhIHRpZGFrIGJvbGVoLCBueWEuCkthbGF1IGRpc3VydWggbWVuZ2FudGFyLCBkaWEgYWthbiBiZXJzZW1idW55aSBkYW4gbWVtYWthbiBzZW11YW55YSBzZW5kaXJpLCBueWEuIEhhcnVzIGRpdGFydWggZGkgdGVtcGF0IHlhbmcgdGVybGloYXQsIG55YS4=,W8WeZWtlcmNpIEtlZGldClLDvHpnw6JyY8SxIG3EsSwgbnlhPyBPIG9sbWF6LCBueWEuClRlc2xpbWF0IHlhcHTEsXLEsXJzYW7EsXogc2FrbGFuxLFwIGhlcHNpbmkga2VuZGkgeWVyLCBueWEuIEfDtnrDvG7DvHrDvG4gw7Zuw7xuZGUgdHV0bWFuxLF6IGdlcmVrLCBueWEu
SrKe,7ZmN67mE,SG9uZ2Jp,,5rSq5q+U,,SG9uZ2Jp,,,SG9uZ2Jp,SG9uZ2Jp,SG9uZ2Jp,SG9uZ2Jp,SG9uZ2Jp
S7Ke,W+2Zjeu5hF0K7Jik64qYIOyYgSDrgqDsnbQg7JWE64uMIOqygyDqsJnrhKQsIOuBhOydkS4uLg==,W0hvbmdiaV0KVWdo4oCmIHRvZGF5IGp1c3QgZmVlbHMgb2ZmLCBobW3igKY=,,W+a0quavlF0K5LuK5aSp5oC76KeJ5b6X5LiN5aSq6aG677yM5ZGD5ZevLi4u,,W0hvbmdiaV0K4Lin4Lix4LiZ4LiZ4Li14LmJ4LiU4Li54LiX4LmI4Liy4LiI4Liw4LmE4Lih4LmI4LmD4LiK4LmI4Lin4Lix4LiZ4LiC4Lit4LiH4LiC4LmJ4Liy4LmA4Lil4LiiIOC5gOC4ruC5ieC4rS4uLg==,,,W0hvbmdiaV0KSG95IG5vIHBhcmVjZSBzZXIgbWkgZMOtYSwgbmdoLi4u,W0hvbmdiaV0KSGV1dGUgaXN0IGVjaHQgbmljaHQgbWVpbiBUYWcsIHVnaC4uLg==,W0hvbmdiaV0KQXVqb3VyZOKAmWh1aSwgY2UgbuKAmWVzdCB2cmFpbWVudCBwYXMgbW9uIGpvdXIsIGdyci4uLg==,W0hvbmdiaV0KSGFyaSBpbmkgcmFzYW55YSBidWthbiBoYXJpa3UsIGhuZ2guLi4=,W0hvbmdiaV0KQnVnw7xuIGhpw6cgZ8O8bsO8bWRlIGRlxJ9pbGltLCDEscSxxLFoLi4u
TLKe,W+2Zjeu5hF0K7Jik64qYIOyYgSDrgqDsnbQg7JWE64uMIOqygyDqsJnrhKQsIOuBhOydkS4uLgrriITqtazslbw/IOqwgOucqeydtOuCmCDsp5HspJEg7JWIIOuQmOuKlOuNsCE=,W0hvbmdiaV0KVG9kYXkgcmVhbGx5IGlzbuKAmXQgbXkgZGF5LCBobW3igKYKV2hvIGlzIGl0PyBJIGNhbuKAmXQgZm9jdXMgYXMgaXQgaXMh,,W+a0quavlF0K5LuK5aSp5oC76KeJ5b6X5LiN5aSq6aG677yM5ZGD5ZevLi4uCuiwgeWViu+8n+acrOadpeWwsembhuS4reS4jeS6hu+8gQ==,,W0hvbmdiaV0K4Lin4Lix4LiZ4LiZ4Li14LmJ4LiU4Li54LiX4LmI4Liy4LiI4Liw4LmE4Lih4LmI4LmD4LiK4LmI4Lin4Lix4LiZ4LiC4Lit4LiH4LiC4LmJ4Liy4LmA4Lil4LiiIOC5gOC4ruC5ieC4rS4uLgrguYPguITguKPguIHguLHguJk/IOC4geC4s+C4peC4seC4h+C5gOC4quC4teC4ouC4quC4oeC4suC4mOC4tOC4reC4ouC4ueC5iOC5geC4l+C5iSDguYYgIQ==,,,W0hvbmdiaV0KSG95IG5vIHBhcmVjZSBzZXIgbWkgZMOtYSwgbmdoLi4uCsK/UXVpw6luIGVyZXM/IMKhWWEgbWUgY3Vlc3RhIGJhc3RhbnRlIGNvbmNlbnRyYXJtZSE=,W0hvbmdiaV0KSGV1dGUgaXN0IGVjaHQgbmljaHQgbWVpbiBUYWcsIHVnaC4uLgpXZXIgaXN0IGRhPyBJY2gga2FubiBtaWNoIHNvIHNjaG9uIGthdW0ga29uemVudHJpZXJlbiE=,W0hvbmdiaV0KQXVqb3VyZOKAmWh1aSwgY2UgbuKAmWVzdCB2cmFpbWVudCBwYXMgbW9uIGpvdXIsIGdyci4uLgpRdWkgY+KAmWVzdCA/IErigJlhaSBkw6lqw6AgZHUgbWFsIMOgIG1lIGNvbmNlbnRyZXIgIQ==,W0hvbmdiaV0KSGFyaSBpbmkgcmFzYW55YSBidWthbiBoYXJpa3UsIGhuZ2guLi4KU2lhcGE/IEFrdSBzdWRhaCBzdXNhaCBmb2t1cyE=,W0hvbmdiaV0KQnVnw7xuIGhpw6cgZ8O8bsO8bWRlIGRlxJ9pbGltLCDEscSxxLFoLi4uCktpbSBvPyBaYXRlbiBkb8SfcnUgZMO8emfDvG4gb2Rha2xhbmFtxLF5b3J1bSE=
TbKe,7ZW066Oh64uYIOqwgOyYpCDrsJvsnLzshLjslpEh,TWF5IHRoZSBTZWEgRHJhZ29uIGJvb3N0IHlvdSwgbnlhIQ==,,5oS/5rW36b6Z5aSn5Lq65Li65L2g5Yqp5aiB5Za177yB,,4LiC4Lit4Lie4Lij4LiI4Liy4LiB4LiX4LmI4Liy4LiZ4Lih4Lix4LiH4LiB4Lij4LiX4Liw4LmA4Lil4LiI4LiH4Liq4Liw4LiU4Li44LiU4LiB4Lix4Lia4LmA4LiI4LmJ4Liy4LmA4Lih4Li14LmK4Lii4LinIQ==,,,wqFTZcOxb3IgRHJhZ8OzbiBNYXJpbm8sIHJlY29qYSBlc3RvIQ==,TcO2Z2UgZGVyIFNlZWRyYWNoZSBkaWNoIHN0w6Rya2VuLCBueWEh,UXVlIGxlIERyYWdvbiBkZXMgbWVycyB2b3VzIGLDqW5pc3NlLCBueWEgIQ==,U2Vtb2dhIE5hZ2EgTGF1dCBiaWtpbiBrYW11IG1ha2luIGtlcmVuLCBueWEh,RGVuaXogRWpkZXJoYXPEsSBzZW5pIGfDvMOnbGVuZGlyc2luLCBueWEh
TrKe,7ZW066Oh64uYIOqwgO2YuCDrsJvsnLzshLjslpEh,TWF5IHRoZSBTZWEgRHJhZ29uIGJsZXNzIHlvdSwgbnlhIQ==,,5oS/5rW36b6Z5aSn5Lq66LWQ5LqI5L2g5Yqg5oqk5Za177yB,,4LiC4Lit4Lie4Lij4LiI4Liy4LiB4LiX4LmI4Liy4LiZ4Lih4Lix4LiH4LiB4Lij4LiX4Liw4LmA4Lil4LiI4LiH4Liq4LiW4Li04LiV4LiB4Lix4Lia4LmA4LiI4LmJ4Liy4LmA4Lih4Li14LmK4Lii4LinIQ==,,,wqFSZWNpYmUgbGEgYmVuZGljacOzbiBkZWwgU2XDsW9yIERyYWfDs24gTWFyaW5vIQ==,TcO2Z2UgZGVyIFNlZWRyYWNoZSBkaWNoIHNlZ25lbiwgbnlhIQ==,UXVlIGxhIGLDqW7DqWRpY3Rpb24gZHUgRHJhZ29uIGRlcyBtZXJzIHNvaXQgYXZlYyB2b3VzLCBueWEgIQ==,U2Vtb2dhIE5hZ2EgTGF1dCBtZW1iZXJrYXRpbXUsIG55YSE=,RGVuaXogRWpkZXJoYXPEsSBzZW5pIGt1dHNhc8SxbiwgbnlhIQ==
T7Ke,7ZW066Oh64uYIOqwgOuztCDrsJvsnLzshLjslpEh,TWF5IHRoZSBTZWEgRHJhZ29uIGJvdyB0byB5b3UsIG55YSE=,,5oS/5rW36b6Z5aSn5Lq66LWQ5LqI5L2g5Yqg5oqk5Za177yB,,4LiC4Lit4Lie4Lij4LiI4Liy4LiB4LiX4LmI4Liy4LiZ4Lih4Lix4LiH4LiB4Lij4LiX4Liw4LmA4Lil4LiI4LiH4Liq4Liw4LiB4Li04LiU4LiB4Lix4Lia4LmA4LiI4LmJ4Liy4LmA4Lih4Li14LmK4Lii4LinIQ==,,,wqFTZcOxb3IgRHJhZ8OzbiBNYXJpbm8sIHJlY2liYSBlc3RhIHJlbGlxdWlhIGZhbWlsaWFyIQ==,TcO2Z2UgZGVyIFNlZWRyYWNoZSBzaWNoIHZvciBkaXIgdmVyYmV1Z2VuLCBueWEh,UXVlIGxlIERyYWdvbiBkZXMgbWVycyB2b3VzIHByb3TDqGdlLCBueWEgIQ==,U2Vtb2dhIE5hZ2EgTGF1dCB0dW5kdWsgcGFkYW11LCBueWEh,RGVuaXogRWpkZXJoYXPEsSBzYW5hIGJveXVuIGXEn3NpbiwgbnlhIQ==
ULKe,W3swfV0K7ZW066Oh64uYIOqwgOyYpCDrsJvsnLzshLjslpEh,W3swfV0KTWF5IHRoZSBTZWEgRHJhZ29uIGJvb3N0IHlvdSwgbnlhIQ==,,W3swfV0K5oS/5rW36b6Z5aSn5Lq65Li65L2g5Yqp5aiB5Za177yB,,W3swfV0K4LiC4Lit4Lie4Lij4LiI4Liy4LiB4LiX4LmI4Liy4LiZ4Lih4Lix4LiH4LiB4Lij4LiX4Liw4LmA4Lil4LiI4LiH4Liq4Liw4LiU4Li44LiU4LiB4Lix4Lia4LmA4LiI4LmJ4Liy4LmA4Lih4Li14LmK4Lii4LinIQ==,,,W3swfV0KwqFTZcOxb3IgRHJhZ8OzbiBNYXJpbm8sIHJlY29qYSBlc3RvIQ==,W3swfV0KTcO2Z2UgZGVyIFNlZWRyYWNoZSBkaWNoIHN0w6Rya2VuLCBueWEh,W3swfV0KUXVlIGxlIERyYWdvbiBkZXMgbWVycyB2b3VzIGLDqW5pc3NlLCBueWEgIQ==,W3swfV0KU2Vtb2dhIE5hZ2EgTGF1dCBiaWtpbiBrYW11IG1ha2luIGtlcmVuLCBueWEh,W3swfV0KRGVuaXogRWpkZXJoYXPEsSBzZW5pIGfDvMOnbGVuZGlyc2luLCBueWEh
UbKe,W+2Zjeu5hF0K66y07IqoIOyGjOumrOyVvC4g67O87J28IOyXhuycvOuptCDsoIDrpqwg6rCAIQ==,W0hvbmdiaV0KV2hhdCBhcmUgeW91IHRhbGtpbmcgYWJvdXQ/IElmIHlvdeKAmXZlIGdvdCBubyBidXNpbmVzcyBoZXJlLCBiZWF0IGl0IQ==,,W+a0quavlF0K6K+05LuA5LmI5ZGi44CC5rKh5LqL5bCx6LWw5byA77yB,,W0hvbmdiaV0K4Lie4Li54LiU4Lit4Liw4LmE4Lij4LiC4Lit4LiH4LmA4LiI4LmJ4LiyIOC5hOC4oeC5iOC4oeC4teC4mOC4uOC4o+C4sOC4geC5h+C5hOC4m+C5hOC4geC4pSDguYYgIQ==,,,W0hvbmdiaV0Kwr9EZSBxdcOpIGhhYmxhcz8gU2kgbm8gdGllbmVzIG5hZGEgcXVlIGhhY2VyIGFxdcOtLCDCoWzDoXJnYXRlIQ==,W0hvbmdiaV0KV2FzIHJlZGVzdCBkdSBkYT8gV2VubiBkdSBuaWNodHMgd2lsbHN0LCBkYW5uIHZlcnNjaHdpbmRlIQ==,W0hvbmdiaV0KUXXigJllc3QtY2UgcXVlIGPigJllc3QgPyBTaSB2b3VzIG7igJlhdmV6IHJpZW4gw6AgZmFpcmUsIGFsbGV6LXZvdXMtZW4gIQ==,W0hvbmdiaV0KQXBhIG1ha3N1ZG11LiBLYWxhdSB0aWRhayBhZGEgdXJ1c2FuLCBwZXJnaSBzYW5hIQ==,W0hvbmdiaV0KTmUgZGl5b3JzdW4/IMSwxZ9pbiB5b2tzYSBkZWZvbCE=
UrKe,W3swfV0K7ZW066Oh64uYIOqwgO2YuCDrsJvsnLzshLjslpEh,W3swfV0KTWF5IHRoZSBTZWEgRHJhZ29uIGJsZXNzIHlvdSwgbnlhIQ==,,W3swfV0K5oS/5rW36b6Z5aSn5Lq66LWQ5LqI5L2g5Yqg5oqk5Za177yB,,W3swfV0K4LiC4Lit4Lie4Lij4LiI4Liy4LiB4LiX4LmI4Liy4LiZ4Lih4Lix4LiH4LiB4Lij4LiX4Liw4LmA4Lil4LiI4LiH4Liq4LiW4Li04LiV4LiB4Lix4Lia4LmA4LiI4LmJ4Liy4LmA4Lih4Li14LmK4Lii4LinIQ==,,,W3swfV0KwqFSZWNpYmUgbGEgYmVuZGljacOzbiBkZWwgU2XDsW9yIERyYWfDs24gTWFyaW5vIQ==,W3swfV0KTcO2Z2UgZGVyIFNlZWRyYWNoZSBkaWNoIHNlZ25lbiwgbnlhIQ==,W3swfV0KUXVlIGxhIGLDqW7DqWRpY3Rpb24gZHUgRHJhZ29uIGRlcyBtZXJzIHNvaXQgYXZlYyB2b3VzLCBueWEgIQ==,W3swfV0KU2Vtb2dhIE5hZ2EgTGF1dCBtZW1iZXJrYXRpbXUsIG55YSE=,W3swfV0KRGVuaXogRWpkZXJoYXPEsSBzZW5pIGt1dHNhc8SxbiwgbnlhIQ==
U7Ke,W+2Zjeu5hF0K7JikLi4uPyDsmqnsiJjsl7wg7IKs7YOV7J2EIOuwsOuLrO2VmOufrCDsmKgg6rGw7JW8PwrsmKTripjsnYAg6rOg7JaR7J20IOyWkeuwmOydtCDslYTri4jrhKQu,W0hvbmdiaV0KT2jigKY/IFlvdeKAmXJlIGhlcmUgdG8gZGVsaXZlciBEcmFnb24gQmVhcmQgQ2FuZHk/Ckh1aCwgeW914oCZcmUgbm90IHRoZSBjYXQgdGhpcyB0aW1lLg==,,W+a0quavlF0K5ZOmLi4uP+S9oOaYr+adpemAgem+memhu+ezlueahO+8nwrku4rlpKnkuI3mmK/pgqPkvY3njKvogIHlhYTllYrjgII=,,W0hvbmdiaV0K4LmC4Lit4LmK4LiwLi4uPyDguKHguLLguKrguYjguIcgRHJhZ29uIE11c3RhY2hlIENhbmR5IOC4q+C4o+C4t+C4rQrguKfguLHguJnguJnguLXguYnguYTguKHguYjguYPguIrguYjguYDguIjguYnguLLguYHguKHguKfguJnguLHguYjguJnguJnguLXguYjguJnguLI=,,,W0hvbmdiaV0KT2guLi4/IMK/SGFzIHZlbmlkbyBhIGVudHJlZ2FyIENhcmFtZWxvIGRlIGJhcmJhIGRlIGRyYWfDs24/CkhveSBubyBoYSB2ZW5pZG8gZWwgc2XDsW9yIEdhdG8u,W0hvbmdiaV0KT2guLi4/IEJpc3QgZHUgaGllciwgdW0gRHJhY2hlbmJhcnQtQm9uYm9uIGFienVsaWVmZXJuPwpIZXV0ZSBpc3QgamEgbmljaHQgZGVyIEthdHplbmtlcmwgZGEu,W0hvbmdiaV0KT2jigKY/IFZvdXMgw6p0ZXMgdmVudSBsaXZyZXIgZGUgbGEgQmFyYmUgZGUgZHJhZ29uIGVuIHN1Y3JlID8KQXVqb3VyZOKAmWh1aSwgY2UgbuKAmWVzdCBwYXMgbGUgY2hhdCBk4oCZaGFiaXR1ZGUu,W0hvbmdiaV0KT2guLi4/IEthbXUgZGF0YW5nIHVudHVrIG1lbmdhbnRhciBEcmFnb24gQmVhcmQgQ2FuZHk/CkhhcmkgaW5pIGJ1a2FuIHNpIGt1Y2luZyBpdHUu,W0hvbmdiaV0KSGEuLi4/IEVqZGVyaGEgU2FrYWzEsSDFnmVrZXJpIHRlc2xpbSBldG1leWUgbWkgZ2VsZGluaXo/CkJ1Z8O8biBrZWRpIGJleWVmZW5kaSBkZcSfaWxtacWfc2luaXou
VLKe,W+2Zjeu5hF0KLi4u7Jqp7IiY7Je8IOyCrO2DleydgCDslrTrlJQg7J6I7Ja0PyDslYgg6rCA7KC47JioIOqxsOyVvD8g7Ja07IScIOyxmeqyqOyZgC4g7KeA6riIIO2VhOyalO2VmOuLpOqzoC4=,W0hvbmdiaV0K4oCmU28gd2hlcmXigJlzIHRoZSBEcmFnb24gQmVhcmQgQ2FuZHk/CkRvbuKAmXQgdGVsbCBtZSB5b3UgZm9yZ290IGl0LiBHbyBnZXQgaXTigJQgSSBuZWVkIGl0IHJpZ2h0IG5vdy4=,,W+a0quavlF0KLi4u6b6Z6aG757OW5Zyo5ZOq77yf5rKh5bim5p2l5ZCX77yf5b+r5Y675ou/5p2l44CC546w5Zyo5bCx6ZyA6KaB44CC,,W0hvbmdiaV0KLi4u4LmB4Lil4LmJ4Lin4LiC4Lit4LiH4Lit4Lii4Li54LmI4LmE4Lir4LiZPyDguYTguKHguYjguYTguJTguYnguYDguK3guLLguKHguLLguKvguKPguLfguK0K4Lij4Li14Lia4LmE4Lib4LmA4Lit4Liy4Lih4LiyIOC4guC5ieC4suC4leC5ieC4reC4h+C5g+C4iuC5ieC4leC4reC4meC4meC4teC5iQ==,,,W0hvbmdiaV0KLi4uwr9Ew7NuZGUgZXN0w6EgQ2FyYW1lbG8gZGUgYmFyYmEgZGUgZHJhZ8Ozbj8gwr9ObyBsbyBoYXMgdHJhw61kbz8gVmUgYSBidXNjYXJsby4gTG8gbmVjZXNpdG8gYWhvcmEu,W0hvbmdiaV0KLi4uV28gaXN0IGRhcyBEcmFjaGVuYmFydC1Cb25ib24/IEhhc3QgZHUncyBuaWNodCBkYWJlaT8gRGFubiBob2wgZXMgc2NobmVsbC4gSWNoIGJyYXVjaCBkYXMgamV0enQu,W0hvbmdiaV0KLi4uRWxsZSBlc3Qgb8O5LCBsYSBCYXJiZSBkZSBkcmFnb24gZW4gc3VjcmUgPyBWb3VzIG5lIGzigJlhdmV6IHBhcyBhcHBvcnTDqWUgPyBEw6lww6pjaGV6LXZvdXMgZOKAmWFsbGVyIGxhIGNoZXJjaGVyLiBK4oCZZW4gYWkgYmVzb2luLCB0b3V0IGRlIHN1aXRlLg==,W0hvbmdiaV0KLi4uRGkgbWFuYSBEcmFnb24gQmVhcmQgQ2FuZHk/IEthbXUgdGlkYWsgbWVtYmF3YW55YT8gQ2VwYXQgYW1iaWxrYW4uIEFrdSBidXR1aCBzZWthcmFuZy4=,W0hvbmdiaV0KLi4uRWpkZXJoYSBTYWthbMSxIMWeZWtlcmkgbmVyZWRlPyBHZXRpcm1lZGluIG1pPyBIZW1lbiBhbMSxcCBnZWwuIMWedSBhbiBsYXrEsW0u
VbKe,W+2Zjeu5hF0K6rOg66eZ64ukLiDrp4jsuagg7J6YIOyViCDtkoDrpqzrjZgg7LC47J207JeI64qU642wLgrsoovslYQsIOydtOqxuOuhnCDri7nqs7wg7ZaJ7Jq07J2EIOy2qeyghO2VmOqzoCDri6Tsi5wg7ZWcIO2MkCDqsIDripQg6rGw64ukIQ==,W0hvbmdiaV0KVGhhbmtzLiBUaGluZ3MgaGF2ZW7igJl0IGJlZW4gZ29pbmcgbXkgd2F5IHRvZGF5LgpBbHJpZ2h0LCB0aW1lIHRvIHJlY2hhcmdlIG15IHN1Z2FyIGFuZCBteSBsdWNrLCB0aGVuIGp1bXAgYmFjayBpbiE=,,W+a0quavlF0K6LCi6LCi44CC5q2j5aW95oiR6L+Z5Lya5YS/5LiA55u05LiN6aG644CCCuWlve+8jOWwseeUqOi/meS4quihpeWFheezluWIhuWSjOi/kOawlO+8jOWGjeadpeS4gOWxgO+8gQ==,,W0hvbmdiaV0K4LiC4Lit4Lia4LmD4LiI4LiZ4LiwIOC4geC4s+C4peC4seC4h+C4leC4tOC4lOC4guC4seC4lOC4reC4ouC4ueC5iOC4nuC4reC4lOC4tQrguJTguLXguKXguYjguLAg4LmA4LiV4Li04Lih4LiZ4LmJ4Liz4LiV4Liy4Lil4LiB4Lix4Lia4LmC4LiK4LiE4LmA4Lij4Li14Lii4Lia4Lij4LmJ4Lit4LiiIOC5hOC4lOC5ieC5gOC4p+C4peC4suC4peC4uOC4ouC4reC4teC4geC4o+C4reC4miE=,,,W0hvbmdiaV0KR3JhY2lhcy4gTWUgdmllbmUganVzdG8gYSB0aWVtcG87IGxhcyBjb3NhcyBubyBtZSBlc3RhYmFuIHNhbGllbmRvIGJpZW4uCsKhQmllbiEgQ29uIGVzdG8gbWUgY2FyZ2Fyw6kgZGUgYXrDumNhciB5IHN1ZXJ0ZSwgwqF5IGVjaGFyw6kgb3RyYSBwYXJ0aWRhIQ==,W0hvbmdiaV0KRGFua2UuIEdlcmFkZSBsaWVmIGVzIG5pY2h0IGJlc29uZGVycyBndXQuCkd1dCwgZGFtaXQgbGFkZSBpY2ggWnVja2VyIHVuZCBHbMO8Y2sgYXVmIHVuZCBkYW5uIGdlaHTigJlzIGluIGRpZSBuw6RjaHN0ZSBSdW5kZSE=,W0hvbmdiaV0KTWVyY2kuIEp1c3RlbWVudCwgw6dhIG5lIHNlIHBhc3NhaXQgcGFzIHRyw6hzIGJpZW4uCkJpZW4sIGF2ZWMgw6dhLCBqZSB2YWlzIHJlZmFpcmUgbGUgcGxlaW4gZGUgc3VjcmUgZXQgZGUgY2hhbmNlLCBldCByZXBhcnRpciBwb3VyIHVuZSBtYW5jaGUgIQ==,W0hvbmdiaV0KVGVyaW1hIGthc2loLiBLZWJldHVsYW4gYWt1IHNlZGFuZyB0aWRhayBiZXJ1bnR1bmcuCkJhaWssIGRlbmdhbiBpbmkgYWt1IGlzaSB1bGFuZyBndWxhIGRhbiBrZWJlcnVudHVuZ2Fua3UsIGxhbHUgbWFpbiBzYXR1IHJvbmRlIGxhZ2kh,W0hvbmdiaV0KVGXFn2Vra8O8cmxlci4gVGFtIGRhIGnFn2xlciB5b2x1bmRhIGdpdG1peW9yZHUuCkfDvHplbCwgYnVudW5sYSDFn2VrZXIgdmUgxZ9hbnPEsSBkb2xkdXJ1cCBiaXIgZWwgZGFoYSBveW5heWFjYcSfxLFtIQ==
VrKe,W3swfV0K7ZW066Oh64uYIOqwgOuztCDrsJvsnLzshLjslpEh,W3swfV0KTWF5IHRoZSBTZWEgRHJhZ29uIGJvdyB0byB5b3UsIG55YSE=,,W3swfV0K5oS/5rW36b6Z5aSn5Lq66LWQ5LqI5L2g5Yqg5oqk5Za177yB,,W3swfV0K4LiC4Lit4Lie4Lij4LiI4Liy4LiB4LiX4LmI4Liy4LiZ4Lih4Lix4LiH4LiB4Lij4LiX4Liw4LmA4Lil4LiI4LiH4Liq4Liw4LiB4Li04LiU4LiB4Lix4Lia4LmA4LiI4LmJ4Liy4LmA4Lih4Li14LmK4Lii4LinIQ==,,,W3swfV0KwqFTZcOxb3IgRHJhZ8OzbiBNYXJpbm8sIHJlY2liYSBlc3RhIHJlbGlxdWlhIGZhbWlsaWFyIQ==,W3swfV0KTcO2Z2UgZGVyIFNlZWRyYWNoZSBzaWNoIHZvciBkaXIgdmVyYmV1Z2VuLCBueWEh,W3swfV0KUXVlIGxlIERyYWdvbiBkZXMgbWVycyB2b3VzIHByb3TDqGdlLCBueWEgIQ==,W3swfV0KU2Vtb2dhIE5hZ2EgTGF1dCB0dW5kdWsgcGFkYW11LCBueWEh,W3swfV0KRGVuaXogRWpkZXJoYXPEsSBzYW5hIGJveXVuIGXEn3NpbiwgbnlhIQ==
V7Ke,W+2Zjeu5hF0K64u57J20IOuWqOyWtOyngOuptCDsp5HspJHroKXrj4Qg65ao7Ja07KC47IScIOuUuCDqsoPrj4Qg66q7IOuUtOuLpOuLiOq5jC4=,W0hvbmdiaV0KV2hlbiB5b3VyIGJsb29kIHN1Z2FyIGRyb3BzLCB5b3VyIGZvY3VzIGRyb3BzIHRvby4KWW91IGNhbuKAmXQgd2luIGFueXRoaW5nIGxpa2UgdGhhdC4=,,W+a0quavlF0K57OW5YiG5LiA5L2O77yM5rOo5oSP5Yqb5Lmf5Lya5LiL6ZmN77yM6L+e6K+l6LWi55qE6YO96LWi5LiN5Yiw44CC,,W0hvbmdiaV0K4LiW4LmJ4Liy4LiZ4LmJ4Liz4LiV4Liy4Lil4LiV4LiBIOC4quC4oeC4suC4mOC4tOC4geC5h+C4leC4gSDguIjguLDguYDguK3guLLguK3guLDguYTguKPguYTguJvguIrguJnguLDguYTguJTguYnguKXguYjguLA=,,,W0hvbmdiaV0KQ3VhbmRvIHNlIG1lIGFjYWJhIGVsIGF6w7pjYXIsIHRhbWJpw6luIHNlIG1lIGFjYWJhIGxhIGNvbmNlbnRyYWNpw7NuLCBhc8OtIHF1ZSBuaSBzaXF1aWVyYSBwdWVkbyBnYW5hciBuYWRhLg==,W0hvbmdiaV0KV2VubiBkZXIgQmx1dHp1Y2tlciBhYnNhY2t0LCBnZWh0IGF1Y2ggZGllIEtvbnplbnRyYXRpb24gZmzDtnRlbiwgdW5kIGRhbm4gZ2V3aW5udCBtYW4gZ2FyIG5pY2h0cyBtZWhyLg==,W0hvbmdiaV0KUXVhbmQgbGUgc3VjcmUgYmFpc3NlLCBsYSBjb25jZW50cmF0aW9uIGJhaXNzZSBhdXNzaSwgYWxvcnMgb24gbmUgZ2FnbmUgcmllbi4=,W0hvbmdiaV0KS2FsYXUgZ3VsYW55YSBoYWJpcywga29uc2VudHJhc2kganVnYSB0dXJ1biwgamFkaSB5YW5nIGJpc2EgZGltZW5hbmdrYW4gcHVuIHRhayBha2FuIGJpc2EgZGltZW5hbmdrYW4u,W0hvbmdiaV0KxZ5la2VyIGTDvMWfw7xuY2Ugb2RhayBkYSBkw7zFn2VyOyBvIHphbWFuIGthemFuYWNhxJ/EsW4gxZ9leWkgYmlsZSBrYXphbmFtYXpzxLFuLCBkaXlvcnVtLg==
WLKe,7IS466W07Yag656R,U2VydG9yYW5n,,5aGe5bCU5omY5pyX,,U2VydG9yYW5n,,,U2VydG9yYW5n,U2VydG9yYW5n,U2VydG9yYW5n,U2VydG9yYW5n,U2VydG9yYW5n
WbKe,W+yEuOultO2GoOuekV0K7KKL7JWEISDsnbTrjIDroZwg6rOE7IaNIOqwhOuLpCEK6rSc7LCu7JWEISDtjJDrj4jsnYAg6re464yA66GcIQ==,W1NlcnRvcmFuZ10KQWxyaWdodCEgS2VlcCBpdCByb2xsaW5nIGp1c3QgbGlrZSB0aGlzIQpJdOKAmXMgZmluZSEgU2FtZSBiZXQh,,W+WhnuWwlOaJmOacl10K5aW977yB5bCx6L+Z5qC357un57ut77yBCuayoemXrumimO+8gei1jOazqOeFp+aXp++8gQ==,,W1NlcnRvcmFuZ10K4LiU4Li1ISDguYDguK3guLLguYHguJrguJrguJnguLXguYnguJXguYjguK3guYTguJshCuC5hOC4oeC5iOC5gOC4m+C5h+C4meC5hOC4oyDguYDguJTguLTguKHguJ7guLHguJnguYDguJfguYjguLLguYDguJTguLTguKEh,,,W1NlcnRvcmFuZ10KwqFCaWVuISDCoVNpZ2Ftb3MgYXPDrSEKwqFObyBwYXNhIG5hZGEhIMKhTGEgYXB1ZXN0YSBzaWd1ZSBpZ3VhbCE=,W1NlcnRvcmFuZ10KR3V0ISBTbyBtYWNoZW4gd2lyIHdlaXRlciEKQWxsZXMga2xhciEgRGVyIEVpbnNhdHogYmxlaWJ0IGdsZWljaCE=,W1NlcnRvcmFuZ10KQmllbiEgT24gY29udGludWUgY29tbWUgw6dhIQrDh2EgdmEhIExhIG1pc2UgcmVzdGUgbGEgbcOqbWUh,W1NlcnRvcmFuZ10KQmFndXMhIFRlcnVza2FuIHNlcGVydGkgaW5pIQpUaWRhayBhcGEtYXBhISBUYXJ1aGFubnlhIHRldGFwIHNhbWEh,W1NlcnRvcmFuZ10KR8O8emVsISBCw7Z5bGUgZGV2YW0hClNvcnVuIHlvayEgQmFoaXMgYXluxLEh
WrKe,W+yEuOultO2GoOuekV0K7KKL7JWEISDsnbTrjIDroZwg6rOE7IaNIOqwhOuLpCEK6rSc7LCu7JWEISDtjJDrj4jsnYAg6re464yA66GcISAuLi7slrQsIOuquyDrs7TrjZgg7Ja86rW07J24642wLiDrrZDslbwsIOyKpO2MjOydtOyVvD8=,W1NlcnRvcmFuZ10KQWxyaWdodCEgS2VlcCBpdCByb2xsaW5nIGp1c3QgbGlrZSB0aGlzIQpJdOKAmXMgZmluZSEgU2FtZSBiZXQhIOKApkh1aD8gSSBkb27igJl0IHJlY29nbml6ZSB5b3UuIFdoYXQsIGFyZSB5b3UgYSBzcHk/,,W+WhnuWwlOaJmOacl10K5aW977yB5bCx6L+Z5qC357un57ut77yBCuayoemXrumimO+8gei1jOazqOeFp+aXp++8gS4uLuWSpu+8jOaYr+W8oOayoeingei/h+eahOiEuOOAguS7gOS5iO+8jOS9oOaYr+mXtOiwjeWQl++8nw==,,W1NlcnRvcmFuZ10K4LiU4Li1ISDguYDguK3guLLguYHguJrguJrguJnguLXguYnguJXguYjguK3guYTguJshCuC5hOC4oeC5iOC5gOC4m+C5h+C4meC5hOC4oyDguYDguJTguLTguKHguJ7guLHguJnguYDguJfguYjguLLguYDguJTguLTguKEhIC4uLuC5gOC4reC5iuC4sCDguYDguIjguYnguLLguKvguJnguYnguLLguYPguKvguKHguYjguJnguLXguYgg4LmA4Lib4LmH4LiZ4Liq4Liy4Lii4Lil4Lix4Lia4Lir4Lij4Li34LitPw==,,,W1NlcnRvcmFuZ10KwqFCaWVuISDCoVNpZ2Ftb3MgYXPDrSEKwqFObyBwYXNhIG5hZGEhIMKhTGEgYXB1ZXN0YSBzaWd1ZSBpZ3VhbCEgLi4uRWgsIG5vIHRlIGhhYsOtYSB2aXN0byBhbnRlcy4gwr9RdcOpPyDCv0VyZXMgZXNww61hPw==,W1NlcnRvcmFuZ10KR3V0ISBHZW5hdSBzbyBtYWNoZW4gd2lyIHdlaXRlciEKUGFzc3QhIERlciBFaW5zYXR6IGJsZWlidCBnbGVpY2ghIC4uLkhtLCBkZWluIEdlc2ljaHQga2VubiBpY2ggZ2FyIG5pY2h0LiBXYXMgaXN0LCBiaXN0IGR1IGVpbiBTcGlvbj8=,W1NlcnRvcmFuZ10KQmllbiAhIE9uIGNvbnRpbnVlIGNvbW1lIMOnYSAhCsOHYSB2YSAhIExhIG1pc2UgcmVzdGUgbGEgbcOqbWUgISDigKZIZWluLCBqZSBuZSByZWNvbm5haXMgcGFzIHZvdHJlIHZpc2FnZS4gUXVvaSwgdm91cyDDqnRlcyB1biBlc3Bpb24gPw==,W1NlcnRvcmFuZ10KQmFndXMhIFRlcnVza2FuIHNlcGVydGkgaW5pIQpUaWRhayBhcGEtYXBhISBUYXJ1aGFubnlhIHRldGFwIHNhbWEhIC4uLkhhaCwgd2FqYWggeWFuZyBiZWx1bSBwZXJuYWgga3VsaWhhdC4gQXBhIGluaSwgbWF0YS1tYXRhPw==,W1NlcnRvcmFuZ10KR8O8emVsISBCw7Z5bGUgZGV2YW0hClNvcnVuIHlvayEgQmFoaXMgYXluxLEhIC4uLkhhLCB0YW7EsW1hZMSxxJ/EsW0gYmlyIHnDvHouIE5lIG8sIGNhc3VzIG11c3VuPw==
W7Ke,7ZW066Oh64uYIOqwgO2YuCDrsJvsnLzshLjslpE=,TWF5IHRoZSBTZWEgRHJhZ29uIGJsZXNzIHlvdSwgbnlhIQ==,,5oS/5rW36b6Z5aSn5Lq66LWQ5LqI5L2g5Yqg5oqk5Za177yB,,4LiC4Lit4Lie4Lij4LiI4Liy4LiB4LiX4LmI4Liy4LiZ4Lih4Lix4LiH4LiB4Lij4LiX4Liw4LmA4Lil4LiI4LiH4Liq4LiW4Li04LiV4LiB4Lix4Lia4LmA4LiI4LmJ4Liy4LmA4Lih4Li14LmK4Lii4LinIQ==,,,wqFSZWNpYmUgbGEgYmVuZGljacOzbiBkZWwgU2XDsW9yIERyYWfDs24gTWFyaW5vIQ==,TcO2Z2UgZGVyIFNlZWRyYWNoZSBkaWNoIHNlZ25lbiwgbnlhIQ==,UXVlIGxhIGLDqW7DqWRpY3Rpb24gZHUgRHJhZ29uIGRlcyBtZXJzIHNvaXQgYXZlYyB2b3VzLCBueWE=,U2Vtb2dhIE5hZ2EgTGF1dCBtZW1iZXJrYXRpbXUsIG55YSE=,RGVuaXogRWpkZXJoYXPEsSBzZW5pIGt1dHNhc8SxbiwgbnlhIQ==
XLKe,7ZW066Oh64uYIOqwgO2YuCDrsJvsnLzshLjsmqk=,TWF5IHRoZSBTZWEgRHJhZ29uIGJsZXNzIHlvdSwgbnlvIQ==,,5oS/5rW36b6Z5aSn5Lq66LWQ5LqI5L2g5Yqg5oqk5Za177yB,,4LiC4Lit4Lie4Lij4LiI4Liy4LiB4LiX4LmI4Liy4LiZ4Lih4Lix4LiH4LiB4Lij4LiX4Liw4LmA4Lil4LiI4LiH4Liq4Liw4LiU4Li44LiU4LiB4Lix4Lia4LmA4LiI4LmJ4Liy4LmA4Lih4Li14LmK4Lii4LinIQ==,,,wqFSZWNpYmUgbGEgYmVuZGljacOzbiBkZWwgU2XDsW9yIERyYWfDs24gTWFyaW5vIQ==,TcO2Z2UgZGVyIFNlZWRyYWNoZSBkaWNoIHNlZ25lbiwgbnlvIQ==,QsOpbsOpZGljdGlvbiBkdSBEcmFnb24gZGVzIG1lcnPigKY=,U2Vtb2dhIE5hZ2EgTGF1dCBtZW1iZXJrYXRpbXUsIG55byE=,RGVuaXogRWpkZXJoYXPEsSBzZW5pIGt1dHNhc8SxbiwgbnlvIQ==
XbKe,7ZW066Oh64uYIOqwgO2YuCDrsJvsnLzshLjsmIE=,TWF5IHRoZSBTZWEgRHJhZ29uIGJsZXNzIHlvdSwgbnllIQ==,,5oS/5rW36b6Z5aSn5Lq66LWQ5LqI5L2g5Yqg5oqk5Za177yB,,4LiC4Lit4Lie4Lij4LiI4Liy4LiB4LiX4LmI4Liy4LiZ4Lih4Lix4LiH4LiB4Lij4LiX4Liw4LmA4Lil4LiI4LiH4Liq4Liw4LiB4Li04LiU4LiB4Lix4Lia4LmA4LiI4LmJ4Liy4LmA4Lih4Li14LmK4Lii4LinIQ==,,,wqFSZWNpYmUgbGEgYmVuZGljacOzbiBkZWwgU2XDsW9yIERyYWfDs24gTWFyaW5vIQ==,TcO2Z2UgZGVyIFNlZWRyYWNoZSBkaWNoIHNlZ25lbiwgbnllIQ==,UHJvdGVjdGlvbiBkdSBEcmFnb24gZGVzIG1lcnPigKY=,U2Vtb2dhIE5hZ2EgTGF1dCBtZW1iZXJrYXRpbXUsIG55ZSE=,RGVuaXogRWpkZXJoYXPEsSBzZW5pIGt1dHNhc8SxbiwgbnllIQ==
XrKe,W+yEuOultO2GoOuekV0K7JWELCDsmqnsiJjsl7wg7IKs7YOV7J2064OQLiDsoovslYQsIOydtCDquLDshLjrpbwg7IK066Ck7IScIOyYpOuKmOydgCDrjIDrsJUg7ZWc67KIIOuCmCDrs7TsnpAh,W1NlcnRvcmFuZ10KQWgsIERyYWdvbiBCZWFyZCBDYW5keSwgaHVoPyBOaWNlLiBMZXTigJlzIHJpZGUgdGhpcyBtb21lbnR1bSBhbmQgaGl0IGl0IGJpZyB0b2RheSE=,,W+WhnuWwlOaJmOacl10K5ZWK77yM5piv6b6Z6aG757OW5ZWK44CC5aW977yM5bCx6LaB6L+Z6IKh5Yq/5aS077yM5LuK5aSp54ug54ug5bmy5LiA56Wo5ZCn77yB,,W1NlcnRvcmFuZ10K4Lit4LmJ4LitIERyYWdvbiBNdXN0YWNoZSBDYW5keSDguJnguLXguYjguYDguK3guIcg4LiU4Li1ISDguKfguLHguJnguJnguLXguYnguJXguYnguK3guIfguYHguIjguYfguIHguJ7guK3guJXguYPguKvguYnguYTguJTguYkh,,,W1NlcnRvcmFuZ10KQWgsIENhcmFtZWxvIGRlIGJhcmJhIGRlIGRyYWfDs24sIMK/ZWg/IMKhR2VuaWFsLCBhcHJvdmVjaGVtb3MgZXN0YSByYWNoYSB5IGEgdmVyIHNpIGhveSBkYW1vcyBlbCBwZWxvdGF6byE=,W1NlcnRvcmFuZ10KQWgsIERyYWNoZW5iYXJ0LUJvbmJvbi4gR3V0LCBtaXQgZGVtIFNjaHd1bmcgaG9sZW4gd2lyIHVucyBoZXV0ZSBtYWwgZGVuIGdyb8OfZW4gR2V3aW5uIQ==,W1NlcnRvcmFuZ10KQWgsIGxhIEJhcmJlIGRlIGRyYWdvbiBlbiBzdWNyZS4gUGFyZmFpdOKApiBPbiBnYXJkZSBsZSByeXRobWUsIGV0IGF1am91cmTigJlodWksIG9uIGTDqWNyb2NoZSBsZSBqYWNrcG90ICE=,W1NlcnRvcmFuZ10KQWgsIERyYWdvbiBCZWFyZCBDYW5keSB5YS4gQmFndXMsIG1hbmZhYXRrYW4gbW9tZW50dW0gaW5pLCBoYXJpIGluaSBtYXJpIGRhcGF0IGphY2twb3Qgc2VrYWxpIQ==,W1NlcnRvcmFuZ10KQWgsIEVqZGVyaGEgU2FrYWzEsSDFnmVrZXJpIGhhLiBHw7x6ZWwsIGJ1IGl2bWV5bGUgYnVnw7xuIGJpciBrZXogYsO8ecO8ayB2dXJndW4geWFwYWzEsW0h
X7Ke,W+yEuOultO2GoOuekV0K7IKs7YOVIOyeiuyWtOuyhOumrOqzoCDsmKgg6rGw7JW8PyDqsIDshJwg6rCA7KC47JmALiDsp4DquIgg6rCA7KC47Jik66m0IOyaqeyImOyXvCDsgqztg5Ug64yA67CV7Iug7ZmU6rCAIOqwseyLoOuQoCDthYzri4jquYwh,W1NlcnRvcmFuZ10KRGlkIHlvdSBmb3JnZXQgdGhlIGNhbmR5PyBHbyBnZXQgaXQuCklmIHlvdSBicmluZyBpdCBiYWNrIG5vdywgdGhlIERyYWdvbiBCZWFyZCBDYW5keSB3aW5uaW5nIHN0cmVhayB3aWxsIGJlIGxlZ2VuZGFyeSE=,,W+WhnuWwlOaJmOacl10K5L2g5oqK57OW5b+Y5Zyo5Yir5aSE5LqG5ZCX77yf5Y675ou/5p2l44CC546w5Zyo5ou/5p2l77yM6b6Z6aG757OW55qE5aSn6LWi56We6K+d5bCx5Lya5Yi35paw77yB,,W1NlcnRvcmFuZ10K4Lil4Li34Lih4LmA4Lit4Liy4LiC4Lit4LiH4Lih4Liy4Lir4Lij4Li34Lit4LmE4LiHPyDguYTguJvguYDguK3guLLguKHguLLguYDguJTguLXguYvguKLguKfguJnguLXguYkK4LiW4LmJ4Liy4LmA4Lit4Liy4Lih4Liy4LiX4Lix4LiZ4LiV4Lit4LiZ4LiZ4Li14LmJIOC4leC4s+C4meC4suC4meC4guC4reC4hyBEcmFnb24gTXVzdGFjaGUgQ2FuZHkg4LiI4Liw4LmE4LiU4LmJ4LiW4Li54LiB4LmA4LiC4Li14Lii4LiZ4LiC4Li24LmJ4LiZ4LmD4Lir4Lih4LmI4Lit4Li14LiB4LiE4Lij4Lix4LmJ4LiHIQ==,,,W1NlcnRvcmFuZ10Kwr9UZSBoYXMgb2x2aWRhZG8gZWwgQ2FyYW1lbG8/IFZlIGEgYnVzY2FybG8uIMKhU2kgbG8gdHJhZXMgYWhvcmEsIHNlIGFjdHVhbGl6YXLDoSBsYSBsZXllbmRhIGRlbCBncmFuIGdvbHBlIGRlIENhcmFtZWxvIGRlIGJhcmJhIGRlIGRyYWfDs24h,W1NlcnRvcmFuZ10KSGFzdCBkdSBkYXMgQm9uYm9uIHZlcmdlc3Nlbj8gR2VoIGVzIGhvbGVuLiBXZW5uIGR1IGVzIGpldHp0IGJyaW5nc3QsIHNjaHJlaWJlbiB3aXIgZGllIERyYWNoZW5iYXJ0LUJvbmJvbi1KYWNrcG90LUxlZ2VuZGUgbmV1IQ==,W1NlcnRvcmFuZ10KVm91cyBhdmV6IG91Ymxpw6kgbGEgQmFyYmUgZGUgZHJhZ29uIGVuIHN1Y3JlID8gQWxsZXogbGEgY2hlcmNoZXIgISBTaSB2b3VzIGxhIHJhcHBvcnRleiBtYWludGVuYW50LCBtYSBsw6lnZW5kZSBkdSBqYWNrcG90IHZhIGVuY29yZSBz4oCZw6ljcmlyZSAh,W1NlcnRvcmFuZ10KS2FtdSBsdXBhIG1lbWJhd2EgcGVybWVuPyBQZXJnaSBhbWJpbC4gS2FsYXUga2FtdSBtZW1iYXdhbnlhIHNla2FyYW5nLCByZWtvciBsZWdlbmRhIGphY2twb3QgRHJhZ29uIEJlYXJkIENhbmR5IGFrYW4gZGlwZXJiYXJ1aSE=,W1NlcnRvcmFuZ10KxZ5la2VyaSB1bnV0dXAgbXUgZ2VsZGluPyBHaXQgYWwuIMWeaW1kaSBnZXRpcmlyc2VuIEVqZGVyaGEgU2FrYWzEsSDFnmVrZXJpIGLDvHnDvGsgdnVyZ3VuIGVmc2FuZXNpIHllbmlsZW5lY2VrIQ==
YLKe,W+yEuOultO2GoOuekV0K7J6YIOuQmOuptCDsmqnsiJjsl7wg7IKs7YOV7J2EIOuoueydgCDrjZXrtoTsnbTrnbzqs6Ag7IKs656M65Ok7JeQ6rKMIOyWmOq4sO2VtCDspITqsowhCuq3uOufrOuLiOq5jCDrhIjrj4Qg64K0IO2WieyatOydhCDquLDsm5DtlbQg64us65286rOgIQ==,W1NlcnRvcmFuZ10KSWYgdGhpbmdzIGdvIHdlbGwsIEnigJlsbCB0ZWxsIGV2ZXJ5b25lIGl04oCZcyBhbGwgdGhhbmtzIHRvIERyYWdvbiBCZWFyZCBDYW5keSEKU28geW914oCZZCBiZXR0ZXIgd2lzaCBtZSBsdWNrIHRvbyE=,,W+WhnuWwlOaJmOacl10K6KaB5piv6aG65Yip77yM5oiR5Lya6Lef5aSn5a626K+05piv5omY6b6Z6aG757OW55qE56aP77yBCuaJgOS7peS9oOS5n+imgeS4uuaIkeeahOWlvei/kOeliOaEv++8gQ==,,W1NlcnRvcmFuZ10K4LiW4LmJ4Liy4LiC4LmJ4Liy4LiK4LiZ4LiwIOC4iOC4sOC4muC4reC4geC4l+C4uOC4geC4hOC4meC4p+C5iOC4suC5gOC4m+C5h+C4meC5gOC4nuC4o+C4suC4sOC4guC4meC4oeC4meC4teC5iArguYDguJ7guKPguLLguLDguIfguLHguYnguJnguYDguIjguYnguLLguIHguYfguK3guKfguKLguJ7guKPguYPguKvguYnguILguYnguLLguJTguYnguKfguKLguKXguYjguLAh,,,W1NlcnRvcmFuZ10KwqFTaSBzYWxlIGJpZW4sIGxlIGRpcsOpIGEgdG9kbyBlbCBtdW5kbyBxdWUgZXMgZ3JhY2lhcyBhIGhhYmVyIGNvbWlkbyBDYXJhbWVsbyBkZSBiYXJiYSBkZSBkcmFnw7NuIQrCoUFzw60gcXVlIHTDuiB0YW1iacOpbiBwaWRlIHF1ZSB0ZW5nYSBzdWVydGUh,W1NlcnRvcmFuZ10KV2VubiBlcyBndXQgbMOkdWZ0LCBlcnrDpGhsZSBpY2ggYWxsZW4sIGRhc3MgZXMgYW0gRHJhY2hlbmJhcnQtQm9uYm9uIGxhZyEKQWxzbyBsb3Mg4oCTIHfDvG5zY2ggbWlyIEdsw7xjayE=,W1NlcnRvcmFuZ10KU2kgw6dhIG1hcmNoZSwgamUgZGlyYWkgw6AgdG91dCBsZSBtb25kZSBxdWUgY+KAmWVzdCBncsOiY2Ugw6AgbGEgQmFyYmUgZGUgZHJhZ29uIGVuIHN1Y3JlICEKQWxvcnMsIHRvaSBhdXNzaSwgc291aGFpdGUtbW9pIGJvbm5lIGNoYW5jZSAh,W1NlcnRvcmFuZ10KS2FsYXUgYmVyaGFzaWwsIGFrYW4ga3VrYXRha2FuIHBhZGEgb3Jhbmctb3JhbmcgaXR1IGJlcmthdCBtZW1ha2FuIERyYWdvbiBCZWFyZCBDYW5keSEKSmFkaSwga2FtdSBqdWdhIGRvYWthbiBrZWJlcnVudHVuZ2Fua3Uh,W1NlcnRvcmFuZ10KxLDFn2xlciBpeWkgZ2lkZXJzZSwgRWpkZXJoYSBTYWthbMSxIMWeZWtlcmkgeWVkacSfaW0gc2F5ZXNpbmRleW1pxZ8gZGl5ZSBpbnNhbmxhcmEgYW5sYXRhY2HEn8SxbSEKTyB5w7x6ZGVuIHNlbiBkZSBiZW5pbSDFn2Fuc8SxbcSxIGRpbGUh
YbKe,W3swfV0K7ZW066Oh64uYIOqwgO2YuCDrsJvsnLzshLjsmqkh,W3swfV0KTWF5IHRoZSBTZWEgRHJhZ29uIGJsZXNzIHlvdSwgbnlvIQ==,,W3swfV0K5oS/5rW36b6Z5aSn5Lq66LWQ5LqI5L2g5Yqg5oqk5Za177yB,,W3swfV0K4LiC4Lit4Lie4Lij4LiI4Liy4LiB4LiX4LmI4Liy4LiZ4Lih4Lix4LiH4LiB4Lij4LiX4Liw4LmA4Lil4LiI4LiH4Liq4Liw4LiU4Li44LiU4LiB4Lix4Lia4LmA4LiI4LmJ4Liy4LmA4Lih4Li14LmK4Lii4LinIQ==,,,W3swfV0KwqFSZWNpYmUgbGEgYmVuZGljacOzbiBkZWwgU2XDsW9yIERyYWfDs24gTWFyaW5vIQ==,W3swfV0KTcO2Z2UgZGVyIFNlZWRyYWNoZSBkaWNoIHNlZ25lbiwgbnlvIQ==,W3swfV0KUXVlIGxhIGLDqW7DqWRpY3Rpb24gZHUgRHJhZ29uIGRlcyBtZXJzIHNvaXQgYXZlYyB2b3VzLCBueWEgIQ==,W3swfV0KU2Vtb2dhIE5hZ2EgTGF1dCBtZW1iZXJrYXRpbXUsIG55byE=,W3swfV0KRGVuaXogRWpkZXJoYXPEsSBzZW5pIGt1dHNhc8SxbiwgbnlvIQ==
YrKe,W+yEuOultO2GoOuekV0K66y07IqoIOunkOydtOyVvC4g7KCV66eQIOyKpO2MjOydtOuDkD8g7Ja07J20LCDsnbQg64WA7ISdIOuCtOuztOuCtCE=,W1NlcnRvcmFuZ10KV2hhdCBkaWQgeW91IGp1c3Qgc2F5PyBBcmUgeW91IHJlYWxseSBhIHNweT8KSGV5LCBraWNrIHRoaXMgb25lIG91dCE=,,W+WhnuWwlOaJmOacl10K5L2g5Zyo6K+05LuA5LmI44CC5L2g55yf5piv6Ze06LCN5ZCX77yf5ZaC77yM5oqK6L+Z5a625LyZ6LW25Ye65Y6777yB,,W1NlcnRvcmFuZ10K4Lie4Li54LiU4Lit4Liw4LmE4Lij4LiC4Lit4LiH4LmA4LiI4LmJ4LiyIOC4quC4suC4ouC4peC4seC4muC4q+C4o+C4t+C4reC5gOC4m+C4peC5iOC4suC5gOC4meC4teC5iOC4oiDguYDguK7guYkhIOC5gOC4reC4suC5gOC4iOC5ieC4suC4q+C4oeC4reC4meC4teC5iOC4reC4reC4geC5hOC4myE=,,,W1NlcnRvcmFuZ10Kwr9RdcOpIGRpY2VzPyDCv0RlIHZlcmRhZCBlcmVzIGVzcMOtYT8gwqFFaCwgc2FjYWQgYSBlc3RlIHRpcG8gZGUgYXF1w60h,W1NlcnRvcmFuZ10KV2FzIHJlZGVzdCBkdSBkYT8gQmlzdCBkdSB3aXJrbGljaCBlaW4gU3Bpb24/IEhlLCBzY2htZWnDn3QgZGVuIEtlcmwgcmF1cyE=,W1NlcnRvcmFuZ10KUXXigJllc3QtY2UgcXVlIHZvdXMgcmFjb250ZXogPyBWb3VzIMOqdGVzIHZyYWltZW50IHVuIGVzcGlvbiA/IEjDqSwgcXXigJlvbiBsZSBtZXR0ZSBkZWhvcnMgIQ==,W1NlcnRvcmFuZ10KQXBhIG1ha3N1ZG11LiBLYW11IGJlbmFyLWJlbmFyIG1hdGEtbWF0YT8gSGVpLCB1c2lyIG9yYW5nIGluaSE=,W1NlcnRvcmFuZ10KTmUgZGl5b3JzdW4uIEdlcsOnZWt0ZW4gY2FzdXMgbXVzdW4/IEhleSwgYnVudSBkxLHFn2FyxLEgYXTEsW4h
Y7Ke,W3swfV0K7ZW066Oh64uYIOqwgO2YuCDrsJvsnLzshLjsmIEh,W3swfV0KTWF5IHRoZSBTZWEgRHJhZ29uIGJsZXNzIHlvdSwgbnllIQ==,,W3swfV0K5oS/5rW36b6Z5aSn5Lq66LWQ5LqI5L2g5Yqg5oqk5Za177yB,,W3swfV0K4LiC4Lit4Lie4Lij4LiI4Liy4LiB4LiX4LmI4Liy4LiZ4Lih4Lix4LiH4LiB4Lij4LiX4Liw4LmA4Lil4LiI4LiH4Liq4Liw4LiB4Li04LiU4LiB4Lix4Lia4LmA4LiI4LmJ4Liy4LmA4Lih4Li14LmK4Lii4LinIQ==,,,W3swfV0KwqFSZWNpYmUgbGEgYmVuZGljacOzbiBkZWwgU2XDsW9yIERyYWfDs24gTWFyaW5vIQ==,W3swfV0KTcO2Z2UgZGVyIFNlZWRyYWNoZSBkaWNoIHNlZ25lbiwgbnllIQ==,W3swfV0KUXVlIGxhIGLDqW7DqWRpY3Rpb24gZHUgRHJhZ29uIGRlcyBtZXJzIHNvaXQgYXZlYyB2b3VzLCBueWEgIQ==,W3swfV0KU2Vtb2dhIE5hZ2EgTGF1dCBtZW1iZXJrYXRpbXUsIG55ZSE=,W3swfV0KRGVuaXogRWpkZXJoYXPEsSBzZW5pIGt1dHNhc8SxbiwgbnllIQ==
ZLKe,W+yEuOultO2GoOuekV0K64KY64qUIO2WieyatOydmCDsgqzrgpjsnbR+4piG,W1NlcnRvcmFuZ10KSeKAmW0gYSBtYW4gb2YgbHVja37imIY=,,W+WhnuWwlOaJmOacl10K5oiR5piv5Liq6LWw6L+Q55qE5a625LyZfuKYhg==,,W1NlcnRvcmFuZ10K4LiC4LmJ4Liy4LmA4Lib4LmH4LiZ4Lic4Li54LmJ4LmC4LiK4LiE4LiU4Li1fuKYhg==,,,W1NlcnRvcmFuZ10KU295IHVuIGhvbWJyZSBhZm9ydHVuYWRvfuKYhg==,W1NlcnRvcmFuZ10KSWNoIGJpbiBlaW4gR2zDvGNrc3BpbHp+4piG,W1NlcnRvcmFuZ10KSmUgc3VpcyB1biBob21tZSBjaGFuY2V1eH7imIY=,W1NlcnRvcmFuZ10KQWt1IGxha2ktbGFraSB5YW5nIGJlcnVudHVuZ37imIY=,W1NlcnRvcmFuZ10KQmVuIMWfYW5zbMSxIGFkYW3EsW1+4piG
ZbKe,7L2U66W07Yis,Q29ydHU=,,56eR5bCU5Zu+,,Q29ydHU=,,,Q29ydHU=,Q29ydHU=,Q29ydHU=,Q29ydHU=,Q29ydHU=
ZrKe,W+y9lOultO2IrF0K7J2MLi4uIOyDneqwge2VmOuKlCDspJHsnbTri4jquYwg66eQIOqxuOyngCDrp4gu,W0NvcnR1XQpIbW3igKYgSeKAmW0gdGhpbmtpbmcsIHNvIGRvbuKAmXQgdGFsayB0byBtZS4=,,W+enkeWwlOWbvl0K5ZevLi4u5oiR5Zyo5oCd6ICD77yM5Yir6Lef5oiR5pCt6K+d44CC,,W0NvcnR1XQrguK3guLfguKEuLi4g4LiC4LmJ4Liy4LiB4Liz4Lil4Lix4LiH4LmD4LiK4LmJ4LiE4Lin4Liy4Lih4LiE4Li04LiU4Lit4Lii4Li54LmIIOC4reC4ouC5iOC4suC4oeC4suC4geC4p+C4meC4meC5iOC4sg==,,,W0NvcnR1XQpNbW0uLi4gZXN0b3kgcGVuc2FuZG8sIGFzw60gcXVlIG5vIG1lIGhhYmxlcy4=,W0NvcnR1XQpIbS4uLiBJY2ggZGVua2UgZ2VyYWRlIG5hY2gsIGFsc28gc3ByaWNoIG1pY2ggbmljaHQgYW4u,W0NvcnR1XQpIbW3igKYgSmUgcsOpZmzDqWNoaXMsIGFsb3JzIG5lIG1lIHBhcmxleiBwYXMu,W0NvcnR1XQpIbW0uLi4gQWt1IHNlZGFuZyBiZXJwaWtpciwgamFkaSBqYW5nYW4gYWphayBiaWNhcmEu,W0NvcnR1XQpIxLFtLi4uIETDvMWfw7xuw7x5b3J1bSwgbyB5w7x6ZGVuIGJlbmltbGUga29udcWfbWEu
Z7Ke,W+y9lOultO2IrF0K7J2MLi4uIOyDneqwge2VmOuKlCDspJHsnbTri4jquYwg66eQIOqxuOyngCDrp4guCuunkCDqsbjsp4Ag66eQ652864uI6rmMLiDrrZDslbwsIOyZnCDqt7jrnpg/,W0NvcnR1XQpIbW3igKYgSeKAmW0gdGhpbmtpbmcsIHNvIGRvbuKAmXQgdGFsayB0byBtZS4KSSBzYWlkIGRvbuKAmXQgdGFsayB0byBtZS4gV2hhdCBpcyBpdCBub3c/,,W+enkeWwlOWbvl0K5ZevLi4u5oiR5Zyo5oCd6ICD77yM5Yir6Lef5oiR5pCt6K+d44CCCumDveivtOS6huWIq+i3n+aIkeaQreivneOAguaAjuS5iOS6hu+8jOW5suWYm+i/meagt++8nw==,,W0NvcnR1XQrguK3guLfguKEuLi4g4LiC4LmJ4Liy4LiB4Liz4Lil4Lix4LiH4LmD4LiK4LmJ4LiE4Lin4Liy4Lih4LiE4Li04LiU4Lit4Lii4Li54LmIIOC4reC4ouC5iOC4suC4oeC4suC4geC4p+C4meC4meC5iOC4sgrguJrguK3guIHguKfguYjguLLguK3guKLguYjguLLguIHguKfguJnguYTguIcg4Lit4Liw4LmE4Lij4LiZ4LmI4LiwIOC4oeC4teC4reC4sOC5hOC4ow==,,,W0NvcnR1XQpNbW0uLi4gRXN0b3kgcGVuc2FuZG8sIGFzw60gcXVlIG5vIG1lIGhhYmxlcy4KVGUgaGUgZGljaG8gcXVlIG5vIG1lIGhhYmxlcy4gwr9RdcOpIHBhc2EgY29udGlnbz8=,W0NvcnR1XQpIbS4uLiBJY2ggZGVua2UgZ2VyYWRlIG5hY2gsIGFsc28gc3ByaWNoIG1pY2ggbmljaHQgYW4uCkljaCBoYWIgZG9jaCBnZXNhZ3QsIHNwcmljaCBtaWNoIG5pY2h0IGFuLiBXYXMgaXN0IGRlbm4/IFdhcyB3aWxsc3QgZHU/,W0NvcnR1XQpIbW3igKYgSmUgcsOpZmzDqWNoaXMsIGFsb3JzIG5lIG1lIHBhcmxleiBwYXMuCkplIHZvdXMgYWkgZGl0IGRlIG5lIHBhcyBtZSBwYXJsZXIuIFF1b2ksIHF14oCZZXN0LWNlIHF14oCZaWwgeSBhID8=,W0NvcnR1XQpIbW0uLi4gQWt1IHNlZGFuZyBiZXJwaWtpciwgamFkaSBqYW5nYW4gYWphayBiaWNhcmEuClN1ZGFoIGt1YmlsYW5nIGphbmdhbiBhamFrIGJpY2FyYS4gQXBhIHNpaCwga2VuYXBhPw==,W0NvcnR1XQpIxLFtLi4uIETDvMWfw7xuw7x5b3J1bSwgbyB5w7x6ZGVuIGJlbmltbGUga29udcWfbWEuCktvbnXFn21hIGRlZGltIHlhLiBOZSB2YXIsIG5lZGVuIGLDtnlsZT8=
aLKe,7ZW07Iug64uYIOqwgO2YuCDrsJvsnLzshLjslpEh,TWF5IHRoZSBTZWEgR29kIGJsZXNzIHlvdSwgbnlhIQ==,,5oS/5rW356We5aSn5Lq66LWQ5LqI5L2g5Yqg5oqk5Za177yB,,4LiC4Lit4Lie4Lij4LiI4Liy4LiB4LmA4LiX4Lie4LiX4Liw4LmA4Lil4LiI4LiH4Liq4LiW4Li04LiV4LiB4Lix4Lia4LmA4LiI4LmJ4Liy4LmA4Lih4Li14LmK4Lii4LinIQ==,,,wqFSZWNpYmUgbGEgYmVuZGljacOzbiBkZWwgU2XDsW9yIERpb3MgZGVsIE1hciE=,TcO2Z2UgZGVyIE1lZXJlc2dvdHQgZGljaCBzZWduZW4sIG55YSE=,UXVlIGxhIGLDqW7DqWRpY3Rpb24gZHUgRGlldSBkZSBsYSBtZXIgc29pdCBhdmVjIHZvdXMsIG55YSAh,U2Vtb2dhIERld2EgTGF1dCBtZW1iZXJrYXRpbXUsIG55YSE=,RGVuaXogVGFucsSxc8SxIHNlbmkga3V0c2FzxLFuLCBueWEh
abKe,7Iug66Oh64uYIOqwgO2YuCDrsJvsnLzshLjslpEh,TWF5IHRoZSBEaXZpbmUgRHJhZ29uIGJsZXNzIHlvdSwgbnlhIQ==,,5oS/56We6b6Z5aSn5Lq66LWQ56aP5LqO5L2g5Za177yB,,4LiC4Lit4Lie4Lij4LiI4Liy4LiB4Lih4Lix4LiH4LiB4Lij4Lio4Lix4LiB4LiU4Li04LmM4Liq4Li04LiX4LiY4Li04LmM4LiI4LiH4Liq4LiW4Li04LiV4LiB4Lix4Lia4LmA4LiI4LmJ4Liy4LmA4Lih4Li14LmK4Lii4LinIQ==,,,wqFSZWNpYmUgbGEgYmVuZGljacOzbiBkZWwgRHJhZ8OzbiBEaXZpbm8h,TcO2Z2UgZGVyIGfDtnR0bGljaGUgRHJhY2hlIGRpY2ggc2VnbmVuLCBueWEh,UXVlIGxhIGLDqW7DqWRpY3Rpb24gZHUgRHJhZ29uIGRpdmluIHNvaXQgYXZlYyB2b3VzLCBueWEgIQ==,TWF5IHRoZSBEaXZpbmUgRHJhZ29uIGJsZXNzIHlvdSwgbnlhIQ==,S3V0c2FsIEVqZGVyaGEgc2VuaSBrdXRzYXPEsW4sIG55YSE=
arKe,W3swfV0K7ZW07Iug64uYIOqwgO2YuCDrsJvsnLzshLjslpEh,W3swfV0KTWF5IHRoZSBTZWEgR29kIGJsZXNzIHlvdSwgbnlhIQ==,,W3swfV0K5oS/5rW356We5aSn5Lq66LWQ5LqI5L2g5Yqg5oqk5Za177yB,,W3swfV0K4LiC4Lit4Lie4Lij4LiI4Liy4LiB4LmA4LiX4Lie4LiX4Liw4LmA4Lil4LiI4LiH4Liq4LiW4Li04LiV4LiB4Lix4Lia4LmA4LiI4LmJ4Liy4LmA4Lih4Li14LmK4Lii4LinIQ==,,,W3swfV0KwqFSZWNpYmUgbGEgYmVuZGljacOzbiBkZWwgU2XDsW9yIERpb3MgZGVsIE1hciE=,W3swfV0KTcO2Z2UgZGVyIE1lZXJlc2dvdHQgZGljaCBzZWduZW4sIG55YSE=,W3swfV0KUXVlIGxhIGLDqW7DqWRpY3Rpb24gZHUgRGlldSBkZSBsYSBtZXIgc29pdCBhdmVjIHZvdXMsIG55YSAh,W3swfV0KU2Vtb2dhIERld2EgTGF1dCBtZW1iZXJrYXRpbXUsIG55YSE=,W3swfV0KRGVuaXogVGFucsSxc8SxIHNlbmkga3V0c2FzxLFuLCBueWEh
a7Ke,W+y9lOultO2IrF0K7Jqp6rG07J20IOyeiOuKlCDqsowg7JWE64uI66m0IOuwqe2VtO2VmOyngCDrp4gu,W0NvcnR1XQpJZiB5b3UgZG9u4oCZdCBoYXZlIGJ1c2luZXNzIHdpdGggbWUsIGRvbuKAmXQgaW50ZXJydXB0Lg==,,W+enkeWwlOWbvl0K5rKh5LqL55qE6K+d5Yir5p2l5omT5omw5oiR44CC,,W0NvcnR1XQrguJbguYnguLLguYTguKHguYjguKHguLXguJjguLjguKPguLDguIHguYfguK3guKLguYjguLLguKHguLLguKPguJrguIHguKfguJk=,,,W0NvcnR1XQpTaSBubyB0aWVuZXMgbmluZ8O6biBhc3VudG8gY29ubWlnbywgbm8gbWUgbW9sZXN0ZXMu,W0NvcnR1XQpXZW5uIGR1IG5pY2h0cyB2b24gbWlyIHdpbGxzdCwgZGFubiBzdMO2ciBtaWNoIG5pY2h0Lg==,W0NvcnR1XQpOZSBtZSBkw6lyYW5nZXogcGFzIHNpIHZvdXMgbuKAmWF2ZXogcmllbiDDoCBtZSBkZW1hbmRlci4=,W0NvcnR1XQpLYWxhdSB0aWRhayBhZGEgdXJ1c2FuLCBqYW5nYW4gZ2FuZ2d1Lg==,W0NvcnR1XQpCaXIgacWfaW4geW9rc2EgYmVuaSByYWhhdHPEsXogZXRtZS4=
bLKe,W3swfV0K7Iug66Oh64uYIOqwgO2YuCDrsJvsnLzshLjslpEh,W3swfV0KTWF5IHRoZSBEaXZpbmUgRHJhZ29uIGJsZXNzIHlvdSwgbnlhIQ==,,W3swfV0K5oS/56We6b6Z5aSn5Lq66LWQ56aP5LqO5L2g5Za177yB,,W3swfV0K4LiC4Lit4Lie4Lij4LiI4Liy4LiB4Lih4Lix4LiH4LiB4Lij4Lio4Lix4LiB4LiU4Li04LmM4Liq4Li04LiX4LiY4Li04LmM4LiI4LiH4Liq4LiW4Li04LiV4LiB4Lix4Lia4LmA4LiI4LmJ4Liy4LmA4Lih4Li14LmK4Lii4LinIQ==,,,W3swfV0KwqFSZWNpYmUgbGEgYmVuZGljacOzbiBkZWwgRHJhZ8OzbiBEaXZpbm8h,W3swfV0KTcO2Z2UgZGVyIGfDtnR0bGljaGUgRHJhY2hlIGRpY2ggc2VnbmVuLCBueWEh,W3swfV0KUXVlIGxhIGLDqW7DqWRpY3Rpb24gZHUgRHJhZ29uIGRpdmluIHNvaXQgYXZlYyB2b3VzLCBueWEgIQ==,W3swfV0KTWF5IHRoZSBEaXZpbmUgRHJhZ29uIGJsZXNzIHlvdSwgbnlhIQ==,W3swfV0KS3V0c2FsIEVqZGVyaGEgc2VuaSBrdXRzYXPEsW4sIG55YSE=
bbKe,W+y9lOultO2IrF0K7JikLCDsmqnsiJjsl7wg7IKs7YOV7J2064OQLiDqt7gg66eQ7Yis64qUIOyZnCDqt7jrnpg/IOutkCDslYTrrLTrnpjrj4Qg7KKL7KeA66eMLgrsnpgg66i57J2E6rKMLiDsg53qsIHtlaAg65WM64qUIOuLqCDqsowg7J6I7Jy866m0IOyii+yngC4=,W0NvcnR1XQpPaCwgRHJhZ29uIEJlYXJkIENhbmR5PyBXaGF04oCZcyB3aXRoIHRoYXQgd29yZGluZz8KRWgsIHdoYXRldmVyLiBJ4oCZbGwgZW5qb3kgaXTigJRzd2VldCB0aGluZ3MgaGVscCB3aGVuIEnigJltIHRoaW5raW5nLg==,,W+enkeWwlOWbvl0K5ZOm77yM5piv6b6Z6aG757OW5ZWK44CC5L2g6YKj6K+06K+d5pa55byP5piv5oCO5LmI5Zue5LqL77yf566X5LqG77yM5oCO5qC36YO96KGM44CCCuaIkeS8muWlveWlveWQg+eahOOAguaAneiAg+eahOaXtuWAmeacieeCueeUnOeahOavlOi+g+WlveOAgg==,,W0NvcnR1XQrguK3guYnguK0gRHJhZ29uIE11c3RhY2hlIENhbmR5IOC4meC4teC5iOC5gOC4reC4hyDguYHguKXguYnguKfguJfguLPguYTguKHguJbguLbguIfguJ7guLnguJTguYHguJrguJrguJnguLHguYnguJnguYDguKXguYjguLIg4LiK4LmI4Liy4LiH4LmA4LiW4Lit4LiwIOC4guC5ieC4suC4iOC4sOC4geC4tOC4meC5geC4peC5ieC4pyDguIHguLTguJnguILguK3guIfguKvguKfguLLguJkg4LmGIOC4leC4reC4meC4l+C4teC5iOC4leC5ieC4reC4h+C5g+C4iuC5ieC4quC4oeC4reC4h+C4meC4teC5iOC5geC4iOC5iOC4oeC4quC4uOC4lCDguYYg,,,W0NvcnR1XQpPaCwgwr9lc28gZXMgQ2FyYW1lbG8gZGUgYmFyYmEgZGUgZHJhZ8Ozbj8gwr9ZIGVzZSB0b25vPyBCYWgsIGRhIGlndWFsLgpNZSBsbyBjb21lcsOpLiBDdWFuZG8gcGllbnNvLCB2aWVuZSBiaWVuIHRlbmVyIGFsZ28gZHVsY2Uu,W0NvcnR1XQpPaCwgZWluIERyYWNoZW5iYXJ0LUJvbmJvbi4gV2FzIGlzdCBkZW5uIG1pdCBkZWluZXIgQXJ0IHp1IHJlZGVuPyBOYSBqYSwgaXN0IG1pciBhdWNoIGVnYWwuCkljaCBuZWhtJ3MuIEJlaW0gTmFjaGRlbmtlbiBpc3Qgd2FzIFPDvMOfZXMgZ2FueiBndXQu,W0NvcnR1XQpPaCwgZGUgbGEgQmFyYmUgZGUgZHJhZ29uIGVuIHN1Y3JlLiBD4oCZZXN0IHF1b2ksIGNlIHBhcmxlciA/IEVuZmlu4oCmIHBldSBpbXBvcnRlLgpNZXJjaS4gUXVhbmQgamUgcsOpZmzDqWNoaXMsIGrigJlhaSBiZXNvaW4gZGUgc3VjcsOpLg==,W0NvcnR1XQpPaCwgRHJhZ29uIEJlYXJkIENhbmR5IHlhLiBLZW5hcGEgZ2F5YSBiaWNhcmFtdSBiZWdpdHU/IFlhLCB0ZXJzZXJhaCBzaWguCkFrYW4ga3VtYWthbiBkZW5nYW4gYmFpay4gU2FhdCBiZXJwaWtpciwgZW5hayBrYWxhdSBhZGEgeWFuZyBtYW5pcy4=,W0NvcnR1XQpPaCwgRWpkZXJoYSBTYWthbMSxIMWeZWtlcmkgaGEuIEJ1IGtvbnXFn21hIHRhcnrEsSBkYSBuZT8gTmV5c2UsIGZhcmsgZXRtZXouCkFmaXlldGxlIHlpeWVjZcSfaW0uIETDvMWfw7xuw7xya2VuIHRhdGzEsSBpeWkgZ2VsaXIu
brKe,W+y9lOultO2IrF0K6re465+w642wIOygleyekSDsgqztg5XsnYAg7Ja065SUIOqwlOuDkC4g7KeA6riIIO2VhOyalO2VmOuLiOq5jCDslrTshJwg64uk7IucIOqwgOyEnCDqsIDsoLjri6Qg7KSYLg==,W0NvcnR1XQpCdXQgd2hlcmXigJlzIHRoZSBjYW5keT8KSSBuZWVkIGl0IHJpZ2h0IG5vdywgc28gZ28gYmFjayBhbmQgYnJpbmcgaXQu,,W+enkeWwlOWbvl0K5LiN6L+H57OW5p6c5Yiw5bqV5Y675ZOq5LqG44CC546w5Zyo6ZyA6KaB77yM5b+r54K55YaN5Y675ou/5p2l57uZ5oiR44CC,,W0NvcnR1XQrguYHguKXguYnguKfguILguJnguKHguK3guKLguLnguYjguYTguKvguJnguKXguYjguLAg4LmA4Lit4Liy4Lih4Liy4Liq4Li0IOC4guC5ieC4suC4leC5ieC4reC4h+C5g+C4iuC5ieC4leC4reC4meC4meC4teC5iQ==,,,W0NvcnR1XQpQZXJvIMK/ZMOzbmRlIGVzdMOhIGVsIENhcmFtZWxvPyBMbyBuZWNlc2l0byBhaG9yYSwgYXPDrSBxdWUgdnVlbHZlIHkgdHLDoWVtZWxvIHLDoXBpZG8u,W0NvcnR1XQpBYmVyIHdvIGlzdCBkYXMgQm9uYm9uIGVpZ2VudGxpY2g/IEljaCBicmF1Y2gncyBqZXR6dOKAlGFsc28gbG9zLCBnZWggenVyw7xjayB1bmQgYnJpbmcncyBtaXIu,W0NvcnR1XQpNYWlzIG/DuSBlc3QgbGEgQmFyYmUgZGUgZHJhZ29uIGVuIHN1Y3JlID8gSuKAmWVuIGFpIGJlc29pbiBtYWludGVuYW50LiBSZXRvdXJuZXogdml0ZSBsYSBjaGVyY2hlciBldCBhcHBvcnRlei1sYS1tb2ku,W0NvcnR1XQpUYXBpLCBwZXJtZW4gaXR1IHNlYmVuYXJueWEga2UgbWFuYS4gQWt1IGJ1dHVoIHNla2FyYW5nLCBqYWRpIGNlcGF0IHBlcmdpIGxhZ2kgZGFuIGJhd2FrYW4u,W0NvcnR1XQpBbWEgYXPEsWwgxZ9la2VyIG5lcmV5ZSBnaXR0aT8gxZ5pbWRpIGxhesSxbSwgbyB5w7x6ZGVuIGhlbWVuIGdlcmkgZ2lkaXAgZ2V0aXIu
b7Ke,W+y9lOultO2IrF0K7Jqp6rG07J20IOyeiOuKlCDqsowg7JWE64uI66m0IOuwqe2VtO2VmOyngCDrp4guIOynhOyngO2VmOuLiOq5jC4=,W0NvcnR1XQpJZiB5b3UgZG9u4oCZdCBoYXZlIGJ1c2luZXNzIHdpdGggbWUsIGRvbuKAmXQgaW50ZXJydXB0LiBJ4oCZbSBiZWluZyBzZXJpb3VzLg==,,W+enkeWwlOWbvl0K5rKh5LqL55qE6K+d5Yir5p2l5omT5omw5oiR44CC5oiR5b6I6K6k55yf44CC,,W0NvcnR1XQrguJbguYnguLLguYTguKHguYjguKHguLXguJjguLjguKPguLDguIHguYfguK3guKLguYjguLLguKHguLLguIHguKfguJkg4LiC4LmJ4Liy4LiI4Lij4Li04LiH4LiI4Lix4LiH4Lit4Lii4Li54LmI,,,W0NvcnR1XQpObyBtZSBtb2xlc3RlcyBzaSBubyB0aWVuZXMgbmFkYSBxdWUgZGVjaXIuIEVzdG95IGNvbmNlbnRyYWRvLg==,W0NvcnR1XQpXZW5uIGR1IG5pY2h0cyB2b24gbWlyIHdpbGxzdCwgZGFubiBzdMO2ciBtaWNoIG5pY2h0LiBJY2ggYmluIGdlcmFkZSBlcm5zdGhhZnQgZGFiZWku,W0NvcnR1XQpOZSBtZSBkw6lyYW5nZXogcGFzIHNpIHZvdXMgbuKAmWF2ZXogcmllbiDDoCBtZSBkZW1hbmRlci4gSmUgc3VpcyBzw6lyaWV1eC4=,W0NvcnR1XQpLYWxhdSB0aWRhayBhZGEgdXJ1c2FuLCBqYW5nYW4gZ2FuZ2d1LiBBa3Ugc2VkYW5nIHNlcml1cy4=,W0NvcnR1XQpCaXIgacWfaW5peiB5b2tzYSBiZW5pIHJhaGF0c8SxeiBldG1leWluLiBDaWRkaXlpbS4=
cLKe,66y065GQ7ZWYIO2DgOunjA==,TXVkdWhoYSBUYW1hbg==,,56mG5p2c5ZOIwrfloZTmm7w=,,TXVkdWhoYSBUYW1hbg==,,,TXVkdWhoYSBUYW1hbg==,TXVkdWhoYSBUYW1hbg==,TXVkdWhoYSBUYW1hbg==,TXVkdWhoYSBUYW1hbg==,TXVkdWhoYSBUYW1hbg==
cbKe,W+ustOuRkO2VmCDtg4Drp4xdCuuBhOydkS4uLiDsnbTrn6zri6Qg7Jik64qYIOyZhOyghCDsqr3rsJUg7LCo6rKg64qU642wLg==,W011ZHVoaGEgVGFtYW5dClVnaOKApiBhdCB0aGlzIHJhdGUsIHRvZGF54oCZcyBnb2luZyB0byBiZSBhIHRvdGFsIGJ1c3Qu,,W+ephuadnOWTiMK35aGU5pu8XQrlkYPll68uLi7ov5nmoLfkuIvljrvku4rlpKnlj6/opoHlvbvlupXovpPmg6jkuobjgII=,,W011ZHVoaGEgVGFtYW5dCuC5gOC4ruC5ieC4rS4uLiDguYHguJrguJrguJnguLXguYnguKfguLHguJnguJnguLXguYnguITguIfguKvguKHguJTguJXguLHguKfguYHguJnguYg=,,,W011ZHVoaGEgVGFtYW5dClVmLi4uIEEgZXN0ZSBwYXNvLCBob3kgdm95IGEgYWNhYmFyIGVuIGxhIHJ1aW5hLg==,W011ZHVoaGEgVGFtYW5dClVnaC4uLiBXZW5uIGRhcyBzbyB3ZWl0ZXJnZWh0LCBnZWggaWNoIGhldXRlIG5vY2ggdsO2bGxpZyBiYW5rcm90dC4=,W011ZHVoaGEgVGFtYW5dCkdubi4uLiDDgCBjZSByeXRobWUsIGplIHZhaXMgY29tcGzDqHRlbWVudCBtZSBwbGFudGVyIGF1am91cmQnaHVpLg==,W011ZHVoaGEgVGFtYW5dClVnaC4uLiBLYWxhdSBiZWdpbmksIGhhcmkgaW5pIGFrdSBiYWthbCBiZW5hci1iZW5hciBiYW5na3J1dC4=,W011ZHVoaGEgVGFtYW5dCkjEsW5nLi4uIELDtnlsZSBnaWRlcnNlIGJ1Z8O8biB0YW0gYmlyIGZpeWFza28gb2xhY2FrLg==
crKe,64+E67CV7IKs,R2FtYmxlcg==,,6LWM5b6S,,R2FtYmxlcg==,,,QXBvc3RhZG9y,R2zDvGNrc3NwaWVsZXI=,Sm91ZXVy,R2FtYmxlcg==,S3VtYXJiYXo=
c7Ke,W+uPhOuwleyCrF0K7Jy87ZeI7ZeI7ZeI7ZeI7ZeI7ZeI7ZeJIQ==,W0dhbWJsZXJdCkJ3YWhhaGFoYWhhaGEh,,W+i1jOW+kl0K5ZGc5ZOI5ZOI5ZOI5ZOI5ZOI5ZOI5ZOI77yB,,W0dhbWJsZXJdCuC4reC4uOC4ruC4sOC4ruC4sOC4ruC4sOC4ruC4sOC4ruC4sOC4ruC4sCE=,,,W0Fwb3N0YWRvcl0KwqFKYSwgamEsIGphLCBqYSwgamEsIGphLi4uIQ==,W0dsw7xja3NzcGllbGVyXQpVYWhhaGFoYWhhaGFhaCE=,W0pvdWV1cl0KT3VhaGFoYWhhaGFoYWhhaCAh,W0dhbWJsZXJdClVoZXVoZXVoZXVoZXVoZXVoZXVoayE=,W0t1bWFyYmF6XQpVaGVoZWhlaGVoZWhlaGVoIQ==
dLKe,W+uPhOuwleyCrF0K64yA67CV7J2064ukISDsmYTsoIQg64yA67CV7J207JW8ISDsnbTsoKAg64KY64+EIOu2gOyekOuLpCE=,W0dhbWJsZXJdCkphY2twb3QhIFRoaXMgaXMgaHVnZeKAlGFic29sdXRlbHkgaHVnZSEKSeKAmW0gcmljaCBub3ch,,W+i1jOW+kl0K5Lit5aSn5aWW5LqG77yB55yf55qE5Lit5aSn5aWW5LqG77yB6L+Z5LiL5oiR5Lmf5oiQ5pyJ6ZKx5Lq65LqG77yB,,W0dhbWJsZXJdCuC5geC4iOC5h+C4geC4nuC4reC4lSEg4LmB4LiI4LmH4LiB4Lie4Lit4LiV4LmB4LiV4LiBISDguJXguK3guJnguJnguLXguYnguILguYnguLLguIHguYfguYDguJvguYfguJnguYDguKjguKPguKnguJDguLXguYHguKXguYnguKch,,,W0Fwb3N0YWRvcl0KwqFNZSBoYSB0b2NhZG8gZWwgZ29yZG8hIMKhRXMgdW5hIHBhc2FkYSEgwqFBaG9yYSB5byB0YW1iacOpbiB0ZW5nbyB1bmEgZm9ydHVuYSE=,W0dsw7xja3NzcGllbGVyXQpKYWNrcG90ISBEZXIgdG90YWxlIEphY2twb3QhIEpldHp0IGJpbiBpY2ggYXVjaCByZWljaCE=,W0pvdWV1cl0KSW5jcm95YWJsZSAhIFVuIHZyYWkgamFja3BvdCAhIE1haW50ZW5hbnQsIG1vaSBhdXNzaSwgamUgc3VpcyByaWNoZSAh,W0dhbWJsZXJdCkphY2twb3QhIEJlbmFyLWJlbmFyIGphY2twb3QhIFNla2FyYW5nIGFrdSBqdWdhIGtheWEh,W0t1bWFyYmF6XQpIYXJpa2EhIFRhbSBiaXIgaGFyaWthISBBcnTEsWsgYmVuIGRlIHplbmdpbmltIQ==
dbKe,7ZWY7LiE7JWE,SGFjaHVh,,5ZOI5LiY6Zi/,,SGFjaHVh,,,SGFjaHVh,SGFjaHVh,SGFjaHVh,SGFjaHVh,SGFjaHVh
drKe,W+2VmOy4hOyVhF0K7JWE7JWEfiDsubTsp4DrhbjsnZgg6rKM7J6E65Ok7J2AIOuEiOustCDsnqzrr7jsnojslrTsmpQuCuuIhOq1sOqwgCDrgpjsmYAg7ZWo6ruYIOqyjOyehOydhCDtlbQg7KSA64uk66m0IOuCtCDsiJjsp5HtkojsnYQg66qo65GQIOuCtCDspITthZDrjbAuLi4=,W0hhY2h1YV0KQWhofiB0aGUgZ2FtZXMgYXQgdGhlIENhc2lubyBhcmUganVzdCBzbyBtdWNoIGZ1bi4KSWYgc29tZW9uZSB3b3VsZCBwbGF5IHdpdGggbWUsIEnigJlkIGdpdmUgdGhlbSBhbGwgbXkgY29sbGVjdGlibGVz4oCm,,W+WTiOS4mOmYv10K5ZWK5ZWKfui1jOWcuueahOa4uOaIj+WkquacieaEj+aAneS6huOAggropoHmmK/mnInkurrmhL/mhI/pmarmiJHkuIDotbfnjqnvvIzmiJHlsLHmiormiJHnmoTmlLbol4/lk4Hlhajpg73nu5nku5YuLi4=,,W0hhY2h1YV0K4Lit4LiyfiBDYXNpbm8g4LiZ4Li14LmI4Liq4LiZ4Li44LiB4LiI4Lij4Li04LiHIOC5hiAK4LiW4LmJ4Liy4Lih4Li14LmD4LiE4Lij4Liq4Lix4LiB4LiE4LiZ4Lih4Liy4LmA4Lil4LmI4LiZ4LiU4LmJ4Lin4Lii4LiB4Lix4LiZ4LiB4Lix4Lia4LiC4LmJ4LiyIOC4guC5ieC4suC4hOC4h+C4ouC4geC4guC4reC4h+C4quC4sOC4quC4oeC4l+C4seC5ieC4h+C4q+C4oeC4lOC5g+C4q+C5ieC5gOC4peC4oi4uLg==,,,W0hhY2h1YV0KQWh+IExvcyBqdWVnb3MgZGVsIENhc2lubyBzb24gbXV5IGRpdmVydGlkb3MuClNpIGFsZ3VpZW4ganVnYXNlIGNvbm1pZ28sIGxlIGRhcsOtYSB0b2RhIG1pIGNvbGVjY2nDs24uLi4=,W0hhY2h1YV0KQWh+IERpZSBTcGllbGUgaW0gQ2FzaW5vIG1hY2hlbiBzbyB2aWVsIFNwYcOfLgpXZW5uIGplbWFuZCBtaXQgbWlyIHNwaWVsZW4gd8O8cmRlLCB3w7xyZGUgaWNoIGlobSBtZWluZSBnYW56ZSBTYW1tbHVuZyBnZWJlbi4uLg==,W0hhY2h1YV0KQWhofiBMZXMgamV1eCBkdSBDYXNpbm8gc29udCB0ZWxsZW1lbnQgYW11c2FudHMuClNpIHF1ZWxxdSd1biBqb3VhaXQgYXZlYyBtb2ksIGplIGx1aSBkb25uZXJhaXMgdG91dGUgbWEgY29sbGVjdGlvbi4uLg==,W0hhY2h1YV0KQWFofiBHYW1lLWdhbWUgZGkgQ2FzaW5vIHNhbmdhdCBtZW55ZW5hbmdrYW4uCkthbGF1IGFkYSB5YW5nIG1hdSBiZXJtYWluIGRlbmdhbmt1LCBha3UgYWthbiBtZW1iZXJpa2FuIHNlbXVhIGtvbGVrc2lrdS4uLg==,W0hhY2h1YV0KQWFofiBLdW1hcmhhbmUgb3l1bmxhcsSxIMOnb2sgZcSfbGVuY2VsaS4KQmlyaSBiZW5pbWxlIGJpcmxpa3RlIG95dW4gb3luYXJzYSwgdMO8bSBrb2xla3NpeW9udW11IHZlcmlyZGltLi4u
d7Ke,W+2VmOy4hOyVhF0K7JWE7LC4LCDsnbTrr7gg64ukIOuCtOyjvOqzoCDsl4bsp4AuCuyeoOq5kCDsmJvrgqAg7IOd6rCB7J2EIO2VmOuLpOqwgCDqt7jrp4wuLi4=,W0hhY2h1YV0KT2gsIHdhaXQuIEkgYWxyZWFkeSBnYXZlIHRoZW0gYWxsIGF3YXkuCkd1ZXNzIEkgZ290IGxvc3QgaW4gb2xkIG1lbW9yaWVzIGZvciBhIG1vbWVudOKApg==,,W+WTiOS4mOmYv10K5ZWK77yM5a+55LqG77yM5bey57uP5YWo6YO957uZ5Ye65Y675LqG77yM5rKh5LqG44CCCuWImuaJjeS4gOS4jeWwj+W/g+WwseaDs+i1t+S7peWJjeeahOS6i+S6hi4uLg==,,W0hhY2h1YV0K4Lit4LmJ4LitIOC4iOC4o+C4tOC4h+C4quC4tCDguILguYnguLLguYPguKvguYnguYTguJvguKvguKHguJTguYHguKXguYnguKfguJnguLXguYgK4LmA4Lic4Lil4Lit4LiZ4Li24LiB4LiW4Li24LiH4LmA4Lij4Li34LmI4Lit4LiH4LmA4LiB4LmI4LiyIOC5hiDguYDguILguYnguLLguYDguKrguLXguKLguYHguKXguYnguKcuLi4=,,,W0hhY2h1YV0KQWgsIGVzIHZlcmRhZCwgeWEgbG8gZW50cmVndcOpIHRvZG8geSBubyBtZSBxdWVkYSBuYWRhLgpNZSBoZSBkZWphZG8gbGxldmFyIHJlY29yZGFuZG8gbG9zIHZpZWpvcyB0aWVtcG9zLi4u,W0hhY2h1YV0KQWNoIGphLCBpY2ggaGFiZSBqYSBzY2hvbiBhbGxlcyBoZXJnZWdlYmVuLiBFcyBpc3QgbmljaHRzIG1laHIgw7xicmlnLgpJY2ggaGFiZSBudXIga3VyeiBhbiBmcsO8aGVyIGdlZGFjaHQgdW5kIGRhbm4uLi4=,W0hhY2h1YV0KQWgsIGMnZXN0IHZyYWksIGrigJlhaSBkw6lqw6AgdG91dCBkb25uw6ksIGplIG7igJlhaSBwbHVzIHJpZW4uCkplIG1lIHN1aXMgbGFpc3PDqSBlbXBvcnRlciBlbiByZXBlbnNhbnQgYXUgcGFzc8OpLi4u,W0hhY2h1YV0KT2ggaXlhLCBzdWRhaCBrdWJlcmlrYW4gc2VtdWEsIGphZGkgc3VkYWggdGlkYWsgYWRhLgpBa3UgamFkaSB0ZXJoYW55dXQgbWVtaWtpcmthbiBtYXNhIGxhbHUgc2ViZW50YXIuLi4=,W0hhY2h1YV0KQWEsIHphdGVuIGhlcHNpbmkgdmVyaXAgZWxpbWRlIGJpciDFn2V5IGthbG1hZMSxLgpCaXIgYW4gZXNraSBnw7xubGVyaSBkw7zFn8O8bmTDvG0gZGUuLi4=
eLKe,6rCV7ZWcIO2UhOugjOuTnA==,U3Ryb25nIEZyaWVuZA==,,5by65aOu55qE5pyL5Y+L,,U3Ryb25nIEZyaWVuZA==,,,QW1pZ28gRnVlcnRl,U3RhcmtlciBGcmV1bmQ=,QW1pIGZvcnQ=,U3Ryb25nIEZyaWVuZA==,R8O8w6dsw7wgQXJrYWRhxZ8=
ebKe,W+qwle2VnCDtlITroIzrk5xdCuy9lOuqqOuPhCDsubTsp4DrhbjsnZgg67O07JWI7J2EIOuLtOuLue2VmOqzoCDsnojripQg6rCV7ZWcIO2UhOugjOuTnOyeheuLiOuLpC4K64uk7Yi87J20IOuwnOyDne2VmOqxsOuCmCDruYTsg4Eg7IKs7YOc6rCAIOydvOyWtOuCoCDqsr3smrAsIOyggOulvCDtmLjstpztlbQg7KO87Iut7Iuc7JikLg==,W1N0cm9uZyBGcmllbmRdCknigJltIFN0cm9uZyBGcmllbmQsIGluIGNoYXJnZSBvZiBzZWN1cml0eSBhdCB0aGUgQ29tb2RvIENhc2luby4KSWYgYSBmaWdodCBicmVha3Mgb3V0IG9yIHRoZXJl4oCZcyBhbiBlbWVyZ2VuY3ksIHBsZWFzZSBjYWxsIGZvciBtZS4=,,W+W8uuWjrueahOaci+WPi10K5oiR5piv6LSf6LSj5YWL6a2U5bKb6LWM5Zy65a6J5L+d55qE5by65aOu55qE5pyL5Y+L44CCCuiLpeWPkeeUn+S6ieaJp+aIluWHuueOsOe0p+aApeaDheWGte+8jOivt+WRvOWPq+aIkeOAgg==,,W1N0cm9uZyBGcmllbmRdCuC4guC5ieC4suC4hOC4t+C4rSBTdHJvbmcgRnJpZW5kIOC4nOC4ueC5ieC4lOC4ueC5geC4peC4hOC4p+C4suC4oeC4m+C4peC4reC4lOC4oOC4seC4ouC4guC4reC4hyBDb21vZG8gQ2FzaW5vCuC4q+C4suC4geC5gOC4geC4tOC4lOC4geC4suC4o+C4l+C4sOC5gOC4peC4suC4sOC4p+C4tOC4p+C4suC4l+C4q+C4o+C4t+C4reC5gOC4q+C4leC4uOC4ieC4uOC4geC5gOC4ieC4tOC4mSDguIHguYfguKHguLLguYDguKPguLXguKLguIHguILguYnguLI=,,,W0FtaWdvIEZ1ZXJ0ZV0KU295IEFtaWdvIEZ1ZXJ0ZSB5IG1lIGVuY2FyZ28gZGUgbGEgc2VndXJpZGFkIGRlbCBDYXNpbm8gZGUgQ29tb2RvLgpTaSBzZSBwcm9kdWNlIHVuYSBkaXNwdXRhIG8gdW5hIGVtZXJnZW5jaWEsIGxsw6FtZW1lLCBwb3IgZmF2b3Iu,W1N0YXJrZXIgRnJldW5kXQpJY2ggYmluIFN0YXJrZXIgRnJldW5kLCB6dXN0w6RuZGlnIGbDvHIgZGllIFNpY2hlcmhlaXQgaW0gQ29tb2RvIENhc2luby4KV2VubiBlcyB6dSBlaW5lbSBTdHJlaXQga29tbXQgb2RlciBlaW4gTm90ZmFsbCBlaW50cml0dCwgcnVmZW4gU2llIG1pY2ggYml0dGUu,W0FtaSBmb3J0XQpKZSBzdWlzIEFtaSBmb3J0LCByZXNwb25zYWJsZSBkZSBsYSBzw6ljdXJpdMOpIGR1IENhc2lubyBkZSBDb21vZG8uCkVuIGNhcyBkZSBkaXNwdXRlIG91IGTigJl1cmdlbmNlLCBhcHBlbGV6LW1vaS4=,W1N0cm9uZyBGcmllbmRdCkFrdSBTdHJvbmcgRnJpZW5kLCB5YW5nIGJlcnRhbmdndW5nIGphd2FiIGF0YXMga2VhbWFuYW4gQ2FzaW5vIGRpIENvbW9kby4KSmlrYSB0ZXJqYWRpIHBlcnRpa2FpYW4gYXRhdSBrZWFkYWFuIGRhcnVyYXQsIG1vaG9uIHBhbmdnaWwgYWt1Lg==,W0fDvMOnbMO8IEFya2FkYcWfXQpDb21vZG8gS3VtYXJoYW5lIGfDvHZlbmxpxJ9pbmRlbiBzb3J1bWx1IEfDvMOnbMO8IEFya2FkYcWfxLFtLgpLYXZnYSDDp8Sxa2Fyc2EgeWEgZGEgYWNpbCBiaXIgZHVydW0gb2x1cnNhLCBsw7x0ZmVuIGJlbmkgw6dhxJ/EsXLEsW4u
erKe,7J2066as7IaM7ZSE,SXJpc29waA==,,5LyK6YeM57Si5aSr,,SXJpc29waA==,,,SXJpc29waA==,SXJpc29waA==,SXJpc29waA==,SXJpc29waA==,SXJpc29waA==
e7Ke,7J2066as7IaM7ZSEIDog7Jqw66asIOy5nOq1rOuTpCwg7ISg7IOd64uY7JeQ6rKMIOuqqOydtOyEuOyalH4=,SXJpc29waCBBbHJpZ2h0LCBldmVyeW9uZX4gZ2F0aGVyIGFyb3VuZCB0aGUgdGVhY2hlcn4=,,5LyK6YeM57Si5aSrOiDmnIvlj4vku6zvvIzpm4blkIjliLDogIHluIjov5novrnmnaV+,,SXJpc29waCA6IOC5gOC4lOC5h+C4gSDguYYg4Lih4Liy4Lir4Liy4LiE4Lij4Li54LiB4Lix4LiZ4LmA4Lij4LmH4Lin,,,SXJpc29waCA6IEFtaWd1aXRvcywgcmV1bsOtb3MgY29uIGxhIG1hZXN0cmF+,SXJpc29waCA6IEtvbW10IGhlciwgS2luZGVyLCB2ZXJzYW1tZWx0IGV1Y2ggYmVpIGRlciBMZWhyZXJpbn4=,SXJpc29waCA6IExlcyBhbWlzLCByYXNzZW1ibGV6LXZvdXMgYXV0b3VyIGRlIG1vaX4=,SXJpc29waCA6IEFuYWstYW5haywgYmVya3VtcHVsIGtlIGd1cnV+,SXJpc29waCA6IMOHb2N1a2xhciwgw7bEn3JldG1lbmluIHlhbsSxbmEgdG9wbGFuxLFufg==
fLKe,W+ydtOumrOyGjO2UhF0K7KeQ7J2EIOyelOucqSDrk6Tqs6Ag64uk64uI7Iuc64Sk7JqULgrsooAg7KCV66as7ZWY6rOgIOuLpOuLiOyLnOuKlCDqsowg7KKL7JWE7JqULiDslYgg6re465+s66m0IOyggOyymOufvCDsnbTrj4TsoIDrj4Qg66q77ZWY6rKMIOuQoOyngOuPhCDrqrDrnbzsmpQuLi4=,W0lyaXNvcGhdCllvdeKAmXJlIGNhcnJ5aW5nIHNvIG11Y2ggbHVnZ2FnZS4KWW91IHNob3VsZCByZWFsbHkgdGlkeSBpdCB1cCwgb3IgeW91IG1pZ2h0IGVuZCB1cCBzdHVjayBsaWtlIG1l4oCm,,W+S8iumHjOe0ouWkq10K5L2g5bim552A5LiA5aSn5aCG6KGM5p2O5Yiw5aSE6LWw5ZGi44CCCuacgOWlveaVtOeQhuS4gOS4i+WGjei1sOOAguS4jeeEtuWPr+iDveS8muWDj+aIkeS4gOagt++8jOi/m+mAgOS4pOmavi4uLg==,,W0lyaXNvcGhdCuC5gOC4iOC5ieC4suC4luC4t+C4reC4quC4seC4oeC4oOC4suC4o+C4sOC4oeC4suC4geC4oeC4suC4ouC5gOC4peC4ouC4meC4sArguITguKfguKPguIjguLHguJTguKPguLDguYDguJrguLXguKLguJrguYDguKrguLXguKLguJrguYnguLLguIcg4LmE4Lih4LmI4LmA4LiK4LmI4LiZ4LiZ4Lix4LmJ4LiZ4Lit4Liy4LiI4Lil4LiH4LmA4Lit4Lii4LmA4Lir4Lih4Li34Lit4LiZ4LiC4LmJ4LiyIOC4l+C4s+C4reC4sOC5hOC4o+C5hOC4oeC5iOC4quC4s+C5gOC4o+C5h+C4iOC4quC4seC4geC4reC4ouC5iOC4suC4hy4uLg==,,,W0lyaXNvcGhdCkxsZXZhIG11Y2hvIGVxdWlwYWplIGVuY2ltYS4KTGUgY29udmVuZHLDrWEgb3JnYW5pemFybG8gdW4gcG9jby4gU2kgbm8sIHBvZHLDrWEgYWNhYmFyIHNpbiBwb2RlciBoYWNlciBuaSB1bmEgY29zYSBuaSBvdHJhLCBjb21vIHlvLi4u,W0lyaXNvcGhdClNpZSB0cmFnZW4gamEgZWluZSBNZW5nZSBHZXDDpGNrIG1pdCBzaWNoIGhlcnVtLgpFcyB3w6RyZSBndXQsIHdlbm4gU2llIGVzIGV0d2FzIG9yZG5lbiB3w7xyZGVuLiBTb25zdCBrw7ZubnRlbiBTaWUgYW0gRW5kZSB3aWUgaWNoIHdlZGVyIGRpZXMgbm9jaCBkYXMgdHVuLi4u,W0lyaXNvcGhdClZvdXMgdm91cyBwcm9tZW5leiBhdmVjIGJlYXVjb3VwIGRlIGJhZ2FnZXMuClZvdXMgZmVyaWV6IG1pZXV4IGRlIGZhaXJlIHVuIHBldSBkZSByYW5nZW1lbnQuIFNpbm9uLCB2b3VzIHBvdXJyaWV6IGZpbmlyIGNvbW1lIG1vaSwgaW5jYXBhYmxlIGRlIGZhaXJlIHF1b2kgcXVlIGNlIHNvaXQuLi4=,W0lyaXNvcGhdCkthbXUgbWVtYmF3YSBiYW55YWsgYmFyYW5nLgpTZWJhaWtueWEgZGlyYXBpa2FuIHNlZGlraXQuIEthbGF1IHRpZGFrLCBrYW11IG11bmdraW4gYWthbiBqYWRpIHRpZGFrIGJpc2EgbWVsYWt1a2FuIGFwYS1hcGEgc2VwZXJ0aWt1Li4u,W0lyaXNvcGhdCsOcemVyaW5pemRlIGJpciBzw7xyw7wgZcWfeWEgdGHFn8SxeW9yc3VudXouCkJpcmF6IHRvcGFybGF5xLFwIMO2eWxlIGRvbGHFn3NhbsSxeiBpeWkgb2x1ci4gWW9rc2EgYmVuaW0gZ2liaSBoacOnYmlyIMWfZXkgeWFwYW1heiBow6JsZSBnZWxlYmlsaXJzaW5pei4uLg==
fbKe,W+ydtOumrOyGjO2UhF0K7JaY65Ok7JWELi4uIOyWtOuUlCDsnojri4g/IO2dkS4uLiDrqqjtl5jqsIDri5gsIOuqqO2XmOqwgOuLmOydgCDrqqjtl5jqsIAg7J287J20IOyggeyEseyXkCDrp57snLzsi6DqsIDsmpQ/IOyigOuNlCDtlbQg67O07IWU7JW8IO2VmOuCmC4uLj8=,W0lyaXNvcGhdCktpZHPigKYgd2hlcmUgYXJlIHlvdeKApj8KU25pZmbigKYgQWR2ZW50dXJlciwgZG8geW91IHRoaW5rIHRoaXMgam9iIHN1aXRzIHlvdT8KT3IgZG8geW91IHRoaW5rIHlvdSBuZWVkIG1vcmUgdGltZeKApj8=,,W+S8iumHjOe0ouWkq10K5a2p5a2Q5LusLi4u5L2g5Lus5Zyo5ZOq77yf5ZGcLi4u5YaS6Zmp6ICF77yM5YaS6Zmp6ICF77yM5L2g6YCC5ZCI5YGa5YaS6Zmp6ICF55qE5bel5L2c5ZCX77yf6KaB5LiN6KaB5YaN5aSa6K+V6K+VLi4u77yf,,W0lyaXNvcGhdCuC5gOC4lOC5h+C4gSDguYYgLi4uIOC4reC4ouC4ueC5iOC4l+C4teC5iOC5hOC4q+C4meC4geC4seC4meC4meC4sD8g4Liu4Li24LiBLi4uCuC4meC4seC4geC4nOC4iOC4jeC4oOC4seC4oiDguYDguIjguYnguLLguKfguYjguLLguILguYnguLLguYDguKvguKHguLLguLDguIHguLHguJrguIfguLLguJnguJnguLHguIHguJzguIjguI3guKDguLHguKLguYTguKvguKE/IOC4q+C4o+C4t+C4reC4hOC4p+C4o+C4peC4reC4h+C4l+C4s+C4leC5iOC4reC4reC4teC4geC4q+C4meC5iOC4reC4ouC4lOC4tS4uLj8=,,,W0lyaXNvcGhdCk5pw7Fvcy4uLiDCv2TDs25kZSBlc3TDoWlzPyBTbmlmLi4uIFNlw7FvciBBdmVudHVyZXJvLCDCv3NlIGxlIGRhIGJpZW4gZWwgdHJhYmFqbyBkZSBhdmVudHVyZXJvPyDCv0RlYmVyw61hIGludGVudGFybG8gdW4gcG9jbyBtw6FzLi4uPw==,W0lyaXNvcGhdCktpbmRlci4uLiB3byBzZWlkIGlocj8gU2NobHVjaHouLi4gQWJlbnRldXJlciwgbGllZ3QgSWhuZW4gZGFzIExlYmVuIGFscyBBYmVudGV1cmVyPyBPZGVyIG3DvHNzZW4gU2llIG5vY2ggZWluIGJpc3NjaGVuIHdlaXRlcm1hY2hlbi4uLj8=,W0lyaXNvcGhdCkxlcyBlbmZhbnRzLi4uIG/DuSDDqnRlcy12b3VzID8gU25pZi4uLiBBdmVudHVyaWVyLCBhdmVudHVyaWVyLCBlc3QtY2UgcXVlIGxlIG3DqXRpZXIgZOKAmWF2ZW50dXJpZXIgdm91cyBjb252aWVudCA/IEZhdXQtaWwgcXVlIHZvdXMgZXNzYXlpZXogdW4gcGV1IHBsdXMuLi4gPw==,W0lyaXNvcGhdCkFuYWstYW5hay4uLiBrYWxpYW4gZGkgbWFuYT8gSGlrcy4uLiBBZHZlbnR1cmVyLCBhcGFrYWggcGVrZXJqYWFuIEFkdmVudHVyZXIgY29jb2sgdW50dWttdT8gSGFydXNrYWgga2FtdSBtZW5jb2JhIHNlZGlraXQgbGViaWggbGFtYS4uLj8=,W0lyaXNvcGhdCsOHb2N1a2xhci4uLiBuZXJlZGVzaW5pej8gSMSxw6drLi4uIE1hY2VyYWPEsSwgbWFjZXJhY8SxLCBtYWNlcmFjxLFsxLFrIHNpemUgdXlndW4gbXU/IEJpcmF6IGRhaGEgZGVuZW1lbml6IG1pIGdlcmVrLi4uPw==
frKe,W+ydtOumrOyGjO2UhF0K7JaY65Ok7JWEfiDshKDsg53ri5jsnbQg7KGM7Ja0fiDslrTrlJQg7J6I64uIPyDsoJzrsJwg64KY7Jik66C0IQ==,W0lyaXNvcGhdCktpZHN+IHRoZSB0ZWFjaGVyIGdpdmVzIHVwfiB3aGVyZSBhcmUgeW91PwpQbGVhc2UgY29tZSBvdXQh,,W+S8iumHjOe0ouWkq10K5a2p5a2Q5LusfuiAgeW4iOi+k+S6hn7kvaDku6zlnKjlk6rvvJ/msYLmsYLkvaDku6zlh7rmnaXlkKfvvIE=,,W0lyaXNvcGhdCuC5gOC4lOC5h+C4gSDguYYgfiDguITguKPguLnguYHguJ7guYnguYHguKXguYnguKd+IOC4reC4ouC4ueC5iOC4l+C4teC5iOC5hOC4q+C4meC4geC4seC4mT8g4Lit4Lit4LiB4Lih4Liy4LmA4LiW4Li04LiUIOC4guC4reC4o+C5ieC4reC4h+C4peC5iOC4sCE=,,,W0lyaXNvcGhdCsKhTmnDsW9zfiEgwqFMYSBtYWVzdHJhIHNlIHJpbmRlfiEgwr9Ew7NuZGUgZXN0w6Fpcz8gwqFQb3IgZmF2b3IsIHNhbGlkIQ==,W0lyaXNvcGhdCktpbmRlcn4gRGllIExlaHJlcmluIGhhdCB2ZXJsb3Jlbn4gV28gc2VpZCBpaHI/IEJpdHRlIGtvbW10IHJhdXMh,W0lyaXNvcGhdCkxlcyBlbmZhbnRzfiBMZSBwcm9mZXNzZXVyIGEgcGVyZHV+IE/DuSDDqnRlcy12b3VzID8gUydpbCB2b3VzIHBsYcOudCwgbW9udHJlei12b3VzICE=,W0lyaXNvcGhdCkFuYWstYW5ha34gZ3VydSBrYWxhaH4ga2FsaWFuIGRpIG1hbmE/IFRvbG9uZyBrZWx1YXJsYWgh,W0lyaXNvcGhdCsOHb2N1a2xhcn4gw7bEn3JldG1lbiBrYXliZXR0aX4gbmVyZWRlc2luaXo/IEzDvHRmZW4gb3J0YXlhIMOnxLFrxLFuIQ==
f7Ke,W+ydtOumrOyGjO2UhF0K6rO87J6QIOuCmOuIoOykhCDthYzri4jquYx+IOyEoOyDneuLmOydtCDsmqnrqLjrpqwg6rO87J6QIOyCrOyZlOyWtOyalCEg7JaY65Ok7JWEISDtlbTro6Eg7Yis66W07YyMIOuLmCDsoITshKQg7J207JW86riw64+EIO2VtCDspITqsowhCu2dkOycvS4uLiDsl63si5wg64KY64qUIOyEoOyDneuLmOydhCDtlaAg7J6s66qp7J20IOyVhOuLjCDqsbjquYw/,W0lyaXNvcGhdCknigJlsbCBzaGFyZSBzbmFja3N+IEkgYm91Z2h0IGRyYWdvbi1oZWFkIGNvb2tpZXMhCktpZHMhIEnigJlsbCBldmVuIHRlbGwgeW91IHRoZSBsZWdlbmQgb2YgU2VhIERyYWdvbiBUdXJwYSEKU29i4oCmIG1heWJlIEnigJltIGp1c3Qgbm90IGN1dCBvdXQgdG8gYmUgYSB0ZWFjaGVyIGFmdGVyIGFsbOKApg==,,W+S8iumHjOe0ouWkq10K5oiR57uZ5L2g5Lus5YiG54K55b+D772e6ICB5biI5Lmw5LqG6b6Z5aS054K55b+D5Zue5p2l77yB5a2p5a2Q5Lus77yB5oiR5Lmf5Lya57uZ5L2g5Lus6K6y5rW36b6ZVHVycGHnmoTkvKDor7TmlYXkuovvvIEK5ZGc5ZGc4oCm4oCm5p6c54S25oiR5LiN5piv5b2T6ICB5biI55qE5paZ5ZCX77yf,,W0lyaXNvcGhdCuC4hOC4o+C4ueC4iOC4sOC5geC4iOC4geC4guC4meC4oeC5g+C4q+C5iX4g4LiE4Lij4Li54LiL4Li34LmJ4LitIERyYWdvbiBIZWFkIENvb2tpZSDguKHguLLguJnguLAhCuC5gOC4lOC5h+C4gSDguYYgISDguITguKPguLnguIjguLDguYDguKXguYjguLLguYDguKPguLfguYjguK3guIfguJXguLPguJnguLLguJnguKHguLHguIfguIHguKPguJfguLDguYDguKXguJTguYnguKfguKIhCuC4ruC4tuC4gS4uLiDguKvguKPguLfguK3guKfguYjguLLguILguYnguLLguYTguKHguYjguYDguKvguKHguLLguLDguIjguLDguYDguJvguYfguJnguITguKPguLnguIHguLHguJnguJnguLAuLi4=,,,W0lyaXNvcGhdCsKhT3Mgdm95IGEgcmVwYXJ0aXIgZ2FsbGV0YXN+ISDCoUxhIG1hZXN0cmEgaGEgY29tcHJhZG8gZ2FsbGV0YXMgY29uIGZvcm1hIGRlIGNhYmV6YSBkZSBkcmFnw7NuISDCoU5pw7FvcyEgwqFUYW1iacOpbiBvcyBjb250YXLDqSBsYSBsZXllbmRhIGRlbCBzZcOxb3IgVHVycGEsIGVsIERyYWfDs24gTWFyaW5vIQpTbmlmLi4uIMK/RGUgdmVyZGFkIG5vIGVzdG95IGhlY2hhIHBhcmEgc2VyIG1hZXN0cmE/,W0lyaXNvcGhdCkljaCB0ZWlsZSBTw7zDn2lna2VpdGVuIGF1c34gRGllIExlaHJlcmluIGhhdCBEcmFjaGVua29wZi1LZWtzZSBnZWthdWZ0ISBLaW5kZXIhIEljaCBlcnrDpGhsZSBldWNoIGF1Y2ggZGllIExlZ2VuZGUgdm9uIExvcmQgVHVycGEsIGRlbSBTZWVkcmFjaGVuIQpTY2huaWVmLi4uIEJpbiBpY2ggd29obCBkb2NoIG5pY2h0IGRhenUgZ2VtYWNodCwgTGVocmVyaW4genUgc2Vpbj8=,W0lyaXNvcGhdCkplIHZhaXMgdm91cyBkb25uZXIgZGVzIGJpc2N1aXRzfiBMZSBwcm9mZXNzZXVyIGEgYWNoZXTDqSBkZXMgQmlzY3VpdHMgdMOqdGUgZGUgZHJhZ29uICEgTGVzIGVuZmFudHMgISBKZSB2b3VzIHJhY29udGVyYWkgYXVzc2kgbGEgbMOpZ2VuZGUgZGUgU2VpZ25ldXIgVHVycGEsIGxlIERyYWdvbiBkZXMgbWVycyAhClNuaWYuLi4gSmUgbmUgc3VpcyBwZXV0LcOqdHJlIHBhcyBmYWl0IHBvdXIgw6p0cmUgcHJvZuKApiA/,W0lyaXNvcGhdCkFrdSBha2FuIG1lbWJhZ2lrYW4gY2FtaWxhbn4gR3VydSBtZW1iZWxpa2FuIGt1ZSBrZXBhbGEgbmFnYSEgQW5hay1hbmFrISBBa3UganVnYSBha2FuIG1lbmNlcml0YWthbiBraXNhaCBsZWdlbmRhIFR1YW4gSGFlcnlvbmcgVHVycGEhCkhpa3MuLi4gQXBhIG1lbWFuZyBha3UgYnVrYW4gb3JhbmcgeWFuZyBiZXJiYWthdCBtZW5qYWRpIGd1cnU/,W0lyaXNvcGhdClNpemUgYXTEscWfdMSxcm1hbMSxayBkYcSfxLF0YWNhxJ/EsW1+IMOWxJ9yZXRtZW4gZWpkZXJoYSBiYcWfxLEga3VyYWJpeWVzaSBhbGTEsSEgw4dvY3VrbGFyISBEZW5peiBFamRlcmkgVHVycGEgZWZlbmRpbmluIGVmc2FuZSBoaWvDonllc2luaSBkZSBhbmxhdGFjYcSfxLFtIQpIxLHDp2suLi4gRGVtZWsga2kgYmVuIMO2xJ9yZXRtZW4gb2xhY2FrIGt1bWHFn3RhIGRlxJ9pbGltPw==
gLKe,66y07IqoIOydvOydtOyLoOqwgOyalD8=,V2hhdCBjYW4gSSBkbyBmb3IgeW91Pw==,,5pyJ5LuA5LmI5LqL5ZCX77yf,,4Lih4Li14LmA4Lij4Li34LmI4Lit4LiH4Lit4Liw4LmE4Lij4Lir4Lij4Li34LitPw==,,,wr9RdcOpIGxlIG9jdXJyZT8=,V2FzIGlzdCBkZW5uIHBhc3NpZXJ0Pw==,UXVlIHNlIHBhc3NlLXQtaWwgPw==,QWRhIGFwYT8=,TmUgb2xkdT8=
gbKe,64uk66W4IOyngeyepeydhCDshozqsJztlbQg65Oc66a06rmM7JqUPw==,V291bGQgeW91IGxpa2UgbWUgdG8gcmVjb21tZW5kIGFub3RoZXIgam9iPw==,,6KaB5LiN6KaB5oiR57uZ5L2g5LuL57uN5Yir55qE5bel5L2c77yf,,4LmD4Lir4LmJ4LmB4LiZ4Liw4LiZ4Liz4LiH4Liy4LiZ4Lit4Li34LmI4LiZ4LmD4Lir4LmJ4Lir4Lij4Li34Lit4LmE4Lih4LmI,,,wr9RdWllcmUgcXVlIGxlIHJlY29taWVuZGUgb3RybyB0cmFiYWpvPw==,U29sbCBpY2ggSWhuZW4gZWluZSBhbmRlcmUgU3RlbGxlIGVtcGZlaGxlbj8=,VW4gYXV0cmUgdHJhdmFpbCA/,SGFydXNrYWggYWt1IG1lbXBlcmtlbmFsa2FuIHBla2VyamFhbiBsYWluIHVudHVrbXU/,U2l6ZSBiYcWfa2EgYmlyIGnFnyDDtm5lcmV5aW0gbWk/
grKe,W+ydtOumrOyGjO2UhF0K7KCALCDsoIDripQg7ZSE66Gg7YWM65287J2YIOuztOycoeybkOyXkOyEnCDsnbztlZjripQg6rWQ7IKsIOydtOumrOyGjO2UhOyeheuLiOuLpC4K7JWE7J2065Ok7J2EIOuNsOumrOqzoCDsvZTrqqjrj4TroZwg7IaM7ZKN7J2EIOyZlOyWtOyalC4=,W0lyaXNvcGhdCknigJRJ4oCZbSBJcmlzb3BoLCBhIHRlYWNoZXIgd29ya2luZyBhdCB0aGUgb3JwaGFuYWdlIGluIFByb250ZXJhLgpJIGJyb3VnaHQgdGhlIGNoaWxkcmVuIHRvIENvbW9kbyBmb3IgYSBmaWVsZCB0cmlwLg==,,W+S8iumHjOe0ouWkq10K5oiR44CB5oiR5piv5Zyo5pmu6ZqG5b635ouJ55qE5L+d6IKy6Zmi5bel5L2c55qE6ICB5biI5LyK6YeM57Si5aSr44CCCuaIkeW4puWtqeWtkOS7rOadpeWFi+mtlOWym+i/nOi2s+S6huOAgg==,,W0lyaXNvcGhdCuC4guC5ieC4si4uLiDguILguYnguLLguITguLfguK3guITguKPguLkgSXJpc29waCDguIjguLLguIHguKrguJbguLLguJnguYDguKXguLXguYnguKLguIfguYDguJTguYfguIHguIHguLPguJ7guKPguYnguLLguYPguJkgUHJvbnRlcmEK4LiC4LmJ4Liy4Lie4Liy4LmA4LiU4LmH4LiBIOC5hiDguKHguLLguJfguLHguKjguJnguKjguLbguIHguKnguLLguJfguLXguYggQ29tb2Rv,,,W0lyaXNvcGhdCllvLCB5byBzb3kgbGEgbWFlc3RyYSBJcmlzb3BoIHkgdHJhYmFqbyBlbiBlbCBvcmZhbmF0byBkZSBQcm9udGVyYS4KSGUgdmVuaWRvIGRlIGV4Y3Vyc2nDs24gYSBDb21vZG8gY29uIGxvcyBuacOxb3Mu,W0lyaXNvcGhdCkktaWNoIGJpbiBJcmlzb3BoLCBMZWhyZXJpbiBpbiBlaW5lbSBXYWlzZW5oYXVzIGluIFByb250ZXJhLgpJY2ggYmluIG1pdCBkZW4gS2luZGVybiBmw7xyIGVpbmVuIEF1c2ZsdWcgbmFjaCBDb21vZG8gZ2Vrb21tZW4u,W0lyaXNvcGhdCkpl4oCmIGplIG3igJlhcHBlbGxlIElyaXNvcGguIEplIHN1aXMgaW5zdGl0dXRyaWNlIMOgIGzigJlvcnBoZWxpbmF0IGRlIFByb250ZXJhLgpKZSBzdWlzIHZlbnVlIMOgIENvbW9kbyBlbiBzb3J0aWUgYXZlYyBsZXMgZW5mYW50cy4=,W0lyaXNvcGhdCkEsIGFrdS4uLiBha3UgYWRhbGFoIGd1cnUgSXJpc29waCB5YW5nIGJla2VyamEgZGkgcGFudGkgYXN1aGFuIFByb250ZXJhLgpBa3UgbWVtYmF3YSBhbmFrLWFuYWsgcGlrbmlrIGtlIENvbW9kby4=,W0lyaXNvcGhdCkJlbiwgYmVuIFByb250ZXJhIHlldGltaGFuZXNpbmRlIMOnYWzEscWfYW4gw7bEn3JldG1lbiBJcmlzb3BoLgrDh29jdWtsYXLEsSBhbMSxcCBDb21vZG95YSBwaWtuacSfZSBnZWxkaWsu
g7Ke,W+ydtOumrOyGjO2UhF0K7JWE7J2065Ok7J20IOyelOucqSDtnaXrtoTtlbTshJwg6rCA65yp7J2064KYIOyduOyGlO2VmOq4sCDtnpjrk6TslrTshJwg7JWg66W8IOuoueqzoCDsnojripTrjbAsIO2VnCDslYTsnbTqsIAg7Iio67CU6ryt7KeI7J2EIO2VmOyekOuNlOuLiCDshKDsg53ri5jsnbQg7Iig656YISDtlZjqs6DripQg7KCE67aAIOubsOyzkOuCmOqwgCDrsoTrpqzsp4Ag7JWK7JWY6rKg7Ja07JqULg==,W0lyaXNvcGhdClRoZXkgd2VyZSBhbHJlYWR5IGV4Y2l0ZWQgYW5kIGhhcmQgdG8gbWFuYWdlLAphbmQgdGhlbiBvbmUgY2hpbGQgc3VnZ2VzdGVkIHBsYXlpbmcgaGlkZS1hbmQtc2Vlaywgc2FpZCBJIHdhcyDigJhpdCzigJkKYW5kIHRoZXkgYWxsIHJhbiBvZmYgYXQgb25jZSE=,,W+S8iumHjOe0ouWkq10K5a2p5a2Q5Lus5YW05aWL5b6X5LiN5b6X5LqG77yM5pys5p2l5bCx5b6I6Zq+5bim77yM5oiR5q2j5aS055a8552A5ZGi77yM5pyJ5Liq5a2p5a2Q6K+06KaB546p5o2J6L+36JeP77yM6L+Y5ZaK552A6ICB5biI5b2T6ay877yB54S25ZCO5aSn5a625bCx5YWo6YO96LeR5Ye65Y675LqG44CC,,W0lyaXNvcGhdCuC5gOC4lOC5h+C4gSDguYYg4LiV4Li34LmI4LiZ4LmA4LiV4LmJ4LiZ4LiB4Lix4LiZ4Lih4Liy4LiBIOC4iOC4meC5geC4hOC5iOC4hOC4p+C4muC4hOC4uOC4oeC4geC5h+C5geC4l+C4muC5hOC4oeC5iOC5hOC4q+C4p+C4reC4ouC4ueC5iOC5geC4peC5ieC4pwrguYHguKXguYnguKfguYDguJTguYfguIHguITguJnguKvguJnguLbguYjguIfguIHguYfguIrguKfguJnguYDguKXguYjguJnguIvguYjguK3guJnguKvguLIg4Lia4Lit4LiB4Lin4LmI4Liy4LiE4Lij4Li54LmA4Lib4LmH4LiZ4LiE4LiZ4Lir4LiyISDguYHguKXguYnguKfguIHguYfguKfguLTguYjguIfguKvguJnguLXguIHguLHguJnguYTguJvguKvguKHguJQuLi4=,,,W0lyaXNvcGhdCkxvcyBuacOxb3MgZXN0w6FuIHRhbiBlbW9jaW9uYWRvcyBxdWUgeWEgbWUgY3Vlc3RhIGJhc3RhbnRlIG1hbnRlbmVybG9zIGp1bnRvcywgcGVybyB1bm8gcHJvcHVzbyBqdWdhciBhbCBlc2NvbmRpdGUsIGRpam86IMKrwqFMYSBwcm9mZXNvcmEgc2UgbGEgbGlnYSHCuywgwqF5IHRvZG9zIHNhbGllcm9uIGNvcnJpZW5kby4=,W0lyaXNvcGhdCkRpZSBLaW5kZXIgd2FyZW4gdG90YWwgYXVmZ2VkcmVodCwgdW5kIGljaCBoYXR0ZSBvaG5laGluIHNjaG9uIE3DvGhlLCBzaWUgenVzYW1tZW56dWhhbHRlbi4gRGFubiBtZWludGUgZWlucyBwbMO2dHpsaWNoLCB3aXIgc29sbHRlbiBWZXJzdGVja2VuIHNwaWVsZW4sIHJpZWY6IOKAnkRpZSBMZWhyZXJpbiBpc3QgZHJhbiHigJwsIHVuZCBhbGxlIHNpbmQgYXVmIGVpbm1hbCBkYXZvbmdlc3TDvHJtdC4=,W0lyaXNvcGhdCkxlcyBlbmZhbnRzIMOpdGFpZW50IHN1cmV4Y2l0w6lz4oCmIETDqWrDoCBxdWUgY+KAmWVzdCBkdXIgw6AgZW5jYWRyZXLigKYKRXQgdm9pbMOgIHF14oCZdW4gZW5mYW50IGEgcHJvcG9zw6kgdW4gY2FjaGUtY2FjaGUsIGEgY3Jpw6kgOiDCqyBMYSBtYcOudHJlc3NlIGVzdCBsZSBjaGF0ICEgwrssIHB1aXMgaWxzIG9udCB0b3VzIGZpbMOpLg==,W0lyaXNvcGhdCkFuYWstYW5hayBzYW5nYXQgYmVyc2VtYW5nYXQsIGphZGkgc3VkYWggc3VzYWggc2VrYWxpIG1lbmdhd2FzaSBtZXJla2EsIHRhcGkgYWRhIHNhdHUgYW5hayB5YW5nIG1lbmdhamFrIG1haW4gcGV0YWsgdW1wZXQsIGxhbHUgYmVya2F0YSwg4oCcR3VydSBqYWRpIHBlbmphZ2Eh4oCdIGRhbiBzZW11YW55YSBiZXJsYXJpYW4ga2VsdWFyIGJlZ2l0dSBzYWphLg==,W0lyaXNvcGhdCsOHb2N1a2xhciDDp29rIGhleWVjYW5sxLE7IHphdGVuIG9ubGFyxLEgaWRhcmUgZXRtZWsgem9yLCBlcGV5IHpvcmxhbsSxeW9ydW0uIERlcmtlbiBiaXIgw6dvY3VrIHNha2xhbWJhw6cgb3luYXlhbMSxbSBkZWRpLCBzb25yYSBkYSDigJzDlsSfcmV0bWVuIGViZSHigJ0gZGV5aXAgaGVwc2kgYmlyZGVuIGtvxZ91cCBnaXRtZWRpIG1pLg==
hLKe,W+ydtOumrOyGjO2UhF0K6re4656Y7IScIOyjvOuzgOydhCDssL7qs6Ag7J6I64qU642wLi4uIOuPhOyggO2eiCDslrTrlJQg7J6I64qU7KeA64+EIOuqqOultOqyoOqzoCwg7KCA64qUIOuEiOustCDsp4Dss5DsmpQuCuyVhOydtOuTpOydtCDsoIDrpbwg64aA66as66Ck6rOgIO2VnCDqsbjquYzsmpQ/,W0lyaXNvcGhdCknigJl2ZSBiZWVuIHNlYXJjaGluZyBhcm91bmQsIGJ1dCBJIGhhdmUgbm8gaWRlYSB3aGVyZSB0aGV5IGFyZeKApgpJ4oCZbSBzbyBleGhhdXN0ZWQuCkRvIHlvdSB0aGluayB0aGV54oCZcmUgdGVhc2luZyBtZT8=,,W+S8iumHjOe0ouWkq10K5omA5Lul5oiR5Zyo6ZmE6L+R5om+552A5om+552ALi4u5Y+v5piv5a6M5YWo5LiN55+l6YGT5LuW5Lus5Zyo5ZOq6YeM77yM5oiR5aSq57Sv5LqG44CCCuWtqeWtkOS7rOaYr+WcqOaNieW8hOaIkeWQl++8nw==,,W0lyaXNvcGhdCuC4guC5ieC4suC5gOC4peC4ouC4reC4reC4geC4leC4suC4oeC4q+C4siDguYHguJXguYjguIHguYfguYTguKHguYjguKPguLnguYnguYDguKXguKLguKfguYjguLLguJ7guKfguIHguYDguILguLLguK3guKLguLnguYjguJfguLXguYjguYTguKvguJkK4LiC4LmJ4Liy4LmA4Lir4LiZ4Li34LmI4Lit4Lii4Lih4Liy4LiBLi4uIOC4nuC4p+C4geC5gOC4lOC5h+C4gSDguYYg4LmB4LiB4Lil4LmJ4LiH4LiC4LmJ4Liy4Lij4Li24LmA4Lib4Lil4LmI4Liy4LiZ4LiwPw==,,,W0lyaXNvcGhdCkFzw60gcXVlIGxvcyBlc3RveSBidXNjYW5kbyBwb3IgbG9zIGFscmVkZWRvcmVzLi4uLCBwZXJvIG5vIHRlbmdvIG5pIGlkZWEgZGUgZMOzbmRlIGVzdMOhbiB5IGVzdG95IGFnb3RhZGEuCsK/U2Vyw6EgcXVlIGxvcyBuacOxb3Mgc29sbyBxdWVyw61hbiBnYXN0YXJtZSB1bmEgYnJvbWE/,W0lyaXNvcGhdCkFsc28gc3VjaGUgaWNoIMO8YmVyYWxsIGluIGRlciBOw6RoZSAuLi4gYWJlciBpY2ggd2Vpw58gZWluZmFjaCBuaWNodCwgd28gc2llIHNlaW4ga8O2bm50ZW4sIHVuZCBpY2ggYmluIHbDtmxsaWcgZXJzY2jDtnBmdC4KV29sbHRlbiBkaWUgS2luZGVyIG1pY2ggZXR3YSBudXIgYXVmemllaGVuPw==,W0lyaXNvcGhdCkFsb3JzIGplIGxlcyBjaGVyY2hlIGRhbnMgbGVzIGVudmlyb25zLi4uIG1haXMgamUgbmUgc2FpcyBhYnNvbHVtZW50IHBhcyBvw7kgaWxzIHNvbnQsIGV0IGplIHN1aXMgw6lwdWlzw6llLgpFc3QtY2UgcXVlIGxlcyBlbmZhbnRzIG9udCB2b3VsdSBzZSBtb3F1ZXIgZGUgbW9pID8=,W0lyaXNvcGhdCkphZGkgYWt1IG1lbmNhcmkgZGkgc2VraXRhciBzaW5pLi4uIHRhcGkgYWt1IHNhbWEgc2VrYWxpIHRpZGFrIHRhaHUgbWVyZWthIGFkYSBkaSBtYW5hLCBkYW4gYWt1IHNhbmdhdCBsZWxhaC4KQXBhIG1lcmVrYSBtZWxha3VrYW4gaW5pIHVudHVrIG1lbmdnb2Rha3U/,W0lyaXNvcGhdCkJ1IHnDvHpkZW4gZXRyYWbEsSBhcsSxeW9ydW0gYW1hLi4uIG5lcmVkZSBvbGR1a2xhcsSxbsSxIGhpw6cgYmlsbWl5b3J1bSwgYmVuIGRlIMOnb2sgeW9ydWxkdW0uCsOHb2N1a2xhciBiZW5pbWxlIGFsYXkgZXRtZWsgacOnaW4gbWkgeWFwdMSxIGFjYWJhPw==
hbKe,W+ydtOumrOyGjO2UhF0K7LKrIOyngeyepeydtOqzoCwg7JWE7J2065Ok64+EIOyii+yVhO2VmOuLiOq5jCDsnpgg7ZWY6rOgIOyLtuyXiOuKlOuNsC4uLgrsoIDripQg7Jet7IucIOygnOuMgOuhnCDtlaAg7IiYIOyXhuuKlCDqsbjquYzsmpQ/,W0lyaXNvcGhdClRoaXMgaXMgbXkgZmlyc3Qgam9iLCBhbmQgSSByZWFsbHkgbGlrZSB0aGUga2lkcywKc28gSSB3YW50ZWQgdG8gZG8gd2VsbOKApgpNYXliZSBJ4oCZbSBqdXN0IG5vdCBjYXBhYmxlIGFmdGVyIGFsbOKApg==,,W+S8iumHjOe0ouWkq10K6L+Z5piv5oiR55qE56ys5LiA5Lu95bel5L2c77yM6ICM5LiU5oiR5Lmf5Zac5qyi5a2p5a2Q5Lus77yM5omA5Lul5oOz5aW95aW95YGaLi4uCuaIkeaenOeEtui/mOaYr+WBmuS4jeWlveWQl++8nw==,,W0lyaXNvcGhdCuC4meC4teC5iOC5gOC4m+C5h+C4meC4h+C4suC4meC5geC4o+C4geC4guC4reC4h+C4guC5ieC4siDguYHguKXguLDguILguYnguLLguIHguYfguKPguLHguIHguYDguJTguYfguIEg4LmGIOC5gOC4peC4ouC4reC4ouC4suC4geC4l+C4s+C5g+C4q+C5ieC4lOC4tS4uLgrguYHguJXguYjguJTguLnguYDguKvguKHguLfguK3guJnguILguYnguLLguIjguLDguJfguLPguYTguKHguYjguYTguJTguYnguIjguKPguLTguIcg4LmGIOC5g+C4iuC5iOC5hOC4q+C4oS4uLg==,,,W0lyaXNvcGhdCkVzIG1pIHByaW1lciB0cmFiYWpvIHksIGNvbW8gbWUgZ3VzdGFuIGxvcyBuacOxb3MsIHF1ZXLDrWEgaGFjZXJsbyBiaWVuLi4uCsK/U2Vyw6EgcXVlIGRlIHZlcmRhZCBubyBzb3kgY2FwYXogZGUgaGFjZXJsbyBiaWVuPw==,W0lyaXNvcGhdCkVzIGlzdCBtZWluZSBlcnN0ZSBTdGVsbGUsIHVuZCBpY2ggbWFnIGRpZSBLaW5kZXIsIGFsc28gd29sbHRlIGljaCBhbGxlcyBndXQgbWFjaGVuIC4uLgpWaWVsbGVpY2h0IHNjaGFmZmUgaWNoIGVzIGFtIEVuZGUgZG9jaCBuaWNodCByaWNodGlnPw==,W0lyaXNvcGhdCkPigJllc3QgbW9uIHByZW1pZXIgdHJhdmFpbCwgZXQgaidhaW1lIGxlcyBlbmZhbnRz4oCmIEplIHZvdWxhaXMgYmllbiBmYWlyZeKApgpNYWlzIGplIG4neSBhcnJpdmUgcGFzLCBoZWluID8=,W0lyaXNvcGhdCkluaSBwZWtlcmphYW4gcGVydGFtYWt1LCBkYW4gYWt1IGp1Z2Egc3VrYSBhbmFrLWFuYWssIGphZGkgYWt1IGluZ2luIG1lbGFrdWthbm55YSBkZW5nYW4gYmFpay4uLgpBcGEgYWt1IG1lbWFuZyB0aWRhayBiaXNhIG1lbGFrdWthbm55YSBkZW5nYW4gYmVuYXI/,W0lyaXNvcGhdCsSwbGsgacWfaW0gdmUgw6dvY3VrbGFyxLEgZGEgc2V2aXlvcnVtLCBpeWkgeWFwbWFrIGlzdGVtacWfdGltLi4uCkJlbiB5aW5lIGRlIGTDvHpnw7xuIHlhcGFtxLF5b3IgbXV5dW0/
hrKe,7KCc6rCAIOuPhOyZgOuTnOumtOqyjOyalC4=,SeKAmWxsIGhlbHAgeW91Lg==,,5oiR5p2l5biu5L2g44CC,,4LiC4LmJ4Liy4LiI4Liw4LiK4LmI4Lin4Lii4LmA4LiI4LmJ4Liy4LmA4Lit4LiH,,,WW8gbGEgYXl1ZGFyw6ku,SWNoIGhlbGZlIElobmVuLg==,SmUgdm91cyBhaWRlcmFpLg==,QWt1IGFrYW4gbWVtYmFudHUga2FtdS4=,U2l6ZSB5YXJkxLFtIGVkZWNlxJ9pbS4=
h7Ke,7Jet7IucIOuLpOuluCDsp4HsnqXsnYQuLi4=,TWF5YmUgYW5vdGhlciBqb2IgcmVhbGx5IGlzIGJldHRlcuKApg==,,5p6c54S26L+Y5piv5o2i5Liq5bel5L2cLi4u,,4Lir4Lij4Li34Lit4LiI4Liw4LmA4Lib4Lil4Li14LmI4Lii4LiZ4LiH4Liy4LiZ4LiU4Li1Li4u,,,UXVpesOhIGRlYmVyw61hIGJ1c2NhciBvdHJvIHRyYWJham8uLi4=,VmllbGxlaWNodCBkb2NoIGxpZWJlciBlaW5lIGFuZGVyZSBTdGVsbGUgLi4u,VW4gYXV0cmUgdHJhdmFpbCwgYWxvcnPigKYu,TWVtYW5nIHNlYmFpa255YSBjYXJpIHBla2VyamFhbiBsYWluLi4u,RGVtZWsga2kgYmHFn2thIGJpciBpxZ8uLi4=
iLKe,W+ydtOumrOyGjO2UhF0K7KCALCDsoJXrp5Ag64+E7JmA7KO87IukIOyImCDsnojsnLzshLjsmpQ/Cuq3uOufrOuptCDsoIDsmYAg6rCZ7J20IOyVhOydtOuTpOydhCDsooAg7LC+7JWE67SQIOyjvOyEuOyalC4g66qo65GQIOuEpCDrqoXsnbTrno3ri4jri6Qu,W0lyaXNvcGhdClkteW91IHJlYWxseSBjYW4gaGVscCBtZT8KVGhlbiBwbGVhc2UgaGVscCBtZSBsb29rIGZvciB0aGUgY2hpbGRyZW4uIFRoZXJlIGFyZSBmb3VyIG9mIHRoZW0u,,W+S8iumHjOe0ouWkq10K5oiR44CB5L2g55yf55qE6IO95biu5oiR5ZCX77yfCumCo+Wwseivt+WSjOaIkeS4gOi1t+aJvuaJvuWtqeWtkOS7rOWQp+OAguS4gOWFseacieWbm+S4quOAgg==,,W0lyaXNvcGhdCuC5gOC4iOC5ieC4si4uLiDguIjguLDguIrguYjguKfguKLguILguYnguLLguIjguKPguLTguIfguKvguKPguLfguK0/CuC5gOC4iuC5iOC4meC4meC4seC5ieC4meC4iuC5iOC4p+C4ouC4leC4suC4oeC4q+C4suC5gOC4lOC5h+C4gSDguYYg4LiB4Lix4Lia4LiC4LmJ4Liy4LmA4LiW4Li04LiUIOC4oeC4teC4l+C4seC5ieC4h+C4q+C4oeC4lOC4quC4teC5iOC4hOC4mQ==,,,W0lyaXNvcGhdCsK/RGUgdmVyZGFkIHB1ZWRlIGF5dWRhcm1lPwpFbnRvbmNlcywgcG9yIGZhdm9yLCBhecO6ZGVtZSBhIGJ1c2NhciBhIGxvcyBuacOxb3MuIFNvbiBjdWF0cm8gZW4gdG90YWwu,W0lyaXNvcGhdCkstS8O2bm5lbiBTaWUgbWlyIHdpcmtsaWNoIGhlbGZlbj8KRGFubiBzdWNoZW4gU2llIGJpdHRlIHp1c2FtbWVuIG1pdCBtaXIgbmFjaCBkZW4gS2luZGVybi4gRXMgc2luZCBpbnNnZXNhbXQgdmllci4=,W0lyaXNvcGhdClYtdm91cyBwb3V2ZXogdnJhaW1lbnQgbeKAmWFpZGVyID8KQWxvcnPigKYgc+KAmWlsIHZvdXMgcGxhw650LCBhaWRlei1tb2kgw6AgcmV0cm91dmVyIGxlcyBlbmZhbnRzLiBJbHMgc29udCBxdWF0cmUu,W0lyaXNvcGhdCkEsIGFwYSBrYW11IGJlbmFyLWJlbmFyIGJpc2EgbWVtYmFudHU/CkthbGF1IGJlZ2l0dSwgdG9sb25nIGNhcmlrYW4gYW5hay1hbmFrIGl0dSBiZXJzYW1ha3UuIEp1bWxhaG55YSBlbXBhdCBvcmFuZy4=,W0lyaXNvcGhdCkJlbiwgZ2Vyw6dla3RlbiB5YXJkxLFtIGVkZWJpbGlyIG1pc2luaXo/Ck8gemFtYW4gYmVuaW1sZSBiaXJsaWt0ZSDDp29jdWtsYXLEsSBiaXJheiBhcmFyIG3EsXPEsW7EsXo/IFRvcGxhbSBkw7ZydCBracWfaWxlci4=
ibKe,W+ydtOumrOyGjO2UhF0K7KCA64qUIO2YueyLnCDsm5DslYTrk6TsnbQg66eI7J2EIOuwluycvOuhnCDrgpjqsJTsnYQg7KeAIOuqqOultOuLiCDrp4jsnYQg7KO867OA7J2YIOuPmeq1tCDshLgg6rOz7JeQIOqwgOuzvOqyjOyalC4K66qo7ZeY6rCA64uY7J2AIOuniOydhCDslYjsnYQg7KKAIOywvuyVhOu0kCDso7zshLjsmpQu,W0lyaXNvcGhdCknigJlsbCBjaGVjayB0aGUgdGhyZWUgY2F2ZXMgYXJvdW5kIHRvd24sIGluIGNhc2UgdGhleSB3YW5kZXJlZCBvdXRzaWRlLgpDb3VsZCB5b3Ugc2VhcmNoIGFyb3VuZCBpbnNpZGUgdGhlIHRvd24/,,W+S8iumHjOe0ouWkq10K5oiR5ouF5b+D5a2p5a2Q5Lus5Y+v6IO96LeR5Yiw5p2R5a2Q5aSW6Z2i5Y675LqG77yM5omA5Lul5oiR5Lya5Y675p2R5a2Q5ZGo5Zu055qE5LiJ5Liq5rSe56qf55yL55yL44CCCuWGkumZqeWutuivt+WcqOadkeWtkOmHjOaJvuS4gOaJvuOAgg==,,W0lyaXNvcGhdCuC4guC5ieC4suC4iOC4sOC5hOC4m+C4lOC4ueC4luC5ieC4s+C4o+C4reC4muC4q+C4oeC4ueC5iOC4muC5ieC4suC4mSDguYDguJzguLfguYjguK3guJ7guKfguIHguYDguJTguYfguIEg4LmGIOC4iOC4sOC4reC4reC4geC5hOC4m+C4guC5ieC4suC4h+C4meC4reC4gQrguJnguLHguIHguJzguIjguI3guKDguLHguKIg4LmA4LiI4LmJ4Liy4LiK4LmI4Lin4Lii4Lir4Liy4Lig4Liy4Lii4LmD4LiZ4Lir4Lih4Li54LmI4Lia4LmJ4Liy4LiZ4LmD4Lir4LmJ4LiX4Li14LmA4LiW4Li04LiU,,,W0lyaXNvcGhdCklyw6kgYSBsYXMgdHJlcyBjdWV2YXMgZGUgbG9zIGFscmVkZWRvcmVzIGRlbCBwdWVibG8sIHBvciBzaSBhY2FzbyBsb3MgbmnDsW9zIGhhbiBzYWxpZG8gZnVlcmEuCkF2ZW50dXJlcm8sIHBvciBmYXZvciwgYnVzcXVlIGRlbnRybyBkZWwgcHVlYmxvLg==,W0lyaXNvcGhdCkljaCBzZWhlIGJlaSBkZW4gZHJlaSBIw7ZobGVuIHJ1bmQgdW0gZGFzIERvcmYgbmFjaCwgZmFsbHMgZGllIEtpbmRlciB2aWVsbGVpY2h0IGRvY2ggYXVzIGRlbSBEb3JmIGhpbmF1c2dlZ2FuZ2VuIHNpbmQuCkJpdHRlIHN1Y2hlbiBTaWUgZGVyd2VpbCBpbSBEb3JmLg==,W0lyaXNvcGhdCkplIHZhaXMgdsOpcmlmaWVyIGxlcyB0cm9pcyBncm90dGVzIGF1dG91ciBkdSB2aWxsYWdlLCBhdSBjYXMgb8O5IGlscyBzZXJhaWVudCBzb3J0aXMuClZvdXMsIGF2ZW50dXJpZXIsIGNoZXJjaGV6IGRhbnMgbGUgdmlsbGFnZSwgcydpbCB2b3VzIHBsYcOudC4=,W0lyaXNvcGhdCkFrdSBha2FuIHBlcmdpIGtlIHRpZ2EgZ3VhIGRpIHNla2l0YXIgZGVzYSwga2FsYXUta2FsYXUgYW5hay1hbmFrIGl0dSBrZWx1YXIgZGFyaSBkZXNhLgpUb2xvbmcgY2FyaSBkaSBkYWxhbSBkZXNhLg==,W0lyaXNvcGhdCkJlbGtpIMOnb2N1a2xhciBrw7Z5w7xuIGTEscWfxLFuYSDDp8Sxa23EscWfdMSxciBkaXllLCBrw7Z5w7xuIMOnZXZyZXNpbmRla2kgw7zDpyBtYcSfYXJheWEgZ2lkZWNlxJ9pbS4KU2l6IGRlIGvDtnnDvG4gacOnaW5pIGJpcmF6IGFyYXIgbcSxc8SxbsSxej8=
irKe,W+ydtOumrOyGjO2UhF0K7Iio67CU6ryt7KeI7J2EIO2VmOqyoOuLpOqzoCDqsJTsnLzri4gg7Ja065SUIOyIqOyWtCDsnojsnYTsp4Ag66qo66W06rKg64Sk7JqULi4uCuyVhOydtOuTpOydhCDssL7snLzsi5zrqbQg7J20IOqzvOyekOulvCDso7zsi5zqs6AsIOygnOqyjCDrj4zslYTsmKTrnbzqs6Ag7ZW0IOyjvOyEuOyalC4=,W0lyaXNvcGhdClNpbmNlIHRoZXkgc2FpZCB0aGV5IHdlcmUgcGxheWluZyBoaWRlLWFuZC1zZWVrLAp3aG8ga25vd3Mgd2hlcmUgdGhleSBtaWdodCBiZSBoaWRpbmfigKYKSWYgeW91IGZpbmQgdGhlbSwgcGxlYXNlIGdpdmUgdGhlbSB0aGVzZSBjb29raWVzCmFuZCB0ZWxsIHRoZW0gdG8gY29tZSBiYWNrIHRvIG1lLg==,,W+S8iumHjOe0ouWkq10K5LuW5Lus6K+06KaB546p5o2J6L+36JeP5omN6LeR6LWw55qE77yM5Lmf5LiN55+l6YGT5Lya6Lqy5Zyo5ZOq6YeMLi4uCuWmguaenOS9oOaJvuWIsOWtqeWtkOS7rO+8jOWwseaKiui/meS4queCueW/g+e7meS7luS7rO+8jOW5tuiuqeS7luS7rOWbnuWIsOaIkei/memHjOadpeOAgg==,,W0lyaXNvcGhdCuC4nuC4p+C4geC5gOC4guC4suC4muC4reC4geC4p+C5iOC4suC4iOC4sOC5gOC4peC5iOC4meC4i+C5iOC4reC4meC4q+C4siDguITguIfguYTguKHguYjguKPguLnguYnguKfguYjguLLguIvguYjguK3guJnguJfguLXguYjguYTguKvguJkuLi4K4LiW4LmJ4Liy4LmA4LiI4Lit4Lie4Lin4LiB4LmA4LiU4LmH4LiBIOC5hiDguKPguJrguIHguKfguJnguIrguYjguKfguKLguKHguK3guJrguILguJnguKHguJnguLXguYnguYPguKvguYkg4LmB4Lil4LmJ4Lin4Lia4Lit4LiB4LmD4Lir4LmJ4LiB4Lil4Lix4Lia4Lih4Liy4Lir4Liy4LiC4LmJ4Liy4LmA4LiW4Lit4Liw,,,W0lyaXNvcGhdCkZ1ZXJvbiBhIGp1Z2FyIGFsIGVzY29uZGl0ZSwgYXPDrSBxdWUgbm8gc8OpIGTDs25kZSBwb2Ryw61hbiBoYWJlcnNlIG9jdWx0YWRvLi4uClNpIGVuY3VlbnRyYSBhIGxvcyBuacOxb3MsIGTDqWxlcyBlc3RhcyBnYWxsZXRhcyB5IGTDrWdhbGVzIHF1ZSB2dWVsdmFuIGNvbm1pZ28u,W0lyaXNvcGhdClNpZSBzaW5kIGxvcywgdW0gVmVyc3RlY2tlbiB6dSBzcGllbGVuLCBhbHNvIHdlacOfIGljaCBuaWNodCwgd28gc2llIHNpY2ggdmVyc3RlY2tlbi4uLgpXZW5uIFNpZSBkaWUgS2luZGVyIGZpbmRlbiwgZ2ViZW4gU2llIGlobmVuIGJpdHRlIGRpZXNlIEtla3NlIHVuZCBzYWdlbiBTaWUgaWhuZW4sIHNpZSBzb2xsZW4genUgbWlyIHp1csO8Y2trb21tZW4u,W0lyaXNvcGhdClB1aXNxdSdpbHMgc29udCBwYXJ0aXMgam91ZXIgw6AgY2FjaGUtY2FjaGUsIGplIG5lIHNhaXMgcGFzIG/DuSBpbHMgcGV1dmVudCDDqnRyZSBjYWNow6lzLi4uClNpIHZvdXMgdHJvdXZleiBsZXMgZW5mYW50cywgZG9ubmV6LWxldXIgY2VzIGJpc2N1aXRzIGV0IGRpdGVzLWxldXIgZGUgcmV2ZW5pciB2ZXJzIG1vaS4=,W0lyaXNvcGhdCkthcmVuYSBtZXJla2EgcGVyZ2kgdW50dWsgbWFpbiBwZXRhayB1bXBldCwgYWt1IHRpZGFrIHRhaHUgbWVyZWthIGFrYW4gYmVyc2VtYnVueWkgZGkgbWFuYS4uLgpLYWxhdSBrYW11IG1lbmVtdWthbiBtZXJla2EsIGJlcmlrYW4ga3VlIGluaSBkYW4gc3VydWggbWVyZWthIGtlbWJhbGkga2VwYWRha3Uu,W0lyaXNvcGhdClNha2xhbWJhw6cgb3luYXlhY2HEn8SxeiBkaXllIGdpdHRpbGVyLCBuZXJlZGUgc2FrbGFuxLFybGFyIGhpw6cgYmVsbGkgb2xtYXouLi4Kw4dvY3VrbGFyxLEgYnVsdXJzYW7EsXogb25sYXJhIGJ1IGt1cmFiaXlleWkgdmVyaW4gdmUgYmFuYSBnZXJpIGTDtm5tZWxlcmluaSBzw7Z5bGV5aW4u
i7Ke,W+ydtOumrOyGjO2UhF0K7Zy07JqwLi4uIOyXreyLnCDqt7jqsoPrsJbsl5Ag67Cp67KV7J20IOyXhuuKlCDqsbjquYzsmpQ/Cuq3uOugh+qyjCDsl7TroKztlZjqsowg6raM7ZW07KO87Iuc64uk64uILi4uLi4uIOygkOygkCDrjZQg6riw7Jq07J20IOu5oOyguOyalC4=,W0lyaXNvcGhdClNpZ2jigKYgaXMgdGhhdCByZWFsbHkgdGhlIG9ubHkgb3B0aW9uPwpZb3XigJlyZSBiZWluZyBzbyBlbnRodXNpYXN0aWPigKYKSXTigJlzIG1ha2luZyBtZSBmZWVsIGV2ZW4gbW9yZSB3b3JuIG91dC4=,,W+S8iumHjOe0ouWkq10K5ZG8Li4u5p6c54S25Y+q5pyJ6YKj56eN5Yqe5rOV5LqG5ZCX77yfCuS9oOi/mOmCo+S5iOeDreW/g+WcsOWKneaIkS4uLi4uLuaIkei2iuadpei2iuayoeWKm+awlOS6huOAgg==,,W0lyaXNvcGhdCuC5gOC4ruC5ieC4rS4uLiDguKvguKPguLfguK3guKfguYjguLLguJnguLXguYjguIjguLDguYDguJvguYfguJnguJfguLLguIfguYDguJTguLXguKLguKfguIjguKPguLTguIcg4LmGIArguYDguIjguYnguLLguJ7guKLguLLguKLguLLguKHguIrguYjguKfguKLguILguYnguLLguJXguLHguYnguIfguKHguLLguIEuLi4g4LmB4LiV4LmI4LiC4LmJ4Liy4LiB4Lil4Lix4Lia4Lii4Li04LmI4LiH4Lir4Lih4LiU4LmB4Lij4LiH4Lil4LiH4LmA4Lij4Li34LmI4Lit4LiiIOC5hiAuLi4=,,,W0lyaXNvcGhdClVmLi4uIMK/ZGUgdmVyZGFkIG5vIGhheSBvdHJhIG9wY2nDs24/ClF1ZSBtZSBsbyByZWNvbWllbmRlIGNvbiB0YW50byBlbnR1c2lhc21vLi4uIGNhZGEgdmV6IG1lIHNpZW50byBtw6FzIGRlc2FuaW1hZGEu,W0lyaXNvcGhdClB1aCAuLi4gSXN0IGRhcyB3aXJrbGljaCBkaWUgZWluemlnZSBNw7ZnbGljaGtlaXQ/CkRhc3MgU2llIG1pciBkYXMgc28gbmFjaGRyw7xja2xpY2ggZW1wZmVobGVuIC4uLiBuaW1tdCBtaXIgaW1tZXIgbWVociBkaWUgS3JhZnQu,W0lyaXNvcGhdClBmaW914oCmIEMnZXN0IHZyYWltZW50IGxhIHNldWxlIHNvbHV0aW9uID8KVm91cyBpbnNpc3RleiBhdXRhbnTigKYgSmUgbWUgc2VucyBkZSBwbHVzIGVuIHBsdXMgZMOpY291cmFnw6llLg==,W0lyaXNvcGhdCkh1dS4uLiBhcGEgbWVtYW5nIGl0dSBzYXR1LXNhdHVueWEgY2FyYT8Ka2FtdSBtZW55YXJhbmthbm55YSBkZW5nYW4gYmVnaXR1IGJlcnNlbWFuZ2F0Li4uLi4uIGFrdSBqYWRpIG1ha2luIGtlaGlsYW5nYW4gdGVuYWdhLg==,W0lyaXNvcGhdCkh1dS4uLiBnZXLDp2VrdGVuIGRlIGJhxZ9rYSDDp2FyZSB5b2sgbXU/CkJ1bnUgYnUga2FkYXIgaGFyYXJldGxlIMO2bmVybWVuaXouLi4uLi4gYmVuaSBnaXR0aWvDp2UgZGFoYSBkYSB5xLFwcmF0xLF5b3Iu
jLKe,W+ydtOumrOyGjO2UhF0K7JWELCDslYTri4jsl5DsmpQhIOuLpOuluCDsp4HsnqXsnbTrnbzrh6ghCuyggOuKlCDshKDsg53ri5gg7ZWgIOqygeuLiOuLpCE=,W0lyaXNvcGhdCk4tbm8hIEFub3RoZXIgam9iPwpJ4oCZbSBnb2luZyB0byBiZSBhIHRlYWNoZXIh,,W+S8iumHjOe0ouWkq10K5ZWK44CB5LiN5a+577yB5LuA5LmI5Y+r5o2i5Liq5bel5L2c77yBCuaIkeimgeW9k+iAgeW4iO+8gQ==,,W0lyaXNvcGhdCuC4oeC4sCDguYTguKHguYjguYPguIrguYghIOC4iOC4sOC5gOC4m+C4peC4teC5iOC4ouC4meC4h+C4suC4meC4reC4sOC5hOC4o+C4geC4seC4mSEK4LiC4LmJ4Liy4LiI4Liw4LmA4Lib4LmH4LiZ4LiE4Lij4Li5IQ==,,,W0lyaXNvcGhdCsKhTi1ubyEgwqFDw7NtbyBxdWUgb3RybyB0cmFiYWpvIQrCoVZveSBhIHNlciBwcm9mZXNvcmEh,W0lyaXNvcGhdCk4tTmVpbiEgV2llIGtvbW1lbiBTaWUgZGVubiBhdWYgZWluZSBhbmRlcmUgU3RlbGxlPyEKSWNoIHdlcmRlIExlaHJlcmluIGJsZWliZW4h,W0lyaXNvcGhdCkFoLCBub24gISBVbiBhdXRyZSB0cmF2YWlsID8hCk1vaSwgamUgc2VyYWkgaW5zdGl0dXRyaWNlICE=,W0lyaXNvcGhdCkEsIHRpZGFrISBQZWtlcmphYW4gbGFpbiBhcGFueWEhCkFrdSBha2FuIGphZGkgZ3VydSE=,W0lyaXNvcGhdCkFoLCBoYXnEsXIhIEJhxZ9rYSBpxZ8gZGUgbmUgZGVtZWshCkJlbiDDtsSfcmV0bWVuIG9sYWNhxJ/EsW0h
jbKe,W+ydtOumrOyGjO2UhF0K7JWE7J2065Ok7J2EIOuLpCDssL7snLzshajrgpjsmpQuLi4/CuyVhOuLiOuptCDtmLnsi5wg7Jqp66i466asIOy/oO2CpOqwgCDrtoDsobHtlZjsi6DqsIDsmpQ/,W0lyaXNvcGhdCkhhdmUgeW91IGZvdW5kIGFsbCB0aGUgY2hpbGRyZW7igKY/Ck9yIHBlcmhhcHMgeW914oCZcmUgc2hvcnQgb24gRHJhZ29uIEhlYWQgQ29va2llcz8=,,W+S8iumHjOe0ouWkq10K5L2g5oqK5a2p5a2Q5Lus6YO95om+5Yiw5LqG5ZCXLi4uPwrov5jmmK/or7TpvpnlpLTppbzlubLkuI3lpJ/kuobvvJ8=,,W0lyaXNvcGhdCuC5gOC4iOC4reC5gOC4lOC5h+C4gSDguYYg4LiE4Lij4Lia4LmB4Lil4LmJ4Lin4Lir4Lij4Li34Lit4Lii4Lix4LiHLi4uPwrguKvguKPguLfguK3guKfguYjguLIgRHJhZ29uIEhlYWQgQ29va2llIOC5hOC4oeC5iOC4nuC4rT8=,,,W0lyaXNvcGhdCsK/SGEgZW5jb250cmFkbyB5YSBhIHRvZG9zIGxvcyBuacOxb3MuLi4/CsK/TyBhY2FzbyBsZSBmYWx0YW4gdW5pZGFkZXMgZGUgR2FsbGV0YSBjb24gZm9ybWEgZGUgY2FiZXphIGRlIGRyYWfDs24/,W0lyaXNvcGhdCkhhYmVuIFNpZSBhbGxlIEtpbmRlciBnZWZ1bmRlbiAuLi4/Ck9kZXIgZmVobHQgSWhuZW4gdmllbGxlaWNodCBlaW4gRHJhY2hlbmtvcGYtS2Vrcz8=,W0lyaXNvcGhdClZvdXMgYXZleiByZXRyb3V2w6kgdG91cyBsZXMgZW5mYW50c+KApiA/Ck91IGlsIHZvdXMgbWFucXVlIGRlcyBCaXNjdWl0IHTDqnRlIGRlIGRyYWdvbiA/,W0lyaXNvcGhdCkFwYSBrYW11IHN1ZGFoIG1lbmVtdWthbiBzZW11YSBhbmFrLi4uPwpBdGF1IG11bmdraW4gRHJhZ29uIEhlYWQgQ29va2llIGthbXUga3VyYW5nPw==,W0lyaXNvcGhdClTDvG0gw6dvY3VrbGFyxLEgYnVsZHVudXogbXUuLi4/Cllva3NhIEVqZGVyaGEgS2FmYXPEsSBLdXJhYml5ZXNpIHlldGVyc2l6IG1pPw==
jrKe,66eI7KCAIOywvuycvOufrCDqsIDqsqDsirXri4jri6Qu,SeKAmWxsIGdvIGxvb2sgc29tZSBtb3JlLg==,,5oiR5YaN5Y675om+44CC,,4LiC4LmJ4Liy4LiI4Liw4LmE4Lib4Lir4Liy4LiV4LmI4Lit,,,SXLDqSBhIGJ1c2NhciBhbCByZXN0by4=,SWNoIHN1Y2hlIHdlaXRlci4=,SmUgdmFpcyBhbGxlciBjaGVyY2hlciBsZSByZXN0ZS4=,QWt1IGFrYW4gcGVyZ2kgbWVuY2FyaSBzaXNhbnlhLg==,S2FsYW5sYXLEsSBhcmFtYXlhIGdpZGVjZcSfaW0u
j7Ke,7L+g7YKk6rCAIOu2gOyhse2VqeuLiOuLpC4=,SeKAmW0gc2hvcnQgb24gQ29va2llLg==,,6aW85bmy5LiN5aSf44CC,,RHJhZ29uIEhlYWQgQ29va2llIOC5hOC4oeC5iOC5gOC4nuC4teC4ouC4h+C4nuC4rQ==,,,TWUgZmFsdGFuIEdhbGxldGFzIFZlcmRlcy4=,TWlyIGZlaGx0IGRlciBEcmFjaGVua29wZi1LZWtzLg==,SWwgbWUgbWFucXVlIGRlcyBCaXNjdWl0IHTDqnRlIGRlIGRyYWdvbi4=,Q29va2llIGt1cmFuZy4=,Q29va2llIHlldGVyc2l6Lg==
kLKe,64+E7KCA7Z6IIOuquyDssL7qsqDsirXri4jri6Qu,SSBjYW7igJl0IGZpbmQgdGhlbSBhbnl3aGVyZS4=,,5oCO5LmI5Lmf5om+5LiN5Yiw44CC,,4Lir4Liy4LmE4Lih4LmI4LmA4LiI4Lit4LmA4Lil4Lii,,,Tm8gY29uc2lnbyBlbmNvbnRyYXJsb3Mu,SWNoIGthbm4gc2llIGJlaW0gYmVzdGVuIFdpbGxlbiBuaWNodCBmaW5kZW4u,SmUgbid5IGFycml2ZSBwYXMu,QWt1IGJlbmFyLWJlbmFyIHRpZGFrIGJpc2EgbWVuZW11a2FubnlhLg==,S2VzaW5saWtsZSBidWxhbcSxeW9ydW0u
kbKe,W+ydtOumrOyGjO2UhF0K67aA7YOB65Oc66a964uI64ukLiDsoIDrj4Qg7ZWc7IioIOuPjOumrOqzoCDri6Tsi5wg7LC+7Jy865+sIOqwgOuztOugpOqzoOyalC4uLg==,W0lyaXNvcGhdClBsZWFzZSBkby4gSeKAmWxsIHRha2UgYSBicmVhdGhlciBhbmQgdGhlbiBzZWFyY2ggYWdhaW4gbXlzZWxm4oCm,,W+S8iumHjOe0ouWkq10K5ouc5omY5L2g5LqG44CC5oiR5Lmf5oOz5ZaY5Y+j5rCU77yM5YaN5Y675om+5om+55yLLi4u,,W0lyaXNvcGhdCuC4guC4reC4neC4suC4geC4lOC5ieC4p+C4oiDguILguYnguLLguILguK3guJ7guLHguIHguKvguLLguKLguYPguIjguIHguYjguK3guJkg4LmA4LiU4Li14LmL4Lii4Lin4LiE4LmI4Lit4Lii4Lit4Lit4LiB4LmE4Lib4Lir4Liy4Lit4Li14LiBLi4u,,,W0lyaXNvcGhdClBvciBmYXZvci4gWW8gdGFtYmnDqW4gZGVzY2Fuc2Fyw6kgdW4gcG9jbyB5IHZvbHZlcsOpIGEgYnVzY2FybG9zLi4u,W0lyaXNvcGhdCkljaCBiaXR0ZSBTaWUuIEljaCB3ZXJkZSBhdWNoIGt1cnogdmVyc2NobmF1ZmVuIHVuZCBtaWNoIGRhbm4gd2llZGVyIGF1ZiBkaWUgU3VjaGUgbWFjaGVuLi4u,W0lyaXNvcGhdCkplIHZvdXMgZW4gcHJpZS4gSmUgdmFpcyBhdXNzaSByZXByZW5kcmUgbW9uIHNvdWZmbGUgZXQgcmVwYXJ0aXIgbGVzIGNoZXJjaGVyLi4u,W0lyaXNvcGhdClRvbG9uZy4gQWt1IGp1Z2EgYWthbiBiZXJpc3RpcmFoYXQgc2VqZW5hayBsYWx1IG1lbmNvYmEgbWVuY2FyaW55YSBsYWdpLi4u,W0lyaXNvcGhdCkzDvHRmZW4uIEJlbiBkZSBiaXJheiBzb2x1a2xhbsSxcCB5ZW5pZGVuIGFyYW1heWEgw6fEsWttYXnEsSBkw7zFn8O8bsO8eW9ydW0uLi4=
krKe,W+ydtOumrOyGjO2UhF0K6re4IOygleuPhCDqsIDsp4Dqs6Ag6rOE7Iuc66m0IOyVhOydtOuTpOyXkOqyjCDrgpjriKDso7zsi5zquLAg7Lap67aE7ZWgIOqxsOyYiOyalC4=,W0lyaXNvcGhdClRoYXQgc2hvdWxkIGJlIGVub3VnaCB0byBoYW5kIG91dCB0byB0aGUgY2hpbGRyZW4u,,W+S8iumHjOe0ouWkq10K5L2g5pyJ6L+Z5Lqb55qE6K+d77yM5bCx6Laz5aSf5YiG57uZ5a2p5a2Q5Lus5LqG44CC,,W0lyaXNvcGhdCuC5gOC4l+C5iOC4suC4l+C4teC5iOC5gOC4iOC5ieC4suC4oeC4tSDguIHguYfguJnguYjguLLguIjguLDguYHguIjguIHguYDguJTguYfguIEg4LmGIOC5hOC4lOC5ieC4nuC4reC5geC4peC5ieC4pw==,,,W0lyaXNvcGhdCkNvbiBlc2EgY2FudGlkYWQgdGVuZHLDoSBzdWZpY2llbnRlIHBhcmEgcmVwYXJ0aXIgZW50cmUgbG9zIG5pw7Fvcy4=,W0lyaXNvcGhdCkRhbWl0IGhhYmVuIFNpZSBzaWNoZXIgZ2VudWcsIHVtIHNpZSBhbiBkaWUgS2luZGVyIHp1IHZlcnRlaWxlbi4=,W0lyaXNvcGhdCkF2ZWMgw6dhLCB2b3VzIGVuIGF1cmV6IGFzc2V6IHBvdXIgbGVzIGVuZmFudHMu,W0lyaXNvcGhdCkthbGF1IGthbXUgcHVueWEgc2ViYW55YWsgaXR1LCBpdHUgc3VkYWggY3VrdXAgdW50dWsgZGliYWdpa2FuIGtlcGFkYSBhbmFrLWFuYWsu,W0lyaXNvcGhdCk8ga2FkYXLEsW7EsXogdmFyc2Egw6dvY3VrbGFyYSBkYcSfxLF0bWFuxLF6IGnDp2luIHlldGVybGkgb2x1ci4=
k7Ke,W+ydtOumrOyGjO2UhF0K7JWE7J2065Ok7J20IOyii+yVhO2VoCDrp4ztlZwg7J6l7IaM66W8IOuqhyDqtbDrjbAg66eQ7JSA65Oc66a06rKM7JqULg==,W0lyaXNvcGhdCkxldCBtZSBzdWdnZXN0IGEgZmV3IHBsYWNlcyB0aGUga2lkcyBtaWdodCBsaWtlLg==,,W+S8iumHjOe0ouWkq10K5oiR5p2l5ZGK6K+J5L2g5Yeg5Liq5a2p5a2Q5Lus5Y+v6IO95Lya5Zac5qyi55qE5Zyw5pa544CC,,W0lyaXNvcGhdCuC4guC5ieC4suC4iOC4sOC4muC4reC4geC4quC4luC4suC4meC4l+C4teC5iOC4l+C4teC5iOC5gOC4lOC5h+C4gSDguYYg4LiZ4LmI4Liy4LiI4Liw4LiK4Lit4Lia,,,W0lyaXNvcGhdCkxlIGRpcsOpIGFsZ3Vub3MgbHVnYXJlcyBxdWUgcG9kcsOtYW4gZ3VzdGFybGVzIGEgbG9zIG5pw7Fvcy4=,W0lyaXNvcGhdCkljaCBuZW5uZSBJaG5lbiBlaW4gcGFhciBPcnRlLCBkaWUgZGVuIEtpbmRlcm4gZ2VmYWxsZW4ga8O2bm50ZW4u,W0lyaXNvcGhdCkplIHZhaXMgdm91cyBpbmRpcXVlciBxdWVscXVlcyBlbmRyb2l0cyBxdWkgcG91cnJhaWVudCBwbGFpcmUgYXV4IGVuZmFudHMu,W0lyaXNvcGhdCkFrdSBha2FuIG1lbWJlcmkgdGFodSBiZWJlcmFwYSB0ZW1wYXQgeWFuZyBtdW5na2luIGRpc3VrYWkgYW5hay1hbmFrLg==,W0lyaXNvcGhdCsOHb2N1a2xhcsSxbiBob8WfdW5hIGdpZGViaWxlY2VrIGJpcmthw6cgeWVyIHPDtnlsZXllY2XEn2ltLg==
lLKe,W+ydtOumrOyGjO2UhF0K7Jik6riwIOyghOu2gO2EsCBeMDAwMENE7ZmU7IKwXjAwMDAwMOydhCDrs7Tqs6Ag7Iu264uk6rOgIOuTpOuWoCDsnojripQg7JWE7J2065Ok7J20IOyeiOyXiOyWtOyalC4KXjAwMDBDROuwlOu5hO2BkCDsuqDtlZHsnqVeMDAwMDAw7JeQ7ISc64qUIOyii+ydgCDrg4Tsg4jqsIAg64KY64uI6rmMIOyVhOydtOuTpOydtCDqsIgg7KeA64+EIOuqqOultOqyoOuEpOyalC4=,W0lyaXNvcGhdClNvbWUgb2YgdGhlbSB3ZXJlIGV4Y2l0ZWQgdG8gc2VlIHRoZSBeMDAwMENEVm9sY2Fub14wMDAwMDAgZXZlbiBiZWZvcmUgd2UgYXJyaXZlZC4KVGhlIF4wMDAwQ0RCYXJiZWN1ZSBDYW1wXjAwMDAwMCBzbWVsbHMgc28gZ29vZCwgdGhleSBtaWdodCBoYXZlIGdvbmUgdGhlcmUu,,W+S8iumHjOe0ouWkq10K5p2l5LmL5YmN5bCx5pyJ5a2p5a2Q5YW05aWL5Zyw6K+05oOz55yL55yLXjAwMDBDROeBq+WxsV4wMDAwMDDjgIIKXjAwMDBDROeDp+eDpOmcsuiQpeWcsF4wMDAwMDDpgqPph4zmnInlpb3pl7vnmoTlkbPpgZPvvIzlranlrZDku6zor7TkuI3lrprkvJrljrvjgII=,,W0lyaXNvcGhdCuC4geC5iOC4reC4meC4iOC4sOC4oeC4suC4l+C4teC5iOC4meC4teC5iCDguKHguLXguYDguJTguYfguIHguJrguLLguIfguITguJnguJXguLfguYjguJnguYDguJXguYnguJnguIHguLHguJnguYPguKvguI3guYgg4LmA4Lie4Lij4Liy4Liw4Lit4Lii4Liy4LiB4LmA4Lir4LmH4LiZIF4wMDAwQ0RUaG9yIFZvbGNhbm9eMDAwMDAwIArguJfguLXguYggXjAwMDBDREJhcmJlcXVlIENhbXBeMDAwMDAwIOC4quC5iOC4h+C4geC4peC4tOC5iOC4meC4q+C4reC4oeC4meC5iOC4suC4geC4tOC4mSDguJ7guKfguIHguYDguILguLLguK3guLLguIjguIjguLDguYTguJvguJfguLXguYjguJnguLHguYjguJnguIHguYfguYTguJTguYk=,,,W0lyaXNvcGhdCkhhYsOtYSBuacOxb3MgcXVlIGVzdGFiYW4gZW1vY2lvbmFkb3MgZGVzZGUgYW50ZXMgZGUgdmVuaXIgcG9ycXVlIHF1ZXLDrWFuIHZlciBlbCBeMDAwMENEdm9sY8Ohbl4wMDAwMDAuClB1ZWRlIHF1ZSBsb3MgbmnDsW9zIHZheWFuIGFsIF4wMDAwQ0RjYW1wYW1lbnRvIGRlIGJhcmJhY29hXjAwMDAwMCwgcG9ycXVlIGh1ZWxlIG11eSBiaWVuLg==,W0lyaXNvcGhdClNjaG9uIHZvciBkZXIgUmVpc2Ugd2FyZW4gZWluIHBhYXIgS2luZGVyIGdhbnogYXVmZ2VyZWd0LCB3ZWlsIHNpZSB1bmJlZGluZ3QgZGVuIF4wMDAwQ0RWdWxrYW5eMDAwMDAwIHNlaGVuIHdvbGx0ZW4uCkJlaW0gXjAwMDBDREJhcmJlY3VlLUNhbXBpbmdwbGF0el4wMDAwMDAgcmllY2h0IGVzIHNvIGd1dCwgZGFzcyBkaWUgS2luZGVyIHZpZWxsZWljaHQgZG9ydGhpbiBnZWdhbmdlbiBzaW5kLg==,W0lyaXNvcGhdCkF2YW50IG3Dqm1lIGRlIHZlbmlyLCBjZXJ0YWlucyBlbmZhbnRzIMOpdGFpZW50IHRvdXQgZXhjaXTDqXMgw6AgbOKAmWlkw6llIGRlIHZvaXIgbGUgXjAwMDBDRHZvbGNhbl4wMDAwMDAuCkF1IF4wMDAwQ0RjYW1waW5nIGJhcmJlY3VlXjAwMDAwMCwgw6dhIHNlbnQgYm9u4oCmIElscyB5IHNvbnQgcGV1dC3DqnRyZSBhbGzDqXMu,W0lyaXNvcGhdClNlYmVsdW0gZGF0YW5nLCBhZGEgYW5hay1hbmFrIHlhbmcgc3VkYWggYmVyc2VtYW5nYXQgaW5naW4gbWVsaWhhdCBeMDAwMENEZ3VudW5nIGJlcmFwaV4wMDAwMDAuCkRpIF4wMDAwQ0RhcmVhIHBlcmtlbWFoYW4gYmFyYmVreXVeMDAwMDAwIGFkYSBiYXUgeWFuZyBlbmFrLCBqYWRpIG11bmdraW4gYW5hay1hbmFrIGFrYW4gcGVyZ2kga2Ugc2FuYS4=,W0lyaXNvcGhdCkdlbG1lZGVuIMO2bmNlIF4wMDAwQ0R2b2xrYW5eMDAwMDAwxLEgZ8O2cm1layBpc3RlZGlrbGVyaW5pIHPDtnlsZXlpcCBoZXllY2FubGFuYW4gw6dvY3VrbGFyIHZhcmTEsS4KXjAwMDBDRGJhcmJla8O8IGthbXAgYWxhbsSxXjAwMDAwMG5kYW4gZ8O8emVsIGtva3VsYXIgZ2VsaXlvciwgw6dvY3VrbGFyIG9yYXlhIGdpdG1pxZ8gb2xhYmlsaXIu
lbKe,W+ydtOumrOyGjO2UhF0KXjAwMDBDROuCqOyqvSDtlbTrs4BeMDAwMDAwIOuCmOustOq3uOuKmOyXkOyEnCDsiazripQg7JWE7J206rCAIOyeiOycvOugpOuCmOyalD8K7Ja07KmM66m0IF4wMDAwQ0Trgqjsqr0g67CU64ukXjAwMDAwMOyXkCDtl6Tsl4TsuZjrn6wg65Ok7Ja06rCEIOyVhOydtOqwgCDsnojsnYTsp4Drj4Qg66qo66W064uILCDrgpjrrLTri6Trpqzrpbwg7IK07Y6067O07Iuc64qUIOqyg+uPhCDsoovqsqDsp4DsmpQu,W0lyaXNvcGhdCk1heWJlIG9uZSBjaGlsZCBpcyByZXN0aW5nIGluIHRoZSBzaGFkZSBhdCB0aGUgXjAwMDBDRFNvdXRoIEJlYWNoXjAwMDAwMD8KT3IgcGVyaGFwcyBvbmUgd2VudCBzd2ltbWluZyBpbiB0aGUgXjAwMDBDRFNvdXRoZXJuIFNlYV4wMDAwMDAsCnNvIGl0IG1pZ2h0IGJlIHdvcnRoIGNoZWNraW5nIG5lYXIgdGhlIHdvb2RlbiBicmlkZ2Uu,,W+S8iumHjOe0ouWkq10K5Lya5LiN5Lya5pyJ5a2p5a2Q5ZyoXjAwMDBDROWNl+i+uea1t+a7qV4wMDAwMDDnmoTmoJHojavkuIvkvJHmga/lkaLvvJ8K5Lmf6K645pyJ5a2p5a2Q5Y67XjAwMDBDROWNl+i+uea1t14wMDAwMDDmuLjms7PkuobvvIzmiYDku6XnnIvnnIvmnKjmoaXkuZ/kuI3plJnjgII=,,W0lyaXNvcGhdCuC4l+C4teC5iCBeMDAwMENE4LiK4Liy4Lii4Lir4Liy4LiU4LiX4Liy4LiH4LmD4LiV4LmJXjAwMDAwMCDguYPguJXguYnguKPguYjguKHguYTguKHguYkg4Lit4Liy4LiI4Lih4Li14LmA4LiU4LmH4LiB4Lie4Lix4LiB4Lit4Lii4Li54LmICuC4q+C4o+C4t+C4reC4reC4suC4iOC4oeC4teC5gOC4lOC5h+C4geC4peC4h+C5hOC4m+C4p+C5iOC4suC4ouC4meC5ieC4s+C4l+C4teC5iCBeMDAwMENE4LiX4Liw4LmA4Lil4LiX4Liy4LiH4LmD4LiV4LmJXjAwMDAwMCDguKXguK3guIfguJTguLnguKrguLDguJ7guLLguJnguYTguKHguYnguJTguYnguKfguKLguIHguYfguJTguLXguJnguLA=,,,W0lyaXNvcGhdCsK/SGFicsOhIGFsZ8O6biBuacOxbyBkZXNjYW5zYW5kbyBiYWpvIGxhIHNvbWJyYSBkZSBsb3Mgw6FyYm9sZXMgZW4gbGEgXjAwMDBDRHBsYXlhIGRlbCBzdXJeMDAwMDAwPwpRdWl6w6EgaGF5YSBhbGfDum4gbmnDsW8gbmFkYW5kbyBlbiBlbCBeMDAwMENEbWFyIGRlbCBzdXJeMDAwMDAwLCBhc8OtIHF1ZSBzZXLDrWEgYnVlbmEgaWRlYSBxdWUgcmV2aXNhcmEgZWwgcHVlbnRlIGRlIG1hZGVyYS4=,W0lyaXNvcGhdClZpZWxsZWljaHQgcnVodCBzaWNoIGphIGVpbiBLaW5kIGltIFNjaGF0dGVuIGRlciBCw6R1bWUgYW0gXjAwMDBDRHPDvGRsaWNoZW4gU3RyYW5kXjAwMDAwMCBhdXM/ClVuZCB2aWVsbGVpY2h0IGlzdCBhdWNoIGVpbnMgenVtIFNjaHdpbW1lbiBpbnMgXjAwMDBDRHPDvGRsaWNoZSBNZWVyXjAwMDAwMCBnZWdhbmdlbiwgYWxzbyBzb2xsdGVuIFNpZSBzaWNoIGFtIGJlc3RlbiBhdWNoIGRpZSBIb2x6YnLDvGNrZSBhbnNlaGVuLg==,W0lyaXNvcGhdClkgYS10LWlsIHVuIGVuZmFudCBxdWkgc2UgcmVwb3NlIMOgIGzigJlvbWJyZSBkZXMgYXJicmVzIHN1ciBsYSBeMDAwMENEcGxhZ2Ugc3VkXjAwMDAwMCA/CklsIHNlIHBldXQgYXVzc2kgcXXigJl1biBlbmZhbnQgc29pdCBhbGzDqSBuYWdlciBkYW5zIGxhIF4wMDAwQ0RtZXIgZHUgc3VkXjAwMDAwMCwgYWxvcnMgY2Ugc2VyYWl0IGJpZW4gZGUgcmVnYXJkZXIgYXVzc2kgbGUgcG9udCBlbiBib2lzLg==,W0lyaXNvcGhdCkFwYWthaCBhZGEgYW5hayB5YW5nIGJlcmlzdGlyYWhhdCBkaSBiYXdhaCBuYXVuZ2FuIHBvaG9uIGRpIF4wMDAwQ0RwYW50YWkgc2VsYXRhbl4wMDAwMDA/Ck11bmdraW4gYWRhIGFuYWsgeWFuZyBtYXN1ayB1bnR1ayBiZXJlbmFuZyBkaSBeMDAwMENEbGF1dCBzZWxhdGFuXjAwMDAwMCwgamFkaSBzZWJhaWtueWEga2FtdSBqdWdhIG1lbWVyaWtzYSBqZW1iYXRhbiBrYXl1Lg==,W0lyaXNvcGhdCl4wMDAwQ0Rnw7xuZXkgc2FoaWxpXjAwMDAwMG5kZWtpIGHEn2HDpyBnw7ZsZ2VzaW5kZSBkaW5sZW5lbiBiaXIgw6dvY3VrIHZhciBtxLFkxLFyIGFjYWJhPwpCZWxraSBeMDAwMENEZ8O8bmV5IGRlbml6aV4wMDAwMDBuZSB5w7x6bWV5ZSBnaXJlbiBiaXIgw6dvY3VrIGRhIG9sYWJpbGlyOyBvIHnDvHpkZW4gdGFodGEga8O2cHLDvHnDvCBrb250cm9sIGV0bWVuaXogZGUgaXlpIG9sdXIu
lrKe,W+ydtOumrOyGjO2UhF0K66qo7ZeY6rCA64uYISDqsJDsgqztlanri4jri6QuIOyVhOydtOuTpOydtCDrqqjrkZAg64+M7JWE7JmU7Ja07JqULgrsmrDrpqwg6rys66eIIOywuOyDiOuTpCDsnqzrr7jsnojqsowg64aA7JWY7Ja07JqUPw==,W0lyaXNvcGhdCkFkdmVudHVyZXIhIFRoYW5rIHlvdSBzbyBtdWNoLiBBbGwgdGhlIGNoaWxkcmVuIGFyZSBiYWNrLgpOb3cgdGhlbiwgbXkgbGl0dGxlIHNwYXJyb3dz4oCUZGlkIHlvdSBoYXZlIGZ1bj8=,,W+S8iumHjOe0ouWkq10K5YaS6Zmp5a6277yB6LCi6LCi5L2g44CC5a2p5a2Q5Lus6YO95Zue5p2l5LqG44CCCuaIkeS7rOeahOWwj+m6u+mbgOS7rOeOqeW+l+W8gOW/g+WQl++8nw==,,W0lyaXNvcGhdCuC4meC4seC4geC4nOC4iOC4jeC4oOC4seC4oiEg4LiC4Lit4Lia4LmD4LiI4Lih4Liy4LiBIOC5gOC4lOC5h+C4gSDguYYg4LiB4Lil4Lix4Lia4Lih4Liy4LiE4Lij4Lia4LmB4Lil4LmJ4LinCuC4peC4ueC4geC4meC4geC4meC5ieC4reC4ouC4guC4reC4h+C4hOC4o+C4uSDguKrguJnguLjguIHguIHguLHguJnguYTguKvguKE/,,,W0lyaXNvcGhdCsKhQXZlbnR1cmVybywgZ3JhY2lhcyEgVG9kb3MgbG9zIG5pw7FvcyBoYW4gdnVlbHRvLgrCv09zIGhhYsOpaXMgZGl2ZXJ0aWRvIGp1Z2FuZG8sIG1pcyBwZXF1ZcOxb3MgZ29ycmlvbmVzPw==,W0lyaXNvcGhdCkFiZW50ZXVyZXIhIFZpZWxlbiBEYW5rLiBBbGxlIEtpbmRlciBzaW5kIHp1csO8Y2suCk5hLCBoYWJlbiB1bnNlcmUga2xlaW5lbiBTcGF0emVuIHNjaMO2biBnZXNwaWVsdD8=,W0lyaXNvcGhdCkF2ZW50dXJpZXIgISBNZXJjaS4gSWxzIHNvbnQgdG91cyByZW50csOpcy4KQWxvcnMsIG1lcyBwZXRpdHMgbW9pbmVhdXgsIHZvdXMgdm91cyDDqnRlcyBiaWVuIGFtdXPDqXMgPw==,W0lyaXNvcGhdCkFkdmVudHVyZXIhIFRlcmltYSBrYXNpaC4gU2VtdWEgYW5hayBzdWRhaCBrZW1iYWxpLgpBbmFrLWFuYWsgYnVydW5nIHBpcGl0IGtlY2lsIGthbWkgYmVybWFpbiBkZW5nYW4gc2VydT8=,W0lyaXNvcGhdCk1hY2VyYWPEsSEgVGXFn2Vra8O8ciBlZGVyaW0uIMOHb2N1a2xhcsSxbiBoZXBzaSBnZXJpIGTDtm5kw7wuCkJpemltIGvDvMOnw7xrIHNlcsOnZWxlcmltaXogZ8O8emVsY2UgZcSfbGVuZGkgbWk/
l7Ke,7KO865SUIDog64SkfiE=,SnVkeSBZZXN+IQ==,,5pyx6L+qOiDmmK/nmoR+77yB,,SnVkeSA6IOC4quC4meC4uOC4gX4h,,,SnVkeTogwqFTw61+IQ==,SnVkeSA6IEphYX4h,SnVkeSA6IE91aX4h,SnVkeSA6IEl5YX4h,SnVkeSA6IEV2ZXR+IQ==
mLKe,7KCc7J24IDog64aA7JWY7Ja07JqUIQ==,SmFuZSBXZSBoYWQgZnVuIQ==,,566AOiDnjqnkuobvvIE=,,SmFuZSA6IOC4quC4meC4uOC4gSE=,,,SmFuYcOtbmE6IMKhSGUganVnYWRvIQ==,SmFuZSA6IFdpciBoYWJlbiBnZXNwaWVsdCE=,SmFuZSA6IE9uIHPigJllc3QgYW11c8OpcyAh,SmFuZSA6IEthbWkgYmVybWFpbiE=,SmFuZSA6IEXEn2xlbmRpayE=
mbKe,7Z6I7IqkIDog642UIOuGgOqzoCDsi7bslrTsmpQh,SGVhdGggSSB3YW5uYSBwbGF5IG1vcmUh,,5biM5pavOiDov5jmg7Plho3njqnvvIE=,,SGVhdGggOiDguK3guKLguLLguIHguYDguKXguYjguJnguK3guLXguIEh,,,SGVhdGg6IMKhUXVpZXJvIGp1Z2FyIG3DoXMh,SGVhdGggOiBJY2ggd2lsbCBub2NoIHdlaXRlcnNwaWVsZW4h,SGVhdGggOiBKZSB2ZXV4IGpvdWVyIGVuY29yZSBwbHVzICE=,SGVhdGggOiBBa3UgaW5naW4gYmVybWFpbiBsYWdpIQ==,SGVhdGggOiBEYWhhIGZhemxhIG95bmFtYWsgaXN0aXlvcnVtIQ==
mrKe,7L2U642466as7JWEIDog7ISg7IOd64uYfiDsoIAg7KG466Ck7JqUIQ==,Q29yZGVsaWEgVGVhY2hlcn4gSeKAmW0gc2xlZXB5IQ==,,56eR5b636I6J5LqaOiDogIHluIh+5oiR5Zuw5LqG77yB,,Q29yZGVsaWEgOiDguITguLjguJPguITguKPguLl+IOC4guC5ieC4suC4h+C5iOC4p+C4h+C5geC4peC5ieC4pyE=,,,Q29yZGVsaWE6IMKhUHJvZmVzb3JhfiwgdGVuZ28gc3Vlw7FvIQ==,Q29yZGVsaWEgOiBMZWhyZXJpbn4gaWNoIGJpbiBzY2hsw6RmcmlnIQ==,Q29yZGVsaWEgOiBNYcOudHJlc3NlfiBq4oCZYWkgc29tbWVpbCAh,Q29yZGVsaWEgOiBHdXJ1fiBha3UgbWVuZ2FudHVrIQ==,Q29yZGVsaWEgOiDDlsSfcmV0bWVuaW1+IHV5a3VtIHZhciE=
m7Ke,W+ydtOumrOyGjO2UhF0K7Jqw66asIOyVhOydtOuTpCDrhIjrrLQg7LCp7ZWY6rOgIOunkOuPhCDsnpgg65Oj7KOgPwrsl63si5wg7KCA64qUIOyEoOyDneuLmOydtCDsspzsp4HsnbjqsIDrtJDsmpQuLi4=,W0lyaXNvcGhdCkFyZW7igJl0IG91ciBraWRzIGp1c3Qgc28gc3dlZXQgYW5kIHdlbGwtYmVoYXZlZD8KTWF5YmUgdGVhY2hpbmcgcmVhbGx5IGlzIG15IGNhbGxpbmcgYWZ0ZXIgYWxs4oCm,,W+S8iumHjOe0ouWkq10K5oiR5Lus55qE5a2p5a2Q5Lus5b6I5LmW77yM5Lmf5b6I5ZCs6K+d5ZCn77yfCuaenOeEtuaIkeWkqeeUn+WwseaYr+W9k+iAgeW4iOeahC4uLg==,,W0lyaXNvcGhdCuC5gOC4lOC5h+C4gSDguYYg4LiC4Lit4LiH4LiC4LmJ4Liy4LiZ4LmI4Liy4Lij4Lix4LiB4LmB4Lil4Liw4LmA4LiK4Li34LmI4Lit4Lif4Lix4LiH4LmD4LiK4LmI4LmE4Lir4LihCuC4lOC4ueC5gOC4q+C4oeC4t+C4reC4meC4guC5ieC4suC4iOC4sOC5gOC4q+C4oeC4suC4sOC4geC4seC4muC4geC4suC4o+C5gOC4m+C5h+C4meC4hOC4o+C4ueC4iOC4o+C4tOC4hyDguYYgLi4u,,,W0lyaXNvcGhdCsK/VmVyZGFkIHF1ZSBudWVzdHJvcyBuacOxb3Mgc29uIG11eSBidWVub3MgeSBvYmVkaWVudGVzPwpDcmVvIHF1ZSBzZXIgbWFlc3RyYSBlcyByZWFsbWVudGUgbWkgdm9jYWNpw7NuLi4u,W0lyaXNvcGhdClVuc2VyZSBLaW5kZXIgc2luZCBzbyBicmF2IHVuZCBow7ZyZW4gc28gZ3V0LCBuaWNodCB3YWhyPwpJY2ggZ2xhdWJlIHdpcmtsaWNoLCBMZWhyZXJpbiB6dSBzZWluLCBpc3QgbWVpbmUgQmVydWZ1bmcuLi4=,W0lyaXNvcGhdCklscyBzb250IHRlbGxlbWVudCBzYWdlcyBldCBpbHMgw6ljb3V0ZW50IGJpZW4sIGhlaW4gPwpKZSBjcm9pcyBxdWUgamUgc3VpcyBmYWl0ZSBwb3VyIMOqdHJlIGluc3RpdHV0cmljZeKApi4=,W0lyaXNvcGhdCkFuYWstYW5hayBrYW1pIGJhaWsgc2VrYWxpIGRhbiBqdWdhIHBhdHVoLCBrYW4/ClNlcGVydGlueWEgbWVtYW5nIG1lbmphZGkgZ3VydSBhZGFsYWggcGFuZ2dpbGFuIGhpZHVwa3UuLi4=,W0lyaXNvcGhdCkJpemltIMOnb2N1a2xhciDDp29rIHVzbHUgdmUgc8O2eiBkZSBkaW5saXlvcmxhciwgZGXEn2lsIG1pPwpEZW1layBraSDDtsSfcmV0bWVubGlrIGdlcsOnZWt0ZW4gYmVuaW0gacOnaW4gYmnDp2lsbWnFnyBrYWZ0YW4uLi4=
nLKe,W+ydtOumrOyGjO2UhF0K7JWE7J2065Ok7J2EIOywvuyVhCDso7zshZTshJwg7KCV66eQIOqwkOyCrO2VqeuLiOuLpCEK7KGw6riI7J2064KY66eIIOqwkOyCrOydmCDtkZzsi5zrpbwg7ZW0IOuTnOumtOqyjOyalC4=,W0lyaXNvcGhdClRoYW5rIHlvdSBzbyBtdWNoIGZvciBmaW5kaW5nIHRoZSBjaGlsZHJlbiEKUGxlYXNlIGFjY2VwdCB0aGlzIGFzIGEgc21hbGwgdG9rZW4gb2YgbXkgZ3JhdGl0dWRlLg==,,W+S8iumHjOe0ouWkq10K55yf55qE6Z2e5bi45oSf6LCi5L2g5biu5oiR5om+5Yiw5a2p5a2Q5Lus77yBCuaIkeS8mue7meS9oOS4gOeCueiwouaEj+OAgg==,,W0lyaXNvcGhdCuC4guC4reC4muC5g+C4iOC4l+C4teC5iOC4iuC5iOC4p+C4ouC4q+C4suC5gOC4lOC5h+C4gSDguYYg4LiZ4LiwCuC4guC5ieC4suC4oeC4teC4guC4reC4h+C4leC4reC4muC5geC4l+C4meC5gOC4peC5h+C4geC4meC5ieC4reC4ouC4iOC4sOC4oeC4reC4muC5g+C4q+C5iQ==,,,W0lyaXNvcGhdCsKhTXVjaGFzIGdyYWNpYXMgcG9yIGVuY29udHJhciBhIGxvcyBuacOxb3MhCkxlIGRhcsOpIHVuIHBlcXVlw7FvIG9ic2VxdWlvIGNvbW8gbXVlc3RyYSBkZSBhZ3JhZGVjaW1pZW50by4=,W0lyaXNvcGhdClZpZWxlbiBEYW5rLCBkYXNzIFNpZSBkaWUgS2luZGVyIGdlZnVuZGVuIGhhYmVuIQpCaXR0ZSBuZWhtZW4gU2llIGRpZXMgYWxzIGtsZWluZXMgWmVpY2hlbiBtZWluZXMgRGFua2VzLg==,W0lyaXNvcGhdCk1lcmNpIGJlYXVjb3VwIGQnYXZvaXIgcmV0cm91dsOpIGxlcyBlbmZhbnRzICEKVGVuZXosIHVuIHBldGl0IGNhZGVhdSBwb3VyIHZvdXMgcmVtZXJjaWVyLg==,W0lyaXNvcGhdClRlcmltYSBrYXNpaCBiYW55YWsga2FyZW5hIHN1ZGFoIG1lbmVtdWthbiBhbmFrLWFuYWshCkFrdSBha2FuIG1lbWJlcmltdSBzZWRpa2l0IHRhbmRhIHRlcmltYSBrYXNpaC4=,W0lyaXNvcGhdCsOHb2N1a2xhcsSxIGJ1bGR1xJ91bnV6IGnDp2luIGdlcsOnZWt0ZW4gdGXFn2Vra8O8ciBlZGVyaW0hClNpemUga8O8w6fDvGsgZGUgb2xzYSBiaXIgdGXFn2Vra8O8ciBnw7ZzdGVyZ2VzaSBzdW5hY2HEn8SxbS4=
nbKe,W+ydtOumrOyGjO2UhF0K7KKL7J2AIO2VmOujqCDrs7TrgrTshLjsmpQsIOuqqO2XmOqwgOuLmCE=,W0lyaXNvcGhdCkhhdmUgYSB3b25kZXJmdWwgZGF5LCBBZHZlbnR1cmVyIQ==,,W+S8iumHjOe0ouWkq10K56Wd5L2g5bqm6L+H576O5aW955qE5LiA5aSp77yM5YaS6Zmp5a6277yB,,W0lyaXNvcGhdCuC4guC4reC5g+C4q+C5ieC5gOC4m+C5h+C4meC4p+C4seC4meC4l+C4teC5iOC4lOC4tSDguJnguLHguIHguJzguIjguI3guKDguLHguKIh,,,W0lyaXNvcGhdCsKhUXVlIHRlbmdhIHVuIGJ1ZW4gZMOtYSwgQXZlbnR1cmVybyE=,W0lyaXNvcGhdCkljaCB3w7xuc2NoZSBJaG5lbiBlaW5lbiBzY2jDtm5lbiBUYWcsIEFiZW50ZXVyZXIh,W0lyaXNvcGhdClBhc3NleiB1bmUgYm9ubmUgam91cm7DqWUsIEF2ZW50dXJpZXIgIQ==,W0lyaXNvcGhdClNlbW9nYSBoYXJpbXUgbWVueWVuYW5na2FuLCBBZHZlbnR1cmVyIQ==,W0lyaXNvcGhdCsSweWkgZ8O8bmxlciwgbWFjZXJhY8SxIQ==
nrKe,W+ydtOumrOyGjO2UhF0K7Jqw66asIOq8rOuniCDssLjsg4jrk6R+IOyGjO2SjeydgCDsoJXrp5Ag7KaQ6rKB7KOgPwrshKDsg53ri5jrj4Qg7KaQ6rGw7JuM7JqUIQ==,W0lyaXNvcGhdCk15IGxpdHRsZSBzcGFycm93c34gZmllbGQgdHJpcHMgYXJlIHNvIG11Y2ggZnVuLCBhcmVu4oCZdCB0aGV5PwpZb3VyIHRlYWNoZXLigJlzIGhhdmluZyBhIGdyZWF0IHRpbWUgdG9vIQ==,,W+S8iumHjOe0ouWkq10K5oiR5Lus55qE5bCP6bq76ZuA5LusfumDiua4uOecn+eahOW+iOW8gOW/g+WQp++8nwrogIHluIjkuZ/lvojlvIDlv4PvvIE=,,W0lyaXNvcGhdCuC4peC4ueC4geC4meC4geC4meC5ieC4reC4ouC4guC4reC4h+C4hOC4o+C4uX4g4LiX4Lix4Lio4LiZ4Lio4Li24LiB4Lip4Liy4Liq4LiZ4Li44LiB4LmD4LiK4LmI4LmE4Lir4LihCuC4hOC4o+C4ueC4geC5h+C4quC4meC4uOC4geC5gOC4q+C4oeC4t+C4reC4meC4geC4seC4mSE=,,,W0lyaXNvcGhdCk1pcyBwZXF1ZcOxb3MgZ29ycmlvbmVzfiwgwr92ZXJkYWQgcXVlIGVsIHBpY25pYyBlcyBtdXkgZGl2ZXJ0aWRvPwrCoUxhIHByb2Zlc29yYSB0YW1iacOpbiBzZSBkaXZpZXJ0ZSE=,W0lyaXNvcGhdClVuc2VyZSBrbGVpbmVuIFNwYXR6ZW5+IFNvIGVpbiBBdXNmbHVnIG1hY2h0IGRvY2ggcmljaHRpZyBTcGHDnywgb2Rlcj8KRGllIExlaHJlcmluIGhhdCBhdWNoIFNwYcOfIQ==,W0lyaXNvcGhdCk1lcyBwZXRpdHMgbW9pbmVhdXh+IFVuZSBzb3J0aWUsIGMnZXN0IHN1cGVyLCBoZWluID8KTW9pIGF1c3NpLCBqZSBtJ2FtdXNlICE=,W0lyaXNvcGhdCkFuYWstYW5hayBidXJ1bmcgcGlwaXQga2VjaWwga2FtaX4gcGlrbmlrIGl0dSBiZW5hci1iZW5hciBtZW55ZW5hbmdrYW4sIGthbj8KR3VydSBqdWdhIHNlbmFuZyE=,W0lyaXNvcGhdCkJpemltIGvDvMOnw7xrIHNlcsOnZWxlcmltaXp+IHBpa25payBnZXLDp2VrdGVuIMOnb2sgZcSfbGVuY2VsaSwgZGXEn2lsIG1pPwrDlsSfcmV0bWVuIGRlIMOnb2sgZcSfbGVuaXlvciE=
n7Ke,7KO865SU,SnVkeQ==,,5pyx6L+q,,SnVkeQ==,,,SnVkeQ==,SnVkeQ==,SnVkeQ==,SnVkeQ==,SnVkeQ==
oLKe,7KO865SUIDog7JWXLCDqsITsi53snYQg6rCA7KC47Jik7IugIOqxsOyXkOyalD8g7Ims64qUIOyLnOqwhOydtOyXkOyalD8=,SnVkeSBPaCEgRGlkIHlvdSBicmluZyBzbmFja3M/IElzIGl0IGJyZWFrIHRpbWU/,,5pyx6L+qOiDllYrvvIzkvaDmiorngrnlv4PluKbmnaXkuoblkJfvvJ/njrDlnKjmmK/kvJHmga/ml7bpl7TlkJfvvJ8=,,SnVkeSA6IOC5gOC4reC5iuC4sCDguYDguK3guLLguILguK3guIfguKfguYjguLLguIfguKHguLLguYPguKvguYnguKvguKPguLfguK0/IOC4luC4tuC4h+C5gOC4p+C4peC4suC4nuC4seC4geC5geC4peC5ieC4p+C4o+C4tj8=,,,SnVkeTogQWgsIMK/aGFzIHRyYcOtZG8gdW5hIG1lcmllbmRhPyDCv0VzIGxhIGhvcmEgZGVsIHJlY3Jlbz8=,SnVkeSA6IE9oLCBoYWJlbiBTaWUgU25hY2tzIG1pdGdlYnJhY2h0PyBJc3QgamV0enQgUGF1c2VuemVpdD8=,SnVkeSA6IE9oLCB2b3VzIGF2ZXogYXBwb3J0w6kgdW4gZ2/Du3RlciA/IEMnZXN0IGwnaGV1cmUgZGUgbGEgcGF1c2UgPw==,SnVkeSA6IEFoLCBrYW11IG1lbWJhd2EgY2FtaWxhbj8gSW5pIHdha3R1IGlzdGlyYWhhdD8=,SnVkeSA6IEFhLCBhdMSxxZ90xLFybWFsxLFrIG3EsSBnZXRpcmRpbml6PyBNb2xhIHphbWFuxLEgbcSxPw==
obKe,W+yjvOuUlF0K7ZuE7JWZISDsoIAg7Iio67CU6ryt7KeIIO2VmOuKlCDspJHsnbTri4jquYwsIOunkCDqsbjsp4Ag66eI7IS47JqUIQ==,W0p1ZHldCkh5YWFoISBJ4oCZbSBpbiB0aGUgbWlkZGxlIG9mIGhpZGUtYW5kLXNlZWssIHNvIGRvbuKAmXQgdGFsayB0byBtZSE=,,W+acsei/ql0K5ZG85piC77yB5oiR5q2j5Zyo546p5o2J6L+36JeP77yM5omA5Lul5Yir6Lef5oiR6K+06K+d77yB,,W0p1ZHldCuC4reC5iuC4siEg4LiC4LmJ4Liy4LiB4Liz4Lil4Lix4LiH4LmA4Lil4LmI4LiZ4LiL4LmI4Lit4LiZ4Lir4Liy4Lit4Lii4Li54LmIIOC4reC4ouC5iOC4suC4oeC4suC4hOC4uOC4ouC4geC4seC4muC4guC5ieC4siE=,,,W0p1ZHldCsKhQnXDoSEgRXN0b3kganVnYW5kbyBhbCBlc2NvbmRpdGUsIMKhYXPDrSBxdWUgbm8gbWUgaGFibGVzIQ==,W0p1ZHldCld1YWEhIEljaCBzcGllbGUgZ2VyYWRlIFZlcnN0ZWNrZW4sIGFsc28gc3ByZWNoZW4gU2llIG1pY2ggbmljaHQgYW4h,W0p1ZHldCkhvdWFuZyAhIEplIGpvdWUgw6AgY2FjaGUtY2FjaGUsIGFsb3JzIG5lIG1lIHBhcmxleiBwYXMgIQ==,W0p1ZHldCkh1YW5nISBBa3Ugc2VkYW5nIGJlcm1haW4gcGV0YWsgdW1wZXQsIGphZGkgamFuZ2FuIGFqYWsgYmljYXJhIQ==,W0p1ZHldCkh1YW5nISBCZW4gc2FrbGFtYmHDpyBveW51eW9ydW0sIG8gecO8emRlbiBiZW5pbWxlIGtvbnXFn21hecSxbiE=
orKe,W3swfV0K7J2066as7IaM7ZSEIOyEoOyDneuLmOq7mCDrtoDtg4HrsJvslYTshJwsIOyngOq4iOydgCDrgrTqsIAg7Iig656Y7JW8Lg==,W3swfV0KSXJpc29waCBhc2tlZCBtZSB0byBoZWxwLiBJ4oCZbSDigJhpdOKAmSByaWdodCBub3cu,,W3swfV0K5oiR5piv5Y+X5LyK6YeM57Si5aSr6ICB5biI5ouc5omY77yM546w5Zyo55Sx5oiR5p2l5b2T6ay844CC,,W3swfV0K4LiE4Lij4Li5IElyaXNvcGgg4LiC4Lit4Lij4LmJ4Lit4LiH4LiC4LmJ4LiyIOC4leC4reC4meC4meC4teC5ieC4guC5ieC4suC5gOC4m+C5h+C4meC4hOC4meC4q+C4suC4reC4ouC4ueC5iA==,,,W3swfV0KSXJpc29waCB0dSBwcm9mZXNvcmEgbWUgaGEgcGVkaWRvIHF1ZSBsbyBoYWdhLCBhc8OtIHF1ZSBhaG9yYSBtZSB0b2NhIGJ1c2Nhci4=,W3swfV0KSXJpc29waCBoYXQgbWljaCBkYXJ1bSBnZWJldGVuLCBhbHNvIGJpbiBpY2ggamV0enQgZGVyIEbDpG5nZXIu,W3swfV0KSXJpc29waCBtJ2EgZGVtYW5kw6kgZGUgbSdlbiBvY2N1cGVyLCBhbG9ycyBtYWludGVuYW50LCBjJ2VzdCBtb2kgcXVpIGNoZXJjaGUu,W3swfV0KQWt1IGRpbWludGEgb2xlaCBJcmlzb3BoIGd1cnUsIGphZGkgc2VrYXJhbmcgYWt1IHlhbmcgamFkaSBwZW5qYWdhLg==,W3swfV0KSXJpc29waCDDtsSfcmV0bWVuaW0gcmljYSBldHRpLCDFn3UgYW4gZWJlIGJlbmltLg==
o7Ke,W+yjvOuUlF0K7JeQfiDsp4Tsp5w/IOq3uOufrOuptCDsnqHtmJTrhKTsl5AuLi4=,W0p1ZHldCkVoaH4gcmVhbGx5PyBUaGVuIEnigJltIGNhdWdodCBhbHJlYWR54oCm,,W+acsei/ql0K6K+2fuecn+eahO+8n+mCo+aIkeiiq+aKk+WIsOS6hi4uLg==,,W0p1ZHldCuC5gOC4reC5iuC4sCDguIjguKPguLTguIfguYDguKvguKPguK0/IOC4h+C4seC5ieC4meC4guC5ieC4suC4geC5h+C5guC4lOC4meC4iOC4seC4muC5geC4peC5ieC4p+C4quC4tC4uLg==,,,W0p1ZHldCsK/RWh+PyDCv0VuIHNlcmlvPyBFbnRvbmNlcyBtZSBoYXMgcGlsbGFkby4uLg==,W0p1ZHldCsOEaH4gRWNodD8gRGFubiB3dXJkZSBpY2ggd29obCBnZXNjaG5hcHB0Li4u,W0p1ZHldCkV+IFZyYWltZW50PyBBbG9ycyBqZSBtZSBzdWlzIGZhaXQgYXR0cmFwZXIuLi4=,W0p1ZHldCkV+IHNlcml1cz8gS2FsYXUgYmVnaXR1IGFrdSBrZXRhbmdrYXAgZGVoLi4u,W0p1ZHldCkV+IGdlcsOnZWt0ZW4gbWk/IE8gemFtYW4geWFrYWxhbmTEsW0uLi4=
pLKe,W3swfV0K6re466CH7KeALCDqt7jroIfsp4AuCuyEoOyDneuLmOydtCDsnbQg6rO87J6QIOyjvOudvOyFqOyWtC4g6rO87J6QIOuwm+yVhOyEnCDshKDsg53ri5jqu5gg64+M7JWE6rCA7IS47JqUfg==,W3swfV0KVGhhdOKAmXMgcmlnaHQsIHRoYXTigJlzIHJpZ2h0LgpZb3VyIHRlYWNoZXIgdG9sZCBtZSB0byBnaXZlIHlvdSB0aGlzIHNuYWNrLiBUYWtlIGl0IGFuZCBnbyBiYWNrIHRvIGhlcn4=,,W3swfV0K5a+577yM5a+544CCCuiAgeW4iOivtOimgeaKiui/meeCueW/g+e7meS9oOOAguaUtuS4i+eCueW/g+WQjuWwseWbnuiAgeW4iOmCo+i+ueWOu+WQp34=,,W3swfV0K4LmD4LiK4LmI4LmB4Lil4LmJ4LinIOC4hOC4o+C4ueC5g+C4q+C5ieC4guC5ieC4suC5gOC4reC4suC4guC4meC4oeC4oeC4suC5g+C4q+C5iQrguKPguLHguJrguYHguKXguYnguKfguIHguKXguLHguJrguYTguJvguKvguLLguITguKPguLnguYDguJbguLTguJQ=,,,W3swfV0KRXNvIGVzLCBlc28gZXMuCkxhIHByb2Zlc29yYSBtZSBoYSBkaWNobyBxdWUgdGUgZMOpIGVzdGEgZ2FsbGV0YS4gQ8OzZ2VsYSB5IHZ1ZWx2ZSBjb24gbGEgcHJvZmVzb3Jhfg==,W3swfV0KR2VuYXUsIGdlbmF1LgpEaWUgTGVocmVyaW4gaGF0IGdlc2FndCwgaWNoIHNvbGwgZGlyIGRpZXNlIEtla3NlIGdlYmVuLiBOaW1tIHNpZSB1bmQgZ2VoIHp1csO8Y2sgenVyIExlaHJlcmlufg==,W3swfV0KT3VpLCBvdWkuCkxhIG1hw650cmVzc2UgYSBkaXQgZGUgdGUgZG9ubmVyIGNlcyBiaXNjdWl0cy4gUHJlbmRzLWxlcyBldCByZXRvdXJuZSBsYSB2b2lyfg==,W3swfV0KQmVuYXIsIGJlbmFyLgpHdXJ1IGJpbGFuZyB1bnR1ayBtZW1iZXJpbXUga3VlIGluaS4gVGVyaW1hIGt1ZW55YSBsYWx1IGtlbWJhbGkga2UgZ3VydX4=,W3swfV0Kw5Z5bGUsIMO2eWxlLgrDlsSfcmV0bWVuaW0gYnUga3VyYWJpeWV5aSBzYW5hIHZlcm1lbWkgc8O2eWxlZGkuIEt1cmFiaXlleWkgYWzEsXAgw7bEn3JldG1lbmltZSBnZXJpIGTDtm7DvG5+
pbKe,W+yjvOuUlF0K6rO87J6QIOyXhuyWtOyalC4g6rO87J6QIOyWtOuUlCDsnojslrTsmpQ/,W0p1ZHldCk5vIHNuYWNrIGhlcmUuIFdoZXJl4oCZcyB0aGUgc25hY2s/,,W+acsei/ql0K5rKh5pyJ54K55b+D44CC54K55b+D5Zyo5ZOq6YeM77yf,,W0p1ZHldCuC4guC4meC4oeC5hOC4oeC5iOC4oeC4teC4meC4teC5iCDguILguJnguKHguK3guKLguLnguYjguYTguKvguJk/,,,W0p1ZHldCk5vIHRlbmdvIGdhbGxldGFzLiDCv0TDs25kZSBlc3TDoW4gbGFzIGdhbGxldGFzPw==,W0p1ZHldCkRhIHNpbmQgamEgZ2FyIGtlaW5lIEtla3NlLiBXbyBzaW5kIGRpZSBLZWtzZT8=,W0p1ZHldCkplIG4nYWkgcGFzIGRlIGJpc2N1aXRzLiBPw7kgc29udCBsZXMgYmlzY3VpdHM/,W0p1ZHldClRpZGFrIGFkYSBrdWUuIEt1ZW55YSBkaSBtYW5hPw==,W0p1ZHldCkt1cmFiaXllIHlvay4gS3VyYWJpeWUgbmVyZWRlPw==
prKe,W+yjvOuUlF0K7JmAISDsmqkg7Ja86rW0IOuqqOyWkeydtOuLpCEg66eb7J6I6rKg64ukfiEK7J6Y66i56rKM7JSB66+464ukfg==,W0p1ZHldCldvdyEgSXTigJlzIHNoYXBlZCBsaWtlIGEgZHJhZ29u4oCZcyBmYWNlISBJdCBsb29rcyBzbyBnb29kfiEKVGhhbmtzIGZvciB0aGUgdHJlYXQsIE1pZGF+,,W+acsei/ql0K5ZOH77yB5piv6b6Z6IS45b2i54q255qE77yB55yL6LW35p2l5aW95aW95ZCDfu+8gQrmiJHlvIDliqjllabnsbPovr5+,,W0p1ZHldCuC4p+C5ieC4suC4pyEgRHJhZ29uIEhlYWQgQ29va2llISDguJnguYjguLLguIHguLTguJnguIjguLHguIchCuC4l+C4suC4meC5geC4peC5ieC4p+C4meC5ieC4siE=,,,W0p1ZHldCsKhR3VhdSEgwqFUaWVuZSBmb3JtYSBkZSBjYXJhIGRlIGRyYWfDs24hIMKhUXXDqSByaWNvIGVzdGFyw6F+IQrCoU1lIGxvIHZveSBhIGNvbWVyfiE=,W0p1ZHldCldvdyEgU2llaHQgamEgYXVzIHdpZSBlaW4gRHJhY2hlbmtvcGYhIERhcyBzaWVodCBsZWNrZXIgYXVzfiEKRGFubiBoYXUgaWNoJ3MgamV0enQgcmVpbn4h,W0p1ZHldCldhICEgQydlc3QgdW5lIHTDqnRlIGRlIGRyYWdvbiAhIMOHYSBhIGwnYWlyIHRyb3AgYm9ufiAhCk1pZGF+ICE=,W0p1ZHldCldhaCEgQmVudHVrbnlhIHdhamFoIG5hZ2EhIEtlbGloYXRhbm55YSBlbmFrfiEKU2VsYW1hdCBtYWthbk1pZGF+,W0p1ZHldClZheSEgRWpkZXJoYSB5w7x6w7wgxZ9la2xpbmRlISDDh29rIGxlenpldGxpIGfDtnLDvG7DvHlvcn4hCkFmaXlldGxlIHlpeWVjZcSfaW1NaWRhfg==
p7Ke,W+yjvOuUlF0K7ISg7IOd64uY7ZWc7YWMIOqwiOqyjOyalCE=,W0p1ZHldCknigJltIGdvaW5nIGJhY2sgdG8gdGhlIHRlYWNoZXIh,,W+acsei/ql0K5oiR5Y676ICB5biI6YKj6L655LqG77yB,,W0p1ZHldCuC4guC5ieC4suC4iOC4sOC5hOC4m+C4q+C4suC4hOC4o+C4ueC5geC4peC5ieC4pyE=,,,W0p1ZHldCsKhVm95IGEgaXIgY29uIGxhIHByb2Zlc29yYSE=,W0p1ZHldCkljaCBnZWggenVyIExlaHJlcmluIQ==,W0p1ZHldCkplIHZhaXMgdm9pciBsYSBtYcOudHJlc3NlICE=,W0p1ZHldCkFrdSBha2FuIHBlcmdpIGtlIGd1cnUh,W0p1ZHldCsOWxJ9yZXRtZW5pbWUgZ2lkZWNlxJ9pbSE=
qLKe,W3swfV0K64SkIOuqheydhCDsoITrtoAg7LC+7JWY7Jy864uILCDsnbTsoJwg7ISg7IOd64uY6ruYIOuPjOyVhOqwgOyVvOqyoOuLpC4=,W3swfV0KSeKAmXZlIGZvdW5kIGFsbCBmb3VyLCBzbyBpdOKAmXMgdGltZSB0byBoZWFkIGJhY2sgdG8gdGhlIHRlYWNoZXIu,,W3swfV0K5Zub5Liq5Lq66YO95om+5Yiw5LqG77yM546w5Zyo6K+l5Zue6ICB5biI6YKj6L655LqG44CC,,W3swfV0K4LmA4LiI4Lit4LiE4Lij4Lia4Liq4Li14LmI4LiE4LiZ4LmB4Lil4LmJ4LinIOC4geC4peC4seC4muC5hOC4m+C4q+C4suC4hOC4o+C4ueC4lOC4teC4geC4p+C5iOC4sg==,,,W3swfV0KWWEgaGUgZW5jb250cmFkbyBhIGxvcyBjdWF0cm8sIGFzw60gcXVlIGFob3JhIGRlYm8gdm9sdmVyIGNvbiBsYSBwcm9mZXNvcmEu,W3swfV0KSWNoIGhhYmUgYWxsZSB2aWVyIGdlZnVuZGVuLCBhbHNvIHNvbGx0ZSBpY2ggamV0enQgenVyIExlaHJlcmluIHp1csO8Y2tnZWhlbi4=,W3swfV0KSuKAmWFpIHRyb3V2w6kgbGVzIHF1YXRyZSwgYWxvcnMgamUgZG9pcyBtYWludGVuYW50IHJldG91cm5lciB2b2lyIGxhIG1hw650cmVzc2Uu,W3swfV0KS2FyZW5hIHN1ZGFoIG1lbmVtdWthbiBrZWVtcGF0IG9yYW5nLCBzZWthcmFuZyBha3UgaGFydXMga2VtYmFsaSBrZSBndXJ1Lg==,W3swfV0KRMO2cmTDvG7DvCBkZSBidWxkdcSfdW1hIGfDtnJlLCBhcnTEsWsgw7bEn3JldG1lbmltZSBnZXJpIGTDtm5tZWxpeWltLg==
qbKe,W+yjvOuUlF0K7Jqp66i466asIOy/oO2CpCDrsJTsgq3rsJTsgq3tlbTsmpQhIOunm+yeiOyWtCE=,W0p1ZHldClRoZSBEcmFnb24gSGVhZCBDb29raWUgaXMgc28gY3Jpc3B5ISBJdOKAmXMgeXVtbXkh,,W+acsei/ql0K6b6Z5aS06aW85bmy5aW96ISG77yB5aW95ZCD77yB,,W0p1ZHldCkRyYWdvbiBIZWFkIENvb2tpZSDguIHguKPguK3guJog4LmGICEg4Liq4Li44LiU4LmB4Liq4LiZ4Lit4Lij4LmI4Lit4LiiIQ==,,,W0p1ZHldCkdhbGxldGEgY29uIGZvcm1hIGRlIGNhYmV6YSBkZSBkcmFnw7NuIMKhRXN0w6EgY3J1amllbnRlISDCoVF1w6kgcmljbyE=,W0p1ZHldCkRlciBEcmFjaGVua29wZi1LZWtzIGlzdCBzY2jDtm4ga251c3ByaWchIExlY2tlciE=,W0p1ZHldCkxlIEJpc2N1aXQgdMOqdGUgZGUgZHJhZ29uIGVzdCBiaWVuIGNyb3VzdGlsbGFudCAhIFRyb3AgYm9uICE=,W0p1ZHldCkRyYWdvbiBIZWFkIENvb2tpZSByZW55YWghIEVuYWsh,W0p1ZHldCkVqZGVyaGEgS2FmYXPEsSBLdXJhYml5ZXNpIMOnxLF0xLFyIMOnxLF0xLFyISBMZXp6ZXRsaSE=
qrKe,7L2U642466as7JWE,Q29yZGVsaWE=,,56eR5b636I6J5Lqa,,Q29yZGVsaWE=,,,Q29yZGVsaWE=,Q29yZGVsaWE=,Q29yZGVsaWE=,Q29yZGVsaWE=,Q29yZGVsaWE=
q7Ke,7L2U642466as7JWEIDog7J6QLCDsnbTqs7PsnbQg6rO17KO87J2YIOustOuPhO2ajOyepeydtOudvOqzoCDsg4Hsg4HtlbQg67O07J6QIQ==,Q29yZGVsaWEgTm93IHRoZW4sIGltYWdpbmUgdGhpcyBwbGFjZSBpcyBhIHByaW5jZXNz4oCZcyBncmFuZCBiYWxscm9vbSE=,,56eR5b636I6J5LqaOiDmnaXvvIzmg7PosaHov5nph4zlsLHmmK/lhazkuLvnmoToiJ7kvJrlpKfljoXlkKfvvIE=,,Q29yZGVsaWEgOiDguKXguK3guIfguIjguLTguJnguJXguJnguLLguIHguLLguKPguKfguYjguLLguJnguLXguYjguITguLfguK3guKvguYnguK3guIfguYDguJXguYnguJnguKPguLPguILguK3guIfguYDguIjguYnguLLguKvguI3guLTguIfguJTguLnguKrguLQh,,,Q29yZGVsaWE6IMKhQmllbiwgaW1hZ2luZW1vcyBxdWUgZXN0ZSBsdWdhciBlcyBlbCBzYWzDs24gZGUgYmFpbGUgZGUgdW5hIHByaW5jZXNhIQ==,Q29yZGVsaWEgOiBTbywgc3RlbGwgZGlyIHZvciwgZGFzIGhpZXIgaXN0IGRlciBCYWxsc2FhbCBlaW5lciBQcmluemVzc2luIQ==,Q29yZGVsaWEgOiBBbGxleiwgaW1hZ2lub25zIHF1ZSBjZXQgZW5kcm9pdCBlc3QgbGEgc2FsbGUgZGUgYmFsIGRlIGxhIHByaW5jZXNzZSAh,Q29yZGVsaWEgOiBOYWgsIG1hcmkgYmF5YW5na2FuIHRlbXBhdCBpbmkgYWRhbGFoIGF1bGEgcGVzdGEgZGFuc2Egc2FuZyBwdXRyaSE=,Q29yZGVsaWEgOiBIYXlkaSwgYnVyYW7EsW4gcHJlbnNlc2luIGJhbG8gc2Fsb251IG9sZHXEn3VudSBoYXlhbCBlZGVsaW0h
rLKe,W+y9lOuNuOumrOyVhF0K7Ja066i4LCDsiJnrhYDsnZgg6rOB7JeQIOyduOq4sOyymeuPhCDsl4bsnbQg64uk6rCA7Jik7KeAIOuniOyEuOyalC4=,W0NvcmRlbGlhXQpNeSwgcGxlYXNlIGRvbuKAmXQgYXBwcm9hY2ggYSBsYWR5IHdpdGhvdXQgbWFraW5nIGEgc291bmQu,,W+enkeW+t+iOieS6ml0K5ZOO5ZGA77yM5Yir5oKE5peg5aOw5oGv5Zyw6Z2g6L+R5reR5aWz6Lqr6L6544CC,,W0NvcmRlbGlhXQrguYLguK3guYkg4Lit4Lii4LmI4Liy4LmA4LiC4LmJ4Liy4Lih4Liy4LmD4LiB4Lil4LmJ4LmA4LiI4LmJ4Liy4Lir4LiN4Li04LiH4LmA4LiH4Li14Lii4LiaIOC5hiDguYHguJrguJrguJnguLXguYnguKrguLQ=,,,W0NvcmRlbGlhXQpWYXlhLCBubyBzZSBhY2VycXVlIGEgdW5hIGRhbWEgc2luIGhhY2VyIHJ1aWRvLg==,W0NvcmRlbGlhXQpNZWluZSBHw7x0ZSwgbsOkaGVybiBTaWUgc2ljaCBlaW5lciBEYW1lIG5pY2h0IGxhdXRsb3Mu,W0NvcmRlbGlhXQpPaOKApiBO4oCZYXBwcm9jaGV6IHBhcyBkJ3VuZSBkYW1lIHNhbnMgcHLDqXZlbmlyLg==,W0NvcmRlbGlhXQpBZHVoLCBqYW5nYW4gbWVuZGVrYXRpIHNlb3JhbmcgcGVyZW1wdWFuIHRhbnBhIHN1YXJhIGRpIHNpc2lueWEu,W0NvcmRlbGlhXQpBbWFuLCBiaXIgaGFuxLFtZWZlbmRpbmluIHlhbsSxbmEgaGnDpyBzZXMgw6fEsWthcm1hZGFuIHlha2xhxZ9tYXnEsW4u
rbKe,W3swfV0K66CI7J2065SULCDsnbTsoJwg7Iio67CU6ryt7KeI7J2AIOuBneuCrOyWtOyalC4g7ISg7IOd64uY6ruYIOuPjOyVhOqwiCDsi5zqsITsnoXri4jri6Qu,W3swfV0KTXkgbGFkeSwgaGlkZS1hbmQtc2VlayBpcyBvdmVyLiBJdOKAmXMgdGltZSB0byByZXR1cm4gdG8geW91ciB0ZWFjaGVyLg==,,W3swfV0K5aWz5aOr77yM5o2J6L+36JeP5bey57uP57uT5p2f5LqG44CC6K+l5Zue6ICB5biI6YKj6L655LqG44CC,,W3swfV0K4Lit4LiH4LiE4LmM4Lir4LiN4Li04LiHIOC5gOC4geC4oeC4i+C5iOC4reC4meC4q+C4suC4iOC4muC4peC4h+C5geC4peC5ieC4pyDguJbguLbguIfguYDguKfguKXguLLguIHguKXguLHguJrguYTguJvguKvguLLguITguKPguLnguYHguKXguYnguKfguJnguLA=,,,W3swfV0KTGFkeSwgZWwgZXNjb25kaXRlIGhhIHRlcm1pbmFkby4gRXMgaG9yYSBkZSB2b2x2ZXIgY29uIGxhIHByb2Zlc29yYS4=,W3swfV0KTXlsYWR5LCBkYXMgVmVyc3RlY2tzcGllbCBpc3QgamV0enQgdm9yYmVpLiBFcyBpc3QgWmVpdCwgenVyIExlaHJlcmluIHp1csO8Y2t6dWdlaGVuLg==,W3swfV0KTGFkeSwgbGUgY2FjaGUtY2FjaGUgZXN0IHRlcm1pbsOpLiBJbCBlc3QgdGVtcHMgZGUgcmV0b3VybmVyIHZvaXIgbGEgbWHDrnRyZXNzZS4=,W3swfV0KTGFkeSwgc2VrYXJhbmcgcGV0YWsgdW1wZXRueWEgc3VkYWggc2VsZXNhaS4gU2FhdG55YSBrZW1iYWxpIGtlIGd1cnUu,W3swfV0KTGV5ZGksIGFydMSxayBzYWtsYW1iYcOnIGJpdHRpLiDDlsSfcmV0bWVuaW5pemUgZMO2bm1lIHZha3RpLg==
rrKe,W+y9lOuNuOumrOyVhF0K7JWXLCDqt7guLi4g6re465+w6rCA7JqUPyDslrTsqZQg7IiYIOyXhuyngOyalC4K6re465+s66m0IOyggOuKlCDsnbTrp4wg64+M7JWE6rCA67O064+E66GdIO2VmOqyoOyKteuLiOuLpC4=,W0NvcmRlbGlhXQpPaCBteeKApiBpcyB0aGF0IHNvPwpWZXJ5IHdlbGwsIHRoZW4gSSBzaGFsbCB0YWtlIG15IGxlYXZlLg==,,W+enkeW+t+iOieS6ml0K5ZWK77yM6YKjLi4u5piv6L+Z5qC35ZCX77yf6YKj5Lmf5rKh5Yqe5rOV44CCCumCo+S5iOaIkeWwseWFiOWbnuWOu+S6huOAgg==,,W0NvcmRlbGlhXQrguK3guYrguLAg4Lit4Lii4LmI4Liy4LiH4LiZ4Lix4LmJ4LiZ4Lir4Lij4Li34LitLi4uIOC4h+C4seC5ieC4meC4geC5h+C4iuC5iOC4p+C4ouC5hOC4oeC5iOC5hOC4lOC5iQrguILguYnguLLguIjguLDguIHguKXguLHguJrguYHguKXguYnguKc=,,,W0NvcmRlbGlhXQpBaCwgwr9lLi4uIGVzIGFzw60/IE5vIGhheSBtw6FzIHJlbWVkaW8uCkVudG9uY2VzLCBzZXLDoSBtZWpvciBxdWUgcmVncmVzZSB5YS4=,W0NvcmRlbGlhXQpPaCwgw6RoLi4uIGlzdCBkYXMgc28/IE51biBndXQsIGRhbm4gbMOkc3N0IHNpY2ggd29obCBuaWNodHMgbWFjaGVuLgpEYW5uIHdlcmRlIGljaCBtaWNoIGpldHp0IGF1ZiBkZW4gUsO8Y2t3ZWcgbWFjaGVuLg==,W0NvcmRlbGlhXQpBaCwgZXVoLi4uIFZyYWltZW50PyBPbiBuJ3kgcGV1dCByaWVuLgpBbG9ycywgamUgdmFpcyByZW50cmVyIG1haW50ZW5hbnQu,W0NvcmRlbGlhXQpBaCwgaS4uLiBiZWdpdHUgeWE/IFRpZGFrIGFkYSBwaWxpaGFuLgpLYWxhdSBiZWdpdHUsIGFrdSBha2FuIGtlbWJhbGkgZHVsdS4=,W0NvcmRlbGlhXQpBaCwgxZ91Li4uIMO2eWxlIG1pPyBZYXBhY2FrIGJpciDFn2V5IHlvay4KTyBow6JsZGUgYmVuIGFydMSxayBnZXJpIGTDtm5leWltLg==
r7Ke,W3swfV0K7Jes6riwIOyEoOyDneuLmOydtCDso7zsi6Ag6rO87J6Q64+EIOqwgOyguOqwgOugtC4=,W3swfV0KSGVyZSwgdGFrZSB0aGUgc25hY2sgeW91ciB0ZWFjaGVyIGdhdmUgeW91IHRvby4=,,W3swfV0K5oqK6ICB5biI57uZ5L2g55qE54K55b+D5Lmf5bim5LiK5ZCn44CC,,W3swfV0K4LiZ4Li14LmIIOC4guC4meC4oeC4iOC4suC4geC4hOC4o+C4uSDguYDguK3guLLguYTguJvguJTguYnguKfguKI=,,,W3swfV0KVG9tYSB0YW1iacOpbiBsYXMgZ2FsbGV0YXMgcXVlIHRlIGRpbyB0dSBwcm9mZS4=,W3swfV0KSGllciwgbmltbSBhdWNoIGRpZSBLZWtzZSBtaXQsIGRpZSBkaWUgTGVocmVyaW4gZGlyIGdlZ2ViZW4gaGF0Lg==,W3swfV0KVGVuZXosIGVtcG9ydGV6IGF1c3NpIGxlcyBiaXNjdWl0cyBxdWUgbGUgcHJvZmVzc2V1ciB2b3VzIGEgZG9ubsOpcy4=,W3swfV0KSW5pIGp1Z2Ega3VlIHlhbmcgZGliZXJpa2FuIGd1cnUsIGJhd2EganVnYSB5YS4=,W3swfV0KxLDFn3RlIMO2xJ9yZXRtZW5pbml6aW4gdmVyZGnEn2kga3VyYWJpeWVsZXJpIGRlIGFsLg==
sLKe,W+y9lOuNuOumrOyVhF0K6rO87J6Q64qUIOyWtOuUlOyXkCDsnojso6A/IOqxsOynk+unkOydtOudvOuLiCDrrLTroYDtlZjshZTsmpQu,W0NvcmRlbGlhXQpXaGVyZSBpcyB0aGlzIHNuYWNrIHlvdSBzcGVhayBvZj8gU3VjaCBkZWNlaXQgaXMgbW9zdCBydWRlLg==,,W+enkeW+t+iOieS6ml0K54K55b+D5Zyo5ZOq6YeM77yf6K+06LCO5Lmf5aSq5peg56S85LqG44CC,,W0NvcmRlbGlhXQrguILguJnguKHguK3guKLguLnguYjguYTguKvguJk/IOC5guC4geC4q+C4geC4meC4teC5iOC5gOC4quC4teC4ouC4oeC4suC4o+C4ouC4suC4l+C4meC4sA==,,,W0NvcmRlbGlhXQrCv0TDs25kZSBlc3TDoW4gbGFzIGdhbGxldGFzPyBFcyBtdXkgZGVzY29ydMOpcyBtZW50aXIu,W0NvcmRlbGlhXQpXbyBzaW5kIGRpZSBLZWtzZT8gWnUgbMO8Z2VuIGlzdCB1bmjDtmZsaWNoLg==,W0NvcmRlbGlhXQpPw7kgc29udCBsZXMgYmlzY3VpdHMgPyBOZSBtZSBtZW50ZXogcGFzLCBjJ2VzdCBpbXBvbGku,W0NvcmRlbGlhXQpLdWVueWEgYWRhIGRpIG1hbmE/IEJlcmJvaG9uZyBpdHUgdGlkYWsgc29wYW4u,W0NvcmRlbGlhXQpLdXJhYml5ZWxlciBuZXJlZGU/IFlhbGFuIHPDtnlsZW1layBkZSBuZSwgbmUga2FkYXIga2FiYXPEsW7EsXou
sbKe,W+y9lOuNuOumrOyVhF0K7JmAISDsmqnrqLjrpqwg7L+g7YKk64ukISDrp5vsnojqsqDri6QhIOyZgCE=,W0NvcmRlbGlhXQpPaCEgSXTigJlzIGEgRHJhZ29uIEhlYWQgQ29va2llISBJdCBsb29rcyBkZWxpY2lvdXMhIE9oIG15IQ==,,W+enkeW+t+iOieS6ml0K5ZOH77yB5piv6b6Z5aS06aW85bmy77yB55yL6LW35p2l5aW95aW95ZCD77yB5ZOH77yB,,W0NvcmRlbGlhXQrguKfguYnguLLguKchIERyYWdvbiBIZWFkIENvb2tpZSEg4LiZ4LmI4Liy4LiB4Li04LiZ4LiI4Lix4LiHISDguKfguYnguLLguKch,,,W0NvcmRlbGlhXQrCoUd1YXUhIMKhRXMgR2FsbGV0YSBjb24gZm9ybWEgZGUgY2FiZXphIGRlIGRyYWfDs24hIMKhUXXDqSByaWNvISDCoUd1YXUh,W0NvcmRlbGlhXQpXb3chIEVpbiBEcmFjaGVua29wZi1LZWtzISBEZXIgc2llaHQgamEgbGVja2VyIGF1cyEgV293IQ==,W0NvcmRlbGlhXQpXYSAhIFVuIEJpc2N1aXQgdMOqdGUgZGUgZHJhZ29uICEgw4dhIGEgbCdhaXIgZMOpbGljaWV1eCAhIFdhICE=,W0NvcmRlbGlhXQpXYWghIEluaSBEcmFnb24gSGVhZCBDb29raWUhIEtlbGloYXRhbm55YSBlbmFrISBXYWgh,W0NvcmRlbGlhXQpWYXkhIEVqZGVyaGEgS2FmYXPEsSBLdXJhYml5ZXNpISDDh29rIGxlenpldGxpIGfDtnLDvG7DvHlvciEgVmF5IQ==
srKe,W3swfV0KLi4uLi4u6reA7Jes7JuMLg==,W3swfV0K4oCmU28gY3V0ZS4=,,W3swfV0KLi4uLi4u55yf5Y+v54ix44CC,,W3swfV0KLi4uLi4u4LiZ4LmI4Liy4Lij4Lix4LiB,,,W3swfV0KLi4uLi4uUXXDqSBtb25hLg==,W3swfV0KLi4uLi4uV2llIHPDvMOfLg==,W3swfV0K4oCmIEPigJllc3QgbWlnbm9uLg==,W3swfV0KLi4uLi4uSW11dC4=,W3swfV0KLi4uLi4uTmUga2FkYXIgc2V2aW1saS4=
s7Ke,W+y9lOuNuOumrOyVhF0K7Jqp66i466asIOy/oO2CpCDrsJTsgq3rsJTsgq3tlbTsmpQhIOunm+yeiOyWtCE=,W0NvcmRlbGlhXQpUaGUgRHJhZ29uIEhlYWQgQ29va2llIGlzIHNvIGNyaXNweSEgSXTigJlzIHl1bW15IQ==,,W+enkeW+t+iOieS6ml0K6b6Z5aS06aW85bmy5aW96YWl6ISG77yB55yf5aW95ZCD77yB,,W0NvcmRlbGlhXQpEcmFnb24gSGVhZCBDb29raWUg4LiB4Lij4Lit4LiaIOC5hiAhIOC4quC4uOC4lOC5geC4quC4meC4reC4o+C5iOC4reC4oiE=,,,W0NvcmRlbGlhXQrCoUdhbGxldGEgY29uIGZvcm1hIGRlIGNhYmV6YSBkZSBkcmFnw7NuIGVzdMOhIGNydWppZW50ZSEgwqFRdcOpIHJpY28h,W0NvcmRlbGlhXQpEZXIgRHJhY2hlbmtvcGYtS2VrcyBpc3Qgc2Now7ZuIGtudXNwcmlnISBMZWNrZXIh,W0NvcmRlbGlhXQpMZSBCaXNjdWl0IHTDqnRlIGRlIGRyYWdvbiBlc3QgYmllbiBjcm91c3RpbGxhbnQgISBUcm9wIGJvbiAh,W0NvcmRlbGlhXQpEcmFnb24gSGVhZCBDb29raWUgcmVueWFoISBFbmFrIQ==,W0NvcmRlbGlhXQpFamRlcmhhIEthZmFzxLEgS3VyYWJpeWVzaSDDp8SxdMSxciDDp8SxdMSxciEgw4dvayBsZXp6ZXRsaSE=
tLKe,7KCc7J24,SmFuZQ==,,566A,,SmFuZQ==,,,SmFuYcOtbmE=,SmFuZQ==,SmFuZQ==,SmFuZQ==,SmFuZQ==
tbKe,7KCc7J24IDog67O06rOo67O06rOoLi4uIOuztOq3uOultOultOultOultC4uLi4uLg==,SmFuZSBCdWJibGluZ+KApiBibHViIGJsdWIgYmx1dXV1YuKApuKApg==,,566AOiDlkpXlmZzlkpXlmZwuLi7lkpXlmZzlmZzlmZzlmZwuLi4uLi4=,,SmFuZSA6IOC4m+C4uOC5iuC4muC4m+C4seC5iuC4mi4uLiDguJvguKPguLbguYvguIfguIfguIfguIcuLi4=,,,SmFuYcOtbmE6IEdsdWIsIGdsdWIuLi4gZ2x1YnJycnJyLi4uLi4u,SmFuZSA6IEJsdWJiIGJsdWJiLi4uIGJsdWJiYmJiYmIuLi4uLi4=,SmFuZSA6IEJvZ29sYm9nb2wuLi4gQm9nZXVycnJyci4uLi4uLg==,SmFuZSA6IEdsdWsgZ2x1ay4uLiBnbHVidXJycnJyLi4uLi4u,SmFuZSA6IEJ1YnVyIGJ1YnVyLi4uIGJ1YnVycnJyci4uLi4uLg==
trKe,W+ygnOyduF0K67O06rOo67O06rOo67O06rOo67O06rOoLi4u,W0phbmVdCkJsdWIgYmx1YiBibHViIGJsdWLigKY=,,W+eugF0K5ZKV5Zmc5ZKV5Zmc5ZKV5Zmc5ZKV5ZmcLi4u,,W0phbmVdCuC4m+C4uOC5iuC4muC4m+C4seC5iuC4muC4m+C4uOC5iuC4muC4m+C4seC5iuC4mi4uLg==,,,W0phbmHDrW5hXQpHbHViLCBnbHViLCBnbHViLCBnbHViLi4u,W0phbmVdCkJsdWJiIGJsdWJiIGJsdWJiIGJsdWJiLi4u,W0phbmVdCkJvZ29sYm9nb2xib2dvbGJvZ29sLi4u,W0phbmVdCkdsdWsgZ2x1ayBnbHVrIGdsdWsuLi4=,W0phbmVdCkJ1YnVyIGJ1YnVyIGJ1YnVyIGJ1YnVyLi4u
t7Ke,W+ygnOyduF0K67O06re466W066W066W0Li4uIOuztOqzqOuztOqzqC4uLg==,W0phbmVdCkJycnJibHVi4oCmIGJsdWIgYmx1YuKApg==,,W+eugF0K5ZKV5Zmc5Zmc5ZmcLi4u5ZKV5Zmc5ZKV5ZmcLi4u,,W0phbmVdCuC4m+C4o+C4tuC5i+C4h+C4hy4uLiDguJvguLjguYrguJrguJvguLHguYrguJouLi4=,,,W0phbmHDrW5hXQpHbHVicnJyci4uLiBnbHViLCBnbHViLi4u,W0phbmVdCkJsdWJiYmJiLi4uIGJsdWJiIGJsdWJiLi4u,W0phbmVdCkJvZ2V1cnJyLi4uIEJvZ29sYm9nb2wuLi4=,W0phbmVdCkdsdWJ1cnJyLi4uIGdsdWsgZ2x1ay4uLg==,W0phbmVdCkJ1YnVycnJyci4uLiBidWJ1ciBidWJ1ci4uLg==
uLKe,W3swfV0K7ZeJLCDslpjslbwsIOq0nOywruuLiD8g66y87JeQIOu5oOynhCDqsbDslbw/,W3swfV0KR2FzcOKAlGFyZSB5b3Ugb2theT8gRGlkIHlvdSBmYWxsIGludG8gdGhlIHdhdGVyPw==,,W3swfV0K5ZOI77yM5L2g6L+Y5aW95ZCX77yf5L2g5o6J6L+b5rC06YeM5LqG5ZCX77yf,,W3swfV0K4LmA4Liu4LmJIOC5gOC4lOC5h+C4geC4meC5ieC4reC4oiDguYDguIjguYnguLLguYDguJvguYfguJnguK3guLDguYTguKM/IOC4leC4geC4meC5ieC4s+C4q+C4o+C4t+C4rT8=,,,W3swfV0KwqFPaCEgT3llLCDCv2VzdMOhcyBiaWVuPyDCv1RlIGhhcyBjYcOtZG8gYWwgYWd1YT8=,W3swfV0KSHVjaCwgS2xlaW5lLCBhbGxlcyBva2F5PyBCaXN0IGR1IGlucyBXYXNzZXIgZ2VmYWxsZW4/,W3swfV0KSGVpbiwgw6dhIHZhLCBtYSBwZXRpdGUgPyBUdSBlcyB0b21iw6llIGRhbnMgbOKAmWVhdSA/,W3swfV0KSGFoLCBOYWssIGthbXUgdGlkYWsgYXBhLWFwYT8gS2FtdSBqYXR1aCBrZSBhaXI/,W3swfV0KQWgsIHlhdnJ1bSwgaXlpIG1pc2luPyBTdXlhIG3EsSBkw7zFn3TDvG4/
ubKe,W+ygnOyduF0K7ZG4IQrslYTri4jsl5DsmpQsIOyghCDsoIDsmYDsnZgg7Iu47JuA7J2EIO2VmOqzoCDsnojsl4jri6TqtazsmpQu,W0phbmVdClB3YWghCk5vLCBJIHdhcyBiYXR0bGluZyBteXNlbGYu,,W+eugF0K5ZmX77yBCuS4jeaYr+WVpu+8jOaIkeaYr+WcqOWSjOiHquW3seaImOaWl+WRouOAgg==,,W0phbmVdCuC4n+C4ueC5iCEK4LmE4Lih4LmI4LmD4LiK4LmIIOC4guC5ieC4suC4geC4s+C4peC4seC4h+C4leC5iOC4reC4quC4ueC5ieC4geC4seC4muC4leC4seC4p+C5gOC4reC4h+C4reC4ouC4ueC5iA==,,,W0phbmHDrW5hXQrCoVB1ZiEKTm8sIGVzdGFiYSBsaWJyYW5kbyB1bmEgYmF0YWxsYSBjb250cmEgbWkgcHJvcGlvIHlvLg==,W0phbmVdClBmZiEKTmVpbiwgaWNoIGhhYmUgZ2VnZW4gbWljaCBzZWxic3QgZ2Vrw6RtcGZ0Lg==,W0phbmVdClBvdWYhCk5vbiwgamUgbWVuYWlzIHVuIGNvbWJhdCBjb250cmUgbW9pLW3Dqm1lLg==,W0phbmVdClB1aCEKVGlkYWssIGFrdSBzZWRhbmcgYmVydGFydW5nIGRlbmdhbiBkaXJpa3Ugc2VuZGlyaS4=,W0phbmVdClDDvCEKSGF5xLFyLCBiZW4ga2VuZGltbGUgYmlyIHNhdmHFnyB2ZXJpeW9yZHVtLg==
urKe,W3swfV0K7J2MLi4uIOyEoOyDneuLmOydtOuekSDsiKjrsJTqvK3sp4gg7ZWY6rOgIOyeiOuNmCDqsbAg7JWE64uI64uIPw==,W3swfV0KVWjigKYgd2VyZW7igJl0IHlvdSBwbGF5aW5nIGhpZGUtYW5kLXNlZWsgd2l0aCB5b3VyIHRlYWNoZXI/,,W3swfV0K5ZevLi4u5L2g5LiN5piv5Zyo5ZKM6ICB5biI546p5o2J6L+36JeP5ZCX77yf,,W3swfV0K4Lit4Li34LihLi4uIOC5hOC4oeC5iOC5hOC4lOC5ieC5gOC4peC5iOC4meC4i+C5iOC4reC4meC4q+C4suC4geC4seC4muC4hOC4o+C4ueC4reC4ouC4ueC5iOC4q+C4o+C4t+C4rT8=,,,W3swfV0KTW1tLi4uIMK/Tm8gZXN0YWJhcyBqdWdhbmRvIGFsIGVzY29uZGl0ZSBjb24gZWwgcHJvZmVzb3I/,W3swfV0KSG0uLi4gSGFzdCBkdSBuaWNodCBlaWdlbnRsaWNoIG1pdCBkZXIgTGVocmVyaW4gVmVyc3RlY2tlbiBnZXNwaWVsdD8=,W3swfV0KSHVtLi4uIFR1IG5lIGpvdWFpcyBwYXMgcGx1dMO0dCDDoCBjYWNoZS1jYWNoZSBhdmVjIGxlIHByb2Zlc3NldXIgPw==,W3swfV0KSG1tLi4uIEJ1a2Fua2FoIGthbXUgc2VkYW5nIG1haW4gcGV0YWsgdW1wZXQgZGVuZ2FuIGd1cnU/,W3swfV0KSMSxbS4uLiDDtsSfcmV0bWVuaW5pemxlIHNha2xhbWJhw6cgb3luYW3EsXlvciBtdXlkdW51ej8=
u7Ke,W+ygnOyduF0K7JWELCDqt7jqsoPrj4Qg66ee7JWE7JqULiDquYzrqLnsl4jsp4Drp4wu,W0phbmVdCk9oLCByaWdodC4gVGhhdCB0b28uIEkgZm9yZ290Lg==,,W+eugF0K5ZWK77yM6YKj5Lmf5rKh6ZSZ44CC5Y+q5piv5oiR5b+Y5LqG44CC,,W0phbmVdCuC4reC5ieC4rSDguYPguIrguYgg4Lil4Li34Lih4LmE4Lib4LmA4Lil4Lii,,,W0phbmHDrW5hXQpBaCwgZXNvIHRhbWJpw6luIGVzIGNpZXJ0by4gUGVybyBzZSBtZSBoYWLDrWEgb2x2aWRhZG8u,W0phbmVdCkFoLCBzdGltbXQsIGRhcyBhdWNoLiBIYWIgaWNoIHZlcmdlc3Nlbi4=,W0phbmVdCkFoLCDDp2EgYXVzc2ksIGMnZXN0IHZyYWkuIE1haXMgaidhdmFpcyBvdWJsacOpLg==,W0phbmVdCkFoLCBpdHUganVnYSBiZW5hci4gV2FsYXUgYWt1IGx1cGEu,W0phbmVdCkFoLCBvIGRhIGRvxJ9ydS4gVW51dG11xZ90dW0gYW1hLg==
vLKe,W3swfV0K7J2RLi4uIOyEoOyDneuLmOydtCDqt7jrp4wg7Jik65287IWULgrsl6zquLAg6rO87J6QIOykhCDthYzri4gg66i57Jy866m07IScIOqwgOugtC4=,W3swfV0KWWVhaOKApiB0aGUgdGVhY2hlciBzYXlzIGl04oCZcyB0aW1lIHRvIGNvbWUgYmFjay4KSGVyZSwgaGF2ZSBhIHNuYWNrIGFuZCBlYXQgaXQgb24gdGhlIHdheS4=,,W3swfV0K5ZevLi4u6ICB5biI5Y+r5L2g5Yir5YaN5p2l5LqG44CCCue7meS9oOeCueW/g++8jOS9oOi+ueWQg+i+uei1sOWQp+OAgg==,,W3swfV0K4LiE4Lij4Li54Lia4Lit4LiB4LmD4Lir4LmJ4LiB4Lil4Lix4Lia4LmE4LiU4LmJ4LmB4Lil4LmJ4LinCuC4meC4teC5iOC4guC4meC4oSDguYDguK3guLLguYTguJvguIHguLTguJnguKPguLDguKvguKfguYjguLLguIfguJfguLLguIfguJnguLA=,,,W3swfV0KU8OtLi4uIEVsIHByb2Zlc29yIGRpY2UgcXVlIHZ1ZWx2YXMgeWEuClRvbWEgZXN0YXMgZ2FsbGV0YXMgeSBjw7NtZXRlbGFzIHBvciBlbCBjYW1pbm8u,W3swfV0KSmEuLi4gRGllIExlaHJlcmluIHNhZ3QsIGR1IHNvbGxzdCBqZXR6dCB6dXLDvGNra29tbWVuLgpIaWVyLCBpY2ggZ2ViIGRpciBLZWtzZSwgYWxzbyBpc3Mgc2llIGF1ZiBkZW0gV2VnLg==,W3swfV0KT3VhaXPigKYgTGEgbWHDrnRyZXNzZSBkaXQgcXVlIGMnZXN0IGZpbmkuClRpZW5zLCBkZXMgYmlzY3VpdHMuIE1hbmdlLWxlcyBlbiByb3V0ZS4=,W3swfV0KWWEuLi4gR3VydSBiaWxhbmcga2FtdSBoYXJ1cyBiZXJoZW50aSBkYXRhbmcuCkluaSBrdWVueWEsIG1ha2FubGFoIHNhbWJpbCBwZXJnaS4=,W3swfV0KRXZldC4uLiDDtsSfcmV0bWVuaW5peiBhcnTEsWsgZ2VsbWVuaXppIHPDtnlsw7x5b3IuCsSwxZ90ZSBzYW5hIGt1cmFiaXllIHZlcmVjZcSfaW0sIHllcmtlbiBnaXQu
vbKe,W+ygnOyduF0K6rO87J6QIOyWtOuUlCDsnojslrTsmpQ/,W0phbmVdCldoZXJl4oCZcyB0aGUgc25hY2s/,,W+eugF0K54K55b+D5Zyo5ZOq6YeM77yf,,W0phbmVdCuC4guC4meC4oeC4reC4ouC4ueC5iOC5hOC4q+C4mT8=,,,W0phbmHDrW5hXQrCv0TDs25kZSBlc3TDoW4gbGFzIGdhbGxldGFzPw==,W0phbmVdCldvIHNpbmQgZGllIEtla3NlPw==,W0phbmVdCk/DuSBzb250IGxlcyBiaXNjdWl0cyA/,W0phbmVdCkt1ZW55YSBhZGEgZGkgbWFuYT8=,W0phbmVdCkt1cmFiaXllIG5lcmVkZT8=
vrKe,W+ygnOyduF0K7JmALCDrp4jsuagg67Cw6rCAIOqzoO2UhOuNmCDssLjsnbTsl5DsmpQuCuqzoOunmeyKteuLiOuLpCwg66qo66W064qUIOyEoOyDneuLmC4=,W0phbmVdCldvdywgSSB3YXMgZ2V0dGluZyBodW5ncnkgYW55d2F5LgpUaGFuayB5b3UsIG1pc3RlciB0ZWFjaGVyIEkgZG9u4oCZdCBrbm93Lg==,,W+eugF0K5ZOH77yM5oiR5q2j5aW96aW/552A5ZGi44CCCuiwouiwouS9oO+8jOmZjOeUn+eahOiAgeW4iOOAgg==,,W0phbmVdCuC4p+C5ieC4suC4pyDguIHguLPguKXguLHguIfguKvguLTguKfguJ7guK3guJTguLUK4LiC4Lit4Lia4LmD4LiI4LiZ4LiwIOC4hOC4o+C4ueC4l+C4teC5iOC5hOC4oeC5iOC4o+C4ueC5ieC4iOC4seC4gQ==,,,W0phbmHDrW5hXQpWYXlhLCBqdXN0byB0ZW7DrWEgaGFtYnJlLgpHcmFjaWFzLCBwcm9mZSwgYXVucXVlIG5vIHPDqSBxdWnDqW4gZXJlcy4=,W0phbmVdCldvdywgaWNoIGhhdHRlIGdlcmFkZSBIdW5nZXIuCkRhbmtlLCB1bmJla2FubnRlIExlaHJlcmluLg==,W0phbmVdCk9oLCBqdXN0ZW1lbnQsIGrigJlhdmFpcyBmYWltLgpNZXJjaSwgbGEgbWHDrnRyZXNzZSBpbmNvbm51ZS4=,W0phbmVdCldhaCwga2ViZXR1bGFuIGFrdSBzZWRhbmcgbGFwYXIuClRlcmltYSBrYXNpaCwgZ3VydSB5YW5nIHRpZGFrIGt1a2VuYWwu,W0phbmVdClZheSwgdGFtIGRhIGFjxLFrbcSxxZ90xLFtLgpUZcWfZWtrw7xyIGVkZXJpbSwgdGFuxLFtYWTEscSfxLFtIMO2xJ9yZXRtZW4u
v7Ke,W+ygnOyduF0K7Jqp66i466asIOy/oO2CpCDrsJTsgq3rsJTsgq3tlbTsmpQhIOunm+yeiOyWtCE=,W0phbmVdClRoZSBEcmFnb24gSGVhZCBDb29raWUgaXMgc28gY3Jpc3B5ISBJdOKAmXMgeXVtbXkh,,W+eugF0K6b6Z5aS06aW85bmy5aW96ISG77yB5aW95ZCD77yB,,W0phbmVdCkRyYWdvbiBIZWFkIENvb2tpZSDguIHguKPguK3guJog4LmGICEg4Liq4Li44LiU4LmB4Liq4LiZ4Lit4Lij4LmI4Lit4LiiIQ==,,,W0phbmHDrW5hXQpHYWxsZXRhIGNvbiBmb3JtYSBkZSBjYWJlemEgZGUgZHJhZ8OzbiDCoVF1w6kgY3J1amllbnRlISDCoUVzdMOhIHJpY28h,W0phbmVdCkRlciBEcmFjaGVua29wZi1LZWtzIGlzdCBzY2jDtm4ga251c3ByaWchIExlY2tlciE=,W0phbmVdCkxlIEJpc2N1aXQgdMOqdGUgZGUgZHJhZ29uIGVzdCB0b3V0IGNyb3VzdGlsbGFudCAhIFRyb3AgYm9uICE=,W0phbmVdCkRyYWdvbiBIZWFkIENvb2tpZSByZW55YWghIEVuYWsh,W0phbmVdCkVqZGVyaGEgS2FmYXPEsSBLdXJhYml5ZXNpIMOnxLF0xLFyIMOnxLF0xLFyISDDh29rIGxlenpldGxpIQ==
wLKe,7Z6I7Iqk,SGVhdGg=,,5biM5pav,,SGVhdGg=,,,SGVhdGg=,SGVhdGg=,SGVhdGg=,SGVhdGg=,SGVhdGg=
wbKe,7Z6I7IqkIDog7YKBLCDtgoHtgoEuLi4g66eb7J6I64qUIOuDhOyDiOyVoC4uLiDsnLzslYQsIO2ajOqwgCDrj5ntlanri4jri6Qh,SGVhdGggU25pZmYsIHNuaWZm4oCmIHN1Y2ggYSBnb29kIHNtZWxs4oCmIHdob2EsIG15IGFwcGV0aXRl4oCZcyBraWNraW5nIGluIQ==,,5biM5pavOiDll4XvvIzll4Xll4UuLi7lpb3pppnnmoTlkbPpgZMuLi7lkZzllYrvvIzmiJHppovlvpfkuI3ooYzkuobvvIE=,,SGVhdGggOiDguJ/guLjguJTguJ/guLTguJQg4Lif4Li44LiU4Lif4Li04LiULi4uIOC4geC4peC4tOC5iOC4meC4q+C4reC4oeC4reC4o+C5iOC4reC4oi4uLiDguK3guYnguLIg4LiZ4LmJ4Liz4Lil4Liy4Lii4LmE4Lir4Lil4LmA4Lil4LiiIQ==,,,SGVhdGg6IFNuaWYsIHNuaWYuLi4gUXXDqSBvbG9yIHRhbiByaWNvLi4uIMKhQWFhaCwgbWUgYXBldGVjZSBTYXNoaW1pIQ==,SGVhdGggOiBTY2huw7xmZiwgc2NobsO8ZmbigKYgbW1taCwgZGFzIHJpZWNodCBqYSBsZWNrZXLigKYgVWFoLCBtaXIgbMOkdWZ0IGRhcyBXYXNzZXIgaW0gTXVuZCB6dXNhbW1lbiE=,SGVhdGggOiBTbmlmLCBzbmlmLi4uIFVuZSBib25uZSBvZGV1ci4uLiBPdWFoLCBq4oCZZW4gc2FsaXZlICE=,SGVhdGggOiBIbmcsIGhuZ2huZy4uLiBiYXUgeWFuZyBlbmFrLi4uIFV3YWgsIGFrdSBqYWRpIG5naWxlciE=,SGVhdGggOiBIxLFtbSwgaMSxbW0gaMSxbW0uLi4gTGV6emV0bGkgYmlyIGtva3UuLi4gQWFhLCBhxJ96xLFtIHN1bGFuZMSxIQ==
wrKe,W+2eiOyKpF0K7ZmU7JWELi4uIOunm+yeiOuKlCDrg4Tsg4gu,W0hlYXRoXQpIYWFh4oCmIGl0IHNtZWxscyBzbyBnb29kLg==,,W+W4jOaWr10K5ZOI5ZWKLi4u5aW96aaZ55qE5ZGz6YGT44CC,,W0hlYXRoXQrguKfguYnguLLguKcuLi4g4Lir4LmK4Lit4Lih4Lir4Lit4Lih,,,W0hlYXRoXQpBYWguLi4gUXXDqSBvbG9yIHRhbiByaWNvLg==,W0hlYXRoXQpIYWEuLi4gRGFzIHJpZWNodCBsZWNrZXIu,W0hlYXRoXQpIYWEuLi4gVW5lIGJvbm5lIG9kZXVyLg==,W0hlYXRoXQpIYWEuLi4gYmF1IHlhbmcgZW5hay4=,W0hlYXRoXQpIYWEuLi4gTGV6emV0bGkgYmlyIGtva3Uu
w7Ke,W3swfV0K7JikLCDssL7slZjri6QuCuuEpOqwgCDtlITroaDthYzrnbwg67O07Jyh7JuQ7JeQ7IScIOyYqCDqvKzrp4jsp4A/,W3swfV0KT2gsIGZvdW5kIHlvdS4KWW914oCZcmUgb25lIG9mIHRoZSBraWRzIGZyb20gdGhlIFByb250ZXJhIG9ycGhhbmFnZSwgcmlnaHQ/,,W3swfV0K5ZOm77yM5om+5Yiw5LqG44CCCuS9oOaYr+S7juaZrumahuW+t+aLieWtpOWEv+mZouadpeeahOWwj+WtqeWQp++8nw==,,W3swfV0K4LmA4LiI4Lit4LmB4Lil4LmJ4LinIOC5gOC4iOC5ieC4suC4hOC4t+C4reC5gOC4lOC5h+C4geC4iOC4suC4geC4quC4luC4suC4meC5gOC4peC4teC5ieC4ouC4h+C5gOC4lOC5h+C4geC4geC4s+C4nuC4o+C5ieC4siBQcm9udGVyYSDguKrguLTguJnguLA=,,,W3swfV0KT2gsIHRlIGVuY29udHLDqS4KVMO6IGVyZXMgZWwgcGVxdWUgcXVlIHZpZW5lIGRlbCBvcmZhbmF0byBkZSBQcm9udGVyYSwgwr92ZXJkYWQ/,W3swfV0KT2gsIGRhIGJpc3QgZHUgamEuCkR1IGJpc3QgZG9jaCBkYXMgS2luZCBhdXMgZGVtIFdhaXNlbmhhdXMgaW4gUHJvbnRlcmEsIG9kZXI/,W3swfV0KT2gsIGplIHTigJlhaSB0cm91dsOpLgpUdSBlcyBsZSBwZXRpdCBxdWkgdmllbnQgZGUgbOKAmW9ycGhlbGluYXQgZGUgUHJvbnRlcmEsIGPigJllc3Qgw6dhID8=,W3swfV0KT2gsIGtldGVtdS4KS2FtdSBhbmFrIGtlY2lsIHlhbmcgZGF0YW5nIGRhcmkgcGFudGkgYXN1aGFuIFByb250ZXJhLCBrYW4/,W3swfV0KT2gsIGJ1bGR1bS4KU2VuIFByb250ZXJhIHlldGltaGFuZXNpbmRlbiBnZWxlbiBrw7zDp8O8ayDDp29jdWsgbXVzdW4/
xLKe,W+2eiOyKpF0K7JmALi4uIOunm+yeiOuKlCDrg4Tsg4guLi4=,W0hlYXRoXQpXb3figKYgc3VjaCBhIHRhc3R5IHNtZWxs4oCm,,W+W4jOaWr10K5ZOHLi4u5aW96aaZ55qE5ZGz6YGTLi4u,,W0hlYXRoXQrguKfguYnguLLguKcuLi4g4Lir4LmK4Lit4Lih4Lir4Lit4Lih,,,W0hlYXRoXQpHdWF1Li4uIFF1w6kgb2xvciB0YW4gcmljby4uLg==,W0hlYXRoXQpXb3cuLi4gRGFzIHJpZWNodCBsZWNrZXIuLi4=,W0hlYXRoXQpPdWFoLi4uIFVuZSBib25uZSBvZGV1ci4uLg==,W0hlYXRoXQpXYWguLi4gYmF1IHlhbmcgZW5hay4uLg==,W0hlYXRoXQpWYXkuLi4gTGV6emV0bGkgYmlyIGtva3UuLi4=
xbKe,W3swfV0K7ISg7IOd64uY7J20IOq3uOunjCDrhoDqs6Ag7Jik65287IWULg==,W3swfV0KWW91ciB0ZWFjaGVyIHNheXMgaXTigJlzIHRpbWUgdG8gc3RvcCBwbGF5aW5nIGFuZCBjb21lIGJhY2su,,W3swfV0K6ICB5biI5Y+r5L2g5Yir546p5LqG77yM5b+r5Zue5Y6744CC,,W3swfV0K4LiE4Lij4Li54Lia4Lit4LiB4LmD4Lir4LmJ4LiB4Lil4Lix4Lia4LmE4LiU4LmJ4LmB4Lil4LmJ4Lin,,,W3swfV0KTGEgcHJvZmVzb3JhIGRpY2UgcXVlIGRlamVzIGRlIGp1Z2FyIHkgdnVlbHZhcy4=,W3swfV0KRGllIExlaHJlcmluIHNhZ3QsIGR1IHNvbGxzdCBqZXR6dCBhdWZow7ZyZW4genUgc3BpZWxlbiB1bmQgenVyw7xja2tvbW1lbi4=,W3swfV0KTGEgbWHDrnRyZXNzZSBkaXQgZOKAmWFycsOqdGVyIGRlIGpvdWVyIGV0IGRlIHJldmVuaXIu,W3swfV0KR3VydSBtZW55dXJ1aG11IGJlcmhlbnRpIG1haW4tbWFpbiBkYW4ga2VtYmFsaS4=,W3swfV0Kw5bEn3JldG1lbiwgYXJ0xLFrIG95dW51IGLEsXJha8SxcCBnZWxtZW5pIHPDtnlsZWRpLg==
xrKe,W+2eiOyKpF0K7ZuE7JWE7JWELi4uIOunm+yeiOuKlCDrg4Tsg4guLi4=,W0hlYXRoXQpIb29vYWHigKYgeXVtbXkgc21lbGzigKY=,,W+W4jOaWr10K5ZG85ZWK5ZWKLi4u5aW96aaZ55qE5ZGz6YGTLi4u,,W0hlYXRoXQrguKvguK3guKHguIjguKPguLTguIcg4LmGIC4uLi4=,,,W0hlYXRoXQpGdWFhLi4uIFF1w6kgb2xvciB0YW4gcmljby4uLg==,W0hlYXRoXQpIdWFhLi4uIERhcyByaWVjaHQgbGVja2VyLi4u,W0hlYXRoXQpIb3VhYS4uLiBVbmUgYm9ubmUgb2RldXIuLi4=,W0hlYXRoXQpIdWFhYS4uLiBiYXUgeWFuZyBlbmFrLi4u,W0hlYXRoXQpIdXV1YWEuLi4gTGV6emV0bGkgYmlyIGtva3UuLi4=
x7Ke,W3swfV0K6rO87J6QIOykhCDthYzri4jquYwg64OE7IOIIOq3uOunjCDrp6Hqs6Ag6rCA7J6QLg==,W3swfV0KSeKAmWxsIGdpdmUgeW91IGEgc25hY2ssIHNvIHN0b3Agc25pZmZpbmcgYXJvdW5kIGFuZCBsZXTigJlzIGdvLg==,,W3swfV0K57uZ5L2g54K55b+D77yM5omA5Lul5Yir5YaN6Ze75LqG77yM6LWw5ZCn44CC,,W3swfV0K4LiC4LmJ4Liy4LmD4Lir4LmJ4LiC4LiZ4LihIOC5gOC4peC4tOC4geC4lOC4oeC5geC4peC5ieC4p+C4geC4peC4seC4muC4geC4seC4meC5gOC4luC4tOC4lA==,,,W3swfV0KVGUgZGFyw6kgdW5hIGdhbGxldGEsIGFzw60gcXVlIGRlamEgZGUgb2xmYXRlYXIgeSB2w6Ftb25vcy4=,W3swfV0KSWNoIGdlYiBkaXIgS2Vrc2UsIGFsc28gaMO2ciBhdWYsIGRhcmFuIHp1IHNjaG7DvGZmZWxuLCB1bmQga29tbSBtaXQu,W3swfV0KVGllbnMsIGRlcyBiaXNjdWl0cy4gQXJyw6p0ZSBkZSByZW5pZmxlciBldCB2aWVucy4=,W3swfV0KQWt1IGFrYW4gbWVtYmVyaW11IGt1ZSwgamFkaSBiZXJoZW50aSBtZW5nZW5kdXMgZGFuIGF5byBwZXJnaS4=,W3swfV0KU2FuYSBrdXJhYml5ZSB2ZXJlY2XEn2ltLCBvIHnDvHpkZW4ga29rbGFtYXnEsSBixLFyYWsgZGEgZ2lkZWxpbS4=
yLKe,W+2eiOyKpF0K7Zi47Jqw7Jqw7JqwLi4uIOunm+yeiOuKlCDrg4Tsg4guLi4=,W0hlYXRoXQpIb29vb+KApiB0YXN0eSBzbWVsbOKApg==,,W+W4jOaWr10K5ZC85ZGc5ZGc5ZGcLi4u5aW96aaZ55qE5ZGz6YGTLi4u,,W0hlYXRoXQrguKvguK3guKHguIjguLHguIcuLi4=,,,W0hlYXRoXQpIb29vLi4uIFF1w6kgb2xvciB0YW4gcmljby4uLg==,W0hlYXRoXQpIb29vdXV1Li4uIERhcyByaWVjaHQgbGVja2VyLi4u,W0hlYXRoXQpIb29vdXV1Li4uIFVuZSBib25uZSBvZGV1ci4uLg==,W0hlYXRoXQpIb29vdXV1Li4uIGJhdSB5YW5nIGVuYWsuLi4=,W0hlYXRoXQpIb29vdXV1Li4uIExlenpldGxpIGJpciBrb2t1Li4u
ybKe,W3swfV0K7Ja0LCDqs7zsnpAg7Ja065SUIOqwlOyngC4=,W3swfV0KSHVoLCB3aGVyZSBkaWQgdGhlIHNuYWNrIGdvPw==,,W3swfV0K5ZKm77yM54K55b+D5Y675ZOq5LqG44CC,,W3swfV0K4LmA4Lit4LmK4LiwIOC4guC4meC4oeC4q+C4suC4ouC5hOC4m+C5hOC4q+C4meC4meC4sA==,,,W3swfV0KRWgsIMK/ZMOzbmRlIHNlIGhhIG1ldGlkbyBsYSBnYWxsZXRhPw==,W3swfV0Kw4RoLi4uIFdvIHNpbmQgZGllIEtla3NlIGhpbj8=,W3swfV0KSGVpbiwgb8O5IHNvbnQgcGFzc8OpcyBsZXMgYmlzY3VpdHMgPw==,W3swfV0KRWgsIGtlIG1hbmEgcGVyZ2lueWEga3VlIGl0dS4=,W3swfV0KxZ5leSwga3VyYWJpeWUgbmVyZXllIGdpdHRpPw==
yrKe,W+2eiOyKpF0K7JmALCDqs7zsnpDri6QhCuyWtC4uLiDrrZDrnbzqs6Ag7ZWY7IWo7KOgPyDshKDsg53ri5g/IOuEpCE=,W0hlYXRoXQpXaG9hLCBhIHNuYWNrIQpIdWjigKYgd2hhdCBkaWQgeW91IHNheT8gVGhlIHRlYWNoZXI/IFllcyE=,,W+W4jOaWr10K5ZOH77yM5piv54K55b+D77yBCuWRgy4uLuS9oOWImuaJjeivtOS7gOS5iOadpeedgO+8n+iAgeW4iO+8n+Wlve+8gQ==,,W0hlYXRoXQrguKfguYnguLLguKcg4LiC4LiZ4LihIQrguYDguK3guYrguLAg4LmA4Lih4Li34LmI4Lit4LiB4Li14LmJ4LmA4LiI4LmJ4Liy4Lie4Li54LiU4Lin4LmI4Liy4Lit4Liw4LmE4Lij4LiZ4LiwPyDguITguKPguLk/IOC5hOC4lOC5iSE=,,,W0hlYXRoXQrCoUd1YXUsIHVuYSBnYWxsZXRhIQpFaC4uLiDCv3F1w6kgaGEgZGljaG8/IMK/TGEgcHJvZmVzb3JhPyDCoVPDrSE=,W0hlYXRoXQpXb3csIEtla3NlIQrDhGguLi4gV2FzIGhhYmVuIFNpZSBnZXNhZ3Q/IERpZSBMZWhyZXJpbj8gSmEh,W0hlYXRoXQpPdWFoLCBkZXMgYmlzY3VpdHMgIQpFdWguLi4gUXXigJlhdmV6LXZvdXMgZGl0ID8gUHJvZmVzc2V1ciA/IE91aSAh,W0hlYXRoXQpXYWgsIGt1ZSEKRWguLi4gYXBhIHRhZGkgeWFuZyBrYW11IGthdGFrYW4/IEd1cnU/IFlhIQ==,W0hlYXRoXQpWYXksIGt1cmFiaXllIQrFnmV5Li4uIE5lIGRlbWnFn3Rpbml6PyDDlsSfcmV0bWVuPyBFdmV0IQ==
y7Ke,W+2eiOyKpF0K7ISg7IOd64uY6ruYIOqwiOqyjOyalC4g66eb7J6I64qUIOyIqCDtlZwg67KI66eMIOuNlCDsiazqs6AuLi4g7ZuE7JWE7JWELi4u,W0hlYXRoXQpJ4oCZbGwgZ28gYmFjayB0byB0aGUgdGVhY2hlci4KSnVzdCBvbmUgbW9yZSBkZWVwIHNuaWZmIG9mIHRoaXMgeXVtbXkgc21lbGzigKYgaG9vb+KApg==,,W+W4jOaWr10K5oiR6L+Z5bCx5Y675om+6ICB5biI44CC5YaN5rex5ZC45LiA5Y+j6aaZ5ZGzLi4u5ZG85ZWK5ZWKLi4u,,W0hlYXRoXQrguILguYnguLLguIjguLDguYTguJvguKvguLLguITguKPguLkg4LiC4Lit4Liq4Li54LiU4LiB4Lil4Li04LmI4LiZ4Lit4Li14LiB4LiZ4Li04LiULi4uIOC4n+C4t+C4lOC4lC4uLg==,,,W0hlYXRoXQpWb3kgYSBpciBjb24gbGEgcHJvZmVzb3JhLiBTb2xvIHVuYSBib2NhbmFkYSBtw6FzIGRlIGVzZSBvbG9yIHRhbiByaWNvLi4uIEZ1YWEuLi4=,W0hlYXRoXQpJY2ggZ2VoIHp1ciBMZWhyZXJpbi4gSWNoIGF0bWUgbnVyIG5vY2ggZWlubWFsIGRpZXNlbiBsZWNrZXJlbiBEdWZ0IGVpbi4uLiBIdWFhLi4u,W0hlYXRoXQpKZSB2YWlzIGFsbGVyIHZvaXIgbGEgbWHDrnRyZXNzZS4gSnVzdGUgdW5lIGRlcm5pw6hyZSBib25uZSBib3VmZsOpZS4uLiBIb3VhYS4uLg==,W0hlYXRoXQpBa3UgYWthbiBwZXJnaSBtZW5lbXVpIEd1cnUuIEJpYXIgYWt1IG1lbmdoaXJ1cCBiYXUgZW5hayBpbmkgc2VrYWxpIGxhZ2kuLi4gaHVhYWEuLi4=,W0hlYXRoXQrDlsSfcmV0bWVuaW4geWFuxLFuYSBnaWRlY2XEn2ltLiBCaXIga2V6IGRhaGEgbGV6emV0bGkgYmlyIG5lZmVzIGFsxLFwLi4uIEh1dXVhYS4uLg==
zLKe,W+2eiOyKpF0K7Jqp66i466asIOy/oO2CpCDrsJTsgq3rsJTsgq3tlbTsmpQhIOunm+yeiOyWtCE=,W0hlYXRoXQpUaGUgRHJhZ29uIEhlYWQgQ29va2llIGlzIHNvIGNyaXNweSEgSXTigJlzIHl1bW15IQ==,,W+W4jOaWr10K6b6Z5aS06aW85bmy5aW96ISG77yB5aW95ZCD77yB,,W0hlYXRoXQpEcmFnb24gSGVhZCBDb29raWUg4LiB4Lij4Lit4LiaIOC5hiAhIOC4quC4uOC4lOC5geC4quC4meC4reC4o+C5iOC4reC4oiE=,,,W0hlYXRoXQpHYWxsZXRhIGNvbiBmb3JtYSBkZSBjYWJlemEgZGUgZHJhZ8OzbiDCoVF1w6kgY3J1amllbnRlISDCoUVzdMOhIHJpY2Eh,W0hlYXRoXQpEZXIgRHJhY2hlbmtvcGYtS2VrcyBpc3Qgc2Now7ZuIGtudXNwcmlnISBMZWNrZXIh,W0hlYXRoXQpMZSBCaXNjdWl0IHTDqnRlIGRlIGRyYWdvbiBlc3QgdG91dCBjcm91c3RpbGxhbnQgISBUcm9wIGJvbiAh,W0hlYXRoXQpEcmFnb24gSGVhZCBDb29raWUgcmVueWFoISBFbmFrIQ==,W0hlYXRoXQpFamRlcmhhIEthZmFzxLEgS3VyYWJpeWVzaSDDp8SxdMSxciDDp8SxdMSxciEgw4dvayBsZXp6ZXRsaSE=
zbKe,W+yjvOuUlF0K6rO87J6QIOqzoOuniOybjOyalCwg66qo66W064qUIOyEoOyDneuLmCE=,W0p1ZHldClRoYW5rcyBmb3IgdGhlIHNuYWNrLCBtaXN0ZXIgdGVhY2hlciBJIGRvbuKAmXQga25vdyE=,,W+acsei/ql0K6LCi6LCi5L2g55qE54K55b+D77yM5LiN6K6k6K+G55qE6ICB5biI77yB,,W0p1ZHldCuC4guC4reC4muC4hOC4uOC4k+C4quC4s+C4q+C4o+C4seC4muC4guC4meC4oeC4meC4sCDguITguLjguJPguITguKPguLnguJfguLXguYjguYTguKHguYjguKPguLnguYnguIjguLHguIEh,,,W0p1ZHldCsKhR3JhY2lhcyBwb3IgbGEgZ2FsbGV0YSwgcHJvZmUhIE5vIHPDqSBxdWnDqW4gZXJlcy4=,W0p1ZHldCkRhbmtlIGbDvHIgZGllIEtla3NlLCB1bmJla2FubnRlIExlaHJlcmluIQ==,W0p1ZHldCk1lcmNpIHBvdXIgbGVzIGJpc2N1aXRzLCBsYSBtYcOudHJlc3NlIGluY29ubnVlICE=,W0p1ZHldClRlcmltYSBrYXNpaCBhdGFzIGt1ZW55YSwgR3VydSB5YW5nIHRpZGFrIGt1a2VuYWwh,W0p1ZHldCkt1cmFiaXllIGnDp2luIHRlxZ9la2vDvHIgZWRlcmltLCB0YW7EsW1hZMSxxJ/EsW0gw7bEn3JldG1lbiE=
zrKe,W+y9lOuNuOumrOyVhF0K7KCcIOybkOuemCDsnbTrpoTsnYAg7IKs7IukIOuUsOuhnCDsnojslrTsmpQuIO2VmOyngOunjCDsvZTrjbjrpqzslYTrnbzqs6Ag67aI65+sIOyjvOyEuOyalC4=,W0NvcmRlbGlhXQpJIGRvIGhhdmUgYSBkaWZmZXJlbnQgcmVhbCBuYW1lLCBhY3R1YWxseS4KQnV0IHBsZWFzZSwgY2FsbCBtZSBDb3JkZWxpYS4=,,W+enkeW+t+iOieS6ml0K5YW25a6e5oiR5Y6f5pys6L+Y5pyJ5Y+m5LiA5Liq5ZCN5a2X44CC5L2G6K+35Y+r5oiR56eR5b636I6J5Lqa44CC,,W0NvcmRlbGlhXQrguIjguKPguLTguIcg4LmGIOC5geC4peC5ieC4p+C4guC5ieC4suC4oeC4teC4iuC4t+C5iOC4reC5gOC4o+C4teC4ouC4geC4reC4teC4geC4iuC4t+C5iOC4reC4q+C4meC4tuC5iOC4hyDguYHguJXguYjguYDguKPguLXguKLguIHguILguYnguLLguKfguYjguLIgQ29yZGVsaWEg4LmA4LiW4Li04LiU,,,W0NvcmRlbGlhXQpFbiByZWFsaWRhZCwgbWkgbm9tYnJlIHZlcmRhZGVybyBlcyBvdHJvLiBQZXJvIGxsw6FtYW1lIENvcmRlbGlhLg==,W0NvcmRlbGlhXQpFaWdlbnRsaWNoIGhhYmUgaWNoIG5vY2ggZWluZW4gYW5kZXJlbiBOYW1lbi4uLiBBYmVyIG5lbm4gbWljaCBiaXR0ZSBDb3JkZWxpYS4=,W0NvcmRlbGlhXQpFbiByw6lhbGl0w6ksIGonYWkgdW4gYXV0cmUgbm9tIMOgIGwnb3JpZ2luZS4gTWFpcyBhcHBlbGV6LW1vaSBDb3JkZWxpYS4=,W0NvcmRlbGlhXQpTZWJlbmFybnlhLCBuYW1hIGFzbGlrdSBiZXJiZWRhLiBUYXBpLCB0b2xvbmcgcGFuZ2dpbCBha3UgQ29yZGVsaWEu,W0NvcmRlbGlhXQpBc8SxbCBhZMSxbSBhc2zEsW5kYSBiYcWfa2EuIEFtYSBiYW5hIENvcmRlbGlhIGRleWluLg==
z7Ke,W+ygnOyduF0K7J2066as7IaM7ZSEIOyEoOyDneuLmOydgCDslrTrpbjsnbjrjbDrj4Qg64aA66as66m0IOyauOyWtOuyhOumtCDqsoMg6rCZ7KOgPyDqt4Dsl73sp4Drp4wg7KKAIOqxseygleuPhCDrj7zsmpQuLi4=,W0phbmVdCkV2ZW4gdGhvdWdoIElyaXNvcGggaXMgYW4gYWR1bHQsIHNoZSBsb29rcyBsaWtlIHNoZeKAmWQgY3J5IGlmIHdlIHRlYXNlZCBoZXIsIHJpZ2h0PwpTaGXigJlzIGN1dGUsIGJ1dCBJIHdvcnJ5IGFib3V0IGhlciB0b2/igKY=,,W+eugF0K5LyK6YeM57Si5aSr6ICB5biI5piO5piO5piv5aSn5Lq677yM6KKr5o2J5byE55qE6K+d5Lmf5Lya5ZOt5Ye65p2l5ZCn77yf6Jm954S25b6I5Y+v54ix77yM5L2G5Lmf5pyJ54K55ouF5b+DLi4u,,W0phbmVdCuC4luC4tuC4h+C4hOC4uOC4k+C4hOC4o+C4uSBJcmlzb3BoIOC4iOC4sOC5gOC4m+C5h+C4meC4nOC4ueC5ieC5g+C4q+C4jeC5iCDguYHguJXguYjguJbguYnguLLguYHguIHguKXguYnguIfguIHguYfguJXguYnguK3guIfguKPguYnguK3guIfguYTguKvguYnguYHguJnguYjguYDguKXguKLguYPguIrguYjguYTguKvguKEg4LiZ4LmI4Liy4LmA4Lit4LmH4LiZ4LiU4Li54LiI4Lix4LiHIOC5geC4leC5iOC4geC5h+C4meC5iOC4suC5gOC4m+C5h+C4meC4q+C5iOC4p+C4h+C4meC4tOC4lOC4q+C4meC5iOC4reC4ouC4meC4sOC5gOC4meC4teC5iOC4oi4uLg==,,,W0phbmHDrW5hXQpBdW5xdWUgSXJpc29waCBlcyB1bmEgcGVyc29uYSBhZHVsdGEsIHBhcmVjZSBxdWUgc2UgZWNoYXLDrWEgYSBsbG9yYXIgc2kgYWxndWllbiBsZSB0b21hcmEgZWwgcGVsbywgwr92ZXJkYWQ/IEVzIHVuYSBtb25hZGEsIGF1bnF1ZSBtZSBwcmVvY3VwYSB1biBwb2NvLi4u,W0phbmVdCkxlaHJlcmluIElyaXNvcGggaXN0IHp3YXIgZXJ3YWNoc2VuLCBhYmVyIHdlbm4gbWFuIHNpZSBhdWZ6aWVodCwgd2lya3QncywgYWxzIHfDvHJkZSBzaWUgZ2xlaWNoIGxvc2hldWxlbiwgb2Rlcj8gU8O8w58gaXN0IHNpZSBqYS4uLiBhYmVyIGljaCBtYWNoIG1pciBhdWNoIGVpbiBiaXNzY2hlbiBTb3JnZW4uLi4=,W0phbmVdCklyaXNvcGggZXN0IGdyYW5kZSwgbWFpcyBvbiBkaXJhaXQgcXUnZWxsZSB2YSBwbGV1cmVyIHNpIG9uIGxhIHRhcXVpbmUsIGhlaW4gPyBDJ2VzdCBtaWdub27igKYgbWFpcyDDp2EgbSdpbnF1acOodGUgdW4gcGV1Lg==,W0phbmVdCkd1cnUgSXJpc29waCBpdHUgc3VkYWggZGV3YXNhLCB0YXBpIGthbGF1IGRpZ29kYSByYXNhbnlhIGFrYW4gbWVuYW5naXMsIHlhPyBJbXV0LCB0YXBpIGFrdSBqdWdhIGFnYWsga2hhd2F0aXIuLi4=,W0phbmVdCklyaXNvcGggw7bEn3JldG1lbiB5ZXRpxZ9raW4gYW1hIG9udW5sYSBkYWxnYSBnZcOnaWxpcnNlIGHEn2xheWFjYWsgZ2liaSwgZGXEn2lsIG1pPyBTZXZpbWxpIGFtYSBiaXJheiBkYSBlbmRpxZ9lbGVuaXlvcnVtLi4u
0LKe,W+2eiOyKpF0K7Jqp66i466asIOqzvOyekOuKlCDqsIDsnqUg66eb7J6I64qUIOu2gOu2hOydhCDrp4jsp4Drp4nsl5Ag66i57JeI7Ja07JqUISDqt7jrnpjslbwg66eb7J6I7J2M7J20IOuNlCDsmKTrnpgg64Ko6rGw65Og7JqULg==,W0hlYXRoXQpJIHNhdmVkIHRoZSB0YXN0aWVzdCBwYXJ0IG9mIHRoZSBkcmFnb24taGVhZCBjb29raWUgZm9yIGxhc3QhClRoYXQgd2F5LCB0aGUgeXVtbXkgZmVlbGluZyBsYXN0cyBsb25nZXIu,,W+W4jOaWr10K6b6Z5aS054K55b+D5oiR5oqK5pyA5aW95ZCD55qE6YOo5YiG55WZ5Yiw5pyA5ZCO5omN5ZCD77yB6L+Z5qC3576O5ZGz5bCx6IO955WZ5b6X5pu05LmF44CC,,W0hlYXRoXQrguILguYnguLLguYDguIHguYfguJrguKrguYjguKfguJnguJfguLXguYjguK3guKPguYjguK3guKLguJfguLXguYjguKrguLjguJTguILguK3guIcgRHJhZ29uIEhlYWQgQ29va2llIOC5hOC4p+C5ieC4geC4tOC4meC4l+C4teC4q+C4peC4seC4hwrguYHguJrguJrguJnguLHguYnguJnguITguKfguLLguKHguK3guKPguYjguK3guKLguIjguLDguK3guKLguLnguYjguYTguJTguYnguJnguLLguJnguILguLbguYnguJkh,,,W0hlYXRoXQrCoU1lIGRlasOpIHBhcmEgZWwgZmluYWwgbGEgcGFydGUgbcOhcyByaWNhIGRlIGxhIGdhbGxldGEgY29uIGZvcm1hIGRlIGNhYmV6YSBkZSBkcmFnw7NuISBBc8OtIG1lIGR1cmEgbcOhcyBlbCBidWVuIHNhYm9yLg==,W0hlYXRoXQpCZWltIERyYWNoZW5rb3BmLUtla3MgaGFiIGljaCBtaXIgZGVuIGxlY2tlcnN0ZW4gVGVpbCBiaXMgenVtIFNjaGx1c3MgYXVmZ2Vob2JlbiEgU28gaMOkbHQgZGFzIExlY2tlcmUgbMOkbmdlciBhbi4=,W0hlYXRoXQpQb3VyIGxlIGfDonRlYXUgdMOqdGUgZGUgZHJhZ29uLCBq4oCZYWkgZ2FyZMOpIGxhIHBhcnRpZSBsYSBwbHVzIGTDqWxpY2lldXNlIHBvdXIgbGEgZmluICEgQ29tbWUgw6dhLCBsZSBib24gZ2/Du3QgZHVyZSBwbHVzIGxvbmd0ZW1wcy4=,W0hlYXRoXQpLdWUga2VwYWxhIG5hZ2EsIGJhZ2lhbiB5YW5nIHBhbGluZyBlbmFrIGt1bWFrYW4gdGVyYWtoaXIhIFNvYWxueWEgYmVnaXR1LCByYXNhIGVuYWtueWEgamFkaSBiZXJ0YWhhbiBsZWJpaCBsYW1hLg==,W0hlYXRoXQpFamRlcmhhIGthZmFzxLEga3VyYWJpeWVzaW5pbiBlbiBsZXp6ZXRsaSBrxLFzbcSxbsSxIGVuIHNvbiB5ZWRpbSEgQsO2eWxlY2UgbGV6emV0aSBkYWhhIHV6dW4gc8O8cmUga2FsxLF5b3Iu
0bKe,7Iqk64W47YG066eBIOqwleyCrA==,U25vcmtlbGluZyBJbnN0cnVjdG9y,,5rWu5r2c5pWZ57uD,,U25vcmtlbGluZyBJbnN0cnVjdG9y,,,SW5zdHJ1Y3RvciBkZSBlc27Ds3JxdWVs,U2Nobm9yY2hlbC1BdXNiaWxkZXI=,SW5zdHJ1Y3RldXIgZGUgc25vcmtlbGluZw==,U25vcmtlbGluZyBJbnN0cnVjdG9y,RGFsxLHFnyBFxJ9pdG1lbmk=
0rKe,W+yKpOuFuO2BtOungSDqsJXsgqxdCuyTsOuFuOyYpO2BtOungX4g7ZW066OhIOyTsOuhnO2LgCDsk7DrhbjsmKTtgbTrp4Eg7ZWY7IS47JqUfgrrtoDrk5zrn6zsmrQg7YyM64+E66W8IOuKkOq7tOuztOyEuOyalOyYpH4=,W1Nub3JrZWxpbmcgSW5zdHJ1Y3Rvcl0KU25vb29ya2VsaW5nfiBUcnkgU2VhIERyYWdvbiBUaHJvdHRsZSBTbm9vb3JrZWxpbmd+CkZlZWwgdGhlIGdlbnRsZSB3YXZlc34=,,W+a1rua9nOaVmee7g10K5pav6K+65YWL5p6XfuadpeWBmua1t+m+meaWr+e9l+eJueWwlOaWr+ivuuWFi+ael+WQp34K5oSf5Y+X5p+U5ZKM55qE5rW35rWq5ZCn5ZOmfg==,,W1Nub3JrZWxpbmcgSW5zdHJ1Y3Rvcl0K4LiU4Liz4LiZ4LmJ4Liz4LmB4Lia4Lia4Lih4Lix4LiH4LiB4Lij4LiX4Liw4LmA4LilIOC4oeC4suC4lOC4s+C4meC5ieC4s+C4geC4seC4meC5gOC4luC4reC4sH4K4Lil4Lit4LiH4Liq4Lix4Lih4Lic4Lix4Liq4LiE4Lil4Li34LmI4LiZ4LiX4Li14LmI4Lit4LmI4Lit4LiZ4LmC4Lii4LiZ4LiU4Li54Liq4Li0fg==,,,W0luc3RydWN0b3IgZGUgZXNuw7NycXVlbF0KwqFFc27Ds8OzcnF1ZWx+ISDCoUhhZ2EgZXNuw7PDs3JxdWVsIGNvbiBlbCBkcmFnw7NuIG1hcmlubyBUaHJvdHRsZX4hCsKhU2llbnRhYWEgbGFzIHN1YXZlcyBvbGFzfiE=,W1NjaG5vcmNoZWwtQXVzYmlsZGVyXQpTY2hub3JjaGVlZWxufiBLb21tdCB6dW0gU2VlZHJhY2hlbi1UaHJvdHRsZS1TY2hub3JjaGVsbn4KU3DDvHJ0IGRpZSBzYW5mdGVuIFdlbGxlbn4=,W0luc3RydWN0ZXVyIGRlIHNub3JrZWxpbmddClNub3JrZWxpbmd+IFNub3JrZWxpbmcgYXZlYyBsZSBkcmFnb24gZGUgbWVyfgpTZW50ZXogbGVzIHZhZ3VlcyB0b3V0ZXMgZG91Y2Vzfg==,W1Nub3JrZWxpbmcgSW5zdHJ1Y3Rvcl0KU25vcmtlbGluZ34gQXlvIHNub3JrZWxpbmcgZGVuZ2FuIFNlYSBEcmFnb24gVGhyb3R0bGV+ClJhc2FrYW4gb21iYWsgeWFuZyBsZW1idXR+,W0RhbMSxxZ8gRcSfaXRtZW5pXQrFnm5vcmtlbGxlIHnDvHptZX4gRGVuaXogZWpkZXJoYXPEsSBib8SfYXpsxLHEn8SxIMWfbm9ya2VsbGUgecO8em1lIHlhcMSxbn4KWXVtdcWfYWsgZGFsZ2FsYXLEsSBoaXNzZWRpbn4=
07Ke,66y864aA7J207ZWY64qUIOyVhOydtA==,Q2hpbGQgUGxheWluZyBpbiBXYXRlcg==,,546p5rC055qE5a2p56ul,,Q2hpbGQgUGxheWluZyBpbiBXYXRlcg==,,,TmnDsW8ganVnYW5kbyBlbiBlbCBhZ3Vh,S2luZCwgZGFzIGltIFdhc3NlciBzcGllbHQ=,RW5mYW50IGpvdWFudCBkYW5zIGwnZWF1,Q2hpbGQgUGxheWluZyBpbiBXYXRlcg==,U3VkYSBPeW5heWFuIMOHb2N1aw==
1LKe,W+usvOuGgOydtO2VmOuKlCDslYTsnbRdCu2VmOyngOunjCDrsJTri6Tsl5Ag67Cc66eMIOuLtOq3uOqzoCDsnojslrTrj4Qg7J2066CH6rKMIOymkOqxsOyatOqxuCEg67Cc65Ox7J20IOqwhOyniOqwhOyniCEg6riw67aEIOyii+yVhH4=,W0NoaWxkIFBsYXlpbmcgaW4gV2F0ZXJdCkJ1dCBpdOKAmXMgYWxyZWFkeSBzbyBmdW4ganVzdCBkaXBwaW5nIG15IGZlZXQgaW4gdGhlIHNlYSEKSXQgdGlja2xlcyBteSB0b2VzISBGZWVscyBncmVhdH4=,,W+eOqeawtOeahOWtqeerpV0K5LiN6L+H5bCx566X5Y+q5oqK6ISa5rOh5Zyo5rW36YeM77yM5Lmf6L+Z5LmI5byA5b+D77yB6ISa6IOM55eS55eS55qE77yB5b+D5oOF55yf5aW9fg==,,W0NoaWxkIFBsYXlpbmcgaW4gV2F0ZXJdCuC5geC4hOC5iOC5geC4iuC5iOC5gOC4l+C5ieC4suC5g+C4meC4l+C4sOC5gOC4peC4geC5h+C4quC4meC4uOC4geC4guC4meC4suC4lOC4meC4teC5ieC5geC4peC5ieC4pyEg4Lir4Lil4Lix4LiH4LmA4LiX4LmJ4Liy4Lii4Li44Lia4Lii4Li04LiaIOC4o+C4ueC5ieC4quC4tuC4geC4lOC4teC4iOC4seC4h34=,,,W05pw7FvIGp1Z2FuZG8gY29uIGFndWFdCsKhUGVybyBlcyBtdXkgZGl2ZXJ0aWRvIGluY2x1c28gc29sbyBtZXRpZW5kbyBsb3MgcGllcyBlbiBlbCBtYXIhIMKhTWUgY29zcXVpbGxlYW4gbG9zIGVtcGVpbmVzISBRdcOpIGd1c3RpdG9+,W0tpbmQsIGRhcyBpbSBXYXNzZXIgc3BpZWx0XQpBYmVyIHNlbGJzdCB3ZW5uIGljaCBudXIgZGllIEbDvMOfZSBpbnMgTWVlciBoYWx0ZSwgbWFjaHQgZGFzIHRvdGFsIFNwYcOfISBFcyBraXR6ZWx0IGF1ZiBkZW0gRnXDn3LDvGNrZW4hIERhcyBmw7xobHQgc2ljaCBndXQgYW5+,W0VuZmFudCBqb3VhbnQgZGFucyBsJ2VhdV0KTcOqbWUganVzdGUgZW4gdHJlbXBhbnQgbGVzIHBpZWRzIGRhbnMgbGEgbWVyLCBj4oCZZXN0IHRyb3AgYmllbiAhIMOHYSBjaGF0b3VpbGxlIGxlIGRlc3N1cyBkdSBwaWVkICEgVHJvcCBhZ3LDqWFibGV+,W0FuYWsgQmVybWFpbiBkaSBBaXJdClRhcGksIG1lc2tpIGN1bWEgbWVyZW5kYW0ga2FraSBkaSBsYXV0IHNhamEsIHRldGFwIG1lbnllbmFuZ2thbiBiZWdpbmkhIFB1bmdndW5nIGtha2kgamFkaSBnZWxpISBSYXNhbnlhIGVuYWt+,W1N1ZGEgT3luYXlhbiDDh29jdWtdCkFtYSBkZW5pemUgc2FkZWNlIGF5YWtsYXLEsW3EsSBzb2tzYW0gYmlsZSBiw7Z5bGUgZcSfbGVuY2VsaSEgQXlhxJ/EsW3EsW4gw7xzdMO8IGfEsWTEsWtsYW7EsXlvciEgTmUgZ8O8emVsfg==
1bKe,W+yKpOuFuO2BtOungSDqsJXsgqxdCuyTsOuFuOyYpO2BtOungeydhCDtlZjrqbQg642UIOq4sOu2hOydtCDsoovsnYTqsbjsmpQ/IO2VtOujoSDtiKzrpbTtjIzri5jrj4Qg67CY7ZWcIOyVhOumhOuLpOyatCDsvZTrqqjrj4TsnZgg64yA7J6Q7Jew7J2EIO2DkO2XmO2VmOyEuOyalOyYpH4=,W1Nub3JrZWxpbmcgSW5zdHJ1Y3Rvcl0KSXQgZmVlbHMgZXZlbiBiZXR0ZXIgaWYgeW91IHNub3JrZWwhCkV4cGxvcmUgdGhlIGJlYXV0aWZ1bCBuYXR1cmUgb2YgQ29tb2RvIHRoYXQgZXZlbiBTZWEgRHJhZ29uIFR1cnBhIGZlbGwgaW4gbG92ZSB3aXRofg==,,W+a1rua9nOaVmee7g10K5YGa5pav6K+65YWL5p6X55qE6K+d77yM5b+D5oOF5Lya5pu05aW95ZOm77yf5Y675o6i57Si6L+e5rW36b6Z5Zu+5bCU5biV5aSn5Lq66YO95Li65LmL5YC+5b+D55qE576O5Li95YWL6a2U5bKb5aSn6Ieq54S25ZCn5ZOmfg==,,W1Nub3JrZWxpbmcgSW5zdHJ1Y3Rvcl0K4LiW4LmJ4Liy4LmE4LiU4LmJ4Lil4Lit4LiH4LiU4Liz4LiZ4LmJ4Liz4LiI4Liw4Lii4Li04LmI4LiH4Liq4LiZ4Li44LiB4LiB4Lin4LmI4Liy4LiZ4Li14LmJ4Lit4Li14LiB4LiZ4LiwPyDguYTguJvguKrguLPguKPguKfguIjguJjguKPguKPguKHguIrguLLguJXguLTguK3guLHguJnguIfguJTguIfguLLguKHguILguK3guIcgQ29tb2RvIOC4l+C4teC5iOC5geC4oeC5ieC5geC4leC5iOC4l+C5iOC4suC4meC4oeC4seC4h+C4geC4o+C4l+C4sOC5gOC4peC4geC5h+C4ouC4seC4h+C4q+C4peC4h+C5g+C4q+C4peC4geC4seC4meC5gOC4luC4reC4sH4=,,,W0luc3RydWN0b3IgZGUgZXNuw7NycXVlbF0KU2kgaGFjZXMgZXNuw7PDs3JxdWVsLCB0ZSBzZW50aXLDoXMgYcO6biBtZWpvciwgwr9ubyBjcmVlcz8gwqFFeHBsb3JhYWEgbGEgaGVybW9zYSBuYXR1cmFsZXphIGRlIENvbW9kbywgcXVlIGhhIGNhdXRpdmFkbyBoYXN0YSBhbCBkcmFnw7NuIG1hcmlubyBUdXJwYX4h,W1NjaG5vcmNoZWwtQXVzYmlsZGVyXQpCZWltIFNjaG5vcmNoZWxuIGbDvGhsdCBlcyBzaWNoIG5vY2ggYmVzc2VyIGFuLCB3aXNzdCBpaHJ+PyBFcmt1bmRldCBDb21vZG9zIHd1bmRlcnNjaMO2bmUgTmF0dXIsIGluIGRpZSBzZWxic3QgU2VlZHJhY2hlIFR1cnBhIHZlcm5hcnJ0IGlzdH4=,W0luc3RydWN0ZXVyIGRlIHNub3JrZWxpbmddCkF2ZWMgbGUgc25vcmtlbGluZywgdm91cyBhbGxleiB2b3VzIHNlbnRpciBlbmNvcmUgbWlldXgsIG5vbiA/IFBhcnRleiBleHBsb3JlciBsYSBtYWduaWZpcXVlIG5hdHVyZSBkZSBDb21vZG8sIHF1aSBhIG3Dqm1lIHPDqWR1aXQgbGUgZHJhZ29uIGRlIG1lciBUdXJwYX4=,W1Nub3JrZWxpbmcgSW5zdHJ1Y3Rvcl0KS2FsYXUgc25vcmtlbGluZywgcmFzYW55YSBha2FuIGxlYmloIGVuYWssIGxobz8gSmVsYWphaGkgYWxhbSBiZXNhciBDb21vZG8geWFuZyBpbmRhaCwgc2FtcGFpIFNlYSBEcmFnb24gVHVycGEgcHVuIGphdHVoIGhhdGl+,W0RhbMSxxZ8gRcSfaXRtZW5pXQrFnm5vcmtlbGxlIHnDvHptZSB5YXBhcnNhbsSxeiBkYWhhIGRhIGl5aSBoaXNzZWRlcnNpbml6LCBkZcSfaWwgbWk/IERlbml6IGVqZGVyaGFzxLEgVHVycGEgZWZlbmRpbmluIGJpbGUgdnVydWxkdcSfdSBnw7x6ZWwgQ29tb2RvIGRvxJ9hc8SxbsSxbiBlbmdpbmxpxJ9pbmkga2XFn2ZlZGlufg==
1rKe,W+usvOuGgOydtO2VmOuKlCDslYTsnbRdCuydjH4g7Ja07KmM7KeALi4uIO2VnCDrsogg7ZW0IOuzvOq5jD8=,W0NoaWxkIFBsYXlpbmcgaW4gV2F0ZXJdCkhtbX4gd2hhdCBzaG91bGQgSSBkb+KApgpNYXliZSBJ4oCZbGwgdHJ5IGl0IG9uY2U/,,W+eOqeawtOeahOWtqeerpV0K5ZevfuaAjuS5iOWKni4uLuimgeS4jeimgeivleS4gOasoe+8nw==,,W0NoaWxkIFBsYXlpbmcgaW4gV2F0ZXJdCuC4reC4t+C4oX4g4LmA4Lit4Liy4Lii4Lix4LiH4LmE4LiH4LiU4Li14LiZ4LiwLi4uIOC4peC4reC4h+C4lOC4ueC4quC4seC4geC4hOC4o+C4seC5ieC4h+C4lOC4teC5hOC4q+C4oeC4meC4sA==,,,W05pw7FvIGp1Z2FuZG8gY29uIGFndWFdCk1tbX4gwr9RdcOpIGhhZ28uLi4/IMK/WSBzaSBsbyBwcnVlYm8/,W0tpbmQsIGRhcyBpbSBXYXNzZXIgc3BpZWx0XQpIbX4gV2FzIHNvbGwgaWNoIG51ciBtYWNoZW4uLi4gU29sbCBpY2gncyBtYWwgdmVyc3VjaGVuPw==,W0VuZmFudCBqb3VhbnQgZGFucyBsJ2VhdV0KSG1tfiBKZSBmYWlzIHF1b2kuLi4gSuKAmWVzc2FpZSwgdW5lIGZvaXMgPw==,W0FuYWsgQmVybWFpbiBkaSBBaXJdCkhtbX4gYmFnYWltYW5hIHlhLi4uIEFwYSBrdWNvYmEgc2VrYWxpPw==,W1N1ZGEgT3luYXlhbiDDh29jdWtdCkhtbX4gTmUgeWFwc2FtLi4uIEJpciBrZXogZGVuZXNlbSBtaT8=
17Ke,7J6h7IOB7J24,UGVkZGxlcg==,,5p2C6LSn5ZWG,,UGVkZGxlcg==,,,VmVuZGVkb3IgYW1idWxhbnRl,SGF1c2llcmVy,Q29scG9ydGV1cg==,UGVkZGxlcg==,U2V5eWFyIFNhdMSxY8Sx
2LKe,W+yeoeyDgeyduF0K7ZW066OhIOyGnOyCrO2DlSwg7ZW066OhIOu7pe2KgOq4sCwg7ZW066OhIOyVjCDstIjsvZzroJsg7IKs7IS47JqUISDtlbTro6Eg7J2067moIOyVhOydtOyKpO2BrOumvCwg66q47JeQIOyii+ydgCDtlbTro6HsppksIO2VtOujoSDrv5Tqs7zsnpDrj4Qg7YyU7JWE7JqUIQ==,W1BlZGRsZXJdClNlYSBEcmFnb24gY290dG9uIGNhbmR5LCBTZWEgRHJhZ29uIFB1ZmZlZCBSaWNlIFNuYWNrLCBTZWEgRHJhZ29uIEVnZyBDaG9jb2xhdGUhClNlYSBEcmFnb24gVG9vdGggSWNlIENyZWFtLCBoZWFsdGh5IFNlYSBEcmFnb24gSnVpY2UsIGFuZCBTZWEgRHJhZ29uIEhvcm4gQ29va2llcyBmb3Igc2FsZSE=,,W+adgui0p+WVhl0K5rW36b6Z5qOJ6Iqx57OW44CB5rW36b6Z5LuZ6LSd44CB5rW36b6Z6JuL5ben5YWL5Yqb77yM5p2l5Lmw5ZCn77yB5rW36b6Z54mZ5Yaw5reH5reL44CB5a+56Lqr5L2T5aW955qE5rW36b6Z5rGB44CB5Lmf5Y2W5rW36b6Z6KeS54K55b+D77yB,,W1BlZGRsZXJdCuC4quC4suC4ouC5hOC4q+C4oeC4oeC4seC4h+C4geC4o+C4l+C4sOC5gOC4pSDguILguYnguLLguKfguJ7guK3guIfguKHguLHguIfguIHguKPguJfguLDguYDguKUg4LiK4LmH4Lit4LiB4LmC4LiB4LmB4Lil4LiV4LmE4LiC4LmI4Lih4Lix4LiH4LiB4Lij4LiX4Liw4LmA4LilISDguYTguK3guKjguIHguKPguLXguKHguYDguILguLXguYnguKLguKfguKHguLHguIfguIHguKMg4LiZ4LmJ4Liz4Lih4Lix4LiH4LiB4Lij4LmA4Lie4Li34LmI4Lit4Liq4Li44LiC4Lig4Liy4LieIOC4guC4meC4oeC5gOC4guC4suC4oeC4seC4h+C4geC4o+C4geC5h+C4oeC4teC4guC4suC4oiE=,,,W1ZlbmRlZG9yIGFtYnVsYW50ZV0KwqFDb21wcmUgYWxnb2TDs24gZGUgYXrDumNhciBkZSBkcmFnw7NuIG1hcmlubywgYXJyb3ogaW5mbGFkbyBkZSBkcmFnw7NuIG1hcmlubyB5IGNob2NvbGF0ZSBkZSBodWV2b3MgZGUgZHJhZ8OzbiBtYXJpbm8hIMKhVGFtYmnDqW4gdmVuZG8gSGVsYWRvIGRlIGRpZW50ZXMgZGUgZHJhZ8OzbiBtYXJpbm8sIHp1bW8gZGUgZHJhZ8OzbiBtYXJpbm8gYnVlbm8gcGFyYSBsYSBzYWx1ZCB5IGdhbGxldGFzIGRlIGN1ZXJubyBkZSBkcmFnw7NuIG1hcmlubyE=,W0hhdXNpZXJlcl0KS2F1ZnQgU2VlZHJhY2hlbi1adWNrZXJ3YXR0ZSwgU2VlZHJhY2hlbi1HZXB1ZmZ0ZW4gUmVpcyB1bmQgU2VlZHJhY2hlbi1FaWVyc2Nob2tvbGFkZSEgU2VlZHJhY2hlbi1aYWhuLUVpc2NyZW1lLCBnZXN1bmRlbiBTZWVkcmFjaGVuc2FmdCB1bmQgU2VlZHJhY2hlbi1Ib3JuZ2Viw6RjayBoYWIgaWNoIGF1Y2gh,W0NvbHBvcnRldXJdCkJhcmJlIMOgIHBhcGEgZGUgZHJhZ29uIGRlIG1lciwgU25hY2sgZGUgcml6IHNvdWZmbMOpIGRlIGRyYWdvbiBkZSBtZXIsIGNob2NvbGF0IGF1eCDFk3VmcyBkZSBkcmFnb24gZGUgbWVyICEgR2xhY2UgYXV4IGRlbnRzIGRlIGRyYWdvbiBkZSBtZXIsIGp1cyBkZSBkcmFnb24gZGUgbWVyLCBnw6J0ZWF1eCBhdXggY29ybmVzIGRlIGRyYWdvbiBkZSBtZXIgIQ==,W1BlZGRsZXJdCkJlbGkgU2VhIERyYWdvbiBjb3R0b24gY2FuZHksIFNlYSBEcmFnb24gUHVmZmVkIFJpY2UgU25hY2ssIFNlYSBEcmFnb24gRWdnIENob2NvbGF0ZSEgQWRhIGp1Z2EgU2VhIERyYWdvbiBUb290aCBJY2UgQ3JlYW0sIFNlYSBEcmFnb24gSnVpY2UgeWFuZyBtZW55ZWhhdGthbiwgZGFuIFNlYSBEcmFnb24gSG9ybiBDb29raWVzIQ==,W1NleXlhciBTYXTEsWPEsV0KRGVuaXogZWpkZXJoYXPEsSBwYW11ayDFn2VrZXIsIGRlbml6IGVqZGVyaGFzxLEgUGlyaW7DpyBQYXRsYcSfxLEgQXTEscWfdMSxcm1hbMSxxJ/EsSwgZGVuaXogZWpkZXJoYXPEsSB5dW11cnRhIMOnaWtvbGF0YXPEsSBhbMSxbiEgRGVuaXogZWpkZXJoYXPEsSBkacWfaSBEb25kdXJtYSwgdsO8Y3VkYSBpeWkgZ2VsZW4gZGVuaXogZWpkZXJoYXPEsSBzdXl1LCBkZW5peiBlamRlcmhhc8SxIGJveW51eiBrdXJhYml5ZXNpIGRlIHNhdMSxeW9ydW0h
2bKe,W+yeoeyDgeyduF0K7ZW066OhIOuPl+yekOumrCwg7ZW066OhIOu5hOuKmCDqsIDrsKksIO2VtOujoSDsu7UsIO2VtOujoSDshpDthrHquY7snbQsIO2VtOujoSDtmqjsnpDshpAsIO2VtOujoSDri7TrsYPqsJEsIO2VtOujoSDsobDqsIHsg4EsIO2VtOujoSDtlYTthrUsIO2VtOujoSDsmrDsgrAsIO2VtOujoSDrrLjsp4QsIO2VtOujoSDsiKDsnpQsIO2VtOujoSDsooXsnbTsoJHquLAg7YyU7JWE7JqUIQ==,W1BlZGRsZXJdClNlYSBEcmFnb24gbWF0cywgU2VhIERyYWdvbiBzY2FsZSBiYWdzLCBTZWEgRHJhZ29uIGN1cHMsIFNlYSBEcmFnb24gbmFpbCBjbGlwcGVycywKU2VhIERyYWdvbiBiYWNrIHNjcmF0Y2hlcnMsIFNlYSBEcmFnb24gY2lnYXJldHRlIGNhc2VzLCBTZWEgRHJhZ29uIHN0YXR1ZXMsClNlYSBEcmFnb24gcGVuY2lsIGNhc2VzLCBTZWEgRHJhZ29uIHVtYnJlbGxhcywgU2VhIERyYWdvbiBwYXBlcndlaWdodHMsClNlYSBEcmFnb24gc2FrZSBjdXBzLCBTZWEgRHJhZ29uIG9yaWdhbWnigJRnZXQg4oCZZW0gYWxsIQ==,,W+adgui0p+WVhl0K5Y2W5rW36b6Z6YeO6aSQ5Z6r44CB5rW36b6Z6bOe54mH5YyF44CB5rW36b6Z5p2v5a2Q44CB5rW36b6Z5oyH55Sy5Ymq44CB5rW36b6Z5oyg6IOM5Zmo44CB5rW36b6Z54Of55uS44CB5rW36b6Z6ZuV5YOP44CB5rW36b6Z56yU55uS44CB5rW36b6Z6Zuo5Lye44CB5rW36b6Z6ZWH57q444CB5rW36b6Z6YWS5p2v44CB5rW36b6Z5oqY57q477yB,,W1BlZGRsZXJdCuC5gOC4quC4t+C5iOC4reC4oeC4seC4h+C4geC4o+C4l+C4sOC5gOC4pSDguIHguKPguLDguYDguJvguYvguLLguYDguIHguKXguYfguJTguKHguLHguIfguIHguKMg4LmB4LiB4LmJ4Lin4Lih4Lix4LiH4LiB4LijIOC4geC4o+C4o+C5hOC4geC4o+C4leC4seC4lOC5gOC4peC5h+C4muC4oeC4seC4h+C4geC4oyDguYTguKHguYnguYDguIHguLLguKvguKXguLHguIfguKHguLHguIfguIHguKMg4LiL4Lit4LiH4Lia4Li44Lir4Lij4Li14LmI4Lih4Lix4LiH4LiB4LijIOC4o+C4ueC4m+C4m+C4seC5ieC4meC4oeC4seC4h+C4geC4oyDguIHguKXguYjguK3guIfguJTguLTguJnguKrguK3guKHguLHguIfguIHguKMg4Lij4LmI4Lih4Lih4Lix4LiH4LiB4LijIOC4l+C4teC5iOC4l+C4seC4muC4geC4o+C4sOC4lOC4suC4qeC4oeC4seC4h+C4geC4oyDguJbguYnguKfguKLguYDguKvguKXguYnguLLguKHguLHguIfguIHguKMg4LmB4Lil4Liw4LiB4Lij4Liw4LiU4Liy4Lip4Lie4Lix4Lia4Lil4Liy4Lii4Lih4Lix4LiH4LiB4Lij4LiB4LmH4Lih4Li14LiC4Liy4LiiIQ==,,,W1ZlbmRlZG9yIGFtYnVsYW50ZV0KwqFWZW5kbyBlc3RlcmlsbGFzIGRlIGRyYWfDs24gbWFyaW5vLCBib2xzYXMgZGUgZXNjYW1hcyBkZSBkcmFnw7NuIG1hcmlubywgdGF6YXMgZGUgZHJhZ8OzbiBtYXJpbm8sIGNvcnRhw7rDsWFzIGRlIGRyYWfDs24gbWFyaW5vLCByYXNjYWRvcmVzIGRlIGVzcGFsZGEgZGUgZHJhZ8OzbiBtYXJpbm8sIHBpdGlsbGVyYXMgZGUgZHJhZ8OzbiBtYXJpbm8sIGVzdGF0dWlsbGFzIGRlIGRyYWfDs24gbWFyaW5vLCBlc3R1Y2hlcyBkZSBkcmFnw7NuIG1hcmlubywgcGFyYWd1YXMgZGUgZHJhZ8OzbiBtYXJpbm8sIHBpc2FwYXBlbGVzIGRlIGRyYWfDs24gbWFyaW5vLCBjb3BhcyBkZSBsaWNvciBkZSBkcmFnw7NuIG1hcmlubyB5IHBhcGlyb2ZsZXhpYSBkZSBkcmFnw7NuIG1hcmlubyE=,W0hhdXNpZXJlcl0KSWNoIHZlcmthdWZlIFNlZWRyYWNoZW4tU3RyYW5kbWF0dGVuLCBTZWVkcmFjaGVuLVNjaHVwcGVudGFzY2hlbiwgU2VlZHJhY2hlbi1CZWNoZXIsIFNlZWRyYWNoZW4tTmFnZWxrbmlwc2VyLCBTZWVkcmFjaGVuLVLDvGNrZW5rcmF0emVyLCBTZWVkcmFjaGVuLVppZ2FyZXR0ZW5ldHVpcywgU2VlZHJhY2hlbi1TdGF0dWVuLCBTZWVkcmFjaGVuLUZlZGVybcOkcHBjaGVuLCBTZWVkcmFjaGVuLVJlZ2Vuc2NoaXJtZSwgU2VlZHJhY2hlbi1QYXBpZXJnZXdpY2h0ZSwgU2VlZHJhY2hlbi1TY2huYXBzZ2zDpHNlciB1bmQgU2VlZHJhY2hlbi1PcmlnYW1pIQ==,W0NvbHBvcnRldXJdCk5hdHRlcywgc2FjcyBlbiDDqWNhaWxsZXMsIHRhc3NlcywgY291cGUtb25nbGVzLCBncmF0dGUtZG9zLCDDqXR1aXMgw6AgY2lnYXJldHRlcywgc3RhdHVlcywgdHJvdXNzZXMsIHBhcmFwbHVpZXMsIHByZXNzZS1wYXBpZXJzLCB2ZXJyZXMgw6AgYWxjb29sIGV0IG9yaWdhbWlzIGRlIGRyYWdvbiBkZSBtZXIgIQ==,W1BlZGRsZXJdCkp1YWwgdGlrYXIgU2VhIERyYWdvbiwgdGFzIHNpc2lrIFNlYSBEcmFnb24sIGNhbmdraXIgU2VhIERyYWdvbiwgcGVtb3Rvbmcga3VrdSBTZWEgRHJhZ29uLCBwZW5nZ2FydWsgcHVuZ2d1bmcgU2VhIERyYWdvbiwga290YWsgcm9rb2sgU2VhIERyYWdvbiwgcGF0dW5nIFNlYSBEcmFnb24sIHRlbXBhdCBwZW5zaWwgU2VhIERyYWdvbiwgcGF5dW5nIFNlYSBEcmFnb24sIHBlbWJlcmF0IGtlcnRhcyBTZWEgRHJhZ29uLCBnZWxhcyBhcmFrIFNlYSBEcmFnb24sIGRhbiBvcmlnYW1pIFNlYSBEcmFnb24h,W1NleXlhciBTYXTEsWPEsV0KRGVuaXogZWpkZXJoYXPEsSBoYXPEsXLEsSwgZGVuaXogZWpkZXJoYXPEsSBwdWwgw6dhbnRhc8SxLCBkZW5peiBlamRlcmhhc8SxIGt1cGEsIGRlbml6IGVqZGVyaGFzxLEgdMSxcm5hayBtYWthc8SxLCBkZW5peiBlamRlcmhhc8SxIHPEsXJ0IGthxZ/EsXnEsWPEsSwgZGVuaXogZWpkZXJoYXPEsSBzaWdhcmEgdGFiYWthc8SxLCBkZW5peiBlamRlcmhhc8SxIGhleWtlbGNpxJ9pLCBkZW5peiBlamRlcmhhc8SxIGthbGVtIGt1dHVzdSwgZGVuaXogZWpkZXJoYXPEsSDFn2Vtc2l5ZSwgZGVuaXogZWpkZXJoYXPEsSBrw6LEn8SxdCBhxJ/EsXJsxLHEn8SxLCBkZW5peiBlamRlcmhhc8SxIGthZGVoaSwgZGVuaXogZWpkZXJoYXPEsSBvcmlnYW1pIHNhdMSxeW9ydW0h
2rKe,W+yeoeyDgeyduF0K7ZW066Oh64uY7J2YIOyhsOyWuOydtCDri7TquLQgJ+yasOumrCDslYTsnbQg7ZW066Oh7Jy866GcIO2CpOyasOq4sCcsIOyEseqzteydmCDruYTsoITsnYQg7KCc7Iuc7ZWY64qUICftlbTro6Hsspjrn7wg7ISx6rO17ZWY6528Jywg67Kg7Iqk7Yq47IWA65+sIOyGjOyEpCAn7ZW066Oh64uY7J2YIDEzNeqwgOyngCDqt7jrprzsnpAnLCDsiqTtj6zsuKAg7J6h7KeAICfsm5TqsIQg7ZW066OhJyDsi6DqsIQg67CPIOqzvOyblO2YuCDtjJTslYTsmpR+,W1BlZGRsZXJdCkJvb2tzIHdpdGggU2VhIERyYWdvbiB3aXNkb20gbGlrZSDigJhSYWlzaW5nIE91ciBDaGlsZCBhcyBhIFNlYSBEcmFnb27igJksCnRoZSBzdWNjZXNzIGd1aWRlIOKAmFN1Y2NlZWQgTGlrZSBhIFNlYSBEcmFnb27igJksCnRoZSBiZXN0c2VsbGluZyBub3ZlbCDigJhUaGUgMTM1IFNoYWRvd3Mgb2YgdGhlIFNlYSBEcmFnb27igJksCmFuZCB0aGUgc3BvcnRzIG1hZ2F6aW5lIOKAmE1vbnRobHkgU2VhIERyYWdvbuKAmeKAlG5ldyBhbmQgYmFjayBpc3N1ZXMgYXZhaWxhYmxlfg==,,W+adgui0p+WVhl0K5Y2W5YyF5ZCr5rW36b6Z5aSn5Lq65bu66K6u55qE44CK5oqK5oiR5a625a2p5a2Q5YW75oiQ5rW36b6Z44CL44CB5o+Q5Ye65oiQ5Yqf5oS/5pmv55qE44CK5YOP5rW36b6Z5LiA5qC35oiQ5Yqf44CL44CB55WF6ZSA5bCP6K+044CK5rW36b6Z5aSn5Lq655qEMTM156eN5b2x5a2Q44CL44CB5L2T6IKy5p2C5b+X44CK5pyI5YiK5rW36b6Z44CL5paw5YiK5Y+K6L+H5YiK5ZOmfg==,,W1BlZGRsZXJdCuC4q+C4meC4seC4h+C4quC4t+C4rSDigJjguYDguKXguLXguYnguKLguIfguKXguLnguIHguYPguKvguYnguYDguJvguYfguJnguKHguLHguIfguIHguKPguJfguLDguYDguKXigJkg4Lij4Lin4Lih4LiE4Liz4LmB4LiZ4Liw4LiZ4Liz4LiI4Liy4LiB4LiX4LmI4Liy4LiZ4Lih4Lix4LiH4LiB4Lij4LiX4Liw4LmA4LilLCDigJjguIjguIfguJvguKPguLDguKrguJrguITguKfguLLguKHguKrguLPguYDguKPguYfguIjguJTguLHguYjguIfguKHguLHguIfguIHguKPguJfguLDguYDguKXigJksIOC4meC4tOC4ouC4suC4ouC4guC4suC4ouC4lOC4tSDigJjguYDguIfguLIgMTM1IOC5geC4muC4muC4guC4reC4h+C4l+C5iOC4suC4meC4oeC4seC4h+C4geC4o+C4l+C4sOC5gOC4peKAmSwg4LiZ4Li04LiV4Lii4Liq4Liy4Lij4LiB4Li14Lis4LiyIOKAmOC4oeC4seC4h+C4geC4o+C4l+C4sOC5gOC4peC4o+C4suC4ouC5gOC4lOC4t+C4reC4meKAmSDguJfguLHguYnguIfguYDguKXguYjguKHguYPguKvguKHguYjguYHguKXguLDguYDguKXguYjguKHguYDguIHguYjguLLguIHguYfguKHguLXguILguLLguKJ+,,,W1ZlbmRlZG9yIGFtYnVsYW50ZV0KwqFWZW5kbyDCq0NyaWFyIGEgbnVlc3RybyBoaWpvIGNvbW8gdW4gZHJhZ8OzbiBtYXJpbm/CuywgY29uIGxvcyBjb25zZWpvcyBkZWwgc2XDsW9yIERyYWfDs24gTWFyaW5vOyDCq1RyaXVuZmEgY29tbyB1biBkcmFnw7NuIG1hcmlub8K7LCBxdWUgcHJlc2VudGEgdW5hIHZpc2nDs24gZGVsIMOpeGl0bzsgbGEgbm92ZWxhIHN1cGVydmVudGFzIMKrTGFzIDEzNSBzb21icmFzIGRlbCBzZcOxb3IgRHJhZ8OzbiBNYXJpbm/CuzsgeSBuw7ptZXJvcyByZWNpZW50ZXMgeSBhdHJhc2Fkb3MgZGUgbGEgcmV2aXN0YSBkZXBvcnRpdmEgwqtEcmFnw7NuIE1hcmlubyBNZW5zdWFswrt+,W0hhdXNpZXJlcl0KQXXDn2VyZGVtIGhhYiBpY2gg4oCeVW5zZXIgS2luZCB6dW0gU2VlZHJhY2hlbiBlcnppZWhlbuKAnCBtaXQgZGVuIFJhdHNjaGzDpGdlbiBkZXMgU2VlZHJhY2hlbiwg4oCeV2VyZGUgZXJmb2xncmVpY2ggd2llIGVpbiBTZWVkcmFjaGXigJwsIGRlbiBCZXN0c2VsbGVyLVJvbWFuIOKAnkRpZSAxMzUgU2NoYXR0ZW4gZGVzIFNlZWRyYWNoZW7igJwgdW5kIGRhcyBTcG9ydG1hZ2F6aW4g4oCeTW9uYXRsaWNoZXIgU2VlZHJhY2hl4oCcIOKAkyBuZXVlIEF1c2dhYmVuIHVuZCDDpGx0ZXJlIEhlZnRlIGF1Y2ghfg==,W0NvbHBvcnRldXJdCkplIHZlbmRzIMKrIMOJbGV2ZXIgbm90cmUgZW5mYW50IGF2ZWMgbGUgZHJhZ29uIGRlIG1lciDCuyAobGVzIGNvbnNlaWxzIGR1IGRyYWdvbiBkZSBtZXIpLCDCqyBSw6l1c3NpciBjb21tZSB1biBkcmFnb24gZGUgbWVyIMK7IChsYSB2aXNpb24gZHUgc3VjY8OocyksIGxlIGJlc3Qtc2VsbGVyIMKrIExlcyAxMzUgb21icmVzIGR1IGRyYWdvbiBkZSBtZXIgwrsgZXQgbGUgbWFnYXppbmUgc3BvcnRpZiDCqyBMZSBEcmFnb24gZGUgbWVyIChtZW5zdWVsKSDCuyA6IG5vdXZlYXV4IG51bcOpcm9zIGV0IGFuY2llbnN+,W1BlZGRsZXJdCkp1YWwgYnVrdSAnTWVtYmVzYXJrYW4gQW5hayBLaXRhIE1lbmphZGkgU2VhIERyYWdvbicgeWFuZyBiZXJpc2kgbmFzaWhhdCBTZWEgRHJhZ29uLCAnU3Vrc2VzbGFoIFNlcGVydGkgU2VhIERyYWdvbicgeWFuZyBtZW55YWppa2FuIHZpc2kga2VzdWtzZXNhbiwgbm92ZWwgYmVzdHNlbGxlciAnMTM1IEJheWFuZ2FuIFNlYSBEcmFnb24nLCBzZXJ0YSBtYWphbGFoIG9sYWhyYWdhICdTZWEgRHJhZ29uIEJ1bGFuYW4nLCBlZGlzaSBiYXJ1IGRhbiBlZGlzaSBidWxhbi1idWxhbiBzZWJlbHVtbnlhfg==,W1NleXlhciBTYXTEsWPEsV0KRGVuaXogZWpkZXJoYXPEsSBlZmVuZGluaW4gw7bEn8O8dGxlcmluaSBpw6dlcmVuICfDh29jdcSfdW11enUgZGVuaXogZWpkZXJoYXPEsSBvbGFyYWsgeWV0acWfdGlybWVrJywgYmHFn2FyxLEgdml6eW9udSBzdW5hbiAnRGVuaXogZWpkZXJoYXPEsSBnaWJpIGJhxZ9hcsSxbMSxIG9sJywgw6dvayBzYXRhbiByb21hbiAnRGVuaXogZWpkZXJoYXPEsSBlZmVuZGluaW4gMTM1IGfDtmxnZXNpJywgc3BvciBkZXJnaXNpICdBeWzEsWsgRGVuaXogRWpkZXJoYXPEsScgeWVuaSBzYXnEsWxhcsSxIHZlIGVza2kgc2F5xLFsYXLEsSBzYXTEsXlvcnVtfg==
27Ke,W3swfV0KLi4uLi4u,W3swfV0KLi4uLi4u,,W3swfV0KLi4uLi4u,,W3swfV0KIC4uLi4uLg==,,,W3swfV0KLi4uLi4u,W3swfV0KLi4uLi4u,W3swfV0K4oCm4oCmLg==,W3swfV0KLi4uLi4u,W3swfV0KLi4uLi4u
3LKe,6rSA6rSR6rCd,VG91cmlzdA==,,5ri45a6i,,VG91cmlzdA==,,,VHVyaXN0YQ==,VG91cmlzdA==,VG91cmlzdGU=,VG91cmlzdA==,VHVyaXN0
3bKe,W+q0gOq0keqwnV0K7JmALCDsoITrtoAg7KKL7JWE67O07J2064qU642wIOutmCDsgqwg6rCA7KeAPyDtlbTro6Eg64u067GD6rCR7J2EIOyCrCDqsIDrqbQg7JWE67KE7KeA6rCAIOyigCDsoovslYTtlZjsi5zroKTrgpg/IOyWtOuouOuLiCDshKDrrLzroZzripQg7ZW066OhIOyasOyCsCwg7ZWg66i464uIIOyEoOusvOuhnOuKlCDrqrjsl5Ag7KKL7J2AIO2VtOujoeymmS4uLg==,W1RvdXJpc3RdCldvdywgZXZlcnl0aGluZyBsb29rcyBnb29k4oCmIHdoYXQgc2hvdWxkIEkgYnV5PwpXb3VsZCBteSBkYWQgbGlrZSBhIFNlYSBEcmFnb24gY2lnYXJldHRlIGNhc2U/CkZvciBNb20sIG1heWJlIGEgU2VhIERyYWdvbiB1bWJyZWxsYeKApgpBbmQgZm9yIEdyYW5kbWEsIHRoYXQgaGVhbHRoeSBTZWEgRHJhZ29uIGp1aWNl4oCm,,W+a4uOWuol0K5ZOH77yM6YO955yL6LW35p2l5aW95qOS77yM6KaB5Lmw5LuA5LmI5bim6LWw5ZGi77yf6KaB5piv5Lmw5Liq5rW36b6Z54Of55uS5bim5Zue5Y6777yM54i454i45Lya5LiN5Lya5Zac5qyi5ZGi77yf57uZ5aaI5aaI55qE56S854mp5piv5rW36b6Z6Zuo5Lye77yM57uZ5aW25aW255qE56S854mp5piv5a+56Lqr5L2T5aW955qE5rW36b6Z5rGBLi4u,,W1RvdXJpc3RdCuC4p+C5ieC4suC4pyDguJTguLnguJTguLXguYTguJvguKvguKHguJTguYDguKXguKIg4LiI4Liw4LiL4Li34LmJ4Lit4Lit4Liw4LmE4Lij4LiU4Li14LiZ4LiwPyDguJbguYnguLLguIvguK3guIfguJrguLjguKvguKPguLXguYjguKHguLHguIfguIHguKPguJfguLDguYDguKXguYTguJvguYPguKvguYnguJ7guYjguK3guIjguLDguIrguK3guJrguYTguKvguKHguJnguLA/IOC4guC4reC4h+C4neC4suC4geC5geC4oeC5iOC5gOC4m+C5h+C4meC4o+C5iOC4oeC4oeC4seC4h+C4geC4oyDguILguK3guIfguJ3guLLguIHguKLguLLguKLguYDguJvguYfguJnguJnguYnguLPguKHguLHguIfguIHguKPguYDguJ7guLfguYjguK3guKrguLjguILguKDguLLguJ4uLi4=,,,W1R1cmlzdGFdCkd1YXUsIHRvZG8gdGllbmUgYnVlbmEgcGludGEsIMK/cGVybyBxdcOpIGNvbXBybz8gwr9MZSBndXN0YXLDoSBhIG1pIHBhZHJlIHNpIGxlIGxsZXZvIHVuYSBwaXRpbGxlcmEgZGUgZHJhZ8OzbiBtYXJpbm8/IFBhcmEgbWkgbWFkcmUsIHVuIHBhcmFndWFzIGRlIGRyYWfDs24gbWFyaW5vOyBwYXJhIG1pIGFidWVsYSwgenVtbyBkZSBkcmFnw7NuIG1hcmlubyBidWVubyBwYXJhIGxhIHNhbHVkLi4u,W1RvdXJpc3RdCldvdywgYWxsZXMgc2llaHQgZ3V0IGF1cywgYWJlciB3YXMgc29sbCBpY2gga2F1ZmVuPyBXZW5uIGljaCBlaW4gU2VlZHJhY2hlbi1aaWdhcmV0dGVuZXR1aSBtaXRuZWhtZSwgZnJldXQgc2ljaCBWYXRlciB2aWVsbGVpY2h0PyBGw7xyIE11dHRlciBlaW4gU2VlZHJhY2hlbi1SZWdlbnNjaGlybSwgZsO8ciBPbWEgZ2VzdW5kZXIgU2VlZHJhY2hlbnNhZnQuLi4=,W1RvdXJpc3RlXQpXb3VhaCwgdG91dCBhIGzigJlhaXIgZ8OpbmlhbOKApiBtYWlzIGplIHByZW5kcyBxdW9pID8gU2kgauKAmWFjaMOodGUgdW4gw6l0dWkgw6AgY2lnYXJldHRlcyBkZSBkcmFnb24gZGUgbWVyLCBwYXBhIHNlcmEgY29udGVudCA/IFBvdXIgbWFtYW4sIHVuIHBhcmFwbHVpZSBkZSBkcmFnb24gZGUgbWVy4oCmIGV0IHBvdXIgbWFtaWUsIGR1IGp1cyBkZSBkcmFnb24gZGUgbWVyIGJvbiBwb3VyIGxhIHNhbnTDqeKApi4=,W1RvdXJpc3RdCldhaCwgc2VtdWFueWEgdGVybGloYXQgYmFndXMsIHRhcGkgYWt1IGhhcnVzIGJlbGkgeWFuZyBtYW5hPyBLYWxhdSBha3UgbWVtYmVsaSBrb3RhayByb2tvayBTZWEgRHJhZ29uLCBhcGEgQXlhaCBha2FuIGFnYWsgc2VuYW5nPyBVbnR1ayBoYWRpYWggSWJ1LCBwYXl1bmcgU2VhIERyYWdvbiwgdW50dWsgaGFkaWFoIE5lbmVrLCBqdXMgU2VhIERyYWdvbiB5YW5nIG1lbnllaGF0a2FuLi4u,W1R1cmlzdF0KVmF5LCBoZXBzaSDDp29rIGl5aSBnw7Zyw7xuw7x5b3IsIG5lIGFsc2FtPyBEZW5peiBlamRlcmhhc8SxIHNpZ2FyYSB0YWJha2FzxLEgYWxzYW0gYmFiYW0gYmlyYXogc2V2aW5pciBtaSBhY2FiYT8gQW5uZW1lIGhlZGl5ZSBvbGFyYWsgZGVuaXogZWpkZXJoYXPEsSDFn2Vtc2l5ZSwgYsO8ecO8a2FubmVtZSBoZWRpeWUgb2xhcmFrIHbDvGN1ZGEgaXlpIGdlbGVuIGRlbml6IGVqZGVyaGFzxLEgc3V5dS4uLg==
3rKe,W+q0gOq0keqwnV0K7J206rKDIOu0kCEg7ZW066OhIOyVjCDstIjsvZzroJvsnYQg66i57JeI642U64uIIOydtOqwgCDtlbTro6Hsspjrn7wg7IOI7YyM656Y7KGM7Ja0ISDstIjsvZzroJvrj4Qg7IS4IOqwnCDrjZQg7IKs6rCA7JW87KeAIQ==,W1RvdXJpc3RdCkxvb2sgYXQgdGhpcyEgSSBhdGUgdGhlIFNlYSBEcmFnb24gRWdnIENob2NvbGF0ZSBhbmQgbXkgdGVldGggdHVybmVkIGJsdWUgbGlrZSBhIFNlYSBEcmFnb27igJlzIQpJIHNob3VsZCBidXkgdGhyZWUgbW9yZSBjaG9jb2xhdGVzIQ==,,W+a4uOWuol0K5L2g55yL77yB5ZCD5LqG5rW36b6Z6JuL5ben5YWL5Yqb77yM54mZ6b2/5Y+Y5b6X5YOP5rW36b6Z5LiA5qC36JOd5LqG77yB5ben5YWL5Yqb5Lmf6KaB5YaN5Lmw5LiJ5Liq5bim6LWw77yB,,W1RvdXJpc3RdCuC4lOC4ueC4meC4teC5iOC4quC4tCEg4LiB4Li04LiZ4LiK4LmH4Lit4LiB4LmC4LiB4LmB4Lil4LiV4LmE4LiC4LmI4Lih4Lix4LiH4LiB4Lij4LmB4Lil4LmJ4Lin4Lif4Lix4LiZ4LiB4Lil4Liy4Lii4LmA4Lib4LmH4LiZ4Liq4Li14Lif4LmJ4Liy4LmA4Lir4Lih4Li34Lit4LiZ4Lih4Lix4LiH4LiB4Lij4LmA4Lil4LiiISDguJXguYnguK3guIfguIvguLfguYnguK3guYDguJ7guLTguYjguKHguK3guLXguIHguKrguLLguKHguIrguLTguYnguJnguYHguKXguYnguKch,,,W1R1cmlzdGFdCsKhTWlyYSBlc3RvISDCoUhlIGNvbWlkbyB1biBodWV2byBkZSBjaG9jb2xhdGUgZGUgZHJhZ8OzbiBtYXJpbm8geSBzZSBtZSBoYW4gcHVlc3RvIGxvcyBkaWVudGVzIGRlIHVuIGF6dWwgaW50ZW5zbywgY29tbyBsb3MgZGUgdW4gZHJhZ8OzbiBtYXJpbm8hIMKhVGVuZ28gcXVlIGNvbXByYXIgdHJlcyBodWV2b3MgZGUgY2hvY29sYXRlIG3DoXMh,W1RvdXJpc3RdClNjaGF1IG1hbCEgVm9uIGRlciBTZWVkcmFjaGVuLUVpZXItU2Nob2tvbGFkZSBzaW5kIG1laW5lIFrDpGhuZSBrbmFsbGJsYXUgZ2V3b3JkZW4g4oCTIHdpZSBiZWkgZWluZW0gU2VlZHJhY2hlbiEgSWNoIG5laG0gZ2xlaWNoIG5vY2ggZHJlaSBUYWZlbG4gbWVociBtaXQh,W1RvdXJpc3RlXQpSZWdhcmRleiAhIErigJlhaSBtYW5nw6kgZGVzIGNob2NvbGF0cyBhdXggxZN1ZnMgZGUgZHJhZ29uIGRlIG1lciwgZXQgbWVzIGRlbnRzIHNvbnQgZGV2ZW51ZXMgYmxldSB2aWYsIGNvbW1lIGNlbGxlcyBk4oCZdW4gZHJhZ29uIGRlIG1lciAhIErigJllbiBwcmVuZHMgdHJvaXMgZGUgcGx1cyAh,W1RvdXJpc3RdCkxpaGF0IGluaSEgU2V0ZWxhaCBtYWthbiBjb2tlbGF0IHRlbHVyIFNlYSBEcmFnb24sIGdpZ2lrdSBqYWRpIGJpcnUgcGVrYXQgc2VwZXJ0aSBTZWEgRHJhZ29uISBBa3UganVnYSBoYXJ1cyBtZW1iZWxpIHRpZ2EgY29rZWxhdCBsYWdpIQ==,W1R1cmlzdF0KxZ51bmEgYmFrISBEZW5peiBlamRlcmhhc8SxIHl1bXVydGEgw6dpa29sYXRhc8SxbsSxIHllZGltIGRlIGRpxZ9sZXJpbSBkZW5peiBlamRlcmhhc8SxIGdpYmkgbWFzbWF2aSBvbGR1ISDDh2lrb2xhdGFkYW4gw7zDpyB0YW5lIGRhaGEgYWzEsXAgZ8O2dMO8cm1lbGl5aW0h
37Ke,64iE67mE64KY,TnViaW5h,,5Yqq5q+U5aic,,TnViaW5h,,,TnViaW5h,TnViaW5h,TnViaW5h,TnViaW5h,TnViaW5h
4LKe,64iE67mE64KYIDog7Iuc7JuQ7ZWcIOuwlOuejCwg6riw67aEIOyii+ydgCDtjIzrj4TshozrpqwuLi4=,TnViaW5hIENvb2wgYnJlZXplLCBzb290aGluZyB3YXZlIHNvdW5kc+KApg==,,5Yqq5q+U5aicOiDmuIXlh4nnmoTpo47vvIzku6TkurroiJLnlYXnmoTmtbfmtarlo7AuLi4=,,TnViaW5hIDog4Lil4Lih4LmA4Lii4LmH4LiZIOC5hiDguYDguKrguLXguKLguIfguITguKXguLfguYjguJnguJfguLXguYjguJ/guLHguIfguYHguKXguYnguKfguKrguJrguLLguKLguYPguIguLi4=,,,TnViaW5hOiBVbmEgYnJpc2EgZnJlc2NhLCBlbCBhZ3JhZGFibGUgc29uaWRvIGRlIGxhcyBvbGFzLi4u,TnViaW5hOiBLw7xobGUgQnJpc2UsIGFuZ2VuZWhtZXMgUmF1c2NoZW4gZGVyIFdlbGxlbi4uLg==,TnViaW5hIDogVW4gdmVudCBmcmFpcywgbGUgYnJ1aXQgYWdyw6lhYmxlIGRlcyB2YWd1ZXMuLi4=,TnViaW5hIDogQW5naW4gc2VqdWssIHN1YXJhIG9tYmFrIHlhbmcgbWVueWVuYW5na2FuLi4u,TnViaW5hIDogU2VyaW4gYmlyIHLDvHpnw6JyLCBob8WfIGRhbGdhIHNlc2kuLi4=
4bKe,W+uIhOu5hOuCmF0K7ZeJLCDrsJ/sp4Ag66eI7IS47JqUISDrtoDtmZwg7KO866y464+EIOyTsOyngCDrp4jshLjsmpQhCuyggO2drCDso73snYAg6rGwIOyVhOuLiOyXkOyalCE=,W051YmluYV0KQWghIERvbuKAmXQgc3RlcCBvbiB1cyEgQW5kIGRvbuKAmXQgY2FzdCBhbnkgcmVzdXJyZWN0aW9uIHNwZWxscyEKV2XigJlyZSBub3QgZGVhZCE=,,W+WKquavlOWonF0K5ZGD77yM5Yir6Lip5oiR77yB5Lmf5Yir55So5aSN5rS75ZKS6K+t77yBCuaIkeS7rOayoeatu++8gQ==,,W051YmluYV0K4LmA4Liu4Li34Lit4LiBIOC4reC4ouC5iOC4suC5gOC4q+C4ouC4teC4ouC4muC4quC4tCEg4LmB4Lil4LmJ4Lin4LiB4LmH4Lit4Lii4LmI4Liy4LmD4LiK4LmJ4LmA4Lin4LiX4LiK4Li44Lia4LiK4Li14Lin4Li04LiV4LiU4LmJ4Lin4LiiIQrguJ7guKfguIHguILguYnguLLguYTguKHguYjguYTguJTguYnguJXguLLguKIh,,,W051YmluYV0KwqFBaCwgbm8gbm9zIHBpc2UhIMKhWSBubyB1c2UgaGVjaGl6b3MgZGUgcmVzdXJyZWNjacOzbiEKwqFObyBlc3RhbW9zIG11ZXJ0b3Mh,W051YmluYV0KSHVjaCwgbmljaHQgZHJhdWZ0cmV0ZW4hIFVuZCBhdWNoIGtlaW5lbiBXaWVkZXJiZWxlYnVuZ3N6YXViZXIgYmVudXR6ZW4hCldpciBzaW5kIG5pY2h0IHRvdCE=,W051YmluYV0KSMOpLCBuZSBub3VzIG1hcmNoZXogcGFzIGRlc3N1cyAhIEV0IG7igJl1dGlsaXNleiBwYXMgZGUgc29ydCBkZSByw6lzdXJyZWN0aW9uICEKT24gbuKAmWVzdCBwYXMgbW9ydHMgIQ==,W051YmluYV0KSGFoLCBqYW5nYW4gaW5qYWsga2FtaSEgSmFuZ2FuIGd1bmFrYW4gc3BlbGwga2ViYW5na2l0YW4ganVnYSEKS2FtaSB0aWRhayBtZW5pbmdnYWwh,W051YmluYV0KQWgsIMO8c3TDvG3DvHplIGJhc21hecSxbiEgRGlyaWx0bWUgYsO8ecO8c8O8IGRlIGt1bGxhbm1hecSxbiEKQml6IMO2bG1lZGlrIQ==
4rKe,W+uIhOu5hOuCmF0K7ZW067OA6rCA7JeQIOuIhOybjOyEnCDtnLTqsIDrpbwg7KaQ6riw6rOgIOyeiOydhCDrv5DsnbTsl5DsmpQuCuuLueyLoOuPhCDsmIbsl5Ag64iE7JuMIOuzvOuemOyalD8g7KeE7KecIOq4sOu2hCDrgZ3rgrTspJjsmpQu,W051YmluYV0KV2XigJlyZSBqdXN0IGx5aW5nIGhlcmUgZW5qb3lpbmcgb3VyIHZhY2F0aW9uIG9uIHRoZSBiZWFjaC4KV2FudCB0byBsaWUgZG93biBuZXh0IHRvIHVzPyBJdCBmZWVscyBhbWF6aW5nLg==,,W+WKquavlOWonF0K5oiR5Lus5Y+q5piv6Lq65Zyo5rW36L655Lqr5Y+X5YGH5pyf6ICM5bey44CCCuS9oOS5n+imgei6uuWcqOaXgei+ueivleivleWQl++8n+ecn+eahOeIveWIsOS4jeihjOOAgg==,,W051YmluYV0K4LmB4LiE4LmI4LmA4Lit4LiZ4LiV4Lix4Lin4LiZ4Lit4LiZ4Lie4Lix4LiB4Lic4LmI4Lit4LiZ4Lit4Lii4Li54LmI4Lij4Li04Lih4LiK4Liy4Lii4Lir4Liy4LiU4LmA4LiX4LmI4Liy4LiZ4Lix4LmJ4LiZCuC5gOC4iOC5ieC4suC4iOC4sOC4oeC4suC4meC4reC4meC4guC5ieC4suC4hyDguYYg4LiU4LmJ4Lin4Lii4LmE4Lir4LihPyDguJrguK3guIHguYDguKXguKLguKfguYjguLLguJ/guLTguJnguKrguLjguJQg4LmGIA==,,,W051YmluYV0KU29sbyBlc3RhbW9zIHR1bWJhZG9zIGVuIGxhIHBsYXlhIGRpc2ZydXRhbmRvIGRlIGxhcyB2YWNhY2lvbmVzLgrCv1F1aWVyZSB0dW1iYXJzZSBhIG51ZXN0cm8gbGFkbz8gRGUgdmVyZGFkLCBzZSBlc3TDoSBkZSBtYXJhdmlsbGEu,W051YmluYV0KV2lyIGxpZWdlbiBudXIgYW0gU3RyYW5kIHVuZCBnZW5pZcOfZW4gZGVuIFVybGF1Yi4KV2lsbHN0IGR1IGRpY2ggYXVjaCBkYW5lYmVuIGhpbmxlZ2VuPyBEYXMgZsO8aGx0IHNpY2ggd2lya2xpY2ggZ3Jvw59hcnRpZyBhbi4=,W051YmluYV0KT24gZXN0IGp1c3RlIGFsbG9uZ8OpcyBzdXIgbGEgcGxhZ2UsIG9uIHByb2ZpdGUgZGVzIHZhY2FuY2VzLgpUdSB2ZXV4IHTigJlhbGxvbmdlciDDoCBjw7R0w6kgPyBD4oCZZXN0IGxlIHBpZWQu,W051YmluYV0KS2FtaSBoYW55YSBiZXJiYXJpbmcgZGkgdGVwaSBwYW50YWkgc2FtYmlsIG1lbmlrbWF0aSBsaWJ1cmFuLgpNYXUgYmVyYmFyaW5nIGRpIHNlYmVsYWhrdSBqdWdhPyBSYXNhbnlhIGJlbmFyLWJlbmFyIGVuYWsgc2VrYWxpLg==,W051YmluYV0KU2FkZWNlIHNhaGlsZGUgdXphbsSxcCB0YXRpbGluIHRhZMSxbsSxIMOnxLFrYXLEsXlvcnV6LgpTaXogZGUgeWFuxLFtxLF6YSB1emFubWFrIGlzdGVyIG1pc2luaXo/IEdlcsOnZWt0ZW4gaGFyaWthIGhpc3NldHRpcml5b3Iu
47Ke,7J207ISc7Yq4,RXNzZXJ0,,5LyK55Gf54m5,,RXNzZXJ0,,,RXNzZXJ0,RXNzZXJ0,RXNzZXJ0,RXNzZXJ0,RXNzZXJ0
5LKe,7J207ISc7Yq4IDog7ZW066Oh7J2YIOuniOydjOydtCDsnbTtlbTrj7wuIOy9lOuqqOuPhCDrhIjrrLQg7KKL7JWELi4u,RXNzZXJ0IEkgZ2V0IGhvdyB0aGUgU2VhIERyYWdvbiBmZWVscy4gQ29tb2RvIGlzIGp1c3QgdGhhdCBnb29k4oCm,,5LyK55Gf54m5OiDmiJHog73nkIbop6PmtbfpvpnnmoTlv4Pmg4XjgILlhYvprZTlspvlpKrmo5LkuoYuLi4=,,RXNzZXJ0IDog4LmA4LiC4LmJ4Liy4LmD4LiI4LiE4Lin4Liy4Lih4Lij4Li54LmJ4Liq4Li24LiB4LiC4Lit4LiH4Lih4Lix4LiH4LiB4Lij4LiX4Liw4LmA4Lil4LmA4Lil4LiiIENvbW9kbyDguJTguLXguKHguLLguIEuLi4=,,,RXNzZXJ0OiBFbnRpZW5kbyBjw7NtbyBzZSBzaWVudGUgZWwgZHJhZ8OzbiBtYXJpbm8uIE1lIGd1c3RhIG11Y2jDrXNpbW8gQ29tb2RvLi4u,RXNzZXJ0OiBJY2ggdmVyc3RlaGUsIHdhcyBpbSBIZXJ6ZW4gZWluZXMgU2VlZHJhY2hlbiB2b3JnZWh0LiBJY2ggbGllYmUgQ29tb2RvIGVpbmZhY2ggLi4u,RXNzZXJ0IDogSmUgY29tcHJlbmRzIGxlIGRyYWdvbiBkZSBtZXLigKYgQ29tb2RvLCBj4oCZZXN0IGxlIHBhcmFkaXPigKYu,RXNzZXJ0IDogQWt1IG1lbmdlcnRpIHBlcmFzYWFuIFNlYSBEcmFnb24uIENvbW9kbyBzYW5nYXQgbWVueWVuYW5na2FuLi4u,RXNzZXJ0IDogRGVuaXogZWpkZXJoYXPEsW7EsW4ga2FsYmluaSBhbmzEsXlvcnVtLiBDb21vZG8gw6dvayBnw7x6ZWwuLi4=
5bKe,W+ydtOyEnO2KuF0K7ZWY7J2MLi4uIOydjOuDoOuDkC4K7KCV66eQIOuPjOydtCDrkKAg65WM6rmM7KeAIOuIhOybjCDsnojsnYQg7IiYIOyeiOydhCDqsoMg6rCZ7JWELi4u,W0Vzc2VydF0KWWFhYXdu4oCmIG5vbSBub20uCkkgZmVlbCBsaWtlIEkgY291bGQgbGllIGhlcmUgdW50aWwgSSB0dXJuIGludG8gYSByb2Nr4oCm,,W+S8iueRn+eJuV0K5ZOI5ZWKLi4u5Zev5Za15Za144CCCuaEn+inieaIkeecn+eahOiDveS4gOebtOi6uuWIsOWPmOaIkOefs+WktC4uLg==,,W0Vzc2VydF0K4Lir4Liy4LinLi4uIOC4reC4t+C4oeC4oS4uLgrguILguYnguLLguITguIfguJnguK3guJnguK3guKLguLnguYjguK3guKLguYjguLLguIfguJnguLXguYnguYTguJTguYnguIjguJnguIHguKXguLLguKLguYDguJvguYfguJnguKvguLTguJnguYDguKXguKLguKXguYjguLAuLi4=,,,W0Vzc2VydF0KQnVhYWguLi4gw7FhbSDDsWFtLgpDcmVvIHF1ZSBwb2Ryw61hIHF1ZWRhcm1lIHR1bWJhZG8gaGFzdGEgY29udmVydGlybWUgZW4gcGllZHJhLi4u,W0Vzc2VydF0KSGFhYWhtIC4uLiBtbWguCkljaCBnbGF1YiwgaWNoIGvDtm5udGUgd2lya2xpY2ggaGllciBsaWVnZW4gYmxlaWJlbiwgYmlzIGljaCB6dSBTdGVpbiB3ZXJkZSAuLi4=,W0Vzc2VydF0KSGFhYW3igKYgbWlhbSBtaWFtLgpK4oCZYWkgbOKAmWltcHJlc3Npb24gcXVlIGplIHBvdXJyYWlzIHJlc3RlciBhbGxvbmfDqSBqdXNxdeKAmcOgIG1lIHRyYW5zZm9ybWVyIGVuIHBpZXJyZeKApi4=,W0Vzc2VydF0KSGFhYW0uLi4gbnlhbSBueWFtLgpSYXNhbnlhIGFrdSBiaXNhIGJlcmJhcmluZyBzYW1wYWkgYmVuYXItYmVuYXIgamFkaSBiYXR1Li4u,W0Vzc2VydF0KSGFhYW0uLi4gTnlhbSBueWFtLgpHZXLDp2VrdGVuIHRhxZ9hIGTDtm7DvMWfZW5lIGthZGFyIHV6YW5hYmlsaXJtacWfaW0gZ2liaSBnZWxpeW9yLi4u
5rKe,W+ydtOyEnO2KuF0K7L2U66qo64+EIOuwlOuLt+qwgOyXkCDriITsm4wg7J6I7Jy864uIIOutkCDtlZjrgpgg67aA65+s7Jq4IOqyjCDsl4brhKQuCuuwlOuLpOqwgCDqs6cg64KYLCDrgrTqsIAg6rOnIOuwlOuLpOq1rOuCmOyVhC4uLg==,W0Vzc2VydF0KTHlpbmcgb24gdGhlIGJlYWNoIGluIENvbW9kbywgSeKAmXZlIGdvdCBub3RoaW5nIHRvIGVudnkuClRoZSBzZWEgaXMgbWUsIGFuZCBJIGFtIHRoZSBzZWHigKY=,,W+S8iueRn+eJuV0K6Lq65Zyo5YWL6a2U5bKb55qE5rW36L6577yM55yf5piv5rKh5LuA5LmI5aW9576h5oWV55qE44CCCuWkp+a1t+WwseaYr+aIke+8jOaIkeWwseaYr+Wkp+a1t+WViuWVii4uLg==,,W0Vzc2VydF0K4Lie4Lit4LiZ4Lit4LiZ4Lit4Lii4Li54LmI4Lij4Li04Lih4LiX4Liw4LmA4LilIENvbW9kbyDguYHguKXguYnguKcg4LiB4LmH4LmE4Lih4LmI4Lit4Lii4Liy4LiB4LmE4LiU4LmJ4Lit4Liw4LmE4Lij4Lit4Li14LiB4LmA4Lil4LiiCuC4l+C4sOC5gOC4peC4geC5h+C4hOC4t+C4reC4guC5ieC4siDguYHguKXguLDguILguYnguLLguIHguYfguITguLfguK3guJfguLDguYDguKUuLi4=,,,W0Vzc2VydF0KQWwgdHVtYmFybWUgZW4gbGEgcGxheWEgZGUgQ29tb2RvLCBubyBuZWNlc2l0byBuYWRhIG3DoXMuCkVsIG1hciBzb3kgeW8sIHkgeW8gc295IGVsIG1hci4uLg==,W0Vzc2VydF0KQW0gU3RyYW5kIHZvbiBDb21vZG8genUgbGllZ2VuLCBkYSBmZWhsdCBtaXIgd2lya2xpY2ggbmljaHRzLgpEYXMgTWVlciBiaW4gaWNoLCB1bmQgaWNoIGJpbiBkYXMgTWVlci4uLg==,W0Vzc2VydF0KQWxsb25nw6kgc3VyIGxhIHBsYWdlIGRlIENvbW9kbywgamUgbidhaSByaWVuIMOgIGVudmllci4KTGEgbWVyLCBjJ2VzdCBtb2ksIGV0IG1vaSwgYydlc3QgbGEgbWVyLi4u,W0Vzc2VydF0KQmVyYmFyaW5nIGRpIHBhbnRhaSBDb21vZG8gbWVtYnVhdGt1IHRhayBtZW5naW5naW5rYW4gYXBhIHB1biBsYWdpLgpMYXV0IGFkYWxhaCBha3UsIGRhbiBha3UgYWRhbGFoIGxhdXQuLi4=,W0Vzc2VydF0KQ29tb2RvIHNhaGlsaW5kZSB1emFubcSxxZ8geWF0xLFuY2EsIGFydMSxayBrxLFza2FuYWNhayBoacOnYmlyIMWfZXkga2FsbcSxeW9yLgpEZW5peiBiZW5pbSwgYmVuIGRlIGRlbml6aW0gYWFhaC4uLg==
57Ke,7L2U66qo64+EIOuwlOuTnA==,Q29tb2RvIEJhcmQ=,,5YWL6a2U5bKb5ZCf5ri46K+X5Lq6,,Q29tb2RvIEJhcmQ=,,,QmFyZG8gZGUgQ29tb2Rv,Q29tb2RvLUJhcmRl,QmFyZGUgZGUgQ29tb2Rv,Q29tb2RvIEJhcmQ=,Q29tb2RvIE96YW7EsQ==
6LKe,67CU65OcIDog7KaQ6rGw7Jq0IOqzs+yXkOuKlCDripgg64W4656Y6rCAIO2VqOq7mO2VmOqzoCwg64W4656Y66GcIOq4sOyBqOydhCDso7zripQg64KY64+EIOqxsOq4sOyXkH4=,QmFyZCBXaGVyZXZlciB0aGVyZeKAmXMgam95LCB0aGVyZeKAmXMgc29uZ+KAlGFuZCBJ4oCZbSByaWdodCB0aGVyZSB3aXRoIGl0fg==,,5ZCf5ri46K+X5Lq6OiDlv6vkuZDnmoTlnLDmlrnmgLvmnInmrYznm7jkvLTvvIzogIznlKjmrYzluKbmnaXllpzmgqbnmoTmiJHkuZ/lnKjpgqPph4x+,,QmFyZCA6IOC4l+C4teC5iOC4l+C4teC5iOC4quC4meC4uOC4geC4quC4meC4suC4meC4oeC4seC4geC4oeC4teC5gOC4nuC4peC4h+C4reC4ouC4ueC5iOC5gOC4quC4oeC4rSDguYHguKXguLDguJXguLHguKfguILguYnguLLguJfguLXguYjguKHguK3guJrguITguKfguLLguKHguKrguLjguILguJTguYnguKfguKLguJrguJfguYDguJ7guKXguIfguK3guKLguLnguYjguJfguLXguYjguJnguLHguYjguJl+,,,QmFyZG86IEVuIGxvcyBsdWdhcmVzIGFsZWdyZXMgc2llbXByZSBoYXkgY2FuY2lvbmVzLCB5IHlvIHRhbWJpw6luIGVzdG95IGFsbMOtIHBhcmEgZGFyIGFsZWdyw61hIGNvbiBlbGxhc34=,QmFyZGU6IFdvIGVzIGZyw7ZobGljaCB6dWdlaHQsIGlzdCBpbW1lciBhdWNoIGVpbiBMaWVkIGRhYmVpIOKAkyB1bmQgaWNoLCBkZXIgbWl0IExpZWRlcm4gRnJldWRlIGJyaW5ndCwgbmF0w7xybGljaCBhdWNofg==,QmFyZGUgOiBMw6Agb8O5IGlsIHkgYSBkZSBsYSBqb2llLCBpbCB5IGEgdG91am91cnMgdW5lIGNoYW5zb24sIGV0IG1vaSBxdWkgYXBwb3J0ZSBsYSBqb2llIHBhciBsYSBjaGFuc29uLCBqZSBzdWlzIGF1c3NpIGzDoH4=,QmFyZDogRGkgdGVtcGF0IHlhbmcgbWVueWVuYW5na2FuLCBzZWxhbHUgYWRhIGxhZ3UsIGRhbiBha3UgeWFuZyBtZW1iZXJpIGtlYmFoYWdpYWFuIGxld2F0IGxhZ3UganVnYSBhZGEgZGkgc2FuYX4=,T3phbiA6IE5lxZ9lbGkgeWVybGVyZGUgxZ9hcmvEsSBoZXAgYmlybGlrdGUgb2x1ciwgxZ9hcmvEsXlsYSBzZXZpbsOnIHZlcmVuIGJlbiBkZSBvcmFkYXnEsW1+
6bKe,W+y9lOuqqOuPhCDrsJTrk5xdCuyXrOyWtCwg7Lmc6rWsLiDrrLTsiqgg64W4656Y6rCAIOuTo+qzoCDsi7bslrQ/,W0NvbW9kbyBCYXJkXQpIZXkgdGhlcmUsIGZyaWVuZC4gV2hhdCBraW5kIG9mIHNvbmcgd291bGQgeW91IGxpa2UgdG8gaGVhcj8=,,W+WFi+mtlOWym+WQn+a4uOivl+S6ul0K5ZOf77yM5pyL5Y+L44CC5L2g5oOz5ZCs5LuA5LmI5q2M77yf,,W0NvbW9kbyBCYXJkXQrguKfguYjguLLguYTguIfguKrguKvguLLguKIg4Lit4Lii4Liy4LiB4Lif4Lix4LiH4LmA4Lie4Lil4LiH4LmB4Lia4Lia4LmE4Lir4LiZPw==,,,W0JhcmRvIGRlIENvbW9kb10KRWgsIGFtaWdvLiDCv1F1w6kgY2FuY2nDs24gcXVpZXJlcyBlc2N1Y2hhcj8=,W0NvbW9kby1CYXJkZV0KSGUsIEZyZXVuZC4gV2VsY2hlcyBMaWVkIG3DtmNodGVzdCBkdSBow7ZyZW4/,W0JhcmRlIGRlIENvbW9kb10KSMOpLCBs4oCZYW1pLiBUdSB2ZXV4IMOpY291dGVyIHF1ZWxsZSBjaGFuc29uID8=,W0NvbW9kbyBCYXJkXQpIZWksIGthd2FuLiBMYWd1IGFwYSB5YW5nIGluZ2luIGthbXUgZGVuZ2FyPw==,W0NvbW9kbyBPemFuxLFdCkhleSwgZG9zdHVtLiBIYW5naSDFn2Fya8SxecSxIGRpbmxlbWVrIGlzdGVyc2luPw==
6rKe,7JiB7JuQ7Z6IIOyeoOuToCDrsJTsnIQ=,RXRlcm5hbCBTbGVlcGluZyBSb2Nr,,5rC46L+c5rKJ552h55qE5bKp55+z,,4Lig4Li54Lic4Liy4LiX4Li14LmI4Lir4Lil4Lix4Lia4LmD4Lir4Lil4LiK4Lix4LmI4Lin4LiZ4Li04Lij4Lix4LiZ4LiU4Lij4LmM,,,TGEgcm9jYSBxdWUgZHVlcm1lIGV0ZXJuYW1lbnRl,RGVyIGV3aWcgc2NobGFmZW5kZSBGZWxz,Um9jaGVyIGR1IFNvbW1laWwgw6l0ZXJuZWw=,QmF0dSB5YW5nIHRlcnRpZHVyIHNlbGFtYW55YQ==,U29uc3V6YSBkZWsgdXl1eWFuIGtheWE=
67Ke,6ri0IOu0ieyduOydmCDrhbjrnpg=,U29uZyBvZiB0aGUgTG9uZyBTZWFs,,5ryr6ZW/5bCB5Y2w5LmL5q2M,,4Lia4LiX4LmA4Lie4Lil4LiH4LmB4Lir4LmI4LiH4LiB4Liy4Lij4Lic4LiZ4Li24LiB4Lit4Lix4LiZ4Lii4Liy4Lin4LiZ4Liy4LiZ,,,TGEgY2FuY2nDs24gZGVsIGxhcmdvIGNvbmZpbmFtaWVudG8=,RGFzIExpZWQgZGVzIGxhbmdlbiBTaWVnZWxz,Q2hhbnQgZHUgbG9uZyBzY2VhdQ==,TnlhbnlpYW4gU2VnZWwgUGFuamFuZw==,VXp1biBNw7xocsO8biDFnmFya8Sxc8Sx
7LKe,64W4656Y66W8IOuTo+qzoCDsi7bsp4Ag7JWK64uk,SSBkb27igJl0IHdhbnQgdG8gaGVhciBhIHNvbmcu,,5oiR5LiN5oOz5ZCs5q2M,,4LmE4Lih4LmI4Lit4Lii4Liy4LiB4Lif4Lix4LiH4LmA4Lie4Lil4LiH,,,Tm8gcXVpZXJvIGVzY3VjaGFyIHVuYSBjYW5jacOzbg==,SWNoIG3DtmNodGUga2VpbiBMaWVkIGjDtnJlbg==,TmUgcGFzIMOpY291dGVyIGRlIGNoYW5zb24=,QWt1IHRpZGFrIGluZ2luIG1lbmRlbmdhciBsYWd1,xZ5hcmvEsSBkaW5sZW1layBpc3RlbWl5b3J1bQ==
7bKe,W+y9lOuqqOuPhCDrsJTrk5xdCuyVhO2VmCwg7ZW066OhIO2IrOultO2MjCDsoITshKQ/IO2KueuzhO2VnCDsnbTslbzquLDripQg7JWE64uI7KeA66eMIOy9lOuqqOuPhOyXkCDslrTsmrjrpqzripQg64W4656Y7KeALg==,W0NvbW9kbyBCYXJkXQpBaGgsIHRoZSBsZWdlbmQgb2YgU2VhIERyYWdvbiBUdXJwYT8KSXTigJlzIG5vdCBhIHBhcnRpY3VsYXJseSBzcGVjaWFsIHRhbGUsIGJ1dCBpdCBzdWl0cyBDb21vZG8gcXVpdGUgd2VsbC4=,,W+WFi+mtlOWym+WQn+a4uOivl+S6ul0K5ZWK5ZOI77yM5rW36b6Z5Zu+5bCU5biV55qE5Lyg6K+077yf5LiN566X5LuA5LmI54m55Yir55qE5pWF5LqL77yM5L2G56Gu5a6e5piv6YCC5ZCI5YWL6a2U5bKb55qE5q2M44CC,,W0NvbW9kbyBCYXJkXQrguK3guLIg4LiV4Liz4LiZ4Liy4LiZ4Lih4Lix4LiH4LiB4Lij4LiX4Liw4LmA4LilPyDguYHguKHguYnguIjguLDguYTguKHguYjguYPguIrguYjguYDguKPguLfguYjguK3guIfguJ7guLTguYDguKjguKkg4LmB4LiV4LmI4LmA4Lib4LmH4LiZ4LmA4Lie4Lil4LiH4LiX4Li14LmI4LmA4Lir4Lih4Liy4Liw4LiB4Lix4LiaIENvbW9kbyDguJTguLU=,,,W0JhcmRvIGRlIENvbW9kb10KQWgsIMK/bGEgbGV5ZW5kYSBkZWwgZHJhZ8OzbiBtYXJpbm8gVHVycGE/IE5vIGVzIHVuYSBoaXN0b3JpYSBtdXkgZXNwZWNpYWwsIHBlcm8gZXMgdW5hIGNhbmNpw7NuIHF1ZSBlbmNhamEgY29uIENvbW9kby4=,W0NvbW9kby1CYXJkZV0KQWhhLCBkaWUgTGVnZW5kZSB2b24gU2VlZHJhY2hlIFR1cnBhPyBOaWNodHMgYWxsenUgQmVzb25kZXJlcywgYWJlciBlaW4gTGllZCwgZGFzIGd1dCB6dSBDb21vZG8gcGFzc3Qu,W0JhcmRlIGRlIENvbW9kb10KQWgsIGxhIGzDqWdlbmRlIGR1IGRyYWdvbiBkZSBtZXIgVHVycGEgPyBSaWVuIGTigJlleHRyYW9yZGluYWlyZSwgbWFpcyDDp2EgY29sbGUgYmllbiDDoCBDb21vZG8u,W0NvbW9kbyBCYXJkXQpBaGEsIGxlZ2VuZGEgTmFnYSBMYXV0IFR1cnBhPyBCdWthbiBjZXJpdGEgeWFuZyBpc3RpbWV3YSwgdGFwaSBpdHUgbGFndSB5YW5nIGNvY29rIHVudHVrIENvbW9kby4=,W0NvbW9kbyBPemFuxLFdCkFoYSwgRGVuaXogRWpkZXJpIFR1cnBhIGVmc2FuZXNpIG1pPyDDlnplbCBiaXIgaGlrw6J5ZSBkZcSfaWwgYW1hIENvbW9kb3lhIHlha8SxxZ9hbiBiaXIgxZ9hcmvEsS4=
7rKe,W+y9lOuqqOuPhCDrsJTrk5xdCuq3uOufvCDsnpgg65Ok7Ja07KSYLg==,W0NvbW9kbyBCYXJkXQpUaGVuIGxpc3RlbiBjbG9zZWx5Lg==,,W+WFi+mtlOWym+WQn+a4uOivl+S6ul0K6YKj5bCx5aW95aW95ZCs552A44CC,,W0NvbW9kbyBCYXJkXQrguIfguLHguYnguJnguIHguYfguJXguLHguYnguIfguYPguIjguJ/guLHguIfguYPguKvguYnguJTguLU=,,,W0JhcmRvIGRlIENvbW9kb10KRW50b25jZXMgZXNjdWNoYSBiaWVuLg==,W0NvbW9kby1CYXJkZV0KRGFubiBow7ZyIGd1dCB6dS4=,W0JhcmRlIGRlIENvbW9kb10KQWxvcnMsIMOpY291dGUgYmllbi4=,W0NvbW9kbyBCYXJkXQpLYWxhdSBiZWdpdHUsIGRlbmdhcmthbiBiYWlrLWJhaWsu,W0NvbW9kbyBPemFuxLFdCk8gaMOibGRlIGl5aSBkaW5sZS4=
77Ke,W+y9lOuqqOuPhCDrsJTrk5xdCuyVhOyjvCDsmKTrnpgg7KCEIOuniOydhOuPhCDsgqzrnozrj4Qg7JeG642YIOyqveu5myDrsJTri7fqsIAsIOuCoOqwnOulvCDsiazrn6wg7ZWcIO2VtOujoSDqt7jqs7PsnYQg7LC+7JWY64SkLi4u,W0NvbW9kbyBCYXJkXQpMb25nIGFnbywgb24gYW4gYXp1cmUgc2hvcmUgd2hlcmUgdGhlcmUgd2VyZSBubyB2aWxsYWdlcyBub3IgcGVvcGxlLAphIFNlYSBEcmFnb24gY2FtZSB0byByZXN0IGl0cyB3aW5nc+KApg==,,W+WFi+mtlOWym+WQn+a4uOivl+S6ul0K5Zyo5b6I5LmF5b6I5LmF5Lul5YmN77yM5p2R5bqE5LiO5Lq654Of55qG5peg55qE6JSa6JOd5rW35bK477yM5pyJ5LiA5p2h5rW36b6Z5Li65LqG5q2H5oGv57+F6IaA6ICM5p2l5Yiw6YKj6YeMLi4u,,W0NvbW9kbyBCYXJkXQrguJnguLLguJnguYHguKrguJnguJnguLLguJnguKHguLLguYHguKXguYnguKcg4LiTIOC4iuC4suC4ouC4l+C4sOC5gOC4peC4quC4teC4hOC4o+C4suC4oeC5hOC4o+C5ieC4nOC4ueC5ieC4hOC4mSDguKHguLHguIfguIHguKPguJfguLDguYDguKXguJXguJnguKvguJnguLbguYjguIfguYTguJTguYnguKHguLLguJ7guLHguIHguJvguLXguIHguKLguLHguIfguKrguJbguLLguJnguJfguLXguYjguYHguKvguYjguIfguJnguLHguYnguJkuLi4=,,,W0JhcmRvIGRlIENvbW9kb10KSGFjZSBtdWNobywgbXVjaG8gdGllbXBvLCBlbiB1bmEgY29zdGEgYXp1bCBzaW4gcHVlYmxvcyBuaSBnZW50ZSwgdW4gZHJhZ8OzbiBtYXJpbm8gZnVlIGFsbMOtIGEgZGVzY2Fuc2FyIGxhcyBhbGFzLi4u,W0NvbW9kby1CYXJkZV0KVm9yIHNlaHIgbGFuZ2VyIFplaXQsIGFuIGVpbmVtIHRpZWZibGF1ZW4gU3RyYW5kLCB3byBlcyB3ZWRlciBEw7ZyZmVyIG5vY2ggTWVuc2NoZW4gZ2FiLCBzdWNodGUgZWluIFNlZWRyYWNoZSBkaWVzZW4gT3J0IGF1ZiwgdW0gc2VpbmUgRmzDvGdlbCBhdXN6dXJ1aGVuIC4uLg==,W0JhcmRlIGRlIENvbW9kb10KSWwgeSBhIGJpZW4gbG9uZ3RlbXBzLCBzdXIgdW5lIHBsYWdlIGJsZXUgYXp1ciwgc2FucyB2aWxsYWdlIG5pIGhhYml0YW50c+KApiB1biBkcmFnb24gZGUgbWVyIHZpbnQgeSByZXBvc2VyIHNlcyBhaWxlc+KApi4=,W0NvbW9kbyBCYXJkXQpTYW5nYXQgbGFtYSBkYWh1bHUsIGRpIHRlcGkgbGF1dCBiaXJ1IHR1YSB5YW5nIGJlbHVtIGFkYSBkZXNhIG1hdXB1biBtYW51c2lhLCBzZWVrb3IgTmFnYSBMYXV0IGRhdGFuZyBrZSBzYW5hIHVudHVrIG1lbmdpc3RpcmFoYXRrYW4gc2F5YXBueWEuLi4=,W0NvbW9kbyBPemFuxLFdCsOHb2sgdXp1biB6YW1hbiDDtm5jZSwgbmUga8O2ecO8biBuZSBkZSBpbnNhbmxhcsSxbiBvbGR1xJ91IGxhY2l2ZXJ0IGJpciBzYWhpbGRlLCBrYW5hdGxhcsSxbsSxIGRpbmxlbmRpcm1layBpw6dpbiBiaXIgZGVuaXogZWpkZXJpIG9yYXnEsSBidWxtdcWfdHUuLi4=
8LKe,W3swfV0KIC0g67CU65Oc64qUIOygleqyqOyatCDsnYzsobDroZwg65Sw7Iqk7ZWcIO2VtOuzgOqwgOyXkCDsnqDrk6TslrQg64+M7J20IOuQnCDrk5zrnpjqs6QsIO2IrOultO2MjOydmCDrhbjrnpjrpbwg67aI66CA64ukLiAt,W3swfV0KLSBCYXJkIHNhbmcsIGluIGEgd2FybSBhbmQgZmFtaWxpYXIgbWVsb2R5LCBvZiBUdXJwYSB0aGUgZHJhZ29uLAp3aG8gZmVsbCBhc2xlZXAgb24gdGhlIGdlbnRsZSBzaG9yZSBhbmQgdHVybmVkIHRvIHN0b25lLiAt,,W3swfV0KLeWQn+a4uOivl+S6uueUqOS6suWIh+eahOabsuiwg++8jOWUsei1t+S6huWcqOa4qeaalua1t+i+ueayieedoeW5tuWMluS4uuefs+WktOeahOm+me+8jOWbvuWwlOW4leS5i+atjOOAgi0=,,LSBCYXJkIOC4guC4seC4muC4guC4suC4meC4lOC5ieC4p+C4ouC4l+C5iOC4p+C4h+C4l+C4s+C4meC4reC4h+C4reC4muC4reC4uOC5iOC4mSDguYDguKXguYjguLLguYDguKPguLfguYjguK3guIfguKHguLHguIfguIHguKPguJfguLnguKPguYzguJ7guLLguJfguLXguYjguKvguKXguLHguJrguYPguKvguKXguIjguJnguIHguKXguLLguKLguYDguJvguYfguJnguKvguLTguJnguKPguLTguKHguIrguLLguKLguKvguLLguJQgLQ==,,,W3swfV0KIC0gRWwgYmFyZG8gY2FudMOzIGNvbiB0b25vIGVudHJhw7FhYmxlIGxhIGNhbmNpw7NuIGRlIFR1cnBhLCBlbCBkcmFnw7NuIHF1ZSBzZSBkdXJtacOzIGVuIHVuYSBjw6FsaWRhIHBsYXlhIHkgc2UgY29udmlydGnDsyBlbiBwaWVkcmEuIC0=,W3swfV0KIC0gRGVyIEJhcmRlIHNhbmcgaW4gd2FybWVtLCB2ZXJ0cmF1dGVtIFRvbiBkYXMgTGllZCB2b24gVHVycGEsIGRlbSBEcmFjaGVuLCBkZXIgYW0gc29ubmlnZW4gU3RyYW5kIGVpbnNjaGxpZWYgdW5kIHp1IFN0ZWluIHd1cmRlLiAt,W3swfV0KIC0gTGUgQmFyZGUgY2hhbnRhLCBzdXIgdW4gdG9uIGNoYWxldXJldXgsIGzigJloaXN0b2lyZSBkZSBUdXJwYSwgbGUgZHJhZ29uIGVuZG9ybWkgc3VyIGxhIHBsYWdlIGV0IGNoYW5nw6kgZW4gcGllcnJlLiAt,W3swfV0KLSBCYXJkIG1lbnlhbnlpa2FuIGxhZ3UgdGVudGFuZyBUdXJwYSwgbmFnYSB5YW5nIHRlcnRpZHVyIGRpIHBhbnRhaSBoYW5nYXQgbGFsdSBtZW5qYWRpIGJhdHUsIGRlbmdhbiBuYWRhIHlhbmcgYWtyYWIgZGFuIGhhbmdhdC4gLQ==,W3swfV0KIC0gT3phbiBzxLFjYWsgc2FoaWxkZSB1eXV5dXAgdGHFn2EgZMO2bsO8xZ9lbiBlamRlcmhhIFR1cnBh4oCZbsSxbiDFn2Fya8Sxc8SxbsSxIGnDp3RlbiBiaXIgZXpnaXlsZSBzw7Z5bGVkaS4gLQ==
8bKe,W+y9lOuqqOuPhCDrsJTrk5xdCuuniOuFgCDsoITshKQg66eQ7J2066Gc6rWwPyDqvaQg7Z2l66+47KeE7KeE7ZWcIOydtOyVvOq4sOyngOunjCDslYTrrLTrnpjrj4Qg7ZW066OhIOydtOyVvOq4sOqwgCDrjZQg7J246riw6rCAIOunjuyVhC4=,W0NvbW9kbyBCYXJkXQpUaGUgd2l0Y2ggbGVnZW5kLCBpcyBpdD8KSXTigJlzIGEgdGhyaWxsaW5nIHN0b3J5LCBidXQgdGhlIFNlYSBEcmFnb27igJlzIHRhbGUgaXMgZmFyIG1vcmUgcG9wdWxhci4=,,W+WFi+mtlOWym+WQn+a4uOivl+S6ul0K5L2g6K+055qE5piv5aWz5ber5Lyg6K+05ZCX77yf6YKj5piv5Liq55u45b2T5oOK6Zmp55qE5pWF5LqL77yM5LiN6L+H5LiN566h5oCO5LmI6K+077yM5rW36b6Z55qE5pWF5LqL5pu05Y+X5qyi6L+O44CC,,W0NvbW9kbyBCYXJkXQrguJXguLPguJnguLLguJnguYHguKHguYjguKHguJTguKrguLTguJnguLA/IOC5geC4oeC5ieC4iOC4sOC4meC5iOC4suC4quC4meC5g+C4iCDguYHguJXguYjguYDguKPguLfguYjguK3guIfguILguK3guIfguKHguLHguIfguIHguKPguJfguLDguYDguKXguIHguYfguKLguLHguIfguYTguJTguYnguKPguLHguJrguITguKfguLLguKHguJnguLTguKLguKHguKHguLLguIHguIHguKfguYjguLI=,,,W0JhcmRvIGRlIENvbW9kb10Kwr9MYSBsZXllbmRhIGRlIGxhIGJydWphPyBFcyB1bmEgaGlzdG9yaWEgYmFzdGFudGUgZW1vY2lvbmFudGUsIHBlcm8gbGEgZGVsIGRyYWfDs24gbWFyaW5vIGVzIG3DoXMgcG9wdWxhci4=,W0NvbW9kby1CYXJkZV0KRHUgbWVpbnN0IGRpZSBIZXhlbmxlZ2VuZGU/IFppZW1saWNoIHNwYW5uZW5kLCBkaWUgR2VzY2hpY2h0ZSwgYWJlciBkaWUgdm9tIFNlZWRyYWNoZW4gaXN0IHdvaGwgZG9jaCBiZWxpZWJ0ZXIu,W0JhcmRlIGRlIENvbW9kb10KTGEgbMOpZ2VuZGUgZGUgbGEgc29yY2nDqHJlID8gQ+KAmWVzdCBwYXNzaW9ubmFudCwgbWFpcyBs4oCZaGlzdG9pcmUgZHUgZHJhZ29uIGRlIG1lciBwbGHDrnQgcGx1cy4=,W0NvbW9kbyBCYXJkXQpNYWtzdWRtdSBsZWdlbmRhIHBlbnlpaGlyPyBJdHUgY2VyaXRhIHlhbmcgY3VrdXAgbWVuZGViYXJrYW4sIHRhcGkgYmFnYWltYW5hcHVuIGp1Z2Ega2lzYWggTmFnYSBMYXV0IGxlYmloIHBvcHVsZXIu,W0NvbW9kbyBPemFuxLFdCkNhZMSxIGVmc2FuZXNpIG1pIGRpeW9yc3VuPyBPbGR1a8OnYSBoZXllY2FubMSxIGJpciBoaWvDonllIGFtYSBuZWRlbnNlIGRlbml6IGVqZGVyaSBoaWvDonllc2kgZGFoYSDDp29rIHNldmlsaXlvci4=
8rKe,W+y9lOuqqOuPhCDrsJTrk5xdCuq3uOuemOuPhCDrhbjrnpjtlaAg65WM64qUIOuKmCDsmKgg7Z6Y65OkIOuLpO2VtCDrtoDrpbTri4jquYwg65Ok7Ja07KSYLg==,W0NvbW9kbyBCYXJkXQpTdGlsbCwgSSBhbHdheXMgc2luZyB3aXRoIGFsbCBteSBoZWFydCwgc28gZG8gbGlzdGVuLg==,,W+WFi+mtlOWym+WQn+a4uOivl+S6ul0K5LiN6L+H5oiR5ZSx5q2M5pe25oC75Lya55So5bC95YWo5Yqb77yM5omA5Lul5ZCs5ZCs5ZCn44CC,,W0NvbW9kbyBCYXJkXQrguYHguJXguYjguJbguLbguIfguK3guKLguYjguLLguIfguJnguLHguYnguJkg4LiC4LmJ4Liy4LiB4LmH4LiC4Lix4Lia4Lij4LmJ4Lit4LiH4LmA4LiV4LmH4Lih4LiB4Liz4Lil4Lix4LiH4LmA4Liq4Lih4LitIOC4n+C4seC4h+C5g+C4q+C5ieC4lOC4teC4peC5iOC4sA==,,,W0JhcmRvIGRlIENvbW9kb10KQXVuIGFzw60sIGN1YW5kbyBjYW50byBzaWVtcHJlIHBvbmdvIHRvZG8gbWkgZW1wZcOxbywgYXPDrSBxdWUgZXNjw7pjaGFsYS4=,W0NvbW9kby1CYXJkZV0KQWJlciB3ZW5uIGljaCBzaW5nZSwgZGFubiBpbW1lciBtaXQgdm9sbGVyIEtyYWZ0LCBhbHNvIGjDtnIgZ3V0IHp1Lg==,W0JhcmRlIGRlIENvbW9kb10KTWFpcyBxdWFuZCBqZSBjaGFudGUsIGplIGxlIGZhaXMgZGUgdG91dGVzIG1lcyBmb3JjZXMuIEFsb3JzIMOpY291dGUgYmllbi4=,W0NvbW9kbyBCYXJkXQpNZXNraSBiZWdpdHUsIHNhYXQgYmVybnlhbnlpIGFrdSBzZWxhbHUgbWVueWFueWlrYW5ueWEgZGVuZ2FuIHNlZ2VuYXAgdGVuYWdhLCBqYWRpIGRlbmdhcmthbmxhaC4=,W0NvbW9kbyBPemFuxLFdCllpbmUgZGUgxZ9hcmvEsSBzw7Z5bGVya2VuIGhlciB6YW1hbiB0w7xtIGfDvGPDvG1sZSBzw7Z5bGVyaW0sIG8gecO8emRlbiBkaW5sZS4=
87Ke,W+y9lOuqqOuPhCDrsJTrk5xdCuyaqeyCrOuTpOydtCDsmbjss6Trj4Tri6QsIOydtCDrp4jqsoDsnZgg7Z6Y7Jy866GcISDrj5nqtbQg7IaNIOyCrOyVhe2VnCDrp4jrhYDsnZgg7Iio7Ya17J2EIOuBiuqzoCDrp5Drpqzrnbx+,W0NvbW9kbyBCYXJkXQpUaGUgaGVyb2VzIGNyaWVkIG91dCwK4oCcV2l0aCB0aGUgcG93ZXIgb2YgdGhpcyBjdXJzZWQgYmxhZGUsCndlIHNoYWxsIGVuZCB0aGUgQm9tYiBXaWNrZWQgd2l0Y2jigJlzIGJyZWF0aCB3aXRoaW4gdGhlIGNhdmV+IeKAnQ==,,W+WFi+mtlOWym+WQn+a4uOivl+S6ul0K5YuH5aOr5Lus6auY5aOw5ZG85ZaK77yM5Lul6L+Z6a2U5YmR5LmL5Yqb77yB5a6a6KaB5pap5pat5rSe56qf5Lit6YKq5oG25aWz5ber55qE5ZG96ISJfg==,,W0NvbW9kbyBCYXJkXQrguYDguKvguKXguYjguLLguKfguLXguKPguIrguJnguKPguYnguK3guIfguJXguLDguYLguIHguJkg4LiU4LmJ4Lin4Lii4Lie4Lil4Lix4LiH4LmB4Lir4LmI4LiH4LiU4Liy4Lia4LiV4LmJ4Lit4LiH4Liq4Liy4LibISDguIjguLDguJTguLHguJrguKXguKHguKvguLLguKLguYPguIjguYHguKHguYjguKHguJTguIrguLHguYjguKfguKPguYnguLLguKLguYPguJnguJbguYnguLPguYPguKvguYnguIjguIfguYTguJTguYl+,,,W0JhcmRvIGRlIENvbW9kb10KwqFMb3MgaMOpcm9lcyBwcm9jbGFtYXJvbjogY29uIGVsIHBvZGVyIGRlIGVzdGEgZXNwYWRhIGRlbW9uw61hY2EsIGFjYWJhcmVtb3MgY29uIGxhIG1hbHZhZGEgYnJ1amEgZGUgbGEgY3VldmEhfg==,W0NvbW9kby1CYXJkZV0KRGllIEhlbGRlbiByaWVmZW46IE1pdCBkZXIgTWFjaHQgZGllc2VzIETDpG1vbmVuc2Nod2VydHMhIFdpciB3ZXJkZW4gZGVyIGLDtnNlbiBIZXhlIGluIGRlciBIw7ZobGUgZGVuIEdhcmF1cyBtYWNoZW4hfg==,W0JhcmRlIGRlIENvbW9kb10KTGVzIGjDqXJvcyBjcmnDqHJlbnQgOiDCqyBQYXIgbGEgcHVpc3NhbmNlIGRlIGNldHRlIMOpcMOpZSBtYXVkaXRlICEgTm91cyBtZXR0cm9ucyBmaW4gYXUgc291ZmZsZSBkZSBsYSBzb3JjacOocmUsIGRhbnMgbGEgZ3JvdHRlfiDCuw==,W0NvbW9kbyBCYXJkXQpQYXJhIHBhaGxhd2FuIGJlcnNlcnUsIGRlbmdhbiBrZWt1YXRhbiBwZWRhbmcgaWJsaXMgaW5pISBBa2FuIGt1cGVuZ2dhbCBuYXBhcyBwZW55aWhpciBqYWhhdCBkaSBkYWxhbSBndWF+,W0NvbW9kbyBPemFuxLFdCkthaHJhbWFubGFyIGhheWvEsXJkxLE6IEJ1IMWfZXl0YW5pIGvEsWzEsWPEsW4gZ8O8Y8O8eWxlISBNYcSfYXJhbsSxbiBpw6dpbmRla2kga8O2dMO8IGNhZMSxbsSxbiBuZWZlc2luaSBrZXNlY2XEn2l6fg==
9LKe,W3swfV0KIC0g67CU65Oc64qUIOqyqeygleyggeyduCDsnYzsobDroZwg64+Z6rW0IOyGjSDrp4jrhYDsmYAg7Jqp7IKs65Ok7J2YIOyLuOybgOyXkCDrjIDtlZwg7ISc7IKs7Iuc66W8IOuFuOuemO2WiOuLpC4gLQ==,W3swfV0KLSBCYXJkIHNhbmcgYW4gZXBpYyB0YWxlIGluIGEgcGFzc2lvbmF0ZSB0b25lLAp0ZWxsaW5nIG9mIHRoZSBmaWVyY2UgYmF0dGxlIGJldHdlZW4gdGhlIHdpdGNoIGFuZCB0aGUgaGVyb2VzIGluIHRoZSBjYXZlcm4uIC0=,,W3swfV0KLeWQn+a4uOivl+S6uueUqOa/gOaYgueahOabsuiwg++8jOWUsei1t+S6hua0nueqn+S4reWls+W3q+S4juWLh+Wjq+S7rOaImOaWl+eahOWPsuivl+OAgi0=,,LSBCYXJkIOC4guC4seC4muC4guC4suC4meC4muC4l+C5gOC4nuC4peC4h+C4geC4suC4o+C4leC5iOC4reC4quC4ueC5ieC4guC4reC4h+C5geC4oeC5iOC4oeC4lOC5g+C4meC4luC5ieC4s+C4geC4seC4muC5gOC4q+C4peC5iOC4suC4p+C4teC4o+C4iuC4mSDguJTguYnguKfguKLguJfguLPguJnguK3guIfguK3guLHguJnguYDguKPguYjguLLguKPguYnguK3guJkgLQ==,,,W3swfV0KIC0gRWwgYmFyZG8gY2FudMOzIGNvbiB0b25vIGFwYXNpb25hZG8gdW5hIGVwb3BleWEgc29icmUgbGEgbHVjaGEgZW50cmUgbGEgYnJ1amEgZGUgbGEgY3VldmEgeSBsb3MgaMOpcm9lcy4gLQ==,W3swfV0KLSBEZXIgQmFyZGUgc2FuZyBpbiBsZWlkZW5zY2hhZnRsaWNoZW0gVG9uIGVpbiBFcG9zIMO8YmVyIGRlbiBLYW1wZiB6d2lzY2hlbiBkZXIgSGV4ZSBpbiBkZXIgSMO2aGxlIHVuZCBkZW4gSGVsZGVuLiAt,W3swfV0KIC0gTGUgQmFyZGUgY2hhbnRhLCBk4oCZdW4gdG9uIHBhc3Npb25uw6ksIHVuZSDDqXBvcMOpZSBzdXIgbGUgY29tYmF0IGVudHJlIGxhIHNvcmNpw6hyZSBkZSBsYSBncm90dGUgZXQgbGVzIGjDqXJvcy4gLQ==,W3swfV0KLSBCYXJkIG1lbnlhbnlpa2FuIGVwb3MgdGVudGFuZyBwZXJ0YXJ1bmdhbiBhbnRhcmEgcGVueWloaXIgZGkgZGFsYW0gZ3VhIGRhbiBwYXJhIHBhaGxhd2FuIGRlbmdhbiBuYWRhIHlhbmcgbWVuZ2dlYnUtZ2VidS4gLQ==,W3swfV0KIC0gT3phbiBtYcSfYXJhZGFraSBjYWTEsSBpbGUga2FocmFtYW5sYXLEsW4gc2F2YcWfxLEgw7x6ZXJpbmUgZGVzdGFuc8SxIGJpciDFn2lpcmkgY2/Fn2t1bHUgYmlyIGV6Z2l5bGUgc8O2eWxlZGkuIC0=
9bKe,W+y9lOuqqOuPhCDrsJTrk5xdCuq3uOuemCwg64K06rCAIOuFuOuemO2VmOyngCDslYrslYTrj4Qg7ZWY66Oo7KKF7J28IO2MjOuPhOyZgCDrsJTrnozsnbQg64W4656Y7ZWY6rOgIOyeiOycvOuLiOq5jC4=,W0NvbW9kbyBCYXJkXQpUaGF04oCZcyBmaW5lLiBFdmVuIGlmIEkgZG9u4oCZdCBzaW5nLAp0aGUgd2F2ZXMgYW5kIHRoZSB3aW5kIHdpbGwgc2luZyBhbGwgZGF5IGxvbmcu,,W+WFi+mtlOWym+WQn+a4uOivl+S6ul0K5piv5ZWK77yM5bCx566X5oiR5LiN5ZSx77yM5rW35rWq5ZKM6aOO5Lmf5Lya5pW05aSp5q2M5ZSx44CC,,W0NvbW9kbyBCYXJkXQrguIHguYfguIjguKPguLTguIcg4LmB4Lih4LmJ4LiC4LmJ4Liy4LmE4Lih4LmI4Lij4LmJ4Lit4LiH4LmA4Lie4Lil4LiHIOC4hOC4peC4t+C5iOC4meC5geC4peC4sOC4quC4suC4ouC4peC4oeC4geC5h+C4guC4seC4muC4geC4peC5iOC4reC4oeC4leC4peC4reC4lOC4p+C4seC4meC4reC4ouC4ueC5iOC5geC4peC5ieC4pw==,,,W0JhcmRvIGRlIENvbW9kb10KU8OtLCBhdW5xdWUgeW8gbm8gY2FudGUsIGxhcyBvbGFzIHkgZWwgdmllbnRvIGNhbnRhbiB0b2RvIGVsIGTDrWEu,W0NvbW9kby1CYXJkZV0KSmEsIHNlbGJzdCB3ZW5uIGljaCBuaWNodCBzaW5nZSwgc2luZ2VuIGhpZXIgZGVuIGdhbnplbiBUYWcgZGllIFdlbGxlbiB1bmQgZGVyIFdpbmQu,W0JhcmRlIGRlIENvbW9kb10KT3VpLCBtw6ptZSBzaSBqZSBuZSBjaGFudGUgcGFzLCBsZXMgdmFndWVzIGV0IGxlIHZlbnQgY2hhbnRlbnQgdG91dGUgbGEgam91cm7DqWUu,W0NvbW9kbyBCYXJkXQpCZW5hciwgbWVza2kgYWt1IHRpZGFrIGJlcm55YW55aSwgc2VwYW5qYW5nIGhhcmkgb21iYWsgZGFuIGFuZ2luIHN1ZGFoIGJlcm55YW55aS4=,W0NvbW9kbyBPemFuxLFdCkV2ZXQsIGJlbiDFn2Fya8SxIHPDtnlsZW1lc2VtIGJpbGUgYsO8dMO8biBnw7xuIGRhbGdhbGFybGEgcsO8emfDonIgxZ9hcmvEsSBzw7Z5bMO8eW9yIHphdGVuLg==
9rKe,W+y9lOuqqOuPhCDrsJTrk5xdCu2VmOyngOunjCDqsIDrgpztlZwg67CU65Oc6rCAIOuUsOucu+2VnCDsoIDrhYHsnYQg66i57J2EIOyImCDsnojqsowg64+E7JmA7KO866m0IOuCmOuKlCDquLDsgZjsp4Au,W0NvbW9kbyBCYXJkXQpTdGlsbCwgaWYgeW914oCZZCBoZWxwIGEgcG9vciBCYXJkIGVuam95IGEgd2FybSBkaW5uZXIsCnRoYXQgd291bGQgbWFrZSBtZSB2ZXJ5IGhhcHB5Lg==,,W+WFi+mtlOWym+WQn+a4uOivl+S6ul0K5LiN6L+H6KaB5piv5L2g6IO95biu5biu6LSr56m355qE5ZCf5ri46K+X5Lq66K6p5oiR5ZCD5LiK5LiA6aG/5rip5pqW55qE5pma6aSQ77yM5oiR5bCx5Lya5b6I6auY5YW044CC,,W0NvbW9kbyBCYXJkXQrguYHguJXguYjguKvguLLguIHguYDguIjguYnguLLguIrguYjguKfguKLguYPguKvguYkgQmFyZCDguKLguLLguIHguIjguJnguJzguLnguYnguJnguLXguYnguYTguJTguYnguIHguLTguJnguKHguLfguYnguK3guK3guLjguYjguJkg4LmGIOC4guC5ieC4suC4iOC4sOC4ouC4tOC4meC4lOC4teC5gOC4m+C5h+C4meC4reC4ouC5iOC4suC4h+C4ouC4tOC5iOC4hw==,,,W0JhcmRvIGRlIENvbW9kb10KUGVybyBtZSBhbGVncmFyw61hIHF1ZSBheXVkYXJhcyBhIGVzdGUgcG9icmUgYmFyZG8gYSBwb2RlciBjZW5hciBhbGdvIGNhbGllbnRlLg==,W0NvbW9kby1CYXJkZV0KQWJlciBpY2ggd8O8cmQgbWljaCBmcmV1ZW4sIHdlbm4gZHUgZGVtIGFybWVuIEJhcmRlbiB6dSBlaW5lbSB3YXJtZW4gQWJlbmRlc3NlbiB2ZXJoaWxmc3Qu,W0JhcmRlIGRlIENvbW9kb10KTWFpcyBzaSB0dSBhaWRlcyB1biBwYXV2cmUgQmFyZGUgw6Agc2UgcGF5ZXIgdW4gYm9uIHJlcGFzIGNoYXVk4oCmIG1vaSwgamUgc3VpcyBjb250ZW50Lg==,W0NvbW9kbyBCYXJkXQpUYXBpLCBrYWxhdSBrYW11IG1lbWJhbnR1IEJhcmQgeWFuZyBtaXNraW4gaW5pIGFnYXIgYmlzYSBtYWthbiBtYWxhbSB5YW5nIGhhbmdhdCwgYWt1IGFrYW4gc2VuYW5nLg==,W0NvbW9kbyBPemFuxLFdCkFtYSB5b2tzdWwgT3phbsSxbiBzxLFjYWsgYmlyIGFrxZ9hbSB5ZW1lxJ9pIHlpeWViaWxtZXNpbmUgeWFyZMSxbSBlZGVyc2VuaXosIGJlbiBkZSBtdXRsdSBvbHVydW0u
97Ke,W+q1reyInOyImF0K7IaM7KeA7ZWY6rOgIOqzhOyLnOuKlCDslYTsnbTthZzsnbQg66eO7JWECuuMgO2ZlOulvCDsp4Ttlokg7ZWgIOyImCDsl4bsirXri4jri6QuCuyVhOydtO2FnOydhCDsoJXrpqztlZwg65KkIOuLpOyLnCDsi5zrj4TtlbQg7KO87Iuc6riwIOuwlOuejeuLiOuLpC4=,W0d1ayBTdW5zdV0KWW91IGFyZSBjYXJyeWluZyB0b28gbWFueSBpdGVtcwp0byBjb250aW51ZSB0aGUgY29udmVyc2F0aW9uLgpQbGVhc2Ugb3JnYW5pemUgeW91ciBpbnZlbnRvcnkgYW5kIHRyeSBhZ2Fpbi4=,,W+meoOmhuua0mV0K55Sx5LqO5L2g5pC65bim55qE6YGT5YW36L+H5aSa77yMCuaXoOazlee7p+e7reWvueivneOAggror7fmlbTnkIbpgZPlhbflkI7lho3or5XkuIDmrKHjgII=,,W0d1ayBTdW5zdV0K4Lih4Li14LmE4Lit4LmA4LiX4Lih4LmD4LiZ4LiB4Lij4Liw4LmA4Lib4LmL4Liy4Lih4Liy4LiB4LmA4LiB4Li04LiZ4LmE4LibCuC4iOC4tuC4h+C5hOC4oeC5iOC4quC4suC4oeC4suC4o+C4luC4lOC4s+C5gOC4meC4tOC4meC4geC4suC4o+C4quC4meC4l+C4meC4suC5hOC4lOC5iQrguIHguKPguLjguJPguLLguYDguITguKXguLXguKLguKPguYzguYTguK3guYDguJfguKHguYPguJnguIHguKPguLDguYDguJvguYvguLIK4LmB4Lil4LmJ4Lin4Lil4Lit4LiH4LmD4Lir4Lih4LmI4Lit4Li14LiB4LiE4Lij4Lix4LmJ4LiH,,,W0d1ayBTdW5zdV0KVGllbmVzIGRlbWFzaWFkb3Mgb2JqZXRvcy4KTm8gcHVlZGVzIGNvbnRpbnVhciBsYSBjb252ZXJzYWNpw7NuLgpPcmRlbmEgdHVzIG9iamV0b3MgeSB2dWVsdmUgYSBpbnRlbnRhcmxvLg==,W0d1ayBTdW5zdV0KRHUgdHLDpGdzdCB6dSB2aWVsZSBHZWdlbnN0w6RuZGUgYmVpIGRpcgp1bmQga2FubnN0IGRhcyBHZXNwcsOkY2ggZGFoZXIgbmljaHQgZm9ydHNldHplbi4KQml0dGUgcsOkdW1lIGRlaW4gSW52ZW50YXIgYXVmIHVuZCB2ZXJzdWNoZSBlcyBlcm5ldXQu,W0d1ayBTdW5zdV0KVm91cyBwb3J0ZXogdHJvcCBkJ29iamV0cwpldCBuZSBwb3V2ZXogcGFzIHBvdXJzdWl2cmUgbGEgY29udmVyc2F0aW9uLgpWZXVpbGxleiByYW5nZXIgdm9zIG9iamV0cywgcHVpcyByw6llc3NheWVyLg==,W0d1ayBTdW5zdV0KS2FyZW5hIGthbXUgbWVtYmF3YSB0ZXJsYWx1IGJhbnlhayBpdGVtLApwZXJjYWthcGFuIHRpZGFrIGRhcGF0IGRpbGFuanV0a2FuLgpIYXJhcCByYXBpa2FuIGl0ZW0tbXUgbGFsdSBjb2JhIGxhZ2ku,W0d1ayBTdW5zdV0Kw5x6ZXJpbml6ZGUgw6dvayBmYXpsYSBlxZ95YSBvbGR1xJ91IGnDp2luCmtvbnXFn21hecSxIGlsZXJsZXRlbWV6c2luaXouCkXFn3lhbGFyxLFuxLF6xLEgZMO8emVubGVkaWt0ZW4gc29ucmEgdGVrcmFyIGRlbmVtZW5pemkgcmljYSBlZGVyaXou
+LKe,W+unjO2IrOyXkCDtg4DrnbxdCuyGjOyngO2VmOqzoCDqs4Tsi5zripQg7JWE7J207YWc7J20IOunjuyVhArrjIDtmZTrpbwg7KeE7ZaJIO2VoCDsiJgg7JeG7Iq164uI64ukLgrslYTsnbTthZzsnYQg7KCV66as7ZWcIOuSpCDri6Tsi5wg7Iuc64+E7ZW0IOyjvOyLnOq4sCDrsJTrno3ri4jri6Qu,W01hbnRvZSBUYXJhXQpZb3UgYXJlIGNhcnJ5aW5nIHRvbyBtYW55IGl0ZW1zCnRvIGNvbnRpbnVlIHRoZSBjb252ZXJzYXRpb24uClBsZWFzZSBvcmdhbml6ZSB5b3VyIGludmVudG9yeSBhbmQgdHJ5IGFnYWluLg==,,W+abvOaJmMK35aGU5ouJXQrnlLHkuo7kvaDmkLrluKbnmoTpgZPlhbfov4flpJrvvIwK5peg5rOV57un57ut5a+56K+d44CCCuivt+aVtOeQhumBk+WFt+WQjuWGjeivleS4gOasoeOAgg==,,W0d1ayBTdW5zdV0K4Lih4Li14LmE4Lit4LmA4LiX4Lih4LmD4LiZ4LiB4Lij4Liw4LmA4Lib4LmL4Liy4Lih4Liy4LiB4LmA4LiB4Li04LiZ4LmE4LibCuC4iOC4tuC4h+C5hOC4oeC5iOC4quC4suC4oeC4suC4o+C4luC4lOC4s+C5gOC4meC4tOC4meC4geC4suC4o+C4quC4meC4l+C4meC4suC5hOC4lOC5iQrguIHguKPguLjguJPguLLguYDguITguKXguLXguKLguKPguYzguYTguK3guYDguJfguKHguYPguJnguIHguKPguLDguYDguJvguYvguLIK4LmB4Lil4LmJ4Lin4Lil4Lit4LiH4LmD4Lir4Lih4LmI4Lit4Li14LiB4LiE4Lij4Lix4LmJ4LiH,,,W01hbnR1ZSBUYXJhXQpUaWVuZXMgZGVtYXNpYWRvcyBvYmpldG9zLgpObyBwdWVkZXMgY29udGludWFyIGxhIGNvbnZlcnNhY2nDs24uCk9yZGVuYSB0dXMgb2JqZXRvcyB5IHZ1ZWx2ZSBhIGludGVudGFybG8u,W01hbnR1ZSBUYXJhXQpEdSB0csOkZ3N0IHp1IHZpZWxlIEdlZ2Vuc3TDpG5kZSBiZWkgZGlyCnVuZCBrYW5uc3QgZGFzIEdlc3Byw6RjaCBkYWhlciBuaWNodCBmb3J0c2V0emVuLgpCaXR0ZSByw6R1bWUgZGVpbiBJbnZlbnRhciBhdWYgdW5kIHZlcnN1Y2hlIGVzIGVybmV1dC4=,W01hbnR1ZSBUYXJhXQpWb3VzIHBvcnRleiB0cm9wIGQnb2JqZXRzCmV0IG5lIHBvdXZleiBwYXMgcG91cnN1aXZyZSBsYSBjb252ZXJzYXRpb24uClZldWlsbGV6IHJhbmdlciB2b3Mgb2JqZXRzLCBwdWlzIHLDqWVzc2F5ZXIu,W01hbnRvZSBUYXJhXQpLYXJlbmEga2FtdSBtZW1iYXdhIHRlcmxhbHUgYmFueWFrIGl0ZW0sCnBlcmNha2FwYW4gdGlkYWsgZGFwYXQgZGlsYW5qdXRrYW4uCkhhcmFwIHJhcGlrYW4gaXRlbS1tdSBsYWx1IGNvYmEgbGFnaS4=,W01hbnRvZSBUYXJhXQrDnHplcmluaXpkZSDDp29rIGZhemxhIGXFn3lhIG9sZHXEn3UgacOnaW4Ka29udcWfbWF5xLEgaWxlcmxldGVtZXpzaW5pei4KRcWfeWFsYXLEsW7EsXrEsSBkw7x6ZW5sZWRpa3RlbiBzb25yYSB0ZWtyYXIgZGVuZW1lbml6aSByaWNhIGVkZXJpei4=
+bKe,W+q1reuLqOyngF0K7IaM7KeA7ZWY6rOgIOqzhOyLnOuKlCDslYTsnbTthZzsnbQg66eO7JWECuuMgO2ZlOulvCDsp4Ttlokg7ZWgIOyImCDsl4bsirXri4jri6QuCuyVhOydtO2FnOydhCDsoJXrpqztlZwg65KkIOuLpOyLnCDsi5zrj4TtlbQg7KO87Iuc6riwIOuwlOuejeuLiOuLpC4=,W0d1ayBEYW5qaV0KWW91IGFyZSBjYXJyeWluZyB0b28gbWFueSBpdGVtcwp0byBjb250aW51ZSB0aGUgY29udmVyc2F0aW9uLgpQbGVhc2Ugb3JnYW5pemUgeW91ciBpbnZlbnRvcnkgYW5kIHRyeSBhZ2Fpbi4=,,W+meoOS4ueiKnV0K55Sx5LqO5L2g5pC65bim55qE6YGT5YW36L+H5aSa77yMCuaXoOazlee7p+e7reWvueivneOAggror7fmlbTnkIbpgZPlhbflkI7lho3or5XkuIDmrKHjgII=,,W0d1ayBEYW5qaV0K4Lie4LiB4LmE4Lit4LmA4LiX4Lih4Lih4Liy4LiB4LmA4LiB4Li04LiZ4LmE4LibCuC5hOC4oeC5iOC4quC4suC4oeC4suC4o+C4luC4lOC4s+C5gOC4meC4tOC4meC4geC4suC4o+C4quC4meC4l+C4meC4suC4leC5iOC4reC5hOC4lOC5iQrguYLguJvguKPguJTguYDguITguKXguLXguKLguKPguYzguJ7guLfguYnguJnguJfguLXguYjguYHguKXguYnguKfguKXguK3guIfguYPguKvguKHguYjguK3guLXguIHguITguKPguLHguYnguIc=,,,W0d1ayBEYW5qaV0KVGllbmVzIGRlbWFzaWFkb3Mgb2JqZXRvcy4KTm8gcHVlZGVzIGNvbnRpbnVhciBsYSBjb252ZXJzYWNpw7NuLgpPcmRlbmEgdHVzIG9iamV0b3MgeSB2dWVsdmUgYSBpbnRlbnRhcmxvLg==,W0d1ayBEYW5qaV0KRHUgdHLDpGdzdCB6dSB2aWVsZSBHZWdlbnN0w6RuZGUgYmVpIGRpcgp1bmQga2FubnN0IGRhcyBHZXNwcsOkY2ggZGFoZXIgbmljaHQgZm9ydHNldHplbi4KQml0dGUgcsOkdW1lIGRlaW4gSW52ZW50YXIgYXVmIHVuZCB2ZXJzdWNoZSBlcyBlcm5ldXQu,W0d1ayBEYW5qaV0KVm91cyBwb3J0ZXogdHJvcCBkJ29iamV0cwpldCBuZSBwb3V2ZXogcGFzIHBvdXJzdWl2cmUgbGEgY29udmVyc2F0aW9uLgpWZXVpbGxleiByYW5nZXIgdm9zIG9iamV0cywgcHVpcyByw6llc3NheWVyLg==,W0d1ayBEYW5qaV0KS2FyZW5hIGthbXUgbWVtYmF3YSB0ZXJsYWx1IGJhbnlhayBpdGVtLApwZXJjYWthcGFuIHRpZGFrIGRhcGF0IGRpbGFuanV0a2FuLgpIYXJhcCByYXBpa2FuIGl0ZW0tbXUgbGFsdSBjb2JhIGxhZ2ku,W0d1ayBEYW5qaV0Kw5x6ZXJpbml6ZGUgw6dvayBmYXpsYSBlxZ95YSBvbGR1xJ91IGnDp2luCmtvbnXFn21hecSxIGlsZXJsZXRlbWV6c2luaXouCkXFn3lhbGFyxLFuxLF6xLEgZMO8emVubGVkaWt0ZW4gc29ucmEgdGVrcmFyIGRlbmVtZW5pemkgcmljYSBlZGVyaXou
