gJaY,6rys66eI7JWE7J20,S2lk,,5bCP5a2p,,S2lk,,,Q2hpY28=,S2luZA==,RW5mYW50,S2lk,w4dvY3Vr
gZaY,LSDsl6zquLDshJwg7J6g6rmQICEhIC0KLSDqsIDsp4Dqs6Ag6rOE7IugIOyVhOydtO2FnOydtCDrhIjrrLQg66eO7JWEIC0KLSDslYTsnbTthZzsnYQg67Cb7J2EIOyImCDsl4bsirXri4jri6QuIC0KLSDrqrjsnYQg6rCA67ON6rKMIO2VmOyLnOqzoCAtCi0g64uk7IucIOyLnOuPhO2VtOyjvOyEuOyalC4gLQ==,LSBIb2xkIGl0IHJpZ2h0IHRoZXJlISEgLQotIFlvdSBhcmUgY2FycnlpbmcgdG9vIG1hbnkgaXRlbXMgLQotIGFuZCBjYW5ub3QgcmVjZWl2ZSBhbnkgbW9yZS4gLQotIFBsZWFzZSBsaWdodGVuIHlvdXIgbG9hZCAtCi0gYW5kIHRyeSBhZ2Fpbi4gLQ==,,LeWcqOi/memHjOeojeetiSEhLQot5L2g5pC65bim55qE6YGT5YW35aSq5aSa5LqGLQot5peg5rOV6aKG5Y+W6YGT5YW344CCLQot6K+35YWI5YeP6L276LSf6YeNLQot5YaN5qyh5bCd6K+V44CCLQ==,,LSDguYDguJTguLXguYvguKLguKfguIHguYjguK3guJkhISAtCi0g4Lih4Li14LmE4Lit4LmA4LiX4Lih4Lih4Liy4LiB4LmA4LiB4Li04LiZ4LmE4LibIC0KLSDguYTguKHguYjguKrguLLguKHguLLguKPguJbguKPguLHguJrguYTguK3guYDguJfguKHguYTguJTguYkgLQotIOC4geC4o+C4uOC4k+C4suC4iOC4seC4lOC4geC4o+C4sOC5gOC4m+C5i+C4suC5g+C4q+C5ieC4oeC4teC4nuC4t+C5ieC4meC4l+C4teC5iOC4p+C5iOC4suC4hyAtCi0g4LmB4Lil4LmJ4Lin4Lil4Lit4LiH4LmD4Lir4Lih4LmI4Lit4Li14LiB4LiE4Lij4Lix4LmJ4LiHIC0=,,,LSDCoUVzcGVyYSB1biBtb21lbnRvISAtCi0gTGxldmFzIGRlbWFzaWFkb3Mgb2JqZXRvcy4gLQotIE5vIHB1ZWRlcyByZWNpYmlyIG3DoXMgb2JqZXRvcy4gLQotIEFsaWdlcmEgdHUgY2FyZ2EgeSAtCi0gdnVlbHZlIGEgaW50ZW50YXJsby4gLQ==,LSBIYWx0LCBlaW5lbiBNb21lbnQhISAtCi0gRHUgaGFzdCB6dSB2aWVsZSBHZWdlbnN0w6RuZGUgZGFiZWksIC0KLSBkdSBrYW5uc3Qga2VpbmUgR2VnZW5zdMOkbmRlIGVyaGFsdGVuLiAtCi0gTWFjaCBQbGF0eiBpbSBJbnZlbnRhciAtCi0gdW5kIHZlcnN1Y2ggZXMgZXJuZXV0LiAt,LSBBdHRlbmRleiB1biBpbnN0YW50ICEhIC0KLSBWb3VzIGF2ZXogdHJvcCBkJ29iamV0cyBzdXIgdm91cyAtCi0gVm91cyBuZSBwb3V2ZXogcGFzIHJlY2V2b2lyIGwnb2JqZXQuIC0KLSBBbGzDqWdleiB2b3RyZSBjaGFyZ2UgLQotIGV0IHLDqWVzc2F5ZXouIC0=,LSBUdW5nZ3Ugc2ViZW50YXIgISEgLQotIEl0ZW0geWFuZyBrYW11IG1pbGlraSB0ZXJsYWx1IGJhbnlhayAtCi0ga2FtdSB0aWRhayBkYXBhdCBtZW5lcmltYSBpdGVtLiAtCi0gUmluZ2Fua2FuIGJlYmFuIGthbXUgLQotIGxhbHUgY29iYSBsYWdpLiAt,LSBCdXJhZGEgYmlyIGRha2lrYSAhISAtCi0gw5x6ZXJpbml6ZGUgw6dvayBmYXpsYSBlxZ95YSB2YXIgLQotIEXFn3lhecSxIGFsYW1henPEsW7EsXouIC0KLSDDnHplcmluaXppIGhhZmlmbGV0aW4gdmUgLQotIHRla3JhciBkZW5leWluLiAt
gpaY,W+q8rOuniOyVhOydtF0=,W0tpZF0=,,W+Wwj+WtqV0=,,W0tpZF0=,,,W0NoaWNvXQ==,W0tpbmRd,W0VuZmFudF0=,W0tpZF0=,W8OHb2N1a10=
g5aY,7JWI64WVIOyYpOu5oH4/IO2eiOydtC4uLiDsmKTruaQg64Ko7J6Q64uI6rmMIOyduO2YlSDslYgg7KKL7JWE7ZWY6rKg7KeAPyDrgpwg7J247ZiVIOyVhOyjvCDrp45+7J20IOyii+ydgOuNsCE=,SGksIG1pc3Rlcn4hIEhlZWhlZeKApiBZb3XigJlyZSBhIGJveSwgc28geW91IHByb2JhYmx5IGRvbuKAmXQgbGlrZSBkb2xscywgcmlnaHQ/IEkgbG9vb292ZSBkb2xsc34gSSBsaWtlIHRoZW0gYSB3aG9sZSBsb3Qh,,5L2g5aW977yM5ZOl5ZOlfu+8n+WYuy4uLuWTpeWTpeaYr+eUt+WtqeWtkO+8jOW6lOivpeS4jeWWnOasoueOqeWBtuWQp++8n+aIkeWPr+aYr+mdnuW4uOmdnuW4uOWWnOasoueOqeWBtu+8gQ==,,4Liq4Lin4Lix4Liq4LiU4Li14LiI4LmJ4LiyIOC4nuC4teC5iOC4iuC4suC4on4/IOC4ruC4tOC4reC4tC4uLiDguJ7guLXguYjguYDguJvguYfguJnguJzguLnguYnguIrguLLguKLguITguIfguYTguKHguYjguIrguK3guJrguJXguLjguYrguIHguJXguLLguKrguLTguJnguLA/IOC5geC4leC5iOC4guC5ieC4suC4iuC4reC4muC4leC4uOC5iuC4geC4leC4suC4oeC4suC4gX7guYDguKXguKIh,,,wr9Ib2xhLCBoZXJtYW5pdG9+PyBIaWlpLi4uIENvbW8gZXJlcyBjaGljbywgbm8gdGUgZ3VzdGFyw6FuIGxhcyBtdcOxZWNhcywgwr92ZXJkYWQ/IMKhQSBtw60gbWUgZ3VzdGFuIG11Y2jDrcOtw61zaW1vIQ==,SGV5LCBncm/Dn2VyIEJydWRlcn4/IEhpaGkgLi4uIER1IGJpc3QgZG9jaCBlaW4gSnVuZ2UsIGFsc28gbWFnc3QgZHUgUHVwcGVuIGJlc3RpbW10IG5pY2h0LCBvZGVyPyBJY2ggZGFnZWdlbiBsaWlpZWJlIFB1cHBlbiB0b3RhbH4h,U2FsdXQsIGdyYW5kIGZyw6hyZX4gPyBIaWkuLi4gVOKAmWVzIHVuIGdhcsOnb24sIGFsb3JzIHTigJlhaW1lcyBzw7tyZW1lbnQgcGFzIGxlcyBwb3Vww6llcywgaGVpbiA/IE1vaSwgauKAmWxlcyBhaW1lIHRyb3AgIQ==,SGFsbywga2FrYWt+PyBIZWVoZWUuLi4gS2FrYWsga2FuIGxha2ktbGFraSwgamFkaSB0aWRhayBzdWthIGJvbmVrYSwgeWE/IEFrdSBzaWggc3VrYSBib25la2EgYmFueWFhYWt+IQ==,TWVyaGFiYSBhYml+PyBIaWkuLi4gQWJpLCBzZW4gZXJrZWtzaW4geWEsIG95dW5jYWsgYmViZWtsZXJpIHNldm1lenNpbiBoZXJoYWxkZT8gQmVuIG95dW5jYWsgYmViZWtsZXJpIMOnb29vb2sgc2V2ZXJpbSE=
hJaY,7Ja464uIIOyViOuFlX4/IOyWuOuLiCwg7Ja464uILCDsnbjtmJUg7KKL7JWE7ZW0PyDrgpwg7J6I7KeALiDsnbjtmJXsnbQg64SI66y064SI66y0IOyii+yVhH4g7JeQ7Zek7Ze3fiE=,SGksIG1pc3N+ISBNaXNzLCBtaXNzfiBEbyB5b3UgbGlrZSBkb2xscz8gSSBkbyEgSSByZWFsbHksIHJlYWxseSBsb3ZlIGRvbGxzfiBFaGVoZX4h,,5aeQ5aeQ5L2g5aW9fu+8n+WnkOWnkO+8jOWnkOWnkO+8jOS9oOWWnOasoueOqeWBtuWQl++8n+aIkeWViu+8jOacgOacgOWWnOasoueOqeWBtuS6hn7lmL/lmL9+77yB,,4Liq4Lin4Lix4Liq4LiU4Li14LiI4LmJ4LiyIOC4nuC4teC5iOC4quC4suC4p34/IOC4nuC4teC5iOC4quC4suC4p+C5hiDguIrguK3guJrguJXguLjguYrguIHguJXguLLguYTguKvguKE/IOC4guC5ieC4suC4meC5iOC4sOC4iuC4reC4muC4leC4uOC5iuC4geC4leC4suC4oeC4suC4gSDguYYg4LmA4Lil4LiifiDguYDguK3guYDguK7guYDguK7guLB+IQ==,,,wr9Ib2xhLCBoZXJtYW5pdGF+PyBIZXJtYW5pdGEsIGhlcm1hbml0YSwgwr90ZSBndXN0YW4gbGFzIG11w7FlY2FzPyBQdWVzIGEgbcOtLi4uIG1lIGd1c3RhbiBtdWNow61zaW1vfiDCoUVqZWpldH4h,SGV5LCBncm/Dn2UgU2Nod2VzdGVyfj8gR3Jvw59lIFNjaHdlc3RlciwgZ3Jvw59lIFNjaHdlc3RlciEgTWFnc3QgZHUgUHVwcGVuPyBBbHNvIGljaCAuLi4gaWNoIGxpaWllYmUgUHVwcGVuIHRvdGFsfiBFaGVoZX4h,U2FsdXQsIGdyYW5kZSBzxZN1cn4gPyBEaXMsIGRpcywgdOKAmWFpbWVzIGxlcyBwb3Vww6llcyA/IE1vaSwgauKAmWFkb3JlIMOnYSwgdnJhaW1lbnQgdnJhaW1lbnR+IEVoZWhlfiAh,SGFsbywga2FrYWt+PyBLYWthaywgS2FrYWssIGthbXUgc3VrYSBib25la2E/IEFrdSBpbmksIHN1a2Egc2VrYWxpIHNhbWEgYm9uZWthfiBFaGVoZX4h,TWVyaGFiYSBhYmxhfj8gQWJsYSwgYWJsYSwgb3l1bmNhayBiZWJlayBzZXZlciBtaXNpbj8gQmVuIHZhciB5YSwgb3l1bmNhayBiZWJla2xlcmkgw6dvayDDp29rIHNldmVyaW1+IEVoZWhldH4h
hZaY,W+q8rOuniOyVhOydtF0K7J6I7J6W7JWEfiDrgpgsIOyDiCDsnbjtmJXsnbQg6rCA7KeA6rOgIOyLtuydgOuNsH4g64+M7JWE7Jik64qUIOyDneydvOyXlCDrtoTrqoXtnogg7Jqw66asIOyVhOu5oOqwgCDsnbjtmJXsnYQg7IKs64uk7KO87Iuk6rq87JW8Lg==,W0tpZF0KWW91IGtub3d+IEkgd2FudCBhIGJyYW5kLW5ldyBkb2xsfiBPbiBteSBuZXh0IGJpcnRoZGF5LCBJ4oCZbSBzdXV1cmUgbXkgZGFkIHdpbGwgYnV5IG1lIG9uZSE=,,W+Wwj+WtqV0K5L2g55+l6YGT5ZCXfuaIkeaDs+imgeaWsOeahOeOqeWBtn7nrYnliLDkuIvmrKHnlJ/ml6Xlm57mnaXml7bvvIzmiJHniLjniLjkuIDlrprkvJrnu5nmiJHkubDnjqnlgbbnmoTjgII=,,W0tpZF0K4LiZ4Li14LmI4LiZ4LiwfiDguILguYnguLLguK3guKLguLLguIHguYTguJTguYnguJXguLjguYrguIHguJXguLLguYPguKvguKHguYjguKXguYjguLB+IOC4p+C4seC4meC5gOC4geC4tOC4lOC4o+C4reC4muC4q+C4meC5ieC4suC4nuC5iOC4reC4guC4reC4h+C4guC5ieC4suC4leC5ieC4reC4h+C4i+C4t+C5ieC4reC5g+C4q+C5ieC5geC4meC5iOC5gOC4peC4og==,,,W0NoaWNvXQpPeWV+IFF1aWVybyB1bmEgbXXDsWVjYSBudWV2YX4uIFNlZ3VybyBxdWUgcGFyYSBtaSBwcsOzeGltbyBjdW1wbGVhw7FvcyBwYXDDoSBtZSBjb21wcmFyw6EgdW5hLg==,W0tpbmRdCldlacOfdCBkdX4gSWNoIGjDpHR0IHNvIGdlcm4gJ25lIG5ldWUgUHVwcGV+Clp1IG1laW5lbSBuw6RjaHN0ZW4gR2VidXJ0c3RhZyBicmluZ3QgUGFwYSBtaXIgYmVzdGltbXQgZWluZSBtaXQu,W0VuZmFudF0KVHUgc2Fpc34gTW9pLCBqZSB2ZXV4IHVuZSBub3V2ZWxsZSBwb3Vww6llfiBQb3VyIG1vbiBwcm9jaGFpbiBhbm5pdmVyc2FpcmUsIGPigJllc3Qgc8O7ciBxdWUgcGFwYSB2YSBt4oCZZW4gYWNoZXRlciB1bmUu,W0tpZF0KQmVnaW5pfiBha3UgaW5naW4gcHVueWEgYm9uZWthIGJhcnV+IFNhYXQgdWxhbmcgdGFodW5rdSBuYW50aSwgcGFzdGkgQXlhaGt1IGFrYW4gbWVtYmVsaWthbiBib25la2EgdW50dWtrdS4=,W8OHb2N1a10KQmlsaXlvciBtdXN1bn4gYmVuIHllbmkgYmlyIG95dW5jYWsgYmViZWsgaXN0aXlvcnVtIGRhfiBCaXIgc29ucmFraSBkb8SfdW0gZ8O8bsO8bWRlIGJhYmFtIGtlc2luIGJhbmEgb3l1bmNhayBiZWJlayBhbGFjYWsu
hpaY,7KKL6rKg6rWs64KYLi4u,VGhhdCBzb3VuZHMgbmljZS4uLg==,,55yf5aW95ZWKLi4u,,4LiU4Li14LiI4Lix4LiH4LmA4Lil4Lii4LiZ4LiwLi4u,,,UXXDqSBiaWVuIHBvciB0aS4uLg==,V2llIHNjaMO2biBmw7xyIGRpY2guLi4=,UXVlbGxlIGNoYW5jZS4uLg==,RW5hayB5YS4uLg==,TmUgZ8O8emVsLi4u
h5aY,64K06rCAIOyduO2YlSDtlZjrgpgg7KSE6rmMPw==,V291bGQgeW91IGxpa2UgbWUgdG8gZ2l2ZSB5b3UgYSBkb2xsPw==,,5oiR57uZ5L2g5LiA5Liq546p5YG25aW95ZCX77yf,,4Lie4Li14LmI4LiL4Li34LmJ4Lit4LmD4Lir4LmJ4Liq4Lix4LiB4LiV4Lix4Lin4LiU4Li14LmE4Lir4Lih4LmA4Lit4LmI4Lii,,,wr9RdWllcmVzIHF1ZSB0ZSBkw6kgdW5hIG11w7FlY2E/,U29sbCBpY2ggZGlyIGVpbmUgUHVwcGUgZ2ViZW4/,SmUgdGUgZG9ubmUgdW5lIHBvdXDDqWUgPw==,TWF1IGt1YmVyaSBzYXR1IGJvbmVrYT8=,U2FuYSBiaXIgb3l1bmNhayBiZWJlayB2ZXJleWltIG1pPw==
iJaY,W+q8rOuniOyVhOydtF0K7Ja065akIOyduO2YleydtCDsoovsnYTquYwuLi4u7J2MIOydtOuyiOyXlCDsm5DsiK3snbQg7JqU7JqUIOyduO2YleydtCDqsIDsp4Dqs6Ag7Iu27Ja0LiDtl6Ttl6R+IOydtOu7kC4g7JqU7JqUIOyduO2YlS4g7J2067uQIOydtOu7kC4=,W0tpZF0KSG1tfiB3aGF0IGtpbmQgb2YgZG9sbCBzaG91bGQgSSBnZXTigKYgT2ghIFRoaXMgdGltZSBJIHdhbnQgYSBZb3lvIG1vbmtleSBkb2xsISBIZWhlfiBJdOKAmXMgc28gY3V0ZS4gQSBZb3lvIGRvbGwhIEN1dGUsIGN1dGUh,,W+Wwj+WtqV0K6KaB5LuA5LmI546p5YG25aW95ZGiLi4uLuWXr++8jOi/measoeaIkeaDs+imgeeMtOWtkOa6nOa6nOeMtOeOqeWBtuOAguWYv+WYv37lpb3lj6/niLHjgILmupzmupznjLTnjqnlgbbjgILlj6/niLHlj6/niLHjgII=,,W0tpZF0K4LiI4Liw4LmA4Lit4Liy4LiV4Li44LmK4LiB4LiV4Liy4LmB4Lia4Lia4LmE4Lir4LiZ4LiU4Li14LiZ4LiwLi4uIOC4reC4t+C4oSDguITguKPguLLguKfguJnguLXguYnguILguYnguLLguK3guKLguLLguIHguYTguJTguYnguJXguLjguYrguIHguJXguLLguKXguLTguIcgWW95byDguKXguYjguLAg4LmA4Liu4LmA4LiufiDguJnguYjguLLguKPguLHguIHguIjguLHguIcg4LiV4Li44LmK4LiB4LiV4LiyIFlveW8g4LiZ4LmI4Liy4Lij4Lix4LiBIOC4meC5iOC4suC4o+C4seC4gQ==,,,W0NoaWNvXQrCv1F1w6kgbXXDsWVjYSBxdWllcm8uLi4/IE1tbSwgZXN0YSB2ZXogcXVpZXJvIHVuIG11w7FlY28gZGUgWW95bywgZWwgbW9uby4gSmVqZX4gRXMgYm9uaXRvLiBFbCBtdcOxZWNvIGRlIFlveW8uIEJvbml0bywgYm9uaXRvLg==,W0tpbmRdCldlbGNoZSBQdXBwZSB3b2hsIGFtIGJlc3RlbiB3w6RyZSAuLi4gSG0sIGRpZXNtYWwgd2lsbCBpY2ggZWluZSBZb3lvLUFmZmVucHVwcGUuIEhlaGV+IFPDvMOfISBFaW5lIFlveW8tUHVwcGUuIFPDvMOfLCBzw7zDnyE=,W0VuZmFudF0KUXVlbGxlIHBvdXDDqWUgamUgcHJlbmRzLi4uIEhtbSwgY2V0dGUgZm9pcywgamUgdmV1eCBsYSBwb3Vww6llIFlveW8gKHNpbmdlKS4gSMOpIGjDqX4gRWxsZSBlc3QgdHJvcCBiZWxsZSAhIExhIHBvdXDDqWUgWW95by4gVHJvcCBiZWxsZSwgdHJvcCBiZWxsZS4=,W0tpZF0KQm9uZWthIGFwYSB5YW5nIGJhZ3VzIHlhLi4uLiBIbW0sIGthbGkgaW5pIGFrdSBpbmdpbiBwdW55YSBib25la2EgbW9ueWV0IFlveW8uIEhlaGV+IENhbnRpay4gWW95byBEb2xsLiBDYW50aWsgY2FudGlrLg==,W8OHb2N1a10KSGFuZ2kgb3l1bmNhayBiZWJlayBpeWkgb2x1ci4uLi4gSMSxbSwgYnUgc2VmZXIgYmlyIFlveW8gb3l1bmNhxJ/EsSBpc3RpeW9ydW0uIEhlaGV+IMOHb2sgdGF0bMSxLiBZb3lvIG95dW5jYcSfxLEuIFRhdGzEsSB0YXRsxLEu
iZaY,7Jik67mg64qUIOynkOydtOuCmCDsooAg64K066Ck64aULi4uIOustOqxsOybjOuztOyXrH4g7Z6Y65Ok6rKg64ukfiDtnp1+,TWlzdGVyLCB5b3Ugc2hvdWxkIHB1dCB5b3VyIGJhZ3MgZG93bn4gVGhleSBsb29rIGhlYXZ5fiBUaGF0IG11c3QgYmUgc29vbyB0aXJpbmd+IEhtcGh+,,5ZOl5ZOl5YWI5oqK6KGM5p2O5pS+5LiL5ZCnLi4u55yL6LW35p2l5b6I6YeNfuS4gOWumuW+iOi+m+iLpn7lkZx+,,4Lie4Li14LmI4LiK4Liy4Lii4LmA4Lit4Liy4LiC4Lit4LiH4Lil4LiH4Lir4LiZ4LmI4Lit4Lii4Liq4Li0Li4uIOC4lOC4ueC4q+C4meC4seC4geC4meC4sH4g4LmA4Lir4LiZ4Li34LmI4Lit4Lii4LmB4Lii4LmI4LmA4Lil4LiiIOC4ruC4tOC4h34=,,,SGVybWFuaXRvLCBkZWphIHlhIGVzZSBlcXVpcGFqZS4uLiBQYXJlY2UgcGVzYWRvfiBEZWJlIGRlIGNhbnNhcnRlfiBIbmd+,R3Jvw59lciBCcnVkZXIsIHN0ZWxsIGRlaW4gR2Vww6RjayBkb2NoIG1hbCBhYiAuLi4gRGFzIHNpZWh0IHNjaHdlciBhdXN+IE11c3MgZ2FueiBzY2jDtm4gYW5zdHJlbmdlbmQgc2Vpbn4gSG5nfg==,R3JhbmQgZnLDqHJlLCBwb3NlIHVuIHBldSB0b24gYmFyZGEuLi4gw4dhIGEgbOKAmWFpciBsb3VyZH4gw4dhIGRvaXQgw6p0cmUgZHVyfiBTbmlmfg==,S2FrYWssIHR1cnVua2FuIGR1bHUgYmFyYW5nIGJhd2Fhbm11Li4uIEtlbGloYXRhbm55YSBiZXJhdH4gUGFzdGkgY2FwZWt+IEhpa3N+,QWJpLCB5w7xrw7xuw7wgYmlyYXogaW5kaXIuLi4gQcSfxLFyIGfDtnLDvG7DvHlvcn4gWm9yIG9sbWFsxLF+IEjEsW5nfg==
ipaY,7Ja464uI64qUIOuLpOydtOyWtO2KuOuCmCDsooAg7ZW07JW87ZWg6rGwIOqwmeydgOuNsH4g7JeQ7Ze3fiDsnbjtmJXsnYAg6rSc7LCu7JWELg==,TWlzcywgSSB0aGluayB5b3Ugc2hvdWxkIGdvIG9uIGEgbGl0dGxlIGRpZXR+IEVoZWhlfiBCdXQgdGhlIGRvbGwgaXMgZmluZSE=,,5aeQ5aeQ5aW95YOP6K+l5YeP5YeP6IKl5LqGfuWYv+WYv37njqnlgbblgJLmmK/msqHlhbPns7vjgII=,,4Lie4Li14LmI4Liq4Liy4Lin4LiZ4LmI4Liy4LiI4Liw4LiV4LmJ4Lit4LiH4LmE4LiU4LmA4Lit4LiX4Lir4LiZ4LmI4Lit4Lii4LiZ4LiwfiDguYDguK3guYDguK7guLB+IOC5geC4leC5iOC4leC4uOC5iuC4geC4leC4suC5guC4reC5gOC4hCE=,,,Q3JlbyBxdWUgaGVybWFuaXRhIGRlYmVyw61hIHBvbmVyc2UgdW4gcG9jbyBhIGRpZXRhfiDCoUVqZWpldH4hIExhcyBtdcOxZWNhcyBlc3TDoW4gYmllbi4=,R3Jvw59lIFNjaHdlc3RlciBzb2xsdGUgd29obCBsaWViZXIgbWFsIGVpbmUgRGnDpHQgbWFjaGVufiBFaGVoZX4gRGllIFB1cHBlIGlzdCBva2F5Lg==,R3JhbmRlIHPFk3VyLCB0dSBkZXZyYWlzIGZhaXJlIHVuIHLDqWdpbWV+IEVoZXR+IExhIHBvdXDDqWUsIMOnYSB2YS4=,S2FrYWsgc2VwZXJ0aW55YSBoYXJ1cyBkaWV0IGR1bHV+IEVoZX4gQm9uZWthIHRpZGFrIGFwYS1hcGEu,QWJsYSwgYmlyYXogZGEgZGl5ZXQgeWFwbWFuIGdlcmVrIGdpYml+IEVoZXR+IE95dW5jYWsgYmViZWsgc29ydW4gZGXEn2lsLg==
i5aY,7Ja0PyDsoJXrp5DsoJXrp5A/IOyYpOu5oOqwgCDrgpjtlZzthYwg7J247ZiVIOykhOq6vOyVvD8g7JmA7JWE7JWEfiDsnbjtmJUg7KKL7JWEIQ==,SHVoPyBSZWFsbHksIHJlYWxseT8gWW914oCZbGwgZ2l2ZSBtZSBhIGRvbGwsIG1pc3Rlcj8gV2FhYWh+IEkgbG92ZSBkb2xscyE=,,5ZKm77yf55yf55qE55yf55qE77yf5ZOl5ZOl6KaB57uZ5oiR546p5YG25ZCX77yf5ZOH5ZWK5ZWKfuaIkeWWnOasoueOqeWBtu+8gQ==,,4LmA4Lit4LmK4LiwPyDguIjguKPguLTguIfguYDguKvguKPguK3guIjguKPguLTguIcg4LmGPyDguJ7guLXguYjguIrguLLguKLguIjguLDguYPguKvguYnguJXguLjguYrguIHguJXguLLguILguYnguLLguYDguKvguKPguK0/IOC4p+C5ieC4suC4p+C4p34g4LiK4Lit4Lia4LiV4Li44LmK4LiB4LiV4LiyIQ==,,,wr9FaD8gwr9EZSB2ZXJkYWQ/IMK/SGVybWFuaXRvIG1lIHZhIGEgZGFyIHVuYSBtdcOxZWNhPyDCoUd1YXV1dX4hIMKhTWUgZ3VzdGFuIGxhcyBtdcOxZWNhcyE=,SMOkPyBFY2h0LCBlY2h0PyEgR3Jvw59lciBCcnVkZXIgZ2lidCBtaXIgZWluZSBQdXBwZT8gV2FhYWh+IEljaCBsaWViZSBQdXBwZW4h,SGVpbiA/IFZyYWltZW50IHZyYWltZW50ID8gR3JhbmQgZnLDqHJlIHZhIG1lIGRvbm5lciB1bmUgcG91cMOpZSA/IFdhYWF+IErigJlhZG9yZSBsZXMgcG91cMOpZXMgIQ==,SGFoPyBCZW5hci1iZW5hcj8gS2FrYWsgbWF1IG1lbWJlcmlrdSBib25la2E/IFdhYWFofiBBa3Ugc3VrYSBib25la2Eh,SGE/IEdlcsOnZWt0ZW4gZ2Vyw6dla3Rlbj8gQWJpIGJhbmEgb3l1bmNhayBiZWJlayBtaSB2ZXJlY2VrPyBWYWFheX4gT3l1bmNhayBiZWJla2xlcmkgc2V2ZXJpbSE=
jJaY,7Ja0PyDsoJXrp5DsoJXrp5A/IOyWuOuLiOqwgCDrgpjtlZzthYwg7J247ZiVIOykhOq6vOyVvD8g7JmA7JWE7JWEfiDsnbjtmJUg7KKL7JWEIQ==,SHVoPyBSZWFsbHksIHJlYWxseT8gWW914oCZbGwgZ2l2ZSBtZSBhIGRvbGwsIG1pc3M/IFdhYWFofiBJIGxvdmUgZG9sbHMh,,5ZKm77yf55yf55qE55yf55qE77yf5aeQ5aeQ6KaB57uZ5oiR546p5YG25ZCX77yf5ZOH5ZWK5ZWKfuaIkeWWnOasoueOqeWBtu+8gQ==,,4LmA4Lit4LmK4LiwPyDguIjguKPguLTguIfguYDguKvguKPguK3guIjguKPguLTguIcg4LmGPyDguJ7guLXguYjguKrguLLguKfguIjguLDguYPguKvguYnguJXguLjguYrguIHguJXguLLguILguYnguLLguYDguKvguKPguK0/IOC4p+C5ieC4suC4p+C4p34g4LiK4Lit4Lia4LiV4Li44LmK4LiB4LiV4LiyIQ==,,,wr9FaD8gwr9EZSB2ZXJkYWQ/IMK/SGVybWFuaXRhIG1lIHZhIGEgZGFyIHVuYSBtdcOxZWNhPyDCoUd1YXV1dX4hIMKhTWUgZ3VzdGFuIGxhcyBtdcOxZWNhcyE=,SMOkPyBFY2h0LCBlY2h0PyEgR3Jvw59lIFNjaHdlc3RlciBnaWJ0IG1pciBlaW5lIFB1cHBlPyBXYWFhaH4gSWNoIGxpZWJlIFB1cHBlbiE=,SGVpbiA/IFZyYWltZW50IHZyYWltZW50ID8gR3JhbmRlIHPFk3VyIHZhIG1lIGRvbm5lciB1bmUgcG91cMOpZSA/IFdhYWF+IErigJlhZG9yZSBsZXMgcG91cMOpZXMgIQ==,SGFoPyBCZW5hci1iZW5hcj8gS2FrYWsgbWF1IG1lbWJlcmlrdSBib25la2E/IFdhYWFofiBBa3Ugc3VrYSBib25la2Eh,SGE/IEdlcsOnZWt0ZW4gZ2Vyw6dla3Rlbj8gQWJsYSBiYW5hIG95dW5jYWsgYmViZWsgbWkgdmVyZWNlaz8gVmFhYXl+IE95dW5jYWsgYmViZWtsZXJpIHNldmVyaW0h
jZaY,66y07IqoIOyduO2YleydhCDspITqurzslbw/IOygleunkOuhnCDso7zripTqsbDsp4A/,V2hhdCBraW5kIG9mIGRvbGwgYXJlIHlvdSBnb25uYSBnaXZlIG1lPyBZb3UgcmVhbGx5IG1lYW4gaXQsIHJpZ2h0Pw==,,5L2g6KaB57uZ5oiR5LuA5LmI546p5YG277yf55yf55qE5Lya57uZ5oiR5ZCn77yf,,4LiI4Liw4LmD4Lir4LmJ4LiV4Li44LmK4LiB4LiV4Liy4Lit4Liw4LmE4Lij4LmA4Lir4Lij4LitID8g4LmD4Lir4LmJ4LiI4Lij4Li04LiHIOC5hiDguYPguIrguYjguYTguKvguKE/,,,wr9RdcOpIG11w7FlY2EgbWUgdmFzIGEgZGFyPyDCv0RlIHZlcmRhZCBtZSBsYSB2YXMgYSBkYXI/,V2VsY2hlIFB1cHBlIGdpYnN0IGR1IG1pcj8KRHUgc2NoZW5rc3Qgc2llIG1pciB3aXJrbGljaCwgb2Rlcj8=,VHUgdmFzIG1lIGRvbm5lciBxdWVsbGUgcG91cMOpZSA/IFBvdXIgZGUgdnJhaSwgaGVpbiA/,Qm9uZWthIGFwYSB5YW5nIGFrYW4ga2FtdSBiZXJpa2FuPyBCZW5hci1iZW5hciBha2FuIG1lbWJlcmlrYW5ueWEsIGthbj8=,SGFuZ2kgb3l1bmNhayBiZWJlxJ9pIHZlcmVjZWtzaW4/IEdlcsOnZWt0ZW4gdmVyZWNla3NpbiwgZGXEn2lsIG1pPw==
jpaY,7Y+s66eB7J247ZiV,UG9yaW5nIERvbGw=,,5rOi5Yip5aiD5aiD,,UG9yaW5nIERvbGw=,,,TXXDsWVjbyBkZSBQb3Jpbmc=,UG9yaW5nLVB1cHBl,UG91cMOpZSBkZSBQb3Jpbmc=,UG9yaW5nIERvbGw=,UG9yaW5nIEJlYmXEn2k=
j5aY,7LSM7LSM7J247ZiV,Q2hvbmNob24gRG9sbA==,,6b6Z6J2H546p5YG2,,Q2hvbmNob24gRG9sbA==,,,TXXDsWVjbyBkZSBDaG9uY2hvbg==,Q2hvbmNob24tUHVwcGU=,UG91cMOpZSBDaG9uY2hvbg==,Q2hvbmNob24gRG9sbA==,Q2hvbmNob24gQmViZcSfaQ==
kJaY,67SJ7KCc7J247ZiV,UGx1c2ggRG9sbA==,,5biD5aiD5aiD,,U3R1ZmZlZCBEb2xs,,,TXXDsWVjYSBkZSBwZWx1Y2hl,U3RvZmZwdXBwZQ==,UG91cMOpZSBlbiBwZWx1Y2hl,U3R1ZmZlZCBEb2xs,RG9sbWEgQmViZWs=
kZaY,66mU65qc6riw7J247ZiV,R3Jhc3Nob3BwZXIgRG9sbA==,,5pGH5rua6J2X6Jmr5aiD5aiD,,R3Jhc3Nob3BwZXIgRG9sbA==,,,TXXDsWVjbyBSb2NrZXJv,SGV1c2NocmVja2VucHVwcGU=,UG91cMOpZSBkZSBzYXV0ZXJlbGxl,R3Jhc3Nob3BwZXIgRG9sbA==,w4dla2lyZ2UgT3l1bmNhxJ/EsQ==
kpaY,7Iqk7Y+s7JWE7J247ZiV,U3BvcmUgRG9sbA==,,6a2U6I+H5aiD5aiD,,U3BvcmUgRG9sbA==,,,TXXDsWVjbyBFc3BvcmE=,U3BvcmUtUHVwcGU=,UG91cMOpZSBkZSBTcG9yZQ==,U3BvcmUgRG9sbA==,U3BvcmUgQmViZcSfaQ==
k5aY,7Jik7Iuc66as7Iqk7J247ZiV,T3NpcmlzIERvbGw=,,5L+E5aGe6YeM5pav5aiD5aiD,,T3NpcmlzIERvbGw=,,,TXXDsWVjbyBkZSBPc2lyaXM=,T3NpcmlzLVB1cHBl,UG91cMOpZSBPc2lyaXM=,T3NpcmlzIERvbGw=,T3NpcmlzIE95dW5jYWsgQmViZcSfaQ==
lJaY,67CU7Y+s66mU7Yq47J247ZiV,QmFwaG9tZXQgRG9sbA==,,5be06aOO54m55aiD5aiD,,QmFwaG9tZXQgRG9sbA==,,,TXXDsWVjbyBkZSBCYXBob21ldA==,QmFwaG9tZXQtUHVwcGU=,UG91cMOpZSBCYXBob21ldA==,QmFwaG9tZXQgRG9sbA==,QmFwaG9tZXQgQmViZcSfaQ==
lZaY,64SI6rWs66as7J247ZiV,UmFjY29vbiBEb2xs,,54u454yr5aiD5aiD,,UmFjY29vbiBEb2xs,,,TXXDsWVjbyBkZSBTbW9raWU=,V2FzY2hiw6RyLVB1cHBl,UG91cMOpZSByYXRvbiBsYXZldXI=,UmFjY29vbiBEb2xs,UmFrdW4gQmViZcSfaQ==
lpaY,7JuQ7Iit7J207J247ZiV,TW9ua2V5IERvbGw=,,5rqc5rqc54y05aiD5aiD,,TW9ua2V5IERvbGw=,,,TXXDsWVjbyBkZSBtb25v,QWZmZW5wdXBwZQ==,UG91cMOpZSBkZSBzaW5nZQ==,TW9ua2V5IERvbGw=,TWF5bXVuIEJlYmXEn2k=
l5aY,64K06rCAIOyduO2YleydtOyVvC4=,SeKAmW0gdGhlIGRvbGwu,,5oiR5piv5Lq65YG244CC,,4LiC4LmJ4Liy4LiZ4Li14LmI4LmB4Lir4Lil4LiwIOC4leC4uOC5iuC4geC4leC4sg==,,,WW8gc295IHVuYSBtdcOxZWNhLg==,SWNoIGJpbiBzZWxic3QgZGllIFB1cHBlLg==,SmUgc3VpcyB1bmUgcG91cMOpZS4=,QWt1IGluaSBib25la2Eu,QmVuIGJpciBiZWJlxJ9pbS4=
mJaY,W+q8rOuniOyVhOydtF0K7Z6I7J20Li4uIO2PrOungeyduO2YleydgCDrgpjrkZAg66eO7J20IOyeiOuKlOuNsC4uLg==,W0tpZF0KRWVrLi4uIEkgYWxyZWFkeSBoYXZlIGxvb290cyBvZiBQb3JpbmcgRG9sbHMuLi4=,,W+Wwj+WtqV0K5ZK/Li4u5rOi5Yip5aiD5aiD5oiR5Lmf5pyJ5b6I5aSa5ZGiLi4u,,W0tpZF0K4Liu4Li04Lit4Li0Li4uIFBvcmluZyBEb2xsIOC4guC5ieC4suC4geC5h+C4oeC4teC5gOC4ouC4reC4sOC5geC4peC5ieC4py4uLg==,,,W0NoaWNvXQpIaWlpLi4uIFlvIHRhbWJpw6luIHRlbmdvIG11Y2hvcyBNdcOxZWNvIGRlIFBvcmluZy4uLg==,W0tpbmRdCkhpaS4uLiBQb3JpbmctUHVwcGVuIGhhYiBpY2ggYXVjaCBzY2hvbiBnYW56IHZpZWxlLi4u,W0VuZmFudF0KSGlpLi4uIErigJllbiBhaSBkw6lqw6AgcGxlaW4sIGRlcyBQb3Vww6llIGRlIFBvcmluZy4uLg==,W0tpZF0KSGlpLi4uIFBvcmluZyBEb2xsIGFrdSBqdWdhIHB1bnlhIGJhbnlhay4uLg==,W8OHb2N1a10KSGlpLi4uIEJlbmRlIGRlIFBvcmluZyBCZWJlxJ9pIMOnb2sgdmFyIGFtYS4uLg==
mZaY,6re4656Y64+EIOyYpOu5oOqwgCDso7zripTqsbDri4jquYwg6rOg66eZ6rKMIOuwm+ydhOq7mCEg7Zek7Ze3fiDtj63si6Dtj63si6Ag7Y+s66eB7J247ZiVfg==,U3RpbGwsIHNpbmNlIHlvdeKAmXJlIGdpdmluZyBpdCB0byBtZSwgbWlzdGVyLCBJ4oCZbGwgdGFrZSBpdCBncmF0ZWZ1bGx5ISBIZWhlfiBTcXVpc2h5IFBvcmluZyBEb2xsfg==,,5LiN6L+H6L+Z5piv5ZOl5ZOl57uZ55qE77yM5oiR5Lya5oSf5r+A5Zyw5pS25LiL77yB5Zi/5Zi/fui9r+e7tee7teeahOazouWIqeWog+Wog34=,,4LmB4LiV4LmI4LmA4Lie4Lij4Liy4Liw4Lie4Li14LmI4LiK4Liy4Lii4LmD4Lir4LmJIOC4guC5ieC4suC4iOC4sOC4o+C4seC4muC5hOC4p+C5ieC4reC4ouC5iOC4suC4h+C4lOC4teC5gOC4peC4oiEg4LmA4Liu4LmA4Liu4LiwfiDguJnguLjguYjguKHguJnguLTguYjguKEgUG9yaW5nIERvbGx+,,,UGVybyBjb21vIG1lIGxvIGRhcyB0w7osIGhlcm1hbm8sIGxvIGFjZXB0YXLDqSBlbmNhbnRhZGEuIMKhSmUsIGplIX4gTXXDsWVjbyBkZSBQb3JpbmcgdGFuIHN1YXZlY2l0b34=,QWJlciB3ZWlsIGR1IHNpZSBtaXIgc2NoZW5rc3QsIG5laG0gaWNoIHNpZSBkYW5rYmFyIGFuISBIZWhlfiBGbGF1c2NoaWdlIFBvcmluZy1QdXBwZX4=,TWFpcyBjb21tZSDDp2EgdmllbnQgZGUgZ3JhbmQgZnLDqHJlLCBqZSBsZSBwcmVuZHMgISBIw6kgaMOpfiBUb3V0ZSBkb3VjZSwgdG91dGUgbW9lbGxldXNlLCBsYSBwb3Vww6llIGRlIFBvcmluZ34=,VGFwaSBrYXJlbmEgaW5pIGRhcmkga2FrYWssIGFrYW4ga3V0ZXJpbWEgZGVuZ2FuIHNlbmFuZyBoYXRpISBIZWhlfiBQb3JpbmcgRG9sbCB5YW5nIGVtcHVrfg==,WWluZSBkZSBhYmkgdmVyZGnEn2kgacOnaW4gbWlubmV0bGUgYWxhY2HEn8SxbSEgSGVoZX4gcG9mdWR1ayBwb2Z1ZHVrIFBvcmluZyBCZWJlxJ9pfg==
mpaY,6re4656Y64+EIOyWuOuLiOqwgCDso7zripTqsbDri4jquYwg6rOg66eZ6rKMIOuwm+ydhOq7mCEg7Zek7Ze3fiDtj63si6Dtj63si6Ag7Y+s66eB7J247ZiVfg==,U3RpbGwsIHNpbmNlIHlvdeKAmXJlIGdpdmluZyBpdCB0byBtZSwgbWlzcywgSeKAmWxsIHRha2UgaXQgZ3JhdGVmdWxseSEgSGVoZX4gU3F1aXNoeSBQb3JpbmcgRG9sbH4=,,5LiN6L+H6L+Z5piv5aeQ5aeQ57uZ55qE77yM5oiR5Lya5oSf5r+A5Zyw5pS25LiL77yB5Zi/5Zi/fui9r+e7tee7teeahOazouWIqeWog+Wog34=,,4LmB4LiV4LmI4LmA4Lie4Lij4Liy4Liw4Lie4Li14LmI4Liq4Liy4Lin4LmD4Lir4LmJIOC4guC5ieC4suC4iOC4sOC4o+C4seC4muC5hOC4p+C5ieC4reC4ouC5iOC4suC4h+C4lOC4teC5gOC4peC4oiEg4LmA4Liu4LmA4Liu4LiwfiDguJnguLjguYjguKHguJnguLTguYjguKEgUG9yaW5nIERvbGx+,,,UGVybyBjb21vIG1lIGxvIGRhcyB0w7osIGhlcm1hbmEsIGxvIGFjZXB0YXLDqSBlbmNhbnRhZGEuIMKhSmUsIGplIX4gTXXDsWVjbyBkZSBQb3JpbmcgdGFuIHN1YXZlY2l0b34=,QWJlciB3ZWlsIGR1IHNpZSBtaXIgc2NoZW5rc3QsIG5laG0gaWNoIHNpZSBkYW5rYmFyIGFuISBIZWhlfiBGbGF1c2NoaWdlIFBvcmluZy1QdXBwZX4=,TWFpcyBjb21tZSDDp2EgdmllbnQgZGUgZ3JhbmRlIHPFk3VyLCBqZSBsZSBwcmVuZHMgISBIw6kgaMOpfiBUb3V0ZSBkb3VjZSwgdG91dGUgbW9lbGxldXNlLCBsYSBwb3Vww6llIGRlIFBvcmluZ34=,VGFwaSBrYXJlbmEgaW5pIGRhcmkga2FrYWssIGFrYW4ga3V0ZXJpbWEgZGVuZ2FuIHNlbmFuZyBoYXRpISBIZWhlfiBQb3JpbmcgRG9sbCB5YW5nIGVtcHVrfg==,WWluZSBkZSBhYmxhIHZlcmRpxJ9pIGnDp2luIG1pbm5ldGxlIGFsYWNhxJ/EsW0hIEhlaGV+IHBvZnVkdWsgcG9mdWR1ayBQb3JpbmcgQmViZcSfaX4=
m5aY,6rOg66eI7Jqw64uI6rmMIOuCmOuRkCDsmKTruaDtlZzthYwg7ISg66y87J2EIOykhOq7mC4g7JeQ7Zek7Ze3Li4u,U2luY2UgeW91IHdlcmUgc28gbmljZSwgSeKAmWxsIGdpdmUgeW91IGEgcHJlc2VudCB0b28sIG1pc3Rlci4gRWhlaGV+,,5Zug5Li65b6I5oSf6LCi77yM5oiR5Lmf6KaB6YCB5ZOl5ZOl5LiA5Lu956S854mp44CC6K+25Zi/5Zi/Li4u,,4LiC4LmJ4Liy4LiI4Liw4LmD4Lir4LmJ4LiC4Lit4LiH4LiC4Lin4Lix4LiN4Lie4Li14LmI4LiK4Liy4Lii4LmA4Lib4LmH4LiZ4LiB4Liy4Lij4LiC4Lit4Lia4LiE4Li44LiT4LiU4LmJ4Lin4LiiIOC4ruC4tOC4ruC4tC4uLg==,,,UGFyYSBhZ3JhZGVjw6lydGVsbywgeW8gdGFtYmnDqW4gdGUgZGFyw6kgdW4gcmVnYWxvLCBoZXJtYW5vLiBKZSwgamUsIGplLi4u,V2VpbCBpY2ggZGFua2JhciBiaW4sIGdlYiBpY2ggZGlyIGF1Y2ggZWluIEdlc2NoZW5rLiBFaGVoZS4uLg==,UG91ciB0ZSByZW1lcmNpZXIsIGrigJl2YWlzIGF1c3NpIGZhaXJlIHVuIGNhZGVhdSDDoCBncmFuZCBmcsOocmUuIEVoZWhlLi4u,S2FyZW5hIGFrdSBiZXJ0ZXJpbWEga2FzaWgsIGFrdSBqdWdhIGFrYW4gbWVtYmVyaSBrYWthayBoYWRpYWguIEVoZWhlLi4u,TWFkZW0gdGXFn2Vra8O8ciBlZGl5b3J1bSwgYmVuIGRlIGFiaXllIGhlZGl5ZSB2ZXJlY2XEn2ltLiBFaGVoZXQuLi4=
nJaY,6rOg66eI7Jqw64uI6rmMIOuCmOuRkCDslrjri4jtlZzthYwg7ISg66y87J2EIOykhOq7mC4g7JeQ7Zek7Ze3Li4u,U2luY2UgeW91IHdlcmUgc28gbmljZSwgSeKAmWxsIGdpdmUgeW91IGEgcHJlc2VudCB0b28sIG1pc3MuIEVoZWhlfg==,,5Zug5Li65b6I5oSf6LCi77yM5oiR5Lmf6KaB6YCB5aeQ5aeQ5LiA5Lu956S854mp44CC6K+25Zi/5Zi/Li4u,,4LiC4LmJ4Liy4LiI4Liw4LmD4Lir4LmJ4LiC4Lit4LiH4LiC4Lin4Lix4LiN4Lie4Li14LmI4Liq4Liy4Lin4LmA4Lib4LmH4LiZ4LiB4Liy4Lij4LiC4Lit4Lia4LiE4Li44LiT4LiU4LmJ4Lin4LiiIOC4ruC4tOC4ruC4tC4uLg==,,,UGFyYSBhZ3JhZGVjw6lydGVsbywgeW8gdGFtYmnDqW4gdGUgZGFyw6kgdW4gcmVnYWxvLCBoZXJtYW5hLiBKZSwgamUsIGplLi4u,V2VpbCBpY2ggZGFua2JhciBiaW4sIGdlYiBpY2ggZGlyIGF1Y2ggZWluIEdlc2NoZW5rLiBFaGVoZS4uLg==,UG91ciB0ZSByZW1lcmNpZXIsIGrigJl2YWlzIGF1c3NpIGZhaXJlIHVuIGNhZGVhdSDDoCBncmFuZGUgc8WTdXIuIEVoZWhlLi4u,S2FyZW5hIGFrdSBiZXJ0ZXJpbWEga2FzaWgsIGFrdSBqdWdhIGFrYW4gbWVtYmVyaSBrYWthayBoYWRpYWguIEVoZWhlLi4u,TWFkZW0gdGXFn2Vra8O8ciBlZGl5b3J1bSwgYmVuIGRlIGFibGF5YSBoZWRpeWUgdmVyZWNlxJ9pbS4gRWhlaGV0Li4u
nZaY,7J6I7J6W7JWEfiDsl4Trp4gg66qw656YIOuoueydhOudvOqzoCDsiKjqsqjrkZTqsowg7J6I7KeA66Gxfg==,WW91IGtub3d+IEkgaGlkIHRoaXMgc28gSSBjb3VsZCBlYXQgaXQgd2l0aG91dCBNb20gbm90aWNpbmd+,,5L2g55+l6YGT5ZCXfuaIkeacieWBt+WBt+iXj+edgOaDs+eekuedgOWmiOWmiOWQg+eahOS4nOilv+WTpn4=,,4LiZ4Li14LmI4LiZ4LiwfiDguILguYnguLLguYHguK3guJrguIvguYjguK3guJnguILguK3guIfguIHguLTguJnguYTguKfguYnguYTguKHguYjguYPguKvguYnguYHguKHguYjguKPguLnguYnguKXguYjguLB+,,,T3llfiBUZW5nbyBhbGdvIGVzY29uZGlkbyBwYXJhIGNvbcOpcm1lbG8gYSBlc2NvbmRpZGFzIGRlIG1hbcOhfg==,V2Vpw590IGR1fiBJY2ggaGFiIHdhcyB2ZXJzdGVja3QsIGRhbWl0IGljaCBlcyBoZWltbGljaCBlc3NlbiBrYW5uLCBvaG5lIGRhc3MgTWFtYSBlcyBtZXJrdH4=,VHUgc2Fpc34gSidhaSBjYWNow6kgcXVlbHF1ZSBjaG9zZSBwb3VyIGxlIG1hbmdlciBlbiBjYWNoZXR0ZSBkZSBtYW1hbn4=,VGFodSB0aWRha34gQWt1IG1lbnllbWJ1bnlpa2FuIHNlc3VhdHUgc3VwYXlhIGJpc2Ega3VtYWthbiBkaWFtLWRpYW0gdGFucGEgc2VwZW5nZXRhaHVhbiBJYnV+,QmlsaXlvciBtdXN1bn4gQW5uZW1kZW4gZ2l6bGkgeWVtZWsgacOnaW4gc2FrbGFkxLHEn8SxbSBiaXIgxZ9leSB2YXJ+
npaY,7Zek7ZekfiDrp47snbQg66i57Jy866m0IOyXhOuniO2VnO2FjCDtmLzrgpjri4jquYwuLi4g7Jik67mg64+EIOyhsOq4iOunjCDrqLnslrQu,SGVoZX4gSWYgeW91IGVhdCB0b28gbXVjaCwgTW9tIGdldHMgbWFkLCBzbyBtaXN0ZXIsIGp1c3QgYSBsaXR0bGUsIG9rYXk/,,5Zi/5Zi/fuWQg+WkquWkmuS8muiiq+WmiOWmiOmqgueahC4uLuWTpeWTpeS5n+WPquWQg+S4gOeCueOAgg==,,4LmA4Liu4LmA4LiufiDguJbguYnguLLguIHguLTguJnguYDguKLguK3guLDguIjguLDguYLguJTguJnguYHguKHguYjguJTguLguLi4g4Lie4Li14LmI4LiK4Liy4Lii4LiB4Li04LiZ4LiZ4Li04LiU4LmA4LiU4Li14Lii4Lin4Lie4Lit4LiZ4Liw,,,SmUsIGplfiBTaSBjb21vIG11Y2hvLCBtYW3DoSBtZSByZWdhw7FhcsOhLi4uIFTDuiB0YW1iacOpbiBjb21lIHNvbG8gdW4gcG9xdWl0bywgaGVybWFuby4=,SGVoZX4gV2VubiBtYW4genUgdmllbCBpc3N0LCBzY2hpbXBmdCBNYW1hLi4uIElzcyBhdWNoIG51ciBlaW4gYmlzc2NoZW4gZGF2b24u,SMOpIGjDqX4gU2kgauKAmWVuIG1hbmdlIHRyb3AsIG1hbWFuIHZhIG1lIGdyb25kZXIuLi4gR3JhbmQgZnLDqHJlLCB0b2kgYXVzc2ksIG1hbmdlcy1lbiBqdXN0ZSB1biBwZXUu,SGVoZX4gS2FsYXUgbWFrYW4gYmFueWFrIG5hbnRpIGRpbWFyYWhpIElidS4uLiBrYWthayBqdWdhIG1ha2FuIHNlZGlraXQgc2FqYS4=,SGVoZX4gw4dvayB5ZXJzZW4gYW5uZW0gYXphcmxhci4uLiBBYmkgZGUgYXrEsWPEsWsgeWUu
n5aY,7Zek7ZekfiDrp47snbQg66i57Jy866m0IOyXhOuniO2VnO2FjCDtmLzrgpjri4jquYwuLi4g7Ja464uI64+EIOyhsOq4iOunjCDrqLnslrQu,SGVoZX4gSWYgeW91IGVhdCB0b28gbXVjaCwgTW9tIGdldHMgbWFkLCBzbyBtaXNzLCBqdXN0IGEgbGl0dGxlLCBva2F5Pw==,,5Zi/5Zi/fuWQg+WkquWkmuS8muiiq+WmiOWmiOmqgueahC4uLuWnkOWnkOS5n+WPquWQg+S4gOeCueOAgg==,,4LmA4Liu4LmA4LiufiDguJbguYnguLLguIHguLTguJnguYDguKLguK3guLDguIjguLDguYLguJTguJnguYHguKHguYjguJTguLguLi4g4Lie4Li14LmI4Liq4Liy4Lin4LiB4Li04LiZ4LiZ4Li04LiU4LmA4LiU4Li14Lii4Lin4Lie4Lit4LiZ4Liw,,,SmUsIGplfiBTaSBjb21vIG11Y2hvLCBtYW3DoSBtZSByZWdhw7FhcsOhLi4uIFTDuiB0YW1iacOpbiBjb21lIHNvbG8gdW4gcG9xdWl0bywgaGVybWFuYS4=,SGVoZX4gV2VubiBtYW4genUgdmllbCBpc3N0LCBzY2hpbXBmdCBNYW1hLi4uIElzcyBhdWNoIG51ciBlaW4gYmlzc2NoZW4gZGF2b24u,SMOpIGjDqX4gU2kgauKAmWVuIG1hbmdlIHRyb3AsIG1hbWFuIHZhIG1lIGdyb25kZXIuLi4gR3JhbmRlIHPFk3VyLCB0b2kgYXVzc2ksIG1hbmdlcy1lbiBqdXN0ZSB1biBwZXUu,SGVoZX4gS2FsYXUgbWFrYW4gYmFueWFrIG5hbnRpIGRpbWFyYWhpIElidS4uLiBrYWthayBqdWdhIG1ha2FuIHNlZGlraXQgc2FqYS4=,SGVoZX4gw4dvayB5ZXJzZW4gYW5uZW0gYXphcmxhci4uLiBBYmxhIGRhIGF6xLFjxLFrIHllLg==
oJaY,6re466as6rWsLi4uIOyduO2YlSDqs6Drp4jsm4x+,QW5kIHVtbS4uLiB0aGFua3MgZm9yIHRoZSBkb2xsfg==,,6L+Y5pyJLi4u6LCi6LCi5L2g57uZ55qE5aiD5aiDfg==,,4LmB4Lil4LmJ4Lin4LiB4LmHLi4uIOC4guC4reC4muC4hOC4uOC4k+C4quC4s+C4q+C4o+C4seC4muC4leC4uOC5iuC4geC4leC4suC4meC4sH4=,,,WS4uLiBncmFjaWFzIHBvciBsYSBtdcOxZWNhfg==,VW5kLi4uIGRhbmtlIGbDvHIgZGllIFB1cHBlfg==,RXQgcHVpcy4uLiBtZXJjaSBwb3VyIGxhIHBvdXDDqWV+,RGFuLi4uIHRlcmltYSBrYXNpaCB1bnR1ayBib25la2FueWF+,QmlyIGRlLi4uIEJlYmVrIGnDp2luIHRlxZ9la2vDvHJsZXJ+
oZaY,7JelLi4uIOyYpOu5oCwg64KYIOuGgOumrOuKlOqxsOyngD8g7J247ZiV64+EIOyXhuycvOuptOyEnCDspIDri6Tqs6Ag64aA66as64qU6rGw7KeAPw==,SHVoLi4uPyBNaXN0ZXIsIGFyZSB5b3UgdGVhc2luZyBtZT8gWW91IGRvbuKAmXQgZXZlbiBoYXZlIGEgZG9sbCwgZG8geW91Pw==,,6K+2Li4u5ZOl5ZOl77yM5L2g5piv5Zyo6YCX5oiR5ZCn77yf5piO5piO6L+e5aiD5aiD6YO95rKh5pyJ77yM6L+Y6K+06KaB57uZ5oiR77yM5piv5Zyo6YCX5oiR5ZCn77yf,,4LmA4Lit4LmK4LiwLi4uIOC4nuC4teC5iOC4iuC4suC4oiDguKXguYnguK3guYDguKXguYjguJnguILguYnguLLguYPguIrguYjguYTguKvguKE/IOC5hOC4oeC5iOC4oeC4teC4leC4uOC5iuC4geC4leC4suC5geC4peC5ieC4p+C4ouC4seC4h+C4iOC4sOC4oeC4suC4muC4reC4geC4p+C5iOC4suC4iOC4sOC5g+C4q+C5ieC4reC4teC4gQ==,,,wr9NZSBlc3TDoXMgdG9tYW5kbyBlbCBwZWxvLCBoZXJtYW5vPyDCv01lIGRpY2VzIHF1ZSBtZSBkYXLDoXMgdW5hIG11w7FlY2Egc29sbyBwYXJhIHRvbWFybWUgZWwgcGVsbywgYXVucXVlIG5pIHNpcXVpZXJhIHRpZW5lcyB1bmE/,SMOkLi4uIGR1IHZlcsOkcHBlbHN0IG1pY2gsIG9kZXI/IER1IGhhc3QgZG9jaCBnYXIga2VpbmUgUHVwcGUgdW5kIHR1c3QgbnVyIHNvLCBhbHMgd8O8cmRlc3QgZHUgbWlyIGVpbmUgZ2ViZW4h,SGVpbi4uLiBvcHBhLCB0dSB0ZSBtb3F1ZXMgZGUgbW9pID8gVHUgZGlzIHF1ZSB0dSB2YXMgbSdlbiBkb25uZXIgYWxvcnMgcXVlIHQnZW4gYXMgbcOqbWUgcGFzID8=,SGFoLi4uIEtha2FrLCBrYW11IHNlZGFuZyBtZW5nZ29kYWt1LCBrYW4/IEthbXUgbWVuZ2dvZGFrdSBkZW5nYW4gYmlsYW5nIGFrYW4gbWVtYmVyaWt1LCBwYWRhaGFsIGthbXUganVnYSB0aWRhayBwdW55YSBib25la2E/,SMSxPy4uLiBBYmksIGJlbmltbGUgZGFsZ2EgZ2XDp2l5b3JzdW4sIGRlxJ9pbCBtaT8gQmViZcSfaW4gYmlsZSB5b2trZW4gdmVyZWNlxJ9pbSBkaXllIGRhbGdhIGdlw6dpeW9yc3VuLCBkZcSfaWwgbWk/
opaY,7JelLi4uIOyWuOuLiCwg64KYIOuGgOumrOuKlOqxsOyngD8g7J247ZiV64+EIOyXhuycvOuptOyEnCDspIDri6Tqs6Ag64aA66as64qU6rGw7KeAPw==,SHVoLi4uPyBNaXNzLCBhcmUgeW91IHRlYXNpbmcgbWU/IFlvdSBkb27igJl0IGV2ZW4gaGF2ZSBhIGRvbGwsIGRvIHlvdT8=,,6K+2Li4u5aeQ5aeQ77yM5L2g5piv5Zyo6YCX5oiR5ZCn77yf5piO5piO6L+e5aiD5aiD6YO95rKh5pyJ77yM6L+Y6K+06KaB57uZ5oiR77yM5piv5Zyo6YCX5oiR5ZCn77yf,,4LmA4Lit4LmK4LiwLi4uIOC4nuC4teC5iOC4quC4suC4pyDguKXguYnguK3guYDguKXguYjguJnguILguYnguLLguYPguIrguYjguYTguKvguKE/IOC5hOC4oeC5iOC4oeC4teC4leC4uOC5iuC4geC4leC4suC5geC4peC5ieC4p+C4ouC4seC4h+C4iOC4sOC4oeC4suC4muC4reC4geC4p+C5iOC4suC4iOC4sOC5g+C4q+C5ieC4reC4teC4gQ==,,,wr9NZSBlc3TDoXMgdG9tYW5kbyBlbCBwZWxvLCBoZXJtYW5hPyDCv01lIGRpY2VzIHF1ZSBtZSBkYXLDoXMgdW5hIG11w7FlY2Egc29sbyBwYXJhIHRvbWFybWUgZWwgcGVsbywgYXVucXVlIG5pIHNpcXVpZXJhIHRpZW5lcyB1bmE/,SMOkLi4uIGR1IHZlcsOkcHBlbHN0IG1pY2gsIG9kZXI/IER1IGhhc3QgZG9jaCBnYXIga2VpbmUgUHVwcGUgdW5kIHR1c3QgbnVyIHNvLCBhbHMgd8O8cmRlc3QgZHUgbWlyIGVpbmUgZ2ViZW4h,SGVpbi4uLiB1bm5pZSwgdHUgdGUgbW9xdWVzIGRlIG1vaSA/IFR1IGRpcyBxdWUgdHUgdmFzIG0nZW4gZG9ubmVyIGFsb3JzIHF1ZSB0J2VuIGFzIG3Dqm1lIHBhcyA/,SGFoLi4uIEtha2FrLCBrYW11IHNlZGFuZyBtZW5nZ29kYWt1LCBrYW4/IEthbXUgbWVuZ2dvZGFrdSBkZW5nYW4gYmlsYW5nIGFrYW4gbWVtYmVyaWt1LCBwYWRhaGFsIGthbXUganVnYSB0aWRhayBwdW55YSBib25la2E/,SMSxPy4uLiBBYmxhLCBiZW5pbWxlIGRhbGdhIGdlw6dpeW9yc3VuLCBkZcSfaWwgbWk/IEJlYmXEn2luIGJpbGUgeW9ra2VuIHZlcmVjZcSfaW0gZGl5ZSBkYWxnYSBnZcOnaXlvcnN1biwgZGXEn2lsIG1pPw==
o5aY,7Jqw7JeQLi4uIO2bhOyXkC4uLiDtm4Tsl5Dsl5Dsl5Dsl5Dsl5AuLi4=,VXdhYS4uLiBzbmlmZi4uLiBzbmlmZi4uLg==,,5ZGc5ZOHLi4u5ZGc5ZGcLi4u5ZGc5ZGc5ZGc5ZGc5ZGc5ZGcLi4u,,4Lit4Li34LitLi4uIOC4ruC4t+C4rS4uLiDguK7guLfguK3guK3guK3guK3guK3guK3guK0uLi4=,,,QnVhLi4uIEJ1YS4uLiBCdWFhYWFhLi4u,VcOkaC4uLiBIdWjDpC4uLiBIdWjDpMOkw6TDpMOkw6QuLi4=,T3Vpbi4uLiBzbmlmLi4uIHNuaWYuLi4=,VWUuLi4gaHVlLi4uIGh1ZWVlZWVlZS4uLg==,VWVlLi4uIEh1ZS4uLiBIdWVlZWVlZWUuLi4=
pJaY,W+q8rOuniOyVhOydtF0K7Jqw7JeQ7JeQ7JeQ7JeQ7JelfiDsmrDsl5Dsl6V+,W0tpZF0KVXdhYWFhaH4gd2FhYWh+IQ==,,W+Wwj+WtqV0K5ZGc5ZGc5ZGc5ZGc5ZGcfuWRnOWRnH4=,,W0tpZF0K4Lit4Li34LitLi4uIOC4ruC4t+C4rS4uLiDguK7guLfguK3guK3guK3guK3guK3guK3guK0uLi4=,,,W0NoaWNvXQrCoUJ1YWFhYWF+IEJ1YWFhfiE=,W0tpbmRdClXDpMOkw6TDpMOkw6TDpGh+IFXDpMOkw6Rofg==,W0VuZmFudF0KT3VpbiBvdWlufiBvdWlufg==,W0tpZF0KVXdhYWFhaH4gd2FhYWh+,W8OHb2N1a10KVWVlZWVlZWVuZ34gVWVlbmd+
pZaY,W+q8rOuniOyVhOydtF0K7JeQ7JeRLCDstIgsIOy0jOy0jC4uLiDstIzstIzsnbjtmJXsnbTrhKQuLi4=,W0tpZF0KRWVrLCBpLWl04oCZcyBhIENob25jaG9uLi4uIGEgQ2hvbmNob24gRG9sbC4uLg==,,W+Wwj+WtqV0K6K+244CB6IuN44CB6IuN6J2HLi4u5piv6IuN6J2H5aiD5aiD5ZGiLi4u,,W0tpZF0K4LmA4Lit4LmK4LiwIENob25jaG9uLi4uIENob25jaG9uIERvbGwg4LiZ4Li14LmI4LiZ4LiyLi4u,,,W0NoaWNvXQrCoUF5ISBDaG8uLi4gQ2hvbmNob24uLi4gRXMgdW4gTXXDsWVjbyBkZSBDaG9uY2hvbi4uLg==,W0tpbmRdCsOEaCwgQ2gtQ2hvbmNob24uLi4gRGFzIGlzdCBqYSDigJluZSBDaG9uY2hvbi1QdXBwZS4uLg==,W0VuZmFudF0KSGVpbiwgY2gtY2guLi4gQ2hvbmNob24uLi4gQ+KAmWVzdCB1bmUgcG91cMOpZSBDaG9uY2hvbi4uLg==,W0JvY2lsXQpFZWssIGNobywgQ2hvbmNob24uLi4gQ2hvbmNob24gRG9sbCB5YS4uLg==,W8OHb2N1a10KRWVrLCDDp28sIENob25jaG9uLi4uIENob25jaG9uIEJlYmXEn2kgacWfdGUuLi4=
ppaY,6re4656Y64+EIOutkC4uLiDsmKTruaDqsIAg7KO864qU6rGw64uI6rmMIOqzoOunmeqyjCDrsJsuLi7slYTslbzqsqDsp4AuIOyasOybhX4=,V2VsbC4uLiBpZiBpdOKAmXMgZnJvbSB5b3UsIG1pc3RlciwgSSBndWVzcyBJIHNob3VsZCBzYXkgdGhhbmtzLi4uIHNuaWZmfg==,,5LiN6L+H5ZibLi4u5pei54S25piv5ZOl5ZOl57uZ55qE77yM5bCx5oSf5r+A5Zyw5pS2Li4u5LiL5ZCn44CC5Zevfg==,,4LmB4LiV4LmI4LiB4LmH4LiK4LmI4Liy4LiH4LmA4LiW4Lit4LiwLi4uIOC5gOC4nuC4o+C4suC4sOC4nuC4teC5iOC4iuC4suC4ouC5gOC4m+C5h+C4meC4hOC4meC5g+C4q+C5iSDguIHguYfguJXguYnguK3guIfguKPguLHguJrguYTguKfguYnguJTguYnguKfguKLguITguKfguLLguKHguILguK3guJrguITguLjguJMuLi7guKrguLTguJnguLAg4Lit4Li34Lit4Lit4Li2fg==,,,UGVybyBidWVuby4uLiBDb21vIG1lIGxvIGRhcyB0w7osIGhlcm1hbml0bywgdGVuZHLDqSBxdWUuLi4gYWNlcHRhcmxvIHkgZGFydGUgbGFzIGdyYWNpYXMsIHN1cG9uZ28uIFV1dWh+,TmEgamEuLi4gd2VubiBkdSBzaWUgbWlyIHNjaGVua3N0LCBtdXNzIGljaCBzaWUgd29obCBkYW5rYmFyIGFubmVobWVuLi4uIFV1aH4=,Qm9uLCBlbmZpbi4uLiBjb21tZSDDp2EgdmllbnQgZGUgZ3JhbmQgZnLDqHJlLCBqZSBkb2lzLi4uIGFjY2VwdGVyLiBPdWlufg==,VGFwaSB5YS4uLiBrYXJlbmEgaW5pIGRhcmkgS2FrYWssIGFrdSBoYXJ1cyBtZW5lcmltYW55YSBkZW5nYW4gYmVydGVyaW1hIGthc2loLi4uIHlhLiBVdXVuZ34=,WWluZSBkZSBuZXlzZS4uLiBBYmkgdmVyZGnEn2kgacOnaW4gbWlubmV0bGUgYWwuLi5tYWzEsXnEsW0gaGVyaGFsZGUuIFV1dW5nfg==
p5aY,6re4656Y64+EIOutkC4uLiDslrjri4jqsIAg7KO864qU6rGw64uI6rmMIOqzoOunmeqyjCDrsJsuLi7slYTslbzqsqDsp4AuIOyasOybhX4=,V2VsbC4uLiBpZiBpdOKAmXMgZnJvbSB5b3UsIG1pc3MsIEkgZ3Vlc3MgSSBzaG91bGQgc2F5IHRoYW5rcy4uLiBzbmlmZn4=,,5LiN6L+H5ZibLi4u5pei54S25piv5aeQ5aeQ57uZ55qE77yM5bCx5oSf5r+A5Zyw5pS2Li4u5LiL5ZCn44CC5Zevfg==,,4LmB4LiV4LmI4LiB4LmH4LiK4LmI4Liy4LiH4LmA4LiW4Lit4LiwLi4uIOC5gOC4nuC4o+C4suC4sOC4nuC4teC5iOC4quC4suC4p+C5gOC4m+C5h+C4meC4hOC4meC5g+C4q+C5iSDguIHguYfguJXguYnguK3guIfguKPguLHguJrguYTguKfguYnguJTguYnguKfguKLguITguKfguLLguKHguILguK3guJrguITguLjguJMuLi7guKrguLTguJnguLAg4Lit4Li34Lit4Lit4Li2fg==,,,UGVybyBidWVuby4uLiBDb21vIG1lIGxvIGRhcyB0w7osIGhlcm1hbml0YSwgdGVuZHLDqSBxdWUuLi4gYWNlcHRhcmxvIHkgZGFydGUgbGFzIGdyYWNpYXMsIHN1cG9uZ28uIFV1dWh+,TmEgamEuLi4gd2VubiBkdSBzaWUgbWlyIHNjaGVua3N0LCBtdXNzIGljaCBzaWUgd29obCBkYW5rYmFyIGFubmVobWVuLi4uIFV1aH4=,Qm9uLCBlbmZpbi4uLiBjb21tZSDDp2EgdmllbnQgZGUgZ3JhbmRlIHPFk3VyLCBqZSBkb2lzLi4uIGFjY2VwdGVyLiBPdWlufg==,VGFwaSB5YS4uLiBrYXJlbmEgaW5pIGRhcmkgS2FrYWssIGFrdSBoYXJ1cyBtZW5lcmltYW55YSBkZW5nYW4gYmVydGVyaW1hIGthc2loLi4uIHlhLiBVdXVuZ34=,WWluZSBkZSBuZXlzZS4uLiBBYmxhIHZlcmRpxJ9pIGnDp2luIG1pbm5ldGxlIGFsLi4ubWFsxLF5xLFtIGhlcmhhbGRlLiBVdXVuZ34=
qJaY,7JuFfiDrgpjrkZAg7Jik67mg7ZWc7YWMIOyEoOusvCDspITqu5guLi4=,VW1tfiBJ4oCZbGwgZ2l2ZSB5b3UgYSBwcmVzZW50IHRvbywgbWlzdGVyLi4u,,5ZevfuaIkeS5n+imgemAgeWTpeWTpeekvOeJqS4uLg==,,4Lit4Li34LitfiDguYDguJTguLXguYvguKLguKfguIHguYfguIjguLDguYPguKvguYnguILguK3guIfguILguKfguLHguI3guJ7guLXguYjguIrguLLguKLguYDguKvguKHguLfguK3guJnguIHguLHguJkuLi4=,,,U2lpfiBZbyB0YW1iacOpbiB0ZSBkYXLDqSB1biByZWdhbG8sIGhlcm1hbm8uLi4=,VXVofiBJY2ggZ2ViIGRpciBhdWNoIGVpbiBHZXNjaGVuay4uLg==,T3Vpbn4gbW9pIGF1c3NpLCBqZSB2YWlzIGZhaXJlIHVuIGNhZGVhdSDDoCBvcHBhLi4u,VXVuZ34gYWt1IGp1Z2EgYWthbiBtZW1iZXJpIGhhZGlhaCB1bnR1ayBLYWthay4uLg==,VXVuZ34gQmVuIGRlIGFiaXllIGhlZGl5ZSB2ZXJlY2XEn2ltLi4u
qZaY,7JuFfiDrgpjrkZAg7Ja464uI7ZWc7YWMIOyEoOusvCDspITqu5guLi4=,VW1tfiBJ4oCZbGwgZ2l2ZSB5b3UgYSBwcmVzZW50IHRvbywgbWlzcy4uLg==,,5ZevfuaIkeS5n+imgemAgeWnkOWnkOekvOeJqS4uLg==,,4Lit4Li34LitfiDguYDguJTguLXguYvguKLguKfguIHguYfguIjguLDguYPguKvguYnguILguK3guIfguILguKfguLHguI3guJ7guLXguYjguKrguLLguKfguYDguKvguKHguLfguK3guJnguIHguLHguJkuLi4=,,,U2lpfiBZbyB0YW1iacOpbiB0ZSBkYXLDqSB1biByZWdhbG8sIGhlcm1hbmEuLi4=,VXVofiBJY2ggZ2ViIGRpciBhdWNoIGVpbiBHZXNjaGVuay4uLg==,T3Vpbn4gbW9pIGF1c3NpLCBqZSB2YWlzIGZhaXJlIHVuIGNhZGVhdSDDoCB1bm5pZS4uLg==,VXVuZ34gYWt1IGp1Z2EgYWthbiBtZW1iZXJpIGhhZGlhaCB1bnR1ayBLYWthay4uLg==,VXVuZ34gQmVuIGRlIGFibGF5YSBoZWRpeWUgdmVyZWNlxJ9pbS4uLg==
qpaY,66eO7J20IOuoueycvOuptCDsnbTruagg7I2p7Jy864uI6rmMLi4uIOyYpOu5oOuRkCDsobDquIjslKkg7JWE6ru0IOuoueyWtC4=,SWYgeW91IGVhdCB0b28gbXVjaCwgeW91ciB0ZWV0aCB3aWxsIHJvdC4uLiBtaXN0ZXIsIGVhdCBqdXN0IGEgbGl0dGxlIGF0IGEgdGltZS4=,,5ZCD5aSq5aSa54mZ6b2/5Lya6JuA5o6J55qELi4u5ZOl5ZOl5Lmf6KaB55yB552A54K55oWi5oWi5ZCD44CC,,4LiB4Li04LiZ4LmA4Lii4Lit4Liw4Lif4Lix4LiZ4LiI4Liw4Lic4Li4Li4uIOC4nuC4teC5iOC4iuC4suC4ouC4leC5ieC4reC4h+C4hOC5iOC4reC4oiDguYYg4LiB4Li04LiZ4LiX4Li14Lil4Liw4LiZ4LmJ4Lit4LiiIOC5hiDguJnguLA=,,,U2kgY29tZXMgbXVjaG8sIHNlIHRlIHBpY2Fyw6FuIGxvcyBkaWVudGVzLi4uIFTDuiB0YW1iacOpbiBjb21lIHNvbG8gdW4gcG9xdWl0byBjYWRhIHZleiwgaGVybWFuby4=,V2VubiBtYW4genUgdmllbCBuYXNjaHQsIHdlcmRlbiBkaWUgWsOkaG5lIHNjaGxlY2h0Li4uIElzcyBsaWViZXIgbnVyIFN0w7xjayBmw7xyIFN0w7xjaywgb2theT8=,U2kgdHUgbWFuZ2VzIHRyb3AsIHRlcyBkZW50cyB2b250IHBvdXJyaXIuLi4gVG9pIGF1c3NpLCBncmFuZCBmcsOocmUsIG1hbmdlIHVuIHBldS4=,S2FsYXUgbWFrYW4gYmFueWFrLCBnaWdpIGJpc2EgYmVybHViYW5nLi4uIEtha2FrIGp1Z2EgbWFrYW4gc2VkaWtpdC1zZWRpa2l0IHNhamEsIHlhLg==,w4dvayB5ZXJzZW4gZGnFn2xlcmluIMOnw7xyw7xyLi4uIEFiaSwgc2VuIGRlIGF6YXIgYXphciBpZGFyZWxpIHllLg==
q5aY,66eO7J20IOuoueycvOuptCDsnbTruagg7I2p7Jy864uI6rmMLi4uIOyWuOuLiOuRkCDsobDquIjslKkg7JWE6ru0IOuoueyWtC4=,SWYgeW91IGVhdCB0b28gbXVjaCwgeW91ciB0ZWV0aCB3aWxsIHJvdC4uLiBtaXNzLCBlYXQganVzdCBhIGxpdHRsZSBhdCBhIHRpbWUu,,5ZCD5aSq5aSa54mZ6b2/5Lya6JuA5o6J55qELi4u5aeQ5aeQ5Lmf6KaB55yB552A54K55oWi5oWi5ZCD44CC,,4LiB4Li04LiZ4LmA4Lii4Lit4Liw4Lif4Lix4LiZ4LiI4Liw4Lic4Li4Li4uIOC4nuC4teC5iOC4quC4suC4p+C4leC5ieC4reC4h+C4hOC5iOC4reC4oiDguYYg4LiB4Li04LiZ4LiX4Li14Lil4Liw4LiZ4LmJ4Lit4LiiIOC5hiDguJnguLA=,,,U2kgY29tZXMgbXVjaG8sIHNlIHRlIHBpY2Fyw6FuIGxvcyBkaWVudGVzLi4uIFTDuiB0YW1iacOpbiBjw7NtZWxvcyBwb2NvIGEgcG9jbywgaGVybWFuaXRhLg==,V2VubiBtYW4genUgdmllbCBuYXNjaHQsIHdlcmRlbiBkaWUgWsOkaG5lIHNjaGxlY2h0Li4uIElzcyBsaWViZXIgbnVyIFN0w7xjayBmw7xyIFN0w7xjaywgb2theT8=,U2kgdOKAmWVuIG1hbmdlcyB0cm9wLCB0ZXMgZGVudHMgcG91cnJpc3NlbnTigKYgVG9pIGF1c3NpLCBncmFuZGUgc8WTdXIsIG1hbmdlIHVuIHBldS4=,S2FsYXUgbWFrYW4gYmFueWFrLCBnaWdpIGJpc2EgYmVybHViYW5nLi4uIEtha2FrIGp1Z2EgbWFrYW4gc2VkaWtpdC1zZWRpa2l0IHNhamEsIHlhLg==,w4dvayB5ZXJzZW4gZGnFn2xlcmluIMOnw7xyw7xyLi4uIEFibGEsIHNlbiBkZSBhemFyIGF6YXIgaWRhcmVsaSB5ZS4=
rJaY,6re466as6rWsLi4uIOyduO2YlSDqs6Drp4jsm4wuLi4g7ZuE7JelLi4u,QW5kIHVtbS4uLiB0aGFua3MgZm9yIHRoZSBkb2xsLi4uIHNuaWZmLi4u,,6L+Y5pyJLi4u6LCi6LCi5L2g57uZ55qE5aiD5aiDLi4u5ZGc5ZGcLi4u,,4LmB4Lil4LmJ4Lin4LiB4LmHLi4uIOC4guC4reC4muC4hOC4uOC4k+C4quC4s+C4q+C4o+C4seC4muC4leC4uOC5iuC4geC4leC4si4uLiDguK7guLfguK3guK0uLi4=,,,WS4uLiBncmFjaWFzIHBvciBlbCBtdcOxZWNvLi4uIEJ1YWFhLi4u,VW5kLi4uIGRhbmtlIGbDvHIgZGllIFB1cHBlLi4uIEh1dcOkw6RoLi4u,RXQgcHVpcy4uLiBtZXJjaSBwb3VyIGxhIHBvdXDDqWUuLi4gc25pZi4uLg==,RGFuLi4uIHRlcmltYSBrYXNpaCB1bnR1ayBib25la2FueWEuLi4gaHVlZW5nLi4u,QmlyIGRlLi4uIGJlYmVrIGnDp2luIHRlxZ9la2vDvHJsZXIuLi4gSMSxxLHEsS4uLg==
rZaY,W+q8rOuniOyVhOydtF0KKC4uLu2IrOuNnO2IrOuNnCk=,W0tpZF0KKC4uLmdydW1ibGUgZ3J1bWJsZSk=,,W+Wwj+WtqV0KKC4uLuWYn+WYn+WblOWblCk=,,W0tpZF0KKC4uLuC4muC5iOC4meC4nuC4tuC4oeC4nuC4syk=,,,W0NoaWNvXQooLi4uZ3J1w7FlbmRvKQ==,W0tpbmRdCiguLi5ncnVtbWVsIGdydW1tZWwp,W0VuZmFudF0KKC4uLmdyb21tZWxsZSk=,W0tpZF0KKC4uLm1lbmdvbWVsIG1lbmdnZXJ1dHUp,W8OHb2N1a10KKC4uLmhvbXVyZGFuIGhvbXVyZGFuKQ==
rpaY,W+q8rOuniOyVhOydtF0K7JmA7JWELi4uIO2GoOuBvCDrtInsoJzsnbjtmJXsnbTri6TslYQh,W0tpZF0KV2FhYWguLi4gYSBidW5ueSBTdHVmZmVkIERvbGwh,,W+Wwj+WtqV0K5ZOH5ZWKLi4u5piv5YWU5a2Q5biD5aiD5aiD5ZGA5ZWK77yB,,W0tpZF0K4Lin4LmJ4Liy4LinLi4uIOC4leC4uOC5iuC4geC4leC4siBTdHVmZmVkIERvbGwg4LiU4LmJ4Lin4Lii4Lii4LiiIQ==,,,W0NoaWNvXQrCoUd1YXUuLi4gZXMgdW5hIE11w7FlY2EgZGUgcGVsdWNoZSBkZSBjb25lam8h,W0tpbmRdCldhYWFoLi4uIGVpbmUgSGFzZW4tU3RvZmZwdXBwZSE=,W0VuZmFudF0KT3VhaC4uLiB1bmUgUG91cMOpZSBlbiBwZWx1Y2hlIGRlIGxhcGluICE=,W0tpZF0KV2FhLi4uIGluaSBrZWxpbmNpIFN0dWZmZWQgRG9sbCE=,W8OHb2N1a10KVmFhYXkuLi4gVGF2xZ9hbiBEb2xtYSBCZWJlayBidXUh
r5aY,64KYIOu0ieygnOyduO2YleydtCDrhIjrrLQg7KKL7JWEfiDsl5Dtl6Ttl7chIOyYpOu5oCDsoJXrp5Ag6rOg66eI7JuMfg==,SSBsb29vdmUgU3R1ZmZlZCBEb2xsc34gRWhlaGUhIFRoYW5rIHlvdSBzb29vIG11Y2gsIG1pc3Rlcn4=,,5oiR5aSq5Zac5qyi5biD5aiD5aiD5LqGfuivtuWYv+WYv++8geWTpeWTpeecn+eahOiwouiwouS9oH4=,,4LiC4LmJ4Liy4LiK4Lit4LiaIFN0dWZmZWQgRG9sbCDguKHguLLguIHguYDguKXguKJ+IOC5gOC4ouC5iSEg4LiC4Lit4Lia4LiE4Li44LiT4LiI4Lij4Li04LiHIOC5hiDguJnguLAg4Lie4Li14LmI4LiK4Liy4Liifg==,,,TWUgZ3VzdGEgbXVjaMOtc2ltbyBNdcOxZWNhIGRlIHBlbHVjaGV+IMKhSmUsIGplISBNdWNoYXMgZ3JhY2lhcywgaGVybWFuaXRvfg==,SWNoIGxpZWJlIFN0b2ZmcHVwcGVuIHRvdGFsfiBFaGVoZSEgRGFua2V+IQ==,SuKAmWFkb3JlIGxlcyBQb3Vww6llIGVuIHBlbHVjaGV+IEVow6low6loICEgTWVyY2ksIGdyYW5kIGZyw6hyZX4=,QWt1IHN1a2Egc2VrYWxpIFN0dWZmZWQgRG9sbH4gRWhlaGUhIEtha2FrIGJlbmFyLWJlbmFyIHRlcmltYSBrYXNpaH4=,QmVuIERvbG1hIEJlYmVraSDDp29rIHNldml5b3J1bX4gRWhlaGUhIEFiaSwgZ2Vyw6dla3RlbiB0ZcWfZWtrw7xybGVyfg==
sJaY,64KYIOu0ieygnOyduO2YleydtCDrhIjrrLQg7KKL7JWEfiDsl5Dtl6Ttl7chIOyWuOuLiCDsoJXrp5Ag6rOg66eI7JuMfg==,SSBsb29vdmUgU3R1ZmZlZCBEb2xsc34gRWhlaGUhIFRoYW5rIHlvdSBzb29vIG11Y2gsIG1pc3N+,,5oiR5aSq5Zac5qyi5biD5aiD5aiD5LqGfuivtuWYv+WYv++8geWnkOWnkOecn+eahOiwouiwouS9oH4=,,4LiC4LmJ4Liy4LiK4Lit4LiaIFN0dWZmZWQgRG9sbCDguKHguLLguIHguYDguKXguKJ+IOC5gOC4ouC5iSEg4LiC4Lit4Lia4LiE4Li44LiT4LiI4Lij4Li04LiHIOC5hiDguJnguLAg4Lie4Li14LmI4Liq4Liy4Linfg==,,,TWUgZ3VzdGEgbXVjaMOtc2ltbyBNdcOxZWNhIGRlIHBlbHVjaGV+IMKhSmUsIGplISBNdWNoYXMgZ3JhY2lhcywgaGVybWFuaXRhfg==,SWNoIGxpZWJlIFN0b2ZmcHVwcGVuIHRvdGFsfiBFaGVoZSEgRGFua2V+IQ==,SuKAmWFkb3JlIGxlcyBQb3Vww6llIGVuIHBlbHVjaGV+IEVow6low6loICEgTWVyY2ksIGdyYW5kZSBzxZN1cn4=,QWt1IHN1a2Egc2VrYWxpIFN0dWZmZWQgRG9sbH4gRWhlaGUhIEtha2FrIGJlbmFyLWJlbmFyIHRlcmltYSBrYXNpaH4=,QmVuIERvbG1hIEJlYmVraSDDp29rIHNldml5b3J1bX4gRWhlaGUhIEFibGEsIGdlcsOnZWt0ZW4gdGXFn2Vra8O8cmxlcn4=
sZaY,7Zek7Ze3LiDquLDrtoQg7KKL7JWELiDrgpjrkZAg7Jik67mg7ZWc7YWMIOyEoOusvOydhCDspITqu5guIOyXkO2XpO2Xty4uLg==,SGVoZX4gSeKAmW0gc28gaGFwcHkuIEnigJlsbCBnaXZlIHlvdSBhIHByZXNlbnQgdG9vLCBtaXN0ZXIuIEVoZWhlfg==,,5Zi/5Zi/44CC5b+D5oOF55yf5aW944CC5oiR5Lmf6KaB6YCB5ZOl5ZOl5LiA5Lu956S854mp44CC6K+25Zi/5Zi/Li4u,,4LiC4LmJ4Liy4LiU4Li14LmD4LiI4LiI4Lix4LiHIOC5gOC4lOC4teC5i+C4ouC4p+C4guC5ieC4suC4iOC4sOC5g+C4q+C5ieC4guC4reC4h+C4guC4p+C4seC4jeC4nuC4teC5iOC4iuC4suC4ouC4leC4reC4muC5geC4l+C4mSE=,,,SmUsIGplLiBFc3RveSBjb250ZW50YS4gWW8gdGFtYmnDqW4gdGUgZGFyw6kgdW4gcmVnYWxvLCBoZXJtYW5pdG8uIEplLCBqZS4uLg==,SGVoZS4gSWNoIGJpbiB2b2xsIGhhcHB5LiBEdSBrcmllZ3N0IHZvbiBtaXIgYXVjaCBlaW4gR2VzY2hlbmsuIEVoZWhlLi4u,SMOpaMOpaC4gSmUgc3VpcyBjb250ZW50LiBNb2kgYXVzc2ksIGplIHZhaXMgb2ZmcmlyIHVuIGNhZGVhdSDDoCBncmFuZCBmcsOocmUuIEVow6low6loLi4u,SGVoZXQuIFNlbmFuZy4gQWt1IGp1Z2EgYWthbiBtZW1iZXJpIGhhZGlhaCB1bnR1ayBLYWthay4gRWhlaGUuLi4=,SGVoZS4gw4dvayBtdXRsdXl1bS4gQmVuIGRlIGFiaSBpw6dpbiBiaXIgaGVkaXllIHZlcmVjZcSfaW0uIEVoZWhlLi4u
spaY,7Zek7Ze3LiDquLDrtoQg7KKL7JWELiDrgpjrkZAg7Ja464uI7ZWc7YWMIOyEoOusvOydhCDspITqu5guIOyXkO2XpO2Xty4uLg==,SGVoZX4gSeKAmW0gc28gaGFwcHkuIEnigJlsbCBnaXZlIHlvdSBhIHByZXNlbnQgdG9vLCBtaXNzLiBFaGVoZX4=,,5Zi/5Zi/44CC5b+D5oOF55yf5aW944CC5oiR5Lmf6KaB6YCB5aeQ5aeQ5LiA5Lu956S854mp44CC6K+25Zi/5Zi/Li4u,,4LiC4LmJ4Liy4LiU4Li14LmD4LiI4LiI4Lix4LiHIOC5gOC4lOC4teC5i+C4ouC4p+C4guC5ieC4suC4iOC4sOC5g+C4q+C5ieC4guC4reC4h+C4guC4p+C4seC4jeC4nuC4teC5iOC4quC4suC4p+C4leC4reC4muC5geC4l+C4mSE=,,,SmUsIGplLiBFc3RveSBjb250ZW50YS4gWW8gdGFtYmnDqW4gdGUgZGFyw6kgdW4gcmVnYWxvLCBoZXJtYW5pdGEuIEplLCBqZS4uLg==,SGVoZS4gSWNoIGJpbiB2b2xsIGhhcHB5LiBEdSBrcmllZ3N0IHZvbiBtaXIgYXVjaCBlaW4gR2VzY2hlbmsuIEVoZWhlLi4u,SMOpaMOpaC4gSmUgc3VpcyBjb250ZW50LiBNb2kgYXVzc2ksIGplIHZhaXMgb2ZmcmlyIHVuIGNhZGVhdSDDoCBncmFuZGUgc8WTdXIuIEVow6low6loLi4u,SGVoZXQuIFNlbmFuZy4gQWt1IGp1Z2EgYWthbiBtZW1iZXJpIGhhZGlhaCB1bnR1ayBLYWthay4gRWhlaGUuLi4=,SGVoZS4gw4dvayBtdXRsdXl1bS4gQmVuIGRlIGFibGEgacOnaW4gYmlyIGhlZGl5ZSB2ZXJlY2XEn2ltLiBFaGVoZS4uLg==
s5aY,7Ja065SU6rCU7KeALi4uIOybhS4uLg==,V2hlcmUgZGlkIGl0IGdvLi4uIGhtbS4uLg==,,5Y675ZOq5LqGLi4u5ZevLi4u,,4LmE4Lib4LmE4Lir4LiZ4LiZ4LiwLi4uIOC4reC4t+C4rS4uLg==,,,wr9Ew7NuZGUgZXN0w6EuLi4/IFVtbW0uLi4=,V28gaXN0IGVzIGRlbm4uLi4gVXVoLi4u,SWwgZXN0IG/DuS4uLiBPdWluLi4u,S2UgbWFuYSB5YS4uLiBIbW0uLi4=,TmVyZXllIGdpdHRpLi4uIEjEsW1tLi4u
tJaY,7Jes6riw7J6I7Ja0ISDtl6Ttl6R+IOyCsO2DgO2VoOyVhOuyhOyngO2VnO2FjCDrsJvslZjrjZgg7IKs7YOV7J207JW8LCDsmKTruaDrj4Qg66i57Ja067SQLg==,SGVyZSBpdCBpcyEgSGVoZX4gSXTigJlzIGNhbmR5IEkgZ290IGZyb20gU2FudGEgQ2xhdXMuIFlvdSBzaG91bGQgdHJ5IGl0IHRvbywgbWlzdGVyIQ==,,5Zyo6L+Z6YeM77yB5Zi/5Zi/fui/meaYr+S7juWco+ivnuiAgeS6uumCo+mHjOaUtuWIsOeahOezluaenO+8jOWTpeWTpeS5n+WwneWwneeci+OAgg==,,4LiZ4Li14LmI4LmE4LiHISDguKXguLnguIHguK3guKHguJfguLXguYjguIvguLLguJnguJXguYnguLLguYPguKvguYnguILguYnguLIg4Lie4Li14LmI4Lil4Lit4LiH4LiB4Li04LiZ4LiU4Li54LiZ4Liw,,,wqFBcXXDrSBlc3TDoSEgSmUsIGplfiBFcyB1biBjYXJhbWVsbyBxdWUgbWUgZGlvIFBhcMOhIE5vZWwuIFBydcOpYmFsbyB0w7ogdGFtYmnDqW4sIGhlcm1hbml0by4=,SGllciEgSGVoZX4gRGllIGhhYiBpY2ggdm9tIFdlaWhuYWNodHNtYW5uIGJla29tbWVuLiBQcm9iaWVyIGF1Y2ggbWFsIQ==,Q+KAmWVzdCBsw6AgISBIw6low6l+IEPigJllc3QgdW4gYm9uYm9uIHF1ZSBq4oCZYWkgcmXDp3UgZHUgUMOocmUgTm/Dq2wuIEdyYW5kIGZyw6hyZSwgZ2/Du3RlIGF1c3NpLg==,SW5pIGRpYSEgSGVoZX4gSW5pIHBlcm1lbiB5YW5nIGR1bHUgYWt1IHRlcmltYSBkYXJpIFNhbnRhIENsYXVzLCBLYWthayBqdWdhIGNvYmEgbWFrYW4u,QnVyYWRhISBIZWhlfiBOb2VsIEJhYmEgYWRsxLEga2nFn2lkZW4gYWxkxLHEn8SxbSDFn2VrZXIsIGFiaSBzZW4gZGUgeWUu
tZaY,7Jes6riw7J6I7Ja0ISDtl6Ttl6R+IOyCsO2DgO2VoOyVhOuyhOyngO2VnO2FjCDrsJvslZjrjZgg7IKs7YOV7J207JW8LCDslrjri4jrj4Qg66i57Ja067SQLg==,SGVyZSBpdCBpcyEgSGVoZX4gSXTigJlzIGNhbmR5IEkgZ290IGZyb20gU2FudGEgQ2xhdXMuIFlvdSBzaG91bGQgdHJ5IGl0IHRvbywgbWlzcyE=,,5Zyo6L+Z6YeM77yB5Zi/5Zi/fui/meaYr+S7juWco+ivnuiAgeS6uumCo+mHjOaUtuWIsOeahOezluaenO+8jOWnkOWnkOS5n+WwneWwneeci+OAgg==,,4LiZ4Li14LmI4LmE4LiHISDguKXguLnguIHguK3guKHguJfguLXguYjguIvguLLguJnguJXguYnguLLguYPguKvguYnguILguYnguLIg4Lie4Li14LmI4Lil4Lit4LiH4LiB4Li04LiZ4LiU4Li54LiZ4Liw,,,wqFBcXXDrSBlc3TDoSEgSmUsIGplfiBFcyB1biBjYXJhbWVsbyBxdWUgbWUgZGlvIFBhcMOhIE5vZWwuIFBydcOpYmFsbyB0w7ogdGFtYmnDqW4sIGhlcm1hbml0YS4=,SGllciEgSGVoZX4gRGllIGhhYiBpY2ggdm9tIFdlaWhuYWNodHNtYW5uIGJla29tbWVuLiBQcm9iaWVyIGF1Y2ggbWFsIQ==,Q+KAmWVzdCBsw6AgISBIw6low6l+IEPigJllc3QgdW4gYm9uYm9uIHF1ZSBq4oCZYWkgcmXDp3UgZHUgUMOocmUgTm/Dq2wuIEdyYW5kZSBzxZN1ciwgZ2/Du3RlIGF1c3NpLg==,SW5pIGRpYSEgSGVoZX4gSW5pIHBlcm1lbiB5YW5nIGR1bHUgYWt1IHRlcmltYSBkYXJpIFNhbnRhIENsYXVzLCBLYWthayBqdWdhIGNvYmEgbWFrYW4u,QnVyYWRhISBIZWhlfiBOb2VsIEJhYmEgYWRsxLEga2nFn2lkZW4gYWxkxLHEn8SxbSDFn2VrZXIsIGFibGEgc2VuIGRlIHllLg==
tpaY,6re466as6rWsLi4uIOyduO2YlSwg7KCV66eQIOqzoOuniOybjH4g7J6Y65WMIOq8rOyYpSDslYjqs6Ag7J6Q7JW87KeALg==,QW5kIHVtbS4uLiB0aGFuayB5b3Ugc28gbXVjaCBmb3IgdGhlIGRvbGx+IEnigJltIGdvbm5hIGh1ZyBpdCB0aWdodCB3aGVuIEkgc2xlZXAu,,6L+Y5pyJLi4u5Lq65YG277yM55yf55qE6LCi6LCi5L2gfuedoeinieeahOaXtuWAmeimgee0p+e0p+aKseedgOedoeOAgg==,,4LmB4Lil4LmJ4Lin4LiB4LmHLi4uIOC4guC4reC4muC4hOC4uOC4k+C4quC4s+C4q+C4o+C4seC4muC4leC4uOC5iuC4geC4leC4suC4iOC4o+C4tOC4hyDguYYg4LiC4LmJ4Liy4LiI4Liw4LiB4Lit4LiU4Lih4Lix4LiZ4LiV4Lit4LiZ4LiZ4Lit4LiZ4LmB4LiZ4LmI4LiZIOC5hiDguYDguKXguKI=,,,WS4uLiBtdWNoYXMgZ3JhY2lhcyBwb3IgZWwgbXXDsWVjb34gRG9ybWlyw6kgYWJyYXrDoW5kb2xvIG11eSBmdWVydGUu,VW5kLi4uIHZpZWxlbiBEYW5rIGbDvHIgZGllIFB1cHBlfiBJY2ggd2VyZCBzaWUgYmVpbSBTY2hsYWZlbiBnYWFhbnogZmVzdCBpbSBBcm0gaGFsdGVuLg==,RXQgcHVpcy4uLiBtZXJjaSBwb3VyIGxhIHBvdXDDqWV+IEplIHZhaXMgZG9ybWlyIGVuIGxhIHNlcnJhbnQgZm9ydC4=,RGFuLi4uIGJvbmVrYW55YSwgdGVyaW1hIGthc2loIGJhbnlha34gTmFudGkgc2FhdCB0aWR1ciBha2FuIGt1cGVsdWsgZXJhdC1lcmF0Lg==,QmlyIGRlLi4uIGJlYmVrLCBnZXLDp2VrdGVuIHRlxZ9la2vDvHJsZXJ+IFV5dXJrZW4gc8SxbXPEsWvEsSBzYXLEsWzEsXAgdXl1eWFjYcSfxLFtLg==
t5aY,W+q8rOuniOyVhOydtF0K7JWXISDrqZTrmpzquLAg7J247ZiVIQrsmKTsnbTrpbwg7KKL7JWE7ZWc64uk64qUIOuhnOy7pOuEpH4g66mU65qc6riw64qUIOyLq+yngOunjCDsnbjtmJXsnYAg6reA7Jes7JuM7IScIOyii+yVhC4=,W0tpZF0KQWghIEEgUm9ja2VyIERvbGwhCkl04oCZcyBhIFJvY2tlciB0aGF0IGxpa2VzIGN1Y3VtYmVyc34gSSBkb27igJl0IGxpa2UgZ3Jhc3Nob3BwZXJzLCBidXQgdGhlIGRvbGwgaXMgY3V0ZSwgc28gSSBsaWtlIGl0Lg==,,W+Wwj+WtqV0K5ZWK77yB5pGH5rua6J2X6Jmr5aiD5aiD77yBCuaYr+mCo+S4quWWnOasoum7hOeTnOeahOaRh+a7muidl+iZq+WRon7omb3nhLborqjljozomrHonKLvvIzkvYbkurrlgbblvojlj6/niLHvvIzmiYDku6XllpzmrKLjgII=,,W0tpZF0K4Lit4LmK4LiwISBSb2NrZXIgRG9sbCEK4LmA4Lib4LmH4LiZIFJvY2tlciDguJfguLXguYjguKfguYjguLLguIrguK3guJrguYHguJXguIfguIHguKfguLLguJnguLXguYjguJnguLJ+IOC4guC5ieC4suC5hOC4oeC5iOC4iuC4reC4muC4leC4seC5iuC4geC5geC4leC4meC4q+C4o+C4reC4gSDguYHguJXguYjguJXguLjguYrguIHguJXguLLguJnguYjguLLguKPguLHguIEg4LiC4LmJ4Liy4LiB4LmH4LiK4Lit4Lia4LmA4Lir4Lih4Li34Lit4LiZ4LiB4Lix4LiZ,,,W0NoaWNvXQrCoUFoISDCoVVuIG11w7FlY28gZGUgc2FsdGFtb250ZXMhCkVzIHVuIFJvY2tlciBhbCBxdWUgbGUgZ3VzdGFuIGxvcyBwZXBpbm9zfiBObyBtZSBndXN0YW4gbG9zIHNhbHRhbW9udGVzLCBwZXJvIGVsIG11w7FlY28gZXMgbW9ubywgYXPDrSBxdWUgbWUgZ3VzdGEu,W0tpbmRdCkFoISBFaW5lIEhldXNjaHJlY2tlbnB1cHBlIQpEYXMgaXN0IGphIGVpbiBSb2NrZXIsIGRlciBHdXJrZW4gbWFnfiBIZXVzY2hyZWNrZW4gbWFnIGljaCB6d2FyIG5pY2h0LCBhYmVyIGFscyBQdXBwZSBpc3Qgc2llIHPDvMOfLg==,W0VuZmFudF0KQWggISBVbmUgcG91cMOpZSBzYXV0ZXJlbGxlICEKUm9ja2VyIGFpbWUgbGVzIGNvbmNvbWJyZXN+IErigJlhaW1lIHBhcyBsZXMgc2F1dGVyZWxsZXMsIG1haXMgbGEgcG91cMOpZSBlc3QgbWlnbm9ubmUu,W0tpZF0KQWghIFJvY2tlciBEb2xsIQpJbmkgUm9ja2VyIHlhbmcga2F0YW55YSBzdWthIG1lbnRpbXVufiBBa3UgdGlkYWsgc3VrYSBiZWxhbGFuZywgdGFwaSBib25la2FueWEgbHVjdSBqYWRpIGFrdSBzdWthLg==,W8OHb2N1a10KQWEhIMOHZWtpcmdlIGJlYmVrIQpTYWxhdGFsxLHEn8SxIHNldmRpxJ9pIHPDtnlsZW5lbiBSb2NrZXIgYnV+IMOHZWtpcmdlbGVyZGVuIGhvxZ9sYW5tYW0gYW1hIGJlYmVrIHNldmltbGkgb2xkdcSfdSBpw6dpbiBzZXZpeW9ydW0u
uJaY,7ISg66y8IOuwm+ycvOuLiOq5jCDsoovri6QuIOuCmOuRkCDsmKTruaDtlZzthYwg662U6rCAIOykhOq5jD8g7Zek7Ze3IQ==,R2V0dGluZyBhIHByZXNlbnQgbWFrZXMgbWUgaGFwcHkuIFNob3VsZCBJIGdpdmUgeW91IHNvbWV0aGluZyB0b28sIG1pc3Rlcj8gSGVoZX4=,,5pS25Yiw56S854mp55yf5byA5b+D44CC5oiR5Lmf6KaB57uZ5ZOl5ZOl54K55LuA5LmI5ZCX77yf5Zi/5Zi/77yB,,4LiC4LmJ4Liy4LiU4Li14LmD4LiIIOC5hOC4lOC5ieC4guC4reC4h+C4guC4p+C4seC4jSEg4LiC4LmJ4Liy4LiI4Liw4LmD4Lir4LmJ4Lit4Liw4LmE4Lij4LiV4Lit4Lia4LmB4LiX4LiZ4LiU4Li14LiZ4Liw,,,TWUgZ3VzdGEgcmVjaWJpciByZWdhbG9zLiDCv1RlIGRveSBhbGdvIHlvIHRhbWJpw6luLCBoZXJtYW5pdG8/IMKhSmUsIGplIQ==,RXMgaXN0IHNjaMO2biwgZWluIEdlc2NoZW5rIHp1IGJla29tbWVuLiBTb2xsIGljaCBkaXIgYXVjaCB3YXMgZ2ViZW4/IEhlaGUh,VW4gY2FkZWF1LCDDp2EgZmFpdCBwbGFpc2lyLiBK4oCZZW4gb2ZmcmlyYWlzIHVuIMOgIGdyYW5kIGZyw6hyZSA/IEjDqSBow6kgIQ==,U2VuYW5nIGRhcGF0IGhhZGlhaC4gQWt1IGp1Z2EgbWF1IGthc2loIHNlc3VhdHUga2UgS2FrYWs/IEhlaGUh,SGVkaXllIGFsxLFuY2EgZ8O8emVsIG9sdXlvci4gQmVuIGRlIGFiaSBpw6dpbiBiaXIgxZ9leSB2ZXJleWltIG1pPyBIZWhlIQ==
uZaY,7ISg66y8IOuwm+ycvOuLiOq5jCDsoovri6QuIOuCmOuRkCDslrjri4jtlZzthYwg662U6rCAIOykhOq5jD8g7Zek7Ze3IQ==,R2V0dGluZyBhIHByZXNlbnQgbWFrZXMgbWUgaGFwcHkuIFNob3VsZCBJIGdpdmUgeW91IHNvbWV0aGluZyB0b28sIG1pc3M/IEhlaGV+,,5pS25Yiw56S854mp55yf5byA5b+D44CC5oiR5Lmf6KaB57uZ5aeQ5aeQ54K55LuA5LmI5ZCX77yf5Zi/5Zi/77yB,,4LiC4LmJ4Liy4LiU4Li14LmD4LiIIOC5hOC4lOC5ieC4guC4reC4h+C4guC4p+C4seC4jSEg4LiC4LmJ4Liy4LiI4Liw4LmD4Lir4LmJ4Lit4Liw4LmE4Lij4LiV4Lit4Lia4LmB4LiX4LiZ4LiU4Li14LiZ4Liw,,,TWUgZ3VzdGEgcmVjaWJpciByZWdhbG9zLiDCv1RlIGRveSBhbGdvIHlvIHRhbWJpw6luLCBoZXJtYW5pdGE/IMKhSmUsIGplIQ==,RXMgaXN0IHNjaMO2biwgZWluIEdlc2NoZW5rIHp1IGJla29tbWVuLiBTb2xsIGljaCBkaXIgYXVjaCB3YXMgZ2ViZW4/IEhlaGUh,VW4gY2FkZWF1LCDDp2EgZmFpdCBwbGFpc2lyLiBK4oCZZW4gb2ZmcmlyYWlzIHVuIMOgIGdyYW5kZSBzxZN1ciA/IEjDqSBow6kgIQ==,U2VuYW5nIGRhcGF0IGhhZGlhaC4gQWt1IGp1Z2EgbWF1IGthc2loIHNlc3VhdHUga2UgS2FrYWs/IEhlaGUh,SGVkaXllIGFsxLFuY2EgZ8O8emVsIG9sdXlvci4gQmVuIGRlIGFibGEgacOnaW4gYmlyIMWfZXkgdmVyZXlpbSBtaT8gSGVoZSE=
upaY,7Jqw66asIO2VoOyVhOuyhOyngO2VnO2FjCDrsJvsnYDqsowg7J6I7J2E7YWQ642wLi4uIOyasOydkS4uLg==,SSB0aGluayBJIGdvdCBzb21ldGhpbmcgZnJvbSBteSBncmFuZHBhLi4uIHVtbS4uLg==,,5oiR5bqU6K+l5pyJ5LuO54i354i36YKj6YeM5pS25Yiw6L+H5LuA5LmILi4u5ZevLi4u,,4LiZ4LmI4Liy4LiI4Liw4Lih4Li14Lit4Liw4LmE4Lij4LiX4Li14LmI4LmE4LiU4LmJ4LiI4Liy4LiB4LiE4Li44LiT4Lib4Li54LmI4LiC4Lit4LiH4LmA4Lij4Liy4Lit4Lii4Li54LmILi4uIOC4reC4t+C4rS4uLg==,,,U2VndXJvIHF1ZSB0ZW5nbyBhbGdvIHF1ZSBtZSBkaW8gbWkgYWJ1ZWxvLi4uIE1tbS4uLg==,SWNoIGhhYiBkb2NoIG5vY2ggd2FzIHZvbiBPcGEgYmVrb21tZW4uLi4gVXVoLi4u,SmUgZG9pcyBhdm9pciB1biB0cnVjIHF1ZSBtb24gZ3JhbmQtcMOocmUgbeKAmWEgZG9ubsOpLi4uIEV1aC4uLg==,U2VwZXJ0aW55YSBhZGEgeWFuZyBwZXJuYWgga3V0ZXJpbWEgZGFyaSBrYWtla2t1Li4uIEhtbS4uLg==,RGVkZW1kZW4gYWxkxLHEn8SxbSBiaXIgxZ9leSBvbG1hbMSxLi4uIEjEscSxLi4u
u5aY,7Jes6riwISDtl6Ttl6R+IOyasOumrOynkeyXkCDsnbTqsbAg66eO7J20IOyeiOycvOuLiOq5jCDsmKTruaDtlZzthYwg7KSE6ruYLCDsoovsp4A/,SGVyZSEgSGVoZX4gV2UgaGF2ZSBsb3RzIG9mIHRoZXNlIGF0IGhvbWUsIHNvIEnigJlsbCBnaXZlIGl0IHRvIHlvdSwgbWlzdGVyLiBPa2F5Pw==,,5Zyo6L+Z6YeM77yB5Zi/5Zi/fuaIkeWutumHjOi/meS4quW+iOWkmu+8jOaJgOS7pemAgee7meWTpeWTpe+8jOWlveS4jeWlve+8nw==,,4LiZ4Li14LmIISDguJrguYnguLLguJnguILguYnguLLguKHguLXguK3guLHguJnguJnguLXguYnguYDguKLguK3guLAg4LiC4LmJ4Liy4LmD4Lir4LmJ4Lie4Li14LmI4Lil4Liw4LiB4Lix4LiZIOC4lOC4teC5hOC4q+C4oT8=,,,wqFBcXXDrSEgSmUsIGplfiBUZW5lbW9zIG11Y2hvcyBkZSBlc3RvcyBlbiBjYXNhLCBhc8OtIHF1ZSB0ZSBsbyBkYXLDqSwgaGVybWFuaXRvLiDCv1RlIGd1c3RhPw==,SGllciEgSGVoZX4gRGF2b24gaGFiZW4gd2lyIHp1IEhhdXNlIHZvbGwgdmllbCwgYWxzbyBnZWIgaWNo4oCZcyBkaXIuIENvb2wsIG9kZXI/,VGllbnMgISBIw6low6l+IE9uIGVuIGEgcGxlaW4gw6AgbGEgbWFpc29uLCBhbG9ycyBqZSB0ZSBsZSBkb25uZSwgZ3JhbmQgZnLDqHJlLiDDh2EgdGUgdmEgPw==,SW5pISBIZWhlfiBEaSBydW1haGt1IGluaSBiYW55YWssIGphZGkgYWthbiBrdWJlcmlrYW4ga2UgS2FrYWssIGJhZ3VzIGthbj8=,xLDFn3RlISBIZWhlfiBCaXppbSBldmRlIGJ1bmRhbiDDp29rIHZhciwgYWJpIHNhbmEgdmVyZWNlxJ9pbSwgb2x1ciBtdT8=
vJaY,7Jes6riwISDtl6Ttl6R+IOyasOumrOynkeyXkCDsnbTqsbAg66eO7J20IOyeiOycvOuLiOq5jCDslrjri4jtlZzthYwg7KSE6ruYLCDsoovsp4A/,SGVyZSEgSGVoZX4gV2UgaGF2ZSBsb3RzIG9mIHRoZXNlIGF0IGhvbWUsIHNvIEnigJlsbCBnaXZlIGl0IHRvIHlvdSwgbWlzcy4gT2theT8=,,5Zyo6L+Z6YeM77yB5Zi/5Zi/fuaIkeWutumHjOi/meS4quW+iOWkmu+8jOaJgOS7pemAgee7meWnkOWnkO+8jOWlveS4jeWlve+8nw==,,4LiZ4Li14LmIISDguJrguYnguLLguJnguILguYnguLLguKHguLXguK3guLHguJnguJnguLXguYnguYDguKLguK3guLAg4LiC4LmJ4Liy4LmD4Lir4LmJ4Lie4Li14LmI4Lil4Liw4LiB4Lix4LiZIOC4lOC4teC5hOC4q+C4oT8=,,,wqFBcXXDrSEgSmUsIGplfiBUZW5lbW9zIG11Y2hvcyBkZSBlc3RvcyBlbiBjYXNhLCBhc8OtIHF1ZSB0ZSBsbyBkYXLDqSwgaGVybWFuaXRhLiDCv1RlIGd1c3RhPw==,SGllciEgSGVoZX4gRGF2b24gaGFiZW4gd2lyIHp1IEhhdXNlIHZvbGwgdmllbCwgYWxzbyBnZWIgaWNo4oCZcyBkaXIuIENvb2wsIG9kZXI/,VGllbnMgISBIw6low6l+IE9uIGVuIGEgcGxlaW4gw6AgbGEgbWFpc29uLCBhbG9ycyBqZSB0ZSBsZSBkb25uZSwgZ3JhbmRlIHPFk3VyLiDDh2EgdGUgdmEgPw==,SW5pISBIZWhlfiBEaSBydW1haGt1IGluaSBiYW55YWssIGphZGkgYWthbiBrdWJlcmlrYW4ga2UgS2FrYWssIGJhZ3VzIGthbj8=,xLDFn3RlISBIZWhlfiBCaXppbSBldmRlIGJ1bmRhbiDDp29rIHZhciwgYWJsYSBzYW5hIHZlcmVjZcSfaW0sIG9sdXIgbXU/
vZaY,6re466as6rWsLi4uIOyduO2YlSwg7KCV66eQIOqzoOuniOybjH4g7JeQ7Zek7Ze3fiEg7KKL64ukLCDqt4Dsl6zsmrQg7J247ZiVLg==,QW5kIHVtbS4uLiB0aGFua3MgYSBsb3QgZm9yIHRoZSBkb2xsfiBFaGVoZX4gSXTigJlzIGN1dGUgYW5kIEkgbG92ZSBpdCE=,,6L+Y5pyJLi4u5Lq65YG277yM55yf55qE6LCi6LCi5L2gfuivtuWYv+WYv37vvIHlpb3lvIDlv4PvvIzlj6/niLHnmoTkurrlgbbjgII=,,4LmB4Lil4LmJ4Lin4LiB4LmHLi4uIOC4guC4reC4muC4hOC4uOC4k+C4quC4s+C4q+C4o+C4seC4muC4leC4uOC5iuC4geC4leC4suC4iOC4o+C4tOC4hyDguYYg4LiV4Li44LmK4LiB4LiV4Liy4Liq4Li44LiU4LiZ4LmI4Liy4Lij4Lix4LiBfiEg4LiU4Li14LiI4Lix4LiHIQ==,,,WS4uLiBtdWNoYXMgZ3JhY2lhcyBwb3IgZWwgbXXDsWVjb34gwqFKZSwgamV+ISBRdcOpIGJpZW4sIHVuIG11w7FlY28gdGFuIG1vbm8u,VW5kLi4uIGRhbmtlIGbDvHIgZGllIFB1cHBlfiBFaGVoZX4hIFdpZSBzY2jDtm4sIHNvIGVpbmUgc8O8w59lIFB1cHBlLg==,RXQgcHVpcy4uLiBNZXJjaSBiZWF1Y291cCBwb3VyIGxhIHBvdXDDqWV+IEVow6low6lofiEgU3VwZXIsIHVuZSBwb3Vww6llIG1pZ25vbm5lLg==,RGFuLi4uIGJvbmVrYW55YSwgdGVyaW1hIGthc2loIGJhbnlha34gRWhlaGV0fiEgU2VuYW5nLCBib25la2EgeWFuZyBsdWN1Lg==,QmlyIGRlLi4uIGJlYmVrLCBnZXLDp2VrdGVuIHRlxZ9la2vDvHJsZXJ+IEVoZWhlfiEgTmUgZ8O8emVsLCBzZXZpbWxpIGJpciBiZWJlay4=
vpaY,W+q8rOuniOyVhOydtF0K67KE7ISv7J2064ukfiDrsoTshK9+IOyasOyXkH4g64KcIOuyhOyEryDsi6vslrR+CuyXhOuniOqwgCDsmKTripjrj4Qg67KE7ISvIOuwmOywrCDrqLnsnLzrnqzri6gg66eQ7J207JW8fiDsl5Dsl6V+,W0tpZF0KSXTigJlzIGEgbXVzaHJvb21+IGEgbXVzaHJvb21+IGV3d34gSSBkb27igJl0IGxpa2UgbXVzaHJvb21zfgpNb20gdG9sZCBtZSB0byBlYXQgbXVzaHJvb20gc2lkZSBkaXNoZXMgYWdhaW4gdG9kYXl+IHdhYWFofg==,,W+Wwj+WtqV0K5piv6JiR6I+HfuiYkeiPh37lkZzor7Z+5oiR6K6o5Y6M6JiR6I+Hfgrlpojlpojor7Tku4rlpKnkuZ/opoHmiJHlkIPomJHoj4fphY3oj5zllaZ+5ZGc5ZGcfg==,,W0tpZF0K4LmA4Lir4LmH4LiUfiDguYDguKvguYfguJR+IOC4ruC4t+C4rX4g4LmE4Lih4LmI4LiK4Lit4Lia4LmA4Lir4LmH4LiUfgrguYHguKHguYjguJrguK3guIHguYPguKvguYnguIHguLTguJnguIHguLHguJrguILguYnguLLguKfguYDguKvguYfguJTguK3guLXguIHguYHguKXguYnguKfguKfguLHguJnguJnguLXguYl+IOC5geC4h34=,,,W0NoaWNvXQpFcyB1bmEgc2V0YX4gVW5hIHNldGF+IEJ1YWFhfiDCoU5vIG1lIGd1c3RhbiBsYXMgc2V0YXN+IQrCoU1hbcOhIG1lIGhhIGRpY2hvIHF1ZSBob3kgdGFtYmnDqW4gdGVuZ28gcXVlIGNvbWVyIHVuIHBsYXRvIGRlIHNldGFzfiEgQnVhYWF+,W0tpbmRdClBpbHplfiBQaWx6ZX4gVcOkaH4gSWNoIG1hZyBrZWluZSBQaWx6ZX4KTWFtYSBoYXQgZ2VzYWd0LCBpY2ggc29sbCBoZXV0ZSBzY2hvbiB3aWVkZXIgUGlsemJlaWxhZ2UgZXNzZW5+IMOEw6TDpMOkaH4=,W0VuZmFudF0KVW4gY2hhbXBpZ25vbn4gVW4gY2hhbXBpZ25vbn4gQmV1cmt+IErigJlhaW1lIHBhcyBsZXMgY2hhbXBpZ25vbnN+Ck1hbWFuIG3igJlhIGVuY29yZSBkaXQgZGUgbWFuZ2VyIGRlcyBjaGFtcGlnbm9ucyBhdWpvdXJk4oCZaHVpfiBPdWlufg==,W0tpZF0KSmFtdXJ+IGphbXVyfiB1ZWV+IGFrdSB0aWRhayBzdWthIGphbXVyfgpLYXRhbnlhIElidSBtZW55dXJ1aGt1IG1ha2FuIGxhdWsgamFtdXIgbGFnaSBoYXJpIGluaX4gZWVuZ34=,W8OHb2N1a10KTWFudGFyIGnFn3RlfiBNYW50YXJ+IEl5eX4gQmVuIG1hbnRhcmRhbiBuZWZyZXQgZWRlcmltfgpBbm5lbSBidWfDvG4gZGUgbWFudGFybMSxIHllbWVrIHllbWVtaSBzw7Z5bGVkaX4gQWFhfg==
v5aY,7ZWY7KeA66eMIOyduO2YleydgCDqt4Dsl6zsmrDri4jquYwg67Cb7J2E656YLCDrsoTshK/snYAg7JWI66i57J2E6rq87JW8fiEg7Zek7Ze3LiDqs6Drp4jsm4wsIOyYpOu5oC4K64KY65GQIOq3uOufvCDsmKTruaDtlZzthYwg7ISg66y87KSE656YIQ==,QnV0IHRoZSBkb2xsIGlzIGN1dGUsIHNvIEnigJlsbCB0YWtlIGl0ISBJIHdvbuKAmXQgZWF0IHRoZSBtdXNocm9vbSB0aG91Z2h+ISBIZWhlLiBUaGFua3MsIG1pc3Rlci4KVGhlbiBJ4oCZbGwgZ2l2ZSB5b3UgYSBwcmVzZW50IHRvbyE=,,5LiN6L+H5Lq65YG25b6I5Y+v54ix77yM5omA5Lul5oiR6KaB5pS25LiL77yM6JiR6I+H5oiR5omN5LiN5ZCDfiHlmL/lmL8u6LCi6LCi5L2g77yM5ZOl5ZOlLgrpgqPmiJHkuZ/opoHpgIHlk6Xlk6XnpLzniakh,,4LmB4LiV4LmI4LiV4Li44LmK4LiB4LiV4Liy4LiZ4LmI4Liy4Lij4Lix4LiBIOC4guC5ieC4suC4iOC4sOC4o+C4seC4muC5hOC4p+C5iSEg4LiC4Lit4Lia4LiE4Li44LiT4LiZ4Liw4Lie4Li14LmI4LiK4Liy4LiiIOC4h+C4seC5ieC4meC4guC5ieC4suC4iOC4sOC5g+C4q+C5ieC4guC4reC4h+C4guC4p+C4seC4jeC4leC4reC4muC5geC4l+C4mSE=,,,UGVybyBjb21vIGxhIG11w7FlY2EgZXMgbW9uYSwgbWUgbGEgcXVlZG8uIMKhTm8gdm95IGEgY29tZXIgc2V0YXN+ISBKZSwgamUuIEdyYWNpYXMsIGhlcm1hbml0by4KwqFFbnRvbmNlcyB5byB0YW1iacOpbiB0ZSBkYXLDqSB1biByZWdhbG8h,QWJlciBkaWUgUHVwcGUgaXN0IHPDvMOfLCBhbHNvIG5laG0gaWNoIHNpZSEgUGlsemUgZXNzIGljaCBhYmVyIG5pY2h0fiEgSGVoZS4gRGFua2UuCkRhbm4gd2lsbCBpY2ggZGlyIGF1Y2ggZWluIEdlc2NoZW5rIGdlYmVuIQ==,TWFpcyBsYSBwb3Vww6llIGVzdCB0cm9wIG1pZ25vbm5lLCBhbG9ycyBqZSBsYSBwcmVuZHMgISBMZXMgY2hhbXBpZ25vbnMsIGrigJllbiBtYW5nZXJhaSBwYXN+ISBIw6kgaMOpLiBNZXJjaSwgZ3JhbmQgZnLDqHJlLgpBbG9ycyBtb2kgYXVzc2ksIGplIHZhaXMgb2ZmcmlyIHVuIGNhZGVhdSDDoCBncmFuZCBmcsOocmUgIQ==,VGFwaSBrYXJlbmEgYm9uZWthbnlhIGx1Y3UsIGFrdSBtYXUgbWVuZXJpbWFueWEsIGphbXVybnlhIHRpZGFrIGFrYW4ga3VtYWthbn4hIEhlaGUuIFRlcmltYSBrYXNpaCwgS2FrLgpLYWxhdSBiZWdpdHUsIGFrdSBqdWdhIG1hdSBtZW1iZXJpIGhhZGlhaCB1bnR1ayBLYWsh,QW1hIG95dW5jYWsgYmViZWsgc2V2aW1saSwgbyB5w7x6ZGVuIGFsYWNhxJ/EsW0sIG1hbnRhciB5ZW1leWVjZcSfaW1+ISBIZWhlLiBUZcWfZWtrw7xybGVyLCBhYmkuCk8gemFtYW4gYmVuIGRlIGFiaXllIGhlZGl5ZSB2ZXJlY2XEn2ltIQ==
wJaY,7ZWY7KeA66eMIOyduO2YleydgCDqt4Dsl6zsmrDri4jquYwg67Cb7J2E656YLCDrsoTshK/snYAg7JWI66i57J2E6rq87JW8fiEg7Zek7Ze3LiDqs6Drp4jsm4wsIOyWuOuLiC4K64KY65GQIOq3uOufvCDslrjri4jtlZzthYwg7ISg66y87KSE656YIQ==,QnV0IHRoZSBkb2xsIGlzIGN1dGUsIHNvIEnigJlsbCB0YWtlIGl0ISBJIHdvbuKAmXQgZWF0IHRoZSBtdXNocm9vbSB0aG91Z2h+ISBIZWhlLiBUaGFua3MsIG1pc3MuClRoZW4gSeKAmWxsIGdpdmUgeW91IGEgcHJlc2VudCB0b28h,,5LiN6L+H5Lq65YG25b6I5Y+v54ix77yM5omA5Lul5oiR6KaB5pS25LiL77yM6JiR6I+H5oiR5omN5LiN5ZCDfiHlmL/lmL8u6LCi6LCi5L2g77yM5aeQ5aeQLgrpgqPmiJHkuZ/opoHpgIHlp5Dlp5DnpLzniakh,,4LmB4LiV4LmI4LiV4Li44LmK4LiB4LiV4Liy4LiZ4LmI4Liy4Lij4Lix4LiBIOC4guC5ieC4suC4iOC4sOC4o+C4seC4muC5hOC4p+C5iSEg4LiC4Lit4Lia4LiE4Li44LiT4LiZ4Liw4Lie4Li14LmI4Liq4Liy4LinIOC4h+C4seC5ieC4meC4guC5ieC4suC4iOC4sOC5g+C4q+C5ieC4guC4reC4h+C4guC4p+C4seC4jeC4leC4reC4muC5geC4l+C4mSE=,,,UGVybyBjb21vIGxhIG11w7FlY2EgZXMgbW9uYSwgbWUgbGEgcXVlZG8uIMKhTm8gdm95IGEgY29tZXIgc2V0YXN+ISBKZSwgamUuIEdyYWNpYXMsIGhlcm1hbml0YS4KwqFFbnRvbmNlcyB5byB0YW1iacOpbiB0ZSBkYXLDqSB1biByZWdhbG8h,QWJlciBkaWUgUHVwcGUgaXN0IHPDvMOfLCBhbHNvIG5laG0gaWNoIHNpZSEgUGlsemUgZXNzIGljaCBhYmVyIG5pY2h0fiEgSGVoZS4gRGFua2UuCkRhbm4gd2lsbCBpY2ggZGlyIGF1Y2ggZWluIEdlc2NoZW5rIGdlYmVuIQ==,TWFpcyBsYSBwb3Vww6llIGVzdCB0cm9wIG1pZ25vbm5lLCBhbG9ycyBqZSBsYSBwcmVuZHMgISBMZXMgY2hhbXBpZ25vbnMsIGrigJllbiBtYW5nZXJhaSBwYXN+ISBIw6kgaMOpLiBNZXJjaSwgZ3JhbmRlIHPFk3VyLgpBbG9ycyBtb2kgYXVzc2ksIGplIHZhaXMgb2ZmcmlyIHVuIGNhZGVhdSDDoCBncmFuZGUgc8WTdXIgIQ==,VGFwaSBrYXJlbmEgYm9uZWthbnlhIGx1Y3UsIGFrdSBtYXUgbWVuZXJpbWFueWEsIGphbXVybnlhIHRpZGFrIGFrYW4ga3VtYWthbn4hIEhlaGUuIFRlcmltYSBrYXNpaCwgS2FrLgpLYWxhdSBiZWdpdHUsIGFrdSBqdWdhIG1hdSBtZW1iZXJpIGhhZGlhaCB1bnR1ayBLYWsh,QW1hIG95dW5jYWsgYmViZWsgc2V2aW1saSwgbyB5w7x6ZGVuIGFsYWNhxJ/EsW0sIG1hbnRhciB5ZW1leWVjZcSfaW1+ISBIZWhlLiBUZcWfZWtrw7xybGVyLCBhYmxhLgpPIHphbWFuIGJlbiBkZSBhYmxheWEgaGVkaXllIHZlcmVjZcSfaW0h
wZaY,W+q8rOuniOyVhOydtF0K7Zek7ZekfiDsnbTqsbDrj4Qg7JeE66eI6rCAIOunjOuToOqxtOuNsCDsnbTqsbQg66eb7J6I7Ja0LiDrgpgg7L+g7YKk64+EIOyii+yVhO2VtC4=,W0tpZF0KSGVoZX4gTW9tIG1hZGUgdGhpcyBvbmUgdG9vLCBhbmQgdGhpcyBvbmXigJlzIHl1bW15LiBJIGxpa2UgQ29va2llcyE=,,W+Wwj+WtqV0K5Zi/5Zi/fui/meS4quS5n+aYr+WmiOWmiOWBmueahO+8jOS4jei/h+i/meS4quW+iOWlveWQg+OAguaIkeS5n+WWnOasoumlvOW5si4=,,W0tpZF0K4LiZ4Li14LmI4LiE4Li44LiB4LiB4Li14LmJ4LiC4Lit4LiH4LmB4Lih4LmIIOC4reC4seC4meC4meC4teC5ieC4reC4o+C5iOC4reC4ouC4meC4sCDguJ7guLXguYjguKXguK3guIfguIHguLTguJnguJTguLk=,,,W0NoaWNvXQpKZSwgamV+IEVzdG8gdGFtYmnDqW4gbG8gaGEgaGVjaG8gbWFtw6EsIHBlcm8gZXN0w6Egcmljby4gQSBtw60gdGFtYmnDqW4gbWUgZ3VzdGEgbGEgR2FsbGV0YSBWZXJkZS4=,W0tpbmRdCkhlaGV+IERhcyBoYXQgYXVjaCBNYW1hIGdlbWFjaHQsIGFiZXIgZGFzIGlzdCBsZWNrZXIuIEljaCBtYWcgYXVjaCBLZWtzZS4=,W0VuZmFudF0KSMOpaMOpfiDDh2EgYXVzc2ksIGPigJllc3QgbWFtYW4gcXVpIGzigJlhIGZhaXQuIEV0IMOnYSwgY+KAmWVzdCBib24gISBK4oCZYWltZSBhdXNzaSBsZXMgY29va2llcy4=,W0tpZF0KSGVoZX4gaW5pIGp1Z2EgYnVhdGFuIElidSwgdGFwaSB5YW5nIGluaSBlbmFrLiBBa3UganVnYSBzdWthIGt1ZS4=,W8OHb2N1a10KSGVoZX4gQnVudSBkYSBhbm5lbSB5YXB0xLEsIGFtYSBidSBsZXp6ZXRsaS4gS3VyYWJpeWV5aSBkZSBzZXZlcmltLg==
wpaY,7Jik67mg64+EIOyii+yVhO2VoOq6vOyVvC4g7ZWc67KIIOuoueyWtOu0kC4g7JeQ7Zek7Ze3fiE=,WW914oCZbGwgbGlrZSBpdCB0b28sIG1pc3Rlci4gVHJ5IG9uZX4gRWhlaGV+,,5ZOl5ZOl5Lmf5Lya5Zac5qyi55qE44CC5L2g5bCd5bCd55yL44CC6K+25Zi/5Zi/fiE=,,4Lie4Li14LmI4LiK4Liy4Lii4LiB4LmH4LiZ4LmI4Liy4LiI4Liw4LiK4Lit4LiaIOC4peC4reC4h+C4geC4tOC4meC4lOC4ueC4quC4tCDguK7guLTguK7guLR+IQ==,,,U2VndXJvIHF1ZSBhIHRpIHRhbWJpw6luIHRlIGd1c3RhLCBoZXJtYW5pdG8uIFBydcOpYmFsYS4gwqFKZSwgamUsIGplfiE=,RGFzIG1hZ3N0IGR1IGJlc3RpbW10IGF1Y2guIFByb2JpZXIgbWFsISBFaGVoZX4h,R3JhbmQgZnLDqHJlIHZhIGFpbWVyIGF1c3NpLiBHb8O7dGUgISBFaMOpaMOpfiE=,S2FrIGp1Z2EgcGFzdGkgc3VrYS4gQ29iYSBtYWthbi4gRWhlaGV+IQ==,QWJpIGRlIHNldmVjZWsuIEJpciBkZW5lLiBFaGVoZX4h
w5aY,7Ja464uI64+EIOyii+yVhO2VoOq6vOyVvC4g7ZWc67KIIOuoueyWtOu0kC4g7JeQ7Zek7Ze3fiE=,WW914oCZbGwgbGlrZSBpdCB0b28sIG1pc3MuIFRyeSBvbmV+IEVoZWhlfg==,,5aeQ5aeQ5Lmf5Lya5Zac5qyi55qE44CC5L2g5bCd5bCd55yL44CC6K+25Zi/5Zi/fiE=,,4Lie4Li14LmI4Liq4Liy4Lin4LiB4LmH4LiZ4LmI4Liy4LiI4Liw4LiK4Lit4LiaIOC4peC4reC4h+C4geC4tOC4meC4lOC4ueC4quC4tCDguK7guLTguK7guLR+IQ==,,,U2VndXJvIHF1ZSBhIHRpIHRhbWJpw6luIHRlIGd1c3RhLCBoZXJtYW5pdGEuIFBydcOpYmFsYS4gwqFKZSwgamUsIGplfiE=,RGFzIG1hZ3N0IGR1IGJlc3RpbW10IGF1Y2guIFByb2JpZXIgbWFsISBFaGVoZX4h,R3JhbmRlIHPFk3VyIHZhIGFpbWVyIGF1c3NpLiBHb8O7dGUgISBFaMOpaMOpfiE=,S2FrIGp1Z2EgcGFzdGkgc3VrYS4gQ29iYSBtYWthbi4gRWhlaGV+IQ==,QWJsYSBkYSBzZXZlY2VrLiBCaXIgZGVuZS4gRWhlaGV+IQ==
xJaY,W+q8rOuniOyVhOydtF0K7J247ZiVIOqzoOuniOybjH4g7J6YIOyVhOq7tOykhO2FjOyVvCE=,W0tpZF0KVGhhbmtzIGZvciB0aGUgZG9sbH4gSeKAmWxsIHRha2UgcmVhbGx5IGdvb2QgY2FyZSBvZiBpdCE=,,W+Wwj+WtqV0K6LCi6LCi5L2g55qE5Lq65YG2fuaIkeS8muWlveWlveePjeaDnOeahCE=,,W0tpZF0K4LiC4LmJ4Liy4LiC4Lit4Lia4LmD4LiI4Liq4Liz4Lir4Lij4Lix4Lia4LiV4Li44LmK4LiB4LiV4Liy4LiZ4LiwfiDguILguYnguLLguIjguLDguJTguLnguYHguKXguKHguLHguJnguK3guKLguYjguLLguIfguJTguLUh,,,W0NoaWNvXQrCoUdyYWNpYXMgcG9yIGxhIG11w7FlY2F+ISDCoUxhIGN1aWRhcsOpIG11eSBiaWVuIQ==,W0tpbmRdCkRhbmtlIGbDvHIgZGllIFB1cHBlfiBJY2ggd2VyZGUgZ3V0IGRhcmF1ZiBhdWZwYXNzZW4h,W0VuZmFudF0KTWVyY2kgcG91ciBsYSBwb3Vww6llfiBKZSB2YWlzIGVuIHByZW5kcmUgYmllbiBzb2luIQ==,W0tpZF0KVGVyaW1hIGthc2loIHVudHVrIGJvbmVrYW55YX4gYWthbiBrdWphZ2EgYmFpay1iYWlrIQ==,W8OHb2N1a10KT3l1bmNhayBiZWJlayBpw6dpbiB0ZcWfZWtrw7xybGVyfiBPbmEgaXlpIGJha2FjYcSfxLFtIQ==
xZaY,W+q8rOuniOyVhOydtF0K7Zek7JeQ7JeQ7JeRLCDrrLTshJzsmrQg7J247ZiV7J2064SkISDrrLTshJzsm4whIOustOyEnOybjCEK64KYIOydtOufsCDsnbjtmJXsnYAg7LKY7J2M67SQLi4uIOyasOydkSwg7J2065+wIOyduO2YleydtCDslrTrlJTshJwg64Kc6rGw7JW8PyDsnZE/,W0tpZF0KRWVlZWssIGl04oCZcyBhIHNjYXJ5IGRvbGwhIFNjYXJ5ISBTY2FhYXJ5IQpJ4oCZdmUgbmV2ZXIgc2VlbiBhIGRvbGwgbGlrZSB0aGlzIGJlZm9yZeKApiBXaGVyZSBkaWQgeW91IGV2ZW4gZ2V0IHNvbWV0aGluZyBsaWtlIHRoaXM/IEh1aD8=,,W+Wwj+WtqV0K5Zi/6K+26K+26K+277yM55yf5piv5Y+v5oCV55qE5Lq65YG2IeWlveWPr+aAlSHlpb3lj6/mgJUhCuaIkei/mOaYr+esrOS4gOasoeingeWIsOi/meenjeS6uuWBti4uLuWXr+WXr++8jOi/meenjeS6uuWBtuaYr+S7juWTqumHjOadpeeahD/ll68/,,W0tpZF0K4Lit4LmK4Liw4LmA4Lit4LmLLi4uIOC4leC4uOC5iuC4geC4leC4suC4meC5iOC4suC4geC4peC4seC4p+C4iOC4seC4hyEg4LiZ4LmI4Liy4LiB4Lil4Lix4LinISDguJnguYjguLLguIHguKXguLHguKchCuC4guC5ieC4suC5hOC4oeC5iOC5gOC4hOC4ouC5gOC4q+C5h+C4meC4leC4uOC5iuC4geC4leC4suC5geC4muC4muC4meC4teC5ieC4oeC4suC4geC5iOC4reC4meC5gOC4peC4oi4uLiDguK3guLfguYnguK0g4LmB4Lil4LmJ4Lin4LmA4LiI4LmJ4Liy4LmE4Lib4LmA4Lit4Liy4Lih4Liy4LiI4Liy4LiB4LmE4Lir4LiZ4LiB4Lix4LiZ4LiZ4LiwPyDguKvguLfguK0/,,,W0NoaWNvXQrCoUFhYWFoLCBxdcOpIG11w7FlY2EgdGFuIGF0ZXJyYWRvcmEhIMKhUXXDqSBtaWVkbyEgwqFRdcOpIG1pZWRvIQpOdW5jYSBoYWLDrWEgdmlzdG8gdW5hIG11w7FlY2EgYXPDrS4uLiBNbW0sIMK/ZGUgZMOzbmRlIGhhIHNhbGlkbyB1bmEgbXXDsWVjYSBhc8OtPyDCv0VoPw==,W0tpbmRdCkjDpMOkw6TDpGgsIHdhcyBmw7xyIGVpbmUgZ3J1c2VsaWdlIFB1cHBlISBHcnVzZWxpZyEgR3J1c2VsaWchClNvIGVpbmUgUHVwcGUgc2VoZSBpY2ggenVtIGVyc3RlbiBNYWwuLi4gSG0sIHdvaGVyIGtvbW10IGRlbm4gc28gZWluZSBQdXBwZT8gSG0/,W0VuZmFudF0KSGlpaWluLCBlbGxlIGZhaXQgcGV1ciwgY2V0dGUgcG91cMOpZSAhIErigJlhaSBwZXVyICEgSuKAmWFpIHBldXIgIQpK4oCZYWkgamFtYWlzIHZ1IHVuZSBwb3Vww6llIGNvbW1lIMOnYS4uLiBFdWgsIGVsbGUgdmllbnQgZOKAmW/DuSwgY2V0dGUgcG91cMOpZSA/IEhlaW4gPw==,W0tpZF0KSGVlZWVrLCBib25la2EgeWFuZyBtZW5ha3V0a2FuISBUYWt1dCEgVGFrdXQhCkFrdSBiYXJ1IHBlcnRhbWEga2FsaSBtZWxpaGF0IGJvbmVrYSBzZXBlcnRpIGluaS4uLiB1dW5nLCBib25la2Egc2VwZXJ0aSBpbmkgZGFyaSBtYW5hIGRhdGFuZ255YT8gSGFoPw==,W8OHb2N1a10KSGlpaWssIG5lIGtvcmt1bsOnIGJpciBveXVuY2FrIGJlYmVrISBLb3JrdXlvcnVtISBLb3JrdXlvcnVtIQpCw7Z5bGUgYmlyIG95dW5jYWsgYmViZcSfaSBpbGsga2V6IGfDtnLDvHlvcnVtLi4uIEjEsW1tLCBidSBveXVuY2FrIGJlYmVrIG5lcmVkZW4gw6fEsWt0xLE/IEhhPw==
xpaY,W+q8rOuniOyVhOydtF0K7LKY7J2M67O064qUIOyduO2YleydtOuLiOq5jCDslYTruaDtlZzthYzrj4Qg67O07Jes7KSY7JW87KeALCDtl6Ttl6R+ISDquZzsp50g64aA65287Iuk6rq87JW8Lg==,W0tpZF0KU2luY2UgSeKAmXZlIG5ldmVyIHNlZW4gaXQgYmVmb3JlLCBJIGdvdHRhIHNob3cgaXQgdG8gbXkgZGFkIHRvbyEgSGVoZX4gSGXigJlzIGdvbm5hIGJlIHNvb28gc3VycHJpc2VkLg==,,W+Wwj+WtqV0K5Zug5Li65piv56ys5LiA5qyh6KeB5Yiw55qE5Lq65YG277yM5Lmf6KaB57uZ54i454i455yL55yL77yM5Zi/5Zi/fiHku5bkvJrlkJPkuIDot7PnmoTjgII=,,W0tpZF0K4LmE4Lih4LmI4LmA4LiE4Lii4LmA4Lir4LmH4LiZ4Lih4Liy4LiB4LmI4Lit4LiZ4LmA4Lil4LiiIOC4leC5ieC4reC4h+C5gOC4reC4suC5hOC4m+C5g+C4q+C5ieC4reC4suC4geC4seC4muC4lOC4ueC4muC5ieC4suC4h+C5geC4peC5ieC4p+C4peC5iOC4sCDguYDguK7guLDguYDguK7guLB+ISDguJfguYjguLLguJnguJXguYnguK3guIfguJXguIHguYPguIjguYHguJnguYjguYDguKXguKI=,,,W0NoaWNvXQpDb21vIG51bmNhIGhhYsOtYSB2aXN0byB1bmEgbXXDsWVjYSBhc8OtLCB0ZW5nbyBxdWUgZW5zZcOxw6Fyc2VsYSB0YW1iacOpbiBhIHBhcMOhLiDCoUplLCBqZX4hIFNlIGxsZXZhcsOhIHVuYSBzb3JwcmVzYS4=,W0tpbmRdCkhlaGV+ISBTbyBlaW5lIFB1cHBlIGhhYiBpY2ggbm9jaCBuaWUgZ2VzZWhlbiwgZGllIG11c3MgaWNoIGF1Y2ggUGFwYSB6ZWlnZW4hIERlciB3aXJkIGJlc3RpbW10IHRvdGFsIHN0YXVuZW4u,W0VuZmFudF0KSmUgbOKAmWF2YWlzIGphbWFpcyB2dWUsIGNldHRlIHBvdXDDqWXigKYgRmF1dCBxdWUgamUgbGEgbW9udHJlIMOgIHBhcGEsIGjDqWjDqX4gISBJbCB2YSBzdXJzYXV0ZXIgIQ==,W0tpZF0KS2FyZW5hIGluaSBib25la2EgeWFuZyBiZWx1bSBwZXJuYWgga3VsaWhhdCwgaGFydXMga3V0dW5qdWtrYW4ganVnYSBwYWRhIEF5YWgsIGhlaGV+ISBBeWFoIHBhc3RpIGFrYW4gdGVya2VqdXQu,W8OHb2N1a10KxLBsayBrZXogZ8O2cmTDvMSfw7xtIGJpciBveXVuY2FrIGJlYmVrLCBvIHnDvHpkZW4gYmFiYW1hIGRhIGfDtnN0ZXJtZWxpeWltLCBoZWhlfiEgw4dvayDFn2HFn8SxcmFjYWsu
x5aY,7Jik67mg7ZWc7YWM64qUIOuCtOqwgCDsoovsnYDqsbAg7KSE6ruYLg==,SeKAmWxsIGdpdmUgc29tZXRoaW5nIG5pY2UgdG8geW91LCBtaXN0ZXIu,,5oiR5Lya57uZ5ZOl5ZOl5aW95Lic6KW/44CC,,4LiC4LmJ4Liy4LiI4Liw4LmD4Lir4LmJ4LiC4Lit4LiH4LiU4Li1IOC5hiDguIHguLHguJrguJ7guLXguYjguIrguLLguKLguJnguLA=,,,QSB0aSB0ZSBkYXLDqSBhbGdvIGJ1ZW5vLCBoZXJtYW5pdG8u,RGlyIGdlYiBpY2ggd2FzIFNjaMO2bmVzLg==,SmUgZG9ubmVyYWkgdW4gdHJ1YyBiaWVuIMOgIGdyYW5kIGZyw6hyZS4=,VW50dWsgS2FrLCBha3UgYWthbiBtZW1iZXJpIHlhbmcgYmFndXMu,QWJpeWUgYmVuIGfDvHplbCBiaXIgxZ9leSB2ZXJlY2XEn2ltLg==
yJaY,7Ja464uI7ZWc7YWM64qUIOuCtOqwgCDsoovsnYDqsbAg7KSE6ruYLg==,SeKAmWxsIGdpdmUgc29tZXRoaW5nIG5pY2UgdG8geW91LCBtaXNzLg==,,5oiR5Lya57uZ5aeQ5aeQ5aW95Lic6KW/44CC,,4LiC4LmJ4Liy4LiI4Liw4LmD4Lir4LmJ4LiC4Lit4LiH4LiU4Li1IOC5hiDguIHguLHguJrguJ7guLXguYjguKrguLLguKfguJnguLA=,,,QSB0aSB0ZSBkYXLDqSBhbGdvIGJ1ZW5vLCBoZXJtYW5pdGEu,RGlyIGdlYiBpY2ggd2FzIFNjaMO2bmVzLg==,SmUgZG9ubmVyYWkgdW4gdHJ1YyBiaWVuIMOgIGdyYW5kZSBzxZN1ci4=,VW50dWsgS2FrLCBha3UgYWthbiBtZW1iZXJpIHlhbmcgYmFndXMu,QWJsYXlhIGJlbiBnw7x6ZWwgYmlyIMWfZXkgdmVyZWNlxJ9pbS4=
yZaY,W+q8rOuniOyVhOydtF0K7JeE66eIIOuqsOuemCDsiLLsho3sl5Ag64aA65+s6rCU64uk6rCAIOywvuydgCDsl7Trp6TslbwuIOyDieq5lOydtCDsmIjru5DshJwg6rCA7KC47JmU7KeA66GxLg==,W0tpZF0KSSBmb3VuZCB0aGlzIGZydWl0IHdoZW4gSSBzbmVha2VkIGludG8gdGhlIGZvcmVzdCB3aXRob3V0IE1vbSBrbm93aW5nLiBUaGUgY29sb3Igd2FzIHNvIHByZXR0eSwgc28gSSBwaWNrZWQgaXR+,,W+Wwj+WtqV0K6L+Z5piv5oiR556S552A5aaI5aaI5Y675qOu5p6X6YeM546p5pe25om+5Yiw55qE5p6c5a2Q44CC5Zug5Li66aKc6Imy5b6I5ryC5Lqu5bCx5bim5Zue5p2l5LqG5ZWm44CC,,W0tpZF0K4LiZ4Li14LmI4LiE4Li34Lit4Lic4Lil4LmE4Lih4LmJ4LiX4Li14LmI4LiC4LmJ4Liy4LmB4Lit4Lia4LmE4Lib4LmA4Lil4LmI4LiZ4LmD4LiZ4Lib4LmI4Liy4Lih4Liy4LmB4Lil4LmJ4Lin4LmA4LiI4LitIOC4guC5ieC4suC5geC4reC4muC5gOC4reC4suC4oeC4suC5gOC4nuC4o+C4suC4sOC4quC4teC4oeC4seC4meC4quC4p+C4ouC4meC5iOC4sA==,,,W0NoaWNvXQpFcyB1bmEgZnJ1dGEgcXVlIGVuY29udHLDqSBjdWFuZG8gZnVpIGEganVnYXIgYWwgYm9zcXVlIGEgZXNjb25kaWRhcyBkZSBtYW3DoS4gTGEgdHJhamUgcG9ycXVlIHRpZW5lIHVuIGNvbG9yIGJvbml0by4=,W0tpbmRdCkRpZSBGcnVjaHQgaGFiIGljaCBnZWZ1bmRlbiwgYWxzIGljaCBoZWltbGljaCBpbSBXYWxkIHNwaWVsZW4gd2FyLCBvaG5lIGRhc3MgTWFtYSBlcyB3ZWnDny4gRGllIEZhcmJlIGlzdCBzbyBow7xic2NoLCBkZXNoYWxiIGhhYiBpY2ggc2llIG1pdGdlbm9tbWVuLg==,W0VuZmFudF0KSmUgbOKAmWFpIHRyb3V2w6kgZW4gYWxsYW50IGpvdWVyIGRhbnMgbGEgZm9yw6p0LCBlbiBjYWNoZXR0ZSBkZSBtYW1hbi4gSmUgbOKAmWFpIHJhbWVuw6kgcGFyY2UgcXXigJlpbCBlc3Qgam9saSwgbmEgIQ==,W0tpZF0KSW5pIGJ1YWggeWFuZyBrdXRlbXVrYW4gc2FhdCBkaWFtLWRpYW0gcGVyZ2kgYmVybWFpbiBrZSBkYWxhbSBodXRhbiB0YW5wYSBzZXBlbmdldGFodWFuIElidS4gS2FyZW5hIHdhcm5hbnlhIGNhbnRpaywgYWt1IG1lbWJhd2FueWEgcHVsYW5nLCBuaWgu,W8OHb2N1a10KQW5uZW1kZW4gZ2l6bGljZSBvcm1hbmRhIG95bmFtYXlhIGdpZGlwIGJ1bGR1xJ91bSBiaXIgbWV5dmUuIFJlbmdpIGfDvHplbCBkaXllIGdldGlyZGltIGnFn3RlLg==
ypaY,65GQ6rCc7KSE7YWM64uI6rmMLCDsl6zsnpDsuZzqtazrnpEg7ZWY64KY7JSpIOuCmOuIoOuoueyWtC4g7Zek7Ze3fiE=,SeKAmWxsIGdpdmUgeW91IHR3bywgc28gc2hhcmUgb25lIHdpdGggeW91ciBnaXJsZnJpZW5kLiBIZWhlfg==,,5oiR57uZ5L2g5Lik5Liq77yM5L2g5ZKM5aWz5pyL5Y+L5LiA5Lq65LiA5Liq5YiG552A5ZCD44CC5Zi/5Zi/fiE=,,4LiC4LmJ4Liy4LmD4Lir4LmJ4Liq4Lit4LiH4Lit4Lix4LiZ4LiZ4LiwIOC5geC4muC5iOC4h+C4geC4tOC4meC4geC4seC4muC4hOC4meC4o+C4seC4geC4guC4reC4h+C5gOC4iOC5ieC4suC5gOC4reC4suC5gOC4reC4h+C4peC5iOC4sCDguYDguK7guLDguYDguK7guLB+IQ==,,,VGUgZGFyw6kgZG9zIHBhcmEgcXVlIHTDuiB5IHR1IG5vdmlhIG9zIGNvbcOhaXMgdW5hIGNhZGEgdW5vLiDCoUplLCBqZX4h,SWNoIGdlYiBkaXIgendlaSwgYWxzbyB0ZWlsIHNpZSBtaXQgZGVpbmVyIEZyZXVuZGluIHVuZCBlc3N0IGplIGVpbmUuIEhlaGV+IQ==,SmUgdCdlbiBkb25uZSBkZXV4LCBhbG9ycyBwYXJ0YWdlLWVuIHVuIGF2ZWMgdGEgcGV0aXRlIGFtaWUuIEjDqSBow6l+IQ==,QWthbiBrdWJlcmkgZHVhLCBqYWRpIGJhZ2lsYWggc2F0dS1zYXR1IGRlbmdhbiBwYWNhcm11LiBIZWhlfiE=,xLBraSB0YW5lIHZlcmVjZcSfaW0sIGvEsXogYXJrYWRhxZ/EsW5sYSBiaXJlciB0YW5lIHBheWxhxZ9hcmFrIHllLiBIZWhlfiE=
y5aY,65GQ6rCc7KSE7YWM64uI6rmMLCDrgqjsnpDsuZzqtazrnpEg7ZWY64KY7JSpIOuCmOuIoOuoueyWtC4g7Zek7Ze3fiE=,SeKAmWxsIGdpdmUgeW91IHR3bywgc28gc2hhcmUgb25lIHdpdGggeW91ciBib3lmcmllbmQuIEhlaGV+,,5oiR57uZ5L2g5Lik5Liq77yM5L2g5ZKM55S35pyL5Y+L5LiA5Lq65LiA5Liq5YiG552A5ZCD44CC5Zi/5Zi/fiE=,,4LiC4LmJ4Liy4LmD4Lir4LmJ4Liq4Lit4LiH4Lit4Lix4LiZ4LiZ4LiwIOC5geC4muC5iOC4h+C4geC4tOC4meC4geC4seC4muC4hOC4meC4o+C4seC4geC4guC4reC4h+C5gOC4iOC5ieC4suC5gOC4reC4suC5gOC4reC4h+C4peC5iOC4sCDguYDguK7guLDguYDguK7guLB+IQ==,,,VGUgZGFyw6kgZG9zIHBhcmEgcXVlIHTDuiB5IHR1IG5vdmlvIG9zIGNvbcOhaXMgdW5hIGNhZGEgdW5vLiDCoUplLCBqZX4h,SWNoIGdlYiBkaXIgendlaSwgYWxzbyB0ZWlsIHNpZSBtaXQgZGVpbmVtIEZyZXVuZCB1bmQgZXNzdCBqZSBlaW5lLiBIZWhlfiE=,SmUgdCdlbiBkb25uZSBkZXV4LCBhbG9ycyBwYXJ0YWdlLWVuIHVuIGF2ZWMgdG9uIHBldGl0IGFtaS4gSMOpIGjDqX4h,QWthbiBrdWJlcmkgZHVhLCBqYWRpIGJhZ2lsYWggc2F0dS1zYXR1IGRlbmdhbiBwYWNhcm11LiBIZWhlfiE=,xLBraSB0YW5lIHZlcmVjZcSfaW0sIGVya2VrIGFya2FkYcWfxLFubGEgYmlyZXIgdGFuZSBwYXlsYcWfYXJhayB5ZS4gSGVoZX4h
zJaY,W+q8rOuniOyVhOydtF0K7Zek7JeQLCDsgrDslpEg7J247ZiV7J207JW8PyDrgpgg7J2065+wIOyduO2YleydgCDsspjsnYzrtJAuCuq3uOufsOuNsCDssLgg7J207IOB7ZWY6rKMIOyDneqyvOuLpC4g6reA7Je96riw64+EIO2VmOqzoCDrrZTqsIAg66y07ISc7JuMLg==,W0tpZF0KSHVofiBJcyB0aGlzIGEgbW91bnRhaW4gZ29hdCBkb2xsPyBJ4oCZdmUgbmV2ZXIgc2VlbiBvbmUgbGlrZSB0aGlzIGJlZm9yZS4KSXQgbG9va3Mga2luZGEgd2VpcmTigKYgYnV0IGFsc28ga2luZGEgY3V0ZeKApiBhbmQgYSBsaXR0bGUgc2NhcnkgdG9vLg==,,W+Wwj+WtqV0K5Zi/6K+277yM5piv5bGx576K5Lq65YG25ZCXP+aIkei/mOaYr+esrOS4gOasoeingeWIsOi/meenjeS6uuWBtuOAggrkuI3ov4fplb/lvpfnnJ/lpYfmgKrjgILml6Llj6/niLHlj4jmnInngrnlkJPkurrjgII=,,W0tpZF0K4LmA4Liu4LiwIOC4leC4uOC5iuC4geC4leC4suC5geC4nuC4sOC4oOC4ueC5gOC4guC4suC4h+C4seC5ieC4meC5gOC4q+C4o+C4rT8g4LiC4LmJ4Liy4LmE4Lih4LmI4LmA4LiE4Lii4LmA4Lir4LmH4LiZ4LmA4Lil4LiiCuC5geC4leC5iOC4oeC4seC4meC4lOC4ueC5geC4m+C4peC4geC4lOC4teC4meC4sCDguJfguLHguYnguIfguJnguYjguLLguKPguLHguIHguYHguKXguYnguKfguIHguYfguJnguYjguLLguIHguKXguLHguKfguJnguLTguJQg4LmGIOC4lOC5ieC4p+C4og==,,,W0NoaWNvXQrCv0VoLCBlcyB1bmEgbXXDsWVjYSBkZSBjYWJyYSBtb250w6lzPyBOdW5jYSBoYWLDrWEgdmlzdG8gdW5hIG11w7FlY2EgYXPDrS4KUGVybyB0aWVuZSB1biBhc3BlY3RvIG11eSByYXJvLiBFcyBtb25hLCBwZXJvIHRhbWJpw6luIGRhIHVuIHBvY28gZGUgbWllZG8u,W0tpbmRdCkjDpCwgZWluZSBCZXJnemllZ2VuLVB1cHBlPyBTbyBlaW5lIFB1cHBlIHNlaGUgaWNoIHp1bSBlcnN0ZW4gTWFsLgpBYmVyIHNpZSBzaWVodCBlY2h0IHNlbHRzYW0gYXVzLiBJcmdlbmR3aWUgbmllZGxpY2gsIGFiZXIgYXVjaCBlaW4gYmlzc2NoZW4gZ3J1c2VsaWcu,W0VuZmFudF0KSMOpaMOpLCB1bmUgcG91cMOpZSBkZSBjaMOodnJlIGRlIG1vbnRhZ25lID8gSuKAmWFpIGphbWFpcyB2dSDDp2EuCkVsbGUgYSB1bmUgZHLDtGxlIGRlIHTDqnRl4oCmIEPigJllc3QgbWlnbm9uLCBtYWlzIMOnYSBmYWl0IHVuIHBldSBwZXVyIGF1c3NpLg==,W0tpZF0KSGVlLCBpbmkgQmFwaG9tZXQgRG9sbD8gQWt1IGJhcnUgcGVydGFtYSBrYWxpIG1lbGloYXQgYm9uZWthIHNlcGVydGkgaW5pLgpUYXBpIGJlbnR1a255YSBiZW5hci1iZW5hciBhbmVoLiBMdWN1IGp1Z2EsIHRhcGkgZW50YWgga2VuYXBhIG1lbmFrdXRrYW4u,W8OHb2N1a10KSGVlLCBidSBiaXIgZGHEnyBrZcOnaXNpIG95dW5jYcSfxLEgbcSxPyBCw7Z5bGUgYmlyIG95dW5jYWsgYmViZcSfaSBpbGsga2V6IGfDtnLDvHlvcnVtLgpBbWEgw6dvayB0dWhhZiBnw7Zyw7xuw7x5b3IuIEhlbSBzZXZpbWxpLCBoZW0gZGUgYmlyYXoga29ya3V0dWN1Lg==
zZaY,7JiI7IGcIOyduO2YleydhCDrsJvslZjsnLzri4jquYwg7Jik67mg7ZWc7YWM64+EIOutlOqwgCDso7zqs6Ag7Iu27Ja0Lg==,U2luY2UgeW91IGdhdmUgbWUgc3VjaCBhIHByZXR0eSBkb2xsLCBJIHdhbm5hIGdpdmUgeW91IHNvbWV0aGluZyB0b28sIG1pc3Rlci4=,,5pS25Yiw6L+Z5LmI5ryC5Lqu55qE5aiD5aiD77yM5oiR5Lmf5oOz57uZ5ZOl5ZOl54K55LuA5LmI44CC,,4LmE4LiU4LmJ4LiV4Li44LmK4LiB4LiV4Liy4Liq4Lin4LiiIOC5hiDguKHguLIg4LiC4LmJ4Liy4LiB4LmH4Lit4Lii4Liy4LiB4LmD4Lir4LmJ4Lit4Liw4LmE4Lij4LiB4Lix4Lia4Lie4Li14LmI4LiK4Liy4Lii4LmA4Lir4Lih4Li34Lit4LiZ4LiB4Lix4LiZ,,,Q29tbyBoZSByZWNpYmlkbyB1bmEgbXXDsWVjYSBib25pdGEsIHlvIHRhbWJpw6luIHF1aWVybyBkYXJ0ZSBhbGdvLCBoZXJtYW5pdG8u,SWNoIGhhYiDigJluZSBow7xic2NoZSBQdXBwZSBiZWtvbW1lbiwgYWxzbyB3aWxsIGljaCBkaXIgYXVjaCB3YXMgZ2ViZW4u,SidhaSByZcOndSB1bmUgam9saWUgcG91cMOpZSwgYWxvcnMgamUgdmV1eCBhdXNzaSBkb25uZXIgcXVlbHF1ZSBjaG9zZSDDoCBncmFuZCBmcsOocmUu,S2FyZW5hIHN1ZGFoIG1lbmVyaW1hIGJvbmVrYSB5YW5nIGNhbnRpaywgYWt1IGp1Z2EgaW5naW4gbWVtYmVyaSBzZXN1YXR1IGtlcGFkYSBrYWthay4=,R8O8emVsIGJpciBveXVuY2FrIGJlYmVrIGFsZMSxbSwgbyB5w7x6ZGVuIGFiaXllIGRlIGJpciDFn2V5IHZlcm1layBpc3RpeW9ydW0u
zpaY,7JiI7IGcIOyduO2YleydhCDrsJvslZjsnLzri4jquYwg7Ja464uI7ZWc7YWM64+EIOutlOqwgCDso7zqs6Ag7Iu27Ja0Lg==,U2luY2UgeW91IGdhdmUgbWUgc3VjaCBhIHByZXR0eSBkb2xsLCBJIHdhbm5hIGdpdmUgeW91IHNvbWV0aGluZyB0b28sIG1pc3Mu,,5pS25Yiw6L+Z5LmI5ryC5Lqu55qE5aiD5aiD77yM5oiR5Lmf5oOz57uZ5aeQ5aeQ54K55LuA5LmI44CC,,4LmE4LiU4LmJ4LiV4Li44LmK4LiB4LiV4Liy4Liq4Lin4LiiIOC5hiDguKHguLIg4LiC4LmJ4Liy4LiB4LmH4Lit4Lii4Liy4LiB4LmD4Lir4LmJ4Lit4Liw4LmE4Lij4LiB4Lix4Lia4Lie4Li14LmI4Liq4Liy4Lin4LmA4Lir4Lih4Li34Lit4LiZ4LiB4Lix4LiZ,,,Q29tbyBoZSByZWNpYmlkbyB1bmEgbXXDsWVjYSBib25pdGEsIHlvIHRhbWJpw6luIHF1aWVybyBkYXJ0ZSBhbGdvLCBoZXJtYW5pdGEu,SWNoIGhhYiDigJluZSBow7xic2NoZSBQdXBwZSBiZWtvbW1lbiwgYWxzbyB3aWxsIGljaCBkaXIgYXVjaCB3YXMgZ2ViZW4u,SidhaSByZcOndSB1bmUgam9saWUgcG91cMOpZSwgYWxvcnMgamUgdmV1eCBhdXNzaSBkb25uZXIgcXVlbHF1ZSBjaG9zZSDDoCBncmFuZGUgc8WTdXIu,S2FyZW5hIHN1ZGFoIG1lbmVyaW1hIGJvbmVrYSB5YW5nIGNhbnRpaywgYWt1IGp1Z2EgaW5naW4gbWVtYmVyaSBzZXN1YXR1IGtlcGFkYSBrYWthay4=,R8O8emVsIGJpciBveXVuY2FrIGJlYmVrIGFsZMSxbSwgbyB5w7x6ZGVuIGFibGF5YSBkYSBiaXIgxZ9leSB2ZXJtZWsgaXN0aXlvcnVtLg==
z5aY,W+q8rOuniOyVhOydtF0K7J206rG0IOuCtOqwgCDrp47snbQg7JWE7ZSMIOuVjCDslYTruaDqsIAg7KSAIOyVveydtOyVvC4=,W0tpZF0KVGhpcyBpcyBtZWRpY2luZSBteSBkYWQgZ2F2ZSBtZSB3aGVuIEkgd2FzIHJlYWxseSBzaWNrLg==,,W+Wwj+WtqV0K6L+Z5piv5oiR55eF5b6X5b6I5Y6J5a6z55qE5pe25YCZ77yM54i454i457uZ5oiR55qE6I2v44CC,,W0tpZF0K4LiZ4Li14LmI4LiE4Li34Lit4Lii4Liy4LiX4Li14LmI4Lit4Liy4LiB4Lix4Lia4LmD4Lir4LmJ4LiC4LmJ4Liy4LiV4Lit4LiZ4LiX4Li14LmI4LiC4LmJ4Liy4Lib4LmI4Lin4Lii4Lir4LiZ4Lix4LiB,,,W0NoaWNvXQpFc3RhIGVzIGxhIG1lZGljaW5hIHF1ZSBtZSBkaW8gcGFww6EgY3VhbmRvIGVzdGFiYSBtdXkgbWFsLg==,W0tpbmRdCkRhcyBpc3QgTWVkaXppbiwgZGllIFBhcGEgbWlyIGdlZ2ViZW4gaGF0LCBhbHMgaWNoIGdhbnogZG9sbCBrcmFuayB3YXIu,W0VuZmFudF0KQydlc3QgdW4gbcOpZGljYW1lbnQgcXVlIHBhcGEgbSdhIGRvbm7DqSBxdWFuZCBqJ8OpdGFpcyB0csOocyBtYWxhZGUu,W0tpZF0KSW5pIG9iYXQgeWFuZyBBeWFoIGJlcmlrYW4gc2FhdCBha3Ugc2FraXQgcGFyYWgu,W8OHb2N1a10KQnUsIMOnb2sgaGFzdGEgb2xkdcSfdW1kYSBiYWJhbcSxbiB2ZXJkacSfaSBpbGHDpy4=
0JaY,64KcIOydtOygnCDslYjslYTtlITri4gg7Jik67mg6rCAIO2VhOyalO2VmOuptCDrqLnslrQuIOyXkO2XpO2Xt34=,SeKAmW0gYWxsIGJldHRlciBub3csIHNvIHRha2UgaXQgaWYgeW91IG5lZWQgaXQsIG1pc3Rlci4gRWhlaGV+,,5oiR546w5Zyo5LiN55a85LqG77yM5ZOl5ZOl6KaB5piv6ZyA6KaB5bCx5ZCD5ZCn44CC6K+25Zi/5Zi/fg==,,4LiV4Lit4LiZ4LiZ4Li14LmJ4LiC4LmJ4Liy4LmE4Lih4LmI4Lib4LmI4Lin4Lii4LmB4Lil4LmJ4LinIOC4luC5ieC4suC4nuC4teC5iOC4iuC4suC4ouC4iOC4s+C5gOC4m+C5h+C4meC4geC5h+C5gOC4reC4suC5hOC4m+C5g+C4iuC5ieC5gOC4luC4reC4sCDguYDguK3guYDguK7guLDguYDguK7guLB+,,,WWEgbm8gbWUgZHVlbGUgbmFkYSwgYXPDrSBxdWUgc2kgbGEgbmVjZXNpdGFzLCB0w7NtYWxhLCBoZXJtYW5pdG8uIEplLCBqZSwgamV+,SmV0enQgYmluIGljaCBuaWNodCBtZWhyIGtyYW5rLCBhbHNvIG5pbW0gc2llLCB3ZW5uIGR1IHNpZSBicmF1Y2hzdC4gRWhlaGV+,SmUgc3VpcyBwbHVzIG1hbGFkZSwgYWxvcnMgc2kgZ3JhbmQgZnLDqHJlIGVuIGEgYmVzb2luLCBxdeKAmWlsIGxlIHByZW5uZS4gRWjDqWjDqX4=,QWt1IHN1ZGFoIHRpZGFrIHNha2l0IGxhZ2ksIGphZGkga2FsYXUga2FrYWsgbWVtYnV0dWhrYW5ueWEsIG1ha2FubGFoLiBFaGVoZX4=,QXJ0xLFrIGhhc3RhIGRlxJ9pbGltLCBhYmkgZ2VyZWtpcnNlIHllLiBFaGVoZX4=
0ZaY,64KcIOydtOygnCDslYjslYTtlITri4gg7Ja464uI6rCAIO2VhOyalO2VmOuptCDrqLnslrQuIOyXkO2XpO2Xt34=,SeKAmW0gYWxsIGJldHRlciBub3csIHNvIHRha2UgaXQgaWYgeW91IG5lZWQgaXQsIG1pc3MuIEVoZWhlfg==,,5oiR546w5Zyo5LiN55a85LqG77yM5aeQ5aeQ6KaB5piv6ZyA6KaB5bCx5ZCD5ZCn44CC6K+25Zi/5Zi/fg==,,4LiV4Lit4LiZ4LiZ4Li14LmJ4LiC4LmJ4Liy4LmE4Lih4LmI4Lib4LmI4Lin4Lii4LmB4Lil4LmJ4LinIOC4luC5ieC4suC4nuC4teC5iOC4quC4suC4p+C4iOC4s+C5gOC4m+C5h+C4meC4geC5h+C5gOC4reC4suC5hOC4m+C5g+C4iuC5ieC5gOC4luC4reC4sCDguYDguK3guYDguK7guLDguYDguK7guLB+,,,WWEgbm8gbWUgZHVlbGUgbmFkYSwgYXPDrSBxdWUgc2kgbGEgbmVjZXNpdGFzLCB0w7NtYWxhLCBoZXJtYW5pdGEuIEplLCBqZSwgamV+,SmV0enQgYmluIGljaCB3aWVkZXIgZ2VzdW5kLCBhbHNvIG5pbW0gc2llLCB3ZW5uIGR1IHNpZSBicmF1Y2hzdC4gRWhlaGV+,SmUgc3VpcyBwbHVzIG1hbGFkZSwgYWxvcnMgc2kgZ3JhbmRlIHPFk3VyIGVuIGEgYmVzb2luLCBxdeKAmWVsbGUgbGUgcHJlbm5lLiBFaMOpaMOpfg==,QWt1IHN1ZGFoIHRpZGFrIHNha2l0IGxhZ2ksIGphZGkga2FsYXUga2FrYWsgbWVtYnV0dWhrYW5ueWEsIG1ha2FubGFoLiBFaGVoZX4=,QXJ0xLFrIGhhc3RhIGRlxJ9pbGltLCBhYmxhIGdlcmVraXJzZSB5ZS4gRWhlaGV+
0paY,W+q8rOuniOyVhOydtF0K7Zek7Ze3fiDsnbjtmJUg6rOg66eI7JuMLiDsnoPslrTrsoTrpqzsp4Ag7JWK7J2E6ruYLg==,W0tpZF0KSGVoZX4gVGhhbmtzIGZvciB0aGUgZG9sbC4gSSB3b27igJl0IGxvc2UgaXQh,,W+Wwj+WtqV0K5Zi/5Zi/fuiwouiwouS9oOmAgeeahOWog+Wog+OAguaIkeS4jeS8muW8hOS4oueahOOAgg==,,W0tpZF0K4LmA4Liu4Liw4LmA4Liu4LiwfiDguILguK3guJrguYPguIjguKrguLPguKvguKPguLHguJrguJXguLjguYrguIHguJXguLLguJnguLAg4LiC4LmJ4Liy4LiI4Liw4LmE4Lih4LmI4LiX4Liz4Lir4Liy4Lii4LmA4LiU4LmH4LiU4LiC4Liy4LiU,,,W0NoaWNvXQpKZSwgamV+IEdyYWNpYXMgcG9yIGxhIG11w7FlY2EuIE5vIGxhIHBlcmRlcsOpLg==,W0tpbmRdCkhlaGV+IERhbmtlIGbDvHIgZGllIFB1cHBlLiBJY2ggd2VyZGUgc2llIG5pY2h0IHZlcmxpZXJlbi4=,W0VuZmFudF0KSMOpaMOpfiBNZXJjaSBwb3VyIGxhIHBvdXDDqWUuIEplIG5lIGxhIHBlcmRyYWkgcGFzLg==,W0tpZF0KSGVoZX4gVGVyaW1hIGthc2loIHVudHVrIGJvbmVrYW55YS4gQWt1IHRpZGFrIGFrYW4ga2VoaWxhbmdhbm55YS4=,W8OHb2N1a10KSGVoZX4gQmViZWsgacOnaW4gdGXFn2Vra8O8cmxlci4gS2F5YmV0bWV5ZWNlxJ9pbS4=
05aY,W+q8rOuniOyVhOydtF0K7Zek7Ze3LCDrhIjqtazrpqwg7J247ZiV7J2064SkLiDqt4Dsl73ri6R+IOygleunkCDqt4Dsl6zsm4wuCuyKpOuqqO2CpOuKlCDsi6vsnYDrjbAg7J247ZiV7J2AIOygleunkCDsoJXrp5Ag6reA7Jes7JuMIQ==,W0tpZF0KSGVoZX4gSXTigJlzIGEgcmFjY29vbiBkb2xsLiBTbyBjdXRlfiBSZWFsbHksIHJlYWxseSBjdXRlLgpJIGRvbuKAmXQgbGlrZSBTbW9raWUsIGJ1dCB0aGUgZG9sbCBpcyBzdXBlciwgc3VwZXIgY3V0ZSE=,,W+Wwj+WtqV0K5Zi/5Zi/77yM5piv54u454yr5aiD5aiD5ZGi44CC5aW95Y+v54ixfuecn+eahOWlveWPr+eIseOAggrmiJHorqjljozni7jnjKvvvIzkvYblqIPlqIPnnJ/nmoTnnJ/nmoTlpb3lj6/niLHvvIE=,,W0tpZF0K4LmA4Liu4Liw4LmA4Liu4LiwIOC4leC4uOC5iuC4geC4leC4suC5geC4o+C4hOC4hOC4ueC4meC4quC4tOC4meC4sCDguJnguYjguLLguKPguLHguIHguIjguLHguId+IOC4meC5iOC4suC4o+C4seC4geC4oeC4suC4geC4iOC4o+C4tOC4hyDguYYK4LiW4Li24LiH4LiC4LmJ4Liy4LiI4Liw4LmE4Lih4LmI4LiK4Lit4Lia4Lie4Lin4LiB4LiV4Liy4LiU4Liz4LmGIOC5geC4leC5iOC4leC4uOC5iuC4geC4leC4suC4meC4teC5iOC4meC5iOC4suC4o+C4seC4geC4oeC4suC4geC5gOC4peC4oiE=,,,W0NoaWNvXQpKZSwgamUuIEVzIHVuIG11w7FlY28gZGUgbWFwYWNoZS4gwqFRdcOpIG1vbm9+ISBFcyBtb27DrXNpbW8uCk5vIG1lIGd1c3RhIFNtb2tpZSwgcGVybyBlbCBtdcOxZWNvIGVzIG11eSwgbXV5IG1vbm8u,W0tpbmRdCkhlaGUsIGVpbmUgV2FzY2hiw6RyLVB1cHBlLiBOaWVkbGljaH4gV2lya2xpY2ggbmllZGxpY2guClNtb2tpZSBtYWcgaWNoIG5pY2h0LCBhYmVyIGRpZSBQdXBwZSBpc3Qgd2lya2xpY2gsIHdpcmtsaWNoIG5pZWRsaWNoIQ==,W0VuZmFudF0KSMOpaMOpLCBjJ2VzdCB1bmUgcG91cMOpZSBkZSByYXRvbiBsYXZldXIuIEVsbGUgZXN0IG1pZ25vbm5lfiBWcmFpbWVudCBtaWdub25uZS4KSmUgbidhaW1lIHBhcyBTbW9raWUsIG1haXMgbGEgcG91cMOpZSBlc3QgdnJhaW1lbnQgdnJhaW1lbnQgbWlnbm9ubmUh,W0tpZF0KSGVoZXQsIFJhY29vbiBEb2xsIHlhLiBJbXV0fiBCZW5hci1iZW5hciBpbXV0LgpBa3UgdGlkYWsgc3VrYSBTbW9raWUsIHRhcGkgYm9uZWthbnlhIGJlbmFyLWJlbmFyIGJlbmFyLWJlbmFyIGltdXQh,W8OHb2N1a10KSGVoZSwgYnUgYmlyIHJha3VuIGJlYmXEn2kuIE5lIGthZGFyIHRhdGzEsX4gR2Vyw6dla3RlbiDDp29rIHRhdGzEsS4KU21va2llIHNldm1peW9ydW0gYW1hIGJlYmVrIGdlcsOnZWt0ZW4gZ2Vyw6dla3RlbiDDp29rIHRhdGzEsSE=
1JaY,7JeQ7Zek7Ze3fiEg7Jik67mgIOygleunkCDqs6Drp4jsm4whIOyVhOycoH4g6reA7Jes7Jq0IOuEiOq1rOumrCDsnbjtmJUu,RWhlaGV+IFRoYW5rIHlvdSBzb29vIG11Y2gsIG1pc3RlciEgQXd3fiBzdWNoIGEgY3V0ZSByYWNjb29uIGRvbGwu,,6K+25Zi/5Zi/fu+8geWTpeWTpeecn+eahOiwouiwouS9oO+8geWTjuWTn37lpb3lj6/niLHnmoTni7jnjKvlqIPlqIPjgII=,,4LmA4Lit4LmA4Liu4Liw4LmA4Liu4LiwfiEg4LiC4LmJ4Liy4LiC4Lit4Lia4LmD4LiI4Lie4Li14LmI4LiK4Liy4Lii4Lih4Liy4LiB4LmA4Lil4LiiISDguK3guYrguLB+IOC4leC4uOC5iuC4geC4leC4suC5geC4o+C4hOC4hOC4ueC4meC4meC5iOC4suC4o+C4seC4geC4iOC4seC4hw==,,,wqFKZSwgamV+ISDCoU11Y2hhcyBncmFjaWFzLCBoZXJtYW5vISBBeX4gUXXDqSBtdcOxZWNvIGRlIG1hcGFjaGUgdGFuIG1vbm8u,RWhlaGV+ISBEYW5rZSEgQXd3fiB3YXMgZsO8ciBlaW5lIHPDvMOfZSBXYXNjaGLDpHItUHVwcGUh,RWjDqWjDqX4gISBNZXJjaSwgZ3JhbmQgZnLDqHJlICEgVHJvcCBtaWdub25uZSwgbGEgcG91cMOpZSBkZSByYXRvbiBsYXZldXIgIQ==,RWhlaGV0fiEgS2FrYWssIHRlcmltYSBrYXNpaCBiYW55YWshIEFkdWh+IGJvbmVrYSByYWt1biB5YW5nIGltdXQu,RWhlaGV+ISBBYmksIGdlcsOnZWt0ZW4gdGXFn2Vra8O8ciBlZGVyaW0hIEFofiBOZSB0YXRsxLEgYmlyIHJha3VuIGJlYmXEn2ku
1ZaY,7JeQ7Zek7Ze3fiEg7Ja464uIIOygleunkCDqs6Drp4jsm4whIOyVhOycoH4g6reA7Jes7Jq0IOuEiOq1rOumrCDsnbjtmJUu,RWhlaGV+IFRoYW5rIHlvdSBzb29vIG11Y2gsIG1pc3MhIEF3d34gc3VjaCBhIGN1dGUgcmFjY29vbiBkb2xsLg==,,6K+25Zi/5Zi/fu+8geWnkOWnkOecn+eahOiwouiwouS9oO+8geWTjuWTn37lpb3lj6/niLHnmoTni7jnjKvlqIPlqIPjgII=,,4LmA4Lit4LmA4Liu4Liw4LmA4Liu4LiwfiEg4LiC4LmJ4Liy4LiC4Lit4Lia4LmD4LiI4Lie4Li14LmI4Liq4Liy4Lin4Lih4Liy4LiB4LmA4Lil4LiiISDguK3guYrguLB+IOC4leC4uOC5iuC4geC4leC4suC5geC4o+C4hOC4hOC4ueC4meC4meC5iOC4suC4o+C4seC4geC4iOC4seC4hw==,,,wqFKZSwgamV+ISDCoU11Y2hhcyBncmFjaWFzLCBoZXJtYW5hISBBeX4gUXXDqSBtdcOxZWNvIGRlIG1hcGFjaGUgdGFuIG1vbm8u,RWhlaGV+ISBEYW5rZSEgQXd3fiB3YXMgZsO8ciBlaW5lIHPDvMOfZSBXYXNjaGLDpHItUHVwcGUh,RWjDqWjDqX4gISBNZXJjaSwgZ3JhbmRlIHPFk3VyICEgVHJvcCBtaWdub25uZSwgbGEgcG91cMOpZSBkZSByYXRvbiBsYXZldXIgIQ==,RWhlaGV0fiEgS2FrYWssIHRlcmltYSBrYXNpaCBiYW55YWshIEFkdWh+IFJhY29vbiBEb2xsIHlhbmcgaW11dC4=,RWhlaGV+ISBBYmxhLCBnZXLDp2VrdGVuIHRlxZ9la2vDvHIgZWRlcmltISBBaH4gTmUgdGF0bMSxIGJpciByYWt1biBiZWJlxJ9pLg==
1paY,W+q8rOuniOyVhOydtF0K64KY64qUIOyasOumrCDtlaDrqLjri4jqu5jshJwg7KO87IugIOy8gOydtO2BrOulvCDspITqu5guIOygleunkCDrp5vsnojslrQu,W0tpZF0KSeKAmWxsIGdpdmUgeW91IHNvbWUgY2FrZSBteSBncmFuZG1hIGdhdmUgbWUuIEl04oCZcyByZWFsbHkgdGFzdHku,,W+Wwj+WtqV0K5oiR5oqK5aW25aW257uZ5oiR55qE6JuL57OV57uZ5L2g44CC55yf55qE5b6I5aW95ZCD44CC,,W0tpZF0K4LiC4LmJ4Liy4LiI4Liw4LmD4Lir4LmJ4LmA4LiE4LmJ4LiB4LiX4Li14LmI4LiE4Li44LiT4Lii4LmI4Liy4LiC4Lit4LiH4LiC4LmJ4Liy4LmD4Lir4LmJ4Lih4LiyIOC4reC4o+C5iOC4reC4ouC4oeC4suC4geC5gOC4peC4ouC4meC4sA==,,,W0NoaWNvXQpUZSBkYXLDqSBlbCBwYXN0ZWwgcXVlIG1lIGRpbyBtaSBhYnVlbGEuIEVzdMOhIG11eSByaWNvLg==,W0tpbmRdCkljaCBnZWIgZGlyIEt1Y2hlbiwgZGVuIG1laW5lIE9tYSBtaXIgZ2VzY2hlbmt0IGhhdC4gRGVyIGlzdCBlY2h0IGxlY2tlci4=,W0VuZmFudF0KSmUgdmFpcyB0ZSBkb25uZXIgdW4gZ8OidGVhdSBxdWUgbWFtaWUgbeKAmWEgZG9ubsOpLiBJbCBlc3Qgc3VwZXIgYm9uLg==,W0tpZF0KQWt1IGFrYW4gbWVtYmVyaW11IGt1ZSB5YW5nIE5lbmVra3UgYmVyaWthbi4gRW5hayBzZWthbGku,W8OHb2N1a10KU2FuYSwgYsO8ecO8a2FubmVtaW4gdmVyZGnEn2kga2VraSB2ZXJlY2XEn2ltLiDDh29rIGxlenpldGxpLg==
15aY,7Jik67mg64qUIOydtOufsOqxsCDslYjsoovslYTtlaDsp4Drj4Qg66qo66W06rKg64ukLiDqt7jrnpjrj4Qg7ZWc67KIIOuoueyWtOu0kCwg7Zek7Ze3fg==,WW91IG1pZ2h0IG5vdCBsaWtlIHN0dWZmIGxpa2UgdGhpcywgbWlzdGVy4oCmIGJ1dCB0cnkgaXQgYW55d2F5LiBIZWhlfg==,,5ZOl5ZOl5Y+v6IO95LiN5Zac5qyi6L+Z56eN5Lic6KW/44CC5LiN6L+H6L+Y5piv5ZCD5ZCD55yL5ZCn77yM5Zi/5Zi/fg==,,4Lia4Liy4LiH4LiX4Li14Lie4Li14LmI4LiK4Liy4Lii4Lit4Liy4LiI4LmE4Lih4LmI4LiK4Lit4Lia4LiC4Lit4LiH4LmB4Lia4Lia4LiZ4Li14LmJIOC5geC4leC5iOC4peC4reC4h+C4geC4tOC4meC4lOC4ueC4q+C4meC5iOC4reC4ouC4quC4tCDguYDguK7guLDguYDguK7guLA=,,,UHVlZGUgcXVlIGFsIGhlcm1hbm8gbWF5b3Igbm8gbGUgZ3VzdGUgZXN0by4gUGVybyBwcnXDqWJhbG8sIGplLCBqZX4=,VmllbGxlaWNodCBtYWdzdCBkdSBzbyB3YXMgbmljaHQuIEFiZXIgcHJvYmllcidzIHRyb3R6ZGVtIG1hbCwgaGVoZX4=,R3JhbmQgZnLDqHJlIGFpbWVyYSBwZXV0LcOqdHJlIHBhcyB0cm9w4oCmIE1haXMgZ2/Du3RlIHF1YW5kIG3Dqm1lLCBow6low6l+,TXVuZ2tpbiBrYWthayB0aWRhayBzdWthIHlhbmcgYmVnaW5pLiBUYXBpIHRldGFwIGNvYmEgbWFrYW4gc2VrYWxpLCBoZWhlfg==,QWJpLCBiZWxraSBiw7Z5bGUgxZ9leWxlcmkgc2V2bWV5ZWJpbGlyc2luLiBZaW5lIGRlIGJpciBkZW5lLCBoZWhlfg==
2JaY,7Ja464uI64+EIOy8gOydtO2BrCDsoovslYTtlaDqurzqsJnslYQuIO2VnOuyiCDrqLnslrTrtJAsIO2XpO2Xt34=,SSB0aGluayB5b3XigJlsbCBsaWtlIGNha2UgdG9vLCBtaXNzLiBUcnkgaXR+IEhlaGV+,,5aeQ5aeQ5aW95YOP5Lmf5Lya5Zac5qyi6JuL57OV44CC5ZCD5ZCD55yL5ZCn77yM5Zi/5Zi/fg==,,4LiC4LmJ4Liy4Lin4LmI4Liy4Lie4Li14LmI4Liq4Liy4Lin4LiE4LiH4LiK4Lit4Lia4LmA4LiE4LmJ4LiBIOC4peC4reC4h+C4geC4tOC4meC4lOC4ueC4quC4tCDguYDguK7guLDguYDguK7guLA=,,,Q3JlbyBxdWUgYSBsYSBoZXJtYW5hIG1heW9yIHRhbWJpw6luIGxlIGd1c3RhIGVsIHBhc3RlbC4gUHJ1w6liYWxvLCBqZSwgamV+,SWNoIGdsYXViLCBkdSBtYWdzdCBhdWNoIEt1Y2hlbi4gUHJvYmllciBtYWwsIGhlaGV+,R3JhbmRlIHPFk3VyIHZhIGFpbWVyIGxlIGfDonRlYXUgYXVzc2kuIEdvw7t0ZSwgaMOpaMOpfg==,S2FrYWsgc2VwZXJ0aW55YSBqdWdhIHN1a2Ega3VlLiBDb2JhIG1ha2FuIHNla2FsaSwgaGVoZX4=,QWJsYSBkYSBrZWtpIHNldmVjZWsgZ2liaS4gQmlyIGRlbmUsIGhlaGV+
2ZaY,W+q8rOuniOyVhOydtF0K7Zek7Ze3fiDsnbjtmJUg6rOg66eI7JuMLiDrgrQg67Cp7JeQIOuNsOugpOqwiOq6vOyVvC4g7JeQ7Zek7Ze3fiE=,W0tpZF0KSGVoZX4gVGhhbmtzIGZvciB0aGUgZG9sbC4gSeKAmW0gZ29ubmEgdGFrZSBpdCB0byBteSByb29tLiBFaGVoZX4h,,W+Wwj+WtqV0K5Zi/5Zi/fuiwouiwouS9oOmAgeeahOWog+Wog+OAguaIkeS8muW4puWOu+aIkeeahOaIv+mXtOOAguivtuWYv+WYv37vvIE=,,W0tpZF0K4LmA4Liu4Liw4LmA4Liu4LiwfiDguILguK3guJrguYPguIjguKrguLPguKvguKPguLHguJrguJXguLjguYrguIHguJXguLLguJnguLAg4LiC4LmJ4Liy4LiI4Liw4LmA4Lit4Liy4LmE4Lib4LmE4Lin4LmJ4LmD4LiZ4Lir4LmJ4Lit4LiH4LiC4Lit4LiH4LiC4LmJ4LiyIOC5gOC4reC5gOC4ruC4sOC5gOC4ruC4sH4=,,,W0NoaWNvXQpKZSwgamV+IEdyYWNpYXMgcG9yIGVsIG11w7FlY28uIE1lIGxvIGxsZXZhcsOpIGEgbWkgaGFiaXRhY2nDs24uIMKhSmUsIGplfiE=,W0tpbmRdCkhlaGV+IERhbmtlIGbDvHIgZGllIFB1cHBlLiBJY2ggbmVobWUgc2llIG1pdCBpbiBtZWluIFppbW1lci4gRWhlaGV+IQ==,W0VuZmFudF0KSMOpaMOpfiBNZXJjaSBwb3VyIGxhIHBvdXDDqWUuIEplIHZhaXMgbCdlbW1lbmVyIGRhbnMgbWEgY2hhbWJyZS4gRWggZWggZWh+IQ==,W0tpZF0KSGVoZXR+IFRlcmltYSBrYXNpaCB1bnR1ayBib25la2FueWEuIEFrYW4ga3ViYXdhIGtlIGthbWFya3UuIEVoZWhlfiE=,W8OHb2N1a10KSGVoZX4gQmViZWsgacOnaW4gdGXFn2Vra8O8cmxlci4gT251IG9kYW1hIGfDtnTDvHJlY2XEn2ltLiBFaGVoZX4h
2paY,W+q8rOuniOyVhOydtF0K7JmA7JWE7JWE7JWE7JWEfiEg7JqU7JqUIOyduO2YlSEg7KCV66eQIOyYiOu7kCEg7JiI67uQIQ==,W0tpZF0KV2FhYWFhfiEgQSBZb3lvIGRvbGwhIEl04oCZcyBzbyBwcmV0dHkhIFNvIHByZXR0eSE=,,W+Wwj+WtqV0K5ZOH5ZWK5ZWK5ZWK5ZWKfu+8gea6nOa6nOeMtOWog+Wog++8geecn+eahOWlvea8guS6ru+8geWlvea8guS6ru+8gQ==,,W0tpZF0K4Lin4LmJ4Liy4Lin4Lin4Lin4LinfiEg4LiV4Li44LmK4LiB4LiV4LiyIFlveW8hIOC4quC4p+C4ouC4iOC4seC4hyEg4Liq4Lin4Lii4Lih4Liy4LiBIQ==,,,W0NoaWNvXQrCoUd1YXV1dXV1fiEgwqFVbiBtdcOxZWNvIGRlIFlveW8hIMKhRXMgcmVhbG1lbnRlIGJvbml0byEgwqFCb25pdG8h,W0tpbmRdCldhYWFhaH4hIEVpbmUgWW95by1QdXBwZSEgRGllIGlzdCB3aXJrbGljaCBzY2jDtm4hIFd1bmRlcnNjaMO2biE=,W0VuZmFudF0KV2FhYWFhaH4hIFVuZSBwb3Vww6llIFlveW8hIEVsbGUgZXN0IHZyYWltZW50IGpvbGllISBKb2xpZSE=,W0tpZF0KV2FhYWFhYX4hIFlveW8gRG9sbCEgQ2FudGlrIHNla2FsaSEgQ2FudGlrIQ==,W8OHb2N1a10KVmFhYWFhYXl+ISBZb3lvIGJlYmXEn2khIMOHb2sgZ8O8emVsISBHw7x6ZWwh
25aY,7Jik67mgIOygleunkOygleunkCDqs6Drp4jsm4whIOydtOqxsCDsoJXrp5Ag64KYIOyjvOuKlOqxsOyngD8g7J2RPyDsnZE/,VGhhbmsgeW91LCB0aGFuayB5b3Ugc28gbXVjaCwgbWlzdGVyISBUaGlzIGlzIHJlYWxseSBmb3IgbWUsIHJpZ2h0PyBIdWg/IFJpZ2h0Pw==,,5ZOl5ZOl55yf55qE55yf55qE6LCi6LCi5L2g77yB6L+Z5Liq55yf55qE5piv57uZ5oiR55qE5ZCX77yf5Zev77yf5Zev77yf,,4LiC4LmJ4Liy4LiC4Lit4Lia4LmD4LiI4Lie4Li14LmI4LiK4Liy4Lii4Lih4Liy4LiB4LiI4Lij4Li04LiHIOC5hiAhIOC4reC4seC4meC4meC4teC5ieC5g+C4q+C5ieC4guC5ieC4suC4iOC4o+C4tOC4hyDguYYg4LmD4LiK4LmI4LmE4Lir4LihPyDguYPguIrguYjguYTguKvguKE/,,,wqFNdWNoYXMsIG11Y2hhcyBncmFjaWFzLCBoZXJtYW5vIG1heW9yISBEZSB2ZXJkYWQgcXVlIGVzIHBhcmEgbcOtLCDCv3ZlcmRhZD8gwr9Tw60/IMK/U8OtPw==,V2lya2xpY2gsIHdpcmtsaWNoIGRhbmtlISBEYXMgaXN0IGVjaHQgZsO8ciBtaWNoLCBvZGVyPyBKYT8gSmE/,TWVyY2ksIG1lcmNpLCBncmFuZCBmcsOocmUgISBD4oCZZXN0IGJpZW4gcG91ciBtb2ksIGhlaW4gPyBIZWluID8=,S2FrYWssIHRlcmltYSBrYXNpaCBiYW55YWsgc2VrYWxpISBJbmkgYmVuYXItYmVuYXIgdW50dWtrdSwga2FuPyBIbT8gSG0/,QWJpLCBnZXLDp2VrdGVuIGdlcsOnZWt0ZW4gdGXFn2Vra8O8ciBlZGVyaW0hIEJ1IGdlcsOnZWt0ZW4gYmFuYSBtxLE/IEhhPyBIYT8=
3JaY,W+q8rOuniOyVhOydtF0K7JeQ7Zek7ZekLCDsmpTsmpQg7J247ZiVLCDsoJXrp5Ag7KKL7JWELiDrhIjrrLQg6rOg66eI7JuMLiDsl5Dtl6Ttl6Qu,W0tpZF0KRWhlaGUsIHRoZSBZb3lvIGRvbGzigKYgSSByZWFsbHkgbG92ZSBpdC4gVGhhbmsgeW91IHNvIG11Y2guIEVoZWhlLg==,,W+Wwj+WtqV0K6K+25Zi/5Zi/77yM5oiR55yf55qE5b6I5Zac5qyi5rqc5rqc54y0546p5YG244CC5aSq6LCi6LCi5L2g5LqG44CC6K+25Zi/5Zi/44CC,,W0tpZF0K4Lin4LmJ4Liy4Lin4Lin4Lin4LinfiEg4LiV4Li44LmK4LiB4LiV4LiyIFlveW8hIOC4quC4p+C4ouC4iOC4seC4hyEg4Liq4Lin4Lii4Lih4Liy4LiBIQ==,,,W0NoaWNvXQpKZSwgamUsIG1lIGd1c3RhIG11Y2hvIGVsIG11w7FlY28gZGUgWW95by4gTXVjaGFzIGdyYWNpYXMuIEplLCBqZS4=,W0tpbmRdCkVoZWhlLCBpY2ggbWFnIGRpZSBZb3lvLVB1cHBlIGVjaHQgdG90YWwuIERhbmtlIGRpciEgRWhlaGUu,W0VuZmFudF0KSMOpaMOpaMOpLCBsYSBwb3Vww6llIFlveW8sIGplIGwnYWltZSB2cmFpbWVudCBiZWF1Y291cC4gTWVyY2kgaW5maW5pbWVudC4gSMOpaMOpaMOpLg==,W0tpZF0KRWhlaGUsIFlveW8gRG9sbCwgYWt1IGJlbmFyLWJlbmFyIHN1a2EuIFRlcmltYSBrYXNpaCBiYW55YWsuIEVoZWhlLg==,W8OHb2N1a10KRWhlaGUsIFlveW8gYmViZcSfaSwgw6dvayBob8WfdW1hIGdpdHRpLiDDh29rIHRlxZ9la2vDvHIgZWRlcmltLiBFaGVoZS4=
3ZaY,7JiI7IGcIOyduO2YleydhCDrsJvslZjsnLzri4jquYwg7Jik67mg7ZWc7YWM64+EIOutlOqwgCDso7zqs6Ag7Iu27Ja0IQ==,U2luY2UgSSBnb3Qgc3VjaCBhIHByZXR0eSBkb2xsLCBJIHdhbm5hIGdpdmUgeW91IHNvbWV0aGluZyB0b28h,,5pS25Yiw5LqG5ryC5Lqu55qE546p5YG277yM5omA5Lul5Lmf5oOz57uZ5ZOl5ZOl54K55LuA5LmI77yB,,4LmE4LiU4LmJ4LiV4Li44LmK4LiB4LiV4Liy4Liq4Lin4LiiIOC5hiDguKHguLIg4LiC4LmJ4Liy4LiB4LmH4Lit4Lii4Liy4LiB4LmD4Lir4LmJ4Lit4Liw4LmE4Lij4LiB4Lix4Lia4Lie4Li14LmI4LiK4Liy4Lii4LmA4Lir4Lih4Li34Lit4LiZ4LiB4Lix4LiZIQ==,,,wqFDb21vIGhlIHJlY2liaWRvIHVuIG11w7FlY28gdGFuIGJvbml0bywgdGFtYmnDqW4gcXVpZXJvIGRhcmxlIGFsZ28gYWwgaGVybWFubyBtYXlvciE=,SWNoIGhhYiBlaW5lIGjDvGJzY2hlIFB1cHBlIGJla29tbWVuLCBhbHNvIHdpbGwgaWNoIGRpciBhdWNoIHdhcyBzY2hlbmtlbiE=,SidhaSByZcOndSB1bmUgam9saWUgcG91cMOpZSwgYWxvcnMgamUgdmV1eCBhdXNzaSBkb25uZXIgcXVlbHF1ZSBjaG9zZSDDoCBncmFuZCBmcsOocmUh,S2FyZW5hIHN1ZGFoIG1lbmVyaW1hIGJvbmVrYSB5YW5nIGNhbnRpaywgYWt1IGp1Z2EgaW5naW4gbWVtYmVyaSBzZXN1YXR1IGtlcGFkYSBLYWthayE=,R8O8emVsIGJpciBiZWJlayBhbGTEscSfxLFtYSBnw7ZyZSwgYWJpIHNhbmEgZGEgYmlyIMWfZXkgdmVybWVrIGlzdGl5b3J1bSE=
3paY,7JiI7IGcIOyduO2YleydhCDrsJvslZjsnLzri4jquYwg7Ja464uI7ZWc7YWM64+EIOutlOqwgCDso7zqs6Ag7Iu27Ja0IQ==,U2luY2UgSSBnb3Qgc3VjaCBhIHByZXR0eSBkb2xsLCBJIHdhbm5hIGdpdmUgeW91IHNvbWV0aGluZyB0b28h,,5pS25Yiw5LqG5ryC5Lqu55qE546p5YG277yM5omA5Lul5Lmf5oOz57uZ5aeQ5aeQ54K55LuA5LmI77yB,,4LmE4LiU4LmJ4LiV4Li44LmK4LiB4LiV4Liy4Liq4Lin4LiiIOC5hiDguKHguLIg4LiC4LmJ4Liy4LiB4LmH4Lit4Lii4Liy4LiB4LmD4Lir4LmJ4Lit4Liw4LmE4Lij4LiB4Lix4Lia4Lie4Li14LmI4Liq4Liy4Lin4LmA4Lir4Lih4Li34Lit4LiZ4LiB4Lix4LiZIQ==,,,wqFDb21vIGhlIHJlY2liaWRvIHVuIG11w7FlY28gdGFuIGJvbml0bywgdGFtYmnDqW4gcXVpZXJvIGRhcmxlIGFsZ28gYSBsYSBoZXJtYW5hIG1heW9yIQ==,SWNoIGhhYiBlaW5lIGjDvGJzY2hlIFB1cHBlIGJla29tbWVuLCBhbHNvIHdpbGwgaWNoIGRpciBhdWNoIHdhcyBzY2hlbmtlbiE=,SidhaSByZcOndSB1bmUgam9saWUgcG91cMOpZSwgYWxvcnMgamUgdmV1eCBhdXNzaSBkb25uZXIgcXVlbHF1ZSBjaG9zZSDDoCBncmFuZGUgc8WTdXIh,S2FyZW5hIHN1ZGFoIG1lbmVyaW1hIGJvbmVrYSB5YW5nIGNhbnRpaywgYWt1IGp1Z2EgaW5naW4gbWVtYmVyaSBzZXN1YXR1IGtlcGFkYSBLYWthayE=,R8O8emVsIGJpciBiZWJlayBhbGTEscSfxLFtYSBnw7ZyZSwgYWJsYSBzYW5hIGRhIGJpciDFn2V5IHZlcm1layBpc3RpeW9ydW0h
35aY,W+q8rOuniOyVhOydtF0K7J206rG0IOyVhOu5oCDrlLDrnbzshJwg64uk66W4IOuniOydhOyXkCDqsIDri6TqsIAg7KO87JeI642Y6rGw7JW8LiDrrLTsiqgg7JSo7JWX6rCZ7JWELg==,W0tpZF0KSSBnb3QgdGhpcyB3aGlsZSB0cmF2ZWxpbmcgdG8gYW5vdGhlciB2aWxsYWdlIHdpdGggbXkgZGFkLiBJdCBsb29rcyBsaWtlIHNvbWUga2luZCBvZiBzZWVkLg==,,W+Wwj+WtqV0K6L+Z5piv6Lef552A54i454i45Y675Yir55qE5p2R5a2Q5pe25Yir5Lq657uZ5oiR55qE44CC5aW95YOP5piv5LuA5LmI56eN5a2Q44CC,,W0tpZF0K4LiZ4Li14LmI4LiE4Li34Lit4LiC4Lit4LiH4LiX4Li14LmI4LiC4LmJ4Liy4LmE4LiU4LmJ4Lih4Liy4LiV4Lit4LiZ4LiV4Liy4Lih4Lit4Liy4LiB4Lix4Lia4LmE4Lib4Lir4Lih4Li54LmI4Lia4LmJ4Liy4LiZ4Lit4Li34LmI4LiZIOC4lOC4ueC5gOC4q+C4oeC4t+C4reC4meC5gOC4oeC4peC5h+C4lOC4reC4sOC5hOC4o+C4quC4seC4geC4reC4ouC5iOC4suC4hw==,,,W0NoaWNvXQpNZSBkaWVyb24gZXN0byBjdWFuZG8gZnVpIGEgb3RybyBwdWVibG8gY29uIHBhcMOhLiBQYXJlY2UgdW5hIHNlbWlsbGEu,W0tpbmRdCkRhcyBoYWIgaWNoIGJla29tbWVuLCBhbHMgaWNoIG1pdCBQYXBhIGluIGVpbiBhbmRlcmVzIERvcmYgZ2VnYW5nZW4gYmluLiBEYXMgc2llaHQgYXVzIHdpZSBlaW4gU2FtZW4u,W0VuZmFudF0KQ+KAmWVzdCB1biB0cnVjIHF1ZSBq4oCZYWkgcmXDp3UgZW4gYWxsYW50IGRhbnMgdW4gYXV0cmUgdmlsbGFnZSBhdmVjIHBhcGEuIE9uIGRpcmFpdCB1bmUgZ3JhaW5lLg==,W0tpZF0KSW5pIGt1YmVyaWthbiBzYWF0IGlrdXQgQXlhaCBwZXJnaSBrZSBkZXNhIGxhaW4uIFNlcGVydGlueWEgc2VwZXJ0aSBiaWppLg==,W8OHb2N1a10KQnVudSwgYmFiYW1sYSBiYcWfa2EgYmlyIGvDtnllIGdpZGVya2VuIGFsbcSxxZ90xLFtLiBUb2h1bSBnaWJpIGJpciDFn2V5Lg==
4JaY,7KeR7JWe7JeQIOyLrOyWtOu0pOuKlOuNsCDsi7nsnbQg7JWI64KY7JmALiDsmKTruaDqsIAg7ZWc67KIIOyLrOyWtOuzvOuemD8=,SSB0cmllZCBwbGFudGluZyBpdCBpbiBmcm9udCBvZiBteSBob3VzZSwgYnV0IG5vdGhpbmcgZ3Jldy4gV2FubmEgdHJ5IHBsYW50aW5nIGl0LCBtaXN0ZXI/,,5oiR5Zyo5a626Zeo5Y+j56eN6L+H77yM5Y+v5piv5rKh5Y+R6Iq944CC5ZOl5ZOl6KaB5LiN6KaB6K+V552A56eN5LiA5qyh77yf,,4LiC4LmJ4Liy4Lil4Lit4LiH4Lib4Lil4Li54LiB4Lir4LiZ4LmJ4Liy4Lia4LmJ4Liy4LiZ4LmB4Lil4LmJ4Lin4LmB4LiV4LmI4Lih4Lix4LiZ4LmE4Lih4LmI4LiH4Lit4LiBIOC4nuC4teC5iOC4iuC4suC4ouC4peC4reC4h+C5gOC4reC4suC5hOC4m+C4m+C4peC4ueC4geC4lOC4ueC5hOC4q+C4oQ==,,,SW50ZW50w6kgcGxhbnRhcmxhIGRlbGFudGUgZGUgY2FzYSwgcGVybyBubyBicm90YS4gwr9RdWllcmVzIHByb2JhciBhIHBsYW50YXJsYSwgaGVybWFubyBtYXlvcj8=,SWNoIGhhYuKAmXMgdm9yIGRlbSBIYXVzIGVpbmdlcGZsYW56dCwgYWJlciBlcyB3aWxsIGVpbmZhY2ggbmljaHQgc3ByaWXDn2VuLiBXaWxsc3QgZHXigJlzIG1hbCBlaW5wZmxhbnplbj8=,SmUgbOKAmWFpIHBsYW50w6kgZGV2YW50IGxhIG1haXNvbiwgbWFpcyDDp2EgbmUgcG91c3NlIHBhcy4gR3JhbmQgZnLDqHJlLCB0dSB2ZXV4IGVzc2F5ZXIgPw==,QWt1IHN1ZGFoIG1lbmFuYW1ueWEgZGkgZGVwYW4gcnVtYWgsIHRhcGkgdGlkYWsgdHVtYnVoLiBLYWthayBtYXUgY29iYSBtZW5hbmFtbnlhPw==,RXZpbiDDtm7DvG5lIGVrdGltIGFtYSBmaWxpemxlbm1lZGkuIEFiaSwgc2VuIGJpciBrZXogZWttZWsgaXN0ZXIgbWlzaW4/
4ZaY,7KeR7JWe7JeQIOyLrOyWtOu0pOuKlOuNsCDsi7nsnbQg7JWI64KY7JmALiDslrjri4jqsIAg7ZWc67KIIOyLrOyWtOuzvOuemD8=,SSB0cmllZCBwbGFudGluZyBpdCBpbiBmcm9udCBvZiBteSBob3VzZSwgYnV0IG5vdGhpbmcgZ3Jldy4gV2FubmEgdHJ5IHBsYW50aW5nIGl0LCBtaXNzPw==,,5oiR5Zyo5a626Zeo5Y+j56eN6L+H77yM5Y+v5piv5rKh5Y+R6Iq944CC5aeQ5aeQ6KaB5LiN6KaB6K+V552A56eN5LiA5qyh77yf,,4LiC4LmJ4Liy4Lil4Lit4LiH4Lib4Lil4Li54LiB4Lir4LiZ4LmJ4Liy4Lia4LmJ4Liy4LiZ4LmB4Lil4LmJ4Lin4LmB4LiV4LmI4Lih4Lix4LiZ4LmE4Lih4LmI4LiH4Lit4LiBIOC4nuC4teC5iOC4quC4suC4p+C4peC4reC4h+C5gOC4reC4suC5hOC4m+C4m+C4peC4ueC4geC4lOC4ueC5hOC4q+C4oQ==,,,SW50ZW50w6kgcGxhbnRhcmxhIGRlbGFudGUgZGUgY2FzYSwgcGVybyBubyBicm90YS4gwr9RdWllcmVzIHByb2JhciBhIHBsYW50YXJsYSwgaGVybWFuYSBtYXlvcj8=,SWNoIGhhYuKAmXMgdm9yIGRlbSBIYXVzIGVpbmdlcGZsYW56dCwgYWJlciBlcyB3aWxsIGVpbmZhY2ggbmljaHQgc3ByaWXDn2VuLiBXaWxsc3QgZHXigJlzIG1hbCBlaW5wZmxhbnplbj8=,SmUgbOKAmWFpIHBsYW50w6kgZGV2YW50IGxhIG1haXNvbiwgbWFpcyDDp2EgbmUgcG91c3NlIHBhcy4gR3JhbmRlIHPFk3VyLCB0dSB2ZXV4IGVzc2F5ZXIgPw==,QWt1IHN1ZGFoIG1lbmFuYW1ueWEgZGkgZGVwYW4gcnVtYWgsIHRhcGkgdGlkYWsgdHVtYnVoLiBLYWthayBtYXUgY29iYSBtZW5hbmFtbnlhPw==,RXZpbiDDtm7DvG5lIGVrdGltIGFtYSBmaWxpemxlbm1lZGkuIEFibGEsIHNlbiBiaXIga2V6IGVrbWVrIGlzdGVyIG1pc2luPw==
4paY,W+q8rOuniOyVhOydtF0K7Zek7Ze3fiDsnbjtmJUg6rOg66eI7JuMLiDrgpgsIOyekOq4sOyghOyXkCDqvK0g7JWI6rOgIOyemOq6vOyVvC4g7JeQ7Zek7Ze3Lg==,W0tpZF0KSGVoZX4gVGhhbmtzIGZvciB0aGUgZG9sbC4gSeKAmW0gZ29ubmEgaHVnIGl0IHRpZ2h0IHdoZW4gSSBnbyB0byBzbGVlcC4gRWhlaGUu,,W+Wwj+WtqV0K5Zi/5Zi/fuiwouiwouS9oOe7meeahOeOqeWBtuOAguaIkeedoeinieWJjeS4gOWumuS8muaKseedgOedoeeahOOAguivtuWYv+WYv+OAgg==,,W0tpZF0K4LmA4Liu4Liw4LmA4Liu4LiwfiDguILguK3guJrguYPguIjguKrguLPguKvguKPguLHguJrguJXguLjguYrguIHguJXguLLguJnguLAg4LiC4LmJ4Liy4LiI4Liw4LiB4Lit4LiU4Lih4Lix4LiZ4LiZ4Lit4LiZ4LiX4Li44LiB4LiE4Li34LiZ4LmA4Lil4LiiIOC4ruC4tOC5hg==,,,W0NoaWNvXQpKZSwgamV+IEdyYWNpYXMgcG9yIGVsIG11w7FlY28uIExvIGFicmF6YXLDqSBiaWVuIGZ1ZXJ0ZSBwYXJhIGRvcm1pci4gSmUsIGplLg==,W0tpbmRdCkhlaGV+IERhbmtlIGbDvHIgZGllIFB1cHBlLiBJY2ggd2VyZCBzaWUgdm9ybSBTY2hsYWZlbmdlaGVuIGdhbnogZmVzdCBpbiBkZW4gQXJtIG5laG1lbi4gRWhlaGV+,W0VuZmFudF0KSMOpaMOpaMOpfiBNZXJjaSBwb3VyIGxhIHBvdXDDqWUuIEplIHZhaXMgZG9ybWlyIGVuIGxhIHNlcnJhbnQgZm9ydC4gRWjDqWjDqWgu,W0tpZF0KSGVoZX4gdGVyaW1hIGthc2loIHVudHVrIGJvbmVrYW55YS4gQWt1IGFrYW4gbWVtZWx1a255YSBzYWF0IHRpZHVyLCBwYXN0aS4gRWhlaGUu,W8OHb2N1a10KSGVoZX4gQmViZWsgacOnaW4gdGXFn2Vra8O8cmxlci4gQmVuLCB5YXRtYWRhbiDDtm5jZSBtdXRsYWthIHNhcsSxbMSxcCB1eXV5YWNhxJ/EsW0uIEVoZWhlLg==
45aY,W+q8rOuniOyVhOydtF0K7Z2lfiDtnaXsnbTri6R+IOyWtOumrOuLpOqzoCDrhoDrpqzsp4Ag66eIfiDrsJR+67O0LiDrqZTrobF+,W0tpZF0KSG1waH4gSG1waH4gRG9u4oCZdCB0ZWFzZSBtZSBqdXN0IOKAmWNhdXNlIEnigJltIGxpdHRsZX4gWW91IGR1bW15LiBCbGVofg==,,W+Wwj+WtqV0K5ZO8fuWTvOWTvH7liKvlm6DkuLrmiJHlsI/lsLHlj5bnrJHmiJF+56yofuibi+OAgueVpX4=,,W0tpZF0K4Liu4Li24LmI4LihfiDguK7guLbguYjguKEhIOC4reC4ouC5iOC4suC4oeC4suC4peC5ieC4reC4p+C5iOC4suC4guC5ieC4suC5gOC4lOC5h+C4geC4meC4sH4g4LmA4LiI4LmJ4Liy4Lia4LmJ4LiyfiDguYHguJrguKPguYh+,,,W0NoaWNvXQrCoUhtcGZ+ISDCoUhtcGZ+ISBObyB0ZSBidXJsZXMgZGUgbcOtIHBvciBzZXIgcGVxdWV+IMKhVG9udG8hIMKhUHJycn4h,W0tpbmRdCkhtcGZ+IEhtcGZ+IE51ciB3ZWlsIGljaCBrbGVpbiBiaW4sIG11c3N0IGR1IG1pY2ggbmljaHQgYXVmemllaGVufiBEb29+b2Zrb3BmLiDDhHRzY2h+,W0VuZmFudF0KSG1wZn4gTWUgdHJhaXRlIHBhcyBkZSBiw6liw6l+IELDqsOqw6p0ZS4gTmEtbmEtbsOocmV+,W0tpZF0KSG5nfiBha3Uga2VzYWx+IEphbmdhbiBtZW5nZWpla2t1IGthcmVuYSBha3UgbWFzaWgga2VjaWx+IEJhfmJvZG9oLiBCbGVofg==,W8OHb2N1a10KSMSxaH4gSMSxaCwgw6dvayBrZXlmaW0geWVyaW5kZX4gS8O8w6fDvMSfw7xtIGRpeWUgYmVuaW1sZSBhbGF5IGV0bWV+IFNhfmxhay4gRGlsIMOnxLFrYXLEsXlvcnVtfg==
5JaY,7IOB7J24,TWVyY2hhbnQ=,,5ZWG5Lq6,,TWVyY2hhbnQ=,,,Q29tZXJjaWFudGU=,SMOkbmRsZXI=,TWFyY2hhbmQ=,TWVyY2hhbnQ=,VMO8Y2Nhcg==
5ZaY,W+yDgeyduF0K7IS47IOB7J2EIOuPjOuLpOuztOuptCDsl6zrn6zqsIDsp4Ag7IaM66y465Ok7J2EIOygke2VmOqyjCDrkJjsp4AuIOqwnOykkeyXkOuKlCDsnbTrn7Ag6rKD64+EIOyeiOuLpOyYpC4g66qs7Iqk7YSw65Ok7J2YIO2emOydhCDrp4jrspXsnLzroZwg67SJ7J247ZW0IOuGk+ydgCDsubTrk5zrnbzripQg6rKD7J20IOyeiOuLpOqzoCDrp5DslbwuCuq3uCDsubTrk5zrpbwg7J207Jqp7ZWY66m0IOqwleugpe2VnCDtnpjsnYQg7IaM7Jyg7ZWgIOyImOuPhCDsnojsnYQg6rGw65286rOgLi4uIO2blyDrrZAg66y866GgIOydtOqyg+uYkO2VnCDrnKzshozrrLjsl5Ag67aI6rO87ZWY6rKg7KeA66eMIOunkOyVvC4=,W01lcmNoYW50XQpBcyB5b3UgdHJhdmVsIHRoZSB3b3JsZCwgeW91IGhlYXIgYWxsIGtpbmRzIG9mIHJ1bW9ycy4gQW1vbmcgdGhlbSwgdGhlcmXigJlzIG9uZSBsaWtlIHRoaXMuIFRoZXkgc2F5IHRoZXJlIGFyZSBjYXJkcyB0aGF0IG1hZ2ljYWxseSBzZWFsIHRoZSBwb3dlciBvZiBtb25zdGVycy4KVXNlIG9uZSBvZiB0aG9zZSBjYXJkcywgYW5kIHlvdSBtaWdodCBnYWluIGluY3JlZGlibGUgc3RyZW5ndGggeW91cnNlbGYuLi4gSGVoLCB0aG91Z2ggSSBzdXBwb3NlIHRoYXTigJlzIGp1c3QgYW5vdGhlciB0YWxsIHRhbGUu,,W+WVhuS6ul0K6LWw6YGN5LiW55WM55qE6K+d77yM5bCx5Lya5ZCs5Yiw5ZCE56eN5ZCE5qC355qE5Lyg6Ze744CC5YW25Lit5Lmf5pyJ6L+Z56eN44CC5ZCs6K+05pyJ5LiA56eN5Y2h54mH77yM5piv55So6a2U5rOV5bCB5Y2w5LqG5oCq54mp5Yqb6YeP55qE5Y2h54mH44CCCuWmguaenOS9v+eUqOmCo+W8oOWNoeeJh++8jOWwseWPr+iDveaLpeacieW8uuWkp+eahOWKm+mHj+KApuKApuWTvO+8jOS4jei/h+i/meS5n+WPquaYr+S8oOmXu+e9ouS6huOAgg==,,W01lcmNoYW50XQrguKvguLLguIHguYDguJTguLTguJnguJfguLLguIfguYTguJvguJfguLHguYjguKfguYLguKXguIEg4LmA4LiI4LmJ4Liy4LiI4Liw4LmE4LiU4LmJ4Lii4Li04LiZ4LiC4LmI4Liy4Lin4Lil4Li34Lit4LiV4LmI4Liy4LiHIOC5hiDguKHguLLguIHguKHguLLguKIg4Lir4LiZ4Li24LmI4LiH4LmD4LiZ4LiZ4Lix4LmJ4LiZ4LiB4LmH4LiE4Li34Lit4oCmIOC4oeC4teC4geC4suC4o+C5jOC4lOC4l+C4teC5iOC4quC4suC4oeC4suC4o+C4luC4nOC4meC4tuC4geC4nuC4peC4seC4h+C4guC4reC4h+C4oeC4reC4meC4quC5gOC4leC4reC4o+C5jOC5hOC4p+C5ieC4lOC5ieC4p+C4ouC5gOC4p+C4l+C4oeC4meC4leC4o+C5jArguYDguILguLLguKfguYjguLLguIHguLHguJnguKfguYjguLLguKvguLLguIHguYPguIrguYnguIHguLLguKPguYzguJTguJnguLHguYnguJkg4LiI4Liw4Liq4Liy4Lih4Liy4Lij4LiW4LiE4Lij4Lit4Lia4LiE4Lij4Lit4LiH4Lie4Lil4Lix4LiH4Lit4Lix4LiZ4Lih4Lir4Liy4Lio4Liy4Lil4LmE4LiU4LmJLi4uIOC4ruC4tiDguYHguJXguYjguYHguJnguYjguJnguK3guJkg4LmA4Lij4Li34LmI4Lit4LiH4Lie4Lin4LiB4LiZ4Li14LmJ4LiB4LmH4LiE4LiH4LmA4Lib4LmH4LiZ4LmB4LiE4LmI4LiC4LmI4Liy4Lin4Lil4Li34Lit4LmA4LiX4LmI4Liy4LiZ4Lix4LmJ4LiZ,,,W0NvbWVyY2lhbnRlXQpBbCByZWNvcnJlciBlbCBtdW5kbywgdW5vIG95ZSB0b2RhIGNsYXNlIGRlIHJ1bW9yZXMuIEVudHJlIGVsbG9zIGVzdMOhIGVzdGU6IGRpY2VuIHF1ZSBleGlzdGVuIHVuYXMgQ2FydGFzIGVuIGxhcyBxdWUgc2UgaGEgc2VsbGFkbyBjb24gbWFnaWEgZWwgcG9kZXIgZGUgbG9zIG1vbnN0cnVvcy4KQ29uIGVzYXMgQ2FydGFzLCBxdWl6w6Egc2UgcG9kcsOtYSBwb3NlZXIgdW4gcG9kZXIgZm9ybWlkYWJsZS4uLiBKZSwgYXVucXVlLCBjbGFybywgZXN0byB0YW1wb2NvIGRlamFyw6EgZGUgc2VyIHVuIHNpbXBsZSBydW1vci4=,W0jDpG5kbGVyXQpXZW5uIG1hbiBkdXJjaCBkaWUgV2VsdCByZWlzdCwgc2NobmFwcHQgbWFuIGRpZSB2ZXJzY2hpZWRlbnN0ZW4gR2Vyw7xjaHRlIGF1Zi4gU28gZWlucyBnaWJ04oCZcyBkYSBhdWNoOiBBbmdlYmxpY2ggc29sbCBlcyBLYXJ0ZW4gZ2ViZW4sIGluIGRlbmVuIGRpZSBLcmFmdCB2b24gTW9uc3Rlcm4gbWl0IE1hZ2llIHZlcnNpZWdlbHQgaXN0LgpNaXQgZGllc2VuIEthcnRlbiBrw7ZubnRlIG1hbiBnZXdhbHRpZ2UgTWFjaHQgZXJsYW5nZW4gLi4uIEhhaCwgbmEgamEsIHZlcm11dGxpY2ggaXN0IGF1Y2ggZGFzIGJsb8OfIGxlZXJlcyBHZXJlZGUu,W01hcmNoYW5kXQpRdWFuZCBvbiBwYXJjb3VydCBsZSBtb25kZSwgb24gZW50ZW5kIHRvdXRlcyBzb3J0ZXMgZGUgcnVtZXVycy4gUGFybWkgZWxsZXMsIGlsIHkgZW4gYSB1bmUgY29tbWUgY2VsbGUtY2kuIE9uIGRpdCBxdSdpbCBleGlzdGUgZGVzIGNhcnRlcyBxdWkgc2NlbGxlbnQgcGFyIG1hZ2llIGxhIHB1aXNzYW5jZSBkZXMgbW9uc3RyZXMuCkV0IHF1J2VuIHV0aWxpc2FudCBjZXMgY2FydGVzLCBvbiBwb3VycmFpdCBwb3Nzw6lkZXIgdW5lIGZvcmNlIGltbWVuc2UuLi4gSG1waCwgYm9uLCBiaWVuIHPDu3IsIGNlIG4nZXN0IHBldXQtw6p0cmUgcXUndW5lIHJ1bWV1ciBkZSBwbHVzLg==,W01lcmNoYW50XQpLYWxhdSBiZXJrZWxpbGluZyBkdW5pYSwga2FtdSBha2FuIG1lbmRlbmdhciBiZXJiYWdhaSBtYWNhbSBydW1vci4gRGkgYW50YXJhbnlhIGFkYSBqdWdhIHlhbmcgc2VwZXJ0aSBpbmkuIEthdGFueWEgYWRhIGthcnR1IHlhbmcgbWVueWVnZWwga2VrdWF0YW4gbW9uc3RlciBkZW5nYW4gbWFnaWMuCkthdGFueWEga2FsYXUgbWVtYWthaSBrYXJ0dSBpdHUsIGthbXUgYmlzYSBtZW1pbGlraSBrZWt1YXRhbiB5YW5nIGRhaHN5YXQuLi4gSHVoLCB5YSB0ZW50dSBzYWphIGluaSBqdWdhIG11bmdraW4gY3VtYSBydW1vciBiZWxha2Eu,W1TDvGNjYXJdCkTDvG55YXnEsSBkb2xhxZ/EsW5jYSB0w7xybMO8IHTDvHJsw7wgc8O2eWxlbnRpbGVyIGR1eWFyc8SxbsSxei4gQnVubGFyxLFuIGFyYXPEsW5kYSDFn8O2eWxlIGJpciDFn2V5IGRlIHZhci4gQ2FuYXZhcmxhcsSxbiBnw7xjw7xuw7wgYsO8ecO8eWxlIG3DvGjDvHJsZW1pxZ8ga2FydGxhciBvbGR1xJ91IHPDtnlsZW5pci4KTyBrYXJ0xLEga3VsbGFuxLFyc2FuxLF6IGfDvMOnbMO8IGJpciBrdXZ2ZXRlIHNhaGlwIG9sYWJpbGVjZcSfaW5peiBzw7Z5bGVuaXlvci4uLiBIYWgsIHRhYmlpIGJ1IGRhIHNhZGVjZSBiaXIgc8O2eWxlbnRpIG9sYWJpbGlyIGFtYS4=
5paY,W+yDgeyduF0K7JikIOyymOydjCDrs7TripQg7Ja86rW07J24642wPyDrsJjqsJHrhKQuIOq3uOufsOuNsCDrgrTqsIAg7KeA6riIIOyDneqwge2VoCDqsowg7J6I7Jy864uIIOuMgO2ZlOuKlCDrgpjspJHsl5Ag7ZWY7J6Q6rWsLgrrp4jrspXsnZgg64+E7IucIOqyjO2OnOyXkOyEnCDrp4jrspXsl5Ag64yA7ZWcIOyggO2VreugpeydhCDqsIDsp4Dqs6Ag7J6I64qUIOyLoOu5hO2VnCDrsKnslrTqtazrk6TsnYQg7YyQ64uk6rOgIOuTpOyXiOqxsOuToC4g6re46rG4IOuMgOufieycvOuhnCDsnKDthrXsi5ztgqwg7IiYIOyeiOuLpOuptCDrtoDsnpDqsIAg65CgIOyImCDsnojsnYTthZDrjbAg66eQ7JW8Lg==,W01lcmNoYW50XQpPaCwgSSBkb27igJl0IHJlY29nbml6ZSB5b3UuIE5pY2UgdG8gbWVldCB5b3UuIEJ1dCBJ4oCZdmUgZ290IHNvbWV0aGluZyBvbiBteSBtaW5kIHJpZ2h0IG5vdywgc28gbGV04oCZcyB0YWxrIGxhdGVyLgpJIGhlYXJkIHRoYXQgdGhlIG1hZ2ljYWwgY2l0eSBvZiBHZWZmZW4gc2VsbHMgbXlzdGVyaW91cyBhcm1vciB3aXRoIHJlc2lzdGFuY2UgdG8gbWFnaWMuIElmIEkgY291bGQgZGlzdHJpYnV0ZSB0aG9zZSBpbiBidWxrLCBJ4oCZZCBiZSByaWNoIGluIG5vIHRpbWUu,,W+WVhuS6ul0K5ZOm77yM5piv5byg5rKh6KeB6L+H55qE6IS45ZWK77yf5b6I6auY5YW06K6k6K+G5L2g44CC5LiN6L+H5oiR546w5Zyo5pyJ5LqL6KaB5oOz77yM6IGK5aSp5bCx5Lul5ZCO5YaN6K+05ZCn44CCCuaIkeWQrOivtOWcqOmtlOazleS5i+mDveWQieiKrOacieWNluWvuemtlOazleacieaKl+aAp+eahOelnuenmOmYsuWFt+OAguimgeaYr+iDveaKiumCo+S4nOilv+Wkp+mHj+a1gemAmui1t+adpe+8jOWwseiDveWPkei0ouS6huOAgg==,,W01lcmNoYW50XQrguYLguK3guYrguLAg4LmE4Lih4LmI4LiE4Li44LmJ4LiZ4Lir4LiZ4LmJ4Liy4LmA4Lil4LiiIOC4ouC4tOC4meC4lOC4teC4l+C4teC5iOC5hOC4lOC5ieC4o+C4ueC5ieC4iOC4seC4geC4meC4sCAK4LmB4LiV4LmI4LiC4LmJ4Liy4LiB4Liz4Lil4Lix4LiH4LmD4LiK4LmJ4LiE4Lin4Liy4Lih4LiE4Li04LiU4Lit4Lii4Li54LmI4LmE4Lin4LmJ4LiE4LmI4Lit4Lii4LiE4Li44Lii4LiB4Lix4LiZCuC4guC5ieC4suC5hOC4lOC5ieC4ouC4tOC4meC4oeC4suC4p+C5iOC4suC5g+C4meC5gOC4oeC4t+C4reC4h+C5gOC4p+C4l+C4oeC4meC4leC4o+C5jCBHZWZmZW4gCuC4oeC4teC4iuC4uOC4lOC4m+C5ieC4reC4h+C4geC4seC4meC4peC4tuC4geC4peC4seC4muC4l+C4teC5iOC4leC5ieC4suC4meC4l+C4suC4meC5gOC4p+C4l+C4oeC4meC4leC4o+C5jOC5hOC4lOC5iSAK4LiW4LmJ4Liy4Liq4Liy4Lih4Liy4Lij4LiW4LiZ4Liz4Lih4Liy4LiI4Lix4LiU4LiI4Liz4Lir4LiZ4LmI4Liy4LiiCuC5g+C4meC4m+C4o+C4tOC4oeC4suC4k+C4oeC4suC4geC5hOC4lOC5ieC4peC5iOC4sOC4geC5hy4uLiDguKPguKfguKLguYDguKXguLDguYHguJnguYghCg==,,,W0NvbWVyY2lhbnRlXQpPaCwgbm8gbGUgaGFiw61hIHZpc3RvIGFudGVzLiBFbmNhbnRhZG8uIFBlcm8gYWhvcmEgdGVuZ28gYWxnbyBlbiBsbyBxdWUgcGVuc2FyLCBhc8OtIHF1ZSBoYWJsZW1vcyBsdWVnby4KSGUgb8OtZG8gcXVlIGVuIGxhIGNpdWRhZCBtw6FnaWNhIGRlIEdlZmZlbiB2ZW5kZW4gdW5hcyBtaXN0ZXJpb3NhcyBhcm1hZHVyYXMgcXVlIG9mcmVjZW4gcmVzaXN0ZW5jaWEgYSBsYSBtYWdpYS4gU2kgcHVkaWVyYSBkaXN0cmlidWlybGFzIGVuIGdyYW5kZXMgY2FudGlkYWRlcywgcG9kcsOtYSBoYWNlcm1lIHJpY28u,W0jDpG5kbGVyXQpPaCwgZGljaCBoYWIgaWNoIGhpZXIgbm9jaCBuaWUgZ2VzZWhlbi4gRnJldXQgbWljaC4gQWJlciBpY2ggaGFiIGdlcmFkZSB3YXMgenVtIE5hY2hkZW5rZW4sIGFsc28gcmVkZW4gd2lyIHNww6R0ZXIuCkljaCBoYWIgZ2Vow7ZydCwgaW4gZGVyIG1hZ2lzY2hlbiBTdGFkdCBHZWZmZW4gdmVya2F1ZnQgbWFuIGdlaGVpbW5pc3ZvbGxlIFLDvHN0dW5nZW4sIGRpZSBXaWRlcnN0YW5kIGdlZ2VuIE1hZ2llIHZlcmxlaWhlbi4gV2VubiBpY2ggZGllIGluIGdyb8OfZW4gTWVuZ2VuIHZlcnRyZWliZW4ga8O2bm50ZSwgd8OkciBpY2ggaW0gSGFuZHVtZHJlaGVuIHJlaWNoLg==,W01hcmNoYW5kXQpPaCwgdW5lIHTDqnRlIHF1ZSBqZSBjb25uYWlzIHBhcy4gRW5jaGFudMOpLiBNYWlzIGzDoCwgauKAmWFpIHVuIHRydWMgZW4gdMOqdGUgOiBvbiBwYXJsZXJhIHBsdXMgdGFyZC4KSuKAmWFpIGVudGVuZHUgZGlyZSBxdeKAmcOgIEdlZmZlbiwgbGEgY2l0w6kgbWFnaXF1ZSwgb24gdmVuZCBkZXMgYXJtdXJlcyBteXN0w6lyaWV1c2VzIHF1aSByw6lzaXN0ZW50IMOgIGxhIG1hZ2llLiBTaSBqZSBwZXV4IGVuIMOpY291bGVyIGVuIG1hc3NlLCBqZSBkZXZpZW5zIHJpY2hlLg==,W01lcmNoYW50XQpPaCwgd2FqYWggeWFuZyBiZWx1bSBwZXJuYWgga3VsaWhhdD8gU2VuYW5nIGJlcnRlbXUuIFRhcGkgYWt1IHNlZGFuZyBtZW1pa2lya2FuIHNlc3VhdHUsIGphZGkgYmljYXJhIG5hbnRpIHNhamEuCkFrdSBkZW5nYXIgZGkga290YSBtYWdpYyBHZWZmZW4gbWVyZWthIG1lbmp1YWwgYXJtb3IgbWlzdGVyaXVzIHlhbmcgcHVueWEgZGF5YSB0YWhhbiB0ZXJoYWRhcCBtYWdpYy4gS2FsYXUgYWt1IGJpc2EgbWVuZGlzdHJpYnVzaWthbm55YSBkYWxhbSBqdW1sYWggYmVzYXIsIGFrdSBiaXNhIGphZGkga2F5YSByYXlhLg==,W1TDvGNjYXJdCk9vLCBpbGsga2V6IGfDtnJkw7zEn8O8bSBiaXIgecO8ej8gTWVtbnVuIG9sZHVtLiBBbWEgxZ91IGFuIGTDvMWfw7xuZWNlayBiaXIgxZ9leWltIHZhciwga29udcWfbWF5xLEgc29ucmEgeWFwYWzEsW0uCkLDvHnDvCDFn2VocmkgR2VmZmVuZGUgYsO8ecO8eWUga2FyxZ/EsSBkaXJlbsOnIHNhxJ9sYXlhbiBnaXplbWxpIHrEsXJobGFyIHNhdMSxbGTEscSfxLFuxLEgZHV5ZHVtLiBPbmxhcsSxIHRvcGx1IGhhbGRlIGRhxJ/EsXRhYmlsaXJzZW0gemVuZ2luIG9sYWJpbGlyaW0geWEu
55aY,7LKt64WE,WW91bmcgTWFu,,6Z2S5bm0,,WW91bmcgTWFu,,,Sm92ZW4=,SnVuZ2VyIE1hbm4=,SmV1bmU=,WW91bmcgTWFu,R2Vuw6cgYWRhbQ==
6JaY,W+yDgeyduF0K7KCE7ISk7IaN7JeQIOuTseyepe2VmOuKlCDqtoHqt7jri5DsnbTrnbzripQg66y06riw64qUIO2VnOuyiCDrqqntkZzroZztlZwg7IOB64yA66W8IOygiOuMgOuhnCDrhpPsuZjripQg67KV7J20IOyXhuuLpOqzoCDtlZjripTrjbAg66eQ7JW8Li4uIOygleunkOuhnCDsnojri6TrqbQuLi4g7J6s66+47J6I7J2E6rGwIOqwmeyngD8=,W01lcmNoYW50XQpUaGV5IHNheSB0aGUgbGVnZW5kYXJ5IHdlYXBvbiBjYWxsZWQgR3VuZ25pciBuZXZlciBtaXNzZXMgdGhlIHRhcmdldCBpdOKAmXMgc2V0IHVwb24uLi4gSWYgc3VjaCBhIHRoaW5nIHJlYWxseSBleGlzdHMuLi4gd291bGRu4oCZdCB0aGF0IGJlIGludGVyZXN0aW5nPw==,,W+WVhuS6ul0K5Lyg6K+05Lit55m75Zy655qE6YKj5oqK5Y+r5YaI5qC85bC85bCU55qE5q2m5Zmo77yM5o2u6K+05LiA5pem6ZSB5a6a55uu5qCH5bCx57ud5LiN5Lya5aSx5omL4oCm4oCm6KaB5piv55yf55qE5a2Y5Zyo4oCm4oCm5LiN5piv5b6I5pyJ5oSP5oCd5ZCX77yf,,W01lcmNoYW50XQrguK3guLLguKfguLjguJjguYPguJnguJXguLPguJnguLLguJnguJfguLXguYjguKHguLXguIrguLfguYjguK3guKfguYjguLIgR3VuZ25pciDguJnguYjguLAg4Lin4LmI4Liy4LiB4Lix4LiZ4Lin4LmI4Liy4Lir4Liy4LiB4LmE4LiU4LmJ4LmA4Lil4LmH4LiH4LmA4Lib4LmJ4Liy4Lir4Lih4Liy4Lii4LmB4Lil4LmJ4Lin4LmE4Lih4LmI4Lih4Li14LiE4Liz4Lin4LmI4Liy4Lie4Lil4Liy4LiULi4uIOC4luC5ieC4suC4oeC4teC4reC4ouC4ueC5iOC4iOC4o+C4tOC4hy4uLiDguITguIfguKrguJnguLjguIHguYTguKHguYjguYPguIrguYjguJnguYnguK3guKI=,,,W0NvbWVyY2lhbnRlXQpEaWNlbiBxdWUgR3VuZ25pciwgdW4gYXJtYSBxdWUgYXBhcmVjZSBlbiBsYXMgbGV5ZW5kYXMsIG51bmNhIGZhbGxhIGVsIGJsYW5jbyBhbCBxdWUgYXB1bnRhLi4uIFNpIGRlIHZlcmRhZCBleGlzdGllcmEuLi4gwr9ubyBzZXLDrWEgZGl2ZXJ0aWRvPw==,W0jDpG5kbGVyXQpNYW4gc2FndCwgZWluZSBXYWZmZSBhdXMgZGVuIExlZ2VuZGVuIG5hbWVucyBHdW5nbmlyIGxhc3NlIGVpbiBlaW5tYWwgaW5zIFZpc2llciBnZW5vbW1lbmVzIFppZWwgbmllbWFscyBlbnRrb21tZW4gLi4uIFdlbm4gZXMgZGllIHdpcmtsaWNoIGfDpGJlIC4uLiB3w6RyIGRhcyBuaWNodCBpbnRlcmVzc2FudD8=,W01hcmNoYW5kXQpPbiBkaXQgcXVlIGwnYXJtZSBhcHBlbMOpZSBHdW5nbmlyLCBxdWkgYXBwYXJhw650IGRhbnMgbGVzIGzDqWdlbmRlcywgbmUgbWFucXVlIGphbWFpcyBsYSBjaWJsZSBxdSdlbGxlIGEgcHJpc2UgcG91ciBvYmplY3RpZi4uLiBTaSBlbGxlIGV4aXN0YWl0IHZyYWltZW50Li4uIGNlIHNlcmFpdCBhbXVzYW50LCBub24/,W01lcmNoYW50XQpLYXRhbnlhIHdlYXBvbiBiZXJuYW1hIEd1bmduaXIgeWFuZyBtdW5jdWwgZGFsYW0gbGVnZW5kYSBpdHUgdGlkYWsgcGVybmFoIHNla2FsaXB1biBtZWxlc2V0IGRhcmkgdGFyZ2V0IHlhbmcgc3VkYWggZGl0ZXRhcGthbi4uLiBLYWxhdSBiZW5hci1iZW5hciBhZGEuLi4gc2VwZXJ0aW55YSBha2FuIG1lbmFyaWssIGJ1a2FuPw==,W1TDvGNjYXJdCkVmc2FuZWxlcmRlIGdlw6dlbiBHdWduaXIgYWRsxLEgc2lsYWjEsW4sIGJpciBrZXogaGVkZWYgYWxkxLHEn8SxIHJha2liaSBhc2xhIGthw6fEsXJtYWTEscSfxLEgc8O2eWxlbmlyIHlhLi4uCkdlcsOnZWt0ZW4gdmFyc2EuLi4gZcSfbGVuY2VsaSBvbHVyZHUsIGRlxJ9pbCBtaT8=
6ZaY,7ISg7JuQ,U2FpbG9y,,5rC05omL,,U2FpbG9y,,,TWFyaW5lcm8=,TWF0cm9zZQ==,TWFyaW4=,U2FpbG9y,RGVuaXpjaQ==
6paY,W+yEoOybkF0K7Ja065SU66GcIOuqqOyLpOq5jOyalD8=,W1NhaWxvcl0KV2hlcmUgd291bGQgeW91IGxpa2UgdG8gZ28/,,W+awtOaJi10K6KaB6YCB5L2g5Y675ZOq6YeM77yf,,W1NhaWxvcl0K4LmA4LiI4LmJ4Liy4LiI4Liw4LmE4Lib4LiX4Li14LmI4LmD4LiU,,,W01hcmluZXJvXQrCv0Fkw7NuZGUgZGVzZWEgaXI/,W01hdHJvc2VdCldvaGluIGRhcmYgaWNoIEV1Y2ggYnJpbmdlbj8=,W01hcmluXQpPw7kgZG9pcy1qZSB2b3VzIGNvbmR1aXJlPw==,W1NhaWxvcl0KTWF1IGFrdSBhbnRhciBrZSBtYW5hPw==,W0Rlbml6Y2ldClNpemkgbmVyZXllIGfDtnTDvHJleWltPw==
65aY,64Kc7YyM7ISgIC0+IDEyMCDsoJzri4gu,U2hpcHdyZWNrIC0+IDEyMCBaZW55Lg==,,5rKJ6Ii5IC0+IDEyMCBaZW55Lg==,,U3Vua2VuIFNoaXAgLT4gMTIwIFplbnk=,,,QmFyY28gaHVuZGlkbyAtPiAxMjAgWmVueS4=,U2NoaWZmc3dyYWNrIC0+IDEyMCBaZW55Lg==,w4lwYXZlIC0+IDEyMCBaZW55Lg==,U2hpcHdyZWNrIC0+IDEyMCBaZW55Lg==,R2VtaSBFbmthesSxIC0+IDEyMCBaZW55Lg==
7JaY,7J207KaI66Oo65OcIO2Vreq1rCAtPiAyNTAg7KCc64uILg==,SXpsdWRlIEhhcmJvciAtPiAyNTAgWmVueS4=,,5L6d5pav6bKB5b6X5riv5Y+jIC0+IDI1MCBaZW55Lg==,,4LiX4LmI4Liy4LmA4Lij4Li34LitIEl6bHVkZSAtPiAyNTAgWmVueQ==,,,UHVlcnRvIGRlIEl6bHVkZSAtPiAyNTAgWmVueS4=,SGFmZW4gdm9uIEl6bHVkZSAtPiAyNTAgWmVueS4=,UG9ydCBkZSBJemx1ZGUgLT4gMjUwIFplbnku,SXpsdWRlIEhhcmJvciAtPiAyNTAgWmVueS4=,SXpsdWRlIGxpbWFuxLEgLT4gMjUwIFplbnku
7ZaY,6re466eM65GU64ukLg==,UXVpdA==,,566X5LqG44CC,,4Lii4LiB4LmA4Lil4Li04LiB,,,RGVqYXJsby4=,QWJicmVjaGVuLg==,TGFpc3NlciB0b21iZXIu,QmVyaGVudGku,VmF6Z2XDpy4=
7paY,W+yEoOybkF0K7Z2gISDslYjrkKnri4jri6QhIOygiOuMgCAxMjAg7KCc64uIIOuwm+qyoOyKteuLiOuLpCE=,W1NhaWxvcl0KSG1waCEgTm8gY2FuIGRvISBJdOKAmWxsIGJlIGV4YWN0bHkgMTIwIFplbnkh,,W+awtOaJi10K5ZO8IeS4jeihjCHmiJHnu53lr7nopoHmlLYxMjAgWmVueSE=,,W1NhaWxvcl0K4Lir4Li34LihISDguYTguKHguYjguYTguJTguYkhIOC4leC5ieC4reC4hyAxMjAgWmVueSDguYDguJfguYjguLLguJnguLHguYnguJkh,,,W01hcmluZXJvXQrCoUhtISDCoU5vIHNlIHB1ZWRlISDCoUxlIGNvYnJhcsOpIDEyMCBaZW55LCBzaW4gZXhjZXBjacOzbiE=,W01hdHJvc2VdCkhtISBOZWluLCBzbyBnZWh0IGRhcyBuaWNodCEgMTIwIFplbnkgc2luZCBhdWYgamVkZW4gRmFsbCBmw6RsbGlnIQ==,W01hcmluXQpIbW0gISBJbXBvc3NpYmxlICEgQ2Ugc2VyYSAxMjAgWmVueSwgcGFzIG1vaW5zICE=,W1NhaWxvcl0KSG1tISBUaWRhayBiaXNhISBQb2tva255YSBha3UgYWthbiBtZW5lcmltYSAxMjAgWmVueSE=,W0Rlbml6Y2ldCkjEsW0hIE9sbWF6ISBLZXNpbmxpa2xlIDEyMCBaZW55IGFsYWNhxJ/EsW0h
75aY,W+yEoOybkF0K7Z2gISDslYjrkKnri4jri6QhIOygiOuMgCAyNTAg7KCc64uIIOuwm+qyoOyKteuLiOuLpCE=,W1NhaWxvcl0KSG1waCEgTm8gY2FuIGRvISBJdOKAmWxsIGJlIGV4YWN0bHkgMjUwIFplbnkh,,W+awtOaJi10K5ZO8IeS4jeihjCHmiJHnu53lr7nopoHmlLYyNTAgWmVueSE=,,W1NhaWxvcl0K4Lir4Li34LihISDguYTguKHguYjguYTguJTguYkhIOC4leC5ieC4reC4hyAyNTAgWmVueSDguYDguJfguYjguLLguJnguLHguYnguJkh,,,W01hcmluZXJvXQrCoUhtISDCoU5vIHNlIHB1ZWRlISDCoUxlIGNvYnJhcsOpIDI1MCBaZW55LCBzaW4gZmFsdGEh,W01hdHJvc2VdCkhtISBOZWluLCBzbyBnZWh0IGRhcyBuaWNodCEgMjUwIFplbnkgc2luZCBhdWYgamVkZW4gRmFsbCBmw6RsbGlnIQ==,W01hcmluXQpIbW0gISBJbXBvc3NpYmxlICEgQ2Ugc2VyYSAyNTAgWmVueSwgcGFzIG1vaW5zICE=,W1NhaWxvcl0KSG1tISBUaWRhayBiaXNhISBQb2tva255YSBha3UgYWthbiBtZW5lcmltYSAyNTAgWmVueSE=,W0Rlbml6Y2ldCkjEsW0hIE9sbWF6ISBLZXNpbmxpa2xlIDI1MCBaZW55IGFsYWNhxJ/EsW0h
8JaY,W+yEoOybkF0K7KKL7Jy87Iuk64yA66GcLi4uLg==,W1NhaWxvcl0KU3VpdCB5b3Vyc2VsZi4uLi4=,,W+awtOaJi10K6ZqP5L2g5L6/Li4uLg==,,W1NhaWxvcl0K4LmB4Lil4LmJ4Lin4LmB4LiV4LmI4LmA4LiW4Li04LiULi4u,,,W01hcmluZXJvXQpDb21vIGRlc2VlLi4uLg==,W01hdHJvc2VdCldpZSBJaHIgd29sbHQuLi4u,W01hcmluXQpDb21tZSB2b3VzIHZvdWxlei4uLg==,W1NhaWxvcl0KVGVyc2VyYWguLi4u,W0Rlbml6Y2ldCk5hc8SxbCBpc3RlcnNlbml6Li4uLg==
8ZaY,W+yEoOybkF0K64+M7JWE6rCA7Iuc6rKg7Iq164uI6rmMPw==,W1NhaWxvcl0KV291bGQgeW91IGxpa2UgdG8gaGVhZCBiYWNrPw==,,W+awtOaJi10K5L2g6KaB5Zue5Y675ZCXPw==,,W1NhaWxvcl0K4LiV4LmJ4Lit4LiH4LiB4Liy4Lij4LiB4Lil4Lix4Lia4Lir4Lij4Li34Lit4LmE4Lih4LmI,,,W01hcmluZXJvXQrCv0Rlc2VhIHJlZ3Jlc2FyPw==,W01hdHJvc2VdCldvbGx0IElociB6dXLDvGNra2VocmVuPw==,W01hcmluXQpWb3VzIHJlbnRyZXogPw==,W1NhaWxvcl0KQXBha2FoIGthbXUgYWthbiBrZW1iYWxpPw==,W0Rlbml6Y2ldCkdlcmkgZMO2bm1layBpc3RlciBtaXNpbml6Pw==
8paY,7JWM67Kg66W07YOA66GcIOuPjOyVhOqwhOuLpC4=,UmV0dXJuIHRvIEFsYmVydGEu,,6L+U5Zue6Im+5bCU6LSd5aGULg==,,4LiB4Lil4Lix4Lia4LmE4LibIEFsYmVydGE=,,,UmVncmVzYXIgYSBBbGJlcnRhLg==,TmFjaCBBbGJlcnRhIHp1csO8Y2trZWhyZW4u,UmV0b3VybmVyIMOgIEFsYmVydGEu,S2VtYmFsaSBrZSBBbGJlcnRhLg==,QWxiZXJ0YXlhIGdlcmkgZMO2bmVyaW0u
85aY,7KO87KCV67GF7J20,RHJ1bmthcmQ=,,6YWS6ay8,,RHJ1bmthcmQ=,,,Qm9ycmFjaG8=,VHJ1bmtlbmJvbGQ=,SXZyb2duZQ==,RHJ1bmthcmQ=,U2FyaG/Fnw==
9JaY,W+yjvOygleuxheydtF0K65S46r65Li4uLiDsnZE/Li4uLiDrrZAuLuutmOuztOuKlOqxsOyVvD8g7KCA66as6rCA7KeA66q77ZW0ISE=,W0RydW5rYXJkXQpIaWMuLi4uIEh1aD8uLi4uIFctd2hhdCBhcmUgeW91IHN0YXJpbmcgYXQ/IEdldCBsb3N0IGFscmVhZHkhIQ==,,W+mFkumsvF0K5ZedLi4uLuWXrz8uLi4u55yLLi7nnIvku4DkuYjnnIs/6LWw5byAISE=,,W0RydW5rYXJkXQrguK3guLbguIEuLi4g4LmA4Lit4LmK4LiwPy4uLiDguKHguLAuLi7guKHguK3guIfguK3guLDguYTguKPguK3guKLguLnguYg/IOC5hOC4m+C5g+C4q+C5ieC4nuC5ieC4mSEh,,,W0JvcnJhY2hvXQpIaXBvLi4uLiDCv0VoPy4uLi4gwr9RdcOpLi4uIHF1w6kgbWlyYXM/IMKhwr9ObyBwdWVkZXMgbGFyZ2FydGU/IQ==,W1RydW5rZW5ib2xkXQpIaWNrcy4uLi4gSMOkPy4uLi4gV2EuLiB3YXMgZ2xvdHp0IGR1PyBIYXUgYWIhIQ==,W0l2cm9nbmVdCkhpYy4uLiBIZWluID8uLi4gUXUtLi4uIHF14oCZZXN0LWNlIHF1ZSB0dSByZWdhcmRlcyA/IETDqWdhZ2UsIHR1IGNyb2lzIHF1ZSB0dSBwZXV4ID8h,W0RydW5rYXJkXQpIaWsuLi4uIEhhaD8uLi4uIEFwYS4uIGFwYSB5YW5nIEthbXUgbGloYXQ/IFBlcmdpIHNhbmEhIQ==,W1NhcmhvxZ9dCkjEsWsuLi4uIEhhPy4uLi4gTmUuLiBuZXllIGJha8SxeW9yc3VuPyBEZWZvbHVwIGdpZGVtaXlvciBtdXN1biEh
9ZaY,6re464OlIOyeiOuKlOuLpC4=,SnVzdCBzdGF5Lg==,,5bCx6L+Z5qC35b6F552A44CC,,4Lii4Li34LiZ4LiZ4Li04LmI4LiH,,,UXVlZGFyc2Uu,RWluZmFjaCBzdGVoZW4gYmxlaWJlbi4=,UmVzdGVyIHN1ciBwbGFjZS4=,VGV0YXAgZGkgc2luaSBzYWphLg==,w5Z5bGVjZSBkdXJ1cnVtLg==
9paY,7J6Q66as66W8IOu5hO2CqOuLpC4=,U3RlcCBhc2lkZS4=,,6K6p5byA5L2N572u44CC,,4Lir4Lil4Li14LiB4LiX4Liy4LiH,,,QXBhcnRhcnNlLg==,RGVuIFBsYXR6IHZlcmxhc3Nlbi4=,U+KAmcOpbG9pZ25lci4=,TWVuaW5nZ2Fsa2FuIHRlbXBhdCBpdHUu,T3JhZGFuIGF5csSxbMSxcsSxbS4=
95aY,W+yjvOygleuxheydtF0K7Juo7Zek7Zek7ZekIOuUuOq+uS4uLiDrsLDsp7HsnojripTrhYDshJ3snbTroZzqtazrp4wuLgrtl6QuLiDrgrTqsIAg7J20656Y67WI64+EIOunkOydtOylkH4g65S46r65IOyYiOyghOyXlCDsnpjrgpjqsIDrjZgg6rOg7J6J66mU66as7Zi47J2YIOyEoOybkOydtOyYgOuLqOunkOydtOyngA==,W0RydW5rYXJkXQpXaGVoZWhlaGUsIGhpYy4uLiBZb3XigJl2ZSBnb3Qgc29tZSBndXRzLCBraWQuLgpIZWguLi4gRG9u4oCZdCBsZXQgYXBwZWFyYW5jZXMgZm9vbCB5b3V+IGhpYy4gSSB1c2VkIHRvIGJlIGEgU2FpbG9yIG9uIHRoZSBmYW1vdXMgR29pbmcgTWVycnkgb25jZSB1cG9uIGEgdGltZS4=,,W+mFkumsvF0K5ZaC5Zi/5Zi/5Zi/77yM5Zed4oCm4oCm5bCP5a2Q77yM5L2g6L+Y5oy65pyJ6IOG6YeP55qE4oCm4oCmCuWYv+KApuKApuWIq+iiq+WkluihqOmql+S6hn7ll53vvIzmiJHku6XliY3lj6/mmK/po47lhYnkuIDml7bnmoTjgIzlv6vkuZDlj7fjgI3oiLnnmoTmsLTmiYvjgII=,,W0RydW5rYXJkXQrguYDguK7guYkg4LmGIOC5hiDguK7guLbguIEuLi4g4LmA4LiI4LmJ4Liy4LiZ4Li14LmI4LiB4Lil4LmJ4Liy4LiU4Li14LmA4Lir4Lih4Li34Lit4LiZ4LiB4Lix4LiZ4LiZ4LiwCuC5gOC4ruC5iS4uLiDguJbguLbguIfguILguYnguLLguIjguLDguYDguJvguYfguJnguYHguJrguJrguJnguLXguYkg4Liu4Li24LiBLi4uIOC5geC4leC5iOC5gOC4oeC4t+C5iOC4reC4geC5iOC4reC4meC4guC5ieC4suC5gOC4m+C5h+C4meC4peC4ueC4geC5gOC4o+C4t+C4reC4guC4reC4hyBHb2luZyBNZXJyeSDguJfguLXguYjguYLguJTguYjguIfguJTguLHguIfguYDguKXguKLguJnguLA=,,,W0JvcnJhY2hvXQpKZWplamVqZS4uLiDCoUhpcCEgVmF5YSwgc8OtIHF1ZSB0aWVuZXMgYWdhbGxhcy4uLgpKZS4uLiBBdW5xdWUgbm8gbG8gcGFyZXpjYS4uLiDCoWhpcCEgQW50ZXMgZnVpIG1hcmluZXJvIGRlbCBmYW1vc28gR29pbmcgTWVycnku,W1RydW5rZW5ib2xkXQpXZWhlaGVoZSwgSGlja3MuLi4gRHUgaGFzdCBqYSBNdW1tLi4uCkhlaC4uLiBBdWNoIHdlbm4gaWNoIGpldHp0IHNvIGF1c3NlaH4gSGlja3MsIGljaCB3YXIgZnLDvGhlciBNYXRyb3NlIGF1ZiBkZXIgZWluc3Qgc28gYmVyw7xobXRlbiBHb2luZy1NZXJyeSwgc2FnIGljaCBkaXIh,W0l2cm9nbmVdClfDqWjDqWjDqWjDqS4uLiBoaWMuIFTigJlhcyBkdSBjcmFuLCB0b2kuLi4KSMOpLi4uIGrigJllbiBhaSBwZXV0LcOqdHJlIGzigJlhaXIsIHR1IHZvaXN+IGhpYy4uLiBtYWlzIGF1dHJlZm9pcywgauKAmcOpdGFpcyBtYXJpbiBzdXIgbGUgR29pbmcgTWVycnkuIFVuIGZhbWV1eCByYWZpb3QsIGplIHRlIGRpcyAh,W0RydW5rYXJkXQpXZWhlaGVoZSBoaWsuLi4gUnVwYW55YSBLYW11IHB1bnlhIG55YWxpLi4KSGUuLiBtZXNraSBrZWxpaGF0YW5ueWEgYmVnaW5pLCBha3UgaW5pfiBoaWsgZHVsdSBhZGFsYWggU2FpbG9yIGRhcmkga2FwYWwgR29pbmcgTWVycnkgeWFuZyBkdWx1IHBlcm5haCBiZXJqYXlhLCBsaG8u,W1NhcmhvxZ9dCldlaGVoZWhlIGjEsWsuLi4gWcO8cmVrbGkgaGVyaWZtacWfc2luLi4KSGUuLiBCZW4gYsO2eWxlIGfDtnLDvG5zZW0gZGUgacWfdGV+IGjEsWsgZXNraWRlbiBpeWkgZ2lkZXJkaSwgR29pbmcgTWVycnkgZ2VtaXNpbmluIERlbml6Y2lpeWRpbSBpxZ90ZS4=
+JaY,6re46rKMIOustOyKqCDrsLDsnbjqsIDsmpQ/,V2hhdCBraW5kIG9mIHNoaXAgd2FzIHRoYXQ/,,6YKj5piv5LuA5LmI6Ii5Pw==,,4LmA4Lij4Li34Lit4Lil4Liz4LiZ4Lix4LmJ4LiZ4LiE4Li34Lit4LmA4Lij4Li34Lit4Lit4Liw4LmE4Lij4LmA4Lir4Lij4LitPw==,,,wr9RdcOpIGNsYXNlIGRlIGJhcmNvIGVyYSBlc2U/,V2FzIGlzdCBkYXMgZsO8ciBlaW4gU2NoaWZmPw==,Q+KAmcOpdGFpdCBxdWVsIGdlbnJlIGRlIGJhdGVhdSA/,SXR1IGthcGFsIGFwYT8=,QnUgbmFzxLFsIGJpciBnZW1pPw==
+ZaY,7JmAIeupi+yngOq1sOyalCE=,V293ISBUaGF0IHNvdW5kcyBhbWF6aW5nIQ==,,5ZOHIeecn+W4heWViiE=,,4Lin4LmJ4Liy4LinISDguYDguJfguYjguKHguLLguIHguYDguKXguKIh,,,wqFHdWF1ISDCoVF1w6kgZ2VuaWFsIQ==,V293ISBLbGluZ3QgamEgZ3Jvw59hcnRpZyE=,V2FoICEgR8OpbmlhbCAh,V2FoISBLZXJlbiBzZWthbGkh,VmF5ISBIYXJpa2F5bcSxxZ8h
+paY,W+yjvOygleuxheydtF0K7JelPyDrqqjrpbjri6Tqtaw/CuuVjOuBvCHqt7gg7J6Y64KY6rCA642YIO2VtOyggeydtOyYgOuNmCDqs6DsnonrqZTrpqzri6jsnYQg66qo66W464uo66eQ7J2064OjISDrlLjqvrl+,W0RydW5rYXJkXQpIdWg/IFlvdSBkb27igJl0IGtub3cgaXQ/ClRjaCEgWW91IG1lYW4geW914oCZdmUgbmV2ZXIgaGVhcmQgb2YgdGhlIGdyZWF0IHBpcmF0ZSBjcmV3IG9mIHRoZSBHb2luZyBNZXJyeT8gSGljfiE=,,W+mFkumsvF0K6K+277yf5L2g5LiN55+l6YGT77yf5re36LSm77yB6L+e6YKj5Liq6aOO5YWJ5LiA5pe255qE5rW355uXR29pbmcgTWVycnnlm6Lpg73kuI3nn6XpgZPlkJfvvIHll53vvZ4=,,W0RydW5rYXJkXQrguKvguYrguLA/IOC5hOC4oeC5iOC4o+C4ueC5ieC5gOC4q+C4o+C4rT8K4Lia4LmJ4Liy4LmA4Lit4LmK4LiiISDguYTguKHguYjguKPguLnguYnguIjguLHguIEgR29pbmcgTWVycnkg4LiX4Li14LmI4LmA4LiE4Lii4LmA4Lib4LmH4LiZ4LmC4LiI4Lij4Liq4Lil4Lix4LiU4Lit4Lix4LiZ4LmC4LiU4LmI4LiH4LiU4Lix4LiH4LiK4Li34LmI4Lit4LiB4Lij4Liw4LiJ4LmI4Lit4LiZ4LiH4Lix4LmJ4LiZ4LmA4Lij4Lit4LiwISDguKrguLDguK3guLbguIF+,,,W0JvcnJhY2hvXQrCv0VoPyDCv1F1ZSBubyBsbyBjb25vY2VzPwrCoU95ZSEgwr9ObyBjb25vY2VzIGEgbGEgZmFtb3NhIGJhbmRhIHBpcmF0YSBHb2luZyBNZXJyeT8gwqFIaXB+IQ==,W1RydW5rZW5ib2xkXQpIw6Q/IER1IGtlbm5zdCBkaWUgbmljaHQ/ClR6ISBEdSBrZW5uc3QgbmljaHQgbWFsIGRpZSBHb2luZy1NZXJyeS1CYW5kZSwgZGllc2UgZWluc3Qgc28gYmVyw7xobXRlbiBQaXJhdGVuPyEgSGlja3N+,W0l2cm9nbmVdCkhlaW4gPyBUdSBjb25uYWlzIHBhcyA/ClRzcyAhIENvbW1lbnQgw6dhLCB0dSBjb25uYWlzIHBhcyBsYSBjw6lsw6hicmUgYmFuZGUgZHUgR29pbmcgTWVycnkgISBIaWN+,W0RydW5rYXJkXQpIYWg/IFRpZGFrIHRhaHU/Ckt1cmFuZyBhamFyISBNYXNhIHRpZGFrIHRhaHUgR29pbmcgTWVycnksIGJhamFrIGxhdXQgeWFuZyBkdWx1IGJlZ2l0dSB0ZXJrZW5hbCBpdHUhIEhpa34=,W1NhcmhvxZ9dCkhhPyBCaWxtaXlvciBtdXN1bnV6PwpIZXkhIMWedSBuYW0gc2FsbcSxxZ8ga29yc2FuIEdvaW5nIE1lcnJ5IERhbifEsSBkYSBtxLEgYmlsbWl5b3JzdW51eiEgSMSxa34=
+5aY,W+yjvOygleuxheydtF0K7JWEfiDqt7jrpr3ri6QuLiDqt7jrlYwg6re4IO2DnO2SjeunjCDslYTri4jsmIDslrTrj4Qg7Z2R7Z2RLi4uIOuUuOq+uQrtirntnogg7Jq4IOyEoOyepeuLmOydtCDsg53qsIHrgpjripTqtbAuLuuUuOq+uSDshKDsnqXri5jsnbQg7ZyY65GQ66W47Lm87JeQIOyCtOyVhOuCqOuKlCDrhYDshJ3snYAg7JeG7JeI64qU642wIOunkOydtOyVvA==,W0RydW5rYXJkXQpBaH4gSSBtaXNzIHRob3NlIGRheXMuLiBJZiBvbmx5IGl0IHdlcmVu4oCZdCBmb3IgdGhhdCBzdG9ybS4uLiAqc25pZmYqIGhpYwpJIGVzcGVjaWFsbHkgbWlzcyBvdXIgY2FwdGFpbi4uIGhpYy4gTm8gb25lIGV2ZXIgc3Vydml2ZWQgYSBzd2luZyBvZiB0aGUgYmxhZGUgaGUgd2llbGRlZC4=,,W+mFkumsvF0K5ZWKfuecn+aAgOW/tS4u6KaB5LiN5piv6YKj5pe25YCZ5rKh5pyJ6YKj5Zy65Y+w6aOO55qE6K+d5ZGc5ZGcLi4u5ZedCuWwpOWFtuS8muaDs+i1t+aIkeS7rOiIuemVvy4u5Zed6KKr6Ii56ZW/5oyl5YiA56CN6L+H6L+Y6IO95rS75LiL5p2l55qE5a625LyZ5Y+v5rKh5pyJ5ZWK,,W0RydW5rYXJkXQrguK3guLJ+IOC4hOC4tOC4lOC4luC4tuC4h+C4iOC4seC4hy4uIOC4luC5ieC4suC5hOC4oeC5iOC5g+C4iuC5iOC5gOC4nuC4o+C4suC4sOC4nuC4suC4ouC4uOC5hOC4leC5ieC4neC4uOC5iOC4meC4p+C4seC4meC4meC4seC5ieC4meC4peC5iOC4sOC4geC5hyDguK7guLbguIHguK7guLbguIEuLi4g4Liq4Liw4Lit4Li24LiBCuC4ouC4tOC5iOC4h+C4meC4tuC4geC4luC4tuC4h+C4geC4seC4m+C4leC4seC4meC4guC4reC4h+C4nuC4p+C4geC5gOC4o+C4suC4ouC4tOC5iOC4h+C4hOC4tOC4lOC4luC4tuC4h+C5gOC4peC4oi4u4Liq4Liw4Lit4Li24LiBIOC5hOC4oeC5iOC4oeC4teC5g+C4hOC4o+C4o+C4reC4lOC4iOC4suC4geC4lOC4suC4muC4l+C4teC5iOC4geC4seC4m+C4leC4seC4meC4n+C4suC4lOC4peC4h+C5hOC4m+C5hOC4lOC5ieC5gOC4peC4ouC4meC4sA==,,,W0JvcnJhY2hvXQpBaC4uLiBxdcOpIG5vc3RhbGdpYS4uLiBTaSBubyBodWJpZXJhIHNpZG8gcG9yIGFxdWVsbGEgdG9ybWVudGEuLi4gU25pZi4uLiDCoWhpcCEKU29icmUgdG9kbywgZWNobyBkZSBtZW5vcyBhIG51ZXN0cm8gY2FwaXTDoW4uLi4gwqFoaXAhIE5hZGllIHNvYnJldml2w61hIGEgdW4gZ29scGUgZGUgc3UgZXNwYWRhLg==,W1RydW5rZW5ib2xkXQpBaH4gSWNoIHZlcm1pc3NlIGRpZSBhbHRlbiBaZWl0ZW4gLi4uIFdlbm4gZGFtYWxzIG51ciBkaWVzZXIgU3R1cm0gbmljaHQgZ2V3ZXNlbiB3w6RyZSwgc2NobHVjaHogLi4uIEhpY2tzLgpWb3IgYWxsZW0gbXVzcyBpY2ggYW4gdW5zZXJlbiBLw6RwdOKAmW4gZGVua2VuIC4uLiBIaWNrcy4gRXMgZ2FiIGtlaW5lbiBLZXJsLCBkZXIgZWluZW4gSGllYiBtaXQgc2VpbmVtIFNjaHdlcnQgw7xiZXJsZWJ0IGhhdC4=,W0l2cm9nbmVdCkFofiDDh2EgbWUgbWFucXVlLi4uIFNpIHNldWxlbWVudCB54oCZYXZhaXQgcGFzIGV1IGNlIHR5cGhvbi4uLiBzbmlmLi4uIGhpYy4KU3VydG91dCwgbm90cmUgY2FwaXRhaW5lLi4uIGhpYy4gUGVyc29ubmUgc3Vydml2YWl0IMOgIGzigJnDqXDDqWUgcXXigJlpbCBiYWxhbsOnYWl0Lg==,W0RydW5rYXJkXQpBaH4gcmluZHUgc2VrYWxpLi4gS2FsYXUgc2FqYSBidWthbiBrYXJlbmEgdG9wYW4gd2FrdHUgaXR1LCBoaWtzIGhpa3MuLi4gSGlrfgpUZXJ1dGFtYSwgYWt1IGphZGkgdGVyaW5nYXQga2FwdGVuIGthbWkuLiBIaWt+IFRpZGFrIGFkYSB5YW5nIGJpc2Egc2VsYW1hdCBkYXJpIHRlYmFzYW4gcGVkYW5nIGthcHRlbiBrYW1pLg==,W1NhcmhvxZ9dCkFofiDDlnpsZWRpbS4uIE8gemFtYW5sYXIsIG8gdGF5ZnVuIG9sbWFzYXlkxLEuLi4gaMSxw6drIGjEscOnay4uLiBIxLFrCkhlbGUgYml6aW0ga2FwdGFuxLEgZGFoYSDDp29rIGhhdMSxcmzEsXlvcnVtLi4gSMSxayBLYXB0YW7EsW4gc2F2dXJkdcSfdSBrxLFsxLHDp3RhbiBzYcSfIMOnxLFrYW4gb2xtYXpkxLEu
/JaY,W+yjvOygleuxheydtF0K7Jq4IOyEoOyepeuLmOydtCDrp5DsnbTslbzslYTslYTslYR+ISDrlLjqvrkg7Lm87J2EIO2VnOuyiCDtnJjsnbR+IO2VmOq1rCDtnJjrkZDrpbTrqbQg66eQ7J207JW87JWEfiEK66qp7ZGc65Cc64aIIOu/kOunjOydtOyVhOuLiOudvCDso7zrs4Drhojrk6TquYzsp4Ag67aI642p7J207JeQIO2cqeyTuOugpOyEnCDrhoDslYTrgqzsl4jsp4Au7Jqw66asIOyEoOyepeuLmOydmCDshpzslKjrj4Qg7Iac7JSo7KeA66eMIOq3uOy5vOyXkCDsi6DruYTtlZwg7Z6Y7J20IOyeiOyXiOuNmOqxsCDqsJnslYQu,W0RydW5rYXJkXQpPdXIgY2FwdGFpbiwgeW91IHNlZWV+ISBoaWMuIFdoZW4gaGUgc3d1bmcgaGlzIHN3b3JkIGp1c3Qgb25jZX4hCk5vdCBvbmx5IHRoZSB0YXJnZXQsIGJ1dCBldmVyeW9uZSBhcm91bmQgd291bGQgZ2V0IGNhdWdodCB1cCBpbiBmbGFtZXMuIEhpcyBza2lsbCB3YXMgaW5jcmVkaWJsZSwgc3VyZSwgYnV0IEkgc3dlYXIgdGhhdCBzd29yZCBoYWQgc29tZSBraW5kIG9mIG15c3RpY2FsIHBvd2VyLg==,,W+mFkumsvF0K6K+06LW35oiR5Lus6Ii56ZW/5ZWK5ZWK5ZWKfiHll53lj6ropoHmiorliIDpgqPkuYjkuIDmjKV+5bCx5piv6K+05ZWK5ZWKfiEK5LiN5YWJ5piv55uu5qCH6YKj5a625LyZ77yM6L+e5ZGo5Zu055qE5a625LyZ5Lmf5Lya6KKr54Gr5Zui5Y236L+b5Y675oqY6IW+5LiA55Wq44CC5oiR5Lus6Ii56ZW/55qE5pys5LqL5piv5pys5LqL77yM5L2G6YKj5oqK5YiA5aW95YOP5Lmf5pyJ56We56eY55qE5Yqb6YeP44CC,,W0RydW5rYXJkXQrguIHguLHguJvguJXguLHguJnguILguK3guIfguJ7guKfguIHguYDguKPguLLguJnguYjguLDguLDguLAhIOC4ruC4tuC4gSDguJbguYnguLLguYDguILguLLguJ/guLHguJnguJTguLLguJrguJfguLXguYDguJTguLXguKLguKfguKXguYjguLDguIHguYchCuC5hOC4oeC5iOC5g+C4iuC5iOC5geC4hOC5iOC5gOC4m+C5ieC4suC4q+C4oeC4suC4oiDguYHguJXguYjguKjguLHguJXguKPguLnguKPguK3guJrguILguYnguLLguIfguIHguYfguYLguJTguJnguYDguJvguKXguKfguYTguJ/guIHguKXguLfguJnguYTguJvguKvguKHguJQg4Lid4Li14Lih4Li34Lit4LiB4LmH4LiU4Li14Lit4Lii4Li54LmI4LmB4Lil4LmJ4LinIOC5geC4leC5iOC4lOC4suC4muC4meC4seC5ieC4meC5gOC4q+C4oeC4t+C4reC4meC4iOC4sOC4oeC4teC4nuC4peC4seC4h+C4peC4tuC4geC4peC4seC4muC4lOC5ieC4p+C4og==,,,W0JvcnJhY2hvXQrCoU51ZXN0cm8gY2FwaXTDoW4sIHlhIHRlIGRpZ28uLi4hIMKhSGlwISDCoUNvbiBzb2xvIGJsYW5kaXIgbGEgZXNwYWRhIGFzw60sIGZpaWnDui4uLiEKTm8gc29sbyBlbCBkZXNncmFjaWFkbyBhbCBxdWUgYXB1bnRhYmEsIHNpbm8gdGFtYmnDqW4gdG9kb3MgbG9zIHF1ZSBoYWLDrWEgYWxyZWRlZG9yIGFjYWJhYmFuIGVudnVlbHRvcyBlbiBsbGFtYXMuIE51ZXN0cm8gY2FwaXTDoW4gdGVuw61hIG11Y2hhIGhhYmlsaWRhZCwgY2xhcm8sIHBlcm8gY3JlbyBxdWUgZXNhIGVzcGFkYSB0YW1iacOpbiB0ZW7DrWEgdW4gcG9kZXIgbWlzdGVyaW9zby4=,W1RydW5rZW5ib2xkXQpVbnNlciBLw6RwdOKAmW4sIHdlacOfdCBkdXV1fiEgSGlja3MuLi4gd2VubiBlciBkYXMgU2Nod2VydCBlaW5tYWwgc2Nod2l+bmd0LCBkYW5uLCB3ZWnDn3QgZHV1dX4hCk5pY2h0IG51ciBkZXIgS2VybCwgYXVmIGRlbiBlciB6aWVsdGUsIHNvbmRlcm4gYXVjaCBkaWUgVHlwZW4gZHJ1bWhlcnVtIHd1cmRlbiB2b24gRmV1ZXIgbWl0Z2VyaXNzZW4gdW5kIGhlcnVtZ2V3aXJiZWx0LiBVbnNlciBLw6RwdOKAmW4gaGF0dGUgZWNodCB3YXMgZHJhdWYsIGtsYXIgLi4uIGFiZXIgaWNoIGdsYXViLCBpbiBkZW0gU2Nod2VydCBzdGVja3RlIGlyZ2VuZGVpbmUgZ2VoZWltbmlzdm9sbGUgS3JhZnQu,W0l2cm9nbmVdCk5vdHJlIGNhcGl0YWluZSwgdHUgdm95ZWVlZXN+ICEgSGljLiBJbCBmYWlzYWl0IGp1c3RlIHVuIHDigJl0aXQgZndvb3NofiBhdmVjIHNvbiDDqXDDqWUsIGV0IHR1IHZveWVlZWVzfiAhClBhcyBzZXVsZW1lbnQgbGEgY2libGUgOiBtw6ptZSBsZXMgZ2FycyBhdXRvdXIgc2UgZmFpc2FpZW50IGVtYmFycXVlciBkYW5zIGxlcyBmbGFtbWVzLiBMZSBjYXBpdGFpbmUgw6l0YWl0IGRvdcOpLCBtYWlzIGrigJljcm9pcyBzdXJ0b3V0IHF1ZSBjZXR0ZSDDqXDDqWUgYXZhaXQgdW4gcG91dm9pciBteXN0w6lyaWV1eC4=,W0RydW5rYXJkXQpLYXB0ZW4ga2FtaSBpdHUsIGxob29vfiEgSGlrfiBTZWthbGkgc2FqYSBkaWEgbWVuZ2F5dW4gcGVkYW5nbnlhLCBzd2lpbmd+IGJlZ2l0dSwgbGhvb29+IQpCdWthbiBjdW1hIHRhcmdldG55YSwgb3Jhbmctb3JhbmcgZGkgc2VraXRhcm55YSBqdWdhIGlrdXQgdGVyc2FwdSBrb2JhcmFuIGFwaSBkYW4gamFkaSBrYWNhdS4gS2VhaGxpYW4ga2FwdGVuIGthbWkgbWVtYW5nIGhlYmF0LCB0YXBpIHNlcGVydGlueWEgcGVkYW5nIGl0dSBqdWdhIHB1bnlhIGtla3VhdGFuIG1pc3Rlcml1cy4=,W1NhcmhvxZ9dCkJpemltIGthcHRhbiB2YXIgeWFhYX4hIEjEsWsgS8SxbMSxY8SxIGJpciBrZXogxZ/DtnlsZSB2xLHEscSxbn4gZGl5ZSBzYXZ1cnVuY2EgdmFyIHlhYWF+IQpTYWRlY2UgaGVkZWYgYWxkxLHEn8SxIGhlcmlmIGRlxJ9pbCwgZXRyYWZ0YWtpbGVyIGRlIGFsZXYgdG9wdW5hIGthcMSxbMSxcCBzYXZydWx1cmR1LiBLYXB0YW7EsW3EsXrEsW4gdXN0YWzEscSfxLEgdXN0YWzEsWsgZGEsIHNhbmtpIG8ga8SxbMSxw6d0YSBnaXplbWxpIGJpciBnw7zDpyB2YXJkxLEu
/ZaY,W+yjvOygleuxheydtF0K7JWEfn4g7Z2R7Z2RLi4g6re466a96rWs64KYIOuqqOuRkOuTpCDrs7Tqtazsi7bri6Qg7Jqw7Jq47ZW07KGM7Ja0IOq3uOunjCDsoIDrpqwg67mE7Lyc7KSE656YPw==,W0RydW5rYXJkXQpBaGhofiAqc25pZmYqIEkgbWlzcyB0aGVtIGFsbCBzbyBtdWNoLi4uIEnigJltIGZlZWxpbmcgZG93biBub3cuIENvdWxkIHlvdSBqdXN0IG1vdmUgYWxvbmc/,,W+mFkumsvF0K5ZWKfn7lkZzlkZwuLuecn+aAgOW/teWViuWkp+WutumDveaDs+ingeS4gOingeaIkeWPmOW+l+mDgemXt+S6huS9oOiDveWIq+aMoeWcqOmCo+WEv+WQlz8=,,W0RydW5rYXJkXQrguK3guLIuLi4g4Liu4Li34LitLi4uIOC4hOC4tOC4lOC4luC4tuC4h+C4nuC4p+C4geC4meC4seC5ieC4meC4iOC4seC4hyDguK3guKLguLLguIHguYDguIjguK3guJfguLjguIHguITguJkuLi4g4LiC4LmJ4Liy4LmA4Liq4Li14Lii4LmD4LiIIOC5hOC4m+C5g+C4q+C5ieC4nuC5ieC4meC4q+C4meC5iOC4reC4ouC4iOC4sOC5hOC4lOC5ieC5hOC4q+C4oQ==,,,W0JvcnJhY2hvXQpBaC4uLiBzbmlmLi4uIFF1w6kgbm9zdGFsZ2lhLiBRdWllcm8gdmVybG9zIGEgdG9kb3MuLi4gTWUgaGUgcHVlc3RvIHRyaXN0ZSwgwr9xdWllcmVzIGFwYXJ0YXJ0ZSBkZSB1bmEgdmV6Pw==,W1RydW5rZW5ib2xkXQpBaH5+IHNjaGx1Y2h6Li4gSWNoIHZlcm1pc3NlIGV1Y2ggYWxsZSAuLi4gSWNoIHdpbGwgZXVjaCBzZWhlbi4gSmV0enQgYmluIGljaCBnYW56IG5pZWRlcmdlc2NobGFnZW4uIEthbm5zdCBkdSBiaXR0ZSBtYWwgenVyIFNlaXRlIGdlaGVuPw==,W0l2cm9nbmVdCkFofn4gU25pZi4uLiBWb3VzIG1lIG1hbnF1ZXouLi4gSuKAmXZldXggdG91cyB2b3VzIHJldm9pci4uLiDDp2EgbWUgZMOpcHJpbWUuIE1haW50ZW5hbnQsIHR1IHBldXggdGUgcG91c3NlciA/,W0RydW5rYXJkXQpBaH5+IGhpa3MgaGlrcy4uIEFrdSByaW5kdS4uLiBpbmdpbiBiZXJ0ZW11IGthbGlhbiBzZW11YS4gQWt1IGphZGkgc2VkaWgsIGJpc2EgbWluZ2dpciwgdGlkYWs/,W1NhcmhvxZ9dCkFofn4gaMSxw6drIGjEscOnay4uIMOWemxlZGltLCBoZXBzaW5pIGfDtnJtZWsgaXN0aXlvcnVtLiDEsMOnaW0ga2FyYXJkxLEsIGFydMSxayDFn3VyYWRhbiDDp2VraWxpciBtaXNpbml6Pw==
/paY,W+yjvOygleuxheydtF0K6re4656YISDruajrnpEg6rq87KC467KE66as65286rWsIX4=,W0RydW5rYXJkXQpZZWFoISBOb3cgc2NyYW0gYWxyZWFkeSF+,,W+mFkumsvF0K5a+5IeW/q+e7meaIkea7muW8gCF+,,W0RydW5rYXJkXQrguYPguIrguYghIOC5hOC4quC4q+C4seC4p+C5hOC4m+C4i+C4sCE=,,,W0JvcnJhY2hvXQrCoUVzbyEgwqFMw6FyZ2F0ZSBkZSB1bmEgdmV6IX4=,W1RydW5rZW5ib2xkXQpKYSEgSGF1IGVuZGxpY2ggYWIhfg==,W0l2cm9nbmVdCk91YWlzICEgRMOpZ2FnZSwgZXQgdml0ZSAhfg==,W0RydW5rYXJkXQpZYSEgQ2VwYXQgZW55YWggc2FuYSF+,W1NhcmhvxZ9dCkV2ZXQhIEhhZGkgw6dhYnVrIGRlZm9sdW4hfg==
/5aY,7IOB7J247JWE7KCA7JSo,TWVyY2hhbnQ=,,5ZWG5Lq6,,TWVyY2hhbnQ=,,,Q29tZXJjaWFudGU=,SMOkbmRsZXI=,TWFyY2hhbmQ=,TWVyY2hhbnQ=,VMO8Y2Nhcg==
AJeY,W+yDgeyduOyVhOyggOyUqF0K7Jqw66as7IOB7J2465Ok7J2AIOuFuOygkOydhCDsl7TslrQg7J6l7IKs66W8IO2VoOyImOyeiOyngCDrlJTsiqTsubTsmrTtirgg6riw7Iig66GcIOyDgeygkOyXkOyEnCDtl5DqsJLsl5Ag7ZWE7JqU7ZWcIOusvO2SiOuTpOydhCDsgrAg7ZuE7JeQIOy5tO2KuOulvCDruYzroKTshJwg7Lm07Yq47JeQ64ukIOyelOucqeyLo+qzoOyEnCDtjIzripTqsbDslbwu,W01lcmNoYW50XQpXZSBNZXJjaGFudHMgY2FuIHNldCB1cCBzaG9wIGFuZCBydW4gc3RhbGxzLiBVc2luZyB0aGUgW0Rpc2NvdW50XSBza2lsbCwgd2UgYnV5IG5lZWRlZCBnb29kcyBkaXJ0LWNoZWFwIGZyb20gdGhlIFNob3AsIHJlbnQgYSBjYXJ0LCBsb2FkIGl0IHVwLCBhbmQgc2VsbCBldmVyeXRoaW5nIGZyb20gdGhlcmUu,,W+WVhuS6ul0K5oiR5Lus5ZWG5Lq65Y+v5Lul5pGG5pGK5YGa55Sf5oSP5Y+M6YeN6a2U5rOV566t5oqA6IO95ZCO77yM5Zyo5ZWG5bqX5Lul5L2O5Lu35Lmw5Yiw6ZyA6KaB55qE54mp5ZOB77yM5YaN56ef5LiA6L6G5omL5o6o6L2m77yM5oqK6L2m6KOF5b6X5ruh5ruh55qE5ou/5Y675Y2W44CC,,W01lcmNoYW50XQrguJ7guKfguIEgTWVyY2hhbnQg4Lit4Lii4LmI4Liy4LiH4Lie4Lin4LiB4LmA4Lij4Liy4Liq4Liy4Lih4Liy4Lij4LiW4LiV4Lix4LmJ4LiH4Lij4LmJ4Liy4LiZCuC5geC4nOC4h+C4peC4reC4ouC4guC4suC4ouC4guC4reC4h+C5hOC4lOC5iSDguYPguIrguYnguKrguIHguLTguKUgRGlzY291bnQgCuC5hOC4m+C4i+C4t+C5ieC4reC4guC4reC4h+C4luC4ueC4gSDguYYg4LiI4Liy4LiB4Lij4LmJ4Liy4LiZIOC5geC4peC5ieC4p+C5gOC4iuC5iOC4suC4o+C4luC5gOC4guC5h+C4mSAK4Lia4Lij4Lij4LiX4Li44LiB4LiC4Lit4LiH4LmA4LiV4LmH4Lih4LiE4Lix4LiZ4LmB4Lil4LmJ4Lin4LmA4Lit4Liy4Lih4Liy4LiC4Liy4Lii,,,W0NvbWVyY2lhbnRlXQpMb3MgY29tZXJjaWFudGVzIHBvZGVtb3MgYWJyaXIgdW5hIFRpZW5kYSBwYXJhIHZlbmRlci4gQ29uIGxhIGhhYmlsaWRhZCBEZXNjdWVudG8sIGNvbXByYW1vcyBlbiBsYSBUaWVuZGEgbG9zIGFydMOtY3Vsb3MgcXVlIG5lY2VzaXRhbW9zIGEgcHJlY2lvIGRlIGdhbmdhLCBhbHF1aWxhbW9zIHVuIGNhcnJvLCBsbyBjYXJnYW1vcyBoYXN0YSBhcnJpYmEgeSBsb3MgdmVuZGVtb3Mu,W0jDpG5kbGVyXQpXaXIgSMOkbmRsZXIga8O2bm5lbiBlaW5lbiBTdHJhw59lbmxhZGVuIGVyw7ZmZm5lbiB1bmQgc28gR2VzY2jDpGZ0ZSBtYWNoZW4uIE1pdCBkZXIgRsOkaGlna2VpdCBSYWJhdHQga2F1ZmVuIHdpciBpbSBMYWRlbiBkaWUgbsO2dGlnZW4gV2FyZW4gZ8O8bnN0aWcgZWluLCBsZWloZW4gdW5zIGRhbm4gZWluZW4gS2FycmVuLCBsYWRlbiBpaG4gcmFuZHZvbGwgdW5kIHZlcmthdWZlbiBhbGxlcyB3ZWl0ZXIu,W01hcmNoYW5kXQpOb3VzLCBsZXMgbWFyY2hhbmRzLCBvbiBvdXZyZSB1biDDqXRhbCBwb3VyIHZlbmRyZS4gQXZlYyBsYSB0ZWNobmlxdWUgZGUgUmVtaXNlLCB0dSBhY2jDqHRlcyDDoCBiYXMgcHJpeCBlbiBCb3V0aXF1ZSwgdHUgbG91ZXMgdW4gY2hhcmlvdCwgdHUgbGUgcmVtcGxpc+KApiBldCB0dSByZXZlbmRzLg==,W01lcmNoYW50XQpLYW1pIHBhcmEgTWVyY2hhbnQgYmlzYSBtZW1idWthIGxhcGFrIHVudHVrIGJlcmRhZ2FuZy4gRGVuZ2FuIHNraWxsIERpc2NvdW50LCBrYW1pIG1lbWJlbGkgYmFyYW5nLWJhcmFuZyB5YW5nIGRpcGVybHVrYW4gZGkgU2hvcCBkZW5nYW4gaGFyZ2EgbXVyYWgsIGxhbHUgbWVueWV3YSBjYXJ0LCBtZW11YXRueWEgcGVudWgsIGRhbiBtZW5qdWFsbnlhLg==,W1TDvGNjYXJdCkJpeiBUw7xjY2FybGFyIHRlemdhaCBhw6fEsXAgdGljYXJldCB5YXBhYmlsaXJpei4gxLBuZGlyaW0gYmVjZXJpc2l5bGUgRMO8a2thbmRhbiBnZXJla2xpIGXFn3lhbGFyxLEgeW9rIHBhaGFzxLFuYSBhbGTEsWt0YW4gc29ucmEgYmlyIGVsIGFyYWJhc8SxIGtpcmFsYXIsIGFyYWJheWEgdMSxa2EgYmFzYSB5w7xrbGV5aXAgc2F0YXLEsXou
AZeY,W+yDgeyduOyVhOyggOyUqF0K7J287J287J20IOqxsOuemO2VmOuKlOqyg+uztOuLpCDtm6jslKwg6rCE7Y647ZWY6rOgIOyLpOyImO2VoOydvOuPhCDsl4bsp4AuIOuEiOustO2OuO2VmOuLpOqzoCDsnqXsgqztlZjrqbTshJwg7KG46rGw64KYIO2VmOyngOuCmCDrp5Drnbzqtawu,W01lcmNoYW50XQpJdOKAmXMgbXVjaCBlYXNpZXIgdGhhbiB0cmFkaW5nIGl0ZW0gYnkgaXRlbSwgYW5kIHRoZXJl4oCZcyBsZXNzIHJvb20gZm9yIG1pc3Rha2VzLiBKdXN0IGRvbuKAmXQgZ2V0IHNvIGNvbWZvcnRhYmxlIHRoYXQgeW91IGZhbGwgYXNsZWVwIHdoaWxlIHNlbGxpbmcu,,W+WVhuS6ul0K5q+U6LW35LiA56yU5LiA56yU5Lqk5piT6KaB5pa55L6/5b6X5aSa77yM5Lmf5LiN5Lya5Ye66ZSZ44CC5aSq6IiS5pyN5LqG5Lmf5Yir5YGa55Sf5oSP5YGa5Yiw5omT556M552h5ZWK44CC,,W01lcmNoYW50XQrguKrguLDguJTguKfguIHguIHguKfguYjguLLguIHguLLguKPguIvguLfguYnguK3guILguLLguKLguJfguLXguKXguLDguIrguLTguYnguJnguKHguLLguIEgCuC5geC4luC4oeC5hOC4oeC5iOC4hOC5iOC4reC4ouC5gOC4geC4tOC4lOC5gOC4o+C4t+C5iOC4reC4h+C4nOC4tOC4lOC4nuC4peC4suC4lOC4lOC5ieC4p+C4oiAK4LmB4LiE4LmI4Lit4Lii4LmI4Liy4Liq4Lia4Liy4Lii4LiI4LiZ4LmA4Lic4Lil4Lit4Lir4Lil4Lix4Lia4LiV4Lit4LiZ4LiC4Liy4Lii4Lil4Liw4LiB4Lix4LiZ,,,W0NvbWVyY2lhbnRlXQpFcyBtdWNobyBtw6FzIGPDs21vZG8gcXVlIG5lZ29jaWFyIHVubyBwb3IgdW5vIHkgdGFtcG9jbyBoYXkgcmllc2dvIGRlIGVxdWl2b2NhcnNlLiBQZXJvIG5vIG9zIHF1ZWTDqWlzIGRvcm1pZG9zIG1pZW50cmFzIGNvbWVyY2nDoWlzIHNvbG8gcG9ycXVlIGVzIG11eSBjw7Ntb2RvLg==,W0jDpG5kbGVyXQpEYXMgaXN0IHZpZWwgYmVxdWVtZXIsIGFscyBqZWRlcyBHZXNjaMOkZnQgZWluemVsbiBhYnp1d2lja2VsbiwgdW5kIG1hbiBtYWNodCBkYWJlaSBhdWNoIHdlbmlnZXIgRmVobGVyLiBBYmVyIHBlbm4gbWlyIGJlaW0gVmVya2F1ZmVuIGJsb8OfIG5pY2h0IGVpbiwgbnVyIHdlaWzigJlzIHNvIGJlcXVlbSBpc3Qu,W01hcmNoYW5kXQpD4oCZZXN0IGJpZW4gcGx1cyBzaW1wbGUgcXVlIGRlIG7DqWdvY2llciB1biBwYXIgdW4sIGV0IHR1IHJpc3F1ZXMgbW9pbnMgZGUgdGUgdHJvbXBlci4gTWFpcyBuZSB0ZSByZWzDomNoZSBwYXMgcGFyY2UgcXVlIGPigJllc3QgdHJvcCBmYWNpbGUu,W01lcmNoYW50XQpKYXVoIGxlYmloIHByYWt0aXMgZGFyaXBhZGEgYmVydHJhbnNha3NpIHNhdHUgcGVyIHNhdHUsIGRhbiBqdWdhIHRpZGFrIGFkYSB5YW5nIHBlcmx1IGRpa2hhd2F0aXJrYW4gc29hbCBrZXNhbGFoYW4uIEthcmVuYSB0ZXJsYWx1IG55YW1hbiwgamFuZ2FuIHNhbXBhaSBtYWxhaCBrZXRpZHVyYW4gc2FhdCBiZXJkYWdhbmcu,W1TDvGNjYXJdClRlayB0ZWsgYWzEscWfdmVyacWfIHlhcG1ha3RhbiDDp29rIGRhaGEga29sYXlkxLFyLCBoYXRhIHlhcGFjYWsgacWfIGRlIG9sbWF6LiDDh29rIHJhaGF0IGRpeWUgc2F0xLHFnyB5YXBhcmtlbiB1eXVrbGFtYXnEsW4gc2FrxLFuLg==
ApeY,W+yDgeyduOyVhOyggOyUqF0K7Jqw66as7IOB7J2465Ok7J2AIO2KueycoOydmCDtnaXsoJXquLDsiKDroZwg66y86rG065Ok7J2EIOuLpOuluOyCrOuejOuTpOuztOuLpCDruYTsi7jqsowg7YyU7JWE66i57J2E7IiYIOyeiOuLpOuEpC4K64uk66W47IKs656M7J20IOygnOuwnCDsq4zrjZQg67mE7Iu46rKMIOyzkOyjvOyEuOyalCF+fn4g7ZWY6rOgIO2dpeygle2VoOuVjC4=,W01lcmNoYW50XQpXaXRoIG91ciBzcGVjaWFsIGJhcmdhaW5pbmcgc2tpbGxzLCB3ZSBjYW4gc2VsbCBnb29kcyBmb3IgbW9yZSB0aGFuIGFueW9uZSBlbHNlLgpXaGlsZSBvdGhlcnMgYXJlIGJlZ2dpbmcsIOKAmFBsZWFzZSwganVzdCBhIGxpdHRsZSBoaWdoZXIh4oCZ,,W+WVhuS6ul0K5oiR5Lus5ZWG5Lq66L+Y6IO955So54us54m555qE6K6o5Lu36L+Y5Lu35oqA5ben77yM5oqK5Lic6KW/5Y2W5b6X5q+U5Yir5Lq65pu06LS144CCCuW9k+WIq+S6uuaxguedgOivtOKAnOaLnOaJmOWGjee7meaIkeeul+i0teS4gOeCuSF+fn7igJ3lnKjorqjku7fov5jku7fnmoTml7blgJnjgII=,,W01lcmNoYW50XQrguJ7guKfguIHguYDguKPguLLguKHguLXguJfguLHguIHguKnguLDguJXguYjguK3guKPguK3guIfguYDguInguJ7guLLguLDguJXguLHguKcgCuC4l+C4s+C5g+C4q+C5ieC4guC4suC4ouC4guC4reC4h+C5hOC4lOC5ieC5geC4nuC4h+C4geC4p+C5iOC4suC5g+C4hOC4owrguYPguJnguILguJPguLDguJfguLXguYjguITguJnguK3guLfguYjguJnguJXguYnguK3guIfguILguK3guKPguYnguK3guIfguKfguYjguLIK4LiK4LmI4Lin4Lii4LiI4LmI4Liy4Lii4LmA4Lie4Li04LmI4Lih4LiC4Li24LmJ4LiZ4Lit4Li14LiB4LiZ4Li04LiU4LmA4LiW4Lit4Liw4LiZ4LiwIX5+fg==,,,W0NvbWVyY2lhbnRlXQpMb3MgY29tZXJjaWFudGVzIHBvZGVtb3MgdmVuZGVyIG51ZXN0cm9zIHByb2R1Y3RvcyBtw6FzIGNhcm9zIHF1ZSBsb3MgZGVtw6FzIGdyYWNpYXMgYSBudWVzdHJhcyBzaW5ndWxhcmVzIGhhYmlsaWRhZGVzIGRlIHJlZ2F0ZW8uCkN1YW5kbyBvdHJvcyBlc3TDoW4gcmVnYXRlYW5kbyB5IGRpY2VuOiDCq8KhUG9yIGZhdm9yLCBww6FnYW1lIHVuIHBvY28gbcOhcyF+fn7Cuy4=,W0jDpG5kbGVyXQpXaXIgSMOkbmRsZXIga8O2bm5lbiBtaXQgdW5zZXJlciBnYW56IGVpZ2VuZW4gRmVpbHNjaGt1bnN0IFdhcmVuIHRldXJlciB2ZXJrYXVmZW4gYWxzIGFuZGVyZS4KV8OkaHJlbmQgYW5kZXJlIG5vY2ggYmV0dGVsbjog4oCeQml0dGUsIHphaGxlbiBTaWUgZG9jaCBlaW4gYmlzc2NoZW4gbWVociF+fn7igJw=,W01hcmNoYW5kXQpOb3VzLCBsZXMgbWFyY2hhbmRzLCBhdmVjIG5vdHJlIGFydCBkdSBtYXJjaGFuZGFnZSwgb24gcGV1dCB2ZW5kcmUgcGx1cyBjaGVyIHF1ZSBsZXMgYXV0cmVzLgpRdWFuZCBxdWVscXXigJl1biBtYXJjaGFuZGUgZW4gc3VwcGxpYW50IDogwqsgU+KAmWlsIHZvdXMgcGxhw650LCB1biBwZXUgcGx1cyBjaGVyICEgfn5+IMK7Lg==,W01lcmNoYW50XQpLYW1pIHBhcmEgTWVyY2hhbnQgYmlzYSBtZW5qdWFsIGJhcmFuZyBsZWJpaCBtYWhhbCBkYXJpcGFkYSBvcmFuZyBsYWluIGJlcmthdCBza2lsbCB0YXdhci1tZW5hd2FyIGtoYXMga2FtaS4KU2FhdCBvcmFuZyBsYWluIG1lbmF3YXIgc2FtYmlsIGJlcmthdGEsIHRvbG9uZyBoYXJnYWkgc2VkaWtpdCBsZWJpaCBtYWhhbCF+fn4=,W1TDvGNjYXJdCkJpeiBUw7xjY2FybGFyIGtlbmRpbWl6ZSDDtnpnw7wgcGF6YXJsxLFrIGJlY2VyaW1pemxlIGXFn3lhbGFyxLEgYmHFn2thbGFyxLFuZGFuIGRhaGEgcGFoYWzEsXlhIHNhdGFiaWxpcml6LgpCYcWfa2FzxLEg4oCcTMO8dGZlbiBiaXJheiBkYWhhIHBhaGFsxLFkYW4gYWzEsW4hfn5+4oCdIGRpeWUgcGF6YXJsxLFrIGVkZXJrZW4u
A5eY,W+yDgeyduOyVhOyggOyUqF0K7Jqw66awIOustOugpCAyNCXrgpgg642UIOu5hOyLuOqyjCDsg4HsoJDsl5Ag7YyUIOyImCDsnojsp4AhIO2VmOyngOunjCDqt7jrn6zquLDsnITtlZwg7IiY66Co7J2EIOqyjOydhOumrO2VmOuptCDslYjrj7wh,W01lcmNoYW50XQpXZSBjYW4gc2VsbCB0byB0aGUgU2hvcCBmb3IgYSBmdWxsIDI0JSBtb3JlISBCdXQgZG9u4oCZdCBzbGFjayBvZmYgb24geW91ciB0cmFpbmluZyBpZiB5b3Ugd2FudCB0byBrZWVwIHRoYXQgZWRnZSE=,,W+WVhuS6ul0K5oiR5Lus55Sa6Iez6IO95Lul6auY5Ye6MjQl55qE5Lu35qC85Y2W57uZ5ZWG5bqXIeS9huS4uuS6huWBmuWIsOi/meS4gOeCue+8jOWPr+S4jeiDveWBt+aHkuS4jeiuree7gyE=,,W01lcmNoYW50XQrguILguLLguKLguILguK3guIfguYPguKvguYnguKPguYnguLLguJnguITguYnguLLguYTguJTguYnguYHguJ7guIfguILguLbguYnguJnguJXguLHguYnguIcgMjQlISAK4LmB4LiV4LmI4Lit4Lii4LmI4Liy4LmE4LiU4LmJ4LiE4Li04LiU4LiC4Li14LmJ4LmA4LiB4Li14Lii4LiI4LmA4LiK4Li14Lii4LinIArguJXguYnguK3guIfguKvguKHguLHguYjguJnguJ3guLbguIHguJ3guJnguYDguILguYnguLLguYTguKfguYkh,,,W0NvbWVyY2lhbnRlXQrCoVBvZGVtb3MgdmVuZGVybG9zIGVuIGxhIFRpZW5kYSBwb3IgdW4gMjQlIG3DoXMhIMKhUGVybyBubyBkZWLDqWlzIGRlc2N1aWRhciBlbCBlbnRyZW5hbWllbnRvIHBhcmEgY29uc2VndWlybG8h,W0jDpG5kbGVyXQpXaXIga8O2bm5lbiBhbiBkZW4gTGFkZW4gc29nYXIgZ2FuemUgMjQlIHRldXJlciB2ZXJrYXVmZW4hIEFiZXIgZGFmw7xyIGRhcmZzdCBkdSBkZWluIFRyYWluaW5nIG5pY2h0IHZlcm5hY2hsw6Rzc2lnZW4h,W01hcmNoYW5kXQpPbiBwZXV0IG3Dqm1lIHZlbmRyZSAyNCAlIHBsdXMgY2hlciDDoCBsYSBCb3V0aXF1ZSAhIE1haXMgZmF1dCBwYXMgbsOpZ2xpZ2VyIGzigJllbnRyYcOubmVtZW50ICE=,W01lcmNoYW50XQpLYW1pIGJhaGthbiBiaXNhIG1lbmp1YWxueWEga2UgU2hvcCAyNCUgbGViaWggbWFoYWwhIFRhcGkgamFuZ2FuIG1hbGFzIGJlcmxhdGloIHVudHVrIGl0dSE=,W1TDvGNjYXJdCkJpeiB0YW0gJTI0IGRhaGEgcGFoYWzEsXlhIETDvGtrYW5hIHNhdGFiaWxpcml6ISBBbWEgYnVudW4gacOnaW4gZ2VyZWtlbiBlxJ9pdGltaSBpaG1hbCBldG1lbWVsaXNpbml6IQ==
BJeY,7ZS864KY,UGluYQ==,,55qu5aic,,UGluYQ==,,,UGluYQ==,UGluYQ==,UGluYQ==,UGluYQ==,UGluYQ==
BZeY,W+2UvOuCmF0K7Ja064qQ64KgIOq4uOydhCDqsbfri6TqsIAg7Iiy7IaN7JeQIOydtOyBmOqyjCDrvrDsobHshp/snYAg7Jew65GQ7IOJIO2SgOydhCDrtKTslrTsmpQuCuuEiOustCDsnbTsgZjquLjrnpgg66eM7KC467O066Ck6rWsIOyGkOydhCDrjIDroKTripTrjbAg6re4IO2SgOydtCDqsJHsnpDquLAg7ZyZfiDtlZjrjZTri4gg7KCcIOyGkOydhCDssLDsi7kg65WM66as7KeAIOutkOyXkOyalC4=,W1BpbmFdCk9uZSBkYXkgd2hpbGUgd2Fsa2luZyBhbG9uZyB0aGUgcm9hZCwgSSBzYXcgYSBwcmV0dHksIHBvaW50eSwgbGlnaHQtZ3JlZW4gcGxhbnQgaW4gdGhlIGZvcmVzdC4KSXQgd2FzIHNvIGN1dGUgdGhhdCBJIHJlYWNoZWQgb3V0IHRvIHRvdWNoIGl0LCBhbmQgdGhlbuKAlHdob29zaCHigJRpdCBzdWRkZW5seSBzbWFja2VkIG15IGhhbmQu,,W+earuWonF0K5pyJ5LiA5aSp5oiR6LWw5Zyo6Lev5LiK77yM5Zyo5qOu5p6X6YeM55yL5Yiw5LiA5qCq6ZW/5b6X5b6I5ryC5Lqu44CB5bCW5bCW56uW6LW355qE5rWF57u/6Imy6I2J44CCCuWkqua8guS6ruS6hu+8jOaIkeaDs+aRuOaRuOeci++8jOato+imgeS8uOaJi+eahOaXtuWAme+8jOmCo+iNieeqgeeEtuWUsH7lnLDkuIDkuIvvvIzllarlnLDmiZPkuobmiJHnmoTmiYvjgII=,,W1BpbmFdCuC4p+C4seC4meC4q+C4meC4tuC5iOC4h+C4guC5ieC4suC5gOC4lOC4tOC4meC4nOC5iOC4suC4meC4m+C5iOC4siAK4LmA4Lir4LmH4LiZ4Lir4LiN4LmJ4Liy4Liq4Li14LmA4LiC4Li14Lii4Lin4Lit4LmI4Lit4LiZ4Lib4Lil4Liy4Lii4LmB4Lir4Lil4Lih4Liq4Lin4Lii4Lih4Liy4LiBCuC4guC5ieC4suC5gOC4reC4t+C5ieC4reC4oeC4oeC4t+C4reC4iOC4sOC5hOC4m+C5geC4leC4sCDguYHguJXguYjguIjguLnguYgg4LmGIOC4oeC4seC4meC4geC5hyAK4Lif4Li24LmI4LiaISDguJXguJrguKHguLfguK3guILguYnguLLguYDguILguYnguLLguK3guKLguYjguLLguIfguIjguLHguIc=,,,W1BpbmFdClVuIGTDrWEsIG1pZW50cmFzIHBhc2VhYmEsIHZpIGVuIGVsIGJvc3F1ZSB1bmEgaGllcmJhIHZlcmRlIGNsYXJvIHF1ZSBjcmVjw61hIGNvbiB1bmFzIGJvbml0YXMgcHVudGFzLgpFcmEgdGFuIGJvbml0YSBxdWUsIGN1YW5kbyBpYmEgYSB0b2NhcmxhLCBsYSBoaWVyYmEgZGUgcmVwZW50ZSBoaXpvIGZpaWnDun4geSBtZSBkaW8gdW5hIGJvZmV0YWRhIGVuIGxhIG1hbm8u,W1BpbmFdCkVpbmVzIFRhZ2VzIHdhciBpY2ggdW50ZXJ3ZWdzIHVuZCBzYWggaW0gV2FsZCBlaW4gaMO8YnNjaGVzLCBzcGl0eiBhdWZyYWdlbmRlcyBoZWxsZ3LDvG5lcyBQZmzDpG56Y2hlbi4KRXMgd2FyIHNvIG5pZWRsaWNoLCBkYXNzIGljaCBlcyBhbmZhc3NlbiB3b2xsdGUsIGFiZXIgYWxzIGljaCBkaWUgSGFuZCBhdXNzdHJlY2t0ZSwgbWFjaHRlIGVzIHBsw7Z0emxpY2ggc2Nod3VwcH4gdW5kIGtsYXRzY2h0ZSBtaXIgYXVmIGRpZSBIYW5kLg==,W1BpbmFdClVuIGpvdXIsIGVuIG1hcmNoYW50LCBq4oCZYWkgdnUgZGFucyBsYSBmb3LDqnQgdW5lIGpvbGllIGhlcmJlIHZlcnQgY2xhaXIgcXVpIHBvaW50YWl0IGVuIGzigJlhaXIuCkVsbGUgw6l0YWl0IHNpIGpvbGllIHF1ZSBq4oCZYWkgdm91bHUgbGEgdG91Y2hlciwgbWFpcyBhdSBtb21lbnQgb8O5IGrigJlhbGxhaXMgcG9zZXIgbGEgbWFpbiwgY2V0dGUgaGVyYmUgYSBmYWl0IGZ3aXB+IGV0IG3igJlhIGRvbm7DqSB1bmUgY2xhcXVlIHN1ciBsYSBtYWluLg==,W1BpbmFdClN1YXR1IGhhcmkgc2FhdCBiZXJqYWxhbiwgYWt1IG1lbGloYXQgcnVtcHV0IGhpamF1IG11ZGEgeWFuZyBydW5jaW5nIGRhbiBjYW50aWsgZGkgZGFsYW0gaHV0YW4uCkthcmVuYSBzYW5nYXQgY2FudGlrLCBha3UgaGVuZGFrIG1lbnllbnR1aG55YSwgdGFwaSBydW1wdXQgaXR1IHRpYmEtdGliYSBzd2lzaH4gbGFsdSBtZW5hbXBhciB0YW5nYW5rdSwgbGhvLg==,W1BpbmFdCkJpciBnw7xuIHlvbGRhIHnDvHLDvHJrZW4gb3JtYW5kYSBnw7x6ZWxjZSBzaXZyaSBzaXZyaSB1emFuYW4gYcOnxLFrIHllxZ9pbCBiaXIgb3QgZ8O2cmTDvG0uCsOHb2sgZ8O8emVsIG9sZHXEn3UgacOnaW4gZG9rdW5tYWsgw7x6ZXJlIGVsaW1pIHV6YXTEsXlvcmR1bSBraSwgbyBvdCBiaXJkZW4gxZ9ha34gZGl5ZSBlbGltZSB2dXJkdS4=
BpeY,W+2UvOuCmF0K64SI66y0IOuEiOustCDrhoDrnpjshJwg65Kk66GcIOusvOufrOyEnOyEnCDrs7Tri4gg7ZKA7J20IOyVhOuLiOuNlOudvOq1rOyalC7slYTso7wg7J6R6rOgIOq3gOyXrOyatCDrj5nrrLzsnbTsmIDslrTsmpQuCu2VmOyngOunjCDsoIDsspjrn7wg7Iuk7IiY66Gc652864+EIOuGgOuemO2CpOyngCDrp4jshLjsmpQuIOybkOuemOuKlCDsmKjsiJztlbTrj4Qg7ZmU64KY64uI6rmMIOustOyEreuNlOudvOq1rOyalC4=,W1BpbmFdCkkgd2FzIHNvIHN0YXJ0bGVkIHRoYXQgSSBqdW1wZWQgYmFjaywgYW5kIHRoZW4gSSByZWFsaXplZCBpdCB3YXNu4oCZdCBhIHBsYW50IGF0IGFsbC4gSXQgd2FzIGEgdGlueSwgYWRvcmFibGUgY3JlYXR1cmUuCkV2ZW4gc28sIGRvbuKAmXQgc3RhcnRsZSBpdCBsaWtlIEkgZGlkLiBJdCBtYXkgbG9vayBnZW50bGUsIGJ1dCB3aGVuIGl0IGdldHMgYW5ncnksIGl04oCZcyByZWFsbHkgc2Nhcnku,,W+earuWonF0K5oiR5ZCT5b6X5LiN5b6X5LqG77yM5b6A5ZCO6YCA5LqG5LiA5q2l5YaN55yL77yM5omN5Y+R546w6YKj5LiN5piv6I2J44CC5piv5Y+q6Z2e5bi45bCP5Y+I5Y+v54ix55qE5Yqo54mp44CCCuS4jei/h+WIq+WDj+aIkeS4gOagt++8jOWwseeul+aYr+S4jeWwj+W/g+S5n+WIq+WQk+WIsOWug+OAguWug+acrOadpeW+iOa4qemhuu+8jOS9hueUn+awlOi1t+adpeWwseW+iOWPr+aAleOAgg==,,W1BpbmFdCuC4guC5ieC4suC4leC4geC5g+C4iOC4oeC4suC4geC4iOC4meC4luC4reC4ouC4q+C4peC4seC4hyDguJ7guK3guKHguK3guIfguJTguLUg4LmGIArguKHguLHguJnguYTguKHguYjguYPguIrguYjguKvguI3guYnguLIg4LmB4LiV4LmI4LmA4Lib4LmH4LiZ4Liq4Lix4LiV4Lin4LmM4LiV4Lix4Lin4LmA4Lil4LmH4LiB4LiZ4LmI4Liy4Lij4Lix4LiBCuC4q+C5ieC4suC4oeC4l+C4s+C5g+C4q+C5ieC4oeC4seC4meC4leC4geC5g+C4iOC5gOC4lOC5h+C4lOC4guC4suC4lCDguJbguLbguIfguIjguLDguJTguLnguYDguIrguLfguYjguK3guIcgCuC5geC4leC5iOC4nuC4reC5guC4geC4o+C4mOC5geC4peC5ieC4p+C4meC5iOC4suC4geC4peC4seC4p+C4oeC4suC4geC4iOC4o+C4tOC4hyDguYYg,,,W1BpbmFdCk1lIGFzdXN0w6kgbXVjaMOtc2ltbywgcmV0cm9jZWTDrSB5IGxhIG1pcsOpIGJpZW46IG5vIGVyYSB1bmEgaGllcmJhLiBFcmEgdW4gYW5pbWFsaXRvIG11eSBwZXF1ZcOxbyB5IGFkb3JhYmxlLgpQZXJvIG5vIGxvIGFzdXN0ZSBuaSBwb3IgZXJyb3IsIGNvbW8gaGljZSB5by4gQXVucXVlIG5vcm1hbG1lbnRlIGVzIGTDs2NpbCwgY3VhbmRvIHNlIGVuZmFkYSBkYSBtaWVkby4=,W1BpbmFdCkljaCB3YXIgc28sIHNvIGVyc2Nocm9ja2VuIHVuZCB0cmF0IHp1csO8Y2ssIGRhIG1lcmt0ZSBpY2g6IEVzIHdhciBnYXIga2VpbiBHcmFzLiBFcyB3YXIgZWluIGdhbnoga2xlaW5lcywgbmllZGxpY2hlcyBUaWVyLgpBYmVyIGVyc2NocmVjayBlcyBuaWNodCBlaW5tYWwgYXVzIFZlcnNlaGVuIHdpZSBpY2guIE5vcm1hbGVyd2Vpc2UgaXN0IGVzIGZyaWVkbGljaCwgYWJlciB3ZW5uIGVzIHfDvHRlbmQgd2lyZCwgaXN0IGVzIHJpY2h0aWcgdW5oZWltbGljaC4=,W1BpbmFdCkrigJlhaSBldSB0ZWxsZW1lbnQsIHRlbGxlbWVudCBwZXVyIHF1ZSBq4oCZYWkgcmVjdWzDqSwgZXQgbMOgIGrigJlhaSB2dSBxdWUgY2UgbuKAmcOpdGFpdCBwYXMgdW5lIGhlcmJlLiBD4oCZw6l0YWl0IHVuIHRvdXQgcGV0aXQgYW5pbWFsIGFkb3JhYmxlLgpNYWlzIG5lIGxlIHN1cnByZW5leiBwYXMsIG3Dqm1lIHBhciBlcnJldXIsIGNvbW1lIG1vaS4gROKAmWhhYml0dWRlIGlsIGVzdCBkb2NpbGUsIG1haXMgcXVhbmQgaWwgc2UgZsOiY2hlLCBpbCBmYWl0IHBldXIu,W1BpbmFdCkFrdSBzYW5nYXQsIHNhbmdhdCB0ZXJrZWp1dCwgbGFsdSBtdW5kdXIgZGFuIG1lbGloYXRueWEsIHRlcm55YXRhIGl0dSBidWthbiBydW1wdXQuIEl0dSBoZXdhbiB5YW5nIHNhbmdhdCBrZWNpbCBkYW4gbHVjdS4KVGFwaSBqYW5nYW4gc2FtcGFpIG1lbWJ1YXRueWEgdGVya2VqdXQsIG1lc2tpIHRpZGFrIHNlbmdhamEgc2VwZXJ0aSBha3UuIEJpYXNhbnlhIGppbmFrLCB0YXBpIGthbGF1IG1hcmFoIGphZGkgbWVuYWt1dGthbi4=,W1BpbmFdCsOHb2sgYW1hIMOnb2sga29ya3VwIGdlcmkgw6dla2lsaXAgYmFrxLFuY2EsIG9udW4gb3Qgb2xtYWTEscSfxLFuxLEgYW5sYWTEsW0uIMOHb2sga8O8w6fDvGsgdmUgc2V2aW1saSBiaXIgaGF5dmFuZMSxLgpBbWEgYmVuaW0gZ2liaSB5YW5sxLHFn2zEsWtsYSBiaWxlIG9sc2Egw7xya8O8dG1leWluLiBOb3JtYWxkZSB1eXNhbCBvbHNhIGRhIGvEsXrEsW5jYSBrb3JrdXR1Y3Ugb2x1eW9yLg==
B5eY,W+2UvOuCmF0K7JWM67Kg66W07YOA7JmAIOyXsOqysOuQmOyWtOyeiOuKlCDsiLLsl5DshJwg7Y6Y7J207JqY67Cp7Zal7Jy866GcIOqwgOuKlOyIsuyXkOuKlCDssLgg66mN7LKt7ZWY6rKMIOyDneq4tCDqs7Drk6TsnbQg7IK06rOg7J6I7KOgLgrsnJnsnJkg7YyM66as6rCA7KeA6rOgIOyepeuCnOydtOuCmOy5mOqzoOyalC4=,W1BpbmFdCkluIHRoZSBmb3Jlc3QgY29ubmVjdGluZyBBbGJlcnRhLCBoZWFkaW5nIHRvd2FyZCBQYXlvbiwgdGhlcmUgYXJlIGJlYXJzIHRoYXQgbG9vayBwcmV0dHkgc2lsbHkuClRoZXkganVzdCBmb29sIGFyb3VuZCB3aXRoIGJ1enppbmcgZmxpZXMgYWxsIGRheS4=,,W+earuWonF0K5Zyo5LiO6Im+5bCU6LSd5aGU55u46L+e55qE5qOu5p6X6YeM77yM5b6A5paQ5oms5pa55ZCR6LWw55qE6YKj54mH5qOu5p6X77yM5L2P552A5LiA5Lqb6ZW/5b6X5b6I6KCi55qE54aK44CCCui/mOaLv+edgOWXoeWXoeWPq+eahOiLjeidh+iDoemXueOAgg==,,W1BpbmFdCuC5g+C4meC4m+C5iOC4suC4l+C4teC5iOC5gOC4iuC4t+C5iOC4reC4oeC4o+C4sOC4q+C4p+C5iOC4suC4hyBBbGJlcnRhIOC4geC4seC4miBQYXlvbiAK4Lih4Li14Lir4Lih4Li14Lir4LiZ4LmJ4Liy4LiV4Liy4LiU4Li54LiL4Li34LmI4LitIOC5hiDguK3guLLguKjguLHguKLguK3guKLguLnguYgg4Lie4Lin4LiB4Lih4Lix4LiZCuC4iuC4reC4muC5gOC4peC5iOC4meC4geC4seC4muC5geC4oeC4peC4h+C4l+C4teC5iOC4muC4tOC4meC4q+C4tuC5iOC4h+C5hOC4m+C4oeC4suC4l+C4seC5ieC4h+C4p+C4seC4mQ==,,,W1BpbmFdCkVuIGVsIGJvc3F1ZSBxdWUgY29uZWN0YSBjb24gQWxiZXJ0YSwgZW4gZGlyZWNjacOzbiBhIFBheW9uLCB2aXZlbiB1bm9zIG9zb3MgcXVlIHRpZW5lbiB1biBhc3BlY3RvIHJlYWxtZW50ZSB0b250by4KU2UgZW50cmV0aWVuZW4ganVnYW5kbyBjb24gbW9zY2FzIHF1ZSB6dW1iYW4u,W1BpbmFdCkluIGRlbSBXYWxkLCBkZXIgbWl0IEFsYmVydGEgdmVyYnVuZGVuIGlzdCB1bmQgaW4gUmljaHR1bmcgUGF5b24gZsO8aHJ0LCBsZWJlbiBCw6RyZW4sIGRpZSB3aXJrbGljaCB6aWVtbGljaCBkdW1tIGF1c3NlaGVuLgpEaWUgc3BpZWxlbiBudXIgbWl0IHN1bW1lbmRlbiBGbGllZ2VuIGhlcnVtLg==,W1BpbmFdCkRhbnMgbGEgZm9yw6p0IHJlbGnDqWUgw6AgQWxiZXJ0YSwgc3VyIGxlIGNoZW1pbiB2ZXJzIFBheW9uLCBpbCB5IGEgZGVzIG91cnMgcXVpIG9udCB2cmFpbWVudCBs4oCZYWlyIHN0dXBpZGUuCklscyBmb250IGxlcyBpZGlvdHMgYXZlYyBkZXMgbW91Y2hlcyBxdWkgYm91cmRvbm5lbnQu,W1BpbmFdCkRpIGh1dGFuIHlhbmcgdGVyaHVidW5nIGRlbmdhbiBBbGJlcnRhLCBodXRhbiBtZW51anUgYXJhaCBQYXlvbiwgYWRhIGJlcnVhbmctYmVydWFuZyB5YW5nIHdhamFobnlhIHRlcmxpaGF0IHNhbmdhdCBib2RvaC4KTWVyZWthIGp1Z2Egc3VrYSBiZXJjYW5kYSBkZW5nYW4gbGFsYXQgeWFuZyBiZXJkZW5ndW5nLg==,W1BpbmFdCkFsYmVydGEgaWxlIGJhxJ9sYW50xLFsxLEgb3JtYW5kYSwgUGF5b24gecO2bsO8bmUgZ2lkZW4gb3JtYW5kYSDDp29rIGFwdGFsIGfDtnLDvG7DvG1sw7wgYXnEsWxhciB5YcWfYXIuClbEsXogdsSxeiBzaW5la2xlcmxlIMWfYWthbGHFn8SxcCBkdXJ1cmxhci4=
CJeY,W+2UvOuCmF0K7J6l64Kc7J2064KYIOyzkOuzvOugpOqzoCDrgpjrrYfqsIDsp4Drpbwg7YitIOuNmOyhjOuKlOuNsCDqsJHsnpDquLAg64us66Ck65Ok7Ja07IScIOyWvOuniOuCmCDrhoDrnpDripTsp4Ag7KCc6rCAIOyerOu5oOultOqyjCDtnJkg7ZWY6rOgIOuPhOunneyzpOq4uOuemCDrp53soJXsnbTsp4Ag7JiG7JeQ7J6I64qUIOuCmOustOqwgCDsmrDsp4DrgYgg7ZWg7KCV64+E66GcIOyOiCDtnpjsnbTsmIDslrTsmpQuCuyWtOuWpCDrj5nrrLzsnbTrk6Ag7ISj67aI66asIOqxtOuTnOumrOuptCDslYjrkJjqsqDqtazrgpjrnbzqs6Ag7IOd6rCB7ZaI7KeA7JqULg==,W1BpbmFdCkkgdG9zc2VkIGEgc21hbGwgYnJhbmNoIGF0IG9uZSBqdXN0IHRvIHRlYXNlIGl0LCBhbmQgc3VkZGVubHkgaXQgY2hhcmdlZCBhdCBtZS4gSSB3YXMgc28gc2hvY2tlZOKAlEkgYmFyZWx5IG1hbmFnZWQgdG8gZGFzaCBhd2F5LgpJZiBJIGhhZG7igJl0LCB0aGUgdHJlZSBuZXh0IHRvIG1lIHdvdWxk4oCZdmUgYmVlbiBzbWFzaGVkIHRvIGJpdHMgYnkgaXRzIHN0cmVuZ3RoLgpUaGF04oCZcyB3aGVuIEkgbGVhcm5lZCB5b3Ugc2hvdWxkIG5ldmVyIHByb3Zva2Ugd2lsZCBhbmltYWxzLg==,,W+earuWonF0K5oiR5oOz6Lef5a6D5Lus6Ze5552A546p77yM5bCx6ZqP5omL5oqK5qCR5p6d5ZWq5Zyw5omU6L+H5Y6777yM57uT5p6c5a6D5Lus56qB54S25omR6L+H5p2l77yM5oqK5oiR5ZCT5Z2P5LqG44CC5bm45aW95oiR6LW257Sn5ZSw5Zyw5LiA5LiL6YCD6LWw5LqG77yM5LiN54S25a6D5Lus5Yqb5rCU5aSn5b6X6IO95oqK5peB6L6555qE5qCR6YO95ZKU5ZqT5LiA5aOw5byE5pat44CCCuaIkeWwseaDs++8jOS4jeeuoeaYr+S7gOS5iOWKqOeJqe+8jOmDveS4jeiDvei9u+aYk+WOu+aLm+aDueOAgg==,,W1BpbmFdCuC4guC5ieC4suC4peC4reC4h+C4guC4p+C5ieC4suC4h+C4geC4tOC5iOC4h+C5hOC4oeC5ieC5g+C4quC5iOC5gOC4peC5iOC4mSDguYYg4LmB4LiV4LmI4LiX4Lix4LiZ4LmD4LiU4LiZ4Lix4LmJ4LiZCuC4oeC4seC4meC4geC5h+C4nuC4uOC5iOC4h+C5gOC4guC5ieC4suC4oeC4siDguILguYnguLLguJXguIHguYPguIjguKfguLTguYjguIfguKvguJnguLXguYHguJfguJrguYTguKHguYjguJfguLHguJkK4Lih4Lix4LiZ4Lie4Li44LmI4LiH4LmB4Lij4LiH4Lih4Liy4LiB4LiI4LiZ4LiV4LmJ4LiZ4LmE4Lih4LmJ4LiC4LmJ4Liy4LiHIOC5hiDguKvguLHguIHguYDguJvguYfguJnguIvguLLguIEgCuC4guC5ieC4suC5gOC4peC4ouC4hOC4tOC4lOC5hOC4lOC5ieC4p+C5iOC4suC4q+C5ieC4suC4oeC5geC4q+C4ouC5iOC4quC4seC4leC4p+C5jOC4m+C5iOC4suC4oeC4seC5iOC4p+C4i+C4seC5iOC4p+C4reC4teC4gQ==,,,W1BpbmFdCkxlIHRpcsOpIHVuYSByYW1pdGEgZGUgZ29scGUgc29sbyBwYXJhIGdhc3RhcmxlIHVuYSBicm9tYSwgcGVybyBzZSBhYmFsYW56w7Mgc29icmUgbcOtIGRlIHJlcGVudGUuIE1lbm9zIG1hbCBxdWUgZXNjYXDDqSByw6FwaWRhbWVudGUsIGZpaWnDuiwgcG9ycXVlIHRlbsOtYSB0YW50YSBmdWVyemEgcXVlIGVsIMOhcmJvbCBkZSBhbCBsYWRvIGNydWppw7MuClBlbnPDqSBxdWUgbm8gZGViw61hIG1vbGVzdGFyIGEgbmluZ8O6biBhbmltYWwgYSBsYSBsaWdlcmEu,W1BpbmFdCkljaCB3b2xsdGUgbWlyIG51ciBlaW5lbiBrbGVpbmVuIFNwYcOfIGVybGF1YmVuIHVuZCBoYWIgZWluZW4gQXN0IHNvIHBsb3BwIGhpbmdld29yZmVuLCBhYmVyIHBsw7Z0emxpY2ggc3TDvHJtdGVuIHNpZSBhdWYgbWljaCBsb3MuIEljaCBoYWIgbWljaCBzbyBlcnNjaHJvY2tlbi4gWnVtIEdsw7xjayBiaW4gaWNoIHNjaG5lbGwgc2Nod3VwcCBkYXZvbmdlcmFubnQsIHNvbnN0IHfDpHLigJlzIMO8YmVsIGF1c2dlZ2FuZ2VuLiBTaWUgd2FyZW4gc28gc3RhcmssIGRhc3MgZGVyIEJhdW0gZGFuZWJlbiBtaXQgZWluZW0gS3JhY2hlbiBuYWNoZ2FiLgpEYSBkYWNodGUgaWNoIG1pcjogRWdhbCwgdW0gd2VsY2hlcyBUaWVyIGVzIGdlaHQsIG1hbiBzb2xsdGUgZXMgbmljaHQgbGVpY2h0ZmVydGlnIHJlaXplbi4=,W1BpbmFdCkrigJlhaSBsYW5jw6kgdW5lIHBldGl0ZSBicmFuY2hlLCBqdXN0ZSBwb3VyIHBsYWlzYW50ZXIsIGV0IGlsIHPigJllc3QgamV0w6kgc3VyIG1vaSBk4oCZdW4gY291cC4gSuKAmWFpIGV1IHRlbGxlbWVudCBwZXVyIHF1ZSwgaGV1cmV1c2VtZW50LCBq4oCZYWkgZmlsw6kgZW4gdml0ZXNzZS4gSWwgYXZhaXQgdW5lIGZvcmNlIHNpIGdyYW5kZSBxdeKAmWlsIGEgZmFpdCBjcmFxdWVyIGzigJlhcmJyZSDDoCBjw7R0w6kuCkplIG1lIHN1aXMgZGl0IHF14oCZaWwgbmUgZmFsbGFpdCBwYXMgdG91Y2hlciBsZXMgYW5pbWF1eCDDoCBsYSBsw6lnw6hyZSwgcXVlbHMgcXXigJlpbHMgc29pZW50Lg==,W1BpbmFdCkFrdSBtZWxlbXBhciByYW50aW5nIGtlY2lsLCBjdW1hIGluZ2luIGJlcmNhbmRhLCB0YXBpIHRpYmEtdGliYSBpYSBtZW5lcmphbmcuIEFrdSBrYWdldCBzZWthbGk7IHVudHVuZyBzYWphIGFrdSBjZXBhdC1jZXBhdCBzd2lzaCBsYWx1IGthYnVyLiBUZW5hZ2FueWEgYmVnaXR1IGt1YXQgc2FtcGFpIHBvaG9uIGRpIHNlYmVsYWhueWEgYmlzYSByZXRhaywga3Jhay4KQWt1IGphZGkgYmVycGlraXIsIGhld2FuIGFwYSBwdW4gdGlkYWsgYm9sZWggZGlnYW5nZ3Ugc2VtYmFyYW5nYW4u,W1BpbmFdCsWeYWthIHlhcG1hayBpw6dpbiBiaXIgZGFsxLEgdMSxayBkaXllIGbEsXJsYXR0xLFtLCBiaXJkZW4gw7xzdMO8bWUgYXTEsWxkxLE7IG5lIGthZGFyIGtvcmt0dXlzYW0sIGjEsXpsxLFjYSBkw7Zuw7xwIGthw6d0xLFtIGRhIGt1cnR1bGR1bS4gWWFuxLFuZGFraSBhxJ9hY8SxIMOnYXTEsXJkYXRhY2FrIGthZGFyIGfDvMOnbMO8eWTDvC4KSGVyaGFuZ2kgYmlyIGhheXZhbmEgZMO8xZ/DvG5tZWRlbiBkb2t1bm1hbWFrIGdlcmVrdGnEn2luaSBkw7zFn8O8bmTDvG0u
CZeY,W+2UvOuCmF0K7JWE7Iuc64KY7JqUPyDripHrjIDrk6TsnYAg67O06riw67O064ukIO2YkeuPmeyLrOydtCDqsJXtlZjri7Xri4jri6Qu64+Z66OM6rCAIOychO2XmOyXkCDruaDsp4DrqbQg64u57J6lIOuPhOyZgOyjvOugpCDri6zroKTrk6Tso6AuCuydmOumrOyeiOuKlCDrj5nrrLzsnbTri4gg6rG065Oc66a065WQIOyhsOyLrO2VmOuKlOqyjCDsoovslYTsmpQu,W1BpbmFdCkRpZCB5b3Uga25vdz8gV29sdmVzIGFyZSBmYXIgbW9yZSBjb29wZXJhdGl2ZSB0aGFuIHRoZXkgbG9vay4KSWYgb25lIG9mIHRoZW0gaXMgaW4gZGFuZ2VyLCB0aGUgb3RoZXJzIHJ1c2ggaW4gdG8gaGVscC4KVGhleeKAmXJlIGxveWFsIGNyZWF0dXJlcywgc28gYmUgY2FyZWZ1bCBpZiB5b3UgZXZlciBjcm9zcyB0aGVtLg==,,W+earuWonF0K5L2g55+l6YGT5ZCX77yf54u85q+U55yL6LW35p2l5pu05pyJ5Zui6Zif57K+56We44CC5LyZ5Ly05LiA5pem6Zm35YWl5Y2x6Zmp77yM5bCx5Lya56uL5Yi75Yay5LiK5Y675biu5b+Z44CCCuWug+S7rOaYr+W+iOiusuS5ieawlOeahOWKqOeJqe+8jOaJgOS7peimgeaLm+aDueWug+S7rOeahOivne+8jOacgOWlveWwj+W/g+eCueOAgg==,,W1BpbmFdCuC5gOC4iOC5ieC4suC4o+C4ueC5ieC4q+C4o+C4t+C4reC5hOC4oeC5iD8gCuC4q+C4oeC4suC4m+C5iOC4suC4oeC4teC4hOC4p+C4suC4oeC4quC4suC4oeC4seC4hOC4hOC4teC4oeC4suC4geC4geC4p+C5iOC4suC4l+C4teC5iOC5gOC4q+C5h+C4mSAK4LiW4LmJ4Liy4Liq4Lih4Liy4LiK4Li04LiB4LmD4LiZ4Lid4Li54LiH4LiV4LiB4Lit4Lii4Li54LmI4LmD4LiZ4Lit4Lix4LiZ4LiV4Lij4Liy4LiiIArguJ7guKfguIHguKHguLHguJnguIjguLDguKPguLXguJrguYDguILguYnguLLguYTguJvguIrguYjguKfguKLguJfguLHguJnguJfguLUK4LmA4Lib4LmH4LiZ4Liq4Lix4LiV4Lin4LmM4LiX4Li14LmI4Lij4Lix4LiB4Lie4Lin4LiB4Lie4LmJ4Lit4LiHIOC4lOC4seC4h+C4meC4seC5ieC4meC4luC5ieC4suC4q+C4suC4gQrguYTguJvguKLguLjguYjguIfguIHguLHguJrguJ7guKfguIHguKHguLHguJkg4LiV4LmJ4Lit4LiH4Lij4Liw4Lin4Lix4LiH4LiV4Lix4Lin4LmE4Lin4LmJ4LmD4Lir4LmJ4LiU4Li14Lil4LmI4Liw,,,W1BpbmFdCsK/TG8gc2Fiw61hPyBMb3MgbG9ib3MgdGllbmVuIHVuIGdyYW4gZXNww61yaXR1IGRlIGNvb3BlcmFjacOzbiwgbcOhcyBkZSBsbyBxdWUgcGFyZWNlLiBTaSB1biBjb21wYcOxZXJvIGVzdMOhIGVuIHBlbGlncm8sIGNvcnJlbiBpbm1lZGlhdGFtZW50ZSBhIGF5dWRhcmxvLgpTb24gYW5pbWFsZXMgbGVhbGVzLCBhc8OtIHF1ZSB0ZW5nYSBjdWlkYWRvIGFsIG1vbGVzdGFybG9zLg==,W1BpbmFdCld1c3N0ZXN0IGR1IGRhcz8gV8O2bGZlIGhhbHRlbiBtZWhyIHp1c2FtbWVuLCBhbHMgbWFuIGRlbmt0LiBXZW5uIGVpbiBHZWbDpGhydGUgaW4gR2VmYWhyIGdlcsOkdCwgc3TDvHJ6ZW4gc2llIHNvZm9ydCBsb3MsIHVtIHp1IGhlbGZlbi4KRGFzIHNpbmQgdHJldWUgVGllcmUsIGFsc28gc29sbHRlc3QgZHUgdm9yc2ljaHRpZyBzZWluLCB3ZW5uIGR1IHNpZSBwcm92b3ppZXJzdC4=,W1BpbmFdClZvdXMgbGUgc2F2aWV6PyBMZXMgbG91cHMgc29udCBwbHVzIHNvbGlkYWlyZXMgcXUnaWxzIG4nZW4gb250IGwnYWlyLiBRdWFuZCB1biBjb21wYWdub24gZXN0IGVuIGRhbmdlciwgaWxzIGFjY291cmVudCBhdXNzaXTDtHQgcG91ciBsJ2FpZGVyLgpDZSBzb250IGRlcyBhbmltYXV4IGxveWF1eCwgYWxvcnMgbWlldXggdmF1dCDDqnRyZSBwcnVkZW50IHNpIHZvdXMgbGVzIHByb3ZvcXVlei4=,W1BpbmFdClRhaHVrYWgga2FtdT8gU2VyaWdhbGEgaXR1IGxlYmloIGtvbXBhayBkYXJpcGFkYSB5YW5nIHRlcmxpaGF0LiBLYWxhdSBrYXdhbm55YSBkYWxhbSBiYWhheWEsIG1lcmVrYSBha2FuIGxhbmdzdW5nIGJlcmxhcmkgdW50dWsgbWVub2xvbmcuCk1lcmVrYSBoZXdhbiB5YW5nIHNldGlhLCBqYWRpIHNlYmFpa255YSBiZXJoYXRpLWhhdGkga2FsYXUgbWF1IG1lbmd1c2lrIG1lcmVrYS4=,W1BpbmFdCkJpbGl5b3IgbXVzdW51ej8gS3VydGxhciBnw7Zyw7xuZMO8a2xlcmluZGVuIGRhaGEgZGF5YW7EscWfbWFjxLFkxLFyLiBCaXIgeW9sZGHFn2xhcsSxIHRlaGxpa2V5ZSBkw7zFn2Vyc2UgaGVtZW4geWFyZMSxbSBldG1leWUga2/Fn2FybGFyLgpWZWZhbMSxIGhheXZhbmxhcmTEsXIsIG9ubGFyYSBidWxhxZ/EsXJrZW4gZGlra2F0bGkgb2xtYWsgaXlpIG9sdXIu
CpeY,7ZWg66i464uI,R3JhbmRtb3RoZXI=,,5aW25aW2,,R3JhbmRtb3RoZXI=,,,QWJ1ZWxh,QWx0ZSBGcmF1,R3JhbmQtbcOocmU=,R3JhbmRtb3RoZXI=,QsO8ecO8a2FubmU=
C5eY,W+2VoOuouOuLiF0K7Ja866eI7KCE7JeQIOyZoCDri6Qg67aA7ISc7KeE67Cw6rCAIOyVjOuyoOultO2DgCDslrTqt4Dsl5Ag7Z2Y65+s65Ok7Ja07JmU64uk7JqwLgrtmLnsi5wg7IOd7KG07J6Q652864+EIOuCqOyVhOyeiOuCmCDtlbTshJwg66eI7J2EIOyyreuFhOuTpOydtCDrqofrqoUg67Cw7JWI7Jy866GcIOuTpOyWtOqwlOuLpOqwgCDslYTso7wg6riw6rKB7J2EIO2VmOqzoCDrgpjsmZTsl4jsp4Ag7JWI7JeQIOyDneyhtOyekOuKlCDqs6DsgqztlZjqs6Ag7Iuc7LK065Ok7J20IOydvOyWtOuCmOyEnCDqsbjslrTri6Tri4zri6Tqs6Ag7ZWY642U65286rWsLg==,W0dyYW5kbW90aGVyXQpOb3QgbG9uZyBhZ28sIGEgY29tcGxldGVseSB3cmVja2VkIHNoaXAgZHJpZnRlZCB0byB0aGUgZWRnZSBvZiBBbGJlcnRhLgpTb21lIG9mIHRoZSB2aWxsYWdlIFlvdW5nIE1hbnMgd2VudCBpbnNpZGUgdGhlIHNoaXAgdG8gc2VlIGlmIHRoZXJlIHdlcmUgYW55IHN1cnZpdm9ycywgYnV0IHRoZXkgY2FtZSBydW5uaW5nIG91dCBpbiB0ZXJyb3IuClRoZXkgc2FpZCB0aGVyZSB3ZXJlIG5vIHN1cnZpdm9ycyBhdCBhbGzigJRvbmx5IGNvcnBzZXMgd2Fsa2luZyBhcm91bmQgaW5zaWRlLg==,,W+WltuWltl0K5YmN6Zi15a2Q5pyJ6ImY56C05b6X5LiN5oiQ5qC35a2Q55qE6Ii55ryC5Yiw5LqG6Im+5bCU6LSd5aGU5YWl5Y+j6ZmE6L+R44CCCuadkemHjOeahOWHoOS4quW5tOi9u+S6uuaDs+edgOaYr+S4jeaYr+i/mOacieW5uOWtmOiAhe+8jOWwsei/m+iIuemHjOeci+S6hueci++8jOe7k+aenOWQk+W+l+S4jei9u+Wwsei3keWHuuadpeS6huOAguWQrOivtOmHjOmdouWIq+ivtOW5uOWtmOiAheS6hu+8jOWwuOS9k+i/mOS8muermei1t+adpei1sOi3r+WRouOAgg==,,W0dyYW5kbW90aGVyXQrguYTguKHguYjguJnguLLguJnguKHguLLguJnguLXguYkg4Lih4Li14LmA4Lij4Li34Lit4Lie4Lix4LiH4Lii4Lix4Lia4Lil4Liz4Lir4LiZ4Li24LmI4LiH4Lil4Lit4Lii4LmA4LiC4LmJ4Liy4Lih4Liy4LmA4LiB4Lii4LiX4Li14LmI4Lib4Liy4LiB4Lit4LmI4Liy4LinIEFsYmVydGEg4LiZ4LiwCuC4nuC4p+C4geC4q+C4meC4uOC5iOC4oeC5hiDguYPguJnguKvguKHguLnguYjguJrguYnguLLguJnguIHguYfguYDguKXguKLguKXguK3guIfguYDguILguYnguLLguYTguJvguJTguLkg4LmA4Lic4Li34LmI4Lit4LiI4Liw4Lih4Li14Lic4Li54LmJ4Lij4Lit4LiU4LiK4Li14Lin4Li04LiV4oCmIOC5geC4leC5iOC4geC4peC4seC4muC4p+C4tOC5iOC4h+C4q+C4meC4teC4q+C4meC5ieC4suC4leC4suC4leC4t+C5iOC4meC4reC4reC4geC4oeC4suC4geC4seC4meC4q+C4oeC4lArguJrguK3guIHguKfguYjguLLguYPguJnguJnguLHguYnguJnguYTguKHguYjguYPguIrguYjguYHguITguYjguYTguKHguYjguKHguLXguITguJnguKPguK3guJTigKYg4Lio4Lie4Lii4Lix4LiH4Lil4Li44LiB4LiC4Li24LmJ4LiZ4LmA4LiU4Li04LiZ4LmE4LiU4LmJ4Lit4Li14LiB4LiV4LmI4Liy4LiH4Lir4Liy4LiB,,,W0FidWVsYV0KSGFjZSBwb2NvLCB1biBiYXJjbyBjb21wbGV0YW1lbnRlIGRlc3Ryb3phZG8gbGxlZ8OzIGZsb3RhbmRvIGEgbGEgZW50cmFkYSBkZSBBbGJlcnRhLgpVbm9zIGrDs3ZlbmVzIGRlbCBwdWVibG8gZW50cmFyb24gZW4gZWwgYmFyY28gcGFyYSB2ZXIgc2kgcXVlZGFiYSBhbGfDum4gc3VwZXJ2aXZpZW50ZSwgcGVybyBzYWxpZXJvbiBhdGVycm9yaXphZG9zLiBEZWPDrWFuIHF1ZSwgbGVqb3MgZGUgaGFiZXIgc3VwZXJ2aXZpZW50ZXMsIGxvcyBjYWTDoXZlcmVzIHNlIGxldmFudGFiYW4geSBjYW1pbmFiYW4gcG9yIGRlbnRyby4=,W0FsdGUgRnJhdV0KVm9yIGVpbmlnZXIgWmVpdCBpc3QgZWluIHbDtmxsaWcgemVyYnJvY2hlbmVzIFNjaGlmZiBhbiBkaWUgS8O8c3RlIHZvbiBBbGJlcnRhIGdldHJpZWJlbiB3b3JkZW4uCkVpbiBwYWFyIGp1bmdlIE3DpG5uZXIgYXVzIGRlbSBEb3JmIGdpbmdlbiBoaW5laW4sIHVtIG5hY2h6dXNlaGVuLCBvYiB2aWVsbGVpY2h0IG5vY2ggw5xiZXJsZWJlbmRlIGRhIHfDpHJlbiwga2FtZW4gYWJlciBrcmVpZGVibGVpY2ggd2llZGVyIGhlcmF1cy4gU2llIHNhZ3Rlbiwgdm9uIMOcYmVybGViZW5kZW4ga2VpbmUgU3B1ciDigJQgc3RhdHRkZXNzZW4gd8O8cmRlbiBpbSBJbm5lcmVuIGRpZSBMZWljaGVuIGF1ZnN0ZWhlbiB1bmQgdW1oZXJ3YW5kZWxuLg==,W0dyYW5kLW3DqHJlXQpJbCBu4oCZeSBhIHBhcyBsb25ndGVtcHMsIHVuIG5hdmlyZSBjb21wbMOodGVtZW50IGJyaXPDqSBhIGTDqXJpdsOpIGp1c3F14oCZw6AgbOKAmWVudHLDqWUgZGUgQWxiZXJ0YS4KUG91ciB2b2lyIHPigJlpbCByZXN0YWl0IGRlcyBzdXJ2aXZhbnRzLCBxdWVscXVlcyBqZXVuZXMgZHUgdmlsbGFnZSBzb250IGVudHLDqXMsIFZlcnMgbCdpbnTDqXJpZXVyLiBJbHMgc29udCByZXNzb3J0aXMgdGVycmlmacOpcy4gSWxzIGRpc2FpZW50IHF14oCZw6AgbOKAmWludMOpcmlldXIsIGxlcyBjYWRhdnJlcyBzZSBsZXZhaWVudCBldCBtYXJjaGFpZW50Lg==,W0dyYW5kbW90aGVyXQpCZWJlcmFwYSB3YWt0dSBsYWx1LCBhZGEga2FwYWwgeWFuZyBoYW5jdXIgbGVidXIgaGFueXV0IHNhbXBhaSBrZSBtdWx1dCBBbGJlcnRhLgpLYXJlbmEgbWVuZ2lyYSBtdW5na2luIG1hc2loIGFkYSB5YW5nIHNlbGFtYXQsIGJlYmVyYXBhIGFuYWsgbXVkYSBkZXNhIG1hc3VrIGtlIGRhbGFtIGthcGFsLCB0YXBpIG1lcmVrYSBrZWx1YXIgZGVuZ2FuIHNhbmdhdCBrZXRha3V0YW4uIEthdGFueWEsIGphbmdhbmthbiBhZGEgeWFuZyBzZWxhbWF0LCBtYXlhdC1tYXlhdCBkaSBkYWxhbW55YSBtYWxhaCBiYW5na2l0IGRhbiBiZXJqYWxhbi1qYWxhbi4=,W0LDvHnDvGthbm5lXQpZYWvEsW4gemFtYW5kYSBwYXJhbXBhcsOnYSBvbG11xZ8gYmlyIGdlbWkgQWxiZXJ0YSBnaXJpxZ9pbmUgc8O8csO8a2xlbmlwIGdlbGRpLgpBY2FiYSBoYXlhdHRhIGthbGFuIHZhciBtxLEgZGl5ZSBrw7Z5w7xuIGdlbsOnbGVyaW5kZW4gYmlya2HDp8SxIGdlbWluaW4gacOnaW5lIGdpcmRpIGFtYSDDtmRsZXJpIGtvcG11xZ8gaGFsZGUgZ2VyaSDDp8Sxa3TEsWxhcjsgacOnZXJpZGUgaGF5YXR0YSBrYWxhbiBiaXIgeWFuYSwgY2VzZXRsZXJpbiBrYWxrxLFwIHnDvHLDvGTDvMSfw7xuw7wgc8O2eWxlZGlsZXIu
DJeY,W+2VoOuouOuLiF0K6re466as6rOgIOutlOyngCDrqqjrpbwg67CU64uk7IOd66y865Ok7J20IOyasOq4gOyasOq4gCDrgpjsmKTripTrjbAg7LCo66eIIOyeheq1rOyXkOyEnCDrjZQg65Ok7Ja06rCA7KeAIOuqu+2VmOqzoCDrj4zslYTsmZTri6Tqs6Ag7ZWY642U6rWs66eMLi4uLg==,W0dyYW5kbW90aGVyXQpPbiB0b3Agb2YgdGhhdCwgYWxsIHNvcnRzIG9mIHN0cmFuZ2Ugc2VhIGNyZWF0dXJlcyB3ZXJlIHN3YXJtaW5nIG91dC4gVGhleSBjb3VsZG7igJl0IGJyaW5nIHRoZW1zZWx2ZXMgdG8gZ28gYW55IGZhcnRoZXIgYW5kIHR1cm5lZCBiYWNrLg==,,W+WltuWltl0K6ICM5LiU6L+Y5pyJ5Lqb5LiN55+l6YGT5piv5LuA5LmI55qE5rW36YeM55Sf54mp5oiQ576k57uT6Zif5Zyw5YaS5Ye65p2l77yM5LuW5Lus6L+e5YWl5Y+j6YO95LiN5pWi5YaN5b6A6YeM6LWw77yM5Y+q6IO95Zue5p2l5LqGLi4uLg==,,W0dyYW5kbW90aGVyXQrguYHguKXguYnguKfguKLguLHguIfguKHguLXguKrguLHguJXguKfguYzguJfguLDguYDguKXguJvguKPguLDguKvguKXguLLguJTguYTguKHguYjguKPguLnguYnguIjguLHguIHguYDguJXguYfguKHguYTguJvguKvguKHguJQg4LiI4LiZ4LmE4Lih4LmI4Lih4Li14LmD4LiE4Lij4LiB4Lil4LmJ4Liy4LmA4LiC4LmJ4Liy4LmE4Lib4Lih4Liy4LiB4LiB4Lin4LmI4Liy4LiZ4Lix4LmJ4LiZIOC5hOC4lOC5ieC5geC4leC5iOC4luC4reC4ouC4geC4peC4seC4muC4reC4reC4geC4oeC4suKApg==,,,W0FidWVsYV0KWSB0YW1iacOpbiBzYWzDrWFuIG1vbnRvbmVzIGRlIGNyaWF0dXJhcyBtYXJpbmFzIHF1ZSBuYWRpZSBzYWLDrWEgcXXDqSBlcmFuLCBhc8OtIHF1ZSBkZWPDrWFuIHF1ZSBubyBwdWRpZXJvbiBhdmFuemFyIG3DoXMgYWxsw6EgZGUgbGEgZW50cmFkYSB5IHJlZ3Jlc2Fyb24uLi4u,W0FsdGUgRnJhdV0KVW5kIGRhbm4gc29sbGVuIGRhIGF1Y2ggbm9jaCBhbGxlcmxlaSBzZWx0c2FtZSBNZWVyZXNrcmVhdHVyZW4gbnVyIHNvIGdld2ltbWVsdCBoYWJlbi4gV2VpdGVyIGFscyBiaXMgenVtIEVpbmdhbmcgaGFiZW4gc2llIHNpY2ggbmljaHQgaGluZWluZ2V0cmF1dCB1bmQgc2luZCB3aWVkZXIgdW1nZWtlaHJ0Li4uLg==,W0dyYW5kLW3DqHJlXQpFdCBwdWlzLCBkZXMgY3LDqWF0dXJlcyBtYXJpbmVzIGluY29ubnVlcyBlbiBzb3J0YWllbnQgZW4gZ3JvdWlsbGFudCwgYWxvcnMgaWxzIG4nb250IHBhcyBwdSBhbGxlciBwbHVzIGxvaW4gcXVlIGwnZW50csOpZSBldCBpbHMgc29udCByZXZlbnVzLi4uLg==,W0dyYW5kbW90aGVyXQpMYWx1LCBlbnRhaCBtYWtobHVrIGxhdXQgYXBhLCBrZWx1YXIgYmVya2VydW11biwgc2FtcGFpIG1lcmVrYSB0YWsgc2FuZ2d1cCBtYXN1ayBsZWJpaCBqYXVoIGRhcmkgcGludHUgbWFzdWsgZGFuIGFraGlybnlhIGtlbWJhbGksIGthdGFueWEuLi4u,W0LDvHnDvGthbm5lXQpCaXIgZGUgbmUgb2xkdcSfdSBiaWxpbm1leWVuIGRlbml6IHlhcmF0xLFrbGFyxLEga2F5bmHFn8SxcCDDp8Sxa8SxeW9ybXXFnzsgZ2lyacWfdGVuIGRhaGEgacOnZXJpIGdpcm1leWUgY2VzYXJldCBlZGVtZXlpcCBnZXJpIGTDtm5tw7zFn2xlci4uLi4=
DZeY,W+2VoOuouOuLiF0K6re465+wIOyCrOygleycvOuhnCDrs7TquLAg7KKL7KeA7JWK7JWE64+EIOyWtOyplOyImCDsl4bsnbQg7KCA66CH6rKMIOuLpCDrtoDshJzsp4TrsLDrpbwg7ISs7JeQIOuGlOuRkOqzoCDqsIDrnbzslYnquLDrp4zsnYQg6riw64uk66as6rOgIOyeiOyXiOuKlOuNsCDqt7gg7IaM66y47J2EIOyWtOuUlOyEnCDrk6Tsl4jripTsp4Ag7KG064uk6riw7ZqN7J20652864qU6rOz7JeQ7IScIOyLnOyXkCDtgbDrj4jsnYQg64K06rOgIOuwsOyymOumrOulvCDrp6Hqsqjri6zrnbzqs6Ag7ZWY642U7J2064ukLg==,W0dyYW5kbW90aGVyXQpHaXZlbiB0aGUgY2lyY3Vtc3RhbmNlcywgZXZlbiBpZiBpdCBkaWRuJ3QgbG9vayBnb29kLCBJIGhhZCBubyBjaG9pY2UgYnV0IHRvIGxlYXZlIHRoZSBkYW1hZ2VkIHNoaXBzIG9uIHRoZSBpc2xhbmQgYW5kIGp1c3Qgd2FpdCBmb3IgdGhlbSB0byBzaW5rLiBTb21laG93LCB3b3JkIG9mIHRoaXMgcmVhY2hlZCBhIHBsYWNlIGNhbGxlZCBab25kYSBBZ2VuY3ksIGFuZCB0aGV5IG9mZmVyZWQgYSBodWdlIHN1bSB0byBoYXZlIHRoZSBzaGlwIGRpc3Bvc2FsIGhhbmRsZWQu,,W+WltuWltl0K5Zug5Li66L+Z56eN5oOF5Ya177yM5bCx566X55yL552A5LiN5aSq5aW95Lmf5rKh5Yqe5rOV77yM5Y+q6IO95oqK6YKj6ImY56C06Ii555WZ5Zyo5bKb5LiK77yM562J5a6D6Ieq5bex5rKJ5LiL5Y6744CC5Y+v5LiN55+l5LuO5ZOq5ZCs5p2l55qE5Lyg6Ze777yM5YeG5a6D5LyB5YiS6YKj6L6556uf54S257uZ5biC6YeM5Ye65LqG5LiA5aSn56yU6ZKx77yM6K+06KaB6LSf6LSj5aSE55CG6YKj6ImY6Ii544CC,,W0dyYW5kbW90aGVyXQrguJTguYnguKfguKLguYDguKvguJXguLjguJnguLXguYkg4LiW4Li24LiH4Lih4Lix4LiZ4LiI4Liw4LiU4Li54LmE4Lih4LmI4LiH4Liy4Lih4LiV4LiyIOC4geC5h+C5gOC4peC4ouC4leC5ieC4reC4h+C4m+C4peC5iOC4reC4ouC5gOC4o+C4t+C4reC4nuC4seC4h+C4meC4seC5iOC4meC4l+C4tOC5ieC4h+C5hOC4p+C5ieC4l+C4teC5iOC5gOC4geC4suC4sCDguKPguK3guYPguKvguYnguKHguLHguJnguIjguKHguYTguJvguYDguK3guIcK4LmB4LiV4LmI4LmE4Lih4LmI4Lij4Li54LmJ4Lin4LmI4Liy4LmE4Lib4LmE4LiU4LmJ4Lii4Li04LiZ4LiC4LmI4Liy4Lin4LiI4Liy4LiB4LmE4Lir4LiZIOC4muC4o+C4tOC4qeC4seC4lyBab25kYSDguKHguLLguIjguYjguLLguKLguYDguIfguLTguJnguIHguYnguK3guJnguYLguJXguYPguKvguYnguYDguKHguLfguK3guIcg4LmA4Lie4Li34LmI4Lit4LiC4Lit4Lij4Lix4Lia4LiH4Liy4LiZ4LiI4Lix4LiU4LiB4Liy4Lij4LmA4Lij4Li34Lit4Lil4Liz4LiZ4Lix4LmJ4LiZ4LmE4Lib,,,W0FidWVsYV0KUG9yIGVzbywgYXVucXVlIG5vIGZ1ZXJhIGFncmFkYWJsZSBkZSB2ZXIsIG5vIHR1dmltb3MgbcOhcyByZW1lZGlvIHF1ZSBkZWphciBhcXVlbCBiYXJjbyBkZXN0cm96YWRvIGVuIGxhIGlzbGEgeSBlc3BlcmFyIGEgcXVlIHNlIGh1bmRpZXJhLiBQZXJvIG5vIHPDqSBkZSBkw7NuZGUgaGFicsOtYW4gb8OtZG8gZWwgcnVtb3I6IHVuYSBlbXByZXNhIGxsYW1hZGEgSm9uZGEgUGxhbm5pbmcgcGFnw7MgdW5hIGdyYW4gc3VtYSBhIGxhIGNpdWRhZCB5IHBpZGnDsyBxdWUgbGUgZW5jYXJnYXJhbiBlbCBiYXJjby4=,W0FsdGUgRnJhdV0KRGFydW0gaGFiZW4gd2lyLCBhdWNoIHdlbm4gZXMga2VpbiBzY2jDtm5lciBBbmJsaWNrIGlzdCwgZGFzIHbDtmxsaWcgemVyc3TDtnJ0ZSBTY2hpZmYgbm90Z2VkcnVuZ2VuIGF1ZiBkZXIgSW5zZWwgbGllZ2VuIGxhc3NlbiB1bmQgbnVyIG5vY2ggZGFyYXVmIGdld2FydGV0LCBkYXNzIGVzIHNpbmt0LiBBYmVyIGlyZ2VuZHdvaGVyIGhhYmVuIHNpZSB3b2hsIGRhcyBHZXLDvGNodCBhdWZnZXNjaG5hcHB0LCB1bmQgZGFubiBoYXQgZWluZSBGaXJtYSBuYW1lbnMgWm9uZGEgZGVyIFN0YWR0IHZpZWwgR2VsZCBnZWJvdGVuLCBkYW1pdCBtYW4gaWhyIGRpZSBFbnRzb3JndW5nIGRlcyBTY2hpZmZzIMO8YmVybMOkc3N0Lg==,W0dyYW5kLW3DqHJlXQrDgCBjYXVzZSBkZSDDp2EsIG3Dqm1lIHNpIGNlIG4nw6l0YWl0IHBhcyBiZWF1IMOgIHZvaXIsIG9uIG4nYXZhaXQgcGFzIGxlIGNob2l4OiBvbiBhIGxhaXNzw6kgY2UgbmF2aXJlIGNvbXBsw6h0ZW1lbnQgYnJpc8OpIHN1ciBsJ8OubGUgZW4gYXR0ZW5kYW50IHF1J2lsIGNvdWxlLiBNYWlzIG9uIG5lIHNhaXQgcGFzIG/DuSBpbHMgb250IGVudGVuZHUgY2V0dGUgcnVtZXVyLCBldCB1biBlbmRyb2l0IGFwcGVsw6kgWm9uZGEgYSBwcm9wb3PDqSBkZSBwYXllciB1bmUgZ3Jvc3NlIHNvbW1lIMOgIGxhIHZpbGxlIHBvdXIgcXUnb24gbGV1ciBjb25maWUgbGUgdHJhaXRlbWVudCBkdSBuYXZpcmUu,W0dyYW5kbW90aGVyXQpLYXJlbmEga2VhZGFhbiBpdHUsIG1lc2tpIHRpZGFrIGVuYWsgZGlwYW5kYW5nLCBtYXUgdGFrIG1hdSBrYW1pIG1lbWJpYXJrYW4ga2FwYWwgeWFuZyBoYW5jdXIgaXR1IHRldGFwIGRpIHB1bGF1IGRhbiBoYW55YSBtZW51bmdndSBzYW1wYWkgdGVuZ2dlbGFtLiBUYXBpIGVudGFoIGRhcmkgbWFuYSBtZXJla2EgbWVuZGVuZ2FyIHJ1bW9yIGl0dSwgYWRhIHRlbXBhdCBiZXJuYW1hIFpvbmRhIEFnZW5jeSB5YW5nIG1lbWJheWFyIGJhbnlhayB1YW5nIGtlcGFkYSBrb3RhIGRhbiBtZW1pbnRhIGFnYXIgcGVuYW5nYW5hbiBrYXBhbCBkaXNlcmFoa2FuIGtlcGFkYSBtZXJla2Eu,W0LDvHnDvGthbm5lXQpCdSB5w7x6ZGVuIGfDtnLDvG50w7xzw7wgaG/FnyBvbG1hc2EgZGEgbWVjYnVyZW4gbyBwYXJhbXBhcsOnYSBnZW1peWkgYWRhZGEgYsSxcmFrxLFwIGJhdG1hc8SxbsSxIGJla2xpeW9yZHVrOyBhbWEgbyBzw7Z5bGVudGl5aSBuZXJlZGVuIGR1eWR1bGFyc2EsIFpvbmRhIGRlbmVuIGJpciB5ZXIgxZ9laHJlIGLDvHnDvGsgcGFyYSB2ZXJpcCBnZW1pbmluIGJlcnRhcmFmxLFuxLEga2VuZGlsZXJpbmUgYsSxcmFrbWFtxLF6xLEgaXN0ZW1pxZ8u
DpeY,W+2VoOuouOuLiF0K6re465+s642U64uIIOq4gOyOhCDqt7gg64Kc7YyM7ISg7JeQIOygiuydgOydtOuTpOydhCDrgYzslrTrk6Tsl6wg66qs7Iqk7YSwIOyymOumrOulvCDtlZjrjZTqtazrp4wg662QLi4g7KCK7J2A7J2065Ok7JeQ6rKQIOyekOyLoOydhCDsi5ztl5jtlbTrs7Tqs6Dsi7bsp4DslYrrg5Drnbzqs6Ag6rys65Od7J2064qU6rGwIOqwmeydgOuNsC4u7KCK7J2A64KY7J207JeQIOq3uOufsCDqsr3tl5jrj4Qg7KKL6rKg7KeALi4uLgrtlZjsp4Drp4wg7JyE7ZeY7ZWY7KeAIOyViuycvOugqOyngCDsm5AuLi4u,W0dyYW5kbW90aGVyXQpBbmQgd291bGQgeW91IGJlbGlldmUgaXQ/IFRoZXkgbHVyZWQgeW91bmcgZm9sa3MgaW50byB0aGF0IFNoaXB3cmVjayB0byBkZWFsIHdpdGggdGhlIG1vbnN0ZXJzLgpUaGV5IGtlZXAgdGVtcHRpbmcgdGhlbSwgc2F5aW5nLCDigJhEb27igJl0IHlvdSB3YW50IHRvIHRlc3QgeW91cnNlbGY/4oCZCldlbGzigKYgbWF5YmUgc3VjaCBleHBlcmllbmNlcyBzdWl0IHRoZSB5b3VuZ+KApgpCdXQgSSBjYW7igJl0IGhlbHAgd29ycnlpbmcgd2hldGhlciBpdOKAmXMgdHJ1bHkgc2FmZS4=,,W+WltuWltl0K57uT5p6c5L2g54yc5oCO5LmI552A77yM5LuW5Lus6L+Y5oqK5bm06L275Lq65ouJ6L+b6YKj6ImY5rKJ6Ii56YeM5Y675aSE55CG5oCq54mp5ZGi77yM5LuA5LmI55qELi7lpb3lg4/mmK/lnKjmgILmgb/lubTovbvkurror7TkuI3mg7Por5Xor5Xoh6rlt7HlkJcuLuW5tOi9u+aXtuaciei/meenjee7j+WOhuS5n+S4jemUmS4uLi4K5L2G5Lya5LiN5Lya5aSq5Y2x6Zmp5LqG77yM5ZSJLi4uLg==,,W0dyYW5kbW90aGVyXQrguYHguKXguYnguKfguIHguYfguJTguLHguJnguYTguJvguIrguLHguIHguIrguKfguJnguJ7guKfguIHguKvguJnguLjguYjguKHguYYg4LmD4Lir4LmJ4LmA4LiC4LmJ4Liy4LmE4Lib4LiB4Liz4LiI4Lix4LiU4Lih4Lit4LiZ4Liq4LmA4LiV4Lit4Lij4LmM4LmD4LiZ4LmA4Lij4Li34Lit4LiL4Liw4LiZ4Li14LmICuC5gOC4q+C5h+C4meC4p+C5iOC4suC5g+C4iuC5ieC4hOC4s+C4q+C4p+C5iOC4suC4meC4peC5ieC4reC4oeC4p+C5iOC4suC4reC4ouC4suC4geC4l+C4lOC4quC4reC4muC4leC4seC4p+C5gOC4reC4h+C4q+C4o+C4t+C4reC5hOC4oeC5iOC4reC4sOC5hOC4o+C4l+C4s+C4meC4reC4h+C4meC4seC5ieC4meKApgrguKfguLHguKLguKvguJnguLjguYjguKHguYTguJTguYnguKXguK3guIfguK3guLDguYTguKPguYHguJrguJrguJnguLHguYnguJnguIHguYfguJTguLXguK3guKLguLnguYjguKvguKPguK3guIHigKYg4LmB4LiV4LmI4LiC4LmJ4Liy4Lin4LmI4Liy4Lih4Lix4LiZ4Lit4Lix4LiZ4LiV4Lij4Liy4Lii4LmA4LiB4Li04LiZ4LmE4Lib4Lir4LiZ4LmI4Lit4Lii4LiZ4Liw4oCm,,,W0FidWVsYV0KWSBlbnRvbmNlcywgZsOtamF0ZSwgYXRyYcOtYW4gYSBsb3MgasOzdmVuZXMgYSBlc2UgQmFyY28gaHVuZGlkbyBwYXJhIHF1ZSBzZSBlbmNhcmdhcmFuIGRlIGxvcyBtb25zdHJ1b3MuIFBhcmVjZSBxdWUgbG9zIHRlbnRhYmFuIHByZWd1bnTDoW5kb2xlcyBzaSBubyBxdWVyw61hbiBwb25lcnNlIGEgcHJ1ZWJhLi4uIEJ1ZW5vLCBxdWl6w6EgZXNhIGV4cGVyaWVuY2lhIHNlYSBidWVuYSBwYXJhIGxvcyBqw7N2ZW5lcy4uLi4KUGVybyBtZSBwcmVndW50byBzaSBubyBzZXLDoSBwZWxpZ3Jvc28uLi4u,W0FsdGUgRnJhdV0KVW5kIGRhbm4sIHN0ZWxsIGRpciB2b3IsIGhhYmVuIHNpZSBqdW5nZSBMZXV0ZSBpbiBkaWVzZXMgU2NoaWZmc3dyYWNrIGdlbG9ja3QgdW5kIGRvcnQgZGllIE1vbnN0ZXIgYmVzZWl0aWdlbiBsYXNzZW4uCkRlbiBqdW5nZW4gTGV1dGVuIHJlZGVuIHNpZSB3b2hsIGVpbiwgb2Igc2llIHNpY2ggbmljaHQgbWFsIHNlbGJzdCBhdWYgZGllIFByb2JlIHN0ZWxsZW4gd29sbGVuIC4uLiBJbiBqdW5nZW4gSmFocmVuIGlzdCBzbyBlaW5lIEVyZmFocnVuZyB2aWVsbGVpY2h0IGdhciBuaWNodCBzY2hsZWNodCAuLi4KQWJlciBvYiBkYXMgbmljaHQgenUgZ2Vmw6RocmxpY2ggaXN0IC4uLiBBY2ggamUgLi4uLg==,W0dyYW5kLW3DqHJlXQpFdCB2b2lsw6AgcXUnaWxzIG9udCBhdHRpcsOpIGRlcyBqZXVuZXMgZGFucyBjZXR0ZSDDiXBhdmUgcG91ciBzJ29jY3VwZXIgZGVzIG1vbnN0cmVzLCB0dSBwYXJsZXMuLi4gT24gZGlyYWl0IHF1J2lscyBsZXMgYXBww6J0ZW50IGVuIGxldXIgZGVtYW5kYW50IHMnaWxzIG5lIHZldWxlbnQgcGFzIHNlIG1ldHRyZSDDoCBsJ8OpcHJldXZlLi4uIMOAIGxldXIgw6JnZSwgY2UgZ2VucmUgZCdleHDDqXJpZW5jZSBwZXV0IMOqdHJlIGJpZW4uLi4uCk1haXMgZXN0LWNlIHF1ZSBjZSBuJ2VzdCBwYXMgZGFuZ2VyZXV4LCB0b3V0IMOnYS4uLi4=,W0dyYW5kbW90aGVyXQpMYWx1LCBjb2JhIGJheWFuZ2thbiwgbWVyZWthIG1lbmFyaWsgcGFyYSBhbmFrIG11ZGEga2UgU2hpcHdyZWNrIGl0dSBkYW4gbWVueXVydWggbWVyZWthIG1lbmFuZ2FuaSBtb25zdGVyLCBiZWdpdHUgc2FqYS4uLiBTZXBlcnRpbnlhIG1lcmVrYSBtZW1idWp1ayBwYXJhIGFuYWsgbXVkYSBkZW5nYW4gYmVya2F0YSwgYXBhIG1lcmVrYSB0aWRhayBpbmdpbiBtZW5ndWppIGRpcmkgc2VuZGlyaS4uLiBQZW5nYWxhbWFuIHNlcGVydGkgaXR1IG11bmdraW4gYmFndXMgZGkgdXNpYSBtdWRhLi4uLgpUYXBpIGFwYSB0aWRhayBiZXJiYWhheWEsIHlhIGFtcHVuLi4uLg==,W0LDvHnDvGthbm5lXQpTb25yYSBkYSBuZSBnw7Zyc2VtLCBvIEdlbWkgRW5rYXrEsW5hIGdlbsOnbGVyaSDDp2VraXAgY2FuYXZhcmxhcsSxIHRlbWl6bGV0aXlvcmR1IGnFn3RlLi4uIEdlbsOnbGVyZSwga2VuZGluaXppIHPEsW5hbWFrIGlzdGVtaXlvciBtdXN1bnV6IGRpeWUga2FuZMSxcsSxeW9yIGdpYml5ZGkuLi4gR2Vuw6cgeWHFn3RhIGLDtnlsZSBiaXIgZGVuZXlpbSBkZSBpeWkgb2x1ciBlbGJldC4uLi4KQW1hIHlhIHRlaGxpa2VsaXlzZSwgYWguLi4u
D5eY,7Y+s7LmY,UGF1bA==,,5L+d572X,,UGF1bA==,,,UG9jaGk=,UG9jaGk=,UG9jaGk=,UGF1bA==,UGF1bA==
EJeY,W+2PrOy5mF0K7JWI64WV7ZWY7Iut64uI6rmMIOyggO2drCDsobTri6TquLDtmo3sl5DshJwg66eI66Co7ZWcIOustOujjO2VtOynhCDsoIrsnYDsnbTrk6TsnYQg7JyE7ZWcIOuNmOyghO2DkO2XmCDtmZjsg4HsoIHsnbgg7LW47JW87LW47JW864Kc7YyM7ISg7JeQIOyeheyepe2VmOyLnOqyoOyKteuLiOq5jD8K7JWEISDtlZzqsIDsp4Ag66+466asIOyVjOyVhOuRkOyFlOyVvO2VoOygkOydgCDslrTsp4DqsITtlZwg7IiY7KSA7J20IOyVhOuLiOyLnOuptCDtlajrtoDroZwg64+E7KCE7ZWY7Iuc7KeAIOunkOudvOuKlCDqsbDsp4DsmpR+IOyXkO2XtC4=,W1BhdWxdCkdyZWV0aW5ncyEgV291bGQgeW91IGxpa2UgdG8gZW50ZXIgdGhlIGZhbnRhc3RpY2FsIFNoaXB3cmVjaywgYSBkdW5nZW9uIGFkdmVudHVyZSBwcmVwYXJlZCBieSBvdXIgWm9uZGEgQWdlbmN5IGZvciBmcmVlLXNwaXJpdGVkIHlvdW5nIGFkdmVudHVyZXJzPyAKQWghIE9uZSB0aGluZyB0byBub3RlIGluIGFkdmFuY2UgaWYgeW914oCZcmUgbm90IHVwIHRvIHRoZSBjaGFsbGVuZ2UsIGRvbuKAmXQgZGFyZSB0byB0cnkgaXQgcmVja2xlc3NseX4gQWhlbS4=,,W+S/nee9l10K5oKo5aW977yM6KaB6L+b5YWl55Sx5oiR5Lus5YeG5a6D5LyB5YiS5Li65peg6IGK55qE5bm06L275Lq65YeG5aSH55qE5Zyw5LiL5Z+O5o6i6Zmp44CB5qKm5bm755qE5ZW+5ZGA5ZW+5ZGA5rKJ6Ii55ZCX77yfCuWViu+8geacieS4gOeCueimgeWFiOaPkOmGkuaCqO+8jOWmguaenOayoeacieebuOW9k+eahOWunuWKm++8jOWPr+WIq+maj+S+v+aMkeaImOWTpn7lkrPlk7zjgII=,,W1BhdWxdCuC4quC4p+C4seC4quC4lOC4tSEg4Liq4LiZ4LmD4LiI4LmA4LiC4LmJ4Liy4Liq4Li54LmI4LiU4Lix4LiZ4LmA4LiI4Li14Lii4LiZ4Liq4Liz4Lij4Lin4LiI4LmA4Lij4Li34Lit4Lit4Lix4Lia4Lib4Liy4LiHIOC4l+C4teC5iOC4l+C4suC4hyBab25kYSDguYHguJ7guKXguJnguIjguLHguJTguYTguKfguYnguKrguLPguKvguKPguLHguJrguKvguJnguLjguYjguKHguKrguLLguKfguJzguLnguYnguYHguKrguKfguIfguKvguLLguITguKfguLLguKHguJXguLfguYjguJnguYDguJXguYnguJnguKvguKPguLfguK3guYTguKHguYg/CuC4reC5ieC4rSEg4LiC4Lit4LmA4LiV4Li34Lit4LiZ4LmE4Lin4LmJ4LiB4LmI4Lit4LiZIOC4q+C4suC4geC4neC4teC4oeC4t+C4reC5hOC4oeC5iOC4luC4tuC4hyDguK3guKLguYjguLLguJfguYnguLLguJfguLLguKLguYLguJTguKLguJ7guKXguIHguLLguKPguIjguLDguJTguLXguIHguKfguYjguLLigKYg4LmB4Liu4Liw4LmB4Liu4LmI4Lih,,,W1BvY2hpXQrCoUhvbGEhIMK/RGVzZWEgZW50cmFyIGVuIGVsIGZhbnTDoXN0aWNvIE5hdWZyYWdpbyBDaG95YSBDaG95YSwgdW5hIGV4cGxvcmFjacOzbiBkZSBtYXptb3JyYSBwYXJhIGrDs3ZlbmVzIG9jaW9zb3MgcXVlIGhlbW9zIHByZXBhcmFkbyBlbiBKb25kYSBQbGFubmluZz8KwqFBaCEgSGF5IGFsZ28gcXVlIGRlYmUgc2FiZXIgZGUgYW50ZW1hbm86IHNpIG5vIHRpZW5lIHVuIG5pdmVsIGNvbnNpZGVyYWJsZSwgbm8gc2UgYXZlbnR1cmUgYSBkZXNhZmlhcmxvIGEgbGEgbGlnZXJhLCDCv2RlIGFjdWVyZG8/IEVqZW0u,W1BvY2hpXQpHdXRlbiBUYWchIE3DtmNodGV0IElociBkYXMgZmFudGFzdGlzY2hlIER1bmdlb24tQWJlbnRldWVyIGbDvHIgZ2VsYW5nd2VpbHRlIGp1bmdlIExldXRlIGJldHJldGVuLCBkYXMgc2FnZW5oYWZ0ZSBDaG95YS1DaG95YS1TY2hpZmZzd3JhY2ssIGJlcmVpdGdlc3RlbGx0IHZvbiBab25kYT8KQWghIEVpbmVzIHNvbGx0ZXQgSWhyIHZvcmhlciB3aXNzZW46IFdlbm4gSWhyIG5pY2h0IHdlbmlnc3RlbnMgZWluIGdld2lzc2VzIE5pdmVhdSBlcnJlaWNodCBoYWJ0LCBzb2xsdGV0IElociBlcyBsaWViZXIgbmljaHQgbGVpY2h0ZmVydGlnIHZlcnN1Y2hlbn4gw4RoZW0u,W1BvY2hpXQpCb25qb3VyLiBWb3VzIHZvdWxleiBlbnRyZXIgZGFucyBsZSBmYW50YXN0aXF1ZSBkb25qb24gZOKAmWV4cGxvcmF0aW9uIMKrIENob3lhIENob3lhIOKAkyDDiXBhdmUgwrssIG9mZmVydCBwYXIgWm9uZGEgcG91ciBsZXMgamV1bmVzIGVuIG1hbCBk4oCZYXZlbnR1cmUgPwpBaCAhIFVuZSBjaG9zZSA6IHNpIHZvdXMgbuKAmWF2ZXogcGFzIGxlIG5pdmVhdSwgbuKAmXkgYWxsZXogcGFzIMOgIGxhIGzDqWfDqHJlfiBIdW0gaHVtLg==,W1BhdWxdClNlbGFtYXQgZGF0YW5nLiBBcGFrYWgga2FtdSBpbmdpbiBtZW1hc3VraSBkdW5nZW9uIHBldHVhbGFuZ2FuYW4geWFuZyBmYW50YXN0aXMgdW50dWsgcGFyYSBhbmFrIG11ZGEgeWFuZyBtdWxhaSBib3NhbiwgeWFuZyBkaXNpYXBrYW4gb2xlaCBab25kYSBBZ2VuY3k/CkFoISBBZGEgc2F0dSBoYWwgeWFuZyBoYXJ1cyBrYW11IGtldGFodWkgc2ViZWx1bW55YToga2FsYXUgYnVrYW4gbGV2ZWwgeWFuZyBjdWt1cCwgamFuZ2FuIHNlbWJhcmFuZ2FuIG1lbmFudGFuZ255YX4gZWhlbS4=,W1BhdWxdCk1lcmhhYmEuIFpvbmRhIHBsYW5sYW1hIGVraWJpbWl6aW4gaGF6xLFybGFkxLHEn8SxLCBjYW7EsSBzxLFrxLFsYW4gZ2Vuw6dsZXIgacOnaW4gemluZGFuIGtlxZ9maTsgaGFyaWthIMOnb3lhw6dveWEgR2VtaSBFbmthesSxbmEgZ2lybWVrIGlzdGVyIG1pc2luaXo/CkFoISDDlm5jZWRlbiBiaWxtZW5peiBnZXJla2VuIGJpciDFn2V5IHZhcjogYmVsbGkgYmlyIHNldml5ZWRlIGRlxJ9pbHNlbml6IHNha8SxbiBnZWxpxZ9pZ8O8emVsIG1leWRhbiBva3VtYXnEsW5+IEVoZW0u
EZeY,W+2PrOy5mF0K7Ja065WM7JqUPyDspIDruYTripQg65CY7IWo64qU7KeA7JqULiDsnpAg6re465+8IOyEoO2Dne2VtOyjvOyEuOyalC4K7LC4IeyeheyepeujjOuKlCAxMDB6IOyeheuLiOuLpC4=,W1BhdWxdClNvLCB3aGF0IGRvIHlvdSBzYXk/IEFyZSB5b3UgcmVhZHk/CkdvIG9uLCBtYWtlIHlvdXIgY2hvaWNlLgpPaCEgVGhlIGVudHJhbmNlIGZlZSBpcyAxMDAgei4=,,W+S/nee9l10K5oCO5LmI5qC377yf5oKo5YeG5aSH5aW95LqG5ZCX77yf6YKj5LmI6K+36YCJ5oup5ZCn44CCCuWvueS6hu+8geWFpeWcuui0ueaYrzEwMHrjgII=,,W1BhdWxdCuC5gOC4m+C5h+C4meC4reC4ouC5iOC4suC4h+C5hOC4oyDguYDguJXguKPguLXguKLguKHguJXguLHguKfguJ7guKPguYnguK3guKHguKvguKPguLfguK3guKLguLHguIc/IOC5gOC4peC4t+C4reC4geC4oeC4suC5hOC4lOC5ieC5gOC4peC4ogrguK3guYnguK0hIOC4hOC5iOC4suC5gOC4guC5ieC4suC4reC4ouC4ueC5iOC4l+C4teC5iCAxMDAgWmVueQ==,,,W1BvY2hpXQrCv1F1w6kgbGUgcGFyZWNlPyDCv0VzdMOhIHRvZG8gbGlzdG8/IEVudG9uY2VzLCBlbGlqYS4KwqFBaCEgTGEgZW50cmFkYSBjdWVzdGEgMTAwei4=,W1BvY2hpXQpOYSwgd2llIHNpZWh04oCZcyBhdXM/IFNlaWQgSWhyIGJlcmVpdD8gRGFubiB0cmVmZnQgRXVyZSBXYWhsLgpBY2ggamEhIERlciBFaW50cml0dCBrb3N0ZXQgMTAwIFplbnku,W1BvY2hpXQpBbG9ycyA/IFByw6p0ID8gQ2hvaXNpc3Nlei4KQWggISBEcm9pdCBk4oCZZW50csOpZSA6IDEwMCB6Lg==,W1BhdWxdCkJhZ2FpbWFuYT8gQXBha2FoIEthbXUgc3VkYWggc2lhcD8gS2FsYXUgYmVnaXR1LCBzaWxha2FuIHBpbGloLgpPaCEgQmlheWEgbWFzdWtueWEgMTAwei4=,W1BhdWxdCk5lIGRlcnNpbml6PyBIYXrEsXIgbcSxc8SxbsSxej8gTyBoYWxkZSBzZcOnaW1pbml6aSB5YXDEsW4uClVudXRtYXnEsW4hIEdpcmnFnyDDvGNyZXRpIDEwMHou
EpeY,7J6F7J6l,RW50ZXI=,,5YWl5Zy6,,4LmA4LiC4LmJ4Liy4LmE4Lib,,,RW50cmFy,QmV0cmV0ZW4=,RW50csOpZQ==,TWFzdWs=,R2lyacWf
E5eY,7Y+s6riw7ZWc64uk,R2l2ZSB1cA==,,5pS+5byD,,4Lib4LiP4Li04LmA4Liq4LiY,,,UmVuZGlyc2U=,SWNoIGdlYmUgYXVm,UmVub25jZXI=,TWVueWVyYWg=,VmF6Z2XDpw==
FJeY,W+2PrOy5mF0K7IaQ64uYIOuPiOydtCDrqqjsnpDrnbzrhKTsmpQuIOuLpOydjOuyiOyXkCDsl6zsnKDqsIDrkJjrqbQg65Ok65+s7KO87IS47JqULg==,W1BhdWxdCkl0IHNlZW1zIHlvdSBkb27igJl0IGhhdmUgZW5vdWdoIG1vbmV5LiBQbGVhc2UgY29tZSBiYWNrIHdoZW4geW914oCZcmUgYmV0dGVyIHByZXBhcmVkLg==,,W+S/nee9l10K5a6i5Lq677yM5oKo55qE6ZKx5LiN5aSf5ZGi44CC5LiL5qyh5omL5aS05a696KOV5LqG5YaN5p2l5ZCn44CC,,W1BhdWxdCuC5gOC4h+C4tOC4meC5hOC4oeC5iOC4nuC4reC4meC4sCDguYTguKfguYnguITguKPguLLguKfguKvguJnguYnguLLguJbguYnguLLguKHguLXguYDguKvguKXguLfguK3guITguYjguK3guKLguYHguKfguLDguKHguLLguJnguLA=,,,W1BvY2hpXQpObyB0aWVuZSBzdWZpY2llbnRlIGRpbmVyby4gVnVlbHZhIGN1YW5kbyBkaXNwb25nYSBkZSBtw6FzLCBwb3IgZmF2b3Iu,W1BvY2hpXQpFdWNoIGZlaGx0IHdvaGwgZGFzIEdlbGQuIEtvbW10IGJlaW0gbsOkY2hzdGVuIE1hbCB3aWVkZXIgdm9yYmVpLCB3ZW5uIElociBlcyBFdWNoIGxlaXN0ZW4ga8O2bm50Lg==,W1BvY2hpXQpWb3VzIG7igJlhdmV6IHBhcyBhc3NleiBk4oCZYXJnZW50LiBSZXBhc3NleiBxdWFuZCB2b3VzIGVuIGF1cmV6Lg==,W1BhdWxdClR1YW4sIHVhbmcga2FtdSBrdXJhbmcuIFNpbGFrYW4gbWFtcGlyIGxhZ2kgbGFpbiBrYWxpIGthbGF1IHN1ZGFoIGFkYSBrZWxvbmdnYXJhbi4=,W1BhdWxdCk3DvMWfdGVyaSwgcGFyYW7EsXogeWV0bWl5b3IuIEJpciBkYWhha2kgc2VmZXJlIGlta8OibsSxbsSxeiBvbHVyc2EgdcSfcmF5xLFuLg==
FZeY,W+2PrOy5mF0K64uk7J2M7JeQ64+EIOq8rSDrk6Trn6zso7zshLjsmpQu,W1BhdWxdClBsZWFzZSBiZSBzdXJlIHRvIHZpc2l0IGFnYWluLg==,,W+S/nee9l10K5LiL5qyh5Lmf5LiA5a6a6KaB5p2l5ZOm44CC,,W1BhdWxdCuC5guC4reC4geC4suC4quC4q+C4meC5ieC4suC5geC4p+C4sOC4oeC4suC4reC4teC4geC4peC5iOC4sA==,,,W1BvY2hpXQpObyBkZWplIGRlIHZvbHZlciBhIHZpc2l0YXJub3Mu,W1BvY2hpXQpLb21tdCBiZWltIG7DpGNoc3RlbiBNYWwgdW5iZWRpbmd0IHdpZWRlciB2b3JiZWku,W1BvY2hpXQpSZXZlbmV6IG5vdXMgdm9pciAh,W1BhdWxdClRvbG9uZyBtYW1waXIgbGFnaSBsYWluIGthbGku,W1BhdWxdCkJpciBkYWhha2kgc2VmZXJlIGRlIG11dGxha2EgdcSfcmF5xLFuLg==
FpeY,7Y6g66at7Iqk,UGhlbGl4,,6I+y5Yip5YWL5pav,,UGhlbGl4,,,UGhlbGl4,UGhlbGl4,UGhlbGl4,UGhlbGl4,UGhlbGl4
F5eY,W+2OoOumreyKpF0K7J20IOuwsOyXlCDsmaDsnbzsnbTslbw/CuyVhOustOumrCDslrTsiqzroIEg6rGw66Ck67Sk7J6QIOydtOuwsOyXkCDslrvslrTrqLnsnYTqsoPqsJnsnYDqsbAg7JeG64uk6rOgLiDrrZTqsIAg7Ja76rOg7Iu27Jy866m0IOydvOydhO2VtCDsnbzsnYQhIQ==,W1BoZWxpeF0KV2hhdCBicmluZ3MgeW91IG9udG8gdGhpcyBzaGlwPwpObyBtYXR0ZXIgaG93IG11Y2ggeW91IGxvaXRlciBhcm91bmQsIHRoZXJl4oCZcyBub3RoaW5nIGhlcmUgeW914oCZbGwgZ2V0IGZvciBmcmVlLgpJZiB5b3Ugd2FudCBzb21ldGhpbmcsIHdvcmsgZm9yIGl04oCUd29yayEh,,W+iPsuWIqeWFi+aWr10K5p2l6L+Z6ImY6Ii55LiK5bmy5LuA5LmI77yfCuS9oOWGjeaAjuS5iOmXsumAm++8jOi/meiJmOiIueS4iuS5n+ayoeS7gOS5iOiDveeZveWQg+eZveaLv+eahOOAguaDs+W+l+WIsOS7gOS5iOWwseWOu+W5sua0u++8jOW5sua0u++8ge+8gQ==,,W1BoZWxpeF0K4Lih4Liy4LiX4Liz4Lit4Liw4LmE4Lij4Lia4LiZ4LmA4Lij4Li34Lit4Lil4Liz4LiZ4Li14LmJPwrguJXguYjguK3guYPguKvguYnguYDguJTguLTguJnguYDguJXguKPguYjguK3guKLguLnguYjguIHguYfguYTguKHguYjguKHguLXguK3guLDguYTguKPguYPguKvguYnguYTguJTguYnguYDguJvguKXguYjguLIg4LiW4LmJ4Liy4Lit4Lii4Liy4LiB4LmE4LiU4LmJ4Lit4Liw4LmE4LijIOC4geC5h+C5hOC4m+C4l+C4s+C4h+C4suC4meC4oeC4siE=,,,W1BoZWxpeF0Kwr9RdcOpIGhhY2VzIGVuIGVzdGUgYmFyY28/ClBvciBtdWNobyBxdWUgbWVyb2RlZXMsIGFxdcOtIG5vIGhheSBuYWRhIHF1ZSBwdWVkYXMgY29uc2VndWlyIGdyYXRpcy4gU2kgcXVpZXJlcyBhbGdvLCDCoXRyYWJhamEsIHRyYWJhamEh,W1BoZWxpeF0KV2FzIHZlcnNjaGzDpGd0IGRpY2ggYXVmIGRpZXNlcyBTY2hpZmY/ClNlbGJzdCB3ZW5uIGR1IGhpZXIgbnVyIGhlcnVtbHVuZ2Vyc3QsIGdpYnQncyBhdWYgZGllc2VtIFNjaGlmZiBuaWNodHMgYWJ6dXN0YXViZW4uIFdlbm4gZHUgd2FzIGhhYmVuIHdpbGxzdCwgZGFubiBhcmJlaXRlLCBhcmJlaXRlISE=,W1BoZWxpeF0KUXUnZXN0LWNlIHF1ZSB2b3VzIHZlbmV6IGZhaXJlIHN1ciBjZSBuYXZpcmUgPwpNw6ptZSBzaSB2b3VzIHRyYcOubmV6IGRhbnMgbGUgY29pbiwgaWwgbid5IGEgcmllbiDDoCBncmF0dGVyIGljaS4gU2kgdm91cyB2b3VsZXogb2J0ZW5pciBxdWVscXVlIGNob3NlLCB0cmF2YWlsbGV6LCB0cmF2YWlsbGV6ICEh,W1BoZWxpeF0KQWRhIHVydXNhbiBhcGEgZGkga2FwYWwgaW5pPwpNYXUgYmVya2VsaWFyYW4gc2ViYW55YWsgYXBhIHB1biwgdGlkYWsgYWRhIHlhbmcgYmlzYSBrYW11IGRhcGF0a2FuIHVudHVrIGRpbWFrYW4gZGkga2FwYWwgaW5pLiBLYWxhdSBtYXUgZGFwYXQgc2VzdWF0dSwgYmVrZXJqYSBsYWgsIGJla2VyamEhIQ==,W1BoZWxpeF0KQnUgZ2VtaWRlIG5lIGnFn2luIHZhcj8KTmUga2FkYXIgZG9sYW7EsXAgZHVyc2FuIGRhIGJ1IGdlbWlkZSBiZWRhdmF5YSB5aXllY2VrIGJpciDFn2V5IHlvay4gQmlyIMWfZXkgaXN0aXlvcnNhbiDDp2FsxLHFnywgw6dhbMSxxZ8hIQ==
GJeY,W+2OoOumreyKpF0K7Z2gIO2VmOyngOunjCDsnpDrhKTqsIAg66eM7JW9IOygpOuhnO2UvCAxMOqwnOulvCDso7zsm4zsmKjri6TrqbQg64K0IO2PrOyFmO2VnOqwnOuhnCDrsJTqv5TspITsiJjsnojsp4AuCuutkCDqt7jqsowg7Ja066C164uk66m0IOygpOuhnO2UvDPqsJzrpbwg7KO87JuM7Jik66m0IOqzoOq1rOuniO2VmOuCmOulvCDspITsiJjrj4Tsnojqs6Au,W1BoZWxpeF0KSG1tLCBidXQgaWYgeW91IGJyaW5nIG1lIDEwIEplbGxvcHksIEkgY2FuIHRyYWRlIHRoZW0gZm9yIG9uZSBvZiBteSBwb3Rpb25zLgpBbmQgaWYgdGhhdOKAmXMgdG9vIG11Y2gsIGJyaW5nIG1lIDMgSmVsbG9weSBhbmQgSeKAmWxsIGdpdmUgeW91IGEgU3dlZXQgUG90YXRvIGluc3RlYWQu,,W+iPsuWIqeWFi+aWr10K5Zev77yM5LiN6L+H6KaB5piv5L2g5o2h5p2l5p2w5YuS5q+U57uT5pm2MTDkuKrvvIzmiJHlsLHog73nlKjmiJHnmoTkuIDnk7boja/msLTot5/kvaDmjaLjgIIK6KaB5piv6YKj5aSq6Zq+77yM5L2g5o2h5p2l5p2w5YuS5q+U57uT5pm2M+S4qu+8jOaIkeS5n+WPr+S7pee7meS9oOS4gOS4quiVg+iWr+OAgg==,,W1BoZWxpeF0K4Lir4Li34Lih4oCmIOC5geC4leC5iOC4luC5ieC4suC5gOC4iOC5ieC4suC5gOC4geC5h+C4miBKZWxsb3B5IOC4oeC4suC5hOC4lOC5iSAxMCDguIrguLTguYnguJkg4LiC4LmJ4Liy4LiI4Liw4LmB4Lil4LiB4LmA4Lib4LmH4LiZIFBvdGlvbiDguYPguKvguYnguKvguJnguLbguYjguIfguILguKfguJQK4Lir4Lij4Li34Lit4LiW4LmJ4Liy4Lii4Liy4LiB4LmE4LibIOC5gOC4reC4siBKZWxsb3B5IOC5geC4hOC5iCAzIOC4iuC4tOC5ieC4mSDguILguYnguLLguIHguYfguYPguKvguYkgU3dlZXQgUG90YXRvIOC4q+C4meC4tuC5iOC4h+C4reC4seC4meC5hOC4lOC5iQ==,,,W1BoZWxpeF0KSHVtLCBwZXJvIHNpIHJlY29nZXMgMTAgSmVsbG9weSwgcG9kcsOtYSBjYW1iacOhcnRlbG9zIHBvciB1bmEgcG9jacOzbi4KWSBzaSBlc28gdGUgcmVzdWx0YSBkaWbDrWNpbCwgdGFtYmnDqW4gcG9kcsOtYSBkYXJ0ZSB1bmEgQmF0YXRhIHNpIHJlY29nZXMgMyBKZWxsb3B5Lg==,W1BoZWxpeF0KSG0uIFdlbm4gZHUgbWlyIGFiZXIgMTAgSmVqZWxsb3B5IGJyaW5nc3QsIGthbm4gaWNoIHNpZSBkaXIgZ2VnZW4gZWluZW4gUm90ZW4gVHJhbmsgZWludGF1c2NoZW4uClVuZCB3ZW5uIGRpciBkYXMgenUgc2Nod2VyIGlzdCwgYnJpbmcgZWluZmFjaCAzIEplamVsbG9weSBtaXQsIGRhbm4gZ2ViIGljaCBkaXIgc3RhdHRkZXNzZW4gYXVjaCBlaW5lIFPDvMOfa2FydG9mZmVsLg==,W1BoZWxpeF0KSG1tLCBtYWlzIHNpIHZvdXMgcmFtZW5leiAxMCBKZWplbGxvcHksIGplIHBldXggbGVzIMOpY2hhbmdlciBjb250cmUgdW5lIGRlIG1lcyBwb3Rpb25zLgpFdCBzaSBjJ2VzdCB0cm9wIGRpZmZpY2lsZSwgdm91cyBwb3V2ZXogYXVzc2kgcmFtZW5lciAzIEplamVsbG9weSBldCBqZSB2b3VzIGRvbm5lcmFpIHVuZSBQYXRhdGUgZG91Y2Uu,W1BoZWxpeF0KSG1tLCB0YXBpIGthbGF1IGthbXUgbWVtYmF3YSBKZWxsb3B5IDEwIGJ1YWgsIGFrdSBiaXNhIG1lbnVrYXJueWEgZGVuZ2FuIHNhdHUgcG90aW9uIG1pbGlra3UuCkthbGF1IGl0dSB0ZXJsYWx1IHN1bGl0LCBiYXdhIHNhamEgSmVsbG9weSAzIGJ1YWgsIGFrdSBqdWdhIGJpc2EgbWVtYmVyaW11IHNhdHUgU3dlZXQgUG90YXRvLg==,W1BoZWxpeF0KSMSxbW0sIGFtYSBlxJ9lciBKZWxsb3B5IDEwIHRhbmUgdG9wbGFyIGdldGlyaXJzZW4sIG9udSBiaXIgaWtzaXJpbWxlIGRlxJ9pxZ90aXJlYmlsaXJpbS4KWW9rIG8gem9yIGdlbGlyc2UsIEplbGxvcHkgMyB0YW5lIGdldGlyaXJzZW4gc2FuYSBiaXIgVGF0bMSxIFBhdGF0ZXMgZGUgdmVyZWJpbGlyaW0u
GZeY,W+2OoOumreyKpF0K6rSA7Ius7J6I64uk66m0IO2VhOyalO2VnOqyg+uTpCDssZnqsqjshJwg64uk7IucIOuTpOultOqyjOuCmC4=,W1BoZWxpeF0KSWYgeW914oCZcmUgaW50ZXJlc3RlZCwgZ2F0aGVyIHdoYXQgeW91IG5lZWQgYW5kIGNvbWUgYmFjay4=,,W+iPsuWIqeWFi+aWr10K6KaB5piv5pyJ5YW06Laj77yM5bCx5oqK6ZyA6KaB55qE5Lic6KW/5YeG5aSH5aW95YaN5p2l5om+5oiR44CC,,W1BoZWxpeF0K4LiW4LmJ4Liy4Liq4LiZ4LmD4LiI4LiB4LmH4LmE4Lib4Lij4Li14Lia4LmE4Lib4Lir4Liy4LiC4Lit4LiH4Lih4Liy4LiL4Liw,,,W1BoZWxpeF0KU2kgdGUgaW50ZXJlc2EsIHJlw7puZSBsbyBuZWNlc2FyaW8geSB2dWVsdmUgYSBwYXNhcnRlLg==,W1BoZWxpeF0KV2VubiBkdSBJbnRlcmVzc2UgaGFzdCwgcGFjayBkYXMgTsO2dGlnZSBlaW4gdW5kIGtvbW0gd2llZGVyIHZvcmJlaS4=,W1BoZWxpeF0KU2kgY2VsYSB2b3VzIGludMOpcmVzc2UsIHByZW5leiBjZSBxdSdpbCB2b3VzIGZhdXQgZXQgcmVwYXNzZXogbWUgdm9pci4=,W1BoZWxpeF0KS2FsYXUgdGVydGFyaWssIHNpYXBrYW4geWFuZyBkaXBlcmx1a2FuIGxhbHUgbWFtcGlyIGxhZ2ku,W1BoZWxpeF0KxLBsZ2lsZW5peW9yc2FuIGdlcmVrZW5sZXJpIGhhesSxcmxhecSxcCB5aW5lIHXEn3JhLg==
GpeY,W+2OoOumreyKpF0K7Z2gLi4g7KCk66Gc7ZS865Ok7J2EIOu5qOqwhO2PrOyFmCDsnbTrgpgg6rOg6rWs66eI66GcIOq1kO2ZmO2VmOqzoCDsi7brgpg/IOyekC4uIOyWtOuWpOqyg+ycvOuhnCDrsJTqv5TspITquYw/,W1BoZWxpeF0KSG1t4oCmIHNvIHlvdSB3YW50IHRvIHRyYWRlIEplbGxvcHkgZm9yIGEgUmVkIFBvdGlvbiBvciBhIFN3ZWV0IFBvdGF0bz8KQWxyaWdodCwgd2hpY2ggb25lIHdpbGwgaXQgYmU/,,W+iPsuWIqeWFi+aWr10K5ZevLi7kvaDmg7PnlKjmnbDli5Lmr5Tnu5PmmbbmjaLnuqLoibLoja/msLTmiJbolYPolq/lkJfvvJ/mnaUuLuS9oOaDs+aNouaIkOWTquS4gOenje+8nw==,,W1BoZWxpeF0K4Lir4Li34Lih4oCmIOC4reC4ouC4suC4geC5gOC4reC4siBKZWxsb3B5IOC4oeC4suC5geC4peC4geC5gOC4m+C5h+C4mSBSZWQgUG90aW9uIOC4q+C4o+C4t+C4rSBTd2VldCBQb3RhdG8g4Liq4Li04LiZ4LiwPyDguYDguK3guLLguKXguYjguLAg4LiI4Liw4LmA4Lit4Liy4LmB4Lia4Lia4LmE4Lir4LiZ,,,W1BoZWxpeF0KSHVtLi4uIMK/UXVpZXJlcyBjYW1iaWFyIGxvcyBKZWxsb3B5IHBvciBQb2Npw7NuIHJvamEgbyBwb3IgQmF0YXRhPyBCaWVuLi4uIMK/cG9yIGN1w6FsIGxvcyBjYW1iaW8/,W1BoZWxpeF0KSG0gLi4uIHdpbGxzdCBkdSBKZWplbGxvcHkgZ2VnZW4gZWluZW4gUm90ZW4gVHJhbmsgb2RlciBlaW5lIFPDvMOfa2FydG9mZmVsIHRhdXNjaGVuPyBOYSBkYW5uIC4uLiB3b2dlZ2VuIHNvbGwgaWNoIHNpZSBkaXIgZWludGF1c2NoZW4/,W1BoZWxpeF0KSG1tLi4gVm91cyB2b3VsZXogw6ljaGFuZ2VyIGRlcyBKZWplbGxvcHkgY29udHJlIHVuZSBQb3Rpb24gcm91Z2Ugb3UgdW5lIFBhdGF0ZSBkb3VjZT8gQWxvcnMuLiBjb250cmUgcXVvaSB2b3VsZXotdm91cyBsZXMgw6ljaGFuZ2VyPw==,W1BoZWxpeF0KSG1tLi4gS2FtdSBpbmdpbiBtZW51a2FyIEplbGxvcHkgZGVuZ2FuIFJlZCBQb3Rpb24gYXRhdSBTd2VldCBQb3RhdG8/IE5haC4uIG1hdSBrdXR1a2Fya2FuIGRlbmdhbiB5YW5nIG1hbmE/,W1BoZWxpeF0KSMSxbW0uLiBKZWxsb3B5bGVyaSBLxLFybcSxesSxIMSwa3NpciB5YSBkYSBUYXRsxLEgUGF0YXRlcyBpbGUgdGFrYXMgZXRtZWsgbWkgaXN0aXlvcnN1bj8gUGVraS4uLiBIYW5naXNpeWxlIGRlxJ9pxZ90aXJleWltPw==
G5eY,67mo6rCE7Y+s7IWY7J207JqULg==,UmVkIFBvdGlvbi4=,,5oiR6KaB57qi6Imy6I2v5rC044CC,,UmVkIFBvdGlvbg==,,,UG9jacOzbiByb2phLCBwb3IgZmF2b3Iu,Um90ZXIgVHJhbmsgYml0dGUu,VW5lIFBvdGlvbiByb3VnZS4=,UmVkIFBvdGlvbiB5YS4=,S8Sxcm3EsXrEsSDEsGtzaXIgbMO8dGZlbi4=
HJeY,6rOg6rWs66eI7JqULg==,U3dlZXQgUG90YXRvLg==,,5oiR6KaB6JWD6Jav44CC,,U3dlZXQgUG90YXRv,,,QmF0YXRhLCBwb3IgZmF2b3Iu,U8O8w59rYXJ0b2ZmZWwgYml0dGUu,VW5lIFBhdGF0ZSBkb3VjZS4=,U3dlZXQgUG90YXRvIHlhLg==,VGF0bMSxIFBhdGF0ZXMgbMO8dGZlbi4=
HZeY,W+2OoOumreyKpF0K6re465+8IOqwgOyguOyYqOqyg+uTpOydhCDtlZzrsogg67O06riw66Gc7ZWY7KeALi4=,W1BoZWxpeF0KVGhlbiBsZXTigJlzIHRha2UgYSBsb29rIGF0IHdoYXQgeW91IGJyb3VnaHQu,,W+iPsuWIqeWFi+aWr10K6YKj5bCx6K6p5oiR55yL55yL5L2g5bim5p2l55qE5Lic6KW/5ZCnLi4=,,W1BoZWxpeF0K4LiH4Lix4LmJ4LiZ4LiC4LmJ4Liy4LiC4Lit4LiU4Li54LiC4Lit4LiH4LiX4Li14LmI4LmA4LiI4LmJ4Liy4Lir4Liy4Lih4Liy4Lir4LiZ4LmI4Lit4Lii,,,W1BoZWxpeF0KRW50b25jZXMsIHZlYW1vcyBsbyBxdWUgaGFzIHRyYcOtZG8uLi4=,W1BoZWxpeF0KRGFubiB3b2xsZW4gd2lyIG1hbCBzZWhlbiwgd2FzIGR1IG1pdGdlYnJhY2h0IGhhc3QgLi4u,W1BoZWxpeF0KQWxvcnMsIHZveW9ucyBjZSBxdWUgdm91cyBhdmV6IHJhcHBvcnTDqS4u,W1BoZWxpeF0KS2FsYXUgYmVnaXR1LCBtYXJpIGt1bGloYXQgZHVsdSBiYXJhbmcgeWFuZyBrYW11IGJhd2EuLg==,W1BoZWxpeF0KTyB6YW1hbiBnZXRpcmRpa2xlcmluZSBiaXIgYmFrYWzEsW0uLg==
HpeY,W+2OoOumreyKpF0K7J2065+wISDrqqjsnpDrpbTripTqtbAg7KCk66Gc7ZS8IDEw6rCc64u5IOu5qOqwhO2PrOyFmCDtlZjrgpjrnbzqs6AuLuyVjOqyoOuCmD8=,W1BoZWxpeF0KV2hhdOKAmXMgdGhpcz8gTm90IGVub3VnaC4KSXTigJlzIDEwIEplbGxvcHkgZm9yIG9uZSBSZWQgUG90aW9uLiBHb3QgaXQ/,,W+iPsuWIqeWFi+aWr10K5LuA5LmI77yB5LiN5aSf5ZWK44CC5q+P5p2w5YuS5q+U57uT5pm2MTDkuKrmjaLkuIDkuKrnuqLoibLoja/msLQuLuaYjueZveWQl++8nw==,,W1BoZWxpeF0K4Lit4LmJ4Liy4LinISDguKLguLHguIfguYTguKHguYjguJ7guK0g4LiI4Liz4LmE4Lin4LmJ4LiZ4LiwIEplbGxvcHkgMTAg4LiK4Li04LmJ4LiZ4LiV4LmI4LitIFJlZCBQb3Rpb24gMSDguILguKfguJQ=,,,W1BoZWxpeF0KwqFWYXlhISBObyB0aWVuZXMgc3VmaWNpZW50ZS4gVW5hIFBvY2nDs24gcm9qYSBwb3IgY2FkYSAxMCBKZWxsb3B5Li4uIMK/ZW50ZW5kaWRvPw==,W1BoZWxpeF0KU28gZWluIE1pc3QhIERhcyByZWljaHQgbmljaHQuIEbDvHIgamUgMTAgSmVqZWxsb3B5IGdpYnQncyBlaW5lbiBSb3RlbiBUcmFuayAuLi4ga2xhcj8=,W1BoZWxpeF0KTWluY2UhIElsIGVuIG1hbnF1ZS4gQydlc3QgdW5lIFBvdGlvbiByb3VnZSBwb3VyIDEwIEplamVsbG9weS4uIENvbXByaXM/,W1BoZWxpeF0KQWR1aCEgS3VyYW5nLiBKZWxsb3B5IDEwIGJ1YWggdW50dWsgc2F0dSBSZWQgUG90aW9uLi4uIG1lbmdlcnRpPw==,W1BoZWxpeF0KVmF5IGNhbsSxbmEhIEVrc2lrLiBKZWxsb3B5IDEwIHRhbmUgYmHFn8SxbmEgYmlyIEvEsXJtxLF6xLEgxLBrc2lyIGRpeW9ydW0uLi4gQW5sYWTEsW4gbcSxPw==
H5eY,W+2OoOumreyKpF0K7Zi47JikLi4u7J207KCV64+E66m0IOu5qOqwhO2PrOyFmOycvOuhnCDqtZDtmZjtlbTspITsiJgg7J6I6rKg6rWwLgrtj6zshZgg66qH6rCc66GcIOuwlOq+uOq4uCDsm5DtlbQ/,W1BoZWxpeF0KSG9ob+KApiB0aGlzIHNob3VsZCBiZSBlbm91Z2ggdG8gdHJhZGUgZm9yIGEgUmVkIFBvdGlvbi4KSG93IG1hbnkgcG90aW9ucyBkbyB5b3Ugd2FudD8=,,W+iPsuWIqeWFi+aWr10K5ZOm5ZOmLi4u6L+Z5pWw6YeP5bCx6IO957uZ5L2g5o2i57qi6Imy6I2v5rC05LqG44CCCuS9oOaDs+aNouaIkOWHoOeTtuiNr+awtO+8nw==,,W1BoZWxpeF0K4LmC4LiuLi4u4LmB4LiE4LmI4LiZ4Li14LmJ4LiB4LmH4Lie4Lit4LmB4Lil4LiB4LmA4Lib4LmH4LiZIFJlZCBQb3Rpb24g4LmE4LiU4LmJ4LmB4Lil4LmJ4Lin4Liq4Li04LiZ4LiwCuC4reC4ouC4suC4geC5geC4peC4geC4geC4teC5iOC4guC4p+C4lOC4peC5iOC4sD8=,,,W1BoZWxpeF0KT2guLi4gQ29uIGVzdG8gcHVlZG8gY2FtYmnDoXJ0ZWxvcyBwb3IgUG9jacOzbiByb2phLgrCv0N1w6FudGFzIHBvY2lvbmVzIHF1aWVyZXM/,W1BoZWxpeF0KSG8gLi4uIGRhcyByZWljaHQsIHVtIGVzIGdlZ2VuIGVpbmVuIFJvdGVuIFRyYW5rIGVpbnp1dGF1c2NoZW4uCldpZSB2aWVsZSBUcsOkbmtlIHdpbGxzdCBkdSBkYWbDvHIgaGFiZW4/,W1BoZWxpeF0KT2guLi4gQXZlYyDDp2EsIGplIHBldXggbGVzIMOpY2hhbmdlciBjb250cmUgZGVzIFBvdGlvbiByb3VnZS4KQ29tYmllbiBlbiB2b3VsZXotdm91cyA/,W1BoZWxpeF0KSG9vLi4uIEthbGF1IHNlYmFueWFrIGluaSwgc2VwZXJ0aW55YSBiaXNhIGt1dHVrYXIgZGVuZ2FuIFJlZCBQb3Rpb24uCk1hdSBkaXR1a2FyIGphZGkgYmVyYXBhIHBvdGlvbj8=,W1BoZWxpeF0KSG9vLi4uIEJ1IGthZGFyxLF5bGEgS8Sxcm3EsXrEsSDEsGtzaXIgaWxlIHRha2FzIGVkZWJpbGlyaW0uCkthw6cgaWtzaXJsZSBkZcSfacWfdGlybWVrIGlzdGl5b3JzdW4/
IJeY,7J6I64qU64yA66GcIOuqqOuRkCDrsJTqv5Tso7zshLjsmpQ=,VHJhZGUgYXMgbWFueSBhcyBwb3NzaWJsZS4=,,5oqK6IO95o2i55qE6YO95o2i5o6J5ZCn,,4LmB4Lil4LiB4LiX4Lix4LmJ4LiH4Lir4Lih4LiU,,,Q8OhbWJpZWxvcyB0b2Rvcy4=,VGF1c2NoIGJpdHRlIGFsbGVzIHVtLCB3YXMgaWNoIGhhYi4=,w4ljaGFuZ2VyIHRvdXQu,VHVrYXJrYW4gc2VtdWFueWEgeWFuZyBiaXNh,TmUgdmFyc2EgaGVwc2luaSBkZcSfacWfdGlyaW4=
IZeY,6rCv7IiY66W8IOygle2VmOuPhOuhne2VmOyjoA==,SeKAmWxsIGNob29zZSB0aGUgYW1vdW50Lg==,,6YKj5bCx5Yaz5a6a5pWw6YeP5ZCn,,4LiB4Liz4Lir4LiZ4LiU4LiI4Liz4LiZ4Lin4LiZ,,,RGVjaWRpcsOpIGxhIGNhbnRpZGFkLg==,SWNoIGxlZ2UgZGllIE1lbmdlIGZlc3Qu,Q2hvaXNpciBsYSBxdWFudGl0w6k=,TWFyaSB0ZW50dWthbiBqdW1sYWhueWE=,QWRlZGkgYmVsaXJsZXllbGlt
IpeY,7IOd6rCB7ZW067O064uIIOq3uOunjOuRmOuemOyalA==,T24gc2Vjb25kIHRob3VnaHQsIEnigJlsbCBxdWl0Lg==,,5oOz5oOz6L+Y5piv566X5LqG,,4LiE4Li04LiU4LmGIOC4lOC4ueC5geC4peC5ieC4pyDguILguK3guKLguIHguYDguKXguLTguIHguJTguLXguIHguKfguYjguLI=,,,UGVuc8OhbmRvbG8gbWVqb3IsIGxvIGRlam8u,V2VubiBpY2ggc28gZHLDvGJlciBuYWNoZGVua+KApiBpY2ggbGFzc+KAmXMgbGllYmVyLg==,RmluYWxlbWVudCwgauKAmWFubnVsZS4=,S3VwaWtpciBha3UgYmF0YWwgc2FqYQ==,RMO8xZ/DvG7DvG5jZSwgdmF6Z2XDp2l5b3J1bS4=
I5eY,W+2OoOumreyKpF0KMTAw6rCcIOydtO2VmOuhnCDsoIHslrTrtJAuIOuwlOq+uOqzoCDsi7bsp4Ag7JWK7Jy866m0ICcwJyDsnbTrnbzqs6Ag7KCB6rOgLgrsnpDrhKTqsIAg6rCA7KeA6rOgIOyeiOuKlCDsnqzro4zroZzripQg7LWc64yAIHswfSDqsJwg6rmM7KeAIOuwlOq/lOykhOyImOyeiOqyoOq1sC4=,W1BoZWxpeF0KUGljayBhIG51bWJlciB1bmRlciAxMDAuCklmIHlvdSBkb27igJl0IHdhbnQgdG8gdHJhZGUsIGp1c3QgZW50ZXIg4oCYMOKAmS4KV2l0aCB3aGF0IHlvdeKAmXZlIGdvdCwgSSBjYW4gdHJhZGUgdXAgdG8gezB9Lg==,,W+iPsuWIqeWFi+aWr10K5YaZ5ZyoMTAw5Liq5Lul5LiL5ZCn44CC5LiN5oOz5o2i5bCx5YaZJzAn44CCCueUqOS9oOW4pueahOadkOaWme+8jOacgOWkmuiDvee7meS9oOaNouWIsHswfeS4quOAgg==,,W1BoZWxpeF0K4LmD4Liq4LmI4LiI4Liz4LiZ4Lin4LiZ4Lih4LiyIOC5hOC4oeC5iOC5gOC4geC4tOC4mSAxMDAg4LiW4LmJ4Liy4LmE4Lih4LmI4Lit4Lii4Liy4LiB4LmB4Lil4LiB4LiB4LmH4LmD4Liq4LmIIOKAmDDigJkK4LiI4Liy4LiB4LiC4Lit4LiH4LiX4Li14LmI4LmA4LiI4LmJ4Liy4Lih4Li1IOC5geC4peC4geC5hOC4lOC5ieC4quC4ueC4h+C4quC4uOC4lCB7MH0g4LiK4Li04LmJ4LiZ,,,W1BoZWxpeF0KSW50cm9kdWNlIHVuIG7Dum1lcm8gaWd1YWwgbyBpbmZlcmlvciBhIDEwMC4gU2kgbm8gcXVpZXJlcyBjYW1iaWFyIG5hZGEsIGVzY3JpYmUgJzAnLgpDb24gbG9zIG1hdGVyaWFsZXMgcXVlIHRpZW5lcywgcG9kcsOpIGNhbWJpYXJ0ZSBoYXN0YSB7MH0gdW5pZGFkZXMu,W1BoZWxpeF0KU2NocmVpYiBlaW5lIFphaGwgYmlzIDEwMCByZWluLiBXZW5uIGR1IG5pY2h0cyB0YXVzY2hlbiB3aWxsc3QsIHNjaHJlaWIg4oCeMOKAnC4KTWl0IGRlaW5lbiBNYXRlcmlhbGllbiBrYW5uIGljaCBow7ZjaHN0ZW5zIHswfSBTdMO8Y2sgZsO8ciBkaWNoIHRhdXNjaGVuLg==,W1BoZWxpeF0KRW50cmV6IHVuIG5vbWJyZSAobWF4LiAxMDApLiBQb3VyIGFubnVsZXIsIGVudHJleiDCqyAwIMK7LgpBdmVjIGNlIHF1ZSB2b3VzIGF2ZXosIGplIHBldXggdm91cyBlbiDDqWNoYW5nZXIganVzcXXigJnDoCB7MH0u,W1BoZWxpeF0KVHVsaXMgZGkgYmF3YWggMTAwLiBLYWxhdSB0aWRhayBpbmdpbiBtZW51a2FyLCB0dWxpcyAnMCcuCkRlbmdhbiBiYWhhbiB5YW5nIGthbXUgcHVueWEsIHNlcGVydGlueWEgYWt1IGJpc2EgbWVudWthcmthbiBtYWtzaW1hbCBzYW1wYWkgezB9IGJ1YWgu,W1BoZWxpeF0KMTAw4oCZZGVuIGF6IHlhei4gRGXEn2nFn3Rpcm1layBpc3RlbWl5b3JzYW4gJzAnIHlhei4KU2FoaXAgb2xkdcSfdW4gbWFsemVtZWxlcmxlIGVuIGZhemxhIHswfSB0YW5lIGRlxJ9pxZ90aXJlYmlsaXJpbS4=
JJeY,W+2OoOumreyKpF0K6re465+8Li4uIOuLpOydjOyXkCDrmJAg7IOd6rCB7J20IOuTpOqxsOuTpOuekSDri6Tsi5zsmKTqsowu,W1BoZWxpeF0KQWxyaWdodCB0aGVu4oCmIGlmIHlvdSBjaGFuZ2UgeW91ciBtaW5kLCBjb21lIGJhY2sgYWdhaW4u,,W+iPsuWIqeWFi+aWr10K6YKj5LmILi4u5LiL5qyh5oOz6LW35p2l5LqG5YaN5p2l5ZCn44CC,,W1BoZWxpeF0K4LiH4Lix4LmJ4LiZ4oCmIOC4luC5ieC4suC5gOC4m+C4peC4teC5iOC4ouC4meC5g+C4iOC4hOC5iOC4reC4ouC4oeC4suC5g+C4q+C4oeC5iA==,,,W1BoZWxpeF0KRW50b25jZXMuLi4gc2kgY2FtYmlhcyBkZSBpZGVhLCB2dWVsdmUgb3RybyBkw61hLg==,W1BoZWxpeF0KTmEgZ3V0IC4uLiB3ZW5uIGRpciB3aWVkZXIgZGFuYWNoIGlzdCwga29tbSBlaW5mYWNoIHp1csO8Y2su,W1BoZWxpeF0KQWxvcnMuLi4gU2kgbCdpZMOpZSB2b3VzIHJldmllbnQsIHJldmVuZXogbWUgdm9pciB1bmUgYXV0cmUgZm9pcy4=,W1BoZWxpeF0KS2FsYXUgYmVnaXR1Li4uIGthbGF1IG5hbnRpIGJlcnViYWggcGlraXJhbiwgZGF0YW5nIGxhZ2kgc2FqYS4=,W1BoZWxpeF0Kw5Z5bGV5c2UuLi4gc29ucmEgeWluZSBha2zEsW5hIGTDvMWfZXJzZSB0ZWtyYXIgZ2VsLg==
JZeY,W+2OoOumreyKpF0KMTAwIOqwnCDsnbTsg4HsnYAg66y066as7JW8LiDri6Tsi5wg7KCV7ZWY6rKM64KYLg==,W1BoZWxpeF0KTW9yZSB0aGFuIDEwMCB3b27igJl0IHdvcmsuIFBpY2sgYWdhaW4u,,W+iPsuWIqeWFi+aWr10KMTAw5Liq5Lul5LiK5Y+v5LiN6KGM44CC6YeN5paw5Yaz5a6a5ZCn44CC,,W1BoZWxpeF0K4LmA4LiB4Li04LiZIDEwMCDguYTguKHguYjguYTguJTguYkg4LmA4Lil4Li34Lit4LiB4LmD4Lir4Lih4LmI,,,W1BoZWxpeF0KTcOhcyBkZSAxMDAgZXMgZGVtYXNpYWRvLiBFbGlnZSBkZSBudWV2by4=,W1BoZWxpeF0KTWVociBhbHMgMTAwIGdlaHQgbmljaHQuIEVudHNjaGVpZGUgZGljaCBub2NoIG1hbC4=,W1BoZWxpeF0KUGx1cyBkZSAxMDAsIGMnZXN0IGltcG9zc2libGUuIENob2lzaXNzZXogw6Agbm91dmVhdS4=,W1BoZWxpeF0KTGViaWggZGFyaSAxMDAgdGlkYWsgYmlzYS4gVGVudHVrYW4gbGFnaS4=,W1BoZWxpeF0KMTAw4oCZZGVuIGZhemxhc8SxIG9sbWF6LiBZZW5pZGVuIGJlbGlybGUu
JpeY,W+2OoOumreyKpF0K7J2065+wIOygpOuhnO2UvOqwgCDrqqjsnpDrpbTripTqsbguCuygpOuhnO2UvOulvCDrjZQg66qo7JWE7IScIOuLpOyLnCDsmKTqsozrgpg=,W1BoZWxpeF0KTG9va3MgbGlrZSB5b3XigJlyZSBzaG9ydCBvbiBKZWxsb3B5LgpHYXRoZXIgc29tZSBtb3JlIGFuZCBjb21lIGJhY2su,,W+iPsuWIqeWFi+aWr10K5ZOO5ZGA77yM5p2w5YuS5q+U57uT5pm25LiN5aSf44CCCuWGjeWkmuaUtumbhuS6m+adsOWLkuavlOe7k+aZtuWGjeadpeWQpw==,,W1BoZWxpeF0KSmVsbG9weSDguYTguKHguYjguJ7guK0g4LmE4Lib4LmA4LiB4LmH4Lia4Lih4Liy4LmA4Lie4Li04LmI4Lih4LmB4Lil4LmJ4Lin4LiE4LmI4Lit4Lii4Lih4Liy4LmD4Lir4Lih4LmI,,,W1BoZWxpeF0KVmF5YSwgbm8gdGllbmVzIHN1ZmljaWVudGUgSmVsbG9weS4KUmXDum5lIG3DoXMgSmVsbG9weSB5IHZ1ZWx2ZS4=,W1BoZWxpeF0KVGphLCBkaXIgZmVobHQgSmVqZWxsb3B5LgpTYW1tZWwgbWVociBKZWplbGxvcHkgdW5kIGtvbW0gZGFubiB3aWVkZXIu,W1BoZWxpeF0KTWluY2UsIHZvdXMgbidhdmV6IHBhcyBhc3NleiBkZSBKZWplbGxvcHkuClJhc3NlbWJsZXogcGx1cyBkZSBKZWplbGxvcHkgZXQgcmV2ZW5leiBtZSB2b2lyLg==,W1BoZWxpeF0KQWR1aCwgSmVsbG9weSBrdXJhbmcuCkt1bXB1bGthbiBsZWJpaCBiYW55YWsgSmVsbG9weSBsYWx1IGRhdGFuZyBsYWdpLg==,W1BoZWxpeF0KQsO2eWxlIG9sbWF6LCBKZWxsb3B5IGVrc2lrLgpEYWhhIGZhemxhIEplbGxvcHkgdG9wbGEgZGEgdGVrcmFyIGdlbC4=
J5eY,W+2OoOumreyKpF0K6re465+8IOuLpOydjOyXkCDrmJAg7Jik6rKM64KYLg==,W1BoZWxpeF0KQ29tZSBiYWNrIGFnYWluIHNvbWV0aW1lLg==,,W+iPsuWIqeWFi+aWr10K6YKj5LmI5LiL5qyh5YaN5p2l5ZCn44CC,,W1BoZWxpeF0K4LmE4Lin4LmJ4Lih4Liy4Lit4Li14LiB4LiX4Li14LiE4Lij4Liy4Lin4Lir4LiZ4LmJ4Liy,,,W1BoZWxpeF0KRW50b25jZXMgdnVlbHZlIG90cm8gZMOtYS4=,W1BoZWxpeF0KRGFubiBrb21tIGRhcyBuw6RjaHN0ZSBNYWwgd2llZGVyLg==,W1BoZWxpeF0KQWxvcnMsIHJldmVuZXogdW5lIHByb2NoYWluZSBmb2lzLg==,W1BoZWxpeF0KS2FsYXUgYmVnaXR1LCBkYXRhbmdsYWggbGFnaSBsYWluIGthbGku,W1BoZWxpeF0Kw5Z5bGV5c2Ugc29ucmEgeWluZSBnZWwu
KJeY,W+2OoOumreyKpF0K7Jib64ukfiEg7JW97IaN7ZWcIO2PrOyFmOydtOuLpC4g7Jyg7Jqp7ZWY6rKMIOyTsOuPhOuhne2VtC4=,W1BoZWxpeF0KSGVyZSB5b3UgZ28hIFRoZSBwb3Rpb24gSSBwcm9taXNlZC4gUHV0IGl0IHRvIGdvb2QgdXNlLg==,,W+iPsuWIqeWFi+aWr10K57uZ5L2gfu+8gei/meaYr+etlOW6lOS9oOeahOiNr+awtOOAguWlveWlveeUqOWQp+OAgg==,,W1BoZWxpeF0K4LiZ4Li14LmI4LmE4LiHISBQb3Rpb24g4LiX4Li14LmI4Liq4Lix4LiN4LiN4Liy4LmE4Lin4LmJIOC5g+C4iuC5ieC5g+C4q+C5ieC4hOC4uOC5ieC4oeC4peC5iOC4sA==,,,W1BoZWxpeF0KwqFUb21hfiEgQXF1w60gdGllbmVzIGxhIHBvY2nDs24gcHJvbWV0aWRhLiDDmnNhbGEgYmllbi4=,W1BoZWxpeF0KSGllcn4hIERhcyBpc3QgZGVyIHZlcnNwcm9jaGVuZSBSb3RlciBUcmFuay4gU2V0eiBpaG4gZ3V0IGVpbi4=,W1BoZWxpeF0KVGllbnN+ISBWb2ljaSBsYSBwb3Rpb24gcHJvbWlzZS4gRmFpdGVzLWVuIGJvbiB1c2FnZS4=,W1BoZWxpeF0KTmlofiEgSW5pIHBvdGlvbiB5YW5nIGt1amFuamlrYW4uIEd1bmFrYW4gZGVuZ2FuIGJhaWsu,W1BoZWxpeF0KQWwgYmFrYWzEsW1+ISBTw7Z6IHZlcmRpxJ9pbSBpa3Npci4gxLDFn2luZSB5YXJheWFjYWsgxZ9la2lsZGUga3VsbGFuLg==
KZeY,W+2OoOumreyKpF0K7J2065+wISDrqqjsnpDrpbTripTqtbAg7KCk66Gc7ZS8IDPqsJzri7kg6rOg6rWs66eIIO2VmOuCmOudvOqzoC4u7JWM6rKg64KYPw==,W1BoZWxpeF0KV2hhdOKAmXMgdGhpcz8gTm90IGVub3VnaC4KSXTigJlzIDMgSmVsbG9weSBmb3Igb25lIFN3ZWV0IFBvdGF0by4gVW5kZXJzdGFuZD8=,,W+iPsuWIqeWFi+aWr10K5ZOO5ZGA77yB5LiN5aSf5ZWK44CC5q+P5p2w5YuS5q+U57uT5pm2M+S4quaNouS4gOS4quiVg+iWr+KApuKApuaYjueZveS6huWQl++8nw==,,W1BoZWxpeF0K4Lit4LmJ4Liy4LinISDguKLguLHguIfguYTguKHguYjguJ7guK0g4LiI4Liz4LmE4Lin4LmJIEplbGxvcHkgMyDguIrguLTguYnguJnguJXguYjguK0gU3dlZXQgUG90YXRvIDEg4Lit4Lix4LiZ,,,W1BoZWxpeF0KwqFWYXlhISBUZSBmYWx0YW4gSmVsbG9weS4gRXMgdW5hIEJhdGF0YSBwb3IgY2FkYSAzIEplbGxvcHkuLi4gwr9FbnRpZW5kZXM/,W1BoZWxpeF0KVmVyZGFtbXQhIFJlaWNodCBuaWNodC4gRWluZSBTw7zDn2thcnRvZmZlbCBwcm8gMyBKZWplbGxvcHkgLi4uIGthcGllcnQ/,W1BoZWxpeF0KTWluY2UgISBJbCBlbiBtYW5xdWUuIDMgSmVqZWxsb3B5IHBvdXIgdW5lIFBhdGF0ZSBkb3VjZS4uLiBDb21wcmlzID8=,W1BoZWxpeF0KV2FkdWghIEt1cmFuZywgeWEuIFNhdHUgU3dlZXQgUG90YXRvIHVudHVrIHNldGlhcCAzIEplbGxvcHkuLi4gbWVuZ2VydGk/,W1BoZWxpeF0KQsO2eWxlIG9sbWF6ISBFa3NpazsgaGVyIDMgSmVsbG9weSBpw6dpbiAxIFRhdGzEsSBQYXRhdGVzLi4uIGFubGFkxLFuIG3EsT8=
KpeY,W+2OoOumreyKpF0K7Zi47JikLi4u7J207KCV64+E66m0IOqzoOq1rOuniOuhnCDqtZDtmZjtlbTspITsiJgg7J6I6rKg6rWwLgrqs6Dqtazrp4gg66qH6rCc66GcIOuwlOq+uOq4uCDsm5DtlbQ/,W1BoZWxpeF0KSG9ob+KApiB0aGlzIHNob3VsZCBiZSBlbm91Z2ggdG8gdHJhZGUgZm9yIFN3ZWV0IFBvdGF0by4KSG93IG1hbnkgU3dlZXQgUG90YXRvIHdvdWxkIHlvdSBsaWtlPw==,,W+iPsuWIqeWFi+aWr10K5ZOm5ZOmLi4u6L+Z5qC355qE6K+d77yM5bCx6IO955So6JWD6Jav5p2l5Lqk5o2i5LqG44CCCuS9oOaDs+aNouaIkOWHoOS4quiVg+iWr++8nw==,,W1BoZWxpeF0K4LmC4Lit4LmJ4oCmIOC5gOC4l+C5iOC4suC4meC4teC5ieC4geC5h+C5geC4peC4geC5gOC4m+C5h+C4mSBTd2VldCBQb3RhdG8g4LmE4LiU4LmJ4LmB4Lil4LmJ4LinCuC5gOC4iOC5ieC4suC4iOC4sOC5gOC4reC4suC4geC4teC5iOC4reC4seC4mQ==,,,W1BoZWxpeF0KT2guLi4gY29uIGVzdG8gcG9kcsOpIGNhbWJpYXJsb3MgcG9yIEJhdGF0YS4Kwr9DdcOhbnRhcyBCYXRhdGFzIHF1aWVyZXM/,W1BoZWxpeF0KSG9obyAuLi4gZGFtaXQga2FubiBpY2ggZXMgZGlyIGdlZ2VuIFPDvMOfa2FydG9mZmVsbiBlaW50YXVzY2hlbi4KV2llIHZpZWxlIFPDvMOfa2FydG9mZmVsbiB3aWxsc3QgZHUgZGFmw7xyIGhhYmVuPw==,W1BoZWxpeF0KT2guLi4gQXZlYyDDp2EsIGplIHBldXggdGUgbGVzIMOpY2hhbmdlciBjb250cmUgZGVzIFBhdGF0ZSBkb3VjZS4KVHUgdmV1eCBlbiDDqWNoYW5nZXIgY29tYmllbiA/,W1BoZWxpeF0KSG9vLi4uIEthbGF1IHNlYmFueWFrIGluaSwgYWt1IGJpc2EgbWVudWthcmthbm55YSBkZW5nYW4gU3dlZXQgUG90YXRvLgpLYW11IG1hdSBtZW51a2FybnlhIG1lbmphZGkgYmVyYXBhIFN3ZWV0IFBvdGF0bz8=,W1BoZWxpeF0KSG9vLi4uIEJ1IGthZGFyxLF5bGEgVGF0bMSxIFBhdGF0ZXMgaWxlIHRha2FzIGVkZWJpbGlyaW0uCkthw6cgdGFuZSBUYXRsxLEgUGF0YXRlcyBpbGUgZGXEn2nFn3Rpcm1layBpc3RpeW9yc3VuPw==
K5eY,W+2OoOumreyKpF0K7Jib64ukfiEg7JW97IaN7ZWcIOqzoOq1rOuniOuLpC4g7Jyg7Jqp7ZWY6rKMIOyTsOuPhOuhne2VtC4=,W1BoZWxpeF0KSGVyZSB5b3UgZ28hIFRoZSBTd2VldCBQb3RhdG8gSSBwcm9taXNlZC4gVXNlIGl0IHdlbGwu,,W+iPsuWIqeWFi+aWr10K57uZ5L2gfu+8gei/meaYr+etlOW6lOS9oOeahOiVg+iWr+OAguWlveWlveeUqOWQp+OAgg==,,W1BoZWxpeF0K4LiZ4Li14LmIISBTd2VldCBQb3RhdG8g4LiV4Liy4Lih4LiX4Li14LmI4Liq4Lix4LiN4LiN4Liy4LmE4Lin4LmJIOC5g+C4iuC5ieC5g+C4q+C5ieC5gOC4geC4tOC4lOC4m+C4o+C4sOC5guC4ouC4iuC4meC5jOC4peC5iOC4sA==,,,W1BoZWxpeF0KwqFUb21hfiEgQXF1w60gdGllbmVzIGxhIEJhdGF0YSBwcm9tZXRpZGEuIMOac2FsYSBiaWVuLg==,W1BoZWxpeF0KSGllcn4hIERpZSB2ZXJzcHJvY2hlbmVuIFPDvMOfa2FydG9mZmVsbi4gTnV0eiBzaWUgZ3V0Lg==,W1BoZWxpeF0KVGllbnN+ICEgVm9pbMOgIGxlcyBQYXRhdGUgZG91Y2UgcHJvbWlzZXMuIEZhaXMtZW4gYm9uIHVzYWdlLg==,W1BoZWxpeF0KTmlofiEgSW5pIFN3ZWV0IFBvdGF0byB5YW5nIGt1amFuamlrYW4uIEd1bmFrYW4gZGVuZ2FuIGJhaWsu,W1BoZWxpeF0KQWwgYmFrYWzEsW1+ISBTw7Z6IHZlcmRpxJ9pbSBUYXRsxLEgUGF0YXRlcy4gxLDFn2luZSB5YXJheWFjYWsgxZ9la2lsZGUga3VsbGFuLg==
LJeY,7Jes6rSAIOyiheyXheybkA==,SW5uIEVtcGxveWVl,,5peF6aaG5ZGY5bel,,SW5uIEVtcGxveWVl,,,RW1wbGVhZG8gZGUgUG9zYWRh,R2FzdGhhdXMtQW5nZXN0ZWxsdGVy,RW1wbG95w6kgZGUgbOKAmWF1YmVyZ2U=,SW5uIEVtcGxveWVl,SGFuIMOHYWzEscWfYW7EsQ==
LZeY,W+yiheyXheybkCDsoJzri4hdCuyWtOyEnOyYpOyEuOyalCEgXjRENERGRuq1v+uqqOuLnSDshJzruYTsiqReMDAwMDAw6rCAIOyeiOuKlCDsl6zqtIAgXjRENERGRiftlLzshZTrp6gnXjAwMDAwMOyeheuLiOuLpCEK66y07JeH7J2EIOuPhOyZgOuTnOumtOq5jOyalD8=,W1N0YWZmIEplbm55XQpXZWxjb21lISBUaGlzIGlzIHRoZSBJbm4gXjRENERGRidGaXNoZXJtYW4nXjAwMDAwMCwgaG9tZSBvZiBvdXIgXjRENERGRkdvb2QgTW9ybmluZyBTZXJ2aWNlXjAwMDAwMCEKSG93IG1heSBJIGhlbHAgeW91Pw==,,W+WRmOW3peePjeWmrl0K5qyi6L+O5YWJ5Li077yB6L+Z6YeM5piv5pyJXjRENERGRuaXqeWuieacjeWKoV4wMDAwMDDnmoReNEQ0REZGJ+a4lOWkqyfml4XppoZeMDAwMDAw77yBCumcgOimgeaIkeW4ruS9oOS7gOS5iOWQl++8nw==,,W1N0YWZmIEplbm55XQrguKLguLTguJnguJTguLXguJXguYnguK3guJnguKPguLHguJohIOC4l+C4teC5iOC4meC4teC5iOC4hOC4t+C4reC5guC4o+C4h+C5geC4o+C4oSBeNEQ0REZGJ0Zpc2hlcm1hbideMDAwMDAwIOC4l+C4teC5iOC4oeC4teC4muC4o+C4tOC4geC4suC4oyBeNEQ0REZGR29vZCBNb3JuaW5nIFNlcnZpY2VeMDAwMDAwIQrguYDguIjguYnguLLguJXguYnguK3guIfguIHguLLguKPguYPguKvguYnguILguYnguLLguIrguYjguKfguKLguKrguLTguYjguIfguYPguJQ=,,,W0VtcGxlYWRvIEplbm55XQrCoUxlIGRhbW9zIGxhIGJpZW52ZW5pZGEgYSBsYSBwb3NhZGEgXjRENERGRidGaXNoZXJtYW4nXjAwMDAwMCwgY29uIF40RDRERkZTZXJ2aWNpbyBCdWVub3MgRMOtYXNeMDAwMDAwIQrCv0VuIHF1w6kgcHVlZG8gYXl1ZGFybGU/,W0JlZGllbnN0ZXRlIEplbm55XQpXaWxsa29tbWVuISBJaHIgc2VpZCBpbSBHYXN0aGF1cyBeNEQ0REZGJ0Zpc2hlcm1hbideMDAwMDAwIG1pdCBeNEQ0REZGR3V0ZW4tTW9yZ2VuLVNlcnZpY2VeMDAwMDAwIQpXaWUga2FubiBpY2ggRXVjaCBoZWxmZW4/,W0VtcGxvecOpZSBKZW5ueV0KQmllbnZlbnVlICEgQXViZXJnZSBeNEQ0REZGwqsgRmlzaGVybWFuIMK7XjAwMDAwMCwgYXZlYyBsZSBeNEQ0REZGc2VydmljZSBCb25qb3VyXjAwMDAwMCAhClF1ZSBwdWlzLWplIGZhaXJlIHBvdXIgdm91cyA/,W1N0YWZmIEplbm55XQpTZWxhbWF0IGRhdGFuZyEgSW5pIElubiBeNEQ0REZGJ0Zpc2hlcm1hbideMDAwMDAwIHlhbmcgcHVueWEgXjRENERGRkxheWFuYW4gU2VsYW1hdCBQYWdpXjAwMDAwMCEKQWRhIHlhbmcgYmlzYSBha3UgYmFudHU/,W1BlcnNvbmVsIEplbm55XQpIb8WfIGdlbGRpbml6ISBeNEQ0REZGR8O8bmF5ZMSxbiBzZXJ2aXNpXjAwMDAwMCBvbGFuIEhhbiBeNEQ0REZGJ0Zpc2hlcm1hbideMDAwMDAwIGJ1cmFzxLEhClNpemUgbmFzxLFsIHlhcmTEsW1jxLEgb2xhYmlsaXJpbT8=
LpeY,7KCA7J6l7ZWc64uk,U2F2ZS4=,,5L+d5a2Y,,4Lia4Lix4LiZ4LiX4Li24LiB4LiV4Liz4LmB4Lir4LiZ4LmI4LiH,,,R3VhcmRhcg==,U3BlaWNoZXJu,U2F1dmVnYXJkZXI=,U2F2ZQ==,S2F5ZGV0Lg==
L5eY,7Ims6rOg6rCE64ukIC0gNTAwMHo=,UmVzdCAtIDUwMDB6,,5LyR5oGv5LiA5LiLIC0gNSwwMDB6,,4Lie4Lix4LiB4Lic4LmI4Lit4LiZIC0gNSwwMDAgWmVueQ==,,,RGVzY2Fuc2FyIC0gNTAwMHo=,QXVzcnVoZW4gLSA1LjAwMHo=,U2UgcmVwb3NlciAtIDUwMDB6,UmVzdCAtIDUwMDB6,RGlubGVuaXJpbSAtIDUwMDB6
MJeY,6re466eM65GU64uk,SeKAmW0gcXVpdHRpbmcu,,5pS+5byD,,4Lii4LiB4LmA4Lil4Li04LiB,,,Q2FuY2VsYXI=,QXVmaMO2cmVu,Q2Vzc2Vy,QmVyaGVudGk=,QsSxcmFr
MZeY,W+yiheyXheybkCDsoJzri4hdCuyggOyepe2VmOyYgOyKteuLiOuLpCEK7ZmV7J24IOu2gO2DgeuTnOumveuLiOuLpCE=,W1N0YWZmIEplbm55XQpZb3VyIGRhdGEgaGFzIGJlZW4gc2F2ZWQhClBsZWFzZSBjaGVjayB0byBtYWtlIHN1cmUgZXZlcnl0aGluZ+KAmXMgY29ycmVjdCE=,,W+WRmOW3peePjeWmrl0K5bey5L+d5a2Y77yBCuivt+ehruiupO+8gQ==,,W1N0YWZmIEplbm55XQrguJrguLHguJnguJfguLbguIHguYDguKPguLXguKLguJrguKPguYnguK3guKLguYHguKXguYnguKchCuC4peC4reC4h+C4leC4o+C4p+C4iOC4quC4reC4muC4lOC4uQ==,,,W0VtcGxlYWRvIEplbm55XQrCoVNlIGhhIGd1YXJkYWRvIQrCoUNvbXBydcOpYmVsbywgcG9yIGZhdm9yIQ==,W0JlZGllbnN0ZXRlIEplbm55XQpHZXNwZWljaGVydCEKQml0dGUgw7xiZXJwcsO8ZnQgZXMh,W0VtcGxvecOpZSBKZW5ueV0KU2F1dmVnYXJkZSBlZmZlY3R1w6llICEKVmV1aWxsZXogdsOpcmlmaWVyICE=,W1N0YWYgSmVubnldClN1ZGFoIGRpc2ltcGFuIQpNb2hvbiBrb25maXJtYXNpIQ==,W1BlcnNvbmVsIEplbm55XQpLYXlkZWRpbGRpIQpMw7x0ZmVuIGtvbnRyb2wgZWRpbiE=
MpeY,W+yiheyXheybkCDsoJzri4hdCuyngOq4iCDrqqjtl5jqsIDri5gg7IOB7YOc66W8IOuztOuLiCwgXjRENERGRu2KueuzhCDshJzruYTsiqTqsIAg7ZWE7JqU7ZWY7KeAIOyViuqyoOyWtOyalC5eMDAwMDAwCu2ctOyLneunjCDst6jtlZjsi6TqsbTqsIDsmpQ/,W1N0YWZmIEplbm55XQpMb29raW5nIGF0IHlvdXIgY29uZGl0aW9uLCBBZHZlbnR1cmVyLCBpdCBzZWVtcyB5b3UgbWlnaHQgbmVlZCBhIF40RDRERkZzcGVjaWFsIHNlcnZpY2VeMDAwMDAwLgpXb3VsZCB5b3UgbGlrZSB0byByZXN0Pw==,,W+WRmOW3peePjeWmrl0K55yL5L2g546w5Zyo55qE54q25oCB77yMXjRENERGRuW6lOivpeS4jemcgOimgeeJueWIq+acjeWKoeWQp+OAgl4wMDAwMDAK5Y+q6KaB5LyR5oGv5LiA5LiL5ZCX77yf,,W1N0YWZmIEplbm55XQrguJTguLnguIjguLLguIHguKrguKDguLLguJ7guILguK3guIfguYDguIjguYnguLLguYHguKXguYnguKcgXjRENERGRuC5gOC4q+C4oeC4t+C4reC4meC4iOC4sOC4leC5ieC4reC4h+C5g+C4iuC5ieC4muC4o+C4tOC4geC4suC4o+C4nuC4tOC5gOC4qOC4qeC5gOC4nuC4tOC5iOC4oeC5gOC4leC4tOC4oV4wMDAwMDAK4LiV4LmJ4Lit4LiH4LiB4Liy4Lij4LmD4LiK4LmJ4Lia4Lij4Li04LiB4Liy4Lij4Lir4Lij4Li34Lit4LmE4Lih4LmI,,,W0VtcGxlYWRvIEplbm55XQpQb3Igc3UgZXN0YWRvIGFjdHVhbCwgcGFyZWNlIHF1ZSBeNEQ0REZGbm8gbmVjZXNpdGEgdW4gc2VydmljaW8gZXNwZWNpYWwuXjAwMDAwMArCv1NvbG8gZGVzZWEgZGVzY2Fuc2FyPw==,W0JlZGllbnN0ZXRlIEplbm55XQpXZW5uIGljaCBtaXIgRXVyZW4gWnVzdGFuZCBzbyBhbnNlaGUsIGJyYXVjaHQgSWhyIHdvaGwga2VpbmVuIF40RDRERkZiZXNvbmRlcmVuIFNlcnZpY2VeMDAwMDAwLgpNw7ZjaHRldCBJaHIgRXVjaCBhbHNvIG51ciBhdXNydWhlbj8=,W0VtcGxvecOpZSBKZW5ueV0KVnUgdm90cmUgw6l0YXQsIGF2ZW50dXJpZXIsIF40RDRERkZ2b3VzIG7igJlhdmV6IHBhcyBiZXNvaW4gZGUgc2VydmljZSBzcMOpY2lhbC5eMDAwMDAwClJlcG9zIHVuaXF1ZW1lbnQgPw==,W1N0YWZmIEplbm55XQpNZWxpaGF0IGtvbmRpc2kga2FtdSBzZWthcmFuZywgXjRENERGRnNlcGVydGlueWEga2FtdSB0aWRhayBtZW1lcmx1a2FuIGxheWFuYW4ga2h1c3VzLl4wMDAwMDAKa2FtdSBoYW55YSBpbmdpbiBiZXJpc3RpcmFoYXQ/,W1BlcnNvbmVsIEplbm55XQrFnnUgYW4gbWFjZXJhY8SxIGR1cnVtdW51emEgYmFrxLFuY2EsIF40RDRERkbDtnplbCBoaXptZXRlIGlodGl5YWPEsW7EsXogeW9rIGdpYmkuXjAwMDAwMApTYWRlY2UgZGlubGVuZWNlayBtaXNpbml6Pw==
M5eY,XjRENERGRu2YhOyerCDsl6zqtIDsl5DshJwg7KCc6rO17ZWY64qUIO2YnO2DneqzvCDruYTsirftlZwg67KE7ZSE66W8IOydtOuvuCDqsIDsp4Dqs6Ag7J6I7Ja0CuyXrOq0gOyXkOyEnCDsoJzqs7XtlZjripQg67KE7ZSE66W8IOuwm+ydhCDsiJgg7JeG7Iq164uI64ukLl4wMDAwMDA=,XjRENERGRllvdSBhbHJlYWR5IGhhdmUgYnVmZnMgc2ltaWxhciB0byB0aG9zZSBwcm92aWRlZCBieSB0aGUgSW5uLApzbyB5b3UgY2Fubm90IHJlY2VpdmUgdGhlIElubiBidWZmIGF0IHRoaXMgdGltZS5eMDAwMDAw,,XjRENERGRuS9oOebruWJjeW3sue7j+aLpeacieS4juaXhemmhuaPkOS+m+eahOemj+WIqeebuOS8vOeahOWinuebiuaViOaenO+8jArlm6DmraTml6Dms5Xojrflvpfml4Xppobmj5DkvpvnmoTlop7nm4rmlYjmnpzjgIJeMDAwMDAw,,XjRENERGRuC4guC4k+C4sOC4meC4teC5ieC4oeC4teC4muC4seC4n+C5geC4muC4muC5gOC4lOC4teC4ouC4p+C4geC4seC4muC4l+C4teC5iOC5guC4o+C4h+C5geC4o+C4oeC5g+C4q+C5ieC4muC4o+C4tOC4geC4suC4o+C4reC4ouC4ueC5iOC5geC4peC5ieC4pwrguIjguLbguIfguYTguKHguYjguKrguLLguKHguLLguKPguJbguKPguLHguJrguJrguLHguJ/guIjguLLguIHguYLguKPguIfguYHguKPguKHguYTguJTguYleMDAwMDAw,,,XjRENERGRkFjdHVhbG1lbnRlIHlhIGN1ZW50YSBjb24gdW5hIG1lam9yYSBzaW1pbGFyIGEgbGEgcXVlIG9mcmVjZSBsYSBwb3NhZGEsCnBvciBsbyBxdWUgbm8gcHVlZGUgcmVjaWJpciBsYSBtZWpvcmEgZGUgbGEgcG9zYWRhLl4wMDAwMDA=,XjRENERGRkR1IGhhc3QgYmVyZWl0cyBlaW5lbiBCdWZmLCBkZXIgZGVuIFZvcnRlaWxlbiBkZXMgR2FzdGhhdXNlcyBlbnRzcHJpY2h0LgpEdSBrYW5uc3QgZGVuIHZvbSBHYXN0aGF1cyBnZXfDpGhydGVuIEJ1ZmYgZGFoZXIgbmljaHQgZXJoYWx0ZW4uXjAwMDAwMA==,XjRENERGRlVuIGJvbnVzIHNpbWlsYWlyZSBlc3QgZMOpasOgIGFjdGlmLgpWb3VzIG5lIHBvdXZleiBwYXMgcmVjZXZvaXIgbGUgYm9udXMgZGUgbOKAmUF1YmVyZ2UuXjAwMDAwMA==,XjRENERGRlNhYXQgaW5pIGthbXUgc3VkYWggbWVtaWxpa2kgYnVmZiB5YW5nIG1pcmlwIGRlbmdhbiBtYW5mYWF0IHlhbmcgZGlzZWRpYWthbiBvbGVoIElubiwKc2VoaW5nZ2Ega2FtdSB0aWRhayBkYXBhdCBtZW5lcmltYSBidWZmIHlhbmcgZGlzZWRpYWthbiBvbGVoIElubi5eMDAwMDAw,XjRENERGRsWedSBhbmRhIEhhbsSxbiBzdW5kdcSfdSBmYXlkYXlhIGJlbnplciBiaXIgZ8O8w6dsZW5kaXJtZXllIHphdGVuIHNhaGlwIG9sZHXEn3VudXogacOnaW4KSGFuxLFuIHN1bmR1xJ91IGfDvMOnbGVuZGlybWV5aSBhbGFtYXpzxLFuxLF6Ll4wMDAwMDA=
NJeY,7ZqM67O166eMIO2VnOuLpC4=,UmVjb3ZlciBvbmx5Lg==,,5Y+q5oGi5aSN44CC,,4Lif4Li34LmJ4LiZ4Lif4Li54Lit4Lii4LmI4Liy4LiH4LmA4LiU4Li14Lii4Lin,,,U29sbyByZWN1cGVyYXJtZS4=,TnVyIGF1c3J1aGVuLg==,UsOpY3Vww6lyYXRpb24gdW5pcXVlbWVudC4=,SGFueWEgbWVtdWxpaGthbi4=,U2FkZWNlIGl5aWxlxZ9pcmltLg==
NZeY,7J207Jqp7ZWY7KeAIOyViuuKlOuLpC4=,RG8gbm90IHVzZS4=,,5LiN5L2/55So44CC,,4LmE4Lih4LmI4LmD4LiK4LmJ4Lia4Lij4Li04LiB4Liy4Lij,,,Tm8gdXRpbGl6YXJsYS4=,TmljaHQgbnV0emVuLg==,TmUgcGFzIHV0aWxpc2VyLg==,VGlkYWsgbWVuZ2d1bmFrYW4u,S3VsbGFubWFtLg==
NpeY,W+yiheyXheybkCDsoJzri4hdCjUwMDB6IO2ZleyLpO2eiCDrsJvqsqDsirXri4jri6QhCuyii+ydgCDsi5zqsIQg65CY7IS47JqUIQ==,W1N0YWZmIEplbm55XQpUaGF0IHdpbGwgYmUgNTAwMHosIHBsZWFzZSEKRW5qb3kgeW91ciBzdGF5IQ==,,W+WRmOW3peePjeWmrl0K5oiR5Lya56Gu5a6e5pS25Y+WNSwwMDB677yBCuelneS9oOW6pui/h+aEieW/q+eahOaXtuWFie+8gQ==,,W1N0YWZmIEplbm55XQrguKPguLHguJrguYDguIfguLTguJkgNSwwMDAgWmVueSDguYDguKPguLXguKLguJrguKPguYnguK3guKIhCuC4guC4reC5g+C4q+C5ieC4oeC4teC4iuC5iOC4p+C4h+C5gOC4p+C4peC4suC4lOC4tSDguYY=,,,W0VtcGxlYWRvIEplbm55XQrCoUxlIGNvYnJhcsOpIDUwMDB6IQrCoVF1ZSB0ZW5nYSB1biBidWVuIGTDrWEh,W0JlZGllbnN0ZXRlIEplbm55XQpEYW5uIG5laG1lIGljaCA1LjAwMHogZW50Z2VnZW4hCkljaCB3w7xuc2NoZSBFdWNoIGVpbmVuIGFuZ2VuZWhtZW4gQXVmZW50aGFsdCE=,W0VtcGxvecOpZSBKZW5ueV0Kw4dhIGZlcmEgNTAwMHogIQpCb24gdm95YWdlICE=,W1N0YWZmIEplbm55XQpBa3UgcGFzdGkgYWthbiBtZW5lcmltYSA1MDAweiEKU2Vtb2dhIGhhcmltdSBtZW55ZW5hbmdrYW4h,W1BlcnNvbmVsIEplbm55XQo1MDAweiBrZXNpbmxpa2xlIGFsYWNhxJ/EsW0hCsSweWkgdmFraXQgZ2XDp2lyaW4h
N5eY,W+yiheyXheybkCDsoJzri4hdCuuLpOydjOyXkCDsnbTsmqntlbQg7KO87IS47JqUfiE=,W1N0YWZmIEplbm55XQpQbGVhc2UgY29tZSBhZ2FpbiBuZXh0IHRpbWV+IQ==,,W+WRmOW3peePjeWmrl0K5LiL5qyh5YaN5p2l5L2/55So5ZCnfu+8gQ==,,W1N0YWZmIEplbm55XQrguYDguIrguLTguI3guKHguLLguYPguIrguYnguJrguKPguLTguIHguLLguKPguK3guLXguIHguYPguJnguITguKPguLHguYnguIfguKvguJnguYnguLI=,,,W0VtcGxlYWRvIEplbm55XQrCoVZpc8OtdGVub3MgbGEgcHLDs3hpbWEgdmV6fiE=,W0JlZGllbnN0ZXRlIEplbm55XQpLb21tZW4gU2llIGdlcm4gYmVpbSBuw6RjaHN0ZW4gTWFsIHdpZWRlcn4h,W0VtcGxvecOpZSBKZW5ueV0Kw4AgYmllbnTDtHR+ICE=,W1N0YWZmIEplbm55XQpTaWxha2FuIGd1bmFrYW4gbGFnaSBsYWluIGthbGl+IQ==,W1BlcnNvbmVsIEplbm55XQpCaXIgZGFoYWtpIHNlZmVyZSBrdWxsYW7EsW5+IQ==
OJeY,W+yiheyXheybkCDsoJzri4hdCuuniOy5qCBeNEQ0REZG7KKL7J2AIOyLnOqwhF4wMDAwMDDsl5Ag7Jik7IWo64Sk7JqULgrsoIDtnawg7ZS87IWU66eo7J2YIF40RDRERkbqtb/rqqjri50g7ISc67mE7IqkXjAwMDAwMCDsi5zqsITsnbTrno3ri4jri6QuCuyVhOy5qCDsi5zqsITsl5Ag7J207Jqp7ZWY7Iuc64qUIOu2hOuTpOyXkOqyjOuKlCAn7ZS87IWU66eoJ+ydmCDtirnrs4TtlZwg7Iud7IKs66W8IO2VqOq7mCDsoJzqs7XtlZjqs6Ag7J6I64u164uI64ukLg==,W1N0YWZmIEplbm55XQpZb3UgY2FtZSBhdCBhIF40RDRERkZwZXJmZWN0IHRpbWVeMDAwMDAwLgpJdOKAmXMgb3VyIEZpc2hlcm1hbuKAmXMgXjRENERGRkdvb2QgTW9ybmluZyBTZXJ2aWNlXjAwMDAwMCBob3VyLgpHdWVzdHMgd2hvIHZpc2l0IGluIHRoZSBtb3JuaW5nIHJlY2VpdmUgYSBzcGVjaWFsIEZpc2hlcm1hbuKAmXMgbWVhbCBhcyB3ZWxsLg==,,W+WRmOW3peePjeWmrl0K5L2g5p2l5b6X5q2j5aW977yM5q2j5pivXjRENERGRuaEieW/q+eahOaXtuWFiV4wMDAwMDDjgIIK546w5Zyo5piv5oiR5Lus5riU5aSr55qEXjRENERGRuaXqeWuieacjeWKoV4wMDAwMDDml7bpl7TjgIIK5Zyo5pep5pmo5pe25q615L2/55So55qE5a6i5Lq677yM5oiR5Lus5Lya5LiA5bm25o+Q5L6b4oCc5riU5aSr4oCd55qE54m55Yir6aSQ54K544CC,,W1N0YWZmIEplbm55XQrguYDguIjguYnguLLguKHguLJeNEQ0REZG4LmE4LiU4LmJ4LmA4Lin4Lil4Liy4Lie4Lit4LiU4Li14LmA4Lil4LiiXjAwMDAwMArguJXguK3guJnguJnguLXguYnguYDguJvguYfguJnguIrguYjguKfguIfguYDguKfguKXguLIgXjRENERGRkdvb2QgTW9ybmluZyBTZXJ2aWNlXjAwMDAwMCDguILguK3guIcgRmlzaGVybWFuCuC4nOC4ueC5ieC4l+C4teC5iOC4oeC4suC5g+C4iuC5ieC4muC4o+C4tOC4geC4suC4o+C5g+C4meC4iuC5iOC4p+C4h+C5gOC4iuC5ieC4suC4iOC4sOC5hOC4lOC5ieC4o+C4seC4muC4reC4suC4q+C4suC4o+C4nuC4tOC5gOC4qOC4qeC4guC4reC4hyAnRmlzaGVybWFuJyDguYDguJ7guLTguYjguKHguJTguYnguKfguKI=,,,W0VtcGxlYWRvIEplbm55XQpIYSBsbGVnYWRvIGVuIHVuIF40RDRERkZidWVuIG1vbWVudG9eMDAwMDAwLgpFcyBsYSBob3JhIGRlbCBeNEQ0REZGc2VydmljaW8gbWF0dXRpbm9eMDAwMDAwIGRlIEZpc2hlcm1hbi4KQSBxdWllbmVzIG5vcyB2aXNpdGFuIHBvciBsYSBtYcOxYW5hIGxlcyBvZnJlY2Vtb3MgdGFtYmnDqW4gdW5hIGNvbWlkYSBlc3BlY2lhbCBkZSAnRmlzaGVybWFuJy4=,W0JlZGllbnN0ZXRlIEplbm55XQpJaHIgc2VpZCBnZW5hdSB6dXIgXjRENERGRnJpY2h0aWdlbiBaZWl0XjAwMDAwMCBnZWtvbW1lbi4KR2VyYWRlIGlzdCBlcyBaZWl0IGbDvHIgZGVuIF40RDRERkZHdXRlbi1Nb3JnZW4tU2VydmljZV4wMDAwMDAgdW5zZXJlcyAnRmlzaGVybWFuJy4KV2VyIHVucyBhbSBNb3JnZW4gYmVzdWNodCwgYmVrb21tdCBhdcOfZXJkZW0gZWluZSBiZXNvbmRlcmUgTWFobHplaXQgZGVzICdGaXNoZXJtYW4nIGRhenUu,W0VtcGxvecOpZSBKZW5ueV0KVm91cyB0b21iZXogcGlsZSDDoCB1biBeNEQ0REZGYm9uIG1vbWVudF4wMDAwMDAuCkPigJllc3QgbOKAmWhldXJlIGR1IF40RDRERkZzZXJ2aWNlIEJvbmpvdXJeMDAwMDAwIGR1IEZpc2hlcm1hbi4KTGUgbWF0aW4sIHVuIHJlcGFzIHNww6ljaWFsIGR1IMKrIEZpc2hlcm1hbiDCuyBlc3QgYXVzc2kgb2ZmZXJ0Lg==,W1N0YWZmIEplbm55XQpLYW11IGRhdGFuZyB0ZXBhdCBkaSB3YWt0dSBeNEQ0REZGeWFuZyBtZW55ZW5hbmdrYW5eMDAwMDAwLgpTZWthcmFuZyBhZGFsYWggd2FrdHUgXjRENERGRkxheWFuYW4gU2VsYW1hdCBQYWdpXjAwMDAwMCBkYXJpIEZpc2hlcm1hbi4KQmFnaSB5YW5nIG1lbmdndW5ha2FuIGxheWFuYW4gZGkgcGFnaSBoYXJpLCBrYW1pIGp1Z2EgbWVueWVkaWFrYW4gaGlkYW5nYW4gc3Blc2lhbCBkYXJpICdGaXNoZXJtYW4nLg==,W1BlcnNvbmVsIEplbm55XQpUYW0gZGEgXjRENERGRml5aSB2YWtpdHRlXjAwMDAwMCBnZWxkaW5pei4KQml6aW0gRmlzaGVybWFuJ8SxbiBeNEQ0REZGR8O8bmF5ZMSxbiBTZXJ2aXNpXjAwMDAwMCBzYWF0aS4KU2FiYWggc2FhdGxlcmluZGUga3VsbGFuYW5sYXJhICdGaXNoZXJtYW4nxLFuIMO2emVsIHllbWXEn2luaSBkZSBiaXJsaWt0ZSB2ZXJpeW9ydXou
OZeY,W+yiheyXheybkCDsoJzri4hdCuyXrOq0gCDsnbTsmqnro4zripQgNTAwMHog7J6F64uI64ukIQrtmZXsnbgg67aA7YOB65Oc66a964uI64ukIQ==,W1N0YWZmIEplbm55XQpUaGUgSW5uIGZlZSBpcyA1MDAweiEKUGxlYXNlIGNvbmZpcm0h,,W+WRmOW3peePjeWmrl0K5peF6aaG55qE5L2/55So6LS55pivNSwwMDB677yBCuivt+ehruiupO+8gQ==,,W1N0YWZmIEplbm55XQrguITguYjguLLguJrguKPguLTguIHguLLguKPguITguLfguK0gNSwwMDAgWmVueQrguIHguKPguLjguJPguLLguKLguLfguJnguKLguLHguJk=,,,W0VtcGxlYWRvIEplbm55XQrCoUxhIHRhcmlmYSBkZSBsYSBQb3NhZGEgZXMgZGUgNTAwMHohCsKhQ29uZmlybWUgZWwgaW1wb3J0ZSwgcG9yIGZhdm9yIQ==,W0JlZGllbnN0ZXRlIEplbm55XQpEaWUgR2Viw7xociBmw7xycyBHYXN0aGF1cyBiZXRyw6RndCA1LjAwMHohCkJpdHRlIGJlc3TDpHRpZ3QgZGFzIQ==,W0VtcGxvecOpZSBKZW5ueV0KTGVzIGZyYWlzIGTigJlhdWJlcmdlIHNvbnQgZGUgNTAwMHogIQpNZXJjaSBkZSBjb25maXJtZXIgIQ==,W1N0YWZmIEplbm55XQpCaWF5YSBwZW5nZ3VuYWFuIElubiBhZGFsYWggNTAwMHohCk1vaG9uIGtvbmZpcm1hc2lueWEh,W1BlcnNvbmVsIEplbm55XQpIYW4ga3VsbGFuxLFtIMO8Y3JldGkgNTAwMHohCkzDvHRmZW4ga29udHJvbCBlZGluIQ==
OpeY,W+yiheyXheybkCDsoJzri4hdCuuLpOydjOyXkCDsnbTsmqntlbQg7KO87IS47JqULg==,W1N0YWZmIEplbm55XQpQbGVhc2UgY29tZSBhZ2FpbiBuZXh0IHRpbWUu,,W+WRmOW3peePjeWmrl0K5LiL5qyh5YaN5p2l5L2/55So5ZCn44CC,,W1N0YWZmIEplbm55XQrguYDguIrguLTguI3guKHguLLguYPguIrguYnguJrguKPguLTguIHguLLguKPguK3guLXguIHguYPguJnguITguKPguLHguYnguIfguKvguJnguYnguLI=,,,W0VtcGxlYWRvIEplbm55XQpBbMOzamVzZSBjb24gbm9zb3Ryb3MgbGEgcHLDs3hpbWEgdmV6Lg==,W0JlZGllbnN0ZXRlIEplbm55XQpLb21tZW4gU2llIGdlcm4gYmVpbSBuw6RjaHN0ZW4gTWFsIHdpZWRlci4=,W0VtcGxvecOpZSBKZW5ueV0Kw4AgYmllbnTDtHQu,W1N0YWZmIEplbm55XQpTaWxha2FuIGd1bmFrYW4gbGFnaSBsYWluIGthbGku,W1BlcnNvbmVsIEplbm55XQpCaXIgZGFoYWtpIHNlZmVyZSBrdWxsYW7EsW4u
