///아이템 ID, drop, 교환창올리기, 창고, 카트, NPC판매, 메일, 옥션, 길드창고								
//이형식은 공백 라인을 인정하지 않습니다. 주의하세요									
547	0	0	0	0	1	0	0	0	//화이트슬림포션
603	0	0	0	0	0	1	1	0	//오래된파란상자
617	0	0	0	0	0	1	1	0	//오래된보라상자
682	1	0	0	0	1	1	1	0	//Realgar_Wine
683	1	0	0	0	1	1	1	0	//Exorcize_Herb
744	1	0	0	0	0	0	0	0	//꽃다발
745	1	0	0	0	0	0	0	0	//부케
1173	1	1	1	1	1	1	1	1	//Muramasa_C
1177	1	1	0	1	1	1	1	1	//사크라이복사지급템
1183	1	1	1	1	1	1	1	1	//전장
1184	1	1	1	1	1	1	1	1	//전장
1187	1	1	1	1	0	1	1	1	//5vs5 전장 아이템크리거양손검1
1190	1	1	1	1	1	1	1	1	//크레이모어_C
1192	1	1	1	1	0	1	1	1	//P슬레이어1
1193	1	1	1	1	0	1	1	1	//P슬레이어2
1197	1	1	1	1	0	1	1	1	//P슬레이어3
1198	1	1	1	1	1	1	1	1	//갈치
1267	1	1	1	1	1	1	1	1	//Infiltrator_C
1272	1	1	0	1	1	1	1	1	//사크라이복사지급템
1273	1	1	0	1	1	1	1	1	//cashitem
1274	1	1	0	1	1	1	1	1	//cashitem
1279	1	1	1	1	1	1	1	1	//전장
1280	1	1	1	1	1	1	1	1	//전장
1281	1	1	1	1	0	1	1	1	//5vs5 전장 아이템크리거카타르1
1282	1	1	1	1	0	1	1	1	//5vs5 전장 아이템크리거카타르2
1283	1	1	1	1	1	1	1	1	//임대아이템, 재빠른카타르
1286	1	1	1	1	1	1	1	1	//자마다르_C
1289	1	1	1	1	0	1	1	1	//P카타르1
1299	1	1	1	1	0	1	1	1	//TE_Woe_Katar
1310	1	1	1	1	0	1	1	1	//5vs5 전장 아이템크리거한손도끼1
1312	1	1	1	1	1	1	1	1	//오키쉬액스_C
1313	1	1	1	1	0	1	1	1	//여행자의도끼
1319	1	1	1	1	0	1	1	1	//TE_Woe_Axe
1322	1	0	0	0	1	1	1	0	//Ru_Blue_Axe
1372	1	1	1	1	1	1	1	1	//Right_Epsilon_C
1378	1	1	0	1	1	1	1	1	//cashitem
1379	1	1	1	1	1	1	1	1	//전장
1380	1	1	1	1	1	1	1	1	//전장
1382	1	1	1	1	0	1	1	1	//5vs5 전장 아이템크리거양손도끼1
1388	1	1	1	1	1	1	1	1	//투핸드액스_C
1391	1	1	1	1	0	1	1	1	//P투핸드액스1
1399	1	1	1	1	0	1	1	1	//TE_Woe_Two_Handed_Axe
1423	1	1	0	1	1	1	1	1	//사크라이복사지급템
1424	1	1	0	1	1	1	1	1	//cashitem
1425	1	1	1	1	1	1	1	1	//전장
1426	1	1	1	1	0	1	1	1	//5vs5 전장 아이템크리거한손창1
1427	1	1	1	1	1	1	1	1	//임대아이템, 훌륭한장창
1430	1	1	1	1	1	1	1	1	//파이크_C
1434	1	1	1	1	0	1	1	1	//P스피어1
1437	1	1	1	1	0	1	1	1	//TE_Woe_Pike
1441	1	0	0	0	1	1	1	0	//Ru_Blue_Spear
1482	1	1	1	1	1	1	1	1	//전장
1486	1	1	1	1	0	1	1	1	//5vs5 전장 아이템크리거양손창1
1487	1	1	1	1	1	1	1	1	//랜스_C
1489	1	1	1	1	1	1	1	1	//Spearfish_
1495	1	1	1	1	0	1	1	1	//TE_Woe_Lance
1530	1	0	0	1	1	1	1	0	//Mjolnir
1533	1	1	1	1	1	1	1	1	//대만4주년-용사의발뭉
1536	1	1	0	1	1	1	1	1	//사크라이복사지급템
1537	1	1	0	1	1	1	1	1	//cashitem
1542	1	1	1	1	1	1	1	1	//전장
1543	1	1	1	1	1	1	1	1	//전장
1546	1	1	1	1	0	1	1	1	//5vs5 전장 아이템크리거둔기1
1547	1	1	1	1	1	1	1	1	//임대아이템, 광기의둔기
1563	1	1	1	1	1	1	1	1	//Diary_Of_Great_Sage_C
1566	1	1	0	1	1	1	1	1	//사크라이복사지급템
1567	1	1	0	1	1	1	1	1	//cashitem
1574	1	1	1	1	1	1	1	1	//전장
1575	1	1	1	1	1	1	1	1	//전장
1576	1	1	1	1	0	1	1	1	//5vs5 전장 아이템크리거책1
1577	1	1	1	1	0	1	1	1	//5vs5 전장 아이템크리거책2
1578	1	1	1	1	1	1	1	1	//임대아이템, 기도하는자의서
1580	1	1	1	1	1	1	1	1	//대백과사전_C
1583	1	1	1	1	0	1	1	1	//P사전1
1591	1	1	1	1	0	1	1	1	//TE_Woe_Book
1623	1	1	1	1	1	1	1	1	//Mighty_Staff_C
1627	1	1	0	1	1	1	1	1	//사크라이복사지급템
1628	1	1	0	1	1	1	1	1	//cashitem
1632	1	1	1	1	1	1	1	1	//전장
1633	1	1	1	1	1	1	1	1	//전장
1634	1	1	1	1	1	1	1	1	//전장
1635	1	1	1	1	1	1	1	1	//전장
1638	1	1	1	1	1	1	1	1	//캐쉬아이템, 치유의지팡이_C
1640	1	1	1	1	0	1	1	1	//5vs5 전장 아이템크리거한손지팡이1
1641	1	1	1	1	0	1	1	1	//5vs5 전장 아이템크리거한손지팡이2
1642	1	1	1	1	1	1	1	1	//임대아이템, 밝지못한자의지팡이
1650	1	1	1	1	0	1	1	1	//P스태프1
1651	1	1	1	1	0	1	1	1	//P스태프2
1652	1	1	1	1	0	1	1	1	//여행자의지팡이
1658	1	1	1	1	0	1	1	1	//P스태프3
1667	1	1	1	1	0	1	1	1	//TE_Woe_Staff
1677	1	0	0	0	1	1	1	0	//Ru_Blue_Wand
1703	1	1	1	1	1	1	1	1	//3차전직_보우__
1728	1	1	1	1	1	1	1	1	//Balistar_C
1735	1	1	0	1	1	1	1	1	//사크라이복사지급템
1738	1	1	1	1	1	1	1	1	//전장
1739	1	1	1	1	1	1	1	1	//전장
1743	1	1	1	1	0	1	1	1	//5vs5 전장 아이템크리거활1
1744	1	1	1	1	1	1	1	1	//임대아이템, 악마의활
1747	1	1	1	1	0	1	1	1	//P보우1
1748	1	1	1	1	0	1	1	1	//P보우2
1749	1	1	1	1	0	1	1	1	//여행자의활
1817	1	1	1	1	1	1	1	1	//Kaiser_Knuckle_C
1823	1	1	1	1	1	1	1	1	//전장
1824	1	1	1	1	1	1	1	1	//전장
1826	1	1	1	1	0	1	1	1	//5vs5 전장 아이템크리거너클1
1827	1	1	1	1	0	1	1	1	//5vs5 전장 아이템크리거너클2
1828	1	1	1	1	1	1	1	1	//임대아이템, 수도승의너클
1829	1	1	1	1	1	1	1	1	//피스트_C
1831	1	1	1	1	0	1	1	1	//P너클1
1834	1	1	1	1	0	1	1	1	//TE_Woe_Fist
1921	1	1	0	1	1	1	1	1	//사크라이복사지급템
1923	1	1	1	1	1	1	1	1	//전장
1924	1	1	1	1	1	1	1	1	//전장
1927	1	1	1	1	0	1	1	1	//5vs5 전장 아이템크리거악기1
1929	1	1	1	1	1	1	1	1	//기타_C
1931	1	1	1	1	0	1	1	1	//P현악기1
1932	1	1	1	1	0	1	1	1	//TE_Woe_Guitar
1936	1	0	0	0	1	1	1	0	//Ru_Blue_Violin
1975	1	1	0	1	1	1	1	1	//사크라이복사지급템
1977	1	1	1	1	1	1	1	1	//전장
1978	1	1	1	1	1	1	1	1	//전장
1981	1	1	1	1	0	1	1	1	//5vs5 전장 아이템 크리거채찍1
1982	1	1	1	1	1	1	1	1	//임대아이템, 범상치않은자의채찍
1983	1	1	1	1	1	1	1	1	//란테_C
1986	1	1	1	1	0	1	1	1	//P테일1
1987	1	1	1	1	0	1	1	1	//TE_Woe_Rope
1991	1	0	0	0	1	1	1	0	//Ru_Blue_Whip
2002	1	1	1	1	0	1	1	1	//5vs5 전장 아이템크리거양손지팡이1
2006	1	0	0	0	1	0	0	0	//G_Staff_Of_Light
2019	1	1	1	1	0	1	1	1	//TE_Woe_Two_Hand_Staff
2127	1	1	0	1	1	1	1	1	//사크라이복사지급템
2132	1	1	1	1	1	1	1	1	//Shelter_Resistance
2140	1	1	1	1	1	1	1	1	//3차전직_에너지룬가드
2165	1	0	0	0	1	1	1	0	//Sol_Shield
2167	1	0	0	0	1	1	1	0	//Poison_Shield
2175	1	0	0	0	1	1	1	0	//Esprit_Shield
2178	1	1	1	1	0	1	1	1	//TE_Woe_Buckler
2179	1	1	1	1	0	1	1	1	//TE_Woe_Shield
2180	1	1	1	1	0	1	1	1	//TE_Woe_Magic_Guard
2190	1	0	0	0	1	1	1	0	//Ancient_Shield_Of_Aeon
2358	1	1	0	1	1	1	1	1	//대만 - 천사의예복
2368	1	1	0	1	0	1	1	1	//인도네시아,황금갑옷
2370	1	1	0	1	1	1	1	1	//사크라이복사지급템
2376	1	1	1	1	1	1	1	1	//전장
2377	1	1	1	1	1	1	1	1	//전장
2378	1	1	1	1	1	1	1	1	//전장
2379	1	1	1	1	1	1	1	1	//전장
2380	1	1	1	1	1	1	1	1	//전장
2381	1	1	1	1	1	1	1	1	//전장
2382	1	1	1	1	1	1	1	1	//전장
2384	1	1	1	1	1	1	1	1	//Spritual_Tunic
2385	1	1	1	1	1	1	1	1	//Recuperative_Armor
2393	1	1	1	1	0	1	1	1	//초보자존, N_Adventurer's_Suit
2394	1	1	1	1	0	1	1	1	//5vs5 전장 아이템크리거슈트1
2395	1	1	1	1	0	1	1	1	//5vs5 전장 아이템크리거슈트2
2396	1	1	1	1	0	1	1	1	//5vs5 전장 아이템크리거슈트3
2410	1	0	0	1	1	1	1	0	//Sleipnir
2427	1	1	0	1	0	1	1	1	//인도네시아,황금신발
2429	1	1	1	1	0	1	1	1	//러시아이벤트아이템
2430	1	1	1	1	0	1	1	1	//러시아이벤트아이템
2431	1	1	0	1	1	1	1	1	//사크라이복사지급템
2435	1	1	1	1	1	1	1	1	//전장
2436	1	1	1	1	1	1	1	1	//전장
2437	1	1	1	1	1	1	1	1	//전장
2438	1	1	0	1	0	1	1	1	//신년이벤트_고양이의발
2439	1	1	1	1	1	1	1	1	//Refresh_Shoes
2444	1	1	1	1	0	1	1	1	//5vs5 전장 아이템크리거슈즈1
2445	1	1	1	1	0	1	1	1	//5vs5 전장 아이템크리거슈즈2
2446	1	1	1	1	0	1	1	1	//5vs5 전장 아이템크리거슈즈3
2449	1	0	0	0	1	1	1	0	//Variant_Shoes_M
2456	1	1	1	1	0	1	1	1	//낙원단부츠1
2457	1	1	1	1	0	1	1	1	//낙원단부츠2
2458	1	1	1	1	0	1	1	1	//낙원단부츠3
2463	1	1	1	1	0	1	1	1	//야성의부츠
2473	1	1	1	1	0	1	1	1	//낙원단부츠4
2481	1	0	0	0	1	1	1	0	//Rune_Boots
2495	1	0	0	0	1	1	1	0	//Egir_Shoes
2496	1	1	1	1	0	1	1	1	//TE_Woe_Shoes
2497	1	1	1	1	0	1	1	1	//TE_Woe_Boots
2498	1	1	1	1	0	1	1	1	//TE_Woe_Magic_Sandal
2534	1	1	0	1	1	1	1	1	//사크라이복사지급템
2535	1	1	0	1	1	1	1	1	//cashitem
2538	1	1	1	1	1	1	1	1	//전장
2539	1	1	1	1	1	1	1	1	//전장
2540	1	1	1	1	1	1	1	1	//전장
2543	1	1	0	1	1	1	1	1	//캐쉬아이템
2549	1	1	1	1	0	1	1	1	//5vs5 전장 아이템크리거머플러1
2560	1	1	1	1	0	1	1	1	//낙원단망토
2564	1	1	1	1	0	1	1	1	//야성의꼬리
2568	1	1	0	1	0	1	1	1	//Muffler_Of_Roki
2571	1	1	1	1	0	1	1	1	//낙원단망토2
2579	1	0	0	0	1	1	1	0	//Magic_Stole
2629	1	0	0	1	1	1	1	0	//Magingiorde
2630	1	0	0	1	1	1	1	0	//Brysinggamen
2634	1	1	1	1	1	1	1	1	//신랑결혼반지
2635	1	1	1	1	1	1	1	1	//신부결혼반지
2642	1	1	0	1	1	1	1	1	//세린의금반지
2643	1	1	0	1	1	1	1	1	//세린의금반지_
2644	1	1	1	1	1	1	1	1	//더사인 armor
2647	1	1	1	1	1	1	1	1	//나일로즈
2668	1	1	1	1	0	1	1	1	//중국-여성의날
2670	1	1	0	1	1	1	1	1	//대만 - 그리움의반지
2673	1	1	1	1	1	1	1	1	//대만4주년-빛나는반지
2674	1	1	1	1	1	1	1	1	//인도네시아 명예반지
2676	1	1	1	1	1	1	1	1	//인도네시아 이벤트
2681	1	1	1	1	1	1	1	1	//해외아이템-공화국기념반지

2687	1	1	0	1	1	1	1	1	//cashitem

2696	1	1	1	1	1	1	1	1	//Vesper_Core01_C
2697	1	1	1	1	1	1	1	1	//Vesper_Core02_C
2698	1	1	1	1	1	1	1	1	//Vesper_Core03_C
2699	1	1	1	1	1	1	1	1	//Vesper_Core04_C
2702	1	0	0	0	0	0	0	0	//Bison_Horn
2704	1	1	0	1	0	1	1	1	//인도네시아,황금악세
2705	1	1	0	1	0	1	1	1	//인도네시아,황금악세2
2708	1	1	0	1	1	1	1	1	//말,싱,이벤트아이템중국제수공품
2710	1	1	1	1	1	1	1	1	//Bloody_Iron_Ball_C
2711	1	1	1	1	1	1	1	1	//Spiritual_Ring_C
2713	1	1	1	1	1	1	1	1	//대만수행증명서
2720	1	0	0	0	1	1	1	1	//전장아이템, 검사훈장
2721	1	0	0	0	1	1	1	1	//전장아이템, 도둑훈장
2722	1	0	0	0	1	1	1	1	//전장아이템, 복사훈장
2723	1	0	0	0	1	1	1	1	//전장아이템, 마법사훈장
2724	1	0	0	0	1	1	1	1	//전장아이템, 궁수훈장
2725	1	0	0	0	1	1	1	1	//전장아이템, 상인훈장
2730	1	0	0	0	0	1	1	1	//컨티넨탈 가드의 인장, 모로크_인장
2731	1	0	0	0	0	1	1	1	//룬문자 주문석, 모로크_주문석
2732	1	0	0	0	0	1	1	1	//죽음의 고리, 모로크_고리
2733	1	0	0	0	1	1	1	1	//전장
2736	1	0	0	0	1	1	1	0	//'Navel_Ring
2738	1	1	1	1	1	1	1	1	//PC방이벤트아이템,반짝기념주화
2739	1	1	1	1	1	1	1	1	//PC방이벤트아이템,일반기념주화
2740	1	1	1	1	1	1	1	1	//PC방이벤트아이템,녹슨기념주화
2741	1	1	0	1	1	1	1	1	//cashitem
2742	1	1	1	1	1	1	1	1	//임대아이템,행운의클립
2750	1	1	1	1	1	1	1	1	//이벤트아이템,한여름밤의꿈
2751	1	0	0	0	1	1	1	0	//Academy_Badge
2752	1	1	1	1	1	1	1	1	//캐쉬아이템, 프락시너스_C
2753	1	1	1	1	1	1	1	1	//캐쉬아이템, 비홀더링
2754	1	1	1	1	1	1	1	1	//Hallow_Ring
2755	1	1	1	1	1	1	1	1	//Clamorous_Ring
2756	1	1	1	1	1	1	1	1	//Chemical_Ring
2757	1	1	1	1	1	1	1	1	//Insecticide_Ring
2758	1	1	1	1	1	1	1	1	//Fisher_Ring
2759	1	1	1	1	1	1	1	1	//Decussate_Ring
2760	1	1	1	1	1	1	1	1	//Bloody_Ring
2761	1	1	1	1	1	1	1	1	//Satanic_Ring
2762	1	1	1	1	1	1	1	1	//Dragoon_Ring
2765	1	1	1	1	0	1	1	1	//Novice_Figure

2772	1	1	1	1	0	1	1	1	//5vs5 전장 아이템크리거반지1
2773	1	1	1	1	0	1	1	1	//5vs5 전장 아이템크리거반지2
2774	1	1	1	1	0	1	1	1	//5vs5 전장 아이템크리거반지3
2777	1	0	0	0	0	0	0	0	//샤먼링
2778	1	0	0	0	0	0	0	0	//샤먼이어링
2779	1	0	0	0	0	0	0	0	//다크나이트벨트
2780	1	0	0	0	0	0	0	0	//다크나이트글로브
2781	1	0	0	0	0	0	0	0	//아움두라의혜택
2782	1	1	0	1	1	1	1	1	//에피소드13.2-지혜의왕의반지
2794	1	1	1	1	1	1	1	1	//3차전직_마력석반지
2795	1	1	1	1	0	1	1	1	//3차전직_풋사과반지
2796	1	1	1	1	1	1	1	1	//3차전직_마력깃든돌
2797	1	1	1	1	1	1	1	1	//3차전직_마력깃든돌_
2798	1	1	1	1	0	1	1	1	//3차전직_지친전사의의지
2816	1	1	1	1	1	1	1	1	//레이더링01
2817	1	1	1	1	1	1	1	1	//레이더링02
2818	1	1	1	1	1	1	1	1	//레이더링03
2819	1	1	1	1	0	1	1	1	//검사입문서
2820	1	1	1	1	0	1	1	1	//도둑입문서
2821	1	1	1	1	0	1	1	1	//복사입문서
2822	1	1	1	1	0	1	1	1	//궁수입문서
2823	1	1	1	1	0	1	1	1	//상인입문서
2824	1	1	1	1	0	1	1	1	//마술사입문서
2825	1	0	0	0	0	0	0	0	//샤먼이어링B
2826	1	0	0	0	0	0	0	0	//다크나이트벨트B
2827	1	0	0	0	0	0	0	0	//다크나이트글로브B
2829	1	0	0	0	1	0	0	0	//Greed_Clip
2841	1	1	1	1	1	1	1	1	//카라카스의반지
2843	1	1	1	1	0	1	1	1	//황금방울
2844	1	1	0	1	1	1	1	1	//엘디카스테스의빛
2858	1	1	0	1	1	1	1	1	//Pendant_Of_Guardian
2864	0	0	0	0	1	0	0	0	//Light_Of_Cure
2865	0	0	0	0	1	0	0	0	//Seal_Of_Cathedral
2866	0	0	0	0	1	0	0	0	//Ring_Of_Archbishop
2871	1	0	0	0	1	1	1	0	//Brazilian_Emblem
2872	1	1	0	1	1	1	1	1	//G_Honor_Certificate
2875	1	1	0	1	1	1	1	1	//RO감사반지
2885	1	1	1	1	1	1	1	1	//어머니의마음
2897	1	1	0	1	1	1	1	1	//2011RWC목걸이
2906	1	0	0	0	1	1	1	0	//Happy_Gauntlet
2913	1	0	0	0	1	1	1	0	//Thief_Handcuff
2915	1	1	0	1	1	1	1	1	//Ettlang_Keepsake
2940	1	1	1	1	0	1	1	1	//Ninja_Manual
2941	1	1	1	1	0	1	1	1	//Gunslinger_Manual
2942	1	1	1	1	0	1	1	1	//Taekwon_Manual
2944	1	1	1	1	0	1	1	1	//TE_Ring_Of_Protection
2945	1	1	1	1	0	1	1	1	//TE_Ring_Of_Rage
2946	1	1	1	1	0	1	1	1	//TE_Ring_Of_Defiance
2950	1	1	1	1	1	1	1	1	//Rune_Ring
4480	1	0	0	0	1	1	1	0	//Sealed_Kiel_Card
4481	1	0	0	0	1	1	1	0	//Sealed_Ktullanux_Card
4482	1	0	0	0	1	1	1	0	//Sealed_Boss_Ygnizem_Card
4483	1	0	0	0	1	1	1	0	//Sealed_Dracula_Card
4484	1	0	0	0	1	1	1	0	//Sealed_Mistress_Card
4485	1	0	0	0	1	1	1	0	//Sealed_Gloom_Card
4486	0	0	0	0	0	1	1	0	//Sealed_Berzebub_Card
4487	1	0	0	0	1	1	1	0	//Sealed_Ifrit_Card
4488	1	0	0	0	1	1	1	0	//Sealed_Dark_Lord_Card
4489	1	0	0	0	1	1	1	0	//Sealed_Pharaoh_Card
4490	1	0	0	0	1	1	1	0	//Sealed_Moonlight_Flower_Card
4491	1	0	0	0	1	1	1	0	//Sealed_Sniper_Card
4492	0	0	0	0	0	1	1	0	//Sealed_Orc_Hero_Card
4493	1	0	0	0	1	1	1	0	//Sealed_Tao_Gunka_Card
4494	1	0	0	0	1	1	1	0	//Sealed_Turtle_General_Card
4495	1	0	0	0	1	1	1	0	//Sealed_Amon_Ra_Card
4496	1	0	0	0	1	1	1	0	//Sealed_Drake_Card
4497	1	0	0	0	1	1	1	0	//Sealed_Knight_of_Windstorm_Card
4498	1	0	0	0	1	1	1	0	//Sealed_Lady_Tanee_Car
4499	1	0	0	0	1	1	1	0	//Sealed_Samurai_Card
4500	1	0	0	0	1	1	1	0	//Sealed_Orc_Lord_Card
4501	1	0	0	0	1	1	1	0	//Sealed_High_Priest_Card
4502	1	0	0	0	1	1	1	0	//Sealed_MasterSmith_Card
4503	1	0	0	0	1	1	1	0	//Sealed_Vesper_Card
4504	1	0	0	0	1	1	1	0	//Sealed_Eddga_Card
4536	1	0	0	0	1	1	1	0	//Sealed_Atroce_Card
4540	1	1	0	1	1	1	1	1	//SLD_Lord_Of_Death_Card
4541	1	0	0	0	0	1	1	0	//SLD_B_Katrinn_Card
5097	0	0	0	0	1	1	1	0	//Cone_Hat_
5117	1	0	0	0	1	0	0	0	//Mistic_Rose
5129	1	1	0	1	1	1	1	1	//Bird_Nest
5132	1	0	0	0	0	1	1	1	//Angeling_Hat
5147	1	1	1	1	1	1	1	1	//미국이벤트
5148	0	0	0	0	1	1	0	0	//캐쉬아이템,코팅웨폰주문서
5149	1	1	0	1	0	1	1	1	//실버 티아라
5150	1	0	0	0	0	1	1	1	//캐쉬아이템,코팅쉴드주문서
5152	1	0	0	0	1	1	1	0	//캐쉬아이템 Chinese_Crown
5154	1	1	0	1	1	1	1	1	//인도 - 선글래스_F
5155	1	1	0	1	1	1	1	1	//인도 - 흰수염_F
5156	1	1	0	1	1	1	1	1	//인도 - 마스크_F
5184	0	0	0	0	1	1	0	0	//캐쉬아이템,코팅아머주문서
5189	0	0	0	0	1	1	1	0	//캐쉬아이템,마니피캇5주문서
5201	1	1	1	1	0	1	1	1	//브라질 2주년
5228	1	0	0	0	1	1	1	0	//캐쉬아이템
5229	1	0	0	0	1	1	1	0	//캐쉬아이템
5230	1	0	0	0	0	1	1	1	//White_Drooping_Kitty
5231	1	0	0	0	0	1	1	1	//Gray_Drooping_Kitty
5233	1	0	0	0	0	1	1	1	//Blue_Drooping_Kitty
5237	1	0	0	0	1	1	1	0	//캐쉬아이템 Pink_Fur_Hat
5238	1	0	0	0	1	1	1	0	//Red_Wizardry_Hat
5239	1	0	0	0	1	1	1	0	//White_Wizardry_Hat 
5240	1	0	0	0	0	1	1	1	//Gray_Wizardry_Hat
5241	1	0	0	0	0	1	1	1	//Blue_Wizardry_Hat
5242	1	0	0	0	0	1	1	1	//Yellow_Wizardry_Hat
5243	0	0	0	0	1	1	1	0	//캐쉬아이템,왕만두
5261	1	1	0	1	0	1	1	1	//실버 티아라_
5262	1	1	0	1	0	1	1	1	//유럽이벤트 - 골드티아라
5265	1	1	0	1	1	1	1	1	//cashitem
5266	1	1	0	1	1	1	1	1	//cashitem
5267	1	1	0	1	1	1	1	1	//cashitem
5268	1	1	1	1	1	1	1	1	//Lord_Circlet_C
5269	1	1	1	1	1	1	1	1	//비상하는천사거래불가버전
5271	1	0	0	0	1	1	1	0	//Chinese_Crown_
5274	1	0	0	0	1	1	1	0	//Shiny_Wig
5275	1	0	0	0	1	1	1	0	//Marvelous_Wig
5276	1	0	0	0	0	1	1	1	//Fantastic_Wig

5279	1	1	0	1	1	1	1	1	//cashitem

5295	1	1	0	1	0	1	1	1	//인도네시아,황금모자
5316	1	0	0	0	1	1	1	0	//cashitem_Umbrella_Hat
5318	1	1	0	1	0	1	1	1	//6주년기념모자,포링파티모자
5320	1	1	0	1	1	1	1	1	//인도네시아,챔피언월계관
5322	1	1	0	1	1	1	1	1	//러시아스카프
5323	1	1	0	1	1	1	1	1	//사크라이복사지급템
5326	1	1	0	1	1	1	1	1	//cashitem
5327	1	1	1	1	1	1	1	1	//Orc_Hero_Helm_C
5328	1	1	0	1	1	1	1	1	//cashitem
5329	1	1	0	1	1	1	1	1	//cashitem
5331	1	1	1	1	1	1	1	1	//Corsair_C
5335	1	0	0	0	1	0	0	0	//Jumping_Poring

5337	1	0	0	0	1	1	1	0	//Party_Recruiter_Hat
5338	1	0	0	0	1	1	1	0	//Bf_Recruiter_Hat
5339	1	0	0	0	1	1	1	0	//Friend_Recruiter_Hat
5340	1	0	0	0	1	1	1	0	//캐쉬아이템
5341	1	0	0	0	1	1	1	0	//캐쉬아이템
5342	1	0	0	0	1	1	1	0	//캐쉬아이템
5343	1	0	0	0	1	1	1	0	//캐쉬아이템
5344	1	0	0	0	1	1	1	0	//캐쉬아이템
5345	1	0	0	0	1	1	1	0	//캐쉬아이템
5346	1	0	0	0	1	1	1	0	//Gf_Recruiter_Hat
5365	1	0	0	0	0	1	1	1	//Fried_Egg
5367	1	0	0	0	0	1	1	1	//cashitem_Hyegun_Hat
5368	1	1	0	1	1	1	1	1	//인도네시아_빛의날개
5369	1	1	0	1	1	1	1	1	//인도네시아_어둠의날개
5384	1	0	0	0	1	1	1	0	//Santa_Hat_1
5391	1	1	1	1	1	1	1	1	//Toast_C
5394	1	1	1	1	1	1	1	1	//임대아이템,풍선껌_하단
5406	1	0	0	0	1	1	1	0	//Academy_Freshman_Hat
5407	1	0	0	0	0	1	1	1	//Academy_Graduating_Cap
5412	1	0	0	0	0	1	1	0	//Sweet_Candy
5426	1	0	0	0	1	1	1	0	//Karada_Meguri_Tea_Hat 
5427	1	0	0	0	1	1	1	0	//Royal_Milk_Tea_Hat 
5428	1	1	0	1	1	1	1	1	//RWC기념모자,빵봉투1
5430	1	0	0	0	0	0	0	0	//중국성화관
5450	1	1	0	1	1	1	1	1	//대만,태양모자
5451	1	1	0	1	1	1	1	1	//대만, 용투구_금
5452	1	1	0	1	1	1	1	1	//대만, 용투구_은
5453	1	1	0	1	1	1	1	1	//대만, 용투구_동
5460	1	1	1	1	0	1	1	1	//대만,진화된용의해골
5461	1	1	1	1	0	1	1	1	//대만,진화된위스퍼마스크

5479	1	0	0	0	0	0	0	0	//샤먼의머리장식
5480	1	0	0	0	0	0	0	0	//비조프닐날개장식
5481	1	0	0	0	0	0	0	0	//헤르모즈캡
5482	1	0	0	0	0	0	0	0	//다크나이트마스크
5483	1	0	0	0	0	0	0	0	//오딘마스크
5489	1	0	0	0	1	1	1	0	//태국 러브대디
5498	1	0	0	0	1	1	1	1	//Wondering_Wolf_Helm

5521	1	1	1	1	1	1	1	1	//분노입_C
5536	1	1	1	1	1	1	1	1	//스페어카드
5551	1	1	1	1	0	1	1	1	//성스러운달걀모자
5557	1	0	0	0	0	1	1	1	//Wild_Rose_Hat
5577	1	0	0	0	0	0	0	0	//다크나이트마스크B
5583	1	1	1	1	0	1	1	1	//낙원단모자
5584	1	0	0	0	1	1	1	0	//Majestic_Evil_Horn
5587	1	1	1	1	0	1	1	1	//모기향_1회용
5592	1	0	0	0	1	1	1	0	//Sigrun's_Wing
5595	1	0	0	0	1	0	0	0	//Eye_Of_Juno
5596	1	1	1	1	1	1	1	1	//입에문네잎클로버
5597	1	1	1	1	1	1	1	1	//입에문풍선껌
5600	1	0	0	0	1	1	1	0	//'Br_Twin_Ribbon
5601	1	0	0	0	1	1	1	0	//'Br_Beret
5603	1	1	0	1	1	1	1	1	//RTC우승자전용
5604	1	1	0	1	1	1	1	1	//RTC준우승자전용
5605	1	1	0	1	1	1	1	1	//RTC3등전용
5653	1	0	0	0	1	1	1	0	//Darkness_Helm_J
5655	1	0	0	0	1	0	0	0	//Dark_Snake_Lord_Hat_J
5666	1	0	0	0	1	1	1	0	//Golden_Crown
5668	1	1	1	1	0	1	1	1	//Weird_Pumpkin_Hat
5681	1	1	0	1	1	1	1	1	//F_Ribbon_Green
5688	1	0	0	0	1	0	0	0	//2009Love_Daddy
5694	1	0	0	0	1	1	1	0	//No_Fear_P_Headgear 
5738	1	0	0	0	1	0	0	0	//Snowman_Hat
5746	1	1	0	1	0	1	1	1	//룬서클릿
5747	1	1	0	1	0	1	1	1	//미트라
5748	1	1	0	1	0	1	1	1	//스나이퍼고글
5749	1	1	0	1	0	1	1	1	//드라이버밴드
5750	1	1	0	1	0	1	1	1	//그림자공작
5751	1	1	0	1	0	1	1	1	//민스트럴송의모자
5752	1	1	0	1	0	1	1	1	//마이더스의속삭임
5753	1	1	0	1	0	1	1	1	//마력의돌모자
5754	1	1	0	1	0	1	1	1	//불타는혼
5755	1	1	0	1	0	1	1	1	//침묵의집행자
5756	1	1	0	1	0	1	1	1	//바람의속삭임
5757	1	1	0	1	0	1	1	1	//복각슈미츠의투구
5758	1	1	0	1	0	1	1	1	//빈사의백조
5760	1	1	0	1	0	1	1	1	//드라이버밴드_
5768	1	0	0	0	1	1	1	0	
5778	1	0	0	0	0	1	1	1	//Blue_Arara_Hat
5796	1	1	1	1	1	1	1	1	//응원스카프
5797	1	1	1	1	1	1	1	1	//응원스카프2
5798	1	1	1	1	1	1	1	1	//응원스카프3
5799	1	1	1	1	1	1	1	1	//응원스카프4
5805	1	1	0	1	1	1	1	1	//말,싱,이벤트아이템승리자의머리장식품
5806	1	1	0	1	1	1	1	1	//베트남,나탈리아모자
5812	1	1	1	1	1	1	1	1	//1/4 분기 태국 '세계물의날 이벤트'
5817	1	1	1	1	1	1	1	1	//전세계 발렌타인데이 이벤트
5820	1	1	0	1	0	1	1	1	//2009 아요타야페스티벌
5821	1	1	0	1	0	1	1	1	//2009중국어머니날
5822	1	1	1	1	0	1	1	1	//2009대만발렌타인
5823	1	1	0	1	0	1	1	1	//2009대만발렌타인
5841	1	0	0	0	1	1	1	0	//Shaman_Hat_
5848	1	1	1	1	0	1	1	1	//?? ??
5849	1	1	1	1	0	1	1	1	//?? ???
5852	1	0	0	0	1	1	1	0	//Easter_Egg_Shell
5856	1	0	0	0	0	0	1	1	//Passion_FB_Hat
5857	1	0	0	0	0	0	1	1	//Cool_FB_Hat
5858	1	1	0	1	0	0	1	1	//Victory_FB_Hat
5859	1	0	0	0	0	0	1	1	//Glory_FB_Hat
5897	1	1	0	1	0	1	1	1	//Ascendant_Crown_
5898	1	1	0	1	0	1	1	1	//Autumn_Headband
5899	1	1	0	1	0	1	1	1	//Black_Ribbon_
5900	1	1	0	1	0	1	1	1	//Divine_Guard_Hat_
5901	1	1	0	1	0	1	1	1	//Focus_Beret_
5902	1	1	0	1	0	1	1	1	//Harvester_Hat_
5903	1	1	0	1	0	1	1	1	//Hitaikakushi_
5904	1	1	0	1	0	1	1	1	//Inconspicuous_Hat_
5905	1	1	0	1	0	1	1	1	//Lyrica_Hat_
5906	1	1	0	1	0	1	1	1	//Oni_Horns_
5907	1	1	0	1	0	1	1	1	//Sea_Captain_Hat_
5916	1	0	0	0	0	1	1	1	//Exosrcist_Glass  
5933	1	0	0	0	1	1	1	0	//Crow_Tengu_Mask
5935	1	0	0	0	1	1	1	0	//Der_Meisterpinsel
5939	1	0	0	0	1	1	1	0	//Love_Dad_2014
6000	1	1	1	1	1	1	1	1	//엔들레스타워,어둠의재
6005	1	1	0	1	0	1	1	1	//새해떡
6006	1	1	1	1	0	1	1	1	//배달용떡상자
6007	1	1	1	1	0	1	1	1	//새해떡국
6009	1	1	1	1	0	1	1	1	//봄맞이이벤트아이템
6017	1	1	0	1	0	1	1	1	//Blue_Card_T
6018	1	1	0	1	0	1	1	1	//Blue_Card_V
6024	1	0	0	1	1	1	1	0	//17캐럿다이아

6051	1	1	1	1	0	1	1	1	//브라디움원석,ppl아이템
6052	1	1	1	1	1	1	1	1	//대만비녀
6060	1	1	1	1	0	1	1	1	//대만,달관람티켓
6070	1	1	0	1	1	1	1	1	//샤먼의고문서
6071	1	1	0	1	1	1	1	1	//부러진검
6072	1	1	0	1	1	1	1	1	//비조프닐의날개
6074	1	1	1	1	0	1	1	1	//에피소드13.2-바젯의명령서
6076	1	1	1	1	1	1	1	1	//에피소드13.2-휴대용도구상자
6077	1	1	1	1	1	1	1	1	//에피소드13.2-정제되지않은광석
6078	1	1	1	1	1	1	1	1	//에피소드13.2-돌부스러기
6079	1	1	1	1	1	1	1	1	//에피소드13.2-알프헤임의꽃

6081	1	1	1	1	1	1	1	1	//에피소드13.2-스플랑디드주화
6082	1	1	1	1	1	1	1	1	//에피소드13.2-알프헤임의영혼
6084	1	1	1	1	1	1	1	1	//에피소드13.2-브라디움파편
6085	1	1	1	1	1	1	1	1	//에피소드13.2-낡은머플러
6093	1	1	1	1	0	1	1	1	//13.2퀘스트아이템_드라코의알
6101	1	1	1	1	0	1	1	1	//에피소드13.2PPL, 출석표
6102	1	1	1	1	1	1	1	1	//에피소드13.2PPL, 스플랑디드보고서
6103	1	1	1	1	1	1	1	1	//에피소드13.2PPL, 마누크보고서
6121	1	1	1	1	1	1	1	1	//3차직업군아이템 분장용붓
6122	1	1	1	1	1	1	1	1	//3차직업군아이템 페인트붓
6124	1	1	1	1	1	1	1	1	//3차직업군아이템 늑대피리
6125	1	1	1	1	1	1	1	1	//미국_행운의상자
6126	1	1	1	1	1	1	1	1	//미국_행복의상자
6127	1	1	1	1	1	1	1	1	//필리핀_엔들레스타워입장돌
6131	1	1	0	1	1	1	1	1	//티켓_고블린리더
6148	1	1	1	1	0	1	1	1	//2009한국발렌타인_영원의초콜렛
6149	1	1	1	1	0	1	1	1	//2009한국발렌타인_소박한초콜렛
6150	1	1	1	1	1	1	1	1	//3차전직_저택의열쇠
6151	1	1	1	1	0	1	1	1	//3차전직_거대한브라디움조각
6152	1	1	1	1	0	1	1	1	//3차전직_빛나는수정
6153	1	1	1	1	1	1	1	1	//3차전직_특별한교환티켓
6154	1	1	1	1	0	1	1	1	//3차전직_조각난뿔피리
6155	1	0	0	0	1	1	1	0	//Quest Reset
6156	1	1	1	1	0	1	1	1	//3차전직_결제보고서
6184	1	1	0	1	1	1	1	1	//지르타스교환티켓
6206	1	1	1	1	0	1	1	1	//사랑합니다
6207	1	1	1	1	0	1	1	1	//감사합니다
6208	1	1	1	1	0	1	1	1	//존경합니다
6218	1	1	1	1	1	1	1	1	//다이신배달상자
6219	1	1	1	1	1	1	1	1	//낙원단의증표
6221	1	1	1	1	0	1	1	1	//Mystic_Leaf_Cat_Ball
6222	1	1	1	1	1	1	1	1	//Shining_Beads
6225	1	1	0	1	1	1	1	1	//HD_Carnium
6226	1	1	0	1	1	1	1	1	//HD_Bradium
6236	1	1	1	1	0	1	1	1	//파란카드_7
6237	1	1	1	1	1	1	1	1	//과라나열매
6266	1	1	1	1	1	1	1	1	//기만의열쇠
6267	1	1	1	1	1	1	1	1	//허상의열쇠
6268	1	0	0	0	1	1	1	1	//환락의열쇠
6269	1	1	1	1	1	1	1	1	//명장의붓
6270	1	1	1	1	0	1	1	1	//민스_사진
6271	1	1	1	1	0	1	1	1	//민스_영수증
6272	1	1	1	1	1	1	1	1	//실험용씨앗

6274	1	1	1	1	1	1	1	1	//성자의옷조각
6275	1	1	1	1	1	1	1	1	//왕의방패
6276	1	1	1	1	1	1	1	1	//투명시약
6277	1	1	1	1	1	1	1	1	//붉은시약
6278	1	1	1	1	1	1	1	1	//검은시약
6296	1	1	1	1	0	1	1	1	//예비군통지서
6298	1	1	1	1	0	1	1	1	//Crushed_Pumpkin_Head
6299	1	1	1	1	0	1	1	1	//Worn_Cloth_Piece
6304	1	1	0	1	1	1	1	1	//사파공훈증
6305	1	1	1	1	1	1	1	1	//얼어붙은피부조각
6306	1	1	1	1	1	1	1	1	//단단하게굳은혈흔
6307	1	1	1	1	1	1	1	1	//수상한마력의돌
6308	1	1	0	1	1	1	1	1	//미확인유물
6320	1	1	0	1	1	1	1	1	//Premium_Reset_Stone
6340	1	1	0	1	0	1	1	1	//Fade_Notation_Green
6341	1	1	1	1	1	1	1	1	//Fade_Notation_Red
6342	1	1	1	1	1	1	1	1	//Fade_Notation_Purple
6343	1	1	1	1	1	1	1	1	//Fade_Notation_Blue
6345	1	1	1	1	0	1	1	1	//사랑뭉치
6347	1	1	1	1	0	1	1	1	//덕담종이1
6348	1	1	1	1	0	1	1	1	//덕담종이2
6349	1	1	1	1	0	1	1	1	//덕담종이3
6350	1	1	1	1	0	1	1	1	//덕담종이4
6351	1	1	1	1	0	1	1	1	//덕담종이5
6352	1	1	1	1	0	1	1	1	//덕담종이6
6353	1	1	1	1	0	1	1	1	//덕담종이7
6354	1	1	1	1	0	1	1	1	//덕담종이8
6355	1	1	1	1	0	1	1	1	//덕담종이9
6356	1	1	1	1	0	1	1	1	//덕담종이10
6357	1	1	1	1	0	1	1	1	//실패한포춘쿠키
6358	1	1	1	1	1	1	1	1	//무료캐시이용권
6359	1	0	0	0	1	1	1	0	//Poring Exchange
6377	1	1	0	1	0	1	1	1	//구매노점허가증

6383	1	1	1	1	0	1	1	1	//Clue_Of_Lope
6384	1	1	1	1	0	1	1	1	//Ring_Of_Lope
6385	1	1	1	1	1	1	1	1	//Research_Tool_Bag
6386	1	1	1	1	0	1	1	1	//Bathtub_R_Sample
6387	1	1	1	1	0	1	1	1	//Teeth_Sample
6388	1	1	1	1	0	1	1	1	//Scale_Sample
6389	1	1	1	1	0	1	1	1	//Puddle_R_Sample
6390	1	1	1	1	0	1	1	1	//Small_Pocket
6391	1	1	1	1	0	1	1	1	//Splendid_Supply_Kit
6392	1	1	1	1	0	1	1	1	//Bradium_Box
6396	1	0	0	0	1	1	1	1	//Auger_Of_Spirit
6397	1	1	1	1	1	1	1	1	//홍보팀의티켓
6398	1	1	1	1	1	1	1	1	//개발팀의티켓
6399	1	1	1	1	1	1	1	1	//마케팅팀의티켓
6400	1	1	1	1	1	1	1	1	//운영팀의티켓
6401	1	1	1	1	1	1	1	1	//야자나무기름
6402	1	1	1	1	0	1	1	1	//기름야자열매2
6411	1	1	1	1	0	1	1	1	//잘익은수박
6412	1	1	1	1	1	1	1	1	//특별한메달
6415	1	1	1	1	1	1	1	1	//이상한엠브리오
6416	1	1	1	1	0	1	1	1	//배자펫교환쿠폰
6417	1	1	0	1	1	1	1	1	//개다래열매
6418	1	1	1	1	0	1	1	1	//A급코인
6419	1	1	1	1	0	1	1	1	//B급코인
6420	1	1	1	1	0	1	1	1	//C급코인
6421	1	1	1	1	0	1	1	1	//D급코인
6422	1	1	1	1	0	1	1	1	//E급코인
6424	1	1	1	1	0	1	1	1	//할로윈_영혼의조각
6425	1	1	1	1	0	1	1	1	//할로윈_영혼의증표
6426	1	1	1	1	0	1	1	1	//불량통조림
6427	1	1	1	1	1	1	1	1	//불량통조림자루
6428	1	1	1	1	1	1	1	1	//모험카드A
6429	1	1	1	1	1	1	1	1	//모험카드B
6430	1	1	1	1	0	1	1	1	//그림조각
6431	1	1	1	1	0	1	1	1	//양동이
6432	1	1	1	1	0	1	1	1	//가득찬양동이
6433	1	1	1	1	0	1	1	1	//청소용솔
6434	1	1	1	1	0	1	1	1	//수리용키트
6435	1	1	1	1	0	1	1	1	//신선한열매
6436	1	1	1	1	1	1	1	1	//바다신의가호
6438	1	1	0	1	1	1	1	1	//Unbreak_Weap
6439	1	1	0	1	1	1	1	1	//Unbreak_Def
6440	1	1	0	1	1	1	1	1	//일반윤활제
6441	1	1	0	1	1	1	1	1	//고급윤활제
6442	1	1	1	1	1	1	1	1	//문어사냥꼬챙이
6443	1	1	0	1	1	1	1	1	//실릿퐁
6444	1	1	0	1	1	1	1	1	//엠펠리움G
6446	1	1	1	1	1	1	1	1	//초록색종이
6447	1	1	1	1	1	1	1	1	//빨간색종이
6448	1	1	1	1	1	1	1	1	//하얀색종이
6449	1	1	1	1	1	1	1	1	//보통일기
6450	1	1	1	1	1	1	1	1	//착한일기
6451	1	1	1	1	0	1	1	1	//미확인어류
6452	1	1	1	1	1	1	1	1	//에토일의반지
6464	1	1	1	1	0	1	1	1	//증오뭉치


6467	1	1	0	1	1	1	1	1	//Perfume
6468	1	1	0	1	1	1	1	1	//Thai_Perfume_

6481	1	1	1	1	1	1	1	1	//Holy_Rock_Piece
6482	1	1	0	1	1	1	1	1	//Ancient_City_Key
6483	1	1	0	1	1	1	1	1	//Dream_Scroll
6484	1	0	0	0	1	1	1	0	//인챈트소개장
6488	1	1	0	1	0	1	1	1	//투자감사티켓
6489	1	1	0	1	0	1	1	1	//고양이상단투자증서
6500	1	1	1	1	0	1	1	1	//뾰족한대나무
6501	1	1	1	1	0	1	1	1	//소금주머니
6502	1	1	1	1	0	1	1	1	//은십자가
6503	1	1	0	1	0	1	1	1	//수호물
6504	1	1	1	1	0	1	1	1	//무쇠로만든솥
6505	1	1	1	1	0	1	1	1	//정제한영혼의뼈다귀
6506	1	1	1	1	0	1	1	1	//공양용꽃다발
6507	1	1	1	1	0	1	1	1	//악령의뼈
6519	1	1	0	1	0	1	1	1	//채집된표본
6520	1	1	0	1	0	1	1	1	//잃어버린소지품
6536	0	0	0	0	0	0	0	0	//별모양장식
6543	1	1	1	1	0	1	1	1	//110레벨돌파코인
6544	1	1	1	1	0	1	1	1	//120레벨돌파코인
6549	1	1	1	1	0	1	1	1	//친절이용권
6556	1	1	1	1	0	1	1	1	//캡슐커피머신교환권
6566	1	1	1	1	0	1	1	1	//Cacao99_Recipe
6567	1	1	1	1	0	1	1	1	//Choco_Drink_Recipe
6593	1	1	1	1	0	1	1	1	//Cryptura_Hair_Coupon
6606	1	0	0	0	1	1	1	0	//P_Cart_C
6681	1	1	0	1	0	0	0	1	//XMAS_Cookie
6682	1	1	1	1	0	1	1	1	//Bag_Of_Selling_Goods
6712	1	0	0	0	0	1	1	0	//Lovely_Stick
6821	1	1	0	0	0	1	1	1	//Solo_Troops_Badge

6842	1	1	1	1	0	1	1	1	//Big_Jewel
6843	1	1	1	1	0	1	1	1	//Grass_Ring
6844	1	1	1	1	0	1	1	1	//Soft_Stone
6845	1	1	1	1	0	1	1	1	//Aged_Poo
6913	1	1	1	1	1	1	1	1	//Sacred_Rosary
6914	1	1	1	1	0	1	1	1	//Black_Soul

6956	1	1	1	1	0	1	1	1	//Captured_Sheep
6957	1	1	1	1	0	1	1	1	//Soft_Wool
7025	1	1	0	1	1	1	1	1	//마왕의 눈물
7140	1	0	0	0	0	0	0	0	//생명의씨앗
7147	1	1	1	1	1	1	1	1	//Jasmin
7148	1	1	1	1	0	1	1	1	//Mother_Letter
7170	1	0	0	0	0	0	0	0	//턱시도
7177	1	1	1	1	1	1	1	1	//별의 흐느낌조각
7178	1	1	1	1	1	1	1	1	//별의 흐느낌
7199	1	1	1	1	1	1	1	1	//Coupon
7227	1	0	0	0	1	1	1	0	//TCG_Card
7275	1	1	1	1	1	1	1	1	//더사인 - 고대언어문서
7276	1	1	1	1	1	1	1	1	//더사인 - 그림편지
7302	1	1	1	1	0	1	1	1	//KRATHONG
7304	1	1	1	1	1	1	1	1	//마녀의주문서
7305	1	1	1	1	1	1	1	1	//아홉세계의권위
7306	1	1	1	1	1	1	1	1	//영혼의조각
7307	1	1	1	1	1	1	1	1	//영혼의속삭임
7308	1	1	1	1	1	1	1	1	//마녀의물약
7309	1	1	1	1	1	1	1	1	//까마귀의날개
7314	1	1	1	1	1	1	1	1	//더사인 event
7331	1	1	0	1	0	1	1	1	//Flower_Of_Heaven
7332	1	1	1	1	1	1	1	1	//석판
7333	1	1	1	1	1	1	1	1	//석판조각_1
7334	1	1	1	1	1	1	1	1	//석판조각_2
7335	1	1	1	1	1	1	1	1	//석판조각_3
7336	1	1	1	1	1	1	1	1	//석판조각_4
7339	1	1	1	1	1	1	1	1	//대만교통카드_
7341	1	1	1	1	1	1	1	1	//리히타르젠-낡은펜던트
7342	1	1	1	1	1	1	1	1	//리히타르젠-서류철01
7343	1	1	1	1	1	1	1	1	//리히타르젠-서류철02
7344	1	1	1	1	1	1	1	1	//리히타르젠-서류철03
7346	1	1	1	1	1	1	1	1	//리히타르젠-이미르심장더미
7349	1	1	1	1	1	1	1	1	//리히타르젠-조직원의증표02
7351	1	1	1	1	1	1	1	1	//리히타르젠-친구의일기장

7405	1	1	1	1	0	1	1	1	//Crushed_Can
7416	1	1	0	1	1	1	1	1	//추천장
7417	1	1	0	1	1	1	1	1	//임무의뢰서A
7418	1	1	0	1	1	1	1	1	//임무의뢰서B
7420	1	1	1	1	0	1	1	1	//PVP해골바가지
7421	1	1	1	1	0	1	1	1	//타나토스 열쇠_빨강
7422	1	1	1	1	0	1	1	1	//타나토스 열쇠_노랑
7423	1	1	1	1	0	1	1	1	//타나토스 열쇠_파랑
7424	1	1	1	1	0	1	1	1	//타나토스 열쇠_초록
7425	1	1	1	1	0	1	1	1	//타나토스 열쇠_검정
7426	1	1	1	1	0	1	1	1	//타나토스 마력석_빨강
7427	1	1	1	1	0	1	1	1	//타나토스 마력석_노랑
7428	1	1	1	1	0	1	1	1	//타나토스 마력석_파랑
7429	1	1	0	1	0	1	1	1	//타나토스 마력석_초록
7430	1	1	1	1	0	1	1	1	//타나토스 마력석_검정
7431	1	1	1	1	0	1	1	1	//퀘스트 여러권의책
7432	1	1	1	1	1	1	1	1	//퀘스트 주머니
7461	0	1	0	1	1	1	1	1 	//BlueCard_A
7462	0	1	0	1	1	1	1	1 	//BlueCard_E
7463	1	1	0	1	0	1	1	1	//BlueCard_F
7465	1	1	0	1	0	1	1	1	//BlueCard_L
7466	1	1	0	1	0	1	1	1	//BlueCard_N
7470	1	1	0	1	0	1	1	1	//BlueCard_W
7484	1	1	1	1	1	1	1	1	//중국-용사의상징
7485	1	1	1	1	1	1	1	1	//중국-2층통행증
7486	1	1	1	1	1	1	1	1	//중국-3층통행증
7487	1	1	1	1	1	1	1	1	//킬하이르퀘-주점의술
7488	1	1	1	1	1	1	1	1	//킬하이르퀘-배달상자
7489	1	1	1	1	1	1	1	1	//킬하이르퀘-별장보조열쇠
7490	1	1	1	1	1	1	1	1	//킬하이르퀘-킬하이르의편지
7491	1	1	1	1	1	1	1	1	//킬하이르퀘-철상자
7492	1	1	1	1	1	1	1	1	//킬하이르퀘-노란색키카드
7493	1	1	1	1	1	1	1	1	//킬하이르퀘-황금열쇠
7494	1	1	1	1	1	1	1	1	//킬하이르퀘-키엘단추
7495	1	1	1	1	1	1	1	1	//킬하이르퀘-푸른색키카드
7496	1	1	1	1	1	1	1	1	//킬하이르퀘-붉은색키카드
7497	1	1	1	1	1	1	1	1	//킬하이르퀘-금속파편
7498	1	1	1	1	1	1	1	1	//킬하이르퀘-로시미에르열쇠
7499	1	1	1	1	1	1	1	1	//킬하이르퀘-가족의초상화
7500	1	1	1	1	1	1	1	1	//킬하이르퀘-엘리시아초상화
7501	1	1	1	1	1	1	1	1	//킬하이르퀘-킬하이르의편지2
7502	1	1	1	1	1	1	1	1	//킬하이르퀘-제임스메모조각
7503	1	1	1	1	1	1	1	1	//킬하이르퀘-남자의초상화
7504	1	1	1	1	1	1	1	1	//킬하이르퀘-동력장치
7505	1	1	1	1	1	1	1	1	//킬하이르퀘-장난감열쇠
7506	1	1	1	1	0	1	1	1	//킬하이르퀘-검은색키카드
7508	1	1	1	1	1	1	1	1	//킬하이르퀘-엘리시아반지
7509	1	1	0	1	0	1	1	1	//킬하이르퀘-화려한키카드
7516	1	1	1	1	0	1	1	1	//킬하이르퀘-초록색키카드
7518	1	1	1	1	0	1	1	1	//중국-여성의날
7525	1	1	1	1	0	1	1	1	//브라질 여름축제
7527	0	1	1	1	1	1	1	1	//인도네시아 이벤트
7528	1	1	1	1	1	1	1	1	//Id_Lottery_Ticket
7530	1	1	1	1	1	1	1	1	//미국이벤트
7531	1	1	1	1	1	1	1	1	//미국이벤트
7532	1	1	1	1	1	1	1	1	//미국이벤트
7533	1	1	1	1	1	1	1	1	//미국이벤트
7534	1	1	1	1	1	1	1	1	//미국이벤트
7535	1	1	1	1	1	1	1	1	//미국이벤트
7536	1	1	1	1	1	1	1	1	//미국이벤트
7537	1	1	1	1	1	1	1	1	//미국이벤트
7538	1	1	1	1	0	1	1	1	//작업용모래
7539	1	1	1	1	1	1	1	1	//포링코인
7547	1	1	1	1	0	1	1	1	//브라질이벤트 - 축구공
7548	1	1	1	1	0	1	1	1	//브라질이벤트 - 축구화
7549	1	1	1	1	0	1	1	1	//브라질이벤트 - 브라질국기
7550	1	1	1	1	0	1	1	1	//브라질이벤트 - 관람표01
7551	1	1	1	1	0	1	1	1	//브라질이벤트 - 관람표02
7552	1	1	1	1	0	1	1	1	//브라질이벤트 - 관람표03
7553	1	1	1	1	0	1	1	1	//대만 - 연꽃
7554	1	1	1	1	0	1	1	1	//대만 - 줄무늬초

7556	1	1	0	1	1	1	1	1	//대만 - 그리운마음
7557	1	1	0	1	1	1	1	1	//대만 - 초대편지
7558	1	1	1	1	1	1	1	1	//대만 - 초대티켓
7559	1	1	0	1	1	1	1	1	//대만 - 화원열쇠
7569	1	1	0	1	1	1	1	1	//아루나 -바람의해머
7572	1	1	0	1	1	1	1	1	//아루나 - 마법목걸이
7573	1	1	0	1	1	1	1	1	//아루나 -마법목걸이_
7577	1	1	1	1	0	1	1	1	//인도네시아 이벤트
7579	1	1	1	1	0	1	1	1	//중국이벤트
7580	1	1	1	1	0	1	1	1	//말레샤 - 검은구슬
7583	0	0	0	0	1	1	1	1	//대만4주년-사악한마음
7584	1	1	1	1	0	1	1	1	//대만4주년-경비자의증명1
7585	1	1	1	1	0	1	1	1	//대만4주년-경비자의증명2
7586	1	1	1	1	0	1	1	1	//대만4주년-경비자의증명3
7587	1	1	1	1	0	1	1	1	//대만4주년-경비자의증명4
7588	1	1	1	1	0	1	1	1	//베트남 IPOD 이벤트
7598	1	1	1	1	0	1	1	1	//BlueCard_I
7599	0	1	0	1	1	1	1	1 	//BlueCard_D
7600	0	1	0	1	1	1	1	1 	//BlueCard_K
7601	1	1	1	1	0	1	1	1	//BlueCard_S
7603	1	1	1	1	0	1	1	1	//브라질 2주년
7614	1	1	1	1	0	1	1	1	//인도네시아 이벤트
7618	1	1	1	1	0	1	1	1	//인도네시아 이벤트
7619	1	1	0	1	1	1	1	1	//Enriched_Elunium
7620	1	1	0	1	1	1	1	1	//Enriched_Oridecon
7621	1	1	0	1	1	1	1	1	//Token_Of_Siegfried

7623	1	1	1	1	1	1	1	1	//캐쉬아이템,이름변경쿠폰
7652	1	1	0	1	1	1	1	1	//Kansam
7653	1	1	0	1	1	1	1	1	//Kansam-Sa-ard
7701	1	1	1	1	0	1	1	1	//중국이벤트 - 신룡마룡
7704	1	1	1	1	1	1	1	1	//토르화산퀘스트아이템
7705	1	1	1	1	1	1	1	1	//토르화산퀘스트아이템
7713	1	1	1	1	0	1	1	1	
7714	1	1	1	1	0	1	1	1	
7715	1	1	1	1	0	1	1	1	//발렌타인 이벤트
7716	1	1	1	1	0	1	1	1	//발렌타인 이벤트
7717	1	1	1	1	0	1	1	1	//발렌타인 이벤트
7719	1	1	0	1	0	1	1	1	//BlueCard_G
7720	1	1	0	1	0	1	1	1	//골드코인
7759	1	1	1	1	1	1	1	1	//토르화산퀘스트아이템
7766	1	1	0	1	1	1	1	1	//Bok_Choy
7776	1	1	0	1	1	1	1	1	//Max_Weight_Up_Scroll


7786	1	1	0	1	1	1	1	1	//굽신굽신쿠폰3
7787	1	1	0	1	1	1	1	1	//굽신굽신쿠폰4
7788	1	1	0	1	1	1	1	1	//굽신굽신쿠폰5
7790	1	1	0	1	1	1	1	1	//굽신굽신쿠폰7
7791	1	1	0	1	1	1	1	1	//굽신굽신쿠폰8
7793	1	1	0	1	1	1	1	1	//러시아황금사과
7794	1	1	0	1	1	1	1	1	//2007중반국내퀘스트
7800	1	1	0	1	1	1	1	1	//러시아황금사과_
7801	1	1	1	1	0	1	1	1	//여름이벤트아이템,소녀의팬레터
7802	1	1	1	1	0	1	1	1	//여름이벤트아이템,싸인첩
7803	1	1	0	1	1	1	1	1	//?????,?????????
7820	1	0	0	0	0	1	1	1	//모로크부활퀘스트
7821	1	0	0	0	1	1	1	1	//Green_Apple
7822	1	0	0	0	1	1	1	1	//Whole_Barbecue
7823	1	0	0	0	1	1	1	1	//Meat_Veg_Skewer
7824	1	0	0	0	1	1	1	1	//Spirit_Liquor
7826	1	1	1	1	1	1	1	1	//컨티넨탈가드인증서
7828	1	1	1	1	1	1	1	1	//전장
7829	1	1	1	1	1	1	1	1	//전장
7839	1	1	1	1	0	1	1	1	//신급퀘스트아이템,크리스탈키
7840	1	1	1	1	1	1	1	1	//신급퀘스트아이템,발키리의선물
7841	1	1	1	1	0	1	1	1	//러시아,얼룩진종이조각
7842	1	1	1	1	0	1	1	1	//러시아,찢어진종이조각
7843	1	1	1	1	0	1	1	1	//러시아,낡은종이조각
7844	1	1	1	1	0	1	1	1	//러시아,그을린종이조각
7849	1	1	0	0	0	1	1	1	//Soul_Crystal
7863	1	1	0	1	0	1	1	1	//인도네시아,황금
7865	1	1	1	1	0	1	1	1	//2007 환경의 날 이벤트
7866	1	1	1	1	0	1	1	1	//2007 환경의 날 이벤트
7875	1	1	0	1	0	1	1	1	//해외이벤트아이템
7876	1	1	1	1	0	1	1	1	//러시아이벤트아이템
7877	1	1	1	1	0	1	1	1	//러시아이벤트아이템
7878	1	1	1	1	0	1	1	1	//러시아이벤트아이템
7879	1	1	1	1	0	1	1	1	//러시아이벤트아이템
7880	1	1	1	1	0	1	1	1	//러시아이벤트아이템
7881	1	1	1	1	0	1	1	1	//러시아이벤트아이템
7882	1	1	1	1	0	1	1	1	//러시아이벤트아이템
7883	1	1	1	1	0	1	1	1	//러시아이벤트아이템
7884	1	1	0	1	1	1	1	1	//말,싱,이벤트아이템옥패
7885	1	1	0	1	1	1	1	1	//말,싱,이벤트아이템신성한화살
7895	1	1	1	1	0	1	1	1	//태국이벤트아이템
7896	1	1	1	1	0	1	1	1	//태국이벤트아이템
7897	1	1	1	1	0	1	1	1	//태국이벤트아이템
7898	1	1	1	1	0	1	1	1	//태국이벤트아이템
7899	1	1	1	1	0	1	1	1	//태국이벤트아이템
7900	1	1	1	1	1	1	1	1	//태국이벤트아이템
7901	1	1	1	1	1	1	1	1	//태국이벤트아이템
7902	1	1	1	1	1	1	1	1	//태국이벤트아이템
7903	1	1	1	1	1	1	1	1	//태국이벤트아이템
7904	1	1	1	1	1	1	1	1	//태국모험가의전설
7906	1	1	1	1	1	1	1	1	//미국휴전기념일이벤트,화환
7907	1	1	1	1	0	1	1	1	//FRO오픈이벤트
7909	1	1	1	1	0	1	1	1	//Stolen_Cookie
7912	1	1	1	1	1	1	1	1	//해외이벤트아이템,휴대용눈사람기계
7913	1	1	1	1	1	1	1	1	//베트남 Midgard army recruitment
7914	1	1	1	1	1	1	1	1	//대만부활절이벤트아이템
7923	1	1	1	1	0	1	1	1	//미국 석수들 이벤트
7928	1	1	1	1	1	1	1	1	//브라질 독립 이벤트,브라질국기_
7929	1	1	1	1	1	1	1	1	//브라질 독립 이벤트,금동전_
7930	1	1	1	1	1	1	1	1	//중국국경절아이템, 우마왕의코뚜레
7950	1	1	1	1	0	1	1	1	//2009 아요타야페스티벌
7951	1	1	1	1	0	1	1	1	//2009중국어머니날
7952	1	1	1	1	1	1	1	1	//2009대만발렌타인
7953	1	1	1	1	1	1	1	1	//2009대만발렌타인
7954	1	1	1	1	0	1	1	1	//필리핀 섬머 페스티벌
7960	1	0	0	0	0	0	0	0	//고대의은화
7961	1	1	1	1	0	1	1	1	//무기교환티켓
7962	1	1	1	1	0	1	1	1	//보물지도1
7963	1	1	1	1	0	1	1	1	//보물지도2
7964	1	1	1	1	0	1	1	1	//보물지도3
7965	1	1	1	1	0	1	1	1	//보물지도4
7966	1	1	1	1	0	1	1	1	//이상한양피지조각1
7967	1	1	1	1	0	1	1	1	//이상한양피지조각2
7968	1	1	1	1	0	1	1	1	//이상한양피지조각3
7969	1	1	1	1	0	1	1	1	//이상한양피지조각4
7974	1	1	1	1	0	1	1	1	//Illusion_Piece


7983	0	1	0	1	0	1	1	1	//Spring_Stanza6
9028	1	0	0	1	0	1	1	0	//떡알
9032	1	0	0	0	1	1	1	0	//Knife_Goblin_Egg
9033	1	0	0	0	1	1	1	0	//Flail_Goblin_Egg
9034	1	0	0	0	1	1	1	0	//Hammer_Goblin_Egg
9035	1	0	0	0	1	1	1	0	//Red_Deleter_Egg
9036	1	0	0	0	1	1	1	0	//Diabolic_Egg
9037	1	0	0	0	1	1	1	0	//Wanderer_Egg
9058	1	1	0	1	0	1	1	1	//눈토끼알
9101	1	1	0	1	1	1	1	1	//Scatletoncarrier
9113	1	1	0	1	1	1	1	1	//Roost_Of_Skelion
9340	1	0	0	0	1	1	1	0	//M_Shadow_Scroll_TH
9547	1	0	0	0	1	1	1	0	//New_Year_Scroll_TH
9548	1	0	0	0	1	1	1	0	//Shine_Scroll_TH
9571	1	0	0	0	1	1	1	0	//Romantic_Scroll_TH
9572	1	0	0	0	1	1	1	0	//Sweet_Hearts_Scroll_TH 
9591	1	0	0	0	1	1	1	0	//Galaxy_Scroll_TH
9592	1	0	0	0	1	1	1	0	//Angelic_Scroll_TH
9595	1	0	0	0	1	1	1	0	//Steam_Punk_Scroll_TH
9596	1	0	0	0	1	1	1	0	//Cyber_Punk_Scroll_TH
9608	1	0	0	0	1	1	1	0	//Magic_Scroll_As_TH
9609	1	0	0	0	1	1	1	0	//Twilight_Scroll_TH
9623	1	0	0	0	1	1	1	0	//MoonStar_Scroll_TH
9624	1	0	0	0	1	1	1	0	//Sakura_Scroll_TH
9625	1	0	0	0	1	1	1	0	//P_Shadow_Scroll_TH
9638	1	0	0	0	1	1	1	0	//Stone_Sage_Scroll_TH
9639	1	0	0	0	1	1	1	0	//Fox_Scroll_TH

11514	1	1	0	1	1	1	1	1	//농축슬림포션
11551	1	1	1	1	0	1	1	1	//Savory_Herb_Salad
11552	1	1	1	1	0	1	1	1	//Apple_Carrot_Salad
11553	1	1	1	1	0	1	1	1	//Casual_Stew
11554	1	1	1	1	0	1	1	1	//Golden_Roasted_Apple
11565	1	1	0	1	1	1	1	1	//White_Potion_B
11568	1	1	0	1	1	1	1	1	//Red_Slim_Potion_B
11572	1	1	0	1	1	1	1	1	//Blue_Potion_B
11575	1	1	0	1	1	1	1	1	//Lucky_Cookie_B
11578	1	1	0	1	1	1	1	1	//Candy_Striper_B
11579	0	0	0	1	1	1	1	0	//Lucky_Candy_B
11580	1	1	0	1	1	1	1	1	//Candy_B
11581	1	1	0	1	1	1	1	1	//Piece_Of_Cake_B
11583	0	0	0	1	1	1	1	0	//Chocolate_Drink_B
11607	1	1	0	1	1	1	1	1	//Crepe

11616	1	1	0	1	0	1	1	1	//Yummy_Meat

12142	0	1	1	1	1	1	1	1	//인도네시아 이벤트
12153	1	1	1	1	0	1	1	1	//용병소환서
12154	1	1	1	1	0	1	1	1	//용병소환서
12155	1	1	1	1	0	1	1	1	//용병소환서
12156	1	1	1	1	0	1	1	1	//용병소환서
12157	1	1	1	1	0	1	1	1	//용병소환서
12158	1	1	1	1	0	1	1	1	//용병소환서
12159	1	1	1	1	0	1	1	1	//용병소환서
12160	1	1	1	1	0	1	1	1	//용병소환서
12161	1	1	1	1	0	1	1	1	//용병소환서
12162	1	1	1	1	0	1	1	1	//용병소환서
12163	1	1	1	1	0	1	1	1	//용병소환서
12164	1	1	1	1	0	1	1	1	//용병소환서
12165	1	1	1	1	0	1	1	1	//용병소환서
12166	1	1	1	1	0	1	1	1	//용병소환서
12167	1	1	1	1	0	1	1	1	//용병소환서
12168	1	1	1	1	0	1	1	1	//용병소환서
12169	1	1	1	1	0	1	1	1	//용병소환서
12170	1	1	1	1	0	1	1	1	//용병소환서
12171	1	1	1	1	0	1	1	1	//용병소환서
12172	1	1	1	1	0	1	1	1	//용병소환서
12173	1	1	1	1	0	1	1	1	//용병소환서
12174	1	1	1	1	0	1	1	1	//용병소환서
12175	1	1	1	1	0	1	1	1	//용병소환서
12176	1	1	1	1	0	1	1	1	//용병소환서
12177	1	1	1	1	0	1	1	1	//용병소환서
12178	1	1	1	1	0	1	1	1	//용병소환서
12179	1	1	1	1	0	1	1	1	//용병소환서
12180	1	1	1	1	0	1	1	1	//용병소환서
12181	1	1	1	1	0	1	1	1	//용병소환서
12182	1	1	1	1	0	1	1	1	//용병소환서
12188	1	0	0	0	1	0	0	0	//Magical_Moon_Cake
12199	1	1	1	1	1	1	1	1	//2006년 한국 추석이벤트_쌀스크롤
12202	1	1	0	1	1	1	1	1	//Str_Dish10_
12203	1	1	0	1	1	1	1	1	//Agi_Dish10_
12204	1	1	0	1	1	1	1	1	//Int_Dish10_
12205	1	1	0	1	1	1	1	1	//Dex_Dish10_
12206	1	1	0	1	1	1	1	1	//Luk_Dish10_
12207	1	1	0	1	1	1	1	1	//Vit_Dish10_
12208	1	1	0	1	1	1	1	1	//Battle_Manual
12209	1	1	0	1	1	1	1	1	//Insurance
12210	1	1	0	1	1	1	1	1	//Bubble_Gum
12211	1	1	0	1	1	1	1	1	//Kafra_Card
12212	1	1	0	1	1	1	1	1	//Giant_Fly_Wing
12213	1	1	0	1	1	1	1	1	//Neuralizer
12214	1	1	0	1	1	1	1	1	//캐쉬아이템
12215	1	1	0	1	1	1	1	1	//Blessing_10_Scroll
12216	1	1	0	1	1	1	1	1	//Inc_Agi_10_Scroll
12217	1	0	0	0	1	1	1	1	//Aspersio_5_Scroll
12218	1	1	0	1	1	1	1	1	//캐쉬아이템
12219	1	1	0	1	1	1	1	1	//캐쉬아이템
12220	1	1	0	1	1	1	1	1	//캐쉬아이템
12221	1	1	0	1	1	1	1	1	//Megaphone_
12238	1	1	0	1	0	1	1	1	//새해떡
12239	1	1	0	1	0	1	1	1	//새해떡
12247	1	0	0	0	1	1	1	0	//Halohalo
12258	1	1	1	1	0	1	1	1	//3차전직_폭탄링상자
12259	1	1	0	1	1	1	1	1	//대만퀘스트아이템,환상의영약
12266	1	1	1	1	1	1	1	1	//PC방다식
12267	1	1	1	1	1	1	1	1	//PC방유과
12268	1	1	1	1	1	1	1	1	//PC방무지개떡
12274	1	0	0	0	1	1	1	0	//'Gold_Pill_1
12275	1	1	1	1	1	1	1	1	//pc방아이템,태청단
12276	1	0	0	0	1	1	1	0	//용병스크롤
12277	1	0	0	0	1	1	1	0	//용병스크롤
12278	1	0	0	0	1	1	1	0	//용병스크롤
12287	1	1	1	1	1	1	1	1	//캐쉬아이템,러브앤젤
12288	1	1	1	1	1	1	1	1	//캐쉬아이템,스퀴럴
12289	1	1	1	1	1	1	1	1	//캐쉬아이템,고고
12297	1	1	1	1	1	1	1	1	//PC방이벤트아이템,PC방코인상자4
12298	1	1	1	1	1	1	1	1	//PC방이벤트아이템,SP소모량감소포션
12299	1	1	1	1	1	1	1	1	//PC방이벤트아이템,올상태저항포션
12300	1	1	1	1	0	1	1	1	//와일드로즈소환서
12301	1	1	1	1	0	1	1	1	//도플갱어소환서
12302	1	1	1	1	0	1	1	1	//이그니젬소환서
12303	1	1	0	1	1	1	1	1	//태국-축복의물
12304	1	1	1	1	1	1	1	1	//캐쉬아이템,그림일기
12305	1	1	1	1	1	1	1	1	//캐쉬아이템,미니하트
12306	1	1	1	1	1	1	1	1	//캐쉬아이템,새내기
12307	1	1	1	1	1	1	1	1	//캐쉬아이템,꼬꼬마
12308	1	1	1	1	1	1	1	1	//캐쉬아이템,마법의성
12309	1	1	1	1	1	1	1	1	//캐쉬아이템,짱구
12310	1	1	0	1	0	1	1	1	//봄맞이이벤트아이템
12311	1	1	0	1	0	1	1	1	//봄맞이이벤트아이템
12313	1	1	1	1	0	1	1	1	//천사의수호


12328	1	0	0	0	1	0	0	0	//Charm_Of_Happiness
12331	1	1	1	1	1	1	1	1	//6주년이벤트-인삼
12332	1	1	1	1	1	1	1	1	//6주년이벤트-과일쥬스
12333	1	1	1	1	1	1	1	1	//안실라
12340	1	1	1	1	0	1	1	1	//신비한찹쌀가루
12342	1	1	0	1	1	1	1	1	//에피소드13.2-마누크의호기
12343	1	1	0	1	1	1	1	1	//에피소드13.2-마누크의의지
12344	1	1	0	1	1	1	1	1	//에피소드13.2-핀귀큘라의열매절임
12345	1	1	0	1	1	1	1	1	//에피소드13.2-루시올라의꿀쨈
12346	1	1	1	1	0	1	1	1	//에피소드13.2-덜익은도토리
12348	1	1	0	1	1	1	1	1	//에피소드13.2-마누크추가
12349	1	1	0	1	1	1	1	1	//에피소드13.2-스플랑추가
12375	1	0	0	0	1	1	1	0	//브라질, Acaraje
12384	1	1	1	1	0	1	1	1	//3차전직_무지갯빛루비_수
12385	1	1	1	1	0	1	1	1	//3차전직_무지갯빛루비_화
12386	1	1	1	1	0	1	1	1	//3차전직_무지갯빛루비_풍
12387	1	1	1	1	0	1	1	1	//3차전직_무지갯빛루비_지
12388	1	1	1	1	1	1	1	1	//3차전직_룬스톤_크러쉬
12389	1	1	1	1	1	1	1	1	//3차전직_룬스톤_스톰
12390	1	1	1	1	1	1	1	1	//3차전직_룬스톤_밀레니엄
12391	1	0	0	0	1	1	1	0	//Lucky_Egg_C
12396	1	1	0	1	1	1	1	1	//Fool's_Day_Box
12397	1	1	0	1	1	1	1	1	//Fool's_Day_Box2
12398	1	1	1	1	1	1	1	1	//PC방선물상자
12400	1	1	0	1	0	1	1	1	//????_
12402	1	1	0	1	1	1	1	1	//29열매
12403	1	0	0	0	1	1	1	0	//Lucky_Egg_C2
12404	1	0	0	0	1	1	1	0	//활성화포션
12406	1	0	0	0	1	1	1	0	//Psychic_ArmorS
12408	1	1	1	1	0	1	1	1	//Leaf_Cat_Ball
12413	1	1	0	1	1	1	1	1	//PC방쿠폰상자2
12416	1	0	0	0	1	1	1	0	//Lucky_Egg_C3
12473	1	1	0	1	0	1	1	1	//RWC접수상자
12474	1	1	0	1	0	1	1	1	//RWC결승참가상자
12476	1	1	0	1	1	1	1	1	//PC방쿠폰상자3
12478	1	1	1	1	1	1	1	1	//기회의상자
12479	1	1	1	1	1	1	1	1	//카라카스의반지상자
12480	1	1	0	1	1	1	1	1	//출석3일상자
12481	1	1	0	1	1	1	1	1	//출석7일상자
12482	1	1	0	1	1	1	1	1	//출석10일상자
12483	1	1	0	1	1	1	1	1	//출석15일상자
12484	1	1	0	1	1	1	1	1	//출석20일상자
12485	1	1	0	1	1	1	1	1	//출석25일상자
12486	1	1	0	1	1	1	1	1	//골드PC방1등상자
12487	1	1	0	1	1	1	1	1	//PC방네잎클로버상자
12492	1	1	0	1	1	1	1	1	//구겨진종이뭉치
12493	1	1	0	1	1	1	1	1	//행운의알_C4
12507	1	1	0	1	1	1	1	1	//EF룬왕국나비날개
12508	1	1	0	1	1	1	1	1	//EF슈발츠나비날개
12509	1	1	0	1	1	1	1	1	//EF라헬나비날개
12510	1	1	0	1	1	1	1	1	//EF로컬나비날개

12530	1	1	0	1	1	1	1	1	//마스테라의열매상자
12531	1	1	0	1	1	1	1	1	//하얀포션상자
12533	1	0	0	0	1	1	1	0	//Blue_Herb_Box2
12535	1	1	0	1	1	1	1	1	//이그드라실열매상자
12540	1	1	1	1	0	1	1	1	//운영자의워프상자
12541	1	1	1	1	0	1	1	1	//포춘쿠키1
12542	1	1	1	1	0	1	1	1	//포춘쿠키2
12543	1	1	1	1	0	1	1	1	//포춘쿠키3
12545	1	1	0	1	1	1	1	1	//Lucky_Egg_C5
12549	1	0	0	0	1	1	1	0	//White_Slim_Pot_Box2
12550	1	0	0	0	1	1	1	0	//Poison_Bottle_Box2
12563	1	1	0	1	1	1	1	1	//BM75
12577	1	0	0	0	0	1	1	0	//Lucky_Egg_C6
12581	1	1	0	1	1	1	1	1	//Vending_Search_Scroll2
12583	1	1	1	1	1	1	1	1	//홍보팀상자
12584	1	1	1	1	1	1	1	1	//개발팀상자
12585	1	1	1	1	1	1	1	1	//마케팅팀상자
12586	1	1	1	1	1	1	1	1	//운영팀상자
12587	1	1	1	1	1	1	1	1	//한여름밤의상자
12588	1	1	1	1	1	1	1	1	//한여름밤의상자2
12589	1	1	1	1	1	1	1	1	//한여름밤의상자3
12591	1	1	0	1	1	1	1	1	//Uni_Catalog_Bz
12595	1	0	0	0	1	1	1	0	//Fortune_EggⅦ--check
12596	1	0	0	0	1	1	1	0	//Magic_Candy
12600	1	1	1	1	1	1	1	1	//보물상자소환서
12607	1	1	1	1	1	1	1	1	//맛있는롤리팝상자
12610	1	1	1	1	0	1	1	1	//의문의알

12624	0	0	0	1	0	0	0	0	//맛있는젤리
12625	1	1	0	1	1	1	1	1	//사파공훈증꾸러미
12633	1	1	0	1	1	1	1	1	//말랑도고양이캔
12636	1	1	0	1	0	1	1	1	//말랑도특산통조림
12637	1	1	0	1	1	1	1	1	//공벌레주머니
12638	1	1	0	1	1	1	1	1	//마른오징어상자
12639	1	1	0	1	1	1	1	1	//날치상자
12640	1	1	0	1	1	1	1	1	//별불가사리상자
12641	1	1	0	1	1	1	1	1	//Lucky_Egg_C8
12642	1	1	0	1	1	1	1	1	//마스테라의열매상자2
12644	1	1	0	1	1	1	1	1	//PC방쿠폰상자4
12645	1	1	0	1	1	1	1	1	//일본아스스크롤_C
12654	1	1	0	1	1	1	1	1	//Lucky_Egg_C9
12658	1	1	0	1	1	1	1	1	//Trans_Scroll_Devi
12659	1	1	0	1	1	1	1	1	//Trans_Scroll_Ray_Arch
12660	1	1	0	1	1	1	1	1	//Trans_Scroll_Mavka
12661	1	1	0	1	1	1	1	1	//Trans_Scroll_Marduk
12662	1	1	0	1	1	1	1	1	//Trans_Scroll_Banshee
12663	1	1	0	1	1	1	1	1	//Trans_Scroll_Poring
12664	1	1	0	1	1	1	1	1	//Trans_Scroll_Golem
12666	1	1	0	1	1	1	1	1	//Thai_Perfume_MATK
12667	1	1	0	1	1	1	1	1	//Thai_Perfume_ATK
12668	1	1	0	1	1	1	1	1	//Thai_Perfume_ASPD
12669	1	1	0	1	1	1	1	1	//Thai_Perfume_CAST
12672	1	1	1	1	0	1	1	1	//새출발상자
12673	1	1	0	1	1	1	1	1	//Lucky_Egg_C10
12685	1	0	0	0	1	1	1	0	//Gryphon_Egg_Scroll
12704	1	1	0	1	1	1	1	1	//말,싱,이벤트아이템불로장생약
12705	1	1	0	1	1	1	1	1	//말,싱,이벤트아이템귀족의명패
12706	1	0	0	0	1	0	0	0	//Lucky_Cookie01
12707	1	0	0	0	1	0	0	0	//Lucky_Cookie02
12708	1	0	0	0	1	0	0	0	//Lucky_Cookie03
12710	1	1	0	1	1	1	1	1	//Guyak_Pudding
12714	1	1	0	1	0	1	1	1	//대만부활절이벤트아이템
12715	1	1	1	1	1	1	1	1	//미국세인트패티릭이벤트아이템
12725	1	1	0	1	1	1	1	1	//3차직업군-룬스톤_노씨즈
12726	1	1	0	1	1	1	1	1	//3차직업군-룬스톤_라이도
12727	1	1	0	1	1	1	1	1	//3차직업군-룬스톤_베르카나
12728	1	1	0	1	1	1	1	1	//3차직업군-룬스톤_아이샤
12729	1	1	0	1	1	1	1	1	//3차직업군-룬스톤_에이시르
12730	1	1	0	1	1	1	1	1	//3차직업군-룬스톤_우르즈
12731	1	1	0	1	1	1	1	1	//3차직업군-룬스톤_튜리서스
12732	1	1	0	1	1	1	1	1	//3차직업군-룬스톤_페르쓰
12733	1	1	0	1	1	1	1	1	//3차직업군-룬스톤_하갈라즈
12745	1	1	1	1	1	1	1	1	//전세계 발렌타인데이 이벤트
12746	1	1	1	1	0	1	1	1	//Curious_Snowball
12754	1	1	0	1	0	1	1	1	//New_Year_Bun
12755	1	1	0	1	0	1	1	1	//Traditional_Firecrack
12756	1	1	0	1	0	1	1	1	//New_Gift_Envelope
12766	1	1	1	1	1	1	1	1	//보상잡교범25
12767	1	1	0	1	0	0	0	1	//Passion_FB_Hat_Box
12768	1	1	0	1	0	0	0	1	//Cool_FB_Hat_Box
12769	1	1	0	1	0	0	0	1	//Victory_FB_Hat_Box
12770	1	1	0	1	0	0	0	1	//Glory_FB_Hat_Box
12771	1	1	0	1	0	0	0	1	//Passion_Hat_Box2
12772	1	1	0	1	0	0	0	1	//Cool_Hat_Box2
12773	1	1	0	1	0	0	0	1	//Victory_Hat_Box2
12778	1	1	0	1	1	1	1	1	//Bapho_Jr_Scroll
12779	1	1	0	1	1	1	1	1	//Galapago_Scroll
12785	1	1	0	1	1	1	1	1	//드래곤의알
12787	1	0	0	0	1	1	1	0	//Diabolic_Scroll
12795	1	1	0	1	1	1	1	1	//2011RWC스크롤
12797	1	0	0	0	1	1	1	0	//Wish_Maiden_Scroll
12798	1	0	0	0	1	1	1	0	//Zealotus_Scroll
12799	1	1	0	1	1	1	1	1	//PC방쿠폰상자5
12803	1	1	1	1	1	1	1	1	//초보자지원상자
12804	1	1	0	1	1	1	1	1	//크루스크롤
12805	1	1	0	1	1	1	1	1	//미스틱파우더
12807	1	1	1	1	1	1	1	1	//용병소환뭉치
12808	1	1	1	1	1	1	1	1	//어머니의마음상자
12809	1	1	1	1	1	1	1	1	//레벨업상자
12810	1	1	1	1	1	1	1	1	//이벤트선물상자
12811	1	1	1	1	1	1	1	1	//이벤트선물상자_
12816	1	1	1	1	1	1	1	1	//낡은광석상자_
12817	1	1	1	1	1	1	1	1	//낡은카드첩_
12818	1	1	1	1	1	1	1	1	//고급무기상자_
12819	1	1	1	1	1	1	1	1	//지르타스티켓상자_
12826	1	0	0	0	1	1	1	0	//Wind_Type_Scroll
12827	1	0	0	0	1	1	1	0	//Water_Type_Scroll
12828	1	0	0	0	1	1	1	0	//Fire_Type_Scroll
12829	1	0	0	0	1	1	1	0	//Earth_Type_Scroll
12837	1	0	0	0	0	1	1	0	//Wooden_Treasure_Box
12838	1	0	0	0	0	1	1	0	//Iron_Treasure_Box
12839	1	0	0	0	0	1	1	0	//bronze_Treasure_Box
12840	1	0	0	0	0	1	1	0	//Silver_Treasure_Box
12841	1	0	0	0	0	1	1	0	//Golden_Treasure_Box
12842	1	0	0	0	0	1	1	0	//Platinum_Treasure_Box
12843	1	0	0	0	0	1	1	0	//Pearl_Treasure_Box
12844	1	0	0	0	0	1	1	0	//Diamond_Treasure_Box
12845	1	1	1	1	0	1	1	1	//WOB_Amatsu
12847	1	1	1	1	1	1	1	1	//Old_Equipment_Box
12873	1	1	0	1	1	1	1	1	//TE_Potion_Box
12887	1	1	1	1	1	1	1	1	//C_Wing_Of_Fly
12888	1	1	1	1	1	1	1	1	//Siege_Kit_Box



12903	1	0	0	0	1	1	1	1	//Str_Dish_Box
12904	1	0	0	0	1	1	1	1	//Agi_Dish_Box
12905	1	0	0	0	1	1	1	1	//Int_Dish_Box
12906	1	0	0	0	1	1	1	1	//Dex_Dish_Box
12907	1	0	0	0	1	1	1	1	//Luk_Dish_Box
12908	1	0	0	0	1	1	1	1	//Vit_Dish_Box
12909	1	0	0	0	1	1	1	1	//Kafra_Card_Box
12910	1	0	0	0	1	1	1	1	//Giant_Fly_Wing_Box
12911	1	0	0	0	1	1	1	1	//Neuralizer_Box
12912	1	0	0	0	1	1	1	1	//Convex_Mirror_Box
12913	1	0	0	0	1	1	1	1	//캐쉬아이템
12914	1	0	0	0	1	1	1	1	//캐쉬아이템
12915	1	0	0	0	1	1	1	1	//캐쉬아이템
12916	1	0	0	0	1	1	1	1	//캐쉬아이템
12917	1	0	0	0	1	1	1	1	//캐쉬아이템
12918	1	0	0	0	1	1	1	1	//캐쉬아이템

12920	1	0	0	0	1	1	1	1	//Enriched_Elunium_Box
12921	1	0	0	0	1	1	1	1	//Enriched_Oridecon_Box
12922	1	1	0	1	1	1	1	1	//Token_Of_Siegfried_Box
12923	1	0	0	0	1	1	1	0	//Pet_Egg_Scroll_Box1
12925	1	0	0	0	1	1	1	0	//Pet_Egg_Scroll1
12927	1	0	0	0	1	1	1	0	//캐쉬아이템
12928	1	0	0	0	0	1	1	0	//J_Aspersio_5_Scroll--check
12935	1	0	0	0	1	1	1	1	//Infiltrator_Box
12936	1	0	0	0	1	1	1	1	//Muramasa_Box
12937	1	0	0	0	1	1	1	1	//Excalibur_Box
12938	1	0	0	0	1	1	1	1	//Combat_Knife_Box
12939	1	0	0	0	1	1	1	1	//Counter_Dagger_Box
12940	1	0	0	0	1	1	1	1	//Kaiser_Knuckle_Box
12942	1	0	0	0	1	1	1	1	//Mighty_Staff_Box
12943	1	0	0	0	1	1	1	1	//Right_Epsilon_Box
12944	1	0	0	0	1	1	1	1	//Balistar_Box
12945	1	0	0	0	1	1	1	1	//Diary_Of_Great_Sage_Box
12946	1	0	0	0	1	1	1	1	//Asura_Box
12947	1	0	0	0	1	1	1	0	//cashitem
12948	1	0	0	0	1	1	1	0	//cashitem
12949	1	0	0	0	1	1	1	0	//cashitem
12950	1	1	0	1	1	1	1	1	//Lord_Circlet_Box
12951	1	0	0	0	1	1	1	0	//cashitem
12952	1	0	0	0	1	1	1	0	//cashitem

12961	1	0	0	0	1	1	1	1	//Vesper_Core01_Box
12962	1	0	0	0	1	1	1	1	//Vesper_Core02_Box
12963	1	0	0	0	1	1	1	1	//Vesper_Core03_Box
12964	1	0	0	0	1	1	1	1	//Vesper_Core04_Box
12965	1	0	0	0	1	1	1	0	//캐쉬아이템이머전시스크롤상자
12966	1	0	0	0	1	1	1	0	//캐쉬아이템이머전시스크롤상자
12967	1	0	0	0	1	1	1	0	//캐쉬아이템이머전시스크롤상자
12968	1	1	0	1	1	1	1	1	//캐쉬아이템이머전시스크롤
12969	1	1	0	1	1	1	1	1	//캐쉬아이템이머전시스크롤
12970	1	1	0	1	1	1	1	1	//캐쉬아이템이머전시스크롤
13020	1	1	1	1	1	1	1	1	//대만4주년-용사의발뭉
13021	1	1	1	1	1	1	1	1	//Combat_Knife_C
13022	1	1	1	1	1	1	1	1	//Counter_Dagger_C
13023	1	1	1	1	1	1	1	1	//Asura_C
13029	1	1	0	1	1	1	1	1	//사크라이복사지급템
13036	1	1	1	1	1	1	1	1	//전장
13037	1	1	1	1	1	1	1	1	//전장
13042	1	1	1	1	0	1	1	1	//5vs5 전장 아이템크리거단검1
13048	1	1	1	1	1	1	1	1	//다마스커스_C
13049	1	0	0	0	0	0	0	0	//일본 5월 모바일도적편
13050	1	1	1	1	0	1	1	1	//P대거1
13051	1	1	1	1	0	1	1	1	//P대거2
13052	1	1	1	1	0	1	1	1	//여행자의단검
13066	1	1	1	1	0	1	1	1	//P대거3
13068	1	1	1	1	1	1	1	1	//전갱이
13074	1	1	1	1	1	1	1	1	//닌자단검_전직용
13083	1	1	1	1	0	1	1	1	//TE_Woe_Knife
13097	1	0	0	0	1	1	1	0	//Ru_Blue_Dagger
13098	1	0	0	0	1	1	1	0	//Ru_Blue_Ashura
13099	1	0	0	0	1	1	1	0	//Ru_Blue_Knife
13108	1	1	1	1	1	1	1	1	//전장
13109	1	1	0	1	1	1	1	1	//?????,??????_C
13110	1	1	1	1	0	1	1	1	//5vs5 전장 아이템크리거피스톨1
13111	1	1	1	1	1	1	1	1	//임대아이템, 명사수의리볼버
13112	1	1	1	1	0	1	1	1	//P리볼버1
13113	1	1	1	1	0	1	1	1	//P리볼버2
13114	1	1	1	1	0	1	1	1	//P리볼버3
13117	1	1	1	1	0	1	1	1	//TE_Woe_Pistol
13171	1	1	1	1	1	1	1	1	//전장
13172	1	1	1	1	1	1	1	1	//전장
13173	1	1	1	1	1	1	1	1	//전장
13174	1	1	1	1	1	1	1	1	//전장
13175	1	1	0	1	1	1	1	1	//?????,???????_C
13176	1	1	1	1	0	1	1	1	//5vs5 전장 아이템크리거라이플1
13177	1	1	1	1	0	1	1	1	//5vs5 전장 아이템크리거개틀링건1
13178	1	1	1	1	0	1	1	1	//5vs5 전장 아이템크리거샷건1
13179	1	1	1	1	0	1	1	1	//5vs5 전장 아이템크리거런쳐1
13184	1	1	1	1	0	1	1	1	//TE_Woe_Rifle
13185	1	1	1	1	0	1	1	1	//TE_Woe_Gatling
13186	1	1	1	1	0	1	1	1	//TE_Woe_Shotgun
13187	1	1	1	1	0	1	1	1	//TE_Woe_Grenade
13208	1	1	0	1	1	1	1	1	//공벌레
13291	1	1	0	1	1	1	1	1	//별불가사리
13292	1	1	0	1	1	1	1	1	//마른오징어
13293	1	1	0	1	1	1	1	1	//날치
13295	1	1	1	1	0	1	1	1	//Light_Shuriken
13305	1	1	1	1	1	1	1	1	//전장
13306	1	1	1	1	1	1	1	1	//전장
13307	1	1	1	1	0	1	1	1	//5vs5 전장 아이템크리거풍마수리검1
13309	1	1	1	1	1	1	1	1	//풍마_대차륜_C
13310	1	1	1	1	0	1	1	1	//P풍마수리검1
13312	1	1	1	1	1	1	1	1	//풍마_전직용
13317	1	1	1	1	0	1	1	1	//TE_Woe_Huuma
13401	1	1	1	1	1	1	1	1	//Excalibur_C
13406	1	1	0	1	1	1	1	1	//사크라이복사지급템
13407	1	1	0	1	1	1	1	1	//cashitem
13408	1	1	0	1	1	1	1	1	//cashitem
13409	1	1	0	1	1	1	1	1	//cashitem
13410	1	1	1	1	1	1	1	1	//전장
13411	1	1	1	1	1	1	1	1	//전장
13416	1	1	1	1	0	1	1	1	//5vs5 전장 아이템 크리거한손검1
13417	1	1	1	1	0	1	1	1	//5vs5 전장 아이템크리거한손검2
13418	1	1	1	1	0	1	1	1	//5vs5 전장 아이템크리거한손검3
13419	1	1	1	1	1	1	1	1	//임대아이템, 신성의세이버
13420	1	0	0	0	1	1	1	0	//Honglyun's_Sword
13422	1	1	1	1	1	1	1	1	//프람베르그_C
13423	1	1	1	1	0	1	1	1	//P세이버1
13424	1	1	1	1	0	1	1	1	//P세이버2
13425	1	1	1	1	0	1	1	1	//여행자의검
13434	1	1	1	1	0	1	1	1	//P세이버3
13439	1	1	1	1	0	1	1	1	//TE_Woe_Sword
13451	1	0	0	0	1	1	1	0	//Ru_Blue_Sword
13502	1	0	0	0	1	1	1	0	//캐쉬아이템
13538	1	0	0	0	1	1	1	0	//캐쉬아이템,메테오10상자
13539	1	0	0	0	1	1	1	0	//캐쉬아이템,스가10상자
13540	1	0	0	0	1	1	1	0	//캐쉬아이템,버밀10상자
13541	1	0	0	0	1	1	1	0	//캐쉬아이템,렉스에테상자
13542	1	0	0	0	1	1	1	0	//캐쉬아이템,마니피캇5상자
13543	1	0	0	0	1	1	1	1	//CP_Helm_Scroll_Box
13544	1	0	0	0	1	1	1	1	//CP_Shield_Scroll_Box
13545	1	0	0	0	1	1	1	1	//CP_Armor_Scroll_Box
13546	1	0	0	0	1	1	1	1	//CP_Weapon_Scroll_Box
13547	1	0	0	0	1	1	1	1	//Repair_Scroll_Box
13548	1	0	0	0	1	1	1	0	//캐쉬아이템,왕만두상자
13549	1	0	0	0	1	1	1	0	//캐쉬아이템,환약_상자
13550	1	0	0	0	1	1	1	0	//캐쉬아이템,환상의회상자
13551	1	0	0	0	1	1	1	0	//캐쉬아이템,찰떡상자
13552	1	0	0	0	1	1	1	0	//캐쉬아이템,유밀과상자
13553	1	0	0	0	1	1	1	1	//Dun_Tele_Scroll1_Box
13571	1	0	0	0	1	1	1	0	//Giant_Fly_Wing_Box100
13599	1	1	0	1	1	1	1	1	//Battle_Manual_Box5
13634	1	0	0	0	1	1	1	0	//힘내거라패키지
13635	1	0	0	0	1	1	1	0	//힘내거라패키지
13636	1	0	0	0	1	1	1	0	//힘내거라패키지
13637	1	0	0	0	1	1	1	0	//힘내거라패키지
13638	1	0	0	0	1	1	1	0	//힘내거라패키지
13639	1	0	0	0	1	1	1	0	//힘내거라패키지
13640	1	0	0	0	1	1	1	0	//힘내거라패키지
13641	1	0	0	0	1	1	1	0	//힘내거라패키지
13642	1	0	0	0	1	1	1	0	//힘내거라패키지
13643	1	0	0	0	1	1	1	0	//힘내거라패키지
13644	1	0	0	0	1	1	1	0	//힘내거라패키지
13645	1	0	0	0	1	1	1	0	//힘내거라패키지
13710	1	0	0	0	1	1	1	1	//Max_Weight_Up_Box
13764	1	0	0	0	1	0	0	0	//?????,???????????
13765	1	1	1	1	1	1	1	1	//대만수행증명서상자
13766	1	0	0	0	1	1	1	0	//cashitem
13767	1	0	0	0	1	1	1	0	//cashitem
13768	1	0	0	0	1	1	1	0	//cashitem
13769	1	0	0	0	1	1	1	0	//cashitem
13770	1	0	0	0	1	1	1	0	//cashitem
13771	1	0	0	0	1	1	1	0	//cashitem
13772	1	0	0	0	1	1	1	0	//cashitem
13773	1	0	0	0	1	1	1	0	//cashitem
13774	1	0	0	0	1	1	1	0	//cashitem
13775	1	0	0	0	1	1	1	0	//cashitem
13776	1	0	0	0	1	1	1	0	//cashitem
13777	1	0	0	0	1	1	1	0	//cashitem
13778	1	1	0	1	1	1	1	1	//Orc_Hero_Helm_Box
13779	1	0	0	0	1	1	1	0	//cashitem
13780	1	0	0	0	1	1	1	0	//cashitem
13782	1	1	0	1	1	1	1	1	//Corsair_Box
13783	1	1	0	1	1	1	1	1	//Bloody_Iron_Ball_Box
13784	1	1	0	1	1	1	1	1	//Spiritual_Ring_Box
13804	1	1	0	1	1	1	1	1	//캐쉬아이템, 대만폭죽
13805	1	1	0	1	1	1	1	1	//캐쉬아이템, 대만폭죽
13806	1	1	0	1	1	1	1	1	//캐쉬아이템, 대만폭죽
13807	1	1	0	1	1	1	1	1	//캐쉬아이템, 대만폭죽
13808	1	1	0	1	1	1	1	1	//캐쉬아이템, 대만폭죽
13815	1	0	0	0	1	1	1	1	//Knife_Goblin_Box
13816	1	0	0	0	1	1	1	1	//Flail_Goblin_Box
13817	1	0	0	0	1	1	1	1	//Hammer_Goblin_Box
13818	1	0	0	0	1	1	1	1	//Red_Deleter_Box
13819	1	0	0	0	1	1	1	1	//Diabolic_Box
13820	1	0	0	0	1	1	1	1	//Wanderer_Box
13821	1	0	0	0	1	1	1	1	//Green_Apple_Box
13822	1	0	0	0	1	1	1	1	//Whole_Barbecue_Box
13823	1	0	0	0	1	1	1	1	//Meat_Veg_Skewer_Box
13824	1	0	0	0	1	1	1	1	//Spirit_Liquor_Box
13857	1	0	0	0	1	1	1	0	//Spark_Candy_Box5

13864	1	0	0	0	1	1	1	0	//?????
13865	1	0	0	0	1	1	1	0	//?????
13866	1	1	0	1	1	1	1	1	//캐쉬아이템,비상하는천사상자
13867	1	1	0	1	1	1	1	1	//캐쉬아이템,네코미미상자
13868	1	1	0	1	1	1	1	1	//캐쉬아이템,월야화모자상자
13869	1	1	0	1	1	1	1	1	//캐쉬아이템,병아리모자상자
13870	1	0	0	0	1	1	1	1	//New_Style_Box
13877	1	1	0	1	1	1	1	1	//캐쉬아이템,시계탑카드박스
13878	1	1	0	1	1	1	1	1	//캐쉬아이템,게페니아카드박스
13879	1	1	0	1	1	1	1	1	//캐쉬아이템,아울카드박스
13880	1	1	0	1	1	1	1	1	//캐쉬아이템,유령카드박스
13881	1	1	0	1	1	1	1	1	//캐쉬아이템,악몽의카드박스
13882	1	1	0	1	1	1	1	1	//캐쉬아이템,저주카드박스
13883	1	1	0	1	1	1	1	1	//캐쉬아이템,슬립카드박스
13884	1	1	0	1	1	1	1	1	//캐쉬아이템,프리즈카드박스
13885	1	1	0	1	1	1	1	1	//캐쉬아이템,스턴카드박스
13886	1	1	0	1	1	1	1	1	//캐쉬아이템,사일런스카드박스
13887	1	1	0	1	1	1	1	1	//캐쉬아이템,블라인드카드박스
13888	1	1	0	1	1	1	1	1	//캐쉬아이템,카오스카드박스
13889	1	0	0	0	1	1	1	0	//Elunium_Box_
13890	1	0	0	0	1	1	1	0	//Oridecon_Box_
13891	1	0	0	0	1	1	1	0	//Fire_Converter_Box
13892	1	0	0	0	1	1	1	0	//Water_Converter_Box
13893	1	0	0	0	1	1	1	0	//Wind_Converter_Box
13894	1	0	0	0	1	1	1	0	//Earth_Converter_Box
13895	1	1	0	1	1	1	1	1	//캐쉬아이템,스타터팩
13896	1	0	0	0	1	1	1	0	//용병스크롤
13897	1	0	0	0	1	1	1	0	//용병스크롤
13898	1	0	0	0	1	1	1	0	//용병스크롤
13899	1	0	0	0	1	1	1	0	//용병스크롤
13900	1	0	0	0	1	1	1	0	//용병스크롤
13901	1	0	0	0	1	1	1	0	//용병스크롤
13902	1	1	0	1	1	1	1	1	//캐쉬아이템,물고기머리모자상자
13903	1	1	0	1	1	1	1	1	//캐쉬아이템,산타포링모자상자
13904	1	0	0	0	1	1	1	0	//캐쉬아이템,방울리본상자
13906	1	0	0	0	1	1	1	0	//Kitty_Set_Box
13907	1	0	0	0	1	1	1	0	//Soft_Core_Set_Box
13908	1	0	0	0	1	1	1	0	//Deviruchi_Set_Box
13909	1	0	0	0	1	1	1	0	//Mvp_Phunt_Box
13910	1	0	0	0	1	1	1	0	//Cook_Box
13911	1	1	0	1	1	1	1	1	//대만,크리스마스펫스크롤
13912	1	1	0	1	1	1	1	1	//파티블레상자
13913	1	1	0	1	1	1	1	1	//파티민증상자
13914	1	1	0	1	1	1	1	1	//파티아숨상자
13915	1	1	0	1	1	1	1	1	//캐쉬아이템,러브앤젤상자
13916	1	1	0	1	1	1	1	1	//캐쉬아이템,스퀴럴상자
13917	1	1	0	1	1	1	1	1	//캐쉬아이템,고고상자
13918	1	1	0	1	1	1	1	1	//캐쉬아이템,늘어진하얀고양이상자
13919	1	1	0	1	1	1	1	1	//캐쉬아이템,대형마제스틱상자
13920	1	1	0	1	1	1	1	1	//캐쉬아이템,사타닉체인상자
13921	1	1	0	1	1	1	1	1	//캐쉬아이템,앤티크담뱃대상자
13922	1	1	0	1	1	1	1	1	//캐쉬아이템,토끼귀모자상자
13923	1	1	0	1	1	1	1	1	//캐쉬아이템,다크네스헬름상자
13924	1	1	0	1	1	1	1	1	//캐쉬아이템,대형오히투구상자
13925	1	1	0	1	1	1	1	1	//캐쉬아이템,쥐띠해행운스크롤
13926	1	1	0	1	1	1	1	1	//크루카드박스
13927	1	1	0	1	1	1	1	1	//알케카드박스
13928	1	1	0	1	1	1	1	1	//로그카드박스
13929	1	1	0	1	1	1	1	1	//바댄카드박스
13930	1	1	0	1	1	1	1	1	//세이지카드박스
13931	1	1	0	1	1	1	1	1	//몽크카드박스
13932	1	1	0	1	1	1	1	1	//실프박스
13933	1	1	0	1	1	1	1	1	//운디네박스
13934	1	1	0	1	1	1	1	1	//샐러맨더박스
13935	1	1	0	1	1	1	1	1	//소울박스
13936	1	1	0	1	1	1	1	1	//노움박스
13937	1	1	0	1	1	1	1	1	//캐쉬아이템,로보아이상자
13938	1	1	0	1	1	1	1	1	//캐쉬아이템,트윈리본상자
13939	1	1	0	1	1	1	1	1	//캐쉬아이템,다이아뎀상자
13940	1	1	0	1	1	1	1	1	//캐쉬아이템,공성맵텔상자
13941	1	1	0	1	1	1	1	1	//캐쉬아이템,대만발렌타인스크롤
13942	1	1	0	1	1	1	1	1	//캐쉬아이템,러브앤젤상자1달
13943	1	1	0	1	1	1	1	1	//캐쉬아이템,스퀴럴상자1달
13944	1	1	0	1	1	1	1	1	//캐쉬아이템,고고상자1달
13945	1	1	0	1	1	1	1	1	//브라질_검사패키지
13946	1	1	0	1	1	1	1	1	//브라질_마법사패키지
13947	1	1	0	1	1	1	1	1	//브라질_복사패키지
13948	1	1	0	1	1	1	1	1	//브라질_궁수패키지
13949	1	1	0	1	1	1	1	1	//브라질_상인패키지
13950	1	1	0	1	1	1	1	1	//브라질_도둑패키지
13951	1	0	0	0	1	1	1	0	//?????,????????
13952	1	0	0	0	1	1	1	0	//?????,?????????
13953	1	0	0	0	1	1	1	0	//cashitem
13954	1	1	0	1	1	1	1	1	//Spiritual_Tunic_Box
13955	1	1	0	1	1	1	1	1	//Recuperative_Armor_Box
13956	1	1	0	1	1	1	1	1	//Shelter_Resistance_Box
13957	1	0	0	0	1	1	1	0	//cashitem
13958	1	1	0	1	1	1	1	1	//Refresh_Shoes_Box
13959	1	1	0	1	1	1	1	1	//Toast_Box
13960	1	1	0	1	1	1	1	1	//캐쉬아이템,이름변경쿠폰상자
13961	1	1	0	1	1	1	1	1	//캐쉬아이템,대만모찌상자
13962	1	1	0	1	1	1	1	1	//캐쉬아이템,디포르테인형모자상자
13963	1	1	0	1	1	1	1	1	//캐쉬아이템,글라리스인형모자상자
13964	1	1	0	1	1	1	1	1	//캐쉬아이템,소린인형모자상자
13965	1	1	0	1	1	1	1	1	//캐쉬아이템,테일링인형모자상자
13966	1	1	0	1	1	1	1	1	//캐쉬아이템,비닛인형모자상자
13967	1	1	0	1	1	1	1	1	//캐쉬아이템,더블류인형모자상자
13968	1	1	0	1	1	1	1	1	//프랑스프리미엄서비스아이템,풍선껌_하단상자
13969	1	1	0	1	1	1	1	1	//프랑스프리미엄서비스아이템,행운의클립상자
13970	1	1	0	1	1	1	1	1	//캐쉬아이템,철10상자
13971	1	1	0	1	1	1	1	1	//캐쉬아이템,강철10상자
13972	1	1	0	1	1	1	1	1	//캐쉬아이템,석탄10상자
13973	1	1	0	1	1	1	1	1	//캐쉬아이템,독약병30상자
13974	1	1	0	1	1	1	1	1	//캐쉬아이템,대만어부스크롤
13975	1	1	0	1	1	1	1	1	//캐쉬아이템,그림일기상자
13976	1	1	0	1	1	1	1	1	//캐쉬아이템,미니하트상자
13977	1	1	0	1	1	1	1	1	//캐쉬아이템,새내기상자
13978	1	1	0	1	1	1	1	1	//캐쉬아이템,꼬꼬마상자
13979	1	1	0	1	1	1	1	1	//캐쉬아이템,마법의성상자
13980	1	1	0	1	1	1	1	1	//캐쉬아이템,짱구상자
13981	1	1	0	1	1	1	1	1	//캐쉬아이템,그림일기1달상자
13982	1	1	0	1	1	1	1	1	//캐쉬아이템,미니하트1달상자
13983	1	1	0	1	1	1	1	1	//캐쉬아이템,새내기1달상자
13984	1	1	0	1	1	1	1	1	//캐쉬아이템,꼬꼬마1달상자
13985	1	1	0	1	1	1	1	1	//캐쉬아이템,마법의성1달상자
13986	1	1	0	1	1	1	1	1	//캐쉬아이템,짱구1달상자
13987	1	1	0	1	1	1	1	1	//캐쉬아이템,필리핀-오리원석박스5
13988	1	1	0	1	1	1	1	1	//캐쉬아이템,필리핀-오리원석박스50
13989	1	1	0	1	1	1	1	1	//캐쉬아이템,필리핀-애시드폭탄박스10

13991	1	1	0	1	1	1	1	1	//러시아,모자3종-타이거마스크
13992	1	1	0	1	1	1	1	1	//러시아,모자3종-고양이모자
13993	1	1	0	1	1	1	1	1	//러시아,모자3종-엘리스모자
13994	1	1	0	1	1	1	1	1	//캐쉬아이템,필리핀 이속증가포션박스5
13995	1	1	0	1	1	1	1	1	//캐쉬아이템,필리핀 이속증가포션박스10
13996	1	0	0	0	1	1	1	1	//Big_Bun_Box100
13997	1	0	0	0	1	1	1	1	//Big_Bun_Box500
13998	1	1	0	1	1	1	1	1	//Giant_Fly_Wing_Box500
13999	1	0	0	0	1	1	1	1	//Pill__Box100
14000	1	0	0	0	1	1	1	1	//Pill__Box500
14002	1	0	0	0	1	1	1	1	//Adv_Siege_Supply_Box
14003	1	0	0	0	1	1	1	1	//Elite_Siege_Supply_Box
14004	1	1	0	1	1	1	1	1	//캐쉬아이템,필리핀독약병10상자
14005	1	1	0	1	1	1	1	1	//캐쉬아이템,필리핀독약병5상자
14006	1	1	0	1	1	1	1	1	//캐쉬아이템, F늘어진하얀고양이상자
14007	1	1	0	1	1	1	1	1	//캐쉬아이템, F토끼귀모자상자
14008	1	1	0	1	1	1	1	1	//캐쉬아이템, F대형오히투구상자
14009	1	1	0	1	1	1	1	1	//캐쉬아이템, F러브앤젤상자
14010	1	1	0	1	1	1	1	1	//캐쉬아이템, F스퀴럴상자
14011	1	1	0	1	1	1	1	1	//캐쉬아이템, F고고상자
14012	1	1	0	1	1	1	1	1	//캐쉬아이템, F러브앤젤상자1달
14013	1	1	0	1	1	1	1	1	//캐쉬아이템, F스퀴럴상자1달
14014	1	1	0	1	1	1	1	1	//캐쉬아이템, F고고상자1달
14015	1	1	0	1	1	1	1	1	//캐쉬아이템, F황야의무법자상자
14016	1	1	0	1	1	1	1	1	//캐쉬아이템, F레버액션라이플상자
14017	1	1	0	1	1	1	1	1	//캐쉬아이템, F올인원반지상자
14018	1	1	0	1	1	1	1	1	//캐쉬아이템, F스피리츄얼튜닉상자
14019	1	1	0	1	1	1	1	1	//캐쉬아이템, F리큐퍼레이티브상자
14020	1	1	0	1	1	1	1	1	//캐쉬아이템, F쉘터레지스턴스상자
14021	1	1	0	1	1	1	1	1	//캐쉬아이템, F실피드망토상자
14022	1	1	0	1	1	1	1	1	//캐쉬아이템, F리프레쉬슈즈상자
14023	1	1	0	1	1	1	1	1	//캐쉬아이템, F토스트상자
14024	1	1	0	1	1	1	1	1	//캐쉬아이템, F로보아이상자
14025	1	1	0	1	1	1	1	1	//캐쉬아이템, F트윈리본상자
14026	1	1	0	1	1	1	1	1	//캐쉬아이템, F다이아뎀상자
14027	1	1	0	1	1	1	1	1	//캐쉬아이템, F물고기머리모자상자
14028	1	1	0	1	1	1	1	1	//캐쉬아이템, F산타포링모자상자
14029	1	1	0	1	1	1	1	1	//캐쉬아이템, F방울리본상자
14030	1	1	0	1	1	1	1	1	//캐쉬아이템, F미믹소환서상자5
14031	1	1	0	1	1	1	1	1	//캐쉬아이템, F디스가이즈소환상자5
14032	1	1	0	1	1	1	1	1	//캐쉬아이템, F앨리스소환서상자5
14033	1	1	0	1	1	1	1	1	//캐쉬아이템, F미믹소환서상자10
14034	1	1	0	1	1	1	1	1	//캐쉬아이템, F디스가이즈소환상자10
14035	1	1	0	1	1	1	1	1	//캐쉬아이템, F앨리스소환서상자10
14036	1	1	0	1	1	1	1	1	//캐쉬아이템, F미용상품권상자
14037	1	1	0	1	1	1	1	1	//캐쉬아이템, F장비수리주문서상자
14038	1	1	0	1	1	1	1	1	//캐쉬아이템, F장비수리주문서상자10
14039	1	1	0	1	1	1	1	1	//캐쉬아이템, F하키마스크상자
14040	1	1	0	1	1	1	1	1	//캐쉬아이템, F옵저버상자
14041	1	1	0	1	1	1	1	1	//캐쉬아이템, F룬왕국나비날개상자5
14042	1	1	0	1	1	1	1	1	//캐쉬아이템, F룬왕국나비날개상자10
14043	1	1	0	1	1	1	1	1	//캐쉬아이템, F슈발츠나비날개상자5
14044	1	1	0	1	1	1	1	1	//캐쉬아이템, F슈발츠나비날개상자10
14045	1	1	0	1	1	1	1	1	//캐쉬아이템, F라헬나비날개상자5
14046	1	1	0	1	1	1	1	1	//캐쉬아이템, F라헬나비날개상자10
14047	1	1	0	1	1	1	1	1	//캐쉬아이템, F로컬나비날개상자5
14048	1	1	0	1	1	1	1	1	//캐쉬아이템, F로컬나비날개상자10
14049	1	1	0	1	1	1	1	1	//캐쉬아이템, F톡톡캔디상자5
14050	1	1	0	1	1	1	1	1	//캐쉬아이템, F톡톡캔디상자10
14051	1	1	0	1	1	1	1	1	//캐쉬아이템, F던전스크롤2상자5
14052	1	1	0	1	1	1	1	1	//캐쉬아이템, F던전스크롤2상자10
14053	1	1	0	1	1	1	1	1	//캐쉬아이템, F리틀엔젤돌상자
14054	1	1	0	1	1	1	1	1	//캐쉬아이템, F포링겹모자상자
14055	1	1	0	1	1	1	1	1	//캐쉬아이템, F네이건상자
14056	1	1	0	1	1	1	1	1	//캐쉬아이템, F꼬챙이상자
14057	1	1	0	1	1	1	1	1	//캐쉬아이템, F생존의지팡이상자
14058	1	1	0	1	1	1	1	1	//캐쉬아이템, F쿼드릴상자
14059	1	1	0	1	1	1	1	1	//캐쉬아이템, F그레이트액스상자
14060	1	1	0	1	1	1	1	1	//캐쉬아이템, F블러디로어상자
14061	1	1	0	1	1	1	1	1	//캐쉬아이템, F양장본상자
14062	1	1	0	1	1	1	1	1	//캐쉬아이템, F화이어브랜드상자
14063	1	1	0	1	1	1	1	1	//캐쉬아이템, F무형검상자
14064	1	1	0	1	1	1	1	1	//캐쉬아이템, F언홀리터치상자
14065	1	1	0	1	1	1	1	1	//캐쉬아이템, F생존의망토상자
14066	1	1	0	1	1	1	1	1	//캐쉬아이템, F나비가면상자
14067	1	1	0	1	1	1	1	1	//캐쉬아이템, F오크히어로투구상자
14068	1	1	0	1	1	1	1	1	//캐쉬아이템, F악마날개귀상자
14069	1	1	0	1	1	1	1	1	//캐쉬아이템, F검은눈가리개상자
14070	1	1	0	1	1	1	1	1	//캐쉬아이템, F한국늘고상자
14071	1	1	0	1	1	1	1	1	//캐쉬아이템, F커세어상자
14072	1	1	0	1	1	1	1	1	//캐쉬아이템, F철구상자
14073	1	1	0	1	1	1	1	1	//캐쉬아이템, F스피리츄얼링상자
14074	1	1	0	1	1	1	1	1	//캐쉬아이템, F환영의술잔상자5
14075	1	1	0	1	1	1	1	1	//캐쉬아이템, F환영의술잔상자10
14076	1	1	0	1	1	1	1	1	//캐쉬아이템, F쉐도우아머S상자5
14077	1	1	0	1	1	1	1	1	//캐쉬아이템, F쉐도우아머S상자10
14078	1	1	0	1	1	1	1	1	//캐쉬아이템, F쉐도우아머S상자30
14079	1	1	0	1	1	1	1	1	//캐쉬아이템, F홀리아머S상자5
14080	1	1	0	1	1	1	1	1	//캐쉬아이템, F홀리아머S상자10
14081	1	1	0	1	1	1	1	1	//캐쉬아이템, F홀리아머S상자30
14082	1	1	0	1	1	1	1	1	//캐쉬아이템, FS물리방어포션상자10
14083	1	1	0	1	1	1	1	1	//캐쉬아이템, FS물리방어포션상자30
14084	1	1	0	1	1	1	1	1	//캐쉬아이템, FS물리방어포션상자50
14085	1	1	0	1	1	1	1	1	//캐쉬아이템, FB물리방어포션상자10
14086	1	1	0	1	1	1	1	1	//캐쉬아이템, FB물리방어포션상자30
14087	1	1	0	1	1	1	1	1	//캐쉬아이템, FB물리방어포션상자50
14088	1	1	0	1	1	1	1	1	//캐쉬아이템, FS마법방어포션상자10
14089	1	1	0	1	1	1	1	1	//캐쉬아이템, FS마법방어포션상자30
14090	1	1	0	1	1	1	1	1	//캐쉬아이템, FS마법방어포션상자50
14091	1	1	0	1	1	1	1	1	//캐쉬아이템, FB마법방어포션상자10
14092	1	1	0	1	1	1	1	1	//캐쉬아이템, FB마법방어포션상자30
14093	1	1	0	1	1	1	1	1	//캐쉬아이템, FB마법방어포션상자50
14094	1	1	0	1	1	1	1	1	//캐쉬아이템, F비상하는천사상자
14095	1	1	0	1	1	1	1	1	//캐쉬아이템, F네코미미상자
14096	1	1	0	1	1	1	1	1	//캐쉬아이템, F월야화모자상자
14097	1	1	0	1	1	1	1	1	//캐쉬아이템, F병아리모자상자
14098	1	1	0	1	1	1	1	1	//캐쉬아이템, F페코페코머리띠상자
14099	1	1	0	1	1	1	1	1	//캐쉬아이템, F빨간안경상자
14100	1	1	0	1	1	1	1	1	//캐쉬아이템, F위스퍼마스크상자
14101	1	1	0	1	1	1	1	1	//캐쉬아이템, F라면모자상자
14102	1	1	0	1	1	1	1	1	//캐쉬아이템, F던전이동스크롤1상자
14103	1	1	0	1	1	1	1	1	//캐쉬아이템, F소지량증가상자
14104	1	1	0	1	1	1	1	1	//캐쉬아이템, F소형생명수상자
14105	1	1	0	1	1	1	1	1	//캐쉬아이템, F소형생명수상자30
14106	1	1	0	1	1	1	1	1	//캐쉬아이템, F소형생명수상자50
14107	1	1	0	1	1	1	1	1	//캐쉬아이템, F중형생명수상자
14108	1	1	0	1	1	1	1	1	//캐쉬아이템, F중형생명수상자30
14109	1	1	0	1	1	1	1	1	//캐쉬아이템, F중형생명수상자50
14110	1	1	0	1	1	1	1	1	//캐쉬아이템, F연마제상자5
14111	1	1	0	1	1	1	1	1	//캐쉬아이템, F연마제상자10
14112	1	1	0	1	1	1	1	1	//캐쉬아이템, F회복력향상포션상자5
14113	1	1	0	1	1	1	1	1	//캐쉬아이템, F회복력향상포션상자10
14114	1	1	0	1	1	1	1	1	//캐쉬아이템, F던전이동스크롤상자10
14115	1	1	0	1	1	1	1	1	//캐쉬아이템, F등뒤를베는자상자
14116	1	1	0	1	1	1	1	1	//캐쉬아이템, F무라마사상자
14117	1	1	0	1	1	1	1	1	//캐쉬아이템, F엑스칼리버상자
14118	1	1	0	1	1	1	1	1	//캐쉬아이템, F컴뱃나이프상자
14119	1	1	0	1	1	1	1	1	//캐쉬아이템, F카운터단검상자
14120	1	1	0	1	1	1	1	1	//캐쉬아이템, F카이저너클상자
14121	1	1	0	1	1	1	1	1	//캐쉬아이템, F마이트스태프상자
14122	1	1	0	1	1	1	1	1	//캐쉬아이템, F라이트엡실론상자
14123	1	1	0	1	1	1	1	1	//캐쉬아이템, F발리스타상자
14124	1	1	0	1	1	1	1	1	//캐쉬아이템, F현자일기상자
14125	1	1	0	1	1	1	1	1	//캐쉬아이템, F아슈라상자
14126	1	1	0	1	1	1	1	1	//캐쉬아이템, F명사수사과상자
14127	1	1	0	1	1	1	1	1	//캐쉬아이템, F토끼머리띠상자
14128	1	1	0	1	1	1	1	1	//캐쉬아이템, F삿갓상자
14129	1	1	0	1	1	1	1	1	//캐쉬아이템, F로드서클릿상자
14130	1	1	0	1	1	1	1	1	//캐쉬아이템, F요정귀상자
14131	1	1	0	1	1	1	1	1	//캐쉬아이템, F강철꽃잎상자
14132	1	1	0	1	1	1	1	1	//캐쉬아이템, F크리티컬링상자
14133	1	1	0	1	1	1	1	1	//캐쉬아이템, F이어링상자
14134	1	1	0	1	1	1	1	1	//캐쉬아이템, F링상자
14135	1	1	0	1	1	1	1	1	//캐쉬아이템, F네클리스상자
14136	1	1	0	1	1	1	1	1	//캐쉬아이템, F글러브상자
14137	1	1	0	1	1	1	1	1	//캐쉬아이템, F브로치상자
14138	1	1	0	1	1	1	1	1	//캐쉬아이템, F로자리상자
14139	1	1	0	1	1	1	1	1	//캐쉬아이템, F세이프티링상자
14140	1	1	0	1	1	1	1	1	//캐쉬아이템, F베스퍼코어상자01
14141	1	1	0	1	1	1	1	1	//캐쉬아이템, F베스퍼코어상자02
14142	1	1	0	1	1	1	1	1	//캐쉬아이템, F베스퍼코어상자03
14143	1	1	0	1	1	1	1	1	//캐쉬아이템, F베스퍼코어상자04
14144	1	1	0	1	1	1	1	1	//캐쉬아이템, F힘내그라패키지1
14145	1	1	0	1	1	1	1	1	//캐쉬아이템, F힘내그라패키지2
14146	1	1	0	1	1	1	1	1	//캐쉬아이템, F힘내그라패키지3
14147	1	1	0	1	1	1	1	1	//캐쉬아이템, F힘내그라패키지4
14148	1	1	0	1	1	1	1	1	//캐쉬아이템, F힘내그라패키지5
14149	1	1	0	1	1	1	1	1	//캐쉬아이템, F힘내그라패키지6
14150	1	1	0	1	1	1	1	1	//캐쉬아이템, F힘내그라패키지7
14151	1	1	0	1	1	1	1	1	//캐쉬아이템, F힘내그라패키지8
14152	1	1	0	1	1	1	1	1	//캐쉬아이템, F힘내그라패키지9
14153	1	1	0	1	1	1	1	1	//캐쉬아이템, F힘내그라패키지10
14154	1	1	0	1	1	1	1	1	//캐쉬아이템, F힘내그라패키지11
14155	1	1	0	1	1	1	1	1	//캐쉬아이템, F힘내그라패키지12
14156	1	1	0	1	1	1	1	1	//캐쉬아이템, F전투교범상자
14157	1	1	0	1	1	1	1	1	//캐쉬아이템, F보험증서봉투
14158	1	1	0	1	1	1	1	1	//캐쉬아이템, F풍선껌박스
14159	1	1	0	1	1	1	1	1	//캐쉬아이템, F힘요리상자
14160	1	1	0	1	1	1	1	1	//캐쉬아이템, F어질요리상자
14161	1	1	0	1	1	1	1	1	//캐쉬아이템, F인트요리상자
14162	1	1	0	1	1	1	1	1	//캐쉬아이템, F덱요리상자
14163	1	1	0	1	1	1	1	1	//캐쉬아이템, F럭요리상자
14164	1	1	0	1	1	1	1	1	//캐쉬아이템, F바탈요리상자
14165	1	1	0	1	1	1	1	1	//캐쉬아이템, F카프라명함상자
14166	1	1	0	1	1	1	1	1	//캐쉬아이템, F거대한파리날개상자
14167	1	1	0	1	1	1	1	1	//캐쉬아이템, F섬광막대상자
14168	1	1	0	1	1	1	1	1	//캐쉬아이템, F볼록거울상자
14169	1	1	0	1	1	1	1	1	//캐쉬아이템, F블레싱10스크롤상자
14170	1	1	0	1	1	1	1	1	//캐쉬아이템, F민첩성10스크롤상자
14171	1	1	0	1	1	1	1	1	//캐쉬아이템, F아스5스크롤상자
14172	1	1	0	1	1	1	1	1	//캐쉬아이템, F아숨5스크롤상자
14173	1	1	0	1	1	1	1	1	//캐쉬아이템, F윈드워크10스크롤상자
14174	1	1	0	1	1	1	1	1	//캐쉬아이템, F아드스크롤상자
14175	1	1	0	1	1	1	1	1	//캐쉬아이템, F확성기_상자
14176	1	1	0	1	1	1	1	1	//캐쉬아이템, F축에르상자
14177	1	1	0	1	1	1	1	1	//캐쉬아이템, F축오리상자
14178	1	1	0	1	1	1	1	1	//캐쉬아이템, F지크프리드의증표상자
14179	1	1	0	1	1	1	1	1	//캐쉬아이템, F거대파리날개상자50
14180	1	1	0	1	1	1	1	1	//캐쉬아이템, F거대파리날개상자100
14181	1	1	0	1	1	1	1	1	//캐쉬아이템, F덱요리상자30
14182	1	1	0	1	1	1	1	1	//캐쉬아이템, F덱요리상자50
14183	1	1	0	1	1	1	1	1	//캐쉬아이템, F럭요리상자30
14184	1	1	0	1	1	1	1	1	//캐쉬아이템, F럭요리상자50
14185	1	1	0	1	1	1	1	1	//캐쉬아이템, F민첩성10상자30
14186	1	1	0	1	1	1	1	1	//캐쉬아이템, F민첩성10상자50
14187	1	1	0	1	1	1	1	1	//캐쉬아이템, F바탈요리상자30
14188	1	1	0	1	1	1	1	1	//캐쉬아이템, F바탈요리상자50
14189	1	1	0	1	1	1	1	1	//캐쉬아이템, F보험증서봉투30
14190	1	1	0	1	1	1	1	1	//캐쉬아이템, F보험증서봉투50
14191	1	1	0	1	1	1	1	1	//캐쉬아이템, F볼록거울상자5
14192	1	1	0	1	1	1	1	1	//캐쉬아이템, F볼록거울상자30
14193	1	1	0	1	1	1	1	1	//캐쉬아이템, F블레싱10상자30
14194	1	1	0	1	1	1	1	1	//캐쉬아이템, F블레싱10상자50
14195	1	1	0	1	1	1	1	1	//캐쉬아이템, F아드스크롤상자30
14196	1	1	0	1	1	1	1	1	//캐쉬아이템, F아드스크롤상자50
14197	1	1	0	1	1	1	1	1	//캐쉬아이템, F아숨5상자30
14198	1	1	0	1	1	1	1	1	//캐쉬아이템, F아숨5상자50
14199	1	1	0	1	1	1	1	1	//캐쉬아이템, F아스5상자30
14200	1	1	0	1	1	1	1	1	//캐쉬아이템, F아스5상자50
14201	1	1	0	1	1	1	1	1	//캐쉬아이템, F어질요리상자30
14202	1	1	0	1	1	1	1	1	//캐쉬아이템, F어질요리상자50
14203	1	1	0	1	1	1	1	1	//캐쉬아이템, F윈드워크10상자30
14204	1	1	0	1	1	1	1	1	//캐쉬아이템, F윈드워크10상자50
14205	1	1	0	1	1	1	1	1	//캐쉬아이템, F인트요리상자30
14206	1	1	0	1	1	1	1	1	//캐쉬아이템, F인트요리상자50
14207	1	1	0	1	1	1	1	1	//캐쉬아이템, F전투교범상자1
14208	1	1	0	1	1	1	1	1	//캐쉬아이템, F전투교범상자5
14209	1	1	0	1	1	1	1	1	//캐쉬아이템, F지크프리드상자5
14210	1	1	0	1	1	1	1	1	//캐쉬아이템, F지크프리드상자20
14211	1	1	0	1	1	1	1	1	//캐쉬아이템, F카프라명함상자30
14212	1	1	0	1	1	1	1	1	//캐쉬아이템, F카프라명함상자50
14213	1	1	0	1	1	1	1	1	//캐쉬아이템, F힘요리상자30
14214	1	1	0	1	1	1	1	1	//캐쉬아이템, F힘요리상자50
14215	1	1	0	1	1	1	1	1	//캐쉬아이템, F풍선껌박스1
14216	1	1	0	1	1	1	1	1	//캐쉬아이템, F풍선껌박스5
14217	1	1	0	1	1	1	1	1	//캐쉬아이템, F확성기상자1
14218	1	1	0	1	1	1	1	1	//캐쉬아이템, F확성기상자5
14219	1	1	0	1	1	1	1	1	//캐쉬아이템, F축에르상자5
14220	1	1	0	1	1	1	1	1	//캐쉬아이템, F축오리상자5
14221	1	1	0	1	1	1	1	1	//캐쉬아이템, 마증스크롤상자
14222	1	1	0	1	1	1	1	1	//캐쉬아이템, 마증스크롤상자30
14223	1	1	0	1	1	1	1	1	//캐쉬아이템, 마증스크롤상자50
14224	1	1	0	1	1	1	1	1	//캐쉬아이템, 콰그스크롤상자
14225	1	1	0	1	1	1	1	1	//캐쉬아이템, 콰그스크롤상자30
14226	1	1	0	1	1	1	1	1	//캐쉬아이템, 콰그스크롤상자50
14227	1	1	0	1	1	1	1	1	//캐쉬아이템, 치유의지팡이상자
14228	1	1	0	1	1	1	1	1	//캐쉬아이템, 프락시너스상자
14229	1	0	0	0	1	0	0	0	//Sakura_Scroll

14252	1	0	0	0	1	1	1	1	//Beholder_Ring_Box2
14253	1	0	0	0	1	1	1	1	//Hallow_Ring_Box2
14254	1	0	0	0	1	1	1	1	//Clamorous_Ring_Box2
14255	1	0	0	0	1	1	1	1	//Chemical_Ring_Box2
14256	1	0	0	0	1	1	1	1	//Insecticide_Ring_Box2
14257	1	0	0	0	1	1	1	1	//Fisher_Ring_Box2
14258	1	0	0	0	1	1	1	1	//Decussate_Ring_Box2
14259	1	0	0	0	1	1	1	1	//Bloody_Ring_Box2
14260	1	0	0	0	1	1	1	1	//Satanic_Ring_Box2
14261	1	0	0	0	1	1	1	1	//Dragoon_Ring_Box2
14289	1	0	0	0	1	1	1	1	//Clothing_Dye_Coupon_Box
14290	1	0	0	0	1	1	1	1	//Clothing_Dye_Coupon2_Box
14296	1	1	0	1	1	1	1	1	//캐쉬아이템,대만엔젤스크롤
14297	1	0	0	0	1	1	1	0	//Devil_Scroll
14298	1	0	0	0	1	1	1	0	//캐쉬아이템,대만깜짝스크롤
14299	1	1	0	1	1	1	1	1	//러시아캐쉬템, 진화한잎새상자
14300	1	1	0	1	1	1	1	1	//캐쉬아이템,이프리트가면상자
14301	1	1	0	1	1	1	1	1	//캐쉬아이템,이프리트의귀상자
14302	1	1	0	1	1	1	1	1	//캐쉬아이템, 필리르모자상자
14303	1	1	0	1	1	1	1	1	//캐쉬아이템, 천사의유령상자
14304	1	1	0	1	1	1	1	1	//캐쉬아이템, 스쿠버마스크상자
14305	1	1	0	1	1	1	1	1	//캐쉬아이템, 네코미미카프라상자
14306	1	1	0	1	1	1	1	1	//캐쉬아이템,대만RWC특수스크롤
14307	1	1	0	1	1	1	1	1	//캐쉬아이템,대만RWC한정스크롤
14308	1	1	0	1	1	1	1	1	//캐쉬아이템,대만열혈스크롤
14309	1	1	0	1	1	1	1	1	//캐쉬아이템, 갱스카프상자
14310	1	1	0	1	1	1	1	1	//캐쉬아이템, 닌자의두루마리상자
14311	1	1	0	1	1	1	1	1	//캐쉬아이템, F천사의유령상자
14312	1	1	0	1	1	1	1	1	//캐쉬아이템, F갱스카프상자
14313	1	1	0	1	1	1	1	1	//캐쉬아이템, F닌자의두루마리상자
14314	1	1	0	1	1	1	1	1	//캐쉬아이템, 프리오니S상자
14315	1	0	0	0	1	1	1	0	//GhostringS_Box
14316	1	1	0	1	1	1	1	1	//캐쉬아이템,대만7월7석스크롤
14317	1	1	0	1	1	1	1	1	//캐쉬아이템,대만백소진스크롤
14318	1	1	0	1	1	1	1	1	//캐쉬아이템, 전파안테나상자
14319	1	1	0	1	1	1	1	1	//캐쉬아이템, 티라야보넷상자
14320	1	1	0	1	1	1	1	1	//캐쉬아이템, 벌룬햇상자
14321	1	1	0	1	1	1	1	1	//캐쉬아이템, 신성의세이버상자
14322	1	1	0	1	1	1	1	1	//캐쉬아이템, 기도하는자의서상자
14323	1	1	0	1	1	1	1	1	//캐쉬아이템, 범상치않은자의채찍상자
14324	1	1	0	1	1	1	1	1	//캐쉬아이템, 밝지못한자의지팡이상자
14325	1	1	0	1	1	1	1	1	//캐쉬아이템, 수도승의너클상자
14326	1	1	0	1	1	1	1	1	//캐쉬아이템, 광기의둔기상자
14327	1	1	0	1	1	1	1	1	//캐쉬아이템, 훌륭한장창상자
14328	1	1	0	1	1	1	1	1	//캐쉬아이템, 악마의활상자
14329	1	1	0	1	1	1	1	1	//캐쉬아이템, 재빠른카타르상자
14330	1	1	0	1	1	1	1	1	//캐쉬아이템, 명사수의리볼버상자
14331	1	1	0	1	1	1	1	1	//캐쉬아이템, 길드원모집모자상자
14332	1	1	0	1	1	1	1	1	//캐쉬아이템, 파티구함모자상자
14333	1	1	0	1	1	1	1	1	//캐쉬아이템, 남친구함모자상자
14334	1	1	0	1	1	1	1	1	//캐쉬아이템, 친구구함모자상자
14335	1	1	0	1	1	1	1	1	//캐쉬아이템, 여친구함모자상자
14336	1	1	0	1	1	1	1	1	//캐쉬아이템, 마칭햇상자
14337	1	1	0	1	1	1	1	1	//캐쉬아이템, F길드원모집모자상자
14338	1	1	0	1	1	1	1	1	//캐쉬아이템, F파티구함모자상자
14339	1	1	0	1	1	1	1	1	//캐쉬아이템, F남친구함모자상자
14340	1	1	0	1	1	1	1	1	//캐쉬아이템, F친구구함모자상자
14341	1	1	0	1	1	1	1	1	//캐쉬아이템, F여친구함모자상자
14342	1	1	0	1	1	1	1	1	//캐쉬아이템, F마칭햇상자
14343	1	1	0	1	1	1	1	1	//러시아캐시아이템, 대못박힌스카프상자
14344	1	1	0	1	1	1	1	1	//러시아캐시아이템, 무지개스카프상자
14345	1	0	0	0	1	0	0	0	//Animal_Scroll
14346	1	1	0	1	1	1	1	1	//캐쉬아이템,브라질국기두건상자
14347	1	1	0	1	1	1	1	1	//캐쉬아이템, 탐욕스크롤_C20상자
14348	1	1	0	1	1	1	1	1	//캐쉬아이템, 탐욕스크롤_C50상자
14349	1	1	0	1	1	1	1	1	//캐쉬아이템, 멘탈포션20상자
14350	1	1	0	1	1	1	1	1	//캐쉬아이템, 멘탈포션50상자
14351	1	1	0	1	1	1	1	1	//캐쉬아이템, 티르의축복20상자
14352	1	1	0	1	1	1	1	1	//캐쉬아이템, 티르의축복50상자
14353	1	1	0	1	1	1	1	1	//캐쉬아이템, F탐욕스크롤_C20상자
14354	1	1	0	1	1	1	1	1	//캐쉬아이템, F탐욕스크롤_C50상자
14355	1	1	0	1	1	1	1	1	//캐쉬아이템, F멘탈포션20상자
14356	1	1	0	1	1	1	1	1	//캐쉬아이템, F멘탈포션50상자
14357	1	1	0	1	1	1	1	1	//캐쉬아이템, F티르의축복20상자
14358	1	1	0	1	1	1	1	1	//캐쉬아이템, F티르의축복50상자
14359	1	0	0	0	1	1	1	0	//TaogunkaS_Box
14360	1	1	0	1	1	1	1	1	//캐쉬아이템, 미스트레스S상자
14361	1	0	0	0	1	1	1	0	//Orc_HeroS_Box
14362	1	0	0	0	1	1	1	0	//Orc_LoadS_Box
14363	1	0	0	0	1	0	0	0	//Heart_Scroll
14364	1	1	0	1	1	1	1	1	//캐쉬아이템, 잡교범25상자1
14365	1	1	0	1	1	1	1	1	//캐쉬아이템, 잡교범25상자5
14366	1	1	0	1	1	1	1	1	//캐쉬아이템, 잡교범25상자10
14367	1	1	0	1	1	1	1	1	//캐쉬아이템, F잡교범25상자1
14368	1	1	0	1	1	1	1	1	//캐쉬아이템, F잡교범25상자5
14369	1	1	0	1	1	1	1	1	//캐쉬아이템, F잡교범25상자10
14379	1	0	0	0	1	1	1	0	//태국 러브대디_Box
14408	1	0	0	0	1	1	1	0	//New_Year_Scroll
14422	1	1	0	1	1	1	1	1	//샤먼의고문서상자
14423	1	1	0	1	1	1	1	1	//부러진검상자
14424	1	1	0	1	1	1	1	1	//비조프닐의날개상자
14430	1	0	0	0	1	1	1	0	//Pizza_Hat_Box
14438	1	0	0	0	1	1	1	0	//Honglyun's_Sword_Box
14439	1	0	0	0	1	1	1	0	//Power_Of_Thor_Box
14440	1	0	0	0	1	1	1	0	//Dice_Hat_Box
14441	1	0	0	0	1	1	1	0	//King_Tiger_Doll_Hat_Box
14442	1	0	0	0	1	1	1	0	//Wondering_Wolf_King_Helm_Box
14449	1	1	0	1	1	1	1	1	//후긴의알01
14450	1	1	0	1	1	1	1	1	//후긴의알02
14466	1	1	1	1	1	1	1	1	//전세계 발렌타인데이 이벤트
14469	1	0	0	0	1	1	1	0	//Ox_Tail_Scroll
14485	1	1	0	1	1	1	1	1	//Academy_Badge_Box
14486	1	1	0	1	1	1	1	1	//Academy_Fresh_Hat_Box
14487	1	1	0	1	1	1	1	1	//Academy_Gradu_Cap_Box
14488	1	0	0	0	1	1	1	0	//2009_태국_Blue_Pajamas_Hat
14489	1	0	0	0	1	1	1	0	//2009_태국_Pink_Pajamas_Hat
14494	1	0	0	0	1	1	1	0	//Samambaia_Box
14512	1	1	0	1	1	1	1	1	//캐쉬아이템,메테오10주문서
14513	1	1	0	1	1	1	1	1	//캐쉬아이템,스가10주문서
14514	1	1	0	1	1	1	1	1	//캐쉬아이템,버밀10주문서
14515	1	1	0	1	1	1	1	1	//캐쉬아이템,렉스에테주문서

14517	1	1	0	1	1	1	1	1	//CP_Helm_Scroll
14518	1	1	0	1	1	1	1	1	//CP_Shield_Scroll
14519	1	1	0	1	1	1	1	1	//CP_Armor_Scroll
14520	1	1	0	1	1	1	1	1	//CP_Weapon_Scroll
14521	1	1	0	1	1	1	1	1	//Repair_Scroll
14522	1	1	0	1	1	1	1	1	//캐쉬아이템,왕만두
14523	1	1	0	1	1	1	1	1	//캐쉬아이템,환약_
14524	1	1	0	1	1	1	1	1	//캐쉬아이템,환상의회
14525	1	1	0	1	1	1	1	1	//캐쉬아이템,찰떡
14526	1	1	0	1	1	1	1	1	//캐쉬아이템,유밀과
14527	1	1	0	1	1	1	1	1	//Dun_Tele_Scroll1
14546	1	1	0	1	1	1	1	1	//캐쉬아이템, 대만폭죽
14547	1	1	0	1	1	1	1	1	//캐쉬아이템, 대만폭죽
14548	1	1	0	1	1	1	1	1	//캐쉬아이템, 대만폭죽
14549	1	1	0	1	1	1	1	1	//캐쉬아이템, 대만폭죽
14550	1	1	0	1	1	1	1	1	//캐쉬아이템, 대만폭죽
14569	1	0	0	0	1	1	1	1	//Knife_Goblin_Ring
14570	1	0	0	0	1	1	1	1	//Flail_Goblin_Ring
14571	1	0	0	0	1	1	1	1	//Hammer_Goblin_Ring
14572	1	0	0	0	1	1	1	1	//Holy_Marble
14573	1	0	0	0	1	1	1	1	//Red_Burning_Stone
14574	1	0	0	0	1	1	1	1	//Skull_Of_Vagabond

14587	1	1	0	1	1	1	1	1	//Repair_Scroll_
14588	1	1	0	1	1	1	1	1	//파티블레스크롤
14589	1	1	0	1	1	1	1	1	//파티민증스크롤
14590	1	1	0	1	1	1	1	1	//파티아숨스크롤
14592	1	1	0	1	1	1	1	1	//캐쉬아이템,잡교범50
14593	1	1	0	1	1	1	1	1	//캐쉬아이템, 마증스크롤
14594	1	1	0	1	1	1	1	1	//캐쉬아이템, 콰그스크롤
14597	1	1	0	1	1	1	1	1	//캐쉬아이템, 프리오니S
14598	1	1	0	1	1	1	1	1	//캐쉬아이템, 고스트링S
14599	1	1	0	1	1	1	1	1	//캐쉬아이템, 탐욕스크롤_C
14601	1	0	0	0	0	1	1	0	//Tyr's_Blessing
14602	1	1	0	1	1	1	1	1	//캐쉬아이템, 타오군카S
14603	1	1	0	1	1	1	1	1	//캐쉬아이템, 미스트레스S
14604	1	1	0	1	1	1	1	1	//캐쉬아이템, 오크히어로S
14605	1	1	0	1	1	1	1	1	//캐쉬아이템, 오크로드S
14606	1	1	0	1	1	1	1	1	//캐쉬아이템, 잡교범25
14613	1	0	0	0	1	1	1	0	//RWC_Scroll_2012
14614	1	0	0	0	1	1	1	0	//Ex_Def_Potion

14699	1	0	0	0	1	1	1	0	//Garuda_Scroll
14704	1	1	0	1	1	1	1	1	//Gemstone_Shadow_Box
14705	1	1	0	1	1	1	1	1	//Sealed_F_Bishop_Scroll
14709	1	0	0	0	1	1	1	0	//TW_13y_Lucky_Egg_09
14711	1	0	0	0	1	1	1	0	//TW_13y_Lucky_Egg_10
14712	1	0	0	0	1	1	1	0	//TW_13y_Wish_Achieve
14718	1	1	0	1	1	1	1	1	//Sealed_TurtleG_Scroll
14726	1	1	0	1	1	1	1	1	//Greed_Shadow_Box
14727	1	1	0	1	1	1	1	1	//Heal_Shadow_Box
14731	1	1	0	1	1	1	1	1	//Teleport_Shadow_Box
14732	1	1	0	1	1	1	1	1	//Steal_Shadow_Box
14733	1	1	0	1	1	1	1	1	//Sealed_Pharaoh_Scroll
14871	1	0	0	0	1	0	0	0	//Bubble_Scroll_TH
14872	1	0	0	0	1	0	0	0	//Clay_Jar_Scroll_TH
14910	1	0	0	0	1	1	1	0	//Blessing_Scroll_TH
14911	1	0	0	0	1	1	1	0	//Element_Scroll_TH
14914	1	0	0	0	1	1	1	0	//Ribbon_Scroll_TH
14917	1	0	0	0	1	1	1	0	//Rabbit_Dress_Scroll_TH
14920	1	0	0	0	1	1	1	0	//Ang_Pao_TH18
14925	1	0	0	0	1	1	1	0	//Sky_Memory_Scroll_TH
14926	1	0	0	0	1	1	1	0	//Black_Cat_Scroll_TH
14936	1	0	0	0	1	1	1	0	//Splash_AG_Scroll_TH
14937	1	0	0	0	1	1	1	0	//Spout_AG_Scroll_TH
14956	1	0	0	0	1	1	1	0	//Charcoal_Scroll_TH
14957	1	0	0	0	1	1	1	0	//Oni_Scroll_TH
14958	1	0	0	0	1	1	1	0	//SLD_B_Katrinn_Scroll_TH
14964	1	0	0	0	1	1	1	0	//Sealed_Artoce_Scroll_TH
14965	1	0	0	0	1	1	1	0	//Sunflower_Scroll_TH
14974	1	0	0	0	1	1	1	0	//Thanatos_Scroll_TH 
14975	1	0	0	0	1	1	1	0	//Pretty_Bear_Scroll_TH  
14985	1	0	0	0	1	1	1	0	//Butterfly_Scroll_TH
14986	1	0	0	0	1	1	1	0	//Shiba_AG_Scroll_TH
14999	1	0	0	0	1	1	1	0	//Metal_D_Scroll_TH
15002	1	1	1	1	1	1	1	1	//3차전직_룬플레이트
15009	1	1	1	1	0	1	1	1	//낙원단제복1
15010	1	1	1	1	0	1	1	1	//낙원단제복2
15011	1	1	1	1	0	1	1	1	//낙원단제복3
15031	1	1	1	1	0	1	1	1	//낙원단갑옷4
15033	1	1	1	1	1	1	1	1	//튜토리얼맨틀
15034	1	1	1	1	1	1	1	1	//튜토리얼맨틀_
15035	1	0	0	0	1	0	0	0	//2010_Love_Dad
15058	1	0	0	0	1	1	1	0	//Rider_Suit
15059	0	0	0	0	1	0	0	0	//2011Love_Daddy
15061	1	0	0	0	1	1	1	0	//Egir_Armor
15067	1	1	1	1	1	1	1	1	//Rune_Suit
15197	1	0	0	0	1	1	1	0	//P_Upg_Adv_Suit
15198	1	0	0	0	1	1	1	0	//P_Upg_Coat
15199	1	0	0	0	1	1	1	0	//P_Upg_Mail
15200	1	0	0	0	1	1	1	0	//P_Upg_Saint_Robe
15201	1	0	0	0	1	1	1	0	//P_Upg_Thief_Cloth
15202	1	0	0	0	1	1	1	0	//P_Upg_Tights
15350	1	0	0	0	1	1	1	0	//Elephangel_TH
15355	1	0	0	0	1	1	1	0	//Marin_Balloon_TH
16002	1	1	1	1	1	1	1	1	//스터너_C
16004	1	1	1	1	0	1	1	1	//P메이스1
16005	1	1	1	1	0	1	1	1	//P메이스2
16006	1	1	1	1	0	1	1	1	//여행자의메이스
16014	1	1	1	1	0	1	1	1	//P메이스3
16016	1	1	1	1	1	1	1	1	//참다랑어
16025	1	1	1	1	0	1	1	1	//TE_Woe_Mace
16036	1	0	0	0	1	1	1	0	//Ru_Blue_Mace
16100	1	1	0	1	1	1	1	1	//분노입_C상자
16101	1	1	0	1	1	1	1	1	//한국_행운의상자
16102	1	1	0	1	1	1	1	1	//크레이모어_C상자
16103	1	1	0	1	1	1	1	1	//자마다르_C상자
16104	1	1	0	1	1	1	1	1	//투핸드액스_C상자
16105	1	1	0	1	1	1	1	1	//랜스_C상자
16106	1	1	0	1	1	1	1	1	//풍마_대차륜_C상자
16107	1	1	0	1	1	1	1	1	//오키쉬액스_C상자
16108	1	1	0	1	1	1	1	1	//파이크_C상자
16109	1	1	0	1	1	1	1	1	//대백과사전_C상자
16110	1	1	0	1	1	1	1	1	//피스트_C상자
16111	1	1	0	1	1	1	1	1	//기타_C상자
16112	1	1	0	1	1	1	1	1	//란테_C상자
16113	1	1	0	1	1	1	1	1	//다마스커스_C상자
16114	1	1	0	1	1	1	1	1	//프람베르그_C상자
16115	1	1	0	1	1	1	1	1	//스터너_C상자
16116	1	1	0	1	1	1	1	1	//F한국_행운의상자
16117	1	1	0	1	1	1	1	1	//F크레이모어_C상자
16118	1	1	0	1	1	1	1	1	//F자마다르_C상자
16119	1	1	0	1	1	1	1	1	//F투핸드액스_C상자
16120	1	1	0	1	1	1	1	1	//F랜스_C상자
16121	1	1	0	1	1	1	1	1	//F풍마_대차륜_C상자
16122	1	1	0	1	1	1	1	1	//F오키쉬액스_C상자
16123	1	1	0	1	1	1	1	1	//F파이크_C상자
16124	1	1	0	1	1	1	1	1	//F대백과사전_C상자
16125	1	1	0	1	1	1	1	1	//F피스트_C상자
16126	1	1	0	1	1	1	1	1	//F기타_C상자
16127	1	1	0	1	1	1	1	1	//F란테_C상자
16128	1	1	0	1	1	1	1	1	//F다마스커스_C상자
16129	1	1	0	1	1	1	1	1	//F프람베르그_C상자
16130	1	1	0	1	1	1	1	1	//F스터너_C상자
16131	1	0	0	0	1	1	1	0	//Lady_Tanee_Doll_Box
16132	1	0	0	0	1	1	1	0	//Lunatic_Hat_Box
16133	1	1	0	1	1	1	1	1	//빛의수호지팡이상자
16134	1	0	0	0	1	1	1	0	//King_Frog_Hat_Box
16135	1	0	0	0	1	1	1	0	//Evil's_Bone_Hat_Box
16136	1	1	0	1	1	1	1	1	//여신의축복상자10
16137	1	1	0	1	1	1	1	1	//천사의축복상자10
16138	1	1	0	1	1	1	1	1	//파우더눈상자10
16139	1	1	0	1	1	1	1	1	//작은하트상자10
16140	1	1	0	1	1	1	1	1	//폭죽_일본상자10
16141	1	1	0	1	1	1	1	1	//금빛귀걸이상자
16142	1	1	0	1	1	1	1	1	//초록복주머니상자
16143	1	1	0	1	1	1	1	1	//패션안경상자
16144	1	1	0	1	1	1	1	1	//별모양머리띠상자
16145	1	1	0	1	1	1	1	1	//두루마기용술상자
16146	1	1	0	1	1	1	1	1	//펫영혼고리상자
16147	1	1	0	1	1	1	1	1	//멋진휘장상자
16148	1	1	0	1	1	1	1	1	//옥노리개상자
16149	1	1	0	1	1	1	1	1	//여름부채상자
16150	1	1	0	1	1	1	1	1	//죽음의고리상자
16151	1	1	0	1	1	1	1	1	//여왕의코로넷상자
16152	1	1	0	1	1	1	1	1	//아프로헤어상자
16153	1	1	0	1	1	1	1	1	//무도회가면상자
16154	1	1	0	1	1	1	1	1	//태엽상자
16155	1	1	0	1	1	1	1	1	//지옥의뿔상자
16156	1	1	0	1	1	1	1	1	//포링티켓상자
16157	1	1	0	1	1	1	1	1	//드롭프스티켓상자
16158	1	1	0	1	1	1	1	1	//포포링티켓상자
16159	1	1	0	1	1	1	1	1	//루나틱티켓상자
16160	1	1	0	1	1	1	1	1	//픽키티켓상자
16161	1	1	0	1	1	1	1	1	//페코페코티켓상자
16162	1	1	0	1	1	1	1	1	//세비지베베티켓상자
16163	1	1	0	1	1	1	1	1	//스포아티켓상자
16164	1	1	0	1	1	1	1	1	//포이즌스포아티켓상자
16165	1	1	0	1	1	1	1	1	//촌촌티켓상자
16166	1	1	0	1	1	1	1	1	//스틸촌촌티켓상자
16167	1	1	0	1	1	1	1	1	//쁘띠티켓상자
16168	1	1	0	1	1	1	1	1	//데비루치티켓상자
16169	1	1	0	1	1	1	1	1	//이시스티켓상자
16170	1	1	0	1	1	1	1	1	//스모키티켓상자
16171	1	1	0	1	1	1	1	1	//도깨비티켓상자
16172	1	1	0	1	1	1	1	1	//새끼데저트울프티켓상자
16173	1	1	0	1	1	1	1	1	//요요티켓상자
16174	1	1	0	1	1	1	1	1	//소희티켓상자
16175	1	1	0	1	1	1	1	1	//로커티켓상자
16176	1	1	0	1	1	1	1	1	//헌터플라이티켓상자
16177	1	1	0	1	1	1	1	1	//오크워리어티켓상자
16178	1	1	0	1	1	1	1	1	//바포주니어티켓상자
16179	1	1	0	1	1	1	1	1	//무낙티켓상자
16180	1	1	0	1	1	1	1	1	//본건티켓상자
16181	1	1	0	1	1	1	1	1	//고블린티켓상자
16182	1	1	0	1	1	1	1	1	//딱딱한떡티켓상자
16183	1	1	0	1	1	1	1	1	//지르타스티켓상자
16184	1	1	0	1	1	1	1	1	//앨리스티켓상자
16185	1	1	0	1	1	1	1	1	//까마귀모자상자
16186	1	1	0	1	1	1	1	1	//아기용모자상자
16187	1	1	0	1	1	1	1	1	//F분노입_C상자
16188	1	1	0	1	1	1	1	1	//토끼마술모상자
16189	1	1	0	1	1	1	1	1	//사이드캡상자
16190	1	1	0	1	1	1	1	1	//F토끼마술모상자
16191	1	1	0	1	1	1	1	1	//F사이드캡상자
16192	1	1	0	1	1	1	1	1	//콰티모자상자
16193	1	1	0	1	1	1	1	1	//투칸모자상자
16194	1	1	0	1	1	1	1	1	//재규어모자상자
16220	1	1	0	1	1	1	1	1	//마리오넷테이밍C상자
16221	1	1	0	1	1	1	1	1	//위스퍼테이밍C상자
16222	1	1	0	1	1	1	1	1	//인큐버스테이밍C상자
16223	1	1	0	1	1	1	1	1	//F마리오넷테이밍C상자
16224	1	1	0	1	1	1	1	1	//F위스퍼테이밍C상자
16225	1	1	0	1	1	1	1	1	//F인큐버스테이밍C상자
16228	1	1	0	1	1	1	1	1	//RJC카츄사상자
16229	1	1	0	1	1	1	1	1	//진홍의장미상자
16232	1	0	0	1	1	1	1	0	//레긴레이브상자
16235	1	0	0	0	1	0	0	0	//Octopus_Hat_Box
16236	1	0	0	0	1	0	0	0	//Leaf_Cat_Hat_Box
16237	1	0	0	0	1	0	0	0	//Fur_Seal_Hat_Box
16238	1	0	0	0	1	0	0	0	//Wild_Rose_Hat_Box
16240	1	1	0	1	1	1	1	1	//휘케바인의귀상자
16241	1	1	0	1	1	1	1	1	//꼬꼬댁모자상자
16244	1	0	0	0	1	1	1	0	//Dolor_Hat_Box
16246	1	1	0	1	1	1	1	1	//사기의왕관상자
16247	1	1	0	1	1	1	1	1	//항룡나한가면상자
16248	1	1	0	1	1	1	1	1	//복호나한가면상자
16253	1	0	0	0	1	0	0	0	//Rabbit_Scroll
16254	1	0	0	0	1	1	1	0	//활성화포션상자
16257	1	0	0	0	1	0	0	0	//Buddah_Scroll
16258	1	0	0	0	1	1	1	0	//고밀도브라디움상자5
16259	1	0	0	0	1	1	1	0	//고밀도카르늄상자5
16260	1	0	0	0	1	1	1	1	//HD_Bradium_Box10
16261	1	0	0	0	1	1	1	1	//HD_Carnium_Box10
16304	1	1	0	1	1	1	1	1	//악마의현신
16371	1	0	0	0	1	0	0	0	//Tw_Aug_Scroll
16373	1	1	0	1	1	1	1	1	//F입에문네잎클로버상자
16374	1	0	0	0	1	1	1	0	//입에문풍선껌상자
16375	1	1	0	1	1	1	1	1	//F입에문풍선껌상자
16385	1	0	0	0	1	1	1	0	//입에문네잎클로버상자2
16386	1	0	0	0	1	1	1	0	//입에문네잎클로버상자4
16387	1	1	0	1	1	1	1	1	//F입에문네잎클로버상자2
16388	1	1	0	1	1	1	1	1	//F입에문네잎클로버상자4
16389	1	0	0	0	1	1	1	0	//입에문풍선껌상자2
16390	1	0	0	0	1	1	1	0	//입에문풍선껌상자4
16391	1	1	0	1	1	1	1	1	//F입에문풍선껌상자2
16392	1	1	0	1	1	1	1	1	//F입에문풍선껌상자4
16393	1	0	0	0	1	1	1	0	//고농축오리5상자
16395	1	0	0	0	1	1	1	0	//고농축에르5상자
16405	1	1	1	1	1	1	1	1	//미드가르드주화상자
16406	1	1	1	1	1	1	1	1	//F미드가르드주화상자
16409	1	0	0	0	1	0	0	0	//Tw_Sep_Scroll
16442	1	1	0	1	1	1	1	1	//무속인의모자상자
16443	1	1	0	1	1	1	1	1	//F무속인의모자상자
16444	1	1	0	1	1	1	1	1	//금관모자상자
16445	1	1	0	1	1	1	1	1	//F금관모자상자
16446	1	0	0	0	1	0	0	0	//Tw_October_Scroll
16452	1	1	0	1	1	1	1	1	//광휘의격노상자
16453	1	1	0	1	1	1	1	1	//트라이앵글룬캡상자
16454	1	1	0	1	1	1	1	1	//F광휘의격노상자
16455	1	1	0	1	1	1	1	1	//F트라이앵글룬캡상자
16457	1	0	0	0	1	0	0	0	//Tw_Nov_Scroll
16467	1	1	0	1	1	1	1	1	//크리스마스카드상자
16468	1	1	0	1	1	1	1	1	//F크리스마스카드상자
16469	1	1	0	1	1	1	1	1	//크리스마스카드상자2
16470	1	1	0	1	1	1	1	1	//F크리스마스카드상자2
16503	1	0	0	0	1	1	1	0	//E_Insurance_Package
16543	1	0	0	0	1	0	0	0	//Snowman_Hat_Box
16544	1	1	0	1	1	1	1	1	//F눈사람모자상자
16555	1	0	0	0	1	1	1	1	//Pr_Reset_Stone_Box
16569	1	0	0	0	1	1	1	0	//Sumber_Scroll
16573	1	1	0	1	1	1	1	1	//해골후드상자
16574	1	1	0	1	1	1	1	1	//F해골후드상자
16580	1	1	0	1	1	1	1	1	//라크마상자
16581	1	1	0	1	1	1	1	1	//F라크마상자
16596	1	1	0	1	1	1	1	1	//심연의투구상자
16597	1	1	0	1	1	1	1	1	//F심연의투구상자
16631	1	0	0	0	1	1	1	0	//Aributa_Scroll
16652	1	0	0	0	1	1	1	0	//Flame_Light

16657	1	1	0	1	1	1	1	1	//신속한생명수상자2
16658	1	1	0	1	1	1	1	1	//F신속한생명수상자2
16660	1	1	0	1	1	1	1	1	//영혼의송곳상자
16661	1	1	0	1	1	1	1	1	//F영혼의송곳상자
16666	1	0	0	0	1	1	1	0	//Magic_Candy_Box10
16667	1	1	0	1	1	1	1	1	//F마법캔디10개상자
16671	1	1	0	1	1	1	1	1	//마법캔디10개상자2
16672	1	1	0	1	1	1	1	1	//F마법캔디10개상자2
16675	1	0	0	0	1	1	1	0	//Splash_Scroll
16677	1	1	0	1	1	1	1	1	//카탈로그골드10개상자
16678	1	1	0	1	1	1	1	1	//카탈로그골드50개상자
16679	1	1	0	1	1	1	1	1	//F카탈로그골드10개상자
16680	1	1	0	1	1	1	1	1	//F카탈로그골드50개상자
16681	1	0	0	0	1	1	1	0	//BR_Independence_Scroll
16682	1	1	0	1	1	1	1	1	//탑승용고삐상자
16683	1	0	0	0	1	1	1	1	//B_Halter_Box_30Days
16689	1	1	0	1	1	1	1	1	//가루다햇상자
16690	1	1	0	1	1	1	1	1	//F가루다햇상자
16740	1	1	0	1	1	1	1	1	//바다신의가호상자
16741	1	1	0	1	1	1	1	1	//갈치상자1
16742	1	1	0	1	1	1	1	1	//갈치상자2
16743	1	1	0	1	1	1	1	1	//청새치상자1
16744	1	1	0	1	1	1	1	1	//청새치상자2
16745	1	1	0	1	1	1	1	1	//전갱이상자1
16746	1	1	0	1	1	1	1	1	//전갱이상자2
16747	1	1	0	1	1	1	1	1	//참다랑어상자1
16748	1	1	0	1	1	1	1	1	//참다랑어상자2
16749	1	1	0	1	1	1	1	1	//말랑대게상자1
16750	1	1	0	1	1	1	1	1	//말랑대게상자2
16751	1	1	0	1	1	1	1	1	//얼룩무늬장어상자1
16752	1	1	0	1	1	1	1	1	//얼룩무늬장어상자2
16753	1	0	0	0	1	1	1	0	//Unbreak_Weap_Box
16755	1	0	0	0	1	1	1	0	//Unbreak_Def_Box
16758	1	1	0	1	1	1	1	1	//움발라의혼상자
16759	1	1	0	1	1	1	1	1	//F움발라의혼상자
16760	1	1	0	1	1	1	1	1	//움발라의혼상자2
16761	1	1	0	1	1	1	1	1	//F움발라의혼상자2
16762	1	1	0	1	1	1	1	1	//움발라의혼7일상자
16763	1	1	0	1	1	1	1	1	//바다신의가호상자2
16764	1	1	0	1	1	1	1	1	//바다신의가호상자3
16765	1	1	0	1	1	1	1	1	//문어사냥꼬챙이상자
16766	1	1	0	1	1	1	1	1	//문어사냥꼬챙이상자2
16767	1	1	0	1	1	1	1	1	//문어사냥꼬챙이상자3
16770	1	1	0	1	1	1	1	1	//Silvervine_Fruit_Box10
16771	1	1	0	1	1	1	1	1	//Silvervine_Fruit_Box40
16771	1	1	0	1	1	1	1	1	//개다래열매상자40
16774	1	1	0	1	1	1	1	1	//Asgard_Scroll
16776	1	1	0	1	1	1	1	1	//C카탈로그골드10개상자
16777	1	1	0	1	1	1	1	1	//C카탈로그골드50개상자
16778	1	1	0	1	1	1	1	1	//C힘요리상자
16779	1	1	0	1	1	1	1	1	//C힘요리상자50
16780	1	1	0	1	1	1	1	1	//C어질요리상자
16781	1	1	0	1	1	1	1	1	//C어질요리상자50
16782	1	1	0	1	1	1	1	1	//C바탈요리상자
16783	1	1	0	1	1	1	1	1	//C바탈요리상자50
16784	1	1	0	1	1	1	1	1	//C인트요리상자
16785	1	1	0	1	1	1	1	1	//C인트요리상자50
16786	1	1	0	1	1	1	1	1	//C덱요리상자
16787	1	1	0	1	1	1	1	1	//C덱요리상자50
16788	1	1	0	1	1	1	1	1	//C럭요리상자
16789	1	1	0	1	1	1	1	1	//C럭요리상자50
16790	1	1	0	1	1	1	1	1	//C보험증서봉투
16791	1	1	0	1	1	1	1	1	//C보험증서봉투50
16792	1	1	0	1	1	1	1	1	//C카프라명함상자
16793	1	1	0	1	1	1	1	1	//C카프라명함상자50
16794	1	1	0	1	1	1	1	1	//C거대파리날개상자
16795	1	1	0	1	1	1	1	1	//C거대파리날개상자100
16796	1	1	0	1	1	1	1	1	//C지크프리드상자5
16797	1	1	0	1	1	1	1	1	//C지크프리드상자20
16798	1	1	0	1	1	1	1	1	//C볼록거울상자5
16799	1	1	0	1	1	1	1	1	//C볼록거울상자30
16800	1	1	0	1	1	1	1	1	//C블레싱10상자
16802	1	1	0	1	1	1	1	1	//C민첩성10상자
16804	1	1	0	1	1	1	1	1	//C아드5상자
16805	1	1	0	1	1	1	1	1	//C아드5상자50
16806	1	1	0	1	1	1	1	1	//C아스5상자
16808	1	1	0	1	1	1	1	1	//C전투교범상자
16809	1	1	0	1	1	1	1	1	//C전투교범상자10
16810	1	1	0	1	1	1	1	1	//C풍선껌박스
16811	1	1	0	1	1	1	1	1	//C풍선껌박스10
16812	1	1	0	1	1	1	1	1	//C확성기상자
16813	1	1	0	1	1	1	1	1	//C확성기상자10
16814	1	1	0	1	1	1	1	1	//C축에르상자10
16815	1	1	0	1	1	1	1	1	//C축에르상자5
16816	1	1	0	1	1	1	1	1	//C축오리상자10
16817	1	1	0	1	1	1	1	1	//C축오리상자5
16818	1	1	0	1	1	1	1	1	//C섬광막대상자
16819	1	1	0	1	1	1	1	1	//C연마제상자5
16820	1	1	0	1	1	1	1	1	//C연마제상자10
16821	1	1	0	1	1	1	1	1	//C던전이동스크롤상자5
16822	1	1	0	1	1	1	1	1	//C던전이동스크롤상자10
16823	1	1	0	1	1	1	1	1	//C소지량증가상자
16824	1	1	0	1	1	1	1	1	//C회복력향상포션상자5
16825	1	1	0	1	1	1	1	1	//C회복력향상포션상자10
16827	1	1	0	1	1	1	1	1	//C소형생명수상자10
16828	1	1	0	1	1	1	1	1	//C소형생명수상자50
16829	1	1	0	1	1	1	1	1	//C중형생명수상자10
16830	1	1	0	1	1	1	1	1	//C중형생명수상자50
16831	1	1	0	1	1	1	1	1	//C환영의술잔상자5
16832	1	1	0	1	1	1	1	1	//C환영의술잔상자10
16833	1	1	0	1	1	1	1	1	//C쉐도우아머S상자5
16834	1	1	0	1	1	1	1	1	//C쉐도우아머S상자10
16835	1	1	0	1	1	1	1	1	//C홀리아머S상자5
16836	1	1	0	1	1	1	1	1	//C홀리아머S상자30
16837	1	1	0	1	1	1	1	1	//C던전스크롤2상자5
16838	1	1	0	1	1	1	1	1	//C던전스크롤2상자10
16839	1	1	0	1	1	1	1	1	//C톡톡캔디상자5
16840	1	1	0	1	1	1	1	1	//C톡톡캔디상자10
16841	1	1	0	1	1	1	1	1	//C장비수리주문서상자
16843	1	1	0	1	1	1	1	1	//C미용상품권상자
16844	1	1	0	1	1	1	1	1	//C앨리스소환서상자5
16845	1	1	0	1	1	1	1	1	//C앨리스소환서상자10
16846	1	1	0	1	1	1	1	1	//C미믹소환서상자5
16847	1	1	0	1	1	1	1	1	//C미믹소환서상자10
16848	1	1	0	1	1	1	1	1	//C디스가이즈소환상자5
16849	1	1	0	1	1	1	1	1	//C디스가이즈소환상자10
16850	1	1	0	1	1	1	1	1	//C마증스크롤상자
16851	1	1	0	1	1	1	1	1	//C마증스크롤상자50
16852	1	1	0	1	1	1	1	1	//C콰그스크롤상자
16853	1	1	0	1	1	1	1	1	//C콰그스크롤상자50
16854	1	1	0	1	1	1	1	1	//C옷염색쿠폰상자
16855	1	1	0	1	1	1	1	1	//C옷염색쿠폰상자2
16856	1	1	0	1	1	1	1	1	//C탐욕스크롤_C20상자
16857	1	1	0	1	1	1	1	1	//C탐욕스크롤_C50상자
16858	1	1	0	1	1	1	1	1	//C멘탈포션20상자
16859	1	1	0	1	1	1	1	1	//C멘탈포션50상자
16860	1	1	0	1	1	1	1	1	//C티르의축복20상자
16861	1	1	0	1	1	1	1	1	//C티르의축복50상자
16862	1	1	0	1	1	1	1	1	//C잡교범25상자1
16863	1	1	0	1	1	1	1	1	//C잡교범25상자10
16864	1	1	0	1	1	1	1	1	//C공성맵텔상자1_10
16866	1	1	0	1	1	1	1	1	//C공성맵텔상자2_10
16867	1	1	0	1	1	1	1	1	//C공성맵텔상자2_30
16868	1	1	0	1	1	1	1	1	//C고밀도브라디움상자5
16869	1	1	0	1	1	1	1	1	//C고밀도브라디움상자10
16870	1	1	0	1	1	1	1	1	//C고밀도카르늄상자5
16871	1	1	0	1	1	1	1	1	//C고밀도카르늄상자10
16872	1	1	0	1	1	1	1	1	//C고농축오리5상자
16873	1	1	0	1	1	1	1	1	//C고농축오리10상자
16874	1	1	0	1	1	1	1	1	//C고농축에르5상자
16875	1	1	0	1	1	1	1	1	//C고농축에르10상자
16876	1	1	0	1	1	1	1	1	//C신속한생명수상자2
16877	1	1	0	1	1	1	1	1	//C마법캔디10개상자2
16878	1	1	0	1	1	1	1	1	//C움발라의혼상자2
16879	1	1	0	1	1	1	1	1	//C무라마사상자
16880	1	1	0	1	1	1	1	1	//C엑스칼리버상자
16881	1	1	0	1	1	1	1	1	//C컴뱃나이프상자
16882	1	1	0	1	1	1	1	1	//C카운터단검상자
16883	1	1	0	1	1	1	1	1	//C마이트스태프상자
16884	1	1	0	1	1	1	1	1	//C라이트엡실론상자
16885	1	1	0	1	1	1	1	1	//C발리스타상자
16886	1	1	0	1	1	1	1	1	//C현자일기상자
16887	1	1	0	1	1	1	1	1	//C아슈라상자
16888	1	1	0	1	1	1	1	1	//C브로치상자
16889	1	1	0	1	1	1	1	1	//C세이프티링상자
16890	1	1	0	1	1	1	1	1	//C페코페코머리띠상자
16891	1	1	0	1	1	1	1	1	//C네이건상자
16892	1	1	0	1	1	1	1	1	//C꼬챙이상자
16893	1	1	0	1	1	1	1	1	//C쿼드릴상자
16894	1	1	0	1	1	1	1	1	//C화이어브랜드상자
16895	1	1	0	1	1	1	1	1	//C나비가면상자
16896	1	1	0	1	1	1	1	1	//C오크히어로투구상자
16897	1	1	0	1	1	1	1	1	//C한국늘고상자
16898	1	1	0	1	1	1	1	1	//C철구상자
16899	1	1	0	1	1	1	1	1	//C하키마스크상자
16900	1	1	0	1	1	1	1	1	//C옵저버상자
16901	1	1	0	1	1	1	1	1	//C올인원반지상자
16902	1	1	0	1	1	1	1	1	//C스피리츄얼튜닉상자
16903	1	1	0	1	1	1	1	1	//C리큐퍼레이티브상자
16904	1	1	0	1	1	1	1	1	//C쉘터레지스턴스상자
16905	1	1	0	1	1	1	1	1	//C실피드망토상자
16906	1	1	0	1	1	1	1	1	//C리프레쉬슈즈상자
16907	1	1	0	1	1	1	1	1	//C황야의무법자상자
16908	1	1	0	1	1	1	1	1	//C레버액션라이플상자
16909	1	1	0	1	1	1	1	1	//C크레이모어_C상자
16910	1	1	0	1	1	1	1	1	//C자마다르_C상자
16911	1	1	0	1	1	1	1	1	//C투핸드액스_C상자
16912	1	1	0	1	1	1	1	1	//C랜스_C상자
16913	1	1	0	1	1	1	1	1	//C오키쉬액스_C상자
16914	1	1	0	1	1	1	1	1	//C대백과사전_C상자
16915	1	1	0	1	1	1	1	1	//C피스트_C상자
16916	1	1	0	1	1	1	1	1	//C기타_C상자
16917	1	1	0	1	1	1	1	1	//C다마스커스_C상자
16918	1	1	0	1	1	1	1	1	//C프람베르그_C상자
16919	1	1	0	1	1	1	1	1	//C스터너_C상자
16920	1	1	0	1	1	1	1	1	//C혼인서약서상자
16921	1	1	0	1	1	1	1	1	//C슈팅스타_C상자
16922	1	1	0	1	1	1	1	1	//C블러디피어_C상자
16923	1	1	0	1	1	1	1	1	//C힐링스태프_C상자
16924	1	1	0	1	1	1	1	1	//C입에문네잎클로버상자
16925	1	1	0	1	1	1	1	1	//C입에문네잎클로버상자2
16926	1	1	0	1	1	1	1	1	//C입에문네잎클로버상자4
16927	1	1	0	1	1	1	1	1	//C입에문풍선껌상자
16928	1	1	0	1	1	1	1	1	//C입에문풍선껌상자2
16929	1	1	0	1	1	1	1	1	//C입에문풍선껌상자4
16930	1	1	0	1	1	1	1	1	//C대못박힌스카프상자
16931	1	1	0	1	1	1	1	1	//C대못박힌스카프상자2
16932	1	1	0	1	1	1	1	1	//C대못박힌스카프상자3
16933	1	1	0	1	1	1	1	1	//C무지개스카프상자
16934	1	1	0	1	1	1	1	1	//C무지개스카프상자2
16935	1	1	0	1	1	1	1	1	//C무지개스카프상자3
16936	1	1	0	1	1	1	1	1	//C생명의리본상자
16937	1	1	0	1	1	1	1	1	//C생명의리본상자2
16938	1	1	0	1	1	1	1	1	//C생명의리본상자3
16939	1	1	0	1	1	1	1	1	//C러브앤젤상자
16940	1	1	0	1	1	1	1	1	//C러브앤젤상자1달
16941	1	1	0	1	1	1	1	1	//C스퀴럴상자
16942	1	1	0	1	1	1	1	1	//C스퀴럴상자1달
16943	1	1	0	1	1	1	1	1	//C그림일기상자
16944	1	1	0	1	1	1	1	1	//C그림일기상자1달
16945	1	1	0	1	1	1	1	1	//C미니하트상자
16946	1	1	0	1	1	1	1	1	//C미니하트상자1달
16947	1	1	0	1	1	1	1	1	//C새내기상자
16948	1	1	0	1	1	1	1	1	//C새내기상자1달
16949	1	1	0	1	1	1	1	1	//C꼬꼬마상자
16950	1	1	0	1	1	1	1	1	//C꼬꼬마상자1달
16951	1	1	0	1	1	1	1	1	//C마법의성상자
16952	1	1	0	1	1	1	1	1	//C마법의성상자1달
16953	1	1	0	1	1	1	1	1	//C짱구상자
16954	1	1	0	1	1	1	1	1	//C짱구상자1달
16955	1	1	0	1	1	1	1	1	//C강화가드상자
16956	1	1	0	1	1	1	1	1	//C강화버클러상자
16957	1	1	0	1	1	1	1	1	//C강화쉴드상자
16958	1	1	0	1	1	1	1	1	//C강화슈즈상자
16959	1	1	0	1	1	1	1	1	//C강화부츠상자
16960	1	1	0	1	1	1	1	1	//C강화그리브상자
16961	1	1	0	1	1	1	1	1	//C강화후드상자
16962	1	1	0	1	1	1	1	1	//C강화머플러상자
16963	1	1	0	1	1	1	1	1	//C강화망토상자
16964	1	1	0	1	1	1	1	1	//C강화클립상자
16965	1	1	0	1	1	1	1	1	//C강화어드벤처슈츠상자
16966	1	1	0	1	1	1	1	1	//C강화롱코트상자
16967	1	1	0	1	1	1	1	1	//C강화세인트로브상자
16968	1	1	0	1	1	1	1	1	//C강화타이즈상자
16969	1	1	0	1	1	1	1	1	//C강화씨프클로스상자
16970	1	1	0	1	1	1	1	1	//C강화메일상자
16971	1	1	0	1	1	1	1	1	//C강화포멀드레스상자
16972	1	0	0	0	1	1	1	0	//Weather_Report_Box
16973	1	1	0	1	1	1	1	1	//Yellow_Hat_Box
16974	1	1	0	1	1	1	1	1	//Comin_Actor_Box
16975	1	1	0	1	1	1	1	1	//Singing_Bird_Box
16976	1	0	0	0	1	1	1	0	//Hen_Set_Box
16977	1	1	0	1	1	1	1	1	//Red_Minicrown_Box
16978	1	1	0	1	1	1	1	1	//C강아지풀상자
16979	1	1	0	1	1	1	1	1	//개다래열매상자4
16995	1	1	0	1	1	1	1	1	//오래된모자상자
16998	1	1	0	1	1	1	1	1	
16999	1	1	0	1	1	1	1	1	//Bravery_Bag_Box
17013	1	1	0	1	1	1	1	1	//말랑도던전출입증상자
17014	1	1	0	1	1	1	1	1	//Butterfly_ear_Box
17015	1	1	0	1	1	1	1	1	//Stuckhead_Screw_Box
17026	1	0	0	0	1	1	1	0	//Boitata_Scroll
17027	1	1	0	1	1	1	1	1	//제련용광석상자
17035	1	0	0	0	1	1	1	0	//Energetic_Pisces_Scroll
17037	1	0	0	0	1	1	1	1	//Trans_Box_Devi
17038	1	0	0	0	1	1	1	1	//Trans_Box_Ray_Arch
17039	1	0	0	0	1	1	1	1	//Trans_Box_Mavka
17040	1	0	0	0	1	1	1	1	//Trans_Box_Marduk
17041	1	0	0	0	1	1	1	1	//Trans_Box_Banshee
17042	1	0	0	0	1	1	1	1	//Trans_Box_Poring
17043	1	0	0	0	1	1	1	1	//Trans_Box_Golem
17044	1	1	0	1	1	1	1	1	//기부리본상자
17045	1	1	0	1	1	1	1	1	//한국판관모자상자
17046	1	1	0	1	1	1	1	1	//출석코스츔상자
17056	1	1	0	1	1	1	1	1	//Wiz_Card_Album
17057	1	1	0	1	1	1	1	1	//Swordman_Card_Album
17058	1	0	0	0	1	1	1	1	//Thief_Card_Album
17060	1	1	0	1	1	1	1	1	//Merchant_Card_Album
17061	1	1	0	1	1	1	1	1	//Archer_Card_Album
17065	1	1	0	1	1	1	1	1	//모바일금우궁왕관상자
17067	1	0	0	0	1	1	1	0	//독약병100상자
17068	1	0	0	0	1	1	1	0	//애시드50상자
17069	1	0	0	0	1	1	1	0	//애시드100상자
17070	1	0	0	0	1	1	1	0	//애시드500상자
17071	1	0	0	0	1	1	1	0	//Superb_Fish_Box50
17072	1	0	0	0	1	1	1	0	//Superb_Fish_Box100
17073	1	0	0	0	1	1	1	0	//Superb_Fish_Box500
17074	1	0	0	0	1	1	1	0	//빈병10상자
17075	1	0	0	0	1	1	1	0	//빈병100상자
17076	1	0	0	0	1	1	1	0	//빈병500상자
17081	1	1	0	1	1	1	1	1	//Yggdrasil_Crown_Box
17084	1	1	0	1	1	1	1	1	//강화카타르상자
17085	1	1	0	1	1	1	1	1	//강화투핸드액스상자
17086	1	1	0	1	1	1	1	1	//강화랜스상자
17087	1	1	0	1	1	1	1	1	//강화북상자
17088	1	1	0	1	1	1	1	1	//강화스태프상자
17089	1	1	0	1	1	1	1	1	//강화대거상자
17090	1	1	0	1	1	1	1	1	//강화리볼버상자
17091	1	1	0	1	1	1	1	1	//강화메이스상자
17092	1	1	0	1	1	1	1	1	//강화보우상자
17093	1	1	0	1	1	1	1	1	//강화투핸드소드상자
17094	1	1	0	1	1	1	1	1	//강화카타르상자2
17095	1	1	0	1	1	1	1	1	//강화투핸드액스상자2
17096	1	1	0	1	1	1	1	1	//강화랜스상자2
17097	1	1	0	1	1	1	1	1	//강화북상자2
17098	1	1	0	1	1	1	1	1	//강화스태프상자2
17099	1	1	0	1	1	1	1	1	//강화대거상자2
17100	1	1	0	1	1	1	1	1	//강화리볼버상자2
17101	1	1	0	1	1	1	1	1	//강화메이스상자2
17102	1	1	0	1	1	1	1	1	//강화보우상자2
17103	1	1	0	1	1	1	1	1	//강화투핸드소드상자2
17104	1	0	0	0	1	1	1	0	//HD_Oridecon_50Box
17105	1	0	0	0	1	1	1	0	//HD_Elunium_50Box
17106	1	0	0	0	1	1	1	0	//Max_Weight_Up_10Box
17114	1	0	0	0	1	1	1	0	//Horn_Of_Ancient_Box
17115	1	0	0	0	1	1	1	0	//Sprout_Hat_Box
17116	1	0	0	0	1	1	1	0	//Mercury_Helm_Box
17117	1	1	0	1	1	1	1	1	//Aries_Scroll
17118	1	0	0	0	1	1	1	0	//ASPD_Potion_Box10
17122	1	1	0	1	1	1	1	1	//Immuned_Shield_Box
17123	1	1	0	1	1	1	1	1	//Black_Devil_Mask_Box
17124	1	1	0	1	1	1	1	1	//Cat_Ears_Beret_Box
17125	1	1	0	1	1	1	1	1	//Red_Bread_Hat_Box
17126	1	0	0	0	1	1	1	0	//ASPD_Potion_Box10_2
17135	1	1	0	1	1	1	1	1	//변신A세트
17136	1	1	0	1	1	1	1	1	//변신B세트
17137	1	1	0	1	1	1	1	1	//변신C세트
17144	1	1	0	1	1	1	1	1	//모듬요리세트
17146	1	0	0	0	1	1	1	0	//Droopy_Alice_Doll_Box
17152	1	0	0	0	1	1	1	0	//Bridal_Ribbon_Box
17153	1	1	0	1	1	1	1	1	//레드부스터상자
17154	1	1	0	1	1	1	1	1	//레드부스터상자2
17155	1	1	0	1	1	1	1	1	//강화풍마수리검상자
17163	1	1	0	1	1	1	1	1	//미스틱파우더상자
17164	1	1	0	1	1	1	1	1	//미스틱파우더상자2
17166	1	1	0	1	1	1	1	1	//아크엔젤링모자상자
17171	1	1	0	1	1	1	1	1	//EC전투교범상자10
17172	1	1	0	1	1	1	1	1	//EC잡교범25상자10
17203	1	1	0	1	1	1	1	1	//Free_Pass_Box
17207	1	0	0	0	1	1	1	0	//Idn_Heart_Scroll
17245	1	0	0	0	1	1	1	0	//Idn_Independ_Scroll
17251	1	1	0	1	1	1	1	1	//C_Wing_Of_Fly_3Day_Box
17252	1	0	0	0	1	1	1	0	//RWC_2012_Set_Box
17253	1	0	0	0	1	1	1	0	//RWC_2012_Ring_Box
17254	1	0	0	0	1	1	1	0	//RWC_2012_Pendant_Box
17262	1	0	0	0	1	1	1	0	//Ex_Def_Potion_Box
17267	1	1	0	1	0	1	1	1	//Costama_Egg04


17307	1	0	0	0	1	1	1	0	//Midgard_Scroll
17317	1	0	0	0	1	1	1	0	//Sweet_Midgard_Scroll
17327	1	0	0	0	1	1	1	0	//Fashion_Costume_Box1
17328	1	0	0	0	1	1	1	0	//Fashion_Costume_Box2
17329	1	0	0	0	1	1	1	0	//Fashion_Costume_Box3
17330	1	0	0	0	1	1	1	0	//Fashion_Costume_Box4
17340	1	1	0	1	1	1	1	1	//S_Physical_Earring_Box
17341	1	1	0	1	1	1	1	1	//S_Physical_Weapon_Box
17342	1	1	0	1	1	1	1	1	//S_Physical_Pendant_Box
17343	1	1	0	1	1	1	1	1	//S_Magical_Earring_Box
17344	1	1	0	1	1	1	1	1	//S_Magical_Weapon_Box
17345	1	1	0	1	1	1	1	1	//S_Magical_Pendant_Box
17346	1	1	0	1	1	1	1	1	//S_Breezy_Armor_Box
17347	1	1	0	1	1	1	1	1	//S_Champion_Shoes_Box
17348	1	1	0	1	1	1	1	1	//S_Athena_Shield_Box
17349	1	1	0	1	1	1	1	1	//S_Immune_Armor_Box
17350	1	1	0	1	1	1	1	1	//S_Hard_Armor_Box
17351	1	1	0	1	1	1	1	1	//S_Ancient_Armor_Box
17352	1	1	0	1	1	1	1	1	//S_Critical_Armor_Box
17353	1	1	0	1	1	1	1	1	//S_Kingbird_Weapon_Box
17354	1	1	0	1	1	1	1	1	//S_Cri_Hit_Weapon_Box
17355	1	1	0	1	1	1	1	1	//S_Healing_Weapon_Box
17356	1	1	0	1	1	1	1	1	//S_Lucky_Weapon_Box
17357	1	1	0	1	1	1	1	1	//S_Power_Earring_Box
17358	1	1	0	1	1	1	1	1	//S_Int_Pendant_Box
17359	1	1	0	1	1	1	1	1	//S_Dexterous_Armor_Box
17360	1	1	0	1	1	1	1	1	//S_Vital_Shoes_Box
17361	1	1	0	1	1	1	1	1	//S_Athletic_Shield_Box
17362	1	1	0	1	1	1	1	1	//S_Lucky_Armor_Box
17363	1	1	0	1	1	1	1	1	//S_Power_Pendant_Box
17364	1	1	0	1	1	1	1	1	//S_Int_Earring_Box
17365	1	1	0	1	1	1	1	1	//S_Dexterous_Weapon_Box
17366	1	1	0	1	1	1	1	1	//S_Vital_Shield_Box
17367	1	1	0	1	1	1	1	1	//S_Athletic_Shoes_Box
17368	1	1	0	1	1	1	1	1	//S_Resist_Spell_Box
17369	1	1	0	1	1	1	1	1	//S_Rapid_Pendant_Box
17370	1	1	0	1	1	1	1	1	//S_Caster_Pendant_Box
17371	1	1	0	1	1	1	1	1	//S_Hard_Earring_Box
17372	1	1	0	1	1	1	1	1	//S_Wise_Earring_Box
17373	1	1	0	1	1	1	1	1	//S_Athena_Earring_Box
17374	1	1	0	1	1	1	1	1	//S_Cranial_Shield_Box
17375	1	1	0	1	1	1	1	1	//S_Safeguard_Shield_Box
17376	1	1	0	1	1	1	1	1	//S_Brutal_Shield_Box
17377	1	1	0	1	1	1	1	1	//S_Gargantua_Shield_Box
17378	1	1	0	1	1	1	1	1	//S_Homers_Shield_Box
17379	1	1	0	1	1	1	1	1	//S_Dragoon_Shield_Box
17380	1	1	0	1	1	1	1	1	//S_Satanic_Shield_Box
17381	1	1	0	1	1	1	1	1	//S_Flameguard_Shield_Box
17382	1	1	0	1	1	1	1	1	//S_Requiem_Shield_Box
17383	1	1	0	1	1	1	1	1	//S_Cadi_Shield_Box
17384	1	1	0	1	1	1	1	1	//S_Bloody_Shoes_Box
17385	1	1	0	1	1	1	1	1	//S_Liberation_Shoes_Box
17386	1	1	0	1	1	1	1	1	//S_Chemical_Shoes_Box
17387	1	1	0	1	1	1	1	1	//S_Clamorous_Shoes_Box
17388	1	1	0	1	1	1	1	1	//S_Insecticide_Shoes_Box
17389	1	1	0	1	1	1	1	1	//S_Fisher_Shoes_Box
17390	1	1	0	1	1	1	1	1	//S_Seraphim_Shoes_Box
17391	1	1	0	1	1	1	1	1	//S_Beholder_Shoes_Box
17392	1	1	0	1	1	1	1	1	//S_Divine_Shoes_Box
17393	1	1	0	1	1	1	1	1	//S_Dragoon_Shoes_Box
17448	1	1	0	1	1	1	1	1	//Costama_Egg17
17461	1	1	0	1	1	1	1	1	//Costama_Egg18
17470	1	1	0	1	1	1	1	1	//Costama_Egg19
17476	1	1	0	1	1	1	1	1	//Costama_Egg20
17481	1	1	0	1	1	1	1	1	//Costama_Egg21
17493	1	1	0	1	1	1	1	1	//Costama_Egg23
17494	1	0	0	0	1	1	1	0	//Happy_Time_Scroll
17506	1	1	0	1	1	1	1	1	//Costama_Egg26
17514	1	1	0	1	1	1	1	1	//Costama_Egg27
17517	1	1	0	1	1	1	1	1	//Costama_Egg28
17523	1	1	0	1	1	1	1	1	//Costama_Egg29
17647	1	1	0	1	1	1	1	1	//LoveDaddyBox2015
17660	1	0	0	0	1	1	1	0	//THA_ShadowBox3
17791	1	0	0	0	1	1	1	0	//Silvervine_Box50_TH
18106	1	1	1	1	0	1	1	1	//P보우3
18107	1	1	1	1	1	1	1	1	//말랑대게
18108	1	1	1	1	1	1	1	1	//얼룩무늬장어
18118	1	1	1	1	0	1	1	1	//TE_Woe_Bow
18126	1	0	0	0	1	1	1	0	//Ru_Blue_Bow
18500	1	1	1	1	1	1	1	1	//응원스카프6
18501	1	1	1	1	1	1	1	1	//응원스카프8
18502	1	1	1	1	1	1	1	1	//응원스카프10
18505	1	1	1	1	1	1	1	1	//움발라의혼
18507	1	0	0	0	1	1	1	0	//Elven_Ears_
18508	1	0	0	0	0	1	1	1	//Garuda_Hat
18514	1	1	1	1	0	1	1	1	//낙원단모자2
18520	1	1	0	1	1	1	1	1	//자티왕관
18525	1	0	0	0	1	1	1	0	//Watermelon_Hat
18526	1	1	1	1	1	1	1	1	//맛있는롤리팝
18541	1	0	0	0	1	1	1	0	//Little_Feather_Hat

18556	1	1	1	1	1	1	1	1	//천사진영투구
18557	1	1	1	1	1	1	1	1	//악마진영투구

18566	1	1	1	1	1	1	1	1	//입에문너트도넛
18573	1	0	0	0	0	1	1	1	//White_Feather
18579	1	1	0	1	0	1	1	1	//9주년기념모자
18595	1	0	0	0	1	1	1	0	//Horn_Of_Ancient
18617	1	0	0	0	1	1	1	0	//Onigiri
18646	1	0	0	0	1	1	1	0	//Cow_Hat
18670	1	0	0	0	1	1	1	1	//Hankie_In_Mouth
18675	1	0	0	0	1	1	1	0	//Green_Apple_Hat
18691	1	0	0	0	1	1	1	0	//Rising_Black_Dragon
18694	1	0	0	0	0	1	1	1	// Red_Hood
18728	1	0	0	0	1	1	1	0	//Egir_Helm
18729	1	0	0	0	1	1	1	0	//MVP_Basketball
18731	1	0	0	0	1	1	1	0	//Valkyrie_Outing_Helm
18732	1	1	1	1	0	1	1	1	//TE_Woe_Cap
18733	1	1	1	1	0	1	1	1	//TE_Woe_Bone_Helm
18734	1	1	1	1	0	1	1	1	//TE_Woe_Magic_Eyes

18749	1	0	0	0	1	1	1	0	//Majoruros_Horn

18827	1	0	0	0	0	1	1	1	//Valkyrie_Circlet
18828	1	0	0	0	1	1	1	0	//2012RMSCNO1
18829	1	0	0	0	1	1	1	0	//2012RMSCNO2
18830	1	0	0	0	1	1	1	0	//2012RMSCNO3
18833	1	0	0	0	1	1	1	0	//Marin_Crown 
18839	1	0	0	0	1	1	1	0	//Poring_Sunglasses
18842	1	0	0	0	0	1	1	1	//Hat_Of_Girl
18843	1	1	0	1	0	1	1	1	//Small_Deviling_Hat
18845	1	0	0	0	1	1	1	0	//Banshee_Master_Kiss 

18859	1	0	0	0	1	1	1	0	//Angeling_Bubble
18873	1	1	0	1	0	1	1	1	//Sweet_Valentine_Out
18886	1	0	0	0	0	1	1	1	//Rainbow_Long_Octopus
18887	1	0	0	0	0	1	1	1	//Aqua_Bunny_Band
18888	1	0	0	0	0	1	1	1	//Maroon_Bunny_Band
18889	1	0	0	0	0	1	1	1	//Golden_Bunny_Band
18890	1	0	0	0	0	1	1	1	//Gray_Bunny_Band
18891	1	0	0	0	0	1	1	1	//Husky_Hat
18892	1	0	0	0	1	1	1	0	//Ufo_Poring_Hat
18893	1	0	0	0	1	1	1	0	//Dragon_Claw_Helm
18907	1	0	0	0	1	1	1	0	//Drooping_Panda
18912	1	0	0	0	1	1	1	1	//Bell_Pigeon
18916	1	0	0	0	1	1	1	0	//Bear_Balloon
18919	1	0	0	0	0	1	1	1	//Jack_Castle_Bat
18960	0	0	0	0	1	1	1	0	//Love_Daddy_2013

18993	1	0	0	0	0	1	1	1	//Flower_Hat
19112	1	0	0	0	1	1	1	0	//Tengu_Scroll
19141	1	0	0	0	1	1	1	0	//Tha_Maero_Mask_J 

19182	0	0	0	0	1	0	0	0	//Gang_Scarf_TH
19222	1	1	0	1	1	1	1	1	//EXE_Wing_Cap_TH
19251	1	0	0	0	1	0	0	0	//Bubble_A_Angel_H
19287	1	0	0	0	1	1	1	0	//C_Cat_Poring_Balloon
19297	1	1	0	1	1	1	1	1	//DJ_Kitty
19306	1	0	0	0	1	1	1	0	//Heart Card in Mouth
19373	1	1	0	1	0	1	1	1	//Sparkler_Stick_TH
19374	1	0	0	0	1	1	1	0	//Sparkler_Fountain_TH 
19413	1	0	0	0	1	1	1	0	//SnowFlake_Tiara
19414	1	1	0	1	1	1	1	1	//ROEXE2_TH
19424	1	0	0	0	1	1	1	0	//C_Master_Cat
19512	1	0	0	0	1	1	1	0	//Heart_Eye_Patch2
19513	1	1	0	1	1	1	1	1	//Chicken_Beak
19514	1	1	0	1	1	1	1	1	//Charlie_Beard
19515	1	1	0	1	1	1	1	1	//Yellow_Hat

19523	1	1	0	1	1	1	1	1	//기부리본
19531	1	1	0	1	1	1	1	1	//C큐브마스크
19532	1	1	0	1	1	1	1	1	//C빨간토끼머리띠
19539	1	1	0	1	1	1	1	1	//C_Reginleif_Hairband_event
19550	1	0	0	0	1	1	1	0	//Costume Blush
19574	1	1	0	1	1	1	1	1	//C_Lord_of_Death
19589	1	1	0	1	0	1	1	1	//C일본타천사분실
19607	1	0	0	0	1	1	1	0	//C_Love_Chick_Hat
19649	1	0	0	0	1	1	1	0	//C_White_Baby_Cat_Ears
19664	1	0	0	0	1	1	1	0	//C_Campus_Festival
19667	1	1	0	1	1	1	1	1	//C_Helm_Of_Dragoon
19685	1	0	0	0	1	1	1	1	//C_ShineSantaPoring

19716	1	0	0	0	0	1	1	0	//C_Alice_Doll


19761	1	1	0	1	1	1	1	1	//C_White_Lily
19767	1	0	0	0	1	1	1	0	//C_Home_Cherry_Blossom
19840	1	0	0	0	1	1	1	0	//Costume Hat of The Sun God
19842	0	0	0	0	0	0	1	0	//C_Puppy_Hat
19871	1	1	0	1	1	1	1	1	//C_Music_Decoration

19924	1	0	0	0	1	1	1	0	//C_Odin_Mask
19925	1	0	0	0	1	1	1	0	//C_One_Eyed_Glasses
20025	1	0	0	0	1	1	1	0	//C_Cow_Hat1 
20035	1	0	0	0	1	1	1	1	//C_Miracle_Blue_Rose
20062	1	1	0	1	1	1	1	1	//C_Angel_Stairs
20081	1	0	0	0	1	1	1	0	//MetalDragon_Helm
20082	1	0	0	0	1	1	1	0	//MetalDragon_Hat 
20183	1	1	0	1	0	1	1	1	//C_There_Is_Something
20193	1	0	0	0	1	1	1	0	//C_Foxtail



20289	1	0	0	0	1	1	1	0	//C_Wing_Ear_Black
20301	1	0	0	0	1	1	1	0	//C_Golden_Savage_Hat
20311	1	0	0	0	1	1	1	0	//C_Magical_Booster
20314	1	0	0	0	1	1	1	0	//C_New_Wave_sunglass
20315	1	0	0	0	1	1	1	1	//C_Analyze_Eye
20319	1	0	0	0	1	1	1	0	//C_Crimson_Booster
20347	1	0	0	0	1	1	1	0	//Costume Poring Pirate Hat 
20349	1	0	0	0	1	1	1	0	//C_FlyingGalapago
20395	1	0	0	0	1	1	1	0	//C_Black_Witch_Hat
20396	1	1	0	1	1	1	1	1	//C_Woodie_Hat
20404	1	0	0	0	1	1	1	1	//C_Blessing_Of_Angels
20450	1	0	0	0	1	1	1	1	//C_Gram_Peony
20452	1	0	0	0	1	1	1	1	//C_berry_Prince_Crown
20458	1	1	0	1	0	1	1	1	//C_Wild_Poring_Rider
20459	1	0	0	0	1	1	1	1	//C_Valhalla_Idol 

20486	1	0	0	0	1	1	1	0	//C_Twin_Margaret
20499	1	0	0	0	1	1	1	0	//C_Cat_Ear_Hat
20504	1	0	0	0	1	1	1	0	//C_Cupid_Wing_Pink
20508	1	0	0	0	1	1	1	0	//C_Poster_Girl_Hat
20513	1	0	0	0	1	1	1	0	//C_EXE_Backpack
20700	1	0	0	0	1	1	1	0	//Egir_Manteau
20702	1	1	1	1	0	1	1	1	//TE_Woe_Muffler
20703	1	1	1	1	0	1	1	1	//TE_Woe_Manteau
20704	1	1	1	1	0	1	1	1	//TE_Woe_Magic_Manteau
20707	1	0	0	0	1	1	1	0	//Kirin_Wing
20709	1	1	1	1	1	1	1	1	//Mana_Manteau
20724	1	0	0	0	1	1	1	0	//Love_Dad_Wings_2012

20833	0	0	0	0	1	0	0	0	//Fallen_Angel_Wing_TH
20839	1	0	0	0	1	1	1	0	//Light_Darkness_Wing
20848	1	0	0	0	1	1	1	0	//P_Upg_Hood
20849	1	0	0	0	1	1	1	0	//P_Upg_Muffler
20850	1	0	0	0	1	1	1	0	//P_Upg_Manteau
20862	1	1	0	1	1	1	1	1	//EXE_Backpack
21006	1	1	1	1	0	1	1	1	//TE_Woe_Two_Hand_Sword
22012	1	1	1	1	1	1	1	1	//Mana_Boots
22135	1	0	0	0	1	1	1	0	//P_Upg_Shoes
22136	1	0	0	0	1	1	1	0	//P_Upg_Boots
22137	1	0	0	0	1	1	1	0	//P_Upg_Greave
22540	1	1	0	1	1	1	1	1	//Runstone_Lux
22542	1	1	0	1	1	1	1	1	//Center_Potion_B
22543	1	1	0	1	1	1	1	1	//Berserk_Potion_B
22544	1	1	0	1	1	1	1	1	//Awakening_Potion_B
22550	1	1	1	1	0	1	1	1	//Cookie_Bag_B

22685	1	1	0	1	0	1	1	1	//Solo_Christmas_Gift
22708	1	1	1	1	0	1	1	1	//Pitapat_Box
22830	1	0	0	0	1	1	1	1	//Maya40LVBox
22831	1	1	1	1	1	1	1	1	//Maya60LVBox
22832	1	1	1	1	1	1	1	1	//Maya80LVBox
22833	1	1	1	1	1	1	1	1	//Maya99LVBox
22870	1	1	0	1	0	1	1	1	//Xmas_Package_14
22991	1	1	0	1	1	1	1	1	//Soccer_Cake
23045	1	1	1	1	1	1	1	1	//Mont_Blanc_Cake
23079	1	1	0	1	1	1	1	1	//Strawberry_CreamCake
23117	1	1	0	1	1	1	1	1	//Songkran_Egg2016
23118	1	1	0	1	1	1	1	1	//RedCrystalChunk
23156	1	0	0	0	1	1	1	0	//Dark_Wing_Scroll
23157	1	0	0	0	1	1	1	0	//Evil_Druid_Scroll
23158	1	0	0	0	1	1	1	0	//Tengu_Scroll_TH
23202	1	1	0	1	0	1	1	1	//Vin_Chaud
23260	1	1	1	1	1	1	1	1	//Parfait
23261	1	1	1	1	1	1	1	1	//Macaron



23407	1	1	0	1	1	1	1	1	//Blue_Card_Box
23412	1	0	1	0	1	1	1	0	//Angel_n_Devil_Scroll
23413	1	0	1	0	1	1	1	0	//Light_n_Darkness_Scroll
23467	0	0	0	0	1	1	1	0	//Poring_Scroll_TH
23468	1	0	0	0	1	1	1	0	//Sky_Scroll_TH
23469	1	0	0	0	1	1	1	0	//Light_Dark_Scroll_TH
23470	1	0	0	0	1	1	1	0	//Sealed_Amon_Ra_Scroll
23471	1	0	0	0	1	1	1	0	//Mofu_Egg_TH1
23472	1	0	0	0	1	1	1	0	//Mofu_Egg_TH2
23548	1	0	0	0	1	1	1	1	//Ice_Candy
23549	1	0	0	0	1	1	1	1	//Snow_Cookie
23550	1	0	0	0	1	1	1	1	//Winter_Cookie
23551	1	0	0	0	1	1	1	1	//Festi_Cookie
23552	1	0	0	0	1	1	1	1	//Flora_Cookie
23553	1	1	0	1	1	1	1	1	//Snow_Festa_Box
23554	1	0	0	0	1	1	1	0	//Snow_Festa_CardPack
23559	0	0	0	0	1	1	1	0	//Bat_Scroll
23560	0	0	0	0	1	1	1	0	//Black_Devi_Scroll
23561	1	0	0	0	1	1	1	0	//Skull_Scroll_TH
23562	1	0	0	0	1	1	1	0	//Sealed_Lod_Scroll_TH
23623	1	0	0	0	1	1	1	0	//Lucky_Girl_TH
23672	1	0	0	0	1	1	1	0	//Evil_Black_Scroll_TH
101574	1	0	0	0	1	1	1	1	//Shiba_Inu_Scroll_ROC


23953	1	0	0	0	1	1	1	0	//Silver_D_Scroll_TH
23975	1	0	0	0	1	1	1	0	//Halloween_AG_Scroll_TH 
23976	1	0	0	0	1	1	1	0	//Horror_Scroll_TH 
23998	1	0	0	0	1	1	1	0	//Krathong_Scroll_TH
23999	1	0	0	0	1	1	1	0	//Komloy_Scroll_TH

24054	1	0	0	0	1	1	1	0	//S_Brutal_Shield
24055	1	0	0	0	1	1	1	0	//S_Gargantua_Shield
24056	0	0	0	0	0	1	1	1	//S_Homers_Shield
24057	1	0	0	0	1	1	1	0	//S_Dragoon_Shield
24058	1	0	0	0	1	1	1	0	//S_Satanic_Shield
24059	1	0	0	0	1	1	1	0	//S_Flameguard_Shield
24060	1	0	0	0	1	1	1	0	//S_Requiem_Shield
24061	1	0	0	0	1	1	1	0	//S_Cadi_Shield

24064	0	0	0	0	1	1	1	0	//S_Chemical_Shoes
24065	0	0	0	0	1	1	1	0	//S_Clamorous_Shoes
24066	1	0	0	0	1	1	1	0	//S_Insecticide_Shoes
24067	0	0	0	0	0	1	1	1	//S_Fisher_Shoes
24068	1	0	0	0	1	1	1	0	//S_Seraphim_Shoes
24069	1	0	0	0	1	1	1	0	//S_Beholder_Shoes
24070	1	0	0	0	1	1	1	0	//S_Divine_Shoes
24071	1	0	0	0	1	1	1	0	//S_Dragoon_Shoes
24186	1	0	0	0	1	1	1	0	//S_Basis_Armor
24193	1	0	0	0	1	1	1	0	//S_Damned_Armor
24195	1	0	0	0	1	1	1	0	//S_Divine_Armor
24198	1	0	0	0	1	1	1	0	//S_Basis_Shield
24205	1	0	0	0	1	1	1	0	//S_Damned_Shield
24207	1	0	0	0	1	1	1	0	//S_Divine_Shield
25132	1	1	1	1	0	1	1	1	//Pumpkin_Decorations
25133	1	1	1	1	0	1	1	1	//Dry_White_Stem
25143	1	1	1	1	0	1	1	1	//Gift_Stuffed_Doll
25144	1	1	1	1	0	1	1	1	//Bridge_Stuffed_Doll
25145	1	1	1	1	0	1	1	1	//Burned_Specter_Doll
25146	1	1	1	1	0	1	1	1	//Relentless_Queen_Doll
25147	1	1	1	1	0	1	1	1	//Meal_Done_Ribbit_Doll
25148	1	1	1	1	0	1	1	1	//Cute_Eat_Machine_Doll
25149	1	1	1	1	0	1	1	1	//Hot_Muffler_Doll
25150	1	1	1	1	0	1	1	1	//Alice_Hug_Pillow
25152	1	1	1	1	1	1	1	1	//Cherish_Bouquet
25199	0	1	0	1	1	1	1	1	//RedCrystalFragment
25245	1	1	1	1	0	1	1	1	//Little_Skel_Bone
25252	1	1	1	1	0	1	1	1	//Sprig_Of_Holly
25253	1	1	1	1	1	1	1	1	//Sugar_Box
25254	1	1	1	1	0	1	1	1	//Firewood
25290	0	0	0	0	1	1	1	0	//Sweets_Coin
25291	0	1	0	1	0	1	1	1	//Fac_Choco
25292	0	1	1	1	0	1	1	1	//Stolen_Cacao

25319	1	1	1	1	1	1	1	1	//Ice_Box
25320	1	1	1	1	0	1	1	1	//Suspicious_Melon
25321	1	1	0	1	1	1	1	1	//TH_Promo_Ticket1
25322	1	1	1	1	1	1	1	1	//TH_Promo_Ticket2
25323	1	1	1	1	1	1	1	1	//TH_Promo_Ticket3
25324	1	1	1	1	1	1	1	1	//TH_Promo_Ticket4
25325	1	1	1	1	1	1	1	1	//TH_Promo_Ticket5
25326	1	1	1	1	1	1	1	1	//TH_Promo_Ticket6
25327	1	1	1	1	1	1	1	1	//TH_Promo_Ticket7
25328	1	1	1	1	1	1	1	1	//TH_Promo_Ticket8
25329	1	1	1	1	1	1	1	1	//TH_Promo_Ticket9
25330	1	1	1	1	1	1	1	1	//TH_Promo_Ticket10
25331	1	1	1	1	1	1	1	1	//TH_Promo_Ticket11
25332	1	1	1	1	1	1	1	1	//TH_Promo_Ticket12
25333	1	1	1	1	1	1	1	1	//TH_Promo_Ticket13
25334	1	1	1	1	1	1	1	1	//TH_Promo_Ticket14
25335	1	1	1	1	1	1	1	1	//TH_Promo_Ticket15
25336	1	1	1	1	1	1	1	1	//TH_Promo_Ticket16
25337	1	1	1	1	1	1	1	1	//TH_Promo_Ticket17
25338	1	1	1	1	1	1	1	1	//TH_Promo_Ticket18
25401	1	1	1	1	0	1	1	1	//Black_Fur
25408	1	1	1	1	0	1	1	1	//Memory_Of_Gyol
25421	1	1	1	1	0	1	1	1	//Pumpkin_Decor
25422	1	1	1	1	0	1	1	1	//White_Thin_Stem
25425	1	1	0	1	0	1	1	1	//SnowFlower_Of_Spell
25426	1	1	0	1	0	1	1	1	//Warm_Cotton
25724	1	1	1	1	1	1	1	1	//TH_Promo_Ticket19
25725	1	1	1	1	1	1	1	1	//TH_Promo_Ticket20
28005	1	0	0	0	1	1	1	0	//Ru_Blue_Katar
28103	1	0	0	0	1	1	1	0	//Ru_Blue_Axe_M
28600	1	0	0	0	1	1	1	0	//Ru_Blue_Book
28923	1	0	0	0	1	1	1	0	//P_Upg Guard
28924	1	0	0	0	1	1	1	0	//P_Upg_Buckler
28925	1	0	0	0	1	1	1	0	//P_Upg_Shield
31089	1	1	0	1	1	1	1	1	//C_Exploding_Wave_Sca
31143	1	1	0	1	0	1	1	1	//C_Krathong_Crown_TH
31164	1	0	0	0	1	1	1	0	//C_Brown_Stall
31166	1	0	0	0	1	1	1	0	//C_Teddy_Bear_Hood
31167	1	1	0	1	0	1	1	1	//C_Lunatic_Ear_Black
31177	0	0	0	0	1	1	1	0	//C_Tail_Hat
31186	1	0	0	0	1	1	1	0	//C_Black_Cat
31207	1	0	0	0	1	1	1	0	//C_Dokkebi_Mask


31258	1	0	0	0	1	0	0	0	//C_White_Clay_Filler
31259	1	0	0	0	1	0	0	0	//C_Bubble_A_Angel_H
31318	1	0	0	0	1	1	1	0	//C_Gerhard_Von_Devi
31326	1	0	0	0	1	1	1	0	//C_Rolf_Von_Gigue_666
31390	1	0	0	0	1	1	1	0	//C_Let_It_Snow
31391	1	0	0	0	1	1	1	0	//C_Floating_Stone_Of_Int
31395	1	0	0	0	1	1	1	1	//C_Book_Of_Magic
31406	1	0	0	0	1	1	1	1	//C_Nydhog_Wig_WH
31416	1	0	0	0	1	1	1	0	//C_SeraphimCoronet
31428	1	0	0	0	1	1	1	0	//C_Panda_Balloon
31455	1	0	0	0	1	1	1	0	//Enchanted_Dog

31463	1	0	0	0	1	1	1	0	//C_Flying_Drone
31479	1	0	0	0	1	1	1	1	//C_ManyStars_TW
31497	1	0	0	0	1	1	1	0	//C_Flowey_Vision 

31510	1	0	0	0	1	1	1	0	//C_Cat_Ear_Short
31538	1	0	0	0	1	1	1	0	//C_Love_Feeling_J
31565	1	0	0	0	1	1	1	1	//C_Princess_Ribbon_Crown
31572	1	0	0	0	1	1	1	0	//C_Mobile_Pursuit_System
31573	1	0	0	0	1	1	1	0	//C_Mecha_Cat_Ears

31592	1	0	0	0	0	1	1	0	//C_ROEXE2_TH

31661	1	0	0	0	1	1	1	0	//C_Alphonse_Helmet
									
12941	1	0	0	0	1	1	1	1	//Pole_Axe_Box
12971	1	0	0	0	1	1	1	1	//Teleport_Box1
12972	1	0	0	0	1	1	1	1	//Teleport_Box2
12973	1	0	0	0	1	1	1	1	//Teleport_Box3
12974	1	0	0	0	1	1	1	1	//Teleport_Box4
12975	1	0	0	0	1	1	1	1	//Teleport_Box5
12976	1	0	0	0	1	1	1	1	//Teleport_Box6
12977	1	1	0	1	1	1	1	1	//Teleport_Scroll1
12978	1	1	0	1	1	1	1	1	//Teleport_Scroll2
12979	1	1	0	1	1	1	1	1	//Teleport_Scroll3
12980	1	1	0	1	1	1	1	1	//Teleport_Scroll4
12981	1	1	0	1	1	1	1	1	//Teleport_Scroll5
12982	1	1	0	1	1	1	1	1	//Teleport_Scroll6
13535	1	0	0	0	1	1	1	1	//Light_Center_Pot_Box
13536	1	0	0	0	1	1	1	1	//Light_Awakening_Pot_Box
13537	1	0	0	0	1	1	1	1	//Light_Berserk_Pot_Box
13570	1	0	0	0	1	1	1	1	//Giant_Fly_Wing_Box50
13624	1	0	0	0	1	1	1	1	//Flee_30_Scroll_Box
13625	1	0	0	0	1	1	1	1	//Accuracy_30_Scroll_Box
13721	1	0	0	0	1	1	1	1	//Dun_Tele_Scroll_Box10
13834	1	0	0	0	1	1	1	1	//Dun_Tele_Scroll2_Box5
13835	1	0	0	0	1	1	1	1	//Dun_Tele_Scroll2_Box10
13863	1	0	0	0	1	1	1	1	//Repair_Scroll_Box10
21000	1	1	1	1	0	1	1	1	//Upg_Twohand_Sword
18112	1	1	1	1	0	1	1	1	//Upg_Bow
16019	1	1	1	1	0	1	1	1	//Upg_Mace
13115	1	1	1	1	0	1	1	1	//Upg_Revolver
13071	1	1	1	1	0	1	1	1	//Upg_Dagger
2015	1	1	1	1	0	1	1	1	//Upg_Staff
1585	1	1	1	1	0	1	1	1	//Upg_Book
1491	1	1	1	1	0	1	1	1	//Upg_Lance
1394	1	1	1	1	0	1	1	1	//Upg_Two_Handed_Axe
1292	1	1	1	1	0	1	1	1	//Upg_Katar
2828	1	0	0	0	1	1	1	1	//Upg_Clip
2459	1	0	0	0	1	1	1	1	//Upg_Shoes
2460	1	0	0	0	1	1	1	1	//Upg_Boots
2461	1	0	0	0	1	1	1	1	//Upg_Greave
2561	1	0	0	0	1	1	1	1	//Upg_Hood
2562	1	0	0	0	1	1	1	1	//Upg_Muffler
2563	1	0	0	0	1	1	1	1	//Upg_Manteau
2149	1	0	0	0	1	1	1	1	//Upg_Guard
2150	1	0	0	0	1	1	1	1	//Upg_Buckler
2151	1	0	0	0	1	1	1	1	//Upg_Shield
15015	1	0	0	0	1	1	1	1	//Upg_Adv_Suit
15016	1	0	0	0	1	1	1	1	//Upg_Coat
15017	1	0	0	0	1	1	1	1	//Upg_Saint_Robe
15018	1	0	0	0	1	1	1	1	//Upg_Tights
15019	1	0	0	0	1	1	1	1	//Upg_Thief_Cloth
15020	1	0	0	0	1	1	1	1	//Upg_Mail
15021	1	0	0	0	1	1	1	1	//Upg_Formal_Dress
16801	1	0	0	0	1	1	1	1	//C_Blessing_10_Box50
16803	1	0	0	0	1	1	1	1	//C_Inc_Agi_10_Box50
16807	1	0	0	0	1	1	1	1	//C_Aspersio_5_Box50
12790	1	1	0	1	1	1	1	1	//Change_Name_Card
17159	1	0	0	0	1	1	1	1	//Change_Name_Card_Box
17184	1	0	0	0	1	1	1	1	//3rd_Test_Pass_Box
12786	1	1	0	1	1	1	1	1	//Change_Slot_Card
17296	1	0	0	0	1	1	1	1	//Change_Slot_Card_Box
17920	1	1	0	1	1	1	1	1	//Zero_Merchant_Bell_Box
17921	1	1	0	1	1	1	1	1	//Zero_Kafra_Bell_Box
6583	1	1	0	1	1	1	1	1	//3rd_Test_Pass
12790	1	1	0	1	1	1	1	1	//Change_Name_Card
14509	1	1	0	1	1	1	1	1	//Light_Center_Pot
14510	1	1	0	1	1	1	1	1	//Light_Awakening_Pot
14511	1	1	0	1	1	1	1	1	//Light_Berserk_Pot
14530	1	1	0	1	1	1	1	1	//Flee_30_Scroll
14531	1	1	0	1	1	1	1	1	//Accuracy_30_Scroll
14538	1	1	0	1	1	1	1	1	//Glass_Of_Illusion
13739	1	0	0	0	1	1	1	1	//Glass_Of_Illusion_Box10
14536	1	1	0	1	1	1	1	1	//Abrasive
13718	1	0	0	0	1	1	1	1	//Abrasive_Box10

13720	1	0	0	0	1	1	1	1	//Regeneration_Box10
14539	1	1	0	1	1	1	1	1	//Shadow_Armor_S
13742	1	0	0	0	1	1	1	1	//Shadow_Armor_S_Box30
14540	1	1	0	1	1	1	1	1	//Holy_Armor_S
13745	1	0	0	0	1	1	1	1	//Holy_Armor_S_Box30
14541	1	1	0	1	1	1	1	1	//S_Def_Potion
13748	1	0	0	0	1	1	1	1	//S_Def_Potion_Box50
14542	1	1	0	1	1	1	1	1	//B_Def_Potion
13751	1	0	0	0	1	1	1	1	//B_Def_Potion_Box50
14543	1	1	0	1	1	1	1	1	//S_Mdef_Potion
13754	1	0	0	0	1	1	1	1	//S_Mdef_Potion_Box50
14544	1	1	0	1	1	1	1	1	//B_Mdef_Potion
13757	1	0	0	0	1	1	1	1	//B_Mdef_Potion_Box50
14581	1	1	0	1	1	1	1	1	//Dun_Tele_Scroll2
23008	1	1	1	1	1	1	1	1	//AID_Bubble_Gum_24h
23010	1	1	1	1	1	1	1	1	//AID_Manual_24h
23011	1	1	1	1	1	1	1	1	//AID_Insurance_24h
23165	1	1	0	1	1	1	1	1	//Service30_AID_Buff

23648	1	1	1	1	1	1	1	1	//Zero_Kafra_Bell
1419	1	1	1	1	1	1	1	1	//Pole_Axe_C
23374	1	1	0	1	1	1	1	1	//Fire_Armor_S
10564	1	0	0	0	1	1	1	1	//C_Fire_Armor_S_Box30
23375	1	1	0	1	1	1	1	1	//Cold_Armor_S
10565	1	0	0	0	1	1	1	1	//C_Cold_Armor_S_Box30
23376	1	1	0	1	1	1	1	1	//Wind_Armor_S
10566	1	0	0	0	1	1	1	1	//C_Wind_Armor_S_Box30
23377	1	1	0	1	1	1	1	1	//Earth_Armor_S
10567	1	0	0	0	1	1	1	1	//C_Earth_Armor_S_Box30
14534	1	1	0	1	1	1	1	1	//Small_Life_Potion
13713	1	0	0	0	1	1	1	1	//Small_Life_Potion_Box50
14535	1	1	0	1	1	1	1	1	//Med_Life_Potion
13716	1	0	0	0	1	1	1	1	//Med_Life_Potion_Box50
									


16372	1	1	0	1	1	1	1	1	//Clover_Box_Mouth
14001	1	1	0	1	1	1	1	1	//Basic_Siege_Supply_Box
9817	1	1	0	1	1	1	1	1	//Bravery_Scroll
19552	1	0	0	0	1	1	1	0	//C_Centimental_Flower

23049	1	1	0	1	1	1	1	1	//Comp_Spark_Candy

20706	1	0	0	0	1	1	1	1	//Amistr_Bag
2576	1	1	0	1	1	1	1	1	//Bravery_Bag
2888	1	1	0	1	1	1	1	1	//School_bag
23048	1	1	0	1	1	1	1	1	//Comp_Regenerate_Potion



18751	1	1	0	1	0	1	1	1	//Extreme_Luck_Clover
20031	1	1	0	1	1	1	1	1	//C_Bunny_Head_Dress
20426	1	1	0	1	0	1	1	1	//C_11Grade_Balloon
28395	1	1	1	1	1	1	1	1	//1th_Celebrate_Badge

17176	1	1	0	1	1	1	1	1	//Boarding_Halter_Box3

11574	1	1	0	1	1	1	1	1	//Yellow_Slim_Potion_B
9825	1	1	0	1	1	1	1	1	//TH_Rebirth_Box4
9826	1	1	0	1	1	1	1	1	//TH_Rebirth_Box5
12494	1	1	0	1	1	1	1	1	//E_Giant_Fly_Wing
12515	1	1	0	1	1	1	1	1	//E_Med_Life_Potion

23042	1	1	0	1	1	1	1	1	//Seed_Of_Yggdrasil_
23043	1	1	0	1	1	1	1	1	//Yggdrasil_Seed_Box_
23898	1	1	0	1	1	1	1	1	//Comp_Power_Booster








									
22826	1	0	0	0	1	1	1	0	//Enchant_Stone_Box4
22868	1	0	0	0	1	1	1	0	//Enchant_Stone_Box5
22905	1	0	0	0	1	1	1	0	//Enchant_Stone_Box6
									
13534	1	0	0	0	1	1	1	1	//Light_White_Pot_Box

14600	1	0	0	0	1	1	1	1	//Mental_Potion
14802	1	0	0	0	1	1	1	1	//Beginner_Scroll





14866	1	0	0	0	1	1	1	0	//DF_Holy_Armor_S
14869	1	0	0	0	1	1	1	0	//DF_Red_Booster
									
6228	1	1	0	1	1	1	1	1	//Guarantee_Weapon_9Up
6229	1	1	0	1	1	1	1	1	//Guarantee_Weapon_8Up
6230	1	1	0	1	1	1	1	1	//Guarantee_Weapon_7Up
6231	1	1	0	1	1	1	1	1	//Guarantee_Weapon_6Up
6232	1	1	0	1	1	1	1	1	//Guarantee_Armor_9Up
6233	1	1	0	1	1	1	1	1	//Guarantee_Armor_8Up
6234	1	1	0	1	1	1	1	1	//Guarantee_Armor_7Up
6235	1	1	0	1	1	1	1	1	//Guarantee_Armor_6Up
6238	1	1	0	1	1	1	1	1	//Guarantee_Weapon_11Up
6239	1	1	0	1	1	1	1	1	//Guarantee_Armor_11Up

9863	1	0	0	0	1	1	1	1	//Pre_Register_Box1
9864	1	1	0	1	1	1	1	1	//Pre_Register_Box2
9865	1	1	0	1	1	1	1	1	//Pre_Register_Box3
9866	1	1	0	1	1	1	1	1	//Pre_Register_Box4
9867	1	1	0	1	1	1	1	1	//Pre_Register_Box5
9868	1	1	0	1	1	1	1	1	//Pre_Register_Box

									
12582	1	0	0	0	1	1	1	0	//Siege_Supply_Box
19207	1	0	0	0	1	1	1	0	//Pecopeco_Hairband_TH
20425	1	1	0	1	0	1	1	1	//C_10Grade_Balloon


9869	1	1	0	1	1	1	1	1	//Pre_Order_Box
									
9883	1	1	0	1	1	1	1	1	//Special_Reward_Box

9887	1	1	0	1	1	1	1	1	//Special_Reward_MA_Box
9888	1	1	0	1	1	1	1	1	//Elven_Ear_Box
9885	1	1	0	1	1	1	1	1	//New_Server_Event_Box
9886	1	1	0	1	1	1	1	1	//PreOrder_TopUp_Thx_Box
									
9898	1	0	0	0	1	1	1	1	//Angel_Wing_Egg
									
9891	1	1	0	1	1	1	1	1	//Sg_White_Potion_Box500
9892	1	1	0	1	1	1	1	1	//Sg_Blue_Potion_Box300
9893	1	1	0	1	1	1	1	1	//TH_80LVUP_Event_Box
									
23148	1	1	0	1	1	1	1	1	//Premium_Box_2d
23149	1	1	0	1	1	1	1	1	//Premium_Box_3d

23210	1	1	0	1	1	1	1	1	//Premium_Box_4d
23211	1	1	0	1	1	1	1	1	//Premium_Box_5d
23212	1	1	0	1	1	1	1	1	//Premium_Box_6d
23213	1	1	0	1	1	1	1	1	//Premium_Box_5d7
23214	1	1	0	1	1	1	1	1	//Premium_Box_8d
23215	1	1	0	1	1	1	1	1	//Premium_Box_9d
23216	1	1	0	1	1	1	1	1	//Premium_Box_10d
									
19516	1	0	0	0	1	1	1	0	//Singing_Bird
5585	1	0	0	0	1	1	1	0	//Rune_Hairband
23203	1	1	0	1	1	1	1	1	//Small_Mana_Potion
100061	1	1	0	1	1	1	1	1	//E_Red_Booster
									
200054	1	0	0	0	1	1	1	1	//Manual75_Pack_Box
100492	1	1	0	1	1	1	1	1	//Battle_Manual75
100493	1	1	0	1	1	1	1	1	//Job_Manual75
100494	1	1	0	1	1	1	1	1	//E_Beholder_Ring_Box
									
6847	1	1	1	1	0	1	1	1	//Very_Tiny_Box
6848	1	1	1	1	0	1	1	1	//Light_Box
6849	1	1	1	1	0	1	1	1	//Request_Complete
6850	1	1	1	1	0	1	1	1	//Suspicious_Box
6851	1	1	1	1	0	1	1	1	//Suspicious_Paper
6852	1	1	1	1	0	1	1	1	//Super_Neutralizer
6854	1	1	1	1	0	1	1	1	//Captured_Novus
6855	1	1	1	1	0	1	1	1	//Captured_Tatacho
6856	0	0	0	0	0	1	1	1	//Blood_Pus_Script
6857	1	1	1	1	0	1	1	1	//Very_Hard_Stone
6858	1	1	1	1	1	1	1	1	//Captured_Rude
6859	1	1	1	1	0	1	1	1	//Captured_Wanderer
22717	1	1	1	1	0	1	1	1	//Ball_Wanderer
22718	1	1	1	1	1	1	1	1	//Ball_Rude
22719	1	1	1	1	0	1	1	1	//Ball_Tatacho
22720	1	1	1	1	0	1	1	1	//Ball_Novus
									
100504	1	0	0	0	1	1	1	0	//Promotion_Box1
100505	1	1	0	1	1	1	1	1	//Promotion_Box2
									
5786	0	0	0	0	1	1	1	0	//Ancient_Elven_Ear
19507	0	0	0	0	1	1	1	0	//Fine_Sun
19518	1	0	0	0	1	1	1	1	//Rainbow
19519	0	0	0	0	1	1	1	0	//Lightning_Cloud

20734	0	0	0	0	0	1	1	0	//Manteau_Of_Leafwind
20735	0	0	0	0	0	1	1	0	//Manteau_Of_Flame_Heart


14886	1	0	0	0	1	1	1	1	//UltimateCook_S
23388	1	0	0	0	1	1	1	0	//CookingBox10
100507	1	0	0	0	1	1	1	1	//Sleep_Sheep_Egg
									
28443	1	1	0	1	0	1	1	1	//Para_Team_Ring100A
28444	1	1	0	1	0	1	1	1	//Para_Team_Necklace100A
28445	1	1	0	1	0	1	1	1	//Para_Team_Ring115A
28446	1	1	0	1	0	1	1	1	//Para_Team_Necklace115A
28447	1	1	0	1	0	1	1	1	//Para_Team_Ring130A
28448	1	1	0	1	0	1	1	1	//Para_Team_Necklace130A
28449	1	1	0	1	0	1	1	1	//Para_Team_Ring145A
28450	1	1	0	1	0	1	1	1	//Para_Team_Necklace145A
28451	1	1	0	1	0	1	1	1	//Para_Team_Ring160A
28452	1	1	0	1	0	1	1	1	//Para_Team_Necklace160A
28453	1	1	0	1	0	1	1	1	//Para_Team_Ring100B
28454	1	1	0	1	0	1	1	1	//Para_Team_Necklace100B
28455	1	1	0	1	0	1	1	1	//Para_Team_Ring115B
28456	1	1	0	1	0	1	1	1	//Para_Team_Necklace115B
28457	1	1	0	1	0	1	1	1	//Para_Team_Ring130B
28458	1	1	0	1	0	1	1	1	//Para_Team_Necklace130B
28459	1	1	0	1	0	1	1	1	//Para_Team_Ring145B
28460	1	1	0	1	0	1	1	1	//Para_Team_Necklace145B
28461	1	1	0	1	0	1	1	1	//Para_Team_Ring160B
28462	1	1	0	1	0	1	1	1	//Para_Team_Necklace160B
28463	1	1	0	1	0	1	1	1	//Para_Team_Ring100C
28464	1	1	0	1	0	1	1	1	//Para_Team_Necklace100C
28465	1	1	0	1	0	1	1	1	//Para_Team_Ring115C
28466	1	1	0	1	0	1	1	1	//Para_Team_Necklace115C
28467	1	1	0	1	0	1	1	1	//Para_Team_Ring130C
28468	1	1	0	1	0	1	1	1	//Para_Team_Necklace130C
28469	1	1	0	1	0	1	1	1	//Para_Team_Ring145C
28470	1	1	0	1	0	1	1	1	//Para_Team_Necklace145C
28471	1	1	0	1	0	1	1	1	//Para_Team_Ring160C
28472	1	1	0	1	0	1	1	1	//Para_Team_Necklace160C
28473	1	1	0	1	0	1	1	1	//Para_Team_Ring100D
28474	1	1	0	1	0	1	1	1	//Para_Team_Necklace100D
28475	1	1	0	1	0	1	1	1	//Para_Team_Ring115D
28476	1	1	0	1	0	1	1	1	//Para_Team_Necklace115D
28477	1	1	0	1	0	1	1	1	//Para_Team_Ring130D
28478	1	1	0	1	0	1	1	1	//Para_Team_Necklace130D
28479	1	1	0	1	0	1	1	1	//Para_Team_Ring145D
28480	1	1	0	1	0	1	1	1	//Para_Team_Necklace145D
28481	1	1	0	1	0	1	1	1	//Para_Team_Ring160D
28482	1	1	0	1	0	1	1	1	//Para_Team_Necklace160D
22122	1	1	0	1	0	1	1	1	//Para_Team_Boots100
22123	1	1	0	1	0	1	1	1	//Para_Team_Boots115
22124	1	1	0	1	0	1	1	1	//Para_Team_Boots130
22125	1	1	0	1	0	1	1	1	//Para_Team_Boots145
22126	1	1	0	1	0	1	1	1	//Para_Team_Boots160
15181	1	1	0	1	0	1	1	1	//Para_Team_Armor100
15182	1	1	0	1	0	1	1	1	//Para_Team_Armor115
15183	1	1	0	1	0	1	1	1	//Para_Team_Armor130
15184	1	1	0	1	0	1	1	1	//Para_Team_Armor145
15185	1	1	0	1	0	1	1	1	//Para_Team_Armor160
20823	1	1	0	1	0	1	1	1	//Para_Team_Manteau100
20824	1	1	0	1	0	1	1	1	//Para_Team_Manteau130
20825	1	1	0	1	0	1	1	1	//Para_Team_Manteau160
19164	1	1	0	1	0	1	1	1	//Para_Team_Hat100
19165	1	1	0	1	0	1	1	1	//Para_Team_Hat160
23278	1	1	1	1	1	1	1	1	//HelpmeShorty(diedit Untuk battlepas)
23280	1	1	1	1	0	1	1	1	//N_Fly_Wing2
12323	1	1	1	1	0	1	1	1	//N_Fly_Wing
5583	1	1	1	1	0	1	1	1	//Para_Team_Hat
2456	1	1	1	1	0	1	1	1	//Para_Team_Boots1
2560	1	1	1	1	0	1	1	1	//Para_Team_Manteau
15009	1	1	1	1	0	1	1	1	//Para_Team_Uniform1
28514	1	1	0	1	0	1	1	1	//Bless_Flower_Ring
23364	1	1	1	1	0	1	1	1	//Cryptura_Cookie
23365	1	1	1	1	0	1	1	1	//Cryptura_Giftbox
25073	1	1	1	1	0	1	1	1	//Worn_Out_Papyrus
25074	1	1	1	1	0	1	1	1	//Antique_Coin
25075	1	1	1	1	0	1	1	1	//Sword_Of_Admiral
25076	1	1	1	1	0	1	1	1	//QouSeraSera
25077	1	1	1	1	0	1	1	1	//KnightsSupply
25078	1	1	1	1	0	1	1	1	//Liqueur_Of_Lotus
25079	1	1	1	1	0	1	1	1	//FaintBreathing
25080	1	1	1	1	0	1	1	1	//FoxBeads
25098	0	0	0	1	0	0	0	0	//Jobmap_1st
25099	0	0	0	1	0	0	0	0	//Jobmap_su
25100	0	0	0	1	0	0	0	0	//Jobmap_sword
25101	0	0	0	1	0	0	0	0	//Jobmap_magic
25102	0	0	0	1	0	0	0	0	//Jobmap_Merch
25103	0	0	0	1	0	0	0	0	//Jobmap_acol
25104	0	0	0	1	0	0	0	0	//Jobmap_thief
25105	0	0	0	1	0	0	0	0	//Jobmap_archer
25106	0	0	0	1	0	0	0	0	//Jobmap_taekwon
25107	0	0	0	1	0	0	0	0	//Jobmap_rune
25108	0	0	0	1	0	0	0	0	//Jobmap_royal
25109	0	0	0	1	0	0	0	0	//Jobmap_war
25110	0	0	0	1	0	0	0	0	//Jobmap_socer
25111	0	0	0	1	0	0	0	0	//Jobmap_mecha
25112	0	0	0	1	0	0	0	0	//Jobmap_gene
25113	0	0	0	1	0	0	0	0	//Jobmap_bishop
25114	0	0	0	1	0	0	0	0	//Jobmap_sura
25115	0	0	0	1	0	0	0	0	//Jobmap_cross
25116	0	0	0	1	0	0	0	0	//Jobmap_chaser
25117	0	0	0	1	0	0	0	0	//Jobmap_ranger
25118	0	0	0	1	0	0	0	0	//Jobmap_mins
25119	0	0	0	1	0	0	0	0	//Jobmap_wander
25120	0	0	0	1	0	0	0	0	//Jobmap_ninja
25121	0	0	0	1	0	0	0	0	//Jobmap_gun
25122	0	0	0	1	0	0	0	0	//Jobmap_super2
25123	0	0	0	1	0	0	0	0	//Jobmap_karma2
25188	1	1	1	1	0	1	1	1	//Handkerchief_of_Girl
23040	1	1	0	1	1	1	1	1	//White_Potion_Box_
									
13438	1	0	0	0	1	1	1	0	//Magical_Blade
15041	1	0	0	0	1	1	1	0	//Boitata_Armor

19308	1	0	0	0	1	1	1	0	//Amistr_Beret

31766	1	1	1	1	0	1	1	1	//C_Peony_Hair_Ornament
100524	1	0	0	0	1	1	1	1	//Amistr_Scroll_TH
									

9913	1	0	0	0	1	1	1	1	//E_Elite_Sg_Supply_Box
									
19824	1	0	0	0	1	1	1	0	//C_Evil_Druid_Hat
19836	1	0	0	0	1	1	1	0	//C_L_Magestic_Goat
19934	1	0	0	0	1	1	1	0	//C_10Gallon_Hat_Of_Flame
20122	1	0	0	0	1	1	1	0	//Happy_Summer_Ribbon

31382	1	0	0	0	1	1	1	0	//C_Cat_Ears_Punkish
31481	1	0	0	0	1	1	1	0	//C_CatCoffeeCup_TW
23727	1	1	0	1	1	1	1	1	//E_Unlimited_Drink
100543	1	0	0	0	1	1	1	0	//Costume_Box_V1_TH
100544	1	0	0	0	1	1	1	0	//Majestic_Box_TH
									
22953	1	0	0	0	1	1	1	0	//Enchant_Stone_Box7
									
2158	1	0	0	0	1	1	1	0	//Ramor_Shield_Undead

18664	1	0	0	0	1	1	1	0	//Blind_Glasses
18706	1	0	0	0	1	1	1	0	//Can_Hat


20121	1	1	0	1	1	1	1	1	//C_Lotus_Flower_Hat
31460	1	1	0	1	0	1	1	1	//C_Blessing_Sky_Lantern
20720	1	0	0	0	1	1	1	0	//Manteau_Of_Storm

100545	1	0	0	0	1	1	1	1	//Wisdom_Egg_C
100546	1	0	0	0	1	1	1	1	//Wisdom_Egg_S
									
25358	1	1	1	1	0	1	1	1	//Retrieve_Datacard
25359	1	1	1	1	0	1	1	1	//Slightly_Old_Bax
25360	1	1	1	1	0	1	1	1	//Receipt
23348	1	1	1	1	1	1	1	1	//Vend_Arbeit_1Lv
23349	1	1	1	1	1	1	1	1	//Vend_Arbeit_2Lv
23350	1	1	1	1	1	1	1	1	//Vend_Arbeit_3Lv
23351	1	1	1	1	1	1	1	1	//Buy_Arbeit_1Lv
23352	1	1	1	1	1	1	1	1	//Buy_Arbeit_2Lv
23353	1	1	1	1	1	1	1	1	//Buy_Arbeit_3Lv
									
18569	1	0	0	0	0	1	1	0	//Soft_Sheep_Hat

18936	1	0	0	0	1	1	1	0	//Golden_Fish
20509	1	0	0	0	1	1	1	1	//C_Wings_of_Uriel
100554	1	0	0	0	1	1	1	1	//Heartbeat_Scroll_TH
									
15357	1	0	0	0	1	1	1	1	//Deviling_Balloon_TH
									

18510	1	0	0	0	1	1	1	0	//Blood_Angel_Hair_Band
18647	1	0	0	0	0	1	1	1	//Star_Eyepatch
18940	1	0	0	0	1	1	1	0	//10_Gallon_Hat_Of_Flame

19004	1	0	0	0	0	1	1	1	//Happy_Balloon
100563	1	0	0	0	1	1	1	1	//Eragon_Egg
									
25394	1	1	1	1	1	1	1	1	//Fruit_Lunch
25390	1	1	1	1	0	1	1	1	//Captured_Savage
25391	1	1	1	1	1	1	1	1	//Goodly_Bough
25392	1	1	1	1	0	1	1	1	//Free_Pass_Ticket
25395	1	1	1	1	1	1	1	1	//Small_Embers
23446	1	1	1	1	1	1	1	1	//Savage_Trap
23921	1	1	1	1	1	1	1	1	//Season_Evt_Reward
									
31547	1	1	0	1	1	1	1	1	//C_Poporing_Mascot_Cos
									
31063	0	0	0	0	1	1	1	0	//C_Hair_Bun_BU
31064	0	0	0	0	1	1	1	0	//C_Hair_Bun_RD
31065	0	0	0	0	1	1	1	0	//C_Hair_Bun_YL
31066	0	0	0	0	1	1	1	0	//C_Hair_Bun_GN
31067	0	0	0	0	1	1	1	0	//C_Hair_Bun_BL
31068	0	0	0	0	1	1	1	0	//C_Hair_Bun_WH
31069	0	0	0	0	1	1	1	0	//C_Hair_Bun_OM
31070	0	0	0	0	1	1	1	0	//C_Hair_Bun_PP
12405	0	0	0	0	1	1	1	0	//Underripe_Yggseed
14888	1	0	0	0	1	1	1	0	//Cash_Hair_Bun_Box
100567	1	0	0	0	1	1	1	1	//SeptPromo_3_box


7575	1	1	1	1	1	1	1	1	//13.2퀘스트아이템_붉은색보석_
7576	1	1	1	1	1	1	1	1	//13.2퀘스트아이템_파란색보석_

5780	0	0	0	0	1	1	1	0	//Tendrilion_Hat
18806	1	1	0	1	0	1	1	1	//Black_Rabbit_Hat
18922	0	0	0	0	1	1	1	0	//ILCHONGOM
19046	0	0	0	0	1	1	1	0	//DeadlyPoison_Manteau
20804	1	0	0	0	1	1	1	1	//AmistrBag_Greed
100581	1	0	0	0	1	1	1	1	//Earth_Dinosaur_Egg
									
10569	1	0	0	0	1	1	1	1	//Spicy_Soup_Box50
10570	1	0	0	0	1	1	1	1	//Spicy_Soup_Box100
17974	1	0	0	0	1	1	1	1	//A_Almighty_Box
17980	1	0	0	0	1	1	1	1	//A_LimitPowerBooster
17982	1	0	0	0	1	1	1	1	//A_Infinity_Box
17986	1	0	0	0	1	1	1	1	//A_Unlimited_Box
9937	1	1	0	1	1	1	1	1	//Spicy_Soup
12684	1	1	0	1	1	1	1	1	//ASPD_Potion
12796	1	1	0	1	1	1	1	1	//Red_Booster
12883	1	1	0	1	1	1	1	1	//Almighty
14766	1	1	0	1	1	1	1	1	//Limit_Power_Booster
23046	1	1	0	1	1	1	1	1	//Comp_Mystic_Powder
23047	1	1	0	1	1	1	1	1	//Comp_Tyr's_Blessing
23475	1	1	0	1	1	1	1	1	//Infinity_Drink
									
									
15169	1	0	0	0	1	1	1	0	//Kardui_Robe
19291	1	0	0	0	1	1	1	1	//C_Shiba_Inu
									
6625	1	1	0	1	0	1	1	1	//High_Purity_Energy_Xtal
									
5785	1	0	0	0	1	1	1	0	//Green_Bunny_Hairband
31672	1	0	0	0	1	1	1	0	//C_Mermaid_Wig
6242	1	1	0	1	1	1	1	1	//Midgard_Coin
23169	1	0	0	0	0	1	1	0	//Alchemist_Box
100590	1	0	0	0	1	1	1	0	//Flower_Scroll_TH
									
21010	0	0	0	0	0	1	1	0	//Tw_Sword_Of_Evil_Slayer
28001	0	0	0	0	0	1	1	0	//Katar_Of_Evil_Slayer
18120	0	0	0	0	0	1	1	0	//Bow_Of_Evil_Slayer
6672	1	1	0	1	0	1	1	1	//Gray_Shard
7641	1	1	1	1	1	1	1	1	//Cure_Box
6671	1	1	0	1	0	1	1	1	//Geffen_Magic_Coin
22517	1	1	1	1	1	1	1	1	//Loki_Summon_Scroll
22511	1	1	0	1	0	1	1	1	//Fenrir_Card__
13094	0	0	0	0	0	1	1	0	//Dagger_Of_Evil_Slayer
16027	0	0	0	0	0	1	1	0	//Hammer_Of_Evil_Slayer
1671	0	0	0	0	0	1	1	0	//Staff_Of_Evil_Slayer
									
20484	1	1	0	1	1	1	1	1	//C_Sunflower_Hairpin
									

18538	1	0	0	0	1	1	1	0	//Devil_Whisper

18911	1	0	0	0	0	1	1	1	//Red_Flower_Hat
20290	1	0	0	0	1	1	1	0	//C_Evil_Druid_Hat_Black
20398	1	0	0	0	1	1	1	0	//C_Niflheim_Bunny_Hat
200075	1	0	0	0	1	1	1	1	//TH_Almighty100_Box
200076	1	0	0	0	1	1	1	1	//TH_Almighty_Box
200077	1	0	0	0	1	1	1	1	//TH_Refine_Ore_Box_Set
200078	1	0	0	0	1	1	1	1	//TH_Refine_Ore_Box
200079	1	0	0	0	1	1	1	1	//TH_HD_Refine_Ore_Box
200080	1	0	0	0	1	1	1	1	//TH_HD_High_Refine_Box
200081	1	0	0	0	1	1	1	1	//TH_LimitPowerBooster100
200082	1	0	0	0	1	1	1	1	//TH_LimitPowerBooster
200083	1	0	0	0	1	1	1	1	//TH_Infinity_10_Box
200084	1	0	0	0	1	1	1	1	//TH_Infinity_Box
200085	1	0	0	0	1	1	1	1	//TH_DEF_Scroll_Box_Set
200086	1	0	0	0	1	1	1	1	//TH_DEF_Scroll_Box
200087	1	0	0	0	1	1	1	1	//TH_Unlimited_10_Box
200088	1	0	0	0	1	1	1	1	//TH_Unlimited_Box
23919	1	1	0	1	1	1	1	1	//K_Secret_Key
100595	1	1	1	1	1	1	1	1	//Main_Lucky_Box_TH
23204	1	1	0	1	1	1	1	1	//M_DEFScroll
									
5892	1	0	0	0	1	1	1	0	//RCC2013_1ST_CROWN
5893	1	0	0	0	1	1	1	0	//RCC2013_2ND_CROWN
31955	1	1	0	1	1	1	1	1	//C_Angeling_1st
31956	1	1	0	1	1	1	1	1	//C_Angeling_2nd
									
2145	1	1	0	1	0	1	1	1	//Time_Keepr_Shield
2455	1	1	0	1	0	1	1	1	//Time_Keepr_Boots
2559	1	1	0	1	0	1	1	1	//Time_Keepr_Manteau
5544	1	1	0	1	0	1	1	1	//Time_Keeper_Hat
15007	1	1	0	1	0	1	1	1	//Time_Keepr_Robe
15167	1	1	0	1	0	1	1	1	//Toughen_Time_Keepr_Robe
19119	1	1	0	1	0	1	1	1	//Toughen_Time_Keeper_Hat
19218	1	1	1	1	0	1	1	1	//Time_Keeper_Glasses
20801	1	1	0	1	0	1	1	1	//Toughen_Time_Keepr_MT
22102	1	1	0	1	0	1	1	1	//Toughen_Time_Keepr_Bts
24416	1	1	1	1	0	1	1	1	//S_Timeoverload_Weapon
24417	1	1	1	1	0	1	1	1	//S_Timeoverload_Armor
24418	1	1	1	1	0	1	1	1	//S_Timeoverload_Shield
24419	1	1	1	1	0	1	1	1	//S_Timeoverload_Shoes
24420	1	1	1	1	0	1	1	1	//S_Timeoverload_Earing
24421	1	1	1	1	0	1	1	1	//S_Timeoverload_Pandent
28511	1	1	1	1	0	1	1	1	//Time_Keeper_Ring
28914	1	1	0	1	0	1	1	1	//Toughen_Time_Keepr_Shd
31138	1	0	0	0	1	1	1	1	//C_Piamette_Hood_Red
1296	1	1	1	1	0	1	1	1	//Metal_Katar
1398	1	1	1	1	0	1	1	1	//Metal_Two_Handed_Axe
1493	1	1	1	1	0	1	1	1	//Metal_Lance
2018	1	1	1	1	0	1	1	1	//Metal_Staff
2040	1	1	1	1	0	1	1	1	//Probation_Staff
13322	1	1	1	1	0	1	1	1	//Metal_Huuma_Shuriken
13336	1	1	1	1	0	1	1	1	//Probation_Huuma
21005	1	1	1	1	0	1	1	1	//Metal_Two_Hand_Sword
21030	1	1	1	1	0	1	1	1	//Probation_TH_Sword
28024	1	1	1	1	0	1	1	1	//Probation_Katar
28120	1	1	1	1	0	1	1	1	//Probation_TH_Axe
18116	1	1	1	1	0	1	1	1	//Metal_Bow
18150	1	1	1	1	0	1	1	1	//Probation_CrossBow
18151	1	1	1	1	0	1	1	1	//Probation_Bow
13125	1	1	1	1	0	1	1	1	//Metal_Revolver
12262	1	1	1	1	1	1	1	1	//Inspector_Certificate_
12802	1	1	1	1	1	1	1	1	//Time_Guardian_Box

22521	1	1	1	1	1	1	1	1	//80LVUP
22522	1	1	1	1	1	1	1	1	//100LVUP
22523	1	1	1	1	1	1	1	1	//120LVUP
22524	1	1	1	1	1	1	1	1	//130LVUP
22525	1	1	1	1	1	1	1	1	//140LVUP
22526	1	1	1	1	1	1	1	1	//150LVUP
22527	1	1	1	1	1	1	1	1	//160LVUP
23050	1	1	0	1	1	1	1	1	//Comp_Magic_Candy
23097	1	1	1	1	1	1	1	1	//Time_Guardian_Box2
23267	1	1	1	1	1	1	1	1	//1LVUP
23268	1	1	1	1	1	1	1	1	//10LVUP
23269	1	1	1	1	1	1	1	1	//20LVUP
23270	1	1	1	1	1	1	1	1	//30LVUP
23271	1	1	1	1	1	1	1	1	//40LVUP
23272	1	1	1	1	1	1	1	1	//50LVUP
23273	1	1	1	1	1	1	1	1	//60LVUP
23274	1	1	1	1	1	1	1	1	//70LVUP
23275	1	1	1	1	1	1	1	1	//90LVUP
23276	1	1	1	1	1	1	1	1	//175LVUP
23307	1	1	0	1	1	1	1	1	//Comp_M_DEFScroll
23899	1	1	0	1	1	1	1	1	//Comp_Almighty
23901	1	1	1	1	1	1	1	1	//110LVUP
1588	1	1	1	1	0	1	1	1	//Metal_Book
1845	1	1	1	1	0	1	1	1	//Probation_Knuckle
13079	1	1	1	1	0	1	1	1	//Metal_Dagger
16023	1	1	1	1	0	1	1	1	//Metal_Mace
16064	1	1	1	1	0	1	1	1	//Probation_Mace
28613	1	1	1	1	0	1	1	1	//Probation_Magicbook
28614	1	1	1	1	0	1	1	1	//Probation_Bible
28726	1	1	1	1	0	1	1	1	//Probation_Dagger
32004	1	1	1	1	0	1	1	1	//Probation_Lance
23582	1	1	1	1	0	1	1	1	//E_Wing_Of_Fly_3Day_Box
									
14234	0	0	0	0	0	0	0	1	//Dead_Tree_Branch_Box2
									
									
5919	1	1	0	1	1	1	1	1	//Camellia_Hair_Pin
28507	0	0	0	0	0	1	1	0	//Glove_Of_Wizard
31249	1	0	0	0	1	1	1	1	//C_Rabbit_Hopping


100611	1	0	0	0	1	1	1	1	//EnvoyOfMoon_Scroll_TH
									
19221	1	0	0	0	1	1	1	0	//Golden_Angel_Band_TH
20745	0	0	0	0	0	1	1	0	//Manteau_Of_Mistic_Froz
20747	0	0	0	0	0	1	1	0	//Manteau_Great_Nature
20841	0	0	0	0	0	1	1	0	//Golden_Angel_Wing_TH

14873	1	0	0	0	1	1	1	0	//DF_Bubble_Gum
100613	1	0	0	0	1	1	1	1	//Mad_Bunny_Scroll_TH
									
19364	0	0	0	0	0	1	1	0	//Engineer_Cap_K
									
17608	1	0	0	0	1	1	1	1	//C_Giant_Fly_1Day_Box
23023	1	1	1	1	1	1	1	1	//C_Giant_Fly_Wing
									
20258	1	0	0	0	1	1	1	0	//C_Blue_Head_Dress
31438	1	0	0	0	1	1	1	0	//C_Fluffy_Angel_Cape
440000	1	0	0	0	1	1	1	0	//C_SharkHead

									
2597	0	0	0	0	0	1	1	0	//Scarlet_Poncho
19011	1	0	0	0	0	1	1	1	//Little_Devil_S_Horn
20597	1	0	0	0	1	1	1	0	//C_Evil_Scythe

31698	1	0	0	0	1	1	1	0	//C_Pigtail_Red_Hood
9963	1	0	0	0	1	1	1	0	//Big_Bun_100_Box
23151	1	0	0	0	0	1	1	0	//EnchantStone_Recipe
23154	1	0	0	0	0	1	1	0	//Nyang_Costume_Recipe
100623	1	0	0	0	0	1	1	0	//Shadow_Mix_Recipe_TH
100624	1	0	0	0	1	1	1	0	//Red_Blood_Scroll_TH
									
10599	1	1	0	1	1	1	1	1	//2020Love_Daddy_Box
									
16865	1	0	0	0	1	1	1	1	//C_Siege_Scroll_Box1_30
17179	1	0	0	0	1	1	1	1	//C_Myst_Water_Box50
17512	1	0	0	0	1	1	1	1	//LI_HD_Elunium_Box30
17513	1	0	0	0	1	1	1	1	//LI_HD_Oridecon_Box30
17549	1	0	0	0	1	1	1	1	//LI_HD_BradiumBox30
17550	1	0	0	0	1	1	1	1	//LI_HD_CarniumBox30
6327	1	1	0	1	1	1	1	1	//LI_HD_Bradium
6906	1	1	0	1	1	1	1	1	//LI_HD_Carnium
6910	1	1	0	1	1	1	1	1	//LI_HD_Oridecon
6911	1	1	0	1	1	1	1	1	//LI_HD_Elunium
12832	1	1	0	1	1	1	1	1	//Mysterious_Water
14591	1	1	0	1	1	1	1	1	//Siege_Teleport_Scroll
									
22035	0	0	0	0	0	1	1	0	//Vet_Nepen_Heel
22036	0	0	0	0	0	1	1	0	//Vet_SliverFox_Boots
22037	0	0	0	0	0	1	1	0	//Vet_Ungo_Boots
2981	1	1	0	1	0	1	1	1	//RingOfHero
4908	0	0	0	0	0	1	1	0	//Force1
4909	0	0	0	0	0	1	1	0	//Force2
4910	0	0	0	0	0	1	1	0	//Force3
4911	0	0	0	0	0	1	1	0	//Intellect1
4912	0	0	0	0	0	1	1	0	//Intellect2
4913	0	0	0	0	0	1	1	0	//Intellect3
4914	0	0	0	0	0	1	1	0	//Swiftness1
4915	0	0	0	0	0	1	1	0	//Swiftness2
4916	0	0	0	0	0	1	1	0	//Swiftness3
4917	0	0	0	0	0	1	1	0	//Tough1
4918	0	0	0	0	0	1	1	0	//Tough2
4919	0	0	0	0	0	1	1	0	//Tough3
4920	0	0	0	0	0	1	1	0	//Artful1
4921	0	0	0	0	0	1	1	0	//Artful2
4922	0	0	0	0	0	1	1	0	//Artful3
4923	0	0	0	0	0	1	1	0	//Fortune1
4924	0	0	0	0	0	1	1	0	//Fortune2
4925	0	0	0	0	0	1	1	0	//Fortune3
4559	0	0	0	0	0	1	1	0	//M_Morocc_Card
6684	1	1	0	1	0	1	1	1	//TokenOfHero
6713	1	1	1	1	0	1	1	1	//Soul_Of_Ahat
6714	1	1	1	1	0	1	1	1	//Soul_Of_Shnaim
6715	1	1	0	1	0	1	1	1	//P_Of_Evil_Soul
6708	1	1	1	1	0	1	1	1	//Mana_crystal
22535	1	1	1	1	0	1	1	1	//WorkerScroll_A
22536	1	1	1	1	0	1	1	1	//WorkerScroll_B
22566	0	0	1	1	0	1	1	0	//Frost_Crystal
22567	0	0	0	0	0	1	1	0	//Squad_Prize
22568	0	0	0	0	0	1	1	0	//Nyd_Summon_Scroll
6689	1	1	0	1	0	1	1	1	//BurningSkin
6690	1	1	0	1	0	1	1	1	//YummyStem
									
6746	1	1	1	1	0	1	1	1	//Steel_Article
6747	1	1	1	1	0	1	1	1	//Steel_Article_
13118	1	1	1	1	0	1	1	1	//Tiny_Flame
13119	1	1	0	1	0	1	1	1	//Freedom_Flame
									
6685	1	1	1	1	0	1	1	1	//MoroccMerit
6686	1	1	1	1	1	1	1	1	//Brick
6687	1	1	1	1	1	1	1	1	//LongRopes
6688	1	1	1	1	1	1	1	1	//Wood_
6698	1	1	1	1	0	1	1	1	//Hatchet
									
20129	1	1	0	1	1	1	1	1	//C_Poporing_Cap
31374	1	1	0	1	1	1	1	1	//C_Explosion_Gum
31586	1	1	0	1	1	1	1	1	//C_Poporing_Muffler
100633	1	1	0	1	1	1	1	1	//AIS_Awards_2020
									
400129	1	1	0	1	0	1	1	1	//C_Puriku_Cap
410050	1	1	0	1	0	1	1	1	//C_Puriku_Pcha
23340	1	1	0	1	1	1	1	1	//Comp_Megaphone
100634	1	1	0	1	1	1	1	1	//Puriku_Scroll
									
20430	0	0	0	0	1	1	1	0	//C_Morocc_Kid_Servant
31670	0	0	0	0	1	1	1	0	//C_Miyabi_Long_Hair
100639	1	0	0	0	1	1	1	1	//Satan_Morroc_Sroll_TH
									

31958	1	1	0	1	1	1	1	1	//C_SantaPoring_Balloon
1000467	1	1	0	1	1	1	1	1	//Ticket_Rebellion_TH
13136	1	1	1	1	0	1	1	1	//Probation_Revolver
28215	1	1	1	1	0	1	1	1	//Probation_Rifle
28216	1	1	1	1	0	1	1	1	//Probation_Gatling_Gun
28217	1	1	1	1	0	1	1	1	//Probation_Launcher
28218	1	1	1	1	0	1	1	1	//Probation_Shotgun

100640	1	1	0	1	1	1	1	1	//Rebellion_Box_TH
100641	1	1	0	1	1	1	1	1	//Rebellion_Regis_TH
									
22612	1	1	1	1	0	1	1	1	//Decomposition_Potion
22613	1	1	1	1	0	1	1	1	//Polluted_Potion
									
11576	1	1	0	1	1	1	1	1	//Lucky_Candy_Cane_B
11577	1	1	0	1	1	1	1	1	//Rice_Ball_B
11582	1	1	0	1	1	1	1	1	//Well_Baked_Cookie_B
11584	1	1	0	1	1	1	1	1	//White_Chocolate_B
11585	1	1	0	1	1	1	1	1	//HandMade_Chocolate_B
11586	1	1	0	1	1	1	1	1	//HandMade_Chocolate_B_
11587	1	1	0	1	1	1	1	1	//Chocolate_B


									
200097	1	0	0	0	1	1	1	1	//Coin_Almighty_Box
200098	1	0	0	0	1	1	1	1	//Coin_LimitPowerBooster
200099	1	0	0	0	1	1	1	1	//Coin_Infinity_Box
200100	1	0	0	0	1	1	1	1	//Coin_Unlimited_Box
									

5252	1	0	0	0	0	1	1	1	//Drooping_Nine_Tail
5446	0	0	0	0	0	1	1	0	//Cat_Foot_Hairpin

18934	1	0	0	0	1	1	1	1	//Fox_Ears_Bell_Ribbon
19139	1	0	0	0	1	1	1	0	//SurviveOrb

100668	1	0	0	0	1	0	1	0	//Moonlight_Scroll
									
31195	1	0	0	0	1	1	1	1	//C_Choco_Minihat
									
19294	1	0	0	0	1	1	1	1	//C_CatEars_Cyber_HeadP_R
									
19113	0	0	0	0	0	1	1	0	//Gemini_Eyes
19629	1	0	0	0	1	1	1	1	//C_Tiara
22105	0	0	0	0	0	1	1	0	//Cuffs_
400043	1	0	0	0	1	1	1	0	//Fallen_Angel_feather
18726	1	0	0	0	0	1	1	1	//Sky_Helm
100673	1	0	0	0	1	0	1	1	//Dark_Fallen_Scroll
2589	1	0	0	0	1	1	1	0	//Fallen_Angel_Wing
15040	0	0	0	0	0	1	1	0	//Prison_Uniform
									
11566	1	1	0	1	1	1	1	1	//Yellow_Potion_B
11570	1	1	0	1	1	1	1	1	//Red_Potion_B
11571	1	1	0	1	1	1	1	1	//Green_Potion_B
22545	1	1	0	1	1	1	1	1	//Speed_Up_Potion_B
22546	1	1	0	1	1	1	1	1	//Slow_Down_Potion_B
22547	1	1	0	1	1	1	1	1	//Anodyne_B
22548	1	1	0	1	1	1	1	1	//Water_Of_Darkness_B
22549	1	1	0	1	0	1	1	1	//Poison_Bottle_B
22554	1	1	0	1	0	1	1	1	//First_Aid_Kit_B
23198	1	1	0	1	1	1	1	1	//PremiumWoodenBox
23199	1	1	0	1	1	1	1	1	//PremiumGoldenBox
23200	1	1	0	1	1	1	1	1	//PremiumPlatinumBox
23201	1	1	0	1	1	1	1	1	//PremiumNomalBox
100669	1	1	0	1	1	1	1	1	//TH_Premium_Hat_Box
100670	1	1	0	1	1	1	1	1	//TH_Premium_Hat_Box2
									
25479	1	1	1	1	0	1	1	1	//Dogly_Bottle
									
200103	1	0	0	0	1	1	1	1	//Coin_Mana_Potion_Box
									
18956	1	0	0	0	1	1	1	0	//Chocolate_Bomb
19769	1	0	0	0	1	1	1	0	//C_Mischievous_Fairy
20579	1	0	0	0	1	1	1	0	//C_Wings_Of_Raphael
24157	0	0	0	0	0	1	1	0	//S_Exorcist_Weapon
24163	0	0	0	0	0	1	1	0	//S_Vibration_Weapon
24166	0	0	0	0	0	1	1	0	//S_Penetration_Earring
24167	0	0	0	0	0	1	1	0	//S_Penetration_Pendent
100689	1	0	0	0	1	0	1	0	//Majorous_Scroll
19274	1	0	0	0	0	1	1	1	//OpenAir_Headset
									
22702	1	1	0	1	1	1	1	1	//Minus_Str
22703	1	1	0	1	1	1	1	1	//Minus_Agi
22704	1	1	0	1	1	1	1	1	//Minus_Vit
22705	1	1	0	1	1	1	1	1	//Minus_Int
22706	1	1	0	1	1	1	1	1	//Minus_Dex
22707	1	1	0	1	1	1	1	1	//Minus_Luk
									
19168	0	0	0	0	0	1	1	0	//Kafra_Employee_Band
19211	1	0	0	0	1	1	1	0	//Magical_Feather_K
19244	0	0	0	0	0	1	1	0	//Necklace_Rosary_K
19268	1	0	0	0	1	1	1	0	//FaceWorm_Breath
19295	0	0	0	0	0	1	1	0	//Red_Baby_Dragon_TW
22072	1	0	0	0	1	1	1	0	//Hikingboots
24177	0	0	0	0	0	1	1	0	//S_M_Vibration_Weapon
24253	0	0	0	0	0	1	1	0	//S_Thief_Pendant
24294	0	0	0	0	0	1	1	0	//S_Guillotine_Weapon
24307	0	0	0	0	0	1	1	0	//S_Guillotine_Shield
28391	0	0	0	0	0	1	1	0	//S_Thief_earring
23178	1	0	0	0	1	1	1	0	//Kafra_Box
100697	1	0	0	0	1	0	1	0	//Limit_Break_Scroll_TH
									
20299	1	0	0	0	1	1	1	0	//C_Face_Crusher
20591	1	0	0	0	1	1	1	0	//C_Bow_On_the_Back
									
19982	1	1	1	1	1	1	1	1	//C_Santa's_Hat
									
12322	1	1	1	1	0	1	1	1	//Chocolate_Pie
									

									
19020	1	0	0	0	1	1	1	0	//Survive_Circlet

24297	0	0	0	0	0	1	1	0	//S_Sorcerer_Weapon
24310	0	0	0	0	0	1	1	0	//S_Sorcerer_Shield
23285	1	0	0	0	1	1	1	0	//Candy_Box_Melee
23286	1	0	0	0	1	1	1	0	//Candy_Box_Range
23287	1	0	0	0	1	1	1	0	//Candy_Box_Magic
23289	0	0	0	0	0	1	1	0	//Candy_Bag_Scroll_Melee
23290	0	0	0	0	0	1	1	0	//Candy_Bag_Scroll_Range
23291	0	0	0	0	0	1	1	0	//Candy_Bag_Scroll_Magic
23436	0	0	0	0	0	1	1	0	//Shadow_Refine_Hammer
100704	1	0	0	0	1	0	1	0	//Heart_Pocket_Scroll
									
									
18906	0	0	0	0	0	1	1	0	//Holy_Rosario
20802	1	0	0	0	1	1	1	1	//AmistrBag_Teleport
20807	1	0	0	0	1	1	1	1	//AmistrBag_Endure


24154	0	0	0	0	0	1	1	1	//S_Immortal_Armor
24155	0	0	0	0	0	1	1	1	//S_Immortal_Pendant
24234	0	0	0	0	0	1	1	1	//S_Titan_Earring
24235	0	0	0	0	0	1	1	1	//S_Titan_Pendant
24288	0	0	0	0	0	1	1	0	//S_Runeknight_Weapon
24301	0	0	0	0	0	1	1	0	//S_Runeknight_Shield
28377	1	0	0	0	1	1	1	0	//Magical_Ring

23720	1	0	0	0	1	1	1	1	//Shadow_Random_Mix
100712	1	0	0	0	1	0	1	0	//Aquarius_Scroll_TH
									
//EP15_1									
6748	1	1	1	1	1	1	1	1	//Excavator_Repoet
6749	1	1	1	1	0	1	1	1	//Power_Control_Device
6753	1	1	1	1	1	1	1	1	//Sign_Of_Destruction
6754	1	1	1	1	1	1	1	1	//Collected_Herb
6756	1	1	1	1	1	1	1	0	//Condensed_Energy
6757	1	1	1	1	1	1	1	0	//Memory_Record
									
//03 Malangdo Enchant Stone									
31815	1	0	0	0	1	1	1	1	//C_Angola_Intention

21206	1	0	0	0	1	1	1	0	//C_Nut_Cracker
23086	1	0	0	0	1	1	1	0	//Enchant_Stone_Box10
									
//Odin NewCharEvent									
2566	1	1	1	1	0	1	1	1	//Half_Asprika
2856	1	1	1	1	0	1	1	1	//Half_Megin
2857	1	1	1	1	0	1	1	1	//Half_Brysing
15023	1	1	1	1	0	1	1	1	//Half_Brynhild
7444	0	0	0	0	0	1	1	0	//Treasure_Box
23319	1	1	1	1	0	1	1	1	//Happy_Time_Box_TW
									
//2021 03 SpringEvent									
12310	1	1	0	1	0	1	1	1	//Spray_Of_Flowers
12311	1	1	0	1	0	1	1	1	//Large_Spray_Of_Flowers
12854	1	1	0	1	0	1	1	1	//Full_Spray_Of_Flowers
									
//2021 03 Cybertron Scroll									
5944	1	0	0	0	0	1	1	1	//Thief_Hood

20535	1	0	0	0	1	1	1	1	//C_Digital_Space
24159	0	0	0	0	0	1	1	0	//S_Insect_Net_Weapon
24160	0	0	0	0	0	1	1	0	//S_Fishing_Weapon
24173	0	0	0	0	0	1	1	0	//S_M_Insect_Net_Weapon
24174	0	0	0	0	0	1	1	0	//S_M_Fishing_Weapon
24265	0	0	0	0	0	1	1	0	//S_Sage_Shoes
24278	0	0	0	0	0	1	1	0	//S_Sage_Armor
24290	0	0	0	0	0	1	1	0	//S_Mechanic_weapon
24303	0	0	0	0	0	1	1	0	//S_Mechanic_Shield
31574	1	0	0	0	1	1	1	1	//C_Cyber_Income
450131	0	0	0	0	0	1	1	0	//Fallen_Angel_Armor_TW
490033	0	0	0	0	0	1	1	0	//Fallen_Angel_tear
100749	1	0	0	0	1	0	1	0	//Cyber_Scroll_TH
									
//2021 03 Refine Reward Event									
19163	0	0	0	0	1	1	1	0	//CatharinaPawnBrad60
									
//2021 0325 SimpleCashShop Renewal									
5215	0	0	0	0	1	1	1	1	//Angelic_Chain_
5216	0	0	0	0	1	1	1	1	//Satanic_Chain_
5217	0	0	0	0	1	1	1	1	//Magestic_Goat_TW
5218	0	0	0	0	1	1	1	1	//Bunny_Band_
5219	0	0	0	0	1	1	1	1	//Drooping_Kitty_
5220	0	0	0	0	1	1	1	1	//Smoking_Pipe_
5221	0	0	0	0	1	1	1	1	//Pair_Of_Red_Ribbon_
5222	0	0	0	0	1	1	1	1	//Fish_On_Head_
5319	1	0	0	0	0	0	0	0	//Hellomother_Hat
5352	0	0	0	0	1	1	1	1	//Poporing_Cap
5409	1	0	0	0	0	1	1	1	//New_Cowboy_Hat
5414	1	0	0	0	0	1	1	1	//Campfire_Hat
5417	1	0	0	0	0	1	1	1	//Crown_Parrot
5418	1	0	0	0	0	1	1	1	//Soldier_Hat
5419	0	0	0	0	1	1	1	1	//Evolved_Leaf
5435	1	0	0	0	0	0	0	0	//Coke_Hat
5473	0	0	0	0	1	1	1	1	//Forceps_Hairpin
5477	1	0	0	0	0	1	1	1	//Bro_Flag
5547	0	0	0	0	1	1	1	1	//RJC_Katusa
5554	0	0	0	0	1	1	1	1	//Octopus_Hat
5561	0	0	0	0	1	1	1	1	//Rabbit_Magic_Hat_J
5586	0	0	0	0	1	1	1	1	//Mosquito_Coil
5654	1	0	0	0	0	1	1	1	//Holy_Marching_Hat_J
5665	1	0	0	0	0	1	1	1	//Shaman_Hat
5682	0	0	0	0	1	1	1	1	//Triangle_Rune_Cap
5779	0	0	0	0	1	1	1	1	//Drooping_Boto

18597	0	0	0	0	0	1	1	1	//Mercury_Helm
18614	0	0	0	0	1	1	1	1	//Grim_Reaper_Hat
18619	0	0	0	0	1	1	1	1	//Thief_Bandana
18638	1	0	0	0	0	1	1	1	//Citron_Hat
18639	1	0	0	0	0	1	1	1	//Naval_Officer_Hat
18641	1	0	0	0	0	1	1	1	//Ribbon_Magic_Hat
18645	1	0	0	0	0	1	1	1	//Sailor_Hat
18648	0	0	0	0	1	1	1	1	//Tongue_Charm
18651	0	0	0	0	1	1	1	1	//Ignis_Cap
18668	0	0	0	0	1	1	1	1	//Droopy_Turtle_Hat
18684	1	0	0	0	0	1	1	1	//Showy_High_Cap
18737	1	0	0	0	0	1	1	1	//Fortier_Mask
18786	1	0	0	0	0	1	1	1	//Anemos_Mask
18799	1	0	0	0	0	1	1	1	//Nero_Mask
18800	1	0	0	0	0	1	1	1	//Earth_Godess_Mask
18915	0	0	0	0	0	1	1	1	//Blood_Buffterfly
18944	0	0	0	0	0	1	1	1	//Deviruchi_Balloon
19010	1	0	0	0	0	1	1	1	//Baby_Dragon_Hat
19132	0	0	0	0	0	1	1	1	//Masquerade_




19240	0	0	0	0	0	1	1	1	//Toy_Syringe_K
19328	0	0	0	0	0	1	1	1	//Spider_Temp_TW
410012	0	0	0	0	0	1	1	1	//EXP_Processor
5565	1	0	0	0	0	1	1	1	//Dragon_Arhat_Mask
5566	1	0	0	0	0	1	1	1	//Tiger_Arhat_Mask
5223	0	0	0	0	1	1	1	1	//Big_Golden_Bell_
5476	1	0	0	0	0	1	1	1	//Hairband_Of_Grandpeco
5505	0	0	0	0	1	1	1	1	//Asara_Fairy_Hat
100757	1	1	0	1	1	1	1	1	//TH_Old_Hat_Box2
100758	1	0	0	0	1	1	1	1	//Lapine_Old_Hat
									
//EP15_2									
18997	0	0	0	0	0	1	1	0	//Riot_Chip
28326	0	0	0	0	0	1	1	0	//Broken_Chip_1
28327	0	0	0	0	0	1	1	0	//Broken_Chip_2
6824	1	1	1	1	1	1	1	1	//Lab_Memory_Record
6825	1	1	1	1	0	1	1	1	//Box_Of_Aircleaner
6826	1	1	1	1	0	1	1	1	//Fresh_Grape
6827	1	1	1	1	0	1	1	1	//Normal_Parts
6828	0	0	0	0	0	1	1	0	//Gravity_Parts
11597	0	0	0	0	0	1	1	0	//Iron_Bug
22691	1	1	1	1	1	1	1	1	//Piece_Of_Record1
22692	1	1	1	1	1	1	1	1	//Piece_Of_Record2
22693	1	1	1	1	1	1	1	1	//Piece_Of_Record3
22694	1	1	1	1	1	1	1	1	//Piece_Of_Record4
22695	1	1	1	1	1	1	1	1	//Piece_Of_Record5

//2021 0401 레이져(제3빌링) 프로모션
100781	1	1	1	1	1	1	1	1	//Razer_BoxTH

//2021 4월 말랑도 인챈트 스톤 11
19866	1	1	1	1	0	1	1	1	//C_Blue_Pajamas_Hat
19867	1	1	1	1	0	1	1	1	//C_Pink_Pajamas_Hat
31047	1	0	0	0	1	1	1	0	//C_First_Love_Cheek

//2021 0408 송크란 이벤트
100780	1	1	0	1	0	1	1	1	//Songkran_Egg


//2021 0408 봄꽃스크롤
15278	1	0	0	0	1	1	1	0	//Overwhelm_Str_Armor
15279	1	0	0	0	1	1	1	0	//Overwhelm_Int_Armor
19300	1	0	0	0	1	1	1	0	//Dog_Officer
24150	0	0	0	0	0	1	1	0	//S_Infinity_Earring
24151	0	0	0	0	0	1	1	0	//S_Infinity_Pendant
24164	0	0	0	0	0	1	1	0	//S_Holy_Water_Weapon
24178	0	0	0	0	0	1	1	0	//S_M_Holy_Water_Weapon
24247	0	0	0	0	0	1	1	0	//S_Merchant_earring
24251	0	0	0	0	0	1	1	0	//S_Merchant_Pendant
24258	0	0	0	0	0	1	1	1	//S_Blacksmith_Shoes
24271	0	0	0	0	0	1	1	1	//S_Blacksmith_Armor
24295	0	0	0	0	0	1	1	0	//S_Shadowchaser_Weapon
24308	0	0	0	0	0	1	1	0	//S_Shadowchaser_Shield
24401	0	0	0	0	0	1	1	0	//S_KingbirdAncient_Armor
23668	0	0	0	0	0	1	1	0	//KingbirdAncient_Mix
100782	1	0	0	0	1	0	1	0	//Flower_Spring_Scroll_TH
//2021 0408 스톤코인 이벤트
20590	1	0	0	0	1	1	1	0	//C_Evil_Druid_Cross
31149	1	0	0	0	1	1	1	1	//C_Nydhog_Wig
31396	1	0	0	0	1	1	1	1	//C_Sorcerer_Hood

200049	1	1	0	1	1	1	1	1	//Stone_Coin_PackageI
200050	1	1	0	1	1	1	1	1	//Stone_Coin_PackageII
200051	1	1	0	1	1	1	1	1	//Stone_Coin_PackageIII
7000	1	1	0	1	1	1	1	1	//Evt_Cos_Coin

// 2021 0927 ROC Pre-Register									
101089	1	1	0	1	1	1	1	1	//Register_Box_ROC
101090	1	1	0	1	1	1	1	1	//Feather_Scroll_TH_ROC
101091	1	1	0	1	1	1	1	1	//Welcome_Pack_TH_ROC
101144	1	1	0	1	1	1	1	1	//CBT_LevelUp_SETA_ROC
101145	1	1	0	1	1	1	1	1	//CBT_LevelUp_SETB_ROC
101143	1	0	0	0	1	1	1	1	//Silvervine_Box10_ROC
5846	1	1	0	1	1	1	1	1	//Buzzy_Ball_Gum

101136	1	0	0	0	1	1	1	1	//Random_Costume_ROC
// 2021 Pre Oder									

101140	1	0	0	0	1	1	1	1	//Blessing_Scroll_ROC_TH





									
101158	1	0	0	0	1	1	1	1	//Lucky_Bunny_Scroll_ROC
101164	1	0	0	0	1	1	1	1	//Catlover_Scroll_ROC

101207	1	0	0	0	1	1	1	1	//Sweetdream_Scroll_ROC

101221	1	0	0	0	1	1	1	1	//Old_Hat_Box_ROC
									
// Old_Hat_Box_ROC									
5314	1	0	0	0	0	1	1	1	//Hockey_Mask
5293	1	0	0	0	0	1	1	1	//Ramen_Hat
5133	1	0	0	0	0	1	1	1	//Sheep_Hat
5307	1	0	0	0	0	1	1	1	//Carmen_Miranda's_Hat
5170	1	0	0	0	0	1	1	1	//Feather_Beret
5362	1	0	0	0	0	1	1	1	//Ninja_Scroll
5288	1	0	0	0	0	1	1	1	//Red_Glasses
5410	1	0	0	0	0	1	1	1	//Bread_Bag2
5181	1	0	0	0	0	1	1	1	//Helm_Of_Darkness
5324	1	0	0	0	0	1	1	1	//Little_Angel_Doll
5396	1	0	0	0	0	1	1	1	//Jasper_Crest
5788	1	0	0	0	0	1	1	1	//3D_Glasses
5766	1	0	0	0	0	1	1	1	//Amistr_Cap
5609	1	0	0	0	0	1	1	1	//Chung_Hairband
5377	1	0	0	0	0	1	1	1	//Antique_Pipe
5378	1	0	0	0	0	1	1	1	//Rabbit_Ear_Hat
5135	1	0	0	0	0	1	1	1	//Cyclops_Visor
5226	1	0	0	0	0	1	1	1	//Mini_Propeller_
5527	1	0	0	0	0	1	1	1	//Lunatic_Hat
18663	1	0	0	0	0	1	1	1	//Sunglasses_Bball_Hat
5556	1	0	0	0	0	1	1	1	//Fur_Seal_Hat
5358	1	0	0	0	0	1	1	1	//Pecopeco_Wing_Ears
19301	1	0	0	0	0	1	1	1	//Beer_Cap_TH
5198	1	0	0	0	0	1	1	1	//Drooping_Bunny
5291	1	0	0	0	0	1	1	1	//Kettle_Hat
18601	1	0	0	0	0	1	1	1	//Red_Bread_Hat
5380	1	0	0	0	0	1	1	1	//Fish_Head_Hat
5611	1	0	0	0	0	1	1	1	//Turtle_Hat
5490	1	0	0	0	0	1	1	1	//Anubis_Helm
5315	1	0	0	0	0	1	1	1	//Observer
5575	1	0	0	0	0	1	1	1	//Onigiri_Hat
18850	0	0	0	0	0	1	1	0	//Polar_Bear_Cap
101266	1	0	0	0	1	1	1	1	//MeowMeow_Cos_Scroll_ROC
101267	1	0	0	0	1	1	1	1	//Holy_Hope_ROC
7464	1	1	1	1	0	1	1	1	//BlueCard_H
7466	1	1	1	1	0	1	1	1	//BlueCard_N
7471	1	1	1	1	0	1	1	1	//BlueCard_Y


31315	1	0	0	0	0	1	1	0	//C_Stall_Of_Angel
101267	1	0	0	0	1	1	1	1	//Holy_Hope_ROC

31300	1	0	0	0	1	1	1	0	//C_Warm_Cat_Muffler



14681	1	0	0	0	1	1	1	1	//Enchant_Stone_Box2


101275	1	0	0	0	1	1	1	1	//CuteKids_Scroll_ROC


13756	1	0	0	0	0	1	1	1	//B_Mdef_Potion_Box30
13750	1	0	0	0	0	1	1	1	//B_Def_Potion_Box30
101302	1	0	0	0	1	1	1	1	//Tiger_Scroll_ROC

101315	1	0	0	0	1	1	1	1	//Twilight_Scroll_ROC
101312	1	0	0	0	1	1	1	1	//Collection_Card_Box_ROC
5109	1	1	0	1	0	1	1	1	//Red_Bonnet
19701	1	1	0	1	0	1	1	1	//C_Red_Bonnet
18576	1	1	0	1	0	1	1	1	//YinYang_Earring

668	1	1	0	1	0	1	1	1	//Handsei



101316	1	0	0	0	1	1	1	1	//Darklight_Scroll_ROC
13635	1	0	0	0	0	1	1	1	//Vigorgra_Package2
5761	1	0	0	0	1	1	1	1	//Sloth_Hat


5185	0	0	0	0	0	1	1	0	//Laurel_Wreath
6615	1	1	1	1	0	1	1	1	//Siege_Guild_Coin

101335	1	0	0	0	1	1	1	1	//GrumpyCat_Cos_ROC



18895	1	0	0	0	1	1	1	0	//Celestial_Dark_Flame
400274	1	1	0	1	0	1	1	1	//Comp_VanarHelm_ROC
460028	1	1	0	1	0	1	1	1	//Comp_Sharel_Shield_ROC
480178	1	1	0	1	0	1	1	1	//Comp_Sharel_Manteau_ROC
490209	1	1	0	1	0	1	1	1	//Comp_Angel_Egg_ROC
1000896	1	1	0	1	1	1	1	1	//TH_DF_Event01_ROC
101372	1	0	0	0	1	1	1	1	//BurningFlame_Scroll_ROC
12532	1	0	0	0	1	1	1	0	//Royal_Jelly_Box2
12534	1	0	0	0	1	1	1	0	//Yggdrasil_Seed_Box







19838	1	0	0	0	1	1	1	1	//C_Fox_Hat
20317	1	0	0	0	1	1	1	1	//C_CatEars_Cyber_HeadP
101421	1	0	0	0	1	1	1	1	//Razer_Box_ROC

420148	1	1	0	1	1	1	1	1	//Comp_Elephangel_TH_ROC

101422	1	0	0	0	1	1	1	1	//Waterbubble_Scroll_ROC	
101432	1	1	0	1	1	1	1	1	//Songkran2022_Scroll_ROC
5146	1	1	0	1	0	1	1	1	//Elephant_Hat
400289	1	0	0	0	1	1	1	1	//C_Umbrella_Hat_ROC

420149	1	0	0	0	1	1	1	1	//C_Cons_Of_Water_ROC
101450	1	0	0	0	1	1	1	1	//SummerSet_Cos_ROC
2103	0	0	0	1	0	0	0	0	//Buckler
2105	0	0	0	1	0	0	0	0	//Shield
2403	0	0	0	1	0	0	0	0	//Shoes
2405	0	0	0	1	0	0	0	0	//Boots
2503	0	0	0	1	0	0	0	0	//Muffler
2505	0	0	0	1	0	0	0	0	//Manteau
2228	0	0	0	1	0	0	0	0	//Helm
2328	0	0	0	1	0	0	0	0	//Wooden_Mail
2307	0	0	0	1	0	0	0	0	//Mantle
2309	0	0	0	1	0	0	0	0	//Coat
2312	0	0	0	1	0	0	0	0	//Padded_Armor
2314	0	0	0	1	0	0	0	0	//Chain_Mail
2316	0	0	0	1	0	0	0	0	//Plate_Armor
2101	0	0	0	1	0	0	0	0	//Guard
2321	0	0	0	1	0	0	0	0	//Silk Robe
2335	0	0	0	1	0	0	0	0	//Thief_Clothes
2401	0	0	0	1	0	0	0	0	//Sandals
2501	0	0	0	1	0	0	0	0	//Hood



24318	0	0	0	0	0	1	1	1	//S_SuperNovice_Shield
24282	0	0	0	0	0	1	1	1	//S_SuperNovice_Weapon
15351	1	1	1	1	1	1	1	1	//Bubble_Recovery_TH
400300	1	0	0	0	1	1	1	1	//C_Lunatic_Hat_ROC
101519	1	0	0	0	1	1	1	1	//Circus_Cos_ROC
19876	1	0	0	0	1	1	1	1	//C_Rabbit_Ear_Hat
20197	1	0	0	0	1	1	1	1	//C_Amistr_Beret
101520	1	1	0	1	1	1	1	1	//Creator_Set_ROC


18680	1	1	0	1	1	1	1	1	//Tw_Frog_Hat

24024	0	0	0	0	0	1	1	1	//S_Breezy_Armor
24095	0	0	0	0	0	1	1	1	//S_Peerless_Armor
24096	0	0	0	0	0	1	1	1	//S_Peerless_Shoes


2959	1	0	0	0	1	1	1	1	//Fidelity_Necklace

7539	1	1	1	1	1	1	1	1	//Poring_Coin
14549	1	1	1	1	1	1	1	1	//Fire_Cracker_Bday
14546	1	1	1	1	1	1	1	1	//Fire_Cracker_Love
18785	1	0	0	0	1	1	1	1	//King_Poring_Hat
19587	1	1	0	1	1	1	1	1	//C_King_Poring_Hat
19834	1	1	0	1	1	1	1	1	//C_Baseball_Cap
101613	1	0	0	0	1	1	1	1	//Super_Strong_Cos_ROC
20374	1	0	0	0	1	1	1	1	//C_Mechanical_Plant_Hat








5064	1	1	0	1	0	1	1	1	//Leaf_Headgear
31368	1	1	0	1	0	1	1	1	//C_Harvest_Festa_Hat
31580	1	1	0	1	1	1	1	1	//C_Autumnal_Flavor


400324	1	1	0	1	1	1	1	1	//Comp_Capri_Diadem_ROC
101642	1	0	0	0	1	1	1	1	//Holy_Gd_L_Scroll_ROC
11613	1	0	0	0	1	1	1	1	//Harvest_Cookie
663	1	0	0	0	1	1	1	1	//Korea_Rice_Cake


470141	1	0	0	0	1	1	1	1	//Shoes_Of_Exorcism_ROC_
470142	1	0	0	0	1	1	1	1	//Aurelian_Shoes_ROC_
470143	1	0	0	0	1	1	1	1	//Fallen_Angel_Shoes_ROC_
470144	1	0	0	0	1	1	1	1	//Fisherman_Shoes_ROC_
470145	1	0	0	0	1	1	1	1	//Mechanic_Shoes_ROC_
470146	1	0	0	0	1	1	1	1	//DTrainer_Shoes_ROC_
470147	1	0	0	0	1	1	1	1	//Gravekeepr_Shoes_ROC_
470148	1	0	0	0	1	1	1	1	//Gardener_Shoes_ROC_
470149	1	0	0	0	1	1	1	1	//Assassin_Shoes_ROC_
470150	1	0	0	0	1	1	1	1	//Boots_Of_Hunter_ROC_
101680	0	0	0	0	0	1	1	1	//Dessert_Cos_ROC


31731	1	0	0	0	1	1	1	1	//C_SnackParty
101623	1	0	0	0	1	1	1	1	//KBank_Set_ROC



101691	1	0	0	0	1	1	1	1	//SweetGothic_Scroll_ROC



101742	1	0	0	0	1	1	1	1	//Razer2_Box_ROC
19837	1	1	0	1	1	1	1	1	//C_Asara_Fairy_Hat

101749	1	0	0	0	1	1	1	1	//AngelG_Scroll_ROC
24248	0	0	0	0	0	1	1	1	//S_Acolyte_earring
24252	0	0	0	0	0	1	1	1	//S_Acolyte_Pendant


101794	0	0	0	0	0	1	1	1	//Raging_Inferno_Cos_ROC
20052	1	0	0	0	1	1	1	1	//C_Notice_Board
19678	1	0	0	0	1	1	1	1	//C_Bell_Ribbon
31165	1	0	0	0	1	1	1	1	//C_Piggyback



5048	1	1	0	1	1	1	1	1	//First_Moon_Hair_Pin
5103	1	1	0	1	1	1	1	1	//Sunflower_Hairpin


460047	1	1	0	1	1	1	1	1	//Comp_Immuned_Shield_ROC

101826	1	0	0	0	1	1	1	1	//Shadow_God_Scroll_ROC
101828	1	0	0	0	1	1	1	0	//Inc_Potion_Box_ROC

101827	1	1	0	1	1	1	1	1	//Rag_Tactics_ROC



400352	1	0	0	0	1	1	1	1	//GWar2022s2_1st_ROC


101843	1	0	0	0	1	1	1	1	//DeadAlive_Scroll_ROC
24284	0	0	0	0	0	1	1	1	//S_Taekwon_Weapon
24315	0	0	0	0	0	1	1	1	//S_Taekwon_Shield

5312	1	1	0	1	1	1	1	1	//Ayothaya_Hat
5820	1	1	0	1	1	1	1	1	//Black_Elven_Ears
101841	1	0	0	0	1	1	1	1	//Candypop_Cos_Scroll_ROC
101842	1	0	0	1	0	1	1	0	//EnchantStone_Recipe_ROC
480129	1	0	0	0	1	1	1	1	//C_Triple_Ice_Cream


101880	1	0	0	0	1	1	1	1	//ArmaiaCurse_Scroll_ROC

400361	1	1	0	1	1	1	1	1	//Angel_School_Cap_ROC
400362	1	1	0	1	1	1	1	1	//Devil_School_Cap_ROC
420183	1	1	0	1	1	1	1	1	//Blue_Pencil_Mouth_ROC
420184	1	1	0	1	1	1	1	1	//Red_Pencil_Mouth_ROC
450253	1	1	0	1	1	1	1	1	//School_Uniform_ROC
101868	1	0	0	0	1	1	1	1	//Shadow_Pro_Set_ROC
101871	1	0	0	0	1	1	1	1	//Back_School_SetA_Roc
101872	1	0	0	0	1	1	1	1	//Back_School_SetB_Roc
101874	1	1	0	1	1	1	1	1	//Comeback_Pack_ROC

420185	1	1	0	1	1	1	1	1	//C_Sailor_Collar_RD_ROC

400367	1	0	0	0	1	1	1	0	//C_Ladys_Feather_Hat_ROC
101890	1	0	0	0	1	1	1	1	//Boo_Cos_Scroll_ROC
22670	1	1	0	1	0	1	1	1	//DARK_INVITATION
22067	1	1	0	1	0	1	1	1	//Witch_Shoes
22838	1	1	1	1	0	1	1	1	//Something_Candy_Holder


101927	1	0	0	0	1	1	1	1	//1stAniv_Scroll_ROC
24210	1	1	1	1	0	1	1	1	//S_Beginner_Shoes
24211	1	1	1	1	0	1	1	1	//S_Beginner_Shield


7360	1	1	1	1	1	1	1	1	//RO_Festival_Ticket
12414   1	1	0	1	1	1	1	1   //Guarana_Candy		
101875	1	0	0	0	1	1	1	1	//Ani1st_Cos_Box_ROC
31923	1	0	0	0	1	1	1	1	//C_Baby_Polar_Bear
31937	1	0	0	0	1	1	1	1	//C_Unicorn_Ornament
101878	1	0	0	0	1	1	1	1	//Refine_Limited_ROC
101999	1	0	0	0	1	1	1	1	//Fullmoon_Cos_Scroll_ROC
19722	1	0	0	0	1	1	1	1	//C_Black_Glasses

31670	1	0	0	0	1	1	1	1	//C_Miyabi_Long_Hair
19795	1	0	0	0	1	1	1	1	//C_Lord_Circlet
19630	1	0	0	0	1	1	1	1	//C_Crown
19619	1	0	0	0	1	1	1	1	//C_Corsair
31405	1	0	0	0	1	1	1	1	//C_Eleanor_Wig_YL
410029	1	0	0	0	1	1	1	1	//C_Wonder_Egg_Basket
19527	1	0	0	0	1	1	1	1	//C_Sharp_Gear

19526	1	0	0	0	1	1	1	1	//C_Helm
6999	0	0	0	0	0	0	0	0	//HPdrainStone_Tops
25000	0	0	0	0	0	0	0	0	//SPdrainStone_Top
6908	0	0	0	0	0	0	0	0	//ASPDStone_Robe
25170	0	0	0	0	0	0	0	0	//MinorCastingStone_Robe
25228	0	0	0	0	0	0	0	0	//Teleport_Stone
25062	0	0	0	0	0	1	1	1	//Greed_Stone
25060	0	0	0	0	0	1	1	1	//Critical_Stone
25061	0	0	0	0	0	1	1	1	//Range_Stone
25069	0	0	0	0	0	1	1	1	//ReloadStone_Top
25070	0	0	0	0	0	1	1	1	//ReloadStone_Middle
25071	0	0	0	0	0	1	1	1	//ReloadStone_Bottom
25172	0	0	0	0	0	0	0	0	//CastingStone_Top
25173	0	0	0	0	0	0	0	0	//CastingStone_Middle
25174	0	0	0	0	0	0	0	0	//CastingStone_Bottom
31405	1	0	0	0	1	1	1	0	//C_Eleanor_Wig_YL
410029	1	0	0	0	1	1	1	0	//C_Wonder_Egg_Basket
101648	1	0	0	0	1	1	1	1	//Mixing_Scroll_ROC
5764	0	0	0	0	0	1	1	1	//Well_Baked_Toast_TW
23342	1	1	1	1	1	1	1	1	//Vend_Arbeit1_1Lv
23343	1	1	1	1	1	1	1	1	//Vend_Arbeit1_2Lv
23344	1	1	1	1	1	1	1	1	//Vend_Arbeit1_3Lv
420189	1	1	0	1	1	1	1	1	//Comp_Black_Scarf_ROC
430007	1	1	0	1	1	1	1	1	//Comp_WandererSakkat_ROC
102101	1	0	0	0	1	1	1	1	//Bloodthirst_Scroll_ROC
400399	1	0	0	0	1	1	1	1	//GWar2022s3_1st_ROC
102109	1	0	0	0	1	1	1	1	//Xmas_Cos_Scroll_ROC
102115	1	0	0	0	1	1	1	1	//CalendarRabbit_Box_ROC
102133	1	0	0	0	1	1	1	1	//Razer_Energy_ROC
102134	1	0	0	0	1	1	1	1	//RazerDrink_Box_ROC
490321	1	1	0	1	1	1	1	1	//Novice_Belt_ROC
102198	1	0	0	0	1	1	1	1	//Falconer_Scroll_ROC
102199	1	1	1	1	1	1	1	1	//Book_Of_Rebirth_ROC
24246	0	0	0	0	0	1	1	1	//S_Swordman_earring
24250	0	0	0	0	0	1	1	1	//S_Swordman_Pendant
31512	1	0	0	0	1	1	1	1	//C_Panda_Rabbit
4303	0	0	0	0	0	1	1	1	//Whisper_Boss_Card
400412	1	0	0	0	1	1	1	1	//Old_Pink_Poo_Hat_ROC

18683	1	1	0	1	0	1	1	1	//Carrot_In_Mouth
102230	1	0	0	0	1	1	1	1	//RedMagic_Cos_Scroll_ROC
420200	1	0	0	0	1	1	1	1	//C_Eremes_Scarf_ROC
102241	1	0	0	0	1	1	1	1	//Four_Clover_Scroll_ROC
6144	1	1	1	1	0	1	1	1	//Heartbroken_Tears
102255	1	0	0	0	1	1	1	1	//BrokenHeart_Cos_ROC
31453	1	0	0	0	1	1	1	1	//C_L_RibbonMuff_Black
31137	1	0	0	0	1	1	1	1	//C_Blue_Rose_Ornament
102254	1	0	0	0	1	1	1	1	//Minus_Status_Box_ROC
102267	1	0	0	0	1	1	1	1	//Killer_Scroll_ROC
24028	0	0	0	0	0	1	1	1	//S_Hard_Armor
24255	0	0	0	0	0	1	1	1	//S_Archer_Pendant
28392	0	0	0	0	0	1	1	1	//S_Archer_earring
19836	1	0	0	0	1	1	1	1	//C_L_Magestic_Goat
410108	1	0	0	0	1	1	1	1	//C_B_Shiba_Inu_TW
31121	1	0	0	0	1	1	1	1	//C_Stall_Of_Bat
400417	1	1	0	1	1	1	1	1	//Comp_Deep_Hairband_ROC
102233	1	0	0	0	1	1	1	1	//Peaceful_Scroll_ROC
24264	0	0	0	0	0	1	1	1	//S_Wizard_Shoes
24277	0	0	0	0	0	1	1	1	//S_Wizard_Armor
12623	0	0	0	0	1	1	1	1	//High_Weapon_Box
19709	1	0	0	0	1	1	1	1	//C_Yellow_Ribbon
20544	1	0	0	0	1	1	1	1	//C_Gold_Shower_J
480307	1	0	0	0	1	1	1	1	//Fallen_Angel_Wing_ROC
102240	1	0	0	0	1	1	1	1	//FallenAngels_Scroll_ROC
400112	1	0	0	0	1	1	1	1	//C_ShineSantaPoring_ROC


102313	1	0	0	0	1	1	1	1	//Golden_Costume_Pack_ROC

420214	1	0	0	0	1	1	1	1	//C_FAngel_Valletta_ROC
102316	1	0	0	0	1	1	1	1	//Mocean_Cos_Scroll_ROC
20142	1	0	0	0	1	1	1	1	//C_Machoman_Glasses

25226	1	0	0	0	1	1	1	1	//WaterFieldEffect_Bottom
20510	1	0	0	0	1	1	1	1	//C_SwordWing
2546	0	0	0	0	0	1	1	1	//Beach_Manteau
2441	0	0	0	0	0	1	1	1	//Beach_Sandal
31475	1	0	0	0	1	1	1	1	//C_Black_Fox_Ear_Ribbon
400441	1	1	0	1	1	1	1	1	//Comp_FoxBellRibbon_ROC
400442	1	1	0	1	1	1	1	1	//Comp_Super_Scell_ROC
400443	1	1	0	1	1	1	1	1	//Comp_Cloud_Buster_ROC
400444	1	0	0	0	1	1	1	1	//C_Black_FoxRibbon_ROC
410237	1	1	0	1	1	1	1	1	//Comp_Bell_Pigeon_ROC
102341	1	0	0	0	1	1	1	1	//The_Fox_Scroll_ROC
102350	1	0	0	0	1	1	1	1	//Melody_Cos_Scroll_ROC

420107	1	0	0	0	1	1	1	1	//C_Twinkle_Twin

25136	1	0	0	0	1	1	1	1	//ElectricEffect_Middle
400451	1	1	0	1	1	1	1	1	//C_Rag_Origin_Hat_ROC
//
25218	1	1	0	1	0	1	1	1	//Tree_Branches
400455	1	0	0	0	1	1	1	1	//Diadem_Of_Bruenhild_ROC
400456	1	1	0	1	1	1	1	1	//Comp_D_Of_Bruenhild_ROC
102376	1	0	0	0	1	1	1	1	//Maebia_Scroll_ROC
4168	0	0	0	0	0	1	1	1	//Dark_Lord_Card 
18507	1	0	0	0	1	1	1	1	//Elven_Ears_
18607	1	0	0	0	1	1	1	1	//Blush_
18608	1	0	0	0	1	1	1	1	//Pair_Of_Red_Ribbon2
18609	1	0	0	0	1	1	1	1	//Dark_Blindfold_
102403	1	0	0	0	1	1	1	1	//Rainy_S_Cos_ROC

20169	1	0	0	0	1	1	1	1	//C_Long_Tongue

25176	1	0	0	0	1	1	1	1	//BlueAuraEffect_Middle


102409	1	0	0	0	1	1	1	1	//C_Blue_Cos_Scroll_ROC
31398	1	0	0	0	1	1	1	1	//C_Blinking_Thin_Eyes
31613	1	0	0	0	1	1	1	1	//C_Blue_Strong_Hair
31699	1	1	1	1	0	1	1	1	//C_Smiling_Eyes
20490	1	0	0	0	1	1	1	1	//C_Full_Bloom_Hp_Blue
1001354	1	0	0	0	0	1	1	1	//IdleFish_Rod_ROC
420229	1	1	0	1	1	1	1	1	//Comp_Vajra_ROC
102412	1	0	0	0	1	1	1	1	//Odinblade_Scroll_ROC
18867	1	0	0	0	1	1	1	1	//Vajra
2880	1	1	0	1	0	1	1	1	//Ring_Lupak

480334	1	1	0	1	1	1	1	1	//Comp_Medical_Cape_ROC
102426	1	0	0	0	1	1	1	1	//Legacy_G_Scroll_ROC
510121	1	0	0	0	1	1	1	1	//Red_Combat_ROC
510122	1	1	0	1	1	1	1	1	//Comp_Red_Combat_ROC
4538	1	0	0	0	1	1	1	0	//Sealed_Bacsojin_Card
6302	1	1	0	1	0	1	1	1	//GM_Handwriting
102446	1	0	0	0	1	1	1	1	//RoyalK_Cos_Scroll_ROC
25225	1	0	0	0	1	1	1	1	//ExplodingEffect_Middle
102445	1	0	0	0	1	1	1	1	//Special_Candy_Box_ROC
400484	1	1	0	1	1	1	1	1	//C_Bomb_Hat_ROC

102480	1	0	0	0	1	1	1	1	//One_Champion_Scroll_ROC
19181	1	0	0	0	1	1	1	1	//New_Wave_Sunglasses_
400253	1	0	0	0	1	1	1	1	//C_Macaron_Bunny_Head
480095	1	0	0	0	1	1	1	1	//C_Giant_White_Rabbit
420067	1	0	0	0	1	1	1	1	//C_Hopping_Twin_Pigtail
25178	1	0	0	0	1	1	1	1	//PinkGlowEffect_Middle
25072	1	0	0	0	1	1	1	1	//Kyrie_Stone
410257	1	0	0	0	1	1	1	1	//C_Happy_Lunatic_Ear_ROC
102490	1	0	0	0	1	1	1	1	//P_Bunny_Cos_ROC
400500	1	0	0	0	1	1	1	1	//Gigant_Helm_ROC
400501	1	1	0	1	1	1	1	1	//Comp_Gigant_Helm_ROC
102511	1	0	0	0	1	1	1	1	//Horns_O_D_Scroll_ROC
5610	1	0	0	0	1	1	1	1	//Ice_Wing_Ear
20167	1	1	0	1	0	1	1	1	//C_Devi_Headphone


102575	1	0	0	0	1	1	1	1	//Moc_Desert_Scroll_ROC
31686	1	0	0	0	1	1	1	1	//C_Desert_Wolf_B
6923	0	0	0	0	0	1	1	1	//Bright_Lights
410171	1	0	0	0	1	1	1	1	//C_Wish_Tree_Hat_J
480131	1	0	0	0	1	1	1	1	//C_Swirling_Flame
102594	1	0	0	0	1	1	1	1	//Samu_Pri_Cos_ROC
25177	1	0	0	0	1	1	1	1	//ShadowEffect_Middle
102602	1	0	0	0	1	1	1	1	//Ice_Glory_Scroll_ROC
400519	1	0	0	0	1	1	1	1	//C_Magestic_Goat2_ROC
31853	1	0	0	0	1	1	1	1	//C_ZombieMask
480119	1	0	0	0	1	1	1	1	//C_Niflheim_Key
20614	1	0	0	0	1	1	1	1	//C_Kyel_hyre_Ulti_TW
25059	1	0	0	0	1	1	1	1	//GhostEffect_Middle
12601	1	0	0	0	0	1	1	1	//Cold_Watermelon_Juice
19615	1	0	0	0	0	1	1	1	//C_Loki_Mask
400552	1	0	0	0	1	1	1	1	//Officer_Cap_ROC
400553	1	1	0	1	1	1	1	1	//Comp_Officer_Cap_ROC
102641	1	0	0	0	1	1	1	1	//Grinning_Dem_Scroll_ROC
11605	1	1	0	1	0	1	1	1	//Cookies_Bat
10042	1	1	0	1	0	1	1	1	//Dark_Mane
20174	1	1	0	1	0	1	1	1	//C_Halloween_Hat_Orange
20397	1	1	0	1	0	1	1	1	//C_Jakk
1001484	1	1	0	1	1	1	1	1	//Arcade_Coin_ROC
102635	1	0	0	0	1	1	1	1	//God_Material_Box_TE_ROC
450307	1	1	1	1	0	1	1	1	//Upg_Thief_Cloth_ROC
450308	1	1	1	1	0	1	1	1	//Upg_Saint_Robe_ROC
470227	1	1	1	1	0	1	1	1	//Upg_Boots_ROC
470228	1	1	1	1	0	1	1	1	//Upg_Shoes_ROC
480374	1	1	1	1	0	1	1	1	//Upg_Muffler_ROC
480375	1	1	1	1	0	1	1	1	//Upg_Hood_ROC
490441	1	1	1	1	0	1	1	1	//Upg_RingA_ROC
490442	1	1	1	1	0	1	1	1	//Upg_RingM_ROC
1001492	1	1	1	1	0	1	1	1	//Golden_Acc_T_ROC
1001493	1	1	1	1	0	1	1	1	//Golden_Wea_T_ROC
400522	1	0	0	0	1	1	1	1	//C_RCC2023_1_ROC
400523	1	0	0	0	1	1	1	1	//C_RCC2023_2_ROC
400524	1	0	0	0	1	1	1	1	//C_RCC2023_3_ROC
490446	1	0	0	0	1	1	1	1	//RCC2023_RING_ROC_
490449	1	0	0	0	1	1	1	1	//RCC2023_Armlet_ROC_
102636	1	0	0	0	1	1	1	1	//RCC2023_Scroll_ROC
6485	1	1	0	1	0	1	1	1	//BlueCard_2
400559	1	1	1	1	0	1	1	1	//C_Runaway_Accel_ROC
410072	1	1	1	1	0	1	1	1	//C_Demons_Familiar
420267	1	1	1	1	0	1	1	1	//C_Twin_Canon_ROC
7702	1	1	1	1	0	1	1	1	//Special_Cogwheel
7703	1	1	1	1	0	1	1	1	//Piece_Of_Cogwheel
13316	1	1	1	1	0	1	1	1	//Upg_Huuma_Shuriken
5208	1	0	0	0	0	1	1	1	//Rideword_Hat
18910	1	0	0	0	0	1	1	1	//Isabella_Blue_Ear
18909	1	0	0	0	0	1	1	1	//Isabella_Brown_Ear
18908	1	0	0	0	0	1	1	1	//Isabella_Red_Ear
2202	1	0	0	0	0	1	1	1	//Sunglasses_
18754	1	0	0	0	0	1	1	1	//Blood_Sucker
18901	1	0	0	0	0	1	1	1	//Seppl_Hat
18900	1	0	0	0	0	1	1	1	//Weisswurst
18896	1	0	0	0	0	1	1	1	//Pterios_Fins
18929	1	0	0	0	0	1	1	1	//Elephant_Model_Hat
5143	1	0	0	0	0	1	1	1	//Kabuki_Mask
5420	1	0	0	0	0	1	1	1	//Mask_Of_Ifrit
5667	1	0	0	0	0	1	1	1	//Skull_Hood
5142	1	0	0	0	0	1	1	1	//Crescent_Helm
18546	1	0	0	0	0	1	1	1	//Lover_In_Mouth
18931	1	0	0	0	0	1	1	1	//Lion_Model_Hat
5357	1	0	0	0	0	1	1	1	//Wings_Of_Victory
5742	1	0	0	0	0	1	1	1	//Rudolf_Santa_Hat
5571	1	0	0	0	0	1	1	1	//Rasta_Wig
5572	1	0	0	0	0	1	1	1	//Savage_Baby_Hat
5100	1	0	0	0	0	1	1	1	//Sales_Signboard
5187	1	0	0	0	0	1	1	1	//Twin_Ribbon
5289	1	0	0	0	0	1	1	1	//Vanilmirth_Hat
5285	1	0	0	0	0	1	1	1	//Vane_Hairpin
5658	1	0	0	0	0	1	1	1	//Imp_Hat
5946	1	0	0	0	0	1	1	1	//Drama_Clockwork
5508	1	0	0	0	0	1	1	1	//Shark_Hat
5509	1	0	0	0	0	1	1	1	//Sting_Hat
5463	1	0	0	0	0	1	1	1	//Rainbow_Scarf
5405	1	0	0	0	0	1	1	1	//Filir_Hat
5186	1	0	0	0	0	1	1	1	//Geographer_Band
5942	1	0	0	0	0	1	1	1	//Lovegame_Hat
5770	1	0	0	0	0	1	1	1	//Splash_Hat
5182	1	0	0	0	0	1	1	1	//Puppy_Hat
5443	1	0	0	0	0	1	1	1	//Status_Of_Baby_Angel
5395	1	0	0	0	0	1	1	1	//Tiraya_Bonnet
5363	1	0	0	0	0	1	1	1	//Helm_Of_Abyss
5582	1	0	0	0	0	1	1	1	//Cancer_Crown
5130	1	0	0	0	0	1	1	1	//Lion_Mask
5466	1	0	0	0	0	1	1	1	//Wind_Milestone
5691	1	0	0	0	0	1	1	1	//Catain_Bandann
5771	1	0	0	0	0	1	1	1	//Family_Hat
5767	1	0	0	0	0	1	1	1	//Samurai_Mask
18855	1	0	0	0	0	1	1	1	//Aviator_Hat
18950	1	0	0	0	0	1	1	1	//Gerhard_Von_Devi
5671	1	0	0	0	0	1	1	1	//Drooping_Morocc_Minion
5183	1	0	0	0	0	1	1	1	//Bird_Nest_Hat
5539	1	0	0	0	0	1	1	1	//Jaguar_Hat
5511	1	0	0	0	0	1	1	1	//Samambaia
5538	1	0	0	0	0	1	1	1	//Tucan_Hat
5485	1	0	0	0	0	1	1	1	//Tiger_Face
5599	1	0	0	0	0	1	1	1	//Virgo_Diadem
18506	1	0	0	0	0	1	1	1	//Hattah_Black
5659	1	0	0	0	0	1	1	1	//Sleepr_Hat
5225	1	0	0	0	0	1	1	1	//Marcher_Hat
102669	1	0	0	0	1	1	1	1	//Old_Hat_BoxV2_ROC
400561	1	0	0	0	1	1	1	1	//C_Angel_Veil_ROC
420268	1	0	0	0	1	1	1	1	//C_Fluffy_SLong_WH_ROC
102673	1	0	0	0	1	1	1	1	//Costume_2avn_ROC
102674	1	0	0	0	1	1	1	1	//Guarantee_Random_ROC
400562	1	0	0	0	1	1	1	1	//C_Drooping_Heinrich_ROC
400563	1	0	0	0	1	1	1	1	//C_Drooping_Oscar_ROC
400564	1	0	0	0	1	1	1	1	//C_Drooping_Schmidt_ROC
102675	1	0	0	0	1	1	1	1	//Random_Loft_ROC
20234	1	0	0	0	1	1	1	1	//C_Baphomet_Hat
19600	1	0	0	0	1	1	1	1	//Drooping_Kiehl
400568	1	1	0	1	0	1	1	1	//2ndAniv_Hat_ROC
420195	1	1	0	1	1	1	1	1	//C_1st_Evt_Balloon_MSP
410178	1	1	0	1	1	1	1	1	//C_Princess_Headphone
24894	1	1	1	1	0	1	1	1	//S_Arcade_Shoes_ROC
24895	1	1	1	1	0	1	1	1	//S_Arcade_Earring_ROC
24896	1	1	1	1	0	1	1	1	//S_Arcade_Weapon_ROC
24897	1	1	1	1	0	1	1	1	//S_Arcade_Armor_ROC
24898	1	1	1	1	0	1	1	1	//S_Arcade_Shield_ROC
24899	1	1	1	1	0	1	1	1	//S_Arcade_Pandent_ROC
1001572	1	1	1	1	1	1	1	1	//Arcade_Tool_ROC
102693	1	0	0	0	1	1	1	1	//Amistr_Box_ROC
102699	1	0	0	0	1	1	1	1	//Happy_Cos_Scroll_ROC
20806	1	0	0	0	1	1	1	1	//AmistrBag_Magnum
410062	1	0	0	0	1	1	1	1	//C_Carefree_Face
19787	1	0	0	0	1	1	1	1	//C_Devoted_Eyes
31732	1	0	0	0	1	1	1	1	//C_BearBalloon
20449	1	0	0	0	1	1	1	1	//C_White_Black_Temp
//
20619	1	0	0	0	1	1	1	1	//C_Phaya_Ploeng_Suriyan
15952	1	0	0	0	1	1	1	1	//C_15th_Nov_Helmet
15953	1	0	0	0	1	1	1	1	//C_Somtam
15954	1	0	0	0	1	1	1	1	//C_Wichienmaat_Bangkaew
25304	1	0	0	0	1	1	1	1	//Critical_Stone_Top
25305	1	0	0	0	1	1	1	1	//Critical_Stone_Bottom
25137	1	0	0	0	1	1	1	1	//GreenFloor_Bottom
20809	1	0	0	0	1	1	1	1	//AmistrBag_Concentrate
480396	1	0	0	0	1	1	1	1	//AmistrBag_Maximize_ROC
480397	1	0	0	0	1	1	1	1	//AmistrBag_Sight_ROC
20811	1	0	0	0	1	1	1	1	//AmistrBag_Hiding
102707	1	0	0	0	1	1	1	1	//Ragcan_V1_ROC
102708	1	0	0	0	1	1	1	1	//2nd_Anv_Scroll_ROC
24314	0	0	0	0	0	1	1	1	//S_Ninja_Shield
24285	0	0	0	0	0	1	1	1	//S_Ninja_Weapon
24319	0	0	0	0	0	1	1	1	//S_Gunslinger_Shield
24283	0	0	0	0	0	1	1	1	//S_Gunslinger_Weapon
480056	1	0	0	0	1	1	1	1	//C_Wing_Of_Angel_Move_BK
410291	1	0	0	0	1	1	1	1	//Little_Abyss_Dragon_ROC
410292	1	0	0	0	1	1	1	1	//C_L_Abyss_Dragon_ROC
410293	1	0	0	0	1	1	1	1	//C_Red_Baby_Dragon_ROC
102720	1	0	0	0	1	1	1	1	//Calendar_Dragon_ROC
1001586	1	0	0	0	1	1	1	1	//Razer_Gold_Key_ROC
15842	1	0	0	0	1	1	1	1	//C_Disapear_Time_J


102769	1	0	0	0	1	1	1	1	//Imm_Sapphire_Scroll_ROC
24276	0	0	0	0	0	1	1	1	//S_Rogue_Armor
24263	0	0	0	0	0	1	1	1	//S_Rogue_Shoes
12200	1	1	0	1	0	1	1	1	//Event_Cake
12739	1	1	0	1	0	1	1	1	//Snow_Flower
15249	1	0	0	0	1	1	1	1	//Antonio_Coat
31437	1	0	0	0	1	1	1	1	//C_Baby_Penguin
102786	1	0	0	0	1	1	1	1	//FirstSnowCos_Scroll_ROC
19990	1	0	0	0	1	1	1	1	//C_Snow_Rabbit_Knit_Hat
410051	1	0	0	0	1	1	1	1	//C_Falling_Snow
420057	1	0	0	0	1	1	1	1	//C_AB_Hair_RD
420060	1	0	0	0	1	1	1	1	//C_AB_Hair_GN


480412	1	0	0	0	1	1	1	1	//Fire_Dragon_Coat_ROC
480413	1	1	0	1	1	1	1	1	//Comp_FireDragonCoat_ROC
490493	1	0	0	0	1	1	1	1	//Desperado_Ring_ROC
490494	1	1	0	1	1	1	1	1	//Comp_Desperado_Ring_ROC
490495	1	0	0	0	1	1	1	1	//Cursed_Heart_ROC
490496	1	1	0	1	1	1	1	1	//Comp_Cursed_Heart_ROC
102814	1	0	0	0	1	1	1	1	//Cursed_Heart_Scroll_ROC
410300	1	0	0	0	1	1	1	1	//C_Lady_Tanee_ROC
4539	1	0	0	0	1	1	1	0	//Sealed_F_Bishop_Card
420222	1	0	0	0	1	1	1	1	//C_Consecrate_F_Aureola
20578	1	0	0	0	1	1	1	1	//C_Wings_Of_Raguel
20488	1	0	0	0	1	1	1	1	//C_Pope_Ribbon
102853	1	0	0	0	1	1	1	1	//Glorious_Cos_Scroll_ROC
102854	0	0	0	0	0	1	1	1	//Shadow_R9_Hammer_ROC
490503	1	0	0	0	1	1	1	1	//Falcon_Pendant_ROC
490504	1	1	0	1	1	1	1	1	//Comp_Falcon_Pendant_ROC
490505	1	0	0	0	1	1	1	1	//Exorcismus_Ring_ROC
490506	1	1	0	1	1	1	1	1	//Comp_Exorcis_Ring_ROC
102859	1	0	0	0	1	1	1	1	//Legend_Phoe_Scroll_ROC
480096	1	0	0	0	1	1	1	1	//C_Put_On_Coat
400606	1	1	0	1	0	1	1	1	//C_Mistress_Crown_ROC
31525	1	0	0	0	1	1	1	1	//C_Kid_Deviling
19965	1	0	0	0	1	1	1	1	//C_Shadow_Handicraft

420152	1	0	0	0	1	1	1	1	//C_Cons_Of_Light_Dark
102897	1	0	0	0	1	1	1	1	//Little_Demon_Scroll_ROC
31188	1	0	0	0	1	1	1	1	//C_Mono_Gothic_Bonnet
19687	1	1	0	1	0	1	1	1	//C_Lush_Rose
31942	1	1	0	1	0	1	1	1	//C_Romance_Rose_J
11564	1	0	0	0	0	1	1	1	//Sweet_Canape
102901	1	0	0	0	1	1	1	1	//Wicked_Satan_Scroll_ROC
480169	1	0	0	0	1	1	1	1	//C_Diabolic_Rock_Guitar
400611	1	0	0	0	1	1	1	1	//General_Helmet_ROC
400612	1	1	0	1	1	1	1	1	//Comp_General_Helmet_ROC
490518	1	0	0	0	1	1	1	1	//Dragon_Chain_ROC
490519	1	1	0	1	1	1	1	1	//Comp_Dragon_Chain_ROC
17224	1	0	0	0	1	1	1	1	//Almighty_Box
200374	1	0	0	0	1	1	1	1	//Violet_Box_ROC
1100023	1	1	0	1	1	1	1	1	//Violet_Potion_ROC
400197	1	0	0	0	1	1	1	1	//C_Sweet_Chef_Hat
420072	1	0	0	0	1	1	1	1	//C_L_Knitting_Low_Twin_W
20470	1	0	0	0	1	1	1	1	//C_SweetChocolate_Hat
31459	1	0	0	0	1	1	1	1	//C_Sweets_Bonbon
400626	1	0	0	0	1	1	1	1	//Combat_Vestige_ROC
400627	1	1	0	1	1	1	1	1	//Comp_Combat_Vestige_ROC
102965	1	0	0	0	1	1	1	1	//Supernova_Scroll_ROC
420181	1	0	0	0	1	1	1	1	//C_Eis_Spinne
1001673	1	0	0	0	1	1	1	1	//Realworld_Coin_ROC

31851	1	0	0	0	1	1	1	1	//C_Phalanx
102998	1	0	0	0	1	1	1	1	//Ancient_S_Scroll_ROC
14528	1	1	0	1	0	1	1	1	//PVP_Tele_Scroll
24257	0	0	0	0	0	1	1	1	//S_Crusader_Shoes
24270	0	0	0	0	0	1	1	1	//S_Crusader_Armor
31881	1	0	0	0	1	1	1	1	//C_Exotic_Bob_R_BW
31880	1	0	0	0	1	1	1	1	//C_Exotic_Bob_R_JBL
31879	1	0	0	0	1	1	1	1	//C_Exotic_Bob_R_BG
31878	1	0	0	0	1	1	1	1	//C_Exotic_Bob_R_PK
31877	1	0	0	0	1	1	1	1	//C_Exotic_Bob_L_LPP
31876	1	0	0	0	1	1	1	1	//C_Exotic_Bob_L_WH
31875	1	0	0	0	1	1	1	1	//C_Exotic_Bob_L_YL
31874	1	0	0	0	1	1	1	1	//C_Exotic_Bob_L_LB
400148	1	0	0	0	1	1	1	1	//C_Black_Dragon_Style
400636	1	0	0	0	1	1	1	1	//Woe_Tiara_ROC_
400637	1	0	0	0	1	1	1	1	//WOE_Spiky_ROC_
400638	1	0	0	0	1	1	1	1	//Woe_Magestic_ROC_
400639	1	0	0	0	1	1	1	1	//Woe_Boyscap_ROC_
400640	1	0	0	0	1	1	1	1	//Woe_Crown_ROC_
400641	1	0	0	0	1	1	1	1	//Woe_Grand_ROC_

420241	1	0	0	0	1	1	1	1	//C_Temari_Candy_Hair
23299	1	0	0	0	1	1	1	1	//Enchant_Stone_Box12
23524	1	0	0	0	1	1	1	1	//Enchant_Stone_Box13
480434	0	0	0	0	0	1	1	1	//FaceWorm_Skin_ROC
480435	0	0	0	0	0	1	1	1	//FaceWorm_Skin_ROC_
103012	1	0	0	0	1	1	1	1	//Cherry_Cos_Scroll_ROC
27163	0	0	0	0	0	1	1	1	//Faceworm_Card
27164	0	0	0	0	0	1	1	1	//Faceworm_Q_Card
27165	0	0	0	0	0	1	1	1	//Faceworm_D_Card
27166	0	0	0	0	0	1	1	1	//Faceworm_Egg_Card
27167	0	0	0	0	0	1	1	1	//Faceworm_L_Card
20949	1	0	0	0	1	1	1	1	//Skin_Of_Ladon_J
480294	1	1	0	1	1	1	1	1	//Comp_Skin_Of_Ladon_J
20407	1	0	0	0	1	1	1	1	//C_Subject_Aura_Red
400653	1	0	0	0	1	1	1	1	//Faceworm_Egg_Shell_ROC
400654	1	1	0	1	1	1	1	1	//Comp_Faceworm_Egg_ROC
103043	1	0	0	0	1	1	1	1	//FireWormScroll_ROC
15958	1	1	0	1	1	1	1	1	//Comp_FaceWorm_Breath
410200	1	0	0	0	1	1	1	1	//C_Serving_Rabbit
1000965	1	1	1	1	0	1	1	1	//Empty_Bottle_TH_2022
101448	1	0	0	0	0	1	1	1	//Water_Bottle_TH
20620	1	1	0	1	0	1	1	1	//C_Songkran_Watergun
1001727	1	0	0	0	1	1	1	1	//RO_Orchestra_TH
31930	1	0	0	0	1	1	1	1	//C_Mike_Stand
410127	1	0	0	0	1	1	1	1	//C_Spot_Light
103057	1	0	0	0	1	1	1	1	//Fam_Star_Cos_Scroll_ROC
20214	1	0	0	0	1	1	1	1	//C_Evil_Marcher_Hat_J
400658	1	0	0	0	1	1	1	1	//Fairy_Crown_ROC
400659	1	1	0	1	1	1	1	1	//Comp_Fairy_Crown_ROC
410321	1	0	0	0	1	1	1	1	//Wing_Of_Bless_ROC_
490555	1	0	0	0	1	1	1	1	//Fairy_Necklace_ROC
490556	1	1	0	1	1	1	1	1	//Comp_Fairy_Necklace_ROC
103064	1	0	0	0	1	1	1	1	//Sup_Fairy_Scroll_ROC
480448	1	0	0	0	1	1	1	1	//Skin_Marraco_ROC
480449	1	1	0	1	1	1	1	1	//Comp_Skin_Marraco_ROC

103099	1	0	0	0	1	1	1	1	//Gloomy_Scroll_ROC
410277	1	0	0	0	1	1	1	1	//C_Ragdoll
600060	1	0	0	0	0	1	1	1	//R_Ocean_2HSword_ROC
610073	1	0	0	0	0	1	1	1	//R_Ocean_Katra_ROC
620041	1	0	0	0	0	1	1	1	//R_Ocean_2HAxe_ROC
630046	1	0	0	0	0	1	1	1	//R_Ocean_Spear_ROC
640052	1	0	0	0	0	1	1	1	//R_Ocean_Staff_ROC
650050	1	0	0	0	0	1	1	1	//R_Ocean_Shuriken_ROC
700103	1	0	0	0	0	1	1	1	//R_Ocean_Bow_ROC
800041	1	0	0	0	0	1	1	1	//R_Ocean_Revolver_ROC
820033	1	0	0	0	0	1	1	1	//R_Ocean_Shotgun_ROC
500100	1	0	0	0	0	1	1	1	//R_Ocean_Sword_ROC
510154	1	0	0	0	0	1	1	1	//R_Ocean_Knife_ROC
520039	1	0	0	0	0	1	1	1	//R_Ocean_Axe_ROC
530059	1	0	0	0	0	1	1	1	//R_Ocean_Trident_ROC
540092	1	0	0	0	0	1	1	1	//R_Ocean_Book_ROC
550147	1	0	0	0	0	1	1	1	//R_Ocean_Stick_ROC
560066	1	0	0	0	0	1	1	1	//R_Ocean_Claw_ROC
570071	1	0	0	0	0	1	1	1	//R_Ocean_Guitar_ROC
580071	1	0	0	0	0	1	1	1	//R_Ocean_Whip_ROC
590088	1	0	0	0	0	1	1	1	//R_Ocean_Mace_ROC
103119	1	0	0	0	1	1	1	1	//Shinobi_Cos_Scroll_ROC
420240	1	0	0	0	0	1	1	1	//C_Scroll_Of_Tsunade
420015	1	0	0	0	0	1	1	1	//C_Onihime_Camellia
420242	1	0	0	0	0	1	1	1	//C_Fluttering_Haze
480360	1	0	0	0	0	1	1	1	//C_Big_Shuriken
480361	1	0	0	0	1	1	1	1	//C_Evil_Double_Edged
23629	1	0	0	0	1	1	1	1	//Enchant_Stone_Box14
400679	1	0	0	0	1	1	1	1	//Cat_Shampoo_H_ROC
400680	1	1	0	1	1	1	1	1	//Comp_Cat_Shampoo_H_ROC
103149	1	0	0	0	1	1	1	1	//UnderOcean_Scroll_ROC
20819	1	0	0	0	1	1	1	1	//Oxygen_Bomb_K
19162	1	0	0	0	1	1	1	1	//Scuba_Mask_K
15174	1	0	0	0	1	1	1	1	//Supper_Swimsuit_K
410290	1	0	0	0	1	1	1	1	//C_Jellyfish
410278	1	0	0	0	1	1	1	1	//C_Blink_Eyes_Bloody
420211	1	0	0	0	1	1	1	1	//C_Sleep_RedSheep
420047	1	0	0	0	1	1	1	1	//C_H_Knight_Cloak
480055	1	0	0	0	1	1	1	1	//C_Wing_Of_Angel_Move_RD
31057	1	0	0	0	1	1	1	1	//C_Eremes_Scarf_Black
103158	1	0	0	0	1	1	1	1	//Ignition_Cos_Scoll_ROC
490581	1	0	0	0	1	1	1	1	//Fallen_Angel_tear_ROC
103195	1	0	0	0	1	1	1	1	//Angel_Tear_Scroll_ROC
22668	1	0	0	0	1	1	1	1	//Guyak_Pudding_20_Box
480408	1	1	0	1	0	1	1	1	//C_GreatDevilWing2
6508	1	1	0	1	0	1	1	1	//Silver_Bracelet
6509	1	1	0	1	0	1	1	1	//Mysterious_Flower
400311	1	0	0	0	1	1	1	1	//C_Reliance_Crown
450381	1	0	0	0	1	1	1	1	//Fallen_Black_Armor_ROC
450382	1	1	0	1	1	1	1	1	//Comp_Fallen_B_Armor_ROC
450383	1	0	0	0	1	1	1	1	//Fallen_Earth_Armor_ROC
450384	1	1	0	1	1	1	1	1	//Comp_Fallen_E_Armor_ROC
470282	1	1	0	1	1	1	1	1	//Comp_Ele_Boots_ROC
470033	1	0	0	0	1	1	1	1	//Elemental_BootsK
490585	1	0	0	0	1	1	1	1	//4Element_magic_ring_ROC
103222	0	0	0	0	0	0	0	0	//Godly_Elem_Scroll_ROC
400149	1	0	0	0	1	1	1	1	//C_Black_Thunder

//CBT ROCID 12112024

//Adventure Pass CBT
7361	1	1	1	1	0	1	1	1	//Lotto01 //Lesser Claim Ticket
7362	1	1	1	1	0	1	1	1	//Lotto02 //Arch Claim Ticket
7363	1	1	1	1	0	1	1	1	//Lotto03 //Noblesse Claim Ticket
7364	1	1	1	1	0	1	1	1	//Lotto04 //Primordial Claim Ticket
7365	1	1	1	1	0	1	1	1	//Lotto05

31969	1	1	0	1	1	1	1	1	//C_AB_Hair_LPP


//Castle Rush CBT
19610	1	1	1	1	1	1	1	1	//Costume Whisper Mask
19996	1	1	1	1	1	1	1	1	//Horse_King
31172	1	1	1	1	1	1	1	1	//C_Roast_Memory
19951	1	1	1	1	1	1	1	1	//C_Solo_Play_Box2
20152	1	1	1	1	1	1	1	1	//C_Straw_Rice_Bag

20764	1	1	1	1	1	1	1	1	//C_Fallen_Angel_Wing
23647	1	1	0	1	1	1	1	1	//Zero_Merchant_Bell //Super Ultra Great Peco Flute


//ROC Grand Launch 05122024//

//Item Mall ROC 05122024
2766	1	1	0	1	1	1	1	1	//Swordman_Figure
2767	1	1	0	1	1	1	1	1	//Acolyte_Figure
2768	1	1	0	1	1	1	1	1	//Mage_Figure
2769	1	1	0	1	1	1	1	1	//Archer_Figure
2770	1	1	0	1	1	1	1	1	//Thief_Figure
2771	1	1	0	1	1	1	1	1	//Merchant_Figure

9519	1	1	0	1	1	1	1	1	//Winter_Scroll_TH //Celebration Balloons Scroll
101221	1	1	0	1	1	1	1	1	//Old_Hat_Box_ROC //Old Hat Box
23207	1	1	0	1	1	1	1	1	//Premium_Box
12901	1	0	0	0	1	1	1	1	//Insurance_Package
12900	1	0	0	0	1	1	1	1	//Battle_Manual_Box
13990	1	0	0	0	1	1	1	1	//Job_Manual50_Box
12902	1	0	0	0	1	1	1	1	//Bubble_Gum_Box
20805	1	0	0	0	1	1	1	1	//AmistrBag_Incagi //Increase AGI Amistr Bag
470131	1	0	0	0	1	1	1	1	//Shoes_Of_Exorcism_ROC //Exorcist Shoes
470132	1	0	0	0	1	1	1	1	//Aurelian_Shoes_ROC //Insect Collector Shoes
470133	1	0	0	0	1	1	1	1	//Fallen_Angel_Shoes_ROC //Fallen Angel Shoes
470134	1	0	0	0	1	1	1	1	//Fisherman_Shoes_ROC //Fisherman Shoes
470135	1	0	0	0	1	1	1	1	//Mechanic_Shoes_ROC //Mechanic Shoes
470136	1	0	0	0	1	1	1	1	//DragonTrainer_Shoes_ROC //Dragon Trainer Shoes
470137	1	0	0	0	1	1	1	1	//Gravekeepr_Shoes_ROC //Gravekeeper Shoes
470138	1	0	0	0	1	1	1	1	//Gardener_Shoes_ROC //Gardener Shoes
470139	1	0	0	0	1	1	1	1	//Assassin_Shoes_ROC //Assassin Shoes
470140	1	0	0	0	1	1	1	1	//Boots_Of_Hunter_ROC //Hunter Shoes
13710	1	1	0	0	1	1	1	1	//Max_Weight_Up_Box //Gym Membership Card Box
14242	1	1	0	1	1	1	1	1	//Beholder_Ring_Box
14243	1	1	0	1	1	1	1	1	//Hallow_Ring_Box
14244	1	1	0	1	1	1	1	1	//Clamorous_Ring_Box
14245	1	1	0	1	1	1	1	1	//Chemical_Ring_Box
14246	1	1	0	1	1	1	1	1	//Insecticide_Ring_Box
14247	1	1	0	1	1	1	1	1	//Fisher_Ring_Box
14248	1	1	0	1	1	1	1	1	//Decussate_Ring_Box
14249	1	1	0	1	1	1	1	1	//Bloody_Ring_Box
14250	1	1	0	1	1	1	1	1	//Satanic_Ring_Box
14251	1	1	0	1	1	1	1	1	//Dragoon_Ring_Box
6046	1	1	0	1	1	1	1	1	//Clothing_Dye_Coupon
6047	1	1	0	1	1	1	1	1	//Clothing_Dye_Coupon2
7622	1	1	0	1	1	1	1	1	//캐쉬아이템,New_Style_Coupon
12919	1	1	0	1	1	1	1	1	//Megaphone_Box

//Gacha Celebration Balloons Scroll 05122024
20344	1	0	0	0	1	1	1	1	//C_Happy_Balloon_J
18968	1	0	0	0	1	1	1	1	//Jinn_Marin_Balloon
18967	1	0	0	0	1	1	1	0	//Jinn_Poring_Balloon
19149	1	0	0	0	1	1	1	1	//Poporing_Ballon
19143	1	0	0	0	1	1	1	1	//Poring_Balloon
19146	1	0	0	0	1	1	1	1	//Marin_Balloon
19147	1	0	0	0	1	1	1	1	//Drops_Balloon







// ID Item, drop, Trade, Storage, Cart, Trade npc, Rodex, Offline vending, Guild Storage
// 1 tdk dapat bisa, 0 bisa 



//OBT FOUNDER PACK 05122024
23937	1	1	0	1	1	1	1	1	//1LVUP_TW //Founder's Bronze Pack
23938	1	1	0	1	1	1	1	1	//10LVUP_TW //Founder's Silver Pack
23939	1	1	0	1	1	1	1	1	//20LVUP_TW //Founder's Gold Pack
23940	1	1	0	1	1	1	1	1	//30LVUP_TW //Founder's Platinum Pack
23942	1	1	0	1	1	1	1	1	//50LVUP_TW //Exclusive Limited Costume Box
23943	1	1	0	1	1	1	1	1	//60LVUP_TW //Exclusive Garment Costume Box
410081	1	0	0	0	1	1	1	1	//C_Released_Ground
400452	1	0	0	0	1	1	1	1	//C_Hoplite_Helmet_S_V
31849	1	0	0	0	1	1	1	1	//C_Runaway_Accelerator
20011	1	0	0	0	1	1	1	1	//C_Lightning_Speed
480419	1	0	0	0	1	1	1	1	//C_Cyber_Sword
480407	1	0	0	0	1	1	1	1	//C_Leticia_Wing
480290	1	0	0	0	1	1	1	1	//C_Lord_Of_Death_Shield

//OBT FOUNDER PACK RENTAL ITEM 05122024
23941	1	1	0	1	1	1	1	1	//40LVUP_TW //Exclusive Founder's Starter Pack
2136	1	1	1	1	1	1	1	1	//Cracked_Buckler
2442	1	1	1	1	1	1	1	1	//Boots_Perforated
2547	1	1	1	1	1	1	1	1	//Cheap_Running_Shirts
2392	1	1	1	1	1	1	1	1	//Old_Pant
5408	1	1	1	1	1	1	1	1	//Old_Bandanna

//IGF SALES 12122024
//GOC Costume Pack I 12122024
23944	1	1	0	1	1	1	1	1	//70LVUP_TW //GOC Costume Pack I BOX
19773	1	0	0	0	1	1	1	1	//C_Angeling_Hairpin
31667	1	0	0	0	1	1	1	1	//C_PoringBeret_TW
20295	1	0	0	0	1	1	1	1	//C_Poring_Sunglasses_J
20507	1	0	0	0	1	1	1	1	//C_Poring_Bag
19608	1	1	0	1	1	1	1	1	//C_Chick_Hat //FOR ONSITE WINNER

//GOC Costume Pack II 12122024
23945	1	1	0	1	1	1	1	1	//80LVUP_TW //GOC Costume Pack II
19848	1	0	0	0	1	1	1	1	//C_Angeling_Hat
400115	1	0	0	0	1	1	1	1	//C_Rag_Origin_Hat
19551	1	0	0	0	1	1	1	1	//C_Elven_Ears
19672	1	0	0	0	1	1	1	1	//C_Poring_Letter

//GOC Costume Pack III 12122024
23946	1	1	0	1	1	1	1	1	//90LVUP_TW //GOC Costume Pack III
20282	1	0	0	0	1	1	1	1	//C_White_Boys_Hat
20325	1	0	0	0	1	1	1	1	//C_Little_Aquarium
20132	1	0	0	0	1	1	1	1	//C_Subject_Aura
19770	1	0	0	0	1	1	1	1	//C_Japan_Winecup

//BACK TO SCHOOL EVENT 05122024 [RENTAL ITEM]
20281	1	1	1	1	1	1	1	1	//C_Preschool_Hat
480253	1	1	1	1	1	1	1	1	//C_School_Bag_BU_ROC
480254	1	1	1	1	1	1	1	1	//C_School_Bag_RD_E_ROC

//OBT LEVELING EVENT05122024
31818	1	1	0	1	1	1	1	1	//C_TopPlayer_TW

//OLD HAT BOX ROC ID 05122024 [NOT FINAL]

5388	1	0	0	0	1	1	1	1	//Snake_Head
5254	1	0	0	0	1	1	1	1	//Deviling_Hat
5294	1	0	0	0	1	1	1	1	//Whisper_Mask
5131	1	0	0	0	1	1	1	1	//Close_Helmet
5334	1	0	0	0	1	1	1	1	//Angeling_Wanna_Fly
5140	1	0	0	0	1	1	1	1	//Charming_Ribbon
5191	1	0	0	0	1	1	1	1	//Ribbon_Black
5192	1	0	0	0	1	1	1	1	//Ribbon_Yellow
5193	1	0	0	0	1	1	1	1	//Ribbon_Green
5194	1	0	0	0	1	1	1	1	//Ribbon_Pink
5196	1	0	0	0	1	1	1	1	//Ribbon_Orange
5197	1	0	0	0	1	1	1	1	//Ribbon_White
5287	1	0	0	0	1	1	1	1	//Vacation_Hat
18771	1	0	0	0	1	1	1	1	//Remodel_Opera_Mask
18620	1	0	0	0	1	1	1	1	//Heart_Eyepatch
5213	1	0	0	0	1	1	1	1	//Black_Bunny_Band
5478	1	0	0	0	1	1	1	1	//Classic_Hat
5020	1	0	0	0	1	1	1	1	//Kafra_Band
5206	1	0	0	0	1	1	1	1	//Romantic_White_Flower
18702	1	0	0	0	1	1	1	1	//Shaving_Cream
18667	1	0	0	0	1	1	1	1	//Cat_Lace_Hairband
5775	1	0	0	0	1	1	1	1	//Choco_Donut_In_Mouth
18571	1	0	0	0	1	1	1	1	//Lucky_Hat
5471	1	0	0	0	1	1	1	1	//Hairband_Of_Reginleif
5272	1	0	0	0	1	1	1	1	//Tongue_Mask_
5286	1	0	0	0	1	1	1	1	//Pecopeco_Hairband
5235	1	0	0	0	1	1	1	1	//Gray_Fur_Hat
5236	1	0	0	0	1	1	1	1	//Blue_Fur_Hat
5179	1	0	0	0	1	1	1	1	//Gold_Tiara
18662	1	0	0	0	1	1	1	1	//Antler_Fedora
5402	1	0	0	0	1	1	1	1	//Mischievous_Fairy
18713	1	0	0	0	1	1	1	0	//Monkey_On_Fur_Hat
5503	1	0	0	0	1	1	1	1	//Rabbit_Magic_Hat
5664	1	0	0	0	1	1	1	1	//Filir_Wing
5555	1	0	0	0	1	1	1	1	//Leaf_Cat_Hat
5379	1	0	0	0	1	1	1	0	//Balloon_Hat
5359	1	0	0	0	1	1	1	1	//J_Captain_Hat
5401	1	0	0	0	1	1	1	1	//Black_Glasses
5445	1	0	0	0	1	1	1	1	//Candy_Cane_In_The_Mouth
5210	1	0	0	0	1	1	1	1	//Flying_Angel

//PREREG Rewards 05122024
12137	1	1	0	1	1	1	1	1	//1st_Stage_Prize //[Reward] Pre-Register BOX
12138	1	1	0	1	1	1	1	1	//2nd_Stage_Prize //[Reward] Lucky Pre-Register BOX
20133	1	1	0	1	1	1	1	1	//C_Poring_Mascot_Costume
31490	1	1	0	1	1	1	1	1	//C_Poring_Muffler
20548	1	1	0	1	1	1	1	1	//C_Popping_Poring_Aura //Lucky Winner

//CBT Best Moment 05122024							
31259	1	1	0	1	1	1	1	1	//C_Bubble_A_Angel_H

//CBT Hephaestus Event Rewards 05122024	
12139	1	1	0	1	1	1	1	1	//3rd_Stage_Prize //[Reward] Hephaestus Apprentice BOX			
19798	1	1	0	1	1	1	1	1	//C_Angry_Mouth

//CBT Frenzy Leveling Rewards 05122024
12606	1	1	0	1	1	1	1	1	//Special_Box5 //[Reward] Frenzy Leveling	BOX				
20204	1	1	0	1	1	1	1	1	//C_Hunting_Cap

//Veteran Event Rewards 	
12602	1	1	0	1	1	1	1	1	//Special_Box1 //[Reward] Veteran - Participant
12603	1	1	0	1	1	1	1	1	//Special_Box2 //[Reward] Veteran - Bronze
12604	1	1	0	1	1	1	1	1	//Special_Box3 //[Reward] Veteran - Silver
12605	1	1	0	1	1	1	1	1	//Special_Box4 //[Reward] Veteran - Gold			
31175	1	1	0	1	1	1	1	1	//C_Strawberry_Hat //BRONZE
20115	1	1	0	1	1	1	1	1	//C_Under_Rim_Glasses //SILVER
31160	1	1	0	1	1	1	1	1	//C_Rune_Helm //GOLD

//ROC ID GRAND LAUNCH LS REWARDS 05122024					
20761	1	1	0	1	1	1	1	1	//C_Wing_Of_Happiness

//CASTLE RUSH WINNER	
12140	1	1	0	1	1	1	1	1	//4th_Stage_Prize //[Reward] Castle Rush BOX								
400161	1	1	0	1	1	1	1	1	//C_Hat_0f_King

//CBT WARMING UP REWARDS 05122024
12140	1	1	0	1	1	1	1	1	//5th_Stage_Prize //[Reward] CBT Warming Up BOX

//CONSUMABLE LIST ROC ID GRAND LAUNCH 05122024
12263	1	1	0	1	1	1	1	1	//Comp_Battle_Manual

14508	1	1	0	1	1	1	1	1	//Zeny_Scroll
23504	1	1	0	1	1	1	1	1	//Orange_Potion_B_20


9610	1	1	0	1	1	1	1	1	//E_Mysterious_Water

12521	1	1	0	1	1	1	1	1	//E_S_Def_Potion



//ROC ID Daily Login 1 05122024
31805	1	1	0	1	1	1	1	1	//C_Sunglasses_Bball_Hat





//ROC Live Streaming Grand LAUNCH 05122024
5067	1	1	0	1	1	1	1	1	//Sombrero

//IGF REDEEM CODE 05122024
12035	1	1	0	1	1	1	1	1	//IGF 2024 Box

//Symphony of Christmas Event 19122024
19976	1	1	0	1	1	1	1	1	//C_Cat_Santa_Hat
2784	1	1	1	1	0	1	1	1	//Oh_Holy_Night
12132	1	1	0	1	1	1	1	1	//Red_Bag
11569	1	1	0	1	1	1	1	1	//Orange_Potion_B
12043	1	1	0	1	1	1	1	1	//Str_Dish03
12044	1	1	0	1	1	1	1	1	//Str_Dish04
12045	1	1	0	1	1	1	1	1	//Str_Dish05
12048	1	1	0	1	1	1	1	1	//Int_Dish03
12049	1	1	0	1	1	1	1	1	//Int_Dish04
12050	1	1	0	1	1	1	1	1	//Int_Dish05
12053	1	1	0	1	1	1	1	1	//Vit_Dish03
12054	1	1	0	1	1	1	1	1	//Vit_Dish04
12055	1	1	0	1	1	1	1	1	//Vit_Dish05
12058	1	1	0	1	1	1	1	1	//Agi_Dish03
12059	1	1	0	1	1	1	1	1	//Agi_Dish04
12060	1	1	0	1	1	1	1	1	//Agi_Dish05
12063	1	1	0	1	1	1	1	1	//Dex_Dish03
12064	1	1	0	1	1	1	1	1	//Dex_Dish04
12065	1	1	0	1	1	1	1	1	//Dex_Dish05
12068	1	1	0	1	1	1	1	1	//Luk_Dish03
12069	1	1	0	1	1	1	1	1	//Luk_Dish04
12070	1	1	0	1	1	1	1	1	//Luk_Dish05
6453	1	1	1	1	1	1	1	1	//Undelivered_Gift
6454	1	1	1	1	1	1	1	1	//Santa_Bag

//Silent Night Scroll ROC 19122024 (Box)
103908	1	1	0	1	1	1	1	1	//20241224_Silent_Scroll //Silent Night Scroll
18580	1	0	0	0	1	1	1	1	//Yggdrasil_Crown
18528	1	0	0	0	1	1	1	1	//Tare_Neko_Cru
20451	1	0	0	0	1	1	1	1	//C_Sky_Of_Memory
18536	1	0	0	0	1	1	1	1	//Foxtail
5506	1	0	0	0	1	1	1	1	//Blue_Pajamas_Hat
5507	1	0	0	0	1	1	1	1	//Pink_Pajamas_Hat

14537	1	0	0	0	1	1	1	1	//Regeneration_Potion

//ROC ID Spend Promotion #1 27122024
//Tier 3 (299k RO Cash)

12516	1	1	0	1	1	1	1	1	//E_Small_Life_Potion





//Tradable items


23715	1	0	0	0	1	1	1	1	//Thai_Perfume_ASPD_TH

//Extra Rewards for Platinum Founder
9693	1	1	0	1	1	1	1	1	//C_Wing_Of_Fly_2H_Box_
17314	1	1	0	1	1	1	1	1	//C_Wing_Of_Fly_1Day_Box


//ROC ID Flash Sale 27122024
100565	1	1	0	1	1	1	1	0	//SeptPromo_1_box //Box 1
100566	1	1	0	1	1	1	1	0	//SeptPromo_2_box //Box 2


12514	1	1	0	1	1	1	1	1	//E_Abrasive
12518	1	1	0	1	1	1	1	1	//E_B_Mdef_Potion
12520	1	1	0	1	1	1	1	1	//E_B_Def_Potion

///////ROC INDONESIA 2025///

//Gold Blessing Scroll ROC 09012025 (box)
103918	1	1	0	1	1	1	1	1	//IDROC_GODBLESS
20101	1	0	0	0	1	1	1	1	//C_Bragi_Wing_Ears
18550	1	0	0	0	1	1	1	1	//Asgard_Blessing
18838	1	0	0	0	1	1	1	1	//Angeling_Woolly_Hat
5372	1	0	0	0	1	1	1	1	//Drooping_White_Kitty
5594	1	0	0	0	1	1	1	1	//Donut_In_Mouth

9895	1	0	0	0	1	1	1	1	//DF_Abrasive


14847	1	0	0	0	1	1	1	1	//DF_Small_Life_Potion


//ROC ID Daily Login 2 09012025

19658	1	1	0	1	1	1	1	1	//C_Vacation_Hat

//Guild Level Challenge 2024. 12 Desember 2024 - 09 Januari 2025

12529	1	0	0	0	1	1	1	1	//화이트슬림포션상자 //White Slim Potion Box
13810	1	0	0	0	1	1	1	1	//Blue_Potion_Box
12036	1	1	0	1	1	1	1	1	//Lotto_Box02 - Tumbal box untuk event Guild Level Challenge
11502	1	0	0	0	1	1	1	1	//Light_Blue_Pot 
505		1	0	0	0	1	1	1	1	//Blue_Potion 


//Nyan-Nyan Costume Scroll
103971	1	0	0	0	1	1	1	1	//2501_IDROC_C_GA
19823	1	0	0	0	1	1	1	1	//C_White_Cat_Hood
31456	1	0	0	0	1	1	1	1	//C_Baby_Leopard_Cat
31251	1	0	0	0	1	1	1	1	//C_Cat_Mouth
20198	1	0	0	0	1	1	1	1	//Costume Misty Ears
19912	1	0	0	0	1	1	1	1	//C_Cat_Eye
20517	1	0	0	0	1	1	1	1	//C_GiantCatBag_TW

//Costume enchant stone box
14629	1	0	0	0	1	1	1	1	//Enchant_Stone_Box

//CNY 2025 23 Januari 2025
20111	1	1	0	1	1	1	1	1	//C_Coiledup_Snake_Hat2
20110	1	1	0	1	1	1	1	1	//C_Coiledup_Snake_Hat1
31903	1	1	0	1	1	1	1	1	//C_White_Snake
400186	1	1	0	1	1	1	1	1	//C_Snake_Head

12519	1	1	0	1	1	1	1	1	//E_S_Mdef_Potion

22551	1	1	0	1	1	1	1	1	//Sesame_Pastry_B
22552	1	1	0	1	1	1	1	1	//Honey_Pastry_B
22553	1	1	0	1	1	1	1	1	//Rainbow_Cake_B

12522	1	1	0	1	1	1	1	1	//E_Blessing_10_Scroll
12523	1	1	0	1	1	1	1	1	//E_Inc_Agi_10_Scroll

//CNY Flash Sale
200182	1	1	0	1	1	1	1	1	//Neuralizer_Box_ROC
200183	1	1	0	1	1	1	1	1	//Pr_Reset_Stone_Box_ROC

//CNY ITEM EVENT
7555	1	1	0	1	0	1	1	1	//Green_Incense
744		1	1	0	1	0	1	1	1	//꽃다발 //Bunch_Of_Flowers
6053	1	1	0	1	0	1	1	1 	//Yuanbao

//Eternal Flame Scroll ROC 23012025
103996	1	1	0	1	1	1	1	1 	//Eternal_Flame_ROC
24040	1	0	0	0	1	1	1	1	//S_Lucky_Armor
24034	1	0	0	0	1	1	1	1	//S_Lucky_Weapon
24035	1	0	0	0	1	1	1	1	//S_Power_Earring
24041	1	0	0	0	1	1	1	1	//S_Power_Pendant
18600	1	0	0	0	1	1	1	1	//Cat_Ears_Beret
5360	1	0	0	0	1	1	1	1	//Whikebain_Ears
2855	1	0	0	0	1	1	1	1	//Whike_Black_Tail
18939	1	0	0	0	1	1	1	1	//Black_Cat_Ears_Beret
31178	1	0	0	0	1	1	1	1	//C_Flame_Muffler


//NEW Old Hat Box Update 23012025
19005	1	0	0	0	1	1	1	1	//Party_Balloon
5462	1	0	0	0	1	1	1	1	//Spiked_Scarf
5423	1	0	0	0	1	1	1	1	//Lovecap_China
5800	1	0	0	0	1	1	1	1	//Blush_Of_Groom

//ROC BALAP LARI EVENT
31522	1	1	0	1	1	1	1	1	//C_Orange_Hat

//RO SUPERSTAR REWARDS 20 Feb - 20 Mar 2025
31452	1	1	0	1	1	1	1	1	//C_White_Cat //Hadiah Milestone 700 Vote
20522	1	1	0	1	1	1	1	1	//C_Blessings_Of_Soul //Hadiah Milestone 1000 Vote
31840	1	1	0	1	1	1	1	1	//C_BJ_HeadsetA //Hadiah masuk Hall of Fame

//ROC Lovely Chocolate Scroll
104045	1	1	0	1	1	1	1	1 	//Lovely_Choco_Scroll_ROC

20255	1	0	0	0	1	1	1	1	//C_Love_Cheek
400255	1	0	0	0	1	1	1	1	//Smoky_TransformHat_ROC
420003	1	0	0	0	1	1	1	1	//CD_In_MouthK
18523	1	0	0	0	1	1	1	1	//Super_Scell
19009	1	0	0	0	1	1	1	1	//Cloud_Buster
5138	1	0	0	0	1	1	1	1	//Magic_Eyes
24021	1	0	0	0	1	1	1	1	//S_Magical_Earring
24022	1	0	0	0	1	1	1	1	//S_Magical_Weapon
24023	1	0	0	0	1	1	1	1	//S_Magical_Pendant
24212	1	0	0	0	1	1	1	1	//S_Rookie_Shoes
24213	1	0	0	0	1	1	1	1	//S_Rookie_Shield
14845	1	0	0	0	1	1	1	1	//DF_Blessing_10_Scroll
14846	1	0	0	0	1	1	1	1	//DF_Inc_Agi_10_Scroll

9909	1	0	0	0	1	1	1	1	//DF_Ex_Def_Potion
9908	1	0	0	0	1	1	1	1	//DF_Mental_Potion

//Daily Login Februari 06022025-04032025
31297	1	1	0	1	1	1	1	1	//C_Love_Berry
7060	1	1	0	1	1	1	1	1	//Warp_Free_Ticket
7059	1	1	0	1	1	1	1	1	//Cargo_Free_Ticket
6316	1	1	0	1	1	1	1	1	//E_Token_Of_Siegfried
12265	1	1	0	1	1	1	1	1	//Comp_Insurance

12264	1	1	0	1	1	1	1	1	//Comp_Bubble_Gum
12501	1	1	0	1	1	1	1	1	//E_Str_Dish10_
12502	1	1	0	1	1	1	1	1	//E_Agi_Dish10_
12503	1	1	0	1	1	1	1	1	//E_Int_Dish10_
12504	1	1	0	1	1	1	1	1	//E_Dex_Dish10_
12505	1	1	0	1	1	1	1	1	//E_Luk_Dish10_
12506	1	1	0	1	1	1	1	1	//E_Vit_Dish10_
9862	1	1	0	1	1	1	1	1	//Comp_Job_Manual50
23209	1	1	0	1	1	1	1	1	//Premium_Box_1d
23506	1	1	0	1	1	1	1	1	//White_Potion_B_20
9539	1	1	0	1	1	1	1	1	//Blue_Potion_B_10
12517	1	1	0	1	1	1	1	1	//E_Regeneration_Potion

22979	1	1	0	1	1	1	1	1	//Comp_Battle_Bubble

//ROC Valentine 2025 Event
101324	1	1	0	1	1	1	1	1	//Valentine_Scroll_ROC
31703	1	1	0	1	1	1	1	1	//C_Valentine_Hat
18602	1	1	0	1	1	1	1	1	//Watermelon_Slice
7605	1	1	0	1	0	1	1	1	//Valentine Flour
7910	1	1	0	1	0	1	1	1	//Stolen_Candy
593		1	1	0	1	1	1	1	1	//Honey_Pancake

//Flash Sale Ring Box 06022025 - 09022025
12953	1	0	0	0	1	1	1	1	//Critical_Ring_Box
12954	1	0	0	0	1	1	1	1	//Earring_Box
12955	1	0	0	0	1	1	1	1	//Ring_Box
12956	1	0	0	0	1	1	1	1	//Necklace_Box
12957	1	0	0	0	1	1	1	1	//Glove_Box
12958	1	0	0	0	1	1	1	1	//Brooch_Box
12959	1	0	0	0	1	1	1	1	//Rosary_Box
12960	1	0	0	0	1	1	1	1	//Safety_Ring_Box
2688	1	1	1	1	1	1	1	1	//Critical_Ring_C
2689	1	1	1	1	1	1	1	1	//Earring_C
2690	1	1	1	1	1	1	1	1	//Ring_C
2691	1	1	1	1	1	1	1	1	//Necklace_C
2692	1	1	1	1	1	1	1	1	//Glove_C
2693	1	1	1	1	1	1	1	1	//Brooch_C
2694	1	1	1	1	1	1	1	1	//Rosary_C
2695	1	1	1	1	1	1	1	1	//Safety_Ring_C

//Thousand Love Costume Scroll - 13022025
104060	1	1	0	1	1	1	1	1	//2502_Thousand_Scroll
20602	1	0	0	0	1	1	1	1	//C_Seraphim_Wing_TW
19756	1	0	0	0	1	1	1	1	//C_Holy_Mom_Love
31454	1	0	0	0	1	1	1	1	//C_Love_Feeling
19762	1	0	0	0	1	1	1	1	//C_Happy_Peace_Proof
31624	1	0	0	0	1	1	1	1	//C_HeartOfCat_TW
31483	1	0	0	0	1	1	1	1	//C_CatEarRibbon_TW

//Flash Sale War of Emperium - 13022025
23326	1	0	0	0	1	1	1	1	//EliteSiegeSupplyBox_TH
11503	1	1	0	1	1	1	1	1	//캐쉬아이템,필리핀 공성화이트포션
11504	1	1	0	1	1	1	1	1	//캐쉬아이템,필리핀 공성파란포션
13858	1	0	0	0	1	1	1	1	//Spark_Candy_Box10
14586	1	1	0	1	1	1	1	1	//Spark_Candy
10548	1	0	0	0	1	1	1	1	//Acaraje_Box
12375	1	1	0	1	1	1	1	1	//Acaraje
31472	1	0	0	0	1	1	1	1	//C_Fairy_Feathers
20599	1	0	0	0	1	1	1	1	//C_Sakura_Wing


//First Conqueror
20249	1	1	0	1	1	1	1	1	//C_Red_Strong_Hair

//Wisdom Witch Scroll - 20022025 - 13032025
104066	1	1	0	1	1	1	1	1	//202502_Wisdom_ID
19494	1	0	0	0	1	1	1	1	//Frantic_Looking_TH
18856	1	0	0	0	1	1	1	1	//W_King_Tiger_Doll_Hat
410180	1	0	0	0	1	1	1	1	//Sigruns_Wing_ROC
400204	1	0	0	0	1	1	1	1	//C_Cat_Ear_Red_Hat_TW
5548	1	0	0	0	1	1	1	1	//Scarlet_Rose
5139	1	0	0	0	1	1	1	1	//Hibiscus
24037	1	0	0	0	1	1	1	1	//S_Dexterous_Armor
24043	1	0	0	0	1	1	1	1	//S_Dexterous_Weapon
24042	1	0	0	0	1	1	1	1	//S_Int_Earring
24036	1	0	0	0	1	1	1	1	//S_Int_Pendant

//Ares Training Event

24014	1	1	1	1	1	1	1	1	//S_Promotion_Shoes
24016	1	1	1	1	1	1	1	1	//S_Promotion_Earring
24017	1	1	1	1	1	1	1	1	//S_Promotion_Pendant

//Reward Livestreaming
19832	1	1	0	1	1	1	1	1	//C_Poring_Hat

//Spender Promotion Februari 20 - 27 , 2025
23177	1	1	0	1	1	1	1	1	//Comp_Kafra_Card
23505	1	1	0	1	1	1	1	1	//Yellow_Potion_B_20
23012	1	1	0	1	1	1	1	1	//Comp_Small_Mana_Potion
12350	1	1	0	1	1	1	1	1	//Angeling_Potion
12691	1	0	0	0	1	1	1	1	//Old_C_Album_Armor
100568	1	0	0	0	1	1	1	1	//SeptPromo_4_box //Small LM Potion Box
13905	1	1	0	1	1	1	1	1	//Hard_Core_Set_Box


///Angel feather Scroll - 06032025 - 20032025
104173	1	1	0	1	1	1	1	1	//2503_Angel_Scroll
20918	1	0	0	0	1	1	1	1	//Angel_Poring_Wing
12246	1	0	0	0	1	1	1	1	//Magic_Card_Album
19585	1	0	0	0	1	1	1	1	//C_Feather_Beret
28592	1	0	0	0	1	1	1	1	//Angel_Poring_Earing
28593	1	0	0	0	1	1	1	1	//Angel_Poring_Ring
5297	1	0	0	0	1	1	1	1	//Soulless_Wing_
24019	1	0	0	0	1	1	1	1	//S_Physical_Weapon
24020	1	0	0	0	1	1	1	1	//S_Physical_Pendant
24018	1	0	0	0	1	1	1	1	//S_Physical_Earring
24045	1	0	0	0	1	1	1	1	//S_Athletic_Shoes
24039	1	0	0	0	1	1	1	1	//S_Athletic_Shield
23714	1	0	0	0	1	1	1	1	//Thai_Perfume_MATK_TH
23713	1	0	0	0	1	1	1	1	//Thai_Perfume_ATK_TH
14844	1	0	0	0	1	1	1	1	//DF_Kafra_Card
14843	1	0	0	0	1	1	1	1	//DF_Insurance
25310	1	0	0	0	1	1	1	1	//DF_Token_Of_Siegfried
100705	1	0	0	0	1	1	1	1	//DF_Magnificat_5_Scroll
14849	1	1	0	1	1	1	1	1	//DF_Vit_Dish10
14850	1	1	0	1	1	1	1	1	//DF_Luk_Dish10
14851	1	1	0	1	1	1	1	1	//DF_Dex_Dish10
14852	1	1	0	1	1	1	1	1	//DF_Int_Dish10
14853	1	1	0	1	1	1	1	1	//DF_Agi_Dish10
14854	1	1	0	1	1	1	1	1	//DF_Str_Dish10

//Event Ramadhan 06032025
12599	1	1	0	1	1	1	1	1	//Kurma
685	1	0	0	0	1	1	1	1	//RAMADAN
552	1	1	0	1	1	1	1	1	//KETUPAT
12597	1	1	0	1	1	1	1	1	//Opor_Ayam
12598	1	1	0	1	1	1	1	1	//Dendeng_Balado
6380	1	1	1	1	1	1	1	1	//Mora_Coin
7869	1	1	0	1	1	1	1	1	//RicePouch
7456	1	1	0	1	1	1	1	1	//Red_Spice
6254	1	1	0	1	1	1	1	1	//Beef_Head_Meat
6080	1	1	1	1	1	1	1	1	//에피소드13.2-마누크주화 // Ramadan Blessing Coin
20297	1	1	0	1	1	1	1	1	//C_Cactus_Hat
20160	1	1	0	1	1	1	1	1	//C_Fried_Egg


//Daily login Maret 2025
19759 	1	1	0	1	1	1	1	1	//Costume Umbrella Hat

//Event Gathering ROC 22032025

//Light Darkness Costume Scroll
101376	1	1	0	1	1	1	1	1	//LightDarkness_Cos_ROC
20151	1	0	0	0	1	1	1	1	//C_Poison_Spore_Hat
19751	1	0	0	0	1	1	1	1	//C_Light_Darkness_Crown
19830   1	0	0	0	1	1	1	1   //C_Sunglasses		
20046	1	0	0	0	1	1	1	1	//C_Decoration_bluerose
31611	1	0	0	0	1	1	1	1	//C_Dark_Snake_Lord_Stall
20737	1	0	0	0	1	1	1	1	//C_Kirin_Wing

//Flash Sale Maret
16653	1	1	0	1	1	1	1	1	//BM75_10Box
17947	1	1	0	1	1	1	1	1	//Bubble_Recovery_Box_TH
9808	1	1	0	1	1	1	1	1	//TH_Old_Hat_Box
200054	1	1	0	1	1	1	1	1	//Manual75_Pack_Box
100492	1	1	0	1	1	1	1	1	//Battle_Manual75
100493	1	1	0	1	1	1	1	1	//Job_Manual75

//Treasure Box Update 20250320
12106	0	0	0	0	1	1	1	1	//Accessory_Box
6465	1	0	0	0	1	1	1	1	//Guard_Coin
2146	1	0	0	0	1	1	1	1	//Siver_Guard
2513	1	0	0	0	1	1	1	1	//Celestial_Robe
2422	1	0	0	0	1	1	1	1	//High_Fashion_Sandals
2514	1	0	0	0	0	1	1	1	//Pauldron
2677	1	0	0	0	1	1	1	1	//Spiritual_Ring
5123	1	0	0	0	1	1	1	1	//Ulle_Cap
1414	1	0	0	0	1	1	1	1	//Gelerdria
1560	1	0	0	0	1	1	1	1	//Diary_Of_Great_Sage

//WOE Coin Exchange
400298	1	0	0	0	1	1	1	1	//Woe_Magestic_ROC
400302	1	0	0	0	1	1	1	1	//Woe_Boyscap_ROC
24012	1	1	1	1	1	1	1	1	//S_Promotion_Weapon
24013	1	1	1	1	1	1	1	1	//S_Promotion_Armor
24015	1	1	1	1	1	1	1	1	//S_Promotion_Shield

//Orc's Memory MD
7366	1	1	0	1	1	1	1	1	//Lotto06 //ORC COIN
28522	1	0	0	0	1	1	1	1	//Ring_Of_Fallen
28523	1	0	0	0	1	1	1	1	//Ring_Of_Disaster

//Kafra Adventure Pass Season 1
31719	1	1	0	1	1	1	1	1	//C_Cons_Of_Fire
19656	1	1	0	1	1	1	1	1	//C_Minstrel_Hat
18765	1	1	0	1	1	1	1	1	//Enhanced_Corsair
12524	1	1	0	1	1	1	1	1	//E_Aspersio_5_Scroll
14516	1	1	0	1	1	1	1	1	//캐쉬아이템,마니피캇5주문서 //Magnificat_5_Scroll
101976	1	1	0	1	1	1	1	1	//BP2_Treasure_1
101977	1	1	0	1	1	1	1	1	//BP2_Treasure_2
101978	1	1	0	1	1	1	1	1	//BP2_Treasure_3
805	1	1	0	1	1	1	1	1	//Mysterious_Medal_TH
1001794	1	1	0	1	1	1	1	1	//BP_Creater_Ticket_ROC
103254	1	1	0	1	1	1	1	1	//BP_S_7Enchant_ROC
103255	1	1	0	1	1	1	1	1	//BP_S_9Enchant_ROC
24269	1	1	0	1	1	1	1	1	//S_Knight_Armor
24256	1	1	0	1	1	1	1	1	//S_Knight_Shoes
24273	1	1	0	1	1	1	1	1	//S_Priest_Armor
24260	1	1	0	1	1	1	1	1	//S_Priest_Shoes
24274	1	1	0	1	1	1	1	1	//S_Monk_Armor
24261	1	1	0	1	1	1	1	1	//S_Monk_Shoes
24277	1	1	0	1	1	1	1	1	//S_Wizard_Armor
24264	1	1	0	1	1	1	1	1	//S_Wizard_Shoes
24278	1	1	0	1	1	1	1	1	//S_Sage_Armor
24265	1	1	0	1	1	1	1	1	//S_Sage_Shoes
24279	1	1	0	1	1	1	1	1	//S_Hunter_Armor
24266	1	1	0	1	1	1	1	1	//S_Hunter_Shoes
24271	1	1	0	1	1	1	1	1	//S_Blacksmith_Armor
24258	1	1	0	1	1	1	1	1	//S_Blacksmith_Shoes
24275	1	1	0	1	1	1	1	1	//S_Assassin_Armor
24262	1	1	0	1	1	1	1	1	//S_Assassin_Shoes
102980	1	1	0	1	1	1	1	1	//BP_Invite_Envelope_TH
810	1	1	1	1	1	1	1	1	//BP2_Invite_ticket
801	1	1	1	1	1	1	1	1	//B_Pass_TH01
802	1	1	1	1	1	1	1	1	//B_Pass_TH01_Up
7955	1	1	1	1	1	1	1	1	//Lost_Card1 // Kafra Corp Document


//Fairy Tales Scroll 20032025
101506	1	1	0	1	1	1	1	1	//Fairy_Tales_Scroll_ROC

19706	1	0	0	0	1	1	1	1	//C_Red_Dress_Hat
410161	1	0	0	0	1	1	1	1	//Wing_Of_Bless_ROC
410163	1	0	0	0	1	1	1	1	//Little_Elf_Ears_ROC
5765	1	0	0	0	1	1	1	1	//Black_Tail_Ribbon
18534	1	0	0	0	1	1	1	1	//Fancy_Phantom_Mask


//Fairy Tales Scroll 20032025 Guarantee
410162	1	1	0	1	1	1	1	1	//Comp_Wing_Of_Bless_ROC
410164	1	1	0	1	1	1	1	1	//Comp_S_Elf_Ears_ROC
400297	1	1	0	1	1	1	1	1	//Comp_B_Tail_Ribbon_ROC
430003	1	1	0	1	1	1	1	1	//Comp_F_P_Mask_ROC

//Guarantee item
6314	1	1	0	1	1	1	1	1	//E_Enriched_Elunium
6315	1	1	0	1	1	1	1	1	//E_Enriched_Oridecon
12103	1	1	0	1	1	1	1	1	//Bloody_Dead_Branch
14533	1	1	0	1	1	1	1	1	//Battle_Manual100
12411	1	1	0	1	1	1	1	1	//HE_Battle_Manual
12412	1	1	0	1	1	1	1	1	//HE_Bubble_Gum

//20250410 Mad bunny Scroll
101617	1	1	0	1	1	1	1	1	//Mad_Bunny_Scroll_ROC

20464	1	0	0	0	1	1	1	1	//C_Monochrome_RibbonHat
28902	1	0	0	0	1	1	1	1	//Mad_Bunny_K_
410172	1	0	0	0	1	1	1	1	//Mini_Glasses_ROC
400316	1	0	0	0	1	1	1	1	//New_Year_Hairpin_ROC

//20250410 Guarantee Mad Bunny Scroll
460033	1	1	0	1	1	1	1	1	//Comp_Mad_Bunny_K_ROC
410173	1	1	0	1	1	1	1	1	//Comp_Mini_Glasses_ROC
400318	1	1	0	1	1	1	1	1	//Comp_Smoky_TransHat_ROC

//20250410 Rainy Forest Costume Scroll
104449	1	1	0	1	1	1	1	1	//RainyForest_Scroll_ROC
19520	1	0	0	0	1	1	1	1	//Rain_Cloud
20192	1	0	0	0	1	1	1	1	//C_Green_Foxtail
31943	1	0	0	0	1	1	1	1	//C_Frog_Hood
410055	1	0	0	0	1	1	1	1	//C_Floating_Parasol
19548	1	0	0	0	1	1	1	1	//C_Frog_Cap
20605	1	0	0	0	1	1	1	1	//C_Leaf_Umbrella

//20250410 ROC X ROR X ROIA
20105	1	1	0	1	1	1	1	1	//C_Fish_Head_Hat
31715	1	1	0	1	1	1	1	1	//C_Orange_Rabbit
20528	1	1	0	1	1	1	1	1	//C_GoldButterfly_Wing
20541	1	1	0	1	1	1	1	1	//C_AngelRibbonWing_TW
31545	1	1	0	1	1	1	1	1	//C_Eremes_Scarf_BU
19992	1	1	0	1	1	1	1	1	//C_Chilly_Breath
19533	1	1	0	1	1	1	1	1	//C_Spore_Hat
31902	1	1	0	1	1	1	1	1	//C_10_Type_Glasses

//20250410 Daily login April
19957	1	1	0	1	1	1	1	1	//C_Scooter_Hat_J

//20250322 Gathering Offline Kafra Shop
//White Angel Scroll
104556	1	0	0	0	1	1	1	1	//White Angel Scroll
19529	1	0	0	0	1	1	1	1	//C_Angelic_Chain
31600	1	0	0	0	1	1	1	1	//C_Kishu_Inu
31971	1	0	0	0	1	1	1	1	//C_AB_Hair_WH
20765	1	0	0	0	1	1	1	1	//C_Archangel_Wing

//Golden Angel Scroll
104561	1	0	0	0	1	1	1	1	//GoldAngel_Scroll_ROC
31945	1	0	0	0	1	1	1	1	//C_Golden_Angel_Band
31614	1	0	0	0	1	1	1	1	//C_Fox
31968	1	0	0	0	1	1	1	1	//C_AB_Hair_BL
20606	1	0	0	0	1	1	1	1	//C_Golden_Angel_Wing

//Devil Inside Scroll
101388	1	1	0	1	1	1	1	1	//Devil_Inside_Scroll_ROC
480179	1	0	0	0	1	1	1	1	//Light_Darkness_Wing_ROC
420137	1	0	0	0	1	1	1	1	//FlyingGalapago_ROC
420138	1	0	0	0	1	1	1	1	//Poker_Card_In_Mouth_ROC
5567	1	0	0	0	1	1	1	1	//Bright_Fury
18539	1	0	0	0	1	1	1	1	//Skull_Cap
24046	1	0	0	0	1	1	1	1	//S_Resist_Spell_Pendant
24051	1	0	0	0	1	1	1	1	//S_Athena_Earring
24032	1	0	0	0	1	1	1	1	//S_Cri_Hit_Weapon
24030	1	0	0	0	1	1	1	1	//S_Critical_Armor


//Devil Inside Guarantee
480180	1	1	0	1	1	1	1	1	//Comp_LightDark_Wing_ROC
420139	1	1	0	1	1	1	1	1	//Comp_FlyingGalapago_ROC
400276	1	1	0	1	1	1	1	1	//Comp_Bright_Fury_ROC


//Coin Guarantee
1000923	1	1	0	1	1	1	1	1	//TH_DF_Event02_ROC
1000896	1	1	0	1	1	1	1	1	//TH_DF_Event01_ROC
7784	1	1	0	1	1	1	1	1	//굽신굽신쿠폰1 //Fawner_Coupon1
7785	1	1	0	1	1	1	1	1	//굽신굽신쿠폰2 //Fawner_Coupon2
7545	1	1	0	1	1	1	1	1	//굽신굽신쿠폰2 //Lotto44


//Easter Egg
31499	1	1	0	1	1	1	1	1	//C_Easter_Egg_Shell
6915	1	1	1	1	1	1	1	1	//Captured_Soul

//Spring Bunny 17042025
104580	1	1	0	1	1	1	1	1	//Spring_Bunny_ROC
420166	1	0	0	0	1	1	1	1	//HeartAngel_ROC
31299	1	0	0	0	1	1	1	1	//C_White_Rabbit
18563	1	0	0	0	1	1	1	1	//Heart_Wing_Hairband
400331	1	0	0	0	1	1	1	1	//Tare_Maid_Doll_Hat_ROC
400332	1	0	0	0	1	1	1	1	//Exorcismus_Ribbon_ROC
18564	1	0	0	0	1	1	1	1	//Love_Piece
19331	1	0	0	0	1	1	1	1	//Well_Baked_Toast_TW
24090	1	0	0	0	1	1	1	1	//S_Stability_Shield
24097	1	0	0	0	1	1	1	1	//S_Adurate_Armor
24098	1	0	0	0	1	1	1	1	//S_Adurate_Shoes

//Guarantee Spring Bunny
420167	1	1	0	1	1	1	1	1	//Comp_HeartAngel_ROC
400333	1	1	0	1	1	1	1	1	//Comp_TareMaid_Doll_ROC
400334	1	1	0	1	1	1	1	1	//Comp_Exor_Ribbon_ROC
400335	1	1	0	1	1	1	1	1	//Comp_Heart_Wing_Hb_ROC

//gm Item
1599	1	1	0	1	1	1	1	1	//Angra_Manyu
2199	1	1	0	1	1	1	1	1	//Ahura_Mazda


//Gathering Event
20526	1	0	0	0	1	1	1	1	//C_BlueAngeling_Wing

//Refine Item Flash Sale
6635	1	0	0	0	1	1	1	1	//Blacksmith_Blessing
100504	1	0	0	0	1	1	1	1	//Promotion_Box1 //Refine Limited Package

//Star Noble 30042025
104624	1	1	0	1	1	1	1	1	//Star_Noble_ROCID
20148	1	0	0	0	1	1	1	1	//C_Noble_Hat
24202	1	0	0	0	1	1	1	1	//S_Flam_Shield
24190	1	0	0	0	1	1	1	1	//S_Flam_Armor
18652	1	0	0	0	1	1	1	1	//Vanargandr_Helm
2159	1	0	0	0	1	1	1	1	//Sharel_Shield
2596	1	0	0	0	1	1	1	1	//Sharel_Manteau
5969	1	0	0	0	1	1	1	1	//QueenAnzRevenge
24052	1	0	0	0	1	1	1	1	//S_Cranial_Shield
24062	1	0	0	0	1	1	1	1	//S_Bloody_Shoes
9894	1	0	0	0	1	1	1	1	//DF_Adrenaline_Scroll

//Guarantee Star Noble 30042025
400274	1	1	0	1	1	1	1	1	//Comp_VanarHelm_ROC
460028	1	1	0	1	1	1	1	1	//Comp_Sharel_Shield_ROC
480178	1	1	0	1	1	1	1	1	//Comp_Sharel_Manteau_ROC
490209	1	1	0	1	1	1	1	1	//Comp_Angel_Egg_ROC

//Loyal Customer Claim
7367	1	1	0	1	1	1	1	1	//Lotto7

//Limited Costume Ticket
7368	1	1	0	1	1	1	1	1	//로또08
7370	1	1	0	1	1	1	1	1	//Lotto10//Wish Shard
7369	1	1	0	1	1	1	1	1	//Lotto09//Enriched Ticket
7371	1	1	0	1	1	1	1	1	//Lotto11//Dream Shard

//Summer Wave Wave
104677	1	1	0	1	1	1	1	1	//SummerWave_Scroll_ROC
31728	1	0	0	0	1	1	1	1	//C_Nobility_Hat
410154	1	0	0	0	1	1	1	1	//C_Flowery_Vision_ROC
410155	1	0	0	0	1	1	1	1	//C_Twin_Margaret_ROC
31673	1	0	0	0	1	1	1	1	//C_Picnic_Basket
31498	1	0	0	0	1	1	1	1	//C_Elephangel_TH
480126	1	0	0	0	1	1	1	1	//C_Giant_Shark

// Daily Login Mei 2025
12527	1	1	0	1	1	1	1	1	//E_Adrenaline_Scroll
19852	1	1	0	1	1	1	1	1	//C_Galapago_Cap

//Dark Tartaros
20762	1	0	0	0	1	1	1	1	//C_GreatDevilWing
480240	1	0	0	0	1	1	1	1	//Mortal_Cape_ROC
490282	1	0	0	0	1	1	1	1	//Kenshi_Gauntlet_ROC
5774	1	0	0	0	1	1	1	1	//Red_Pirate_Hat
24027	1	0	0	0	1	1	1	1	//S_Immune_Armor
24026	1	0	0	0	1	1	1	1	//S_Athena_Shield
19493	1	0	0	0	1	1	1	1	//Sinister_Horn_Gear_TH
24081	1	0	0	0	1	1	1	1	//S_Malicious_Armor
24082	1	0	0	0	1	1	1	1	//S_Malicious_Shoes
24083	1	0	0	0	1	1	1	1	//S_Malicious_Shield
104722	1	1	0	1	1	1	1	1	//Dark_Tartaros_ROCID


//Dark Tartaros Guarantee
480241	1	1	0	1	1	1	1	1	//Comp_Mortal_Cape_ROC
490283	1	1	0	1	1	1	1	1	//Comp_Kenshi_Gauntlet_RO

//Melon Festival
31516	1	1	0	1	1	1	1	1	//C_Mini_Melon
31255	1	1	0	1	1	1	1	1	//C_Dalcom_Helmet
420219	1	1	0	1	1	1	1	1	//C_Come_On_Melon
25655	1	1	0	1	1	1	1	1	//Evt_May01_KR
23322	1	1	0	1	1	1	1	1	//Melon_Parfait
23320	1	1	0	1	1	1	1	1	//Melon_Juice
23321	1	1	0	1	1	1	1	1	//Sweet_Melon_Juice
23723	1	1	0	1	1	1	1	1	//Melon_Bread
11610	1	1	0	1	1	1	1	1	//Sweet_Melon
6273	1	1	1	1	0	1	1	1	//변형된씨앗 //Melon Seed 
25318	1	1	0	1	1	1	1	1	//Dalcom_Skin
6466	1	1	0	1	1	1	1	1	//Clean_Water
6247	1	1	0	1	1	1	1	1	//White_Powder
6246	1	1	0	1	1	1	1	1	//Yellow_Powder

//Spender Mei 2025
101773	1	1	0	1	1	1	1	1	//Shadow_R_Hammer_ROC

//Mei Flash Sale 2025
//Mati Efek Hilang
23221	1	1	0	1	1	1	1	1	//EF_DEX_Biscuit_Stick
23222	1	1	0	1	1	1	1	1	//EF_LUK_Biscuit_Stick
23223	1	1	0	1	1	1	1	1	//EF_STR_Biscuit_Stick
23224	1	1	0	1	1	1	1	1	//EF_VIT_Biscuit_Stick
23225	1	1	0	1	1	1	1	1	//EF_AGI_Biscuit_Stick
23226	1	1	0	1	1	1	1	1	//EF_INT_Biscuit_Stick
//Mati Efek tetap ada
14616	1	1	0	1	1	1	1	1	//STR_Biscuit_Stick
14617	1	1	0	1	1	1	1	1	//VIT_Biscuit_Stick
14618	1	1	0	1	1	1	1	1	//AGI_Biscuit_Stick
14619	1	1	0	1	1	1	1	1	//INT_Biscuit_Stick
14620	1	1	0	1	1	1	1	1	//DEX_Biscuit_Stick
14621	1	1	0	1	1	1	1	1	//LUK_Biscuit_Stick
//BOX 
17270	1	0	0	0	1	1	1	1	//STR_Biscuit_Stick_Box
17271	1	0	0	0	1	1	1	1	//VIT_Biscuit_Stick_Box
17272	1	0	0	0	1	1	1	1	//AGI_Biscuit_Stick_Box
17273	1	0	0	0	1	1	1	1	//INT_Biscuit_Stick_Box
17274	1	0	0	0	1	1	1	1	//DEX_Biscuit_Stick_Box
17275	1	0	0	0	1	1	1	1	//LUK_Biscuit_Stick_Box

//BOX Beginner Starter
101904	1	1	1	1	1	1	1	1	//1LVUP_ROC
101905	1	1	1	1	1	1	1	1	//10LVUP_ROC
101906	1	1	1	1	1	1	1	1	//30LVUP_ROC
101907	1	1	1	1	1	1	1	1	//20LVUP_ROC
101908	1	1	1	1	1	1	1	1	//40LVUP_ROC
101909	1	1	1	1	1	1	1	1	//50LVUP_ROC
101910	1	1	1	1	1	1	1	1	//60LVUP_ROC
101911	1	1	1	1	1	1	1	1	//70LVUP_ROC
101915	1	1	1	1	1	1	1	1	//80LVUP_ROC
101916	1	1	1	1	1	1	1	1	//90LVUP_ROC
101917	1	1	1	1	1	1	1	1	//99LVUP_ROC

//Character Bound Pasti
11567	1	1	1	1	0	1	1	1	//Novice_Potion_B
12323	1	1	1	1	1	1	1	1	//초보자존, N_Fly_Wing
12324	1	1	1	1	1	1	1	1	//초보자존, N_Butterfly_Wing
12622	1	1	1	1	1	1	1	1	//Boarding_Halter
5732	1	1	1	1	1	1	1	1	//E_Elven_Ears_C
12325	1	1	1	1	1	1	1	1	//초보자존, N_Magnifier
2686	1	1	1	1	1	1	1	1	//Elven_Ears_C


//Equip Starter
16493	1	1	1	1	1	1	1	1	//E_Elven_Ears_Box
9991	1	1	1	1	1	1	1	1	//Boarding_Halter_Box_7d
450254	1	1	1	1	0	1	1	1	//Suits10_ROC
450255	1	1	1	1	0	1	1	1	//Suits20_ROC
450256	1	1	1	1	0	1	1	1	//Suits30_ROC
470184	1	1	1	1	0	1	1	1	//Shoes10_ROC
470185	1	1	1	1	0	1	1	1	//Shoes20_ROC
470186	1	1	1	1	0	1	1	1	//Shoes30_ROC
480259	1	1	1	1	0	1	1	1	//Muffler10_ROC
480260	1	1	1	1	0	1	1	1	//Muffler20_ROC
480261	1	1	1	1	0	1	1	1	//Muffler30_ROC
480262	1	1	1	1	1	1	1	1	//Comp_Golden_Wings_ROC
14887	1	1	0	1	1	1	1	1	//EF_UltimateCook

//Lilac Flame Scroll
104757	1	1	0	1	1	1	1	1	//Lilac_Flame_ROCID
20219	1	0	0	0	1	1	1	1	//C_Angel_Marcher_Hat
490295	1	0	0	0	1	1	1	1	//Armaia_Belt_ROC

//Lilac Flame Guarantee
490296	1	1	0	1	1	1	1	1	//Comp_Armaia_Belt_ROC
400364	1	1	0	1	1	1	1	1	//Comp_WKTiger_Hat_ROC

//LEVEL RACE 27052025
19657	1	1	0	1	1	1	1	1	//C_Captain_Hat

//Golden Emperium Season 2
6456	1	1	0	1	1	1	1	1	//Guarantee_Weapon_5Up
6457	1	1	0	1	1	1	1	1	//Guarantee_Armor_5Up
400281	1	1	0	1	1	1	1	1	//GWar2022s1_1st_ROC

//Enchant Stone Box 3
14695	1	0	0	0	1	1	1	1	//Enchant_Stone_Box3

//Autumn Marigold

20483	1	0	0	0	1	1	1	1	//C_Butterfly_Barrettes

20262	1	0	0	0	1	1	1	1	//C_Fox_Ears_Bell_Ribbonf
20154	1	0	0	0	1	1	1	1	//C_Maple_Which_Falls 
480222	1	0	0	0	1	1	1	1	//C_J_Umbrella

//Autumn Marigold Revisi 1
31973	1	0	0	0	1	1	1	1	//C_Blossom_Glasses
20431	1	0	0	0	1	1	1	1	//C_Maggi_Head_Dress 
104808	1	1	0	1	1	1	1	1	//AutumnMarigold_Scroll_R
19696	1	0	0	0	1	1	1	1	//C_Friend_Mochiring_Hat
31509	1	0	0	0	1	1	1	0	//C_Fawn_Ear
31055	1	0	0	0	1	1	1	1	//C_Poring_Soap_Pipe
20586	1	0	0	0	1	1	1	1	//C_Loli_Ruri_Moon


//Daily Login Juni 2025 ROCID
31794	1	1	0	1	1	1	1	1	//C_Puppy_Ears_Hat_Jp

//Event Suspicious Researcher EVENT
7375	1	1	1	1	1	1	1	1	//Lotto15
19727	1	1	0	1	1	1	1	1	//C_Deviling_Hat
20264	1	1	0	1	1	1	1	1	//C_Blood_Sucker
24111	1	1	0	1	1	1	1	1	//S_Spell_Flow_Shoes
24112	1	1	0	1	1	1	1	1	//S_Spell_Flow_Armor
24113	1	1	0	1	1	1	1	1	//S_Spell_Flow_Shield

//Returnee Event ROCID
9884	1	1	0	1	1	1	1	1	//Special_Thank_Box

//C_Coppola
19660	1	1	0	1	1	1	1	1	//C_Coppola

//Guardian Relic 12062025
31625	1	0	0	0	1	1	1	1	//C_Protect_Cloth
490267	1	0	0	0	1	1	1	1	//Shadow_Ring_ROC
410203	1	0	0	0	1	1	1	1	//Third_Eyes_ROC
2168	1	0	0	0	1	1	1	1	//Immuned_Shield
18572	1	0	0	0	1	1	1	1	//Korean_Judge_Hat
24153	1	0	0	0	1	1	1	1	//S_Solid_Earring
24152	1	0	0	0	1	1	1	1	//S_Solid_Weapon
24091	1	0	0	0	1	1	1	1	//S_Plasterer's_Armor
24092	1	0	0	0	1	1	1	1	//S_Plasterer's_Shoes
14841	1	0	0	0	1	1	1	1	//DF_Songpyun
104819	1	1	0	1	1	1	1	1	//Guardian_Relic_ROCID

//Guarantee Guardian Relic 12062025
490268	1	1	0	1	1	1	1	1	//Comp_Shadow_Ring_ROC
410204	1	1	0	1	1	1	1	1	//Comp_Third_Eyes_ROC

// CM EVENT 13062025
11548	1	1	1	1	1	1	1	1	//Woe_White_Potion
11549	1	1	1	1	1	1	1	1	//Woe_Blue_Potion

//Event CM HnS
20273	1	1	0	1	1	1	1	1	//C_Soft_Sheep_Hat

//WOE Coin Season 2
400330	1	0	0	0	1	1	1	1	//Woe_Grand_ROC
400329	1	0	0	0	1	1	1	1	//Woe_Crown_ROC

//Event Kublin
5917	1	0	0	0	1	1	1	1	//Yellow_Scarf
5277	1	0	0	0	1	1	1	1	//캐쉬아이템 Yellow_Bandana
19794	1	0	0	0	1	1	1	1	//C_Goblin_Mask_03

//Shining Angel Scroll 25062025

20010	1	0	0	0	1	1	1	1	//C_Rainbow_Wing_Ears
400344	1	0	0	0	1	1	1	1	//Angel_Of_Happiness_ROC
480226	1	0	0	0	1	1	1	1	//Wing_Of_Happiness_ROC
5801	1	0	0	0	1	1	1	1	//Ribbon_Of_Bride
5403	1	0	0	0	1	1	1	1	//Fish_In_Mouth
104867	1	1	0	1	1	1	1	1	//Shining_Angel_ROCID


//Shining  Angel Scroll 25062025 Guarantee
400345	1	1	0	1	1	1	1	1	//Comp_AngelHappiness_ROC
400346	1	1	0	1	1	1	1	1	//Comp_Angeling_WHat_ROC
480227	1	1	0	1	1	1	1	1	//Comp_Wing_Happiness_ROC

//OGH Temporal 
470158	1	0	0	0	1	1	1	1	//Temporal_Dex_Boots_ROC
470159	1	0	0	0	1	1	1	1	//Temporal_STR_Boots_ROC
470160	1	0	0	0	1	1	1	1	//Temporal_Int_Boots_ROC
470161	1	0	0	0	1	1	1	1	//Temporal_Agi_Boots_ROC
470162	1	0	0	0	1	1	1	1	//Temporal_Vit_Boots_ROC
470163	1	0	0	0	1	1	1	1	//Temporal_Luk_Boots_ROC
470164	1	0	0	0	1	1	1	1	//Temporal_Agi_Boots_ROC_
470165	1	0	0	0	1	1	1	1	//Temporal_Vit_Boots_ROC_
470166	1	0	0	0	1	1	1	1	//Temporal_Dex_Boots_ROC_
470167	1	0	0	0	1	1	1	1	//Temporal_STR_Boots_ROC_
470168	1	0	0	0	1	1	1	1	//Temporal_Int_Boots_ROC_
470169	1	0	0	0	1	1	1	1	//Temporal_Luk_Boots_ROC_
470170	1	0	0	0	1	1	1	1	//Temporal_Boots_ROC

//Kafra Adventure Pass Season 2
24280	1	1	0	1	1	1	1	1	//S_Bard_Armor
24267	1	1	0	1	1	1	1	1	//S_Bard_Shoes
24281	1	1	0	1	1	1	1	1	//S_Dancer_Armor
24268	1	1	0	1	1	1	1	1	//S_Dancer_Shoes
24272	1	1	0	1	1	1	1	1	//S_Alchemist_Armor
24259	1	1	0	1	1	1	1	1	//S_Alchemist_Shoes
24270	1	1	0	1	1	1	1	1	//S_Crusader_Armor
24257	1	1	0	1	1	1	1	1	//S_Crusader_Shoes
24276	1	1	0	1	1	1	1	1	//S_Rogue_Armor
24263	1	1	0	1	1	1	1	1	//S_Rogue_Shoes

24246	1	1	0	1	1	1	1	1	//S_Swordman_earring
24250	1	1	0	1	1	1	1	1	//S_Swordman_Pendant
28391	1	1	0	1	1	1	1	1	//S_Thief_earring
24253	1	1	0	1	1	1	1	1	//S_Thief_Pendant
24249	1	1	0	1	1	1	1	1	//S_Magician_earring
24254	1	1	0	1	1	1	1	1	//S_Magician_Pendant
24247	1	1	0	1	1	1	1	1	//S_Merchant_earring
24251	1	1	0	1	1	1	1	1	//S_Merchant_Pendant
24248	1	1	0	1	1	1	1	1	//S_Acolyte_earring
24252	1	1	0	1	1	1	1	1	//S_Acolyte_Pendant
28392	1	1	0	1	1	1	1	1	//S_Archer_earring
24255	1	1	0	1	1	1	1	1	//S_Archer_Pendant
20448	1	1	0	1	1	1	1	1	//C_Cons_Of_Water
18522	1	1	0	1	1	1	1	1	//Evil_Marcher_Hat
20196	1	1	0	1	1	1	1	1	//C_Leopard_Ear_Hat
7956	1	1	1	1	0	1	1	1	//Lost_Card2 // Kafra Corp Package

//Daily Login Juli 2025 , King PORING EVENT
6480	1	1	0	1	1	1	1	1	//Event_Coin
6309	1	1	0	1	1	1	1	1	//E_Max_Weight_Up_Scroll
102402	1	1	0	1	1	1	1	1	//Bigmom_Scroll_ROC
23947	1	1	0	1	1	1	1	1	//Luxurious_Dinner_
22658	1	0	0	0	1	1	1	1	//BraisedShortRibs
22659	1	0	0	0	1	1	1	1	//BraisedSpareribs
12122	1	0	0	0	1	1	1	1	//Sesame_Pastry
12123	1	0	0	0	1	1	1	1	//Honey_Pastry
12124	1	0	0	0	1	1	1	1	//Rainbow_Cake

//BIGMOM Scroll Juli Daily Login
5283	1	0	0	0	1	1	1	1	//Chick_Hat
400468	1	0	0	0	1	1	1	1	//MomChicken_Hat_ROC
19095	1	0	0	0	1	1	1	1	//Happy_Balloon_K
19588	1	0	0	0	1	1	1	1	//C_Cat_Hat_J

//Ancient Origin Costume
31464	1	0	0	0	1	1	1	1	//C_Mike_Hat
20014	1	0	0	0	1	1	1	1	//Lincoln_Hat
20015	1	0	0	0	1	1	1	1	//Lincoln_Beard
31924	1	0	0	0	1	1	1	1	//C_Blinking_Eyes_BU
18740	1	0	0	0	1	1	1	1	//C_Hair_Of_The_Strong
480123	1	0	0	0	1	1	1	1	//C_Nydhog_Rumor
104890	1	1	0	1	1	1	1	1	//AO_Scroll_ROC

//Black Fur Tail Scroll
5305	1	0	0	0	1	1	1	1	//Pirate_Dagger
20269	1	0	0	0	1	1	1	1	//C_White_Fox_Ear_Ribbon
490230	1	0	0	0	1	1	1	1	//Fidelity_Necklace_ROC
480193	1	0	0	0	1	1	1	1	//Enforcer_Cape_ROC
480194	1	0	0	0	1	1	1	1	//AmistrBag_Heal_ROC
18756	1	0	0	0	1	1	1	1	//Black_Shiba_Inu_Hat
24093	1	0	0	0	1	1	1	1	//S_Insomniac_Armor
24094	1	0	0	0	1	1	1	1	//S_Insomniac_Shoes
104907	1	1	0	1	1	1	1	1	//Black_FurTail_ROCID


//Black fur tail Guarantee Item 
400306	1	1	0	1	1	1	1	1	//Comp_B_ShibaInu_Hat_ROC
480195	1	1	0	1	1	1	1	1	//Comp_Enforcer_Cape_ROC
480196	1	1	0	1	1	1	1	1	//Comp_AmistrBag_Heal_ROC
490228	1	1	0	1	1	1	1	1	//Comp_Fidel_Necklace_ROC

//Event CM
19820 	1	1	0	1	1	1	1	1	//C_Bone_Hat

RCC 2025 Scroll 
400102	1	0	0	0	1	1	1	1	//C_RCC2022_Hat_ROC
480309	1	0	0	0	1	1	1	1	//Bravery_Bag_ROC
18509	1	0	0	0	1	1	1	1	//RWC2010_Indonesia
490444	1	0	0	0	1	1	1	1	//RCC2023_RING_ROC
490447	1	0	0	0	1	1	1	1	//RCC2023_Armlet_ROC
5137	1	0	0	0	1	1	1	1	//Alice_Doll
24240	1	0	0	0	1	1	1	1	//S_Caster_Shoes
24241	1	0	0	0	1	1	1	1	//S_Caster_Shield
24242	1	0	0	0	1	1	1	1	//S_Caster_Armor
104920	1	1	0	1	1	1	1	1	//RCC_2025_Scroll_ID
14875	1	0	0	0	1	1	1	1	//DF_Med_Life_Potion

RCC 2025 Scroll Guarantee Item 
490445	1	1	0	1	1	1	1	1	//Comp_RCC2023_RING_ROC
490448	1	1	0	1	1	1	1	1	//Comp_RCC2023_Armlet_ROC
400275	1	1	0	1	1	1	1	1	//Comp_Skull_Cap_ROC
400317	1	1	0	1	1	1	1	1	//Comp_NY_Hairpin_ROC

//Poring Balloon Scroll
102312	1	1	0	1	1	1	1	1	//Poring_Balloon_Box_ROC
18844	1	0	0	0	1	1	1	1	//Blue_Poring_Bubble
420217	1	0	0	0	1	1	1	1	//ArchAngeling_B_ROC
19152	1	0	0	0	1	1	1	1	//Angeling_Balloon
19153	1	0	0	0	1	1	1	1	//Ghostring_Balloon
19150	1	0	0	0	1	1	1	1	//Metaling_Balloon
19151	1	0	0	0	1	1	1	1	//Deviling_Balloon
19148	1	0	0	0	1	1	1	1	//SantaPoring_Balloon

//Kublin 
14908	1	1	0	1	1	1	1	1	//Korea_Rice_Cake_B


RCC Valkyrie Costume Scroll 
19675	1	0	0	0	1	1	1	1	//C_Jumping_Poring
5909	1	0	0	0	1	1	1	1	//C_Valkyrie_Circlet
31062	1	0	0	0	1	1	1	1	//C_Eleanor_Wig
31257	1	0	0	0	1	1	1	1	//C_Clay_Poring_Jar
420104	1	0	0	0	1	1	1	1	//C_SR_Hair_SV
20571	1	0	0	0	1	1	1	1	//C_Valkyrie_Wing
480069	1	0	0	0	1	1	1	1	//C_Wing_Of_Angel_Move
104921	1	1	0	1	1	1	1	1	//RCC_Valkyrie_Scroll_ROC
7376	1	1	0	1	1	1	1	1	//Lotto16

//SALAH PACKAGE HARUS DI CEK


Enchant Stone Box 8
23001	1	0	0	0	1	1	1	1	//Enchant_Stone_Box8

//Falcon Edge Scroll
105048	1	1	0	1	1	1	1	1	//Falcon_Edge_ROCID
19537	1	0	0	0	1	1	1	1	//C_Gryphon_Hat
490323	1	0	0	0	1	1	1	1	//Falconer_Claw_ROC
490325	1	0	0	0	1	1	1	1	//Falconer_Glove_ROC
410249	1	0	0	0	1	1	1	1	//Odin_Mask_ROC
24029	1	0	0	0	1	1	1	1	//S_Ancient_Armor
24031	1	0	0	0	1	1	1	1	//S_Kingbird_Weapon

//Falcon Edge Scroll Guarantee Item 
490324	1	1	0	1	1	1	1	1	//Comp_Falconer_Claw_ROC
490326	1	1	0	1	1	1	1	1	//Comp_Falconer_Glove_ROC
410250	1	1	0	1	1	1	1	1	//Comp_Odin_Mask_ROC


//ROCxGunbound
19753	1	1	0	1	1	1	1	1	//C_Celestial_Hat



//Feline Charm Costume Scroll
19739	1	0	0	0	1	1	1	1	//C_Sleeping_Kitty_Cat
31836	1	0	0	0	1	1	1	1	//C_Aviator_Hat
31161	1	0	0	0	1	1	1	1	//C_Tiger_Mask
20195	1	0	0	0	1	1	1	1	//C_Scratching_Cat
19808	1	0	0	0	1	1	1	1	//C_Blazing_Sun
20598	1	0	0	0	1	1	1	1	//C_GiantCatBag_JP_BL
105061	1	1	0	1	1	1	1	1	//Feline _Charm_ROC

//RCC Ticket
7979	1	1	1	1	1	1	1	1	//Spring_Stanza2

//Event Mining
19985	1	1	0	1	1	1	1	1	//C_Aura_Quartz_Crown
7377	1	1	0	1	1	1	1	1	//Lotto17

//Heroes of Freedom Scroll 07082025
31620	1	0	0	0	1	1	1	1	//C_Snow_Fox_TW
5464	1	0	0	0	1	1	1	1	//Zaha_Doll_Hat
420248	1	0	0	0	1	1	1	1	//ThirdEyeGod_ROC
400322	1	0	0	0	1	1	1	1	//Khalitzburg_ROC
105111	1	1	0	1	1	1	1	1	//Heroes_of_Freedom_ROC
24072	1	0	0	0	1	1	1	1	//S_Big_Armor
24075	1	0	0	0	1	1	1	1	//S_Big_Weapon


//Heroes of Freedom Scroll Guarantee
420249	1	1	0	1	1	1	1	1	//Comp_ThirdEyeGod_ROC
400288	1	1	0	1	1	1	1	1	//Comp_Zaha_Doll_Hat_ROC
400323	1	1	0	1	1	1	1	1	//Comp_Khalitzburg_ROC

//C Marcher Hat
19653	1	1	0	1	1	1	1	1	//C_Marcher_Hat

//GOC Raging Blaze Scroll 14082025
105138	1	1	0	1	1	1	1	1	//GOC_Raging_Blaze_ROC
450269	1	0	0	0	1	1	1	1	//Kafra_Suit_ROC
400413	1	0	0	0	1	1	1	1	//Kafra_Employee_Band_ROC
19988	1	0	0	0	1	1	1	1	//C_Elder_Crown
20593	1	0	0	0	1	1	1	1	//C_Ice_Wing
19826	1	0	0	0	1	1	1	1	//C_Ice_Wing_Ear
24110	1	0	0	0	1	1	1	1	//S_Caster_Weapon
24109	1	0	0	0	1	1	1	1	//S_Caster_earring
24048	1	0	0	0	1	1	1	1	//S_Caster_Pendant
101513	1	1	0	1	1	1	1	1	//DF_STR_Biscuit_Stick
101337	1	1	0	1	1	1	1	1	//DF_VIT_Biscuit_Stick
102121	1	1	0	1	1	1	1	1	//DF_AGI_Biscuit_Stick
101514	1	1	0	1	1	1	1	1	//DF_INT_Biscuit_Stick
101336	1	1	0	1	1	1	1	1	//DF_DEX_Biscuit_Stick
102120	1	1	0	1	1	1	1	1	//DF_LUK_Biscuit_Stick

//Event Kemerdekaan 2025
7980	1	1	1	1	1	1	1	1	//Spring_Stanza3
7981	1	1	0	1	1	1	1	1	//Spring_Stanza4
19923	1	1	0	1	1	1	1	1	//C_Dark_Age

//Rainfall Mysteria Scroll 21082025
105193	1	1	0	1	1	1	1	1	//Rainfall_Mysteria_ROC
5564	1	0	0	0	1	1	1	1	//Crown_Of_Deceit
490537	1	0	0	0	1	1	1	1	//Bomber_Glove_ROC
19521	1	0	0	0	1	1	1	1	//Charlie_Hat
24073	1	0	0	0	1	1	1	1	//S_Medium_Armor
24076	1	0	0	0	1	1	1	1	//S_Medium_Weapon

//Rainfall Mysteria Scroll Guarantee 21082025
430009	1	1	0	1	1	1	1	1	//Comp_Crown_Of_Deceit
490538	1	1	0	1	1	1	1	1	//Comp_Bomber_Glove_ROC

19517	1	1	0	1	1	1	1	1	//Cocks_Comb

//RCC Reward
20746	1	1	0	1	1	1	1	1	//C_Rudra_Wing
19817	1	1	0	1	1	1	1	1	//C_Ifrits_Breath
19599	1	1	0	1	1	1	1	1	//C_Imp_Hat

7982	1	1	0	1	1	1	1	1	//Spring_Stanza5

//Fabulous Star Costume Scroll
105310	1	1	0	1	1	1	1	1	//Fabulous_Star_Cos_ROC
20278	1	0	0	0	1	1	1	1	//C_Man_Medal
19609	1	0	0	0	1	1	1	1	//C_Red_Glasses
20306	1	0	0	0	1	1	1	1	//C_Artist_Hat
20077	1	0	0	0	1	1	1	1	//C_Wing_Form_Spectacle
20487	1	0	0	0	1	1	1	1	//C_Floral_Waltz
480122	1	0	0	0	1	1	1	1	//C_Samba_Carnival

6240	1	1	0	1	1	1	1	1	//HD_Oridecon
6241	1	1	0	1	1	1	1	1	//HD_Elunium

//Mystic Radiance Scroll
490528	1	0	0	0	1	1	1	1	//Lord_of_Elemental_ROC
490378	1	0	0	0	1	1	1	1	//Maebia_Book_ROC
31674	1	0	0	0	1	1	1	1	//C_Jitterbug_Cap
105405	1	1	0	1	1	1	1	1	//Mystic_Radiance_SCR_ROC

//Mystic Radiance Scroll Guarantee
490529	1	1	0	1	1	1	1	1	//Comp_Lord_Elemental_ROC
490379	1	1	0	1	1	1	1	1	//Comp_Maebia_Book_ROC

//RCC Reward
19710	1	1	0	1	1	1	1	1	//C_Wings_Of_Victory

//Payon Market
12580	1	1	0	1	1	1	1	1	//Vending_Search_Scroll
23368	1	1	0	1	1	1	1	1	//Store_Search1
17999	1	1	0	1	1	1	1	1	//Inventory_Ex_Box
25793	1	1	1	1	1	1	1	1	//Inventory_Ex

//Sacred Chronicle Scroll
105470	1	1	0	1	1	1	1	1	//Sacred_Chronicle_Scroll
20153	1	0	0	0	1	1	1	1	//C_Monochrome_Cap
420375	1	0	0	0	1	1	1	1	//Clover_Card_Defense_ROC
420373	1	0	0	0	1	1	1	1	//Heart_Card_Melee_ROC
24104	1	0	0	0	1	1	1	1	//S_Neutral_Weapon
24105	1	0	0	0	1	1	1	1	//S_Neutral_Earring
24106	1	0	0	0	1	1	1	1	//S_Neutral_Pendent


//Popcorn Festival
7984	1	1	0	1	0	1	1	1	//Spring_Stanza7
7985	1	1	0	1	0	1	1	1	//Spring_Stanza8
7986	1	1	0	1	0	1	1	1	//Spring_Stanza9
25393	1	1	0	1	0	1	1	1	//Delicious_Corn
19954	1	1	0	1	0	1	1	1	//C_3D_Glasses
11573	1	1	0	1	1	1	1	1	//White_Slim_Potion_B
5413	1	1	0	1	0	1	1	1	//Popcorn_Hat
31263	1	1	0	1	0	1	1	1	//C_Disposable_Popcorn
31518	1	1	0	1	0	1	1	1	//C_Pop_Popcorn_Hat
25342	1	1	0	1	0	1	1	1	//Healthful_Herb

//Phantom Melody Costume Scroll
105524	1	1	0	1	1	1	1	1	//Phantom_Melody_ROC
400301	1	0	0	0	1	1	1	1	//C_Pretty_Bear_ROC
31451	1	0	0	0	1	1	1	1	//C_Blue_Frill_Ribbon
20175	1	0	0	0	1	1	1	1	//C_Diabolic_Headphone
410283	1	0	0	0	1	1	1	1	//C_Wing_Headphone_ROC
20440	1	0	0	0	1	1	1	1	//C_Tone_Of_Gold
480168	1	0	0	0	1	1	1	1	//C_Melody_Wing

//Arcane Binding Scroll
105556	1	1	0	1	1	1	1	1	//Arcane_Binding_ROC
420374	1	0	0	0	1	1	1	1	//Heart_Card_Range_ROC
15350	1	0	0	0	1	1	1	1	//Elephangel_TH
5325	1	0	0	0	1	1	1	1	//Robo_Eye

//Guarantee Arcane Binding scroll
410227	1	1	0	1	1	1	1	1	//Comp_Robo_Eye_ROC

//GOC Spend Bonus
17474	1	1	0	1	1	1	1	1	//C_Wing_Of_Fly_5Day_Box
7987	1	1	0	1	1	1	1	1	//Spring_Stanza10

//Halloween Event
101141	1	1	0	1	1	1	1	1	//Halloween_Scroll_ROC
11593	1	0	0	0	1	1	1	1	//Trance_Candy_B
11595	1	0	0	0	1	1	1	1	//Trance_Candy_G
11592	1	0	0	0	1	1	1	1	//Trance_Candy_R
11594	1	0	0	0	1	1	1	1	//Trance_Candy_Y
7989	1	1	0	1	1	1	1	1	//Spring_Stanza12
12192	1	1	0	1	1	1	1	1	//Pumpkin_Pie
11550	1	1	0	1	1	1	1	1	//Pumpkin_Cake
14233	1	1	0	1	1	1	1	1	//Dead_Tree_Branch_Box1
18656	1	1	0	1	1	1	1	1	//Wit_Pumpkin_Hat

//WOE Coin
400299	1	0	0	0	1	1	1	1	//Woe_Tiara_ROC
400353	1	0	0	0	1	1	1	1	//WOE_Spiky_ROC

//Kafra Pass S3
19986	1	1	0	1	1	1	1	1	//C_Lunatic_Hat
5745	1	1	0	1	1	1	1	1	//Capricon_Diadem
31803	1	1	0	1	1	1	1	1	//C_Cons_Of_Wind
31737	1	1	0	1	1	1	1	1	//C_Wings_Of_Lucifer

//Vermilion Seal Scroll
105585	1	1	0	1	1	1	1	1	//Vermilion_Seal_ROC
19097	1	0	0	0	1	1	1	1	//Ribbon_Piamat_K
19098	1	0	0	0	1	1	1	1	//Piamette_Hood
19829	1	0	0	0	1	1	1	1	//C_Straw_Hat
28502	1	0	0	0	1	1	1	1	//Mob_Scarf

//Guarantee Vermilion Seal Scroll
420308	1	1	0	1	1	1	1	1	//Comp_Mob_Scarf

//SN Level Race
19614	1	1	0	1	1	1	1	1	//C_Super_Novice_Hat

//Eden Group
22508	1	1	1	1	1	1	1	1	//Para_Team_Mark_
25223	1	1	1	1	1	1	1	1	//Para_Team_Coin

//PVP Frenzy
19549	1	1	0	1	0	1	1	1	//C_Magestic_Goat
20462	1	1	0	1	0	1	1	1	//C_Cat_Ears_Cape
20514	1	1	0	1	0	1	1	1	//C_Thanatos_Sword
7773	1	1	1	1	1	1	1	1	//War_Badge
18917	1	1	0	1	0	1	1	1	//LoveLove_Balloon
7991	1	1	1	1	1	1	1	1	//PVP Coin


7990	1	1	1	1	1	1	1	1	//Disguise Egg
12358	0	0	0	0	0	0	0	0	//Fan_Of_Wind

20461	1	1	0	1	1	1	1	1	//C_93_BloodyWing

//Midnight Howl Costume Scroll
105735	1	1	0	1	1	1	1	1	//Midnight_Howl_ROC
20130	1	0	0	0	1	1	1	1	//C_Whisper_Tall_Hat
19543	1	0	0	0	1	1	1	1	//Oliver_Wolf_Hood
20168	1	0	0	0	1	1	1	1	//C_Skull_Jhood 
20172	1	0	0	0	1	1	1	1	//C_Pumpkin_Head
31120	1	0	0	0	1	1	1	1	//C_Vampire_Familiar
20588	1	0	0	0	1	1	1	1	//C_Nifl_Bloom
20798	1	0	0	0	1	1	1	1	//GrimReaper_Protection 

7992	1	1	0	1	1	1	1	1	//Spring_Stanza15

//Divine Barrier Scroll
105786	1	1	0	1	1	1	1	1	//Divine_Barrier_ROC
2593	1	0	0	0	1	1	1	1	//Flow_Manteau
2163	1	0	0	0	1	1	1	1	//Flow_Shield
2876	1	0	0	0	1	1	1	1	//Necklace_Spica
19250	1	0	0	0	1	1	1	1	//White_Clay_Filler
19655	1	0	0	0	1	1	1	1	//C_Tiraya_Bonnet
24188	1	0	0	0	1	1	1	1	//S_Saharic_Armor
24200	1	0	0	0	1	1	1	1	//S_Saharic_Shield


//Guarantee Divine Barrier Scroll
410153	1	1	0	1	1	1	1	1	//Comp_WClayFiller_ROC
490212	1	1	0	1	1	1	1	1	//Comp_Necklace_Spica_ROC


//Dimensional Scroll
7993	1	1	1	1	1	1	1	1	//Spring_Stanza16

//Beast Eye Scroll
105798	1	1	0	1	1	1	1	1	//Beast_Eye_GGL
19813	1	0	0	0	1	1	1	1	//C_Icecream_Hat
24244	1	0	0	0	1	1	1	1	//S_Reload_Shield
24243	1	0	0	0	1	1	1	1	//S_Reload_Shoes
24245	1	0	0	0	1	1	1	1	//S_Reload_Armor
24343	1	0	0	0	1	1	1	1	//S_Blitz_Weapon
24344	1	0	0	0	1	1	1	1	//S_Blitz_Armor

20041	1	1	0	1	1	1	1	1	//C_Earth_Goddess_Flower

//Royal Guardian Costume Scroll
105799	1	1	0	1	1	1	1	1	//RoyalGuardian_ROC_ID
400343	1	0	0	0	1	1	1	1	//C_Fox_Bamboo_Hat
31314	1	0	0	0	1	1	1	1	//C_Ghost_Holiday
31470	1	0	0	0	1	1	1	1	//C_Tengu_Scroll
20069	1	0	0	0	1	1	1	1	//C_Gryphon_Hairband
420069	1	0	0	0	1	1	1	1	//C_Lord_of_Royals
480223	1	0	0	0	1	1	1	1	//C_Muranyasa


//Lightbringer Oath Scroll
105887	1	1	0	1	1	1	1	1	//Lightbringer_ID_ROC
19659	1	0	0	0	1	1	1	1	//C_Gray_Fur_Hat
24171	1	0	0	0	1	1	1	1	//S_M_Exorcist_Weapon
24168	1	0	0	0	1	1	1	1	//S_Tempest_Earring
24169	1	0	0	0	1	1	1	1	//S_Tempest_Pendent

//1st Anniversary Bundle
105889	1	1	0	1	1	1	1	1	//Bundle_Black_Furtail
105890	1	1	0	1	1	1	1	1	//Bundle_Guardian_Relic
105891	1	1	0	1	1	1	1	1	//Bundle_Angel_Scroll
105892	1	1	0	1	1	1	1	1	//Bundle_Fairy_ROC

//Aniversary Carnival Scroll
105902	1	1	0	1	1	1	1	1	//1stAniv_ROCID_Scroll
7786	1	1	0	1	1	1	1	1	//Fawner_Coupon3
480264	1	0	0	0	1	1	1	1	//C_Harmony_Wing_ROC
490308	1	0	0	0	1	1	1	1	//Golden_Ring_1stAniv_ROC
5497	1	0	0	0	1	1	1	1	//King_Tiger_Doll_Hat
490236	1	0	0	0	1	1	1	1	//Double_Badge_ROC
7782	1	1	0	1	1	1	1	1	//Anniversary Gold Key
7783	1	1	0	1	1	1	1	1	//Anniversary Silver Key

//HTF
7642	1	1	0	1	1	1	1	1	//Bloody_Coin
2154	1	1	0	1	1	1	1	1	//Toy_Shield

//PVP Midgard Arena
12674	1	1	0	1	1	1	1	1	//God_Material_Box
17059	1	1	0	1	1	1	1	1	//Acolyte_Card_Album
31569	1	1	0	1	1	1	1	1	//C_OpenAir_Headset
31821	1	1	0	1	1	1	1	1	//C_Jeje_Cap
7995	1	1	0	1	1	1	1	1	//Spring_Stanza18

//Kafa Pass Adventure S4
19874	1	1	0	1	1	1	1	1	//C_Carnival_Circlet
5431	1	1	0	1	1	1	1	1	//Chicken_Hat
31885	1	1	0	1	1	1	1	1	//Cons_Of_Earth


//Spark Carnival Reward
7996	1	1	1	1	1	1	1	1	//Spark Carnival Token
20453	1	1	1	1	1	1	1	1	//Costume Wrapping Cloth
20577	1	1	0	1	1	1	1	1	//C_Balloon_Wing
31500	1	1	0	1	1	1	1	1	//C_Sparkler_Stick_T
19665	1	1	0	1	1	1	1	1	//C_Poring_Cake_Cap

20184	1	0	0	0	1	1	1	1	//C_Party_Hat
20594	1	0	0	0	1	1	1	1	//C_Big_Ribbon_Cloak

//Poring Adventure
400371	1	1	0	1	1	1	1	1	//1stAniv_Hat_ROC
6487	1	1	0	1	1	1	1	1	//BlueCard_1

7997	1	1	0	1	1	1	1	1	//Giftcase Coin

20625	1	1	0	1	1	1	1	1	//C_ROS2023_Cape_1
20626	1	1	0	1	1	1	1	1	//C_ROS2023_Cape_2
31501	1	1	0	1	1	1	1	1	//C_Sparkler_Fountain_TH

//Snowflake Memory Costume Scroll
106122	1	1	0	1	1	1	1	1	//ID_SnowFlake_Scroll
19955	1	0	0	0	1	1	1	1	//C_Mini_Tree_J
19697	1	0	0	0	1	1	1	1	//C_Rudolph_Santa_Hat
31200	1	0	0	0	1	1	1	1	//C_Wrapping_Ribbon
20242	1	0	0	0	1	1	1	1	//C_Snownow_Hat
20240	1	0	0	0	1	1	1	1	//C_Gift_Of_Snow
20592	1	0	0	0	1	1	1	1	//C_Santa_Backpack
480097	1	0	0	0	1	1	1	1	//C_Snow_Powder

//Christmas Emergency
7978	1	1	0	1	1	1	1	1	//Christmas Eve Box
102785	1	1	0	1	1	1	1	1	//Christmas_Box_ROC
18553	1	1	0	1	1	1	1	1	//Mini_Tree
31132	1	1	0	1	1	1	1	1	//C_Christmas_Wreath
19686	1	1	0	1	1	1	1	1	//C_SantaHairband
19707	1	1	0	1	1	1	1	1	//C_Polar_Bear_Cap
20222	1	1	0	1	1	1	1	1	//C_Santa_Hat_2
20545	1	1	0	1	1	1	1	1	//C_Chrismas_Tree

//Community EVENT
20575	1	1	0	1	1	1	1	1	//C_School_Bag_BL
400363	1	1	0	1	1	1	1	1	//C_Book_of_Soyga_ROC
420044	1	1	0	1	1	1	1	1	//C_Sailor_Collar_WH

//Abyssal Shade Scroll 08012026
106199	1	1	0	1	1	1	1	1	//Abyssal_ROCID
420188	1	0	0	0	1	1	1	1	//Black_Scarf_ROC
420189	1	1	0	1	1	1	1	1	//Comp_Black_Scarf_ROC
430006	1	0	0	0	1	1	1	1	//Wanderers_Sakkat_ROC
430007	1	1	0	1	1	1	1	1	//Comp_WandererSakkat_ROC
19789	1	0	0	0	1	1	1	1	//C_Sweet_Gents

//Elegance Bossom Costume Scroll
106203	1	1	0	1	1	1	1	1	//2601_January_Costume
19806	1	0	0	0	1	1	1	1	//C_Full_Bloom_Hairpin
20284	1	0	0	0	1	1	1	1	//C_Cherry_Blossom_Hat
20047	1	0	0	0	1	1	1	1	//C_Pray_Cherry_Blossom
20043	1	0	0	0	1	1	1	1	//C_Red_Cherry_Blossom
20285	1	0	0	0	1	1	1	1	//C_Blossom_Fluttering
480176	1	0	0	0	1	1	1	1	//C_Blue_Rose_Garden

//Fishing Mania
7788	1	1	0	1	1	1	1	1	//Sepatu Usang
7790	1	1	1	1	1	1	1	1	//Normal Fishing Rod
7791	1	1	1	1	1	1	1	1	//Intermediate Fishing Rod
1001354	1	1	1	1	1	1	1	1	//IdleFish_Rod_ROC

//Spiritual Enlightment Scroll
106305	1	1	0	1	1	1	1	1	//IDROC_Enlightenment_S
19243	1	0	0	0	1	1	1	1	//Blue_Rear_Ribbon
20844	1	0	0	0	1	1	1	1	//Bag_Of_Antonio_Magic
19525	1	0	0	0	1	1	1	1	//C_Jack_A_Dandy
24080	1	0	0	0	1	1	1	1	//S_Spiritual_Pendent
24079	1	0	0	0	1	1	1	1	//S_Spiritual_Earring
24078	1	0	0	0	1	1	1	1	//S_Spiritual_Weapon

//Midgard Blessing Scroll
106303	1	1	0	1	1	1	1	1	//IDROC_Midgard_Scroll
480107	1	0	0	0	1	1	1	1	//C_Kings_Twin_Sword
19584	1	0	0	0	1	1	1	1	//C_Pirate_Dagger
19721	1	0	0	0	1	1	1	1	//C_Darkness_Helm

//Press Your Luck S1
20401	1	1	0	1	1	1	1	1	//C_Angel_Spirit_Guides
20439	1	1	0	1	1	1	1	1	//C_Glow_Of_New_Year
20989	1	1	0	1	1	1	1	1	//C_Mainspring_Screw

450334	1	1	0	1	1	1	1	1	//C_Angel_feather_ROC

//Attack Precision Scroll
20843	1	0	0	0	1	1	1	1	//Bag_Of_Antonio_Range
24217	1	0	0	0	1	1	1	1	//S_Blitz_Earring
24218	1	0	0	0	1	1	1	1	//S_Blitz_Pendent
20251	1	0	0	0	1	1	1	1	//C_Rose_Cascade
15947	1	1	0	1	1	1	1	1	//Comp_Blue_Rear_Ribbon
490237	1	1	0	1	1	1	1	1	//Comp_Double_Badge_ROC
106349	1	1	0	1	1	1	1	1	//IDROC_Precision_Scroll

//Horse of Posperity
20102	1	1	0	1	0	1	1	1	//C_Horse_King
31254	1	1	0	1	0	1	1	1	//C_Horse_King_Red
7378	1	1	0	1	1	1	1	1	//Lotto18
12364	1	1	0	1	1	1	1	1	//Staff_Of_Leader
7379	1	1	0	1	1	1	1	1	//Lotto19

//Sweetheart Secret Costume Scroll
106325	1	1	0	1	1	1	1	1	//Sweet_Sceret_IDROC
19929	1	0	0	0	1	1	1	1	//C_Classical_Ribbon
31137	1	0	0	0	1	1	1	1	//C_Blue_Rose_Ornament
19664	1	0	0	0	1	1	1	1	//C_Campus_Festival
20035	1	0	0	0	1	1	1	1	//C_Miracle_Blue_Rose
31453	1	0	0	0	1	1	1	1	//C_L_RibbonMuff_Black
480461	1	0	0	0	1	1	1	1	//C_Ragdoll_Face_Bag
20515	1	0	0	0	1	1	1	1	//C_Magic_Circle

//Bad Valentine Event
18851	1	1	0	1	0	1	1	1	//ValentineHeart
20220	1	1	0	1	0	1	1	1	//C_Dark_Night_Veil
20335	1	0	0	0	1	1	1	1	//C_Teardrop
6853	1	1	1	1	1	1	1	1	//Thankful_Flowers
23259	1	1	1	1	1	1	1	1	//St_Cupcake
12319	1	1	1	1	1	1	1	1	//Strawberry_Cake


7381	1	1	0	1	1	1	1	1	//Lotto21

//hadiah livestream
31331	1	1	0	1	1	1	1	1	//C_Chung_E_Shinyon_Cap
19661	1	1	0	1	1	1	1	1	//C_Sweet_Bonnet
19844	1	1	0	1	1	1	1	1	//C_Turban
19573	1	1	0	1	1	1	1	1	//C_Heart_Wing_Hairband
20331	1	1	0	1	1	1	1	1	//C_Desert_Prince

//Supreme Physique Scroll
106469	1	1	0	1	1	1	1	1	//IDROC_Supreme_Scroll
20842	1	0	0	0	1	1	1	1	//Bag_Of_Antonio_Melee
24332	1	0	0	0	1	1	1	1	//S_Critical_Shield
24333	1	0	0	0	1	1	1	1	//S_Critical_Shoes
24038	1	0	0	0	1	1	1	1	//S_Vital_Shoes
24044	1	0	0	0	1	1	1	1	//S_Vital_Shield
19728	1	0	0	0	1	1	1	1	//C_Tare_Zonda

7380	1	1	0	1	1	1	1	1	//Kupon Ramadhan

//Transcendent Level Race
31290	1	1	0	1	1	1	1	1	//C_Adv_Ang_SchCap
19667	1	1	0	1	1	1	1	1	//C_Helm_Of_Dragoon
31396	1	1	0	1	1	1	1	1	//C_Sorcerer_Hood
20374	1	1	0	1	1	1	1	1	//C_Mechanical_Plant_Hat
31291	1	1	0	1	1	1	1	1	//C_Adv_Dev_SchCap
20317	1	1	0	1	1	1	1	1	//C_CatEars_Cyber_HeadP

//Kafa Pass Adventure S5
400312	1	1	0	1	1	1	1	1	//C_Tiraya_Bonnet_ROC
5581	1	1	0	1	1	1	1	1	//Cancer_Diadem
420010	1	1	0	1	1	1	1	1	//C_Cons_Of_Darkness

//Newbie Booster
510101	1	1	1	1	0	1	1	1	//Comp_Gladius_ROC
600040	1	1	1	1	0	1	1	1	//Comp_Two_Hand_Sword_ROC
630026	1	1	1	1	0	1	1	1	//Comp_Trident_ROC
620027	1	1	1	1	0	1	1	1	//Comp_Two_Handed_Axe_ROC
590061	1	1	1	1	0	1	1	1	//Comp_Stunner_ROC
550114	1	1	1	1	0	1	1	1	//Comp_Arc_Wand_ROC
700075	1	1	1	1	0	1	1	1	//Comp_Kakkung_ROC
610053	1	1	1	1	0	1	1	1	//Comp_Katar_ROC

12039	1	1	1	1	1	1	1	1	//Lotto_Box05

//Mystery Supreme Scroll
106588	1	1	0	1	1	1	1	1	//2603_Supreme_IDC
490351	1	0	0	0	1	1	1	1	//Assassin_Amulet_ROC
19547	1	0	0	0	1	1	1	1	//C_Deviruchi_Cap
490352	1	1	0	1	1	1	1	1	//Comp_AssassinAmulet_ROC

1001878	1	1	0	1	1	1	1	1	//3rd_Anniver_Ticket_ROC

7372	1	1	1	1	1	1	1	1	//Lotto12

//Rabbit in Wonderland Costume Scroll
106593	1	1	0	1	1	1	1	1	//IDROC_Wonderland_Scroll
12261	1	1	0	1	1	1	1	1	//Secret_Medicine
20266	1	0	0	0	1	1	1	1	//C_Secret_Zipper
31302	1	0	0	0	1	1	1	1	//C_Black_Magenta_Ribbon
410228	1	0	0	0	1	1	1	1	//C_Tomboy_Fairy_ROC
31816	1	0	0	0	1	1	1	1	//C_Rabbit_Winged_Robe
480158	1	0	0	0	1	1	1	1	//C_Lunatic_Bag
25058	1	1	0	1	1	1	1	1	//TwinkleEffect_Top

//ubah berat
7988	1	1	1	1	0	1	1	1	//Frenzy Essence

//Fallen Angel Scroll
106628	1	1	0	1	1	1	1	1	//Fallen_Angel_ROCID
480307	1	0	0	0	1	1	1	1	//Fallen_Angel_Wing_ROC
420215	1	0	0	0	1	1	1	1	//Gang_Scarf_ROC
19031	1	0	0	0	1	1	1	1	//Fallen_Angel_Blessing
5918	1	0	0	0	1	1	1	1	//Gambler_Seal
19652	1	0	0	0	1	1	1	1	//C_Rabbit_Magic_Hat
480308	1	1	0	1	1	1	1	1	//Comp_FAngel_Wing_ROC
420216	1	1	0	1	1	1	1	1	//Comp_Gang_Scarf_ROC

100506	1	0	0	0	1	1	1	1	//Promotion_Box3
20190	1	1	0	1	1	1	1	1	//C_Chicken_Hat

//Lighting Supreme Scroll
106888	1	1	0	1	1	1	1	1	//Lightning_Supreme_ROC
490425	1	0	0	0	1	1	1	1	//Magictool_Ice_ROC
460041	1	0	0	0	1	1	1	1	//Dark_Shield_ROC
490360	1	0	0	0	1	1	1	1	//Palace_Guard_Ring_ROC
24229	1	0	0	0	1	1	1	1	//S_Spirit_Earring
24228	1	0	0	0	1	1	1	1	//S_Spirit_Weapon
24230	1	0	0	0	1	1	1	1	//S_Spirit_Pendant
5980	1	0	0	0	1	1	1	1	//C_Classical_Fhat
490426	1	1	0	1	1	1	1	1	//Comp_Magictool_Ice_ROC
460051	1	1	0	1	1	1	1	1	//Comp_Dark_Shield_ROC

//Supernova Scroll
106967	1	1	0	1	1	1	1	1	//Supernova_ROCID
400488	1	0	0	0	1	1	1	1	//H_Asmodeus_ROC
400512	1	0	0	0	1	1	1	1	//Hat_of_Desert_ROC
18813	1	0	0	0	1	1	1	1	//New_Wave_Sunglasses
490399	1	0	0	0	1	1	1	1	//Boxer_Glove_ROC
480333	1	0	0	0	1	1	1	1	//Medical_Cape_ROC
19654	1	0	0	0	1	1	1	1	//C_J_Captain_Hat
400513	1	1	0	1	1	1	1	1	//Comp_Hat_of_Desert_ROC
400489	1	1	0	1	1	1	1	1	//Comp_H_Asmodeus_ROC
400490	1	1	0	1	1	1	1	1	//Comp_Boxer_Glove_RO

//HD 10 Box
16394	1	1	0	1	1	1	1	1	//HD_Ori_Box10
16396	1	1	0	1	1	1	1	1	//HD_Elu_Box10

7383	1	1	0	1	0	1	1	1	//Lotto23
19974	1	1	0	1	1	1	1	1	//C_Camouflage_RabbitHood
19875	1	1	0	1	1	1	1	1	//C_Love_Rabbit_Hood
1001423	1	0	0	0	1	1	1	1	//R_Fallen_Ticket_ROC

23058	1	0	0	0	1	1	1	0	//Enchant_Stone_Box9

//Fallen Leaf Costume Scroll
107054	1	1	0	1	1	1	1	1	//Fallen_Leaf_ROC
20048	1	0	0	0	1	1	1	1	//C_Wind_Of_The_Prairie
20485	1	0	0	0	1	1	1	1	//C_Maneater_Flower_Hp
19509	1	0	0	0	1	1	1	1	//Butterfly_Wing_Ear
31729	1	0	0	0	1	1	1	1	//C_Miracle_Plant
20582	1	0	0	0	1	1	1	1	//C_T_Bear_Bag
5914	1	0	0	0	1	1	1	1	//C_Flutter_Butterfly


//Chronicles Flame & Tide
2345	1	1	0	1	0	1	1	1	//Flame_Sprits_Armor_
2347	1	1	0	1	0	1	1	1	//Water_Sprits_Armor_
18882	1	1	0	1	0	1	1	1	//Kannam_On_Head
18918	1	1	0	1	0	1	1	1	//Long_Octopus_Balloon
12647	1	1	0	1	1	1	1	1	//Ink_Ball
6027	1	1	0	1	1	1	1	1	//Crystal_Of_Feardoom

19625	1	1	0	1	1	1	1	1	//C_Bunny_Band

//Raid Dungeon
600044	1	1	0	1	0	1	1	1	//R_Human_2HSword_ROC
610056	1	1	0	1	0	1	1	1	//R_Human_Katar_ROC
620032	1	1	0	1	0	1	1	1	//R_Human_2HAxe_ROC
630033	1	1	0	1	0	1	1	1	//R_Human_Fork_ROC
640048	1	1	0	1	0	1	1	1	//R_Human_Staff_ROC
700079	1	1	0	1	0	1	1	1	//R_Human_Bow_ROC
1001277	1	1	0	1	0	1	1	1	//Raid_Silver_Key_ROC
1001278	1	1	0	1	0	1	1	1	//Raid_Gold_Key_ROC
500079	1	1	0	1	0	1	1	1	//R_Human_Sword_ROC
510119	1	1	0	1	0	1	1	1	//R_Human_Knife_ROC
520032	1	1	0	1	0	1	1	1	//R_Human_Axe_ROC
530048	1	1	0	1	0	1	1	1	//R_Human_Spear_ROC
540076	1	1	0	1	0	1	1	1	//R_Human_Book_ROC
550121	1	1	0	1	0	1	1	1	//R_Human_Stick_ROC
560049	1	1	0	1	0	1	1	1	//R_Human_Claw_ROC
570050	1	1	0	1	0	1	1	1	//R_Human_Guitar_ROC
580051	1	1	0	1	0	1	1	1	//R_Human_Whip_ROC
590065	1	1	0	1	0	1	1	1	//R_Human_Driver_ROC
7385	1	1	0	1	0	1	1	1	//Golden Key Shard

//Ultra Instinct Scroll
107247	1	1	0	1	1	1	1	1	//Ultra_Instinct_ROC
400410	1	0	0	0	1	1	1	1	//Heaven_Cage_ROC
19737	1	0	0	0	1	1	1	1	//C_Corsair_K
400411	1	1	0	1	1	1	1	1	//Comp_Heaven_Cage_ROC

//Octopus Dungeon
11538	1	1	1	1	0	1	1	1	//Octupus_Leg
7384	1	1	1	1	0	1	1	1	//Ink Ball
2815	1	1	1	1	0	1	1	1	//Th_Ring_Of_Water

7386	1	1	0	1	1	1	1	1	//Lotto26

//Pluffy Bunny Costume Scroll
107387	1	1	0	1	1	1	1	1	//Pluffy_Bunny_ROC
19649	1	0	0	0	1	1	1	1	//C_White_Baby_Cat_Ears
31249	1	0	0	0	1	1	1	1	//C_Rabbit_Hopping
410257	1	0	0	0	1	1	1	1	//C_Happy_Lunatic_Ear_ROC
31512	1	0	0	0	1	1	1	1	//C_Panda_Rabbit
480095	1	0	0	0	1	1	1	1	//C_Giant_White_Rabbit

//Aegis of Valor Scroll
107423	1	1	0	1	1	1	1	1	//Aegis_Valor_ROC
410372	1	0	0	0	1	1	1	1	//Gryphon_Ears_ROC
400554	1	0	0	0	1	1	1	1	//Bilitary_Balet_ROC
460055	1	0	0	0	1	1	1	1	//Spenta_Mainyu_ROC

31589	1	0	0	0	1	1	1	1	//C_Gold_Magestic_Goat
31323	1	0	0	0	1	1	1	1	//C_Love_Daddy

//Guarantee Aegis of Valor Scroll
410374	1	1	0	1	1	1	1	1	//Comp_Gryphon_Ears_ROC
400555	1	1	0	1	1	1	1	1	//Comp_Bilitary_Balet_ROC
490361	1	1	0	1	1	1	1	1	//Comp_Palace_Ring_ROC
460056	1	1	0	1	1	1	1	1	//Comp_Spenta_Mainyu_ROC

31324	1	1	0	1	1	1	1	1	//C_DJ_Kitty

//Divine Salvation Event
31616	1	1	0	1	0	1	1	1	//C_Sleep_Sheep_TW
19827	1	1	0	1	0	1	1	1	//C_Amistr_Cap
22881	1	1	0	1	0	1	1	1	//Binding_Rope
7388	1	1	0	1	0	1	1	1	//Qurban Essence
7387	1	1	0	1	0	1	1	1	//Lost little Lamb

//Giant Slayer Scroll
107481	1	1	0	1	1	1	1	1	//Giant_Slayer_ROC
400498	1	0	0	0	1	1	1	1	//Germes_Horn_ROC
420163	1	0	0	0	1	1	1	1	//C_Protect_Cloth_B

//Guarantee Giant Slayer Scroll
400499	1	1	0	1	1	1	1	1	//Comp_Germes_Horn_ROC

19429	1	1	0	1	1	1	1	1	//Zarathustra


//UNIVERSAL SERVER
//Collab
//Gatchaman
314813	1	1	0	1	1	1	1	1	//Phoenix_Foot

//Httyd
314171	1	1	0	1	1	1	1	1	//CLB_DT_2D_Foot
314172	1	1	0	1	1	1	1	1	//CLB_DT_3D_Foot
//Panda
313559	1	1	0	1	1	1	1	1 //Panda_Basic_Foot
313560	1	1	0	1	1	1	1	1 //Panda_Color_Foot



//BAPHO ONLY
//Purrfect Kitty Costume Scroll
107498	1	1	0	1	1	1	1	1	//Purrfect_Kitty_ROC
19854	1	0	0	0	1	1	1	1	//C_Ear_Of_Black_Cat_
19292	1	0	0	0	1	1	1	1	//C_Wildcat_Knit_Cap
410048	1	0	0	0	1	1	1	1	//C_Tiger
420077	1	0	0	0	1	1	1	1	//C_Cat_Footprints
480377	1	0	0	0	1	1	1	1	//C_Cat_Doll_WH

//EDDGA ONLY
//OPENING EDDGA EVENT
31053	1	1	0	1	1	1	1	1	//C_King_Tiger_Doll_Hat
420237	1	1	0	1	1	1	1	1	//C_Tiger_Muffler_MSP
480181	1	1	0	1	1	1	1	1	//C_Pitaya_G_Bag
19989	1	1	0	1	1	1	1	1	//C_Mouton_Life
104089	1	0	0	0	1	1	1	1	//202503_RAZER_PRO
13871	1	1	0	1	1	1	1	1	//Mage_Card_Box
13872	1	1	0	1	1	1	1	1	//Acolyte_Card_Box
13873	1	1	0	1	1	1	1	1	//Archer_Card_Box
13874	1	1	0	1	1	1	1	1	//Swordman_Card_Box
13875	1	1	0	1	1	1	1	1	//Thief_Card_Box
13876	1	1	0	1	1	1	1	1	//Merchant_Card_Box
2573	1	0	0	0	1	1	1	1	//Archangel_Wing
420065	1	0	0	0	1	1	1	1	//Angeling_Balloon_TW
14231	1	0	0	0	1	1	1	1	//Novice_Set_Box
1002049	1	0	0	0	1	1	1	1	//Cos_Blueprint_ROC
19884	1	0	0	0	1	1	1	1	//C_Vanargandr_Helm
420016	1	0	0	0	1	1	1	1	//C_Katashiro_Flying
420088	1	0	0	0	1	1	1	1	//C_Heart_Angel_TW
20572	1	0	0	0	1	1	1	1	//C_WingOfHeart
105491	1	1	0	1	1	1	1	1	//Eddga_Box_ROC
105492	1	1	0	1	1	1	1	1	//Eddga_Buff_ROC
300711	1	1	0	1	1	1	1	1	//Limit_S_Eddga_Card
104091	1	1	0	1	1	1	1	1	//Bronze_Account_ROC
104092	1	1	0	1	1	1	1	1	//Silver_Account_ROC
104093	1	1	0	1	1	1	1	1	//Gold_Account_ROC
19703	1	1	0	1	1	1	1	1	//C_Afro_Wig_Black

//RO DELIVERY SERVICE EDDGA
7602	0	1	0	1	1	1	1	1 	//BlueCard_R
6012	1	1	1	1	0	1	1	1	//Blue_Card_C
7467	1	1	1	1	0	1	1	1	//BlueCard_O

//Grumpy Rabbit
107496	1	1	0	1	1	1	1	1	//Grumpy_Rabbit_ROC
107495	1	1	0	1	1	1	1	1	//Cursed_Prison_ROC
5457	1	0	0	0	1	1	1	1	//Spring_Rabbit_Hat
5764	1	0	0	0	1	1	1	1	//Love_Rabbit_Hood
19516	1	0	0	0	1	1	1	1	//Singing_Bird
22105	1	0	0	0	1	1	1	1	//Cuffs_
2913	1	0	0	0	1	1	1	1	//Thief_Handcuff
2655	1	0	0	0	1	1	1	1	//Bloody_Iron_Ball
15040	1	0	0	0	1	1	1	1	//Prison_Uniform
107582	1	1	0	1	1	1	1	1	//Fantasy_Poring_ROC

//Eddga Celebration
7390	1	1	0	1	1	1	1	1	//Lotto30
31888	1	1	0	1	1	1	1	1	//C_W_King_Tiger_Doll_Hat_Hat_ROC
19692	1	1	0	1	1	1	1	1	//C_Antique_Pipe_J

7391	1	1	1	1	0	1	1	1	//Lotto31

//Eddga Welcome Pack
9818	1	1	0	1	1	1	1	1	//TH_Norebirth_Box1
9819	1	1	0	1	1	1	1	1	//TH_Norebirth_Box2
9820	1	1	0	1	1	1	1	1	//TH_Norebirth_Box3
9821	1	1	0	1	1	1	1	1	//TH_Norebirth_Box4

//Eddga Level Race
20008	1	1	0	1	1	1	1	1	//C_General_Helmet
31295	1	1	0	1	1	1	1	1	//C_Priest_Hat_J
19893	1	1	0	1	1	1	1	1	//C_Plain_Black_Mage_Hat
20057	1	1	0	1	1	1	1	1	//C_Feather_Bonnet
19639	1	1	0	1	1	1	1	1	//C_Sahkkat
19545	1	1	0	1	1	1	1	1	//C_Boys_Cap
7392	1	1	1	1	1	1	1	1	//Lotto32

//Pre-Topup
6839	1	1	0	1	1	1	1	1	//Gold_Chocoin
6840	1	1	0	1	1	1	1	1	//Silver_Chocoin
6841	1	1	0	1	1	1	1	1	//Bronze_Chocoin

7393	1	1	1	1	0	1	1	1	//Lotto33

5234	1	1	0	1	0	1	1	1	//Yellow_Drooping_Kitty


7789	1	1	0	1	1	1	1	1	//Newbie Consumable Coupon
23038	1	0	0	0	1	1	1	1	//Light_White_Pot_Box
23645	1	0	0	0	1	1	1	1	//Blue_Potion_Box
9822	1	1	0	1	1	1	1	1	//Token_Of_Siegfried_Box
9823	1	0	0	0	1	1	1	1	//Battle_Manual_Box
9824	1	0	0	0	1	1	1	1	//Bubble_Gum_Box
7998	1	1	0	1	1	1	1	1	//Veteran Consumable Coupon
7999	1	1	0	1	1	1	1	1	//Supreme Consumable Coupon
7624	1	1	0	1	1	1	1	1	//Starter Pack Coupon
7394	1	1	0	1	1	1	1	1	//Forever Love Badge

12294	1	1	0	1	1	1	1	1	//Newbie Welcome Pack
12295	1	1	0	1	1	1	1	1	//Veteran Welcome Pack
12296	1	1	0	1	1	1	1	1	//Supreme Welcome Pack


//Radiant Pope Scroll
107640	1	1	0	1	1	1	1	1	//Radiant_Pope_ROC
490353	1	0	0	0	1	1	1	1	//Sacred_Geometry_ROC
420256	1	0	0	0	1	1	1	1	//Imperial_Glory_ROC
400631	1	0	0	0	1	1	1	1	//Themis_Helm_ROC
400928	1	0	0	0	1	1	1	1	//PoPe_Osuwari_Head_ROC
18673	1	0	0	0	1	1	1	1	//Tare_Pope_
20489	1	0	0	0	1	1	1	1	//C_Pope_Crown
24033	1	0	0	0	1	1	1	1	//S_Healing_Weapon
24366	1	0	0	0	1	1	1	1	//S_Healing_Shield
24367	1	0	0	0	1	1	1	1	//S_Healing_Shoes
490354	1	1	0	1	1	1	1	1	//Comp_SacredGeometry_ROC
420257	1	1	0	1	1	1	1	1	//Comp_Imperial_Glory_ROC
400632	1	1	0	1	1	1	1	1	//Comp_Themis_Helm_ROC
400929	1	1	0	1	1	1	1	1	//Comp_PoPe_Osu_H_ROC


2852	1	1	1	1	0	1	1	1	//E_Rosary_C


//Gatchaman
107564	1	1	0	1	1	1	1	1	//C_CLB_GAT_ROC
420730	1	1	0	1	1	1	1	1	//C_CLB_GAT_go
420731	1	1	0	1	1	1	1	1	//C_CLB_GAT_doc
430025	1	1	0	1	1	1	1	1	//C_CLB_GAT_BK
430026	1	1	0	1	1	1	1	1	//C_CLB_GAT_G1
430027	1	1	0	1	1	1	1	1	//C_CLB_GAT_G2
430028	1	1	0	1	1	1	1	1	//C_CLB_GAT_G3
430029	1	1	0	1	1	1	1	1	//C_CLB_GAT_G4
430030	1	1	0	1	1	1	1	1	//C_CLB_GAT_G5
401207	1	1	0	1	1	1	1	1	//C_CLB_GAT_button
420729	1	1	0	1	1	1	1	1	//C_CLB_GAT_bye
105667	1	1	0	1	0	1	1	1	//CLB_GAT_feather_4
105668	1	1	0	1	0	1	1	1	//CLB_GAT_feather_3
105669	1	1	0	1	0	1	1	1	//CLB_GAT_feather_2
105672	1	1	0	1	0	1	1	1	//CLB_GAT_feather_1
300732	0	0	0	0	1	0	0	0	//CLB_GAT_card1
300733	0	0	0	0	1	0	0	0	//CLB_GAT_card2
300734	0	0	0	0	1	0	0	0	//CLB_GAT_card3
1002642	1	1	0	1	0	1	1	1	//Phoenix_Foot_Robe


//Guardian Angel Costume Scroll
20316	1	0	0	0	1	1	1	1	//C_Seraph_Wing_Helm
480200	1	0	0	0	1	1	1	1	//C_Guardian_Wing
20457	1	0	0	0	1	1	1	1	//C_Feather_Fluttering
480201	1	0	0	0	1	1	1	1	//C_Guardian_Angelwing
107700	1	0	0	0	1	1	1	1	//Guardian_Angel_ROC
7994	1	0	0	0	1	1	1	1	//Spring_Stanza17

//Mythic Crest Scroll
7959	1	0	0	0	1	1	1	1	//Ancient_Gold_Coin
22829	1	1	0	1	1	1	1	1	//Sealed_Card
23719	1	1	0	1	1	1	1	1	//Sealed_Card2
480058	1	0	0	0	1	1	1	1	//C_Wing_Of_Angel_Move_GD
410517	1	0	0	0	1	1	1	1	//Karasu_TenguMask_ROC
410518	1	0	0	0	1	1	1	1	//Crow_Tengu_Mask_ROC
480644	1	0	0	0	1	1	1	1	//Violet_Halo_ROC
2985	1	0	0	0	1	1	1	1	//Gyges_Ring
15171	1	0	0	0	1	1	1	1	//Angeling_Suit
24084	1	0	0	0	1	1	1	1	//S_Gemstone_Armor
24085	1	0	0	0	1	1	1	1	//S_Gemstone_Shoes
24086	1	0	0	0	1	1	1	1	//S_Gemstone_Shield
24087	1	0	0	0	1	1	1	1	//S_Gemstone_Weapon
24088	1	0	0	0	1	1	1	1	//S_Gemstone_Earring
24089	1	0	0	0	1	1	1	1	//S_Gemstone_Pendent
17162	1	1	0	1	1	1	1	1	//Boarding_Halter_Box7
107697	1	0	0	0	1	1	1	1	//Mythic_Crest_ROC

//Despairing Coin Exchange
450289	1	0	0	0	1	1	1	1	//Deco_Chain_Mail_ROC
450292	1	0	0	0	1	1	1	1	//Deco_Gobine_Armor_ROC
450290	1	0	0	0	1	1	1	1	//Deco_Saint_Robe_ROC

//Divine Rune Scroll
18797	1	0	0	0	1	1	1	1	//Deep_Angel_Hairband
18798	1	0	0	0	1	1	1	1	//Pink_Angel_Hairband
2965	1	0	0	0	1	1	1	1	//Angel_Egg
18518	1	0	0	0	1	1	1	1	//Ear_Of_Angel's_Wing_
18858	1	0	0	0	1	1	1	1	//Pink_Angeling_Bubble
107696	1	0	0	0	1	1	1	1	//Divine_Rune_ROC

//Ruined Angel Scroll
5376	1	0	0	0	1	1	1	1	//Satanic_Chain_P
18877	1	0	0	0	1	1	1	1	//Baron_Evil_Eye
24025	1	0	0	0	1	1	1	1	//S_Champion_Shoes
400434	1	0	0	0	1	1	1	1	//C_Fallen_Angel_Lost_ROC
410181	1	1	0	1	1	1	1	1	//Comp_Sigruns_Wing_ROC
107695	1	1	0	1	1	1	1	1	//Ruined_Angel_ROCID


//Ragnaword
19530	1	1	0	1	1	1	1	1	//C_Wild_Rose
20149	1	1	0	1	1	1	1	1	//C_Hexagon_Spectacles
31533	1	1	0	1	1	1	1	1	//C_Warm_Cat_Muffler_BL

//Kafra Adventure Pass S6
20460	1	1	0	1	1	1	1	1	//C_Thornbush_Hairband
5795	1	1	0	1	1	1	1	1	//Red_Dress_Hat
420599	1	1	0	1	1	1	1	1	//C_Cons_Of_Poison_ROC


//Descended Angel Scroll
400472	1	0	0	0	1	1	1	1	//Circlet_Of_Phoenix_ROC
450377	1	0	0	0	1	1	1	1	//Fallen_Flame_Armor_ROC
450375	1	0	0	0	1	1	1	1	//Fallen_Violet_Armor_ROC
18878	1	0	0	0	1	1	1	1	//Palace_Guard_Cap
19546	1	0	0	0	1	1	1	1	//C_Valkyrie_Helm
31591	1	0	0	0	1	1	1	1	//C_Crown_Of_Saint
107736	1	1	0	1	1	1	1	1	//Descended_Angel_ROC
400473	1	1	0	1	1	1	1	1	//Comp_CircletPhoenix_ROC
450378	1	1	0	1	1	1	1	1	//Comp_Fallen_F_Armor_ROC
450376	1	1	0	1	1	1	1	1	//Comp_Fallen_V_Armor_ROC

//Nightfall Spell Costume Scroll
19824	1	0	0	0	1	1	1	1	//C_Evil_Druid_Hat
20290	1	0	0	0	1	1	1	1	//C_Evil_Druid_Hat_Black
410005	1	0	0	0	1	1	1	1	//C_Magic_Heir_TW
31395	1	0	0	0	1	1	1	1	//C_Book_Of_Magic
20590	1	0	0	0	1	1	1	1	//C_Evil_Druid_Cross
23174	1	0	0	0	1	1	1	0	//Enchant_Stone_Box11
107735	1	1	0	1	1	1	1	1	//Nightfall_Spell_ROC

//Rabbit Pluff Costume Scroll
480310	1	0	0	0	1	1	1	0	//C_Giant_Mad_Bunny
107734	1	1	0	1	1	1	1	1	//Rabbit_Pluff_EDDGA

//Winged Legacy Scroll
107698	1	0	0	0	1	1	1	0	//Winged_Legacy_ROC
24231	1	0	0	0	1	1	1	0	//S_Blitz_Shoes
24232	1	0	0	0	1	1	1	0	//S_Blitz_Shield

//Baekho Legend
15888	1	1	0	1	1	1	1	1	//C_Hand_Of_Devil
20247	1	1	0	1	1	1	1	1	//C_Blackhand_Of_Fate

410004	1	0	0	0	1	1	1	0	//Gambler_Seal_
410373	1	0	0	0	1	1	1	0	//Gryphon_Ears_ROC_
410382	1	0	0	0	1	1	1	0	//Odin_Mask_ROC_

//Thanatos Challenge
7542	1	1	0	1	1	1	1	1	//Lotto41

7543	1	1	0	1	1	1	1	1	//Lotto42

410246	1	0	0	0	1	1	1	1	//F_Angel_Blessing_ROC_
410304	1	0	0	0	1	1	1	1	//Diabolus_Wing_ROC
410305	1	1	0	1	1	1	1	1	//Comp_Diabolus_Wing_ROC
19495	1	0	0	0	1	1	1	1	//Diabolus_Wing
15476	1	1	0	1	1	1	1	1	//Comp_Diabolus_Wing
470279	1	0	0	0	1	1	1	1	//Enforcer_Shoes_ROC
470280	1	0	0	0	1	1	1	1	//Enforcer_Shoes_ROC_
470281	1	1	0	1	1	1	1	1	//Comp_Enforcer_Shoes_ROC

//Four Leaf Scroll
107299	1	1	0	1	1	1	1	1	//Four_Clover_ROCID
420202	1	0	0	0	1	1	1	1	//Green_Four_Clover_ROC
490338	1	0	0	0	1	1	1	1	//Nymph_Earring_ROC
400418	1	0	0	0	1	1	1	1	//NymphGreen_ROC
19662	1	0	0	0	1	1	1	1	//C_Magician_Hat
400419	1	1	0	1	1	1	1	1	//Comp_NymphGreen_ROC
420203	1	1	0	1	1	1	1	1	//Comp_Four_Clover_ROC
490339	1	1	0	1	1	1	1	1	//Comp_Nymph_Earring_ROC

//Radiant Dawn
107299	1	1	0	1	1	1	1	1	//Four_Clover_ROCID
103521	1	0	0	0	1	1	1	1	//AceCard_Box_ROC

//Smile Odyssey
107758	1	1	0	1	1	1	1	1	//Smile_Odyssey_ROCID
24371	1	0	0	0	1	1	1	1	//S_MortalBlow_Earring
24372	1	0	0	0	1	1	1	1	//S_MortalBlow_Pendent
24370	1	0	0	0	1	1	1	1	//S_MortalBlow_Weapon

//Season Pass S1
1002056	1	1	1	1	1	1	1	1	//Adv_Book_ROC
7515	1	1	0	1	1	1	1	1	//Marvelous_Medal

//Meat Wars
7397	1	1	1	1	0	1	1	1	//Lotto37
7398	1	1	1	1	0	1	1	1	//Lotto38
7396	1	1	1	1	0	1	1	1	//Lotto36

//Higher
24794	1	1	0	1	1	1	1	1	//S_Higher_Weapon_ROC
24795	1	1	0	1	1	1	1	1	//S_Higher_Armor_ROC
24796	1	1	0	1	1	1	1	1	//S_Higher_Shield_ROC
24797	1	1	0	1	1	1	1	1	//S_Higher_Shoes_ROC
24798	1	1	0	1	1	1	1	1	//S_Higher_Earring_ROC
24799	1	1	0	1	1	1	1	1	//S_Higher_Pandent_ROC
15931	1	1	0	1	1	1	1	1	//Old_GoldTrophy_Hat

15062	1	1	0	1	1	1	1	1	//TE_Woe_Coat
15063	1	1	0	1	1	1	1	1	//TE_Woe_Chain_Mail
15064	1	1	0	1	1	1	1	1	//TE_Woe_Mage_Coat

103629	1	0	0	0	1	1	1	1	//EXP_Sha_R_Mix_TH

//Soccer Fever
410218	1	1	0	1	1	1	1	1 	//C_Soccer_Ball
1003072	1	1	0	1	1	1	1	1	//Midgard_Token_ROC

//Dragon Feast - 16072026
19841 	1	1	0	1	1	1	1	1 	//C_Dragonhelm_Copper
107764 	1	1	0	1	1	1	1	1 	//Dragon_Treasure_ROC

//Arise
7395	1	1	0	1	1	1	1	1	//Lotto35
20215	1	1	0	1	1	1	1	1	//C_Black_Devil_Mask

//Warm Breeze
107785	1	1	0	1	1	1	1	1  //Warm_Breeze_ROC
400589	1	0	0	0	1	1	1	1	//Navy_Beret_ROC
490477	1	0	0	0	1	1	1	1	//CB_Necklace_ROC
18962	1	0	0	0	1	1	1	0	//Panda_Balloon
400676	1	0	0	0	1	1	1	1	//Flaward_Hat_ROC
490475	1	0	0	0	1	1	1	1	//Chemical_Glove_ROC
19709	1	0	0	0	1	1	1	1	//C_Yellow_Ribbon
24099	1	0	0	0	1	1	1	1	//Unfreez_Weapon_S
24100	1	0	0	0	1	1	1	1	//Unfreeze_Earing_S
24101	1	0	0	0	1	1	1	1	//Unfreeze_Pendent_S

//Guarantee Breeze
490478	1	1	0	1	1	1	1	1	//Comp_CB_Necklace_ROC
400590	1	1	0	1	1	1	1	1	//Comp_Navy_Beret_ROC
490476	1	1	0	1	1	1	1	1	//Comp_Chemical_Glove_ROC
400677	1	1	0	1	1	1	1	1	//Comp_Flaward_H_ROC

//Guild Support Event
5830	1	1	0	1	1	1	1	1	//Woe_Sahkkat
5833	1	1	0	1	1	1	1	1	//Woe_Picnic_Hat
5837	1	1	0	1	1	1	1	1	//Woe_Sunglass
5840	1	1	0	1	1	1	1	1	//Woe_Elven_Ears
5614	1	1	0	1	1	1	1	1	//F_Smoking_Pipe_
5648	1	1	0	1	1	1	1	1	//F_Centimental_Flower_C
100194	1	0	0	0	1	1	1	1	//Gemstone_Red
100193	1	0	0	0	1	1	1	1	//Gemstone_YL
100192	1	0	0	0	1	1	1	1	//Gemstone_Blue
5336	1	1	0	1	1	1	1	0	//Guildsman_Recruiter
17066	1	0	0	0	1	1	1	0	//독약병50상자

//Gacha Eddga 23/07/2026
490563	1	0	0	0	1	1	1	1	//Mortal_Knife_ROC
490564	1	1	0	1	1	1	1	1	//Comp_Mortal_Knife_ROC
107802	1	1	0	1	1	1	1	1	//Grim_Mantle_ROCID

//Gacha Scroll Baphomet 30/07/2026
107803	1	1	0	1	1	1	1	1 //Scorching_Desert_ROC
400500	1	0	0	0	1	1	1	1 //Gigant_Helm_ROC
400501	1	1	0	1	1	1	1	1 //Comp_Gigant_Helm_ROC
470281	1	1	0	1	1	1	1	1 //Comp_Enforcer_Shoes_ROC
470279	1	0	0	0	1	1	1	1 //Enforcer_Shoes_ROC
19811	1	0	0	0	1	1	1	1 //C_Beer_Cap

//Costume Scroll Baphomet 06/08/2026
107804	1	1	0	1	1	1	1	1 //Astral_Night_ROC
18742	1	0	0	0	1	1	1	1 //C_MoonStar_Accessory
18744	1	0	0	0	1	1	1	1 //C_World_Star
19538	1	0	0	0	1	1	1	1 //Full_Moon
20502	1	0	0	0	1	1	1	1 //C_Devil_Wing
400485	1	0	0	0	1	1	1	1 //C_TwinkleLittleStar_ROC

//Costume Scroll Eddga 06/08/2026
19536	1	0	0	0	1	1	1	1 //C_Rose_Corsage
107844	1	1	0	1	1	1	1	1 //Blooming_Costume_ROC

//Baekho Legend
20009	1	1	0	1	1	1	1	1	//C_Dragon_Skull
20012	1	1	0	1	1	1	1	1	//C_Double_Horn_Helm

//Hadiah Kualifikasi RCC 2026
480252	1	1	0	1	1	1	1	1	//C_Mystical_Wing
20318	1	1	0	1	1	1	1	1	//C_Charleston_Antenna
20099	1	1	0	1	1	1	1	1	//C_Ljosalfar

//Livestream Kemerdekaan
6015	0	1	0	1	1	1	1	1 //Blue_Card_M
19956	1	1	0	1	1	1	1	1	//C_Soldier_Hat 

//Pokemon
20463	1	1	0	1	1	1	1	0	//C_Two_Tone_Beret
7544	1	1	0	1	1	1	1	0	//Lotto43

//Arthemis Hunt Gacha Baphomet
19015	1	0	0	0	1	1	1	0	//C_Gemma_Hairband
400478	1	0	0	0	1	1	1	1	//Red_Commando_ROC
400479	1	1	0	1	1	1	1	1	//Comp_Red_Commando_ROC
107947	1	1	0	1	1	1	1	1	//Artemis_Hunt_ROC

//Windrunner Hunt Scroll Eddga 20/08/2026
107979	1	1	0	1	1	1	1	1	//Windrunner_ROC

//Fatal Strike Scroll Bapho 27/08/2026
107980	1	1	0	1	1	1	1	1	//Fatal_Strike_ROC
400626	1	0	0	0	1	1	1	1	//Combat_Vestige_ROC
18754	1	0	0	0	1	1	1	1	//Blood_Sucker

//Extended Dungeon
25218	1	1	0	1	1	1	1	0	//Tree_Branches

//Seraphim Costume Scroll
31588	1	0	0	0	1	1	1	1	//C_SnowFlake_Tiara
19522	1	0	0	0	1	1	1	1	//Mini_Crown1
19781	1	0	0	0	1	1	1	1	//C_Ear_Of_Angel's_Wing_
31296	1	0	0	0	1	1	1	1	//C_Strawberry_In_Mouth
480239	1	0	0	0	1	1	1	1	//C_Cupid_Wing_Pink_ROC
108078	1	1	0	1	1	1	1	1	//Seraphimt_ROC

//Mewtastic Costume Scroll
108076	1	1	0	1	1	1	1	1	//Meowtastic_ROC

//Divine Vow
108077	1	1	0	1	1	1	1	1	//Divine_Vow_ROC

//Marksman Scroll
108079	1	1	0	1	1	1	1	1	//Marksman_ROC
19729	1	0	0	0	1	1	1	1	//C_Neko_Mimi_Kafra

//Warrunner_ROC
108080	1	1	0	1	1	1	1	1 //Warrunner_ROC

//Ice Cave Challenge
7562 	1	1	0	1	1	1	1	1	//Ice_Scale
31432	1	0	0	0	1	1	1	1	//C_Luwmin_Ice
31905	1	0	0	0	1	1	1	1	//C_Blanc_Neige_Prince