//道具ID,	drop,	背券芒棵府扁,	芒绊,	墨飘,	NPC魄概,	皋老,	苛记,	辨靛芒绊	
//捞屈侥篮傍归扼牢阑牢沥窍瘤臼嚼聪促.林狼窍技夸	
//这个形式不认证空白Line.请注意	
//道具ID，DROP，放入交易，仓库，手推车，NPC贩卖，邮件，拍卖，公会仓库	
547	0	0	0	0	1	0	0	1	//拳捞飘浇覆器记//白色纤细药水
556	1	1	0	1	0	1	1	1	//Long_Rice_Cake
557	1	1	0	1	0	1	1	1	//Hash_Rce_Cake
564	1	1	0	1	0	1	1	1	//Rice_Ball
569	1	1	0	1	1	1	1	1	//NovicePotion
598	1	1	0	1	1	1	1	1	
599	1	1	0	1	1	1	1	1	
601	1	1	0	1	1	1	1	1	
602	1	1	0	1	1	1	1	1	
603	0	0	0	0	1	0	0	0	//坷贰等颇鄂箱子//神秘箱子
617	0	0	0	0	1	0	0	0	//坷贰等焊扼箱子//神秘紫箱
744	1	0	0	0	0	0	0	0	//采促惯//花束
745	1	0	0	0	0	0	0	0	//何纳//捧花
1173	1	1	1	1	1	1	1	1	//RentItem
1177	1	1	0	1	1	1	1	1	//内服服事发放道具//内服服事发放道具
1183	1	1	1	1	0	1	1	1	//BF_Two_Handed_Sword1
1184	1	1	1	1	0	1	1	1	//BF_Two_Handed_Sword2
1187	1	1	1	1	0	1	1	1	//5vs5战场道具//5vs5战场道具
1190	1	1	1	1	1	1	1	1	//十字巨剑_C//十字巨剑
1192	1	1	1	1	0	1	1	1	//P浇饭捞绢1//双手剑
1193	1	1	1	1	0	1	1	1	//P浇饭捞绢2//双手剑
1197	1	1	1	1	0	1	1	1	//P_Slayer3
1198	1	1	1	1	1	1	1	1	//Hairtail
1243	1	1	1	1	0	1	1	1	//
1267	1	1	1	1	1	1	1	1	//RentItem
1272	1	1	0	1	1	1	1	1	//内服服事发放道具//内服服饰发放道具
1279	1	1	1	1	0	1	1	1	//BF_Katar1
1280	1	1	1	1	0	1	1	1	//BF_Katar2
1281	1	1	1	1	0	1	1	1	//5vs5战场道具//5vs5战场道具
1282	1	1	1	1	0	1	1	1	//5vs5战场道具//5vs5战场道具
1283	1	1	1	1	1	1	1	1	//租赁道具,//租赁道具
1286	1	1	1	1	1	1	1	1	//秘刃?啸_C//秘刃?啸
1289	1	1	1	1	0	1	1	1	//P_Katar1
1290	0	0	0	0	0	0	0	1	
1291	0	0	0	0	0	0	0	1	
1292	1	0	0	0	0	1	1	1	//Upg_Katar
1296	1	1	1	1	0	1	1	1	//皋呕墨鸥福//超合金拳刃
1298	1	0	0	0	1	1	1	1	//Shiver_Katar
1299	1	1	1	1	0	1	1	1	//TE_Woe_Katar
1310	1	1	1	1	0	1	1	1	//5vs5战场道具//5vs5战场道具
1312	1	1	1	1	1	1	1	1	//兽人斧_C//兽人斧
1313	1	1	1	1	0	1	1	1	//咯青磊狼档尝//旅行者的斧头
1318	1	0	0	0	1	1	1	1	//Dofle_Axe
1319	1	1	1	1	0	1	1	1	//TE_Woe_Axe
1372	1	1	1	1	1	1	1	1	//RentItem
1379	1	1	1	1	0	1	1	1	//BF_Two_Handed_Axe1
1380	1	1	1	1	0	1	1	1	//BF_Two_Handed_Axe2
1381	1	1	1	1	0	1	1	1	//N_Battle_Axe
1382	1	1	1	1	0	1	1	1	//5vs5战场道具//5vs5战场道具
1383	1	1	0	1	1	1	1	1	//Holy_Celestial_Axe
1386	1	1	1	1	1	1	1	1	//印度尼西亚租赁道具_狄浇饭捞绢_I//印度尼西亚租赁超重双手斧
1388	1	1	1	1	1	1	1	1	//双手斧_C//双手斧
1391	1	1	1	1	0	1	1	1	//P_Two_Handed_Axe1
1392	0	0	0	0	0	0	0	1	
1393	0	0	0	0	0	0	0	1	
1394	1	0	0	0	0	1	1	1	//Upg_Two_Handed_Axe
1398	1	1	1	1	0	1	1	1	//皋呕双手斧//超合金巨斧
1399	1	1	1	1	0	1	1	1	//TE_Woe_Two_Handed_Axe
1419	1	1	1	1	1	1	1	1	//RentItem
1423	1	1	0	1	1	1	1	1	//内服服事发放道具//内服服事发放道具
1425	1	1	1	1	0	1	1	1	//BF_Spear1
1426	1	1	1	1	0	1	1	1	//5vs5战场道具//5vs5战场道具
1427	1	1	1	1	1	1	1	1	//租赁道具,//租赁道具
1428	1	1	0	1	1	1	1	1	//新加坡移动商城道具_氛去_M//新加坡移动商城道具长角枪
1429	1	1	0	1	1	1	1	1	//新加坡移动商城道具_清泼胶乔绢_M//新加坡移动商城道具狩猎长矛
1430	1	1	1	1	1	1	1	1	//步兵长矛_C//步兵长矛
1434	1	1	1	1	0	1	1	1	//P_Sphere1
1435	0	0	0	0	0	0	0	1	
1437	1	1	1	1	0	1	1	1	//TE_Woe_Pike
1482	1	1	1	1	0	1	1	1	//BF_Lance1
1486	1	1	1	1	0	1	1	1	//5vs5战场道具//5vs5战场道具
1487	1	1	1	1	1	1	1	1	//骑士长矛_C//骑士长矛
1489	1	1	1	1	1	1	1	1	//Spearfish_
1490	0	0	0	0	0	0	0	1	
1491	1	0	0	0	0	1	1	1	//Upg_Lance
1493	1	1	1	1	0	1	1	1	//皋呕骑士长矛//超合金长矛
1494	1	0	0	0	1	1	1	1	//Undine_Spear
1495	1	1	1	1	0	1	1	1	//TE_Woe_Lance
1533	1	1	1	1	1	1	1	1	//台湾4周年-侩荤狼惯苟//台湾四周年-勇士的神器天谴
1536	1	1	0	1	1	1	1	1	//内服服事发放道具//内服服事发放道具
1542	1	1	1	1	0	1	1	1	//BF_Morning_Star1
1543	1	1	1	1	0	1	1	1	//BF_Morning_Star2
1545	1	1	1	1	0	1	1	1	//N_Mace
1546	1	1	1	1	0	1	1	1	//5vs5战场道具//5vs5战场道具
1547	1	1	1	1	1	1	1	1	//租赁道具,//租赁道具
1549	1	0	0	0	1	1	1	1	//Pilebuncker
1563	1	1	1	1	1	1	1	1	//RentItem
1566	1	1	0	1	1	1	1	1	//内服服事发放道具//内服服事发放道具
1574	1	1	1	1	0	1	1	1	//BF_Book1
1575	1	1	1	1	0	1	1	1	//BF_Book2
1576	1	1	1	1	0	1	1	1	//5vs5战场道具//5vs5战场道具
1577	1	1	1	1	0	1	1	1	//5vs5战场道具//5vs5战场道具
1578	1	1	1	1	1	1	1	1	//租赁道具,//租赁道具
1579	1	1	0	1	1	1	1	1	//新加坡移动商城道具_荤脚狼疙何_M//新加坡移动商城道具死神的名簿
1580	1	1	1	1	1	1	1	1	//大百科全书_C//大百科全书
1583	1	1	1	1	0	1	1	1	//P_Dic1
1584	0	0	0	0	0	0	0	1	
1585	1	0	0	0	0	1	1	1	//Upg_Book
1588	1	1	1	1	0	1	1	1	//皋呕合//超合金天书
1590	1	0	0	0	1	1	1	1	//Snake_Encyclopedia
1591	1	1	1	1	0	1	1	1	//TE_Woe_Book
1596	1	0	0	0	0	1	1	1	//Earth_Pedigree_Book
1623	1	1	1	1	1	1	1	1	//RentItem
1627	1	1	0	1	1	1	1	1	//内服服事发放道具//内服服事发放道具
1632	1	1	1	1	0	1	1	1	//BF_Staff1
1633	1	1	1	1	0	1	1	1	//BF_Staff2
1634	1	1	1	1	0	1	1	1	//BF_Staff3
1635	1	1	1	1	0	1	1	1	//BF_Staff4
1638	1	1	1	1	1	1	1	1	//商城道具//商城道具
1639	1	1	1	1	0	1	1	1	//N_Rod
1640	1	1	1	1	0	1	1	1	//5vs5战场道具//5vs5战场道具
1641	1	1	1	1	0	1	1	1	//5vs5战场道具//5vs5战场道具
1642	1	1	1	1	1	1	1	1	//租赁道具,//租赁道具
1644	1	1	0	1	1	1	1	1	//新加坡移动商城道具_智慧魔杖坷宏乔绢教_M//新加坡移动商城道具锐利波之杖
1645	1	1	0	1	1	1	1	1	//新加坡移动商城道具_府摹秦榜瘤莆捞_M//新加坡移动商城道具里奇的骷髅魔杖
1650	1	1	1	1	0	1	1	1	//P智慧魔杖1//
1651	1	1	1	1	0	1	1	1	//P智慧魔杖2
1652	1	1	1	1	0	1	1	1	//旅行者的法杖
1658	1	1	1	1	0	1	1	1	//P_Staff3
1659	0	0	0	0	0	0	0	1	
1667	1	1	1	1	0	1	1	1	//TE_Woe_Staff
1703	1	1	1	1	0	1	1	1	//3转_弓__
1728	1	1	1	1	1	1	1	1	//RentItem
1735	1	1	0	1	1	1	1	1	//内服服事发放道具
1738	1	1	1	1	0	1	1	1	//BF_Bow1
1739	1	1	1	1	0	1	1	1	//BF_Bow2
1742	1	1	1	1	0	1	1	1	//N_Composite_Bow
1743	1	1	1	1	0	1	1	1	//5vs5战场道具
1744	1	1	1	1	1	1	1	1	//租赁道具,
1747	1	1	1	1	0	1	1	1	//P弓1
1748	1	1	1	1	0	1	1	1	//P弓2
1749	1	1	1	1	0	1	1	1	//旅行者的弓
1803	1	1	1	1	0	1	1	1	
1817	1	1	1	1	1	1	1	1	//RentItem
1823	1	1	1	1	0	1	1	1	//BF_Knuckle1
1824	1	1	1	1	0	1	1	1	//BF_Knuckle2
1826	1	1	1	1	0	1	1	1	//5vs5战场道具
1827	1	1	1	1	0	1	1	1	//5vs5战场道具
1828	1	1	1	1	1	1	1	1	//租赁道具,
1829	1	1	1	1	1	1	1	1	//升龙拳套_C
1831	1	1	1	1	0	1	1	1	//P_Knuckle1
1833	1	0	0	0	1	1	1	1	//Claw_Of_Flash
1834	1	1	1	1	0	1	1	1	//TE_Woe_Fist
1837	1	0	0	0	0	1	1	1	//Iron_nail
1921	1	1	0	1	1	1	1	1	//内服服事发放道具
1923	1	1	1	1	0	1	1	1	//BF_Instrument1
1924	1	1	1	1	0	1	1	1	//BF_Instrument2
1927	1	1	1	1	0	1	1	1	//5vs5战场道具
1928	1	1	1	1	1	1	1	1	//印度尼西亚租赁道具_狂暴吉他_I
1929	1	1	1	1	1	1	1	1	//吉他_C
1931	1	1	1	1	0	1	1	1	//P_String_Inst1
1932	1	1	1	1	0	1	1	1	//TE_Woe_Guitar
1975	1	1	0	1	1	1	1	1	//内服服事发放道具
1977	1	1	1	1	0	1	1	1	//BF_Whip1
1978	1	1	1	1	0	1	1	1	//BF_Whip2
1981	1	1	1	1	0	1	1	1	//5vs5战场道具
1982	1	1	1	1	1	1	1	1	//租赁道具,
1983	1	1	1	1	1	1	1	1	//流星鞭子_C
1986	1	1	1	1	0	1	1	1	//P_Tail1
1987	1	1	1	1	0	1	1	1	//TE_Woe_Rope
2002	1	1	1	1	0	1	1	1	//5vs5战场道具
2003	1	1	0	1	1	1	1	1	//新加坡移动商城道具_破坏之杖_M
2006	1	1	0	1	1	1	1	1	//G_Staff_Of_Light
2015	1	0	0	0	0	1	1	1	//Upg_Staff
2018	1	1	1	1	0	1	1	1	//超合金魔杖
2019	1	1	1	1	0	1	1	1	//TE_Woe_Two_Hand_Staff
2112	1	1	1	1	0	1	1	1	//
2127	1	1	0	1	1	1	1	1	//内服服事发放道具
2132	1	1	1	1	1	1	1	1	//商城道具,Shelter_Resistance
2140	1	1	1	1	1	1	1	1	//3转_能量符文翼盾
2145	1	1	1	1	0	1	1	1	//时间的守护者钢盾
2149	1	0	0	0	1	1	1	0	//Upg_Guard
2150	1	0	0	0	1	1	1	0	//Upg_Buckler
2151	1	0	0	0	1	1	1	0	//Upg_Shield
2160	0	0	0	0	0	0	0	1	
2161	0	0	0	0	0	0	0	1	
2162	0	0	0	0	0	0	0	1	
2163	0	0	0	0	0	1	1	1	//Flow_Shield
2165	0	0	0	0	0	1	1	1	//Sol_Shield
2167	0	0	0	0	0	1	1	1	//poison_Shield
2168	0	0	0	0	0	1	1	1	
2175	1	0	0	0	1	1	1	1	//Esprit_Shield
2176	1	0	0	0	1	1	1	1	//Dark_Book
2177	1	0	0	0	1	1	1	1	//Shield_Of_Death
2178	1	1	1	1	0	1	1	1	//TE_Woe_Buckler
2179	1	1	1	1	0	1	1	1	//TE_Woe_Shield
2180	1	1	1	1	0	1	1	1	//TE_Woe_Magic_Guard
2188	1	0	0	0	0	1	1	1	//Svalinn_J
2190	1	0	0	0	0	1	1	1	//Ancient_Shield_Of_Aeon
2237	1	1	0	1	0	1	1	1	//Weird_Goatee
2352	1	1	1	1	0	1	1	1	//
2358	1	1	0	1	0	1	1	1	//台湾-天使礼服
2368	1	1	0	1	0	1	1	1	//印度尼西亚,黄金甲衣
2370	1	1	0	1	1	1	1	1	//内服服事发放道具
2376	1	1	1	1	0	1	1	1	//Assaulter_Plate
2377	1	1	1	1	0	1	1	1	//Elite_Engineer_Armor
2378	1	1	1	1	0	1	1	1	//Assassin_Robe
2379	1	1	1	1	0	1	1	1	//Warlock_Battle_Robe
2380	1	1	1	1	0	1	1	1	//Medic_Robe
2381	1	1	1	1	0	1	1	1	//Elite_Archer_Suit
2382	1	1	1	1	0	1	1	1	//Elite_Shooter_Suit
2384	1	1	1	1	1	1	1	1	//商城道具,圣灵战袍
2385	1	1	1	1	1	1	1	1	//商城道具,元气恢复铠甲
2393	1	1	1	1	0	1	1	1	//N_Adventurer's_Suit
2394	1	1	1	1	0	1	1	1	//5vs5战场道具
2395	1	1	1	1	0	1	1	1	//5vs5战场道具
2396	1	1	1	1	0	1	1	1	//5vs5战场道具
2398	1	1	0	1	1	1	1	1	//新加坡移动商城道具_剪裁服装_M
2414	1	1	1	1	0	1	1	1	//
2427	1	1	0	1	0	1	1	1	//印度尼西亚,黄金战靴
2429	1	1	1	1	1	1	1	1	//俄罗斯活动道具
2430	1	1	1	1	1	1	1	1	//俄罗斯活动道具
2431	1	1	0	1	1	1	1	1	//内服服事发放道具
2435	1	1	1	1	0	1	1	1	//Battle_Greave
2436	1	1	1	1	0	1	1	1	//Combat_Boots
2437	1	1	1	1	0	1	1	1	//Battle_Boots
2438	1	1	0	1	0	1	1	1	//新年活动_猫爪
2439	1	1	1	1	1	1	1	1	//商城道具,Refresh_Shoes
2441	1	0	0	0	1	1	1	1	//Beach_Sandal
2444	1	1	1	1	0	1	1	1	//5vs5战场道具
2445	1	1	1	1	0	1	1	1	//5vs5战场道具
2446	1	1	1	1	0	1	1	1	//5vs5战场道具
2449	1	1	0	1	1	1	1	1	//新加坡移动商城道具_变形长靴_M
2455	1	1	1	1	0	1	1	1	//时间的守护者长靴
2456	1	1	1	1	0	1	1	1	//伊甸园短靴1
2457	1	1	1	1	0	1	1	1	//伊甸园短靴2
2458	1	1	1	1	0	1	1	1	//伊甸园短靴3
2459	1	0	0	0	1	1	1	0	//Upg_Shoes
2460	1	0	0	0	1	1	1	0	//Upg_Boots
2461	1	0	0	0	1	1	1	0	//Upg_Greave
2463	1	1	1	1	1	1	1	1	//野兽靴子
2473	1	1	1	1	0	1	1	1	//Para_Team_Boots4
2495	1	0	0	0	1	1	1	1	//Egir_Shoes
2496	1	1	1	1	0	1	1	1	//TE_Woe_Shoes
2497	1	1	1	1	0	1	1	1	//TE_Woe_Boots
2498	1	1	1	1	0	1	1	1	//TE_Woe_Magic_Sandal
2510	1	1	1	1	0	1	1	1	//
2534	1	1	0	1	1	1	1	1	//内服服事发放道具
2538	1	1	1	1	0	1	1	1	//Commander_Manteau
2539	1	1	1	1	0	1	1	1	//Commander_Manteau_
2540	1	1	1	1	0	1	1	1	//Sheriff_Manteau
2543	1	1	1	1	1	1	1	1	//商城道具,Sylphid_Manteau
2546	1	0	0	0	1	1	1	1	//Beach_Manteau
2549	1	1	1	1	0	1	1	1	//5vs5战场道具
2551	1	1	0	1	1	1	1	1	//新加坡移动商城道具_骑乘之徽章_M
2552	1	1	0	1	1	1	1	1	//新加坡移动商城道具_迷思力魔法斗篷_M
2559	1	1	1	1	0	1	1	1	//时间的守护者斗篷
2560	1	1	1	1	0	1	1	1	//伊甸园斗篷
2561	1	0	0	0	1	1	1	0	//Upg_Hood
2562	1	0	0	0	1	1	1	0	//Upg_Muffler
2563	1	0	0	0	1	1	1	0	//Upg_Manteau
2564	1	1	1	1	1	1	1	1	//野兽尾巴
2568	1	1	0	1	1	1	1	1	
2571	1	1	1	1	0	1	1	1	//Para_Team_Manteau2
2573	1	0	0	0	1	1	1	1	//Archangel_Wing
2576	1	0	0	0	0	1	1	1	//Bravery_Bagd
2579	1	0	0	0	1	1	1	1	//Magic_Stole
2582	0	0	0	0	0	0	0	1	
2589	1	0	0	0	1	1	1	1	
2596	1	0	0	0	1	1	1	1	//Sharel_Manteau
2597	1	0	0	0	0	1	1	1	//Scarlet_Poncho
2598	1	0	0	0	1	1	1	1	//Ramor_Manteau
2634	1	1	1	1	1	1	1	1	//结婚戒指
2635	1	1	1	1	1	1	1	1	//结婚戒指
2638	1	1	0	0	0	1	1	1	//Exorcize_Sachet
2639	1	1	0	0	0	1	1	1	//Purification_Sachet
2642	1	1	1	1	1	1	1	1	//施琳的金戒指
2644	1	1	1	1	1	1	1	1	//标示armor
2647	1	1	1	1	1	1	1	1	//尼罗玫瑰
2668	1	1	1	1	0	1	1	1	//中国-女性节
2670	1	1	0	1	1	1	1	1	//台湾-粉色思念戒指
2673	1	1	0	1	1	1	1	1	//台湾4周年-四周年纪念戒
2674	1	1	1	1	1	1	1	1	//印度尼西亚名誉戒指
2676	1	1	1	1	1	1	1	1	//印度尼西亚活动
2681	1	1	1	1	1	1	1	1	//海外道具-共和国纪念戒指吗
2682	1	1	0	1	0	1	1	1	//NewCap
2683	1	1	0	1	0	1	1	1	//NewCap
2684	1	1	0	1	0	1	1	1	//NewCap
2685	1	1	0	1	0	1	1	1	//NewCap
2686	1	1	1	1	1	1	1	1	//RentItem
2687	1	1	1	1	1	1	1	1	//RentItem
2688	1	1	1	1	1	1	1	1	//RentItem
2689	1	1	1	1	1	1	1	1	//RentItem
2690	1	1	1	1	1	1	1	1	//RentItem
2691	1	1	1	1	1	1	1	1	//RentItem
2692	1	1	1	1	1	1	1	1	//RentItem
2693	1	1	1	1	1	1	1	1	//RentItem
2694	1	1	1	1	1	1	1	1	//RentItem
2695	1	1	1	1	1	1	1	1	//RentItem
2696	1	1	1	1	1	1	1	1	//RentItem
2697	1	1	1	1	1	1	1	1	//RentItem
2698	1	1	1	1	1	1	1	1	//RentItem
2699	1	1	1	1	1	1	1	1	//RentItem
2704	1	1	0	1	0	1	1	1	//印度尼西亚,黄金饰品
2705	1	1	0	1	0	1	1	1	//印度尼西亚,黄金饰品2
2707	1	1	0	1	1	1	1	1	
2708	1	1	0	1	1	1	1	1	//新加坡活动道具中国制手工品
2713	1	1	1	1	1	1	1	1	//???????
2720	1	1	1	1	0	1	1	1	//战场道具,剑士勋章
2721	1	1	1	1	0	1	1	1	//战场道具,盗贼勋章
2722	1	1	1	1	0	1	1	1	//战场道具,服事勋章
2723	1	1	1	1	0	1	1	1	//战场道具,法师勋章
2724	1	1	1	1	0	1	1	1	//战场道具,弓手勋章
2725	1	1	1	1	0	1	1	1	//战场道具,商人勋章
2730	1	1	0	1	0	1	1	1	//洲际卫队的印鉴,魔怒克印鉴
2731	1	1	0	1	0	1	1	1	//符文文字咒语石,魔怒克咒语石
2732	1	1	0	1	0	1	1	1	//死亡之扣环,魔怒克扣环
2733	1	1	1	1	0	1	1	1	//Medal_Gunner
2736	1	1	0	1	1	1	1	1	//Navel_Ring
2738	1	1	1	1	1	1	1	1	//网吧活动道具,发光纪念硬币
2739	1	1	1	1	1	1	1	1	//网吧活动道具,普通纪念硬币
2740	1	1	1	1	1	1	1	1	//网吧活动道具,生锈纪念硬币
2741	1	1	1	1	1	1	1	1	//商城道具,多功能钻戒
2742	1	1	1	1	1	1	1	1	//租赁道具,Lucky_Clip
2750	1	1	1	1	1	1	1	1	//活动道具,死亡引导者
2751	1	0	0	0	0	1	1	1	//日本魔法学院胸章
2752	1	1	1	1	1	1	1	1	//商城道具
2753	1	1	1	1	1	1	1	1	//Beholder_Ring
2754	1	1	1	1	1	1	1	1	//Hallow_Ring
2755	1	1	1	1	1	1	1	1	//Clamorous_Ring
2756	1	1	1	1	1	1	1	1	//Chemical_Ring
2757	1	1	1	1	1	1	1	1	//Insecticide_Ring
2758	1	1	1	1	1	1	1	1	//Fisher_Ring
2759	1	1	1	1	1	1	1	1	//Decussate_Ring
2760	1	1	1	1	1	1	1	1	//Bloody_Ring
2761	1	1	1	1	1	1	1	1	//Satanic_Ring
2762	1	1	1	1	1	1	1	1	//Dragoon_Ring
2765	1	1	0	1	1	1	1	1	//Novice_Figure
2766	1	1	0	1	1	1	1	1	//Swordman_Figure
2767	1	1	0	1	1	1	1	1	//Acolyte_Figure
2768	1	1	0	1	1	1	1	1	//Mage_Figure
2769	1	1	0	1	1	1	1	1	//Archer_Figure
2770	1	1	0	1	1	1	1	1	//Thief_Figure
2771	1	1	0	1	1	1	1	1	//Merchant_Figure
2772	1	1	1	1	0	1	1	1	//5vs5战场道具
2773	1	1	1	1	0	1	1	1	//5vs5战场道具
2774	1	1	1	1	0	1	1	1	//5vs5战场道具
2778	1	0	0	0	0	0	0	0	//萨满耳环
2781	1	0	0	0	0	0	0	0	//Aumdura's_Grace
2782	1	1	0	1	1	1	1	1	//episode13.2-智慧王之戒
2785	1	1	0	1	1	1	1	1	//新加坡移动商城道具_欧罗莱昂的铁盘_M
2792	1	1	1	1	1	1	1	1	//印度尼西亚租赁道具_火焰国王戒指_I
2793	1	1	1	1	1	1	1	1	//印度尼西亚租赁道具_共鸣戒指_I
2794	1	1	1	1	1	1	1	1	//3转_魔力石戒
2795	1	1	1	1	0	1	1	1	//3转_青苹果戒
2796	1	1	1	1	0	1	1	1	//3转_魔力石A
2797	1	1	1	1	0	1	1	1	//3转_魔力石B
2798	1	1	1	1	0	1	1	1	//3转_疲惫的战士意志
2816	1	1	1	1	1	1	1	1	//雷达戒01
2817	1	1	1	1	1	1	1	1	//雷达戒02
2818	1	1	1	1	1	1	1	1	//雷达戒03
2819	1	1	1	1	0	1	1	1	//剑士入门手册
2820	1	1	1	1	0	1	1	1	//盗贼入门手册
2821	1	1	1	1	0	1	1	1	//服事入门手册
2822	1	1	1	1	0	1	1	1	//弓手入门手册
2823	1	1	1	1	0	1	1	1	//商人入门手册
2824	1	1	1	1	0	1	1	1	//法师入门手册
2825	1	0	0	0	0	0	0	0	//萨满耳环B
2826	1	0	0	0	0	0	0	0	//黑暗骑士皮带B
2827	1	0	0	0	0	1	1	0	//Dark_Knight_GloveB
2828	1	0	0	0	1	1	1	0	//Upg_Clip
2829	1	1	1	1	1	1	1	1	//Greed_Clip
2841	1	1	1	1	1	1	1	1	//Caracas_Ring
2843	1	1	1	1	1	1	1	1	//黄金铃铛
2844	1	1	0	1	1	1	1	1	//艾尔迪卡斯特之光
2858	1	1	1	1	1	1	1	1	
2870	1	1	0	1	0	1	1	1	//Rag_Ring08_TW
2871	1	1	0	1	1	1	1	1	//Brazilian_Emblem
2872	1	1	0	1	1	1	1	1	//G_Honor_Certificate
2873	1	0	0	1	0	1	1	1	
2875	1	1	0	1	1	1	1	1	//RO感激之戒
2885	1	1	1	1	0	1	1	1	//妈妈的心
2888	1	0	0	0	1	1	1	1	//School_Bag
2892	0	0	0	0	0	0	0	1	
2897	1	1	0	1	1	1	1	1	//2011RWC项链
2906	1	0	0	0	1	1	1	1	//Happy_Gauntlet
2913	1	0	0	0	1	1	1	1	//Thief_Handcuff
2914	0	0	0	0	0	0	1	1	
2915	1	1	0	1	0	1	1	1	//Ettlang_Keepsake
2916	1	1	0	1	1	1	1	1	//Fairy_Wing
2936	1	0	0	0	1	1	1	1	//Recovery_Ring
2940	1	1	1	1	0	1	1	1	//Ninja_Manual
2941	1	1	1	1	0	1	1	1	//Gunslinger_Manual
2942	1	1	1	1	0	1	1	1	//Taekwon_Manual
2943	0	0	0	0	0	1	1	1	//Critical_Ring_
2944	1	1	1	1	0	1	1	1	//TE_Ring_Of_Protection
2945	1	1	1	1	0	1	1	1	//TE_Ring_Of_Rage
2946	1	1	1	1	0	1	1	1	//TE_Ring_Of_Defiance
2950	1	1	1	1	1	1	1	1	//Rune_Ring
2959	1	0	0	0	1	1	1	1	//Fidelity_Necklace忠诚项链
2965	1	0	0	0	1	1	1	1	
2972	1	1	0	1	0	1	1	1	//Protected_Love
2973	1	1	0	1	0	1	1	1	//Eternal_Love
2974	1	0	0	0	0	1	1	1	//Eternal_Protected_Love
2979	1	0	0	0	0	0	0	1	//Strawberry_Decoration
2985	1	0	0	0	0	1	1	1	//Gyges_Ring
2986	0	0	0	0	0	1	1	1	//Snake_Ring
2987	0	0	0	0	0	1	1	1	//Snake_Pendant
4480	1	0	0	0	1	1	1	1	
4481	1	0	0	0	0	1	1	1	
4482	1	0	0	0	0	1		1	
4483	1	0	0	0	1	1	1	1	
4484	1	0	0	0	1	1	1	1	
4485	1	0	0	0	1	1	1	1	
4486	1	0	0	0	1	1	1	1	
4487	1	0	0	0	0	1	1	1	
4488	1	0	0	0	1	1	1	1	
4489	1	0	0	0	1	1	1	1	
4490	1	0	0	0	1	1	1	1	
4491	1	0	0	0	0	1	1	1	
4492	1	0	0	0	1	1	1	1	
4493	1	0	0	0	0	1	1	1	
4494	1	0	0	0	1	1	1	1	
4495	1	0	0	0	1	1	1	1	
4497	1	0	0	1	1	1	1	1	
4498	1	0	0	1	1	1	1	1	
4499	1	0	0	0	1	1	1	1	
4500	1	0	0	0	0	1	1	1	
4501	1	0	0	0	1	1	1	1	
4502	1	0	0	0	1	1	1	1	
4503	1	0	0	0	0	1	1	1	
4504	1	0	0	0	0	1	1	1	
4535	1	0	0	0	0	1	1	1	//Sealed_Rand_Card
4537	1	0	0	0	0	1	1	1	
4540	1	0	0	0	1	1	1	1	
4541	1	0	0	1	1	1	1	1	
4542	1	0	0	0	1	1	1	1	
4543	1	0	0	1	1	1	1	1	
4544	1	0	0	1	1	1	1	1	
4545	0	0	0	0	0	1	1	1	//Novice_Poring_Card
4558	0	0	0	0	0	1	1	1	
4611	1	0	0	0	0	1	1	1	//RO_Amis_Card
4612	1	0	0	0	0	1	1	1	//RO_MIA_Card
4613	1	0	0	0	0	1	1	1	//RO_Sobum_Card
4614	1	0	0	0	0	1	1	1	//RO_Sowoo_Card
4615	1	0	0	0	0	1	1	1	//RO_Soyeun_Card
4616	1	0	0	0	0	1	1	1	//RO_Sowul_Card
4617	1	0	0	0	0	1	1	1	//RO_Yiyi_Card
4618	1	0	0	0	0	1	1	1	//RO_Catcy_Card
4619	1	0	0	0	0	1	1	1	//RO_Pipi_Card
4620	1	0	0	0	0	1	1	1	//RO_Yeppy_Card
4621	1	0	0	0	0	1	1	1	//RO_Jinyung_Card
4622	1	0	0	0	0	1	1	1	//RO_Dalcom_Card
5020	1	0	0	0	0	1	1	1	//Kafra_Band
5055	1	1	1	1	0	1	1	1	//
5056	1	0	0	0	0	1	1	1	//Love_Berry
5100	1	1	0	1	1	1	1	1	//Sales_Signboard
5105	1	1	0	1	0	1	1	1	//NewCap
5131	1	0	0	0	1	1	1	1	//Close_Helmet
5132	1	0	0	0	1	1	1	1	//天使波利帽子
5133	1	0	0	0	1	1	1	1	//Sheep_Hat
5140	1	0	0	0	1	1	1	1	//Charming_Ribbon
5142	1	1	0	1	0	1	1	1	//NewCap
5143	1	0	0	0	1	1	1	1	//Kabuki_Mask
5147	1	0	0	0	1	1	1	1	//Baseball_Cap
5149	1	1	0	1	0	1	1	1	//欧洲活动-银色提阿拉
5154	1	1	0	1	1	1	1	1	//印度-太阳眼镜_F
5155	1	1	0	1	1	1	1	1	//印度-白胡须_F
5156	1	1	0	1	1	1	1	1	//印度-口罩_F
5181	1	1	0	1	1	1	1	1	//Helm_Of_Darkness
5182	1	0	0	0	0	1	1	1	//Puppy_Hat
5186	1	0	0	1	1	1	1	1	//Geographer_Band
5187	1	0	0	0	1	1	1	1	//Twin_Ribbon
5188	1	0	0	0	0	1	1	1	//Minstrel_Hat
5191	1	0	0	0	0	1	1	1	//NewCap
5192	1	1	0	1	0	1	1	1	//NewCap
5193	1	1	0	1	0	1	1	1	//NewCap
5194	1	1	0	1	0	1	1	1	//NewCap
5195	1	1	0	1	0	1	1	1	//NewCap
5196	1	1	0	1	0	1	1	1	//NewCap
5197	1	1	0	1	0	1	1	1	//NewCap
5198	1	0	0	0	1	1	1	1	//Drooping_Bunny
5201	1	1	1	1	0	1	1	0	//巴西2周年
5203	0	0	0	0	0	0	0	0	//Tongue_Mask
5206	1	0	0	0	0	1	1	1	//Romantic_White_Flower
5208	1	0	0	0	1	1	1	1	//Rideword_Hat
5209	1	1	0	1	0	1	1	1	//NewCap
5210	1	0	0	0	1	1	1	1	//商城道具
5211	1	0	0	0	1	1	1	1	//?????
5212	1	0	0	0	1	1	1	1	//?????
5213	1	0	0	0	1	1	1	1	//?????
5214	1	0	0	0	1	1	1	1	//?????
5215	1	1	0	1	1	1	1	1	//商城道具
5216	1	1	0	1	1	1	1	1	//商城道具
5217	1	1	0	1	1	1	1	1	//商城道具
5218	1	1	0	1	1	1	1	1	//商城道具
5219	1	1	0	1	1	1	1	1	//商城道具
5220	1	1	0	1	1	1	1	1	//商城道具
5221	1	1	0	1	1	1	1	1	//商城道具
5222	1	1	0	1	1	1	1	1	//商城道具
5223	1	1	0	1	1	1	1	1	//商城道具
5224	1	1	0	1	1	1	1	1	//商城道具
5225	1	1	0	1	0	1	1	1	//NewCap
5226	1	0	0	0	1	1	1	1	//商城道具
5227	1	1	0	1	1	1	1	1	//商城道具
5228	1	0	0	1	1	1	1	1	//商城道具
5229	1	1	0	1	1	1	1	1	//商城道具
5230	1	1	0	1	1	1	1	1	//商城道具
5231	1	1	0	1	1	1	1	1	//商城道具
5232	1	0	0	0	1	1	1	1	//商城道具
5233	1	1	0	1	1	1	1	1	//商城道具
5234	1	1	0	1	1	1	1	1	//商城道具
5235	1	1	0	1	1	1	1	1	//商城道具
5236	1	1	0	1	1	1	1	1	//商城道具
5237	1	0	0	0	0	1	1	1	//商城道具
5238	1	0	0	1	1	1	1	1	//Red_Wizardry_Hat
5239	1	0	0	0	1	1	1	1	//商城道具
5240	1	1	0	1	1	1	1	1	//商城道具
5241	1	1	0	1	1	1	1	1	//商城道具
5242	1	1	0	1	1	1	1	1	//商城道具
5243	1	1	0	1	0	1	1	1	//NewCap
5252	1	0	0	0	1	1	1	1	//?????
5253	1	0	0	0	1	1	1	1	//?????
5254	1	1	0	1	1	1	1	1	//Deviling_Hat
5255	1	0	0	0	1	1	1	1	//?????
5256	1	0	0	0	0	1	1	1	//NewCap
5257	1	0	0	0	0	1	1	1	//NewCap
5258	1	1	0	1	0	1	1	1	//NewCap
5263	1	1	0	1	0	1	1	1	//NewCap
5264	1	1	0	1	0	1	1	1	//NewCap
5265	1	1	1	1	1	1	1	1	//RentItem
5266	1	1	1	1	1	1	1	1	//RentItem
5267	1	1	1	1	1	1	1	1	//RentItem
5268	1	1	1	1	1	1	1	1	//RentItem
5269	1	1	0	1	1	1	1	1	//??????
5273	1	1	0	1	0	1	1	1	//NewCap
5274	1	1	0	1	0	1	1	1	//NewCap
5275	1	1	0	1	0	1	1	1	//NewCap
5276	1	1	0	1	0	1	1	1	//NewCap
5277	1	0	0	0	1	1	1	1	//Yellow_Bandana黄色头巾
5283	1	0	0	0	1	1	1	1	//NewCap跳跃的小鸡
5284	1	1	0	1	1	1	1	1	//NewCap
5285	1	0	0	0	1	1	1	1	//Vane_Hairpin
5286	1	0	0	0	0	1	1	1	//Pecopeco_Hairband
5287	1	0	0	0	0	1	1	1	//NewCap
5288	1	0	0	0	0	1	1	1	//NewCap
5289	1	0	0	0	0	1	1	1	
5290	1	1	0	1	1	1	1	1	
5291	1	0	0	0	0	1	1	1	//NewCap
5292	1	1	0	1	1	1	1	1	
5293	1	0	0	0	0	1	1	1	
5294	1	1	0	1	1	1	1	1	
5295	1	1	0	1	0	1	1	1	//印度尼西亚,黄金帽子
5296	1	0	0	1	1	1	1	1	//Drooping_Nine_Tail_
5299	1	0	0	0	1	1	1	1	//Ati_Atihan_Hat_
5300	1	0	0	0	1	1	1	1	//Bullock_Helm
5303	1	0	0	0	1	1	1	1	//Flower_Coronet
5304	1	0	0	0	1	1	1	1	//Cap_Of_Blindness
5305	1	1	0	1	1	1	1	1	//海外活动道具
5307	1	1	0	1	1	1	1	1	//商城道具,巴西热带水果帽
5308	1	1	0	1	1	1	1	1	//商城道具,巴西国旗帽子
5310	1	1	0	1	1	1	1	1	//Bulb_Hairband
5311	1	1	0	1	1	1	1	1	//Large_Hibiscus
5312	1	0	0	1	1	1	1	1	//Ayothaya_Hat
5313	1	1	0	1	1	1	1	1	//Diadem
5314	1	0	0	0	1	1	1	1	//租赁道具,曲棍球面具
5315	1	0	0	0	0	1	1	1	//Observer
5318	1	1	0	1	0	1	1	1	//6周年纪念帽子,波利聚会帽子
5319	1	0	0	0	1	1	1	1	//Hellomother_Hat
5320	1	1	0	1	1	1	1	1	//印度尼西亚,冠军月桂冠
5322	1	1	0	1	1	1	1	1	//俄罗斯领巾
5323	1	1	0	1	1	1	1	1	//内服服事发放道具
5324	1	0	0	0	1	1	1	1	//little_angel_Doll
5325	1	0	0	0	1	1	1	1	//Robo_Eye
5334	1	1	0	1	1	1	1	1	//Angeling_Wanna_Fly
5335	1	1	0	1	1	1	1	1	//Jumping_Poring
5336	1	0	0	1	1	1	1	1	//租赁道具,
5337	1	0	0	0	1	1	1	1	//租赁道具,
5338	1	1	0	1	1	1	1	1	//Bf_Recruiter_Hat
5339	1	1	1	1	1	1	1	1	//租赁道具,
5340	1	0	0	0	1	1	1	1	//Deprotai_Doll_Hat
5343	1	0	0	0	1	1	1	1	
5344	1	0	0	0	1	1	1	1	
5345	1	0	0	0	1	1	1	1	
5346	1	1	0	1	1	1	1	1	//Gf_Recruiter_Hat
5352	1	1	0	1	1	1	1	1	//Poporing_Cap
5356	0	0	0	0	0	1	1	0	//???????_H
5357	1	1	0	1	1	1	1	1	//菲律宾,胜利之翼
5358	1	0	0	0	1	1	1	1	//Pecopeco_Wing_Ears
5359	1	0	0	0	1	1	1	1	//J_Captain_Hat飞空艇船长之帽
5360	1	0	0	0	1	1	1	1	//Whikebain_Ears
5361	1	0	0	0	1	1	1	1	//Gang_Scarf
5362	1	0	0	0	0	1	1	1	//Ninja_Scroll
5363	1	0	0	0	1	1	1	1	//Helm_Of_Abyss
5365	1	0	0	0	1	1	1	1	//Fried_Egg
5367	1	0	0	0	1	1	1	1	//Hyegun_Hat
5368	1	1	0	1	1	1	1	1	//印度尼西亚_光之翼
5369	1	1	0	1	1	1	1	1	//印度尼西亚_黑暗之翼
5370	1	1	0	1	1	1	1	1	//Orchid_Hairband
5371	1	0	0	0	1	1	1	1	//Hat_Of_Judge
5374	1	0	0	0	1	1	1	1	//Magestic_Goat__
5375	1	0	0	0	1	1	1	1	//L_Orc_Hero_Helm
5376	1	0	0	0	1	1	1	1	//Satanic_Chain__
5377	1	0	0	0	1	1	1	1	//Antique_Pipe
5378	1	0	0	0	1	1	1	1	//Rabbit_Ear_Hat
5383	1	0	0	0	1	1	1	1	//Hunting_Cap
5384	1	0	0	0	1	1	1	1	//Santa_Hat_1
5385	1	1	0	0	1	1	1	1	//Yoyo_Hat
5386	0	0	0	0	0	1	1	0	//新年福帽子
5387	1	0	0	0	1	1	1	1	//Neko_Mimi_Kafra
5388	1	0	0	0	1	1	1	1	//Snake_Head
5389	1	0	0	0	1	1	1	1	//Angel_Spirit
5391	1	1	1	1	1	1	1	1	//商城道具,土司_C
5392	1	1	0	1	0	1	1	1	//Louyang_Cap
5394	1	1	1	1	1	1	1	1	//租赁道具,口香糖_下端
5395	1	0	0	1	1	1	1	1	//Tiraya_Bonnet
5397	1	0	0	0	1	1	1	1	//Scuba_Mask
5401	1	0	0	0	1	1	1	1	//Black_Glasses
5402	1	0	0	0	1	1	1	1	//Mischievous_Fairy
5403	1	0	0	0	1	1	1	1	//Fish_In_Mouth
5405	1	0	0	0	1	1	1	1	//Filir_Hat
5406	1	1	0	1	0	1	1	1	//日本魔法学院新生帽子
5407	1	0	0	0	1	1	1	1	//Academy_Graduating_Cap
5409	1	0	0	0	1	1	1	1	//New_Cowboy_Hat
5410	1	1	0	1	1	1	1	1	//Bread_Bag2
5413	1	0	0	0	1	1	1	1	//Popcorn_Hat
5414	1	0	0	0	1	1	1	1	//Campfire_Hat
5415	1	1	0	1	1	1	1	1	//Poring_Cake_Cap
5416	1	0	0	0	1	1	1	1	//Beer_Cap
5417	1	0	0	0	1	1	1	1	//Crown_Parrot
5418	1	0	0	0	1	1	1	1	//Soldier_Hat
5420	1	1	0	1	1	1	1	1	//Mask_Of_Ifrit
5421	1	0	0	0	1	1	1	1	
5422	1	0	0	0	1	1	1	1	//Linguistic_Book_Cap

5428	1	1	0	1	1	1	1	1	//RWC纪念帽子,面包袋1
5429	1	0	0	0	1	1	1	1	//Bogy_Cap
5430	1	0	0	0	0	1	1	0	//中国圣火冠
5431	1	0	0	0	1	1	1	1	//Chicken_Hat
5450	1	1	0	1	1	1	1	1	//Sun_Cap
5451	1	1	0	1	1	1	1	1	//Dragonhelm_Gold
5452	1	1	0	1	1	1	1	1	//Dragonhelm_Silver
5453	1	1	0	1	1	1	1	1	//Dragonhelm_Copper
5457	1	1	0	1	0	1	1	1	//Spring_Rabbit_Hat
5458	1	1	0	1	1	1	1	1	//Pinwheel_Cap
5460	1	1	0	1	0	1	1	1	//Adv_Dragon_Skull
5461	1	1	0	1	0	1	1	1	//Adv_Whisper_Mask
5462	1	0	0	0	1	1	1	1	
5463	1	0	0	0	1	1	1	1	
5464	1	0	0	0	1	1	1	1	//Zaha_Doll_Hat
5465	1	0	0	0	1	1	1	1	//Celestial_Hat
5466	1	0	0	0	1	1	1	1	//Wind_Milestone
5467	1	0	0	0	1	1	1	1	//Helm_Of_Dragoon
5468	1	0	0	0	1	1	1	1	//Parade_Cap
5469	1	0	0	0	1	1	1	1	//Noble_Hat
5470	1	0	0	0	0	1	1	1	//Eyes_Of_Darkness
5473	1	0	0	0	1	1	1	1	//Forceps_Hairpin
5474	1	1	0	1	1	1	1	1	//Notice_Board
5475	1	0	0	0	0	1	1	1	
5480	1	1	0	1	1	1	1	0	//Bizofnil_Wing_Deco
5481	1	0	0	0	0	0	0	0	//赫尔莫德帽
5483	1	0	0	0	1	1	1	0	//Odin_Mask
5487	1	0	0	0	1	1	1	1	//J_Poringcake_Hat
5490	1	0	0	0	1	1	1	1	//Anubis_Helm安毕斯头盔
5491	1	0	0	1	1	1	1	1	//Hat_Of_Outlaw
5492	1	1	1	1	1	1	1	1	//印度尼西亚租赁道具_学生帽_I
5493	1	1	1	1	1	1	1	1	//印度尼西亚租赁道具_毛无边帽_I
5494	1	1	1	1	1	1	1	1	//印度尼西亚租赁道具_人面狮身帽_I
5495	1	1	0	1	1	1	1	1	//Power_Of_Thor
5496	1	1	0	1	1	1	1	1	//Dice_Hat
5497	1	1	0	1	1	1	1	1	//King_Tiger_Doll_Hat
5498	1	1	0	1	1	1	1	1	//Wondering_Wolf_Helm
5499	1	0	0	0	1	1	1	1	//Pizza_Hat
5500	1	0	0	0	1	1	1	1	//Icecream_Hat
5501	1	0	0	0	1	1	1	1	//Pirate's_Pride
5502	1	0	0	0	1	1	1	1	//Necromencer's_Hood
5503	1	0	0	0	1	1	1	1	//Rabbit_Magic_Hat
5505	1	0	0	0	1	1	1	1	//Asara_Fairy_Hat
5506	1	0	0	0	0	1	1	1	//Blue_Pajamas_Hat
5508	1	0	0	0	0	1	1	1	//Shark_Hat
5509	1	0	0	0	1	1	1	1	//Sting_Hat
5511	1	0	0	0	1	1	1	1	//Samambaia
5512	1	0	0	0	1	1	1	1	
5513	1	0	0	0	1	1	1	1	
5514	1	0	0	0	1	1	1	1	
5515	1	0	0	0	1	1	1	1	
5518	1	0	0	0	1	1	1	1	//L_Magestic_Goat2
5519	1	0	0	0	1	1	1	1	//Peacock_Feather
5520	1	0	0	0	1	1	1	1	//Rabbit_Earplug
5521	1	1	1	1	1	1	1	1	//愤怒的嘴_C
5526	1	1	0	1	1	1	1	1	//Lady_Tanee_Doll
5527	1	0	0	1	1	1	1	1	
5528	1	0	0	0	1	1	1	1	//King_Frog_Hat
5529	1	0	0	0	1	1	1	1	//Evil's_Bone_Hat
5530	1	0	0	0	1	1	1	1	//Raven_Cap
5531	1	0	0	0	0	1	1	1	//B_Dragon_Hat
5535	1	0	0	0	1	1	1	1	//Side_Cap
5536	1	1	1	1	1	1	1	1	//Spare_Card
5538	1	0	0	0	1	1	1	1	//Tucan_Hat
5544	1	1	1	1	0	1	1	1	//时间的守护者高帽
5545	1	0	0	0	1	1	1	1	
5546	1	0	0	0	1	1	1	1	
5547	1	0	0	0	1	1	1	1	//RJC_Katusa
5549	1	0	0	0	1	1	1	1	
5550	1	0	0	0	1	1	1	1	
5551	1	0	0	1	0	1	1	1	
5554	1	1	0	1	1	1	1	1	//Octopus_Hat
5555	1	1	0	1	1	1	1	1	//Leaf_Cat_Hat
5556	1	0	0	1	1	1	1	1	
5557	1	1	0	1	1	1	1	1	//Wild_Rose_Hat
5560	1	0	0	0	1	1	1	1	//Bullock_Helm_J
5561	1	0	0	0	1	1	1	1	//Rabbit_Magic_Hat_J
5563	1	0	0	0	1	1	1	1	//Dolor_Hat
5564	1	0	0	0	0	1	1	1	//Crown_Of_Deceit
5567	1	0	0	0	1	1	1	1	//Bright_Fury
5568	1	0	0	0	1	1	1	1	//Rabbit_Bonnet
5569	1	0	0	0	1	1	1	1	
5570	1	0	0	0	1	1	1	1	
5571	1	0	0	0	1	1	1	1	//Rasta_Wig
5574	1	0	0	0	1	1	1	1	//Pencil_In_Mouth
5575	1	0	0	0	1	1	1	1	//Onigiri_Hat
5576	1	0	0	0	0	1	1	1	//Japan_Winecup
5577	1	0	0	0	0	0	0	0	//黑暗骑士面具B
5579	1	0	0	0	1	1	1	1	//Wanderer's_Sakkat
5580	1	0	0	0	1	1	1	1	//Red_Beret
5581	1	0	0	0	1	1	1	1	
5582	1	0	0	0	1	1	1	1	
5583	1	1	1	1	0	1	1	1	//伊甸园帽子
5584	1	0	0	0	0	1	1	1	//Majestic_Evil_Horn
5585	1	0	0	0	1	1	1	1	//Rune_Hairband
5586	1	0	0	0	1	1	1	1	//Mosquito_Coil
5587	1	1	1	1	0	1	1	1	//1次性蚊香
5588	1	0	0	0	1	1	1	1	//Leo_Crown
5589	1	0	0	0	1	1	1	1	//Leo_Diadem
5591	1	1	0	1	1	1	1	1	//Desert_Prince
5594	1	0	0	0	1	1	1	1	//Donut_In_Mouth
5595	1	0	0	0	0	1	1	1	//Eye_Of_Juno
5596	1	1	1	1	1	1	1	1	//嘴咬四叶草
5597	1	1	0	1	1	1	1	1	//Bubble_Gum_In_Mouth
5598	1	0	0	0	1	1	1	1	//Virgo_Crown
5599	1	0	0	0	1	1	1	1	//Virgo_Diadem
5600	1	1	0	1	1	1	1	1	//Br_Twin_Ribbon
5601	1	1	0	1	1	1	1	1	//Br_Beret
5603	1	1	0	1	1	1	1	1	//RTC_Winner_Only
5604	1	1	0	1	1	1	1	1	//RTC_Second_Best
5605	1	1	0	1	1	1	1	1	//RTC_Third_Best
5607	1	0	0	0	1	1	1	1	//Lyria_Doll_Hat
5608	1	0	0	0	1	1	1	1	//Dorothy_Doll_Hat
5609	1	0	0	0	1	1	1	1	//Chung_Hairband
5610	1	1	0	1	1	1	1	1	//Ice_Wing_Ear
5611	1	1	0	1	1	1	1	1	//Turtle_Hat
5654	1	0	0	0	1	1	1	1	//Holy_Marching_Hat_J
5655	1	0	0	0	1	1	1	1	//Dark_Snake_Lord_Hat_J
5656	1	0	0	0	0	1	1	1	//Scooter_Hat_J
5658	1	0	0	0	1	1	1	1	//Imp_Hat
5660	1	0	0	0	1	1	1	1	//Gryphon_Hat
5662	1	0	0	0	1	1	1	1	//Libra_Crown
5663	1	0	0	0	1	1	1	1	//Libra_Diadem
5664	1	0	0	0	1	1	1	1	//Filir_Wing
5665	1	0	0	0	1	1	1	1	//Shaman_Hat
5666	1	0	0	0	1	1	1	1	//Golden_Crown
5667	1	0	0	0	1	1	1	1	//Skull_Hood
5668	1	1	0	1	0	1	1	1	//Weird_Pumpkin_Hat
5671	1	0	0	0	1	1	1	1	//Drooping_Morocc_Minion
5672	1	0	0	0	0	1	1	1	
5673	1	0	0	0	1	1	1	1	//Home_Cherry_Blossom
5674	1	0	0	0	1	1	1	1	//Pig_Moneybox
5676	1	0	0	0	1	1	1	1	//Scorpio_Crown
5677	1	0	0	0	1	1	1	1	//Scorpio_Diadem
5690	1	0	0	0	0	1	1	1	//Red_Wing_Hat
5738	1	0	0	0	1	1	1	1	//Snowman_Hat
5739	0	0	0	0	0	0	0	1	//Sagittarius_Crown
5740	0	0	0	0	0	0	0	1	//Sagittarius_Diadem
5742	1	0	0	0	1	1	1	1	//Rudolf_Santa_Hat
5744	0	0	0	0	0	0	0	1	//Capricorn_Crown
5745	0	0	0	0	0	0	0	1	//Capricorn_Diadem
5746	1	1	0	1	0	1	1	1	//符文头箍
5747	1	1	0	1	0	1	1	1	//主教冠
5748	1	1	0	1	0	1	1	1	//神射手风镜
5749	1	1	0	1	0	1	1	1	//专业发箍
5750	1	1	0	1	0	1	1	1	//影子王冠
5751	1	1	0	1	0	1	1	1	//宫廷乐师之帽
5752	1	1	0	1	0	1	1	1	//麦得斯耳语
5753	1	1	0	1	0	1	1	1	//魔力石帽
5754	1	1	0	1	0	1	1	1	//炽烧之魂
5755	1	1	0	1	0	1	1	1	//沉默正法
5756	1	1	0	1	0	1	1	1	//春风耳语
5757	1	1	0	1	0	1	1	1	//施密特头盔
5758	1	1	0	1	0	1	1	1	//垂死白鹅
5760	1	1	0	1	0	1	1	1	//专业发箍_
5761	1	0	0	0	1	1	1	1	//Sloth_Hat
5762	1	0	0	0	1	1	1	1	//Duneyrr_Helm
5763	1	0	0	0	1	1	1	1	//Red_Bunny_Band
5765	1	0	0	0	0	1	1	1	
5766	1	0	0	0	1	1	1	1	//Amistr_Cap
5768	1	1	0	1	1	1	1	1	//Sakura_Coronet
5769	1	1	0	1	1	1	1	1	//Gold_Angel_Sculpture
5770	1	0	0	0	1	1	1	1	//Splash_Hat
5772	1	0	0	0	1	1	1	1	//Red_Navy_Hat
5773	1	0	0	0	0	1	1	1	//Navy_Beret
5774	1	0	0	0	1	1	1	1	//Red_Pirate_Hat
5776	1	0	0	0	1	1	1	1	//Blazing_Sun燃烧的太阳
5778	1	0	0	0	1	1	1	1	//Blue_Arara_Hat
5779	1	0	0	0	1	1	1	1	//Drooping_Boto
5780	1	0	0	0	1	1	1	1	//Tendrilion_Hat
5781	1	0	0	0	0	1	1	1	
5783	1	0	0	0	1	1	1	1	//YellowBunny_Hairband
5784	1	0	0	0	1	1	1	1	//PinkBunny_Hairband
5785	1	0	0	0	1	1	1	1	//Green_Bunny_Hairband
5786	1	1	0	1	1	1	1	1	//古代妖精的耳朵
5788	1	0	0	0	0	1	1	1	//3D_Glasses
5793	1	1	1	1	1	1	1	1	//Ribbon_Of_Life
5796	1	1	0	1	1	1	1	1	//应援围巾
5797	1	1	0	1	1	1	1	1	//天使波利气球2
5798	1	1	0	1	1	1	1	1	//天使波利气球3
5799	1	1	0	1	1	1	1	1	//天使波利气球4
5801	1	0	0	0	0	1	1	1	//NewCap
5805	1	1	0	1	1	1	1	1	//新加坡活动道具胜利者的头饰
5806	1	1	0	1	1	1	1	1	//越南,娜塔莉的帽子
5812	1	1	1	1	1	1	1	1	//1/4分期泰国'世界水之日活动'
5814	1	1	1	1	0	1	1	1	//菲律宾_帕可达亚3
5815	1	0	0	0	1	1	1	1	
5816	1	0	0	0	0	1	1	1	
5817	1	1	1	1	1	1	1	1	//全世界情人节活动
5818	1	1	1	1	1	1	1	1	//2009巴西嘉年华
5819	1	1	1	1	1	1	1	1	//2009巴西嘉年华
5820	1	1	0	1	0	1	1	1	//2009哎呦泰雅庆典
5821	1	1	0	1	0	1	1	1	//2009中国母亲节
5822	1	1	0	1	0	1	1	1	//2009ValentineEvent
5823	1	1	0	1	0	1	1	1	//2009ValentineEvent
5825	1	1	0	1	0	1	1	1	//Badge_Of_Order_Grace
5847	1	1	0	1	0	1	1	1	//Fools_Day_hat
5852	1	1	0	1	0	1	1	1	//Easter_Egg_Shell
5856	1	1	0	1	0	1	1	1	
5857	1	1	0	1	0	1	1	1	
5858	1	1	0	1	0	1	1	1	
5859	1	1	0	1	0	1	1	1	
5869	1	0	0	0	0	1	1	1	//Mimic_Egg_Shell
5870	1	0	0	0	0	1	1	1	//Bunny_Egg_Shell
5871	1	0	0	0	0	1	1	1	//Picky_Egg_Shell
5872	1	1	0	1	0	1	1	1	//Carnation_Garlands
5873	1	0	0	0	0	1	1	1	//Helmet_Of_Siegfried
5874	1	0	0	0	0	1	1	1	//Circlet_Of_Kriemhild
5875	1	0	0	0	0	1	1	1	//Diadem_Of_Bruenhild
5890	1	0	0	0	0	1	1	1	//Angel_Earing
5891	0	0	0	0	0	1	1	1	//Black_Cat_Hat
5896	1	0	0	0	1	1	1	1	//EGGTART_HAT

5910	1	0	0	0	0	1	1	1	//Male_Poring_Earmuff
5911	1	0	0	0	0	1	1	1	//Cat_Magical_Hat
5912	1	0	0	0	0	1	1	1	//Nice_Cat_Magical_Hat
5913	1	0	0	0	0	1	1	1	//Balloon_Flowerform
5914	1	0	0	0	0	1	1	1	//Earmuff_Flowerform
5915	1	0	0	0	0	1	1	1	//Roundly_Woolly_Hat
6000	1	1	0	1	1	1	1	1	//魔物终结塔,黑暗之灰烬
6005	1	1	0	1	0	1	1	1	//年糕
6006	1	1	1	1	0	1	1	1	//快递用糕点箱子
6007	1	1	1	1	0	1	1	1	//年糕汤
6009	1	1	1	1	0	1	1	1	//迎春活动道具
6024	1	1	0	1	0	1	1	0	//17Carat_Dia
6046	1	0	0	0	1	1	1	1	//Clothing_Dye_Coupon
6047	1	0	0	0	1	1	1	1	//Clothing_Dye_Coupon2
6051	1	1	1	1	0	1	1	1	//钸镭原石,ppl道具
6052	1	1	1	1	1	1	1	1	//台湾Ornamental_Hairpin
6060	1	1	1	1	0	1	1	1	
6070	1	1	0	1	1	1	1	1	//萨满的古籍
6071	1	1	0	1	1	1	1	1	//断剑
6072	1	1	0	1	1	1	1	1	//飞鸟普妮之翼
6073	1	1	1	1	0	1	1	1	//episode13.2-龙的鬃毛
6074	1	1	1	1	0	1	1	1	//episode13.2-巴捷特的机密笔记
6075	1	1	1	1	0	1	1	1	//episode13.2-眼泪结晶
6076	1	1	1	1	1	1	1	1	//episode13.2-便利工具箱
6077	1	1	1	1	1	1	1	1	//episode13.2-和氏璧
6078	1	1	1	1	1	1	1	1	//episode13.2-石屑
6079	1	1	1	1	1	1	1	1	//episode13.2-爱芙海姆之花
6080	1	1	1	1	1	1	1	1	//episode13.2-魔怒克铜币
6081	1	1	1	1	1	1	1	1	//episode13.2-史波浪壮丽硬币
6082	1	1	1	1	1	1	1	1	//episode13.2-爱芙海姆香水
6084	1	1	1	1	1	1	1	1	//episode13.2-钸镭碎片
6085	1	1	1	1	1	1	1	1	//episode13.2-破旧围巾
6093	1	1	1	1	0	1	1	1	//13.2任务道具_暴躁龙蛋
6101	1	1	1	1	0	1	1	1	//episode13.2PPL,出席卡
6102	1	1	1	1	1	1	1	1	//episode13.2PPL,史波浪壮丽报告
6103	1	1	1	1	1	1	1	1	//episode13.2PPL,魔怒克报告
6116	1	1	1	1	1	1	1	1	//恶魔女仆交换券
6117	1	1	1	1	1	1	1	1	//炙焰魔交换券
6118	1	1	1	1	1	1	1	1	//小青交换券
6121	1	1	1	1	1	1	1	1	//3转职业道具美容笔
6122	1	1	1	1	1	1	1	1	//3转职业道具涂料笔
6124	1	1	1	1	1	1	1	1	//3转职业道具狼笛
6125	1	1	1	1	1	1	1	1	//美国_幸运箱子
6126	1	1	1	1	1	1	1	1	//美国_幸福箱子
6127	1	1	1	1	1	1	1	1	//菲律宾_魔物终结塔入场石
6129	1	1	1	1	1	1	1	1	//日本移动宠物券噩梦
6130	1	0	0	0	1	1	1	1	
6131	1	1	1	1	1	1	1	1	//日本移动宠物券哥布灵首领
6132	1	1	1	1	1	1	1	1	//日本移动宠物券恶魔侍者
6133	1	1	1	1	1	1	1	1	//日本移动宠物券米雅毕
6134	1	1	1	1	1	1	1	1	//日本移动宠物券白幽灵
6135	1	1	1	1	1	1	1	1	//日本移动宠物券妖仙女
6136	1	1	1	1	1	1	1	1	//日本移动宠物券米杜沙
6137	1	1	1	1	1	1	1	1	//日本移动宠物券石炮火树
6138	1	1	1	1	1	1	1	1	//日本移动宠物券傀儡娃娃
6139	1	1	1	1	1	1	1	1	//日本移动宠物券群叶猫
6140	1	1	1	1	1	1	1	1	//日本移动宠物券无颅武士
6141	1	1	1	1	1	1	1	1	//日本移动宠物券火忍西怒毕
6142	1	1	1	1	1	1	1	1	//日本移动宠物券巨石怪
6143	1	1	1	1	1	1	1	1	//日本移动宠物券狐仙
6148	1	1	1	1	0	1	1	1	//2009韩国情人节_永远的巧克力
6149	1	1	1	1	0	1	1	1	//2009韩国情人节_朴素的巧克力
6150	1	1	1	1	1	1	1	1	//3转_住宅钥匙
6151	1	1	1	1	0	1	1	1	//3转_大钸镭碎片
6152	1	1	1	1	0	1	1	1	//3转_翡翠水晶
6153	1	1	1	1	1	1	1	1	//3转_特殊交换券
6154	1	1	1	1	0	1	1	1	//3转_号笛碎片
6156	1	1	1	1	0	1	1	1	//3转_结算报告
6184	1	1	0	1	1	1	1	1	//Zherlthsh_Ticket
6206	1	1	1	1	0	1	1	1	//爱你
6207	1	1	1	1	0	1	1	1	//谢谢你
6208	1	1	1	1	0	1	1	1	//尊敬你
6218	1	1	1	1	1	1	1	1	//大信宅配箱
6219	1	1	1	1	1	1	1	1	//伊甸园徽章
6225	1	1	0	1	1	1	1	1	//HD_Carnium
6226	1	1	0	1	1	1	1	1	//HD_Bradium
6228	1	1	0	1	1	1	1	1	//武器精炼能力+9券
6229	1	1	0	1	1	1	1	1	//武器精炼能力+8券
6230	1	1	0	1	1	1	1	1	//武器精炼能力+7券
6231	1	1	0	1	1	1	1	1	//武器精炼能力+6券
6232	1	1	0	1	1	1	1	1	//防具精炼能力+9劵
6233	1	1	0	1	1	1	1	1	//防具精炼能力+8劵
6234	1	1	0	1	1	1	1	1	//防具精炼能力+7劵
6235	1	1	0	1	1	1	1	1	//防具精炼能力+6劵
6236	1	1	1	1	0	1	1	1	//蓝色卡片_7
6237	1	1	1	1	1	1	1	1	//Guarana_Fruit
6238	1	1	0	1	1	1	1	1	//武器精炼能力+11券
6239	1	1	0	1	1	1	1	1	//防具精炼能力+11劵
6240	1	1	0	1	1	1	1	1	//HD_Oridecon
6241	1	1	0	1	1	1	1	1	//HD_Elunium
6242	1	0	0	0	1	1	1	0	//米德加尔特硬币
6266	1	1	1	1	1	1	1	1	//欺骗之钥
6267	1	1	1	1	1	1	1	1	//虚幻之钥
6268	1	1	1	1	1	1	1	1	//欢喜之钥
6269	1	1	1	1	1	1	1	1	//大画家之画笔
6270	1	1	1	1	0	1	1	1	//宫廷乐师之照片
6271	1	1	1	1	0	1	1	1	//收据
6272	1	1	1	1	1	1	1	1	//实验用种子
6273	1	1	1	1	1	1	1	1	//变形种子
6274	1	1	1	1	1	1	1	1	//圣徒碎布
6275	1	1	1	1	1	1	1	1	//国王之盾
6276	1	1	1	1	1	1	1	1	//透明试剂
6277	1	1	1	1	1	1	1	1	//红色试剂
6278	1	1	1	1	1	1	1	1	//黑色试剂
6296	1	1	1	1	0	1	1	1	//预备军通知书
6298	1	1	1	1	0	1	1	1	//Pumpkin_Head_Crushed
6299	1	1	1	1	0	1	1	1	//Worn_Cloth_Piece
6304	1	1	0	1	1	1	1	1	//邪派功勋证
6305	1	1	1	1	1	1	1	1	//冻皮削
6306	1	1	1	1	1	1	1	1	//干血迹
6307	1	1	1	1	1	1	1	1	//神奇魔力石
6308	1	1	0	1	1	1	1	1	//神秘古物
6320	1	1	1	1	1	1	1	1	//Premium_Reset_Stone
6345	1	1	1	1	0	1	1	1	//挚爱光束
6347	1	1	1	1	0	1	1	1	//祝福纸条1
6348	1	1	1	1	0	1	1	1	//祝福纸条2
6349	1	1	1	1	0	1	1	1	//祝福纸条3
6350	1	1	1	1	0	1	1	1	//祝福纸条4
6351	1	1	1	1	0	1	1	1	//祝福纸条5
6352	1	1	1	1	0	1	1	1	//祝福纸条6
6353	1	1	1	1	0	1	1	1	//祝福纸条7
6354	1	1	1	1	0	1	1	1	//祝福纸条8
6355	1	1	1	1	0	1	1	1	//祝福纸条9
6356	1	1	1	1	0	1	1	1	//祝福纸条10
6357	1	1	1	1	0	1	1	1	//失败的幸运曲奇
6358	1	1	1	1	1	1	1	1	//免费点数使用券
6359	1	1	1	1	1	1	1	1	//旅游指南交换券
6377	1	1	0	1	0	1	1	1	//简易采购商店执照
6380	1	1	1	1	1	1	1	1	
6383	1	1	1	1	0	1	1	1	
6384	1	1	1	1	1	1	1	1	
6385	1	1	1	1	1	1	1	1	
6386	1	1	1	1	1	1	1	1	
6387	1	1	1	1	1	1	1	1	
6388	1	1	1	1	1	1	1	1	
6389	1	1	1	1	1	1	1	1	
6390	1	1	1	1	1	1	1	1	
6391	1	1	1	1	1	1	1	1	
6392	1	1	1	1	1	1	1	1	
6396	1	0	0	0	1	1	1	1	//Auger_Of_Spirit
6397	1	1	1	1	1	1	1	1	//宣传部的票
6398	1	1	1	1	1	1	1	1	//开发部的票
6399	1	1	1	1	1	1	1	1	//市场部的票
6400	1	1	1	1	1	1	1	1	//运营部的票
6401	1	1	1	1	1	1	1	1	//Palm_O
6402	1	1	1	1	0	1	1	1	//Oil_Palm_F
6411	1	1	1	1	0	1	1	1	//成熟西瓜
6412	1	1	1	1	1	1	1	1	//特殊的奖牌
6415	1	1	1	1	1	1	1	1	//神奇的艾普理欧
6416	1	1	1	1	0	1	1	1	//徘徊者的宠物蛋交换券
6417	1	1	1	1	0	1	1	1	//Silvervine
6418	1	1	1	1	0	1	1	1	//Agrade_Coin
6419	1	1	1	1	0	1	1	1	//Bgrade_Coin
6420	1	1	1	1	0	1	1	1	//Cgrade_Coin
6421	1	1	1	1	0	1	1	1	//Dgrade_Coin
6422	1	1	1	1	0	1	1	1	//Egrade_Coin
6424	1	1	1	1	0	1	1	1	//万圣节灵魂碎片
6425	1	1	1	1	0	1	1	1	//万圣节灵魂之证
6426	1	1	1	1	0	1	1	1	//Anger_Seagod
6427	1	1	1	1	1	1	1	1	//Bad_Can
6428	1	1	1	1	1	1	1	1	//Bad_Can_Sack
6429	1	1	1	1	1	1	1	1	//Bravery_Card_A
6430	1	1	1	1	0	1	1	1	//Bravery_Card_B
6431	1	1	1	1	0	1	1	1	//Picture_Piece
6432	1	1	1	1	0	1	1	1	//Bucket
6433	1	1	1	1	0	1	1	1	//Full_Bucket
6434	1	1	1	1	0	1	1	1	//Clean_Brush
6435	1	1	1	1	0	1	1	1	//Fix_Kit
6436	1	1	1	1	1	1	1	1	//Fresh_Fruit
6438	1	1	0	1	1	1	1	1	//Unbreakable_Weap
6439	1	1	0	1	1	1	1	1	//Unbreakable_Def
6440	1	1	0	1	1	1	1	1	//Ptotection_Seagod
6441	1	1	0	1	1	1	1	1	//General_Lubricant
6442	1	1	1	1	1	1	1	1	//High_RankLubricant
6443	1	1	0	1	1	1	1	1	//Octopus_Hunt_Stick
6444	1	1	0	1	1	1	1	1	//华丽金属G
6446	1	1	1	1	0	1	1	1	//Green_Paper
6447	1	1	1	1	1	1	1	1	//Red_Paper
6448	1	1	1	1	1	1	1	1	//White_Paper
6449	1	1	1	1	0	1	1	1	//Casual_Diary
6450	1	1	1	1	0	1	1	1	//Honest_Diary
6451	1	1	1	1	0	1	1	1	//未确认鱼类
6452	1	1	1	1	1	1	1	1	//埃托伊尔之戒
6456	1	1	0	1	1	1	1	1	
6457	1	1	0	1	1	1	1	1	
6459	1	0	0	0	0	1	1	1	//Jae_Sinho_Unpo
6460	1	1	1	1	1	1	1	1	//Jae_Sinho_Undo
6461	1	1	1	1	1	1	1	1	//Mimong_Sungjin
6462	1	1	1	1	1	1	1	1	//Gilsang_Yeoui
6463	1	1	1	1	1	1	1	1	//Sin_Sun_Jeonsul
6464	1	1	1	1	0	1	1	1	//Hate_Bundle
6465	1	1	0	1	0	1	1	1	//警卫队硬币
6472	1	0	0	1	1	1	1	1	//Holy_Mom_Blaze
6484	1	0	0	0	1	1	1	1	
6485	1	0	0	0	0	1	1	1	
6486	1	0	0	0	0	1	1	1	
6487	1	0	0	0	0	1	1	1	
6488	1	1	0	1	0	1	1	1	//投资感谢券
6489	1	1	0	1	0	1	1	1	//猫咪手商队投资证明
6500	1	1	1	1	0	1	1	1	//尖头竹竿
6501	1	1	1	1	0	1	1	1	//海盐袋
6502	1	1	1	1	0	1	1	1	//纯银十字架
6503	1	1	0	1	0	1	1	1	//驱魔十字架
6504	1	1	1	1	0	1	1	1	//驱魔大铁锅
6505	1	1	1	1	0	1	1	1	//恶灵兽骨
6506	1	1	1	1	0	1	1	1	//悼念花圈
6507	1	1	1	1	0	1	1	1	//邪恶兽骨
6519	1	1	0	1	0	1	1	1	//米田共标本
6520	1	1	0	1	0	1	1	1	//失落的物品
6526	1	0	0	0	0	1	1	1	
6527	1	0	0	0	0	1	1	1	
6528	1	0	0	0	0	1	1	1	
6529	1	0	0	0	0	1	1	1	
6530	1	0	0	0	0	1	1	1	
6533	1	1	1	1	0	1	1	1	
6536	1	1	0	1	0	1	1	1	//Star_Decor
6539	1	1	1	1	0	1	1	1	//Old_Left_Lapine
6540	1	1	1	1	0	1	1	1	//Golden_Leaf
6541	1	1	1	1	0	1	1	1	//Avant_Research_Data
6542	1	1	0	1	0	1	1	1	//Star_Shape_Mushroom
6543	1	1	1	1	0	1	1	1	//110级突破硬币
6544	1	1	1	1	0	1	1	1	//120级突破硬币
6545	1	1	1	1	0	1	1	1	//Firm_Hair
6546	1	1	1	1	0	1	1	1	//Younger_Bro_Letter
6547	1	1	1	1	0	1	1	1	//Stained_Research_Book
6548	1	1	1	1	0	1	1	1	//Piece_Of_Lapine_Wing
6549	1	1	1	1	0	1	1	1	//优待票
6552	1	1	1	1	1	1	1	1	//Mail_Package
6553	1	1	1	1	1	1	1	1	//Leaf_Made_Wood
6554	1	1	1	1	1	1	1	1	//Seed_Box
6555	1	1	1	1	1	1	1	1	//Birthday_Candle
6556	1	1	1	1	0	1	1	1	//奈斯派索交换券
6562	1	1	1	1	1	1	1	1	//Tiny_Mouse_Tail
6563	1	1	1	1	1	1	1	1	//Weeds
6564	1	0	0	0	1	1	1	1	//Captive_Hatchling
6565	0	0	0	0	0	0	0	1	
6566	1	0	0	1	0	1	1	1	//情人节活动
6567	1	0	0	1	0	1	1	1	//情人节活动
6581	0	0	0	0	0	1	1	1	//Holy_Amulet
6583	1	1	0	1	1	1	1	1	
6593	1	1	1	1	0	1	1	1	//Cryptura_Hair_Coupon
6606	1	0	0	1	1	1	1	1	//P_Cart_C
6635	1	0	0	0	1	1	1	1	
6646	1	1	1	1	0	1	1	1	//Poring_Badge
6654	1	1	1	1	0	0	0	1	//Needle_And_Thread
6655	1	1	1	1	0	0	0	1	//Firm_Pumpkin
6656	1	1	1	1	0	0	0	1	//Goast_Free_Charm
6657	1	1	1	1	0	0	0	1	//Memory_Of_Jack
6659	1	0	0	0	1	1	1	1	//TW_Golden_Key
6660	1	0	0	0	1	1	1	1	//TW_Silver_Key
6661	1	0	0	0	1	1	1	1	//Closed_Gold_Armor_Box
6662	1	0	0	0	1	1	1	1	//Closed_Gold_Boots_Box
6663	1	0	0	0	1	1	1	1	//Closed_Silver_Armor_Box
6664	1	0	0	0	1	1	1	1	//Closed_Silver_Boots_Box
6669	1	1	0	1	0	1	1	1	
6674	1	1	1	1	0	1	1	1	//Daily_Coin
6675	0	0	1	1	0	1	1	1	//Happy_Msg_Cake
6676	0	0	1	1	0	1	1	1	//Birthday_Msg_Cake
6677	0	0	1	1	0	1	1	1	//10th_Msg_Cake
6678	1	0	1	1	0	1	1	1	//Philips_Blood
6679	1	0	1	1	0	1	1	1	//Isabella_Blood
6681	1	1	0	1	0	1	1	1	//XMAS_Cookie
6682	1	1	1	1	0	1	1	1	//Bag_Of_Selling_Goods
6712	1	1	1	1	0	1	1	1	//Lovely_Stick
6758	1	0	0	0	0	1	1	1	//Elephant_Ticket
6759	1	0	0	0	0	1	1	1	//Gorilla_Ticket
6760	1	0	0	0	0	1	1	1	//Lion_Ticket
6761	1	0	0	0	0	1	1	1	//Rhino_Ticket
6762	1	0	0	0	0	1	1	1	//Banana_Can
6763	1	0	0	0	0	1	1	1	//Spicy_Rice_Cake
6764	1	0	0	0	0	1	1	1	//Hotdog
6765	1	0	0	0	0	1	1	1	//Big_Wheel_Cracker
6793	0	0	0	0	0	1	1	1	//Musical_Instrument_Part
6794	0	0	0	0	0	1	1	1	//Music_Fes_Instrument
6797	1	0	0	0	0	1	1	1	//11th_Coin
6804	1	0	0	0	0	1	1	1	//ORGANIC_PUMPKIN
6805	1	0	0	0	0	1	1	1	//INORGANIC_PUMPKIN
6806	0	0	0	0	0	1	1	1	//Gemstone_Water
6807	0	0	0	0	0	1	1	1	//Gemstone_Fire
6808	0	0	0	0	0	1	1	1	//Gemstone_Wind
6809	0	0	0	0	0	1	1	1	//Gemstone_Land
6810	0	0	0	0	0	1	1	1	//Gemstone_Holy
6811	0	0	0	0	0	1	1	1	//Gemstone_Dark
6821	1	1	0	0	0	1	1	1	//Solo_Troops_Badge
6830	1	1	0	1	1	1	1	1	//Happy_Parrot_Auger
6834	0	0	0	0	0	1	1	0	//Legendary_Fur
6835	0	0	0	0	0	1	1	0	//Legendary_Mane
6839	1	1	0	1	0	1	1	1	//Gold_Chocoin
6840	1	1	0	1	0	1	1	1	//Silver_Chocoin
6841	1	1	0	1	0	1	1	1	//Bronze_Chocoin
6842	1	1	1	1	0	1	1	1	//Big_Jewel
6843	1	1	1	1	0	1	1	1	//Grass_Ring
6844	1	1	1	1	0	1	1	1	//Soft_Stone
6845	1	1	1	1	0	1	1	1	//Aged_Poo
7025	1	1	0	1	1	1	1	1	//魔王之眼泪
7037	1	1	0	1	1	1	1	1	//Trade_Coupon
7059	1	1	0	1	1	1	1	1	//Cargo_Free_Ticket
7060	1	1	0	1	1	1	1	1	//Warp_Free_Ticket
7140	1	0	0	0	0	0	0	0	//生命的种子
7170	1	0	0	0	0	0	0	0	//燕尾服
7177	1	1	1	1	1	1	1	1	//星泪石的碎片
7178	1	1	1	1	1	1	1	1	//星泪石
7227	1	0	0	0	1	1	1	1	//TCG_Card
7275	1	1	1	1	1	1	1	1	//标示-古代语言的文书
7276	1	1	1	1	1	1	1	1	//标示-涂鸦信件
7303	1	1	0	1	0	1	1	1	//Bag_Of_Rice
7304	1	1	1	1	1	1	1	1	//魔女的咒文书
7305	1	1	1	1	1	1	1	1	//九重世界的权威
7306	1	1	1	1	0	1	1	1	//灵魂的碎片
7307	1	1	1	1	1	1	1	1	//灵魂之耳语
7308	1	1	1	1	1	1	1	1	//魔女药水
7309	1	1	1	1	1	1	1	1	//乌鸦翅膀
7314	1	1	1	1	1	1	1	1	//标示活动
7332	1	1	1	1	1	1	1	1	//石板
7333	1	1	1	1	1	1	1	1	//石板之碎片_1
7334	1	1	1	1	1	1	1	1	//石板之碎片_2
7335	1	1	1	1	1	1	1	1	//石板之碎片_3
7336	1	1	1	1	1	1	1	1	//石板之碎片_4
7339	1	1	1	1	1	1	1	1	//RO单程旅游卡
7341	1	1	1	1	1	1	1	1	//里希塔乐镇-老旧坠子
7342	1	1	1	1	1	1	1	1	//里希塔乐镇-薄的档案夹
7343	1	1	1	1	1	1	1	1	//里希塔乐镇-封印的档案夹
7344	1	1	1	1	1	1	1	1	//里希塔乐镇-西怒卡斯事件档案
7346	1	1	1	1	1	1	1	1	//里希塔乐镇-伊美乐心脏堆积物
7349	1	1	1	1	1	1	1	1	//里希塔乐镇-文书保管所进出卡片
7351	1	1	1	1	1	1	1	1	//里希塔乐镇-朋友的日记本
7360	1	1	0	1	0	1	1	1	//RO_Festival_Ticket
7368	1	1	1	1	0	1	1	1	//8号球
7416	1	1	0	1	1	1	1	1	//推荐书
7417	1	1	0	1	1	1	1	1	//委托书A
7418	1	1	0	1	1	1	1	1	//委托书B
7420	1	1	1	1	0	1	1	1	//PVP骷髅头
7421	1	1	1	1	0	1	1	1	//达纳托斯钥匙_红色
7422	1	1	1	1	0	1	1	1	//达纳托斯钥匙_黄色
7423	1	1	1	1	0	1	1	1	//达纳托斯钥匙_蓝色
7424	1	1	1	1	0	1	1	1	//达纳托斯钥匙_绿色
7425	1	1	1	1	0	1	1	1	//达纳托斯钥匙_黑色
7426	1	1	1	1	0	1	1	1	//达纳托斯魔力石_红色
7427	1	1	1	1	0	1	1	1	//达纳托斯魔力石_黄色
7428	1	1	1	1	0	1	1	1	//达纳托斯魔力石_蓝色
7429	1	1	1	1	0	1	1	1	//达纳托斯魔力石_绿色
7430	1	1	1	1	0	1	1	1	//达纳托斯魔力石_黑色
7431	1	1	1	1	0	1	1	1	//任务堆栈的书
7432	1	1	1	1	1	1	1	1	//任务皮革袋子
7484	1	1	1	1	1	1	1	1	//中国-勇士的象征
7485	1	1	1	1	1	1	1	1	//中国-云丈之书
7486	1	1	1	1	1	1	1	1	//中国-风丈之书
7487	1	1	1	1	1	1	1	1	//启海伊洛任务-酒店的酒
7488	1	1	1	1	1	1	1	1	//启海伊洛任务-送货用的箱子
7489	1	1	1	1	1	1	1	1	//启海伊洛任务-别墅补助钥匙
7490	1	1	1	1	1	1	1	1	//启海伊洛任务-给予爱丽的信
7491	1	1	1	1	1	1	1	1	//启海伊洛任务-铁箱子
7492	1	1	1	1	0	1	1	1	//启海伊洛任务-黄色钥匙卡
7493	1	1	1	1	1	1	1	1	//启海伊洛任务-黄金钥匙
7494	1	1	1	1	1	1	1	1	//启海伊洛任务-高级钮扣
7495	1	1	1	1	1	1	1	1	//启海伊洛任务-蓝色钥匙卡
7496	1	1	1	1	1	1	1	1	//启海伊洛任务-红色钥匙卡
7497	1	1	1	1	1	1	1	1	//启海伊洛任务-碎金属破片
7498	1	1	1	1	1	1	1	1	//启海伊洛任务-罗希米爱乐家的钥匙
7499	1	1	1	1	1	1	1	1	//启海伊洛任务-某个家族的肖像画
7500	1	1	1	1	1	1	1	1	//启海伊洛任务-女人的肖像画
7501	1	1	1	1	1	1	1	1	//启海伊洛任务-K.H的信
7502	1	1	1	1	1	1	1	1	//启海伊洛任务-詹姆斯的便条纸
7503	1	1	1	1	1	1	1	1	//启海伊洛任务-某一位男子的肖像画
7504	1	1	1	1	1	1	1	1	//启海伊洛任务-动力装置
7505	1	1	1	1	1	1	1	1	//启海伊洛任务-玩具钥匙
7506	1	1	1	1	0	1	1	1	//启海伊洛任务-黑色钥匙卡
7508	1	1	1	1	1	1	1	1	//启海伊洛任务-爱丽希雅的戒指
7509	1	1	0	1	1	1	1	1	//启海伊洛任务-华丽的钥匙卡
7515	1	1	1	1	0	1	1	1	//怪物赛车-神奇的奖牌
7516	1	1	1	1	0	1	1	1	//启海伊洛任务-绿色钥匙卡
7518	1	1	1	1	0	1	1	1	//中国-女性之日
7525	1	1	1	1	0	1	1	1	//巴西夏季狂欢
7527	0	1	1	1	1	1	1	1	//印度尼西亚活动
7530	1	1	1	1	1	1	1	1	//美国活动
7531	1	1	1	1	1	1	1	1	//美国活动
7532	1	1	1	1	1	1	1	1	//美国活动
7533	1	1	1	1	1	1	1	1	//美国活动
7534	1	1	1	1	1	1	1	1	//美国活动
7535	1	1	1	1	1	1	1	1	//美国活动
7536	1	1	1	1	1	1	1	1	//美国活动
7537	1	1	1	1	1	1	1	1	//美国活动
7538	1	1	1	1	0	1	1	1	//作业用黄晶沙
7539	1	1	1	1	0	1	1	1	//波利钱币
7547	1	1	1	1	0	1	1	1	//巴西活动-足球
7548	1	1	1	1	0	1	1	1	//巴西活动-足球鞋
7549	1	1	1	1	0	1	1	1	//巴西活动-巴西国旗
7550	1	1	1	1	0	1	1	1	//巴西活动-6月13日观赏票
7551	1	1	1	1	0	1	1	1	//巴西活动-6月18日观赏票
7552	1	1	1	1	0	1	1	1	//巴西活动-6月22日观赏票
7553	1	1	1	1	0	1	1	1	//台湾-莲花
7554	1	1	1	1	0	1	1	1	//台湾-条纹发带
7555	1	1	1	1	0	1	1	1	//台湾-绿色的香
7556	1	1	0	1	1	1	1	1	//台湾-思念的情怀
7557	1	1	0	0	0	1	1	1	//台湾-邀请函
7558	1	1	0	1	1	1	1	1	//台湾-招待卷
7559	1	1	0	1	1	1	1	1	//台湾-秘密花园钥匙
7560	1	1	0	1	1	1	1	1	//Longing_Heart2
7569	1	1	0	1	1	1	1	1	//阿卢纳-风灵铁锤
7572	1	1	0	1	1	1	1	1	//阿卢纳-灰光颈炼
7573	1	1	0	1	1	1	1	1	//阿卢纳-闪烁的颈炼
7575	1	1	1	1	1	1	1	1	//印度尼西亚活动
7576	1	1	1	1	1	1	1	1	//印度尼西亚活动
7577	1	1	1	1	0	1	1	1	//印度尼西亚活动
7579	1	1	1	1	0	1	1	1	//中国活动
7580	1	1	1	1	0	1	1	1	//马来西亚-黑色珠子
7583	1	1	1	1	0	1	1	1	//台湾4周年-邪恶之心
7584	1	1	1	1	0	1	1	1	//台湾4周年-护卫者的证明1
7585	1	1	1	1	0	1	1	1	//台湾4周年-护卫者的证明2
7586	1	1	1	1	0	1	1	1	//台湾4周年-护卫者的证明3
7587	1	1	1	1	0	1	1	1	//台湾4周年-护卫者的证明4
7588	1	1	1	1	0	1	1	1	//越南IPOD活动
7603	1	1	1	1	0	1	1	1	//巴西2周年
7605	1	1	0	1	0	1	1	1	//Chicken_Egg
7614	1	1	1	1	0	1	1	1	//印度尼西亚活动
7618	1	1	1	1	0	1	1	1	//印度尼西亚活动
7619	1	1	0	1	1	1	1	1	//商城道具
7620	1	1	0	1	1	1	1	1	//商城道具
7621	1	1	0	1	1	1	1	1	//商城道具
7622	1	1	0	1	1	1	1	1	//?????,?????
7623	1	1	1	1	1	1	1	1	//商城道具,改名卡
7624	1	1	0	1	0	1	1	1	//Spring_Stanza23
7627	1	1	1	1	1	1	1	1	//Sage_Key
7628	1	1	1	1	1	1	1	1	//Idiot_Key
7635	1	1	1	1	0	1	1	1	//Sachet
7637	1	1	0	1	1	1	1	1	//Giftbox_For_Dad
7638	1	1	0	1	1	1	1	1	//TW_Green_Box
7639	1	1	0	1	1	1	1	1	//TW_Red_Box
7645	1	0	0	0	0	0	0	1	//Diamond
7646	0	0	0	0	0	1	1	1	//RO_Luk_Bookmark
7647	1	1	1	1	0	1	1	1	//Taiwan_Luk_Coin
7648	0	0	0	0	0	1	1	1	//Snake_Bookmark
7649	0	0	0	0	0	1	1	1	//Big_Luk_Bookmark
7650	1	0	0	0	1	1	1	1	//No1_Blacksmith_Know_How
7651	0	0	0	0	0	1	1	1	//Mystery_Egg
7654	1	1	1	1	0	1	1	1	//RO_Cash_Coupon
7655	1	0	0	0	0	1	1	1	//Cafra_Cash_Coupon
7656	1	0	0	0	0	1	1	1	//Premium_Wrapper
7657	1	0	0	0	0	1	1	1	//Wrapper
7659	1	1	1	1	0	1	1	1	//White_Carnation
7660	1	1	0	1	0	1	1	1	//Yellow_Carnation
7661	1	1	1	1	0	1	1	1	//Pink_Carnation
7662	1	1	1	1	0	1	1	1	//Red_Carnation
7678	0	0	0	0	0	1	1	1	//Moon_Gemstone
7685	1	0	0	0	0	1	1	1	//Male_Poring_Pet_Ticket
7687	1	0	0	0	0	1	1	1	//Female_Poring_Ticket
7688	1	0	0	0	0	1	1	1	//Bee_Honey
7701	1	1	1	1	0	1	1	1	//中国活动-神龙魔龙
7704	1	1	1	1	1	1	1	1	//托尔火山任务道具
7705	1	1	1	1	1	1	1	1	//托尔火山任务道具
7715	1	0	0	0	0	1	1	1	//情人节活动
7716	1	0	0	0	0	1	1	1	//情人节活动
7717	1	0	0	0	0	1	1	1	//情人节活动
7720	1	1	0	1	0	1	1	1	//Gold_Coin_US
7724	1	1	1	1	1	1	1	1	//Forbidden_Secret_Art
7759	1	1	1	1	1	1	1	1	//托尔火山任务道具
7763	1	1	1	1	1	1	1	1	
7764	1	1	1	1	1	1	1	1	
7765	1	1	1	1	1	1	1	1	
7766	1	1	0	1	1	1	1	1	//?????,???
7767	1	1	0	1	1	1	1	1	//?????,???????
7768	1	1	1	1	0	1	1	1	//Squid
7770	1	1	1	1	0	1	1	1	//Sweet_Rice
7773	1	1	1	1	0	1	1	1	//战斗徽章
7776	1	0	0	1	1	1	1	1	//Max_Weight_Up_Scroll
7779	1	1	0	1	1	1	1	1	//?????,???
7780	1	1	0	1	1	1	1	1	//?????,???
7784	1	1	0	1	1	1	1	1	//巴结优惠券1
7785	1	1	0	1	1	1	1	1	//巴结优惠券2
7786	1	1	0	1	1	1	1	1	//巴结优惠券3
7787	1	1	0	1	1	1	1	1	//巴结优惠券4
7788	1	1	0	1	1	1	1	1	//巴结优惠券5
7789	1	1	0	1	1	1	1	1	//巴结优惠券6
7790	1	1	0	1	1	1	1	1	//巴结优惠券7
7791	1	1	0	1	1	1	1	1	//巴结优惠券8
7793	1	1	0	1	1	1	1	1	//俄罗斯金苹果
7794	1	1	0	1	1	1	1	1	//2007中旬国内任务
7800	1	1	0	1	1	1	1	1	//俄罗斯金苹果_
7801	1	1	1	1	0	1	1	1	//夏日活动道具,少女的粉丝信
7802	1	1	1	1	0	1	1	1	//夏日活动道具,签名册
7803	1	1	0	1	0	1	1	1	//?????,?????????
7820	1	1	1	1	1	1	1	1	//梦罗克复活任务
7821	1	1	0	1	1	1	1	1	//?????,????
7822	1	1	0	1	1	1	1	1	//?????,????
7823	1	1	0	1	1	1	1	1	//?????,??????
7824	1	1	0	1	1	1	1	1	//?????,???
7826	1	1	1	1	1	1	1	1	//洲际卫队证书
7828	1	1	1	1	0	1	1	1	//BF_Badge1
7829	1	1	1	1	0	1	1	1	//BF_Badge2
7839	1	1	1	1	0	1	1	1	//神级任务道具,水晶钥匙
7840	1	1	1	1	1	1	1	1	//神级任务道具,巴基力的礼物
7841	1	1	1	1	0	1	1	1	//俄罗斯,脏了的纸条
7842	1	1	1	1	0	1	1	1	//俄罗斯,撕坏了的纸条
7843	1	1	1	1	0	1	1	1	//俄罗斯,旧纸条
7844	1	1	1	1	0	1	1	1	//俄罗斯,烧坏的纸条
7863	1	1	0	1	0	1	1	1	//印度尼西亚,黄金
7865	1	1	1	1	0	1	1	1	//海外道具,金袋子
7866	1	1	1	1	0	1	1	1	//海外道具,认证书
7875	1	1	0	1	0	1	1	1	//海外活动道具
7876	1	1	1	1	1	1	1	1	//俄罗斯活动道具
7877	1	1	0	1	1	1	1	1	//俄罗斯活动道具
7878	1	1	1	1	1	1	1	1	//俄罗斯活动道具
7879	1	1	1	1	1	1	1	1	//俄罗斯活动道具
7880	1	1	1	1	0	1	1	1	//俄罗斯活动道具
7881	1	1	1	1	0	1	1	1	//俄罗斯活动道具
7882	1	1	1	1	1	1	1	1	//俄罗斯活动道具
7883	1	1	1	1	1	1	1	1	//俄罗斯活动道具
7884	1	1	0	1	1	1	1	1	//新加坡活动道具玉佩
7885	1	1	0	1	1	1	1	1	//新加坡活动道具神圣箭矢
7894	1	1	1	1	0	1	1	1	
7895	1	1	1	1	0	1	1	1	//泰国活动道具
7896	1	1	1	1	0	1	1	1	//泰国活动道具
7897	1	1	1	1	0	1	1	1	//泰国活动道具
7898	1	1	1	1	0	1	1	1	//泰国活动道具
7899	1	1	1	1	0	1	1	1	//泰国活动道具
7900	1	1	1	1	1	1	1	1	//泰国活动道具
7901	1	1	1	1	1	1	1	1	//泰国活动道具
7902	1	1	1	1	1	1	1	1	//泰国活动道具
7903	1	1	1	1	1	1	1	1	//泰国活动道具
7904	1	1	1	1	1	1	1	1	//泰国冒险家的传送
7906	1	1	1	1	1	1	1	1	//美国休战纪念日活动,花环
7907	1	1	1	1	0	1	1	1	//FRO开放活动
7909	1	1	1	1	0	1	1	1	//Stolen_Cookie
7910	1	1	1	1	0	1	1	1	//Stolen_Candy
7912	1	1	1	1	1	1	1	1	//海外活动道具,携带式雪人表
7913	1	1	1	1	1	1	1	1	//越南Midgardarmyrecruitment
7914	1	1	0	1	1	1	1	1	
7923	1	1	1	1	0	1	1	1	//美国选手们活动
7928	1	1	1	1	1	1	1	1	//巴西独立活动,巴西惫扁_
7929	1	1	1	1	1	1	1	1	//巴西独立活动,陛悼傈_
7930	1	1	1	1	1	1	1	1	//中国国庆节道具,牛魔王的鼻环
7945	1	1	0	1	1	1	1	1	//中国_封印的箱子
7949	1	1	1	1	0	1	1	1	//2009巴西嘉年华
7950	1	1	1	1	0	1	1	1	//2009哎哟泰雅活动邀请券
7951	1	1	1	1	0	1	1	1	//2009中国母亲节
7952	1	1	1	1	1	1	1	1	//2009ValentineEvent
7953	1	1	1	1	1	1	1	1	//2009ValentineEvent
7954	1	1	1	1	0	1	1	1	//菲律宾夏季活动
7959	1	0	0	0	0	0	0	0	//古代的金币
7960	1	0	0	0	0	0	0	0	//古代的银币
7961	1	1	1	1	0	1	1	1	//武器交换券
7962	1	1	1	1	0	1	1	1	//藏宝图1
7963	1	1	1	1	0	1	1	1	//藏宝图2
7964	1	1	1	1	0	1	1	1	//藏宝图3
7965	1	1	1	1	0	1	1	1	//藏宝图4
7966	1	1	1	1	0	1	1	1	//奇怪的羊皮纸碎片1
7967	1	1	1	1	0	1	1	1	//奇怪的羊皮纸碎片2
7968	1	1	1	1	0	1	1	1	//奇怪的羊皮纸碎片3
7969	1	1	1	1	0	1	1	1	//奇怪的羊皮纸碎片4
7974	1	1	1	1	0	1	1	1	//Illusion_Piece
7975	1	1	1	1	0	1	1	1	//Cupid_Choco
7978	1	1	1	1	0	1	1	1	//Spring_Stanza1
7979	1	1	1	1	0	1	1	1	//Spring_Stanza2
7980	1	1	1	1	0	1	1	1	//Spring_Stanza3
7981	1	1	1	1	0	1	1	1	//Spring_Stanza4
7982	1	1	1	1	0	1	1	1	//Spring_Stanza5
7983	1	1	1	1	0	1	1	1	//Spring_Stanza6
7984	1	1	1	1	0	1	1	1	//Spring_Stanza7
7985	1	1	1	1	0	1	1	1	//Spring_Stanza8
7986	1	1	1	1	0	1	1	1	//Spring_Stanza9
7987	1	1	1	1	0	1	1	1	//Spring_Stanza10
7988	1	1	0	1	0	1	1	1	//Spring_Stanza11
7989	1	1	0	1	0	1	1	1	//Spring_Stanza12
7990	1	1	0	1	0	1	1	1	//Spring_Stanza13
7991	1	1	0	1	0	1	1	1	//Spring_Stanza14
7992	1	1	0	1	0	1	1	1	//Spring_Stanza15
7993	1	1	0	1	0	1	1	1	//Spring_Stanza16
7994	1	1	0	1	0	1	1	1	//Spring_Stanza17
7995	1	1	0	1	0	1	1	1	//Spring_Stanza18
7996	1	1	0	1	0	1	1	1	//Spring_Stanza19
7997	1	1	0	1	0	1	1	1	//Spring_Stanza20
7998	1	1	0	1	0	1	1	1	//Spring_Stanza21
7999	1	1	0	1	0	1	1	1	//Spring_Stanza22
9028	1	0	0	1	0	1	1	0	//坚硬的糕饼
9058	1	1	0	1	0	1	1	1	//Snow_Rabbit_Egg
9063	1	0	0	0	1	1	1	1	
9064	1	0	0	0	1	1	1	1	//Elephant_Egg
9065	1	0	0	0	1	1	1	1	//Gorilla_Egg
9066	1	0	0	0	1	1	1	1	//Lion_Egg
9067	1	0	0	0	1	1	1	1	//Rhino_Egg
11500	1	1	0	1	1	1	1	1	//??????????
11501	1	1	0	1	1	1	1	1	//??????????
11503	1	1	0	1	1	1	1	1	//商城道具,菲律宾城战白色药水
11504	1	1	0	1	1	1	1	1	//商城道具,菲律宾城战蓝色药水
11505	1	1	1	1	1	1	1	1	//Iris
11514	1	1	0	1	1	1	1	1	//浓缩纤细药水.
11551	1	1	1	1	0	1	1	1	//Savory_Herb_Salad
11552	1	1	1	1	0	1	1	1	//Apple_Carrot_Salad
11553	1	1	1	1	0	1	1	1	//Casual_Stew
11554	1	1	1	1	0	1	1	1	//Golden_Roasted_Apple
11598	0	0	0	0	0	1	1	1	//Bitter_Cacao_Bean
11720	1	0	0	0	1	1	1	1	//Kinder_Chocolate
11722	1	1	0	1	1	1	1	1	//Heal_Potion
12142	0	1	1	1	1	1	1	1	//印度尼西亚活动
12153	1	1	1	1	0	1	1	1	//佣兵召唤书
12154	1	1	1	1	0	1	1	1	//佣兵召唤书
12155	1	1	1	1	0	1	1	1	//佣兵召唤书
12156	1	1	1	1	0	1	1	1	//佣兵召唤书
12157	1	1	1	1	0	1	1	1	//佣兵召唤书
12158	1	1	1	1	0	1	1	1	//佣兵召唤书
12159	1	1	1	1	0	1	1	1	//佣兵召唤书
12160	1	1	1	1	0	1	1	1	//佣兵召唤书
12161	1	1	1	1	0	1	1	1	//佣兵召唤书
12162	1	1	1	1	0	1	1	1	//佣兵召唤书
12163	1	1	1	1	0	1	1	1	//佣兵召唤书
12164	1	1	1	1	0	1	1	1	//佣兵召唤书
12165	1	1	1	1	0	1	1	1	//佣兵召唤书
12166	1	1	1	1	0	1	1	1	//佣兵召唤书
12167	1	1	1	1	0	1	1	1	//佣兵召唤书
12168	1	1	1	1	0	1	1	1	//佣兵召唤书
12169	1	1	1	1	0	1	1	1	//佣兵召唤书
12170	1	1	1	1	0	1	1	1	//佣兵召唤书
12171	1	1	1	1	0	1	1	1	//佣兵召唤书
12172	1	1	1	1	0	1	1	1	//佣兵召唤书
12173	1	1	1	1	0	1	1	1	//佣兵召唤书
12174	1	1	1	1	0	1	1	1	//佣兵召唤书
12175	1	1	1	1	0	1	1	1	//佣兵召唤书
12176	1	1	1	1	0	1	1	1	//佣兵召唤书
12177	1	1	1	1	0	1	1	1	//佣兵召唤书
12178	1	1	1	1	0	1	1	1	//佣兵召唤书
12179	1	1	1	1	0	1	1	1	//佣兵召唤书
12180	1	1	1	1	0	1	1	1	//佣兵召唤书
12181	1	1	1	1	0	1	1	1	//佣兵召唤书
12182	1	1	1	1	0	1	1	1	//佣兵召唤书
12199	1	1	1	1	1	1	1	1	//2006年韩国除夕活动_魔法的滚动条
12202	1	1	0	1	1	1	1	1	//商城道具
12203	1	1	0	1	1	1	1	1	//商城道具
12204	1	1	0	1	1	1	1	1	//商城道具
12205	1	1	0	1	1	1	1	1	//商城道具
12206	1	1	0	1	1	1	1	1	//商城道具
12207	1	1	0	1	1	1	1	1	//商城道具
12208	1	1	0	1	1	1	1	1	//商城道具
12209	1	1	1	1	0	1	1	1	//Insurance
12210	1	1	0	1	1	1	1	1	//商城道具
12211	1	1	0	1	1	1	1	1	//商城道具
12212	1	1	0	1	1	1	1	1	//商城道具
12213	1	1	0	1	1	1	1	1	//商城道具
12214	1	1	0	1	1	1	1	1	//商城道具
12215	1	1	0	1	1	1	1	1	//商城道具
12216	1	1	0	1	1	1	1	1	//商城道具
12217	1	1	0	1	1	1	1	1	//商城道具
12218	1	1	0	1	1	1	1	1	//商城道具
12219	1	1	0	1	1	1	1	1	//商城道具
12220	1	1	0	1	1	1	1	1	//商城道具
12221	1	1	0	1	1	1	1	1	//商城道具
12232	1	0	0	0	1	1	1	1	//Gingerbread
12238	1	1	0	1	0	1	1	1	//年糕
12239	1	1	0	1	0	1	1	1	//年糕
12258	1	1	1	1	0	1	1	1	//3转_炸弹波利箱子
12259	1	0	0	0	1	1	1	1	//????????,?????
12260	1	0	0	0	1	1	1	1	//Cool_Summer_Outfit
12261	1	0	0	0	1	1	1	1	//????????,?????
12262	1	1	1	1	1	1	1	1	//网吧专用马牌
12263	1	1	1	1	1	1	1	1	//奖励道具
12264	1	1	1	1	0	1	1	1	//奖励道具
12265	1	1	0	1	1	1	1	1	//奖励道具
12266	1	1	1	1	1	1	1	1	//网吧茶食
12267	1	1	1	1	1	1	1	1	//网吧油果
12268	1	1	1	1	1	1	1	1	//网吧彩虹饼
12269	1	1	0	0	0	1	1	1	//Tasty_Colonel
12270	1	1	0	0	0	1	1	1	//Tasty_Major
12271	1	1	1	1	0	1	1	1	//Mre_A
12272	1	1	0	0	0	1	1	1	//Mre_B
12273	1	1	0	0	0	1	1	1	//Mre_C
12274	1	1	0	1	1	1	1	1	//网吧道具,大还丹
12275	1	1	0	1	1	1	1	1	//网吧道具,太清丹
12276	1	1	0	1	1	1	1	1	//商城道具,邪恶箱召唤书
12277	1	1	0	1	1	1	1	1	//商城道具,假面鬼召唤书
12278	1	0	0	0	1	1	1	1	//商城道具,艾丽斯女仆召唤书
12287	1	1	1	1	1	1	1	1	//商城道具,爱的天使魔法粉
12288	1	1	1	1	1	1	1	1	//商城道具,顽皮魔法粉
12289	1	1	1	1	1	1	1	1	//商城道具,搞怪魔法粉
12294	1	1	1	1	1	1	1	1	//网吧活动道具,网吧代币箱子1
12295	1	1	1	1	1	1	1	1	//网吧活动道具,网吧代币箱子2
12296	1	1	1	1	1	1	1	1	//网吧活动道具,网吧代币箱子3
12297	1	1	1	1	1	1	1	1	//网吧活动道具,网吧代币箱子4
12298	1	1	1	1	1	1	1	1	//网吧活动道具,SP消耗量减少药水
12299	1	1	1	1	1	1	1	1	//网吧活动道具,全状态抵抗药水
12300	1	1	1	1	0	1	1	1	//狂暴野猫召唤书
12301	1	1	1	1	0	1	1	1	//死灵召唤书
12302	1	1	1	1	0	1	1	1	//?●剑士召唤书
12303	1	1	0	1	1	1	1	1	//泰国-祝福之水
12304	1	1	1	1	1	1	1	1	//商城道具,绘画日记魔法粉
12305	1	1	1	1	1	1	1	1	//商城道具,迷你心型魔法粉
12306	1	1	1	1	1	1	1	1	//商城道具,新奇魔法粉
12307	1	1	1	1	1	1	1	1	//商城道具,欺诈魔法粉
12308	1	1	1	1	1	1	1	1	//商城道具,魔法之城魔法粉
12309	1	1	1	1	1	1	1	1	//商城道具,蜡笔小新魔法粉
12310	1	1	0	1	0	1	1	1	//迎春活动道具
12311	1	1	0	1	0	1	1	1	//迎春活动道具
12313	1	1	1	1	0	1	1	1	//天使的守护
12323	1	1	1	1	0	1	1	1	//N_Fly_Wing
12324	1	1	1	1	0	1	1	1	//N_Butterfly_Wing
12325	1	1	1	1	0	1	1	1	//N_Magnifier
12331	1	1	1	1	1	1	1	1	//6周年活动-人参
12332	1	1	1	1	1	1	1	1	//6周年活动-果汁
12333	1	1	1	1	1	1	1	1	//3转职业-大主教-神秘水晶
12340	1	1	1	1	0	1	1	1	//神秘的糯米粉
12342	1	1	0	1	1	1	1	1	//episode13.2-魔怒克的良机
12343	1	1	0	1	1	1	1	1	//episode13.2-魔怒克的意志
12344	1	1	0	1	1	1	1	1	//episode13.2-捕虫堇妖果酱
12345	1	1	0	1	1	1	1	1	//episode13.2-鲁修拉的蜜酱
12346	1	1	1	1	0	1	1	1	//episode13.2-未熟的橡实
12348	1	1	0	1	1	1	1	1	//episode13.2-魔怒克新增
12349	1	1	0	1	1	1	1	1	//episode13.2-史波浪新增
12350	1	1	0	1	1	1	1	1	//Angeling_Potion
12351	1	1	0	1	1	1	1	1	//Shout_Megaphone
12361	1	1	0	1	1	1	1	1	//恋夏雪花冰
12363	1	1	0	1	1	1	1	1	//橡木棺
12370	1	1	0	1	1	1	1	1	//少女的情书
12373	1	1	0	1	1	1	1	1	
12374	1	1	0	1	1	1	1	1	
12375	1	1	0	0	1	1	1	1	//Acaraje
12378	1	1	0	1	0	1	1	1	//2009_Rice_Cake_Soup
12379	1	1	0	1	0	1	1	1	//Pope's_Cookie
12384	1	1	1	1	0	1	1	1	//3转_彩虹红宝石_水
12385	1	1	1	1	0	1	1	1	//3转_彩虹红宝石_火
12386	1	1	1	1	0	1	1	1	//3转_彩虹红宝石_风
12387	1	1	1	1	0	1	1	1	//3转_彩虹红宝石_地
12388	1	1	1	1	1	1	1	1	//3转_见习莱德赫符文石
12389	1	1	1	1	1	1	1	1	//3转_见习培尔多罗符文石
12390	1	1	1	1	1	1	1	1	//3转_见习贝尔卡诺符文石
12391	1	0	0	1	1	1	1	1	//幸运转蛋_C
12395	1	1	0	1	1	1	1	1	
12396	1	1	0	1	1	1	1	1	//Fools_Day_Box
12397	1	1	0	1	1	1	1	1	//Fools_Day_Box2
12398	1	1	1	1	1	1	1	1	//网吧礼物箱
12402	1	1	0	1	1	1	1	1	//29果实
12405	1	1	0	1	1	1	1	1	//青涩天地树果实
12406	1	1	0	1	1	1	1	1	//念属性卷轴
12411	1	1	0	1	1	1	1	1	//HE_Battle_Manual
12413	1	1	0	1	1	1	1	1	//网吧抵用券箱子2
12473	1	1	0	1	0	1	1	1	//RWC参与纪念箱子
12474	1	1	0	1	0	1	1	1	//RWC决胜参与箱子
12476	1	1	0	1	1	1	1	1	//网吧抵用券箱子3
12478	1	1	1	1	1	1	1	1	//机会宝箱
12479	1	1	1	1	1	1	1	1	//加拉加斯戒指箱子
12480	1	1	0	1	1	1	1	1	//出席3日箱子
12481	1	1	0	1	1	1	1	1	//出席7日箱子
12482	1	1	0	1	1	1	1	1	//出席10日箱子
12483	1	1	0	1	1	1	1	1	//出席15日箱子
12484	1	1	0	1	1	1	1	1	//出席20日箱子
12485	1	1	0	1	1	1	1	1	//出席25日箱子
12486	1	1	0	1	1	1	1	1	//金牌网吧1等箱子
12487	1	1	0	1	1	1	1	1	//网吧四叶草箱子
12490	1	0	0	0	0	1	1	1	
12492	1	1	0	1	1	1	1	1	//褶皱的纸团
12493	1	0	0	1	1	1	1	1	
12507	1	0	0	0	1	1	1	1	
12508	1	0	0	0	1	1	1	1	
12509	1	0	0	0	1	1	1	1	
12510	1	0	0	0	1	1	1	1	
12529	1	1	0	1	1	1	1	1	//白色纤细药水箱子
12530	1	1	0	1	1	1	1	1	//玛丝黛拉果实箱子
12531	1	1	0	1	1	1	1	1	//白色药水箱子
12532	1	1	0	1	1	1	1	1	//蜂胶箱子
12533	1	1	0	1	1	1	1	1	//蓝色药草箱子
12534	1	1	0	1	1	1	1	1	//天地树芽箱子
12535	1	1	0	1	1	1	1	1	//天地树果实箱子
12540	1	1	1	1	0	1	1	1	//GMwarp箱子
12541	1	1	1	1	0	1	1	1	//幸运饼干1
12542	1	1	1	1	0	1	1	1	//幸运饼干2
12543	1	1	1	1	0	1	1	1	//幸运饼干3
12549	1	1	0	1	1	1	1	1	//白色纤细药水箱子2
12550	1	1	0	1	1	1	1	1	//毒药瓶箱子2
12580	1	1	0	1	1	1	1	1	
12581	1	1	0	1	1	1	1	1	//露天商店检索卡(金)
12583	1	1	1	1	1	1	1	1	//宣传部箱子
12584	1	1	1	1	1	1	1	1	//开发部箱子
12585	1	1	1	1	1	1	1	1	//市场部箱子
12586	1	1	1	1	1	1	1	1	//运营部箱子
12587	1	1	1	1	1	1	1	1	//死亡引导者箱子
12588	1	1	1	1	1	1	1	1	//死亡引导者箱子2
12589	1	1	1	1	1	1	1	1	//死亡引导者箱子3
12591	1	1	0	1	1	1	1	1	//露天商店检索卡(铜)
12595	1	1	0	1	1	1	1	1	//幸运转蛋_C7
12600	1	1	1	1	1	1	1	1	//宝物箱子召唤书
12607	1	1	1	1	1	1	1	1	//美味棒棒糖箱子
//12610	1	1	1	1	0	1	1	1	//疑问转蛋
12611	1	1	1	1	0	1	1	1	//Para_Team_Move_Scroll
12622	1	1	1	1	1	1	1	1	//Boarding_Halter
12623	1	1	0	1	1	1	1	1	//Sillit_Pong_Bottle
12624	0	0	0	1	0	0	0	0	//High_Weapon_Box
12625	1	1	0	1	1	1	1	1	//邪派功勋证包装
12626	1	1	0	1	1	1	1	1	//Wander_Man_Scroll
12627	1	1	0	1	1	1	1	1	//Wicked_Nymph_Scroll
12628	1	1	0	1	1	1	1	1	//Kasa_Scroll
12629	1	1	0	1	1	1	1	1	//Salamander_Scroll
12630	1	1	0	1	1	1	1	1	//Teddy_Bear_Scroll
12631	1	1	1	1	1	1	1	1	//Macro_Stone_A
12632	1	1	1	1	1	1	1	1	//Macro_Stone_B
12633	1	1	0	1	1	1	1	1	//Malang_Cat_Can
12634	1	1	1	1	1	1	1	1	//Macro_Stone_A1
12635	1	1	1	1	1	1	1	1	//Macro_Stone_A2
12636	1	1	0	1	0	1	1	1	//Malang_Sp_Can
12637	1	1	0	1	1	1	1	1	//Gong_Bug_Pocket
12638	1	1	0	1	1	1	1	1	//Dried_Squid_Box
12639	1	1	0	1	1	1	1	1	//Flying_Fish_Box
12640	1	1	0	1	1	1	1	1	//Starfish_Box
12641	1	1	0	1	1	1	1	1	//幸运转蛋_C8
12642	1	1	0	1	1	1	1	1	
12643	1	1	0	1	0	1	1	1	//E_Coin_Pack50
12644	1	1	0	1	1	1	1	1	//网吧抵用券箱子4
12645	1	1	0	1	1	1	1	1	//撒水祈福卷轴_C
12654	1	1	0	1	1	1	1	1	//青款狼舅_C9
12658	1	1	0	1	1	1	1	1	//Trans_Scroll_Devi
12659	1	1	0	1	1	1	1	1	//Trans_Scroll_Ray_Arch
12660	1	1	0	1	1	1	1	1	//Trans_Scroll_Mavka
12661	1	1	0	1	1	1	1	1	//Trans_Scroll_Marduk
12662	1	1	0	1	1	1	1	1	//Trans_Scroll_Banshee
12663	1	1	0	1	1	1	1	1	//Trans_Scroll_Poring
12664	1	1	0	1	1	1	1	1	//Trans_Scroll_Golem
12672	1	1	1	1	0	1	1	1	//新的开始箱子
12673	1	1	0	1	1	1	1	1	//幸运转蛋_C10
12681	1	0	0	0	1	1	1	1	
12682	1	0	0	0	1	1	1	1	
12685	1	1	0	1	1	1	1	1	//狮鹫蛋
12690	1	0	0	0	1	1	1	1	
12691	1	0	0	0	1	1	1	1	
12692	1	0	0	0	1	1	1	1	
12693	1	0	0	0	1	1	1	1	
12694	1	0	0	0	1	1	1	1	
12695	1	0	0	0	1	1	1	1	
12696	1	0	0	0	1	1	1	1	
12697	1	0	0	0	1	1	1	1	
12698	1	0	0	0	1	1	1	1	
12704	1	1	0	1	1	1	1	1	//新加坡活动道具长生不老药
12705	1	1	0	1	1	1	1	1	//新加坡活动道具贵族的名牌
12714	1	1	0	1	1	1	1	1	
12715	1	1	1	1	1	1	1	1	//美国圣·帕特里克节活动道具
12725	1	1	0	1	1	1	1	1	//3转职业符文石_恢复
12726	1	1	0	1	1	1	1	1	//3转职业符文石_重击强袭
12727	1	1	0	1	1	1	1	1	//3转职业符文石_千年神盾
12728	1	1	0	1	1	1	1	1	//3转职业符文石_生命激化
12729	1	1	0	1	1	1	1	1	//3转职业符文石_提升斗志
12730	1	1	0	1	1	1	1	1	//3转职业符文石_丰足
12731	1	1	0	1	1	1	1	1	//3转职业符文石_力量成长
12732	1	1	0	1	1	1	1	1	//3转职业符文石_风暴冲击
12733	1	1	0	1	1	1	1	1	//3转职业符文石_岩石皮肤
12740	1	1	1	1	1	1	1	1	//中国_力量增幅卷轴
12741	1	1	1	1	1	1	1	1	//中国_智力增幅卷轴
12745	1	1	1	1	1	1	1	1	//全世界情人节活动
12746	1	1	1	1	0	1	1	1	//Curious_Snowball
12754	1	0	0	0	0	1	1	1	//New_Year_Bun
12755	1	0	0	0	0	1	1	1	//Traditional_Firecrack
12756	1	0	0	0	0	1	1	1	//New_Gift_Envelope
12764	1	0	0	0	1	1	1	1	//Fools_Day_Box_Tw
12766	1	1	1	1	1	1	1	1	//Reward_Job_BM25
12767	1	1	0	1	0	1	1	1	//Passion_FB_Hat_Box
12768	1	1	0	1	0	1	1	1	//Cool_FB_Hat_Box
12769	1	1	0	1	0	1	1	1	//Victory_FB_Hat_Box
12770	1	1	0	1	0	1	1	1	//Glory_FB_Hat_Box
12771	1	1	0	1	0	1	1	1	//Passion_Hat_Box2
12772	1	1	0	1	0	1	1	1	//Cool_Hat_Box2
12773	1	1	0	1	0	1	1	1	//Victory_Hat_Box2
12778	1	0	0	0	1	1	1	1	
12779	1	0	0	0	1	1	1	1	
12785	1	1	0	1	1	1	1	1	//龙蛋
12786	1	1	0	1	1	1	1	1	//Change_Slot_Card
12787	1	0	0	0	1	1	1	1	
12788	1	1	0	1	0	1	1	1	
12789	1	1	1	1	1	1	1	1	
12790	1	1	0	1	1	1	1	1	//Change_Name_Card
12791	1	1	0	1	1	1	1	1	
12792	1	1	0	1	1	1	1	1	//高级战斗药
12793	1	1	0	1	1	1	1	1	//战斗药10个箱子
12794	1	1	0	1	1	1	1	1	//高级战斗药10个箱子
12795	1	1	0	1	1	1	1	1	//2011RWC转蛋
12797	1	1	0	1	1	1	1	1	
12798	1	1	0	1	1	1	1	1	
12799	1	1	0	1	1	1	1	1	//网吧抵用券箱子5
12800	1	0	0	0	1	1	1	1	
12801	1	0	0	0	1	1	1	1	
12802	1	1	1	1	1	1	1	1	//时间的守护者箱子
12803	1	1	1	1	1	1	1	1	//初心者援助箱子
12804	1	1	0	1	1	1	1	1	//CRU转蛋
12807	1	1	1	1	1	1	1	1	//佣兵召唤捆
12808	1	1	1	1	1	1	1	1	//母亲的心箱子
12809	1	1	1	1	1	1	1	1	//升级箱子
12810	1	1	1	1	1	1	1	1	//活动礼物箱子
12811	1	1	1	1	1	1	1	1	//活动礼物箱子_
12816	1	1	1	1	1	1	1	1	//老旧矿石箱子_
12817	1	1	1	1	1	1	1	1	//老旧收集册_
12818	1	1	1	1	1	1	1	1	//高级武器箱子_
12819	1	1	1	1	1	1	1	1	//艾斯恩魔女门票箱子_
12820	1	1	0	1	1	1	1	1	//Mao_Guai_Scroll
12821	1	1	0	1	1	1	1	1	//Loli_Ruri_Scroll
12822	1	0	0	0	1	1	1	1	//Songpyun_Box50
12823	1	1	0	1	1	1	1	1	
12824	1	1	0	1	1	1	1	1	
12826	1	0	0	0	1	1	1	1	//Wind_Type_Scroll
12827	1	0	0	0	1	1	1	1	//Water_Type_Scroll
12828	1	0	0	0	1	1	1	1	//Fire_Type_Scroll
12829	1	0	0	0	1	1	1	1	//Earth_Type_Scroll
12834	1	0	0	0	1	1	1	1	
12835	1	0	0	0	1	1	1	1	
12837	1	1	1	1	0	1	1	1	//Wooden_Treasure_Box
12838	1	1	1	1	0	1	1	1	//Iron_Treasure_Box
12839	1	1	1	1	0	1	1	1	//bronze_Treasure_Box
12840	1	1	1	1	0	1	1	1	//Silver_Treasure_Box
12841	1	1	1	1	0	1	1	1	//Golden_Treasure_Box
12842	1	1	1	1	0	1	1	1	//Platinum_Treasure_Box
12843	1	1	1	1	0	1	1	1	//Pearl_Treasure_Box
12844	1	1	1	1	0	1	1	1	//Diamond_Treasure_Box
12845	1	1	1	1	0	1	1	1	//WOB_Amatsu
12847	1	1	1	1	1	1	1	1	//Old_Equipment_Box
12850	1	0	0	0	1	1	1	1	//Heaven_Scroll
12851	1	0	0	0	1	1	1	1	//Vocation_Scroll
12852	1	0	0	0	1	1	1	1	//Wisdom_Scroll
12853	1	0	0	0	1	1	1	1	//Patron_Scroll
12860	1	1	0	1	1	1	1	1	
12861	1	1	0	1	1	1	1	1	//Hillsrion_Scroll
12862	1	1	0	1	1	1	1	1	//Garm_Baby_Scroll
12873	1	1	0	1	1	1	1	1	//TE_Potion_Box
12887	1	1	1	1	1	1	1	1	//C_Wing_Of_Fly
12888	1	1	1	1	1	1	1	1	//Siege_Kit_Box
12900	1	0	0	0	1	1	1	1	//商城道具
12901	1	0	0	0	1	1	1	1	//商城道具
12902	1	0	0	0	1	1	1	1	//商城道具
12903	1	0	0	0	1	1	1	1	//商城道具
12904	1	0	0	0	1	1	1	1	//商城道具
12905	1	0	0	0	1	1	1	1	//商城道具
12906	1	0	0	0	1	1	1	1	//商城道具
12907	1	0	0	0	1	1	1	1	//商城道具
12908	1	0	0	0	1	1	1	1	//商城道具
12909	1	0	0	0	1	1	1	1	//商城道具
12910	1	0	0	0	1	1	1	1	//商城道具
12911	1	0	0	0	1	1	1	1	//商城道具
12912	1	0	0	0	1	1	1	1	//商城道具
12913	1	0	0	0	1	1	1	1	//商城道具
12914	1	0	0	0	1	1	1	1	//商城道具
12915	1	0	0	0	1	1	1	1	//商城道具
12916	1	0	0	0	1	1	1	1	//商城道具
12917	1	0	0	0	1	1	1	1	//商城道具
12918	1	0	0	0	1	1	1	1	//商城道具
12919	1	0	0	0	1	1	1	1	//商城道具
12920	1	0	0	0	1	1	1	1	//商城道具
12921	1	0	0	0	1	1	1	1	//商城道具
12922	1	0	0	0	1	1	1	1	//商城道具
12923	1	0	0	0	1	1	1	1	//商城道具
12924	1	0	0	0	1	1	1	1	//商城道具
12925	1	0	0	0	1	1	1	1	//商城道具
12926	1	1	0	1	1	1	1	1	//商城道具
12927	1	0	0	0	1	1	1	1	//商城道具
12928	1	1	0	1	1	1	1	1	//商城道具
12929	1	0	0	0	1	1	1	1	//商城道具
12930	1	0	0	0	1	1	1	1	//商城道具
12931	1	0	0	0	1	1	1	1	//商城道具
12932	1	1	0	1	1	1	1	1	//商城道具
12933	1	1	0	1	1	1	1	1	//商城道具
12934	1	1	0	1	1	1	1	1	//商城道具
12935	1	0	0	0	1	1	1	1	//RentItem
12936	1	0	0	0	1	1	1	1	//RentItem
12937	1	0	0	0	1	1	1	1	//RentItem
12938	1	0	0	0	1	1	1	1	//RentItem
12939	1	0	0	0	1	1	1	1	//RentItem
12940	1	0	0	0	1	1	1	1	//RentItem
12941	1	0	0	0	1	1	1	1	//RentItem
12942	1	0	0	0	1	1	1	1	//RentItem
12943	1	0	0	0	1	1	1	1	//RentItem
12944	1	0	0	0	1	1	1	1	//RentItem
12945	1	0	0	0	1	1	1	1	//RentItem
12946	1	0	0	0	1	1	1	1	//RentItem
12947	1	0	0	0	1	1	1	1	//RentItem
12948	1	0	0	0	1	1	1	1	//RentItem
12949	1	0	0	0	1	1	1	1	//RentItem
12950	1	0	0	0	1	1	1	1	//RentItem
12951	1	0	0	0	1	1	1	1	//RentItem
12952	1	0	0	0	1	1	1	1	//RentItem
12953	1	0	0	0	1	1	1	1	//RentItem
12954	1	0	0	0	1	1	1	1	//RentItem
12955	1	0	0	0	1	1	1	1	//RentItem
12956	1	0	0	0	1	1	1	1	//RentItem
12957	1	0	0	0	1	1	1	1	//RentItem
12958	1	0	0	0	1	1	1	1	//RentItem
12959	1	0	0	0	1	1	1	1	//RentItem
12960	1	0	0	0	1	1	1	1	//RentItem
12961	1	0	0	0	1	1	1	1	//RentItem
12962	1	0	0	0	1	1	1	1	//RentItem
12963	1	0	0	0	1	1	1	1	//RentItem
12964	1	0	0	0	1	1	1	1	//RentItem
12965	1	0	0	0	1	1	1	1	//??????????????
12966	1	0	0	0	1	1	1	1	//??????????????
12967	1	0	0	0	1	1	1	1	//??????????????
12968	1	1	0	1	1	1	1	1	//????????????
12969	1	1	0	1	1	1	1	1	//????????????
12970	1	1	0	1	1	1	1	1	//????????????
12971	1	0	0	0	1	1	1	1	//?????Teleport_Box
12972	1	0	0	0	1	1	1	1	//?????Teleport_Box
12973	1	0	0	0	1	1	1	1	//?????Teleport_Box
12974	1	0	0	0	1	1	1	1	//?????Teleport_Box
12975	1	0	0	0	1	1	1	1	//?????Teleport_Box
12976	1	0	0	0	1	1	1	1	//?????Teleport_Box
12977	1	1	0	1	1	1	1	1	//?????Teleport_Scroll
12978	1	1	0	1	1	1	1	1	//?????Teleport_Scroll
12979	1	1	0	1	1	1	1	1	//?????Teleport_Scroll
12980	1	1	0	1	1	1	1	1	//?????Teleport_Scroll
12981	1	1	0	1	1	1	1	1	//?????Teleport_Scroll
12982	1	1	0	1	1	1	1	1	//?????Teleport_Scroll
12983	1	0	0	0	1	1	1	1	//?????
12984	1	0	0	0	1	1	1	1	//?????
12985	1	0	0	0	1	1	1	1	//?????
12986	1	0	0	0	1	1	1	1	//?????
12987	1	0	0	0	1	1	1	1	//?????
12988	1	0	0	0	1	1	1	1	//?????
12989	1	1	0	1	1	1	1	1	//?????
12990	1	1	0	1	1	1	1	1	//?????
12991	1	1	0	1	1	1	1	1	//?????
12992	1	1	0	1	1	1	1	1	//?????
12993	1	1	0	1	1	1	1	1	//?????
12994	1	1	0	1	1	1	1	1	//?????
12995	1	0	0	0	1	1	1	1	//?????
12996	1	0	0	0	1	1	1	1	//?????
12997	1	0	0	0	1	1	1	1	//?????
12998	1	0	0	0	1	1	1	1	//?????
12999	1	0	0	0	1	1	1	1	//?????
13020	1	1	1	1	1	1	1	1	//台湾4周年-勇士的神器天谴
13021	1	1	1	1	1	1	1	1	//RentItem
13022	1	1	1	1	1	1	1	1	//RentItem
13023	1	1	1	1	1	1	1	1	//RentItem
13029	1	1	0	1	1	1	1	1	//内服服事发放道具
13036	1	1	1	1	0	1	1	1	//BF_Dagger1
13037	1	1	1	1	0	1	1	1	//BF_Dagger2
13040	1	1	1	1	0	1	1	1	//N_Cutter
13041	1	1	1	1	0	1	1	1	//N_Main_Gauche
13042	1	1	1	1	0	1	1	1	//5vs5战场道具
13043	1	1	1	1	1	1	1	1	//印度尼西亚租赁道具_幸运短剑_I
13044	1	1	1	1	1	1	1	1	//印度尼西亚租赁道具_破甲短锥_I
13045	1	1	1	1	1	1	1	1	//印度尼西亚租赁道具_古锭剑_I
13048	1	1	1	1	1	1	1	1	//大马士革短剑_C
13049	1	0	0	0	0	0	0	0	//日本5月移动盗贼篇
13050	1	1	1	1	0	1	1	1	//P大驹短剑1
13051	1	1	1	1	0	1	1	1	//P大驹短剑2
13052	1	1	1	1	0	1	1	1	//旅行者的短剑
13066	1	1	1	1	0	1	1	1	//P_Dagger3
13068	1	1	1	1	1	1	1	1	//Saurel
13069	0	0	0	0	0	0	0	1	
13070	0	0	0	0	0	0	0	1	
13071	1	0	0	0	0	1	1	1	//Upg_Dagger
13074	1	1	1	1	1	1	1	1	//忍者短剑_转职用
13079	1	1	1	1	0	1	1	1	//超合金短剑
13080	1	0	0	0	1	1	1	1	//Rogue_Kinfe
13081	1	0	0	0	1	1	1	1	//Octo_kitchen_Knife
13083	1	1	1	1	0	1	1	1	//TE_Woe_Knife
13084	1	0	0	0	1	1	1	1	//Eihwaz_Knife
13108	1	1	1	1	0	1	1	1	//BF_Pistol1
13109	1	1	1	1	1	1	1	1	//商城道具,荒野的无法者_C
13110	1	1	1	1	0	1	1	1	//5vs5战场道具
13111	1	1	1	1	1	1	1	1	//租赁道具,
13112	1	1	1	1	0	1	1	1	//P左轮手枪1
13113	1	1	1	1	0	1	1	1	//P左轮手枪2
13114	1	1	1	1	0	1	1	1	//P_Revolver3
13115	1	0	0	0	0	1	1	1	//Upg_Revolver
13117	1	1	1	1	0	1	1	1	//TE_Woe_Pistol
13171	1	1	1	1	0	1	1	1	//BF_Rifle1
13172	1	1	1	1	0	1	1	1	//BF_Gatling_Gun1
13173	1	1	1	1	0	1	1	1	//BF_Shotgun1
13174	1	1	1	1	0	1	1	1	//BF_Launcher1
13175	1	1	1	1	1	1	1	1	//商城道具,操作杆来复枪_C
13176	1	1	1	1	0	1	1	1	//5vs5战场道具
13177	1	1	1	1	0	1	1	1	//5vs5战场道具
13178	1	1	1	1	0	1	1	1	//5vs5战场道具
13179	1	1	1	1	0	1	1	1	//5vs5战场道具
13184	1	1	1	1	0	1	1	1	//TE_Woe_Rifle
13185	1	1	1	1	0	1	1	1	//TE_Woe_Gatling
13186	1	1	1	1	0	1	1	1	//TE_Woe_Shotgun
13187	1	1	1	1	0	1	1	1	//TE_Woe_Grenade
13208	1	1	0	1	1	1	1	1	//Gong_Bug
13291	1	1	0	1	1	1	1	1	//Starfish
13292	1	1	0	1	1	1	1	1	//Dried_Squid
13293	1	1	0	1	0	1	1	1	
13295	0	0	0	0	0	1	1	1	//Light_Shuriken
13305	1	1	1	1	0	1	1	1	//BF_Huuma_Shuriken1
13306	1	1	1	1	0	1	1	1	//BF_Huuma_Shuriken2
13307	1	1	1	1	0	1	1	1	//5vs5战场道具
13308	1	1	1	1	1	1	1	1	//印度尼西亚租赁道具_风魔热火飞镖_I
13309	1	1	1	1	1	1	1	1	//风魔轮飞镖_C
13310	1	1	1	1	0	1	1	1	//P_Huuma_Shuriken1
13312	1	1	1	1	1	1	1	1	//风魔_转职用
13317	1	1	1	1	0	1	1	1	//TE_Woe_Huuma
13401	1	1	1	1	1	1	1	1	//RentItem
13406	1	1	0	1	1	1	1	1	//内服服事发放道具
13408	1	1	1	1	1	1	1	1	//Fire_Brand_C
13410	1	1	1	1	0	1	1	1	//BF_Sword1
13411	1	1	1	1	0	1	1	1	//BF_Sword2
13415	1	1	1	1	0	1	1	1	//N_Falchion
13416	1	1	1	1	0	1	1	1	//5vs5战场道具
13417	1	1	1	1	0	1	1	1	//5vs5战场道具
13418	1	1	1	1	0	1	1	1	//5vs5战场道具
13419	1	1	1	1	1	1	1	1	//租赁道具,
13420	1	1	0	1	1	1	1	1	//Honglyun's_Sword
13422	1	1	1	1	1	1	1	1	//水纹之剑_C
13423	1	1	1	1	0	1	1	1	//P骑兵剑1
13424	1	1	1	1	0	1	1	1	//P骑兵剑2
13425	1	1	1	1	0	1	1	1	//旅行者的剑
13434	1	1	1	1	0	1	1	1	//P_Saber3
13438	1	0	0	0	1	1	1	1	//Magical_Blade
13439	1	1	1	1	0	1	1	1	//TE_Woe_Sword
13444	1	0	0	0	0	1	1	1	//Pala
13515	1	0	0	0	1	1	1	1	//?????,??Grape_Box
13516	1	0	0	0	1	1	1	1	//?????,??Royal_Jelly_Box
13517	1	0	0	0	1	1	1	1	//?????,??Yggdrasilberry_Box
13518	1	0	0	0	1	1	1	1	//????????????
13519	1	0	0	0	1	1	1	1	//????????????
13520	1	0	0	0	1	1	1	1	//????????????
13521	1	0	0	0	1	1	1	1	//????????????
13522	1	0	0	0	1	1	1	1	//????????????
13523	1	0	0	0	1	1	1	1	//????????????
13524	1	0	0	0	1	1	1	1	//????????????
13525	1	0	0	0	1	1	1	1	//?????Zeny_Scroll
13526	1	0	0	0	1	1	1	1	
13531	1	0	0	0	1	1	1	1	//????????????
13532	1	0	0	0	1	1	1	1	//????????????
13533	1	0	0	0	1	1	1	1	//????????????
13534	1	0	0	0	1	1	1	1	//????????????
13535	1	0	0	0	1	1	1	1	//????????????
13536	1	0	0	0	1	1	1	1	//????????????
13537	1	0	0	0	1	1	1	1	//????????????
13538	1	0	0	0	1	1	1	1	//Meteor_10_Scroll_Box
13539	1	0	0	0	1	1	1	1	//Storm_10_Scroll_Box
13540	1	0	0	0	1	1	1	1	//Vermilion_10_Scroll_Box
13548	1	0	0	0	1	1	1	1	//Big_Bun_Box
13553	1	0	0	0	1	1	1	1	//?????,???????1??
13554	1	0	0	0	1	1	1	1	//????????????
13555	1	0	0	0	1	1	1	1	//????????????
13556	1	0	0	0	1	1	1	1	//????????????
13557	1	0	0	0	1	1	1	1	//????????????
13558	1	1	0	1	1	1	1	1	//????????????
13559	1	1	0	1	1	1	1	1	//????????????
13560	1	1	0	1	1	1	1	1	//????????????
13561	1	1	0	1	1	1	1	1	//????????????
13562	1	1	0	1	1	1	1	1	//????????????
13563	1	1	0	1	1	1	1	1	//????????????
13564	1	1	0	1	1	1	1	1	//????????????
13565	1	1	0	1	1	1	1	1	//????????????
13566	1	1	0	1	1	1	1	1	//????????????
13567	1	1	0	1	1	1	1	1	//????????????
13568	1	1	0	1	1	1	1	1	//????????????
13613	1	0	0	0	1	1	1	1	//?????,Super_Pet_Egg_Box1
13614	1	0	0	0	1	1	1	1	//?????,Super_Pet_Egg_Box2
13615	1	0	0	0	1	1	1	1	//?????,Super_Pet_Egg_Box3
13616	1	0	0	0	1	1	1	1	//?????,Super_Pet_Egg_Box4
13618	1	1	0	1	1	1	1	1	//?????,Super_Pet_Egg2
13619	1	0	0	0	1	1	1	1	//?????,Super_Pet_Egg3
13620	1	1	0	1	1	1	1	1	//?????,Super_Pet_Egg4
13624	1	0	0	0	1	1	1	1	
13625	1	0	0	0	1	1	1	1	
13626	1	0	0	0	1	1	1	1	//?????,Super_Card_Pet_Egg_Box1
13627	1	0	0	0	1	1	1	1	//?????,Super_Card_Pet_Egg_Box2
13628	1	0	0	0	1	1	1	1	//?????,Super_Card_Pet_Egg_Box3
13629	1	0	0	0	1	1	1	1	//?????,Super_Card_Pet_Egg_Box4
13630	1	1	0	1	1	1	1	1	//?????,Super_Card_Pet_Egg1
13631	1	1	0	1	1	1	1	1	//?????,Super_Card_Pet_Egg2
13632	1	1	0	1	1	1	1	1	//?????,Super_Card_Pet_Egg3
13633	1	1	0	1	1	1	1	1	//?????,Super_Card_Pet_Egg4
13634	1	1	0	1	1	1	1	1	//????1
13635	1	1	0	1	1	1	1	1	//????2
13636	1	1	0	1	1	1	1	1	//????3
13637	1	1	0	1	1	1	1	1	//????4
13638	1	1	0	1	1	1	1	1	//????5
13639	1	1	0	1	1	1	1	1	//????6
13640	1	1	0	1	1	1	1	1	//????7
13641	1	1	0	1	1	1	1	1	//????8
13642	1	1	0	1	1	1	1	1	//????9
13643	1	1	0	1	1	1	1	1	//????10
13644	1	1	0	1	1	1	1	1	//????11
13645	1	1	0	1	1	1	1	1	//????12
13689	1	0	0	0	1	1	1	1	//?????,?????
13690	1	0	0	0	1	1	1	1	//?????,?????????
13695	1	0	0	0	1	1	1	1	//Battle_Manual25_Box
13704	1	1	0	1	1	1	1	1	//?????,Super_Pet_Egg5
13705	1	1	0	1	1	1	1	1	//?????,Super_Pet_Egg6
13706	1	1	0	1	1	1	1	1	//?????,Super_Pet_Egg7
13707	1	1	0	1	1	1	1	1	//?????,Super_Pet_Egg8
13710	1	0	0	0	1	1	1	1	//?????,???????
13711	1	0	0	0	1	1	1	1	//?????,???????10
13712	1	0	0	0	1	1	1	1	//?????,???????30
13713	1	0	0	0	1	1	1	1	//?????,???????50
13714	1	0	0	0	1	1	1	1	//?????,???????10
13715	1	0	0	0	1	1	1	1	//?????,???????30
13716	1	0	0	0	1	1	1	1	//?????,???????50
13717	1	0	0	0	1	1	1	1	//?????,?????5
13718	1	0	0	0	1	1	1	1	//?????,?????10
13719	1	0	0	0	1	1	1	1	//?????,?????????5
13720	1	0	0	0	1	1	1	1	//?????,?????????10
13721	1	0	0	0	1	1	1	1	//?????,?????????10
13726	1	0	0	0	1	1	1	1	//?????,???_
13727	1	0	0	0	1	1	1	1	//?????,???_
13728	1	0	0	0	1	1	1	1	//?????,???1???
13729	1	0	0	0	1	1	1	1	//?????,???5???
13730	1	0	0	0	1	1	1	1	//?????,???1???
13731	1	0	0	0	1	1	1	1	//?????,???5???
13738	1	0	0	0	1	1	1	1	//?????,???????5
13739	1	0	0	0	1	1	1	1	//?????,???????10
13740	1	0	0	0	1	1	1	1	//?????,?????S??5
13741	1	0	0	0	1	1	1	1	//?????,?????S??10
13742	1	0	0	0	1	1	1	1	//?????,?????S??30
13743	1	0	0	0	1	1	1	1	//?????,????S??5
13744	1	0	0	0	1	1	1	1	//?????,????S??10
13745	1	0	0	0	1	1	1	1	//?????,????S??30
13746	1	0	0	0	1	1	1	1	//?????,S????????10
13747	1	0	0	0	1	1	1	1	//?????,S????????30
13748	1	0	0	0	1	1	1	1	//?????,S????????50
13749	1	0	0	0	1	1	1	1	//?????,B????????10
13750	1	0	0	0	1	1	1	1	//?????,B????????30
13751	1	0	0	0	1	1	1	1	//?????,B????????50
13752	1	0	0	0	1	1	1	1	//?????,S????????10
13753	1	0	0	0	1	1	1	1	//?????,S????????30
13754	1	0	0	0	1	1	1	1	//?????,S????????50
13755	1	0	0	0	1	1	1	1	//?????,B????????10
13756	1	0	0	0	1	1	1	1	//?????,B????????30
13757	1	0	0	0	1	1	1	1	//?????,B????????50
13764	1	0	0	0	1	1	1	1	//?????,???????????
13765	1	1	1	1	1	1	1	1	//?????????
13773	1	0	0	0	1	1	1	1	//Fire_Brand_Box
13804	1	0	0	0	1	1	1	1	//?????,????
13805	1	0	0	0	1	1	1	1	//?????,????
13806	1	0	0	0	1	1	1	1	//?????,????
13807	1	0	0	0	1	1	1	1	//?????,????
13808	1	0	0	0	1	1	1	1	//?????,????
13815	1	0	0	0	1	1	1	1	//?????,???????
13816	1	0	0	0	1	1	1	1	//?????,???????
13817	1	0	0	0	1	1	1	1	//?????,???????
13818	1	0	0	0	1	1	1	1	//?????,???????
13819	1	0	0	0	1	1	1	1	//?????,??????
13820	1	0	0	0	1	1	1	1	//?????,???????
13821	1	0	0	0	1	1	1	1	//?????,??????
13822	1	0	0	0	1	1	1	1	//?????,??????
13823	1	0	0	0	1	1	1	1	//?????,????????
13824	1	0	0	0	1	1	1	1	//?????,?????
13845	1	1	0	1	0	1	1	1	//?????,????????1
13846	1	1	0	1	0	1	1	1	//?????,????????2
13847	1	1	0	1	0	1	1	1	//?????,????????3
13848	1	1	0	1	0	1	1	1	//Mysterious_Travel_Sack4
13849	1	0	0	0	1	1	1	1	//WOB_Box_Rune5
13850	1	0	0	0	1	1	1	1	//WOB_Box_Rune10
13851	1	0	0	0	1	1	1	1	//WOB_Box_Schawaltz5
13852	1	0	0	0	1	1	1	1	//WOB_Box_Schawaltz10
13853	1	0	0	0	1	1	1	1	//WOB_Box_Rachel5
13854	1	0	0	0	1	1	1	1	//WOB_Box_Rachel10
13855	1	0	0	0	1	1	1	1	//WOB_Box_Local5
13856	1	0	0	0	1	1	1	1	//WOB_Box_Local10
13857	1	0	0	0	1	1	1	1	//Spark_Candy_Box5
13858	1	0	0	0	1	1	1	1	//Spark_Candy_Box10
13863	1	1	0	1	1	1	1	1	//商城道具,修理装备卷轴箱子10
13864	1	1	0	1	1	1	1	1	//商城道具,冰球面具箱子
13865	1	1	0	1	1	1	1	1	//商城道具,观察者箱子
13866	1	0	0	0	1	1	1	1	//商城道具,天使羽翼箱子
13867	1	1	0	1	1	1	1	1	//商城道具,猫的秘密箱子
13868	1	1	0	1	1	1	1	1	//商城道具,月夜猫帽子箱子
13869	1	0	0	0	1	1	1	1	//商城道具,小鸡帽子箱子
13870	1	0	0	0	1	1	1	1	//?????,???????
13871	1	1	0	1	1	1	1	1	//商城道具,魔法师卡片箱子
13872	1	1	0	1	1	1	1	1	//商城道具,服事卡片箱子
13873	1	1	0	1	1	1	1	1	//商城道具,弓箭手卡片箱子
13874	1	1	0	1	1	1	1	1	//商城道具,剑士卡片箱子
13875	1	1	0	1	1	1	1	1	//商城道具,盗贼卡片箱子
13876	1	1	0	1	1	1	1	1	//商城道具,商人卡片箱子
13877	1	1	0	1	1	1	1	1	//商城道具,钟塔卡片箱子
13878	1	1	0	1	1	1	1	1	//商城道具,葛帔尼亚卡片箱子
13879	1	1	0	1	1	1	1	1	//商城道具,?袅卡片箱子
13880	1	1	0	1	1	1	1	1	//商城道具,幽灵卡片箱子
13881	1	1	0	1	1	1	1	1	//商城道具,噩梦卡片箱子
13882	1	1	0	1	1	1	1	1	//商城道具,诅咒卡片箱子
13883	1	1	0	1	1	1	1	1	//商城道具,睡眠卡片箱子
13884	1	1	0	1	1	1	1	1	//商城道具,冰冻卡片箱子
13885	1	1	0	1	1	1	1	1	//商城道具,眩晕卡片箱子
13886	1	1	0	1	1	1	1	1	//商城道具,沉默卡片箱子
13887	1	1	0	1	1	1	1	1	//商城道具,暗黑卡片箱子
13888	1	1	0	1	1	1	1	1	//商城道具,混乱卡片箱子
13889	1	1	0	1	1	1	1	1	//商城道具,铝箱子
13890	1	1	0	1	1	1	1	1	//商城道具,神之金属箱子
13891	1	1	0	1	1	1	1	1	//商城道具,火肯贝特箱子
13892	1	1	0	1	1	1	1	1	//商城道具,水肯贝特箱子
13893	1	1	0	1	1	1	1	1	//商城道具,风肯贝特箱子
13894	1	1	0	1	1	1	1	1	//商城道具,地肯贝特箱子
13895	1	1	0	1	1	1	1	1	//商城道具,初始包装
13896	1	1	0	1	1	1	1	1	//商城道具,邪恶箱召唤书箱子5
13897	1	1	0	1	1	1	1	1	//商城道具,假面鬼召唤书箱子5
13898	1	1	0	1	1	1	1	1	//商城道具,艾丽斯女仆召唤书箱子5
13899	1	1	0	1	1	1	1	1	//商城道具,邪恶箱召唤书箱子10
13900	1	1	0	1	1	1	1	1	//商城道具,假面鬼召唤书箱子10
13901	1	1	0	1	1	1	1	1	//商城道具,艾丽斯女仆召唤书箱子10
13902	1	0	0	0	1	1	1	1	//商城道具,鱼头帽子箱子
13903	1	0	0	0	0	1	1	1	//?????,????????
13904	1	0	0	0	0	1	1	1	//?????,??????
13905	1	1	0	1	1	1	1	1	//商城道具,大核心箱子
13906	1	1	0	1	1	1	1	1	//商城道具,凯蒂箱子
13907	1	1	0	1	1	1	1	1	//商城道具,小核心箱子
13908	1	1	0	1	1	1	1	1	//商城道具,小恶魔箱子
13909	1	1	0	1	1	1	1	1	//商城道具,MVPHUNT箱子
13910	1	1	0	1	1	1	1	1	//商城道具,酿造箱子
13911	1	1	0	1	1	1	1	1	//??,Xmas_Pet_Scroll
13912	1	1	0	1	1	1	1	1	//队伍祝福箱子
13913	1	1	0	1	1	1	1	1	//队伍敏捷增长箱子
13914	1	1	0	1	1	1	1	1	//队伍圣母祈福箱子
13915	1	1	0	1	1	1	1	1	//商城道具,爱情天使
13916	1	1	0	1	1	1	1	1	//商城道具,松鼠箱子
13917	1	1	0	1	1	1	1	1	//商城道具,搞怪箱子
13918	1	1	0	1	1	1	1	1	//?????,Drooping_W_Kitty_Box
13919	1	0	0	0	1	1	1	1	
13920	1	0	0	0	1	1	1	1	//Satanic_Chain__Box
13921	1	0	0	0	1	1	1	1	//商城道具,进化的古董烟斗箱子
13922	1	0	0	0	1	1	1	1	//?????,Rabbit_Ear_Hat_Box
13923	1	1	0	1	1	1	1	1	//商城道具,黑暗的头盔箱子
13924	1	1	0	1	1	1	1	1	
13925	1	1	0	1	1	1	1	1	//????????
13926	1	1	0	1	1	1	1	1	//十字军卡片箱子
13927	1	1	0	1	1	1	1	1	//炼金术师卡片箱子
13928	1	1	0	1	1	1	1	1	//流氓卡片箱子
13929	1	1	0	1	1	1	1	1	//诗人舞娘卡片箱子
13930	1	1	0	1	1	1	1	1	//贤者卡片箱子
13931	1	1	0	1	1	1	1	1	//武僧卡片箱子
13932	1	1	0	1	1	1	1	1	//Sylph箱子
13933	1	1	0	1	1	1	1	1	//水精灵箱子
13934	1	1	0	1	1	1	1	1	//火蜥蜴箱子
13935	1	1	0	1	1	1	1	1	//灵魂箱子
13936	1	1	0	1	1	1	1	1	//Noum箱子
13937	1	0	0	0	1	1	1	1	//商城道具,机械电眼箱子
13938	1	1	0	1	1	1	1	1	//商城道具,双色带箱子
13939	1	1	0	1	1	1	1	1	//商城道具,王冠箱子
13940	1	1	0	1	1	1	1	1	//商城道具,攻城移动卷轴箱子
13941	1	1	0	1	1	1	1	1	//?????????
13942	1	1	0	1	1	1	1	1	//商城道具，爱的天使魔法粉箱子1月
13943	1	1	0	1	1	1	1	1	//商城道具,顽皮魔法粉箱子1月
13944	1	1	0	1	1	1	1	1	//商城道具,搞怪魔法粉箱子1月
13945	1	1	0	1	1	1	1	1	//巴西_感恩回馈剑士包
13946	1	1	0	1	1	1	1	1	//巴西_感恩回馈魔法师包
13947	1	1	0	1	1	1	1	1	//巴西_感恩回馈服事包
13948	1	1	0	1	1	1	1	1	//巴西_感恩回馈弓箭手包
13949	1	1	0	1	1	1	1	1	//巴西_感恩回馈商人包
13950	1	1	0	1	1	1	1	1	//巴西_感恩回馈盗贼包
13951	1	1	0	1	1	1	1	1	//商城道具,荒野的无法者箱子
13952	1	1	0	1	1	1	1	1	//商城道具,操作杆来复枪箱子
13953	1	1	0	1	1	1	1	1	//商城道具,多功能钻戒箱子
13954	1	1	0	1	1	1	1	1	//商城道具,圣灵战袍箱子
13955	1	1	0	1	1	1	1	1	//商城道具,元气恢复铠甲箱子
13956	1	1	0	1	1	1	1	1	//商城道具,Shelter_Resistance箱子
13957	1	1	0	1	1	1	1	1	//商城道具,Sylphid_Manteau箱子
13958	1	1	0	1	1	1	1	1	//商城道具,Refresh_Shoes箱子
13959	1	1	0	1	1	1	1	1	//商城道具,吐司箱子
13960	1	1	0	1	1	1	1	1	//商城道具,角色更名卡箱子
13961	1	1	0	1	1	1	1	1	//?????,??????
13962	1	1	0	1	1	1	1	1	//商城道具,狄波萝太人偶帽箱子
13963	1	1	0	1	1	1	1	1	//商城道具,克拉丽丝娃娃帽子箱子
13964	1	1	0	1	1	1	1	1	//商城道具,绣灵娃娃帽子箱子
13965	1	1	0	1	1	1	1	1	//商城道具,泰依琳人偶帽箱子
13966	1	1	0	1	1	1	1	1	//商城道具,妣妮人偶帽箱子
13967	1	1	0	1	1	1	1	1	//商城道具,德帛硫人偶帽箱子
13968	1	1	0	1	1	1	1	1	//法国定额服务道具,口香糖_下端箱子
13969	1	1	0	1	1	1	1	1	//法国定额服务道具,幸运草箱子
13970	1	1	0	1	1	1	1	1	//商城道具,铁10箱子
13971	1	1	0	1	1	1	1	1	//商城道具,钢铁10箱子
13972	1	1	0	1	1	1	1	1	//商城道具,煤炭10箱子
13973	1	1	0	1	1	1	1	1	//商城道具,毒药瓶30箱子
13974	1	1	0	1	1	1	1	1	//商城道具,台湾渔夫转蛋
13975	1	1	0	1	1	1	1	1	//商城道具,绘画日记魔法粉箱子
13976	1	1	0	1	1	1	1	1	//商城道具,迷你心型魔法粉箱子
13977	1	1	0	1	1	1	1	1	//商城道具,新奇魔法粉箱子
13978	1	1	0	1	1	1	1	1	//商城道具,搞怪魔法粉箱子
13979	1	1	0	1	1	1	1	1	//商城道具,魔法之城箱子
13980	1	1	0	1	1	1	1	1	//商城道具,蜡笔小新箱子
13981	1	1	0	1	1	1	1	1	//商城道具,绘画日记魔法粉1月箱子
13982	1	1	0	1	1	1	1	1	//商城道具,迷你心型魔法粉1月箱子
13983	1	1	0	1	1	1	1	1	//商城道具,新奇魔法粉1月箱子
13984	1	1	0	1	1	1	1	1	//商城道具,搞怪魔法粉1月箱子
13985	1	1	0	1	1	1	1	1	//商城道具,魔法之城1月箱子
13986	1	1	0	1	1	1	1	1	//商城道具,蜡笔小新1月箱子
13987	1	1	0	1	1	1	1	1	//商城道具,菲律宾-神之金属原石箱子5
13988	1	1	0	1	1	1	1	1	//商城道具,菲律宾-神之金属原石箱子50
13989	1	1	0	1	1	1	1	1	//商城道具,菲律宾-神之金属原石箱子10
13990	1	0	0	0	1	1	1	1	//Job_Manual50_Box
13991	1	1	0	1	1	1	1	1	//俄罗斯,3种帽子-老虎面罩
13992	1	1	0	1	1	1	1	1	//俄罗斯,3种帽子-猫帽子
13993	1	1	0	1	1	1	1	1	//俄罗斯,3种帽子-艾丽斯女仆帽子
13994	1	1	0	1	1	1	1	1	//商城道具,菲律宾移速增加药水箱子5
13995	1	1	0	1	1	1	1	1	//商城道具,菲律宾移速增加药水箱子10
13996	1	1	0	1	1	1	1	1	//商城道具,菲律宾大包子箱子100
13997	1	1	0	1	1	1	1	1	//商城道具,菲律宾大包子箱子500
13998	1	1	0	1	1	1	1	1	//商城道具,菲律宾巨大苍蝇翅膀箱子500
13999	1	1	0	1	1	1	1	1	//商城道具,菲律宾幻药箱子100
14000	1	1	0	1	1	1	1	1	//商城道具,菲律宾幻药箱子500
14001	1	1	0	1	1	1	1	1	//商城道具,菲律宾初级攻城补给品箱子
14002	1	1	0	1	1	1	1	1	//商城道具,菲律宾中级攻城补给品箱子
14003	1	1	0	1	1	1	1	1	//商城道具,菲律宾高级攻城补给品箱子
14004	1	1	0	1	1	1	1	1	//商城道具,菲律宾毒药瓶10箱子
14005	1	1	0	1	1	1	1	1	//商城道具,菲律宾毒药瓶5箱子
14006	1	1	0	1	1	1	1	1	//商城道具,
14007	1	1	0	1	1	1	1	1	//商城道具,
14008	1	1	0	1	1	1	1	1	//商城道具,
14009	1	1	0	1	1	1	1	1	//商城道具,
14010	1	1	0	1	1	1	1	1	//商城道具,
14011	1	1	0	1	1	1	1	1	//商城道具,
14012	1	1	0	1	1	1	1	1	//商城道具,
14013	1	1	0	1	1	1	1	1	//商城道具,
14014	1	1	0	1	1	1	1	1	//商城道具,
14015	1	1	0	1	1	1	1	1	//商城道具,
14016	1	1	0	1	1	1	1	1	//商城道具,
14017	1	1	0	1	1	1	1	1	//商城道具,
14018	1	1	0	1	1	1	1	1	//商城道具,
14019	1	1	0	1	1	1	1	1	//商城道具,
14020	1	1	0	1	1	1	1	1	//商城道具,
14021	1	1	0	1	1	1	1	1	//商城道具,
14022	1	1	0	1	1	1	1	1	//商城道具,
14023	1	1	0	1	1	1	1	1	//商城道具,
14024	1	1	0	1	1	1	1	1	//商城道具,
14025	1	1	0	1	1	1	1	1	//商城道具,
14026	1	1	0	1	1	1	1	1	//商城道具,
14027	1	1	0	1	1	1	1	1	//商城道具,
14028	1	1	0	1	1	1	1	1	//商城道具,
14029	1	1	0	1	1	1	1	1	//商城道具,
14030	1	1	0	1	1	1	1	1	//商城道具,
14031	1	1	0	1	1	1	1	1	//商城道具,
14032	1	1	0	1	1	1	1	1	//商城道具,
14033	1	1	0	1	1	1	1	1	//商城道具,
14034	1	1	0	1	1	1	1	1	//商城道具,
14035	1	1	0	1	1	1	1	1	//商城道具,
14036	1	1	0	1	1	1	1	1	//商城道具,
14037	1	1	0	1	1	1	1	1	//商城道具,
14038	1	1	0	1	1	1	1	1	//商城道具,
14039	1	1	0	1	1	1	1	1	//商城道具,
14040	1	1	0	1	1	1	1	1	//商城道具,
14041	1	1	0	1	1	1	1	1	//商城道具,
14042	1	1	0	1	1	1	1	1	//商城道具,
14043	1	1	0	1	1	1	1	1	//商城道具,
14044	1	1	0	1	1	1	1	1	//商城道具,
14045	1	1	0	1	1	1	1	1	//商城道具,
14046	1	1	0	1	1	1	1	1	//商城道具,
14047	1	1	0	1	1	1	1	1	//商城道具,
14048	1	1	0	1	1	1	1	1	//商城道具,
14049	1	1	0	1	1	1	1	1	//商城道具,
14050	1	1	0	1	1	1	1	1	//商城道具,
14051	1	1	0	1	1	1	1	1	//商城道具,
14052	1	1	0	1	1	1	1	1	//商城道具,
14053	1	1	0	1	1	1	1	1	//商城道具,
14054	1	1	0	1	1	1	1	1	//商城道具,
14055	1	1	0	1	1	1	1	1	//商城道具,
14056	1	1	0	1	1	1	1	1	//商城道具,
14057	1	1	0	1	1	1	1	1	//商城道具,
14058	1	1	0	1	1	1	1	1	//商城道具,
14059	1	1	0	1	1	1	1	1	//商城道具,
14060	1	1	0	1	1	1	1	1	//商城道具,
14061	1	1	0	1	1	1	1	1	//商城道具,
14062	1	1	0	1	1	1	1	1	//商城道具,
14063	1	1	0	1	1	1	1	1	//商城道具,
14064	1	1	0	1	1	1	1	1	//商城道具,
14065	1	1	0	1	1	1	1	1	//商城道具,
14066	1	1	0	1	1	1	1	1	//商城道具,
14067	1	1	0	1	1	1	1	1	//商城道具,
14068	1	1	0	1	1	1	1	1	//商城道具,
14069	1	1	0	1	1	1	1	1	//商城道具,
14070	1	1	0	1	1	1	1	1	//商城道具,
14071	1	1	0	1	1	1	1	1	//商城道具,
14072	1	1	0	1	1	1	1	1	//商城道具,
14073	1	1	0	1	1	1	1	1	//商城道具,
14074	1	1	0	1	1	1	1	1	//商城道具,
14075	1	1	0	1	1	1	1	1	//商城道具,
14076	1	1	0	1	1	1	1	1	//商城道具,
14077	1	1	0	1	1	1	1	1	//商城道具,
14078	1	1	0	1	1	1	1	1	//商城道具,
14079	1	1	0	1	1	1	1	1	//商城道具,
14080	1	1	0	1	1	1	1	1	//商城道具,
14081	1	1	0	1	1	1	1	1	//商城道具,
14082	1	1	0	1	1	1	1	1	//商城道具,
14083	1	1	0	1	1	1	1	1	//商城道具,
14084	1	1	0	1	1	1	1	1	//商城道具,
14085	1	1	0	1	1	1	1	1	//商城道具,
14086	1	1	0	1	1	1	1	1	//商城道具,
14087	1	1	0	1	1	1	1	1	//商城道具,
14088	1	1	0	1	1	1	1	1	//商城道具,
14089	1	1	0	1	1	1	1	1	//商城道具,
14090	1	1	0	1	1	1	1	1	//商城道具,
14091	1	1	0	1	1	1	1	1	//商城道具,
14092	1	1	0	1	1	1	1	1	//商城道具,
14093	1	1	0	1	1	1	1	1	//商城道具,
14094	1	1	0	1	1	1	1	1	//商城道具,
14095	1	1	0	1	1	1	1	1	//商城道具,
14096	1	1	0	1	1	1	1	1	//商城道具,
14097	1	1	0	1	1	1	1	1	//商城道具,
14098	1	1	0	1	1	1	1	1	//商城道具,
14099	1	1	0	1	1	1	1	1	//商城道具,
14100	1	1	0	1	1	1	1	1	//商城道具,
14101	1	1	0	1	1	1	1	1	//商城道具,
14102	1	1	0	1	1	1	1	1	//商城道具,
14103	1	1	0	1	1	1	1	1	//商城道具,
14104	1	1	0	1	1	1	1	1	//商城道具,
14105	1	1	0	1	1	1	1	1	//商城道具,
14106	1	1	0	1	1	1	1	1	//商城道具,
14107	1	1	0	1	1	1	1	1	//商城道具,
14108	1	1	0	1	1	1	1	1	//商城道具,
14109	1	1	0	1	1	1	1	1	//商城道具,
14110	1	1	0	1	1	1	1	1	//商城道具,
14111	1	1	0	1	1	1	1	1	//商城道具,
14112	1	1	0	1	1	1	1	1	//商城道具,
14113	1	1	0	1	1	1	1	1	//商城道具,
14114	1	1	0	1	1	1	1	1	//商城道具,
14115	1	1	0	1	1	1	1	1	//商城道具,
14116	1	1	0	1	1	1	1	1	//商城道具,
14117	1	1	0	1	1	1	1	1	//商城道具,
14118	1	1	0	1	1	1	1	1	//商城道具,
14119	1	1	0	1	1	1	1	1	//商城道具,
14120	1	1	0	1	1	1	1	1	//商城道具,
14121	1	1	0	1	1	1	1	1	//商城道具,
14122	1	1	0	1	1	1	1	1	//商城道具,
14123	1	1	0	1	1	1	1	1	//商城道具,
14124	1	1	0	1	1	1	1	1	//商城道具,
14125	1	1	0	1	1	1	1	1	//商城道具,
14126	1	1	0	1	1	1	1	1	//商城道具,
14127	1	1	0	1	1	1	1	1	//商城道具,
14128	1	1	0	1	1	1	1	1	//商城道具,
14129	1	1	0	1	1	1	1	1	//商城道具,
14130	1	1	0	1	1	1	1	1	//商城道具,
14131	1	1	0	1	1	1	1	1	//商城道具,
14132	1	1	0	1	1	1	1	1	//商城道具,
14133	1	1	0	1	1	1	1	1	//商城道具,
14134	1	1	0	1	1	1	1	1	//商城道具,
14135	1	1	0	1	1	1	1	1	//商城道具,
14136	1	1	0	1	1	1	1	1	//商城道具,
14137	1	1	0	1	1	1	1	1	//商城道具,
14138	1	1	0	1	1	1	1	1	//商城道具,
14139	1	1	0	1	1	1	1	1	//商城道具,
14140	1	1	0	1	1	1	1	1	//商城道具,
14141	1	1	0	1	1	1	1	1	//商城道具,
14142	1	1	0	1	1	1	1	1	//商城道具,
14143	1	1	0	1	1	1	1	1	//商城道具,
14144	1	1	0	1	1	1	1	1	//商城道具,
14145	1	1	0	1	1	1	1	1	//商城道具,
14146	1	1	0	1	1	1	1	1	//商城道具,
14147	1	1	0	1	1	1	1	1	//商城道具,
14148	1	1	0	1	1	1	1	1	//商城道具,
14149	1	1	0	1	1	1	1	1	//商城道具,
14150	1	1	0	1	1	1	1	1	//商城道具,
14151	1	1	0	1	1	1	1	1	//商城道具,
14152	1	1	0	1	1	1	1	1	//商城道具,
14153	1	1	0	1	1	1	1	1	//商城道具,
14154	1	1	0	1	1	1	1	1	//商城道具,
14155	1	1	0	1	1	1	1	1	//商城道具,
14156	1	1	0	1	1	1	1	1	//商城道具,
14157	1	1	0	1	1	1	1	1	//商城道具,
14158	1	1	0	1	1	1	1	1	//商城道具,
14159	1	1	0	1	1	1	1	1	//商城道具,
14160	1	1	0	1	1	1	1	1	//商城道具,
14161	1	1	0	1	1	1	1	1	//商城道具,
14162	1	1	0	1	1	1	1	1	//商城道具,
14163	1	1	0	1	1	1	1	1	//商城道具,
14164	1	1	0	1	1	1	1	1	//商城道具,
14165	1	1	0	1	1	1	1	1	//商城道具,
14166	1	1	0	1	1	1	1	1	//商城道具,
14167	1	1	0	1	1	1	1	1	//商城道具,
14168	1	1	0	1	1	1	1	1	//商城道具,
14169	1	1	0	1	1	1	1	1	//商城道具,
14170	1	1	0	1	1	1	1	1	//商城道具,
14171	1	1	0	1	1	1	1	1	//商城道具,
14172	1	1	0	1	1	1	1	1	//商城道具,
14173	1	1	0	1	1	1	1	1	//商城道具,
14174	1	1	0	1	1	1	1	1	//商城道具,
14175	1	1	0	1	1	1	1	1	//商城道具,
14176	1	1	0	1	1	1	1	1	//商城道具,
14177	1	1	0	1	1	1	1	1	//商城道具,
14178	1	1	0	1	1	1	1	1	//商城道具,
14179	1	1	0	1	1	1	1	1	//商城道具,
14180	1	1	0	1	1	1	1	1	//商城道具,
14181	1	1	0	1	1	1	1	1	//商城道具,
14182	1	1	0	1	1	1	1	1	//商城道具,
14183	1	1	0	1	1	1	1	1	//商城道具,
14184	1	1	0	1	1	1	1	1	//商城道具,
14185	1	1	0	1	1	1	1	1	//商城道具,
14186	1	1	0	1	1	1	1	1	//商城道具,
14187	1	1	0	1	1	1	1	1	//商城道具,
14188	1	1	0	1	1	1	1	1	//商城道具,
14189	1	1	0	1	1	1	1	1	//商城道具,
14190	1	1	0	1	1	1	1	1	//商城道具,
14191	1	1	0	1	1	1	1	1	//商城道具,
14192	1	1	0	1	1	1	1	1	//商城道具,
14193	1	1	0	1	1	1	1	1	//商城道具,
14194	1	1	0	1	1	1	1	1	//商城道具,
14195	1	1	0	1	1	1	1	1	//商城道具,
14196	1	1	0	1	1	1	1	1	//商城道具,
14197	1	1	0	1	1	1	1	1	//商城道具,
14198	1	1	0	1	1	1	1	1	//商城道具,
14199	1	1	0	1	1	1	1	1	//商城道具,
14200	1	1	0	1	1	1	1	1	//商城道具,
14201	1	1	0	1	1	1	1	1	//商城道具,
14202	1	1	0	1	1	1	1	1	//商城道具,
14203	1	1	0	1	1	1	1	1	//商城道具,
14204	1	1	0	1	1	1	1	1	//商城道具,
14205	1	1	0	1	1	1	1	1	//商城道具,
14206	1	1	0	1	1	1	1	1	//商城道具,
14207	1	1	0	1	1	1	1	1	//商城道具,
14208	1	1	0	1	1	1	1	1	//商城道具,
14209	1	1	0	1	1	1	1	1	//商城道具,
14210	1	1	0	1	1	1	1	1	//商城道具,
14211	1	1	0	1	1	1	1	1	//商城道具,
14212	1	1	0	1	1	1	1	1	//商城道具,
14213	1	1	0	1	1	1	1	1	//商城道具,
14214	1	1	0	1	1	1	1	1	//商城道具,
14215	1	1	0	1	1	1	1	1	//商城道具,
14216	1	1	0	1	1	1	1	1	//商城道具,
14217	1	1	0	1	1	1	1	1	//商城道具,
14218	1	1	0	1	1	1	1	1	//商城道具,
14219	1	1	0	1	1	1	1	1	//商城道具,
14220	1	1	0	1	1	1	1	1	//商城道具,
14221	1	1	0	1	1	1	1	1	//商城道具
14222	1	1	0	1	1	1	1	1	//商城道具
14223	1	1	0	1	1	1	1	1	//商城道具
14224	1	1	0	1	1	1	1	1	//商城道具
14225	1	1	0	1	1	1	1	1	//商城道具
14226	1	1	0	1	1	1	1	1	//商城道具
14227	1	1	0	1	1	1	1	1	//商城道具
14228	1	1	0	1	1	1	1	1	//商城道具
14229	1	1	0	1	1	1	1	1	//Cherry_Blossom_Scroll
14232	1	1	0	1	1	1	1	1	//Yggdrasilberry_Box_
14233	1	1	0	1	1	1	1	1	//Dead_Tree_Branch_Box1
14234	1	0	0	0	1	1	1	1	//Dead_Tree_Branch_Box2
14242	1	1	0	1	1	1	1	1	//Beholder_Ring_Box
14243	1	1	0	1	1	1	1	1	//Hallow_Ring_Box
14244	1	0	0	0	1	1	1	1	//Clamorous_Ring_Box
14245	1	0	0	0	1	1	1	1	//Chemical_Ring_Box
14246	1	0	0	0	1	1	1	1	//Insecticide_Ring_Box
14247	1	0	0	0	1	1	1	1	//Fisher_Ring_Box
14248	1	0	0	0	1	1	1	1	//Decussate_Ring_Box
14249	1	1	0	1	1	1	1	1	//Bloody_Ring_Box
14250	1	0	0	0	1	1	1	1	//Satanic_Ring_Box
14251	1	0	0	0	1	1	1	1	//Dragoon_Ring_Box
14252	1	1	0	1	1	1	1	1	//Beholder_Ring_Box2
14253	1	0	0	0	1	1	1	1	//Hallow_Ring_Box2
14254	1	0	0	0	1	1	1	1	//Clamorous_Ring_Box2
14255	1	0	0	0	1	1	1	1	//Chemical_Ring_Box2
14256	1	0	0	0	1	1	1	1	//Insecticide_Ring_Box2
14257	1	0	0	0	1	1	1	1	//Fisher_Ring_Box2
14258	1	0	0	0	1	1	1	1	//Decussate_Ring_Box2
14259	1	1	0	1	1	1	1	1	//Bloody_Ring_Box2
14260	1	0	0	0	1	1	1	1	//Satanic_Ring_Box2
14261	1	0	0	0	1	1	1	1	//Dragoon_Ring_Box2
14289	1	0	0	0	1	1	1	1	//Clothing_Dye_Coupon_Box
14290	1	0	0	0	1	1	1	1	//Clothing_Dye_Coupon2_Box
14296	1	1	0	1	1	1	1	1	//Angel_Scroll
14297	1	0	0	0	1	1	1	1	//Devil_Scroll
14298	1	0	0	0	1	1	1	1	//Surprise_Scroll
14299	1	1	0	1	1	1	1	1	//俄罗斯商城道具
14300	1	1	0	1	1	1	1	1	//Mask_Of_Ifrit_Box
14301	1	1	0	1	1	1	1	1	//Ifrit's_Ear_Box
14302	1	1	0	1	1	1	1	1	//商城道具,
14303	1	1	0	1	1	1	1	1	//商城道具,
14304	1	1	0	1	1	1	1	1	//商城道具,
14305	1	1	0	1	1	1	1	1	//商城道具,
14306	1	0	0	1	1	1	1	1	//?????,RWC_Special_Scroll
14307	1	0	0	1	1	1	1	1	//?????,RWC_Limited_Scroll
14308	1	1	0	1	1	1	1	1	//?????,Ardor_Scroll
14309	1	1	0	1	1	1	1	1	//商城道具,
14310	1	1	0	1	1	1	1	1	//商城道具,
14311	1	1	0	1	1	1	1	1	//商城道具,
14312	1	1	0	1	1	1	1	1	//商城道具,
14313	1	1	0	1	1	1	1	1	//商城道具,
14314	1	1	0	1	1	1	1	1	//商城道具,
14315	1	1	0	1	1	1	1	1	//GhostringS_Box
14316	1	0	0	0	1	1	1	1	//July7_Scoll
14317	1	0	0	0	1	1	1	1	//Bacsojin_Scroll
14318	1	1	0	1	1	1	1	1	//商城道具,
14319	1	1	0	1	1	1	1	1	//商城道具,
14320	1	1	0	1	1	1	1	1	//商城道具,
14321	1	1	0	1	1	1	1	1	//商城道具,
14322	1	1	0	1	1	1	1	1	//商城道具,
14323	1	1	0	1	1	1	1	1	//商城道具,
14324	1	1	0	1	1	1	1	1	//商城道具,
14325	1	1	0	1	1	1	1	1	//商城道具,
14326	1	1	0	1	1	1	1	1	//商城道具,
14327	1	1	0	1	1	1	1	1	//商城道具,
14328	1	1	0	1	1	1	1	1	//商城道具,
14329	1	1	0	1	1	1	1	1	//商城道具,
14330	1	1	0	1	1	1	1	1	//商城道具,
14331	1	1	0	1	1	1	1	1	//商城道具,
14332	1	1	0	1	1	1	1	1	//商城道具,
14333	1	1	0	1	1	1	1	1	//商城道具,
14334	1	1	0	1	1	1	1	1	//商城道具,
14335	1	1	0	1	1	1	1	1	//商城道具,
14336	1	1	0	1	1	1	1	1	//商城道具,
14337	1	1	0	1	1	1	1	1	//商城道具,
14338	1	1	0	1	1	1	1	1	//商城道具,
14339	1	1	0	1	1	1	1	1	//商城道具,
14340	1	1	0	1	1	1	1	1	//商城道具,
14341	1	1	0	1	1	1	1	1	//商城道具,
14342	1	1	0	1	1	1	1	1	//商城道具,
14343	1	0	0	0	1	1	1	1	//Spiked_Scarf_Box
14344	1	0	0	0	1	1	1	1	//Rainbow_Scarf_Box
14345	1	1	0	1	1	1	1	1	//Animal_Scroll
14346	1	1	0	1	1	1	1	1	//商城道具,巴西国旗头巾箱子
14347	1	1	0	1	1	1	1	1	//商城道具
14348	1	1	0	1	1	1	1	1	//商城道具
14349	1	1	0	1	1	1	1	1	//商城道具
14350	1	1	0	1	1	1	1	1	//商城道具
14351	1	1	0	1	1	1	1	1	//商城道具
14352	1	1	0	1	1	1	1	1	//商城道具
14353	1	1	0	1	1	1	1	1	//商城道具
14354	1	1	0	1	1	1	1	1	//商城道具
14355	1	1	0	1	1	1	1	1	//商城道具
14356	1	1	0	1	1	1	1	1	//商城道具
14357	1	1	0	1	1	1	1	1	//商城道具
14358	1	1	0	1	1	1	1	1	//商城道具
14359	1	1	0	1	1	1	1	1	//商城道具,
14360	1	1	0	1	1	1	1	1	//商城道具,
14361	1	0	0	0	1	1	1	1	//Orc_HeroS_Box
14362	1	0	0	0	1	1	1	1	//Orc_LoadS_Box
14363	1	1	0	1	1	1	1	1	//Heart_Scroll
14364	1	1	0	1	1	1	1	1	//商城道具
14365	1	1	0	1	1	1	1	1	//商城道具
14366	1	1	0	1	1	1	1	1	//商城道具
14367	1	1	0	1	1	1	1	1	//商城道具
14368	1	1	0	1	1	1	1	1	//商城道具
14369	1	1	0	1	1	1	1	1	//商城道具
14375	1	1	0	1	1	1	1	1	//Holy_Celestial_Axe_Box
14376	1	1	0	1	1	1	1	1	//Angeling_Pot_Box
14377	1	1	0	1	1	1	1	1	//Shout_Megaphone_Box
14380	1	0	0	0	1	1	1	1	//Anubis_Helm_Box
14381	1	1	0	1	1	1	1	1	//新加坡移动商城道具_锐利波利之杖箱子_M
14382	1	1	0	1	1	1	1	1	//新加坡移动商城道具_里奇的骷髅魔杖箱子_M
14383	1	1	0	1	1	1	1	1	//新加坡移动商城道具_龙魂箱子_M
14384	1	1	0	1	1	1	1	1	//新加坡移动商城道具_狩猎长矛箱子_M
14385	1	1	0	1	1	1	1	1	//新加坡移动商城道具_死神的名簿箱子_M
14386	1	1	0	1	1	1	1	1	//新加坡移动商城道具_破坏之杖箱子_M
14387	1	1	0	1	1	1	1	1	//新加坡移动商城道具_骑乘之徽章箱子_M
14388	1	1	0	1	1	1	1	1	//新加坡移动商城道具_迷思力披风箱子_M
14389	1	1	0	1	1	1	1	1	//新加坡移动商城道具_剪裁服装箱子_M
14390	1	1	0	1	1	1	1	1	//新加坡移动商城道具_圣灵箱子_M
14391	1	1	0	1	1	1	1	1	//新加坡移动商城道具_胶乔府抿箱子_M
14392	1	1	0	1	1	1	1	1	//新加坡移动商城道具_变形箱子_M
14393	1	1	0	1	1	1	1	1	//中国_万能符咒箱子
14394	1	1	0	1	1	1	1	1	//商城道具,
14395	1	1	0	1	1	1	1	1	//商城道具,
14396	1	1	0	1	1	1	1	1	//商城道具,
14397	1	1	0	1	1	1	1	1	//商城道具,
14398	1	1	0	1	1	1	1	1	//商城道具,
14399	1	1	0	1	1	1	1	1	//商城道具,
14400	1	1	0	1	1	1	1	1	//商城道具,
14401	1	1	0	1	1	1	1	1	//商城道具,
14402	1	1	0	1	1	1	1	1	//商城道具,
14403	1	1	0	1	1	1	1	1	//商城道具,
14404	1	1	0	1	1	1	1	1	//商城道具,
14405	1	1	0	1	1	1	1	1	//商城道具,
14406	1	1	0	1	1	1	1	1	//商城道具,
14407	1	1	0	1	1	1	1	1	//Xmas_Scroll
14408	1	1	0	1	1	1	1	1	//New_Year_Scroll
14409	1	1	0	1	1	1	1	1	//商城道具,
14410	1	1	0	1	1	1	1	1	//商城道具,
14411	1	1	0	1	1	1	1	1	//商城道具,
14412	1	1	0	1	1	1	1	1	//商城道具,
14413	1	1	0	1	1	1	1	1	//商城道具,
14414	1	1	0	1	1	1	1	1	//商城道具,
14415	1	1	0	1	1	1	1	1	//商城道具,
14416	1	1	0	1	1	1	1	1	//商城道具,
14417	1	1	0	1	1	1	1	1	//商城道具,
14418	1	1	0	1	1	1	1	1	//商城道具,
14419	1	1	0	1	1	1	1	1	//商城道具,
14420	1	1	0	1	1	1	1	1	//商城道具,
14421	1	1	0	1	1	1	1	1	//商城道具,
14422	1	1	0	1	1	1	1	1	//RODS箱子_萨满
14423	1	1	0	1	1	1	1	1	//RODS箱子_断了的
14424	1	1	0	1	1	1	1	1	//RODS箱子_飞鸟普妮
14425	1	1	1	1	1	1	1	1	//菲律宾_帕可达亚箱子
14426	1	1	0	1	1	1	1	1	//印度尼西亚租赁道具_幸运短剑_I
14427	1	1	0	1	1	1	1	1	//印度尼西亚租赁道具_破甲短锥箱子_I
14428	1	1	0	1	1	1	1	1	//印度尼西亚租赁道具_古锭剑箱子_I
14429	1	1	0	1	1	1	1	1	//印度尼西亚租赁道具_狂暴吉他箱子_I
14430	1	1	0	1	1	1	1	1	//印度尼西亚租赁道具_超重双手斧箱子_I
14431	1	1	0	1	1	1	1	1	//印度尼西亚租赁道具_风魔热火飞镖箱子_I
14432	1	1	0	1	1	1	1	1	//印度尼西亚租赁道具_奥丁的祝福箱子_I
14433	1	1	0	1	1	1	1	1	//印度尼西亚租赁道具_火焰国王戒指箱子_I
14434	1	1	0	1	1	1	1	1	//印度尼西亚租赁道具_共鸣戒指箱子_I
14435	1	1	0	1	1	1	1	1	//印度尼西亚租赁道具_学生帽箱子_I
14436	1	1	0	1	1	1	1	1	//印度尼西亚租赁道具_毛无边帽箱子_I
14437	1	1	0	1	1	1	1	1	//印度尼西亚租赁道具_人面狮身帽箱子_I
14438	1	0	0	0	1	1	1	1	//Honglyun's_Sword_Box
14439	1	0	0	0	1	1	1	1	//Power_Of_Thor_Box
14440	1	0	0	0	1	1	1	1	//Dice_Hat_Box
14441	1	0	0	0	1	1	1	1	//King_Tiger_Doll_Hat_Box
14442	1	0	0	0	1	1	1	1	//Wondering_Wolf_Helm_Box
14443	1	1	0	1	1	1	1	1	//披萨帽子箱子
14444	1	1	0	1	1	1	1	1	//冰淇淋帽子箱子
14445	1	1	0	1	1	1	1	1	//日本商城道具_新荒野之帽_J箱子
14446	1	1	0	1	1	1	1	1	//日本商城道具_古雅帽子_J箱子
14447	1	1	0	1	1	1	1	1	//美国_海盗的自尊心箱子
14448	1	0	0	0	1	1	1	1	//Necromencer's_Hood_Box
14449	1	1	0	1	1	1	1	1	//神秘蛋1号
14450	1	1	0	1	1	1	1	1	//神秘蛋2号
14459	1	1	0	1	1	1	1	1	//中国_配尝付贱
14460	1	1	0	1	1	1	1	1	//中国_中国5周年婚礼头纱
14461	1	0	0	0	1	1	1	1	//Asara_Fairy_Hat_Box
14462	1	1	0	1	1	1	1	1	//商城道具,新荒野之帽箱子
14463	1	1	0	1	1	1	1	1	//商城道具,黑暗的头盔箱子2
14464	1	1	0	1	1	1	1	1	//商城道具,F新荒野之帽箱子
14465	1	1	0	1	1	1	1	1	//商城道具,F黑暗的头盔箱子2
14467	1	1	1	1	1	1	1	1	//2009巴西嘉年华
14468	1	1	1	1	1	1	1	1	//2009巴西嘉年华
14469	1	0	0	0	1	1	1	1	//Ox_Tail_Scroll
14470	1	1	1	1	1	1	1	1	//日本移动宠物券梦魇箱子
14471	1	1	1	1	1	1	1	1	//日本移动宠物券银月魔女箱子
14472	1	1	1	1	1	1	1	1	//日本移动宠物券哥布灵首领箱子
14473	1	1	1	1	1	1	1	1	//日本移动宠物券恶魔侍者箱子
14474	1	1	1	1	1	1	1	1	//日本移动宠物券米雅毕箱子
14475	1	1	1	1	1	1	1	1	//日本移动宠物券白幽灵箱子
14476	1	1	1	1	1	1	1	1	//日本移动宠物券妖仙女箱子
14477	1	1	1	1	1	1	1	1	//日本移动宠物券米杜沙箱子
14478	1	1	1	1	1	1	1	1	//日本移动宠物券石炮火树箱子
14479	1	1	1	1	1	1	1	1	//日本移动宠物券傀儡娃娃箱子
14480	1	1	1	1	1	1	1	1	//日本移动宠物券群叶猫箱子
14481	1	1	1	1	1	1	1	1	//日本移动宠物券无颅武士箱子
14482	1	1	1	1	1	1	1	1	//日本移动宠物券火忍西怒毕箱子
14483	1	1	1	1	1	1	1	1	//日本移动宠物券巨石怪箱子
14484	1	1	1	1	1	1	1	1	//日本移动宠物券狐仙箱子
14485	1	0	0	0	1	1	1	1	//Academy_Badge_Box
14488	1	1	0	1	1	1	1	1	//2009_泰国_可爱蓝色睡帽
14489	1	1	0	1	1	1	1	1	//2009_泰国_可爱粉色睡帽
14490	1	1	0	1	1	1	1	1	//2009韩国移动商城_鲨鱼帽子箱子
14491	1	1	0	1	1	1	1	1	//2009韩国移动商城_史汀帽子箱子
14492	1	1	0	1	1	1	1	1	//2009韩国移动商城_F鲨鱼帽子箱子
14493	1	1	0	1	1	1	1	1	//2009韩国移动商城_F史汀帽子箱子
14494	1	1	0	1	1	1	1	1	//2009_02_巴西_莎蔓芭亚箱子
14499	1	1	0	1	1	1	1	1	//2009_02_巴西_孔雀开屏帽子
14508	1	1	0	1	1	1	1	1	//Zeny_Scroll
14509	1	1	0	1	1	1	1	1	//??????????
14510	1	1	0	1	1	1	1	1	//??????????
14511	1	1	0	1	1	1	1	1	//??????????
14512	1	1	0	1	1	1	1	1	//Meteor_10_Scroll
14513	1	1	0	1	1	1	1	1	//Storm_10_Scroll
14514	1	1	0	1	1	1	1	1	//Vermilion_10_Scroll
14517	1	1	0	1	1	1	1	1	//CP_Helm_Scroll
14518	1	1	0	1	1	1	1	1	//CP_Shield_Scroll
14519	1	1	0	1	1	1	1	1	//CP_Armor_Scroll
14520	1	1	0	1	1	1	1	1	//CP_Weapon_Scroll
14521	1	1	0	1	1	1	1	1	//商城道具,修理装备卷轴
14522	1	0	0	0	1	1	1	1	//Big_Bun
14527	1	1	0	1	1	1	1	1	//?????,???????1
14530	1	0	0	0	1	1	1	1	
14531	1	0	0	0	1	1	1	1	
14532	1	1	0	1	1	1	1	1	//Battle_Manual25
14534	1	1	0	1	1	1	1	1	//?????,?????
14535	1	1	0	1	1	1	1	1	//?????,?????
14536	1	1	0	1	1	1	1	1	//?????,???
14537	1	1	0	1	1	1	1	1	//?????,???????
14538	1	1	0	1	1	1	1	1	//?????,?????
14539	1	1	0	1	1	1	1	1	//?????,?????S
14540	1	1	0	1	1	1	1	1	//?????,????S
14541	1	1	0	1	1	1	1	1	//?????,S??????
14542	1	1	0	1	1	1	1	1	//?????,B??????
14543	1	1	0	1	1	1	1	1	//?????,S??????
14544	1	1	0	1	1	1	1	1	//?????,B??????
14546	1	1	0	1	1	1	1	1	//?????,????
14547	1	1	0	1	1	1	1	1	//?????,????
14548	1	1	0	1	1	1	1	1	//?????,????
14549	1	1	0	1	1	1	1	1	//?????,????
14550	1	1	0	1	1	1	1	1	//?????,????
14569	1	1	0	1	1	1	1	1	//?????,???????
14570	1	1	0	1	1	1	1	1	//?????,???????
14571	1	1	0	1	1	1	1	1	//?????,???????
14572	1	1	0	1	1	1	1	1	//?????,????
14573	1	1	0	1	1	1	1	1	//?????,?????
14574	1	1	0	1	1	1	1	1	//?????,?????
14582	1	1	0	1	1	1	1	1	//WOB_Rune
14583	1	1	0	1	1	1	1	1	//WOB_Schwaltz
14584	1	1	0	1	1	1	1	1	//WOB_Rachel
14585	1	1	0	1	1	1	1	1	//WOB_Local
14586	1	1	0	1	1	1	1	1	//Spark_Candy跳跳糖
14587	1	1	0	1	1	1	1	1	//商城道具,修理装备卷轴_
14588	1	1	0	1	1	1	1	1	//队伍祝福卷轴
14589	1	1	0	1	1	1	1	1	//队伍敏捷增加卷轴
14590	1	1	0	1	1	1	1	1	//队伍承受卷轴
14591	1	1	0	1	1	1	1	1	//商城道具,城战地图移动卷轴
14592	1	1	0	1	1	1	1	1	//Job_Manual50
14593	1	1	0	1	1	1	1	1	//商城道具
14594	1	1	0	1	1	1	1	1	//商城道具
14597	1	1	0	1	1	1	1	1	//商城道具,
14598	1	0	0	0	1	1	1	1	//GhostringS
14599	1	1	0	1	1	1	1	1	//商城道具
14600	1	1	0	1	1	1	1	1	//商城道具
14601	1	1	0	1	1	1	1	1	//商城道具
14602	1	1	0	1	1	1	1	1	//商城道具,
14603	1	1	0	1	1	1	1	1	//商城道具,
14604	1	0	0	0	1	1	1	1	//Orc_HeroS
14605	1	0	0	0	1	1	1	1	//Orc_LoadS
14606	1	1	0	1	1	1	1	1	//商城道具
14608	1	1	0	1	0	1	1	1	//Luxurious_Dinner_E
14611	1	1	0	1	1	1	1	1	//M_Def_Potion
14612	1	1	0	1	1	1	1	1	//M_Mdef_Potion
14615	1	0	0	0	1	1	1	1	//Green_Scroll
14624	1	0	0	0	1	1	1	1	//Blue_Scroll
14625	1	0	0	0	1	1	1	1	//Buddah_Scroll
14626	1	0	0	0	1	1	1	1	//Indigo_Scroll
14630	1	0	0	0	1	1	1	1	//Evil_Incarnation
14643	1	0	0	0	1	1	1	1	//Violet_Scroll
14644	1	0	0	1	1	1	1	1	//?????,Super_Pet_Egg1
14647	1	0	0	0	1	1	1	1	//Super_Pet_Egg2
14648	1	0	0	0	1	1	1	1	//Super_Pet_Egg3
14664	1	0	0	0	1	1	1	1	//Bi_Hwang_Scroll
14665	1	0	0	0	1	1	1	1	//Jung_Bi_Scroll
14666	1	0	0	0	1	1	1	1	//Je_Un_Scroll
14667	1	0	0	0	1	1	1	1	//Yong_Kwang_Scroll
14677	1	0	0	0	1	1	1	1	//FoolDay_Scroll_TW
14678	1	0	0	0	1	1	1	1	//Ardor_Scroll_TW
14687	1	0	0	0	1	1	1	1	//TW_13y_Lucky_Egg_01
14688	1	0	0	0	1	1	1	1	//TW_13y_Lucky_Egg_02
14690	1	0	0	0	1	1	1	1	//TW_Festival_Scroll
14691	1	0	0	0	0	1	1	1	//Banana_Can_Box
14692	1	0	0	0	0	1	1	1	//Spicy_Rice_Cake_Box
14693	1	0	0	0	0	1	1	1	//Hotdog_Box
14694	1	0	0	0	0	1	1	1	//Big_Wheel_Cracker_Box
14697	1	0	0	0	1	1	1	1	//TW_13y_Lucky_Egg_03
14698	1	0	0	0	1	1	1	1	//TW_13y_Lucky_Egg_04
14700	1	0	0	0	1	1	1	1	//TW_13y_Lucky_Egg_05
14701	1	0	0	0	1	1	1	1	//TW_13y_Lucky_Egg_06
14702	1	0	0	0	1	1	1	1	//TW_13y_Lucky_Egg_07
14703	1	0	0	0	1	1	1	1	//TW_13y_Lucky_Egg_08
14707	1	0	0	0	1	1	1	1	//TW_13y_Coupon_Cash
14708	1	0	0	0	1	1	1	1	//TW_13y_Coupon_Shop
14709	1	0	0	0	1	1	1	1	//TW_13y_Lucky_Egg_09
14710	1	0	0	0	1	1	1	1	//GoldPoring_Scroll
14711	1	0	0	0	1	1	1	1	//TW_13y_Lucky_Egg_10
14712	1	0	0	0	1	1	1	1	//TW_13y_Wish_Achieve_
14715	1	0	0	0	1	1	1	1	//Heaven_Scroll2
14716	1	0	0	0	1	1	1	1	//Patron_Scroll2
14719	1	0	0	0	1	1	1	1	//Pure_Green_Scroll
14720	1	0	0	0	1	1	1	1	//Orange_Scroll
14721	1	0	0	0	1	1	1	1	//Skyblue_Scroll
14722	1	0	0	0	1	1	1	1	//TW_New_Year_Scroll
14734	1	0	0	0	1	1	1	1	//Shining_Scroll_Tw
14736	1	0	0	0	1	1	1	1	//Torr_Scroll_Tw
14737	1	0	0	0	1	1	1	1	//Golden_Scroll_Tw
14738	1	0	0	0	1	1	1	1	//Amazing_Scroll_Tw
15001	1	1	1	1	1	1	1	1	//印度尼西亚租赁道具_奥丁的祝福_I
15002	1	1	1	1	1	1	1	1	//3转_符文铠甲
15007	1	1	1	1	0	1	1	1	//时间的守护者外袍
15009	1	1	1	1	0	1	1	1	//伊甸园制服1
15010	1	1	1	1	0	1	1	1	//伊甸园制服2
15011	1	1	1	1	0	1	1	1	//伊甸园制服3
15015	1	0	0	0	1	1	1	0	//Upg_Adv_Suit
15016	1	0	0	0	1	1	1	0	//Upg_Coat
15017	1	0	0	0	1	1	1	0	//Upg_Saint_Robe
15018	1	0	0	0	1	1	1	0	//Upg_Tights
15019	1	0	0	0	1	1	1	0	//Upg_Thief_Cloth
15020	1	0	0	0	1	1	1	0	//Upg_Mail
15021	1	0	0	0	1	1	1	0	//Upg_Formal_Dress
15022	1	0	0	0	1	1	1	1	//Brazil_Swimsuit
15031	1	1	1	1	0	1	1	1	//Para_Team_Armor
15033	1	1	1	1	1	1	1	1	//美泰说明书
15034	1	1	1	1	1	1	1	1	//美泰说明书_
15044	0	0	0	0	0	0	0	1	
15049	1	1	0	1	1	1	1	1	
15050	1	1	0	1	1	1	1	1	
15058	1	0	0	0	1	1	1	1	//Rider_Suit
15061	1	0	0	0	1	1	1	1	//Egir_Armor
15062	1	1	1	1	0	1	1	1	//TE_Woe_Coat
15063	1	1	1	1	0	1	1	1	//TE_Woe_Chain_Mail
15064	1	1	1	1	0	1	1	1	//TE_Woe_Mage_Coat
15067	1	1	1	1	1	1	1	1	//Rune_Suit
15075	1	0	0	0	1	1	1	1	//GC_Battle_Armor
15076	1	0	0	0	1	1	1	1	//RA_Battle_Armor
15077	1	0	0	0	1	1	1	1	//LG_Battle_Armor
15078	1	0	0	0	1	1	1	1	//RK_Battle_Armor
15079	1	0	0	0	1	1	1	1	//NC_Battle_Armor
15080	1	0	0	0	1	1	1	1	//SC_Battle_Armor
15081	1	0	0	0	1	1	1	1	//SR_Battle_Armor
15082	1	0	0	0	1	1	1	1	//AB_Battle_Armor
15083	1	0	0	0	1	1	1	1	//WL_Battle_Armor
15084	1	0	0	0	1	1	1	1	//WA_Battle_Armor
15085	1	0	0	0	1	1	1	1	//GN_Battle_Armor
15088	1	0	0	0	0	1	1	1	//School_Uniform
15105	1	0	0	0	0	1	1	1	//Kaftan
15125	1	0	0	0	1	1	1	1	//Male_Poring_Egg
15127	1	0	0	0	0	1	1	1	//Female_Poring_Earmuff
16002	1	1	1	1	1	1	1	1	//昏迷之锤_C
16004	1	1	1	1	0	1	1	1	//P铁锤1
16005	1	1	1	1	0	1	1	1	//P铁锤2
16006	1	1	1	1	0	1	1	1	//旅行者的铁锤
16014	1	1	1	1	0	1	1	1	//P_Mace3
16016	1	1	1	1	1	1	1	1	//Tuna
16017	1	1	0	1	1	1	1	1	
16019	1	0	0	0	0	1	1	1	//Upg_Mace
16023	1	1	1	1	0	1	1	1	//美泰铁锤
16025	1	1	1	1	0	1	1	1	//TE_Woe_Mace
16100	1	1	0	1	1	1	1	1	//愤怒的嘴_C箱子
16101	1	1	0	1	1	1	1	1	//韩国_幸运的箱子
16102	1	1	0	1	1	1	1	1	//十字巨剑_C箱子
16103	1	1	0	1	1	1	1	1	//秘刃?啸_C箱子
16104	1	1	0	1	1	1	1	1	//双手斧_C箱子
16105	1	1	0	1	1	1	1	1	//骑士长矛_C箱子
16106	1	1	0	1	1	1	1	1	//风魔轮飞镖_C箱子
16107	1	1	0	1	1	1	1	1	//兽人斧_C箱子
16108	1	1	0	1	1	1	1	1	//步兵长矛_C箱子
16109	1	1	0	1	1	1	1	1	//大百科全书_C箱子
16110	1	1	0	1	1	1	1	1	//升龙拳套_C箱子
16111	1	1	0	1	1	1	1	1	//吉他_C箱子
16112	1	1	0	1	1	1	1	1	//流星鞭子_C箱子
16113	1	1	0	1	1	1	1	1	//大马士革短剑_C箱子
16114	1	1	0	1	1	1	1	1	//水纹之剑_C箱子
16115	1	1	0	1	1	1	1	1	//昏迷之锤_C箱子
16116	1	1	0	1	1	1	1	1	//F韩国_幸运的箱子
16117	1	1	0	1	1	1	1	1	//F十字巨剑_C箱子
16118	1	1	0	1	1	1	1	1	//F秘刃?啸_C箱子
16119	1	1	0	1	1	1	1	1	//F双手斧_C箱子
16120	1	1	0	1	1	1	1	1	//F骑士长矛_C箱子
16121	1	1	0	1	1	1	1	1	//F风魔轮飞镖_C箱子
16122	1	1	0	1	1	1	1	1	//F兽人斧_C箱子
16123	1	1	0	1	1	1	1	1	//F步兵长矛_C箱子
16124	1	1	0	1	1	1	1	1	//F大百科全书_C箱子
16125	1	1	0	1	1	1	1	1	//F升龙拳套_C箱子
16126	1	1	0	1	1	1	1	1	//F吉他_C箱子
16127	1	1	0	1	1	1	1	1	//F流星鞭子_C箱子
16128	1	1	0	1	1	1	1	1	//F大马士革短剑_C箱子
16129	1	1	0	1	1	1	1	1	//F水纹之剑_C箱子
16130	1	1	0	1	1	1	1	1	//F昏迷之锤_C箱子
16131	1	0	0	0	1	1	1	1	//Lady_Tanee_Doll_Box
16132	1	0	0	0	1	1	1	1	//Lunatic_Hat_Box
16133	1	0	0	0	1	1	1	1	//G_Staff_Of_Light_Box
16134	1	1	0	1	1	1	1	1	//青蛙帽子箱子
16135	1	0	0	0	1	1	1	1	//Evil's_Bone_Hat_Box
16136	1	1	0	1	1	1	1	1	//女神的祝福箱子10
16137	1	1	0	1	1	1	1	1	//天使的祝福箱子10
16138	1	1	0	1	1	1	1	1	//雪粉箱子10
16139	1	1	0	1	1	1	1	1	//迷你心箱子10
16140	1	1	0	1	1	1	1	1	//爆竹_日本箱子10
16141	1	1	0	1	1	1	1	1	//金耳环箱子
16142	1	1	0	1	1	1	1	1	//绿色福袋箱子
16143	1	1	0	1	1	1	1	1	//时尚眼镜箱子
16144	1	1	0	1	1	1	1	1	//星星发箍箱子
16145	1	1	0	1	1	1	1	1	//长袍穗子箱子
16146	1	1	0	1	1	1	1	1	//宠物灵魂之环箱子
16147	1	1	0	1	1	1	1	1	//帅气徽章箱子
16148	1	1	0	1	1	1	1	1	//翡翠如意箱子
16149	1	1	0	1	1	1	1	1	//夏季团扇箱子
16150	1	1	0	1	1	1	1	1	//死亡之扣环箱子
16151	1	1	0	1	1	1	1	1	//女王的花冠箱子
16152	1	1	0	1	1	1	1	1	//黑人爆炸头箱子
16153	1	1	0	1	1	1	1	1	//舞会假面具箱子
16154	1	1	0	1	1	1	1	1	//上紧发条箱子
16155	1	1	0	1	1	1	1	1	//地狱之角箱子
16156	1	1	0	1	1	1	1	1	//波利交换券箱子
16157	1	1	0	1	1	1	1	1	//波波利交换券箱子
16158	1	1	0	1	1	1	1	1	//波波利交换券箱子
16159	1	1	0	1	1	1	1	1	//疯兔交换券箱子
16160	1	1	0	1	1	1	1	1	//小鸡交换券箱子
16161	1	1	0	1	1	1	1	1	//大嘴鸟交换券箱子
16162	1	1	0	1	1	1	1	1	//小野猪交换券箱子
16163	1	1	0	1	1	1	1	1	//魔菇交换券箱子
16164	1	1	0	1	1	1	1	1	//毒魔菇交换券箱子
16165	1	1	0	1	1	1	1	1	//苍蝇交换券箱子
16166	1	1	0	1	1	1	1	1	//绿苍蝇交换券箱子
16167	1	1	0	1	1	1	1	1	//毕帝特地龙交换券箱子
16168	1	1	0	1	1	1	1	1	//小恶魔交换券箱子
16169	1	1	0	1	1	1	1	1	//蛇女伊丝交换券箱子
16170	1	1	0	1	1	1	1	1	//狸猫交换券箱子
16171	1	1	0	1	1	1	1	1	//土人交换券箱子
16172	1	1	0	1	1	1	1	1	//沙漠幼狼交换券箱子
16173	1	1	0	1	1	1	1	1	//溜溜猴交换券箱子
16174	1	1	0	1	1	1	1	1	//鬼女交换券箱子
16175	1	1	0	1	1	1	1	1	//摇滚蝗虫交换券箱子
16176	1	1	0	1	1	1	1	1	//赤苍蝇交换券箱子
16177	1	1	0	1	1	1	1	1	//兽人战士交换券箱子
16178	1	1	0	1	1	1	1	1	//小巴风特交换券箱子
16179	1	1	0	1	1	1	1	1	//僵尸交换券箱子
16180	1	1	0	1	1	1	1	1	//妖道交换券箱子
16181	1	1	0	1	1	1	1	1	//刺刀哥布灵交换券箱子
16182	1	1	0	1	1	1	1	1	//硬面饼交换券箱子
16183	1	1	0	1	1	1	1	1	//艾斯恩魔女交换券箱子
16184	1	1	0	1	1	1	1	1	//艾丽斯女仆交换券箱子
16185	1	1	0	1	1	1	1	1	//乌鸦帽子箱子
16186	1	1	0	1	1	1	1	1	//宝宝龙帽子箱子
16187	1	1	0	1	1	1	1	1	//F愤怒的嘴_C箱子
16188	1	1	0	1	1	1	1	1	//兔子魔法帽箱子
16189	1	1	0	1	1	1	1	1	//军官帽子箱子
16190	1	1	0	1	1	1	1	1	//F兔子魔法帽箱子
16191	1	1	0	1	1	1	1	1	//F军官帽子箱子
16192	1	1	0	1	1	1	1	1	//方程帽子箱子
16193	1	1	0	1	1	1	1	1	//巨嘴鸟头饰箱子
16194	1	1	0	1	1	1	1	1	//美洲豹帽子箱子
16195	1	1	0	1	1	1	1	1	//Tw_March_Scroll
16220	1	1	0	1	1	1	1	1	//16220箱子
16221	1	1	0	1	1	1	1	1	//16221箱子
16222	1	1	0	1	1	1	1	1	//16222箱子
16223	1	1	0	1	1	1	1	1	//F16220箱子
16224	1	1	0	1	1	1	1	1	//F16221箱子
16225	1	1	0	1	1	1	1	1	//F16222箱子
16228	1	1	0	1	1	1	1	1	//RJC_Katusa_Box
16229	1	1	0	1	1	1	1	1	//鲜红玫瑰箱子
16232	1	0	0	1	1	1	1	0	//雷吉丽芙头饰箱子
16235	1	0	0	0	1	1	1	1	//Octopus_Hat_Box
16236	1	0	0	0	1	1	1	1	//Leaf_Cat_Hat_Box
16237	1	0	0	0	1	1	1	1	//Fur_Seal_Hat_Box
16238	1	0	0	0	1	1	1	1	//Wild_Rose_Hat_Box
16240	1	1	0	1	1	1	1	1	//修咖巴殷的黑猫耳朵箱子
16241	1	1	0	1	1	1	1	1	//咕咕鸡帽箱子
16245	1	0	0	1	1	1	1	1	
16246	1	1	0	1	1	1	1	1	//诈欺王冠箱子
16247	1	1	0	1	1	1	1	1	//降龙罗汉面具箱子
16248	1	1	0	1	1	1	1	1	//伏虎罗汉面具箱子
16249	1	1	1	1	1	1	1	1	//Knight_Gift_Box
16253	1	1	0	1	1	1	1	1	//Rabbit_Scroll
16254	1	1	0	1	1	1	1	1	//活化药水箱子
16256	1	0	0	0	0	0	0	0	//RODS头盔箱子
16257	1	1	0	1	1	1	1	1	//Buddah_Scroll
16258	1	0	0	0	0	1	1	1	//HD_Bradium_Box5
16259	1	0	0	0	1	1	1	1	//HD_Carnium_Box5
16260	1	0	0	0	1	1	1	1	//HD_Bradium_Box10
16261	1	0	0	0	1	1	1	1	//HD_Carnium_Box10
16304	1	0	0	0	1	1	1	1	//Evil_Incarnation_Disable
16305	1	1	1	1	1	1	1	1	//Upg_Guard_Box
16306	1	1	1	1	1	1	1	1	//F_Upg_Guard_Box
16307	1	1	1	1	1	1	1	1	//Upg_Buckler_Box
16308	1	1	1	1	1	1	1	1	//F_Upg_Buckler_Box
16309	1	1	1	1	1	1	1	1	//Upg_Shield_Box
16310	1	1	1	1	1	1	1	1	//F_Upg_Shield_Box
16311	1	1	1	1	1	1	1	1	//Upg_Shoes_Box
16312	1	1	1	1	1	1	1	1	//F_Upg_Shoes_Box
16313	1	1	1	1	1	1	1	1	//Upg_Boots_Box
16314	1	1	1	1	1	1	1	1	//F_Upg_Boots_Box
16315	1	1	1	1	1	1	1	1	//Upg_Greave_Box
16316	1	1	1	1	1	1	1	1	//F_Upg_Greave_Box
16317	1	1	1	1	1	1	1	1	//Upg_Hood_Box
16318	1	1	1	1	1	1	1	1	//F_Upg_Hood_Box
16319	1	1	1	1	1	1	1	1	//Upg_Muffler_Box
16320	1	1	1	1	1	1	1	1	//F_Upg_Muffler_Box
16321	1	1	1	1	1	1	1	1	//Upg_Manteau_Box
16322	1	1	1	1	1	1	1	1	//F_Upg_Manteau_Box
16323	1	1	1	1	1	1	1	1	//Upg_Clip_Box
16324	1	1	1	1	1	1	1	1	//F_Upg_Clip_Box
16327	1	1	1	1	1	1	1	1	//Upg_Adv_Suit_Box
16328	1	1	1	1	1	1	1	1	//F_Upg_Adv_Suit_Box
16329	1	1	1	1	1	1	1	1	//Upg_Coat_Box
16330	1	1	1	1	1	1	1	1	//F_Upg_Coat_Box
16331	1	1	1	1	1	1	1	1	//Upg_Saint_Robe_Box
16332	1	1	1	1	1	1	1	1	//F_Upg_Saint_Robe_Box
16333	1	1	1	1	1	1	1	1	//Upg_Tights_Box
16334	1	1	1	1	1	1	1	1	//F_Upg_Tights_Box
16335	1	1	1	1	1	1	1	1	//Upg_Thief_Cloth_Box
16336	1	1	1	1	1	1	1	1	//F_Upg_Thief_Cloth_Box
16337	1	1	1	1	1	1	1	1	//Upg_Mail_Box
16338	1	1	1	1	1	1	1	1	//F_Upg_Mail_Box
16339	1	1	1	1	1	1	1	1	//Upg_Formal_Dress_Box
16340	1	1	1	1	1	1	1	1	//F_Upg_Formal_Dress_Box
16341	1	0	0	0	1	1	1	1	//Greed_Clip_Box
16342	1	0	0	0	1	1	1	1	//F_Greed_Clip_Box
16343	1	1	0	1	1	1	1	1	//Leo_Crown_Box
16344	1	1	0	1	1	1	1	1	//Leo_Diadem_Box
16368	1	1	0	1	1	1	1	1	//Virgo_Crown_Box
16371	1	0	0	0	1	1	1	1	//Tw_Aug_Scroll
16372	1	1	0	1	1	1	1	1	//嘴咬四叶幸运草箱子
16373	1	1	0	1	1	1	1	1	//F嘴咬四叶幸运草箱子
16374	1	0	0	1	0	1	1	1	//Mouth_Bubble_Gum_Box
16375	1	1	0	1	1	1	1	1	//F嘴咬口香糖箱子
16385	1	1	0	1	1	1	1	1	//嘴咬四叶幸运草箱子2
16386	1	1	0	1	1	1	1	1	//嘴咬四叶幸运草箱子4
16387	1	1	0	1	1	1	1	1	//F嘴咬四叶幸运草箱子2
16388	1	1	0	1	1	1	1	1	//F嘴咬四叶幸运草箱子4
16389	1	1	0	1	1	1	1	1	//嘴咬口香糖箱子2
16390	1	1	0	1	1	1	1	1	//嘴咬口香糖箱子4
16391	1	1	0	1	1	1	1	1	//F嘴咬口香糖箱子2
16392	1	1	0	1	1	1	1	1	//F嘴咬口香糖箱子4
16393	1	0	0	1	1	1	1	1	//HD_Ori_Box5
16394	1	0	0	1	1	1	1	1	//HD_Ori_Box10
16395	1	0	0	0	1	1	1	1	//HD_Elu_Box5
16396	1	1	0	1	1	1	1	1	//HD_Elu_Box10
16397	1	1	0	1	1	1	1	1	//Virgo_Diadem_Box
16405	1	1	1	1	1	1	1	1	//米德加尔特硬币箱子
16406	1	1	1	1	1	1	1	1	//F米德加尔特硬币箱子
16409	1	0	0	0	1	1	1	1	//Tw_Sep_Scroll
16410	1	0	0	0	1	1	1	1	//Chung_Hairband_Box
16412	1	0	0	0	1	1	1	1	//Ice_Wing_Ear_Box
16414	1	0	0	0	1	1	1	1	//Turtle_Hat_Box
16436	1	1	0	1	1	1	1	1	//Libra_Crown_Box
16438	1	1	0	1	1	1	1	1	//Libra_Diadem_Box
16440	1	0	0	0	1	1	1	1	//Filir_Wing_Box
16442	1	1	0	1	1	1	1	1	//萨满之帽箱子
16443	1	1	0	1	1	1	1	1	//F萨满之帽箱子
16444	1	1	0	1	1	1	1	1	//黄金王冠箱子
16445	1	1	0	1	1	1	1	1	//F黄金王冠箱子
16446	1	0	0	0	1	1	1	1	//Tw_October_Scroll
16447	1	0	0	0	1	1	1	1	//Scorpio_Crown_Box
16448	1	0	0	0	1	1	1	1	//Scorpio_Diadem_Box
16452	1	1	0	1	1	1	1	1	//光辉之怒箱子
16453	1	1	0	1	1	1	1	1	//三角符文帽子箱子
16454	1	1	0	1	1	1	1	1	//F光辉之怒箱子
16455	1	1	0	1	1	1	1	1	//F三角符文帽子箱子
16456	1	0	0	0	1	1	1	1	//My_Scroll1
16457	1	1	0	1	1	1	1	1	//Tw_Nov_Scroll
16461	1	1	0	1	1	1	1	1	//Red_Wing_Hat_Box
16467	1	1	0	1	1	1	1	1	//圣诞卡片箱子
16468	1	1	0	1	1	1	1	1	//F圣诞卡片箱子
16469	1	1	0	1	1	1	1	1	//圣诞卡片箱子2
16470	1	1	0	1	1	1	1	1	//F圣诞卡片箱子2
16542	1	1	0	1	1	1	1	1	//Xmas_Bless
16543	1	0	0	0	1	1	1	1	//Snowman_Hat_Box
16544	1	1	0	1	1	1	1	1	//F雪人帽子箱子
16555	1	0	0	0	1	1	1	1	//Pr_Reset_Stone_Box
16557	1	0	0	0	1	1	1	1	//CP_Helm_Scroll10
16558	1	0	0	0	1	1	1	1	//CP_Shield_Scroll10
16559	1	0	0	0	1	1	1	1	//CP_Armor_Scroll10
16560	1	0	0	0	1	1	1	1	//CP_Weapon_Scroll10
16561	1	0	0	0	1	1	1	1	//CP_Scroll_Package
16569	1	0	0	0	1	1	1	1	//Summber_Scroll
16573	1	1	0	1	1	1	1	1	//骷髅披风箱子
16574	1	1	0	1	1	1	1	1	//F骷髅披风箱子
16576	1	0	0	1	1	1	1	1	//Illusion_Nothing
16577	1	1	0	1	1	1	1	1	//Dragon_Captain
16580	1	1	0	1	1	1	1	1	//洛杉矶艺术博物馆箱子
16581	1	1	0	1	1	1	1	1	//F洛杉矶艺术博物馆箱子
16582	1	1	1	1	1	1	1	1	//Red_Bunny_Band_Box
16584	1	0	0	0	1	1	1	1	//Sloth_Hat_Box
16596	1	1	0	1	1	1	1	1	//深渊之头盔箱子
16597	1	1	0	1	1	1	1	1	//F深渊之头盔箱子
16600	1	1	0	1	1	1	1	1	//Spring_Flower_Scr_Tw
16619	1	1	0	1	1	1	1	1	//Yellow_Bunnyband_Box
16631	1	1	0	1	1	1	1	1	//Aributa_Scroll
16638	1	1	1	1	1	1	1	1	//Ribbon_Of_Life_Box
16639	1	1	1	1	1	1	1	1	//Ribbon_Of_Life_Box2
16640	1	1	0	1	1	1	1	1	//Ribbon_Of_Life_Box3
16652	1	0	0	0	1	1	1	1	//Flame_Light
16654	1	1	0	1	1	1	1	1	//Valiant_Will
16657	1	1	0	1	1	1	1	1	//速效生命水箱子2
16658	1	1	0	1	1	1	1	1	//F速效生命水箱子2
16660	1	1	0	1	1	1	1	1	//灵魂之锥箱子
16661	1	1	0	1	1	1	1	1	//F灵魂之锥箱子
16664	1	1	0	1	1	1	1	1	//Leo_Scroll
16665	1	1	0	1	1	1	1	1	//Virgo_Scroll
16666	1	1	0	1	1	1	1	1	//魔法糖果10个箱子
16667	1	1	0	1	1	1	1	1	//F魔法糖果10个箱子
16671	1	1	0	1	1	1	1	1	//魔法糖果10个箱子2
16672	1	1	0	1	1	1	1	1	//F魔法糖果10个箱子2
16673	1	1	0	1	1	1	1	1	//Libra_Scroll
16675	1	0	0	0	1	1	1	1	
16677	1	1	0	1	1	1	1	1	//露天商店检索卡(金)10个箱子
16678	1	1	0	1	1	1	1	1	//露天商店检索卡(金)50个箱子
16679	1	1	0	1	1	1	1	1	//F露天商店检索卡(金)10个箱子
16680	1	1	0	1	1	1	1	1	//F露天商店检索卡(金)50个箱子
16681	1	0	0	0	1	1	1	1	//BR_Independence_Scroll
16682	1	1	1	1	0	1	1	1	//Boarding_Halter_Box
16683	1	1	0	1	1	1	1	1	//坐骑用缰绳箱子30
16689	1	1	0	1	1	1	1	1	//迦楼罗帽子箱子
16690	1	1	0	1	1	1	1	1	//F迦楼罗帽子箱子
16691	1	1	0	1	1	1	1	1	//Scorpius_Scroll
16740	1	1	0	1	1	1	1	1	//Ptotection_Seagod_Box
16741	1	1	0	1	1	1	1	1	//Hairtail_Box1
16742	1	1	0	1	1	1	1	1	//Hairtail_Box2
16743	1	1	0	1	1	1	1	1	//Spearfish_Box1
16744	1	1	0	1	1	1	1	1	//Spearfish_Box2
16745	1	1	0	1	1	1	1	1	//Saurel_Box1
16746	1	1	0	1	1	1	1	1	//Saurel_Box2
16747	1	1	0	1	1	1	1	1	//Tuna_Box1
16748	1	1	0	1	1	1	1	1	//Tuna_Box2
16749	1	1	0	1	1	1	1	1	//Malang_Crab_Box1
16750	1	1	0	1	1	1	1	1	//Malang_Crab_Box2
16751	1	1	0	1	1	1	1	1	//Brindle_Eel_Box1
16752	1	1	0	1	1	1	1	1	//Brindle_Eel_Box2
16753	1	0	0	0	1	1	1	1	//Unbreak_Weap_Box
16755	1	0	0	0	1	1	1	1	//Unbreak_Def_Box
16757	1	0	0	0	1	1	1	1	//Hallo_Scroll
16758	1	1	0	1	1	1	1	1	//汶巴拉之魂箱子
16759	1	1	0	1	1	1	1	1	//F汶巴拉之魂箱子
16760	1	1	0	1	1	1	1	1	//汶巴拉之魂箱子2
16761	1	1	0	1	1	1	1	1	//F汶巴拉之魂箱子2
16762	1	1	0	1	1	1	1	1	//汶巴拉之魂7日箱子
16763	1	1	0	1	1	1	1	1	//Ptotection_Seagod_Box2
16764	1	1	0	1	1	1	1	1	//Ptotection_Seagod_Box3
16765	1	1	0	1	1	1	1	1	//Octo_Hstick_Box
16766	1	1	0	1	1	1	1	1	//Octo_Hstick_Box2
16767	1	1	0	1	1	1	1	1	//Octo_Hstick_Box3
16770	1	0	0	0	1	1	1	1	//Silvervine_Fruit_Box10
16771	1	0	0	0	1	1	1	1	//Silvervine_Fruit_Box40
16774	1	0	0	0	1	1	1	1	//Asgard_Scroll
16776	1	1	0	1	1	1	1	1	//C露天商店检索卡(金)10个箱子
16777	1	1	0	1	1	1	1	1	//C露天商店检索卡(金)50个箱子
16778	1	1	0	1	1	1	1	1	//C力量料理箱子
16779	1	1	0	1	1	1	1	1	//C力量料理箱子50
16780	1	1	0	1	1	1	1	1	//C敏捷料理箱子
16781	1	1	0	1	1	1	1	1	//C敏捷料理箱子50
16782	1	1	0	1	1	1	1	1	//C体力料理箱子
16783	1	1	0	1	1	1	1	1	//C体力料理箱子50
16784	1	1	0	1	1	1	1	1	//C智力料理箱子
16785	1	1	0	1	1	1	1	1	//C智力料理箱子50
16786	1	1	0	1	1	1	1	1	//C灵巧料理府箱子
16787	1	1	0	1	1	1	1	1	//C灵巧料理府箱子50
16788	1	1	0	1	1	1	1	1	//C幸运料理箱子
16789	1	1	0	1	1	1	1	1	//C幸运料理箱子50
16790	1	1	0	1	1	1	1	1	//C免掉啪证书箱子
16791	1	1	0	1	1	1	1	1	//C免掉啪证书箱子50
16792	1	1	0	1	1	1	1	1	//C随地仓库使用券箱子
16793	1	1	0	1	1	1	1	1	//C随地仓库使用券箱子50
16794	1	1	0	1	1	1	1	1	//C巨大苍蝇翅膀箱子
16795	1	1	0	1	1	1	1	1	//C巨大苍蝇翅膀箱子100
16796	1	1	0	1	1	1	1	1	//C原地复活之证箱子5
16797	1	1	0	1	1	1	1	1	//C原地复活之证箱子20
16798	1	1	0	1	1	1	1	1	//CBOSS雷达箱子5
16799	1	1	0	1	1	1	1	1	//CBOSS雷达箱子30
16800	1	1	0	1	1	1	1	1	//C天使之赐福10等级滚动条箱子
16801	1	1	0	1	1	1	1	1	//C天使之赐福10等级滚动条箱子50
16802	1	1	0	1	1	1	1	1	//C加速术10等级滚动条箱子
16803	1	1	0	1	1	1	1	1	//C加速术10等级滚动条箱子50
16804	1	1	0	1	1	1	1	1	//C速度激发5等级滚动条箱子
16805	1	1	0	1	1	1	1	1	//C速度激发5等级滚动条箱子50
16806	1	1	0	1	1	1	1	1	//C撒水祈福5等级滚动条箱子
16807	1	1	0	1	1	1	1	1	//C撒水祈福5等级滚动条箱子50
16808	1	1	0	1	1	1	1	1	//C经验值倍增书箱子
16809	1	1	0	1	1	1	1	1	//C经验值倍增书箱子10
16810	1	1	0	1	1	1	1	1	//C掉宝率倍增糖箱子
16811	1	1	0	1	1	1	1	1	//C掉宝率倍增糖箱子10
16812	1	1	0	1	1	1	1	1	//C扩音器箱子
16813	1	1	0	1	1	1	1	1	//C扩音器箱子10
16814	1	1	0	1	1	1	1	1	//C浓缩铝箱子10
16815	1	1	0	1	1	1	1	1	//C浓缩铝箱子5
16816	1	1	0	1	1	1	1	1	//C浓缩神之金属箱子10
16817	1	1	0	1	1	1	1	1	//C浓缩神之金属箱子5
16818	1	1	0	1	1	1	1	1	//C技能重置棒箱子
16819	1	1	0	1	1	1	1	1	//C研磨剂箱子5
16820	1	1	0	1	1	1	1	1	//C研磨剂箱子10
16821	1	1	0	1	1	1	1	1	//C洞穴瞬间移动滚动条箱子5
16822	1	1	0	1	1	1	1	1	//C洞穴瞬间移动滚动条箱子10
16823	1	1	0	1	1	1	1	1	//C健身房会员券箱子
16824	1	1	0	1	1	1	1	1	//C恢复力提升药水箱子5
16825	1	1	0	1	1	1	1	1	//C恢复力提升药水箱子10
16827	1	1	0	1	1	1	1	1	//C小型生命水箱子10
16828	1	1	0	1	1	1	1	1	//C小型生命水箱子50
16829	1	1	0	1	1	1	1	1	//C中型生命水箱子10
16830	1	1	0	1	1	1	1	1	//C中型生命水箱子50
16831	1	1	0	1	1	1	1	1	//C幻影的酒杯箱子5
16832	1	1	0	1	1	1	1	1	//C幻影的酒杯箱子10
16833	1	1	0	1	1	1	1	1	//C阴暗铠甲滚动条箱子5
16834	1	1	0	1	1	1	1	1	//C阴暗铠甲滚动条箱子10
16835	1	1	0	1	1	1	1	1	//C神圣铠甲滚动条箱子5
16836	1	1	0	1	1	1	1	1	//C神圣铠甲滚动条箱子30
16837	1	1	0	1	1	1	1	1	//C洞穴移动卷轴2箱子5
16838	1	1	0	1	1	1	1	1	//C洞穴移动卷轴2箱子10
16839	1	1	0	1	1	1	1	1	//C跳跳糖箱子5
16840	1	1	0	1	1	1	1	1	//C跳跳糖箱子10
16841	1	1	0	1	1	1	1	1	//C修理装备卷轴箱子
16843	1	1	0	1	1	1	1	1	//C美发礼卷箱子
16844	1	1	0	1	1	1	1	1	//C艾丽斯女仆召唤书箱子5
16845	1	1	0	1	1	1	1	1	//C艾丽斯女仆召唤书箱子10
16846	1	1	0	1	1	1	1	1	//C邪恶箱召唤书箱子5
16847	1	1	0	1	1	1	1	1	//C邪恶箱召唤书箱子10
16848	1	1	0	1	1	1	1	1	//C假面鬼召唤书箱子5
16849	1	1	0	1	1	1	1	1	//C假面鬼召唤书箱子10
16850	1	1	0	1	1	1	1	1	//C魔力增幅卷轴箱子
16851	1	1	0	1	1	1	1	1	//C魔力增幅卷轴箱子50
16852	1	1	0	1	1	1	1	1	//C泥沼地卷轴箱子
16853	1	1	0	1	1	1	1	1	//C泥沼地卷轴箱子50
16854	1	1	0	1	1	1	1	1	//C服装染色兑换卷箱子
16855	1	1	0	1	1	1	1	1	//C服装染色兑换卷箱子2
16856	1	1	0	1	1	1	1	1	//C贪婪卷轴_C20箱子
16857	1	1	0	1	1	1	1	1	//C贪婪卷轴_C50箱子
16858	1	1	0	1	1	1	1	1	//C智囊药水20箱子
16859	1	1	0	1	1	1	1	1	//C智囊药水50箱子
16860	1	1	0	1	1	1	1	1	//C战神蒂尔之祝福20箱子
16861	1	1	0	1	1	1	1	1	//C战神蒂尔之祝福50箱子
16862	1	1	0	1	1	1	1	1	//C职业经验值倍增书25箱子1
16863	1	1	0	1	1	1	1	1	//C职业经验值倍增书25箱子10
16864	1	1	0	1	1	1	1	1	//C攻城移动卷轴箱子箱子1_10
16865	1	1	0	1	1	1	1	1	//C攻城移动卷轴箱子箱子1_30
16866	1	1	0	1	1	1	1	1	//C攻城移动卷轴箱子箱子2_10
16867	1	1	0	1	1	1	1	1	//C攻城移动卷轴箱子箱子2_30
16868	1	1	0	1	1	1	1	1	//C高密度钸镭矿石箱子5
16869	1	1	0	1	1	1	1	1	//C高密度钸镭矿石箱子10
16870	1	1	0	1	1	1	1	1	//C高密度钙矿石箱子5
16871	1	1	0	1	1	1	1	1	//C高密度钙矿石箱子10
16872	1	1	0	1	1	1	1	1	//C高浓缩神之金属5箱子
16873	1	1	0	1	1	1	1	1	//C高浓缩神之金属10箱子
16874	1	1	0	1	1	1	1	1	//C高浓缩铝5箱子
16875	1	1	0	1	1	1	1	1	//C高浓缩铝10箱子
16876	1	1	0	1	1	1	1	1	//C速效生命水箱子2
16877	1	1	0	1	1	1	1	1	//C魔法糖果10个箱子2
16878	1	1	0	1	1	1	1	1	//C汶巴拉之魂箱子2
16879	1	1	0	1	1	1	1	1	//C名刀不知火箱子
16880	1	1	0	1	1	1	1	1	//C石中剑箱子
16881	1	1	0	1	1	1	1	1	//C战斗短剑箱子
16882	1	1	0	1	1	1	1	1	//C反击短剑箱子
16883	1	1	0	1	1	1	1	1	//C巫杖魂咬箱子
16884	1	1	0	1	1	1	1	1	//C智天使之斧箱子
16885	1	1	0	1	1	1	1	1	//C贝利斯塔强弩箱子
16886	1	1	0	1	1	1	1	1	//C贤者日记箱子
16887	1	1	0	1	1	1	1	1	//C匕首箱子
16888	1	1	0	1	1	1	1	1	//C敏捷别针箱子
16889	1	1	0	1	1	1	1	1	//C防御戒指箱子
16890	1	1	0	1	1	1	1	1	//C七彩大嘴鸟的翅膀箱子
16891	1	1	0	1	1	1	1	1	//C多刃尖刺刀箱子
16892	1	1	0	1	1	1	1	1	//C魔力之矛箱子
16893	1	1	0	1	1	1	1	1	//C秘锤冷月箱子
16894	1	1	0	1	1	1	1	1	//C火灵之剑箱子
16895	1	1	0	1	1	1	1	1	//C蝴蝶假面箱子
16896	1	1	0	1	1	1	1	1	//C兽人英雄的头具箱子
16897	1	1	0	1	1	1	1	1	//C韩国懒洋洋的猫箱子
16898	1	1	0	1	1	1	1	1	//C铁球箱子
16899	1	1	0	1	1	1	1	1	//C曲棍球面具箱子
16900	1	1	0	1	1	1	1	1	//C观察者箱子
16901	1	1	0	1	1	1	1	1	//C多功能钻戒箱子
16902	1	1	0	1	1	1	1	1	//C圣灵战袍箱子
16903	1	1	0	1	1	1	1	1	//C元气恢复铠甲箱子
16904	1	1	0	1	1	1	1	1	//C防护性能箱子
16905	1	1	0	1	1	1	1	1	//CSylphid_Manteau箱子
16906	1	1	0	1	1	1	1	1	//CRefresh_Shoes箱子
16907	1	1	0	1	1	1	1	1	//C荒野的无法者箱子
16908	1	1	0	1	1	1	1	1	//C操作杆来复枪箱子
16909	1	1	0	1	1	1	1	1	//C十字巨剑_C箱子
16910	1	1	0	1	1	1	1	1	//C秘刃?啸_C箱子
16911	1	1	0	1	1	1	1	1	//C双手斧_C箱子
16912	1	1	0	1	1	1	1	1	//C骑士长矛_C箱子
16913	1	1	0	1	1	1	1	1	//C兽人斧_C箱子
16914	1	1	0	1	1	1	1	1	//C大百科全书_C箱子
16915	1	1	0	1	1	1	1	1	//C升龙拳套_C箱子
16916	1	1	0	1	1	1	1	1	//C升龙拳套_C箱子
16917	1	1	0	1	1	1	1	1	//C大马士革短剑_C箱子
16918	1	1	0	1	1	1	1	1	//C水纹之剑_C箱子
16919	1	1	0	1	1	1	1	1	//C昏迷之锤_C箱子
16920	1	1	0	1	1	1	1	1	//C结婚证书箱子
16921	1	1	0	1	1	1	1	1	//C流星_C箱子
16922	1	1	0	1	1	1	1	1	//C16922_C箱子
16923	1	1	0	1	1	1	1	1	//C治愈之杖_C箱子
16924	1	1	0	1	1	1	1	1	//C嘴咬四叶幸运草箱子
16925	1	1	0	1	1	1	1	1	//C嘴咬四叶幸运草箱子2
16926	1	1	0	1	1	1	1	1	//C嘴咬四叶幸运草箱子4
16927	1	1	0	1	1	1	1	1	//C嘴咬口香糖箱子
16928	1	1	0	1	1	1	1	1	//C嘴咬口香糖箱子2
16929	1	1	0	1	1	1	1	1	//C嘴咬口香糖箱子4
16930	1	1	0	1	1	1	1	1	//C有尖顶的领巾箱子
16931	1	1	0	1	1	1	1	1	//C有尖顶的领巾箱子2
16932	1	1	0	1	1	1	1	1	//C有尖顶的领巾箱子3
16933	1	1	0	1	1	1	1	1	//C彩虹领巾箱子
16934	1	1	0	1	1	1	1	1	//C彩虹领巾箱子2
16935	1	1	0	1	1	1	1	1	//C彩虹领巾箱子3
16936	1	1	0	1	1	1	1	1	//C活泼的发带箱子
16937	1	1	0	1	1	1	1	1	//C活泼的发带箱子2
16938	1	1	0	1	1	1	1	1	//C活泼的发带箱子3
16939	1	1	0	1	1	1	1	1	//C爱的天使魔法粉箱子
16940	1	1	0	1	1	1	1	1	//C爱的天使魔法粉箱子1月
16941	1	1	0	1	1	1	1	1	//C顽皮魔法粉箱子
16942	1	1	0	1	1	1	1	1	//C顽皮魔法粉箱子1月
16943	1	1	0	1	1	1	1	1	//C绘画日记魔法粉箱子
16944	1	1	0	1	1	1	1	1	//C绘画日记魔法粉箱子1月
16945	1	1	0	1	1	1	1	1	//C迷你心型魔法粉箱子
16946	1	1	0	1	1	1	1	1	//C迷你心型魔法粉箱子1月
16947	1	1	0	1	1	1	1	1	//C新奇魔法粉箱子
16948	1	1	0	1	1	1	1	1	//C新奇魔法粉箱子1月
16949	1	1	0	1	1	1	1	1	//C儿童魔法粉箱子
16950	1	1	0	1	1	1	1	1	//C儿童魔法粉箱子1月
16951	1	1	0	1	1	1	1	1	//C魔法之城箱子
16952	1	1	0	1	1	1	1	1	//C魔法之城箱子1月
16953	1	1	0	1	1	1	1	1	//C蜡笔小新箱子
16954	1	1	0	1	1	1	1	1	//C蜡笔小新箱子1月
16955	1	1	0	1	1	1	1	1	//C强化铁盾箱子
16956	1	1	0	1	1	1	1	1	//C强化圆盾箱子
16957	1	1	0	1	1	1	1	1	//C强化钢盾箱子
16958	1	1	0	1	1	1	1	1	//C强化长靴箱子
16959	1	1	0	1	1	1	1	1	//C强化战士长靴箱子
16960	1	1	0	1	1	1	1	1	//C强化重靴箱子
16961	1	1	0	1	1	1	1	1	//C强化连帽披肩箱子
16962	1	1	0	1	1	1	1	1	//C强化披肩箱子
16963	1	1	0	1	1	1	1	1	//C强化斗篷箱子
16964	1	1	0	1	1	1	1	1	//C强化发夹箱子
16965	1	1	0	1	1	1	1	1	//C强化冒险衣箱子
16966	1	1	0	1	1	1	1	1	//C强化长大衣箱子
16967	1	1	0	1	1	1	1	1	//C强化圣职之衣箱子
16968	1	1	0	1	1	1	1	1	//C强化紧身便衣箱子
16969	1	1	0	1	1	1	1	1	//C强化盗贼之衣箱子
16970	1	1	0	1	1	1	1	1	//C强化钢铁锁子甲箱子
16971	1	1	0	1	1	1	1	1	//C强化西装外套箱子
16972	1	1	0	1	1	1	1	1	//Weather_Report_Box
16973	1	1	0	1	1	1	1	1	//Yellow_Hat_Box
16974	1	0	0	0	1	1	1	1	//Comin_Actor_Box
16975	1	1	0	1	1	1	1	1	//Singing_Bird_Box
16976	1	1	0	1	1	1	1	1	//Hen_Set_Box
16977	1	1	0	1	1	1	1	1	//Red_Minicrown_Box
16978	1	1	0	1	1	1	1	1	//C狐尾草箱子
16979	1	0	0	1	1	1	1	1	//Silvervine_Fruit_Box4
16995	1	1	0	1	1	1	1	1	//老旧帽子箱子
16998	1	1	0	1	1	1	1	1	//Archangel_Wing_Box
16999	1	1	0	1	1	1	1	1	//Bravery_Bag_Box
17000	1	1	0	1	1	1	1	1	//Wander_Man_Box5
17001	1	1	0	1	1	1	1	1	//Wander_Man_Box10
17002	1	1	0	1	1	1	1	1	//Wicked_Nymph_Box5
17003	1	1	0	1	1	1	1	1	//Wicked_Nymph_Box10
17004	1	1	0	1	1	1	1	1	//Kasa_Scroll_Box5
17005	1	1	0	1	1	1	1	1	//Kasa_Scroll_Box10
17006	1	1	0	1	1	1	1	1	//Salamander_Box5
17007	1	1	0	1	1	1	1	1	//Salamander_Box10
17008	1	1	0	1	1	1	1	1	//Teddy_Bear_Box5
17009	1	1	0	1	1	1	1	1	//Teddy_Bear_Box10
17013	1	0	0	1	1	1	1	1	//Malang_Woe_Encard_Box
17014	1	1	0	1	1	1	1	1	//Butterfly_ear_Box
17015	1	1	0	1	1	1	1	1	//Stuckhead_Screw_Box
17018	1	0	0	0	1	1	1	1	//Libra_Scroll2
17019	1	0	0	0	1	1	1	1	//Scorpio_Scroll2
17020	1	0	0	0	1	1	1	1	//Tw_Nov_Scroll2
17021	1	0	0	0	1	1	1	1	//Summber_Scroll3
17022	1	1	0	1	1	1	1	1	//Super_Pet_Egg1_2
17023	1	1	0	1	1	1	1	1	//Super_Pet_Egg4_2
17027	1	1	0	1	1	1	1	1	//精炼用矿石箱子
17037	1	1	0	1	1	1	1	1	//Trans_Box_Devi
17038	1	1	0	1	1	1	1	1	//Trans_Box_Ray_Arch
17039	1	1	0	1	1	1	1	1	//Trans_Box_Mavka
17040	1	1	0	1	1	1	1	1	//Trans_Box_Marduk
17041	1	1	0	1	1	1	1	1	//Trans_Box_Banshee
17042	1	1	0	1	1	1	1	1	//Trans_Box_Poring
17043	1	1	0	1	1	1	1	1	//Trans_Box_Golem
17044	1	1	0	1	1	1	1	1	//捐赠缎带箱子
17045	1	1	0	1	1	1	1	1	//韩国判官帽箱子
17046	1	1	0	1	1	1	1	1	//17046箱子
17052	1	0	0	1	1	1	1	1	//Holy_Mom_Blaze_Box
17064	1	0	0	1	1	1	1	1	//Tw_Sagitt_Scroll
17065	1	1	0	1	1	1	1	1	//金牛宫神冠箱子
17080	1	0	0	1	1	1	1	1	//Scorpio_Scroll3
17084	1	1	0	1	1	1	1	1	
17085	1	1	0	1	1	1	1	1	
17086	1	1	0	1	1	1	1	1	
17087	1	1	0	1	1	1	1	1	
17088	1	1	0	1	1	1	1	1	
17089	1	1	0	1	1	1	1	1	
17090	1	1	0	1	1	1	1	1	
17091	1	1	0	1	1	1	1	1	
17092	1	1	0	1	1	1	1	1	
17093	1	1	0	1	1	1	1	1	
17094	1	1	0	1	1	1	1	1	//强化墨鸥福箱子2
17095	1	1	0	1	1	1	1	1	//强化双手斧箱子2
17096	1	1	0	1	1	1	1	1	//强化骑士长矛箱子2
17097	1	1	0	1	1	1	1	1	//强化合箱子2
17098	1	1	0	1	1	1	1	1	//强化智慧魔杖箱子2
17099	1	1	0	1	1	1	1	1	//强化大驹短剑箱子2
17100	1	1	0	1	1	1	1	1	//强化左轮手枪箱子2
17101	1	1	0	1	1	1	1	1	//强化铁锤箱子2
17102	1	1	0	1	1	1	1	1	//强化弓箱子2
17103	1	1	0	1	1	1	1	1	//强化双手巨剑箱子2
17109	1	0	0	0	1	1	1	1	//Capri_Scroll
17110	1	1	0	1	1	1	1	1	
17113	1	0	0	0	1	1	1	1	
17117	1	0	0	0	1	1	1	1	
17118	1	1	0	1	1	1	1	1	//ASPD强化药水箱子
17120	1	0	0	0	1	1	1	1	
17121	1	0	0	0	1	1	1	1	
17122	1	1	0	1	1	1	1	1	
17123	1	1	0	1	1	1	1	1	
17124	1	1	0	1	1	1	1	1	
17125	1	1	0	1	1	1	1	1	
17126	1	1	0	1	1	1	1	1	//ASPD强化药水箱子2
17127	1	0	0	0	1	1	1	1	
17134	1	0	0	0	1	1	1	1	
17135	1	1	0	1	1	1	1	1	//变身A套装
17136	1	1	0	1	1	1	1	1	//变身B套装
17137	1	1	0	1	1	1	1	1	//变身C套装
17144	1	1	0	1	1	1	1	1	//所有料理套餐
17146	1	0	0	0	1	1	1	1	
17147	1	0	0	0	1	1	1	1	
17152	1	0	0	0	1	1	1	1	
17153	1	1	0	1	1	1	1	1	//加强剂推器箱子
17154	1	1	0	1	1	1	1	1	//加强剂推器箱子2
17155	1	1	0	1	1	1	1	1	//强化威力风魔飞镖箱子
17156	1	1	0	1	1	1	1	1	
17157	1	1	0	1	1	1	1	1	
17158	1	1	0	1	1	1	1	1	
17159	1	1	0	1	1	1	1	1	//Change_Name_Card_Box
17162	1	1	0	1	1	1	1	1	//Boarding_Halter_Box7
17163	1	1	0	1	1	1	1	1	//神奇粉末箱子
17164	1	1	0	1	1	1	1	1	//神奇粉末箱子2
17165	1	0	0	0	1	1	1	1	//Challenge_Kit
17166	1	1	0	1	1	1	1	1	//圣天使波利帽子箱子
17171	1	1	0	1	1	1	1	1	//EC经验值倍增书箱子10
17172	1	1	0	1	1	1	1	1	//EC职业经验值倍增书25箱子10
17181	1	0	0	0	1	1	1	1	
17184	1	0	0	0	1	1	1	1	
17209	1	0	0	0	1	1	1	1	//Tw_Rainbow_Scroll
17210	1	0	0	0	1	1	1	1	//Tw_Red_Scroll
17211	1	0	0	0	1	1	1	1	//Tw_Orange_Scroll
17212	1	0	0	0	1	1	1	1	//Tw_Yellow_Scroll
17234	1	0	0	0	1	1	1	1	//Scroll_Of_Life
17251	1	1	0	1	1	1	1	1	//C_Wing_Of_Fly_3Day_Box
17252	1	1	0	1	1	1	1	1	//RWC_2012_Set_Box
17253	1	1	0	1	1	1	1	1	//RWC_2012_Ring_Box
17254	1	1	0	1	1	1	1	1	//RWC_2012_Pendant_Box
17256	1	0	0	0	1	1	1	1	//Good_Student_Gift_Box
17257	1	0	0	0	1	1	1	1	//Bad_Student_Gift_Box
17258	1	0	0	0	1	1	1	1	//Open_Gold_Armor_Box
17259	1	0	0	0	1	1	1	1	//Open_Gold_Boots_Box
17260	1	0	0	0	1	1	1	1	//Open_Silver_Boots_Box
17261	1	0	0	0	1	1	1	1	//Open_Silver_Armor_Box
17262	1	1	0	1	1	1	1	1	//Ex_Def_Potion_Box
17296	1	1	0	1	1	1	1	1	//Change_Slot_Card_Box
17312	1	1	0	1	1	0	0	1	//Bs_Know_How_Box
17313	1	1	0	1	1	0	0	1	//Bs_Know_How_Box5
17437	1	0	0	0	1	1	1	1	//Heal_Potion_Box
18106	1	1	1	1	0	1	1	1	//P_Bow3
18107	1	1	1	1	1	1	1	1	//Malang_Snow_Crab
18108	1	1	1	1	1	1	1	1	//Brindle_Eel
18109	0	0	0	0	0	0	0	1	
18110	0	0	0	0	0	0	0	1	
18111	0	0	0	0	0	0	0	1	
18112	1	0	0	0	0	1	1	1	//Upg_Bow
18116	1	1	1	1	0	1	1	1	//超合金天弓
18117	1	0	0	0	1	1	1	1	//Royal_Bow
18118	1	1	1	1	0	1	1	1	//TE_Woe_Bow
18500	1	1	1	1	1	1	1	1	//天使波利气球6
18501	1	1	1	1	1	1	1	1	//天使波利气球8
18502	1	1	1	1	1	1	1	1	//天使波利气球10
18505	1	1	1	1	1	1	1	1	//汶巴拉之魂
18507	1	0	0	0	1	1	1	1	//Elven_Ears_
18508	1	0	0	0	1	1	1	1	//Garuda_Hat
18509	1	0	0	0	1	1	1	1	//RWC2010_Indonesia
18513	1	1	0	1	1	1	1	1	//Shining_Sunflower
18514	1	1	1	1	0	1	1	1	//Para_Team_Hat2
18515	1	1	0	1	0	1	1	1	//RTC_Winner_Headgear
18516	1	1	0	1	0	1	1	1	//RTC_2nd_Headgear
18517	1	1	0	1	0	1	1	1	//RTC_3rd_Headgear
18520	1	1	0	1	1	1	1	1	//Jaty_C
18522	1	0	0	0	1	1	1	1	
18526	1	1	1	1	1	1	1	1	//美味棒棒糖
18533	1	0	0	0	0	1	1	1	
18536	1	1	0	1	1	1	1	1	//Foxtail
18537	1	0	0	1	1	1	1	1	//Malangdo_Hat
18539	1	0	0	0	0	1	1	1	//Skull_Cap
18541	1	0	0	0	1	1	1	1	//Little_Feather_Hat
18543	1	1	0	1	1	1	1	1	//Witchs_Hat
18549	1	0	0	0	0	1	1	1	
18550	1	0	0	0	1	1	1	1	//Asgard_Blessing阿斯加尔特的祝福
18554	1	0	0	1	1	1	1	1	
18556	1	1	1	1	0	1	1	1	//Angel_Helmet
18557	1	1	1	1	0	1	1	1	//Devil_Helmet
18563	1	0	0	0	0	1	1	1	
18570	0	0	0	0	0	0	0	1	
18571	1	0	0	0	0	1	1	1	//Lucky_Hat
18574	1	0	0	0	1	1	1	1	
18579	1	1	0	1	0	1	1	1	//9周年扁充葛磊
18580	1	1	0	1	1	1	1	1	//Yggdrasil_Crown
18591	1	0	0	0	1	1	1	1	
18592	1	0	0	0	1	1	1	1	
18593	1	0	0	0	1	1	1	1	//Fancy_Mini_Crown华丽迷你皇冠
18599	1	0	0	0	1	1	1	1	
18600	1	0	0	0	1	1	1	1	//猫耳贝雷帽
18601	1	0	0	0	1	1	1	1	//红色面包帽
18603	1	0	0	0	1	1	1	1	
18612	1	0	0	0	1	1	1	1	
18613	1	0	0	0	1	1	1	1	
18614	1	0	0	0	1	1	1	1	
18615	1	0	0	0	1	1	1	1	
18616	1	0	0	0	1	1	1	1	
18617	1	0	0	0	1	1	1	1	
18618	1	0	0	0	1	1	1	1	
18619	1	0	0	0	1	1	1	1	
18620	1	0	0	0	1	1	1	1	
18622	1	1	0	1	1	1	1	1	
18623	1	1	0	1	1	1	1	1	
18624	1	1	0	1	1	1	1	1	
18625	1	0	0	0	1	1	1	1	
18626	1	0	0	0	1	1	1	1	
18627	1	0	0	0	1	1	1	1	
18630	1	0	0	0	1	1	1	1	
18631	1	0	0	0	1	1	1	1	
18636	1	0	0	0	1	1	1	1	
18638	1	0	0	0	1	1	1	1	
18639	1	0	0	0	1	1	1	1	
18640	1	0	0	0	0	1	1	1	
18641	1	0	0	0	1	1	1	1	
18642	1	0	0	0	1	1	1	1	
18643	1	0	0	0	1	1	1	1	
18644	1	0	0	0	1	1	1	1	
18645	1	0	0	1	1	1	1	1	
18646	1	0	0	0	1	1	1	1	
18647	1	0	0	0	1	1	1	1	
18648	1	0	0	0	1	1	1	1	
18656	1	0	0	0	0	1	1	1	
18657	1	0	0	0	1	1	1	1	//Pegasus_Wing_Ears
18659	1	0	0	0	1	1	1	1	
18660	0	0	0	0	0	0	1	1	
18661	0	0	0	0	0	0	1	1	
18662	0	0	0	0	0	0	1	1	
18663	0	0	0	0	0	0	1	1	
18664	0	0	0	0	0	0	1	1	
18665	0	0	0	0	0	0	1	1	
18666	0	0	0	0	0	0	1	1	
18667	1	0	0	0	1	1	1	1	//Cat_Lace_Hairband小猫发带
18668	0	0	0	0	0	0	1	1	
18669	1	0	0	0	0	1	1	1	
18670	0	0	0	0	0	0	1	1	
18673	1	0	0	0	1	1	1	1	//Tare_Pope_
18674	1	0	0	0	0	1	1	1	
18675	1	0	0	0	1	1	1	1	
18676	1	0	0	0	1	1	1	1	
18677	1	0	0	0	0	1	1	1	
18678	1	0	0	0	1	1	1	1	
18679	1	0	0	0	1	1	1	1	
18680	1	0	0	0	1	1	1	1	
18681	1	0	0	0	1	1	1	1	
18682	1	0	0	0	1	1	1	1	
18683	1	0	0	0	1	1	1	1	
18684	1	0	0	0	1	1	1	1	
18692	1	0	0	0	0	1	1	1	//Mike_Hat
18693	1	0	0	0	1	1	1	1	//Sleeping_Kitty_Cat
18694	1	0	0	0	0	1	1	1	//Red_Hood
18695	1	0	0	0	1	1	1	1	//Phoenix_Crown
18696	1	0	0	0	0	1	1	1	//Orange_Hat
18697	1	0	0	1	1	1	1	1	//Syringe_In_Mouth
18698	1	1	0	1	1	1	1	1	//Cheesy_Snack_In_Mouth
18699	1	1	0	1	1	1	1	1	//Starving_Fish_Hat
18700	1	0	0	0	0	1	1	1	//Rabbit_Ribbon
18701	1	0	0	0	1	1	1	1	//Ancient_Civil_Man
18702	1	0	0	0	0	1	1	1	//Shaving_Cream
18703	1	1	0	1	1	1	1	1	//Stem_In_Mouth
18706	1	0	0	0	0	1	1	1	
18707	1	0	0	0	0	1	1	1	
18708	1	0	0	0	0	1	1	1	
18709	1	0	0	0	0	1	1	1	
18710	1	0	0	0	0	1	1	1	
18711	1	0	0	0	0	1	1	1	
18712	1	0	0	0	0	1	1	1	
18713	1	0	0	0	0	1	1	1	
18714	1	0	0	0	0	1	1	1	
18715	1	0	0	0	0	1	1	1	
18716	1	0	0	0	0	1	1	1	
18718	1	0	0	0	1	1	1	1	//玫瑰花发圈
18727	1	0	0	0	1	1	1	1	//Sedora_Hat
18728	1	0	0	0	1	1	1	1	//Egir_Helm
18729	1	0	0	0	1	1	1	1	//MVP_BasketballMVP篮球帽
18730	1	1	0	1	0	1	1	1	//
18732	1	1	1	1	0	1	1	1	//TE_Woe_Cap
18733	1	1	1	1	0	1	1	1	//TE_Woe_Bone_Helm
18734	1	1	1	1	0	1	1	1	//TE_Woe_Magic_Eyes
18737	0	0	0	0	1	1	1	1	//Fortier_Mask
18739	1	0	0	0	1	1	1	1	
18740	1	0	0	0	0	1	1	1	//C_Hair_Of_The_Strong
18741	1	0	0	0	0	1	1	1	//C_Will_O_Wisp
18743	1	0	0	0	0	1	1	1	//Spirit_Of_Chung_E
18752	1	0	0	0	1	1	1	1	//Cursed_Book
18754	0	0	0	0	0	1	1	1	//Blood_Sucker
18756	1	0	0	0	1	1	1	1	//Black_Shiba_Inu_Hat
18779	1	1	0	1	1	1	1	1	//RWC_Champ_Crown_Red
18780	1	1	0	1	1	1	1	1	//RWC_Champ_Crown_Blue
18781	1	1	0	1	1	1	1	1	//RWC_Champ_Crown_Black
18782	0	0	0	0	0	1	1	1	//Butterfly_Wing_Ear_J
18790	1	1	0	1	1	1	1	1	//Rainbow_Poring_Hat
18796	1	1	0	1	1	1	1	1	//RWC_Champ_Crown_QF
18803	1	0	0	0	0	1	1	1	//Rose_Cascade
18805	1	1	0	1	0	1	1	1	//Eclipse_Hat
18808	1	1	0	1	1	1	1	1	//Wing_Form_Spectacle
18814	1	1	0	1	1	1	1	1	//Angel_School_Cap
18815	1	1	0	1	1	1	1	1	//Devil_School_Cap
18816	1	0	0	0	0	1	1	1	//Adv_Angel_School_Cap
18817	1	0	0	0	0	1	1	1	//Adv_Devil_School_Cap
18818	1	0	0	0	0	1	1	1	//Red_Pencil_In_Mouth
18819	1	0	0	0	0	1	1	1	//Blue_Pencil_In_Mouth
18826	1	0	0	0	1	1	1	1	
18828	1	1	0	1	1	1	1	1	//2012RMSCNO1
18829	1	1	0	1	1	1	1	1	//2012RMSCNO2
18830	1	1	0	1	1	1	1	1	//2012RMSCNO3
18831	1	1	0	1	1	1	1	1	//2012RMSCNO4
18832	0	0	0	0	0	1	1	1	//Rolf_Von_Gigue_666
18833	1	1	0	1	0	1	1	1	//Marin_Crown
18834	1	1	0	1	0	1	1	1	//Sakura_Hairband
18835	1	0	0	0	0	1	1	1	//TW_10th_Anni_Hat
18836	1	0	0	0	0	1	1	1	//TW_10th_Anni_Lmtd_Hat
18837	1	1	0	1	1	1	1	1	//Cheering_Whistle
18838	1	0	0	0	1	1	1	1	//Angeling_Woolly_Hat天波毛帽
18841	1	0	0	0	1	1	1	1	//Small_Poring_Band
18842	1	0	0	0	1	1	1	1	//Hat_Of_Girl
18843	1	0	0	0	1	1	1	1	//Small_Deviling_Hat跳动恶魔波利帽
18844	1	0	0	0	1	1	1	1	//Blue_Poring_Bubble
18845	1	0	0	0	1	0	0	1	//Banshee_Master_Kiss
18852	1	0	0	0	0	0	0	1	//Berry_Hat_Decoration
18853	1	0	0	0	0	0	0	1	//Berry_Hat_Decoration_
18855	1	0	0	0	0	1	1	1	//Aviator_Hat
18856	1	0	0	0	0	1	1	1	//W_King_Tiger_Doll_Hat
18857	1	0	0	0	0	1	1	1	//Curupira_Hat
18858	1	0	0	0	1	1	1	1	//Pink_Angeling_Bubble
18859	1	0	0	0	1	1	1	1	//Angeling_Bubble
18861	1	0	0	0	1	1	1	1	//Zaha_Doll_Hat_J紫霞娃娃帽子
18863	1	0	0	0	0	1	1	1	//Exorcist_Robe
18864	1	0	0	0	0	1	1	1	//Earth_Goddess_Flower_J
18868	1	0	0	0	0	1	1	1	//Assassin_Skull_Mask
18872	1	1	0	1	0	1	1	1	//Snake_Hat
18873	0	0	0	0	0	1	1	1	//Sweet_Valentine_Out
18878	1	0	0	0	0	1	1	1	//Palace_Guard_Cap
18882	1	0	0	0	0	1	1	1	//Kannam_On_Head
18883	1	0	0	0	0	1	1	1	//Black_Witch_Hat
18885	1	0	0	0	0	1	1	1	//Jejecap
18886	1	1	0	1	1	1	1	1	//Rainbow_Long_Octopus
18887	1	0	0	0	1	1	1	1	//Aqua_Bunny_Band
18888	1	0	0	0	1	1	1	1	//Maroon_Bunny_Band
18889	1	0	0	0	1	1	1	1	//Golden_Bunny_Band金黄兔兔发箍
18890	1	0	0	0	1	1	1	1	//Gray_Bunny_Band
18891	1	0	0	0	0	1	1	1	//Husky_Hat
18892	1	0	0	0	0	1	1	1	//Ufo_Poring_Hat
18893	1	0	0	0	0	1	1	1	//Dragon_Claw_Helm
18894	1	0	0	0	0	1	1	1	//Rainbow_Star
18895	1	0	0	0	0	1	1	1	//Celestial_Dark_Flame
18896	1	0	0	0	0	1	1	1	//Pterios_Fins
18897	1	0	0	0	0	1	1	1	//Azure_Diadem
18898	1	0	0	0	0	1	1	1	//Yggdrasil_Herald_Crown
18899	1	0	0	0	1	1	1	1	
18900	1	0	0	0	0	1	1	1	//Weisswurst
18901	1	0	0	0	0	1	1	1	//Seppl_Hat
18907	1	0	0	0	1	1	1	1	//Drooping_Panda
18908	1	0	0	0	1	1	1	1	//Isabella_Red_Ear
18909	1	0	0	0	0	1	1	1	//Isabella_Brown_Ear
18910	1	0	0	0	0	1	1	1	//Isabella_Blue_Ear
18911	1	0	0	0	0	1	1	1	//Red_Flower_Hat
18912	1	0	0	0	0	1	1	1	//Bell_Pigeon
18913	1	0	0	0	0	1	1	1	//Gossip_Raven
18914	1	0	0	0	0	1	1	1	//Kid_Deviling
18915	1	0	0	0	1	1	1	1	//Blood_Buffterfly
18917	1	0	0	0	0	1	1	1	//LoveLove_Balloon
18918	1	0	0	0	0	1	1	1	//Long_Octopus_Balloon
18919	1	0	0	0	0	1	1	1	//Jack_Castle_Bat
18922	1	0	0	0	1	1	1	1	//ILCHONGOM麻吉熊帽
18923	1	0	0	0	1	1	1	1	//RokBlackCat
18929	1	0	0	0	0	1	1	1	//Elephant_Model_Hat
18930	1	0	0	0	0	1	1	1	//Gorilla_Model_Hat
18931	1	0	0	0	0	1	1	1	//Lion_Model_Hat
18932	1	0	0	0	0	1	1	1	//Rhino_Model_Hat
18944	1	0	0	0	1	1	1	1	//Deviruchi_Balloon
18945	1	1	0	1	0	1	1	1	//Tare_Maid_Doll_Hat
18946	1	1	0	1	0	1	1	1	//Tare_HSchool_Doll_Hat
18956	1	1	0	1	0	1	1	1	//Chocolate_Bomb
18961	1	1	1	1	0	1	1	1	//Lunatic_Hat_Smelting
18962	1	0	0	0	1	1	1	1	//Panda_Balloon
18963	1	0	0	0	1	1	1	1	//Happy_Parrot
18964	1	0	0	0	0	1	1	1	//Crown_Of_Saint
18967	1	1	0	1	1	1	1	1	//Jinn_Poring_Balloon
18968	1	0	0	0	0	1	1	1	//Jinn_Marin_Balloon
18986	1	0	0	0	1	1	1	1	//Happy_Parrot_
18988	1	1	0	1	0	1	1	1	//RWC13_CrownOfGlory_1st
18989	1	1	0	1	0	1	1	1	//RWC13_CrownOfGlory_2nd
18990	1	1	0	1	0	1	1	1	//RWC13_CrownOfGlory_3rd
18991	1	1	0	1	0	1	1	1	//RWC13_CrownOfGlory_Aw
18993	1	0	0	0	0	1	1	1	//Flower_Hat
18994	1	0	0	0	0	1	1	1	//Black_Veil
18995	1	0	0	0	0	1	1	1	//Cheks_Vandana
18996	1	0	0	0	0	1	1	1	//Ribbon_Of_Lady
18998	1	0	0	0	0	1	1	1	//X_Hat
18999	1	0	0	0	0	1	1	1	//Big_Bunny_Ear
19000	1	0	0	0	0	1	1	1	//Peony_Vandana
19001	1	0	0	0	0	1	1	1	//Rhythm_Hairband
19002	1	0	0	0	0	1	1	1	//Nobility_Hat
19003	1	0	0	0	0	1	1	1	//Hiphop_Hat
19004	1	0	0	0	0	1	1	1	//Happy_Balloon
19005	1	0	0	0	0	1	1	1	//Party_Balloon
19006	1	0	0	0	0	1	1	1	//Victory_Ear_Accessary
19007	1	0	0	0	0	1	1	1	//Blue_Ear_Accessary
19008	1	0	0	0	0	1	1	1	//Little_Wyverns
19013	1	0	0	0	0	1	1	1	//LuBu_Helmet
19507	1	0	0	0	1	1	1	1	//Fine_Sun
19509	1	0	0	0	1	1	1	1	//Butterfly_Wing_Ear
19510	1	0	0	0	1	1	1	1	//Nut_On_Head
19511	1	0	0	0	1	1	1	1	
19512	1	0	0	0	0	1	1	1	
19513	1	0	0	0	1	1	1	1	//Chicken_Beak
19514	1	0	0	0	1	1	1	1	//Charlie_Beard
19515	1	0	0	0	1	1	1	1	//Yellow_Hat
19516	1	0	0	0	1	1	1	1	//Singing_Bird
19517	1	0	0	0	1	1	1	1	//Cocks_Comb
19518	1	0	0	0	1	1	1	1	//Rainbow
19519	1	0	0	0	1	1	1	1	//Lightning_Cloud
19520	1	0	0	0	1	1	1	1	//Rain_Cloud
19521	1	0	0	0	1	1	1	1	//Charlie_Hat
19523	1	1	0	1	1	1	1	1	//捐赠缎带
19531	1	1	0	1	1	1	1	1	//C万圣魔面具
19532	1	1	0	1	1	1	1	1	//C红色兔耳发圈
19545	1	0	0	0	1	1	1	1	//C_Boys_Cap
19573	1	0	0	0	0	1	1	1	
19574	1	0	0	0	1	1	1	1	
19589	0	0	0	0	0	1	1	1	//C_Fallen_Angel_Lost_J
19607	0	0	0	0	0	1	1	1	//C_Love_Chick_Hat
19649	0	0	0	0	0	1	1	1	//C_White_Baby_Cat_Ears
19661	0	0	0	0	0	1	1	1	//C_Sweet_Bonnet
19663	1	0	0	0	0	1	1	1	//Wishing_Sky_Lantern
19685	0	0	0	0	0	1	1	1	//C_ShineSantaPoring
19689	1	0	0	0	0	1	1	1	//C_Ati_Atihan_Hat
19690	1	0	0	0	0	1	1	1	//C_Dark_Snake_Lord_Hat_J
19695	1	0	0	0	0	1	1	1	//C_Kettle_Hat
19696	1	0	0	0	0	1	1	1	//C_Friend_Mochiring_Hat
19709	1	0	0	0	0	1	1	1	//C_Yellow_Ribbon
19718	1	0	0	0	0	1	1	1	//C_Gothic_Head_Dress
19721	1	0	0	0	0	1	1	1	//C_Darkness_Helm
19724	1	0	0	0	0	1	1	1	//C_Deprotai_Doll_Hat
19728	1	0	0	0	0	1	1	1	//C_Tare_Zonda
19729	1	0	0	0	0	1	1	1	//C_Neko_Mimi_Kafra
19730	0	0	0	0	0	1	1	1	//C_Snake_Hat
19750	0	0	0	0	0	1	1	1	//C_Saint_Frill_Ribbon
19751	0	0	0	0	0	1	1	1	//C_Light_Darkness_Crown
19752	0	0	0	0	0	1	1	1	//C_Shelter_Wing_Ears
19760	0	0	0	0	0	1	1	1	//C_Rainbow_Veil
19761	0	0	0	0	0	1	1	1	//C_White_Lily
19762	0	0	0	0	0	1	1	1	//C_Happy_Peace_Proof
19766	0	0	0	0	0	1	1	1	//C_Yggdrasil_Hat
19806	0	0	0	0	0	1	1	1	//C_Full_Bloom_Hairpin
19815	0	0	0	0	0	1	1	1	//C_Lolita_Ten_Gallon_Hat
19816	0	0	0	0	0	1	1	1	//C_Pecopeco_Cap
19823	0	0	0	0	0	1	1	1	//C_White_Cat_Hood
19871	1	0	0	0	0	1	1	1	//C_Music_Decoration
19874	0	0	0	0	0	1	1	1	//C_Carnival_Circlet
19903	1	0	0	0	1	1	1	1	//C_Witchs_Hat
19915	1	0	0	0	0	1	1	1	//C_Little_Devil_S_Horn
19916	0	0	0	0	0	1	1	1	//C_Black_Cat_Hat
19917	1	0	0	0	1	1	1	1	//C_Gloomy_Pumpkin_Hat
19918	1	0	0	0	1	1	1	1	//C_Lude_Mask
19919	1	0	0	0	1	1	1	1	//C_Cube_Mask_
19920	1	0	0	0	1	1	1	1	//C_Adv_Whisper_Mask
19921	0	0	0	0	0	1	1	1	//C_Drooping_Wild_Rose
19922	0	0	0	0	0	1	1	1	//C_Noah_Hat
19930	0	0	0	0	0	1	1	1	//C_10Gallon_Hat_Of_Flame
19976	0	0	0	0	0	1	1	0	//C_Cat_Santa_Hat
19995	1	0	0	0	0	1	1	1	//Flower_Blossom
19996	1	1	0	1	0	1	1	1	//Horse_King
19997	1	0	0	0	0	1	1	1	//C_Bomb_Hat
19998	1	0	0	0	0	1	1	1	//C_Dragon_Turtle_Hat
20700	1	0	0	0	1	1	1	1	//Egir_Manteau
20701	0	0	0	0	0	1	1	1	//Sol_Manteau
20702	1	1	1	1	0	1	1	1	//TE_Woe_Muffler
20703	1	1	1	1	0	1	1	1	//TE_Woe_Manteau
20704	1	1	1	1	0	1	1	1	//TE_Woe_Magic_Manteau
20706	1	0	0	0	1	1	1	1	//Amistr_Bag
20707	1	0	0	0	0	1	1	1	//Kirin_Wing
20709	1	1	1	1	1	1	1	1	//Mana_Manteau
20719	1	0	0	0	1	1	1	1	//BF_Hood
20722	1	0	0	0	1	1	1	1	
20727	1	0	0	0	1	1	1	1	
20746	0	0	0	0	0	1	1	1	//C_Rudra_Wing
21000	1	0	0	0	0	1	1	1	//Upg_Twohand_Sword
21003	1	0	0	0	1	1	1	1	//Muramasa
21005	1	1	1	1	0	1	1	1	//超合金巨斧
21006	1	1	1	1	0	1	1	1	//TE_Woe_Two_Hand_Sword
22012	1	1	1	1	1	1	1	1	//Mana_Boots
22020	1	0	0	0	1	1	1	1	//GC_Battle_Boots
22021	1	0	0	0	1	1	1	1	//RA_Battle_Boots
22022	1	0	0	0	1	1	1	1	//LG_Battle_Boots
22023	1	0	0	0	1	1	1	1	//RK_Battle_Boots
22024	1	0	0	0	1	1	1	1	//NC_Battle_Boots
22025	1	0	0	0	1	1	1	1	//SC_Battle_Boots
22026	1	0	0	0	1	1	1	1	//SR_Battle_Boots
22027	1	0	0	0	1	1	1	1	//AB_Battle_Boots
22028	1	0	0	0	1	1	1	1	//WL_Battle_Boots
22029	1	0	0	0	1	1	1	1	//WA_Battle_Boots
22030	1	0	0	0	1	1	1	1	//GN_Battle_Boots
22040	1	0	0	0	1	1	1	1	
22041	1	0	0	0	1	1	1	1	
22509	1	1	1	1	0	1	1	1	//Rainbow_Event_Box
22538	0	0	0	0	0	1	1	0	//Hanbok_bag
22558	0	0	0	0	0	1	1	1	//Lucky_Bag
22559	1	1	0	1	1	1	1	1	//Mock_Strawberry
22571	0	0	0	0	0	1	1	1	//Easter_Egg
22595	1	0	0	0	1	1	1	1	//Unbreak_Def_Gift
22596	1	0	0	0	1	1	1	1	//Unbreak_Weap_Gift
22597	1	0	0	0	1	1	1	1	//Orc_LoadS_Gift10
22598	1	0	0	0	1	1	1	1	//Enriched_Ori_Gift10
22599	1	0	0	0	1	1	1	1	//Enriched_Elunium_Gift10
22600	1	0	0	0	1	1	1	1	//Alice_Scroll_Gift10
22601	1	0	0	0	1	1	1	1	//Teddy_Bear_Gift5
22602	1	0	0	0	1	1	1	1	//Salamander_Gift5
22603	1	0	0	0	1	1	1	1	//Kasa_Scroll_Gift5
22604	1	0	0	0	1	1	1	1	//Wicked_Nymph_Gift5
22608	1	0	0	0	1	1	1	1	//Blue_Sea_Scroll
22609	1	0	0	0	1	1	1	1	//Flash_Pink_Scroll
22615	1	1	1	1	0	1	1	1	//Standing_Egg
22616	1	0	0	0	0	1	1	1	//ZongZi_Incense_Pouch
22648	1	0	0	0	0	1	1	1	//Angeling_Package
22649	1	0	0	0	0	1	1	1	//Deviling_Package
22655	1	0	0	0	1	1	1	1	//Kinder_Choco_Box
22668	1	0	0	0	0	1	1	1	//Guyak_Pudding_20_Box
22669	1	0	0	0	1	1	1	1	//HALLOWEEN_G_BOX
22670	1	0	0	0	1	1	1	1	//DARK_INVITATION
22685	1	1	0	1	0	1	1	1	//Solo_Christmas_Gift
22686	0	0	0	0	0	1	1	0	//Solo_Cookie
22688	1	0	0	0	1	1	1	1	//Wisdom_Scroll2
22689	1	0	0	0	1	1	1	1	//Xmas_Scroll2
22690	1	0	0	0	1	1	1	1	//Vocation_Scroll2
22701	0	0	0	0	0	1	1	1	//Pegasus_Cotton_Candy
22708	1	1	1	1	0	1	1	1	//Pitapat_Box
22713	1	0	0	0	1	1	1	1	//July7_Scroll2
22714	1	0	0	0	1	1	1	1	//Tw_October_Scroll2
22715	1	0	0	0	1	1	1	1	//Spring_Flower_Scr_Tw2
22716	1	0	0	0	1	1	1	1	//Heart_Scroll2
22728	1	0	0	0	1	1	1	1	//HeartAndMind_Scroll
22729	1	0	0	0	1	1	1	1	//DreamComesTrue_Scroll
22730	1	0	0	0	1	1	1	1	//ForeverMemory_Scroll
22731	1	0	0	0	1	1	1	1	//TransportOfJoy_Scroll
22763	1	0	0	0	1	1	1	1	//GoldenPoring_Scroll
28306	1	0	0	0	0	1	1	1	//Bless_Of_Moon
28309	1	1	0	1	0	1	1	1	//Necklace_Of_Moon_N_Star
28328	1	0	0	0	1	1	1	1	//Pegasus_Necklace
28329	1	0	0	0	1	1	1	1	//Pegasus_Badge
28332	0	0	0	0	0	1	1	1	//Jewel_Ring
22765	1	0	0	0	1	1	1	1	//Angel_Scroll2
22766	1	0	0	0	1	1	1	1	//Devil_Scroll2
22767	1	0	0	0	1	1	1	1	//Twinkling_Scroll2
22768	1	0	0	0	1	1	1	1	//Silkscarf_Scroll2
5925	1	0	0	0	0	1	1	1	//Flower_Poring_Hat
18751	1	0	0	0	0	1	1	1	
1322	1	0	0	0	0	1	1	1	//Ru_Blue_Axe
1936	1	0	0	0	0	1	1	1	//Ru_Blue_Violin
1991	1	0	0	0	0	1	1	1	//Ru_Blue_Whip
13097	1	0	0	0	0	1	1	1	//Ru_Blue_Dagger
13098	1	0	0	0	0	1	1	1	//Ru_Blue_Ashura
28103	1	0	0	0	0	1	1	1	//Ru_Blue_Axe_M
13099	1	0	0	0	0	1	1	1	//Ru_Blue_Knife
1677	1	0	0	0	0	1	1	1	//Ru_Blue_Wand
1441	1	0	0	0	0	1	1	1	//Ru_Blue_Spear
13451	1	0	0	0	0	1	1	1	//Ru_Blue_Sword
18126	1	0	0	0	0	1	1	1	//Ru_Blue_Bow
16036	1	0	0	0	0	1	1	1	//Ru_Blue_Mace
28005	1	0	0	0	0	1	1	1	//Ru_Blue_Katar
28600	1	0	0	0	0	1	1	1	//Ru_Blue_Book
20014	1	0	0	0	0	1	1	1	//Lincoln_Hat
20015	1	0	0	0	0	1	1	1	//Lincoln_Beard
20016	1	0	0	0	0	1	1	1	//Lobster_Hat
20019	1	0	0	0	1	1	1	1	//Beret_Of_Artist
19923	1	0	0	0	0	1	1	1	//C_Dark_Age
19925	1	0	0	0	0	1	1	1	//C_One_Eyed_Glasses
19926	1	0	0	0	0	1	1	1	//C_Ribbon_Black
19927	1	0	0	0	0	1	1	1	//C_Gray_Drooping_Kitty
19929	1	0	0	0	0	1	1	1	//C_Classical_Ribbon
19928	1	0	0	0	0	1	1	1	//C_Gothic_Heart_Wing
19924	1	0	0	0	0	1	1	1	//C_Odin_Mask
28341	1	0	0	0	0	1	1	1	//Sachet
22803	1	0	0	0	1	1	1	1	//Shining_Scroll2_Tw
22804	1	0	0	0	1	1	1	1	//Star_Scroll_Tw
22806	1	0	0	0	1	1	1	1	//Happy_Scroll_Tw
20757	1	1	0	1	1	1	1	1	//Wing_Of_Happiness
20758	1	1	0	1	1	1	1	1	//Wing_Of_Happiness_
19032	1	1	0	1	1	1	1	1	//Angel_Of_Happiness
22809	1	1	1	1	1	1	1	1	//MissYou_Scroll
22810	1	1	1	1	1	1	1	1	//Fortune_Charm
22811	1	1	1	1	1	1	1	1	//Lucky_Charm2
22805	1	0	0	0	1	1	1	1	//Flame_Scroll_Tw
17340	1	1	0	1	1	1	1	1	//S_Physical_Earring_Box
17341	1	1	0	1	1	1	1	1	//S_Physical_Weapon_Box
17342	1	1	0	1	1	1	1	1	//S_Physical_Pendant_Box
17343	1	1	0	1	1	1	1	1	//S_Magical_Earring_Box
17344	1	1	0	1	1	1	1	1	//S_Magical_Weapon_Box
17345	1	1	0	1	1	1	1	1	//S_Magical_Pendant_Box
17346	1	1	0	1	1	1	1	1	//S_Breezy_Armor_Box
17347	1	1	0	1	1	1	1	1	//S_Champion_Shoes_Box
17348	1	1	0	1	1	1	1	1	//S_Athena_Shield_Box
17349	1	1	0	1	1	1	1	1	//S_Immune_Armor_Box
17350	1	1	0	1	1	1	1	1	//S_Hard_Armor_Box
17351	1	1	0	1	1	1	1	1	//S_Ancient_Armor_Box
17352	1	1	0	1	1	1	1	1	//S_Critical_Armor_Box
17353	1	1	0	1	1	1	1	1	//S_Kingbird_Weapon_Box
17354	1	1	0	1	1	1	1	1	//S_Cri_Hit_Weapon_Box
17355	1	1	0	1	1	1	1	1	//S_Healing_Weapon_Box
17356	1	1	0	1	1	1	1	1	//S_Lucky_Weapon_Box
17357	1	1	0	1	1	1	1	1	//S_Power_Earring_Box
17358	1	1	0	1	1	1	1	1	//S_Int_Pendant_Box
17359	1	1	0	1	1	1	1	1	//S_Dexterous_Armor_Box
17360	1	1	0	1	1	1	1	1	//S_Vital_Shoes_Box
17361	1	1	0	1	1	1	1	1	//S_Athletic_Shield_Box
17362	1	1	0	1	1	1	1	1	//S_Lucky_Armor_Box
17363	1	1	0	1	1	1	1	1	//S_Power_Pendant_Box
17364	1	1	0	1	1	1	1	1	//S_Int_Earring_Box
17365	1	1	0	1	1	1	1	1	//S_Dexterous_Weapon_Box
17366	1	1	0	1	1	1	1	1	//S_Vital_Shield_Box
17367	1	1	0	1	1	1	1	1	//S_Athletic_Shoes_Box
17368	1	1	0	1	1	1	1	1	//S_Resist_Spell_Pendant_Box
17369	1	1	0	1	1	1	1	1	//S_Rapid_Pendant_Box
17370	1	1	0	1	1	1	1	1	//S_Caster_Pendant_Box
17371	1	1	0	1	1	1	1	1	//S_Hard_Earring_Box
17372	1	1	0	1	1	1	1	1	//S_Wise_Earring_Box
17373	1	1	0	1	1	1	1	1	//S_Athena_Earring_Box
17374	1	1	0	1	1	1	1	1	//S_Cranial_Shield_Box
17375	1	1	0	1	1	1	1	1	//S_Safeguard_Shield_Box
17376	1	1	0	1	1	1	1	1	//S_Brutal_Shield_Box
17377	1	1	0	1	1	1	1	1	//S_Gargantua_Shield_Box
17378	1	1	0	1	1	1	1	1	//S_Homers_Shield_Box
17379	1	1	0	1	1	1	1	1	//S_Dragoon_Shield_Box
17380	1	1	0	1	1	1	1	1	//S_Satanic_Shield_Box
17381	1	1	0	1	1	1	1	1	//S_Flameguard_Shield_Box
17382	1	1	0	1	1	1	1	1	//S_Requiem_Shield_Box
17383	1	1	0	1	1	1	1	1	//S_Cadi_Shield_Box
17384	1	1	0	1	1	1	1	1	//S_Bloody_Shoes_Box
17385	1	1	0	1	1	1	1	1	//S_Liberation_Shoes_Box
17386	1	1	0	1	1	1	1	1	//S_Chemical_Shoes_Box
17387	1	1	0	1	1	1	1	1	//S_Clamorous_Shoes_Box
17388	1	1	0	1	1	1	1	1	//S_Insecticide_Shoes_Box
17389	1	1	0	1	1	1	1	1	//S_Fisher_Shoes_Box
17390	1	1	0	1	1	1	1	1	//S_Seraphim_Shoes_Box
17391	1	1	0	1	1	1	1	1	//S_Beholder_Shoes_Box
17392	1	1	0	1	1	1	1	1	//S_Divine_Shoes_Box
17393	1	1	0	1	1	1	1	1	//S_Dragoon_Shoes_Box
6648	0	0	0	0	0	1	1	1	//Shabby_Crown
13089	0	0	0	0	0	1	1	1	//FaceWorm_Leg
13090	0	0	0	0	0	1	1	1	//FaceWormQueen_Leg
20717	0	0	0	0	0	1	1	1	//FaceWorm_Skin
20718	0	0	0	0	0	1	1	1	//FaceWorm_Skin_
1671	0	0	0	0	0	1	1	0	//Staff_Of_Evil_Slayer
7641	1	1	1	1	1	1	1	1	//Cure_Box
13094	0	0	0	0	0	1	1	0	//Dagger_Of_Evil_Slayer
16027	0	0	0	0	0	1	1	0	//Hammer_Of_Evil_Slayer
18120	0	0	0	0	0	1	1	0	//Bow_Of_Evil_Slayer
21010	0	0	0	0	0	1	1	0	//Tw_Sword_Of_Evil_Slayer
22511	1	1	0	1	0	0	0	1	//Fenrir_Card__
22517	1	1	1	1	1	1	1	1	//Loki_Summon_Scroll
28001	0	0	0	0	0	1	1	0	//Katar_Of_Evil_Slayer
6684	1	1	0	1	0	1	1	1	//TokenOfHero
2981	1	1	0	1	0	1	1	1	//RingOfHero
4908	0	0	0	0	0	1	1	0	//Force1
4909	0	0	0	0	0	1	1	0	//Force2
4910	0	0	0	0	0	1	1	0	//Force3
4911	0	0	0	0	0	1	1	0	//Intellect1
4912	0	0	0	0	0	1	1	0	//Intellect2
4913	0	0	0	0	0	1	1	0	//Intellect3
4914	0	0	0	0	0	1	1	0	//Swiftness1
4915	0	0	0	0	0	1	1	0	//Swiftness2
4916	0	0	0	0	0	1	1	0	//Swiftness3
4917	0	0	0	0	0	1	1	0	//Tough1
4918	0	0	0	0	0	1	1	0	//Tough2
4919	0	0	0	0	0	1	1	0	//Tough3
4920	0	0	0	0	0	1	1	0	//Artful1
4921	0	0	0	0	0	1	1	0	//Artful2
4922	0	0	0	0	0	1	1	0	//Artful3
4923	0	0	0	0	0	1	1	0	//Fortune1
4924	0	0	0	0	0	1	1	0	//Fortune2
4925	0	0	0	0	0	1	1	0	//Fortune3
4559	0	0	0	0	0	1	1	0	//M_Morocc_Card
22566	0	0	1	1	0	1	1	0	//Frost_Crystal
22567	0	0	0	0	0	1	1	0	//Squad_Prize
22568	0	0	0	0	0	1	1	0	//Nyd_Summon_Scroll
6713	1	1	1	1	0	1	1	1	//Soul_Of_Ahat
6714	1	1	1	1	0	1	1	1	//Soul_Of_Shnaim
6715	1	1	0	1	0	1	1	1	//P_Of_Evil_Soul
4882	1	1	1	1	0	1	1	1	//Atk1p
4883	1	1	1	1	0	1	1	1	//Matk1p
6685	1	1	1	1	0	1	1	1	//MoroccMerit
22535	1	1	1	1	0	1	1	1	//WorkerScroll_A
22536	1	1	1	1	0	1	1	1	//WorkerScroll_B
6686	1	1	1	1	0	1	1	1	//Brick
6687	1	1	1	1	0	1	1	1	//LongRopes
6688	1	1	1	1	0	1	1	1	//Wood_
6689	1	1	1	1	0	1	1	1	//BurningSkin
6690	1	1	1	1	0	1	1	1	//YummyStem
6698	1	1	1	1	0	1	1	1	//Hatchet
6708	1	1	1	1	0	1	1	1	//Mana_crystal
14742	1	0	0	0	1	1	1	1	//Sparkling_Scroll
14743	1	0	0	0	1	1	1	1	//Sunshine_Scroll
14744	1	0	0	0	1	1	1	1	//Happy_Scroll
14745	1	0	0	0	1	1	1	1	//Lucky_Scroll
17176	1	1	1	1	1	1	1	1	//Boarding_Halter_Box3
19040	1	1	0	1	0	1	1	1	//Wish_Tree_Hat
22824	1	1	0	1	1	1	1	1	//Wish_Paper
14749	1	0	0	0	1	1	1	1	//Bright_Scroll
14750	1	0	0	0	1	1	1	1	//DevilSound_Scroll
14751	1	0	0	0	1	1	1	1	//Furious_Scroll
14752	1	0	0	0	1	1	1	1	//Bless_Scroll
19881	0	0	0	0	0	1	1	1	//C_Pretty_Rabbit_Hood
14754	1	0	0	0	1	1	1	1	//Fantasy_Scroll
14755	1	0	0	0	1	1	1	1	//Breeze_Scroll
14756	1	0	0	0	1	1	1	1	//Gorgeous_Scroll
14757	1	0	0	0	1			1	
24012	1	0	0	0	0	1	1	1	//S_Promotion_Weapon
24013	1	0	0	0	0	1	1	1	//S_Promotion_Armor
24014	1	0	0	0	0	1	1	1	//S_Promotion_Shoes
24015	1	0	0	0	0	1	1	1	//S_Promotion_Shield
24016	1	0	0	0	0	1	1	1	//S_Promotion_Earring
24017	1	0	0	0	0	1	1	1	//S_Promotion_Pendant
19595	0	0	0	0	0	1	1	1	//C_Dress_Hat_J
18939	0	0	0	0	0	1	1	1	//Black_Cat_Ears_Beret
20047	0	0	0	0	0	1	1	1	//C_Pray_Cherry_Blossom
20048	0	0	0	0	0	1	1	1	//C_Wind_Of_The_Prairie
19944	0	0	0	0	0	1	1	1	//C_RTC_Third_Best
19678	0	0	0	0	0	1	1	1	//C_Bell_Ribbon
19824	0	0	0	0	0	1	1	1	//C_Evil_Druid_Hat
20010	0	0	0	0	0	1	1	1	//C_Rainbow_Wing_Ears
20011	0	0	0	0	0	1	1	1	//C_Lightning_Speed
19022	0	0	0	0	0	1	1	1	//Floating_Stone_Of_Int
19674	0	0	0	0	0	1	1	1	//C_Evil_Mask
19710	0	0	0	0	0	1	1	1	//C_Wings_Of_Victory
14760	1	0	0	0	1	1	1	1	//Fatal_Scroll
14761	1	0	0	0	1	1	1	1	//Century_Scroll
14762	1	0	0	0	1	1	1	1	//Mana_Scroll
14764	1	0	0	0	1	1	1	1	//Fly_star_Scroll
14763	1	0	0	0	1	1	1	1	//Blessing_Scroll
6913	1	1	1	1	0	1	1	1	//Sacred_Rosary
6914	1	1	1	1	0	1	1	1	//Black_Soul
6915	1	1	1	1	0	1	1	1	//Captured_Soul
22862	1	0	0	0	1	1	1	1	//Angeling_Scroll
22863	1	0	0	0	1	1	1	1	//Deviling_Scroll
22864	1	0	0	0	1	1	1	1	//Crazy_Scroll
22865	1	0	0	0	1	1	1	1	//Amazing_Scroll
22866	1	0	0	0	1	1	1	1	//Rainbow_Scroll
22867	1	0	0	0	1	1	1	1	//Flame_Scroll
20209	1	0	0	0	0	1	1	1	//C_Mermaid_Longing
4534	0	0	0	0	0	1	1	1	
4533	0	0	0	0	0	1	1	1	
4532	0	0	0	0	0	1	1	1	
4531	0	0	0	0	0	1	1	1	
4530	0	0	0	0	0	1	1	1	
4529	0	0	0	0	0	1	1	1	
4528	0	0	0	0	0	1	1	1	
4527	0	0	0	0	0	1	1	1	
4526	0	0	0	0	0	1	1	1	
4525	0	0	0	0	0	1	1	1	
4524	0	0	0	0	0	1	1	1	
4523	0	0	0	0	0	1	1	1	
4522	0	0	0	0	0	1	1	1	
4521	0	0	0	0	0	1	1	1	
4520	0	0	0	0	0	1	1	1	
4519	0	0	0	0	0	1	1	1	
4518	0	0	0	0	0	1	1	1	
4517	0	0	0	0	0	1	1	1	
4516	0	0	0	0	0	1	1	1	
4514	0	0	0	0	0	1	1	1	
4513	0	0	0	0	0	1	1	1	
4512	0	0	0	0	0	1	1	1	
4510	0	0	0	0	0	1	1	1	
4509	0	0	0	0	0	1	1	1	
4508	0	0	0	0	0	1	1	1	
4507	0	0	0	0	0	1	1	1	
4506	0	0	0	0	0	1	1	1	
4505	0	0	0	0	0	1	1	1	
4468	0	0	0	0	0	1	1	1	
4467	0	0	0	0	0	1	1	1	
4462	0	0	0	0	0	1	1	1	
4461	0	0	0	0	0	1	1	1	
4460	0	0	0	0	0	1	1	1	
4459	0	0	0	0	0	1	1	1	
4458	0	0	0	0	0	1	1	1	
11565	1	1	0	1	1	1	1	1	//White_Potion_B
11568	1	1	0	1	1	1	1	1	//Red_Slim_Potion_B
11572	1	1	0	1	1	1	1	1	//Blue_Potion_B
11573	1	1	1	1	1	1	1	1	//White_Slim_Potion_B
11575	0	0	0	1	1	1	1	0	//Lucky_Cookie_B
11576	0	0	0	1	1	1	1	0	//Lucky_Candy_Cane_B
11577	0	0	0	1	1	1	1	0	//Rice_Ball_B
11578	0	0	0	1	1	1	1	0	//Candy_Striper_B
11580	0	0	0	1	1	1	1	0	//Candy_B
11581	0	0	0	1	1	1	1	0	//Piece_Of_Cake_B
11582	0	0	0	1	1	1	1	0	//Well_Baked_Cookie_B
11583	0	0	0	1	1	1	1	0	//Chocolate_Drink_B
11584	1	1	0	1	1	1	1	1	//White_Chocolate_B
11585	0	0	0	1	1	1	1	0	//HandMade_Chocolate_B
11586	0	0	0	1	0	1	1	0	//HandMade_Chocolate_B_
11587	0	0	0	1	0	1	1	0	//Chocolate_B
22870	1	1	0	1	0	1	1	1	//Xmas_Package_14
22542	1	1	0	1	1	1	1	1	//Center_Potion_B
22543	1	1	0	1	1	1	1	1	//Berserk_Potion_B
22544	1	1	0	1	1	1	1	1	//Awakening_Potion_B
22550	1	1	1	1	0	1	1	1	//Cookie_Bag_B
22551	1	1	0	1	1	1	1	1	//Sesame_Pastry_B
22552	1	1	1	1	1	1	1	1	//Honey_Pastry_B
22553	1	1	1	1	1	1	1	1	//Rainbow_Cake_B
11579	0	0	0	1	1	1	1	0	//Lucky_Candy_B
22622	1	0	0	0	1	1	1	1	//TW_Chrismas_Package
22877	1	0	0	0	1	1	1	1	//Ocean_Scroll
22878	1	0	0	0	1	1	1	1	//Perfect_Scroll
22879	1	0	0	0	1	1	1	1	//Golden_Blade_Scroll
22880	1	0	0	0	1	1	1	1	//Charming_Scroll
22889	1	0	0	0	1	1	1	1	//BlueStar_Scroll
22890	1	0	0	0	1	1	1	1	//Bubble_Scroll
22891	1	0	0	0	1	1	1	1	//ShiningSealed_Scroll
22892	1	0	0	0	1	1	1	1	//Universe_Scroll
19876	1	0	0	0	1	1	1	1	//C_Rabbit_Ear_Hat
2777	1	0	0	0	0	1	1	0	//Shaman_Ring
2779	1	0	0	0	0	1	1	0	//Dark_Knight_Belt
2780	1	0	0	0	0	1	1	0	//Dark_Knight_Glove
5479	1	0	0	0	0	1	1	0	//Shaman's_Hair_Ornament
5482	1	0	0	0	0	1	1	0	//Dark_Knight_Mask
5908	0	0	0	0	0	1	1	1	//Accessory_of_Ascetic
18903	0	0	0	0	0	1	1	1	//Frozen_Land_Rose
18904	0	0	0	0	0	1	1	1	//Man_Medal
5878	0	0	0	0	0	1	1	1	//Miracle_Blue_Rose
2993	1	0	0	0	1	1	1	1	//Yggdrasil_Ring世界树戒指
18881	1	0	0	0	1	1	1	1	//Yggdrasil_Hat世界树帽子
18925	0	0	0	0	0	1	1	1	//GodOfWinds_Fan
5767	1	0	0	0	0	1	1	1	//Samurai_Mask
18884	0	0	0	0	0	1	1	1	//Tatenasi_Helmet
15136	0	0	0	0	0	1	1	1	//Tatenasi_Armor
15137	0	0	0	0	0	1	1	1	//Tatenasi_Armor_
18926	0	0	0	0	0	1	1	1	//Green_Foxtail
20065	0	0	0	0	0	1	1	1	//C_Hairband_Of_Grandpeco
6956	1	1	1	1	0	1	1	1	//Captured_Sheep
6957	1	1	1	1	0	1	1	1	//Soft_Wool
22881	1	1	1	1	0	1	1	1	//Binding_Rope
22898	1	0	0	0	1	1	1	1	//YearOfTheSheepGift
22897	1	0	0	0	1	1	1	1	//Tw_NewGiftScroll
22903	1	0	0	0	1	1	1	1	//Tw_LoveScroll
22904	1	0	0	0	1	1	1	1	//TW_FortuneScroll
22939	1	0	0	0	1	1	1	1	//Glory_Scroll
22940	1	0	0	0	1	1	1	1	//Rabbit_Scroll_Tw
22941	1	0	0	0	1	1	1	1	//Holy_Scroll
22942	1	0	0	0	1	1	1	1	//Devilish_Scroll
5947	1	0	0	0	1	1	1	1	//Rabbit_Ear_Eggshell
14507	1	0	0	0	1	1	1	1	//Ardor_Red_Scroll
14768	1	0	0	0	1	1	1	1	//Lively_Orange_Scroll
14769	1	0	0	0	1	1	1	1	//Hope_Yellow_Scroll
14770	1	0	0	0	1	1	1	1	//Peace_Green_Scroll
28360	1	1	0	1	0	1	1	1	//Cherry_Blossom_Badge
28361	1	1	1	1	0	1	1	1	//4Leaf_Necklace
22945	1	1	0	1	0	1	1	1	//Cherry_Blossom_Cake
14771	1	0	0	0	1	1	1	1	//Spring_Fes_Gift_Box_15y
14772	1	0	0	0	1	1	1	1	//Carnation_Scroll
14773	1	0	0	0	1	1	1	1	//Blue_Free_Scroll
14774	1	0	0	0	1	1	1	1	//Indigo_Wise_Scroll
14775	1	0	0	0	1	1	1	1	//Purple_Mystic_Scroll
22589	1	1	1	1	0	1	1	1	//Savage_Ora
6722	1	1	1	1	0	1	1	1	//Delicious_Clam
6723	1	1	1	1	0	1	1	1	//Delicious_Can
6724	1	1	1	1	1	1	1	1	//Savage_Box
6725	1	1	1	1	1	1	1	1	//Grand_Peco_Box
6726	1	1	1	1	1	1	1	1	//Desert_Wolf_Box
6727	1	1	1	1	0	1	1	1	//Meeting_Album
19777	0	0	0	0	0	1	1	1	//C_Twinkle_Little_Star
22590	1	1	1	1	0	1	1	1	//Grand_Peco_Ora
22591	1	1	1	1	0	1	1	1	//Dest_Wolf_Ora
6733	1	1	1	1	0	1	1	1	//Itchy_Feather
14525	1	1	0	1	1	1	1	1	//Chewy_Ricecake
2593	0	0	0	0	0	1	1	1	
14776	1	0	0	0	1	1	1	1	//Ground_Scroll
14777	1	0	0	0	1	1	1	1	//Wind_Scroll
14778	1	0	0	0	1	1	1	1	//Fire_Scroll
14779	1	0	0	0	1	1	1	1	//Water_Scroll
2194	0	0	0	0	0	1	1	1	//Rouban_Shield
2195	0	0	0	0	0	1	1	1	//Lian_Shield
2595	0	0	0	0	0	1	1	1	//Sombre_Manteau
13549	1	0	0	0	1	1	1	1	//Pill__Box
13550	1	0	0	0	1	1	1	1	//Superb_Fish_Slice_Box
13551	1	0	0	0	1	1	1	1	//Chewy_Ricecake_Box
13552	1	0	0	0	1	1	1	1	//Oriental_Pastry_Box
14523	1	0	0	0	1	1	1	1	//Pill_
14524	1	1	0	1	1	1	1	1	//Superb_Fish_Slice鲜美生鱼片
14525	1	0	0	0	1	1	1	1	//Chewy_Ricecake
14526	1	0	0	0	1	1	1	1	//Oriental_Pastry
14529	1	1	1	1	1	1	1	1	//Greed_Scroll
18947	0	0	0	0	0	1	1	1	//Pipe_Of_Jiraiya
18949	0	0	0	0	0	1	1	1	//Scroll_Of_Tsunade
18992	0	0	0	0	0	1	1	1	//New_Year_Hairpin
19991	0	0	0	0	0	1	1	1	//C_Galanthus_Guard
20031	0	0	0	0	0	1	1	1	//C_Bunny_Head_Dress
20032	0	0	0	0	0	1	1	1	//C_Firinto_Scarf
20033	0	0	0	0	0	1	1	1	//C_Buddhist_Priest_Crown
20056	0	0	0	0	0	1	1	1	//C_Bride_Corolla
20069	0	0	0	0	0	1	1	1	//C_Gryphon_Hairband
20070	0	0	0	0	0	1	1	1	//C_Alpaca_Hood
20071	0	0	0	0	0	1	1	1	//C_Worg_In_Mouth
20075	0	0	0	0	0	1	1	1	//C_Little_Fhat
20076	0	0	0	0	0	1	1	1	//C_Idun_Wing_Ears
20079	0	0	0	0	0	1	1	1	//C_Love_Daddy_2013
20084	0	0	0	0	0	1	1	1	//C_Clover_Coronet
20085	0	0	0	0	0	1	1	1	//C_Clover_Silkhat
20098	0	0	0	0	0	1	1	1	//C_Vampire_Hairband
20099	0	0	0	0	0	1	1	1	//C_Ljosalfar
20100	0	0	0	0	0	1	1	1	//C_Volume_Fhat
20101	0	0	0	0	0	1	1	1	//C_Bragi_Wing_Ears
20112	0	0	0	0	0	1	1	1	//C_Aqua_Ten_Gallon_Hat
20113	0	0	0	0	0	1	1	1	//C_Star_Reading_Hat
20115	0	0	0	0	0	1	1	1	//C_Under_Rim_Glasses
20116	0	0	0	0	0	1	1	1	//C_Mermaid_Headphone
20117	0	0	0	0	0	1	1	1	//C_Raspberry_Mousse_Hat
20122	0	0	0	0	0	1	1	1	//Happy_Summer_Ribbon
20134	0	0	0	0	0	1	1	1	//C_Helm_Of_Abyss_White
20151	0	0	0	0	0	1	1	1	//C_Poison_Spore_Hat
20152	0	0	0	0	0	1	1	1	//C_Straw_Rice_Bag
20153	0	0	0	0	0	1	1	1	//C_Monochrome_Cap
20154	0	0	0	0	0	1	1	1	//C_Maple_Which_Falls
20155	0	0	0	0	0	1	1	1	//C_Ladys_Feather_Hat
20171	0	0	0	0	0	1	1	1	//C_Sepia_Cap
20172	0	0	0	0	0	1	1	1	//C_Pumpkin_Head
20173	0	0	0	0	0	1	1	1	//C_Lude_Hood
20174	0	0	0	0	0	1	1	1	//C_Halloween_Hat_Orange
20175	0	0	0	0	0	1	1	1	//C_Diabolic_Headphone
20195	0	0	0	0	0	0	1	1	//C_Scratching_Cat

20197	0	0	0	0	0	0	1	1	//C_Amistr_Beret
20198	0	0	0	0	0	0	1	1	//C_Misty_Ears
20705	0	0	0	0	0	1	1	1	//Lumiere_Manteau
20708	0	0	0	0	0	1	1	1	//Poison_Manteau
20734	0	0	0	0	0	1	1	1	//Manteau_Of_Leafwind
20735	0	0	0	0	0	1	1	1	//Manteau_Of_Flame_Heart
20736	0	0	0	0	0	1	1	1	//Immuned_Manteau
20747	0	0	0	0	0	1	1	1	//Manteau_Great_Nature
20750	0	0	0	0	0	1	1	1	//Rouban_Manteau
20753	0	0	0	0	0	1	1	1	//Lian_Robe
22019	0	0	0	0	0	1	1	1	//Immuned_Boots
22048	0	0	0	0	0	1	1	1	//Sombre_Shoes
22049	0	0	0	0	0	1	1	1	//Sol_Shoes
22051	0	0	0	0	0	1	1	1	//Ramor_Shoes
22055	0	0	0	0	0	1	1	1	//Sharel_Shoes
22057	0	0	0	0	0	1	1	1	//Flow_Shoes
22061	0	0	0	0	0	1	1	1	//Lumiere_Shoes
22063	0	0	0	0	0	1	1	1	//Rouban_Shoes
22065	0	0	0	0	0	1	1	1	//Poison_Shoes
2600	1	1	0	1	0	1	1	1	//S_P_Sachet
23002	1	0	0	0	1	1	1	1	//Blaze_Scroll
23003	1	0	0	0	1	1	1	1	//FlowingWater_Scroll
23004	1	0	0	0	1	1	1	1	//ConstantWind_Scroll
23005	1	0	0	0	1	1	1	1	//FirmGround_Scroll
23006	1	0	0	0	1	1	1	1	//Universe_Scroll2
11502	1	1	0	1	1	1	1	1	//Light_Blue_Pot
10025	1	1	0	1	0	1	1	1	
10027	1	1	0	1	0	1	1	1	
10034	1	1	0	1	0	1	1	1	
672	1	1	0	1	0	1	1	1	
676	1	1	0	1	0	1	1	1	
670	1	1	0	1	0	1	1	1	
28378	1	1	1	1	0	1	1	1	//RedFourClover_Necklace
20343	1	1	0	1	0	1	1	1	//C_Melon_Helmet
25055	1	1	1	1	0	1	1	1	//Ice_Bomb
25056	1	1	1	1	0	1	1	1	//Watermelon_Heart
25057	1	1	1	1	0	1	1	1	//Mystery_Melon
11735	1	0	0	0	0	1	1	1	//Gold_Melon
22991	1	0	0	0	0	1	1	1	//Soccer_Cake
22992	1	0	0	0	0	1	1	1	//Grenade_Bread
22993	1	0	0	0	0	1	1	1	//Watermelon_Pudding
22994	1	0	0	0	0	1	1	1	//Melon_Sundae
22995	1	1	1	1	0	1	1	1	//Explosion_Proof_Equip
14782	1	0	0	0	1	1	1	1	//Sports_Gifts
23017	1	0	0	0	1	1	1	1	//RainbowLight_Scroll
23018	1	0	0	0	1	1	1	1	//HotairBalloon_Scroll
23019	1	0	0	0	1	1	1	1	//SeventhDay_Scroll
23020	1	0	0	0	1	1	1	1	//FallMums_Scroll
28383	1	1	1	1	1	1	1	1	//NyaBadge_
17612	1	1	1	1	1	1	1	1	//NyaBadge_Box
14783	1	0	0	0	1	1	1	1	//Unicorn_Scroll
14784	1	0	0	0	1	1	1	1	//Eagle_Scroll
14785	1	0	0	0	1	1	1	1	//TW_Flame_Scroll
14786	1	0	0	0	1	1	1	1	//TW_Virgo_Scroll
14787	1	0	0	0	1	1	1	1	//TW_Libra_Scroll
19875	0	0	0	0	0	1	1	1	//C_Love_Rabbit_Hood
25083	1	1	1	1	0	1	1	1	//MRabbit_SHair
25084	1	1	1	1	0	1	1	1	//Captured_MRabbit
25085	1	1	1	1	0	1	1	1	//MRabbit_Hair
23028	1	1	1	1	0	1	1	1	//Capture_Rope
14788	1	0	0	0	1	1	1	1	//Full_Moon_Gift_Box
14789	1	0	0	0	1	1	1	1	//Chuseok_Gift_Box
19706	1	0	0	0	0	1	1	1	//C_Red_Dress_Hat
19599	1	0	0	0	0	1	1	1	//C_Imp_Hat
20737	1	0	0	0	0	1	1	1	//C_Kirin_Wing
20761	1	0	0	0	0	1	1	1	//C_Wing_Of_Happiness
20762	1	0	0	0	0	1	1	1	//C_GreatDevilWing
20746	0	0	0	0	0	1	1	1	//C_Rudra_Wing
20145	0	0	0	0	0	1	1	1	//C_Robo_Eye
20146	0	0	0	0	0	1	1	1	//C_Angel_Spirit
20147	0	0	0	0	0	1	1	1	//C_Bell_Pigeon
19876	0	0	0	0	0	1	1	1	//C_Rabbit_Ear_Hat
20036	0	0	0	0	0	1	1	1	//C_Sword_Master_Crown
19654	0	0	0	0	0	1	1	1	//C_J_Captain_Hat
19712	0	0	0	0	0	1	1	1	//C_Little_Angel_Doll
19608	0	0	0	0	0	1	1	1	//C_Chick_Hat
19721	0	0	0	0	0	1	1	1	//C_Darkness_Helm
19823	0	0	0	0	0	1	1	1	//C_White_Cat_Hood
17507	1	0	0	0	1	1	1	1	//Nyangvine_Box4
17508	1	0	0	0	1	1	1	1	//Nyangvine_Box10
17509	1	0	0	0	1	1	1	1	//Nyangvine_Box40
6909	1	1	0	1	1	1	1	1	//Nyangvine_Fruit
17527	1	1	0	1	1	1	1	1	//Nyangvine_Box200
23053	1	0	0	0	1	1	1	1	//Lava_Scroll
23054	1	0	0	0	1	1	1	1	//National_Day_Scroll
23055	1	0	0	0	1	1	1	1	//Old_Purple_Scroll
23056	1	0	0	0	1	1	1	1	//Wind_Erosion_Scroll
23057	1	0	0	0	1	1	1	1	//Scorpio_Scroll4
25134	1	1	1	1	0	1	1	1	//Garden_Party_Ticket
//23045	0	0	0	0	0	1	1	1	//Mont_Blanc_Cake
28325	1	1	1	1	0	1	1	1	//Yellow_Clover_Necklace
14503	1	0	0	0	1	1	1	1	//Garden_Party_Gift_Box
25132	1	1	1	1	0	1	1	1	//Pumpkin_Decorations
25133	1	1	1	1	0	1	1	1	//Dry_White_Stem
2198	0	0	0	0	0	1	1	1	//Lapine_Shield
28322	0	0	0	0	0	1	1	1	//Falconer_Glove
28321	0	0	0	0	0	1	1	1	//Falconer_Claw
18985	0	0	0	0	0	1	1	1	//Falconer_Flute
20176	0	0	0	0	0	1	1	1	//Happy_Pierrot_Mask
19704	0	0	0	0	0	1	1	1	//C_Afro_Wig_Red
19112	0	0	0	0	0	1	1	1	//Tengu_Scroll
23064	1	0	0	0	1	1	1	1	//2015Star_Scroll
23066	1	0	0	0	1	1	1	1	//2015Angeling_Scroll
5930	0	0	0	0	0	1	1	1	//Magical_Feather
5931	0	0	0	0	0	1	1	1	//Niflheim_Bunny_Hat
5932	0	0	0	0	0	1	1	1	//Heaven_Cage
5933	0	0	0	0	0	1	1	1	//Crow_Tengu_Mask
5934	0	0	0	0	0	1	1	1	//Happy_Balloon_J
5966	0	0	0	0	0	1	1	1	//KarduiEar
5967	0	0	0	0	0	1	1	1	//FlyingGalapago
5968	0	0	0	0	0	1	1	1	//DVAngelNurseCap
5969	0	0	0	0	0	1	1	1	//QueenAnzRevenge
5970	0	0	0	0	0	1	1	1	//RuneHelm
19787	1	0	0	0	0	1	1	1	//C_Devoted_Eyes
19804	0	0	0	0	0	1	1	1	//C_Red_Vane_Hairpin
19883	0	0	0	0	0	1	1	1	//C_Piamette_Hood
19990	0	0	0	0	0	1	1	1	//C_Snow_Rabbit_Knit_Hat
20012	0	0	0	0	0	1	1	1	//C_Double_Horn_Helm
20217	0	0	0	0	0	1	1	1	//C_Arabian_Veil
20218	0	0	0	0	0	1	1	1	//C_Spell_Circuit
20219	0	0	0	0	0	1	1	1	//C_Angel_Marcher_Hat
20220	0	0	0	0	0	1	1	1	//C_Dark_Night_Veil
20298	0	0	0	0	0	1	1	1	//C_Happy_Lunatic_Ear
19785	0	0	0	0	0	1	1	1	//C_Well_Baked_Toast
19798	0	0	0	0	0	1	1	1	//C_Angry_Mouth
19846	0	0	0	0	0	1	1	1	//C_Opera_Ghost_Mask
19885	0	0	0	0	0	1	1	1	//C_Blinker
20054	0	0	0	0	0	1	1	1	//C_Baby_Pacifier
19563	0	0	0	0	0	1	1	1	//C_Dragon_Arhat_Mask
19564	0	0	0	0	0	1	1	1	//C_Tiger_Arhat_Mask
19889	0	0	0	0	0	1	1	1	//C_Pair_Of_Red_Ribbon
19902	0	0	0	0	0	1	1	1	//C_Cigar
4610	1	0	0	0	0	1	1	0	
6770	1	0	0	0	0	1	1	0	
6771	1	0	0	0	0	1	1	0	
6772	1	0	0	0	0	1	1	0	
6773	1	0	0	0	0	1	1	0	
6774	1	0	0	0	0	1	1	0	
6775	1	0	0	0	0	1	1	0	
6776	1	0	0	0	0	1	1	0	
6777	1	0	0	0	0	1	1	0	
6778	1	0	0	0	0	1	1	0	
6779	1	0	0	0	0	1	1	0	
6780	1	0	0	0	0	1	1	0	
6781	1	0	0	0	0	1	1	0	
6782	1	0	0	0	0	1	1	0	
6803	1	0	0	0	0	1	1	0	
6828	1	0	0	0	0	1	1	0	
7199	1	0	0	0	0	1	1	0	
7730	1	0	0	0	0	1	1	0	
7731	1	0	0	0	0	1	1	0	
7732	1	0	0	0	0	1	1	0	
7733	1	0	0	0	0	1	1	0	
7734	1	0	0	0	0	1	1	0	
7735	1	0	0	0	0	1	1	0	
7736	1	0	0	0	0	1	1	0	
7737	1	0	0	0	0	1	1	0	
7738	1	0	0	0	0	1	1	0	
7739	1	0	0	0	0	1	1	0	
7740	1	0	0	0	0	1	1	0	
7741	1	0	0	0	0	1	1	0	
9068	1	0	0	1	0	1	1	0	
11589	0	0	0	1	0	1	1	0	
11590	0	0	0	1	0	1	1	0	
11597	0	0	0	1	0	1	1	0	
15121	1	0	0	0	0	1	1	0	
18936	0	0	0	0	0	1	1	0	
18997	0	0	0	0	0	1	1	0	
19777	0	0	0	0	0	1	1	0	
19856	0	0	0	0	0	1	1	0	
19857	0	0	0	0	0	1	1	0	
19938	0	0	0	0	0	1	1	0	
22045	1	0	0	0	1	1	1	0	
22555	1	1	1	1	1	1	1	0	
22556	1	1	1	1	1	1	1	0	
22557	1	1	1	1	1	1	1	0	
22620	1	0	0	0	0	1	1	0	
22621	1	0	0	0	0	1	1	0	
28326	1	0	0	0	0	1	1	0	
28327	1	0	0	0	0	1	1	0	
6748	1	1	1	1	1	1	1	1	//Excavator_Repoet
6749	1	1	1	1	1	1	1	1	//Power_Control_Device
6753	1	1	1	1	1	1	1	1	//Sign_Of_Destruction
6754	1	1	1	1	1	1	1	1	//Collected_Herb
6756	1	1	1	1	1	1	1	1	//Condensed_Energy
6757	1	1	1	1	1	1	1	1	//Memory_Record
22508	1	1	1	1	1	1	1	1	//Para_Team_Mark_
18997	0	0	0	0	0	1	1	1	//Riot_Chip
28326	0	0	0	0	0	1	1	1	//Broken_Chip_1
28327	0	0	0	0	0	1	1	1	//Broken_Chip_2
6824	1	1	1	1	1	1	1	1	//Lab_Memory_Record
6825	1	1	1	1	0	1	1	1	//Box_Of_Aircleaner
6826	1	1	1	1	0	1	1	1	//Fresh_Grape
6827	1	1	1	1	0	1	1	1	//Normal_Parts
6828	0	0	0	0	0	1	1	1	//Gravity_Parts
11597	0	0	0	0	0	1	1	1	//Iron_Bug
22691	1	1	1	1	1	1	1	1	//Piece_Of_Record1
22692	1	1	1	1	1	1	1	1	//Piece_Of_Record2
22693	1	1	1	1	1	1	1	1	//Piece_Of_Record3
22694	1	1	1	1	1	1	1	1	//Piece_Of_Record4
22695	1	1	1	1	1	1	1	1	//Piece_Of_Record5
6746	1	1	1	1	0	1	1	1	//Steel_Article
6747	1	1	1	1	0	1	1	1	//Steel_Article_
13118	1	1	1	1	0	1	1	1	//Tiny_Flame
13119	1	1	0	1	0	1	1	1	//Freedom_Flame
18971	1	1	0	1	1	1	1	1	//Old_Rune_Circlet
18972	1	1	0	1	1	1	1	1	//Old_Mitra
18973	1	1	0	1	1	1	1	1	//Old_Driver_Band_R
18974	1	1	0	1	1	1	1	1	//Old_Driver_Band_Y
18975	1	1	0	1	1	1	1	1	//Old_Shadow_Handicraft
18976	1	1	0	1	1	1	1	1	//Old_Minstrel_Song_Hat
18977	1	1	0	1	1	1	1	1	//Old_Midas_Whisper
18978	1	1	0	1	1	1	1	1	//Old_Magic_Stone_Hat
18979	1	1	0	1	1	1	1	1	//Old_Blazing_Soul
18980	1	1	0	1	1	1	1	1	//Old_Wind_Whisper
18981	1	1	0	1	1	1	1	1	//Old_Dying_Swan
18982	1	1	0	1	1	1	1	1	//Old_Circlet_Of_Bone
18983	1	1	0	1	1	1	1	1	//Old_Protect_Of_Crown
18984	1	1	0	1	1	1	1	1	//Old_Camo_RabbitHood
6814	1	1	0	1	1	1	1	1	//Soul_Of_Swordman
6815	1	1	0	1	1	1	1	1	//Soul_Of_Merchant
6816	1	1	0	1	1	1	1	1	//Soul_Of_Thief
6817	1	1	0	1	1	1	1	1	//Soul_Of_Magicion
6818	1	1	0	1	1	1	1	1	//Soul_Of_Archer
6819	1	1	0	1	1	1	1	1	//Soul_Of_Acolyte
6820	1	1	0	1	1	1	1	1	//Particles_Of_Energy
//22687	0	0	0	0	0	1	1	1	//Pieces_Of_Sentiment
//22679	1	1	1	1	1	1	1	1	//Chest_Of_Death
28310	1	1	0	1	0	1	1	1	//Earring_Of_Sarah_L
28311	1	1	0	1	0	1	1	1	//Earring_Of_Sarah_R
15121	0	0	0	0	0	1	1	1	//Robe_Of_Sarah
4610	0	0	0	0	0	1	1	1	//Sarah_Card
6803	0	0	0	0	0	1	1	1	//Piece_Of_Gigantes
15116	1	1	0	1	0	1	1	1	//Airship_Armor
20743	1	1	0	1	0	1	1	1	//Airship_Cape
22046	1	1	0	1	0	1	1	1	//Airship_Boots
23065	1	0	0	0	1	1	1	1	//2015Peace_Scroll
23067	1	0	0	0	1	1	1	1	//2015Flying_Scroll
23068	1	0	0	0	1	1	1	1	//2015Sagitt_Scroll
28395	1	1	1	1	0	1	1	1	//1th_Celebrate_Badge
28396	1	1	1	1	0	1	1	1	//2th_Celebrate_Badge
28397	1	1	1	1	0	1	1	1	//3th_Celebrate_Badge
28398	1	1	1	1	0	1	1	1	//4th_Celebrate_Badge
28399	1	1	1	1	0	1	1	1	//5th_Celebrate_Badge
28400	1	1	1	1	0	1	1	1	//6th_Celebrate_Badge
28401	1	1	1	1	0	1	1	1	//7th_Celebrate_Badge
28402	1	1	1	1	0	1	1	1	//8th_Celebrate_Badge
28403	1	1	1	1	0	1	1	1	//9th_Celebrate_Badge
28404	1	1	1	1	0	1	1	1	//10th_Celebrate_Badge
28405	1	1	1	1	0	1	1	1	//11th_Celebrate_Badge
28406	1	1	1	1	0	1	1	1	//12th_Celebrate_Badge
28407	1	1	1	1	0	1	1	1	//13th_Celebrate_Badge
20416	1	1	0	1	0	1	1	1	//C_1Grade_Balloon
20417	1	1	0	1	0	1	1	1	//C_2Grade_Balloon
20418	1	1	0	1	0	1	1	1	//C_3Grade_Balloon
20419	1	1	0	1	0	1	1	1	//C_4Grade_Balloon
20420	1	1	0	1	0	1	1	1	//C_5Grade_Balloon
20421	1	1	0	1	0	1	1	1	//C_6Grade_Balloon
20422	1	1	0	1	0	1	1	1	//C_7Grade_Balloon
20423	1	1	0	1	0	1	1	1	//C_8Grade_Balloon
20424	1	1	0	1	0	1	1	1	//C_9Grade_Balloon
20425	1	1	0	1	0	1	1	1	//C_10Grade_Balloon
20426	1	1	0	1	0	1	1	1	//C_11Grade_Balloon
20427	1	1	0	1	0	1	1	1	//C_12Grade_Balloon
20428	1	1	0	1	0	1	1	1	//C_13Grade_Balloon
23071	1	0	0	0	1	1	1	1	//Deviling_Scroll2
20073	1	0	0	0	1	1	1	1	//C_Hair_Band
20223	1	0	0	0	1	1	1	1	//C_Centimental_Leaf
14790	1	0	0	0	1	1	1	1	//Surprise_Scroll2
14791	1	0	0	0	1	1	1	1	//Warm_Winter_Scroll
14795	1	0	0	0	1	1	1	1	//Flower_Scroll
25143	1	1	1	1	0	1	1	1	//Gift_Stuffed_Doll
25144	1	1	1	1	0	1	1	1	//Bridge_Stuffed_Doll
25145	1	1	1	1	0	1	1	1	//Burned_Specter_Doll
25146	1	1	1	1	0	1	1	1	//Relentless_Queen_Doll
25147	1	1	1	1	0	1	1	1	//Meal_Done_Ribbit_Doll
25148	1	1	1	1	0	1	1	1	//Cute_Eat_Machine_Doll
25149	1	1	1	1	0	1	1	1	//Hot_Muffler_Doll
25150	1	1	1	1	0	1	1	1	//Alice_Hug_Pillow
11567	1	1	1	1	0	1	1	1	//Novice_Potion_B
14792	1	0	0	0	1	1	1	1	//Color_Scroll
14793	1	0	0	0	1	1	1	1	//Poinsettia_Scroll
14794	1	0	0	0	1	1	1	1	//Capri_Scroll2
14796	1	0	0	0	1	1	1	1	//Xmas_Gift_Box
14797	1	0	0	0	1	1	1	1	//Art_Festival_Gift_box
19613	0	0	0	0	0	1	1	1	//C_Valkyrie_Feather_Band
28427	1	1	1	1	0	1	1	1	//Blue_4leaf_Necklace
20457	1	0	0	0	0	1	1	1	//C_Feather_Fluttering
25168	1	1	1	1	0	1	1	1	//Medal_Of_Art
//23079	0	0	0	0	0	1	1	1	//Strawberry_CreamCake
25186	1	0	0	0	0	1	1	1	//4leaf_ScrollComposite
23088	1	0	0	0	1	1	1	1	//Rage_Cow_Scroll
23089	1	0	0	0	1	1	1	1	//Animal_Pic_Scroll
23090	1	0	0	0	1	1	1	1	//Aquarius_Scroll2
23091	1	0	0	0	1	1	1	1	//RedCross_Scroll
23092	1	0	0	0	1	1	1	1	//MonkeyYear_Scroll
23093	1	0	0	0	1	1	1	1	//4leaf_Gift_Box
28428	1	1	1	1	0	1	1	1	//4SeasonsClover
25169	1	1	1	1	0	1	1	1	//馋利馋利茄痢咀
23101	1	0	0	0	1	1	1	1	//TW_Lucky_Bag
23102	1	0	0	0	1	1	1	1	//TW_Flush_Scroll
23103	1	0	0	0	1	1	1	1	//Pisces_Scroll2
23104	1	0	0	0	1	1	1	1	//TW_Monkey_Scroll
23105	1	0	0	0	1	1	1	1	//Gold_Monkey_Box
17546	1	1	0	1	1	1	1	1	//Costama_Egg31
17551	1	1	0	1	1	1	1	1	//Costama_Egg32
17528	1	1	0	1	1	1	1	1	//Costama_Egg30
23108	1	0	0	0	1	1	1	1	//Blooming_Scroll
23109	1	0	0	0	1	1	1	1	//White_Valentine_Scroll
23110	1	0	0	0	1	1	1	1	//Magic_Portion_Scroll
23111	1	0	0	0	1	1	1	1	//Aries_Scroll2
23112	1	0	0	0	1	1	1	1	//Rabbit_Ear_Scroll
23113	1	0	0	0	1	1	1	1	//Flower_Scroll2
23114	1	0	0	0	1	1	1	1	//Fortune_Scroll
18763	1	0	0	0	1	1	1	1	//Remodel_Joker_Jester
14798	1	0	0	0	1	1	1	1	//Pink_Scroll
23121	1	0	0	0	1	1	1	1	//Taurus_Scroll2
23122	1	0	0	0	1	1	1	1	//Fruit_Scroll
19033	1	1	0	1	0	1	1	1	//Accessories_Of_Goddess
15141	1	1	0	1	0	1	1	1	//Armor_Of_Goddess
28105	1	1	0	1	0	1	1	1	//Axe_Of_Infinite
21014	1	1	0	1	0	1	1	1	//D_Sword_Of_Infinite
2024	1	1	0	1	0	1	1	1	//D_Staff_Of_Infinite
13323	1	1	0	1	0	1	1	1	//Huuma_Of_Infinite
18128	1	1	0	1	0	1	1	1	//Bow_Of_Infinite
13126	1	1	0	1	0	1	1	1	//Gun_Of_Infinite
16038	1	1	0	1	0	1	1	1	//Mace_Of_Infinite
28703	1	1	0	1	0	1	1	1	//Dagger_Of_Infinite
1938	1	1	0	1	0	1	1	1	//Viollin_Of_Infinite
1994	1	1	0	1	0	1	1	1	//Whip_Of_Infinite
22075	1	1	0	1	0	1	1	1	//Shoes_Of_Cracks
20779	1	1	0	1	0	1	1	1	//ManteauOfCracks
19033	1	1	0	1	0	1	1	1	//Accessories_Of_Goddess
15141	1	1	0	1	0	1	1	1	//Armor_Of_Goddess
23147	1	0	0	0	1	1	1	1	//Demon_Scroll
23146	1	0	0	0	1	1	1	1	//Angeling_Scroll2
14802	1	0	0	0	1	1	1	1	//Beginner_Scroll
14801	1	0	0	0	1	1	1	1	//OLD_Return_Scroll
14800	1	0	0	0	1	1	1	1	//TW_Old_Hat_Box
14804	1	0	0	0	1	1	1	1	//Fantastic_Scroll
14803	1	0	0	0	1	1	1	1	//Sinister_Scroll
19160	1	0	0	0	0	1	1	1	//Male_Poring_Balloon_TW
19161	1	0	0	0	0	1	1	1	//Fmale_Poring_Balloon_TW
14809	1	0	0	0	1	1	1	1	//Protection_Scroll
14808	1	0	0	0	1	1	1	1	//Eternity_Scroll
22072	0	0	0	0	0	1	1	1	//Hikingboots
20774	0	0	0	0	0	1	1	1	//Cutoff_Manteau
5946	0	0	0	0	0	1	1	1	//Drama_Clockwork
20168	0	0	0	0	0	1	1	1	//C_Skull_Jhood
14810	1	0	0	0	1	1	1	1	//Sacred_Scroll
14811	1	0	0	0	1	1	1	1	//Evil_Power_Scroll
19539	1	1	0	1	1	1	1	1	//C_Reginleif_Hairband

28487	1	1	0	1	0	1	1	1	//Women_Couple_Knot
28488	1	1	0	1	0	1	1	1	//Men_Couple_Knot
28489	1	1	0	1	0	1	1	1	//Love_Girl_Knot
28490	1	1	0	1	0	1	1	1	//Love_Boy_Knot
25234	0	0	0	0	0	1	1	1	//Chilgongchim
23190	1	1	0	1	0	1	1	1	//Chuseok_Special_Box
25236	1	1	0	1	0	1	1	1	//Big_Dipper_Debris

14813	1	0	0	0	1	1	1	1	//Peace_Scroll
14812	1	0	0	0	1	1	1	1	//Pray_Scroll

17314	1	1	0	1	1	1	1	1	//C_Wing_Of_Fly_1Day_Box
12796	1	1	0	1	1	1	1	1	//Red_Booster红色狂暴药水
12684	1	1	0	1	1	1	1	1	//ASPD_Potion
12596	1	1	0	1	1	1	1	1	//Magic_Candy
12805	1	1	0	1	1	1	1	1	//Mystic_Powder
12883	1	1	0	1	1	1	1	1	//Almighty
14815	1	0	0	0	1	1	1	1	//TW_SLD_Dracula_Scroll
12404	1	1	0	1	1	1	1	1	//Acti_Potion
12739	1	1	0	1	1	1	1	1	//Snow_Flower雪之花
2864	0	0	0	0	1	0	0	0	//Light_Of_Cure
2865	0	0	0	0	1	0	0	0	//Seal_Of_Cathedral
2866	0	0	0	0	1	0	0	0	//Ring_Of_Archbishop

31127	1	0	0	0	0	1	1	1	//C_Taiwan_Flag_Hat
14816	1	0	0	0	1	1	1	1	//Double_Tenth_Scroll
14817	1	0	0	0	1	1	1	1	//National_Border_Scroll

31126	1	1	0	1	1	1	1	1	//C_Nestea_Hat

14818	1	0	0	0	1	1	1	1	//TW_Rapid_Scroll

25245	1	1	1	1	0	1	1	1	//Little_Skel_Bone
25133	1	1	1	1	0	1	1	1	//Dry_White_Stem

//道具ID，DROP，放入交易，仓库，手推车，NPC贩卖，邮件，拍卖，公会仓库
//中国添加道具	
20232	1	1	0	1	1	1	1	1	//C_Celines_Ribbon(服饰)席琳的蝴蝶结
19549	1	1	0	1	1	1	1	1	//C_Magestic_Goat(服饰)山羊头盔
19737	1	1	0	1	1	1	1	1	//C_Corsair_K(服饰)海盗船长帽
19630	1	1	0	1	1	1	1	1	//C_Crown(服饰)王冠
19629	1	1	0	1	1	1	1	1	//C_Tiara(服饰)后冠
19719	1	1	0	1	1	1	1	1	//C_Coronet(服饰)黄金冠冕
19843	1	1	0	1	1	1	1	1	//C_Cat_Hairband(服饰)猫耳发圈
20236	1	1	0	1	1	1	1	1	//C_Hellomother_Hat(服饰)蓝圣天使波利帽
19848	1	1	0	1	1	1	1	1	//C_Angeling_Hat(服饰)天使波利帽子
19731	1	1	0	1	1	1	1	1	//C_Satanic_Chain(服饰)恶魔发圈
19639	1	1	0	1	1	1	1	1	//C_Sahkkat(服饰)草帽

//20170620
23389	1	1	0	1	1	1	1	1	//Platform_Package
23390	1	1	0	1	1	1	1	1	//Warp_Package
23391	1	1	0	1	1	1	1	1	//Fortune_Pocket12
23392	1	1	0	1	1	1	1	1	//Fortune_Pocket11
23393	1	1	0	1	1	1	1	1	//Fortune_Pocket10
23394	1	1	0	1	1	1	1	1	//Fortune_Pocket9
23395	1	1	0	1	1	1	1	1	//Fortune_Pocket8
23396	1	1	0	1	1	1	1	1	//Fortune_Pocket7
23397	1	1	0	1	1	1	1	1	//Fortune_Pocket6
23398	1	1	0	1	1	1	1	1	//Fortune_Pocket5
23399	1	1	0	1	1	1	1	1	//Fortune_Pocket4
23400	1	1	0	1	1	1	1	1	//Fortune_Pocket3
23401	1	1	0	1	1	1	1	1	//Fortune_Pocket13
23402	1	1	0	1	1	1	1	1	//Fortune_Pocket2
//20170627
23384	1	1	0	1	1	1	1	1	//CHNPremium_Box_1d
23385	1	1	0	1	0	1	1	1	//CHNPremium_Box_7d
23386	1	0	0	0	1	1	1	1	//CHNPremium_Box_30d
//20170718
31363	0	0	0	0	0	1	1	0	//C_Frog_Cap_CN
19551	0	0	0	0	0	1	1	0	//C_Elven_Ears
22508	1	1	1	1	1	1	1	1	//Para_Team_Mark_
//20170721
17879	1	1	0	1	1	1	1	1	//2nd_Test_Pass_Box
25388	1	1	0	1	1	1	1	1	//2nd_Test_Pass
//20170901
23442	1	0	0	0	0	1	1	0	//Wgt_Wing_Of_Fly
23443	1	0	0	0	0	1	1	0	//Wgt_Wing_Of_Butterfly
//20170908
17890	1	0	0	0	1	1	1	1	//MemoryArcherBox
//20170911
23517	1	1	0	1	1	1	1	1	//CHN_Launching_Pack1
23518	1	1	0	1	1	1	1	1	//CHN_Launching_Pack2
23519	1	1	0	1	1	1	1	1	//CHN_Launching_Pack3
23520	1	1	0	1	1	1	1	1	//CHN_Launching_Pack4
23521	1	1	0	1	1	1	1	1	//CHN_Launching_Pack5
//20171026
25408	1	1	1	1	0	1	1	1	//Memory_Of_Gyol
25421	1	1	1	1	0	1	1	1	//Pumpkin_Decor
25422	1	1	1	1	0	1	1	1	//White_Thin_Stem
25401	1	1	1	1	0	1	1	1	//Black_Fur		

//兑换系统以及充值活动礼包
18528	1	0	0	0	1	1	1	1	//Tare_Neko_Cru长长猫耳朵帽子
18756	1	0	0	0	1	1	1	1	//Black_Shiba_Inu_Hat黑柴犬帽
18934	1	0	0	0	1	1	1	1	//Fox_Ears_Bell_Ribbon狐狸耳朵铃铛发带
5657	1	0	0	0	1	1	1	1	//Antique_Pipe_J船长烟斗
20240	1	1	0	1	1	1	1	1	//C_Gift_Of_Snow(时装)珍贵雪礼

//20171128_event
15247	1	1	1	1	0	1	1	1	//R_Hunting_Mail
20903	1	1	1	1	0	1	1	1	//R_Hunting_Manteau
22169	1	1	1	1	1	1	1	1	//R_Hunting_Boots

//20171221_snow_event
25425	1	1	1	1	0	1	1	1	//SnowFlower_Of_Spell
25426	1	1	1	1	0	1	1	1	//Warm_Cotton
11575	1	1	0	1	1	1	1	1	//Lucky_Cookie_B
11578	1	1	0	1	1	1	1	1	//Candy_Striper_B
11580	1	1	0	1	1	1	1	1	//Candy_B
11581	1	1	0	1	1	1	1	1	//Piece_Of_Cake_B

//20171221_cash
20132	1	1	0	1	1	1	1	1	//C_Subject_Aura
20914	1	1	0	1	1	1	1	1	//Bravery_Bag_CHN
17929	1	1	0	1	1	1	1	1	//CHN_XmasBox_1
17930	1	1	0	1	1	1	1	1	//CHN_XmasBox_2
17931	1	1	0	1	1	1	1	1	//CHN_XmasBox_3
17932	1	1	0	1	1	1	1	1	//CHN_XmasBox_4
17933	1	1	0	1	1	1	1	1	//CHN_XmasBox_5

//201801_NewYear
25479	1	1	1	1	0	1	1	1	//Dogly_Bottle
31296	1	0	0	0	1	1	1	1	//C_Strawberry_In_Mouth
19992	1	0	0	0	1	1	1	1	//C_Chilly_Breath
19528	1	0	0	0	1	1	1	1	//C_Iron_Cane
19609	1	0	0	0	1	1	1	1	//C_Red_Glasses
20313	1	0	0	0	1	1	1	1	//C_CD_In_Mouth
20763	1	0	0	0	1	1	1	1	//C_Amistr_Bag
20764	1	0	0	0	1	1	1	1	//C_Fallen_Angel_Wing
20765	1	0	0	0	1	1	1	1	//C_Archangel_Wing

//201802_Sweet
25291	1	1	1	1	1	1	1	1	//Fac_Choco
23045	0	0	0	0	0	1	1	0	//Mont_Blanc_Cake
23079	0	0	0	0	0	1	1	0	//Strawberry_CreamCake
19692	0	0	0	0	0	1	1	0	//C_Antique_Pipe_J

//201804_Egg
25512	1	1	1	1	0	1	1	1	//Evt_March05_KR
25511	1	1	1	1	0	1	1	1	//Evt_March04_KR

25295	1	1	1	1	0	1	1	1	//Happiness_Clover
25296	1	1	1	1	0	1	1	1	//Fatal_Thing
23296	1	1	1	1	0	1	1	1	//D_Buger
22549	1	1	0	1	1	1	1	1	//Poison_Bottle_B

//20171128_EP161
16483	1	1	0	1	1	1	1	1	//E_Abrasive_Box10
22808	1	1	0	1	1	1	1	1	//NoviceBox
16504	1	1	0	1	1	1	1	1	//E_Bubble_Gum_Box
22979	1	1	1	1	1	1	1	1	//Comp_Battle_Bubble
12610	1	1	0	1	1	1	1	1	//Mysterious_Egg

17569	1	1	0	1	1	1	1	1	//Dun_Voucher_Box1
17570	1	1	0	1	1	1	1	1	//Dun_Voucher_Box2
6919	1	1	1	1	0	1	1	1	//TokenOfHonor
6923	1	1	1	1	0	1	1	0	//Bright_Lights
6925	1	1	1	1	0	1	1	0	//Prisoner_Letter
6926	1	1	1	1	0	1	1	0	//Midgards_Histories
6927	1	1	1	1	0	1	1	0	//Filled_With_SeaStones
6928	1	1	1	1	0	1	1	0	//Poring_Loofah
6929	1	1	1	1	0	1	1	0	//Letters_Stamped_Seal
6930	1	1	1	1	0	1	1	0	//Biz_Items_Sample
6931	1	1	1	1	0	1	1	0	//Secret_Documents
6932	1	1	1	1	0	1	1	0	//Rare_Old_Books
6933	1	1	1	1	0	1	1	0	//Banquet_Invitation
6934	1	1	1	1	0	1	1	0	//Wonderful_Cuisine
6935	1	1	1	1	0	1	1	0	//Luxurious_Dish
6920	1	1	0	1	0	1	1	1	//RuneMagicPowder
6960	1	1	0	1	0	1	1	1	//Air_Stronghold_Key
22901	1	1	1	1	0	1	1	1	//BlueboxOfQuestions
14505	1	1	1	1	1	1	1	1	//Dun_1HR_Voucher
14506	1	1	1	1	1	1	1	1	//Dun_Voucher
12514	1	1	1	1	0	1	1	1	//E_Abrasive

25643	1	1	1	1	0	1	1	1	//Autographed_Book
12854	1	1	0	1	0	1	1	1	//Full_Spray_Of_Flowers

25659	1	1	1	1	0	1	1	1	//Evt_May02_KR

31262	1	1	1	1	0	1	1	1	//C_Disposable_3D_Glass
31263	1	1	1	1	0	1	1	1	//C_Disposable_Popcorn
25656	1	1	1	1	0	1	1	1	//Evt_June01_KR

20855	1	1	1	1	0	1	1	1	//Rental_Oxygen_Bomb
19275	1	1	1	1	0	1	1	1	//Rental_Scuba_Mask
15210	1	1	1	1	0	1	1	1	//Rental_SupperSwimsuit
25657	1	1	1	1	0	1	1	1	//Evt_July01_KR
25658	1	1	1	1	0	1	1	1	//Evt_July02_KR
25664	1	1	1	1	0	1	1	1	//Evt_July03_KR
25365	1	1	1	1	0	1	1	1	//Thin_Noodle
25366	1	1	1	1	0	1	1	1	//Noodle_Festa_Coupon
25367	1	1	1	1	0	1	1	1	//Promotion_Fan
19856	0	0	0	0	0	1	1	0	//C_Iceflake_Hat
23038	1	1	1	1	1	1	1	1	//White_Slim_Potion_Box_
23042	1	1	0	1	1	1	1	1	//Seed_Of_Yggdrasil_
23043	1	1	0	1	1	1	1	1	//Yggdrasil_Seed_Box_
25344	1	1	1	1	0	1	1	1	//Flat_Round_Stone
31319	1	1	1	1	0	1	1	1	//C_Fan_Of_Summer_R
31320	1	1	1	1	0	1	1	1	//C_Pinwheel_Cap_R
14545	1	1	0	1	1	1	1	1	//Battle_Manual_X3

23921	1	1	1	1	0	1	1	1	//Season_Evt_Reward

23932	0	0	0	0	1	1	1	1	//WeaponShadowBox_CN
25235	1	1	0	1	0	1	1	1	//StoneForWork
20391	0	0	0	0	0	0	1	0	//C_Silent_Executer

19529	0	0	0	0	0	0	0	0	//C_Angelic_Chain
19753	0	0	0	0	0	1	1	0	//C_Celestial_Hat
20034	0	0	0	0	0	1	1	0	//C_Jack_Castle_Bat
20517	1	0	0	0	0	0	0	0	//C_GiantCatBag_TW
31457	0	0	0	0	0	1	1	0	//C_Husky_Hat
31536	0	0	0	0	1	0	0	0	//C_Chibi_Beelzebub_Hat
6993	1	1	0	1	1	1	1	1	//Guarantee_Weapon_10Up
6994	1	1	0	1	1	1	1	1	//Guarantee_Armor_10Up
5964	1	1	0	1	0	1	1	0	//Chibi_Beelzebub_Hat

7804	1	1	1	1	0	1	1	1	//Octopig_Tentacle
23898	1	1	0	1	1	1	1	1	//Comp_Power_Booster
23899	1	1	1	1	0	1	1	1	//Comp_Almighty
610	0	0	0	0	0	0	0	0	//Leaf_Of_Yggdrasil
23040	1	1	0	1	1	1	1	1	//White_Potion_Box_
23094	1	1	0	1	1	1	1	1	//Comp_Glass_Of_Illusion
23683	1	1	1	1	0	1	1	1	//EVT_JAN02KR

12515	1	1	1	1	0	1	1	1	//E_Med_Life_Potion
12516	1	1	1	1	0	1	1	1	//E_Small_Life_Potion

25087	1	1	1	1	0	1	1	1	//Old_Doll
25088	1	1	0	1	0	1	1	1	//Dream_Piece
23063	1	1	1	1	1	1	1	1	//Freeze_Dream
23036	1	1	1	1	1	1	1	1	//Pope_Merc_Scroll2
23037	1	1	1	1	1	1	1	1	//CasualPope_Merc_Scroll2
23025	1	1	1	1	1	1	1	1	//Pope_Merc_Scroll
23026	1	1	1	1	1	1	1	1	//CasualPope_Merc_Scroll
23027	1	1	0	1	0	1	1	1	//Dandelion_Ring

20407	1	1	0	1	1	1	1	1	//C_Subject_Aura_Red

19292	0	0	0	0	0	1	1	0	//C_Wildcat_Knit_Cap
20325	1	0	0	0	1	0	0	0	//C_Little_Aquarium
//20448	1	1	1	1	0	1	1	1	//C_Cons_Of_Water
20458	0	0	0	0	0	1	1	0	//C_Wild_Poring_Rider
31259	1	0	0	0	1	0	0	0	//C_Bubble_A_Angel_H
31454	0	0	0	0	0	1	1	0	//C_Love_Feeling
31456	1	0	0	0	0	0	0	0	//C_Baby_Leopard_Cat
31481	1	0	0	0	0	0	0	0	//C_CatCoffeeCup_TW
31483	1	0	0	0	0	0	0	0	//C_CatEarRibbon_TW
6413	1	1	0	1	1	1	1	0	//New_Insurance

22829	1	1	0	1	1	1	1	1	//Sealed_Card
19306	0	0	0	0	0	1	1	0	//Heart_Card_In_Mouth

15150	1	1	0	1	0	1	1	1	//White_Shirt
15151	1	1	0	1	0	1	1	1	//White_Eco_Shirt
22076	1	1	0	1	0	1	1	1	//Hardwood_Slipper
22077	1	1	0	1	0	1	1	1	//Red_Eco_Boots
19084	1	1	0	1	0	1	1	1	//Parfait_V_Hat
28374	1	1	0	1	0	1	1	1	//Foxtail_Ring
28413	1	1	0	1	0	1	1	1	//LowSaurelCharm
28414	1	1	0	1	0	1	1	1	//MiddleSaurelCharm
28415	1	1	0	1	0	1	1	1	//HigherSaurelCharm
28416	1	1	0	1	0	1	1	1	//LowLeafCharm
28417	1	1	0	1	0	1	1	1	//MiddleLeafCharm
28418	1	1	0	1	0	1	1	1	//HigherLeafCharm
28419	1	1	0	1	0	1	1	1	//LowRabbitCharm
28420	1	1	0	1	0	1	1	1	//MiddleRabbitCharm
28421	1	1	0	1	0	1	1	1	//HigherRabbitCharm
28422	1	1	0	1	0	1	1	1	//ShiningTwigCharm
28423	1	1	0	1	0	1	1	1	//FreshTunaCharm
28424	1	1	0	1	0	1	1	1	//PlumpyWormCharm
25043	1	1	1	1	0	1	1	1	//Thorn_Vines_Pipe
25045	1	1	1	1	0	1	1	1	//High_Quality_Cloth
25046	1	1	1	1	0	1	1	1	//Embark_Warrant
25047	1	1	1	1	0	1	1	1	//Carlou_Nyac
25048	1	1	1	1	0	1	1	1	//Full_Lunch
25049	1	1	1	1	0	1	1	1	//Basil_Rac
1683	1	1	0	1	0	1	1	1	//Abundantly_Foxtail
1684	1	1	0	1	0	1	1	1	//Long_Foxtail
1685	1	1	0	1	0	1	1	1	//DragonFry_Foxtail
1686	1	1	0	1	0	1	1	1	//BigSize_Foxtail
1699	1	1	1	1	0	1	1	1	//P_Foxtail1
26100	1	1	1	1	0	1	1	1	//P_Foxtail2
1687	1	1	0	1	0	1	1	1	//Beginner_FoxTail
26101	1	1	1	1	0	1	1	1	//P_Foxtail3
1681	1	1	0	1	0	1	1	1	//Newbie_Foxtail
25238	1	1	0	1	1	1	1	1	//General_Lubricant_
25239	1	1	0	1	1	1	1	1	//High_RankLubricant_

7926	1	0	0	0	1	1	1	1	//Break_Box_CN
7927	1	0	0	0	1	1	1	1	//Old_Box_CN
25872	1	1	1	1	1	1	1	1	//Bronze_Key_CN
25873	1	1	1	1	1	1	1	1	//Silver_Key_CN
25874	1	1	1	1	1	1	1	1	//Golden_Key_CN
25875	1	0	0	0	1	1	1	1	//S_Gemstone2_CN
25877	1	0	0	0	1	1	1	1	//S_Bearers2_CN
25878	1	0	0	0	1	1	1	1	//S_Reload_CN
25879	1	1	1	1	1	1	1	1	//S_AllMighty_CN
25880	1	0	0	0	1	1	1	1	//S_Blitz_CN
25881	1	1	0	1	1	1	1	1	//S_Infinity_CN
25882	1	0	0	0	1	1	1	1	//S_Tempest_CN
25883	1	0	0	0	1	1	1	1	//S_Penetration_CN
25884	1	1	1	1	1	1	1	1	//Guarantee_gift_CN
25885	1	1	1	1	1	1	1	1	//S_Debris_CN
25886	1	1	1	1	1	1	1	1	//Guarantee_Weapon_Up_CN
25887	1	1	1	1	1	1	1	1	//Guarantee_Armor_Up_CN
9635	1	1	0	1	1	1	1	1	//Reload_S_DDBox_CN
23461	1	1	0	0	1	1	1	1	//S_MixBox_ATT_BearS2
23522	1	1	0	0	1	1	1	1	//S_MixBox_ATT_Gem_S
31488	0	0	0	0	0	1	1	0	//C_Mvp

6665	1	1	0	1	1	1	1	1	//RWC_Inicializer
25464	1	1	1	1	1	1	1	1	//World_Tour_Ticket

9582	1	1	0	1	0	1	1	1	//Fancy_Spray_Of_Flowers
9585	1	1	0	1	0	1	1	1	//Small_Spray_Of_Flowers

31192	1	1	0	1	1	1	1	1	//C_Baby_Cat_Ears_TW

19371	1	0	0	0	0	0	0	0	//C_BaphoJ_Parachute_TW

19672	0	0	0	0	0	1	1	0	//C_Poring_Letter
20535	0	0	0	0	0	1	1	0	//C_Digital_Space
31251	0	0	0	0	0	1	1	0	//C_Cat_Mouth
31308	0	0	0	0	0	1	1	0	//C_Protect_Feathers
31313	0	0	0	0	0	1	1	0	//C_FallenAngelWingEar
31479	1	0	0	0	0	0	0	0	//C_ManyStars_TW
31529	0	0	0	0	0	1	1	0	//C_Happy_Rabbit_Ribbon
12412	1	1	0	1	1	1	1	1	//HE_Bubble_Gum
23462	1	0	0	0	0	0	1	1	//S_MixBox_ATT_ALLM_S

19378	1	1	1	1	1	1	1	1	//Rent_Book_Of_Magic_TW
//25650	1	1	0	1	1	1	1	1	//Old_Box2_TW
25651	1	1	0	1	1	1	1	1	//Old_Box_Key_TW
25652	1	1	0	1	1	1	1	1	//Old_Box2_Key_TW
25653	0	0	0	0	1	0	0	0	//Strange_Ticket_TW
25654	0	0	0	0	1	0	0	0	//Weird_Ticket_TW
25644	1	1	1	1	1	1	1	1	//Water_Stone_TW
25645	1	1	1	1	1	1	1	1	//Wind_Stone_TW
25646	1	1	1	1	1	1	1	1	//Ground_Stone_TW
25647	1	1	1	1	1	1	1	1	//Fire_Stone_TW
25648	1	0	0	0	0	0	0	0	//Caesar_Blessing_TW
//25649	1	1	0	1	1	1	1	1	//Old_Box_TW
23721	1	1	0	1	1	1	1	1	//Bronze_Chest_TW
23722	1	1	0	1	1	1	1	1	//Golden_Chest_TW
14766	1	1	0	1	1	1	1	1	//Limit_Power_Booster
22819	1	1	0	1	1	1	1	1	//G_Almighty

25841	1	1	1	1	0	1	1	1	//Smooth_Noodle

22540	1	1	0	1	1	1	1	1	//Runstone_Lux
763	1	1	1	1	1	1	1	1	//Hero_Soul_CN

6316	1	1	1	1	0	1	1	1	//E_Token_Of_Siegfried
14900	1	1	1	1	0	1	1	1	//Snow_Flower_TW
23177	1	1	1	1	0	1	1	1	//Comp_Kafra_Card
25889	1	1	1	1	1	1	1	1	//Beginner_Ticket_CN

5423	1	0	0	0	1	0	0	0	//Lovecap_China
31829	1	1	0	1	1	1	1	1	//C_Love_China_CN
16625	1	1	0	1	1	1	1	1	//Half_Asprika_Box
16626	1	1	0	1	1	1	1	1	//Half_Megin_Box
16627	1	1	0	1	1	1	1	1	//Half_Brysing_Box
16628	1	1	0	1	1	1	1	1	//Half_Brynhild_Box

9688	1	1	1	1	1	1	1	1	//HelpmeShorty_CN

761	1	0	0	0	1	1	1	1	//Ra_Hero_CN
762	1	1	1	1	1	1	1	1	//A_Hero_CN
763	1	1	1	1	1	1	1	1	//Hero_Soul_CN
9686	1	0	0	0	1	1	1	1	//Hero_Box1_CN
9687	1	1	1	1	1	1	1	1	//Hero_Box2_C

18823	1	0	0	0	0	1	1	1	//Imperial_Feather
19246	1	0	0	0	0	1	1	1	//Royalguard_Necklace
32244	1	0	0	0	0	1	1	1	//Dictator_Necklace_TW
764	1	0	0	0	1	1	1	1	//S_Hammer_CN
765	1	1	0	1	1	1	1	1	//Jelly_Coin_CN
18877	1	0	0	0	0	1	1	1	//Baron_Evil_Eye
19126	1	0	0	0	0	1	1	1	//Shadow_Booster_
2856	1	1	1	1	1	1	1	1	//Half_Megin
2857	1	1	1	1	1	1	1	1	//Half_Brysing
2566	1	1	1	1	1	1	1	1	//Half_Asprika
15023	1	1	1	1	1	1	1	1	//Half_Brynhild

28573	0	0	0	0	0	1	1	0	//Emerald_Ring

//20191224huntingevent
31389	0	0	0	0	0	1	1	0	//C_White_Bird_Rose
27330	1	0	0	0	0	0	0	0	//Kronecker_Card

//20191224newscroll
20910	1	0	0	0	0	0	1	0	//Etran_Shirt_TW
28567	1	0	0	0	0	0	0	0	//King_of_Spirit_Ring_TW
9500	0	0	0	0	0	0	0	1	//H_Anto_RangeBox_TW
9501	0	0	0	0	0	0	0	1	//H_Anto_MeleeBox_TW
9502	0	0	0	0	0	0	0	1	//H_Anto_MagicBox_TW
9503	0	0	0	0	0	0	0	1	//Anto_RangeBox_TW
9504	0	0	0	0	0	0	0	1	//Anto_MeleeBox_TW
9505	0	0	0	0	0	0	0	1	//Anto_MagicBox_TW

//2020121enchant
9760	1	1	0	1	1	1	1	1	//A_Power_CN
9761	1	1	0	1	1	1	1	1	//B_Power_CN
9762	1	1	0	1	1	1	1	1	//C_Power_CN

//2020121newscroll
31798	0	0	0	0	0	1	1	0	//C_Baby_Panda
9764	1	0	0	0	1	1	1	1	//Aquarius_Scroll_CN
14600	1	1	0	1	1	1	1	1	//Mental_Potion
14845	1	0	0	0	1	0	0	0	//DF_Blessing_10_Scroll
14846	1	0	0	0	1	0	0	0	//DF_Inc_Agi_10_Scroll
23475	1	1	0	1	1	1	1	1	//Infinity_Drink

//20200225weekenddungeon
23142	1	1	0	1	0	1	1	1	//EXPUP_Potion1
23143	1	1	0	1	0	1	1	1	//JEXPUP_Potion1

//20200225newitem
9783	1	1	0	1	1	1	1	1	//Golden_Card_CN
9784	1	0	0	0	1	1	1	1	//Pisces_Scroll_CN
31672	0	0	0	0	0	1	1	0	//C_Mermaid_Wig
14840	1	0	0	0	1	0	0	0	//DF_Megaphone
14862	1	0	0	0	1	0	0	0	//DF_Tyr's_Blessing
14865	1	0	0	0	1	0	0	0	//DF_Quagmire_Scroll

//20200303newyearevent
766	1	1	1	1	0	1	1	1	//Silky_Fur_Bundle

//20200324newscroll
19104	0	0	0	0	0	1	1	0	//YDragon_SkyWing
28410	0	0	0	0	0	1	1	0	//Sapphire_Wrist
9810	1	0	0	0	1	1	1	1	//Aries_Scroll_CN
//20200331inchantitem
20576	0	0	0	0	0	1	1	0	//C_Cat_Fork
31611	0	0	0	0	0	1	1	0	//C_Dark_Snake_Lord_Stall

//20200428Assistantupdate
25358	1	1	1	1	0	1	1	1	//Retrieve_Datacard
25359	1	1	1	1	0	1	1	1	//Slightly_Old_Bax
25360	1	1	1	1	0	1	1	1	//Receipt
23348	1	1	1	1	1	1	1	1	//Vend_Arbeit_1Lv
23349	1	1	1	1	1	1	1	1	//Vend_Arbeit_2Lv
23350	1	1	1	1	1	1	1	1	//Vend_Arbeit_3Lv
23351	1	1	1	1	1	1	1	1	//Buy_Arbeit_1Lv
23352	1	1	1	1	1	1	1	1	//Buy_Arbeit_2Lv
23353	1	1	1	1	1	1	1	1	//Buy_Arbeit_3Lv
//20200428newitem
9846	1	0	0	0	1	1	1	1	//Labor_Day_Scroll_CN
14842	1	0	0	0	1	0	0	0	//DF_Dun_Tele_Scroll1
14844	1	0	0	0	1	0	0	0	//DF_Kafra_Card
14874	1	0	0	0	1	0	0	0	//DF_Glass_Of_Illusion

15167	1	1	1	1	0	1	1	1	//Toughen_Time_Keepr_Robe
19119	1	1	1	1	0	1	1	1	//Toughen_Time_Keeper_Hat
20595	1	1	0	1	0	1	1	1	//C_School_Bag_RD_E
20801	1	1	1	1	0	1	1	1	//Toughen_Time_Keepr_MT
22102	1	1	1	1	0	1	1	1	//Toughen_Time_Keepr_Bts
28914	1	1	1	1	0	1	1	1	//Toughen_Time_Keepr_Shd
31624	1	1	0	1	1	1	1	1	//C_HeartOfCat_TW
440002	1	1	0	1	1	1	1	1	//C_Happy_Cat_TW
2040	1	1	1	1	0	1	1	1	//Probation_Staff
13322	1	1	1	1	0	1	1	1	//Metal_Huuma_Shuriken
13336	1	1	1	1	0	1	1	1	//Probation_Huuma
21030	1	1	1	1	0	1	1	1	//Probation_TH_Sword
28024	1	1	1	1	0	1	1	1	//Probation_Katar
28120	1	1	1	1	0	1	1	1	//Probation_TH_Axe
18150	1	1	1	1	0	1	1	1	//Probation_CrossBow
18151	1	1	1	1	0	1	1	1	//Probation_Bow
770	1	1	1	1	1	1	1	1	//China_Evt_Coin_CN
13125	1	1	1	1	0	1	1	1	//Metal_Revolver
13136	1	1	1	1	0	1	1	1	//Probation_Revolver
28215	1	1	1	1	0	1	1	1	//Probation_Rifle
28216	1	1	1	1	0	1	1	1	//Probation_Gatling_Gun
28217	1	1	1	1	0	1	1	1	//Probation_Launcher
28218	1	1	1	1	0	1	1	1	//Probation_Shotgun
1845	1	1	1	1	0	1	1	1	//Probation_Knuckle
16064	1	1	1	1	0	1	1	1	//Probation_Mace
26111	1	1	1	1	0	1	1	1	//Metal_Foxtail
26112	1	1	1	1	0	1	1	1	//Probation_Foxtail
28613	1	1	1	1	0	1	1	1	//Probation_Magicbook
28614	1	1	1	1	0	1	1	1	//Probation_Bible
28726	1	1	1	1	0	1	1	1	//Probation_Dagger
32004	1	1	1	1	0	1	1	1	//Probation_Lance
//20200428newitem2
19309	1	1	0	1	1	1	1	1	//Cat_In_Mouth
//20200519
23304	1	1	0	1	1	1	1	1	//C_Wing_Of_Fly_1Day_Box
//20200526newscrollitem
9856	1	0	0	0	1	1	1	1	//Gemini_Scroll_CN
//20200602newitem
20590	0	0	0	0	0	1	1	0	//C_Evil_Druid_Cross
31509	0	0	0	0	0	1	1	0	//C_Fawn_Ear
31673	0	0	0	0	0	1	1	0	//C_Picnic_Basket
31916	0	0	0	0	0	1	1	0	//C_Frill_Collar
//20200623newscrollitem
28438	0	0	0	0	0	1	1	0	//Fairy_Leaf_Powder
9890	1	0	0	0	1	1	1	1	//Cancer_Scorll_CN
14614	1	1	0	1	1	1	1	1	//Ex_Def_Potion
23023	1	1	1	1	1	1	1	1	//C_Giant_Fly_Wing
23330	1	1	0	1	1	1	1	1	//C_Giant_Fly_1Day_Box_
//20200707melonevent
25319	1	1	1	1	0	1	1	1	//Ice_Box
//20200721newscrollitem
28429	0	0	0	0	0	1	1	1	//Arquien's_Necklace
28502	0	0	0	0	0	1	1	1	//Mob_Scarf
9912	1	0	0	0	1	1	1	1	//Leo_Scroll_CN
14875	1	0	0	0	1	0	0	0	//DF_Med_Life_Potion
//20200728JULupdate
25179	1	1	1	1	0	1	1	1	//Blessing_Star
25180	1	1	1	1	0	1	1	1	//Old_Couple_Ring
25181	1	1	1	1	0	1	1	1	//Wood_Rosary
25182	1	1	1	1	0	1	1	1	//Assassin_PT_Dagger
25183	1	1	1	1	0	1	1	1	//Deco_Thimble_Archer
25184	1	1	1	1	0	1	1	1	//Portable_Sewingbox
25185	1	1	1	1	0	1	1	1	//Locket_Pendant
25151	1	1	1	1	0	1	1	1	//Rachels_Revolver
25152	1	1	1	1	0	1	1	1	//Cherish_Bouquet
25153	1	1	1	1	0	1	1	1	//Broken_Gun_Wreck
25154	0	0	0	0	0	1	1	1	//Antique_Powder
25155	1	1	1	1	0	1	1	1	//Swz_Honor_Token
25160	1	1	1	1	0	1	1	1	//Borrow_Book
25161	1	1	1	1	0	1	1	1	//Handmade_cookie2
25162	1	1	1	1	0	1	1	1	//Anchovy_cookie
25163	1	1	1	1	0	1	1	1	//Arms_Shop_AD
25164	1	1	1	1	0	1	1	1	//Fresh_Tea_Leaves
25165	1	1	1	1	0	1	1	1	//High_Class_Tea
25166	1	1	1	1	0	1	1	1	//Very_Shining_Ring
25167	1	1	1	1	0	1	1	1	//Old_Letter
23087	1	1	1	1	0	1	1	1	//Small_Leather_Bag
//20200728newitem
20455	1	1	0	1	1	1	1	1	//C_Republic_Hat
//20200804newitem
31432	0	0	0	0	0	1	1	0	//C_Luwmin_Ice
31635	0	0	0	0	0	1	1	0	//C_Fairy_Long_BD
31923	0	0	0	0	0	1	1	0	//C_Baby_Polar_Bear

//8CashScroll
20835	1	0	0	0	0	0	0	0	//K_Fallen_Angel_Wing
22222	1	0	0	0	1	0	0	0	//Agenda_Shoes_TW
28595	1	0	0	0	1	0	0	0	//BlueDragonRing_TW
400006	1	0	0	0	1	0	0	0	//Orcsuccessionhelm_TW
14620	1	1	0	1	1	1	1	1	//DEX_Biscuit_Stick
100552	1	0	0	0	1	1	1	1	//Virgo_Scroll_CN

//10Enchant
20597	0	0	0	0	0	1	1	0	//C_Evil_Scythe
31463	0	0	0	0	0	1	1	0	//C_Flying_Drone
31482	1	0	0	0	0	0	0	0	//C_LunaticMuffler_TW
31565	0	0	0	0	0	1	1	0	//C_Princess_Ribbon_Crown
25310	1	0	0	0	1	0	0	0	//DF_Token_Of_Siegfried
100615	1	0	0	0	1	1	1	1	//Sagitta_Scroll_CH
1000465	1	1	1	1	1	1	1	1	//Zhe_Pet_Coupon
1000466	1	1	1	1	1	1	1	1	//Scat_Pet_Coupon

//2020Royalhunting
2983	0	0	0	0	0	1	1	0	//Brooch_Greed
2984	0	0	0	0	0	1	1	0	//Limnil_Glove

//202012con
25268	1	1	1	1	0	1	1	1	//Sticky_Blood
25269	1	1	1	1	0	1	1	1	//Mushroom_Sap
25270	1	1	1	1	0	1	1	1	//Swaying_Mane
1000474	1	0	0	0	1	1	1	1	//Sillit_Pong_Bottle_CN


//2020GoatScroll
19602	0	0	0	0	0	1	1	0	//C_Invisible_Cap
19603	0	0	0	0	0	1	1	0	//C_Invisible_Sunglasses
19604	0	0	0	0	0	1	1	0	//C_Invisible_Mask
9895	1	0	0	0	1	0	0	0	//DF_Abrasive
100654	1	0	0	0	1	1	0	0	//TheGoat_Scroll_CH

20575	1	1	0	1	1	1	1	1	//C_School_Bag_BL(捞亥飘酒捞袍栏肺荤侩窍咯葛电捞悼阂啊肺夸没咳)

//FEBContents
22814	1	1	0	1	1	1	1	0	//CatPaw_Ticket
25309	1	1	1	1	0	1	1	1	//Dry_Branch

//PoringScroll
32270	0	0	0	0	0	1	1	0	//Luminous_Blue_Stone_TW
100687	1	0	0	0	1	0	0	0	//God_Treasure_Box_Ch
100688	1	0	0	0	1	0	0	0	//Happy_Poring_Scroll_CH

22998	1	1	1	1	1	1	1	1	//C_CatPaw_Ticket

31143	1	1	0	1	1	1	1	1	//C_Krathong_Crown_TH

//檬瓷仿胶农费
410030	0	0	0	0	0	1	1	1	//C_Country_Tail_BU
410031	0	0	0	0	0	1	1	1	//C_Country_Tail_RD
410032	0	0	0	0	0	1	1	1	//C_Country_Tail_YL
410033	0	0	0	0	0	1	1	1	//C_Country_Tail_GN
410034	0	0	0	0	0	1	1	1	//C_Country_Tail_BL
410035	0	0	0	0	0	1	1	1	//C_Country_Tail_WH
410036	0	0	0	0	0	1	1	1	//C_Country_Tail_OM
410037	0	0	0	0	0	1	1	1	//C_Country_Tail_PP
480095	0	0	0	0	0	1	1	1	//C_Giant_White_Rabbit
100675	1	0	0	0	0	0	0	0	//CT_Hair_Box_TW
100718	1	0	0	0	1	1	1	1	//Psychic_Scroll_CH

//3岿青汗茄舅绵力
23905	1	1	1	1	1	1	1	1	//Season_Evt_Reward_3

//2021.04Illusion_Of_TurtleIsland
25315	1	1	1	1	0	1	1	1	//Piece_Of_Shell
25316	1	1	1	1	0	1	1	1	//Shabby_Metal_Chip

//2021.04Heros_Trace2
6671	0	0	0	0	1	0	0	0	//Geffen_Magic_Coin


//2021.04InventoryExpand
17999	1	1	0	1	1	1	1	1	//Inventory_Ex_Box
200001	1	1	0	1	1	1	1	1	//Inventory_Ex_10Box
25791	1	1	0	1	1	1	1	1	//Inventory_Ex_Evt
25792	1	1	0	1	1	1	1	1	//Inventory_Ex_Dis
25793	1	1	0	1	1	1	1	1	//Inventory_Ex

//阁胶磐饭捞胶
19195	1	1	0	1	1	1	1	1	//Racing_C_Rune
19196	1	1	0	1	1	1	1	1	//Racing_C_Royal
19197	1	1	0	1	1	1	1	1	//Racing_C_Bishop
19198	1	1	0	1	1	1	1	1	//Racing_C_Sura
19199	1	1	0	1	1	1	1	1	//Racing_C_Ranger
19200	1	1	0	1	1	1	1	1	//Racing_C_Mins
19201	1	1	0	1	1	1	1	1	//Racing_C_Wander
19202	1	1	0	1	1	1	1	1	//Racing_C_Gunner
19203	1	1	0	1	1	1	1	1	//Racing_C_Ninja
19204	1	1	0	1	1	1	1	1	//Racing_C_Super
19205	1	1	0	1	1	1	1	1	//Racing_C_Doram
19189	1	1	0	1	1	1	1	1	//Racing_C_Mecha
19190	1	1	0	1	1	1	1	1	//Racing_C_Gene
19191	1	1	0	1	1	1	1	1	//Racing_C_Cross
19192	1	1	0	1	1	1	1	1	//Racing_C_Chaser
19193	1	1	0	1	1	1	1	1	//Racing_C_Warlock
19194	1	1	0	1	1	1	1	1	//Racing_C_Sorcer
25274	1	1	0	1	0	1	1	1	//Racing_Thx_Ticket
14826	1	1	0	1	1	1	1	1	//Dungeon_Ticket
12515	1	1	0	1	1	1	1	0	//E_Med_Life_Potion
7514	1	1	1	1	0	1	1	1	//Monster_Ticket
25307	1	1	1	1	0	1	1	1	//Private_M_Ticket
19396	1	1	0	1	1	1	1	1	//Racing_C_Star
19397	1	1	0	1	1	1	1	1	//Racing_C_Soul

//墨聪惯胶农费
14616	1	1	0	1	1	1	1	1	//STR_Biscuit_Stick
100787	1	0	0	0	1	1	1	0	//Carnival_Scroll_CH

//葛氰绕厘捞亥飘
19575	1	1	0	1	1	1	1	1	//C_Rising_Black_Dragon
//31818	1	1	0	1	0	1	1	1	//C_TopPlayer_TW
1000554	1	1	1	1	1	1	1	1	//Adven_Coin_CH
100799	1	1	1	1	0	1	1	1	//Call_Mistin_CH

//牡叼胶农费
20582	0	0	0	0	0	1	1	1	//C_T_Bear_Bag
14619	1	1	0	1	1	1	1	1	//INT_Biscuit_Stick
100825	1	0	0	0	1	1	1	1	//Candy_Scroll_CH

//2021羔沸其胶鸥
23907	1	1	1	1	1	1	1	1	//Season_Evt_Reward_5

//狼惑牢忙飘惑磊诀单捞飘19
19866	0	0	0	0	0	1	1	1	//C_Blue_Pajamas_Hat
20156	0	0	0	0	0	1	1	1	//C_Fan_In_Mouth
31730	0	0	0	0	0	1	1	1	//C_Volume_Low_Twin_CB
31933	0	0	0	0	0	1	1	1	//C_Miyabi_Long_Hair_LPP
410055	0	0	0	0	0	1	1	1	//C_Floating_Parasol

//6岿牧刨明
31140	1	1	0	1	0	1	1	1	//C_Cowboy_Hat_B
31141	1	1	0	1	0	1	1	1	//C_Cactus_Corsage

28495	1	1	0	1	0	1	1	1	//Badge_Of_Vigilante1
28496	1	1	0	1	0	1	1	1	//Badge_Of_Vigilante2
25246	1	1	0	1	0	1	1	1	//Juice_Package
25247	1	1	0	1	0	1	1	1	//Violet_Stone
25248	1	1	0	1	0	1	1	1	//Violet_Stone_Box
25249	1	1	0	1	0	1	1	1	//Mane_Of_Cow
25260	1	1	1	1	0	1	1	1	//Violet_Stone_Chip

//沥凯狼芥赣胶农费
31858	0	0	0	0	0	1	1	0	//C_Signon_Prin_Wave_BU
31859	0	0	0	0	0	1	1	0	//C_Signon_Prin_Wave_RD
31860	0	0	0	0	0	1	1	0	//C_Signon_Prin_Wave_YL
31861	0	0	0	0	0	1	1	0	//C_Signon_Prin_Wave_GN
31862	0	0	0	0	0	1	1	0	//C_Signon_Prin_Wave_BL
31863	0	0	0	0	0	1	1	0	//C_Signon_Prin_Wave_WH
31864	0	0	0	0	0	1	1	0	//C_Signon_Prin_Wave_OM
31865	0	0	0	0	0	1	1	0	//C_Signon_Prin_Wave_PP
14617	1	1	0	1	1	1	1	1	//VIT_Biscuit_Stick
100881	1	0	0	0	1	1	1	1	//Summer_Passione_Scroll_

//喉风坷记胶农费
19401	1	0	0	0	1	0	0	0	//Gothic_Heart_Wing_TW
490084	1	0	0	0	1	0	0	0	//Dictator_Ring_TW
14618	1	1	0	1	1	1	1	1	//AGI_Biscuit_Stick
100926	1	0	0	0	1	1	1	1	//BlueOcean_Scroll_CH

//吝惫漂荐捞亥飘
20617	1	1	1	1	1	1	1	1	//C_Wing_Of_Eutaxy

//鉴搬狼 胶农费
14621	1	1	0	1	1	1	1	1	//LUK_Biscuit_Stick
100942	1	0	0	0	1	1	1	1	//Pure_Scroll_CH

19768	0	0	0	0	0	1	1	0	//C_Sakura_Coronet
20022	0	0	0	0	0	1	1	0	//C_Love_Piece
20302	0	0	0	0	0	1	1	1	//C_Beelzebub_Crown
20989	0	0	0	0	0	1	1	1	//C_Mainspring_Screw
31472	0	0	0	0	0	1	1	0	//C_Fairy_Feathers
31765	0	0	0	0	0	1	1	0	//C_Garnet_Tiara
410054	0	0	0	0	0	1	1	1	//C_Long_Ribbon
420034	0	0	0	0	0	1	1	1	//C_Long_Wave_BD

//4林斥 胶农费
101061	1	0	0	0	1	1	1	1	//4Year_Aniv_Scroll_CH

//4wnsus dlqpsxm
5909	1	1	0	1	1	1	1	1	//C_Valkyrie_Circlet
18916	1	1	0	1	1	1	1	1	//Bear_Balloon
19764	1	1	0	1	1	1	1	1	//C_Card_In_The_Mouth

//傈哎磊府 胶农费
101105	1	0	0	0	1	1	1	1	//Scorpion_Scroll_CH

//11? ?? ????
19807	0	0	0	0	0	1	1	1	//C_Majestic_Helmet
20395	0	0	0	0	0	1	1	1	//C_Black_Witch_Hat
20588	0	0	0	0	0	1	1	1	//C_Nifl_Bloom
31314	0	0	0	0	0	1	1	1	//C_Ghost_Holiday
31566	0	0	0	0	0	1	1	1	//C_Stall_Of_Dominions
31803	0	0	0	0	0	1	1	1	//C_Cons_Of_Wind
31846	0	0	0	0	0	1	1	1	//C_Lovely_Ribbon_Hair
31848	0	0	0	0	0	1	1	1	//C_Rose_Gothic_Bonnet
31906	0	0	0	0	0	1	1	1	//C_PGstone_Knit_Hat_PK
400163	0	0	0	0	0	1	1	1	//C_Whale_Cap
410056	0	0	0	0	0	1	1	1	//C_Poulet_TW
440010	0	0	0	0	0	1	1	1	//C_Bear_Head
420016	0	0	0	0	0	1	1	1	//C_Katashiro_Flying

//厚惑 胶农费
22071	0	0	0	0	0	1	1	1	//Applause_Sandal_
31437	0	0	0	0	0	1	1	0	//C_Baby_Penguin
31968	0	0	0	0	0	1	1	1	//C_AB_Hair_BL
32259	1	0	0	0	1	0	0	0	//CannonConverter_TW
101173	1	0	0	0	1	1	1	1	//Fly_Scroll_CH
101174	1	0	0	0	1	1	1	1	//AB_Hair_Box_CH

//12岿 牧刨明
29552	0	0	0	0	0	1	1	0	//Improve_Orb_L_LUK
23772	1	1	1	1	1	1	1	1	//EP17_1_SPC01
23773	1	1	1	1	1	1	1	1	//EP17_1_SPC02
23774	1	1	1	1	1	1	1	1	//EP17_1_SPC03
23775	1	1	1	1	1	1	1	1	//EP17_1_SPC04
25665	1	1	1	1	0	1	1	1	//Dienes_Envelope
25666	1	1	1	1	0	1	1	1	//Id_Card
23328	1	1	1	1	0	1	1	1	//Asha_Vahishta

//家盔 胶农费
480024	1	0	0	0	1	0	0	0	//Subject_Cape_TW
490095	1	0	0	0	1	0	0	0	//Record_Acher_TW
101232	1	0	1	1	1	1	1	1	//Golden_Card_2
101233	1	0	0	0	1	1	1	1	//Wish_Scroll_CH

// 款康磊酒捞袍 眠啊
19429	1	1	0	1	0	1	1	1	//Zarathustra

//阂鸥绰 胶农费
19393	1	0	0	0	0	0	0	0	//Magic_Star_TW
32243	1	0	0	0	0	0	0	0	//Star_Force_Ring_TW
32285	1	0	0	0	1	0	0	0	//Record_Mage_TW
410095	0	0	0	0	0	0	0	1	//C_White_Cat_On_Shoulder
420087	1	0	0	0	1	0	0	0	//Magic_Circle_TW
101281	1	0	0	0	1	1	1	1	//RK_Hair_Box_CH
101282	1	0	0	0	1	1	1	1	//EXP_Shadow_Cube
101296	1	0	0	0	1	1	1	1	//Burning_Scroll_CH

//汲 捞亥飘
19454	1	1	0	1	0	1	1	1	//Poring_Letter_TW
31665	1	1	0	1	0	1	1	1	//C_GoldPoring_Hat_TW

//1岿 狼惑 酒捞袍
20593	0	0	0	0	0	1	1	1	//C_Ice_Wing
31440	0	0	0	0	0	1	1	1	//C_Snow_Bear_Food
31460	0	0	0	0	0	1	1	1	//C_Blessing_Sky_Lantern
31698	0	0	0	0	0	1	1	1	//C_Pigtail_Red_Hood
31766	0	0	0	0	0	1	1	1	//C_Peony_Hair_Ornament
31851	0	0	0	0	0	1	1	1	//C_Phalanx

//钮乔靛 胶农费
15367	0	0	0	0	1	0	0	0	//Astraea_Armor
15374	0	0	0	0	0	1	1	0	//lunar_eclipse_Armor_
20905	1	0	0	0	0	0	0	0	//Astrea_Cape
22167	1	0	0	0	0	0	0	0	//Astraea_Shoes
32219	1	0	0	0	0	0	0	0	//Astraea_Ring
32287	1	0	0	0	1	0	0	0	//Record_Thief_TW
400075	1	0	0	0	1	0	0	0	//Astraea_Helm_TW
490086	1	0	0	0	1	0	0	0	//Eclipsedefmind_TW
101334	1	0	0	0	1	1	1	1	//Cupid_Scroll_CH

//2岿 牧刨明 诀单捞飘 捞亥飘
20615	1	1	0	1	1	1	1	1	//C_School_Bag_BU
1000282	1	1	0	1	1	1	1	1	//EpisodClear16

//3岿 狼惑酒捞袍
15851	0	0	0	0	0	1	1	1	//C_Freyja_Crown_J
20164	0	0	0	0	0	1	1	1	//C_Duneyrr_Helm
20432	0	0	0	0	0	1	1	1	//C_Khalitzburg_KN_Helm
31733	0	0	0	0	0	1	1	1	//C_Phantom_Of_Masquerade
31827	0	0	0	0	0	1	1	1	//C_Durumagi
410063	0	0	0	0	0	1	1	1	//C_Cherry_Ribbon
410068	0	0	0	0	0	1	1	1	//C_Fish_Marche
420010	0	0	0	0	0	1	1	1	//C_Cons_Of_Darkness
480052	0	0	0	0	0	1	1	1	//C_Sakura_Fes_TW
480129	0	0	0	0	0	1	1	1	//C_Triple_Ice_Cream

//乞拳狼 胶农费
32286	1	0	0	0	1	0	0	0	//Record_Merchant_TW
490030	1	0	0	0	1	0	0	0	//Temporal_Ring_TW
400022	1	0	0	0	1	0	0	0	//Ignis_CapK
400061	1	0	0	0	1	0	0	0	//Sagittarius_DiademK
101392	1	0	0	0	1	1	1	1	//Peace_Scroll_CH

//4岿 狼惑酒捞袍
15888	0	0	0	0	0	1	1	1	//C_Hand_Of_Devil
19812	0	0	0	0	0	1	1	1	//C_Large_Hibiscus
20486	0	0	0	0	0	1	1	1	//C_Twin_Margaret
20489	0	0	0	0	0	1	1	1	//C_Pope_Crown
20515	0	0	0	0	0	1	1	1	//C_Magic_Circle
20571	0	0	0	0	0	1	1	1	//C_Valkyrie_Wing
31382	0	0	0	0	0	1	1	1	//C_Cat_Ears_Punkish
400225	0	0	0	0	0	1	1	1	//C_Fluffy_Rabbit_Cape
410029	0	0	0	0	0	1	1	1	//C_Wonder_Egg_Basket
420067	0	0	0	0	0	1	1	1	//C_Hopping_Twin_Pigtail
31415	0	0	0	0	0	1	1	1	//C_Wanderer_Sakkat

//扑能绵力
420074	1	1	1	1	0	1	1	1	//Limesoda_In_Mouth
100790	1	1	1	1	0	1	1	1	//Season_Evt_Reward_6
100816	1	1	1	1	0	1	1	1	//Summer_Energy

//檬焊磊瘤盔
19218	1	1	1	1	0	1	1	1	//Time_Keeper_Glasses
28511	1	1	1	1	0	1	1	1	//Time_Keeper_Ring
12802	1	1	1	1	1	1	1	1	//Time_Guardian_Box
22521	1	1	1	1	1	1	1	1	//80LVUP
22522	1	1	1	1	1	1	1	1	//100LVUP
22523	1	1	1	1	1	1	1	1	//120LVUP
22525	1	1	1	1	1	1	1	1	//140LVUP
22527	1	1	1	1	1	1	1	1	//160LVUP
23097	1	1	1	1	1	1	1	1	//Time_Guardian_Box2
23098	1	1	1	1	1	1	1	1	//Assorted_ShdowBox
23267	1	1	1	1	1	1	1	1	//1LVUP
23268	1	1	1	1	1	1	1	1	//10LVUP
23269	1	1	1	1	1	1	1	1	//20LVUP
23270	1	1	1	1	1	1	1	1	//30LVUP
23271	1	1	1	1	1	1	1	1	//40LVUP
23272	1	1	1	1	1	1	1	1	//50LVUP
23273	1	1	1	1	1	1	1	1	//60LVUP
23274	1	1	1	1	1	1	1	1	//70LVUP
23275	1	1	1	1	1	1	1	1	//90LVUP
23276	1	1	1	1	1	1	1	1	//175LVUP
11569	1	1	1	1	0	1	1	1	//Orange_Potion_B
11574	1	1	1	1	0	1	1	1	//Yellow_Slim_Potion_B
23012	1	1	1	1	0	1	1	1	//Comp_Small_Mana_Potion
23048	1	1	1	1	0	1	1	1	//Comp_Regenerate_Potion
23504	1	1	1	1	1	1	1	1	//Orange_Potion_B_20
11566	1	1	1	1	0	1	1	1	//Yellow_Potion_B

// 快雀搬力侩 内牢
101668	1	0	0	1	1	0	1	1	//Silvervine_Coin_CN

// 采乔绰 胶农费
32288	1	0	0	0	1	0	0	0	//Record_Acol_TW
480076	1	0	0	0	1	0	0	0	//Temporal_Cape_TW
101732	1	0	0	0	1	1	1	1	//Blossom_Scroll_CH

// 20林斥 扁充 酒捞袍
400309	1	1	0	1	1	1	1	1	//C_20th_Anniversary_Hat

// 5岿 狼惑酒捞袍
19537	0	0	0	0	0	1	1	1	//C_Gryphon_Hat
19800	0	0	0	0	0	1	1	1	//C_Carnation_Hairband
19867	0	0	0	0	0	1	1	1	//C_Pink_Pajamas_Hat
19930	0	0	0	0	0	1	1	1	//C_Angel_Mini_Silk_Hat
20605	0	0	0	0	0	1	1	1	//C_Leaf_Umbrella
31031	0	0	0	0	0	1	1	1	//C_Tare_Pope_Casual
31162	0	0	0	0	0	1	1	1	//C_Shaving_Foam
31302	0	0	0	0	0	1	1	1	//C_Black_Magenta_Ribbon
31451	0	0	0	0	0	1	1	1	//C_Blue_Frill_Ribbon
31479	0	0	0	0	0	1	1	1	//C_ManyStars_TW
31574	0	0	0	0	0	1	1	1	//C_Cyber_Income
400254	0	0	0	0	0	1	1	1	//C_Gothic_Heart_Wing_V

// 9岿 牧刨明
6699	1	1	1	1	0	1	1	1	//Silence_Of_God
6700	1	1	1	1	0	1	1	1	//White_Scale
6701	1	1	1	1	0	1	1	1	//Treasure_Of_Dvergr
6702	1	1	1	1	0	1	1	1	//Sweat_Of_Dvergr
6703	1	1	1	1	0	1	1	1	//Tear_Of_Warrior
6704	1	1	1	1	0	1	1	1	//Anger_Of_Warrior
6705	1	1	1	1	0	1	1	1	//Medal_Of_Honor
6706	1	1	1	1	0	1	1	1	//Flower_Of_Guardian

// 父岿 胶农费
490094	1	0	0	0	1	0	0	0	//Record_Sward_TW
101811	1	0	0	0	1	1	1	1	//Fullmoon_Scroll_CH

// 5林斥 扁充 胶农费
32245	1	0	0	0	0	0	0	0	//RingOfThought_TW
450135	1	0	0	0	0	0	0	0	//Bloody_Celine_Dress_TW
101838	1	0	0	0	1	1	1	1	//5Year_Aniv_Scroll_CH

//5林斥 扁充 捞亥飘
19215	1	1	0	1	0	1	1	1	//Doram_Balloon
24584	1	1	1	1	0	1	1	1	//S_Booster_Armor
24585	1	1	1	1	0	1	1	1	//S_Booster_Shield
24586	1	1	1	1	0	1	1	1	//S_Booster_Shoes
24587	1	1	1	1	0	1	1	1	//S_Booster_Earing
24588	1	1	1	1	0	1	1	1	//S_Booster_Pandent
24589	1	1	1	1	0	1	1	1	//S_RK_B_Weapon
24590	1	1	1	1	0	1	1	1	//S_LG_B_Weapon
24591	1	1	1	1	0	1	1	1	//S_NC_B_Weapon
24592	1	1	1	1	0	1	1	1	//S_GN_B_Weapon
24593	1	1	1	1	0	1	1	1	//S_GC_B_Weapon
24594	1	1	1	1	0	1	1	1	//S_SC_B_Weapon
24595	1	1	1	1	0	1	1	1	//S_WL_B_Weapon
24596	1	1	1	1	0	1	1	1	//S_SO_B_Weapon
24597	1	1	1	1	0	1	1	1	//S_AB_B_Weapon
24598	1	1	1	1	0	1	1	1	//S_SR_B_Weapon
24599	1	1	1	1	0	1	1	1	//S_RA_B_Weapon
24600	1	1	1	1	0	1	1	1	//S_WM_B_Weapon
430000	1	1	1	1	0	1	1	1	//Rent_Rune_HairBand_TW
400188	1	1	0	1	1	1	1	1	//C_Evt_RagFes_band
410082	1	1	0	1	1	1	1	1	//C_BirthDay_Balloon_TW
31679	1	1	0	1	1	1	1	1	//C_Pig_Boy_TW
31678	1	1	0	1	1	1	1	1	//C_Pig_Girl_TW
100838	1	1	0	1	1	1	1	1	//Booster_W_SH_Box_TW
100107	1	1	0	1	1	1	1	1	//ReturnUserGift_TW

// 敝 妮扼焊
101879	1	1	0	1	1	1	1	1	//Citrus_Collabo_CN

//11岿 狼惑 酒捞袍
19850	0	0	0	0	0	1	1	1	//C_Bongun_Hat
20021	0	0	0	0	0	1	1	1	//C_Heart_Ribbon_Band
31178	0	0	0	0	0	1	1	1	//C_Flame_Muffler
31291	0	0	0	0	0	1	1	1	//C_Adv_Dev_SchCap
31674	0	0	0	0	0	1	1	1	//C_Jitterbug_Cap
400185	0	0	0	0	0	1	1	1	//C_Red_Tiger_Mask
400204	0	0	0	0	0	1	1	1	//C_Cat_Ear_Red_Hat_TW
400259	0	0	0	0	0	1	1	1	//C_Notation_Hairband
410049	0	0	0	0	0	1	1	1	//C_Blink_Eyes_Golden
410060	0	0	0	0	0	1	1	1	//C_Ghost_Bat_TW
420140	0	0	0	0	0	1	1	1	//C_Alpha_Long_Pony
480119	0	0	0	0	0	1	1	1	//C_Niflheim_Key

//10岿 辑橇扼捞令 胶农费
400086	1	0	0	0	1	0	0	0	//2020maypay_04
400087	1	0	0	0	1	0	0	0	//2020maypay_05
101901	1	0	0	0	1	1	1	1	//Surprise_Scroll_CH
480169	0	0	0	0	0	1	1	1	//C_Diabolic_Rock_Guitar

//券惑狼 付绊府墨
1000957	1	1	1	1	1	1	1	1	//Piece_Of_Magorica_E
1000958	1	1	1	1	1	1	1	1	//Piece_Of_Magorica_S
1000980	1	1	1	1	1	1	1	1	//Old_Book
1000981	1	1	1	1	1	1	1	1	//Book_Of_Illusion
1000982	1	1	1	1	1	1	1	1	//Page_Of_Illusion

//11岿 荤充狼 胶农费
400083	1	0	0	0	1	0	0	0	//2020maypay_01
400084	1	0	0	0	1	0	0	0	//2020maypay_02
400085	1	0	0	0	1	0	0	0	//2020maypay_03
470095	1	0	0	0	0	0	0	0	//Destroy_World_Boots
102003	1	0	0	0	1	1	1	1	//Thought_Scroll_CH

// 12岿 牧刨明
25240	1	1	0	1	1	1	1	1	//Independence_Permit
6026	1	1	0	1	1	1	1	1	//Marriage_Covenant
19474	1	1	0	1	0	1	1	1	//S_Circlet_Of_Time_RK
19475	1	1	0	1	0	1	1	1	//S_Circlet_Of_Time_LG
19476	1	1	0	1	0	1	1	1	//S_Circlet_Of_Time_NC
19477	1	1	0	1	0	1	1	1	//S_Circlet_Of_Time_GN
19478	1	1	0	1	0	1	1	1	//S_Circlet_Of_Time_GC
19479	1	1	0	1	0	1	1	1	//S_Circlet_Of_Time_SC
19480	1	1	0	1	0	1	1	1	//S_Circlet_Of_Time_AB
19481	1	1	0	1	0	1	1	1	//S_Circlet_Of_Time_SR
19482	1	1	0	1	0	1	1	1	//S_Circlet_Of_Time_WL
19483	1	1	0	1	0	1	1	1	//S_Circlet_Of_Time_SO
19484	1	1	0	1	0	1	1	1	//S_Circlet_Of_Time_RA
19485	1	1	0	1	0	1	1	1	//S_Circlet_Of_Time_WM
19486	1	1	0	1	0	1	1	1	//S_Circlet_Of_Time_SJ
19487	1	1	0	1	0	1	1	1	//S_Circlet_Of_Time_SP
19488	1	1	0	1	0	1	1	1	//S_Circlet_Of_Time_RL
19489	1	1	0	1	0	1	1	1	//S_Circlet_Of_Time_OB
19490	1	1	0	1	0	1	1	1	//S_Circlet_Of_Time_KG
19491	1	1	0	1	0	1	1	1	//S_Circlet_Of_Time_NV
19492	1	1	0	1	0	1	1	1	//S_Circlet_Of_Time_SU

// 2022 农府胶付胶 捞亥飘
480088	1	0	0	0	0	0	0	0	//Ultio_Cape_TW
480221	0	0	0	0	0	1	1	1	//C_Ninetail_Tail
490097	1	0	0	0	1	0	0	0	//TimeOverloadRing_TW
102111	1	0	0	0	1	1	1	1	//2022_Cristmas_Scroll_CH

//12岿 狼惑酒捞袍
19522	0	0	0	0	1	1	1	1	//Mini_Crown1
19676	0	0	0	0	0	1	1	1	// C_Rainbow_Poring_Hat
20014	0	0	0	0	0	1	1	1	// Lincoln_Hat
20335	0	0	0	0	0	1	1	1	// C_Teardrop
20433	0	0	0	0	0	1	1	1	// C_Louise_Red_Hat
31439	0	0	0	0	0	1	1	1	// C_Fluffy_Heart_Earmuffs
400253	0	0	0	0	0	1	1	1	// C_Macaron_Bunny_Head
400277	0	0	0	0	0	1	1	1	// C_Felock_Cap_
410048	0	0	0	0	0	1	1	1	// C_Tiger
420047	0	0	0	0	0	1	1	1	// C_H_Knight_Cloak
420077	0	0	0	0	0	1	1	1	// C_Cat_Footprints
420156	0	0	0	0	0	1	1	1	// C_Flower_L_Knitting
480071	0	0	0	0	0	1	1	1	// C_Calabash
480177	0	0	0	0	0	1	1	1	// C_Clutch_Bouquet

//脚斥&农府胶付胶 捞亥飘
31132	1	1	0	1	0	1	1	1	//C_Christmas_Wreath
400232	1	1	0	1	0	1	1	1	//C_Crushed_Snow_Man

//汲 捞亥飘
20439	1	1	0	1	0	1	1	1	//C_Glow_Of_New_Year
31105	1	1	0	1	0	1	1	1	//C_RoCelebrationHat
23729	1	1	0	1	0	1	1	1	//E_Eirs_Blessing
23732	1	1	0	1	0	1	1	1	//E_Mimir_Spring_W
23733	1	1	0	1	0	1	1	1	//E_Baldrs_Blessing

//汲嘎捞 胶农费
450175	1	0	0	0	0	0	0	0	//Temporal_Armor_TW
480158	0	0	0	0	0	1	1	1	//C_Lunatic_Bag
22750	0	0	0	0	0	1	1	0	//Trans_Scroll_Sca
22751	0	0	0	0	0	1	1	0	//Trans_Scroll_Wander
22752	0	0	0	0	0	1	1	0	//Trans_Scroll_Gazeti
22753	0	0	0	0	0	1	1	0	//Trans_Scroll_Karcher
22754	0	0	0	0	0	1	1	0	//Trans_Scroll_Necro
22755	0	0	0	0	0	1	1	0	//Trans_Scroll_Wghost
23204	1	1	0	1	1	1	1	1	//M_DEFScroll
102188	1	0	0	0	1	1	1	1	//2023_NY_Scroll_CN

//崔霓捞 胶农费
470098	1	0	0	0	1	0	0	0	//EC_Boots_TW
102242	1	0	0	0	1	1	1	1	//Sweet_Scroll_CN

//2岿 狼惑 酒捞袍
15882	0	0	0	0	0	1	1	1	//C_Rhythm_Hairband
19817	0	0	0	0	0	1	1	1	//C_Ifrits_Breath
19826	0	0	0	0	0	1	1	1	//C_Ice_Wing_Ear
20067	0	0	0	0	0	1	1	1	//C_Whrabbit_Hband
20106	0	0	0	0	0	1	1	1	//C_Classic_Hat
20440	0	0	0	0	0	1	1	1	//C_Tone_Of_Gold
20589	0	0	0	0	0	1	1	1	//C_Gimmick_One_Feather
31180	0	0	0	0	0	1	1	1	//C_Shura_King_Pledge
31433	0	0	0	0	0	1	1	1	//C_Astro_Circle
31787	0	0	0	0	0	1	1	1	//C_SavageB_On_Shoulder
31799	0	0	0	0	0	1	1	1	//C_Pretty_Bear_WH
400197	0	0	0	0	0	1	1	1	//C_Sweet_Chef_Hat

// 3岿 牧刨明
9514	1	1	1	1	0	1	1	1	//Ein_Ddbox
9529	1	1	1	1	0	1	1	1	//Ein_Ddbox2
23985	1	1	1	1	0	1	1	1	//Abyss_itembox
23986	1	1	1	1	0	1	1	1	//Odin_itembox
100142	1	1	1	1	0	1	1	1	//Abyss_Ddbox2
400124	1	1	0	1	0	1	1	1	//C_Magestic_Goat2

// 孩采 胶农费
19299	0	0	0	0	0	1	1	1	//Tree_Of_Sprout_JP
28517	0	0	0	0	0	1	1	1	//Ring_Of_The_Abyss_King
1000620	1	0	0	0	1	1	1	1	//Timeoverload_Power_TW
102289	1	0	0	0	1	1	1	1	//WL_Hair_Box_CN
102290	1	0	0	0	1	1	1	1	//CherryBlossom_Scroll_CN

// 3岿 狼惑 酒捞袍
20049	0	0	0	0	0	1	1	1	//C_Plaster
20196	0	0	0	0	0	1	1	1	//C_Leopard_Ear_Hat
19569	0	0	0	0	0	1	1	1	//C_Sprout_Hat
19584	0	0	0	0	0	1	1	1	//C_Pirate_Dagger
19755	0	0	0	0	0	1	1	1	//C_YinYang_Earring
19758	0	0	0	0	0	1	1	1	//C_King_Frog_Hat
19810	0	0	0	0	0	1	1	1	//C_Ifrit's_Ear
31290	0	0	0	0	0	1	1	1	//C_Adv_Ang_SchCap
31475	0	0	0	0	0	1	1	1	//C_Black_Fox_Ear_Ribbon
31545	0	0	0	0	0	1	1	1	//C_Eremes_Scarf_BU
480127	0	0	0	0	0	1	1	1	//C_Hooked_Straw_Hat
20004	0	0	0	0	0	1	1	1	//C_Big_Golden_Bell

// 3岿 诀单捞飘 捞亥飘
31818	1	1	0	1	0	1	1	1	//C_TopPlayer_TW
400143	1	1	0	1	0	1	1	1	//C_Asgard_Circlet_TW
440008	1	1	0	1	0	1	1	1	//C_Master
100098	1	0	0	0	1	0	0	0	//RTC_EnergyDrink_TW

// 檬岿 胶农费
490198	1	0	0	0	1	0	0	0	//Record_Acher2_TW
102314	1	0	0	0	1	1	1	1	//Transcend_Scroll_CN
